school_id,school_name,year,province,batch,subject,major_group,major,score,rank,plan
100,南京工程学院,2025,内蒙,本科批,历史类,,,538,5172,
101,太原科技大学,2025,内蒙,本科批,历史类,,,552,4584,
103,湖南工程学院,2025,内蒙,本科批,历史类,,,546,5172,
104,河南科技大学,2025,内蒙,本科批,历史类,,,528,3485,
105,西北工业大学,2025,内蒙,本科批,历史类,,,631,431,
107,哈尔滨工业大学,2025,内蒙,本科批,历史类,,,635,370,
109,重庆师范大学,2025,内蒙,本科批,历史类,,,569,3359,
110,乐山师范学院,2025,内蒙,本科批,历史类,,,490,11038,
112,邯郸学院,2025,内蒙,本科批,历史类,,,504,9451,
116,北华航天工业学院,2025,内蒙,本科批,历史类,,,450,10554,
119,北京航空航天大学,2025,内蒙,本科批,历史类,,,644,199,
124,烟台南山学院,2025,内蒙,本科批,历史类,,,446,16745,
126,长沙理工大学,2025,内蒙,本科批,历史类,,,585,2115,
127,常州大学,2025,内蒙,本科批,历史类,,,533,4658,
128,大连医科大学,2025,内蒙,本科批,历史类,,,580,2646,
131,华北电力大学(保定),2025,内蒙,本科批,历史类,,,594,1669,
132,东北电力大学,2025,内蒙,本科批,历史类,,,533,6310,
134,华北电力大学(北京),2025,内蒙,本科批,历史类,,,608,1006,
137,上海海事大学,2025,内蒙,本科批,历史类,,,581,2068,
14,晋中学院,2025,内蒙,本科批,历史类,,,485,11157,
141,盐城师范学院,2025,内蒙,本科批,历史类,,,540,5666,
144,河海大学,2025,内蒙,本科批,历史类,,,604,1219,
146,江西水利电力大学,2025,内蒙,本科批,历史类,,,500,9326,
147,福建农林大学,2025,内蒙,本科批,历史类,,,559,4087,
148,中国海洋大学,2025,内蒙,本科批,历史类,,,614,563,
15,忻州师范学院,2025,内蒙,本科批,历史类,,,479,7312,
150,沈阳建筑大学,2025,内蒙,本科批,历史类,,,534,6226,
151,周口师范学院,2025,内蒙,本科批,历史类,,,484,9326,
154,云南民族大学,2025,内蒙,本科批,历史类,,,532,6310,
157,河北地质大学,2025,内蒙,本科批,历史类,,,514,7617,
159,长江师范学院,2025,内蒙,本科批,历史类,,,524,7214,
16,辽宁师范大学,2025,内蒙,本科批,历史类,,,509,6045,
160,中国地质大学(北京),2025,内蒙,本科批,历史类,,,607,1219,
161,德州学院,2025,内蒙,本科批,历史类,,,470,13551,
162,中国地质大学(武汉),2025,内蒙,本科批,历史类,,,608,859,
164,文华学院,2025,内蒙,本科批,历史类,,,465,12683,
165,山东英才学院,2025,内蒙,本科批,历史类,,,436,18135,
167,辽宁科技大学,2025,内蒙,本科批,历史类,,,513,7214,
17,西南政法大学,2025,内蒙,本科批,历史类,,,598,1486,
170,北京科技大学,2025,内蒙,本科批,历史类,,,612,793,
175,枣庄学院,2025,内蒙,本科批,历史类,,,515,8156,
176,西安交通工程学院,2025,内蒙,本科批,历史类,,,439,16205,
18,西北政法大学,2025,内蒙,本科批,历史类,,,563,563,
182,东北大学秦皇岛分校,2025,内蒙,本科批,历史类,,,619,820,
186,哈尔滨工业大学(深圳),2025,内蒙,本科批,历史类,,,627,397,
187,电子科技大学,2025,内蒙,本科批,历史类,,,621,613,
19,中国政法大学,2025,内蒙,本科批,历史类,,,619,27,
190,吉林工商学院,2025,内蒙,本科批,历史类,,,494,7117,
191,贵州民族大学,2025,内蒙,本科批,历史类,,,506,5666,
192,南京工业大学,2025,内蒙,本科批,历史类,,,573,2827,
193,陇东学院,2025,内蒙,本科批,历史类,,,482,11683,
196,吉林警察学院,2025,内蒙,本科批,历史类,,,525,6432,
197,山东理工大学,2025,内蒙,本科批,历史类,,,532,5172,
198,沈阳理工大学,2025,内蒙,本科批,历史类,,,524,7012,
199,北京理工大学,2025,内蒙,本科批,历史类,,,639,270,
20,中南财经政法大学,2025,内蒙,本科批,历史类,,,607,563,
201,长春理工大学,2025,内蒙,本科批,历史类,,,496,3359,
202,中北大学,2025,内蒙,本科批,历史类,,,543,3855,
208,广东金融学院,2025,内蒙,本科批,历史类,,,550,4087,
21,大连民族大学,2025,内蒙,本科批,历史类,,,526,4087,
210,北京化工大学,2025,内蒙,本科批,历史类,,,610,894,
211,青岛科技大学,2025,内蒙,本科批,历史类,,,558,3627,
217,上海应用技术大学,2025,内蒙,本科批,历史类,,,528,4911,
218,哈尔滨信息工程学院,2025,内蒙,本科批,历史类,,,456,15378,
219,天津工业大学,2025,内蒙,本科批,历史类,,,557,1814,
222,西安医学院,2025,内蒙,本科批,历史类,,,506,8971,
223,郑州轻工业大学,2025,内蒙,本科批,历史类,,,522,6622,
227,南昌工学院,2025,内蒙,本科批,历史类,,,436,14602,
228,景德镇陶瓷大学,2025,内蒙,本科批,历史类,,,512,6226,
229,天津科技大学,2025,内蒙,本科批,历史类,,,551,2827,
231,西安邮电大学,2025,内蒙,本科批,历史类,,,571,2287,
237,西南交通大学,2025,内蒙,本科批,历史类,,,606,1057,
238,大连交通大学,2025,内蒙,本科批,历史类,,,544,3558,
24,上海财经大学,2025,内蒙,本科批,历史类,,,636,330,
241,兰州交通大学,2025,内蒙,本科批,历史类,,,554,3267,
243,北京交通大学,2025,内蒙,本科批,历史类,,,619,643,
244,石家庄铁道大学,2025,内蒙,本科批,历史类,,,541,2353,
246,伊犁师范大学,2025,内蒙,本科批,历史类,,,461,13173,
25,中央财经大学,2025,内蒙,本科批,历史类,,,621,199,
250,大连海事大学,2025,内蒙,本科批,历史类,,,590,1303,
252,山东交通学院,2025,内蒙,本科批,历史类,,,513,7617,
253,武汉理工大学,2025,内蒙,本科批,历史类,,,596,1182,
26,东北财经大学,2025,内蒙,本科批,历史类,,,564,1434,
260,中央美术学院,2025,内蒙,本科批,历史类,,,537,2068,
269,中国传媒大学,2025,内蒙,本科批,历史类,,,617,539,
27,江西财经大学,2025,内蒙,本科批,历史类,,,589,1219,
271,浙江传媒学院,2025,内蒙,本科批,历史类,,,575,1868,
273,中央戏剧学院,2025,内蒙,本科批,历史类,,,595,1814,
274,上海戏剧学院,2025,内蒙,本科批,历史类,,,552,2165,
276,北京外国语大学,2025,内蒙,本科批,历史类,,,611,254,
277,上海外国语大学,2025,内蒙,本科批,历史类,,,588,754,
278,长安大学,2025,内蒙,本科批,历史类,,,596,1530,
279,中山大学,2025,内蒙,本科批,历史类,,,631,177,
281,北京语言大学,2025,内蒙,本科批,历史类,,,510,1530,
282,南京大学,2025,内蒙,本科批,历史类,,,657,51,
283,东南大学,2025,内蒙,本科批,历史类,,,641,254,
284,大连理工大学,2025,内蒙,本科批,历史类,,,612,859,
285,西安交通大学,2025,内蒙,本科批,历史类,,,647,160,
286,中国人民大学,2025,内蒙,本科批,历史类,,,661,15,
287,东华大学,2025,内蒙,本科批,历史类,,,606,1219,
288,江南大学,2025,内蒙,本科批,历史类,,,567,963,
289,四川大学,2025,内蒙,本科批,历史类,,,636,254,
29,西安财经大学,2025,内蒙,本科批,历史类,,,569,2770,
290,重庆大学,2025,内蒙,本科批,历史类,,,590,312,
291,东北大学,2025,内蒙,本科批,历史类,,,614,754,
292,浙江大学,2025,内蒙,本科批,历史类,,,659,51,
293,三峡大学,2025,内蒙,本科批,历史类,,,536,4355,
294,清华大学,2025,内蒙,本科批,历史类,,,681,12,
295,燕山大学,2025,内蒙,本科批,历史类,,,565,3007,
296,兰州大学,2025,内蒙,本科批,历史类,,,613,539,
297,吉林大学,2025,内蒙,本科批,历史类,,,614,228,
298,厦门大学,2025,内蒙,本科批,历史类,,,635,119,
299,江苏大学,2025,内蒙,本科批,历史类,,,586,2287,
3,中央民族大学,2025,内蒙,本科批,历史类,,,530,563,
300,山东大学,2025,内蒙,本科批,历史类,,,620,228,
301,湖南大学,2025,内蒙,本科批,历史类,,,625,431,
302,南开大学,2025,内蒙,本科批,历史类,,,648,119,
303,天津大学,2025,内蒙,本科批,历史类,,,635,370,
304,北京大学,2025,内蒙,本科批,历史类,,,675,12,
305,武汉大学,2025,内蒙,本科批,历史类,,,652,85,
306,济南大学,2025,内蒙,本科批,历史类,,,570,2531,
307,北京师范大学,2025,内蒙,本科批,历史类,,,650,92,
308,复旦大学,2025,内蒙,本科批,历史类,,,665,16,
309,同济大学,2025,内蒙,本科批,历史类,,,645,177,
31,南京审计大学,2025,内蒙,本科批,历史类,,,594,1303,
310,上海交通大学,2025,内蒙,本科批,历史类,,,654,31,
311,华东理工大学,2025,内蒙,本科批,历史类,,,602,1353,
312,中南大学,2025,内蒙,本科批,历史类,,,629,397,
313,山东大学威海分校,2025,内蒙,本科批,历史类,,,629,510,
314,唐山学院,2025,内蒙,本科批,历史类,,,521,7500,
316,河北师范大学,2025,内蒙,本科批,历史类,,,579,2225,
317,南京师范大学,2025,内蒙,本科批,历史类,,,606,1139,
320,陕西师范大学,2025,内蒙,本科批,历史类,,,598,1669,
321,东北师范大学,2025,内蒙,本科批,历史类,,,550,793,
322,商丘师范学院,2025,内蒙,本科批,历史类,,,476,8753,
324,华中师范大学,2025,内蒙,本科批,历史类,,,601,1057,
325,云南师范大学,2025,内蒙,本科批,历史类,,,526,6432,
327,苏州大学,2025,内蒙,本科批,历史类,,,620,723,
329,江西师范大学,2025,内蒙,本科批,历史类,,,583,2414,
33,大连外国语大学,2025,内蒙,本科批,历史类,,,533,3627,
333,咸阳师范学院,2025,内蒙,本科批,历史类,,,507,9096,
335,成都体育学院,2025,内蒙,本科批,历史类,,,511,2470,
336,沈阳体育学院,2025,内蒙,本科批,历史类,,,496,8156,
338,北京体育大学,2025,内蒙,本科批,历史类,,,595,1102,
340,玉溪师范学院,2025,内蒙,本科批,历史类,,,485,11557,
342,闽南理工学院,2025,内蒙,本科批,历史类,,,452,11557,
343,齐齐哈尔大学,2025,内蒙,本科批,历史类,,,521,7012,
346,长春工业大学,2025,内蒙,本科批,历史类,,,513,4273,
349,长春建筑学院,2025,内蒙,本科批,历史类,,,433,17852,
35,西南财经大学,2025,内蒙,本科批,历史类,,,609,480,
353,曲靖师范学院,2025,内蒙,本科批,历史类,,,496,10130,
354,上海海关学院,2025,内蒙,本科批,历史类,,,557,3359,
356,长春科技学院,2025,内蒙,本科批,历史类,,,448,15378,
358,成都信息工程大学,2025,内蒙,本科批,历史类,,,547,4823,
36,牡丹江师范学院,2025,内蒙,本科批,历史类,,,473,10917,
362,中国民用航空飞行学院,2025,内蒙,本科批,历史类,,,527,4175,
363,中国民航大学,2025,内蒙,本科批,历史类,,,578,1486,
367,南昌理工学院,2025,内蒙,本科批,历史类,,,431,16617,
368,北京第二外国语学院,2025,内蒙,本科批,历史类,,,573,2017,
370,吉林动画学院,2025,内蒙,本科批,历史类,,,426,17309,
371,河北科技学院,2025,内蒙,本科批,历史类,,,424,19778,
373,北京印刷学院,2025,内蒙,本科批,历史类,,,533,2941,
377,暨南大学,2025,内蒙,本科批,历史类,,,603,1139,
378,华侨大学,2025,内蒙,本科批,历史类,,,542,2225,
38,河北金融学院,2025,内蒙,本科批,历史类,,,396,7312,
380,哈尔滨职业技术大学,2025,内蒙,本科批,历史类,,,473,13173,
381,吉林财经大学,2025,内蒙,本科批,历史类,,,519,3007,
384,华东政法大学,2025,内蒙,本科批,历史类,,,608,1057,
390,中国药科大学,2025,内蒙,本科批,历史类,,,610,1139,
394,郑州工业应用技术学院,2025,内蒙,本科批,历史类,,,453,15792,
395,黄河科技学院,2025,内蒙,本科批,历史类,,,471,13173,
399,北京中医药大学,2025,内蒙,本科批,历史类,,,601,160,
4,西北民族大学,2025,内蒙,本科批,历史类,,,375,5002,
404,湖南文理学院,2025,内蒙,本科批,历史类,,,527,6310,
405,厦门理工学院,2025,内蒙,本科批,历史类,,,549,4355,
406,井冈山大学,2025,内蒙,本科批,历史类,,,492,9451,
409,江苏科技大学,2025,内蒙,本科批,历史类,,,587,2225,
41,哈尔滨金融学院,2025,内蒙,本科批,历史类,,,497,5330,
410,哈尔滨工程大学,2025,内蒙,本科批,历史类,,,599,1353,
411,河南医药大学,2025,内蒙,本科批,历史类,,,459,14867,
418,临沂大学,2025,内蒙,本科批,历史类,,,508,7617,
42,安徽师范大学,2025,内蒙,本科批,历史类,,,546,2531,
421,九江学院,2025,内蒙,本科批,历史类,,,474,12683,
423,湖南理工学院,2025,内蒙,本科批,历史类,,,517,5963,
424,桂林理工大学,2025,内蒙,本科批,历史类,,,492,10434,
425,昆明理工大学,2025,内蒙,本科批,历史类,,,531,6528,
427,北方工业大学,2025,内蒙,本科批,历史类,,,592,1756,
428,江西理工大学,2025,内蒙,本科批,历史类,,,527,5244,
429,长春师范大学,2025,内蒙,本科批,历史类,,,470,5498,
430,长春工程学院,2025,内蒙,本科批,历史类,,,413,10321,
431,大连科技学院,2025,内蒙,本科批,历史类,,,438,16073,
435,中国石油大学(北京),2025,内蒙,本科批,历史类,,,604,1392,
437,沈阳城市建设学院,2025,内蒙,本科批,历史类,,,432,18556,
438,西安石油大学,2025,内蒙,本科批,历史类,,,527,6904,
439,中国石油大学(华东),2025,内蒙,本科批,历史类,,,606,1182,
44,宜春学院,2025,内蒙,本科批,历史类,,,534,6226,
440,东北石油大学,2025,内蒙,本科批,历史类,,,575,2941,
441,上海大学,2025,内蒙,本科批,历史类,,,605,923,
446,三峡大学科技学院,2025,内蒙,本科批,历史类,,,486,10223,
447,山东工商学院,2025,内蒙,本科批,历史类,,,467,4441,
449,赣南科技学院,2025,内蒙,本科批,历史类,,,485,10223,
45,重庆工商大学,2025,内蒙,本科批,历史类,,,562,3198,
450,辽宁工程技术大学,2025,内蒙,本科批,历史类,,,520,5498,
451,哈尔滨华德学院,2025,内蒙,本科批,历史类,,,425,19664,
455,淮北师范大学,2025,内蒙,本科批,历史类,,,527,5498,
456,邢台学院,2025,内蒙,本科批,历史类,,,488,11307,
457,黑龙江科技大学,2025,内蒙,本科批,历史类,,,494,6432,
459,运城学院,2025,内蒙,本科批,历史类,,,466,13438,
46,天津商业大学,2025,内蒙,本科批,历史类,,,533,3558,
461,华北科技学院,2025,内蒙,本科批,历史类,,,496,6622,
463,中国矿业大学(徐州),2025,内蒙,本科批,历史类,,,599,1530,
464,南华大学,2025,内蒙,本科批,历史类,,,554,2287,
469,鞍山师范学院,2025,内蒙,本科批,历史类,,,545,5244,
472,烟台理工学院,2025,内蒙,本科批,历史类,,,455,14602,
478,湖北工业大学,2025,内蒙,本科批,历史类,,,589,2115,
48,北京物资学院,2025,内蒙,本科批,历史类,,,549,2531,
480,湖北师范大学,2025,内蒙,本科批,历史类,,,548,2470,
482,青岛城市学院,2025,内蒙,本科批,历史类,,,443,12457,
487,江西财经大学现代经济管理学院,2025,内蒙,本科批,历史类,,,464,12337,
49,南京财经大学,2025,内蒙,本科批,历史类,,,569,2531,
499,重庆移通学院,2025,内蒙,本科批,历史类,,,449,11442,
5,北方民族大学,2025,内蒙,本科批,历史类,,,492,5002,
50,安庆师范大学,2025,内蒙,本科批,历史类,,,522,7390,
500,吉林医药学院,2025,内蒙,本科批,历史类,,,481,12211,
502,江苏海洋大学,2025,内蒙,本科批,历史类,,,522,2941,
503,电子科技大学成都学院,2025,内蒙,本科批,历史类,,,470,12211,
509,成都文理学院,2025,内蒙,本科批,历史类,,,481,12211,
51,兰州财经大学,2025,内蒙,本科批,历史类,,,527,5172,
510,湖州师范学院,2025,内蒙,本科批,历史类,,,506,6904,
514,西安思源学院,2025,内蒙,本科批,历史类,,,443,15264,
52,安徽财经大学,2025,内蒙,本科批,历史类,,,549,2890,
522,首都经济贸易大学,2025,内蒙,本科批,历史类,,,589,2115,
523,北京农学院,2025,内蒙,本科批,历史类,,,533,6310,
525,北京工业大学,2025,内蒙,本科批,历史类,,,604,1392,
527,重庆文理学院,2025,内蒙,本科批,历史类,,,489,11157,
528,北京城市学院,2025,内蒙,本科批,历史类,,,452,10434,
529,首都师范大学,2025,内蒙,本科批,历史类,,,595,1257,
53,河南工业大学,2025,内蒙,本科批,历史类,,,529,3119,
530,北京联合大学,2025,内蒙,本科批,历史类,,,549,1868,
531,梧州学院,2025,内蒙,本科批,历史类,,,465,13946,
532,商洛学院,2025,内蒙,本科批,历史类,,,492,10794,
535,湖北中医药大学,2025,内蒙,本科批,历史类,,,529,1570,
54,哈尔滨商业大学,2025,内蒙,本科批,历史类,,,519,5172,
541,陕西理工大学,2025,内蒙,本科批,历史类,,,526,4823,
546,西华大学,2025,内蒙,本科批,历史类,,,532,4823,
547,内江师范学院,2025,内蒙,本科批,历史类,,,529,6226,
548,绵阳师范学院,2025,内蒙,本科批,历史类,,,479,7617,
549,黑龙江东方学院,2025,内蒙,本科批,历史类,,,465,14211,
551,天津外国语大学,2025,内蒙,本科批,历史类,,,550,2353,
552,天津体育学院,2025,内蒙,本科批,历史类,,,520,6904,
553,天津城建大学,2025,内蒙,本科批,历史类,,,519,6904,
556,天津财经大学,2025,内蒙,本科批,历史类,,,561,3198,
56,山西财经大学,2025,内蒙,本科批,历史类,,,548,2414,
561,天津天狮学院,2025,内蒙,本科批,历史类,,,445,15009,
562,天津师范大学,2025,内蒙,本科批,历史类,,,542,2646,
563,天津农学院,2025,内蒙,本科批,历史类,,,480,6045,
564,天津中医药大学,2025,内蒙,本科批,历史类,,,564,3198,
576,湖南科技学院,2025,内蒙,本科批,历史类,,,484,9216,
578,上海师范大学天华学院,2025,内蒙,本科批,历史类,,,456,15378,
58,中华女子学院,2025,内蒙,本科批,历史类,,,527,4741,
580,河北科技师范学院,2025,内蒙,本科批,历史类,,,520,6432,
581,河北医科大学,2025,内蒙,本科批,历史类,,,510,8753,
582,萍乡学院,2025,内蒙,本科批,历史类,,,513,7846,
585,西安明德理工学院,2025,内蒙,本科批,历史类,,,449,16073,
59,中国劳动关系学院,2025,内蒙,本科批,历史类,,,560,2588,
590,河南农业大学,2025,内蒙,本科批,历史类,,,541,5330,
591,贵州大学,2025,内蒙,本科批,历史类,,,586,1814,
592,大理大学,2025,内蒙,本科批,历史类,,,505,7214,
594,河南大学,2025,内蒙,本科批,历史类,,,564,2890,
595,河南中医药大学,2025,内蒙,本科批,历史类,,,531,2068,
596,洛阳理工学院,2025,内蒙,本科批,历史类,,,491,7312,
598,许昌学院,2025,内蒙,本科批,历史类,,,505,8638,
599,郑州工程技术学院,2025,内蒙,本科批,历史类,,,516,8050,
6,西南民族大学,2025,内蒙,本科批,历史类,,,476,2941,
602,河南城建学院,2025,内蒙,本科批,历史类,,,476,12798,
603,温州大学,2025,内蒙,本科批,历史类,,,598,1669,
605,郑州大学,2025,内蒙,本科批,历史类,,,607,1028,
607,西安文理学院,2025,内蒙,本科批,历史类,,,545,4741,
609,阜阳师范大学,2025,内蒙,本科批,历史类,,,518,6528,
61,对外经济贸易大学,2025,内蒙,本科批,历史类,,,630,254,
611,江西科技师范大学,2025,内蒙,本科批,历史类,,,504,5406,
612,山东科技大学,2025,内蒙,本科批,历史类,,,599,1612,
614,陕西国际商贸学院,2025,内蒙,本科批,历史类,,,446,16205,
616,陕西服装工程学院,2025,内蒙,本科批,历史类,,,430,16073,
617,齐鲁工业大学,2025,内蒙,本科批,历史类,,,548,4515,
619,山东第一医科大学,2025,内蒙,本科批,历史类,,,524,7214,
62,上海海洋大学,2025,内蒙,本科批,历史类,,,580,2646,
621,西南科技大学,2025,内蒙,本科批,历史类,,,568,2470,
627,集美大学,2025,内蒙,本科批,历史类,,,552,4273,
628,湖南城市学院,2025,内蒙,本科批,历史类,,,498,9326,
63,聊城大学,2025,内蒙,本科批,历史类,,,558,4175,
630,河北大学,2025,内蒙,本科批,历史类,,,547,3705,
631,河北工业大学,2025,内蒙,本科批,历史类,,,527,1057,
632,华北理工大学,2025,内蒙,本科批,历史类,,,547,5092,
639,廊坊师范学院,2025,内蒙,本科批,历史类,,,484,7846,
644,衡水学院,2025,内蒙,本科批,历史类,,,365,11442,
645,河北经贸大学,2025,内蒙,本科批,历史类,,,521,5498,
646,武汉城市学院,2025,内蒙,本科批,历史类,,,444,13551,
65,湖南农业大学,2025,内蒙,本科批,历史类,,,550,4087,
651,山东师范大学,2025,内蒙,本科批,历史类,,,571,3198,
652,沧州师范学院,2025,内蒙,本科批,历史类,,,478,11307,
654,新余学院,2025,内蒙,本科批,历史类,,,478,9554,
659,上饶师范学院,2025,内蒙,本科批,历史类,,,481,6622,
66,华中农业大学,2025,内蒙,本科批,历史类,,,595,1570,
666,信阳师范大学,2025,内蒙,本科批,历史类,,,505,9326,
668,哈尔滨师范大学,2025,内蒙,本科批,历史类,,,530,4087,
68,山东航空学院,2025,内蒙,本科批,历史类,,,538,5870,
680,山西农业大学,2025,内蒙,本科批,历史类,,,508,7117,
681,无锡学院,2025,内蒙,本科批,历史类,,,564,3705,
683,武汉生物工程学院,2025,内蒙,本科批,历史类,,,452,15670,
684,南昌大学科学技术学院,2025,内蒙,本科批,历史类,,,454,15526,
687,湖北理工学院,2025,内蒙,本科批,历史类,,,520,7617,
690,黄冈师范学院,2025,内蒙,本科批,历史类,,,534,6226,
695,湖南工学院,2025,内蒙,本科批,历史类,,,489,8753,
696,邵阳学院,2025,内蒙,本科批,历史类,,,482,8397,
698,南京审计大学金审学院,2025,内蒙,本科批,历史类,,,523,5762,
699,湖南女子学院,2025,内蒙,本科批,历史类,,,473,12457,
7,中南民族大学,2025,内蒙,本科批,历史类,,,556,1966,
701,吉首大学,2025,内蒙,本科批,历史类,,,481,6717,
702,湘潭大学,2025,内蒙,本科批,历史类,,,578,1814,
703,湖南工商大学,2025,内蒙,本科批,历史类,,,558,4175,
704,天津商业大学宝德学院,2025,内蒙,本科批,历史类,,,443,11307,
705,聊城大学东昌学院,2025,内蒙,本科批,历史类,,,455,15526,
71,西南大学,2025,内蒙,本科批,历史类,,,583,1182,
711,山西大学,2025,内蒙,本科批,历史类,,,582,1717,
712,山西师范大学,2025,内蒙,本科批,历史类,,,528,5002,
713,山西医科大学,2025,内蒙,本科批,历史类,,,518,4175,
716,大连艺术学院,2025,内蒙,本科批,历史类,,,428,17852,
719,太原学院,2025,内蒙,本科批,历史类,,,417,9663,
723,山西应用科技学院,2025,内蒙,本科批,历史类,,,445,16894,
724,西安信息职业大学,2025,内蒙,本科批,历史类,,,437,16333,
728,山西中医药大学,2025,内蒙,本科批,历史类,,,566,3198,
729,太原师范学院,2025,内蒙,本科批,历史类,,,519,6717,
73,中国农业大学,2025,内蒙,本科批,历史类,,,597,446,
730,潍坊科技学院,2025,内蒙,本科批,历史类,,,459,15009,
733,武汉华夏理工学院,2025,内蒙,本科批,历史类,,,445,15131,
737,烟台大学,2025,内蒙,本科批,历史类,,,485,3627,
738,青岛大学,2025,内蒙,本科批,历史类,,,570,2646,
739,青岛滨海学院,2025,内蒙,本科批,历史类,,,427,14867,
74,西北农林科技大学,2025,内蒙,本科批,历史类,,,604,1219,
741,山东农业大学,2025,内蒙,本科批,历史类,,,508,6904,
744,桂林旅游学院,2025,内蒙,本科批,历史类,,,487,10917,
746,广西科技大学,2025,内蒙,本科批,历史类,,,498,10130,
749,云南大学,2025,内蒙,本科批,历史类,,,581,2115,
75,塔里木大学,2025,内蒙,本科批,历史类,,,486,11442,
750,西安科技大学高新学院,2025,内蒙,本科批,历史类,,,435,18135,
751,内蒙古大学,2025,内蒙,本科批,历史类,,,416,1353,
752,内蒙古师范大学,2025,内蒙,本科批,历史类,,,362,3777,
753,内蒙古工业大学,2025,内蒙,本科批,历史类,,,399,4441,
754,内蒙古财经大学,2025,内蒙,本科批,历史类,,,374,3359,
755,内蒙古农业大学,2025,内蒙,本科批,历史类,,,363,5498,
757,内蒙古科技大学包头师范学院,2025,内蒙,本科批,历史类,,,349,7930,
758,内蒙古医科大学,2025,内蒙,本科批,历史类,,,445,3412,
759,内蒙古科技大学包头医学院,2025,内蒙,本科批,历史类,,,542,5172,
76,石河子大学,2025,内蒙,本科批,历史类,,,554,3777,
760,绵阳城市学院,2025,内蒙,本科批,历史类,,,450,15938,
761,内蒙古民族大学,2025,内蒙,本科批,历史类,,,353,7500,
764,内蒙古科技大学,2025,内蒙,本科批,历史类,,,360,5406,
765,集宁师范学院,2025,内蒙,本科批,历史类,,,319,11038,
766,呼伦贝尔学院,2025,内蒙,本科批,历史类,,,319,10794,
767,赤峰学院,2025,内蒙,本科批,历史类,,,324,7742,
768,呼和浩特民族学院,2025,内蒙,本科批,历史类,,,319,8397,
771,内蒙古建筑职业技术大学,2025,内蒙,本科批,历史类,,,438,16617,
772,河套学院,2025,内蒙,本科批,历史类,,,319,13311,
773,内蒙古警察学院,2025,内蒙,本科批,历史类,,,538,5870,
775,兴安职业技术大学,2025,内蒙,本科批,历史类,,,427,18135,
78,华南农业大学,2025,内蒙,本科批,历史类,,,533,5582,
787,天津财经大学珠江学院,2025,内蒙,本科批,历史类,,,458,14602,
791,广西民族大学,2025,内蒙,本科批,历史类,,,542,4823,
796,广州中医药大学,2025,内蒙,本科批,历史类,,,556,1057,
798,广西师范大学,2025,内蒙,本科批,历史类,,,514,7846,
80,南京林业大学,2025,内蒙,本科批,历史类,,,574,2827,
801,辽宁大学,2025,内蒙,本科批,历史类,,,530,1182,
802,辽宁工业大学,2025,内蒙,本科批,历史类,,,462,14602,
803,沈阳音乐学院,2025,内蒙,本科批,历史类,,,512,8528,
808,辽宁对外经贸学院,2025,内蒙,本科批,历史类,,,421,18943,
810,沈阳师范大学,2025,内蒙,本科批,历史类,,,471,10794,
819,朝阳师范学院,2025,内蒙,本科批,历史类,,,473,13173,
82,北京林业大学,2025,内蒙,本科批,历史类,,,606,1139,
820,渤海大学,2025,内蒙,本科批,历史类,,,495,6310,
823,大连大学,2025,内蒙,本科批,历史类,,,531,3627,
824,沈阳医学院,2025,内蒙,本科批,历史类,,,507,9096,
83,东北林业大学,2025,内蒙,本科批,历史类,,,571,1914,
832,长春大学,2025,内蒙,本科批,历史类,,,425,8971,
835,吉林体育学院,2025,内蒙,本科批,历史类,,,477,12683,
836,吉林建筑科技学院,2025,内蒙,本科批,历史类,,,428,16471,
837,延边大学,2025,内蒙,本科批,历史类,,,456,3119,
838,长春工业大学人文信息学院,2025,内蒙,本科批,历史类,,,430,15378,
840,吉林农业大学,2025,内蒙,本科批,历史类,,,398,6801,
842,吉林工程技术师范学院,2025,内蒙,本科批,历史类,,,471,11943,
844,华南师范大学,2025,内蒙,本科批,历史类,,,603,1257,
846,北华大学,2025,内蒙,本科批,历史类,,,495,9451,
847,岭南师范学院,2025,内蒙,本科批,历史类,,,515,7617,
848,吉林艺术学院,2025,内蒙,本科批,历史类,,,449,16333,
85,韩山师范学院,2025,内蒙,本科批,历史类,,,494,10130,
851,吉林师范大学,2025,内蒙,本科批,历史类,,,477,4087,
852,白城师范学院,2025,内蒙,本科批,历史类,,,463,9096,
853,肇庆学院,2025,内蒙,本科批,历史类,,,502,9663,
854,吉林农业科技学院,2025,内蒙,本科批,历史类,,,475,11683,
857,喀什大学,2025,内蒙,本科批,历史类,,,487,9216,
858,吉林外国语大学,2025,内蒙,本科批,历史类,,,432,15264,
86,广东财经大学,2025,内蒙,本科批,历史类,,,583,2287,
861,青岛黄海学院,2025,内蒙,本科批,历史类,,,480,12337,
867,武昌理工学院,2025,内蒙,本科批,历史类,,,488,10655,
868,湖北民族大学,2025,内蒙,本科批,历史类,,,514,8270,
873,黑龙江工业学院,2025,内蒙,本科批,历史类,,,471,12211,
874,黑龙江八一农垦大学,2025,内蒙,本科批,历史类,,,504,7390,
875,黑龙江大学,2025,内蒙,本科批,历史类,,,538,3938,
876,黑河学院,2025,内蒙,本科批,历史类,,,467,12457,
877,东北农业大学,2025,内蒙,本科批,历史类,,,552,1868,
879,黑龙江中医药大学,2025,内蒙,本科批,历史类,,,592,1966,
881,黑龙江工程学院,2025,内蒙,本科批,历史类,,,488,10917,
882,佳木斯大学,2025,内蒙,本科批,历史类,,,507,7390,
885,南京工业职业技术大学,2025,内蒙,本科批,历史类,,,499,8971,
887,四川外国语大学,2025,内蒙,本科批,历史类,,,557,2588,
89,保定学院,2025,内蒙,本科批,历史类,,,500,7312,
891,黑龙江外国语学院,2025,内蒙,本科批,历史类,,,418,20570,
892,绥化学院,2025,内蒙,本科批,历史类,,,470,11557,
897,北京信息科技大学,2025,内蒙,本科批,历史类,,,600,1570,
899,重庆财经学院,2025,内蒙,本科批,历史类,,,464,9096,
90,重庆人文科技学院,2025,内蒙,本科批,历史类,,,458,14338,
900,上海理工大学,2025,内蒙,本科批,历史类,,,589,1966,
903,上海第二工业大学,2025,内蒙,本科批,历史类,,,537,4441,
908,宁波大学,2025,内蒙,本科批,历史类,,,581,1434,
91,新乡学院,2025,内蒙,本科批,历史类,,,480,11557,
910,南京艺术学院,2025,内蒙,本科批,历史类,,,528,3777,
911,扬州大学,2025,内蒙,本科批,历史类,,,587,1966,
917,南京特殊教育师范学院,2025,内蒙,本科批,历史类,,,510,5092,
920,安徽大学,2025,内蒙,本科批,历史类,,,586,1570,
924,重庆工商大学派斯学院,2025,内蒙,本科批,历史类,,,465,14211,
925,海南大学,2025,内蒙,本科批,历史类,,,541,1434,
926,海口经济学院,2025,内蒙,本科批,历史类,,,418,19664,
927,海南师范大学,2025,内蒙,本科批,历史类,,,480,6134,
935,南昌大学,2025,内蒙,本科批,历史类,,,579,2068,
936,江西科技学院,2025,内蒙,本科批,历史类,,,430,16745,
94,河北民族师范学院,2025,内蒙,本科批,历史类,,,477,9451,
940,榆林学院,2025,内蒙,本科批,历史类,,,486,7012,
941,西北大学,2025,内蒙,本科批,历史类,,,601,1139,
942,西安外国语大学,2025,内蒙,本科批,历史类,,,551,3412,
943,西安音乐学院,2025,内蒙,本科批,历史类,,,518,7846,
945,西安外事学院,2025,内蒙,本科批,历史类,,,438,15938,
948,西安欧亚学院,2025,内蒙,本科批,历史类,,,443,14211,
949,西京学院,2025,内蒙,本科批,历史类,,,463,12570,
95,沈阳工业大学,2025,内蒙,本科批,历史类,,,491,9784,
950,西安培华学院,2025,内蒙,本科批,历史类,,,450,11442,
951,西安翻译学院,2025,内蒙,本科批,历史类,,,430,14867,
953,渭南师范学院,2025,内蒙,本科批,历史类,,,529,6717,
955,甘肃农业大学,2025,内蒙,本科批,历史类,,,493,10655,
957,甘肃政法大学,2025,内蒙,本科批,历史类,,,569,2713,
958,西北师范大学,2025,内蒙,本科批,历史类,,,485,3855,
961,青海大学,2025,内蒙,本科批,历史类,,,406,22067,
962,青海民族大学,2025,内蒙,本科批,历史类,,,347,19905,
963,青海师范大学,2025,内蒙,本科批,历史类,,,387,21468,
964,上海立信会计金融学院,2025,内蒙,本科批,历史类,,,579,1966,
966,潍坊学院,2025,内蒙,本科批,历史类,,,482,6622,
968,浙江科技大学,2025,内蒙,本科批,历史类,,,543,5244,
971,广州大学,2025,内蒙,本科批,历史类,,,575,2531,
972,宁夏大学,2025,内蒙,本科批,历史类,,,565,1717,
973,宁夏理工学院,2025,内蒙,本科批,历史类,,,438,16471,
976,海南热带海洋学院,2025,内蒙,本科批,历史类,,,420,11307,
981,新疆大学,2025,内蒙,本科批,历史类,,,555,2470,
982,新疆师范大学,2025,内蒙,本科批,历史类,,,515,5498,
989,五邑大学,2025,内蒙,本科批,历史类,,,562,3855,
99,哈尔滨理工大学,2025,内蒙,本科批,历史类,,,519,4741,
992,昆明学院,2025,内蒙,本科批,历史类,,,482,9451,
993,重庆科技大学,2025,内蒙,本科批,历史类,,,564,3705,
,三亚学院,2025,内蒙,本科批,历史类,,,418,15526,
1,北京电子科技学院,2025,内蒙,本科提前批B段,历史类,,,635,189,
10,中国人民公安大学,2025,内蒙,本科提前批B段,历史类,,,593,189,
12,中国人民警察大学,2025,内蒙,本科提前批B段,历史类,,,533,342,
148,中国海洋大学,2025,内蒙,本科提前批B段,历史类,,,598,1257,
17,西南政法大学,2025,内蒙,本科提前批B段,历史类,,,602,1486,
18,西北政法大学,2025,内蒙,本科提前批B段,历史类,,,556,4355,
19,中国政法大学,2025,内蒙,本科提前批B段,历史类,,,619,820,
20,中南财经政法大学,2025,内蒙,本科提前批B段,历史类,,,602,1486,
207,江西警察学院,2025,内蒙,本科提前批B段,历史类,,,521,1006,
23,中央司法警官学院,2025,内蒙,本科提前批B段,历史类,,,521,674,
25,中央财经大学,2025,内蒙,本科提前批B段,历史类,,,605,1353,
269,中国传媒大学,2025,内蒙,本科提前批B段,历史类,,,573,3061,
277,上海外国语大学,2025,内蒙,本科提前批B段,历史类,,,581,2588,
279,中山大学,2025,内蒙,本科提前批B段,历史类,,,590,2068,
281,北京语言大学,2025,内蒙,本科提前批B段,历史类,,,579,2713,
283,东南大学,2025,内蒙,本科提前批B段,历史类,,,602,1486,
285,西安交通大学,2025,内蒙,本科提前批B段,历史类,,,640,270,
286,中国人民大学,2025,内蒙,本科提前批B段,历史类,,,617,793,
289,四川大学,2025,内蒙,本科提前批B段,历史类,,,615,963,
292,浙江大学,2025,内蒙,本科提前批B段,历史类,,,624,674,
294,清华大学,2025,内蒙,本科提前批B段,历史类,,,637,330,
296,兰州大学,2025,内蒙,本科提前批B段,历史类,,,611,1102,
297,吉林大学,2025,内蒙,本科提前批B段,历史类,,,585,1102,
298,厦门大学,2025,内蒙,本科提前批B段,历史类,,,614,1006,
300,山东大学,2025,内蒙,本科提前批B段,历史类,,,617,894,
301,湖南大学,2025,内蒙,本科提前批B段,历史类,,,606,1303,
303,天津大学,2025,内蒙,本科提前批B段,历史类,,,599,1612,
305,武汉大学,2025,内蒙,本科提前批B段,历史类,,,650,134,
307,北京师范大学,2025,内蒙,本科提前批B段,历史类,,,615,963,
308,复旦大学,2025,内蒙,本科提前批B段,历史类,,,641,254,
312,中南大学,2025,内蒙,本科提前批B段,历史类,,,619,820,
315,华东师范大学,2025,内蒙,本科提前批B段,历史类,,,607,370,
317,南京师范大学,2025,内蒙,本科提前批B段,历史类,,,586,2287,
320,陕西师范大学,2025,内蒙,本科提前批B段,历史类,,,599,563,
321,东北师范大学,2025,内蒙,本科提前批B段,历史类,,,612,963,
324,华中师范大学,2025,内蒙,本科提前批B段,历史类,,,590,431,
327,苏州大学,2025,内蒙,本科提前批B段,历史类,,,587,2225,
329,江西师范大学,2025,内蒙,本科提前批B段,历史类,,,586,2287,
35,西南财经大学,2025,内蒙,本科提前批B段,历史类,,,560,4018,
354,上海海关学院,2025,内蒙,本科提前批B段,历史类,,,634,397,
505,国防科技大学,2025,内蒙,本科提前批B段,历史类,,,611,23,
591,贵州大学,2025,内蒙,本科提前批B段,历史类,,,568,3412,
61,对外经济贸易大学,2025,内蒙,本科提前批B段,历史类,,,591,1102,
71,西南大学,2025,内蒙,本科提前批B段,历史类,,,586,585,
749,云南大学,2025,内蒙,本科提前批B段,历史类,,,606,1303,
752,内蒙古师范大学,2025,内蒙,本科提前批B段,历史类,,,554,1257,
761,内蒙古民族大学,2025,内蒙,本科提前批B段,历史类,,,556,2017,
773,内蒙古警察学院,2025,内蒙,本科提前批B段,历史类,,,418,1756,
8,郑州警察学院,2025,内蒙,本科提前批B段,历史类,,,525,793,
84,南京警察学院,2025,内蒙,本科提前批B段,历史类,,,548,563,
875,黑龙江大学,2025,内蒙,本科提前批B段,历史类,,,530,4515,
887,四川外国语大学,2025,内蒙,本科提前批B段,历史类,,,552,3705,
9,中国刑事警察学院,2025,内蒙,本科提前批B段,历史类,,,549,312,
941,西北大学,2025,内蒙,本科提前批B段,历史类,,,579,1102,
,中国消防救援学院,2025,内蒙,本科提前批B段,历史类,,,587,2225,
19,中国政法大学,2025,内蒙,本科提前批C段,历史类,,,606,1006,
20,中南财经政法大学,2025,内蒙,本科提前批C段,历史类,,,579,1756,
21,大连民族大学,2025,内蒙,本科提前批C段,历史类,,,546,5172,
25,中央财经大学,2025,内蒙,本科提前批C段,历史类,,,586,2287,
26,东北财经大学,2025,内蒙,本科提前批C段,历史类,,,598,1669,
269,中国传媒大学,2025,内蒙,本科提前批C段,历史类,,,571,3198,
276,北京外国语大学,2025,内蒙,本科提前批C段,历史类,,,544,5330,
277,上海外国语大学,2025,内蒙,本科提前批C段,历史类,,,576,2890,
279,中山大学,2025,内蒙,本科提前批C段,历史类,,,590,2017,
286,中国人民大学,2025,内蒙,本科提前批C段,历史类,,,635,370,
287,东华大学,2025,内蒙,本科提前批C段,历史类,,,565,2770,
289,四川大学,2025,内蒙,本科提前批C段,历史类,,,587,2225,
294,清华大学,2025,内蒙,本科提前批C段,历史类,,,638,312,
298,厦门大学,2025,内蒙,本科提前批C段,历史类,,,622,723,
300,山东大学,2025,内蒙,本科提前批C段,历史类,,,598,1669,
302,南开大学,2025,内蒙,本科提前批C段,历史类,,,599,1612,
304,北京大学,2025,内蒙,本科提前批C段,历史类,,,641,70,
305,武汉大学,2025,内蒙,本科提前批C段,历史类,,,613,1028,
307,北京师范大学,2025,内蒙,本科提前批C段,历史类,,,633,431,
308,复旦大学,2025,内蒙,本科提前批C段,历史类,,,634,397,
310,上海交通大学,2025,内蒙,本科提前批C段,历史类,,,620,674,
312,中南大学,2025,内蒙,本科提前批C段,历史类,,,588,2165,
313,山东大学威海分校,2025,内蒙,本科提前批C段,历史类,,,578,2531,
315,华东师范大学,2025,内蒙,本科提前批C段,历史类,,,600,1570,
320,陕西师范大学,2025,内蒙,本科提前批C段,历史类,,,571,1353,
321,东北师范大学,2025,内蒙,本科提前批C段,历史类,,,571,3198,
324,华中师范大学,2025,内蒙,本科提前批C段,历史类,,,569,3359,
327,苏州大学,2025,内蒙,本科提前批C段,历史类,,,582,2353,
338,北京体育大学,2025,内蒙,本科提前批C段,历史类,,,565,2890,
35,西南财经大学,2025,内蒙,本科提前批C段,历史类,,,567,2531,
354,上海海关学院,2025,内蒙,本科提前批C段,历史类,,,540,5666,
377,暨南大学,2025,内蒙,本科提前批C段,历史类,,,578,2353,
49,南京财经大学,2025,内蒙,本科提前批C段,历史类,,,555,4441,
58,中华女子学院,2025,内蒙,本科提前批C段,历史类,,,507,8156,
59,中国劳动关系学院,2025,内蒙,本科提前批C段,历史类,,,527,5002,
61,对外经济贸易大学,2025,内蒙,本科提前批C段,历史类,,,615,963,
651,山东师范大学,2025,内蒙,本科提前批C段,历史类,,,544,3007,
7,中南民族大学,2025,内蒙,本科提前批C段,历史类,,,553,4515,
751,内蒙古大学,2025,内蒙,本科提前批C段,历史类,,,407,1530,
752,内蒙古师范大学,2025,内蒙,本科提前批C段,历史类,,,389,6801,
754,内蒙古财经大学,2025,内蒙,本科提前批C段,历史类,,,442,4658,
755,内蒙古农业大学,2025,内蒙,本科提前批C段,历史类,,,518,7214,
757,内蒙古科技大学包头师范学院,2025,内蒙,本科提前批C段,历史类,,,512,6134,
761,内蒙古民族大学,2025,内蒙,本科提前批C段,历史类,,,378,5498,
765,集宁师范学院,2025,内蒙,本科提前批C段,历史类,,,489,10917,
766,呼伦贝尔学院,2025,内蒙,本科提前批C段,历史类,,,501,9784,
772,河套学院,2025,内蒙,本科提前批C段,历史类,,,478,12570,
82,北京林业大学,2025,内蒙,本科提前批C段,历史类,,,577,2827,
,中国社会科学院大学,2025,内蒙,本科提前批C段,历史类,,,600,1570,
102,上海旅游高等专科学校,2025,内蒙,高职(专科)批,历史类,,,391,22305,
111,山西林业职业技术学院,2025,内蒙,高职(专科)批,历史类,,,364,26503,
113,长江工程职业技术学院,2025,内蒙,高职(专科)批,历史类,,,396,21848,
123,黑龙江职业学院,2025,内蒙,高职(专科)批,历史类,,,388,15009,
124,烟台南山学院,2025,内蒙,高职(专科)批,历史类,,,287,31330,
136,重庆电力高等专科学校,2025,内蒙,高职(专科)批,历史类,,,393,21593,
140,辽阳职业技术学院,2025,内蒙,高职(专科)批,历史类,,,383,24474,
143,黄河水利职业技术大学,2025,内蒙,高职(专科)批,历史类,,,393,22562,
152,河北对外经贸职业学院,2025,内蒙,高职(专科)批,历史类,,,344,23976,
153,石家庄信息工程职业学院,2025,内蒙,高职(专科)批,历史类,,,397,21348,
155,湖南信息职业技术学院,2025,内蒙,高职(专科)批,历史类,,,395,23392,
163,江西交通职业技术学院,2025,内蒙,高职(专科)批,历史类,,,370,25405,
169,日照职业技术学院,2025,内蒙,高职(专科)批,历史类,,,408,20158,
176,西安交通工程学院,2025,内蒙,高职(专科)批,历史类,,,162,30760,
178,湖北交通职业技术学院,2025,内蒙,高职(专科)批,历史类,,,394,20297,
179,伊春职业学院,2025,内蒙,高职(专科)批,历史类,,,288,21468,
180,牡丹江大学,2025,内蒙,高职(专科)批,历史类,,,354,22675,
183,石家庄理工职业学院,2025,内蒙,高职(专科)批,历史类,,,330,27816,
204,包头职业技术学院,2025,内蒙,高职(专科)批,历史类,,,182,24596,
206,河南职业技术学院,2025,内蒙,高职(专科)批,历史类,,,426,19513,
212,山西机电职业技术学院,2025,内蒙,高职(专科)批,历史类,,,402,22562,
215,威海职业学院,2025,内蒙,高职(专科)批,历史类,,,349,25823,
216,山西省财政税务专科学校,2025,内蒙,高职(专科)批,历史类,,,379,15264,
226,北京信息职业技术学院,2025,内蒙,高职(专科)批,历史类,,,409,20967,
227,南昌工学院,2025,内蒙,高职(专科)批,历史类,,,241,30445,
230,成都航空职业技术大学,2025,内蒙,高职(专科)批,历史类,,,442,17309,
235,北京工业职业技术学院,2025,内蒙,高职(专科)批,历史类,,,408,20297,
239,哈尔滨铁道职业技术学院,2025,内蒙,高职(专科)批,历史类,,,414,19778,
245,湖南铁道职业技术学院,2025,内蒙,高职(专科)批,历史类,,,412,16745,
247,四川交通职业技术学院,2025,内蒙,高职(专科)批,历史类,,,455,15526,
248,武汉软件工程职业学院,2025,内蒙,高职(专科)批,历史类,,,405,22188,
249,泰州职业技术学院,2025,内蒙,高职(专科)批,历史类,,,365,24839,
255,辽宁广告职业学院,2025,内蒙,高职(专科)批,历史类,,,223,29306,
256,青岛职业技术学院,2025,内蒙,高职(专科)批,历史类,,,420,15131,
263,潍坊职业学院,2025,内蒙,高职(专科)批,历史类,,,386,24371,
266,云南经济管理学院,2025,内蒙,高职(专科)批,历史类,,,263,31138,
32,长沙民政职业技术学院,2025,内蒙,高职(专科)批,历史类,,,394,16205,
344,三亚城市职业学院,2025,内蒙,高职(专科)批,历史类,,,211,27430,
345,黑龙江林业职业技术学院,2025,内蒙,高职(专科)批,历史类,,,296,29699,
351,石家庄铁路职业技术学院,2025,内蒙,高职(专科)批,历史类,,,447,15526,
356,长春科技学院,2025,内蒙,高职(专科)批,历史类,,,210,30211,
359,山东商业职业技术学院,2025,内蒙,高职(专科)批,历史类,,,368,20158,
360,安徽中医药高等专科学校,2025,内蒙,高职(专科)批,历史类,,,417,14733,
364,广州民航职业技术学院,2025,内蒙,高职(专科)批,历史类,,,424,13173,
365,湖南邮电职业技术学院,2025,内蒙,高职(专科)批,历史类,,,396,23277,
366,山西水利职业技术学院,2025,内蒙,高职(专科)批,历史类,,,389,24060,
367,南昌理工学院,2025,内蒙,高职(专科)批,历史类,,,251,24596,
37,齐齐哈尔高等师范专科学校,2025,内蒙,高职(专科)批,历史类,,,280,29306,
371,河北科技学院,2025,内蒙,高职(专科)批,历史类,,,323,29749,
372,上海出版印刷高等专科学校,2025,内蒙,高职(专科)批,历史类,,,420,19239,
375,平顶山工业职业技术学院,2025,内蒙,高职(专科)批,历史类,,,382,23976,
383,山东水利职业学院,2025,内蒙,高职(专科)批,历史类,,,360,26785,
385,成都农业科技职业学院,2025,内蒙,高职(专科)批,历史类,,,456,15378,
39,长春金融高等专科学校,2025,内蒙,高职(专科)批,历史类,,,384,19905,
392,锦州师范高等专科学校,2025,内蒙,高职(专科)批,历史类,,,408,20019,
400,青岛港湾职业技术学院,2025,内蒙,高职(专科)批,历史类,,,389,20835,
401,西安城市建设职业学院,2025,内蒙,高职(专科)批,历史类,,,249,30877,
407,武汉警官职业学院,2025,内蒙,高职(专科)批,历史类,,,418,19365,
408,江苏食品药品职业技术学院,2025,内蒙,高职(专科)批,历史类,,,406,20835,
424,桂林理工大学,2025,内蒙,高职(专科)批,历史类,,,379,22305,
43,黑龙江商业职业学院,2025,内蒙,高职(专科)批,历史类,,,414,21087,
431,大连科技学院,2025,内蒙,高职(专科)批,历史类,,,376,24269,
434,张家界航空工业职业技术学院,2025,内蒙,高职(专科)批,历史类,,,403,20835,
444,江西财经职业学院,2025,内蒙,高职(专科)批,历史类,,,379,24371,
446,三峡大学科技学院,2025,内蒙,高职(专科)批,历史类,,,377,24474,
460,山东化工职业学院,2025,内蒙,高职(专科)批,历史类,,,424,19778,
485,枣庄科技职业学院,2025,内蒙,高职(专科)批,历史类,,,309,28394,
486,抚州职业技术学院,2025,内蒙,高职(专科)批,历史类,,,407,21946,
491,宝鸡职业技术学院,2025,内蒙,高职(专科)批,历史类,,,402,21593,
514,西安思源学院,2025,内蒙,高职(专科)批,历史类,,,310,30483,
524,漳州职业技术学院,2025,内蒙,高职(专科)批,历史类,,,423,19905,
526,北京青年政治学院,2025,内蒙,高职(专科)批,历史类,,,423,14211,
534,聊城职业技术学院,2025,内蒙,高职(专科)批,历史类,,,351,26785,
536,北京经济技术职业学院,2025,内蒙,高职(专科)批,历史类,,,210,28911,
540,淄博师范高等专科学校,2025,内蒙,高职(专科)批,历史类,,,319,26105,
543,河北女子职业技术学院,2025,内蒙,高职(专科)批,历史类,,,397,23149,
545,四川建筑职业技术学院,2025,内蒙,高职(专科)批,历史类,,,400,22807,
558,天津市职业大学,2025,内蒙,高职(专科)批,历史类,,,429,14468,
560,江西青年职业学院,2025,内蒙,高职(专科)批,历史类,,,330,25726,
561,天津天狮学院,2025,内蒙,高职(专科)批,历史类,,,254,31939,
565,天津滨海职业学院,2025,内蒙,高职(专科)批,历史类,,,388,17704,
567,天津现代职业技术学院,2025,内蒙,高职(专科)批,历史类,,,408,13678,
568,天津轻工职业技术学院,2025,内蒙,高职(专科)批,历史类,,,397,21087,
569,天津电子信息职业技术学院,2025,内蒙,高职(专科)批,历史类,,,419,20019,
571,天津机电职业技术学院,2025,内蒙,高职(专科)批,历史类,,,390,18667,
572,天津渤海职业技术学院,2025,内蒙,高职(专科)批,历史类,,,348,21716,
574,天津商务职业学院,2025,内蒙,高职(专科)批,历史类,,,405,19664,
583,扬州职业技术大学,2025,内蒙,高职(专科)批,历史类,,,393,23651,
585,西安明德理工学院,2025,内蒙,高职(专科)批,历史类,,,253,31939,
587,天津交通职业学院,2025,内蒙,高职(专科)批,历史类,,,370,24164,
588,湖北城市建设职业技术学院,2025,内蒙,高职(专科)批,历史类,,,336,28553,
593,焦作大学,2025,内蒙,高职(专科)批,历史类,,,416,20835,
601,开封大学,2025,内蒙,高职(专科)批,历史类,,,402,21222,
606,湖南理工职业技术学院,2025,内蒙,高职(专科)批,历史类,,,403,22420,
613,九江职业大学,2025,内蒙,高职(专科)批,历史类,,,355,26592,
614,陕西国际商贸学院,2025,内蒙,高职(专科)批,历史类,,,354,27337,
615,西安铁路职业技术学院,2025,内蒙,高职(专科)批,历史类,,,449,16333,
618,陕西职业技术学院,2025,内蒙,高职(专科)批,历史类,,,332,28774,
624,四川工程职业技术大学,2025,内蒙,高职(专科)批,历史类,,,397,21468,
626,重庆城市管理职业学院,2025,内蒙,高职(专科)批,历史类,,,417,20707,
635,西安职业技术学院,2025,内蒙,高职(专科)批,历史类,,,339,28774,
653,江西应用科技学院,2025,内蒙,高职(专科)批,历史类,,,340,26876,
655,江西信息应用职业技术学院,2025,内蒙,高职(专科)批,历史类,,,403,20707,
656,江西医学高等专科学校,2025,内蒙,高职(专科)批,历史类,,,421,20158,
657,江西电力职业技术学院,2025,内蒙,高职(专科)批,历史类,,,409,19082,
660,浙江建设职业技术学院,2025,内蒙,高职(专科)批,历史类,,,391,17162,
661,武汉工程职业技术学院,2025,内蒙,高职(专科)批,历史类,,,377,23392,
662,荆州理工职业学院,2025,内蒙,高职(专科)批,历史类,,,366,25298,
665,荆州职业技术学院,2025,内蒙,高职(专科)批,历史类,,,402,22562,
673,武汉职业技术大学,2025,内蒙,高职(专科)批,历史类,,,410,15670,
674,咸宁职业技术学院,2025,内蒙,高职(专科)批,历史类,,,335,27162,
675,湖北职业技术学院,2025,内蒙,高职(专科)批,历史类,,,410,19513,
682,黄冈职业技术学院,2025,内蒙,高职(专科)批,历史类,,,393,16894,
683,武汉生物工程学院,2025,内蒙,高职(专科)批,历史类,,,278,30760,
688,武汉商贸职业学院,2025,内蒙,高职(专科)批,历史类,,,369,26197,
689,鄂州职业大学,2025,内蒙,高职(专科)批,历史类,,,360,26785,
694,湖南工程职业技术学院,2025,内蒙,高职(专科)批,历史类,,,341,26197,
706,长沙环境保护职业技术学院,2025,内蒙,高职(专科)批,历史类,,,345,28331,
708,大庆医学高等专科学校,2025,内蒙,高职(专科)批,历史类,,,399,11557,
709,武汉信息传播职业技术学院,2025,内蒙,高职(专科)批,历史类,,,220,32487,
710,石家庄医学高等专科学校,2025,内蒙,高职(专科)批,历史类,,,368,20443,
715,天津城市建设管理职业技术学院,2025,内蒙,高职(专科)批,历史类,,,361,23882,
716,大连艺术学院,2025,内蒙,高职(专科)批,历史类,,,223,30520,
721,陕西青年职业学院,2025,内蒙,高职(专科)批,历史类,,,396,22067,
724,西安信息职业大学,2025,内蒙,高职(专科)批,历史类,,,227,26876,
725,山西药科职业学院,2025,内蒙,高职(专科)批,历史类,,,422,17446,
731,滨州职业学院,2025,内蒙,高职(专科)批,历史类,,,361,20967,
732,山东力明科技职业学院,2025,内蒙,高职(专科)批,历史类,,,250,28625,
735,山东科技职业学院,2025,内蒙,高职(专科)批,历史类,,,405,21468,
736,张家口职业技术学院,2025,内蒙,高职(专科)批,历史类,,,344,27671,
743,石家庄工程职业学院,2025,内蒙,高职(专科)批,历史类,,,194,31877,
744,桂林旅游学院,2025,内蒙,高职(专科)批,历史类,,,394,22420,
755,内蒙古农业大学,2025,内蒙,高职(专科)批,历史类,,,399,19082,
762,吉林铁道职业技术大学,2025,内蒙,高职(专科)批,历史类,,,479,11038,
763,黑龙江交通职业技术学院,2025,内蒙,高职(专科)批,历史类,,,412,15526,
769,科尔沁艺术职业学院,2025,内蒙,高职(专科)批,历史类,,,195,31801,
770,呼和浩特职业技术大学,2025,内蒙,高职(专科)批,历史类,,,295,18798,
771,内蒙古建筑职业技术大学,2025,内蒙,高职(专科)批,历史类,,,260,26677,
773,内蒙古警察学院,2025,内蒙,高职(专科)批,历史类,,,438,17852,
774,内蒙古体育职业学院,2025,内蒙,高职(专科)批,历史类,,,308,29876,
775,兴安职业技术大学,2025,内蒙,高职(专科)批,历史类,,,160,22807,
776,内蒙古机电职业技术学院,2025,内蒙,高职(专科)批,历史类,,,270,22675,
777,三峡电力职业学院,2025,内蒙,高职(专科)批,历史类,,,428,17852,
778,内蒙古丰州职业学院,2025,内蒙,高职(专科)批,历史类,,,171,28911,
779,内蒙古商贸职业学院,2025,内蒙,高职(专科)批,历史类,,,197,16471,
780,郑州电力职业技术学院,2025,内蒙,高职(专科)批,历史类,,,376,23149,
781,山东商务职业学院,2025,内蒙,高职(专科)批,历史类,,,414,20967,
782,内蒙古化工职业学院,2025,内蒙,高职(专科)批,历史类,,,197,21348,
783,内蒙古电子信息职业技术学院,2025,内蒙,高职(专科)批,历史类,,,192,23149,
785,锡林郭勒职业学院,2025,内蒙,高职(专科)批,历史类,,,156,26592,
786,山东城市建设职业学院,2025,内蒙,高职(专科)批,历史类,,,338,28067,
792,乌兰察布职业学院,2025,内蒙,高职(专科)批,历史类,,,176,32345,
794,通辽职业学院,2025,内蒙,高职(专科)批,历史类,,,171,21087,
795,包头轻工职业技术学院,2025,内蒙,高职(专科)批,历史类,,,160,23149,
811,盘锦职业技术学院,2025,内蒙,高职(专科)批,历史类,,,346,25298,
813,营口职业技术学院,2025,内蒙,高职(专科)批,历史类,,,378,20297,
815,山西职业技术学院,2025,内蒙,高职(专科)批,历史类,,,407,19513,
816,辽宁省交通高等专科学校,2025,内蒙,高职(专科)批,历史类,,,345,18281,
818,太原城市职业技术学院,2025,内蒙,高职(专科)批,历史类,,,378,25298,
819,朝阳师范学院,2025,内蒙,高职(专科)批,历史类,,,382,21848,
821,抚顺职业技术学院,2025,内蒙,高职(专科)批,历史类,,,332,26005,
825,大连职业技术学院,2025,内蒙,高职(专科)批,历史类,,,365,24596,
828,鹤岗师范高等专科学校,2025,内蒙,高职(专科)批,历史类,,,293,25919,
831,长春医学高等专科学校,2025,内蒙,高职(专科)批,历史类,,,453,15264,
833,吉林工业职业技术学院,2025,内蒙,高职(专科)批,历史类,,,353,27671,
834,长春东方职业学院,2025,内蒙,高职(专科)批,历史类,,,249,30211,
843,辽宁机电职业技术学院,2025,内蒙,高职(专科)批,历史类,,,359,27072,
849,吉林工程职业学院,2025,内蒙,高职(专科)批,历史类,,,345,25823,
850,吉林交通职业技术学院,2025,内蒙,高职(专科)批,历史类,,,407,20707,
856,吉林电子信息职业技术学院,2025,内蒙,高职(专科)批,历史类,,,370,25628,
861,青岛黄海学院,2025,内蒙,高职(专科)批,历史类,,,271,30089,
862,邢台医学院,2025,内蒙,高职(专科)批,历史类,,,438,16205,
866,湖北水利水电职业技术学院,2025,内蒙,高职(专科)批,历史类,,,386,22067,
869,汉江师范学院,2025,内蒙,高职(专科)批,历史类,,,406,20707,
87,青岛酒店管理职业技术学院,2025,内蒙,高职(专科)批,历史类,,,393,23651,
888,黑龙江农垦职业学院,2025,内蒙,高职(专科)批,历史类,,,391,22305,
890,黑龙江建筑职业技术学院,2025,内蒙,高职(专科)批,历史类,,,366,25726,
893,大庆职业学院,2025,内蒙,高职(专科)批,历史类,,,378,23149,
896,黑龙江农业工程职业学院,2025,内蒙,高职(专科)批,历史类,,,394,20967,
898,黑龙江农业经济职业学院,2025,内蒙,高职(专科)批,历史类,,,404,21222,
901,湖南工业职业技术学院,2025,内蒙,高职(专科)批,历史类,,,391,23882,
902,上海工商外国语职业学院,2025,内蒙,高职(专科)批,历史类,,,337,28911,
912,江西旅游商贸职业学院,2025,内蒙,高职(专科)批,历史类,,,387,23514,
915,江苏农牧科技职业学院,2025,内蒙,高职(专科)批,历史类,,,410,19082,
92,大兴安岭职业学院,2025,内蒙,高职(专科)批,历史类,,,304,27337,
922,淮南职业技术学院,2025,内蒙,高职(专科)批,历史类,,,299,30947,
923,海南职业技术学院,2025,内蒙,高职(专科)批,历史类,,,165,28470,
926,海口经济学院,2025,内蒙,高职(专科)批,历史类,,,257,27816,
933,湖北工业职业技术学院,2025,内蒙,高职(专科)批,历史类,,,306,27671,
936,江西科技学院,2025,内蒙,高职(专科)批,历史类,,,374,25726,
945,西安外事学院,2025,内蒙,高职(专科)批,历史类,,,338,26299,
946,陕西能源职业技术学院,2025,内蒙,高职(专科)批,历史类,,,397,22305,
950,西安培华学院,2025,内蒙,高职(专科)批,历史类,,,383,23392,
951,西安翻译学院,2025,内蒙,高职(专科)批,历史类,,,378,25298,
954,陕西工业职业技术学院,2025,内蒙,高职(专科)批,历史类,,,378,25298,
960,四平职业大学,2025,内蒙,高职(专科)批,历史类,,,410,21087,
967,重庆工业职业技术大学,2025,内蒙,高职(专科)批,历史类,,,420,20297,
974,陕西铁路工程职业技术学院,2025,内蒙,高职(专科)批,历史类,,,421,16894,
975,宁夏职业技术大学,2025,内蒙,高职(专科)批,历史类,,,381,24947,
977,宁夏警官职业学院,2025,内蒙,高职(专科)批,历史类,,,424,19778,
978,广东南华工商职业学院,2025,内蒙,高职(专科)批,历史类,,,399,21468,
988,新疆农业职业技术大学,2025,内蒙,高职(专科)批,历史类,,,336,27337,
,七台河职业学院,2025,内蒙,高职(专科)批,历史类,,,364,25187,
178,湖北交通职业技术学院,2025,内蒙,高职(专科)提前批,历史类,,,368,24596,
215,威海职业学院,2025,内蒙,高职(专科)提前批,历史类,,,383,22420,
355,黑龙江司法警官职业学院,2025,内蒙,高职(专科)提前批,历史类,,,376,7500,
397,武昌职业学院,2025,内蒙,高职(专科)提前批,历史类,,,361,26978,
420,长沙航空职业技术学院,2025,内蒙,高职(专科)提前批,历史类,,,457,10655,
434,张家界航空工业职业技术学院,2025,内蒙,高职(专科)提前批,历史类,,,437,16205,
648,延安职业技术学院,2025,内蒙,高职(专科)提前批,历史类,,,378,24269,
731,滨州职业学院,2025,内蒙,高职(专科)提前批,历史类,,,376,22924,
773,内蒙古警察学院,2025,内蒙,高职(专科)提前批,历史类,,,294,2068,
816,辽宁省交通高等专科学校,2025,内蒙,高职(专科)提前批,历史类,,,392,22067,
,吉林司法警官职业学院,2025,内蒙,高职(专科)提前批,历史类,,,424,6226,
100,南京工程学院,2025,内蒙,本科批,物理类,,,539,12722,
101,太原科技大学,2025,内蒙,本科批,物理类,,,494,14494,
103,湖南工程学院,2025,内蒙,本科批,物理类,,,526,22442,
104,河南科技大学,2025,内蒙,本科批,物理类,,,477,36606,
105,西北工业大学,2025,内蒙,本科批,物理类,,,647,436,
106,四川轻化工大学,2025,内蒙,本科批,物理类,,,487,31221,
107,哈尔滨工业大学,2025,内蒙,本科批,物理类,,,621,152,
109,重庆师范大学,2025,内蒙,本科批,物理类,,,559,14268,
11,康复大学,2025,内蒙,本科批,物理类,,,564,5599,
110,乐山师范学院,2025,内蒙,本科批,物理类,,,440,48330,
112,邯郸学院,2025,内蒙,本科批,物理类,,,421,53661,
116,北华航天工业学院,2025,内蒙,本科批,物理类,,,448,21084,
117,南京航空航天大学,2025,内蒙,本科批,物理类,,,620,1697,
118,沈阳航空航天大学,2025,内蒙,本科批,物理类,,,521,18077,
119,北京航空航天大学,2025,内蒙,本科批,物理类,,,648,167,
12,中国人民警察大学,2025,内蒙,本科批,物理类,,,536,19815,
124,烟台南山学院,2025,内蒙,本科批,物理类,,,398,57211,
125,河北工程技术学院,2025,内蒙,本科批,物理类,,,380,64921,
126,长沙理工大学,2025,内蒙,本科批,物理类,,,533,16099,
127,常州大学,2025,内蒙,本科批,物理类,,,538,14956,
128,大连医科大学,2025,内蒙,本科批,物理类,,,524,8198,
131,华北电力大学(保定),2025,内蒙,本科批,物理类,,,592,6532,
132,东北电力大学,2025,内蒙,本科批,物理类,,,559,14036,
134,华北电力大学(北京),2025,内蒙,本科批,物理类,,,596,5471,
135,沈阳工程学院,2025,内蒙,本科批,物理类,,,527,9043,
137,上海海事大学,2025,内蒙,本科批,物理类,,,580,8013,
138,宁夏医科大学,2025,内蒙,本科批,物理类,,,520,5599,
14,晋中学院,2025,内蒙,本科批,物理类,,,444,47043,
141,盐城师范学院,2025,内蒙,本科批,物理类,,,471,38447,
143,黄河水利职业技术大学,2025,内蒙,本科批,物理类,,,450,44442,
144,河海大学,2025,内蒙,本科批,物理类,,,599,3548,
145,华北水利水电大学,2025,内蒙,本科批,物理类,,,437,24426,
146,江西水利电力大学,2025,内蒙,本科批,物理类,,,492,32133,
147,福建农林大学,2025,内蒙,本科批,物理类,,,487,25519,
148,中国海洋大学,2025,内蒙,本科批,物理类,,,610,4517,
15,忻州师范学院,2025,内蒙,本科批,物理类,,,425,47394,
150,沈阳建筑大学,2025,内蒙,本科批,物理类,,,475,27236,
151,周口师范学院,2025,内蒙,本科批,物理类,,,423,50339,
154,云南民族大学,2025,内蒙,本科批,物理类,,,483,32753,
156,成都理工大学,2025,内蒙,本科批,物理类,,,546,8532,
157,河北地质大学,2025,内蒙,本科批,物理类,,,458,39041,
159,长江师范学院,2025,内蒙,本科批,物理类,,,472,38138,
16,辽宁师范大学,2025,内蒙,本科批,物理类,,,477,31838,
160,中国地质大学(北京),2025,内蒙,本科批,物理类,,,583,5740,
161,德州学院,2025,内蒙,本科批,物理类,,,511,26673,
162,中国地质大学(武汉),2025,内蒙,本科批,物理类,,,574,4025,
164,文华学院,2025,内蒙,本科批,物理类,,,415,48647,
165,山东英才学院,2025,内蒙,本科批,物理类,,,399,61271,
167,辽宁科技大学,2025,内蒙,本科批,物理类,,,481,26955,
17,西南政法大学,2025,内蒙,本科批,物理类,,,581,3446,
170,北京科技大学,2025,内蒙,本科批,物理类,,,620,3677,
171,西安建筑科技大学,2025,内蒙,本科批,物理类,,,528,20532,
173,青岛理工大学,2025,内蒙,本科批,物理类,,,518,13388,
174,辽宁科技学院,2025,内蒙,本科批,物理类,,,479,28645,
175,枣庄学院,2025,内蒙,本科批,物理类,,,453,44142,
176,西安交通工程学院,2025,内蒙,本科批,物理类,,,422,48647,
177,武汉科技大学,2025,内蒙,本科批,物理类,,,593,6532,
18,西北政法大学,2025,内蒙,本科批,物理类,,,577,6818,
181,上海电力大学,2025,内蒙,本科批,物理类,,,610,4517,
182,东北大学秦皇岛分校,2025,内蒙,本科批,物理类,,,590,6818,
184,通化师范学院,2025,内蒙,本科批,物理类,,,400,59392,
185,江汉大学,2025,内蒙,本科批,物理类,,,557,12033,
186,哈尔滨工业大学(深圳),2025,内蒙,本科批,物理类,,,668,436,
187,电子科技大学,2025,内蒙,本科批,物理类,,,638,577,
188,杭州电子科技大学,2025,内蒙,本科批,物理类,,,573,7014,
189,西安电子科技大学,2025,内蒙,本科批,物理类,,,626,897,
19,中国政法大学,2025,内蒙,本科批,物理类,,,611,3677,
190,吉林工商学院,2025,内蒙,本科批,物理类,,,440,34836,
191,贵州民族大学,2025,内蒙,本科批,物理类,,,443,29488,
192,南京工业大学,2025,内蒙,本科批,物理类,,,560,14036,
193,陇东学院,2025,内蒙,本科批,物理类,,,426,50996,
196,吉林警察学院,2025,内蒙,本科批,物理类,,,501,28078,
197,山东理工大学,2025,内蒙,本科批,物理类,,,509,14710,
198,沈阳理工大学,2025,内蒙,本科批,物理类,,,524,21892,
199,北京理工大学,2025,内蒙,本科批,物理类,,,623,3330,
20,中南财经政法大学,2025,内蒙,本科批,物理类,,,599,4935,
200,上海电机学院,2025,内蒙,本科批,物理类,,,491,31221,
201,长春理工大学,2025,内蒙,本科批,物理类,,,547,13154,
202,中北大学,2025,内蒙,本科批,物理类,,,510,23287,
203,南京理工大学,2025,内蒙,本科批,物理类,,,619,3796,
208,广东金融学院,2025,内蒙,本科批,物理类,,,510,19553,
209,沈阳化工大学,2025,内蒙,本科批,物理类,,,524,17590,
21,大连民族大学,2025,内蒙,本科批,物理类,,,494,18582,
210,北京化工大学,2025,内蒙,本科批,物理类,,,584,9043,
211,青岛科技大学,2025,内蒙,本科批,物理类,,,535,12722,
217,上海应用技术大学,2025,内蒙,本科批,物理类,,,517,9394,
218,哈尔滨信息工程学院,2025,内蒙,本科批,物理类,,,411,57884,
219,天津工业大学,2025,内蒙,本科批,物理类,,,544,14710,
22,天津职业技术师范大学,2025,内蒙,本科批,物理类,,,476,30334,
221,大连工业大学,2025,内蒙,本科批,物理类,,,486,12270,
222,西安医学院,2025,内蒙,本科批,物理类,,,476,35112,
223,郑州轻工业大学,2025,内蒙,本科批,物理类,,,489,12270,
224,陕西科技大学,2025,内蒙,本科批,物理类,,,528,10380,
227,南昌工学院,2025,内蒙,本科批,物理类,,,384,61913,
228,景德镇陶瓷大学,2025,内蒙,本科批,物理类,,,485,26380,
229,天津科技大学,2025,内蒙,本科批,物理类,,,529,18582,
231,西安邮电大学,2025,内蒙,本科批,物理类,,,556,8198,
232,南京邮电大学,2025,内蒙,本科批,物理类,,,613,3330,
233,重庆邮电大学,2025,内蒙,本科批,物理类,,,608,4800,
234,北京邮电大学,2025,内蒙,本科批,物理类,,,608,519,
237,西南交通大学,2025,内蒙,本科批,物理类,,,586,3015,
238,大连交通大学,2025,内蒙,本科批,物理类,,,575,10801,
24,上海财经大学,2025,内蒙,本科批,物理类,,,621,1919,
241,兰州交通大学,2025,内蒙,本科批,物理类,,,419,18582,
242,华东交通大学,2025,内蒙,本科批,物理类,,,538,10801,
243,北京交通大学,2025,内蒙,本科批,物理类,,,609,5059,
244,石家庄铁道大学,2025,内蒙,本科批,物理类,,,544,12932,
246,伊犁师范大学,2025,内蒙,本科批,物理类,,,405,59699,
25,中央财经大学,2025,内蒙,本科批,物理类,,,607,1634,
250,大连海事大学,2025,内蒙,本科批,物理类,,,593,6026,
251,南通大学,2025,内蒙,本科批,物理类,,,494,31221,
252,山东交通学院,2025,内蒙,本科批,物理类,,,473,36015,
253,武汉理工大学,2025,内蒙,本科批,物理类,,,594,7337,
259,北京服装学院,2025,内蒙,本科批,物理类,,,447,41288,
26,东北财经大学,2025,内蒙,本科批,物理类,,,549,5325,
269,中国传媒大学,2025,内蒙,本科批,物理类,,,596,4517,
27,江西财经大学,2025,内蒙,本科批,物理类,,,547,7337,
271,浙江传媒学院,2025,内蒙,本科批,物理类,,,523,20532,
274,上海戏剧学院,2025,内蒙,本科批,物理类,,,531,2702,
276,北京外国语大学,2025,内蒙,本科批,物理类,,,610,3015,
277,上海外国语大学,2025,内蒙,本科批,物理类,,,560,5059,
278,长安大学,2025,内蒙,本科批,物理类,,,564,8884,
279,中山大学,2025,内蒙,本科批,物理类,,,629,601,
280,华南理工大学,2025,内蒙,本科批,物理类,,,634,841,
281,北京语言大学,2025,内蒙,本科批,物理类,,,466,10580,
282,南京大学,2025,内蒙,本科批,物理类,,,680,120,
283,东南大学,2025,内蒙,本科批,物理类,,,635,470,
284,大连理工大学,2025,内蒙,本科批,物理类,,,630,2598,
285,西安交通大学,2025,内蒙,本科批,物理类,,,628,350,
286,中国人民大学,2025,内蒙,本科批,物理类,,,677,190,
287,东华大学,2025,内蒙,本科批,物理类,,,604,3796,
288,江南大学,2025,内蒙,本科批,物理类,,,546,3225,
289,四川大学,2025,内蒙,本科批,物理类,,,626,2702,
29,西安财经大学,2025,内蒙,本科批,物理类,,,525,21608,
290,重庆大学,2025,内蒙,本科批,物理类,,,561,1149,
291,东北大学,2025,内蒙,本科批,物理类,,,613,4517,
292,浙江大学,2025,内蒙,本科批,物理类,,,683,58,
293,三峡大学,2025,内蒙,本科批,物理类,,,529,16847,
294,清华大学,2025,内蒙,本科批,物理类,,,693,11,
295,燕山大学,2025,内蒙,本科批,物理类,,,570,5325,
296,兰州大学,2025,内蒙,本科批,物理类,,,600,5740,
297,吉林大学,2025,内蒙,本科批,物理类,,,613,4142,
298,厦门大学,2025,内蒙,本科批,物理类,,,633,1218,
299,江苏大学,2025,内蒙,本科批,物理类,,,562,6184,
3,中央民族大学,2025,内蒙,本科批,物理类,,,526,4391,
30,承德医学院,2025,内蒙,本科批,物理类,,,486,33918,
300,山东大学,2025,内蒙,本科批,物理类,,,618,1149,
301,湖南大学,2025,内蒙,本科批,物理类,,,623,2885,
302,南开大学,2025,内蒙,本科批,物理类,,,653,950,
303,天津大学,2025,内蒙,本科批,物理类,,,652,713,
304,北京大学,2025,内蒙,本科批,物理类,,,694,41,
305,武汉大学,2025,内蒙,本科批,物理类,,,654,841,
306,济南大学,2025,内蒙,本科批,物理类,,,565,11823,
307,北京师范大学,2025,内蒙,本科批,物理类,,,632,2426,
308,复旦大学,2025,内蒙,本科批,物理类,,,685,54,
309,同济大学,2025,内蒙,本科批,物理类,,,643,313,
31,南京审计大学,2025,内蒙,本科批,物理类,,,584,6026,
310,上海交通大学,2025,内蒙,本科批,物理类,,,662,82,
311,华东理工大学,2025,内蒙,本科批,物理类,,,613,4517,
312,中南大学,2025,内蒙,本科批,物理类,,,590,1490,
313,山东大学威海分校,2025,内蒙,本科批,物理类,,,617,4025,
314,唐山学院,2025,内蒙,本科批,物理类,,,489,32445,
315,华东师范大学,2025,内蒙,本科批,物理类,,,621,2598,
316,河北师范大学,2025,内蒙,本科批,物理类,,,495,24966,
317,南京师范大学,2025,内蒙,本科批,物理类,,,605,5471,
320,陕西师范大学,2025,内蒙,本科批,物理类,,,595,7178,
321,东北师范大学,2025,内蒙,本科批,物理类,,,528,8532,
322,商丘师范学院,2025,内蒙,本科批,物理类,,,437,49381,
323,淮南师范学院,2025,内蒙,本科批,物理类,,,443,45695,
324,华中师范大学,2025,内蒙,本科批,物理类,,,576,7499,
325,云南师范大学,2025,内蒙,本科批,物理类,,,402,35726,
327,苏州大学,2025,内蒙,本科批,物理类,,,606,1634,
328,华中科技大学,2025,内蒙,本科批,物理类,,,632,436,
329,江西师范大学,2025,内蒙,本科批,物理类,,,564,13154,
33,大连外国语大学,2025,内蒙,本科批,物理类,,,498,14956,
330,北京大学医学部,2025,内蒙,本科批,物理类,,,668,190,
331,中国医科大学,2025,内蒙,本科批,物理类,,,501,1763,
333,咸阳师范学院,2025,内蒙,本科批,物理类,,,494,31526,
335,成都体育学院,2025,内蒙,本科批,物理类,,,527,22165,
336,沈阳体育学院,2025,内蒙,本科批,物理类,,,458,35426,
338,北京体育大学,2025,内蒙,本科批,物理类,,,588,2702,
340,玉溪师范学院,2025,内蒙,本科批,物理类,,,420,54269,
341,昆明医科大学,2025,内蒙,本科批,物理类,,,496,15393,
342,闽南理工学院,2025,内蒙,本科批,物理类,,,387,63748,
343,齐齐哈尔大学,2025,内蒙,本科批,物理类,,,445,29488,
346,长春工业大学,2025,内蒙,本科批,物理类,,,474,22719,
349,长春建筑学院,2025,内蒙,本科批,物理类,,,360,61913,
35,西南财经大学,2025,内蒙,本科批,物理类,,,601,3677,
352,山东第二医科大学,2025,内蒙,本科批,物理类,,,480,35726,
353,曲靖师范学院,2025,内蒙,本科批,物理类,,,426,47394,
354,上海海关学院,2025,内蒙,本科批,物理类,,,536,19815,
356,长春科技学院,2025,内蒙,本科批,物理类,,,395,60964,
357,南京信息工程大学,2025,内蒙,本科批,物理类,,,567,4142,
358,成都信息工程大学,2025,内蒙,本科批,物理类,,,570,5471,
36,牡丹江师范学院,2025,内蒙,本科批,物理类,,,442,39382,
362,中国民用航空飞行学院,2025,内蒙,本科批,物理类,,,530,16327,
363,中国民航大学,2025,内蒙,本科批,物理类,,,582,9043,
367,南昌理工学院,2025,内蒙,本科批,物理类,,,387,63748,
368,北京第二外国语学院,2025,内蒙,本科批,物理类,,,552,13154,
370,吉林动画学院,2025,内蒙,本科批,物理类,,,379,67212,
371,河北科技学院,2025,内蒙,本科批,物理类,,,379,67476,
373,北京印刷学院,2025,内蒙,本科批,物理类,,,553,15607,
374,中国计量大学,2025,内蒙,本科批,物理类,,,572,10380,
377,暨南大学,2025,内蒙,本科批,物理类,,,601,5890,
378,华侨大学,2025,内蒙,本科批,物理类,,,529,17590,
38,河北金融学院,2025,内蒙,本科批,物理类,,,334,36331,
380,哈尔滨职业技术大学,2025,内蒙,本科批,物理类,,,423,49999,
381,吉林财经大学,2025,内蒙,本科批,物理类,,,484,13604,
384,华东政法大学,2025,内蒙,本科批,物理类,,,610,4517,
389,上海健康医学院,2025,内蒙,本科批,物理类,,,504,28645,
390,中国药科大学,2025,内蒙,本科批,物理类,,,574,10991,
391,沈阳药科大学,2025,内蒙,本科批,物理类,,,554,6349,
394,郑州工业应用技术学院,2025,内蒙,本科批,物理类,,,396,62560,
395,黄河科技学院,2025,内蒙,本科批,物理类,,,438,46700,
399,北京中医药大学,2025,内蒙,本科批,物理类,,,619,3796,
4,西北民族大学,2025,内蒙,本科批,物理类,,,443,28078,
40,安徽工业大学,2025,内蒙,本科批,物理类,,,495,15607,
403,中国科学技术大学,2025,内蒙,本科批,物理类,,,680,120,
404,湖南文理学院,2025,内蒙,本科批,物理类,,,450,32445,
405,厦门理工学院,2025,内蒙,本科批,物理类,,,498,30334,
406,井冈山大学,2025,内蒙,本科批,物理类,,,455,40959,
409,江苏科技大学,2025,内蒙,本科批,物理类,,,538,16605,
41,哈尔滨金融学院,2025,内蒙,本科批,物理类,,,469,25236,
410,哈尔滨工程大学,2025,内蒙,本科批,物理类,,,616,1372,
411,河南医药大学,2025,内蒙,本科批,物理类,,,476,18825,
414,辽宁石油化工大学,2025,内蒙,本科批,物理类,,,478,36331,
416,北京石油化工学院,2025,内蒙,本科批,物理类,,,514,23579,
418,临沂大学,2025,内蒙,本科批,物理类,,,483,21084,
42,安徽师范大学,2025,内蒙,本科批,物理类,,,510,22165,
421,九江学院,2025,内蒙,本科批,物理类,,,430,49999,
423,湖南理工学院,2025,内蒙,本科批,物理类,,,477,35112,
424,桂林理工大学,2025,内蒙,本科批,物理类,,,460,39382,
425,昆明理工大学,2025,内蒙,本科批,物理类,,,501,27496,
427,北方工业大学,2025,内蒙,本科批,物理类,,,507,5059,
428,江西理工大学,2025,内蒙,本科批,物理类,,,392,22442,
429,长春师范大学,2025,内蒙,本科批,物理类,,,427,22719,
430,长春工程学院,2025,内蒙,本科批,物理类,,,438,29488,
431,大连科技学院,2025,内蒙,本科批,物理类,,,379,64921,
432,贵州财经大学,2025,内蒙,本科批,物理类,,,388,40959,
433,江西中医药大学,2025,内蒙,本科批,物理类,,,579,7337,
435,中国石油大学(北京),2025,内蒙,本科批,物理类,,,592,3796,
437,沈阳城市建设学院,2025,内蒙,本科批,物理类,,,361,62859,
438,西安石油大学,2025,内蒙,本科批,物理类,,,559,14268,
439,中国石油大学(华东),2025,内蒙,本科批,物理类,,,578,10183,
44,宜春学院,2025,内蒙,本科批,物理类,,,447,43816,
440,东北石油大学,2025,内蒙,本科批,物理类,,,544,17092,
441,上海大学,2025,内蒙,本科批,物理类,,,583,9219,
442,浙江理工大学,2025,内蒙,本科批,物理类,,,551,13604,
446,三峡大学科技学院,2025,内蒙,本科批,物理类,,,433,34528,
447,山东工商学院,2025,内蒙,本科批,物理类,,,429,22719,
449,赣南科技学院,2025,内蒙,本科批,物理类,,,449,45369,
45,重庆工商大学,2025,内蒙,本科批,物理类,,,544,14956,
450,辽宁工程技术大学,2025,内蒙,本科批,物理类,,,502,21342,
451,哈尔滨华德学院,2025,内蒙,本科批,物理类,,,359,66383,
452,西安科技大学,2025,内蒙,本科批,物理类,,,558,11394,
453,安徽理工大学,2025,内蒙,本科批,物理类,,,525,14036,
455,淮北师范大学,2025,内蒙,本科批,物理类,,,461,39382,
456,邢台学院,2025,内蒙,本科批,物理类,,,424,53661,
457,黑龙江科技大学,2025,内蒙,本科批,物理类,,,459,31838,
458,太原理工大学,2025,内蒙,本科批,物理类,,,569,4935,
46,天津商业大学,2025,内蒙,本科批,物理类,,,508,17092,
461,华北科技学院,2025,内蒙,本科批,物理类,,,441,48019,
462,中国矿业大学(北京),2025,内蒙,本科批,物理类,,,600,6349,
463,中国矿业大学(徐州),2025,内蒙,本科批,物理类,,,588,7499,
464,南华大学,2025,内蒙,本科批,物理类,,,509,17590,
466,东华理工大学,2025,内蒙,本科批,物理类,,,469,36946,
467,河北北方学院,2025,内蒙,本科批,物理类,,,315,21342,
469,鞍山师范学院,2025,内蒙,本科批,物理类,,,495,31221,
47,北京工商大学,2025,内蒙,本科批,物理类,,,576,10580,
471,广西医科大学,2025,内蒙,本科批,物理类,,,496,4517,
472,烟台理工学院,2025,内蒙,本科批,物理类,,,399,60309,
473,湖北科技学院,2025,内蒙,本科批,物理类,,,484,28645,
476,湖北汽车工业学院,2025,内蒙,本科批,物理类,,,503,28645,
478,湖北工业大学,2025,内蒙,本科批,物理类,,,569,8379,
479,桂林航天工业学院,2025,内蒙,本科批,物理类,,,456,43178,
48,北京物资学院,2025,内蒙,本科批,物理类,,,521,14956,
480,湖北师范大学,2025,内蒙,本科批,物理类,,,500,26090,
482,青岛城市学院,2025,内蒙,本科批,物理类,,,392,58500,
487,江西财经大学现代经济管理学院,2025,内蒙,本科批,物理类,,,416,43491,
49,南京财经大学,2025,内蒙,本科批,物理类,,,559,9219,
492,浙江海洋大学,2025,内蒙,本科批,物理类,,,502,21084,
499,重庆移通学院,2025,内蒙,本科批,物理类,,,410,56271,
5,北方民族大学,2025,内蒙,本科批,物理类,,,383,30626,
50,安庆师范大学,2025,内蒙,本科批,物理类,,,444,47043,
500,吉林医药学院,2025,内蒙,本科批,物理类,,,460,41908,
502,江苏海洋大学,2025,内蒙,本科批,物理类,,,506,16847,
503,电子科技大学成都学院,2025,内蒙,本科批,物理类,,,469,34836,
504,温州医科大学,2025,内蒙,本科批,物理类,,,466,28645,
509,成都文理学院,2025,内蒙,本科批,物理类,,,462,41288,
51,兰州财经大学,2025,内蒙,本科批,物理类,,,481,29488,
510,湖州师范学院,2025,内蒙,本科批,物理类,,,478,36331,
514,西安思源学院,2025,内蒙,本科批,物理类,,,383,58837,
52,安徽财经大学,2025,内蒙,本科批,物理类,,,526,12270,
522,首都经济贸易大学,2025,内蒙,本科批,物理类,,,581,9574,
523,北京农学院,2025,内蒙,本科批,物理类,,,528,21892,
525,北京工业大学,2025,内蒙,本科批,物理类,,,574,10991,
527,重庆文理学院,2025,内蒙,本科批,物理类,,,489,33044,
528,北京城市学院,2025,内蒙,本科批,物理类,,,376,59392,
529,首都师范大学,2025,内蒙,本科批,物理类,,,581,8532,
53,河南工业大学,2025,内蒙,本科批,物理类,,,489,19305,
530,北京联合大学,2025,内蒙,本科批,物理类,,,566,12501,
531,梧州学院,2025,内蒙,本科批,物理类,,,431,51337,
532,商洛学院,2025,内蒙,本科批,物理类,,,430,50667,
535,湖北中医药大学,2025,内蒙,本科批,物理类,,,515,14268,
54,哈尔滨商业大学,2025,内蒙,本科批,物理类,,,406,18825,
541,陕西理工大学,2025,内蒙,本科批,物理类,,,465,35426,
542,陕西中医药大学,2025,内蒙,本科批,物理类,,,564,11189,
546,西华大学,2025,内蒙,本科批,物理类,,,512,18326,
547,内江师范学院,2025,内蒙,本科批,物理类,,,482,33332,
548,绵阳师范学院,2025,内蒙,本科批,物理类,,,465,38447,
549,黑龙江东方学院,2025,内蒙,本科批,物理类,,,375,67736,
55,武汉轻工大学,2025,内蒙,本科批,物理类,,,527,14956,
551,天津外国语大学,2025,内蒙,本科批,物理类,,,530,16099,
552,天津体育学院,2025,内蒙,本科批,物理类,,,483,24142,
553,天津城建大学,2025,内蒙,本科批,物理类,,,473,34528,
556,天津财经大学,2025,内蒙,本科批,物理类,,,548,8198,
557,天津医科大学,2025,内蒙,本科批,物理类,,,568,4391,
559,天津理工大学,2025,内蒙,本科批,物理类,,,525,15173,
56,山西财经大学,2025,内蒙,本科批,物理类,,,476,20296,
561,天津天狮学院,2025,内蒙,本科批,物理类,,,357,61601,
562,天津师范大学,2025,内蒙,本科批,物理类,,,587,8532,
563,天津农学院,2025,内蒙,本科批,物理类,,,434,32445,
564,天津中医药大学,2025,内蒙,本科批,物理类,,,516,18326,
57,福建理工大学,2025,内蒙,本科批,物理类,,,478,32133,
573,天津中德应用技术大学,2025,内蒙,本科批,物理类,,,488,33332,
576,湖南科技学院,2025,内蒙,本科批,物理类,,,457,36015,
578,上海师范大学天华学院,2025,内蒙,本科批,物理类,,,402,60654,
580,河北科技师范学院,2025,内蒙,本科批,物理类,,,451,39710,
581,河北医科大学,2025,内蒙,本科批,物理类,,,517,21892,
582,萍乡学院,2025,内蒙,本科批,物理类,,,418,53969,
584,成都中医药大学,2025,内蒙,本科批,物理类,,,581,6818,
585,西安明德理工学院,2025,内蒙,本科批,物理类,,,411,54593,
589,绍兴文理学院,2025,内蒙,本科批,物理类,,,475,30906,
59,中国劳动关系学院,2025,内蒙,本科批,物理类,,,535,15858,
590,河南农业大学,2025,内蒙,本科批,物理类,,,485,34211,
591,贵州大学,2025,内蒙,本科批,物理类,,,552,12270,
592,大理大学,2025,内蒙,本科批,物理类,,,484,21084,
594,河南大学,2025,内蒙,本科批,物理类,,,528,18582,
595,河南中医药大学,2025,内蒙,本科批,物理类,,,494,18825,
596,洛阳理工学院,2025,内蒙,本科批,物理类,,,470,28376,
598,许昌学院,2025,内蒙,本科批,物理类,,,437,42207,
599,郑州工程技术学院,2025,内蒙,本科批,物理类,,,469,39041,
6,西南民族大学,2025,内蒙,本科批,物理类,,,486,20532,
60,北京建筑大学,2025,内蒙,本科批,物理类,,,522,14494,
602,河南城建学院,2025,内蒙,本科批,物理类,,,409,51337,
603,温州大学,2025,内蒙,本科批,物理类,,,542,18326,
604,南阳师范学院,2025,内蒙,本科批,物理类,,,450,33612,
605,郑州大学,2025,内蒙,本科批,物理类,,,587,7838,
607,西安文理学院,2025,内蒙,本科批,物理类,,,497,30626,
609,阜阳师范大学,2025,内蒙,本科批,物理类,,,443,46355,
61,对外经济贸易大学,2025,内蒙,本科批,物理类,,,609,3225,
611,江西科技师范大学,2025,内蒙,本科批,物理类,,,447,36015,
612,山东科技大学,2025,内蒙,本科批,物理类,,,527,12932,
614,陕西国际商贸学院,2025,内蒙,本科批,物理类,,,401,59699,
617,齐鲁工业大学,2025,内蒙,本科批,物理类,,,508,10991,
619,山东第一医科大学,2025,内蒙,本科批,物理类,,,527,5194,
62,上海海洋大学,2025,内蒙,本科批,物理类,,,556,12501,
621,西南科技大学,2025,内蒙,本科批,物理类,,,499,18326,
624,四川工程职业技术大学,2025,内蒙,本科批,物理类,,,476,33612,
627,集美大学,2025,内蒙,本科批,物理类,,,531,21084,
628,湖南城市学院,2025,内蒙,本科批,物理类,,,442,43178,
63,聊城大学,2025,内蒙,本科批,物理类,,,498,28078,
630,河北大学,2025,内蒙,本科批,物理类,,,496,16099,
631,河北工业大学,2025,内蒙,本科批,物理类,,,510,4664,
632,华北理工大学,2025,内蒙,本科批,物理类,,,525,19305,
636,河北科技大学,2025,内蒙,本科批,物理类,,,465,13809,
639,廊坊师范学院,2025,内蒙,本科批,物理类,,,426,48019,
64,大连海洋大学,2025,内蒙,本科批,物理类,,,482,35112,
644,衡水学院,2025,内蒙,本科批,物理类,,,493,31838,
645,河北经贸大学,2025,内蒙,本科批,物理类,,,486,21084,
646,武汉城市学院,2025,内蒙,本科批,物理类,,,442,47701,
649,浙江水利水电学院,2025,内蒙,本科批,物理类,,,469,29211,
65,湖南农业大学,2025,内蒙,本科批,物理类,,,475,26955,
651,山东师范大学,2025,内蒙,本科批,物理类,,,571,11607,
652,沧州师范学院,2025,内蒙,本科批,物理类,,,484,33044,
654,新余学院,2025,内蒙,本科批,物理类,,,435,35426,
658,江西农业大学,2025,内蒙,本科批,物理类,,,493,28901,
659,上饶师范学院,2025,内蒙,本科批,物理类,,,434,50339,
66,华中农业大学,2025,内蒙,本科批,物理类,,,563,11189,
666,信阳师范大学,2025,内蒙,本科批,物理类,,,457,42820,
668,哈尔滨师范大学,2025,内蒙,本科批,物理类,,,463,35426,
67,四川农业大学,2025,内蒙,本科批,物理类,,,584,6818,
670,武汉工程大学,2025,内蒙,本科批,物理类,,,583,8198,
671,长江大学,2025,内蒙,本科批,物理类,,,521,21084,
673,武汉职业技术大学,2025,内蒙,本科批,物理类,,,472,38138,
677,湖北工程学院,2025,内蒙,本科批,物理类,,,452,32133,
678,深圳理工大学,2025,内蒙,本科批,物理类,,,643,1568,
679,荆楚理工学院,2025,内蒙,本科批,物理类,,,464,36015,
68,山东航空学院,2025,内蒙,本科批,物理类,,,510,26955,
680,山西农业大学,2025,内蒙,本科批,物理类,,,445,46038,
681,无锡学院,2025,内蒙,本科批,物理类,,,562,12722,
683,武汉生物工程学院,2025,内蒙,本科批,物理类,,,396,46038,
684,南昌大学科学技术学院,2025,内蒙,本科批,物理类,,,400,61271,
685,南京邮电大学通达学院,2025,内蒙,本科批,物理类,,,458,33332,
687,湖北理工学院,2025,内蒙,本科批,物理类,,,471,36015,
690,黄冈师范学院,2025,内蒙,本科批,物理类,,,418,55303,
691,广州医科大学,2025,内蒙,本科批,物理类,,,562,13604,
695,湖南工学院,2025,内蒙,本科批,物理类,,,452,40648,
696,邵阳学院,2025,内蒙,本科批,物理类,,,450,43816,
698,南京审计大学金审学院,2025,内蒙,本科批,物理类,,,467,28901,
699,湖南女子学院,2025,内蒙,本科批,物理类,,,453,44142,
7,中南民族大学,2025,内蒙,本科批,物理类,,,515,16099,
70,南京农业大学,2025,内蒙,本科批,物理类,,,569,9219,
701,吉首大学,2025,内蒙,本科批,物理类,,,468,39382,
702,湘潭大学,2025,内蒙,本科批,物理类,,,575,8379,
703,湖南工商大学,2025,内蒙,本科批,物理类,,,517,23579,
704,天津商业大学宝德学院,2025,内蒙,本科批,物理类,,,385,43816,
705,聊城大学东昌学院,2025,内蒙,本科批,物理类,,,418,55623,
707,湖南医药学院,2025,内蒙,本科批,物理类,,,529,20815,
71,西南大学,2025,内蒙,本科批,物理类,,,575,6818,
711,山西大学,2025,内蒙,本科批,物理类,,,560,11189,
712,山西师范大学,2025,内蒙,本科批,物理类,,,431,31526,
713,山西医科大学,2025,内蒙,本科批,物理类,,,471,19077,
714,长治医学院,2025,内蒙,本科批,物理类,,,467,21608,
716,大连艺术学院,2025,内蒙,本科批,物理类,,,358,64361,
717,电子科技大学中山学院,2025,内蒙,本科批,物理类,,,398,37836,
719,太原学院,2025,内蒙,本科批,物理类,,,393,42515,
72,沈阳农业大学,2025,内蒙,本科批,物理类,,,540,18825,
723,山西应用科技学院,2025,内蒙,本科批,物理类,,,399,60654,
724,西安信息职业大学,2025,内蒙,本科批,物理类,,,370,61271,
728,山西中医药大学,2025,内蒙,本科批,物理类,,,493,18077,
729,太原师范学院,2025,内蒙,本科批,物理类,,,470,32133,
73,中国农业大学,2025,内蒙,本科批,物理类,,,595,5890,
730,潍坊科技学院,2025,内蒙,本科批,物理类,,,408,58837,
733,武汉华夏理工学院,2025,内蒙,本科批,物理类,,,380,67212,
737,烟台大学,2025,内蒙,本科批,物理类,,,442,26673,
738,青岛大学,2025,内蒙,本科批,物理类,,,551,14956,
739,青岛滨海学院,2025,内蒙,本科批,物理类,,,386,59120,
74,西北农林科技大学,2025,内蒙,本科批,物理类,,,586,5325,
741,山东农业大学,2025,内蒙,本科批,物理类,,,469,28376,
742,西安理工大学高科学院,2025,内蒙,本科批,物理类,,,418,46038,
744,桂林旅游学院,2025,内蒙,本科批,物理类,,,420,54269,
745,广西大学,2025,内蒙,本科批,物理类,,,567,9043,
746,广西科技大学,2025,内蒙,本科批,物理类,,,456,36331,
748,贵州医科大学,2025,内蒙,本科批,物理类,,,490,11189,
749,云南大学,2025,内蒙,本科批,物理类,,,575,8379,
75,塔里木大学,2025,内蒙,本科批,物理类,,,414,52987,
750,西安科技大学高新学院,2025,内蒙,本科批,物理类,,,416,56271,
751,内蒙古大学,2025,内蒙,本科批,物理类,,,458,6184,
752,内蒙古师范大学,2025,内蒙,本科批,物理类,,,334,21084,
753,内蒙古工业大学,2025,内蒙,本科批,物理类,,,377,37522,
754,内蒙古财经大学,2025,内蒙,本科批,物理类,,,352,14494,
755,内蒙古农业大学,2025,内蒙,本科批,物理类,,,333,34528,
756,四川文化艺术学院,2025,内蒙,本科批,物理类,,,398,61913,
757,内蒙古科技大学包头师范学院,2025,内蒙,本科批,物理类,,,319,34836,
758,内蒙古医科大学,2025,内蒙,本科批,物理类,,,429,18077,
759,内蒙古科技大学包头医学院,2025,内蒙,本科批,物理类,,,524,19305,
76,石河子大学,2025,内蒙,本科批,物理类,,,521,19553,
760,绵阳城市学院,2025,内蒙,本科批,物理类,,,408,31221,
761,内蒙古民族大学,2025,内蒙,本科批,物理类,,,335,27236,
764,内蒙古科技大学,2025,内蒙,本科批,物理类,,,323,26380,
765,集宁师范学院,2025,内蒙,本科批,物理类,,,413,45095,
766,呼伦贝尔学院,2025,内蒙,本科批,物理类,,,320,47043,
767,赤峰学院,2025,内蒙,本科批,物理类,,,325,31221,
768,呼和浩特民族学院,2025,内蒙,本科批,物理类,,,309,33044,
770,呼和浩特职业技术大学,2025,内蒙,本科批,物理类,,,415,43491,
771,内蒙古建筑职业技术大学,2025,内蒙,本科批,物理类,,,383,59120,
772,河套学院,2025,内蒙,本科批,物理类,,,321,55623,
773,内蒙古警察学院,2025,内蒙,本科批,物理类,,,497,30626,
775,兴安职业技术大学,2025,内蒙,本科批,物理类,,,399,60009,
78,华南农业大学,2025,内蒙,本科批,物理类,,,504,26090,
787,天津财经大学珠江学院,2025,内蒙,本科批,物理类,,,398,53326,
79,安徽农业大学,2025,内蒙,本科批,物理类,,,516,16847,
790,广东医科大学,2025,内蒙,本科批,物理类,,,467,5740,
791,广西民族大学,2025,内蒙,本科批,物理类,,,420,43178,
796,广州中医药大学,2025,内蒙,本科批,物理类,,,541,3908,
798,广西师范大学,2025,内蒙,本科批,物理类,,,490,21892,
799,桂林医科大学,2025,内蒙,本科批,物理类,,,507,13809,
80,南京林业大学,2025,内蒙,本科批,物理类,,,549,14710,
801,辽宁大学,2025,内蒙,本科批,物理类,,,555,5890,
802,辽宁工业大学,2025,内蒙,本科批,物理类,,,392,57566,
803,沈阳音乐学院,2025,内蒙,本科批,物理类,,,522,23579,
808,辽宁对外经贸学院,2025,内蒙,本科批,物理类,,,350,64062,
81,西南林业大学,2025,内蒙,本科批,物理类,,,446,40037,
810,沈阳师范大学,2025,内蒙,本科批,物理类,,,442,40037,
817,辽东学院,2025,内蒙,本科批,物理类,,,412,57566,
819,朝阳师范学院,2025,内蒙,本科批,物理类,,,436,45695,
82,北京林业大学,2025,内蒙,本科批,物理类,,,573,6667,
820,渤海大学,2025,内蒙,本科批,物理类,,,440,26090,
823,大连大学,2025,内蒙,本科批,物理类,,,477,17824,
824,沈阳医学院,2025,内蒙,本科批,物理类,,,459,14036,
827,锦州医科大学,2025,内蒙,本科批,物理类,,,488,16327,
83,东北林业大学,2025,内蒙,本科批,物理类,,,550,12501,
830,吉林建筑大学,2025,内蒙,本科批,物理类,,,374,40037,
832,长春大学,2025,内蒙,本科批,物理类,,,353,35112,
835,吉林体育学院,2025,内蒙,本科批,物理类,,,423,53969,
836,吉林建筑科技学院,2025,内蒙,本科批,物理类,,,358,66940,
837,延边大学,2025,内蒙,本科批,物理类,,,554,12270,
838,长春工业大学人文信息学院,2025,内蒙,本科批,物理类,,,355,62261,
839,吉林化工大学,2025,内蒙,本科批,物理类,,,441,40959,
840,吉林农业大学,2025,内蒙,本科批,物理类,,,459,41288,
842,吉林工程技术师范学院,2025,内蒙,本科批,物理类,,,441,45695,
844,华南师范大学,2025,内蒙,本科批,物理类,,,598,6667,
846,北华大学,2025,内蒙,本科批,物理类,,,437,37238,
847,岭南师范学院,2025,内蒙,本科批,物理类,,,459,32445,
85,韩山师范学院,2025,内蒙,本科批,物理类,,,447,43491,
851,吉林师范大学,2025,内蒙,本科批,物理类,,,472,30906,
852,白城师范学院,2025,内蒙,本科批,物理类,,,399,52332,
853,肇庆学院,2025,内蒙,本科批,物理类,,,427,52652,
854,吉林农业科技学院,2025,内蒙,本科批,物理类,,,438,39710,
857,喀什大学,2025,内蒙,本科批,物理类,,,423,34836,
858,吉林外国语大学,2025,内蒙,本科批,物理类,,,380,51996,
86,广东财经大学,2025,内蒙,本科批,物理类,,,550,16327,
861,青岛黄海学院,2025,内蒙,本科批,物理类,,,393,63446,
865,湖北医药学院,2025,内蒙,本科批,物理类,,,537,15607,
867,武昌理工学院,2025,内蒙,本科批,物理类,,,411,57884,
868,湖北民族大学,2025,内蒙,本科批,物理类,,,489,18582,
872,牡丹江医科大学,2025,内蒙,本科批,物理类,,,480,21892,
873,黑龙江工业学院,2025,内蒙,本科批,物理类,,,432,50996,
874,黑龙江八一农垦大学,2025,内蒙,本科批,物理类,,,453,31838,
875,黑龙江大学,2025,内蒙,本科批,物理类,,,545,14956,
876,黑河学院,2025,内蒙,本科批,物理类,,,415,37836,
877,东北农业大学,2025,内蒙,本科批,物理类,,,532,18326,
878,哈尔滨医科大学,2025,内蒙,本科批,物理类,,,525,4664,
879,黑龙江中医药大学,2025,内蒙,本科批,物理类,,,458,7178,
881,黑龙江工程学院,2025,内蒙,本科批,物理类,,,452,44442,
882,佳木斯大学,2025,内蒙,本科批,物理类,,,455,32753,
883,重庆医科大学,2025,内蒙,本科批,物理类,,,536,4391,
884,大庆师范学院,2025,内蒙,本科批,物理类,,,440,29488,
885,南京工业职业技术大学,2025,内蒙,本科批,物理类,,,523,20057,
887,四川外国语大学,2025,内蒙,本科批,物理类,,,521,12270,
889,齐齐哈尔工程学院,2025,内蒙,本科批,物理类,,,391,64062,
89,保定学院,2025,内蒙,本科批,物理类,,,441,40336,
891,黑龙江外国语学院,2025,内蒙,本科批,物理类,,,378,67736,
892,绥化学院,2025,内蒙,本科批,物理类,,,420,51685,
897,北京信息科技大学,2025,内蒙,本科批,物理类,,,582,9043,
899,重庆财经学院,2025,内蒙,本科批,物理类,,,406,49009,
90,重庆人文科技学院,2025,内蒙,本科批,物理类,,,406,59392,
900,上海理工大学,2025,内蒙,本科批,物理类,,,590,6349,
903,上海第二工业大学,2025,内蒙,本科批,物理类,,,503,16099,
908,宁波大学,2025,内蒙,本科批,物理类,,,548,13809,
91,新乡学院,2025,内蒙,本科批,物理类,,,455,39710,
911,扬州大学,2025,内蒙,本科批,物理类,,,545,17590,
913,上海工程技术大学,2025,内蒙,本科批,物理类,,,491,23867,
917,南京特殊教育师范学院,2025,内蒙,本科批,物理类,,,469,30334,
920,安徽大学,2025,内蒙,本科批,物理类,,,591,4800,
924,重庆工商大学派斯学院,2025,内蒙,本科批,物理类,,,412,55303,
925,海南大学,2025,内蒙,本科批,物理类,,,552,15858,
926,海口经济学院,2025,内蒙,本科批,物理类,,,345,67212,
927,海南师范大学,2025,内蒙,本科批,物理类,,,435,20532,
931,福州大学,2025,内蒙,本科批,物理类,,,592,7667,
935,南昌大学,2025,内蒙,本科批,物理类,,,584,7838,
936,江西科技学院,2025,内蒙,本科批,物理类,,,376,60654,
938,沈阳大学,2025,内蒙,本科批,物理类,,,494,24701,
94,河北民族师范学院,2025,内蒙,本科批,物理类,,,466,35112,
940,榆林学院,2025,内蒙,本科批,物理类,,,424,33918,
941,西北大学,2025,内蒙,本科批,物理类,,,601,5740,
942,西安外国语大学,2025,内蒙,本科批,物理类,,,522,15173,
945,西安外事学院,2025,内蒙,本科批,物理类,,,407,49009,
947,延安大学,2025,内蒙,本科批,物理类,,,461,41288,
948,西安欧亚学院,2025,内蒙,本科批,物理类,,,403,51337,
949,西京学院,2025,内蒙,本科批,物理类,,,401,60009,
95,沈阳工业大学,2025,内蒙,本科批,物理类,,,426,27236,
950,西安培华学院,2025,内蒙,本科批,物理类,,,408,54269,
951,西安翻译学院,2025,内蒙,本科批,物理类,,,387,64921,
953,渭南师范学院,2025,内蒙,本科批,物理类,,,443,47394,
955,甘肃农业大学,2025,内蒙,本科批,物理类,,,445,44442,
957,甘肃政法大学,2025,内蒙,本科批,物理类,,,536,12501,
958,西北师范大学,2025,内蒙,本科批,物理类,,,472,18077,
96,西安理工大学,2025,内蒙,本科批,物理类,,,586,6532,
961,青海大学,2025,内蒙,本科批,物理类,,,473,34528,
962,青海民族大学,2025,内蒙,本科批,物理类,,,372,42820,
963,青海师范大学,2025,内蒙,本科批,物理类,,,379,64921,
964,上海立信会计金融学院,2025,内蒙,本科批,物理类,,,542,12501,
966,潍坊学院,2025,内蒙,本科批,物理类,,,450,43491,
968,浙江科技大学,2025,内蒙,本科批,物理类,,,553,14036,
969,宁波工程学院,2025,内蒙,本科批,物理类,,,487,33612,
97,合肥工业大学,2025,内蒙,本科批,物理类,,,558,7667,
971,广州大学,2025,内蒙,本科批,物理类,,,572,7667,
972,宁夏大学,2025,内蒙,本科批,物理类,,,565,12932,
973,宁夏理工学院,2025,内蒙,本科批,物理类,,,386,60654,
976,海南热带海洋学院,2025,内蒙,本科批,物理类,,,395,62859,
98,兰州理工大学,2025,内蒙,本科批,物理类,,,446,22442,
981,新疆大学,2025,内蒙,本科批,物理类,,,560,12270,
982,新疆师范大学,2025,内蒙,本科批,物理类,,,427,33918,
986,新疆农业大学,2025,内蒙,本科批,物理类,,,453,36331,
989,五邑大学,2025,内蒙,本科批,物理类,,,537,19553,
99,哈尔滨理工大学,2025,内蒙,本科批,物理类,,,517,20296,
992,昆明学院,2025,内蒙,本科批,物理类,,,464,40648,
993,重庆科技大学,2025,内蒙,本科批,物理类,,,540,18825,
998,广东石油化工学院,2025,内蒙,本科批,物理类,,,424,27790,
999,重庆理工大学,2025,内蒙,本科批,物理类,,,524,22442,
,三亚学院,2025,内蒙,本科批,物理类,,,345,64361,
1,北京电子科技学院,2025,内蒙,本科提前批B段,物理类,,,632,370,
10,中国人民公安大学,2025,内蒙,本科提前批B段,物理类,,,599,1832,
105,西北工业大学,2025,内蒙,本科提前批B段,物理类,,,648,1272,
107,哈尔滨工业大学,2025,内蒙,本科提前批B段,物理类,,,643,1568,
108,空军工程大学,2025,内蒙,本科提前批B段,物理类,,,590,3548,
117,南京航空航天大学,2025,内蒙,本科提前批B段,物理类,,,622,3446,
119,北京航空航天大学,2025,内蒙,本科提前批B段,物理类,,,638,1099,
12,中国人民警察大学,2025,内蒙,本科提前批B段,物理类,,,589,3111,
131,华北电力大学(保定),2025,内蒙,本科提前批B段,物理类,,,611,4664,
134,华北电力大学(北京),2025,内蒙,本科提前批B段,物理类,,,623,3015,
148,中国海洋大学,2025,内蒙,本科提前批B段,物理类,,,603,5890,
160,中国地质大学(北京),2025,内蒙,本科提前批B段,物理类,,,567,11394,
162,中国地质大学(武汉),2025,内蒙,本科提前批B段,物理类,,,569,12033,
17,西南政法大学,2025,内蒙,本科提前批B段,物理类,,,609,5059,
170,北京科技大学,2025,内蒙,本科提前批B段,物理类,,,576,8532,
18,西北政法大学,2025,内蒙,本科提前批B段,物理类,,,487,33612,
187,电子科技大学,2025,内蒙,本科提前批B段,物理类,,,629,1697,
189,西安电子科技大学,2025,内蒙,本科提前批B段,物理类,,,632,2001,
19,中国政法大学,2025,内蒙,本科提前批B段,物理类,,,590,8013,
199,北京理工大学,2025,内蒙,本科提前批B段,物理类,,,645,1424,
20,中南财经政法大学,2025,内蒙,本科提前批B段,物理类,,,606,5471,
203,南京理工大学,2025,内蒙,本科提前批B段,物理类,,,586,8714,
207,江西警察学院,2025,内蒙,本科提前批B段,物理类,,,511,6184,
210,北京化工大学,2025,内蒙,本科提前批B段,物理类,,,601,4935,
23,中央司法警官学院,2025,内蒙,本科提前批B段,物理类,,,542,10380,
234,北京邮电大学,2025,内蒙,本科提前批B段,物理类,,,637,2001,
237,西南交通大学,2025,内蒙,本科提前批B段,物理类,,,521,19815,
24,上海财经大学,2025,内蒙,本科提前批B段,物理类,,,625,3111,
243,北京交通大学,2025,内蒙,本科提前批B段,物理类,,,598,3548,
25,中央财经大学,2025,内蒙,本科提前批B段,物理类,,,578,10183,
250,大连海事大学,2025,内蒙,本科提前批B段,物理类,,,572,11394,
252,山东交通学院,2025,内蒙,本科提前批B段,物理类,,,515,22442,
253,武汉理工大学,2025,内蒙,本科提前批B段,物理类,,,567,6818,
278,长安大学,2025,内蒙,本科提前批B段,物理类,,,560,4391,
280,华南理工大学,2025,内蒙,本科提前批B段,物理类,,,609,5059,
281,北京语言大学,2025,内蒙,本科提前批B段,物理类,,,552,7178,
282,南京大学,2025,内蒙,本科提前批B段,物理类,,,643,1568,
283,东南大学,2025,内蒙,本科提前批B段,物理类,,,640,1763,
284,大连理工大学,2025,内蒙,本科提前批B段,物理类,,,622,2885,
285,西安交通大学,2025,内蒙,本科提前批B段,物理类,,,638,1919,
286,中国人民大学,2025,内蒙,本科提前批B段,物理类,,,617,4025,
287,东华大学,2025,内蒙,本科提前批B段,物理类,,,577,8379,
288,江南大学,2025,内蒙,本科提前批B段,物理类,,,570,11823,
289,四川大学,2025,内蒙,本科提前批B段,物理类,,,623,3330,
291,东北大学,2025,内蒙,本科提前批B段,物理类,,,604,5740,
292,浙江大学,2025,内蒙,本科提前批B段,物理类,,,671,190,
294,清华大学,2025,内蒙,本科提前批B段,物理类,,,682,58,
296,兰州大学,2025,内蒙,本科提前批B段,物理类,,,610,4935,
297,吉林大学,2025,内蒙,本科提前批B段,物理类,,,595,4800,
298,厦门大学,2025,内蒙,本科提前批B段,物理类,,,596,7014,
300,山东大学,2025,内蒙,本科提前批B段,物理类,,,600,6349,
301,湖南大学,2025,内蒙,本科提前批B段,物理类,,,623,3330,
302,南开大学,2025,内蒙,本科提前批B段,物理类,,,617,4025,
303,天津大学,2025,内蒙,本科提前批B段,物理类,,,599,6532,
304,北京大学,2025,内蒙,本科提前批B段,物理类,,,687,90,
305,武汉大学,2025,内蒙,本科提前批B段,物理类,,,640,1763,
307,北京师范大学,2025,内蒙,本科提前批B段,物理类,,,631,2516,
308,复旦大学,2025,内蒙,本科提前批B段,物理类,,,664,541,
309,同济大学,2025,内蒙,本科提前批B段,物理类,,,638,1919,
310,上海交通大学,2025,内蒙,本科提前批B段,物理类,,,649,1218,
311,华东理工大学,2025,内蒙,本科提前批B段,物理类,,,589,6532,
312,中南大学,2025,内蒙,本科提前批B段,物理类,,,597,4800,
315,华东师范大学,2025,内蒙,本科提前批B段,物理类,,,614,1490,
317,南京师范大学,2025,内蒙,本科提前批B段,物理类,,,586,8714,
320,陕西师范大学,2025,内蒙,本科提前批B段,物理类,,,615,2789,
321,东北师范大学,2025,内蒙,本科提前批B段,物理类,,,612,4025,
324,华中师范大学,2025,内蒙,本科提前批B段,物理类,,,575,3015,
327,苏州大学,2025,内蒙,本科提前批B段,物理类,,,580,9784,
328,华中科技大学,2025,内蒙,本科提前批B段,物理类,,,630,2598,
35,西南财经大学,2025,内蒙,本科提前批B段,物理类,,,560,8714,
354,上海海关学院,2025,内蒙,本科提前批B段,物理类,,,611,2426,
362,中国民用航空飞行学院,2025,内蒙,本科提前批B段,物理类,,,568,12270,
390,中国药科大学,2025,内蒙,本科提前批B段,物理类,,,585,6818,
399,北京中医药大学,2025,内蒙,本科提前批B段,物理类,,,528,21892,
403,中国科学技术大学,2025,内蒙,本科提前批B段,物理类,,,658,753,
410,哈尔滨工程大学,2025,内蒙,本科提前批B段,物理类,,,619,3225,
439,中国石油大学(华东),2025,内蒙,本科提前批B段,物理类,,,587,4517,
462,中国矿业大学(北京),2025,内蒙,本科提前批B段,物理类,,,573,5471,
463,中国矿业大学(徐州),2025,内蒙,本科提前批B段,物理类,,,551,16099,
484,武警工程大学,2025,内蒙,本科提前批B段,物理类,,,575,4517,
505,国防科技大学,2025,内蒙,本科提前批B段,物理类,,,631,1272,
525,北京工业大学,2025,内蒙,本科提前批B段,物理类,,,543,7499,
559,天津理工大学,2025,内蒙,本科提前批B段,物理类,,,541,15173,
591,贵州大学,2025,内蒙,本科提前批B段,物理类,,,554,15393,
61,对外经济贸易大学,2025,内蒙,本科提前批B段,物理类,,,586,8532,
64,大连海洋大学,2025,内蒙,本科提前批B段,物理类,,,527,21892,
66,华中农业大学,2025,内蒙,本科提前批B段,物理类,,,576,8532,
70,南京农业大学,2025,内蒙,本科提前批B段,物理类,,,567,12501,
71,西南大学,2025,内蒙,本科提前批B段,物理类,,,615,3796,
73,中国农业大学,2025,内蒙,本科提前批B段,物理类,,,603,5890,
74,西北农林科技大学,2025,内蒙,本科提前批B段,物理类,,,580,8714,
745,广西大学,2025,内蒙,本科提前批B段,物理类,,,605,5599,
749,云南大学,2025,内蒙,本科提前批B段,物理类,,,589,8198,
752,内蒙古师范大学,2025,内蒙,本科提前批B段,物理类,,,533,10183,
753,内蒙古工业大学,2025,内蒙,本科提前批B段,物理类,,,496,30906,
758,内蒙古医科大学,2025,内蒙,本科提前批B段,物理类,,,550,7014,
759,内蒙古科技大学包头医学院,2025,内蒙,本科提前批B段,物理类,,,536,5194,
761,内蒙古民族大学,2025,内蒙,本科提前批B段,物理类,,,469,9043,
767,赤峰学院,2025,内蒙,本科提前批B段,物理类,,,543,5890,
773,内蒙古警察学院,2025,内蒙,本科提前批B段,物理类,,,547,6818,
8,郑州警察学院,2025,内蒙,本科提前批B段,物理类,,,583,3796,
82,北京林业大学,2025,内蒙,本科提前批B段,物理类,,,576,10580,
83,东北林业大学,2025,内蒙,本科提前批B段,物理类,,,560,6532,
84,南京警察学院,2025,内蒙,本科提前批B段,物理类,,,583,3330,
875,黑龙江大学,2025,内蒙,本科提前批B段,物理类,,,481,26090,
887,四川外国语大学,2025,内蒙,本科提前批B段,物理类,,,512,19815,
9,中国刑事警察学院,2025,内蒙,本科提前批B段,物理类,,,595,2516,
908,宁波大学,2025,内蒙,本科提前批B段,物理类,,,552,15173,
931,福州大学,2025,内蒙,本科提前批B段,物理类,,,583,9219,
941,西北大学,2025,内蒙,本科提前批B段,物理类,,,583,7337,
97,合肥工业大学,2025,内蒙,本科提前批B段,物理类,,,552,15858,
,上海交通大学医学院,2025,内蒙,本科提前批B段,物理类,,,642,1634,
105,西北工业大学,2025,内蒙,本科提前批C段,物理类,,,617,4025,
107,哈尔滨工业大学,2025,内蒙,本科提前批C段,物理类,,,638,1919,
117,南京航空航天大学,2025,内蒙,本科提前批C段,物理类,,,613,3446,
119,北京航空航天大学,2025,内蒙,本科提前批C段,物理类,,,657,793,
12,中国人民警察大学,2025,内蒙,本科提前批C段,物理类,,,504,20815,
128,大连医科大学,2025,内蒙,本科提前批C段,物理类,,,512,26380,
131,华北电力大学(保定),2025,内蒙,本科提前批C段,物理类,,,564,4025,
134,华北电力大学(北京),2025,内蒙,本科提前批C段,物理类,,,623,3015,
144,河海大学,2025,内蒙,本科提前批C段,物理类,,,541,9219,
148,中国海洋大学,2025,内蒙,本科提前批C段,物理类,,,599,4935,
150,沈阳建筑大学,2025,内蒙,本科提前批C段,物理类,,,567,12501,
160,中国地质大学(北京),2025,内蒙,本科提前批C段,物理类,,,568,10380,
162,中国地质大学(武汉),2025,内蒙,本科提前批C段,物理类,,,567,12501,
167,辽宁科技大学,2025,内蒙,本科提前批C段,物理类,,,521,23867,
170,北京科技大学,2025,内蒙,本科提前批C段,物理类,,,578,7178,
173,青岛理工大学,2025,内蒙,本科提前批C段,物理类,,,442,20815,
187,电子科技大学,2025,内蒙,本科提前批C段,物理类,,,637,713,
189,西安电子科技大学,2025,内蒙,本科提前批C段,物理类,,,639,1832,
19,中国政法大学,2025,内蒙,本科提前批C段,物理类,,,605,3677,
192,南京工业大学,2025,内蒙,本科提前批C段,物理类,,,539,19077,
198,沈阳理工大学,2025,内蒙,本科提前批C段,物理类,,,553,15607,
199,北京理工大学,2025,内蒙,本科提前批C段,物理类,,,643,1003,
20,中南财经政法大学,2025,内蒙,本科提前批C段,物理类,,,575,7178,
201,长春理工大学,2025,内蒙,本科提前批C段,物理类,,,587,7838,
203,南京理工大学,2025,内蒙,本科提前批C段,物理类,,,596,4664,
21,大连民族大学,2025,内蒙,本科提前批C段,物理类,,,514,25793,
210,北京化工大学,2025,内蒙,本科提前批C段,物理类,,,595,6026,
217,上海应用技术大学,2025,内蒙,本科提前批C段,物理类,,,485,28901,
22,天津职业技术师范大学,2025,内蒙,本科提前批C段,物理类,,,519,22719,
229,天津科技大学,2025,内蒙,本科提前批C段,物理类,,,580,8532,
232,南京邮电大学,2025,内蒙,本科提前批C段,物理类,,,567,12501,
234,北京邮电大学,2025,内蒙,本科提前批C段,物理类,,,637,2001,
237,西南交通大学,2025,内蒙,本科提前批C段,物理类,,,549,10580,
238,大连交通大学,2025,内蒙,本科提前批C段,物理类,,,578,9394,
24,上海财经大学,2025,内蒙,本科提前批C段,物理类,,,603,5890,
243,北京交通大学,2025,内蒙,本科提前批C段,物理类,,,596,7014,
25,中央财经大学,2025,内蒙,本科提前批C段,物理类,,,617,4025,
250,大连海事大学,2025,内蒙,本科提前批C段,物理类,,,546,13604,
253,武汉理工大学,2025,内蒙,本科提前批C段,物理类,,,536,7838,
269,中国传媒大学,2025,内蒙,本科提前批C段,物理类,,,609,3908,
276,北京外国语大学,2025,内蒙,本科提前批C段,物理类,,,595,7178,
277,上海外国语大学,2025,内蒙,本科提前批C段,物理类,,,570,11823,
278,长安大学,2025,内蒙,本科提前批C段,物理类,,,523,16327,
279,中山大学,2025,内蒙,本科提前批C段,物理类,,,621,1697,
280,华南理工大学,2025,内蒙,本科提前批C段,物理类,,,591,6532,
281,北京语言大学,2025,内蒙,本科提前批C段,物理类,,,594,7337,
283,东南大学,2025,内蒙,本科提前批C段,物理类,,,619,1919,
284,大连理工大学,2025,内蒙,本科提前批C段,物理类,,,604,3908,
285,西安交通大学,2025,内蒙,本科提前批C段,物理类,,,618,3908,
287,东华大学,2025,内蒙,本科提前批C段,物理类,,,578,8714,
288,江南大学,2025,内蒙,本科提前批C段,物理类,,,583,8714,
289,四川大学,2025,内蒙,本科提前批C段,物理类,,,581,7178,
290,重庆大学,2025,内蒙,本科提前批C段,物理类,,,559,4025,
291,东北大学,2025,内蒙,本科提前批C段,物理类,,,591,5599,
292,浙江大学,2025,内蒙,本科提前批C段,物理类,,,649,1218,
294,清华大学,2025,内蒙,本科提前批C段,物理类,,,684,36,
296,兰州大学,2025,内蒙,本科提前批C段,物理类,,,594,6818,
297,吉林大学,2025,内蒙,本科提前批C段,物理类,,,596,5890,
298,厦门大学,2025,内蒙,本科提前批C段,物理类,,,617,3677,
299,江苏大学,2025,内蒙,本科提前批C段,物理类,,,550,15858,
300,山东大学,2025,内蒙,本科提前批C段,物理类,,,612,4391,
301,湖南大学,2025,内蒙,本科提前批C段,物理类,,,570,6818,
302,南开大学,2025,内蒙,本科提前批C段,物理类,,,628,2789,
303,天津大学,2025,内蒙,本科提前批C段,物理类,,,611,4800,
304,北京大学,2025,内蒙,本科提前批C段,物理类,,,680,167,
305,武汉大学,2025,内蒙,本科提前批C段,物理类,,,623,3015,
307,北京师范大学,2025,内蒙,本科提前批C段,物理类,,,613,4517,
308,复旦大学,2025,内蒙,本科提前批C段,物理类,,,664,470,
309,同济大学,2025,内蒙,本科提前批C段,物理类,,,623,3111,
310,上海交通大学,2025,内蒙,本科提前批C段,物理类,,,644,1272,
311,华东理工大学,2025,内蒙,本科提前批C段,物理类,,,582,7838,
312,中南大学,2025,内蒙,本科提前批C段,物理类,,,581,8013,
313,山东大学威海分校,2025,内蒙,本科提前批C段,物理类,,,601,6184,
315,华东师范大学,2025,内蒙,本科提前批C段,物理类,,,601,5059,
317,南京师范大学,2025,内蒙,本科提前批C段,物理类,,,562,13604,
320,陕西师范大学,2025,内蒙,本科提前批C段,物理类,,,555,15173,
321,东北师范大学,2025,内蒙,本科提前批C段,物理类,,,588,8379,
324,华中师范大学,2025,内蒙,本科提前批C段,物理类,,,591,5325,
327,苏州大学,2025,内蒙,本科提前批C段,物理类,,,591,7838,
328,华中科技大学,2025,内蒙,本科提前批C段,物理类,,,622,2330,
330,北京大学医学部,2025,内蒙,本科提前批C段,物理类,,,664,541,
331,中国医科大学,2025,内蒙,本科提前批C段,物理类,,,592,7667,
338,北京体育大学,2025,内蒙,本科提前批C段,物理类,,,477,12033,
35,西南财经大学,2025,内蒙,本科提前批C段,物理类,,,562,12501,
354,上海海关学院,2025,内蒙,本科提前批C段,物理类,,,511,19815,
357,南京信息工程大学,2025,内蒙,本科提前批C段,物理类,,,538,18326,
363,中国民航大学,2025,内蒙,本科提前批C段,物理类,,,562,9219,
377,暨南大学,2025,内蒙,本科提前批C段,物理类,,,550,16327,
390,中国药科大学,2025,内蒙,本科提前批C段,物理类,,,561,9972,
391,沈阳药科大学,2025,内蒙,本科提前批C段,物理类,,,596,7014,
399,北京中医药大学,2025,内蒙,本科提前批C段,物理类,,,583,9219,
4,西北民族大学,2025,内蒙,本科提前批C段,物理类,,,500,23867,
403,中国科学技术大学,2025,内蒙,本科提前批C段,物理类,,,662,413,
409,江苏科技大学,2025,内蒙,本科提前批C段,物理类,,,500,26090,
410,哈尔滨工程大学,2025,内蒙,本科提前批C段,物理类,,,615,3225,
427,北方工业大学,2025,内蒙,本科提前批C段,物理类,,,539,16605,
435,中国石油大学(北京),2025,内蒙,本科提前批C段,物理类,,,557,12270,
439,中国石油大学(华东),2025,内蒙,本科提前批C段,物理类,,,560,9784,
450,辽宁工程技术大学,2025,内蒙,本科提前批C段,物理类,,,486,33918,
461,华北科技学院,2025,内蒙,本科提前批C段,物理类,,,512,26380,
462,中国矿业大学(北京),2025,内蒙,本科提前批C段,物理类,,,591,7337,
463,中国矿业大学(徐州),2025,内蒙,本科提前批C段,物理类,,,568,11607,
49,南京财经大学,2025,内蒙,本科提前批C段,物理类,,,545,17590,
492,浙江海洋大学,2025,内蒙,本科提前批C段,物理类,,,497,28078,
5,北方民族大学,2025,内蒙,本科提前批C段,物理类,,,527,14036,
525,北京工业大学,2025,内蒙,本科提前批C段,物理类,,,546,11189,
551,天津外国语大学,2025,内蒙,本科提前批C段,物理类,,,461,25519,
564,天津中医药大学,2025,内蒙,本科提前批C段,物理类,,,512,26380,
59,中国劳动关系学院,2025,内蒙,本科提前批C段,物理类,,,505,27236,
6,西南民族大学,2025,内蒙,本科提前批C段,物理类,,,511,13388,
61,对外经济贸易大学,2025,内蒙,本科提前批C段,物理类,,,568,12270,
62,上海海洋大学,2025,内蒙,本科提前批C段,物理类,,,496,30906,
651,山东师范大学,2025,内蒙,本科提前批C段,物理类,,,498,30334,
66,华中农业大学,2025,内蒙,本科提前批C段,物理类,,,546,12270,
7,中南民族大学,2025,内蒙,本科提前批C段,物理类,,,513,10183,
70,南京农业大学,2025,内蒙,本科提前批C段,物理类,,,553,6349,
71,西南大学,2025,内蒙,本科提前批C段,物理类,,,591,7838,
72,沈阳农业大学,2025,内蒙,本科提前批C段,物理类,,,516,25236,
73,中国农业大学,2025,内蒙,本科提前批C段,物理类,,,610,4935,
74,西北农林科技大学,2025,内蒙,本科提前批C段,物理类,,,563,10380,
751,内蒙古大学,2025,内蒙,本科提前批C段,物理类,,,515,7499,
752,内蒙古师范大学,2025,内蒙,本科提前批C段,物理类,,,443,39041,
753,内蒙古工业大学,2025,内蒙,本科提前批C段,物理类,,,525,11189,
754,内蒙古财经大学,2025,内蒙,本科提前批C段,物理类,,,445,21084,
755,内蒙古农业大学,2025,内蒙,本科提前批C段,物理类,,,487,31526,
757,内蒙古科技大学包头师范学院,2025,内蒙,本科提前批C段,物理类,,,468,30054,
758,内蒙古医科大学,2025,内蒙,本科提前批C段,物理类,,,427,23867,
759,内蒙古科技大学包头医学院,2025,内蒙,本科提前批C段,物理类,,,533,20532,
761,内蒙古民族大学,2025,内蒙,本科提前批C段,物理类,,,413,32753,
764,内蒙古科技大学,2025,内蒙,本科提前批C段,物理类,,,479,26955,
765,集宁师范学院,2025,内蒙,本科提前批C段,物理类,,,452,40959,
766,呼伦贝尔学院,2025,内蒙,本科提前批C段,物理类,,,434,44442,
767,赤峰学院,2025,内蒙,本科提前批C段,物理类,,,386,65514,
772,河套学院,2025,内蒙,本科提前批C段,物理类,,,445,39041,
80,南京林业大学,2025,内蒙,本科提前批C段,物理类,,,545,17092,
801,辽宁大学,2025,内蒙,本科提前批C段,物理类,,,559,14268,
82,北京林业大学,2025,内蒙,本科提前批C段,物理类,,,580,9784,
823,大连大学,2025,内蒙,本科提前批C段,物理类,,,560,14036,
83,东北林业大学,2025,内蒙,本科提前批C段,物理类,,,536,11189,
837,延边大学,2025,内蒙,本科提前批C段,物理类,,,555,14268,
908,宁波大学,2025,内蒙,本科提前批C段,物理类,,,502,29211,
913,上海工程技术大学,2025,内蒙,本科提前批C段,物理类,,,456,27790,
95,沈阳工业大学,2025,内蒙,本科提前批C段,物理类,,,566,11607,
97,合肥工业大学,2025,内蒙,本科提前批C段,物理类,,,550,15173,
99,哈尔滨理工大学,2025,内蒙,本科提前批C段,物理类,,,561,11607,
,上海交通大学医学院,2025,内蒙,本科提前批C段,物理类,,,660,670,
102,上海旅游高等专科学校,2025,内蒙,高职(专科)批,物理类,,,344,73959,
111,山西林业职业技术学院,2025,内蒙,高职(专科)批,物理类,,,274,82124,
113,长江工程职业技术学院,2025,内蒙,高职(专科)批,物理类,,,350,73959,
123,黑龙江职业学院,2025,内蒙,高职(专科)批,物理类,,,315,65192,
124,烟台南山学院,2025,内蒙,高职(专科)批,物理类,,,260,83039,
129,西安电力高等专科学校,2025,内蒙,高职(专科)批,物理类,,,411,42515,
135,沈阳工程学院,2025,内蒙,高职(专科)批,物理类,,,358,66383,
136,重庆电力高等专科学校,2025,内蒙,高职(专科)批,物理类,,,376,53661,
140,辽阳职业技术学院,2025,内蒙,高职(专科)批,物理类,,,299,78606,
142,甘肃工业职业技术大学,2025,内蒙,高职(专科)批,物理类,,,324,76991,
143,黄河水利职业技术大学,2025,内蒙,高职(专科)批,物理类,,,378,67212,
152,河北对外经贸职业学院,2025,内蒙,高职(专科)批,物理类,,,299,78349,
153,石家庄信息工程职业学院,2025,内蒙,高职(专科)批,物理类,,,360,63748,
155,湖南信息职业技术学院,2025,内蒙,高职(专科)批,物理类,,,367,70530,
163,江西交通职业技术学院,2025,内蒙,高职(专科)批,物理类,,,289,80721,
169,日照职业技术学院,2025,内蒙,高职(专科)批,物理类,,,354,63748,
176,西安交通工程学院,2025,内蒙,高职(专科)批,物理类,,,239,81778,
178,湖北交通职业技术学院,2025,内蒙,高职(专科)批,物理类,,,353,73584,
179,伊春职业学院,2025,内蒙,高职(专科)批,物理类,,,252,78483,
180,牡丹江大学,2025,内蒙,高职(专科)批,物理类,,,293,77638,
183,石家庄理工职业学院,2025,内蒙,高职(专科)批,物理类,,,293,77786,
204,包头职业技术学院,2025,内蒙,高职(专科)批,物理类,,,189,77322,
205,黔南民族医学高等专科学校,2025,内蒙,高职(专科)批,物理类,,,334,72980,
206,河南职业技术学院,2025,内蒙,高职(专科)批,物理类,,,362,70777,
212,山西机电职业技术学院,2025,内蒙,高职(专科)批,物理类,,,364,71214,
215,威海职业学院,2025,内蒙,高职(专科)批,物理类,,,337,75280,
216,山西省财政税务专科学校,2025,内蒙,高职(专科)批,物理类,,,290,69287,
226,北京信息职业技术学院,2025,内蒙,高职(专科)批,物理类,,,360,71674,
227,南昌工学院,2025,内蒙,高职(专科)批,物理类,,,224,78975,
230,成都航空职业技术大学,2025,内蒙,高职(专科)批,物理类,,,382,57211,
235,北京工业职业技术学院,2025,内蒙,高职(专科)批,物理类,,,337,69287,
239,哈尔滨铁道职业技术学院,2025,内蒙,高职(专科)批,物理类,,,363,68019,
245,湖南铁道职业技术学院,2025,内蒙,高职(专科)批,物理类,,,361,58187,
247,四川交通职业技术学院,2025,内蒙,高职(专科)批,物理类,,,362,71674,
248,武汉软件工程职业学院,2025,内蒙,高职(专科)批,物理类,,,335,62261,
249,泰州职业技术学院,2025,内蒙,高职(专科)批,物理类,,,334,74718,
255,辽宁广告职业学院,2025,内蒙,高职(专科)批,物理类,,,272,81778,
256,青岛职业技术学院,2025,内蒙,高职(专科)批,物理类,,,339,73584,
263,潍坊职业学院,2025,内蒙,高职(专科)批,物理类,,,373,69041,
32,长沙民政职业技术学院,2025,内蒙,高职(专科)批,物理类,,,335,62261,
344,三亚城市职业学院,2025,内蒙,高职(专科)批,物理类,,,282,82124,
345,黑龙江林业职业技术学院,2025,内蒙,高职(专科)批,物理类,,,184,80551,
351,石家庄铁路职业技术学院,2025,内蒙,高职(专科)批,物理类,,,395,61271,
356,长春科技学院,2025,内蒙,高职(专科)批,物理类,,,207,80551,
359,山东商业职业技术学院,2025,内蒙,高职(专科)批,物理类,,,329,64921,
360,安徽中医药高等专科学校,2025,内蒙,高职(专科)批,物理类,,,356,61601,
361,宁夏工业职业学院,2025,内蒙,高职(专科)批,物理类,,,333,70777,
362,中国民用航空飞行学院,2025,内蒙,高职(专科)批,物理类,,,444,47043,
364,广州民航职业技术学院,2025,内蒙,高职(专科)批,物理类,,,358,52987,
365,湖南邮电职业技术学院,2025,内蒙,高职(专科)批,物理类,,,348,74526,
366,山西水利职业技术学院,2025,内蒙,高职(专科)批,物理类,,,348,74526,
367,南昌理工学院,2025,内蒙,高职(专科)批,物理类,,,295,81293,
37,齐齐哈尔高等师范专科学校,2025,内蒙,高职(专科)批,物理类,,,247,79625,
372,上海出版印刷高等专科学校,2025,内蒙,高职(专科)批,物理类,,,357,68766,
375,平顶山工业职业技术学院,2025,内蒙,高职(专科)批,物理类,,,328,71453,
380,哈尔滨职业技术大学,2025,内蒙,高职(专科)批,物理类,,,363,68766,
383,山东水利职业学院,2025,内蒙,高职(专科)批,物理类,,,317,77479,
385,成都农业科技职业学院,2025,内蒙,高职(专科)批,物理类,,,390,64361,
39,长春金融高等专科学校,2025,内蒙,高职(专科)批,物理类,,,321,73189,
392,锦州师范高等专科学校,2025,内蒙,高职(专科)批,物理类,,,338,75092,
400,青岛港湾职业技术学院,2025,内蒙,高职(专科)批,物理类,,,344,66103,
401,西安城市建设职业学院,2025,内蒙,高职(专科)批,物理类,,,236,83483,
407,武汉警官职业学院,2025,内蒙,高职(专科)批,物理类,,,357,70530,
408,江苏食品药品职业技术学院,2025,内蒙,高职(专科)批,物理类,,,347,71674,
420,长沙航空职业技术学院,2025,内蒙,高职(专科)批,物理类,,,400,55303,
424,桂林理工大学,2025,内蒙,高职(专科)批,物理类,,,338,69041,
43,黑龙江商业职业学院,2025,内蒙,高职(专科)批,物理类,,,314,79625,
431,大连科技学院,2025,内蒙,高职(专科)批,物理类,,,321,74158,
434,张家界航空工业职业技术学院,2025,内蒙,高职(专科)批,物理类,,,373,66658,
444,江西财经职业学院,2025,内蒙,高职(专科)批,物理类,,,315,77479,
446,三峡大学科技学院,2025,内蒙,高职(专科)批,物理类,,,353,73584,
460,山东化工职业学院,2025,内蒙,高职(专科)批,物理类,,,351,73959,
468,山东工程职业技术大学,2025,内蒙,高职(专科)批,物理类,,,295,81293,
485,枣庄科技职业学院,2025,内蒙,高职(专科)批,物理类,,,224,82615,
486,抚州职业技术学院,2025,内蒙,高职(专科)批,物理类,,,322,77322,
491,宝鸡职业技术学院,2025,内蒙,高职(专科)批,物理类,,,345,74351,
493,海南软件职业技术学院,2025,内蒙,高职(专科)批,物理类,,,353,73584,
524,漳州职业技术学院,2025,内蒙,高职(专科)批,物理类,,,349,72317,
526,北京青年政治学院,2025,内蒙,高职(专科)批,物理类,,,362,66658,
534,聊城职业技术学院,2025,内蒙,高职(专科)批,物理类,,,294,81142,
536,北京经济技术职业学院,2025,内蒙,高职(专科)批,物理类,,,212,83093,
540,淄博师范高等专科学校,2025,内蒙,高职(专科)批,物理类,,,277,80975,
543,河北女子职业技术学院,2025,内蒙,高职(专科)批,物理类,,,353,73584,
545,四川建筑职业技术学院,2025,内蒙,高职(专科)批,物理类,,,334,76991,
558,天津市职业大学,2025,内蒙,高职(专科)批,物理类,,,378,58187,
561,天津天狮学院,2025,内蒙,高职(专科)批,物理类,,,247,83258,
565,天津滨海职业学院,2025,内蒙,高职(专科)批,物理类,,,312,71889,
567,天津现代职业技术学院,2025,内蒙,高职(专科)批,物理类,,,358,54937,
568,天津轻工职业技术学院,2025,内蒙,高职(专科)批,物理类,,,363,63748,
569,天津电子信息职业技术学院,2025,内蒙,高职(专科)批,物理类,,,358,65514,
571,天津机电职业技术学院,2025,内蒙,高职(专科)批,物理类,,,341,70777,
572,天津渤海职业技术学院,2025,内蒙,高职(专科)批,物理类,,,264,71674,
574,天津商务职业学院,2025,内蒙,高职(专科)批,物理类,,,333,71006,
577,天津医学高等专科学校,2025,内蒙,高职(专科)批,物理类,,,347,66103,
583,扬州职业技术大学,2025,内蒙,高职(专科)批,物理类,,,395,61913,
585,西安明德理工学院,2025,内蒙,高职(专科)批,物理类,,,325,78349,
587,天津交通职业学院,2025,内蒙,高职(专科)批,物理类,,,299,77322,
588,湖北城市建设职业技术学院,2025,内蒙,高职(专科)批,物理类,,,298,78858,
593,焦作大学,2025,内蒙,高职(专科)批,物理类,,,359,72317,
601,开封大学,2025,内蒙,高职(专科)批,物理类,,,373,69041,
606,湖南理工职业技术学院,2025,内蒙,高职(专科)批,物理类,,,345,71674,
610,河南工业职业技术学院,2025,内蒙,高职(专科)批,物理类,,,354,72553,
613,九江职业大学,2025,内蒙,高职(专科)批,物理类,,,318,75446,
614,陕西国际商贸学院,2025,内蒙,高职(专科)批,物理类,,,348,74526,
615,西安铁路职业技术学院,2025,内蒙,高职(专科)批,物理类,,,400,59699,
618,陕西职业技术学院,2025,内蒙,高职(专科)批,物理类,,,345,73776,
624,四川工程职业技术大学,2025,内蒙,高职(专科)批,物理类,,,344,70265,
625,山东医学高等专科学校,2025,内蒙,高职(专科)批,物理类,,,390,54937,
626,重庆城市管理职业学院,2025,内蒙,高职(专科)批,物理类,,,335,73584,
635,西安职业技术学院,2025,内蒙,高职(专科)批,物理类,,,387,65192,
637,河北能源职业技术学院,2025,内蒙,高职(专科)批,物理类,,,322,72087,
641,河北建材职业技术学院,2025,内蒙,高职(专科)批,物理类,,,289,77322,
647,石家庄城市经济职业学院,2025,内蒙,高职(专科)批,物理类,,,283,82070,
650,河北旅游职业学院,2025,内蒙,高职(专科)批,物理类,,,349,73374,
655,江西信息应用职业技术学院,2025,内蒙,高职(专科)批,物理类,,,362,65514,
656,江西医学高等专科学校,2025,内蒙,高职(专科)批,物理类,,,359,71674,
657,江西电力职业技术学院,2025,内蒙,高职(专科)批,物理类,,,370,66658,
660,浙江建设职业技术学院,2025,内蒙,高职(专科)批,物理类,,,335,73776,
661,武汉工程职业技术学院,2025,内蒙,高职(专科)批,物理类,,,349,72756,
662,荆州理工职业学院,2025,内蒙,高职(专科)批,物理类,,,349,73374,
663,湖北中医药高等专科学校,2025,内蒙,高职(专科)批,物理类,,,388,37836,
665,荆州职业技术学院,2025,内蒙,高职(专科)批,物理类,,,351,73959,
673,武汉职业技术大学,2025,内蒙,高职(专科)批,物理类,,,370,62560,
674,咸宁职业技术学院,2025,内蒙,高职(专科)批,物理类,,,331,75092,
675,湖北职业技术学院,2025,内蒙,高职(专科)批,物理类,,,310,73374,
682,黄冈职业技术学院,2025,内蒙,高职(专科)批,物理类,,,295,74718,
683,武汉生物工程学院,2025,内蒙,高职(专科)批,物理类,,,270,77322,
688,武汉商贸职业学院,2025,内蒙,高职(专科)批,物理类,,,253,77479,
694,湖南工程职业技术学院,2025,内蒙,高职(专科)批,物理类,,,287,79333,
706,长沙环境保护职业技术学院,2025,内蒙,高职(专科)批,物理类,,,276,81652,
708,大庆医学高等专科学校,2025,内蒙,高职(专科)批,物理类,,,360,55623,
709,武汉信息传播职业技术学院,2025,内蒙,高职(专科)批,物理类,,,256,83141,
710,石家庄医学高等专科学校,2025,内蒙,高职(专科)批,物理类,,,244,66383,
715,天津城市建设管理职业技术学院,2025,内蒙,高职(专科)批,物理类,,,295,78349,
716,大连艺术学院,2025,内蒙,高职(专科)批,物理类,,,267,82808,
721,陕西青年职业学院,2025,内蒙,高职(专科)批,物理类,,,331,70265,
724,西安信息职业大学,2025,内蒙,高职(专科)批,物理类,,,248,73959,
725,山西药科职业学院,2025,内蒙,高职(专科)批,物理类,,,389,62560,
731,滨州职业学院,2025,内蒙,高职(专科)批,物理类,,,321,75826,
732,山东力明科技职业学院,2025,内蒙,高职(专科)批,物理类,,,260,77479,
735,山东科技职业学院,2025,内蒙,高职(专科)批,物理类,,,352,72980,
736,张家口职业技术学院,2025,内蒙,高职(专科)批,物理类,,,299,78858,
743,石家庄工程职业学院,2025,内蒙,高职(专科)批,物理类,,,296,80551,
744,桂林旅游学院,2025,内蒙,高职(专科)批,物理类,,,337,76513,
747,保定电力职业技术学院,2025,内蒙,高职(专科)批,物理类,,,391,60309,
755,内蒙古农业大学,2025,内蒙,高职(专科)批,物理类,,,338,66658,
758,内蒙古医科大学,2025,内蒙,高职(专科)批,物理类,,,388,64921,
762,吉林铁道职业技术大学,2025,内蒙,高职(专科)批,物理类,,,379,49009,
763,黑龙江交通职业技术学院,2025,内蒙,高职(专科)批,物理类,,,366,62560,
769,科尔沁艺术职业学院,2025,内蒙,高职(专科)批,物理类,,,177,80296,
770,呼和浩特职业技术大学,2025,内蒙,高职(专科)批,物理类,,,284,56271,
771,内蒙古建筑职业技术大学,2025,内蒙,高职(专科)批,物理类,,,206,77322,
773,内蒙古警察学院,2025,内蒙,高职(专科)批,物理类,,,367,70530,
774,内蒙古体育职业学院,2025,内蒙,高职(专科)批,物理类,,,271,81293,
775,兴安职业技术大学,2025,内蒙,高职(专科)批,物理类,,,184,0,
776,内蒙古机电职业技术学院,2025,内蒙,高职(专科)批,物理类,,,225,73189,
777,三峡电力职业学院,2025,内蒙,高职(专科)批,物理类,,,384,64361,
778,内蒙古丰州职业学院,2025,内蒙,高职(专科)批,物理类,,,259,81293,
779,内蒙古商贸职业学院,2025,内蒙,高职(专科)批,物理类,,,271,66658,
780,郑州电力职业技术学院,2025,内蒙,高职(专科)批,物理类,,,341,68766,
781,山东商务职业学院,2025,内蒙,高职(专科)批,物理类,,,351,69539,
782,内蒙古化工职业学院,2025,内蒙,高职(专科)批,物理类,,,189,72756,
783,内蒙古电子信息职业技术学院,2025,内蒙,高职(专科)批,物理类,,,192,73374,
785,锡林郭勒职业学院,2025,内蒙,高职(专科)批,物理类,,,156,61271,
786,山东城市建设职业学院,2025,内蒙,高职(专科)批,物理类,,,192,82470,
792,乌兰察布职业学院,2025,内蒙,高职(专科)批,物理类,,,201,81517,
794,通辽职业学院,2025,内蒙,高职(专科)批,物理类,,,184,72980,
795,包头轻工职业技术学院,2025,内蒙,高职(专科)批,物理类,,,200,76513,
811,盘锦职业技术学院,2025,内蒙,高职(专科)批,物理类,,,290,76513,
812,渤海船舶职业学院,2025,内蒙,高职(专科)批,物理类,,,346,72553,
813,营口职业技术学院,2025,内蒙,高职(专科)批,物理类,,,277,67736,
815,山西职业技术学院,2025,内蒙,高职(专科)批,物理类,,,321,76331,
816,辽宁省交通高等专科学校,2025,内蒙,高职(专科)批,物理类,,,303,62859,
818,太原城市职业技术学院,2025,内蒙,高职(专科)批,物理类,,,346,74907,
819,朝阳师范学院,2025,内蒙,高职(专科)批,物理类,,,330,76331,
821,抚顺职业技术学院,2025,内蒙,高职(专科)批,物理类,,,248,81778,
825,大连职业技术学院,2025,内蒙,高职(专科)批,物理类,,,337,72756,
828,鹤岗师范高等专科学校,2025,内蒙,高职(专科)批,物理类,,,263,81293,
829,长春职业技术大学,2025,内蒙,高职(专科)批,物理类,,,339,68766,
831,长春医学高等专科学校,2025,内蒙,高职(专科)批,物理类,,,402,58500,
833,吉林工业职业技术学院,2025,内蒙,高职(专科)批,物理类,,,362,70265,
834,长春东方职业学院,2025,内蒙,高职(专科)批,物理类,,,245,80296,
841,辽宁石化职业技术学院,2025,内蒙,高职(专科)批,物理类,,,335,76828,
843,辽宁机电职业技术学院,2025,内蒙,高职(专科)批,物理类,,,314,72980,
849,吉林工程职业学院,2025,内蒙,高职(专科)批,物理类,,,271,72087,
850,吉林交通职业技术学院,2025,内蒙,高职(专科)批,物理类,,,365,71006,
855,辽源职业技术学院,2025,内蒙,高职(专科)批,物理类,,,172,81517,
856,吉林电子信息职业技术学院,2025,内蒙,高职(专科)批,物理类,,,255,82666,
861,青岛黄海学院,2025,内蒙,高职(专科)批,物理类,,,209,82977,
862,邢台医学院,2025,内蒙,高职(专科)批,物理类,,,379,60654,
866,湖北水利水电职业技术学院,2025,内蒙,高职(专科)批,物理类,,,363,68264,
869,汉江师范学院,2025,内蒙,高职(专科)批,物理类,,,338,75622,
87,青岛酒店管理职业技术学院,2025,内蒙,高职(专科)批,物理类,,,322,78733,
888,黑龙江农垦职业学院,2025,内蒙,高职(专科)批,物理类,,,343,70777,
890,黑龙江建筑职业技术学院,2025,内蒙,高职(专科)批,物理类,,,325,76170,
893,大庆职业学院,2025,内蒙,高职(专科)批,物理类,,,332,70777,
895,哈尔滨电力职业技术学院,2025,内蒙,高职(专科)批,物理类,,,380,61913,
896,黑龙江农业工程职业学院,2025,内蒙,高职(专科)批,物理类,,,359,70023,
898,黑龙江农业经济职业学院,2025,内蒙,高职(专科)批,物理类,,,347,71214,
901,湖南工业职业技术学院,2025,内蒙,高职(专科)批,物理类,,,349,72553,
902,上海工商外国语职业学院,2025,内蒙,高职(专科)批,物理类,,,292,81517,
912,江西旅游商贸职业学院,2025,内蒙,高职(专科)批,物理类,,,347,73776,
914,江苏建筑职业技术学院,2025,内蒙,高职(专科)批,物理类,,,322,76170,
915,江苏农牧科技职业学院,2025,内蒙,高职(专科)批,物理类,,,374,65812,
92,大兴安岭职业学院,2025,内蒙,高职(专科)批,物理类,,,265,80030,
922,淮南职业技术学院,2025,内蒙,高职(专科)批,物理类,,,253,83206,
923,海南职业技术学院,2025,内蒙,高职(专科)批,物理类,,,228,77170,
926,海口经济学院,2025,内蒙,高职(专科)批,物理类,,,189,80133,
933,湖北工业职业技术学院,2025,内蒙,高职(专科)批,物理类,,,284,80397,
936,江西科技学院,2025,内蒙,高职(专科)批,物理类,,,341,75826,
945,西安外事学院,2025,内蒙,高职(专科)批,物理类,,,213,77322,
946,陕西能源职业技术学院,2025,内蒙,高职(专科)批,物理类,,,315,78483,
950,西安培华学院,2025,内蒙,高职(专科)批,物理类,,,270,77479,
951,西安翻译学院,2025,内蒙,高职(专科)批,物理类,,,323,77479,
954,陕西工业职业技术学院,2025,内蒙,高职(专科)批,物理类,,,373,66383,
960,四平职业大学,2025,内蒙,高职(专科)批,物理类,,,355,72553,
967,重庆工业职业技术大学,2025,内蒙,高职(专科)批,物理类,,,396,62560,
974,陕西铁路工程职业技术学院,2025,内蒙,高职(专科)批,物理类,,,379,63446,
975,宁夏职业技术大学,2025,内蒙,高职(专科)批,物理类,,,344,75280,
977,宁夏警官职业学院,2025,内蒙,高职(专科)批,物理类,,,393,63446,
978,广东南华工商职业学院,2025,内蒙,高职(专科)批,物理类,,,312,79823,
987,新疆轻工职业技术学院,2025,内蒙,高职(专科)批,物理类,,,269,82567,
988,新疆农业职业技术大学,2025,内蒙,高职(专科)批,物理类,,,260,78975,
997,湖北黄冈应急管理职业技术学院,2025,内蒙,高职(专科)批,物理类,,,300,74718,
,七台河职业学院,2025,内蒙,高职(专科)批,物理类,,,319,77786,
146,江西水利电力大学,2025,内蒙,高职(专科)提前批,物理类,,,367,70023,
178,湖北交通职业技术学院,2025,内蒙,高职(专科)提前批,物理类,,,353,70265,
215,威海职业学院,2025,内蒙,高职(专科)提前批,物理类,,,375,60309,
230,成都航空职业技术大学,2025,内蒙,高职(专科)提前批,物理类,,,398,56914,
355,黑龙江司法警官职业学院,2025,内蒙,高职(专科)提前批,物理类,,,399,29211,
397,武昌职业学院,2025,内蒙,高职(专科)提前批,物理类,,,357,72756,
420,长沙航空职业技术学院,2025,内蒙,高职(专科)提前批,物理类,,,413,46038,
434,张家界航空工业职业技术学院,2025,内蒙,高职(专科)提前批,物理类,,,396,57566,
648,延安职业技术学院,2025,内蒙,高职(专科)提前批,物理类,,,364,69773,
731,滨州职业学院,2025,内蒙,高职(专科)提前批,物理类,,,373,66940,
773,内蒙古警察学院,2025,内蒙,高职(专科)提前批,物理类,,,396,8198,
816,辽宁省交通高等专科学校,2025,内蒙,高职(专科)提前批,物理类,,,362,69539,
829,长春职业技术大学,2025,内蒙,高职(专科)提前批,物理类,,,345,74907,
,兰州资源环境职业技术大学,2025,内蒙,高职(专科)提前批,物理类,,,356,69539,
100,南京工程学院,2024,内蒙,本科批,文科,,,468,6738,
101,太原科技大学,2024,内蒙,本科批,文科,,,465,5506,
103,湖南工程学院,2024,内蒙,本科批,文科,,,407,7942,
104,河南科技大学,2024,内蒙,本科批,文科,,,467,5710,
105,西北工业大学,2024,内蒙,本科批,文科,,,578,672,
107,哈尔滨工业大学,2024,内蒙,本科批,文科,,,579,672,
109,重庆师范大学,2024,内蒙,本科批,文科,,,495,5607,
110,乐山师范学院,2024,内蒙,本科批,文科,,,413,12822,
112,邯郸学院,2024,内蒙,本科批,文科,,,435,12099,
116,北华航天工业学院,2024,内蒙,本科批,文科,,,408,8235,
119,北京航空航天大学,2024,内蒙,本科批,文科,,,603,232,
124,烟台南山学院,2024,内蒙,本科批,文科,,,383,16082,
126,长沙理工大学,2024,内蒙,本科批,文科,,,507,2757,
127,常州大学,2024,内蒙,本科批,文科,,,475,4828,
131,华北电力大学(保定),2024,内蒙,本科批,文科,,,518,1159,
132,东北电力大学,2024,内蒙,本科批,文科,,,469,6078,
134,华北电力大学(北京),2024,内蒙,本科批,文科,,,537,802,
137,上海海事大学,2024,内蒙,本科批,文科,,,509,3704,
14,晋中学院,2024,内蒙,本科批,文科,,,421,11109,
141,盐城师范学院,2024,内蒙,本科批,文科,,,435,7703,
144,河海大学,2024,内蒙,本科批,文科,,,519,1479,
146,南昌工程学院,2024,内蒙,本科批,文科,,,411,12574,
147,福建农林大学,2024,内蒙,本科批,文科,,,500,5188,
148,中国海洋大学,2024,内蒙,本科批,文科,,,549,536,
15,忻州师范学院,2024,内蒙,本科批,文科,,,407,8345,
150,沈阳建筑大学,2024,内蒙,本科批,文科,,,485,6550,
151,周口师范学院,2024,内蒙,本科批,文科,,,409,9944,
154,云南民族大学,2024,内蒙,本科批,文科,,,461,6914,
157,河北地质大学,2024,内蒙,本科批,文科,,,419,6462,
159,长江师范学院,2024,内蒙,本科批,文科,,,472,7831,
16,辽宁师范大学,2024,内蒙,本科批,文科,,,462,4922,
160,中国地质大学(北京),2024,内蒙,本科批,文科,,,549,1370,
161,德州学院,2024,内蒙,本科批,文科,,,409,15462,
162,中国地质大学(武汉),2024,内蒙,本科批,文科,,,541,873,
164,文华学院,2024,内蒙,本科批,文科,,,384,15692,
165,山东英才学院,2024,内蒙,本科批,文科,,,400,16564,
167,辽宁科技大学,2024,内蒙,本科批,文科,,,440,10297,
17,西南政法大学,2024,内蒙,本科批,文科,,,535,620,
170,北京科技大学,2024,内蒙,本科批,文科,,,547,974,
175,枣庄学院,2024,内蒙,本科批,文科,,,429,12822,
176,西安交通工程学院,2024,内蒙,本科批,文科,,,388,17998,
18,西北政法大学,2024,内蒙,本科批,文科,,,497,672,
182,东北大学秦皇岛分校,2024,内蒙,本科批,文科,,,535,2571,
187,电子科技大学,2024,内蒙,本科批,文科,,,548,1011,
19,中国政法大学,2024,内蒙,本科批,文科,,,548,48,
190,吉林工商学院,2024,内蒙,本科批,文科,,,411,6999,
191,贵州民族大学,2024,内蒙,本科批,文科,,,408,7101,
192,南京工业大学,2024,内蒙,本科批,文科,,,483,6078,
193,陇东学院,2024,内蒙,本科批,文科,,,408,9805,
196,吉林警察学院,2024,内蒙,本科批,文科,,,429,8448,
197,山东理工大学,2024,内蒙,本科批,文科,,,447,5093,
198,沈阳理工大学,2024,内蒙,本科批,文科,,,460,5607,
199,北京理工大学,2024,内蒙,本科批,文科,,,594,367,
20,中南财经政法大学,2024,内蒙,本科批,文科,,,548,245,
201,长春理工大学,2024,内蒙,本科批,文科,,,480,3466,
202,中北大学,2024,内蒙,本科批,文科,,,485,3908,
208,广东金融学院,2024,内蒙,本科批,文科,,,477,5973,
21,大连民族大学,2024,内蒙,本科批,文科,,,460,5710,
210,北京化工大学,2024,内蒙,本科批,文科,,,519,802,
211,青岛科技大学,2024,内蒙,本科批,文科,,,506,2324,
214,中原工学院,2024,内蒙,本科批,文科,,,407,7600,
217,上海应用技术大学,2024,内蒙,本科批,文科,,,459,7401,
218,哈尔滨信息工程学院,2024,内蒙,本科批,文科,,,389,16772,
219,天津工业大学,2024,内蒙,本科批,文科,,,487,1726,
221,大连工业大学,2024,内蒙,本科批,文科,,,457,9461,
222,西安医学院,2024,内蒙,本科批,文科,,,420,7493,
223,郑州轻工业大学,2024,内蒙,本科批,文科,,,428,6462,
227,南昌工学院,2024,内蒙,本科批,文科,,,381,15692,
228,景德镇陶瓷大学,2024,内蒙,本科批,文科,,,444,8143,
229,天津科技大学,2024,内蒙,本科批,文科,,,481,2142,
231,西安邮电大学,2024,内蒙,本科批,文科,,,491,3466,
237,西南交通大学,2024,内蒙,本科批,文科,,,530,1284,
238,大连交通大学,2024,内蒙,本科批,文科,,,485,6550,
241,兰州交通大学,2024,内蒙,本科批,文科,,,465,6257,
243,北京交通大学,2024,内蒙,本科批,文科,,,548,643,
244,石家庄铁道大学,2024,内蒙,本科批,文科,,,501,2624,
25,中央财经大学,2024,内蒙,本科批,文科,,,573,204,
250,大连海事大学,2024,内蒙,本科批,文科,,,518,873,
252,山东交通学院,2024,内蒙,本科批,文科,,,449,6462,
253,武汉理工大学,2024,内蒙,本科批,文科,,,549,974,
26,东北财经大学,2024,内蒙,本科批,文科,,,489,763,
260,中央美术学院,2024,内蒙,本科批,文科,,,508,4502,
269,中国传媒大学,2024,内蒙,本科批,文科,,,545,620,
27,江西财经大学,2024,内蒙,本科批,文科,,,506,1011,
271,浙江传媒学院,2024,内蒙,本科批,文科,,,512,2324,
273,中央戏剧学院,2024,内蒙,本科批,文科,,,538,2385,
274,上海戏剧学院,2024,内蒙,本科批,文科,,,525,1159,
276,北京外国语大学,2024,内蒙,本科批,文科,,,552,204,
277,上海外国语大学,2024,内蒙,本科批,文科,,,570,910,
278,长安大学,2024,内蒙,本科批,文科,,,519,1235,
279,中山大学,2024,内蒙,本科批,文科,,,596,181,
281,北京语言大学,2024,内蒙,本科批,文科,,,490,1284,
282,南京大学,2024,内蒙,本科批,文科,,,618,64,
283,东南大学,2024,内蒙,本科批,文科,,,578,262,
284,大连理工大学,2024,内蒙,本科批,文科,,,549,873,
285,西安交通大学,2024,内蒙,本科批,文科,,,603,197,
286,中国人民大学,2024,内蒙,本科批,文科,,,623,17,
288,江南大学,2024,内蒙,本科批,文科,,,541,1811,
289,四川大学,2024,内蒙,本科批,文科,,,586,212,
29,西安财经大学,2024,内蒙,本科批,文科,,,489,2082,
290,重庆大学,2024,内蒙,本科批,文科,,,578,339,
291,东北大学,2024,内蒙,本科批,文科,,,563,947,
292,浙江大学,2024,内蒙,本科批,文科,,,622,52,
293,三峡大学,2024,内蒙,本科批,文科,,,486,5973,
294,清华大学,2024,内蒙,本科批,文科,,,640,12,
295,燕山大学,2024,内蒙,本科批,文科,,,482,3990,
296,兰州大学,2024,内蒙,本科批,文科,,,548,582,
297,吉林大学,2024,内蒙,本科批,文科,,,519,245,
298,厦门大学,2024,内蒙,本科批,文科,,,597,159,
299,江苏大学,2024,内蒙,本科批,文科,,,516,1191,
3,中央民族大学,2024,内蒙,本科批,文科,,,557,596,
300,山东大学,2024,内蒙,本科批,文科,,,549,204,
301,湖南大学,2024,内蒙,本科批,文科,,,574,384,
302,南开大学,2024,内蒙,本科批,文科,,,571,118,
303,天津大学,2024,内蒙,本科批,文科,,,590,437,
304,北京大学,2024,内蒙,本科批,文科,,,636,12,
305,武汉大学,2024,内蒙,本科批,文科,,,608,85,
306,济南大学,2024,内蒙,本科批,文科,,,519,1811,
307,北京师范大学,2024,内蒙,本科批,文科,,,570,102,
308,复旦大学,2024,内蒙,本科批,文科,,,629,33,
309,同济大学,2024,内蒙,本科批,文科,,,600,150,
31,南京审计大学,2024,内蒙,本科批,文科,,,512,672,
310,上海交通大学,2024,内蒙,本科批,文科,,,627,28,
311,华东理工大学,2024,内蒙,本科批,文科,,,492,2082,
312,中南大学,2024,内蒙,本科批,文科,,,564,465,
313,山东大学威海分校,2024,内蒙,本科批,文科,,,563,452,
314,唐山学院,2024,内蒙,本科批,文科,,,448,10528,
316,河北师范大学,2024,内蒙,本科批,文科,,,508,2448,
317,南京师范大学,2024,内蒙,本科批,文科,,,556,643,
320,陕西师范大学,2024,内蒙,本科批,文科,,,515,3908,
321,东北师范大学,2024,内蒙,本科批,文科,,,564,1044,
322,商丘师范学院,2024,内蒙,本科批,文科,,,408,9577,
324,华中师范大学,2024,内蒙,本科批,文科,,,546,437,
325,云南师范大学,2024,内蒙,本科批,文科,,,429,5607,
327,苏州大学,2024,内蒙,本科批,文科,,,547,582,
329,江西师范大学,2024,内蒙,本科批,文科,,,505,3704,
33,大连外国语大学,2024,内蒙,本科批,文科,,,488,1914,
333,咸阳师范学院,2024,内蒙,本科批,文科,,,447,10651,
335,成都体育学院,2024,内蒙,本科批,文科,,,445,10790,
336,沈阳体育学院,2024,内蒙,本科批,文科,,,427,12822,
338,北京体育大学,2024,内蒙,本科批,文科,,,528,1622,
340,玉溪师范学院,2024,内蒙,本科批,文科,,,409,12822,
342,闽南理工学院,2024,内蒙,本科批,文科,,,379,16449,
343,齐齐哈尔大学,2024,内蒙,本科批,文科,,,445,7401,
346,长春工业大学,2024,内蒙,本科批,文科,,,409,6159,
349,长春建筑学院,2024,内蒙,本科批,文科,,,381,17878,
35,西南财经大学,2024,内蒙,本科批,文科,,,549,367,
350,长沙理工大学城南学院,2024,内蒙,本科批,文科,,,400,16564,
352,山东第二医科大学,2024,内蒙,本科批,文科,,,445,7942,
353,曲靖师范学院,2024,内蒙,本科批,文科,,,415,8143,
354,上海海关学院,2024,内蒙,本科批,文科,,,479,7101,
356,长春科技学院,2024,内蒙,本科批,文科,,,386,17052,
36,牡丹江师范学院,2024,内蒙,本科批,文科,,,411,10899,
362,中国民用航空飞行学院,2024,内蒙,本科批,文科,,,479,4318,
363,中国民航大学,2024,内蒙,本科批,文科,,,516,1284,
367,南昌理工学院,2024,内蒙,本科批,文科,,,382,12822,
368,北京第二外国语学院,2024,内蒙,本科批,文科,,,519,1962,
370,吉林动画学院,2024,内蒙,本科批,文科,,,383,18112,
371,河北科技学院,2024,内蒙,本科批,文科,,,385,15692,
373,北京印刷学院,2024,内蒙,本科批,文科,,,487,2816,
374,中国计量大学,2024,内蒙,本科批,文科,,,506,4502,
377,暨南大学,2024,内蒙,本科批,文科,,,538,643,
378,华侨大学,2024,内蒙,本科批,文科,,,505,2142,
38,河北金融学院,2024,内蒙,本科批,文科,,,408,8143,
380,哈尔滨职业技术大学,2024,内蒙,本科批,文科,,,410,15330,
381,吉林财经大学,2024,内蒙,本科批,文科,,,468,2385,
384,华东政法大学,2024,内蒙,本科批,文科,,,532,197,
390,中国药科大学,2024,内蒙,本科批,文科,,,559,1370,
394,郑州工业应用技术学院,2024,内蒙,本科批,文科,,,393,12574,
395,黄河科技学院,2024,内蒙,本科批,文科,,,400,14279,
399,北京中医药大学,2024,内蒙,本科批,文科,,,557,367,
4,西北民族大学,2024,内蒙,本科批,文科,,,414,6078,
404,湖南文理学院,2024,内蒙,本科批,文科,,,416,8235,
405,厦门理工学院,2024,内蒙,本科批,文科,,,481,6550,
406,井冈山大学,2024,内蒙,本科批,文科,,,415,8890,
409,江苏科技大学,2024,内蒙,本科批,文科,,,529,2941,
41,哈尔滨金融学院,2024,内蒙,本科批,文科,,,415,6159,
410,哈尔滨工程大学,2024,内蒙,本科批,文科,,,544,1191,
418,临沂大学,2024,内蒙,本科批,文科,,,425,6078,
42,安徽师范大学,2024,内蒙,本科批,文科,,,480,3141,
421,九江学院,2024,内蒙,本科批,文科,,,407,8890,
423,湖南理工学院,2024,内蒙,本科批,文科,,,429,9248,
424,桂林理工大学,2024,内蒙,本科批,文科,,,408,10528,
425,昆明理工大学,2024,内蒙,本科批,文科,,,469,8143,
427,北方工业大学,2024,内蒙,本科批,文科,,,504,2324,
429,长春师范大学,2024,内蒙,本科批,文科,,,418,6257,
430,长春工程学院,2024,内蒙,本科批,文科,,,346,8448,
431,大连科技学院,2024,内蒙,本科批,文科,,,382,15462,
432,贵州财经大学,2024,内蒙,本科批,文科,,,403,9119,
435,中国石油大学(北京),2024,内蒙,本科批,文科,,,546,1044,
437,沈阳城市建设学院,2024,内蒙,本科批,文科,,,385,16449,
438,西安石油大学,2024,内蒙,本科批,文科,,,461,9008,
439,中国石油大学(华东),2024,内蒙,本科批,文科,,,527,1622,
44,宜春学院,2024,内蒙,本科批,文科,,,408,8677,
441,上海大学,2024,内蒙,本科批,文科,,,547,1914,
442,浙江理工大学,2024,内蒙,本科批,文科,,,503,4922,
446,三峡大学科技学院,2024,内蒙,本科批,文科,,,417,12822,
447,山东工商学院,2024,内蒙,本科批,文科,,,416,6635,
449,赣南科技学院,2024,内蒙,本科批,文科,,,408,8345,
45,重庆工商大学,2024,内蒙,本科批,文科,,,494,5710,
450,辽宁工程技术大学,2024,内蒙,本科批,文科,,,478,3389,
451,哈尔滨华德学院,2024,内蒙,本科批,文科,,,381,18875,
455,淮北师范大学,2024,内蒙,本科批,文科,,,448,5973,
456,邢台学院,2024,内蒙,本科批,文科,,,425,13315,
457,黑龙江科技大学,2024,内蒙,本科批,文科,,,409,6462,
459,运城学院,2024,内蒙,本科批,文科,,,417,14413,
46,天津商业大学,2024,内蒙,本科批,文科,,,487,2142,
461,华北科技学院,2024,内蒙,本科批,文科,,,427,6738,
464,南华大学,2024,内蒙,本科批,文科,,,480,3704,
469,鞍山师范学院,2024,内蒙,本科批,文科,,,479,7101,
472,烟台理工学院,2024,内蒙,本科批,文科,,,394,13455,
478,湖北工业大学,2024,内蒙,本科批,文科,,,531,2816,
48,北京物资学院,2024,内蒙,本科批,文科,,,487,2082,
480,湖北师范大学,2024,内蒙,本科批,文科,,,469,6257,
482,青岛城市学院,2024,内蒙,本科批,文科,,,382,15462,
487,江西财经大学现代经济管理学院,2024,内蒙,本科批,文科,,,406,13086,
49,南京财经大学,2024,内蒙,本科批,文科,,,495,1284,
499,重庆移通学院,2024,内蒙,本科批,文科,,,388,12448,
5,北方民族大学,2024,内蒙,本科批,文科,,,472,4502,
50,安庆师范大学,2024,内蒙,本科批,文科,,,428,8890,
502,江苏海洋大学,2024,内蒙,本科批,文科,,,467,3389,
503,电子科技大学成都学院,2024,内蒙,本科批,文科,,,403,15574,
509,成都文理学院,2024,内蒙,本科批,文科,,,389,17878,
51,兰州财经大学,2024,内蒙,本科批,文科,,,428,5887,
510,湖州师范学院,2024,内蒙,本科批,文科,,,450,5973,
514,西安思源学院,2024,内蒙,本科批,文科,,,388,14808,
52,安徽财经大学,2024,内蒙,本科批,文科,,,481,2020,
522,首都经济贸易大学,2024,内蒙,本科批,文科,,,521,2757,
527,重庆文理学院,2024,内蒙,本科批,文科,,,436,8143,
528,北京城市学院,2024,内蒙,本科批,文科,,,382,10528,
529,首都师范大学,2024,内蒙,本科批,文科,,,510,1159,
53,河南工业大学,2024,内蒙,本科批,文科,,,441,4318,
530,北京联合大学,2024,内蒙,本科批,文科,,,486,2142,
531,梧州学院,2024,内蒙,本科批,文科,,,408,10528,
532,商洛学院,2024,内蒙,本科批,文科,,,426,11586,
535,湖北中医药大学,2024,内蒙,本科批,文科,,,450,2757,
54,哈尔滨商业大学,2024,内蒙,本科批,文科,,,480,2624,
541,陕西理工大学,2024,内蒙,本科批,文科,,,445,6257,
546,西华大学,2024,内蒙,本科批,文科,,,458,5188,
547,内江师范学院,2024,内蒙,本科批,文科,,,440,7286,
548,绵阳师范学院,2024,内蒙,本科批,文科,,,421,6738,
549,黑龙江东方学院,2024,内蒙,本科批,文科,,,383,15201,
551,天津外国语大学,2024,内蒙,本科批,文科,,,486,2624,
552,天津体育学院,2024,内蒙,本科批,文科,,,456,8890,
553,天津城建大学,2024,内蒙,本科批,文科,,,449,7703,
556,天津财经大学,2024,内蒙,本科批,文科,,,486,1159,
56,山西财经大学,2024,内蒙,本科批,文科,,,449,5093,
561,天津天狮学院,2024,内蒙,本科批,文科,,,387,15818,
562,天津师范大学,2024,内蒙,本科批,文科,,,519,1726,
563,天津农学院,2024,内蒙,本科批,文科,,,387,8550,
564,天津中医药大学,2024,内蒙,本科批,文科,,,505,3389,
57,福建理工大学,2024,内蒙,本科批,文科,,,438,11720,
576,湖南科技学院,2024,内蒙,本科批,文科,,,409,8677,
578,上海师范大学天华学院,2024,内蒙,本科批,文科,,,386,18229,
58,中华女子学院,2024,内蒙,本科批,文科,,,449,5004,
580,河北科技师范学院,2024,内蒙,本科批,文科,,,429,7101,
581,河北医科大学,2024,内蒙,本科批,文科,,,504,4828,
582,萍乡学院,2024,内蒙,本科批,文科,,,424,7831,
585,西安明德理工学院,2024,内蒙,本科批,文科,,,387,17052,
59,中国劳动关系学院,2024,内蒙,本科批,文科,,,430,4074,
590,河南农业大学,2024,内蒙,本科批,文科,,,464,7204,
591,贵州大学,2024,内蒙,本科批,文科,,,517,1962,
592,大理大学,2024,内蒙,本科批,文科,,,453,8143,
594,河南大学,2024,内蒙,本科批,文科,,,483,1622,
595,河南中医药大学,2024,内蒙,本科批,文科,,,457,4227,
596,洛阳理工学院,2024,内蒙,本科批,文科,,,409,7493,
598,许昌学院,2024,内蒙,本科批,文科,,,409,8235,
599,郑州工程技术学院,2024,内蒙,本科批,文科,,,415,14680,
6,西南民族大学,2024,内蒙,本科批,文科,,,489,2020,
602,河南城建学院,2024,内蒙,本科批,文科,,,420,13977,
603,温州大学,2024,内蒙,本科批,文科,,,547,1914,
605,郑州大学,2024,内蒙,本科批,文科,,,538,1159,
607,西安文理学院,2024,内蒙,本科批,文科,,,482,6257,
609,阜阳师范大学,2024,内蒙,本科批,文科,,,445,10899,
61,对外经济贸易大学,2024,内蒙,本科批,文科,,,582,384,
611,江西科技师范大学,2024,内蒙,本科批,文科,,,411,6349,
612,山东科技大学,2024,内蒙,本科批,文科,,,541,2234,
614,陕西国际商贸学院,2024,内蒙,本科批,文科,,,382,13977,
616,陕西服装工程学院,2024,内蒙,本科批,文科,,,379,15938,
617,齐鲁工业大学,2024,内蒙,本科批,文科,,,499,4828,
619,山东第一医科大学,2024,内蒙,本科批,文科,,,461,9008,
62,上海海洋大学,2024,内蒙,本科批,文科,,,483,6738,
621,西南科技大学,2024,内蒙,本科批,文科,,,500,3141,
627,集美大学,2024,内蒙,本科批,文科,,,485,3324,
628,湖南城市学院,2024,内蒙,本科批,文科,,,429,8448,
63,聊城大学,2024,内蒙,本科批,文科,,,483,5887,
630,河北大学,2024,内蒙,本科批,文科,,,492,2281,
631,河北工业大学,2024,内蒙,本科批,文科,,,530,2869,
632,华北理工大学,2024,内蒙,本科批,文科,,,481,5426,
639,廊坊师范学院,2024,内蒙,本科批,文科,,,428,7600,
644,衡水学院,2024,内蒙,本科批,文科,,,409,9577,
645,河北经贸大学,2024,内蒙,本科批,文科,,,431,4922,
646,武汉城市学院,2024,内蒙,本科批,文科,,,382,14413,
649,浙江水利水电学院,2024,内蒙,本科批,文科,,,448,9119,
65,湖南农业大学,2024,内蒙,本科批,文科,,,476,5887,
651,山东师范大学,2024,内蒙,本科批,文科,,,505,4751,
652,沧州师范学院,2024,内蒙,本科批,文科,,,407,11225,
654,新余学院,2024,内蒙,本科批,文科,,,406,8784,
659,上饶师范学院,2024,内蒙,本科批,文科,,,408,9351,
66,华中农业大学,2024,内蒙,本科批,文科,,,518,1235,
666,信阳师范大学,2024,内蒙,本科批,文科,,,449,10423,
668,哈尔滨师范大学,2024,内蒙,本科批,文科,,,449,5710,
68,山东航空学院,2024,内蒙,本科批,文科,,,469,8143,
680,山西农业大学,2024,内蒙,本科批,文科,,,431,7831,
681,无锡学院,2024,内蒙,本科批,文科,,,484,5710,
683,武汉生物工程学院,2024,内蒙,本科批,文科,,,387,14559,
684,南昌大学科学技术学院,2024,内蒙,本科批,文科,,,396,17052,
687,湖北理工学院,2024,内蒙,本科批,文科,,,449,10423,
690,黄冈师范学院,2024,内蒙,本科批,文科,,,466,8448,
695,湖南工学院,2024,内蒙,本科批,文科,,,406,9248,
696,邵阳学院,2024,内蒙,本科批,文科,,,410,9351,
698,南京审计大学金审学院,2024,内蒙,本科批,文科,,,429,7600,
699,湖南女子学院,2024,内蒙,本科批,文科,,,410,10899,
7,中南民族大学,2024,内蒙,本科批,文科,,,486,2020,
701,吉首大学,2024,内蒙,本科批,文科,,,405,6550,
702,湘潭大学,2024,内蒙,本科批,文科,,,489,763,
703,湖南工商大学,2024,内蒙,本科批,文科,,,463,8235,
704,天津商业大学宝德学院,2024,内蒙,本科批,文科,,,389,11971,
705,聊城大学东昌学院,2024,内蒙,本科批,文科,,,389,17878,
707,湖南医药学院,2024,内蒙,本科批,文科,,,427,7401,
71,西南大学,2024,内蒙,本科批,文科,,,544,1526,
711,山西大学,2024,内蒙,本科批,文科,,,513,1675,
712,山西师范大学,2024,内蒙,本科批,文科,,,432,6914,
713,山西医科大学,2024,内蒙,本科批,文科,,,480,3782,
716,大连艺术学院,2024,内蒙,本科批,文科,,,376,18477,
719,太原学院,2024,内蒙,本科批,文科,,,415,9577,
723,山西应用科技学院,2024,内蒙,本科批,文科,,,381,17517,
724,西安信息职业大学,2024,内蒙,本科批,文科,,,382,17404,
728,山西中医药大学,2024,内蒙,本科批,文科,,,469,1079,
729,太原师范学院,2024,内蒙,本科批,文科,,,405,6738,
73,中国农业大学,2024,内蒙,本科批,文科,,,570,339,
730,潍坊科技学院,2024,内蒙,本科批,文科,,,392,16194,
733,武汉华夏理工学院,2024,内蒙,本科批,文科,,,389,17176,
737,烟台大学,2024,内蒙,本科批,文科,,,477,2941,
738,青岛大学,2024,内蒙,本科批,文科,,,489,2571,
739,青岛滨海学院,2024,内蒙,本科批,文科,,,383,14962,
74,西北农林科技大学,2024,内蒙,本科批,文科,,,548,763,
744,桂林旅游学院,2024,内蒙,本科批,文科,,,404,12822,
746,广西科技大学,2024,内蒙,本科批,文科,,,435,12099,
749,云南大学,2024,内蒙,本科批,文科,,,519,1284,
75,塔里木大学,2024,内蒙,本科批,文科,,,415,10423,
750,西安科技大学高新学院,2024,内蒙,本科批,文科,,,387,17289,
751,内蒙古大学,2024,内蒙,本科批,文科,,,487,1409,
752,内蒙古师范大学,2024,内蒙,本科批,文科,,,426,3389,
753,内蒙古工业大学,2024,内蒙,本科批,文科,,,427,5188,
754,内蒙古财经大学,2024,内蒙,本科批,文科,,,429,3466,
755,内蒙古农业大学,2024,内蒙,本科批,文科,,,429,5426,
757,内蒙古科技大学包头师范学院,2024,内蒙,本科批,文科,,,427,5607,
758,内蒙古医科大学,2024,内蒙,本科批,文科,,,438,2694,
759,内蒙古科技大学包头医学院,2024,内蒙,本科批,文科,,,421,4660,
76,石河子大学,2024,内蒙,本科批,文科,,,484,2142,
760,绵阳城市学院,2024,内蒙,本科批,文科,,,391,17640,
761,内蒙古民族大学,2024,内蒙,本科批,文科,,,417,4660,
764,内蒙古科技大学,2024,内蒙,本科批,文科,,,428,5710,
765,集宁师范学院,2024,内蒙,本科批,文科,,,408,10423,
766,呼伦贝尔学院,2024,内蒙,本科批,文科,,,409,9577,
767,赤峰学院,2024,内蒙,本科批,文科,,,409,8039,
768,呼和浩特民族学院,2024,内蒙,本科批,文科,,,419,8235,
772,河套学院,2024,内蒙,本科批,文科,,,415,11001,
787,天津财经大学珠江学院,2024,内蒙,本科批,文科,,,398,11720,
791,广西民族大学,2024,内蒙,本科批,文科,,,457,7286,
796,广州中医药大学,2024,内蒙,本科批,文科,,,549,511,
798,广西师范大学,2024,内蒙,本科批,文科,,,446,6462,
80,南京林业大学,2024,内蒙,本科批,文科,,,509,3141,
801,辽宁大学,2024,内蒙,本科批,文科,,,550,1324,
803,沈阳音乐学院,2024,内蒙,本科批,文科,,,494,5710,
808,辽宁对外经贸学院,2024,内蒙,本科批,文科,,,378,16904,
82,北京林业大学,2024,内蒙,本科批,文科,,,549,1324,
820,渤海大学,2024,内蒙,本科批,文科,,,448,7101,
823,大连大学,2024,内蒙,本科批,文科,,,428,5004,
83,东北林业大学,2024,内蒙,本科批,文科,,,516,1235,
832,长春大学,2024,内蒙,本科批,文科,,,441,11367,
835,吉林体育学院,2024,内蒙,本科批,文科,,,418,13829,
836,吉林建筑科技学院,2024,内蒙,本科批,文科,,,378,17998,
837,延边大学,2024,内蒙,本科批,文科,,,413,1370,
838,长春工业大学人文信息学院,2024,内蒙,本科批,文科,,,381,15462,
840,吉林农业大学,2024,内蒙,本科批,文科,,,446,9119,
842,吉林工程技术师范学院,2024,内蒙,本科批,文科,,,409,12448,
844,华南师范大学,2024,内蒙,本科批,文科,,,519,873,
846,北华大学,2024,内蒙,本科批,文科,,,417,5973,
847,岭南师范学院,2024,内蒙,本科批,文科,,,414,9248,
85,韩山师范学院,2024,内蒙,本科批,文科,,,401,12940,
851,吉林师范大学,2024,内蒙,本科批,文科,,,409,5801,
852,白城师范学院,2024,内蒙,本科批,文科,,,409,8677,
853,肇庆学院,2024,内蒙,本科批,文科,,,429,12822,
854,吉林农业科技学院,2024,内蒙,本科批,文科,,,409,10899,
857,喀什大学,2024,内蒙,本科批,文科,,,433,9461,
858,吉林外国语大学,2024,内蒙,本科批,文科,,,380,12940,
86,广东财经大学,2024,内蒙,本科批,文科,,,505,3389,
861,青岛黄海学院,2024,内蒙,本科批,文科,,,384,14962,
867,武昌理工学院,2024,内蒙,本科批,文科,,,428,12328,
868,湖北民族大学,2024,内蒙,本科批,文科,,,455,9351,
873,黑龙江工业学院,2024,内蒙,本科批,文科,,,411,11001,
874,黑龙江八一农垦大学,2024,内蒙,本科批,文科,,,425,7493,
875,黑龙江大学,2024,内蒙,本科批,文科,,,485,1962,
876,黑河学院,2024,内蒙,本科批,文科,,,406,9008,
877,东北农业大学,2024,内蒙,本科批,文科,,,499,1675,
879,黑龙江中医药大学,2024,内蒙,本科批,文科,,,472,1191,
881,黑龙江工程学院,2024,内蒙,本科批,文科,,,430,8345,
884,大庆师范学院,2024,内蒙,本科批,文科,,,411,15201,
885,南京工业职业技术大学,2024,内蒙,本科批,文科,,,434,12099,
887,四川外国语大学,2024,内蒙,本科批,文科,,,476,5506,
89,保定学院,2024,内蒙,本科批,文科,,,421,8448,
891,黑龙江外国语学院,2024,内蒙,本科批,文科,,,383,17878,
892,绥化学院,2024,内蒙,本科批,文科,,,398,10423,
899,重庆财经学院,2024,内蒙,本科批,文科,,,410,9248,
90,重庆人文科技学院,2024,内蒙,本科批,文科,,,389,11001,
900,上海理工大学,2024,内蒙,本科批,文科,,,537,2448,
903,上海第二工业大学,2024,内蒙,本科批,文科,,,451,6257,
908,宁波大学,2024,内蒙,本科批,文科,,,530,2020,
91,新乡学院,2024,内蒙,本科批,文科,,,409,13455,
910,南京艺术学院,2024,内蒙,本科批,文科,,,441,7600,
911,扬州大学,2024,内蒙,本科批,文科,,,511,1115,
917,南京特殊教育师范学院,2024,内蒙,本科批,文科,,,454,9805,
920,安徽大学,2024,内蒙,本科批,文科,,,513,947,
924,重庆工商大学派斯学院,2024,内蒙,本科批,文科,,,402,16313,
925,海南大学,2024,内蒙,本科批,文科,,,504,1622,
926,海口经济学院,2024,内蒙,本科批,文科,,,364,18229,
927,海南师范大学,2024,内蒙,本科批,文科,,,411,5093,
935,南昌大学,2024,内蒙,本科批,文科,,,515,947,
936,江西科技学院,2024,内蒙,本科批,文科,,,378,15330,
94,河北民族师范学院,2024,内蒙,本科批,文科,,,407,11586,
940,榆林学院,2024,内蒙,本科批,文科,,,418,10297,
941,西北大学,2024,内蒙,本科批,文科,,,546,763,
942,西安外国语大学,2024,内蒙,本科批,文科,,,488,2142,
943,西安音乐学院,2024,内蒙,本科批,文科,,,428,12940,
945,西安外事学院,2024,内蒙,本科批,文科,,,385,16668,
948,西安欧亚学院,2024,内蒙,本科批,文科,,,383,10297,
949,西京学院,2024,内蒙,本科批,文科,,,420,11971,
950,西安培华学院,2024,内蒙,本科批,文科,,,389,11853,
951,西安翻译学院,2024,内蒙,本科批,文科,,,399,11720,
953,渭南师范学院,2024,内蒙,本科批,文科,,,448,10528,
957,甘肃政法大学,2024,内蒙,本科批,文科,,,451,4828,
958,西北师范大学,2024,内蒙,本科批,文科,,,420,3539,
964,上海立信会计金融学院,2024,内蒙,本科批,文科,,,505,1675,
966,潍坊学院,2024,内蒙,本科批,文科,,,405,6550,
968,浙江科技大学,2024,内蒙,本科批,文科,,,475,7493,
971,广州大学,2024,内蒙,本科批,文科,,,514,2448,
972,宁夏大学,2024,内蒙,本科批,文科,,,515,1962,
973,宁夏理工学院,2024,内蒙,本科批,文科,,,381,14279,
976,海南热带海洋学院,2024,内蒙,本科批,文科,,,409,9119,
981,新疆大学,2024,内蒙,本科批,文科,,,487,1526,
982,新疆师范大学,2024,内蒙,本科批,文科,,,464,7493,
986,新疆农业大学,2024,内蒙,本科批,文科,,,471,7942,
989,五邑大学,2024,内蒙,本科批,文科,,,486,6462,
99,哈尔滨理工大学,2024,内蒙,本科批,文科,,,481,5426,
992,昆明学院,2024,内蒙,本科批,文科,,,419,8345,
999,重庆理工大学,2024,内蒙,本科批,文科,,,472,7831,
,三亚学院,2024,内蒙,本科批,文科,,,367,16904,
276,北京外国语大学,2024,内蒙,本科提前批A段,文科,,,545,262,
,昆山杜克大学,2024,内蒙,本科提前批A段,文科,,,579,672,
10,中国人民公安大学,2024,内蒙,本科提前批B段,文科,,,559,452,
12,中国人民警察大学,2024,内蒙,本科提前批B段,文科,,,518,1570,
148,中国海洋大学,2024,内蒙,本科提前批B段,文科,,,564,1159,
17,西南政法大学,2024,内蒙,本科提前批B段,文科,,,545,2020,
18,西北政法大学,2024,内蒙,本科提前批B段,文科,,,516,3857,
20,中南财经政法大学,2024,内蒙,本科提前批B段,文科,,,561,1284,
207,江西警察学院,2024,内蒙,本科提前批B段,文科,,,517,3782,
23,中央司法警官学院,2024,内蒙,本科提前批B段,文科,,,493,3908,
25,中央财经大学,2024,内蒙,本科提前批B段,文科,,,569,974,
269,中国传媒大学,2024,内蒙,本科提前批B段,文科,,,556,1479,
279,中山大学,2024,内蒙,本科提前批B段,文科,,,554,1570,
281,北京语言大学,2024,内蒙,本科提前批B段,文科,,,550,947,
286,中国人民大学,2024,内蒙,本科提前批B段,文科,,,554,1570,
289,四川大学,2024,内蒙,本科提前批B段,文科,,,587,494,
292,浙江大学,2024,内蒙,本科提前批B段,文科,,,600,279,
294,清华大学,2024,内蒙,本科提前批B段,文科,,,598,308,
296,兰州大学,2024,内蒙,本科提前批B段,文科,,,564,1159,
297,吉林大学,2024,内蒙,本科提前批B段,文科,,,596,339,
298,厦门大学,2024,内蒙,本科提前批B段,文科,,,590,437,
300,山东大学,2024,内蒙,本科提前批B段,文科,,,567,1044,
301,湖南大学,2024,内蒙,本科提前批B段,文科,,,581,620,
305,武汉大学,2024,内蒙,本科提前批B段,文科,,,605,204,
308,复旦大学,2024,内蒙,本科提前批B段,文科,,,591,339,
312,中南大学,2024,内蒙,本科提前批B段,文科,,,580,643,
315,华东师范大学,2024,内蒙,本科提前批B段,文科,,,601,175,
317,南京师范大学,2024,内蒙,本科提前批B段,文科,,,564,1159,
320,陕西师范大学,2024,内蒙,本科提前批B段,文科,,,567,511,
321,东北师范大学,2024,内蒙,本科提前批B段,文科,,,572,698,
324,华中师范大学,2024,内蒙,本科提前批B段,文科,,,570,339,
327,苏州大学,2024,内蒙,本科提前批B段,文科,,,545,2020,
329,江西师范大学,2024,内蒙,本科提前批B段,文科,,,545,2020,
35,西南财经大学,2024,内蒙,本科提前批B段,文科,,,525,3214,
354,上海海关学院,2024,内蒙,本科提前批B段,文科,,,581,620,
362,中国民用航空飞行学院,2024,内蒙,本科提前批B段,文科,,,518,3704,
484,武警工程大学,2024,内蒙,本科提前批B段,文科,,,558,1409,
505,国防科技大学,2024,内蒙,本科提前批B段,文科,,,563,197,
591,贵州大学,2024,内蒙,本科提前批B段,文科,,,533,2694,
61,对外经济贸易大学,2024,内蒙,本科提前批B段,文科,,,575,643,
71,西南大学,2024,内蒙,本科提前批B段,文科,,,567,320,
749,云南大学,2024,内蒙,本科提前批B段,文科,,,551,1726,
8,郑州警察学院,2024,内蒙,本科提前批B段,文科,,,499,2941,
84,南京警察学院,2024,内蒙,本科提前批B段,文科,,,521,1811,
875,黑龙江大学,2024,内蒙,本科提前批B段,文科,,,496,4578,
887,四川外国语大学,2024,内蒙,本科提前批B段,文科,,,518,2941,
9,中国刑事警察学院,2024,内蒙,本科提前批B段,文科,,,550,1769,
941,西北大学,2024,内蒙,本科提前批B段,文科,,,525,1159,
,上海海关学院,2024,内蒙,本科提前批B段,文科,,,575,763,
144,河海大学,2024,内蒙,本科提前批C段,文科,,,561,1284,
19,中国政法大学,2024,内蒙,本科提前批C段,文科,,,575,88,
20,中南财经政法大学,2024,内蒙,本科提前批C段,文科,,,558,1409,
21,大连民族大学,2024,内蒙,本科提前批C段,文科,,,509,4422,
25,中央财经大学,2024,内蒙,本科提前批C段,文科,,,567,1044,
26,东北财经大学,2024,内蒙,本科提前批C段,文科,,,543,2142,
269,中国传媒大学,2024,内蒙,本科提前批C段,文科,,,546,1962,
276,北京外国语大学,2024,内蒙,本科提前批C段,文科,,,544,2082,
277,上海外国语大学,2024,内蒙,本科提前批C段,文科,,,548,1867,
279,中山大学,2024,内蒙,本科提前批C段,文科,,,555,1526,
281,北京语言大学,2024,内蒙,本科提前批C段,文科,,,538,2385,
283,东南大学,2024,内蒙,本科提前批C段,文科,,,555,1526,
286,中国人民大学,2024,内蒙,本科提前批C段,文科,,,593,308,
289,四川大学,2024,内蒙,本科提前批C段,文科,,,568,1011,
290,重庆大学,2024,内蒙,本科提前批C段,文科,,,562,1235,
298,厦门大学,2024,内蒙,本科提前批C段,文科,,,592,404,
300,山东大学,2024,内蒙,本科提前批C段,文科,,,560,1324,
302,南开大学,2024,内蒙,本科提前批C段,文科,,,585,536,
304,北京大学,2024,内蒙,本科提前批C段,文科,,,605,70,
305,武汉大学,2024,内蒙,本科提前批C段,文科,,,578,698,
307,北京师范大学,2024,内蒙,本科提前批C段,文科,,,581,437,
308,复旦大学,2024,内蒙,本科提前批C段,文科,,,593,308,
310,上海交通大学,2024,内蒙,本科提前批C段,文科,,,580,416,
312,中南大学,2024,内蒙,本科提前批C段,文科,,,568,1011,
313,山东大学威海分校,2024,内蒙,本科提前批C段,文科,,,551,763,
315,华东师范大学,2024,内蒙,本科提前批C段,文科,,,560,1324,
320,陕西师范大学,2024,内蒙,本科提前批C段,文科,,,545,1526,
321,东北师范大学,2024,内蒙,本科提前批C段,文科,,,556,1479,
324,华中师范大学,2024,内蒙,本科提前批C段,文科,,,566,1079,
327,苏州大学,2024,内蒙,本科提前批C段,文科,,,541,2234,
338,北京体育大学,2024,内蒙,本科提前批C段,文科,,,528,2507,
35,西南财经大学,2024,内蒙,本科提前批C段,文科,,,546,1726,
354,上海海关学院,2024,内蒙,本科提前批C段,文科,,,498,5342,
377,暨南大学,2024,内蒙,本科提前批C段,文科,,,538,1622,
49,南京财经大学,2024,内蒙,本科提前批C段,文科,,,514,3990,
58,中华女子学院,2024,内蒙,本科提前批C段,文科,,,478,5093,
59,中国劳动关系学院,2024,内蒙,本科提前批C段,文科,,,480,4578,
61,对外经济贸易大学,2024,内蒙,本科提前批C段,文科,,,564,1115,
62,上海海洋大学,2024,内蒙,本科提前批C段,文科,,,511,3324,
651,山东师范大学,2024,内蒙,本科提前批C段,文科,,,485,2185,
7,中南民族大学,2024,内蒙,本科提前批C段,文科,,,533,2694,
751,内蒙古大学,2024,内蒙,本科提前批C段,文科,,,496,974,
752,内蒙古师范大学,2024,内蒙,本科提前批C段,文科,,,489,6159,
754,内蒙古财经大学,2024,内蒙,本科提前批C段,文科,,,509,3908,
755,内蒙古农业大学,2024,内蒙,本科提前批C段,文科,,,500,4422,
757,内蒙古科技大学包头师范学院,2024,内蒙,本科提前批C段,文科,,,492,4227,
761,内蒙古民族大学,2024,内蒙,本科提前批C段,文科,,,500,4422,
765,集宁师范学院,2024,内蒙,本科提前批C段,文科,,,470,5264,
772,河套学院,2024,内蒙,本科提前批C段,文科,,,423,8448,
82,北京林业大学,2024,内蒙,本科提前批C段,文科,,,559,1370,
,中国社会科学院大学,2024,内蒙,本科提前批C段,文科,,,564,873,
102,上海旅游高等专科学校,2024,内蒙,高职(专科)批,文科,,,265,26551,
111,山西林业职业技术学院,2024,内蒙,高职(专科)批,文科,,,233,25972,
113,长江工程职业技术学院,2024,内蒙,高职(专科)批,文科,,,313,25487,
124,烟台南山学院,2024,内蒙,高职(专科)批,文科,,,236,28888,
136,重庆电力高等专科学校,2024,内蒙,高职(专科)批,文科,,,208,20222,
140,辽阳职业技术学院,2024,内蒙,高职(专科)批,文科,,,279,22123,
142,甘肃工业职业技术学院,2024,内蒙,高职(专科)批,文科,,,229,29004,
143,黄河水利职业技术学院,2024,内蒙,高职(专科)批,文科,,,296,24930,
152,河北对外经贸职业学院,2024,内蒙,高职(专科)批,文科,,,243,23049,
153,石家庄信息工程职业学院,2024,内蒙,高职(专科)批,文科,,,271,22362,
155,湖南信息职业技术学院,2024,内蒙,高职(专科)批,文科,,,232,25395,
163,江西交通职业技术学院,2024,内蒙,高职(专科)批,文科,,,272,25553,
169,日照职业技术学院,2024,内蒙,高职(专科)批,文科,,,238,17878,
176,西安交通工程学院,2024,内蒙,高职(专科)批,文科,,,244,24295,
178,湖北交通职业技术学院,2024,内蒙,高职(专科)批,文科,,,237,19263,
179,伊春职业学院,2024,内蒙,高职(专科)批,文科,,,232,19129,
180,牡丹江大学,2024,内蒙,高职(专科)批,文科,,,231,22028,
183,石家庄理工职业学院,2024,内蒙,高职(专科)批,文科,,,237,27974,
204,包头职业技术学院,2024,内蒙,高职(专科)批,文科,,,161,20222,
206,河南职业技术学院,2024,内蒙,高职(专科)批,文科,,,366,20672,
212,山西机电职业技术学院,2024,内蒙,高职(专科)批,文科,,,311,25844,
215,威海职业学院,2024,内蒙,高职(专科)批,文科,,,239,23152,
216,山西省财政税务专科学校,2024,内蒙,高职(专科)批,文科,,,263,19001,
226,北京信息职业技术学院,2024,内蒙,高职(专科)批,文科,,,284,22967,
227,南昌工学院,2024,内蒙,高职(专科)批,文科,,,232,28955,
235,北京工业职业技术学院,2024,内蒙,高职(专科)批,文科,,,276,20796,
239,哈尔滨铁道职业技术学院,2024,内蒙,高职(专科)批,文科,,,319,17517,
245,湖南铁道职业技术学院,2024,内蒙,高职(专科)批,文科,,,309,19983,
248,武汉软件工程职业学院,2024,内蒙,高职(专科)批,文科,,,323,19129,
249,泰州职业技术学院,2024,内蒙,高职(专科)批,文科,,,309,21246,
255,辽宁广告职业学院,2024,内蒙,高职(专科)批,文科,,,196,27974,
256,青岛职业技术学院,2024,内蒙,高职(专科)批,文科,,,366,20672,
263,潍坊职业学院,2024,内蒙,高职(专科)批,文科,,,266,25487,
266,云南经济管理学院,2024,内蒙,高职(专科)批,文科,,,209,28536,
32,长沙民政职业技术学院,2024,内蒙,高职(专科)批,文科,,,244,15201,
344,三亚城市职业学院,2024,内蒙,高职(专科)批,文科,,,181,29256,
345,黑龙江林业职业技术学院,2024,内蒙,高职(专科)批,文科,,,233,26796,
351,石家庄铁路职业技术学院,2024,内蒙,高职(专科)批,文科,,,279,19722,
356,长春科技学院,2024,内蒙,高职(专科)批,文科,,,262,28235,
359,山东商业职业技术学院,2024,内蒙,高职(专科)批,文科,,,254,25079,
360,安徽中医药高等专科学校,2024,内蒙,高职(专科)批,文科,,,311,15818,
364,广州民航职业技术学院,2024,内蒙,高职(专科)批,文科,,,279,17878,
365,湖南邮电职业技术学院,2024,内蒙,高职(专科)批,文科,,,273,27894,
366,山西水利职业技术学院,2024,内蒙,高职(专科)批,文科,,,251,28563,
367,南昌理工学院,2024,内蒙,高职(专科)批,文科,,,215,26182,
37,齐齐哈尔高等师范专科学校,2024,内蒙,高职(专科)批,文科,,,232,22967,
371,河北科技学院,2024,内蒙,高职(专科)批,文科,,,232,27451,
372,上海出版印刷高等专科学校,2024,内蒙,高职(专科)批,文科,,,360,21128,
375,平顶山工业职业技术学院,2024,内蒙,高职(专科)批,文科,,,244,26735,
380,哈尔滨职业技术大学,2024,内蒙,高职(专科)批,文科,,,266,21570,
383,山东水利职业学院,2024,内蒙,高职(专科)批,文科,,,220,20672,
385,成都农业科技职业学院,2024,内蒙,高职(专科)批,文科,,,388,17998,
39,长春金融高等专科学校,2024,内蒙,高职(专科)批,文科,,,239,17878,
392,锦州师范高等专科学校,2024,内蒙,高职(专科)批,文科,,,352,21922,
400,青岛港湾职业技术学院,2024,内蒙,高职(专科)批,文科,,,237,22778,
401,西安城市建设职业学院,2024,内蒙,高职(专科)批,文科,,,248,27588,
407,武汉警官职业学院,2024,内蒙,高职(专科)批,文科,,,315,19263,
408,江苏食品药品职业技术学院,2024,内蒙,高职(专科)批,文科,,,278,21570,
424,桂林理工大学,2024,内蒙,高职(专科)批,文科,,,265,20222,
426,保险职业学院,2024,内蒙,高职(专科)批,文科,,,217,27676,
43,黑龙江商业职业学院,2024,内蒙,高职(专科)批,文科,,,318,25320,
431,大连科技学院,2024,内蒙,高职(专科)批,文科,,,276,27775,
434,张家界航空工业职业技术学院,2024,内蒙,高职(专科)批,文科,,,304,21468,
444,江西财经职业学院,2024,内蒙,高职(专科)批,文科,,,242,24107,
446,三峡大学科技学院,2024,内蒙,高职(专科)批,文科,,,233,26906,
460,山东化工职业学院,2024,内蒙,高职(专科)批,文科,,,245,28699,
485,枣庄科技职业学院,2024,内蒙,高职(专科)批,文科,,,248,21468,
486,抚州职业技术学院,2024,内蒙,高职(专科)批,文科,,,195,25079,
491,宝鸡职业技术学院,2024,内蒙,高职(专科)批,文科,,,309,19380,
493,海南软件职业技术学院,2024,内蒙,高职(专科)批,文科,,,244,28714,
514,西安思源学院,2024,内蒙,高职(专科)批,文科,,,281,24206,
524,漳州职业技术学院,2024,内蒙,高职(专科)批,文科,,,284,19983,
526,北京青年政治学院,2024,内蒙,高职(专科)批,文科,,,276,19846,
534,聊城职业技术学院,2024,内蒙,高职(专科)批,文科,,,227,21339,
536,北京经济技术职业学院,2024,内蒙,高职(专科)批,文科,,,188,16564,
540,淄博师范高等专科学校,2024,内蒙,高职(专科)批,文科,,,232,20672,
543,河北女子职业技术学院,2024,内蒙,高职(专科)批,文科,,,308,26041,
545,四川建筑职业技术学院,2024,内蒙,高职(专科)批,文科,,,356,21815,
558,天津市职业大学,2024,内蒙,高职(专科)批,文科,,,315,17757,
560,江西青年职业学院,2024,内蒙,高职(专科)批,文科,,,258,27451,
561,天津天狮学院,2024,内蒙,高职(专科)批,文科,,,258,19846,
565,天津滨海职业学院,2024,内蒙,高职(专科)批,文科,,,263,20329,
567,天津现代职业技术学院,2024,内蒙,高职(专科)批,文科,,,294,20104,
568,天津轻工职业技术学院,2024,内蒙,高职(专科)批,文科,,,275,20104,
569,天津电子信息职业技术学院,2024,内蒙,高职(专科)批,文科,,,290,20104,
570,天津公安警官职业学院,2024,内蒙,高职(专科)批,文科,,,359,21468,
571,天津机电职业技术学院,2024,内蒙,高职(专科)批,文科,,,256,21339,
572,天津渤海职业技术学院,2024,内蒙,高职(专科)批,文科,,,272,20672,
574,天津商务职业学院,2024,内蒙,高职(专科)批,文科,,,300,22123,
577,天津医学高等专科学校,2024,内蒙,高职(专科)批,文科,,,318,16082,
583,扬州市职业大学,2024,内蒙,高职(专科)批,文科,,,314,24930,
585,西安明德理工学院,2024,内蒙,高职(专科)批,文科,,,265,27974,
587,天津交通职业学院,2024,内蒙,高职(专科)批,文科,,,250,21815,
588,湖北城市建设职业技术学院,2024,内蒙,高职(专科)批,文科,,,221,27727,
593,焦作大学,2024,内蒙,高职(专科)批,文科,,,287,27254,
601,开封大学,2024,内蒙,高职(专科)批,文科,,,302,21922,
606,湖南理工职业技术学院,2024,内蒙,高职(专科)批,文科,,,309,19846,
613,九江职业大学,2024,内蒙,高职(专科)批,文科,,,273,23466,
614,陕西国际商贸学院,2024,内蒙,高职(专科)批,文科,,,316,23731,
618,陕西职业技术学院,2024,内蒙,高职(专科)批,文科,,,234,28662,
624,四川工程职业技术大学,2024,内蒙,高职(专科)批,文科,,,239,19001,
626,重庆城市管理职业学院,2024,内蒙,高职(专科)批,文科,,,380,19001,
635,西安职业技术学院,2024,内蒙,高职(专科)批,文科,,,317,25395,
637,河北能源职业技术学院,2024,内蒙,高职(专科)批,文科,,,262,28261,
643,秦皇岛职业技术学院,2024,内蒙,高职(专科)批,文科,,,239,28830,
650,河北旅游职业学院,2024,内蒙,高职(专科)批,文科,,,315,25395,
653,江西应用科技学院,2024,内蒙,高职(专科)批,文科,,,193,29363,
655,江西信息应用职业技术学院,2024,内蒙,高职(专科)批,文科,,,234,17404,
656,江西医学高等专科学校,2024,内蒙,高职(专科)批,文科,,,349,22570,
657,江西电力职业技术学院,2024,内蒙,高职(专科)批,文科,,,279,20898,
660,浙江建设职业技术学院,2024,内蒙,高职(专科)批,文科,,,280,23466,
661,武汉工程职业技术学院,2024,内蒙,高职(专科)批,文科,,,218,23928,
662,荆州理工职业学院,2024,内蒙,高职(专科)批,文科,,,219,26624,
665,荆州职业技术学院,2024,内蒙,高职(专科)批,文科,,,256,23819,
673,武汉职业技术学院,2024,内蒙,高职(专科)批,文科,,,312,18627,
674,咸宁职业技术学院,2024,内蒙,高职(专科)批,文科,,,231,26041,
675,湖北职业技术学院,2024,内蒙,高职(专科)批,文科,,,229,24548,
682,黄冈职业技术学院,2024,内蒙,高职(专科)批,文科,,,279,17640,
683,武汉生物工程学院,2024,内蒙,高职(专科)批,文科,,,241,25919,
688,武汉商贸职业学院,2024,内蒙,高职(专科)批,文科,,,260,27411,
689,鄂州职业大学,2024,内蒙,高职(专科)批,文科,,,254,25844,
694,湖南工程职业技术学院,2024,内蒙,高职(专科)批,文科,,,221,20329,
706,长沙环境保护职业技术学院,2024,内蒙,高职(专科)批,文科,,,241,28587,
708,大庆医学高等专科学校,2024,内蒙,高职(专科)批,文科,,,236,15330,
709,武汉信息传播职业技术学院,2024,内蒙,高职(专科)批,文科,,,282,25758,
710,石家庄医学高等专科学校,2024,内蒙,高职(专科)批,文科,,,334,20898,
715,天津城市建设管理职业技术学院,2024,内蒙,高职(专科)批,文科,,,239,25167,
716,大连艺术学院,2024,内蒙,高职(专科)批,文科,,,217,25689,
721,陕西青年职业学院,2024,内蒙,高职(专科)批,文科,,,313,21339,
730,潍坊科技学院,2024,内蒙,高职(专科)批,文科,,,269,27254,
731,滨州职业学院,2024,内蒙,高职(专科)批,文科,,,285,22468,
732,山东力明科技职业学院,2024,内蒙,高职(专科)批,文科,,,198,25010,
735,山东科技职业学院,2024,内蒙,高职(专科)批,文科,,,231,22570,
736,张家口职业技术学院,2024,内蒙,高职(专科)批,文科,,,239,27647,
743,石家庄工程职业学院,2024,内蒙,高职(专科)批,文科,,,197,28519,
744,桂林旅游学院,2024,内蒙,高职(专科)批,文科,,,306,25395,
755,内蒙古农业大学,2024,内蒙,高职(专科)批,文科,,,316,20222,
756,四川文化艺术学院,2024,内蒙,高职(专科)批,文科,,,304,26306,
759,内蒙古科技大学包头医学院,2024,内蒙,高职(专科)批,文科,,,393,17404,
762,吉林铁道职业技术学院,2024,内蒙,高职(专科)批,文科,,,357,10790,
763,黑龙江交通职业技术学院,2024,内蒙,高职(专科)批,文科,,,319,18755,
769,科尔沁艺术职业学院,2024,内蒙,高职(专科)批,文科,,,229,28563,
770,呼和浩特职业学院,2024,内蒙,高职(专科)批,文科,,,318,18477,
771,内蒙古建筑职业技术学院,2024,内蒙,高职(专科)批,文科,,,259,23555,
773,内蒙古警察职业学院,2024,内蒙,高职(专科)批,文科,,,364,20898,
774,内蒙古体育职业学院,2024,内蒙,高职(专科)批,文科,,,251,26669,
775,兴安职业技术学院,2024,内蒙,高职(专科)批,文科,,,235,24772,
776,内蒙古机电职业技术学院,2024,内蒙,高职(专科)批,文科,,,302,21922,
777,三峡电力职业学院,2024,内蒙,高职(专科)批,文科,,,352,19603,
779,内蒙古商贸职业学院,2024,内蒙,高职(专科)批,文科,,,290,19380,
780,郑州电力职业技术学院,2024,内蒙,高职(专科)批,文科,,,221,26735,
781,山东商务职业学院,2024,内蒙,高职(专科)批,文科,,,194,24026,
782,内蒙古化工职业学院,2024,内蒙,高职(专科)批,文科,,,278,21922,
783,内蒙古电子信息职业技术学院,2024,内蒙,高职(专科)批,文科,,,277,22468,
785,锡林郭勒职业学院,2024,内蒙,高职(专科)批,文科,,,239,24466,
786,山东城市建设职业学院,2024,内蒙,高职(专科)批,文科,,,237,28298,
792,乌兰察布职业学院,2024,内蒙,高职(专科)批,文科,,,239,20560,
794,通辽职业学院,2024,内蒙,高职(专科)批,文科,,,241,21468,
795,包头轻工职业技术学院,2024,内蒙,高职(专科)批,文科,,,276,19722,
811,盘锦职业技术学院,2024,内蒙,高职(专科)批,文科,,,233,27647,
812,渤海船舶职业学院,2024,内蒙,高职(专科)批,文科,,,232,28955,
813,营口职业技术学院,2024,内蒙,高职(专科)批,文科,,,239,21246,
815,山西职业技术学院,2024,内蒙,高职(专科)批,文科,,,275,21815,
816,辽宁省交通高等专科学校,2024,内蒙,高职(专科)批,文科,,,238,20672,
818,太原城市职业技术学院,2024,内蒙,高职(专科)批,文科,,,239,28830,
819,朝阳师范学院,2024,内蒙,高职(专科)批,文科,,,261,19263,
821,抚顺职业技术学院,2024,内蒙,高职(专科)批,文科,,,237,27548,
825,大连职业技术学院,2024,内蒙,高职(专科)批,文科,,,302,22468,
828,鹤岗师范高等专科学校,2024,内蒙,高职(专科)批,文科,,,224,28491,
831,长春医学高等专科学校,2024,内蒙,高职(专科)批,文科,,,366,17640,
833,吉林工业职业技术学院,2024,内蒙,高职(专科)批,文科,,,249,20672,
834,长春东方职业学院,2024,内蒙,高职(专科)批,文科,,,248,27775,
843,辽宁机电职业技术学院,2024,内蒙,高职(专科)批,文科,,,221,26906,
849,吉林工程职业学院,2024,内蒙,高职(专科)批,文科,,,232,24772,
850,吉林交通职业技术学院,2024,内蒙,高职(专科)批,文科,,,273,24772,
856,吉林电子信息职业技术学院,2024,内蒙,高职(专科)批,文科,,,234,23819,
861,青岛黄海学院,2024,内蒙,高职(专科)批,文科,,,208,26041,
862,邢台医学院,2024,内蒙,高职(专科)批,文科,,,374,18627,
866,湖北水利水电职业技术学院,2024,内蒙,高职(专科)批,文科,,,255,24700,
869,汉江师范学院,2024,内蒙,高职(专科)批,文科,,,355,19263,
87,青岛酒店管理职业技术学院,2024,内蒙,高职(专科)批,文科,,,276,22362,
888,黑龙江农垦职业学院,2024,内蒙,高职(专科)批,文科,,,292,19380,
893,大庆职业学院,2024,内蒙,高职(专科)批,文科,,,238,26122,
896,黑龙江农业工程职业学院,2024,内蒙,高职(专科)批,文科,,,284,19380,
898,黑龙江农业经济职业学院,2024,内蒙,高职(专科)批,文科,,,243,20438,
902,上海工商外国语职业学院,2024,内蒙,高职(专科)批,文科,,,160,25251,
912,江西旅游商贸职业学院,2024,内蒙,高职(专科)批,文科,,,248,24107,
915,江苏农牧科技职业学院,2024,内蒙,高职(专科)批,文科,,,314,20560,
92,大兴安岭职业学院,2024,内蒙,高职(专科)批,文科,,,208,27350,
922,淮南职业技术学院,2024,内蒙,高职(专科)批,文科,,,251,28563,
923,海南职业技术学院,2024,内蒙,高职(专科)批,文科,,,222,26796,
926,海口经济学院,2024,内蒙,高职(专科)批,文科,,,161,27588,
933,湖北工业职业技术学院,2024,内蒙,高职(专科)批,文科,,,218,27196,
936,江西科技学院,2024,内蒙,高职(专科)批,文科,,,295,26853,
945,西安外事学院,2024,内蒙,高职(专科)批,文科,,,315,21246,
946,陕西能源职业技术学院,2024,内蒙,高职(专科)批,文科,,,268,22468,
950,西安培华学院,2024,内蒙,高职(专科)批,文科,,,316,21689,
951,西安翻译学院,2024,内蒙,高职(专科)批,文科,,,279,24622,
954,陕西工业职业技术学院,2024,内蒙,高职(专科)批,文科,,,212,19263,
960,四平职业大学,2024,内蒙,高职(专科)批,文科,,,343,19983,
967,重庆工业职业技术学院,2024,内蒙,高职(专科)批,文科,,,361,21246,
974,陕西铁路工程职业技术学院,2024,内蒙,高职(专科)批,文科,,,330,15938,
975,宁夏职业技术学院,2024,内蒙,高职(专科)批,文科,,,257,28399,
977,宁夏警官职业学院,2024,内蒙,高职(专科)批,文科,,,341,23367,
978,广东南华工商职业学院,2024,内蒙,高职(专科)批,文科,,,299,21815,
987,新疆轻工职业技术学院,2024,内蒙,高职(专科)批,文科,,,218,29106,
988,新疆农业职业技术大学,2024,内蒙,高职(专科)批,文科,,,227,23049,
,七台河职业学院,2024,内蒙,高职(专科)批,文科,,,276,25167,
178,湖北交通职业技术学院,2024,内蒙,高职(专科)提前批,文科,,,336,23466,
215,威海职业学院,2024,内蒙,高职(专科)提前批,文科,,,367,18353,
355,黑龙江司法警官职业学院,2024,内蒙,高职(专科)提前批,文科,,,330,21246,
397,武昌职业学院,2024,内蒙,高职(专科)提前批,文科,,,324,21339,
420,长沙航空职业技术学院,2024,内蒙,高职(专科)提前批,文科,,,387,8550,
434,张家界航空工业职业技术学院,2024,内蒙,高职(专科)提前批,文科,,,347,14680,
731,滨州职业学院,2024,内蒙,高职(专科)提前批,文科,,,346,21689,
773,内蒙古警察职业学院,2024,内蒙,高职(专科)提前批,文科,,,452,6257,
829,长春职业技术学院,2024,内蒙,高职(专科)提前批,文科,,,328,24548,
,内蒙古警察职业学院,2024,内蒙,高职(专科)提前批,文科,,,547,1370,
100,南京工程学院,2024,内蒙,本科批,理科,,,433,6619,
101,太原科技大学,2024,内蒙,本科批,理科,,,420,22646,
103,湖南工程学院,2024,内蒙,本科批,理科,,,425,31897,
104,河南科技大学,2024,内蒙,本科批,理科,,,429,12835,
105,西北工业大学,2024,内蒙,本科批,理科,,,650,458,
106,四川轻化工大学,2024,内蒙,本科批,理科,,,408,23384,
107,哈尔滨工业大学,2024,内蒙,本科批,理科,,,633,287,
109,重庆师范大学,2024,内蒙,本科批,理科,,,486,24935,
110,乐山师范学院,2024,内蒙,本科批,理科,,,389,43679,
112,邯郸学院,2024,内蒙,本科批,理科,,,370,40362,
116,北华航天工业学院,2024,内蒙,本科批,理科,,,393,26222,
117,南京航空航天大学,2024,内蒙,本科批,理科,,,609,2154,
118,沈阳航空航天大学,2024,内蒙,本科批,理科,,,452,15507,
119,北京航空航天大学,2024,内蒙,本科批,理科,,,645,158,
12,中国人民警察大学,2024,内蒙,本科批,理科,,,504,15309,
124,烟台南山学院,2024,内蒙,本科批,理科,,,366,54070,
125,河北工程技术学院,2024,内蒙,本科批,理科,,,364,58990,
126,长沙理工大学,2024,内蒙,本科批,理科,,,488,4322,
127,常州大学,2024,内蒙,本科批,理科,,,448,17415,
128,大连医科大学,2024,内蒙,本科批,理科,,,486,1714,
131,华北电力大学(保定),2024,内蒙,本科批,理科,,,549,2367,
132,东北电力大学,2024,内蒙,本科批,理科,,,489,3628,
134,华北电力大学(北京),2024,内蒙,本科批,理科,,,548,1448,
135,沈阳工程学院,2024,内蒙,本科批,理科,,,451,17620,
137,上海海事大学,2024,内蒙,本科批,理科,,,495,6865,
138,宁夏医科大学,2024,内蒙,本科批,理科,,,433,4953,
14,晋中学院,2024,内蒙,本科批,理科,,,391,52781,
141,盐城师范学院,2024,内蒙,本科批,理科,,,397,50920,
144,河海大学,2024,内蒙,本科批,理科,,,548,3419,
145,华北水利水电大学,2024,内蒙,本科批,理科,,,478,7701,
146,南昌工程学院,2024,内蒙,本科批,理科,,,387,26495,
147,福建农林大学,2024,内蒙,本科批,理科,,,429,18973,
148,中国海洋大学,2024,内蒙,本科批,理科,,,584,2448,
15,忻州师范学院,2024,内蒙,本科批,理科,,,369,35842,
150,沈阳建筑大学,2024,内蒙,本科批,理科,,,442,10643,
151,周口师范学院,2024,内蒙,本科批,理科,,,368,34393,
154,云南民族大学,2024,内蒙,本科批,理科,,,391,35557,
156,成都理工大学,2024,内蒙,本科批,理科,,,489,9803,
157,河北地质大学,2024,内蒙,本科批,理科,,,387,27541,
159,长江师范学院,2024,内蒙,本科批,理科,,,409,34969,
16,辽宁师范大学,2024,内蒙,本科批,理科,,,426,29927,
160,中国地质大学(北京),2024,内蒙,本科批,理科,,,508,3733,
161,德州学院,2024,内蒙,本科批,理科,,,454,33578,
162,中国地质大学(武汉),2024,内蒙,本科批,理科,,,512,4544,
164,文华学院,2024,内蒙,本科批,理科,,,371,46185,
165,山东英才学院,2024,内蒙,本科批,理科,,,362,59280,
167,辽宁科技大学,2024,内蒙,本科批,理科,,,389,14521,
17,西南政法大学,2024,内蒙,本科批,理科,,,556,2921,
170,北京科技大学,2024,内蒙,本科批,理科,,,579,915,
171,西安建筑科技大学,2024,内蒙,本科批,理科,,,489,13014,
173,青岛理工大学,2024,内蒙,本科批,理科,,,480,6011,
174,辽宁科技学院,2024,内蒙,本科批,理科,,,385,29390,
175,枣庄学院,2024,内蒙,本科批,理科,,,399,50258,
176,西安交通工程学院,2024,内蒙,本科批,理科,,,361,47446,
177,武汉科技大学,2024,内蒙,本科批,理科,,,519,5873,
18,西北政法大学,2024,内蒙,本科批,理科,,,548,5259,
181,上海电力大学,2024,内蒙,本科批,理科,,,577,3841,
182,东北大学秦皇岛分校,2024,内蒙,本科批,理科,,,549,2680,
184,通化师范学院,2024,内蒙,本科批,理科,,,371,56870,
185,江汉大学,2024,内蒙,本科批,理科,,,523,16334,
187,电子科技大学,2024,内蒙,本科批,理科,,,639,440,
188,杭州电子科技大学,2024,内蒙,本科批,理科,,,535,3419,
189,西安电子科技大学,2024,内蒙,本科批,理科,,,609,1654,
19,中国政法大学,2024,内蒙,本科批,理科,,,591,1493,
190,吉林工商学院,2024,内蒙,本科批,理科,,,379,29673,
191,贵州民族大学,2024,内蒙,本科批,理科,,,389,32183,
192,南京工业大学,2024,内蒙,本科批,理科,,,490,5642,
193,陇东学院,2024,内蒙,本科批,理科,,,370,43679,
196,吉林警察学院,2024,内蒙,本科批,理科,,,449,29927,
197,山东理工大学,2024,内蒙,本科批,理科,,,429,12093,
198,沈阳理工大学,2024,内蒙,本科批,理科,,,459,12450,
199,北京理工大学,2024,内蒙,本科批,理科,,,664,305,
20,中南财经政法大学,2024,内蒙,本科批,理科,,,569,3249,
200,上海电机学院,2024,内蒙,本科批,理科,,,438,33846,
201,长春理工大学,2024,内蒙,本科批,理科,,,489,6735,
202,中北大学,2024,内蒙,本科批,理科,,,475,5642,
203,南京理工大学,2024,内蒙,本科批,理科,,,589,2290,
208,广东金融学院,2024,内蒙,本科批,理科,,,440,26768,
209,沈阳化工大学,2024,内蒙,本科批,理科,,,429,23122,
21,大连民族大学,2024,内蒙,本科批,理科,,,424,16131,
210,北京化工大学,2024,内蒙,本科批,理科,,,547,3528,
211,青岛科技大学,2024,内蒙,本科批,理科,,,487,10465,
214,中原工学院,2024,内蒙,本科批,理科,,,391,32744,
217,上海应用技术大学,2024,内蒙,本科批,理科,,,429,8395,
218,哈尔滨信息工程学院,2024,内蒙,本科批,理科,,,367,59549,
219,天津工业大学,2024,内蒙,本科批,理科,,,490,5259,
22,天津职业技术师范大学,2024,内蒙,本科批,理科,,,520,14146,
221,大连工业大学,2024,内蒙,本科批,理科,,,424,20989,
222,西安医学院,2024,内蒙,本科批,理科,,,407,11500,
223,郑州轻工业大学,2024,内蒙,本科批,理科,,,429,11694,
224,陕西科技大学,2024,内蒙,本科批,理科,,,489,12627,
227,南昌工学院,2024,内蒙,本科批,理科,,,360,48370,
228,景德镇陶瓷大学,2024,内蒙,本科批,理科,,,393,28357,
229,天津科技大学,2024,内蒙,本科批,理科,,,486,8858,
231,西安邮电大学,2024,内蒙,本科批,理科,,,480,4953,
232,南京邮电大学,2024,内蒙,本科批,理科,,,579,3084,
233,重庆邮电大学,2024,内蒙,本科批,理科,,,489,4322,
234,北京邮电大学,2024,内蒙,本科批,理科,,,631,579,
237,西南交通大学,2024,内蒙,本科批,理科,,,549,2448,
238,大连交通大学,2024,内蒙,本科批,理科,,,465,8126,
24,上海财经大学,2024,内蒙,本科批,理科,,,593,1448,
241,兰州交通大学,2024,内蒙,本科批,理科,,,465,4119,
242,华东交通大学,2024,内蒙,本科批,理科,,,477,10143,
243,北京交通大学,2024,内蒙,本科批,理科,,,592,2219,
244,石家庄铁道大学,2024,内蒙,本科批,理科,,,503,8271,
246,伊犁师范大学,2024,内蒙,本科批,理科,,,369,43987,
25,中央财经大学,2024,内蒙,本科批,理科,,,595,1539,
250,大连海事大学,2024,内蒙,本科批,理科,,,561,4014,
251,南通大学,2024,内蒙,本科批,理科,,,441,29135,
252,山东交通学院,2024,内蒙,本科批,理科,,,416,24677,
253,武汉理工大学,2024,内蒙,本科批,理科,,,549,2837,
259,北京服装学院,2024,内蒙,本科批,理科,,,400,29390,
26,东北财经大学,2024,内蒙,本科批,理科,,,511,2680,
269,中国传媒大学,2024,内蒙,本科批,理科,,,574,4223,
27,江西财经大学,2024,内蒙,本科批,理科,,,483,7858,
271,浙江传媒学院,2024,内蒙,本科批,理科,,,463,22423,
274,上海戏剧学院,2024,内蒙,本科批,理科,,,516,10143,
276,北京外国语大学,2024,内蒙,本科批,理科,,,610,3321,
277,上海外国语大学,2024,内蒙,本科批,理科,,,562,5746,
278,长安大学,2024,内蒙,本科批,理科,,,547,3628,
279,中山大学,2024,内蒙,本科批,理科,,,602,219,
280,华南理工大学,2024,内蒙,本科批,理科,,,609,1004,
281,北京语言大学,2024,内蒙,本科批,理科,,,481,9316,
282,南京大学,2024,内蒙,本科批,理科,,,676,149,
283,东南大学,2024,内蒙,本科批,理科,,,651,440,
284,大连理工大学,2024,内蒙,本科批,理科,,,641,878,
285,西安交通大学,2024,内蒙,本科批,理科,,,663,325,
286,中国人民大学,2024,内蒙,本科批,理科,,,669,207,
287,东华大学,2024,内蒙,本科批,理科,,,578,4223,
288,江南大学,2024,内蒙,本科批,理科,,,548,3927,
289,四川大学,2024,内蒙,本科批,理科,,,609,287,
29,西安财经大学,2024,内蒙,本科批,理科,,,497,16980,
290,重庆大学,2024,内蒙,本科批,理科,,,621,1283,
291,东北大学,2024,内蒙,本科批,理科,,,575,1887,
292,浙江大学,2024,内蒙,本科批,理科,,,683,66,
293,三峡大学,2024,内蒙,本科批,理科,,,488,4544,
294,清华大学,2024,内蒙,本科批,理科,,,695,12,
295,燕山大学,2024,内蒙,本科批,理科,,,494,5642,
296,兰州大学,2024,内蒙,本科批,理科,,,554,2367,
297,吉林大学,2024,内蒙,本科批,理科,,,579,878,
298,厦门大学,2024,内蒙,本科批,理科,,,609,1089,
299,江苏大学,2024,内蒙,本科批,理科,,,515,5259,
3,中央民族大学,2024,内蒙,本科批,理科,,,577,3321,
30,承德医学院,2024,内蒙,本科批,理科,,,437,38520,
300,山东大学,2024,内蒙,本科批,理科,,,576,774,
301,湖南大学,2024,内蒙,本科批,理科,,,562,1772,
302,南开大学,2024,内蒙,本科批,理科,,,649,608,
303,天津大学,2024,内蒙,本科批,理科,,,639,1089,
304,北京大学,2024,内蒙,本科批,理科,,,694,12,
305,武汉大学,2024,内蒙,本科批,理科,,,604,416,
306,济南大学,2024,内蒙,本科批,理科,,,476,10803,
307,北京师范大学,2024,内蒙,本科批,理科,,,633,384,
308,复旦大学,2024,内蒙,本科批,理科,,,690,78,
309,同济大学,2024,内蒙,本科批,理科,,,639,325,
31,南京审计大学,2024,内蒙,本科批,理科,,,505,5642,
310,上海交通大学,2024,内蒙,本科批,理科,,,693,61,
311,华东理工大学,2024,内蒙,本科批,理科,,,562,2680,
312,中南大学,2024,内蒙,本科批,理科,,,578,458,
313,山东大学威海分校,2024,内蒙,本科批,理科,,,597,2092,
314,唐山学院,2024,内蒙,本科批,理科,,,427,35557,
316,河北师范大学,2024,内蒙,本科批,理科,,,474,12093,
317,南京师范大学,2024,内蒙,本科批,理科,,,519,3841,
321,东北师范大学,2024,内蒙,本科批,理科,,,540,3419,
322,商丘师范学院,2024,内蒙,本科批,理科,,,375,33288,
323,淮南师范学院,2024,内蒙,本科批,理科,,,388,47446,
324,华中师范大学,2024,内蒙,本科批,理科,,,531,4425,
325,云南师范大学,2024,内蒙,本科批,理科,,,453,29135,
327,苏州大学,2024,内蒙,本科批,理科,,,540,1887,
328,华中科技大学,2024,内蒙,本科批,理科,,,604,416,
329,江西师范大学,2024,内蒙,本科批,理科,,,510,15918,
33,大连外国语大学,2024,内蒙,本科批,理科,,,478,15918,
330,北京大学医学部,2024,内蒙,本科批,理科,,,669,54,
331,中国医科大学,2024,内蒙,本科批,理科,,,605,384,
333,咸阳师范学院,2024,内蒙,本科批,理科,,,447,35557,
335,成都体育学院,2024,内蒙,本科批,理科,,,449,23122,
336,沈阳体育学院,2024,内蒙,本科批,理科,,,402,38520,
338,北京体育大学,2024,内蒙,本科批,理科,,,553,6865,
340,玉溪师范学院,2024,内蒙,本科批,理科,,,369,53754,
341,昆明医科大学,2024,内蒙,本科批,理科,,,439,7012,
342,闽南理工学院,2024,内蒙,本科批,理科,,,367,49969,
343,齐齐哈尔大学,2024,内蒙,本科批,理科,,,387,31035,
346,长春工业大学,2024,内蒙,本科批,理科,,,429,21426,
349,长春建筑学院,2024,内蒙,本科批,理科,,,356,58074,
35,西南财经大学,2024,内蒙,本科批,理科,,,578,3528,
350,长沙理工大学城南学院,2024,内蒙,本科批,理科,,,373,53096,
352,山东第二医科大学,2024,内蒙,本科批,理科,,,410,15116,
353,曲靖师范学院,2024,内蒙,本科批,理科,,,373,39732,
354,上海海关学院,2024,内蒙,本科批,理科,,,469,29390,
356,长春科技学院,2024,内蒙,本科批,理科,,,362,55922,
357,南京信息工程大学,2024,内蒙,本科批,理科,,,505,4119,
358,成都信息工程大学,2024,内蒙,本科批,理科,,,444,21426,
36,牡丹江师范学院,2024,内蒙,本科批,理科,,,404,31331,
362,中国民用航空飞行学院,2024,内蒙,本科批,理科,,,485,10803,
363,中国民航大学,2024,内蒙,本科批,理科,,,519,3927,
367,南昌理工学院,2024,内蒙,本科批,理科,,,361,47133,
368,北京第二外国语学院,2024,内蒙,本科批,理科,,,495,7858,
370,吉林动画学院,2024,内蒙,本科批,理科,,,363,59280,
371,河北科技学院,2024,内蒙,本科批,理科,,,365,53096,
373,北京印刷学院,2024,内蒙,本科批,理科,,,498,15116,
374,中国计量大学,2024,内蒙,本科批,理科,,,514,7858,
377,暨南大学,2024,内蒙,本科批,理科,,,548,2837,
378,华侨大学,2024,内蒙,本科批,理科,,,489,8708,
38,河北金融学院,2024,内蒙,本科批,理科,,,390,28619,
380,哈尔滨职业技术大学,2024,内蒙,本科批,理科,,,369,51537,
381,吉林财经大学,2024,内蒙,本科批,理科,,,463,14146,
384,华东政法大学,2024,内蒙,本科批,理科,,,578,2092,
389,上海健康医学院,2024,内蒙,本科批,理科,,,459,32183,
390,中国药科大学,2024,内蒙,本科批,理科,,,576,2154,
391,沈阳药科大学,2024,内蒙,本科批,理科,,,487,6619,
394,郑州工业应用技术学院,2024,内蒙,本科批,理科,,,367,55012,
395,黄河科技学院,2024,内蒙,本科批,理科,,,369,49345,
399,北京中医药大学,2024,内蒙,本科批,理科,,,485,534,
4,西北民族大学,2024,内蒙,本科批,理科,,,375,14726,
40,安徽工业大学,2024,内蒙,本科批,理科,,,474,10298,
403,中国科学技术大学,2024,内蒙,本科批,理科,,,679,118,
404,湖南文理学院,2024,内蒙,本科批,理科,,,388,31035,
405,厦门理工学院,2024,内蒙,本科批,理科,,,437,18059,
406,井冈山大学,2024,内蒙,本科批,理科,,,389,26495,
409,江苏科技大学,2024,内蒙,本科批,理科,,,503,9186,
41,哈尔滨金融学院,2024,内蒙,本科批,理科,,,389,28098,
410,哈尔滨工程大学,2024,内蒙,本科批,理科,,,608,2680,
411,新乡医学院,2024,内蒙,本科批,理科,,,475,12835,
414,辽宁石油化工大学,2024,内蒙,本科批,理科,,,390,27541,
416,北京石油化工学院,2024,内蒙,本科批,理科,,,435,30196,
418,临沂大学,2024,内蒙,本科批,理科,,,423,26768,
42,安徽师范大学,2024,内蒙,本科批,理科,,,482,20083,
421,九江学院,2024,内蒙,本科批,理科,,,391,27796,
424,桂林理工大学,2024,内蒙,本科批,理科,,,412,15712,
425,昆明理工大学,2024,内蒙,本科批,理科,,,429,17839,
427,北方工业大学,2024,内蒙,本科批,理科,,,512,6011,
428,江西理工大学,2024,内蒙,本科批,理科,,,482,10643,
429,长春师范大学,2024,内蒙,本科批,理科,,,407,25663,
430,长春工程学院,2024,内蒙,本科批,理科,,,342,24417,
431,大连科技学院,2024,内蒙,本科批,理科,,,360,47133,
432,贵州财经大学,2024,内蒙,本科批,理科,,,371,35842,
433,江西中医药大学,2024,内蒙,本科批,理科,,,486,11889,
435,中国石油大学(北京),2024,内蒙,本科批,理科,,,553,3173,
437,沈阳城市建设学院,2024,内蒙,本科批,理科,,,360,57775,
438,西安石油大学,2024,内蒙,本科批,理科,,,460,11694,
439,中国石油大学(华东),2024,内蒙,本科批,理科,,,544,4014,
44,宜春学院,2024,内蒙,本科批,理科,,,369,52470,
440,东北石油大学,2024,内蒙,本科批,理科,,,484,10298,
441,上海大学,2024,内蒙,本科批,理科,,,549,3628,
442,浙江理工大学,2024,内蒙,本科批,理科,,,519,16980,
446,三峡大学科技学院,2024,内蒙,本科批,理科,,,370,40039,
447,山东工商学院,2024,内蒙,本科批,理科,,,372,23896,
449,赣南科技学院,2024,内蒙,本科批,理科,,,385,37345,
45,重庆工商大学,2024,内蒙,本科批,理科,,,496,22423,
450,辽宁工程技术大学,2024,内蒙,本科批,理科,,,474,9639,
451,哈尔滨华德学院,2024,内蒙,本科批,理科,,,360,59830,
452,西安科技大学,2024,内蒙,本科批,理科,,,483,7445,
453,安徽理工大学,2024,内蒙,本科批,理科,,,525,15918,
455,淮北师范大学,2024,内蒙,本科批,理科,,,385,24677,
456,邢台学院,2024,内蒙,本科批,理科,,,383,55317,
457,黑龙江科技大学,2024,内蒙,本科批,理科,,,389,22423,
458,太原理工大学,2024,内蒙,本科批,理科,,,519,3628,
459,运城学院,2024,内蒙,本科批,理科,,,375,41539,
46,天津商业大学,2024,内蒙,本科批,理科,,,473,14726,
461,华北科技学院,2024,内蒙,本科批,理科,,,391,24417,
462,中国矿业大学(北京),2024,内蒙,本科批,理科,,,536,2921,
464,南华大学,2024,内蒙,本科批,理科,,,481,5259,
466,东华理工大学,2024,内蒙,本科批,理科,,,408,24677,
467,河北北方学院,2024,内蒙,本科批,理科,,,450,24935,
469,鞍山师范学院,2024,内蒙,本科批,理科,,,452,32473,
47,北京工商大学,2024,内蒙,本科批,理科,,,519,12627,
471,广西医科大学,2024,内蒙,本科批,理科,,,448,17201,
472,烟台理工学院,2024,内蒙,本科批,理科,,,360,55609,
473,湖北科技学院,2024,内蒙,本科批,理科,,,467,27541,
476,湖北汽车工业学院,2024,内蒙,本科批,理科,,,388,36155,
478,湖北工业大学,2024,内蒙,本科批,理科,,,481,7569,
479,桂林航天工业学院,2024,内蒙,本科批,理科,,,389,53444,
48,北京物资学院,2024,内蒙,本科批,理科,,,479,10643,
480,湖北师范大学,2024,内蒙,本科批,理科,,,437,28357,
482,青岛城市学院,2024,内蒙,本科批,理科,,,352,48072,
487,江西财经大学现代经济管理学院,2024,内蒙,本科批,理科,,,366,42122,
49,南京财经大学,2024,内蒙,本科批,理科,,,504,10465,
492,浙江海洋大学,2024,内蒙,本科批,理科,,,414,27796,
499,重庆移通学院,2024,内蒙,本科批,理科,,,360,40939,
5,北方民族大学,2024,内蒙,本科批,理科,,,456,14343,
500,吉林医药学院,2024,内蒙,本科批,理科,,,401,26222,
502,江苏海洋大学,2024,内蒙,本科批,理科,,,445,24172,
503,电子科技大学成都学院,2024,内蒙,本科批,理科,,,421,38520,
504,温州医科大学,2024,内蒙,本科批,理科,,,483,3003,
509,成都文理学院,2024,内蒙,本科批,理科,,,420,43679,
51,兰州财经大学,2024,内蒙,本科批,理科,,,390,29135,
510,湖州师范学院,2024,内蒙,本科批,理科,,,418,18496,
514,西安思源学院,2024,内蒙,本科批,理科,,,369,52781,
52,安徽财经大学,2024,内蒙,本科批,理科,,,482,15116,
522,首都经济贸易大学,2024,内蒙,本科批,理科,,,544,9803,
523,北京农学院,2024,内蒙,本科批,理科,,,449,29390,
525,北京工业大学,2024,内蒙,本科批,理科,,,549,2763,
527,重庆文理学院,2024,内蒙,本科批,理科,,,409,27034,
528,北京城市学院,2024,内蒙,本科批,理科,,,354,43679,
529,首都师范大学,2024,内蒙,本科批,理科,,,509,7137,
53,河南工业大学,2024,内蒙,本科批,理科,,,409,15309,
530,北京联合大学,2024,内蒙,本科批,理科,,,470,15309,
531,梧州学院,2024,内蒙,本科批,理科,,,379,36155,
532,商洛学院,2024,内蒙,本科批,理科,,,379,40039,
535,湖北中医药大学,2024,内蒙,本科批,理科,,,447,25180,
54,哈尔滨商业大学,2024,内蒙,本科批,理科,,,454,17839,
541,陕西理工大学,2024,内蒙,本科批,理科,,,407,29673,
542,陕西中医药大学,2024,内蒙,本科批,理科,,,523,8271,
546,西华大学,2024,内蒙,本科批,理科,,,463,25930,
547,内江师范学院,2024,内蒙,本科批,理科,,,390,32473,
548,绵阳师范学院,2024,内蒙,本科批,理科,,,389,35235,
549,黑龙江东方学院,2024,内蒙,本科批,理科,,,361,53754,
55,武汉轻工大学,2024,内蒙,本科批,理科,,,449,21426,
551,天津外国语大学,2024,内蒙,本科批,理科,,,479,9803,
552,天津体育学院,2024,内蒙,本科批,理科,,,427,33022,
553,天津城建大学,2024,内蒙,本科批,理科,,,407,24935,
556,天津财经大学,2024,内蒙,本科批,理科,,,500,6865,
557,天津医科大学,2024,内蒙,本科批,理科,,,525,1338,
559,天津理工大学,2024,内蒙,本科批,理科,,,490,6011,
56,山西财经大学,2024,内蒙,本科批,理科,,,407,25180,
561,天津天狮学院,2024,内蒙,本科批,理科,,,364,53444,
562,天津师范大学,2024,内蒙,本科批,理科,,,514,7701,
563,天津农学院,2024,内蒙,本科批,理科,,,358,25180,
564,天津中医药大学,2024,内蒙,本科批,理科,,,497,3249,
57,福建理工大学,2024,内蒙,本科批,理科,,,442,22646,
573,天津中德应用技术大学,2024,内蒙,本科批,理科,,,424,29673,
576,湖南科技学院,2024,内蒙,本科批,理科,,,395,38194,
578,上海师范大学天华学院,2024,内蒙,本科批,理科,,,350,60969,
58,中华女子学院,2024,内蒙,本科批,理科,,,447,35557,
580,河北科技师范学院,2024,内蒙,本科批,理科,,,377,40939,
581,河北医科大学,2024,内蒙,本科批,理科,,,486,6619,
582,萍乡学院,2024,内蒙,本科批,理科,,,369,46185,
584,成都中医药大学,2024,内蒙,本科批,理科,,,550,4544,
585,西安明德理工学院,2024,内蒙,本科批,理科,,,366,51537,
589,绍兴文理学院,2024,内蒙,本科批,理科,,,438,34393,
59,中国劳动关系学院,2024,内蒙,本科批,理科,,,447,20513,
590,河南农业大学,2024,内蒙,本科批,理科,,,429,29927,
591,贵州大学,2024,内蒙,本科批,理科,,,483,6249,
592,大理大学,2024,内蒙,本科批,理科,,,435,26768,
594,河南大学,2024,内蒙,本科批,理科,,,491,9479,
595,河南中医药大学,2024,内蒙,本科批,理科,,,447,26222,
596,洛阳理工学院,2024,内蒙,本科批,理科,,,384,27034,
598,许昌学院,2024,内蒙,本科批,理科,,,382,28098,
599,郑州工程技术学院,2024,内蒙,本科批,理科,,,387,40362,
6,西南民族大学,2024,内蒙,本科批,理科,,,473,9022,
60,北京建筑大学,2024,内蒙,本科批,理科,,,490,13548,
602,河南城建学院,2024,内蒙,本科批,理科,,,380,35842,
603,温州大学,2024,内蒙,本科批,理科,,,486,13944,
604,南阳师范学院,2024,内蒙,本科批,理科,,,414,35842,
605,郑州大学,2024,内蒙,本科批,理科,,,528,3249,
607,西安文理学院,2024,内蒙,本科批,理科,,,427,31035,
609,阜阳师范大学,2024,内蒙,本科批,理科,,,388,29673,
61,对外经济贸易大学,2024,内蒙,本科批,理科,,,579,3173,
611,江西科技师范大学,2024,内蒙,本科批,理科,,,400,29673,
612,山东科技大学,2024,内蒙,本科批,理科,,,483,10643,
614,陕西国际商贸学院,2024,内蒙,本科批,理科,,,364,48370,
617,齐鲁工业大学,2024,内蒙,本科批,理科,,,502,9479,
619,山东第一医科大学,2024,内蒙,本科批,理科,,,498,6735,
62,上海海洋大学,2024,内蒙,本科批,理科,,,500,7569,
621,西南科技大学,2024,内蒙,本科批,理科,,,457,12835,
627,集美大学,2024,内蒙,本科批,理科,,,499,14726,
628,湖南城市学院,2024,内蒙,本科批,理科,,,371,39416,
63,聊城大学,2024,内蒙,本科批,理科,,,426,29673,
630,河北大学,2024,内蒙,本科批,理科,,,471,9316,
631,河北工业大学,2024,内蒙,本科批,理科,,,539,4544,
632,华北理工大学,2024,内蒙,本科批,理科,,,484,15309,
636,河北科技大学,2024,内蒙,本科批,理科,,,409,29390,
639,廊坊师范学院,2024,内蒙,本科批,理科,,,389,30196,
64,大连海洋大学,2024,内蒙,本科批,理科,,,409,26768,
644,衡水学院,2024,内蒙,本科批,理科,,,393,37623,
645,河北经贸大学,2024,内蒙,本科批,理科,,,409,25180,
646,武汉城市学院,2024,内蒙,本科批,理科,,,367,53096,
649,浙江水利水电学院,2024,内蒙,本科批,理科,,,426,22138,
65,湖南农业大学,2024,内蒙,本科批,理科,,,429,25420,
652,沧州师范学院,2024,内蒙,本科批,理科,,,429,32744,
654,新余学院,2024,内蒙,本科批,理科,,,381,36486,
658,江西农业大学,2024,内蒙,本科批,理科,,,427,27294,
659,上饶师范学院,2024,内蒙,本科批,理科,,,370,41539,
66,华中农业大学,2024,内蒙,本科批,理科,,,519,5259,
666,信阳师范大学,2024,内蒙,本科批,理科,,,412,46185,
668,哈尔滨师范大学,2024,内蒙,本科批,理科,,,409,25663,
67,四川农业大学,2024,内蒙,本科批,理科,,,511,7012,
670,武汉工程大学,2024,内蒙,本科批,理科,,,519,9639,
671,长江大学,2024,内蒙,本科批,理科,,,457,21426,
677,湖北工程学院,2024,内蒙,本科批,理科,,,387,31331,
679,荆楚理工学院,2024,内蒙,本科批,理科,,,433,37073,
68,山东航空学院,2024,内蒙,本科批,理科,,,399,34969,
680,山西农业大学,2024,内蒙,本科批,理科,,,389,25180,
681,无锡学院,2024,内蒙,本科批,理科,,,488,20305,
683,武汉生物工程学院,2024,内蒙,本科批,理科,,,367,51212,
684,南昌大学科学技术学院,2024,内蒙,本科批,理科,,,368,55012,
685,南京邮电大学通达学院,2024,内蒙,本科批,理科,,,394,36155,
687,湖北理工学院,2024,内蒙,本科批,理科,,,409,41234,
690,黄冈师范学院,2024,内蒙,本科批,理科,,,373,52149,
691,广州医科大学,2024,内蒙,本科批,理科,,,477,2837,
695,湖南工学院,2024,内蒙,本科批,理科,,,377,28619,
696,邵阳学院,2024,内蒙,本科批,理科,,,389,28357,
698,南京审计大学金审学院,2024,内蒙,本科批,理科,,,408,29390,
699,湖南女子学院,2024,内蒙,本科批,理科,,,386,39732,
7,中南民族大学,2024,内蒙,本科批,理科,,,489,11329,
70,南京农业大学,2024,内蒙,本科批,理科,,,480,4425,
701,吉首大学,2024,内蒙,本科批,理科,,,388,24417,
702,湘潭大学,2024,内蒙,本科批,理科,,,512,8708,
703,湖南工商大学,2024,内蒙,本科批,理科,,,459,30196,
704,天津商业大学宝德学院,2024,内蒙,本科批,理科,,,360,44948,
705,聊城大学东昌学院,2024,内蒙,本科批,理科,,,377,57169,
707,湖南医药学院,2024,内蒙,本科批,理科,,,422,26768,
71,西南大学,2024,内蒙,本科批,理科,,,523,3733,
711,山西大学,2024,内蒙,本科批,理科,,,489,5146,
712,山西师范大学,2024,内蒙,本科批,理科,,,402,24935,
713,山西医科大学,2024,内蒙,本科批,理科,,,490,3528,
714,长治医学院,2024,内蒙,本科批,理科,,,393,21671,
716,大连艺术学院,2024,内蒙,本科批,理科,,,362,61563,
717,电子科技大学中山学院,2024,内蒙,本科批,理科,,,360,44644,
719,太原学院,2024,内蒙,本科批,理科,,,381,39732,
72,沈阳农业大学,2024,内蒙,本科批,理科,,,475,13014,
723,山西应用科技学院,2024,内蒙,本科批,理科,,,373,57475,
724,西安信息职业大学,2024,内蒙,本科批,理科,,,360,58990,
728,山西中医药大学,2024,内蒙,本科批,理科,,,413,5642,
729,太原师范学院,2024,内蒙,本科批,理科,,,390,27796,
73,中国农业大学,2024,内蒙,本科批,理科,,,595,1244,
730,潍坊科技学院,2024,内蒙,本科批,理科,,,367,53444,
733,武汉华夏理工学院,2024,内蒙,本科批,理科,,,361,56575,
737,烟台大学,2024,内蒙,本科批,理科,,,412,11150,
738,青岛大学,2024,内蒙,本科批,理科,,,487,7012,
739,青岛滨海学院,2024,内蒙,本科批,理科,,,366,47446,
74,西北农林科技大学,2024,内蒙,本科批,理科,,,549,3528,
741,山东农业大学,2024,内蒙,本科批,理科,,,425,29673,
742,西安理工大学高科学院,2024,内蒙,本科批,理科,,,383,51537,
744,桂林旅游学院,2024,内蒙,本科批,理科,,,382,33288,
745,广西大学,2024,内蒙,本科批,理科,,,545,5642,
746,广西科技大学,2024,内蒙,本科批,理科,,,401,33022,
748,贵州医科大学,2024,内蒙,本科批,理科,,,509,19408,
749,云南大学,2024,内蒙,本科批,理科,,,519,5508,
75,塔里木大学,2024,内蒙,本科批,理科,,,379,40362,
750,西安科技大学高新学院,2024,内蒙,本科批,理科,,,362,55317,
751,内蒙古大学,2024,内蒙,本科批,理科,,,485,5370,
752,内蒙古师范大学,2024,内蒙,本科批,理科,,,415,16131,
753,内蒙古工业大学,2024,内蒙,本科批,理科,,,389,15116,
754,内蒙古财经大学,2024,内蒙,本科批,理科,,,388,16525,
755,内蒙古农业大学,2024,内蒙,本科批,理科,,,389,16980,
756,四川文化艺术学院,2024,内蒙,本科批,理科,,,378,56870,
757,内蒙古科技大学包头师范学院,2024,内蒙,本科批,理科,,,389,24172,
758,内蒙古医科大学,2024,内蒙,本科批,理科,,,389,8542,
759,内蒙古科技大学包头医学院,2024,内蒙,本科批,理科,,,387,17201,
76,石河子大学,2024,内蒙,本科批,理科,,,489,8708,
760,绵阳城市学院,2024,内蒙,本科批,理科,,,387,53444,
761,内蒙古民族大学,2024,内蒙,本科批,理科,,,384,19408,
764,内蒙古科技大学,2024,内蒙,本科批,理科,,,399,18268,
765,集宁师范学院,2024,内蒙,本科批,理科,,,379,37073,
766,呼伦贝尔学院,2024,内蒙,本科批,理科,,,376,32183,
767,赤峰学院,2024,内蒙,本科批,理科,,,379,20305,
768,呼和浩特民族学院,2024,内蒙,本科批,理科,,,373,36486,
772,河套学院,2024,内蒙,本科批,理科,,,378,34665,
78,华南农业大学,2024,内蒙,本科批,理科,,,509,19408,
787,天津财经大学珠江学院,2024,内蒙,本科批,理科,,,369,40039,
79,安徽农业大学,2024,内蒙,本科批,理科,,,421,24172,
790,广东医科大学,2024,内蒙,本科批,理科,,,515,5642,
791,广西民族大学,2024,内蒙,本科批,理科,,,401,30772,
796,广州中医药大学,2024,内蒙,本科批,理科,,,513,3003,
798,广西师范大学,2024,内蒙,本科批,理科,,,436,27034,
799,桂林医学院,2024,内蒙,本科批,理科,,,449,21210,
80,南京林业大学,2024,内蒙,本科批,理科,,,489,7569,
801,辽宁大学,2024,内蒙,本科批,理科,,,540,5873,
802,辽宁工业大学,2024,内蒙,本科批,理科,,,418,20765,
803,沈阳音乐学院,2024,内蒙,本科批,理科,,,476,27541,
808,辽宁对外经贸学院,2024,内蒙,本科批,理科,,,355,58990,
81,西南林业大学,2024,内蒙,本科批,理科,,,388,28098,
810,沈阳师范大学,2024,内蒙,本科批,理科,,,450,28098,
817,辽东学院,2024,内蒙,本科批,理科,,,372,36486,
82,北京林业大学,2024,内蒙,本科批,理科,,,547,4544,
820,渤海大学,2024,内蒙,本科批,理科,,,401,27796,
823,大连大学,2024,内蒙,本科批,理科,,,409,7701,
824,沈阳医学院,2024,内蒙,本科批,理科,,,448,14343,
827,锦州医科大学,2024,内蒙,本科批,理科,,,436,20305,
83,东北林业大学,2024,内蒙,本科批,理科,,,519,5873,
830,吉林建筑大学,2024,内蒙,本科批,理科,,,399,24935,
832,长春大学,2024,内蒙,本科批,理科,,,417,29390,
835,吉林体育学院,2024,内蒙,本科批,理科,,,378,54070,
836,吉林建筑科技学院,2024,内蒙,本科批,理科,,,356,52781,
837,延边大学,2024,内蒙,本科批,理科,,,426,4223,
838,长春工业大学人文信息学院,2024,内蒙,本科批,理科,,,361,54711,
839,吉林化工学院,2024,内蒙,本科批,理科,,,369,27294,
840,吉林农业大学,2024,内蒙,本科批,理科,,,404,25930,
842,吉林工程技术师范学院,2024,内蒙,本科批,理科,,,389,42735,
844,华南师范大学,2024,内蒙,本科批,理科,,,512,6619,
846,北华大学,2024,内蒙,本科批,理科,,,388,22646,
847,岭南师范学院,2024,内蒙,本科批,理科,,,406,37623,
85,韩山师范学院,2024,内蒙,本科批,理科,,,375,52781,
851,吉林师范大学,2024,内蒙,本科批,理科,,,387,23384,
852,白城师范学院,2024,内蒙,本科批,理科,,,373,37901,
854,吉林农业科技学院,2024,内蒙,本科批,理科,,,372,35842,
857,喀什大学,2024,内蒙,本科批,理科,,,376,43046,
858,吉林外国语大学,2024,内蒙,本科批,理科,,,361,42438,
86,广东财经大学,2024,内蒙,本科批,理科,,,506,18496,
861,青岛黄海学院,2024,内蒙,本科批,理科,,,362,57169,
865,湖北医药学院,2024,内蒙,本科批,理科,,,466,19408,
867,武昌理工学院,2024,内蒙,本科批,理科,,,377,57169,
868,湖北民族大学,2024,内蒙,本科批,理科,,,429,27294,
872,牡丹江医科大学,2024,内蒙,本科批,理科,,,389,24172,
873,黑龙江工业学院,2024,内蒙,本科批,理科,,,370,34969,
874,黑龙江八一农垦大学,2024,内蒙,本科批,理科,,,389,27541,
875,黑龙江大学,2024,内蒙,本科批,理科,,,487,11889,
876,黑河学院,2024,内蒙,本科批,理科,,,372,40039,
877,东北农业大学,2024,内蒙,本科批,理科,,,514,5146,
878,哈尔滨医科大学,2024,内蒙,本科批,理科,,,449,774,
879,黑龙江中医药大学,2024,内蒙,本科批,理科,,,403,8542,
881,黑龙江工程学院,2024,内蒙,本科批,理科,,,382,38821,
882,佳木斯大学,2024,内蒙,本科批,理科,,,413,45846,
883,重庆医科大学,2024,内蒙,本科批,理科,,,488,1244,
884,大庆师范学院,2024,内蒙,本科批,理科,,,396,34120,
885,南京工业职业技术大学,2024,内蒙,本科批,理科,,,452,27034,
887,四川外国语大学,2024,内蒙,本科批,理科,,,449,25663,
889,齐齐哈尔工程学院,2024,内蒙,本科批,理科,,,354,61263,
89,保定学院,2024,内蒙,本科批,理科,,,369,37345,
892,绥化学院,2024,内蒙,本科批,理科,,,373,32744,
897,北京信息科技大学,2024,内蒙,本科批,理科,,,519,7012,
899,重庆财经学院,2024,内蒙,本科批,理科,,,369,36155,
90,重庆人文科技学院,2024,内蒙,本科批,理科,,,362,47446,
900,上海理工大学,2024,内蒙,本科批,理科,,,558,7445,
903,上海第二工业大学,2024,内蒙,本科批,理科,,,448,22866,
908,宁波大学,2024,内蒙,本科批,理科,,,486,5146,
91,新乡学院,2024,内蒙,本科批,理科,,,374,47133,
911,扬州大学,2024,内蒙,本科批,理科,,,485,7012,
913,上海工程技术大学,2024,内蒙,本科批,理科,,,494,11889,
917,南京特殊教育师范学院,2024,内蒙,本科批,理科,,,409,31035,
920,安徽大学,2024,内蒙,本科批,理科,,,519,4119,
924,重庆工商大学派斯学院,2024,内蒙,本科批,理科,,,405,48370,
925,海南大学,2024,内蒙,本科批,理科,,,489,7137,
926,海口经济学院,2024,内蒙,本科批,理科,,,347,60109,
927,海南师范大学,2024,内蒙,本科批,理科,,,399,16980,
931,福州大学,2024,内蒙,本科批,理科,,,496,3927,
935,南昌大学,2024,内蒙,本科批,理科,,,522,3419,
936,江西科技学院,2024,内蒙,本科批,理科,,,360,56575,
938,沈阳大学,2024,内蒙,本科批,理科,,,439,26222,
94,河北民族师范学院,2024,内蒙,本科批,理科,,,390,35557,
940,榆林学院,2024,内蒙,本科批,理科,,,382,32744,
941,西北大学,2024,内蒙,本科批,理科,,,549,4953,
942,西安外国语大学,2024,内蒙,本科批,理科,,,477,15309,
945,西安外事学院,2024,内蒙,本科批,理科,,,367,51867,
947,延安大学,2024,内蒙,本科批,理科,,,413,29135,
948,西安欧亚学院,2024,内蒙,本科批,理科,,,366,54376,
949,西京学院,2024,内蒙,本科批,理科,,,391,37073,
95,沈阳工业大学,2024,内蒙,本科批,理科,,,487,5642,
950,西安培华学院,2024,内蒙,本科批,理科,,,390,41847,
951,西安翻译学院,2024,内蒙,本科批,理科,,,360,52149,
953,渭南师范学院,2024,内蒙,本科批,理科,,,389,39105,
955,甘肃农业大学,2024,内蒙,本科批,理科,,,407,43987,
957,甘肃政法大学,2024,内蒙,本科批,理科,,,425,25180,
958,西北师范大学,2024,内蒙,本科批,理科,,,402,21907,
96,西安理工大学,2024,内蒙,本科批,理科,,,519,6619,
962,青海民族大学,2024,内蒙,本科批,理科,,,385,43679,
964,上海立信会计金融学院,2024,内蒙,本科批,理科,,,475,9803,
966,潍坊学院,2024,内蒙,本科批,理科,,,397,29390,
968,浙江科技大学,2024,内蒙,本科批,理科,,,458,19408,
969,宁波工程学院,2024,内蒙,本科批,理科,,,398,25420,
97,合肥工业大学,2024,内蒙,本科批,理科,,,512,2837,
971,广州大学,2024,内蒙,本科批,理科,,,489,8126,
972,宁夏大学,2024,内蒙,本科批,理科,,,488,11694,
973,宁夏理工学院,2024,内蒙,本科批,理科,,,360,51537,
976,海南热带海洋学院,2024,内蒙,本科批,理科,,,388,35842,
98,兰州理工大学,2024,内蒙,本科批,理科,,,406,23122,
981,新疆大学,2024,内蒙,本科批,理科,,,495,7289,
982,新疆师范大学,2024,内蒙,本科批,理科,,,371,38821,
986,新疆农业大学,2024,内蒙,本科批,理科,,,413,35842,
989,五邑大学,2024,内蒙,本科批,理科,,,440,28098,
99,哈尔滨理工大学,2024,内蒙,本科批,理科,,,478,7012,
992,昆明学院,2024,内蒙,本科批,理科,,,404,28619,
993,重庆科技大学,2024,内蒙,本科批,理科,,,429,28884,
998,广东石油化工学院,2024,内蒙,本科批,理科,,,404,33846,
999,重庆理工大学,2024,内蒙,本科批,理科,,,469,20513,
,三亚学院,2024,内蒙,本科批,理科,,,350,58074,
276,北京外国语大学,2024,内蒙,本科提前批A段,理科,,,554,4544,
,南方科技大学,2024,内蒙,本科提前批A段,理科,,,629,1887,
1,北京电子科技学院,2024,内蒙,本科提前批B段,理科,,,620,805,
10,中国人民公安大学,2024,内蒙,本科提前批B段,理科,,,582,2511,
105,西北工业大学,2024,内蒙,本科提前批B段,理科,,,626,2092,
107,哈尔滨工业大学,2024,内蒙,本科提前批B段,理科,,,617,774,
108,空军工程大学,2024,内蒙,本科提前批B段,理科,,,516,5370,
117,南京航空航天大学,2024,内蒙,本科提前批B段,理科,,,586,5873,
12,中国人民警察大学,2024,内蒙,本科提前批B段,理科,,,496,7137,
131,华北电力大学(保定),2024,内蒙,本科提前批B段,理科,,,596,4743,
134,华北电力大学(北京),2024,内蒙,本科提前批B段,理科,,,619,2593,
148,中国海洋大学,2024,内蒙,本科提前批B段,理科,,,592,5146,
160,中国地质大学(北京),2024,内蒙,本科提前批B段,理科,,,555,10298,
162,中国地质大学(武汉),2024,内蒙,本科提前批B段,理科,,,541,12835,
17,西南政法大学,2024,内蒙,本科提前批B段,理科,,,583,6249,
170,北京科技大学,2024,内蒙,本科提前批B段,理科,,,571,6249,
18,西北政法大学,2024,内蒙,本科提前批B段,理科,,,529,15116,
187,电子科技大学,2024,内蒙,本科提前批B段,理科,,,566,3173,
189,西安电子科技大学,2024,内蒙,本科提前批B段,理科,,,603,2092,
199,北京理工大学,2024,内蒙,本科提前批B段,理科,,,640,1283,
20,中南财经政法大学,2024,内蒙,本科提前批B段,理科,,,601,4223,
201,长春理工大学,2024,内蒙,本科提前批B段,理科,,,572,7701,
203,南京理工大学,2024,内蒙,本科提前批B段,理科,,,615,2680,
207,江西警察学院,2024,内蒙,本科提前批B段,理科,,,549,11329,
210,北京化工大学,2024,内蒙,本科提前批B段,理科,,,565,5146,
23,中央司法警官学院,2024,内蒙,本科提前批B段,理科,,,508,15309,
234,北京邮电大学,2024,内蒙,本科提前批B段,理科,,,623,2290,
237,西南交通大学,2024,内蒙,本科提前批B段,理科,,,514,18268,
24,上海财经大学,2024,内蒙,本科提前批B段,理科,,,622,2367,
243,北京交通大学,2024,内蒙,本科提前批B段,理科,,,566,3733,
25,中央财经大学,2024,内蒙,本科提前批B段,理科,,,507,19869,
250,大连海事大学,2024,内蒙,本科提前批B段,理科,,,526,7982,
252,山东交通学院,2024,内蒙,本科提前批B段,理科,,,484,25180,
253,武汉理工大学,2024,内蒙,本科提前批B段,理科,,,557,9639,
277,上海外国语大学,2024,内蒙,本科提前批B段,理科,,,522,16525,
278,长安大学,2024,内蒙,本科提前批B段,理科,,,544,5873,
280,华南理工大学,2024,内蒙,本科提前批B段,理科,,,569,8126,
281,北京语言大学,2024,内蒙,本科提前批B段,理科,,,565,6011,
283,东南大学,2024,内蒙,本科提前批B段,理科,,,642,1194,
284,大连理工大学,2024,内蒙,本科提前批B段,理科,,,614,2367,
285,西安交通大学,2024,内蒙,本科提前批B段,理科,,,628,1132,
287,东华大学,2024,内蒙,本科提前批B段,理科,,,518,8126,
288,江南大学,2024,内蒙,本科提前批B段,理科,,,552,10803,
289,四川大学,2024,内蒙,本科提前批B段,理科,,,631,1772,
290,重庆大学,2024,内蒙,本科提前批B段,理科,,,596,4743,
291,东北大学,2024,内蒙,本科提前批B段,理科,,,564,3321,
292,浙江大学,2024,内蒙,本科提前批B段,理科,,,648,325,
294,清华大学,2024,内蒙,本科提前批B段,理科,,,685,54,
296,兰州大学,2024,内蒙,本科提前批B段,理科,,,573,7569,
297,吉林大学,2024,内蒙,本科提前批B段,理科,,,558,4223,
298,厦门大学,2024,内蒙,本科提前批B段,理科,,,615,2921,
300,山东大学,2024,内蒙,本科提前批B段,理科,,,591,5259,
301,湖南大学,2024,内蒙,本科提前批B段,理科,,,571,7858,
302,南开大学,2024,内蒙,本科提前批B段,理科,,,614,3003,
303,天津大学,2024,内蒙,本科提前批B段,理科,,,564,8858,
305,武汉大学,2024,内蒙,本科提前批B段,理科,,,620,2511,
307,北京师范大学,2024,内蒙,本科提前批B段,理科,,,617,1654,
308,复旦大学,2024,内蒙,本科提前批B段,理科,,,654,703,
309,同济大学,2024,内蒙,本科提前批B段,理科,,,637,1448,
310,上海交通大学,2024,内蒙,本科提前批B段,理科,,,644,1089,
311,华东理工大学,2024,内蒙,本科提前批B段,理科,,,560,4953,
312,中南大学,2024,内蒙,本科提前批B段,理科,,,566,3733,
315,华东师范大学,2024,内蒙,本科提前批B段,理科,,,619,1448,
317,南京师范大学,2024,内蒙,本科提前批B段,理科,,,556,10143,
320,陕西师范大学,2024,内蒙,本科提前批B段,理科,,,598,3084,
321,东北师范大学,2024,内蒙,本科提前批B段,理科,,,594,3084,
324,华中师范大学,2024,内蒙,本科提前批B段,理科,,,595,2290,
327,苏州大学,2024,内蒙,本科提前批B段,理科,,,556,10143,
328,华中科技大学,2024,内蒙,本科提前批B段,理科,,,591,5259,
35,西南财经大学,2024,内蒙,本科提前批B段,理科,,,502,20989,
354,上海海关学院,2024,内蒙,本科提前批B段,理科,,,591,4223,
362,中国民用航空飞行学院,2024,内蒙,本科提前批B段,理科,,,550,11150,
410,哈尔滨工程大学,2024,内蒙,本科提前批B段,理科,,,591,3003,
435,中国石油大学(北京),2024,内蒙,本科提前批B段,理科,,,531,10143,
439,中国石油大学(华东),2024,内蒙,本科提前批B段,理科,,,546,7137,
462,中国矿业大学(北京),2024,内蒙,本科提前批B段,理科,,,570,5045,
483,陆军军事交通学院,2024,内蒙,本科提前批B段,理科,,,523,9971,
484,武警工程大学,2024,内蒙,本科提前批B段,理科,,,529,9971,
505,国防科技大学,2024,内蒙,本科提前批B段,理科,,,594,398,
525,北京工业大学,2024,内蒙,本科提前批B段,理科,,,488,24417,
559,天津理工大学,2024,内蒙,本科提前批B段,理科,,,516,14726,
591,贵州大学,2024,内蒙,本科提前批B段,理科,,,533,14343,
64,大连海洋大学,2024,内蒙,本科提前批B段,理科,,,493,20305,
66,华中农业大学,2024,内蒙,本科提前批B段,理科,,,544,9803,
70,南京农业大学,2024,内蒙,本科提前批B段,理科,,,539,13196,
71,西南大学,2024,内蒙,本科提前批B段,理科,,,602,3528,
73,中国农业大学,2024,内蒙,本科提前批B段,理科,,,604,3927,
74,西北农林科技大学,2024,内蒙,本科提前批B段,理科,,,568,8271,
745,广西大学,2024,内蒙,本科提前批B段,理科,,,580,6619,
749,云南大学,2024,内蒙,本科提前批B段,理科,,,547,11694,
753,内蒙古工业大学,2024,内蒙,本科提前批B段,理科,,,474,28098,
758,内蒙古医科大学,2024,内蒙,本科提前批B段,理科,,,512,5508,
759,内蒙古科技大学包头医学院,2024,内蒙,本科提前批B段,理科,,,499,4119,
761,内蒙古民族大学,2024,内蒙,本科提前批B段,理科,,,496,9971,
767,赤峰学院,2024,内蒙,本科提前批B段,理科,,,516,16525,
789,战略支援部队信息工程大学,2024,内蒙,本科提前批B段,理科,,,566,3321,
8,郑州警察学院,2024,内蒙,本科提前批B段,理科,,,549,10465,
82,北京林业大学,2024,内蒙,本科提前批B段,理科,,,548,8271,
83,东北林业大学,2024,内蒙,本科提前批B段,理科,,,537,7012,
84,南京警察学院,2024,内蒙,本科提前批B段,理科,,,554,9479,
875,黑龙江大学,2024,内蒙,本科提前批B段,理科,,,484,10643,
887,四川外国语大学,2024,内蒙,本科提前批B段,理科,,,542,12093,
9,中国刑事警察学院,2024,内蒙,本科提前批B段,理科,,,576,6133,
908,宁波大学,2024,内蒙,本科提前批B段,理科,,,517,15309,
931,福州大学,2024,内蒙,本科提前批B段,理科,,,540,13014,
941,西北大学,2024,内蒙,本科提前批B段,理科,,,586,5873,
,上海交通大学医学院,2024,内蒙,本科提前批B段,理科,,,652,774,
105,西北工业大学,2024,内蒙,本科提前批C段,理科,,,589,1887,
107,哈尔滨工业大学,2024,内蒙,本科提前批C段,理科,,,626,841,
117,南京航空航天大学,2024,内蒙,本科提前批C段,理科,,,577,2367,
119,北京航空航天大学,2024,内蒙,本科提前批C段,理科,,,652,774,
128,大连医科大学,2024,内蒙,本科提前批C段,理科,,,501,21210,
131,华北电力大学(保定),2024,内蒙,本科提前批C段,理科,,,575,1842,
134,华北电力大学(北京),2024,内蒙,本科提前批C段,理科,,,613,1601,
144,河海大学,2024,内蒙,本科提前批C段,理科,,,568,5259,
148,中国海洋大学,2024,内蒙,本科提前批C段,理科,,,584,2680,
150,沈阳建筑大学,2024,内蒙,本科提前批C段,理科,,,531,14726,
160,中国地质大学(北京),2024,内蒙,本科提前批C段,理科,,,559,3733,
162,中国地质大学(武汉),2024,内蒙,本科提前批C段,理科,,,563,9022,
167,辽宁科技大学,2024,内蒙,本科提前批C段,理科,,,499,21671,
170,北京科技大学,2024,内蒙,本科提前批C段,理科,,,579,4223,
173,青岛理工大学,2024,内蒙,本科提前批C段,理科,,,489,9639,
187,电子科技大学,2024,内蒙,本科提前批C段,理科,,,635,1004,
189,西安电子科技大学,2024,内蒙,本科提前批C段,理科,,,636,1493,
19,中国政法大学,2024,内蒙,本科提前批C段,理科,,,589,1539,
192,南京工业大学,2024,内蒙,本科提前批C段,理科,,,523,16334,
198,沈阳理工大学,2024,内蒙,本科提前批C段,理科,,,531,14726,
199,北京理工大学,2024,内蒙,本科提前批C段,理科,,,630,1004,
20,中南财经政法大学,2024,内蒙,本科提前批C段,理科,,,597,4638,
201,长春理工大学,2024,内蒙,本科提前批C段,理科,,,568,8271,
203,南京理工大学,2024,内蒙,本科提前批C段,理科,,,596,2290,
21,大连民族大学,2024,内蒙,本科提前批C段,理科,,,464,12627,
210,北京化工大学,2024,内蒙,本科提前批C段,理科,,,587,5642,
217,上海应用技术大学,2024,内蒙,本科提前批C段,理科,,,485,15712,
22,天津职业技术师范大学,2024,内蒙,本科提前批C段,理科,,,507,18496,
229,天津科技大学,2024,内蒙,本科提前批C段,理科,,,549,10143,
232,南京邮电大学,2024,内蒙,本科提前批C段,理科,,,551,9971,
234,北京邮电大学,2024,内蒙,本科提前批C段,理科,,,575,1772,
237,西南交通大学,2024,内蒙,本科提前批C段,理科,,,540,2837,
238,大连交通大学,2024,内蒙,本科提前批C段,理科,,,521,7982,
24,上海财经大学,2024,内蒙,本科提前批C段,理科,,,608,3419,
243,北京交通大学,2024,内蒙,本科提前批C段,理科,,,579,6735,
25,中央财经大学,2024,内蒙,本科提前批C段,理科,,,570,2154,
250,大连海事大学,2024,内蒙,本科提前批C段,理科,,,540,5873,
253,武汉理工大学,2024,内蒙,本科提前批C段,理科,,,533,3841,
269,中国传媒大学,2024,内蒙,本科提前批C段,理科,,,578,5146,
276,北京外国语大学,2024,内蒙,本科提前批C段,理科,,,588,5642,
277,上海外国语大学,2024,内蒙,本科提前批C段,理科,,,559,9639,
278,长安大学,2024,内蒙,本科提前批C段,理科,,,549,8542,
279,中山大学,2024,内蒙,本科提前批C段,理科,,,599,1714,
280,华南理工大学,2024,内蒙,本科提前批C段,理科,,,580,2448,
281,北京语言大学,2024,内蒙,本科提前批C段,理科,,,569,8126,
283,东南大学,2024,内蒙,本科提前批C段,理科,,,621,2290,
284,大连理工大学,2024,内蒙,本科提前批C段,理科,,,595,2290,
285,西安交通大学,2024,内蒙,本科提前批C段,理科,,,599,1539,
286,中国人民大学,2024,内蒙,本科提前批C段,理科,,,650,841,
287,东华大学,2024,内蒙,本科提前批C段,理科,,,515,4638,
288,江南大学,2024,内蒙,本科提前批C段,理科,,,580,6011,
289,四川大学,2024,内蒙,本科提前批C段,理科,,,609,2448,
290,重庆大学,2024,内蒙,本科提前批C段,理科,,,584,1714,
291,东北大学,2024,内蒙,本科提前批C段,理科,,,586,3173,
292,浙江大学,2024,内蒙,本科提前批C段,理科,,,627,398,
294,清华大学,2024,内蒙,本科提前批C段,理科,,,673,61,
296,兰州大学,2024,内蒙,本科提前批C段,理科,,,586,3084,
297,吉林大学,2024,内蒙,本科提前批C段,理科,,,570,2092,
298,厦门大学,2024,内蒙,本科提前批C段,理科,,,613,2219,
299,江苏大学,2024,内蒙,本科提前批C段,理科,,,538,13014,
300,山东大学,2024,内蒙,本科提前批C段,理科,,,602,1601,
301,湖南大学,2024,内蒙,本科提前批C段,理科,,,600,3084,
302,南开大学,2024,内蒙,本科提前批C段,理科,,,630,1842,
303,天津大学,2024,内蒙,本科提前批C段,理科,,,613,3084,
304,北京大学,2024,内蒙,本科提前批C段,理科,,,678,128,
305,武汉大学,2024,内蒙,本科提前批C段,理科,,,625,1539,
307,北京师范大学,2024,内蒙,本科提前批C段,理科,,,599,1714,
308,复旦大学,2024,内蒙,本科提前批C段,理科,,,650,805,
309,同济大学,2024,内蒙,本科提前批C段,理科,,,599,1714,
310,上海交通大学,2024,内蒙,本科提前批C段,理科,,,638,774,
311,华东理工大学,2024,内蒙,本科提前批C段,理科,,,573,2837,
312,中南大学,2024,内蒙,本科提前批C段,理科,,,582,3419,
313,山东大学威海分校,2024,内蒙,本科提前批C段,理科,,,590,4322,
315,华东师范大学,2024,内蒙,本科提前批C段,理科,,,599,2763,
317,南京师范大学,2024,内蒙,本科提前批C段,理科,,,589,5045,
320,陕西师范大学,2024,内蒙,本科提前批C段,理科,,,560,2763,
321,东北师范大学,2024,内蒙,本科提前批C段,理科,,,548,11500,
324,华中师范大学,2024,内蒙,本科提前批C段,理科,,,580,4425,
327,苏州大学,2024,内蒙,本科提前批C段,理科,,,561,5642,
328,华中科技大学,2024,内蒙,本科提前批C段,理科,,,591,2092,
330,北京大学医学部,2024,内蒙,本科提前批C段,理科,,,667,361,
331,中国医科大学,2024,内蒙,本科提前批C段,理科,,,545,12093,
338,北京体育大学,2024,内蒙,本科提前批C段,理科,,,537,12093,
35,西南财经大学,2024,内蒙,本科提前批C段,理科,,,561,3733,
354,上海海关学院,2024,内蒙,本科提前批C段,理科,,,503,20305,
357,南京信息工程大学,2024,内蒙,本科提前批C段,理科,,,539,11889,
363,中国民航大学,2024,内蒙,本科提前批C段,理科,,,558,8542,
377,暨南大学,2024,内蒙,本科提前批C段,理科,,,525,15918,
390,中国药科大学,2024,内蒙,本科提前批C段,理科,,,552,3528,
391,沈阳药科大学,2024,内蒙,本科提前批C段,理科,,,590,5370,
399,北京中医药大学,2024,内蒙,本科提前批C段,理科,,,584,6133,
4,西北民族大学,2024,内蒙,本科提前批C段,理科,,,450,15507,
403,中国科学技术大学,2024,内蒙,本科提前批C段,理科,,,642,534,
409,江苏科技大学,2024,内蒙,本科提前批C段,理科,,,495,21671,
410,哈尔滨工程大学,2024,内蒙,本科提前批C段,理科,,,597,3528,
427,北方工业大学,2024,内蒙,本科提前批C段,理科,,,528,10298,
435,中国石油大学(北京),2024,内蒙,本科提前批C段,理科,,,558,5642,
439,中国石油大学(华东),2024,内蒙,本科提前批C段,理科,,,549,5259,
450,辽宁工程技术大学,2024,内蒙,本科提前批C段,理科,,,485,21671,
461,华北科技学院,2024,内蒙,本科提前批C段,理科,,,496,22423,
462,中国矿业大学(北京),2024,内蒙,本科提前批C段,理科,,,580,4544,
49,南京财经大学,2024,内蒙,本科提前批C段,理科,,,518,7569,
492,浙江海洋大学,2024,内蒙,本科提前批C段,理科,,,494,19643,
5,北方民族大学,2024,内蒙,本科提前批C段,理科,,,472,16525,
525,北京工业大学,2024,内蒙,本科提前批C段,理科,,,564,6249,
551,天津外国语大学,2024,内蒙,本科提前批C段,理科,,,512,16980,
564,天津中医药大学,2024,内蒙,本科提前批C段,理科,,,508,19643,
59,中国劳动关系学院,2024,内蒙,本科提前批C段,理科,,,485,19408,
6,西南民族大学,2024,内蒙,本科提前批C段,理科,,,496,10298,
61,对外经济贸易大学,2024,内蒙,本科提前批C段,理科,,,578,6865,
651,山东师范大学,2024,内蒙,本科提前批C段,理科,,,496,11889,
66,华中农业大学,2024,内蒙,本科提前批C段,理科,,,569,5508,
7,中南民族大学,2024,内蒙,本科提前批C段,理科,,,511,10143,
70,南京农业大学,2024,内蒙,本科提前批C段,理科,,,552,8271,
71,西南大学,2024,内蒙,本科提前批C段,理科,,,552,5045,
72,沈阳农业大学,2024,内蒙,本科提前批C段,理科,,,521,16740,
73,中国农业大学,2024,内蒙,本科提前批C段,理科,,,598,2092,
74,西北农林科技大学,2024,内蒙,本科提前批C段,理科,,,571,6619,
751,内蒙古大学,2024,内蒙,本科提前批C段,理科,,,479,5370,
752,内蒙古师范大学,2024,内蒙,本科提前批C段,理科,,,487,22866,
753,内蒙古工业大学,2024,内蒙,本科提前批C段,理科,,,474,13944,
754,内蒙古财经大学,2024,内蒙,本科提前批C段,理科,,,510,15918,
755,内蒙古农业大学,2024,内蒙,本科提前批C段,理科,,,471,16131,
757,内蒙古科技大学包头师范学院,2024,内蒙,本科提前批C段,理科,,,407,19408,
758,内蒙古医科大学,2024,内蒙,本科提前批C段,理科,,,489,19408,
759,内蒙古科技大学包头医学院,2024,内蒙,本科提前批C段,理科,,,452,12627,
761,内蒙古民族大学,2024,内蒙,本科提前批C段,理科,,,430,18268,
764,内蒙古科技大学,2024,内蒙,本科提前批C段,理科,,,418,17415,
765,集宁师范学院,2024,内蒙,本科提前批C段,理科,,,476,25663,
766,呼伦贝尔学院,2024,内蒙,本科提前批C段,理科,,,418,43046,
767,赤峰学院,2024,内蒙,本科提前批C段,理科,,,502,14343,
772,河套学院,2024,内蒙,本科提前批C段,理科,,,437,31035,
80,南京林业大学,2024,内蒙,本科提前批C段,理科,,,542,12093,
801,辽宁大学,2024,内蒙,本科提前批C段,理科,,,552,10803,
82,北京林业大学,2024,内蒙,本科提前批C段,理科,,,574,7445,
823,大连大学,2024,内蒙,本科提前批C段,理科,,,539,13196,
83,东北林业大学,2024,内蒙,本科提前批C段,理科,,,505,11694,
837,延边大学,2024,内蒙,本科提前批C段,理科,,,550,11150,
908,宁波大学,2024,内蒙,本科提前批C段,理科,,,539,13196,
913,上海工程技术大学,2024,内蒙,本科提前批C段,理科,,,506,18059,
95,沈阳工业大学,2024,内蒙,本科提前批C段,理科,,,555,10298,
97,合肥工业大学,2024,内蒙,本科提前批C段,理科,,,568,7012,
99,哈尔滨理工大学,2024,内蒙,本科提前批C段,理科,,,508,9186,
,上海交通大学医学院,2024,内蒙,本科提前批C段,理科,,,649,878,
102,上海旅游高等专科学校,2024,内蒙,高职(专科)批,理科,,,247,72651,
111,山西林业职业技术学院,2024,内蒙,高职(专科)批,理科,,,258,71789,
113,长江工程职业技术学院,2024,内蒙,高职(专科)批,理科,,,269,69019,
123,黑龙江职业学院,2024,内蒙,高职(专科)批,理科,,,225,83000,
124,烟台南山学院,2024,内蒙,高职(专科)批,理科,,,238,82417,
129,西安电力高等专科学校,2024,内蒙,高职(专科)批,理科,,,355,39416,
135,沈阳工程学院,2024,内蒙,高职(专科)批,理科,,,332,63502,
136,重庆电力高等专科学校,2024,内蒙,高职(专科)批,理科,,,318,55317,
140,辽阳职业技术学院,2024,内蒙,高职(专科)批,理科,,,261,69748,
142,甘肃工业职业技术学院,2024,内蒙,高职(专科)批,理科,,,263,80640,
143,黄河水利职业技术学院,2024,内蒙,高职(专科)批,理科,,,339,62663,
152,河北对外经贸职业学院,2024,内蒙,高职(专科)批,理科,,,221,70910,
153,石家庄信息工程职业学院,2024,内蒙,高职(专科)批,理科,,,260,67006,
155,湖南信息职业技术学院,2024,内蒙,高职(专科)批,理科,,,294,67273,
163,江西交通职业技术学院,2024,内蒙,高职(专科)批,理科,,,199,71347,
169,日照职业技术学院,2024,内蒙,高职(专科)批,理科,,,253,62959,
176,西安交通工程学院,2024,内蒙,高职(专科)批,理科,,,202,83756,
178,湖北交通职业技术学院,2024,内蒙,高职(专科)批,理科,,,289,72231,
179,伊春职业学院,2024,内蒙,高职(专科)批,理科,,,280,62380,
180,牡丹江大学,2024,内蒙,高职(专科)批,理科,,,198,72231,
183,石家庄理工职业学院,2024,内蒙,高职(专科)批,理科,,,265,75579,
204,包头职业技术学院,2024,内蒙,高职(专科)批,理科,,,160,67524,
205,黔南民族医学高等专科学校,2024,内蒙,高职(专科)批,理科,,,239,66003,
206,河南职业技术学院,2024,内蒙,高职(专科)批,理科,,,322,69259,
212,山西机电职业技术学院,2024,内蒙,高职(专科)批,理科,,,275,79510,
215,威海职业学院,2024,内蒙,高职(专科)批,理科,,,294,65749,
216,山西省财政税务专科学校,2024,内蒙,高职(专科)批,理科,,,239,64385,
226,北京信息职业技术学院,2024,内蒙,高职(专科)批,理科,,,279,70433,
227,南昌工学院,2024,内蒙,高职(专科)批,理科,,,174,74108,
230,成都航空职业技术学院,2024,内蒙,高职(专科)批,理科,,,349,63502,
235,北京工业职业技术学院,2024,内蒙,高职(专科)批,理科,,,236,67006,
239,哈尔滨铁道职业技术学院,2024,内蒙,高职(专科)批,理科,,,315,62380,
245,湖南铁道职业技术学院,2024,内蒙,高职(专科)批,理科,,,323,63502,
247,四川交通职业技术学院,2024,内蒙,高职(专科)批,理科,,,293,77186,
248,武汉软件工程职业学院,2024,内蒙,高职(专科)批,理科,,,312,61828,
249,泰州职业技术学院,2024,内蒙,高职(专科)批,理科,,,287,67998,
255,辽宁广告职业学院,2024,内蒙,高职(专科)批,理科,,,196,75923,
256,青岛职业技术学院,2024,内蒙,高职(专科)批,理科,,,279,66755,
263,潍坊职业学院,2024,内蒙,高职(专科)批,理科,,,307,70666,
266,云南经济管理学院,2024,内蒙,高职(专科)批,理科,,,160,89247,
32,长沙民政职业技术学院,2024,内蒙,高职(专科)批,理科,,,317,47446,
345,黑龙江林业职业技术学院,2024,内蒙,高职(专科)批,理科,,,226,79319,
351,石家庄铁路职业技术学院,2024,内蒙,高职(专科)批,理科,,,318,63502,
356,长春科技学院,2024,内蒙,高职(专科)批,理科,,,165,76431,
359,山东商业职业技术学院,2024,内蒙,高职(专科)批,理科,,,326,69988,
360,安徽中医药高等专科学校,2024,内蒙,高职(专科)批,理科,,,294,50576,
361,宁夏工业职业学院,2024,内蒙,高职(专科)批,理科,,,285,73270,
362,中国民用航空飞行学院,2024,内蒙,高职(专科)批,理科,,,378,56870,
364,广州民航职业技术学院,2024,内蒙,高职(专科)批,理科,,,318,56870,
365,湖南邮电职业技术学院,2024,内蒙,高职(专科)批,理科,,,234,82627,
366,山西水利职业技术学院,2024,内蒙,高职(专科)批,理科,,,253,81449,
367,南昌理工学院,2024,内蒙,高职(专科)批,理科,,,279,67740,
37,齐齐哈尔高等师范专科学校,2024,内蒙,高职(专科)批,理科,,,219,67998,
371,河北科技学院,2024,内蒙,高职(专科)批,理科,,,234,80114,
372,上海出版印刷高等专科学校,2024,内蒙,高职(专科)批,理科,,,308,66235,
375,平顶山工业职业技术学院,2024,内蒙,高职(专科)批,理科,,,230,79218,
380,哈尔滨职业技术大学,2024,内蒙,高职(专科)批,理科,,,291,61263,
383,山东水利职业学院,2024,内蒙,高职(专科)批,理科,,,233,64385,
385,成都农业科技职业学院,2024,内蒙,高职(专科)批,理科,,,346,66003,
39,长春金融高等专科学校,2024,内蒙,高职(专科)批,理科,,,225,64646,
392,锦州师范高等专科学校,2024,内蒙,高职(专科)批,理科,,,279,67998,
400,青岛港湾职业技术学院,2024,内蒙,高职(专科)批,理科,,,257,61563,
401,西安城市建设职业学院,2024,内蒙,高职(专科)批,理科,,,207,81449,
407,武汉警官职业学院,2024,内蒙,高职(专科)批,理科,,,311,66501,
408,江苏食品药品职业技术学院,2024,内蒙,高职(专科)批,理科,,,278,72651,
420,长沙航空职业技术学院,2024,内蒙,高职(专科)批,理科,,,319,55922,
424,桂林理工大学,2024,内蒙,高职(专科)批,理科,,,311,67006,
426,保险职业学院,2024,内蒙,高职(专科)批,理科,,,214,78071,
43,黑龙江商业职业学院,2024,内蒙,高职(专科)批,理科,,,275,77186,
431,大连科技学院,2024,内蒙,高职(专科)批,理科,,,299,76262,
434,张家界航空工业职业技术学院,2024,内蒙,高职(专科)批,理科,,,300,67273,
444,江西财经职业学院,2024,内蒙,高职(专科)批,理科,,,228,73707,
446,三峡大学科技学院,2024,内蒙,高职(专科)批,理科,,,310,71577,
460,山东化工职业学院,2024,内蒙,高职(专科)批,理科,,,289,77786,
468,山东工程职业技术大学,2024,内蒙,高职(专科)批,理科,,,163,89247,
474,长春汽车职业技术大学,2024,内蒙,高职(专科)批,理科,,,312,62380,
485,枣庄科技职业学院,2024,内蒙,高职(专科)批,理科,,,221,68262,
491,宝鸡职业技术学院,2024,内蒙,高职(专科)批,理科,,,233,71577,
493,海南软件职业技术学院,2024,内蒙,高职(专科)批,理科,,,295,76873,
514,西安思源学院,2024,内蒙,高职(专科)批,理科,,,209,78963,
524,漳州职业技术学院,2024,内蒙,高职(专科)批,理科,,,319,66501,
526,北京青年政治学院,2024,内蒙,高职(专科)批,理科,,,335,65208,
534,聊城职业技术学院,2024,内蒙,高职(专科)批,理科,,,229,68541,
536,北京经济技术职业学院,2024,内蒙,高职(专科)批,理科,,,206,75059,
540,淄博师范高等专科学校,2024,内蒙,高职(专科)批,理科,,,262,80717,
543,河北女子职业技术学院,2024,内蒙,高职(专科)批,理科,,,278,79218,
545,四川建筑职业技术学院,2024,内蒙,高职(专科)批,理科,,,294,77040,
558,天津市职业大学,2024,内蒙,高职(专科)批,理科,,,266,59280,
561,天津天狮学院,2024,内蒙,高职(专科)批,理科,,,219,82462,
565,天津滨海职业学院,2024,内蒙,高职(专科)批,理科,,,239,64079,
567,天津现代职业技术学院,2024,内蒙,高职(专科)批,理科,,,276,62094,
568,天津轻工职业技术学院,2024,内蒙,高职(专科)批,理科,,,276,64079,
569,天津电子信息职业技术学院,2024,内蒙,高职(专科)批,理科,,,279,62380,
570,天津公安警官职业学院,2024,内蒙,高职(专科)批,理科,,,322,71789,
571,天津机电职业技术学院,2024,内蒙,高职(专科)批,理科,,,239,67524,
572,天津渤海职业技术学院,2024,内蒙,高职(专科)批,理科,,,240,65472,
574,天津商务职业学院,2024,内蒙,高职(专科)批,理科,,,281,64922,
577,天津医学高等专科学校,2024,内蒙,高职(专科)批,理科,,,312,43339,
583,扬州市职业大学,2024,内蒙,高职(专科)批,理科,,,277,79319,
585,西安明德理工学院,2024,内蒙,高职(专科)批,理科,,,308,70910,
587,天津交通职业学院,2024,内蒙,高职(专科)批,理科,,,239,66755,
588,湖北城市建设职业技术学院,2024,内蒙,高职(专科)批,理科,,,222,69019,
593,焦作大学,2024,内蒙,高职(专科)批,理科,,,288,77918,
601,开封大学,2024,内蒙,高职(专科)批,理科,,,293,77186,
606,湖南理工职业技术学院,2024,内蒙,高职(专科)批,理科,,,224,75249,
610,河南工业职业技术学院,2024,内蒙,高职(专科)批,理科,,,278,79218,
613,九江职业大学,2024,内蒙,高职(专科)批,理科,,,239,71347,
614,陕西国际商贸学院,2024,内蒙,高职(专科)批,理科,,,299,76262,
615,西安铁路职业技术学院,2024,内蒙,高职(专科)批,理科,,,355,59830,
618,陕西职业技术学院,2024,内蒙,高职(专科)批,理科,,,273,69988,
624,四川工程职业技术大学,2024,内蒙,高职(专科)批,理科,,,255,63229,
625,山东医学高等专科学校,2024,内蒙,高职(专科)批,理科,,,314,40362,
626,重庆城市管理职业学院,2024,内蒙,高职(专科)批,理科,,,281,78830,
635,西安职业技术学院,2024,内蒙,高职(专科)批,理科,,,340,67524,
637,河北能源职业技术学院,2024,内蒙,高职(专科)批,理科,,,245,76581,
641,河北建材职业技术学院,2024,内蒙,高职(专科)批,理科,,,223,70433,
643,秦皇岛职业技术学院,2024,内蒙,高职(专科)批,理科,,,294,77040,
647,石家庄城市经济职业学院,2024,内蒙,高职(专科)批,理科,,,236,82504,
650,河北旅游职业学院,2024,内蒙,高职(专科)批,理科,,,274,68781,
655,江西信息应用职业技术学院,2024,内蒙,高职(专科)批,理科,,,329,67524,
656,江西医学高等专科学校,2024,内蒙,高职(专科)批,理科,,,238,60109,
657,江西电力职业技术学院,2024,内蒙,高职(专科)批,理科,,,311,66235,
660,浙江建设职业技术学院,2024,内蒙,高职(专科)批,理科,,,277,66755,
661,武汉工程职业技术学院,2024,内蒙,高职(专科)批,理科,,,279,68541,
662,荆州理工职业学院,2024,内蒙,高职(专科)批,理科,,,220,76431,
663,湖北中医药高等专科学校,2024,内蒙,高职(专科)批,理科,,,278,43339,
665,荆州职业技术学院,2024,内蒙,高职(专科)批,理科,,,265,73707,
673,武汉职业技术学院,2024,内蒙,高职(专科)批,理科,,,338,64922,
674,咸宁职业技术学院,2024,内蒙,高职(专科)批,理科,,,299,72449,
675,湖北职业技术学院,2024,内蒙,高职(专科)批,理科,,,232,62663,
682,黄冈职业技术学院,2024,内蒙,高职(专科)批,理科,,,265,62380,
683,武汉生物工程学院,2024,内蒙,高职(专科)批,理科,,,272,66235,
688,武汉商贸职业学院,2024,内蒙,高职(专科)批,理科,,,189,83355,
694,湖南工程职业技术学院,2024,内蒙,高职(专科)批,理科,,,232,75249,
706,长沙环境保护职业技术学院,2024,内蒙,高职(专科)批,理科,,,240,80114,
708,大庆医学高等专科学校,2024,内蒙,高职(专科)批,理科,,,221,57475,
709,武汉信息传播职业技术学院,2024,内蒙,高职(专科)批,理科,,,189,89247,
710,石家庄医学高等专科学校,2024,内蒙,高职(专科)批,理科,,,329,67273,
715,天津城市建设管理职业技术学院,2024,内蒙,高职(专科)批,理科,,,238,69530,
716,大连艺术学院,2024,内蒙,高职(专科)批,理科,,,247,81534,
721,陕西青年职业学院,2024,内蒙,高职(专科)批,理科,,,277,64385,
725,山西药科职业学院,2024,内蒙,高职(专科)批,理科,,,345,65749,
730,潍坊科技学院,2024,内蒙,高职(专科)批,理科,,,231,76873,
731,滨州职业学院,2024,内蒙,高职(专科)批,理科,,,272,73270,
732,山东力明科技职业学院,2024,内蒙,高职(专科)批,理科,,,226,78071,
735,山东科技职业学院,2024,内蒙,高职(专科)批,理科,,,236,71347,
736,张家口职业技术学院,2024,内蒙,高职(专科)批,理科,,,232,75923,
743,石家庄工程职业学院,2024,内蒙,高职(专科)批,理科,,,207,79741,
744,桂林旅游学院,2024,内蒙,高职(专科)批,理科,,,301,74864,
747,保定电力职业技术学院,2024,内蒙,高职(专科)批,理科,,,319,57775,
755,内蒙古农业大学,2024,内蒙,高职(专科)批,理科,,,279,64646,
758,内蒙古医科大学,2024,内蒙,高职(专科)批,理科,,,319,72449,
759,内蒙古科技大学包头医学院,2024,内蒙,高职(专科)批,理科,,,320,60109,
762,吉林铁道职业技术学院,2024,内蒙,高职(专科)批,理科,,,279,40362,
763,黑龙江交通职业技术学院,2024,内蒙,高职(专科)批,理科,,,318,63502,
769,科尔沁艺术职业学院,2024,内蒙,高职(专科)批,理科,,,216,81239,
770,呼和浩特职业学院,2024,内蒙,高职(专科)批,理科,,,301,58990,
771,内蒙古建筑职业技术学院,2024,内蒙,高职(专科)批,理科,,,250,71130,
773,内蒙古警察职业学院,2024,内蒙,高职(专科)批,理科,,,322,71789,
774,内蒙古体育职业学院,2024,内蒙,高职(专科)批,理科,,,239,77343,
775,兴安职业技术学院,2024,内蒙,高职(专科)批,理科,,,225,70910,
776,内蒙古机电职业技术学院,2024,内蒙,高职(专科)批,理科,,,278,68262,
777,三峡电力职业学院,2024,内蒙,高职(专科)批,理科,,,243,64385,
779,内蒙古商贸职业学院,2024,内蒙,高职(专科)批,理科,,,262,63229,
780,郑州电力职业技术学院,2024,内蒙,高职(专科)批,理科,,,188,78211,
781,山东商务职业学院,2024,内蒙,高职(专科)批,理科,,,236,67998,
782,内蒙古化工职业学院,2024,内蒙,高职(专科)批,理科,,,272,66235,
783,内蒙古电子信息职业技术学院,2024,内蒙,高职(专科)批,理科,,,265,67998,
785,锡林郭勒职业学院,2024,内蒙,高职(专科)批,理科,,,236,73072,
786,山东城市建设职业学院,2024,内蒙,高职(专科)批,理科,,,199,77498,
792,乌兰察布职业学院,2024,内蒙,高职(专科)批,理科,,,233,67740,
794,通辽职业学院,2024,内蒙,高职(专科)批,理科,,,246,68262,
795,包头轻工职业技术学院,2024,内蒙,高职(专科)批,理科,,,277,69019,
811,盘锦职业技术学院,2024,内蒙,高职(专科)批,理科,,,233,65472,
812,渤海船舶职业学院,2024,内蒙,高职(专科)批,理科,,,239,72009,
813,营口职业技术学院,2024,内蒙,高职(专科)批,理科,,,227,70910,
815,山西职业技术学院,2024,内蒙,高职(专科)批,理科,,,231,66755,
816,辽宁省交通高等专科学校,2024,内蒙,高职(专科)批,理科,,,269,65472,
817,辽东学院,2024,内蒙,高职(专科)批,理科,,,349,60413,
818,太原城市职业技术学院,2024,内蒙,高职(专科)批,理科,,,289,77786,
819,朝阳师范学院,2024,内蒙,高职(专科)批,理科,,,312,65472,
821,抚顺职业技术学院,2024,内蒙,高职(专科)批,理科,,,237,73072,
824,沈阳医学院,2024,内蒙,高职(专科)批,理科,,,354,51537,
825,大连职业技术学院,2024,内蒙,高职(专科)批,理科,,,274,63796,
828,鹤岗师范高等专科学校,2024,内蒙,高职(专科)批,理科,,,200,79932,
831,长春医学高等专科学校,2024,内蒙,高职(专科)批,理科,,,356,62094,
833,吉林工业职业技术学院,2024,内蒙,高职(专科)批,理科,,,313,67740,
834,长春东方职业学院,2024,内蒙,高职(专科)批,理科,,,237,80026,
841,辽宁石化职业技术学院,2024,内蒙,高职(专科)批,理科,,,283,78573,
843,辽宁机电职业技术学院,2024,内蒙,高职(专科)批,理科,,,204,71130,
849,吉林工程职业学院,2024,内蒙,高职(专科)批,理科,,,239,78211,
855,辽源职业技术学院,2024,内蒙,高职(专科)批,理科,,,207,75923,
856,吉林电子信息职业技术学院,2024,内蒙,高职(专科)批,理科,,,231,71347,
861,青岛黄海学院,2024,内蒙,高职(专科)批,理科,,,195,82291,
862,邢台医学院,2024,内蒙,高职(专科)批,理科,,,316,61563,
866,湖北水利水电职业技术学院,2024,内蒙,高职(专科)批,理科,,,277,66003,
869,汉江师范学院,2024,内蒙,高职(专科)批,理科,,,297,70205,
87,青岛酒店管理职业技术学院,2024,内蒙,高职(专科)批,理科,,,284,72651,
888,黑龙江农垦职业学院,2024,内蒙,高职(专科)批,理科,,,279,62380,
890,黑龙江建筑职业技术学院,2024,内蒙,高职(专科)批,理科,,,230,78830,
893,大庆职业学院,2024,内蒙,高职(专科)批,理科,,,239,71577,
895,哈尔滨电力职业技术学院,2024,内蒙,高职(专科)批,理科,,,279,60109,
896,黑龙江农业工程职业学院,2024,内蒙,高职(专科)批,理科,,,269,60707,
898,黑龙江农业经济职业学院,2024,内蒙,高职(专科)批,理科,,,299,72449,
901,湖南工业职业技术学院,2024,内蒙,高职(专科)批,理科,,,271,71130,
902,上海工商外国语职业学院,2024,内蒙,高职(专科)批,理科,,,185,76873,
912,江西旅游商贸职业学院,2024,内蒙,高职(专科)批,理科,,,266,77645,
914,江苏建筑职业技术学院,2024,内蒙,高职(专科)批,理科,,,246,69748,
915,江苏农牧科技职业学院,2024,内蒙,高职(专科)批,理科,,,324,68541,
92,大兴安岭职业学院,2024,内蒙,高职(专科)批,理科,,,232,62663,
922,淮南职业技术学院,2024,内蒙,高职(专科)批,理科,,,217,83289,
923,海南职业技术学院,2024,内蒙,高职(专科)批,理科,,,198,70205,
926,海口经济学院,2024,内蒙,高职(专科)批,理科,,,161,75736,
933,湖北工业职业技术学院,2024,内蒙,高职(专科)批,理科,,,226,80810,
936,江西科技学院,2024,内蒙,高职(专科)批,理科,,,232,76581,
945,西安外事学院,2024,内蒙,高职(专科)批,理科,,,317,69530,
946,陕西能源职业技术学院,2024,内蒙,高职(专科)批,理科,,,276,66235,
950,西安培华学院,2024,内蒙,高职(专科)批,理科,,,335,67998,
951,西安翻译学院,2024,内蒙,高职(专科)批,理科,,,193,74864,
954,陕西工业职业技术学院,2024,内蒙,高职(专科)批,理科,,,299,68781,
960,四平职业大学,2024,内蒙,高职(专科)批,理科,,,311,72449,
967,重庆工业职业技术学院,2024,内蒙,高职(专科)批,理科,,,355,63502,
974,陕西铁路工程职业技术学院,2024,内蒙,高职(专科)批,理科,,,325,60109,
975,宁夏职业技术学院,2024,内蒙,高职(专科)批,理科,,,223,83079,
977,宁夏警官职业学院,2024,内蒙,高职(专科)批,理科,,,360,62094,
978,广东南华工商职业学院,2024,内蒙,高职(专科)批,理科,,,282,78713,
987,新疆轻工职业技术学院,2024,内蒙,高职(专科)批,理科,,,198,81085,
988,新疆农业职业技术大学,2024,内蒙,高职(专科)批,理科,,,195,79319,
997,湖北黄冈应急管理职业技术学院,2024,内蒙,高职(专科)批,理科,,,220,76262,
,七台河职业学院,2024,内蒙,高职(专科)批,理科,,,279,76080,
146,南昌工程学院,2024,内蒙,高职(专科)提前批,理科,,,326,54070,
178,湖北交通职业技术学院,2024,内蒙,高职(专科)提前批,理科,,,341,66235,
215,威海职业学院,2024,内蒙,高职(专科)提前批,理科,,,387,44948,
230,成都航空职业技术学院,2024,内蒙,高职(专科)提前批,理科,,,354,50258,
355,黑龙江司法警官职业学院,2024,内蒙,高职(专科)提前批,理科,,,395,47133,
397,武昌职业学院,2024,内蒙,高职(专科)提前批,理科,,,337,65472,
420,长沙航空职业技术学院,2024,内蒙,高职(专科)提前批,理科,,,352,47133,
434,张家界航空工业职业技术学院,2024,内蒙,高职(专科)提前批,理科,,,349,55317,
648,延安职业技术学院,2024,内蒙,高职(专科)提前批,理科,,,350,64922,
731,滨州职业学院,2024,内蒙,高职(专科)提前批,理科,,,343,66235,
773,内蒙古警察职业学院,2024,内蒙,高职(专科)提前批,理科,,,487,16131,
816,辽宁省交通高等专科学校,2024,内蒙,高职(专科)提前批,理科,,,344,63796,
829,长春职业技术学院,2024,内蒙,高职(专科)提前批,理科,,,341,65208,
,兰州资源环境职业技术大学,2024,内蒙,高职(专科)提前批,理科,,,348,64079,
,七台河职业学院,2023,内蒙,专科批,文科,,,276,28405,
,内蒙古警察职业学院,2023,内蒙,专科提前批,文科,,,411,2368,
,三峡大学,2023,内蒙,本科一批,文科,,,472,5084,
,三峡大学,2023,内蒙,本科一批B段,文科,,,473,6161,
,三亚学院,2023,内蒙,本科二批,文科,,,371,15057,
,上海商学院,2023,内蒙,本科二批B段,文科,,,389,17107,
,上海海关学院,2023,内蒙,本科提前批A段,文科,,,552,571,
,上海外国语大学,2023,内蒙,本科提前批B段,文科,,,531,1821,
,七台河职业学院,2023,内蒙,专科批,理科,,,252,76797,
,内蒙古警察职业学院,2023,内蒙,专科提前批,理科,,,422,9832,
,上海海洋大学,2023,内蒙,国家专项计划本科批,理科,,,475,13146,
,三峡大学,2023,内蒙,本科一批,理科,,,446,5322,
,三峡大学,2023,内蒙,本科一批B段,理科,,,477,18153,
,三亚学院,2023,内蒙,本科二批,理科,,,324,54341,
,上海商学院,2023,内蒙,本科二批B段,理科,,,371,47568,
,上海交通大学,2023,内蒙,本科提前批A段,理科,,,612,1161,
,上海交通大学,2023,内蒙,本科提前批B段,理科,,,640,216,
,湖南科技学院,2023,内蒙,艺术类本科批,艺术类,,,354,,
,乌兰察布医学高等专科学校,2023,内蒙,专科批,蒙授文科,,,310,4163,
,内蒙古警察职业学院,2023,内蒙,专科提前批,蒙授文科,,,386,330,
,上海外国语大学,2023,内蒙,本科一批,蒙授文科,,,533,102,
,佳木斯大学,2023,内蒙,本科二批,蒙授文科,,,409,1533,
,华东师范大学,2023,内蒙,本科提前批A段,蒙授文科,,,540,,
,内蒙古大学,2023,内蒙,本科提前批B段,蒙授文科,,,451,293,
,乌兰察布医学高等专科学校,2023,内蒙,专科批,蒙授理科,,,269,5033,
,内蒙古警察职业学院,2023,内蒙,专科提前批,蒙授理科,,,352,1908,
,上海外国语大学,2023,内蒙,本科一批,蒙授理科,,,498,398,
,伊犁师范大学,2023,内蒙,本科二批,蒙授理科,,,307,3185,
,内蒙古医科大学,2023,内蒙,本科提前批A段,蒙授理科,,,436,556,
,内蒙古医科大学,2023,内蒙,本科提前批B段,蒙授理科,,,415,1613,
