school_id,school_name,year,province,batch,subject,major_group,major,score,rank,plan
1171,民政职业大学,2025,吉林,专科批次,历史类,,,384,20451,
1183,北京汇佳职业学院,2025,吉林,专科批次,历史类,,,339,25015,
1184,北京科技经营管理学院,2025,吉林,专科批次,历史类,,,318,23421,
1221,天津天狮学院,2025,吉林,专科批次,历史类,,,371,22886,
1223,天津城市建设管理职业技术学院,2025,吉林,专科批次,历史类,,,363,23529,
1224,天津生物工程职业技术学院,2025,吉林,专科批次,历史类,,,372,21618,
1225,天津海运职业学院,2025,吉林,专科批次,历史类,,,386,20652,
1230,天津渤海职业技术学院,2025,吉林,专科批次,历史类,,,381,18751,
1232,天津机电职业技术学院,2025,吉林,专科批次,历史类,,,406,13899,
1233,天津现代职业技术学院,2025,吉林,专科批次,历史类,,,418,15982,
1235,天津轻工职业技术学院,2025,吉林,专科批次,历史类,,,388,20123,
1236,天津商务职业学院,2025,吉林,专科批次,历史类,,,388,15398,
1237,天津国土资源和房屋职业学院,2025,吉林,专科批次,历史类,,,351,23239,
1240,天津交通职业学院,2025,吉林,专科批次,历史类,,,400,18373,
1241,天津工业职业学院,2025,吉林,专科批次,历史类,,,383,20551,
1242,天津石油职业技术学院,2025,吉林,专科批次,历史类,,,393,20026,
1243,天津城市职业学院,2025,吉林,专科批次,历史类,,,364,22041,
1244,天津铁道职业技术学院,2025,吉林,专科批次,历史类,,,444,14642,
1256,天津市职业大学,2025,吉林,专科批次,历史类,,,452,12678,
1259,天津滨海汽车工程职业学院,2025,吉林,专科批次,历史类,,,215,26796,
1345,邢台医学院,2025,吉林,专科批次,历史类,,,421,17189,
1346,石家庄医学高等专科学校,2025,吉林,专科批次,历史类,,,274,18858,
1347,石家庄人民医学高等专科学校,2025,吉林,专科批次,历史类,,,368,20652,
1348,石家庄幼儿师范高等专科学校,2025,吉林,专科批次,历史类,,,265,25015,
1349,廊坊卫生职业学院,2025,吉林,专科批次,历史类,,,385,21066,
1350,唐山幼儿师范高等专科学校,2025,吉林,专科批次,历史类,,,382,21298,
1351,沧州医学高等专科学校,2025,吉林,专科批次,历史类,,,430,14158,
1353,邯郸职业技术学院,2025,吉林,专科批次,历史类,,,363,21179,
1355,张家口职业技术学院,2025,吉林,专科批次,历史类,,,320,26043,
1357,河北软件职业技术学院,2025,吉林,专科批次,历史类,,,382,21833,
1366,宣化科技职业学院,2025,吉林,专科批次,历史类,,,361,23792,
1368,承德护理职业学院,2025,吉林,专科批次,历史类,,,416,15526,
1370,保定幼儿师范高等专科学校,2025,吉林,专科批次,历史类,,,351,23959,
1371,河北建材职业技术学院,2025,吉林,专科批次,历史类,,,331,25015,
1374,河北能源职业技术学院,2025,吉林,专科批次,历史类,,,301,27670,
1375,石家庄铁路职业技术学院,2025,吉林,专科批次,历史类,,,437,15275,
1376,保定职业技术学院,2025,吉林,专科批次,历史类,,,392,20765,
1377,秦皇岛职业技术学院,2025,吉林,专科批次,历史类,,,398,19120,
1380,唐山职业技术学院,2025,吉林,专科批次,历史类,,,400,17307,
1381,衡水职业技术学院,2025,吉林,专科批次,历史类,,,380,22041,
1382,唐山工业职业技术大学,2025,吉林,专科批次,历史类,,,391,19456,
1384,河北旅游职业学院,2025,吉林,专科批次,历史类,,,295,27014,
1386,河北交通职业技术学院,2025,吉林,专科批次,历史类,,,390,20971,
1387,河北化工医药职业技术学院,2025,吉林,专科批次,历史类,,,395,20123,
1388,石家庄信息工程职业学院,2025,吉林,专科批次,历史类,,,391,19346,
1389,河北对外经贸职业学院,2025,吉林,专科批次,历史类,,,328,24612,
1393,廊坊职业技术学院,2025,吉林,专科批次,历史类,,,338,24863,
1395,石家庄邮电职业技术学院,2025,吉林,专科批次,历史类,,,450,10395,
1398,石家庄理工职业学院,2025,吉林,专科批次,历史类,,,256,28724,
1399,石家庄科技信息职业学院,2025,吉林,专科批次,历史类,,,294,27791,
1430,朔州师范高等专科学校,2025,吉林,专科批次,历史类,,,337,24205,
1453,临汾职业技术学院,2025,吉林,专科批次,历史类,,,380,20551,
1454,山西职业技术学院,2025,吉林,专科批次,历史类,,,372,20765,
1467,忻州职业技术学院,2025,吉林,专科批次,历史类,,,345,24774,
1527,包头铁道职业技术学院,2025,吉林,专科批次,历史类,,,442,14887,
1531,满洲里俄语职业学院,2025,吉林,专科批次,历史类,,,310,25630,
1532,赤峰工业职业技术学院,2025,吉林,专科批次,历史类,,,314,26604,
1535,扎兰屯职业学院,2025,吉林,专科批次,历史类,,,304,25839,
1536,兴安职业技术大学,2025,吉林,专科批次,历史类,,,323,22886,
1547,通辽职业学院,2025,吉林,专科批次,历史类,,,371,22886,
1553,赤峰应用技术职业学院,2025,吉林,专科批次,历史类,,,349,24359,
1554,内蒙古交通职业技术学院,2025,吉林,专科批次,历史类,,,365,21925,
2145,辽宁轻工职业学院,2025,吉林,专科批次,历史类,,,325,21513,
2152,朝阳师范学院,2025,吉林,专科批次,历史类,,,412,15020,
2153,抚顺师范高等专科学校,2025,吉林,专科批次,历史类,,,363,23627,
2155,铁岭师范高等专科学校,2025,吉林,专科批次,历史类,,,368,21179,
2156,阜新高等专科学校,2025,吉林,专科批次,历史类,,,382,21723,
2158,辽宁省交通高等专科学校,2025,吉林,专科批次,历史类,,,394,14642,
2159,辽宁民族师范高等专科学校,2025,吉林,专科批次,历史类,,,388,19584,
2161,营口职业技术学院,2025,吉林,专科批次,历史类,,,378,20765,
2162,大连职业技术学院,2025,吉林,专科批次,历史类,,,365,22799,
2163,抚顺职业技术学院,2025,吉林,专科批次,历史类,,,357,22323,
2164,辽宁农业职业技术学院,2025,吉林,专科批次,历史类,,,390,20652,
2166,盘锦职业技术学院,2025,吉林,专科批次,历史类,,,380,21179,
2167,辽宁传媒学院,2025,吉林,专科批次,历史类,,,316,26796,
2171,大连枫叶职业技术学院,2025,吉林,专科批次,历史类,,,250,28243,
2174,辽宁地质工程职业学院,2025,吉林,专科批次,历史类,,,342,24774,
2176,大连航运职业技术学院,2025,吉林,专科批次,历史类,,,301,26242,
2177,大连装备制造职业技术学院,2025,吉林,专科批次,历史类,,,354,24359,
2178,大连汽车职业技术学院,2025,吉林,专科批次,历史类,,,278,27829,
2179,辽宁现代服务职业技术学院,2025,吉林,专科批次,历史类,,,353,21618,
2180,辽宁冶金职业技术学院,2025,吉林,专科批次,历史类,,,346,22501,
2181,辽宁工程职业学院,2025,吉林,专科批次,历史类,,,376,21618,
2183,辽宁医药职业学院,2025,吉林,专科批次,历史类,,,397,16608,
2184,铁岭卫生职业学院,2025,吉林,专科批次,历史类,,,394,20551,
2185,沈阳北软信息职业技术学院,2025,吉林,专科批次,历史类,,,290,22501,
2188,辽宁职业学院,2025,吉林,专科批次,历史类,,,340,25425,
2189,辽宁生态工程职业学院,2025,吉林,专科批次,历史类,,,364,20652,
2190,沈阳职业技术学院,2025,吉林,专科批次,历史类,,,397,18991,
2191,辽宁理工职业大学,2025,吉林,专科批次,历史类,,,311,27228,
2193,辽宁金融职业学院,2025,吉林,专科批次,历史类,,,394,20026,
2194,辽宁广告职业学院,2025,吉林,专科批次,历史类,,,196,28758,
2195,辽宁机电职业技术学院,2025,吉林,专科批次,历史类,,,349,23959,
2196,辽宁经济职业技术学院,2025,吉林,专科批次,历史类,,,414,15865,
2210,北华大学,2025,吉林,专科批次,历史类,,,357,21723,
2211,吉林师范大学,2025,吉林,专科批次,历史类,,,360,20451,
2230,长春汽车职业技术大学,2025,吉林,专科批次,历史类,,,395,18511,
2231,长春金融高等专科学校,2025,吉林,专科批次,历史类,,,326,15865,
2232,长春医学高等专科学校,2025,吉林,专科批次,历史类,,,371,14305,
2233,长春师范高等专科学校,2025,吉林,专科批次,历史类,,,287,23710,
2234,白城医学高等专科学校,2025,吉林,专科批次,历史类,,,360,16241,
2235,辽源职业技术学院,2025,吉林,专科批次,历史类,,,317,21408,
2236,吉林交通职业技术学院,2025,吉林,专科批次,历史类,,,341,18511,
2237,长春东方职业学院,2025,吉林,专科批次,历史类,,,203,27791,
2238,长春信息技术职业学院,2025,吉林,专科批次,历史类,,,160,28824,
2239,松原职业技术学院,2025,吉林,专科批次,历史类,,,317,25283,
2240,吉林铁道职业技术大学,2025,吉林,专科批次,历史类,,,400,10726,
2241,白城职业技术学院,2025,吉林,专科批次,历史类,,,315,17307,
2242,长白山职业技术学院,2025,吉林,专科批次,历史类,,,332,24442,
2243,吉林科技职业技术学院,2025,吉林,专科批次,历史类,,,165,28021,
2244,延边职业技术学院,2025,吉林,专科批次,历史类,,,315,24539,
2245,吉林城市职业技术学院,2025,吉林,专科批次,历史类,,,179,27123,
2246,吉林职业技术学院,2025,吉林,专科批次,历史类,,,176,27468,
2247,吉林司法警官职业学院,2025,吉林,专科批次,历史类,,,382,19120,
2248,吉林电子信息职业技术学院,2025,吉林,专科批次,历史类,,,320,19807,
2249,吉林工业职业技术学院,2025,吉林,专科批次,历史类,,,314,23879,
2250,吉林工程职业学院,2025,吉林,专科批次,历史类,,,338,23792,
2251,长春职业技术大学,2025,吉林,专科批次,历史类,,,339,18019,
2256,长春科技学院,2025,吉林,专科批次,历史类,,,302,23792,
2260,四平职业大学,2025,吉林,专科批次,历史类,,,335,22323,
2262,吉林省经济管理干部学院,2025,吉林,专科批次,历史类,,,319,23710,
2263,吉林水利电力职业学院,2025,吉林,专科批次,历史类,,,327,24123,
2264,长春健康职业学院,2025,吉林,专科批次,历史类,,,167,26117,
2266,长春早期教育职业学院,2025,吉林,专科批次,历史类,,,171,28439,
2267,梅河口康美职业技术学院,2025,吉林,专科批次,历史类,,,321,25762,
2268,吉林通用航空职业技术学院,2025,吉林,专科批次,历史类,,,347,22592,
2269,通化医药健康职业学院,2025,吉林,专科批次,历史类,,,366,20765,
2270,长春数字科技职业学院,2025,吉林,专科批次,历史类,,,170,28214,
2275,四平现代职业学院,2025,吉林,专科批次,历史类,,,164,28619,
2336,齐齐哈尔高等师范专科学校,2025,吉林,专科批次,历史类,,,331,23710,
2337,鹤岗师范高等专科学校,2025,吉林,专科批次,历史类,,,327,24276,
2338,大庆医学高等专科学校,2025,吉林,专科批次,历史类,,,382,17189,
2339,黑龙江幼儿师范高等专科学校,2025,吉林,专科批次,历史类,,,374,20765,
2340,黑龙江护理高等专科学校,2025,吉林,专科批次,历史类,,,386,19456,
2341,哈尔滨幼儿师范高等专科学校,2025,吉林,专科批次,历史类,,,323,25914,
2342,伊春职业学院,2025,吉林,专科批次,历史类,,,317,20451,
2343,黑龙江职业学院,2025,吉林,专科批次,历史类,,,364,20235,
2344,黑龙江建筑职业技术学院,2025,吉林,专科批次,历史类,,,339,23075,
2345,七台河职业学院,2025,吉林,专科批次,历史类,,,312,26668,
2346,黑龙江民族职业学院,2025,吉林,专科批次,历史类,,,371,21408,
2347,黑龙江交通职业技术学院,2025,吉林,专科批次,历史类,,,419,15020,
2349,哈尔滨科学技术职业学院,2025,吉林,专科批次,历史类,,,333,25347,
2351,佳木斯职业学院,2025,吉林,专科批次,历史类,,,328,25914,
2354,黑龙江冰雪体育职业学院,2025,吉林,专科批次,历史类,,,381,21925,
2356,大庆职业学院,2025,吉林,专科批次,历史类,,,330,22241,
2357,黑龙江林业职业技术学院,2025,吉林,专科批次,历史类,,,293,27791,
2358,黑龙江农业职业技术学院,2025,吉林,专科批次,历史类,,,313,23959,
2359,黑龙江农业工程职业学院,2025,吉林,专科批次,历史类,,,386,20026,
2360,黑龙江农垦职业学院,2025,吉林,专科批次,历史类,,,375,18511,
2361,黑龙江司法警官职业学院,2025,吉林,专科批次,历史类,,,375,22041,
2363,哈尔滨铁道职业技术学院,2025,吉林,专科批次,历史类,,,439,14305,
2364,大兴安岭职业学院,2025,吉林,专科批次,历史类,,,301,26367,
2365,黑龙江农业经济职业学院,2025,吉林,专科批次,历史类,,,334,24123,
2367,哈尔滨传媒职业学院,2025,吉林,专科批次,历史类,,,179,29186,
2369,黑龙江商业职业学院,2025,吉林,专科批次,历史类,,,358,23421,
2374,黑龙江旅游职业技术学院,2025,吉林,专科批次,历史类,,,304,27174,
2375,黑龙江三江美术职业学院,2025,吉林,专科批次,历史类,,,184,29494,
2376,黑龙江生态工程职业学院,2025,吉林,专科批次,历史类,,,305,27275,
2377,黑龙江能源职业学院,2025,吉林,专科批次,历史类,,,301,27583,
2382,牡丹江大学,2025,吉林,专科批次,历史类,,,336,22990,
2388,哈尔滨北方航空职业技术学院,2025,吉林,专科批次,历史类,,,286,28111,
3137,上海出版印刷高等专科学校,2025,吉林,专科批次,历史类,,,441,13178,
3142,上海民航职业技术学院,2025,吉林,专科批次,历史类,,,386,17307,
3148,上海震旦职业学院,2025,吉林,专科批次,历史类,,,297,23959,
3171,上海城建职业学院,2025,吉林,专科批次,历史类,,,399,18019,
32000,江苏财经职业技术学院,2025,吉林,专科批次,历史类,,,400,18636,
3254,镇江市高等专科学校,2025,吉林,专科批次,历史类,,,387,20235,
3259,南通师范高等专科学校,2025,吉林,专科批次,历史类,,,374,21298,
3260,江苏航空职业技术学院,2025,吉林,专科批次,历史类,,,400,14158,
3270,连云港职业技术学院,2025,吉林,专科批次,历史类,,,408,18991,
3273,九州职业技术学院,2025,吉林,专科批次,历史类,,,320,26733,
3278,苏州百年职业学院,2025,吉林,专科批次,历史类,,,322,25630,
3283,南京旅游职业学院,2025,吉林,专科批次,历史类,,,377,20451,
3286,宿迁泽达职业技术学院,2025,吉林,专科批次,历史类,,,265,28182,
3287,苏州工业园区服务外包职业学院,2025,吉林,专科批次,历史类,,,407,15398,
3288,扬州中瑞酒店职业学院,2025,吉林,专科批次,历史类,,,262,28784,
3290,江苏财会职业学院,2025,吉林,专科批次,历史类,,,409,17076,
3291,江苏城乡建设职业学院,2025,吉林,专科批次,历史类,,,390,20551,
3294,江苏海事职业技术学院,2025,吉林,专科批次,历史类,,,391,20871,
3358,浙江建设职业技术学院,2025,吉林,专科批次,历史类,,,385,20765,
3361,浙江商业职业技术学院,2025,吉林,专科批次,历史类,,,396,14757,
3555,泉州轻工职业学院,2025,吉林,专科批次,历史类,,,322,26604,
3568,泉州纺织服装职业学院,2025,吉林,专科批次,历史类,,,252,28581,
3624,南昌理工学院,2025,吉林,专科批次,历史类,,,287,26305,
3626,南昌工学院,2025,吉林,专科批次,历史类,,,247,29058,
3627,江西医学高等专科学校,2025,吉林,专科批次,历史类,,,398,19240,
3633,抚州医药学院,2025,吉林,专科批次,历史类,,,408,14046,
3635,江西职业技术大学,2025,吉林,专科批次,历史类,,,386,19929,
3644,景德镇陶瓷职业技术学院,2025,吉林,专科批次,历史类,,,240,27670,
3651,江西司法警官职业学院,2025,吉林,专科批次,历史类,,,388,21179,
3654,江西电力职业技术学院,2025,吉林,专科批次,历史类,,,420,15982,
3655,江西环境工程职业学院,2025,吉林,专科批次,历史类,,,319,26043,
3658,江西应用科技学院,2025,吉林,专科批次,历史类,,,315,27014,
3659,江西信息应用职业技术学院,2025,吉林,专科批次,历史类,,,362,23529,
3660,江西交通职业技术学院,2025,吉林,专科批次,历史类,,,379,22041,
3661,江西财经职业学院,2025,吉林,专科批次,历史类,,,368,21408,
3662,江西应用技术职业学院,2025,吉林,专科批次,历史类,,,367,23239,
3663,江西现代职业技术学院,2025,吉林,专科批次,历史类,,,351,24205,
3666,江西科技职业学院,2025,吉林,专科批次,历史类,,,345,25080,
3667,南昌职业大学,2025,吉林,专科批次,历史类,,,281,28347,
3678,江西工程职业学院,2025,吉林,专科批次,历史类,,,340,23879,
3681,江西航空职业技术学院,2025,吉林,专科批次,历史类,,,341,23326,
3697,九江职业大学,2025,吉林,专科批次,历史类,,,372,21723,
3754,威海海洋职业学院,2025,吉林,专科批次,历史类,,,361,15526,
3756,山东英才学院,2025,吉林,专科批次,历史类,,,215,27468,
3757,青岛恒星科技学院,2025,吉林,专科批次,历史类,,,236,28538,
3758,青岛黄海学院,2025,吉林,专科批次,历史类,,,280,27468,
3769,淄博师范高等专科学校,2025,吉林,专科批次,历史类,,,382,21833,
3770,山东中医药高等专科学校,2025,吉林,专科批次,历史类,,,419,14887,
3772,日照职业技术学院,2025,吉林,专科批次,历史类,,,386,18858,
3774,青岛职业技术学院,2025,吉林,专科批次,历史类,,,379,20765,
3775,威海职业学院,2025,吉林,专科批次,历史类,,,375,20971,
3776,山东职业学院,2025,吉林,专科批次,历史类,,,386,21408,
3778,莱芜职业技术学院,2025,吉林,专科批次,历史类,,,373,21179,
3779,济宁职业技术学院,2025,吉林,专科批次,历史类,,,363,23627,
3780,山东药品食品职业学院,2025,吉林,专科批次,历史类,,,381,18636,
3784,烟台汽车工程职业学院,2025,吉林,专科批次,历史类,,,387,20971,
3786,菏泽家政职业学院,2025,吉林,专科批次,历史类,,,362,23710,
3787,山东传媒职业学院,2025,吉林,专科批次,历史类,,,378,22241,
3789,枣庄职业学院,2025,吉林,专科批次,历史类,,,392,14419,
3790,山东理工职业学院,2025,吉林,专科批次,历史类,,,399,20026,
3791,山东文化产业职业学院,2025,吉林,专科批次,历史类,,,239,29146,
3792,济南护理职业学院,2025,吉林,专科批次,历史类,,,419,17661,
3794,烟台黄金职业学院,2025,吉林,专科批次,历史类,,,218,28802,
3797,东营职业学院,2025,吉林,专科批次,历史类,,,368,22990,
3798,聊城职业技术学院,2025,吉林,专科批次,历史类,,,364,21925,
3799,滨州职业学院,2025,吉林,专科批次,历史类,,,279,25148,
4151,河南护理职业学院,2025,吉林,专科批次,历史类,,,398,20123,
4156,安阳幼儿师范高等专科学校,2025,吉林,专科批次,历史类,,,365,22041,
4161,南阳医学高等专科学校,2025,吉林,专科批次,历史类,,,406,15156,
4197,周口职业技术学院,2025,吉林,专科批次,历史类,,,336,25701,
420000,咸宁职业技术学院,2025,吉林,专科批次,历史类,,,290,26921,
4219,武汉海事职业学院,2025,吉林,专科批次,历史类,,,404,19456,
4248,湖北中医药高等专科学校,2025,吉林,专科批次,历史类,,,393,13899,
4251,武汉职业技术大学,2025,吉林,专科批次,历史类,,,405,18257,
4255,湖北职业技术学院,2025,吉林,专科批次,历史类,,,363,21408,
4256,武汉船舶职业技术学院,2025,吉林,专科批次,历史类,,,397,19807,
4257,恩施职业技术学院,2025,吉林,专科批次,历史类,,,316,22323,
4260,三峡电力职业学院,2025,吉林,专科批次,历史类,,,404,16946,
4270,武汉工程职业技术学院,2025,吉林,专科批次,历史类,,,367,21723,
4271,仙桃职业学院,2025,吉林,专科批次,历史类,,,358,23959,
4273,湖北交通职业技术学院,2025,吉林,专科批次,历史类,,,400,19929,
4275,武汉铁路职业技术学院,2025,吉林,专科批次,历史类,,,439,13530,
4276,武汉软件工程职业学院,2025,吉林,专科批次,历史类,,,387,20451,
4288,武昌职业学院,2025,吉林,专科批次,历史类,,,296,27869,
4291,武汉交通职业学院,2025,吉林,专科批次,历史类,,,353,22687,
4345,长沙民政职业技术学院,2025,吉林,专科批次,历史类,,,384,12130,
4346,湖南工业职业技术学院,2025,吉林,专科批次,历史类,,,402,19694,
4349,长沙航空职业技术学院,2025,吉林,专科批次,历史类,,,358,18019,
4350,湖南大众传媒职业技术学院,2025,吉林,专科批次,历史类,,,376,22241,
4352,湖南铁道职业技术学院,2025,吉林,专科批次,历史类,,,435,11233,
4362,湖南水利水电职业技术学院,2025,吉林,专科批次,历史类,,,403,18751,
4363,湖南现代物流职业技术学院,2025,吉林,专科批次,历史类,,,375,21298,
4375,长沙卫生职业学院,2025,吉林,专科批次,历史类,,,440,13324,
4378,湖南交通职业技术学院,2025,吉林,专科批次,历史类,,,406,19240,
4381,湖南工程职业技术学院,2025,吉林,专科批次,历史类,,,371,21408,
4387,长沙商贸旅游职业技术学院,2025,吉林,专科批次,历史类,,,368,23160,
4389,湖南邮电职业技术学院,2025,吉林,专科批次,历史类,,,388,21179,
4393,张家界航空工业职业技术学院,2025,吉林,专科批次,历史类,,,401,17785,
4394,长沙环境保护职业技术学院,2025,吉林,专科批次,历史类,,,354,23421,
4460,广州民航职业技术学院,2025,吉林,专科批次,历史类,,,380,12917,
4468,广州华立科技职业学院,2025,吉林,专科批次,历史类,,,229,26796,
4477,广东文理职业学院,2025,吉林,专科批次,历史类,,,294,27946,
4483,广东环境保护工程职业学院,2025,吉林,专科批次,历史类,,,389,21066,
4493,广东科学技术职业学院,2025,吉林,专科批次,历史类,,,385,20871,
4497,珠海艺术职业学院,2025,吉林,专科批次,历史类,,,364,23529,
4531,广西机电职业技术学院,2025,吉林,专科批次,历史类,,,296,27829,
4541,柳州城市职业学院,2025,吉林,专科批次,历史类,,,312,26549,
4544,广西理工职业技术学院,2025,吉林,专科批次,历史类,,,267,28684,
4555,柳州铁道职业技术学院,2025,吉林,专科批次,历史类,,,417,16716,
4564,广西电力职业技术学院,2025,吉林,专科批次,历史类,,,403,18511,
4579,广西国际商务职业技术学院,2025,吉林,专科批次,历史类,,,308,23326,
4580,广西物流职业技术学院,2025,吉林,专科批次,历史类,,,296,27869,
4581,广西自然资源职业技术学院,2025,吉林,专科批次,历史类,,,219,26242,
4582,钦州幼儿师范高等专科学校,2025,吉林,专科批次,历史类,,,296,27869,
4583,广西农业工程职业技术学院,2025,吉林,专科批次,历史类,,,349,24774,
4606,海口经济学院,2025,吉林,专科批次,历史类,,,228,26796,
4609,海南职业技术学院,2025,吉林,专科批次,历史类,,,305,24205,
4610,三亚航空旅游职业学院,2025,吉林,专科批次,历史类,,,278,24701,
4611,海南科技职业大学,2025,吉林,专科批次,历史类,,,318,26867,
4612,三亚理工职业学院,2025,吉林,专科批次,历史类,,,217,26492,
4614,海南软件职业技术学院,2025,吉林,专科批次,历史类,,,369,23075,
4616,海南外国语职业学院,2025,吉林,专科批次,历史类,,,361,23792,
4619,三亚中瑞酒店管理职业学院,2025,吉林,专科批次,历史类,,,195,25565,
4621,三亚城市职业学院,2025,吉林,专科批次,历史类,,,216,29353,
4624,三亚护理职业学院,2025,吉林,专科批次,历史类,,,245,29087,
5022,重庆电力高等专科学校,2025,吉林,专科批次,历史类,,,453,11880,
5024,重庆医药高等专科学校,2025,吉林,专科批次,历史类,,,453,12678,
5027,重庆轻工职业学院,2025,吉林,专科批次,历史类,,,306,24863,
5037,重庆财经职业学院,2025,吉林,专科批次,历史类,,,369,20451,
5059,重庆水利电力职业技术学院,2025,吉林,专科批次,历史类,,,438,14419,
5068,重庆工商职业学院,2025,吉林,专科批次,历史类,,,402,19694,
5143,四川西南航空职业学院,2025,吉林,专科批次,历史类,,,305,22041,
5153,成都航空职业技术大学,2025,吉林,专科批次,历史类,,,388,20451,
5159,四川科技职业学院,2025,吉林,专科批次,历史类,,,238,26433,
5160,四川文化产业职业学院,2025,吉林,专科批次,历史类,,,396,20340,
5181,四川工程职业技术大学,2025,吉林,专科批次,历史类,,,380,21723,
5182,四川建筑职业技术学院,2025,吉林,专科批次,历史类,,,394,20551,
5185,四川国际标榜职业学院,2025,吉林,专科批次,历史类,,,165,29097,
5271,贵州机电职业技术学院,2025,吉林,专科批次,历史类,,,377,21408,
5273,贵州传媒职业学院,2025,吉林,专科批次,历史类,,,334,24701,
5326,昆明冶金高等专科学校,2025,吉林,专科批次,历史类,,,325,26433,
5329,楚雄医药高等专科学校,2025,吉林,专科批次,历史类,,,373,22687,
5331,丽江师范学院,2025,吉林,专科批次,历史类,,,399,20026,
5334,昆明卫生职业学院,2025,吉林,专科批次,历史类,,,363,23529,
5356,云南经济管理学院,2025,吉林,专科批次,历史类,,,314,27069,
5380,云南医药健康职业学院,2025,吉林,专科批次,历史类,,,236,26668,
5382,云南水利水电职业学院,2025,吉林,专科批次,历史类,,,357,15740,
6141,西安思源学院,2025,吉林,专科批次,历史类,,,278,25213,
6152,商洛职业技术学院,2025,吉林,专科批次,历史类,,,328,26117,
6159,陕西工商职业学院,2025,吉林,专科批次,历史类,,,318,24612,
6160,西安信息职业大学,2025,吉林,专科批次,历史类,,,240,26043,
6166,西安航空职业技术学院,2025,吉林,专科批次,历史类,,,413,18373,
6168,陕西交通职业技术学院,2025,吉林,专科批次,历史类,,,399,17661,
6173,陕西铁路工程职业技术学院,2025,吉林,专科批次,历史类,,,442,11743,
6178,西安海棠职业学院,2025,吉林,专科批次,历史类,,,289,24359,
6234,甘肃卫生职业学院,2025,吉林,专科批次,历史类,,,392,18511,
6245,兰州石化职业技术大学,2025,吉林,专科批次,历史类,,,348,23160,
6260,甘肃交通职业技术学院,2025,吉林,专科批次,历史类,,,280,26549,
6518,新疆和田学院,2025,吉林,专科批次,历史类,,,350,22990,
6522,新疆警察学院,2025,吉林,专科批次,历史类,,,351,23792,
6530,克拉玛依职业技术学院,2025,吉林,专科批次,历史类,,,340,20971,
6547,新疆职业大学,2025,吉林,专科批次,历史类,,,303,25630,
6552,喀什职业技术学院,2025,吉林,专科批次,历史类,,,281,21066,
6557,博尔塔拉职业技术学院,2025,吉林,专科批次,历史类,,,222,28021,
6562,和田职业技术学院,2025,吉林,专科批次,历史类,,,186,25498,
,三峡大学科技学院,2025,吉林,专科批次,历史类,,,373,22687,
1121,北京语言大学,2025,吉林,提前批A段,历史类,,,583,1579,
1126,中国人民公安大学,2025,吉林,提前批A段,历史类,,,585,1048,
1140,北京电子科技学院,2025,吉林,提前批A段,历史类,,,638,259,
1329,中国人民警察大学,2025,吉林,提前批A段,历史类,,,476,301,
1334,中央司法警官学院,2025,吉林,提前批A段,历史类,,,516,1535,
2133,中国刑事警察学院,2025,吉林,提前批A段,历史类,,,442,301,
2201,吉林大学,2025,吉林,提前批A段,历史类,,,626,287,
2202,延边大学,2025,吉林,提前批A段,历史类,,,554,2307,
2209,东北师范大学,2025,吉林,提前批A段,历史类,,,599,875,
2211,吉林师范大学,2025,吉林,提前批A段,历史类,,,529,1769,
2212,长春师范大学,2025,吉林,提前批A段,历史类,,,562,3025,
2216,通化师范学院,2025,吉林,提前批A段,历史类,,,540,3896,
2217,吉林工程技术师范学院,2025,吉林,提前批A段,历史类,,,550,3025,
2218,白城师范学院,2025,吉林,提前批A段,历史类,,,537,3573,
2225,吉林警察学院,2025,吉林,提前批A段,历史类,,,518,657,
2301,黑龙江大学,2025,吉林,提前批A段,历史类,,,509,4337,
3111,华东师范大学,2025,吉林,提前批A段,历史类,,,605,601,
3113,上海外国语大学,2025,吉林,提前批A段,历史类,,,589,1312,
3245,南京警察学院,2025,吉林,提前批A段,历史类,,,513,813,
3608,江西师范大学,2025,吉林,提前批A段,历史类,,,569,2589,
3702,中国海洋大学,2025,吉林,提前批A段,历史类,,,589,1535,
3755,潍坊科技学院,2025,吉林,提前批A段,历史类,,,343,24939,
4158,郑州警察学院,2025,吉林,提前批A段,历史类,,,506,1579,
4212,华中师范大学,2025,吉林,提前批A段,历史类,,,567,848,
5005,西南大学,2025,吉林,提前批A段,历史类,,,610,704,
5013,四川外国语大学,2025,吉林,提前批A段,历史类,,,538,3092,
6114,陕西师范大学,2025,吉林,提前批A段,历史类,,,594,676,
6116,西安外国语大学,2025,吉林,提前批A段,历史类,,,540,4043,
6506,新疆师范大学,2025,吉林,提前批A段,历史类,,,519,6333,
6522,新疆警察学院,2025,吉林,提前批A段,历史类,,,522,3293,
,国际关系学院,2025,吉林,提前批A段,历史类,,,547,1652,
2201,吉林大学,2025,吉林,提前批B段,历史类,,,577,2160,
3111,华东师范大学,2025,吉林,提前批B段,历史类,,,594,813,
1101,北京大学,2025,吉林,普通本科批,历史类,,,666,1,
1102,中国人民大学,2025,吉林,普通本科批,历史类,,,597,37,
1103,清华大学,2025,吉林,普通本科批,历史类,,,622,3,
1104,北京交通大学,2025,吉林,普通本科批,历史类,,,610,848,
1106,北京航空航天大学,2025,吉林,普通本科批,历史类,,,634,221,
1107,北京理工大学,2025,吉林,普通本科批,历史类,,,629,348,
1108,北京科技大学,2025,吉林,普通本科批,历史类,,,596,1175,
1110,北京化工大学,2025,吉林,普通本科批,历史类,,,591,928,
1111,北京工商大学,2025,吉林,普通本科批,历史类,,,590,1535,
1114,中国农业大学,2025,吉林,普通本科批,历史类,,,606,906,
1115,北京林业大学,2025,吉林,普通本科批,历史类,,,583,1249,
1117,北京中医药大学,2025,吉林,普通本科批,历史类,,,589,191,
1118,北京师范大学,2025,吉林,普通本科批,历史类,,,588,124,
1119,首都师范大学,2025,吉林,普通本科批,历史类,,,573,2098,
1120,北京外国语大学,2025,吉林,普通本科批,历史类,,,611,542,
1121,北京语言大学,2025,吉林,普通本科批,历史类,,,543,1579,
1122,中国传媒大学,2025,吉林,普通本科批,历史类,,,581,1021,
1123,中央财经大学,2025,吉林,普通本科批,历史类,,,572,316,
1124,对外经济贸易大学,2025,吉林,普通本科批,历史类,,,623,316,
1125,首都经济贸易大学,2025,吉林,普通本科批,历史类,,,594,1386,
1127,北京体育大学,2025,吉林,普通本科批,历史类,,,570,1493,
1128,中央民族大学,2025,吉林,普通本科批,历史类,,,577,1213,
1129,中国政法大学,2025,吉林,普通本科批,历史类,,,596,87,
1130,华北电力大学(北京),2025,吉林,普通本科批,历史类,,,584,1386,
1132,中国矿业大学(北京),2025,吉林,普通本科批,历史类,,,580,1905,
1133,中国石油大学(北京),2025,吉林,普通本科批,历史类,,,587,1652,
1134,中国地质大学(北京),2025,吉林,普通本科批,历史类,,,581,1816,
1135,北京联合大学,2025,吉林,普通本科批,历史类,,,575,2059,
1138,北京印刷学院,2025,吉林,普通本科批,历史类,,,561,3025,
1144,北京第二外国语学院,2025,吉林,普通本科批,历史类,,,573,2098,
1145,北京物资学院,2025,吉林,普通本科批,历史类,,,546,3092,
1150,中央美术学院,2025,吉林,普通本科批,历史类,,,549,3896,
1151,中央戏剧学院,2025,吉林,普通本科批,历史类,,,574,2307,
1152,中国戏曲学院,2025,吉林,普通本科批,历史类,,,548,3969,
1153,北京电影学院,2025,吉林,普通本科批,历史类,,,592,1312,
1156,北京城市学院,2025,吉林,普通本科批,历史类,,,457,12457,
1162,中国劳动关系学院,2025,吉林,普通本科批,历史类,,,530,2356,
1171,民政职业大学,2025,吉林,普通本科批,历史类,,,508,6146,
1191,北京第二外国语学院中瑞酒店管理学院,2025,吉林,普通本科批,历史类,,,393,20451,
1194,北京邮电大学世纪学院,2025,吉林,普通本科批,历史类,,,485,9729,
1195,北京工业大学耿丹学院,2025,吉林,普通本科批,历史类,,,403,18019,
1196,中国社会科学院大学,2025,吉林,普通本科批,历史类,,,603,657,
1201,南开大学,2025,吉林,普通本科批,历史类,,,633,211,
1202,天津大学,2025,吉林,普通本科批,历史类,,,617,676,
1203,天津科技大学,2025,吉林,普通本科批,历史类,,,555,2959,
1205,中国民航大学,2025,吉林,普通本科批,历史类,,,565,1493,
1207,天津医科大学,2025,吉林,普通本科批,历史类,,,576,2202,
1208,天津中医药大学,2025,吉林,普通本科批,历史类,,,556,2894,
1209,天津师范大学,2025,吉林,普通本科批,历史类,,,536,2522,
1210,天津职业技术师范大学,2025,吉林,普通本科批,历史类,,,502,5115,
1211,天津外国语大学,2025,吉林,普通本科批,历史类,,,554,2830,
1212,天津商业大学,2025,吉林,普通本科批,历史类,,,557,2589,
1213,天津财经大学,2025,吉林,普通本科批,历史类,,,554,1422,
1214,河北工业大学,2025,吉林,普通本科批,历史类,,,507,2522,
1215,天津中德应用技术大学,2025,吉林,普通本科批,历史类,,,485,9729,
1217,天津体育学院,2025,吉林,普通本科批,历史类,,,493,6697,
1220,天津城建大学,2025,吉林,普通本科批,历史类,,,510,4945,
1221,天津天狮学院,2025,吉林,普通本科批,历史类,,,423,16116,
1246,天津仁爱学院,2025,吉林,普通本科批,历史类,,,438,15275,
1247,天津财经大学珠江学院,2025,吉林,普通本科批,历史类,,,463,11614,
1248,天津外国语大学滨海外事学院,2025,吉林,普通本科批,历史类,,,455,12678,
1250,天津商业大学宝德学院,2025,吉林,普通本科批,历史类,,,456,10838,
1251,天津医科大学临床医学院,2025,吉林,普通本科批,历史类,,,474,10954,
1254,天津理工大学中环信息学院,2025,吉林,普通本科批,历史类,,,460,12242,
1255,北京科技大学天津学院,2025,吉林,普通本科批,历史类,,,493,8829,
13,河北工业职业技术大学,2025,吉林,普通本科批,历史类,,,464,8606,
1301,河北大学,2025,吉林,普通本科批,历史类,,,510,5581,
1302,河北工程大学,2025,吉林,普通本科批,历史类,,,460,3359,
1303,河北地质大学,2025,吉林,普通本科批,历史类,,,485,7609,
1304,华北电力大学(保定),2025,吉林,普通本科批,历史类,,,576,1964,
1305,华北理工大学,2025,吉林,普通本科批,历史类,,,518,3359,
1309,河北师范大学,2025,吉林,普通本科批,历史类,,,517,2251,
1310,石家庄铁道大学,2025,吉林,普通本科批,历史类,,,569,2202,
1311,燕山大学,2025,吉林,普通本科批,历史类,,,521,4195,
1312,河北经贸大学,2025,吉林,普通本科批,历史类,,,519,2894,
1317,保定学院,2025,吉林,普通本科批,历史类,,,487,6697,
1318,河北民族师范学院,2025,吉林,普通本科批,历史类,,,500,8093,
1319,唐山师范学院,2025,吉林,普通本科批,历史类,,,487,7797,
1320,廊坊师范学院,2025,吉林,普通本科批,历史类,,,471,8515,
1321,衡水学院,2025,吉林,普通本科批,历史类,,,480,10046,
1323,邯郸学院,2025,吉林,普通本科批,历史类,,,488,8947,
1324,邢台学院,2025,吉林,普通本科批,历史类,,,492,7315,
1325,沧州师范学院,2025,吉林,普通本科批,历史类,,,500,7797,
1328,华北科技学院,2025,吉林,普通本科批,历史类,,,484,4043,
1331,河北金融学院,2025,吉林,普通本科批,历史类,,,488,4945,
1332,北华航天工业学院,2025,吉林,普通本科批,历史类,,,499,7057,
1333,防灾科技学院,2025,吉林,普通本科批,历史类,,,498,6228,
1342,河北科技学院,2025,吉林,普通本科批,历史类,,,411,18257,
1343,河北外国语学院,2025,吉林,普通本科批,历史类,,,415,17189,
1364,河北东方学院,2025,吉林,普通本科批,历史类,,,456,12678,
1401,山西大学,2025,吉林,普通本科批,历史类,,,566,1964,
1402,太原科技大学,2025,吉林,普通本科批,历史类,,,536,4945,
1403,中北大学,2025,吉林,普通本科批,历史类,,,519,4262,
1405,山西农业大学,2025,吉林,普通本科批,历史类,,,496,8515,
1406,山西医科大学,2025,吉林,普通本科批,历史类,,,478,7696,
1407,山西师范大学,2025,吉林,普通本科批,历史类,,,509,3229,
1408,山西大同大学,2025,吉林,普通本科批,历史类,,,461,4854,
1409,山西财经大学,2025,吉林,普通本科批,历史类,,,513,4674,
1412,太原师范学院,2025,吉林,普通本科批,历史类,,,517,5337,
1413,晋中学院,2025,吉林,普通本科批,历史类,,,467,11233,
1414,长治学院,2025,吉林,普通本科批,历史类,,,469,7504,
1415,运城学院,2025,吉林,普通本科批,历史类,,,464,11353,
1417,山西中医药大学,2025,吉林,普通本科批,历史类,,,549,3896,
1418,吕梁学院,2025,吉林,普通本科批,历史类,,,485,8093,
1419,太原学院,2025,吉林,普通本科批,历史类,,,370,12015,
1421,山西传媒学院,2025,吉林,普通本科批,历史类,,,467,8947,
1423,山西工程技术学院,2025,吉林,普通本科批,历史类,,,484,9842,
1445,山西应用科技学院,2025,吉林,普通本科批,历史类,,,474,10954,
1475,山西晋中理工学院,2025,吉林,普通本科批,历史类,,,456,13031,
1501,内蒙古大学,2025,吉林,普通本科批,历史类,,,418,2018,
1506,内蒙古师范大学,2025,吉林,普通本科批,历史类,,,356,8829,
1507,内蒙古民族大学,2025,吉林,普通本科批,历史类,,,435,6866,
1508,赤峰学院,2025,吉林,普通本科批,历史类,,,367,21723,
1509,内蒙古财经大学,2025,吉林,普通本科批,历史类,,,418,4337,
1510,呼伦贝尔学院,2025,吉林,普通本科批,历史类,,,365,23326,
1513,呼和浩特民族学院,2025,吉林,普通本科批,历史类,,,358,20123,
1515,内蒙古艺术学院,2025,吉林,普通本科批,历史类,,,463,12242,
1552,内蒙古科技大学包头师范学院,2025,吉林,普通本科批,历史类,,,473,7144,
2101,辽宁大学,2025,吉林,普通本科批,历史类,,,559,1769,
2102,大连理工大学,2025,吉林,普通本科批,历史类,,,586,1068,
2103,沈阳工业大学,2025,吉林,普通本科批,历史类,,,518,6419,
2105,沈阳理工大学,2025,吉林,普通本科批,历史类,,,516,6228,
2106,东北大学,2025,吉林,普通本科批,历史类,,,593,1386,
2107,辽宁科技大学,2025,吉林,普通本科批,历史类,,,524,4945,
2111,大连交通大学,2025,吉林,普通本科批,历史类,,,524,3359,
2112,大连海事大学,2025,吉林,普通本科批,历史类,,,577,754,
2113,大连工业大学,2025,吉林,普通本科批,历史类,,,509,5436,
2117,大连海洋大学,2025,吉林,普通本科批,历史类,,,530,4577,
2120,辽宁中医药大学,2025,吉林,普通本科批,历史类,,,590,1535,
2122,辽宁师范大学,2025,吉林,普通本科批,历史类,,,530,2522,
2123,沈阳师范大学,2025,吉林,普通本科批,历史类,,,473,10046,
2124,渤海大学,2025,吉林,普通本科批,历史类,,,507,2251,
2125,大连外国语大学,2025,吉林,普通本科批,历史类,,,560,2589,
2126,东北财经大学,2025,吉林,普通本科批,历史类,,,561,1175,
2127,沈阳大学,2025,吉林,普通本科批,历史类,,,517,3896,
2128,大连大学,2025,吉林,普通本科批,历史类,,,475,6068,
2131,沈阳医学院,2025,吉林,普通本科批,历史类,,,524,5883,
2132,鞍山师范学院,2025,吉林,普通本科批,历史类,,,487,4854,
2134,沈阳体育学院,2025,吉林,普通本科批,历史类,,,480,8186,
2135,沈阳音乐学院,2025,吉林,普通本科批,历史类,,,469,11614,
2137,辽宁对外经贸学院,2025,吉林,普通本科批,历史类,,,412,12457,
2141,大连民族大学,2025,吉林,普通本科批,历史类,,,507,2708,
2149,辽宁何氏医学院,2025,吉林,普通本科批,历史类,,,429,15275,
2150,大连东软信息学院,2025,吉林,普通本科批,历史类,,,421,14537,
2151,辽宁财贸学院,2025,吉林,普通本科批,历史类,,,452,13646,
2152,朝阳师范学院,2025,吉林,普通本科批,历史类,,,494,8721,
2167,辽宁传媒学院,2025,吉林,普通本科批,历史类,,,425,15635,
2201,吉林大学,2025,吉林,普通本科批,历史类,,,595,149,
2202,延边大学,2025,吉林,普通本科批,历史类,,,386,1964,
2203,长春理工大学,2025,吉林,普通本科批,历史类,,,489,4489,
2204,东北电力大学,2025,吉林,普通本科批,历史类,,,497,7609,
2205,长春工业大学,2025,吉林,普通本科批,历史类,,,466,4195,
2206,吉林建筑大学,2025,吉林,普通本科批,历史类,,,432,9842,
2207,吉林农业大学,2025,吉林,普通本科批,历史类,,,482,7797,
2208,长春中医药大学,2025,吉林,普通本科批,历史类,,,478,3504,
2209,东北师范大学,2025,吉林,普通本科批,历史类,,,562,704,
2210,北华大学,2025,吉林,普通本科批,历史类,,,463,5268,
2211,吉林师范大学,2025,吉林,普通本科批,历史类,,,461,3699,
2212,长春师范大学,2025,吉林,普通本科批,历史类,,,437,5436,
2213,吉林财经大学,2025,吉林,普通本科批,历史类,,,497,2589,
2214,长春大学,2025,吉林,普通本科批,历史类,,,405,4262,
2215,吉林化工大学,2025,吉林,普通本科批,历史类,,,468,8186,
2216,通化师范学院,2025,吉林,普通本科批,历史类,,,467,6954,
2217,吉林工程技术师范学院,2025,吉林,普通本科批,历史类,,,469,8721,
2218,白城师范学院,2025,吉林,普通本科批,历史类,,,435,7609,
2219,吉林体育学院,2025,吉林,普通本科批,历史类,,,469,11085,
2220,吉林艺术学院,2025,吉林,普通本科批,历史类,,,459,11493,
2221,吉林外国语大学,2025,吉林,普通本科批,历史类,,,397,12457,
2222,吉林工商学院,2025,吉林,普通本科批,历史类,,,461,6419,
2223,长春工程学院,2025,吉林,普通本科批,历史类,,,471,9504,
2224,吉林农业科技学院,2025,吉林,普通本科批,历史类,,,453,12015,
2225,吉林警察学院,2025,吉林,普通本科批,历史类,,,473,4674,
2226,长春财经学院,2025,吉林,普通本科批,历史类,,,422,11743,
2227,长春建筑学院,2025,吉林,普通本科批,历史类,,,403,19240,
2228,吉林动画学院,2025,吉林,普通本科批,历史类,,,416,17076,
2229,吉林医药学院,2025,吉林,普通本科批,历史类,,,470,11493,
2252,长春光华学院,2025,吉林,普通本科批,历史类,,,403,14046,
2253,长春工业大学人文信息学院,2025,吉林,普通本科批,历史类,,,406,14537,
2254,长春电子科技学院,2025,吉林,普通本科批,历史类,,,426,14419,
2255,吉林建筑科技学院,2025,吉林,普通本科批,历史类,,,400,17422,
2256,长春科技学院,2025,吉林,普通本科批,历史类,,,416,17422,
2257,吉林师范大学博达学院,2025,吉林,普通本科批,历史类,,,401,13899,
2258,长春大学旅游学院,2025,吉林,普通本科批,历史类,,,401,16241,
2259,长春人文学院,2025,吉林,普通本科批,历史类,,,411,12917,
2301,黑龙江大学,2025,吉林,普通本科批,历史类,,,408,1849,
2303,哈尔滨理工大学,2025,吉林,普通本科批,历史类,,,493,8606,
2304,哈尔滨工程大学,2025,吉林,普通本科批,历史类,,,579,1422,
2305,黑龙江科技大学,2025,吉林,普通本科批,历史类,,,485,4754,
2306,东北石油大学,2025,吉林,普通本科批,历史类,,,514,6333,
2307,佳木斯大学,2025,吉林,普通本科批,历史类,,,518,6419,
2308,黑龙江八一农垦大学,2025,吉林,普通本科批,历史类,,,487,8093,
2309,东北农业大学,2025,吉林,普通本科批,历史类,,,564,2251,
2310,东北林业大学,2025,吉林,普通本科批,历史类,,,563,2418,
2311,哈尔滨医科大学,2025,吉林,普通本科批,历史类,,,542,4407,
2312,黑龙江中医药大学,2025,吉林,普通本科批,历史类,,,554,3573,
2313,哈尔滨师范大学,2025,吉林,普通本科批,历史类,,,485,4489,
2314,齐齐哈尔大学,2025,吉林,普通本科批,历史类,,,288,11493,
2315,哈尔滨商业大学,2025,吉林,普通本科批,历史类,,,542,2708,
2317,牡丹江师范学院,2025,吉林,普通本科批,历史类,,,455,9046,
2318,哈尔滨学院,2025,吉林,普通本科批,历史类,,,470,4854,
2319,大庆师范学院,2025,吉林,普通本科批,历史类,,,460,8721,
2320,绥化学院,2025,吉林,普通本科批,历史类,,,463,8721,
2322,哈尔滨金融学院,2025,吉林,普通本科批,历史类,,,504,5732,
2323,齐齐哈尔医学院,2025,吉林,普通本科批,历史类,,,477,6601,
2324,黑龙江工业学院,2025,吉林,普通本科批,历史类,,,466,10169,
2326,哈尔滨信息工程学院,2025,吉林,普通本科批,历史类,,,460,12678,
2327,黑龙江工程学院,2025,吉林,普通本科批,历史类,,,477,9729,
2329,齐齐哈尔工程学院,2025,吉林,普通本科批,历史类,,,439,14419,
2330,黑龙江外国语学院,2025,吉林,普通本科批,历史类,,,445,13324,
2331,黑龙江财经学院,2025,吉林,普通本科批,历史类,,,433,10838,
2332,哈尔滨石油学院,2025,吉林,普通本科批,历史类,,,420,17189,
2333,哈尔滨剑桥学院,2025,吉林,普通本科批,历史类,,,421,17422,
2335,黑河学院,2025,吉林,普通本科批,历史类,,,463,11743,
2378,黑龙江工商学院,2025,吉林,普通本科批,历史类,,,453,12678,
2379,哈尔滨远东理工学院,2025,吉林,普通本科批,历史类,,,448,13646,
2381,哈尔滨广厦学院,2025,吉林,普通本科批,历史类,,,436,15635,
3101,复旦大学,2025,吉林,普通本科批,历史类,,,652,46,
3102,同济大学,2025,吉林,普通本科批,历史类,,,641,234,
3103,上海交通大学,2025,吉林,普通本科批,历史类,,,660,55,
3105,上海理工大学,2025,吉林,普通本科批,历史类,,,566,2708,
3106,上海海事大学,2025,吉林,普通本科批,历史类,,,569,2098,
3107,东华大学,2025,吉林,普通本科批,历史类,,,591,1449,
3111,华东师范大学,2025,吉林,普通本科批,历史类,,,618,542,
3112,上海师范大学,2025,吉林,普通本科批,历史类,,,570,2418,
3113,上海外国语大学,2025,吉林,普通本科批,历史类,,,595,1213,
3114,上海财经大学,2025,吉林,普通本科批,历史类,,,630,273,
3115,华东政法大学,2025,吉林,普通本科批,历史类,,,602,754,
3116,上海大学,2025,吉林,普通本科批,历史类,,,589,1535,
3118,上海第二工业大学,2025,吉林,普通本科批,历史类,,,538,4262,
3124,上海海关学院,2025,吉林,普通本科批,历史类,,,558,3293,
3127,上海戏剧学院,2025,吉林,普通本科批,历史类,,,584,993,
3128,上海立信会计金融学院,2025,吉林,普通本科批,历史类,,,561,1579,
3131,上海政法学院,2025,吉林,普通本科批,历史类,,,586,1068,
3132,上海商学院,2025,吉林,普通本科批,历史类,,,529,5194,
3133,上海建桥学院,2025,吉林,普通本科批,历史类,,,420,17307,
3152,上海立达学院,2025,吉林,普通本科批,历史类,,,422,17307,
3163,复旦大学医学院,2025,吉林,普通本科批,历史类,,,590,1535,
3167,上海外国语大学贤达经济人文学院,2025,吉林,普通本科批,历史类,,,400,14305,
3170,上海杉达学院,2025,吉林,普通本科批,历史类,,,425,9622,
3200000,中国人民大学,2025,吉林,普通本科批,历史类,,,617,583,
3200000000,无锡学院,2025,吉林,普通本科批,历史类,,,569,2589,
3201,南京大学,2025,吉林,普通本科批,历史类,,,648,149,
3202,苏州大学,2025,吉林,普通本科批,历史类,,,549,813,
3205,南京理工大学,2025,吉林,普通本科批,历史类,,,589,1449,
3206,江苏科技大学,2025,吉林,普通本科批,历史类,,,535,4043,
3207,中国矿业大学(徐州),2025,吉林,普通本科批,历史类,,,581,1535,
3209,常州大学,2025,吉林,普通本科批,历史类,,,539,4043,
3211,河海大学,2025,吉林,普通本科批,历史类,,,582,1493,
3212,江南大学,2025,吉林,普通本科批,历史类,,,587,960,
3213,南京林业大学,2025,吉林,普通本科批,历史类,,,561,3092,
3214,江苏大学,2025,吉林,普通本科批,历史类,,,586,1535,
3216,南通大学,2025,吉林,普通本科批,历史类,,,548,3833,
3220,中国药科大学,2025,吉林,普通本科批,历史类,,,576,1964,
3221,南京师范大学,2025,吉林,普通本科批,历史类,,,583,1717,
3223,南京财经大学,2025,吉林,普通本科批,历史类,,,565,1964,
3224,扬州大学,2025,吉林,普通本科批,历史类,,,571,1905,
3226,西交利物浦大学,2025,吉林,普通本科批,历史类,,,562,3025,
3229,淮阴师范学院,2025,吉林,普通本科批,历史类,,,479,7696,
3230,盐城师范学院,2025,吉林,普通本科批,历史类,,,485,4262,
3233,南京艺术学院,2025,吉林,普通本科批,历史类,,,548,2307,
3234,苏州科技大学,2025,吉林,普通本科批,历史类,,,552,3229,
3236,金陵科技学院,2025,吉林,普通本科批,历史类,,,512,6601,
3237,淮阴工学院,2025,吉林,普通本科批,历史类,,,499,6333,
3238,徐州工程学院,2025,吉林,普通本科批,历史类,,,496,6866,
3240,三江学院,2025,吉林,普通本科批,历史类,,,438,14642,
3241,南京工程学院,2025,吉林,普通本科批,历史类,,,537,4110,
3242,南京审计大学,2025,吉林,普通本科批,历史类,,,602,906,
3244,江苏理工学院,2025,吉林,普通本科批,历史类,,,507,7408,
3246,江苏海洋大学,2025,吉林,普通本科批,历史类,,,480,4674,
3249,江苏第二师范学院,2025,吉林,普通本科批,历史类,,,508,6601,
3252,无锡太湖学院,2025,吉林,普通本科批,历史类,,,457,11233,
3272,南京特殊教育师范学院,2025,吉林,普通本科批,历史类,,,516,5337,
3301,浙江大学,2025,吉林,普通本科批,历史类,,,649,137,
3306,浙江农林大学,2025,吉林,普通本科批,历史类,,,554,3165,
3310,温州大学,2025,吉林,普通本科批,历史类,,,577,2018,
3311,浙江工商大学,2025,吉林,普通本科批,历史类,,,580,1652,
3313,浙江财经大学,2025,吉林,普通本科批,历史类,,,570,2098,
3314,宁波大学,2025,吉林,普通本科批,历史类,,,554,2251,
3315,宁波诺丁汉大学,2025,吉林,普通本科批,历史类,,,546,1422,
3319,湖州师范学院,2025,吉林,普通本科批,历史类,,,494,6954,
3326,浙江万里学院,2025,吉林,普通本科批,历史类,,,500,7696,
3327,浙江科技大学,2025,吉林,普通本科批,历史类,,,548,3969,
3331,浙江传媒学院,2025,吉林,普通本科批,历史类,,,552,2018,
3388,上海财经大学浙江学院,2025,吉林,普通本科批,历史类,,,469,10395,
3401,安徽大学,2025,吉林,普通本科批,历史类,,,572,1281,
3404,安徽工业大学,2025,吉林,普通本科批,历史类,,,502,6697,
3410,淮北师范大学,2025,吉林,普通本科批,历史类,,,494,3833,
3411,安徽财经大学,2025,吉林,普通本科批,历史类,,,497,5337,
3412,安徽建筑大学,2025,吉林,普通本科批,历史类,,,493,6954,
3413,合肥工业大学,2025,吉林,普通本科批,历史类,,,580,2018,
3418,安庆师范大学,2025,吉林,普通本科批,历史类,,,519,5194,
3425,铜陵学院,2025,吉林,普通本科批,历史类,,,499,8186,
3434,安徽外国语学院,2025,吉林,普通本科批,历史类,,,414,15982,
3501,厦门大学,2025,吉林,普通本科批,历史类,,,586,434,
3502,华侨大学,2025,吉林,普通本科批,历史类,,,472,3025,
3503,福州大学,2025,吉林,普通本科批,历史类,,,579,1905,
3505,集美大学,2025,吉林,普通本科批,历史类,,,548,3092,
3509,闽南师范大学,2025,吉林,普通本科批,历史类,,,498,7504,
3510,仰恩大学,2025,吉林,普通本科批,历史类,,,434,15020,
3511,福建理工大学,2025,吉林,普通本科批,历史类,,,492,8947,
3512,闽江学院,2025,吉林,普通本科批,历史类,,,545,3896,
3513,武夷学院,2025,吉林,普通本科批,历史类,,,469,9729,
3516,厦门理工学院,2025,吉林,普通本科批,历史类,,,519,4945,
3517,三明学院,2025,吉林,普通本科批,历史类,,,466,11233,
3527,福州外语外贸学院,2025,吉林,普通本科批,历史类,,,414,17076,
3581,闽南科技学院,2025,吉林,普通本科批,历史类,,,444,14537,
3583,厦门工学院,2025,吉林,普通本科批,历史类,,,418,15398,
3585,厦门大学嘉庚学院,2025,吉林,普通本科批,历史类,,,479,8186,
3586,福州大学至诚学院,2025,吉林,普通本科批,历史类,,,451,13530,
3587,集美大学诚毅学院,2025,吉林,普通本科批,历史类,,,459,10954,
3601,南昌大学,2025,吉林,普通本科批,历史类,,,572,2098,
3602,华东交通大学,2025,吉林,普通本科批,历史类,,,548,2959,
3605,江西理工大学,2025,吉林,普通本科批,历史类,,,510,6228,
3607,江西中医药大学,2025,吉林,普通本科批,历史类,,,555,3229,
3608,江西师范大学,2025,吉林,普通本科批,历史类,,,563,2708,
3609,赣南师范大学,2025,吉林,普通本科批,历史类,,,509,4489,
3610,江西财经大学,2025,吉林,普通本科批,历史类,,,586,1101,
3611,江西科技师范大学,2025,吉林,普通本科批,历史类,,,505,5649,
3615,上饶师范学院,2025,吉林,普通本科批,历史类,,,507,6773,
3616,宜春学院,2025,吉林,普通本科批,历史类,,,489,9268,
3617,井冈山大学,2025,吉林,普通本科批,历史类,,,549,3896,
3618,江西科技学院,2025,吉林,普通本科批,历史类,,,427,15740,
3619,江西水利电力大学,2025,吉林,普通本科批,历史类,,,482,9842,
3621,新余学院,2025,吉林,普通本科批,历史类,,,471,10395,
3622,九江学院,2025,吉林,普通本科批,历史类,,,502,6506,
3624,南昌理工学院,2025,吉林,普通本科批,历史类,,,441,13778,
3626,南昌工学院,2025,吉林,普通本科批,历史类,,,462,12457,
3629,萍乡学院,2025,吉林,普通本科批,历史类,,,506,7504,
3650,江西工程学院,2025,吉林,普通本科批,历史类,,,471,11353,
3684,南昌大学科学技术学院,2025,吉林,普通本科批,历史类,,,471,11353,
3686,南昌交通学院,2025,吉林,普通本科批,历史类,,,445,14046,
3687,赣东学院,2025,吉林,普通本科批,历史类,,,510,7144,
3688,南昌航空大学科技学院,2025,吉林,普通本科批,历史类,,,457,12242,
3689,赣南科技学院,2025,吉林,普通本科批,历史类,,,491,7899,
3690,景德镇艺术职业大学,2025,吉林,普通本科批,历史类,,,452,13646,
3691,江西农业大学南昌商学院,2025,吉林,普通本科批,历史类,,,453,13423,
3692,南昌医学院,2025,吉林,普通本科批,历史类,,,502,7899,
3693,江西师范大学科学技术学院,2025,吉林,普通本科批,历史类,,,454,13031,
3696,江西财经大学现代经济管理学院,2025,吉林,普通本科批,历史类,,,462,9137,
370,山东大学威海分校,2025,吉林,普通本科批,历史类,,,608,783,
3700,青岛农业大学海都学院,2025,吉林,普通本科批,历史类,,,455,13324,
37000000,烟台科技学院,2025,吉林,普通本科批,历史类,,,454,13178,
370000000,烟台理工学院,2025,吉林,普通本科批,历史类,,,449,13646,
3700000000,青岛城市学院,2025,吉林,普通本科批,历史类,,,442,12568,
3701,山东大学,2025,吉林,普通本科批,历史类,,,607,480,
3702,中国海洋大学,2025,吉林,普通本科批,历史类,,,600,754,
3703,山东科技大学,2025,吉林,普通本科批,历史类,,,533,5194,
3704,中国石油大学(华东),2025,吉林,普通本科批,历史类,,,588,1493,
3705,青岛科技大学,2025,吉林,普通本科批,历史类,,,510,5268,
3706,济南大学,2025,吉林,普通本科批,历史类,,,554,2418,
3707,青岛理工大学,2025,吉林,普通本科批,历史类,,,525,3896,
3708,山东建筑大学,2025,吉林,普通本科批,历史类,,,538,4262,
3710,山东理工大学,2025,吉林,普通本科批,历史类,,,564,2894,
3711,山东农业大学,2025,吉林,普通本科批,历史类,,,506,5029,
3714,山东师范大学,2025,吉林,普通本科批,历史类,,,518,2708,
3715,曲阜师范大学,2025,吉林,普通本科批,历史类,,,532,4489,
3716,聊城大学,2025,吉林,普通本科批,历史类,,,548,3699,
3717,鲁东大学,2025,吉林,普通本科批,历史类,,,512,5268,
3718,山东财经大学,2025,吉林,普通本科批,历史类,,,552,2463,
3719,青岛大学,2025,吉林,普通本科批,历史类,,,555,2160,
3720,烟台大学,2025,吉林,普通本科批,历史类,,,387,5970,
3721,北京交通大学,2025,吉林,普通本科批,历史类,,,566,2760,
3723,山东第一医科大学,2025,吉林,普通本科批,历史类,,,483,9729,
3724,滨州医学院,2025,吉林,普通本科批,历史类,,,474,10954,
3726,德州学院,2025,吉林,普通本科批,历史类,,,500,8093,
3727,山东航空学院,2025,吉林,普通本科批,历史类,,,530,5436,
3728,临沂大学,2025,吉林,普通本科批,历史类,,,518,6419,
3730,济宁学院,2025,吉林,普通本科批,历史类,,,467,11880,
3731,菏泽学院,2025,吉林,普通本科批,历史类,,,477,8186,
3734,齐鲁医药学院,2025,吉林,普通本科批,历史类,,,456,12791,
3735,青岛滨海学院,2025,吉林,普通本科批,历史类,,,449,13646,
3738,潍坊学院,2025,吉林,普通本科批,历史类,,,518,5268,
3740,山东交通学院,2025,吉林,普通本科批,历史类,,,515,5883,
3741,山东工商学院,2025,吉林,普通本科批,历史类,,,460,3833,
3743,烟台南山学院,2025,吉林,普通本科批,历史类,,,441,14419,
3744,青岛工学院,2025,吉林,普通本科批,历史类,,,438,12568,
3745,齐鲁理工学院,2025,吉林,普通本科批,历史类,,,473,11085,
3746,山东政法学院,2025,吉林,普通本科批,历史类,,,529,1849,
3748,山东青年政治学院,2025,吉林,普通本科批,历史类,,,485,9046,
3750,山东管理学院,2025,吉林,普通本科批,历史类,,,508,6068,
3756,山东英才学院,2025,吉林,普通本科批,历史类,,,413,17907,
3757,青岛恒星科技学院,2025,吉林,普通本科批,历史类,,,424,17076,
3758,青岛黄海学院,2025,吉林,普通本科批,历史类,,,442,11743,
3759,山东协和学院,2025,吉林,普通本科批,历史类,,,454,12917,
4101,郑州大学,2025,吉林,普通本科批,历史类,,,582,1493,
4103,河南工业大学,2025,吉林,普通本科批,历史类,,,552,3025,
4106,河南大学,2025,吉林,普通本科批,历史类,,,550,2160,
4107,河南师范大学,2025,吉林,普通本科批,历史类,,,501,7997,
4111,郑州轻工业大学,2025,吉林,普通本科批,历史类,,,523,4577,
4112,中原工学院,2025,吉林,普通本科批,历史类,,,472,11233,
4113,河南科技学院,2025,吉林,普通本科批,历史类,,,481,9842,
4114,河南牧业经济学院,2025,吉林,普通本科批,历史类,,,466,11493,
4115,河南中医药大学,2025,吉林,普通本科批,历史类,,,550,3833,
4117,信阳师范大学,2025,吉林,普通本科批,历史类,,,514,6773,
4118,周口师范学院,2025,吉林,普通本科批,历史类,,,472,10954,
4119,安阳师范学院,2025,吉林,普通本科批,历史类,,,511,6697,
4121,南阳师范学院,2025,吉林,普通本科批,历史类,,,494,7228,
4122,洛阳师范学院,2025,吉林,普通本科批,历史类,,,474,9842,
4123,商丘师范学院,2025,吉林,普通本科批,历史类,,,467,8293,
4124,郑州航空工业管理学院,2025,吉林,普通本科批,历史类,,,473,8721,
4125,黄淮学院,2025,吉林,普通本科批,历史类,,,515,6697,
4126,平顶山学院,2025,吉林,普通本科批,历史类,,,461,12568,
4127,洛阳理工学院,2025,吉林,普通本科批,历史类,,,472,8515,
4128,新乡学院,2025,吉林,普通本科批,历史类,,,472,10726,
4130,安阳工学院,2025,吉林,普通本科批,历史类,,,465,12015,
4131,河南财政金融学院,2025,吉林,普通本科批,历史类,,,500,4754,
4132,南阳理工学院,2025,吉林,普通本科批,历史类,,,478,8093,
4133,河南城建学院,2025,吉林,普通本科批,历史类,,,467,11614,
4135,黄河科技学院,2025,吉林,普通本科批,历史类,,,451,13778,
4136,郑州师范学院,2025,吉林,普通本科批,历史类,,,526,5732,
4137,郑州商学院,2025,吉林,普通本科批,历史类,,,462,12130,
4138,郑州升达经贸管理学院,2025,吉林,普通本科批,历史类,,,459,11353,
4144,郑州工业应用技术学院,2025,吉林,普通本科批,历史类,,,444,14642,
4148,河南工程学院,2025,吉林,普通本科批,历史类,,,491,8721,
4201,武汉大学,2025,吉林,普通本科批,历史类,,,605,177,
4202,华中科技大学,2025,吉林,普通本科批,历史类,,,614,754,
4203,武汉科技大学,2025,吉林,普通本科批,历史类,,,565,2418,
4206,中国地质大学(武汉),2025,吉林,普通本科批,历史类,,,581,1816,
4207,武汉纺织大学,2025,吉林,普通本科批,历史类,,,566,2760,
4208,武汉理工大学,2025,吉林,普通本科批,历史类,,,583,1535,
4210,华中农业大学,2025,吉林,普通本科批,历史类,,,579,1579,
4211,湖北中医药大学,2025,吉林,普通本科批,历史类,,,564,2894,
4212,华中师范大学,2025,吉林,普通本科批,历史类,,,587,1048,
4214,中南财经政法大学,2025,吉林,普通本科批,历史类,,,619,459,
4215,中南民族大学,2025,吉林,普通本科批,历史类,,,554,2356,
4223,湖北师范大学,2025,吉林,普通本科批,历史类,,,580,2018,
4225,湖北民族大学,2025,吉林,普通本科批,历史类,,,466,9393,
4226,湖北文理学院,2025,吉林,普通本科批,历史类,,,501,7997,
4227,武汉体育学院,2025,吉林,普通本科批,历史类,,,503,6954,
4231,湖北理工学院,2025,吉林,普通本科批,历史类,,,495,8606,
4232,湖北科技学院,2025,吉林,普通本科批,历史类,,,503,7609,
4238,湖北经济学院,2025,吉林,普通本科批,历史类,,,523,3969,
4240,汉口学院,2025,吉林,普通本科批,历史类,,,427,14537,
4241,武汉生物工程学院,2025,吉林,普通本科批,历史类,,,443,14537,
4245,武汉学院,2025,吉林,普通本科批,历史类,,,457,11493,
4301,湘潭大学,2025,吉林,普通本科批,历史类,,,563,1579,
4302,吉首大学,2025,吉林,普通本科批,历史类,,,465,8515,
4303,湖南大学,2025,吉林,普通本科批,历史类,,,612,583,
4304,中南大学,2025,吉林,普通本科批,历史类,,,603,754,
4305,湖南科技大学,2025,吉林,普通本科批,历史类,,,518,2830,
4306,长沙理工大学,2025,吉林,普通本科批,历史类,,,565,2251,
4307,湖南农业大学,2025,吉林,普通本科批,历史类,,,511,6228,
4308,中南林业科技大学,2025,吉林,普通本科批,历史类,,,516,5970,
4310,湖南师范大学,2025,吉林,普通本科批,历史类,,,580,1144,
4313,湖南工业大学,2025,吉林,普通本科批,历史类,,,489,2959,
4316,湖南理工学院,2025,吉林,普通本科批,历史类,,,498,8186,
4317,湘南学院,2025,吉林,普通本科批,历史类,,,496,7899,
4318,衡阳师范学院,2025,吉林,普通本科批,历史类,,,476,6866,
4319,邵阳学院,2025,吉林,普通本科批,历史类,,,473,8947,
4320,怀化学院,2025,吉林,普通本科批,历史类,,,467,11743,
4321,湖南文理学院,2025,吉林,普通本科批,历史类,,,513,6601,
4322,湖南科技学院,2025,吉林,普通本科批,历史类,,,456,7609,
4324,湖南工商大学,2025,吉林,普通本科批,历史类,,,558,2959,
4326,长沙学院,2025,吉林,普通本科批,历史类,,,495,8606,
4327,湖南工程学院,2025,吉林,普通本科批,历史类,,,482,10046,
4328,湖南城市学院,2025,吉林,普通本科批,历史类,,,482,9268,
4330,湖南财政经济学院,2025,吉林,普通本科批,历史类,,,536,3896,
4333,湖南涉外经济学院,2025,吉林,普通本科批,历史类,,,422,15398,
440,广州南方学院,2025,吉林,普通本科批,历史类,,,393,19584,
4400,广东外语外贸大学南国商学院,2025,吉林,普通本科批,历史类,,,439,12917,
4401,中山大学,2025,吉林,普通本科批,历史类,,,615,348,
4402,暨南大学,2025,吉林,普通本科批,历史类,,,550,1312,
4403,汕头大学,2025,吉林,普通本科批,历史类,,,561,2589,
4404,华南理工大学,2025,吉林,普通本科批,历史类,,,604,704,
4410,华南师范大学,2025,吉林,普通本科批,历史类,,,585,1422,
4411,深圳大学,2025,吉林,普通本科批,历史类,,,594,1021,
4413,广州大学,2025,吉林,普通本科批,历史类,,,557,2463,
4414,五邑大学,2025,吉林,普通本科批,历史类,,,567,2708,
4416,广东外语外贸大学,2025,吉林,普通本科批,历史类,,,569,1964,
4417,南方医科大学,2025,吉林,普通本科批,历史类,,,567,1449,
4423,韶关学院,2025,吉林,普通本科批,历史类,,,456,13178,
4425,韩山师范学院,2025,吉林,普通本科批,历史类,,,499,7228,
4437,广东金融学院,2025,吉林,普通本科批,历史类,,,554,3229,
4446,北师香港浸会大学,2025,吉林,普通本科批,历史类,,,545,2830,
4498,岭南师范学院,2025,吉林,普通本科批,历史类,,,474,10954,
4503,桂林理工大学,2025,吉林,普通本科批,历史类,,,476,9729,
4505,广西师范大学,2025,吉林,普通本科批,历史类,,,472,7408,
4506,广西民族大学,2025,吉林,普通本科批,历史类,,,458,5029,
4508,广西科技大学,2025,吉林,普通本科批,历史类,,,522,6068,
4510,广西中医药大学,2025,吉林,普通本科批,历史类,,,510,3634,
4512,南宁师范大学,2025,吉林,普通本科批,历史类,,,466,11743,
4515,玉林师范学院,2025,吉林,普通本科批,历史类,,,462,6697,
4517,百色学院,2025,吉林,普通本科批,历史类,,,465,10515,
4518,梧州学院,2025,吉林,普通本科批,历史类,,,464,12015,
4519,广西财经学院,2025,吉林,普通本科批,历史类,,,522,6068,
4520,南宁学院,2025,吉林,普通本科批,历史类,,,436,14757,
4524,贺州学院,2025,吉林,普通本科批,历史类,,,464,12130,
4525,广西外国语学院,2025,吉林,普通本科批,历史类,,,408,16838,
4527,广西科技师范学院,2025,吉林,普通本科批,历史类,,,505,7228,
4566,柳州工学院,2025,吉林,普通本科批,历史类,,,404,18858,
4568,桂林学院,2025,吉林,普通本科批,历史类,,,446,14419,
4572,南宁理工学院,2025,吉林,普通本科批,历史类,,,457,13031,
4601,海南大学,2025,吉林,普通本科批,历史类,,,558,1535,
4602,海南师范大学,2025,吉林,普通本科批,历史类,,,532,4195,
4604,海南热带海洋学院,2025,吉林,普通本科批,历史类,,,384,10169,
4606,海口经济学院,2025,吉林,普通本科批,历史类,,,396,18636,
4607,三亚学院,2025,吉林,普通本科批,历史类,,,397,15156,
4608,琼台师范学院,2025,吉林,普通本科批,历史类,,,412,7696,
4611,海南科技职业大学,2025,吉林,普通本科批,历史类,,,400,19694,
5001,重庆大学,2025,吉林,普通本科批,历史类,,,617,657,
5005,西南大学,2025,吉林,普通本科批,历史类,,,579,1249,
5006,重庆师范大学,2025,吉林,普通本科批,历史类,,,581,1964,
5007,西南政法大学,2025,吉林,普通本科批,历史类,,,608,480,
5009,重庆工商大学,2025,吉林,普通本科批,历史类,,,530,3896,
5011,重庆三峡学院,2025,吉林,普通本科批,历史类,,,542,4407,
5012,长江师范学院,2025,吉林,普通本科批,历史类,,,533,5194,
5013,四川外国语大学,2025,吉林,普通本科批,历史类,,,559,3092,
5015,重庆科技大学,2025,吉林,普通本科批,历史类,,,556,3439,
5060,西南大学,2025,吉林,普通本科批,历史类,,,572,2418,
5062,重庆外语外事学院,2025,吉林,普通本科批,历史类,,,452,13178,
5063,重庆对外经贸学院,2025,吉林,普通本科批,历史类,,,486,9622,
5064,重庆财经学院,2025,吉林,普通本科批,历史类,,,492,8829,
5066,重庆移通学院,2025,吉林,普通本科批,历史类,,,474,10954,
5069,重庆中医药学院,2025,吉林,普通本科批,历史类,,,568,2647,
5101,四川大学,2025,吉林,普通本科批,历史类,,,619,518,
5102,西南交通大学,2025,吉林,普通本科批,历史类,,,586,1717,
5103,电子科技大学,2025,吉林,普通本科批,历史类,,,606,754,
5105,西南科技大学,2025,吉林,普通本科批,历史类,,,517,4195,
5106,西华大学,2025,吉林,普通本科批,历史类,,,527,5504,
5108,成都中医药大学,2025,吉林,普通本科批,历史类,,,513,6866,
5109,四川师范大学,2025,吉林,普通本科批,历史类,,,559,2959,
5110,西华师范大学,2025,吉林,普通本科批,历史类,,,496,8293,
5111,西南财经大学,2025,吉林,普通本科批,历史类,,,579,434,
5112,西南民族大学,2025,吉林,普通本科批,历史类,,,462,2830,
5115,成都信息工程大学,2025,吉林,普通本科批,历史类,,,541,3896,
5117,中国民用航空飞行学院,2025,吉林,普通本科批,历史类,,,496,5649,
5121,绵阳师范学院,2025,吉林,普通本科批,历史类,,,527,5581,
5122,内江师范学院,2025,吉林,普通本科批,历史类,,,540,4577,
5125,乐山师范学院,2025,吉林,普通本科批,历史类,,,506,7504,
5128,成都大学,2025,吉林,普通本科批,历史类,,,534,4674,
5130,攀枝花学院,2025,吉林,普通本科批,历史类,,,465,12130,
5131,四川旅游学院,2025,吉林,普通本科批,历史类,,,544,4262,
5144,成都东软学院,2025,吉林,普通本科批,历史类,,,453,13423,
5145,四川传媒学院,2025,吉林,普通本科批,历史类,,,458,12791,
5191,吉利学院,2025,吉林,普通本科批,历史类,,,445,14158,
5201,贵州大学,2025,吉林,普通本科批,历史类,,,570,2356,
5202,贵州师范大学,2025,吉林,普通本科批,历史类,,,481,6419,
5213,黔南民族师范学院,2025,吉林,普通本科批,历史类,,,464,12130,
5214,贵州财经大学,2025,吉林,普通本科批,历史类,,,478,4337,
5301,云南大学,2025,吉林,普通本科批,历史类,,,573,1816,
5302,昆明理工大学,2025,吉林,普通本科批,历史类,,,545,3699,
5305,云南师范大学,2025,吉林,普通本科批,历史类,,,528,3439,
5306,云南财经大学,2025,吉林,普通本科批,历史类,,,511,4674,
5307,云南民族大学,2025,吉林,普通本科批,历史类,,,490,9137,
5310,大理大学,2025,吉林,普通本科批,历史类,,,497,6601,
5313,曲靖师范学院,2025,吉林,普通本科批,历史类,,,469,11614,
5314,普洱学院,2025,吉林,普通本科批,历史类,,,472,11233,
5316,红河学院,2025,吉林,普通本科批,历史类,,,483,9046,
5317,云南艺术学院,2025,吉林,普通本科批,历史类,,,462,7997,
5318,玉溪师范学院,2025,吉林,普通本科批,历史类,,,486,9622,
5320,云南警官学院,2025,吉林,普通本科批,历史类,,,538,4754,
5321,昆明学院,2025,吉林,普通本科批,历史类,,,488,9137,
5356,云南经济管理学院,2025,吉林,普通本科批,历史类,,,458,12917,
5367,滇池学院,2025,吉林,普通本科批,历史类,,,444,14046,
5368,丽江文化旅游学院,2025,吉林,普通本科批,历史类,,,414,14537,
5369,昆明城市学院,2025,吉林,普通本科批,历史类,,,459,12791,
5370,昆明医科大学海源学院,2025,吉林,普通本科批,历史类,,,454,13423,
5372,昆明文理学院,2025,吉林,普通本科批,历史类,,,441,14537,
5373,昆明理工大学津桥学院,2025,吉林,普通本科批,历史类,,,441,15020,
5378,滇西应用技术大学,2025,吉林,普通本科批,历史类,,,471,10726,
5401,西藏大学,2025,吉林,普通本科批,历史类,,,540,4577,
6101,西北大学,2025,吉林,普通本科批,历史类,,,586,1343,
6102,西安交通大学,2025,吉林,普通本科批,历史类,,,622,393,
6103,西北工业大学,2025,吉林,普通本科批,历史类,,,612,813,
6106,西安工业大学,2025,吉林,普通本科批,历史类,,,568,2647,
6109,西安石油大学,2025,吉林,普通本科批,历史类,,,560,3165,
6112,长安大学,2025,吉林,普通本科批,历史类,,,573,1964,
6113,西北农林科技大学,2025,吉林,普通本科批,历史类,,,581,1816,
6114,陕西师范大学,2025,吉林,普通本科批,历史类,,,578,1144,
6115,延安大学,2025,吉林,普通本科批,历史类,,,511,5504,
6116,西安外国语大学,2025,吉林,普通本科批,历史类,,,519,2959,
6117,西北政法大学,2025,吉林,普通本科批,历史类,,,602,848,
6118,西安邮电大学,2025,吉林,普通本科批,历史类,,,504,7696,
6120,陕西理工大学,2025,吉林,普通本科批,历史类,,,555,3504,
6121,宝鸡文理学院,2025,吉林,普通本科批,历史类,,,499,6954,
6122,咸阳师范学院,2025,吉林,普通本科批,历史类,,,472,11233,
6123,渭南师范学院,2025,吉林,普通本科批,历史类,,,523,5970,
6127,西安文理学院,2025,吉林,普通本科批,历史类,,,515,6419,
6128,榆林学院,2025,吉林,普通本科批,历史类,,,506,7228,
6129,商洛学院,2025,吉林,普通本科批,历史类,,,517,6506,
6130,安康学院,2025,吉林,普通本科批,历史类,,,470,11493,
6132,西安财经大学,2025,吉林,普通本科批,历史类,,,525,5194,
6134,西安医学院,2025,吉林,普通本科批,历史类,,,472,11233,
6138,西安外事学院,2025,吉林,普通本科批,历史类,,,430,15740,
6139,西安翻译学院,2025,吉林,普通本科批,历史类,,,434,15635,
6141,西安思源学院,2025,吉林,普通本科批,历史类,,,448,13778,
6142,陕西国际商贸学院,2025,吉林,普通本科批,历史类,,,431,14642,
6185,西安交通大学城市学院,2025,吉林,普通本科批,历史类,,,466,12015,
6188,西安财经大学行知学院,2025,吉林,普通本科批,历史类,,,445,12568,
6201,兰州大学,2025,吉林,普通本科批,历史类,,,587,1535,
6202,兰州理工大学,2025,吉林,普通本科批,历史类,,,480,7408,
6203,兰州交通大学,2025,吉林,普通本科批,历史类,,,523,5649,
6205,西北师范大学,2025,吉林,普通本科批,历史类,,,407,4043,
6206,西北民族大学,2025,吉林,普通本科批,历史类,,,467,4854,
6216,陇东学院,2025,吉林,普通本科批,历史类,,,486,8947,
6217,天水师范大学,2025,吉林,普通本科批,历史类,,,489,8721,
6218,河西学院,2025,吉林,普通本科批,历史类,,,486,8293,
6219,兰州财经大学,2025,吉林,普通本科批,历史类,,,399,7315,
6220,甘肃政法大学,2025,吉林,普通本科批,历史类,,,479,2830,
6221,甘肃民族师范学院,2025,吉林,普通本科批,历史类,,,476,10515,
6222,兰州文理学院,2025,吉林,普通本科批,历史类,,,503,7797,
6245,兰州石化职业技术大学,2025,吉林,普通本科批,历史类,,,475,10286,
6302,青海师范大学,2025,吉林,普通本科批,历史类,,,371,4489,
6303,青海民族大学,2025,吉林,普通本科批,历史类,,,390,11880,
6401,宁夏大学,2025,吉林,普通本科批,历史类,,,568,2202,
6402,北方民族大学,2025,吉林,普通本科批,历史类,,,462,4577,
6405,宁夏理工学院,2025,吉林,普通本科批,历史类,,,426,15156,
6501,新疆大学,2025,吉林,普通本科批,历史类,,,556,3165,
6502,塔里木大学,2025,吉林,普通本科批,历史类,,,470,10954,
6503,新疆农业大学,2025,吉林,普通本科批,历史类,,,454,12678,
6506,新疆师范大学,2025,吉林,普通本科批,历史类,,,474,5504,
6507,新疆财经大学,2025,吉林,普通本科批,历史类,,,455,6697,
6509,喀什大学,2025,吉林,普通本科批,历史类,,,460,9729,
6510,伊犁师范大学,2025,吉林,普通本科批,历史类,,,460,10046,
6518,新疆和田学院,2025,吉林,普通本科批,历史类,,,458,12242,
6522,新疆警察学院,2025,吉林,普通本科批,历史类,,,515,6697,
6541,新疆理工学院,2025,吉林,普通本科批,历史类,,,455,12917,
6544,新疆科技学院,2025,吉林,普通本科批,历史类,,,458,12015,
6545,新疆政法学院,2025,吉林,普通本科批,历史类,,,462,7408,
6556,昌吉学院,2025,吉林,普通本科批,历史类,,,464,12242,
6560,新疆天山职业技术大学,2025,吉林,普通本科批,历史类,,,410,13178,
,三峡大学科技学院,2025,吉林,普通本科批,历史类,,,458,12917,
1171,民政职业大学,2025,吉林,专科批次,物理类,,,339,62030,
1183,北京汇佳职业学院,2025,吉林,专科批次,物理类,,,339,69588,
1184,北京科技经营管理学院,2025,吉林,专科批次,物理类,,,299,75022,
1187,北京交通职业技术学院,2025,吉林,专科批次,物理类,,,399,55692,
1221,天津天狮学院,2025,吉林,专科批次,物理类,,,205,73864,
1222,天津医学高等专科学校,2025,吉林,专科批次,物理类,,,361,58906,
1223,天津城市建设管理职业技术学院,2025,吉林,专科批次,物理类,,,336,69588,
1224,天津生物工程职业技术学院,2025,吉林,专科批次,物理类,,,327,69928,
1225,天津海运职业学院,2025,吉林,专科批次,物理类,,,357,64428,
1230,天津渤海职业技术学院,2025,吉林,专科批次,物理类,,,328,64649,
1231,天津电子信息职业技术学院,2025,吉林,专科批次,物理类,,,380,57064,
1232,天津机电职业技术学院,2025,吉林,专科批次,物理类,,,369,53749,
1233,天津现代职业技术学院,2025,吉林,专科批次,物理类,,,365,62546,
1235,天津轻工职业技术学院,2025,吉林,专科批次,物理类,,,361,65335,
1236,天津商务职业学院,2025,吉林,专科批次,物理类,,,318,66526,
1237,天津国土资源和房屋职业学院,2025,吉林,专科批次,物理类,,,315,72882,
1240,天津交通职业学院,2025,吉林,专科批次,物理类,,,347,67914,
1241,天津工业职业学院,2025,吉林,专科批次,物理类,,,325,70437,
1242,天津石油职业技术学院,2025,吉林,专科批次,物理类,,,336,68302,
1243,天津城市职业学院,2025,吉林,专科批次,物理类,,,310,69588,
1244,天津铁道职业技术学院,2025,吉林,专科批次,物理类,,,382,58906,
1256,天津市职业大学,2025,吉林,专科批次,物理类,,,388,55692,
1259,天津滨海汽车工程职业学院,2025,吉林,专科批次,物理类,,,175,74623,
1345,邢台医学院,2025,吉林,专科批次,物理类,,,352,62030,
1346,石家庄医学高等专科学校,2025,吉林,专科批次,物理类,,,220,62285,
1347,石家庄人民医学高等专科学校,2025,吉林,专科批次,物理类,,,329,67486,
1348,石家庄幼儿师范高等专科学校,2025,吉林,专科批次,物理类,,,275,76282,
1349,廊坊卫生职业学院,2025,吉林,专科批次,物理类,,,331,69405,
1350,唐山幼儿师范高等专科学校,2025,吉林,专科批次,物理类,,,313,73352,
1351,沧州医学高等专科学校,2025,吉林,专科批次,物理类,,,356,56799,
1353,邯郸职业技术学院,2025,吉林,专科批次,物理类,,,254,75830,
1355,张家口职业技术学院,2025,吉林,专科批次,物理类,,,247,75830,
1357,河北软件职业技术学院,2025,吉林,专科批次,物理类,,,343,68853,
1360,冀中职业学院,2025,吉林,专科批次,物理类,,,291,75744,
1366,宣化科技职业学院,2025,吉林,专科批次,物理类,,,316,70278,
1368,承德护理职业学院,2025,吉林,专科批次,物理类,,,371,61787,
1370,保定幼儿师范高等专科学校,2025,吉林,专科批次,物理类,,,297,72586,
1371,河北建材职业技术学院,2025,吉林,专科批次,物理类,,,283,75395,
1374,河北能源职业技术学院,2025,吉林,专科批次,物理类,,,224,78627,
1375,石家庄铁路职业技术学院,2025,吉林,专科批次,物理类,,,376,61283,
1376,保定职业技术学院,2025,吉林,专科批次,物理类,,,322,71904,
1377,秦皇岛职业技术学院,2025,吉林,专科批次,物理类,,,330,68666,
1379,石家庄城市经济职业学院,2025,吉林,专科批次,物理类,,,175,78972,
1380,唐山职业技术学院,2025,吉林,专科批次,物理类,,,363,62546,
1381,衡水职业技术学院,2025,吉林,专科批次,物理类,,,347,68090,
1382,唐山工业职业技术大学,2025,吉林,专科批次,物理类,,,334,69588,
1384,河北旅游职业学院,2025,吉林,专科批次,物理类,,,225,74731,
1387,河北化工医药职业技术学院,2025,吉林,专科批次,物理类,,,324,70757,
1388,石家庄信息工程职业学院,2025,吉林,专科批次,物理类,,,333,66723,
1389,河北对外经贸职业学院,2025,吉林,专科批次,物理类,,,221,75571,
1390,保定电力职业技术学院,2025,吉林,专科批次,物理类,,,381,54576,
1391,河北机电职业技术学院,2025,吉林,专科批次,物理类,,,288,74623,
1395,石家庄邮电职业技术学院,2025,吉林,专科批次,物理类,,,395,41575,
1398,石家庄理工职业学院,2025,吉林,专科批次,物理类,,,275,74829,
1399,石家庄科技信息职业学院,2025,吉林,专科批次,物理类,,,240,76966,
1430,朔州师范高等专科学校,2025,吉林,专科批次,物理类,,,268,73864,
1453,临汾职业技术学院,2025,吉林,专科批次,物理类,,,321,70084,
1454,山西职业技术学院,2025,吉林,专科批次,物理类,,,301,73619,
1467,忻州职业技术学院,2025,吉林,专科批次,物理类,,,339,69588,
1527,包头铁道职业技术学院,2025,吉林,专科批次,物理类,,,391,57889,
1531,满洲里俄语职业学院,2025,吉林,专科批次,物理类,,,208,76205,
1532,赤峰工业职业技术学院,2025,吉林,专科批次,物理类,,,176,77803,
1535,扎兰屯职业学院,2025,吉林,专科批次,物理类,,,269,77238,
1536,兴安职业技术大学,2025,吉林,专科批次,物理类,,,210,77181,
1543,锡林郭勒职业学院,2025,吉林,专科批次,物理类,,,257,74623,
1547,通辽职业学院,2025,吉林,专科批次,物理类,,,333,70591,
1553,赤峰应用技术职业学院,2025,吉林,专科批次,物理类,,,320,63728,
1554,内蒙古交通职业技术学院,2025,吉林,专科批次,物理类,,,312,71268,
2139,沈阳工程学院,2025,吉林,专科批次,物理类,,,356,59488,
2142,辽宁建筑职业学院,2025,吉林,专科批次,物理类,,,280,76138,
2145,辽宁轻工职业学院,2025,吉林,专科批次,物理类,,,307,71904,
2147,辽宁轨道交通职业学院,2025,吉林,专科批次,物理类,,,376,61283,
2150,大连东软信息学院,2025,吉林,专科批次,物理类,,,218,69752,
2152,朝阳师范学院,2025,吉林,专科批次,物理类,,,324,61023,
2153,抚顺师范高等专科学校,2025,吉林,专科批次,物理类,,,263,77520,
2155,铁岭师范高等专科学校,2025,吉林,专科批次,物理类,,,222,72586,
2156,阜新高等专科学校,2025,吉林,专科批次,物理类,,,283,73231,
2158,辽宁省交通高等专科学校,2025,吉林,专科批次,物理类,,,337,62789,
2159,辽宁民族师范高等专科学校,2025,吉林,专科批次,物理类,,,322,65696,
2161,营口职业技术学院,2025,吉林,专科批次,物理类,,,300,72452,
2162,大连职业技术学院,2025,吉林,专科批次,物理类,,,372,59187,
2163,抚顺职业技术学院,2025,吉林,专科批次,物理类,,,319,70916,
2164,辽宁农业职业技术学院,2025,吉林,专科批次,物理类,,,384,58141,
2165,辽阳职业技术学院,2025,吉林,专科批次,物理类,,,332,70278,
2166,盘锦职业技术学院,2025,吉林,专科批次,物理类,,,310,71268,
2167,辽宁传媒学院,2025,吉林,专科批次,物理类,,,259,77685,
2171,大连枫叶职业技术学院,2025,吉林,专科批次,物理类,,,227,74829,
2172,辽宁装备制造职业技术学院,2025,吉林,专科批次,物理类,,,343,67704,
2174,辽宁地质工程职业学院,2025,吉林,专科批次,物理类,,,320,72171,
2175,辽宁铁道职业技术学院,2025,吉林,专科批次,物理类,,,383,46087,
2176,大连航运职业技术学院,2025,吉林,专科批次,物理类,,,201,68853,
2177,大连装备制造职业技术学院,2025,吉林,专科批次,物理类,,,314,73352,
2178,大连汽车职业技术学院,2025,吉林,专科批次,物理类,,,207,71904,
2179,辽宁现代服务职业技术学院,2025,吉林,专科批次,物理类,,,282,75913,
2180,辽宁冶金职业技术学院,2025,吉林,专科批次,物理类,,,318,70591,
2181,辽宁工程职业学院,2025,吉林,专科批次,物理类,,,322,71589,
2183,辽宁医药职业学院,2025,吉林,专科批次,物理类,,,339,58650,
2184,铁岭卫生职业学院,2025,吉林,专科批次,物理类,,,351,67278,
2185,沈阳北软信息职业技术学院,2025,吉林,专科批次,物理类,,,279,75830,
2188,辽宁职业学院,2025,吉林,专科批次,物理类,,,289,74623,
2189,辽宁生态工程职业学院,2025,吉林,专科批次,物理类,,,289,70278,
2190,沈阳职业技术学院,2025,吉林,专科批次,物理类,,,330,64880,
2191,辽宁理工职业大学,2025,吉林,专科批次,物理类,,,326,71759,
2193,辽宁金融职业学院,2025,吉林,专科批次,物理类,,,336,69588,
2194,辽宁广告职业学院,2025,吉林,专科批次,物理类,,,211,77520,
2195,辽宁机电职业技术学院,2025,吉林,专科批次,物理类,,,333,63256,
2196,辽宁经济职业技术学院,2025,吉林,专科批次,物理类,,,368,63497,
2197,辽宁石化职业技术学院,2025,吉林,专科批次,物理类,,,374,60287,
2198,渤海船舶职业学院,2025,吉林,专科批次,物理类,,,353,64880,
2210,北华大学,2025,吉林,专科批次,物理类,,,307,70084,
2211,吉林师范大学,2025,吉林,专科批次,物理类,,,227,74300,
2230,长春汽车职业技术大学,2025,吉林,专科批次,物理类,,,347,59187,
2231,长春金融高等专科学校,2025,吉林,专科批次,物理类,,,286,67486,
2232,长春医学高等专科学校,2025,吉林,专科批次,物理类,,,234,59187,
2233,长春师范高等专科学校,2025,吉林,专科批次,物理类,,,185,73231,
2234,白城医学高等专科学校,2025,吉林,专科批次,物理类,,,310,61023,
2235,辽源职业技术学院,2025,吉林,专科批次,物理类,,,166,71092,
2236,吉林交通职业技术学院,2025,吉林,专科批次,物理类,,,296,70591,
2237,长春东方职业学院,2025,吉林,专科批次,物理类,,,183,74829,
2238,长春信息技术职业学院,2025,吉林,专科批次,物理类,,,168,75830,
2239,松原职业技术学院,2025,吉林,专科批次,物理类,,,173,76444,
2240,吉林铁道职业技术大学,2025,吉林,专科批次,物理类,,,324,53486,
2241,白城职业技术学院,2025,吉林,专科批次,物理类,,,238,73993,
2242,长白山职业技术学院,2025,吉林,专科批次,物理类,,,224,76138,
2243,吉林科技职业技术学院,2025,吉林,专科批次,物理类,,,162,72729,
2244,延边职业技术学院,2025,吉林,专科批次,物理类,,,250,75913,
2245,吉林城市职业技术学院,2025,吉林,专科批次,物理类,,,175,76768,
2246,吉林职业技术学院,2025,吉林,专科批次,物理类,,,199,73107,
2247,吉林司法警官职业学院,2025,吉林,专科批次,物理类,,,307,69228,
2248,吉林电子信息职业技术学院,2025,吉林,专科批次,物理类,,,299,70916,
2249,吉林工业职业技术学院,2025,吉林,专科批次,物理类,,,222,72729,
2250,吉林工程职业学院,2025,吉林,专科批次,物理类,,,291,68666,
2251,长春职业技术大学,2025,吉林,专科批次,物理类,,,247,63256,
2256,长春科技学院,2025,吉林,专科批次,物理类,,,205,74731,
2260,四平职业大学,2025,吉林,专科批次,物理类,,,286,64649,
2262,吉林省经济管理干部学院,2025,吉林,专科批次,物理类,,,266,73107,
2263,吉林水利电力职业学院,2025,吉林,专科批次,物理类,,,302,63497,
2264,长春健康职业学院,2025,吉林,专科批次,物理类,,,171,72999,
2266,长春早期教育职业学院,2025,吉林,专科批次,物理类,,,196,76282,
2267,梅河口康美职业技术学院,2025,吉林,专科批次,物理类,,,171,76205,
2268,吉林通用航空职业技术学院,2025,吉林,专科批次,物理类,,,314,65696,
2269,通化医药健康职业学院,2025,吉林,专科批次,物理类,,,292,71268,
2270,长春数字科技职业学院,2025,吉林,专科批次,物理类,,,170,76824,
2275,四平现代职业学院,2025,吉林,专科批次,物理类,,,177,75649,
2336,齐齐哈尔高等师范专科学校,2025,吉林,专科批次,物理类,,,248,77685,
2337,鹤岗师范高等专科学校,2025,吉林,专科批次,物理类,,,240,77020,
2338,大庆医学高等专科学校,2025,吉林,专科批次,物理类,,,296,60024,
2339,黑龙江幼儿师范高等专科学校,2025,吉林,专科批次,物理类,,,224,60541,
2340,黑龙江护理高等专科学校,2025,吉林,专科批次,物理类,,,259,63947,
2341,哈尔滨幼儿师范高等专科学校,2025,吉林,专科批次,物理类,,,284,62285,
2342,伊春职业学院,2025,吉林,专科批次,物理类,,,190,67704,
2343,黑龙江职业学院,2025,吉林,专科批次,物理类,,,316,67486,
2344,黑龙江建筑职业技术学院,2025,吉林,专科批次,物理类,,,285,73993,
2345,七台河职业学院,2025,吉林,专科批次,物理类,,,189,76362,
2346,黑龙江民族职业学院,2025,吉林,专科批次,物理类,,,287,69752,
2347,黑龙江交通职业技术学院,2025,吉林,专科批次,物理类,,,364,56505,
2349,哈尔滨科学技术职业学院,2025,吉林,专科批次,物理类,,,252,69405,
2351,佳木斯职业学院,2025,吉林,专科批次,物理类,,,240,76661,
2354,黑龙江冰雪体育职业学院,2025,吉林,专科批次,物理类,,,329,71268,
2356,大庆职业学院,2025,吉林,专科批次,物理类,,,257,68090,
2357,黑龙江林业职业技术学院,2025,吉林,专科批次,物理类,,,168,75744,
2358,黑龙江农业职业技术学院,2025,吉林,专科批次,物理类,,,204,77520,
2359,黑龙江农业工程职业学院,2025,吉林,专科批次,物理类,,,338,67704,
2360,黑龙江农垦职业学院,2025,吉林,专科批次,物理类,,,298,62546,
2361,黑龙江司法警官职业学院,2025,吉林,专科批次,物理类,,,307,70437,
2362,哈尔滨电力职业技术学院,2025,吉林,专科批次,物理类,,,350,56505,
2363,哈尔滨铁道职业技术学院,2025,吉林,专科批次,物理类,,,379,59488,
2364,大兴安岭职业学院,2025,吉林,专科批次,物理类,,,218,75395,
2365,黑龙江农业经济职业学院,2025,吉林,专科批次,物理类,,,275,73864,
2366,哈尔滨职业技术大学,2025,吉林,专科批次,物理类,,,367,61283,
2367,哈尔滨传媒职业学院,2025,吉林,专科批次,物理类,,,259,76138,
2369,黑龙江商业职业学院,2025,吉林,专科批次,物理类,,,299,70757,
2372,哈尔滨城市职业学院,2025,吉林,专科批次,物理类,,,210,78789,
2374,黑龙江旅游职业技术学院,2025,吉林,专科批次,物理类,,,213,75983,
2376,黑龙江生态工程职业学院,2025,吉林,专科批次,物理类,,,230,76596,
2377,黑龙江能源职业学院,2025,吉林,专科批次,物理类,,,197,76074,
2382,牡丹江大学,2025,吉林,专科批次,物理类,,,162,73993,
2388,哈尔滨北方航空职业技术学院,2025,吉林,专科批次,物理类,,,233,67704,
3137,上海出版印刷高等专科学校,2025,吉林,专科批次,物理类,,,360,64649,
3142,上海民航职业技术学院,2025,吉林,专科批次,物理类,,,337,61283,
3147,上海电子信息职业技术学院,2025,吉林,专科批次,物理类,,,365,62285,
3148,上海震旦职业学院,2025,吉林,专科批次,物理类,,,298,74928,
3171,上海城建职业学院,2025,吉林,专科批次,物理类,,,337,63947,
32000,江苏财经职业技术学院,2025,吉林,专科批次,物理类,,,360,62789,
320000,扬州工业职业技术学院,2025,吉林,专科批次,物理类,,,350,67486,
3254,镇江市高等专科学校,2025,吉林,专科批次,物理类,,,344,68302,
3259,南通师范高等专科学校,2025,吉林,专科批次,物理类,,,297,70278,
3260,江苏航空职业技术学院,2025,吉林,专科批次,物理类,,,349,59488,
3266,江苏建筑职业技术学院,2025,吉林,专科批次,物理类,,,304,73107,
3270,连云港职业技术学院,2025,吉林,专科批次,物理类,,,366,64184,
3273,九州职业技术学院,2025,吉林,专科批次,物理类,,,312,73619,
3278,苏州百年职业学院,2025,吉林,专科批次,物理类,,,202,71759,
3286,宿迁泽达职业技术学院,2025,吉林,专科批次,物理类,,,218,78610,
3287,苏州工业园区服务外包职业学院,2025,吉林,专科批次,物理类,,,341,68488,
3290,江苏财会职业学院,2025,吉林,专科批次,物理类,,,348,59779,
3291,江苏城乡建设职业学院,2025,吉林,专科批次,物理类,,,333,68666,
3294,江苏海事职业技术学院,2025,吉林,专科批次,物理类,,,378,61283,
3358,浙江建设职业技术学院,2025,吉林,专科批次,物理类,,,357,60024,
3361,浙江商业职业技术学院,2025,吉林,专科批次,物理类,,,342,63947,
3547,厦门软件职业技术学院,2025,吉林,专科批次,物理类,,,312,73619,
3550,厦门南洋职业学院,2025,吉林,专科批次,物理类,,,311,73729,
3555,泉州轻工职业学院,2025,吉林,专科批次,物理类,,,232,76768,
3568,泉州纺织服装职业学院,2025,吉林,专科批次,物理类,,,338,69752,
3624,南昌理工学院,2025,吉林,专科批次,物理类,,,227,75744,
3626,南昌工学院,2025,吉林,专科批次,物理类,,,233,74208,
3627,江西医学高等专科学校,2025,吉林,专科批次,物理类,,,346,65518,
3631,江西师范高等专科学校,2025,吉林,专科批次,物理类,,,305,74413,
3633,抚州医药学院,2025,吉林,专科批次,物理类,,,361,56505,
3635,江西职业技术大学,2025,吉林,专科批次,物理类,,,320,67704,
3644,景德镇陶瓷职业技术学院,2025,吉林,专科批次,物理类,,,235,78403,
3651,江西司法警官职业学院,2025,吉林,专科批次,物理类,,,314,73352,
3654,江西电力职业技术学院,2025,吉林,专科批次,物理类,,,364,62546,
3655,江西环境工程职业学院,2025,吉林,专科批次,物理类,,,281,73231,
3658,江西应用科技学院,2025,吉林,专科批次,物理类,,,234,77640,
3659,江西信息应用职业技术学院,2025,吉林,专科批次,物理类,,,291,73729,
3660,江西交通职业技术学院,2025,吉林,专科批次,物理类,,,312,69588,
3661,江西财经职业学院,2025,吉林,专科批次,物理类,,,284,73864,
3662,江西应用技术职业学院,2025,吉林,专科批次,物理类,,,346,68302,
3663,江西现代职业技术学院,2025,吉林,专科批次,物理类,,,331,67704,
3666,江西科技职业学院,2025,吉林,专科批次,物理类,,,337,69928,
3667,南昌职业大学,2025,吉林,专科批次,物理类,,,263,76712,
3678,江西工程职业学院,2025,吉林,专科批次,物理类,,,326,71759,
3681,江西航空职业技术学院,2025,吉林,专科批次,物理类,,,327,68488,
3697,九江职业大学,2025,吉林,专科批次,物理类,,,308,73864,
37000000,烟台科技学院,2025,吉林,专科批次,物理类,,,290,75830,
3745,齐鲁理工学院,2025,吉林,专科批次,物理类,,,279,76661,
3754,威海海洋职业学院,2025,吉林,专科批次,物理类,,,325,71092,
3756,山东英才学院,2025,吉林,专科批次,物理类,,,288,73729,
3757,青岛恒星科技学院,2025,吉林,专科批次,物理类,,,242,73352,
3758,青岛黄海学院,2025,吉林,专科批次,物理类,,,254,71904,
3761,山东医学高等专科学校,2025,吉林,专科批次,物理类,,,359,57064,
3769,淄博师范高等专科学校,2025,吉林,专科批次,物理类,,,332,70757,
3770,山东中医药高等专科学校,2025,吉林,专科批次,物理类,,,343,64184,
3772,日照职业技术学院,2025,吉林,专科批次,物理类,,,325,71268,
3774,青岛职业技术学院,2025,吉林,专科批次,物理类,,,352,62789,
3775,威海职业学院,2025,吉林,专科批次,物理类,,,241,67088,
3776,山东职业学院,2025,吉林,专科批次,物理类,,,351,57064,
3778,莱芜职业技术学院,2025,吉林,专科批次,物理类,,,309,72999,
3779,济宁职业技术学院,2025,吉林,专科批次,物理类,,,333,70591,
3780,山东药品食品职业学院,2025,吉林,专科批次,物理类,,,316,68666,
3784,烟台汽车工程职业学院,2025,吉林,专科批次,物理类,,,334,69928,
3789,枣庄职业学院,2025,吉林,专科批次,物理类,,,301,55692,
3790,山东理工职业学院,2025,吉林,专科批次,物理类,,,386,59187,
3792,济南护理职业学院,2025,吉林,专科批次,物理类,,,369,63497,
3794,烟台黄金职业学院,2025,吉林,专科批次,物理类,,,265,77420,
3797,东营职业学院,2025,吉林,专科批次,物理类,,,333,70278,
3798,聊城职业技术学院,2025,吉林,专科批次,物理类,,,339,69588,
3799,滨州职业学院,2025,吉林,专科批次,物理类,,,269,77020,
410,河南轻工职业学院,2025,吉林,专科批次,物理类,,,318,71435,
4151,河南护理职业学院,2025,吉林,专科批次,物理类,,,362,65089,
4160,漯河医学高等专科学校,2025,吉林,专科批次,物理类,,,291,64184,
4161,南阳医学高等专科学校,2025,吉林,专科批次,物理类,,,349,60541,
4162,商丘医学高等专科学校,2025,吉林,专科批次,物理类,,,369,61283,
4168,黄河水利职业技术大学,2025,吉林,专科批次,物理类,,,359,59779,
4197,周口职业技术学院,2025,吉林,专科批次,物理类,,,257,75571,
420000,咸宁职业技术学院,2025,吉林,专科批次,物理类,,,283,75022,
4219,武汉海事职业学院,2025,吉林,专科批次,物理类,,,347,63947,
4248,湖北中医药高等专科学校,2025,吉林,专科批次,物理类,,,319,52906,
4251,武汉职业技术大学,2025,吉林,专科批次,物理类,,,370,62789,
4255,湖北职业技术学院,2025,吉林,专科批次,物理类,,,277,69928,
4256,武汉船舶职业技术学院,2025,吉林,专科批次,物理类,,,350,62285,
4257,恩施职业技术学院,2025,吉林,专科批次,物理类,,,315,69228,
4260,三峡电力职业学院,2025,吉林,专科批次,物理类,,,364,62789,
4270,武汉工程职业技术学院,2025,吉林,专科批次,物理类,,,333,68302,
4271,仙桃职业学院,2025,吉林,专科批次,物理类,,,281,76525,
4273,湖北交通职业技术学院,2025,吉林,专科批次,物理类,,,345,68488,
4275,武汉铁路职业技术学院,2025,吉林,专科批次,物理类,,,379,54866,
4276,武汉软件工程职业学院,2025,吉林,专科批次,物理类,,,358,58409,
4277,湖北三峡职业技术学院,2025,吉林,专科批次,物理类,,,270,73993,
4288,武昌职业学院,2025,吉林,专科批次,物理类,,,271,77137,
4291,武汉交通职业学院,2025,吉林,专科批次,物理类,,,314,66904,
4345,长沙民政职业技术学院,2025,吉林,专科批次,物理类,,,331,35541,
4346,湖南工业职业技术学院,2025,吉林,专科批次,物理类,,,337,69928,
4349,长沙航空职业技术学院,2025,吉林,专科批次,物理类,,,301,54866,
4350,湖南大众传媒职业技术学院,2025,吉林,专科批次,物理类,,,372,59187,
4352,湖南铁道职业技术学院,2025,吉林,专科批次,物理类,,,365,54576,
4362,湖南水利水电职业技术学院,2025,吉林,专科批次,物理类,,,355,65518,
4363,湖南现代物流职业技术学院,2025,吉林,专科批次,物理类,,,318,70916,
4364,湖南高速铁路职业技术学院,2025,吉林,专科批次,物理类,,,380,60024,
4375,长沙卫生职业学院,2025,吉林,专科批次,物理类,,,369,33219,
4378,湖南交通职业技术学院,2025,吉林,专科批次,物理类,,,319,72729,
4381,湖南工程职业技术学院,2025,吉林,专科批次,物理类,,,277,55949,
4389,湖南邮电职业技术学院,2025,吉林,专科批次,物理类,,,339,69588,
4393,张家界航空工业职业技术学院,2025,吉林,专科批次,物理类,,,352,64649,
4394,长沙环境保护职业技术学院,2025,吉林,专科批次,物理类,,,297,73864,
4460,广州民航职业技术学院,2025,吉林,专科批次,物理类,,,352,51692,
4468,广州华立科技职业学院,2025,吉林,专科批次,物理类,,,259,77088,
4483,广东环境保护工程职业学院,2025,吉林,专科批次,物理类,,,319,72729,
4493,广东科学技术职业学院,2025,吉林,专科批次,物理类,,,322,69228,
4499,深圳职业技术大学,2025,吉林,专科批次,物理类,,,398,52624,
4531,广西机电职业技术学院,2025,吉林,专科批次,物理类,,,315,72882,
4541,柳州城市职业学院,2025,吉林,专科批次,物理类,,,289,72307,
4544,广西理工职业技术学院,2025,吉林,专科批次,物理类,,,201,78867,
4555,柳州铁道职业技术学院,2025,吉林,专科批次,物理类,,,367,62030,
4564,广西电力职业技术学院,2025,吉林,专科批次,物理类,,,356,65696,
4579,广西国际商务职业技术学院,2025,吉林,专科批次,物理类,,,259,69405,
4580,广西物流职业技术学院,2025,吉林,专科批次,物理类,,,281,76525,
4581,广西自然资源职业技术学院,2025,吉林,专科批次,物理类,,,241,77372,
4582,钦州幼儿师范高等专科学校,2025,吉林,专科批次,物理类,,,274,76966,
4583,广西农业工程职业技术学院,2025,吉林,专科批次,物理类,,,327,71589,
4606,海口经济学院,2025,吉林,专科批次,物理类,,,248,78032,
4609,海南职业技术学院,2025,吉林,专科批次,物理类,,,248,71759,
4610,三亚航空旅游职业学院,2025,吉林,专科批次,物理类,,,235,76596,
4611,海南科技职业大学,2025,吉林,专科批次,物理类,,,266,75913,
4614,海南软件职业技术学院,2025,吉林,专科批次,物理类,,,332,70757,
4616,海南外国语职业学院,2025,吉林,专科批次,物理类,,,351,67278,
4619,三亚中瑞酒店管理职业学院,2025,吉林,专科批次,物理类,,,223,76282,
4622,海南东方新丝路职业学院,2025,吉林,专科批次,物理类,,,275,72048,
5022,重庆电力高等专科学校,2025,吉林,专科批次,物理类,,,400,53213,
5023,重庆三峡医药高等专科学校,2025,吉林,专科批次,物理类,,,368,60287,
5024,重庆医药高等专科学校,2025,吉林,专科批次,物理类,,,384,49343,
5027,重庆轻工职业学院,2025,吉林,专科批次,物理类,,,224,74928,
5037,重庆财经职业学院,2025,吉林,专科批次,物理类,,,323,64428,
5055,重庆城市管理职业学院,2025,吉林,专科批次,物理类,,,325,71589,
5059,重庆水利电力职业技术学院,2025,吉林,专科批次,物理类,,,377,61536,
5068,重庆工商职业学院,2025,吉林,专科批次,物理类,,,338,68853,
5143,四川西南航空职业学院,2025,吉林,专科批次,物理类,,,229,74829,
5153,成都航空职业技术大学,2025,吉林,专科批次,物理类,,,334,52624,
5159,四川科技职业学院,2025,吉林,专科批次,物理类,,,286,74529,
5181,四川工程职业技术大学,2025,吉林,专科批次,物理类,,,305,57354,
5182,四川建筑职业技术学院,2025,吉林,专科批次,物理类,,,366,64184,
5185,四川国际标榜职业学院,2025,吉林,专科批次,物理类,,,237,70278,
5187,宜宾职业技术学院,2025,吉林,专科批次,物理类,,,329,71268,
5221,黔南民族医学高等专科学校,2025,吉林,专科批次,物理类,,,304,68090,
5249,遵义职业技术学院,2025,吉林,专科批次,物理类,,,169,77331,
5271,贵州机电职业技术学院,2025,吉林,专科批次,物理类,,,310,63947,
5273,贵州传媒职业学院,2025,吉林,专科批次,物理类,,,302,73619,
5324,红河卫生职业学院,2025,吉林,专科批次,物理类,,,331,70591,
5326,昆明冶金高等专科学校,2025,吉林,专科批次,物理类,,,274,76966,
5329,楚雄医药高等专科学校,2025,吉林,专科批次,物理类,,,326,70437,
5331,丽江师范学院,2025,吉林,专科批次,物理类,,,316,72307,
5334,昆明卫生职业学院,2025,吉林,专科批次,物理类,,,351,67278,
5335,云南国土资源职业学院,2025,吉林,专科批次,物理类,,,283,76362,
5356,云南经济管理学院,2025,吉林,专科批次,物理类,,,279,76661,
5380,云南医药健康职业学院,2025,吉林,专科批次,物理类,,,256,57064,
5381,云南理工职业学院,2025,吉林,专科批次,物理类,,,181,78776,
5382,云南水利水电职业学院,2025,吉林,专科批次,物理类,,,302,61787,
5407,西藏职业技术学院,2025,吉林,专科批次,物理类,,,257,77763,
5408,日喀则职业技术学院,2025,吉林,专科批次,物理类,,,294,75483,
6141,西安思源学院,2025,吉林,专科批次,物理类,,,273,75217,
6143,西安交通工程学院,2025,吉林,专科批次,物理类,,,304,74529,
6149,西安铁路职业技术学院,2025,吉林,专科批次,物理类,,,382,55149,
6152,商洛职业技术学院,2025,吉林,专科批次,物理类,,,271,76768,
6160,西安信息职业大学,2025,吉林,专科批次,物理类,,,231,73619,
6166,西安航空职业技术学院,2025,吉林,专科批次,物理类,,,387,53213,
6168,陕西交通职业技术学院,2025,吉林,专科批次,物理类,,,347,65089,
6173,陕西铁路工程职业技术学院,2025,吉林,专科批次,物理类,,,368,61787,
6178,西安海棠职业学院,2025,吉林,专科批次,物理类,,,209,73352,
6234,甘肃卫生职业学院,2025,吉林,专科批次,物理类,,,322,68666,
6245,兰州石化职业技术大学,2025,吉林,专科批次,物理类,,,312,67278,
6247,兰州资源环境职业技术大学,2025,吉林,专科批次,物理类,,,330,64428,
6259,酒泉职业技术大学,2025,吉林,专科批次,物理类,,,313,69588,
6260,甘肃交通职业技术学院,2025,吉林,专科批次,物理类,,,302,74731,
6304,青海卫生职业技术学院,2025,吉林,专科批次,物理类,,,333,65925,
6518,新疆和田学院,2025,吉林,专科批次,物理类,,,235,78403,
6522,新疆警察学院,2025,吉林,专科批次,物理类,,,310,71435,
6530,克拉玛依职业技术学院,2025,吉林,专科批次,物理类,,,242,71904,
6547,新疆职业大学,2025,吉林,专科批次,物理类,,,201,70084,
6552,喀什职业技术学院,2025,吉林,专科批次,物理类,,,226,75571,
6557,博尔塔拉职业技术学院,2025,吉林,专科批次,物理类,,,199,77763,
6558,喀什理工职业技术学院,2025,吉林,专科批次,物理类,,,206,72729,
,三峡大学科技学院,2025,吉林,专科批次,物理类,,,324,69228,
1103,清华大学,2025,吉林,提前批A段,物理类,,,682,91,
1106,北京航空航天大学,2025,吉林,提前批A段,物理类,,,595,6222,
1118,北京师范大学,2025,吉林,提前批A段,物理类,,,635,1953,
1120,北京外国语大学,2025,吉林,提前批A段,物理类,,,566,6384,
1121,北京语言大学,2025,吉林,提前批A段,物理类,,,544,14775,
1122,中国传媒大学,2025,吉林,提前批A段,物理类,,,564,11509,
1124,对外经济贸易大学,2025,吉林,提前批A段,物理类,,,594,5663,
1126,中国人民公安大学,2025,吉林,提前批A段,物理类,,,439,1007,
1140,北京电子科技学院,2025,吉林,提前批A段,物理类,,,611,1814,
1146,外交学院,2025,吉林,提前批A段,物理类,,,625,2761,
1205,中国民航大学,2025,吉林,提前批A段,物理类,,,578,8977,
1329,中国人民警察大学,2025,吉林,提前批A段,物理类,,,585,6858,
2112,大连海事大学,2025,吉林,提前批A段,物理类,,,551,9715,
2133,中国刑事警察学院,2025,吉林,提前批A段,物理类,,,494,2664,
2201,吉林大学,2025,吉林,提前批A段,物理类,,,617,3549,
2208,长春中医药大学,2025,吉林,提前批A段,物理类,,,514,22630,
2209,东北师范大学,2025,吉林,提前批A段,物理类,,,607,4071,
2210,北华大学,2025,吉林,提前批A段,物理类,,,548,13293,
2211,吉林师范大学,2025,吉林,提前批A段,物理类,,,551,9715,
2212,长春师范大学,2025,吉林,提前批A段,物理类,,,525,19978,
2217,吉林工程技术师范学院,2025,吉林,提前批A段,物理类,,,547,14999,
2223,长春工程学院,2025,吉林,提前批A段,物理类,,,508,20217,
2225,吉林警察学院,2025,吉林,提前批A段,物理类,,,532,5663,
2265,空军航空大学,2025,吉林,提前批A段,物理类,,,538,11931,
3106,上海海事大学,2025,吉林,提前批A段,物理类,,,515,21430,
3111,华东师范大学,2025,吉林,提前批A段,物理类,,,582,1742,
3113,上海外国语大学,2025,吉林,提前批A段,物理类,,,574,7970,
3120,上海纽约大学,2025,吉林,提前批A段,物理类,,,576,9342,
3124,上海海关学院,2025,吉林,提前批A段,物理类,,,611,2572,
3245,南京警察学院,2025,吉林,提前批A段,物理类,,,583,4656,
3505,集美大学,2025,吉林,提前批A段,物理类,,,504,23905,
3755,潍坊科技学院,2025,吉林,提前批A段,物理类,,,317,69405,
4100,网络空间部队信息工程大学,2025,吉林,提前批A段,物理类,,,606,1618,
4158,郑州警察学院,2025,吉林,提前批A段,物理类,,,589,7168,
420,海军工程大学,2025,吉林,提前批A段,物理类,,,566,2175,
4200,空军预警学院,2025,吉林,提前批A段,物理类,,,564,8621,
4200000,信息支援部队工程大学,2025,吉林,提前批A段,物理类,,,610,1354,
4208,武汉理工大学,2025,吉林,提前批A段,物理类,,,545,13293,
4212,华中师范大学,2025,吉林,提前批A段,物理类,,,566,11138,
4418,南方科技大学,2025,吉林,提前批A段,物理类,,,638,1742,
5005,西南大学,2025,吉林,提前批A段,物理类,,,597,5939,
5007,西南政法大学,2025,吉林,提前批A段,物理类,,,532,18305,
5013,四川外国语大学,2025,吉林,提前批A段,物理类,,,506,18770,
5070,联勤保障部队工程大学,2025,吉林,提前批A段,物理类,,,560,6384,
5117,中国民用航空飞行学院,2025,吉林,提前批A段,物理类,,,546,15214,
6114,陕西师范大学,2025,吉林,提前批A段,物理类,,,579,3741,
6116,西安外国语大学,2025,吉林,提前批A段,物理类,,,464,20217,
6247,兰州资源环境职业技术大学,2025,吉林,提前批A段,物理类,,,285,63014,
8102,香港中文大学,2025,吉林,提前批A段,物理类,,,627,1091,
8106,香港城市大学,2025,吉林,提前批A段,物理类,,,611,3040,
,中国消防救援学院,2025,吉林,提前批A段,物理类,,,498,5277,
2201,吉林大学,2025,吉林,提前批B段,物理类,,,573,5277,
3111,华东师范大学,2025,吉林,提前批B段,物理类,,,510,4428,
3702,中国海洋大学,2025,吉林,提前批B段,物理类,,,588,7336,
3704,中国石油大学(华东),2025,吉林,提前批B段,物理类,,,536,17331,
1101,北京大学,2025,吉林,普通本科批,物理类,,,669,12,
1102,中国人民大学,2025,吉林,普通本科批,物理类,,,682,125,
1103,清华大学,2025,吉林,普通本科批,物理类,,,680,2,
1104,北京交通大学,2025,吉林,普通本科批,物理类,,,579,1742,
1105,北京工业大学,2025,吉林,普通本科批,物理类,,,587,4904,
1106,北京航空航天大学,2025,吉林,普通本科批,物理类,,,643,229,
1107,北京理工大学,2025,吉林,普通本科批,物理类,,,646,312,
1108,北京科技大学,2025,吉林,普通本科批,物理类,,,605,4904,
1109,北方工业大学,2025,吉林,普通本科批,物理类,,,537,7970,
1110,北京化工大学,2025,吉林,普通本科批,物理类,,,586,5529,
1111,北京工商大学,2025,吉林,普通本科批,物理类,,,554,12878,
1112,北京邮电大学,2025,吉林,普通本科批,物理类,,,588,749,
1114,中国农业大学,2025,吉林,普通本科批,物理类,,,580,1354,
1115,北京林业大学,2025,吉林,普通本科批,物理类,,,561,7970,
1116,首都医科大学,2025,吉林,普通本科批,物理类,,,576,3040,
1117,北京中医药大学,2025,吉林,普通本科批,物理类,,,596,6091,
1118,北京师范大学,2025,吉林,普通本科批,物理类,,,609,3040,
1119,首都师范大学,2025,吉林,普通本科批,物理类,,,570,10038,
1120,北京外国语大学,2025,吉林,普通本科批,物理类,,,577,4783,
1121,北京语言大学,2025,吉林,普通本科批,物理类,,,488,10573,
1122,中国传媒大学,2025,吉林,普通本科批,物理类,,,586,6222,
1123,中央财经大学,2025,吉林,普通本科批,物理类,,,600,2492,
1124,对外经济贸易大学,2025,吉林,普通本科批,物理类,,,602,3549,
1125,首都经济贸易大学,2025,吉林,普通本科批,物理类,,,541,12338,
1127,北京体育大学,2025,吉林,普通本科批,物理类,,,577,8123,
1128,中央民族大学,2025,吉林,普通本科批,物理类,,,565,5939,
1129,中国政法大学,2025,吉林,普通本科批,物理类,,,618,1045,
1130,华北电力大学(北京),2025,吉林,普通本科批,物理类,,,572,7970,
1131,北京信息科技大学,2025,吉林,普通本科批,物理类,,,572,10038,
1132,中国矿业大学(北京),2025,吉林,普通本科批,物理类,,,556,12878,
1133,中国石油大学(北京),2025,吉林,普通本科批,物理类,,,577,8814,
1134,中国地质大学(北京),2025,吉林,普通本科批,物理类,,,567,9528,
1135,北京联合大学,2025,吉林,普通本科批,物理类,,,550,13931,
1138,北京印刷学院,2025,吉林,普通本科批,物理类,,,548,14775,
1141,北京农学院,2025,吉林,普通本科批,物理类,,,498,24684,
1142,北京协和医学院,2025,吉林,普通本科批,物理类,,,581,8467,
1144,北京第二外国语学院,2025,吉林,普通本科批,物理类,,,537,16442,
1145,北京物资学院,2025,吉林,普通本科批,物理类,,,520,19484,
1156,北京城市学院,2025,吉林,普通本科批,物理类,,,387,58650,
1162,中国劳动关系学院,2025,吉林,普通本科批,物理类,,,521,19040,
1171,民政职业大学,2025,吉林,普通本科批,物理类,,,469,24684,
1188,北京大学医学部,2025,吉林,普通本科批,物理类,,,664,277,
1191,北京第二外国语学院中瑞酒店管理学院,2025,吉林,普通本科批,物理类,,,341,66904,
1195,北京工业大学耿丹学院,2025,吉林,普通本科批,物理类,,,340,63014,
1196,中国社会科学院大学,2025,吉林,普通本科批,物理类,,,596,4904,
1201,南开大学,2025,吉林,普通本科批,物理类,,,642,1489,
1202,天津大学,2025,吉林,普通本科批,物理类,,,624,867,
1203,天津科技大学,2025,吉林,普通本科批,物理类,,,535,13530,
1204,天津工业大学,2025,吉林,普通本科批,物理类,,,559,8814,
1205,中国民航大学,2025,吉林,普通本科批,物理类,,,552,13293,
1206,天津理工大学,2025,吉林,普通本科批,物理类,,,511,19040,
1207,天津医科大学,2025,吉林,普通本科批,物理类,,,576,7336,
1208,天津中医药大学,2025,吉林,普通本科批,物理类,,,549,4904,
1209,天津师范大学,2025,吉林,普通本科批,物理类,,,499,24184,
1210,天津职业技术师范大学,2025,吉林,普通本科批,物理类,,,392,56505,
1211,天津外国语大学,2025,吉林,普通本科批,物理类,,,504,17587,
1212,天津商业大学,2025,吉林,普通本科批,物理类,,,528,15624,
1213,天津财经大学,2025,吉林,普通本科批,物理类,,,529,11931,
1214,河北工业大学,2025,吉林,普通本科批,物理类,,,479,5663,
1215,天津中德应用技术大学,2025,吉林,普通本科批,物理类,,,468,35273,
1216,天津农学院,2025,吉林,普通本科批,物理类,,,442,43111,
1217,天津体育学院,2025,吉林,普通本科批,物理类,,,444,36686,
1220,天津城建大学,2025,吉林,普通本科批,物理类,,,472,20966,
1221,天津天狮学院,2025,吉林,普通本科批,物理类,,,363,63947,
1246,天津仁爱学院,2025,吉林,普通本科批,物理类,,,354,52906,
1247,天津财经大学珠江学院,2025,吉林,普通本科批,物理类,,,410,51377,
1250,天津商业大学宝德学院,2025,吉林,普通本科批,物理类,,,406,36973,
1251,天津医科大学临床医学院,2025,吉林,普通本科批,物理类,,,409,52906,
1254,天津理工大学中环信息学院,2025,吉林,普通本科批,物理类,,,403,54576,
1255,北京科技大学天津学院,2025,吉林,普通本科批,物理类,,,450,40599,
13,河北工业职业技术大学,2025,吉林,普通本科批,物理类,,,414,38506,
1301,河北大学,2025,吉林,普通本科批,物理类,,,473,28743,
1302,河北工程大学,2025,吉林,普通本科批,物理类,,,461,20473,
1303,河北地质大学,2025,吉林,普通本科批,物理类,,,452,27417,
1304,华北电力大学(保定),2025,吉林,普通本科批,物理类,,,566,8814,
1305,华北理工大学,2025,吉林,普通本科批,物理类,,,474,23366,
1306,河北科技大学,2025,吉林,普通本科批,物理类,,,496,23643,
1307,河北农业大学,2025,吉林,普通本科批,物理类,,,423,30450,
1308,河北医科大学,2025,吉林,普通本科批,物理类,,,508,19267,
1309,河北师范大学,2025,吉林,普通本科批,物理类,,,520,20714,
1310,石家庄铁道大学,2025,吉林,普通本科批,物理类,,,505,17089,
1311,燕山大学,2025,吉林,普通本科批,物理类,,,508,21673,
1312,河北经贸大学,2025,吉林,普通本科批,物理类,,,477,18072,
1313,河北建筑工程学院,2025,吉林,普通本科批,物理类,,,415,39998,
1315,河北北方学院,2025,吉林,普通本科批,物理类,,,480,17828,
1316,承德医学院,2025,吉林,普通本科批,物理类,,,552,13931,
1317,保定学院,2025,吉林,普通本科批,物理类,,,458,37266,
1318,河北民族师范学院,2025,吉林,普通本科批,物理类,,,453,39671,
1319,唐山师范学院,2025,吉林,普通本科批,物理类,,,380,39998,
1320,廊坊师范学院,2025,吉林,普通本科批,物理类,,,420,44881,
1321,衡水学院,2025,吉林,普通本科批,物理类,,,426,42786,
1323,邯郸学院,2025,吉林,普通本科批,物理类,,,424,45451,
1324,邢台学院,2025,吉林,普通本科批,物理类,,,416,50809,
1325,沧州师范学院,2025,吉林,普通本科批,物理类,,,425,43976,
1326,河北科技师范学院,2025,吉林,普通本科批,物理类,,,409,51692,
1327,唐山学院,2025,吉林,普通本科批,物理类,,,476,32637,
1328,华北科技学院,2025,吉林,普通本科批,物理类,,,449,40957,
1329,中国人民警察大学,2025,吉林,普通本科批,物理类,,,524,20217,
1331,河北金融学院,2025,吉林,普通本科批,物理类,,,454,29048,
1332,北华航天工业学院,2025,吉林,普通本科批,物理类,,,508,19978,
1333,防灾科技学院,2025,吉林,普通本科批,物理类,,,508,24184,
1335,河北中医药大学,2025,吉林,普通本科批,物理类,,,491,19267,
1336,张家口学院,2025,吉林,普通本科批,物理类,,,460,37576,
1340,河北工程技术学院,2025,吉林,普通本科批,物理类,,,360,65518,
1342,河北科技学院,2025,吉林,普通本科批,物理类,,,352,67088,
1343,河北外国语学院,2025,吉林,普通本科批,物理类,,,353,66310,
1364,河北东方学院,2025,吉林,普通本科批,物理类,,,435,45161,
1401,山西大学,2025,吉林,普通本科批,物理类,,,566,8467,
1402,太原科技大学,2025,吉林,普通本科批,物理类,,,451,35273,
1403,中北大学,2025,吉林,普通本科批,物理类,,,467,32117,
1404,太原理工大学,2025,吉林,普通本科批,物理类,,,533,7007,
1405,山西农业大学,2025,吉林,普通本科批,物理类,,,438,41252,
1406,山西医科大学,2025,吉林,普通本科批,物理类,,,431,33795,
1407,山西师范大学,2025,吉林,普通本科批,物理类,,,439,39104,
1408,山西大同大学,2025,吉林,普通本科批,物理类,,,465,31275,
1409,山西财经大学,2025,吉林,普通本科批,物理类,,,446,16249,
1411,长治医学院,2025,吉林,普通本科批,物理类,,,442,43111,
1412,太原师范学院,2025,吉林,普通本科批,物理类,,,475,27417,
1413,晋中学院,2025,吉林,普通本科批,物理类,,,416,45764,
1414,长治学院,2025,吉林,普通本科批,物理类,,,446,41859,
1415,运城学院,2025,吉林,普通本科批,物理类,,,413,49045,
1416,忻州师范学院,2025,吉林,普通本科批,物理类,,,405,43673,
1417,山西中医药大学,2025,吉林,普通本科批,物理类,,,509,21673,
1418,吕梁学院,2025,吉林,普通本科批,物理类,,,470,34651,
1419,太原学院,2025,吉林,普通本科批,物理类,,,316,48736,
1420,太原工业学院,2025,吉林,普通本科批,物理类,,,431,46398,
1421,山西传媒学院,2025,吉林,普通本科批,物理类,,,431,40957,
1423,山西工程技术学院,2025,吉林,普通本科批,物理类,,,411,46398,
1445,山西应用科技学院,2025,吉林,普通本科批,物理类,,,405,52335,
1472,山西工学院,2025,吉林,普通本科批,物理类,,,410,26023,
1475,山西晋中理工学院,2025,吉林,普通本科批,物理类,,,405,52624,
1501,内蒙古大学,2025,吉林,普通本科批,物理类,,,531,13931,
1502,内蒙古科技大学,2025,吉林,普通本科批,物理类,,,420,40315,
1503,内蒙古工业大学,2025,吉林,普通本科批,物理类,,,430,30727,
1504,内蒙古农业大学,2025,吉林,普通本科批,物理类,,,338,36973,
1505,内蒙古医科大学,2025,吉林,普通本科批,物理类,,,477,32637,
1506,内蒙古师范大学,2025,吉林,普通本科批,物理类,,,405,38506,
1507,内蒙古民族大学,2025,吉林,普通本科批,物理类,,,463,36686,
1509,内蒙古财经大学,2025,吉林,普通本科批,物理类,,,524,20217,
1510,呼伦贝尔学院,2025,吉林,普通本科批,物理类,,,425,48141,
1552,内蒙古科技大学包头师范学院,2025,吉林,普通本科批,物理类,,,417,40599,
2101,辽宁大学,2025,吉林,普通本科批,物理类,,,554,10948,
2102,大连理工大学,2025,吉林,普通本科批,物理类,,,631,2255,
2103,沈阳工业大学,2025,吉林,普通本科批,物理类,,,464,35273,
2104,沈阳航空航天大学,2025,吉林,普通本科批,物理类,,,543,7512,
2105,沈阳理工大学,2025,吉林,普通本科批,物理类,,,511,22630,
2106,东北大学,2025,吉林,普通本科批,物理类,,,594,6384,
2107,辽宁科技大学,2025,吉林,普通本科批,物理类,,,462,24448,
2108,辽宁工程技术大学,2025,吉林,普通本科批,物理类,,,502,11931,
2109,辽宁石油化工大学,2025,吉林,普通本科批,物理类,,,461,37266,
2110,沈阳化工大学,2025,吉林,普通本科批,物理类,,,494,15624,
2111,大连交通大学,2025,吉林,普通本科批,物理类,,,510,23643,
2112,大连海事大学,2025,吉林,普通本科批,物理类,,,540,5404,
2113,大连工业大学,2025,吉林,普通本科批,物理类,,,496,12878,
2114,沈阳建筑大学,2025,吉林,普通本科批,物理类,,,439,29048,
2115,辽宁工业大学,2025,吉林,普通本科批,物理类,,,417,35819,
2116,沈阳农业大学,2025,吉林,普通本科批,物理类,,,467,29895,
2117,大连海洋大学,2025,吉林,普通本科批,物理类,,,469,32954,
2118,中国医科大学,2025,吉林,普通本科批,物理类,,,482,1618,
2119,大连医科大学,2025,吉林,普通本科批,物理类,,,512,3741,
2120,辽宁中医药大学,2025,吉林,普通本科批,物理类,,,549,14551,
2121,沈阳药科大学,2025,吉林,普通本科批,物理类,,,542,6222,
2122,辽宁师范大学,2025,吉林,普通本科批,物理类,,,458,20966,
2123,沈阳师范大学,2025,吉林,普通本科批,物理类,,,408,43976,
2124,渤海大学,2025,吉林,普通本科批,物理类,,,414,51377,
2125,大连外国语大学,2025,吉林,普通本科批,物理类,,,524,12338,
2126,东北财经大学,2025,吉林,普通本科批,物理类,,,536,6091,
2127,沈阳大学,2025,吉林,普通本科批,物理类,,,441,43368,
2128,大连大学,2025,吉林,普通本科批,物理类,,,419,30171,
2129,大连理工大学,2025,吉林,普通本科批,物理类,,,587,7512,
2130,锦州医科大学,2025,吉林,普通本科批,物理类,,,492,13931,
2131,沈阳医学院,2025,吉林,普通本科批,物理类,,,478,16249,
2132,鞍山师范学院,2025,吉林,普通本科批,物理类,,,451,24980,
2135,沈阳音乐学院,2025,吉林,普通本科批,物理类,,,444,42482,
2137,辽宁对外经贸学院,2025,吉林,普通本科批,物理类,,,341,60804,
2138,辽宁科技学院,2025,吉林,普通本科批,物理类,,,467,28743,
2139,沈阳工程学院,2025,吉林,普通本科批,物理类,,,529,10038,
2141,大连民族大学,2025,吉林,普通本科批,物理类,,,465,16442,
2144,营口理工学院,2025,吉林,普通本科批,物理类,,,457,37904,
2149,辽宁何氏医学院,2025,吉林,普通本科批,物理类,,,366,52906,
2150,大连东软信息学院,2025,吉林,普通本科批,物理类,,,357,57889,
2151,辽宁财贸学院,2025,吉林,普通本科批,物理类,,,412,52024,
2152,朝阳师范学院,2025,吉林,普通本科批,物理类,,,452,39998,
2167,辽宁传媒学院,2025,吉林,普通本科批,物理类,,,379,59779,
2191,辽宁理工职业大学,2025,吉林,普通本科批,物理类,,,376,61536,
2199,大连理工大学城市学院,2025,吉林,普通本科批,物理类,,,369,56799,
2201,吉林大学,2025,吉林,普通本科批,物理类,,,588,1354,
2202,延边大学,2025,吉林,普通本科批,物理类,,,387,11138,
2203,长春理工大学,2025,吉林,普通本科批,物理类,,,496,22372,
2204,东北电力大学,2025,吉林,普通本科批,物理类,,,459,25490,
2205,长春工业大学,2025,吉林,普通本科批,物理类,,,434,26023,
2206,吉林建筑大学,2025,吉林,普通本科批,物理类,,,386,40957,
2207,吉林农业大学,2025,吉林,普通本科批,物理类,,,440,38506,
2208,长春中医药大学,2025,吉林,普通本科批,物理类,,,425,8123,
2209,东北师范大学,2025,吉林,普通本科批,物理类,,,540,7007,
2210,北华大学,2025,吉林,普通本科批,物理类,,,421,25490,
2211,吉林师范大学,2025,吉林,普通本科批,物理类,,,404,19040,
2212,长春师范大学,2025,吉林,普通本科批,物理类,,,404,33795,
2213,吉林财经大学,2025,吉林,普通本科批,物理类,,,421,14999,
2214,长春大学,2025,吉林,普通本科批,物理类,,,369,23366,
2215,吉林化工大学,2025,吉林,普通本科批,物理类,,,415,37266,
2216,通化师范学院,2025,吉林,普通本科批,物理类,,,422,34050,
2217,吉林工程技术师范学院,2025,吉林,普通本科批,物理类,,,422,39104,
2218,白城师范学院,2025,吉林,普通本科批,物理类,,,387,41252,
2219,吉林体育学院,2025,吉林,普通本科批,物理类,,,412,47554,
2220,吉林艺术学院,2025,吉林,普通本科批,物理类,,,409,42147,
2221,吉林外国语大学,2025,吉林,普通本科批,物理类,,,343,50519,
2222,吉林工商学院,2025,吉林,普通本科批,物理类,,,411,29048,
2223,长春工程学院,2025,吉林,普通本科批,物理类,,,402,39104,
2224,吉林农业科技学院,2025,吉林,普通本科批,物理类,,,409,52024,
2225,吉林警察学院,2025,吉林,普通本科批,物理类,,,421,19729,
2226,长春财经学院,2025,吉林,普通本科批,物理类,,,346,47870,
2227,长春建筑学院,2025,吉林,普通本科批,物理类,,,340,68853,
2228,吉林动画学院,2025,吉林,普通本科批,物理类,,,365,60804,
2229,吉林医药学院,2025,吉林,普通本科批,物理类,,,433,45764,
2230,长春汽车职业技术大学,2025,吉林,普通本科批,物理类,,,417,41859,
2240,吉林铁道职业技术大学,2025,吉林,普通本科批,物理类,,,485,26023,
2251,长春职业技术大学,2025,吉林,普通本科批,物理类,,,420,46398,
2252,长春光华学院,2025,吉林,普通本科批,物理类,,,351,56221,
2253,长春工业大学人文信息学院,2025,吉林,普通本科批,物理类,,,358,54576,
2254,长春电子科技学院,2025,吉林,普通本科批,物理类,,,380,60541,
2255,吉林建筑科技学院,2025,吉林,普通本科批,物理类,,,340,64428,
2256,长春科技学院,2025,吉林,普通本科批,物理类,,,361,58409,
2257,吉林师范大学博达学院,2025,吉林,普通本科批,物理类,,,353,56221,
2258,长春大学旅游学院,2025,吉林,普通本科批,物理类,,,340,63497,
2259,长春人文学院,2025,吉林,普通本科批,物理类,,,346,52024,
2301,黑龙江大学,2025,吉林,普通本科批,物理类,,,500,20217,
2302,哈尔滨工业大学,2025,吉林,普通本科批,物理类,,,605,3040,
2303,哈尔滨理工大学,2025,吉林,普通本科批,物理类,,,393,22134,
2304,哈尔滨工程大学,2025,吉林,普通本科批,物理类,,,588,2104,
2305,黑龙江科技大学,2025,吉林,普通本科批,物理类,,,451,39384,
2306,东北石油大学,2025,吉林,普通本科批,物理类,,,443,23905,
2307,佳木斯大学,2025,吉林,普通本科批,物理类,,,356,66310,
2308,黑龙江八一农垦大学,2025,吉林,普通本科批,物理类,,,439,25228,
2309,东北农业大学,2025,吉林,普通本科批,物理类,,,452,18770,
2310,东北林业大学,2025,吉林,普通本科批,物理类,,,535,12702,
2311,哈尔滨医科大学,2025,吉林,普通本科批,物理类,,,470,34050,
2312,黑龙江中医药大学,2025,吉林,普通本科批,物理类,,,434,8295,
2313,哈尔滨师范大学,2025,吉林,普通本科批,物理类,,,442,32377,
2314,齐齐哈尔大学,2025,吉林,普通本科批,物理类,,,422,30450,
2315,哈尔滨商业大学,2025,吉林,普通本科批,物理类,,,462,20473,
2316,牡丹江医科大学,2025,吉林,普通本科批,物理类,,,474,15214,
2317,牡丹江师范学院,2025,吉林,普通本科批,物理类,,,404,48456,
2318,哈尔滨学院,2025,吉林,普通本科批,物理类,,,467,33795,
2319,大庆师范学院,2025,吉林,普通本科批,物理类,,,406,36686,
2320,绥化学院,2025,吉林,普通本科批,物理类,,,414,35819,
2322,哈尔滨金融学院,2025,吉林,普通本科批,物理类,,,490,23905,
2323,齐齐哈尔医学院,2025,吉林,普通本科批,物理类,,,469,25228,
2324,黑龙江工业学院,2025,吉林,普通本科批,物理类,,,416,35819,
2325,黑龙江东方学院,2025,吉林,普通本科批,物理类,,,344,63014,
2326,哈尔滨信息工程学院,2025,吉林,普通本科批,物理类,,,408,53213,
2327,黑龙江工程学院,2025,吉林,普通本科批,物理类,,,446,29318,
2329,齐齐哈尔工程学院,2025,吉林,普通本科批,物理类,,,357,63497,
2331,黑龙江财经学院,2025,吉林,普通本科批,物理类,,,376,53213,
2332,哈尔滨石油学院,2025,吉林,普通本科批,物理类,,,381,60541,
2333,哈尔滨剑桥学院,2025,吉林,普通本科批,物理类,,,347,68090,
2334,哈尔滨华德学院,2025,吉林,普通本科批,物理类,,,349,66904,
2335,黑河学院,2025,吉林,普通本科批,物理类,,,414,49961,
2366,哈尔滨职业技术大学,2025,吉林,普通本科批,物理类,,,413,50519,
2378,黑龙江工商学院,2025,吉林,普通本科批,物理类,,,377,61536,
2379,哈尔滨远东理工学院,2025,吉林,普通本科批,物理类,,,400,53749,
2381,哈尔滨广厦学院,2025,吉林,普通本科批,物理类,,,382,58650,
3101,复旦大学,2025,吉林,普通本科批,物理类,,,678,59,
3102,同济大学,2025,吉林,普通本科批,物理类,,,636,460,
3103,上海交通大学,2025,吉林,普通本科批,物理类,,,685,59,
3104,华东理工大学,2025,吉林,普通本科批,物理类,,,586,6858,
3105,上海理工大学,2025,吉林,普通本科批,物理类,,,567,9528,
3106,上海海事大学,2025,吉林,普通本科批,物理类,,,563,10573,
3107,东华大学,2025,吉林,普通本科批,物理类,,,579,6222,
3108,上海应用技术大学,2025,吉林,普通本科批,物理类,,,499,22882,
3109,上海海洋大学,2025,吉林,普通本科批,物理类,,,568,9871,
3111,华东师范大学,2025,吉林,普通本科批,物理类,,,637,1814,
3112,上海师范大学,2025,吉林,普通本科批,物理类,,,562,11931,
3113,上海外国语大学,2025,吉林,普通本科批,物理类,,,582,5529,
3114,上海财经大学,2025,吉林,普通本科批,物理类,,,601,3336,
3115,华东政法大学,2025,吉林,普通本科批,物理类,,,589,4783,
3116,上海大学,2025,吉林,普通本科批,物理类,,,594,6384,
3117,上海工程技术大学,2025,吉林,普通本科批,物理类,,,501,21196,
3118,上海第二工业大学,2025,吉林,普通本科批,物理类,,,529,15828,
3121,上海电力大学,2025,吉林,普通本科批,物理类,,,588,5798,
3122,上海健康医学院,2025,吉林,普通本科批,物理类,,,469,34959,
3124,上海海关学院,2025,吉林,普通本科批,物理类,,,557,12878,
3128,上海立信会计金融学院,2025,吉林,普通本科批,物理类,,,515,11931,
3129,上海电机学院,2025,吉林,普通本科批,物理类,,,516,20714,
3131,上海政法学院,2025,吉林,普通本科批,物理类,,,549,6546,
3132,上海商学院,2025,吉林,普通本科批,物理类,,,502,22882,
3133,上海建桥学院,2025,吉林,普通本科批,物理类,,,362,53486,
3152,上海立达学院,2025,吉林,普通本科批,物理类,,,348,63497,
3163,复旦大学医学院,2025,吉林,普通本科批,物理类,,,655,112,
3164,上海交通大学医学院,2025,吉林,普通本科批,物理类,,,666,69,
3167,上海外国语大学贤达经济人文学院,2025,吉林,普通本科批,物理类,,,331,62285,
3168,上海师范大学天华学院,2025,吉林,普通本科批,物理类,,,393,57354,
3170,上海杉达学院,2025,吉林,普通本科批,物理类,,,400,39998,
3200000,中国人民大学,2025,吉林,普通本科批,物理类,,,631,2255,
3200000000,无锡学院,2025,吉林,普通本科批,物理类,,,529,13931,
3201,南京大学,2025,吉林,普通本科批,物理类,,,671,166,
3202,苏州大学,2025,吉林,普通本科批,物理类,,,566,2104,
3203,东南大学,2025,吉林,普通本科批,物理类,,,655,460,
3204,南京航空航天大学,2025,吉林,普通本科批,物理类,,,599,1618,
3205,南京理工大学,2025,吉林,普通本科批,物理类,,,596,6091,
3206,江苏科技大学,2025,吉林,普通本科批,物理类,,,491,19040,
3207,中国矿业大学(徐州),2025,吉林,普通本科批,物理类,,,562,11138,
3208,南京工业大学,2025,吉林,普通本科批,物理类,,,541,16249,
3209,常州大学,2025,吉林,普通本科批,物理类,,,503,25490,
3210,南京邮电大学,2025,吉林,普通本科批,物理类,,,583,5277,
3211,河海大学,2025,吉林,普通本科批,物理类,,,590,3646,
3212,江南大学,2025,吉林,普通本科批,物理类,,,562,8295,
3213,南京林业大学,2025,吉林,普通本科批,物理类,,,532,13530,
3214,江苏大学,2025,吉林,普通本科批,物理类,,,546,13931,
3215,南京信息工程大学,2025,吉林,普通本科批,物理类,,,574,5404,
3216,南通大学,2025,吉林,普通本科批,物理类,,,519,21430,
3217,南京农业大学,2025,吉林,普通本科批,物理类,,,524,11706,
3220,中国药科大学,2025,吉林,普通本科批,物理类,,,549,3842,
3221,南京师范大学,2025,吉林,普通本科批,物理类,,,568,10750,
3223,南京财经大学,2025,吉林,普通本科批,物理类,,,528,12132,
3224,扬州大学,2025,吉林,普通本科批,物理类,,,483,11931,
3226,西交利物浦大学,2025,吉林,普通本科批,物理类,,,523,19978,
3227,盐城工学院,2025,吉林,普通本科批,物理类,,,463,32117,
3229,淮阴师范学院,2025,吉林,普通本科批,物理类,,,472,32117,
3230,盐城师范学院,2025,吉林,普通本科批,物理类,,,504,25228,
3234,苏州科技大学,2025,吉林,普通本科批,物理类,,,513,22882,
3236,金陵科技学院,2025,吉林,普通本科批,物理类,,,467,35541,
3237,淮阴工学院,2025,吉林,普通本科批,物理类,,,475,32117,
3238,徐州工程学院,2025,吉林,普通本科批,物理类,,,486,30171,
3239,常州工学院,2025,吉林,普通本科批,物理类,,,514,21196,
3240,三江学院,2025,吉林,普通本科批,物理类,,,351,64649,
3241,南京工程学院,2025,吉林,普通本科批,物理类,,,556,8295,
3242,南京审计大学,2025,吉林,普通本科批,物理类,,,569,7970,
3244,江苏理工学院,2025,吉林,普通本科批,物理类,,,469,31275,
3246,江苏海洋大学,2025,吉林,普通本科批,物理类,,,459,13931,
3249,江苏第二师范学院,2025,吉林,普通本科批,物理类,,,503,24980,
3252,无锡太湖学院,2025,吉林,普通本科批,物理类,,,406,42786,
3272,南京特殊教育师范学院,2025,吉林,普通本科批,物理类,,,457,19484,
3301,浙江大学,2025,吉林,普通本科批,物理类,,,649,138,
3302,杭州电子科技大学,2025,吉林,普通本科批,物理类,,,567,10948,
3303,浙江工业大学,2025,吉林,普通本科批,物理类,,,563,7806,
3304,浙江理工大学,2025,吉林,普通本科批,物理类,,,515,14775,
3305,浙江海洋大学,2025,吉林,普通本科批,物理类,,,498,22134,
3306,浙江农林大学,2025,吉林,普通本科批,物理类,,,455,28743,
3308,浙江师范大学,2025,吉林,普通本科批,物理类,,,510,13722,
3310,温州大学,2025,吉林,普通本科批,物理类,,,478,26023,
3311,浙江工商大学,2025,吉林,普通本科批,物理类,,,550,10382,
3312,中国计量大学,2025,吉林,普通本科批,物理类,,,564,10198,
3313,浙江财经大学,2025,吉林,普通本科批,物理类,,,548,8467,
3314,宁波大学,2025,吉林,普通本科批,物理类,,,558,11931,
3315,宁波诺丁汉大学,2025,吉林,普通本科批,物理类,,,531,13931,
3317,浙江大学医学院,2025,吉林,普通本科批,物理类,,,623,954,
3318,温州医科大学,2025,吉林,普通本科批,物理类,,,574,5277,
3319,湖州师范学院,2025,吉林,普通本科批,物理类,,,453,39671,
3320,绍兴文理学院,2025,吉林,普通本科批,物理类,,,501,24184,
3321,台州学院,2025,吉林,普通本科批,物理类,,,454,34050,
3323,嘉兴大学,2025,吉林,普通本科批,物理类,,,504,22134,
3326,浙江万里学院,2025,吉林,普通本科批,物理类,,,470,30450,
3327,浙江科技大学,2025,吉林,普通本科批,物理类,,,536,15214,
3331,浙江传媒学院,2025,吉林,普通本科批,物理类,,,529,16883,
3388,上海财经大学浙江学院,2025,吉林,普通本科批,物理类,,,453,35819,
3401,安徽大学,2025,吉林,普通本科批,物理类,,,564,6709,
3402,中国科学技术大学,2025,吉林,普通本科批,物理类,,,656,183,
3403,合肥工业大学,2025,吉林,普通本科批,物理类,,,552,12702,
3404,安徽工业大学,2025,吉林,普通本科批,物理类,,,473,15624,
3405,安徽理工大学,2025,吉林,普通本科批,物理类,,,483,16646,
3407,安徽农业大学,2025,吉林,普通本科批,物理类,,,466,24184,
3410,淮北师范大学,2025,吉林,普通本科批,物理类,,,453,28743,
3411,安徽财经大学,2025,吉林,普通本科批,物理类,,,472,19729,
3412,安徽建筑大学,2025,吉林,普通本科批,物理类,,,443,28743,
3413,合肥工业大学,2025,吉林,普通本科批,物理类,,,582,7336,
3418,安庆师范大学,2025,吉林,普通本科批,物理类,,,356,46989,
3421,滁州学院,2025,吉林,普通本科批,物理类,,,458,32954,
3422,宿州学院,2025,吉林,普通本科批,物理类,,,412,50809,
3425,铜陵学院,2025,吉林,普通本科批,物理类,,,439,41859,
3426,安徽科技学院,2025,吉林,普通本科批,物理类,,,432,46087,
3434,安徽外国语学院,2025,吉林,普通本科批,物理类,,,342,63947,
3501,厦门大学,2025,吉林,普通本科批,物理类,,,607,1618,
3502,华侨大学,2025,吉林,普通本科批,物理类,,,478,22134,
3503,福州大学,2025,吉林,普通本科批,物理类,,,579,7007,
3504,福建农林大学,2025,吉林,普通本科批,物理类,,,464,30450,
3505,集美大学,2025,吉林,普通本科批,物理类,,,507,20966,
3506,福建医科大学,2025,吉林,普通本科批,物理类,,,575,8467,
3510,仰恩大学,2025,吉林,普通本科批,物理类,,,404,54321,
3511,福建理工大学,2025,吉林,普通本科批,物理类,,,459,36686,
3512,闽江学院,2025,吉林,普通本科批,物理类,,,471,29895,
3513,武夷学院,2025,吉林,普通本科批,物理类,,,417,33511,
3515,泉州师范学院,2025,吉林,普通本科批,物理类,,,422,49045,
3516,厦门理工学院,2025,吉林,普通本科批,物理类,,,507,12517,
3517,三明学院,2025,吉林,普通本科批,物理类,,,414,46398,
3518,龙岩学院,2025,吉林,普通本科批,物理类,,,414,43368,
3527,福州外语外贸学院,2025,吉林,普通本科批,物理类,,,340,66113,
3567,厦门华厦学院,2025,吉林,普通本科批,物理类,,,357,61536,
3581,闽南科技学院,2025,吉林,普通本科批,物理类,,,383,58906,
3583,厦门工学院,2025,吉林,普通本科批,物理类,,,343,66723,
3585,厦门大学嘉庚学院,2025,吉林,普通本科批,物理类,,,411,50519,
3586,福州大学至诚学院,2025,吉林,普通本科批,物理类,,,398,55396,
3587,集美大学诚毅学院,2025,吉林,普通本科批,物理类,,,400,43673,
3588,厦门医学院,2025,吉林,普通本科批,物理类,,,474,28486,
3590,福建商学院,2025,吉林,普通本科批,物理类,,,305,74413,
3601,南昌大学,2025,吉林,普通本科批,物理类,,,546,14999,
3602,华东交通大学,2025,吉林,普通本科批,物理类,,,494,27931,
3603,东华理工大学,2025,吉林,普通本科批,物理类,,,524,14999,
3604,南昌航空大学,2025,吉林,普通本科批,物理类,,,533,11340,
3605,江西理工大学,2025,吉林,普通本科批,物理类,,,411,17089,
3606,江西农业大学,2025,吉林,普通本科批,物理类,,,468,35273,
3607,江西中医药大学,2025,吉林,普通本科批,物理类,,,531,13530,
3608,江西师范大学,2025,吉林,普通本科批,物理类,,,564,9871,
3609,赣南师范大学,2025,吉林,普通本科批,物理类,,,467,32377,
3610,江西财经大学,2025,吉林,普通本科批,物理类,,,505,8123,
3611,江西科技师范大学,2025,吉林,普通本科批,物理类,,,476,30171,
3613,景德镇陶瓷大学,2025,吉林,普通本科批,物理类,,,484,25490,
3614,赣南医科大学,2025,吉林,普通本科批,物理类,,,487,18770,
3615,上饶师范学院,2025,吉林,普通本科批,物理类,,,416,47554,
3616,宜春学院,2025,吉林,普通本科批,物理类,,,371,34651,
3617,井冈山大学,2025,吉林,普通本科批,物理类,,,460,35541,
3618,江西科技学院,2025,吉林,普通本科批,物理类,,,412,52024,
3619,江西水利电力大学,2025,吉林,普通本科批,物理类,,,364,23366,
3621,新余学院,2025,吉林,普通本科批,物理类,,,457,34959,
3622,九江学院,2025,吉林,普通本科批,物理类,,,419,47283,
3624,南昌理工学院,2025,吉林,普通本科批,物理类,,,374,55149,
3626,南昌工学院,2025,吉林,普通本科批,物理类,,,372,60287,
3629,萍乡学院,2025,吉林,普通本科批,物理类,,,427,43976,
3650,江西工程学院,2025,吉林,普通本科批,物理类,,,399,55692,
3658,江西应用科技学院,2025,吉林,普通本科批,物理类,,,399,55692,
3684,南昌大学科学技术学院,2025,吉林,普通本科批,物理类,,,386,59187,
3686,南昌交通学院,2025,吉林,普通本科批,物理类,,,387,54576,
3687,赣东学院,2025,吉林,普通本科批,物理类,,,430,39104,
3688,南昌航空大学科技学院,2025,吉林,普通本科批,物理类,,,404,46398,
3689,赣南科技学院,2025,吉林,普通本科批,物理类,,,451,36420,
3690,景德镇艺术职业大学,2025,吉林,普通本科批,物理类,,,398,55949,
3691,江西农业大学南昌商学院,2025,吉林,普通本科批,物理类,,,390,55692,
3692,南昌医学院,2025,吉林,普通本科批,物理类,,,518,13293,
3693,江西师范大学科学技术学院,2025,吉林,普通本科批,物理类,,,390,55149,
3696,江西财经大学现代经济管理学院,2025,吉林,普通本科批,物理类,,,392,51093,
370,山东大学威海分校,2025,吉林,普通本科批,物理类,,,597,5939,
3700,青岛农业大学海都学院,2025,吉林,普通本科批,物理类,,,396,55692,
37000000,烟台科技学院,2025,吉林,普通本科批,物理类,,,399,55692,
370000000,烟台理工学院,2025,吉林,普通本科批,物理类,,,403,54321,
3700000000,青岛城市学院,2025,吉林,普通本科批,物理类,,,368,62285,
3701,山东大学,2025,吉林,普通本科批,物理类,,,598,1953,
3702,中国海洋大学,2025,吉林,普通本科批,物理类,,,598,5798,
3703,山东科技大学,2025,吉林,普通本科批,物理类,,,555,13293,
3704,中国石油大学(华东),2025,吉林,普通本科批,物理类,,,562,10750,
3705,青岛科技大学,2025,吉林,普通本科批,物理类,,,535,14551,
3706,济南大学,2025,吉林,普通本科批,物理类,,,440,41252,
3707,青岛理工大学,2025,吉林,普通本科批,物理类,,,466,21430,
3708,山东建筑大学,2025,吉林,普通本科批,物理类,,,421,49343,
3709,齐鲁工业大学,2025,吉林,普通本科批,物理类,,,485,20714,
3710,山东理工大学,2025,吉林,普通本科批,物理类,,,500,25228,
3711,山东农业大学,2025,吉林,普通本科批,物理类,,,458,31859,
3712,青岛农业大学,2025,吉林,普通本科批,物理类,,,448,34050,
3713,山东中医药大学,2025,吉林,普通本科批,物理类,,,479,15214,
3714,山东师范大学,2025,吉林,普通本科批,物理类,,,502,22630,
3715,曲阜师范大学,2025,吉林,普通本科批,物理类,,,444,39104,
3716,聊城大学,2025,吉林,普通本科批,物理类,,,348,30171,
3717,鲁东大学,2025,吉林,普通本科批,物理类,,,448,41252,
3718,山东财经大学,2025,吉林,普通本科批,物理类,,,496,13722,
3719,青岛大学,2025,吉林,普通本科批,物理类,,,556,12132,
3720,烟台大学,2025,吉林,普通本科批,物理类,,,486,30171,
3721,北京交通大学,2025,吉林,普通本科批,物理类,,,547,14999,
3722,山东第二医科大学,2025,吉林,普通本科批,物理类,,,470,34651,
3723,山东第一医科大学,2025,吉林,普通本科批,物理类,,,495,5529,
3724,滨州医学院,2025,吉林,普通本科批,物理类,,,456,15214,
3725,济宁医学院,2025,吉林,普通本科批,物理类,,,440,20966,
3726,德州学院,2025,吉林,普通本科批,物理类,,,407,53486,
3727,山东航空学院,2025,吉林,普通本科批,物理类,,,469,34050,
3728,临沂大学,2025,吉林,普通本科批,物理类,,,463,35273,
3729,泰山学院,2025,吉林,普通本科批,物理类,,,441,40315,
3730,济宁学院,2025,吉林,普通本科批,物理类,,,428,47283,
3731,菏泽学院,2025,吉林,普通本科批,物理类,,,428,43111,
3734,齐鲁医药学院,2025,吉林,普通本科批,物理类,,,416,25490,
3735,青岛滨海学院,2025,吉林,普通本科批,物理类,,,391,57889,
3736,枣庄学院,2025,吉林,普通本科批,物理类,,,447,39998,
3738,潍坊学院,2025,吉林,普通本科批,物理类,,,423,36686,
3740,山东交通学院,2025,吉林,普通本科批,物理类,,,481,31557,
3741,山东工商学院,2025,吉林,普通本科批,物理类,,,353,20714,
3743,烟台南山学院,2025,吉林,普通本科批,物理类,,,398,55949,
3744,青岛工学院,2025,吉林,普通本科批,物理类,,,345,60024,
3745,齐鲁理工学院,2025,吉林,普通本科批,物理类,,,409,52906,
3746,山东政法学院,2025,吉林,普通本科批,物理类,,,511,13722,
3750,山东管理学院,2025,吉林,普通本科批,物理类,,,464,30727,
3755,潍坊科技学院,2025,吉林,普通本科批,物理类,,,390,54576,
3756,山东英才学院,2025,吉林,普通本科批,物理类,,,355,65925,
3757,青岛恒星科技学院,2025,吉林,普通本科批,物理类,,,362,65089,
3758,青岛黄海学院,2025,吉林,普通本科批,物理类,,,394,57064,
3759,山东协和学院,2025,吉林,普通本科批,物理类,,,387,58409,
41,郑州科技学院,2025,吉林,普通本科批,物理类,,,403,53749,
4101,郑州大学,2025,吉林,普通本科批,物理类,,,588,7007,
4102,河南理工大学,2025,吉林,普通本科批,物理类,,,470,29895,
4103,河南工业大学,2025,吉林,普通本科批,物理类,,,468,27666,
4104,河南科技大学,2025,吉林,普通本科批,物理类,,,534,14775,
4105,河南农业大学,2025,吉林,普通本科批,物理类,,,522,12878,
4106,河南大学,2025,吉林,普通本科批,物理类,,,503,9342,
4107,河南师范大学,2025,吉林,普通本科批,物理类,,,416,46989,
4110,华北水利水电大学,2025,吉林,普通本科批,物理类,,,450,18305,
4111,郑州轻工业大学,2025,吉林,普通本科批,物理类,,,519,16646,
4112,中原工学院,2025,吉林,普通本科批,物理类,,,445,42147,
4113,河南科技学院,2025,吉林,普通本科批,物理类,,,410,52335,
4114,河南牧业经济学院,2025,吉林,普通本科批,物理类,,,419,46989,
4115,河南中医药大学,2025,吉林,普通本科批,物理类,,,522,20714,
4116,河南医药大学,2025,吉林,普通本科批,物理类,,,402,53213,
4117,信阳师范大学,2025,吉林,普通本科批,物理类,,,406,53749,
4118,周口师范学院,2025,吉林,普通本科批,物理类,,,400,45764,
4119,安阳师范学院,2025,吉林,普通本科批,物理类,,,475,32377,
4120,许昌学院,2025,吉林,普通本科批,物理类,,,463,36686,
4121,南阳师范学院,2025,吉林,普通本科批,物理类,,,401,42786,
4122,洛阳师范学院,2025,吉林,普通本科批,物理类,,,442,39384,
4123,商丘师范学院,2025,吉林,普通本科批,物理类,,,407,53486,
4124,郑州航空工业管理学院,2025,吉林,普通本科批,物理类,,,428,26306,
4125,黄淮学院,2025,吉林,普通本科批,物理类,,,450,37576,
4126,平顶山学院,2025,吉林,普通本科批,物理类,,,425,48141,
4127,洛阳理工学院,2025,吉林,普通本科批,物理类,,,503,23905,
4128,新乡学院,2025,吉林,普通本科批,物理类,,,412,47554,
4130,安阳工学院,2025,吉林,普通本科批,物理类,,,424,41575,
4131,河南财政金融学院,2025,吉林,普通本科批,物理类,,,481,31557,
4132,南阳理工学院,2025,吉林,普通本科批,物理类,,,423,33795,
4133,河南城建学院,2025,吉林,普通本科批,物理类,,,412,51377,
4135,黄河科技学院,2025,吉林,普通本科批,物理类,,,398,55949,
4136,郑州师范学院,2025,吉林,普通本科批,物理类,,,509,23905,
4137,郑州商学院,2025,吉林,普通本科批,物理类,,,408,49638,
4138,郑州升达经贸管理学院,2025,吉林,普通本科批,物理类,,,393,54576,
4144,郑州工业应用技术学院,2025,吉林,普通本科批,物理类,,,372,62789,
4148,河南工程学院,2025,吉林,普通本科批,物理类,,,422,49045,
4201,武汉大学,2025,吉林,普通本科批,物理类,,,561,533,
4202,华中科技大学,2025,吉林,普通本科批,物理类,,,600,438,
4203,武汉科技大学,2025,吉林,普通本科批,物理类,,,558,11931,
4204,长江大学,2025,吉林,普通本科批,物理类,,,419,18538,
4205,武汉工程大学,2025,吉林,普通本科批,物理类,,,549,13293,
4206,中国地质大学(武汉),2025,吉林,普通本科批,物理类,,,548,7007,
4207,武汉纺织大学,2025,吉林,普通本科批,物理类,,,553,13722,
4208,武汉理工大学,2025,吉林,普通本科批,物理类,,,566,4527,
4210,华中农业大学,2025,吉林,普通本科批,物理类,,,549,11931,
4211,湖北中医药大学,2025,吉林,普通本科批,物理类,,,510,16442,
4212,华中师范大学,2025,吉林,普通本科批,物理类,,,561,10948,
4214,中南财经政法大学,2025,吉林,普通本科批,物理类,,,600,4428,
4215,中南民族大学,2025,吉林,普通本科批,物理类,,,511,21908,
4217,三峡大学,2025,吉林,普通本科批,物理类,,,525,19729,
4222,武汉轻工大学,2025,吉林,普通本科批,物理类,,,519,19267,
4223,湖北师范大学,2025,吉林,普通本科批,物理类,,,547,14551,
4225,湖北民族大学,2025,吉林,普通本科批,物理类,,,459,37904,
4226,湖北文理学院,2025,吉林,普通本科批,物理类,,,386,29593,
4227,武汉体育学院,2025,吉林,普通本科批,物理类,,,446,37576,
4229,湖北汽车工业学院,2025,吉林,普通本科批,物理类,,,514,21196,
4230,湖北工程学院,2025,吉林,普通本科批,物理类,,,415,44881,
4231,湖北理工学院,2025,吉林,普通本科批,物理类,,,512,23107,
4232,湖北科技学院,2025,吉林,普通本科批,物理类,,,476,27140,
4233,湖北医药学院,2025,吉林,普通本科批,物理类,,,509,20966,
4238,湖北经济学院,2025,吉林,普通本科批,物理类,,,395,20966,
4240,汉口学院,2025,吉林,普通本科批,物理类,,,372,62789,
4241,武汉生物工程学院,2025,吉林,普通本科批,物理类,,,389,57630,
4245,武汉学院,2025,吉林,普通本科批,物理类,,,390,53749,
4301,湘潭大学,2025,吉林,普通本科批,物理类,,,529,9138,
4302,吉首大学,2025,吉林,普通本科批,物理类,,,430,31275,
4303,湖南大学,2025,吉林,普通本科批,物理类,,,598,3646,
4304,中南大学,2025,吉林,普通本科批,物理类,,,599,5663,
4305,湖南科技大学,2025,吉林,普通本科批,物理类,,,401,40315,
4306,长沙理工大学,2025,吉林,普通本科批,物理类,,,515,18538,
4307,湖南农业大学,2025,吉林,普通本科批,物理类,,,452,39671,
4308,中南林业科技大学,2025,吉林,普通本科批,物理类,,,527,19484,
4309,湖南中医药大学,2025,吉林,普通本科批,物理类,,,474,8814,
4310,湖南师范大学,2025,吉林,普通本科批,物理类,,,557,9715,
4311,南华大学,2025,吉林,普通本科批,物理类,,,472,22372,
4313,湖南工业大学,2025,吉林,普通本科批,物理类,,,474,33511,
4316,湖南理工学院,2025,吉林,普通本科批,物理类,,,400,43111,
4317,湘南学院,2025,吉林,普通本科批,物理类,,,445,36128,
4318,衡阳师范学院,2025,吉林,普通本科批,物理类,,,414,39104,
4319,邵阳学院,2025,吉林,普通本科批,物理类,,,420,46087,
4320,怀化学院,2025,吉林,普通本科批,物理类,,,428,40315,
4321,湖南文理学院,2025,吉林,普通本科批,物理类,,,425,41859,
4322,湖南科技学院,2025,吉林,普通本科批,物理类,,,427,39384,
4323,湖南人文科技学院,2025,吉林,普通本科批,物理类,,,422,49045,
4324,湖南工商大学,2025,吉林,普通本科批,物理类,,,507,20473,
4325,长沙医学院,2025,吉林,普通本科批,物理类,,,461,37266,
4326,长沙学院,2025,吉林,普通本科批,物理类,,,427,43111,
4327,湖南工程学院,2025,吉林,普通本科批,物理类,,,425,44881,
4328,湖南城市学院,2025,吉林,普通本科批,物理类,,,419,40599,
4329,湖南工学院,2025,吉林,普通本科批,物理类,,,411,30727,
4330,湖南财政经济学院,2025,吉林,普通本科批,物理类,,,398,27666,
4333,湖南涉外经济学院,2025,吉林,普通本科批,物理类,,,342,67704,
4336,湖南第一师范学院,2025,吉林,普通本科批,物理类,,,488,26023,
4337,湖南医药学院,2025,吉林,普通本科批,物理类,,,506,24684,
440,广州南方学院,2025,吉林,普通本科批,物理类,,,353,66113,
4400,广东外语外贸大学南国商学院,2025,吉林,普通本科批,物理类,,,346,68302,
4401,中山大学,2025,吉林,普通本科批,物理类,,,597,256,
4402,暨南大学,2025,吉林,普通本科批,物理类,,,558,9715,
4403,汕头大学,2025,吉林,普通本科批,物理类,,,552,12132,
4404,华南理工大学,2025,吉林,普通本科批,物理类,,,620,3139,
4405,华南农业大学,2025,吉林,普通本科批,物理类,,,530,18305,
4408,广东医科大学,2025,吉林,普通本科批,物理类,,,475,10038,
4409,广州中医药大学,2025,吉林,普通本科批,物理类,,,575,4904,
4410,华南师范大学,2025,吉林,普通本科批,物理类,,,577,5939,
4411,深圳大学,2025,吉林,普通本科批,物理类,,,584,7648,
4413,广州大学,2025,吉林,普通本科批,物理类,,,564,11509,
4414,五邑大学,2025,吉林,普通本科批,物理类,,,531,18538,
4416,广东外语外贸大学,2025,吉林,普通本科批,物理类,,,521,11509,
4417,南方医科大学,2025,吉林,普通本科批,物理类,,,517,5939,
4422,广东药科大学,2025,吉林,普通本科批,物理类,,,460,18538,
4423,韶关学院,2025,吉林,普通本科批,物理类,,,419,49638,
4425,韩山师范学院,2025,吉林,普通本科批,物理类,,,458,38202,
4437,广东金融学院,2025,吉林,普通本科批,物理类,,,532,16042,
4438,广东石油化工学院,2025,吉林,普通本科批,物理类,,,473,32117,
4446,北师香港浸会大学,2025,吉林,普通本科批,物理类,,,517,17331,
4495,广东东软学院,2025,吉林,普通本科批,物理类,,,378,60541,
4498,岭南师范学院,2025,吉林,普通本科批,物理类,,,451,40315,
4501,广西大学,2025,吉林,普通本科批,物理类,,,528,10198,
4502,桂林电子科技大学,2025,吉林,普通本科批,物理类,,,519,20217,
4503,桂林理工大学,2025,吉林,普通本科批,物理类,,,442,32377,
4505,广西师范大学,2025,吉林,普通本科批,物理类,,,444,34651,
4506,广西民族大学,2025,吉林,普通本科批,物理类,,,440,40315,
4508,广西科技大学,2025,吉林,普通本科批,物理类,,,484,27140,
4509,右江民族医学院,2025,吉林,普通本科批,物理类,,,384,59779,
4510,广西中医药大学,2025,吉林,普通本科批,物理类,,,439,17331,
4511,桂林医科大学,2025,吉林,普通本科批,物理类,,,484,14775,
4512,南宁师范大学,2025,吉林,普通本科批,物理类,,,367,43111,
4515,玉林师范学院,2025,吉林,普通本科批,物理类,,,410,52624,
4517,百色学院,2025,吉林,普通本科批,物理类,,,404,54321,
4518,梧州学院,2025,吉林,普通本科批,物理类,,,447,41575,
4519,广西财经学院,2025,吉林,普通本科批,物理类,,,467,35541,
4520,南宁学院,2025,吉林,普通本科批,物理类,,,345,65518,
4521,北部湾大学,2025,吉林,普通本科批,物理类,,,425,33219,
4523,桂林旅游学院,2025,吉林,普通本科批,物理类,,,443,42786,
4524,贺州学院,2025,吉林,普通本科批,物理类,,,421,49343,
4525,广西外国语学院,2025,吉林,普通本科批,物理类,,,343,62030,
4527,广西科技师范学院,2025,吉林,普通本科批,物理类,,,439,39671,
4566,柳州工学院,2025,吉林,普通本科批,物理类,,,342,66113,
4568,桂林学院,2025,吉林,普通本科批,物理类,,,386,58650,
4570,广西中医药大学赛恩斯新医药学院,2025,吉林,普通本科批,物理类,,,426,44881,
4572,南宁理工学院,2025,吉林,普通本科批,物理类,,,388,58650,
4601,海南大学,2025,吉林,普通本科批,物理类,,,511,14551,
4602,海南师范大学,2025,吉林,普通本科批,物理类,,,470,31275,
4604,海南热带海洋学院,2025,吉林,普通本科批,物理类,,,477,32637,
4605,海南医科大学,2025,吉林,普通本科批,物理类,,,525,19978,
4606,海口经济学院,2025,吉林,普通本科批,物理类,,,332,68090,
4607,三亚学院,2025,吉林,普通本科批,物理类,,,340,58650,
4608,琼台师范学院,2025,吉林,普通本科批,物理类,,,423,48736,
4611,海南科技职业大学,2025,吉林,普通本科批,物理类,,,363,64880,
4623,海南比勒费尔德应用科学大学,2025,吉林,普通本科批,物理类,,,343,55396,
5001,重庆大学,2025,吉林,普通本科批,物理类,,,584,1742,
5002,重庆邮电大学,2025,吉林,普通本科批,物理类,,,558,7512,
5003,重庆交通大学,2025,吉林,普通本科批,物理类,,,521,11340,
5004,重庆医科大学,2025,吉林,普通本科批,物理类,,,507,3450,
5005,西南大学,2025,吉林,普通本科批,物理类,,,565,8621,
5006,重庆师范大学,2025,吉林,普通本科批,物理类,,,575,9528,
5007,西南政法大学,2025,吉林,普通本科批,物理类,,,582,3646,
5008,重庆理工大学,2025,吉林,普通本科批,物理类,,,518,21673,
5009,重庆工商大学,2025,吉林,普通本科批,物理类,,,525,16249,
5011,重庆三峡学院,2025,吉林,普通本科批,物理类,,,467,35541,
5012,长江师范学院,2025,吉林,普通本科批,物理类,,,462,36973,
5013,四川外国语大学,2025,吉林,普通本科批,物理类,,,524,16249,
5015,重庆科技大学,2025,吉林,普通本科批,物理类,,,544,15624,
5060,西南大学,2025,吉林,普通本科批,物理类,,,525,11931,
5062,重庆外语外事学院,2025,吉林,普通本科批,物理类,,,378,58650,
5063,重庆对外经贸学院,2025,吉林,普通本科批,物理类,,,444,42482,
5064,重庆财经学院,2025,吉林,普通本科批,物理类,,,456,29895,
5066,重庆移通学院,2025,吉林,普通本科批,物理类,,,442,43111,
5069,重庆中医药学院,2025,吉林,普通本科批,物理类,,,541,16249,
5101,四川大学,2025,吉林,普通本科批,物理类,,,422,9528,
5102,西南交通大学,2025,吉林,普通本科批,物理类,,,494,4305,
5103,电子科技大学,2025,吉林,普通本科批,物理类,,,634,777,
5104,西南石油大学,2025,吉林,普通本科批,物理类,,,533,16442,
5105,西南科技大学,2025,吉林,普通本科批,物理类,,,518,15828,
5106,西华大学,2025,吉林,普通本科批,物理类,,,489,26306,
5107,四川农业大学,2025,吉林,普通本科批,物理类,,,537,12517,
5108,成都中医药大学,2025,吉林,普通本科批,物理类,,,587,7512,
5109,四川师范大学,2025,吉林,普通本科批,物理类,,,554,10573,
5111,西南财经大学,2025,吉林,普通本科批,物理类,,,576,5663,
5112,西南民族大学,2025,吉林,普通本科批,物理类,,,473,23905,
5113,成都医学院,2025,吉林,普通本科批,物理类,,,564,11509,
5114,成都理工大学,2025,吉林,普通本科批,物理类,,,532,15828,
5115,成都信息工程大学,2025,吉林,普通本科批,物理类,,,549,14551,
5116,四川轻化工大学,2025,吉林,普通本科批,物理类,,,509,21430,
5117,中国民用航空飞行学院,2025,吉林,普通本科批,物理类,,,499,20714,
5119,西南医科大学,2025,吉林,普通本科批,物理类,,,567,10198,
5120,川北医学院,2025,吉林,普通本科批,物理类,,,530,12878,
5121,绵阳师范学院,2025,吉林,普通本科批,物理类,,,437,43976,
5122,内江师范学院,2025,吉林,普通本科批,物理类,,,433,39104,
5125,乐山师范学院,2025,吉林,普通本科批,物理类,,,421,49343,
5128,成都大学,2025,吉林,普通本科批,物理类,,,496,27417,
5130,攀枝花学院,2025,吉林,普通本科批,物理类,,,494,27417,
5131,四川旅游学院,2025,吉林,普通本科批,物理类,,,489,29318,
5144,成都东软学院,2025,吉林,普通本科批,物理类,,,455,37576,
5145,四川传媒学院,2025,吉林,普通本科批,物理类,,,431,33511,
5181,四川工程职业技术大学,2025,吉林,普通本科批,物理类,,,435,37904,
5191,吉利学院,2025,吉林,普通本科批,物理类,,,390,58141,
5199,电子科技大学,2025,吉林,普通本科批,物理类,,,619,1252,
5201,贵州大学,2025,吉林,普通本科批,物理类,,,530,18072,
5202,贵州师范大学,2025,吉林,普通本科批,物理类,,,430,46698,
5204,贵州医科大学,2025,吉林,普通本科批,物理类,,,474,10573,
5205,遵义医科大学,2025,吉林,普通本科批,物理类,,,563,8621,
5213,黔南民族师范学院,2025,吉林,普通本科批,物理类,,,429,46989,
5214,贵州财经大学,2025,吉林,普通本科批,物理类,,,363,31557,
5219,贵州理工学院,2025,吉林,普通本科批,物理类,,,418,44881,
5301,云南大学,2025,吉林,普通本科批,物理类,,,564,9342,
5302,昆明理工大学,2025,吉林,普通本科批,物理类,,,507,24448,
5303,云南农业大学,2025,吉林,普通本科批,物理类,,,387,32117,
5304,西南林业大学,2025,吉林,普通本科批,物理类,,,436,44881,
5305,云南师范大学,2025,吉林,普通本科批,物理类,,,430,39998,
5306,云南财经大学,2025,吉林,普通本科批,物理类,,,447,30450,
5307,云南民族大学,2025,吉林,普通本科批,物理类,,,501,26023,
5309,昆明医科大学,2025,吉林,普通本科批,物理类,,,471,22630,
5310,大理大学,2025,吉林,普通本科批,物理类,,,444,42482,
5311,云南中医药大学,2025,吉林,普通本科批,物理类,,,525,18538,
5313,曲靖师范学院,2025,吉林,普通本科批,物理类,,,415,50519,
5314,普洱学院,2025,吉林,普通本科批,物理类,,,446,41859,
5316,红河学院,2025,吉林,普通本科批,物理类,,,438,42786,
5318,玉溪师范学院,2025,吉林,普通本科批,物理类,,,391,42482,
5320,云南警官学院,2025,吉林,普通本科批,物理类,,,493,28205,
5321,昆明学院,2025,吉林,普通本科批,物理类,,,489,29318,
5356,云南经济管理学院,2025,吉林,普通本科批,物理类,,,423,48736,
5367,滇池学院,2025,吉林,普通本科批,物理类,,,382,60287,
5368,丽江文化旅游学院,2025,吉林,普通本科批,物理类,,,358,60287,
5369,昆明城市学院,2025,吉林,普通本科批,物理类,,,397,56221,
5370,昆明医科大学海源学院,2025,吉林,普通本科批,物理类,,,413,46989,
5372,昆明文理学院,2025,吉林,普通本科批,物理类,,,355,65089,
5373,昆明理工大学津桥学院,2025,吉林,普通本科批,物理类,,,358,65925,
5378,滇西应用技术大学,2025,吉林,普通本科批,物理类,,,406,47283,
5401,西藏大学,2025,吉林,普通本科批,物理类,,,500,25490,
6101,西北大学,2025,吉林,普通本科批,物理类,,,577,9138,
6102,西安交通大学,2025,吉林,普通本科批,物理类,,,578,571,
6103,西北工业大学,2025,吉林,普通本科批,物理类,,,632,533,
6104,西安理工大学,2025,吉林,普通本科批,物理类,,,569,8977,
6105,西安电子科技大学,2025,吉林,普通本科批,物理类,,,606,4783,
6106,西安工业大学,2025,吉林,普通本科批,物理类,,,546,13097,
6107,西安建筑科技大学,2025,吉林,普通本科批,物理类,,,493,28205,
6108,西安科技大学,2025,吉林,普通本科批,物理类,,,499,16249,
6109,西安石油大学,2025,吉林,普通本科批,物理类,,,524,20217,
6110,陕西科技大学,2025,吉林,普通本科批,物理类,,,561,11931,
6111,西安工程大学,2025,吉林,普通本科批,物理类,,,537,16646,
6112,长安大学,2025,吉林,普通本科批,物理类,,,500,11509,
6113,西北农林科技大学,2025,吉林,普通本科批,物理类,,,580,7970,
6114,陕西师范大学,2025,吉林,普通本科批,物理类,,,573,9871,
6115,延安大学,2025,吉林,普通本科批,物理类,,,448,41252,
6116,西安外国语大学,2025,吉林,普通本科批,物理类,,,518,13722,
6117,西北政法大学,2025,吉林,普通本科批,物理类,,,576,9138,
6118,西安邮电大学,2025,吉林,普通本科批,物理类,,,533,12338,
6119,陕西中医药大学,2025,吉林,普通本科批,物理类,,,530,18538,
6120,陕西理工大学,2025,吉林,普通本科批,物理类,,,483,29048,
6121,宝鸡文理学院,2025,吉林,普通本科批,物理类,,,465,34651,
6122,咸阳师范学院,2025,吉林,普通本科批,物理类,,,499,26594,
6127,西安文理学院,2025,吉林,普通本科批,物理类,,,517,19040,
6128,榆林学院,2025,吉林,普通本科批,物理类,,,413,43111,
6129,商洛学院,2025,吉林,普通本科批,物理类,,,415,49045,
6130,安康学院,2025,吉林,普通本科批,物理类,,,421,49343,
6132,西安财经大学,2025,吉林,普通本科批,物理类,,,526,16042,
6134,西安医学院,2025,吉林,普通本科批,物理类,,,484,29593,
6138,西安外事学院,2025,吉林,普通本科批,物理类,,,394,55949,
6139,西安翻译学院,2025,吉林,普通本科批,物理类,,,382,60287,
6141,西安思源学院,2025,吉林,普通本科批,物理类,,,360,55692,
6142,陕西国际商贸学院,2025,吉林,普通本科批,物理类,,,377,60541,
6143,西安交通工程学院,2025,吉林,普通本科批,物理类,,,389,57354,
6185,西安交通大学城市学院,2025,吉林,普通本科批,物理类,,,401,53749,
6187,西安建筑科技大学华清学院,2025,吉林,普通本科批,物理类,,,372,58906,
6188,西安财经大学行知学院,2025,吉林,普通本科批,物理类,,,389,57354,
6201,兰州大学,2025,吉林,普通本科批,物理类,,,584,7970,
6202,兰州理工大学,2025,吉林,普通本科批,物理类,,,394,16249,
6203,兰州交通大学,2025,吉林,普通本科批,物理类,,,409,7336,
6204,甘肃农业大学,2025,吉林,普通本科批,物理类,,,427,44881,
6205,西北师范大学,2025,吉林,普通本科批,物理类,,,457,17587,
6206,西北民族大学,2025,吉林,普通本科批,物理类,,,416,41575,
6215,兰州城市学院,2025,吉林,普通本科批,物理类,,,413,46398,
6216,陇东学院,2025,吉林,普通本科批,物理类,,,452,39671,
6217,天水师范大学,2025,吉林,普通本科批,物理类,,,403,51093,
6218,河西学院,2025,吉林,普通本科批,物理类,,,411,52335,
6219,兰州财经大学,2025,吉林,普通本科批,物理类,,,432,39998,
6220,甘肃政法大学,2025,吉林,普通本科批,物理类,,,555,13293,
6221,甘肃民族师范学院,2025,吉林,普通本科批,物理类,,,443,42786,
6222,兰州文理学院,2025,吉林,普通本科批,物理类,,,434,45161,
6224,甘肃医学院,2025,吉林,普通本科批,物理类,,,468,26023,
6245,兰州石化职业技术大学,2025,吉林,普通本科批,物理类,,,447,39384,
6247,兰州资源环境职业技术大学,2025,吉林,普通本科批,物理类,,,417,43111,
6248,兰州博文科技学院,2025,吉林,普通本科批,物理类,,,372,59187,
6249,兰州信息科技学院,2025,吉林,普通本科批,物理类,,,388,58409,
6301,青海大学,2025,吉林,普通本科批,物理类,,,531,16646,
6302,青海师范大学,2025,吉林,普通本科批,物理类,,,412,52024,
6303,青海民族大学,2025,吉林,普通本科批,物理类,,,420,44881,
6401,宁夏大学,2025,吉林,普通本科批,物理类,,,554,13097,
6402,北方民族大学,2025,吉林,普通本科批,物理类,,,424,37266,
6405,宁夏理工学院,2025,吉林,普通本科批,物理类,,,365,59779,
6418,宁夏大学新华学院,2025,吉林,普通本科批,物理类,,,371,61283,
6501,新疆大学,2025,吉林,普通本科批,物理类,,,504,22630,
6502,塔里木大学,2025,吉林,普通本科批,物理类,,,413,51692,
6503,新疆农业大学,2025,吉林,普通本科批,物理类,,,392,53213,
6504,石河子大学,2025,吉林,普通本科批,物理类,,,481,19978,
6505,新疆医科大学,2025,吉林,普通本科批,物理类,,,510,23643,
6506,新疆师范大学,2025,吉林,普通本科批,物理类,,,410,44575,
6507,新疆财经大学,2025,吉林,普通本科批,物理类,,,403,34050,
6508,中国石油大学(北京)克拉玛依校区,2025,吉林,普通本科批,物理类,,,551,11138,
6509,喀什大学,2025,吉林,普通本科批,物理类,,,397,47554,
6510,伊犁师范大学,2025,吉林,普通本科批,物理类,,,398,53749,
6512,新疆工程学院,2025,吉林,普通本科批,物理类,,,409,46398,
6518,新疆和田学院,2025,吉林,普通本科批,物理类,,,395,54321,
6522,新疆警察学院,2025,吉林,普通本科批,物理类,,,492,28486,
6541,新疆理工学院,2025,吉林,普通本科批,物理类,,,392,52906,
6544,新疆科技学院,2025,吉林,普通本科批,物理类,,,398,54866,
6545,新疆政法学院,2025,吉林,普通本科批,物理类,,,396,32637,
6556,昌吉学院,2025,吉林,普通本科批,物理类,,,402,54866,
6559,新疆第二医学院,2025,吉林,普通本科批,物理类,,,389,58409,
6560,新疆天山职业技术大学,2025,吉林,普通本科批,物理类,,,359,53749,
6561,新疆工业学院,2025,吉林,普通本科批,物理类,,,410,44262,
8112,香港珠海学院,2025,吉林,普通本科批,物理类,,,487,29895,
,三峡大学科技学院,2025,吉林,普通本科批,物理类,,,396,34651,
1205,中国民航大学,2024,吉林,专科批次,历史类,,,265,28667,
1221,天津天狮学院,2024,吉林,专科批次,历史类,,,336,23635,
1233,天津现代职业技术学院,2024,吉林,专科批次,历史类,,,372,18903,
1234,天津公安警官职业学院,2024,吉林,专科批次,历史类,,,381,,
1244,天津铁道职业技术学院,2024,吉林,专科批次,历史类,,,424,15953,
1259,天津滨海汽车工程职业学院,2024,吉林,专科批次,历史类,,,173,26274,
1348,石家庄幼儿师范高等专科学校,2024,吉林,专科批次,历史类,,,345,25209,
1353,邯郸职业技术学院,2024,吉林,专科批次,历史类,,,347,21480,
1357,河北软件职业技术学院,2024,吉林,专科批次,历史类,,,347,25028,
1368,承德护理职业学院,2024,吉林,专科批次,历史类,,,403,17060,
1377,秦皇岛职业技术学院,2024,吉林,专科批次,历史类,,,374,21814,
1387,河北化工医药职业技术学院,2024,吉林,专科批次,历史类,,,367,21814,
1388,石家庄信息工程职业学院,2024,吉林,专科批次,历史类,,,365,22863,
1453,临汾职业技术学院,2024,吉林,专科批次,历史类,,,329,24601,
1454,山西职业技术学院,2024,吉林,专科批次,历史类,,,346,24070,
1527,包头铁道职业技术学院,2024,吉林,专科批次,历史类,,,421,16357,
2132,鞍山师范学院,2024,吉林,专科批次,历史类,,,357,23969,
2153,抚顺师范高等专科学校,2024,吉林,专科批次,历史类,,,388,20371,
2158,辽宁省交通高等专科学校,2024,吉林,专科批次,历史类,,,369,21480,
2162,大连职业技术学院,2024,吉林,专科批次,历史类,,,361,22766,
2163,抚顺职业技术学院,2024,吉林,专科批次,历史类,,,321,26519,
2166,盘锦职业技术学院,2024,吉林,专科批次,历史类,,,367,22863,
2174,辽宁地质工程职业学院,2024,吉林,专科批次,历史类,,,321,23531,
2177,大连装备制造职业技术学院,2024,吉林,专科批次,历史类,,,338,25919,
2184,铁岭卫生职业学院,2024,吉林,专科批次,历史类,,,377,21710,
2189,辽宁生态工程职业学院,2024,吉林,专科批次,历史类,,,340,21814,
2190,沈阳职业技术学院,2024,吉林,专科批次,历史类,,,370,20742,
2196,辽宁经济职业技术学院,2024,吉林,专科批次,历史类,,,382,18288,
2218,白城师范学院,2024,吉林,专科批次,历史类,,,368,21602,
2219,吉林体育学院,2024,吉林,专科批次,历史类,,,362,23417,
2222,吉林工商学院,2024,吉林,专科批次,历史类,,,338,15678,
2231,长春金融高等专科学校,2024,吉林,专科批次,历史类,,,245,22863,
2233,长春师范高等专科学校,2024,吉林,专科批次,历史类,,,196,23417,
2234,白城医学高等专科学校,2024,吉林,专科批次,历史类,,,315,27711,
2235,辽源职业技术学院,2024,吉林,专科批次,历史类,,,314,24296,
2242,长白山职业技术学院,2024,吉林,专科批次,历史类,,,248,24914,
2251,长春职业技术学院,2024,吉林,专科批次,历史类,,,353,16594,
2340,黑龙江护理高等专科学校,2024,吉林,专科批次,历史类,,,359,15953,
2343,黑龙江职业学院,2024,吉林,专科批次,历史类,,,343,20259,
2347,黑龙江交通职业技术学院,2024,吉林,专科批次,历史类,,,395,19504,
2358,黑龙江农业职业技术学院,2024,吉林,专科批次,历史类,,,246,27567,
2360,黑龙江农垦职业学院,2024,吉林,专科批次,历史类,,,335,22526,
3142,上海民航职业技术学院,2024,吉林,专科批次,历史类,,,330,,
3148,上海震旦职业学院,2024,吉林,专科批次,历史类,,,306,28178,
3254,镇江市高等专科学校,2024,吉林,专科批次,历史类,,,373,21124,
3270,连云港职业技术学院,2024,吉林,专科批次,历史类,,,380,21349,
3358,浙江建设职业技术学院,2024,吉林,专科批次,历史类,,,364,22863,
3361,浙江商业职业技术学院,2024,吉林,专科批次,历史类,,,376,13257,
3627,江西医学高等专科学校,2024,吉林,专科批次,历史类,,,370,20371,
3633,江西中医药高等专科学校,2024,吉林,专科批次,历史类,,,371,20622,
3769,淄博师范高等专科学校,2024,吉林,专科批次,历史类,,,353,24386,
3775,威海职业学院,2024,吉林,专科批次,历史类,,,336,,
3789,枣庄职业学院,2024,吉林,专科批次,历史类,,,354,18411,
3799,滨州职业学院,2024,吉林,专科批次,历史类,,,334,26274,
4260,三峡电力职业学院,2024,吉林,专科批次,历史类,,,380,,
4277,湖北三峡职业技术学院,2024,吉林,专科批次,历史类,,,319,25705,
4349,长沙航空职业技术学院,2024,吉林,专科批次,历史类,,,258,19146,
4389,湖南邮电职业技术学院,2024,吉林,专科批次,历史类,,,365,23085,
4460,广州民航职业技术学院,2024,吉林,专科批次,历史类,,,205,29658,
4564,广西电力职业技术学院,2024,吉林,专科批次,历史类,,,379,15678,
5024,重庆医药高等专科学校,2024,吉林,专科批次,历史类,,,438,12172,
5037,重庆财经职业学院,2024,吉林,专科批次,历史类,,,359,18651,
5055,重庆城市管理职业学院,2024,吉林,专科批次,历史类,,,422,16239,
5068,重庆工商职业学院,2024,吉林,专科批次,历史类,,,372,21814,
5153,成都航空职业技术学院,2024,吉林,专科批次,历史类,,,349,24820,
5181,四川工程职业技术大学,2024,吉林,专科批次,历史类,,,358,21238,
5182,四川建筑职业技术学院,2024,吉林,专科批次,历史类,,,444,13482,
5187,宜宾职业技术学院,2024,吉林,专科批次,历史类,,,341,25621,
5329,楚雄医药高等专科学校,2024,吉林,专科批次,历史类,,,366,22957,
5334,昆明卫生职业学院,2024,吉林,专科批次,历史类,,,361,23085,
6159,陕西工商职业学院,2024,吉林,专科批次,历史类,,,252,29688,
6166,西安航空职业技术学院,2024,吉林,专科批次,历史类,,,390,20137,
6552,喀什职业技术学院,2024,吉林,专科批次,历史类,,,238,27075,
,南京信息职业技术学院,2024,吉林,专科批次,历史类,,,403,,
1101,北京大学,2024,吉林,提前批A段,历史类,,,656,103,
1102,中国人民大学,2024,吉林,提前批A段,历史类,,,638,142,
1103,清华大学,2024,吉林,提前批A段,历史类,,,659,103,
1118,北京师范大学,2024,吉林,提前批A段,历史类,,,608,552,
1120,北京外国语大学,2024,吉林,提前批A段,历史类,,,551,733,
1121,北京语言大学,2024,吉林,提前批A段,历史类,,,569,1929,
1122,中国传媒大学,2024,吉林,提前批A段,历史类,,,573,1887,
1124,对外经济贸易大学,2024,吉林,提前批A段,历史类,,,593,733,
1126,中国人民公安大学,2024,吉林,提前批A段,历史类,,,551,142,
1140,北京电子科技学院,2024,吉林,提前批A段,历史类,,,574,803,
1146,外交学院,2024,吉林,提前批A段,历史类,,,598,483,
1329,中国人民警察大学,2024,吉林,提前批A段,历史类,,,449,2292,
1334,中央司法警官学院,2024,吉林,提前批A段,历史类,,,453,1802,
2133,中国刑事警察学院,2024,吉林,提前批A段,历史类,,,566,464,
2158,辽宁省交通高等专科学校,2024,吉林,提前批A段,历史类,,,312,23856,
2201,吉林大学,2024,吉林,提前批A段,历史类,,,612,386,
2202,延边大学,2024,吉林,提前批A段,历史类,,,535,3600,
2209,东北师范大学,2024,吉林,提前批A段,历史类,,,593,464,
2210,北华大学,2024,吉林,提前批A段,历史类,,,544,3394,
2211,吉林师范大学,2024,吉林,提前批A段,历史类,,,538,2407,
2212,长春师范大学,2024,吉林,提前批A段,历史类,,,540,2857,
2216,通化师范学院,2024,吉林,提前批A段,历史类,,,507,4924,
2217,吉林工程技术师范学院,2024,吉林,提前批A段,历史类,,,512,6092,
2218,白城师范学院,2024,吉林,提前批A段,历史类,,,497,7049,
2225,吉林警察学院,2024,吉林,提前批A段,历史类,,,517,709,
2247,吉林司法警官职业学院,2024,吉林,提前批A段,历史类,,,329,10894,
2251,长春职业技术学院,2024,吉林,提前批A段,历史类,,,296,25621,
2301,黑龙江大学,2024,吉林,提前批A段,历史类,,,508,2857,
3111,华东师范大学,2024,吉林,提前批A段,历史类,,,591,1113,
3113,上海外国语大学,2024,吉林,提前批A段,历史类,,,577,1590,
3124,上海海关学院,2024,吉林,提前批A段,历史类,,,612,552,
3200000,中国人民大学,2024,吉林,提前批A段,历史类,,,607,678,
3245,南京警察学院,2024,吉林,提前批A段,历史类,,,542,3672,
3294,江苏海事职业技术学院,2024,吉林,提前批A段,历史类,,,228,25705,
3301,浙江大学,2024,吉林,提前批A段,历史类,,,637,155,
3358,浙江建设职业技术学院,2024,吉林,提前批A段,历史类,,,306,28228,
3483,安徽交通职业技术学院,2024,吉林,提前批A段,历史类,,,285,29137,
3608,江西师范大学,2024,吉林,提前批A段,历史类,,,575,1802,
3659,江西信息应用职业技术学院,2024,吉林,提前批A段,历史类,,,271,29244,
3681,江西航空职业技术学院,2024,吉林,提前批A段,历史类,,,262,24718,
3702,中国海洋大学,2024,吉林,提前批A段,历史类,,,571,1493,
3755,潍坊科技学院,2024,吉林,提前批A段,历史类,,,223,8759,
3775,威海职业学院,2024,吉林,提前批A段,历史类,,,281,28228,
3799,滨州职业学院,2024,吉林,提前批A段,历史类,,,338,25524,
4158,郑州警察学院,2024,吉林,提前批A段,历史类,,,512,1685,
4212,华中师范大学,2024,吉林,提前批A段,历史类,,,576,1261,
4256,武汉船舶职业技术学院,2024,吉林,提前批A段,历史类,,,303,28280,
4273,湖北交通职业技术学院,2024,吉林,提前批A段,历史类,,,238,29634,
4288,武昌职业学院,2024,吉林,提前批A段,历史类,,,336,23085,
4291,武汉交通职业学院,2024,吉林,提前批A段,历史类,,,307,28178,
4349,长沙航空职业技术学院,2024,吉林,提前批A段,历史类,,,409,9722,
4371,湖南国防工业职业技术学院,2024,吉林,提前批A段,历史类,,,289,28987,
4380,湖南体育职业学院,2024,吉林,提前批A段,历史类,,,283,28441,
4393,张家界航空工业职业技术学院,2024,吉林,提前批A段,历史类,,,349,19504,
4398,湖南汽车工程职业大学,2024,吉林,提前批A段,历史类,,,293,28323,
5005,西南大学,2024,吉林,提前批A段,历史类,,,582,653,
5013,四川外国语大学,2024,吉林,提前批A段,历史类,,,484,2469,
5024,重庆医药高等专科学校,2024,吉林,提前批A段,历史类,,,316,27075,
5320,云南警官学院,2024,吉林,提前批A段,历史类,,,458,11809,
6102,西安交通大学,2024,吉林,提前批A段,历史类,,,614,505,
6114,陕西师范大学,2024,吉林,提前批A段,历史类,,,587,653,
6116,西安外国语大学,2024,吉林,提前批A段,历史类,,,502,4608,
6154,延安职业技术学院,2024,吉林,提前批A段,历史类,,,339,19283,
6522,新疆警察学院,2024,吉林,提前批A段,历史类,,,460,11576,
8106,香港城市大学,2024,吉林,提前批A段,历史类,,,565,2292,
,中国消防救援学院,2024,吉林,提前批A段,历史类,,,529,3257,
1102,中国人民大学,2024,吉林,提前批B段,历史类,,,638,142,
1106,北京航空航天大学,2024,吉林,提前批B段,历史类,,,414,17197,
1123,中央财经大学,2024,吉林,提前批B段,历史类,,,610,606,
1124,对外经济贸易大学,2024,吉林,提前批B段,历史类,,,574,1843,
1129,中国政法大学,2024,吉林,提前批B段,历史类,,,600,847,
1406,山西医科大学,2024,吉林,提前批B段,历史类,,,395,19504,
1412,太原师范学院,2024,吉林,提前批B段,历史类,,,133,30900,
1502,内蒙古科技大学,2024,吉林,提前批B段,历史类,,,297,28667,
2201,吉林大学,2024,吉林,提前批B段,历史类,,,569,1590,
2207,吉林农业大学,2024,吉林,提前批B段,历史类,,,330,26605,
2209,东北师范大学,2024,吉林,提前批B段,历史类,,,577,1261,
2301,黑龙江大学,2024,吉林,提前批B段,历史类,,,529,4679,
3101,复旦大学,2024,吉林,提前批B段,历史类,,,641,120,
3111,华东师范大学,2024,吉林,提前批B段,历史类,,,0,7454,
3202,苏州大学,2024,吉林,提前批B段,历史类,,,557,2745,
3211,河海大学,2024,吉林,提前批B段,历史类,,,330,26605,
3301,浙江大学,2024,吉林,提前批B段,历史类,,,608,653,
3501,厦门大学,2024,吉林,提前批B段,历史类,,,578,1641,
3714,山东师范大学,2024,吉林,提前批B段,历史类,,,362,23417,
4101,郑州大学,2024,吉林,提前批B段,历史类,,,461,11450,
4201,武汉大学,2024,吉林,提前批B段,历史类,,,515,5827,
4214,中南财经政法大学,2024,吉林,提前批B段,历史类,,,553,2992,
4303,湖南大学,2024,吉林,提前批B段,历史类,,,583,1411,
4304,中南大学,2024,吉林,提前批B段,历史类,,,580,1536,
4411,深圳大学,2024,吉林,提前批B段,历史类,,,407,18049,
4413,广州大学,2024,吉林,提前批B段,历史类,,,406,18179,
5005,西南大学,2024,吉林,提前批B段,历史类,,,588,1228,
5007,西南政法大学,2024,吉林,提前批B段,历史类,,,604,752,
5101,四川大学,2024,吉林,提前批B段,历史类,,,536,4161,
5106,西华大学,2024,吉林,提前批B段,历史类,,,308,28130,
5111,西南财经大学,2024,吉林,提前批B段,历史类,,,507,6538,
5128,成都大学,2024,吉林,提前批B段,历史类,,,484,8860,
5201,贵州大学,2024,吉林,提前批B段,历史类,,,342,5083,
6101,西北大学,2024,吉林,提前批B段,历史类,,,527,4839,
6114,陕西师范大学,2024,吉林,提前批B段,历史类,,,578,1641,
6201,兰州大学,2024,吉林,提前批B段,历史类,,,547,3394,
1101,北京大学,2024,吉林,普通本科批,历史类,,,660,103,
1102,中国人民大学,2024,吉林,普通本科批,历史类,,,632,103,
1103,清华大学,2024,吉林,普通本科批,历史类,,,638,103,
1104,北京交通大学,2024,吉林,普通本科批,历史类,,,590,1027,
1106,北京航空航天大学,2024,吉林,普通本科批,历史类,,,625,312,
1107,北京理工大学,2024,吉林,普通本科批,历史类,,,610,443,
1108,北京科技大学,2024,吉林,普通本科批,历史类,,,582,1228,
1110,北京化工大学,2024,吉林,普通本科批,历史类,,,578,1191,
1111,北京工商大学,2024,吉林,普通本科批,历史类,,,581,1493,
1115,北京林业大学,2024,吉林,普通本科批,历史类,,,572,1536,
1117,北京中医药大学,2024,吉林,普通本科批,历史类,,,573,1336,
1118,北京师范大学,2024,吉林,普通本科批,历史类,,,593,155,
1119,首都师范大学,2024,吉林,普通本科批,历史类,,,566,1982,
1120,北京外国语大学,2024,吉林,普通本科批,历史类,,,596,354,
1121,北京语言大学,2024,吉林,普通本科批,历史类,,,565,2030,
1122,中国传媒大学,2024,吉林,普通本科批,历史类,,,557,975,
1123,中央财经大学,2024,吉林,普通本科批,历史类,,,573,292,
1124,对外经济贸易大学,2024,吉林,普通本科批,历史类,,,610,312,
1125,首都经济贸易大学,2024,吉林,普通本科批,历史类,,,579,1411,
1127,北京体育大学,2024,吉林,普通本科批,历史类,,,565,1749,
1128,中央民族大学,2024,吉林,普通本科批,历史类,,,566,653,
1129,中国政法大学,2024,吉林,普通本科批,历史类,,,605,103,
1130,华北电力大学(北京),2024,吉林,普通本科批,历史类,,,577,1493,
1132,中国矿业大学(北京),2024,吉林,普通本科批,历史类,,,568,1982,
1133,中国石油大学(北京),2024,吉林,普通本科批,历史类,,,576,1749,
1134,中国地质大学(北京),2024,吉林,普通本科批,历史类,,,571,1982,
1135,北京联合大学,2024,吉林,普通本科批,历史类,,,557,2745,
1138,北京印刷学院,2024,吉林,普通本科批,历史类,,,554,2531,
1144,北京第二外国语学院,2024,吉林,普通本科批,历史类,,,562,2227,
1145,北京物资学院,2024,吉林,普通本科批,历史类,,,532,3316,
1150,中央美术学院,2024,吉林,普通本科批,历史类,,,547,3394,
1153,北京电影学院,2024,吉林,普通本科批,历史类,,,572,1191,
1156,北京城市学院,2024,吉林,普通本科批,历史类,,,423,11238,
1162,中国劳动关系学院,2024,吉林,普通本科批,历史类,,,519,2689,
1191,北京第二外国语学院中瑞酒店管理学院,2024,吉林,普通本科批,历史类,,,378,18903,
1194,北京邮电大学世纪学院,2024,吉林,普通本科批,历史类,,,452,12529,
1195,北京工业大学耿丹学院,2024,吉林,普通本科批,历史类,,,384,16594,
1196,中国社会科学院大学,2024,吉林,普通本科批,历史类,,,596,803,
1201,南开大学,2024,吉林,普通本科批,历史类,,,625,236,
1202,天津大学,2024,吉林,普通本科批,历史类,,,608,653,
1203,天津科技大学,2024,吉林,普通本科批,历史类,,,538,3672,
1205,中国民航大学,2024,吉林,普通本科批,历史类,,,553,1929,
1207,天津医科大学,2024,吉林,普通本科批,历史类,,,564,2347,
1208,天津中医药大学,2024,吉林,普通本科批,历史类,,,537,3600,
1209,天津师范大学,2024,吉林,普通本科批,历史类,,,479,1802,
1210,天津职业技术师范大学,2024,吉林,普通本科批,历史类,,,499,5348,
1211,天津外国语大学,2024,吉林,普通本科批,历史类,,,527,2689,
1212,天津商业大学,2024,吉林,普通本科批,历史类,,,552,2745,
1213,天津财经大学,2024,吉林,普通本科批,历史类,,,548,1493,
1214,河北工业大学,2024,吉林,普通本科批,历史类,,,453,8343,
1215,天津中德应用技术大学,2024,吉林,普通本科批,历史类,,,469,10530,
1217,天津体育学院,2024,吉林,普通本科批,历史类,,,501,6736,
1220,天津城建大学,2024,吉林,普通本科批,历史类,,,492,6003,
1221,天津天狮学院,2024,吉林,普通本科批,历史类,,,405,17197,
1246,天津仁爱学院,2024,吉林,普通本科批,历史类,,,410,16594,
1247,天津财经大学珠江学院,2024,吉林,普通本科批,历史类,,,450,10645,
1248,天津外国语大学滨海外事学院,2024,吉林,普通本科批,历史类,,,443,12059,
1250,天津商业大学宝德学院,2024,吉林,普通本科批,历史类,,,435,12639,
1251,天津医科大学临床医学院,2024,吉林,普通本科批,历史类,,,455,12172,
1254,天津理工大学中环信息学院,2024,吉林,普通本科批,历史类,,,440,13026,
1255,北京科技大学天津学院,2024,吉林,普通本科批,历史类,,,464,10763,
1301,河北大学,2024,吉林,普通本科批,历史类,,,451,3745,
1302,河北工程大学,2024,吉林,普通本科批,历史类,,,524,4224,
1303,河北地质大学,2024,吉林,普通本科批,历史类,,,474,9068,
1304,华北电力大学(保定),2024,吉林,普通本科批,历史类,,,570,1493,
1305,华北理工大学,2024,吉林,普通本科批,历史类,,,528,3941,
1309,河北师范大学,2024,吉林,普通本科批,历史类,,,548,2531,
1310,石家庄铁道大学,2024,吉林,普通本科批,历史类,,,554,2805,
1311,燕山大学,2024,吉林,普通本科批,历史类,,,525,2138,
1312,河北经贸大学,2024,吉林,普通本科批,历史类,,,533,3257,
1317,保定学院,2024,吉林,普通本科批,历史类,,,450,6937,
1318,河北民族师范学院,2024,吉林,普通本科批,历史类,,,480,8959,
1319,唐山师范学院,2024,吉林,普通本科批,历史类,,,485,8554,
1320,廊坊师范学院,2024,吉林,普通本科批,历史类,,,474,8132,
1321,衡水学院,2024,吉林,普通本科批,历史类,,,470,9722,
1323,邯郸学院,2024,吉林,普通本科批,历史类,,,484,8652,
1324,邢台学院,2024,吉林,普通本科批,历史类,,,490,7557,
1325,沧州师范学院,2024,吉林,普通本科批,历史类,,,500,6460,
1328,华北科技学院,2024,吉林,普通本科批,历史类,,,485,4924,
1331,河北金融学院,2024,吉林,普通本科批,历史类,,,504,6177,
1332,北华航天工业学院,2024,吉林,普通本科批,历史类,,,475,6635,
1333,防灾科技学院,2024,吉林,普通本科批,历史类,,,501,6003,
1336,张家口学院,2024,吉林,普通本科批,历史类,,,495,5746,
1343,河北外国语学院,2024,吉林,普通本科批,历史类,,,390,18288,
1364,河北东方学院,2024,吉林,普通本科批,历史类,,,441,13482,
1401,山西大学,2024,吉林,普通本科批,历史类,,,566,1749,
1402,太原科技大学,2024,吉林,普通本科批,历史类,,,493,5183,
1403,中北大学,2024,吉林,普通本科批,历史类,,,538,3316,
1405,山西农业大学,2024,吉林,普通本科批,历史类,,,471,8860,
1406,山西医科大学,2024,吉林,普通本科批,历史类,,,485,6284,
1407,山西师范大学,2024,吉林,普通本科批,历史类,,,505,3394,
1408,山西大同大学,2024,吉林,普通本科批,历史类,,,460,5922,
1409,山西财经大学,2024,吉林,普通本科批,历史类,,,513,2857,
1412,太原师范学院,2024,吉林,普通本科批,历史类,,,516,4997,
1413,晋中学院,2024,吉林,普通本科批,历史类,,,460,10181,
1414,长治学院,2024,吉林,普通本科批,历史类,,,468,8759,
1415,运城学院,2024,吉林,普通本科批,历史类,,,477,9068,
1417,山西中医药大学,2024,吉林,普通本科批,历史类,,,512,6092,
1418,吕梁学院,2024,吉林,普通本科批,历史类,,,487,8554,
1419,太原学院,2024,吉林,普通本科批,历史类,,,473,10052,
1421,山西传媒学院,2024,吉林,普通本科批,历史类,,,453,10418,
1445,山西应用科技学院,2024,吉林,普通本科批,历史类,,,460,11576,
1475,山西晋中理工学院,2024,吉林,普通本科批,历史类,,,436,13735,
1501,内蒙古大学,2024,吉林,普通本科批,历史类,,,425,1843,
1506,内蒙古师范大学,2024,吉林,普通本科批,历史类,,,350,12059,
1507,内蒙古民族大学,2024,吉林,普通本科批,历史类,,,416,16950,
1508,赤峰学院,2024,吉林,普通本科批,历史类,,,336,20622,
1509,内蒙古财经大学,2024,吉林,普通本科批,历史类,,,320,5512,
1510,呼伦贝尔学院,2024,吉林,普通本科批,历史类,,,382,19283,
1513,呼和浩特民族学院,2024,吉林,普通本科批,历史类,,,381,16357,
1515,内蒙古艺术学院,2024,吉林,普通本科批,历史类,,,445,12293,
1552,内蒙古科技大学包头师范学院,2024,吉林,普通本科批,历史类,,,470,8132,
2101,辽宁大学,2024,吉林,普通本科批,历史类,,,544,1261,
2102,大连理工大学,2024,吉林,普通本科批,历史类,,,585,1027,
2103,沈阳工业大学,2024,吉林,普通本科批,历史类,,,517,5679,
2105,沈阳理工大学,2024,吉林,普通本科批,历史类,,,519,5083,
2106,东北大学,2024,吉林,普通本科批,历史类,,,584,1336,
2107,辽宁科技大学,2024,吉林,普通本科批,历史类,,,510,5267,
2111,大连交通大学,2024,吉林,普通本科批,历史类,,,517,4360,
2112,大连海事大学,2024,吉林,普通本科批,历史类,,,574,994,
2113,大连工业大学,2024,吉林,普通本科批,历史类,,,509,5922,
2117,大连海洋大学,2024,吉林,普通本科批,历史类,,,505,5348,
2120,辽宁中医药大学,2024,吉林,普通本科批,历史类,,,500,7250,
2122,辽宁师范大学,2024,吉林,普通本科批,历史类,,,511,2347,
2123,沈阳师范大学,2024,吉林,普通本科批,历史类,,,455,10993,
2124,渤海大学,2024,吉林,普通本科批,历史类,,,553,2640,
2125,大连外国语大学,2024,吉林,普通本科批,历史类,,,555,2689,
2126,东北财经大学,2024,吉林,普通本科批,历史类,,,544,1590,
2127,沈阳大学,2024,吉林,普通本科批,历史类,,,514,4839,
2128,大连大学,2024,吉林,普通本科批,历史类,,,468,4536,
2131,沈阳医学院,2024,吉林,普通本科批,历史类,,,519,5512,
2132,鞍山师范学院,2024,吉林,普通本科批,历史类,,,507,5679,
2135,沈阳音乐学院,2024,吉林,普通本科批,历史类,,,438,14200,
2137,辽宁对外经贸学院,2024,吉林,普通本科批,历史类,,,401,13257,
2141,大连民族大学,2024,吉林,普通本科批,历史类,,,477,3473,
2149,辽宁何氏医学院,2024,吉林,普通本科批,历史类,,,408,14964,
2150,大连东软信息学院,2024,吉林,普通本科批,历史类,,,395,15953,
2151,辽宁财贸学院,2024,吉林,普通本科批,历史类,,,437,14320,
2167,辽宁传媒学院,2024,吉林,普通本科批,历史类,,,407,16239,
2201,吉林大学,2024,吉林,普通本科批,历史类,,,589,164,
2202,延边大学,2024,吉林,普通本科批,历史类,,,369,2030,
2203,长春理工大学,2024,吉林,普通本科批,历史类,,,468,2805,
2204,东北电力大学,2024,吉林,普通本科批,历史类,,,493,6736,
2205,长春工业大学,2024,吉林,普通本科批,历史类,,,446,5083,
2206,吉林建筑大学,2024,吉林,普通本科批,历史类,,,464,8434,
2207,吉林农业大学,2024,吉林,普通本科批,历史类,,,471,7946,
2208,长春中医药大学,2024,吉林,普通本科批,历史类,,,446,10993,
2209,东北师范大学,2024,吉林,普通本科批,历史类,,,528,678,
2210,北华大学,2024,吉林,普通本科批,历史类,,,446,5183,
2211,吉林师范大学,2024,吉林,普通本科批,历史类,,,453,2805,
2212,长春师范大学,2024,吉林,普通本科批,历史类,,,433,5083,
2213,吉林财经大学,2024,吉林,普通本科批,历史类,,,478,2745,
2214,长春大学,2024,吉林,普通本科批,历史类,,,434,5083,
2215,吉林化工学院,2024,吉林,普通本科批,历史类,,,462,9297,
2216,通化师范学院,2024,吉林,普通本科批,历史类,,,455,7145,
2217,吉林工程技术师范学院,2024,吉林,普通本科批,历史类,,,452,10894,
2218,白城师范学院,2024,吉林,普通本科批,历史类,,,408,7759,
2219,吉林体育学院,2024,吉林,普通本科批,历史类,,,460,11238,
2220,吉林艺术学院,2024,吉林,普通本科批,历史类,,,437,12293,
2221,吉林外国语大学,2024,吉林,普通本科批,历史类,,,383,12908,
2222,吉林工商学院,2024,吉林,普通本科批,历史类,,,444,7145,
2223,长春工程学院,2024,吉林,普通本科批,历史类,,,380,9820,
2224,吉林农业科技学院,2024,吉林,普通本科批,历史类,,,435,11809,
2225,吉林警察学院,2024,吉林,普通本科批,历史类,,,460,5512,
2226,长春财经学院,2024,吉林,普通本科批,历史类,,,404,12639,
2227,长春建筑学院,2024,吉林,普通本科批,历史类,,,388,19632,
2228,吉林动画学院,2024,吉林,普通本科批,历史类,,,394,17694,
2229,吉林医药学院,2024,吉林,普通本科批,历史类,,,456,11914,
2252,长春光华学院,2024,吉林,普通本科批,历史类,,,387,14320,
2253,长春工业大学人文信息学院,2024,吉林,普通本科批,历史类,,,384,15824,
2254,长春电子科技学院,2024,吉林,普通本科批,历史类,,,374,16115,
2255,吉林建筑科技学院,2024,吉林,普通本科批,历史类,,,386,17694,
2256,长春科技学院,2024,吉林,普通本科批,历史类,,,397,18786,
2257,吉林师范大学博达学院,2024,吉林,普通本科批,历史类,,,388,13372,
2258,长春大学旅游学院,2024,吉林,普通本科批,历史类,,,387,17818,
2259,长春人文学院,2024,吉林,普通本科批,历史类,,,394,12763,
2301,黑龙江大学,2024,吉林,普通本科批,历史类,,,390,2083,
2303,哈尔滨理工大学,2024,吉林,普通本科批,历史类,,,489,8033,
2304,哈尔滨工程大学,2024,吉林,普通本科批,历史类,,,571,1336,
2305,黑龙江科技大学,2024,吉林,普通本科批,历史类,,,481,6003,
2306,东北石油大学,2024,吉林,普通本科批,历史类,,,492,4360,
2307,佳木斯大学,2024,吉林,普通本科批,历史类,,,510,6284,
2308,黑龙江八一农垦大学,2024,吉林,普通本科批,历史类,,,494,6635,
2309,东北农业大学,2024,吉林,普通本科批,历史类,,,564,1685,
2310,东北林业大学,2024,吉林,普通本科批,历史类,,,557,1447,
2311,哈尔滨医科大学,2024,吉林,普通本科批,历史类,,,537,4093,
2312,黑龙江中医药大学,2024,吉林,普通本科批,历史类,,,520,5423,
2313,哈尔滨师范大学,2024,吉林,普通本科批,历史类,,,481,5267,
2314,齐齐哈尔大学,2024,吉林,普通本科批,历史类,,,270,10418,
2315,哈尔滨商业大学,2024,吉林,普通本科批,历史类,,,527,2689,
2317,牡丹江师范学院,2024,吉林,普通本科批,历史类,,,492,6284,
2318,哈尔滨学院,2024,吉林,普通本科批,历史类,,,471,5267,
2319,大庆师范学院,2024,吉林,普通本科批,历史类,,,466,9187,
2320,绥化学院,2024,吉林,普通本科批,历史类,,,469,10052,
2322,哈尔滨金融学院,2024,吉林,普通本科批,历史类,,,495,6092,
2323,齐齐哈尔医学院,2024,吉林,普通本科批,历史类,,,466,10530,
2324,黑龙江工业学院,2024,吉林,普通本科批,历史类,,,455,10993,
2325,黑龙江东方学院,2024,吉林,普通本科批,历史类,,,402,18049,
2326,哈尔滨信息工程学院,2024,吉林,普通本科批,历史类,,,444,13482,
2327,黑龙江工程学院,2024,吉林,普通本科批,历史类,,,463,10894,
2329,齐齐哈尔工程学院,2024,吉林,普通本科批,历史类,,,422,16115,
2330,黑龙江外国语学院,2024,吉林,普通本科批,历史类,,,442,12763,
2331,黑龙江财经学院,2024,吉林,普通本科批,历史类,,,421,13131,
2332,哈尔滨石油学院,2024,吉林,普通本科批,历史类,,,401,16594,
2333,哈尔滨剑桥学院,2024,吉林,普通本科批,历史类,,,415,17060,
2335,黑河学院,2024,吉林,普通本科批,历史类,,,463,9187,
2378,黑龙江工商学院,2024,吉林,普通本科批,历史类,,,439,13131,
2379,哈尔滨远东理工学院,2024,吉林,普通本科批,历史类,,,436,14200,
2381,哈尔滨广厦学院,2024,吉林,普通本科批,历史类,,,433,14200,
3101,复旦大学,2024,吉林,普通本科批,历史类,,,644,103,
3102,同济大学,2024,吉林,普通本科批,历史类,,,627,248,
3103,上海交通大学,2024,吉林,普通本科批,历史类,,,651,103,
3105,上海理工大学,2024,吉林,普通本科批,历史类,,,569,2083,
3106,上海海事大学,2024,吉林,普通本科批,历史类,,,570,1982,
3107,东华大学,2024,吉林,普通本科批,历史类,,,580,1411,
3109,上海海洋大学,2024,吉林,普通本科批,历史类,,,531,4536,
3111,华东师范大学,2024,吉林,普通本科批,历史类,,,617,178,
3112,上海师范大学,2024,吉林,普通本科批,历史类,,,547,2407,
3113,上海外国语大学,2024,吉林,普通本科批,历史类,,,589,1113,
3114,上海财经大学,2024,吉林,普通本科批,历史类,,,607,276,
3115,华东政法大学,2024,吉林,普通本科批,历史类,,,598,236,
3116,上海大学,2024,吉林,普通本科批,历史类,,,585,1228,
3118,上海第二工业大学,2024,吉林,普通本科批,历史类,,,520,5348,
3124,上海海关学院,2024,吉林,普通本科批,历史类,,,532,4459,
3127,上海戏剧学院,2024,吉林,普通本科批,历史类,,,563,2347,
3128,上海立信会计金融学院,2024,吉林,普通本科批,历史类,,,552,1411,
3131,上海政法学院,2024,吉林,普通本科批,历史类,,,559,1292,
3132,上海商学院,2024,吉林,普通本科批,历史类,,,511,6092,
3133,上海建桥学院,2024,吉林,普通本科批,历史类,,,408,17322,
3152,上海立达学院,2024,吉林,普通本科批,历史类,,,406,18179,
3163,复旦大学医学院,2024,吉林,普通本科批,历史类,,,590,1156,
3167,上海外国语大学贤达经济人文学院,2024,吉林,普通本科批,历史类,,,365,19782,
3168,上海师范大学天华学院,2024,吉林,普通本科批,历史类,,,419,16594,
3170,上海杉达学院,2024,吉林,普通本科批,历史类,,,439,14093,
3200000,中国人民大学,2024,吉林,普通本科批,历史类,,,611,505,
3200000000,无锡学院,2024,吉林,普通本科批,历史类,,,533,3473,
3201,南京大学,2024,吉林,普通本科批,历史类,,,638,103,
3202,苏州大学,2024,吉林,普通本科批,历史类,,,533,994,
3205,南京理工大学,2024,吉林,普通本科批,历史类,,,579,1590,
3206,江苏科技大学,2024,吉林,普通本科批,历史类,,,510,4536,
3209,常州大学,2024,吉林,普通本科批,历史类,,,529,3394,
3211,河海大学,2024,吉林,普通本科批,历史类,,,579,1261,
3212,江南大学,2024,吉林,普通本科批,历史类,,,576,1493,
3213,南京林业大学,2024,吉林,普通本科批,历史类,,,530,4608,
3214,江苏大学,2024,吉林,普通本科批,历史类,,,571,1802,
3216,南通大学,2024,吉林,普通本科批,历史类,,,540,3257,
3220,中国药科大学,2024,吉林,普通本科批,历史类,,,575,1685,
3221,南京师范大学,2024,吉林,普通本科批,历史类,,,575,1084,
3223,南京财经大学,2024,吉林,普通本科批,历史类,,,556,2138,
3224,扬州大学,2024,吉林,普通本科批,历史类,,,566,1590,
3226,西交利物浦大学,2024,吉林,普通本科批,历史类,,,557,2083,
3229,淮阴师范学院,2024,吉林,普通本科批,历史类,,,493,5586,
3230,盐城师范学院,2024,吉林,普通本科批,历史类,,,462,11333,
3233,南京艺术学院,2024,吉林,普通本科批,历史类,,,538,3600,
3234,苏州科技大学,2024,吉林,普通本科批,历史类,,,547,3176,
3236,金陵科技学院,2024,吉林,普通本科批,历史类,,,493,6843,
3237,淮阴工学院,2024,吉林,普通本科批,历史类,,,471,9633,
3238,徐州工程学院,2024,吉林,普通本科批,历史类,,,467,8759,
3240,三江学院,2024,吉林,普通本科批,历史类,,,430,14566,
3241,南京工程学院,2024,吉林,普通本科批,历史类,,,521,4679,
3242,南京审计大学,2024,吉林,普通本科批,历史类,,,588,906,
3244,江苏理工学院,2024,吉林,普通本科批,历史类,,,468,9633,
3246,江苏海洋大学,2024,吉林,普通本科批,历史类,,,508,3257,
3252,无锡太湖学院,2024,吉林,普通本科批,历史类,,,439,13482,
3272,南京特殊教育师范学院,2024,吉林,普通本科批,历史类,,,506,5183,
3301,浙江大学,2024,吉林,普通本科批,历史类,,,635,155,
3305,浙江海洋大学,2024,吉林,普通本科批,历史类,,,495,6538,
3306,浙江农林大学,2024,吉林,普通本科批,历史类,,,542,2805,
3308,浙江师范大学,2024,吉林,普通本科批,历史类,,,546,3257,
3310,温州大学,2024,吉林,普通本科批,历史类,,,567,2138,
3311,浙江工商大学,2024,吉林,普通本科批,历史类,,,558,2292,
3313,浙江财经大学,2024,吉林,普通本科批,历史类,,,558,2469,
3314,宁波大学,2024,吉林,普通本科批,历史类,,,574,1493,
3315,宁波诺丁汉大学,2024,吉林,普通本科批,历史类,,,547,1411,
3319,湖州师范学院,2024,吉林,普通本科批,历史类,,,451,9722,
3321,台州学院,2024,吉林,普通本科批,历史类,,,511,6177,
3326,浙江万里学院,2024,吉林,普通本科批,历史类,,,458,11450,
3327,浙江科技大学,2024,吉林,普通本科批,历史类,,,541,3805,
3331,浙江传媒学院,2024,吉林,普通本科批,历史类,,,545,2083,
3388,上海财经大学浙江学院,2024,吉林,普通本科批,历史类,,,448,12763,
3401,安徽大学,2024,吉林,普通本科批,历史类,,,560,1843,
3404,安徽工业大学,2024,吉林,普通本科批,历史类,,,485,8343,
3410,淮北师范大学,2024,吉林,普通本科批,历史类,,,508,5746,
3411,安徽财经大学,2024,吉林,普通本科批,历史类,,,530,2531,
3412,安徽建筑大学,2024,吉林,普通本科批,历史类,,,471,10298,
3413,合肥工业大学,2024,吉林,普通本科批,历史类,,,569,2083,
3418,安庆师范大学,2024,吉林,普通本科批,历史类,,,489,6460,
3434,安徽外国语学院,2024,吉林,普通本科批,历史类,,,394,19019,
3501,厦门大学,2024,吉林,普通本科批,历史类,,,598,198,
3502,华侨大学,2024,吉林,普通本科批,历史类,,,404,2292,
3503,福州大学,2024,吉林,普通本科批,历史类,,,573,1336,
3505,集美大学,2024,吉林,普通本科批,历史类,,,541,2992,
3509,闽南师范大学,2024,吉林,普通本科批,历史类,,,501,5746,
3510,仰恩大学,2024,吉林,普通本科批,历史类,,,413,15442,
3511,福建理工大学,2024,吉林,普通本科批,历史类,,,496,7646,
3512,闽江学院,2024,吉林,普通本科批,历史类,,,527,4459,
3513,武夷学院,2024,吉林,普通本科批,历史类,,,461,10052,
3516,厦门理工学院,2024,吉林,普通本科批,历史类,,,529,4608,
3517,三明学院,2024,吉林,普通本科批,历史类,,,457,10763,
3527,福州外语外贸学院,2024,吉林,普通本科批,历史类,,,391,14445,
3581,闽南科技学院,2024,吉林,普通本科批,历史类,,,424,15953,
3583,厦门工学院,2024,吉林,普通本科批,历史类,,,388,14839,
3585,厦门大学嘉庚学院,2024,吉林,普通本科批,历史类,,,465,7454,
3586,福州大学至诚学院,2024,吉林,普通本科批,历史类,,,425,15086,
3587,集美大学诚毅学院,2024,吉林,普通本科批,历史类,,,445,13131,
3601,南昌大学,2024,吉林,普通本科批,历史类,,,559,1641,
3602,华东交通大学,2024,吉林,普通本科批,历史类,,,536,3116,
3605,江西理工大学,2024,吉林,普通本科批,历史类,,,423,14320,
3608,江西师范大学,2024,吉林,普通本科批,历史类,,,569,1929,
3609,赣南师范大学,2024,吉林,普通本科批,历史类,,,486,6937,
3610,江西财经大学,2024,吉林,普通本科批,历史类,,,573,1370,
3611,江西科技师范大学,2024,吉林,普通本科批,历史类,,,478,7557,
3615,上饶师范学院,2024,吉林,普通本科批,历史类,,,493,7849,
3616,宜春学院,2024,吉林,普通本科批,历史类,,,489,8343,
3617,井冈山大学,2024,吉林,普通本科批,历史类,,,530,4608,
3618,江西科技学院,2024,吉林,普通本科批,历史类,,,409,16239,
3619,南昌工程学院,2024,吉林,普通本科批,历史类,,,469,9402,
3621,新余学院,2024,吉林,普通本科批,历史类,,,456,11238,
3622,九江学院,2024,吉林,普通本科批,历史类,,,467,8860,
3624,南昌理工学院,2024,吉林,普通本科批,历史类,,,426,15195,
3626,南昌工学院,2024,吉林,普通本科批,历史类,,,437,14093,
3629,萍乡学院,2024,吉林,普通本科批,历史类,,,487,8554,
3650,江西工程学院,2024,吉林,普通本科批,历史类,,,450,12763,
3684,南昌大学科学技术学院,2024,吉林,普通本科批,历史类,,,428,14200,
3686,南昌交通学院,2024,吉林,普通本科批,历史类,,,427,14566,
3687,赣东学院,2024,吉林,普通本科批,历史类,,,469,10530,
3688,南昌航空大学科技学院,2024,吉林,普通本科批,历史类,,,444,12529,
3689,赣南科技学院,2024,吉林,普通本科批,历史类,,,469,9820,
3690,景德镇艺术职业大学,2024,吉林,普通本科批,历史类,,,426,15678,
3691,江西农业大学南昌商学院,2024,吉林,普通本科批,历史类,,,435,14200,
3692,南昌医学院,2024,吉林,普通本科批,历史类,,,491,6736,
3693,江西师范大学科学技术学院,2024,吉林,普通本科批,历史类,,,441,13131,
3696,江西财经大学现代经济管理学院,2024,吉林,普通本科批,历史类,,,439,11686,
370,山东大学威海分校,2024,吉林,普通本科批,历史类,,,593,975,
3700,青岛农业大学海都学院,2024,吉林,普通本科批,历史类,,,443,13609,
37000000,烟台科技学院,2024,吉林,普通本科批,历史类,,,425,14200,
370000000,烟台理工学院,2024,吉林,普通本科批,历史类,,,431,13257,
3700000000,青岛城市学院,2024,吉林,普通本科批,历史类,,,421,13131,
3701,山东大学,2024,吉林,普通本科批,历史类,,,599,386,
3702,中国海洋大学,2024,吉林,普通本科批,历史类,,,589,678,
3703,山东科技大学,2024,吉林,普通本科批,历史类,,,520,5423,
3704,中国石油大学(华东),2024,吉林,普通本科批,历史类,,,568,1929,
3706,济南大学,2024,吉林,普通本科批,历史类,,,545,3116,
3707,青岛理工大学,2024,吉林,普通本科批,历史类,,,542,2347,
3708,山东建筑大学,2024,吉林,普通本科批,历史类,,,526,4459,
3710,山东理工大学,2024,吉林,普通本科批,历史类,,,476,8959,
3713,山东中医药大学,2024,吉林,普通本科批,历史类,,,502,7049,
3714,山东师范大学,2024,吉林,普通本科批,历史类,,,522,3600,
3715,曲阜师范大学,2024,吉林,普通本科批,历史类,,,513,4026,
3716,聊城大学,2024,吉林,普通本科批,历史类,,,537,3941,
3717,鲁东大学,2024,吉林,普通本科批,历史类,,,501,6177,
3718,山东财经大学,2024,吉林,普通本科批,历史类,,,543,2805,
3719,青岛大学,2024,吉林,普通本科批,历史类,,,543,2640,
3720,烟台大学,2024,吉林,普通本科批,历史类,,,337,6371,
3722,山东第二医科大学,2024,吉林,普通本科批,历史类,,,459,11238,
3723,山东第一医科大学,2024,吉林,普通本科批,历史类,,,466,10052,
3726,德州学院,2024,吉林,普通本科批,历史类,,,508,6460,
3727,山东航空学院,2024,吉林,普通本科批,历史类,,,511,6177,
3730,济宁学院,2024,吉林,普通本科批,历史类,,,455,12172,
3731,菏泽学院,2024,吉林,普通本科批,历史类,,,472,7557,
3734,齐鲁医药学院,2024,吉林,普通本科批,历史类,,,427,12293,
3735,青岛滨海学院,2024,吉林,普通本科批,历史类,,,416,15307,
3738,潍坊学院,2024,吉林,普通本科批,历史类,,,509,5083,
3740,山东交通学院,2024,吉林,普通本科批,历史类,,,499,6736,
3741,山东工商学院,2024,吉林,普通本科批,历史类,,,454,4093,
3743,烟台南山学院,2024,吉林,普通本科批,历史类,,,425,14093,
3744,青岛工学院,2024,吉林,普通本科批,历史类,,,418,13372,
3745,齐鲁理工学院,2024,吉林,普通本科批,历史类,,,442,13735,
3746,山东政法学院,2024,吉林,普通本科批,历史类,,,533,2227,
3748,山东青年政治学院,2024,吉林,普通本科批,历史类,,,463,10052,
3750,山东管理学院,2024,吉林,普通本科批,历史类,,,465,8759,
3756,山东英才学院,2024,吉林,普通本科批,历史类,,,398,18786,
3757,青岛恒星科技学院,2024,吉林,普通本科批,历史类,,,409,14697,
3758,青岛黄海学院,2024,吉林,普通本科批,历史类,,,439,12639,
3759,山东协和学院,2024,吉林,普通本科批,历史类,,,437,12426,
4101,郑州大学,2024,吉林,普通本科批,历史类,,,579,1050,
4102,河南理工大学,2024,吉林,普通本科批,历史类,,,470,10418,
4103,河南工业大学,2024,吉林,普通本科批,历史类,,,526,3941,
4106,河南大学,2024,吉林,普通本科批,历史类,,,540,2579,
4107,河南师范大学,2024,吉林,普通本科批,历史类,,,488,8434,
4111,郑州轻工业大学,2024,吉林,普通本科批,历史类,,,498,5827,
4112,中原工学院,2024,吉林,普通本科批,历史类,,,451,12639,
4113,河南科技学院,2024,吉林,普通本科批,历史类,,,478,9297,
4114,河南牧业经济学院,2024,吉林,普通本科批,历史类,,,447,11576,
4115,河南中医药大学,2024,吉林,普通本科批,历史类,,,511,6177,
4117,信阳师范大学,2024,吉林,普通本科批,历史类,,,466,10894,
4118,周口师范学院,2024,吉林,普通本科批,历史类,,,464,8860,
4119,安阳师范学院,2024,吉林,普通本科批,历史类,,,506,6538,
4121,南阳师范学院,2024,吉林,普通本科批,历史类,,,504,6635,
4122,洛阳师范学院,2024,吉林,普通本科批,历史类,,,465,6635,
4123,商丘师范学院,2024,吉林,普通本科批,历史类,,,470,8343,
4124,郑州航空工业管理学院,2024,吉林,普通本科批,历史类,,,483,6843,
4125,黄淮学院,2024,吉林,普通本科批,历史类,,,505,6736,
4126,平顶山学院,2024,吉林,普通本科批,历史类,,,490,8233,
4127,洛阳理工学院,2024,吉林,普通本科批,历史类,,,468,7849,
4128,新乡学院,2024,吉林,普通本科批,历史类,,,455,10993,
4130,安阳工学院,2024,吉林,普通本科批,历史类,,,467,10763,
4131,河南财政金融学院,2024,吉林,普通本科批,历史类,,,485,5922,
4132,南阳理工学院,2024,吉林,普通本科批,历史类,,,468,8652,
4133,河南城建学院,2024,吉林,普通本科批,历史类,,,440,13957,
4135,黄河科技学院,2024,吉林,普通本科批,历史类,,,428,15442,
4136,郑州师范学院,2024,吉林,普通本科批,历史类,,,522,5267,
4137,郑州商学院,2024,吉林,普通本科批,历史类,,,450,11576,
4138,郑州升达经贸管理学院,2024,吉林,普通本科批,历史类,,,435,13482,
4144,郑州工业应用技术学院,2024,吉林,普通本科批,历史类,,,429,15307,
4148,河南工程学院,2024,吉林,普通本科批,历史类,,,485,8343,
4201,武汉大学,2024,吉林,普通本科批,历史类,,,626,127,
4202,华中科技大学,2024,吉林,普通本科批,历史类,,,616,443,
4204,长江大学,2024,吉林,普通本科批,历史类,,,510,5586,
4206,中国地质大学(武汉),2024,吉林,普通本科批,历史类,,,571,1843,
4207,武汉纺织大学,2024,吉林,普通本科批,历史类,,,552,3039,
4208,武汉理工大学,2024,吉林,普通本科批,历史类,,,570,1493,
4210,华中农业大学,2024,吉林,普通本科批,历史类,,,565,1929,
4212,华中师范大学,2024,吉林,普通本科批,历史类,,,526,1113,
4214,中南财经政法大学,2024,吉林,普通本科批,历史类,,,581,847,
4215,中南民族大学,2024,吉林,普通本科批,历史类,,,527,2030,
4223,湖北师范大学,2024,吉林,普通本科批,历史类,,,574,1843,
4225,湖北民族大学,2024,吉林,普通本科批,历史类,,,459,8343,
4226,湖北文理学院,2024,吉林,普通本科批,历史类,,,517,5679,
4227,武汉体育学院,2024,吉林,普通本科批,历史类,,,461,7454,
4231,湖北理工学院,2024,吉林,普通本科批,历史类,,,470,10418,
4232,湖北科技学院,2024,吉林,普通本科批,历史类,,,489,8233,
4238,湖北经济学院,2024,吉林,普通本科批,历史类,,,487,6736,
4240,汉口学院,2024,吉林,普通本科批,历史类,,,412,14320,
4241,武汉生物工程学院,2024,吉林,普通本科批,历史类,,,429,14445,
4245,武汉学院,2024,吉林,普通本科批,历史类,,,431,13257,
4301,湘潭大学,2024,吉林,普通本科批,历史类,,,551,1749,
4302,吉首大学,2024,吉林,普通本科批,历史类,,,449,6092,
4303,湖南大学,2024,吉林,普通本科批,历史类,,,602,527,
4304,中南大学,2024,吉林,普通本科批,历史类,,,600,606,
4305,湖南科技大学,2024,吉林,普通本科批,历史类,,,519,2292,
4306,长沙理工大学,2024,吉林,普通本科批,历史类,,,563,2030,
4307,湖南农业大学,2024,吉林,普通本科批,历史类,,,506,6092,
4308,中南林业科技大学,2024,吉林,普通本科批,历史类,,,495,4459,
4310,湖南师范大学,2024,吉林,普通本科批,历史类,,,561,1536,
4313,湖南工业大学,2024,吉林,普通本科批,历史类,,,495,7759,
4316,湖南理工学院,2024,吉林,普通本科批,历史类,,,482,6937,
4317,湘南学院,2024,吉林,普通本科批,历史类,,,464,9402,
4318,衡阳师范学院,2024,吉林,普通本科批,历史类,,,485,5922,
4319,邵阳学院,2024,吉林,普通本科批,历史类,,,457,9820,
4320,怀化学院,2024,吉林,普通本科批,历史类,,,450,11576,
4321,湖南文理学院,2024,吉林,普通本科批,历史类,,,485,8343,
4322,湖南科技学院,2024,吉林,普通本科批,历史类,,,457,10894,
4323,湖南人文科技学院,2024,吉林,普通本科批,历史类,,,465,10993,
4324,湖南工商大学,2024,吉林,普通本科批,历史类,,,539,3394,
4326,长沙学院,2024,吉林,普通本科批,历史类,,,489,8343,
4327,湖南工程学院,2024,吉林,普通本科批,历史类,,,475,9187,
4328,湖南城市学院,2024,吉林,普通本科批,历史类,,,462,10418,
4330,湖南财政经济学院,2024,吉林,普通本科批,历史类,,,515,4679,
4333,湖南涉外经济学院,2024,吉林,普通本科批,历史类,,,397,15953,
4337,湖南医药学院,2024,吉林,普通本科批,历史类,,,449,12908,
440,广州南方学院,2024,吉林,普通本科批,历史类,,,368,21124,
4400,广东外语外贸大学南国商学院,2024,吉林,普通本科批,历史类,,,398,16712,
4401,中山大学,2024,吉林,普通本科批,历史类,,,620,330,
4402,暨南大学,2024,吉林,普通本科批,历史类,,,502,1749,
4404,华南理工大学,2024,吉林,普通本科批,历史类,,,596,709,
4408,广东医科大学,2024,吉林,普通本科批,历史类,,,494,7646,
4410,华南师范大学,2024,吉林,普通本科批,历史类,,,577,1411,
4411,深圳大学,2024,吉林,普通本科批,历史类,,,575,1292,
4413,广州大学,2024,吉林,普通本科批,历史类,,,580,1536,
4414,五邑大学,2024,吉林,普通本科批,历史类,,,550,3176,
4416,广东外语外贸大学,2024,吉林,普通本科批,历史类,,,556,1536,
4417,南方医科大学,2024,吉林,普通本科批,历史类,,,547,2292,
4425,韩山师范学院,2024,吉林,普通本科批,历史类,,,465,9516,
4437,广东金融学院,2024,吉林,普通本科批,历史类,,,549,2469,
4446,北京师范大学-香港浸会大学联合国际学院,2024,吉林,普通本科批,历史类,,,548,2469,
4498,岭南师范学院,2024,吉林,普通本科批,历史类,,,467,8959,
4503,桂林理工大学,2024,吉林,普通本科批,历史类,,,456,11333,
4505,广西师范大学,2024,吉林,普通本科批,历史类,,,554,2745,
4506,广西民族大学,2024,吉林,普通本科批,历史类,,,511,5679,
4508,广西科技大学,2024,吉林,普通本科批,历史类,,,506,6635,
4510,广西中医药大学,2024,吉林,普通本科批,历史类,,,470,10418,
4512,南宁师范大学,2024,吉林,普通本科批,历史类,,,485,6736,
4515,玉林师范学院,2024,吉林,普通本科批,历史类,,,454,7849,
4517,百色学院,2024,吉林,普通本科批,历史类,,,455,10298,
4518,梧州学院,2024,吉林,普通本科批,历史类,,,452,11686,
4519,广西财经学院,2024,吉林,普通本科批,历史类,,,499,7345,
4520,南宁学院,2024,吉林,普通本科批,历史类,,,416,16950,
4523,桂林旅游学院,2024,吉林,普通本科批,历史类,,,455,11809,
4524,贺州学院,2024,吉林,普通本科批,历史类,,,453,12293,
4525,广西外国语学院,2024,吉林,普通本科批,历史类,,,375,15442,
4527,广西科技师范学院,2024,吉林,普通本科批,历史类,,,491,8033,
4566,柳州工学院,2024,吉林,普通本科批,历史类,,,400,18903,
4568,桂林学院,2024,吉林,普通本科批,历史类,,,441,13851,
4572,南宁理工学院,2024,吉林,普通本科批,历史类,,,438,14200,
4601,海南大学,2024,吉林,普通本科批,历史类,,,540,1590,
4602,海南师范大学,2024,吉林,普通本科批,历史类,,,443,4360,
4604,海南热带海洋学院,2024,吉林,普通本科批,历史类,,,434,8652,
4606,海口经济学院,2024,吉林,普通本科批,历史类,,,378,20742,
4607,三亚学院,2024,吉林,普通本科批,历史类,,,379,16594,
4608,琼台师范学院,2024,吉林,普通本科批,历史类,,,500,6284,
4611,海南科技职业大学,2024,吉林,普通本科批,历史类,,,381,20742,
5001,重庆大学,2024,吉林,普通本科批,历史类,,,610,576,
5005,西南大学,2024,吉林,普通本科批,历史类,,,560,1447,
5006,重庆师范大学,2024,吉林,普通本科批,历史类,,,574,1843,
5007,西南政法大学,2024,吉林,普通本科批,历史类,,,576,386,
5009,重庆工商大学,2024,吉林,普通本科批,历史类,,,542,3535,
5011,重庆三峡学院,2024,吉林,普通本科批,历史类,,,531,4536,
5012,长江师范学院,2024,吉林,普通本科批,历史类,,,473,10052,
5013,四川外国语大学,2024,吉林,普通本科批,历史类,,,550,2531,
5015,重庆科技大学,2024,吉林,普通本科批,历史类,,,539,3941,
5060,西南大学,2024,吉林,普通本科批,历史类,,,569,2030,
5062,重庆外语外事学院,2024,吉林,普通本科批,历史类,,,435,13026,
5063,重庆对外经贸学院,2024,吉林,普通本科批,历史类,,,476,9722,
5064,重庆财经学院,2024,吉林,普通本科批,历史类,,,465,9633,
5066,重庆移通学院,2024,吉林,普通本科批,历史类,,,451,12639,
5101,四川大学,2024,吉林,普通本科批,历史类,,,504,576,
5102,西南交通大学,2024,吉林,普通本科批,历史类,,,575,1370,
5103,电子科技大学,2024,吉林,普通本科批,历史类,,,597,819,
5105,西南科技大学,2024,吉林,普通本科批,历史类,,,506,4360,
5106,西华大学,2024,吉林,普通本科批,历史类,,,505,6371,
5108,成都中医药大学,2024,吉林,普通本科批,历史类,,,468,10645,
5109,四川师范大学,2024,吉林,普通本科批,历史类,,,555,2805,
5110,西华师范大学,2024,吉林,普通本科批,历史类,,,484,8860,
5111,西南财经大学,2024,吉林,普通本科批,历史类,,,500,505,
5112,西南民族大学,2024,吉林,普通本科批,历史类,,,528,1982,
5114,成都理工大学,2024,吉林,普通本科批,历史类,,,554,2927,
5115,成都信息工程大学,2024,吉林,普通本科批,历史类,,,530,4459,
5117,中国民用航空飞行学院,2024,吉林,普通本科批,历史类,,,464,8033,
5121,绵阳师范学院,2024,吉林,普通本科批,历史类,,,515,5512,
5122,内江师范学院,2024,吉林,普通本科批,历史类,,,512,5679,
5125,乐山师范学院,2024,吉林,普通本科批,历史类,,,473,10052,
5128,成都大学,2024,吉林,普通本科批,历史类,,,526,4756,
5130,攀枝花学院,2024,吉林,普通本科批,历史类,,,425,15824,
5131,四川旅游学院,2024,吉林,普通本科批,历史类,,,515,5827,
5136,四川电影电视学院,2024,吉林,普通本科批,历史类,,,432,12908,
5144,成都东软学院,2024,吉林,普通本科批,历史类,,,437,14320,
5145,四川传媒学院,2024,吉林,普通本科批,历史类,,,434,13482,
5191,吉利学院,2024,吉林,普通本科批,历史类,,,426,15678,
5201,贵州大学,2024,吉林,普通本科批,历史类,,,556,2407,
5202,贵州师范大学,2024,吉林,普通本科批,历史类,,,478,9187,
5213,黔南民族师范学院,2024,吉林,普通本科批,历史类,,,451,12426,
5214,贵州财经大学,2024,吉林,普通本科批,历史类,,,459,6460,
5301,云南大学,2024,吉林,普通本科批,历史类,,,562,1370,
5302,昆明理工大学,2024,吉林,普通本科批,历史类,,,528,4026,
5305,云南师范大学,2024,吉林,普通本科批,历史类,,,463,5512,
5306,云南财经大学,2024,吉林,普通本科批,历史类,,,492,5746,
5307,云南民族大学,2024,吉林,普通本科批,历史类,,,458,11809,
5310,大理大学,2024,吉林,普通本科批,历史类,,,487,7646,
5313,曲靖师范学院,2024,吉林,普通本科批,历史类,,,459,11686,
5314,普洱学院,2024,吉林,普通本科批,历史类,,,465,10993,
5316,红河学院,2024,吉林,普通本科批,历史类,,,480,8554,
5317,云南艺术学院,2024,吉林,普通本科批,历史类,,,435,13372,
5318,玉溪师范学院,2024,吉林,普通本科批,历史类,,,496,7646,
5320,云南警官学院,2024,吉林,普通本科批,历史类,,,523,5183,
5321,昆明学院,2024,吉林,普通本科批,历史类,,,472,7145,
5356,云南经济管理学院,2024,吉林,普通本科批,历史类,,,440,13851,
5367,滇池学院,2024,吉林,普通本科批,历史类,,,431,13609,
5368,丽江文化旅游学院,2024,吉林,普通本科批,历史类,,,382,18903,
5369,昆明城市学院,2024,吉林,普通本科批,历史类,,,442,13735,
5370,昆明医科大学海源学院,2024,吉林,普通本科批,历史类,,,434,14697,
5372,昆明文理学院,2024,吉林,普通本科批,历史类,,,418,16357,
5373,昆明理工大学津桥学院,2024,吉林,普通本科批,历史类,,,424,14320,
5378,滇西应用技术大学,2024,吉林,普通本科批,历史类,,,467,9820,
5401,西藏大学,2024,吉林,普通本科批,历史类,,,512,6092,
6101,西北大学,2024,吉林,普通本科批,历史类,,,575,1411,
6102,西安交通大学,2024,吉林,普通本科批,历史类,,,614,386,
6103,西北工业大学,2024,吉林,普通本科批,历史类,,,598,906,
6106,西安工业大学,2024,吉林,普通本科批,历史类,,,559,2640,
6109,西安石油大学,2024,吉林,普通本科批,历史类,,,533,4161,
6112,长安大学,2024,吉林,普通本科批,历史类,,,568,1493,
6113,西北农林科技大学,2024,吉林,普通本科批,历史类,,,576,1493,
6114,陕西师范大学,2024,吉林,普通本科批,历史类,,,579,1027,
6115,延安大学,2024,吉林,普通本科批,历史类,,,495,6460,
6116,西安外国语大学,2024,吉林,普通本科批,历史类,,,519,2138,
6117,西北政法大学,2024,吉林,普通本科批,历史类,,,586,1084,
6118,西安邮电大学,2024,吉林,普通本科批,历史类,,,497,7557,
6120,陕西理工大学,2024,吉林,普通本科批,历史类,,,501,5922,
6121,宝鸡文理学院,2024,吉林,普通本科批,历史类,,,498,7049,
6122,咸阳师范学院,2024,吉林,普通本科批,历史类,,,463,11238,
6123,渭南师范学院,2024,吉林,普通本科批,历史类,,,523,5183,
6127,西安文理学院,2024,吉林,普通本科批,历史类,,,487,8343,
6128,榆林学院,2024,吉林,普通本科批,历史类,,,496,7345,
6129,商洛学院,2024,吉林,普通本科批,历史类,,,514,5922,
6130,安康学院,2024,吉林,普通本科批,历史类,,,479,9402,
6132,西安财经大学,2024,吉林,普通本科批,历史类,,,504,4026,
6134,西安医学院,2024,吉林,普通本科批,历史类,,,455,12172,
6138,西安外事学院,2024,吉林,普通本科批,历史类,,,392,16357,
6139,西安翻译学院,2024,吉林,普通本科批,历史类,,,405,17322,
6141,西安思源学院,2024,吉林,普通本科批,历史类,,,446,12763,
6142,陕西国际商贸学院,2024,吉林,普通本科批,历史类,,,404,15678,
6185,西安交通大学城市学院,2024,吉林,普通本科批,历史类,,,455,12172,
6188,西安财经大学行知学院,2024,吉林,普通本科批,历史类,,,411,15086,
6201,兰州大学,2024,吉林,普通本科批,历史类,,,589,880,
6202,兰州理工大学,2024,吉林,普通本科批,历史类,,,485,7345,
6203,兰州交通大学,2024,吉林,普通本科批,历史类,,,487,6177,
6205,西北师范大学,2024,吉林,普通本科批,历史类,,,402,3745,
6206,西北民族大学,2024,吉林,普通本科批,历史类,,,441,5423,
6215,兰州城市学院,2024,吉林,普通本科批,历史类,,,494,7849,
6216,陇东学院,2024,吉林,普通本科批,历史类,,,486,8434,
6217,天水师范学院,2024,吉林,普通本科批,历史类,,,490,7049,
6218,河西学院,2024,吉林,普通本科批,历史类,,,479,8554,
6219,兰州财经大学,2024,吉林,普通本科批,历史类,,,415,7145,
6220,甘肃政法大学,2024,吉林,普通本科批,历史类,,,436,6284,
6221,甘肃民族师范学院,2024,吉林,普通本科批,历史类,,,471,9068,
6222,兰州文理学院,2024,吉林,普通本科批,历史类,,,494,7849,
6245,兰州石化职业技术大学,2024,吉林,普通本科批,历史类,,,457,11103,
6302,青海师范大学,2024,吉林,普通本科批,历史类,,,381,5679,
6303,青海民族大学,2024,吉林,普通本科批,历史类,,,375,8759,
6401,宁夏大学,2024,吉林,普通本科批,历史类,,,560,2177,
6402,北方民族大学,2024,吉林,普通本科批,历史类,,,447,6736,
6405,宁夏理工学院,2024,吉林,普通本科批,历史类,,,401,15195,
6501,新疆大学,2024,吉林,普通本科批,历史类,,,543,1843,
6502,塔里木大学,2024,吉林,普通本科批,历史类,,,463,10530,
6503,新疆农业大学,2024,吉林,普通本科批,历史类,,,446,12763,
6506,新疆师范大学,2024,吉林,普通本科批,历史类,,,480,6092,
6507,新疆财经大学,2024,吉林,普通本科批,历史类,,,461,7759,
6509,喀什大学,2024,吉林,普通本科批,历史类,,,445,11238,
6510,伊犁师范大学,2024,吉林,普通本科批,历史类,,,450,9820,
6518,新疆和田学院,2024,吉林,普通本科批,历史类,,,443,12908,
6541,新疆理工学院,2024,吉林,普通本科批,历史类,,,451,12639,
6544,新疆科技学院,2024,吉林,普通本科批,历史类,,,449,11914,
6545,新疆政法学院,2024,吉林,普通本科批,历史类,,,463,8959,
6556,昌吉学院,2024,吉林,普通本科批,历史类,,,451,12639,
6560,新疆天山职业技术大学,2024,吉林,普通本科批,历史类,,,398,14697,
8112,香港珠海学院,2024,吉林,普通本科批,历史类,,,467,9925,
,三峡大学科技学院,2024,吉林,普通本科批,历史类,,,439,13372,
1205,中国民航大学,2024,吉林,专科批次,物理类,,,252,68931,
1221,天津天狮学院,2024,吉林,专科批次,物理类,,,289,68053,
1233,天津现代职业技术学院,2024,吉林,专科批次,物理类,,,354,66659,
1234,天津公安警官职业学院,2024,吉林,专科批次,物理类,,,350,,
1259,天津滨海汽车工程职业学院,2024,吉林,专科批次,物理类,,,241,75291,
1348,石家庄幼儿师范高等专科学校,2024,吉林,专科批次,物理类,,,324,73234,
1353,邯郸职业技术学院,2024,吉林,专科批次,物理类,,,315,73583,
1357,河北软件职业技术学院,2024,吉林,专科批次,物理类,,,353,67104,
1360,冀中职业学院,2024,吉林,专科批次,物理类,,,358,65944,
1368,承德护理职业学院,2024,吉林,专科批次,物理类,,,381,56439,
1377,秦皇岛职业技术学院,2024,吉林,专科批次,物理类,,,346,68501,
1387,河北化工医药职业技术学院,2024,吉林,专科批次,物理类,,,346,67342,
1388,石家庄信息工程职业学院,2024,吉林,专科批次,物理类,,,338,58106,
1453,临汾职业技术学院,2024,吉林,专科批次,物理类,,,331,70446,
1454,山西职业技术学院,2024,吉林,专科批次,物理类,,,343,69144,
1527,包头铁道职业技术学院,2024,吉林,专科批次,物理类,,,390,57559,
2131,沈阳医学院,2024,吉林,专科批次,物理类,,,402,47395,
2132,鞍山师范学院,2024,吉林,专科批次,物理类,,,341,69773,
2139,沈阳工程学院,2024,吉林,专科批次,物理类,,,369,59192,
2140,辽东学院,2024,吉林,专科批次,物理类,,,403,52125,
2147,辽宁轨道交通职业学院,2024,吉林,专科批次,物理类,,,391,54101,
2153,抚顺师范高等专科学校,2024,吉林,专科批次,物理类,,,350,67572,
2158,辽宁省交通高等专科学校,2024,吉林,专科批次,物理类,,,358,55610,
2162,大连职业技术学院,2024,吉林,专科批次,物理类,,,349,64411,
2163,抚顺职业技术学院,2024,吉林,专科批次,物理类,,,325,72641,
2166,盘锦职业技术学院,2024,吉林,专科批次,物理类,,,326,72843,
2174,辽宁地质工程职业学院,2024,吉林,专科批次,物理类,,,332,69557,
2177,大连装备制造职业技术学院,2024,吉林,专科批次,物理类,,,321,73768,
2184,铁岭卫生职业学院,2024,吉林,专科批次,物理类,,,357,66164,
2189,辽宁生态工程职业学院,2024,吉林,专科批次,物理类,,,327,69368,
2190,沈阳职业技术学院,2024,吉林,专科批次,物理类,,,339,66403,
2196,辽宁经济职业技术学院,2024,吉林,专科批次,物理类,,,388,58106,
2198,渤海船舶职业学院,2024,吉林,专科批次,物理类,,,349,64938,
2218,白城师范学院,2024,吉林,专科批次,物理类,,,336,64938,
2219,吉林体育学院,2024,吉林,专科批次,物理类,,,331,71870,
2222,吉林工商学院,2024,吉林,专科批次,物理类,,,339,56724,
2230,长春汽车职业技术大学,2024,吉林,专科批次,物理类,,,343,69368,
2231,长春金融高等专科学校,2024,吉林,专科批次,物理类,,,314,67572,
2233,长春师范高等专科学校,2024,吉林,专科批次,物理类,,,310,69773,
2234,白城医学高等专科学校,2024,吉林,专科批次,物理类,,,331,71870,
2235,辽源职业技术学院,2024,吉林,专科批次,物理类,,,280,73234,
2242,长白山职业技术学院,2024,吉林,专科批次,物理类,,,275,73234,
2251,长春职业技术学院,2024,吉林,专科批次,物理类,,,334,59192,
2340,黑龙江护理高等专科学校,2024,吉林,专科批次,物理类,,,344,57297,
2343,黑龙江职业学院,2024,吉林,专科批次,物理类,,,337,59994,
2347,黑龙江交通职业技术学院,2024,吉林,专科批次,物理类,,,367,63633,
2358,黑龙江农业职业技术学院,2024,吉林,专科批次,物理类,,,301,71054,
2360,黑龙江农垦职业学院,2024,吉林,专科批次,物理类,,,341,65944,
3142,上海民航职业技术学院,2024,吉林,专科批次,物理类,,,218,,
3148,上海震旦职业学院,2024,吉林,专科批次,物理类,,,264,77530,
320000,扬州工业职业技术学院,2024,吉林,专科批次,物理类,,,328,72447,
3254,镇江市高等专科学校,2024,吉林,专科批次,物理类,,,351,66870,
3266,江苏建筑职业技术学院,2024,吉林,专科批次,物理类,,,332,69144,
3270,连云港职业技术学院,2024,吉林,专科批次,物理类,,,354,66870,
3294,江苏海事职业技术学院,2024,吉林,专科批次,物理类,,,349,,
3358,浙江建设职业技术学院,2024,吉林,专科批次,物理类,,,347,65188,
3361,浙江商业职业技术学院,2024,吉林,专科批次,物理类,,,362,57032,
3627,江西医学高等专科学校,2024,吉林,专科批次,物理类,,,358,64938,
3633,江西中医药高等专科学校,2024,吉林,专科批次,物理类,,,365,62069,
3769,淄博师范高等专科学校,2024,吉林,专科批次,物理类,,,341,69773,
3775,威海职业学院,2024,吉林,专科批次,物理类,,,279,,
3789,枣庄职业学院,2024,吉林,专科批次,物理类,,,304,,
3799,滨州职业学院,2024,吉林,专科批次,物理类,,,303,73234,
4260,三峡电力职业学院,2024,吉林,专科批次,物理类,,,360,,
4277,湖北三峡职业技术学院,2024,吉林,专科批次,物理类,,,350,57834,
4349,长沙航空职业技术学院,2024,吉林,专科批次,物理类,,,278,79671,
4389,湖南邮电职业技术学院,2024,吉林,专科批次,物理类,,,348,68295,
4460,广州民航职业技术学院,2024,吉林,专科批次,物理类,,,266,79855,
4564,广西电力职业技术学院,2024,吉林,专科批次,物理类,,,361,62069,
5024,重庆医药高等专科学校,2024,吉林,专科批次,物理类,,,397,53275,
5037,重庆财经职业学院,2024,吉林,专科批次,物理类,,,344,69144,
5055,重庆城市管理职业学院,2024,吉林,专科批次,物理类,,,351,67572,
5068,重庆工商职业学院,2024,吉林,专科批次,物理类,,,343,65673,
5153,成都航空职业技术学院,2024,吉林,专科批次,物理类,,,322,73583,
5181,四川工程职业技术大学,2024,吉林,专科批次,物理类,,,354,61049,
5182,四川建筑职业技术学院,2024,吉林,专科批次,物理类,,,341,69773,
5187,宜宾职业技术学院,2024,吉林,专科批次,物理类,,,340,69980,
5329,楚雄医药高等专科学校,2024,吉林,专科批次,物理类,,,341,69773,
5334,昆明卫生职业学院,2024,吉林,专科批次,物理类,,,379,60528,
5335,云南国土资源职业学院,2024,吉林,专科批次,物理类,,,296,77671,
5407,西藏职业技术学院,2024,吉林,专科批次,物理类,,,267,80586,
6143,西安交通工程学院,2024,吉林,专科批次,物理类,,,352,67342,
6247,兰州资源环境职业技术大学,2024,吉林,专科批次,物理类,,,336,70848,
6552,喀什职业技术学院,2024,吉林,专科批次,物理类,,,244,77141,
,南京信息职业技术学院,2024,吉林,专科批次,物理类,,,389,,
1103,清华大学,2024,吉林,提前批A段,物理类,,,689,113,
1106,北京航空航天大学,2024,吉林,提前批A段,物理类,,,590,7771,
1120,北京外国语大学,2024,吉林,提前批A段,物理类,,,557,5170,
1121,北京语言大学,2024,吉林,提前批A段,物理类,,,544,14161,
1122,中国传媒大学,2024,吉林,提前批A段,物理类,,,586,8399,
1126,中国人民公安大学,2024,吉林,提前批A段,物理类,,,554,1456,
1140,北京电子科技学院,2024,吉林,提前批A段,物理类,,,614,651,
1146,外交学院,2024,吉林,提前批A段,物理类,,,635,2482,
1165,北京工业职业技术学院,2024,吉林,提前批A段,物理类,,,310,74777,
1197,陆军装甲兵学院,2024,吉林,提前批A段,物理类,,,517,11860,
1198,战略支援部队航天工程大学,2024,吉林,提前批A段,物理类,,,538,1973,
1199,武警特种警察学院,2024,吉林,提前批A段,物理类,,,524,8889,
1205,中国民航大学,2024,吉林,提前批A段,物理类,,,542,16578,
1260,陆军军事交通学院,2024,吉林,提前批A段,物理类,,,578,8889,
1329,中国人民警察大学,2024,吉林,提前批A段,物理类,,,592,7476,
1334,中央司法警官学院,2024,吉林,提前批A段,物理类,,,494,9686,
2112,大连海事大学,2024,吉林,提前批A段,物理类,,,532,11291,
2117,大连海洋大学,2024,吉林,提前批A段,物理类,,,475,33275,
2133,中国刑事警察学院,2024,吉林,提前批A段,物理类,,,582,2724,
2158,辽宁省交通高等专科学校,2024,吉林,提前批A段,物理类,,,339,61814,
2198,渤海船舶职业学院,2024,吉林,提前批A段,物理类,,,315,69144,
2201,吉林大学,2024,吉林,提前批A段,物理类,,,633,2645,
2202,延边大学,2024,吉林,提前批A段,物理类,,,492,28607,
2207,吉林农业大学,2024,吉林,提前批A段,物理类,,,488,24665,
2208,长春中医药大学,2024,吉林,提前批A段,物理类,,,486,30222,
2209,东北师范大学,2024,吉林,提前批A段,物理类,,,644,1838,
2210,北华大学,2024,吉林,提前批A段,物理类,,,451,12955,
2211,吉林师范大学,2024,吉林,提前批A段,物理类,,,545,12216,
2212,长春师范大学,2024,吉林,提前批A段,物理类,,,515,17858,
2216,通化师范学院,2024,吉林,提前批A段,物理类,,,516,17641,
2217,吉林工程技术师范学院,2024,吉林,提前批A段,物理类,,,514,14161,
2218,白城师范学院,2024,吉林,提前批A段,物理类,,,531,17416,
2223,长春工程学院,2024,吉林,提前批A段,物理类,,,492,25192,
2225,吉林警察学院,2024,吉林,提前批A段,物理类,,,518,7625,
2229,吉林医药学院,2024,吉林,提前批A段,物理类,,,469,34873,
2247,吉林司法警官职业学院,2024,吉林,提前批A段,物理类,,,335,38787,
2251,长春职业技术学院,2024,吉林,提前批A段,物理类,,,187,62881,
2265,空军航空大学,2024,吉林,提前批A段,物理类,,,547,8889,
2274,空军航空大学,2024,吉林,提前批A段,物理类,,,484,30773,
3106,上海海事大学,2024,吉林,提前批A段,物理类,,,479,32148,
3111,华东师范大学,2024,吉林,提前批A段,物理类,,,568,1778,
3113,上海外国语大学,2024,吉林,提前批A段,物理类,,,590,7476,
3124,上海海关学院,2024,吉林,提前批A段,物理类,,,609,2978,
3245,南京警察学院,2024,吉林,提前批A段,物理类,,,558,3895,
3294,江苏海事职业技术学院,2024,吉林,提前批A段,物理类,,,362,64938,
3358,浙江建设职业技术学院,2024,吉林,提前批A段,物理类,,,282,76997,
3483,安徽交通职业技术学院,2024,吉林,提前批A段,物理类,,,301,76997,
3505,集美大学,2024,吉林,提前批A段,物理类,,,483,26967,
3619,南昌工程学院,2024,吉林,提前批A段,物理类,,,212,80937,
3659,江西信息应用职业技术学院,2024,吉林,提前批A段,物理类,,,222,79943,
3681,江西航空职业技术学院,2024,吉林,提前批A段,物理类,,,273,76542,
3720,烟台大学,2024,吉林,提前批A段,物理类,,,463,32699,
3740,山东交通学院,2024,吉林,提前批A段,物理类,,,461,36545,
3755,潍坊科技学院,2024,吉林,提前批A段,物理类,,,277,54410,
3768,潍坊工程职业学院,2024,吉林,提前批A段,物理类,,,237,55610,
3775,威海职业学院,2024,吉林,提前批A段,物理类,,,303,76707,
3799,滨州职业学院,2024,吉林,提前批A段,物理类,,,281,75451,
4158,郑州警察学院,2024,吉林,提前批A段,物理类,,,524,11120,
420,海军工程大学,2024,吉林,提前批A段,物理类,,,560,2055,
4200,空军预警学院,2024,吉林,提前批A段,物理类,,,528,3792,
4208,武汉理工大学,2024,吉林,提前批A段,物理类,,,511,20705,
4212,华中师范大学,2024,吉林,提前批A段,物理类,,,587,8095,
4256,武汉船舶职业技术学院,2024,吉林,提前批A段,物理类,,,278,79671,
4273,湖北交通职业技术学院,2024,吉林,提前批A段,物理类,,,298,73042,
4288,武昌职业学院,2024,吉林,提前批A段,物理类,,,305,68501,
4291,武汉交通职业学院,2024,吉林,提前批A段,物理类,,,244,81944,
4349,长沙航空职业技术学院,2024,吉林,提前批A段,物理类,,,364,53275,
4371,湖南国防工业职业技术学院,2024,吉林,提前批A段,物理类,,,294,73926,
4380,湖南体育职业学院,2024,吉林,提前批A段,物理类,,,276,78842,
4393,张家界航空工业职业技术学院,2024,吉林,提前批A段,物理类,,,291,73402,
4398,湖南汽车工程职业大学,2024,吉林,提前批A段,物理类,,,283,79184,
4418,南方科技大学,2024,吉林,提前批A段,物理类,,,648,1580,
4421,深圳北理莫斯科大学,2024,吉林,提前批A段,物理类,,,496,15125,
4434,广州航海学院,2024,吉林,提前批A段,物理类,,,455,33539,
4521,北部湾大学,2024,吉林,提前批A段,物理类,,,450,39073,
4578,陆军特种作战学院,2024,吉林,提前批A段,物理类,,,506,24936,
5003,重庆交通大学,2024,吉林,提前批A段,物理类,,,493,26172,
5005,西南大学,2024,吉林,提前批A段,物理类,,,614,3581,
5007,西南政法大学,2024,吉林,提前批A段,物理类,,,498,26967,
5013,四川外国语大学,2024,吉林,提前批A段,物理类,,,479,25682,
5024,重庆医药高等专科学校,2024,吉林,提前批A段,物理类,,,338,47395,
5032,重庆航天职业技术学院,2024,吉林,提前批A段,物理类,,,277,69773,
5050,重庆机电职业技术大学,2024,吉林,提前批A段,物理类,,,311,72641,
5117,中国民用航空飞行学院,2024,吉林,提前批A段,物理类,,,534,18310,
5153,成都航空职业技术学院,2024,吉林,提前批A段,物理类,,,228,60528,
6114,陕西师范大学,2024,吉林,提前批A段,物理类,,,582,9046,
6116,西安外国语大学,2024,吉林,提前批A段,物理类,,,516,22151,
6154,延安职业技术学院,2024,吉林,提前批A段,物理类,,,227,79476,
6166,西安航空职业技术学院,2024,吉林,提前批A段,物理类,,,263,80354,
6247,兰州资源环境职业技术大学,2024,吉林,提前批A段,物理类,,,293,72843,
6522,新疆警察学院,2024,吉林,提前批A段,物理类,,,462,19804,
8106,香港城市大学,2024,吉林,提前批A段,物理类,,,614,3581,
,中国消防救援学院,2024,吉林,提前批A段,物理类,,,560,9046,
1101,北京大学,2024,吉林,提前批B段,物理类,,,376,61306,
1103,清华大学,2024,吉林,提前批B段,物理类,,,697,113,
1104,北京交通大学,2024,吉林,提前批B段,物理类,,,590,7039,
1106,北京航空航天大学,2024,吉林,提前批B段,物理类,,,646,1717,
1107,北京理工大学,2024,吉林,提前批B段,物理类,,,597,6759,
1108,北京科技大学,2024,吉林,提前批B段,物理类,,,393,56724,
1110,北京化工大学,2024,吉林,提前批B段,物理类,,,566,11860,
1112,北京邮电大学,2024,吉林,提前批B段,物理类,,,641,2055,
1114,中国农业大学,2024,吉林,提前批B段,物理类,,,618,4129,
1117,北京中医药大学,2024,吉林,提前批B段,物理类,,,574,10349,
1124,对外经济贸易大学,2024,吉林,提前批B段,物理类,,,548,15343,
1130,华北电力大学(北京),2024,吉林,提前批B段,物理类,,,589,7943,
1132,中国矿业大学(北京),2024,吉林,提前批B段,物理类,,,534,18310,
1134,中国地质大学(北京),2024,吉林,提前批B段,物理类,,,319,74085,
1201,南开大学,2024,吉林,提前批B段,物理类,,,623,3581,
1304,华北电力大学(保定),2024,吉林,提前批B段,物理类,,,592,7476,
1412,太原师范学院,2024,吉林,提前批B段,物理类,,,136,83236,
2102,大连理工大学,2024,吉林,提前批B段,物理类,,,610,4238,
2106,东北大学,2024,吉林,提前批B段,物理类,,,607,5428,
2112,大连海事大学,2024,吉林,提前批B段,物理类,,,559,13163,
2201,吉林大学,2024,吉林,提前批B段,物理类,,,556,6206,
2209,东北师范大学,2024,吉林,提前批B段,物理类,,,558,8250,
2302,哈尔滨工业大学,2024,吉林,提前批B段,物理类,,,636,1717,
2304,哈尔滨工程大学,2024,吉林,提前批B段,物理类,,,583,5288,
2310,东北林业大学,2024,吉林,提前批B段,物理类,,,543,16351,
3101,复旦大学,2024,吉林,提前批B段,物理类,,,608,5288,
3102,同济大学,2024,吉林,提前批B段,物理类,,,637,2326,
3103,上海交通大学,2024,吉林,提前批B段,物理类,,,618,4129,
3104,华东理工大学,2024,吉林,提前批B段,物理类,,,554,14161,
3107,东华大学,2024,吉林,提前批B段,物理类,,,539,15125,
3111,华东师范大学,2024,吉林,提前批B段,物理类,,,577,3081,
3114,上海财经大学,2024,吉林,提前批B段,物理类,,,615,4479,
3164,上海交通大学医学院,2024,吉林,提前批B段,物理类,,,645,1778,
3201,南京大学,2024,吉林,提前批B段,物理类,,,615,4479,
3202,苏州大学,2024,吉林,提前批B段,物理类,,,547,15532,
3203,东南大学,2024,吉林,提前批B段,物理类,,,621,3792,
3204,南京航空航天大学,2024,吉林,提前批B段,物理类,,,608,5288,
3205,南京理工大学,2024,吉林,提前批B段,物理类,,,602,6070,
3212,江南大学,2024,吉林,提前批B段,物理类,,,567,11666,
3217,南京农业大学,2024,吉林,提前批B段,物理类,,,504,25434,
3220,中国药科大学,2024,吉林,提前批B段,物理类,,,552,14550,
3301,浙江大学,2024,吉林,提前批B段,物理类,,,673,470,
3702,中国海洋大学,2024,吉林,提前批B段,物理类,,,578,9686,
3704,中国石油大学(华东),2024,吉林,提前批B段,物理类,,,559,13163,
4101,郑州大学,2024,吉林,提前批B段,物理类,,,446,41357,
4201,武汉大学,2024,吉林,提前批B段,物理类,,,613,4717,
4202,华中科技大学,2024,吉林,提前批B段,物理类,,,545,15966,
4208,武汉理工大学,2024,吉林,提前批B段,物理类,,,542,16578,
4210,华中农业大学,2024,吉林,提前批B段,物理类,,,522,20946,
4212,华中师范大学,2024,吉林,提前批B段,物理类,,,551,14750,
4214,中南财经政法大学,2024,吉林,提前批B段,物理类,,,576,10027,
4303,湖南大学,2024,吉林,提前批B段,物理类,,,584,8727,
4304,中南大学,2024,吉林,提前批B段,物理类,,,576,10027,
4308,中南林业科技大学,2024,吉林,提前批B段,物理类,,,287,78748,
4401,中山大学,2024,吉林,提前批B段,物理类,,,607,5428,
4404,华南理工大学,2024,吉林,提前批B段,物理类,,,571,10929,
4501,广西大学,2024,吉林,提前批B段,物理类,,,559,13163,
5001,重庆大学,2024,吉林,提前批B段,物理类,,,486,30222,
5007,西南政法大学,2024,吉林,提前批B段,物理类,,,599,6496,
5102,西南交通大学,2024,吉林,提前批B段,物理类,,,556,13750,
5103,电子科技大学,2024,吉林,提前批B段,物理类,,,634,2565,
5104,西南石油大学,2024,吉林,提前批B段,物理类,,,336,70848,
5111,西南财经大学,2024,吉林,提前批B段,物理类,,,492,28607,
5201,贵州大学,2024,吉林,提前批B段,物理类,,,539,17196,
5301,云南大学,2024,吉林,提前批B段,物理类,,,555,13951,
6101,西北大学,2024,吉林,提前批B段,物理类,,,579,9550,
6102,西安交通大学,2024,吉林,提前批B段,物理类,,,618,4129,
6103,西北工业大学,2024,吉林,提前批B段,物理类,,,615,4479,
6105,西安电子科技大学,2024,吉林,提前批B段,物理类,,,620,3895,
6112,长安大学,2024,吉林,提前批B段,物理类,,,526,20028,
6113,西北农林科技大学,2024,吉林,提前批B段,物理类,,,544,16154,
6114,陕西师范大学,2024,吉林,提前批B段,物理类,,,611,4939,
6201,兰州大学,2024,吉林,提前批B段,物理类,,,560,12955,
,哈尔滨工业大学(威海),2024,吉林,提前批B段,物理类,,,597,6759,
1101,北京大学,2024,吉林,普通本科批,物理类,,,676,403,
1102,中国人民大学,2024,吉林,普通本科批,物理类,,,659,172,
1103,清华大学,2024,吉林,普通本科批,物理类,,,698,113,
1104,北京交通大学,2024,吉林,普通本科批,物理类,,,582,5170,
1105,北京工业大学,2024,吉林,普通本科批,物理类,,,584,5170,
1106,北京航空航天大学,2024,吉林,普通本科批,物理类,,,660,319,
1107,北京理工大学,2024,吉林,普通本科批,物理类,,,653,403,
1108,北京科技大学,2024,吉林,普通本科批,物理类,,,616,4363,
1109,北方工业大学,2024,吉林,普通本科批,物理类,,,530,9046,
1110,北京化工大学,2024,吉林,普通本科批,物理类,,,591,5818,
1111,北京工商大学,2024,吉林,普通本科批,物理类,,,571,10739,
1112,北京邮电大学,2024,吉林,普通本科批,物理类,,,648,921,
1114,中国农业大学,2024,吉林,普通本科批,物理类,,,610,3581,
1115,北京林业大学,2024,吉林,普通本科批,物理类,,,557,7321,
1116,首都医科大学,2024,吉林,普通本科批,物理类,,,588,733,
1117,北京中医药大学,2024,吉林,普通本科批,物理类,,,557,13559,
1118,北京师范大学,2024,吉林,普通本科批,物理类,,,625,1717,
1119,首都师范大学,2024,吉林,普通本科批,物理类,,,540,15125,
1120,北京外国语大学,2024,吉林,普通本科批,物理类,,,591,3171,
1121,北京语言大学,2024,吉林,普通本科批,物理类,,,549,11120,
1122,中国传媒大学,2024,吉林,普通本科批,物理类,,,581,8584,
1123,中央财经大学,2024,吉林,普通本科批,物理类,,,620,2565,
1124,对外经济贸易大学,2024,吉林,普通本科批,物理类,,,618,2402,
1125,首都经济贸易大学,2024,吉林,普通本科批,物理类,,,539,13750,
1126,中国人民公安大学,2024,吉林,普通本科批,物理类,,,608,5288,
1127,北京体育大学,2024,吉林,普通本科批,物理类,,,580,8399,
1128,中央民族大学,2024,吉林,普通本科批,物理类,,,554,8095,
1129,中国政法大学,2024,吉林,普通本科批,物理类,,,602,880,
1130,华北电力大学(北京),2024,吉林,普通本科批,物理类,,,578,7476,
1131,北京信息科技大学,2024,吉林,普通本科批,物理类,,,576,10027,
1132,中国矿业大学(北京),2024,吉林,普通本科批,物理类,,,557,13559,
1133,中国石油大学(北京),2024,吉林,普通本科批,物理类,,,581,8399,
1134,中国地质大学(北京),2024,吉林,普通本科批,物理类,,,562,10349,
1135,北京联合大学,2024,吉林,普通本科批,物理类,,,542,12414,
1138,北京印刷学院,2024,吉林,普通本科批,物理类,,,537,15532,
1141,北京农学院,2024,吉林,普通本科批,物理类,,,489,28607,
1142,北京协和医学院,2024,吉林,普通本科批,物理类,,,581,9206,
1144,北京第二外国语学院,2024,吉林,普通本科批,物理类,,,552,14550,
1145,北京物资学院,2024,吉林,普通本科批,物理类,,,510,19804,
1156,北京城市学院,2024,吉林,普通本科批,物理类,,,377,37935,
1162,中国劳动关系学院,2024,吉林,普通本科批,物理类,,,461,26438,
1188,北京大学医学部,2024,吉林,普通本科批,物理类,,,675,113,
1190,北京邮电大学,2024,吉林,普通本科批,物理类,,,591,3481,
1191,北京第二外国语学院中瑞酒店管理学院,2024,吉林,普通本科批,物理类,,,355,65944,
1194,北京邮电大学世纪学院,2024,吉林,普通本科批,物理类,,,452,39618,
1195,北京工业大学耿丹学院,2024,吉林,普通本科批,物理类,,,349,63633,
1196,中国社会科学院大学,2024,吉林,普通本科批,物理类,,,606,4479,
1201,南开大学,2024,吉林,普通本科批,物理类,,,652,1180,
1202,天津大学,2024,吉林,普通本科批,物理类,,,623,1022,
1203,天津科技大学,2024,吉林,普通本科批,物理类,,,531,18513,
1204,天津工业大学,2024,吉林,普通本科批,物理类,,,541,16763,
1205,中国民航大学,2024,吉林,普通本科批,物理类,,,554,13559,
1206,天津理工大学,2024,吉林,普通本科批,物理类,,,517,20251,
1207,天津医科大学,2024,吉林,普通本科批,物理类,,,590,6362,
1208,天津中医药大学,2024,吉林,普通本科批,物理类,,,555,5938,
1209,天津师范大学,2024,吉林,普通本科批,物理类,,,538,9872,
1210,天津职业技术师范大学,2024,吉林,普通本科批,物理类,,,513,21645,
1211,天津外国语大学,2024,吉林,普通本科批,物理类,,,463,16763,
1212,天津商业大学,2024,吉林,普通本科批,物理类,,,513,19804,
1213,天津财经大学,2024,吉林,普通本科批,物理类,,,537,7943,
1214,河北工业大学,2024,吉林,普通本科批,物理类,,,495,5428,
1215,天津中德应用技术大学,2024,吉林,普通本科批,物理类,,,466,35708,
1216,天津农学院,2024,吉林,普通本科批,物理类,,,453,39354,
1217,天津体育学院,2024,吉林,普通本科批,物理类,,,456,34873,
1220,天津城建大学,2024,吉林,普通本科批,物理类,,,481,24665,
1221,天津天狮学院,2024,吉林,普通本科批,物理类,,,371,61049,
1246,天津仁爱学院,2024,吉林,普通本科批,物理类,,,367,57297,
1247,天津财经大学珠江学院,2024,吉林,普通本科批,物理类,,,415,39889,
1250,天津商业大学宝德学院,2024,吉林,普通本科批,物理类,,,406,27502,
1251,天津医科大学临床医学院,2024,吉林,普通本科批,物理类,,,413,50913,
1254,天津理工大学中环信息学院,2024,吉林,普通本科批,物理类,,,408,52421,
1255,北京科技大学天津学院,2024,吉林,普通本科批,物理类,,,417,49755,
1301,河北大学,2024,吉林,普通本科批,物理类,,,491,15532,
1302,河北工程大学,2024,吉林,普通本科批,物理类,,,471,21422,
1303,河北地质大学,2024,吉林,普通本科批,物理类,,,458,34076,
1304,华北电力大学(保定),2024,吉林,普通本科批,物理类,,,572,8095,
1305,华北理工大学,2024,吉林,普通本科批,物理类,,,524,20464,
1306,河北科技大学,2024,吉林,普通本科批,物理类,,,484,28607,
1307,河北农业大学,2024,吉林,普通本科批,物理类,,,510,10349,
1308,河北医科大学,2024,吉林,普通本科批,物理类,,,521,18931,
1309,河北师范大学,2024,吉林,普通本科批,物理类,,,521,18310,
1310,石家庄铁道大学,2024,吉林,普通本科批,物理类,,,514,19353,
1311,燕山大学,2024,吉林,普通本科批,物理类,,,507,18513,
1312,河北经贸大学,2024,吉林,普通本科批,物理类,,,499,20946,
1313,河北建筑工程学院,2024,吉林,普通本科批,物理类,,,432,37653,
1315,河北北方学院,2024,吉林,普通本科批,物理类,,,499,16983,
1316,承德医学院,2024,吉林,普通本科批,物理类,,,562,12600,
1317,保定学院,2024,吉林,普通本科批,物理类,,,422,40428,
1318,河北民族师范学院,2024,吉林,普通本科批,物理类,,,416,50066,
1319,唐山师范学院,2024,吉林,普通本科批,物理类,,,485,29139,
1320,廊坊师范学院,2024,吉林,普通本科批,物理类,,,407,45349,
1321,衡水学院,2024,吉林,普通本科批,物理类,,,441,39073,
1323,邯郸学院,2024,吉林,普通本科批,物理类,,,429,44236,
1324,邢台学院,2024,吉林,普通本科批,物理类,,,446,41357,
1325,沧州师范学院,2024,吉林,普通本科批,物理类,,,450,34317,
1326,河北科技师范学院,2024,吉林,普通本科批,物理类,,,443,30222,
1327,唐山学院,2024,吉林,普通本科批,物理类,,,471,33817,
1328,华北科技学院,2024,吉林,普通本科批,物理类,,,445,41644,
1329,中国人民警察大学,2024,吉林,普通本科批,物理类,,,535,18083,
1331,河北金融学院,2024,吉林,普通本科批,物理类,,,483,28317,
1332,北华航天工业学院,2024,吉林,普通本科批,物理类,,,491,23864,
1333,防灾科技学院,2024,吉林,普通本科批,物理类,,,460,26438,
1335,河北中医药大学,2024,吉林,普通本科批,物理类,,,489,29416,
1336,张家口学院,2024,吉林,普通本科批,物理类,,,448,40428,
1340,河北工程技术学院,2024,吉林,普通本科批,物理类,,,395,53835,
1343,河北外国语学院,2024,吉林,普通本科批,物理类,,,351,57834,
1364,河北东方学院,2024,吉林,普通本科批,物理类,,,434,44785,
1401,山西大学,2024,吉林,普通本科批,物理类,,,574,8584,
1402,太原科技大学,2024,吉林,普通本科批,物理类,,,460,26967,
1403,中北大学,2024,吉林,普通本科批,物理类,,,447,28607,
1404,太原理工大学,2024,吉林,普通本科批,物理类,,,552,11860,
1405,山西农业大学,2024,吉林,普通本科批,物理类,,,433,43642,
1406,山西医科大学,2024,吉林,普通本科批,物理类,,,436,23378,
1407,山西师范大学,2024,吉林,普通本科批,物理类,,,426,41945,
1408,山西大同大学,2024,吉林,普通本科批,物理类,,,496,26172,
1409,山西财经大学,2024,吉林,普通本科批,物理类,,,469,13951,
1411,长治医学院,2024,吉林,普通本科批,物理类,,,427,38243,
1412,太原师范学院,2024,吉林,普通本科批,物理类,,,504,23378,
1413,晋中学院,2024,吉林,普通本科批,物理类,,,419,48321,
1414,长治学院,2024,吉林,普通本科批,物理类,,,455,38787,
1415,运城学院,2024,吉林,普通本科批,物理类,,,418,44785,
1416,忻州师范学院,2024,吉林,普通本科批,物理类,,,450,35167,
1417,山西中医药大学,2024,吉林,普通本科批,物理类,,,452,30222,
1418,吕梁学院,2024,吉林,普通本科批,物理类,,,476,32995,
1419,太原学院,2024,吉林,普通本科批,物理类,,,417,48603,
1420,太原工业学院,2024,吉林,普通本科批,物理类,,,447,41051,
1421,山西传媒学院,2024,吉林,普通本科批,物理类,,,438,38787,
1423,山西工程技术学院,2024,吉林,普通本科批,物理类,,,424,44498,
1445,山西应用科技学院,2024,吉林,普通本科批,物理类,,,400,53554,
1472,山西工学院,2024,吉林,普通本科批,物理类,,,430,29955,
1475,山西晋中理工学院,2024,吉林,普通本科批,物理类,,,404,52421,
1501,内蒙古大学,2024,吉林,普通本科批,物理类,,,530,10190,
1502,内蒙古科技大学,2024,吉林,普通本科批,物理类,,,423,44498,
1503,内蒙古工业大学,2024,吉林,普通本科批,物理类,,,424,32699,
1504,内蒙古农业大学,2024,吉林,普通本科批,物理类,,,328,26967,
1505,内蒙古医科大学,2024,吉林,普通本科批,物理类,,,312,14926,
1506,内蒙古师范大学,2024,吉林,普通本科批,物理类,,,458,33817,
1507,内蒙古民族大学,2024,吉林,普通本科批,物理类,,,469,34076,
1508,赤峰学院,2024,吉林,普通本科批,物理类,,,392,57032,
1509,内蒙古财经大学,2024,吉林,普通本科批,物理类,,,507,22395,
1510,呼伦贝尔学院,2024,吉林,普通本科批,物理类,,,425,47395,
1552,内蒙古科技大学包头师范学院,2024,吉林,普通本科批,物理类,,,482,31342,
2101,辽宁大学,2024,吉林,普通本科批,物理类,,,554,10190,
2102,大连理工大学,2024,吉林,普通本科批,物理类,,,588,1513,
2103,沈阳工业大学,2024,吉林,普通本科批,物理类,,,468,29674,
2104,沈阳航空航天大学,2024,吉林,普通本科批,物理类,,,528,8727,
2105,沈阳理工大学,2024,吉林,普通本科批,物理类,,,518,18513,
2106,东北大学,2024,吉林,普通本科批,物理类,,,609,5170,
2107,辽宁科技大学,2024,吉林,普通本科批,物理类,,,474,23140,
2108,辽宁工程技术大学,2024,吉林,普通本科批,物理类,,,450,12955,
2109,辽宁石油化工大学,2024,吉林,普通本科批,物理类,,,455,23864,
2110,沈阳化工大学,2024,吉林,普通本科批,物理类,,,505,22395,
2111,大连交通大学,2024,吉林,普通本科批,物理类,,,507,24665,
2112,大连海事大学,2024,吉林,普通本科批,物理类,,,556,8095,
2113,大连工业大学,2024,吉林,普通本科批,物理类,,,482,21886,
2114,沈阳建筑大学,2024,吉林,普通本科批,物理类,,,487,15125,
2115,辽宁工业大学,2024,吉林,普通本科批,物理类,,,486,29139,
2116,沈阳农业大学,2024,吉林,普通本科批,物理类,,,483,21177,
2117,大连海洋大学,2024,吉林,普通本科批,物理类,,,458,32699,
2118,中国医科大学,2024,吉林,普通本科批,物理类,,,558,268,
2119,大连医科大学,2024,吉林,普通本科批,物理类,,,478,3264,
2120,辽宁中医药大学,2024,吉林,普通本科批,物理类,,,496,14161,
2121,沈阳药科大学,2024,吉林,普通本科批,物理类,,,559,6070,
2122,辽宁师范大学,2024,吉林,普通本科批,物理类,,,484,24665,
2123,沈阳师范大学,2024,吉林,普通本科批,物理类,,,415,42822,
2124,渤海大学,2024,吉林,普通本科批,物理类,,,493,21422,
2125,大连外国语大学,2024,吉林,普通本科批,物理类,,,539,12600,
2126,东北财经大学,2024,吉林,普通本科批,物理类,,,529,8250,
2127,沈阳大学,2024,吉林,普通本科批,物理类,,,431,45659,
2128,大连大学,2024,吉林,普通本科批,物理类,,,434,24936,
2129,大连理工大学,2024,吉林,普通本科批,物理类,,,585,8584,
2130,锦州医科大学,2024,吉林,普通本科批,物理类,,,494,10739,
2131,沈阳医学院,2024,吉林,普通本科批,物理类,,,476,12955,
2132,鞍山师范学院,2024,吉林,普通本科批,物理类,,,479,24665,
2134,沈阳体育学院,2024,吉林,普通本科批,物理类,,,443,38243,
2135,沈阳音乐学院,2024,吉林,普通本科批,物理类,,,446,41357,
2137,辽宁对外经贸学院,2024,吉林,普通本科批,物理类,,,364,51806,
2138,辽宁科技学院,2024,吉林,普通本科批,物理类,,,457,31869,
2139,沈阳工程学院,2024,吉林,普通本科批,物理类,,,538,11468,
2141,大连民族大学,2024,吉林,普通本科批,物理类,,,459,20705,
2144,营口理工学院,2024,吉林,普通本科批,物理类,,,449,40428,
2149,辽宁何氏医学院,2024,吉林,普通本科批,物理类,,,381,59192,
2150,大连东软信息学院,2024,吉林,普通本科批,物理类,,,362,63117,
2151,辽宁财贸学院,2024,吉林,普通本科批,物理类,,,425,47395,
2167,辽宁传媒学院,2024,吉林,普通本科批,物理类,,,384,57032,
2191,辽宁理工职业大学,2024,吉林,普通本科批,物理类,,,386,53554,
2199,大连理工大学城市学院,2024,吉林,普通本科批,物理类,,,379,52125,
2201,吉林大学,2024,吉林,普通本科批,物理类,,,588,1652,
2202,延边大学,2024,吉林,普通本科批,物理类,,,404,13951,
2203,长春理工大学,2024,吉林,普通本科批,物理类,,,498,17858,
2204,东北电力大学,2024,吉林,普通本科批,物理类,,,475,23864,
2205,长春工业大学,2024,吉林,普通本科批,物理类,,,442,29674,
2206,吉林建筑大学,2024,吉林,普通本科批,物理类,,,396,33539,
2207,吉林农业大学,2024,吉林,普通本科批,物理类,,,442,38787,
2208,长春中医药大学,2024,吉林,普通本科批,物理类,,,419,47395,
2209,东北师范大学,2024,吉林,普通本科批,物理类,,,545,6496,
2210,北华大学,2024,吉林,普通本科批,物理类,,,426,27502,
2211,吉林师范大学,2024,吉林,普通本科批,物理类,,,432,24393,
2212,长春师范大学,2024,吉林,普通本科批,物理类,,,429,24936,
2213,吉林财经大学,2024,吉林,普通本科批,物理类,,,457,15125,
2214,长春大学,2024,吉林,普通本科批,物理类,,,415,23140,
2215,吉林化工学院,2024,吉林,普通本科批,物理类,,,414,43102,
2216,通化师范学院,2024,吉林,普通本科批,物理类,,,414,25682,
2217,吉林工程技术师范学院,2024,吉林,普通本科批,物理类,,,418,43951,
2218,白城师范学院,2024,吉林,普通本科批,物理类,,,396,34317,
2219,吉林体育学院,2024,吉林,普通本科批,物理类,,,419,48603,
2220,吉林艺术学院,2024,吉林,普通本科批,物理类,,,413,31071,
2221,吉林外国语大学,2024,吉林,普通本科批,物理类,,,366,45659,
2222,吉林工商学院,2024,吉林,普通本科批,物理类,,,416,30491,
2223,长春工程学院,2024,吉林,普通本科批,物理类,,,376,46505,
2224,吉林农业科技学院,2024,吉林,普通本科批,物理类,,,413,49180,
2225,吉林警察学院,2024,吉林,普通本科批,物理类,,,444,22395,
2226,长春财经学院,2024,吉林,普通本科批,物理类,,,356,47098,
2227,长春建筑学院,2024,吉林,普通本科批,物理类,,,355,65673,
2228,吉林动画学院,2024,吉林,普通本科批,物理类,,,384,57297,
2229,吉林医药学院,2024,吉林,普通本科批,物理类,,,420,48603,
2230,长春汽车职业技术大学,2024,吉林,普通本科批,物理类,,,431,41357,
2252,长春光华学院,2024,吉林,普通本科批,物理类,,,367,57834,
2253,长春工业大学人文信息学院,2024,吉林,普通本科批,物理类,,,376,50066,
2254,长春电子科技学院,2024,吉林,普通本科批,物理类,,,341,57032,
2255,吉林建筑科技学院,2024,吉林,普通本科批,物理类,,,361,56161,
2256,长春科技学院,2024,吉林,普通本科批,物理类,,,378,54410,
2257,吉林师范大学博达学院,2024,吉林,普通本科批,物理类,,,370,52997,
2258,长春大学旅游学院,2024,吉林,普通本科批,物理类,,,364,56439,
2259,长春人文学院,2024,吉林,普通本科批,物理类,,,364,55862,
2301,黑龙江大学,2024,吉林,普通本科批,物理类,,,523,18709,
2302,哈尔滨工业大学,2024,吉林,普通本科批,物理类,,,602,3264,
2303,哈尔滨理工大学,2024,吉林,普通本科批,物理类,,,441,22395,
2304,哈尔滨工程大学,2024,吉林,普通本科批,物理类,,,554,2402,
2305,黑龙江科技大学,2024,吉林,普通本科批,物理类,,,446,37653,
2306,东北石油大学,2024,吉林,普通本科批,物理类,,,412,18083,
2307,佳木斯大学,2024,吉林,普通本科批,物理类,,,372,62344,
2308,黑龙江八一农垦大学,2024,吉林,普通本科批,物理类,,,440,29139,
2309,东北农业大学,2024,吉林,普通本科批,物理类,,,384,13163,
2310,东北林业大学,2024,吉林,普通本科批,物理类,,,532,11291,
2311,哈尔滨医科大学,2024,吉林,普通本科批,物理类,,,469,33275,
2312,黑龙江中医药大学,2024,吉林,普通本科批,物理类,,,452,36267,
2313,哈尔滨师范大学,2024,吉林,普通本科批,物理类,,,434,28879,
2314,齐齐哈尔大学,2024,吉林,普通本科批,物理类,,,430,27224,
2315,哈尔滨商业大学,2024,吉林,普通本科批,物理类,,,449,28070,
2316,牡丹江医科大学,2024,吉林,普通本科批,物理类,,,475,14354,
2317,牡丹江师范学院,2024,吉林,普通本科批,物理类,,,443,27791,
2318,哈尔滨学院,2024,吉林,普通本科批,物理类,,,475,26683,
2319,大庆师范学院,2024,吉林,普通本科批,物理类,,,436,41945,
2320,绥化学院,2024,吉林,普通本科批,物理类,,,414,42822,
2322,哈尔滨金融学院,2024,吉林,普通本科批,物理类,,,494,25192,
2323,齐齐哈尔医学院,2024,吉林,普通本科批,物理类,,,467,35431,
2324,黑龙江工业学院,2024,吉林,普通本科批,物理类,,,424,39354,
2325,黑龙江东方学院,2024,吉林,普通本科批,物理类,,,385,56724,
2326,哈尔滨信息工程学院,2024,吉林,普通本科批,物理类,,,417,49755,
2327,黑龙江工程学院,2024,吉林,普通本科批,物理类,,,485,30491,
2329,齐齐哈尔工程学院,2024,吉林,普通本科批,物理类,,,375,60266,
2331,黑龙江财经学院,2024,吉林,普通本科批,物理类,,,382,51211,
2332,哈尔滨石油学院,2024,吉林,普通本科批,物理类,,,385,58910,
2333,哈尔滨剑桥学院,2024,吉林,普通本科批,物理类,,,386,58644,
2334,哈尔滨华德学院,2024,吉林,普通本科批,物理类,,,367,61049,
2335,黑河学院,2024,吉林,普通本科批,物理类,,,425,33539,
2378,黑龙江工商学院,2024,吉林,普通本科批,物理类,,,385,58910,
2379,哈尔滨远东理工学院,2024,吉林,普通本科批,物理类,,,405,50346,
2381,哈尔滨广厦学院,2024,吉林,普通本科批,物理类,,,399,54410,
3101,复旦大学,2024,吉林,普通本科批,物理类,,,687,157,
3102,同济大学,2024,吉林,普通本科批,物理类,,,635,498,
3103,上海交通大学,2024,吉林,普通本科批,物理类,,,685,113,
3104,华东理工大学,2024,吉林,普通本科批,物理类,,,599,6206,
3105,上海理工大学,2024,吉林,普通本科批,物理类,,,571,9550,
3106,上海海事大学,2024,吉林,普通本科批,物理类,,,568,11120,
3107,东华大学,2024,吉林,普通本科批,物理类,,,581,5170,
3108,上海应用技术大学,2024,吉林,普通本科批,物理类,,,484,26438,
3109,上海海洋大学,2024,吉林,普通本科批,物理类,,,566,11120,
3111,华东师范大学,2024,吉林,普通本科批,物理类,,,645,1778,
3112,上海师范大学,2024,吉林,普通本科批,物理类,,,559,13163,
3113,上海外国语大学,2024,吉林,普通本科批,物理类,,,582,8584,
3114,上海财经大学,2024,吉林,普通本科批,物理类,,,622,1059,
3115,华东政法大学,2024,吉林,普通本科批,物理类,,,593,3481,
3116,上海大学,2024,吉林,普通本科批,物理类,,,601,6206,
3117,上海工程技术大学,2024,吉林,普通本科批,物理类,,,495,22395,
3118,上海第二工业大学,2024,吉林,普通本科批,物理类,,,525,18083,
3121,上海电力大学,2024,吉林,普通本科批,物理类,,,593,6362,
3122,上海健康医学院,2024,吉林,普通本科批,物理类,,,459,37653,
3124,上海海关学院,2024,吉林,普通本科批,物理类,,,572,10739,
3128,上海立信会计金融学院,2024,吉林,普通本科批,物理类,,,523,13163,
3129,上海电机学院,2024,吉林,普通本科批,物理类,,,515,20028,
3131,上海政法学院,2024,吉林,普通本科批,物理类,,,568,6070,
3132,上海商学院,2024,吉林,普通本科批,物理类,,,501,25434,
3133,上海建桥学院,2024,吉林,普通本科批,物理类,,,377,53554,
3152,上海立达学院,2024,吉林,普通本科批,物理类,,,356,58644,
3163,复旦大学医学院,2024,吉林,普通本科批,物理类,,,664,147,
3164,上海交通大学医学院,2024,吉林,普通本科批,物理类,,,646,113,
3167,上海外国语大学贤达经济人文学院,2024,吉林,普通本科批,物理类,,,340,56439,
3168,上海师范大学天华学院,2024,吉林,普通本科批,物理类,,,442,42516,
3170,上海杉达学院,2024,吉林,普通本科批,物理类,,,411,51502,
3200000,中国人民大学,2024,吉林,普通本科批,物理类,,,634,2565,
3200000000,无锡学院,2024,吉林,普通本科批,物理类,,,527,16983,
3201,南京大学,2024,吉林,普通本科批,物理类,,,679,319,
3202,苏州大学,2024,吉林,普通本科批,物理类,,,567,11468,
3203,东南大学,2024,吉林,普通本科批,物理类,,,660,448,
3204,南京航空航天大学,2024,吉林,普通本科批,物理类,,,605,2978,
3205,南京理工大学,2024,吉林,普通本科批,物理类,,,597,3481,
3206,江苏科技大学,2024,吉林,普通本科批,物理类,,,532,17416,
3208,南京工业大学,2024,吉林,普通本科批,物理类,,,539,11120,
3209,常州大学,2024,吉林,普通本科批,物理类,,,503,25682,
3210,南京邮电大学,2024,吉林,普通本科批,物理类,,,588,4829,
3211,河海大学,2024,吉林,普通本科批,物理类,,,564,4939,
3212,江南大学,2024,吉林,普通本科批,物理类,,,579,7771,
3213,南京林业大学,2024,吉林,普通本科批,物理类,,,533,14161,
3214,江苏大学,2024,吉林,普通本科批,物理类,,,566,11468,
3215,南京信息工程大学,2024,吉林,普通本科批,物理类,,,569,7476,
3216,南通大学,2024,吉林,普通本科批,物理类,,,512,17196,
3217,南京农业大学,2024,吉林,普通本科批,物理类,,,554,12216,
3220,中国药科大学,2024,吉林,普通本科批,物理类,,,574,3264,
3221,南京师范大学,2024,吉林,普通本科批,物理类,,,552,9046,
3223,南京财经大学,2024,吉林,普通本科批,物理类,,,535,9872,
3224,扬州大学,2024,吉林,普通本科批,物理类,,,532,11666,
3226,西交利物浦大学,2024,吉林,普通本科批,物理类,,,550,14354,
3227,盐城工学院,2024,吉林,普通本科批,物理类,,,456,35708,
3229,淮阴师范学院,2024,吉林,普通本科批,物理类,,,491,28607,
3230,盐城师范学院,2024,吉林,普通本科批,物理类,,,497,27224,
3234,苏州科技大学,2024,吉林,普通本科批,物理类,,,533,18513,
3236,金陵科技学院,2024,吉林,普通本科批,物理类,,,451,39889,
3237,淮阴工学院,2024,吉林,普通本科批,物理类,,,465,35963,
3238,徐州工程学院,2024,吉林,普通本科批,物理类,,,499,26683,
3239,常州工学院,2024,吉林,普通本科批,物理类,,,504,23614,
3240,三江学院,2024,吉林,普通本科批,物理类,,,379,56724,
3241,南京工程学院,2024,吉林,普通本科批,物理类,,,539,10190,
3242,南京审计大学,2024,吉林,普通本科批,物理类,,,580,5682,
3244,江苏理工学院,2024,吉林,普通本科批,物理类,,,500,26438,
3246,江苏海洋大学,2024,吉林,普通本科批,物理类,,,458,16763,
3249,江苏第二师范学院,2024,吉林,普通本科批,物理类,,,493,24665,
3252,无锡太湖学院,2024,吉林,普通本科批,物理类,,,416,45058,
3272,南京特殊教育师范学院,2024,吉林,普通本科批,物理类,,,454,25192,
3301,浙江大学,2024,吉林,普通本科批,物理类,,,663,113,
3302,杭州电子科技大学,2024,吉林,普通本科批,物理类,,,586,8399,
3303,浙江工业大学,2024,吉林,普通本科批,物理类,,,567,7943,
3304,浙江理工大学,2024,吉林,普通本科批,物理类,,,533,15966,
3306,浙江农林大学,2024,吉林,普通本科批,物理类,,,428,29674,
3308,浙江师范大学,2024,吉林,普通本科批,物理类,,,555,11666,
3310,温州大学,2024,吉林,普通本科批,物理类,,,553,12216,
3311,浙江工商大学,2024,吉林,普通本科批,物理类,,,547,9872,
3312,中国计量大学,2024,吉林,普通本科批,物理类,,,563,11120,
3313,浙江财经大学,2024,吉林,普通本科批,物理类,,,562,9046,
3314,宁波大学,2024,吉林,普通本科批,物理类,,,559,9206,
3315,宁波诺丁汉大学,2024,吉林,普通本科批,物理类,,,547,14926,
3317,浙江大学医学院,2024,吉林,普通本科批,物理类,,,641,268,
3318,温州医科大学,2024,吉林,普通本科批,物理类,,,600,3264,
3319,湖州师范学院,2024,吉林,普通本科批,物理类,,,454,39073,
3320,绍兴文理学院,2024,吉林,普通本科批,物理类,,,506,23140,
3321,台州学院,2024,吉林,普通本科批,物理类,,,445,39889,
3323,嘉兴大学,2024,吉林,普通本科批,物理类,,,519,19581,
3326,浙江万里学院,2024,吉林,普通本科批,物理类,,,465,32148,
3327,浙江科技大学,2024,吉林,普通本科批,物理类,,,530,18513,
3331,浙江传媒学院,2024,吉林,普通本科批,物理类,,,525,18709,
3388,上海财经大学浙江学院,2024,吉林,普通本科批,物理类,,,476,28607,
3401,安徽大学,2024,吉林,普通本科批,物理类,,,584,6362,
3402,中国科学技术大学,2024,吉林,普通本科批,物理类,,,681,189,
3403,合肥工业大学,2024,吉林,普通本科批,物理类,,,536,14161,
3404,安徽工业大学,2024,吉林,普通本科批,物理类,,,485,22151,
3405,安徽理工大学,2024,吉林,普通本科批,物理类,,,493,17641,
3407,安徽农业大学,2024,吉林,普通本科批,物理类,,,464,18709,
3410,淮北师范大学,2024,吉林,普通本科批,物理类,,,457,36267,
3411,安徽财经大学,2024,吉林,普通本科批,物理类,,,529,11120,
3412,安徽建筑大学,2024,吉林,普通本科批,物理类,,,421,24393,
3413,合肥工业大学,2024,吉林,普通本科批,物理类,,,557,6362,
3418,安庆师范大学,2024,吉林,普通本科批,物理类,,,489,29416,
3421,滁州学院,2024,吉林,普通本科批,物理类,,,450,35963,
3422,宿州学院,2024,吉林,普通本科批,物理类,,,415,49468,
3425,铜陵学院,2024,吉林,普通本科批,物理类,,,461,34076,
3426,安徽科技学院,2024,吉林,普通本科批,物理类,,,448,40737,
3434,安徽外国语学院,2024,吉林,普通本科批,物理类,,,378,58382,
3501,厦门大学,2024,吉林,普通本科批,物理类,,,568,1456,
3502,华侨大学,2024,吉林,普通本科批,物理类,,,422,23614,
3503,福州大学,2024,吉林,普通本科批,物理类,,,577,8727,
3504,福建农林大学,2024,吉林,普通本科批,物理类,,,459,32148,
3505,集美大学,2024,吉林,普通本科批,物理类,,,502,21886,
3506,福建医科大学,2024,吉林,普通本科批,物理类,,,596,6362,
3510,仰恩大学,2024,吉林,普通本科批,物理类,,,401,54410,
3511,福建理工大学,2024,吉林,普通本科批,物理类,,,460,34589,
3512,闽江学院,2024,吉林,普通本科批,物理类,,,493,27502,
3513,武夷学院,2024,吉林,普通本科批,物理类,,,441,39618,
3515,泉州师范学院,2024,吉林,普通本科批,物理类,,,420,40737,
3516,厦门理工学院,2024,吉林,普通本科批,物理类,,,521,17641,
3517,三明学院,2024,吉林,普通本科批,物理类,,,419,47737,
3518,龙岩学院,2024,吉林,普通本科批,物理类,,,418,45058,
3527,福州外语外贸学院,2024,吉林,普通本科批,物理类,,,365,62069,
3567,厦门华厦学院,2024,吉林,普通本科批,物理类,,,365,59994,
3581,闽南科技学院,2024,吉林,普通本科批,物理类,,,385,56161,
3583,厦门工学院,2024,吉林,普通本科批,物理类,,,371,58910,
3585,厦门大学嘉庚学院,2024,吉林,普通本科批,物理类,,,417,41357,
3586,福州大学至诚学院,2024,吉林,普通本科批,物理类,,,396,53554,
3587,集美大学诚毅学院,2024,吉林,普通本科批,物理类,,,417,48321,
3588,厦门医学院,2024,吉林,普通本科批,物理类,,,513,20705,
3601,南昌大学,2024,吉林,普通本科批,物理类,,,546,15532,
3602,华东交通大学,2024,吉林,普通本科批,物理类,,,530,10739,
3603,东华理工大学,2024,吉林,普通本科批,物理类,,,504,22395,
3604,南昌航空大学,2024,吉林,普通本科批,物理类,,,522,15125,
3605,江西理工大学,2024,吉林,普通本科批,物理类,,,500,18931,
3606,江西农业大学,2024,吉林,普通本科批,物理类,,,478,32416,
3607,江西中医药大学,2024,吉林,普通本科批,物理类,,,521,19581,
3608,江西师范大学,2024,吉林,普通本科批,物理类,,,572,9550,
3609,赣南师范大学,2024,吉林,普通本科批,物理类,,,446,33275,
3610,江西财经大学,2024,吉林,普通本科批,物理类,,,553,9686,
3611,江西科技师范大学,2024,吉林,普通本科批,物理类,,,456,37378,
3613,景德镇陶瓷大学,2024,吉林,普通本科批,物理类,,,482,29416,
3614,赣南医科大学,2024,吉林,普通本科批,物理类,,,438,31598,
3615,上饶师范学院,2024,吉林,普通本科批,物理类,,,421,39618,
3616,宜春学院,2024,吉林,普通本科批,物理类,,,465,35431,
3617,井冈山大学,2024,吉林,普通本科批,物理类,,,452,37935,
3618,江西科技学院,2024,吉林,普通本科批,物理类,,,410,51806,
3619,南昌工程学院,2024,吉林,普通本科批,物理类,,,488,21886,
3621,新余学院,2024,吉林,普通本科批,物理类,,,452,34076,
3622,九江学院,2024,吉林,普通本科批,物理类,,,434,42822,
3624,南昌理工学院,2024,吉林,普通本科批,物理类,,,378,58644,
3626,南昌工学院,2024,吉林,普通本科批,物理类,,,379,56439,
3629,萍乡学院,2024,吉林,普通本科批,物理类,,,425,47098,
3650,江西工程学院,2024,吉林,普通本科批,物理类,,,403,53835,
3658,江西应用科技学院,2024,吉林,普通本科批,物理类,,,399,55007,
3684,南昌大学科学技术学院,2024,吉林,普通本科批,物理类,,,396,55862,
3686,南昌交通学院,2024,吉林,普通本科批,物理类,,,395,51806,
3687,赣东学院,2024,吉林,普通本科批,物理类,,,419,49180,
3688,南昌航空大学科技学院,2024,吉林,普通本科批,物理类,,,404,46212,
3689,赣南科技学院,2024,吉林,普通本科批,物理类,,,445,40737,
3690,景德镇艺术职业大学,2024,吉林,普通本科批,物理类,,,386,58644,
3691,江西农业大学南昌商学院,2024,吉林,普通本科批,物理类,,,396,50346,
3692,南昌医学院,2024,吉林,普通本科批,物理类,,,500,13750,
3693,江西师范大学科学技术学院,2024,吉林,普通本科批,物理类,,,398,53554,
3696,江西财经大学现代经济管理学院,2024,吉林,普通本科批,物理类,,,401,48876,
370,山东大学威海分校,2024,吉林,普通本科批,物理类,,,596,6496,
3700,青岛农业大学海都学院,2024,吉林,普通本科批,物理类,,,404,53554,
37000000,烟台科技学院,2024,吉林,普通本科批,物理类,,,380,60266,
370000000,烟台理工学院,2024,吉林,普通本科批,物理类,,,386,58644,
3700000000,青岛城市学院,2024,吉林,普通本科批,物理类,,,371,59192,
3701,山东大学,2024,吉林,普通本科批,物理类,,,619,4015,
3702,中国海洋大学,2024,吉林,普通本科批,物理类,,,606,5546,
3703,山东科技大学,2024,吉林,普通本科批,物理类,,,539,14161,
3704,中国石油大学(华东),2024,吉林,普通本科批,物理类,,,563,7771,
3705,青岛科技大学,2024,吉林,普通本科批,物理类,,,490,26172,
3706,济南大学,2024,吉林,普通本科批,物理类,,,513,20464,
3707,青岛理工大学,2024,吉林,普通本科批,物理类,,,519,15966,
3708,山东建筑大学,2024,吉林,普通本科批,物理类,,,501,26172,
3709,齐鲁工业大学,2024,吉林,普通本科批,物理类,,,480,23614,
3710,山东理工大学,2024,吉林,普通本科批,物理类,,,502,18310,
3711,山东农业大学,2024,吉林,普通本科批,物理类,,,467,28070,
3712,青岛农业大学,2024,吉林,普通本科批,物理类,,,455,37095,
3713,山东中医药大学,2024,吉林,普通本科批,物理类,,,527,12216,
3714,山东师范大学,2024,吉林,普通本科批,物理类,,,501,17196,
3715,曲阜师范大学,2024,吉林,普通本科批,物理类,,,509,22889,
3716,聊城大学,2024,吉林,普通本科批,物理类,,,472,31869,
3717,鲁东大学,2024,吉林,普通本科批,物理类,,,459,25434,
3718,山东财经大学,2024,吉林,普通本科批,物理类,,,531,13559,
3719,青岛大学,2024,吉林,普通本科批,物理类,,,559,11120,
3720,烟台大学,2024,吉林,普通本科批,物理类,,,431,20464,
3721,北京交通大学,2024,吉林,普通本科批,物理类,,,569,10349,
3722,山东第二医科大学,2024,吉林,普通本科批,物理类,,,487,29955,
3723,山东第一医科大学,2024,吉林,普通本科批,物理类,,,483,7476,
3724,滨州医学院,2024,吉林,普通本科批,物理类,,,429,41644,
3725,济宁医学院,2024,吉林,普通本科批,物理类,,,463,16351,
3726,德州学院,2024,吉林,普通本科批,物理类,,,446,41357,
3727,山东航空学院,2024,吉林,普通本科批,物理类,,,469,33539,
3728,临沂大学,2024,吉林,普通本科批,物理类,,,469,28070,
3729,泰山学院,2024,吉林,普通本科批,物理类,,,441,42822,
3730,济宁学院,2024,吉林,普通本科批,物理类,,,429,46212,
3731,菏泽学院,2024,吉林,普通本科批,物理类,,,443,38787,
3734,齐鲁医药学院,2024,吉林,普通本科批,物理类,,,459,20251,
3735,青岛滨海学院,2024,吉林,普通本科批,物理类,,,385,58910,
3736,枣庄学院,2024,吉林,普通本科批,物理类,,,463,33539,
3738,潍坊学院,2024,吉林,普通本科批,物理类,,,413,34589,
3740,山东交通学院,2024,吉林,普通本科批,物理类,,,462,32699,
3741,山东工商学院,2024,吉林,普通本科批,物理类,,,444,22151,
3743,烟台南山学院,2024,吉林,普通本科批,物理类,,,394,56439,
3744,青岛工学院,2024,吉林,普通本科批,物理类,,,381,54720,
3745,齐鲁理工学院,2024,吉林,普通本科批,物理类,,,383,59456,
3746,山东政法学院,2024,吉林,普通本科批,物理类,,,535,12033,
3750,山东管理学院,2024,吉林,普通本科批,物理类,,,468,29955,
3755,潍坊科技学院,2024,吉林,普通本科批,物理类,,,391,55293,
3756,山东英才学院,2024,吉林,普通本科批,物理类,,,358,64671,
3757,青岛恒星科技学院,2024,吉林,普通本科批,物理类,,,364,53554,
3758,青岛黄海学院,2024,吉林,普通本科批,物理类,,,382,55610,
3759,山东协和学院,2024,吉林,普通本科批,物理类,,,355,51211,
41,郑州科技学院,2024,吉林,普通本科批,物理类,,,390,51806,
4101,郑州大学,2024,吉林,普通本科批,物理类,,,564,11468,
4102,河南理工大学,2024,吉林,普通本科批,物理类,,,475,26438,
4103,河南工业大学,2024,吉林,普通本科批,物理类,,,468,31071,
4104,河南科技大学,2024,吉林,普通本科批,物理类,,,536,16578,
4105,河南农业大学,2024,吉林,普通本科批,物理类,,,517,15966,
4106,河南大学,2024,吉林,普通本科批,物理类,,,554,12795,
4107,河南师范大学,2024,吉林,普通本科批,物理类,,,450,37653,
4110,华北水利水电大学,2024,吉林,普通本科批,物理类,,,465,19581,
4111,郑州轻工业大学,2024,吉林,普通本科批,物理类,,,510,19804,
4112,中原工学院,2024,吉林,普通本科批,物理类,,,434,38787,
4113,河南科技学院,2024,吉林,普通本科批,物理类,,,431,45659,
4114,河南牧业经济学院,2024,吉林,普通本科批,物理类,,,420,47098,
4115,河南中医药大学,2024,吉林,普通本科批,物理类,,,493,26438,
4116,新乡医学院,2024,吉林,普通本科批,物理类,,,480,30222,
4117,信阳师范大学,2024,吉林,普通本科批,物理类,,,434,44785,
4118,周口师范学院,2024,吉林,普通本科批,物理类,,,426,41051,
4119,安阳师范学院,2024,吉林,普通本科批,物理类,,,479,30773,
4121,南阳师范学院,2024,吉林,普通本科批,物理类,,,470,34589,
4122,洛阳师范学院,2024,吉林,普通本科批,物理类,,,435,42822,
4123,商丘师范学院,2024,吉林,普通本科批,物理类,,,428,46505,
4124,郑州航空工业管理学院,2024,吉林,普通本科批,物理类,,,428,33275,
4125,黄淮学院,2024,吉林,普通本科批,物理类,,,453,35963,
4126,平顶山学院,2024,吉林,普通本科批,物理类,,,439,43373,
4127,洛阳理工学院,2024,吉林,普通本科批,物理类,,,499,24936,
4128,新乡学院,2024,吉林,普通本科批,物理类,,,413,50913,
4130,安阳工学院,2024,吉林,普通本科批,物理类,,,412,43951,
4131,河南财政金融学院,2024,吉林,普通本科批,物理类,,,476,26438,
4132,南阳理工学院,2024,吉林,普通本科批,物理类,,,413,32148,
4133,河南城建学院,2024,吉林,普通本科批,物理类,,,414,48018,
4135,黄河科技学院,2024,吉林,普通本科批,物理类,,,392,57032,
4136,郑州师范学院,2024,吉林,普通本科批,物理类,,,519,21645,
4137,郑州商学院,2024,吉林,普通本科批,物理类,,,407,50066,
4138,郑州升达经贸管理学院,2024,吉林,普通本科批,物理类,,,403,53835,
4144,郑州工业应用技术学院,2024,吉林,普通本科批,物理类,,,396,55862,
4148,河南工程学院,2024,吉林,普通本科批,物理类,,,436,44236,
4201,武汉大学,2024,吉林,普通本科批,物理类,,,581,381,
4202,华中科技大学,2024,吉林,普通本科批,物理类,,,619,498,
4203,武汉科技大学,2024,吉林,普通本科批,物理类,,,548,13750,
4204,长江大学,2024,吉林,普通本科批,物理类,,,464,22151,
4205,武汉工程大学,2024,吉林,普通本科批,物理类,,,551,13559,
4206,中国地质大学(武汉),2024,吉林,普通本科批,物理类,,,545,6496,
4207,武汉纺织大学,2024,吉林,普通本科批,物理类,,,543,16351,
4208,武汉理工大学,2024,吉林,普通本科批,物理类,,,572,6206,
4210,华中农业大学,2024,吉林,普通本科批,物理类,,,543,15125,
4211,湖北中医药大学,2024,吉林,普通本科批,物理类,,,488,29674,
4212,华中师范大学,2024,吉林,普通本科批,物理类,,,564,8399,
4214,中南财经政法大学,2024,吉林,普通本科批,物理类,,,586,5051,
4215,中南民族大学,2024,吉林,普通本科批,物理类,,,505,22656,
4217,三峡大学,2024,吉林,普通本科批,物理类,,,524,20251,
4222,武汉轻工大学,2024,吉林,普通本科批,物理类,,,507,21422,
4223,湖北师范大学,2024,吉林,普通本科批,物理类,,,549,14750,
4225,湖北民族大学,2024,吉林,普通本科批,物理类,,,440,43102,
4226,湖北文理学院,2024,吉林,普通本科批,物理类,,,492,27224,
4227,武汉体育学院,2024,吉林,普通本科批,物理类,,,462,36818,
4229,湖北汽车工业学院,2024,吉林,普通本科批,物理类,,,504,23140,
4230,湖北工程学院,2024,吉林,普通本科批,物理类,,,424,45349,
4231,湖北理工学院,2024,吉林,普通本科批,物理类,,,509,23614,
4232,湖北科技学院,2024,吉林,普通本科批,物理类,,,464,34076,
4233,湖北医药学院,2024,吉林,普通本科批,物理类,,,537,16154,
4238,湖北经济学院,2024,吉林,普通本科批,物理类,,,504,22656,
4240,汉口学院,2024,吉林,普通本科批,物理类,,,372,62344,
4241,武汉生物工程学院,2024,吉林,普通本科批,物理类,,,388,37935,
4245,武汉学院,2024,吉林,普通本科批,物理类,,,397,45919,
4301,湘潭大学,2024,吉林,普通本科批,物理类,,,513,12414,
4302,吉首大学,2024,吉林,普通本科批,物理类,,,428,46505,
4303,湖南大学,2024,吉林,普通本科批,物理类,,,588,4129,
4304,中南大学,2024,吉林,普通本科批,物理类,,,608,5288,
4305,湖南科技大学,2024,吉林,普通本科批,物理类,,,463,18931,
4306,长沙理工大学,2024,吉林,普通本科批,物理类,,,536,8727,
4307,湖南农业大学,2024,吉林,普通本科批,物理类,,,468,28879,
4308,中南林业科技大学,2024,吉林,普通本科批,物理类,,,532,18709,
4309,湖南中医药大学,2024,吉林,普通本科批,物理类,,,427,24665,
4310,湖南师范大学,2024,吉林,普通本科批,物理类,,,549,12600,
4311,南华大学,2024,吉林,普通本科批,物理类,,,423,26438,
4313,湖南工业大学,2024,吉林,普通本科批,物理类,,,460,17858,
4316,湖南理工学院,2024,吉林,普通本科批,物理类,,,424,31342,
4317,湘南学院,2024,吉林,普通本科批,物理类,,,446,30222,
4318,衡阳师范学院,2024,吉林,普通本科批,物理类,,,408,51806,
4319,邵阳学院,2024,吉林,普通本科批,物理类,,,425,40428,
4320,怀化学院,2024,吉林,普通本科批,物理类,,,448,38505,
4321,湖南文理学院,2024,吉林,普通本科批,物理类,,,428,40737,
4322,湖南科技学院,2024,吉林,普通本科批,物理类,,,434,41051,
4323,湖南人文科技学院,2024,吉林,普通本科批,物理类,,,419,41644,
4324,湖南工商大学,2024,吉林,普通本科批,物理类,,,512,21177,
4325,长沙医学院,2024,吉林,普通本科批,物理类,,,442,40428,
4326,长沙学院,2024,吉林,普通本科批,物理类,,,453,33817,
4327,湖南工程学院,2024,吉林,普通本科批,物理类,,,434,39354,
4328,湖南城市学院,2024,吉林,普通本科批,物理类,,,420,40428,
4329,湖南工学院,2024,吉林,普通本科批,物理类,,,463,36545,
4330,湖南财政经济学院,2024,吉林,普通本科批,物理类,,,503,23378,
4333,湖南涉外经济学院,2024,吉林,普通本科批,物理类,,,352,64411,
4336,湖南第一师范学院,2024,吉林,普通本科批,物理类,,,456,29674,
4337,湖南医药学院,2024,吉林,普通本科批,物理类,,,475,14926,
440,广州南方学院,2024,吉林,普通本科批,物理类,,,350,43373,
4401,中山大学,2024,吉林,普通本科批,物理类,,,637,2139,
4402,暨南大学,2024,吉林,普通本科批,物理类,,,562,10190,
4404,华南理工大学,2024,吉林,普通本科批,物理类,,,634,2203,
4405,华南农业大学,2024,吉林,普通本科批,物理类,,,520,19353,
4408,广东医科大学,2024,吉林,普通本科批,物理类,,,559,8889,
4409,广州中医药大学,2024,吉林,普通本科批,物理类,,,564,5682,
4410,华南师范大学,2024,吉林,普通本科批,物理类,,,588,5818,
4411,深圳大学,2024,吉林,普通本科批,物理类,,,588,7943,
4413,广州大学,2024,吉林,普通本科批,物理类,,,567,11666,
4414,五邑大学,2024,吉林,普通本科批,物理类,,,522,20946,
4416,广东外语外贸大学,2024,吉林,普通本科批,物理类,,,495,11291,
4417,南方医科大学,2024,吉林,普通本科批,物理类,,,575,846,
4422,广东药科大学,2024,吉林,普通本科批,物理类,,,501,20464,
4423,韶关学院,2024,吉林,普通本科批,物理类,,,411,50633,
4425,韩山师范学院,2024,吉林,普通本科批,物理类,,,457,32148,
4437,广东金融学院,2024,吉林,普通本科批,物理类,,,537,17416,
4438,广东石油化工学院,2024,吉林,普通本科批,物理类,,,463,31598,
4446,北京师范大学-香港浸会大学联合国际学院,2024,吉林,普通本科批,物理类,,,542,16154,
4495,广东东软学院,2024,吉林,普通本科批,物理类,,,376,57834,
4498,岭南师范学院,2024,吉林,普通本科批,物理类,,,446,41357,
4501,广西大学,2024,吉林,普通本科批,物理类,,,538,9550,
4502,桂林电子科技大学,2024,吉林,普通本科批,物理类,,,528,16578,
4503,桂林理工大学,2024,吉林,普通本科批,物理类,,,477,21886,
4505,广西师范大学,2024,吉林,普通本科批,物理类,,,405,53275,
4506,广西民族大学,2024,吉林,普通本科批,物理类,,,482,30773,
4508,广西科技大学,2024,吉林,普通本科批,物理类,,,478,32148,
4509,右江民族医学院,2024,吉林,普通本科批,物理类,,,427,46812,
4510,广西中医药大学,2024,吉林,普通本科批,物理类,,,467,25682,
4511,桂林医学院,2024,吉林,普通本科批,物理类,,,518,18083,
4512,南宁师范大学,2024,吉林,普通本科批,物理类,,,463,34589,
4515,玉林师范学院,2024,吉林,普通本科批,物理类,,,414,49755,
4517,百色学院,2024,吉林,普通本科批,物理类,,,416,49180,
4518,梧州学院,2024,吉林,普通本科批,物理类,,,412,48018,
4519,广西财经学院,2024,吉林,普通本科批,物理类,,,477,32699,
4520,南宁学院,2024,吉林,普通本科批,物理类,,,380,60266,
4521,北部湾大学,2024,吉林,普通本科批,物理类,,,398,55293,
4523,桂林旅游学院,2024,吉林,普通本科批,物理类,,,419,48321,
4524,贺州学院,2024,吉林,普通本科批,物理类,,,420,48876,
4525,广西外国语学院,2024,吉林,普通本科批,物理类,,,337,61306,
4527,广西科技师范学院,2024,吉林,普通本科批,物理类,,,436,41051,
4566,柳州工学院,2024,吉林,普通本科批,物理类,,,391,57297,
4568,桂林学院,2024,吉林,普通本科批,物理类,,,409,51502,
4570,广西中医药大学赛恩斯新医药学院,2024,吉林,普通本科批,物理类,,,407,49755,
4572,南宁理工学院,2024,吉林,普通本科批,物理类,,,388,58106,
4601,海南大学,2024,吉林,普通本科批,物理类,,,541,15532,
4602,海南师范大学,2024,吉林,普通本科批,物理类,,,513,20464,
4604,海南热带海洋学院,2024,吉林,普通本科批,物理类,,,397,31869,
4605,海南医科大学,2024,吉林,普通本科批,物理类,,,419,9872,
4606,海口经济学院,2024,吉林,普通本科批,物理类,,,352,63872,
4607,三亚学院,2024,吉林,普通本科批,物理类,,,350,65188,
4608,琼台师范学院,2024,吉林,普通本科批,物理类,,,448,37095,
4611,海南科技职业大学,2024,吉林,普通本科批,物理类,,,340,64671,
5001,重庆大学,2024,吉林,普通本科批,物理类,,,568,2273,
5002,重庆邮电大学,2024,吉林,普通本科批,物理类,,,567,7771,
5003,重庆交通大学,2024,吉林,普通本科批,物理类,,,553,11291,
5004,重庆医科大学,2024,吉林,普通本科批,物理类,,,506,1341,
5005,西南大学,2024,吉林,普通本科批,物理类,,,544,8727,
5006,重庆师范大学,2024,吉林,普通本科批,物理类,,,582,9046,
5007,西南政法大学,2024,吉林,普通本科批,物理类,,,596,2978,
5008,重庆理工大学,2024,吉林,普通本科批,物理类,,,492,28607,
5009,重庆工商大学,2024,吉林,普通本科批,物理类,,,544,13559,
5011,重庆三峡学院,2024,吉林,普通本科批,物理类,,,506,24936,
5012,长江师范学院,2024,吉林,普通本科批,物理类,,,446,41357,
5013,四川外国语大学,2024,吉林,普通本科批,物理类,,,526,17641,
5015,重庆科技大学,2024,吉林,普通本科批,物理类,,,531,18931,
5060,西南大学,2024,吉林,普通本科批,物理类,,,510,12795,
5062,重庆外语外事学院,2024,吉林,普通本科批,物理类,,,400,47395,
5063,重庆对外经贸学院,2024,吉林,普通本科批,物理类,,,465,35963,
5064,重庆财经学院,2024,吉林,普通本科批,物理类,,,444,34873,
5066,重庆移通学院,2024,吉林,普通本科批,物理类,,,436,44236,
5069,重庆中医药学院,2024,吉林,普通本科批,物理类,,,504,18083,
5101,四川大学,2024,吉林,普通本科批,物理类,,,440,43102,
5102,西南交通大学,2024,吉林,普通本科批,物理类,,,547,4129,
5103,电子科技大学,2024,吉林,普通本科批,物理类,,,651,733,
5104,西南石油大学,2024,吉林,普通本科批,物理类,,,538,15532,
5105,西南科技大学,2024,吉林,普通本科批,物理类,,,512,18083,
5106,西华大学,2024,吉林,普通本科批,物理类,,,492,26172,
5107,四川农业大学,2024,吉林,普通本科批,物理类,,,534,13366,
5108,成都中医药大学,2024,吉林,普通本科批,物理类,,,463,9550,
5109,四川师范大学,2024,吉林,普通本科批,物理类,,,551,13559,
5111,西南财经大学,2024,吉林,普通本科批,物理类,,,590,4238,
5112,西南民族大学,2024,吉林,普通本科批,物理类,,,495,12033,
5113,成都医学院,2024,吉林,普通本科批,物理类,,,579,9550,
5114,成都理工大学,2024,吉林,普通本科批,物理类,,,536,14550,
5115,成都信息工程大学,2024,吉林,普通本科批,物理类,,,556,7476,
5116,四川轻化工大学,2024,吉林,普通本科批,物理类,,,504,23378,
5117,中国民用航空飞行学院,2024,吉林,普通本科批,物理类,,,472,24393,
5119,西南医科大学,2024,吉林,普通本科批,物理类,,,580,8095,
5120,川北医学院,2024,吉林,普通本科批,物理类,,,534,10739,
5121,绵阳师范学院,2024,吉林,普通本科批,物理类,,,429,45349,
5122,内江师范学院,2024,吉林,普通本科批,物理类,,,454,24665,
5125,乐山师范学院,2024,吉林,普通本科批,物理类,,,458,37935,
5128,成都大学,2024,吉林,普通本科批,物理类,,,504,25434,
5130,攀枝花学院,2024,吉林,普通本科批,物理类,,,482,29416,
5131,四川旅游学院,2024,吉林,普通本科批,物理类,,,478,32416,
5144,成都东软学院,2024,吉林,普通本科批,物理类,,,448,39618,
5145,四川传媒学院,2024,吉林,普通本科批,物理类,,,415,32416,
5181,四川工程职业技术大学,2024,吉林,普通本科批,物理类,,,419,44498,
5191,吉利学院,2024,吉林,普通本科批,物理类,,,384,59192,
5199,电子科技大学,2024,吉林,普通本科批,物理类,,,623,1117,
5201,贵州大学,2024,吉林,普通本科批,物理类,,,549,13163,
5202,贵州师范大学,2024,吉林,普通本科批,物理类,,,460,37378,
5204,贵州医科大学,2024,吉林,普通本科批,物理类,,,483,9872,
5205,遵义医科大学,2024,吉林,普通本科批,物理类,,,583,7625,
5213,黔南民族师范学院,2024,吉林,普通本科批,物理类,,,412,51211,
5214,贵州财经大学,2024,吉林,普通本科批,物理类,,,341,31071,
5219,贵州理工学院,2024,吉林,普通本科批,物理类,,,401,52997,
5301,云南大学,2024,吉林,普通本科批,物理类,,,574,9550,
5302,昆明理工大学,2024,吉林,普通本科批,物理类,,,508,24393,
5303,云南农业大学,2024,吉林,普通本科批,物理类,,,442,39889,
5304,西南林业大学,2024,吉林,普通本科批,物理类,,,479,32148,
5305,云南师范大学,2024,吉林,普通本科批,物理类,,,419,31598,
5306,云南财经大学,2024,吉林,普通本科批,物理类,,,448,21177,
5307,云南民族大学,2024,吉林,普通本科批,物理类,,,504,25434,
5309,昆明医科大学,2024,吉林,普通本科批,物理类,,,476,6070,
5310,大理大学,2024,吉林,普通本科批,物理类,,,444,41945,
5311,云南中医药大学,2024,吉林,普通本科批,物理类,,,516,20464,
5313,曲靖师范学院,2024,吉林,普通本科批,物理类,,,412,51211,
5314,普洱学院,2024,吉林,普通本科批,物理类,,,473,33817,
5316,红河学院,2024,吉林,普通本科批,物理类,,,444,41051,
5318,玉溪师范学院,2024,吉林,普通本科批,物理类,,,462,35708,
5320,云南警官学院,2024,吉林,普通本科批,物理类,,,490,29139,
5321,昆明学院,2024,吉林,普通本科批,物理类,,,488,29674,
5356,云南经济管理学院,2024,吉林,普通本科批,物理类,,,384,57032,
5367,滇池学院,2024,吉林,普通本科批,物理类,,,359,60788,
5368,丽江文化旅游学院,2024,吉林,普通本科批,物理类,,,369,58644,
5369,昆明城市学院,2024,吉林,普通本科批,物理类,,,411,51502,
5370,昆明医科大学海源学院,2024,吉林,普通本科批,物理类,,,434,22656,
5372,昆明文理学院,2024,吉林,普通本科批,物理类,,,383,54410,
5373,昆明理工大学津桥学院,2024,吉林,普通本科批,物理类,,,363,56439,
5378,滇西应用技术大学,2024,吉林,普通本科批,物理类,,,427,40737,
5401,西藏大学,2024,吉林,普通本科批,物理类,,,497,27224,
6101,西北大学,2024,吉林,普通本科批,物理类,,,572,10349,
6102,西安交通大学,2024,吉林,普通本科批,物理类,,,580,575,
6103,西北工业大学,2024,吉林,普通本科批,物理类,,,653,575,
6104,西安理工大学,2024,吉林,普通本科批,物理类,,,573,9046,
6105,西安电子科技大学,2024,吉林,普通本科批,物理类,,,625,3375,
6106,西安工业大学,2024,吉林,普通本科批,物理类,,,537,17641,
6107,西安建筑科技大学,2024,吉林,普通本科批,物理类,,,558,13366,
6108,西安科技大学,2024,吉林,普通本科批,物理类,,,513,15966,
6109,西安石油大学,2024,吉林,普通本科批,物理类,,,513,16351,
6110,陕西科技大学,2024,吉林,普通本科批,物理类,,,554,13163,
6112,长安大学,2024,吉林,普通本科批,物理类,,,547,10027,
6113,西北农林科技大学,2024,吉林,普通本科批,物理类,,,581,9206,
6114,陕西师范大学,2024,吉林,普通本科批,物理类,,,574,10349,
6115,延安大学,2024,吉林,普通本科批,物理类,,,463,36545,
6116,西安外国语大学,2024,吉林,普通本科批,物理类,,,513,19353,
6117,西北政法大学,2024,吉林,普通本科批,物理类,,,587,7771,
6118,西安邮电大学,2024,吉林,普通本科批,物理类,,,491,13559,
6119,陕西中医药大学,2024,吉林,普通本科批,物理类,,,531,16351,
6120,陕西理工大学,2024,吉林,普通本科批,物理类,,,488,28607,
6121,宝鸡文理学院,2024,吉林,普通本科批,物理类,,,428,46212,
6122,咸阳师范学院,2024,吉林,普通本科批,物理类,,,501,26172,
6123,渭南师范学院,2024,吉林,普通本科批,物理类,,,477,32699,
6127,西安文理学院,2024,吉林,普通本科批,物理类,,,509,21177,
6128,榆林学院,2024,吉林,普通本科批,物理类,,,411,45659,
6129,商洛学院,2024,吉林,普通本科批,物理类,,,487,29955,
6130,安康学院,2024,吉林,普通本科批,物理类,,,413,50913,
6132,西安财经大学,2024,吉林,普通本科批,物理类,,,534,16351,
6134,西安医学院,2024,吉林,普通本科批,物理类,,,488,29139,
6138,西安外事学院,2024,吉林,普通本科批,物理类,,,389,49755,
6139,西安翻译学院,2024,吉林,普通本科批,物理类,,,395,56161,
6141,西安思源学院,2024,吉林,普通本科批,物理类,,,406,50346,
6142,陕西国际商贸学院,2024,吉林,普通本科批,物理类,,,383,59192,
6143,西安交通工程学院,2024,吉林,普通本科批,物理类,,,386,57834,
6185,西安交通大学城市学院,2024,吉林,普通本科批,物理类,,,418,45919,
6187,西安建筑科技大学华清学院,2024,吉林,普通本科批,物理类,,,383,56439,
6188,西安财经大学行知学院,2024,吉林,普通本科批,物理类,,,357,56724,
6201,兰州大学,2024,吉林,普通本科批,物理类,,,582,8584,
6202,兰州理工大学,2024,吉林,普通本科批,物理类,,,358,19139,
6203,兰州交通大学,2024,吉林,普通本科批,物理类,,,401,12600,
6204,甘肃农业大学,2024,吉林,普通本科批,物理类,,,435,42516,
6205,西北师范大学,2024,吉林,普通本科批,物理类,,,468,31071,
6206,西北民族大学,2024,吉林,普通本科批,物理类,,,365,41945,
6215,兰州城市学院,2024,吉林,普通本科批,物理类,,,413,47395,
6216,陇东学院,2024,吉林,普通本科批,物理类,,,461,34589,
6217,天水师范学院,2024,吉林,普通本科批,物理类,,,451,37935,
6218,河西学院,2024,吉林,普通本科批,物理类,,,412,50346,
6219,兰州财经大学,2024,吉林,普通本科批,物理类,,,453,33817,
6220,甘肃政法大学,2024,吉林,普通本科批,物理类,,,557,10739,
6221,甘肃民族师范学院,2024,吉林,普通本科批,物理类,,,457,38243,
6222,兰州文理学院,2024,吉林,普通本科批,物理类,,,433,44498,
6224,甘肃医学院,2024,吉林,普通本科批,物理类,,,486,22151,
6245,兰州石化职业技术大学,2024,吉林,普通本科批,物理类,,,434,38505,
6247,兰州资源环境职业技术大学,2024,吉林,普通本科批,物理类,,,419,45058,
6248,兰州博文科技学院,2024,吉林,普通本科批,物理类,,,385,54720,
6249,兰州信息科技学院,2024,吉林,普通本科批,物理类,,,378,59994,
6301,青海大学,2024,吉林,普通本科批,物理类,,,560,12955,
6302,青海师范大学,2024,吉林,普通本科批,物理类,,,412,51211,
6303,青海民族大学,2024,吉林,普通本科批,物理类,,,412,50633,
6401,宁夏大学,2024,吉林,普通本科批,物理类,,,547,15343,
6402,北方民族大学,2024,吉林,普通本科批,物理类,,,410,37653,
6405,宁夏理工学院,2024,吉林,普通本科批,物理类,,,364,53554,
6418,宁夏大学新华学院,2024,吉林,普通本科批,物理类,,,357,64671,
6501,新疆大学,2024,吉林,普通本科批,物理类,,,500,19139,
6502,塔里木大学,2024,吉林,普通本科批,物理类,,,409,50913,
6503,新疆农业大学,2024,吉林,普通本科批,物理类,,,399,49468,
6504,石河子大学,2024,吉林,普通本科批,物理类,,,495,18709,
6505,新疆医科大学,2024,吉林,普通本科批,物理类,,,562,12600,
6506,新疆师范大学,2024,吉林,普通本科批,物理类,,,401,28070,
6507,新疆财经大学,2024,吉林,普通本科批,物理类,,,414,37653,
6508,中国石油大学(北京)克拉玛依校区,2024,吉林,普通本科批,物理类,,,532,14354,
6509,喀什大学,2024,吉林,普通本科批,物理类,,,399,43102,
6510,伊犁师范大学,2024,吉林,普通本科批,物理类,,,396,53275,
6512,新疆工程学院,2024,吉林,普通本科批,物理类,,,410,48603,
6518,新疆和田学院,2024,吉林,普通本科批,物理类,,,419,49180,
6541,新疆理工学院,2024,吉林,普通本科批,物理类,,,415,50346,
6544,新疆科技学院,2024,吉林,普通本科批,物理类,,,407,45058,
6545,新疆政法学院,2024,吉林,普通本科批,物理类,,,418,34589,
6556,昌吉学院,2024,吉林,普通本科批,物理类,,,408,52421,
6559,新疆第二医学院,2024,吉林,普通本科批,物理类,,,476,28070,
6560,新疆天山职业技术大学,2024,吉林,普通本科批,物理类,,,363,55610,
8112,香港珠海学院,2024,吉林,普通本科批,物理类,,,413,20028,
,三峡大学科技学院,2024,吉林,普通本科批,物理类,,,400,39889,
1183,北京汇佳职业学院,2023,吉林,专科批次,文科,,,217,28114,
1184,北京科技经营管理学院,2023,吉林,专科批次,文科,,,256,30130,
1205,中国民航大学,2023,吉林,专科批次,文科,,,199,31110,
1221,天津天狮学院,2023,吉林,专科批次,文科,,,295,25635,
1223,天津城市建设管理职业技术学院,2023,吉林,专科批次,文科,,,273,22061,
1224,天津生物工程职业技术学院,2023,吉林,专科批次,文科,,,283,26051,
1225,天津海运职业学院,2023,吉林,专科批次,文科,,,306,25512,
1227,天津滨海职业学院,2023,吉林,专科批次,文科,,,319,22797,
1230,天津渤海职业技术学院,2023,吉林,专科批次,文科,,,309,16941,
1232,天津机电职业技术学院,2023,吉林,专科批次,文科,,,335,20371,
1233,天津现代职业技术学院,2023,吉林,专科批次,文科,,,283,22359,
1234,天津公安警官职业学院,2023,吉林,专科批次,文科,,,326,24583,
1235,天津轻工职业技术学院,2023,吉林,专科批次,文科,,,296,21099,
1236,天津商务职业学院,2023,吉林,专科批次,文科,,,272,22797,
1237,天津国土资源和房屋职业学院,2023,吉林,专科批次,文科,,,185,29800,
1240,天津交通职业学院,2023,吉林,专科批次,文科,,,329,23322,
1241,天津工业职业学院,2023,吉林,专科批次,文科,,,314,21388,
1242,天津石油职业技术学院,2023,吉林,专科批次,文科,,,305,25290,
1243,天津城市职业学院,2023,吉林,专科批次,文科,,,276,21099,
1244,天津铁道职业技术学院,2023,吉林,专科批次,文科,,,368,18754,
1256,天津市职业大学,2023,吉林,专科批次,文科,,,343,20233,
1259,天津滨海汽车工程职业学院,2023,吉林,专科批次,文科,,,192,30641,
1305,华北理工大学,2023,吉林,专科批次,文科,,,351,17102,
1346,石家庄医学高等专科学校,2023,吉林,专科批次,文科,,,308,20667,
1347,石家庄人民医学高等专科学校,2023,吉林,专科批次,文科,,,309,24829,
1348,石家庄幼儿师范高等专科学校,2023,吉林,专科批次,文科,,,289,28260,
1349,廊坊卫生职业学院,2023,吉林,专科批次,文科,,,322,24829,
1350,唐山幼儿师范高等专科学校,2023,吉林,专科批次,文科,,,290,24951,
1351,沧州医学高等专科学校,2023,吉林,专科批次,文科,,,339,19762,
1353,邯郸职业技术学院,2023,吉林,专科批次,文科,,,250,30383,
1354,石家庄职业技术学院,2023,吉林,专科批次,文科,,,355,20667,
1355,张家口职业技术学院,2023,吉林,专科批次,文科,,,176,29752,
1357,河北软件职业技术学院,2023,吉林,专科批次,文科,,,270,29483,
1364,河北东方学院,2023,吉林,专科批次,文科,,,269,29434,
1366,宣化科技职业学院,2023,吉林,专科批次,文科,,,282,28551,
1368,承德护理职业学院,2023,吉林,专科批次,文科,,,353,18754,
1370,保定幼儿师范高等专科学校,2023,吉林,专科批次,文科,,,272,27085,
1371,河北建材职业技术学院,2023,吉林,专科批次,文科,,,229,29712,
1374,河北能源职业技术学院,2023,吉林,专科批次,文科,,,234,30927,
1375,石家庄铁路职业技术学院,2023,吉林,专科批次,文科,,,368,15108,
1376,保定职业技术学院,2023,吉林,专科批次,文科,,,259,26968,
1380,唐山职业技术学院,2023,吉林,专科批次,文科,,,348,18754,
1381,衡水职业技术学院,2023,吉林,专科批次,文科,,,304,26968,
1384,河北旅游职业学院,2023,吉林,专科批次,文科,,,215,29575,
1385,石家庄财经职业学院,2023,吉林,专科批次,文科,,,265,29712,
1386,河北交通职业技术学院,2023,吉林,专科批次,文科,,,357,20371,
1387,河北化工医药职业技术学院,2023,吉林,专科批次,文科,,,307,26689,
1388,石家庄信息工程职业学院,2023,吉林,专科批次,文科,,,329,23451,
1389,河北对外经贸职业学院,2023,吉林,专科批次,文科,,,249,25060,
1393,廊坊职业技术学院,2023,吉林,专科批次,文科,,,265,28799,
1395,石家庄邮电职业技术学院,2023,吉林,专科批次,文科,,,361,19204,
1397,石家庄工商职业学院,2023,吉林,专科批次,文科,,,218,27428,
1398,石家庄理工职业学院,2023,吉林,专科批次,文科,,,260,29483,
1430,朔州师范高等专科学校,2023,吉林,专科批次,文科,,,197,30808,
1453,临汾职业技术学院,2023,吉林,专科批次,文科,,,239,24331,
1454,山西职业技术学院,2023,吉林,专科批次,文科,,,309,24583,
1467,忻州职业技术学院,2023,吉林,专科批次,文科,,,286,25184,
1527,包头铁道职业技术学院,2023,吉林,专科批次,文科,,,354,20810,
1531,满洲里俄语职业学院,2023,吉林,专科批次,文科,,,251,30352,
1532,赤峰工业职业技术学院,2023,吉林,专科批次,文科,,,199,29712,
1536,兴安职业技术学院,2023,吉林,专科批次,文科,,,198,30418,
1547,通辽职业学院,2023,吉林,专科批次,文科,,,285,27352,
2132,鞍山师范学院,2023,吉林,专科批次,文科,,,280,28871,
2142,辽宁建筑职业学院,2023,吉林,专科批次,文科,,,303,25290,
2145,辽宁轻工职业学院,2023,吉林,专科批次,文科,,,216,23717,
2155,铁岭师范高等专科学校,2023,吉林,专科批次,文科,,,328,21388,
2156,阜新高等专科学校,2023,吉林,专科批次,文科,,,325,24457,
2159,辽宁民族师范高等专科学校,2023,吉林,专科批次,文科,,,294,23840,
2161,营口职业技术学院,2023,吉林,专科批次,文科,,,296,25635,
2162,大连职业技术学院,2023,吉林,专科批次,文科,,,318,24331,
2164,辽宁农业职业技术学院,2023,吉林,专科批次,文科,,,355,16058,
2166,盘锦职业技术学院,2023,吉林,专科批次,文科,,,201,28732,
2167,辽宁传媒学院,2023,吉林,专科批次,文科,,,300,27167,
2168,大连软件职业学院,2023,吉林,专科批次,文科,,,211,27167,
2171,大连枫叶职业技术学院,2023,吉林,专科批次,文科,,,168,29674,
2174,辽宁地质工程职业学院,2023,吉林,专科批次,文科,,,264,29258,
2176,大连航运职业技术学院,2023,吉林,专科批次,文科,,,155,22497,
2177,大连装备制造职业技术学院,2023,吉林,专科批次,文科,,,281,28799,
2178,大连汽车职业技术学院,2023,吉林,专科批次,文科,,,206,27886,
2179,辽宁现代服务职业技术学院,2023,吉林,专科批次,文科,,,273,27967,
2180,辽宁冶金职业技术学院,2023,吉林,专科批次,文科,,,280,26881,
2181,辽宁工程职业学院,2023,吉林,专科批次,文科,,,266,29674,
2183,辽宁医药职业学院,2023,吉林,专科批次,文科,,,331,19482,
2184,铁岭卫生职业学院,2023,吉林,专科批次,文科,,,336,23322,
2185,沈阳北软信息职业技术学院,2023,吉林,专科批次,文科,,,237,30505,
2188,辽宁职业学院,2023,吉林,专科批次,文科,,,238,30808,
2189,辽宁生态工程职业学院,2023,吉林,专科批次,文科,,,295,25512,
2190,沈阳职业技术学院,2023,吉林,专科批次,文科,,,323,21912,
2191,辽宁理工职业大学,2023,吉林,专科批次,文科,,,228,30539,
2193,辽宁金融职业学院,2023,吉林,专科批次,文科,,,323,24951,
2194,辽宁广告职业学院,2023,吉林,专科批次,文科,,,195,31645,
2195,辽宁机电职业技术学院,2023,吉林,专科批次,文科,,,280,27167,
2196,辽宁经济职业技术学院,2023,吉林,专科批次,文科,,,331,22497,
2210,北华大学,2023,吉林,专科批次,文科,,,298,21675,
2211,吉林师范大学,2023,吉林,专科批次,文科,,,330,2676,
2214,长春大学,2023,吉林,专科批次,文科,,,224,22642,
2216,通化师范学院,2023,吉林,专科批次,文科,,,336,21243,
2218,白城师范学院,2023,吉林,专科批次,文科,,,301,21912,
2219,吉林体育学院,2023,吉林,专科批次,文科,,,328,24331,
2222,吉林工商学院,2023,吉林,专科批次,文科,,,289,19354,
2225,吉林警察学院,2023,吉林,专科批次,文科,,,304,24331,
2230,长春汽车职业技术大学,2023,吉林,专科批次,文科,,,323,21801,
2231,长春金融高等专科学校,2023,吉林,专科批次,文科,,,151,22932,
2232,长春医学高等专科学校,2023,吉林,专科批次,文科,,,248,14504,
2233,长春师范高等专科学校,2023,吉林,专科批次,文科,,,163,24829,
2234,白城医学高等专科学校,2023,吉林,专科批次,文科,,,250,14811,
2235,辽源职业技术学院,2023,吉林,专科批次,文科,,,152,28551,
2236,吉林交通职业技术学院,2023,吉林,专科批次,文科,,,264,28260,
2237,长春东方职业学院,2023,吉林,专科批次,文科,,,152,30088,
2238,长春信息技术职业学院,2023,吉林,专科批次,文科,,,153,28260,
2239,松原职业技术学院,2023,吉林,专科批次,文科,,,151,29014,
2240,吉林铁道职业技术学院,2023,吉林,专科批次,文科,,,336,13024,
2241,白城职业技术学院,2023,吉林,专科批次,文科,,,226,26578,
2242,长白山职业技术学院,2023,吉林,专科批次,文科,,,210,29575,
2243,吉林科技职业技术学院,2023,吉林,专科批次,文科,,,154,22932,
2244,延边职业技术学院,2023,吉林,专科批次,文科,,,227,28260,
2245,吉林城市职业技术学院,2023,吉林,专科批次,文科,,,153,30715,
2246,吉林职业技术学院,2023,吉林,专科批次,文科,,,209,29377,
2247,吉林司法警官职业学院,2023,吉林,专科批次,文科,,,295,20810,
2248,吉林电子信息职业技术学院,2023,吉林,专科批次,文科,,,160,25733,
2249,吉林工业职业技术学院,2023,吉林,专科批次,文科,,,152,26268,
2250,吉林工程职业学院,2023,吉林,专科批次,文科,,,197,25290,
2251,长春职业技术学院,2023,吉林,专科批次,文科,,,328,21520,
2252,长春光华学院,2023,吉林,专科批次,文科,,,157,31706,
2255,吉林建筑科技学院,2023,吉林,专科批次,文科,,,166,19633,
2256,长春科技学院,2023,吉林,专科批次,文科,,,293,23840,
2257,吉林师范大学博达学院,2023,吉林,专科批次,文科,,,178,31202,
2258,长春大学旅游学院,2023,吉林,专科批次,文科,,,166,31039,
2260,四平职业大学,2023,吉林,专科批次,文科,,,255,19926,
2262,吉林省经济管理干部学院,2023,吉林,专科批次,文科,,,173,24583,
2263,吉林水利电力职业学院,2023,吉林,专科批次,文科,,,153,27254,
2264,长春健康职业学院,2023,吉林,专科批次,文科,,,156,29377,
2266,长春早期教育职业学院,2023,吉林,专科批次,文科,,,162,29377,
2267,梅河口康美职业技术学院,2023,吉林,专科批次,文科,,,295,26578,
2268,吉林通用航空职业技术学院,2023,吉林,专科批次,文科,,,255,28045,
2269,通化医药健康职业学院,2023,吉林,专科批次,文科,,,296,24697,
2306,东北石油大学,2023,吉林,专科批次,文科,,,384,14212,
2336,齐齐哈尔高等师范专科学校,2023,吉林,专科批次,文科,,,224,24331,
2337,鹤岗师范高等专科学校,2023,吉林,专科批次,文科,,,300,23322,
2338,大庆医学高等专科学校,2023,吉林,专科批次,文科,,,320,18754,
2339,黑龙江幼儿师范高等专科学校,2023,吉林,专科批次,文科,,,274,25847,
2340,黑龙江护理高等专科学校,2023,吉林,专科批次,文科,,,317,21099,
2341,哈尔滨幼儿师范高等专科学校,2023,吉林,专科批次,文科,,,193,31697,
2342,伊春职业学院,2023,吉林,专科批次,文科,,,205,28732,
2343,黑龙江职业学院,2023,吉林,专科批次,文科,,,295,18603,
2344,黑龙江建筑职业技术学院,2023,吉林,专科批次,文科,,,301,21388,
2345,七台河职业学院,2023,吉林,专科批次,文科,,,236,19762,
2346,黑龙江民族职业学院,2023,吉林,专科批次,文科,,,298,25512,
2347,黑龙江交通职业技术学院,2023,吉林,专科批次,文科,,,335,21520,
2349,哈尔滨科学技术职业学院,2023,吉林,专科批次,文科,,,192,24457,
2351,佳木斯职业学院,2023,吉林,专科批次,文科,,,254,29941,
2354,黑龙江冰雪体育职业学院,2023,吉林,专科批次,文科,,,298,27085,
2356,大庆职业学院,2023,吉林,专科批次,文科,,,264,23068,
2357,黑龙江林业职业技术学院,2023,吉林,专科批次,文科,,,160,31313,
2358,黑龙江农业职业技术学院,2023,吉林,专科批次,文科,,,265,28948,
2359,黑龙江农业工程职业学院,2023,吉林,专科批次,文科,,,182,31373,
2360,黑龙江农垦职业学院,2023,吉林,专科批次,文科,,,267,23960,
2361,黑龙江司法警官职业学院,2023,吉林,专科批次,文科,,,298,26358,
2363,哈尔滨铁道职业技术学院,2023,吉林,专科批次,文科,,,359,18754,
2364,大兴安岭职业学院,2023,吉林,专科批次,文科,,,285,26689,
2365,黑龙江农业经济职业学院,2023,吉林,专科批次,文科,,,219,27085,
2366,哈尔滨职业技术大学,2023,吉林,专科批次,文科,,,296,24457,
2367,哈尔滨传媒职业学院,2023,吉林,专科批次,文科,,,207,31538,
2369,黑龙江商业职业学院,2023,吉林,专科批次,文科,,,212,30684,
2372,哈尔滨城市职业学院,2023,吉林,专科批次,文科,,,287,28418,
2374,黑龙江旅游职业技术学院,2023,吉林,专科批次,文科,,,162,28483,
2375,黑龙江三江美术职业学院,2023,吉林,专科批次,文科,,,295,27806,
2376,黑龙江生态工程职业学院,2023,吉林,专科批次,文科,,,217,28948,
2377,黑龙江能源职业学院,2023,吉林,专科批次,文科,,,194,31334,
2382,牡丹江大学,2023,吉林,专科批次,文科,,,196,20371,
2388,哈尔滨北方航空职业技术学院,2023,吉林,专科批次,文科,,,158,28195,
3137,上海出版印刷高等专科学校,2023,吉林,专科批次,文科,,,339,19354,
3138,上海东海职业技术学院,2023,吉林,专科批次,文科,,,222,29941,
3142,上海民航职业技术学院,2023,吉林,专科批次,文科,,,340,22497,
3147,上海电子信息职业技术学院,2023,吉林,专科批次,文科,,,348,21675,
3148,上海震旦职业学院,2023,吉林,专科批次,文科,,,245,30255,
3155,上海工商外国语职业学院,2023,吉林,专科批次,文科,,,242,26181,
32000,江苏财经职业技术学院,2023,吉林,专科批次,文科,,,331,21388,
320000,扬州工业职业技术学院,2023,吉林,专科批次,文科,,,335,23451,
3254,镇江市高等专科学校,2023,吉林,专科批次,文科,,,317,25635,
3255,连云港师范高等专科学校,2023,吉林,专科批次,文科,,,352,20948,
3259,南通师范高等专科学校,2023,吉林,专科批次,文科,,,318,22214,
3260,江苏航空职业技术学院,2023,吉林,专科批次,文科,,,319,22497,
3270,连云港职业技术学院,2023,吉林,专科批次,文科,,,322,25060,
3273,九州职业技术学院,2023,吉林,专科批次,文科,,,298,27523,
3278,苏州百年职业学院,2023,吉林,专科批次,文科,,,163,30088,
3283,南京旅游职业学院,2023,吉林,专科批次,文科,,,327,22061,
3286,宿迁泽达职业技术学院,2023,吉林,专科批次,文科,,,182,31855,
3287,苏州工业园区服务外包职业学院,2023,吉林,专科批次,文科,,,330,23717,
3290,江苏财会职业学院,2023,吉林,专科批次,文科,,,321,25184,
3291,江苏城乡建设职业学院,2023,吉林,专科批次,文科,,,323,21099,
3294,江苏海事职业技术学院,2023,吉林,专科批次,文科,,,333,22797,
3358,浙江建设职业技术学院,2023,吉林,专科批次,文科,,,255,22642,
3361,浙江商业职业技术学院,2023,吉林,专科批次,文科,,,348,13177,
3439,安徽中医药高等专科学校,2023,吉林,专科批次,文科,,,312,21912,
3522,漳州理工职业学院,2023,吉林,专科批次,文科,,,256,30130,
3547,厦门软件职业技术学院,2023,吉林,专科批次,文科,,,303,27085,
3550,厦门南洋职业学院,2023,吉林,专科批次,文科,,,179,27711,
3551,厦门东海职业技术学院,2023,吉林,专科批次,文科,,,215,31373,
3555,泉州轻工职业学院,2023,吉林,专科批次,文科,,,194,30352,
3557,福州墨尔本理工职业学院,2023,吉林,专科批次,文科,,,262,26181,
3568,泉州纺织服装职业学院,2023,吉林,专科批次,文科,,,248,30458,
3574,厦门华天涉外职业技术学院,2023,吉林,专科批次,文科,,,317,25635,
3624,南昌理工学院,2023,吉林,专科批次,文科,,,220,29080,
3626,南昌工学院,2023,吉林,专科批次,文科,,,287,28418,
3627,江西医学高等专科学校,2023,吉林,专科批次,文科,,,329,21675,
3631,江西师范高等专科学校,2023,吉林,专科批次,文科,,,322,25060,
3633,江西中医药高等专科学校,2023,吉林,专科批次,文科,,,334,22932,
3635,江西职业技术大学,2023,吉林,专科批次,文科,,,298,26578,
3651,江西司法警官职业学院,2023,吉林,专科批次,文科,,,317,25635,
3654,江西电力职业技术学院,2023,吉林,专科批次,文科,,,339,21520,
3655,江西环境工程职业学院,2023,吉林,专科批次,文科,,,214,28483,
3659,江西信息应用职业技术学院,2023,吉林,专科批次,文科,,,313,26051,
3660,江西交通职业技术学院,2023,吉林,专科批次,文科,,,283,26181,
3661,江西财经职业学院,2023,吉林,专科批次,文科,,,303,24583,
3662,江西应用技术职业学院,2023,吉林,专科批次,文科,,,292,28045,
3663,江西现代职业技术学院,2023,吉林,专科批次,文科,,,263,29800,
3666,江西科技职业学院,2023,吉林,专科批次,文科,,,283,28674,
3678,江西工程职业学院,2023,吉林,专科批次,文科,,,233,28483,
3697,九江职业大学,2023,吉林,专科批次,文科,,,325,23717,
3699,赣州师范高等专科学校,2023,吉林,专科批次,文科,,,257,20078,
3745,齐鲁理工学院,2023,吉林,专科批次,文科,,,309,26476,
3754,威海海洋职业学院,2023,吉林,专科批次,文科,,,283,27806,
3756,山东英才学院,2023,吉林,专科批次,文科,,,194,29080,
3757,青岛恒星科技学院,2023,吉林,专科批次,文科,,,251,29318,
3758,青岛黄海学院,2023,吉林,专科批次,文科,,,230,28328,
3769,淄博师范高等专科学校,2023,吉林,专科批次,文科,,,318,25512,
3770,山东中医药高等专科学校,2023,吉林,专科批次,文科,,,343,21388,
3772,日照职业技术学院,2023,吉林,专科批次,文科,,,317,21912,
3774,青岛职业技术学院,2023,吉林,专科批次,文科,,,318,22497,
3775,威海职业学院,2023,吉林,专科批次,文科,,,267,24331,
3778,莱芜职业技术学院,2023,吉林,专科批次,文科,,,294,27886,
3779,济宁职业技术学院,2023,吉林,专科批次,文科,,,298,27523,
3780,山东药品食品职业学院,2023,吉林,专科批次,文科,,,303,24331,
3784,烟台汽车工程职业学院,2023,吉林,专科批次,文科,,,281,25847,
3786,菏泽家政职业学院,2023,吉林,专科批次,文科,,,292,27609,
3787,山东传媒职业学院,2023,吉林,专科批次,文科,,,325,24187,
3789,枣庄职业学院,2023,吉林,专科批次,文科,,,217,27167,
3790,山东理工职业学院,2023,吉林,专科批次,文科,,,339,22932,
3792,济南护理职业学院,2023,吉林,专科批次,文科,,,355,20667,
3794,烟台黄金职业学院,2023,吉林,专科批次,文科,,,211,30505,
3797,东营职业学院,2023,吉林,专科批次,文科,,,247,29800,
3798,聊城职业技术学院,2023,吉林,专科批次,文科,,,293,27967,
3799,滨州职业学院,2023,吉林,专科批次,文科,,,330,24082,
4151,河南护理职业学院,2023,吉林,专科批次,文科,,,342,22497,
4156,安阳幼儿师范高等专科学校,2023,吉林,专科批次,文科,,,307,21099,
4161,南阳医学高等专科学校,2023,吉林,专科批次,文科,,,352,15902,
4164,漯河职业技术学院,2023,吉林,专科批次,文科,,,261,29894,
4197,周口职业技术学院,2023,吉林,专科批次,文科,,,233,20810,
4219,武汉海事职业学院,2023,吉林,专科批次,文科,,,305,24951,
4248,湖北中医药高等专科学校,2023,吉林,专科批次,文科,,,321,21520,
4251,武汉职业技术学院,2023,吉林,专科批次,文科,,,353,18175,
4255,湖北职业技术学院,2023,吉林,专科批次,文科,,,277,25290,
4256,武汉船舶职业技术学院,2023,吉林,专科批次,文科,,,287,25060,
4257,恩施职业技术学院,2023,吉林,专科批次,文科,,,274,29258,
4260,三峡电力职业学院,2023,吉林,专科批次,文科,,,325,21675,
4270,武汉工程职业技术学院,2023,吉林,专科批次,文科,,,284,28551,
4271,仙桃职业学院,2023,吉林,专科批次,文科,,,303,26051,
4275,武汉铁路职业技术学院,2023,吉林,专科批次,文科,,,354,15419,
4276,武汉软件工程职业学院,2023,吉林,专科批次,文科,,,298,23322,
4277,湖北三峡职业技术学院,2023,吉林,专科批次,文科,,,271,25635,
4288,武昌职业学院,2023,吉林,专科批次,文科,,,229,31064,
4290,湖北艺术职业学院,2023,吉林,专科批次,文科,,,179,31483,
4291,武汉交通职业学院,2023,吉林,专科批次,文科,,,312,24187,
4345,长沙民政职业技术学院,2023,吉林,专科批次,文科,,,308,16941,
4346,湖南工业职业技术学院,2023,吉林,专科批次,文科,,,295,25060,
4349,长沙航空职业技术学院,2023,吉林,专科批次,文科,,,289,22061,
4350,湖南大众传媒职业技术学院,2023,吉林,专科批次,文科,,,278,29014,
4352,湖南铁道职业技术学院,2023,吉林,专科批次,文科,,,340,19482,
4362,湖南水利水电职业技术学院,2023,吉林,专科批次,文科,,,326,23717,
4363,湖南现代物流职业技术学院,2023,吉林,专科批次,文科,,,290,27352,
4365,湖南铁路科技职业技术学院,2023,吉林,专科批次,文科,,,347,21675,
4375,长沙卫生职业学院,2023,吉林,专科批次,文科,,,174,14368,
4378,湖南交通职业技术学院,2023,吉林,专科批次,文科,,,314,25948,
4381,湖南工程职业技术学院,2023,吉林,专科批次,文科,,,230,27886,
4382,保险职业学院,2023,吉林,专科批次,文科,,,244,27711,
4387,长沙商贸旅游职业技术学院,2023,吉林,专科批次,文科,,,282,28732,
4389,湖南邮电职业技术学院,2023,吉林,专科批次,文科,,,326,24583,
4393,张家界航空工业职业技术学院,2023,吉林,专科批次,文科,,,314,23840,
4394,长沙环境保护职业技术学院,2023,吉林,专科批次,文科,,,271,28328,
4460,广州民航职业技术学院,2023,吉林,专科批次,文科,,,215,14955,
4468,广州华立科技职业学院,2023,吉林,专科批次,文科,,,240,24331,
4491,广东酒店管理职业技术学院,2023,吉林,专科批次,文科,,,219,31291,
4493,广东科学技术职业学院,2023,吉林,专科批次,文科,,,330,22214,
4531,广西机电职业技术学院,2023,吉林,专科批次,文科,,,252,30301,
4541,柳州城市职业学院,2023,吉林,专科批次,文科,,,270,29483,
4548,广西卫生职业技术学院,2023,吉林,专科批次,文科,,,318,24187,
4550,广西金融职业技术学院,2023,吉林,专科批次,文科,,,250,26358,
4555,柳州铁道职业技术学院,2023,吉林,专科批次,文科,,,332,21243,
4564,广西电力职业技术学院,2023,吉林,专科批次,文科,,,324,23840,
4606,海口经济学院,2023,吉林,专科批次,文科,,,189,21912,
4609,海南职业技术学院,2023,吉林,专科批次,文科,,,221,27609,
4610,三亚航空旅游职业学院,2023,吉林,专科批次,文科,,,159,23840,
4611,海南科技职业大学,2023,吉林,专科批次,文科,,,245,27967,
4612,三亚理工职业学院,2023,吉林,专科批次,文科,,,332,23840,
4614,海南软件职业技术学院,2023,吉林,专科批次,文科,,,301,26181,
4615,海南政法职业学院,2023,吉林,专科批次,文科,,,253,18175,
4616,海南外国语职业学院,2023,吉林,专科批次,文科,,,201,24331,
4617,海南经贸职业技术学院,2023,吉林,专科批次,文科,,,319,24331,
4618,海南工商职业学院,2023,吉林,专科批次,文科,,,196,26181,
4619,三亚中瑞酒店管理职业学院,2023,吉林,专科批次,文科,,,189,23451,
4620,海南健康管理职业技术学院,2023,吉林,专科批次,文科,,,281,28799,
4621,三亚城市职业学院,2023,吉林,专科批次,文科,,,206,29674,
5022,重庆电力高等专科学校,2023,吉林,专科批次,文科,,,377,17372,
5024,重庆医药高等专科学校,2023,吉林,专科批次,文科,,,364,17526,
5027,重庆轻工职业学院,2023,吉林,专科批次,文科,,,232,28045,
5037,重庆财经职业学院,2023,吉林,专科批次,文科,,,321,24082,
5047,重庆资源与环境保护职业学院,2023,吉林,专科批次,文科,,,318,25512,
5055,重庆城市管理职业学院,2023,吉林,专科批次,文科,,,347,21801,
5059,重庆水利电力职业技术学院,2023,吉林,专科批次,文科,,,341,22497,
5117,中国民用航空飞行学院,2023,吉林,专科批次,文科,,,180,30301,
5143,四川西南航空职业学院,2023,吉林,专科批次,文科,,,247,29674,
5145,四川传媒学院,2023,吉林,专科批次,文科,,,249,30418,
5153,成都航空职业技术学院,2023,吉林,专科批次,文科,,,291,28114,
5156,四川华新现代职业学院,2023,吉林,专科批次,文科,,,195,31706,
5159,四川科技职业学院,2023,吉林,专科批次,文科,,,263,29800,
5160,四川文化产业职业学院,2023,吉林,专科批次,文科,,,335,23451,
5181,四川工程职业技术大学,2023,吉林,专科批次,文科,,,316,23717,
5182,四川建筑职业技术学院,2023,吉林,专科批次,文科,,,303,27085,
5185,四川国际标榜职业学院,2023,吉林,专科批次,文科,,,186,31241,
5187,宜宾职业技术学院,2023,吉林,专科批次,文科,,,310,26358,
5249,遵义职业技术学院,2023,吉林,专科批次,文科,,,186,28114,
5326,昆明冶金高等专科学校,2023,吉林,专科批次,文科,,,273,29318,
5329,楚雄医药高等专科学校,2023,吉林,专科批次,文科,,,308,19762,
5331,丽江师范学院,2023,吉林,专科批次,文科,,,313,22497,
5334,昆明卫生职业学院,2023,吉林,专科批次,文科,,,289,24829,
5356,云南经济管理学院,2023,吉林,专科批次,文科,,,278,29014,
5380,云南医药健康职业学院,2023,吉林,专科批次,文科,,,235,28732,
5407,西藏职业技术学院,2023,吉林,专科批次,文科,,,206,30895,
6138,西安外事学院,2023,吉林,专科批次,文科,,,253,28871,
6141,西安思源学院,2023,吉林,专科批次,文科,,,244,30029,
6152,商洛职业技术学院,2023,吉林,专科批次,文科,,,292,27352,
6159,陕西工商职业学院,2023,吉林,专科批次,文科,,,161,29080,
6160,西安信息职业大学,2023,吉林,专科批次,文科,,,171,30737,
6166,西安航空职业技术学院,2023,吉林,专科批次,文科,,,338,23068,
6168,陕西交通职业技术学院,2023,吉林,专科批次,文科,,,304,22642,
6173,陕西铁路工程职业技术学院,2023,吉林,专科批次,文科,,,359,17235,
6178,西安海棠职业学院,2023,吉林,专科批次,文科,,,216,27254,
6234,甘肃卫生职业学院,2023,吉林,专科批次,文科,,,325,21520,
6245,兰州石化职业技术大学,2023,吉林,专科批次,文科,,,246,27711,
6522,新疆警察学院,2023,吉林,专科批次,文科,,,300,27352,
6530,克拉玛依职业技术学院,2023,吉林,专科批次,文科,,,218,31313,
6545,新疆政法学院,2023,吉林,专科批次,文科,,,314,23322,
6547,新疆职业大学,2023,吉林,专科批次,文科,,,231,30775,
,上饶幼儿师范高等专科学校,2023,吉林,专科批次,文科,,,261,27254,
1101,北京大学,2023,吉林,提前批A段,文科,,,618,102,
1102,中国人民大学,2023,吉林,提前批A段,文科,,,595,106,
1103,清华大学,2023,吉林,提前批A段,文科,,,616,102,
1120,北京外国语大学,2023,吉林,提前批A段,文科,,,528,545,
1121,北京语言大学,2023,吉林,提前批A段,文科,,,508,1745,
1122,中国传媒大学,2023,吉林,提前批A段,文科,,,511,2269,
1124,对外经济贸易大学,2023,吉林,提前批A段,文科,,,536,756,
1126,中国人民公安大学,2023,吉林,提前批A段,文科,,,532,223,
1140,北京电子科技学院,2023,吉林,提前批A段,文科,,,552,397,
1146,外交学院,2023,吉林,提前批A段,文科,,,549,431,
1329,中国人民警察大学,2023,吉林,提前批A段,文科,,,522,1695,
1334,中央司法警官学院,2023,吉林,提前批A段,文科,,,353,3018,
2133,中国刑事警察学院,2023,吉林,提前批A段,文科,,,515,864,
2198,渤海船舶职业学院,2023,吉林,提前批A段,文科,,,239,29434,
2201,吉林大学,2023,吉林,提前批A段,文科,,,562,518,
2202,延边大学,2023,吉林,提前批A段,文科,,,457,5436,
2208,长春中医药大学,2023,吉林,提前批A段,文科,,,479,4519,
2209,东北师范大学,2023,吉林,提前批A段,文科,,,538,431,
2210,北华大学,2023,吉林,提前批A段,文科,,,442,4433,
2211,吉林师范大学,2023,吉林,提前批A段,文科,,,469,2159,
2212,长春师范大学,2023,吉林,提前批A段,文科,,,469,3086,
2216,通化师范学院,2023,吉林,提前批A段,文科,,,435,7555,
2217,吉林工程技术师范学院,2023,吉林,提前批A段,文科,,,476,4112,
2218,白城师范学院,2023,吉林,提前批A段,文科,,,466,4699,
2225,吉林警察学院,2023,吉林,提前批A段,文科,,,453,1132,
2247,吉林司法警官职业学院,2023,吉林,提前批A段,文科,,,336,9003,
2251,长春职业技术学院,2023,吉林,提前批A段,文科,,,270,26779,
2274,空军航空大学,2023,吉林,提前批A段,文科,,,521,1745,
2301,黑龙江大学,2023,吉林,提前批A段,文科,,,487,3018,
2302,哈尔滨工业大学,2023,吉林,提前批A段,文科,,,511,1508,
3113,上海外国语大学,2023,吉林,提前批A段,文科,,,511,963,
3124,上海海关学院,2023,吉林,提前批A段,文科,,,541,992,
3201,南京大学,2023,吉林,提前批A段,文科,,,589,169,
3301,浙江大学,2023,吉林,提前批A段,文科,,,589,169,
3358,浙江建设职业技术学院,2023,吉林,提前批A段,文科,,,280,28871,
3483,安徽交通职业技术学院,2023,吉林,提前批A段,文科,,,255,29712,
3608,江西师范大学,2023,吉林,提前批A段,文科,,,515,2046,
3740,山东交通学院,2023,吉林,提前批A段,文科,,,425,10409,
3799,滨州职业学院,2023,吉林,提前批A段,文科,,,183,23960,
4198,河南医学高等专科学校,2023,吉林,提前批A段,文科,,,286,28483,
4212,华中师范大学,2023,吉林,提前批A段,文科,,,537,1069,
4273,湖北交通职业技术学院,2023,吉林,提前批A段,文科,,,227,24583,
4288,武昌职业学院,2023,吉林,提前批A段,文科,,,187,30029,
4291,武汉交通职业学院,2023,吉林,提前批A段,文科,,,258,24457,
4349,长沙航空职业技术学院,2023,吉林,提前批A段,文科,,,313,18919,
4371,湖南国防工业职业技术学院,2023,吉林,提前批A段,文科,,,235,29674,
4380,湖南体育职业学院,2023,吉林,提前批A段,文科,,,243,30641,
4393,张家界航空工业职业技术学院,2023,吉林,提前批A段,文科,,,282,28045,
5005,西南大学,2023,吉林,提前批A段,文科,,,510,1627,
5024,重庆医药高等专科学校,2023,吉林,提前批A段,文科,,,404,13329,
5050,重庆机电职业技术大学,2023,吉林,提前批A段,文科,,,248,30458,
5117,中国民用航空飞行学院,2023,吉林,提前批A段,文科,,,455,6807,
6114,陕西师范大学,2023,吉林,提前批A段,文科,,,537,1100,
6116,西安外国语大学,2023,吉林,提前批A段,文科,,,487,2269,
6154,延安职业技术学院,2023,吉林,提前批A段,文科,,,215,31373,
6522,新疆警察学院,2023,吉林,提前批A段,文科,,,414,11893,
8106,香港城市大学,2023,吉林,提前批A段,文科,,,566,464,
,中国人民公安大学,2023,吉林,提前批A段,文科,,,530,412,
1101,北京大学,2023,吉林,普通本科批,文科,,,619,102,
1102,中国人民大学,2023,吉林,普通本科批,文科,,,557,102,
1103,清华大学,2023,吉林,普通本科批,文科,,,626,102,
1104,北京交通大学,2023,吉林,普通本科批,文科,,,532,1210,
1106,北京航空航天大学,2023,吉林,普通本科批,文科,,,573,356,
1107,北京理工大学,2023,吉林,普通本科批,文科,,,560,559,
1108,北京科技大学,2023,吉林,普通本科批,文科,,,523,1318,
1110,北京化工大学,2023,吉林,普通本科批,文科,,,520,1360,
1111,北京工商大学,2023,吉林,普通本科批,文科,,,519,1841,
1115,北京林业大学,2023,吉林,普通本科批,文科,,,524,1027,
1117,北京中医药大学,2023,吉林,普通本科批,文科,,,515,1745,
1118,北京师范大学,2023,吉林,普通本科批,文科,,,540,157,
1119,首都师范大学,2023,吉林,普通本科批,文科,,,514,1695,
1120,北京外国语大学,2023,吉林,普通本科批,文科,,,550,412,
1121,北京语言大学,2023,吉林,普通本科批,文科,,,503,1100,
1122,中国传媒大学,2023,吉林,普通本科批,文科,,,534,500,
1123,中央财经大学,2023,吉林,普通本科批,文科,,,524,102,
1124,对外经济贸易大学,2023,吉林,普通本科批,文科,,,569,262,
1125,首都经济贸易大学,2023,吉林,普通本科批,文科,,,518,1437,
1127,北京体育大学,2023,吉林,普通本科批,文科,,,486,1282,
1128,中央民族大学,2023,吉林,普通本科批,文科,,,502,648,
1129,中国政法大学,2023,吉林,普通本科批,文科,,,566,102,
1130,华北电力大学(北京),2023,吉林,普通本科批,文科,,,509,1437,
1132,中国矿业大学(北京),2023,吉林,普通本科批,文科,,,464,2269,
1133,中国石油大学(北京),2023,吉林,普通本科批,文科,,,527,1360,
1134,中国地质大学(北京),2023,吉林,普通本科批,文科,,,515,1841,
1135,北京联合大学,2023,吉林,普通本科批,文科,,,491,3593,
1138,北京印刷学院,2023,吉林,普通本科批,文科,,,501,2561,
1144,北京第二外国语学院,2023,吉林,普通本科批,文科,,,508,1508,
1145,北京物资学院,2023,吉林,普通本科批,文科,,,489,3286,
1151,中央戏剧学院,2023,吉林,普通本科批,文科,,,496,3222,
1152,中国戏曲学院,2023,吉林,普通本科批,文科,,,486,3946,
1156,北京城市学院,2023,吉林,普通本科批,文科,,,407,7011,
1162,中国劳动关系学院,2023,吉林,普通本科批,文科,,,441,1508,
1191,北京第二外国语学院中瑞酒店管理学院,2023,吉林,普通本科批,文科,,,344,21388,
1193,北京金融科技学院,2023,吉林,普通本科批,文科,,,344,21912,
1194,北京邮电大学世纪学院,2023,吉林,普通本科批,文科,,,399,14037,
1195,北京工业大学耿丹学院,2023,吉林,普通本科批,文科,,,366,17841,
1196,中国社会科学院大学,2023,吉林,普通本科批,文科,,,543,449,
1201,南开大学,2023,吉林,普通本科批,文科,,,539,213,
1202,天津大学,2023,吉林,普通本科批,文科,,,555,648,
1203,天津科技大学,2023,吉林,普通本科批,文科,,,477,3810,
1205,中国民航大学,2023,吉林,普通本科批,文科,,,507,1841,
1209,天津师范大学,2023,吉林,普通本科批,文科,,,492,2448,
1210,天津职业技术师范大学,2023,吉林,普通本科批,文科,,,418,6109,
1211,天津外国语大学,2023,吉林,普通本科批,文科,,,473,3739,
1212,天津商业大学,2023,吉林,普通本科批,文科,,,429,3670,
1213,天津财经大学,2023,吉林,普通本科批,文科,,,485,1841,
1214,河北工业大学,2023,吉林,普通本科批,文科,,,422,6599,
1215,天津中德应用技术大学,2023,吉林,普通本科批,文科,,,404,13329,
1217,天津体育学院,2023,吉林,普通本科批,文科,,,442,8279,
1221,天津天狮学院,2023,吉林,普通本科批,文科,,,356,13329,
1246,天津仁爱学院,2023,吉林,普通本科批,文科,,,387,13749,
1247,天津财经大学珠江学院,2023,吉林,普通本科批,文科,,,409,11360,
1248,天津外国语大学滨海外事学院,2023,吉林,普通本科批,文科,,,400,11746,
1250,天津商业大学宝德学院,2023,吉林,普通本科批,文科,,,399,11360,
1254,天津理工大学中环信息学院,2023,吉林,普通本科批,文科,,,387,13749,
1255,北京科技大学天津学院,2023,吉林,普通本科批,文科,,,417,11079,
1301,河北大学,2023,吉林,普通本科批,文科,,,497,2269,
1302,河北工程大学,2023,吉林,普通本科批,文科,,,456,5326,
1303,河北地质大学,2023,吉林,普通本科批,文科,,,422,7121,
1304,华北电力大学(保定),2023,吉林,普通本科批,文科,,,489,2504,
1305,华北理工大学,2023,吉林,普通本科批,文科,,,467,3519,
1309,河北师范大学,2023,吉林,普通本科批,文科,,,417,4027,
1310,石家庄铁道大学,2023,吉林,普通本科批,文科,,,498,3018,
1311,燕山大学,2023,吉林,普通本科批,文科,,,502,2269,
1312,河北经贸大学,2023,吉林,普通本科批,文科,,,464,4271,
1317,保定学院,2023,吉林,普通本科批,文科,,,440,7448,
1318,河北民族师范学院,2023,吉林,普通本科批,文科,,,415,10525,
1319,唐山师范学院,2023,吉林,普通本科批,文科,,,389,9112,
1320,廊坊师范学院,2023,吉林,普通本科批,文科,,,429,8020,
1321,衡水学院,2023,吉林,普通本科批,文科,,,427,8523,
1323,邯郸学院,2023,吉林,普通本科批,文科,,,421,10409,
1324,邢台学院,2023,吉林,普通本科批,文科,,,425,9112,
1325,沧州师范学院,2023,吉林,普通本科批,文科,,,440,7675,
1328,华北科技学院,2023,吉林,普通本科批,文科,,,427,6204,
1331,河北金融学院,2023,吉林,普通本科批,文科,,,392,11746,
1332,北华航天工业学院,2023,吉林,普通本科批,文科,,,422,7222,
1333,防灾科技学院,2023,吉林,普通本科批,文科,,,445,6109,
1335,河北中医药大学,2023,吉林,普通本科批,文科,,,476,4614,
1336,张家口学院,2023,吉林,普通本科批,文科,,,452,5921,
1340,河北工程技术学院,2023,吉林,普通本科批,文科,,,379,15108,
1343,河北外国语学院,2023,吉林,普通本科批,文科,,,302,19482,
1364,河北东方学院,2023,吉林,普通本科批,文科,,,384,14212,
1401,山西大学,2023,吉林,普通本科批,文科,,,515,1210,
1402,太原科技大学,2023,吉林,普通本科批,文科,,,438,5436,
1403,中北大学,2023,吉林,普通本科批,文科,,,490,2159,
1405,山西农业大学,2023,吉林,普通本科批,文科,,,417,10666,
1406,山西医科大学,2023,吉林,普通本科批,文科,,,432,9361,
1407,山西师范大学,2023,吉林,普通本科批,文科,,,385,7675,
1408,山西大同大学,2023,吉林,普通本科批,文科,,,408,9640,
1409,山西财经大学,2023,吉林,普通本科批,文科,,,409,1540,
1412,太原师范学院,2023,吉林,普通本科批,文科,,,463,5436,
1413,晋中学院,2023,吉林,普通本科批,文科,,,413,11893,
1414,长治学院,2023,吉林,普通本科批,文科,,,423,7448,
1415,运城学院,2023,吉林,普通本科批,文科,,,425,10151,
1417,山西中医药大学,2023,吉林,普通本科批,文科,,,468,4614,
1418,吕梁学院,2023,吉林,普通本科批,文科,,,431,9231,
1419,太原学院,2023,吉林,普通本科批,文科,,,406,12480,
1421,山西传媒学院,2023,吉林,普通本科批,文科,,,349,8020,
1445,山西应用科技学院,2023,吉林,普通本科批,文科,,,400,12614,
1475,山西晋中理工学院,2023,吉林,普通本科批,文科,,,389,15577,
1501,内蒙古大学,2023,吉林,普通本科批,文科,,,371,2046,
1502,内蒙古科技大学,2023,吉林,普通本科批,文科,,,417,8645,
1506,内蒙古师范大学,2023,吉林,普通本科批,文科,,,312,8279,
1507,内蒙古民族大学,2023,吉林,普通本科批,文科,,,345,20667,
1508,赤峰学院,2023,吉林,普通本科批,文科,,,312,12042,
1509,内蒙古财经大学,2023,吉林,普通本科批,文科,,,355,7891,
1510,呼伦贝尔学院,2023,吉林,普通本科批,文科,,,351,8020,
1513,呼和浩特民族学院,2023,吉林,普通本科批,文科,,,278,14955,
1515,内蒙古艺术学院,2023,吉林,普通本科批,文科,,,391,11496,
1552,内蒙古科技大学包头师范学院,2023,吉林,普通本科批,文科,,,432,7797,
2101,辽宁大学,2023,吉林,普通本科批,文科,,,486,1390,
2102,大连理工大学,2023,吉林,普通本科批,文科,,,516,1282,
2104,沈阳航空航天大学,2023,吉林,普通本科批,文科,,,472,5131,
2105,沈阳理工大学,2023,吉林,普通本科批,文科,,,459,5631,
2106,东北大学,2023,吉林,普通本科批,文科,,,524,1249,
2107,辽宁科技大学,2023,吉林,普通本科批,文科,,,446,6018,
2111,大连交通大学,2023,吉林,普通本科批,文科,,,443,6807,
2112,大连海事大学,2023,吉林,普通本科批,文科,,,533,992,
2113,大连工业大学,2023,吉林,普通本科批,文科,,,443,7891,
2117,大连海洋大学,2023,吉林,普通本科批,文科,,,446,6309,
2122,辽宁师范大学,2023,吉林,普通本科批,文科,,,424,2809,
2123,沈阳师范大学,2023,吉林,普通本科批,文科,,,372,13602,
2124,渤海大学,2023,吉林,普通本科批,文科,,,466,3810,
2125,大连外国语大学,2023,吉林,普通本科批,文科,,,491,3018,
2126,东北财经大学,2023,吉林,普通本科批,文科,,,501,412,
2128,大连大学,2023,吉林,普通本科批,文科,,,399,8888,
2132,鞍山师范学院,2023,吉林,普通本科批,文科,,,454,5531,
2135,沈阳音乐学院,2023,吉林,普通本科批,文科,,,433,9361,
2137,辽宁对外经贸学院,2023,吉林,普通本科批,文科,,,347,16058,
2141,大连民族大学,2023,吉林,普通本科批,文科,,,416,2384,
2149,辽宁何氏医学院,2023,吉林,普通本科批,文科,,,389,14368,
2150,大连东软信息学院,2023,吉林,普通本科批,文科,,,348,16058,
2151,辽宁财贸学院,2023,吉林,普通本科批,文科,,,388,15736,
2167,辽宁传媒学院,2023,吉林,普通本科批,文科,,,354,19633,
2201,吉林大学,2023,吉林,普通本科批,文科,,,527,272,
2202,延边大学,2023,吉林,普通本科批,文科,,,359,2202,
2203,长春理工大学,2023,吉林,普通本科批,文科,,,430,2878,
2204,东北电力大学,2023,吉林,普通本科批,文科,,,407,5131,
2205,长春工业大学,2023,吉林,普通本科批,文科,,,395,5820,
2206,吉林建筑大学,2023,吉林,普通本科批,文科,,,405,9361,
2207,吉林农业大学,2023,吉林,普通本科批,文科,,,402,8020,
2208,长春中医药大学,2023,吉林,普通本科批,文科,,,389,3153,
2209,东北师范大学,2023,吉林,普通本科批,文科,,,489,687,
2210,北华大学,2023,吉林,普通本科批,文科,,,396,4614,
2211,吉林师范大学,2023,吉林,普通本科批,文科,,,376,2101,
2212,长春师范大学,2023,吉林,普通本科批,文科,,,373,3739,
2213,吉林财经大学,2023,吉林,普通本科批,文科,,,424,2809,
2214,长春大学,2023,吉林,普通本科批,文科,,,341,5921,
2215,吉林化工学院,2023,吉林,普通本科批,文科,,,348,9904,
2216,通化师范学院,2023,吉林,普通本科批,文科,,,404,5729,
2217,吉林工程技术师范学院,2023,吉林,普通本科批,文科,,,407,6703,
2218,白城师范学院,2023,吉林,普通本科批,文科,,,359,6420,
2219,吉林体育学院,2023,吉林,普通本科批,文科,,,406,12480,
2221,吉林外国语大学,2023,吉林,普通本科批,文科,,,342,10814,
2222,吉林工商学院,2023,吉林,普通本科批,文科,,,408,9003,
2223,长春工程学院,2023,吉林,普通本科批,文科,,,332,11212,
2224,吉林农业科技学院,2023,吉林,普通本科批,文科,,,381,11893,
2225,吉林警察学院,2023,吉林,普通本科批,文科,,,431,6109,
2226,长春财经学院,2023,吉林,普通本科批,文科,,,344,12614,
2227,长春建筑学院,2023,吉林,普通本科批,文科,,,292,17526,
2228,吉林动画学院,2023,吉林,普通本科批,文科,,,352,20948,
2229,吉林医药学院,2023,吉林,普通本科批,文科,,,408,12759,
2252,长春光华学院,2023,吉林,普通本科批,文科,,,296,13749,
2253,长春工业大学人文信息学院,2023,吉林,普通本科批,文科,,,361,14811,
2254,长春电子科技学院,2023,吉林,普通本科批,文科,,,376,5729,
2255,吉林建筑科技学院,2023,吉林,普通本科批,文科,,,300,16790,
2256,长春科技学院,2023,吉林,普通本科批,文科,,,311,17673,
2257,吉林师范大学博达学院,2023,吉林,普通本科批,文科,,,345,12042,
2258,长春大学旅游学院,2023,吉林,普通本科批,文科,,,289,15902,
2259,长春人文学院,2023,吉林,普通本科批,文科,,,370,12759,
2301,黑龙江大学,2023,吉林,普通本科批,文科,,,419,2504,
2303,哈尔滨理工大学,2023,吉林,普通本科批,文科,,,422,9361,
2304,哈尔滨工程大学,2023,吉林,普通本科批,文科,,,492,1390,
2305,黑龙江科技大学,2023,吉林,普通本科批,文科,,,419,6703,
2306,东北石油大学,2023,吉林,普通本科批,文科,,,422,3946,
2308,黑龙江八一农垦大学,2023,吉林,普通本科批,文科,,,440,7675,
2309,东北农业大学,2023,吉林,普通本科批,文科,,,511,1941,
2310,东北林业大学,2023,吉林,普通本科批,文科,,,508,1627,
2311,哈尔滨医科大学,2023,吉林,普通本科批,文科,,,439,7448,
2312,黑龙江中医药大学,2023,吉林,普通本科批,文科,,,452,1508,
2313,哈尔滨师范大学,2023,吉林,普通本科批,文科,,,415,4783,
2314,齐齐哈尔大学,2023,吉林,普通本科批,文科,,,313,6109,
2315,哈尔滨商业大学,2023,吉林,普通本科批,文科,,,429,2676,
2317,牡丹江师范学院,2023,吉林,普通本科批,文科,,,440,7555,
2318,哈尔滨学院,2023,吉林,普通本科批,文科,,,426,7675,
2319,大庆师范学院,2023,吉林,普通本科批,文科,,,413,9496,
2320,绥化学院,2023,吉林,普通本科批,文科,,,408,11212,
2322,哈尔滨金融学院,2023,吉林,普通本科批,文科,,,441,5436,
2323,齐齐哈尔医学院,2023,吉林,普通本科批,文科,,,428,8394,
2324,黑龙江工业学院,2023,吉林,普通本科批,文科,,,408,9496,
2325,黑龙江东方学院,2023,吉林,普通本科批,文科,,,354,17673,
2326,哈尔滨信息工程学院,2023,吉林,普通本科批,文科,,,326,16941,
2327,黑龙江工程学院,2023,吉林,普通本科批,文科,,,414,9770,
2329,齐齐哈尔工程学院,2023,吉林,普通本科批,文科,,,370,17673,
2330,黑龙江外国语学院,2023,吉林,普通本科批,文科,,,401,12759,
2331,黑龙江财经学院,2023,吉林,普通本科批,文科,,,353,10525,
2332,哈尔滨石油学院,2023,吉林,普通本科批,文科,,,357,16058,
2333,哈尔滨剑桥学院,2023,吉林,普通本科批,文科,,,384,16351,
2335,黑河学院,2023,吉林,普通本科批,文科,,,410,8645,
2378,黑龙江工商学院,2023,吉林,普通本科批,文科,,,389,14368,
2379,哈尔滨远东理工学院,2023,吉林,普通本科批,文科,,,388,15419,
2381,哈尔滨广厦学院,2023,吉林,普通本科批,文科,,,388,15419,
3101,复旦大学,2023,吉林,普通本科批,文科,,,600,102,
3102,同济大学,2023,吉林,普通本科批,文科,,,583,213,
3103,上海交通大学,2023,吉林,普通本科批,文科,,,598,106,
3106,上海海事大学,2023,吉林,普通本科批,文科,,,502,2269,
3111,华东师范大学,2023,吉林,普通本科批,文科,,,555,223,
3112,上海师范大学,2023,吉林,普通本科批,文科,,,509,2202,
3113,上海外国语大学,2023,吉林,普通本科批,文科,,,529,810,
3114,上海财经大学,2023,吉林,普通本科批,文科,,,560,102,
3115,华东政法大学,2023,吉林,普通本科批,文科,,,520,340,
3116,上海大学,2023,吉林,普通本科批,文科,,,532,1210,
3118,上海第二工业大学,2023,吉林,普通本科批,文科,,,474,4433,
3124,上海海关学院,2023,吉林,普通本科批,文科,,,472,5131,
3127,上海戏剧学院,2023,吉林,普通本科批,文科,,,501,1468,
3128,上海立信会计金融学院,2023,吉林,普通本科批,文科,,,441,1508,
3131,上海政法学院,2023,吉林,普通本科批,文科,,,525,1132,
3132,上海商学院,2023,吉林,普通本科批,文科,,,461,5921,
3133,上海建桥学院,2023,吉林,普通本科批,文科,,,358,16640,
3152,上海立达学院,2023,吉林,普通本科批,文科,,,348,21675,
3163,复旦大学医学院,2023,吉林,普通本科批,文科,,,510,2323,
3167,上海外国语大学贤达经济人文学院,2023,吉林,普通本科批,文科,,,350,19633,
3170,上海杉达学院,2023,吉林,普通本科批,文科,,,358,20233,
3200000000,无锡学院,2023,吉林,普通本科批,文科,,,461,6109,
3201,南京大学,2023,吉林,普通本科批,文科,,,593,112,
3202,苏州大学,2023,吉林,普通本科批,文科,,,542,756,
3205,南京理工大学,2023,吉林,普通本科批,文科,,,518,1790,
3206,江苏科技大学,2023,吉林,普通本科批,文科,,,489,3519,
3209,常州大学,2023,吉林,普通本科批,文科,,,485,3086,
3211,河海大学,2023,吉林,普通本科批,文科,,,531,1167,
3212,江南大学,2023,吉林,普通本科批,文科,,,532,1069,
3214,江苏大学,2023,吉林,普通本科批,文科,,,513,1892,
3216,南通大学,2023,吉林,普通本科批,文科,,,475,4519,
3220,中国药科大学,2023,吉林,普通本科批,文科,,,519,1841,
3221,南京师范大学,2023,吉林,普通本科批,文科,,,508,1249,
3223,南京财经大学,2023,吉林,普通本科批,文科,,,493,1540,
3224,扬州大学,2023,吉林,普通本科批,文科,,,520,1360,
3226,西交利物浦大学,2023,吉林,普通本科批,文科,,,503,2384,
3229,淮阴师范学院,2023,吉林,普通本科批,文科,,,442,6914,
3230,盐城师范学院,2023,吉林,普通本科批,文科,,,363,7797,
3233,南京艺术学院,2023,吉林,普通本科批,文科,,,459,4027,
3234,苏州科技大学,2023,吉林,普通本科批,文科,,,494,2323,
3236,金陵科技学院,2023,吉林,普通本科批,文科,,,399,7222,
3237,淮阴工学院,2023,吉林,普通本科批,文科,,,418,11360,
3238,徐州工程学院,2023,吉林,普通本科批,文科,,,418,9640,
3240,三江学院,2023,吉林,普通本科批,文科,,,372,16640,
3241,南京工程学院,2023,吉林,普通本科批,文科,,,467,5236,
3242,南京审计大学,2023,吉林,普通本科批,文科,,,536,963,
3244,江苏理工学院,2023,吉林,普通本科批,文科,,,404,13329,
3246,江苏海洋大学,2023,吉林,普通本科批,文科,,,425,3018,
3252,无锡太湖学院,2023,吉林,普通本科批,文科,,,396,12332,
3272,南京特殊教育师范学院,2023,吉林,普通本科批,文科,,,460,4614,
3301,浙江大学,2023,吉林,普通本科批,文科,,,591,129,
3304,浙江理工大学,2023,吉林,普通本科批,文科,,,507,2504,
3305,浙江海洋大学,2023,吉林,普通本科批,文科,,,434,7121,
3306,浙江农林大学,2023,吉林,普通本科批,文科,,,495,2617,
3308,浙江师范大学,2023,吉林,普通本科批,文科,,,490,2269,
3310,温州大学,2023,吉林,普通本科批,文科,,,495,2750,
3311,浙江工商大学,2023,吉林,普通本科批,文科,,,506,1508,
3312,中国计量大学,2023,吉林,普通本科批,文科,,,485,3018,
3313,浙江财经大学,2023,吉林,普通本科批,文科,,,511,1941,
3314,宁波大学,2023,吉林,普通本科批,文科,,,525,1360,
3315,宁波诺丁汉大学,2023,吉林,普通本科批,文科,,,488,2269,
3319,湖州师范学院,2023,吉林,普通本科批,文科,,,359,7555,
3326,浙江万里学院,2023,吉林,普通本科批,文科,,,417,10043,
3327,浙江科技大学,2023,吉林,普通本科批,文科,,,472,5131,
3331,浙江传媒学院,2023,吉林,普通本科批,文科,,,485,1841,
3388,上海财经大学浙江学院,2023,吉林,普通本科批,文科,,,419,10409,
3401,安徽大学,2023,吉林,普通本科批,文科,,,503,1132,
3404,安徽工业大学,2023,吉林,普通本科批,文科,,,435,8394,
3407,安徽农业大学,2023,吉林,普通本科批,文科,,,475,4519,
3410,淮北师范大学,2023,吉林,普通本科批,文科,,,466,3222,
3411,安徽财经大学,2023,吉林,普通本科批,文科,,,493,2504,
3412,安徽建筑大学,2023,吉林,普通本科批,文科,,,393,2269,
3413,合肥工业大学,2023,吉林,普通本科批,文科,,,512,1540,
3418,安庆师范大学,2023,吉林,普通本科批,文科,,,434,7346,
3425,铜陵学院,2023,吉林,普通本科批,文科,,,438,8771,
3434,安徽外国语学院,2023,吉林,普通本科批,文科,,,358,13469,
3501,厦门大学,2023,吉林,普通本科批,文科,,,569,179,
3502,华侨大学,2023,吉林,普通本科批,文科,,,487,2002,
3503,福州大学,2023,吉林,普通本科批,文科,,,527,1437,
3505,集美大学,2023,吉林,普通本科批,文科,,,480,3222,
3509,闽南师范大学,2023,吉林,普通本科批,文科,,,432,5820,
3510,仰恩大学,2023,吉林,普通本科批,文科,,,355,15577,
3511,福建理工大学,2023,吉林,普通本科批,文科,,,440,8523,
3512,闽江学院,2023,吉林,普通本科批,文科,,,477,4271,
3513,武夷学院,2023,吉林,普通本科批,文科,,,399,10947,
3516,厦门理工学院,2023,吉林,普通本科批,文科,,,478,4519,
3517,三明学院,2023,吉林,普通本科批,文科,,,403,7797,
3527,福州外语外贸学院,2023,吉林,普通本科批,文科,,,379,16351,
3567,厦门华厦学院,2023,吉林,普通本科批,文科,,,350,12614,
3581,闽南科技学院,2023,吉林,普通本科批,文科,,,382,16193,
3583,厦门工学院,2023,吉林,普通本科批,文科,,,354,13749,
3585,厦门大学嘉庚学院,2023,吉林,普通本科批,文科,,,407,6309,
3586,福州大学至诚学院,2023,吉林,普通本科批,文科,,,381,15902,
3587,集美大学诚毅学院,2023,吉林,普通本科批,文科,,,403,11746,
3601,南昌大学,2023,吉林,普通本科批,文科,,,494,1468,
3602,华东交通大学,2023,吉林,普通本科批,文科,,,472,2617,
3605,江西理工大学,2023,吉林,普通本科批,文科,,,486,3946,
3607,江西中医药大学,2023,吉林,普通本科批,文科,,,452,3442,
3608,江西师范大学,2023,吉林,普通本科批,文科,,,515,1941,
3609,赣南师范大学,2023,吉林,普通本科批,文科,,,387,12614,
3610,江西财经大学,2023,吉林,普通本科批,文科,,,500,1577,
3611,江西科技师范大学,2023,吉林,普通本科批,文科,,,426,9003,
3615,上饶师范学院,2023,吉林,普通本科批,文科,,,447,7011,
3616,宜春学院,2023,吉林,普通本科批,文科,,,434,7797,
3617,井冈山大学,2023,吉林,普通本科批,文科,,,457,5531,
3618,江西科技学院,2023,吉林,普通本科批,文科,,,372,16058,
3619,南昌工程学院,2023,吉林,普通本科批,文科,,,427,8279,
3621,新余学院,2023,吉林,普通本科批,文科,,,422,10151,
3622,九江学院,2023,吉林,普通本科批,文科,,,424,9003,
3624,南昌理工学院,2023,吉林,普通本科批,文科,,,384,16058,
3626,南昌工学院,2023,吉林,普通本科批,文科,,,392,14811,
3629,萍乡学院,2023,吉林,普通本科批,文科,,,431,9640,
3684,南昌大学科学技术学院,2023,吉林,普通本科批,文科,,,376,17526,
3686,南昌交通学院,2023,吉林,普通本科批,文科,,,394,14368,
3687,赣东学院,2023,吉林,普通本科批,文科,,,400,13177,
3688,南昌航空大学科技学院,2023,吉林,普通本科批,文科,,,396,14037,
3689,赣南科技学院,2023,吉林,普通本科批,文科,,,425,10151,
3690,景德镇艺术职业大学,2023,吉林,普通本科批,文科,,,353,20948,
3691,江西农业大学南昌商学院,2023,吉林,普通本科批,文科,,,351,14955,
3692,南昌医学院,2023,吉林,普通本科批,文科,,,469,5236,
3693,江西师范大学科学技术学院,2023,吉林,普通本科批,文科,,,400,13177,
3696,江西财经大学现代经济管理学院,2023,吉林,普通本科批,文科,,,395,12199,
370,山东大学威海分校,2023,吉林,普通本科批,文科,,,540,736,
3700,青岛农业大学海都学院,2023,吉林,普通本科批,文科,,,390,15419,
37000000,烟台科技学院,2023,吉林,普通本科批,文科,,,413,12042,
370000000,烟台理工学院,2023,吉林,普通本科批,文科,,,395,12042,
3700000000,青岛城市学院,2023,吉林,普通本科批,文科,,,369,13900,
3701,山东大学,2023,吉林,普通本科批,文科,,,551,397,
3702,中国海洋大学,2023,吉林,普通本科批,文科,,,530,886,
3703,山东科技大学,2023,吉林,普通本科批,文科,,,485,3810,
3704,中国石油大学(华东),2023,吉林,普通本科批,文科,,,513,2101,
3706,济南大学,2023,吉林,普通本科批,文科,,,474,3670,
3707,青岛理工大学,2023,吉林,普通本科批,文科,,,485,2809,
3708,山东建筑大学,2023,吉林,普通本科批,文科,,,468,5131,
3709,齐鲁工业大学,2023,吉林,普通本科批,文科,,,467,5631,
3710,山东理工大学,2023,吉林,普通本科批,文科,,,399,8523,
3711,山东农业大学,2023,吉林,普通本科批,文科,,,445,7555,
3712,青岛农业大学,2023,吉林,普通本科批,文科,,,456,6599,
3714,山东师范大学,2023,吉林,普通本科批,文科,,,524,1627,
3715,曲阜师范大学,2023,吉林,普通本科批,文科,,,453,4783,
3716,聊城大学,2023,吉林,普通本科批,文科,,,474,4519,
3717,鲁东大学,2023,吉林,普通本科批,文科,,,402,4433,
3718,山东财经大学,2023,吉林,普通本科批,文科,,,462,3086,
3719,青岛大学,2023,吉林,普通本科批,文科,,,495,1841,
3720,烟台大学,2023,吉林,普通本科批,文科,,,403,6204,
3722,山东第二医科大学,2023,吉林,普通本科批,文科,,,360,12897,
3723,山东第一医科大学,2023,吉林,普通本科批,文科,,,401,10151,
3724,滨州医学院,2023,吉林,普通本科批,文科,,,446,7797,
3726,德州学院,2023,吉林,普通本科批,文科,,,449,7448,
3727,山东航空学院,2023,吉林,普通本科批,文科,,,457,6599,
3728,临沂大学,2023,吉林,普通本科批,文科,,,476,4271,
3730,济宁学院,2023,吉林,普通本科批,文科,,,402,13602,
3731,菏泽学院,2023,吉林,普通本科批,文科,,,463,6018,
3734,齐鲁医药学院,2023,吉林,普通本科批,文科,,,408,11600,
3735,青岛滨海学院,2023,吉林,普通本科批,文科,,,378,16193,
3738,潍坊学院,2023,吉林,普通本科批,文科,,,447,5531,
3740,山东交通学院,2023,吉林,普通本科批,文科,,,455,6309,
3741,山东工商学院,2023,吉林,普通本科批,文科,,,392,5326,
3743,烟台南山学院,2023,吉林,普通本科批,文科,,,389,14037,
3744,青岛工学院,2023,吉林,普通本科批,文科,,,353,13749,
3745,齐鲁理工学院,2023,吉林,普通本科批,文科,,,388,14212,
3746,山东政法学院,2023,吉林,普通本科批,文科,,,474,2809,
3748,山东青年政治学院,2023,吉林,普通本科批,文科,,,411,10043,
3750,山东管理学院,2023,吉林,普通本科批,文科,,,419,9640,
3755,潍坊科技学院,2023,吉林,普通本科批,文科,,,359,18754,
3756,山东英才学院,2023,吉林,普通本科批,文科,,,369,17235,
3757,青岛恒星科技学院,2023,吉林,普通本科批,文科,,,379,12480,
3758,青岛黄海学院,2023,吉林,普通本科批,文科,,,382,14955,
3759,山东协和学院,2023,吉林,普通本科批,文科,,,394,9496,
4101,郑州大学,2023,吉林,普通本科批,文科,,,506,1360,
4103,河南工业大学,2023,吉林,普通本科批,文科,,,408,5046,
4106,河南大学,2023,吉林,普通本科批,文科,,,494,1941,
4107,河南师范大学,2023,吉林,普通本科批,文科,,,435,8645,
4111,郑州轻工业大学,2023,吉林,普通本科批,文科,,,415,6914,
4112,中原工学院,2023,吉林,普通本科批,文科,,,450,7346,
4113,河南科技学院,2023,吉林,普通本科批,文科,,,429,9231,
4115,河南中医药大学,2023,吉林,普通本科批,文科,,,454,6018,
4117,信阳师范大学,2023,吉林,普通本科批,文科,,,418,11360,
4118,周口师范学院,2023,吉林,普通本科批,文科,,,416,8279,
4119,安阳师范学院,2023,吉林,普通本科批,文科,,,460,6018,
4121,南阳师范学院,2023,吉林,普通本科批,文科,,,458,5046,
4122,洛阳师范学院,2023,吉林,普通本科批,文科,,,420,9003,
4123,商丘师范学院,2023,吉林,普通本科批,文科,,,425,8145,
4124,郑州航空工业管理学院,2023,吉林,普通本科批,文科,,,439,7797,
4125,黄淮学院,2023,吉林,普通本科批,文科,,,376,14646,
4126,平顶山学院,2023,吉林,普通本科批,文科,,,357,12480,
4127,洛阳理工学院,2023,吉林,普通本科批,文科,,,408,9003,
4128,新乡学院,2023,吉林,普通本科批,文科,,,399,9361,
4130,安阳工学院,2023,吉林,普通本科批,文科,,,374,12042,
4131,河南财政金融学院,2023,吉林,普通本科批,文科,,,440,6018,
4132,南阳理工学院,2023,吉林,普通本科批,文科,,,424,9003,
4133,河南城建学院,2023,吉林,普通本科批,文科,,,419,10814,
4135,黄河科技学院,2023,吉林,普通本科批,文科,,,387,15902,
4136,郑州师范学院,2023,吉林,普通本科批,文科,,,467,5631,
4137,郑州商学院,2023,吉林,普通本科批,文科,,,402,12199,
4138,郑州升达经贸管理学院,2023,吉林,普通本科批,文科,,,403,12332,
4144,郑州工业应用技术学院,2023,吉林,普通本科批,文科,,,336,15902,
4148,河南工程学院,2023,吉林,普通本科批,文科,,,378,8771,
4201,武汉大学,2023,吉林,普通本科批,文科,,,574,169,
4202,华中科技大学,2023,吉林,普通本科批,文科,,,568,431,
4206,中国地质大学(武汉),2023,吉林,普通本科批,文科,,,516,1941,
4207,武汉纺织大学,2023,吉林,普通本科批,文科,,,448,7555,
4208,武汉理工大学,2023,吉林,普通本科批,文科,,,522,1437,
4210,华中农业大学,2023,吉林,普通本科批,文科,,,520,1282,
4211,湖北中医药大学,2023,吉林,普通本科批,文科,,,426,7346,
4212,华中师范大学,2023,吉林,普通本科批,文科,,,506,756,
4214,中南财经政法大学,2023,吉林,普通本科批,文科,,,524,518,
4215,中南民族大学,2023,吉林,普通本科批,文科,,,439,3086,
4217,三峡大学,2023,吉林,普通本科批,文科,,,479,4519,
4223,湖北师范大学,2023,吉林,普通本科批,文科,,,492,2750,
4225,湖北民族大学,2023,吉林,普通本科批,文科,,,450,6512,
4226,湖北文理学院,2023,吉林,普通本科批,文科,,,407,8523,
4227,武汉体育学院,2023,吉林,普通本科批,文科,,,387,10814,
4231,湖北理工学院,2023,吉林,普通本科批,文科,,,342,17841,
4232,湖北科技学院,2023,吉林,普通本科批,文科,,,434,8020,
4238,湖北经济学院,2023,吉林,普通本科批,文科,,,379,3739,
4240,汉口学院,2023,吉林,普通本科批,文科,,,374,14811,
4241,武汉生物工程学院,2023,吉林,普通本科批,文科,,,390,14504,
4245,武汉学院,2023,吉林,普通本科批,文科,,,401,11746,
4301,湘潭大学,2023,吉林,普通本科批,文科,,,505,1318,
4302,吉首大学,2023,吉林,普通本科批,文科,,,393,6914,
4303,湖南大学,2023,吉林,普通本科批,文科,,,555,559,
4304,中南大学,2023,吉林,普通本科批,文科,,,544,715,
4305,湖南科技大学,2023,吉林,普通本科批,文科,,,473,1941,
4306,长沙理工大学,2023,吉林,普通本科批,文科,,,504,2448,
4307,湖南农业大学,2023,吉林,普通本科批,文科,,,448,5631,
4308,中南林业科技大学,2023,吉林,普通本科批,文科,,,479,3739,
4310,湖南师范大学,2023,吉林,普通本科批,文科,,,497,1132,
4313,湖南工业大学,2023,吉林,普通本科批,文科,,,438,8771,
4316,湖南理工学院,2023,吉林,普通本科批,文科,,,421,9112,
4317,湘南学院,2023,吉林,普通本科批,文科,,,420,6914,
4318,衡阳师范学院,2023,吉林,普通本科批,文科,,,413,7448,
4319,邵阳学院,2023,吉林,普通本科批,文科,,,421,9361,
4320,怀化学院,2023,吉林,普通本科批,文科,,,421,10269,
4321,湖南文理学院,2023,吉林,普通本科批,文科,,,407,7555,
4322,湖南科技学院,2023,吉林,普通本科批,文科,,,418,8771,
4324,湖南工商大学,2023,吉林,普通本科批,文科,,,476,4027,
4325,长沙医学院,2023,吉林,普通本科批,文科,,,390,12199,
4326,长沙学院,2023,吉林,普通本科批,文科,,,432,8020,
4327,湖南工程学院,2023,吉林,普通本科批,文科,,,428,9640,
4328,湖南城市学院,2023,吉林,普通本科批,文科,,,418,10409,
4330,湖南财政经济学院,2023,吉林,普通本科批,文科,,,461,5131,
4333,湖南涉外经济学院,2023,吉林,普通本科批,文科,,,370,16058,
4336,湖南第一师范学院,2023,吉林,普通本科批,文科,,,426,3593,
4337,湖南医药学院,2023,吉林,普通本科批,文科,,,445,6204,
440,广州南方学院,2023,吉林,普通本科批,文科,,,356,16058,
4400,广东外语外贸大学南国商学院,2023,吉林,普通本科批,文科,,,354,20517,
4400000,华南农业大学珠江学院,2023,吉林,普通本科批,文科,,,397,14368,
4401,中山大学,2023,吉林,普通本科批,文科,,,567,340,
4402,暨南大学,2023,吉林,普通本科批,文科,,,492,810,
4404,华南理工大学,2023,吉林,普通本科批,文科,,,535,500,
4409,广州中医药大学,2023,吉林,普通本科批,文科,,,484,2878,
4410,华南师范大学,2023,吉林,普通本科批,文科,,,533,912,
4411,深圳大学,2023,吉林,普通本科批,文科,,,530,1100,
4414,五邑大学,2023,吉林,普通本科批,文科,,,481,4348,
4416,广东外语外贸大学,2023,吉林,普通本科批,文科,,,488,1508,
4417,南方医科大学,2023,吉林,普通本科批,文科,,,485,2046,
4425,韩山师范学院,2023,吉林,普通本科批,文科,,,397,13749,
4437,广东金融学院,2023,吉林,普通本科批,文科,,,482,3739,
4446,北京师范大学-香港浸会大学联合国际学院,2023,吉林,普通本科批,文科,,,488,3519,
4495,广东东软学院,2023,吉林,普通本科批,文科,,,355,19633,
4498,岭南师范学院,2023,吉林,普通本科批,文科,,,420,9640,
4503,桂林理工大学,2023,吉林,普通本科批,文科,,,352,16351,
4505,广西师范大学,2023,吉林,普通本科批,文科,,,482,4189,
4506,广西民族大学,2023,吉林,普通本科批,文科,,,438,7346,
4508,广西科技大学,2023,吉林,普通本科批,文科,,,440,8523,
4510,广西中医药大学,2023,吉林,普通本科批,文科,,,433,5631,
4512,南宁师范大学,2023,吉林,普通本科批,文科,,,410,4519,
4515,玉林师范学院,2023,吉林,普通本科批,文科,,,357,10666,
4517,百色学院,2023,吉林,普通本科批,文科,,,410,8771,
4518,梧州学院,2023,吉林,普通本科批,文科,,,424,8394,
4519,广西财经学院,2023,吉林,普通本科批,文科,,,454,6914,
4520,南宁学院,2023,吉林,普通本科批,文科,,,354,20517,
4523,桂林旅游学院,2023,吉林,普通本科批,文科,,,411,11893,
4524,贺州学院,2023,吉林,普通本科批,文科,,,406,12759,
4525,广西外国语学院,2023,吉林,普通本科批,文科,,,368,17841,
4527,广西科技师范学院,2023,吉林,普通本科批,文科,,,438,8145,
4566,柳州工学院,2023,吉林,普通本科批,文科,,,348,20667,
4568,桂林学院,2023,吉林,普通本科批,文科,,,380,16941,
4570,广西中医药大学赛恩斯新医药学院,2023,吉林,普通本科批,文科,,,413,12042,
4601,海南大学,2023,吉林,普通本科批,文科,,,487,1210,
4602,海南师范大学,2023,吉林,普通本科批,文科,,,425,2101,
4604,海南热带海洋学院,2023,吉林,普通本科批,文科,,,348,7121,
4606,海口经济学院,2023,吉林,普通本科批,文科,,,351,17372,
4607,三亚学院,2023,吉林,普通本科批,文科,,,341,14955,
4608,琼台师范学院,2023,吉林,普通本科批,文科,,,450,5820,
4611,海南科技职业大学,2023,吉林,普通本科批,文科,,,354,20667,
5001,重庆大学,2023,吉林,普通本科批,文科,,,551,648,
5005,西南大学,2023,吉林,普通本科批,文科,,,510,934,
5006,重庆师范大学,2023,吉林,普通本科批,文科,,,519,1841,
5007,西南政法大学,2023,吉林,普通本科批,文科,,,557,518,
5009,重庆工商大学,2023,吉林,普通本科批,文科,,,477,4271,
5011,重庆三峡学院,2023,吉林,普通本科批,文科,,,462,5729,
5012,长江师范学院,2023,吉林,普通本科批,文科,,,448,7555,
5013,四川外国语大学,2023,吉林,普通本科批,文科,,,497,2202,
5062,重庆外语外事学院,2023,吉林,普通本科批,文科,,,393,13329,
5063,重庆对外经贸学院,2023,吉林,普通本科批,文科,,,436,9003,
5064,重庆财经学院,2023,吉林,普通本科批,文科,,,404,11496,
5066,重庆移通学院,2023,吉林,普通本科批,文科,,,388,15736,
5101,四川大学,2023,吉林,普通本科批,文科,,,438,671,
5102,西南交通大学,2023,吉林,普通本科批,文科,,,523,1132,
5103,电子科技大学,2023,吉林,普通本科批,文科,,,535,1100,
5105,西南科技大学,2023,吉林,普通本科批,文科,,,485,2809,
5106,西华大学,2023,吉林,普通本科批,文科,,,439,8394,
5108,成都中医药大学,2023,吉林,普通本科批,文科,,,520,1790,
5111,西南财经大学,2023,吉林,普通本科批,文科,,,518,715,
5112,西南民族大学,2023,吉林,普通本科批,文科,,,476,2046,
5114,成都理工大学,2023,吉林,普通本科批,文科,,,493,3018,
5115,成都信息工程大学,2023,吉林,普通本科批,文科,,,482,3946,
5117,中国民用航空飞行学院,2023,吉林,普通本科批,文科,,,422,6109,
5121,绵阳师范学院,2023,吉林,普通本科批,文科,,,461,6109,
5122,内江师范学院,2023,吉林,普通本科批,文科,,,465,5820,
5125,乐山师范学院,2023,吉林,普通本科批,文科,,,422,10814,
5128,成都大学,2023,吉林,普通本科批,文科,,,465,5046,
5130,攀枝花学院,2023,吉林,普通本科批,文科,,,419,11212,
5131,四川旅游学院,2023,吉林,普通本科批,文科,,,423,8145,
5144,成都东软学院,2023,吉林,普通本科批,文科,,,394,14811,
5191,吉利学院,2023,吉林,普通本科批,文科,,,374,15577,
5201,贵州大学,2023,吉林,普通本科批,文科,,,498,1540,
5202,贵州师范大学,2023,吉林,普通本科批,文科,,,398,9640,
5213,黔南民族师范学院,2023,吉林,普通本科批,文科,,,407,11212,
5214,贵州财经大学,2023,吉林,普通本科批,文科,,,336,23322,
5272,贵州财经大学,2023,吉林,普通本科批,文科,,,359,14368,
5301,云南大学,2023,吉林,普通本科批,文科,,,488,1132,
5302,昆明理工大学,2023,吉林,普通本科批,文科,,,471,3866,
5305,云南师范大学,2023,吉林,普通本科批,文科,,,466,4956,
5306,云南财经大学,2023,吉林,普通本科批,文科,,,390,4614,
5307,云南民族大学,2023,吉林,普通本科批,文科,,,368,9770,
5310,大理大学,2023,吉林,普通本科批,文科,,,426,8145,
5311,云南中医药大学,2023,吉林,普通本科批,文科,,,484,3739,
5313,曲靖师范学院,2023,吉林,普通本科批,文科,,,397,14368,
5314,普洱学院,2023,吉林,普通本科批,文科,,,417,11496,
5316,红河学院,2023,吉林,普通本科批,文科,,,438,8145,
5318,玉溪师范学院,2023,吉林,普通本科批,文科,,,442,7675,
5320,云南警官学院,2023,吉林,普通本科批,文科,,,456,,
5321,昆明学院,2023,吉林,普通本科批,文科,,,437,8888,
5356,云南经济管理学院,2023,吉林,普通本科批,文科,,,380,14368,
5367,滇池学院,2023,吉林,普通本科批,文科,,,394,13469,
5368,丽江文化旅游学院,2023,吉林,普通本科批,文科,,,359,17235,
5369,昆明城市学院,2023,吉林,普通本科批,文科,,,351,14212,
5370,昆明医科大学海源学院,2023,吉林,普通本科批,文科,,,391,13900,
5372,昆明文理学院,2023,吉林,普通本科批,文科,,,393,12614,
5373,昆明理工大学津桥学院,2023,吉林,普通本科批,文科,,,368,18320,
5378,滇西应用技术大学,2023,吉林,普通本科批,文科,,,400,13469,
5401,西藏大学,2023,吉林,普通本科批,文科,,,458,6512,
6101,西北大学,2023,吉林,普通本科批,文科,,,513,1249,
6102,西安交通大学,2023,吉林,普通本科批,文科,,,557,545,
6103,西北工业大学,2023,吉林,普通本科批,文科,,,530,1390,
6106,西安工业大学,2023,吉林,普通本科批,文科,,,490,3670,
6109,西安石油大学,2023,吉林,普通本科批,文科,,,493,3367,
6112,长安大学,2023,吉林,普通本科批,文科,,,517,1745,
6113,西北农林科技大学,2023,吉林,普通本科批,文科,,,492,2002,
6114,陕西师范大学,2023,吉林,普通本科批,文科,,,504,838,
6115,延安大学,2023,吉林,普通本科批,文科,,,360,5631,
6116,西安外国语大学,2023,吉林,普通本科批,文科,,,506,1790,
6117,西北政法大学,2023,吉林,普通本科批,文科,,,540,756,
6118,西安邮电大学,2023,吉林,普通本科批,文科,,,334,2878,
6120,陕西理工大学,2023,吉林,普通本科批,文科,,,443,6420,
6121,宝鸡文理学院,2023,吉林,普通本科批,文科,,,411,12042,
6122,咸阳师范学院,2023,吉林,普通本科批,文科,,,409,12614,
6123,渭南师范学院,2023,吉林,普通本科批,文科,,,451,7222,
6127,西安文理学院,2023,吉林,普通本科批,文科,,,404,9496,
6128,榆林学院,2023,吉林,普通本科批,文科,,,437,7891,
6129,商洛学院,2023,吉林,普通本科批,文科,,,448,7346,
6130,安康学院,2023,吉林,普通本科批,文科,,,425,10409,
6132,西安财经大学,2023,吉林,普通本科批,文科,,,478,4519,
6134,西安医学院,2023,吉林,普通本科批,文科,,,372,17235,
6138,西安外事学院,2023,吉林,普通本科批,文科,,,374,12759,
6139,西安翻译学院,2023,吉林,普通本科批,文科,,,358,17102,
6141,西安思源学院,2023,吉林,普通本科批,文科,,,401,12199,
6142,陕西国际商贸学院,2023,吉林,普通本科批,文科,,,358,16941,
6185,西安交通大学城市学院,2023,吉林,普通本科批,文科,,,399,14037,
6188,西安财经大学行知学院,2023,吉林,普通本科批,文科,,,360,14955,
6201,兰州大学,2023,吉林,普通本科批,文科,,,532,1100,
6202,兰州理工大学,2023,吉林,普通本科批,文科,,,394,13900,
6203,兰州交通大学,2023,吉林,普通本科批,文科,,,478,4614,
6205,西北师范大学,2023,吉林,普通本科批,文科,,,350,6109,
6206,西北民族大学,2023,吉林,普通本科批,文科,,,386,6309,
6215,兰州城市学院,2023,吉林,普通本科批,文科,,,391,14368,
6216,陇东学院,2023,吉林,普通本科批,文科,,,428,9361,
6217,天水师范学院,2023,吉林,普通本科批,文科,,,430,9640,
6218,河西学院,2023,吉林,普通本科批,文科,,,402,8394,
6219,兰州财经大学,2023,吉林,普通本科批,文科,,,353,6420,
6220,甘肃政法大学,2023,吉林,普通本科批,文科,,,369,3286,
6221,甘肃民族师范学院,2023,吉林,普通本科批,文科,,,421,8771,
6222,兰州文理学院,2023,吉林,普通本科批,文科,,,399,12042,
6245,兰州石化职业技术大学,2023,吉林,普通本科批,文科,,,396,12759,
6302,青海师范大学,2023,吉林,普通本科批,文科,,,337,7675,
6303,青海民族大学,2023,吉林,普通本科批,文科,,,342,7675,
6401,宁夏大学,2023,吉林,普通本科批,文科,,,507,2504,
6402,北方民族大学,2023,吉林,普通本科批,文科,,,396,7222,
6405,宁夏理工学院,2023,吉林,普通本科批,文科,,,307,15577,
6418,宁夏大学新华学院,2023,吉林,普通本科批,文科,,,369,18603,
6501,新疆大学,2023,吉林,普通本科批,文科,,,503,2269,
6502,塔里木大学,2023,吉林,普通本科批,文科,,,396,6109,
6503,新疆农业大学,2023,吉林,普通本科批,文科,,,355,14811,
6506,新疆师范大学,2023,吉林,普通本科批,文科,,,364,12042,
6507,新疆财经大学,2023,吉林,普通本科批,文科,,,414,7011,
6509,喀什大学,2023,吉林,普通本科批,文科,,,412,8888,
6510,伊犁师范大学,2023,吉林,普通本科批,文科,,,417,9231,
6522,新疆警察学院,2023,吉林,普通本科批,文科,,,430,9770,
6544,新疆科技学院,2023,吉林,普通本科批,文科,,,404,11893,
6545,新疆政法学院,2023,吉林,普通本科批,文科,,,417,10666,
6556,昌吉学院,2023,吉林,普通本科批,文科,,,403,11746,
8112,香港珠海学院,2023,吉林,普通本科批,文科,,,393,12759,
,三峡大学科技学院,2023,吉林,普通本科批,文科,,,402,13469,
1183,北京汇佳职业学院,2023,吉林,专科批次,理科,,,220,68975,
1184,北京科技经营管理学院,2023,吉林,专科批次,理科,,,153,73272,
1187,北京交通职业技术学院,2023,吉林,专科批次,理科,,,288,63913,
1205,中国民航大学,2023,吉林,专科批次,理科,,,169,75021,
1221,天津天狮学院,2023,吉林,专科批次,理科,,,212,70161,
1222,天津医学高等专科学校,2023,吉林,专科批次,理科,,,243,53090,
1223,天津城市建设管理职业技术学院,2023,吉林,专科批次,理科,,,257,68505,
1224,天津生物工程职业技术学院,2023,吉林,专科批次,理科,,,166,68821,
1225,天津海运职业学院,2023,吉林,专科批次,理科,,,266,64350,
1227,天津滨海职业学院,2023,吉林,专科批次,理科,,,181,75908,
1230,天津渤海职业技术学院,2023,吉林,专科批次,理科,,,244,66152,
1231,天津电子信息职业技术学院,2023,吉林,专科批次,理科,,,281,56994,
1232,天津机电职业技术学院,2023,吉林,专科批次,理科,,,274,65395,
1233,天津现代职业技术学院,2023,吉林,专科批次,理科,,,201,66751,
1234,天津公安警官职业学院,2023,吉林,专科批次,理科,,,280,65589,
1235,天津轻工职业技术学院,2023,吉林,专科批次,理科,,,215,68043,
1236,天津商务职业学院,2023,吉林,专科批次,理科,,,233,52820,
1237,天津国土资源和房屋职业学院,2023,吉林,专科批次,理科,,,256,68505,
1240,天津交通职业学院,2023,吉林,专科批次,理科,,,261,67499,
1241,天津工业职业学院,2023,吉林,专科批次,理科,,,254,68505,
1242,天津石油职业技术学院,2023,吉林,专科批次,理科,,,246,68975,
1243,天津城市职业学院,2023,吉林,专科批次,理科,,,234,67333,
1244,天津铁道职业技术学院,2023,吉林,专科批次,理科,,,288,56730,
1256,天津市职业大学,2023,吉林,专科批次,理科,,,209,60618,
1259,天津滨海汽车工程职业学院,2023,吉林,专科批次,理科,,,158,72018,
1305,华北理工大学,2023,吉林,专科批次,理科,,,275,63733,
1346,石家庄医学高等专科学校,2023,吉林,专科批次,理科,,,261,62484,
1347,石家庄人民医学高等专科学校,2023,吉林,专科批次,理科,,,266,65965,
1348,石家庄幼儿师范高等专科学校,2023,吉林,专科批次,理科,,,198,75222,
1349,廊坊卫生职业学院,2023,吉林,专科批次,理科,,,248,69279,
1351,沧州医学高等专科学校,2023,吉林,专科批次,理科,,,288,55189,
1353,邯郸职业技术学院,2023,吉林,专科批次,理科,,,239,71907,
1354,石家庄职业技术学院,2023,吉林,专科批次,理科,,,262,68043,
1355,张家口职业技术学院,2023,吉林,专科批次,理科,,,191,71788,
1357,河北软件职业技术学院,2023,吉林,专科批次,理科,,,275,66556,
1360,冀中职业学院,2023,吉林,专科批次,理科,,,252,70309,
1366,宣化科技职业学院,2023,吉林,专科批次,理科,,,239,70606,
1368,承德护理职业学院,2023,吉林,专科批次,理科,,,289,59908,
1370,保定幼儿师范高等专科学校,2023,吉林,专科批次,理科,,,249,70749,
1371,河北建材职业技术学院,2023,吉林,专科批次,理科,,,203,72119,
1374,河北能源职业技术学院,2023,吉林,专科批次,理科,,,232,71680,
1375,石家庄铁路职业技术学院,2023,吉林,专科批次,理科,,,289,59674,
1376,保定职业技术学院,2023,吉林,专科批次,理科,,,236,72235,
1380,唐山职业技术学院,2023,吉林,专科批次,理科,,,281,63510,
1381,衡水职业技术学院,2023,吉林,专科批次,理科,,,269,67705,
1384,河北旅游职业学院,2023,吉林,专科批次,理科,,,187,72235,
1385,石家庄财经职业学院,2023,吉林,专科批次,理科,,,219,73959,
1386,河北交通职业技术学院,2023,吉林,专科批次,理科,,,269,67705,
1387,河北化工医药职业技术学院,2023,吉林,专科批次,理科,,,236,68043,
1388,石家庄信息工程职业学院,2023,吉林,专科批次,理科,,,255,65772,
1389,河北对外经贸职业学院,2023,吉林,专科批次,理科,,,194,70309,
1390,保定电力职业技术学院,2023,吉林,专科批次,理科,,,280,63510,
1391,河北机电职业技术学院,2023,吉林,专科批次,理科,,,221,72472,
1393,廊坊职业技术学院,2023,吉林,专科批次,理科,,,211,70749,
1395,石家庄邮电职业技术学院,2023,吉林,专科批次,理科,,,290,63317,
1397,石家庄工商职业学院,2023,吉林,专科批次,理科,,,164,73716,
1398,石家庄理工职业学院,2023,吉林,专科批次,理科,,,206,74807,
1430,朔州师范高等专科学校,2023,吉林,专科批次,理科,,,270,67114,
1453,临汾职业技术学院,2023,吉林,专科批次,理科,,,256,69418,
1454,山西职业技术学院,2023,吉林,专科批次,理科,,,231,70749,
1467,忻州职业技术学院,2023,吉林,专科批次,理科,,,216,72018,
1527,包头铁道职业技术学院,2023,吉林,专科批次,理科,,,295,62484,
1531,满洲里俄语职业学院,2023,吉林,专科批次,理科,,,181,71788,
1532,赤峰工业职业技术学院,2023,吉林,专科批次,理科,,,185,74403,
1536,兴安职业技术学院,2023,吉林,专科批次,理科,,,194,71907,
1543,锡林郭勒职业学院,2023,吉林,专科批次,理科,,,204,72018,
1547,通辽职业学院,2023,吉林,专科批次,理科,,,206,73272,
2131,沈阳医学院,2023,吉林,专科批次,理科,,,314,50361,
2132,鞍山师范学院,2023,吉林,专科批次,理科,,,213,74403,
2139,沈阳工程学院,2023,吉林,专科批次,理科,,,273,65190,
2140,辽东学院,2023,吉林,专科批次,理科,,,332,50361,
2142,辽宁建筑职业学院,2023,吉林,专科批次,理科,,,214,71680,
2145,辽宁轻工职业学院,2023,吉林,专科批次,理科,,,152,67114,
2147,辽宁轨道交通职业学院,2023,吉林,专科批次,理科,,,289,56241,
2150,大连东软信息学院,2023,吉林,专科批次,理科,,,247,68213,
2153,抚顺师范高等专科学校,2023,吉林,专科批次,理科,,,276,65965,
2155,铁岭师范高等专科学校,2023,吉林,专科批次,理科,,,243,64782,
2156,阜新高等专科学校,2023,吉林,专科批次,理科,,,242,65772,
2158,辽宁省交通高等专科学校,2023,吉林,专科批次,理科,,,274,56994,
2159,辽宁民族师范高等专科学校,2023,吉林,专科批次,理科,,,201,66946,
2161,营口职业技术学院,2023,吉林,专科批次,理科,,,238,71907,
2162,大连职业技术学院,2023,吉林,专科批次,理科,,,270,63733,
2163,抚顺职业技术学院,2023,吉林,专科批次,理科,,,230,72703,
2164,辽宁农业职业技术学院,2023,吉林,专科批次,理科,,,289,57268,
2165,辽阳职业技术学院,2023,吉林,专科批次,理科,,,162,74859,
2166,盘锦职业技术学院,2023,吉林,专科批次,理科,,,264,68505,
2167,辽宁传媒学院,2023,吉林,专科批次,理科,,,230,72986,
2168,大连软件职业学院,2023,吉林,专科批次,理科,,,178,73546,
2171,大连枫叶职业技术学院,2023,吉林,专科批次,理科,,,158,71025,
2172,辽宁装备制造职业技术学院,2023,吉林,专科批次,理科,,,260,68376,
2174,辽宁地质工程职业学院,2023,吉林,专科批次,理科,,,243,67705,
2175,辽宁铁道职业技术学院,2023,吉林,专科批次,理科,,,341,25212,
2176,大连航运职业技术学院,2023,吉林,专科批次,理科,,,161,72018,
2177,大连装备制造职业技术学院,2023,吉林,专科批次,理科,,,245,71285,
2178,大连汽车职业技术学院,2023,吉林,专科批次,理科,,,166,73716,
2179,辽宁现代服务职业技术学院,2023,吉林,专科批次,理科,,,207,73272,
2180,辽宁冶金职业技术学院,2023,吉林,专科批次,理科,,,240,70882,
2181,辽宁工程职业学院,2023,吉林,专科批次,理科,,,237,71413,
2182,辽宁城市建设职业技术学院,2023,吉林,专科批次,理科,,,232,68376,
2183,辽宁医药职业学院,2023,吉林,专科批次,理科,,,265,64125,
2184,铁岭卫生职业学院,2023,吉林,专科批次,理科,,,280,65589,
2185,沈阳北软信息职业技术学院,2023,吉林,专科批次,理科,,,221,70016,
2188,辽宁职业学院,2023,吉林,专科批次,理科,,,224,72799,
2189,辽宁生态工程职业学院,2023,吉林,专科批次,理科,,,222,69607,
2190,沈阳职业技术学院,2023,吉林,专科批次,理科,,,221,69418,
2191,辽宁理工职业大学,2023,吉林,专科批次,理科,,,202,73546,
2193,辽宁金融职业学院,2023,吉林,专科批次,理科,,,270,67499,
2194,辽宁广告职业学院,2023,吉林,专科批次,理科,,,184,73716,
2195,辽宁机电职业技术学院,2023,吉林,专科批次,理科,,,240,65589,
2196,辽宁经济职业技术学院,2023,吉林,专科批次,理科,,,297,62052,
2197,辽宁石化职业技术学院,2023,吉林,专科批次,理科,,,270,66946,
2198,渤海船舶职业学院,2023,吉林,专科批次,理科,,,258,65589,
2204,东北电力大学,2023,吉林,专科批次,理科,,,294,58208,
2210,北华大学,2023,吉林,专科批次,理科,,,269,64556,
2211,吉林师范大学,2023,吉林,专科批次,理科,,,192,14721,
2214,长春大学,2023,吉林,专科批次,理科,,,188,68213,
2216,通化师范学院,2023,吉林,专科批次,理科,,,257,67867,
2218,白城师范学院,2023,吉林,专科批次,理科,,,159,65772,
2219,吉林体育学院,2023,吉林,专科批次,理科,,,257,69607,
2222,吉林工商学院,2023,吉林,专科批次,理科,,,168,61580,
2225,吉林警察学院,2023,吉林,专科批次,理科,,,225,67867,
2229,吉林医药学院,2023,吉林,专科批次,理科,,,350,48405,
2230,长春汽车职业技术大学,2023,吉林,专科批次,理科,,,236,63510,
2231,长春金融高等专科学校,2023,吉林,专科批次,理科,,,150,67705,
2232,长春医学高等专科学校,2023,吉林,专科批次,理科,,,158,53328,
2233,长春师范高等专科学校,2023,吉林,专科批次,理科,,,153,68975,
2234,白城医学高等专科学校,2023,吉林,专科批次,理科,,,172,54394,
2235,辽源职业技术学院,2023,吉林,专科批次,理科,,,150,70882,
2236,吉林交通职业技术学院,2023,吉林,专科批次,理科,,,230,71788,
2237,长春东方职业学院,2023,吉林,专科批次,理科,,,152,74761,
2238,长春信息技术职业学院,2023,吉林,专科批次,理科,,,150,73546,
2239,松原职业技术学院,2023,吉林,专科批次,理科,,,152,74047,
2240,吉林铁道职业技术学院,2023,吉林,专科批次,理科,,,266,51985,
2241,白城职业技术学院,2023,吉林,专科批次,理科,,,151,71907,
2242,长白山职业技术学院,2023,吉林,专科批次,理科,,,151,72703,
2243,吉林科技职业技术学院,2023,吉林,专科批次,理科,,,150,62912,
2244,延边职业技术学院,2023,吉林,专科批次,理科,,,154,60618,
2245,吉林城市职业技术学院,2023,吉林,专科批次,理科,,,151,70606,
2246,吉林职业技术学院,2023,吉林,专科批次,理科,,,150,69607,
2247,吉林司法警官职业学院,2023,吉林,专科批次,理科,,,208,64556,
2248,吉林电子信息职业技术学院,2023,吉林,专科批次,理科,,,150,69733,
2249,吉林工业职业技术学院,2023,吉林,专科批次,理科,,,152,69733,
2250,吉林工程职业学院,2023,吉林,专科批次,理科,,,151,72986,
2251,长春职业技术学院,2023,吉林,专科批次,理科,,,206,63317,
2252,长春光华学院,2023,吉林,专科批次,理科,,,171,71907,
2255,吉林建筑科技学院,2023,吉林,专科批次,理科,,,156,75514,
2256,长春科技学院,2023,吉林,专科批次,理科,,,237,67705,
2257,吉林师范大学博达学院,2023,吉林,专科批次,理科,,,181,68505,
2258,长春大学旅游学院,2023,吉林,专科批次,理科,,,183,73622,
2260,四平职业大学,2023,吉林,专科批次,理科,,,195,70462,
2262,吉林省经济管理干部学院,2023,吉林,专科批次,理科,,,153,62265,
2263,吉林水利电力职业学院,2023,吉林,专科批次,理科,,,208,71285,
2264,长春健康职业学院,2023,吉林,专科批次,理科,,,150,72472,
2266,长春早期教育职业学院,2023,吉林,专科批次,理科,,,158,76139,
2267,梅河口康美职业技术学院,2023,吉林,专科批次,理科,,,249,68975,
2268,吉林通用航空职业技术学院,2023,吉林,专科批次,理科,,,153,73443,
2269,通化医药健康职业学院,2023,吉林,专科批次,理科,,,224,70606,
2306,东北石油大学,2023,吉林,专科批次,理科,,,302,56241,
2336,齐齐哈尔高等师范专科学校,2023,吉林,专科批次,理科,,,150,68674,
2337,鹤岗师范高等专科学校,2023,吉林,专科批次,理科,,,216,71285,
2338,大庆医学高等专科学校,2023,吉林,专科批次,理科,,,250,56994,
2339,黑龙江幼儿师范高等专科学校,2023,吉林,专科批次,理科,,,211,70462,
2340,黑龙江护理高等专科学校,2023,吉林,专科批次,理科,,,261,59431,
2341,哈尔滨幼儿师范高等专科学校,2023,吉林,专科批次,理科,,,205,70309,
2342,伊春职业学院,2023,吉林,专科批次,理科,,,174,65772,
2343,黑龙江职业学院,2023,吉林,专科批次,理科,,,234,66152,
2344,黑龙江建筑职业技术学院,2023,吉林,专科批次,理科,,,223,62912,
2345,七台河职业学院,2023,吉林,专科批次,理科,,,168,67499,
2346,黑龙江民族职业学院,2023,吉林,专科批次,理科,,,205,70606,
2347,黑龙江交通职业技术学院,2023,吉林,专科批次,理科,,,274,63733,
2349,哈尔滨科学技术职业学院,2023,吉林,专科批次,理科,,,196,65395,
2351,佳木斯职业学院,2023,吉林,专科批次,理科,,,182,74121,
2354,黑龙江冰雪体育职业学院,2023,吉林,专科批次,理科,,,220,73622,
2356,大庆职业学院,2023,吉林,专科批次,理科,,,228,66152,
2357,黑龙江林业职业技术学院,2023,吉林,专科批次,理科,,,169,73074,
2358,黑龙江农业职业技术学院,2023,吉林,专科批次,理科,,,220,73878,
2359,黑龙江农业工程职业学院,2023,吉林,专科批次,理科,,,165,72906,
2360,黑龙江农垦职业学院,2023,吉林,专科批次,理科,,,211,67705,
2361,黑龙江司法警官职业学院,2023,吉林,专科批次,理科,,,224,67867,
2362,哈尔滨电力职业技术学院,2023,吉林,专科批次,理科,,,248,63317,
2363,哈尔滨铁道职业技术学院,2023,吉林,专科批次,理科,,,285,52264,
2364,大兴安岭职业学院,2023,吉林,专科批次,理科,,,155,66556,
2365,黑龙江农业经济职业学院,2023,吉林,专科批次,理科,,,164,73074,
2366,哈尔滨职业技术大学,2023,吉林,专科批次,理科,,,256,68213,
2367,哈尔滨传媒职业学院,2023,吉林,专科批次,理科,,,165,75473,
2369,黑龙江商业职业学院,2023,吉林,专科批次,理科,,,217,72361,
2374,黑龙江旅游职业技术学院,2023,吉林,专科批次,理科,,,172,72119,
2376,黑龙江生态工程职业学院,2023,吉林,专科批次,理科,,,160,72594,
2377,黑龙江能源职业学院,2023,吉林,专科批次,理科,,,169,74584,
2382,牡丹江大学,2023,吉林,专科批次,理科,,,186,53328,
2388,哈尔滨北方航空职业技术学院,2023,吉林,专科批次,理科,,,206,72594,
3137,上海出版印刷高等专科学校,2023,吉林,专科批次,理科,,,284,64782,
3138,上海东海职业技术学院,2023,吉林,专科批次,理科,,,209,74403,
3142,上海民航职业技术学院,2023,吉林,专科批次,理科,,,275,63127,
3147,上海电子信息职业技术学院,2023,吉林,专科批次,理科,,,274,63733,
3148,上海震旦职业学院,2023,吉林,专科批次,理科,,,189,69607,
3152,上海立达学院,2023,吉林,专科批次,理科,,,253,68043,
3155,上海工商外国语职业学院,2023,吉林,专科批次,理科,,,194,71548,
32000,江苏财经职业技术学院,2023,吉林,专科批次,理科,,,274,66556,
3254,镇江市高等专科学校,2023,吉林,专科批次,理科,,,237,72235,
3260,江苏航空职业技术学院,2023,吉林,专科批次,理科,,,269,65772,
3266,江苏建筑职业技术学院,2023,吉林,专科批次,理科,,,242,68376,
3270,连云港职业技术学院,2023,吉林,专科批次,理科,,,268,67867,
3273,九州职业技术学院,2023,吉林,专科批次,理科,,,248,70882,
3278,苏州百年职业学院,2023,吉林,专科批次,理科,,,157,71788,
3283,南京旅游职业学院,2023,吉林,专科批次,理科,,,276,66152,
3286,宿迁泽达职业技术学院,2023,吉林,专科批次,理科,,,156,71148,
3287,苏州工业园区服务外包职业学院,2023,吉林,专科批次,理科,,,264,68376,
3288,扬州中瑞酒店职业学院,2023,吉林,专科批次,理科,,,181,75908,
3290,江苏财会职业学院,2023,吉林,专科批次,理科,,,260,69126,
3291,江苏城乡建设职业学院,2023,吉林,专科批次,理科,,,238,51187,
3292,江苏安全技术职业学院,2023,吉林,专科批次,理科,,,237,69607,
3294,江苏海事职业技术学院,2023,吉林,专科批次,理科,,,271,64556,
3297,江苏医药职业学院,2023,吉林,专科批次,理科,,,263,67867,
3358,浙江建设职业技术学院,2023,吉林,专科批次,理科,,,276,64350,
3361,浙江商业职业技术学院,2023,吉林,专科批次,理科,,,277,58208,
3439,安徽中医药高等专科学校,2023,吉林,专科批次,理科,,,266,56241,
3522,漳州理工职业学院,2023,吉林,专科批次,理科,,,186,71680,
3547,厦门软件职业技术学院,2023,吉林,专科批次,理科,,,200,73959,
3550,厦门南洋职业学院,2023,吉林,专科批次,理科,,,183,70016,
3551,厦门东海职业技术学院,2023,吉林,专科批次,理科,,,218,74047,
3555,泉州轻工职业学院,2023,吉林,专科批次,理科,,,172,69279,
3557,福州墨尔本理工职业学院,2023,吉林,专科批次,理科,,,182,69279,
3574,厦门华天涉外职业技术学院,2023,吉林,专科批次,理科,,,191,75566,
3624,南昌理工学院,2023,吉林,专科批次,理科,,,176,66556,
3626,南昌工学院,2023,吉林,专科批次,理科,,,173,75075,
3627,江西医学高等专科学校,2023,吉林,专科批次,理科,,,259,56241,
3631,江西师范高等专科学校,2023,吉林,专科批次,理科,,,235,72472,
3633,江西中医药高等专科学校,2023,吉林,专科批次,理科,,,260,63733,
3635,江西职业技术大学,2023,吉林,专科批次,理科,,,262,62706,
3651,江西司法警官职业学院,2023,吉林,专科批次,理科,,,257,69607,
3654,江西电力职业技术学院,2023,吉林,专科批次,理科,,,280,63510,
3655,江西环境工程职业学院,2023,吉林,专科批次,理科,,,210,70309,
3658,江西应用科技学院,2023,吉林,专科批次,理科,,,250,70606,
3659,江西信息应用职业技术学院,2023,吉林,专科批次,理科,,,258,69418,
3660,江西交通职业技术学院,2023,吉林,专科批次,理科,,,236,71025,
3661,江西财经职业学院,2023,吉林,专科批次,理科,,,240,70161,
3662,江西应用技术职业学院,2023,吉林,专科批次,理科,,,244,68213,
3663,江西现代职业技术学院,2023,吉林,专科批次,理科,,,222,72703,
3666,江西科技职业学院,2023,吉林,专科批次,理科,,,234,72594,
3667,南昌职业大学,2023,吉林,专科批次,理科,,,179,75984,
3678,江西工程职业学院,2023,吉林,专科批次,理科,,,181,70309,
3681,江西航空职业技术学院,2023,吉林,专科批次,理科,,,204,68674,
3697,九江职业大学,2023,吉林,专科批次,理科,,,245,65965,
3699,赣州师范高等专科学校,2023,吉林,专科批次,理科,,,238,72119,
37000000,烟台科技学院,2023,吉林,专科批次,理科,,,220,73878,
3745,齐鲁理工学院,2023,吉林,专科批次,理科,,,243,71548,
3754,威海海洋职业学院,2023,吉林,专科批次,理科,,,221,66338,
3756,山东英才学院,2023,吉林,专科批次,理科,,,212,69607,
3757,青岛恒星科技学院,2023,吉林,专科批次,理科,,,217,67705,
3758,青岛黄海学院,2023,吉林,专科批次,理科,,,196,69733,
3761,山东医学高等专科学校,2023,吉林,专科批次,理科,,,286,57509,
3769,淄博师范高等专科学校,2023,吉林,专科批次,理科,,,267,68043,
3770,山东中医药高等专科学校,2023,吉林,专科批次,理科,,,264,64350,
3772,日照职业技术学院,2023,吉林,专科批次,理科,,,263,58208,
3774,青岛职业技术学院,2023,吉林,专科批次,理科,,,183,67867,
3775,威海职业学院,2023,吉林,专科批次,理科,,,238,67333,
3776,山东职业学院,2023,吉林,专科批次,理科,,,256,60162,
3778,莱芜职业技术学院,2023,吉林,专科批次,理科,,,208,69279,
3779,济宁职业技术学院,2023,吉林,专科批次,理科,,,225,73443,
3780,山东药品食品职业学院,2023,吉林,专科批次,理科,,,264,62706,
3784,烟台汽车工程职业学院,2023,吉林,专科批次,理科,,,172,73716,
3789,枣庄职业学院,2023,吉林,专科批次,理科,,,284,64556,
3790,山东理工职业学院,2023,吉林,专科批次,理科,,,274,66751,
3791,山东文化产业职业学院,2023,吉林,专科批次,理科,,,173,76139,
3792,济南护理职业学院,2023,吉林,专科批次,理科,,,294,62706,
3794,烟台黄金职业学院,2023,吉林,专科批次,理科,,,155,73803,
3797,东营职业学院,2023,吉林,专科批次,理科,,,235,71680,
3798,聊城职业技术学院,2023,吉林,专科批次,理科,,,269,66152,
3799,滨州职业学院,2023,吉林,专科批次,理科,,,271,67333,
4151,河南护理职业学院,2023,吉林,专科批次,理科,,,288,63913,
4160,漯河医学高等专科学校,2023,吉林,专科批次,理科,,,294,62484,
4161,南阳医学高等专科学校,2023,吉林,专科批次,理科,,,287,50934,
4162,商丘医学高等专科学校,2023,吉林,专科批次,理科,,,302,58208,
4168,黄河水利职业技术学院,2023,吉林,专科批次,理科,,,295,62484,
4197,周口职业技术学院,2023,吉林,专科批次,理科,,,211,72235,
4219,武汉海事职业学院,2023,吉林,专科批次,理科,,,257,67705,
4248,湖北中医药高等专科学校,2023,吉林,专科批次,理科,,,168,66751,
4251,武汉职业技术学院,2023,吉林,专科批次,理科,,,281,63733,
4255,湖北职业技术学院,2023,吉林,专科批次,理科,,,241,69126,
4256,武汉船舶职业技术学院,2023,吉林,专科批次,理科,,,253,66946,
4257,恩施职业技术学院,2023,吉林,专科批次,理科,,,232,72799,
4260,三峡电力职业学院,2023,吉林,专科批次,理科,,,202,69418,
4270,武汉工程职业技术学院,2023,吉林,专科批次,理科,,,262,64990,
4271,仙桃职业学院,2023,吉林,专科批次,理科,,,209,70462,
4275,武汉铁路职业技术学院,2023,吉林,专科批次,理科,,,268,60376,
4276,武汉软件工程职业学院,2023,吉林,专科批次,理科,,,297,58208,
4277,湖北三峡职业技术学院,2023,吉林,专科批次,理科,,,216,65965,
4288,武昌职业学院,2023,吉林,专科批次,理科,,,203,74972,
4291,武汉交通职业学院,2023,吉林,专科批次,理科,,,222,68213,
4345,长沙民政职业技术学院,2023,吉林,专科批次,理科,,,250,51187,
4346,湖南工业职业技术学院,2023,吉林,专科批次,理科,,,330,53830,
4349,长沙航空职业技术学院,2023,吉林,专科批次,理科,,,282,62912,
4350,湖南大众传媒职业技术学院,2023,吉林,专科批次,理科,,,279,64990,
4352,湖南铁道职业技术学院,2023,吉林,专科批次,理科,,,260,66338,
4362,湖南水利水电职业技术学院,2023,吉林,专科批次,理科,,,271,64556,
4363,湖南现代物流职业技术学院,2023,吉林,专科批次,理科,,,234,72119,
4364,湖南高速铁路职业技术学院,2023,吉林,专科批次,理科,,,271,66556,
4365,湖南铁路科技职业技术学院,2023,吉林,专科批次,理科,,,277,64990,
4375,长沙卫生职业学院,2023,吉林,专科批次,理科,,,304,56241,
4378,湖南交通职业技术学院,2023,吉林,专科批次,理科,,,258,69418,
4381,湖南工程职业技术学院,2023,吉林,专科批次,理科,,,242,63913,
4389,湖南邮电职业技术学院,2023,吉林,专科批次,理科,,,257,69607,
4393,张家界航空工业职业技术学院,2023,吉林,专科批次,理科,,,263,63317,
4394,长沙环境保护职业技术学院,2023,吉林,专科批次,理科,,,199,72472,
4460,广州民航职业技术学院,2023,吉林,专科批次,理科,,,203,59431,
4468,广州华立科技职业学院,2023,吉林,专科批次,理科,,,204,73443,
4477,广东文理职业学院,2023,吉林,专科批次,理科,,,284,64782,
4491,广东酒店管理职业技术学院,2023,吉林,专科批次,理科,,,198,75222,
4493,广东科学技术职业学院,2023,吉林,专科批次,理科,,,271,66338,
4499,深圳职业技术大学,2023,吉林,专科批次,理科,,,269,52820,
4531,广西机电职业技术学院,2023,吉林,专科批次,理科,,,159,75275,
4540,广西英华国际职业学院,2023,吉林,专科批次,理科,,,224,73546,
4541,柳州城市职业学院,2023,吉林,专科批次,理科,,,234,72018,
4544,广西理工职业技术学院,2023,吉林,专科批次,理科,,,166,75908,
4547,广西科技职业学院,2023,吉林,专科批次,理科,,,186,75754,
4548,广西卫生职业技术学院,2023,吉林,专科批次,理科,,,226,72018,
4550,广西金融职业技术学院,2023,吉林,专科批次,理科,,,219,72361,
4555,柳州铁道职业技术学院,2023,吉林,专科批次,理科,,,271,61350,
4564,广西电力职业技术学院,2023,吉林,专科批次,理科,,,276,65772,
4606,海口经济学院,2023,吉林,专科批次,理科,,,174,72018,
4609,海南职业技术学院,2023,吉林,专科批次,理科,,,171,64990,
4610,三亚航空旅游职业学院,2023,吉林,专科批次,理科,,,189,71907,
4611,海南科技职业大学,2023,吉林,专科批次,理科,,,213,71025,
4612,三亚理工职业学院,2023,吉林,专科批次,理科,,,154,73356,
4614,海南软件职业技术学院,2023,吉林,专科批次,理科,,,221,73716,
4615,海南政法职业学院,2023,吉林,专科批次,理科,,,245,65190,
4616,海南外国语职业学院,2023,吉林,专科批次,理科,,,230,65965,
4617,海南经贸职业技术学院,2023,吉林,专科批次,理科,,,233,60376,
4618,海南工商职业学院,2023,吉林,专科批次,理科,,,168,76273,
4619,三亚中瑞酒店管理职业学院,2023,吉林,专科批次,理科,,,155,74660,
4621,三亚城市职业学院,2023,吉林,专科批次,理科,,,241,71788,
5022,重庆电力高等专科学校,2023,吉林,专科批次,理科,,,288,63733,
5023,重庆三峡医药高等专科学校,2023,吉林,专科批次,理科,,,289,49507,
5024,重庆医药高等专科学校,2023,吉林,专科批次,理科,,,296,53830,
5027,重庆轻工职业学院,2023,吉林,专科批次,理科,,,179,72799,
5037,重庆财经职业学院,2023,吉林,专科批次,理科,,,264,65589,
5047,重庆资源与环境保护职业学院,2023,吉林,专科批次,理科,,,171,72594,
5055,重庆城市管理职业学院,2023,吉林,专科批次,理科,,,235,72472,
5059,重庆水利电力职业技术学院,2023,吉林,专科批次,理科,,,273,63913,
5117,中国民用航空飞行学院,2023,吉林,专科批次,理科,,,204,74807,
5143,四川西南航空职业学院,2023,吉林,专科批次,理科,,,174,72472,
5153,成都航空职业技术学院,2023,吉林,专科批次,理科,,,203,59207,
5156,四川华新现代职业学院,2023,吉林,专科批次,理科,,,210,74584,
5159,四川科技职业学院,2023,吉林,专科批次,理科,,,229,73074,
5181,四川工程职业技术大学,2023,吉林,专科批次,理科,,,266,65395,
5182,四川建筑职业技术学院,2023,吉林,专科批次,理科,,,271,67333,
5185,四川国际标榜职业学院,2023,吉林,专科批次,理科,,,194,75373,
5187,宜宾职业技术学院,2023,吉林,专科批次,理科,,,271,67333,
5221,黔南民族医学高等专科学校,2023,吉林,专科批次,理科,,,180,73074,
5326,昆明冶金高等专科学校,2023,吉林,专科批次,理科,,,248,70882,
5329,楚雄医药高等专科学校,2023,吉林,专科批次,理科,,,225,57509,
5331,丽江师范学院,2023,吉林,专科批次,理科,,,236,69126,
5334,昆明卫生职业学院,2023,吉林,专科批次,理科,,,237,65395,
5335,云南国土资源职业学院,2023,吉林,专科批次,理科,,,223,73622,
5356,云南经济管理学院,2023,吉林,专科批次,理科,,,201,73443,
5380,云南医药健康职业学院,2023,吉林,专科批次,理科,,,180,73622,
5381,云南理工职业学院,2023,吉林,专科批次,理科,,,227,71907,
6138,西安外事学院,2023,吉林,专科批次,理科,,,238,71148,
6141,西安思源学院,2023,吉林,专科批次,理科,,,153,76507,
6143,西安交通工程学院,2023,吉林,专科批次,理科,,,257,69607,
6149,西安铁路职业技术学院,2023,吉林,专科批次,理科,,,277,63510,
6152,商洛职业技术学院,2023,吉林,专科批次,理科,,,210,72235,
6159,陕西工商职业学院,2023,吉林,专科批次,理科,,,225,72986,
6160,西安信息职业大学,2023,吉林,专科批次,理科,,,168,72235,
6166,西安航空职业技术学院,2023,吉林,专科批次,理科,,,271,62912,
6168,陕西交通职业技术学院,2023,吉林,专科批次,理科,,,208,67705,
6173,陕西铁路工程职业技术学院,2023,吉林,专科批次,理科,,,284,54394,
6178,西安海棠职业学院,2023,吉林,专科批次,理科,,,180,69418,
6234,甘肃卫生职业学院,2023,吉林,专科批次,理科,,,257,64350,
6245,兰州石化职业技术大学,2023,吉林,专科批次,理科,,,226,58705,
6247,兰州资源环境职业技术大学,2023,吉林,专科批次,理科,,,265,68213,
6522,新疆警察学院,2023,吉林,专科批次,理科,,,225,73443,
6530,克拉玛依职业技术学院,2023,吉林,专科批次,理科,,,244,69607,
6545,新疆政法学院,2023,吉林,专科批次,理科,,,230,67499,
6547,新疆职业大学,2023,吉林,专科批次,理科,,,157,63317,
,上饶幼儿师范高等专科学校,2023,吉林,专科批次,理科,,,218,67114,
1103,清华大学,2023,吉林,提前批A段,理科,,,664,101,
1120,北京外国语大学,2023,吉林,提前批A段,理科,,,547,2784,
1121,北京语言大学,2023,吉林,提前批A段,理科,,,488,6885,
1124,对外经济贸易大学,2023,吉林,提前批A段,理科,,,570,4340,
1126,中国人民公安大学,2023,吉林,提前批A段,理科,,,525,1596,
1140,北京电子科技学院,2023,吉林,提前批A段,理科,,,568,2175,
1146,外交学院,2023,吉林,提前批A段,理科,,,595,2175,
1165,北京工业职业技术学院,2023,吉林,提前批A段,理科,,,261,68975,
1197,陆军装甲兵学院,2023,吉林,提前批A段,理科,,,488,5134,
1198,战略支援部队航天工程大学,2023,吉林,提前批A段,理科,,,490,3491,
1199,武警特种警察学院,2023,吉林,提前批A段,理科,,,464,14238,
1205,中国民航大学,2023,吉林,提前批A段,理科,,,480,16633,
1260,陆军军事交通学院,2023,吉林,提前批A段,理科,,,492,9881,
1329,中国人民警察大学,2023,吉林,提前批A段,理科,,,525,9468,
1334,中央司法警官学院,2023,吉林,提前批A段,理科,,,426,11195,
2112,大连海事大学,2023,吉林,提前批A段,理科,,,469,10184,
2117,大连海洋大学,2023,吉林,提前批A段,理科,,,408,32166,
2133,中国刑事警察学院,2023,吉林,提前批A段,理科,,,545,3944,
2158,辽宁省交通高等专科学校,2023,吉林,提前批A段,理科,,,203,60868,
2198,渤海船舶职业学院,2023,吉林,提前批A段,理科,,,185,70462,
2202,延边大学,2023,吉林,提前批A段,理科,,,455,21640,
2207,吉林农业大学,2023,吉林,提前批A段,理科,,,464,18766,
2208,长春中医药大学,2023,吉林,提前批A段,理科,,,460,20604,
2209,东北师范大学,2023,吉林,提前批A段,理科,,,541,1978,
2210,北华大学,2023,吉林,提前批A段,理科,,,454,10911,
2211,吉林师范大学,2023,吉林,提前批A段,理科,,,460,7598,
2212,长春师范大学,2023,吉林,提前批A段,理科,,,447,22042,
2213,吉林财经大学,2023,吉林,提前批A段,理科,,,466,19393,
2216,通化师范学院,2023,吉林,提前批A段,理科,,,473,16447,
2217,吉林工程技术师范学院,2023,吉林,提前批A段,理科,,,466,15277,
2218,白城师范学院,2023,吉林,提前批A段,理科,,,447,12739,
2225,吉林警察学院,2023,吉林,提前批A段,理科,,,453,7947,
2229,吉林医药学院,2023,吉林,提前批A段,理科,,,447,23350,
2247,吉林司法警官职业学院,2023,吉林,提前批A段,理科,,,298,33700,
2251,长春职业技术学院,2023,吉林,提前批A段,理科,,,186,72472,
2274,空军航空大学,2023,吉林,提前批A段,理科,,,467,19203,
2302,哈尔滨工业大学,2023,吉林,提前批A段,理科,,,546,6528,
3106,上海海事大学,2023,吉林,提前批A段,理科,,,484,13079,
3111,华东师范大学,2023,吉林,提前批A段,理科,,,597,1267,
3113,上海外国语大学,2023,吉林,提前批A段,理科,,,502,3196,
3120,上海纽约大学,2023,吉林,提前批A段,理科,,,398,35294,
3124,上海海关学院,2023,吉林,提前批A段,理科,,,554,4955,
3358,浙江建设职业技术学院,2023,吉林,提前批A段,理科,,,217,74121,
3483,安徽交通职业技术学院,2023,吉林,提前批A段,理科,,,242,70309,
3505,集美大学,2023,吉林,提前批A段,理科,,,410,23136,
3681,江西航空职业技术学院,2023,吉林,提前批A段,理科,,,189,71148,
3720,烟台大学,2023,吉林,提前批A段,理科,,,417,29848,
3740,山东交通学院,2023,吉林,提前批A段,理科,,,398,33182,
3755,潍坊科技学院,2023,吉林,提前批A段,理科,,,218,74047,
3768,潍坊工程职业学院,2023,吉林,提前批A段,理科,,,256,64782,
3775,威海职业学院,2023,吉林,提前批A段,理科,,,267,68043,
3799,滨州职业学院,2023,吉林,提前批A段,理科,,,186,65589,
4198,河南医学高等专科学校,2023,吉林,提前批A段,理科,,,259,69279,
420,海军工程大学,2023,吉林,提前批A段,理科,,,515,1063,
4200,空军预警学院,2023,吉林,提前批A段,理科,,,497,8924,
4208,武汉理工大学,2023,吉林,提前批A段,理科,,,484,15630,
4212,华中师范大学,2023,吉林,提前批A段,理科,,,548,3074,
4273,湖北交通职业技术学院,2023,吉林,提前批A段,理科,,,222,68213,
4288,武昌职业学院,2023,吉林,提前批A段,理科,,,194,75131,
4291,武汉交通职业学院,2023,吉林,提前批A段,理科,,,208,70606,
4349,长沙航空职业技术学院,2023,吉林,提前批A段,理科,,,263,46708,
4371,湖南国防工业职业技术学院,2023,吉林,提前批A段,理科,,,238,69867,
4380,湖南体育职业学院,2023,吉林,提前批A段,理科,,,246,71148,
4393,张家界航空工业职业技术学院,2023,吉林,提前批A段,理科,,,266,66338,
4418,南方科技大学,2023,吉林,提前批A段,理科,,,613,1596,
4421,深圳北理莫斯科大学,2023,吉林,提前批A段,理科,,,510,11617,
4521,北部湾大学,2023,吉林,提前批A段,理科,,,395,33700,
5003,重庆交通大学,2023,吉林,提前批A段,理科,,,421,23350,
5005,西南大学,2023,吉林,提前批A段,理科,,,575,4092,
5024,重庆医药高等专科学校,2023,吉林,提前批A段,理科,,,370,42814,
5032,重庆航天职业技术学院,2023,吉林,提前批A段,理科,,,240,71907,
5050,重庆机电职业技术大学,2023,吉林,提前批A段,理科,,,232,72799,
5067,陆军勤务学院,2023,吉林,提前批A段,理科,,,500,9597,
5117,中国民用航空飞行学院,2023,吉林,提前批A段,理科,,,455,21640,
5153,成都航空职业技术学院,2023,吉林,提前批A段,理科,,,269,65965,
6114,陕西师范大学,2023,吉林,提前批A段,理科,,,570,3862,
6116,西安外国语大学,2023,吉林,提前批A段,理科,,,467,18175,
6154,延安职业技术学院,2023,吉林,提前批A段,理科,,,242,71680,
6247,兰州资源环境职业技术大学,2023,吉林,提前批A段,理科,,,262,68821,
6522,新疆警察学院,2023,吉林,提前批A段,理科,,,408,32687,
8106,香港城市大学,2023,吉林,提前批A段,理科,,,589,2784,
,中国人民公安大学,2023,吉林,提前批A段,理科,,,550,2039,
1101,北京大学,2023,吉林,普通本科批,理科,,,649,101,
1102,中国人民大学,2023,吉林,普通本科批,理科,,,606,223,
1103,清华大学,2023,吉林,普通本科批,理科,,,660,101,
1104,北京交通大学,2023,吉林,普通本科批,理科,,,481,2301,
1105,北京工业大学,2023,吉林,普通本科批,理科,,,487,5323,
1106,北京航空航天大学,2023,吉林,普通本科批,理科,,,620,198,
1107,北京理工大学,2023,吉林,普通本科批,理科,,,566,380,
1108,北京科技大学,2023,吉林,普通本科批,理科,,,485,2784,
1109,北方工业大学,2023,吉林,普通本科批,理科,,,473,8803,
1110,北京化工大学,2023,吉林,普通本科批,理科,,,536,5040,
1111,北京工商大学,2023,吉林,普通本科批,理科,,,496,12256,
1112,北京邮电大学,2023,吉林,普通本科批,理科,,,605,1063,
1113,北京建筑大学,2023,吉林,普通本科批,理科,,,465,12739,
1114,中国农业大学,2023,吉林,普通本科批,理科,,,558,1923,
1115,北京林业大学,2023,吉林,普通本科批,理科,,,499,7367,
1116,首都医科大学,2023,吉林,普通本科批,理科,,,532,658,
1117,北京中医药大学,2023,吉林,普通本科批,理科,,,475,237,
1118,北京师范大学,2023,吉林,普通本科批,理科,,,565,564,
1119,首都师范大学,2023,吉林,普通本科批,理科,,,499,11769,
1120,北京外国语大学,2023,吉林,普通本科批,理科,,,506,3628,
1121,北京语言大学,2023,吉林,普通本科批,理科,,,480,6885,
1122,中国传媒大学,2023,吉林,普通本科批,理科,,,469,4674,
1123,中央财经大学,2023,吉林,普通本科批,理科,,,558,1596,
1124,对外经济贸易大学,2023,吉林,普通本科批,理科,,,578,1657,
1125,首都经济贸易大学,2023,吉林,普通本科批,理科,,,474,13384,
1126,中国人民公安大学,2023,吉林,普通本科批,理科,,,566,4867,
1127,北京体育大学,2023,吉林,普通本科批,理科,,,464,11474,
1128,中央民族大学,2023,吉林,普通本科批,理科,,,469,4674,
1129,中国政法大学,2023,吉林,普通本科批,理科,,,551,620,
1130,华北电力大学(北京),2023,吉林,普通本科批,理科,,,504,1858,
1131,北京信息科技大学,2023,吉林,普通本科批,理科,,,516,8527,
1132,中国矿业大学(北京),2023,吉林,普通本科批,理科,,,463,6528,
1133,中国石油大学(北京),2023,吉林,普通本科批,理科,,,539,5706,
1134,中国地质大学(北京),2023,吉林,普通本科批,理科,,,456,5421,
1135,北京联合大学,2023,吉林,普通本科批,理科,,,463,19203,
1138,北京印刷学院,2023,吉林,普通本科批,理科,,,472,15971,
1141,北京农学院,2023,吉林,普通本科批,理科,,,432,26323,
1142,北京协和医学院,2023,吉林,普通本科批,理科,,,532,8527,
1144,北京第二外国语学院,2023,吉林,普通本科批,理科,,,509,11769,
1145,北京物资学院,2023,吉林,普通本科批,理科,,,447,21217,
1156,北京城市学院,2023,吉林,普通本科批,理科,,,296,38643,
1162,中国劳动关系学院,2023,吉林,普通本科批,理科,,,400,20205,
1188,北京大学医学部,2023,吉林,普通本科批,理科,,,658,101,
1190,北京邮电大学,2023,吉林,普通本科批,理科,,,562,4258,
1191,北京第二外国语学院中瑞酒店管理学院,2023,吉林,普通本科批,理科,,,292,36823,
1193,北京金融科技学院,2023,吉林,普通本科批,理科,,,283,51187,
1194,北京邮电大学世纪学院,2023,吉林,普通本科批,理科,,,409,32432,
1195,北京工业大学耿丹学院,2023,吉林,普通本科批,理科,,,313,45873,
1196,中国社会科学院大学,2023,吉林,普通本科批,理科,,,587,3196,
1201,南开大学,2023,吉林,普通本科批,理科,,,589,764,
1202,天津大学,2023,吉林,普通本科批,理科,,,602,1141,
1203,天津科技大学,2023,吉林,普通本科批,理科,,,459,15630,
1204,天津工业大学,2023,吉林,普通本科批,理科,,,486,8177,
1205,中国民航大学,2023,吉林,普通本科批,理科,,,484,7947,
1206,天津理工大学,2023,吉林,普通本科批,理科,,,445,14546,
1207,天津医科大学,2023,吉林,普通本科批,理科,,,508,1596,
1208,天津中医药大学,2023,吉林,普通本科批,理科,,,494,4768,
1209,天津师范大学,2023,吉林,普通本科批,理科,,,482,8653,
1210,天津职业技术师范大学,2023,吉林,普通本科批,理科,,,408,21839,
1212,天津商业大学,2023,吉林,普通本科批,理科,,,429,25862,
1213,天津财经大学,2023,吉林,普通本科批,理科,,,475,6109,
1214,河北工业大学,2023,吉林,普通本科批,理科,,,421,5619,
1215,天津中德应用技术大学,2023,吉林,普通本科批,理科,,,408,26323,
1216,天津农学院,2023,吉林,普通本科批,理科,,,314,28414,
1220,天津城建大学,2023,吉林,普通本科批,理科,,,407,23787,
1221,天津天狮学院,2023,吉林,普通本科批,理科,,,322,45597,
1246,天津仁爱学院,2023,吉林,普通本科批,理科,,,292,48405,
1247,天津财经大学珠江学院,2023,吉林,普通本科批,理科,,,340,39460,
1250,天津商业大学宝德学院,2023,吉林,普通本科批,理科,,,313,45303,
1251,天津医科大学临床医学院,2023,吉林,普通本科批,理科,,,337,18175,
1254,天津理工大学中环信息学院,2023,吉林,普通本科批,理科,,,330,38643,
1255,北京科技大学天津学院,2023,吉林,普通本科批,理科,,,335,51437,
1301,河北大学,2023,吉林,普通本科批,理科,,,463,11769,
1302,河北工程大学,2023,吉林,普通本科批,理科,,,395,21217,
1303,河北地质大学,2023,吉林,普通本科批,理科,,,344,22928,
1304,华北电力大学(保定),2023,吉林,普通本科批,理科,,,524,3006,
1305,华北理工大学,2023,吉林,普通本科批,理科,,,447,7247,
1306,河北科技大学,2023,吉林,普通本科批,理科,,,351,27938,
1307,河北农业大学,2023,吉林,普通本科批,理科,,,369,29364,
1308,河北医科大学,2023,吉林,普通本科批,理科,,,448,2921,
1309,河北师范大学,2023,吉林,普通本科批,理科,,,445,8803,
1310,石家庄铁道大学,2023,吉林,普通本科批,理科,,,465,8060,
1311,燕山大学,2023,吉林,普通本科批,理科,,,466,8177,
1312,河北经贸大学,2023,吉林,普通本科批,理科,,,408,18175,
1313,河北建筑工程学院,2023,吉林,普通本科批,理科,,,348,32934,
1315,河北北方学院,2023,吉林,普通本科批,理科,,,439,23787,
1316,承德医学院,2023,吉林,普通本科批,理科,,,462,18976,
1317,保定学院,2023,吉林,普通本科批,理科,,,324,39741,
1318,河北民族师范学院,2023,吉林,普通本科批,理科,,,402,32934,
1319,唐山师范学院,2023,吉林,普通本科批,理科,,,432,26557,
1320,廊坊师范学院,2023,吉林,普通本科批,理科,,,399,27938,
1321,衡水学院,2023,吉林,普通本科批,理科,,,345,37357,
1323,邯郸学院,2023,吉林,普通本科批,理科,,,366,41733,
1324,邢台学院,2023,吉林,普通本科批,理科,,,383,38643,
1325,沧州师范学院,2023,吉林,普通本科批,理科,,,400,28414,
1326,河北科技师范学院,2023,吉林,普通本科批,理科,,,349,40027,
1327,唐山学院,2023,吉林,普通本科批,理科,,,359,40898,
1328,华北科技学院,2023,吉林,普通本科批,理科,,,392,22928,
1329,中国人民警察大学,2023,吉林,普通本科批,理科,,,464,19393,
1331,河北金融学院,2023,吉林,普通本科批,理科,,,351,33968,
1332,北华航天工业学院,2023,吉林,普通本科批,理科,,,418,22494,
1333,防灾科技学院,2023,吉林,普通本科批,理科,,,416,24724,
1335,河北中医药大学,2023,吉林,普通本科批,理科,,,433,21428,
1336,张家口学院,2023,吉林,普通本科批,理科,,,355,41733,
1340,河北工程技术学院,2023,吉林,普通本科批,理科,,,302,54131,
1343,河北外国语学院,2023,吉林,普通本科批,理科,,,296,56241,
1364,河北东方学院,2023,吉林,普通本科批,理科,,,314,52820,
1401,山西大学,2023,吉林,普通本科批,理科,,,494,7708,
1402,太原科技大学,2023,吉林,普通本科批,理科,,,363,21217,
1403,中北大学,2023,吉林,普通本科批,理科,,,463,12399,
1404,太原理工大学,2023,吉林,普通本科批,理科,,,468,7131,
1405,山西农业大学,2023,吉林,普通本科批,理科,,,345,31340,
1406,山西医科大学,2023,吉林,普通本科批,理科,,,438,4180,
1407,山西师范大学,2023,吉林,普通本科批,理科,,,375,34472,
1408,山西大同大学,2023,吉林,普通本科批,理科,,,431,25436,
1409,山西财经大学,2023,吉林,普通本科批,理科,,,373,11474,
1411,长治医学院,2023,吉林,普通本科批,理科,,,411,19792,
1412,太原师范学院,2023,吉林,普通本科批,理科,,,436,23575,
1413,晋中学院,2023,吉林,普通本科批,理科,,,306,40329,
1414,长治学院,2023,吉林,普通本科批,理科,,,347,33431,
1415,运城学院,2023,吉林,普通本科批,理科,,,309,45873,
1416,忻州师范学院,2023,吉林,普通本科批,理科,,,374,37878,
1417,山西中医药大学,2023,吉林,普通本科批,理科,,,377,23136,
1418,吕梁学院,2023,吉林,普通本科批,理科,,,358,40027,
1419,太原学院,2023,吉林,普通本科批,理科,,,343,48405,
1420,太原工业学院,2023,吉林,普通本科批,理科,,,372,35009,
1421,山西传媒学院,2023,吉林,普通本科批,理科,,,294,40329,
1423,山西工程技术学院,2023,吉林,普通本科批,理科,,,351,41733,
1445,山西应用科技学院,2023,吉林,普通本科批,理科,,,338,47516,
1472,山西工学院,2023,吉林,普通本科批,理科,,,327,36823,
1475,山西晋中理工学院,2023,吉林,普通本科批,理科,,,303,56994,
1501,内蒙古大学,2023,吉林,普通本科批,理科,,,469,11617,
1502,内蒙古科技大学,2023,吉林,普通本科批,理科,,,294,25649,
1503,内蒙古工业大学,2023,吉林,普通本科批,理科,,,342,26088,
1504,内蒙古农业大学,2023,吉林,普通本科批,理科,,,274,36337,
1505,内蒙古医科大学,2023,吉林,普通本科批,理科,,,270,17780,
1506,内蒙古师范大学,2023,吉林,普通本科批,理科,,,328,32432,
1507,内蒙古民族大学,2023,吉林,普通本科批,理科,,,274,32432,
1508,赤峰学院,2023,吉林,普通本科批,理科,,,335,52553,
1509,内蒙古财经大学,2023,吉林,普通本科批,理科,,,438,24954,
1510,呼伦贝尔学院,2023,吉林,普通本科批,理科,,,340,51187,
1552,内蒙古科技大学包头师范学院,2023,吉林,普通本科批,理科,,,408,28897,
2101,辽宁大学,2023,吉林,普通本科批,理科,,,466,6337,
2102,大连理工大学,2023,吉林,普通本科批,理科,,,531,1923,
2103,沈阳工业大学,2023,吉林,普通本科批,理科,,,395,15277,
2104,沈阳航空航天大学,2023,吉林,普通本科批,理科,,,460,9195,
2105,沈阳理工大学,2023,吉林,普通本科批,理科,,,363,12083,
2106,东北大学,2023,吉林,普通本科批,理科,,,520,2665,
2107,辽宁科技大学,2023,吉林,普通本科批,理科,,,394,18175,
2108,辽宁工程技术大学,2023,吉林,普通本科批,理科,,,464,13384,
2109,辽宁石油化工大学,2023,吉林,普通本科批,理科,,,337,18372,
2110,沈阳化工大学,2023,吉林,普通本科批,理科,,,422,20409,
2111,大连交通大学,2023,吉林,普通本科批,理科,,,395,9468,
2112,大连海事大学,2023,吉林,普通本科批,理科,,,467,5223,
2113,大连工业大学,2023,吉林,普通本科批,理科,,,404,18766,
2114,沈阳建筑大学,2023,吉林,普通本科批,理科,,,446,10911,
2115,辽宁工业大学,2023,吉林,普通本科批,理科,,,418,21640,
2116,沈阳农业大学,2023,吉林,普通本科批,理科,,,443,14721,
2117,大连海洋大学,2023,吉林,普通本科批,理科,,,383,29610,
2118,中国医科大学,2023,吉林,普通本科批,理科,,,519,1352,
2119,大连医科大学,2023,吉林,普通本科批,理科,,,475,2474,
2120,辽宁中医药大学,2023,吉林,普通本科批,理科,,,402,13555,
2121,沈阳药科大学,2023,吉林,普通本科批,理科,,,477,6885,
2122,辽宁师范大学,2023,吉林,普通本科批,理科,,,443,22042,
2123,沈阳师范大学,2023,吉林,普通本科批,理科,,,324,31902,
2124,渤海大学,2023,吉林,普通本科批,理科,,,425,24252,
2125,大连外国语大学,2023,吉林,普通本科批,理科,,,473,14238,
2126,东北财经大学,2023,吉林,普通本科批,理科,,,466,6763,
2127,沈阳大学,2023,吉林,普通本科批,理科,,,319,40027,
2128,大连大学,2023,吉林,普通本科批,理科,,,354,20409,
2129,大连理工大学,2023,吉林,普通本科批,理科,,,504,7367,
2130,锦州医科大学,2023,吉林,普通本科批,理科,,,455,11195,
2131,沈阳医学院,2023,吉林,普通本科批,理科,,,422,12901,
2132,鞍山师范学院,2023,吉林,普通本科批,理科,,,439,24010,
2134,沈阳体育学院,2023,吉林,普通本科批,理科,,,391,28669,
2135,沈阳音乐学院,2023,吉林,普通本科批,理科,,,373,42012,
2137,辽宁对外经贸学院,2023,吉林,普通本科批,理科,,,281,55963,
2138,辽宁科技学院,2023,吉林,普通本科批,理科,,,375,26088,
2139,沈阳工程学院,2023,吉林,普通本科批,理科,,,439,14900,
2141,大连民族大学,2023,吉林,普通本科批,理科,,,328,13555,
2144,营口理工学院,2023,吉林,普通本科批,理科,,,392,29134,
2149,辽宁何氏医学院,2023,吉林,普通本科批,理科,,,297,34472,
2150,大连东软信息学院,2023,吉林,普通本科批,理科,,,291,41171,
2151,辽宁财贸学院,2023,吉林,普通本科批,理科,,,344,50078,
2167,辽宁传媒学院,2023,吉林,普通本科批,理科,,,292,53830,
2191,辽宁理工职业大学,2023,吉林,普通本科批,理科,,,317,55963,
2199,大连理工大学城市学院,2023,吉林,普通本科批,理科,,,326,45303,
2201,吉林大学,2023,吉林,普通本科批,理科,,,503,764,
2202,延边大学,2023,吉林,普通本科批,理科,,,315,8408,
2203,长春理工大学,2023,吉林,普通本科批,理科,,,425,9468,
2204,东北电力大学,2023,吉林,普通本科批,理科,,,345,6528,
2205,长春工业大学,2023,吉林,普通本科批,理科,,,351,17397,
2206,吉林建筑大学,2023,吉林,普通本科批,理科,,,314,27938,
2207,吉林农业大学,2023,吉林,普通本科批,理科,,,298,28669,
2208,长春中医药大学,2023,吉林,普通本科批,理科,,,325,9195,
2209,东北师范大学,2023,吉林,普通本科批,理科,,,468,4595,
2210,北华大学,2023,吉林,普通本科批,理科,,,302,12256,
2211,吉林师范大学,2023,吉林,普通本科批,理科,,,305,8177,
2212,长春师范大学,2023,吉林,普通本科批,理科,,,299,16821,
2213,吉林财经大学,2023,吉林,普通本科批,理科,,,344,15806,
2214,长春大学,2023,吉林,普通本科批,理科,,,291,23575,
2215,吉林化工学院,2023,吉林,普通本科批,理科,,,297,31094,
2216,通化师范学院,2023,吉林,普通本科批,理科,,,326,20796,
2217,吉林工程技术师范学院,2023,吉林,普通本科批,理科,,,347,24724,
2218,白城师范学院,2023,吉林,普通本科批,理科,,,296,22494,
2219,吉林体育学院,2023,吉林,普通本科批,理科,,,330,53830,
2221,吉林外国语大学,2023,吉林,普通本科批,理科,,,285,34472,
2222,吉林工商学院,2023,吉林,普通本科批,理科,,,297,31617,
2223,长春工程学院,2023,吉林,普通本科批,理科,,,335,19792,
2224,吉林农业科技学院,2023,吉林,普通本科批,理科,,,335,40604,
2225,吉林警察学院,2023,吉林,普通本科批,理科,,,402,25649,
2226,长春财经学院,2023,吉林,普通本科批,理科,,,284,45597,
2227,长春建筑学院,2023,吉林,普通本科批,理科,,,281,55189,
2228,吉林动画学院,2023,吉林,普通本科批,理科,,,305,53830,
2229,吉林医药学院,2023,吉林,普通本科批,理科,,,339,24954,
2252,长春光华学院,2023,吉林,普通本科批,理科,,,288,47251,
2253,长春工业大学人文信息学院,2023,吉林,普通本科批,理科,,,308,51437,
2254,长春电子科技学院,2023,吉林,普通本科批,理科,,,295,59431,
2255,吉林建筑科技学院,2023,吉林,普通本科批,理科,,,280,55189,
2256,长春科技学院,2023,吉林,普通本科批,理科,,,311,50934,
2257,吉林师范大学博达学院,2023,吉林,普通本科批,理科,,,287,37357,
2258,长春大学旅游学院,2023,吉林,普通本科批,理科,,,289,57720,
2259,长春人文学院,2023,吉林,普通本科批,理科,,,292,47251,
2301,黑龙江大学,2023,吉林,普通本科批,理科,,,465,14059,
2302,哈尔滨工业大学,2023,吉林,普通本科批,理科,,,555,546,
2303,哈尔滨理工大学,2023,吉林,普通本科批,理科,,,186,11195,
2304,哈尔滨工程大学,2023,吉林,普通本科批,理科,,,496,2610,
2305,黑龙江科技大学,2023,吉林,普通本科批,理科,,,338,21217,
2306,东北石油大学,2023,吉林,普通本科批,理科,,,343,14238,
2307,佳木斯大学,2023,吉林,普通本科批,理科,,,268,41453,
2308,黑龙江八一农垦大学,2023,吉林,普通本科批,理科,,,339,30582,
2309,东北农业大学,2023,吉林,普通本科批,理科,,,341,11052,
2310,东北林业大学,2023,吉林,普通本科批,理科,,,454,6640,
2311,哈尔滨医科大学,2023,吉林,普通本科批,理科,,,404,789,
2312,黑龙江中医药大学,2023,吉林,普通本科批,理科,,,382,6528,
2313,哈尔滨师范大学,2023,吉林,普通本科批,理科,,,362,24252,
2314,齐齐哈尔大学,2023,吉林,普通本科批,理科,,,361,28669,
2315,哈尔滨商业大学,2023,吉林,普通本科批,理科,,,357,17220,
2316,牡丹江医科大学,2023,吉林,普通本科批,理科,,,454,19992,
2317,牡丹江师范学院,2023,吉林,普通本科批,理科,,,393,26995,
2318,哈尔滨学院,2023,吉林,普通本科批,理科,,,369,28669,
2319,大庆师范学院,2023,吉林,普通本科批,理科,,,346,29610,
2320,绥化学院,2023,吉林,普通本科批,理科,,,353,39460,
2322,哈尔滨金融学院,2023,吉林,普通本科批,理科,,,424,25862,
2323,齐齐哈尔医学院,2023,吉林,普通本科批,理科,,,398,19792,
2324,黑龙江工业学院,2023,吉林,普通本科批,理科,,,343,40329,
2325,黑龙江东方学院,2023,吉林,普通本科批,理科,,,296,59674,
2326,哈尔滨信息工程学院,2023,吉林,普通本科批,理科,,,311,54917,
2327,黑龙江工程学院,2023,吉林,普通本科批,理科,,,371,32687,
2329,齐齐哈尔工程学院,2023,吉林,普通本科批,理科,,,291,60376,
2331,黑龙江财经学院,2023,吉林,普通本科批,理科,,,324,47516,
2332,哈尔滨石油学院,2023,吉林,普通本科批,理科,,,295,57509,
2333,哈尔滨剑桥学院,2023,吉林,普通本科批,理科,,,323,55694,
2334,哈尔滨华德学院,2023,吉林,普通本科批,理科,,,296,57268,
2335,黑河学院,2023,吉林,普通本科批,理科,,,365,39460,
2378,黑龙江工商学院,2023,吉林,普通本科批,理科,,,305,60162,
2379,哈尔滨远东理工学院,2023,吉林,普通本科批,理科,,,307,53564,
2381,哈尔滨广厦学院,2023,吉林,普通本科批,理科,,,325,54131,
3101,复旦大学,2023,吉林,普通本科批,理科,,,661,101,
3102,同济大学,2023,吉林,普通本科批,理科,,,610,277,
3103,上海交通大学,2023,吉林,普通本科批,理科,,,662,101,
3104,华东理工大学,2023,吉林,普通本科批,理科,,,524,4092,
3105,上海理工大学,2023,吉林,普通本科批,理科,,,510,8924,
3106,上海海事大学,2023,吉林,普通本科批,理科,,,495,11617,
3107,东华大学,2023,吉林,普通本科批,理科,,,509,6528,
3108,上海应用技术大学,2023,吉林,普通本科批,理科,,,422,19393,
3109,上海海洋大学,2023,吉林,普通本科批,理科,,,492,13712,
3111,华东师范大学,2023,吉林,普通本科批,理科,,,583,1267,
3112,上海师范大学,2023,吉林,普通本科批,理科,,,499,12739,
3113,上海外国语大学,2023,吉林,普通本科批,理科,,,538,4595,
3114,上海财经大学,2023,吉林,普通本科批,理科,,,588,694,
3115,华东政法大学,2023,吉林,普通本科批,理科,,,566,2420,
3116,上海大学,2023,吉林,普通本科批,理科,,,542,5515,
3117,上海工程技术大学,2023,吉林,普通本科批,理科,,,435,21008,
3118,上海第二工业大学,2023,吉林,普通本科批,理科,,,450,20409,
3121,上海电力大学,2023,吉林,普通本科批,理科,,,540,5421,
3122,上海健康医学院,2023,吉林,普通本科批,理科,,,422,29134,
3124,上海海关学院,2023,吉林,普通本科批,理科,,,520,10184,
3128,上海立信会计金融学院,2023,吉林,普通本科批,理科,,,437,10911,
3129,上海电机学院,2023,吉林,普通本科批,理科,,,444,21839,
3131,上海政法学院,2023,吉林,普通本科批,理科,,,519,6436,
3132,上海商学院,2023,吉林,普通本科批,理科,,,388,24505,
3133,上海建桥学院,2023,吉林,普通本科批,理科,,,318,48676,
3152,上海立达学院,2023,吉林,普通本科批,理科,,,282,62265,
3163,复旦大学医学院,2023,吉林,普通本科批,理科,,,665,126,
3164,上海交通大学医学院,2023,吉林,普通本科批,理科,,,628,135,
3167,上海外国语大学贤达经济人文学院,2023,吉林,普通本科批,理科,,,283,43368,
3168,上海师范大学天华学院,2023,吉林,普通本科批,理科,,,320,53090,
3170,上海杉达学院,2023,吉林,普通本科批,理科,,,311,57268,
3200000000,无锡学院,2023,吉林,普通本科批,理科,,,451,19594,
3201,南京大学,2023,吉林,普通本科批,理科,,,645,237,
3202,苏州大学,2023,吉林,普通本科批,理科,,,478,3491,
3203,东南大学,2023,吉林,普通本科批,理科,,,625,564,
3204,南京航空航天大学,2023,吉林,普通本科批,理科,,,523,2784,
3205,南京理工大学,2023,吉林,普通本科批,理科,,,496,3491,
3206,江苏科技大学,2023,吉林,普通本科批,理科,,,467,13384,
3208,南京工业大学,2023,吉林,普通本科批,理科,,,476,11769,
3209,常州大学,2023,吉林,普通本科批,理科,,,464,13555,
3210,南京邮电大学,2023,吉林,普通本科批,理科,,,551,5134,
3211,河海大学,2023,吉林,普通本科批,理科,,,508,4092,
3212,江南大学,2023,吉林,普通本科批,理科,,,466,5421,
3213,南京林业大学,2023,吉林,普通本科批,理科,,,484,12739,
3214,江苏大学,2023,吉林,普通本科批,理科,,,504,8304,
3215,南京信息工程大学,2023,吉林,普通本科批,理科,,,485,7598,
3216,南通大学,2023,吉林,普通本科批,理科,,,447,21428,
3217,南京农业大学,2023,吉林,普通本科批,理科,,,464,6885,
3220,中国药科大学,2023,吉林,普通本科批,理科,,,523,3006,
3221,南京师范大学,2023,吉林,普通本科批,理科,,,470,7485,
3223,南京财经大学,2023,吉林,普通本科批,理科,,,471,10474,
3224,扬州大学,2023,吉林,普通本科批,理科,,,464,11326,
3226,西交利物浦大学,2023,吉林,普通本科批,理科,,,486,13079,
3227,盐城工学院,2023,吉林,普通本科批,理科,,,383,37878,
3229,淮阴师范学院,2023,吉林,普通本科批,理科,,,421,27472,
3230,盐城师范学院,2023,吉林,普通本科批,理科,,,426,28168,
3234,苏州科技大学,2023,吉林,普通本科批,理科,,,471,13712,
3236,金陵科技学院,2023,吉林,普通本科批,理科,,,399,20205,
3237,淮阴工学院,2023,吉林,普通本科批,理科,,,376,37878,
3238,徐州工程学院,2023,吉林,普通本科批,理科,,,406,31617,
3239,常州工学院,2023,吉林,普通本科批,理科,,,419,27695,
3240,三江学院,2023,吉林,普通本科批,理科,,,293,51985,
3241,南京工程学院,2023,吉林,普通本科批,理科,,,450,19792,
3242,南京审计大学,2023,吉林,普通本科批,理科,,,528,5890,
3244,江苏理工学院,2023,吉林,普通本科批,理科,,,372,32166,
3246,江苏海洋大学,2023,吉林,普通本科批,理科,,,419,16271,
3249,江苏第二师范学院,2023,吉林,普通本科批,理科,,,415,26088,
3252,无锡太湖学院,2023,吉林,普通本科批,理科,,,304,45873,
3272,南京特殊教育师范学院,2023,吉林,普通本科批,理科,,,388,26995,
3301,浙江大学,2023,吉林,普通本科批,理科,,,608,101,
3302,杭州电子科技大学,2023,吉林,普通本科批,理科,,,531,6003,
3303,浙江工业大学,2023,吉林,普通本科批,理科,,,478,8803,
3304,浙江理工大学,2023,吉林,普通本科批,理科,,,465,11474,
3306,浙江农林大学,2023,吉林,普通本科批,理科,,,461,18550,
3308,浙江师范大学,2023,吉林,普通本科批,理科,,,500,9051,
3310,温州大学,2023,吉林,普通本科批,理科,,,451,19992,
3311,浙江工商大学,2023,吉林,普通本科批,理科,,,486,7835,
3312,中国计量大学,2023,吉林,普通本科批,理科,,,491,9195,
3313,浙江财经大学,2023,吉林,普通本科批,理科,,,476,9195,
3314,宁波大学,2023,吉林,普通本科批,理科,,,502,6885,
3315,宁波诺丁汉大学,2023,吉林,普通本科批,理科,,,484,7247,
3317,浙江大学医学院,2023,吉林,普通本科批,理科,,,646,295,
3318,温州医科大学,2023,吉林,普通本科批,理科,,,562,4180,
3319,湖州师范学院,2023,吉林,普通本科批,理科,,,329,29848,
3320,绍兴文理学院,2023,吉林,普通本科批,理科,,,437,24505,
3321,台州学院,2023,吉林,普通本科批,理科,,,362,40027,
3323,嘉兴大学,2023,吉林,普通本科批,理科,,,440,20796,
3326,浙江万里学院,2023,吉林,普通本科批,理科,,,422,28168,
3327,浙江科技大学,2023,吉林,普通本科批,理科,,,452,20205,
3331,浙江传媒学院,2023,吉林,普通本科批,理科,,,444,18766,
3388,上海财经大学浙江学院,2023,吉林,普通本科批,理科,,,375,34223,
3401,安徽大学,2023,吉林,普通本科批,理科,,,501,5794,
3402,中国科学技术大学,2023,吉林,普通本科批,理科,,,647,256,
3403,合肥工业大学,2023,吉林,普通本科批,理科,,,466,4867,
3404,安徽工业大学,2023,吉林,普通本科批,理科,,,447,17397,
3405,安徽理工大学,2023,吉林,普通本科批,理科,,,489,15090,
3407,安徽农业大学,2023,吉林,普通本科批,理科,,,403,24505,
3410,淮北师范大学,2023,吉林,普通本科批,理科,,,338,21839,
3411,安徽财经大学,2023,吉林,普通本科批,理科,,,476,12083,
3412,安徽建筑大学,2023,吉林,普通本科批,理科,,,467,16821,
3418,安庆师范大学,2023,吉林,普通本科批,理科,,,430,27235,
3421,滁州学院,2023,吉林,普通本科批,理科,,,343,41453,
3422,宿州学院,2023,吉林,普通本科批,理科,,,335,50078,
3425,铜陵学院,2023,吉林,普通本科批,理科,,,398,32166,
3426,安徽科技学院,2023,吉林,普通本科批,理科,,,352,29134,
3434,安徽外国语学院,2023,吉林,普通本科批,理科,,,295,58958,
3501,厦门大学,2023,吉林,普通本科批,理科,,,605,1141,
3502,华侨大学,2023,吉林,普通本科批,理科,,,463,11052,
3503,福州大学,2023,吉林,普通本科批,理科,,,495,6763,
3504,福建农林大学,2023,吉林,普通本科批,理科,,,389,30076,
3505,集美大学,2023,吉林,普通本科批,理科,,,447,18976,
3506,福建医科大学,2023,吉林,普通本科批,理科,,,554,5515,
3510,仰恩大学,2023,吉林,普通本科批,理科,,,296,54394,
3511,福建理工大学,2023,吉林,普通本科批,理科,,,395,33182,
3512,闽江学院,2023,吉林,普通本科批,理科,,,438,24724,
3513,武夷学院,2023,吉林,普通本科批,理科,,,371,26323,
3515,泉州师范学院,2023,吉林,普通本科批,理科,,,344,24505,
3516,厦门理工学院,2023,吉林,普通本科批,理科,,,453,20205,
3517,三明学院,2023,吉林,普通本科批,理科,,,350,37079,
3518,龙岩学院,2023,吉林,普通本科批,理科,,,351,37357,
3527,福州外语外贸学院,2023,吉林,普通本科批,理科,,,297,55189,
3567,厦门华厦学院,2023,吉林,普通本科批,理科,,,308,49789,
3581,闽南科技学院,2023,吉林,普通本科批,理科,,,300,51985,
3583,厦门工学院,2023,吉林,普通本科批,理科,,,316,50078,
3585,厦门大学嘉庚学院,2023,吉林,普通本科批,理科,,,335,40027,
3586,福州大学至诚学院,2023,吉林,普通本科批,理科,,,335,44415,
3587,集美大学诚毅学院,2023,吉林,普通本科批,理科,,,347,44415,
3588,厦门医学院,2023,吉林,普通本科批,理科,,,426,24252,
3601,南昌大学,2023,吉林,普通本科批,理科,,,519,5223,
3602,华东交通大学,2023,吉林,普通本科批,理科,,,458,12739,
3603,东华理工大学,2023,吉林,普通本科批,理科,,,420,25649,
3604,南昌航空大学,2023,吉林,普通本科批,理科,,,445,17220,
3605,江西理工大学,2023,吉林,普通本科批,理科,,,464,18372,
3606,江西农业大学,2023,吉林,普通本科批,理科,,,403,22928,
3607,江西中医药大学,2023,吉林,普通本科批,理科,,,429,14900,
3608,江西师范大学,2023,吉林,普通本科批,理科,,,501,12901,
3609,赣南师范大学,2023,吉林,普通本科批,理科,,,346,42261,
3610,江西财经大学,2023,吉林,普通本科批,理科,,,463,11617,
3611,江西科技师范大学,2023,吉林,普通本科批,理科,,,366,41171,
3613,景德镇陶瓷大学,2023,吉林,普通本科批,理科,,,406,30582,
3614,赣南医科大学,2023,吉林,普通本科批,理科,,,325,11052,
3615,上饶师范学院,2023,吉林,普通本科批,理科,,,341,30582,
3616,宜春学院,2023,吉林,普通本科批,理科,,,371,36074,
3617,井冈山大学,2023,吉林,普通本科批,理科,,,373,37878,
3618,江西科技学院,2023,吉林,普通本科批,理科,,,293,56994,
3619,南昌工程学院,2023,吉林,普通本科批,理科,,,399,23350,
3621,新余学院,2023,吉林,普通本科批,理科,,,364,33968,
3622,九江学院,2023,吉林,普通本科批,理科,,,345,21428,
3624,南昌理工学院,2023,吉林,普通本科批,理科,,,308,52264,
3626,南昌工学院,2023,吉林,普通本科批,理科,,,311,52820,
3629,萍乡学院,2023,吉林,普通本科批,理科,,,346,49236,
3658,江西应用科技学院,2023,吉林,普通本科批,理科,,,318,56994,
3684,南昌大学科学技术学院,2023,吉林,普通本科批,理科,,,306,55694,
3686,南昌交通学院,2023,吉林,普通本科批,理科,,,321,52264,
3687,赣东学院,2023,吉林,普通本科批,理科,,,342,49507,
3688,南昌航空大学科技学院,2023,吉林,普通本科批,理科,,,333,46976,
3689,赣南科技学院,2023,吉林,普通本科批,理科,,,355,42261,
3690,景德镇艺术职业大学,2023,吉林,普通本科批,理科,,,318,56994,
3691,江西农业大学南昌商学院,2023,吉林,普通本科批,理科,,,308,50934,
3692,南昌医学院,2023,吉林,普通本科批,理科,,,440,21839,
3693,江西师范大学科学技术学院,2023,吉林,普通本科批,理科,,,334,46976,
3696,江西财经大学现代经济管理学院,2023,吉林,普通本科批,理科,,,301,42814,
370,山东大学威海分校,2023,吉林,普通本科批,理科,,,476,3559,
3700,青岛农业大学海都学院,2023,吉林,普通本科批,理科,,,335,50634,
37000000,烟台科技学院,2023,吉林,普通本科批,理科,,,317,49789,
370000000,烟台理工学院,2023,吉林,普通本科批,理科,,,310,51985,
3700000000,青岛城市学院,2023,吉林,普通本科批,理科,,,319,49236,
3701,山东大学,2023,吉林,普通本科批,理科,,,555,1089,
3702,中国海洋大学,2023,吉林,普通本科批,理科,,,535,3944,
3703,山东科技大学,2023,吉林,普通本科批,理科,,,463,9597,
3704,中国石油大学(华东),2023,吉林,普通本科批,理科,,,510,5890,
3705,青岛科技大学,2023,吉林,普通本科批,理科,,,470,11927,
3706,济南大学,2023,吉林,普通本科批,理科,,,436,18550,
3707,青岛理工大学,2023,吉林,普通本科批,理科,,,463,9737,
3708,山东建筑大学,2023,吉林,普通本科批,理科,,,439,21217,
3709,齐鲁工业大学,2023,吉林,普通本科批,理科,,,463,16271,
3710,山东理工大学,2023,吉林,普通本科批,理科,,,330,17220,
3711,山东农业大学,2023,吉林,普通本科批,理科,,,348,23575,
3712,青岛农业大学,2023,吉林,普通本科批,理科,,,385,30327,
3713,山东中医药大学,2023,吉林,普通本科批,理科,,,447,18175,
3714,山东师范大学,2023,吉林,普通本科批,理科,,,530,7247,
3715,曲阜师范大学,2023,吉林,普通本科批,理科,,,420,28669,
3716,聊城大学,2023,吉林,普通本科批,理科,,,393,33431,
3717,鲁东大学,2023,吉林,普通本科批,理科,,,342,25436,
3718,山东财经大学,2023,吉林,普通本科批,理科,,,449,14721,
3719,青岛大学,2023,吉林,普通本科批,理科,,,463,8803,
3720,烟台大学,2023,吉林,普通本科批,理科,,,438,21217,
3722,山东第二医科大学,2023,吉林,普通本科批,理科,,,454,16821,
3723,山东第一医科大学,2023,吉林,普通本科批,理科,,,427,17975,
3724,滨州医学院,2023,吉林,普通本科批,理科,,,326,23575,
3725,济宁医学院,2023,吉林,普通本科批,理科,,,374,14900,
3726,德州学院,2023,吉林,普通本科批,理科,,,364,44415,
3727,山东航空学院,2023,吉林,普通本科批,理科,,,384,36594,
3728,临沂大学,2023,吉林,普通本科批,理科,,,379,25436,
3729,泰山学院,2023,吉林,普通本科批,理科,,,375,40604,
3730,济宁学院,2023,吉林,普通本科批,理科,,,351,48107,
3731,菏泽学院,2023,吉林,普通本科批,理科,,,337,47251,
3734,齐鲁医药学院,2023,吉林,普通本科批,理科,,,334,41453,
3735,青岛滨海学院,2023,吉林,普通本科批,理科,,,320,42261,
3736,枣庄学院,2023,吉林,普通本科批,理科,,,425,27938,
3738,潍坊学院,2023,吉林,普通本科批,理科,,,375,28669,
3740,山东交通学院,2023,吉林,普通本科批,理科,,,344,27938,
3741,山东工商学院,2023,吉林,普通本科批,理科,,,341,20604,
3743,烟台南山学院,2023,吉林,普通本科批,理科,,,327,52264,
3744,青岛工学院,2023,吉林,普通本科批,理科,,,314,51437,
3745,齐鲁理工学院,2023,吉林,普通本科批,理科,,,327,51187,
3746,山东政法学院,2023,吉林,普通本科批,理科,,,445,17780,
3750,山东管理学院,2023,吉林,普通本科批,理科,,,365,38125,
3755,潍坊科技学院,2023,吉林,普通本科批,理科,,,294,50934,
3756,山东英才学院,2023,吉林,普通本科批,理科,,,301,53564,
3757,青岛恒星科技学院,2023,吉林,普通本科批,理科,,,311,55694,
3758,青岛黄海学院,2023,吉林,普通本科批,理科,,,309,52264,
3759,山东协和学院,2023,吉林,普通本科批,理科,,,327,30327,
4101,郑州大学,2023,吉林,普通本科批,理科,,,463,4867,
4102,河南理工大学,2023,吉林,普通本科批,理科,,,368,21640,
4103,河南工业大学,2023,吉林,普通本科批,理科,,,379,22494,
4104,河南科技大学,2023,吉林,普通本科批,理科,,,471,13712,
4105,河南农业大学,2023,吉林,普通本科批,理科,,,446,21839,
4106,河南大学,2023,吉林,普通本科批,理科,,,464,10184,
4107,河南师范大学,2023,吉林,普通本科批,理科,,,341,45597,
4110,华北水利水电大学,2023,吉林,普通本科批,理科,,,418,11474,
4111,郑州轻工业大学,2023,吉林,普通本科批,理科,,,436,19594,
4112,中原工学院,2023,吉林,普通本科批,理科,,,295,42012,
4113,河南科技学院,2023,吉林,普通本科批,理科,,,329,38125,
4114,河南牧业经济学院,2023,吉林,普通本科批,理科,,,340,46136,
4115,河南中医药大学,2023,吉林,普通本科批,理科,,,436,21839,
4116,新乡医学院,2023,吉林,普通本科批,理科,,,426,12901,
4117,信阳师范大学,2023,吉林,普通本科批,理科,,,366,43897,
4118,周口师范学院,2023,吉林,普通本科批,理科,,,332,42553,
4119,安阳师范学院,2023,吉林,普通本科批,理科,,,407,31340,
4121,南阳师范学院,2023,吉林,普通本科批,理科,,,366,32687,
4122,洛阳师范学院,2023,吉林,普通本科批,理科,,,371,38389,
4123,商丘师范学院,2023,吉林,普通本科批,理科,,,380,34737,
4124,郑州航空工业管理学院,2023,吉林,普通本科批,理科,,,360,26995,
4125,黄淮学院,2023,吉林,普通本科批,理科,,,327,41733,
4126,平顶山学院,2023,吉林,普通本科批,理科,,,355,40898,
4127,洛阳理工学院,2023,吉林,普通本科批,理科,,,427,25862,
4128,新乡学院,2023,吉林,普通本科批,理科,,,344,45873,
4130,安阳工学院,2023,吉林,普通本科批,理科,,,348,40027,
4131,河南财政金融学院,2023,吉林,普通本科批,理科,,,386,33968,
4132,南阳理工学院,2023,吉林,普通本科批,理科,,,295,26088,
4133,河南城建学院,2023,吉林,普通本科批,理科,,,327,52553,
4135,黄河科技学院,2023,吉林,普通本科批,理科,,,328,52553,
4136,郑州师范学院,2023,吉林,普通本科批,理科,,,445,23787,
4137,郑州商学院,2023,吉林,普通本科批,理科,,,338,45597,
4138,郑州升达经贸管理学院,2023,吉林,普通本科批,理科,,,323,44144,
4144,郑州工业应用技术学院,2023,吉林,普通本科批,理科,,,329,52264,
4148,河南工程学院,2023,吉林,普通本科批,理科,,,307,39193,
4201,武汉大学,2023,吉林,普通本科批,理科,,,548,440,
4202,华中科技大学,2023,吉林,普通本科批,理科,,,580,311,
4203,武汉科技大学,2023,吉林,普通本科批,理科,,,468,9881,
4204,长江大学,2023,吉林,普通本科批,理科,,,411,16130,
4205,武汉工程大学,2023,吉林,普通本科批,理科,,,471,12578,
4206,中国地质大学(武汉),2023,吉林,普通本科批,理科,,,469,7019,
4207,武汉纺织大学,2023,吉林,普通本科批,理科,,,436,25862,
4208,武汉理工大学,2023,吉林,普通本科批,理科,,,470,4595,
4210,华中农业大学,2023,吉林,普通本科批,理科,,,463,6885,
4211,湖北中医药大学,2023,吉林,普通本科批,理科,,,404,24010,
4212,华中师范大学,2023,吉林,普通本科批,理科,,,533,5323,
4214,中南财经政法大学,2023,吉林,普通本科批,理科,,,508,7835,
4215,中南民族大学,2023,吉林,普通本科批,理科,,,401,18766,
4217,三峡大学,2023,吉林,普通本科批,理科,,,443,7247,
4222,武汉轻工大学,2023,吉林,普通本科批,理科,,,435,23136,
4223,湖北师范大学,2023,吉林,普通本科批,理科,,,454,21640,
4225,湖北民族大学,2023,吉林,普通本科批,理科,,,431,25212,
4226,湖北文理学院,2023,吉林,普通本科批,理科,,,423,27235,
4227,武汉体育学院,2023,吉林,普通本科批,理科,,,377,36337,
4229,湖北汽车工业学院,2023,吉林,普通本科批,理科,,,415,26323,
4230,湖北工程学院,2023,吉林,普通本科批,理科,,,365,35009,
4231,湖北理工学院,2023,吉林,普通本科批,理科,,,427,26557,
4232,湖北科技学院,2023,吉林,普通本科批,理科,,,388,31902,
4233,湖北医药学院,2023,吉林,普通本科批,理科,,,444,20205,
4238,湖北经济学院,2023,吉林,普通本科批,理科,,,440,21008,
4240,汉口学院,2023,吉林,普通本科批,理科,,,291,50634,
4241,武汉生物工程学院,2023,吉林,普通本科批,理科,,,331,46416,
4245,武汉学院,2023,吉林,普通本科批,理科,,,322,47806,
4301,湘潭大学,2023,吉林,普通本科批,理科,,,467,8177,
4302,吉首大学,2023,吉林,普通本科批,理科,,,324,11326,
4303,湖南大学,2023,吉林,普通本科批,理科,,,522,2474,
4304,中南大学,2023,吉林,普通本科批,理科,,,518,490,
4305,湖南科技大学,2023,吉林,普通本科批,理科,,,463,13227,
4306,长沙理工大学,2023,吉林,普通本科批,理科,,,463,6763,
4307,湖南农业大学,2023,吉林,普通本科批,理科,,,401,24252,
4308,中南林业科技大学,2023,吉林,普通本科批,理科,,,447,13889,
4309,湖南中医药大学,2023,吉林,普通本科批,理科,,,465,9737,
4310,湖南师范大学,2023,吉林,普通本科批,理科,,,465,7019,
4311,南华大学,2023,吉林,普通本科批,理科,,,472,17013,
4313,湖南工业大学,2023,吉林,普通本科批,理科,,,402,34223,
4316,湖南理工学院,2023,吉林,普通本科批,理科,,,345,32432,
4317,湘南学院,2023,吉林,普通本科批,理科,,,376,29848,
4318,衡阳师范学院,2023,吉林,普通本科批,理科,,,366,23575,
4319,邵阳学院,2023,吉林,普通本科批,理科,,,344,28897,
4320,怀化学院,2023,吉林,普通本科批,理科,,,384,32432,
4321,湖南文理学院,2023,吉林,普通本科批,理科,,,358,43897,
4322,湖南科技学院,2023,吉林,普通本科批,理科,,,360,41453,
4323,湖南人文科技学院,2023,吉林,普通本科批,理科,,,311,56241,
4324,湖南工商大学,2023,吉林,普通本科批,理科,,,435,23136,
4325,长沙医学院,2023,吉林,普通本科批,理科,,,393,35294,
4326,长沙学院,2023,吉林,普通本科批,理科,,,384,27938,
4327,湖南工程学院,2023,吉林,普通本科批,理科,,,356,34223,
4328,湖南城市学院,2023,吉林,普通本科批,理科,,,299,43088,
4329,湖南工学院,2023,吉林,普通本科批,理科,,,305,37357,
4330,湖南财政经济学院,2023,吉林,普通本科批,理科,,,424,25212,
4333,湖南涉外经济学院,2023,吉林,普通本科批,理科,,,308,46136,
4336,湖南第一师范学院,2023,吉林,普通本科批,理科,,,397,20796,
4337,湖南医药学院,2023,吉林,普通本科批,理科,,,408,20205,
440,广州南方学院,2023,吉林,普通本科批,理科,,,303,42553,
4401,中山大学,2023,吉林,普通本科批,理科,,,572,223,
4402,暨南大学,2023,吉林,普通本科批,理科,,,468,5134,
4404,华南理工大学,2023,吉林,普通本科批,理科,,,587,1231,
4405,华南农业大学,2023,吉林,普通本科批,理科,,,489,13889,
4408,广东医科大学,2023,吉林,普通本科批,理科,,,522,7708,
4409,广州中医药大学,2023,吉林,普通本科批,理科,,,475,11474,
4410,华南师范大学,2023,吉林,普通本科批,理科,,,522,3944,
4411,深圳大学,2023,吉林,普通本科批,理科,,,538,5619,
4413,广州大学,2023,吉林,普通本科批,理科,,,498,10911,
4414,五邑大学,2023,吉林,普通本科批,理科,,,425,26764,
4416,广东外语外贸大学,2023,吉林,普通本科批,理科,,,475,5323,
4417,南方医科大学,2023,吉林,普通本科批,理科,,,473,1063,
4422,广东药科大学,2023,吉林,普通本科批,理科,,,439,21428,
4423,韶关学院,2023,吉林,普通本科批,理科,,,343,49789,
4425,韩山师范学院,2023,吉林,普通本科批,理科,,,320,55442,
4434,广州航海学院,2023,吉林,普通本科批,理科,,,389,35294,
4437,广东金融学院,2023,吉林,普通本科批,理科,,,459,20205,
4438,广东石油化工学院,2023,吉林,普通本科批,理科,,,379,37637,
4446,北京师范大学-香港浸会大学联合国际学院,2023,吉林,普通本科批,理科,,,478,13384,
4495,广东东软学院,2023,吉林,普通本科批,理科,,,293,58705,
4498,岭南师范学院,2023,吉林,普通本科批,理科,,,385,38643,
4501,广西大学,2023,吉林,普通本科批,理科,,,463,8408,
4502,桂林电子科技大学,2023,吉林,普通本科批,理科,,,473,9597,
4503,桂林理工大学,2023,吉林,普通本科批,理科,,,443,19594,
4505,广西师范大学,2023,吉林,普通本科批,理科,,,425,22928,
4506,广西民族大学,2023,吉林,普通本科批,理科,,,393,33431,
4508,广西科技大学,2023,吉林,普通本科批,理科,,,379,36337,
4509,右江民族医学院,2023,吉林,普通本科批,理科,,,425,26088,
4510,广西中医药大学,2023,吉林,普通本科批,理科,,,357,16633,
4511,桂林医学院,2023,吉林,普通本科批,理科,,,442,19792,
4512,南宁师范大学,2023,吉林,普通本科批,理科,,,393,33182,
4515,玉林师范学院,2023,吉林,普通本科批,理科,,,342,50634,
4517,百色学院,2023,吉林,普通本科批,理科,,,363,41453,
4518,梧州学院,2023,吉林,普通本科批,理科,,,333,38926,
4519,广西财经学院,2023,吉林,普通本科批,理科,,,405,33431,
4520,南宁学院,2023,吉林,普通本科批,理科,,,298,56494,
4521,北部湾大学,2023,吉林,普通本科批,理科,,,305,31902,
4523,桂林旅游学院,2023,吉林,普通本科批,理科,,,335,46708,
4524,贺州学院,2023,吉林,普通本科批,理科,,,312,51437,
4525,广西外国语学院,2023,吉林,普通本科批,理科,,,296,54131,
4527,广西科技师范学院,2023,吉林,普通本科批,理科,,,309,31094,
4566,柳州工学院,2023,吉林,普通本科批,理科,,,292,59431,
4568,桂林学院,2023,吉林,普通本科批,理科,,,294,50361,
4570,广西中医药大学赛恩斯新医药学院,2023,吉林,普通本科批,理科,,,331,47806,
4601,海南大学,2023,吉林,普通本科批,理科,,,463,8304,
4602,海南师范大学,2023,吉林,普通本科批,理科,,,392,12083,
4604,海南热带海洋学院,2023,吉林,普通本科批,理科,,,359,30327,
4605,海南医科大学,2023,吉林,普通本科批,理科,,,387,11052,
4606,海口经济学院,2023,吉林,普通本科批,理科,,,275,62706,
4607,三亚学院,2023,吉林,普通本科批,理科,,,286,51985,
4608,琼台师范学院,2023,吉林,普通本科批,理科,,,376,29610,
4611,海南科技职业大学,2023,吉林,普通本科批,理科,,,284,61813,
5001,重庆大学,2023,吉林,普通本科批,理科,,,526,2723,
5002,重庆邮电大学,2023,吉林,普通本科批,理科,,,533,7131,
5003,重庆交通大学,2023,吉林,普通本科批,理科,,,479,11927,
5004,重庆医科大学,2023,吉林,普通本科批,理科,,,510,2665,
5005,西南大学,2023,吉林,普通本科批,理科,,,471,5040,
5006,重庆师范大学,2023,吉林,普通本科批,理科,,,520,10184,
5007,西南政法大学,2023,吉林,普通本科批,理科,,,498,2723,
5008,重庆理工大学,2023,吉林,普通本科批,理科,,,444,21008,
5009,重庆工商大学,2023,吉林,普通本科批,理科,,,469,15277,
5011,重庆三峡学院,2023,吉林,普通本科批,理科,,,426,26088,
5012,长江师范学院,2023,吉林,普通本科批,理科,,,377,33968,
5013,四川外国语大学,2023,吉林,普通本科批,理科,,,463,11769,
5015,重庆科技大学,2023,吉林,普通本科批,理科,,,301,24954,
5062,重庆外语外事学院,2023,吉林,普通本科批,理科,,,309,52553,
5063,重庆对外经贸学院,2023,吉林,普通本科批,理科,,,400,34737,
5064,重庆财经学院,2023,吉林,普通本科批,理科,,,380,39460,
5066,重庆移通学院,2023,吉林,普通本科批,理科,,,377,40898,
5101,四川大学,2023,吉林,普通本科批,理科,,,437,1535,
5102,西南交通大学,2023,吉林,普通本科批,理科,,,491,4340,
5103,电子科技大学,2023,吉林,普通本科批,理科,,,591,658,
5104,西南石油大学,2023,吉林,普通本科批,理科,,,495,10604,
5105,西南科技大学,2023,吉林,普通本科批,理科,,,463,16821,
5106,西华大学,2023,吉林,普通本科批,理科,,,430,24724,
5107,四川农业大学,2023,吉林,普通本科批,理科,,,471,11769,
5108,成都中医药大学,2023,吉林,普通本科批,理科,,,385,10184,
5110,西华师范大学,2023,吉林,普通本科批,理科,,,365,44144,
5111,西南财经大学,2023,吉林,普通本科批,理科,,,478,2175,
5112,西南民族大学,2023,吉林,普通本科批,理科,,,443,11769,
5113,成都医学院,2023,吉林,普通本科批,理科,,,523,9737,
5114,成都理工大学,2023,吉林,普通本科批,理科,,,463,10474,
5115,成都信息工程大学,2023,吉林,普通本科批,理科,,,469,17780,
5116,四川轻化工大学,2023,吉林,普通本科批,理科,,,428,22042,
5117,中国民用航空飞行学院,2023,吉林,普通本科批,理科,,,422,15806,
5119,西南医科大学,2023,吉林,普通本科批,理科,,,530,7708,
5120,川北医学院,2023,吉林,普通本科批,理科,,,508,11927,
5121,绵阳师范学院,2023,吉林,普通本科批,理科,,,305,59908,
5122,内江师范学院,2023,吉林,普通本科批,理科,,,374,39460,
5125,乐山师范学院,2023,吉林,普通本科批,理科,,,409,32432,
5128,成都大学,2023,吉林,普通本科批,理科,,,440,22494,
5130,攀枝花学院,2023,吉林,普通本科批,理科,,,417,29610,
5131,四川旅游学院,2023,吉林,普通本科批,理科,,,301,38643,
5144,成都东软学院,2023,吉林,普通本科批,理科,,,390,37357,
5191,吉利学院,2023,吉林,普通本科批,理科,,,320,52553,
5199,电子科技大学,2023,吉林,普通本科批,理科,,,617,1180,
5201,贵州大学,2023,吉林,普通本科批,理科,,,465,8527,
5202,贵州师范大学,2023,吉林,普通本科批,理科,,,376,41171,
5204,贵州医科大学,2023,吉林,普通本科批,理科,,,489,15090,
5205,遵义医科大学,2023,吉林,普通本科批,理科,,,542,7367,
5213,黔南民族师范学院,2023,吉林,普通本科批,理科,,,345,49789,
5214,贵州财经大学,2023,吉林,普通本科批,理科,,,311,52264,
5219,贵州理工学院,2023,吉林,普通本科批,理科,,,381,34472,
5274,贵州医科大学,2023,吉林,普通本科批,理科,,,418,30076,
5301,云南大学,2023,吉林,普通本科批,理科,,,502,7835,
5302,昆明理工大学,2023,吉林,普通本科批,理科,,,433,17220,
5303,云南农业大学,2023,吉林,普通本科批,理科,,,362,21008,
5304,西南林业大学,2023,吉林,普通本科批,理科,,,309,30843,
5305,云南师范大学,2023,吉林,普通本科批,理科,,,411,24252,
5306,云南财经大学,2023,吉林,普通本科批,理科,,,338,23787,
5307,云南民族大学,2023,吉林,普通本科批,理科,,,417,30076,
5309,昆明医科大学,2023,吉林,普通本科批,理科,,,376,6763,
5310,大理大学,2023,吉林,普通本科批,理科,,,377,24252,
5311,云南中医药大学,2023,吉林,普通本科批,理科,,,442,24505,
5313,曲靖师范学院,2023,吉林,普通本科批,理科,,,320,56494,
5314,普洱学院,2023,吉林,普通本科批,理科,,,419,29848,
5316,红河学院,2023,吉林,普通本科批,理科,,,371,41171,
5318,玉溪师范学院,2023,吉林,普通本科批,理科,,,405,32166,
5320,云南警官学院,2023,吉林,普通本科批,理科,,,435,26088,
5321,昆明学院,2023,吉林,普通本科批,理科,,,396,29134,
5356,云南经济管理学院,2023,吉林,普通本科批,理科,,,297,53090,
5367,滇池学院,2023,吉林,普通本科批,理科,,,303,57268,
5368,丽江文化旅游学院,2023,吉林,普通本科批,理科,,,297,60868,
5369,昆明城市学院,2023,吉林,普通本科批,理科,,,316,53090,
5370,昆明医科大学海源学院,2023,吉林,普通本科批,理科,,,341,27938,
5372,昆明文理学院,2023,吉林,普通本科批,理科,,,301,60868,
5373,昆明理工大学津桥学院,2023,吉林,普通本科批,理科,,,314,18372,
5378,滇西应用技术大学,2023,吉林,普通本科批,理科,,,345,46976,
5401,西藏大学,2023,吉林,普通本科批,理科,,,390,32166,
6101,西北大学,2023,吉林,普通本科批,理科,,,514,8527,
6102,西安交通大学,2023,吉林,普通本科批,理科,,,575,457,
6103,西北工业大学,2023,吉林,普通本科批,理科,,,614,822,
6104,西安理工大学,2023,吉林,普通本科批,理科,,,516,9881,
6105,西安电子科技大学,2023,吉林,普通本科批,理科,,,578,1352,
6106,西安工业大学,2023,吉林,普通本科批,理科,,,459,17013,
6107,西安建筑科技大学,2023,吉林,普通本科批,理科,,,461,14546,
6108,西安科技大学,2023,吉林,普通本科批,理科,,,416,15630,
6109,西安石油大学,2023,吉林,普通本科批,理科,,,449,14546,
6110,陕西科技大学,2023,吉林,普通本科批,理科,,,466,12399,
6112,长安大学,2023,吉林,普通本科批,理科,,,496,5890,
6113,西北农林科技大学,2023,吉林,普通本科批,理科,,,485,6337,
6114,陕西师范大学,2023,吉林,普通本科批,理科,,,501,10911,
6115,延安大学,2023,吉林,普通本科批,理科,,,378,34737,
6116,西安外国语大学,2023,吉林,普通本科批,理科,,,461,11052,
6117,西北政法大学,2023,吉林,普通本科批,理科,,,508,11927,
6118,西安邮电大学,2023,吉林,普通本科批,理科,,,385,6640,
6119,陕西中医药大学,2023,吉林,普通本科批,理科,,,481,14721,
6120,陕西理工大学,2023,吉林,普通本科批,理科,,,356,27472,
6121,宝鸡文理学院,2023,吉林,普通本科批,理科,,,340,34223,
6122,咸阳师范学院,2023,吉林,普通本科批,理科,,,423,28897,
6123,渭南师范学院,2023,吉林,普通本科批,理科,,,404,33700,
6127,西安文理学院,2023,吉林,普通本科批,理科,,,430,26088,
6128,榆林学院,2023,吉林,普通本科批,理科,,,333,39193,
6129,商洛学院,2023,吉林,普通本科批,理科,,,338,41453,
6130,安康学院,2023,吉林,普通本科批,理科,,,362,44971,
6132,西安财经大学,2023,吉林,普通本科批,理科,,,453,20604,
6134,西安医学院,2023,吉林,普通本科批,理科,,,400,33968,
6138,西安外事学院,2023,吉林,普通本科批,理科,,,304,52820,
6139,西安翻译学院,2023,吉林,普通本科批,理科,,,304,56994,
6141,西安思源学院,2023,吉林,普通本科批,理科,,,345,45303,
6142,陕西国际商贸学院,2023,吉林,普通本科批,理科,,,321,53328,
6143,西安交通工程学院,2023,吉林,普通本科批,理科,,,318,49789,
6185,西安交通大学城市学院,2023,吉林,普通本科批,理科,,,348,46416,
6187,西安建筑科技大学华清学院,2023,吉林,普通本科批,理科,,,320,53090,
6188,西安财经大学行知学院,2023,吉林,普通本科批,理科,,,318,51187,
6201,兰州大学,2023,吉林,普通本科批,理科,,,520,5040,
6202,兰州理工大学,2023,吉林,普通本科批,理科,,,271,20604,
6203,兰州交通大学,2023,吉林,普通本科批,理科,,,421,15971,
6204,甘肃农业大学,2023,吉林,普通本科批,理科,,,351,46708,
6205,西北师范大学,2023,吉林,普通本科批,理科,,,410,22928,
6206,西北民族大学,2023,吉林,普通本科批,理科,,,332,15277,
6215,兰州城市学院,2023,吉林,普通本科批,理科,,,350,43368,
6216,陇东学院,2023,吉林,普通本科批,理科,,,344,45873,
6217,天水师范学院,2023,吉林,普通本科批,理科,,,342,40604,
6218,河西学院,2023,吉林,普通本科批,理科,,,325,44708,
6219,兰州财经大学,2023,吉林,普通本科批,理科,,,376,30076,
6220,甘肃政法大学,2023,吉林,普通本科批,理科,,,464,18976,
6221,甘肃民族师范学院,2023,吉林,普通本科批,理科,,,325,36074,
6222,兰州文理学院,2023,吉林,普通本科批,理科,,,324,40329,
6224,甘肃医学院,2023,吉林,普通本科批,理科,,,429,26323,
6245,兰州石化职业技术大学,2023,吉林,普通本科批,理科,,,340,42553,
6247,兰州资源环境职业技术大学,2023,吉林,普通本科批,理科,,,344,46416,
6248,兰州博文科技学院,2023,吉林,普通本科批,理科,,,307,54917,
6249,兰州信息科技学院,2023,吉林,普通本科批,理科,,,292,61350,
6301,青海大学,2023,吉林,普通本科批,理科,,,398,10474,
6302,青海师范大学,2023,吉林,普通本科批,理科,,,391,27938,
6303,青海民族大学,2023,吉林,普通本科批,理科,,,345,45873,
6401,宁夏大学,2023,吉林,普通本科批,理科,,,472,15971,
6402,北方民族大学,2023,吉林,普通本科批,理科,,,322,32432,
6405,宁夏理工学院,2023,吉林,普通本科批,理科,,,302,53564,
6501,新疆大学,2023,吉林,普通本科批,理科,,,468,16447,
6502,塔里木大学,2023,吉林,普通本科批,理科,,,338,35796,
6503,新疆农业大学,2023,吉林,普通本科批,理科,,,327,42012,
6504,石河子大学,2023,吉林,普通本科批,理科,,,474,15630,
6505,新疆医科大学,2023,吉林,普通本科批,理科,,,460,5040,
6506,新疆师范大学,2023,吉林,普通本科批,理科,,,369,29134,
6507,新疆财经大学,2023,吉林,普通本科批,理科,,,319,29364,
6508,中国石油大学(北京)克拉玛依校区,2023,吉林,普通本科批,理科,,,476,13079,
6509,喀什大学,2023,吉林,普通本科批,理科,,,344,44144,
6510,伊犁师范大学,2023,吉林,普通本科批,理科,,,336,41171,
6512,新疆工程学院,2023,吉林,普通本科批,理科,,,330,46136,
6522,新疆警察学院,2023,吉林,普通本科批,理科,,,399,35009,
6541,新疆理工学院,2023,吉林,普通本科批,理科,,,340,47251,
6544,新疆科技学院,2023,吉林,普通本科批,理科,,,334,48676,
6545,新疆政法学院,2023,吉林,普通本科批,理科,,,340,42553,
6556,昌吉学院,2023,吉林,普通本科批,理科,,,334,46976,
8112,香港珠海学院,2023,吉林,普通本科批,理科,,,300,42261,
,三峡大学科技学院,2023,吉林,普通本科批,理科,,,336,39193,
