school_id,school_name,year,province,batch,subject,major_group,major,score,rank,plan
1001,清华大学,2023,四川,本科批,物理类,,,689,9168,47
1001,清华大学,2024,四川,本科批,物理类,,,688,9284,64
1001,清华大学,2023,四川,本科批,历史类,,,685,3374,24
1001,清华大学,2024,四川,本科批,历史类,,,692,3089,99
1002,北京大学,2023,四川,本科批,物理类,,,679,10399,11
1002,北京大学,2024,四川,本科批,物理类,,,680,10269,122
1002,北京大学,2023,四川,本科批,历史类,,,688,3249,70
1002,北京大学,2024,四川,本科批,历史类,,,683,3460,68
1003,复旦大学,2023,四川,本科批,物理类,,,666,12251,162
1003,复旦大学,2024,四川,本科批,物理类,,,663,12723,164
1003,复旦大学,2023,四川,本科批,历史类,,,664,4397,17
1003,复旦大学,2024,四川,本科批,历史类,,,664,4397,37
1004,上海交通大学,2023,四川,本科批,物理类,,,660,13213,22
1004,上海交通大学,2024,四川,本科批,物理类,,,659,13381,95
1004,上海交通大学,2023,四川,本科批,历史类,,,652,5115,140
1004,上海交通大学,2024,四川,本科批,历史类,,,658,4742,151
1005,浙江大学,2023,四川,本科批,物理类,,,656,13896,156
1005,浙江大学,2024,四川,本科批,物理类,,,662,12884,54
1005,浙江大学,2023,四川,本科批,历史类,,,659,4683,73
1005,浙江大学,2024,四川,本科批,历史类,,,658,4742,84
1006,南京大学,2023,四川,本科批,物理类,,,656,13896,195
1006,南京大学,2024,四川,本科批,物理类,,,647,15565,35
1006,南京大学,2023,四川,本科批,历史类,,,650,5245,166
1006,南京大学,2024,四川,本科批,历史类,,,650,5245,58
1007,中国科学技术大学,2023,四川,本科批,物理类,,,648,15370,199
1007,中国科学技术大学,2024,四川,本科批,物理类,,,651,14800,58
1007,中国科学技术大学,2023,四川,本科批,历史类,,,644,5657,43
1007,中国科学技术大学,2024,四川,本科批,历史类,,,653,5051,187
1008,华中科技大学,2023,四川,本科批,物理类,,,636,17880,69
1008,华中科技大学,2024,四川,本科批,物理类,,,637,17656,173
1008,华中科技大学,2023,四川,本科批,历史类,,,636,6258,90
1008,华中科技大学,2024,四川,本科批,历史类,,,637,6179,141
1009,武汉大学,2023,四川,本科批,物理类,,,636,17880,143
1009,武汉大学,2024,四川,本科批,物理类,,,631,19043,193
1009,武汉大学,2023,四川,本科批,历史类,,,634,6417,123
1009,武汉大学,2024,四川,本科批,历史类,,,628,6921,42
1010,中山大学,2023,四川,本科批,物理类,,,627,20027,153
1010,中山大学,2024,四川,本科批,物理类,,,625,20539,37
1010,中山大学,2023,四川,本科批,历史类,,,627,7009,74
1010,中山大学,2024,四川,本科批,历史类,,,635,6337,13
1011,西安交通大学,2023,四川,本科批,物理类,,,630,19284,42
1011,西安交通大学,2024,四川,本科批,物理类,,,624,20799,115
1011,西安交通大学,2023,四川,本科批,历史类,,,629,6835,71
1011,西安交通大学,2024,四川,本科批,历史类,,,630,6749,121
1012,北京航空航天大学,2023,四川,本科批,物理类,,,620,21875,155
1012,北京航空航天大学,2024,四川,本科批,物理类,,,628,19777,184
1012,北京航空航天大学,2023,四川,本科批,历史类,,,626,7098,121
1012,北京航空航天大学,2024,四川,本科批,历史类,,,628,6921,128
1013,同济大学,2023,四川,本科批,物理类,,,621,21601,30
1013,同济大学,2024,四川,本科批,物理类,,,623,21063,196
1013,同济大学,2023,四川,本科批,历史类,,,626,7098,21
1013,同济大学,2024,四川,本科批,历史类,,,615,8154,116
1014,北京理工大学,2023,四川,本科批,物理类,,,614,23593,108
1014,北京理工大学,2024,四川,本科批,物理类,,,623,21063,192
1014,北京理工大学,2023,四川,本科批,历史类,,,613,8362,57
1014,北京理工大学,2024,四川,本科批,历史类,,,616,8052,16
1015,哈尔滨工业大学,2023,四川,本科批,物理类,,,609,25127,107
1015,哈尔滨工业大学,2024,四川,本科批,物理类,,,620,21875,56
1015,哈尔滨工业大学,2023,四川,本科批,历史类,,,619,7753,106
1015,哈尔滨工业大学,2024,四川,本科批,历史类,,,615,8154,45
1016,天津大学,2023,四川,本科批,物理类,,,607,25769,18
1016,天津大学,2024,四川,本科批,物理类,,,613,23892,75
1016,天津大学,2023,四川,本科批,历史类,,,618,7851,170
1016,天津大学,2024,四川,本科批,历史类,,,608,8906,179
1017,东南大学,2023,四川,本科批,物理类,,,614,23593,191
1017,东南大学,2024,四川,本科批,物理类,,,606,26095,184
1017,东南大学,2023,四川,本科批,历史类,,,605,9249,121
1017,东南大学,2024,四川,本科批,历史类,,,609,8794,56
1018,厦门大学,2023,四川,本科批,物理类,,,603,27101,33
1018,厦门大学,2024,四川,本科批,物理类,,,603,27101,99
1018,厦门大学,2023,四川,本科批,历史类,,,613,8362,178
1018,厦门大学,2024,四川,本科批,历史类,,,608,8906,142
1019,华南理工大学,2023,四川,本科批,物理类,,,605,26426,76
1019,华南理工大学,2024,四川,本科批,物理类,,,605,26426,189
1019,华南理工大学,2023,四川,本科批,历史类,,,602,9605,134
1019,华南理工大学,2024,四川,本科批,历史类,,,610,8684,115
1020,北京师范大学,2023,四川,本科批,物理类,,,604,26762,180
1020,北京师范大学,2024,四川,本科批,物理类,,,603,27101,40
1020,北京师范大学,2023,四川,本科批,历史类,,,608,8906,119
1020,北京师范大学,2024,四川,本科批,历史类,,,601,9727,187
1021,电子科技大学,2023,四川,本科批,物理类,,,595,29976,165
1021,电子科技大学,2024,四川,本科批,物理类,,,596,29601,32
1021,电子科技大学,2023,四川,本科批,历史类,,,595,10491,102
1021,电子科技大学,2024,四川,本科批,历史类,,,605,9249,95
1022,中南大学,2023,四川,本科批,物理类,,,595,29976,139
1022,中南大学,2024,四川,本科批,物理类,,,594,30356,102
1022,中南大学,2023,四川,本科批,历史类,,,604,9366,12
1022,中南大学,2024,四川,本科批,历史类,,,596,10360,48
1023,山东大学,2023,四川,本科批,物理类,,,602,27445,47
1023,山东大学,2024,四川,本科批,物理类,,,599,28502,39
1023,山东大学,2023,四川,本科批,历史类,,,595,10491,77
1023,山东大学,2024,四川,本科批,历史类,,,591,11034,62
1024,大连理工大学,2023,四川,本科批,物理类,,,589,32331,33
1024,大连理工大学,2024,四川,本科批,物理类,,,598,28864,154
1024,大连理工大学,2023,四川,本科批,历史类,,,598,10102,128
1024,大连理工大学,2024,四川,本科批,历史类,,,590,11174,119
1025,重庆大学,2023,四川,本科批,物理类,,,598,28864,103
1025,重庆大学,2024,四川,本科批,物理类,,,595,29976,173
1025,重庆大学,2023,四川,本科批,历史类,,,587,11604,154
1025,重庆大学,2024,四川,本科批,历史类,,,597,10230,147
1026,吉林大学,2023,四川,本科批,物理类,,,586,33576,30
1026,吉林大学,2024,四川,本科批,物理类,,,594,30356,106
1026,吉林大学,2023,四川,本科批,历史类,,,591,11034,148
1026,吉林大学,2024,四川,本科批,历史类,,,591,11034,125
1027,湖南大学,2023,四川,本科批,物理类,,,583,34870,199
1027,湖南大学,2024,四川,本科批,物理类,,,585,34002,40
1027,湖南大学,2023,四川,本科批,历史类,,,588,11459,193
1027,湖南大学,2024,四川,本科批,历史类,,,592,10896,157
1028,中国农业大学,2023,四川,本科批,物理类,,,585,34002,114
1028,中国农业大学,2024,四川,本科批,物理类,,,591,31526,19
1028,中国农业大学,2023,四川,本科批,历史类,,,582,12359,128
1028,中国农业大学,2024,四川,本科批,历史类,,,591,11034,33
1029,华东师范大学,2023,四川,本科批,物理类,,,588,32741,69
1029,华东师范大学,2024,四川,本科批,物理类,,,587,33156,178
1029,华东师范大学,2023,四川,本科批,历史类,,,588,11459,56
1029,华东师范大学,2024,四川,本科批,历史类,,,588,11459,84
1030,西北工业大学,2023,四川,本科批,物理类,,,574,39058,48
1030,西北工业大学,2024,四川,本科批,物理类,,,586,33576,93
1030,西北工业大学,2023,四川,本科批,历史类,,,577,13163,141
1030,西北工业大学,2024,四川,本科批,历史类,,,580,12674,100
2001,苏州大学,2023,四川,本科批,物理类,,,570,41078,11
2001,苏州大学,2024,四川,本科批,物理类,,,579,36673,119
2001,苏州大学,2023,四川,本科批,历史类,,,575,13499,35
2001,苏州大学,2024,四川,本科批,历史类,,,580,12674,127
2002,武汉理工大学,2023,四川,本科批,物理类,,,568,42126,123
2002,武汉理工大学,2024,四川,本科批,物理类,,,577,37609,97
2002,武汉理工大学,2023,四川,本科批,历史类,,,571,14197,163
2002,武汉理工大学,2024,四川,本科批,历史类,,,571,14197,124
2003,西南交通大学,2023,四川,本科批,物理类,,,568,42126,39
2003,西南交通大学,2024,四川,本科批,物理类,,,570,41078,45
2003,西南交通大学,2023,四川,本科批,历史类,,,568,14744,171
2003,西南交通大学,2024,四川,本科批,历史类,,,565,15312,156
2004,暨南大学,2023,四川,本科批,物理类,,,567,42661,25
2004,暨南大学,2024,四川,本科批,物理类,,,572,40055,98
2004,暨南大学,2023,四川,本科批,历史类,,,566,15120,36
2004,暨南大学,2024,四川,本科批,历史类,,,564,15506,197
2005,郑州大学,2023,四川,本科批,物理类,,,564,44304,160
2005,郑州大学,2024,四川,本科批,物理类,,,555,49626,28
2005,郑州大学,2023,四川,本科批,历史类,,,557,16936,110
2005,郑州大学,2024,四川,本科批,历史类,,,558,16724,153
2006,南京师范大学,2023,四川,本科批,物理类,,,562,45435,159
2006,南京师范大学,2024,四川,本科批,物理类,,,558,47784,180
2006,南京师范大学,2023,四川,本科批,历史类,,,560,16308,176
2006,南京师范大学,2024,四川,本科批,历史类,,,553,17812,112
2007,合肥工业大学,2023,四川,本科批,物理类,,,561,46012,190
2007,合肥工业大学,2024,四川,本科批,物理类,,,555,49626,37
2007,合肥工业大学,2023,四川,本科批,历史类,,,554,17589,36
2007,合肥工业大学,2024,四川,本科批,历史类,,,558,16724,50
2008,华中师范大学,2023,四川,本科批,物理类,,,559,47186,103
2008,华中师范大学,2024,四川,本科批,物理类,,,559,47186,191
2008,华中师范大学,2023,四川,本科批,历史类,,,551,18267,167
2008,华中师范大学,2024,四川,本科批,历史类,,,557,16936,161
2009,上海大学,2023,四川,本科批,物理类,,,555,49626,33
2009,上海大学,2024,四川,本科批,物理类,,,549,53524,175
2009,上海大学,2023,四川,本科批,历史类,,,558,16724,110
2009,上海大学,2024,四川,本科批,历史类,,,556,17151,22
2010,西北大学,2023,四川,本科批,物理类,,,546,55586,45
2010,西北大学,2024,四川,本科批,物理类,,,553,50892,145
2010,西北大学,2023,四川,本科批,历史类,,,548,18971,81
2010,西北大学,2024,四川,本科批,历史类,,,547,19211,100
3001,深圳大学,2023,四川,本科批,物理类,,,542,58460,138
3001,深圳大学,2024,四川,本科批,物理类,,,544,57005,97
3001,深圳大学,2023,四川,本科批,历史类,,,537,21792,20
3001,深圳大学,2024,四川,本科批,历史类,,,544,19951,142
3002,浙江工业大学,2023,四川,本科批,物理类,,,532,66312,137
3002,浙江工业大学,2024,四川,本科批,物理类,,,532,66312,149
3002,浙江工业大学,2023,四川,本科批,历史类,,,531,23503,47
3002,浙江工业大学,2024,四川,本科批,历史类,,,530,23801,97
3003,江苏大学,2023,四川,本科批,物理类,,,533,65482,159
3003,江苏大学,2024,四川,本科批,物理类,,,525,72428,142
3003,江苏大学,2023,四川,本科批,历史类,,,526,25032,34
3003,江苏大学,2024,四川,本科批,历史类,,,531,23503,17
3004,河南大学,2023,四川,本科批,物理类,,,522,75219,142
3004,河南大学,2024,四川,本科批,物理类,,,526,71521,49
3004,河南大学,2023,四川,本科批,历史类,,,531,23503,136
3004,河南大学,2024,四川,本科批,历史类,,,531,23503,190
3005,扬州大学,2023,四川,本科批,物理类,,,522,75219,150
3005,扬州大学,2024,四川,本科批,物理类,,,519,78117,42
3005,扬州大学,2023,四川,本科批,历史类,,,519,27341,144
3005,扬州大学,2024,四川,本科批,历史类,,,525,25349,65
3006,青岛大学,2023,四川,本科批,物理类,,,522,75219,10
3006,青岛大学,2024,四川,本科批,物理类,,,513,84253,109
3006,青岛大学,2023,四川,本科批,历史类,,,517,28039,35
3006,青岛大学,2024,四川,本科批,历史类,,,514,29119,142
4001,中原工学院,2023,四川,本科批,物理类,,,503,95569,22
4001,中原工学院,2024,四川,本科批,物理类,,,501,98009,101
4001,中原工学院,2023,四川,本科批,历史类,,,499,35178,167
4001,中原工学院,2024,四川,本科批,历史类,,,503,33449,150
4002,广东技术师范大学,2023,四川,本科批,物理类,,,501,98009,130
4002,广东技术师范大学,2024,四川,本科批,物理类,,,490,112583,180
4002,广东技术师范大学,2023,四川,本科批,历史类,,,495,36997,17
4002,广东技术师范大学,2024,四川,本科批,历史类,,,492,38423,69
4003,成都工业学院,2023,四川,本科批,物理类,,,485,119905,127
4003,成都工业学院,2024,四川,本科批,物理类,,,486,118404,26
4003,成都工业学院,2023,四川,本科批,历史类,,,490,39404,135
4003,成都工业学院,2024,四川,本科批,历史类,,,491,38910,52
5001,黄河科技学院,2023,四川,本科批,物理类,,,454,177219,24
5001,黄河科技学院,2024,四川,本科批,物理类,,,458,168507,133
5001,黄河科技学院,2023,四川,本科批,历史类,,,466,53321,183
5001,黄河科技学院,2024,四川,本科批,历史类,,,455,61249,121
5002,广州南方学院,2023,四川,本科批,物理类,,,453,179466,179
5002,广州南方学院,2024,四川,本科批,物理类,,,453,179466,65
5002,广州南方学院,2023,四川,本科批,历史类,,,450,65233,188
5002,广州南方学院,2024,四川,本科批,历史类,,,455,61249,40
6001,河南职业技术学院,2023,四川,本科批,物理类,,,381,444692,72
6001,河南职业技术学院,2024,四川,本科批,物理类,,,375,479622,187
6001,河南职业技术学院,2023,四川,本科批,历史类,,,382,153693,85
6001,河南职业技术学院,2024,四川,本科批,历史类,,,379,159615,138
6002,成都航空职业技术学院,2023,四川,本科批,物理类,,,374,485705,83
6002,成都航空职业技术学院,2024,四川,本科批,物理类,,,367,530500,113
6002,成都航空职业技术学院,2023,四川,本科批,历史类,,,374,169996,141
6002,成都航空职业技术学院,2024,四川,本科批,历史类,,,369,181053,52
1356,河北轨道运输职业技术学院,2025,四川,专科批,历史类,（101）,,434,73412,
1378,河北化工医药职业技术学院,2025,四川,专科批,历史类,（101）,,392,117382,
1384,河北正定师范高等专科学校,2025,四川,专科批,历史类,（101）,,344,143780,
1399,唐山幼儿师范高等专科学校,2025,四川,专科批,历史类,（101）,,368,116097,
1449,忻州职业技术学院,2025,四川,专科批,历史类,（101）,,403,103198,
1469,临汾职业技术学院,2025,四川,专科批,历史类,,,389,107301,
1481,太原幼儿师范高等专科学校,2025,四川,专科批,历史类,（101）,,348,146866,
1493,山西同文职业技术学院,2025,四川,专科批,历史类,（101）,,342,146866,
1839,石家庄幼儿师范高等专科学校,2025,四川,专科批,历史类,,,288,125846,
1847,河北软件职业技术学院,2025,四川,专科批,历史类,（101）,,374,132605,
2155,大连职业技术学院,2025,四川,专科批,历史类,（101）,,357,139478,
2157,辽宁民族师范高等专科学校,2025,四川,专科批,历史类,,,182,170257,
2168,渤海船舶职业学院,2025,四川,专科批,历史类,（101）,,388,114811,
2176,盘锦职业技术学院,2025,四川,专科批,历史类,（101）,,340,148336,
2198,辽宁生态工程职业学院,2025,四川,专科批,历史类,（101）,,334,133149,
2227,长春金融高等专科学校,2025,四川,专科批,历史类,（101）,,393,103926,
2284,长春科技学院,2025,四川,专科批,历史类,（101）,,312,96561,
2353,黑龙江农垦职业学院,2025,四川,专科批,历史类,（101）,,331,127021,
2357,黑龙江农业工程职业学院,2025,四川,专科批,历史类,（101）,,368,56035,
2370,伊春职业学院,2025,四川,专科批,历史类,（101）,,226,120093,
2393,哈尔滨幼儿师范高等专科学校,2025,四川,专科批,历史类,（101）,,323,128315,
3119,上海旅游高等专科学校,2025,四川,专科批,历史类,,,419,58853,
3140,上海杉达学院,2025,四川,专科批,历史类,（101）,,453,79684,
3153,上海交通职业技术学院,2025,四川,专科批,历史类,（101）,,447,72715,
3159,上海东海职业技术学院,2025,四川,专科批,历史类,（101）,,350,145860,
3160,上海工商职业技术学院,2025,四川,专科批,历史类,（101）,,423,100451,
3164,上海行健职业学院,2025,四川,专科批,历史类,（101）,,460,72715,
3184,上海农林职业技术学院,2025,四川,专科批,历史类,（101）,,437,65764,
3236,镇江市高等专科学校,2025,四川,专科批,历史类,（101）,,381,87206,
3252,连云港职业技术学院,2025,四川,专科批,历史类,（101）,,429,96561,
3265,江苏工程职业技术学院,2025,四川,专科批,历史类,（101）,,418,88567,
3274,江苏经贸职业技术学院,2025,四川,专科批,历史类,（101）,,476,59526,
3279,常州机电职业技术学院,2025,四川,专科批,历史类,（101）,,465,53274,
3280,江苏电子信息职业学院,2025,四川,专科批,历史类,（101）,,414,106615,
3283,徐州幼儿师范高等专科学校,2025,四川,专科批,历史类,（101）,,324,157425,
3342,温州商学院,2025,四川,专科批,历史类,（101）,,327,78223,
3344,台州科技职业学院,2025,四川,专科批,历史类,（101）,,414,80365,
3346,浙江邮电职业技术学院,2025,四川,专科批,历史类,（101）,,460,67861,
3352,浙江交通职业技术学院,2025,四川,专科批,历史类,（101）,,468,65102,
3359,浙江商业职业技术学院,2025,四川,专科批,历史类,（101）,,463,50651,
3368,杭州科技职业技术学院,2025,四川,专科批,历史类,（101）,,456,74131,
3369,浙江机电职业技术大学,2025,四川,专科批,历史类,（101）,,470,65764,
3370,义乌工商职业技术学院,2025,四川,专科批,历史类,（101）,,440,83794,
3372,浙江建设职业技术学院,2025,四川,专科批,历史类,（101）,,459,42766,
3377,杭州职业技术大学,2025,四川,专科批,历史类,,,521,35017,
3425,安徽中医药高等专科学校,2025,四川,专科批,历史类,（101）,,464,47906,
3474,安徽第二医学院,2025,四川,专科批,历史类,（101）,,468,60241,
3499,合肥幼儿师范高等专科学校,2025,四川,专科批,历史类,（101）,,407,85852,
3525,湄洲湾职业技术学院,2025,四川,专科批,历史类,（101）,,406,112147,
3538,福建电力职业技术学院,2025,四川,专科批,历史类,（101）,,472,67122,
3546,闽西职业技术学院,2025,四川,专科批,历史类,（101）,,397,118077,
3547,厦门城市职业学院,2025,四川,专科批,历史类,（101）,,432,80365,
3558,漳州职业技术学院,2025,四川,专科批,历史类,（101）,,449,66430,
3598,黎明职业大学,2025,四川,专科批,历史类,（101）,,389,89913,
3614,南昌健康职业技术学院,2025,四川,专科批,历史类,（101）,,403,99118,
3621,江西医学高等专科学校,2025,四川,专科批,历史类,（101）,,442,87933,
3635,江西机电职业技术学院,2025,四川,专科批,历史类,（101）,,384,110024,
3640,抚州医药学院,2025,四川,专科批,历史类,,,456,60968,
3647,赣南卫生健康职业学院,2025,四川,专科批,历史类,,,443,74131,
3669,江西应用技术职业学院,2025,四川,专科批,历史类,（101）,,452,64383,
3685,宜春职业技术学院,2025,四川,专科批,历史类,（101）,,428,78928,
3734,淄博师范高等专科学校,2025,四川,专科批,历史类,（101）,,335,152981,
3749,齐鲁医药学院,2025,四川,专科批,历史类,,,432,60967,
3762,威海职业学院,2025,四川,专科批,历史类,（101）,,373,116097,
3774,山东商务职业学院,2025,四川,专科批,历史类,（101）,,370,125220,
3855,苏州卫生职业技术学院,2025,四川,专科批,历史类,（101）,,481,57431,
3857,桐城师范高等专科学校,2025,四川,专科批,历史类,（101）,,379,129552,
3912,南京机电职业技术学院,2025,四川,专科批,历史类,（101）,,471,58853,
3914,江苏城市职业学院,2025,四川,专科批,历史类,（101）,,447,81018,
3935,浙江纺织服装职业技术学院,2025,四川,专科批,历史类,（101）,,436,86525,
3953,江西航空职业技术学院,2025,四川,专科批,历史类,（101）,,389,109382,
3974,潍坊工程职业学院,2025,四川,专科批,历史类,（101）,,375,132019,
3976,枣庄职业学院,2025,四川,专科批,历史类,,,309,57431,
3995,苏州健雄职业技术学院,2025,四川,专科批,历史类,（101）,,406,110024,
4135,信阳农林学院,2025,四川,专科批,历史类,（101）,,467,70656,
4154,商丘职业技术学院,2025,四川,专科批,历史类,（101）,,386,118077,
4156,三门峡职业技术学院,2025,四川,专科批,历史类,（101）,,357,123934,
4157,郑州卫生健康职业学院,2025,四川,专科批,历史类,（101）,,404,112825,
4159,鹤壁职业技术学院,2025,四川,专科批,历史类,（101）,,361,126423,
4169,安阳职业技术学院,2025,四川,专科批,历史类,（101）,,380,110024,
4171,信阳职业技术学院,2025,四川,专科批,历史类,（101）,,313,99118,
4179,郑州旅游职业学院,2025,四川,专科批,历史类,（101）,,369,132019,
4180,濮阳职业技术学院,2025,四川,专科批,历史类,（101）,,355,143254,
4194,河南推拿职业学院,2025,四川,专科批,历史类,（101）,,452,81018,
4198,河南医学高等专科学校,2025,四川,专科批,历史类,（101）,,453,80365,
4214,汉江师范学院,2025,四川,专科批,历史类,（101）,,485,45962,
4234,宜昌科技职业学院,2025,四川,专科批,历史类,（101）,,379,97833,
4258,湖北职业技术学院,2025,四川,专科批,历史类,（101）,,441,72052,
4269,襄阳职业技术学院,2025,四川,专科批,历史类,,,430,47906,
4398,湖南汽车工程职业大学,2025,四川,专科批,历史类,（101）,,408,97833,
4529,广西体育高等专科学校,2025,四川,专科批,历史类,（101）,,406,112147,
4561,广西水利电力职业技术学院,2025,四川,专科批,历史类,（101）,,389,123306,
4656,海南经贸职业技术学院,2025,四川,专科批,历史类,（101）,,416,97195,
4659,海南外国语职业学院,2025,四川,专科批,历史类,（101）,,381,51298,
4693,海南卫生健康职业学院,2025,四川,专科批,历史类,（101）,,398,91796,
4694,三亚护理职业学院,2025,四川,专科批,历史类,,,150,177978,
4702,郑州幼儿师范高等专科学校,2025,四川,专科批,历史类,（101）,,332,154216,
4853,武汉民政职业学院,2025,四川,专科批,历史类,（101）,,461,49965,
4878,江汉艺术职业学院,2025,四川,专科批,历史类,（101）,,348,123934,
5008,重庆医科大学,2025,四川,专科批,历史类,（101）,,488,56035,
5052,重庆工业职业技术大学,2025,四川,专科批,历史类,,,377,55309,
5053,重庆工程职业技术学院,2025,四川,专科批,历史类,（101）,,456,58853,
5055,重庆化工职业学院,2025,四川,专科批,历史类,（101）,,412,85852,
5062,重庆工贸职业技术学院,2025,四川,专科批,历史类,（101）,,239,99118,
5072,重庆财经职业学院,2025,四川,专科批,历史类,（101）,,442,76846,
5095,重庆护理职业学院,2025,四川,专科批,历史类,（101）,,390,95878,
5147,四川旅游学院,2025,四川,专科批,历史类,（101）,,505,44094,
5168,乐山职业技术学院,2025,四川,专科批,历史类,,,456,58131,
5168,乐山职业技术学院,2025,四川,专科批,历史类,（103）,,371,134340,
5168,乐山职业技术学院,2025,四川,专科批,历史类,（104）,,271,132019,
5173,四川水利职业技术学院,2025,四川,专科批,历史类,（101）,,450,56697,
5183,四川铁道职业学院,2025,四川,专科批,历史类,（101）,,481,38597,
5267,毕节职业技术学院,2025,四川,专科批,历史类,（101）,,375,122671,
5271,贵阳职业技术学院,2025,四川,专科批,历史类,（101）,,417,78928,
5273,贵州护理职业技术学院,2025,四川,专科批,历史类,（101）,,427,97833,
5332,曲靖健康医学院,2025,四川,专科批,历史类,（101）,,463,73412,
5357,云南林业职业技术学院,2025,四川,专科批,历史类,（101）,,431,93868,
5357,云南林业职业技术学院,2025,四川,专科批,历史类,（102）,,402,84456,
5364,云南能源职业技术学院,2025,四川,专科批,历史类,（101）,,396,111441,
5368,云南旅游职业学院,2025,四川,专科批,历史类,（101）,,392,108706,
5390,红河卫生职业学院,2025,四川,专科批,历史类,（101）,,432,87933,
5395,云南财经职业学院,2025,四川,专科批,历史类,（101）,,416,99118,
5408,西藏职业技术学院,2025,四川,专科批,历史类,（101）,,382,127643,
5408,西藏职业技术学院,2025,四川,专科批,历史类,（102）,,286,168651,
5703,成都锦城学院,2025,四川,专科批,历史类,（101）,,443,78223,
5710,西南财经大学天府学院,2025,四川,专科批,历史类,,,388,111441,
5861,重庆工信职业学院,2025,四川,专科批,历史类,（101）,,422,81710,
5893,重庆五一职业技术学院,2025,四川,专科批,历史类,（101）,,438,90536,
6171,西安城市建设职业学院,2025,四川,专科批,历史类,（101）,,204,141126,
6588,兰州资源环境职业技术大学,2025,四川,专科批,历史类,（101）,,446,74786,
1121,首都经济贸易大学,2025,四川,本科批A段,历史类,（101）,,585,7828,
5116,西南医科大学,2025,四川,本科批A段,历史类,（603）,,581,8874,
27,华东理工大学,2025,四川,本科批A段（国家专项）,历史类,（101）,,601,3628,
29,华东师范大学,2025,四川,本科批A段（国家专项）,历史类,（101）,,626,771,
29,华东师范大学,2025,四川,本科批A段（国家专项）,历史类,（102）,,618,2074,
31,上海财经大学,2025,四川,本科批A段（国家专项）,历史类,（101）,,614,1865,
320,中国民航大学,2025,四川,本科批A段（国家专项）,历史类,（101）,,599,3498,
320,中国民航大学,2025,四川,本科批A段（国家专项）,历史类,（102）,,592,6142,
3225,南京师范大学,2025,四川,本科批A段（国家专项）,历史类,（101）,,598,4956,
357,西南民族大学,2025,四川,本科批A段（国家专项）,历史类,（101）,,565,7098,
48,华中师范大学,2025,四川,本科批A段（国家专项）,历史类,（101）,,602,2301,
48,华中师范大学,2025,四川,本科批A段（国家专项）,历史类,（102）,,601,4408,
5120,四川师范大学,2025,四川,本科批A段（国家专项）,历史类,,,523,10008,
5120,四川师范大学,2025,四川,本科批A段（国家专项）,历史类,（105）,,571,11819,
5120,四川师范大学,2025,四川,本科批A段（国家专项）,历史类,（104）,,575,7828,
5120,四川师范大学,2025,四川,本科批A段（地方专项）,历史类,,,470,7828,
5120,四川师范大学,2025,四川,本科批A段（地方专项）,历史类,（106）,,578,8874,
5120,四川师范大学,2025,四川,本科批A段（地方专项）,历史类,（105）,,577,8073,
10,北京中医药大学,2025,四川,本科批B段,历史类,（101）,,606,2198,
1108,首都体育学院,2025,四川,本科批B段,历史类,（101）,,551,17967,
1111,北京物资学院,2025,四川,本科批B段,历史类,（101）,,578,8073,
1119,北京联合大学,2025,四川,本科批B段,历史类,（101）,,564,13960,
1120,北京工商大学,2025,四川,本科批B段,历史类,,,578,5355,
1121,首都经济贸易大学,2025,四川,本科批B段,历史类,（101）,,598,4956,
1202,天津工业大学,2025,四川,本科批B段,历史类,（101）,,592,5545,
1205,天津农学院,2025,四川,本科批B段,历史类,（101）,,528,25206,
1207,天津师范大学,2025,四川,本科批B段,历史类,（101）,,565,10008,
1207,天津师范大学,2025,四川,本科批B段,历史类,（103）,,567,10880,
1207,天津师范大学,2025,四川,本科批B段,历史类,（102）,,576,9693,
1212,天津体育学院,2025,四川,本科批B段,历史类,（101）,,524,31573,
1214,天津美术学院,2025,四川,本科批B段,历史类,（101）,,560,12900,
1222,天津职业技术师范大学,2025,四川,本科批B段,历史类,,,528,18375,
1292,天津商业大学宝德学院,2025,四川,本科批B段,历史类,,,474,49287,
1295,天津外国语大学滨海外事学院,2025,四川,本科批B段,历史类,,,478,32116,
13,中国传媒大学,2025,四川,本科批B段,历史类,,,599,771,
13,中国传媒大学,2025,四川,本科批B段,历史类,（105）,,613,2658,
1301,河北工程大学,2025,四川,本科批B段,历史类,,,529,15119,
1302,河北大学,2025,四川,本科批B段,历史类,,,571,8603,
1308,河北师范大学,2025,四川,本科批B段,历史类,,,561,8874,
1308,河北师范大学,2025,四川,本科批B段,历史类,（104）,,573,11180,
1309,石家庄铁道大学,2025,四川,本科批B段,历史类,,,555,10296,
1310,燕山大学,2025,四川,本科批B段,历史类,,,559,9420,
1314,河北金融学院,2025,四川,本科批B段,历史类,,,522,17967,
1315,北华航天工业学院,2025,四川,本科批B段,历史类,（101）,,531,26218,
1317,廊坊师范学院,2025,四川,本科批B段,历史类,,,499,31573,
1317,廊坊师范学院,2025,四川,本科批B段,历史类,（102）,,535,27268,
1319,河北医科大学,2025,四川,本科批B段,历史类,（101）,,547,21412,
1322,河北建筑工程学院,2025,四川,本科批B段,历史类,,,519,33264,
1341,河北中医药大学,2025,四川,本科批B段,历史类,,,557,8332,
1349,张家口学院,2025,四川,本科批B段,历史类,（101）,,523,33265,
1368,河北传媒学院,2025,四川,本科批B段,历史类,（101）,,473,58131,
1390,河北环境工程学院,2025,四川,本科批B段,历史类,（101）,,522,33891,
1394,石家庄铁道大学四方学院,2025,四川,本科批B段,历史类,（101）,,536,26727,
14,中央财经大学,2025,四川,本科批B段,历史类,,,616,538,
1403,中北大学,2025,四川,本科批B段,历史类,（101）,,551,18797,
1406,山西农业大学,2025,四川,本科批B段,历史类,,,535,21412,
1406,山西农业大学,2025,四川,本科批B段,历史类,（103）,,546,16718,
1407,山西医科大学,2025,四川,本科批B段,历史类,（101）,,535,23302,
1407,山西医科大学,2025,四川,本科批B段,历史类,（102）,,555,17967,
1409,长治医学院,2025,四川,本科批B段,历史类,,,534,10296,
1411,山西师范大学,2025,四川,本科批B段,历史类,,,530,17556,
1412,太原师范学院,2025,四川,本科批B段,历史类,（101）,,528,27829,
1412,太原师范学院,2025,四川,本科批B段,历史类,（102）,,531,27829,
1416,忻州师范学院,2025,四川,本科批B段,历史类,,,526,24236,
1416,忻州师范学院,2025,四川,本科批B段,历史类,（103）,,540,24731,
1418,吕梁学院,2025,四川,本科批B段,历史类,,,524,28838,
1418,吕梁学院,2025,四川,本科批B段,历史类,（103）,,521,33891,
1420,长治学院,2025,四川,本科批B段,历史类,,,523,27829,
1420,长治学院,2025,四川,本科批B段,历史类,（103）,,536,26727,
1427,太原学院,2025,四川,本科批B段,历史类,,,449,32698,
1476,运城职业技术大学,2025,四川,本科批B段,历史类,（101）,,509,37405,
15,对外经济贸易大学,2025,四川,本科批B段,历史类,（101）,,630,452,
1501,内蒙古大学,2025,四川,本科批B段,历史类,,,586,4250,
1501,内蒙古大学,2025,四川,本科批B段,历史类,（105）,,592,6142,
1518,内蒙古财经大学,2025,四川,本科批B段,历史类,（101）,,544,20096,
1556,集宁师范学院,2025,四川,本科批B段,历史类,（101）,,522,34457,
1556,集宁师范学院,2025,四川,本科批B段,历史类,（102）,,526,32116,
1913,山西工程科技职业大学,2025,四川,本科批B段,历史类,（101）,,521,33891,
21,吉林大学,2025,四川,本科批B段,历史类,,,610,580,
21,吉林大学,2025,四川,本科批B段,历史类,（103）,,617,2198,
2103,沈阳理工大学,2025,四川,本科批B段,历史类,,,543,20096,
2110,沈阳大学,2025,四川,本科批B段,历史类,（102）,,543,20967,
2120,大连外国语大学,2025,四川,本科批B段,历史类,,,557,9150,
2122,辽宁中医药大学,2025,四川,本科批B段,历史类,（101）,,585,7828,
2123,辽宁师范大学,2025,四川,本科批B段,历史类,,,543,17967,
2123,辽宁师范大学,2025,四川,本科批B段,历史类,（105）,,543,23302,
2123,辽宁师范大学,2025,四川,本科批B段,历史类,（104）,,555,17967,
2124,沈阳师范大学,2025,四川,本科批B段,历史类,,,495,20526,
2127,鞍山师范学院,2025,四川,本科批B段,历史类,,,521,29871,
2127,鞍山师范学院,2025,四川,本科批B段,历史类,（105）,,535,27268,
2136,辽宁科技学院,2025,四川,本科批B段,历史类,（101）,,523,32698,
2143,营口理工学院,2025,四川,本科批B段,历史类,（101）,,522,33891,
2159,辽东学院,2025,四川,本科批B段,历史类,（101）,,521,33264,
2188,大连东软信息学院,2025,四川,本科批B段,历史类,,,440,70005,
2190,大连科技学院,2025,四川,本科批B段,历史类,（101）,,467,69262,
22,东北师范大学,2025,四川,本科批B段,历史类,,,579,4075,
2201,长春理工大学,2025,四川,本科批B段,历史类,,,531,12147,
2202,延边大学,2025,四川,本科批B段,历史类,（101）,,587,6591,
2202,延边大学,2025,四川,本科批B段,历史类,（102）,,592,6142,
2205,长春工业大学,2025,四川,本科批B段,历史类,,,523,19276,
2211,长春中医药大学,2025,四川,本科批B段,历史类,（101）,,585,7312,
2215,吉林工程技术师范学院,2025,四川,本科批B段,历史类,,,521,34457,
2216,长春师范大学,2025,四川,本科批B段,历史类,,,511,22376,
2216,长春师范大学,2025,四川,本科批B段,历史类,（107）,,542,23750,
2216,长春师范大学,2025,四川,本科批B段,历史类,（106）,,547,21412,
2230,长春大学,2025,四川,本科批B段,历史类,,,537,25206,
2235,北华大学,2025,四川,本科批B段,历史类,,,539,21880,
2241,吉林医药学院,2025,四川,本科批B段,历史类,（101）,,528,31015,
2279,吉林外国语大学,2025,四川,本科批B段,历史类,（101）,,489,42155,
2284,长春科技学院,2025,四川,本科批B段,历史类,（101）,,515,38597,
2285,长春建筑学院,2025,四川,本科批B段,历史类,（101）,,444,60241,
2290,长春光华学院,2025,四川,本科批B段,历史类,（101）,,462,70656,
2291,长春人文学院,2025,四川,本科批B段,历史类,（101）,,467,59527,
2293,长春大学旅游学院,2025,四川,本科批B段,历史类,,,441,66430,
2295,吉林警察学院,2025,四川,本科批B段,历史类,（101）,,544,20096,
23,东北林业大学,2025,四川,本科批B段,历史类,（101）,,590,5925,
23,东北林业大学,2025,四川,本科批B段,历史类,（102）,,595,5355,
2301,黑龙江大学,2025,四川,本科批B段,历史类,,,538,10880,
2305,黑龙江科技大学,2025,四川,本科批B段,历史类,,,532,24731,
2305,黑龙江科技大学,2025,四川,本科批B段,历史类,（103）,,538,25709,
2306,东北石油大学,2025,四川,本科批B段,历史类,,,547,16718,
2307,齐齐哈尔大学,2025,四川,本科批B段,历史类,,,528,25206,
2307,齐齐哈尔大学,2025,四川,本科批B段,历史类,（103）,,542,23750,
2308,哈尔滨医科大学,2025,四川,本科批B段,历史类,（101）,,565,11496,
2311,哈尔滨师范大学,2025,四川,本科批B段,历史类,,,535,15499,
2311,哈尔滨师范大学,2025,四川,本科批B段,历史类,（103）,,565,13960,
2313,绥化学院,2025,四川,本科批B段,历史类,,,520,32698,
2317,哈尔滨商业大学,2025,四川,本科批B段,历史类,（101）,,540,12520,
2318,牡丹江师范学院,2025,四川,本科批B段,历史类,,,522,32116,
2321,佳木斯大学,2025,四川,本科批B段,历史类,,,520,33264,
2322,黑龙江工业学院,2025,四川,本科批B段,历史类,,,519,35017,
2322,黑龙江工业学院,2025,四川,本科批B段,历史类,（103）,,521,35017,
2327,哈尔滨理工大学,2025,四川,本科批B段,历史类,（101）,,499,24731,
2330,哈尔滨学院,2025,四川,本科批B段,历史类,,,525,29369,
2330,哈尔滨学院,2025,四川,本科批B段,历史类,（105）,,542,23750,
2330,哈尔滨学院,2025,四川,本科批B段,历史类,（104）,,528,31015,
2336,齐齐哈尔工程学院,2025,四川,本科批B段,历史类,（101）,,433,92482,
2339,黑河学院,2025,四川,本科批B段,历史类,（101）,,521,33264,
2444,黑龙江中医药大学,2025,四川,本科批B段,历史类,（101）,,589,6591,
2444,黑龙江中医药大学,2025,四川,本科批B段,历史类,（102）,,536,26727,
27,华东理工大学,2025,四川,本科批B段,历史类,（101）,,604,3628,
29,华东师范大学,2025,四川,本科批B段,历史类,,,621,498,
29,华东师范大学,2025,四川,本科批B段,历史类,（103）,,631,873,
308,中国人民公安大学,2025,四川,本科批B段,历史类,（101）,,615,2301,
31,上海财经大学,2025,四川,本科批B段,历史类,（101）,,634,262,
31,上海财经大学,2025,四川,本科批B段,历史类,（102）,,620,1865,
310,北京体育大学,2025,四川,本科批B段,历史类,,,543,4075,
310,北京体育大学,2025,四川,本科批B段,历史类,（104）,,599,4765,
3101,上海理工大学,2025,四川,本科批B段,历史类,,,578,8603,
3103,上海海事大学,2025,四川,本科批B段,历史类,,,575,4584,
3111,上海海洋大学,2025,四川,本科批B段,历史类,,,561,6830,
3112,上海中医药大学,2025,四川,本科批B段,历史类,（101）,,532,28838,
3113,上海师范大学,2025,四川,本科批B段,历史类,,,580,5735,
3115,上海体育大学,2025,四川,本科批B段,历史类,,,569,10880,
3117,上海对外经贸大学,2025,四川,本科批B段,历史类,,,580,4075,
3122,上海戏剧学院,2025,四川,本科批B段,历史类,（101）,,584,3048,
3123,上海政法学院,2025,四川,本科批B段,历史类,,,584,2521,
3123,上海政法学院,2025,四川,本科批B段,历史类,（102）,,592,5355,
3126,上海立信会计金融学院,2025,四川,本科批B段,历史类,（101）,,573,4956,
3140,上海杉达学院,2025,四川,本科批B段,历史类,,,432,39198,
315,中央民族大学,2025,四川,本科批B段,历史类,,,604,1865,
3154,上海商学院,2025,四川,本科批B段,历史类,,,542,15902,
3155,上海第二工业大学,2025,四川,本科批B段,历史类,,,551,16279,
320,中国民航大学,2025,四川,本科批B段,历史类,（101）,,583,4584,
320,中国民航大学,2025,四川,本科批B段,历史类,（102）,,584,8073,
3204,江苏师范大学,2025,四川,本科批B段,历史类,（101）,,564,8603,
3204,江苏师范大学,2025,四川,本科批B段,历史类,（102）,,578,9693,
3205,江苏科技大学,2025,四川,本科批B段,历史类,,,556,10880,
3207,南京工业大学,2025,四川,本科批B段,历史类,（101）,,581,6830,
3208,常州大学,2025,四川,本科批B段,历史类,（101）,,562,12520,
3208,常州大学,2025,四川,本科批B段,历史类,（102）,,572,11496,
3209,南京邮电大学,2025,四川,本科批B段,历史类,（101）,,588,5356,
3212,江苏大学,2025,四川,本科批B段,历史类,,,591,4956,
3213,南京信息工程大学,2025,四川,本科批B段,历史类,,,566,4956,
3213,南京信息工程大学,2025,四川,本科批B段,历史类,（103）,,597,5148,
3219,南京体育学院,2025,四川,本科批B段,历史类,（101）,,547,21412,
3220,苏州工学院,2025,四川,本科批B段,历史类,,,534,20096,
3225,南京师范大学,2025,四川,本科批B段,历史类,（101）,,609,3048,
3227,淮阴师范学院,2025,四川,本科批B段,历史类,（101）,,520,17556,
3234,金陵科技学院,2025,四川,本科批B段,历史类,（101）,,540,15499,
3235,徐州工程学院,2025,四川,本科批B段,历史类,,,539,20526,
3240,江苏第二师范学院,2025,四川,本科批B段,历史类,（101）,,545,20526,
3242,连云港师范学院,2025,四川,本科批B段,历史类,（101）,,525,31015,
3243,南京工程学院,2025,四川,本科批B段,历史类,（101）,,550,18797,
3244,苏州科技大学,2025,四川,本科批B段,历史类,（101）,,567,10880,
3244,苏州科技大学,2025,四川,本科批B段,历史类,（102）,,576,10296,
3245,中国矿业大学徐海学院,2025,四川,本科批B段,历史类,,,497,37405,
3247,西交利物浦大学,2025,四川,本科批B段,历史类,（101）,,574,10880,
325,大连海事大学,2025,四川,本科批B段,历史类,,,604,3335,
3288,南京特殊教育师范学院,2025,四川,本科批B段,历史类,,,533,17142,
3288,南京特殊教育师范学院,2025,四川,本科批B段,历史类,（103）,,538,25709,
3292,南京传媒学院,2025,四川,本科批B段,历史类,（101）,,509,23302,
3298,东南大学成贤学院,2025,四川,本科批B段,历史类,（101）,,506,32116,
3303,浙江理工大学,2025,四川,本科批B段,历史类,（101）,,576,10296,
3305,浙江海洋大学,2025,四川,本科批B段,历史类,,,547,17142,
3306,浙江农林大学,2025,四川,本科批B段,历史类,,,573,7312,
3309,浙江师范大学,2025,四川,本科批B段,历史类,,,545,4408,
3310,杭州师范大学,2025,四川,本科批B段,历史类,（101）,,563,12520,
3313,绍兴文理学院,2025,四川,本科批B段,历史类,,,543,20967,
3314,台州学院,2025,四川,本科批B段,历史类,（101）,,536,21880,
3315,浙江工商大学,2025,四川,本科批B段,历史类,（101）,,575,8603,
3316,湖州师范学院,2025,四川,本科批B段,历史类,,,539,22376,
3319,浙江万里学院,2025,四川,本科批B段,历史类,（101）,,529,26727,
3321,浙江科技大学,2025,四川,本科批B段,历史类,（101）,,553,18797,
3322,宁波工程学院,2025,四川,本科批B段,历史类,,,509,18375,
3325,宁波大学,2025,四川,本科批B段,历史类,,,564,3498,
3327,浙江传媒学院,2025,四川,本科批B段,历史类,,,555,8874,
3329,温州大学,2025,四川,本科批B段,历史类,（101）,,572,9693,
3341,浙江外国语学院,2025,四川,本科批B段,历史类,,,554,10596,
3342,温州商学院,2025,四川,本科批B段,历史类,（101）,,477,48590,
3364,宁波大学科学技术学院,2025,四川,本科批B段,历史类,,,480,44094,
3379,浙江工商大学杭州商学院,2025,四川,本科批B段,历史类,,,498,37405,
3380,温州医科大学仁济学院,2025,四川,本科批B段,历史类,（101）,,479,53274,
3388,衢州学院,2025,四川,本科批B段,历史类,,,531,28339,
3390,浙江财经大学东方学院,2025,四川,本科批B段,历史类,（101）,,498,31015,
3395,浙江工业大学之江学院,2025,四川,本科批B段,历史类,（101）,,509,37405,
3398,湖州学院,2025,四川,本科批B段,历史类,（101）,,533,23750,
3399,温州理工学院,2025,四川,本科批B段,历史类,（101）,,544,20526,
3405,安徽农业大学,2025,四川,本科批B段,历史类,（101）,,580,9150,
3407,安徽师范大学,2025,四川,本科批B段,历史类,（101）,,556,10296,
3407,安徽师范大学,2025,四川,本科批B段,历史类,（102）,,574,10880,
341,南京理工大学,2025,四川,本科批B段,历史类,（101）,,600,4075,
341,南京理工大学,2025,四川,本科批B段,历史类,（102）,,607,3498,
3415,安徽财经大学,2025,四川,本科批B段,历史类,（101）,,562,10296,
3420,合肥大学,2025,四川,本科批B段,历史类,（101）,,549,17967,
3427,安庆师范大学,2025,四川,本科批B段,历史类,（101）,,556,17556,
3427,安庆师范大学,2025,四川,本科批B段,历史类,（103）,,546,21880,
3427,安庆师范大学,2025,四川,本科批B段,历史类,（102）,,552,19276,
3428,安徽中医药大学,2025,四川,本科批B段,历史类,,,588,6591,
347,华侨大学,2025,四川,本科批B段,历史类,,,569,7828,
347,华侨大学,2025,四川,本科批B段,历史类,（103）,,588,7098,
3473,池州学院,2025,四川,本科批B段,历史类,（101）,,525,31573,
3533,三明学院,2025,四川,本科批B段,历史类,,,525,29369,
3537,龙岩学院,2025,四川,本科批B段,历史类,,,525,31573,
3541,福建江夏学院,2025,四川,本科批B段,历史类,,,536,20096,
355,中国民用航空飞行学院,2025,四川,本科批B段,历史类,（101）,,552,15499,
355,中国民用航空飞行学院,2025,四川,本科批B段,历史类,（102）,,554,18375,
357,西南民族大学,2025,四川,本科批B段,历史类,,,541,7098,
3592,厦门工学院,2025,四川,本科批B段,历史类,（101）,,482,42766,
3595,福州大学至诚学院,2025,四川,本科批B段,历史类,,,489,44731,
36,江南大学,2025,四川,本科批B段,历史类,,,604,3049,
36,江南大学,2025,四川,本科批B段,历史类,（105）,,609,3049,
3602,东华理工大学,2025,四川,本科批B段,历史类,（101）,,560,13960,
3603,南昌航空大学,2025,四川,本科批B段,历史类,,,549,17556,
3604,江西理工大学,2025,四川,本科批B段,历史类,（101）,,553,16279,
3607,江西农业大学,2025,四川,本科批B段,历史类,,,541,13582,
3615,赣南师范大学,2025,四川,本科批B段,历史类,,,539,17142,
3615,赣南师范大学,2025,四川,本科批B段,历史类,（104）,,556,17556,
3619,江西飞行学院,2025,四川,本科批B段,历史类,（101）,,522,34457,
3633,江西水利电力大学,2025,四川,本科批B段,历史类,,,533,20097,
3636,宜春学院,2025,四川,本科批B段,历史类,,,530,19685,
3641,新余学院,2025,四川,本科批B段,历史类,,,528,30453,
3642,九江学院,2025,四川,本科批B段,历史类,,,527,27268,
3642,九江学院,2025,四川,本科批B段,历史类,（103）,,529,30453,
365,石河子大学,2025,四川,本科批B段,历史类,（101）,,582,6591,
3691,赣南科技学院,2025,四川,本科批B段,历史类,（101）,,536,25206,
3692,南昌交通学院,2025,四川,本科批B段,历史类,（101）,,508,36221,
3695,南昌医学院,2025,四川,本科批B段,历史类,（101）,,529,30453,
3695,南昌医学院,2025,四川,本科批B段,历史类,（102）,,526,31573,
3701,济南大学,2025,四川,本科批B段,历史类,（101）,,563,12147,
3701,济南大学,2025,四川,本科批B段,历史类,（102）,,570,12147,
3704,山东政法学院,2025,四川,本科批B段,历史类,,,552,9420,
3705,青岛理工大学,2025,四川,本科批B段,历史类,,,552,10296,
3707,曲阜师范大学,2025,四川,本科批B段,历史类,,,549,15119,
3707,曲阜师范大学,2025,四川,本科批B段,历史类,（103）,,554,16718,
3711,临沂大学,2025,四川,本科批B段,历史类,（101）,,547,19685,
3712,聊城大学,2025,四川,本科批B段,历史类,,,553,15902,
3713,山东师范大学,2025,四川,本科批B段,历史类,,,551,13238,
3713,山东师范大学,2025,四川,本科批B段,历史类,（103）,,568,12900,
3714,泰山学院,2025,四川,本科批B段,历史类,（101）,,522,34457,
3715,鲁东大学,2025,四川,本科批B段,历史类,（101）,,533,19685,
3716,济宁学院,2025,四川,本科批B段,历史类,（101）,,522,34457,
3719,山东工艺美术学院,2025,四川,本科批B段,历史类,（101）,,522,33264,
3720,山东财经大学,2025,四川,本科批B段,历史类,（101）,,573,5735,
3723,山东交通学院,2025,四川,本科批B段,历史类,（101）,,528,27268,
3725,山东工商学院,2025,四川,本科批B段,历史类,,,526,20967,
373,北方民族大学,2025,四川,本科批B段,历史类,,,534,19685,
373,北方民族大学,2025,四川,本科批B段,历史类,（104）,,551,19685,
3730,青岛大学,2025,四川,本科批B段,历史类,,,576,6830,
3730,青岛大学,2025,四川,本科批B段,历史类,（103）,,584,8073,
3739,山东理工大学,2025,四川,本科批B段,历史类,,,546,15902,
3740,山东农业大学,2025,四川,本科批B段,历史类,（101）,,545,19685,
3744,山东农业工程学院,2025,四川,本科批B段,历史类,（101）,,532,26218,
3749,齐鲁医药学院,2025,四川,本科批B段,历史类,,,506,33264,
3750,山东女子学院,2025,四川,本科批B段,历史类,,,524,30453,
3798,山东石油化工学院,2025,四川,本科批B段,历史类,,,545,17142,
381,防灾科技学院,2025,四川,本科批B段,历史类,,,528,22376,
3810,皖西学院,2025,四川,本科批B段,历史类,（101）,,537,26218,
3810,皖西学院,2025,四川,本科批B段,历史类,（102）,,533,28339,
3812,山东第一医科大学,2025,四川,本科批B段,历史类,,,528,22838,
3851,浙江中医药大学,2025,四川,本科批B段,历史类,（101）,,567,12147,
3871,宿迁学院,2025,四川,本科批B段,历史类,（101）,,535,24236,
3894,苏州城市学院,2025,四川,本科批B段,历史类,（101）,,542,19276,
3895,苏州大学应用技术学院,2025,四川,本科批B段,历史类,（101）,,475,49965,
3908,安徽艺术学院,2025,四川,本科批B段,历史类,（101）,,526,32116,
391,中华女子学院,2025,四川,本科批B段,历史类,（101）,,558,10880,
3915,南京师范大学泰州学院,2025,四川,本科批B段,历史类,（101）,,500,37405,
3916,南京财经大学红山学院,2025,四川,本科批B段,历史类,（101）,,503,35652,
3922,扬州大学,2025,四川,本科批B段,历史类,（101）,,582,7098,
397,中国劳动关系学院,2025,四川,本科批B段,历史类,（101）,,560,12147,
397,中国劳动关系学院,2025,四川,本科批B段,历史类,（102）,,561,14328,
3987,铜陵学院,2025,四川,本科批B段,历史类,（101）,,548,20967,
4102,河南理工大学,2025,四川,本科批B段,历史类,,,544,17556,
4107,中原工学院,2025,四川,本科批B段,历史类,（101）,,546,20096,
4110,河南工程学院,2025,四川,本科批B段,历史类,,,529,22376,
4110,河南工程学院,2025,四川,本科批B段,历史类,（103）,,532,28838,
4113,河南大学,2025,四川,本科批B段,历史类,,,550,7098,
4113,河南大学,2025,四川,本科批B段,历史类,（104）,,596,5355,
4113,河南大学,2025,四川,本科批B段,历史类,（103）,,588,7098,
4115,河南师范大学,2025,四川,本科批B段,历史类,,,543,15902,
4121,河南财经政法大学,2025,四川,本科批B段,历史类,（101）,,575,7556,
4129,郑州工程技术学院,2025,四川,本科批B段,历史类,（101）,,522,33891,
4135,信阳农林学院,2025,四川,本科批B段,历史类,（101）,,522,33264,
4151,平顶山学院,2025,四川,本科批B段,历史类,（101）,,526,32116,
4183,郑州经贸学院,2025,四川,本科批B段,历史类,（101）,,490,49965,
4192,河南科技学院,2025,四川,本科批B段,历史类,,,525,30453,
42,山东大学,2025,四川,本科批B段,历史类,,,604,1017,
4203,湖北大学,2025,四川,本科批B段,历史类,,,583,6830,
4203,湖北大学,2025,四川,本科批B段,历史类,（103）,,593,5925,
4205,武汉轻工大学,2025,四川,本科批B段,历史类,,,522,14328,
4209,湖北师范大学,2025,四川,本科批B段,历史类,,,555,15902,
4209,湖北师范大学,2025,四川,本科批B段,历史类,（103）,,562,15119,
4213,湖北民族大学,2025,四川,本科批B段,历史类,,,507,20096,
4214,汉江师范学院,2025,四川,本科批B段,历史类,（101）,,528,28838,
4215,湖北文理学院,2025,四川,本科批B段,历史类,,,530,17142,
4220,湖北第二师范学院,2025,四川,本科批B段,历史类,,,540,20096,
4220,湖北第二师范学院,2025,四川,本科批B段,历史类,（103）,,548,19276,
4223,湖北理工学院,2025,四川,本科批B段,历史类,（101）,,530,29369,
4225,湖北医药学院,2025,四川,本科批B段,历史类,（101）,,530,28339,
4237,武汉商学院,2025,四川,本科批B段,历史类,,,527,22838,
4239,武汉科技大学,2025,四川,本科批B段,历史类,（101）,,573,7828,
4239,武汉科技大学,2025,四川,本科批B段,历史类,（102）,,576,10296,
4289,武汉工程大学邮电与信息工程学院,2025,四川,本科批B段,历史类,（101）,,492,49965,
4299,武汉工商学院,2025,四川,本科批B段,历史类,,,503,43439,
43,中国海洋大学,2025,四川,本科批B段,历史类,,,597,2198,
43,中国海洋大学,2025,四川,本科批B段,历史类,（103）,,614,2521,
4301,湘潭大学,2025,四川,本科批B段,历史类,（101）,,591,3628,
4301,湘潭大学,2025,四川,本科批B段,历史类,（102）,,596,4408,
4306,长沙理工大学,2025,四川,本科批B段,历史类,（101）,,580,7828,
4308,中南林业科技大学,2025,四川,本科批B段,历史类,,,552,9420,
4314,湘南学院,2025,四川,本科批B段,历史类,（101）,,531,24731,
4317,怀化学院,2025,四川,本科批B段,历史类,（101）,,536,26218,
4317,怀化学院,2025,四川,本科批B段,历史类,（102）,,542,23750,
4319,湖南科技学院,2025,四川,本科批B段,历史类,,,530,28838,
4332,长沙学院,2025,四川,本科批B段,历史类,,,534,15119,
4335,湖南工业大学,2025,四川,本科批B段,历史类,,,525,16718,
44,中国石油大学（华东）,2025,四川,本科批B段,历史类,（101）,,602,3628,
4424,深圳大学,2025,四川,本科批B段,历史类,（101）,,607,2398,
4434,韩山师范学院,2025,四川,本科批B段,历史类,,,530,29871,
4438,广东工业大学,2025,四川,本科批B段,历史类,（101）,,576,8073,
4439,南方医科大学,2025,四川,本科批B段,历史类,（101）,,592,4250,
4444,五邑大学,2025,四川,本科批B段,历史类,（101）,,563,14706,
4489,广州软件学院,2025,四川,本科批B段,历史类,（101）,,468,65102,
4501,广西大学,2025,四川,本科批B段,历史类,,,595,4956,
4502,广西科技大学,2025,四川,本科批B段,历史类,,,531,26727,
4504,桂林理工大学,2025,四川,本科批B段,历史类,（101）,,534,25709,
4506,广西医科大学,2025,四川,本科批B段,历史类,（101）,,537,26218,
4506,广西医科大学,2025,四川,本科批B段,历史类,（102）,,547,21412,
4507,右江民族医学院,2025,四川,本科批B段,历史类,（101）,,529,30453,
4510,广西师范大学,2025,四川,本科批B段,历史类,,,536,12520,
4514,玉林师范学院,2025,四川,本科批B段,历史类,（101）,,530,29871,
4520,桂林航天工业学院,2025,四川,本科批B段,历史类,（101）,,525,31573,
4523,百色学院,2025,四川,本科批B段,历史类,,,525,28339,
4523,百色学院,2025,四川,本科批B段,历史类,（105）,,527,31573,
4523,百色学院,2025,四川,本科批B段,历史类,（104）,,529,30453,
4528,北部湾大学,2025,四川,本科批B段,历史类,,,527,26727,
4546,贺州学院,2025,四川,本科批B段,历史类,,,520,31573,
4546,贺州学院,2025,四川,本科批B段,历史类,（103）,,529,30453,
4590,广西中医药大学赛恩斯新医药学院,2025,四川,本科批B段,历史类,（101）,,547,20967,
46,中国地质大学（武汉）,2025,四川,本科批B段,历史类,（101）,,604,3924,
4605,海南大学,2025,四川,本科批B段,历史类,,,574,2912,
4605,海南大学,2025,四川,本科批B段,历史类,（107）,,586,7556,
4611,海南热带海洋学院,2025,四川,本科批B段,历史类,,,505,30453,
4611,海南热带海洋学院,2025,四川,本科批B段,历史类,（103）,,531,27268,
4615,海南师范大学,2025,四川,本科批B段,历史类,,,547,15119,
4615,海南师范大学,2025,四川,本科批B段,历史类,（105）,,561,14328,
4617,海南医科大学,2025,四川,本科批B段,历史类,（101）,,552,19276,
4618,琼台师范学院,2025,四川,本科批B段,历史类,,,513,31015,
4618,琼台师范学院,2025,四川,本科批B段,历史类,（105）,,530,29871,
4790,深圳技术大学,2025,四川,本科批B段,历史类,,,547,7098,
48,华中师范大学,2025,四川,本科批B段,历史类,（101）,,609,1865,
48,华中师范大学,2025,四川,本科批B段,历史类,（103）,,615,2397,
48,华中师范大学,2025,四川,本科批B段,历史类,（102）,,610,2912,
4877,武汉华夏理工学院,2025,四川,本科批B段,历史类,（101）,,478,60241,
4906,肇庆学院,2025,四川,本科批B段,历史类,,,525,27829,
5,北京科技大学,2025,四川,本科批B段,历史类,（101）,,608,3335,
5008,重庆医科大学,2025,四川,本科批B段,历史类,,,553,18797,
5010,重庆师范大学,2025,四川,本科批B段,历史类,,,562,8874,
5010,重庆师范大学,2025,四川,本科批B段,历史类,（104）,,578,9693,
5010,重庆师范大学,2025,四川,本科批B段,历史类,（103）,,584,8073,
5015,四川外国语大学,2025,四川,本科批B段,历史类,,,534,7313,
5015,四川外国语大学,2025,四川,本科批B段,历史类,（106）,,567,12901,
5022,重庆科技大学,2025,四川,本科批B段,历史类,,,557,13582,
5025,重庆理工大学,2025,四川,本科批B段,历史类,,,553,9150,
5026,重庆工商大学,2025,四川,本科批B段,历史类,,,520,5356,
5026,重庆工商大学,2025,四川,本科批B段,历史类,（103）,,544,22377,
5027,重庆第二师范学院,2025,四川,本科批B段,历史类,,,545,18797,
5027,重庆第二师范学院,2025,四川,本科批B段,历史类,（103）,,556,17556,
5064,重庆工程学院,2025,四川,本科批B段,历史类,（101）,,495,48590,
5085,重庆人文科技学院,2025,四川,本科批B段,历史类,（105）,,489,55309,
5092,重庆移通学院,2025,四川,本科批B段,历史类,（101）,,499,43439,
5093,重庆财经学院,2025,四川,本科批B段,历史类,（101）,,516,32698,
5101,西南石油大学,2025,四川,本科批B段,历史类,,,566,6830,
5101,西南石油大学,2025,四川,本科批B段,历史类,（107）,,588,7098,
5116,西南医科大学,2025,四川,本科批B段,历史类,,,539,6830,
5117,成都中医药大学,2025,四川,本科批B段,历史类,,,530,723,
5117,成都中医药大学,2025,四川,本科批B段,历史类,（105）,,517,37405,
5118,川北医学院,2025,四川,本科批B段,历史类,（101）,,532,27268,
5118,川北医学院,2025,四川,本科批B段,历史类,（102）,,529,29871,
5120,四川师范大学,2025,四川,本科批B段,历史类,,,523,5355,
5120,四川师范大学,2025,四川,本科批B段,历史类,（110）,,566,12520,
5120,四川师范大学,2025,四川,本科批B段,历史类,（109）,,571,8332,
5123,绵阳师范学院,2025,四川,本科批B段,历史类,,,538,22838,
5123,绵阳师范学院,2025,四川,本科批B段,历史类,（106）,,545,22376,
5123,绵阳师范学院,2025,四川,本科批B段,历史类,（105）,,549,20526,
5123,绵阳师范学院,2025,四川,本科批B段,历史类,（104）,,519,36221,
5124,内江师范学院,2025,四川,本科批B段,历史类,,,544,18375,
5124,内江师范学院,2025,四川,本科批B段,历史类,（103）,,543,22838,
5124,内江师范学院,2025,四川,本科批B段,历史类,（104）,,553,18797,
5125,宜宾学院,2025,四川,本科批B段,历史类,,,522,21880,
5125,宜宾学院,2025,四川,本科批B段,历史类,（107）,,540,24731,
5126,成都师范学院,2025,四川,本科批B段,历史类,,,546,15119,
5126,成都师范学院,2025,四川,本科批B段,历史类,（104）,,564,14328,
5128,四川文理学院,2025,四川,本科批B段,历史类,,,522,26218,
5128,四川文理学院,2025,四川,本科批B段,历史类,（105）,,534,26727,
5128,四川文理学院,2025,四川,本科批B段,历史类,（106）,,536,26727,
5136,四川音乐学院,2025,四川,本科批B段,历史类,,,513,33891,
5139,攀枝花学院,2025,四川,本科批B段,历史类,（101）,,529,24731,
5143,四川民族学院,2025,四川,本科批B段,历史类,,,526,29871,
5143,四川民族学院,2025,四川,本科批B段,历史类,（103）,,527,31573,
5147,四川旅游学院,2025,四川,本科批B段,历史类,（101）,,528,24236,
5147,四川旅游学院,2025,四川,本科批B段,历史类,,,521,30453,
5147,四川旅游学院,2025,四川,本科批B段,历史类,（102）,,528,31015,
5149,四川警察学院,2025,四川,本科批B段,历史类,（101）,,575,10596,
5177,成都东软学院,2025,四川,本科批B段,历史类,（101）,,475,58131,
5201,贵州大学,2025,四川,本科批B段,历史类,,,564,3924,
5201,贵州大学,2025,四川,本科批B段,历史类,（104）,,600,4584,
5205,遵义医科大学,2025,四川,本科批B段,历史类,（101）,,542,23750,
5205,遵义医科大学,2025,四川,本科批B段,历史类,（102）,,549,20526,
5209,安顺学院,2025,四川,本科批B段,历史类,（101）,,527,31573,
5209,安顺学院,2025,四川,本科批B段,历史类,（102）,,528,31015,
5211,贵州财经大学,2025,四川,本科批B段,历史类,（101）,,552,19276,
5286,贵州黔南科技学院,2025,四川,本科批B段,历史类,（101）,,500,47906,
5302,昆明理工大学,2025,四川,本科批B段,历史类,（101）,,570,9150,
5302,昆明理工大学,2025,四川,本科批B段,历史类,（102）,,558,15499,
5304,云南农业大学,2025,四川,本科批B段,历史类,（101）,,548,19276,
5305,西南林业大学,2025,四川,本科批B段,历史类,,,554,14328,
5307,大理大学,2025,四川,本科批B段,历史类,,,541,18798,
5307,大理大学,2025,四川,本科批B段,历史类,（104）,,554,17968,
5308,云南中医药大学,2025,四川,本科批B段,历史类,,,556,5545,
5313,保山学院,2025,四川,本科批B段,历史类,（101）,,535,27268,
5320,云南民族大学,2025,四川,本科批B段,历史类,（101）,,535,21412,
5320,云南民族大学,2025,四川,本科批B段,历史类,（103）,,559,16279,
5321,玉溪师范学院,2025,四川,本科批B段,历史类,,,531,26218,
5324,昆明学院,2025,四川,本科批B段,历史类,,,531,23750,
5324,昆明学院,2025,四川,本科批B段,历史类,（103）,,537,25206,
5326,文山学院,2025,四川,本科批B段,历史类,（101）,,523,33891,
5381,滇池学院,2025,四川,本科批B段,历史类,（101）,,495,37999,
5574,重庆中医药学院,2025,四川,本科批B段,历史类,,,552,7098,
5703,成都锦城学院,2025,四川,本科批B段,历史类,,,505,27829,
5710,西南财经大学天府学院,2025,四川,本科批B段,历史类,,,492,49965,
58,西安交通大学,2025,四川,本科批B段,历史类,（101）,,633,538,
6,北京化工大学,2025,四川,本科批B段,历史类,（101）,,606,2912,
61,兰州大学,2025,四川,本科批B段,历史类,（101）,,609,1966,
61,兰州大学,2025,四川,本科批B段,历史类,（102）,,614,2198,
6116,延安大学,2025,四川,本科批B段,历史类,（101）,,547,20967,
6117,咸阳师范学院,2025,四川,本科批B段,历史类,,,519,23302,
6118,渭南师范学院,2025,四川,本科批B段,历史类,,,508,29871,
6121,西北政法大学,2025,四川,本科批B段,历史类,,,563,3335,
6125,榆林学院,2025,四川,本科批B段,历史类,（101）,,536,25709,
6127,安康学院,2025,四川,本科批B段,历史类,（101）,,527,31015,
6134,陕西学前师范学院,2025,四川,本科批B段,历史类,,,527,28838,
6134,陕西学前师范学院,2025,四川,本科批B段,历史类,（103）,,537,26218,
6137,宝鸡文理学院,2025,四川,本科批B段,历史类,（101）,,529,27829,
6139,陕西理工大学,2025,四川,本科批B段,历史类,（101）,,549,17967,
6156,西京学院,2025,四川,本科批B段,历史类,（101）,,489,53934,
6182,西安建筑科技大学华清学院,2025,四川,本科批B段,历史类,（101）,,472,56035,
6186,西安文理学院,2025,四川,本科批B段,历史类,,,537,23302,
6186,西安文理学院,2025,四川,本科批B段,历史类,（103）,,548,20967,
6188,西安明德理工学院,2025,四川,本科批B段,历史类,（101）,,470,63722,
6206,西北师范大学,2025,四川,本科批B段,历史类,,,522,11496,
6206,西北师范大学,2025,四川,本科批B段,历史类,（104）,,575,10596,
6209,天水师范大学,2025,四川,本科批B段,历史类,（101）,,530,27829,
6211,兰州财经大学,2025,四川,本科批B段,历史类,,,531,14706,
6211,兰州财经大学,2025,四川,本科批B段,历史类,（104）,,541,24236,
6215,甘肃政法大学,2025,四川,本科批B段,历史类,（101）,,555,6591,
6215,甘肃政法大学,2025,四川,本科批B段,历史类,（102）,,557,17142,
63,中国石油大学（北京）,2025,四川,本科批B段,历史类,（101）,,611,2912,
63,中国石油大学（北京）,2025,四川,本科批B段,历史类,（102）,,610,3048,
6301,青海大学,2025,四川,本科批B段,历史类,（101）,,586,6591,
64,中国地质大学（北京）,2025,四川,本科批B段,历史类,（101）,,604,2912,
6401,宁夏大学,2025,四川,本科批B段,历史类,,,590,5735,
6405,宁夏师范大学,2025,四川,本科批B段,历史类,,,535,23302,
6405,宁夏师范大学,2025,四川,本科批B段,历史类,（103）,,541,24236,
6451,宁夏理工学院,2025,四川,本科批B段,历史类,（101）,,468,63029,
6451,宁夏理工学院,2025,四川,本科批B段,历史类,（102）,,489,55309,
6501,新疆大学,2025,四川,本科批B段,历史类,（101）,,589,4765,
6509,喀什大学,2025,四川,本科批B段,历史类,,,513,31573,
6509,喀什大学,2025,四川,本科批B段,历史类,（104）,,519,36221,
6509,喀什大学,2025,四川,本科批B段,历史类,（103）,,527,31573,
6514,新疆艺术学院,2025,四川,本科批B段,历史类,（101）,,517,37405,
67,中南大学,2025,四川,本科批B段,历史类,（101）,,617,1865,
6752,西安交通工程学院,2025,四川,本科批B段,历史类,（101）,,418,65764,
7,北京邮电大学,2025,四川,本科批B段,历史类,（101）,,615,1629,
70,武汉理工大学,2025,四川,本科批B段,历史类,,,597,3628,
70,武汉理工大学,2025,四川,本科批B段,历史类,（103）,,605,3772,
73,中央美术学院,2025,四川,本科批B段,历史类,,,563,5925,
74,中央戏剧学院,2025,四川,本科批B段,历史类,（101）,,584,6142,
75,北京外国语大学,2025,四川,本科批B段,历史类,（101）,,624,664,
75,北京外国语大学,2025,四川,本科批B段,历史类,,,610,1301,
78,山东大学（威海）,2025,四川,本科批B段,历史类,（101）,,612,1547,
9,北京林业大学,2025,四川,本科批B段,历史类,（101）,,605,3190,
9,北京林业大学,2025,四川,本科批B段,历史类,（102）,,606,3628,
94,中国石油大学（北京）克拉玛依校区,2025,四川,本科批B段,历史类,,,584,7556,
94,中国石油大学（北京）克拉玛依校区,2025,四川,本科批B段,历史类,（103）,,586,7556,
5116,西南医科大学,2025,四川,本科批（区域教育均衡发展专项）,历史类,（205）,,511,40955,
5123,绵阳师范学院,2025,四川,本科批（区域教育均衡发展专项）,历史类,,,502,31573,
5123,绵阳师范学院,2025,四川,本科批（区域教育均衡发展专项）,历史类,（108）,,521,34457,
5123,绵阳师范学院,2025,四川,本科批（预科）,历史类,,,440,67122,
5123,绵阳师范学院,2025,四川,本科批（预科）,历史类,（112）,,461,74786,
2301,黑龙江大学,2025,四川,本科批（高校专项）,历史类,（101）,,534,27829,
29,华东师范大学,2025,四川,本科批（高校专项）,历史类,（101不限）,,603,1460,
29,华东师范大学,2025,四川,本科批（高校专项）,历史类,（101政）,,627,1219,
3225,南京师范大学,2025,四川,本科批（高校专项）,历史类,（101不限）,,588,4956,
3225,南京师范大学,2025,四川,本科批（高校专项）,历史类,（101政）,,600,4584,
48,华中师范大学,2025,四川,本科批（高校专项）,历史类,（101）,,596,3190,
308,中国人民公安大学,2025,四川,本科提前批A段,历史类,,,529,187,
327,中国刑事警察学院,2025,四川,本科提前批A段,历史类,,,573,942,
96,中国消防救援学院,2025,四川,本科提前批A段,历史类,,,607,3048,
2301,黑龙江大学,2025,四川,本科提前批B段,历史类,,,555,9420,
29,华东师范大学,2025,四川,本科提前批B段,历史类,,,612,384,
29,华东师范大学,2025,四川,本科提前批B段,历史类,（102）,,640,498,
48,华中师范大学,2025,四川,本科提前批B段,历史类,,,606,723,
48,华中师范大学,2025,四川,本科提前批B段,历史类,（103）,,629,1085,
48,华中师范大学,2025,四川,本科提前批B段,历史类,（102）,,637,613,
5120,四川师范大学,2025,四川,本科提前批B段,历史类,,,527,2074,
5123,绵阳师范学院,2025,四川,本科提前批B段,历史类,,,540,7828,
5133,乐山师范学院,2025,四川,本科提前批B段,历史类,,,500,4075,
58,西安交通大学,2025,四川,本科提前批B段,历史类,（101）,,635,723,
1356,河北轨道运输职业技术学院,2025,四川,专科批,物理类,（101）,,423,218297,
1377,河北交通职业技术学院,2025,四川,专科批,物理类,（101）,,394,244708,
1378,河北化工医药职业技术学院,2025,四川,专科批,物理类,（101）,,385,238637,
1399,唐山幼儿师范高等专科学校,2025,四川,专科批,物理类,,,261,238637,
1449,忻州职业技术学院,2025,四川,专科批,物理类,（101）,,406,230882,
1469,临汾职业技术学院,2025,四川,专科批,物理类,,,344,238637,
1493,山西同文职业技术学院,2025,四川,专科批,物理类,（101）,,317,274299,
1839,石家庄幼儿师范高等专科学校,2025,四川,专科批,物理类,,,200,264626,
1847,河北软件职业技术学院,2025,四川,专科批,物理类,（101）,,380,252815,
1860,廊坊职业技术学院,2025,四川,专科批,物理类,（101）,,364,260348,
2155,大连职业技术学院,2025,四川,专科批,物理类,（101）,,341,241421,
2157,辽宁民族师范高等专科学校,2025,四川,专科批,物理类,,,271,227464,
2165,辽宁铁道职业技术学院,2025,四川,专科批,物理类,（101）,,407,212314,
2168,渤海船舶职业学院,2025,四川,专科批,物理类,（101）,,381,238637,
2176,盘锦职业技术学院,2025,四川,专科批,物理类,（101）,,325,264972,
2188,大连东软信息学院,2025,四川,专科批,物理类,（101）,,193,265669,
2190,大连科技学院,2025,四川,专科批,物理类,（101）,,253,259497,
2193,辽宁装备制造职业技术学院,2025,四川,专科批,物理类,（101）,,361,256432,
2198,辽宁生态工程职业学院,2025,四川,专科批,物理类,（101）,,313,262426,
2227,长春金融高等专科学校,2025,四川,专科批,物理类,（101）,,389,232523,
2353,黑龙江农垦职业学院,2025,四川,专科批,物理类,（101）,,284,257323,
2357,黑龙江农业工程职业学院,2025,四川,专科批,物理类,（101）,,360,214417,
2370,伊春职业学院,2025,四川,专科批,物理类,（101）,,274,248419,
2393,哈尔滨幼儿师范高等专科学校,2025,四川,专科批,物理类,（101）,,251,272453,
2563,辽宁轨道交通职业学院,2025,四川,专科批,物理类,（101）,,399,236406,
3119,上海旅游高等专科学校,2025,四川,专科批,物理类,,,405,228336,
3153,上海交通职业技术学院,2025,四川,专科批,物理类,（101）,,432,182565,
3159,上海东海职业技术学院,2025,四川,专科批,物理类,（101）,,315,275153,
3160,上海工商职业技术学院,2025,四川,专科批,物理类,（101）,,402,239331,
3162,上海震旦职业学院,2025,四川,专科批,物理类,（101）,,374,255941,
3164,上海行健职业学院,2025,四川,专科批,物理类,（101）,,436,187568,
3184,上海农林职业技术学院,2025,四川,专科批,物理类,（101）,,420,216410,
3197,上海建设管理职业技术学院,2025,四川,专科批,物理类,（101）,,326,256432,
3236,镇江市高等专科学校,2025,四川,专科批,物理类,（101）,,379,217374,
3252,连云港职业技术学院,2025,四川,专科批,物理类,（101）,,425,220190,
3264,江苏建筑职业技术学院,2025,四川,专科批,物理类,（101）,,352,249601,
3265,江苏工程职业技术学院,2025,四川,专科批,物理类,（101）,,406,236406,
3274,江苏经贸职业技术学院,2025,四川,专科批,物理类,（101）,,425,185117,
3279,常州机电职业技术学院,2025,四川,专科批,物理类,（101）,,461,174813,
3280,江苏电子信息职业学院,2025,四川,专科批,物理类,（101）,,432,203895,
3337,浙江安防职业技术学院,2025,四川,专科批,物理类,（101）,,397,242786,
3342,温州商学院,2025,四川,专科批,物理类,（101）,,411,232523,
3343,浙江国际海运职业技术学院,2025,四川,专科批,物理类,（101）,,406,183842,
3346,浙江邮电职业技术学院,2025,四川,专科批,物理类,（101）,,444,194744,
3352,浙江交通职业技术学院,2025,四川,专科批,物理类,（101）,,450,191229,
3359,浙江商业职业技术学院,2025,四川,专科批,物理类,（101）,,423,188781,
3368,杭州科技职业技术学院,2025,四川,专科批,物理类,（101）,,455,169623,
3369,浙江机电职业技术大学,2025,四川,专科批,物理类,（101）,,471,135473,
3370,义乌工商职业技术学院,2025,四川,专科批,物理类,（101）,,428,204951,
3372,浙江建设职业技术学院,2025,四川,专科批,物理类,（101）,,427,149186,
3375,浙江同济科技职业学院,2025,四川,专科批,物理类,（101）,,431,200565,
3377,杭州职业技术大学,2025,四川,专科批,物理类,,,464,143591,
3425,安徽中医药高等专科学校,2025,四川,专科批,物理类,（101）,,407,174813,
3474,安徽第二医学院,2025,四川,专科批,物理类,（101）,,414,187568,
3474,安徽第二医学院,2025,四川,专科批,物理类,（102）,,428,216410,
3499,合肥幼儿师范高等专科学校,2025,四川,专科批,物理类,（101）,,364,246573,
3525,湄洲湾职业技术学院,2025,四川,专科批,物理类,（101）,,364,252815,
3538,福建电力职业技术学院,2025,四川,专科批,物理类,（101）,,448,195955,
3546,闽西职业技术学院,2025,四川,专科批,物理类,（101）,,365,247189,
3547,厦门城市职业学院,2025,四川,专科批,物理类,（101）,,389,232523,
355,中国民用航空飞行学院,2025,四川,专科批,物理类,（101）,,502,124544,
3558,漳州职业技术学院,2025,四川,专科批,物理类,（101）,,421,198330,
3598,黎明职业大学,2025,四川,专科批,物理类,,,378,219255,
3614,南昌健康职业技术学院,2025,四川,专科批,物理类,（101）,,372,250680,
3621,江西医学高等专科学校,2025,四川,专科批,物理类,（101）,,368,232523,
3621,江西医学高等专科学校,2025,四川,专科批,物理类,,,336,143591,
3635,江西机电职业技术学院,2025,四川,专科批,物理类,（101）,,416,212314,
3640,抚州医药学院,2025,四川,专科批,物理类,,,401,186339,
3647,赣南卫生健康职业学院,2025,四川,专科批,物理类,,,409,212314,
3647,赣南卫生健康职业学院,2025,四川,专科批,物理类,（103）,,394,244708,
3647,赣南卫生健康职业学院,2025,四川,专科批,物理类,（104）,,427,215399,
3669,江西应用技术职业学院,2025,四川,专科批,物理类,（101）,,415,153315,
3672,江西制造职业技术学院,2025,四川,专科批,物理类,（101）,,400,237142,
3685,宜春职业技术学院,2025,四川,专科批,物理类,（101）,,366,224801,
3749,齐鲁医药学院,2025,四川,专科批,物理类,,,255,209223,
3762,威海职业学院,2025,四川,专科批,物理类,（101）,,361,258642,
3774,山东商务职业学院,2025,四川,专科批,物理类,（101）,,338,259064,
3818,烟台工程职业技术学院,2025,四川,专科批,物理类,（101）,,351,250110,
3855,苏州卫生职业技术学院,2025,四川,专科批,物理类,（101）,,437,195955,
3912,南京机电职业技术学院,2025,四川,专科批,物理类,（101）,,454,143591,
3914,江苏城市职业学院,2025,四川,专科批,物理类,（101）,,413,227464,
3953,江西航空职业技术学院,2025,四川,专科批,物理类,（101）,,397,224801,
3974,潍坊工程职业学院,2025,四川,专科批,物理类,,,308,265317,
3976,枣庄职业学院,2025,四川,专科批,物理类,,,326,251223,
3995,苏州健雄职业技术学院,2025,四川,专科批,物理类,（101）,,385,247189,
4135,信阳农林学院,2025,四川,专科批,物理类,（101）,,411,211254,
4140,郑州电力高等专科学校,2025,四川,专科批,物理类,（101）,,449,192378,
4154,商丘职业技术学院,2025,四川,专科批,物理类,（101）,,363,255450,
4156,三门峡职业技术学院,2025,四川,专科批,物理类,（101）,,238,265317,
4157,郑州卫生健康职业学院,2025,四川,专科批,物理类,（101）,,359,240725,
4159,鹤壁职业技术学院,2025,四川,专科批,物理类,（101）,,339,262787,
4169,安阳职业技术学院,2025,四川,专科批,物理类,（101）,,303,233377,
4171,信阳职业技术学院,2025,四川,专科批,物理类,（101）,,351,227464,
4180,濮阳职业技术学院,2025,四川,专科批,物理类,（101）,,343,265669,
4194,河南推拿职业学院,2025,四川,专科批,物理类,（101）,,426,219255,
4198,河南医学高等专科学校,2025,四川,专科批,物理类,（101）,,245,283397,
4214,汉江师范学院,2025,四川,专科批,物理类,（101）,,428,188781,
4234,宜昌科技职业学院,2025,四川,专科批,物理类,（101）,,383,242114,
4258,湖北职业技术学院,2025,四川,专科批,物理类,（101）,,300,220190,
4269,襄阳职业技术学院,2025,四川,专科批,物理类,,,276,188781,
4398,湖南汽车工程职业大学,2025,四川,专科批,物理类,（101）,,407,219255,
4433,肇庆医学院,2025,四川,专科批,物理类,（101）,,452,191229,
4433,肇庆医学院,2025,四川,专科批,物理类,（102）,,454,174813,
4457,广东水利电力职业技术学院,2025,四川,专科批,物理类,,,347,225713,
4529,广西体育高等专科学校,2025,四川,专科批,物理类,（101）,,375,255450,
4561,广西水利电力职业技术学院,2025,四川,专科批,物理类,（101）,,388,237142,
4656,海南经贸职业技术学院,2025,四川,专科批,物理类,（101）,,377,238637,
4659,海南外国语职业学院,2025,四川,专科批,物理类,（101）,,348,183842,
4693,海南卫生健康职业学院,2025,四川,专科批,物理类,（101）,,250,227464,
4694,三亚护理职业学院,2025,四川,专科批,物理类,,,150,284789,
4702,郑州幼儿师范高等专科学校,2025,四川,专科批,物理类,（101）,,409,234158,
4853,武汉民政职业学院,2025,四川,专科批,物理类,（101）,,428,191229,
4878,江汉艺术职业学院,2025,四川,专科批,物理类,（101）,,306,258191,
5008,重庆医科大学,2025,四川,专科批,物理类,,,458,173494,
5032,重庆三峡医药高等专科学校,2025,四川,专科批,物理类,（101）,,478,143591,
5052,重庆工业职业技术大学,2025,四川,专科批,物理类,,,397,183842,
5053,重庆工程职业技术学院,2025,四川,专科批,物理类,,,229,186338,
5055,重庆化工职业学院,2025,四川,专科批,物理类,（101）,,375,221141,
5062,重庆工贸职业技术学院,2025,四川,专科批,物理类,（101）,,240,232523,
5072,重庆财经职业学院,2025,四川,专科批,物理类,（101）,,341,212314,
5095,重庆护理职业学院,2025,四川,专科批,物理类,（101）,,261,239331,
5147,四川旅游学院,2025,四川,专科批,物理类,（101）,,461,176107,
5156,四川电力职业技术学院,2025,四川,专科批,物理类,（101）,,474,109853,
5168,乐山职业技术学院,2025,四川,专科批,物理类,,,362,198330,
5168,乐山职业技术学院,2025,四川,专科批,物理类,（103）,,215,239331,
5168,乐山职业技术学院,2025,四川,专科批,物理类,（104）,,440,204951,
5168,乐山职业技术学院,2025,四川,专科批,物理类,（105）,,252,267643,
5173,四川水利职业技术学院,2025,四川,专科批,物理类,（101）,,324,183842,
5183,四川铁道职业学院,2025,四川,专科批,物理类,（101）,,461,160168,
5267,毕节职业技术学院,2025,四川,专科批,物理类,（101）,,316,249601,
5271,贵阳职业技术学院,2025,四川,专科批,物理类,（101）,,389,224801,
5273,贵州护理职业技术学院,2025,四川,专科批,物理类,（101）,,375,255450,
5332,曲靖健康医学院,2025,四川,专科批,物理类,,,453,181284,
5357,云南林业职业技术学院,2025,四川,专科批,物理类,（101）,,393,221141,
5357,云南林业职业技术学院,2025,四川,专科批,物理类,（102）,,370,225713,
5364,云南能源职业技术学院,2025,四川,专科批,物理类,（101）,,398,210241,
5368,云南旅游职业学院,2025,四川,专科批,物理类,（101）,,352,239331,
5390,红河卫生职业学院,2025,四川,专科批,物理类,（101）,,401,232523,
5395,云南财经职业学院,2025,四川,专科批,物理类,（101）,,266,257767,
5408,西藏职业技术学院,2025,四川,专科批,物理类,（101）,,343,258642,
5408,西藏职业技术学院,2025,四川,专科批,物理类,（102）,,336,253323,
5408,西藏职业技术学院,2025,四川,专科批,物理类,（104）,,282,280368,
5408,西藏职业技术学院,2025,四川,专科批,物理类,（103）,,238,275153,
5408,西藏职业技术学院,2025,四川,专科批,物理类,（105）,,400,240725,
5703,成都锦城学院,2025,四川,专科批,物理类,（101）,,381,242114,
5710,西南财经大学天府学院,2025,四川,专科批,物理类,,,357,242786,
5861,重庆工信职业学院,2025,四川,专科批,物理类,（101）,,381,220190,
5893,重庆五一职业技术学院,2025,四川,专科批,物理类,,,325,230025,
6171,西安城市建设职业学院,2025,四川,专科批,物理类,（101）,,230,274523,
6493,宁夏职业技术大学,2025,四川,专科批,物理类,（101）,,312,239331,
6588,兰州资源环境职业技术大学,2025,四川,专科批,物理类,（101）,,418,221141,
1918,北京科技职业大学,2025,四川,专科提前批,物理类,（101）,,452,170913,
6588,兰州资源环境职业技术大学,2025,四川,专科提前批,物理类,（101）,,401,214417,
1101,北京工业大学,2025,四川,本科批A段,物理类,（101）,,585,,
1121,首都经济贸易大学,2025,四川,本科批A段,物理类,（101）,,539,77689,
1121,首都经济贸易大学,2025,四川,本科批A段,物理类,（102）,,568,47711,
2115,沈阳农业大学,2025,四川,本科批A段,物理类,（101）,,452,191229,
3117,上海对外经贸大学,2025,四川,本科批A段,物理类,（101）,,515,66644,
3310,杭州师范大学,2025,四川,本科批A段,物理类,（101）,,557,58346,
365,石河子大学,2025,四川,本科批A段,物理类,（101）,,557,47711,
365,石河子大学,2025,四川,本科批A段,物理类,（102）,,516,68733,
373,北方民族大学,2025,四川,本科批A段,物理类,（101）,,471,135473,
373,北方民族大学,2025,四川,本科批A段,物理类,（102）,,483,55395,
380,哈尔滨工业大学（威海）,2025,四川,本科批A段,物理类,（101）,,637,6688,
390,哈尔滨工业大学（深圳）,2025,四川,本科批A段,物理类,（101）,,649,3636,
5116,西南医科大学,2025,四川,本科批A段,物理类,,,511,36672,
6,北京化工大学,2025,四川,本科批A段,物理类,（101）,,602,21662,
77,北京大学医学部,2025,四川,本科批A段,物理类,（101）,,635,7273,
10,北京中医药大学,2025,四川,本科批A段（国家专项）,物理类,（101）,,580,30818,
10,北京中医药大学,2025,四川,本科批A段（国家专项）,物理类,（102）,,582,18260,
1106,首都医科大学,2025,四川,本科批A段（国家专项）,物理类,（101）,,571,45003,
1106,首都医科大学,2025,四川,本科批A段（国家专项）,物理类,（102）,,553,62454,
2103,沈阳理工大学,2025,四川,本科批A段（国家专项）,物理类,（101）,,562,53398,
2112,沈阳建筑大学,2025,四川,本科批A段（国家专项）,物理类,（101）,,552,26637,
2205,长春工业大学,2025,四川,本科批A段（国家专项）,物理类,（101）,,504,70843,
2311,哈尔滨师范大学,2025,四川,本科批A段（国家专项）,物理类,（101）,,446,198330,
2444,黑龙江中医药大学,2025,四川,本科批A段（国家专项）,物理类,（101）,,468,73076,
27,华东理工大学,2025,四川,本科批A段（国家专项）,物理类,（101）,,609,15739,
29,华东师范大学,2025,四川,本科批A段（国家专项）,物理类,（101）,,620,7923,
3101,上海理工大学,2025,四川,本科批A段（国家专项）,物理类,（101）,,597,25369,
3103,上海海事大学,2025,四川,本科批A段（国家专项）,物理类,（101）,,550,44146,
3125,上海工程技术大学,2025,四川,本科批A段（国家专项）,物理类,（101）,,494,121845,
320,中国民航大学,2025,四川,本科批A段（国家专项）,物理类,（101）,,600,19899,
3205,江苏科技大学,2025,四川,本科批A段（国家专项）,物理类,（101）,,545,55395,
3207,南京工业大学,2025,四川,本科批A段（国家专项）,物理类,（101）,,581,29415,
3209,南京邮电大学,2025,四川,本科批A段（国家专项）,物理类,（101）,,606,19364,
3209,南京邮电大学,2025,四川,本科批A段（国家专项）,物理类,（102）,,587,28721,
3213,南京信息工程大学,2025,四川,本科批A段（国家专项）,物理类,（101）,,574,36672,
3225,南京师范大学,2025,四川,本科批A段（国家专项）,物理类,（101）,,570,45869,
3225,南京师范大学,2025,四川,本科批A段（国家专项）,物理类,（102）,,594,22824,
3308,温州医科大学,2025,四川,本科批A段（国家专项）,物理类,（101）,,464,176107,
3308,温州医科大学,2025,四川,本科批A段（国家专项）,物理类,,,469,115134,
341,南京理工大学,2025,四川,本科批A段（国家专项）,物理类,（101）,,616,8961,
357,西南民族大学,2025,四川,本科批A段（国家专项）,物理类,（101）,,550,56423,
48,华中师范大学,2025,四川,本科批A段（国家专项）,物理类,（101）,,582,32968,
48,华中师范大学,2025,四川,本科批A段（国家专项）,物理类,,,603,17239,
5,北京科技大学,2025,四川,本科批A段（国家专项）,物理类,（101）,,587,18260,
5120,四川师范大学,2025,四川,本科批A段（国家专项）,物理类,,,480,55395,
5120,四川师范大学,2025,四川,本科批A段（国家专项）,物理类,（108）,,538,51460,
5120,四川师范大学,2025,四川,本科批A段（国家专项）,物理类,（109）,,509,74215,
7,北京邮电大学,2025,四川,本科批A段（国家专项）,物理类,（101）,,618,11716,
7,北京邮电大学,2025,四川,本科批A段（国家专项）,物理类,（102）,,634,5796,
9,北京林业大学,2025,四川,本科批A段（国家专项）,物理类,（101）,,586,32968,
9,北京林业大学,2025,四川,本科批A段（国家专项）,物理类,（102）,,582,28720,
9,北京林业大学,2025,四川,本科批A段（国家专项）,物理类,（103）,,585,33728,
5120,四川师范大学,2025,四川,本科批A段（地方专项）,物理类,,,452,52443,
5120,四川师范大学,2025,四川,本科批A段（地方专项）,物理类,（108）,,549,53398,
5120,四川师范大学,2025,四川,本科批A段（地方专项）,物理类,（109）,,513,93220,
10,北京中医药大学,2025,四川,本科批B段,物理类,（101）,,618,13814,
10,北京中医药大学,2025,四川,本科批B段,物理类,（102）,,570,6688,
1101,北京工业大学,2025,四川,本科批B段,物理类,（101）,,614,12979,
1103,北京服装学院,2025,四川,本科批B段,物理类,（101）,,525,55395,
1105,北京石油化工学院,2025,四川,本科批B段,物理类,（101）,,544,62454,
1106,首都医科大学,2025,四川,本科批B段,物理类,,,617,1834,
1108,首都体育学院,2025,四川,本科批B段,物理类,（101）,,525,93220,
1109,北京建筑大学,2025,四川,本科批B段,物理类,,,565,32968,
1109,北京建筑大学,2025,四川,本科批B段,物理类,（103）,,544,33728,
1111,北京物资学院,2025,四川,本科批B段,物理类,（101）,,552,47711,
1111,北京物资学院,2025,四川,本科批B段,物理类,（102）,,557,57388,
1119,北京联合大学,2025,四川,本科批B段,物理类,（101）,,565,45869,
1120,北京工商大学,2025,四川,本科批B段,物理类,（101）,,570,38241,
1120,北京工商大学,2025,四川,本科批B段,物理类,（102）,,558,46766,
1121,首都经济贸易大学,2025,四川,本科批B段,物理类,（101）,,592,28720,
1121,首都经济贸易大学,2025,四川,本科批B段,物理类,（102）,,600,22235,
1202,天津工业大学,2025,四川,本科批B段,物理类,,,592,18260,
1205,天津农学院,2025,四川,本科批B段,物理类,,,496,109853,
1205,天津农学院,2025,四川,本科批B段,物理类,（105）,,503,123200,
1207,天津师范大学,2025,四川,本科批B段,物理类,（101）,,516,45869,
1207,天津师范大学,2025,四川,本科批B段,物理类,,,533,63535,
1207,天津师范大学,2025,四川,本科批B段,物理类,（104）,,532,84680,
1212,天津体育学院,2025,四川,本科批B段,物理类,（101）,,500,121845,
1222,天津职业技术师范大学,2025,四川,本科批B段,物理类,,,464,98269,
1292,天津商业大学宝德学院,2025,四川,本科批B段,物理类,,,446,172209,
1293,天津医科大学临床医学院,2025,四川,本科批B段,物理类,,,479,151883,
1295,天津外国语大学滨海外事学院,2025,四川,本科批B段,物理类,,,452,172209,
13,中国传媒大学,2025,四川,本科批B段,物理类,,,582,16212,
1301,河北工程大学,2025,四川,本科批B段,物理类,,,513,93220,
1301,河北工程大学,2025,四川,本科批B段,物理类,（106）,,506,119161,
1302,河北大学,2025,四川,本科批B段,物理类,（101）,,555,60374,
1302,河北大学,2025,四川,本科批B段,物理类,,,555,43244,
1306,河北科技大学,2025,四川,本科批B段,物理类,,,525,51460,
1308,河北师范大学,2025,四川,本科批B段,物理类,,,526,64577,
1308,河北师范大学,2025,四川,本科批B段,物理类,（107）,,468,109853,
1308,河北师范大学,2025,四川,本科批B段,物理类,（108）,,543,73079,
1309,石家庄铁道大学,2025,四川,本科批B段,物理类,,,534,56423,
1310,燕山大学,2025,四川,本科批B段,物理类,（101）,,556,38996,
1310,燕山大学,2025,四川,本科批B段,物理类,（102）,,587,17239,
1311,河北科技师范学院,2025,四川,本科批B段,物理类,（101）,,496,128670,
1313,承德医学院,2025,四川,本科批B段,物理类,（101）,,567,48644,
1313,承德医学院,2025,四川,本科批B段,物理类,（102）,,507,117870,
1314,河北金融学院,2025,四川,本科批B段,物理类,,,493,109853,
1314,河北金融学院,2025,四川,本科批B段,物理类,（105）,,504,115134,
1315,北华航天工业学院,2025,四川,本科批B段,物理类,（101）,,529,63535,
1317,廊坊师范学院,2025,四川,本科批B段,物理类,,,472,140851,
1317,廊坊师范学院,2025,四川,本科批B段,物理类,（102）,,496,130019,
1317,廊坊师范学院,2025,四川,本科批B段,物理类,（103）,,501,125937,
1319,河北医科大学,2025,四川,本科批B段,物理类,（101）,,534,77689,
1319,河北医科大学,2025,四川,本科批B段,物理类,（102）,,574,41558,
1322,河北建筑工程学院,2025,四川,本科批B段,物理类,,,491,134050,
1322,河北建筑工程学院,2025,四川,本科批B段,物理类,（103）,,502,111117,
1325,河北北方学院,2025,四川,本科批B段,物理类,,,524,66644,
1341,河北中医药大学,2025,四川,本科批B段,物理类,（101）,,554,61371,
1341,河北中医药大学,2025,四川,本科批B段,物理类,,,532,69786,
1349,张家口学院,2025,四川,本科批B段,物理类,,,488,121846,
1368,河北传媒学院,2025,四川,本科批B段,物理类,（101）,,454,187568,
1368,河北传媒学院,2025,四川,本科批B段,物理类,（102）,,460,150538,
1390,河北环境工程学院,2025,四川,本科批B段,物理类,（101）,,494,135473,
1390,河北环境工程学院,2025,四川,本科批B段,物理类,（102）,,496,128670,
1390,河北环境工程学院,2025,四川,本科批B段,物理类,（103）,,493,134050,
1394,石家庄铁道大学四方学院,2025,四川,本科批B段,物理类,（101）,,506,119161,
1394,石家庄铁道大学四方学院,2025,四川,本科批B段,物理类,,,488,116541,
1395,河北水利电力学院,2025,四川,本科批B段,物理类,（101）,,495,134050,
1395,河北水利电力学院,2025,四川,本科批B段,物理类,（102）,,507,94428,
14,中央财经大学,2025,四川,本科批B段,物理类,,,611,3636,
14,中央财经大学,2025,四川,本科批B段,物理类,（102）,,627,9704,
1403,中北大学,2025,四川,本科批B段,物理类,（101）,,536,51460,
1403,中北大学,2025,四川,本科批B段,物理类,,,581,18260,
1406,山西农业大学,2025,四川,本科批B段,物理类,（101）,,505,109853,
1406,山西农业大学,2025,四川,本科批B段,物理类,（102）,,515,78802,
1406,山西农业大学,2025,四川,本科批B段,物理类,（103）,,513,98269,
1407,山西医科大学,2025,四川,本科批B段,物理类,（101）,,509,104651,
1407,山西医科大学,2025,四川,本科批B段,物理类,（102）,,529,75327,
1407,山西医科大学,2025,四川,本科批B段,物理类,,,542,15739,
1407,山西医科大学,2025,四川,本科批B段,物理类,（105）,,531,87075,
1409,长治医学院,2025,四川,本科批B段,物理类,,,497,120489,
1409,长治医学院,2025,四川,本科批B段,物理类,（105）,,502,121845,
1411,山西师范大学,2025,四川,本科批B段,物理类,（101）,,513,102062,
1411,山西师范大学,2025,四川,本科批B段,物理类,（102）,,510,90690,
1411,山西师范大学,2025,四川,本科批B段,物理类,（103）,,531,83509,
1412,太原师范学院,2025,四川,本科批B段,物理类,（101）,,504,117870,
1415,运城学院,2025,四川,本科批B段,物理类,（101）,,494,134050,
1416,忻州师范学院,2025,四川,本科批B段,物理类,（101）,,497,125937,
1416,忻州师范学院,2025,四川,本科批B段,物理类,,,498,105920,
1416,忻州师范学院,2025,四川,本科批B段,物理类,（103）,,496,123200,
1416,忻州师范学院,2025,四川,本科批B段,物理类,（104）,,497,131341,
1418,吕梁学院,2025,四川,本科批B段,物理类,（101）,,493,127322,
1418,吕梁学院,2025,四川,本科批B段,物理类,（102）,,495,124544,
1418,吕梁学院,2025,四川,本科批B段,物理类,（103）,,494,135473,
1418,吕梁学院,2025,四川,本科批B段,物理类,（105）,,486,143591,
1418,吕梁学院,2025,四川,本科批B段,物理类,（104）,,493,136811,
1420,长治学院,2025,四川,本科批B段,物理类,（101）,,496,132669,
1420,长治学院,2025,四川,本科批B段,物理类,（102）,,498,125937,
1427,太原学院,2025,四川,本科批B段,物理类,,,491,134050,
1427,太原学院,2025,四川,本科批B段,物理类,（103）,,497,127322,
1427,太原学院,2025,四川,本科批B段,物理类,（104）,,493,136811,
1433,太原工业学院,2025,四川,本科批B段,物理类,,,506,94428,
1476,运城职业技术大学,2025,四川,本科批B段,物理类,（101）,,465,147761,
1483,山西医药学院,2025,四川,本科批B段,物理类,（101）,,515,88298,
1484,山西电子科技学院,2025,四川,本科批B段,物理类,（101）,,515,100805,
1495,山西工程技术学院,2025,四川,本科批B段,物理类,（101）,,503,108557,
15,对外经济贸易大学,2025,四川,本科批B段,物理类,（101）,,622,10486,
15,对外经济贸易大学,2025,四川,本科批B段,物理类,,,611,9704,
1501,内蒙古大学,2025,四川,本科批B段,物理类,,,557,39823,
1504,内蒙古工业大学,2025,四川,本科批B段,物理类,（101）,,493,136811,
1504,内蒙古工业大学,2025,四川,本科批B段,物理类,,,489,79949,
1518,内蒙古财经大学,2025,四川,本科批B段,物理类,（101）,,504,113767,
1518,内蒙古财经大学,2025,四川,本科批B段,物理类,（102）,,513,109853,
1556,集宁师范学院,2025,四川,本科批B段,物理类,（101）,,492,135473,
1909,山西科技学院,2025,四川,本科批B段,物理类,（101）,,518,98269,
1913,山西工程科技职业大学,2025,四川,本科批B段,物理类,（101）,,492,135473,
21,吉林大学,2025,四川,本科批B段,物理类,,,612,8961,
21,吉林大学,2025,四川,本科批B段,物理类,（108）,,611,14761,
21,吉林大学,2025,四川,本科批B段,物理类,（109）,,577,39823,
2102,沈阳航空航天大学,2025,四川,本科批B段,物理类,（101）,,571,22235,
2103,沈阳理工大学,2025,四川,本科批B段,物理类,,,522,90690,
2107,辽宁石油化工大学,2025,四川,本科批B段,物理类,,,507,59373,
2108,沈阳化工大学,2025,四川,本科批B段,物理类,（101）,,501,113767,
2108,沈阳化工大学,2025,四川,本科批B段,物理类,（102）,,529,70843,
2110,沈阳大学,2025,四川,本科批B段,物理类,,,469,99505,
2111,大连工业大学,2025,四川,本科批B段,物理类,,,515,71974,
2112,沈阳建筑大学,2025,四川,本科批B段,物理类,,,466,85880,
2115,沈阳农业大学,2025,四川,本科批B段,物理类,（101）,,500,74215,
2119,大连医科大学,2025,四川,本科批B段,物理类,,,605,8961,
2120,大连外国语大学,2025,四川,本科批B段,物理类,,,528,63535,
2122,辽宁中医药大学,2025,四川,本科批B段,物理类,（101）,,545,68733,
2122,辽宁中医药大学,2025,四川,本科批B段,物理类,,,515,67613,
2123,辽宁师范大学,2025,四川,本科批B段,物理类,,,501,107235,
2123,辽宁师范大学,2025,四川,本科批B段,物理类,（104）,,520,90690,
2123,辽宁师范大学,2025,四川,本科批B段,物理类,（106）,,517,104651,
2123,辽宁师范大学,2025,四川,本科批B段,物理类,（105）,,503,123200,
2124,沈阳师范大学,2025,四川,本科批B段,物理类,（103）,,500,127322,
2124,沈阳师范大学,2025,四川,本科批B段,物理类,,,506,94428,
2127,鞍山师范学院,2025,四川,本科批B段,物理类,,,489,132669,
2127,鞍山师范学院,2025,四川,本科批B段,物理类,（105）,,492,134050,
2127,鞍山师范学院,2025,四川,本科批B段,物理类,（106）,,492,138221,
2136,辽宁科技学院,2025,四川,本科批B段,物理类,（101）,,487,142200,
2136,辽宁科技学院,2025,四川,本科批B段,物理类,（102）,,503,105920,
2139,辽宁工业大学,2025,四川,本科批B段,物理类,（101）,,481,132669,
2139,辽宁工业大学,2025,四川,本科批B段,物理类,（102）,,527,71973,
2143,营口理工学院,2025,四川,本科批B段,物理类,,,490,135473,
2143,营口理工学院,2025,四川,本科批B段,物理类,（103）,,500,119161,
2159,辽东学院,2025,四川,本科批B段,物理类,,,485,139538,
2159,辽东学院,2025,四川,本科批B段,物理类,（103）,,494,124544,
2188,大连东软信息学院,2025,四川,本科批B段,物理类,,,403,236406,
2188,大连东软信息学院,2025,四川,本科批B段,物理类,（103）,,407,222969,
2190,大连科技学院,2025,四川,本科批B段,物理类,（101）,,439,202781,
2190,大连科技学院,2025,四川,本科批B段,物理类,（102）,,446,181284,
22,东北师范大学,2025,四川,本科批B段,物理类,,,554,31541,
2201,长春理工大学,2025,四川,本科批B段,物理类,,,498,59373,
2201,长春理工大学,2025,四川,本科批B段,物理类,（109）,,559,56423,
2202,延边大学,2025,四川,本科批B段,物理类,（101）,,567,45003,
2202,延边大学,2025,四川,本科批B段,物理类,（102）,,574,31541,
2202,延边大学,2025,四川,本科批B段,物理类,（103）,,565,50491,
2203,东北电力大学,2025,四川,本科批B段,物理类,,,581,17774,
2205,长春工业大学,2025,四川,本科批B段,物理类,,,495,95738,
2206,吉林建筑大学,2025,四川,本科批B段,物理类,（101）,,505,105920,
2207,吉林化工大学,2025,四川,本科批B段,物理类,,,494,121845,
2207,吉林化工大学,2025,四川,本科批B段,物理类,（103）,,507,91961,
2208,吉林农业大学,2025,四川,本科批B段,物理类,,,497,120489,
2208,吉林农业大学,2025,四川,本科批B段,物理类,（103）,,511,95738,
2208,吉林农业大学,2025,四川,本科批B段,物理类,（104）,,510,87075,
2211,长春中医药大学,2025,四川,本科批B段,物理类,（101）,,546,56423,
2211,长春中医药大学,2025,四川,本科批B段,物理类,,,491,127322,
2215,吉林工程技术师范学院,2025,四川,本科批B段,物理类,（101）,,494,131341,
2216,长春师范大学,2025,四川,本科批B段,物理类,（101）,,485,147761,
2216,长春师范大学,2025,四川,本科批B段,物理类,,,501,89512,
2225,长春汽车职业技术大学,2025,四川,本科批B段,物理类,（101）,,497,128670,
2230,长春大学,2025,四川,本科批B段,物理类,,,494,83509,
2235,北华大学,2025,四川,本科批B段,物理类,,,511,109853,
2235,北华大学,2025,四川,本科批B段,物理类,（106）,,493,136811,
2237,长春工程学院,2025,四川,本科批B段,物理类,（101）,,494,127322,
2237,长春工程学院,2025,四川,本科批B段,物理类,,,485,74215,
2241,吉林医药学院,2025,四川,本科批B段,物理类,（101）,,509,115134,
2241,吉林医药学院,2025,四川,本科批B段,物理类,（102）,,503,105920,
2241,吉林医药学院,2025,四川,本科批B段,物理类,,,491,87075,
2279,吉林外国语大学,2025,四川,本科批B段,物理类,（101）,,460,161520,
2279,吉林外国语大学,2025,四川,本科批B段,物理类,（102）,,477,158786,
2284,长春科技学院,2025,四川,本科批B段,物理类,（101）,,475,161520,
2284,长春科技学院,2025,四川,本科批B段,物理类,（102）,,477,151883,
2285,长春建筑学院,2025,四川,本科批B段,物理类,（101）,,451,192378,
2285,长春建筑学院,2025,四川,本科批B段,物理类,（102）,,417,146356,
2290,长春光华学院,2025,四川,本科批B段,物理类,（101）,,443,195955,
2291,长春人文学院,2025,四川,本科批B段,物理类,（101）,,418,225714,
2291,长春人文学院,2025,四川,本科批B段,物理类,（102）,,448,193579,
2293,长春大学旅游学院,2025,四川,本科批B段,物理类,,,404,197158,
2293,长春大学旅游学院,2025,四川,本科批B段,物理类,（103）,,405,158786,
2295,吉林警察学院,2025,四川,本科批B段,物理类,（101）,,516,89512,
2295,吉林警察学院,2025,四川,本科批B段,物理类,（102）,,518,103351,
23,东北林业大学,2025,四川,本科批B段,物理类,（101）,,578,30818,
23,东北林业大学,2025,四川,本科批B段,物理类,,,561,17774,
23,东北林业大学,2025,四川,本科批B段,物理类,（104）,,575,41558,
2301,黑龙江大学,2025,四川,本科批B段,物理类,（101）,,505,120489,
2301,黑龙江大学,2025,四川,本科批B段,物理类,,,483,53398,
2305,黑龙江科技大学,2025,四川,本科批B段,物理类,（101）,,508,105920,
2305,黑龙江科技大学,2025,四川,本科批B段,物理类,（102）,,520,66644,
2306,东北石油大学,2025,四川,本科批B段,物理类,（101）,,512,98269,
2306,东北石油大学,2025,四川,本科批B段,物理类,,,529,35194,
2307,齐齐哈尔大学,2025,四川,本科批B段,物理类,（101）,,497,91961,
2307,齐齐哈尔大学,2025,四川,本科批B段,物理类,（102）,,505,120489,
2308,哈尔滨医科大学,2025,四川,本科批B段,物理类,,,555,20484,
2311,哈尔滨师范大学,2025,四川,本科批B段,物理类,,,498,71973,
2311,哈尔滨师范大学,2025,四川,本科批B段,物理类,（103）,,514,87075,
2311,哈尔滨师范大学,2025,四川,本科批B段,物理类,（104）,,508,107235,
2313,绥化学院,2025,四川,本科批B段,物理类,,,487,138221,
2317,哈尔滨商业大学,2025,四川,本科批B段,物理类,,,469,60374,
2318,牡丹江师范学院,2025,四川,本科批B段,物理类,,,485,140851,
2318,牡丹江师范学院,2025,四川,本科批B段,物理类,（103）,,491,130019,
2318,牡丹江师范学院,2025,四川,本科批B段,物理类,（104）,,487,144941,
2321,佳木斯大学,2025,四川,本科批B段,物理类,（101）,,489,136811,
2321,佳木斯大学,2025,四川,本科批B段,物理类,（102）,,498,107235,
2321,佳木斯大学,2025,四川,本科批B段,物理类,（103）,,485,147761,
2322,黑龙江工业学院,2025,四川,本科批B段,物理类,（101）,,489,142200,
2322,黑龙江工业学院,2025,四川,本科批B段,物理类,（102）,,493,128670,
2327,哈尔滨理工大学,2025,四川,本科批B段,物理类,（101）,,547,68733,
2327,哈尔滨理工大学,2025,四川,本科批B段,物理类,,,559,29415,
2329,牡丹江医科大学,2025,四川,本科批B段,物理类,（101）,,495,127322,
2329,牡丹江医科大学,2025,四川,本科批B段,物理类,,,498,68733,
2330,哈尔滨学院,2025,四川,本科批B段,物理类,（101）,,492,125937,
2330,哈尔滨学院,2025,四川,本科批B段,物理类,（102）,,494,125937,
2330,哈尔滨学院,2025,四川,本科批B段,物理类,（103）,,500,127322,
2336,齐齐哈尔工程学院,2025,四川,本科批B段,物理类,（101）,,407,199439,
2336,齐齐哈尔工程学院,2025,四川,本科批B段,物理类,（102）,,403,186338,
2336,齐齐哈尔工程学院,2025,四川,本科批B段,物理类,（103）,,404,197158,
2339,黑河学院,2025,四川,本科批B段,物理类,（101）,,487,139538,
2339,黑河学院,2025,四川,本科批B段,物理类,（102）,,495,130019,
2444,黑龙江中医药大学,2025,四川,本科批B段,物理类,,,500,30818,
2444,黑龙江中医药大学,2025,四川,本科批B段,物理类,（103）,,506,95738,
27,华东理工大学,2025,四川,本科批B段,物理类,（101）,,618,12979,
27,华东理工大学,2025,四川,本科批B段,物理类,（102）,,618,8272,
29,华东师范大学,2025,四川,本科批B段,物理类,（101）,,635,7273,
29,华东师范大学,2025,四川,本科批B段,物理类,（102）,,636,3867,
31,上海财经大学,2025,四川,本科批B段,物理类,（101）,,631,2851,
31,上海财经大学,2025,四川,本科批B段,物理类,（102）,,634,5531,
310,北京体育大学,2025,四川,本科批B段,物理类,,,522,19363,
3101,上海理工大学,2025,四川,本科批B段,物理类,（101）,,591,29415,
3101,上海理工大学,2025,四川,本科批B段,物理类,,,597,22235,
3103,上海海事大学,2025,四川,本科批B段,物理类,,,559,27315,
3103,上海海事大学,2025,四川,本科批B段,物理类,（102）,,576,32274,
3109,上海健康医学院,2025,四川,本科批B段,物理类,,,511,49593,
3111,上海海洋大学,2025,四川,本科批B段,物理类,（101）,,563,52443,
3111,上海海洋大学,2025,四川,本科批B段,物理类,,,565,34455,
3112,上海中医药大学,2025,四川,本科批B段,物理类,,,560,8961,
3113,上海师范大学,2025,四川,本科批B段,物理类,（101）,,549,58346,
3113,上海师范大学,2025,四川,本科批B段,物理类,（102）,,553,38996,
3115,上海体育大学,2025,四川,本科批B段,物理类,（101）,,540,76490,
3115,上海体育大学,2025,四川,本科批B段,物理类,,,539,56423,
3117,上海对外经贸大学,2025,四川,本科批B段,物理类,,,562,23461,
3122,上海戏剧学院,2025,四川,本科批B段,物理类,（101）,,586,24083,
3123,上海政法学院,2025,四川,本科批B段,物理类,,,551,24744,
3126,上海立信会计金融学院,2025,四川,本科批B段,物理类,,,531,47711,
3126,上海立信会计金融学院,2025,四川,本科批B段,物理类,（103）,,529,82339,
3140,上海杉达学院,2025,四川,本科批B段,物理类,,,403,142200,
3140,上海杉达学院,2025,四川,本科批B段,物理类,（103）,,403,178722,
315,中央民族大学,2025,四川,本科批B段,物理类,,,605,12558,
3154,上海商学院,2025,四川,本科批B段,物理类,,,505,81156,
3154,上海商学院,2025,四川,本科批B段,物理类,（102）,,524,88297,
3155,上海第二工业大学,2025,四川,本科批B段,物理类,（101）,,525,85880,
3155,上海第二工业大学,2025,四川,本科批B段,物理类,,,513,58346,
320,中国民航大学,2025,四川,本科批B段,物理类,（101）,,583,31541,
320,中国民航大学,2025,四川,本科批B段,物理类,,,592,14292,
3204,江苏师范大学,2025,四川,本科批B段,物理类,（101）,,519,94428,
3204,江苏师范大学,2025,四川,本科批B段,物理类,（102）,,542,66644,
3204,江苏师范大学,2025,四川,本科批B段,物理类,（103）,,547,68733,
3205,江苏科技大学,2025,四川,本科批B段,物理类,（101）,,543,63535,
3205,江苏科技大学,2025,四川,本科批B段,物理类,,,551,30818,
3207,南京工业大学,2025,四川,本科批B段,物理类,（101）,,587,32274,
3207,南京工业大学,2025,四川,本科批B段,物理类,（102）,,559,22235,
3208,常州大学,2025,四川,本科批B段,物理类,（101）,,540,69786,
3208,常州大学,2025,四川,本科批B段,物理类,,,526,48644,
3209,南京邮电大学,2025,四川,本科批B段,物理类,（101）,,610,10899,
3212,江苏大学,2025,四川,本科批B段,物理类,（101）,,572,21058,
3213,南京信息工程大学,2025,四川,本科批B段,物理类,（101）,,592,27996,
3213,南京信息工程大学,2025,四川,本科批B段,物理类,,,563,14761,
3215,常州工学院,2025,四川,本科批B段,物理类,（101）,,523,73080,
3219,南京体育学院,2025,四川,本科批B段,物理类,（101）,,503,123200,
3219,南京体育学院,2025,四川,本科批B段,物理类,（102）,,508,112408,
3220,苏州工学院,2025,四川,本科批B段,物理类,（101）,,519,91961,
3220,苏州工学院,2025,四川,本科批B段,物理类,（102）,,529,58346,
3225,南京师范大学,2025,四川,本科批B段,物理类,（101）,,607,13420,
3225,南京师范大学,2025,四川,本科批B段,物理类,（102）,,611,17239,
3227,淮阴师范学院,2025,四川,本科批B段,物理类,（101）,,553,62454,
3234,金陵科技学院,2025,四川,本科批B段,物理类,（101）,,521,88297,
3234,金陵科技学院,2025,四川,本科批B段,物理类,（102）,,534,67613,
3235,徐州工程学院,2025,四川,本科批B段,物理类,（101）,,514,108557,
3235,徐州工程学院,2025,四川,本科批B段,物理类,（102）,,514,95738,
3240,江苏第二师范学院,2025,四川,本科批B段,物理类,（101）,,507,113767,
3242,连云港师范学院,2025,四川,本科批B段,物理类,（101）,,493,128670,
3242,连云港师范学院,2025,四川,本科批B段,物理类,（102）,,504,121845,
3243,南京工程学院,2025,四川,本科批B段,物理类,（101）,,535,76490,
3243,南京工程学院,2025,四川,本科批B段,物理类,（102）,,563,27315,
3244,苏州科技大学,2025,四川,本科批B段,物理类,,,523,68733,
3244,苏州科技大学,2025,四川,本科批B段,物理类,（103）,,567,37428,
3244,苏州科技大学,2025,四川,本科批B段,物理类,（105）,,556,56423,
3245,中国矿业大学徐海学院,2025,四川,本科批B段,物理类,（101）,,466,168271,
3245,中国矿业大学徐海学院,2025,四川,本科批B段,物理类,,,459,161520,
3247,西交利物浦大学,2025,四川,本科批B段,物理类,（101）,,574,42395,
3247,西交利物浦大学,2025,四川,本科批B段,物理类,（102）,,573,43244,
325,大连海事大学,2025,四川,本科批B段,物理类,,,582,22824,
3288,南京特殊教育师范学院,2025,四川,本科批B段,物理类,,,496,70843,
3288,南京特殊教育师范学院,2025,四川,本科批B段,物理类,（103）,,501,117870,
3292,南京传媒学院,2025,四川,本科批B段,物理类,（101）,,486,116541,
3292,南京传媒学院,2025,四川,本科批B段,物理类,（102）,,498,121845,
3298,东南大学成贤学院,2025,四川,本科批B段,物理类,（101）,,473,142200,
3298,东南大学成贤学院,2025,四川,本科批B段,物理类,（102）,,466,139538,
3302,浙江工业大学,2025,四川,本科批B段,物理类,,,574,17239,
3303,浙江理工大学,2025,四川,本科批B段,物理类,（101）,,566,30818,
3305,浙江海洋大学,2025,四川,本科批B段,物理类,（101）,,533,73079,
3305,浙江海洋大学,2025,四川,本科批B段,物理类,（102）,,521,99505,
3306,浙江农林大学,2025,四川,本科批B段,物理类,（101）,,532,69786,
3306,浙江农林大学,2025,四川,本科批B段,物理类,（102）,,518,53398,
3306,浙江农林大学,2025,四川,本科批B段,物理类,（104）,,557,58346,
3306,浙江农林大学,2025,四川,本科批B段,物理类,（103）,,539,77689,
3308,温州医科大学,2025,四川,本科批B段,物理类,,,533,82339,
3309,浙江师范大学,2025,四川,本科批B段,物理类,（101）,,537,68733,
3309,浙江师范大学,2025,四川,本科批B段,物理类,,,547,36672,
3309,浙江师范大学,2025,四川,本科批B段,物理类,（105）,,529,89512,
3310,杭州师范大学,2025,四川,本科批B段,物理类,,,547,43244,
3313,绍兴文理学院,2025,四川,本科批B段,物理类,（101）,,516,99505,
3314,台州学院,2025,四川,本科批B段,物理类,（101）,,508,94428,
3315,浙江工商大学,2025,四川,本科批B段,物理类,（101）,,519,40707,
3315,浙江工商大学,2025,四川,本科批B段,物理类,,,542,66644,
3316,湖州师范学院,2025,四川,本科批B段,物理类,（101）,,514,108557,
3316,湖州师范学院,2025,四川,本科批B段,物理类,（102）,,510,95738,
3318,中国计量大学,2025,四川,本科批B段,物理类,（101）,,586,30818,
3318,中国计量大学,2025,四川,本科批B段,物理类,（102）,,587,22235,
3319,浙江万里学院,2025,四川,本科批B段,物理类,,,498,113767,
3319,浙江万里学院,2025,四川,本科批B段,物理类,（103）,,512,103351,
3321,浙江科技大学,2025,四川,本科批B段,物理类,,,509,51460,
3322,宁波工程学院,2025,四川,本科批B段,物理类,,,514,104651,
3324,浙江水利水电学院,2025,四川,本科批B段,物理类,,,504,111117,
3325,宁波大学,2025,四川,本科批B段,物理类,,,533,40707,
3325,宁波大学,2025,四川,本科批B段,物理类,（103）,,582,32968,
3325,宁波大学,2025,四川,本科批B段,物理类,（104）,,539,77689,
3326,杭州医学院,2025,四川,本科批B段,物理类,,,514,49593,
3327,浙江传媒学院,2025,四川,本科批B段,物理类,,,525,60374,
3329,温州大学,2025,四川,本科批B段,物理类,（101）,,530,81156,
3329,温州大学,2025,四川,本科批B段,物理类,,,537,44146,
3331,嘉兴大学,2025,四川,本科批B段,物理类,（101）,,523,89512,
3331,嘉兴大学,2025,四川,本科批B段,物理类,,,525,67613,
3341,浙江外国语学院,2025,四川,本科批B段,物理类,,,470,76490,
3341,浙江外国语学院,2025,四川,本科批B段,物理类,（103）,,537,79949,
3342,温州商学院,2025,四川,本科批B段,物理类,,,431,178722,
3362,浙江理工大学科技与艺术学院,2025,四川,本科批B段,物理类,（101）,,448,170913,
3362,浙江理工大学科技与艺术学院,2025,四川,本科批B段,物理类,（102）,,452,162900,
3364,宁波大学科学技术学院,2025,四川,本科批B段,物理类,,,455,139538,
3364,宁波大学科学技术学院,2025,四川,本科批B段,物理类,（103）,,456,139538,
3379,浙江工商大学杭州商学院,2025,四川,本科批B段,物理类,,,444,125937,
3379,浙江工商大学杭州商学院,2025,四川,本科批B段,物理类,（103）,,456,170913,
3380,温州医科大学仁济学院,2025,四川,本科批B段,物理类,（101）,,494,135473,
3380,温州医科大学仁济学院,2025,四川,本科批B段,物理类,,,478,84680,
3388,衢州学院,2025,四川,本科批B段,物理类,（101）,,499,124544,
3388,衢州学院,2025,四川,本科批B段,物理类,（102）,,513,100805,
3390,浙江财经大学东方学院,2025,四川,本科批B段,物理类,,,456,169623,
3390,浙江财经大学东方学院,2025,四川,本科批B段,物理类,（103）,,451,170913,
3393,杭州电子科技大学信息工程学院,2025,四川,本科批B段,物理类,（101）,,483,150538,
3393,杭州电子科技大学信息工程学院,2025,四川,本科批B段,物理类,（102）,,483,130019,
3395,浙江工业大学之江学院,2025,四川,本科批B段,物理类,（101）,,452,165602,
3395,浙江工业大学之江学院,2025,四川,本科批B段,物理类,（102）,,455,168271,
3398,湖州学院,2025,四川,本科批B段,物理类,（101）,,520,91961,
3399,温州理工学院,2025,四川,本科批B段,物理类,（101）,,519,98269,
3399,温州理工学院,2025,四川,本科批B段,物理类,（102）,,524,88297,
3405,安徽农业大学,2025,四川,本科批B段,物理类,（101）,,541,75327,
3405,安徽农业大学,2025,四川,本科批B段,物理类,（102）,,520,52443,
3405,安徽农业大学,2025,四川,本科批B段,物理类,（103）,,515,107235,
3406,安徽医科大学,2025,四川,本科批B段,物理类,（101）,,540,76490,
3406,安徽医科大学,2025,四川,本科批B段,物理类,（102）,,615,15239,
3407,安徽师范大学,2025,四川,本科批B段,物理类,,,463,93220,
3407,安徽师范大学,2025,四川,本科批B段,物理类,（103）,,537,59373,
3407,安徽师范大学,2025,四川,本科批B段,物理类,（104）,,584,34455,
341,南京理工大学,2025,四川,本科批B段,物理类,（104）,,608,18804,
341,南京理工大学,2025,四川,本科批B段,物理类,,,616,7273,
3415,安徽财经大学,2025,四川,本科批B段,物理类,（101）,,490,67613,
3419,淮南师范学院,2025,四川,本科批B段,物理类,,,496,127322,
3419,淮南师范学院,2025,四川,本科批B段,物理类,（103）,,499,121845,
3419,淮南师范学院,2025,四川,本科批B段,物理类,（104）,,500,127322,
3420,合肥大学,2025,四川,本科批B段,物理类,（101）,,525,85880,
3422,蚌埠学院,2025,四川,本科批B段,物理类,（101）,,510,105920,
3427,安庆师范大学,2025,四川,本科批B段,物理类,,,529,70843,
3428,安徽中医药大学,2025,四川,本科批B段,物理类,（101）,,558,52443,
3428,安徽中医药大学,2025,四川,本科批B段,物理类,（102）,,528,75327,
347,华侨大学,2025,四川,本科批B段,物理类,,,537,67613,
3473,池州学院,2025,四川,本科批B段,物理类,（101）,,504,109853,
3481,蚌埠工商学院,2025,四川,本科批B段,物理类,（101）,,468,166963,
3481,蚌埠工商学院,2025,四川,本科批B段,物理类,（102）,,469,165602,
3533,三明学院,2025,四川,本科批B段,物理类,,,492,132669,
3533,三明学院,2025,四川,本科批B段,物理类,（103）,,501,113767,
3537,龙岩学院,2025,四川,本科批B段,物理类,（101）,,489,138221,
3537,龙岩学院,2025,四川,本科批B段,物理类,（102）,,500,109853,
3541,福建江夏学院,2025,四川,本科批B段,物理类,,,504,99505,
3541,福建江夏学院,2025,四川,本科批B段,物理类,（103）,,512,103351,
355,中国民用航空飞行学院,2025,四川,本科批B段,物理类,（101）,,535,67613,
355,中国民用航空飞行学院,2025,四川,本科批B段,物理类,（102）,,560,35194,
355,中国民用航空飞行学院,2025,四川,本科批B段,物理类,（103）,,530,88297,
357,西南民族大学,2025,四川,本科批B段,物理类,,,523,50491,
357,西南民族大学,2025,四川,本科批B段,物理类,（102）,,550,55395,
3592,厦门工学院,2025,四川,本科批B段,物理类,（101）,,403,194744,
3592,厦门工学院,2025,四川,本科批B段,物理类,（102）,,444,168271,
3595,福州大学至诚学院,2025,四川,本科批B段,物理类,（101）,,444,200565,
3595,福州大学至诚学院,2025,四川,本科批B段,物理类,（102）,,445,162900,
36,江南大学,2025,四川,本科批B段,物理类,,,576,22825,
3602,东华理工大学,2025,四川,本科批B段,物理类,（101）,,459,79949,
3602,东华理工大学,2025,四川,本科批B段,物理类,（102）,,532,42395,
3603,南昌航空大学,2025,四川,本科批B段,物理类,,,563,27315,
3604,江西理工大学,2025,四川,本科批B段,物理类,（101）,,461,88297,
3604,江西理工大学,2025,四川,本科批B段,物理类,（102）,,536,54387,
3604,江西理工大学,2025,四川,本科批B段,物理类,（103）,,551,64577,
3607,江西农业大学,2025,四川,本科批B段,物理类,,,505,99505,
3615,赣南师范大学,2025,四川,本科批B段,物理类,,,490,94428,
3615,赣南师范大学,2025,四川,本科批B段,物理类,（106）,,513,104651,
3619,江西飞行学院,2025,四川,本科批B段,物理类,（101）,,489,138221,
3619,江西飞行学院,2025,四川,本科批B段,物理类,（102）,,513,71973,
3633,江西水利电力大学,2025,四川,本科批B段,物理类,（101）,,519,94429,
3633,江西水利电力大学,2025,四川,本科批B段,物理类,,,487,61372,
3633,江西水利电力大学,2025,四川,本科批B段,物理类,（104）,,493,135474,
3636,宜春学院,2025,四川,本科批B段,物理类,（101）,,500,107235,
3636,宜春学院,2025,四川,本科批B段,物理类,,,501,117870,
3636,宜春学院,2025,四川,本科批B段,物理类,（104）,,510,113767,
3636,宜春学院,2025,四川,本科批B段,物理类,（105）,,508,116541,
3641,新余学院,2025,四川,本科批B段,物理类,（101）,,491,131341,
3641,新余学院,2025,四川,本科批B段,物理类,（102）,,500,104651,
3641,新余学院,2025,四川,本科批B段,物理类,（103）,,506,119161,
3642,九江学院,2025,四川,本科批B段,物理类,（101）,,489,136811,
3642,九江学院,2025,四川,本科批B段,物理类,（102）,,505,111117,
365,石河子大学,2025,四川,本科批B段,物理类,（101）,,550,60374,
365,石河子大学,2025,四川,本科批B段,物理类,,,551,30107,
3691,赣南科技学院,2025,四川,本科批B段,物理类,（101）,,517,99505,
3692,南昌交通学院,2025,四川,本科批B段,物理类,（101）,,461,164265,
3695,南昌医学院,2025,四川,本科批B段,物理类,（101）,,511,112408,
3695,南昌医学院,2025,四川,本科批B段,物理类,,,512,38241,
3701,济南大学,2025,四川,本科批B段,物理类,,,532,60374,
3701,济南大学,2025,四川,本科批B段,物理类,（103）,,541,35928,
3701,济南大学,2025,四川,本科批B段,物理类,（104）,,546,69786,
3702,青岛科技大学,2025,四川,本科批B段,物理类,（101）,,550,56423,
3703,山东科技大学,2025,四川,本科批B段,物理类,,,522,82339,
3703,山东科技大学,2025,四川,本科批B段,物理类,（105）,,558,57388,
3704,山东政法学院,2025,四川,本科批B段,物理类,（101）,,536,69786,
3704,山东政法学院,2025,四川,本科批B段,物理类,（102）,,532,84680,
3705,青岛理工大学,2025,四川,本科批B段,物理类,,,473,84680,
3707,曲阜师范大学,2025,四川,本科批B段,物理类,（101）,,472,112408,
3707,曲阜师范大学,2025,四川,本科批B段,物理类,（102）,,525,76490,
3707,曲阜师范大学,2025,四川,本科批B段,物理类,（103）,,528,90690,
3708,青岛农业大学,2025,四川,本科批B段,物理类,（101）,,503,105920,
3709,山东第二医科大学,2025,四川,本科批B段,物理类,（101）,,506,41558,
3711,临沂大学,2025,四川,本科批B段,物理类,（101）,,524,87075,
3712,聊城大学,2025,四川,本科批B段,物理类,（101）,,519,102062,
3712,聊城大学,2025,四川,本科批B段,物理类,,,453,94428,
3712,聊城大学,2025,四川,本科批B段,物理类,（104）,,467,172209,
3713,山东师范大学,2025,四川,本科批B段,物理类,（101）,,535,65638,
3713,山东师范大学,2025,四川,本科批B段,物理类,（102）,,498,27315,
3713,山东师范大学,2025,四川,本科批B段,物理类,（103）,,537,79949,
3714,泰山学院,2025,四川,本科批B段,物理类,,,498,112408,
3715,鲁东大学,2025,四川,本科批B段,物理类,（101）,,510,109853,
3715,鲁东大学,2025,四川,本科批B段,物理类,,,496,74215,
3716,济宁学院,2025,四川,本科批B段,物理类,（101）,,504,121845,
3720,山东财经大学,2025,四川,本科批B段,物理类,,,510,21662,
3720,山东财经大学,2025,四川,本科批B段,物理类,（103）,,550,62454,
3723,山东交通学院,2025,四川,本科批B段,物理类,（101）,,503,108557,
3723,山东交通学院,2025,四川,本科批B段,物理类,,,471,87075,
3724,滨州医学院,2025,四川,本科批B段,物理类,,,486,65638,
3725,山东工商学院,2025,四川,本科批B段,物理类,,,493,104651,
3725,山东工商学院,2025,四川,本科批B段,物理类,（103）,,515,89512,
3726,山东航空学院,2025,四川,本科批B段,物理类,（101）,,514,108557,
3726,山东航空学院,2025,四川,本科批B段,物理类,,,527,78802,
373,北方民族大学,2025,四川,本科批B段,物理类,（101）,,493,116541,
373,北方民族大学,2025,四川,本科批B段,物理类,,,507,61371,
373,北方民族大学,2025,四川,本科批B段,物理类,（104）,,510,113767,
3730,青岛大学,2025,四川,本科批B段,物理类,（101）,,551,40707,
3730,青岛大学,2025,四川,本科批B段,物理类,,,556,27315,
3730,青岛大学,2025,四川,本科批B段,物理类,（104）,,546,69786,
3731,枣庄学院,2025,四川,本科批B段,物理类,（101）,,499,128670,
3739,山东理工大学,2025,四川,本科批B段,物理类,（101）,,529,89512,
3739,山东理工大学,2025,四川,本科批B段,物理类,（102）,,520,57388,
3740,山东农业大学,2025,四川,本科批B段,物理类,,,514,67613,
3744,山东农业工程学院,2025,四川,本科批B段,物理类,（101）,,496,105920,
3749,齐鲁医药学院,2025,四川,本科批B段,物理类,,,471,151883,
3750,山东女子学院,2025,四川,本科批B段,物理类,,,490,127322,
3798,山东石油化工学院,2025,四川,本科批B段,物理类,,,524,73079,
381,防灾科技学院,2025,四川,本科批B段,物理类,,,492,95738,
381,防灾科技学院,2025,四川,本科批B段,物理类,（107）,,520,100805,
3810,皖西学院,2025,四川,本科批B段,物理类,（101）,,505,117870,
3812,山东第一医科大学,2025,四川,本科批B段,物理类,（101）,,520,100805,
3812,山东第一医科大学,2025,四川,本科批B段,物理类,,,516,30818,
3851,浙江中医药大学,2025,四川,本科批B段,物理类,,,540,23461,
3871,宿迁学院,2025,四川,本科批B段,物理类,（101）,,500,127322,
3871,宿迁学院,2025,四川,本科批B段,物理类,（102）,,513,103351,
3894,苏州城市学院,2025,四川,本科批B段,物理类,（101）,,520,100805,
3894,苏州城市学院,2025,四川,本科批B段,物理类,（102）,,527,79949,
3895,苏州大学应用技术学院,2025,四川,本科批B段,物理类,（101）,,438,186338,
3895,苏州大学应用技术学院,2025,四川,本科批B段,物理类,（102）,,468,154721,
3908,安徽艺术学院,2025,四川,本科批B段,物理类,（101）,,491,139538,
391,中华女子学院,2025,四川,本科批B段,物理类,（101）,,524,69786,
391,中华女子学院,2025,四川,本科批B段,物理类,（102）,,534,77689,
3915,南京师范大学泰州学院,2025,四川,本科批B段,物理类,（101）,,443,185117,
3916,南京财经大学红山学院,2025,四川,本科批B段,物理类,（101）,,455,169623,
3922,扬州大学,2025,四川,本科批B段,物理类,（101）,,560,30818,
397,中国劳动关系学院,2025,四川,本科批B段,物理类,（101）,,547,56423,
397,中国劳动关系学院,2025,四川,本科批B段,物理类,（102）,,542,71973,
3987,铜陵学院,2025,四川,本科批B段,物理类,（101）,,516,105920,
4102,河南理工大学,2025,四川,本科批B段,物理类,（101）,,522,98269,
4102,河南理工大学,2025,四川,本科批B段,物理类,,,526,49593,
4103,华北水利水电大学,2025,四川,本科批B段,物理类,（101）,,530,88297,
4103,华北水利水电大学,2025,四川,本科批B段,物理类,,,491,50491,
4107,中原工学院,2025,四川,本科批B段,物理类,（102）,,515,100805,
4110,河南工程学院,2025,四川,本科批B段,物理类,（101）,,497,124544,
4110,河南工程学院,2025,四川,本科批B段,物理类,（102）,,504,104651,
4113,河南大学,2025,四川,本科批B段,物理类,,,545,53398,
4115,河南师范大学,2025,四川,本科批B段,物理类,（101）,,522,98269,
4115,河南师范大学,2025,四川,本科批B段,物理类,,,472,81156,
4121,河南财经政法大学,2025,四川,本科批B段,物理类,（101）,,512,32274,
4121,河南财经政法大学,2025,四川,本科批B段,物理类,（102）,,549,64577,
4129,郑州工程技术学院,2025,四川,本科批B段,物理类,（101）,,493,136811,
4129,郑州工程技术学院,2025,四川,本科批B段,物理类,,,498,124544,
4135,信阳农林学院,2025,四川,本科批B段,物理类,（101）,,493,135473,
4138,河南工学院,2025,四川,本科批B段,物理类,（101）,,495,134050,
4138,河南工学院,2025,四川,本科批B段,物理类,（102）,,514,99505,
4139,安阳工学院,2025,四川,本科批B段,物理类,,,489,103351,
4151,平顶山学院,2025,四川,本科批B段,物理类,（101）,,496,132669,
4151,平顶山学院,2025,四川,本科批B段,物理类,（102）,,498,130019,
4182,豫北医学院,2025,四川,本科批B段,物理类,（101）,,499,121845,
4182,豫北医学院,2025,四川,本科批B段,物理类,（102）,,531,87075,
4183,郑州经贸学院,2025,四川,本科批B段,物理类,（101）,,473,156077,
4192,河南科技学院,2025,四川,本科批B段,物理类,（101）,,493,131341,
4192,河南科技学院,2025,四川,本科批B段,物理类,（102）,,497,113767,
42,山东大学,2025,四川,本科批B段,物理类,,,604,4745,
42,山东大学,2025,四川,本科批B段,物理类,（105）,,634,1972,
4203,湖北大学,2025,四川,本科批B段,物理类,,,567,38996,
4203,湖北大学,2025,四川,本科批B段,物理类,（105）,,576,40707,
4205,武汉轻工大学,2025,四川,本科批B段,物理类,（101）,,492,138221,
4205,武汉轻工大学,2025,四川,本科批B段,物理类,,,505,58346,
4209,湖北师范大学,2025,四川,本科批B段,物理类,（101）,,517,103351,
4209,湖北师范大学,2025,四川,本科批B段,物理类,（102）,,526,78802,
4209,湖北师范大学,2025,四川,本科批B段,物理类,（103）,,526,93220,
4213,湖北民族大学,2025,四川,本科批B段,物理类,（105）,,502,124544,
4213,湖北民族大学,2025,四川,本科批B段,物理类,,,502,84680,
4213,湖北民族大学,2025,四川,本科批B段,物理类,（104）,,514,108557,
4214,汉江师范学院,2025,四川,本科批B段,物理类,（101）,,501,119161,
4214,汉江师范学院,2025,四川,本科批B段,物理类,（102）,,502,117870,
4215,湖北文理学院,2025,四川,本科批B段,物理类,（101）,,515,97005,
4217,湖北汽车工业学院,2025,四川,本科批B段,物理类,,,505,87075,
4220,湖北第二师范学院,2025,四川,本科批B段,物理类,,,502,100805,
4220,湖北第二师范学院,2025,四川,本科批B段,物理类,（103）,,512,102062,
4223,湖北理工学院,2025,四川,本科批B段,物理类,（101）,,517,104651,
4223,湖北理工学院,2025,四川,本科批B段,物理类,（102）,,527,83509,
4225,湖北医药学院,2025,四川,本科批B段,物理类,（101）,,527,63535,
4237,武汉商学院,2025,四川,本科批B段,物理类,（101）,,501,125937,
4237,武汉商学院,2025,四川,本科批B段,物理类,（102）,,518,100805,
4239,武汉科技大学,2025,四川,本科批B段,物理类,（101）,,562,44146,
4239,武汉科技大学,2025,四川,本科批B段,物理类,（102）,,567,24744,
4289,武汉工程大学邮电与信息工程学院,2025,四川,本科批B段,物理类,（101）,,457,185117,
4289,武汉工程大学邮电与信息工程学院,2025,四川,本科批B段,物理类,（102）,,471,144941,
4299,武汉工商学院,2025,四川,本科批B段,物理类,（101）,,473,151883,
4299,武汉工商学院,2025,四川,本科批B段,物理类,,,457,161520,
43,中国海洋大学,2025,四川,本科批B段,物理类,,,603,13814,
4301,湘潭大学,2025,四川,本科批B段,物理类,（101）,,574,29415,
4301,湘潭大学,2025,四川,本科批B段,物理类,（102）,,581,18804,
4306,长沙理工大学,2025,四川,本科批B段,物理类,（101）,,553,41558,
4306,长沙理工大学,2025,四川,本科批B段,物理类,（102）,,581,17774,
4308,中南林业科技大学,2025,四川,本科批B段,物理类,,,492,78802,
4314,湘南学院,2025,四川,本科批B段,物理类,（101）,,519,95738,
4314,湘南学院,2025,四川,本科批B段,物理类,,,504,95738,
4317,怀化学院,2025,四川,本科批B段,物理类,（101）,,514,99505,
4319,湖南科技学院,2025,四川,本科批B段,物理类,（101）,,499,125937,
4332,长沙学院,2025,四川,本科批B段,物理类,（101）,,509,115134,
4335,湖南工业大学,2025,四川,本科批B段,物理类,,,485,74215,
4339,南华大学,2025,四川,本科批B段,物理类,,,524,61371,
4339,南华大学,2025,四川,本科批B段,物理类,（103）,,559,29415,
4398,湖南汽车工程职业大学,2025,四川,本科批B段,物理类,（101）,,502,124544,
44,中国石油大学（华东）,2025,四川,本科批B段,物理类,（101）,,600,22235,
44,中国石油大学（华东）,2025,四川,本科批B段,物理类,（102）,,605,10101,
4404,华南农业大学,2025,四川,本科批B段,物理类,（101）,,560,29415,
4404,华南农业大学,2025,四川,本科批B段,物理类,（102）,,566,49593,
4409,广东药科大学,2025,四川,本科批B段,物理类,,,542,45003,
4424,深圳大学,2025,四川,本科批B段,物理类,,,592,8584,
4424,深圳大学,2025,四川,本科批B段,物理类,（103）,,618,4980,
4433,肇庆医学院,2025,四川,本科批B段,物理类,（101）,,516,94428,
4434,韩山师范学院,2025,四川,本科批B段,物理类,,,497,115134,
4434,韩山师范学院,2025,四川,本科批B段,物理类,（103）,,500,127322,
4435,广东石油化工学院,2025,四川,本科批B段,物理类,,,518,73079,
4435,广东石油化工学院,2025,四川,本科批B段,物理类,（105）,,520,100805,
4436,佛山大学,2025,四川,本科批B段,物理类,,,511,102062,
4438,广东工业大学,2025,四川,本科批B段,物理类,（101）,,592,27996,
4438,广东工业大学,2025,四川,本科批B段,物理类,（102）,,600,17239,
4439,南方医科大学,2025,四川,本科批B段,物理类,（101）,,596,3212,
4444,五邑大学,2025,四川,本科批B段,物理类,（101）,,558,57388,
4444,五邑大学,2025,四川,本科批B段,物理类,,,522,82339,
4473,广东东软学院,2025,四川,本科批B段,物理类,（101）,,441,185117,
4473,广东东软学院,2025,四川,本科批B段,物理类,（102）,,424,195955,
4489,广州软件学院,2025,四川,本科批B段,物理类,,,429,198330,
4501,广西大学,2025,四川,本科批B段,物理类,（101）,,577,36672,
4501,广西大学,2025,四川,本科批B段,物理类,（102）,,585,15739,
4501,广西大学,2025,四川,本科批B段,物理类,（103）,,591,27996,
4502,广西科技大学,2025,四川,本科批B段,物理类,,,509,95738,
4502,广西科技大学,2025,四川,本科批B段,物理类,（108）,,524,95738,
4503,桂林电子科技大学,2025,四川,本科批B段,物理类,（101）,,551,56423,
4503,桂林电子科技大学,2025,四川,本科批B段,物理类,,,546,25369,
4504,桂林理工大学,2025,四川,本科批B段,物理类,（101）,,508,108557,
4504,桂林理工大学,2025,四川,本科批B段,物理类,,,511,64577,
4504,桂林理工大学,2025,四川,本科批B段,物理类,（104）,,535,82339,
4506,广西医科大学,2025,四川,本科批B段,物理类,,,524,9704,
4507,右江民族医学院,2025,四川,本科批B段,物理类,,,493,132669,
4507,右江民族医学院,2025,四川,本科批B段,物理类,（108）,,514,108557,
4509,桂林医科大学,2025,四川,本科批B段,物理类,,,528,41558,
4510,广西师范大学,2025,四川,本科批B段,物理类,,,474,93220,
4510,广西师范大学,2025,四川,本科批B段,物理类,（103）,,525,76490,
4510,广西师范大学,2025,四川,本科批B段,物理类,（105）,,528,84680,
4510,广西师范大学,2025,四川,本科批B段,物理类,（104）,,519,102062,
4514,玉林师范学院,2025,四川,本科批B段,物理类,（101）,,498,128670,
4520,桂林航天工业学院,2025,四川,本科批B段,物理类,（101）,,491,116541,
4520,桂林航天工业学院,2025,四川,本科批B段,物理类,,,514,69786,
4523,百色学院,2025,四川,本科批B段,物理类,,,491,138221,
4523,百色学院,2025,四川,本科批B段,物理类,（103）,,498,120489,
4523,百色学院,2025,四川,本科批B段,物理类,（104）,,492,138221,
4528,北部湾大学,2025,四川,本科批B段,物理类,（101）,,510,113767,
4528,北部湾大学,2025,四川,本科批B段,物理类,,,502,94428,
4546,贺州学院,2025,四川,本科批B段,物理类,（101）,,498,130019,
4546,贺州学院,2025,四川,本科批B段,物理类,（102）,,501,124544,
4590,广西中医药大学赛恩斯新医药学院,2025,四川,本科批B段,物理类,（101）,,503,113767,
4590,广西中医药大学赛恩斯新医药学院,2025,四川,本科批B段,物理类,（102）,,482,134050,
4590,广西中医药大学赛恩斯新医药学院,2025,四川,本科批B段,物理类,（103）,,480,154721,
46,中国地质大学（武汉）,2025,四川,本科批B段,物理类,,,581,11305,
4605,海南大学,2025,四川,本科批B段,物理类,,,566,31541,
4605,海南大学,2025,四川,本科批B段,物理类,（107）,,578,38996,
4611,海南热带海洋学院,2025,四川,本科批B段,物理类,,,482,128670,
4611,海南热带海洋学院,2025,四川,本科批B段,物理类,（103）,,496,115134,
4615,海南师范大学,2025,四川,本科批B段,物理类,,,438,87075,
4615,海南师范大学,2025,四川,本科批B段,物理类,（105）,,474,132669,
4615,海南师范大学,2025,四川,本科批B段,物理类,（106）,,533,83509,
4617,海南医科大学,2025,四川,本科批B段,物理类,（101）,,554,60374,
4617,海南医科大学,2025,四川,本科批B段,物理类,,,499,28720,
4618,琼台师范学院,2025,四川,本科批B段,物理类,,,458,120489,
4618,琼台师范学院,2025,四川,本科批B段,物理类,（106）,,500,120489,
4790,深圳技术大学,2025,四川,本科批B段,物理类,,,607,11716,
48,华中师范大学,2025,四川,本科批B段,物理类,（101）,,594,20484,
48,华中师范大学,2025,四川,本科批B段,物理类,,,611,11304,
48,华中师范大学,2025,四川,本科批B段,物理类,（104）,,611,17239,
4877,武汉华夏理工学院,2025,四川,本科批B段,物理类,（101）,,443,195955,
4877,武汉华夏理工学院,2025,四川,本科批B段,物理类,（102）,,457,165602,
4903,商丘工学院,2025,四川,本科批B段,物理类,（101）,,473,162900,
4906,肇庆学院,2025,四川,本科批B段,物理类,,,495,97005,
5,北京科技大学,2025,四川,本科批B段,物理类,（101）,,623,11716,
5,北京科技大学,2025,四川,本科批B段,物理类,,,623,5531,
5008,重庆医科大学,2025,四川,本科批B段,物理类,,,519,2522,
5010,重庆师范大学,2025,四川,本科批B段,物理类,,,522,45003,
5010,重庆师范大学,2025,四川,本科批B段,物理类,（105）,,543,73079,
5010,重庆师范大学,2025,四川,本科批B段,物理类,（107）,,550,65638,
5010,重庆师范大学,2025,四川,本科批B段,物理类,（106）,,563,52443,
5015,四川外国语大学,2025,四川,本科批B段,物理类,,,510,62455,
5015,四川外国语大学,2025,四川,本科批B段,物理类,（106）,,534,82340,
5022,重庆科技大学,2025,四川,本科批B段,物理类,,,512,81156,
5025,重庆理工大学,2025,四川,本科批B段,物理类,（101）,,537,60374,
5025,重庆理工大学,2025,四川,本科批B段,物理类,,,552,26637,
5026,重庆工商大学,2025,四川,本科批B段,物理类,,,500,38997,
5026,重庆工商大学,2025,四川,本科批B段,物理类,（103）,,544,54388,
5026,重庆工商大学,2025,四川,本科批B段,物理类,（104）,,520,99506,
5027,重庆第二师范学院,2025,四川,本科批B段,物理类,,,452,89512,
5027,重庆第二师范学院,2025,四川,本科批B段,物理类,（106）,,523,97005,
5064,重庆工程学院,2025,四川,本科批B段,物理类,,,474,154721,
5085,重庆人文科技学院,2025,四川,本科批B段,物理类,,,480,140851,
5092,重庆移通学院,2025,四川,本科批B段,物理类,（101）,,472,157445,
5092,重庆移通学院,2025,四川,本科批B段,物理类,,,465,139538,
5093,重庆财经学院,2025,四川,本科批B段,物理类,,,453,128670,
5093,重庆财经学院,2025,四川,本科批B段,物理类,（103）,,486,138221,
5101,西南石油大学,2025,四川,本科批B段,物理类,,,544,35194,
5101,西南石油大学,2025,四川,本科批B段,物理类,（106）,,581,36672,
5116,西南医科大学,2025,四川,本科批B段,物理类,,,469,45003,
5117,成都中医药大学,2025,四川,本科批B段,物理类,,,498,4527,
5118,川北医学院,2025,四川,本科批B段,物理类,（101）,,511,108557,
5118,川北医学院,2025,四川,本科批B段,物理类,,,518,27315,
5120,四川师范大学,2025,四川,本科批B段,物理类,,,475,27315,
5120,四川师范大学,2025,四川,本科批B段,物理类,（113）,,528,81156,
5120,四川师范大学,2025,四川,本科批B段,物理类,（114）,,539,66644,
5123,绵阳师范学院,2025,四川,本科批B段,物理类,,,492,100805,
5123,绵阳师范学院,2025,四川,本科批B段,物理类,（105）,,506,99505,
5123,绵阳师范学院,2025,四川,本科批B段,物理类,（107）,,513,109853,
5123,绵阳师范学院,2025,四川,本科批B段,物理类,（106）,,499,128670,
5124,内江师范学院,2025,四川,本科批B段,物理类,,,497,108557,
5124,内江师范学院,2025,四川,本科批B段,物理类,（503）,,507,115134,
5124,内江师范学院,2025,四川,本科批B段,物理类,（504）,,519,99505,
5124,内江师范学院,2025,四川,本科批B段,物理类,（505）,,523,97005,
5125,宜宾学院,2025,四川,本科批B段,物理类,,,494,103351,
5125,宜宾学院,2025,四川,本科批B段,物理类,（113）,,506,119161,
5126,成都师范学院,2025,四川,本科批B段,物理类,,,507,66644,
5126,成都师范学院,2025,四川,本科批B段,物理类,（108）,,522,98269,
5128,四川文理学院,2025,四川,本科批B段,物理类,,,494,113767,
5128,四川文理学院,2025,四川,本科批B段,物理类,（107）,,509,115134,
5136,四川音乐学院,2025,四川,本科批B段,物理类,,,488,134050,
5139,攀枝花学院,2025,四川,本科批B段,物理类,（202）,,495,119161,
5139,攀枝花学院,2025,四川,本科批B段,物理类,,,504,71973,
5143,四川民族学院,2025,四川,本科批B段,物理类,,,494,117870,
5143,四川民族学院,2025,四川,本科批B段,物理类,（104）,,492,138221,
5143,四川民族学院,2025,四川,本科批B段,物理类,（105）,,489,142200,
5147,四川旅游学院,2025,四川,本科批B段,物理类,（101）,,498,113767,
5147,四川旅游学院,2025,四川,本科批B段,物理类,,,442,100805,
5149,四川警察学院,2025,四川,本科批B段,物理类,（101）,,556,59373,
5177,成都东软学院,2025,四川,本科批B段,物理类,（101）,,444,180008,
5177,成都东软学院,2025,四川,本科批B段,物理类,,,438,147761,
5201,贵州大学,2025,四川,本科批B段,物理类,,,533,36672,
5205,遵义医科大学,2025,四川,本科批B段,物理类,,,530,30107,
5205,遵义医科大学,2025,四川,本科批B段,物理类,（105）,,525,91961,
5209,安顺学院,2025,四川,本科批B段,物理类,,,505,115134,
5211,贵州财经大学,2025,四川,本科批B段,物理类,（101）,,535,81156,
5211,贵州财经大学,2025,四川,本科批B段,物理类,（102）,,547,68733,
5214,六盘水师范学院,2025,四川,本科批B段,物理类,,,502,107235,
5214,六盘水师范学院,2025,四川,本科批B段,物理类,（103）,,500,127322,
5220,铜仁学院,2025,四川,本科批B段,物理类,,,502,108557,
5220,铜仁学院,2025,四川,本科批B段,物理类,（107）,,509,115134,
5288,茅台学院,2025,四川,本科批B段,物理类,（101）,,488,143591,
5288,茅台学院,2025,四川,本科批B段,物理类,,,507,91961,
5302,昆明理工大学,2025,四川,本科批B段,物理类,（101）,,502,45869,
5302,昆明理工大学,2025,四川,本科批B段,物理类,,,557,27315,
5302,昆明理工大学,2025,四川,本科批B段,物理类,（103）,,585,30107,
5302,昆明理工大学,2025,四川,本科批B段,物理类,（104）,,504,121845,
5304,云南农业大学,2025,四川,本科批B段,物理类,,,467,84680,
5304,云南农业大学,2025,四川,本科批B段,物理类,（106）,,523,97005,
5305,西南林业大学,2025,四川,本科批B段,物理类,,,514,91961,
5305,西南林业大学,2025,四川,本科批B段,物理类,（104）,,532,85880,
5306,昆明医科大学,2025,四川,本科批B段,物理类,,,521,38996,
5307,大理大学,2025,四川,本科批B段,物理类,,,514,88298,
5307,大理大学,2025,四川,本科批B段,物理类,（107）,,517,103352,
5308,云南中医药大学,2025,四川,本科批B段,物理类,,,546,56423,
5313,保山学院,2025,四川,本科批B段,物理类,（101）,,496,131341,
5320,云南民族大学,2025,四川,本科批B段,物理类,（101）,,523,97005,
5321,玉溪师范学院,2025,四川,本科批B段,物理类,（101）,,501,119161,
5324,昆明学院,2025,四川,本科批B段,物理类,（101）,,508,104651,
5324,昆明学院,2025,四川,本科批B段,物理类,（102）,,519,91961,
5324,昆明学院,2025,四川,本科批B段,物理类,（103）,,533,75327,
5324,昆明学院,2025,四川,本科批B段,物理类,（104）,,512,111117,
5326,文山学院,2025,四川,本科批B段,物理类,（101）,,496,132669,
5381,滇池学院,2025,四川,本科批B段,物理类,（101）,,437,180008,
5381,滇池学院,2025,四川,本科批B段,物理类,（102）,,448,166963,
5391,昆明医科大学海源学院,2025,四川,本科批B段,物理类,（101）,,508,100805,
5574,重庆中医药学院,2025,四川,本科批B段,物理类,（101）,,549,60374,
5574,重庆中医药学院,2025,四川,本科批B段,物理类,,,520,66644,
5703,成都锦城学院,2025,四川,本科批B段,物理类,,,480,108557,
5710,西南财经大学天府学院,2025,四川,本科批B段,物理类,,,454,144941,
58,西安交通大学,2025,四川,本科批B段,物理类,（101）,,645,4527,
58,西安交通大学,2025,四川,本科批B段,物理类,,,610,489,
6,北京化工大学,2025,四川,本科批B段,物理类,,,597,9704,
61,兰州大学,2025,四川,本科批B段,物理类,（101）,,606,12558,
61,兰州大学,2025,四川,本科批B段,物理类,,,595,6688,
6116,延安大学,2025,四川,本科批B段,物理类,（101）,,509,113767,
6116,延安大学,2025,四川,本科批B段,物理类,（102）,,518,89512,
6116,延安大学,2025,四川,本科批B段,物理类,（103）,,512,111117,
6117,咸阳师范学院,2025,四川,本科批B段,物理类,（101）,,486,146356,
6117,咸阳师范学院,2025,四川,本科批B段,物理类,（102）,,507,116541,
6121,西北政法大学,2025,四川,本科批B段,物理类,（101）,,597,19363,
6125,榆林学院,2025,四川,本科批B段,物理类,（101）,,503,116541,
6127,安康学院,2025,四川,本科批B段,物理类,（101）,,501,125937,
6127,安康学院,2025,四川,本科批B段,物理类,（102）,,499,125937,
6127,安康学院,2025,四川,本科批B段,物理类,（103）,,494,135473,
6133,西安航空学院,2025,四川,本科批B段,物理类,,,518,48644,
6134,陕西学前师范学院,2025,四川,本科批B段,物理类,（101）,,509,115134,
6134,陕西学前师范学院,2025,四川,本科批B段,物理类,（102）,,499,125937,
6137,宝鸡文理学院,2025,四川,本科批B段,物理类,（101）,,508,103351,
6139,陕西理工大学,2025,四川,本科批B段,物理类,（101）,,508,99505,
6139,陕西理工大学,2025,四川,本科批B段,物理类,（102）,,538,49593,
6156,西京学院,2025,四川,本科批B段,物理类,,,472,150538,
6156,西京学院,2025,四川,本科批B段,物理类,（103）,,461,140851,
6182,西安建筑科技大学华清学院,2025,四川,本科批B段,物理类,（101）,,438,200565,
6186,西安文理学院,2025,四川,本科批B段,物理类,（101）,,507,111117,
6188,西安明德理工学院,2025,四川,本科批B段,物理类,（101）,,446,166963,
6188,西安明德理工学院,2025,四川,本科批B段,物理类,（102）,,453,173494,
6206,西北师范大学,2025,四川,本科批B段,物理类,,,500,65638,
6206,西北师范大学,2025,四川,本科批B段,物理类,（108）,,493,136811,
6209,天水师范大学,2025,四川,本科批B段,物理类,（101）,,497,131341,
6209,天水师范大学,2025,四川,本科批B段,物理类,（102）,,501,124544,
6211,兰州财经大学,2025,四川,本科批B段,物理类,,,509,81156,
6211,兰州财经大学,2025,四川,本科批B段,物理类,（104）,,527,74215,
6211,兰州财经大学,2025,四川,本科批B段,物理类,（105）,,506,119161,
6215,甘肃政法大学,2025,四川,本科批B段,物理类,（101）,,522,29415,
6215,甘肃政法大学,2025,四川,本科批B段,物理类,（102）,,533,73079,
63,中国石油大学（北京）,2025,四川,本科批B段,物理类,（101）,,617,14292,
63,中国石油大学（北京）,2025,四川,本科批B段,物理类,（102）,,613,8961,
6301,青海大学,2025,四川,本科批B段,物理类,,,571,31541,
6301,青海大学,2025,四川,本科批B段,物理类,（104）,,564,21058,
6301,青海大学,2025,四川,本科批B段,物理类,（105）,,551,20484,
64,中国地质大学（北京）,2025,四川,本科批B段,物理类,（101）,,602,21058,
64,中国地质大学（北京）,2025,四川,本科批B段,物理类,,,576,12979,
6401,宁夏大学,2025,四川,本科批B段,物理类,,,557,52443,
6405,宁夏师范大学,2025,四川,本科批B段,物理类,（101）,,494,135473,
6405,宁夏师范大学,2025,四川,本科批B段,物理类,,,506,112408,
6405,宁夏师范大学,2025,四川,本科批B段,物理类,（104）,,498,130019,
6407,宁夏医科大学,2025,四川,本科批B段,物理类,,,517,22824,
6407,宁夏医科大学,2025,四川,本科批B段,物理类,（106）,,513,109853,
6451,宁夏理工学院,2025,四川,本科批B段,物理类,（101）,,442,173494,
6451,宁夏理工学院,2025,四川,本科批B段,物理类,（102）,,428,182565,
6501,新疆大学,2025,四川,本科批B段,物理类,（101）,,545,42395,
6501,新疆大学,2025,四川,本科批B段,物理类,（102）,,568,21662,
6501,新疆大学,2025,四川,本科批B段,物理类,（103）,,577,39823,
6509,喀什大学,2025,四川,本科批B段,物理类,,,472,134050,
6509,喀什大学,2025,四川,本科批B段,物理类,（103）,,480,130019,
6509,喀什大学,2025,四川,本科批B段,物理类,（106）,,494,135473,
6509,喀什大学,2025,四川,本科批B段,物理类,（105）,,484,149186,
6509,喀什大学,2025,四川,本科批B段,物理类,（104）,,495,134050,
6588,兰州资源环境职业技术大学,2025,四川,本科批B段,物理类,（101）,,496,131341,
67,中南大学,2025,四川,本科批B段,物理类,（101）,,625,6688,
67,中南大学,2025,四川,本科批B段,物理类,,,631,1500,
6752,西安交通工程学院,2025,四川,本科批B段,物理类,,,438,150538,
6752,西安交通工程学院,2025,四川,本科批B段,物理类,（103）,,469,160168,
7,北京邮电大学,2025,四川,本科批B段,物理类,,,614,2118,
70,武汉理工大学,2025,四川,本科批B段,物理类,（101）,,600,23461,
70,武汉理工大学,2025,四川,本科批B段,物理类,,,601,9704,
73,中央美术学院,2025,四川,本科批B段,物理类,,,582,15239,
73,中央美术学院,2025,四川,本科批B段,物理类,（103）,,600,23461,
75,北京外国语大学,2025,四川,本科批B段,物理类,（101）,,620,2851,
75,北京外国语大学,2025,四川,本科批B段,物理类,（102）,,624,11304,
77,北京大学医学部,2025,四川,本科批B段,物理类,（101）,,675,109,
78,山东大学（威海）,2025,四川,本科批B段,物理类,（101）,,619,13420,
78,山东大学（威海）,2025,四川,本科批B段,物理类,（102）,,625,7923,
78,山东大学（威海）,2025,四川,本科批B段,物理类,（103）,,605,20484,
9,北京林业大学,2025,四川,本科批B段,物理类,,,591,17239,
9,北京林业大学,2025,四川,本科批B段,物理类,（108）,,602,22235,
9,北京林业大学,2025,四川,本科批B段,物理类,（107）,,597,25369,
94,中国石油大学（北京）克拉玛依校区,2025,四川,本科批B段,物理类,,,574,33728,
94,中国石油大学（北京）克拉玛依校区,2025,四川,本科批B段,物理类,（103）,,589,22824,
5116,西南医科大学,2025,四川,本科批（区域教育均衡发展专项）,物理类,,,441,140851,
5123,绵阳师范学院,2025,四川,本科批（区域教育均衡发展专项）,物理类,,,443,140851,
5123,绵阳师范学院,2025,四川,本科批（区域教育均衡发展专项）,物理类,（109）,,471,165602,
5116,西南医科大学,2025,四川,本科批（预科）,物理类,（101）,,467,172209,
5123,绵阳师范学院,2025,四川,本科批（预科）,物理类,,,366,216410,
5123,绵阳师范学院,2025,四川,本科批（预科）,物理类,（113）,,426,219255,
5123,绵阳师范学院,2025,四川,本科批（预科）,物理类,（112）,,425,220190,
10,北京中医药大学,2025,四川,本科批（高校专项）,物理类,（101）,,565,26637,
27,华东理工大学,2025,四川,本科批（高校专项）,物理类,（101）,,578,15739,
29,华东师范大学,2025,四川,本科批（高校专项）,物理类,（101）,,544,6992,
31,上海财经大学,2025,四川,本科批（高校专项）,物理类,（101）,,620,12979,
3225,南京师范大学,2025,四川,本科批（高校专项）,物理类,（101不限）,,569,46766,
3225,南京师范大学,2025,四川,本科批（高校专项）,物理类,（101化）,,554,48644,
341,南京理工大学,2025,四川,本科批（高校专项）,物理类,（101）,,579,29415,
380,哈尔滨工业大学（威海）,2025,四川,本科批（高校专项）,物理类,（101）,,641,5531,
48,华中师范大学,2025,四川,本科批（高校专项）,物理类,（101不限）,,582,32274,
48,华中师范大学,2025,四川,本科批（高校专项）,物理类,（101化）,,583,33728,
48,华中师范大学,2025,四川,本科批（高校专项）,物理类,（101地）,,586,32968,
6,北京化工大学,2025,四川,本科批（高校专项）,物理类,（101）,,599,17774,
9,北京林业大学,2025,四川,本科批（高校专项）,物理类,（101）,,572,37428,
327,中国刑事警察学院,2025,四川,本科提前批,物理类,（101）,,610,12979,
308,中国人民公安大学,2025,四川,本科提前批A段,物理类,,,642,2239,
3103,上海海事大学,2025,四川,本科提前批A段,物理类,（101）,,559,45869,
327,中国刑事警察学院,2025,四川,本科提前批A段,物理类,,,629,6398,
327,中国刑事警察学院,2025,四川,本科提前批A段,物理类,（103）,,544,71973,
4528,北部湾大学,2025,四川,本科提前批A段,物理类,（101）,,516,103351,
4611,海南热带海洋学院,2025,四川,本科提前批A段,物理类,（101）,,509,115134,
96,中国消防救援学院,2025,四川,本科提前批A段,物理类,（101）,,591,14292,
2301,黑龙江大学,2025,四川,本科提前批B段,物理类,（101）,,555,58346,
29,华东师范大学,2025,四川,本科提前批B段,物理类,,,616,2118,
48,华中师范大学,2025,四川,本科提前批B段,物理类,,,605,5531,
48,华中师范大学,2025,四川,本科提前批B段,物理类,（104）,,632,8272,
5120,四川师范大学,2025,四川,本科提前批B段,物理类,,,498,12979,
5123,绵阳师范学院,2025,四川,本科提前批B段,物理类,,,500,28720,
5133,乐山师范学院,2025,四川,本科提前批B段,物理类,,,511,31541,
308,中国人民公安大学,2025,四川,本科提前批（国家专项）,物理类,（101）,,622,6992,
,郑州美术学院,2025,四川,艺术类本科批,艺术类（历史）,,,505,,
1160,北京经贸职业学院,2024,四川,专科批,文科,,,424,103467,
1160001,北京经贸职业学院,2024,四川,专科批,文科,,,424,103467,
1169,北京培黎职业学院,2024,四川,专科批,文科,,,355,144399,
1169001,北京培黎职业学院,2024,四川,专科批,文科,,,355,144399,
1171,北京经济技术职业学院,2024,四川,专科批,文科,,,458,75933,
1171001,北京经济技术职业学院,2024,四川,专科批,文科,,,458,75933,
1186,北京经济管理职业学院,2024,四川,专科批,文科,,,455,75066,
1186001,北京经济管理职业学院,2024,四川,专科批,文科,,,455,75066,
1190,北京信息职业技术学院,2024,四川,专科批,文科,,,459,75066,
1190001,北京信息职业技术学院,2024,四川,专科批,文科,,,459,75066,
1207,天津师范大学,2024,四川,专科批,文科,,,490,40370,
1207001,天津师范大学,2024,四川,专科批,文科,,,490,40370,
1217,天津市职业大学,2024,四川,专科批,文科,,,207,56546,
1217001,天津市职业大学,2024,四川,专科批,文科,,,207,56546,
1225,天津医学高等专科学校,2024,四川,专科批,文科,,,461,45308,
1225001,天津医学高等专科学校,2024,四川,专科批,文科,,,461,45308,
1249,天津艺术职业学院,2024,四川,专科批,文科,,,411,100284,
1249001,天津艺术职业学院,2024,四川,专科批,文科,,,411,100284,
1251,天津天狮学院,2024,四川,专科批,文科,,,378,123938,
1251001,天津天狮学院,2024,四川,专科批,文科,,,378,123938,
1253,天津滨海职业学院,2024,四川,专科批,文科,,,286,115063,
1253001,天津滨海职业学院,2024,四川,专科批,文科,,,286,115063,
1256,天津轻工职业技术学院,2024,四川,专科批,文科,,,373,102643,
1256001,天津轻工职业技术学院,2024,四川,专科批,文科,,,373,102643,
1258,天津渤海职业技术学院,2024,四川,专科批,文科,,,332,129792,
1258001,天津渤海职业技术学院,2024,四川,专科批,文科,,,332,129792,
1259,天津机电职业技术学院,2024,四川,专科批,文科,,,329,93222,
1259001,天津机电职业技术学院,2024,四川,专科批,文科,,,329,93222,
1260,天津现代职业技术学院,2024,四川,专科批,文科,,,398,89894,
1260001,天津现代职业技术学院,2024,四川,专科批,文科,,,398,89894,
1261,天津商务职业学院,2024,四川,专科批,文科,,,391,84169,
1261001,天津商务职业学院,2024,四川,专科批,文科,,,391,84169,
1262,天津工业职业学院,2024,四川,专科批,文科,,,292,125419,
1262001,天津工业职业学院,2024,四川,专科批,文科,,,292,125419,
1264,天津国土资源和房屋职业学院,2024,四川,专科批,文科,,,355,149911,
1264001,天津国土资源和房屋职业学院,2024,四川,专科批,文科,,,355,149911,
1265,天津交通职业学院,2024,四川,专科批,文科,,,344,122467,
1265001,天津交通职业学院,2024,四川,专科批,文科,,,344,122467,
1266,天津铁道职业技术学院,2024,四川,专科批,文科,,,417,98772,
1266001,天津铁道职业技术学院,2024,四川,专科批,文科,,,417,98772,
1267,天津公安警官职业学院,2024,四川,专科批,文科,,,423,104226,
1267001,天津公安警官职业学院,2024,四川,专科批,文科,,,423,104226,
1268,天津石油职业技术学院,2024,四川,专科批,文科,,,380,132050,
1268001,天津石油职业技术学院,2024,四川,专科批,文科,,,380,132050,
1269,天津海运职业学院,2024,四川,专科批,文科,,,328,135679,
1269001,天津海运职业学院,2024,四川,专科批,文科,,,328,135679,
1271,天津生物工程职业技术学院,2024,四川,专科批,文科,,,368,129066,
1271001,天津生物工程职业技术学院,2024,四川,专科批,文科,,,368,129066,
1272,天津城市建设管理职业技术学院,2024,四川,专科批,文科,,,178,140791,
1272001,天津城市建设管理职业技术学院,2024,四川,专科批,文科,,,178,140791,
1273,天津城市职业学院,2024,四川,专科批,文科,,,374,106543,
1273001,天津城市职业学院,2024,四川,专科批,文科,,,374,106543,
1290,天津滨海汽车工程职业学院,2024,四川,专科批,文科,,,266,138568,
1290001,天津滨海汽车工程职业学院,2024,四川,专科批,文科,,,266,138568,
1323,秦皇岛工业职业技术学院,2024,四川,专科批,文科,,,313,173795,
1323001,秦皇岛工业职业技术学院,2024,四川,专科批,文科,,,313,173795,
1335,邢台医学院,2024,四川,专科批,文科,,,465,54817,
1335001,邢台医学院,2024,四川,专科批,文科,,,465,54817,
1336,石家庄医学高等专科学校,2024,四川,专科批,文科,,,369,116579,
1336001,石家庄医学高等专科学校,2024,四川,专科批,文科,,,369,116579,
1343,唐山海运职业学院,2024,四川,专科批,文科,,,263,174257,
1343001,唐山海运职业学院,2024,四川,专科批,文科,,,263,174257,
1353,承德护理职业学院,2024,四川,专科批,文科,,,442,73354,
1353001,承德护理职业学院,2024,四川,专科批,文科,,,442,73354,
1354,邯郸职业技术学院,2024,四川,专科批,文科,,,356,144399,
1354001,邯郸职业技术学院,2024,四川,专科批,文科,,,356,144399,
1355,河北旅游职业学院,2024,四川,专科批,文科,,,353,118032,
1355001,河北旅游职业学院,2024,四川,专科批,文科,,,353,118032,
1356,河北轨道运输职业技术学院,2024,四川,专科批,文科,,,404,96344,
1356001,河北轨道运输职业技术学院,2024,四川,专科批,文科,,,404,96344,
1357,石家庄工商职业学院,2024,四川,专科批,文科,,,176,181780,
1357001,石家庄工商职业学院,2024,四川,专科批,文科,,,176,181780,
1359,石家庄铁路职业技术学院,2024,四川,专科批,文科,,,426,92393,
1359001,石家庄铁路职业技术学院,2024,四川,专科批,文科,,,426,92393,
1360,河北能源职业技术学院,2024,四川,专科批,文科,,,348,158270,
1360001,河北能源职业技术学院,2024,四川,专科批,文科,,,348,158270,
1362,石家庄信息工程职业学院,2024,四川,专科批,文科,,,384,127586,
1362001,石家庄信息工程职业学院,2024,四川,专科批,文科,,,384,127586,
1364,冀中职业学院,2024,四川,专科批,文科,,,330,158876,
1364001,冀中职业学院,2024,四川,专科批,文科,,,330,158876,
1369,唐山工业职业技术大学,2024,四川,专科批,文科,,,395,117337,
1369001,唐山工业职业技术大学,2024,四川,专科批,文科,,,395,117337,
1370,曹妃甸职业技术学院,2024,四川,专科批,文科,,,276,188667,
1370001,曹妃甸职业技术学院,2024,四川,专科批,文科,,,276,188667,
1372,秦皇岛职业技术学院,2024,四川,专科批,文科,,,354,147840,
1372001,秦皇岛职业技术学院,2024,四川,专科批,文科,,,354,147840,
1374,廊坊卫生职业学院,2024,四川,专科批,文科,,,406,83383,
1374001,廊坊卫生职业学院,2024,四川,专科批,文科,,,406,83383,
1377,河北交通职业技术学院,2024,四川,专科批,文科,,,398,123224,
1377001,河北交通职业技术学院,2024,四川,专科批,文科,,,398,123224,
1378,河北化工医药职业技术学院,2024,四川,专科批,文科,,,394,124691,
1378001,河北化工医药职业技术学院,2024,四川,专科批,文科,,,394,124691,
1379,河北对外经贸职业学院,2024,四川,专科批,文科,,,328,166337,
1379001,河北对外经贸职业学院,2024,四川,专科批,文科,,,328,166337,
1380,石家庄人民医学高等专科学校,2024,四川,专科批,文科,,,357,103467,
1380001,石家庄人民医学高等专科学校,2024,四川,专科批,文科,,,357,103467,
1383,承德应用技术职业学院,2024,四川,专科批,文科,,,354,154470,
1383001,承德应用技术职业学院,2024,四川,专科批,文科,,,354,154470,
1384,河北正定师范高等专科学校,2024,四川,专科批,文科,,,386,129066,
1384001,河北正定师范高等专科学校,2024,四川,专科批,文科,,,386,129066,
1387,石家庄科技信息职业学院,2024,四川,专科批,文科,,,273,144399,
1387001,石家庄科技信息职业学院,2024,四川,专科批,文科,,,273,144399,
1399,唐山幼儿师范高等专科学校,2024,四川,专科批,文科,,,376,108840,
1399001,唐山幼儿师范高等专科学校,2024,四川,专科批,文科,,,376,108840,
1429,山西省财政税务专科学校,2024,四川,专科批,文科,,,411,93992,
1429001,山西省财政税务专科学校,2024,四川,专科批,文科,,,411,93992,
1449,忻州职业技术学院,2024,四川,专科批,文科,,,402,111202,
1449001,忻州职业技术学院,2024,四川,专科批,文科,,,402,111202,
1453,山西工程职业学院,2024,四川,专科批,文科,,,371,142998,
1453001,山西工程职业学院,2024,四川,专科批,文科,,,371,142998,
1455,晋中职业技术学院,2024,四川,专科批,文科,,,384,133517,
1455001,晋中职业技术学院,2024,四川,专科批,文科,,,384,133517,
1459,山西职业技术学院,2024,四川,专科批,文科,,,374,111202,
1459001,山西职业技术学院,2024,四川,专科批,文科,,,374,111202,
1461,山西管理职业学院,2024,四川,专科批,文科,,,354,150545,
1461001,山西管理职业学院,2024,四川,专科批,文科,,,354,150545,
1464,山西老区职业技术学院,2024,四川,专科批,文科,,,150,201953,
1464001,山西老区职业技术学院,2024,四川,专科批,文科,,,150,201953,
1466,山西机电职业技术学院,2024,四川,专科批,文科,,,388,130575,
1466001,山西机电职业技术学院,2024,四川,专科批,文科,,,388,130575,
1469,临汾职业技术学院,2024,四川,专科批,文科,,,384,101847,
1469001,临汾职业技术学院,2024,四川,专科批,文科,,,384,101847,
1470,山西铁道职业技术学院,2024,四川,专科批,文科,,,404,105000,
1470001,山西铁道职业技术学院,2024,四川,专科批,文科,,,404,105000,
1471,太原城市职业技术学院,2024,四川,专科批,文科,,,351,156400,
1471001,太原城市职业技术学院,2024,四川,专科批,文科,,,351,156400,
1472,山西国际商务职业学院,2024,四川,专科批,文科,,,349,123938,
1472001,山西国际商务职业学院,2024,四川,专科批,文科,,,349,123938,
1475,山西体育职业学院,2024,四川,专科批,文科,,,356,144399,
1475001,山西体育职业学院,2024,四川,专科批,文科,,,356,144399,
1477,运城护理职业学院,2024,四川,专科批,文科,,,400,85022,
1477001,运城护理职业学院,2024,四川,专科批,文科,,,400,85022,
1479,阳泉职业技术学院,2024,四川,专科批,文科,,,375,133517,
1479001,阳泉职业技术学院,2024,四川,专科批,文科,,,375,133517,
1480,阳泉师范高等专科学校,2024,四川,专科批,文科,,,379,134218,
1480001,阳泉师范高等专科学校,2024,四川,专科批,文科,,,379,134218,
1481,太原幼儿师范高等专科学校,2024,四川,专科批,文科,,,150,201953,
1481001,太原幼儿师范高等专科学校,2024,四川,专科批,文科,,,150,201953,
1485,大同师范高等专科学校,2024,四川,专科批,文科,,,370,101044,
1485001,大同师范高等专科学校,2024,四川,专科批,文科,,,370,101044,
1493,山西同文职业技术学院,2024,四川,专科批,文科,,,300,168494,
1493001,山西同文职业技术学院,2024,四川,专科批,文科,,,300,168494,
1497,运城幼儿师范高等专科学校,2024,四川,专科批,文科,,,369,134979,
1497001,运城幼儿师范高等专科学校,2024,四川,专科批,文科,,,369,134979,
1551,包头职业技术学院,2024,四川,专科批,文科,,,325,171039,
1551001,包头职业技术学院,2024,四川,专科批,文科,,,325,171039,
1552,内蒙古建筑职业技术学院,2024,四川,专科批,文科,,,202,115814,
1552001,内蒙古建筑职业技术学院,2024,四川,专科批,文科,,,202,115814,
1555,包头铁道职业技术学院,2024,四川,专科批,文科,,,391,108082,
1555001,包头铁道职业技术学院,2024,四川,专科批,文科,,,391,108082,
1560,呼和浩特职业学院,2024,四川,专科批,文科,,,355,151206,
1560001,呼和浩特职业学院,2024,四川,专科批,文科,,,355,151206,
1561,满洲里俄语职业学院,2024,四川,专科批,文科,,,305,167421,
1561001,满洲里俄语职业学院,2024,四川,专科批,文科,,,305,167421,
1689,石家庄邮电职业技术学院,2024,四川,专科批,文科,,,447,72470,
1689001,石家庄邮电职业技术学院,2024,四川,专科批,文科,,,447,72470,
1752,河北科技工程职业技术大学,2024,四川,专科批,文科,,,386,129792,
1752001,河北科技工程职业技术大学,2024,四川,专科批,文科,,,386,129792,
1835,北京中医药大学东方学院,2024,四川,专科批,文科,,,441,89894,
1835001,北京中医药大学东方学院,2024,四川,专科批,文科,,,441,89894,
1838,沧州幼儿师范高等专科学校,2024,四川,专科批,文科,,,335,161822,
1838001,沧州幼儿师范高等专科学校,2024,四川,专科批,文科,,,335,161822,
1839,石家庄幼儿师范高等专科学校,2024,四川,专科批,文科,,,373,124691,
1839001,石家庄幼儿师范高等专科学校,2024,四川,专科批,文科,,,373,124691,
1841,河北司法警官职业学院,2024,四川,专科批,文科,,,424,97200,
1841001,河北司法警官职业学院,2024,四川,专科批,文科,,,424,97200,
1844,沧州医学高等专科学校,2024,四川,专科批,文科,,,451,76813,
1844001,沧州医学高等专科学校,2024,四川,专科批,文科,,,451,76813,
1846,宣化科技职业学院,2024,四川,专科批,文科,,,327,130575,
1846001,宣化科技职业学院,2024,四川,专科批,文科,,,327,130575,
1847,河北软件职业技术学院,2024,四川,专科批,文科,,,362,149246,
1847001,河北软件职业技术学院,2024,四川,专科批,文科,,,362,149246,
1849,保定幼儿师范高等专科学校,2024,四川,专科批,文科,,,383,112720,
1849001,保定幼儿师范高等专科学校,2024,四川,专科批,文科,,,383,112720,
1850,廊坊燕京职业技术学院,2024,四川,专科批,文科,,,357,147142,
1850001,廊坊燕京职业技术学院,2024,四川,专科批,文科,,,357,147142,
1854,张家口职业技术学院,2024,四川,专科批,文科,,,353,152469,
1854001,张家口职业技术学院,2024,四川,专科批,文科,,,353,152469,
1857,河北女子职业技术学院,2024,四川,专科批,文科,,,388,130575,
1857001,河北女子职业技术学院,2024,四川,专科批,文科,,,388,130575,
1858,唐山职业技术学院,2024,四川,专科批,文科,,,444,81727,
1858001,唐山职业技术学院,2024,四川,专科批,文科,,,444,81727,
1859,渤海理工职业学院,2024,四川,专科批,文科,,,150,201953,
1859001,渤海理工职业学院,2024,四川,专科批,文科,,,150,201953,
1860,廊坊职业技术学院,2024,四川,专科批,文科,,,329,166337,
1860001,廊坊职业技术学院,2024,四川,专科批,文科,,,329,166337,
1908,内蒙古北方职业技术学院,2024,四川,专科批,文科,,,304,143687,
1908001,内蒙古北方职业技术学院,2024,四川,专科批,文科,,,304,143687,
1917,山西金融职业学院,2024,四川,专科批,文科,,,337,151828,
1917001,山西金融职业学院,2024,四川,专科批,文科,,,337,151828,
2127,鞍山师范学院,2024,四川,专科批,文科,,,456,68160,
2127001,鞍山师范学院,2024,四川,专科批,文科,,,456,68160,
2130,铁岭师范高等专科学校,2024,四川,专科批,文科,,,353,141534,
2130001,铁岭师范高等专科学校,2024,四川,专科批,文科,,,353,141534,
2132,抚顺师范高等专科学校,2024,四川,专科批,文科,,,363,113520,
2132001,抚顺师范高等专科学校,2024,四川,专科批,文科,,,363,113520,
2133,朝阳师范学院,2024,四川,专科批,文科,,,393,91567,
2133001,朝阳师范学院,2024,四川,专科批,文科,,,393,91567,
2137,辽宁省交通高等专科学校,2024,四川,专科批,文科,,,366,116579,
2137001,辽宁省交通高等专科学校,2024,四川,专科批,文科,,,366,116579,
2146,辽宁农业职业技术学院,2024,四川,专科批,文科,,,370,111202,
2146001,辽宁农业职业技术学院,2024,四川,专科批,文科,,,370,111202,
2152,沈阳职业技术学院,2024,四川,专科批,文科,,,374,121721,
2152001,沈阳职业技术学院,2024,四川,专科批,文科,,,374,121721,
2153,辽宁特殊教育师范高等专科学校,2024,四川,专科批,文科,,,310,159461,
2153001,辽宁特殊教育师范高等专科学校,2024,四川,专科批,文科,,,310,159461,
2154,辽宁经济职业技术学院,2024,四川,专科批,文科,,,354,150545,
2154001,辽宁经济职业技术学院,2024,四川,专科批,文科,,,354,150545,
2155,大连职业技术学院,2024,四川,专科批,文科,,,352,151828,
2155001,大连职业技术学院,2024,四川,专科批,文科,,,352,151828,
2157,辽宁民族师范高等专科学校,2024,四川,专科批,文科,,,345,150545,
2157001,辽宁民族师范高等专科学校,2024,四川,专科批,文科,,,345,150545,
2158,辽阳职业技术学院,2024,四川,专科批,文科,,,329,149246,
2158001,辽阳职业技术学院,2024,四川,专科批,文科,,,329,149246,
2159,辽东学院,2024,四川,专科批,文科,,,453,80139,
2159001,辽东学院,2024,四川,专科批,文科,,,453,80139,
2161,大连汽车职业技术学院,2024,四川,专科批,文科,,,239,166337,
2161001,大连汽车职业技术学院,2024,四川,专科批,文科,,,239,166337,
2162,营口职业技术学院,2024,四川,专科批,文科,,,366,93222,
2162001,营口职业技术学院,2024,四川,专科批,文科,,,366,93222,
2163,辽宁医药职业学院,2024,四川,专科批,文科,,,422,97200,
2163001,辽宁医药职业学院,2024,四川,专科批,文科,,,422,97200,
2164,辽宁金融职业学院,2024,四川,专科批,文科,,,316,95565,
2164001,辽宁金融职业学院,2024,四川,专科批,文科,,,316,95565,
2166,辽宁工程职业学院,2024,四川,专科批,文科,,,331,155143,
2166001,辽宁工程职业学院,2024,四川,专科批,文科,,,331,155143,
2167,抚顺职业技术学院,2024,四川,专科批,文科,,,319,169534,
2167001,抚顺职业技术学院,2024,四川,专科批,文科,,,319,169534,
2168,渤海船舶职业学院,2024,四川,专科批,文科,,,364,127586,
2168001,渤海船舶职业学院,2024,四川,专科批,文科,,,364,127586,
2169,铁岭卫生职业学院,2024,四川,专科批,文科,,,367,145111,
2169001,铁岭卫生职业学院,2024,四川,专科批,文科,,,367,145111,
2170,辽宁职业学院,2024,四川,专科批,文科,,,207,80139,
2170001,辽宁职业学院,2024,四川,专科批,文科,,,207,80139,
2171,大连装备制造职业技术学院,2024,四川,专科批,文科,,,230,194379,
2171001,大连装备制造职业技术学院,2024,四川,专科批,文科,,,230,194379,
2172,辽宁建筑职业学院,2024,四川,专科批,文科,,,346,157652,
2172001,辽宁建筑职业学院,2024,四川,专科批,文科,,,346,157652,
2173,辽宁地质工程职业学院,2024,四川,专科批,文科,,,323,170522,
2173001,辽宁地质工程职业学院,2024,四川,专科批,文科,,,323,170522,
2175,辽宁传媒学院,2024,四川,专科批,文科,,,275,188667,
2175001,辽宁传媒学院,2024,四川,专科批,文科,,,275,188667,
2176,盘锦职业技术学院,2024,四川,专科批,文科,,,345,159461,
2176001,盘锦职业技术学院,2024,四川,专科批,文科,,,345,159461,
2177,沈阳北软信息职业技术学院,2024,四川,专科批,文科,,,277,181429,
2177001,沈阳北软信息职业技术学院,2024,四川,专科批,文科,,,277,181429,
2178,辽宁冶金职业技术学院,2024,四川,专科批,文科,,,305,172893,
2178001,辽宁冶金职业技术学院,2024,四川,专科批,文科,,,305,172893,
2179,锦州师范高等专科学校,2024,四川,专科批,文科,,,362,140791,
2179001,锦州师范高等专科学校,2024,四川,专科批,文科,,,362,140791,
2180,大连枫叶职业技术学院,2024,四川,专科批,文科,,,215,166879,
2180001,大连枫叶职业技术学院,2024,四川,专科批,文科,,,215,166879,
2183,大连财经学院,2024,四川,专科批,文科,,,302,162948,
2183001,大连财经学院,2024,四川,专科批,文科,,,302,162948,
2186,阜新高等专科学校,2024,四川,专科批,文科,,,348,139332,
2186001,阜新高等专科学校,2024,四川,专科批,文科,,,348,139332,
2189,辽宁理工学院,2024,四川,专科批,文科,,,448,80955,
2189001,辽宁理工学院,2024,四川,专科批,文科,,,448,80955,
2190,大连科技学院,2024,四川,专科批,文科,,,280,160082,
2190001,大连科技学院,2024,四川,专科批,文科,,,280,160082,
2191,辽宁何氏医学院,2024,四川,专科批,文科,,,287,185673,
2191001,辽宁何氏医学院,2024,四川,专科批,文科,,,287,185673,
2192,沈阳工学院,2024,四川,专科批,文科,,,344,117337,
2192001,沈阳工学院,2024,四川,专科批,文科,,,344,117337,
2196,沈阳城市建设学院,2024,四川,专科批,文科,,,248,189176,
2196001,沈阳城市建设学院,2024,四川,专科批,文科,,,248,189176,
2198,辽宁生态工程职业学院,2024,四川,专科批,文科,,,285,157652,
2198001,辽宁生态工程职业学院,2024,四川,专科批,文科,,,285,157652,
2227,长春金融高等专科学校,2024,四川,专科批,文科,,,404,101847,
2227001,长春金融高等专科学校,2024,四川,专科批,文科,,,404,101847,
2233,长春医学高等专科学校,2024,四川,专科批,文科,,,439,91567,
2233001,长春医学高等专科学校,2024,四川,专科批,文科,,,439,91567,
2234,白城医学高等专科学校,2024,四川,专科批,文科,,,483,53924,
2234001,白城医学高等专科学校,2024,四川,专科批,文科,,,483,53924,
2253,长春健康职业学院,2024,四川,专科批,文科,,,343,161242,
2253001,长春健康职业学院,2024,四川,专科批,文科,,,343,161242,
2254,松原职业技术学院,2024,四川,专科批,文科,,,340,161242,
2254001,松原职业技术学院,2024,四川,专科批,文科,,,340,161242,
2256,吉林工业职业技术学院,2024,四川,专科批,文科,,,369,144399,
2256001,吉林工业职业技术学院,2024,四川,专科批,文科,,,369,144399,
2257,吉林司法警官职业学院,2024,四川,专科批,文科,,,406,108840,
2257001,吉林司法警官职业学院,2024,四川,专科批,文科,,,406,108840,
2259,吉林铁道职业技术学院,2024,四川,专科批,文科,,,423,80955,
2259001,吉林铁道职业技术学院,2024,四川,专科批,文科,,,423,80955,
2278,吉林水利电力职业学院,2024,四川,专科批,文科,,,386,132050,
2278001,吉林水利电力职业学院,2024,四川,专科批,文科,,,386,132050,
2284,长春科技学院,2024,四川,专科批,文科,,,344,160664,
2284001,长春科技学院,2024,四川,专科批,文科,,,344,160664,
2287,白城职业技术学院,2024,四川,专科批,文科,,,365,147142,
2287001,白城职业技术学院,2024,四川,专科批,文科,,,365,147142,
2296,长春师范高等专科学校,2024,四川,专科批,文科,,,398,106543,
2296001,长春师范高等专科学校,2024,四川,专科批,文科,,,398,106543,
2297,吉林电子信息职业技术学院,2024,四川,专科批,文科,,,387,131325,
2297001,吉林电子信息职业技术学院,2024,四川,专科批,文科,,,387,131325,
2328,齐齐哈尔高等师范专科学校,2024,四川,专科批,文科,,,376,121721,
2328001,齐齐哈尔高等师范专科学校,2024,四川,专科批,文科,,,376,121721,
2332,大庆医学高等专科学校,2024,四川,专科批,文科,,,419,77632,
2332001,大庆医学高等专科学校,2024,四川,专科批,文科,,,419,77632,
2335,黑龙江护理高等专科学校,2024,四川,专科批,文科,,,412,93992,
2335001,黑龙江护理高等专科学校,2024,四川,专科批,文科,,,412,93992,
2340,牡丹江大学,2024,四川,专科批,文科,,,282,149911,
2340001,牡丹江大学,2024,四川,专科批,文科,,,282,149911,
2352,佳木斯职业学院,2024,四川,专科批,文科,,,323,171039,
2352001,佳木斯职业学院,2024,四川,专科批,文科,,,323,171039,
2353,黑龙江农垦职业学院,2024,四川,专科批,文科,,,347,145782,
2353001,黑龙江农垦职业学院,2024,四川,专科批,文科,,,347,145782,
2355,黑龙江交通职业技术学院,2024,四川,专科批,文科,,,341,105000,
2355001,黑龙江交通职业技术学院,2024,四川,专科批,文科,,,341,105000,
2356,黑龙江司法警官职业学院,2024,四川,专科批,文科,,,413,108840,
2356001,黑龙江司法警官职业学院,2024,四川,专科批,文科,,,413,108840,
2357,黑龙江农业工程职业学院,2024,四川,专科批,文科,,,354,64556,
2357001,黑龙江农业工程职业学院,2024,四川,专科批,文科,,,354,64556,
2359,哈尔滨职业技术大学,2024,四川,专科批,文科,,,386,126130,
2359001,哈尔滨职业技术大学,2024,四川,专科批,文科,,,386,126130,
2362,哈尔滨铁道职业技术学院,2024,四川,专科批,文科,,,408,106543,
2362001,哈尔滨铁道职业技术学院,2024,四川,专科批,文科,,,408,106543,
2365,黑龙江农业经济职业学院,2024,四川,专科批,文科,,,358,134979,
2365001,黑龙江农业经济职业学院,2024,四川,专科批,文科,,,358,134979,
2368,黑龙江职业学院,2024,四川,专科批,文科,,,343,129066,
2368001,黑龙江职业学院,2024,四川,专科批,文科,,,343,129066,
2369,黑龙江旅游职业技术学院,2024,四川,专科批,文科,,,262,158876,
2369001,黑龙江旅游职业技术学院,2024,四川,专科批,文科,,,262,158876,
2370,伊春职业学院,2024,四川,专科批,文科,,,356,94754,
2370001,伊春职业学院,2024,四川,专科批,文科,,,356,94754,
2373,大庆职业学院,2024,四川,专科批,文科,,,341,128342,
2373001,大庆职业学院,2024,四川,专科批,文科,,,341,128342,
2374,黑龙江艺术职业学院,2024,四川,专科批,文科,,,302,179941,
2374001,黑龙江艺术职业学院,2024,四川,专科批,文科,,,302,179941,
2376,黑龙江能源职业学院,2024,四川,专科批,文科,,,315,165200,
2376001,黑龙江能源职业学院,2024,四川,专科批,文科,,,315,165200,
2379,大兴安岭职业学院,2024,四川,专科批,文科,,,353,138568,
2379001,大兴安岭职业学院,2024,四川,专科批,文科,,,353,138568,
2393,哈尔滨幼儿师范高等专科学校,2024,四川,专科批,文科,,,349,156400,
2393001,哈尔滨幼儿师范高等专科学校,2024,四川,专科批,文科,,,349,156400,
2395,鹤岗师范高等专科学校,2024,四川,专科批,文科,,,366,145782,
2395001,鹤岗师范高等专科学校,2024,四川,专科批,文科,,,366,145782,
2396,黑龙江林业职业技术学院,2024,四川,专科批,文科,,,316,167961,
2396001,黑龙江林业职业技术学院,2024,四川,专科批,文科,,,316,167961,
2398,哈尔滨应用职业技术学院,2024,四川,专科批,文科,,,170,199926,
2398001,哈尔滨应用职业技术学院,2024,四川,专科批,文科,,,170,199926,
2399,黑龙江民族职业学院,2024,四川,专科批,文科,,,347,136409,
2399001,黑龙江民族职业学院,2024,四川,专科批,文科,,,347,136409,
2441,黑龙江生态工程职业学院,2024,四川,专科批,文科,,,338,130575,
2441001,黑龙江生态工程职业学院,2024,四川,专科批,文科,,,338,130575,
2442,哈尔滨科学技术职业学院,2024,四川,专科批,文科,,,348,148546,
2442001,哈尔滨科学技术职业学院,2024,四川,专科批,文科,,,348,148546,
2443,哈尔滨传媒职业学院,2024,四川,专科批,文科,,,197,191882,
2443001,哈尔滨传媒职业学院,2024,四川,专科批,文科,,,197,191882,
2446,黑龙江农业职业技术学院,2024,四川,专科批,文科,,,304,173795,
2446001,黑龙江农业职业技术学院,2024,四川,专科批,文科,,,304,173795,
2447,黑龙江幼儿师范高等专科学校,2024,四川,专科批,文科,,,358,149246,
2447001,黑龙江幼儿师范高等专科学校,2024,四川,专科批,文科,,,358,149246,
2551,辽宁现代服务职业技术学院,2024,四川,专科批,文科,,,334,127586,
2551001,辽宁现代服务职业技术学院,2024,四川,专科批,文科,,,334,127586,
2553,大连航运职业技术学院,2024,四川,专科批,文科,,,248,192092,
2553001,大连航运职业技术学院,2024,四川,专科批,文科,,,248,192092,
2554,辽宁广告职业学院,2024,四川,专科批,文科,,,153,195517,
2554001,辽宁广告职业学院,2024,四川,专科批,文科,,,153,195517,
2555,辽宁理工职业大学,2024,四川,专科批,文科,,,231,192092,
2555001,辽宁理工职业大学,2024,四川,专科批,文科,,,231,192092,
2558,辽宁机电职业技术学院,2024,四川,专科批,文科,,,352,136409,
2558001,辽宁机电职业技术学院,2024,四川,专科批,文科,,,352,136409,
2560,辽宁轻工职业学院,2024,四川,专科批,文科,,,347,137857,
2560001,辽宁轻工职业学院,2024,四川,专科批,文科,,,347,137857,
2802,通化医药健康职业学院,2024,四川,专科批,文科,,,400,104226,
2802001,通化医药健康职业学院,2024,四川,专科批,文科,,,400,104226,
3119,上海旅游高等专科学校,2024,四川,专科批,文科,,,417,101044,
3119001,上海旅游高等专科学校,2024,四川,专科批,文科,,,417,101044,
3135,上海出版印刷高等专科学校,2024,四川,专科批,文科,,,442,75066,
3135001,上海出版印刷高等专科学校,2024,四川,专科批,文科,,,442,75066,
3140,上海杉达学院,2024,四川,专科批,文科,,,449,81727,
3140001,上海杉达学院,2024,四川,专科批,文科,,,449,81727,
3151,上海城建职业学院,2024,四川,专科批,文科,,,425,75933,
3151001,上海城建职业学院,2024,四川,专科批,文科,,,425,75933,
3153,上海交通职业技术学院,2024,四川,专科批,文科,,,422,94754,
3153001,上海交通职业技术学院,2024,四川,专科批,文科,,,422,94754,
3156,上海济光职业技术学院,2024,四川,专科批,文科,,,331,167961,
3156001,上海济光职业技术学院,2024,四川,专科批,文科,,,331,167961,
3157,上海建桥学院,2024,四川,专科批,文科,,,385,120286,
3157001,上海建桥学院,2024,四川,专科批,文科,,,385,120286,
3158,上海工商外国语职业学院,2024,四川,专科批,文科,,,306,179188,
3158001,上海工商外国语职业学院,2024,四川,专科批,文科,,,306,179188,
3159,上海东海职业技术学院,2024,四川,专科批,文科,,,266,191043,
3159001,上海东海职业技术学院,2024,四川,专科批,文科,,,266,191043,
3160,上海工商职业技术学院,2024,四川,专科批,文科,,,381,135679,
3160001,上海工商职业技术学院,2024,四川,专科批,文科,,,381,135679,
3161,上海电子信息职业技术学院,2024,四川,专科批,文科,,,423,94754,
3161001,上海电子信息职业技术学院,2024,四川,专科批,文科,,,423,94754,
3162,上海震旦职业学院,2024,四川,专科批,文科,,,351,142271,
3162001,上海震旦职业学院,2024,四川,专科批,文科,,,351,142271,
3164,上海行健职业学院,2024,四川,专科批,文科,,,442,79329,
3164001,上海行健职业学院,2024,四川,专科批,文科,,,442,79329,
3165,上海中侨职业技术大学,2024,四川,专科批,文科,,,229,172893,
3165001,上海中侨职业技术大学,2024,四川,专科批,文科,,,229,172893,
3170,上海邦德职业技术学院,2024,四川,专科批,文科,,,301,181059,
3170001,上海邦德职业技术学院,2024,四川,专科批,文科,,,301,181059,
3171,上海思博职业技术学院,2024,四川,专科批,文科,,,265,155143,
3171001,上海思博职业技术学院,2024,四川,专科批,文科,,,265,155143,
3174,上海工艺美术职业学院,2024,四川,专科批,文科,,,446,80955,
3174001,上海工艺美术职业学院,2024,四川,专科批,文科,,,446,80955,
3177,上海科学技术职业学院,2024,四川,专科批,文科,,,400,89146,
3177001,上海科学技术职业学院,2024,四川,专科批,文科,,,400,89146,
3184,上海农林职业技术学院,2024,四川,专科批,文科,,,414,98772,
3184001,上海农林职业技术学院,2024,四川,专科批,文科,,,414,98772,
3191,上海民远职业技术学院,2024,四川,专科批,文科,,,263,191690,
3191001,上海民远职业技术学院,2024,四川,专科批,文科,,,263,191690,
3229,江苏信息职业技术学院,2024,四川,专科批,文科,,,411,96344,
3229001,江苏信息职业技术学院,2024,四川,专科批,文科,,,411,96344,
3232,南通科技职业学院,2024,四川,专科批,文科,,,386,118778,
3232001,南通科技职业学院,2024,四川,专科批,文科,,,386,118778,
3236,镇江市高等专科学校,2024,四川,专科批,文科,,,416,107325,
3236001,镇江市高等专科学校,2024,四川,专科批,文科,,,416,107325,
3238,江苏城乡建设职业学院,2024,四川,专科批,文科,,,356,150545,
3238001,江苏城乡建设职业学院,2024,四川,专科批,文科,,,356,150545,
3242,连云港师范高等专科学校,2024,四川,专科批,文科,,,450,77632,
3242001,连云港师范高等专科学校,2024,四川,专科批,文科,,,450,77632,
3246,扬州市职业大学,2024,四川,专科批,文科,,,412,104226,
3246001,扬州市职业大学,2024,四川,专科批,文科,,,412,104226,
3251,南京信息职业技术学院,2024,四川,专科批,文科,,,465,57442,
3251001,南京信息职业技术学院,2024,四川,专科批,文科,,,465,57442,
3252,连云港职业技术学院,2024,四川,专科批,文科,,,380,136409,
3252001,连云港职业技术学院,2024,四川,专科批,文科,,,380,136409,
3255,江苏农牧科技职业学院,2024,四川,专科批,文科,,,452,72470,
3255001,江苏农牧科技职业学院,2024,四川,专科批,文科,,,452,72470,
3256,江苏医药职业学院,2024,四川,专科批,文科,,,454,75933,
3256001,江苏医药职业学院,2024,四川,专科批,文科,,,454,75933,
3257,常州工程职业技术学院,2024,四川,专科批,文科,,,430,84169,
3257001,常州工程职业技术学院,2024,四川,专科批,文科,,,430,84169,
3261,常州信息职业技术学院,2024,四川,专科批,文科,,,450,75933,
3261001,常州信息职业技术学院,2024,四川,专科批,文科,,,450,75933,
3263,江苏航空职业技术学院,2024,四川,专科批,文科,,,402,93222,
3263001,江苏航空职业技术学院,2024,四川,专科批,文科,,,402,93222,
3265,江苏工程职业技术学院,2024,四川,专科批,文科,,,412,112720,
3265001,江苏工程职业技术学院,2024,四川,专科批,文科,,,412,112720,
3266,苏州工业园区职业技术学院,2024,四川,专科批,文科,,,332,165200,
3266001,苏州工业园区职业技术学院,2024,四川,专科批,文科,,,332,165200,
3267,太湖创意职业技术学院,2024,四川,专科批,文科,,,304,158876,
3267001,太湖创意职业技术学院,2024,四川,专科批,文科,,,304,158876,
3269,江苏农林职业技术学院,2024,四川,专科批,文科,,,438,92393,
3269001,江苏农林职业技术学院,2024,四川,专科批,文科,,,438,92393,
3273,九州职业技术学院,2024,四川,专科批,文科,,,285,186246,
3273001,九州职业技术学院,2024,四川,专科批,文科,,,285,186246,
3274,江苏经贸职业技术学院,2024,四川,专科批,文科,,,456,75933,
3274001,江苏经贸职业技术学院,2024,四川,专科批,文科,,,456,75933,
3275,苏州工业职业技术学院,2024,四川,专科批,文科,,,415,110384,
3275001,苏州工业职业技术学院,2024,四川,专科批,文科,,,415,110384,
3277,南京科技职业学院,2024,四川,专科批,文科,,,402,79329,
3277001,南京科技职业学院,2024,四川,专科批,文科,,,402,79329,
3278,泰州职业技术学院,2024,四川,专科批,文科,,,418,96344,
3278001,泰州职业技术学院,2024,四川,专科批,文科,,,418,96344,
3279,常州机电职业技术学院,2024,四川,专科批,文科,,,427,85022,
3279001,常州机电职业技术学院,2024,四川,专科批,文科,,,427,85022,
3280,江苏电子信息职业学院,2024,四川,专科批,文科,,,383,132050,
3280001,江苏电子信息职业学院,2024,四川,专科批,文科,,,383,132050,
3281,南京铁道职业技术学院,2024,四川,专科批,文科,,,487,47829,
3281001,南京铁道职业技术学院,2024,四川,专科批,文科,,,487,47829,
3284,徐州工业职业技术学院,2024,四川,专科批,文科,,,411,91567,
3284001,徐州工业职业技术学院,2024,四川,专科批,文科,,,411,91567,
3285,江苏食品药品职业技术学院,2024,四川,专科批,文科,,,413,104226,
3285001,江苏食品药品职业技术学院,2024,四川,专科批,文科,,,413,104226,
3287,硅湖职业技术学院,2024,四川,专科批,文科,,,331,158270,
3287001,硅湖职业技术学院,2024,四川,专科批,文科,,,331,158270,
3336,宁波卫生职业技术学院,2024,四川,专科批,文科,,,403,79329,
3336001,宁波卫生职业技术学院,2024,四川,专科批,文科,,,403,79329,
3339,温州科技职业学院,2024,四川,专科批,文科,,,433,92393,
3339001,温州科技职业学院,2024,四川,专科批,文科,,,433,92393,
3342,温州商学院,2024,四川,专科批,文科,,,440,82597,
3342001,温州商学院,2024,四川,专科批,文科,,,440,82597,
3343,浙江国际海运职业技术学院,2024,四川,专科批,文科,,,401,120981,
3343001,浙江国际海运职业技术学院,2024,四川,专科批,文科,,,401,120981,
3345,南京城市职业学院,2024,四川,专科批,文科,,,444,84169,
3345001,南京城市职业学院,2024,四川,专科批,文科,,,444,84169,
3346,浙江邮电职业技术学院,2024,四川,专科批,文科,,,427,101044,
3346001,浙江邮电职业技术学院,2024,四川,专科批,文科,,,427,101044,
3351,浙江金融职业学院,2024,四川,专科批,文科,,,464,57442,
3351001,浙江金融职业学院,2024,四川,专科批,文科,,,464,57442,
3352,浙江交通职业技术学院,2024,四川,专科批,文科,,,442,80139,
3352001,浙江交通职业技术学院,2024,四川,专科批,文科,,,442,80139,
3354,宁波职业技术学院,2024,四川,专科批,文科,,,453,71598,
3354001,宁波职业技术学院,2024,四川,专科批,文科,,,453,71598,
3355,宁波城市职业技术学院,2024,四川,专科批,文科,,,420,84169,
3355001,宁波城市职业技术学院,2024,四川,专科批,文科,,,420,84169,
3356,温州职业技术学院,2024,四川,专科批,文科,,,447,71598,
3356001,温州职业技术学院,2024,四川,专科批,文科,,,447,71598,
3357,金华职业技术大学,2024,四川,专科批,文科,,,485,52184,
3357001,金华职业技术大学,2024,四川,专科批,文科,,,485,52184,
3359,浙江商业职业技术学院,2024,四川,专科批,文科,,,444,75066,
3359001,浙江商业职业技术学院,2024,四川,专科批,文科,,,444,75066,
3360,浙江工贸职业技术学院,2024,四川,专科批,文科,,,438,78478,
3360001,浙江工贸职业技术学院,2024,四川,专科批,文科,,,438,78478,
3363,浙江旅游职业学院,2024,四川,专科批,文科,,,414,111202,
3363001,浙江旅游职业学院,2024,四川,专科批,文科,,,414,111202,
3367,嘉兴南洋职业技术学院,2024,四川,专科批,文科,,,357,152469,
3367001,嘉兴南洋职业技术学院,2024,四川,专科批,文科,,,357,152469,
3368,杭州科技职业技术学院,2024,四川,专科批,文科,,,447,80139,
3368001,杭州科技职业技术学院,2024,四川,专科批,文科,,,447,80139,
3369,浙江机电职业技术大学,2024,四川,专科批,文科,,,444,79329,
3369001,浙江机电职业技术大学,2024,四川,专科批,文科,,,444,79329,
3370,义乌工商职业技术学院,2024,四川,专科批,文科,,,426,93222,
3370001,义乌工商职业技术学院,2024,四川,专科批,文科,,,426,93222,
3372,浙江建设职业技术学院,2024,四川,专科批,文科,,,450,79329,
3372001,浙江建设职业技术学院,2024,四川,专科批,文科,,,450,79329,
3374,浙江工商职业技术学院,2024,四川,专科批,文科,,,443,78478,
3374001,浙江工商职业技术学院,2024,四川,专科批,文科,,,443,78478,
3377,杭州职业技术学院,2024,四川,专科批,文科,,,481,48692,
3377001,杭州职业技术学院,2024,四川,专科批,文科,,,481,48692,
3378,浙江特殊教育职业学院,2024,四川,专科批,文科,,,435,81727,
3378001,浙江特殊教育职业学院,2024,四川,专科批,文科,,,435,81727,
3384,浙江广厦建设职业技术大学,2024,四川,专科批,文科,,,346,153126,
3384001,浙江广厦建设职业技术大学,2024,四川,专科批,文科,,,346,153126,
3425,安徽中医药高等专科学校,2024,四川,专科批,文科,,,458,62760,
3425001,安徽中医药高等专科学校,2024,四川,专科批,文科,,,458,62760,
3426,马鞍山师范高等专科学校,2024,四川,专科批,文科,,,365,147142,
3426001,马鞍山师范高等专科学校,2024,四川,专科批,文科,,,365,147142,
3430,淮南联合大学,2024,四川,专科批,文科,,,437,91567,
3430001,淮南联合大学,2024,四川,专科批,文科,,,437,91567,
3451,安徽职业技术学院,2024,四川,专科批,文科,,,386,131325,
3451001,安徽职业技术学院,2024,四川,专科批,文科,,,386,131325,
3458,安庆医药高等专科学校,2024,四川,专科批,文科,,,440,74213,
3458001,安庆医药高等专科学校,2024,四川,专科批,文科,,,440,74213,
3460,安徽警官职业学院,2024,四川,专科批,文科,,,437,93222,
3460001,安徽警官职业学院,2024,四川,专科批,文科,,,437,93222,
3467,安徽工商职业学院,2024,四川,专科批,文科,,,369,124691,
3467001,安徽工商职业学院,2024,四川,专科批,文科,,,369,124691,
3468,安徽粮食工程职业学院,2024,四川,专科批,文科,,,409,115063,
3468001,安徽粮食工程职业学院,2024,四川,专科批,文科,,,409,115063,
3470,安徽审计职业学院,2024,四川,专科批,文科,,,395,123938,
3470001,安徽审计职业学院,2024,四川,专科批,文科,,,395,123938,
3474,安徽医学高等专科学校,2024,四川,专科批,文科,,,457,64556,
3474001,安徽医学高等专科学校,2024,四川,专科批,文科,,,457,64556,
3475,安徽工业经济职业技术学院,2024,四川,专科批,文科,,,369,144399,
3475001,安徽工业经济职业技术学院,2024,四川,专科批,文科,,,369,144399,
3476,合肥通用职业技术学院,2024,四川,专科批,文科,,,355,147840,
3476001,合肥通用职业技术学院,2024,四川,专科批,文科,,,355,147840,
3478,滁州职业技术学院,2024,四川,专科批,文科,,,349,157652,
3478001,滁州职业技术学院,2024,四川,专科批,文科,,,349,157652,
3484,蚌埠经济技术职业学院,2024,四川,专科批,文科,,,319,173351,
3484001,蚌埠经济技术职业学院,2024,四川,专科批,文科,,,319,173351,
3486,安徽汽车职业技术学院,2024,四川,专科批,文科,,,388,129792,
3486001,安徽汽车职业技术学院,2024,四川,专科批,文科,,,388,129792,
3487,皖西卫生职业学院,2024,四川,专科批,文科,,,419,104226,
3487001,皖西卫生职业学院,2024,四川,专科批,文科,,,419,104226,
3488,安徽电子信息职业技术学院,2024,四川,专科批,文科,,,372,129792,
3488001,安徽电子信息职业技术学院,2024,四川,专科批,文科,,,372,129792,
3495,安徽新闻出版职业技术学院,2024,四川,专科批,文科,,,390,111938,
3495001,安徽新闻出版职业技术学院,2024,四川,专科批,文科,,,390,111938,
3497,宿州职业技术学院,2024,四川,专科批,文科,,,359,149246,
3497001,宿州职业技术学院,2024,四川,专科批,文科,,,359,149246,
3498,合肥共达职业技术学院,2024,四川,专科批,文科,,,235,107325,
3498001,合肥共达职业技术学院,2024,四川,专科批,文科,,,235,107325,
3499,合肥幼儿师范高等专科学校,2024,四川,专科批,文科,,,409,103467,
3499001,合肥幼儿师范高等专科学校,2024,四川,专科批,文科,,,409,103467,
3523,泉州工程职业技术学院,2024,四川,专科批,文科,,,351,142998,
3523001,泉州工程职业技术学院,2024,四川,专科批,文科,,,351,142998,
3524,福建卫生职业技术学院,2024,四川,专科批,文科,,,412,83383,
3524001,福建卫生职业技术学院,2024,四川,专科批,文科,,,412,83383,
3538,福建电力职业技术学院,2024,四川,专科批,文科,,,426,101847,
3538001,福建电力职业技术学院,2024,四川,专科批,文科,,,426,101847,
3544,福建农业职业技术学院,2024,四川,专科批,文科,,,356,153126,
3544001,福建农业职业技术学院,2024,四川,专科批,文科,,,356,153126,
3545,闽江师范高等专科学校,2024,四川,专科批,文科,,,414,80955,
3545001,闽江师范高等专科学校,2024,四川,专科批,文科,,,414,80955,
3546,闽西职业技术学院,2024,四川,专科批,文科,,,396,124691,
3546001,闽西职业技术学院,2024,四川,专科批,文科,,,396,124691,
3547,厦门城市职业学院,2024,四川,专科批,文科,,,421,80955,
3547001,厦门城市职业学院,2024,四川,专科批,文科,,,421,80955,
3548,福建林业职业技术学院,2024,四川,专科批,文科,,,336,117337,
3548001,福建林业职业技术学院,2024,四川,专科批,文科,,,336,117337,
3552,福建船政交通职业学院,2024,四川,专科批,文科,,,422,75933,
3552001,福建船政交通职业学院,2024,四川,专科批,文科,,,422,75933,
3556,福建华南女子职业学院,2024,四川,专科批,文科,,,150,201953,
3556001,福建华南女子职业学院,2024,四川,专科批,文科,,,150,201953,
3557,泉州纺织服装职业学院,2024,四川,专科批,文科,,,313,171524,
3557001,泉州纺织服装职业学院,2024,四川,专科批,文科,,,313,171524,
3558,漳州职业技术学院,2024,四川,专科批,文科,,,413,68160,
3558001,漳州职业技术学院,2024,四川,专科批,文科,,,413,68160,
3559,泉州幼儿师范高等专科学校,2024,四川,专科批,文科,,,336,120286,
3559001,泉州幼儿师范高等专科学校,2024,四川,专科批,文科,,,336,120286,
3561,福州软件职业技术学院,2024,四川,专科批,文科,,,219,177219,
3561001,福州软件职业技术学院,2024,四川,专科批,文科,,,219,177219,
3563,宁德职业技术学院,2024,四川,专科批,文科,,,367,129792,
3563001,宁德职业技术学院,2024,四川,专科批,文科,,,367,129792,
3564,三明医学科技职业学院,2024,四川,专科批,文科,,,366,108840,
3564001,三明医学科技职业学院,2024,四川,专科批,文科,,,366,108840,
3566,福建生物工程职业技术学院,2024,四川,专科批,文科,,,369,144399,
3566001,福建生物工程职业技术学院,2024,四川,专科批,文科,,,369,144399,
3567,厦门华天涉外职业技术学院,2024,四川,专科批,文科,,,262,165200,
3567001,厦门华天涉外职业技术学院,2024,四川,专科批,文科,,,262,165200,
3568,泉州经贸职业技术学院,2024,四川,专科批,文科,,,346,159461,
3568001,泉州经贸职业技术学院,2024,四川,专科批,文科,,,346,159461,
3576,泉州轻工职业学院,2024,四川,专科批,文科,,,254,151206,
3576001,泉州轻工职业学院,2024,四川,专科批,文科,,,254,151206,
3577,闽北职业技术学院,2024,四川,专科批,文科,,,343,159461,
3577001,闽北职业技术学院,2024,四川,专科批,文科,,,343,159461,
3578,福州英华职业学院,2024,四川,专科批,文科,,,250,193081,
3578001,福州英华职业学院,2024,四川,专科批,文科,,,250,193081,
3579,泉州华光职业学院,2024,四川,专科批,文科,,,179,172893,
3579001,泉州华光职业学院,2024,四川,专科批,文科,,,179,172893,
3580,泉州海洋职业学院,2024,四川,专科批,文科,,,305,167421,
3580001,泉州海洋职业学院,2024,四川,专科批,文科,,,305,167421,
3581,厦门南洋职业学院,2024,四川,专科批,文科,,,358,151828,
3581001,厦门南洋职业学院,2024,四川,专科批,文科,,,358,151828,
3583,漳州科技职业学院,2024,四川,专科批,文科,,,273,189398,
3583001,漳州科技职业学院,2024,四川,专科批,文科,,,273,189398,
3585,福建水利电力职业技术学院,2024,四川,专科批,文科,,,386,109619,
3585001,福建水利电力职业技术学院,2024,四川,专科批,文科,,,386,109619,
3586,福建信息职业技术学院,2024,四川,专科批,文科,,,423,98011,
3586001,福建信息职业技术学院,2024,四川,专科批,文科,,,423,98011,
3587,福州职业技术学院,2024,四川,专科批,文科,,,419,103467,
3587001,福州职业技术学院,2024,四川,专科批,文科,,,419,103467,
3588,漳州卫生职业学院,2024,四川,专科批,文科,,,443,67271,
3588001,漳州卫生职业学院,2024,四川,专科批,文科,,,443,67271,
3589,漳州城市职业学院,2024,四川,专科批,文科,,,378,104226,
3589001,漳州城市职业学院,2024,四川,专科批,文科,,,378,104226,
3621,江西医学高等专科学校,2024,四川,专科批,文科,,,430,93222,
3621001,江西医学高等专科学校,2024,四川,专科批,文科,,,430,93222,
3625,宜春幼儿师范高等专科学校,2024,四川,专科批,文科,,,419,91567,
3625001,宜春幼儿师范高等专科学校,2024,四川,专科批,文科,,,419,91567,
3627,赣州师范高等专科学校,2024,四川,专科批,文科,,,353,63681,
3627001,赣州师范高等专科学校,2024,四川,专科批,文科,,,353,63681,
3628,上饶卫生健康职业学院,2024,四川,专科批,文科,,,392,119549,
3628001,上饶卫生健康职业学院,2024,四川,专科批,文科,,,392,119549,
3629,赣州职业技术学院,2024,四川,专科批,文科,,,353,122467,
3629001,赣州职业技术学院,2024,四川,专科批,文科,,,353,122467,
3635,江西机电职业技术学院,2024,四川,专科批,文科,,,376,134218,
3635001,江西机电职业技术学院,2024,四川,专科批,文科,,,376,134218,
3638,抚州幼儿师范高等专科学校,2024,四川,专科批,文科,,,388,127586,
3638001,抚州幼儿师范高等专科学校,2024,四川,专科批,文科,,,388,127586,
3639,上饶幼儿师范高等专科学校,2024,四川,专科批,文科,,,318,119549,
3639001,上饶幼儿师范高等专科学校,2024,四川,专科批,文科,,,318,119549,
3640,江西中医药高等专科学校,2024,四川,专科批,文科,,,445,80139,
3640001,江西中医药高等专科学校,2024,四川,专科批,文科,,,445,80139,
3643,江西应用工程职业学院,2024,四川,专科批,文科,,,354,144399,
3643001,江西应用工程职业学院,2024,四川,专科批,文科,,,354,144399,
3645,抚州职业技术学院,2024,四川,专科批,文科,,,368,129792,
3645001,抚州职业技术学院,2024,四川,专科批,文科,,,368,129792,
3646,九江职业大学,2024,四川,专科批,文科,,,421,73354,
3646001,九江职业大学,2024,四川,专科批,文科,,,421,73354,
3647,赣南卫生健康职业学院,2024,四川,专科批,文科,,,445,74213,
3647001,赣南卫生健康职业学院,2024,四川,专科批,文科,,,445,74213,
3648,江西师范高等专科学校,2024,四川,专科批,文科,,,402,78478,
3648001,江西师范高等专科学校,2024,四川,专科批,文科,,,402,78478,
3650,江西水利职业学院,2024,四川,专科批,文科,,,393,120981,
3650001,江西水利职业学院,2024,四川,专科批,文科,,,393,120981,
3651,江西传媒职业学院,2024,四川,专科批,文科,,,344,110384,
3651001,江西传媒职业学院,2024,四川,专科批,文科,,,344,110384,
3652,江西工业工程职业技术学院,2024,四川,专科批,文科,,,361,137857,
3652001,江西工业工程职业技术学院,2024,四川,专科批,文科,,,361,137857,
3653,江西应用科技学院,2024,四川,专科批,文科,,,199,192504,
3653001,江西应用科技学院,2024,四川,专科批,文科,,,199,192504,
3655,江西工程学院,2024,四川,专科批,文科,,,315,175561,
3655001,江西工程学院,2024,四川,专科批,文科,,,315,175561,
3656,南昌理工学院,2024,四川,专科批,文科,,,353,129066,
3656001,南昌理工学院,2024,四川,专科批,文科,,,353,129066,
3657,江西司法警官职业学院,2024,四川,专科批,文科,,,426,98011,
3657001,江西司法警官职业学院,2024,四川,专科批,文科,,,426,98011,
3658,江西工业职业技术学院,2024,四川,专科批,文科,,,367,140791,
3658001,江西工业职业技术学院,2024,四川,专科批,文科,,,367,140791,
3659,江西工商职业技术学院,2024,四川,专科批,文科,,,294,171039,
3659001,江西工商职业技术学院,2024,四川,专科批,文科,,,294,171039,
3660,江西建设职业技术学院,2024,四川,专科批,文科,,,378,124691,
3660001,江西建设职业技术学院,2024,四川,专科批,文科,,,378,124691,
3661,江西职业技术大学,2024,四川,专科批,文科,,,426,80955,
3661001,江西职业技术大学,2024,四川,专科批,文科,,,426,80955,
3662,江西生物科技职业学院,2024,四川,专科批,文科,,,389,126874,
3662001,江西生物科技职业学院,2024,四川,专科批,文科,,,389,126874,
3663,江西环境工程职业学院,2024,四川,专科批,文科,,,373,127586,
3663001,江西环境工程职业学院,2024,四川,专科批,文科,,,373,127586,
3664,江西信息应用职业技术学院,2024,四川,专科批,文科,,,393,126874,
3664001,江西信息应用职业技术学院,2024,四川,专科批,文科,,,393,126874,
3665,江西农业工程职业学院,2024,四川,专科批,文科,,,399,104226,
3665001,江西农业工程职业学院,2024,四川,专科批,文科,,,399,104226,
3667,江西新能源科技职业学院,2024,四川,专科批,文科,,,251,181780,
3667001,江西新能源科技职业学院,2024,四川,专科批,文科,,,251,181780,
3668,江西财经职业学院,2024,四川,专科批,文科,,,408,109619,
3668001,江西财经职业学院,2024,四川,专科批,文科,,,408,109619,
3669,江西应用技术职业学院,2024,四川,专科批,文科,,,390,108840,
3669001,江西应用技术职业学院,2024,四川,专科批,文科,,,390,108840,
3670,吉安职业技术学院,2024,四川,专科批,文科,,,365,117337,
3670001,吉安职业技术学院,2024,四川,专科批,文科,,,365,117337,
3673,南昌工学院,2024,四川,专科批,文科,,,383,134218,
3673001,南昌工学院,2024,四川,专科批,文科,,,383,134218,
3674,南昌职业大学,2024,四川,专科批,文科,,,217,172893,
3674001,南昌职业大学,2024,四川,专科批,文科,,,217,172893,
3678,江西冶金职业技术学院,2024,四川,专科批,文科,,,354,142271,
3678001,江西冶金职业技术学院,2024,四川,专科批,文科,,,354,142271,
3679,江西青年职业学院,2024,四川,专科批,文科,,,359,134218,
3679001,江西青年职业学院,2024,四川,专科批,文科,,,359,134218,
3681,江西现代职业技术学院,2024,四川,专科批,文科,,,389,129066,
3681001,江西现代职业技术学院,2024,四川,专科批,文科,,,389,129066,
3683,共青科技职业学院,2024,四川,专科批,文科,,,150,201953,
3683001,共青科技职业学院,2024,四川,专科批,文科,,,150,201953,
3685,宜春职业技术学院,2024,四川,专科批,文科,,,423,97200,
3685001,宜春职业技术学院,2024,四川,专科批,文科,,,423,97200,
3699,江西软件职业技术大学,2024,四川,专科批,文科,,,323,160664,
3699001,江西软件职业技术大学,2024,四川,专科批,文科,,,323,160664,
3741,山东理工职业学院,2024,四川,专科批,文科,,,339,160664,
3741001,山东理工职业学院,2024,四川,专科批,文科,,,339,160664,
3745,山东中医药高等专科学校,2024,四川,专科批,文科,,,455,75933,
3745001,山东中医药高等专科学校,2024,四川,专科批,文科,,,455,75933,
3748,山东水利职业学院,2024,四川,专科批,文科,,,379,110384,
3748001,山东水利职业学院,2024,四川,专科批,文科,,,379,110384,
3749,齐鲁医药学院,2024,四川,专科批,文科,,,443,74213,
3749001,齐鲁医药学院,2024,四川,专科批,文科,,,443,74213,
3751,山东商业职业技术学院,2024,四川,专科批,文科,,,350,134218,
3751001,山东商业职业技术学院,2024,四川,专科批,文科,,,350,134218,
3752,山东畜牧兽医职业学院,2024,四川,专科批,文科,,,435,88339,
3752001,山东畜牧兽医职业学院,2024,四川,专科批,文科,,,435,88339,
3753,山东城市建设职业学院,2024,四川,专科批,文科,,,357,145111,
3753001,山东城市建设职业学院,2024,四川,专科批,文科,,,357,145111,
3756,山东服装职业学院,2024,四川,专科批,文科,,,318,157652,
3756001,山东服装职业学院,2024,四川,专科批,文科,,,318,157652,
3757,青岛职业技术学院,2024,四川,专科批,文科,,,400,108082,
3757001,青岛职业技术学院,2024,四川,专科批,文科,,,400,108082,
3758,山东外贸职业学院,2024,四川,专科批,文科,,,397,95565,
3758001,山东外贸职业学院,2024,四川,专科批,文科,,,397,95565,
3760,山东力明科技职业学院,2024,四川,专科批,文科,,,348,132792,
3760001,山东力明科技职业学院,2024,四川,专科批,文科,,,348,132792,
3761,日照职业技术学院,2024,四川,专科批,文科,,,417,98011,
3761001,日照职业技术学院,2024,四川,专科批,文科,,,417,98011,
3762,威海职业学院,2024,四川,专科批,文科,,,361,143687,
3762001,威海职业学院,2024,四川,专科批,文科,,,361,143687,
3763,东营职业学院,2024,四川,专科批,文科,,,340,160664,
3763001,东营职业学院,2024,四川,专科批,文科,,,340,160664,
3764,山东旅游职业学院,2024,四川,专科批,文科,,,356,150545,
3764001,山东旅游职业学院,2024,四川,专科批,文科,,,356,150545,
3768,曲阜远东职业技术学院,2024,四川,专科批,文科,,,260,167961,
3768001,曲阜远东职业技术学院,2024,四川,专科批,文科,,,260,167961,
3770,济南护理职业学院,2024,四川,专科批,文科,,,430,97200,
3770001,济南护理职业学院,2024,四川,专科批,文科,,,430,97200,
3771,山东交通职业学院,2024,四川,专科批,文科,,,359,142271,
3771001,山东交通职业学院,2024,四川,专科批,文科,,,359,142271,
3772,日照航海工程职业学院,2024,四川,专科批,文科,,,204,183551,
3772001,日照航海工程职业学院,2024,四川,专科批,文科,,,204,183551,
3773,菏泽家政职业学院,2024,四川,专科批,文科,,,357,142271,
3773001,菏泽家政职业学院,2024,四川,专科批,文科,,,357,142271,
3774,山东商务职业学院,2024,四川,专科批,文科,,,365,143687,
3774001,山东商务职业学院,2024,四川,专科批,文科,,,365,143687,
3778,莱芜职业技术学院,2024,四川,专科批,文科,,,348,121721,
3778001,莱芜职业技术学院,2024,四川,专科批,文科,,,348,121721,
3779,山东圣翰财贸职业学院,2024,四川,专科批,文科,,,290,171524,
3779001,山东圣翰财贸职业学院,2024,四川,专科批,文科,,,290,171524,
3780,山东外国语职业技术大学,2024,四川,专科批,文科,,,201,171039,
3780001,山东外国语职业技术大学,2024,四川,专科批,文科,,,201,171039,
3782,青岛酒店管理职业技术学院,2024,四川,专科批,文科,,,351,147142,
3782001,青岛酒店管理职业技术学院,2024,四川,专科批,文科,,,351,147142,
3783,山东英才学院,2024,四川,专科批,文科,,,252,157055,
3783001,山东英才学院,2024,四川,专科批,文科,,,252,157055,
3784,烟台南山学院,2024,四川,专科批,文科,,,275,187104,
3784001,烟台南山学院,2024,四川,专科批,文科,,,275,187104,
3786,山东协和学院,2024,四川,专科批,文科,,,188,129066,
3786001,山东协和学院,2024,四川,专科批,文科,,,188,129066,
3787,青岛港湾职业技术学院,2024,四川,专科批,文科,,,315,51347,
3787001,青岛港湾职业技术学院,2024,四川,专科批,文科,,,315,51347,
3788,山东轻工职业学院,2024,四川,专科批,文科,,,300,181429,
3788001,山东轻工职业学院,2024,四川,专科批,文科,,,300,181429,
3789,青岛求实职业技术学院,2024,四川,专科批,文科,,,233,179941,
3789001,青岛求实职业技术学院,2024,四川,专科批,文科,,,233,179941,
3790,青岛黄海学院,2024,四川,专科批,文科,,,257,120286,
3790001,青岛黄海学院,2024,四川,专科批,文科,,,257,120286,
3791,山东海事职业学院,2024,四川,专科批,文科,,,270,144399,
3791001,山东海事职业学院,2024,四川,专科批,文科,,,270,144399,
3792,山东传媒职业学院,2024,四川,专科批,文科,,,357,147840,
3792001,山东传媒职业学院,2024,四川,专科批,文科,,,357,147840,
3795,齐鲁理工学院,2024,四川,专科批,文科,,,359,142271,
3795001,齐鲁理工学院,2024,四川,专科批,文科,,,359,142271,
3816,济南幼儿师范高等专科学校,2024,四川,专科批,文科,,,366,146459,
3816001,济南幼儿师范高等专科学校,2024,四川,专科批,文科,,,366,146459,
3818,烟台工程职业技术学院,2024,四川,专科批,文科,,,301,177219,
3818001,烟台工程职业技术学院,2024,四川,专科批,文科,,,301,177219,
382,新疆生产建设兵团兴新职业技术学院,2024,四川,专科批,文科,,,376,100284,
382001,新疆生产建设兵团兴新职业技术学院,2024,四川,专科批,文科,,,376,100284,
3840,徐州幼儿师范高等专科学校,2024,四川,专科批,文科,,,370,143687,
3840001,徐州幼儿师范高等专科学校,2024,四川,专科批,文科,,,370,143687,
3847,九江理工职业学院,2024,四川,专科批,文科,,,150,201953,
3847001,九江理工职业学院,2024,四川,专科批,文科,,,150,201953,
3848,安徽城市管理职业学院,2024,四川,专科批,文科,,,384,124691,
3848001,安徽城市管理职业学院,2024,四川,专科批,文科,,,384,124691,
3849,淮南职业技术学院,2024,四川,专科批,文科,,,371,137857,
3849001,淮南职业技术学院,2024,四川,专科批,文科,,,371,137857,
3854,苏州经贸职业技术学院,2024,四川,专科批,文科,,,448,75066,
3854001,苏州经贸职业技术学院,2024,四川,专科批,文科,,,448,75066,
3855,苏州卫生职业技术学院,2024,四川,专科批,文科,,,460,74213,
3855001,苏州卫生职业技术学院,2024,四川,专科批,文科,,,460,74213,
3857,桐城师范高等专科学校,2024,四川,专科批,文科,,,377,138568,
3857001,桐城师范高等专科学校,2024,四川,专科批,文科,,,377,138568,
3859,常州工业职业技术学院,2024,四川,专科批,文科,,,391,128342,
3859001,常州工业职业技术学院,2024,四川,专科批,文科,,,391,128342,
3863,金肯职业技术学院,2024,四川,专科批,文科,,,253,193693,
3863001,金肯职业技术学院,2024,四川,专科批,文科,,,253,193693,
3869,安徽矿业职业技术学院,2024,四川,专科批,文科,,,297,182515,
3869001,安徽矿业职业技术学院,2024,四川,专科批,文科,,,297,182515,
3872,青岛工程职业学院,2024,四川,专科批,文科,,,395,122467,
3872001,青岛工程职业学院,2024,四川,专科批,文科,,,395,122467,
3875,南京旅游职业学院,2024,四川,专科批,文科,,,400,109619,
3875001,南京旅游职业学院,2024,四川,专科批,文科,,,400,109619,
3879,苏州工业园区服务外包职业学院,2024,四川,专科批,文科,,,420,106543,
3879001,苏州工业园区服务外包职业学院,2024,四川,专科批,文科,,,420,106543,
3909,青岛航空科技职业学院,2024,四川,专科批,文科,,,150,201953,
3909001,青岛航空科技职业学院,2024,四川,专科批,文科,,,150,201953,
3910,江海职业技术学院,2024,四川,专科批,文科,,,310,177620,
3910001,江海职业技术学院,2024,四川,专科批,文科,,,310,177620,
3911,无锡南洋职业技术学院,2024,四川,专科批,文科,,,222,195355,
3911001,无锡南洋职业技术学院,2024,四川,专科批,文科,,,222,195355,
3912,南京机电职业技术学院,2024,四川,专科批,文科,,,442,87510,
3912001,南京机电职业技术学院,2024,四川,专科批,文科,,,442,87510,
3913,常州纺织服装职业技术学院,2024,四川,专科批,文科,,,357,147142,
3913001,常州纺织服装职业技术学院,2024,四川,专科批,文科,,,357,147142,
3914,江苏城市职业学院,2024,四川,专科批,文科,,,432,77632,
3914001,江苏城市职业学院,2024,四川,专科批,文科,,,432,77632,
3924,南通职业大学,2024,四川,专科批,文科,,,442,84169,
3924001,南通职业大学,2024,四川,专科批,文科,,,442,84169,
3926,江苏旅游职业学院,2024,四川,专科批,文科,,,390,121721,
3926001,江苏旅游职业学院,2024,四川,专科批,文科,,,390,121721,
3927,盐城幼儿师范高等专科学校,2024,四川,专科批,文科,,,384,109619,
3927001,盐城幼儿师范高等专科学校,2024,四川,专科批,文科,,,384,109619,
3928,江苏商贸职业学院,2024,四川,专科批,文科,,,422,96344,
3928001,江苏商贸职业学院,2024,四川,专科批,文科,,,422,96344,
3929,扬州中瑞酒店职业学院,2024,四川,专科批,文科,,,150,201953,
3929001,扬州中瑞酒店职业学院,2024,四川,专科批,文科,,,150,201953,
3931,江苏财经职业技术学院,2024,四川,专科批,文科,,,400,108082,
3931001,江苏财经职业技术学院,2024,四川,专科批,文科,,,400,108082,
3935,浙江纺织服装职业技术学院,2024,四川,专科批,文科,,,435,92393,
3935001,浙江纺织服装职业技术学院,2024,四川,专科批,文科,,,435,92393,
3940,江西樟树中医药职业学院,2024,四川,专科批,文科,,,266,181780,
3940001,江西樟树中医药职业学院,2024,四川,专科批,文科,,,266,181780,
3944,徽商职业学院,2024,四川,专科批,文科,,,364,137100,
3944001,徽商职业学院,2024,四川,专科批,文科,,,364,137100,
3946,安徽卫生健康职业学院,2024,四川,专科批,文科,,,408,111202,
3946001,安徽卫生健康职业学院,2024,四川,专科批,文科,,,408,111202,
3949,南通师范高等专科学校,2024,四川,专科批,文科,,,413,97200,
3949001,南通师范高等专科学校,2024,四川,专科批,文科,,,413,97200,
3951,江西交通职业技术学院,2024,四川,专科批,文科,,,409,112720,
3951001,江西交通职业技术学院,2024,四川,专科批,文科,,,409,112720,
3952,江西工程职业学院,2024,四川,专科批,文科,,,334,164620,
3952001,江西工程职业学院,2024,四川,专科批,文科,,,334,164620,
3953,江西航空职业技术学院,2024,四川,专科批,文科,,,379,73354,
3953001,江西航空职业技术学院,2024,四川,专科批,文科,,,379,73354,
3955,萍乡卫生职业学院,2024,四川,专科批,文科,,,424,91567,
3955001,萍乡卫生职业学院,2024,四川,专科批,文科,,,424,91567,
3956,江西婺源茶业职业学院,2024,四川,专科批,文科,,,361,140791,
3956001,江西婺源茶业职业学院,2024,四川,专科批,文科,,,361,140791,
3961,潍坊环境工程职业学院,2024,四川,专科批,文科,,,157,199926,
3961001,潍坊环境工程职业学院,2024,四川,专科批,文科,,,157,199926,
3966,江西电力职业技术学院,2024,四川,专科批,文科,,,462,72470,
3966001,江西电力职业技术学院,2024,四川,专科批,文科,,,462,72470,
3968,江苏财会职业学院,2024,四川,专科批,文科,,,425,101044,
3968001,江苏财会职业学院,2024,四川,专科批,文科,,,425,101044,
3970,潍坊科技学院,2024,四川,专科批,文科,,,221,183860,
3970001,潍坊科技学院,2024,四川,专科批,文科,,,221,183860,
3971,东营科技职业学院,2024,四川,专科批,文科,,,310,170522,
3971001,东营科技职业学院,2024,四川,专科批,文科,,,310,170522,
3972,枣庄科技职业学院,2024,四川,专科批,文科,,,273,161242,
3972001,枣庄科技职业学院,2024,四川,专科批,文科,,,273,161242,
3973,皖北卫生职业学院,2024,四川,专科批,文科,,,416,107325,
3973001,皖北卫生职业学院,2024,四川,专科批,文科,,,416,107325,
3974,潍坊工程职业学院,2024,四川,专科批,文科,,,351,152469,
3974001,潍坊工程职业学院,2024,四川,专科批,文科,,,351,152469,
3975,江苏护理职业学院,2024,四川,专科批,文科,,,435,76813,
3975001,江苏护理职业学院,2024,四川,专科批,文科,,,435,76813,
3976,枣庄职业学院,2024,四川,专科批,文科,,,285,172005,
3976001,枣庄职业学院,2024,四川,专科批,文科,,,285,172005,
3978,潍坊理工学院,2024,四川,专科批,文科,,,264,187365,
3978001,潍坊理工学院,2024,四川,专科批,文科,,,264,187365,
3979,正德职业技术学院,2024,四川,专科批,文科,,,315,175561,
3979001,正德职业技术学院,2024,四川,专科批,文科,,,315,175561,
3980,昆山登云科技职业学院,2024,四川,专科批,文科,,,181,195199,
3980001,昆山登云科技职业学院,2024,四川,专科批,文科,,,181,195199,
3984,山东化工职业学院,2024,四川,专科批,文科,,,345,159461,
3984001,山东化工职业学院,2024,四川,专科批,文科,,,345,159461,
3985,烟台黄金职业学院,2024,四川,专科批,文科,,,283,186823,
3985001,烟台黄金职业学院,2024,四川,专科批,文科,,,283,186823,
3990,安徽国防科技职业学院,2024,四川,专科批,文科,,,371,142998,
3990001,安徽国防科技职业学院,2024,四川,专科批,文科,,,371,142998,
3994,泰山科技学院,2024,四川,专科批,文科,,,286,182515,
3994001,泰山科技学院,2024,四川,专科批,文科,,,286,182515,
3995,苏州健雄职业技术学院,2024,四川,专科批,文科,,,397,122467,
3995001,苏州健雄职业技术学院,2024,四川,专科批,文科,,,397,122467,
3996,安徽财贸职业学院,2024,四川,专科批,文科,,,356,151828,
3996001,安徽财贸职业学院,2024,四川,专科批,文科,,,356,151828,
4125,鹤壁能源化工职业学院,2024,四川,专科批,文科,,,321,172893,
4125001,鹤壁能源化工职业学院,2024,四川,专科批,文科,,,321,172893,
4127,郑州财税金融职业学院,2024,四川,专科批,文科,,,344,160664,
4127001,郑州财税金融职业学院,2024,四川,专科批,文科,,,344,160664,
4130,开封大学,2024,四川,专科批,文科,,,459,74213,
4130001,开封大学,2024,四川,专科批,文科,,,459,74213,
4134,河南地矿职业学院,2024,四川,专科批,文科,,,325,160082,
4134001,河南地矿职业学院,2024,四川,专科批,文科,,,325,160082,
4135,信阳农林学院,2024,四川,专科批,文科,,,258,192700,
4135001,信阳农林学院,2024,四川,专科批,文科,,,258,192700,
4143,焦作大学,2024,四川,专科批,文科,,,429,94754,
4143001,焦作大学,2024,四川,专科批,文科,,,429,94754,
4145,长江艺术工程职业学院,2024,四川,专科批,文科,,,229,151206,
4145001,长江艺术工程职业学院,2024,四川,专科批,文科,,,229,151206,
4149,焦作师范高等专科学校,2024,四川,专科批,文科,,,438,92393,
4149001,焦作师范高等专科学校,2024,四川,专科批,文科,,,438,92393,
4152,三门峡社会管理职业学院,2024,四川,专科批,文科,,,417,101847,
4152001,三门峡社会管理职业学院,2024,四川,专科批,文科,,,417,101847,
4154,商丘职业技术学院,2024,四川,专科批,文科,,,382,132792,
4154001,商丘职业技术学院,2024,四川,专科批,文科,,,382,132792,
4155,郑州铁路职业技术学院,2024,四川,专科批,文科,,,251,194023,
4155001,郑州铁路职业技术学院,2024,四川,专科批,文科,,,251,194023,
4156,三门峡职业技术学院,2024,四川,专科批,文科,,,385,115814,
4156001,三门峡职业技术学院,2024,四川,专科批,文科,,,385,115814,
4157,郑州卫生健康职业学院,2024,四川,专科批,文科,,,404,101044,
4157001,郑州卫生健康职业学院,2024,四川,专科批,文科,,,404,101044,
4159,鹤壁职业技术学院,2024,四川,专科批,文科,,,367,137857,
4159001,鹤壁职业技术学院,2024,四川,专科批,文科,,,367,137857,
4160,平顶山工业职业技术学院,2024,四川,专科批,文科,,,355,151206,
4160001,平顶山工业职业技术学院,2024,四川,专科批,文科,,,355,151206,
4168,河南水利与环境职业学院,2024,四川,专科批,文科,,,378,137100,
4168001,河南水利与环境职业学院,2024,四川,专科批,文科,,,378,137100,
4169,安阳职业技术学院,2024,四川,专科批,文科,,,398,115063,
4169001,安阳职业技术学院,2024,四川,专科批,文科,,,398,115063,
4170,郑州职业技术学院,2024,四川,专科批,文科,,,383,122467,
4170001,郑州职业技术学院,2024,四川,专科批,文科,,,383,122467,
4171,信阳职业技术学院,2024,四川,专科批,文科,,,393,115814,
4171001,信阳职业技术学院,2024,四川,专科批,文科,,,393,115814,
4173,南阳农业职业学院,2024,四川,专科批,文科,,,356,153126,
4173001,南阳农业职业学院,2024,四川,专科批,文科,,,356,153126,
4179,郑州旅游职业学院,2024,四川,专科批,文科,,,362,139332,
4179001,郑州旅游职业学院,2024,四川,专科批,文科,,,362,139332,
4180,濮阳职业技术学院,2024,四川,专科批,文科,,,342,160664,
4180001,濮阳职业技术学院,2024,四川,专科批,文科,,,342,160664,
4184,河南护理职业学院,2024,四川,专科批,文科,,,421,105746,
4184001,河南护理职业学院,2024,四川,专科批,文科,,,421,105746,
4186,济源职业技术学院,2024,四川,专科批,文科,,,384,133517,
4186001,济源职业技术学院,2024,四川,专科批,文科,,,384,133517,
4189,河南经贸职业学院,2024,四川,专科批,文科,,,428,94754,
4189001,河南经贸职业学院,2024,四川,专科批,文科,,,428,94754,
4191,开封文化艺术职业学院,2024,四川,专科批,文科,,,364,147840,
4191001,开封文化艺术职业学院,2024,四川,专科批,文科,,,364,147840,
4194,河南推拿职业学院,2024,四川,专科批,文科,,,434,95565,
4194001,河南推拿职业学院,2024,四川,专科批,文科,,,434,95565,
4196,洛阳职业技术学院,2024,四川,专科批,文科,,,435,85022,
4196001,洛阳职业技术学院,2024,四川,专科批,文科,,,435,85022,
4197,周口职业技术学院,2024,四川,专科批,文科,,,367,144399,
4197001,周口职业技术学院,2024,四川,专科批,文科,,,367,144399,
4198,河南医学高等专科学校,2024,四川,专科批,文科,,,449,81727,
4198001,河南医学高等专科学校,2024,四川,专科批,文科,,,449,81727,
4199,安阳幼儿师范高等专科学校,2024,四川,专科批,文科,,,363,147840,
4199001,安阳幼儿师范高等专科学校,2024,四川,专科批,文科,,,363,147840,
4214,汉江师范学院,2024,四川,专科批,文科,,,474,54817,
4214001,汉江师范学院,2024,四川,专科批,文科,,,474,54817,
4229,鄂州职业大学,2024,四川,专科批,文科,,,409,97200,
4229001,鄂州职业大学,2024,四川,专科批,文科,,,409,97200,
4234,宜昌科技职业学院,2024,四川,专科批,文科,,,347,137857,
4234001,宜昌科技职业学院,2024,四川,专科批,文科,,,347,137857,
4235,襄阳科技职业学院,2024,四川,专科批,文科,,,337,144399,
4235001,襄阳科技职业学院,2024,四川,专科批,文科,,,337,144399,
4238,湖北铁道运输职业学院,2024,四川,专科批,文科,,,412,106543,
4238001,湖北铁道运输职业学院,2024,四川,专科批,文科,,,412,106543,
4240,武汉学院,2024,四川,专科批,文科,,,442,77632,
4240001,武汉学院,2024,四川,专科批,文科,,,442,77632,
4243,武汉光谷职业学院,2024,四川,专科批,文科,,,218,176440,
4243001,武汉光谷职业学院,2024,四川,专科批,文科,,,218,176440,
4245,湖北中医药高等专科学校,2024,四川,专科批,文科,,,460,64556,
4245001,湖北中医药高等专科学校,2024,四川,专科批,文科,,,460,64556,
4248,三峡大学科技学院,2024,四川,专科批,文科,,,415,110384,
4248001,三峡大学科技学院,2024,四川,专科批,文科,,,415,110384,
4249,湖北幼儿师范高等专科学校,2024,四川,专科批,文科,,,275,103467,
4249001,湖北幼儿师范高等专科学校,2024,四川,专科批,文科,,,275,103467,
4251,武汉职业技术学院,2024,四川,专科批,文科,,,457,74213,
4251001,武汉职业技术学院,2024,四川,专科批,文科,,,457,74213,
4252,武汉船舶职业技术学院,2024,四川,专科批,文科,,,416,88339,
4252001,武汉船舶职业技术学院,2024,四川,专科批,文科,,,416,88339,
4253,武汉交通职业学院,2024,四川,专科批,文科,,,440,84169,
4253001,武汉交通职业学院,2024,四川,专科批,文科,,,440,84169,
4254,黄冈职业技术学院,2024,四川,专科批,文科,,,438,75933,
4254001,黄冈职业技术学院,2024,四川,专科批,文科,,,438,75933,
4255,随州职业技术学院,2024,四川,专科批,文科,,,384,123224,
4255001,随州职业技术学院,2024,四川,专科批,文科,,,384,123224,
4256,湖北水利水电职业技术学院,2024,四川,专科批,文科,,,401,111202,
4256001,湖北水利水电职业技术学院,2024,四川,专科批,文科,,,401,111202,
4258,湖北职业技术学院,2024,四川,专科批,文科,,,440,74213,
4258001,湖北职业技术学院,2024,四川,专科批,文科,,,440,74213,
4259,恩施职业技术学院,2024,四川,专科批,文科,,,364,137100,
4259001,恩施职业技术学院,2024,四川,专科批,文科,,,364,137100,
4260,湖北轻工职业技术学院,2024,四川,专科批,文科,,,396,114279,
4260001,湖北轻工职业技术学院,2024,四川,专科批,文科,,,396,114279,
4261,武汉生物工程学院,2024,四川,专科批,文科,,,359,138568,
4261001,武汉生物工程学院,2024,四川,专科批,文科,,,359,138568,
4262,湖北交通职业技术学院,2024,四川,专科批,文科,,,389,98011,
4262001,湖北交通职业技术学院,2024,四川,专科批,文科,,,389,98011,
4263,荆门职业学院,2024,四川,专科批,文科,,,372,123224,
4263001,荆门职业学院,2024,四川,专科批,文科,,,372,123224,
4264,武汉城市职业学院,2024,四川,专科批,文科,,,437,83383,
4264001,武汉城市职业学院,2024,四川,专科批,文科,,,437,83383,
4265,仙桃职业学院,2024,四川,专科批,文科,,,356,122467,
4265001,仙桃职业学院,2024,四川,专科批,文科,,,356,122467,
4266,荆州职业技术学院,2024,四川,专科批,文科,,,401,108840,
4266001,荆州职业技术学院,2024,四川,专科批,文科,,,401,108840,
4267,荆州理工职业学院,2024,四川,专科批,文科,,,367,134218,
4267001,荆州理工职业学院,2024,四川,专科批,文科,,,367,134218,
4268,襄阳汽车职业技术学院,2024,四川,专科批,文科,,,267,125419,
4268001,襄阳汽车职业技术学院,2024,四川,专科批,文科,,,267,125419,
4269,襄阳职业技术学院,2024,四川,专科批,文科,,,446,61041,
4269001,襄阳职业技术学院,2024,四川,专科批,文科,,,446,61041,
4270,武汉软件工程职业学院,2024,四川,专科批,文科,,,450,71598,
4270001,武汉软件工程职业学院,2024,四川,专科批,文科,,,450,71598,
4272,湖北开放职业学院,2024,四川,专科批,文科,,,150,201953,
4272001,湖北开放职业学院,2024,四川,专科批,文科,,,150,201953,
4273,湖北城市建设职业技术学院,2024,四川,专科批,文科,,,371,127586,
4273001,湖北城市建设职业技术学院,2024,四川,专科批,文科,,,371,127586,
4274,武汉航海职业技术学院,2024,四川,专科批,文科,,,395,115814,
4274001,武汉航海职业技术学院,2024,四川,专科批,文科,,,395,115814,
4275,武汉警官职业学院,2024,四川,专科批,文科,,,435,83383,
4275001,武汉警官职业学院,2024,四川,专科批,文科,,,435,83383,
4277,湖北科技职业学院,2024,四川,专科批,文科,,,386,129792,
4277001,湖北科技职业学院,2024,四川,专科批,文科,,,386,129792,
4279,武汉外语外事职业学院,2024,四川,专科批,文科,,,267,157652,
4279001,武汉外语外事职业学院,2024,四川,专科批,文科,,,267,157652,
4280,武昌职业学院,2024,四川,专科批,文科,,,187,189873,
4280001,武昌职业学院,2024,四川,专科批,文科,,,187,189873,
4281,咸宁职业技术学院,2024,四川,专科批,文科,,,398,102643,
4281001,咸宁职业技术学院,2024,四川,专科批,文科,,,398,102643,
4282,湖北生物科技职业学院,2024,四川,专科批,文科,,,396,115063,
4282001,湖北生物科技职业学院,2024,四川,专科批,文科,,,396,115063,
4284,武汉科技职业学院,2024,四川,专科批,文科,,,304,179941,
4284001,武汉科技职业学院,2024,四川,专科批,文科,,,304,179941,
4285,武汉工程职业技术学院,2024,四川,专科批,文科,,,419,92393,
4285001,武汉工程职业技术学院,2024,四川,专科批,文科,,,419,92393,
4287,武汉铁路桥梁职业学院,2024,四川,专科批,文科,,,416,92393,
4287001,武汉铁路桥梁职业学院,2024,四川,专科批,文科,,,416,92393,
4290,湖北国土资源职业学院,2024,四川,专科批,文科,,,394,110384,
4290001,湖北国土资源职业学院,2024,四川,专科批,文科,,,394,110384,
4299,武汉工商学院,2024,四川,专科批,文科,,,428,98772,
4299001,武汉工商学院,2024,四川,专科批,文科,,,428,98772,
4338,郴州思科职业学院,2024,四川,专科批,文科,,,261,192092,
4338001,郴州思科职业学院,2024,四川,专科批,文科,,,261,192092,
4340,湖南幼儿师范高等专科学校,2024,四川,专科批,文科,,,282,82597,
4340001,湖南幼儿师范高等专科学校,2024,四川,专科批,文科,,,282,82597,
4348,湖南中医药高等专科学校,2024,四川,专科批,文科,,,447,85022,
4348001,湖南中医药高等专科学校,2024,四川,专科批,文科,,,447,85022,
4349,益阳医学高等专科学校,2024,四川,专科批,文科,,,462,66346,
4349001,益阳医学高等专科学校,2024,四川,专科批,文科,,,462,66346,
4350,湖南理工职业技术学院,2024,四川,专科批,文科,,,384,126874,
4350001,湖南理工职业技术学院,2024,四川,专科批,文科,,,384,126874,
4351,长沙民政职业技术学院,2024,四川,专科批,文科,,,459,27305,
4351001,长沙民政职业技术学院,2024,四川,专科批,文科,,,459,27305,
4352,湖南工业职业技术学院,2024,四川,专科批,文科,,,421,90734,
4352001,湖南工业职业技术学院,2024,四川,专科批,文科,,,421,90734,
4355,湖南交通职业技术学院,2024,四川,专科批,文科,,,418,95565,
4355001,湖南交通职业技术学院,2024,四川,专科批,文科,,,418,95565,
4356,湖南水利水电职业技术学院,2024,四川,专科批,文科,,,403,98772,
4356001,湖南水利水电职业技术学院,2024,四川,专科批,文科,,,403,98772,
4358,湖南环境生物职业技术学院,2024,四川,专科批,文科,,,398,121721,
4358001,湖南环境生物职业技术学院,2024,四川,专科批,文科,,,398,121721,
4359,湖南科技职业学院,2024,四川,专科批,文科,,,386,132050,
4359001,湖南科技职业学院,2024,四川,专科批,文科,,,386,132050,
4360,岳阳职业技术学院,2024,四川,专科批,文科,,,422,93222,
4360001,岳阳职业技术学院,2024,四川,专科批,文科,,,422,93222,
4362,湖南信息职业技术学院,2024,四川,专科批,文科,,,399,112720,
4362001,湖南信息职业技术学院,2024,四川,专科批,文科,,,399,112720,
4363,湖南网络工程职业学院,2024,四川,专科批,文科,,,375,134218,
4363001,湖南网络工程职业学院,2024,四川,专科批,文科,,,375,134218,
4364,湖南铁路科技职业技术学院,2024,四川,专科批,文科,,,450,69904,
4364001,湖南铁路科技职业技术学院,2024,四川,专科批,文科,,,450,69904,
4366,湖南铁道职业技术学院,2024,四川,专科批,文科,,,446,46981,
4366001,湖南铁道职业技术学院,2024,四川,专科批,文科,,,446,46981,
4367,永州职业技术学院,2024,四川,专科批,文科,,,429,80139,
4367001,永州职业技术学院,2024,四川,专科批,文科,,,429,80139,
4368,湖南大众传媒职业技术学院,2024,四川,专科批,文科,,,457,66346,
4368001,湖南大众传媒职业技术学院,2024,四川,专科批,文科,,,457,66346,
4369,湖南邮电职业技术学院,2024,四川,专科批,文科,,,395,125419,
4369001,湖南邮电职业技术学院,2024,四川,专科批,文科,,,395,125419,
4370,湘潭医卫职业技术学院,2024,四川,专科批,文科,,,427,93222,
4370001,湘潭医卫职业技术学院,2024,四川,专科批,文科,,,427,93222,
4371,湖南商务职业技术学院,2024,四川,专科批,文科,,,414,110384,
4371001,湖南商务职业技术学院,2024,四川,专科批,文科,,,414,110384,
4372,湘中幼儿师范高等专科学校,2024,四川,专科批,文科,,,450,74213,
4372001,湘中幼儿师范高等专科学校,2024,四川,专科批,文科,,,450,74213,
4373,娄底职业技术学院,2024,四川,专科批,文科,,,366,111938,
4373001,娄底职业技术学院,2024,四川,专科批,文科,,,366,111938,
4374,张家界航空工业职业技术学院,2024,四川,专科批,文科,,,404,93992,
4374001,张家界航空工业职业技术学院,2024,四川,专科批,文科,,,404,93992,
4375,湖南工程职业技术学院,2024,四川,专科批,文科,,,404,98772,
4375001,湖南工程职业技术学院,2024,四川,专科批,文科,,,404,98772,
4376,长沙环境保护职业技术学院,2024,四川,专科批,文科,,,391,122467,
4376001,长沙环境保护职业技术学院,2024,四川,专科批,文科,,,391,122467,
4377,湖南软件职业技术大学,2024,四川,专科批,文科,,,291,180686,
4377001,湖南软件职业技术大学,2024,四川,专科批,文科,,,291,180686,
4378,湖南吉利汽车职业技术学院,2024,四川,专科批,文科,,,326,155738,
4378001,湖南吉利汽车职业技术学院,2024,四川,专科批,文科,,,326,155738,
4379,湖南劳动人事职业学院,2024,四川,专科批,文科,,,378,137857,
4379001,湖南劳动人事职业学院,2024,四川,专科批,文科,,,378,137857,
4381,长沙航空职业技术学院,2024,四川,专科批,文科,,,468,67271,
4381001,长沙航空职业技术学院,2024,四川,专科批,文科,,,468,67271,
4382,湖南机电职业技术学院,2024,四川,专科批,文科,,,396,121721,
4382001,湖南机电职业技术学院,2024,四川,专科批,文科,,,396,121721,
4383,益阳职业技术学院,2024,四川,专科批,文科,,,370,130575,
4383001,益阳职业技术学院,2024,四川,专科批,文科,,,370,130575,
4384,常德职业技术学院,2024,四川,专科批,文科,,,405,108840,
4384001,常德职业技术学院,2024,四川,专科批,文科,,,405,108840,
4385,湖南财经工业职业技术学院,2024,四川,专科批,文科,,,319,129066,
4385001,湖南财经工业职业技术学院,2024,四川,专科批,文科,,,319,129066,
4386,怀化职业技术学院,2024,四川,专科批,文科,,,383,131325,
4386001,怀化职业技术学院,2024,四川,专科批,文科,,,383,131325,
4387,湘西民族职业技术学院,2024,四川,专科批,文科,,,300,132792,
4387001,湘西民族职业技术学院,2024,四川,专科批,文科,,,300,132792,
4388,湖南化工职业技术学院,2024,四川,专科批,文科,,,397,119549,
4388001,湖南化工职业技术学院,2024,四川,专科批,文科,,,397,119549,
4389,湖南城建职业技术学院,2024,四川,专科批,文科,,,390,124691,
4389001,湖南城建职业技术学院,2024,四川,专科批,文科,,,390,124691,
4390,湖南有色金属职业技术学院,2024,四川,专科批,文科,,,368,145111,
4390001,湖南有色金属职业技术学院,2024,四川,专科批,文科,,,368,145111,
4391,长沙卫生职业学院,2024,四川,专科批,文科,,,453,49565,
4391001,长沙卫生职业学院,2024,四川,专科批,文科,,,453,49565,
4392,长沙职业技术学院,2024,四川,专科批,文科,,,440,90734,
4392001,长沙职业技术学院,2024,四川,专科批,文科,,,440,90734,
4396,湘南幼儿师范高等专科学校,2024,四川,专科批,文科,,,397,111202,
4396001,湘南幼儿师范高等专科学校,2024,四川,专科批,文科,,,397,111202,
4398,湖南汽车工程职业大学,2024,四川,专科批,文科,,,403,110384,
4398001,湖南汽车工程职业大学,2024,四川,专科批,文科,,,403,110384,
4431,广东省外语艺术职业学院,2024,四川,专科批,文科,,,238,196103,
4431001,广东省外语艺术职业学院,2024,四川,专科批,文科,,,238,196103,
4446,湛江幼儿师范专科学校,2024,四川,专科批,文科,,,386,128342,
4446001,湛江幼儿师范专科学校,2024,四川,专科批,文科,,,386,128342,
4447,广东碧桂园职业学院,2024,四川,专科批,文科,,,274,189176,
4447001,广东碧桂园职业学院,2024,四川,专科批,文科,,,274,189176,
4448,广东工商职业技术大学,2024,四川,专科批,文科,,,417,107325,
4448001,广东工商职业技术大学,2024,四川,专科批,文科,,,417,107325,
4451,广州民航职业技术学院,2024,四川,专科批,文科,,,458,74213,
4451001,广州民航职业技术学院,2024,四川,专科批,文科,,,458,74213,
4453,广东轻工职业技术大学,2024,四川,专科批,文科,,,465,60118,
4453001,广东轻工职业技术大学,2024,四川,专科批,文科,,,465,60118,
4456,广州铁路职业技术学院,2024,四川,专科批,文科,,,451,81727,
4456001,广州铁路职业技术学院,2024,四川,专科批,文科,,,451,81727,
4459,广东科学技术职业学院,2024,四川,专科批,文科,,,448,79329,
4459001,广东科学技术职业学院,2024,四川,专科批,文科,,,448,79329,
4460,广东茂名幼儿师范专科学校,2024,四川,专科批,文科,,,250,100284,
4460001,广东茂名幼儿师范专科学校,2024,四川,专科批,文科,,,250,100284,
4462,广东食品药品职业学院,2024,四川,专科批,文科,,,442,67271,
4462001,广东食品药品职业学院,2024,四川,专科批,文科,,,442,67271,
4463,珠海城市职业技术学院,2024,四川,专科批,文科,,,413,107325,
4463001,珠海城市职业技术学院,2024,四川,专科批,文科,,,413,107325,
4464,广东文艺职业学院,2024,四川,专科批,文科,,,372,140032,
4464001,广东文艺职业学院,2024,四川,专科批,文科,,,372,140032,
4465,江门职业技术学院,2024,四川,专科批,文科,,,421,87510,
4465001,江门职业技术学院,2024,四川,专科批,文科,,,421,87510,
4466,广东酒店管理职业技术学院,2024,四川,专科批,文科,,,184,196405,
4466001,广东酒店管理职业技术学院,2024,四川,专科批,文科,,,184,196405,
4468,广州科技贸易职业学院,2024,四川,专科批,文科,,,395,119549,
4468001,广州科技贸易职业学院,2024,四川,专科批,文科,,,395,119549,
4470,广东工贸职业技术学院,2024,四川,专科批,文科,,,440,89894,
4470001,广东工贸职业技术学院,2024,四川,专科批,文科,,,440,89894,
4471,广州城市职业学院,2024,四川,专科批,文科,,,443,81727,
4471001,广州城市职业学院,2024,四川,专科批,文科,,,443,81727,
4472,广东文理职业学院,2024,四川,专科批,文科,,,200,160664,
4472001,广东文理职业学院,2024,四川,专科批,文科,,,200,160664,
4474,顺德职业技术学院,2024,四川,专科批,文科,,,448,81727,
4474001,顺德职业技术学院,2024,四川,专科批,文科,,,448,81727,
4475,广州华南商贸职业学院,2024,四川,专科批,文科,,,206,180286,
4475001,广州华南商贸职业学院,2024,四川,专科批,文科,,,206,180286,
4476,广州东华职业学院,2024,四川,专科批,文科,,,217,196921,
4476001,广州东华职业学院,2024,四川,专科批,文科,,,217,196921,
4479,广州城建职业学院,2024,四川,专科批,文科,,,272,115063,
4479001,广州城建职业学院,2024,四川,专科批,文科,,,272,115063,
4481,广东亚视演艺职业学院,2024,四川,专科批,文科,,,182,189647,
4481001,广东亚视演艺职业学院,2024,四川,专科批,文科,,,182,189647,
4482,珠海艺术职业学院,2024,四川,专科批,文科,,,347,158876,
4482001,珠海艺术职业学院,2024,四川,专科批,文科,,,347,158876,
4483,茂名职业技术学院,2024,四川,专科批,文科,,,261,118032,
4483001,茂名职业技术学院,2024,四川,专科批,文科,,,261,118032,
4484,广东交通职业技术学院,2024,四川,专科批,文科,,,436,91567,
4484001,广东交通职业技术学院,2024,四川,专科批,文科,,,436,91567,
4486,广东环境保护工程职业学院,2024,四川,专科批,文科,,,387,127586,
4486001,广东环境保护工程职业学院,2024,四川,专科批,文科,,,387,127586,
4487,广东信息工程职业学院,2024,四川,专科批,文科,,,314,163469,
4487001,广东信息工程职业学院,2024,四川,专科批,文科,,,314,163469,
4497,广东南华工商职业学院,2024,四川,专科批,文科,,,407,97200,
4497001,广东南华工商职业学院,2024,四川,专科批,文科,,,407,97200,
4499,私立华联学院,2024,四川,专科批,文科,,,232,173351,
4499001,私立华联学院,2024,四川,专科批,文科,,,232,173351,
4504,桂林理工大学,2024,四川,专科批,文科,,,463,64556,
4504001,桂林理工大学,2024,四川,专科批,文科,,,463,64556,
451,上海民航职业技术学院,2024,四川,专科批,文科,,,443,80139,
451001,上海民航职业技术学院,2024,四川,专科批,文科,,,443,80139,
4520,桂林航天工业学院,2024,四川,专科批,文科,,,446,80955,
4520001,桂林航天工业学院,2024,四川,专科批,文科,,,446,80955,
4525,桂林旅游学院,2024,四川,专科批,文科,,,440,77632,
4525001,桂林旅游学院,2024,四川,专科批,文科,,,440,77632,
4527,桂林师范高等专科学校,2024,四川,专科批,文科,,,362,83383,
4527001,桂林师范高等专科学校,2024,四川,专科批,文科,,,362,83383,
4529,广西体育高等专科学校,2024,四川,专科批,文科,,,403,119549,
4529001,广西体育高等专科学校,2024,四川,专科批,文科,,,403,119549,
4533,广西幼儿师范高等专科学校,2024,四川,专科批,文科,,,399,108082,
4533001,广西幼儿师范高等专科学校,2024,四川,专科批,文科,,,399,108082,
4549,深圳职业技术大学,2024,四川,专科批,文科,,,490,41181,
4549001,深圳职业技术大学,2024,四川,专科批,文科,,,490,41181,
4552,广西机电职业技术学院,2024,四川,专科批,文科,,,358,151828,
4552001,广西机电职业技术学院,2024,四川,专科批,文科,,,358,151828,
4554,钦州幼儿师范高等专科学校,2024,四川,专科批,文科,,,339,161822,
4554001,钦州幼儿师范高等专科学校,2024,四川,专科批,文科,,,339,161822,
4556,广西交通职业技术学院,2024,四川,专科批,文科,,,379,137100,
4556001,广西交通职业技术学院,2024,四川,专科批,文科,,,379,137100,
4558,广西自然资源职业技术学院,2024,四川,专科批,文科,,,357,142271,
4558001,广西自然资源职业技术学院,2024,四川,专科批,文科,,,357,142271,
4559,广西建设职业技术学院,2024,四川,专科批,文科,,,408,115814,
4559001,广西建设职业技术学院,2024,四川,专科批,文科,,,408,115814,
4560,广西电力职业技术学院,2024,四川,专科批,文科,,,415,82597,
4560001,广西电力职业技术学院,2024,四川,专科批,文科,,,415,82597,
4561,广西水利电力职业技术学院,2024,四川,专科批,文科,,,381,135679,
4561001,广西水利电力职业技术学院,2024,四川,专科批,文科,,,381,135679,
4563,广西生态工程职业技术学院,2024,四川,专科批,文科,,,372,130575,
4563001,广西生态工程职业技术学院,2024,四川,专科批,文科,,,372,130575,
4564,广西经济职业学院,2024,四川,专科批,文科,,,313,176440,
4564001,广西经济职业学院,2024,四川,专科批,文科,,,313,176440,
4565,广西工业职业技术学院,2024,四川,专科批,文科,,,367,140032,
4565001,广西工业职业技术学院,2024,四川,专科批,文科,,,367,140032,
4569,百色职业学院,2024,四川,专科批,文科,,,348,152469,
4569001,百色职业学院,2024,四川,专科批,文科,,,348,152469,
4571,广西现代职业技术学院,2024,四川,专科批,文科,,,381,133517,
4571001,广西现代职业技术学院,2024,四川,专科批,文科,,,381,133517,
4572,北海职业学院,2024,四川,专科批,文科,,,356,129792,
4572001,北海职业学院,2024,四川,专科批,文科,,,356,129792,
4573,广西科技职业学院,2024,四川,专科批,文科,,,150,201953,
4573001,广西科技职业学院,2024,四川,专科批,文科,,,150,201953,
4574,桂林山水职业学院,2024,四川,专科批,文科,,,275,188667,
4574001,桂林山水职业学院,2024,四川,专科批,文科,,,275,188667,
4576,柳州城市职业学院,2024,四川,专科批,文科,,,378,135679,
4576001,柳州城市职业学院,2024,四川,专科批,文科,,,378,135679,
4577,广西卫生职业技术学院,2024,四川,专科批,文科,,,401,74213,
4577001,广西卫生职业技术学院,2024,四川,专科批,文科,,,401,74213,
4581,广西金融职业技术学院,2024,四川,专科批,文科,,,371,137857,
4581001,广西金融职业技术学院,2024,四川,专科批,文科,,,371,137857,
4587,桂林信息工程职业学院,2024,四川,专科批,文科,,,230,180286,
4587001,桂林信息工程职业学院,2024,四川,专科批,文科,,,230,180286,
4589,崇左幼儿师范高等专科学校,2024,四川,专科批,文科,,,351,145782,
4589001,崇左幼儿师范高等专科学校,2024,四川,专科批,文科,,,351,145782,
4594,广西国际商务职业技术学院,2024,四川,专科批,文科,,,364,145111,
4594001,广西国际商务职业技术学院,2024,四川,专科批,文科,,,364,145111,
4597,梧州职业学院,2024,四川,专科批,文科,,,384,132792,
4597001,梧州职业学院,2024,四川,专科批,文科,,,384,132792,
4598,柳州铁道职业技术学院,2024,四川,专科批,文科,,,430,98772,
4598001,柳州铁道职业技术学院,2024,四川,专科批,文科,,,430,98772,
4611,海南热带海洋学院,2024,四川,专科批,文科,,,407,87510,
4611001,海南热带海洋学院,2024,四川,专科批,文科,,,407,87510,
4634,海南东方新丝路职业学院,2024,四川,专科批,文科,,,266,191043,
4634001,海南东方新丝路职业学院,2024,四川,专科批,文科,,,266,191043,
4650,三亚中瑞酒店管理职业学院,2024,四川,专科批,文科,,,279,187903,
4650001,三亚中瑞酒店管理职业学院,2024,四川,专科批,文科,,,279,187903,
4651,海南职业技术学院,2024,四川,专科批,文科,,,345,128342,
4651001,海南职业技术学院,2024,四川,专科批,文科,,,345,128342,
4652,海口经济学院,2024,四川,专科批,文科,,,166,179941,
4652001,海口经济学院,2024,四川,专科批,文科,,,166,179941,
4653,三亚城市职业学院,2024,四川,专科批,文科,,,264,180686,
4653001,三亚城市职业学院,2024,四川,专科批,文科,,,264,180686,
4655,海南软件职业技术学院,2024,四川,专科批,文科,,,357,145111,
4655001,海南软件职业技术学院,2024,四川,专科批,文科,,,357,145111,
4656,海南经贸职业技术学院,2024,四川,专科批,文科,,,416,109619,
4656001,海南经贸职业技术学院,2024,四川,专科批,文科,,,416,109619,
4659,海南外国语职业学院,2024,四川,专科批,文科,,,328,101847,
4659001,海南外国语职业学院,2024,四川,专科批,文科,,,328,101847,
4660,三亚航空旅游职业学院,2024,四川,专科批,文科,,,239,187104,
4660001,三亚航空旅游职业学院,2024,四川,专科批,文科,,,239,187104,
4661,海南工商职业学院,2024,四川,专科批,文科,,,309,177993,
4661001,海南工商职业学院,2024,四川,专科批,文科,,,309,177993,
4677,海南科技职业大学,2024,四川,专科批,文科,,,253,161822,
4677001,海南科技职业大学,2024,四川,专科批,文科,,,253,161822,
4679,三亚理工职业学院,2024,四川,专科批,文科,,,303,169534,
4679001,三亚理工职业学院,2024,四川,专科批,文科,,,303,169534,
4693,海南卫生健康职业学院,2024,四川,专科批,文科,,,412,94754,
4693001,海南卫生健康职业学院,2024,四川,专科批,文科,,,412,94754,
4756,郑州信息工程职业学院,2024,四川,专科批,文科,,,150,201953,
4756001,郑州信息工程职业学院,2024,四川,专科批,文科,,,150,201953,
4758,湖北工业职业技术学院,2024,四川,专科批,文科,,,392,124691,
4758001,湖北工业职业技术学院,2024,四川,专科批,文科,,,392,124691,
4759,武汉电力职业技术学院,2024,四川,专科批,文科,,,454,74213,
4759001,武汉电力职业技术学院,2024,四川,专科批,文科,,,454,74213,
4760,武汉信息传播职业技术学院,2024,四川,专科批,文科,,,275,184794,
4760001,武汉信息传播职业技术学院,2024,四川,专科批,文科,,,275,184794,
4763,湖北工程职业学院,2024,四川,专科批,文科,,,390,125419,
4763001,湖北工程职业学院,2024,四川,专科批,文科,,,390,125419,
4767,广东农工商职业技术学院,2024,四川,专科批,文科,,,381,131325,
4767001,广东农工商职业技术学院,2024,四川,专科批,文科,,,381,131325,
4768,广州康大职业技术学院,2024,四川,专科批,文科,,,406,117337,
4768001,广州康大职业技术学院,2024,四川,专科批,文科,,,406,117337,
4769,广东建设职业技术学院,2024,四川,专科批,文科,,,423,92393,
4769001,广东建设职业技术学院,2024,四川,专科批,文科,,,423,92393,
4770,惠州卫生职业技术学院,2024,四川,专科批,文科,,,430,98772,
4770001,惠州卫生职业技术学院,2024,四川,专科批,文科,,,430,98772,
4771,广东生态工程职业学院,2024,四川,专科批,文科,,,399,91567,
4771001,广东生态工程职业学院,2024,四川,专科批,文科,,,399,91567,
4772,湖北工程学院新技术学院,2024,四川,专科批,文科,,,288,120286,
4772001,湖北工程学院新技术学院,2024,四川,专科批,文科,,,288,120286,
4780,广东岭南职业技术学院,2024,四川,专科批,文科,,,313,115814,
4780001,广东岭南职业技术学院,2024,四川,专科批,文科,,,313,115814,
4781,广州南洋理工职业学院,2024,四川,专科批,文科,,,229,171524,
4781001,广州南洋理工职业学院,2024,四川,专科批,文科,,,229,171524,
4783,广州华立科技职业学院,2024,四川,专科批,文科,,,192,189873,
4783001,广州华立科技职业学院,2024,四川,专科批,文科,,,192,189873,
4785,广东南方职业学院,2024,四川,专科批,文科,,,275,188922,
4785001,广东南方职业学院,2024,四川,专科批,文科,,,275,188922,
4786,广州华商职业学院,2024,四川,专科批,文科,,,193,189176,
4786001,广州华商职业学院,2024,四川,专科批,文科,,,193,189176,
4788,广州卫生职业技术学院,2024,四川,专科批,文科,,,454,58346,
4788001,广州卫生职业技术学院,2024,四川,专科批,文科,,,454,58346,
4789,桂林生命与健康职业技术学院,2024,四川,专科批,文科,,,356,153126,
4789001,桂林生命与健康职业技术学院,2024,四川,专科批,文科,,,356,153126,
4798,广州华夏职业学院,2024,四川,专科批,文科,,,240,185673,
4798001,广州华夏职业学院,2024,四川,专科批,文科,,,240,185673,
4851,武汉铁路职业技术学院,2024,四川,专科批,文科,,,444,43651,
4851001,武汉铁路职业技术学院,2024,四川,专科批,文科,,,444,43651,
4852,湖北生态工程职业技术学院,2024,四川,专科批,文科,,,384,121721,
4852001,湖北生态工程职业技术学院,2024,四川,专科批,文科,,,384,121721,
4853,武汉民政职业学院,2024,四川,专科批,文科,,,428,65445,
4853001,武汉民政职业学院,2024,四川,专科批,文科,,,428,65445,
4854,湖北三峡职业技术学院,2024,四川,专科批,文科,,,419,68160,
4854001,湖北三峡职业技术学院,2024,四川,专科批,文科,,,419,68160,
4865,湖北恩施学院,2024,四川,专科批,文科,,,341,124691,
4865001,湖北恩施学院,2024,四川,专科批,文科,,,341,124691,
4870,长江工程职业技术学院,2024,四川,专科批,文科,,,390,124691,
4870001,长江工程职业技术学院,2024,四川,专科批,文科,,,390,124691,
4872,三峡电力职业学院,2024,四川,专科批,文科,,,407,96344,
4872001,三峡电力职业学院,2024,四川,专科批,文科,,,407,96344,
4875,天门职业学院,2024,四川,专科批,文科,,,351,140791,
4875001,天门职业学院,2024,四川,专科批,文科,,,351,140791,
4878,江汉艺术职业学院,2024,四川,专科批,文科,,,378,122467,
4878001,江汉艺术职业学院,2024,四川,专科批,文科,,,378,122467,
4880,三峡旅游职业技术学院,2024,四川,专科批,文科,,,369,131325,
4880001,三峡旅游职业技术学院,2024,四川,专科批,文科,,,369,131325,
4881,武汉商贸职业学院,2024,四川,专科批,文科,,,318,155143,
4881001,武汉商贸职业学院,2024,四川,专科批,文科,,,318,155143,
4883,广西物流职业技术学院,2024,四川,专科批,文科,,,351,153816,
4883001,广西物流职业技术学院,2024,四川,专科批,文科,,,351,153816,
4891,广西安全工程职业技术学院,2024,四川,专科批,文科,,,342,148546,
4891001,广西安全工程职业技术学院,2024,四川,专科批,文科,,,342,148546,
4893,广西农业职业技术大学,2024,四川,专科批,文科,,,370,143687,
4893001,广西农业职业技术大学,2024,四川,专科批,文科,,,370,143687,
4894,河南应用技术职业学院,2024,四川,专科批,文科,,,356,148546,
4894001,河南应用技术职业学院,2024,四川,专科批,文科,,,356,148546,
4899,邯郸幼儿师范高等专科学校,2024,四川,专科批,文科,,,418,102643,
4899001,邯郸幼儿师范高等专科学校,2024,四川,专科批,文科,,,418,102643,
4902,濮阳医学高等专科学校,2024,四川,专科批,文科,,,428,95565,
4902001,濮阳医学高等专科学校,2024,四川,专科批,文科,,,428,95565,
4909,广州涉外经济职业技术学院,2024,四川,专科批,文科,,,241,190786,
4909001,广州涉外经济职业技术学院,2024,四川,专科批,文科,,,241,190786,
4913,广东创新科技职业学院,2024,四川,专科批,文科,,,334,166337,
4913001,广东创新科技职业学院,2024,四川,专科批,文科,,,334,166337,
4915,广州松田职业学院,2024,四川,专科批,文科,,,229,193505,
4915001,广州松田职业学院,2024,四川,专科批,文科,,,229,193505,
4951,郴州职业技术学院,2024,四川,专科批,文科,,,350,134218,
4951001,郴州职业技术学院,2024,四川,专科批,文科,,,350,134218,
4955,湖南司法警官职业学院,2024,四川,专科批,文科,,,435,91567,
4955001,湖南司法警官职业学院,2024,四川,专科批,文科,,,435,91567,
4959,河南工业和信息化职业学院,2024,四川,专科批,文科,,,268,149911,
4959001,河南工业和信息化职业学院,2024,四川,专科批,文科,,,268,149911,
4960,北海康养职业学院,2024,四川,专科批,文科,,,327,164620,
4960001,北海康养职业学院,2024,四川,专科批,文科,,,327,164620,
4967,广东肇庆航空职业学院,2024,四川,专科批,文科,,,271,175110,
4967001,广东肇庆航空职业学院,2024,四川,专科批,文科,,,271,175110,
4968,益阳师范高等专科学校,2024,四川,专科批,文科,,,376,137100,
4968001,益阳师范高等专科学校,2024,四川,专科批,文科,,,376,137100,
4972,湖南高速铁路职业技术学院,2024,四川,专科批,文科,,,438,80955,
4972001,湖南高速铁路职业技术学院,2024,四川,专科批,文科,,,438,80955,
4974,湖南石油化工职业技术学院,2024,四川,专科批,文科,,,416,105000,
4974001,湖南石油化工职业技术学院,2024,四川,专科批,文科,,,416,105000,
4975,湖南三一工业职业技术学院,2024,四川,专科批,文科,,,332,152469,
4975001,湖南三一工业职业技术学院,2024,四川,专科批,文科,,,332,152469,
4979,湖南民族职业学院,2024,四川,专科批,文科,,,389,126874,
4979001,湖南民族职业学院,2024,四川,专科批,文科,,,389,126874,
4982,湖南外国语职业学院,2024,四川,专科批,文科,,,150,201953,
4982001,湖南外国语职业学院,2024,四川,专科批,文科,,,150,201953,
4985,湖南外贸职业学院,2024,四川,专科批,文科,,,396,115814,
4985001,湖南外贸职业学院,2024,四川,专科批,文科,,,396,115814,
4987,湖南食品药品职业学院,2024,四川,专科批,文科,,,356,110384,
4987001,湖南食品药品职业学院,2024,四川,专科批,文科,,,356,110384,
5008,重庆医科大学,2024,四川,专科批,文科,,,478,50468,
5008001,重庆医科大学,2024,四川,专科批,文科,,,478,50468,
5031,重庆电力高等专科学校,2024,四川,专科批,文科,,,461,57442,
5031001,重庆电力高等专科学校,2024,四川,专科批,文科,,,461,57442,
5033,重庆医药高等专科学校,2024,四川,专科批,文科,,,503,25441,
5033001,重庆医药高等专科学校,2024,四川,专科批,文科,,,503,25441,
5036,重庆幼儿师范高等专科学校,2024,四川,专科批,文科,,,427,75066,
5036001,重庆幼儿师范高等专科学校,2024,四川,专科批,文科,,,427,75066,
5049,重庆健康职业学院,2024,四川,专科批,文科,,,246,186246,
5049001,重庆健康职业学院,2024,四川,专科批,文科,,,246,186246,
5051,重庆航天职业技术学院,2024,四川,专科批,文科,,,418,75933,
5051001,重庆航天职业技术学院,2024,四川,专科批,文科,,,418,75933,
5052,重庆工业职业技术学院,2024,四川,专科批,文科,,,456,71598,
5052001,重庆工业职业技术学院,2024,四川,专科批,文科,,,456,71598,
5053,重庆工程职业技术学院,2024,四川,专科批,文科,,,454,75933,
5053001,重庆工程职业技术学院,2024,四川,专科批,文科,,,454,75933,
5054,重庆城市管理职业学院,2024,四川,专科批,文科,,,477,41181,
5054001,重庆城市管理职业学院,2024,四川,专科批,文科,,,477,41181,
5055,重庆化工职业学院,2024,四川,专科批,文科,,,388,97200,
5055001,重庆化工职业学院,2024,四川,专科批,文科,,,388,97200,
5056,重庆旅游职业学院,2024,四川,专科批,文科,,,409,108082,
5056001,重庆旅游职业学院,2024,四川,专科批,文科,,,409,108082,
5057,重庆信息技术职业学院,2024,四川,专科批,文科,,,311,126130,
5057001,重庆信息技术职业学院,2024,四川,专科批,文科,,,311,126130,
5058,重庆海联职业技术学院,2024,四川,专科批,文科,,,208,138568,
5058001,重庆海联职业技术学院,2024,四川,专科批,文科,,,208,138568,
5059,重庆传媒职业学院,2024,四川,专科批,文科,,,296,129792,
5059001,重庆传媒职业学院,2024,四川,专科批,文科,,,296,129792,
5060,重庆商务职业学院,2024,四川,专科批,文科,,,448,79329,
5060001,重庆商务职业学院,2024,四川,专科批,文科,,,448,79329,
5061,重庆三峡职业学院,2024,四川,专科批,文科,,,393,65445,
5061001,重庆三峡职业学院,2024,四川,专科批,文科,,,393,65445,
5062,重庆工贸职业技术学院,2024,四川,专科批,文科,,,396,105000,
5062001,重庆工贸职业技术学院,2024,四川,专科批,文科,,,396,105000,
5065,重庆电子科技职业大学,2024,四川,专科批,文科,,,459,66346,
5065001,重庆电子科技职业大学,2024,四川,专科批,文科,,,459,66346,
5066,重庆水利电力职业技术学院,2024,四川,专科批,文科,,,382,96344,
5066001,重庆水利电力职业技术学院,2024,四川,专科批,文科,,,382,96344,
5067,重庆应用技术职业学院,2024,四川,专科批,文科,,,232,196921,
5067001,重庆应用技术职业学院,2024,四川,专科批,文科,,,232,196921,
5068,重庆工商职业学院,2024,四川,专科批,文科,,,449,37298,
5068001,重庆工商职业学院,2024,四川,专科批,文科,,,449,37298,
5069,重庆城市职业学院,2024,四川,专科批,文科,,,435,86667,
5069001,重庆城市职业学院,2024,四川,专科批,文科,,,435,86667,
5070,重庆建筑科技职业学院,2024,四川,专科批,文科,,,338,115063,
5070001,重庆建筑科技职业学院,2024,四川,专科批,文科,,,338,115063,
5071,重庆青年职业技术学院,2024,四川,专科批,文科,,,415,96344,
5071001,重庆青年职业技术学院,2024,四川,专科批,文科,,,415,96344,
5072,重庆财经职业学院,2024,四川,专科批,文科,,,431,71598,
5072001,重庆财经职业学院,2024,四川,专科批,文科,,,431,71598,
5073,重庆科创职业学院,2024,四川,专科批,文科,,,311,147142,
5073001,重庆科创职业学院,2024,四川,专科批,文科,,,311,147142,
5074,重庆建筑工程职业学院,2024,四川,专科批,文科,,,414,93222,
5074001,重庆建筑工程职业学院,2024,四川,专科批,文科,,,414,93222,
5075,重庆电讯职业学院,2024,四川,专科批,文科,,,204,158876,
5075001,重庆电讯职业学院,2024,四川,专科批,文科,,,204,158876,
5076,重庆能源职业学院,2024,四川,专科批,文科,,,244,148546,
5076001,重庆能源职业学院,2024,四川,专科批,文科,,,244,148546,
5077,重庆安全技术职业学院,2024,四川,专科批,文科,,,401,116579,
5077001,重庆安全技术职业学院,2024,四川,专科批,文科,,,401,116579,
5078,重庆公共运输职业学院,2024,四川,专科批,文科,,,252,123224,
5078001,重庆公共运输职业学院,2024,四川,专科批,文科,,,252,123224,
5079,重庆交通职业学院,2024,四川,专科批,文科,,,341,111202,
5079001,重庆交通职业学院,2024,四川,专科批,文科,,,341,111202,
5080,重庆艺术工程职业学院,2024,四川,专科批,文科,,,296,156400,
5080001,重庆艺术工程职业学院,2024,四川,专科批,文科,,,296,156400,
5082,重庆电信职业学院,2024,四川,专科批,文科,,,309,158876,
5082001,重庆电信职业学院,2024,四川,专科批,文科,,,309,158876,
5083,重庆经贸职业学院,2024,四川,专科批,文科,,,327,161822,
5083001,重庆经贸职业学院,2024,四川,专科批,文科,,,327,161822,
5084,重庆科技职业学院,2024,四川,专科批,文科,,,295,176440,
5084001,重庆科技职业学院,2024,四川,专科批,文科,,,295,176440,
5089,重庆智能工程职业学院,2024,四川,专科批,文科,,,306,152469,
5089001,重庆智能工程职业学院,2024,四川,专科批,文科,,,306,152469,
5094,重庆资源与环境保护职业学院,2024,四川,专科批,文科,,,277,168494,
5094001,重庆资源与环境保护职业学院,2024,四川,专科批,文科,,,277,168494,
5095,重庆护理职业学院,2024,四川,专科批,文科,,,398,103467,
5095001,重庆护理职业学院,2024,四川,专科批,文科,,,410,103467,
5097,重庆轻工职业学院,2024,四川,专科批,文科,,,347,145111,
5097001,重庆轻工职业学院,2024,四川,专科批,文科,,,347,145111,
5098,重庆理工职业学院,2024,四川,专科批,文科,,,306,166337,
5098001,重庆理工职业学院,2024,四川,专科批,文科,,,306,166337,
5130,阿坝师范学院,2024,四川,专科批,文科,,,462,72470,
5130001,阿坝师范学院,2024,四川,专科批,文科,,,462,72470,
5140,川北幼儿师范高等专科学校,2024,四川,专科批,文科,,,450,67271,
5140001,川北幼儿师范高等专科学校,2024,四川,专科批,文科,,,450,67271,
5141,成都纺织高等专科学校,2024,四川,专科批,文科,,,464,46981,
5141001,成都纺织高等专科学校,2024,四川,专科批,文科,,,464,46981,
5143,四川民族学院,2024,四川,专科批,文科,,,471,64556,
5143001,四川民族学院,2024,四川,专科批,文科,,,471,64556,
5145,四川幼儿师范高等专科学校,2024,四川,专科批,文科,,,430,69904,
5145001,四川幼儿师范高等专科学校,2024,四川,专科批,文科,,,430,69904,
5146,四川中医药高等专科学校,2024,四川,专科批,文科,,,472,56546,
5146001,四川中医药高等专科学校,2024,四川,专科批,文科,,,472,56546,
5147,四川旅游学院,2024,四川,专科批,文科,,,463,69904,
5147001,四川旅游学院,2024,四川,专科批,文科,,,463,69904,
5151,成都航空职业技术学院,2024,四川,专科批,文科,,,478,51347,
5151001,成都航空职业技术学院,2024,四川,专科批,文科,,,478,51347,
5152,四川交通职业技术学院,2024,四川,专科批,文科,,,472,61041,
5152001,四川交通职业技术学院,2024,四川,专科批,文科,,,472,61041,
5153,达州职业技术学院,2024,四川,专科批,文科,,,444,48692,
5153001,达州职业技术学院,2024,四川,专科批,文科,,,444,48692,
5154,四川机电职业技术学院,2024,四川,专科批,文科,,,417,93992,
5154001,四川机电职业技术学院,2024,四川,专科批,文科,,,417,93992,
5155,四川工程职业技术大学,2024,四川,专科批,文科,,,458,56546,
5155001,四川工程职业技术大学,2024,四川,专科批,文科,,,458,56546,
5156,四川电力职业技术学院,2024,四川,专科批,文科,,,475,57442,
5156001,四川电力职业技术学院,2024,四川,专科批,文科,,,475,57442,
5157,绵阳职业技术学院,2024,四川,专科批,文科,,,436,84169,
5157001,绵阳职业技术学院,2024,四川,专科批,文科,,,436,84169,
5158,四川工商职业技术学院,2024,四川,专科批,文科,,,445,78478,
5158001,四川工商职业技术学院,2024,四川,专科批,文科,,,445,78478,
5159,四川建筑职业技术学院,2024,四川,专科批,文科,,,459,64556,
5159001,四川建筑职业技术学院,2024,四川,专科批,文科,,,459,64556,
5160,四川国际标榜职业学院,2024,四川,专科批,文科,,,242,181059,
5160001,四川国际标榜职业学院,2024,四川,专科批,文科,,,242,181059,
5161,成都农业科技职业学院,2024,四川,专科批,文科,,,449,54817,
5161001,成都农业科技职业学院,2024,四川,专科批,文科,,,449,54817,
5162,宜宾职业技术学院,2024,四川,专科批,文科,,,437,75066,
5162001,宜宾职业技术学院,2024,四川,专科批,文科,,,437,75066,
5163,成都艺术职业大学,2024,四川,专科批,文科,,,329,151828,
5163001,成都艺术职业大学,2024,四川,专科批,文科,,,329,151828,
5164,四川托普信息技术职业学院,2024,四川,专科批,文科,,,307,147840,
5164001,四川托普信息技术职业学院,2024,四川,专科批,文科,,,307,147840,
5165,四川职业技术学院,2024,四川,专科批,文科,,,454,59191,
5165001,四川职业技术学院,2024,四川,专科批,文科,,,454,59191,
5166,眉山职业技术学院,2024,四川,专科批,文科,,,429,85864,
5166001,眉山职业技术学院,2024,四川,专科批,文科,,,429,85864,
5167,泸州职业技术学院,2024,四川,专科批,文科,,,441,81727,
5167001,泸州职业技术学院,2024,四川,专科批,文科,,,441,81727,
5168,乐山职业技术学院,2024,四川,专科批,文科,,,450,69041,
5168001,乐山职业技术学院,2024,四川,专科批,文科,,,450,69041,
5169,雅安职业技术学院,2024,四川,专科批,文科,,,447,71598,
5169001,雅安职业技术学院,2024,四川,专科批,文科,,,447,71598,
5170,四川邮电职业技术学院,2024,四川,专科批,文科,,,463,69904,
5170001,四川邮电职业技术学院,2024,四川,专科批,文科,,,463,69904,
5171,四川航天职业技术学院,2024,四川,专科批,文科,,,430,94754,
5171001,四川航天职业技术学院,2024,四川,专科批,文科,,,430,94754,
5172,四川化工职业技术学院,2024,四川,专科批,文科,,,429,86667,
5172001,四川化工职业技术学院,2024,四川,专科批,文科,,,429,86667,
5173,四川水利职业技术学院,2024,四川,专科批,文科,,,324,69904,
5173001,四川水利职业技术学院,2024,四川,专科批,文科,,,324,69904,
5174,南充职业技术学院,2024,四川,专科批,文科,,,426,90734,
5174001,南充职业技术学院,2024,四川,专科批,文科,,,426,90734,
5175,成都职业技术学院,2024,四川,专科批,文科,,,461,68160,
5175001,成都职业技术学院,2024,四川,专科批,文科,,,461,68160,
5176,内江职业技术学院,2024,四川,专科批,文科,,,424,90734,
5176001,内江职业技术学院,2024,四川,专科批,文科,,,424,90734,
5177,成都东软学院,2024,四川,专科批,文科,,,401,120981,
5177001,成都东软学院,2024,四川,专科批,文科,,,401,120981,
5178,四川司法警官职业学院,2024,四川,专科批,文科,,,448,76813,
5178001,四川司法警官职业学院,2024,四川,专科批,文科,,,448,76813,
5180,四川信息职业技术学院,2024,四川,专科批,文科,,,418,95565,
5180001,四川信息职业技术学院,2024,四川,专科批,文科,,,418,95565,
5181,广安职业技术学院,2024,四川,专科批,文科,,,434,86667,
5181001,广安职业技术学院,2024,四川,专科批,文科,,,434,86667,
5182,四川商务职业学院,2024,四川,专科批,文科,,,436,85864,
5182001,四川商务职业学院,2024,四川,专科批,文科,,,436,85864,
5183,四川铁道职业学院,2024,四川,专科批,文科,,,456,43651,
5183001,四川铁道职业学院,2024,四川,专科批,文科,,,456,43651,
5184,四川财经职业学院,2024,四川,专科批,文科,,,457,74213,
5184001,四川财经职业学院,2024,四川,专科批,文科,,,457,74213,
5185,四川文化产业职业学院,2024,四川,专科批,文科,,,448,75933,
5185001,四川文化产业职业学院,2024,四川,专科批,文科,,,448,75933,
5186,四川科技职业学院,2024,四川,专科批,文科,,,278,129792,
5186001,四川科技职业学院,2024,四川,专科批,文科,,,278,129792,
5187,四川艺术职业学院,2024,四川,专科批,文科,,,416,91567,
5187001,四川艺术职业学院,2024,四川,专科批,文科,,,416,91567,
5188,四川文化传媒职业学院,2024,四川,专科批,文科,,,245,178785,
5188001,四川文化传媒职业学院,2024,四川,专科批,文科,,,245,178785,
5189,四川华新现代职业学院,2024,四川,专科批,文科,,,173,128342,
5189001,四川华新现代职业学院,2024,四川,专科批,文科,,,173,128342,
5190,四川城市职业学院,2024,四川,专科批,文科,,,151,173351,
5190001,四川城市职业学院,2024,四川,专科批,文科,,,151,173351,
5191,四川现代职业学院,2024,四川,专科批,文科,,,249,174257,
5191001,四川现代职业学院,2024,四川,专科批,文科,,,249,174257,
5192,四川长江职业学院,2024,四川,专科批,文科,,,157,137100,
5192001,四川长江职业学院,2024,四川,专科批,文科,,,157,137100,
5193,民办四川天一学院,2024,四川,专科批,文科,,,150,137100,
5193001,民办四川天一学院,2024,四川,专科批,文科,,,150,137100,
5194,四川卫生康复职业学院,2024,四川,专科批,文科,,,455,71598,
5194001,四川卫生康复职业学院,2024,四川,专科批,文科,,,455,71598,
5195,四川三河职业学院,2024,四川,专科批,文科,,,372,132792,
5195001,四川三河职业学院,2024,四川,专科批,文科,,,372,132792,
5196,四川电影电视学院,2024,四川,专科批,文科,,,314,144399,
5196001,四川电影电视学院,2024,四川,专科批,文科,,,314,144399,
5197,南充电影工业职业学院,2024,四川,专科批,文科,,,151,156400,
5197001,南充电影工业职业学院,2024,四川,专科批,文科,,,151,156400,
5198,四川汽车职业技术学院,2024,四川,专科批,文科,,,156,184794,
5198001,四川汽车职业技术学院,2024,四川,专科批,文科,,,156,184794,
5199,四川护理职业学院,2024,四川,专科批,文科,,,451,74213,
5199001,四川护理职业学院,2024,四川,专科批,文科,,,451,74213,
5219,黔南民族医学高等专科学校,2024,四川,专科批,文科,,,419,93992,
5219001,黔南民族医学高等专科学校,2024,四川,专科批,文科,,,419,93992,
5232,遵义医药高等专科学校,2024,四川,专科批,文科,,,465,69041,
5232001,遵义医药高等专科学校,2024,四川,专科批,文科,,,465,69041,
5241,铜仁幼儿师范高等专科学校,2024,四川,专科批,文科,,,419,103467,
5241001,铜仁幼儿师范高等专科学校,2024,四川,专科批,文科,,,419,103467,
5243,毕节幼儿师范高等专科学校,2024,四川,专科批,文科,,,406,103467,
5243001,毕节幼儿师范高等专科学校,2024,四川,专科批,文科,,,406,103467,
5244,六盘水幼儿师范高等专科学校,2024,四川,专科批,文科,,,362,149246,
5244001,六盘水幼儿师范高等专科学校,2024,四川,专科批,文科,,,362,149246,
5248,贵州应用技术职业学院,2024,四川,专科批,文科,,,188,200789,
5248001,贵州应用技术职业学院,2024,四川,专科批,文科,,,188,200789,
5251,贵州航天职业技术学院,2024,四川,专科批,文科,,,403,111202,
5251001,贵州航天职业技术学院,2024,四川,专科批,文科,,,403,111202,
5253,贵州电子信息职业技术学院,2024,四川,专科批,文科,,,388,127586,
5253001,贵州电子信息职业技术学院,2024,四川,专科批,文科,,,388,127586,
5255,遵义职业技术学院,2024,四川,专科批,文科,,,397,117337,
5255001,遵义职业技术学院,2024,四川,专科批,文科,,,397,117337,
5256,安顺职业技术学院,2024,四川,专科批,文科,,,415,110384,
5256001,安顺职业技术学院,2024,四川,专科批,文科,,,415,110384,
5257,黔东南民族职业技术学院,2024,四川,专科批,文科,,,433,60118,
5257001,黔东南民族职业技术学院,2024,四川,专科批,文科,,,433,60118,
5258,黔南民族职业技术学院,2024,四川,专科批,文科,,,389,125419,
5258001,黔南民族职业技术学院,2024,四川,专科批,文科,,,389,125419,
5259,贵州城市职业学院,2024,四川,专科批,文科,,,237,191270,
5259001,贵州城市职业学院,2024,四川,专科批,文科,,,237,191270,
5260,贵州轻工职业技术学院,2024,四川,专科批,文科,,,431,97200,
5260001,贵州轻工职业技术学院,2024,四川,专科批,文科,,,431,97200,
5261,六盘水职业技术学院,2024,四川,专科批,文科,,,414,105000,
5261001,六盘水职业技术学院,2024,四川,专科批,文科,,,414,105000,
5265,贵州经贸职业技术学院,2024,四川,专科批,文科,,,381,134979,
5265001,贵州经贸职业技术学院,2024,四川,专科批,文科,,,381,134979,
5266,铜仁职业技术学院,2024,四川,专科批,文科,,,401,82597,
5266001,铜仁职业技术学院,2024,四川,专科批,文科,,,401,82597,
5267,毕节职业技术学院,2024,四川,专科批,文科,,,404,103467,
5267001,毕节职业技术学院,2024,四川,专科批,文科,,,404,103467,
5268,贵州机电职业技术学院,2024,四川,专科批,文科,,,398,119549,
5268001,贵州机电职业技术学院,2024,四川,专科批,文科,,,398,119549,
5271,贵阳职业技术学院,2024,四川,专科批,文科,,,416,69904,
5271001,贵阳职业技术学院,2024,四川,专科批,文科,,,416,69904,
5273,贵州护理职业技术学院,2024,四川,专科批,文科,,,431,98011,
5273001,贵州护理职业技术学院,2024,四川,专科批,文科,,,431,98011,
5274,毕节工业职业技术学院,2024,四川,专科批,文科,,,385,128342,
5274001,毕节工业职业技术学院,2024,四川,专科批,文科,,,385,128342,
5275,贵州财经职业学院,2024,四川,专科批,文科,,,410,111938,
5275001,贵州财经职业学院,2024,四川,专科批,文科,,,410,111938,
5277,贵州盛华职业学院,2024,四川,专科批,文科,,,323,165780,
5277001,贵州盛华职业学院,2024,四川,专科批,文科,,,323,165780,
5278,贵州健康职业学院,2024,四川,专科批,文科,,,425,100284,
5278001,贵州健康职业学院,2024,四川,专科批,文科,,,425,100284,
5279,贵州工商职业学院,2024,四川,专科批,文科,,,383,134218,
5279001,贵州工商职业学院,2024,四川,专科批,文科,,,383,134218,
5280,贵州工贸职业学院,2024,四川,专科批,文科,,,324,165200,
5280001,贵州工贸职业学院,2024,四川,专科批,文科,,,324,165200,
5290,毕节医学高等专科学校,2024,四川,专科批,文科,,,437,85022,
5290001,毕节医学高等专科学校,2024,四川,专科批,文科,,,437,85022,
5291,贵阳幼儿师范高等专科学校,2024,四川,专科批,文科,,,398,103467,
5291001,贵阳幼儿师范高等专科学校,2024,四川,专科批,文科,,,398,103467,
5292,贵州建设职业技术学院,2024,四川,专科批,文科,,,396,124691,
5292001,贵州建设职业技术学院,2024,四川,专科批,文科,,,396,124691,
5293,贵州农业职业学院,2024,四川,专科批,文科,,,433,92393,
5293001,贵州农业职业学院,2024,四川,专科批,文科,,,433,92393,
5294,贵州工程职业学院,2024,四川,专科批,文科,,,389,120981,
5294001,贵州工程职业学院,2024,四川,专科批,文科,,,389,120981,
5298,黔西南民族职业技术学院,2024,四川,专科批,文科,,,413,102643,
5298001,黔西南民族职业技术学院,2024,四川,专科批,文科,,,413,102643,
5299,黔南民族幼儿师范高等专科学校,2024,四川,专科批,文科,,,417,108840,
5299001,黔南民族幼儿师范高等专科学校,2024,四川,专科批,文科,,,417,108840,
5325,昆明冶金高等专科学校,2024,四川,专科批,文科,,,415,98011,
5325001,昆明冶金高等专科学校,2024,四川,专科批,文科,,,415,98011,
5327,丽江师范学院,2024,四川,专科批,文科,,,463,69041,
5327001,丽江师范学院,2024,四川,专科批,文科,,,463,69041,
5329,德宏师范高等专科学校,2024,四川,专科批,文科,,,385,131325,
5329001,德宏师范高等专科学校,2024,四川,专科批,文科,,,385,131325,
5330,楚雄医药高等专科学校,2024,四川,专科批,文科,,,459,73354,
5330001,楚雄医药高等专科学校,2024,四川,专科批,文科,,,459,73354,
5332,曲靖医学高等专科学校,2024,四川,专科批,文科,,,438,91567,
5332001,曲靖医学高等专科学校,2024,四川,专科批,文科,,,438,91567,
5349,云南医药健康职业学院,2024,四川,专科批,文科,,,405,89894,
5349001,云南医药健康职业学院,2024,四川,专科批,文科,,,405,89894,
5351,云南国土资源职业学院,2024,四川,专科批,文科,,,408,99535,
5351001,云南国土资源职业学院,2024,四川,专科批,文科,,,408,99535,
5352,云南交通职业技术学院,2024,四川,专科批,文科,,,426,99535,
5352001,云南交通职业技术学院,2024,四川,专科批,文科,,,426,99535,
5355,西双版纳职业技术学院,2024,四川,专科批,文科,,,377,127586,
5355001,西双版纳职业技术学院,2024,四川,专科批,文科,,,377,127586,
5356,玉溪农业职业技术学院,2024,四川,专科批,文科,,,416,100284,
5356001,玉溪农业职业技术学院,2024,四川,专科批,文科,,,416,100284,
5357,云南林业职业技术学院,2024,四川,专科批,文科,,,384,97200,
5357001,云南林业职业技术学院,2024,四川,专科批,文科,,,384,97200,
5358,云南机电职业技术学院,2024,四川,专科批,文科,,,394,126130,
5358001,云南机电职业技术学院,2024,四川,专科批,文科,,,394,126130,
5359,云南农业职业技术学院,2024,四川,专科批,文科,,,407,100284,
5359001,云南农业职业技术学院,2024,四川,专科批,文科,,,407,100284,
5360,昆明工业职业技术学院,2024,四川,专科批,文科,,,413,110384,
5360001,昆明工业职业技术学院,2024,四川,专科批,文科,,,413,110384,
5361,云南经济管理学院,2024,四川,专科批,文科,,,348,147840,
5361001,云南经济管理学院,2024,四川,专科批,文科,,,348,147840,
5362,云南国防工业职业技术学院,2024,四川,专科批,文科,,,414,101044,
5362001,云南国防工业职业技术学院,2024,四川,专科批,文科,,,414,101044,
5364,云南能源职业技术学院,2024,四川,专科批,文科,,,395,123938,
5364001,云南能源职业技术学院,2024,四川,专科批,文科,,,395,123938,
5365,云南工商学院,2024,四川,专科批,文科,,,338,164032,
5365001,云南工商学院,2024,四川,专科批,文科,,,338,164032,
5366,保山中医药高等专科学校,2024,四川,专科批,文科,,,431,94754,
5366001,保山中医药高等专科学校,2024,四川,专科批,文科,,,431,94754,
5367,云南经贸外事职业学院,2024,四川,专科批,文科,,,243,186246,
5367001,云南经贸外事职业学院,2024,四川,专科批,文科,,,243,186246,
5368,云南旅游职业学院,2024,四川,专科批,文科,,,403,115063,
5368001,云南旅游职业学院,2024,四川,专科批,文科,,,403,115063,
5369,云南司法警官职业学院,2024,四川,专科批,文科,,,437,87510,
5369001,云南司法警官职业学院,2024,四川,专科批,文科,,,437,87510,
5371,德宏职业学院,2024,四川,专科批,文科,,,431,56546,
5371001,德宏职业学院,2024,四川,专科批,文科,,,431,56546,
5372,云南新兴职业学院,2024,四川,专科批,文科,,,269,139332,
5372001,云南新兴职业学院,2024,四川,专科批,文科,,,269,139332,
5373,云南水利水电职业学院,2024,四川,专科批,文科,,,407,92393,
5373001,云南水利水电职业学院,2024,四川,专科批,文科,,,407,92393,
5376,云南工程职业学院,2024,四川,专科批,文科,,,244,179941,
5376001,云南工程职业学院,2024,四川,专科批,文科,,,244,179941,
5377,云南城市建设职业学院,2024,四川,专科批,文科,,,205,182168,
5377001,云南城市建设职业学院,2024,四川,专科批,文科,,,205,182168,
5379,云南三鑫职业技术学院,2024,四川,专科批,文科,,,171,187104,
5379001,云南三鑫职业技术学院,2024,四川,专科批,文科,,,171,187104,
5382,丽江文化旅游学院,2024,四川,专科批,文科,,,300,179188,
5382001,丽江文化旅游学院,2024,四川,专科批,文科,,,300,179188,
5389,云南理工职业学院,2024,四川,专科批,文科,,,176,167961,
5389001,云南理工职业学院,2024,四川,专科批,文科,,,176,167961,
5390,红河卫生职业学院,2024,四川,专科批,文科,,,425,102643,
5390001,红河卫生职业学院,2024,四川,专科批,文科,,,425,102643,
5393,大理农林职业技术学院,2024,四川,专科批,文科,,,392,124691,
5393001,大理农林职业技术学院,2024,四川,专科批,文科,,,392,124691,
5394,昆明卫生职业学院,2024,四川,专科批,文科,,,415,93992,
5394001,昆明卫生职业学院,2024,四川,专科批,文科,,,415,93992,
5395,云南财经职业学院,2024,四川,专科批,文科,,,420,97200,
5395001,云南财经职业学院,2024,四川,专科批,文科,,,420,97200,
5396,昆明铁道职业技术学院,2024,四川,专科批,文科,,,426,80139,
5396001,昆明铁道职业技术学院,2024,四川,专科批,文科,,,426,80139,
5397,云南特殊教育职业学院,2024,四川,专科批,文科,,,396,105746,
5397001,云南特殊教育职业学院,2024,四川,专科批,文科,,,396,105746,
5399,大理护理职业学院,2024,四川,专科批,文科,,,420,101847,
5399001,大理护理职业学院,2024,四川,专科批,文科,,,420,101847,
5405,拉萨师范高等专科学校,2024,四川,专科批,文科,,,416,85022,
5405001,拉萨师范高等专科学校,2024,四川,专科批,文科,,,416,85022,
5408,西藏职业技术学院,2024,四川,专科批,文科,,,364,135679,
5408001,西藏职业技术学院,2024,四川,专科批,文科,,,364,135679,
5561,重庆现代制造职业学院,2024,四川,专科批,文科,,,185,188922,
5561001,重庆现代制造职业学院,2024,四川,专科批,文科,,,185,188922,
5566,成都轨道交通职业学院,2024,四川,专科批,文科,,,428,89894,
5566001,成都轨道交通职业学院,2024,四川,专科批,文科,,,428,89894,
5567,西昌医学高等专科学校,2024,四川,专科批,文科,,,417,92393,
5567001,西昌医学高等专科学校,2024,四川,专科批,文科,,,417,92393,
5572,重庆数字产业职业技术学院,2024,四川,专科批,文科,,,237,192092,
5572001,重庆数字产业职业技术学院,2024,四川,专科批,文科,,,237,192092,
5651,巴中职业技术学院,2024,四川,专科批,文科,,,359,111938,
5651001,巴中职业技术学院,2024,四川,专科批,文科,,,359,111938,
5652,四川希望汽车职业学院,2024,四川,专科批,文科,,,150,151828,
5652001,四川希望汽车职业学院,2024,四川,专科批,文科,,,150,151828,
5653,四川电子机械职业技术学院,2024,四川,专科批,文科,,,250,134979,
5653001,四川电子机械职业技术学院,2024,四川,专科批,文科,,,250,134979,
5655,川南幼儿师范高等专科学校,2024,四川,专科批,文科,,,450,75066,
5655001,川南幼儿师范高等专科学校,2024,四川,专科批,文科,,,450,75066,
5656,四川文轩职业学院,2024,四川,专科批,文科,,,252,148546,
5656001,四川文轩职业学院,2024,四川,专科批,文科,,,252,148546,
5657,成都工业职业技术学院,2024,四川,专科批,文科,,,443,74213,
5657001,成都工业职业技术学院,2024,四川,专科批,文科,,,443,74213,
5658,四川西南航空职业学院,2024,四川,专科批,文科,,,254,164620,
5658001,四川西南航空职业学院,2024,四川,专科批,文科,,,254,164620,
5659,四川应用技术职业学院,2024,四川,专科批,文科,,,290,180286,
5659001,四川应用技术职业学院,2024,四川,专科批,文科,,,290,180286,
5660,成都工贸职业技术学院,2024,四川,专科批,文科,,,424,90734,
5660001,成都工贸职业技术学院,2024,四川,专科批,文科,,,424,90734,
5697,博尔塔拉职业技术学院,2024,四川,专科批,文科,,,303,178399,
5697001,博尔塔拉职业技术学院,2024,四川,专科批,文科,,,303,178399,
5698,甘孜职业学院,2024,四川,专科批,文科,,,401,112720,
5698001,甘孜职业学院,2024,四川,专科批,文科,,,401,112720,
5699,自贡职业技术学院,2024,四川,专科批,文科,,,152,147142,
5699001,自贡职业技术学院,2024,四川,专科批,文科,,,152,147142,
5702,四川大学锦江学院,2024,四川,专科批,文科,,,403,118778,
5702001,四川大学锦江学院,2024,四川,专科批,文科,,,403,118778,
5703,成都锦城学院,2024,四川,专科批,文科,,,447,79329,
5703001,成都锦城学院,2024,四川,专科批,文科,,,447,79329,
5705,电子科技大学成都学院,2024,四川,专科批,文科,,,385,129792,
5705001,电子科技大学成都学院,2024,四川,专科批,文科,,,385,129792,
5706,西南交通大学希望学院,2024,四川,专科批,文科,,,362,135679,
5706001,西南交通大学希望学院,2024,四川,专科批,文科,,,362,135679,
5710,西南财经大学天府学院,2024,四川,专科批,文科,,,352,107325,
5710001,西南财经大学天府学院,2024,四川,专科批,文科,,,352,107325,
5719,四川传媒学院,2024,四川,专科批,文科,,,421,103467,
5719001,四川传媒学院,2024,四川,专科批,文科,,,421,103467,
5747,成都文理学院,2024,四川,专科批,文科,,,409,109619,
5747001,成都文理学院,2024,四川,专科批,文科,,,409,109619,
5776,成都外国语学院,2024,四川,专科批,文科,,,373,81727,
5776001,成都外国语学院,2024,四川,专科批,文科,,,373,81727,
5779,德阳农业科技职业学院,2024,四川,专科批,文科,,,160,147840,
5779001,德阳农业科技职业学院,2024,四川,专科批,文科,,,160,147840,
5780,四川文化艺术学院,2024,四川,专科批,文科,,,376,126130,
5780001,四川文化艺术学院,2024,四川,专科批,文科,,,376,126130,
5781,天府新区通用航空职业学院,2024,四川,专科批,文科,,,151,166337,
5781001,天府新区通用航空职业学院,2024,四川,专科批,文科,,,151,166337,
5782,江阳城建职业学院,2024,四川,专科批,文科,,,160,194578,
5782001,江阳城建职业学院,2024,四川,专科批,文科,,,160,194578,
5783,天府新区航空旅游职业学院,2024,四川,专科批,文科,,,300,130575,
5783001,天府新区航空旅游职业学院,2024,四川,专科批,文科,,,300,130575,
5784,德阳科贸职业学院,2024,四川,专科批,文科,,,156,126130,
5784001,德阳科贸职业学院,2024,四川,专科批,文科,,,156,126130,
5785,天府新区信息职业学院,2024,四川,专科批,文科,,,150,174257,
5785001,天府新区信息职业学院,2024,四川,专科批,文科,,,150,174257,
5786,眉山药科职业学院,2024,四川,专科批,文科,,,275,144399,
5786001,眉山药科职业学院,2024,四川,专科批,文科,,,275,144399,
5787,德阳城市轨道交通职业学院,2024,四川,专科批,文科,,,182,153126,
5787001,德阳城市轨道交通职业学院,2024,四川,专科批,文科,,,182,153126,
5788,阿坝职业学院,2024,四川,专科批,文科,,,416,102643,
5788001,阿坝职业学院,2024,四川,专科批,文科,,,416,102643,
5789,西昌民族幼儿师范高等专科学校,2024,四川,专科批,文科,,,427,83383,
5789001,西昌民族幼儿师范高等专科学校,2024,四川,专科批,文科,,,427,83383,
5791,达州中医药职业学院,2024,四川,专科批,文科,,,440,85022,
5791001,达州中医药职业学院,2024,四川,专科批,文科,,,440,85022,
5792,内江卫生与健康职业学院,2024,四川,专科批,文科,,,435,88339,
5792001,内江卫生与健康职业学院,2024,四川,专科批,文科,,,435,88339,
5793,南充科技职业学院,2024,四川,专科批,文科,,,180,184490,
5793001,南充科技职业学院,2024,四川,专科批,文科,,,180,184490,
5794,攀枝花攀西职业学院,2024,四川,专科批,文科,,,162,199029,
5794001,攀枝花攀西职业学院,2024,四川,专科批,文科,,,162,199029,
5795,资阳口腔职业学院,2024,四川,专科批,文科,,,333,147142,
5795001,资阳口腔职业学院,2024,四川,专科批,文科,,,333,147142,
5796,资阳环境科技职业学院,2024,四川,专科批,文科,,,259,158876,
5796001,资阳环境科技职业学院,2024,四川,专科批,文科,,,259,158876,
5797,广元中核职业技术学院,2024,四川,专科批,文科,,,262,109619,
5797001,广元中核职业技术学院,2024,四川,专科批,文科,,,262,109619,
5799,南充文化旅游职业学院,2024,四川,专科批,文科,,,401,105746,
5799001,南充文化旅游职业学院,2024,四川,专科批,文科,,,401,105746,
5803,绵阳飞行职业学院,2024,四川,专科批,文科,,,157,194023,
5803001,绵阳飞行职业学院,2024,四川,专科批,文科,,,157,194023,
5805,泸州医疗器械职业学院,2024,四川,专科批,文科,,,237,181059,
5805001,泸州医疗器械职业学院,2024,四川,专科批,文科,,,237,181059,
5861,重庆工信职业学院,2024,四川,专科批,文科,,,411,109619,
5861001,重庆工信职业学院,2024,四川,专科批,文科,,,411,109619,
5882,遂宁职业学院,2024,四川,专科批,文科,,,156,199617,
5882001,遂宁职业学院,2024,四川,专科批,文科,,,156,199617,
5885,遂宁能源职业学院,2024,四川,专科批,文科,,,151,200450,
5885001,遂宁能源职业学院,2024,四川,专科批,文科,,,151,200450,
5888,遂宁工程职业学院,2024,四川,专科批,文科,,,156,189398,
5888001,遂宁工程职业学院,2024,四川,专科批,文科,,,156,189398,
5893,重庆五一职业技术学院,2024,四川,专科批,文科,,,409,115063,
5893001,重庆五一职业技术学院,2024,四川,专科批,文科,,,409,115063,
5913,贵州航空职业技术学院,2024,四川,专科批,文科,,,388,120286,
5913001,贵州航空职业技术学院,2024,四川,专科批,文科,,,388,120286,
5914,昭通卫生职业学院,2024,四川,专科批,文科,,,413,89894,
5914001,昭通卫生职业学院,2024,四川,专科批,文科,,,413,89894,
5936,云南交通运输职业学院,2024,四川,专科批,文科,,,395,123224,
5936001,云南交通运输职业学院,2024,四川,专科批,文科,,,395,123224,
5937,贵州铜仁数据职业学院,2024,四川,专科批,文科,,,198,183551,
5937001,贵州铜仁数据职业学院,2024,四川,专科批,文科,,,198,183551,
6150,西安信息职业大学,2024,四川,专科批,文科,,,306,161242,
6150001,西安信息职业大学,2024,四川,专科批,文科,,,306,161242,
6151,陕西邮电职业技术学院,2024,四川,专科批,文科,,,361,101847,
6151001,陕西邮电职业技术学院,2024,四川,专科批,文科,,,361,101847,
6152,杨凌职业技术学院,2024,四川,专科批,文科,,,406,115814,
6152001,杨凌职业技术学院,2024,四川,专科批,文科,,,406,115814,
6153,西安欧亚学院,2024,四川,专科批,文科,,,376,136409,
6153001,西安欧亚学院,2024,四川,专科批,文科,,,376,136409,
6154,西安翻译学院,2024,四川,专科批,文科,,,444,85864,
6154001,西安翻译学院,2024,四川,专科批,文科,,,444,85864,
6155,西安外事学院,2024,四川,专科批,文科,,,385,103467,
6155001,西安外事学院,2024,四川,专科批,文科,,,385,103467,
6157,陕西警察学院,2024,四川,专科批,文科,,,464,70753,
6157001,陕西警察学院,2024,四川,专科批,文科,,,464,70753,
6158,陕西国防工业职业技术学院,2024,四川,专科批,文科,,,434,78478,
6158001,陕西国防工业职业技术学院,2024,四川,专科批,文科,,,434,78478,
6159,陕西交通职业技术学院,2024,四川,专科批,文科,,,411,76813,
6159001,陕西交通职业技术学院,2024,四川,专科批,文科,,,411,76813,
6160,陕西能源职业技术学院,2024,四川,专科批,文科,,,423,97200,
6160001,陕西能源职业技术学院,2024,四川,专科批,文科,,,423,97200,
6161,陕西工业职业技术学院,2024,四川,专科批,文科,,,447,79329,
6161001,陕西工业职业技术学院,2024,四川,专科批,文科,,,447,79329,
6162,西安航空职业技术学院,2024,四川,专科批,文科,,,451,79329,
6162001,西安航空职业技术学院,2024,四川,专科批,文科,,,451,79329,
6163,西安高新科技职业学院,2024,四川,专科批,文科,,,236,109619,
6163001,西安高新科技职业学院,2024,四川,专科批,文科,,,236,109619,
6164,西安思源学院,2024,四川,专科批,文科,,,331,118032,
6164001,西安思源学院,2024,四川,专科批,文科,,,331,118032,
6167,陕西财经职业技术学院,2024,四川,专科批,文科,,,354,115063,
6167001,陕西财经职业技术学院,2024,四川,专科批,文科,,,354,115063,
6168,宝鸡职业技术学院,2024,四川,专科批,文科,,,425,84169,
6168001,宝鸡职业技术学院,2024,四川,专科批,文科,,,425,84169,
6169,陕西航空职业技术学院,2024,四川,专科批,文科,,,367,120981,
6169001,陕西航空职业技术学院,2024,四川,专科批,文科,,,367,120981,
6170,陕西铁路工程职业技术学院,2024,四川,专科批,文科,,,459,61891,
6170001,陕西铁路工程职业技术学院,2024,四川,专科批,文科,,,459,61891,
6171,西安城市建设职业学院,2024,四川,专科批,文科,,,197,182887,
6171001,西安城市建设职业学院,2024,四川,专科批,文科,,,197,182887,
6173,西安汽车职业大学,2024,四川,专科批,文科,,,247,97200,
6173001,西安汽车职业大学,2024,四川,专科批,文科,,,247,97200,
6174,安康职业技术学院,2024,四川,专科批,文科,,,413,107325,
6174001,安康职业技术学院,2024,四川,专科批,文科,,,413,107325,
6175,汉中职业技术学院,2024,四川,专科批,文科,,,397,77632,
6175001,汉中职业技术学院,2024,四川,专科批,文科,,,397,77632,
6176,延安职业技术学院,2024,四川,专科批,文科,,,327,126130,
6176001,延安职业技术学院,2024,四川,专科批,文科,,,327,126130,
6177,商洛职业技术学院,2024,四川,专科批,文科,,,393,123938,
6177001,商洛职业技术学院,2024,四川,专科批,文科,,,393,123938,
6178,陕西工商职业学院,2024,四川,专科批,文科,,,388,113520,
6178001,陕西工商职业学院,2024,四川,专科批,文科,,,388,113520,
6179,西安海棠职业学院,2024,四川,专科批,文科,,,283,126874,
6179001,西安海棠职业学院,2024,四川,专科批,文科,,,283,126874,
6180,陕西职业技术学院,2024,四川,专科批,文科,,,406,111938,
6180001,陕西职业技术学院,2024,四川,专科批,文科,,,406,111938,
6181,西安医学高等专科学校,2024,四川,专科批,文科,,,417,86667,
6181001,西安医学高等专科学校,2024,四川,专科批,文科,,,417,86667,
6190,西安工商学院,2024,四川,专科批,文科,,,301,170015,
6190001,西安工商学院,2024,四川,专科批,文科,,,301,170015,
6191,陕西机电职业技术学院,2024,四川,专科批,文科,,,380,111202,
6191001,陕西机电职业技术学院,2024,四川,专科批,文科,,,380,111202,
6193,西安职业技术学院,2024,四川,专科批,文科,,,420,105746,
6193001,西安职业技术学院,2024,四川,专科批,文科,,,420,105746,
6194,西安铁路职业技术学院,2024,四川,专科批,文科,,,440,80139,
6194001,西安铁路职业技术学院,2024,四川,专科批,文科,,,440,80139,
6195,渭南职业技术学院,2024,四川,专科批,文科,,,374,105746,
6195001,渭南职业技术学院,2024,四川,专科批,文科,,,374,105746,
6196,铜川职业技术学院,2024,四川,专科批,文科,,,386,105000,
6196001,铜川职业技术学院,2024,四川,专科批,文科,,,386,105000,
6197,榆林职业技术学院,2024,四川,专科批,文科,,,382,103467,
6197001,榆林职业技术学院,2024,四川,专科批,文科,,,382,103467,
6238,陇南师范学院,2024,四川,专科批,文科,,,456,74213,
6238001,陇南师范学院,2024,四川,专科批,文科,,,456,74213,
6252,甘肃工业职业技术学院,2024,四川,专科批,文科,,,398,123224,
6252001,甘肃工业职业技术学院,2024,四川,专科批,文科,,,398,123224,
6253,甘肃交通职业技术学院,2024,四川,专科批,文科,,,404,118032,
6253001,甘肃交通职业技术学院,2024,四川,专科批,文科,,,404,118032,
6256,甘肃林业职业技术大学,2024,四川,专科批,文科,,,379,126874,
6256001,甘肃林业职业技术大学,2024,四川,专科批,文科,,,379,126874,
6280,甘肃警察学院,2024,四川,专科批,文科,,,415,105000,
6280001,甘肃警察学院,2024,四川,专科批,文科,,,415,105000,
6288,武威职业学院,2024,四川,专科批,文科,,,372,133517,
6288001,武威职业学院,2024,四川,专科批,文科,,,372,133517,
6289,甘肃建筑职业技术学院,2024,四川,专科批,文科,,,375,137857,
6289001,甘肃建筑职业技术学院,2024,四川,专科批,文科,,,375,137857,
6290,酒泉职业技术学院,2024,四川,专科批,文科,,,372,140791,
6290001,酒泉职业技术学院,2024,四川,专科批,文科,,,372,140791,
6351,青海高等职业技术学院,2024,四川,专科批,文科,,,371,130575,
6351001,青海高等职业技术学院,2024,四川,专科批,文科,,,371,130575,
6352,青海警官职业学院,2024,四川,专科批,文科,,,426,96344,
6352001,青海警官职业学院,2024,四川,专科批,文科,,,426,96344,
6353,青海农牧科技职业学院,2024,四川,专科批,文科,,,373,117337,
6353001,青海农牧科技职业学院,2024,四川,专科批,文科,,,373,117337,
6355,青海建筑职业技术学院,2024,四川,专科批,文科,,,364,138568,
6355001,青海建筑职业技术学院,2024,四川,专科批,文科,,,364,138568,
6487,宁夏工商职业技术学院,2024,四川,专科批,文科,,,321,172893,
6487001,宁夏工商职业技术学院,2024,四川,专科批,文科,,,321,172893,
6494,宁夏警官职业学院,2024,四川,专科批,文科,,,446,85864,
6494001,宁夏警官职业学院,2024,四川,专科批,文科,,,446,85864,
6505,新疆警察学院,2024,四川,专科批,文科,,,412,106543,
6505001,新疆警察学院,2024,四川,专科批,文科,,,412,106543,
6511,新疆和田学院,2024,四川,专科批,文科,,,325,139332,
6511001,新疆和田学院,2024,四川,专科批,文科,,,325,139332,
6513,新疆师范高等专科学校,2024,四川,专科批,文科,,,390,75933,
6513001,新疆师范高等专科学校,2024,四川,专科批,文科,,,390,75933,
6531,乌鲁木齐职业大学,2024,四川,专科批,文科,,,388,80139,
6531001,乌鲁木齐职业大学,2024,四川,专科批,文科,,,388,80139,
6536,可克达拉职业技术学院,2024,四川,专科批,文科,,,284,153816,
6536001,可克达拉职业技术学院,2024,四川,专科批,文科,,,284,153816,
6537,昆玉职业技术学院,2024,四川,专科批,文科,,,282,174257,
6537001,昆玉职业技术学院,2024,四川,专科批,文科,,,282,174257,
6539,新疆司法警官职业学院,2024,四川,专科批,文科,,,417,80955,
6539001,新疆司法警官职业学院,2024,四川,专科批,文科,,,417,80955,
6540,阿克苏工业职业技术学院,2024,四川,专科批,文科,,,150,201953,
6540001,阿克苏工业职业技术学院,2024,四川,专科批,文科,,,150,201953,
6541,新星职业技术学院,2024,四川,专科批,文科,,,284,157055,
6541001,新星职业技术学院,2024,四川,专科批,文科,,,284,157055,
6542,喀什理工职业技术学院,2024,四川,专科批,文科,,,280,170522,
6542001,喀什理工职业技术学院,2024,四川,专科批,文科,,,280,170522,
6546,图木舒克职业技术学院,2024,四川,专科批,文科,,,307,172005,
6546001,图木舒克职业技术学院,2024,四川,专科批,文科,,,307,172005,
6547,兰州外语职业学院,2024,四川,专科批,文科,,,274,160664,
6547001,兰州外语职业学院,2024,四川,专科批,文科,,,274,160664,
6548,宁夏艺术职业学院,2024,四川,专科批,文科,,,255,154470,
6548001,宁夏艺术职业学院,2024,四川,专科批,文科,,,255,154470,
6553,新疆轻工职业技术学院,2024,四川,专科批,文科,,,363,101044,
6553001,新疆轻工职业技术学院,2024,四川,专科批,文科,,,363,101044,
6555,伊犁职业技术学院,2024,四川,专科批,文科,,,246,95565,
6555001,伊犁职业技术学院,2024,四川,专科批,文科,,,246,95565,
6556,陕西电子信息职业技术学院,2024,四川,专科批,文科,,,307,147840,
6556001,陕西电子信息职业技术学院,2024,四川,专科批,文科,,,307,147840,
6559,新疆建设职业技术学院,2024,四川,专科批,文科,,,350,155143,
6559001,新疆建设职业技术学院,2024,四川,专科批,文科,,,350,155143,
6560,铁门关职业技术学院,2024,四川,专科批,文科,,,349,152469,
6560001,铁门关职业技术学院,2024,四川,专科批,文科,,,349,152469,
6561,新疆石河子职业技术学院,2024,四川,专科批,文科,,,353,142271,
6561001,新疆石河子职业技术学院,2024,四川,专科批,文科,,,353,142271,
6562,阿勒泰职业技术学院,2024,四川,专科批,文科,,,255,147840,
6562001,阿勒泰职业技术学院,2024,四川,专科批,文科,,,255,147840,
6563,阿克苏职业技术学院,2024,四川,专科批,文科,,,357,152469,
6563001,阿克苏职业技术学院,2024,四川,专科批,文科,,,357,152469,
6564,宝鸡中北职业学院,2024,四川,专科批,文科,,,301,149911,
6564001,宝鸡中北职业学院,2024,四川,专科批,文科,,,301,149911,
6566,甘肃有色冶金职业技术学院,2024,四川,专科批,文科,,,345,153816,
6566001,甘肃有色冶金职业技术学院,2024,四川,专科批,文科,,,345,153816,
6573,宝鸡三和职业学院,2024,四川,专科批,文科,,,337,161242,
6573001,宝鸡三和职业学院,2024,四川,专科批,文科,,,337,161242,
6574,哈密职业技术学院,2024,四川,专科批,文科,,,323,166337,
6574001,哈密职业技术学院,2024,四川,专科批,文科,,,323,166337,
6576,甘肃卫生职业学院,2024,四川,专科批,文科,,,450,78478,
6576001,甘肃卫生职业学院,2024,四川,专科批,文科,,,450,78478,
6578,神木职业技术学院,2024,四川,专科批,文科,,,347,133517,
6578001,神木职业技术学院,2024,四川,专科批,文科,,,347,133517,
6580,塔里木职业技术学院,2024,四川,专科批,文科,,,364,111202,
6580001,塔里木职业技术学院,2024,四川,专科批,文科,,,364,111202,
6583,新疆交通职业技术学院,2024,四川,专科批,文科,,,369,137857,
6583001,新疆交通职业技术学院,2024,四川,专科批,文科,,,369,137857,
6584,兰州石化职业技术大学,2024,四川,专科批,文科,,,410,100284,
6584001,兰州石化职业技术大学,2024,四川,专科批,文科,,,410,100284,
6588,兰州资源环境职业技术大学,2024,四川,专科批,文科,,,422,93992,
6588001,兰州资源环境职业技术大学,2024,四川,专科批,文科,,,422,93992,
6589,吐鲁番职业技术学院,2024,四川,专科批,文科,,,335,153816,
6589001,吐鲁番职业技术学院,2024,四川,专科批,文科,,,335,153816,
6590,和田职业技术学院,2024,四川,专科批,文科,,,234,142271,
6590001,和田职业技术学院,2024,四川,专科批,文科,,,234,142271,
6591,新疆职业大学,2024,四川,专科批,文科,,,388,116579,
6591001,新疆职业大学,2024,四川,专科批,文科,,,388,116579,
6596,石河子工程职业技术学院,2024,四川,专科批,文科,,,331,137100,
6596001,石河子工程职业技术学院,2024,四川,专科批,文科,,,331,137100,
6597,巴音郭楞职业技术学院,2024,四川,专科批,文科,,,311,156400,
6597001,巴音郭楞职业技术学院,2024,四川,专科批,文科,,,311,156400,
6598,喀什职业技术学院,2024,四川,专科批,文科,,,303,139332,
6598001,喀什职业技术学院,2024,四川,专科批,文科,,,303,139332,
6737,榆林能源科技职业学院,2024,四川,专科批,文科,,,328,169037,
6737001,榆林能源科技职业学院,2024,四川,专科批,文科,,,328,169037,
6751,咸阳职业技术学院,2024,四川,专科批,文科,,,425,90734,
6751001,咸阳职业技术学院,2024,四川,专科批,文科,,,425,90734,
6752,西安交通工程学院,2024,四川,专科批,文科,,,361,141534,
6752001,西安交通工程学院,2024,四川,专科批,文科,,,361,141534,
6772,陕西青年职业学院,2024,四川,专科批,文科,,,418,100284,
6772001,陕西青年职业学院,2024,四川,专科批,文科,,,418,100284,
1269,天津海运职业学院,2024,四川,专科提前批,文科,,,323,171524,
1269001,天津海运职业学院,2024,四川,专科提前批,文科,,,323,171524,
2280,长春职业技术学院,2024,四川,专科提前批,文科,,,393,126874,
3119,上海旅游高等专科学校,2024,四川,专科提前批,文科,,,304,179941,
3119001,上海旅游高等专科学校,2024,四川,专科提前批,文科,,,304,179941,
3251,南京信息职业技术学院,2024,四川,专科提前批,文科,,,404,87510,
3258,江苏海事职业技术学院,2024,四川,专科提前批,文科,,,451,81727,
3258001,江苏海事职业技术学院,2024,四川,专科提前批,文科,,,451,81727,
3372,浙江建设职业技术学院,2024,四川,专科提前批,文科,,,396,124691,
3463,安徽交通职业技术学院,2024,四川,专科提前批,文科,,,394,123938,
355,中国民用航空飞行学院,2024,四川,专科提前批,文科,,,207,141534,
355001,中国民用航空飞行学院,2024,四川,专科提前批,文科,,,207,141534,
3580,泉州海洋职业学院,2024,四川,专科提前批,文科,,,256,183551,
3580001,泉州海洋职业学院,2024,四川,专科提前批,文科,,,256,183551,
3664,江西信息应用职业技术学院,2024,四川,专科提前批,文科,,,383,120981,
3747,滨州职业学院,2024,四川,专科提前批,文科,,,434,87510,
3759,山东信息职业技术学院,2024,四川,专科提前批,文科,,,396,89146,
3769,青岛远洋船员职业学院,2024,四川,专科提前批,文科,,,414,111202,
3769001,青岛远洋船员职业学院,2024,四川,专科提前批,文科,,,414,111202,
3787,青岛港湾职业技术学院,2024,四川,专科提前批,文科,,,354,120286,
3787001,青岛港湾职业技术学院,2024,四川,专科提前批,文科,,,354,120286,
3791,山东海事职业学院,2024,四川,专科提前批,文科,,,173,182515,
3791001,山东海事职业学院,2024,四川,专科提前批,文科,,,173,182515,
3820,泰山职业技术学院,2024,四川,专科提前批,文科,,,382,111202,
3953,江西航空职业技术学院,2024,四川,专科提前批,文科,,,399,108082,
3967,江苏海事职业技术学院,2024,四川,专科提前批,文科,,,383,89146,
3974,潍坊工程职业学院,2024,四川,专科提前批,文科,,,384,54817,
4158,河南交通职业技术学院,2024,四川,专科提前批,文科,,,391,107325,
4253,武汉交通职业学院,2024,四川,专科提前批,文科,,,409,87510,
4262,湖北交通职业技术学院,2024,四川,专科提前批,文科,,,405,105746,
4274,武汉航海职业技术学院,2024,四川,专科提前批,文科,,,310,157652,
4274001,武汉航海职业技术学院,2024,四川,专科提前批,文科,,,310,157652,
4280,武昌职业学院,2024,四川,专科提前批,文科,,,382,86667,
4286,武汉海事职业学院,2024,四川,专科提前批,文科,,,328,169534,
4286001,武汉海事职业学院,2024,四川,专科提前批,文科,,,328,169534,
4374,张家界航空工业职业技术学院,2024,四川,专科提前批,文科,,,396,89146,
4381,长沙航空职业技术学院,2024,四川,专科提前批,文科,,,419,75933,
4398,湖南汽车工程职业大学,2024,四川,专科提前批,文科,,,395,109619,
451,上海民航职业技术学院,2024,四川,专科提前批,文科,,,150,201953,
451001,上海民航职业技术学院,2024,四川,专科提前批,文科,,,150,201953,
4660,三亚航空旅游职业学院,2024,四川,专科提前批,文科,,,244,195199,
4660001,三亚航空旅游职业学院,2024,四川,专科提前批,文科,,,244,195199,
4752,武汉船舶职业技术学院,2024,四川,专科提前批,文科,,,383,118032,
4766,湖南国防工业职业技术学院,2024,四川,专科提前批,文科,,,383,116579,
4984,湖南体育职业学院,2024,四川,专科提前批,文科,,,382,134218,
5033,重庆医药高等专科学校,2024,四川,专科提前批,文科,,,446,75933,
5051,重庆航天职业技术学院,2024,四川,专科提前批,文科,,,438,78478,
5149,四川警察学院,2024,四川,专科提前批,文科,,,448,84169,
5151,成都航空职业技术学院,2024,四川,专科提前批,文科,,,426,101847,
5151001,成都航空职业技术学院,2024,四川,专科提前批,文科,,,426,101847,
5175,成都职业技术学院,2024,四川,专科提前批,文科,,,363,148546,
5175001,成都职业技术学院,2024,四川,专科提前批,文科,,,363,148546,
5178,四川司法警官职业学院,2024,四川,专科提前批,文科,,,406,59191,
5407,西藏警官高等专科学校,2024,四川,专科提前批,文科,,,465,30758,
5551,成都航空职业技术学院,2024,四川,专科提前批,文科,,,452,67271,
,南京信息职业技术学院,2024,四川,专科提前批,文科,,,404,87510,
5116,西南医科大学,2024,四川,本科批(区域教育均衡发展专项),文科,,,464,69904,
5116001,西南医科大学,2024,四川,本科批(区域教育均衡发展专项),文科,,,464,69904,
5118,川北医学院,2024,四川,本科批(区域教育均衡发展专项),文科,,,477,31464,
5118001,川北医学院,2024,四川,本科批(区域教育均衡发展专项),文科,,,477,31464,
5124,内江师范学院,2024,四川,本科批(区域教育均衡发展专项),文科,,,464,43651,
5124001,内江师范学院,2024,四川,本科批(区域教育均衡发展专项),文科,,,464,43651,
5125,宜宾学院,2024,四川,本科批(区域教育均衡发展专项),文科,,,439,75933,
5125001,宜宾学院,2024,四川,本科批(区域教育均衡发展专项),文科,,,439,75933,
5126,成都师范学院,2024,四川,本科批(区域教育均衡发展专项),文科,,,491,22548,
5126001,成都师范学院,2024,四川,本科批(区域教育均衡发展专项),文科,,,491,22548,
5128,四川文理学院,2024,四川,本科批(区域教育均衡发展专项),文科,,,471,48692,
5128001,四川文理学院,2024,四川,本科批(区域教育均衡发展专项),文科,,,471,48692,
5130,阿坝师范学院,2024,四川,本科批(区域教育均衡发展专项),文科,,,463,49565,
5130001,阿坝师范学院,2024,四川,本科批(区域教育均衡发展专项),文科,,,463,49565,
5133,乐山师范学院,2024,四川,本科批(区域教育均衡发展专项),文科,,,422,66346,
5133001,乐山师范学院,2024,四川,本科批(区域教育均衡发展专项),文科,,,422,66346,
5139,攀枝花学院,2024,四川,本科批(区域教育均衡发展专项),文科,,,475,42811,
5139001,攀枝花学院,2024,四川,本科批(区域教育均衡发展专项),文科,,,475,42811,
5143,四川民族学院,2024,四川,本科批(区域教育均衡发展专项),文科,,,481,46106,
5143001,四川民族学院,2024,四川,本科批(区域教育均衡发展专项),文科,,,481,46106,
5147,四川旅游学院,2024,四川,本科批(区域教育均衡发展专项),文科,,,472,47829,
5147001,四川旅游学院,2024,四川,本科批(区域教育均衡发展专项),文科,,,472,47829,
1,北京大学,2024,四川,本科批(高校专项),文科,,,572,1565,
1001,北京大学,2024,四川,本科批(高校专项),文科,,,572,1565,
12,北京语言大学,2024,四川,本科批(高校专项),文科,,,560,7650,
12001,北京语言大学,2024,四川,本科批(高校专项),文科,,,560,7650,
13,中国传媒大学,2024,四川,本科批(高校专项),文科,,,556,8836,
13001,中国传媒大学,2024,四川,本科批(高校专项),文科,,,556,8836,
14,中央财经大学,2024,四川,本科批(高校专项),文科,,,537,16236,
14001,中央财经大学,2024,四川,本科批(高校专项),文科,,,537,16236,
15,对外经济贸易大学,2024,四川,本科批(高校专项),文科,,,578,2509,
15001,对外经济贸易大学,2024,四川,本科批(高校专项),文科,,,578,2509,
16,中国政法大学,2024,四川,本科批(高校专项),文科,,,617,398,
16001,中国政法大学,2024,四川,本科批(高校专项),文科,,,617,398,
17,南开大学,2024,四川,本科批(高校专项),文科,,,588,2509,
17001,南开大学,2024,四川,本科批(高校专项),文科,,,588,2509,
2,中国人民大学,2024,四川,本科批(高校专项),文科,,,583,1657,
2001,中国人民大学,2024,四川,本科批(高校专项),文科,,,583,1657,
21,吉林大学,2024,四川,本科批(高校专项),文科,,,560,3014,
21001,吉林大学,2024,四川,本科批(高校专项),文科,,,560,3014,
22,东北师范大学,2024,四川,本科批(高校专项),文科,,,569,5504,
22001,东北师范大学,2024,四川,本科批(高校专项),文科,,,569,5504,
2301,黑龙江大学,2024,四川,本科批(高校专项),文科,,,538,15761,
2301001,黑龙江大学,2024,四川,本科批(高校专项),文科,,,538,15761,
24,复旦大学,2024,四川,本科批(高校专项),文科,,,619,,
24001,复旦大学,2024,四川,本科批(高校专项),文科,,,619,,
29,华东师范大学,2024,四川,本科批(高校专项),文科,,,587,1565,
29001,华东师范大学,2024,四川,本科批(高校专项),文科,,,587,1565,
3,清华大学,2024,四川,本科批(高校专项),文科,,,579,2629,
30,上海外国语大学,2024,四川,本科批(高校专项),文科,,,551,4213,
30001,上海外国语大学,2024,四川,本科批(高校专项),文科,,,551,4213,
3001,清华大学,2024,四川,本科批(高校专项),文科,,,579,2629,
3201,苏州大学,2024,四川,本科批(高校专项),文科,,,576,7375,
3201001,苏州大学,2024,四川,本科批(高校专项),文科,,,576,7375,
3225,南京师范大学,2024,四川,本科批(高校专项),文科,,,561,5722,
3225001,南京师范大学,2024,四川,本科批(高校专项),文科,,,561,5722,
33,东南大学,2024,四川,本科批(高校专项),文科,,,598,1476,
33001,东南大学,2024,四川,本科批(高校专项),文科,,,598,1476,
35,河海大学,2024,四川,本科批(高校专项),文科,,,566,4213,
35001,河海大学,2024,四川,本科批(高校专项),文科,,,566,4213,
39,浙江大学,2024,四川,本科批(高校专项),文科,,,598,1390,
39001,浙江大学,2024,四川,本科批(高校专项),文科,,,598,1390,
41,厦门大学,2024,四川,本科批(高校专项),文科,,,604,1042,
41001,厦门大学,2024,四川,本科批(高校专项),文科,,,604,1042,
42,山东大学,2024,四川,本科批(高校专项),文科,,,583,1565,
42001,山东大学,2024,四川,本科批(高校专项),文科,,,583,1565,
43,中国海洋大学,2024,四川,本科批(高校专项),文科,,,588,2509,
43001,中国海洋大学,2024,四川,本科批(高校专项),文科,,,588,2509,
45,武汉大学,2024,四川,本科批(高校专项),文科,,,595,1751,
45001,武汉大学,2024,四川,本科批(高校专项),文科,,,595,1751,
46,中国地质大学(武汉),2024,四川,本科批(高校专项),文科,,,531,19272,
46001,中国地质大学(武汉),2024,四川,本科批(高校专项),文科,,,531,19272,
48,华中师范大学,2024,四川,本科批(高校专项),文科,,,585,2884,
48001,华中师范大学,2024,四川,本科批(高校专项),文科,,,585,2884,
49,湖南大学,2024,四川,本科批(高校专项),文科,,,565,6417,
49001,湖南大学,2024,四川,本科批(高校专项),文科,,,565,6417,
50,中山大学,2024,四川,本科批(高校专项),文科,,,580,3564,
50001,中山大学,2024,四川,本科批(高校专项),文科,,,580,3564,
5017,西南政法大学,2024,四川,本科批(高校专项),文科,,,582,1948,
5017001,西南政法大学,2024,四川,本科批(高校专项),文科,,,582,1948,
5112,四川农业大学,2024,四川,本科批(高校专项),文科,,,553,6417,
5112001,四川农业大学,2024,四川,本科批(高校专项),文科,,,553,6417,
52,四川大学,2024,四川,本科批(高校专项),文科,,,548,2158,
52001,四川大学,2024,四川,本科批(高校专项),文科,,,548,2158,
5201,贵州大学,2024,四川,本科批(高校专项),文科,,,566,5504,
5201001,贵州大学,2024,四川,本科批(高校专项),文科,,,566,5504,
53,重庆大学,2024,四川,本科批(高校专项),文科,,,545,12748,
53001,重庆大学,2024,四川,本科批(高校专项),文科,,,545,12748,
5301,云南大学,2024,四川,本科批(高校专项),文科,,,573,4755,
5301001,云南大学,2024,四川,本科批(高校专项),文科,,,573,4755,
56,西南大学,2024,四川,本科批(高校专项),文科,,,548,5117,
56001,西南大学,2024,四川,本科批(高校专项),文科,,,548,5117,
57,西南财经大学,2024,四川,本科批(高校专项),文科,,,559,2629,
57001,西南财经大学,2024,四川,本科批(高校专项),文科,,,559,2629,
58,西安交通大学,2024,四川,本科批(高校专项),文科,,,595,1751,
58001,西安交通大学,2024,四川,本科批(高校专项),文科,,,595,1751,
61,兰州大学,2024,四川,本科批(高校专项),文科,,,572,4939,
61001,兰州大学,2024,四川,本科批(高校专项),文科,,,572,4939,
6102,西北大学,2024,四川,本科批(高校专项),文科,,,551,5117,
6102001,西北大学,2024,四川,本科批(高校专项),文科,,,551,5117,
67,中南大学,2024,四川,本科批(高校专项),文科,,,557,6417,
67001,中南大学,2024,四川,本科批(高校专项),文科,,,557,6417,
68,中南财经政法大学,2024,四川,本科批(高校专项),文科,,,581,1476,
68001,中南财经政法大学,2024,四川,本科批(高校专项),文科,,,581,1476,
75,北京外国语大学,2024,四川,本科批(高校专项),文科,,,572,2884,
75001,北京外国语大学,2024,四川,本科批(高校专项),文科,,,572,2884,
1,北京大学,2024,四川,本科批A段(国家专项),文科,,,626,128,
11,北京师范大学,2024,四川,本科批A段(国家专项),文科,,,610,688,
1107,首都师范大学,2024,四川,本科批A段(国家专项),文科,,,582,3284,
12,北京语言大学,2024,四川,本科批A段(国家专项),文科,,,562,7132,
1207,天津师范大学,2024,四川,本科批A段(国家专项),文科,,,545,12748,
1211,天津财经大学,2024,四川,本科批A段(国家专项),文科,,,535,16236,
13,中国传媒大学,2024,四川,本科批A段(国家专项),文科,,,574,3879,
14,中央财经大学,2024,四川,本科批A段(国家专项),文科,,,583,2629,
15,对外经济贸易大学,2024,四川,本科批A段(国家专项),文科,,,580,1390,
16,中国政法大学,2024,四川,本科批A段(国家专项),文科,,,591,848,
17,南开大学,2024,四川,本科批A段(国家专项),文科,,,594,1851,
2,中国人民大学,2024,四川,本科批A段(国家专项),文科,,,616,287,
21,吉林大学,2024,四川,本科批A段(国家专项),文科,,,581,3284,
2104,辽宁大学,2024,四川,本科批A段(国家专项),文科,,,566,6181,
22,东北师范大学,2024,四川,本科批A段(国家专项),文科,,,574,2629,
24,复旦大学,2024,四川,本科批A段(国家专项),文科,,,615,398,
27,华东理工大学,2024,四川,本科批A段(国家专项),文科,,,578,2748,
28,东华大学,2024,四川,本科批A段(国家专项),文科,,,563,3564,
29,华东师范大学,2024,四川,本科批A段(国家专项),文科,,,582,969,
3,清华大学,2024,四川,本科批A段(国家专项),文科,,,633,49,
30,上海外国语大学,2024,四川,本科批A段(国家专项),文科,,,582,2629,
307,外交学院,2024,四川,本科批A段(国家专项),文科,,,571,3284,
31,上海财经大学,2024,四川,本科批A段(国家专项),文科,,,587,1565,
3126,上海立信会计金融学院,2024,四川,本科批A段(国家专项),文科,,,570,5299,
32,南京大学,2024,四川,本科批A段(国家专项),文科,,,607,796,
3201,苏州大学,2024,四川,本科批A段(国家专项),文科,,,562,7132,
3206,南京财经大学,2024,四川,本科批A段(国家专项),文科,,,556,4052,
323,华北电力大学(保定),2024,四川,本科批A段(国家专项),文科,,,564,6641,
33,东南大学,2024,四川,本科批A段(国家专项),文科,,,591,2158,
3309,浙江师范大学,2024,四川,本科批A段(国家专项),文科,,,553,4755,
347,华侨大学,2024,四川,本科批A段(国家专项),文科,,,539,12748,
35,河海大学,2024,四川,本科批A段(国家专项),文科,,,577,3564,
3502,福州大学,2024,四川,本科批A段(国家专项),文科,,,575,4379,
351,中南民族大学,2024,四川,本科批A段(国家专项),文科,,,533,18257,
3510,闽南师范大学,2024,四川,本科批A段(国家专项),文科,,,506,32170,
3515,集美大学,2024,四川,本科批A段(国家专项),文科,,,564,6641,
353,暨南大学,2024,四川,本科批A段(国家专项),文科,,,570,4052,
357,西南民族大学,2024,四川,本科批A段(国家专项),文科,,,536,9462,
363,西北民族大学,2024,四川,本科批A段(国家专项),文科,,,502,31464,
3713,山东师范大学,2024,四川,本科批A段(国家专项),文科,,,533,10488,
39,浙江大学,2024,四川,本科批A段(国家专项),文科,,,607,464,
397,中国劳动关系学院,2024,四川,本科批A段(国家专项),文科,,,515,16236,
41,厦门大学,2024,四川,本科批A段(国家专项),文科,,,587,2629,
42,山东大学,2024,四川,本科批A段(国家专项),文科,,,580,3014,
4436,佛山大学,2024,四川,本科批A段(国家专项),文科,,,491,46981,
45,武汉大学,2024,四川,本科批A段(国家专项),文科,,,589,2158,
48,华中师范大学,2024,四川,本科批A段(国家专项),文科,,,580,3150,
50,中山大学,2024,四川,本科批A段(国家专项),文科,,,608,688,
5102,成都理工大学,2024,四川,本科批A段(国家专项),文科,,,543,7375,
5105,西南科技大学,2024,四川,本科批A段(国家专项),文科,,,533,17223,
5107,成都信息工程大学,2024,四川,本科批A段(国家专项),文科,,,529,13989,
5108,四川轻化工大学,2024,四川,本科批A段(国家专项),文科,,,533,17223,
5109,西华大学,2024,四川,本科批A段(国家专项),文科,,,543,10804,
5112,四川农业大学,2024,四川,本科批A段(国家专项),文科,,,559,5117,
5116,西南医科大学,2024,四川,本科批A段(国家专项),文科,,,531,19272,
5118,川北医学院,2024,四川,本科批A段(国家专项),文科,,,529,20373,
5120,四川师范大学,2024,四川,本科批A段(国家专项),文科,,,547,5117,
5122,西华师范大学,2024,四川,本科批A段(国家专项),文科,,,534,11542,
5137,成都大学,2024,四川,本科批A段(国家专项),文科,,,543,11166,
52,四川大学,2024,四川,本科批A段(国家专项),文科,,,593,1102,
53,重庆大学,2024,四川,本科批A段(国家专项),文科,,,581,3445,
54,西南交通大学,2024,四川,本科批A段(国家专项),文科,,,582,2629,
57,西南财经大学,2024,四川,本科批A段(国家专项),文科,,,580,1948,
59,西安电子科技大学,2024,四川,本科批A段(国家专项),文科,,,576,3879,
60,陕西师范大学,2024,四川,本科批A段(国家专项),文科,,,581,3150,
67,中南大学,2024,四川,本科批A段(国家专项),文科,,,584,2509,
68,中南财经政法大学,2024,四川,本科批A段(国家专项),文科,,,580,2276,
75,北京外国语大学,2024,四川,本科批A段(国家专项),文科,,,575,3014,
78,山东大学威海分校,2024,四川,本科批A段(国家专项),文科,,,579,3014,
79,中国社会科学院大学,2024,四川,本科批A段(国家专项),文科,,,584,2509,
89,西南大学,2024,四川,本科批A段(国家专项),文科,,,564,5934,
,上海外国语大学,2024,四川,本科批A段(国家专项),文科,,,582,2629,
5102,成都理工大学,2024,四川,本科批A段(地方专项),文科,,,553,8207,
5102001,成都理工大学,2024,四川,本科批A段(地方专项),文科,,,553,8207,
5105,西南科技大学,2024,四川,本科批A段(地方专项),文科,,,533,17223,
5105001,西南科技大学,2024,四川,本科批A段(地方专项),文科,,,533,17223,
5107,成都信息工程大学,2024,四川,本科批A段(地方专项),文科,,,529,13989,
5107001,成都信息工程大学,2024,四川,本科批A段(地方专项),文科,,,529,13989,
5108,四川轻化工大学,2024,四川,本科批A段(地方专项),文科,,,533,17223,
5108001,四川轻化工大学,2024,四川,本科批A段(地方专项),文科,,,533,17223,
5109,西华大学,2024,四川,本科批A段(地方专项),文科,,,541,10804,
5109001,西华大学,2024,四川,本科批A段(地方专项),文科,,,541,10804,
5112,四川农业大学,2024,四川,本科批A段(地方专项),文科,,,562,4561,
5112001,四川农业大学,2024,四川,本科批A段(地方专项),文科,,,562,4561,
5116,西南医科大学,2024,四川,本科批A段(地方专项),文科,,,546,8836,
5116001,西南医科大学,2024,四川,本科批A段(地方专项),文科,,,546,8836,
5118,川北医学院,2024,四川,本科批A段(地方专项),文科,,,529,20373,
5118001,川北医学院,2024,四川,本科批A段(地方专项),文科,,,529,20373,
5120,四川师范大学,2024,四川,本科批A段(地方专项),文科,,,547,5299,
5120001,四川师范大学,2024,四川,本科批A段(地方专项),文科,,,547,5299,
5122,西华师范大学,2024,四川,本科批A段(地方专项),文科,,,534,11542,
5122001,西华师范大学,2024,四川,本科批A段(地方专项),文科,,,534,11542,
5137,成都大学,2024,四川,本科批A段(地方专项),文科,,,536,13199,
5137001,成都大学,2024,四川,本科批A段(地方专项),文科,,,536,13199,
1,北京大学,2024,四川,本科批B段,文科,,,639,34,
10,北京中医药大学,2024,四川,本科批B段,文科,,,579,2509,
10001,北京中医药大学,2024,四川,本科批B段,文科,,,579,2509,
1001,北京大学,2024,四川,本科批B段,文科,,,639,34,
11,北京师范大学,2024,四川,本科批B段,文科,,,620,222,
11001,北京师范大学,2024,四川,本科批B段,文科,,,620,222,
1104,北京印刷学院,2024,四川,本科批B段,文科,,,553,7375,
1104001,北京印刷学院,2024,四川,本科批B段,文科,,,553,7375,
1105,北京石油化工学院,2024,四川,本科批B段,文科,,,513,26673,
1105001,北京石油化工学院,2024,四川,本科批B段,文科,,,513,26673,
1107,首都师范大学,2024,四川,本科批B段,文科,,,579,3150,
1107001,首都师范大学,2024,四川,本科批B段,文科,,,579,3150,
1108,首都体育学院,2024,四川,本科批B段,文科,,,516,24855,
1108001,首都体育学院,2024,四川,本科批B段,文科,,,516,24855,
1110,北京第二外国语学院,2024,四川,本科批B段,文科,,,556,4755,
1110001,北京第二外国语学院,2024,四川,本科批B段,文科,,,556,4755,
1111,北京物资学院,2024,四川,本科批B段,文科,,,552,6641,
1111001,北京物资学院,2024,四川,本科批B段,文科,,,552,6641,
1114,中国戏曲学院,2024,四川,本科批B段,文科,,,535,9153,
1114001,中国戏曲学院,2024,四川,本科批B段,文科,,,535,9153,
1115,北京电影学院,2024,四川,本科批B段,文科,,,565,3727,
1115001,北京电影学院,2024,四川,本科批B段,文科,,,565,3727,
1116,北京舞蹈学院,2024,四川,本科批B段,文科,,,542,13989,
1116001,北京舞蹈学院,2024,四川,本科批B段,文科,,,542,13989,
1119,北京联合大学,2024,四川,本科批B段,文科,,,528,14426,
1119001,北京联合大学,2024,四川,本科批B段,文科,,,528,14426,
1120,北京工商大学,2024,四川,本科批B段,文科,,,565,6181,
1120001,北京工商大学,2024,四川,本科批B段,文科,,,565,6181,
1121,首都经济贸易大学,2024,四川,本科批B段,文科,,,570,4755,
1121001,首都经济贸易大学,2024,四川,本科批B段,文科,,,570,4755,
1123,北京信息科技大学,2024,四川,本科批B段,文科,,,556,6417,
1123001,北京信息科技大学,2024,四川,本科批B段,文科,,,556,6417,
1148,北京农学院,2024,四川,本科批B段,文科,,,507,21394,
1148001,北京农学院,2024,四川,本科批B段,文科,,,527,21394,
1156,吉利学院,2024,四川,本科批B段,文科,,,467,63681,
1156001,吉利学院,2024,四川,本科批B段,文科,,,467,63681,
1181,首都师范大学科德学院,2024,四川,本科批B段,文科,,,457,76813,
1181001,首都师范大学科德学院,2024,四川,本科批B段,文科,,,457,76813,
1182,北京金融科技学院,2024,四川,本科批B段,文科,,,489,48692,
1182001,北京金融科技学院,2024,四川,本科批B段,文科,,,489,48692,
1183,北京邮电大学世纪学院,2024,四川,本科批B段,文科,,,475,61041,
1183001,北京邮电大学世纪学院,2024,四川,本科批B段,文科,,,475,61041,
1184,北京工业大学耿丹学院,2024,四川,本科批B段,文科,,,466,62760,
1184001,北京工业大学耿丹学院,2024,四川,本科批B段,文科,,,466,62760,
1185,北京第二外国语学院中瑞酒店管理学院,2024,四川,本科批B段,文科,,,461,62760,
1185001,北京第二外国语学院中瑞酒店管理学院,2024,四川,本科批B段,文科,,,461,62760,
1187,北京城市学院,2024,四川,本科批B段,文科,,,504,36484,
1187001,北京城市学院,2024,四川,本科批B段,文科,,,504,36484,
12,北京语言大学,2024,四川,本科批B段,文科,,,571,3727,
12001,北京语言大学,2024,四川,本科批B段,文科,,,571,3727,
1201,天津科技大学,2024,四川,本科批B段,文科,,,525,12748,
1201001,天津科技大学,2024,四川,本科批B段,文科,,,544,12748,
1201002,天津科技大学,2024,四川,本科批B段,文科,,,525,17223,
1202,天津工业大学,2024,四川,本科批B段,文科,,,561,6417,
1202001,天津工业大学,2024,四川,本科批B段,文科,,,561,6417,
1205,天津农学院,2024,四川,本科批B段,文科,,,504,27969,
1205001,天津农学院,2024,四川,本科批B段,文科,,,504,27969,
1206,天津中医药大学,2024,四川,本科批B段,文科,,,543,11166,
1206001,天津中医药大学,2024,四川,本科批B段,文科,,,543,11166,
1207,天津师范大学,2024,四川,本科批B段,文科,,,534,9812,
1207001,天津师范大学,2024,四川,本科批B段,文科,,,534,9812,
1209,天津外国语大学,2024,四川,本科批B段,文科,,,534,9462,
1209001,天津外国语大学,2024,四川,本科批B段,文科,,,534,9462,
1210,天津商业大学,2024,四川,本科批B段,文科,,,534,11542,
1210001,天津商业大学,2024,四川,本科批B段,文科,,,534,11542,
1211,天津财经大学,2024,四川,本科批B段,文科,,,550,4939,
1211001,天津财经大学,2024,四川,本科批B段,文科,,,550,4939,
1212,天津体育学院,2024,四川,本科批B段,文科,,,487,38040,
1212001,天津体育学院,2024,四川,本科批B段,文科,,,487,38040,
1214,天津美术学院,2024,四川,本科批B段,文科,,,536,15334,
1214001,天津美术学院,2024,四川,本科批B段,文科,,,536,15334,
1216,天津城建大学,2024,四川,本科批B段,文科,,,493,30758,
1216001,天津城建大学,2024,四川,本科批B段,文科,,,505,30758,
1222,天津职业技术师范大学,2024,四川,本科批B段,文科,,,506,24855,
1222001,天津职业技术师范大学,2024,四川,本科批B段,文科,,,506,24855,
1240,天津商业大学,2024,四川,本科批B段,文科,,,524,23127,
1240001,天津商业大学,2024,四川,本科批B段,文科,,,524,23127,
1251,天津天狮学院,2024,四川,本科批B段,文科,,,464,69041,
1251001,天津天狮学院,2024,四川,本科批B段,文科,,,464,69041,
1255,天津中德应用技术大学,2024,四川,本科批B段,文科,,,503,37298,
1255001,天津中德应用技术大学,2024,四川,本科批B段,文科,,,503,37298,
1289,天津仁爱学院,2024,四川,本科批B段,文科,,,457,65445,
1289001,天津仁爱学院,2024,四川,本科批B段,文科,,,457,65445,
1292,天津商业大学宝德学院,2024,四川,本科批B段,文科,,,477,51347,
1292001,天津商业大学宝德学院,2024,四川,本科批B段,文科,,,477,51347,
1294,天津传媒学院,2024,四川,本科批B段,文科,,,458,66346,
1294001,天津传媒学院,2024,四川,本科批B段,文科,,,458,66346,
1295,天津外国语大学滨海外事学院,2024,四川,本科批B段,文科,,,479,38837,
1295001,天津外国语大学滨海外事学院,2024,四川,本科批B段,文科,,,479,38837,
1296,北京科技大学天津学院,2024,四川,本科批B段,文科,,,481,41181,
1296001,北京科技大学天津学院,2024,四川,本科批B段,文科,,,481,41181,
1297,天津财经大学珠江学院,2024,四川,本科批B段,文科,,,481,38837,
1297001,天津财经大学珠江学院,2024,四川,本科批B段,文科,,,481,38837,
1298,天津理工大学中环信息学院,2024,四川,本科批B段,文科,,,475,59191,
1298001,天津理工大学中环信息学院,2024,四川,本科批B段,文科,,,475,59191,
13,中国传媒大学,2024,四川,本科批B段,文科,,,523,1565,
13001,中国传媒大学,2024,四川,本科批B段,文科,,,590,1565,
1301,河北工程大学,2024,四川,本科批B段,文科,,,524,20373,
1301001,河北工程大学,2024,四川,本科批B段,文科,,,524,20373,
1302,河北大学,2024,四川,本科批B段,文科,,,536,6641,
1302001,河北大学,2024,四川,本科批B段,文科,,,536,6641,
1303,河北工业大学,2024,四川,本科批B段,文科,,,543,4213,
1303001,河北工业大学,2024,四川,本科批B段,文科,,,543,4213,
1304,河北地质大学,2024,四川,本科批B段,文科,,,511,27969,
1304001,河北地质大学,2024,四川,本科批B段,文科,,,511,27969,
1305,华北理工大学,2024,四川,本科批B段,文科,,,531,12748,
1305001,华北理工大学,2024,四川,本科批B段,文科,,,531,12748,
1308,河北师范大学,2024,四川,本科批B段,文科,,,539,10161,
1308001,河北师范大学,2024,四川,本科批B段,文科,,,539,10161,
1309,石家庄铁道大学,2024,四川,本科批B段,文科,,,542,12361,
1309001,石家庄铁道大学,2024,四川,本科批B段,文科,,,542,12361,
1310,燕山大学,2024,四川,本科批B段,文科,,,545,8207,
1310001,燕山大学,2024,四川,本科批B段,文科,,,545,8207,
1313,承德医学院,2024,四川,本科批B段,文科,,,517,27305,
1313001,承德医学院,2024,四川,本科批B段,文科,,,517,27305,
1314,河北金融学院,2024,四川,本科批B段,文科,,,506,26673,
1314001,河北金融学院,2024,四川,本科批B段,文科,,,506,26673,
1315,北华航天工业学院,2024,四川,本科批B段,文科,,,502,30072,
1315001,北华航天工业学院,2024,四川,本科批B段,文科,,,502,30072,
1317,廊坊师范学院,2024,四川,本科批B段,文科,,,440,31464,
1317001,廊坊师范学院,2024,四川,本科批B段,文科,,,504,31464,
1319,河北医科大学,2024,四川,本科批B段,文科,,,527,21394,
1319001,河北医科大学,2024,四川,本科批B段,文科,,,527,21394,
1320,河北经贸大学,2024,四川,本科批B段,文科,,,477,14426,
1320001,河北经贸大学,2024,四川,本科批B段,文科,,,477,14426,
1321,衡水学院,2024,四川,本科批B段,文科,,,496,36484,
1321001,衡水学院,2024,四川,本科批B段,文科,,,496,36484,
1322,河北建筑工程学院,2024,四川,本科批B段,文科,,,467,38040,
1322001,河北建筑工程学院,2024,四川,本科批B段,文科,,,467,38040,
1324,唐山师范学院,2024,四川,本科批B段,文科,,,503,37298,
1324001,唐山师范学院,2024,四川,本科批B段,文科,,,503,37298,
1331,保定学院,2024,四川,本科批B段,文科,,,506,29427,
1331001,保定学院,2024,四川,本科批B段,文科,,,506,29427,
1333,邯郸学院,2024,四川,本科批B段,文科,,,484,48692,
1333001,邯郸学院,2024,四川,本科批B段,文科,,,484,48692,
1341,河北中医药大学,2024,四川,本科批B段,文科,,,542,13199,
1341001,河北中医药大学,2024,四川,本科批B段,文科,,,542,13199,
1342,河北工程大学科信学院,2024,四川,本科批B段,文科,,,494,37298,
1342001,河北工程大学科信学院,2024,四川,本科批B段,文科,,,494,37298,
1348,华北理工大学轻工学院,2024,四川,本科批B段,文科,,,469,66346,
1348001,华北理工大学轻工学院,2024,四川,本科批B段,文科,,,469,66346,
1349,张家口学院,2024,四川,本科批B段,文科,,,462,28682,
1349001,张家口学院,2024,四川,本科批B段,文科,,,462,28682,
1368,河北传媒学院,2024,四川,本科批B段,文科,,,464,49565,
1368001,河北传媒学院,2024,四川,本科批B段,文科,,,464,49565,
1381,河北东方学院,2024,四川,本科批B段,文科,,,475,56546,
1381001,河北东方学院,2024,四川,本科批B段,文科,,,475,56546,
1386,河北外国语学院,2024,四川,本科批B段,文科,,,468,66346,
1386001,河北外国语学院,2024,四川,本科批B段,文科,,,468,66346,
1390,河北环境工程学院,2024,四川,本科批B段,文科,,,457,62760,
1390001,河北环境工程学院,2024,四川,本科批B段,文科,,,457,62760,
1394,石家庄铁道大学四方学院,2024,四川,本科批B段,文科,,,507,34328,
1394001,石家庄铁道大学四方学院,2024,四川,本科批B段,文科,,,507,34328,
14,中央财经大学,2024,四川,本科批B段,文科,,,593,552,
14001,中央财经大学,2024,四川,本科批B段,文科,,,598,552,
1401,山西大学,2024,四川,本科批B段,文科,,,559,5299,
1401001,山西大学,2024,四川,本科批B段,文科,,,559,5299,
1402,太原科技大学,2024,四川,本科批B段,文科,,,457,61891,
1402001,太原科技大学,2024,四川,本科批B段,文科,,,457,61891,
1403,中北大学,2024,四川,本科批B段,文科,,,534,17223,
1403001,中北大学,2024,四川,本科批B段,文科,,,534,17223,
1405,太原理工大学,2024,四川,本科批B段,文科,,,567,4379,
1405001,太原理工大学,2024,四川,本科批B段,文科,,,567,4379,
1406,山西农业大学,2024,四川,本科批B段,文科,,,515,20885,
1406001,山西农业大学,2024,四川,本科批B段,文科,,,515,20885,
1407,山西医科大学,2024,四川,本科批B段,文科,,,457,26673,
1407001,山西医科大学,2024,四川,本科批B段,文科,,,457,26673,
1409,长治医学院,2024,四川,本科批B段,文科,,,513,25441,
1409001,长治医学院,2024,四川,本科批B段,文科,,,513,25441,
1411,山西师范大学,2024,四川,本科批B段,文科,,,516,24855,
1411001,山西师范大学,2024,四川,本科批B段,文科,,,516,24855,
1412,太原师范学院,2024,四川,本科批B段,文科,,,475,26673,
1412001,太原师范学院,2024,四川,本科批B段,文科,,,475,26673,
1413,山西大同大学,2024,四川,本科批B段,文科,,,511,26673,
1413001,山西大同大学,2024,四川,本科批B段,文科,,,511,26673,
1414,晋中学院,2024,四川,本科批B段,文科,,,502,34328,
1414001,晋中学院,2024,四川,本科批B段,文科,,,502,34328,
1416,忻州师范学院,2024,四川,本科批B段,文科,,,507,29427,
1416001,忻州师范学院,2024,四川,本科批B段,文科,,,507,29427,
1417,山西财经大学,2024,四川,本科批B段,文科,,,539,7912,
1417001,山西财经大学,2024,四川,本科批B段,文科,,,539,7912,
1418,吕梁学院,2024,四川,本科批B段,文科,,,498,35743,
1418001,吕梁学院,2024,四川,本科批B段,文科,,,498,35743,
1420,长治学院,2024,四川,本科批B段,文科,,,461,32170,
1420001,长治学院,2024,四川,本科批B段,文科,,,461,32170,
1421,山西中医药大学,2024,四川,本科批B段,文科,,,529,4213,
1421001,山西中医药大学,2024,四川,本科批B段,文科,,,576,4213,
1421002,山西中医药大学,2024,四川,本科批B段,文科,,,503,13989,
1427,太原学院,2024,四川,本科批B段,文科,,,501,38040,
1427001,太原学院,2024,四川,本科批B段,文科,,,501,38040,
1443,山西传媒学院,2024,四川,本科批B段,文科,,,504,34328,
1443001,山西传媒学院,2024,四川,本科批B段,文科,,,504,34328,
1474,晋中信息学院,2024,四川,本科批B段,文科,,,484,46981,
1474001,晋中信息学院,2024,四川,本科批B段,文科,,,484,46981,
1476,运城职业技术大学,2024,四川,本科批B段,文科,,,477,57442,
1476001,运城职业技术大学,2024,四川,本科批B段,文科,,,477,57442,
1487,山西财经大学,2024,四川,本科批B段,文科,,,535,17223,
1487001,山西财经大学,2024,四川,本科批B段,文科,,,535,17223,
1490,山西工商学院,2024,四川,本科批B段,文科,,,464,53924,
1490001,山西工商学院,2024,四川,本科批B段,文科,,,464,53924,
1491,山西晋中理工学院,2024,四川,本科批B段,文科,,,475,57442,
1491001,山西晋中理工学院,2024,四川,本科批B段,文科,,,475,57442,
15,对外经济贸易大学,2024,四川,本科批B段,文科,,,597,347,
15001,对外经济贸易大学,2024,四川,本科批B段,文科,,,605,347,
1501,内蒙古大学,2024,四川,本科批B段,文科,,,557,5934,
1501001,内蒙古大学,2024,四川,本科批B段,文科,,,557,5934,
1503,内蒙古科技大学,2024,四川,本科批B段,文科,,,504,32170,
1503001,内蒙古科技大学,2024,四川,本科批B段,文科,,,504,32170,
1509,内蒙古师范大学,2024,四川,本科批B段,文科,,,489,30758,
1509001,内蒙古师范大学,2024,四川,本科批B段,文科,,,489,30758,
1511,河套学院,2024,四川,本科批B段,文科,,,503,37298,
1511001,河套学院,2024,四川,本科批B段,文科,,,503,37298,
1512,赤峰学院,2024,四川,本科批B段,文科,,,506,35034,
1512001,赤峰学院,2024,四川,本科批B段,文科,,,506,35034,
1515,内蒙古民族大学,2024,四川,本科批B段,文科,,,507,32170,
1515001,内蒙古民族大学,2024,四川,本科批B段,文科,,,507,32170,
1516,呼伦贝尔学院,2024,四川,本科批B段,文科,,,505,35743,
1516001,呼伦贝尔学院,2024,四川,本科批B段,文科,,,505,35743,
1518,内蒙古财经大学,2024,四川,本科批B段,文科,,,524,19272,
1518001,内蒙古财经大学,2024,四川,本科批B段,文科,,,524,19272,
1520,内蒙古科技大学包头师范学院,2024,四川,本科批B段,文科,,,504,33589,
1520001,内蒙古科技大学包头师范学院,2024,四川,本科批B段,文科,,,504,33589,
1556,集宁师范学院,2024,四川,本科批B段,文科,,,504,35743,
1556001,集宁师范学院,2024,四川,本科批B段,文科,,,504,35743,
16,中国政法大学,2024,四川,本科批B段,文科,,,554,175,
16001,中国政法大学,2024,四川,本科批B段,文科,,,606,175,
1609,天津外国语大学,2024,四川,本科批B段,文科,,,541,11542,
1609001,天津外国语大学,2024,四川,本科批B段,文科,,,541,11542,
17,南开大学,2024,四川,本科批B段,文科,,,615,247,
17001,南开大学,2024,四川,本科批B段,文科,,,615,247,
1701,天津科技大学,2024,四川,本科批B段,文科,,,543,13591,
1701001,天津科技大学,2024,四川,本科批B段,文科,,,543,13591,
1716,天津城建大学,2024,四川,本科批B段,文科,,,477,54817,
1716001,天津城建大学,2024,四川,本科批B段,文科,,,477,54817,
1751,河北工业职业技术大学,2024,四川,本科批B段,文科,,,503,36484,
1751001,河北工业职业技术大学,2024,四川,本科批B段,文科,,,503,36484,
1752,河北科技工程职业技术大学,2024,四川,本科批B段,文科,,,502,37298,
1752001,河北科技工程职业技术大学,2024,四川,本科批B段,文科,,,502,37298,
1753,河北石油职业技术大学,2024,四川,本科批B段,文科,,,471,36484,
1753001,河北石油职业技术大学,2024,四川,本科批B段,文科,,,471,36484,
18,天津大学,2024,四川,本科批B段,文科,,,600,1319,
18001,天津大学,2024,四川,本科批B段,文科,,,600,1319,
1809,天津外国语大学,2024,四川,本科批B段,文科,,,540,14845,
1809001,天津外国语大学,2024,四川,本科批B段,文科,,,540,14845,
1832,河北地质大学华信学院,2024,四川,本科批B段,文科,,,478,58346,
1832001,河北地质大学华信学院,2024,四川,本科批B段,文科,,,478,58346,
1834,保定理工学院,2024,四川,本科批B段,文科,,,468,66346,
1834001,保定理工学院,2024,四川,本科批B段,文科,,,468,66346,
1835,北京中医药大学东方学院,2024,四川,本科批B段,文科,,,515,26048,
1835001,北京中医药大学东方学院,2024,四川,本科批B段,文科,,,515,26048,
1845,沧州师范学院,2024,四川,本科批B段,文科,,,508,29427,
1845001,沧州师范学院,2024,四川,本科批B段,文科,,,508,29427,
1907,山西医科大学,2024,四川,本科批B段,文科,,,514,26673,
1907001,山西医科大学,2024,四川,本科批B段,文科,,,514,26673,
1913,山西工程科技职业大学,2024,四川,本科批B段,文科,,,474,41989,
1913001,山西工程科技职业大学,2024,四川,本科批B段,文科,,,474,41989,
1916,忻州师范学院,2024,四川,本科批B段,文科,,,502,38040,
1916001,忻州师范学院,2024,四川,本科批B段,文科,,,502,38040,
2,中国人民大学,2024,四川,本科批B段,文科,,,630,61,
20,东北大学,2024,四川,本科批B段,文科,,,584,2509,
20001,东北大学,2024,四川,本科批B段,文科,,,584,2509,
2001,中国人民大学,2024,四川,本科批B段,文科,,,630,61,
21,吉林大学,2024,四川,本科批B段,文科,,,555,640,
21001,吉林大学,2024,四川,本科批B段,文科,,,555,640,
2103,沈阳理工大学,2024,四川,本科批B段,文科,,,512,24218,
2103001,沈阳理工大学,2024,四川,本科批B段,文科,,,512,24218,
2104,辽宁大学,2024,四川,本科批B段,文科,,,570,3284,
2104001,辽宁大学,2024,四川,本科批B段,文科,,,570,3284,
2106,辽宁工程技术大学,2024,四川,本科批B段,文科,,,535,15334,
2106001,辽宁工程技术大学,2024,四川,本科批B段,文科,,,535,15334,
2109,大连交通大学,2024,四川,本科批B段,文科,,,530,19830,
2109001,大连交通大学,2024,四川,本科批B段,文科,,,530,19830,
211,北京师范大学,2024,四川,本科批B段,文科,,,610,640,
2110,沈阳大学,2024,四川,本科批B段,文科,,,511,19830,
2110001,沈阳大学,2024,四川,本科批B段,文科,,,511,19830,
211001,北京师范大学,2024,四川,本科批B段,文科,,,610,640,
2120,大连外国语大学,2024,四川,本科批B段,文科,,,531,10488,
2120001,大连外国语大学,2024,四川,本科批B段,文科,,,531,10488,
2123,辽宁师范大学,2024,四川,本科批B段,文科,,,514,17719,
2123001,辽宁师范大学,2024,四川,本科批B段,文科,,,514,17719,
2124,沈阳师范大学,2024,四川,本科批B段,文科,,,497,29427,
2124001,沈阳师范大学,2024,四川,本科批B段,文科,,,497,29427,
2125,渤海大学,2024,四川,本科批B段,文科,,,457,26048,
2125001,渤海大学,2024,四川,本科批B段,文科,,,457,26048,
2126,东北财经大学,2024,四川,本科批B段,文科,,,574,2884,
2126001,东北财经大学,2024,四川,本科批B段,文科,,,574,2884,
2127,鞍山师范学院,2024,四川,本科批B段,文科,,,501,32170,
2127001,鞍山师范学院,2024,四川,本科批B段,文科,,,501,32170,
2131,沈阳城市学院,2024,四川,本科批B段,文科,,,460,71598,
2131001,沈阳城市学院,2024,四川,本科批B段,文科,,,460,71598,
2135,大连大学,2024,四川,本科批B段,文科,,,516,20885,
2135001,大连大学,2024,四川,本科批B段,文科,,,516,20885,
2136,辽宁科技学院,2024,四川,本科批B段,文科,,,474,35743,
2136001,辽宁科技学院,2024,四川,本科批B段,文科,,,474,35743,
2143,营口理工学院,2024,四川,本科批B段,文科,,,483,46981,
2143001,营口理工学院,2024,四川,本科批B段,文科,,,483,46981,
2159,辽东学院,2024,四川,本科批B段,文科,,,503,36484,
2159001,辽东学院,2024,四川,本科批B段,文科,,,503,36484,
2160,辽宁对外经贸学院,2024,四川,本科批B段,文科,,,463,69041,
2160001,辽宁对外经贸学院,2024,四川,本科批B段,文科,,,463,69041,
2175,辽宁传媒学院,2024,四川,本科批B段,文科,,,465,69041,
2175001,辽宁传媒学院,2024,四川,本科批B段,文科,,,465,69041,
2183,大连财经学院,2024,四川,本科批B段,文科,,,477,38837,
2183001,大连财经学院,2024,四川,本科批B段,文科,,,477,38837,
2184,沈阳科技学院,2024,四川,本科批B段,文科,,,463,69041,
2184001,沈阳科技学院,2024,四川,本科批B段,文科,,,463,69041,
2188,大连东软信息学院,2024,四川,本科批B段,文科,,,463,69904,
2188001,大连东软信息学院,2024,四川,本科批B段,文科,,,463,69904,
2189,辽宁理工学院,2024,四川,本科批B段,文科,,,469,63681,
2189001,辽宁理工学院,2024,四川,本科批B段,文科,,,469,63681,
2190,大连科技学院,2024,四川,本科批B段,文科,,,464,69041,
2190001,大连科技学院,2024,四川,本科批B段,文科,,,464,69041,
2191,辽宁何氏医学院,2024,四川,本科批B段,文科,,,458,68160,
2191001,辽宁何氏医学院,2024,四川,本科批B段,文科,,,458,68160,
2192,沈阳工学院,2024,四川,本科批B段,文科,,,463,66346,
2192001,沈阳工学院,2024,四川,本科批B段,文科,,,463,66346,
2195,辽宁中医药大学杏林学院,2024,四川,本科批B段,文科,,,505,35034,
2195001,辽宁中医药大学杏林学院,2024,四川,本科批B段,文科,,,505,35034,
2196,沈阳城市建设学院,2024,四川,本科批B段,文科,,,464,70753,
2196001,沈阳城市建设学院,2024,四川,本科批B段,文科,,,464,70753,
2197,大连工业大学艺术与信息工程学院,2024,四川,本科批B段,文科,,,462,71598,
2197001,大连工业大学艺术与信息工程学院,2024,四川,本科批B段,文科,,,462,71598,
2199,大连理工大学城市学院,2024,四川,本科批B段,文科,,,465,62760,
2199001,大连理工大学城市学院,2024,四川,本科批B段,文科,,,460,62760,
22,东北师范大学,2024,四川,本科批B段,文科,,,571,2509,
22001,东北师范大学,2024,四川,本科批B段,文科,,,572,2509,
2201,长春理工大学,2024,四川,本科批B段,文科,,,496,13199,
2201001,长春理工大学,2024,四川,本科批B段,文科,,,530,13199,
2202,延边大学,2024,四川,本科批B段,文科,,,557,6893,
2202001,延边大学,2024,四川,本科批B段,文科,,,557,6893,
2211,长春中医药大学,2024,四川,本科批B段,文科,,,553,7650,
2211001,长春中医药大学,2024,四川,本科批B段,文科,,,553,7650,
2213,通化师范学院,2024,四川,本科批B段,文科,,,503,35743,
2213001,通化师范学院,2024,四川,本科批B段,文科,,,503,35743,
2214,吉林师范大学,2024,四川,本科批B段,文科,,,518,18747,
2214001,吉林师范大学,2024,四川,本科批B段,文科,,,518,18747,
2215,吉林工程技术师范学院,2024,四川,本科批B段,文科,,,503,37298,
2215001,吉林工程技术师范学院,2024,四川,本科批B段,文科,,,503,37298,
2216,长春师范大学,2024,四川,本科批B段,文科,,,509,26048,
2216001,长春师范大学,2024,四川,本科批B段,文科,,,509,26048,
2217,白城师范学院,2024,四川,本科批B段,文科,,,503,34328,
2217001,白城师范学院,2024,四川,本科批B段,文科,,,503,34328,
2218,吉林财经大学,2024,四川,本科批B段,文科,,,522,16236,
2218001,吉林财经大学,2024,四川,本科批B段,文科,,,522,16236,
2220,吉林工商学院,2024,四川,本科批B段,文科,,,505,28682,
2220001,吉林工商学院,2024,四川,本科批B段,文科,,,505,28682,
2226,吉林农业科技学院,2024,四川,本科批B段,文科,,,500,38040,
2226001,吉林农业科技学院,2024,四川,本科批B段,文科,,,500,38040,
2230,长春大学,2024,四川,本科批B段,文科,,,511,30072,
2230001,长春大学,2024,四川,本科批B段,文科,,,511,30072,
2235,北华大学,2024,四川,本科批B段,文科,,,510,29427,
2235001,北华大学,2024,四川,本科批B段,文科,,,510,29427,
2241,吉林医药学院,2024,四川,本科批B段,文科,,,504,36484,
2241001,吉林医药学院,2024,四川,本科批B段,文科,,,504,36484,
2279,吉林外国语大学,2024,四川,本科批B段,文科,,,461,40370,
2279001,吉林外国语大学,2024,四川,本科批B段,文科,,,461,40370,
2283,长春财经学院,2024,四川,本科批B段,文科,,,466,62760,
2283001,长春财经学院,2024,四川,本科批B段,文科,,,466,62760,
2284,长春科技学院,2024,四川,本科批B段,文科,,,496,42811,
2284001,长春科技学院,2024,四川,本科批B段,文科,,,496,42811,
2285,长春建筑学院,2024,四川,本科批B段,文科,,,465,69041,
2285001,长春建筑学院,2024,四川,本科批B段,文科,,,465,69041,
2288,长春工业大学人文信息学院,2024,四川,本科批B段,文科,,,464,61041,
2288001,长春工业大学人文信息学院,2024,四川,本科批B段,文科,,,464,61041,
2289,吉林师范大学博达学院,2024,四川,本科批B段,文科,,,462,64556,
2289001,吉林师范大学博达学院,2024,四川,本科批B段,文科,,,462,64556,
2290,长春光华学院,2024,四川,本科批B段,文科,,,467,63681,
2290001,长春光华学院,2024,四川,本科批B段,文科,,,467,63681,
2291,长春人文学院,2024,四川,本科批B段,文科,,,469,52184,
2291001,长春人文学院,2024,四川,本科批B段,文科,,,469,52184,
2292,长春电子科技学院,2024,四川,本科批B段,文科,,,457,69904,
2292001,长春电子科技学院,2024,四川,本科批B段,文科,,,457,69904,
2293,长春大学旅游学院,2024,四川,本科批B段,文科,,,465,59191,
2293001,长春大学旅游学院,2024,四川,本科批B段,文科,,,465,59191,
2295,吉林警察学院,2024,四川,本科批B段,文科,,,514,24218,
2295001,吉林警察学院,2024,四川,本科批B段,文科,,,514,24218,
23,东北林业大学,2024,四川,本科批B段,文科,,,532,4939,
23001,东北林业大学,2024,四川,本科批B段,文科,,,532,4939,
2301,黑龙江大学,2024,四川,本科批B段,文科,,,541,7375,
2301001,黑龙江大学,2024,四川,本科批B段,文科,,,541,7375,
2305,黑龙江科技大学,2024,四川,本科批B段,文科,,,505,26673,
2305001,黑龙江科技大学,2024,四川,本科批B段,文科,,,505,26673,
2306,东北石油大学,2024,四川,本科批B段,文科,,,529,15334,
2306001,东北石油大学,2024,四川,本科批B段,文科,,,529,15334,
2307,齐齐哈尔大学,2024,四川,本科批B段,文科,,,497,29427,
2307001,齐齐哈尔大学,2024,四川,本科批B段,文科,,,497,29427,
2308,哈尔滨医科大学,2024,四川,本科批B段,文科,,,507,10161,
2308001,哈尔滨医科大学,2024,四川,本科批B段,文科,,,540,10161,
2308002,哈尔滨医科大学,2024,四川,本科批B段,文科,,,507,27969,
2309,东北农业大学,2024,四川,本科批B段,文科,,,564,5934,
2309001,东北农业大学,2024,四川,本科批B段,文科,,,564,5934,
2311,哈尔滨师范大学,2024,四川,本科批B段,文科,,,508,11542,
2311001,哈尔滨师范大学,2024,四川,本科批B段,文科,,,539,11542,
2311002,哈尔滨师范大学,2024,四川,本科批B段,文科,,,508,23679,
2312,大庆师范学院,2024,四川,本科批B段,文科,,,500,36484,
2312001,大庆师范学院,2024,四川,本科批B段,文科,,,500,36484,
2313,绥化学院,2024,四川,本科批B段,文科,,,503,36484,
2313001,绥化学院,2024,四川,本科批B段,文科,,,503,36484,
2317,哈尔滨商业大学,2024,四川,本科批B段,文科,,,514,13591,
2317001,哈尔滨商业大学,2024,四川,本科批B段,文科,,,537,13591,
2317002,哈尔滨商业大学,2024,四川,本科批B段,文科,,,514,25441,
2318,牡丹江师范学院,2024,四川,本科批B段,文科,,,505,33589,
2318001,牡丹江师范学院,2024,四川,本科批B段,文科,,,505,33589,
2319,哈尔滨金融学院,2024,四川,本科批B段,文科,,,502,28682,
2319001,哈尔滨金融学院,2024,四川,本科批B段,文科,,,502,28682,
2321,佳木斯大学,2024,四川,本科批B段,文科,,,502,37298,
2321001,佳木斯大学,2024,四川,本科批B段,文科,,,502,37298,
2322,黑龙江工业学院,2024,四川,本科批B段,文科,,,502,36484,
2322001,黑龙江工业学院,2024,四川,本科批B段,文科,,,502,36484,
2323,齐齐哈尔医学院,2024,四川,本科批B段,文科,,,504,33589,
2323001,齐齐哈尔医学院,2024,四川,本科批B段,文科,,,504,33589,
2324,哈尔滨石油学院,2024,四川,本科批B段,文科,,,464,69904,
2324001,哈尔滨石油学院,2024,四川,本科批B段,文科,,,464,69904,
2325,黑龙江八一农垦大学,2024,四川,本科批B段,文科,,,507,31464,
2325001,黑龙江八一农垦大学,2024,四川,本科批B段,文科,,,507,31464,
2326,黑龙江财经学院,2024,四川,本科批B段,文科,,,467,61891,
2326001,黑龙江财经学院,2024,四川,本科批B段,文科,,,467,61891,
2327,哈尔滨理工大学,2024,四川,本科批B段,文科,,,531,18747,
2327001,哈尔滨理工大学,2024,四川,本科批B段,文科,,,531,18747,
2330,哈尔滨学院,2024,四川,本科批B段,文科,,,504,30758,
2330001,哈尔滨学院,2024,四川,本科批B段,文科,,,504,30758,
2331,黑龙江工程学院,2024,四川,本科批B段,文科,,,491,32170,
2331001,黑龙江工程学院,2024,四川,本科批B段,文科,,,491,32170,
2336,齐齐哈尔工程学院,2024,四川,本科批B段,文科,,,463,70753,
2336001,齐齐哈尔工程学院,2024,四川,本科批B段,文科,,,463,70753,
2339,黑河学院,2024,四川,本科批B段,文科,,,502,32170,
2339001,黑河学院,2024,四川,本科批B段,文科,,,502,32170,
2363,辽宁大学,2024,四川,本科批B段,文科,,,529,14845,
2363001,辽宁大学,2024,四川,本科批B段,文科,,,529,14845,
2371,哈尔滨信息工程学院,2024,四川,本科批B段,文科,,,465,63681,
2371001,哈尔滨信息工程学院,2024,四川,本科批B段,文科,,,465,63681,
2375,辽宁大学,2024,四川,本科批B段,文科,,,547,11941,
2375001,辽宁大学,2024,四川,本科批B段,文科,,,547,11941,
2382,辽宁大学,2024,四川,本科批B段,文科,,,560,6641,
2382001,辽宁大学,2024,四川,本科批B段,文科,,,560,6641,
2385,哈尔滨远东理工学院,2024,四川,本科批B段,文科,,,466,69041,
2385001,哈尔滨远东理工学院,2024,四川,本科批B段,文科,,,466,69041,
2386,黑龙江外国语学院,2024,四川,本科批B段,文科,,,460,69041,
2386001,黑龙江外国语学院,2024,四川,本科批B段,文科,,,460,69041,
2388,哈尔滨广厦学院,2024,四川,本科批B段,文科,,,467,63681,
2388001,哈尔滨广厦学院,2024,四川,本科批B段,文科,,,467,63681,
2389,黑龙江工程学院昆仑旅游学院,2024,四川,本科批B段,文科,,,463,69904,
2389001,黑龙江工程学院昆仑旅游学院,2024,四川,本科批B段,文科,,,463,69904,
2391,黑龙江东方学院,2024,四川,本科批B段,文科,,,466,66346,
2391001,黑龙江东方学院,2024,四川,本科批B段,文科,,,466,66346,
2392,哈尔滨剑桥学院,2024,四川,本科批B段,文科,,,464,69904,
2392001,哈尔滨剑桥学院,2024,四川,本科批B段,文科,,,464,69904,
2394,哈尔滨华德学院,2024,四川,本科批B段,文科,,,463,70753,
2394001,哈尔滨华德学院,2024,四川,本科批B段,文科,,,463,70753,
24,复旦大学,2024,四川,本科批B段,文科,,,632,49,
24001,复旦大学,2024,四川,本科批B段,文科,,,632,49,
2444,黑龙江中医药大学,2024,四川,本科批B段,文科,,,514,6181,
2444001,黑龙江中医药大学,2024,四川,本科批B段,文科,,,561,6181,
2444002,黑龙江中医药大学,2024,四川,本科批B段,文科,,,514,27305,
2445,黑龙江工商学院,2024,四川,本科批B段,文科,,,463,70753,
2445001,黑龙江工商学院,2024,四川,本科批B段,文科,,,463,70753,
25,同济大学,2024,四川,本科批B段,文科,,,605,347,
25001,同济大学,2024,四川,本科批B段,文科,,,617,347,
2524,沈阳师范大学,2024,四川,本科批B段,文科,,,505,34328,
2524001,沈阳师范大学,2024,四川,本科批B段,文科,,,505,34328,
2562,辽宁师范大学海华学院,2024,四川,本科批B段,文科,,,464,54817,
2562001,辽宁师范大学海华学院,2024,四川,本科批B段,文科,,,464,54817,
26,上海交通大学,2024,四川,本科批B段,文科,,,639,34,
26001,上海交通大学,2024,四川,本科批B段,文科,,,639,34,
2616,长春师范大学,2024,四川,本科批B段,文科,,,482,50468,
2616001,长春师范大学,2024,四川,本科批B段,文科,,,482,50468,
27,华东理工大学,2024,四川,本科批B段,文科,,,577,3284,
27001,华东理工大学,2024,四川,本科批B段,文科,,,577,3284,
29,华东师范大学,2024,四川,本科批B段,文科,,,604,347,
29001,华东师范大学,2024,四川,本科批B段,文科,,,604,347,
2916,长春师范大学,2024,四川,本科批B段,文科,,,504,36484,
2916001,长春师范大学,2024,四川,本科批B段,文科,,,504,36484,
2926,东北财经大学,2024,四川,本科批B段,文科,,,558,5722,
2926001,东北财经大学,2024,四川,本科批B段,文科,,,558,5722,
3,清华大学,2024,四川,本科批B段,文科,,,646,34,
30,上海外国语大学,2024,四川,本科批B段,文科,,,592,1751,
30001,上海外国语大学,2024,四川,本科批B段,文科,,,592,1751,
3001,清华大学,2024,四川,本科批B段,文科,,,646,34,
301,北京航空航天大学,2024,四川,本科批B段,文科,,,610,688,
301001,北京航空航天大学,2024,四川,本科批B段,文科,,,610,688,
302,北京理工大学,2024,四川,本科批B段,文科,,,603,1102,
302001,北京理工大学,2024,四川,本科批B段,文科,,,603,1102,
308,中国人民公安大学,2024,四川,本科批B段,文科,,,591,2158,
308001,中国人民公安大学,2024,四川,本科批B段,文科,,,591,2158,
31,上海财经大学,2024,四川,本科批B段,文科,,,601,398,
310,北京体育大学,2024,四川,本科批B段,文科,,,568,3445,
310001,北京体育大学,2024,四川,本科批B段,文科,,,568,3445,
31001,上海财经大学,2024,四川,本科批B段,文科,,,601,398,
3101,上海理工大学,2024,四川,本科批B段,文科,,,558,7375,
3101001,上海理工大学,2024,四川,本科批B段,文科,,,558,7375,
3103,上海海事大学,2024,四川,本科批B段,文科,,,529,4561,
3103001,上海海事大学,2024,四川,本科批B段,文科,,,570,4561,
3105,上海电力大学,2024,四川,本科批B段,文科,,,538,7912,
3105001,上海电力大学,2024,四川,本科批B段,文科,,,538,7912,
3107,上海应用技术大学,2024,四川,本科批B段,文科,,,535,8512,
3107001,上海应用技术大学,2024,四川,本科批B段,文科,,,535,8512,
3111,上海海洋大学,2024,四川,本科批B段,文科,,,544,5299,
3111001,上海海洋大学,2024,四川,本科批B段,文科,,,544,5299,
3113,上海师范大学,2024,四川,本科批B段,文科,,,553,5934,
3113001,上海师范大学,2024,四川,本科批B段,文科,,,553,5934,
3115,上海体育大学,2024,四川,本科批B段,文科,,,524,16710,
3115001,上海体育大学,2024,四川,本科批B段,文科,,,524,16710,
3117,上海对外经贸大学,2024,四川,本科批B段,文科,,,574,4052,
3117001,上海对外经贸大学,2024,四川,本科批B段,文科,,,574,4052,
3118,华东政法大学,2024,四川,本科批B段,文科,,,566,600,
3118001,华东政法大学,2024,四川,本科批B段,文科,,,566,600,
3122,上海戏剧学院,2024,四川,本科批B段,文科,,,569,3727,
3122001,上海戏剧学院,2024,四川,本科批B段,文科,,,569,3727,
3123,上海政法学院,2024,四川,本科批B段,文科,,,555,3014,
3123001,上海政法学院,2024,四川,本科批B段,文科,,,558,3014,
3124,上海电机学院,2024,四川,本科批B段,文科,,,505,23679,
3124001,上海电机学院,2024,四川,本科批B段,文科,,,521,23679,
3125,上海工程技术大学,2024,四川,本科批B段,文科,,,521,21982,
3125001,上海工程技术大学,2024,四川,本科批B段,文科,,,521,21982,
3126,上海立信会计金融学院,2024,四川,本科批B段,文科,,,527,6417,
3126001,上海立信会计金融学院,2024,四川,本科批B段,文科,,,557,7132,
3126002,上海立信会计金融学院,2024,四川,本科批B段,文科,,,527,6417,
3137,上海大学,2024,四川,本科批B段,文科,,,547,2629,
3137001,上海大学,2024,四川,本科批B段,文科,,,585,2629,
3140,上海杉达学院,2024,四川,本科批B段,文科,,,458,45308,
3140001,上海杉达学院,2024,四川,本科批B段,文科,,,458,45308,
315,中央民族大学,2024,四川,本科批B段,文科,,,578,1476,
315001,中央民族大学,2024,四川,本科批B段,文科,,,586,1476,
3154,上海商学院,2024,四川,本科批B段,文科,,,482,16236,
3154001,上海商学院,2024,四川,本科批B段,文科,,,521,16236,
3155,上海第二工业大学,2024,四川,本科批B段,文科,,,524,14845,
3155001,上海第二工业大学,2024,四川,本科批B段,文科,,,540,14845,
3155002,上海第二工业大学,2024,四川,本科批B段,文科,,,524,20885,
3157,上海建桥学院,2024,四川,本科批B段,文科,,,464,49565,
3157001,上海建桥学院,2024,四川,本科批B段,文科,,,464,49565,
3165,上海中侨职业技术大学,2024,四川,本科批B段,文科,,,459,69041,
3165001,上海中侨职业技术大学,2024,四川,本科批B段,文科,,,459,69041,
317,华北电力大学(北京),2024,四川,本科批B段,文科,,,578,2629,
317001,华北电力大学(北京),2024,四川,本科批B段,文科,,,578,2629,
3172,上海立达学院,2024,四川,本科批B段,文科,,,461,69041,
3172001,上海立达学院,2024,四川,本科批B段,文科,,,461,69041,
3192,上海视觉艺术学院,2024,四川,本科批B段,文科,,,480,56546,
3192001,上海视觉艺术学院,2024,四川,本科批B段,文科,,,480,56546,
3193,上海外国语大学贤达经济人文学院,2024,四川,本科批B段,文科,,,462,63681,
3193001,上海外国语大学贤达经济人文学院,2024,四川,本科批B段,文科,,,462,63681,
3194,上海师范大学天华学院,2024,四川,本科批B段,文科,,,461,64556,
3194001,上海师范大学天华学院,2024,四川,本科批B段,文科,,,461,64556,
3195,上海兴伟学院,2024,四川,本科批B段,文科,,,459,75066,
3195001,上海兴伟学院,2024,四川,本科批B段,文科,,,459,75066,
32,南京大学,2024,四川,本科批B段,文科,,,626,128,
320,中国民航大学,2024,四川,本科批B段,文科,,,542,6181,
320001,中国民航大学,2024,四川,本科批B段,文科,,,542,6181,
32001,南京大学,2024,四川,本科批B段,文科,,,626,128,
3201,苏州大学,2024,四川,本科批B段,文科,,,583,1565,
3201001,苏州大学,2024,四川,本科批B段,文科,,,583,1565,
3204,江苏师范大学,2024,四川,本科批B段,文科,,,530,16710,
3204001,江苏师范大学,2024,四川,本科批B段,文科,,,530,16710,
3205,江苏科技大学,2024,四川,本科批B段,文科,,,535,10804,
3205001,江苏科技大学,2024,四川,本科批B段,文科,,,535,10804,
3206,南京财经大学,2024,四川,本科批B段,文科,,,562,4379,
3206001,南京财经大学,2024,四川,本科批B段,文科,,,562,4379,
3207,南京工业大学,2024,四川,本科批B段,文科,,,553,8512,
3207001,南京工业大学,2024,四川,本科批B段,文科,,,553,8512,
3208,常州大学,2024,四川,本科批B段,文科,,,537,13199,
3208001,常州大学,2024,四川,本科批B段,文科,,,537,13199,
3209,南京邮电大学,2024,四川,本科批B段,文科,,,556,5117,
3209001,南京邮电大学,2024,四川,本科批B段,文科,,,556,5117,
3211,南京林业大学,2024,四川,本科批B段,文科,,,556,8836,
3211001,南京林业大学,2024,四川,本科批B段,文科,,,556,8836,
3212,江苏大学,2024,四川,本科批B段,文科,,,563,4755,
3212001,江苏大学,2024,四川,本科批B段,文科,,,563,4755,
3213,南京信息工程大学,2024,四川,本科批B段,文科,,,561,5117,
3213001,南京信息工程大学,2024,四川,本科批B段,文科,,,561,5117,
3214,淮阴工学院,2024,四川,本科批B段,文科,,,485,37298,
3214001,淮阴工学院,2024,四川,本科批B段,文科,,,495,37298,
3217,南通大学,2024,四川,本科批B段,文科,,,553,8207,
3217001,南通大学,2024,四川,本科批B段,文科,,,553,8207,
3218,盐城工学院,2024,四川,本科批B段,文科,,,501,28682,
3218001,盐城工学院,2024,四川,本科批B段,文科,,,514,28682,
3220,常熟理工学院,2024,四川,本科批B段,文科,,,508,22548,
3220001,常熟理工学院,2024,四川,本科批B段,文科,,,508,22548,
3225,南京师范大学,2024,四川,本科批B段,文科,,,578,2748,
3225001,南京师范大学,2024,四川,本科批B段,文科,,,578,2748,
3227,淮阴师范学院,2024,四川,本科批B段,文科,,,522,23127,
3227001,淮阴师范学院,2024,四川,本科批B段,文科,,,522,23127,
3228,盐城师范学院,2024,四川,本科批B段,文科,,,512,19830,
3228001,盐城师范学院,2024,四川,本科批B段,文科,,,524,19830,
323,华北电力大学(保定),2024,四川,本科批B段,文科,,,559,4052,
323001,华北电力大学(保定),2024,四川,本科批B段,文科,,,567,4052,
3233,南京艺术学院,2024,四川,本科批B段,文科,,,526,18747,
3233001,南京艺术学院,2024,四川,本科批B段,文科,,,526,18747,
3234,金陵科技学院,2024,四川,本科批B段,文科,,,505,18747,
3234001,金陵科技学院,2024,四川,本科批B段,文科,,,510,18747,
3235,徐州工程学院,2024,四川,本科批B段,文科,,,516,23127,
3235001,徐州工程学院,2024,四川,本科批B段,文科,,,516,23127,
3237,三江学院,2024,四川,本科批B段,文科,,,469,61041,
3237001,三江学院,2024,四川,本科批B段,文科,,,469,61041,
3239,南京审计大学,2024,四川,本科批B段,文科,,,570,2382,
3239001,南京审计大学,2024,四川,本科批B段,文科,,,570,2382,
3240,江苏第二师范学院,2024,四川,本科批B段,文科,,,521,20373,
3240001,江苏第二师范学院,2024,四川,本科批B段,文科,,,521,20373,
3241,江苏海洋大学,2024,四川,本科批B段,文科,,,504,18257,
3241001,江苏海洋大学,2024,四川,本科批B段,文科,,,533,18257,
3241002,江苏海洋大学,2024,四川,本科批B段,文科,,,504,21394,
3243,南京工程学院,2024,四川,本科批B段,文科,,,523,21982,
3243001,南京工程学院,2024,四川,本科批B段,文科,,,523,21982,
3244,苏州科技大学,2024,四川,本科批B段,文科,,,539,10488,
3244001,苏州科技大学,2024,四川,本科批B段,文科,,,539,10488,
3245,中国矿业大学徐海学院,2024,四川,本科批B段,文科,,,478,42811,
3245001,中国矿业大学徐海学院,2024,四川,本科批B段,文科,,,478,42811,
3247,西交利物浦大学,2024,四川,本科批B段,文科,,,551,9153,
3247001,西交利物浦大学,2024,四川,本科批B段,文科,,,551,9153,
3249,江苏理工学院,2024,四川,本科批B段,文科,,,514,26048,
3249001,江苏理工学院,2024,四川,本科批B段,文科,,,514,26048,
325,大连海事大学,2024,四川,本科批B段,文科,,,572,3879,
3250,南京晓庄学院,2024,四川,本科批B段,文科,,,514,17719,
3250001,南京晓庄学院,2024,四川,本科批B段,文科,,,514,17719,
325001,大连海事大学,2024,四川,本科批B段,文科,,,572,3879,
3253,南京工业职业技术大学,2024,四川,本科批B段,文科,,,503,31464,
3253001,南京工业职业技术大学,2024,四川,本科批B段,文科,,,503,31464,
3288,南京特殊教育师范学院,2024,四川,本科批B段,文科,,,513,18747,
3288001,南京特殊教育师范学院,2024,四川,本科批B段,文科,,,513,18747,
3289,南京航空航天大学金城学院,2024,四川,本科批B段,文科,,,460,55713,
3289001,南京航空航天大学金城学院,2024,四川,本科批B段,文科,,,460,55713,
3290,南京邮电大学通达学院,2024,四川,本科批B段,文科,,,468,60118,
3290001,南京邮电大学通达学院,2024,四川,本科批B段,文科,,,468,60118,
3291,无锡太湖学院,2024,四川,本科批B段,文科,,,478,42811,
3291001,无锡太湖学院,2024,四川,本科批B段,文科,,,478,42811,
3292,南京传媒学院,2024,四川,本科批B段,文科,,,485,30072,
3292001,南京传媒学院,2024,四川,本科批B段,文科,,,485,30072,
3293,南京理工大学泰州科技学院,2024,四川,本科批B段,文科,,,479,53924,
3293001,南京理工大学泰州科技学院,2024,四川,本科批B段,文科,,,479,53924,
3294,无锡学院,2024,四川,本科批B段,文科,,,527,19830,
3294001,无锡学院,2024,四川,本科批B段,文科,,,527,19830,
3295,南京工业大学浦江学院,2024,四川,本科批B段,文科,,,458,48692,
3295001,南京工业大学浦江学院,2024,四川,本科批B段,文科,,,458,48692,
3296,南京审计大学金审学院,2024,四川,本科批B段,文科,,,499,24855,
3296001,南京审计大学金审学院,2024,四川,本科批B段,文科,,,499,24855,
3298,东南大学成贤学院,2024,四川,本科批B段,文科,,,487,41181,
3298001,东南大学成贤学院,2024,四川,本科批B段,文科,,,487,41181,
3299,常州大学怀德学院,2024,四川,本科批B段,文科,,,460,51347,
3299001,常州大学怀德学院,2024,四川,本科批B段,文科,,,460,51347,
33,东南大学,2024,四川,本科批B段,文科,,,597,741,
330,哈尔滨工业大学,2024,四川,本科批B段,文科,,,602,1170,
330001,哈尔滨工业大学,2024,四川,本科批B段,文科,,,602,1170,
33001,东南大学,2024,四川,本科批B段,文科,,,606,741,
3301,杭州电子科技大学,2024,四川,本科批B段,文科,,,553,7650,
3301001,杭州电子科技大学,2024,四川,本科批B段,文科,,,553,7650,
3303,浙江理工大学,2024,四川,本科批B段,文科,,,539,15334,
3303001,浙江理工大学,2024,四川,本科批B段,文科,,,539,15334,
3304,宁波诺丁汉大学,2024,四川,本科批B段,文科,,,550,5299,
3304001,宁波诺丁汉大学,2024,四川,本科批B段,文科,,,550,5299,
3305,浙江海洋大学,2024,四川,本科批B段,文科,,,521,23679,
3305001,浙江海洋大学,2024,四川,本科批B段,文科,,,521,23679,
3306,浙江农林大学,2024,四川,本科批B段,文科,,,540,8512,
3306001,浙江农林大学,2024,四川,本科批B段,文科,,,540,8512,
3309,浙江师范大学,2024,四川,本科批B段,文科,,,540,4052,
3309001,浙江师范大学,2024,四川,本科批B段,文科,,,540,4052,
3310,杭州师范大学,2024,四川,本科批B段,文科,,,541,11166,
3310001,杭州师范大学,2024,四川,本科批B段,文科,,,541,11166,
3313,绍兴文理学院,2024,四川,本科批B段,文科,,,522,21982,
3313001,绍兴文理学院,2024,四川,本科批B段,文科,,,522,21982,
3314,台州学院,2024,四川,本科批B段,文科,,,516,24218,
3314001,台州学院,2024,四川,本科批B段,文科,,,516,24218,
3315,浙江工商大学,2024,四川,本科批B段,文科,,,531,9812,
3315001,浙江工商大学,2024,四川,本科批B段,文科,,,531,9812,
3316,湖州师范学院,2024,四川,本科批B段,文科,,,514,13591,
3316001,湖州师范学院,2024,四川,本科批B段,文科,,,543,13591,
3316002,湖州师范学院,2024,四川,本科批B段,文科,,,514,28682,
3317,中国美术学院,2024,四川,本科批B段,文科,,,563,3445,
3317001,中国美术学院,2024,四川,本科批B段,文科,,,563,3445,
3318,中国计量大学,2024,四川,本科批B段,文科,,,550,10161,
3318001,中国计量大学,2024,四川,本科批B段,文科,,,550,10161,
3319,浙江万里学院,2024,四川,本科批B段,文科,,,495,32849,
3319001,浙江万里学院,2024,四川,本科批B段,文科,,,495,32849,
3322,宁波工程学院,2024,四川,本科批B段,文科,,,521,21982,
3322001,宁波工程学院,2024,四川,本科批B段,文科,,,521,21982,
3324,浙江水利水电学院,2024,四川,本科批B段,文科,,,513,27969,
3324001,浙江水利水电学院,2024,四川,本科批B段,文科,,,513,27969,
3325,宁波大学,2024,四川,本科批B段,文科,,,580,3564,
3325001,宁波大学,2024,四川,本科批B段,文科,,,580,3564,
3327,浙江传媒学院,2024,四川,本科批B段,文科,,,532,9812,
3327001,浙江传媒学院,2024,四川,本科批B段,文科,,,532,9812,
3328,丽水学院,2024,四川,本科批B段,文科,,,495,28682,
3328001,丽水学院,2024,四川,本科批B段,文科,,,514,28682,
3329,温州大学,2024,四川,本科批B段,文科,,,525,18257,
3329001,温州大学,2024,四川,本科批B段,文科,,,525,18257,
333,哈尔滨工程大学,2024,四川,本科批B段,文科,,,566,5722,
333001,哈尔滨工程大学,2024,四川,本科批B段,文科,,,566,5722,
3333,浙江科技大学,2024,四川,本科批B段,文科,,,503,37298,
3333001,浙江科技大学,2024,四川,本科批B段,文科,,,503,37298,
3340,温州肯恩大学,2024,四川,本科批B段,文科,,,530,13989,
3340001,温州肯恩大学,2024,四川,本科批B段,文科,,,530,13989,
3341,浙江外国语学院,2024,四川,本科批B段,文科,,,536,12748,
3341001,浙江外国语学院,2024,四川,本科批B段,文科,,,536,12748,
3342,温州商学院,2024,四川,本科批B段,文科,,,459,62760,
3342001,温州商学院,2024,四川,本科批B段,文科,,,459,62760,
3347,绍兴文理学院元培学院,2024,四川,本科批B段,文科,,,481,30758,
3347001,绍兴文理学院元培学院,2024,四川,本科批B段,文科,,,481,30758,
3353,浙江农林大学暨阳学院,2024,四川,本科批B段,文科,,,495,41989,
3353001,浙江农林大学暨阳学院,2024,四川,本科批B段,文科,,,495,41989,
3358,浙江师范大学,2024,四川,本科批B段,文科,,,534,17719,
3358001,浙江师范大学,2024,四川,本科批B段,文科,,,534,17719,
3364,宁波大学科学技术学院,2024,四川,本科批B段,文科,,,463,49565,
3364001,宁波大学科学技术学院,2024,四川,本科批B段,文科,,,463,49565,
3366,浙江师范大学行知学院,2024,四川,本科批B段,文科,,,487,41989,
3366001,浙江师范大学行知学院,2024,四川,本科批B段,文科,,,487,41989,
3379,浙江工商大学杭州商学院,2024,四川,本科批B段,文科,,,463,42811,
3379001,浙江工商大学杭州商学院,2024,四川,本科批B段,文科,,,463,42811,
3383,浙江越秀外国语学院,2024,四川,本科批B段,文科,,,463,56546,
3383001,浙江越秀外国语学院,2024,四川,本科批B段,文科,,,463,56546,
3384,浙江广厦建设职业技术大学,2024,四川,本科批B段,文科,,,457,70753,
3384001,浙江广厦建设职业技术大学,2024,四川,本科批B段,文科,,,457,70753,
3385,浙江树人学院,2024,四川,本科批B段,文科,,,476,45308,
3385001,浙江树人学院,2024,四川,本科批B段,文科,,,476,45308,
3386,宁波财经学院,2024,四川,本科批B段,文科,,,467,53051,
3386001,宁波财经学院,2024,四川,本科批B段,文科,,,467,53051,
3387,上海财经大学浙江学院,2024,四川,本科批B段,文科,,,502,30758,
3387001,上海财经大学浙江学院,2024,四川,本科批B段,文科,,,502,30758,
3388,衢州学院,2024,四川,本科批B段,文科,,,509,30072,
3388001,衢州学院,2024,四川,本科批B段,文科,,,509,30072,
3389,浙江财经大学,2024,四川,本科批B段,文科,,,560,5299,
3389001,浙江财经大学,2024,四川,本科批B段,文科,,,560,5299,
3390,浙江财经大学东方学院,2024,四川,本科批B段,文科,,,489,39618,
3390001,浙江财经大学东方学院,2024,四川,本科批B段,文科,,,489,39618,
3391,浙大城市学院,2024,四川,本科批B段,文科,,,535,16236,
3391001,浙大城市学院,2024,四川,本科批B段,文科,,,535,16236,
3394,嘉兴南湖学院,2024,四川,本科批B段,文科,,,523,13591,
3394001,嘉兴南湖学院,2024,四川,本科批B段,文科,,,523,13591,
3395,浙江工业大学之江学院,2024,四川,本科批B段,文科,,,495,39618,
3395001,浙江工业大学之江学院,2024,四川,本科批B段,文科,,,495,39618,
3398,湖州学院,2024,四川,本科批B段,文科,,,498,35034,
3398001,湖州学院,2024,四川,本科批B段,文科,,,498,35034,
3399,温州理工学院,2024,四川,本科批B段,文科,,,517,25441,
3399001,温州理工学院,2024,四川,本科批B段,文科,,,517,25441,
340,南京航空航天大学,2024,四川,本科批B段,文科,,,584,2382,
340001,南京航空航天大学,2024,四川,本科批B段,文科,,,584,2382,
3401,安徽工业大学,2024,四川,本科批B段,文科,,,535,16236,
3401001,安徽工业大学,2024,四川,本科批B段,文科,,,535,16236,
3403,安徽大学,2024,四川,本科批B段,文科,,,561,3727,
3403001,安徽大学,2024,四川,本科批B段,文科,,,561,3727,
3405,安徽农业大学,2024,四川,本科批B段,文科,,,548,10804,
3405001,安徽农业大学,2024,四川,本科批B段,文科,,,548,10804,
3407,安徽师范大学,2024,四川,本科批B段,文科,,,537,10804,
3407001,安徽师范大学,2024,四川,本科批B段,文科,,,537,10804,
341,南京理工大学,2024,四川,本科批B段,文科,,,575,3727,
3410,淮北师范大学,2024,四川,本科批B段,文科,,,525,18257,
3410001,淮北师范大学,2024,四川,本科批B段,文科,,,525,18257,
341001,南京理工大学,2024,四川,本科批B段,文科,,,575,3727,
3412,阜阳师范大学,2024,四川,本科批B段,文科,,,510,21394,
3412001,阜阳师范大学,2024,四川,本科批B段,文科,,,510,21394,
3415,安徽财经大学,2024,四川,本科批B段,文科,,,539,9462,
3415001,安徽财经大学,2024,四川,本科批B段,文科,,,539,9462,
3417,安徽建筑大学,2024,四川,本科批B段,文科,,,535,14426,
3417001,安徽建筑大学,2024,四川,本科批B段,文科,,,535,14426,
3420,合肥大学,2024,四川,本科批B段,文科,,,517,21394,
3420001,合肥大学,2024,四川,本科批B段,文科,,,517,21394,
3423,亳州学院,2024,四川,本科批B段,文科,,,497,37298,
3423001,亳州学院,2024,四川,本科批B段,文科,,,497,37298,
3427,安庆师范大学,2024,四川,本科批B段,文科,,,530,19830,
3427001,安庆师范大学,2024,四川,本科批B段,文科,,,530,19830,
3428,安徽中医药大学,2024,四川,本科批B段,文科,,,538,12361,
3428001,安徽中医药大学,2024,四川,本科批B段,文科,,,538,12361,
3466,安徽文达信息工程学院,2024,四川,本科批B段,文科,,,468,62760,
3466001,安徽文达信息工程学院,2024,四川,本科批B段,文科,,,468,62760,
347,华侨大学,2024,四川,本科批B段,文科,,,554,6417,
347001,华侨大学,2024,四川,本科批B段,文科,,,554,6417,
3473,池州学院,2024,四川,本科批B段,文科,,,504,33589,
3473001,池州学院,2024,四川,本科批B段,文科,,,504,33589,
3483,合肥师范学院,2024,四川,本科批B段,文科,,,505,35743,
3483001,合肥师范学院,2024,四川,本科批B段,文科,,,505,35743,
35,河海大学,2024,四川,本科批B段,文科,,,571,3445,
35001,河海大学,2024,四川,本科批B段,文科,,,571,3445,
3501,福建理工大学,2024,四川,本科批B段,文科,,,517,26048,
3501001,福建理工大学,2024,四川,本科批B段,文科,,,517,26048,
3502,福州大学,2024,四川,本科批B段,文科,,,583,3150,
3502001,福州大学,2024,四川,本科批B段,文科,,,583,3150,
3507,福建师范大学,2024,四川,本科批B段,文科,,,532,6893,
3507001,福建师范大学,2024,四川,本科批B段,文科,,,532,6893,
3508,闽江学院,2024,四川,本科批B段,文科,,,507,24218,
3508001,闽江学院,2024,四川,本科批B段,文科,,,507,24218,
3509,武夷学院,2024,四川,本科批B段,文科,,,504,34328,
3509001,武夷学院,2024,四川,本科批B段,文科,,,504,34328,
351,中南民族大学,2024,四川,本科批B段,文科,,,537,8207,
3510,闽南师范大学,2024,四川,本科批B段,文科,,,512,19272,
3510001,闽南师范大学,2024,四川,本科批B段,文科,,,512,19272,
351001,中南民族大学,2024,四川,本科批B段,文科,,,548,8207,
3511,莆田学院,2024,四川,本科批B段,文科,,,438,28682,
3511001,莆田学院,2024,四川,本科批B段,文科,,,458,28682,
3512,泉州师范学院,2024,四川,本科批B段,文科,,,463,28682,
3512001,泉州师范学院,2024,四川,本科批B段,文科,,,463,28682,
3513,厦门理工学院,2024,四川,本科批B段,文科,,,509,20885,
3513001,厦门理工学院,2024,四川,本科批B段,文科,,,522,20885,
3515,集美大学,2024,四川,本科批B段,文科,,,525,7132,
3515001,集美大学,2024,四川,本科批B段,文科,,,556,7132,
3517,福建农林大学,2024,四川,本科批B段,文科,,,545,12748,
3517001,福建农林大学,2024,四川,本科批B段,文科,,,545,12748,
3521,福建农林大学金山学院,2024,四川,本科批B段,文科,,,460,53051,
3521001,福建农林大学金山学院,2024,四川,本科批B段,文科,,,460,53051,
3522,福建中医药大学,2024,四川,本科批B段,文科,,,518,7650,
3522001,福建中医药大学,2024,四川,本科批B段,文科,,,518,7650,
3527,浙江传媒学院,2024,四川,本科批B段,文科,,,521,24855,
3527001,浙江传媒学院,2024,四川,本科批B段,文科,,,521,24855,
353,暨南大学,2024,四川,本科批B段,文科,,,582,1948,
353001,暨南大学,2024,四川,本科批B段,文科,,,582,1948,
3533,三明学院,2024,四川,本科批B段,文科,,,492,32170,
3533001,三明学院,2024,四川,本科批B段,文科,,,492,32170,
3536,福建技术师范学院,2024,四川,本科批B段,文科,,,474,27969,
3536001,福建技术师范学院,2024,四川,本科批B段,文科,,,474,27969,
3537,龙岩学院,2024,四川,本科批B段,文科,,,502,33589,
3537001,龙岩学院,2024,四川,本科批B段,文科,,,502,33589,
3540,宁德师范学院,2024,四川,本科批B段,文科,,,464,37298,
3540001,宁德师范学院,2024,四川,本科批B段,文科,,,464,37298,
3541,福建江夏学院,2024,四川,本科批B段,文科,,,510,19830,
3541001,福建江夏学院,2024,四川,本科批B段,文科,,,510,19830,
3542,福州工商学院,2024,四川,本科批B段,文科,,,477,58346,
3542001,福州工商学院,2024,四川,本科批B段,文科,,,477,58346,
3543,福建师范大学协和学院,2024,四川,本科批B段,文科,,,468,41181,
3543001,福建师范大学协和学院,2024,四川,本科批B段,文科,,,468,41181,
3549,福州理工学院,2024,四川,本科批B段,文科,,,473,61891,
3549001,福州理工学院,2024,四川,本科批B段,文科,,,473,61891,
355,中国民用航空飞行学院,2024,四川,本科批B段,文科,,,518,20373,
3550,闽南理工学院,2024,四川,本科批B段,文科,,,467,61041,
3550001,闽南理工学院,2024,四川,本科批B段,文科,,,467,61041,
355001,中国民用航空飞行学院,2024,四川,本科批B段,文科,,,518,20373,
3560,泉州职业技术大学,2024,四川,本科批B段,文科,,,463,69904,
3560001,泉州职业技术大学,2024,四川,本科批B段,文科,,,463,69904,
357,西南民族大学,2024,四川,本科批B段,文科,,,502,6417,
357001,西南民族大学,2024,四川,本科批B段,文科,,,534,6417,
3571,泉州信息工程学院,2024,四川,本科批B段,文科,,,467,53924,
3571001,泉州信息工程学院,2024,四川,本科批B段,文科,,,467,53924,
3575,厦门华厦学院,2024,四川,本科批B段,文科,,,467,53051,
3575001,厦门华厦学院,2024,四川,本科批B段,文科,,,467,53051,
358,西北工业大学,2024,四川,本科批B段,文科,,,591,2158,
358001,西北工业大学,2024,四川,本科批B段,文科,,,591,2158,
3590,福州外语外贸学院,2024,四川,本科批B段,文科,,,469,57442,
3590001,福州外语外贸学院,2024,四川,本科批B段,文科,,,469,57442,
3591,厦门大学嘉庚学院,2024,四川,本科批B段,文科,,,498,30758,
3591001,厦门大学嘉庚学院,2024,四川,本科批B段,文科,,,498,30758,
3592,厦门工学院,2024,四川,本科批B段,文科,,,463,52184,
3592001,厦门工学院,2024,四川,本科批B段,文科,,,463,52184,
3593,集美大学诚毅学院,2024,四川,本科批B段,文科,,,500,30758,
3593001,集美大学诚毅学院,2024,四川,本科批B段,文科,,,500,30758,
3594,阳光学院,2024,四川,本科批B段,文科,,,466,64556,
3594001,阳光学院,2024,四川,本科批B段,文科,,,466,64556,
3595,福州大学至诚学院,2024,四川,本科批B段,文科,,,457,76813,
3595001,福州大学至诚学院,2024,四川,本科批B段,文科,,,457,76813,
3596,闽南科技学院,2024,四川,本科批B段,文科,,,468,59191,
3596001,闽南科技学院,2024,四川,本科批B段,文科,,,468,59191,
3597,福建商学院,2024,四川,本科批B段,文科,,,505,26673,
3597001,福建商学院,2024,四川,本科批B段,文科,,,505,26673,
36,江南大学,2024,四川,本科批B段,文科,,,536,2884,
36001,江南大学,2024,四川,本科批B段,文科,,,581,2884,
3602,东华理工大学,2024,四川,本科批B段,文科,,,533,15334,
3602001,东华理工大学,2024,四川,本科批B段,文科,,,533,15334,
3603,南昌航空大学,2024,四川,本科批B段,文科,,,524,18747,
3603001,南昌航空大学,2024,四川,本科批B段,文科,,,524,18747,
3604,江西理工大学,2024,四川,本科批B段,文科,,,537,15334,
3604001,江西理工大学,2024,四川,本科批B段,文科,,,537,15334,
3605,景德镇陶瓷大学,2024,四川,本科批B段,文科,,,522,20373,
3605001,景德镇陶瓷大学,2024,四川,本科批B段,文科,,,522,20373,
3607,江西农业大学,2024,四川,本科批B段,文科,,,521,21394,
3607001,江西农业大学,2024,四川,本科批B段,文科,,,521,21394,
3611,江西师范大学,2024,四川,本科批B段,文科,,,534,9462,
3611001,江西师范大学,2024,四川,本科批B段,文科,,,534,9462,
3613,上饶师范学院,2024,四川,本科批B段,文科,,,477,34328,
3613001,上饶师范学院,2024,四川,本科批B段,文科,,,477,34328,
3615,赣南师范大学,2024,四川,本科批B段,文科,,,515,16236,
3615001,赣南师范大学,2024,四川,本科批B段,文科,,,536,16236,
3615002,赣南师范大学,2024,四川,本科批B段,文科,,,515,24855,
3616,井冈山大学,2024,四川,本科批B段,文科,,,511,28682,
3616001,井冈山大学,2024,四川,本科批B段,文科,,,511,28682,
3618,江西财经大学,2024,四川,本科批B段,文科,,,562,4213,
3618001,江西财经大学,2024,四川,本科批B段,文科,,,562,4213,
3620,南昌大学,2024,四川,本科批B段,文科,,,568,3445,
3620001,南昌大学,2024,四川,本科批B段,文科,,,568,3445,
363,西北民族大学,2024,四川,本科批B段,文科,,,501,18257,
363001,西北民族大学,2024,四川,本科批B段,文科,,,513,18257,
3632,萍乡学院,2024,四川,本科批B段,文科,,,503,35743,
3632001,萍乡学院,2024,四川,本科批B段,文科,,,503,35743,
3633,南昌工程学院,2024,四川,本科批B段,文科,,,493,23679,
3633001,南昌工程学院,2024,四川,本科批B段,文科,,,493,23679,
3634,江西科技师范大学,2024,四川,本科批B段,文科,,,470,13591,
3634001,江西科技师范大学,2024,四川,本科批B段,文科,,,543,13591,
3634002,江西科技师范大学,2024,四川,本科批B段,文科,,,470,21394,
3636,宜春学院,2024,四川,本科批B段,文科,,,513,26673,
3636001,宜春学院,2024,四川,本科批B段,文科,,,513,26673,
3637,豫章师范学院,2024,四川,本科批B段,文科,,,506,30758,
3637001,豫章师范学院,2024,四川,本科批B段,文科,,,506,30758,
3641,新余学院,2024,四川,本科批B段,文科,,,508,28682,
3641001,新余学院,2024,四川,本科批B段,文科,,,508,28682,
3642,九江学院,2024,四川,本科批B段,文科,,,508,29427,
3642001,九江学院,2024,四川,本科批B段,文科,,,508,29427,
3644,江西警察学院,2024,四川,本科批B段,文科,,,529,20373,
3644001,江西警察学院,2024,四川,本科批B段,文科,,,529,20373,
3649,南昌师范学院,2024,四川,本科批B段,文科,,,510,30758,
3649001,南昌师范学院,2024,四川,本科批B段,文科,,,510,30758,
365,石河子大学,2024,四川,本科批B段,文科,,,555,6893,
365001,石河子大学,2024,四川,本科批B段,文科,,,555,6893,
3653,江西应用科技学院,2024,四川,本科批B段,文科,,,468,62760,
3653001,江西应用科技学院,2024,四川,本科批B段,文科,,,468,62760,
3654,江西科技学院,2024,四川,本科批B段,文科,,,481,54817,
3654001,江西科技学院,2024,四川,本科批B段,文科,,,481,54817,
3655,江西工程学院,2024,四川,本科批B段,文科,,,464,68160,
3655001,江西工程学院,2024,四川,本科批B段,文科,,,464,68160,
3656,南昌理工学院,2024,四川,本科批B段,文科,,,484,44438,
3656001,南昌理工学院,2024,四川,本科批B段,文科,,,484,44438,
3673,南昌工学院,2024,四川,本科批B段,文科,,,482,53924,
3673001,南昌工学院,2024,四川,本科批B段,文科,,,482,53924,
3674,南昌职业大学,2024,四川,本科批B段,文科,,,468,66346,
3674001,南昌职业大学,2024,四川,本科批B段,文科,,,468,66346,
3675,江西服装学院,2024,四川,本科批B段,文科,,,463,71598,
3675001,江西服装学院,2024,四川,本科批B段,文科,,,463,71598,
3688,江西师范大学科学技术学院,2024,四川,本科批B段,文科,,,500,37298,
3688001,江西师范大学科学技术学院,2024,四川,本科批B段,文科,,,500,37298,
369,华北科技学院,2024,四川,本科批B段,文科,,,484,26048,
3690,江西农业大学南昌商学院,2024,四川,本科批B段,文科,,,489,34328,
3690001,江西农业大学南昌商学院,2024,四川,本科批B段,文科,,,489,34328,
369001,华北科技学院,2024,四川,本科批B段,文科,,,484,26048,
3691,赣南科技学院,2024,四川,本科批B段,文科,,,507,33589,
3691001,赣南科技学院,2024,四川,本科批B段,文科,,,507,33589,
3692,南昌交通学院,2024,四川,本科批B段,文科,,,486,46981,
3692001,南昌交通学院,2024,四川,本科批B段,文科,,,486,46981,
3693,南昌航空大学科技学院,2024,四川,本科批B段,文科,,,486,48692,
3693001,南昌航空大学科技学院,2024,四川,本科批B段,文科,,,486,48692,
3694,赣东学院,2024,四川,本科批B段,文科,,,510,28682,
3694001,赣东学院,2024,四川,本科批B段,文科,,,510,28682,
3695,南昌医学院,2024,四川,本科批B段,文科,,,484,41989,
3695001,南昌医学院,2024,四川,本科批B段,文科,,,484,41989,
3696,江西财经大学现代经济管理学院,2024,四川,本科批B段,文科,,,491,38040,
3696001,江西财经大学现代经济管理学院,2024,四川,本科批B段,文科,,,491,38040,
3697,南昌大学科学技术学院,2024,四川,本科批B段,文科,,,465,59191,
3697001,南昌大学科学技术学院,2024,四川,本科批B段,文科,,,465,59191,
3698,景德镇艺术职业大学,2024,四川,本科批B段,文科,,,464,67271,
3698001,景德镇艺术职业大学,2024,四川,本科批B段,文科,,,464,67271,
3699,江西软件职业技术大学,2024,四川,本科批B段,文科,,,466,68160,
3699001,江西软件职业技术大学,2024,四川,本科批B段,文科,,,466,68160,
37,南京农业大学,2024,四川,本科批B段,文科,,,571,4052,
37001,南京农业大学,2024,四川,本科批B段,文科,,,571,4052,
3701,济南大学,2024,四川,本科批B段,文科,,,535,10804,
3701001,济南大学,2024,四川,本科批B段,文科,,,535,10804,
3704,山东政法学院,2024,四川,本科批B段,文科,,,521,15761,
3704001,山东政法学院,2024,四川,本科批B段,文科,,,521,15761,
3705,青岛理工大学,2024,四川,本科批B段,文科,,,534,14845,
3705001,青岛理工大学,2024,四川,本科批B段,文科,,,534,14845,
3706,山东建筑大学,2024,四川,本科批B段,文科,,,545,12748,
3706001,山东建筑大学,2024,四川,本科批B段,文科,,,545,12748,
3707,曲阜师范大学,2024,四川,本科批B段,文科,,,508,19272,
3707001,曲阜师范大学,2024,四川,本科批B段,文科,,,508,19272,
371,大连民族大学,2024,四川,本科批B段,文科,,,474,33589,
371001,大连民族大学,2024,四川,本科批B段,文科,,,508,33589,
3711,临沂大学,2024,四川,本科批B段,文科,,,522,21982,
3711001,临沂大学,2024,四川,本科批B段,文科,,,522,21982,
3712,聊城大学,2024,四川,本科批B段,文科,,,527,20373,
3712001,聊城大学,2024,四川,本科批B段,文科,,,527,20373,
3713,山东师范大学,2024,四川,本科批B段,文科,,,529,9812,
3713001,山东师范大学,2024,四川,本科批B段,文科,,,529,9812,
3714,泰山学院,2024,四川,本科批B段,文科,,,500,39618,
3714001,泰山学院,2024,四川,本科批B段,文科,,,500,39618,
3715,鲁东大学,2024,四川,本科批B段,文科,,,474,18257,
3715001,鲁东大学,2024,四川,本科批B段,文科,,,474,18257,
3716,济宁学院,2024,四川,本科批B段,文科,,,503,37298,
3716001,济宁学院,2024,四川,本科批B段,文科,,,503,37298,
3717,山东艺术学院,2024,四川,本科批B段,文科,,,529,20373,
3717001,山东艺术学院,2024,四川,本科批B段,文科,,,529,20373,
3719,山东工艺美术学院,2024,四川,本科批B段,文科,,,503,36484,
3719001,山东工艺美术学院,2024,四川,本科批B段,文科,,,503,36484,
3720,山东财经大学,2024,四川,本科批B段,文科,,,554,4939,
3720001,山东财经大学,2024,四川,本科批B段,文科,,,554,4939,
3721,烟台大学,2024,四川,本科批B段,文科,,,509,8207,
3721001,烟台大学,2024,四川,本科批B段,文科,,,509,8207,
3722,菏泽学院,2024,四川,本科批B段,文科,,,505,35034,
3722001,菏泽学院,2024,四川,本科批B段,文科,,,505,35034,
3723,山东交通学院,2024,四川,本科批B段,文科,,,491,21982,
3723001,山东交通学院,2024,四川,本科批B段,文科,,,491,21982,
3724,滨州医学院,2024,四川,本科批B段,文科,,,511,31464,
3724001,滨州医学院,2024,四川,本科批B段,文科,,,511,31464,
3725,山东工商学院,2024,四川,本科批B段,文科,,,501,21982,
3725001,山东工商学院,2024,四川,本科批B段,文科,,,501,21982,
3728,山东中医药大学,2024,四川,本科批B段,文科,,,498,41181,
3728001,山东中医药大学,2024,四川,本科批B段,文科,,,498,41181,
3729,青岛工学院,2024,四川,本科批B段,文科,,,474,58346,
3729001,青岛工学院,2024,四川,本科批B段,文科,,,474,58346,
373,北方民族大学,2024,四川,本科批B段,文科,,,508,20885,
3730,青岛大学,2024,四川,本科批B段,文科,,,550,7375,
3730001,青岛大学,2024,四川,本科批B段,文科,,,550,7375,
373001,北方民族大学,2024,四川,本科批B段,文科,,,520,20885,
3733,山东青年政治学院,2024,四川,本科批B段,文科,,,503,35743,
3733001,山东青年政治学院,2024,四川,本科批B段,文科,,,503,35743,
3735,潍坊学院,2024,四川,本科批B段,文科,,,506,26048,
3735001,潍坊学院,2024,四川,本科批B段,文科,,,506,26048,
3739,山东理工大学,2024,四川,本科批B段,文科,,,509,32849,
3739001,山东理工大学,2024,四川,本科批B段,文科,,,509,32849,
3740,山东农业大学,2024,四川,本科批B段,文科,,,511,15761,
3740001,山东农业大学,2024,四川,本科批B段,文科,,,511,15761,
3743,山东财经大学东方学院,2024,四川,本科批B段,文科,,,469,58346,
3743001,山东财经大学东方学院,2024,四川,本科批B段,文科,,,469,58346,
3744,山东农业工程学院,2024,四川,本科批B段,文科,,,509,28682,
3744001,山东农业工程学院,2024,四川,本科批B段,文科,,,509,28682,
3749,齐鲁医药学院,2024,四川,本科批B段,文科,,,478,10161,
3749001,齐鲁医药学院,2024,四川,本科批B段,文科,,,478,10161,
3750,山东女子学院,2024,四川,本科批B段,文科,,,487,35034,
3750001,山东女子学院,2024,四川,本科批B段,文科,,,487,35034,
3766,山东现代学院,2024,四川,本科批B段,文科,,,475,51347,
3766001,山东现代学院,2024,四川,本科批B段,文科,,,475,51347,
3775,齐鲁师范学院,2024,四川,本科批B段,文科,,,515,28682,
3775001,齐鲁师范学院,2024,四川,本科批B段,文科,,,515,28682,
3780,山东外国语职业技术大学,2024,四川,本科批B段,文科,,,468,66346,
3780001,山东外国语职业技术大学,2024,四川,本科批B段,文科,,,468,66346,
3781,山东工程职业技术大学,2024,四川,本科批B段,文科,,,464,69904,
3781001,山东工程职业技术大学,2024,四川,本科批B段,文科,,,464,69904,
3783,山东英才学院,2024,四川,本科批B段,文科,,,472,61891,
3783001,山东英才学院,2024,四川,本科批B段,文科,,,472,61891,
3784,烟台南山学院,2024,四川,本科批B段,文科,,,478,53051,
3784001,烟台南山学院,2024,四川,本科批B段,文科,,,478,53051,
3786,山东协和学院,2024,四川,本科批B段,文科,,,490,43651,
3786001,山东协和学院,2024,四川,本科批B段,文科,,,490,43651,
3790,青岛黄海学院,2024,四川,本科批B段,文科,,,476,54817,
3790001,青岛黄海学院,2024,四川,本科批B段,文科,,,476,54817,
3793,青岛滨海学院,2024,四川,本科批B段,文科,,,468,54817,
3793001,青岛滨海学院,2024,四川,本科批B段,文科,,,468,54817,
3794,山东管理学院,2024,四川,本科批B段,文科,,,505,32849,
3794001,山东管理学院,2024,四川,本科批B段,文科,,,505,32849,
3795,齐鲁理工学院,2024,四川,本科批B段,文科,,,483,53051,
3795001,齐鲁理工学院,2024,四川,本科批B段,文科,,,483,53051,
3797,青岛城市学院,2024,四川,本科批B段,文科,,,464,61041,
3797001,青岛城市学院,2024,四川,本科批B段,文科,,,464,61041,
3798,山东石油化工学院,2024,四川,本科批B段,文科,,,519,24855,
3798001,山东石油化工学院,2024,四川,本科批B段,文科,,,519,24855,
38,中国药科大学,2024,四川,本科批B段,文科,,,577,3727,
380,哈尔滨工业大学(威海),2024,四川,本科批B段,文科,,,596,1657,
380001,哈尔滨工业大学(威海),2024,四川,本科批B段,文科,,,596,1657,
38001,中国药科大学,2024,四川,本科批B段,文科,,,577,3727,
3805,上海理工大学,2024,四川,本科批B段,文科,,,548,7375,
3805001,上海理工大学,2024,四川,本科批B段,文科,,,548,7375,
381,防灾科技学院,2024,四川,本科批B段,文科,,,470,27305,
3810,皖西学院,2024,四川,本科批B段,文科,,,509,32170,
3810001,皖西学院,2024,四川,本科批B段,文科,,,509,32170,
381001,防灾科技学院,2024,四川,本科批B段,文科,,,470,27305,
3817,上海对外经贸大学,2024,四川,本科批B段,文科,,,553,5117,
3817001,上海对外经贸大学,2024,四川,本科批B段,文科,,,553,5117,
3823,上饶师范学院,2024,四川,本科批B段,文科,,,518,26673,
3823001,上饶师范学院,2024,四川,本科批B段,文科,,,518,26673,
3825,宁波大学,2024,四川,本科批B段,文科,,,544,13199,
3825001,宁波大学,2024,四川,本科批B段,文科,,,544,13199,
3827,安庆师范大学,2024,四川,本科批B段,文科,,,516,27305,
3827001,安庆师范大学,2024,四川,本科批B段,文科,,,516,27305,
3829,烟台理工学院,2024,四川,本科批B段,文科,,,482,53051,
3829001,烟台理工学院,2024,四川,本科批B段,文科,,,482,53051,
383,新疆政法学院,2024,四川,本科批B段,文科,,,508,24855,
3830,福建农林大学,2024,四川,本科批B段,文科,,,504,30072,
3830001,福建农林大学,2024,四川,本科批B段,文科,,,504,30072,
383001,新疆政法学院,2024,四川,本科批B段,文科,,,508,24855,
3839,南京审计大学,2024,四川,本科批B段,文科,,,574,4561,
3839001,南京审计大学,2024,四川,本科批B段,文科,,,574,4561,
3871,宿迁学院,2024,四川,本科批B段,文科,,,508,30072,
3871001,宿迁学院,2024,四川,本科批B段,文科,,,508,30072,
3884,仰恩大学,2024,四川,本科批B段,文科,,,491,46981,
3884001,仰恩大学,2024,四川,本科批B段,文科,,,491,46981,
3887,南京传媒学院,2024,四川,本科批B段,文科,,,487,50468,
3887001,南京传媒学院,2024,四川,本科批B段,文科,,,487,50468,
3889,江苏科技大学苏州理工学院,2024,四川,本科批B段,文科,,,482,48692,
3889001,江苏科技大学苏州理工学院,2024,四川,本科批B段,文科,,,482,48692,
3890,南京医科大学康达学院,2024,四川,本科批B段,文科,,,459,38837,
3890001,南京医科大学康达学院,2024,四川,本科批B段,文科,,,459,38837,
3891,南京理工大学紫金学院,2024,四川,本科批B段,文科,,,457,36484,
3891001,南京理工大学紫金学院,2024,四川,本科批B段,文科,,,457,36484,
3894,苏州城市学院,2024,四川,本科批B段,文科,,,515,20885,
3894001,苏州城市学院,2024,四川,本科批B段,文科,,,515,20885,
3895,苏州大学应用技术学院,2024,四川,本科批B段,文科,,,459,50468,
3895001,苏州大学应用技术学院,2024,四川,本科批B段,文科,,,459,50468,
3896,苏州科技大学天平学院,2024,四川,本科批B段,文科,,,457,61041,
3896001,苏州科技大学天平学院,2024,四川,本科批B段,文科,,,457,61041,
3897,扬州大学广陵学院,2024,四川,本科批B段,文科,,,459,40370,
3897001,扬州大学广陵学院,2024,四川,本科批B段,文科,,,459,40370,
3898,南通大学杏林学院,2024,四川,本科批B段,文科,,,461,45308,
3898001,南通大学杏林学院,2024,四川,本科批B段,文科,,,461,45308,
39,浙江大学,2024,四川,本科批B段,文科,,,627,94,
390,哈尔滨工业大学(深圳),2024,四川,本科批B段,文科,,,608,552,
390001,哈尔滨工业大学(深圳),2024,四川,本科批B段,文科,,,608,552,
39001,浙江大学,2024,四川,本科批B段,文科,,,627,94,
3907,曲阜师范大学,2024,四川,本科批B段,文科,,,527,21394,
3907001,曲阜师范大学,2024,四川,本科批B段,文科,,,527,21394,
3908,安徽艺术学院,2024,四川,本科批B段,文科,,,504,36484,
3908001,安徽艺术学院,2024,四川,本科批B段,文科,,,504,36484,
391,中华女子学院,2024,四川,本科批B段,文科,,,527,9812,
391001,中华女子学院,2024,四川,本科批B段,文科,,,553,9812,
391002,中华女子学院,2024,四川,本科批B段,文科,,,527,14426,
3915,南京师范大学泰州学院,2024,四川,本科批B段,文科,,,460,39618,
3915001,南京师范大学泰州学院,2024,四川,本科批B段,文科,,,460,39618,
3916,南京财经大学红山学院,2024,四川,本科批B段,文科,,,491,37298,
3916001,南京财经大学红山学院,2024,四川,本科批B段,文科,,,491,37298,
3917,江苏师范大学科文学院,2024,四川,本科批B段,文科,,,462,41181,
3917001,江苏师范大学科文学院,2024,四川,本科批B段,文科,,,462,41181,
3918,南京师范大学中北学院,2024,四川,本科批B段,文科,,,459,35743,
3918001,南京师范大学中北学院,2024,四川,本科批B段,文科,,,459,35743,
3922,扬州大学,2024,四川,本科批B段,文科,,,555,7375,
3922001,扬州大学,2024,四川,本科批B段,文科,,,555,7375,
3925,江苏大学京江学院,2024,四川,本科批B段,文科,,,478,40370,
3925001,江苏大学京江学院,2024,四川,本科批B段,文科,,,478,40370,
3932,南通理工学院,2024,四川,本科批B段,文科,,,471,62760,
3932001,南通理工学院,2024,四川,本科批B段,文科,,,471,62760,
3934,江西科技师范大学,2024,四川,本科批B段,文科,,,509,32849,
3934001,江西科技师范大学,2024,四川,本科批B段,文科,,,509,32849,
3937,上海大学,2024,四川,本科批B段,文科,,,577,3879,
3937001,上海大学,2024,四川,本科批B段,文科,,,577,3879,
3943,福建师范大学协和学院,2024,四川,本科批B段,文科,,,476,53051,
3943001,福建师范大学协和学院,2024,四川,本科批B段,文科,,,476,53051,
3960,浙江外国语学院,2024,四川,本科批B段,文科,,,530,19830,
3960001,浙江外国语学院,2024,四川,本科批B段,文科,,,530,19830,
397,中国劳动关系学院,2024,四川,本科批B段,文科,,,522,13199,
3970,潍坊科技学院,2024,四川,本科批B段,文科,,,480,55713,
3970001,潍坊科技学院,2024,四川,本科批B段,文科,,,480,55713,
397001,中国劳动关系学院,2024,四川,本科批B段,文科,,,522,13199,
3986,上海应用技术大学,2024,四川,本科批B段,文科,,,530,19830,
3986001,上海应用技术大学,2024,四川,本科批B段,文科,,,530,19830,
3987,铜陵学院,2024,四川,本科批B段,文科,,,518,26673,
3987001,铜陵学院,2024,四川,本科批B段,文科,,,518,26673,
3989,浙江财经大学,2024,四川,本科批B段,文科,,,529,11166,
3989001,浙江财经大学,2024,四川,本科批B段,文科,,,536,11166,
4,北京交通大学,2024,四川,本科批B段,文科,,,584,2382,
40,合肥工业大学,2024,四川,本科批B段,文科,,,572,3879,
40001,合肥工业大学,2024,四川,本科批B段,文科,,,572,3879,
4001,北京交通大学,2024,四川,本科批B段,文科,,,584,2382,
4011,江西师范大学,2024,四川,本科批B段,文科,,,537,14845,
4011001,江西师范大学,2024,四川,本科批B段,文科,,,537,14845,
41,厦门大学,2024,四川,本科批B段,文科,,,573,262,
410,北京体育大学,2024,四川,本科批B段,文科,,,532,17223,
410001,北京体育大学,2024,四川,本科批B段,文科,,,532,17223,
41001,厦门大学,2024,四川,本科批B段,文科,,,612,262,
4101,郑州大学,2024,四川,本科批B段,文科,,,567,2748,
4101001,郑州大学,2024,四川,本科批B段,文科,,,567,2748,
4102,河南理工大学,2024,四川,本科批B段,文科,,,518,20885,
4102001,河南理工大学,2024,四川,本科批B段,文科,,,518,20885,
4104,郑州轻工业大学,2024,四川,本科批B段,文科,,,528,17223,
4104001,郑州轻工业大学,2024,四川,本科批B段,文科,,,528,17223,
4105,河南工业大学,2024,四川,本科批B段,文科,,,533,11542,
4105001,河南工业大学,2024,四川,本科批B段,文科,,,533,11542,
4106,河南科技大学,2024,四川,本科批B段,文科,,,534,15334,
4106001,河南科技大学,2024,四川,本科批B段,文科,,,534,15334,
4107,中原工学院,2024,四川,本科批B段,文科,,,526,21982,
4107001,中原工学院,2024,四川,本科批B段,文科,,,526,21982,
4108,河南农业大学,2024,四川,本科批B段,文科,,,525,19830,
4108001,河南农业大学,2024,四川,本科批B段,文科,,,525,19830,
4109,河南牧业经济学院,2024,四川,本科批B段,文科,,,504,33589,
4109001,河南牧业经济学院,2024,四川,本科批B段,文科,,,504,33589,
4110,河南工程学院,2024,四川,本科批B段,文科,,,503,30758,
4110001,河南工程学院,2024,四川,本科批B段,文科,,,503,30758,
4111,河南中医药大学,2024,四川,本科批B段,文科,,,540,13591,
4111001,河南中医药大学,2024,四川,本科批B段,文科,,,540,13591,
4113,河南大学,2024,四川,本科批B段,文科,,,529,5117,
4113001,河南大学,2024,四川,本科批B段,文科,,,529,5117,
4115,河南师范大学,2024,四川,本科批B段,文科,,,536,15761,
4115001,河南师范大学,2024,四川,本科批B段,文科,,,536,15761,
4116,周口师范学院,2024,四川,本科批B段,文科,,,489,47829,
4116001,周口师范学院,2024,四川,本科批B段,文科,,,489,47829,
4118,南阳师范学院,2024,四川,本科批B段,文科,,,503,30758,
4118001,南阳师范学院,2024,四川,本科批B段,文科,,,503,30758,
4119,洛阳师范学院,2024,四川,本科批B段,文科,,,501,25441,
4119001,洛阳师范学院,2024,四川,本科批B段,文科,,,501,25441,
4121,河南财经政法大学,2024,四川,本科批B段,文科,,,549,6641,
4121001,河南财经政法大学,2024,四川,本科批B段,文科,,,549,6641,
4123,郑州航空工业管理学院,2024,四川,本科批B段,文科,,,509,24855,
4123001,郑州航空工业管理学院,2024,四川,本科批B段,文科,,,509,24855,
4124,安阳师范学院,2024,四川,本科批B段,文科,,,511,25441,
4124001,安阳师范学院,2024,四川,本科批B段,文科,,,511,25441,
4126,郑州师范学院,2024,四川,本科批B段,文科,,,513,30072,
4126001,郑州师范学院,2024,四川,本科批B段,文科,,,513,30072,
4128,黄淮学院,2024,四川,本科批B段,文科,,,505,31464,
4128001,黄淮学院,2024,四川,本科批B段,文科,,,505,31464,
4129,郑州工程技术学院,2024,四川,本科批B段,文科,,,468,37298,
4129001,郑州工程技术学院,2024,四川,本科批B段,文科,,,468,37298,
4131,洛阳理工学院,2024,四川,本科批B段,文科,,,508,27969,
4131001,洛阳理工学院,2024,四川,本科批B段,文科,,,508,27969,
4133,河南财政金融学院,2024,四川,本科批B段,文科,,,510,22548,
4133001,河南财政金融学院,2024,四川,本科批B段,文科,,,510,22548,
4135,信阳农林学院,2024,四川,本科批B段,文科,,,495,35743,
4135001,信阳农林学院,2024,四川,本科批B段,文科,,,495,35743,
4141,信阳师范大学,2024,四川,本科批B段,文科,,,499,40370,
4141001,信阳师范大学,2024,四川,本科批B段,文科,,,499,40370,
4142,商丘师范学院,2024,四川,本科批B段,文科,,,501,29427,
4142001,商丘师范学院,2024,四川,本科批B段,文科,,,501,29427,
4146,南阳理工学院,2024,四川,本科批B段,文科,,,503,32170,
4146001,南阳理工学院,2024,四川,本科批B段,文科,,,503,32170,
4147,河南城建学院,2024,四川,本科批B段,文科,,,504,36484,
4147001,河南城建学院,2024,四川,本科批B段,文科,,,504,36484,
4150,郑州商学院,2024,四川,本科批B段,文科,,,485,47829,
4150001,郑州商学院,2024,四川,本科批B段,文科,,,485,47829,
4151,平顶山学院,2024,四川,本科批B段,文科,,,497,41989,
4151001,平顶山学院,2024,四川,本科批B段,文科,,,497,41989,
4162,郑州财经学院,2024,四川,本科批B段,文科,,,485,44438,
4162001,郑州财经学院,2024,四川,本科批B段,文科,,,485,44438,
4165,郑州科技学院,2024,四川,本科批B段,文科,,,468,67271,
4165001,郑州科技学院,2024,四川,本科批B段,文科,,,468,67271,
4177,郑州工业应用技术学院,2024,四川,本科批B段,文科,,,459,75066,
4177001,郑州工业应用技术学院,2024,四川,本科批B段,文科,,,459,75066,
4181,黄河科技学院,2024,四川,本科批B段,文科,,,476,56546,
4181001,黄河科技学院,2024,四川,本科批B段,文科,,,476,56546,
4183,郑州经贸学院,2024,四川,本科批B段,文科,,,483,52184,
4183001,郑州经贸学院,2024,四川,本科批B段,文科,,,483,52184,
4185,郑州升达经贸管理学院,2024,四川,本科批B段,文科,,,479,46981,
4185001,郑州升达经贸管理学院,2024,四川,本科批B段,文科,,,479,46981,
4190,中原科技学院,2024,四川,本科批B段,文科,,,494,43651,
4190001,中原科技学院,2024,四川,本科批B段,文科,,,494,43651,
4192,河南科技学院,2024,四川,本科批B段,文科,,,461,44438,
4192001,河南科技学院,2024,四川,本科批B段,文科,,,461,44438,
42,山东大学,2024,四川,本科批B段,文科,,,553,1042,
42001,山东大学,2024,四川,本科批B段,文科,,,594,1042,
4201,长江大学,2024,四川,本科批B段,文科,,,544,10161,
4201001,长江大学,2024,四川,本科批B段,文科,,,544,10161,
4202,武汉工程大学,2024,四川,本科批B段,文科,,,550,8836,
4202001,武汉工程大学,2024,四川,本科批B段,文科,,,550,8836,
4203,湖北大学,2024,四川,本科批B段,文科,,,558,5117,
4203001,湖北大学,2024,四川,本科批B段,文科,,,558,5117,
4204,武汉纺织大学,2024,四川,本科批B段,文科,,,536,16710,
4204001,武汉纺织大学,2024,四川,本科批B段,文科,,,536,16710,
4205,武汉轻工大学,2024,四川,本科批B段,文科,,,530,18747,
4205001,武汉轻工大学,2024,四川,本科批B段,文科,,,530,18747,
4207,湖北工业大学,2024,四川,本科批B段,文科,,,536,13199,
4207001,湖北工业大学,2024,四川,本科批B段,文科,,,536,13199,
4208,湖北中医药大学,2024,四川,本科批B段,文科,,,516,11166,
4208001,湖北中医药大学,2024,四川,本科批B段,文科,,,516,11166,
4209,湖北师范大学,2024,四川,本科批B段,文科,,,521,16236,
4209001,湖北师范大学,2024,四川,本科批B段,文科,,,521,16236,
4213,湖北民族大学,2024,四川,本科批B段,文科,,,455,26673,
4213001,湖北民族大学,2024,四川,本科批B段,文科,,,482,26673,
4214,汉江师范学院,2024,四川,本科批B段,文科,,,485,23679,
4214001,汉江师范学院,2024,四川,本科批B段,文科,,,485,23679,
4215,湖北文理学院,2024,四川,本科批B段,文科,,,515,24218,
4215001,湖北文理学院,2024,四川,本科批B段,文科,,,515,24218,
4216,武汉体育学院,2024,四川,本科批B段,文科,,,505,29427,
4216001,武汉体育学院,2024,四川,本科批B段,文科,,,505,29427,
4218,湖北美术学院,2024,四川,本科批B段,文科,,,529,20373,
4218001,湖北美术学院,2024,四川,本科批B段,文科,,,529,20373,
4219,湖北工程学院,2024,四川,本科批B段,文科,,,506,24218,
4219001,湖北工程学院,2024,四川,本科批B段,文科,,,506,24218,
4220,湖北第二师范学院,2024,四川,本科批B段,文科,,,514,23127,
4220001,湖北第二师范学院,2024,四川,本科批B段,文科,,,514,23127,
4223,湖北理工学院,2024,四川,本科批B段,文科,,,508,32170,
4223001,湖北理工学院,2024,四川,本科批B段,文科,,,508,32170,
4225,湖北医药学院,2024,四川,本科批B段,文科,,,502,31464,
4225001,湖北医药学院,2024,四川,本科批B段,文科,,,502,31464,
4226,武昌工学院,2024,四川,本科批B段,文科,,,477,54817,
4226001,武昌工学院,2024,四川,本科批B段,文科,,,477,54817,
4227,湖北大学知行学院,2024,四川,本科批B段,文科,,,491,36484,
4227001,湖北大学知行学院,2024,四川,本科批B段,文科,,,491,36484,
4237,武汉商学院,2024,四川,本科批B段,文科,,,505,32849,
4237001,武汉商学院,2024,四川,本科批B段,文科,,,505,32849,
4239,武汉科技大学,2024,四川,本科批B段,文科,,,546,9812,
4239001,武汉科技大学,2024,四川,本科批B段,文科,,,546,9812,
4240,武汉学院,2024,四川,本科批B段,文科,,,482,48692,
4240001,武汉学院,2024,四川,本科批B段,文科,,,482,48692,
4241,三峡大学,2024,四川,本科批B段,文科,,,508,15761,
4241001,三峡大学,2024,四川,本科批B段,文科,,,530,15761,
4244,湖北经济学院,2024,四川,本科批B段,文科,,,521,16236,
4244001,湖北经济学院,2024,四川,本科批B段,文科,,,521,16236,
4246,武汉工程科技学院,2024,四川,本科批B段,文科,,,478,54817,
4246001,武汉工程科技学院,2024,四川,本科批B段,文科,,,478,54817,
4247,武昌理工学院,2024,四川,本科批B段,文科,,,491,46106,
4247001,武昌理工学院,2024,四川,本科批B段,文科,,,491,46106,
4248,三峡大学科技学院,2024,四川,本科批B段,文科,,,498,39618,
4248001,三峡大学科技学院,2024,四川,本科批B段,文科,,,498,39618,
4250,湖北商贸学院,2024,四川,本科批B段,文科,,,484,53051,
4250001,湖北商贸学院,2024,四川,本科批B段,文科,,,484,53051,
4257,荆楚理工学院,2024,四川,本科批B段,文科,,,502,30758,
4257001,荆楚理工学院,2024,四川,本科批B段,文科,,,502,30758,
4261,武汉生物工程学院,2024,四川,本科批B段,文科,,,483,38040,
4261001,武汉生物工程学院,2024,四川,本科批B段,文科,,,483,38040,
4276,黄冈师范学院,2024,四川,本科批B段,文科,,,457,48692,
4276001,黄冈师范学院,2024,四川,本科批B段,文科,,,461,37298,
4278,湖北科技学院,2024,四川,本科批B段,文科,,,510,31464,
4278001,湖北科技学院,2024,四川,本科批B段,文科,,,510,31464,
4288,武昌首义学院,2024,四川,本科批B段,文科,,,486,35743,
4288001,武昌首义学院,2024,四川,本科批B段,文科,,,486,35743,
4289,武汉工程大学邮电与信息工程学院,2024,四川,本科批B段,文科,,,467,48692,
4289001,武汉工程大学邮电与信息工程学院,2024,四川,本科批B段,文科,,,467,48692,
4291,武汉传媒学院,2024,四川,本科批B段,文科,,,480,56546,
4291001,武汉传媒学院,2024,四川,本科批B段,文科,,,480,56546,
4292,湖北经济学院法商学院,2024,四川,本科批B段,文科,,,478,56546,
4292001,湖北经济学院法商学院,2024,四川,本科批B段,文科,,,478,56546,
4293,武汉体育学院体育科技学院,2024,四川,本科批B段,文科,,,475,56546,
4293001,武汉体育学院体育科技学院,2024,四川,本科批B段,文科,,,475,56546,
4295,湖北文理学院理工学院,2024,四川,本科批B段,文科,,,493,45308,
4295001,湖北文理学院理工学院,2024,四川,本科批B段,文科,,,493,45308,
4296,武汉城市学院,2024,四川,本科批B段,文科,,,479,41989,
4296001,武汉城市学院,2024,四川,本科批B段,文科,,,479,41989,
4298,武汉晴川学院,2024,四川,本科批B段,文科,,,475,58346,
4298001,武汉晴川学院,2024,四川,本科批B段,文科,,,475,58346,
4299,武汉工商学院,2024,四川,本科批B段,文科,,,487,43651,
4299001,武汉工商学院,2024,四川,本科批B段,文科,,,487,43651,
43,中国海洋大学,2024,四川,本科批B段,文科,,,542,1657,
43001,中国海洋大学,2024,四川,本科批B段,文科,,,590,1657,
4301,湘潭大学,2024,四川,本科批B段,文科,,,556,4213,
4301001,湘潭大学,2024,四川,本科批B段,文科,,,556,4213,
4302,吉首大学,2024,四川,本科批B段,文科,,,462,23127,
4302001,吉首大学,2024,四川,本科批B段,文科,,,515,23127,
4304,湖南科技大学,2024,四川,本科批B段,文科,,,543,9153,
4304001,湖南科技大学,2024,四川,本科批B段,文科,,,543,9153,
4306,长沙理工大学,2024,四川,本科批B段,文科,,,553,6641,
4306001,长沙理工大学,2024,四川,本科批B段,文科,,,553,6641,
4307,湖南农业大学,2024,四川,本科批B段,文科,,,525,17719,
4307001,湖南农业大学,2024,四川,本科批B段,文科,,,525,17719,
4308,中南林业科技大学,2024,四川,本科批B段,文科,,,536,12748,
4308001,中南林业科技大学,2024,四川,本科批B段,文科,,,536,12748,
4310,湖南中医药大学,2024,四川,本科批B段,文科,,,518,3564,
4310001,湖南中医药大学,2024,四川,本科批B段,文科,,,572,3564,
4310002,湖南中医药大学,2024,四川,本科批B段,文科,,,518,20373,
4311,湖南师范大学,2024,四川,本科批B段,文科,,,577,3150,
4311001,湖南师范大学,2024,四川,本科批B段,文科,,,577,3150,
4314,湘南学院,2024,四川,本科批B段,文科,,,475,31464,
4314001,湘南学院,2024,四川,本科批B段,文科,,,475,31464,
4315,衡阳师范学院,2024,四川,本科批B段,文科,,,472,24855,
4315001,衡阳师范学院,2024,四川,本科批B段,文科,,,472,24855,
4317,怀化学院,2024,四川,本科批B段,文科,,,514,26673,
4317001,怀化学院,2024,四川,本科批B段,文科,,,514,26673,
4318,湖南文理学院,2024,四川,本科批B段,文科,,,507,29427,
4318001,湖南文理学院,2024,四川,本科批B段,文科,,,507,29427,
4319,湖南科技学院,2024,四川,本科批B段,文科,,,509,30758,
4319001,湖南科技学院,2024,四川,本科批B段,文科,,,509,30758,
4321,湖南工商大学,2024,四川,本科批B段,文科,,,532,14845,
4321001,湖南工商大学,2024,四川,本科批B段,文科,,,539,15334,
4321002,湖南工商大学,2024,四川,本科批B段,文科,,,532,14845,
4330,湖南警察学院,2024,四川,本科批B段,文科,,,527,17223,
4330001,湖南警察学院,2024,四川,本科批B段,文科,,,527,17223,
4331,湖南城市学院,2024,四川,本科批B段,文科,,,505,32849,
4331001,湖南城市学院,2024,四川,本科批B段,文科,,,505,32849,
4332,长沙学院,2024,四川,本科批B段,文科,,,527,21394,
4332001,长沙学院,2024,四川,本科批B段,文科,,,527,21394,
4333,湖南财政经济学院,2024,四川,本科批B段,文科,,,524,20885,
4333001,湖南财政经济学院,2024,四川,本科批B段,文科,,,524,20885,
4335,湖南工业大学,2024,四川,本科批B段,文科,,,494,13989,
4335001,湖南工业大学,2024,四川,本科批B段,文科,,,536,13989,
4341,湖南工程学院,2024,四川,本科批B段,文科,,,507,29427,
4341001,湖南工程学院,2024,四川,本科批B段,文科,,,507,29427,
4343,邵阳学院,2024,四川,本科批B段,文科,,,495,28682,
4343001,邵阳学院,2024,四川,本科批B段,文科,,,495,28682,
4344,湖南文理学院芙蓉学院,2024,四川,本科批B段,文科,,,496,39618,
4344001,湖南文理学院芙蓉学院,2024,四川,本科批B段,文科,,,496,39618,
4347,长沙师范学院,2024,四川,本科批B段,文科,,,470,65445,
4347001,长沙师范学院,2024,四川,本科批B段,文科,,,470,65445,
4353,长沙医学院,2024,四川,本科批B段,文科,,,515,13591,
4353001,长沙医学院,2024,四川,本科批B段,文科,,,515,13591,
4354,湖南应用技术学院,2024,四川,本科批B段,文科,,,481,48692,
4354001,湖南应用技术学院,2024,四川,本科批B段,文科,,,481,48692,
4357,湖南医药学院,2024,四川,本科批B段,文科,,,525,22548,
4357001,湖南医药学院,2024,四川,本科批B段,文科,,,525,22548,
4365,湖南涉外经济学院,2024,四川,本科批B段,文科,,,466,68160,
4365001,湖南涉外经济学院,2024,四川,本科批B段,文科,,,466,68160,
4393,湖南工业大学科技学院,2024,四川,本科批B段,文科,,,492,41989,
4393001,湖南工业大学科技学院,2024,四川,本科批B段,文科,,,492,41989,
4395,南华大学船山学院,2024,四川,本科批B段,文科,,,492,44438,
4395001,南华大学船山学院,2024,四川,本科批B段,文科,,,492,44438,
4397,长沙理工大学城南学院,2024,四川,本科批B段,文科,,,502,35743,
4397001,长沙理工大学城南学院,2024,四川,本科批B段,文科,,,502,35743,
4399,衡阳师范学院南岳学院,2024,四川,本科批B段,文科,,,501,36484,
4399001,衡阳师范学院南岳学院,2024,四川,本科批B段,文科,,,501,36484,
44,中国石油大学(华东),2024,四川,本科批B段,文科,,,578,3014,
44001,中国石油大学(华东),2024,四川,本科批B段,文科,,,578,3014,
4402,汕头大学,2024,四川,本科批B段,文科,,,564,4939,
4402001,汕头大学,2024,四川,本科批B段,文科,,,564,4939,
4405,广州大学,2024,四川,本科批B段,文科,,,567,4561,
4405001,广州大学,2024,四川,本科批B段,文科,,,567,4561,
4406,广东海洋大学,2024,四川,本科批B段,文科,,,523,18257,
4406001,广东海洋大学,2024,四川,本科批B段,文科,,,523,18257,
4408,广州中医药大学,2024,四川,本科批B段,文科,,,575,2629,
4408001,广州中医药大学,2024,四川,本科批B段,文科,,,575,2629,
4410,华南师范大学,2024,四川,本科批B段,文科,,,581,2276,
4410001,华南师范大学,2024,四川,本科批B段,文科,,,581,2276,
4412,韶关学院,2024,四川,本科批B段,文科,,,501,38837,
4412001,韶关学院,2024,四川,本科批B段,文科,,,501,38837,
4415,岭南师范学院,2024,四川,本科批B段,文科,,,507,33589,
4415001,岭南师范学院,2024,四川,本科批B段,文科,,,507,33589,
4417,嘉应学院,2024,四川,本科批B段,文科,,,493,45308,
4417001,嘉应学院,2024,四川,本科批B段,文科,,,493,45308,
4424,深圳大学,2024,四川,本科批B段,文科,,,584,2276,
4424001,深圳大学,2024,四川,本科批B段,文科,,,584,2276,
4425,广东警官学院,2024,四川,本科批B段,文科,,,538,15761,
4425001,广东警官学院,2024,四川,本科批B段,文科,,,538,15761,
4426,广东财经大学,2024,四川,本科批B段,文科,,,569,4561,
4426001,广东财经大学,2024,四川,本科批B段,文科,,,569,4561,
4427,广东金融学院,2024,四川,本科批B段,文科,,,531,14845,
4427001,广东金融学院,2024,四川,本科批B段,文科,,,531,14845,
4432,东莞理工学院,2024,四川,本科批B段,文科,,,516,20373,
4432001,东莞理工学院,2024,四川,本科批B段,文科,,,529,20373,
4432002,东莞理工学院,2024,四川,本科批B段,文科,,,516,27969,
4434,韩山师范学院,2024,四川,本科批B段,文科,,,505,35034,
4434001,韩山师范学院,2024,四川,本科批B段,文科,,,505,35034,
4437,广东外语外贸大学,2024,四川,本科批B段,文科,,,561,4561,
4437001,广东外语外贸大学,2024,四川,本科批B段,文科,,,561,4561,
4438,广东工业大学,2024,四川,本科批B段,文科,,,548,9812,
4438001,广东工业大学,2024,四川,本科批B段,文科,,,548,9812,
4439,南方医科大学,2024,四川,本科批B段,文科,,,563,1948,
4439001,南方医科大学,2024,四川,本科批B段,文科,,,563,1948,
4441,北京师范大学-香港浸会大学联合国际学院,2024,四川,本科批B段,文科,,,548,10804,
4441001,北京师范大学-香港浸会大学联合国际学院,2024,四川,本科批B段,文科,,,548,10804,
4442,珠海科技学院,2024,四川,本科批B段,文科,,,495,35743,
4442001,珠海科技学院,2024,四川,本科批B段,文科,,,495,35743,
4444,五邑大学,2024,四川,本科批B段,文科,,,530,19830,
4444001,五邑大学,2024,四川,本科批B段,文科,,,530,19830,
4445,广州应用科技学院,2024,四川,本科批B段,文科,,,467,67271,
4445001,广州应用科技学院,2024,四川,本科批B段,文科,,,467,67271,
4448,广东工商职业技术大学,2024,四川,本科批B段,文科,,,461,72470,
4448001,广东工商职业技术大学,2024,四川,本科批B段,文科,,,461,72470,
4450,广东科技学院,2024,四川,本科批B段,文科,,,460,71598,
4450001,广东科技学院,2024,四川,本科批B段,文科,,,460,71598,
4452,广东白云学院,2024,四川,本科批B段,文科,,,473,53924,
4452001,广东白云学院,2024,四川,本科批B段,文科,,,473,53924,
4454,广东技术师范大学,2024,四川,本科批B段,文科,,,524,19830,
4454001,广东技术师范大学,2024,四川,本科批B段,文科,,,524,19830,
4461,广州商学院,2024,四川,本科批B段,文科,,,477,51347,
4461001,广州商学院,2024,四川,本科批B段,文科,,,477,51347,
4469,广州工商学院,2024,四川,本科批B段,文科,,,462,71598,
4469001,广州工商学院,2024,四川,本科批B段,文科,,,462,71598,
4477,广州科技职业技术大学,2024,四川,本科批B段,文科,,,464,70753,
4477001,广州科技职业技术大学,2024,四川,本科批B段,文科,,,464,70753,
4489,广州软件学院,2024,四川,本科批B段,文科,,,465,69041,
4489001,广州软件学院,2024,四川,本科批B段,文科,,,465,69041,
4490,广州新华学院,2024,四川,本科批B段,文科,,,458,48692,
4490001,广州新华学院,2024,四川,本科批B段,文科,,,458,48692,
4491,湛江科技学院,2024,四川,本科批B段,文科,,,457,73354,
4491001,湛江科技学院,2024,四川,本科批B段,文科,,,457,73354,
4492,广州南方学院,2024,四川,本科批B段,文科,,,476,51347,
4492001,广州南方学院,2024,四川,本科批B段,文科,,,476,51347,
4493,广东外语外贸大学南国商学院,2024,四川,本科批B段,文科,,,465,47829,
4493001,广东外语外贸大学南国商学院,2024,四川,本科批B段,文科,,,465,47829,
4494,广州城市理工学院,2024,四川,本科批B段,文科,,,465,59191,
4494001,广州城市理工学院,2024,四川,本科批B段,文科,,,465,59191,
4496,东莞城市学院,2024,四川,本科批B段,文科,,,464,67271,
4496001,东莞城市学院,2024,四川,本科批B段,文科,,,464,67271,
4498,广州华立学院,2024,四川,本科批B段,文科,,,465,69904,
4498001,广州华立学院,2024,四川,本科批B段,文科,,,465,69904,
45,武汉大学,2024,四川,本科批B段,文科,,,618,175,
45001,武汉大学,2024,四川,本科批B段,文科,,,618,175,
4501,广西大学,2024,四川,本科批B段,文科,,,570,3879,
4501001,广西大学,2024,四川,本科批B段,文科,,,570,3879,
4502,广西科技大学,2024,四川,本科批B段,文科,,,508,32170,
4502001,广西科技大学,2024,四川,本科批B段,文科,,,508,32170,
4503,桂林电子科技大学,2024,四川,本科批B段,文科,,,407,116579,
4504,桂林理工大学,2024,四川,本科批B段,文科,,,494,19272,
4504001,桂林理工大学,2024,四川,本科批B段,文科,,,494,19272,
4505,广西财经学院,2024,四川,本科批B段,文科,,,508,24855,
4505001,广西财经学院,2024,四川,本科批B段,文科,,,508,24855,
4508,广西中医药大学,2024,四川,本科批B段,文科,,,544,13199,
4508001,广西中医药大学,2024,四川,本科批B段,文科,,,544,13199,
4510,广西师范大学,2024,四川,本科批B段,文科,,,457,19272,
4510001,广西师范大学,2024,四川,本科批B段,文科,,,457,19272,
4513,南宁师范大学,2024,四川,本科批B段,文科,,,494,18257,
4513001,南宁师范大学,2024,四川,本科批B段,文科,,,494,18257,
4514,玉林师范学院,2024,四川,本科批B段,文科,,,506,35034,
4514001,玉林师范学院,2024,四川,本科批B段,文科,,,506,35034,
4517,南宁学院,2024,四川,本科批B段,文科,,,473,61041,
4517001,南宁学院,2024,四川,本科批B段,文科,,,473,61041,
4518,广西民族大学,2024,四川,本科批B段,文科,,,502,19272,
4518001,广西民族大学,2024,四川,本科批B段,文科,,,502,19272,
4520,桂林航天工业学院,2024,四川,本科批B段,文科,,,504,34328,
4520001,桂林航天工业学院,2024,四川,本科批B段,文科,,,504,34328,
4521,河池学院,2024,四川,本科批B段,文科,,,499,32170,
4521001,河池学院,2024,四川,本科批B段,文科,,,499,32170,
4523,百色学院,2024,四川,本科批B段,文科,,,506,33589,
4523001,百色学院,2024,四川,本科批B段,文科,,,506,33589,
4525,桂林旅游学院,2024,四川,本科批B段,文科,,,504,33589,
4525001,桂林旅游学院,2024,四川,本科批B段,文科,,,504,33589,
4528,北部湾大学,2024,四川,本科批B段,文科,,,508,27969,
4528001,北部湾大学,2024,四川,本科批B段,文科,,,508,27969,
4532,广西科技师范学院,2024,四川,本科批B段,文科,,,502,30072,
4532001,广西科技师范学院,2024,四川,本科批B段,文科,,,502,30072,
4545,梧州学院,2024,四川,本科批B段,文科,,,507,28682,
4545001,梧州学院,2024,四川,本科批B段,文科,,,507,28682,
4546,贺州学院,2024,四川,本科批B段,文科,,,500,36484,
4546001,贺州学院,2024,四川,本科批B段,文科,,,500,36484,
4562,北海艺术设计学院,2024,四川,本科批B段,文科,,,471,61041,
4562001,北海艺术设计学院,2024,四川,本科批B段,文科,,,471,61041,
4566,广西外国语学院,2024,四川,本科批B段,文科,,,469,55713,
4566001,广西外国语学院,2024,四川,本科批B段,文科,,,469,55713,
4567,广西城市职业大学,2024,四川,本科批B段,文科,,,465,68160,
4567001,广西城市职业大学,2024,四川,本科批B段,文科,,,465,68160,
457,西南民族大学,2024,四川,本科批B段,文科,,,495,43651,
457001,西南民族大学,2024,四川,本科批B段,文科,,,495,43651,
4583,广西民族师范学院,2024,四川,本科批B段,文科,,,499,35034,
4583001,广西民族师范学院,2024,四川,本科批B段,文科,,,499,35034,
4591,桂林信息科技学院,2024,四川,本科批B段,文科,,,464,67271,
4591001,桂林信息科技学院,2024,四川,本科批B段,文科,,,464,67271,
4595,广西民族大学相思湖学院,2024,四川,本科批B段,文科,,,483,43651,
4595001,广西民族大学相思湖学院,2024,四川,本科批B段,文科,,,483,43651,
4596,南宁理工学院,2024,四川,本科批B段,文科,,,476,59191,
4596001,南宁理工学院,2024,四川,本科批B段,文科,,,476,59191,
46,中国地质大学(武汉),2024,四川,本科批B段,文科,,,560,3014,
46001,中国地质大学(武汉),2024,四川,本科批B段,文科,,,560,3014,
4605,海南大学,2024,四川,本科批B段,文科,,,558,3727,
4605001,海南大学,2024,四川,本科批B段,文科,,,558,3727,
4608,广西中医药大学,2024,四川,本科批B段,文科,,,500,39618,
4608001,广西中医药大学,2024,四川,本科批B段,文科,,,500,39618,
4611,海南热带海洋学院,2024,四川,本科批B段,文科,,,499,31464,
4611001,海南热带海洋学院,2024,四川,本科批B段,文科,,,499,31464,
4613,厦门理工学院,2024,四川,本科批B段,文科,,,521,24855,
4613001,厦门理工学院,2024,四川,本科批B段,文科,,,521,24855,
4615,海南师范大学,2024,四川,本科批B段,文科,,,529,12361,
4615001,海南师范大学,2024,四川,本科批B段,文科,,,529,12361,
4617,海南医科大学,2024,四川,本科批B段,文科,,,514,29427,
4617001,海南医科大学,2024,四川,本科批B段,文科,,,514,29427,
4618,琼台师范学院,2024,四川,本科批B段,文科,,,475,38040,
4618001,琼台师范学院,2024,四川,本科批B段,文科,,,475,38040,
4620,湖南人文科技学院,2024,四川,本科批B段,文科,,,484,53051,
4620001,湖南人文科技学院,2024,四川,本科批B段,文科,,,484,53051,
4652,海口经济学院,2024,四川,本科批B段,文科,,,462,69041,
4652001,海口经济学院,2024,四川,本科批B段,文科,,,462,69041,
4677,海南科技职业大学,2024,四川,本科批B段,文科,,,462,69904,
4677001,海南科技职业大学,2024,四川,本科批B段,文科,,,462,69904,
4691,三亚学院,2024,四川,本科批B段,文科,,,457,60118,
4691001,三亚学院,2024,四川,本科批B段,文科,,,457,60118,
47,华中农业大学,2024,四川,本科批B段,文科,,,578,3150,
47001,华中农业大学,2024,四川,本科批B段,文科,,,578,3150,
4708,中南林业科技大学,2024,四川,本科批B段,文科,,,537,13989,
4708001,中南林业科技大学,2024,四川,本科批B段,文科,,,537,13989,
4751,海南师范大学,2024,四川,本科批B段,文科,,,529,20373,
4751001,海南师范大学,2024,四川,本科批B段,文科,,,529,20373,
4761,武汉纺织大学外经贸学院,2024,四川,本科批B段,文科,,,472,63681,
4761001,武汉纺织大学外经贸学院,2024,四川,本科批B段,文科,,,472,63681,
4762,文华学院,2024,四川,本科批B段,文科,,,485,43651,
4762001,文华学院,2024,四川,本科批B段,文科,,,485,43651,
4764,湖南女子学院,2024,四川,本科批B段,文科,,,508,30072,
4764001,湖南女子学院,2024,四川,本科批B段,文科,,,508,30072,
4782,广东理工学院,2024,四川,本科批B段,文科,,,464,69904,
4782001,广东理工学院,2024,四川,本科批B段,文科,,,464,69904,
4790,深圳技术大学,2024,四川,本科批B段,文科,,,556,6641,
4790001,深圳技术大学,2024,四川,本科批B段,文科,,,556,6641,
4791,三亚学院,2024,四川,本科批B段,文科,,,462,72470,
4791001,三亚学院,2024,四川,本科批B段,文科,,,462,72470,
4795,广西财经学院,2024,四川,本科批B段,文科,,,519,26048,
4795001,广西财经学院,2024,四川,本科批B段,文科,,,519,26048,
4797,郑州西亚斯学院,2024,四川,本科批B段,文科,,,460,45308,
4797001,郑州西亚斯学院,2024,四川,本科批B段,文科,,,460,45308,
48,华中师范大学,2024,四川,本科批B段,文科,,,576,1948,
48001,华中师范大学,2024,四川,本科批B段,文科,,,582,1948,
4819,广西民族大学,2024,四川,本科批B段,文科,,,493,39618,
4819001,广西民族大学,2024,四川,本科批B段,文科,,,493,39618,
4865,湖北恩施学院,2024,四川,本科批B段,文科,,,457,42811,
4865001,湖北恩施学院,2024,四川,本科批B段,文科,,,457,42811,
4868,湖北医药学院药护学院,2024,四川,本科批B段,文科,,,503,37298,
4868001,湖北医药学院药护学院,2024,四川,本科批B段,文科,,,503,37298,
4869,湖北师范大学文理学院,2024,四川,本科批B段,文科,,,483,46981,
4869001,湖北师范大学文理学院,2024,四川,本科批B段,文科,,,483,46981,
4873,长江大学文理学院,2024,四川,本科批B段,文科,,,491,41989,
4873001,长江大学文理学院,2024,四川,本科批B段,文科,,,491,41989,
4876,湖北工业大学工程技术学院,2024,四川,本科批B段,文科,,,479,54817,
4876001,湖北工业大学工程技术学院,2024,四川,本科批B段,文科,,,479,54817,
4877,武汉华夏理工学院,2024,四川,本科批B段,文科,,,473,59191,
4877001,武汉华夏理工学院,2024,四川,本科批B段,文科,,,473,59191,
4889,信阳学院,2024,四川,本科批B段,文科,,,497,41989,
4889001,信阳学院,2024,四川,本科批B段,文科,,,497,41989,
4890,海南热带海洋学院,2024,四川,本科批B段,文科,,,458,43651,
4890001,海南热带海洋学院,2024,四川,本科批B段,文科,,,458,43651,
4893,广西农业职业技术大学,2024,四川,本科批B段,文科,,,493,45308,
4893001,广西农业职业技术大学,2024,四川,本科批B段,文科,,,493,45308,
4898,武汉东湖学院,2024,四川,本科批B段,文科,,,486,47829,
4898001,武汉东湖学院,2024,四川,本科批B段,文科,,,486,47829,
49,湖南大学,2024,四川,本科批B段,文科,,,547,741,
49001,湖南大学,2024,四川,本科批B段,文科,,,598,741,
4905,海南大学,2024,四川,本科批B段,文科,,,535,11941,
4905001,海南大学,2024,四川,本科批B段,文科,,,535,11941,
4906,肇庆学院,2024,四川,本科批B段,文科,,,516,27969,
4906001,肇庆学院,2024,四川,本科批B段,文科,,,516,27969,
4907,湖南农业大学,2024,四川,本科批B段,文科,,,493,45308,
4907001,湖南农业大学,2024,四川,本科批B段,文科,,,493,45308,
4949,武汉轻工大学,2024,四川,本科批B段,文科,,,467,68160,
4949001,武汉轻工大学,2024,四川,本科批B段,文科,,,467,68160,
4961,湖南农业大学东方科技学院,2024,四川,本科批B段,文科,,,493,45308,
4961001,湖南农业大学东方科技学院,2024,四川,本科批B段,文科,,,493,45308,
4964,湖南科技大学潇湘学院,2024,四川,本科批B段,文科,,,499,31464,
4964001,湖南科技大学潇湘学院,2024,四川,本科批B段,文科,,,499,31464,
4969,湖南交通工程学院,2024,四川,本科批B段,文科,,,469,63681,
4969001,湖南交通工程学院,2024,四川,本科批B段,文科,,,469,63681,
5,北京科技大学,2024,四川,本科批B段,文科,,,579,2509,
50,中山大学,2024,四川,本科批B段,文科,,,612,372,
50001,中山大学,2024,四川,本科批B段,文科,,,612,372,
5001,北京科技大学,2024,四川,本科批B段,文科,,,579,2509,
5001001,重庆邮电大学,2024,四川,本科批B段,文科,,,563,4213,
5002,重庆交通大学,2024,四川,本科批B段,文科,,,545,7650,
5002001,重庆交通大学,2024,四川,本科批B段,文科,,,545,7650,
5008,重庆医科大学,2024,四川,本科批B段,文科,,,524,20373,
5008001,重庆医科大学,2024,四川,本科批B段,文科,,,524,20373,
5010,重庆师范大学,2024,四川,本科批B段,文科,,,525,7650,
5010001,重庆师范大学,2024,四川,本科批B段,文科,,,538,7650,
5010002,重庆师范大学,2024,四川,本科批B段,文科,,,525,22548,
5012,重庆文理学院,2024,四川,本科批B段,文科,,,518,23679,
5012001,重庆文理学院,2024,四川,本科批B段,文科,,,518,23679,
5013,重庆三峡学院,2024,四川,本科批B段,文科,,,514,23679,
5013001,重庆三峡学院,2024,四川,本科批B段,文科,,,514,23679,
5014,长江师范学院,2024,四川,本科批B段,文科,,,524,19830,
5014001,长江师范学院,2024,四川,本科批B段,文科,,,524,19830,
5015,四川外国语大学,2024,四川,本科批B段,文科,,,527,7375,
5015001,四川外国语大学,2024,四川,本科批B段,文科,,,551,7375,
5015002,四川外国语大学,2024,四川,本科批B段,文科,,,527,14845,
5017,西南政法大学,2024,四川,本科批B段,文科,,,573,796,
5017001,西南政法大学,2024,四川,本科批B段,文科,,,573,796,
5018,四川美术学院,2024,四川,本科批B段,文科,,,516,23679,
5018001,四川美术学院,2024,四川,本科批B段,文科,,,516,23679,
5022,重庆科技大学,2024,四川,本科批B段,文科,,,529,17223,
5022001,重庆科技大学,2024,四川,本科批B段,文科,,,529,17223,
5025,重庆理工大学,2024,四川,本科批B段,文科,,,524,8836,
5025001,重庆理工大学,2024,四川,本科批B段,文科,,,545,8836,
5025002,重庆理工大学,2024,四川,本科批B段,文科,,,524,17223,
5026,重庆工商大学,2024,四川,本科批B段,文科,,,528,6641,
5026001,重庆工商大学,2024,四川,本科批B段,文科,,,545,6641,
5026002,重庆工商大学,2024,四川,本科批B段,文科,,,528,18257,
5027,重庆第二师范学院,2024,四川,本科批B段,文科,,,517,19830,
5027001,重庆第二师范学院,2024,四川,本科批B段,文科,,,517,19830,
5045,四川外国语大学,2024,四川,本科批B段,文科,,,513,20373,
5045001,四川外国语大学,2024,四川,本科批B段,文科,,,529,20373,
5045002,四川外国语大学,2024,四川,本科批B段,文科,,,513,30072,
5063,重庆机电职业技术大学,2024,四川,本科批B段,文科,,,481,54817,
5063001,重庆机电职业技术大学,2024,四川,本科批B段,文科,,,481,54817,
5064,重庆工程学院,2024,四川,本科批B段,文科,,,485,49565,
5064001,重庆工程学院,2024,四川,本科批B段,文科,,,485,49565,
5065,重庆电子科技职业大学,2024,四川,本科批B段,文科,,,504,35743,
5065001,重庆电子科技职业大学,2024,四川,本科批B段,文科,,,504,35743,
508,中国农业大学,2024,四川,本科批B段,文科,,,580,3564,
508001,中国农业大学,2024,四川,本科批B段,文科,,,580,3564,
5085,重庆人文科技学院,2024,四川,本科批B段,文科,,,497,35034,
5085001,重庆人文科技学院,2024,四川,本科批B段,文科,,,497,35034,
5088,重庆城市科技学院,2024,四川,本科批B段,文科,,,495,38837,
5088001,重庆城市科技学院,2024,四川,本科批B段,文科,,,495,38837,
5090,重庆外语外事学院,2024,四川,本科批B段,文科,,,487,39618,
5090001,重庆外语外事学院,2024,四川,本科批B段,文科,,,487,39618,
5091,重庆工商大学派斯学院,2024,四川,本科批B段,文科,,,493,42811,
5091001,重庆工商大学派斯学院,2024,四川,本科批B段,文科,,,493,42811,
5092,重庆移通学院,2024,四川,本科批B段,文科,,,486,41181,
5092001,重庆移通学院,2024,四川,本科批B段,文科,,,486,41181,
5093,重庆财经学院,2024,四川,本科批B段,文科,,,499,33589,
5093001,重庆财经学院,2024,四川,本科批B段,文科,,,499,33589,
5096,重庆对外经贸学院,2024,四川,本科批B段,文科,,,497,35743,
5096001,重庆对外经贸学院,2024,四川,本科批B段,文科,,,497,35743,
51,华南理工大学,2024,四川,本科批B段,文科,,,595,796,
51001,华南理工大学,2024,四川,本科批B段,文科,,,595,796,
5101,西南石油大学,2024,四川,本科批B段,文科,,,539,6893,
5101001,西南石油大学,2024,四川,本科批B段,文科,,,550,6893,
5102,成都理工大学,2024,四川,本科批B段,文科,,,537,6181,
5102001,成都理工大学,2024,四川,本科批B段,文科,,,546,6181,
5105,西南科技大学,2024,四川,本科批B段,文科,,,514,13199,
5105001,西南科技大学,2024,四川,本科批B段,文科,,,536,13199,
5105002,西南科技大学,2024,四川,本科批B段,文科,,,514,26673,
5107,成都信息工程大学,2024,四川,本科批B段,文科,,,522,11166,
5107001,成都信息工程大学,2024,四川,本科批B段,文科,,,534,11166,
5107002,成都信息工程大学,2024,四川,本科批B段,文科,,,524,21982,
5108,四川轻化工大学,2024,四川,本科批B段,文科,,,514,14426,
5108001,四川轻化工大学,2024,四川,本科批B段,文科,,,541,14426,
5108002,四川轻化工大学,2024,四川,本科批B段,文科,,,525,14845,
5109,西华大学,2024,四川,本科批B段,文科,,,425,9812,
5109001,西华大学,2024,四川,本科批B段,文科,,,549,9812,
5109002,西华大学,2024,四川,本科批B段,文科,,,532,14426,
5112,四川农业大学,2024,四川,本科批B段,文科,,,554,4561,
5112001,四川农业大学,2024,四川,本科批B段,文科,,,567,4561,
5114,西昌学院,2024,四川,本科批B段,文科,,,493,27305,
5114001,西昌学院,2024,四川,本科批B段,文科,,,508,27305,
5116,西南医科大学,2024,四川,本科批B段,文科,,,517,7375,
5116001,西南医科大学,2024,四川,本科批B段,文科,,,555,7375,
5116002,西南医科大学,2024,四川,本科批B段,文科,,,517,18257,
5117,成都中医药大学,2024,四川,本科批B段,文科,,,535,1042,
5117001,成都中医药大学,2024,四川,本科批B段,文科,,,535,1042,
5118,川北医学院,2024,四川,本科批B段,文科,,,433,12361,
5118001,川北医学院,2024,四川,本科批B段,文科,,,546,12361,
5118002,川北医学院,2024,四川,本科批B段,文科,,,505,27969,
5119,成都医学院,2024,四川,本科批B段,文科,,,512,9812,
5119001,成都医学院,2024,四川,本科批B段,文科,,,553,9812,
5119002,成都医学院,2024,四川,本科批B段,文科,,,517,26048,
5120,四川师范大学,2024,四川,本科批B段,文科,,,533,5934,
5120001,四川师范大学,2024,四川,本科批B段,文科,,,532,5934,
5122,西华师范大学,2024,四川,本科批B段,文科,,,491,12361,
5122001,西华师范大学,2024,四川,本科批B段,文科,,,534,12361,
5123,绵阳师范学院,2024,四川,本科批B段,文科,,,468,20885,
5123001,绵阳师范学院,2024,四川,本科批B段,文科,,,468,20885,
5124,内江师范学院,2024,四川,本科批B段,文科,,,441,18257,
5124001,内江师范学院,2024,四川,本科批B段,文科,,,521,18257,
5125,宜宾学院,2024,四川,本科批B段,文科,,,433,23679,
5125001,宜宾学院,2024,四川,本科批B段,文科,,,513,23679,
5126,成都师范学院,2024,四川,本科批B段,文科,,,446,17719,
5126001,成都师范学院,2024,四川,本科批B段,文科,,,525,17719,
5128,四川文理学院,2024,四川,本科批B段,文科,,,432,26673,
5128001,四川文理学院,2024,四川,本科批B段,文科,,,512,26673,
513,中国传媒大学,2024,四川,本科批B段,文科,,,539,5934,
5130,阿坝师范学院,2024,四川,本科批B段,文科,,,499,28682,
5130001,阿坝师范学院,2024,四川,本科批B段,文科,,,510,28682,
513001,中国传媒大学,2024,四川,本科批B段,文科,,,539,5934,
5133,乐山师范学院,2024,四川,本科批B段,文科,,,507,21394,
5133001,乐山师范学院,2024,四川,本科批B段,文科,,,515,21394,
5135,成都体育学院,2024,四川,本科批B段,文科,,,507,11941,
5135001,成都体育学院,2024,四川,本科批B段,文科,,,534,11941,
5135002,成都体育学院,2024,四川,本科批B段,文科,,,507,32170,
5136,四川音乐学院,2024,四川,本科批B段,文科,,,497,39618,
5136001,四川音乐学院,2024,四川,本科批B段,文科,,,497,39618,
5137,成都大学,2024,四川,本科批B段,文科,,,528,7912,
5137001,成都大学,2024,四川,本科批B段,文科,,,552,7912,
5137002,成都大学,2024,四川,本科批B段,文科,,,533,8836,
5139,攀枝花学院,2024,四川,本科批B段,文科,,,398,26048,
5139001,攀枝花学院,2024,四川,本科批B段,文科,,,511,26048,
5142,成都工业学院,2024,四川,本科批B段,文科,,,508,31464,
5142001,成都工业学院,2024,四川,本科批B段,文科,,,508,31464,
5143,四川民族学院,2024,四川,本科批B段,文科,,,490,32170,
5143001,四川民族学院,2024,四川,本科批B段,文科,,,506,32170,
5147,四川旅游学院,2024,四川,本科批B段,文科,,,386,25441,
5147001,四川旅游学院,2024,四川,本科批B段,文科,,,508,25441,
5149,四川警察学院,2024,四川,本科批B段,文科,,,476,13199,
5149001,四川警察学院,2024,四川,本科批B段,文科,,,544,13199,
5163,成都艺术职业大学,2024,四川,本科批B段,文科,,,473,61041,
5163001,成都艺术职业大学,2024,四川,本科批B段,文科,,,473,61041,
5177,成都东软学院,2024,四川,本科批B段,文科,,,478,56546,
5177001,成都东软学院,2024,四川,本科批B段,文科,,,478,56546,
5179,四川工业科技学院,2024,四川,本科批B段,文科,,,480,39618,
5179001,四川工业科技学院,2024,四川,本科批B段,文科,,,480,39618,
5196,四川电影电视学院,2024,四川,本科批B段,文科,,,465,53051,
5196001,四川电影电视学院,2024,四川,本科批B段,文科,,,465,53051,
52,四川大学,2024,四川,本科批B段,文科,,,586,796,
52001,四川大学,2024,四川,本科批B段,文科,,,599,796,
5201,贵州大学,2024,四川,本科批B段,文科,,,524,3284,
5201001,贵州大学,2024,四川,本科批B段,文科,,,577,3284,
5204,贵州医科大学,2024,四川,本科批B段,文科,,,521,24855,
5204001,贵州医科大学,2024,四川,本科批B段,文科,,,521,24855,
5205,遵义医科大学,2024,四川,本科批B段,文科,,,514,26048,
5205001,遵义医科大学,2024,四川,本科批B段,文科,,,514,26048,
5206,贵州中医药大学,2024,四川,本科批B段,文科,,,524,23127,
5206001,贵州中医药大学,2024,四川,本科批B段,文科,,,524,23127,
5207,贵州师范大学,2024,四川,本科批B段,文科,,,521,19272,
5207001,贵州师范大学,2024,四川,本科批B段,文科,,,521,19272,
5208,遵义师范学院,2024,四川,本科批B段,文科,,,514,26048,
5208001,遵义师范学院,2024,四川,本科批B段,文科,,,514,26048,
5209,安顺学院,2024,四川,本科批B段,文科,,,489,33589,
5209001,安顺学院,2024,四川,本科批B段,文科,,,489,33589,
5210,黔南民族师范学院,2024,四川,本科批B段,文科,,,488,49565,
5210001,黔南民族师范学院,2024,四川,本科批B段,文科,,,488,49565,
5211,贵州财经大学,2024,四川,本科批B段,文科,,,523,21394,
5211001,贵州财经大学,2024,四川,本科批B段,文科,,,523,21394,
5213,贵阳学院,2024,四川,本科批B段,文科,,,520,23679,
5213001,贵阳学院,2024,四川,本科批B段,文科,,,520,23679,
5214,六盘水师范学院,2024,四川,本科批B段,文科,,,484,49565,
5214001,六盘水师范学院,2024,四川,本科批B段,文科,,,484,49565,
5216,凯里学院,2024,四川,本科批B段,文科,,,504,36484,
5216001,凯里学院,2024,四川,本科批B段,文科,,,504,36484,
5217,贵州工程应用技术学院,2024,四川,本科批B段,文科,,,504,33589,
5217001,贵州工程应用技术学院,2024,四川,本科批B段,文科,,,504,33589,
5221,兴义民族师范学院,2024,四川,本科批B段,文科,,,504,30072,
5221001,兴义民族师范学院,2024,四川,本科批B段,文科,,,504,30072,
5225,贵州师范学院,2024,四川,本科批B段,文科,,,508,31464,
5225001,贵州师范学院,2024,四川,本科批B段,文科,,,508,31464,
5230,贵州民族大学,2024,四川,本科批B段,文科,,,510,11941,
5230001,贵州民族大学,2024,四川,本科批B段,文科,,,547,11941,
5230002,贵州民族大学,2024,四川,本科批B段,文科,,,510,26673,
5233,贵州商学院,2024,四川,本科批B段,文科,,,509,28682,
5233001,贵州商学院,2024,四川,本科批B段,文科,,,509,28682,
5245,贵阳康养职业大学,2024,四川,本科批B段,文科,,,501,38837,
5245001,贵阳康养职业大学,2024,四川,本科批B段,文科,,,501,38837,
5254,贵州警察学院,2024,四川,本科批B段,文科,,,528,20885,
5254001,贵州警察学院,2024,四川,本科批B段,文科,,,528,20885,
5284,贵州黔南经济学院,2024,四川,本科批B段,文科,,,495,43651,
5284001,贵州黔南经济学院,2024,四川,本科批B段,文科,,,495,43651,
5285,遵义医科大学医学与科技学院,2024,四川,本科批B段,文科,,,502,38040,
5285001,遵义医科大学医学与科技学院,2024,四川,本科批B段,文科,,,502,38040,
5286,贵州黔南科技学院,2024,四川,本科批B段,文科,,,477,54817,
5286001,贵州黔南科技学院,2024,四川,本科批B段,文科,,,477,54817,
5289,贵阳人文科技学院,2024,四川,本科批B段,文科,,,487,40370,
5289001,贵阳人文科技学院,2024,四川,本科批B段,文科,,,487,40370,
53,重庆大学,2024,四川,本科批B段,文科,,,594,1390,
53001,重庆大学,2024,四川,本科批B段,文科,,,594,1390,
5301,云南大学,2024,四川,本科批B段,文科,,,572,2509,
5301001,云南大学,2024,四川,本科批B段,文科,,,572,2509,
5302,昆明理工大学,2024,四川,本科批B段,文科,,,546,10161,
5302001,昆明理工大学,2024,四川,本科批B段,文科,,,546,10161,
5304,云南农业大学,2024,四川,本科批B段,文科,,,522,20885,
5304001,云南农业大学,2024,四川,本科批B段,文科,,,522,20885,
5305,西南林业大学,2024,四川,本科批B段,文科,,,529,17223,
5305001,西南林业大学,2024,四川,本科批B段,文科,,,529,17223,
5307,大理大学,2024,四川,本科批B段,文科,,,501,19272,
5307001,大理大学,2024,四川,本科批B段,文科,,,501,19272,
5308,云南中医药大学,2024,四川,本科批B段,文科,,,538,13199,
5308001,云南中医药大学,2024,四川,本科批B段,文科,,,538,13199,
5309,云南师范大学,2024,四川,本科批B段,文科,,,531,15761,
5309001,云南师范大学,2024,四川,本科批B段,文科,,,531,15761,
5310,普洱学院,2024,四川,本科批B段,文科,,,503,37298,
5310001,普洱学院,2024,四川,本科批B段,文科,,,503,37298,
5311,曲靖师范学院,2024,四川,本科批B段,文科,,,510,25441,
5311001,曲靖师范学院,2024,四川,本科批B段,文科,,,510,25441,
5312,昭通学院,2024,四川,本科批B段,文科,,,505,32170,
5312001,昭通学院,2024,四川,本科批B段,文科,,,505,32170,
5313,保山学院,2024,四川,本科批B段,文科,,,506,32170,
5313001,保山学院,2024,四川,本科批B段,文科,,,506,32170,
5314,红河学院,2024,四川,本科批B段,文科,,,503,34328,
5314001,红河学院,2024,四川,本科批B段,文科,,,503,34328,
5315,云南财经大学,2024,四川,本科批B段,文科,,,532,11542,
5315001,云南财经大学,2024,四川,本科批B段,文科,,,532,11542,
5316,云南艺术学院,2024,四川,本科批B段,文科,,,464,37298,
5316001,云南艺术学院,2024,四川,本科批B段,文科,,,464,37298,
5320,云南民族大学,2024,四川,本科批B段,文科,,,502,23127,
5320001,云南民族大学,2024,四川,本科批B段,文科,,,502,23127,
5321,玉溪师范学院,2024,四川,本科批B段,文科,,,509,31464,
5321001,玉溪师范学院,2024,四川,本科批B段,文科,,,509,31464,
5322,楚雄师范学院,2024,四川,本科批B段,文科,,,508,31464,
5322001,楚雄师范学院,2024,四川,本科批B段,文科,,,508,31464,
5323,云南警官学院,2024,四川,本科批B段,文科,,,538,15761,
5323001,云南警官学院,2024,四川,本科批B段,文科,,,538,15761,
5324,昆明学院,2024,四川,本科批B段,文科,,,472,26673,
5324001,昆明学院,2024,四川,本科批B段,文科,,,472,26673,
5326,文山学院,2024,四川,本科批B段,文科,,,484,53051,
5326001,文山学院,2024,四川,本科批B段,文科,,,484,53051,
5328,滇西科技师范学院,2024,四川,本科批B段,文科,,,508,33589,
5328001,滇西科技师范学院,2024,四川,本科批B段,文科,,,508,33589,
5350,滇西应用技术大学,2024,四川,本科批B段,文科,,,512,26048,
5350001,滇西应用技术大学,2024,四川,本科批B段,文科,,,512,26048,
5361,云南经济管理学院,2024,四川,本科批B段,文科,,,486,43651,
5361001,云南经济管理学院,2024,四川,本科批B段,文科,,,486,43651,
5365,云南工商学院,2024,四川,本科批B段,文科,,,485,51347,
5365001,云南工商学院,2024,四川,本科批B段,文科,,,485,51347,
5381,滇池学院,2024,四川,本科批B段,文科,,,487,46981,
5381001,滇池学院,2024,四川,本科批B段,文科,,,487,46981,
5382,丽江文化旅游学院,2024,四川,本科批B段,文科,,,479,51347,
5382001,丽江文化旅游学院,2024,四川,本科批B段,文科,,,479,51347,
5385,昆明城市学院,2024,四川,本科批B段,文科,,,486,50468,
5385001,昆明城市学院,2024,四川,本科批B段,文科,,,486,50468,
5386,昆明文理学院,2024,四川,本科批B段,文科,,,466,55713,
5386001,昆明文理学院,2024,四川,本科批B段,文科,,,466,55713,
5388,昆明传媒学院,2024,四川,本科批B段,文科,,,484,49565,
5388001,昆明传媒学院,2024,四川,本科批B段,文科,,,484,49565,
5392,昆明理工大学津桥学院,2024,四川,本科批B段,文科,,,473,54817,
5392001,昆明理工大学津桥学院,2024,四川,本科批B段,文科,,,473,54817,
54,西南交通大学,2024,四川,本科批B段,文科,,,539,2748,
54001,西南交通大学,2024,四川,本科批B段,文科,,,579,2748,
5401,西藏大学,2024,四川,本科批B段,文科,,,528,10161,
5401001,西藏大学,2024,四川,本科批B段,文科,,,547,10161,
5401002,西藏大学,2024,四川,本科批B段,文科,,,528,16710,
5402,西藏民族大学,2024,四川,本科批B段,文科,,,518,21394,
5402001,西藏民族大学,2024,四川,本科批B段,文科,,,518,21394,
5406,西藏农牧学院,2024,四川,本科批B段,文科,,,503,30758,
5406001,西藏农牧学院,2024,四川,本科批B段,文科,,,503,30758,
549,湖南大学,2024,四川,本科批B段,文科,,,529,20373,
549001,湖南大学,2024,四川,本科批B段,文科,,,529,20373,
55,电子科技大学,2024,四川,本科批B段,文科,,,588,1948,
550,中山大学,2024,四川,本科批B段,文科,,,587,2629,
550001,中山大学,2024,四川,本科批B段,文科,,,587,2629,
55001,电子科技大学,2024,四川,本科批B段,文科,,,588,1948,
5501,贵州大学,2024,四川,本科批B段,文科,,,541,14426,
5501001,贵州大学,2024,四川,本科批B段,文科,,,541,14426,
5502,成都理工大学,2024,四川,本科批B段,文科,,,523,20885,
5502001,成都理工大学,2024,四川,本科批B段,文科,,,523,20885,
552,四川大学,2024,四川,本科批B段,文科,,,591,2158,
5520,四川师范大学,2024,四川,本科批B段,文科,,,541,10161,
5520001,四川师范大学,2024,四川,本科批B段,文科,,,541,11941,
552001,四川大学,2024,四川,本科批B段,文科,,,591,2158,
556,西南大学,2024,四川,本科批B段,文科,,,575,4379,
556001,西南大学,2024,四川,本科批B段,文科,,,575,4379,
557,西南财经大学,2024,四川,本科批B段,文科,,,566,4379,
557001,西南财经大学,2024,四川,本科批B段,文科,,,566,4379,
5574,重庆中医药学院,2024,四川,本科批B段,文科,,,532,13591,
5574001,重庆中医药学院,2024,四川,本科批B段,文科,,,532,13591,
56,西南大学,2024,四川,本科批B段,文科,,,572,1948,
56001,西南大学,2024,四川,本科批B段,文科,,,581,1948,
5601,四川工商学院,2024,四川,本科批B段,文科,,,486,47829,
5601001,四川工商学院,2024,四川,本科批B段,文科,,,486,47829,
5602,成都理工大学,2024,四川,本科批B段,文科,,,542,13989,
5602001,成都理工大学,2024,四川,本科批B段,文科,,,542,13989,
5607,成都信息工程大学,2024,四川,本科批B段,文科,,,542,13989,
5607001,成都信息工程大学,2024,四川,本科批B段,文科,,,542,13989,
5609,云南师范大学,2024,四川,本科批B段,文科,,,523,23679,
5609001,云南师范大学,2024,四川,本科批B段,文科,,,523,23679,
5612,四川农业大学,2024,四川,本科批B段,文科,,,534,13591,
5612001,四川农业大学,2024,四川,本科批B段,文科,,,534,13591,
5620,四川师范大学,2024,四川,本科批B段,文科,,,531,19272,
5620001,四川师范大学,2024,四川,本科批B段,文科,,,531,19272,
5622,重庆科技大学,2024,四川,本科批B段,文科,,,511,31464,
5622001,重庆科技大学,2024,四川,本科批B段,文科,,,511,31464,
5626,重庆工商大学,2024,四川,本科批B段,文科,,,534,15334,
5626001,重庆工商大学,2024,四川,本科批B段,文科,,,534,15334,
5642,成都工业学院,2024,四川,本科批B段,文科,,,510,30758,
5642001,成都工业学院,2024,四川,本科批B段,文科,,,510,30758,
5647,四川旅游学院,2024,四川,本科批B段,文科,,,505,35743,
5647001,四川旅游学院,2024,四川,本科批B段,文科,,,505,35743,
5676,成都外国语学院,2024,四川,本科批B段,文科,,,481,55713,
5676001,成都外国语学院,2024,四川,本科批B段,文科,,,481,55713,
57,西南财经大学,2024,四川,本科批B段,文科,,,544,1476,
57001,西南财经大学,2024,四川,本科批B段,文科,,,588,1476,
5701,西南石油大学,2024,四川,本科批B段,文科,,,543,13591,
5701001,西南石油大学,2024,四川,本科批B段,文科,,,543,13591,
5702,四川大学锦江学院,2024,四川,本科批B段,文科,,,492,42811,
5702001,四川大学锦江学院,2024,四川,本科批B段,文科,,,492,42811,
5703,成都锦城学院,2024,四川,本科批B段,文科,,,502,20373,
5703001,成都锦城学院,2024,四川,本科批B段,文科,,,529,20373,
5703002,成都锦城学院,2024,四川,本科批B段,文科,,,502,35743,
5705,电子科技大学成都学院,2024,四川,本科批B段,文科,,,490,46981,
5705001,电子科技大学成都学院,2024,四川,本科批B段,文科,,,490,46981,
5706,西南交通大学希望学院,2024,四川,本科批B段,文科,,,481,39618,
5706001,西南交通大学希望学院,2024,四川,本科批B段,文科,,,481,39618,
5709,西华大学,2024,四川,本科批B段,文科,,,525,18257,
5709001,西华大学,2024,四川,本科批B段,文科,,,533,18257,
5709002,西华大学,2024,四川,本科批B段,文科,,,525,19830,
5710,西南财经大学天府学院,2024,四川,本科批B段,文科,,,492,43651,
5710001,西南财经大学天府学院,2024,四川,本科批B段,文科,,,492,43651,
5713,绵阳城市学院,2024,四川,本科批B段,文科,,,476,60118,
5713001,绵阳城市学院,2024,四川,本科批B段,文科,,,476,60118,
5715,成都理工大学工程技术学院,2024,四川,本科批B段,文科,,,485,48692,
5715001,成都理工大学工程技术学院,2024,四川,本科批B段,文科,,,485,48692,
5719,四川传媒学院,2024,四川,本科批B段,文科,,,477,51347,
5719001,四川传媒学院,2024,四川,本科批B段,文科,,,477,51347,
5724,成都银杏酒店管理学院,2024,四川,本科批B段,文科,,,469,55713,
5724001,成都银杏酒店管理学院,2024,四川,本科批B段,文科,,,469,55713,
5735,成都体育学院,2024,四川,本科批B段,文科,,,476,60118,
5735001,成都体育学院,2024,四川,本科批B段,文科,,,476,60118,
574,中央美术学院,2024,四川,本科批B段,文科,,,556,8512,
574001,中央美术学院,2024,四川,本科批B段,文科,,,556,8512,
5747,成都文理学院,2024,四川,本科批B段,文科,,,496,40370,
5747001,成都文理学院,2024,四川,本科批B段,文科,,,496,40370,
5776,成都外国语学院,2024,四川,本科批B段,文科,,,469,57442,
5776001,成都外国语学院,2024,四川,本科批B段,文科,,,469,57442,
5780,四川文化艺术学院,2024,四川,本科批B段,文科,,,476,56546,
5780001,四川文化艺术学院,2024,四川,本科批B段,文科,,,476,56546,
58,西安交通大学,2024,四川,本科批B段,文科,,,609,688,
58001,西安交通大学,2024,四川,本科批B段,文科,,,609,688,
5809,西华大学,2024,四川,本科批B段,文科,,,524,23127,
5809001,西华大学,2024,四川,本科批B段,文科,,,524,23127,
5896,绵阳师范学院,2024,四川,本科批B段,文科,,,506,35034,
5896001,绵阳师范学院,2024,四川,本科批B段,文科,,,506,35034,
59,西安电子科技大学,2024,四川,本科批B段,文科,,,578,3727,
59001,西安电子科技大学,2024,四川,本科批B段,文科,,,578,3727,
5905,贵州师范大学,2024,四川,本科批B段,文科,,,473,53924,
5905001,贵州师范大学,2024,四川,本科批B段,文科,,,473,53924,
5917,西南政法大学,2024,四川,本科批B段,文科,,,590,2276,
5917001,西南政法大学,2024,四川,本科批B段,文科,,,590,2276,
5918,成都大学,2024,四川,本科批B段,文科,,,514,29427,
5918001,成都大学,2024,四川,本科批B段,文科,,,514,29427,
5921,成都中医药大学,2024,四川,本科批B段,文科,,,508,33589,
5921001,成都中医药大学,2024,四川,本科批B段,文科,,,508,33589,
5924,四川师范大学,2024,四川,本科批B段,文科,,,538,14426,
5924001,四川师范大学,2024,四川,本科批B段,文科,,,529,19830,
5927,重庆第二师范学院,2024,四川,本科批B段,文科,,,504,36484,
5927001,重庆第二师范学院,2024,四川,本科批B段,文科,,,504,36484,
5934,四川音乐学院,2024,四川,本科批B段,文科,,,493,45308,
5934001,四川音乐学院,2024,四川,本科批B段,文科,,,493,45308,
5945,四川师范大学,2024,四川,本科批B段,文科,,,552,10161,
5945001,四川师范大学,2024,四川,本科批B段,文科,,,552,10161,
6,北京化工大学,2024,四川,本科批B段,文科,,,578,2748,
60,陕西师范大学,2024,四川,本科批B段,文科,,,568,2276,
60001,陕西师范大学,2024,四川,本科批B段,文科,,,584,2276,
6001,北京化工大学,2024,四川,本科批B段,文科,,,578,2748,
61,兰州大学,2024,四川,本科批B段,文科,,,587,1851,
61001,兰州大学,2024,四川,本科批B段,文科,,,587,1851,
6101,西安理工大学,2024,四川,本科批B段,文科,,,546,8207,
6101001,西安理工大学,2024,四川,本科批B段,文科,,,546,8207,
6102,西北大学,2024,四川,本科批B段,文科,,,581,2158,
6102001,西北大学,2024,四川,本科批B段,文科,,,581,2158,
6103,西安工业大学,2024,四川,本科批B段,文科,,,542,13591,
6103001,西安工业大学,2024,四川,本科批B段,文科,,,542,13591,
6104,西安建筑科技大学,2024,四川,本科批B段,文科,,,558,8207,
6104001,西安建筑科技大学,2024,四川,本科批B段,文科,,,558,8207,
6105,西安科技大学,2024,四川,本科批B段,文科,,,544,9153,
6105001,西安科技大学,2024,四川,本科批B段,文科,,,544,9153,
6106,西安石油大学,2024,四川,本科批B段,文科,,,539,14426,
6106001,西安石油大学,2024,四川,本科批B段,文科,,,539,14426,
611,北京师范大学,2024,四川,本科批B段,文科,,,596,1657,
6110,西安工程大学,2024,四川,本科批B段,文科,,,529,20373,
6110001,西安工程大学,2024,四川,本科批B段,文科,,,529,20373,
611001,北京师范大学,2024,四川,本科批B段,文科,,,596,1657,
6115,陕西中医药大学,2024,四川,本科批B段,文科,,,558,7912,
6115001,陕西中医药大学,2024,四川,本科批B段,文科,,,558,7912,
6116,延安大学,2024,四川,本科批B段,文科,,,521,24218,
6116001,延安大学,2024,四川,本科批B段,文科,,,521,24218,
6117,咸阳师范学院,2024,四川,本科批B段,文科,,,521,24855,
6117001,咸阳师范学院,2024,四川,本科批B段,文科,,,521,24855,
6118,渭南师范学院,2024,四川,本科批B段,文科,,,509,28682,
6118001,渭南师范学院,2024,四川,本科批B段,文科,,,509,28682,
6119,西安外国语大学,2024,四川,本科批B段,文科,,,513,11166,
6119001,西安外国语大学,2024,四川,本科批B段,文科,,,536,11166,
6121,西北政法大学,2024,四川,本科批B段,文科,,,582,2053,
6121001,西北政法大学,2024,四川,本科批B段,文科,,,582,2053,
6123,西安音乐学院,2024,四川,本科批B段,文科,,,476,60118,
6123001,西安音乐学院,2024,四川,本科批B段,文科,,,476,60118,
6124,西安美术学院,2024,四川,本科批B段,文科,,,507,34328,
6124001,西安美术学院,2024,四川,本科批B段,文科,,,507,34328,
6125,榆林学院,2024,四川,本科批B段,文科,,,516,26673,
6125001,榆林学院,2024,四川,本科批B段,文科,,,516,26673,
6127,安康学院,2024,四川,本科批B段,文科,,,507,32849,
6127001,安康学院,2024,四川,本科批B段,文科,,,507,32849,
6129,西安邮电大学,2024,四川,本科批B段,文科,,,528,15761,
6129001,西安邮电大学,2024,四川,本科批B段,文科,,,528,15761,
6134,陕西学前师范学院,2024,四川,本科批B段,文科,,,499,36484,
6134001,陕西学前师范学院,2024,四川,本科批B段,文科,,,499,36484,
6135,西安医学院,2024,四川,本科批B段,文科,,,510,30758,
6135001,西安医学院,2024,四川,本科批B段,文科,,,510,30758,
6136,商洛学院,2024,四川,本科批B段,文科,,,505,35743,
6136001,商洛学院,2024,四川,本科批B段,文科,,,505,35743,
6137,宝鸡文理学院,2024,四川,本科批B段,文科,,,511,27969,
6137001,宝鸡文理学院,2024,四川,本科批B段,文科,,,511,27969,
6139,陕西理工大学,2024,四川,本科批B段,文科,,,527,17719,
6139001,陕西理工大学,2024,四川,本科批B段,文科,,,527,17719,
6140,西安财经大学,2024,四川,本科批B段,文科,,,527,6893,
6140001,西安财经大学,2024,四川,本科批B段,文科,,,563,6893,
6140002,西安财经大学,2024,四川,本科批B段,文科,,,527,15334,
6150,西安信息职业大学,2024,四川,本科批B段,文科,,,472,63681,
6150001,西安信息职业大学,2024,四川,本科批B段,文科,,,472,63681,
6153,西安欧亚学院,2024,四川,本科批B段,文科,,,470,56546,
6153001,西安欧亚学院,2024,四川,本科批B段,文科,,,470,56546,
6154,西安翻译学院,2024,四川,本科批B段,文科,,,457,48692,
6154001,西安翻译学院,2024,四川,本科批B段,文科,,,457,48692,
6155,西安外事学院,2024,四川,本科批B段,文科,,,479,53924,
6155001,西安外事学院,2024,四川,本科批B段,文科,,,479,53924,
6156,西京学院,2024,四川,本科批B段,文科,,,457,46981,
6156001,西京学院,2024,四川,本科批B段,文科,,,457,46981,
6164,西安思源学院,2024,四川,本科批B段,文科,,,458,51347,
6164001,西安思源学院,2024,四川,本科批B段,文科,,,458,51347,
6165,陕西服装工程学院,2024,四川,本科批B段,文科,,,470,65445,
6165001,陕西服装工程学院,2024,四川,本科批B段,文科,,,470,65445,
6166,陕西国际商贸学院,2024,四川,本科批B段,文科,,,478,53051,
6166001,陕西国际商贸学院,2024,四川,本科批B段,文科,,,478,53051,
6173,西安汽车职业大学,2024,四川,本科批B段,文科,,,469,65445,
6173001,西安汽车职业大学,2024,四川,本科批B段,文科,,,469,65445,
6182,西安建筑科技大学华清学院,2024,四川,本科批B段,文科,,,486,48692,
6182001,西安建筑科技大学华清学院,2024,四川,本科批B段,文科,,,486,48692,
6183,陕西科技大学镐京学院,2024,四川,本科批B段,文科,,,474,61891,
6183001,陕西科技大学镐京学院,2024,四川,本科批B段,文科,,,474,61891,
6185,西安培华学院,2024,四川,本科批B段,文科,,,457,41181,
6185001,西安培华学院,2024,四川,本科批B段,文科,,,457,41181,
6186,西安文理学院,2024,四川,本科批B段,文科,,,514,26048,
6186001,西安文理学院,2024,四川,本科批B段,文科,,,514,26048,
6187,西安交通大学城市学院,2024,四川,本科批B段,文科,,,490,47829,
6187001,西安交通大学城市学院,2024,四川,本科批B段,文科,,,490,47829,
6188,西安明德理工学院,2024,四川,本科批B段,文科,,,471,61891,
6188001,西安明德理工学院,2024,四川,本科批B段,文科,,,471,61891,
6189,延安大学西安创新学院,2024,四川,本科批B段,文科,,,480,52184,
6189001,延安大学西安创新学院,2024,四川,本科批B段,文科,,,480,52184,
6190,西安工商学院,2024,四川,本科批B段,文科,,,480,55713,
6190001,西安工商学院,2024,四川,本科批B段,文科,,,480,55713,
6192,西安财经大学行知学院,2024,四川,本科批B段,文科,,,480,52184,
6192001,西安财经大学行知学院,2024,四川,本科批B段,文科,,,480,52184,
62,中国矿业大学(北京),2024,四川,本科批B段,文科,,,575,4213,
62001,中国矿业大学(北京),2024,四川,本科批B段,文科,,,575,4213,
6201,兰州理工大学,2024,四川,本科批B段,文科,,,540,13199,
6201001,兰州理工大学,2024,四川,本科批B段,文科,,,540,13199,
6202,兰州交通大学,2024,四川,本科批B段,文科,,,535,9462,
6202001,兰州交通大学,2024,四川,本科批B段,文科,,,535,9462,
6203,甘肃农业大学,2024,四川,本科批B段,文科,,,514,25441,
6203001,甘肃农业大学,2024,四川,本科批B段,文科,,,514,25441,
6205,甘肃中医药大学,2024,四川,本科批B段,文科,,,510,31464,
6205001,甘肃中医药大学,2024,四川,本科批B段,文科,,,510,31464,
6206,西北师范大学,2024,四川,本科批B段,文科,,,531,7375,
6206001,西北师范大学,2024,四川,本科批B段,文科,,,531,7375,
6207,兰州城市学院,2024,四川,本科批B段,文科,,,502,34328,
6207001,兰州城市学院,2024,四川,本科批B段,文科,,,502,34328,
6208,陇东学院,2024,四川,本科批B段,文科,,,508,32170,
6208001,陇东学院,2024,四川,本科批B段,文科,,,508,32170,
6209,天水师范学院,2024,四川,本科批B段,文科,,,507,30072,
6209001,天水师范学院,2024,四川,本科批B段,文科,,,507,30072,
6211,兰州财经大学,2024,四川,本科批B段,文科,,,518,16236,
6211001,兰州财经大学,2024,四川,本科批B段,文科,,,518,16236,
6215,甘肃政法大学,2024,四川,本科批B段,文科,,,522,8836,
6215001,甘肃政法大学,2024,四川,本科批B段,文科,,,556,8836,
6215002,甘肃政法大学,2024,四川,本科批B段,文科,,,522,13989,
6217,甘肃民族师范学院,2024,四川,本科批B段,文科,,,506,34328,
6217001,甘肃民族师范学院,2024,四川,本科批B段,文科,,,506,34328,
622,东北师范大学,2024,四川,本科批B段,文科,,,557,8512,
622001,东北师范大学,2024,四川,本科批B段,文科,,,557,8512,
6222,河西学院,2024,四川,本科批B段,文科,,,505,32849,
6222001,河西学院,2024,四川,本科批B段,文科,,,505,32849,
6238,陇南师范学院,2024,四川,本科批B段,文科,,,505,35034,
6238001,陇南师范学院,2024,四川,本科批B段,文科,,,505,35034,
6240,兰州文理学院,2024,四川,本科批B段,文科,,,504,35034,
6240001,兰州文理学院,2024,四川,本科批B段,文科,,,504,35034,
6256,甘肃林业职业技术大学,2024,四川,本科批B段,文科,,,503,37298,
6256001,甘肃林业职业技术大学,2024,四川,本科批B段,文科,,,503,37298,
6282,兰州工商学院,2024,四川,本科批B段,文科,,,476,56546,
6282001,兰州工商学院,2024,四川,本科批B段,文科,,,476,56546,
6285,兰州博文科技学院,2024,四川,本科批B段,文科,,,471,61891,
6285001,兰州博文科技学院,2024,四川,本科批B段,文科,,,471,61891,
63,中国石油大学(北京),2024,四川,本科批B段,文科,,,581,2884,
63001,中国石油大学(北京),2024,四川,本科批B段,文科,,,581,2884,
6301,青海大学,2024,四川,本科批B段,文科,,,554,9153,
6301001,青海大学,2024,四川,本科批B段,文科,,,554,9153,
6304,青海师范大学,2024,四川,本科批B段,文科,,,511,26048,
6304001,青海师范大学,2024,四川,本科批B段,文科,,,511,26048,
6306,青海民族大学,2024,四川,本科批B段,文科,,,515,22548,
6306001,青海民族大学,2024,四川,本科批B段,文科,,,515,22548,
64,中国地质大学(北京),2024,四川,本科批B段,文科,,,581,3150,
64001,中国地质大学(北京),2024,四川,本科批B段,文科,,,581,3150,
6401,宁夏大学,2024,四川,本科批B段,文科,,,546,5934,
6401001,宁夏大学,2024,四川,本科批B段,文科,,,546,5934,
6405,宁夏师范大学,2024,四川,本科批B段,文科,,,515,24855,
6405001,宁夏师范大学,2024,四川,本科批B段,文科,,,515,24855,
6451,宁夏理工学院,2024,四川,本科批B段,文科,,,465,61041,
6451001,宁夏理工学院,2024,四川,本科批B段,文科,,,465,61041,
6491,宁夏大学新华学院,2024,四川,本科批B段,文科,,,463,51347,
6491001,宁夏大学新华学院,2024,四川,本科批B段,文科,,,463,51347,
6492,银川科技学院,2024,四川,本科批B段,文科,,,474,60118,
6492001,银川科技学院,2024,四川,本科批B段,文科,,,474,60118,
6495,银川能源学院,2024,四川,本科批B段,文科,,,466,69041,
6495001,银川能源学院,2024,四川,本科批B段,文科,,,466,69041,
65,西北农林科技大学,2024,四川,本科批B段,文科,,,540,2884,
65001,西北农林科技大学,2024,四川,本科批B段,文科,,,583,2884,
6501,新疆大学,2024,四川,本科批B段,文科,,,560,5117,
6501001,新疆大学,2024,四川,本科批B段,文科,,,560,5117,
6503,塔里木大学,2024,四川,本科批B段,文科,,,508,31464,
6503001,塔里木大学,2024,四川,本科批B段,文科,,,508,31464,
6504,新疆农业大学,2024,四川,本科批B段,文科,,,500,36484,
6504001,新疆农业大学,2024,四川,本科批B段,文科,,,500,36484,
6505,新疆警察学院,2024,四川,本科批B段,文科,,,516,27969,
6505001,新疆警察学院,2024,四川,本科批B段,文科,,,516,27969,
6508,新疆师范大学,2024,四川,本科批B段,文科,,,510,19272,
6508001,新疆师范大学,2024,四川,本科批B段,文科,,,510,19272,
6509,喀什大学,2024,四川,本科批B段,文科,,,504,32849,
6509001,喀什大学,2024,四川,本科批B段,文科,,,504,32849,
6510,伊犁师范大学,2024,四川,本科批B段,文科,,,501,32849,
6510001,伊犁师范大学,2024,四川,本科批B段,文科,,,501,32849,
6511,新疆和田学院,2024,四川,本科批B段,文科,,,499,38837,
6511001,新疆和田学院,2024,四川,本科批B段,文科,,,499,38837,
6512,新疆财经大学,2024,四川,本科批B段,文科,,,504,20373,
6512001,新疆财经大学,2024,四川,本科批B段,文科,,,504,20373,
6514,新疆艺术学院,2024,四川,本科批B段,文科,,,501,38837,
6514001,新疆艺术学院,2024,四川,本科批B段,文科,,,501,38837,
6521,新疆工程学院,2024,四川,本科批B段,文科,,,478,35034,
6521001,新疆工程学院,2024,四川,本科批B段,文科,,,478,35034,
653,重庆大学,2024,四川,本科批B段,文科,,,574,4561,
653001,重庆大学,2024,四川,本科批B段,文科,,,574,4561,
6543,新疆农业大学,2024,四川,本科批B段,文科,,,500,39618,
6543001,新疆农业大学,2024,四川,本科批B段,文科,,,500,39618,
6571,商洛学院,2024,四川,本科批B段,文科,,,503,37298,
6571001,商洛学院,2024,四川,本科批B段,文科,,,503,37298,
6581,咸阳师范学院,2024,四川,本科批B段,文科,,,506,35034,
6581001,咸阳师范学院,2024,四川,本科批B段,文科,,,506,35034,
6584,兰州石化职业技术大学,2024,四川,本科批B段,文科,,,504,36484,
6584001,兰州石化职业技术大学,2024,四川,本科批B段,文科,,,504,36484,
6586,新疆理工学院,2024,四川,本科批B段,文科,,,498,35034,
6586001,新疆理工学院,2024,四川,本科批B段,文科,,,498,35034,
6587,新疆科技学院,2024,四川,本科批B段,文科,,,503,34328,
6587001,新疆科技学院,2024,四川,本科批B段,文科,,,503,34328,
6595,新疆天山职业技术大学,2024,四川,本科批B段,文科,,,473,41181,
6595001,新疆天山职业技术大学,2024,四川,本科批B段,文科,,,473,41181,
6599,昌吉学院,2024,四川,本科批B段,文科,,,503,35034,
6599001,昌吉学院,2024,四川,本科批B段,文科,,,503,35034,
66,长安大学,2024,四川,本科批B段,文科,,,576,3284,
66001,长安大学,2024,四川,本科批B段,文科,,,576,3284,
661,兰州大学,2024,四川,本科批B段,文科,,,581,3445,
661001,兰州大学,2024,四川,本科批B段,文科,,,581,3445,
67,中南大学,2024,四川,本科批B段,文科,,,596,1319,
670,武汉理工大学,2024,四川,本科批B段,文科,,,572,4939,
670001,武汉理工大学,2024,四川,本科批B段,文科,,,572,4939,
67001,中南大学,2024,四川,本科批B段,文科,,,596,1319,
6718,渭南师范学院,2024,四川,本科批B段,文科,,,465,69904,
6718001,渭南师范学院,2024,四川,本科批B段,文科,,,465,69904,
6752,西安交通工程学院,2024,四川,本科批B段,文科,,,474,57442,
6752001,西安交通工程学院,2024,四川,本科批B段,文科,,,474,57442,
6771,西安科技大学高新学院,2024,四川,本科批B段,文科,,,460,74213,
6771001,西安科技大学高新学院,2024,四川,本科批B段,文科,,,460,74213,
68,中南财经政法大学,2024,四川,本科批B段,文科,,,573,2276,
680,上海交通大学医学院,2024,四川,本科批B段,文科,,,599,741,
680001,上海交通大学医学院,2024,四川,本科批B段,文科,,,599,741,
68001,中南财经政法大学,2024,四川,本科批B段,文科,,,578,2276,
69,华中科技大学,2024,四川,本科批B段,文科,,,598,898,
69001,华中科技大学,2024,四川,本科批B段,文科,,,598,898,
6906,西北师范大学,2024,四川,本科批B段,文科,,,534,13989,
6906001,西北师范大学,2024,四川,本科批B段,文科,,,534,13989,
6911,兰州财经大学,2024,四川,本科批B段,文科,,,504,24855,
6911001,兰州财经大学,2024,四川,本科批B段,文科,,,504,24855,
7,北京邮电大学,2024,四川,本科批B段,文科,,,585,2382,
70,武汉理工大学,2024,四川,本科批B段,文科,,,578,2884,
70001,武汉理工大学,2024,四川,本科批B段,文科,,,578,2884,
7001,北京邮电大学,2024,四川,本科批B段,文科,,,585,2382,
71,东北大学秦皇岛分校,2024,四川,本科批B段,文科,,,577,3564,
71001,东北大学秦皇岛分校,2024,四川,本科批B段,文科,,,577,3564,
7101,暨南大学,2024,四川,本科批B段,文科,,,564,6641,
7101001,暨南大学,2024,四川,本科批B段,文科,,,564,6641,
7102,重庆大学,2024,四川,本科批B段,文科,,,567,5934,
7102001,重庆大学,2024,四川,本科批B段,文科,,,567,5934,
7103,重庆邮电大学,2024,四川,本科批B段,文科,,,531,19272,
7103001,重庆邮电大学,2024,四川,本科批B段,文科,,,531,19272,
7104,海南师范大学,2024,四川,本科批B段,文科,,,529,20373,
7104001,海南师范大学,2024,四川,本科批B段,文科,,,529,20373,
7105,陕西师范大学,2024,四川,本科批B段,文科,,,563,6893,
7105001,陕西师范大学,2024,四川,本科批B段,文科,,,563,6893,
7106,四川大学,2024,四川,本科批B段,文科,,,581,3445,
7106001,四川大学,2024,四川,本科批B段,文科,,,581,3445,
7107,西南大学,2024,四川,本科批B段,文科,,,564,5299,
7107001,西南大学,2024,四川,本科批B段,文科,,,564,5299,
7108,重庆文理学院,2024,四川,本科批B段,文科,,,470,65445,
7108001,重庆文理学院,2024,四川,本科批B段,文科,,,470,65445,
7109,四川外国语大学,2024,四川,本科批B段,文科,,,522,24218,
7109001,四川外国语大学,2024,四川,本科批B段,文科,,,522,24218,
7110,浙江传媒学院,2024,四川,本科批B段,文科,,,517,22548,
7110001,浙江传媒学院,2024,四川,本科批B段,文科,,,517,22548,
7111,成都理工大学,2024,四川,本科批B段,文科,,,529,20373,
7111001,成都理工大学,2024,四川,本科批B段,文科,,,529,20373,
7112,同济大学,2024,四川,本科批B段,文科,,,604,1042,
7112001,同济大学,2024,四川,本科批B段,文科,,,604,1042,
7113,西北大学,2024,四川,本科批B段,文科,,,561,7375,
7113001,西北大学,2024,四川,本科批B段,文科,,,561,7375,
7114,中国传媒大学,2024,四川,本科批B段,文科,,,583,3014,
7114001,中国传媒大学,2024,四川,本科批B段,文科,,,583,3014,
7115,山西大学,2024,四川,本科批B段,文科,,,529,20373,
7115001,山西大学,2024,四川,本科批B段,文科,,,529,20373,
7119,华东师范大学,2024,四川,本科批B段,文科,,,590,2276,
7119001,华东师范大学,2024,四川,本科批B段,文科,,,590,2276,
7120,南京师范大学,2024,四川,本科批B段,文科,,,569,5504,
7120001,南京师范大学,2024,四川,本科批B段,文科,,,569,5504,
7121,浙江师范大学,2024,四川,本科批B段,文科,,,532,18747,
7121001,浙江师范大学,2024,四川,本科批B段,文科,,,532,18747,
7123,武夷学院,2024,四川,本科批B段,文科,,,482,54817,
7123001,武夷学院,2024,四川,本科批B段,文科,,,482,54817,
7124,江西师范大学,2024,四川,本科批B段,文科,,,529,20373,
7124001,江西师范大学,2024,四川,本科批B段,文科,,,529,20373,
7125,山东师范大学,2024,四川,本科批B段,文科,,,530,19830,
7125001,山东师范大学,2024,四川,本科批B段,文科,,,530,19830,
7127,南阳师范学院,2024,四川,本科批B段,文科,,,480,56546,
7127001,南阳师范学院,2024,四川,本科批B段,文科,,,480,56546,
7128,湖北民族大学,2024,四川,本科批B段,文科,,,467,68160,
7128001,湖北民族大学,2024,四川,本科批B段,文科,,,467,68160,
7129,湖南大学,2024,四川,本科批B段,文科,,,582,3284,
7129001,湖南大学,2024,四川,本科批B段,文科,,,582,3284,
7130,湖南师范大学,2024,四川,本科批B段,文科,,,557,8512,
7130001,湖南师范大学,2024,四川,本科批B段,文科,,,557,8512,
7134,四川师范大学,2024,四川,本科批B段,文科,,,529,20373,
7134001,四川师范大学,2024,四川,本科批B段,文科,,,529,20373,
7135,西华师范大学,2024,四川,本科批B段,文科,,,503,37298,
7135001,西华师范大学,2024,四川,本科批B段,文科,,,503,37298,
7136,宜宾学院,2024,四川,本科批B段,文科,,,498,41181,
7136001,宜宾学院,2024,四川,本科批B段,文科,,,498,41181,
7137,四川文理学院,2024,四川,本科批B段,文科,,,484,53051,
7137001,四川文理学院,2024,四川,本科批B段,文科,,,484,53051,
7138,成都体育学院,2024,四川,本科批B段,文科,,,494,44438,
7138001,成都体育学院,2024,四川,本科批B段,文科,,,494,44438,
7141,渭南师范学院,2024,四川,本科批B段,文科,,,476,60118,
7141001,渭南师范学院,2024,四川,本科批B段,文科,,,476,60118,
7142,西北政法大学,2024,四川,本科批B段,文科,,,530,16236,
7142001,西北政法大学,2024,四川,本科批B段,文科,,,530,16236,
7143,西北师范大学,2024,四川,本科批B段,文科,,,534,17719,
7143001,西北师范大学,2024,四川,本科批B段,文科,,,534,17719,
7145,西北民族大学,2024,四川,本科批B段,文科,,,480,56546,
7145001,西北民族大学,2024,四川,本科批B段,文科,,,480,56546,
7147,长沙学院,2024,四川,本科批B段,文科,,,505,35743,
7147001,长沙学院,2024,四川,本科批B段,文科,,,505,35743,
7148,成都大学,2024,四川,本科批B段,文科,,,515,28682,
7148001,成都大学,2024,四川,本科批B段,文科,,,515,28682,
7150,重庆工商大学,2024,四川,本科批B段,文科,,,530,19830,
7150001,重庆工商大学,2024,四川,本科批B段,文科,,,530,19830,
7151,贺州学院,2024,四川,本科批B段,文科,,,469,66346,
7151001,贺州学院,2024,四川,本科批B段,文科,,,469,66346,
7152,海口经济学院,2024,四川,本科批B段,文科,,,459,75066,
7152001,海口经济学院,2024,四川,本科批B段,文科,,,459,75066,
7157,南昌理工学院,2024,四川,本科批B段,文科,,,459,75066,
7157001,南昌理工学院,2024,四川,本科批B段,文科,,,459,75066,
7163,昆明文理学院,2024,四川,本科批B段,文科,,,459,75066,
7163001,昆明文理学院,2024,四川,本科批B段,文科,,,459,75066,
7165,天津商业大学宝德学院,2024,四川,本科批B段,文科,,,464,70753,
7165001,天津商业大学宝德学院,2024,四川,本科批B段,文科,,,464,70753,
7171,三亚学院,2024,四川,本科批B段,文科,,,457,76813,
7171001,三亚学院,2024,四川,本科批B段,文科,,,457,76813,
7172,成都锦城学院,2024,四川,本科批B段,文科,,,467,68160,
7172001,成都锦城学院,2024,四川,本科批B段,文科,,,467,68160,
7176,宝鸡文理学院,2024,四川,本科批B段,文科,,,496,42811,
7176001,宝鸡文理学院,2024,四川,本科批B段,文科,,,496,42811,
722,东北师范大学,2024,四川,本科批B段,文科,,,541,6893,
722001,东北师范大学,2024,四川,本科批B段,文科,,,541,6893,
725,大连海事大学,2024,四川,本科批B段,文科,,,584,3014,
725001,大连海事大学,2024,四川,本科批B段,文科,,,584,3014,
73,中央美术学院,2024,四川,本科批B段,文科,,,552,6417,
73001,中央美术学院,2024,四川,本科批B段,文科,,,552,6417,
74,中央戏剧学院,2024,四川,本科批B段,文科,,,560,3564,
74001,中央戏剧学院,2024,四川,本科批B段,文科,,,560,3564,
745,武汉大学,2024,四川,本科批B段,文科,,,583,3150,
745001,武汉大学,2024,四川,本科批B段,文科,,,583,3150,
75,北京外国语大学,2024,四川,本科批B段,文科,,,598,640,
75001,北京外国语大学,2024,四川,本科批B段,文科,,,598,640,
752,四川大学,2024,四川,本科批B段,文科,,,571,5117,
752001,四川大学,2024,四川,本科批B段,文科,,,571,5117,
756,西南大学,2024,四川,本科批B段,文科,,,575,4379,
756001,西南大学,2024,四川,本科批B段,文科,,,575,4379,
760,陕西师范大学,2024,四川,本科批B段,文科,,,569,1247,
760001,陕西师范大学,2024,四川,本科批B段,文科,,,569,1247,
78,山东大学威海分校,2024,四川,本科批B段,文科,,,592,1565,
78001,山东大学威海分校,2024,四川,本科批B段,文科,,,592,1565,
79,中国社会科学院大学,2024,四川,本科批B段,文科,,,587,1319,
79001,中国社会科学院大学,2024,四川,本科批B段,文科,,,587,1319,
8,中国农业大学,2024,四川,本科批B段,文科,,,595,1247,
8001,中国农业大学,2024,四川,本科批B段,文科,,,595,1247,
81,复旦大学医学院,2024,四川,本科批B段,文科,,,596,1657,
81001,复旦大学医学院,2024,四川,本科批B段,文科,,,596,1657,
822,东北师范大学,2024,四川,本科批B段,文科,,,566,6181,
822001,东北师范大学,2024,四川,本科批B段,文科,,,566,6181,
841,厦门大学,2024,四川,本科批B段,文科,,,579,3284,
841001,厦门大学,2024,四川,本科批B段,文科,,,579,3284,
843,中国海洋大学,2024,四川,本科批B段,文科,,,588,2509,
843001,中国海洋大学,2024,四川,本科批B段,文科,,,588,2509,
856,西南大学,2024,四川,本科批B段,文科,,,575,3150,
856001,西南大学,2024,四川,本科批B段,文科,,,575,3150,
857,西南民族大学,2024,四川,本科批B段,文科,,,499,40370,
857001,西南民族大学,2024,四川,本科批B段,文科,,,499,40370,
86,中国人民大学,2024,四川,本科批B段,文科,,,605,688,
86001,中国人民大学,2024,四川,本科批B段,文科,,,605,688,
89,西南大学,2024,四川,本科批B段,文科,,,572,3879,
89001,西南大学,2024,四川,本科批B段,文科,,,572,3879,
9,北京林业大学,2024,四川,本科批B段,文科,,,575,3564,
90,合肥工业大学,2024,四川,本科批B段,文科,,,534,7912,
90001,合肥工业大学,2024,四川,本科批B段,文科,,,534,7912,
9001,北京林业大学,2024,四川,本科批B段,文科,,,575,3564,
94,中国石油大学(北京)克拉玛依校区,2024,四川,本科批B段,文科,,,562,5117,
94001,中国石油大学(北京)克拉玛依校区,2024,四川,本科批B段,文科,,,562,5117,
952,四川大学,2024,四川,本科批B段,文科,,,571,5117,
,三峡大学,2024,四川,本科批B段,文科,,,508,33589,
211,北京师范大学,2024,四川,本科提前批(高校专项),文科,,,580,3564,
211001,北京师范大学,2024,四川,本科提前批(高校专项),文科,,,580,3564,
60,陕西师范大学,2024,四川,本科提前批(高校专项),文科,,,592,1170,
60001,陕西师范大学,2024,四川,本科提前批(高校专项),文科,,,592,1170,
16,中国政法大学,2024,四川,本科提前批A段,文科,,,607,848,
327,中国刑事警察学院,2024,四川,本科提前批A段,文科,,,580,1042,
355,中国民用航空飞行学院,2024,四川,本科提前批A段,文科,,,527,21394,
355001,中国民用航空飞行学院,2024,四川,本科提前批A段,文科,,,527,21394,
368,郑州警察学院,2024,四川,本科提前批A段,文科,,,538,2509,
370,中国人民警察大学,2024,四川,本科提前批A段,文科,,,575,4379,
375,南京警察学院,2024,四川,本科提前批A段,文科,,,545,2509,
375001,南京警察学院,2024,四川,本科提前批A段,文科,,,545,2509,
395,中央司法警官学院,2024,四川,本科提前批A段,文科,,,536,3284,
3977,昆山杜克大学,2024,四川,本科提前批A段,文科,,,580,3564,
3977001,昆山杜克大学,2024,四川,本科提前批A段,文科,,,580,3564,
4677,海南科技职业大学,2024,四川,本科提前批A段,文科,,,457,75066,
4677001,海南科技职业大学,2024,四川,本科提前批A段,文科,,,457,75066,
4904,深圳北理莫斯科大学,2024,四川,本科提前批A段,文科,,,530,18257,
4904001,深圳北理莫斯科大学,2024,四川,本科提前批A段,文科,,,530,18257,
5017,西南政法大学,2024,四川,本科提前批A段,文科,,,564,3150,
5149,四川警察学院,2024,四川,本科提前批A段,文科,,,548,1851,
5149001,四川警察学院,2024,四川,本科提前批A段,文科,,,548,1851,
68,中南财经政法大学,2024,四川,本科提前批A段,文科,,,561,4213,
75,北京外国语大学,2024,四川,本科提前批A段,文科,,,557,1476,
75001,北京外国语大学,2024,四川,本科提前批A段,文科,,,557,1476,
9102,国防科技大学,2024,四川,本科提前批A段,文科,,,583,142,
9137,战略支援部队信息工程大学,2024,四川,本科提前批A段,文科,,,576,969,
9139,武警工程大学,2024,四川,本科提前批A段,文科,,,581,1390,
9140,武警警官学院,2024,四川,本科提前批A段,文科,,,560,4379,
9144,武警海警学院,2024,四川,本科提前批A段,文科,,,595,1751,
9957,空军航空大学,2024,四川,本科提前批A段,文科,,,530,19830,
,中南财经政法大学,2024,四川,本科提前批A段,文科,,,561,4213,
1,北京大学,2024,四川,本科提前批B段,文科,,,636,34,
1001,北京大学,2024,四川,本科提前批B段,文科,,,636,34,
11,北京师范大学,2024,四川,本科提前批B段,文科,,,592,2053,
12,北京语言大学,2024,四川,本科提前批B段,文科,,,570,3879,
12001,北京语言大学,2024,四川,本科提前批B段,文科,,,570,3879,
13,中国传媒大学,2024,四川,本科提前批B段,文科,,,579,3727,
13001,中国传媒大学,2024,四川,本科提前批B段,文科,,,579,3727,
15,对外经济贸易大学,2024,四川,本科提前批B段,文科,,,597,1319,
15001,对外经济贸易大学,2024,四川,本科提前批B段,文科,,,597,1319,
17,南开大学,2024,四川,本科提前批B段,文科,,,613,501,
17001,南开大学,2024,四川,本科提前批B段,文科,,,613,501,
2,中国人民大学,2024,四川,本科提前批B段,文科,,,625,109,
2001,中国人民大学,2024,四川,本科提前批B段,文科,,,625,109,
21,吉林大学,2024,四川,本科提前批B段,文科,,,583,3150,
21001,吉林大学,2024,四川,本科提前批B段,文科,,,583,3150,
211,北京师范大学,2024,四川,本科提前批B段,文科,,,619,203,
22,东北师范大学,2024,四川,本科提前批B段,文科,,,583,1851,
2301,黑龙江大学,2024,四川,本科提前批B段,文科,,,532,13591,
2301001,黑龙江大学,2024,四川,本科提前批B段,文科,,,532,13591,
24,复旦大学,2024,四川,本科提前批B段,文科,,,629,109,
24001,复旦大学,2024,四川,本科提前批B段,文科,,,629,109,
25,同济大学,2024,四川,本科提前批B段,文科,,,610,688,
25001,同济大学,2024,四川,本科提前批B段,文科,,,610,688,
29,华东师范大学,2024,四川,本科提前批B段,文科,,,587,432,
3,清华大学,2024,四川,本科提前批B段,文科,,,638,34,
30,上海外国语大学,2024,四川,本科提前批B段,文科,,,586,1851,
30001,上海外国语大学,2024,四川,本科提前批B段,文科,,,586,1851,
3001,清华大学,2024,四川,本科提前批B段,文科,,,638,34,
307,外交学院,2024,四川,本科提前批B段,文科,,,597,1247,
307001,外交学院,2024,四川,本科提前批B段,文科,,,597,1247,
308,中国人民公安大学,2024,四川,本科提前批B段,文科,,,594,372,
308001,中国人民公安大学,2024,四川,本科提前批B段,文科,,,594,372,
309,国际关系学院,2024,四川,本科提前批B段,文科,,,579,1476,
309001,国际关系学院,2024,四川,本科提前批B段,文科,,,579,1476,
3148,上海纽约大学,2024,四川,本科提前批B段,文科,,,588,2509,
3148001,上海纽约大学,2024,四川,本科提前批B段,文科,,,588,2509,
335,上海海关学院,2024,四川,本科提前批B段,文科,,,584,1657,
335001,上海海关学院,2024,四川,本科提前批B段,文科,,,584,1657,
3611,江西师范大学,2024,四川,本科提前批B段,文科,,,561,7375,
3611001,江西师范大学,2024,四川,本科提前批B段,文科,,,562,7132,
39,浙江大学,2024,四川,本科提前批B段,文科,,,619,347,
39001,浙江大学,2024,四川,本科提前批B段,文科,,,619,347,
42,山东大学,2024,四川,本科提前批B段,文科,,,596,1657,
42001,山东大学,2024,四川,本科提前批B段,文科,,,596,1657,
43,中国海洋大学,2024,四川,本科提前批B段,文科,,,576,3879,
43001,中国海洋大学,2024,四川,本科提前批B段,文科,,,576,3879,
4488,香港中文大学(深圳),2024,四川,本科提前批B段,文科,,,599,1247,
4488001,香港中文大学(深圳),2024,四川,本科提前批B段,文科,,,599,1247,
45,武汉大学,2024,四川,本科提前批B段,文科,,,616,432,
45001,武汉大学,2024,四川,本科提前批B段,文科,,,616,432,
456,西南大学,2024,四川,本科提前批B段,文科,,,585,2884,
456001,西南大学,2024,四川,本科提前批B段,文科,,,585,2884,
48,华中师范大学,2024,四川,本科提前批B段,文科,,,590,432,
49,湖南大学,2024,四川,本科提前批B段,文科,,,590,2276,
49001,湖南大学,2024,四川,本科提前批B段,文科,,,590,2276,
5015,四川外国语大学,2024,四川,本科提前批B段,文科,,,539,4052,
5015001,四川外国语大学,2024,四川,本科提前批B段,文科,,,539,4052,
511,北京师范大学,2024,四川,本科提前批B段,文科,,,585,1948,
5116,西南医科大学,2024,四川,本科提前批B段,文科,,,474,61891,
5135,成都体育学院,2024,四川,本科提前批B段,文科,,,505,9812,
5147,四川旅游学院,2024,四川,本科提前批B段,文科,,,483,24218,
52,四川大学,2024,四川,本科提前批B段,文科,,,598,1476,
52001,四川大学,2024,四川,本科提前批B段,文科,,,598,1476,
5520,四川师范大学,2024,四川,本科提前批B段,文科,,,493,3727,
5522,西华师范大学,2024,四川,本科提前批B段,文科,,,512,8512,
5523,绵阳师范学院,2024,四川,本科提前批B段,文科,,,498,9153,
5526,成都师范学院,2024,四川,本科提前批B段,文科,,,486,12361,
5533,乐山师范学院,2024,四川,本科提前批B段,文科,,,495,8512,
56,西南大学,2024,四川,本科提前批B段,文科,,,581,1319,
58,西安交通大学,2024,四川,本科提前批B段,文科,,,608,796,
58001,西安交通大学,2024,四川,本科提前批B段,文科,,,608,796,
5911,成都大学,2024,四川,本科提前批B段,文科,,,466,20885,
5912,西华师范大学,2024,四川,本科提前批B段,文科,,,461,23679,
5916,四川师范大学,2024,四川,本科提前批B段,文科,,,480,2053,
5940,成都师范学院,2024,四川,本科提前批B段,文科,,,510,6641,
60,陕西师范大学,2024,四川,本科提前批B段,文科,,,578,969,
611,北京师范大学,2024,四川,本科提前批B段,文科,,,590,1476,
611001,北京师范大学,2024,四川,本科提前批B段,文科,,,590,1476,
6119,西安外国语大学,2024,四川,本科提前批B段,文科,,,537,12748,
6119001,西安外国语大学,2024,四川,本科提前批B段,文科,,,537,12748,
6508,新疆师范大学,2024,四川,本科提前批B段,文科,,,526,21982,
6508001,新疆师范大学,2024,四川,本科提前批B段,文科,,,526,21982,
86,中国人民大学,2024,四川,本科提前批B段,文科,,,599,1390,
86001,中国人民大学,2024,四川,本科提前批B段,文科,,,599,1390,
,东北师范大学,2024,四川,本科提前批B段,文科,,,583,1851,
368,郑州警察学院,2024,四川,本科提前批国家专项),文科,,,536,16710,
368001,郑州警察学院,2024,四川,本科提前批国家专项),文科,,,536,16710,
395,中央司法警官学院,2024,四川,本科提前批国家专项),文科,,,531,19272,
395001,中央司法警官学院,2024,四川,本科提前批国家专项),文科,,,531,19272,
1160,北京经贸职业学院,2024,四川,专科批,理科,,,406,248676,
1160001,北京经贸职业学院,2024,四川,专科批,理科,,,406,248676,
1169,北京培黎职业学院,2024,四川,专科批,理科,,,360,264488,
1169001,北京培黎职业学院,2024,四川,专科批,理科,,,360,264488,
1171,北京经济技术职业学院,2024,四川,专科批,理科,,,450,205501,
1171001,北京经济技术职业学院,2024,四川,专科批,理科,,,450,205501,
1186,北京经济管理职业学院,2024,四川,专科批,理科,,,432,225898,
1186001,北京经济管理职业学院,2024,四川,专科批,理科,,,432,225898,
1190,北京信息职业技术学院,2024,四川,专科批,理科,,,456,197921,
1190001,北京信息职业技术学院,2024,四川,专科批,理科,,,456,197921,
1207,天津师范大学,2024,四川,专科批,理科,,,466,184656,
1207001,天津师范大学,2024,四川,专科批,理科,,,466,184656,
1217,天津市职业大学,2024,四川,专科批,理科,,,448,187394,
1217001,天津市职业大学,2024,四川,专科批,理科,,,448,187394,
1225,天津医学高等专科学校,2024,四川,专科批,理科,,,462,140317,
1225001,天津医学高等专科学校,2024,四川,专科批,理科,,,462,140317,
1251,天津天狮学院,2024,四川,专科批,理科,,,331,229889,
1251001,天津天狮学院,2024,四川,专科批,理科,,,331,229889,
1253,天津滨海职业学院,2024,四川,专科批,理科,,,401,206774,
1253001,天津滨海职业学院,2024,四川,专科批,理科,,,401,206774,
1256,天津轻工职业技术学院,2024,四川,专科批,理科,,,442,210394,
1256001,天津轻工职业技术学院,2024,四川,专科批,理科,,,442,210394,
1257,天津电子信息职业技术学院,2024,四川,专科批,理科,,,383,146159,
1257001,天津电子信息职业技术学院,2024,四川,专科批,理科,,,383,146159,
1258,天津渤海职业技术学院,2024,四川,专科批,理科,,,367,218428,
1258001,天津渤海职业技术学院,2024,四川,专科批,理科,,,367,218428,
1259,天津机电职业技术学院,2024,四川,专科批,理科,,,359,206774,
1259001,天津机电职业技术学院,2024,四川,专科批,理科,,,359,206774,
1260,天津现代职业技术学院,2024,四川,专科批,理科,,,316,205501,
1260001,天津现代职业技术学院,2024,四川,专科批,理科,,,316,205501,
1261,天津商务职业学院,2024,四川,专科批,理科,,,394,247174,
1261001,天津商务职业学院,2024,四川,专科批,理科,,,394,247174,
1262,天津工业职业学院,2024,四川,专科批,理科,,,358,232741,
1262001,天津工业职业学院,2024,四川,专科批,理科,,,358,232741,
1264,天津国土资源和房屋职业学院,2024,四川,专科批,理科,,,317,273668,
1264001,天津国土资源和房屋职业学院,2024,四川,专科批,理科,,,317,273668,
1265,天津交通职业学院,2024,四川,专科批,理科,,,417,234643,
1265001,天津交通职业学院,2024,四川,专科批,理科,,,417,234643,
1266,天津铁道职业技术学院,2024,四川,专科批,理科,,,435,204317,
1266001,天津铁道职业技术学院,2024,四川,专科批,理科,,,435,204317,
1267,天津公安警官职业学院,2024,四川,专科批,理科,,,411,244887,
1267001,天津公安警官职业学院,2024,四川,专科批,理科,,,411,244887,
1268,天津石油职业技术学院,2024,四川,专科批,理科,,,423,231777,
1268001,天津石油职业技术学院,2024,四川,专科批,理科,,,423,231777,
1269,天津海运职业学院,2024,四川,专科批,理科,,,388,247174,
1269001,天津海运职业学院,2024,四川,专科批,理科,,,388,247174,
1271,天津生物工程职业技术学院,2024,四川,专科批,理科,,,393,249404,
1271001,天津生物工程职业技术学院,2024,四川,专科批,理科,,,393,249404,
1272,天津城市建设管理职业技术学院,2024,四川,专科批,理科,,,305,258739,
1272001,天津城市建设管理职业技术学院,2024,四川,专科批,理科,,,305,258739,
1273,天津城市职业学院,2024,四川,专科批,理科,,,405,213963,
1273001,天津城市职业学院,2024,四川,专科批,理科,,,405,213963,
1290,天津滨海汽车工程职业学院,2024,四川,专科批,理科,,,185,251569,
1290001,天津滨海汽车工程职业学院,2024,四川,专科批,理科,,,185,251569,
1323,秦皇岛工业职业技术学院,2024,四川,专科批,理科,,,251,293332,
1323001,秦皇岛工业职业技术学院,2024,四川,专科批,理科,,,251,293332,
1335,邢台医学院,2024,四川,专科批,理科,,,456,188810,
1335001,邢台医学院,2024,四川,专科批,理科,,,456,188810,
1336,石家庄医学高等专科学校,2024,四川,专科批,理科,,,286,234643,
1336001,石家庄医学高等专科学校,2024,四川,专科批,理科,,,286,234643,
1343,唐山海运职业学院,2024,四川,专科批,理科,,,308,227906,
1343001,唐山海运职业学院,2024,四川,专科批,理科,,,308,227906,
1351,河北机电职业技术学院,2024,四川,专科批,理科,,,400,247174,
1351001,河北机电职业技术学院,2024,四川,专科批,理科,,,400,247174,
1353,承德护理职业学院,2024,四川,专科批,理科,,,431,220593,
1353001,承德护理职业学院,2024,四川,专科批,理科,,,431,220593,
1354,邯郸职业技术学院,2024,四川,专科批,理科,,,384,252929,
1354001,邯郸职业技术学院,2024,四川,专科批,理科,,,384,252929,
1355,河北旅游职业学院,2024,四川,专科批,理科,,,369,254947,
1355001,河北旅游职业学院,2024,四川,专科批,理科,,,369,254947,
1356,河北轨道运输职业技术学院,2024,四川,专科批,理科,,,428,226913,
1356001,河北轨道运输职业技术学院,2024,四川,专科批,理科,,,428,226913,
1357,石家庄工商职业学院,2024,四川,专科批,理科,,,203,276101,
1357001,石家庄工商职业学院,2024,四川,专科批,理科,,,203,276101,
1359,石家庄铁路职业技术学院,2024,四川,专科批,理科,,,451,195370,
1359001,石家庄铁路职业技术学院,2024,四川,专科批,理科,,,451,195370,
1360,河北能源职业技术学院,2024,四川,专科批,理科,,,150,301825,
1360001,河北能源职业技术学院,2024,四川,专科批,理科,,,150,301825,
1362,石家庄信息工程职业学院,2024,四川,专科批,理科,,,410,237247,
1362001,石家庄信息工程职业学院,2024,四川,专科批,理科,,,410,237247,
1363,河北建材职业技术学院,2024,四川,专科批,理科,,,384,261113,
1363001,河北建材职业技术学院,2024,四川,专科批,理科,,,384,261113,
1364,冀中职业学院,2024,四川,专科批,理科,,,360,266100,
1364001,冀中职业学院,2024,四川,专科批,理科,,,360,266100,
1369,唐山工业职业技术大学,2024,四川,专科批,理科,,,408,222733,
1369001,唐山工业职业技术大学,2024,四川,专科批,理科,,,408,222733,
1370,曹妃甸职业技术学院,2024,四川,专科批,理科,,,254,269334,
1370001,曹妃甸职业技术学院,2024,四川,专科批,理科,,,254,269334,
1371,石家庄城市经济职业学院,2024,四川,专科批,理科,,,150,301825,
1371001,石家庄城市经济职业学院,2024,四川,专科批,理科,,,150,301825,
1372,秦皇岛职业技术学院,2024,四川,专科批,理科,,,389,250867,
1372001,秦皇岛职业技术学院,2024,四川,专科批,理科,,,389,250867,
1374,廊坊卫生职业学院,2024,四川,专科批,理科,,,419,211561,
1374001,廊坊卫生职业学院,2024,四川,专科批,理科,,,419,211561,
1377,河北交通职业技术学院,2024,四川,专科批,理科,,,406,242463,
1377001,河北交通职业技术学院,2024,四川,专科批,理科,,,406,242463,
1378,河北化工医药职业技术学院,2024,四川,专科批,理科,,,407,243313,
1378001,河北化工医药职业技术学院,2024,四川,专科批,理科,,,407,243313,
1379,河北对外经贸职业学院,2024,四川,专科批,理科,,,354,271987,
1379001,河北对外经贸职业学院,2024,四川,专科批,理科,,,354,271987,
1380,石家庄人民医学高等专科学校,2024,四川,专科批,理科,,,420,237247,
1380001,石家庄人民医学高等专科学校,2024,四川,专科批,理科,,,420,237247,
1383,承德应用技术职业学院,2024,四川,专科批,理科,,,379,265566,
1383001,承德应用技术职业学院,2024,四川,专科批,理科,,,379,265566,
1387,石家庄科技信息职业学院,2024,四川,专科批,理科,,,256,280576,
1387001,石家庄科技信息职业学院,2024,四川,专科批,理科,,,256,280576,
1399,唐山幼儿师范高等专科学校,2024,四川,专科批,理科,,,388,254275,
1399001,唐山幼儿师范高等专科学校,2024,四川,专科批,理科,,,388,254275,
1429,山西省财政税务专科学校,2024,四川,专科批,理科,,,423,217300,
1429001,山西省财政税务专科学校,2024,四川,专科批,理科,,,423,217300,
1449,忻州职业技术学院,2024,四川,专科批,理科,,,423,234643,
1449001,忻州职业技术学院,2024,四川,专科批,理科,,,423,234643,
1453,山西工程职业学院,2024,四川,专科批,理科,,,410,234643,
1453001,山西工程职业学院,2024,四川,专科批,理科,,,410,234643,
1459,山西职业技术学院,2024,四川,专科批,理科,,,332,239847,
1459001,山西职业技术学院,2024,四川,专科批,理科,,,332,239847,
1461,山西管理职业学院,2024,四川,专科批,理科,,,404,248676,
1461001,山西管理职业学院,2024,四川,专科批,理科,,,404,248676,
1466,山西机电职业技术学院,2024,四川,专科批,理科,,,410,245643,
1466001,山西机电职业技术学院,2024,四川,专科批,理科,,,410,245643,
1469,临汾职业技术学院,2024,四川,专科批,理科,,,402,241594,
1469001,临汾职业技术学院,2024,四川,专科批,理科,,,402,241594,
1470,山西铁道职业技术学院,2024,四川,专科批,理科,,,345,229889,
1470001,山西铁道职业技术学院,2024,四川,专科批,理科,,,345,229889,
1471,太原城市职业技术学院,2024,四川,专科批,理科,,,385,262270,
1471001,太原城市职业技术学院,2024,四川,专科批,理科,,,385,262270,
1472,山西国际商务职业学院,2024,四川,专科批,理科,,,284,261113,
1472001,山西国际商务职业学院,2024,四川,专科批,理科,,,284,261113,
1475,山西体育职业学院,2024,四川,专科批,理科,,,343,273668,
1475001,山西体育职业学院,2024,四川,专科批,理科,,,343,273668,
1477,运城护理职业学院,2024,四川,专科批,理科,,,440,217300,
1477001,运城护理职业学院,2024,四川,专科批,理科,,,440,217300,
1480,阳泉师范高等专科学校,2024,四川,专科批,理科,,,406,236395,
1480001,阳泉师范高等专科学校,2024,四川,专科批,理科,,,406,236395,
1485,大同师范高等专科学校,2024,四川,专科批,理科,,,391,243313,
1485001,大同师范高等专科学校,2024,四川,专科批,理科,,,391,243313,
1493,山西同文职业技术学院,2024,四川,专科批,理科,,,343,263380,
1493001,山西同文职业技术学院,2024,四川,专科批,理科,,,343,263380,
1497,运城幼儿师范高等专科学校,2024,四川,专科批,理科,,,381,264488,
1497001,运城幼儿师范高等专科学校,2024,四川,专科批,理科,,,381,264488,
1551,包头职业技术学院,2024,四川,专科批,理科,,,356,270236,
1551001,包头职业技术学院,2024,四川,专科批,理科,,,356,270236,
1552,内蒙古建筑职业技术学院,2024,四川,专科批,理科,,,253,205501,
1552001,内蒙古建筑职业技术学院,2024,四川,专科批,理科,,,253,205501,
1555,包头铁道职业技术学院,2024,四川,专科批,理科,,,407,239847,
1555001,包头铁道职业技术学院,2024,四川,专科批,理科,,,407,239847,
1558,赤峰工业职业技术学院,2024,四川,专科批,理科,,,332,272419,
1558001,赤峰工业职业技术学院,2024,四川,专科批,理科,,,332,272419,
1561,满洲里俄语职业学院,2024,四川,专科批,理科,,,316,287591,
1561001,满洲里俄语职业学院,2024,四川,专科批,理科,,,316,287591,
1689,石家庄邮电职业技术学院,2024,四川,专科批,理科,,,453,174832,
1689001,石家庄邮电职业技术学院,2024,四川,专科批,理科,,,453,174832,
1752,河北科技工程职业技术大学,2024,四川,专科批,理科,,,412,238129,
1752001,河北科技工程职业技术大学,2024,四川,专科批,理科,,,412,238129,
1835,北京中医药大学东方学院,2024,四川,专科批,理科,,,421,232741,
1835001,北京中医药大学东方学院,2024,四川,专科批,理科,,,421,232741,
1838,沧州幼儿师范高等专科学校,2024,四川,专科批,理科,,,329,279880,
1838001,沧州幼儿师范高等专科学校,2024,四川,专科批,理科,,,329,279880,
1839,石家庄幼儿师范高等专科学校,2024,四川,专科批,理科,,,375,262270,
1839001,石家庄幼儿师范高等专科学校,2024,四川,专科批,理科,,,375,262270,
1841,河北司法警官职业学院,2024,四川,专科批,理科,,,431,209184,
1841001,河北司法警官职业学院,2024,四川,专科批,理科,,,431,209184,
1844,沧州医学高等专科学校,2024,四川,专科批,理科,,,447,191450,
1844001,沧州医学高等专科学校,2024,四川,专科批,理科,,,447,191450,
1846,宣化科技职业学院,2024,四川,专科批,理科,,,317,261687,
1846001,宣化科技职业学院,2024,四川,专科批,理科,,,317,261687,
1847,河北软件职业技术学院,2024,四川,专科批,理科,,,409,246395,
1847001,河北软件职业技术学院,2024,四川,专科批,理科,,,409,246395,
1849,保定幼儿师范高等专科学校,2024,四川,专科批,理科,,,390,254275,
1849001,保定幼儿师范高等专科学校,2024,四川,专科批,理科,,,390,254275,
1850,廊坊燕京职业技术学院,2024,四川,专科批,理科,,,366,266100,
1850001,廊坊燕京职业技术学院,2024,四川,专科批,理科,,,366,266100,
1854,张家口职业技术学院,2024,四川,专科批,理科,,,372,266573,
1854001,张家口职业技术学院,2024,四川,专科批,理科,,,372,266573,
1857,河北女子职业技术学院,2024,四川,专科批,理科,,,412,244122,
1857001,河北女子职业技术学院,2024,四川,专科批,理科,,,412,244122,
1858,唐山职业技术学院,2024,四川,专科批,理科,,,437,215105,
1858001,唐山职业技术学院,2024,四川,专科批,理科,,,437,215105,
1859,渤海理工职业学院,2024,四川,专科批,理科,,,150,301825,
1859001,渤海理工职业学院,2024,四川,专科批,理科,,,150,301825,
1860,廊坊职业技术学院,2024,四川,专科批,理科,,,384,256174,
1860001,廊坊职业技术学院,2024,四川,专科批,理科,,,384,256174,
1908,内蒙古北方职业技术学院,2024,四川,专科批,理科,,,271,276101,
1908001,内蒙古北方职业技术学院,2024,四川,专科批,理科,,,271,276101,
1917,山西金融职业学院,2024,四川,专科批,理科,,,391,256839,
1917001,山西金融职业学院,2024,四川,专科批,理科,,,391,256839,
1918,北京电子科技职业学院,2024,四川,专科批,理科,,,484,144724,
1918001,北京电子科技职业学院,2024,四川,专科批,理科,,,484,144724,
2127,鞍山师范学院,2024,四川,专科批,理科,,,406,225898,
2127001,鞍山师范学院,2024,四川,专科批,理科,,,406,225898,
2130,铁岭师范高等专科学校,2024,四川,专科批,理科,,,361,252929,
2130001,铁岭师范高等专科学校,2024,四川,专科批,理科,,,361,252929,
2132,抚顺师范高等专科学校,2024,四川,专科批,理科,,,366,207998,
2132001,抚顺师范高等专科学校,2024,四川,专科批,理科,,,366,207998,
2133,朝阳师范学院,2024,四川,专科批,理科,,,413,216207,
2133001,朝阳师范学院,2024,四川,专科批,理科,,,413,216207,
2134,沈阳医学院,2024,四川,专科批,理科,,,463,156250,
2134001,沈阳医学院,2024,四川,专科批,理科,,,463,156250,
2137,辽宁省交通高等专科学校,2024,四川,专科批,理科,,,415,219473,
2137001,辽宁省交通高等专科学校,2024,四川,专科批,理科,,,415,219473,
2146,辽宁农业职业技术学院,2024,四川,专科批,理科,,,408,231777,
2146001,辽宁农业职业技术学院,2024,四川,专科批,理科,,,408,231777,
2152,沈阳职业技术学院,2024,四川,专科批,理科,,,376,250142,
2152001,沈阳职业技术学院,2024,四川,专科批,理科,,,376,250142,
2153,辽宁特殊教育师范高等专科学校,2024,四川,专科批,理科,,,337,278848,
2153001,辽宁特殊教育师范高等专科学校,2024,四川,专科批,理科,,,337,278848,
2154,辽宁经济职业技术学院,2024,四川,专科批,理科,,,257,263380,
2154001,辽宁经济职业技术学院,2024,四川,专科批,理科,,,257,263380,
2155,大连职业技术学院,2024,四川,专科批,理科,,,391,246395,
2155001,大连职业技术学院,2024,四川,专科批,理科,,,391,246395,
2157,辽宁民族师范高等专科学校,2024,四川,专科批,理科,,,362,261687,
2157001,辽宁民族师范高等专科学校,2024,四川,专科批,理科,,,362,261687,
2158,辽阳职业技术学院,2024,四川,专科批,理科,,,305,286436,
2158001,辽阳职业技术学院,2024,四川,专科批,理科,,,305,286436,
2159,辽东学院,2024,四川,专科批,理科,,,457,188810,
2159001,辽东学院,2024,四川,专科批,理科,,,457,188810,
2161,大连汽车职业技术学院,2024,四川,专科批,理科,,,228,292866,
2161001,大连汽车职业技术学院,2024,四川,专科批,理科,,,228,292866,
2162,营口职业技术学院,2024,四川,专科批,理科,,,370,257492,
2162001,营口职业技术学院,2024,四川,专科批,理科,,,370,257492,
2163,辽宁医药职业学院,2024,四川,专科批,理科,,,380,219473,
2163001,辽宁医药职业学院,2024,四川,专科批,理科,,,380,219473,
2164,辽宁金融职业学院,2024,四川,专科批,理科,,,355,203047,
2164001,辽宁金融职业学院,2024,四川,专科批,理科,,,355,203047,
2165,辽宁铁道职业技术学院,2024,四川,专科批,理科,,,417,197921,
2165001,辽宁铁道职业技术学院,2024,四川,专科批,理科,,,417,197921,
2166,辽宁工程职业学院,2024,四川,专科批,理科,,,350,275710,
2166001,辽宁工程职业学院,2024,四川,专科批,理科,,,350,275710,
2167,抚顺职业技术学院,2024,四川,专科批,理科,,,345,274088,
2167001,抚顺职业技术学院,2024,四川,专科批,理科,,,345,274088,
2168,渤海船舶职业学院,2024,四川,专科批,理科,,,402,234643,
2168001,渤海船舶职业学院,2024,四川,专科批,理科,,,402,234643,
2169,铁岭卫生职业学院,2024,四川,专科批,理科,,,387,256174,
2169001,铁岭卫生职业学院,2024,四川,专科批,理科,,,387,256174,
2170,辽宁职业学院,2024,四川,专科批,理科,,,378,261687,
2170001,辽宁职业学院,2024,四川,专科批,理科,,,378,261687,
2171,大连装备制造职业技术学院,2024,四川,专科批,理科,,,393,257492,
2171001,大连装备制造职业技术学院,2024,四川,专科批,理科,,,393,257492,
2172,辽宁建筑职业学院,2024,四川,专科批,理科,,,348,271987,
2172001,辽宁建筑职业学院,2024,四川,专科批,理科,,,348,271987,
2173,辽宁地质工程职业学院,2024,四川,专科批,理科,,,329,275306,
2173001,辽宁地质工程职业学院,2024,四川,专科批,理科,,,329,275306,
2175,辽宁传媒学院,2024,四川,专科批,理科,,,150,301825,
2175001,辽宁传媒学院,2024,四川,专科批,理科,,,150,301825,
2176,盘锦职业技术学院,2024,四川,专科批,理科,,,335,276840,
2176001,盘锦职业技术学院,2024,四川,专科批,理科,,,335,276840,
2177,沈阳北软信息职业技术学院,2024,四川,专科批,理科,,,183,299978,
2177001,沈阳北软信息职业技术学院,2024,四川,专科批,理科,,,183,299978,
2178,辽宁冶金职业技术学院,2024,四川,专科批,理科,,,364,262270,
2178001,辽宁冶金职业技术学院,2024,四川,专科批,理科,,,364,262270,
2179,锦州师范高等专科学校,2024,四川,专科批,理科,,,381,262840,
2179001,锦州师范高等专科学校,2024,四川,专科批,理科,,,381,262840,
2183,大连财经学院,2024,四川,专科批,理科,,,277,266100,
2183001,大连财经学院,2024,四川,专科批,理科,,,277,266100,
2186,阜新高等专科学校,2024,四川,专科批,理科,,,354,268448,
2186001,阜新高等专科学校,2024,四川,专科批,理科,,,354,268448,
2188,大连东软信息学院,2024,四川,专科批,理科,,,211,274088,
2188001,大连东软信息学院,2024,四川,专科批,理科,,,211,274088,
2189,辽宁理工学院,2024,四川,专科批,理科,,,253,291038,
2189001,辽宁理工学院,2024,四川,专科批,理科,,,253,291038,
2190,大连科技学院,2024,四川,专科批,理科,,,255,291886,
2190001,大连科技学院,2024,四川,专科批,理科,,,255,291886,
2191,辽宁何氏医学院,2024,四川,专科批,理科,,,233,296274,
2191001,辽宁何氏医学院,2024,四川,专科批,理科,,,233,296274,
2192,沈阳工学院,2024,四川,专科批,理科,,,276,279186,
2192001,沈阳工学院,2024,四川,专科批,理科,,,276,279186,
2193,辽宁装备制造职业技术学院,2024,四川,专科批,理科,,,374,262270,
2193001,辽宁装备制造职业技术学院,2024,四川,专科批,理科,,,374,262270,
2196,沈阳城市建设学院,2024,四川,专科批,理科,,,177,276101,
2196001,沈阳城市建设学院,2024,四川,专科批,理科,,,177,276101,
2198,辽宁生态工程职业学院,2024,四川,专科批,理科,,,280,252929,
2198001,辽宁生态工程职业学院,2024,四川,专科批,理科,,,280,252929,
2227,长春金融高等专科学校,2024,四川,专科批,理科,,,396,218428,
2227001,长春金融高等专科学校,2024,四川,专科批,理科,,,396,218428,
2233,长春医学高等专科学校,2024,四川,专科批,理科,,,471,153336,
2233001,长春医学高等专科学校,2024,四川,专科批,理科,,,471,153336,
2234,白城医学高等专科学校,2024,四川,专科批,理科,,,461,188810,
2234001,白城医学高等专科学校,2024,四川,专科批,理科,,,461,188810,
2253,长春健康职业学院,2024,四川,专科批,理科,,,150,301825,
2253001,长春健康职业学院,2024,四川,专科批,理科,,,150,301825,
2254,松原职业技术学院,2024,四川,专科批,理科,,,334,283039,
2254001,松原职业技术学院,2024,四川,专科批,理科,,,334,283039,
2257,吉林司法警官职业学院,2024,四川,专科批,理科,,,415,239847,
2257001,吉林司法警官职业学院,2024,四川,专科批,理科,,,415,239847,
2259,吉林铁道职业技术学院,2024,四川,专科批,理科,,,444,199177,
2259001,吉林铁道职业技术学院,2024,四川,专科批,理科,,,444,199177,
2287,白城职业技术学院,2024,四川,专科批,理科,,,318,287147,
2287001,白城职业技术学院,2024,四川,专科批,理科,,,318,287147,
2294,辽源职业技术学院,2024,四川,专科批,理科,,,340,270666,
2294001,辽源职业技术学院,2024,四川,专科批,理科,,,340,270666,
2297,吉林电子信息职业技术学院,2024,四川,专科批,理科,,,358,274891,
2297001,吉林电子信息职业技术学院,2024,四川,专科批,理科,,,358,274891,
2328,齐齐哈尔高等师范专科学校,2024,四川,专科批,理科,,,364,252929,
2328001,齐齐哈尔高等师范专科学校,2024,四川,专科批,理科,,,364,252929,
2332,大庆医学高等专科学校,2024,四川,专科批,理科,,,394,196625,
2332001,大庆医学高等专科学校,2024,四川,专科批,理科,,,394,196625,
2335,黑龙江护理高等专科学校,2024,四川,专科批,理科,,,430,211561,
2335001,黑龙江护理高等专科学校,2024,四川,专科批,理科,,,430,211561,
2340,牡丹江大学,2024,四川,专科批,理科,,,254,255551,
2340001,牡丹江大学,2024,四川,专科批,理科,,,254,255551,
2351,黑龙江建筑职业技术学院,2024,四川,专科批,理科,,,417,222733,
2351001,黑龙江建筑职业技术学院,2024,四川,专科批,理科,,,417,222733,
2352,佳木斯职业学院,2024,四川,专科批,理科,,,340,281206,
2352001,佳木斯职业学院,2024,四川,专科批,理科,,,340,281206,
2353,黑龙江农垦职业学院,2024,四川,专科批,理科,,,358,268448,
2353001,黑龙江农垦职业学院,2024,四川,专科批,理科,,,358,268448,
2355,黑龙江交通职业技术学院,2024,四川,专科批,理科,,,401,245643,
2355001,黑龙江交通职业技术学院,2024,四川,专科批,理科,,,401,245643,
2356,黑龙江司法警官职业学院,2024,四川,专科批,理科,,,407,242463,
2356001,黑龙江司法警官职业学院,2024,四川,专科批,理科,,,407,242463,
2357,黑龙江农业工程职业学院,2024,四川,专科批,理科,,,394,241594,
2357001,黑龙江农业工程职业学院,2024,四川,专科批,理科,,,394,241594,
2359,哈尔滨职业技术大学,2024,四川,专科批,理科,,,421,194087,
2359001,哈尔滨职业技术大学,2024,四川,专科批,理科,,,421,194087,
2362,哈尔滨铁道职业技术学院,2024,四川,专科批,理科,,,429,211561,
2362001,哈尔滨铁道职业技术学院,2024,四川,专科批,理科,,,429,211561,
2365,黑龙江农业经济职业学院,2024,四川,专科批,理科,,,392,244887,
2365001,黑龙江农业经济职业学院,2024,四川,专科批,理科,,,392,244887,
2368,黑龙江职业学院,2024,四川,专科批,理科,,,308,238129,
2368001,黑龙江职业学院,2024,四川,专科批,理科,,,308,238129,
2369,黑龙江旅游职业技术学院,2024,四川,专科批,理科,,,337,262840,
2369001,黑龙江旅游职业技术学院,2024,四川,专科批,理科,,,337,262840,
2370,伊春职业学院,2024,四川,专科批,理科,,,374,222733,
2370001,伊春职业学院,2024,四川,专科批,理科,,,374,222733,
2373,大庆职业学院,2024,四川,专科批,理科,,,223,236395,
2373001,大庆职业学院,2024,四川,专科批,理科,,,223,236395,
2376,黑龙江能源职业学院,2024,四川,专科批,理科,,,323,280234,
2376001,黑龙江能源职业学院,2024,四川,专科批,理科,,,323,280234,
2379,大兴安岭职业学院,2024,四川,专科批,理科,,,414,229889,
2379001,大兴安岭职业学院,2024,四川,专科批,理科,,,414,229889,
2393,哈尔滨幼儿师范高等专科学校,2024,四川,专科批,理科,,,347,274088,
2393001,哈尔滨幼儿师范高等专科学校,2024,四川,专科批,理科,,,347,274088,
2395,鹤岗师范高等专科学校,2024,四川,专科批,理科,,,358,273668,
2395001,鹤岗师范高等专科学校,2024,四川,专科批,理科,,,358,273668,
2396,黑龙江林业职业技术学院,2024,四川,专科批,理科,,,327,281836,
2396001,黑龙江林业职业技术学院,2024,四川,专科批,理科,,,327,281836,
2398,哈尔滨应用职业技术学院,2024,四川,专科批,理科,,,313,284897,
2398001,哈尔滨应用职业技术学院,2024,四川,专科批,理科,,,313,284897,
2399,黑龙江民族职业学院,2024,四川,专科批,理科,,,277,245643,
2399001,黑龙江民族职业学院,2024,四川,专科批,理科,,,277,245643,
2441,黑龙江生态工程职业学院,2024,四川,专科批,理科,,,351,268909,
2441001,黑龙江生态工程职业学院,2024,四川,专科批,理科,,,351,268909,
2442,哈尔滨科学技术职业学院,2024,四川,专科批,理科,,,291,272419,
2442001,哈尔滨科学技术职业学院,2024,四川,专科批,理科,,,291,272419,
2446,黑龙江农业职业技术学院,2024,四川,专科批,理科,,,374,267979,
2446001,黑龙江农业职业技术学院,2024,四川,专科批,理科,,,374,267979,
2447,黑龙江幼儿师范高等专科学校,2024,四川,专科批,理科,,,370,265566,
2447001,黑龙江幼儿师范高等专科学校,2024,四川,专科批,理科,,,370,265566,
2551,辽宁现代服务职业技术学院,2024,四川,专科批,理科,,,311,270666,
2551001,辽宁现代服务职业技术学院,2024,四川,专科批,理科,,,311,270666,
2553,大连航运职业技术学院,2024,四川,专科批,理科,,,250,291886,
2553001,大连航运职业技术学院,2024,四川,专科批,理科,,,250,291886,
2554,辽宁广告职业学院,2024,四川,专科批,理科,,,323,276101,
2554001,辽宁广告职业学院,2024,四川,专科批,理科,,,323,276101,
2555,辽宁理工职业大学,2024,四川,专科批,理科,,,177,296640,
2555001,辽宁理工职业大学,2024,四川,专科批,理科,,,177,296640,
2556,辽宁石化职业技术学院,2024,四川,专科批,理科,,,372,252258,
2556001,辽宁石化职业技术学院,2024,四川,专科批,理科,,,372,252258,
2558,辽宁机电职业技术学院,2024,四川,专科批,理科,,,398,234643,
2558001,辽宁机电职业技术学院,2024,四川,专科批,理科,,,398,234643,
2560,辽宁轻工职业学院,2024,四川,专科批,理科,,,374,261113,
2560001,辽宁轻工职业学院,2024,四川,专科批,理科,,,374,261113,
2563,辽宁轨道交通职业学院,2024,四川,专科批,理科,,,406,238967,
2563001,辽宁轨道交通职业学院,2024,四川,专科批,理科,,,406,238967,
2802,通化医药健康职业学院,2024,四川,专科批,理科,,,354,233683,
2802001,通化医药健康职业学院,2024,四川,专科批,理科,,,354,233683,
3119,上海旅游高等专科学校,2024,四川,专科批,理科,,,415,230819,
3119001,上海旅游高等专科学校,2024,四川,专科批,理科,,,415,230819,
3135,上海出版印刷高等专科学校,2024,四川,专科批,理科,,,439,210394,
3135001,上海出版印刷高等专科学校,2024,四川,专科批,理科,,,439,210394,
3140,上海杉达学院,2024,四川,专科批,理科,,,454,199177,
3140001,上海杉达学院,2024,四川,专科批,理科,,,454,199177,
3151,上海城建职业学院,2024,四川,专科批,理科,,,383,207998,
3151001,上海城建职业学院,2024,四川,专科批,理科,,,383,207998,
3153,上海交通职业技术学院,2024,四川,专科批,理科,,,442,204317,
3153001,上海交通职业技术学院,2024,四川,专科批,理科,,,442,204317,
3156,上海济光职业技术学院,2024,四川,专科批,理科,,,340,278202,
3156001,上海济光职业技术学院,2024,四川,专科批,理科,,,340,278202,
3157,上海建桥学院,2024,四川,专科批,理科,,,408,228888,
3157001,上海建桥学院,2024,四川,专科批,理科,,,408,228888,
3158,上海工商外国语职业学院,2024,四川,专科批,理科,,,353,276840,
3158001,上海工商外国语职业学院,2024,四川,专科批,理科,,,353,276840,
3159,上海东海职业技术学院,2024,四川,专科批,理科,,,272,295226,
3159001,上海东海职业技术学院,2024,四川,专科批,理科,,,272,295226,
3160,上海工商职业技术学院,2024,四川,专科批,理科,,,363,272844,
3160001,上海工商职业技术学院,2024,四川,专科批,理科,,,363,272844,
3161,上海电子信息职业技术学院,2024,四川,专科批,理科,,,450,195370,
3161001,上海电子信息职业技术学院,2024,四川,专科批,理科,,,450,195370,
3162,上海震旦职业学院,2024,四川,专科批,理科,,,331,272844,
3162001,上海震旦职业学院,2024,四川,专科批,理科,,,331,272844,
3164,上海行健职业学院,2024,四川,专科批,理科,,,434,218428,
3164001,上海行健职业学院,2024,四川,专科批,理科,,,434,218428,
3165,上海中侨职业技术大学,2024,四川,专科批,理科,,,309,271104,
3165001,上海中侨职业技术大学,2024,四川,专科批,理科,,,309,271104,
3170,上海邦德职业技术学院,2024,四川,专科批,理科,,,348,248676,
3170001,上海邦德职业技术学院,2024,四川,专科批,理科,,,348,248676,
3171,上海思博职业技术学院,2024,四川,专科批,理科,,,239,286218,
3171001,上海思博职业技术学院,2024,四川,专科批,理科,,,239,286218,
3174,上海工艺美术职业学院,2024,四川,专科批,理科,,,452,194087,
3174001,上海工艺美术职业学院,2024,四川,专科批,理科,,,452,194087,
3177,上海科学技术职业学院,2024,四川,专科批,理科,,,457,192766,
3177001,上海科学技术职业学院,2024,四川,专科批,理科,,,457,192766,
3184,上海农林职业技术学院,2024,四川,专科批,理科,,,441,205501,
3184001,上海农林职业技术学院,2024,四川,专科批,理科,,,441,205501,
3191,上海民远职业技术学院,2024,四川,专科批,理科,,,395,256174,
3191001,上海民远职业技术学院,2024,四川,专科批,理科,,,395,256174,
3229,江苏信息职业技术学院,2024,四川,专科批,理科,,,452,186060,
3229001,江苏信息职业技术学院,2024,四川,专科批,理科,,,452,186060,
3232,南通科技职业学院,2024,四川,专科批,理科,,,339,226913,
3232001,南通科技职业学院,2024,四川,专科批,理科,,,339,226913,
3236,镇江市高等专科学校,2024,四川,专科批,理科,,,404,233683,
3236001,镇江市高等专科学校,2024,四川,专科批,理科,,,404,233683,
3238,江苏城乡建设职业学院,2024,四川,专科批,理科,,,390,252258,
3238001,江苏城乡建设职业学院,2024,四川,专科批,理科,,,390,252258,
3242,连云港师范高等专科学校,2024,四川,专科批,理科,,,415,215105,
3242001,连云港师范高等专科学校,2024,四川,专科批,理科,,,415,215105,
3246,扬州市职业大学,2024,四川,专科批,理科,,,432,211561,
3246001,扬州市职业大学,2024,四川,专科批,理科,,,432,211561,
3251,南京信息职业技术学院,2024,四川,专科批,理科,,,475,137269,
3251001,南京信息职业技术学院,2024,四川,专科批,理科,,,475,137269,
3252,连云港职业技术学院,2024,四川,专科批,理科,,,421,236395,
3252001,连云港职业技术学院,2024,四川,专科批,理科,,,421,236395,
3255,江苏农牧科技职业学院,2024,四川,专科批,理科,,,463,167724,
3255001,江苏农牧科技职业学院,2024,四川,专科批,理科,,,463,167724,
3256,江苏医药职业学院,2024,四川,专科批,理科,,,454,194087,
3256001,江苏医药职业学院,2024,四川,专科批,理科,,,454,194087,
3257,常州工程职业技术学院,2024,四川,专科批,理科,,,426,223794,
3257001,常州工程职业技术学院,2024,四川,专科批,理科,,,426,223794,
3259,扬州工业职业技术学院,2024,四川,专科批,理科,,,420,237247,
3259001,扬州工业职业技术学院,2024,四川,专科批,理科,,,420,237247,
3261,常州信息职业技术学院,2024,四川,专科批,理科,,,466,176253,
3261001,常州信息职业技术学院,2024,四川,专科批,理科,,,466,176253,
3263,江苏航空职业技术学院,2024,四川,专科批,理科,,,438,192766,
3263001,江苏航空职业技术学院,2024,四川,专科批,理科,,,438,192766,
3264,江苏建筑职业技术学院,2024,四川,专科批,理科,,,435,216207,
3264001,江苏建筑职业技术学院,2024,四川,专科批,理科,,,435,216207,
3265,江苏工程职业技术学院,2024,四川,专科批,理科,,,440,217300,
3265001,江苏工程职业技术学院,2024,四川,专科批,理科,,,440,217300,
3266,苏州工业园区职业技术学院,2024,四川,专科批,理科,,,402,243313,
3266001,苏州工业园区职业技术学院,2024,四川,专科批,理科,,,402,243313,
3267,太湖创意职业技术学院,2024,四川,专科批,理科,,,270,293904,
3267001,太湖创意职业技术学院,2024,四川,专科批,理科,,,270,293904,
3268,南京交通职业技术学院,2024,四川,专科批,理科,,,427,226913,
3268001,南京交通职业技术学院,2024,四川,专科批,理科,,,427,226913,
3269,江苏农林职业技术学院,2024,四川,专科批,理科,,,439,218428,
3269001,江苏农林职业技术学院,2024,四川,专科批,理科,,,439,218428,
3270,明达职业技术学院,2024,四川,专科批,理科,,,150,301825,
3270001,明达职业技术学院,2024,四川,专科批,理科,,,150,301825,
3273,九州职业技术学院,2024,四川,专科批,理科,,,150,301825,
3273001,九州职业技术学院,2024,四川,专科批,理科,,,150,301825,
3274,江苏经贸职业技术学院,2024,四川,专科批,理科,,,439,213963,
3274001,江苏经贸职业技术学院,2024,四川,专科批,理科,,,439,213963,
3275,苏州工业职业技术学院,2024,四川,专科批,理科,,,451,195370,
3275001,苏州工业职业技术学院,2024,四川,专科批,理科,,,451,195370,
3277,南京科技职业学院,2024,四川,专科批,理科,,,354,182021,
3277001,南京科技职业学院,2024,四川,专科批,理科,,,354,182021,
3278,泰州职业技术学院,2024,四川,专科批,理科,,,426,218428,
3278001,泰州职业技术学院,2024,四川,专科批,理科,,,426,218428,
3279,常州机电职业技术学院,2024,四川,专科批,理科,,,454,194087,
3279001,常州机电职业技术学院,2024,四川,专科批,理科,,,454,194087,
3280,江苏电子信息职业学院,2024,四川,专科批,理科,,,428,229889,
3280001,江苏电子信息职业学院,2024,四川,专科批,理科,,,428,229889,
3281,南京铁道职业技术学院,2024,四川,专科批,理科,,,493,134379,
3281001,南京铁道职业技术学院,2024,四川,专科批,理科,,,493,134379,
3284,徐州工业职业技术学院,2024,四川,专科批,理科,,,437,211561,
3284001,徐州工业职业技术学院,2024,四川,专科批,理科,,,437,211561,
3285,江苏食品药品职业技术学院,2024,四川,专科批,理科,,,424,231777,
3285001,江苏食品药品职业技术学院,2024,四川,专科批,理科,,,424,231777,
3287,硅湖职业技术学院,2024,四川,专科批,理科,,,280,267979,
3287001,硅湖职业技术学院,2024,四川,专科批,理科,,,280,267979,
3336,宁波卫生职业技术学院,2024,四川,专科批,理科,,,453,195370,
3336001,宁波卫生职业技术学院,2024,四川,专科批,理科,,,453,195370,
3337,浙江安防职业技术学院,2024,四川,专科批,理科,,,391,258739,
3337001,浙江安防职业技术学院,2024,四川,专科批,理科,,,391,258739,
3342,温州商学院,2024,四川,专科批,理科,,,368,228888,
3342001,温州商学院,2024,四川,专科批,理科,,,368,228888,
3343,浙江国际海运职业技术学院,2024,四川,专科批,理科,,,410,234643,
3343001,浙江国际海运职业技术学院,2024,四川,专科批,理科,,,410,234643,
3344,台州科技职业学院,2024,四川,专科批,理科,,,420,237247,
3344001,台州科技职业学院,2024,四川,专科批,理科,,,420,237247,
3345,南京城市职业学院,2024,四川,专科批,理科,,,439,211561,
3345001,南京城市职业学院,2024,四川,专科批,理科,,,439,211561,
3346,浙江邮电职业技术学院,2024,四川,专科批,理科,,,440,216207,
3346001,浙江邮电职业技术学院,2024,四川,专科批,理科,,,440,216207,
3351,浙江金融职业学院,2024,四川,专科批,理科,,,461,182021,
3351001,浙江金融职业学院,2024,四川,专科批,理科,,,461,182021,
3352,浙江交通职业技术学院,2024,四川,专科批,理科,,,447,204317,
3352001,浙江交通职业技术学院,2024,四川,专科批,理科,,,447,204317,
3354,宁波职业技术学院,2024,四川,专科批,理科,,,459,190094,
3354001,宁波职业技术学院,2024,四川,专科批,理科,,,459,190094,
3355,宁波城市职业技术学院,2024,四川,专科批,理科,,,423,212778,
3355001,宁波城市职业技术学院,2024,四川,专科批,理科,,,423,212778,
3356,温州职业技术学院,2024,四川,专科批,理科,,,444,199177,
3356001,温州职业技术学院,2024,四川,专科批,理科,,,444,199177,
3357,金华职业技术大学,2024,四川,专科批,理科,,,478,144724,
3357001,金华职业技术大学,2024,四川,专科批,理科,,,478,144724,
3359,浙江商业职业技术学院,2024,四川,专科批,理科,,,412,196625,
3359001,浙江商业职业技术学院,2024,四川,专科批,理科,,,412,196625,
3360,浙江工贸职业技术学院,2024,四川,专科批,理科,,,347,191450,
3360001,浙江工贸职业技术学院,2024,四川,专科批,理科,,,347,191450,
3363,浙江旅游职业学院,2024,四川,专科批,理科,,,357,220593,
3363001,浙江旅游职业学院,2024,四川,专科批,理科,,,357,220593,
3368,杭州科技职业技术学院,2024,四川,专科批,理科,,,460,192766,
3368001,杭州科技职业技术学院,2024,四川,专科批,理科,,,460,192766,
3369,浙江机电职业技术大学,2024,四川,专科批,理科,,,466,170539,
3369001,浙江机电职业技术大学,2024,四川,专科批,理科,,,466,170539,
3370,义乌工商职业技术学院,2024,四川,专科批,理科,,,429,223794,
3370001,义乌工商职业技术学院,2024,四川,专科批,理科,,,429,223794,
3371,湖州职业技术学院,2024,四川,专科批,理科,,,404,250142,
3371001,湖州职业技术学院,2024,四川,专科批,理科,,,404,250142,
3372,浙江建设职业技术学院,2024,四川,专科批,理科,,,444,184656,
3372001,浙江建设职业技术学院,2024,四川,专科批,理科,,,444,184656,
3374,浙江工商职业技术学院,2024,四川,专科批,理科,,,446,195370,
3374001,浙江工商职业技术学院,2024,四川,专科批,理科,,,446,195370,
3375,浙江同济科技职业学院,2024,四川,专科批,理科,,,441,211561,
3375001,浙江同济科技职业学院,2024,四川,专科批,理科,,,441,211561,
3377,杭州职业技术学院,2024,四川,专科批,理科,,,473,160534,
3377001,杭州职业技术学院,2024,四川,专科批,理科,,,473,160534,
3384,浙江广厦建设职业技术大学,2024,四川,专科批,理科,,,338,234643,
3384001,浙江广厦建设职业技术大学,2024,四川,专科批,理科,,,338,234643,
3425,安徽中医药高等专科学校,2024,四川,专科批,理科,,,457,173422,
3425001,安徽中医药高等专科学校,2024,四川,专科批,理科,,,457,173422,
3426,马鞍山师范高等专科学校,2024,四川,专科批,理科,,,375,262840,
3426001,马鞍山师范高等专科学校,2024,四川,专科批,理科,,,375,262840,
3430,淮南联合大学,2024,四川,专科批,理科,,,436,212778,
3430001,淮南联合大学,2024,四川,专科批,理科,,,436,212778,
3451,安徽职业技术学院,2024,四川,专科批,理科,,,435,205501,
3451001,安徽职业技术学院,2024,四川,专科批,理科,,,435,205501,
3458,安庆医药高等专科学校,2024,四川,专科批,理科,,,445,199177,
3458001,安庆医药高等专科学校,2024,四川,专科批,理科,,,445,199177,
3460,安徽警官职业学院,2024,四川,专科批,理科,,,423,234643,
3460001,安徽警官职业学院,2024,四川,专科批,理科,,,423,234643,
3467,安徽工商职业学院,2024,四川,专科批,理科,,,401,238967,
3467001,安徽工商职业学院,2024,四川,专科批,理科,,,401,238967,
3468,安徽粮食工程职业学院,2024,四川,专科批,理科,,,361,265566,
3468001,安徽粮食工程职业学院,2024,四川,专科批,理科,,,361,265566,
3474,安徽医学高等专科学校,2024,四川,专科批,理科,,,454,187394,
3474001,安徽医学高等专科学校,2024,四川,专科批,理科,,,454,187394,
3475,安徽工业经济职业技术学院,2024,四川,专科批,理科,,,416,240710,
3475001,安徽工业经济职业技术学院,2024,四川,专科批,理科,,,416,240710,
3476,合肥通用职业技术学院,2024,四川,专科批,理科,,,398,147598,
3476001,合肥通用职业技术学院,2024,四川,专科批,理科,,,398,147598,
3478,滁州职业技术学院,2024,四川,专科批,理科,,,390,259340,
3478001,滁州职业技术学院,2024,四川,专科批,理科,,,390,259340,
3479,宣城职业技术学院,2024,四川,专科批,理科,,,405,247174,
3479001,宣城职业技术学院,2024,四川,专科批,理科,,,405,247174,
3484,蚌埠经济技术职业学院,2024,四川,专科批,理科,,,214,273668,
3484001,蚌埠经济技术职业学院,2024,四川,专科批,理科,,,214,273668,
3486,安徽汽车职业技术学院,2024,四川,专科批,理科,,,396,250142,
3486001,安徽汽车职业技术学院,2024,四川,专科批,理科,,,396,250142,
3487,皖西卫生职业学院,2024,四川,专科批,理科,,,428,229889,
3487001,皖西卫生职业学院,2024,四川,专科批,理科,,,428,229889,
3488,安徽电子信息职业技术学院,2024,四川,专科批,理科,,,403,247174,
3488001,安徽电子信息职业技术学院,2024,四川,专科批,理科,,,403,247174,
3496,合肥职业技术学院,2024,四川,专科批,理科,,,420,237247,
3496001,合肥职业技术学院,2024,四川,专科批,理科,,,420,237247,
3498,合肥共达职业技术学院,2024,四川,专科批,理科,,,355,258117,
3498001,合肥共达职业技术学院,2024,四川,专科批,理科,,,355,258117,
3499,合肥幼儿师范高等专科学校,2024,四川,专科批,理科,,,380,254275,
3499001,合肥幼儿师范高等专科学校,2024,四川,专科批,理科,,,380,254275,
3523,泉州工程职业技术学院,2024,四川,专科批,理科,,,293,276840,
3523001,泉州工程职业技术学院,2024,四川,专科批,理科,,,293,276840,
3524,福建卫生职业技术学院,2024,四川,专科批,理科,,,437,154832,
3524001,福建卫生职业技术学院,2024,四川,专科批,理科,,,437,154832,
3538,福建电力职业技术学院,2024,四川,专科批,理科,,,458,195370,
3538001,福建电力职业技术学院,2024,四川,专科批,理科,,,458,195370,
3544,福建农业职业技术学院,2024,四川,专科批,理科,,,370,269801,
3544001,福建农业职业技术学院,2024,四川,专科批,理科,,,370,269801,
3545,闽江师范高等专科学校,2024,四川,专科批,理科,,,407,205501,
3545001,闽江师范高等专科学校,2024,四川,专科批,理科,,,407,205501,
3546,闽西职业技术学院,2024,四川,专科批,理科,,,392,258117,
3546001,闽西职业技术学院,2024,四川,专科批,理科,,,392,258117,
3547,厦门城市职业学院,2024,四川,专科批,理科,,,411,231777,
3547001,厦门城市职业学院,2024,四川,专科批,理科,,,411,231777,
3548,福建林业职业技术学院,2024,四川,专科批,理科,,,393,242463,
3548001,福建林业职业技术学院,2024,四川,专科批,理科,,,393,242463,
355,中国民用航空飞行学院,2024,四川,专科批,理科,,,499,137269,
355001,中国民用航空飞行学院,2024,四川,专科批,理科,,,499,137269,
3552,福建船政交通职业学院,2024,四川,专科批,理科,,,423,224836,
3552001,福建船政交通职业学院,2024,四川,专科批,理科,,,423,224836,
3555,厦门兴才职业技术学院,2024,四川,专科批,理科,,,349,278202,
3555001,厦门兴才职业技术学院,2024,四川,专科批,理科,,,349,278202,
3556,福建华南女子职业学院,2024,四川,专科批,理科,,,150,301825,
3556001,福建华南女子职业学院,2024,四川,专科批,理科,,,150,301825,
3557,泉州纺织服装职业学院,2024,四川,专科批,理科,,,150,301825,
3557001,泉州纺织服装职业学院,2024,四川,专科批,理科,,,150,301825,
3558,漳州职业技术学院,2024,四川,专科批,理科,,,366,192766,
3558001,漳州职业技术学院,2024,四川,专科批,理科,,,366,192766,
3559,泉州幼儿师范高等专科学校,2024,四川,专科批,理科,,,359,274487,
3559001,泉州幼儿师范高等专科学校,2024,四川,专科批,理科,,,359,274487,
3561,福州软件职业技术学院,2024,四川,专科批,理科,,,223,286695,
3561001,福州软件职业技术学院,2024,四川,专科批,理科,,,223,286695,
3563,宁德职业技术学院,2024,四川,专科批,理科,,,387,233683,
3563001,宁德职业技术学院,2024,四川,专科批,理科,,,387,233683,
3564,三明医学科技职业学院,2024,四川,专科批,理科,,,405,219473,
3564001,三明医学科技职业学院,2024,四川,专科批,理科,,,405,219473,
3566,福建生物工程职业技术学院,2024,四川,专科批,理科,,,365,271987,
3566001,福建生物工程职业技术学院,2024,四川,专科批,理科,,,365,271987,
3567,厦门华天涉外职业技术学院,2024,四川,专科批,理科,,,299,290858,
3567001,厦门华天涉外职业技术学院,2024,四川,专科批,理科,,,299,290858,
3568,泉州经贸职业技术学院,2024,四川,专科批,理科,,,361,268909,
3568001,泉州经贸职业技术学院,2024,四川,专科批,理科,,,361,268909,
3572,武夷山职业学院,2024,四川,专科批,理科,,,150,301825,
3572001,武夷山职业学院,2024,四川,专科批,理科,,,150,301825,
3573,厦门软件职业技术学院,2024,四川,专科批,理科,,,385,262270,
3573001,厦门软件职业技术学院,2024,四川,专科批,理科,,,385,262270,
3576,泉州轻工职业学院,2024,四川,专科批,理科,,,312,288523,
3576001,泉州轻工职业学院,2024,四川,专科批,理科,,,312,288523,
3577,闽北职业技术学院,2024,四川,专科批,理科,,,362,264488,
3577001,闽北职业技术学院,2024,四川,专科批,理科,,,362,264488,
3578,福州英华职业学院,2024,四川,专科批,理科,,,334,283039,
3578001,福州英华职业学院,2024,四川,专科批,理科,,,334,283039,
3579,泉州华光职业学院,2024,四川,专科批,理科,,,204,276101,
3579001,泉州华光职业学院,2024,四川,专科批,理科,,,204,276101,
3580,泉州海洋职业学院,2024,四川,专科批,理科,,,225,277539,
3580001,泉州海洋职业学院,2024,四川,专科批,理科,,,225,277539,
3581,厦门南洋职业学院,2024,四川,专科批,理科,,,284,293616,
3581001,厦门南洋职业学院,2024,四川,专科批,理科,,,284,293616,
3583,漳州科技职业学院,2024,四川,专科批,理科,,,339,275710,
3583001,漳州科技职业学院,2024,四川,专科批,理科,,,339,275710,
3584,厦门海洋职业技术学院,2024,四川,专科批,理科,,,426,231777,
3584001,厦门海洋职业技术学院,2024,四川,专科批,理科,,,426,231777,
3585,福建水利电力职业技术学院,2024,四川,专科批,理科,,,406,235494,
3585001,福建水利电力职业技术学院,2024,四川,专科批,理科,,,406,235494,
3586,福建信息职业技术学院,2024,四川,专科批,理科,,,439,205501,
3586001,福建信息职业技术学院,2024,四川,专科批,理科,,,439,205501,
3587,福州职业技术学院,2024,四川,专科批,理科,,,418,223794,
3587001,福州职业技术学院,2024,四川,专科批,理科,,,418,223794,
3588,漳州卫生职业学院,2024,四川,专科批,理科,,,438,201708,
3588001,漳州卫生职业学院,2024,四川,专科批,理科,,,438,201708,
3589,漳州城市职业学院,2024,四川,专科批,理科,,,381,248676,
3589001,漳州城市职业学院,2024,四川,专科批,理科,,,381,248676,
3621,江西医学高等专科学校,2024,四川,专科批,理科,,,448,163469,
3621001,江西医学高等专科学校,2024,四川,专科批,理科,,,448,163469,
3625,宜春幼儿师范高等专科学校,2024,四川,专科批,理科,,,416,218428,
3625001,宜春幼儿师范高等专科学校,2024,四川,专科批,理科,,,416,218428,
3627,赣州师范高等专科学校,2024,四川,专科批,理科,,,352,211561,
3627001,赣州师范高等专科学校,2024,四川,专科批,理科,,,352,211561,
3628,上饶卫生健康职业学院,2024,四川,专科批,理科,,,378,259918,
3628001,上饶卫生健康职业学院,2024,四川,专科批,理科,,,378,259918,
3629,赣州职业技术学院,2024,四川,专科批,理科,,,362,255551,
3629001,赣州职业技术学院,2024,四川,专科批,理科,,,362,255551,
3635,江西机电职业技术学院,2024,四川,专科批,理科,,,405,245643,
3635001,江西机电职业技术学院,2024,四川,专科批,理科,,,405,245643,
3638,抚州幼儿师范高等专科学校,2024,四川,专科批,理科,,,398,251569,
3638001,抚州幼儿师范高等专科学校,2024,四川,专科批,理科,,,398,251569,
3640,江西中医药高等专科学校,2024,四川,专科批,理科,,,444,201708,
3640001,江西中医药高等专科学校,2024,四川,专科批,理科,,,444,201708,
3643,江西应用工程职业学院,2024,四川,专科批,理科,,,391,226913,
3643001,江西应用工程职业学院,2024,四川,专科批,理科,,,391,226913,
3645,抚州职业技术学院,2024,四川,专科批,理科,,,369,266100,
3645001,抚州职业技术学院,2024,四川,专科批,理科,,,369,266100,
3646,九江职业大学,2024,四川,专科批,理科,,,365,187394,
3646001,九江职业大学,2024,四川,专科批,理科,,,365,187394,
3647,赣南卫生健康职业学院,2024,四川,专科批,理科,,,443,196625,
3647001,赣南卫生健康职业学院,2024,四川,专科批,理科,,,443,196625,
3648,江西师范高等专科学校,2024,四川,专科批,理科,,,178,199177,
3648001,江西师范高等专科学校,2024,四川,专科批,理科,,,178,199177,
3650,江西水利职业学院,2024,四川,专科批,理科,,,427,223794,
3650001,江西水利职业学院,2024,四川,专科批,理科,,,427,223794,
3651,江西传媒职业学院,2024,四川,专科批,理科,,,404,240710,
3651001,江西传媒职业学院,2024,四川,专科批,理科,,,404,240710,
3652,江西工业工程职业技术学院,2024,四川,专科批,理科,,,403,249404,
3652001,江西工业工程职业技术学院,2024,四川,专科批,理科,,,403,249404,
3655,江西工程学院,2024,四川,专科批,理科,,,331,283883,
3655001,江西工程学院,2024,四川,专科批,理科,,,331,283883,
3656,南昌理工学院,2024,四川,专科批,理科,,,340,254275,
3656001,南昌理工学院,2024,四川,专科批,理科,,,340,254275,
3657,江西司法警官职业学院,2024,四川,专科批,理科,,,425,229889,
3657001,江西司法警官职业学院,2024,四川,专科批,理科,,,425,229889,
3658,江西工业职业技术学院,2024,四川,专科批,理科,,,347,244887,
3658001,江西工业职业技术学院,2024,四川,专科批,理科,,,347,244887,
3659,江西工商职业技术学院,2024,四川,专科批,理科,,,277,289815,
3659001,江西工商职业技术学院,2024,四川,专科批,理科,,,277,289815,
3660,江西建设职业技术学院,2024,四川,专科批,理科,,,392,252929,
3660001,江西建设职业技术学院,2024,四川,专科批,理科,,,392,252929,
3661,江西职业技术大学,2024,四川,专科批,理科,,,449,201708,
3661001,江西职业技术大学,2024,四川,专科批,理科,,,449,201708,
3662,江西生物科技职业学院,2024,四川,专科批,理科,,,440,201708,
3662001,江西生物科技职业学院,2024,四川,专科批,理科,,,440,201708,
3663,江西环境工程职业学院,2024,四川,专科批,理科,,,403,224836,
3663001,江西环境工程职业学院,2024,四川,专科批,理科,,,403,224836,
3664,江西信息应用职业技术学院,2024,四川,专科批,理科,,,436,221717,
3664001,江西信息应用职业技术学院,2024,四川,专科批,理科,,,436,221717,
3665,江西农业工程职业学院,2024,四川,专科批,理科,,,415,225898,
3665001,江西农业工程职业学院,2024,四川,专科批,理科,,,415,225898,
3667,江西新能源科技职业学院,2024,四川,专科批,理科,,,317,277874,
3667001,江西新能源科技职业学院,2024,四川,专科批,理科,,,317,277874,
3668,江西财经职业学院,2024,四川,专科批,理科,,,418,224836,
3668001,江西财经职业学院,2024,四川,专科批,理科,,,418,224836,
3669,江西应用技术职业学院,2024,四川,专科批,理科,,,448,190094,
3669001,江西应用技术职业学院,2024,四川,专科批,理科,,,448,190094,
3670,吉安职业技术学院,2024,四川,专科批,理科,,,394,246395,
3670001,吉安职业技术学院,2024,四川,专科批,理科,,,394,246395,
3671,上饶职业技术学院,2024,四川,专科批,理科,,,378,259340,
3671001,上饶职业技术学院,2024,四川,专科批,理科,,,378,259340,
3672,江西制造职业技术学院,2024,四川,专科批,理科,,,403,216207,
3672001,江西制造职业技术学院,2024,四川,专科批,理科,,,403,216207,
3673,南昌工学院,2024,四川,专科批,理科,,,369,261113,
3673001,南昌工学院,2024,四川,专科批,理科,,,369,261113,
3674,南昌职业大学,2024,四川,专科批,理科,,,296,269334,
3674001,南昌职业大学,2024,四川,专科批,理科,,,296,269334,
3676,江西科技职业学院,2024,四川,专科批,理科,,,242,298394,
3676001,江西科技职业学院,2024,四川,专科批,理科,,,242,298394,
3678,江西冶金职业技术学院,2024,四川,专科批,理科,,,392,243313,
3678001,江西冶金职业技术学院,2024,四川,专科批,理科,,,392,243313,
3681,江西现代职业技术学院,2024,四川,专科批,理科,,,418,231777,
3681001,江西现代职业技术学院,2024,四川,专科批,理科,,,418,231777,
3683,共青科技职业学院,2024,四川,专科批,理科,,,260,288523,
3683001,共青科技职业学院,2024,四川,专科批,理科,,,260,288523,
3684,江西枫林涉外经贸职业学院,2024,四川,专科批,理科,,,251,287823,
3684001,江西枫林涉外经贸职业学院,2024,四川,专科批,理科,,,251,287823,
3685,宜春职业技术学院,2024,四川,专科批,理科,,,369,227906,
3685001,宜春职业技术学院,2024,四川,专科批,理科,,,369,227906,
3699,江西软件职业技术大学,2024,四川,专科批,理科,,,313,267062,
3699001,江西软件职业技术大学,2024,四川,专科批,理科,,,313,267062,
3741,山东理工职业学院,2024,四川,专科批,理科,,,360,272844,
3741001,山东理工职业学院,2024,四川,专科批,理科,,,360,272844,
3745,山东中医药高等专科学校,2024,四川,专科批,理科,,,461,183371,
3745001,山东中医药高等专科学校,2024,四川,专科批,理科,,,461,183371,
3748,山东水利职业学院,2024,四川,专科批,理科,,,329,235494,
3748001,山东水利职业学院,2024,四川,专科批,理科,,,329,235494,
3749,齐鲁医药学院,2024,四川,专科批,理科,,,431,211561,
3749001,齐鲁医药学院,2024,四川,专科批,理科,,,431,211561,
3751,山东商业职业技术学院,2024,四川,专科批,理科,,,402,246395,
3751001,山东商业职业技术学院,2024,四川,专科批,理科,,,402,246395,
3752,山东畜牧兽医职业学院,2024,四川,专科批,理科,,,450,201708,
3752001,山东畜牧兽医职业学院,2024,四川,专科批,理科,,,450,201708,
3753,山东城市建设职业学院,2024,四川,专科批,理科,,,369,269334,
3753001,山东城市建设职业学院,2024,四川,专科批,理科,,,369,269334,
3756,山东服装职业学院,2024,四川,专科批,理科,,,347,262270,
3756001,山东服装职业学院,2024,四川,专科批,理科,,,347,262270,
3757,青岛职业技术学院,2024,四川,专科批,理科,,,424,227906,
3757001,青岛职业技术学院,2024,四川,专科批,理科,,,424,227906,
3758,山东外贸职业学院,2024,四川,专科批,理科,,,397,233683,
3758001,山东外贸职业学院,2024,四川,专科批,理科,,,397,233683,
3760,山东力明科技职业学院,2024,四川,专科批,理科,,,372,256839,
3760001,山东力明科技职业学院,2024,四川,专科批,理科,,,372,256839,
3761,日照职业技术学院,2024,四川,专科批,理科,,,303,186060,
3761001,日照职业技术学院,2024,四川,专科批,理科,,,303,186060,
3762,威海职业学院,2024,四川,专科批,理科,,,383,263380,
3762001,威海职业学院,2024,四川,专科批,理科,,,383,263380,
3763,东营职业学院,2024,四川,专科批,理科,,,366,271104,
3763001,东营职业学院,2024,四川,专科批,理科,,,366,271104,
3764,山东旅游职业学院,2024,四川,专科批,理科,,,378,258117,
3764001,山东旅游职业学院,2024,四川,专科批,理科,,,378,258117,
3767,山东职业学院,2024,四川,专科批,理科,,,442,201708,
3767001,山东职业学院,2024,四川,专科批,理科,,,442,201708,
3768,曲阜远东职业技术学院,2024,四川,专科批,理科,,,353,276840,
3768001,曲阜远东职业技术学院,2024,四川,专科批,理科,,,353,276840,
3770,济南护理职业学院,2024,四川,专科批,理科,,,422,234643,
3770001,济南护理职业学院,2024,四川,专科批,理科,,,422,234643,
3771,山东交通职业学院,2024,四川,专科批,理科,,,389,256174,
3771001,山东交通职业学院,2024,四川,专科批,理科,,,389,256174,
3772,日照航海工程职业学院,2024,四川,专科批,理科,,,164,293024,
3772001,日照航海工程职业学院,2024,四川,专科批,理科,,,164,293024,
3773,菏泽家政职业学院,2024,四川,专科批,理科,,,375,265566,
3773001,菏泽家政职业学院,2024,四川,专科批,理科,,,375,265566,
3774,山东商务职业学院,2024,四川,专科批,理科,,,370,258739,
3774001,山东商务职业学院,2024,四川,专科批,理科,,,370,258739,
3778,莱芜职业技术学院,2024,四川,专科批,理科,,,378,262840,
3778001,莱芜职业技术学院,2024,四川,专科批,理科,,,378,262840,
3779,山东圣翰财贸职业学院,2024,四川,专科批,理科,,,244,290858,
3779001,山东圣翰财贸职业学院,2024,四川,专科批,理科,,,244,290858,
3780,山东外国语职业技术大学,2024,四川,专科批,理科,,,300,284897,
3780001,山东外国语职业技术大学,2024,四川,专科批,理科,,,300,284897,
3781,山东工程职业技术大学,2024,四川,专科批,理科,,,214,300268,
3781001,山东工程职业技术大学,2024,四川,专科批,理科,,,214,300268,
3783,山东英才学院,2024,四川,专科批,理科,,,223,299737,
3783001,山东英才学院,2024,四川,专科批,理科,,,223,299737,
3784,烟台南山学院,2024,四川,专科批,理科,,,291,278848,
3784001,烟台南山学院,2024,四川,专科批,理科,,,291,278848,
3787,青岛港湾职业技术学院,2024,四川,专科批,理科,,,411,219473,
3787001,青岛港湾职业技术学院,2024,四川,专科批,理科,,,411,219473,
3788,山东轻工职业学院,2024,四川,专科批,理科,,,395,256174,
3788001,山东轻工职业学院,2024,四川,专科批,理科,,,395,256174,
3789,青岛求实职业技术学院,2024,四川,专科批,理科,,,358,264488,
3789001,青岛求实职业技术学院,2024,四川,专科批,理科,,,358,264488,
3790,青岛黄海学院,2024,四川,专科批,理科,,,231,284654,
3790001,青岛黄海学院,2024,四川,专科批,理科,,,231,284654,
3791,山东海事职业学院,2024,四川,专科批,理科,,,329,244122,
3791001,山东海事职业学院,2024,四川,专科批,理科,,,329,244122,
3795,齐鲁理工学院,2024,四川,专科批,理科,,,368,258739,
3795001,齐鲁理工学院,2024,四川,专科批,理科,,,368,258739,
3818,烟台工程职业技术学院,2024,四川,专科批,理科,,,376,266100,
3818001,烟台工程职业技术学院,2024,四川,专科批,理科,,,376,266100,
382,新疆生产建设兵团兴新职业技术学院,2024,四川,专科批,理科,,,393,223794,
382001,新疆生产建设兵团兴新职业技术学院,2024,四川,专科批,理科,,,393,223794,
3838,衢州职业技术学院,2024,四川,专科批,理科,,,409,241594,
3838001,衢州职业技术学院,2024,四川,专科批,理科,,,409,241594,
3847,九江理工职业学院,2024,四川,专科批,理科,,,341,280910,
3847001,九江理工职业学院,2024,四川,专科批,理科,,,341,280910,
3848,安徽城市管理职业学院,2024,四川,专科批,理科,,,373,205501,
3848001,安徽城市管理职业学院,2024,四川,专科批,理科,,,373,205501,
3849,淮南职业技术学院,2024,四川,专科批,理科,,,382,262270,
3849001,淮南职业技术学院,2024,四川,专科批,理科,,,382,262270,
3854,苏州经贸职业技术学院,2024,四川,专科批,理科,,,449,200460,
3854001,苏州经贸职业技术学院,2024,四川,专科批,理科,,,449,200460,
3855,苏州卫生职业技术学院,2024,四川,专科批,理科,,,459,190094,
3855001,苏州卫生职业技术学院,2024,四川,专科批,理科,,,459,190094,
3859,常州工业职业技术学院,2024,四川,专科批,理科,,,406,248676,
3859001,常州工业职业技术学院,2024,四川,专科批,理科,,,406,248676,
3863,金肯职业技术学院,2024,四川,专科批,理科,,,389,259918,
3863001,金肯职业技术学院,2024,四川,专科批,理科,,,389,259918,
3869,安徽矿业职业技术学院,2024,四川,专科批,理科,,,150,301825,
3869001,安徽矿业职业技术学院,2024,四川,专科批,理科,,,150,301825,
3872,青岛工程职业学院,2024,四川,专科批,理科,,,417,154832,
3872001,青岛工程职业学院,2024,四川,专科批,理科,,,417,154832,
3874,和君职业学院,2024,四川,专科批,理科,,,150,301825,
3874001,和君职业学院,2024,四川,专科批,理科,,,150,301825,
3875,南京旅游职业学院,2024,四川,专科批,理科,,,405,240710,
3875001,南京旅游职业学院,2024,四川,专科批,理科,,,405,240710,
3876,江苏卫生健康职业学院,2024,四川,专科批,理科,,,458,194087,
3876001,江苏卫生健康职业学院,2024,四川,专科批,理科,,,458,194087,
3879,苏州工业园区服务外包职业学院,2024,四川,专科批,理科,,,410,245643,
3879001,苏州工业园区服务外包职业学院,2024,四川,专科批,理科,,,410,245643,
3881,宿州航空职业学院,2024,四川,专科批,理科,,,215,300220,
3881001,宿州航空职业学院,2024,四川,专科批,理科,,,215,300220,
3909,青岛航空科技职业学院,2024,四川,专科批,理科,,,150,301825,
3909001,青岛航空科技职业学院,2024,四川,专科批,理科,,,150,301825,
3910,江海职业技术学院,2024,四川,专科批,理科,,,267,275306,
3910001,江海职业技术学院,2024,四川,专科批,理科,,,267,275306,
3911,无锡南洋职业技术学院,2024,四川,专科批,理科,,,372,268909,
3911001,无锡南洋职业技术学院,2024,四川,专科批,理科,,,372,268909,
3912,南京机电职业技术学院,2024,四川,专科批,理科,,,441,190094,
3912001,南京机电职业技术学院,2024,四川,专科批,理科,,,441,190094,
3913,常州纺织服装职业技术学院,2024,四川,专科批,理科,,,373,259918,
3913001,常州纺织服装职业技术学院,2024,四川,专科批,理科,,,373,259918,
3914,江苏城市职业学院,2024,四川,专科批,理科,,,422,222733,
3914001,江苏城市职业学院,2024,四川,专科批,理科,,,422,222733,
3924,南通职业大学,2024,四川,专科批,理科,,,449,199177,
3924001,南通职业大学,2024,四川,专科批,理科,,,449,199177,
3926,江苏旅游职业学院,2024,四川,专科批,理科,,,406,239847,
3926001,江苏旅游职业学院,2024,四川,专科批,理科,,,406,239847,
3927,盐城幼儿师范高等专科学校,2024,四川,专科批,理科,,,417,223794,
3927001,盐城幼儿师范高等专科学校,2024,四川,专科批,理科,,,417,223794,
3928,江苏商贸职业学院,2024,四川,专科批,理科,,,422,217300,
3928001,江苏商贸职业学院,2024,四川,专科批,理科,,,422,217300,
3929,扬州中瑞酒店职业学院,2024,四川,专科批,理科,,,150,301825,
3929001,扬州中瑞酒店职业学院,2024,四川,专科批,理科,,,150,301825,
3931,江苏财经职业技术学院,2024,四川,专科批,理科,,,414,229889,
3931001,江苏财经职业技术学院,2024,四川,专科批,理科,,,414,229889,
3933,台州职业技术学院,2024,四川,专科批,理科,,,410,242463,
3933001,台州职业技术学院,2024,四川,专科批,理科,,,410,242463,
3935,浙江纺织服装职业技术学院,2024,四川,专科批,理科,,,420,222733,
3935001,浙江纺织服装职业技术学院,2024,四川,专科批,理科,,,420,222733,
3940,江西樟树中医药职业学院,2024,四川,专科批,理科,,,378,266100,
3940001,江西樟树中医药职业学院,2024,四川,专科批,理科,,,378,266100,
3944,徽商职业学院,2024,四川,专科批,理科,,,388,255551,
3944001,徽商职业学院,2024,四川,专科批,理科,,,388,255551,
3946,安徽卫生健康职业学院,2024,四川,专科批,理科,,,417,226913,
3946001,安徽卫生健康职业学院,2024,四川,专科批,理科,,,417,226913,
3949,南通师范高等专科学校,2024,四川,专科批,理科,,,341,247174,
3949001,南通师范高等专科学校,2024,四川,专科批,理科,,,341,247174,
3951,江西交通职业技术学院,2024,四川,专科批,理科,,,423,228888,
3951001,江西交通职业技术学院,2024,四川,专科批,理科,,,423,228888,
3952,江西工程职业学院,2024,四川,专科批,理科,,,387,259918,
3952001,江西工程职业学院,2024,四川,专科批,理科,,,387,259918,
3953,江西航空职业技术学院,2024,四川,专科批,理科,,,413,206774,
3953001,江西航空职业技术学院,2024,四川,专科批,理科,,,413,206774,
3955,萍乡卫生职业学院,2024,四川,专科批,理科,,,411,241594,
3955001,萍乡卫生职业学院,2024,四川,专科批,理科,,,411,241594,
3956,江西婺源茶业职业学院,2024,四川,专科批,理科,,,349,271987,
3956001,江西婺源茶业职业学院,2024,四川,专科批,理科,,,349,271987,
3961,潍坊环境工程职业学院,2024,四川,专科批,理科,,,335,266100,
3961001,潍坊环境工程职业学院,2024,四川,专科批,理科,,,335,266100,
3966,江西电力职业技术学院,2024,四川,专科批,理科,,,459,190094,
3966001,江西电力职业技术学院,2024,四川,专科批,理科,,,459,190094,
3968,江苏财会职业学院,2024,四川,专科批,理科,,,430,223794,
3968001,江苏财会职业学院,2024,四川,专科批,理科,,,430,223794,
3970,潍坊科技学院,2024,四川,专科批,理科,,,205,296168,
3970001,潍坊科技学院,2024,四川,专科批,理科,,,205,296168,
3971,东营科技职业学院,2024,四川,专科批,理科,,,367,263380,
3971001,东营科技职业学院,2024,四川,专科批,理科,,,367,263380,
3972,枣庄科技职业学院,2024,四川,专科批,理科,,,364,271104,
3972001,枣庄科技职业学院,2024,四川,专科批,理科,,,364,271104,
3973,皖北卫生职业学院,2024,四川,专科批,理科,,,415,234643,
3973001,皖北卫生职业学院,2024,四川,专科批,理科,,,415,234643,
3974,潍坊工程职业学院,2024,四川,专科批,理科,,,373,268448,
3974001,潍坊工程职业学院,2024,四川,专科批,理科,,,373,268448,
3975,江苏护理职业学院,2024,四川,专科批,理科,,,397,191450,
3975001,江苏护理职业学院,2024,四川,专科批,理科,,,397,191450,
3976,枣庄职业学院,2024,四川,专科批,理科,,,193,284654,
3976001,枣庄职业学院,2024,四川,专科批,理科,,,193,284654,
3979,正德职业技术学院,2024,四川,专科批,理科,,,381,264488,
3979001,正德职业技术学院,2024,四川,专科批,理科,,,381,264488,
3980,昆山登云科技职业学院,2024,四川,专科批,理科,,,200,297074,
3980001,昆山登云科技职业学院,2024,四川,专科批,理科,,,200,297074,
3984,山东化工职业学院,2024,四川,专科批,理科,,,412,244122,
3984001,山东化工职业学院,2024,四川,专科批,理科,,,412,244122,
3990,安徽国防科技职业学院,2024,四川,专科批,理科,,,397,254947,
3990001,安徽国防科技职业学院,2024,四川,专科批,理科,,,397,254947,
3994,泰山科技学院,2024,四川,专科批,理科,,,243,285156,
3994001,泰山科技学院,2024,四川,专科批,理科,,,243,285156,
3995,苏州健雄职业技术学院,2024,四川,专科批,理科,,,417,230819,
3995001,苏州健雄职业技术学院,2024,四川,专科批,理科,,,417,230819,
3996,安徽财贸职业学院,2024,四川,专科批,理科,,,366,270666,
3996001,安徽财贸职业学院,2024,四川,专科批,理科,,,366,270666,
4125,鹤壁能源化工职业学院,2024,四川,专科批,理科,,,150,301825,
4125001,鹤壁能源化工职业学院,2024,四川,专科批,理科,,,150,301825,
4130,开封大学,2024,四川,专科批,理科,,,481,154832,
4130001,开封大学,2024,四川,专科批,理科,,,481,154832,
4134,河南地矿职业学院,2024,四川,专科批,理科,,,357,261687,
4134001,河南地矿职业学院,2024,四川,专科批,理科,,,357,261687,
4135,信阳农林学院,2024,四川,专科批,理科,,,447,207998,
4135001,信阳农林学院,2024,四川,专科批,理科,,,447,207998,
4136,商丘医学高等专科学校,2024,四川,专科批,理科,,,458,194087,
4136001,商丘医学高等专科学校,2024,四川,专科批,理科,,,458,194087,
4140,郑州电力高等专科学校,2024,四川,专科批,理科,,,450,203047,
4140001,郑州电力高等专科学校,2024,四川,专科批,理科,,,450,203047,
4143,焦作大学,2024,四川,专科批,理科,,,434,223794,
4143001,焦作大学,2024,四川,专科批,理科,,,434,223794,
4145,长江艺术工程职业学院,2024,四川,专科批,理科,,,276,294703,
4145001,长江艺术工程职业学院,2024,四川,专科批,理科,,,276,294703,
4152,三门峡社会管理职业学院,2024,四川,专科批,理科,,,406,216207,
4152001,三门峡社会管理职业学院,2024,四川,专科批,理科,,,406,216207,
4153,黄河水利职业技术学院,2024,四川,专科批,理科,,,483,149080,
4153001,黄河水利职业技术学院,2024,四川,专科批,理科,,,483,149080,
4154,商丘职业技术学院,2024,四川,专科批,理科,,,397,249404,
4154001,商丘职业技术学院,2024,四川,专科批,理科,,,397,249404,
4156,三门峡职业技术学院,2024,四川,专科批,理科,,,398,247174,
4156001,三门峡职业技术学院,2024,四川,专科批,理科,,,398,247174,
4157,郑州卫生健康职业学院,2024,四川,专科批,理科,,,418,235494,
4157001,郑州卫生健康职业学院,2024,四川,专科批,理科,,,418,235494,
4159,鹤壁职业技术学院,2024,四川,专科批,理科,,,380,247905,
4159001,鹤壁职业技术学院,2024,四川,专科批,理科,,,380,247905,
4160,平顶山工业职业技术学院,2024,四川,专科批,理科,,,383,261113,
4160001,平顶山工业职业技术学院,2024,四川,专科批,理科,,,383,261113,
4168,河南水利与环境职业学院,2024,四川,专科批,理科,,,391,254947,
4168001,河南水利与环境职业学院,2024,四川,专科批,理科,,,391,254947,
4169,安阳职业技术学院,2024,四川,专科批,理科,,,407,226913,
4169001,安阳职业技术学院,2024,四川,专科批,理科,,,407,226913,
4170,郑州职业技术学院,2024,四川,专科批,理科,,,402,250142,
4170001,郑州职业技术学院,2024,四川,专科批,理科,,,402,250142,
4171,信阳职业技术学院,2024,四川,专科批,理科,,,353,232741,
4171001,信阳职业技术学院,2024,四川,专科批,理科,,,353,232741,
4173,南阳农业职业学院,2024,四川,专科批,理科,,,402,251569,
4173001,南阳农业职业学院,2024,四川,专科批,理科,,,402,251569,
4180,濮阳职业技术学院,2024,四川,专科批,理科,,,338,279186,
4180001,濮阳职业技术学院,2024,四川,专科批,理科,,,338,279186,
4184,河南护理职业学院,2024,四川,专科批,理科,,,428,229889,
4184001,河南护理职业学院,2024,四川,专科批,理科,,,428,229889,
4186,济源职业技术学院,2024,四川,专科批,理科,,,391,258739,
4186001,济源职业技术学院,2024,四川,专科批,理科,,,391,258739,
4189,河南经贸职业学院,2024,四川,专科批,理科,,,421,217300,
4189001,河南经贸职业学院,2024,四川,专科批,理科,,,421,217300,
4191,开封文化艺术职业学院,2024,四川,专科批,理科,,,381,264488,
4191001,开封文化艺术职业学院,2024,四川,专科批,理科,,,381,264488,
4194,河南推拿职业学院,2024,四川,专科批,理科,,,432,225898,
4194001,河南推拿职业学院,2024,四川,专科批,理科,,,432,225898,
4196,洛阳职业技术学院,2024,四川,专科批,理科,,,429,210394,
4196001,洛阳职业技术学院,2024,四川,专科批,理科,,,429,210394,
4198,河南医学高等专科学校,2024,四川,专科批,理科,,,448,203047,
4198001,河南医学高等专科学校,2024,四川,专科批,理科,,,448,203047,
4214,汉江师范学院,2024,四川,专科批,理科,,,459,183371,
4214001,汉江师范学院,2024,四川,专科批,理科,,,459,183371,
4229,鄂州职业大学,2024,四川,专科批,理科,,,415,220593,
4229001,鄂州职业大学,2024,四川,专科批,理科,,,415,220593,
4234,宜昌科技职业学院,2024,四川,专科批,理科,,,374,249404,
4234001,宜昌科技职业学院,2024,四川,专科批,理科,,,374,249404,
4235,襄阳科技职业学院,2024,四川,专科批,理科,,,351,255551,
4235001,襄阳科技职业学院,2024,四川,专科批,理科,,,351,255551,
4238,湖北铁道运输职业学院,2024,四川,专科批,理科,,,431,216207,
4238001,湖北铁道运输职业学院,2024,四川,专科批,理科,,,431,216207,
4240,武汉学院,2024,四川,专科批,理科,,,428,220593,
4240001,武汉学院,2024,四川,专科批,理科,,,428,220593,
4243,武汉光谷职业学院,2024,四川,专科批,理科,,,300,284425,
4243001,武汉光谷职业学院,2024,四川,专科批,理科,,,300,284425,
4245,湖北中医药高等专科学校,2024,四川,专科批,理科,,,460,161985,
4245001,湖北中医药高等专科学校,2024,四川,专科批,理科,,,460,161985,
4248,三峡大学科技学院,2024,四川,专科批,理科,,,415,227906,
4248001,三峡大学科技学院,2024,四川,专科批,理科,,,415,227906,
4251,武汉职业技术学院,2024,四川,专科批,理科,,,462,184656,
4251001,武汉职业技术学院,2024,四川,专科批,理科,,,462,184656,
4252,武汉船舶职业技术学院,2024,四川,专科批,理科,,,436,194087,
4252001,武汉船舶职业技术学院,2024,四川,专科批,理科,,,436,194087,
4253,武汉交通职业学院,2024,四川,专科批,理科,,,423,224836,
4253001,武汉交通职业学院,2024,四川,专科批,理科,,,423,224836,
4254,黄冈职业技术学院,2024,四川,专科批,理科,,,443,200460,
4254001,黄冈职业技术学院,2024,四川,专科批,理科,,,443,200460,
4255,随州职业技术学院,2024,四川,专科批,理科,,,397,247174,
4255001,随州职业技术学院,2024,四川,专科批,理科,,,397,247174,
4256,湖北水利水电职业技术学院,2024,四川,专科批,理科,,,423,231777,
4256001,湖北水利水电职业技术学院,2024,四川,专科批,理科,,,423,231777,
4258,湖北职业技术学院,2024,四川,专科批,理科,,,446,187394,
4258001,湖北职业技术学院,2024,四川,专科批,理科,,,446,187394,
4259,恩施职业技术学院,2024,四川,专科批,理科,,,380,259918,
4259001,恩施职业技术学院,2024,四川,专科批,理科,,,380,259918,
4260,湖北轻工职业技术学院,2024,四川,专科批,理科,,,413,238967,
4260001,湖北轻工职业技术学院,2024,四川,专科批,理科,,,413,238967,
4261,武汉生物工程学院,2024,四川,专科批,理科,,,364,231777,
4261001,武汉生物工程学院,2024,四川,专科批,理科,,,364,231777,
4262,湖北交通职业技术学院,2024,四川,专科批,理科,,,380,213963,
4262001,湖北交通职业技术学院,2024,四川,专科批,理科,,,380,213963,
4263,荆门职业学院,2024,四川,专科批,理科,,,401,239847,
4263001,荆门职业学院,2024,四川,专科批,理科,,,401,239847,
4264,武汉城市职业学院,2024,四川,专科批,理科,,,447,200460,
4264001,武汉城市职业学院,2024,四川,专科批,理科,,,447,200460,
4265,仙桃职业学院,2024,四川,专科批,理科,,,342,240710,
4265001,仙桃职业学院,2024,四川,专科批,理科,,,342,240710,
4266,荆州职业技术学院,2024,四川,专科批,理科,,,409,230819,
4266001,荆州职业技术学院,2024,四川,专科批,理科,,,409,230819,
4267,荆州理工职业学院,2024,四川,专科批,理科,,,389,242463,
4267001,荆州理工职业学院,2024,四川,专科批,理科,,,389,242463,
4268,襄阳汽车职业技术学院,2024,四川,专科批,理科,,,311,243313,
4268001,襄阳汽车职业技术学院,2024,四川,专科批,理科,,,311,243313,
4269,襄阳职业技术学院,2024,四川,专科批,理科,,,445,186060,
4269001,襄阳职业技术学院,2024,四川,专科批,理科,,,445,186060,
4270,武汉软件工程职业学院,2024,四川,专科批,理科,,,449,187394,
4270001,武汉软件工程职业学院,2024,四川,专科批,理科,,,449,187394,
4272,湖北开放职业学院,2024,四川,专科批,理科,,,150,301825,
4272001,湖北开放职业学院,2024,四川,专科批,理科,,,150,301825,
4273,湖北城市建设职业技术学院,2024,四川,专科批,理科,,,334,236395,
4273001,湖北城市建设职业技术学院,2024,四川,专科批,理科,,,334,236395,
4274,武汉航海职业技术学院,2024,四川,专科批,理科,,,417,222733,
4274001,武汉航海职业技术学院,2024,四川,专科批,理科,,,417,222733,
4275,武汉警官职业学院,2024,四川,专科批,理科,,,382,206774,
4275001,武汉警官职业学院,2024,四川,专科批,理科,,,382,206774,
4277,湖北科技职业学院,2024,四川,专科批,理科,,,420,237247,
4277001,湖北科技职业学院,2024,四川,专科批,理科,,,420,237247,
4279,武汉外语外事职业学院,2024,四川,专科批,理科,,,312,278202,
4279001,武汉外语外事职业学院,2024,四川,专科批,理科,,,312,278202,
4280,武昌职业学院,2024,四川,专科批,理科,,,298,271104,
4280001,武昌职业学院,2024,四川,专科批,理科,,,298,271104,
4281,咸宁职业技术学院,2024,四川,专科批,理科,,,337,237247,
4281001,咸宁职业技术学院,2024,四川,专科批,理科,,,337,237247,
4282,湖北生物科技职业学院,2024,四川,专科批,理科,,,428,224836,
4282001,湖北生物科技职业学院,2024,四川,专科批,理科,,,428,224836,
4284,武汉科技职业学院,2024,四川,专科批,理科,,,303,285971,
4284001,武汉科技职业学院,2024,四川,专科批,理科,,,303,285971,
4285,武汉工程职业技术学院,2024,四川,专科批,理科,,,324,220593,
4285001,武汉工程职业技术学院,2024,四川,专科批,理科,,,324,220593,
4287,武汉铁路桥梁职业学院,2024,四川,专科批,理科,,,419,232741,
4287001,武汉铁路桥梁职业学院,2024,四川,专科批,理科,,,419,232741,
4290,湖北国土资源职业学院,2024,四川,专科批,理科,,,406,230819,
4290001,湖北国土资源职业学院,2024,四川,专科批,理科,,,406,230819,
4299,武汉工商学院,2024,四川,专科批,理科,,,394,249404,
4299001,武汉工商学院,2024,四川,专科批,理科,,,394,249404,
4340,湖南幼儿师范高等专科学校,2024,四川,专科批,理科,,,383,222733,
4340001,湖南幼儿师范高等专科学校,2024,四川,专科批,理科,,,383,222733,
4348,湖南中医药高等专科学校,2024,四川,专科批,理科,,,444,209184,
4348001,湖南中医药高等专科学校,2024,四川,专科批,理科,,,444,209184,
4349,益阳医学高等专科学校,2024,四川,专科批,理科,,,458,171949,
4349001,益阳医学高等专科学校,2024,四川,专科批,理科,,,458,171949,
4350,湖南理工职业技术学院,2024,四川,专科批,理科,,,408,241594,
4350001,湖南理工职业技术学院,2024,四川,专科批,理科,,,408,241594,
4351,长沙民政职业技术学院,2024,四川,专科批,理科,,,407,137269,
4351001,长沙民政职业技术学院,2024,四川,专科批,理科,,,407,137269,
4352,湖南工业职业技术学院,2024,四川,专科批,理科,,,434,221717,
4352001,湖南工业职业技术学院,2024,四川,专科批,理科,,,434,221717,
4355,湖南交通职业技术学院,2024,四川,专科批,理科,,,393,207998,
4355001,湖南交通职业技术学院,2024,四川,专科批,理科,,,393,207998,
4356,湖南水利水电职业技术学院,2024,四川,专科批,理科,,,421,230819,
4356001,湖南水利水电职业技术学院,2024,四川,专科批,理科,,,421,230819,
4358,湖南环境生物职业技术学院,2024,四川,专科批,理科,,,418,225898,
4358001,湖南环境生物职业技术学院,2024,四川,专科批,理科,,,418,225898,
4359,湖南科技职业学院,2024,四川,专科批,理科,,,416,240710,
4359001,湖南科技职业学院,2024,四川,专科批,理科,,,416,240710,
4360,岳阳职业技术学院,2024,四川,专科批,理科,,,419,217300,
4360001,岳阳职业技术学院,2024,四川,专科批,理科,,,419,217300,
4362,湖南信息职业技术学院,2024,四川,专科批,理科,,,376,209184,
4362001,湖南信息职业技术学院,2024,四川,专科批,理科,,,376,209184,
4363,湖南网络工程职业学院,2024,四川,专科批,理科,,,402,247174,
4363001,湖南网络工程职业学院,2024,四川,专科批,理科,,,402,247174,
4364,湖南铁路科技职业技术学院,2024,四川,专科批,理科,,,440,201708,
4364001,湖南铁路科技职业技术学院,2024,四川,专科批,理科,,,440,201708,
4366,湖南铁道职业技术学院,2024,四川,专科批,理科,,,446,204317,
4366001,湖南铁道职业技术学院,2024,四川,专科批,理科,,,446,204317,
4367,永州职业技术学院,2024,四川,专科批,理科,,,395,197921,
4367001,永州职业技术学院,2024,四川,专科批,理科,,,395,197921,
4368,湖南大众传媒职业技术学院,2024,四川,专科批,理科,,,452,197921,
4368001,湖南大众传媒职业技术学院,2024,四川,专科批,理科,,,452,197921,
4369,湖南邮电职业技术学院,2024,四川,专科批,理科,,,420,237247,
4369001,湖南邮电职业技术学院,2024,四川,专科批,理科,,,420,237247,
4370,湘潭医卫职业技术学院,2024,四川,专科批,理科,,,427,228888,
4370001,湘潭医卫职业技术学院,2024,四川,专科批,理科,,,427,228888,
4371,湖南商务职业技术学院,2024,四川,专科批,理科,,,408,243313,
4371001,湖南商务职业技术学院,2024,四川,专科批,理科,,,408,243313,
4372,湘中幼儿师范高等专科学校,2024,四川,专科批,理科,,,447,204317,
4372001,湘中幼儿师范高等专科学校,2024,四川,专科批,理科,,,447,204317,
4373,娄底职业技术学院,2024,四川,专科批,理科,,,339,246395,
4373001,娄底职业技术学院,2024,四川,专科批,理科,,,339,246395,
4374,张家界航空工业职业技术学院,2024,四川,专科批,理科,,,433,210394,
4374001,张家界航空工业职业技术学院,2024,四川,专科批,理科,,,433,210394,
4375,湖南工程职业技术学院,2024,四川,专科批,理科,,,412,201708,
4375001,湖南工程职业技术学院,2024,四川,专科批,理科,,,412,201708,
4376,长沙环境保护职业技术学院,2024,四川,专科批,理科,,,397,246395,
4376001,长沙环境保护职业技术学院,2024,四川,专科批,理科,,,397,246395,
4377,湖南软件职业技术大学,2024,四川,专科批,理科,,,333,256839,
4377001,湖南软件职业技术大学,2024,四川,专科批,理科,,,333,256839,
4378,湖南吉利汽车职业技术学院,2024,四川,专科批,理科,,,233,285971,
4378001,湖南吉利汽车职业技术学院,2024,四川,专科批,理科,,,233,285971,
4379,湖南劳动人事职业学院,2024,四川,专科批,理科,,,381,264488,
4379001,湖南劳动人事职业学院,2024,四川,专科批,理科,,,381,264488,
4381,长沙航空职业技术学院,2024,四川,专科批,理科,,,469,153336,
4381001,长沙航空职业技术学院,2024,四川,专科批,理科,,,469,153336,
4382,湖南机电职业技术学院,2024,四川,专科批,理科,,,417,238967,
4382001,湖南机电职业技术学院,2024,四川,专科批,理科,,,417,238967,
4383,益阳职业技术学院,2024,四川,专科批,理科,,,399,227906,
4383001,益阳职业技术学院,2024,四川,专科批,理科,,,399,227906,
4384,常德职业技术学院,2024,四川,专科批,理科,,,408,237247,
4384001,常德职业技术学院,2024,四川,专科批,理科,,,408,237247,
4385,湖南财经工业职业技术学院,2024,四川,专科批,理科,,,400,250142,
4385001,湖南财经工业职业技术学院,2024,四川,专科批,理科,,,400,250142,
4386,怀化职业技术学院,2024,四川,专科批,理科,,,395,254947,
4386001,怀化职业技术学院,2024,四川,专科批,理科,,,395,254947,
4387,湘西民族职业技术学院,2024,四川,专科批,理科,,,290,242463,
4387001,湘西民族职业技术学院,2024,四川,专科批,理科,,,290,242463,
4388,湖南化工职业技术学院,2024,四川,专科批,理科,,,432,216207,
4388001,湖南化工职业技术学院,2024,四川,专科批,理科,,,432,216207,
4389,湖南城建职业技术学院,2024,四川,专科批,理科,,,383,255551,
4389001,湖南城建职业技术学院,2024,四川,专科批,理科,,,383,255551,
4390,湖南有色金属职业技术学院,2024,四川,专科批,理科,,,391,253605,
4390001,湖南有色金属职业技术学院,2024,四川,专科批,理科,,,391,253605,
4391,长沙卫生职业学院,2024,四川,专科批,理科,,,419,191450,
4391001,长沙卫生职业学院,2024,四川,专科批,理科,,,419,191450,
4392,长沙职业技术学院,2024,四川,专科批,理科,,,432,222733,
4392001,长沙职业技术学院,2024,四川,专科批,理科,,,432,222733,
4398,湖南汽车工程职业大学,2024,四川,专科批,理科,,,423,213963,
4398001,湖南汽车工程职业大学,2024,四川,专科批,理科,,,423,213963,
4433,肇庆医学院,2024,四川,专科批,理科,,,463,171949,
4433001,肇庆医学院,2024,四川,专科批,理科,,,463,171949,
4446,湛江幼儿师范专科学校,2024,四川,专科批,理科,,,150,301825,
4446001,湛江幼儿师范专科学校,2024,四川,专科批,理科,,,150,301825,
4447,广东碧桂园职业学院,2024,四川,专科批,理科,,,298,273268,
4447001,广东碧桂园职业学院,2024,四川,专科批,理科,,,298,273268,
4448,广东工商职业技术大学,2024,四川,专科批,理科,,,308,275710,
4448001,广东工商职业技术大学,2024,四川,专科批,理科,,,308,275710,
4451,广州民航职业技术学院,2024,四川,专科批,理科,,,427,170539,
4451001,广州民航职业技术学院,2024,四川,专科批,理科,,,427,170539,
4453,广东轻工职业技术大学,2024,四川,专科批,理科,,,480,146159,
4453001,广东轻工职业技术大学,2024,四川,专科批,理科,,,480,146159,
4456,广州铁路职业技术学院,2024,四川,专科批,理科,,,452,196625,
4456001,广州铁路职业技术学院,2024,四川,专科批,理科,,,452,196625,
4457,广东水利电力职业技术学院,2024,四川,专科批,理科,,,432,219473,
4457001,广东水利电力职业技术学院,2024,四川,专科批,理科,,,432,219473,
4459,广东科学技术职业学院,2024,四川,专科批,理科,,,459,186060,
4459001,广东科学技术职业学院,2024,四川,专科批,理科,,,459,186060,
4460,广东茂名幼儿师范专科学校,2024,四川,专科批,理科,,,410,241594,
4460001,广东茂名幼儿师范专科学校,2024,四川,专科批,理科,,,410,241594,
4462,广东食品药品职业学院,2024,四川,专科批,理科,,,425,218428,
4462001,广东食品药品职业学院,2024,四川,专科批,理科,,,425,218428,
4463,珠海城市职业技术学院,2024,四川,专科批,理科,,,427,212778,
4463001,珠海城市职业技术学院,2024,四川,专科批,理科,,,427,212778,
4465,江门职业技术学院,2024,四川,专科批,理科,,,414,234643,
4465001,江门职业技术学院,2024,四川,专科批,理科,,,414,234643,
4466,广东酒店管理职业技术学院,2024,四川,专科批,理科,,,191,299978,
4466001,广东酒店管理职业技术学院,2024,四川,专科批,理科,,,191,299978,
4468,广州科技贸易职业学院,2024,四川,专科批,理科,,,410,238967,
4468001,广州科技贸易职业学院,2024,四川,专科批,理科,,,410,238967,
4470,广东工贸职业技术学院,2024,四川,专科批,理科,,,442,205501,
4470001,广东工贸职业技术学院,2024,四川,专科批,理科,,,442,205501,
4471,广州城市职业学院,2024,四川,专科批,理科,,,434,194087,
4471001,广州城市职业学院,2024,四川,专科批,理科,,,434,194087,
4472,广东文理职业学院,2024,四川,专科批,理科,,,318,241594,
4472001,广东文理职业学院,2024,四川,专科批,理科,,,318,241594,
4474,顺德职业技术学院,2024,四川,专科批,理科,,,443,207998,
4474001,顺德职业技术学院,2024,四川,专科批,理科,,,443,207998,
4475,广州华南商贸职业学院,2024,四川,专科批,理科,,,363,272844,
4475001,广州华南商贸职业学院,2024,四川,专科批,理科,,,363,272844,
4476,广州东华职业学院,2024,四川,专科批,理科,,,189,300850,
4476001,广州东华职业学院,2024,四川,专科批,理科,,,189,300850,
4479,广州城建职业学院,2024,四川,专科批,理科,,,252,242463,
4479001,广州城建职业学院,2024,四川,专科批,理科,,,252,242463,
4481,广东亚视演艺职业学院,2024,四川,专科批,理科,,,150,299554,
4481001,广东亚视演艺职业学院,2024,四川,专科批,理科,,,150,299554,
4483,茂名职业技术学院,2024,四川,专科批,理科,,,226,232741,
4483001,茂名职业技术学院,2024,四川,专科批,理科,,,226,232741,
4484,广东交通职业技术学院,2024,四川,专科批,理科,,,431,224836,
4484001,广东交通职业技术学院,2024,四川,专科批,理科,,,431,224836,
4486,广东环境保护工程职业学院,2024,四川,专科批,理科,,,392,250867,
4486001,广东环境保护工程职业学院,2024,四川,专科批,理科,,,392,250867,
4487,广东信息工程职业学院,2024,四川,专科批,理科,,,298,285711,
4487001,广东信息工程职业学院,2024,四川,专科批,理科,,,298,285711,
4497,广东南华工商职业学院,2024,四川,专科批,理科,,,425,164858,
4497001,广东南华工商职业学院,2024,四川,专科批,理科,,,425,164858,
4499,私立华联学院,2024,四川,专科批,理科,,,241,296760,
4499001,私立华联学院,2024,四川,专科批,理科,,,241,296760,
4504,桂林理工大学,2024,四川,专科批,理科,,,482,147598,
4504001,桂林理工大学,2024,四川,专科批,理科,,,482,147598,
451,上海民航职业技术学院,2024,四川,专科批,理科,,,451,199177,
451001,上海民航职业技术学院,2024,四川,专科批,理科,,,451,199177,
4520,桂林航天工业学院,2024,四川,专科批,理科,,,464,182021,
4520001,桂林航天工业学院,2024,四川,专科批,理科,,,464,182021,
4525,桂林旅游学院,2024,四川,专科批,理科,,,441,197921,
4525001,桂林旅游学院,2024,四川,专科批,理科,,,441,197921,
4529,广西体育高等专科学校,2024,四川,专科批,理科,,,385,262270,
4529001,广西体育高等专科学校,2024,四川,专科批,理科,,,385,262270,
4533,广西幼儿师范高等专科学校,2024,四川,专科批,理科,,,394,252258,
4533001,广西幼儿师范高等专科学校,2024,四川,专科批,理科,,,394,252258,
4549,深圳职业技术大学,2024,四川,专科批,理科,,,495,138841,
4549001,深圳职业技术大学,2024,四川,专科批,理科,,,495,138841,
4552,广西机电职业技术学院,2024,四川,专科批,理科,,,409,235494,
4552001,广西机电职业技术学院,2024,四川,专科批,理科,,,409,235494,
4554,钦州幼儿师范高等专科学校,2024,四川,专科批,理科,,,320,286695,
4554001,钦州幼儿师范高等专科学校,2024,四川,专科批,理科,,,320,286695,
4556,广西交通职业技术学院,2024,四川,专科批,理科,,,400,252258,
4556001,广西交通职业技术学院,2024,四川,专科批,理科,,,400,252258,
4558,广西自然资源职业技术学院,2024,四川,专科批,理科,,,378,256839,
4558001,广西自然资源职业技术学院,2024,四川,专科批,理科,,,378,256839,
4559,广西建设职业技术学院,2024,四川,专科批,理科,,,416,240710,
4559001,广西建设职业技术学院,2024,四川,专科批,理科,,,416,240710,
4560,广西电力职业技术学院,2024,四川,专科批,理科,,,443,205501,
4560001,广西电力职业技术学院,2024,四川,专科批,理科,,,443,205501,
4561,广西水利电力职业技术学院,2024,四川,专科批,理科,,,419,228888,
4561001,广西水利电力职业技术学院,2024,四川,专科批,理科,,,419,228888,
4565,广西工业职业技术学院,2024,四川,专科批,理科,,,334,248676,
4565001,广西工业职业技术学院,2024,四川,专科批,理科,,,334,248676,
4569,百色职业学院,2024,四川,专科批,理科,,,373,255551,
4569001,百色职业学院,2024,四川,专科批,理科,,,373,255551,
4571,广西现代职业技术学院,2024,四川,专科批,理科,,,391,256174,
4571001,广西现代职业技术学院,2024,四川,专科批,理科,,,391,256174,
4573,广西科技职业学院,2024,四川,专科批,理科,,,150,301825,
4573001,广西科技职业学院,2024,四川,专科批,理科,,,150,301825,
4574,桂林山水职业学院,2024,四川,专科批,理科,,,250,295226,
4574001,桂林山水职业学院,2024,四川,专科批,理科,,,250,295226,
4576,柳州城市职业学院,2024,四川,专科批,理科,,,398,244887,
4576001,柳州城市职业学院,2024,四川,专科批,理科,,,398,244887,
4577,广西卫生职业技术学院,2024,四川,专科批,理科,,,430,218428,
4577001,广西卫生职业技术学院,2024,四川,专科批,理科,,,430,218428,
4581,广西金融职业技术学院,2024,四川,专科批,理科,,,392,249404,
4581001,广西金融职业技术学院,2024,四川,专科批,理科,,,392,249404,
4587,桂林信息工程职业学院,2024,四川,专科批,理科,,,213,285427,
4587001,桂林信息工程职业学院,2024,四川,专科批,理科,,,213,285427,
4589,崇左幼儿师范高等专科学校,2024,四川,专科批,理科,,,383,225898,
4589001,崇左幼儿师范高等专科学校,2024,四川,专科批,理科,,,383,225898,
4594,广西国际商务职业技术学院,2024,四川,专科批,理科,,,379,265026,
4594001,广西国际商务职业技术学院,2024,四川,专科批,理科,,,379,265026,
4597,梧州职业学院,2024,四川,专科批,理科,,,393,251569,
4597001,梧州职业学院,2024,四川,专科批,理科,,,393,251569,
4598,柳州铁道职业技术学院,2024,四川,专科批,理科,,,437,218428,
4598001,柳州铁道职业技术学院,2024,四川,专科批,理科,,,437,218428,
4611,海南热带海洋学院,2024,四川,专科批,理科,,,414,218428,
4611001,海南热带海洋学院,2024,四川,专科批,理科,,,414,218428,
4634,海南东方新丝路职业学院,2024,四川,专科批,理科,,,312,288523,
4634001,海南东方新丝路职业学院,2024,四川,专科批,理科,,,312,288523,
4650,三亚中瑞酒店管理职业学院,2024,四川,专科批,理科,,,150,301825,
4650001,三亚中瑞酒店管理职业学院,2024,四川,专科批,理科,,,150,301825,
4651,海南职业技术学院,2024,四川,专科批,理科,,,302,240710,
4651001,海南职业技术学院,2024,四川,专科批,理科,,,302,240710,
4652,海口经济学院,2024,四川,专科批,理科,,,259,283338,
4652001,海口经济学院,2024,四川,专科批,理科,,,259,283338,
4655,海南软件职业技术学院,2024,四川,专科批,理科,,,310,234643,
4655001,海南软件职业技术学院,2024,四川,专科批,理科,,,310,234643,
4656,海南经贸职业技术学院,2024,四川,专科批,理科,,,404,211561,
4656001,海南经贸职业技术学院,2024,四川,专科批,理科,,,404,211561,
4659,海南外国语职业学院,2024,四川,专科批,理科,,,270,252258,
4659001,海南外国语职业学院,2024,四川,专科批,理科,,,270,252258,
4660,三亚航空旅游职业学院,2024,四川,专科批,理科,,,193,244122,
4660001,三亚航空旅游职业学院,2024,四川,专科批,理科,,,193,244122,
4661,海南工商职业学院,2024,四川,专科批,理科,,,293,292199,
4661001,海南工商职业学院,2024,四川,专科批,理科,,,293,292199,
4677,海南科技职业大学,2024,四川,专科批,理科,,,317,269801,
4677001,海南科技职业大学,2024,四川,专科批,理科,,,317,269801,
4679,三亚理工职业学院,2024,四川,专科批,理科,,,336,282466,
4679001,三亚理工职业学院,2024,四川,专科批,理科,,,336,282466,
4692,海南健康管理职业技术学院,2024,四川,专科批,理科,,,285,293466,
4692001,海南健康管理职业技术学院,2024,四川,专科批,理科,,,285,293466,
4693,海南卫生健康职业学院,2024,四川,专科批,理科,,,418,228888,
4693001,海南卫生健康职业学院,2024,四川,专科批,理科,,,418,228888,
4748,河南轻工职业学院,2024,四川,专科批,理科,,,360,255551,
4748001,河南轻工职业学院,2024,四川,专科批,理科,,,360,255551,
4753,河南工业职业技术学院,2024,四川,专科批,理科,,,372,268909,
4753001,河南工业职业技术学院,2024,四川,专科批,理科,,,372,268909,
4756,郑州信息工程职业学院,2024,四川,专科批,理科,,,150,301825,
4756001,郑州信息工程职业学院,2024,四川,专科批,理科,,,150,301825,
4758,湖北工业职业技术学院,2024,四川,专科批,理科,,,414,237247,
4758001,湖北工业职业技术学院,2024,四川,专科批,理科,,,414,237247,
4759,武汉电力职业技术学院,2024,四川,专科批,理科,,,462,182021,
4759001,武汉电力职业技术学院,2024,四川,专科批,理科,,,462,182021,
4760,武汉信息传播职业技术学院,2024,四川,专科批,理科,,,386,259340,
4760001,武汉信息传播职业技术学院,2024,四川,专科批,理科,,,386,259340,
4763,湖北工程职业学院,2024,四川,专科批,理科,,,421,230819,
4763001,湖北工程职业学院,2024,四川,专科批,理科,,,421,230819,
4767,广东农工商职业技术学院,2024,四川,专科批,理科,,,391,252258,
4767001,广东农工商职业技术学院,2024,四川,专科批,理科,,,391,252258,
4768,广州康大职业技术学院,2024,四川,专科批,理科,,,283,263940,
4768001,广州康大职业技术学院,2024,四川,专科批,理科,,,283,263940,
4769,广东建设职业技术学院,2024,四川,专科批,理科,,,428,192766,
4769001,广东建设职业技术学院,2024,四川,专科批,理科,,,428,192766,
4770,惠州卫生职业技术学院,2024,四川,专科批,理科,,,457,191450,
4770001,惠州卫生职业技术学院,2024,四川,专科批,理科,,,457,191450,
4771,广东生态工程职业学院,2024,四川,专科批,理科,,,403,238129,
4771001,广东生态工程职业学院,2024,四川,专科批,理科,,,403,238129,
4772,湖北工程学院新技术学院,2024,四川,专科批,理科,,,319,247174,
4772001,湖北工程学院新技术学院,2024,四川,专科批,理科,,,319,247174,
4780,广东岭南职业技术学院,2024,四川,专科批,理科,,,238,297372,
4780001,广东岭南职业技术学院,2024,四川,专科批,理科,,,238,297372,
4781,广州南洋理工职业学院,2024,四川,专科批,理科,,,279,262270,
4781001,广州南洋理工职业学院,2024,四川,专科批,理科,,,279,262270,
4783,广州华立科技职业学院,2024,四川,专科批,理科,,,259,279880,
4783001,广州华立科技职业学院,2024,四川,专科批,理科,,,259,279880,
4785,广东南方职业学院,2024,四川,专科批,理科,,,209,299668,
4785001,广东南方职业学院,2024,四川,专科批,理科,,,209,299668,
4786,广州华商职业学院,2024,四川,专科批,理科,,,203,286695,
4786001,广州华商职业学院,2024,四川,专科批,理科,,,203,286695,
4788,广州卫生职业技术学院,2024,四川,专科批,理科,,,433,180581,
4788001,广州卫生职业技术学院,2024,四川,专科批,理科,,,433,180581,
4789,桂林生命与健康职业技术学院,2024,四川,专科批,理科,,,353,265026,
4789001,桂林生命与健康职业技术学院,2024,四川,专科批,理科,,,353,265026,
4798,广州华夏职业学院,2024,四川,专科批,理科,,,296,268909,
4798001,广州华夏职业学院,2024,四川,专科批,理科,,,296,268909,
4851,武汉铁路职业技术学院,2024,四川,专科批,理科,,,453,184656,
4851001,武汉铁路职业技术学院,2024,四川,专科批,理科,,,453,184656,
4852,湖北生态工程职业技术学院,2024,四川,专科批,理科,,,407,239847,
4852001,湖北生态工程职业技术学院,2024,四川,专科批,理科,,,407,239847,
4853,武汉民政职业学院,2024,四川,专科批,理科,,,399,176253,
4853001,武汉民政职业学院,2024,四川,专科批,理科,,,399,176253,
4854,湖北三峡职业技术学院,2024,四川,专科批,理科,,,422,190094,
4854001,湖北三峡职业技术学院,2024,四川,专科批,理科,,,422,190094,
4865,湖北恩施学院,2024,四川,专科批,理科,,,286,257492,
4865001,湖北恩施学院,2024,四川,专科批,理科,,,286,257492,
4870,长江工程职业技术学院,2024,四川,专科批,理科,,,412,238129,
4870001,长江工程职业技术学院,2024,四川,专科批,理科,,,412,238129,
4872,三峡电力职业学院,2024,四川,专科批,理科,,,437,203047,
4872001,三峡电力职业学院,2024,四川,专科批,理科,,,437,203047,
4874,武汉设计工程学院,2024,四川,专科批,理科,,,269,294024,
4874001,武汉设计工程学院,2024,四川,专科批,理科,,,269,294024,
4875,天门职业学院,2024,四川,专科批,理科,,,312,258739,
4875001,天门职业学院,2024,四川,专科批,理科,,,312,258739,
4878,江汉艺术职业学院,2024,四川,专科批,理科,,,390,256839,
4878001,江汉艺术职业学院,2024,四川,专科批,理科,,,390,256839,
4880,三峡旅游职业技术学院,2024,四川,专科批,理科,,,392,244887,
4880001,三峡旅游职业技术学院,2024,四川,专科批,理科,,,392,244887,
4881,武汉商贸职业学院,2024,四川,专科批,理科,,,247,262840,
4881001,武汉商贸职业学院,2024,四川,专科批,理科,,,247,262840,
4883,广西物流职业技术学院,2024,四川,专科批,理科,,,369,268909,
4883001,广西物流职业技术学院,2024,四川,专科批,理科,,,369,268909,
4891,广西安全工程职业技术学院,2024,四川,专科批,理科,,,369,259918,
4891001,广西安全工程职业技术学院,2024,四川,专科批,理科,,,369,259918,
4893,广西农业职业技术大学,2024,四川,专科批,理科,,,405,249404,
4893001,广西农业职业技术大学,2024,四川,专科批,理科,,,405,249404,
4894,河南应用技术职业学院,2024,四川,专科批,理科,,,392,252258,
4894001,河南应用技术职业学院,2024,四川,专科批,理科,,,392,252258,
4899,邯郸幼儿师范高等专科学校,2024,四川,专科批,理科,,,410,238129,
4899001,邯郸幼儿师范高等专科学校,2024,四川,专科批,理科,,,410,238129,
4902,濮阳医学高等专科学校,2024,四川,专科批,理科,,,430,219473,
4902001,濮阳医学高等专科学校,2024,四川,专科批,理科,,,430,219473,
4909,广州涉外经济职业技术学院,2024,四川,专科批,理科,,,199,295353,
4909001,广州涉外经济职业技术学院,2024,四川,专科批,理科,,,199,295353,
4913,广东创新科技职业学院,2024,四川,专科批,理科,,,236,277539,
4913001,广东创新科技职业学院,2024,四川,专科批,理科,,,236,277539,
4915,广州松田职业学院,2024,四川,专科批,理科,,,227,288523,
4915001,广州松田职业学院,2024,四川,专科批,理科,,,227,288523,
4950,中山职业技术学院,2024,四川,专科批,理科,,,409,240710,
4950001,中山职业技术学院,2024,四川,专科批,理科,,,409,240710,
4951,郴州职业技术学院,2024,四川,专科批,理科,,,335,255551,
4951001,郴州职业技术学院,2024,四川,专科批,理科,,,335,255551,
4952,湖南工商职业学院,2024,四川,专科批,理科,,,207,278848,
4952001,湖南工商职业学院,2024,四川,专科批,理科,,,207,278848,
4955,湖南司法警官职业学院,2024,四川,专科批,理科,,,439,206774,
4955001,湖南司法警官职业学院,2024,四川,专科批,理科,,,439,206774,
4956,长沙商贸旅游职业技术学院,2024,四川,专科批,理科,,,375,267515,
4956001,长沙商贸旅游职业技术学院,2024,四川,专科批,理科,,,375,267515,
4959,河南工业和信息化职业学院,2024,四川,专科批,理科,,,391,250867,
4959001,河南工业和信息化职业学院,2024,四川,专科批,理科,,,391,250867,
4960,北海康养职业学院,2024,四川,专科批,理科,,,314,272419,
4960001,北海康养职业学院,2024,四川,专科批,理科,,,314,272419,
4963,深圳信息职业技术学院,2024,四川,专科批,理科,,,480,159060,
4963001,深圳信息职业技术学院,2024,四川,专科批,理科,,,480,159060,
4967,广东肇庆航空职业学院,2024,四川,专科批,理科,,,265,290651,
4967001,广东肇庆航空职业学院,2024,四川,专科批,理科,,,265,290651,
4968,益阳师范高等专科学校,2024,四川,专科批,理科,,,372,262840,
4968001,益阳师范高等专科学校,2024,四川,专科批,理科,,,372,262840,
4972,湖南高速铁路职业技术学院,2024,四川,专科批,理科,,,436,207998,
4972001,湖南高速铁路职业技术学院,2024,四川,专科批,理科,,,436,207998,
4974,湖南石油化工职业技术学院,2024,四川,专科批,理科,,,441,209184,
4974001,湖南石油化工职业技术学院,2024,四川,专科批,理科,,,441,209184,
4975,湖南三一工业职业技术学院,2024,四川,专科批,理科,,,367,234643,
4975001,湖南三一工业职业技术学院,2024,四川,专科批,理科,,,367,234643,
4979,湖南民族职业学院,2024,四川,专科批,理科,,,370,259340,
4979001,湖南民族职业学院,2024,四川,专科批,理科,,,370,259340,
4981,湖南安全技术职业学院,2024,四川,专科批,理科,,,394,256839,
4981001,湖南安全技术职业学院,2024,四川,专科批,理科,,,394,256839,
4982,湖南外国语职业学院,2024,四川,专科批,理科,,,233,299088,
4982001,湖南外国语职业学院,2024,四川,专科批,理科,,,233,299088,
4987,湖南食品药品职业学院,2024,四川,专科批,理科,,,410,241594,
4987001,湖南食品药品职业学院,2024,四川,专科批,理科,,,410,241594,
5008,重庆医科大学,2024,四川,专科批,理科,,,483,151891,
5008001,重庆医科大学,2024,四川,专科批,理科,,,483,151891,
5031,重庆电力高等专科学校,2024,四川,专科批,理科,,,462,182021,
5031001,重庆电力高等专科学校,2024,四川,专科批,理科,,,462,182021,
5032,重庆三峡医药高等专科学校,2024,四川,专科批,理科,,,489,135858,
5032001,重庆三峡医药高等专科学校,2024,四川,专科批,理科,,,489,135858,
5033,重庆医药高等专科学校,2024,四川,专科批,理科,,,439,87003,
5033001,重庆医药高等专科学校,2024,四川,专科批,理科,,,495,87003,
5036,重庆幼儿师范高等专科学校,2024,四川,专科批,理科,,,427,203047,
5036001,重庆幼儿师范高等专科学校,2024,四川,专科批,理科,,,427,203047,
5049,重庆健康职业学院,2024,四川,专科批,理科,,,183,297182,
5049001,重庆健康职业学院,2024,四川,专科批,理科,,,183,297182,
5051,重庆航天职业技术学院,2024,四川,专科批,理科,,,363,171949,
5051001,重庆航天职业技术学院,2024,四川,专科批,理科,,,363,171949,
5052,重庆工业职业技术学院,2024,四川,专科批,理科,,,459,184656,
5052001,重庆工业职业技术学院,2024,四川,专科批,理科,,,459,184656,
5053,重庆工程职业技术学院,2024,四川,专科批,理科,,,456,188810,
5053001,重庆工程职业技术学院,2024,四川,专科批,理科,,,456,188810,
5054,重庆城市管理职业学院,2024,四川,专科批,理科,,,474,154832,
5054001,重庆城市管理职业学院,2024,四川,专科批,理科,,,474,154832,
5055,重庆化工职业学院,2024,四川,专科批,理科,,,366,227906,
5055001,重庆化工职业学院,2024,四川,专科批,理科,,,366,227906,
5056,重庆旅游职业学院,2024,四川,专科批,理科,,,312,233683,
5056001,重庆旅游职业学院,2024,四川,专科批,理科,,,312,233683,
5057,重庆信息技术职业学院,2024,四川,专科批,理科,,,390,250867,
5057001,重庆信息技术职业学院,2024,四川,专科批,理科,,,390,250867,
5058,重庆海联职业技术学院,2024,四川,专科批,理科,,,281,274088,
5058001,重庆海联职业技术学院,2024,四川,专科批,理科,,,281,274088,
5059,重庆传媒职业学院,2024,四川,专科批,理科,,,292,256839,
5059001,重庆传媒职业学院,2024,四川,专科批,理科,,,292,256839,
5060,重庆商务职业学院,2024,四川,专科批,理科,,,408,192766,
5060001,重庆商务职业学院,2024,四川,专科批,理科,,,408,192766,
5061,重庆三峡职业学院,2024,四川,专科批,理科,,,360,200460,
5061001,重庆三峡职业学院,2024,四川,专科批,理科,,,360,200460,
5062,重庆工贸职业技术学院,2024,四川,专科批,理科,,,370,213963,
5062001,重庆工贸职业技术学院,2024,四川,专科批,理科,,,370,213963,
5065,重庆电子科技职业大学,2024,四川,专科批,理科,,,462,182021,
5065001,重庆电子科技职业大学,2024,四川,专科批,理科,,,462,182021,
5066,重庆水利电力职业技术学院,2024,四川,专科批,理科,,,342,196625,
5066001,重庆水利电力职业技术学院,2024,四川,专科批,理科,,,342,196625,
5067,重庆应用技术职业学院,2024,四川,专科批,理科,,,284,290021,
5067001,重庆应用技术职业学院,2024,四川,专科批,理科,,,284,290021,
5068,重庆工商职业学院,2024,四川,专科批,理科,,,418,183371,
5068001,重庆工商职业学院,2024,四川,专科批,理科,,,418,183371,
5069,重庆城市职业学院,2024,四川,专科批,理科,,,379,216207,
5069001,重庆城市职业学院,2024,四川,专科批,理科,,,379,216207,
5070,重庆建筑科技职业学院,2024,四川,专科批,理科,,,361,250867,
5070001,重庆建筑科技职业学院,2024,四川,专科批,理科,,,361,250867,
5071,重庆青年职业技术学院,2024,四川,专科批,理科,,,418,226913,
5071001,重庆青年职业技术学院,2024,四川,专科批,理科,,,418,226913,
5072,重庆财经职业学院,2024,四川,专科批,理科,,,341,161985,
5072001,重庆财经职业学院,2024,四川,专科批,理科,,,341,161985,
5073,重庆科创职业学院,2024,四川,专科批,理科,,,307,238967,
5073001,重庆科创职业学院,2024,四川,专科批,理科,,,307,238967,
5074,重庆建筑工程职业学院,2024,四川,专科批,理科,,,370,211561,
5074001,重庆建筑工程职业学院,2024,四川,专科批,理科,,,370,211561,
5075,重庆电讯职业学院,2024,四川,专科批,理科,,,173,274891,
5075001,重庆电讯职业学院,2024,四川,专科批,理科,,,173,274891,
5076,重庆能源职业学院,2024,四川,专科批,理科,,,375,260517,
5076001,重庆能源职业学院,2024,四川,专科批,理科,,,375,260517,
5077,重庆安全技术职业学院,2024,四川,专科批,理科,,,313,231777,
5077001,重庆安全技术职业学院,2024,四川,专科批,理科,,,313,231777,
5078,重庆公共运输职业学院,2024,四川,专科批,理科,,,313,237247,
5078001,重庆公共运输职业学院,2024,四川,专科批,理科,,,313,237247,
5079,重庆交通职业学院,2024,四川,专科批,理科,,,327,201708,
5079001,重庆交通职业学院,2024,四川,专科批,理科,,,327,201708,
5080,重庆艺术工程职业学院,2024,四川,专科批,理科,,,209,253605,
5080001,重庆艺术工程职业学院,2024,四川,专科批,理科,,,209,253605,
5082,重庆电信职业学院,2024,四川,专科批,理科,,,250,271533,
5082001,重庆电信职业学院,2024,四川,专科批,理科,,,250,271533,
5083,重庆经贸职业学院,2024,四川,专科批,理科,,,219,256174,
5083001,重庆经贸职业学院,2024,四川,专科批,理科,,,219,256174,
5084,重庆科技职业学院,2024,四川,专科批,理科,,,263,267979,
5084001,重庆科技职业学院,2024,四川,专科批,理科,,,263,267979,
5089,重庆智能工程职业学院,2024,四川,专科批,理科,,,312,284171,
5089001,重庆智能工程职业学院,2024,四川,专科批,理科,,,312,284171,
5094,重庆资源与环境保护职业学院,2024,四川,专科批,理科,,,261,250867,
5094001,重庆资源与环境保护职业学院,2024,四川,专科批,理科,,,261,250867,
5095,重庆护理职业学院,2024,四川,专科批,理科,,,370,219473,
5095001,重庆护理职业学院,2024,四川,专科批,理科,,,419,219473,
5097,重庆轻工职业学院,2024,四川,专科批,理科,,,360,267979,
5097001,重庆轻工职业学院,2024,四川,专科批,理科,,,360,267979,
5098,重庆理工职业学院,2024,四川,专科批,理科,,,356,266100,
5098001,重庆理工职业学院,2024,四川,专科批,理科,,,356,266100,
5130,阿坝师范学院,2024,四川,专科批,理科,,,460,192766,
5130001,阿坝师范学院,2024,四川,专科批,理科,,,460,192766,
5140,川北幼儿师范高等专科学校,2024,四川,专科批,理科,,,446,188810,
5140001,川北幼儿师范高等专科学校,2024,四川,专科批,理科,,,446,188810,
5141,成都纺织高等专科学校,2024,四川,专科批,理科,,,464,170539,
5141001,成都纺织高等专科学校,2024,四川,专科批,理科,,,464,170539,
5143,四川民族学院,2024,四川,专科批,理科,,,469,180581,
5143001,四川民族学院,2024,四川,专科批,理科,,,469,180581,
5145,四川幼儿师范高等专科学校,2024,四川,专科批,理科,,,448,187394,
5145001,四川幼儿师范高等专科学校,2024,四川,专科批,理科,,,448,187394,
5146,四川中医药高等专科学校,2024,四川,专科批,理科,,,469,146159,
5146001,四川中医药高等专科学校,2024,四川,专科批,理科,,,469,146159,
5147,四川旅游学院,2024,四川,专科批,理科,,,447,197921,
5147001,四川旅游学院,2024,四川,专科批,理科,,,447,197921,
5151,成都航空职业技术学院,2024,四川,专科批,理科,,,475,161985,
5151001,成都航空职业技术学院,2024,四川,专科批,理科,,,475,161985,
5152,四川交通职业技术学院,2024,四川,专科批,理科,,,479,149080,
5152001,四川交通职业技术学院,2024,四川,专科批,理科,,,479,149080,
5153,达州职业技术学院,2024,四川,专科批,理科,,,436,190094,
5153001,达州职业技术学院,2024,四川,专科批,理科,,,436,190094,
5154,四川机电职业技术学院,2024,四川,专科批,理科,,,436,213963,
5154001,四川机电职业技术学院,2024,四川,专科批,理科,,,436,213963,
5155,四川工程职业技术大学,2024,四川,专科批,理科,,,461,147598,
5155001,四川工程职业技术大学,2024,四川,专科批,理科,,,461,147598,
5156,四川电力职业技术学院,2024,四川,专科批,理科,,,468,147598,
5156001,四川电力职业技术学院,2024,四川,专科批,理科,,,468,147598,
5157,绵阳职业技术学院,2024,四川,专科批,理科,,,446,197921,
5157001,绵阳职业技术学院,2024,四川,专科批,理科,,,446,197921,
5158,四川工商职业技术学院,2024,四川,专科批,理科,,,449,197921,
5158001,四川工商职业技术学院,2024,四川,专科批,理科,,,449,197921,
5159,四川建筑职业技术学院,2024,四川,专科批,理科,,,458,191450,
5159001,四川建筑职业技术学院,2024,四川,专科批,理科,,,458,191450,
5160,四川国际标榜职业学院,2024,四川,专科批,理科,,,253,294024,
5160001,四川国际标榜职业学院,2024,四川,专科批,理科,,,253,294024,
5161,成都农业科技职业学院,2024,四川,专科批,理科,,,458,183371,
5161001,成都农业科技职业学院,2024,四川,专科批,理科,,,458,183371,
5162,宜宾职业技术学院,2024,四川,专科批,理科,,,449,183371,
5162001,宜宾职业技术学院,2024,四川,专科批,理科,,,449,183371,
5163,成都艺术职业大学,2024,四川,专科批,理科,,,185,288071,
5163001,成都艺术职业大学,2024,四川,专科批,理科,,,185,288071,
5164,四川托普信息技术职业学院,2024,四川,专科批,理科,,,245,260517,
5164001,四川托普信息技术职业学院,2024,四川,专科批,理科,,,245,260517,
5165,四川职业技术学院,2024,四川,专科批,理科,,,446,191450,
5165001,四川职业技术学院,2024,四川,专科批,理科,,,446,191450,
5166,眉山职业技术学院,2024,四川,专科批,理科,,,420,210394,
5166001,眉山职业技术学院,2024,四川,专科批,理科,,,420,210394,
5167,泸州职业技术学院,2024,四川,专科批,理科,,,438,209184,
5167001,泸州职业技术学院,2024,四川,专科批,理科,,,438,209184,
5168,乐山职业技术学院,2024,四川,专科批,理科,,,447,187394,
5168001,乐山职业技术学院,2024,四川,专科批,理科,,,447,187394,
5169,雅安职业技术学院,2024,四川,专科批,理科,,,435,194087,
5169001,雅安职业技术学院,2024,四川,专科批,理科,,,435,194087,
5170,四川邮电职业技术学院,2024,四川,专科批,理科,,,465,169097,
5170001,四川邮电职业技术学院,2024,四川,专科批,理科,,,465,169097,
5171,四川航天职业技术学院,2024,四川,专科批,理科,,,365,200460,
5171001,四川航天职业技术学院,2024,四川,专科批,理科,,,365,200460,
5172,四川化工职业技术学院,2024,四川,专科批,理科,,,443,195370,
5172001,四川化工职业技术学院,2024,四川,专科批,理科,,,443,195370,
5173,四川水利职业技术学院,2024,四川,专科批,理科,,,450,186060,
5173001,四川水利职业技术学院,2024,四川,专科批,理科,,,450,186060,
5174,南充职业技术学院,2024,四川,专科批,理科,,,428,211561,
5174001,南充职业技术学院,2024,四川,专科批,理科,,,428,211561,
5175,成都职业技术学院,2024,四川,专科批,理科,,,461,182021,
5175001,成都职业技术学院,2024,四川,专科批,理科,,,461,182021,
5176,内江职业技术学院,2024,四川,专科批,理科,,,427,218428,
5176001,内江职业技术学院,2024,四川,专科批,理科,,,427,218428,
5177,成都东软学院,2024,四川,专科批,理科,,,436,221717,
5177001,成都东软学院,2024,四川,专科批,理科,,,436,221717,
5178,四川司法警官职业学院,2024,四川,专科批,理科,,,451,192766,
5178001,四川司法警官职业学院,2024,四川,专科批,理科,,,451,192766,
5180,四川信息职业技术学院,2024,四川,专科批,理科,,,434,209184,
5180001,四川信息职业技术学院,2024,四川,专科批,理科,,,434,209184,
5181,广安职业技术学院,2024,四川,专科批,理科,,,430,210394,
5181001,广安职业技术学院,2024,四川,专科批,理科,,,430,210394,
5182,四川商务职业学院,2024,四川,专科批,理科,,,437,210394,
5182001,四川商务职业学院,2024,四川,专科批,理科,,,437,210394,
5183,四川铁道职业学院,2024,四川,专科批,理科,,,463,173422,
5183001,四川铁道职业学院,2024,四川,专科批,理科,,,463,173422,
5184,四川财经职业学院,2024,四川,专科批,理科,,,453,191450,
5184001,四川财经职业学院,2024,四川,专科批,理科,,,453,191450,
5185,四川文化产业职业学院,2024,四川,专科批,理科,,,438,201708,
5185001,四川文化产业职业学院,2024,四川,专科批,理科,,,438,201708,
5186,四川科技职业学院,2024,四川,专科批,理科,,,259,252258,
5186001,四川科技职业学院,2024,四川,专科批,理科,,,259,252258,
5188,四川文化传媒职业学院,2024,四川,专科批,理科,,,162,243313,
5188001,四川文化传媒职业学院,2024,四川,专科批,理科,,,162,243313,
5189,四川华新现代职业学院,2024,四川,专科批,理科,,,260,277874,
5189001,四川华新现代职业学院,2024,四川,专科批,理科,,,260,277874,
5190,四川城市职业学院,2024,四川,专科批,理科,,,241,277539,
5190001,四川城市职业学院,2024,四川,专科批,理科,,,241,277539,
5191,四川现代职业学院,2024,四川,专科批,理科,,,345,265566,
5191001,四川现代职业学院,2024,四川,专科批,理科,,,345,265566,
5192,四川长江职业学院,2024,四川,专科批,理科,,,153,250867,
5192001,四川长江职业学院,2024,四川,专科批,理科,,,153,250867,
5193,民办四川天一学院,2024,四川,专科批,理科,,,150,277191,
5193001,民办四川天一学院,2024,四川,专科批,理科,,,150,277191,
5194,四川卫生康复职业学院,2024,四川,专科批,理科,,,454,183371,
5194001,四川卫生康复职业学院,2024,四川,专科批,理科,,,454,183371,
5195,四川三河职业学院,2024,四川,专科批,理科,,,280,240710,
5195001,四川三河职业学院,2024,四川,专科批,理科,,,280,240710,
5196,四川电影电视学院,2024,四川,专科批,理科,,,336,244887,
5196001,四川电影电视学院,2024,四川,专科批,理科,,,336,244887,
5197,南充电影工业职业学院,2024,四川,专科批,理科,,,163,299088,
5197001,南充电影工业职业学院,2024,四川,专科批,理科,,,163,299088,
5198,四川汽车职业技术学院,2024,四川,专科批,理科,,,258,285156,
5198001,四川汽车职业技术学院,2024,四川,专科批,理科,,,258,285156,
5199,四川护理职业学院,2024,四川,专科批,理科,,,447,201708,
5199001,四川护理职业学院,2024,四川,专科批,理科,,,447,201708,
5219,黔南民族医学高等专科学校,2024,四川,专科批,理科,,,439,182021,
5219001,黔南民族医学高等专科学校,2024,四川,专科批,理科,,,439,182021,
5232,遵义医药高等专科学校,2024,四川,专科批,理科,,,461,164858,
5232001,遵义医药高等专科学校,2024,四川,专科批,理科,,,461,164858,
5241,铜仁幼儿师范高等专科学校,2024,四川,专科批,理科,,,419,235494,
5241001,铜仁幼儿师范高等专科学校,2024,四川,专科批,理科,,,419,235494,
5243,毕节幼儿师范高等专科学校,2024,四川,专科批,理科,,,415,229889,
5243001,毕节幼儿师范高等专科学校,2024,四川,专科批,理科,,,415,229889,
5244,六盘水幼儿师范高等专科学校,2024,四川,专科批,理科,,,391,258739,
5244001,六盘水幼儿师范高等专科学校,2024,四川,专科批,理科,,,391,258739,
5249,贵州传媒职业学院,2024,四川,专科批,理科,,,310,273668,
5249001,贵州传媒职业学院,2024,四川,专科批,理科,,,310,273668,
5251,贵州航天职业技术学院,2024,四川,专科批,理科,,,411,238129,
5251001,贵州航天职业技术学院,2024,四川,专科批,理科,,,411,238129,
5252,贵州交通职业大学,2024,四川,专科批,理科,,,451,192766,
5252001,贵州交通职业大学,2024,四川,专科批,理科,,,451,192766,
5253,贵州电子信息职业技术学院,2024,四川,专科批,理科,,,415,223794,
5253001,贵州电子信息职业技术学院,2024,四川,专科批,理科,,,415,223794,
5255,遵义职业技术学院,2024,四川,专科批,理科,,,414,238129,
5255001,遵义职业技术学院,2024,四川,专科批,理科,,,414,238129,
5256,安顺职业技术学院,2024,四川,专科批,理科,,,376,233683,
5256001,安顺职业技术学院,2024,四川,专科批,理科,,,376,233683,
5257,黔东南民族职业技术学院,2024,四川,专科批,理科,,,399,190094,
5257001,黔东南民族职业技术学院,2024,四川,专科批,理科,,,399,190094,
5258,黔南民族职业技术学院,2024,四川,专科批,理科,,,409,240710,
5258001,黔南民族职业技术学院,2024,四川,专科批,理科,,,409,240710,
5259,贵州城市职业学院,2024,四川,专科批,理科,,,229,296069,
5259001,贵州城市职业学院,2024,四川,专科批,理科,,,229,296069,
5260,贵州轻工职业技术学院,2024,四川,专科批,理科,,,434,216207,
5260001,贵州轻工职业技术学院,2024,四川,专科批,理科,,,434,216207,
5261,六盘水职业技术学院,2024,四川,专科批,理科,,,412,238129,
5261001,六盘水职业技术学院,2024,四川,专科批,理科,,,412,238129,
5263,贵州工业职业技术学院,2024,四川,专科批,理科,,,410,240710,
5263001,贵州工业职业技术学院,2024,四川,专科批,理科,,,410,240710,
5265,贵州经贸职业技术学院,2024,四川,专科批,理科,,,374,267979,
5265001,贵州经贸职业技术学院,2024,四川,专科批,理科,,,374,267979,
5266,铜仁职业技术学院,2024,四川,专科批,理科,,,429,188810,
5266001,铜仁职业技术学院,2024,四川,专科批,理科,,,429,188810,
5267,毕节职业技术学院,2024,四川,专科批,理科,,,268,238129,
5267001,毕节职业技术学院,2024,四川,专科批,理科,,,268,238129,
5268,贵州机电职业技术学院,2024,四川,专科批,理科,,,410,239847,
5268001,贵州机电职业技术学院,2024,四川,专科批,理科,,,410,239847,
5271,贵阳职业技术学院,2024,四川,专科批,理科,,,366,212778,
5271001,贵阳职业技术学院,2024,四川,专科批,理科,,,366,212778,
5273,贵州护理职业技术学院,2024,四川,专科批,理科,,,435,222733,
5273001,贵州护理职业技术学院,2024,四川,专科批,理科,,,435,222733,
5274,毕节工业职业技术学院,2024,四川,专科批,理科,,,397,251569,
5274001,毕节工业职业技术学院,2024,四川,专科批,理科,,,397,251569,
5275,贵州财经职业学院,2024,四川,专科批,理科,,,419,233683,
5275001,贵州财经职业学院,2024,四川,专科批,理科,,,419,233683,
5277,贵州盛华职业学院,2024,四川,专科批,理科,,,310,269801,
5277001,贵州盛华职业学院,2024,四川,专科批,理科,,,310,269801,
5278,贵州健康职业学院,2024,四川,专科批,理科,,,423,229889,
5278001,贵州健康职业学院,2024,四川,专科批,理科,,,423,229889,
5279,贵州工商职业学院,2024,四川,专科批,理科,,,374,267979,
5279001,贵州工商职业学院,2024,四川,专科批,理科,,,374,267979,
5280,贵州工贸职业学院,2024,四川,专科批,理科,,,295,289418,
5280001,贵州工贸职业学院,2024,四川,专科批,理科,,,295,289418,
5290,毕节医学高等专科学校,2024,四川,专科批,理科,,,448,186060,
5290001,毕节医学高等专科学校,2024,四川,专科批,理科,,,448,186060,
5291,贵阳幼儿师范高等专科学校,2024,四川,专科批,理科,,,404,219473,
5291001,贵阳幼儿师范高等专科学校,2024,四川,专科批,理科,,,404,219473,
5292,贵州建设职业技术学院,2024,四川,专科批,理科,,,384,237247,
5292001,贵州建设职业技术学院,2024,四川,专科批,理科,,,384,237247,
5293,贵州农业职业学院,2024,四川,专科批,理科,,,435,222733,
5293001,贵州农业职业学院,2024,四川,专科批,理科,,,435,222733,
5294,贵州工程职业学院,2024,四川,专科批,理科,,,396,244887,
5294001,贵州工程职业学院,2024,四川,专科批,理科,,,396,244887,
5298,黔西南民族职业技术学院,2024,四川,专科批,理科,,,414,230819,
5298001,黔西南民族职业技术学院,2024,四川,专科批,理科,,,414,230819,
5299,黔南民族幼儿师范高等专科学校,2024,四川,专科批,理科,,,402,251569,
5299001,黔南民族幼儿师范高等专科学校,2024,四川,专科批,理科,,,402,251569,
5325,昆明冶金高等专科学校,2024,四川,专科批,理科,,,446,186060,
5325001,昆明冶金高等专科学校,2024,四川,专科批,理科,,,446,186060,
5327,丽江师范学院,2024,四川,专科批,理科,,,460,188810,
5327001,丽江师范学院,2024,四川,专科批,理科,,,460,188810,
5329,德宏师范高等专科学校,2024,四川,专科批,理科,,,397,251569,
5329001,德宏师范高等专科学校,2024,四川,专科批,理科,,,397,251569,
5330,楚雄医药高等专科学校,2024,四川,专科批,理科,,,445,197921,
5330001,楚雄医药高等专科学校,2024,四川,专科批,理科,,,445,197921,
5332,曲靖医学高等专科学校,2024,四川,专科批,理科,,,471,170539,
5332001,曲靖医学高等专科学校,2024,四川,专科批,理科,,,471,170539,
5349,云南医药健康职业学院,2024,四川,专科批,理科,,,411,221717,
5349001,云南医药健康职业学院,2024,四川,专科批,理科,,,411,221717,
5351,云南国土资源职业学院,2024,四川,专科批,理科,,,356,236395,
5351001,云南国土资源职业学院,2024,四川,专科批,理科,,,356,236395,
5352,云南交通职业技术学院,2024,四川,专科批,理科,,,363,231777,
5352001,云南交通职业技术学院,2024,四川,专科批,理科,,,363,231777,
5355,西双版纳职业技术学院,2024,四川,专科批,理科,,,401,238129,
5355001,西双版纳职业技术学院,2024,四川,专科批,理科,,,401,238129,
5356,玉溪农业职业技术学院,2024,四川,专科批,理科,,,429,217300,
5356001,玉溪农业职业技术学院,2024,四川,专科批,理科,,,429,217300,
5357,云南林业职业技术学院,2024,四川,专科批,理科,,,329,143289,
5357001,云南林业职业技术学院,2024,四川,专科批,理科,,,329,143289,
5358,云南机电职业技术学院,2024,四川,专科批,理科,,,426,229889,
5358001,云南机电职业技术学院,2024,四川,专科批,理科,,,426,229889,
5359,云南农业职业技术学院,2024,四川,专科批,理科,,,419,222733,
5359001,云南农业职业技术学院,2024,四川,专科批,理科,,,419,222733,
5360,昆明工业职业技术学院,2024,四川,专科批,理科,,,419,234643,
5360001,昆明工业职业技术学院,2024,四川,专科批,理科,,,419,234643,
5361,云南经济管理学院,2024,四川,专科批,理科,,,255,258117,
5361001,云南经济管理学院,2024,四川,专科批,理科,,,255,258117,
5362,云南国防工业职业技术学院,2024,四川,专科批,理科,,,414,237247,
5362001,云南国防工业职业技术学院,2024,四川,专科批,理科,,,414,237247,
5364,云南能源职业技术学院,2024,四川,专科批,理科,,,405,238129,
5364001,云南能源职业技术学院,2024,四川,专科批,理科,,,405,238129,
5365,云南工商学院,2024,四川,专科批,理科,,,327,284897,
5365001,云南工商学院,2024,四川,专科批,理科,,,327,284897,
5366,保山中医药高等专科学校,2024,四川,专科批,理科,,,434,206774,
5366001,保山中医药高等专科学校,2024,四川,专科批,理科,,,434,206774,
5367,云南经贸外事职业学院,2024,四川,专科批,理科,,,257,284897,
5367001,云南经贸外事职业学院,2024,四川,专科批,理科,,,257,284897,
5368,云南旅游职业学院,2024,四川,专科批,理科,,,411,239847,
5368001,云南旅游职业学院,2024,四川,专科批,理科,,,411,239847,
5369,云南司法警官职业学院,2024,四川,专科批,理科,,,443,206774,
5369001,云南司法警官职业学院,2024,四川,专科批,理科,,,443,206774,
5371,德宏职业学院,2024,四川,专科批,理科,,,429,199177,
5371001,德宏职业学院,2024,四川,专科批,理科,,,429,199177,
5372,云南新兴职业学院,2024,四川,专科批,理科,,,365,257492,
5372001,云南新兴职业学院,2024,四川,专科批,理科,,,365,257492,
5373,云南水利水电职业学院,2024,四川,专科批,理科,,,429,222733,
5373001,云南水利水电职业学院,2024,四川,专科批,理科,,,429,222733,
5376,云南工程职业学院,2024,四川,专科批,理科,,,359,258117,
5376001,云南工程职业学院,2024,四川,专科批,理科,,,359,258117,
5377,云南城市建设职业学院,2024,四川,专科批,理科,,,313,288315,
5377001,云南城市建设职业学院,2024,四川,专科批,理科,,,313,288315,
5379,云南三鑫职业技术学院,2024,四川,专科批,理科,,,210,298650,
5379001,云南三鑫职业技术学院,2024,四川,专科批,理科,,,210,298650,
5382,丽江文化旅游学院,2024,四川,专科批,理科,,,307,286436,
5382001,丽江文化旅游学院,2024,四川,专科批,理科,,,307,286436,
5389,云南理工职业学院,2024,四川,专科批,理科,,,215,265026,
5389001,云南理工职业学院,2024,四川,专科批,理科,,,215,265026,
5390,红河卫生职业学院,2024,四川,专科批,理科,,,433,216207,
5390001,红河卫生职业学院,2024,四川,专科批,理科,,,433,216207,
5393,大理农林职业技术学院,2024,四川,专科批,理科,,,408,245643,
5393001,大理农林职业技术学院,2024,四川,专科批,理科,,,408,245643,
5394,昆明卫生职业学院,2024,四川,专科批,理科,,,423,218428,
5394001,昆明卫生职业学院,2024,四川,专科批,理科,,,423,218428,
5395,云南财经职业学院,2024,四川,专科批,理科,,,427,220593,
5395001,云南财经职业学院,2024,四川,专科批,理科,,,427,220593,
5396,昆明铁道职业技术学院,2024,四川,专科批,理科,,,432,203047,
5396001,昆明铁道职业技术学院,2024,四川,专科批,理科,,,432,203047,
5397,云南特殊教育职业学院,2024,四川,专科批,理科,,,408,209184,
5397001,云南特殊教育职业学院,2024,四川,专科批,理科,,,408,209184,
5399,大理护理职业学院,2024,四川,专科批,理科,,,429,224836,
5399001,大理护理职业学院,2024,四川,专科批,理科,,,429,224836,
5405,拉萨师范高等专科学校,2024,四川,专科批,理科,,,404,235494,
5405001,拉萨师范高等专科学校,2024,四川,专科批,理科,,,404,235494,
5408,西藏职业技术学院,2024,四川,专科批,理科,,,393,246395,
5408001,西藏职业技术学院,2024,四川,专科批,理科,,,393,246395,
5561,重庆现代制造职业学院,2024,四川,专科批,理科,,,166,291886,
5561001,重庆现代制造职业学院,2024,四川,专科批,理科,,,166,291886,
5566,成都轨道交通职业学院,2024,四川,专科批,理科,,,418,233683,
5566001,成都轨道交通职业学院,2024,四川,专科批,理科,,,418,233683,
5567,西昌医学高等专科学校,2024,四川,专科批,理科,,,413,231777,
5567001,西昌医学高等专科学校,2024,四川,专科批,理科,,,413,231777,
5572,重庆数字产业职业技术学院,2024,四川,专科批,理科,,,199,248676,
5572001,重庆数字产业职业技术学院,2024,四川,专科批,理科,,,199,248676,
5651,巴中职业技术学院,2024,四川,专科批,理科,,,307,237247,
5651001,巴中职业技术学院,2024,四川,专科批,理科,,,307,237247,
5652,四川希望汽车职业学院,2024,四川,专科批,理科,,,166,259340,
5652001,四川希望汽车职业学院,2024,四川,专科批,理科,,,166,259340,
5653,四川电子机械职业技术学院,2024,四川,专科批,理科,,,166,229889,
5653001,四川电子机械职业技术学院,2024,四川,专科批,理科,,,166,229889,
5655,川南幼儿师范高等专科学校,2024,四川,专科批,理科,,,443,197921,
5655001,川南幼儿师范高等专科学校,2024,四川,专科批,理科,,,443,197921,
5656,四川文轩职业学院,2024,四川,专科批,理科,,,327,273668,
5656001,四川文轩职业学院,2024,四川,专科批,理科,,,327,273668,
5657,成都工业职业技术学院,2024,四川,专科批,理科,,,445,196625,
5657001,成都工业职业技术学院,2024,四川,专科批,理科,,,445,196625,
5658,四川西南航空职业学院,2024,四川,专科批,理科,,,244,268909,
5658001,四川西南航空职业学院,2024,四川,专科批,理科,,,244,268909,
5659,四川应用技术职业学院,2024,四川,专科批,理科,,,299,288523,
5659001,四川应用技术职业学院,2024,四川,专科批,理科,,,299,288523,
5660,成都工贸职业技术学院,2024,四川,专科批,理科,,,439,211561,
5660001,成都工贸职业技术学院,2024,四川,专科批,理科,,,439,211561,
5697,博尔塔拉职业技术学院,2024,四川,专科批,理科,,,246,294302,
5697001,博尔塔拉职业技术学院,2024,四川,专科批,理科,,,246,294302,
5698,甘孜职业学院,2024,四川,专科批,理科,,,420,231777,
5698001,甘孜职业学院,2024,四川,专科批,理科,,,420,231777,
5699,自贡职业技术学院,2024,四川,专科批,理科,,,155,264488,
5699001,自贡职业技术学院,2024,四川,专科批,理科,,,155,264488,
5702,四川大学锦江学院,2024,四川,专科批,理科,,,441,213963,
5702001,四川大学锦江学院,2024,四川,专科批,理科,,,441,213963,
5703,成都锦城学院,2024,四川,专科批,理科,,,451,197921,
5703001,成都锦城学院,2024,四川,专科批,理科,,,451,197921,
5705,电子科技大学成都学院,2024,四川,专科批,理科,,,412,222733,
5705001,电子科技大学成都学院,2024,四川,专科批,理科,,,412,222733,
5706,西南交通大学希望学院,2024,四川,专科批,理科,,,292,254275,
5706001,西南交通大学希望学院,2024,四川,专科批,理科,,,292,254275,
5710,西南财经大学天府学院,2024,四川,专科批,理科,,,312,234643,
5710001,西南财经大学天府学院,2024,四川,专科批,理科,,,312,234643,
5719,四川传媒学院,2024,四川,专科批,理科,,,430,217300,
5719001,四川传媒学院,2024,四川,专科批,理科,,,430,217300,
5747,成都文理学院,2024,四川,专科批,理科,,,417,210394,
5747001,成都文理学院,2024,四川,专科批,理科,,,417,210394,
5776,成都外国语学院,2024,四川,专科批,理科,,,408,212778,
5776001,成都外国语学院,2024,四川,专科批,理科,,,408,212778,
5779,德阳农业科技职业学院,2024,四川,专科批,理科,,,152,267515,
5779001,德阳农业科技职业学院,2024,四川,专科批,理科,,,152,267515,
5781,天府新区通用航空职业学院,2024,四川,专科批,理科,,,158,275306,
5781001,天府新区通用航空职业学院,2024,四川,专科批,理科,,,158,275306,
5782,江阳城建职业学院,2024,四川,专科批,理科,,,152,292199,
5782001,江阳城建职业学院,2024,四川,专科批,理科,,,152,292199,
5783,天府新区航空旅游职业学院,2024,四川,专科批,理科,,,301,252258,
5783001,天府新区航空旅游职业学院,2024,四川,专科批,理科,,,301,252258,
5784,德阳科贸职业学院,2024,四川,专科批,理科,,,152,289203,
5784001,德阳科贸职业学院,2024,四川,专科批,理科,,,152,289203,
5785,天府新区信息职业学院,2024,四川,专科批,理科,,,154,269334,
5785001,天府新区信息职业学院,2024,四川,专科批,理科,,,154,269334,
5786,眉山药科职业学院,2024,四川,专科批,理科,,,162,250142,
5786001,眉山药科职业学院,2024,四川,专科批,理科,,,162,250142,
5787,德阳城市轨道交通职业学院,2024,四川,专科批,理科,,,286,252258,
5787001,德阳城市轨道交通职业学院,2024,四川,专科批,理科,,,286,252258,
5788,阿坝职业学院,2024,四川,专科批,理科,,,420,217300,
5788001,阿坝职业学院,2024,四川,专科批,理科,,,420,217300,
5789,西昌民族幼儿师范高等专科学校,2024,四川,专科批,理科,,,428,205501,
5789001,西昌民族幼儿师范高等专科学校,2024,四川,专科批,理科,,,428,205501,
5791,达州中医药职业学院,2024,四川,专科批,理科,,,445,205501,
5791001,达州中医药职业学院,2024,四川,专科批,理科,,,445,205501,
5792,内江卫生与健康职业学院,2024,四川,专科批,理科,,,433,218428,
5792001,内江卫生与健康职业学院,2024,四川,专科批,理科,,,433,218428,
5793,南充科技职业学院,2024,四川,专科批,理科,,,316,285156,
5793001,南充科技职业学院,2024,四川,专科批,理科,,,316,285156,
5794,攀枝花攀西职业学院,2024,四川,专科批,理科,,,223,293904,
5794001,攀枝花攀西职业学院,2024,四川,专科批,理科,,,223,293904,
5795,资阳口腔职业学院,2024,四川,专科批,理科,,,380,249404,
5795001,资阳口腔职业学院,2024,四川,专科批,理科,,,380,249404,
5796,资阳环境科技职业学院,2024,四川,专科批,理科,,,282,285971,
5796001,资阳环境科技职业学院,2024,四川,专科批,理科,,,282,285971,
5797,广元中核职业技术学院,2024,四川,专科批,理科,,,324,244122,
5797001,广元中核职业技术学院,2024,四川,专科批,理科,,,324,244122,
5799,南充文化旅游职业学院,2024,四川,专科批,理科,,,421,219473,
5799001,南充文化旅游职业学院,2024,四川,专科批,理科,,,421,219473,
5803,绵阳飞行职业学院,2024,四川,专科批,理科,,,150,273268,
5803001,绵阳飞行职业学院,2024,四川,专科批,理科,,,150,273268,
5805,泸州医疗器械职业学院,2024,四川,专科批,理科,,,242,291713,
5805001,泸州医疗器械职业学院,2024,四川,专科批,理科,,,242,291713,
5861,重庆工信职业学院,2024,四川,专科批,理科,,,424,232741,
5861001,重庆工信职业学院,2024,四川,专科批,理科,,,424,232741,
5882,遂宁职业学院,2024,四川,专科批,理科,,,150,300885,
5882001,遂宁职业学院,2024,四川,专科批,理科,,,150,300885,
5885,遂宁能源职业学院,2024,四川,专科批,理科,,,152,300035,
5885001,遂宁能源职业学院,2024,四川,专科批,理科,,,152,300035,
5888,遂宁工程职业学院,2024,四川,专科批,理科,,,164,292546,
5888001,遂宁工程职业学院,2024,四川,专科批,理科,,,164,292546,
5893,重庆五一职业技术学院,2024,四川,专科批,理科,,,420,232741,
5893001,重庆五一职业技术学院,2024,四川,专科批,理科,,,420,232741,
5913,贵州航空职业技术学院,2024,四川,专科批,理科,,,419,226913,
5913001,贵州航空职业技术学院,2024,四川,专科批,理科,,,419,226913,
5914,昭通卫生职业学院,2024,四川,专科批,理科,,,426,223794,
5914001,昭通卫生职业学院,2024,四川,专科批,理科,,,426,223794,
5923,云南轻纺职业学院,2024,四川,专科批,理科,,,402,248676,
5923001,云南轻纺职业学院,2024,四川,专科批,理科,,,402,248676,
5936,云南交通运输职业学院,2024,四川,专科批,理科,,,413,238967,
5936001,云南交通运输职业学院,2024,四川,专科批,理科,,,413,238967,
5937,贵州铜仁数据职业学院,2024,四川,专科批,理科,,,241,288993,
5937001,贵州铜仁数据职业学院,2024,四川,专科批,理科,,,241,288993,
6144,西安电力高等专科学校,2024,四川,专科批,理科,,,437,154832,
6144001,西安电力高等专科学校,2024,四川,专科批,理科,,,437,154832,
6150,西安信息职业大学,2024,四川,专科批,理科,,,200,224836,
6150001,西安信息职业大学,2024,四川,专科批,理科,,,200,224836,
6151,陕西邮电职业技术学院,2024,四川,专科批,理科,,,296,215105,
6151001,陕西邮电职业技术学院,2024,四川,专科批,理科,,,296,215105,
6152,杨凌职业技术学院,2024,四川,专科批,理科,,,430,210394,
6152001,杨凌职业技术学院,2024,四川,专科批,理科,,,430,210394,
6153,西安欧亚学院,2024,四川,专科批,理科,,,402,224836,
6153001,西安欧亚学院,2024,四川,专科批,理科,,,402,224836,
6154,西安翻译学院,2024,四川,专科批,理科,,,428,229889,
6154001,西安翻译学院,2024,四川,专科批,理科,,,428,229889,
6155,西安外事学院,2024,四川,专科批,理科,,,416,203047,
6155001,西安外事学院,2024,四川,专科批,理科,,,416,203047,
6157,陕西警察学院,2024,四川,专科批,理科,,,483,154832,
6157001,陕西警察学院,2024,四川,专科批,理科,,,483,154832,
6158,陕西国防工业职业技术学院,2024,四川,专科批,理科,,,455,186060,
6158001,陕西国防工业职业技术学院,2024,四川,专科批,理科,,,455,186060,
6159,陕西交通职业技术学院,2024,四川,专科批,理科,,,430,192766,
6159001,陕西交通职业技术学院,2024,四川,专科批,理科,,,430,192766,
6160,陕西能源职业技术学院,2024,四川,专科批,理科,,,429,225898,
6160001,陕西能源职业技术学院,2024,四川,专科批,理科,,,429,225898,
6161,陕西工业职业技术学院,2024,四川,专科批,理科,,,458,191450,
6161001,陕西工业职业技术学院,2024,四川,专科批,理科,,,458,191450,
6162,西安航空职业技术学院,2024,四川,专科批,理科,,,382,191450,
6162001,西安航空职业技术学院,2024,四川,专科批,理科,,,382,191450,
6163,西安高新科技职业学院,2024,四川,专科批,理科,,,297,259340,
6163001,西安高新科技职业学院,2024,四川,专科批,理科,,,297,259340,
6167,陕西财经职业技术学院,2024,四川,专科批,理科,,,419,211561,
6167001,陕西财经职业技术学院,2024,四川,专科批,理科,,,419,211561,
6168,宝鸡职业技术学院,2024,四川,专科批,理科,,,349,213963,
6168001,宝鸡职业技术学院,2024,四川,专科批,理科,,,349,213963,
6169,陕西航空职业技术学院,2024,四川,专科批,理科,,,354,212778,
6169001,陕西航空职业技术学院,2024,四川,专科批,理科,,,354,212778,
6170,陕西铁路工程职业技术学院,2024,四川,专科批,理科,,,453,187394,
6170001,陕西铁路工程职业技术学院,2024,四川,专科批,理科,,,453,187394,
6171,西安城市建设职业学院,2024,四川,专科批,理科,,,228,265026,
6171001,西安城市建设职业学院,2024,四川,专科批,理科,,,228,265026,
6173,西安汽车职业大学,2024,四川,专科批,理科,,,202,255551,
6173001,西安汽车职业大学,2024,四川,专科批,理科,,,202,255551,
6174,安康职业技术学院,2024,四川,专科批,理科,,,417,235494,
6174001,安康职业技术学院,2024,四川,专科批,理科,,,417,235494,
6175,汉中职业技术学院,2024,四川,专科批,理科,,,355,199177,
6175001,汉中职业技术学院,2024,四川,专科批,理科,,,355,199177,
6176,延安职业技术学院,2024,四川,专科批,理科,,,324,249404,
6176001,延安职业技术学院,2024,四川,专科批,理科,,,324,249404,
6177,商洛职业技术学院,2024,四川,专科批,理科,,,343,238129,
6177001,商洛职业技术学院,2024,四川,专科批,理科,,,343,238129,
6179,西安海棠职业学院,2024,四川,专科批,理科,,,396,191450,
6179001,西安海棠职业学院,2024,四川,专科批,理科,,,396,191450,
6180,陕西职业技术学院,2024,四川,专科批,理科,,,424,231777,
6180001,陕西职业技术学院,2024,四川,专科批,理科,,,424,231777,
6181,西安医学高等专科学校,2024,四川,专科批,理科,,,404,200460,
6181001,西安医学高等专科学校,2024,四川,专科批,理科,,,404,200460,
6190,西安工商学院,2024,四川,专科批,理科,,,356,252258,
6190001,西安工商学院,2024,四川,专科批,理科,,,356,252258,
6191,陕西机电职业技术学院,2024,四川,专科批,理科,,,421,228888,
6191001,陕西机电职业技术学院,2024,四川,专科批,理科,,,421,228888,
6193,西安职业技术学院,2024,四川,专科批,理科,,,423,232741,
6193001,西安职业技术学院,2024,四川,专科批,理科,,,423,232741,
6194,西安铁路职业技术学院,2024,四川,专科批,理科,,,448,203047,
6194001,西安铁路职业技术学院,2024,四川,专科批,理科,,,448,203047,
6195,渭南职业技术学院,2024,四川,专科批,理科,,,286,234643,
6195001,渭南职业技术学院,2024,四川,专科批,理科,,,286,234643,
6196,铜川职业技术学院,2024,四川,专科批,理科,,,244,243313,
6196001,铜川职业技术学院,2024,四川,专科批,理科,,,244,243313,
6197,榆林职业技术学院,2024,四川,专科批,理科,,,360,237247,
6197001,榆林职业技术学院,2024,四川,专科批,理科,,,360,237247,
6238,陇南师范学院,2024,四川,专科批,理科,,,449,203047,
6238001,陇南师范学院,2024,四川,专科批,理科,,,449,203047,
6252,甘肃工业职业技术学院,2024,四川,专科批,理科,,,417,233683,
6252001,甘肃工业职业技术学院,2024,四川,专科批,理科,,,417,233683,
6253,甘肃交通职业技术学院,2024,四川,专科批,理科,,,419,225898,
6253001,甘肃交通职业技术学院,2024,四川,专科批,理科,,,419,225898,
6256,甘肃林业职业技术大学,2024,四川,专科批,理科,,,401,227906,
6256001,甘肃林业职业技术大学,2024,四川,专科批,理科,,,401,227906,
6280,甘肃警察学院,2024,四川,专科批,理科,,,416,229889,
6280001,甘肃警察学院,2024,四川,专科批,理科,,,416,229889,
6288,武威职业学院,2024,四川,专科批,理科,,,258,250867,
6288001,武威职业学院,2024,四川,专科批,理科,,,258,250867,
6289,甘肃建筑职业技术学院,2024,四川,专科批,理科,,,387,256839,
6289001,甘肃建筑职业技术学院,2024,四川,专科批,理科,,,387,256839,
6290,酒泉职业技术学院,2024,四川,专科批,理科,,,394,254947,
6290001,酒泉职业技术学院,2024,四川,专科批,理科,,,394,254947,
6351,青海高等职业技术学院,2024,四川,专科批,理科,,,396,255551,
6351001,青海高等职业技术学院,2024,四川,专科批,理科,,,396,255551,
6352,青海警官职业学院,2024,四川,专科批,理科,,,421,230819,
6352001,青海警官职业学院,2024,四川,专科批,理科,,,421,230819,
6353,青海农牧科技职业学院,2024,四川,专科批,理科,,,381,224836,
6353001,青海农牧科技职业学院,2024,四川,专科批,理科,,,381,224836,
6355,青海建筑职业技术学院,2024,四川,专科批,理科,,,393,257492,
6355001,青海建筑职业技术学院,2024,四川,专科批,理科,,,393,257492,
6356,青海卫生职业技术学院,2024,四川,专科批,理科,,,437,195370,
6356001,青海卫生职业技术学院,2024,四川,专科批,理科,,,437,195370,
6487,宁夏工商职业技术学院,2024,四川,专科批,理科,,,396,255551,
6487001,宁夏工商职业技术学院,2024,四川,专科批,理科,,,396,255551,
6494,宁夏警官职业学院,2024,四川,专科批,理科,,,411,244887,
6494001,宁夏警官职业学院,2024,四川,专科批,理科,,,411,244887,
6505,新疆警察学院,2024,四川,专科批,理科,,,418,237247,
6505001,新疆警察学院,2024,四川,专科批,理科,,,418,237247,
6511,新疆和田学院,2024,四川,专科批,理科,,,199,271104,
6511001,新疆和田学院,2024,四川,专科批,理科,,,199,271104,
6513,新疆师范高等专科学校,2024,四川,专科批,理科,,,209,199177,
6513001,新疆师范高等专科学校,2024,四川,专科批,理科,,,209,199177,
6521,新疆工程学院,2024,四川,专科批,理科,,,437,217300,
6521001,新疆工程学院,2024,四川,专科批,理科,,,437,217300,
6531,乌鲁木齐职业大学,2024,四川,专科批,理科,,,375,234643,
6531001,乌鲁木齐职业大学,2024,四川,专科批,理科,,,375,234643,
6536,可克达拉职业技术学院,2024,四川,专科批,理科,,,174,265566,
6536001,可克达拉职业技术学院,2024,四川,专科批,理科,,,174,265566,
6537,昆玉职业技术学院,2024,四川,专科批,理科,,,235,286436,
6537001,昆玉职业技术学院,2024,四川,专科批,理科,,,235,286436,
6539,新疆司法警官职业学院,2024,四川,专科批,理科,,,429,225898,
6539001,新疆司法警官职业学院,2024,四川,专科批,理科,,,429,225898,
6540,阿克苏工业职业技术学院,2024,四川,专科批,理科,,,191,277191,
6540001,阿克苏工业职业技术学院,2024,四川,专科批,理科,,,191,277191,
6541,新星职业技术学院,2024,四川,专科批,理科,,,245,286436,
6541001,新星职业技术学院,2024,四川,专科批,理科,,,245,286436,
6542,喀什理工职业技术学院,2024,四川,专科批,理科,,,216,283039,
6542001,喀什理工职业技术学院,2024,四川,专科批,理科,,,216,283039,
6546,图木舒克职业技术学院,2024,四川,专科批,理科,,,304,282135,
6546001,图木舒克职业技术学院,2024,四川,专科批,理科,,,304,282135,
6547,兰州外语职业学院,2024,四川,专科批,理科,,,203,293616,
6547001,兰州外语职业学院,2024,四川,专科批,理科,,,203,293616,
6548,宁夏艺术职业学院,2024,四川,专科批,理科,,,313,285156,
6548001,宁夏艺术职业学院,2024,四川,专科批,理科,,,313,285156,
6549,塔城职业技术学院,2024,四川,专科批,理科,,,306,282466,
6549001,塔城职业技术学院,2024,四川,专科批,理科,,,306,282466,
6551,克孜勒苏职业技术学院,2024,四川,专科批,理科,,,307,279186,
6551001,克孜勒苏职业技术学院,2024,四川,专科批,理科,,,307,279186,
6553,新疆轻工职业技术学院,2024,四川,专科批,理科,,,285,223794,
6553001,新疆轻工职业技术学院,2024,四川,专科批,理科,,,285,223794,
6554,克拉玛依职业技术学院,2024,四川,专科批,理科,,,446,194087,
6554001,克拉玛依职业技术学院,2024,四川,专科批,理科,,,446,194087,
6555,伊犁职业技术学院,2024,四川,专科批,理科,,,221,255551,
6555001,伊犁职业技术学院,2024,四川,专科批,理科,,,221,255551,
6556,陕西电子信息职业技术学院,2024,四川,专科批,理科,,,326,250142,
6556001,陕西电子信息职业技术学院,2024,四川,专科批,理科,,,326,250142,
6557,新疆科信职业技术学院,2024,四川,专科批,理科,,,268,288993,
6557001,新疆科信职业技术学院,2024,四川,专科批,理科,,,268,288993,
6559,新疆建设职业技术学院,2024,四川,专科批,理科,,,331,282466,
6559001,新疆建设职业技术学院,2024,四川,专科批,理科,,,331,282466,
6560,铁门关职业技术学院,2024,四川,专科批,理科,,,329,278202,
6560001,铁门关职业技术学院,2024,四川,专科批,理科,,,329,278202,
6561,新疆石河子职业技术学院,2024,四川,专科批,理科,,,345,260517,
6561001,新疆石河子职业技术学院,2024,四川,专科批,理科,,,345,260517,
6562,阿勒泰职业技术学院,2024,四川,专科批,理科,,,195,248676,
6562001,阿勒泰职业技术学院,2024,四川,专科批,理科,,,195,248676,
6563,阿克苏职业技术学院,2024,四川,专科批,理科,,,374,264488,
6563001,阿克苏职业技术学院,2024,四川,专科批,理科,,,374,264488,
6564,宝鸡中北职业学院,2024,四川,专科批,理科,,,352,272419,
6564001,宝鸡中北职业学院,2024,四川,专科批,理科,,,352,272419,
6566,甘肃有色冶金职业技术学院,2024,四川,专科批,理科,,,381,261113,
6566001,甘肃有色冶金职业技术学院,2024,四川,专科批,理科,,,381,261113,
6567,新疆农业职业技术大学,2024,四川,专科批,理科,,,387,194087,
6567001,新疆农业职业技术大学,2024,四川,专科批,理科,,,387,194087,
6572,新疆应用职业技术学院,2024,四川,专科批,理科,,,356,268448,
6572001,新疆应用职业技术学院,2024,四川,专科批,理科,,,356,268448,
6573,宝鸡三和职业学院,2024,四川,专科批,理科,,,344,264488,
6573001,宝鸡三和职业学院,2024,四川,专科批,理科,,,344,264488,
6574,哈密职业技术学院,2024,四川,专科批,理科,,,349,256174,
6574001,哈密职业技术学院,2024,四川,专科批,理科,,,349,256174,
6576,甘肃卫生职业学院,2024,四川,专科批,理科,,,445,200460,
6576001,甘肃卫生职业学院,2024,四川,专科批,理科,,,445,200460,
6578,神木职业技术学院,2024,四川,专科批,理科,,,285,250867,
6578001,神木职业技术学院,2024,四川,专科批,理科,,,285,250867,
6579,青海柴达木职业技术学院,2024,四川,专科批,理科,,,379,261687,
6579001,青海柴达木职业技术学院,2024,四川,专科批,理科,,,379,261687,
6580,塔里木职业技术学院,2024,四川,专科批,理科,,,375,242463,
6580001,塔里木职业技术学院,2024,四川,专科批,理科,,,375,242463,
6583,新疆交通职业技术学院,2024,四川,专科批,理科,,,358,268909,
6583001,新疆交通职业技术学院,2024,四川,专科批,理科,,,358,268909,
6584,兰州石化职业技术大学,2024,四川,专科批,理科,,,458,192766,
6584001,兰州石化职业技术大学,2024,四川,专科批,理科,,,458,192766,
6588,兰州资源环境职业技术大学,2024,四川,专科批,理科,,,423,230819,
6588001,兰州资源环境职业技术大学,2024,四川,专科批,理科,,,423,230819,
6589,吐鲁番职业技术学院,2024,四川,专科批,理科,,,372,256174,
6589001,吐鲁番职业技术学院,2024,四川,专科批,理科,,,372,256174,
6590,和田职业技术学院,2024,四川,专科批,理科,,,321,274891,
6590001,和田职业技术学院,2024,四川,专科批,理科,,,321,274891,
6591,新疆职业大学,2024,四川,专科批,理科,,,393,223794,
6591001,新疆职业大学,2024,四川,专科批,理科,,,393,223794,
6593,新疆铁道职业技术学院,2024,四川,专科批,理科,,,412,234643,
6593001,新疆铁道职业技术学院,2024,四川,专科批,理科,,,412,234643,
6596,石河子工程职业技术学院,2024,四川,专科批,理科,,,343,259340,
6596001,石河子工程职业技术学院,2024,四川,专科批,理科,,,343,259340,
6597,巴音郭楞职业技术学院,2024,四川,专科批,理科,,,314,270666,
6597001,巴音郭楞职业技术学院,2024,四川,专科批,理科,,,314,270666,
6598,喀什职业技术学院,2024,四川,专科批,理科,,,345,250142,
6598001,喀什职业技术学院,2024,四川,专科批,理科,,,345,250142,
6737,榆林能源科技职业学院,2024,四川,专科批,理科,,,312,286928,
6737001,榆林能源科技职业学院,2024,四川,专科批,理科,,,312,286928,
6751,咸阳职业技术学院,2024,四川,专科批,理科,,,428,215105,
6751001,咸阳职业技术学院,2024,四川,专科批,理科,,,428,215105,
6752,西安交通工程学院,2024,四川,专科批,理科,,,447,200460,
6752001,西安交通工程学院,2024,四川,专科批,理科,,,447,200460,
6772,陕西青年职业学院,2024,四川,专科批,理科,,,412,244122,
6772001,陕西青年职业学院,2024,四川,专科批,理科,,,412,244122,
1269,天津海运职业学院,2024,四川,专科提前批,理科,,,380,234643,
1269001,天津海运职业学院,2024,四川,专科提前批,理科,,,380,234643,
1918,北京电子科技职业学院,2024,四川,专科提前批,理科,,,413,203047,
2168,渤海船舶职业学院,2024,四川,专科提前批,理科,,,389,212778,
2280,长春职业技术学院,2024,四川,专科提前批,理科,,,396,220593,
2397,渤海船舶职业学院,2024,四川,专科提前批,理科,,,323,285971,
2397001,渤海船舶职业学院,2024,四川,专科提前批,理科,,,323,285971,
2553,大连航运职业技术学院,2024,四川,专科提前批,理科,,,150,301825,
2553001,大连航运职业技术学院,2024,四川,专科提前批,理科,,,150,301825,
3119,上海旅游高等专科学校,2024,四川,专科提前批,理科,,,259,296760,
3119001,上海旅游高等专科学校,2024,四川,专科提前批,理科,,,259,296760,
3251,南京信息职业技术学院,2024,四川,专科提前批,理科,,,390,236395,
3258,江苏海事职业技术学院,2024,四川,专科提前批,理科,,,465,186060,
3258001,江苏海事职业技术学院,2024,四川,专科提前批,理科,,,465,186060,
3352,浙江交通职业技术学院,2024,四川,专科提前批,理科,,,390,248676,
3372,浙江建设职业技术学院,2024,四川,专科提前批,理科,,,407,210394,
3463,安徽交通职业技术学院,2024,四川,专科提前批,理科,,,386,261687,
355,中国民用航空飞行学院,2024,四川,专科提前批,理科,,,300,240710,
355001,中国民用航空飞行学院,2024,四川,专科提前批,理科,,,300,240710,
3580,泉州海洋职业学院,2024,四川,专科提前批,理科,,,204,284171,
3580001,泉州海洋职业学院,2024,四川,专科提前批,理科,,,204,284171,
3602,东华理工大学,2024,四川,专科提前批,理科,,,445,211561,
3664,江西信息应用职业技术学院,2024,四川,专科提前批,理科,,,386,258117,
3747,滨州职业学院,2024,四川,专科提前批,理科,,,387,244122,
3759,山东信息职业技术学院,2024,四川,专科提前批,理科,,,383,248676,
3769,青岛远洋船员职业学院,2024,四川,专科提前批,理科,,,426,231777,
3769001,青岛远洋船员职业学院,2024,四川,专科提前批,理科,,,426,231777,
3787,青岛港湾职业技术学院,2024,四川,专科提前批,理科,,,366,248676,
3787001,青岛港湾职业技术学院,2024,四川,专科提前批,理科,,,366,248676,
3791,山东海事职业学院,2024,四川,专科提前批,理科,,,203,294302,
3791001,山东海事职业学院,2024,四川,专科提前批,理科,,,203,294302,
3804,南昌工程学院,2024,四川,专科提前批,理科,,,387,259340,
3820,泰山职业技术学院,2024,四川,专科提前批,理科,,,384,221717,
3953,江西航空职业技术学院,2024,四川,专科提前批,理科,,,384,253605,
3967,江苏海事职业技术学院,2024,四川,专科提前批,理科,,,385,247174,
3974,潍坊工程职业学院,2024,四川,专科提前批,理科,,,383,259340,
4158,河南交通职业技术学院,2024,四川,专科提前批,理科,,,387,241594,
4252,武汉船舶职业技术学院,2024,四川,专科提前批,理科,,,402,231777,
4252001,武汉船舶职业技术学院,2024,四川,专科提前批,理科,,,402,231777,
4253,武汉交通职业学院,2024,四川,专科提前批,理科,,,414,221717,
4262,湖北交通职业技术学院,2024,四川,专科提前批,理科,,,387,237247,
4274,武汉航海职业技术学院,2024,四川,专科提前批,理科,,,307,275306,
4274001,武汉航海职业技术学院,2024,四川,专科提前批,理科,,,307,275306,
4280,武昌职业学院,2024,四川,专科提前批,理科,,,388,187394,
4286,武汉海事职业学院,2024,四川,专科提前批,理科,,,354,272844,
4286001,武汉海事职业学院,2024,四川,专科提前批,理科,,,354,272844,
4374,张家界航空工业职业技术学院,2024,四川,专科提前批,理科,,,417,222733,
4381,长沙航空职业技术学院,2024,四川,专科提前批,理科,,,413,184656,
4398,湖南汽车工程职业大学,2024,四川,专科提前批,理科,,,388,259340,
451,上海民航职业技术学院,2024,四川,专科提前批,理科,,,414,242463,
451001,上海民航职业技术学院,2024,四川,专科提前批,理科,,,414,242463,
4660,三亚航空旅游职业学院,2024,四川,专科提前批,理科,,,291,292365,
4660001,三亚航空旅游职业学院,2024,四川,专科提前批,理科,,,291,292365,
4752,武汉船舶职业技术学院,2024,四川,专科提前批,理科,,,398,225898,
4766,湖南国防工业职业技术学院,2024,四川,专科提前批,理科,,,384,241594,
4984,湖南体育职业学院,2024,四川,专科提前批,理科,,,385,258739,
5033,重庆医药高等专科学校,2024,四川,专科提前批,理科,,,460,171949,
5051,重庆航天职业技术学院,2024,四川,专科提前批,理科,,,437,144724,
5063,重庆机电职业技术大学,2024,四川,专科提前批,理科,,,386,239847,
5149,四川警察学院,2024,四川,专科提前批,理科,,,558,62014,
5151,成都航空职业技术学院,2024,四川,专科提前批,理科,,,450,205501,
5151001,成都航空职业技术学院,2024,四川,专科提前批,理科,,,450,205501,
5170,四川邮电职业技术学院,2024,四川,专科提前批,理科,,,441,161985,
5175,成都职业技术学院,2024,四川,专科提前批,理科,,,409,246395,
5175001,成都职业技术学院,2024,四川,专科提前批,理科,,,409,246395,
5178,四川司法警官职业学院,2024,四川,专科提前批,理科,,,452,147598,
5407,西藏警官高等专科学校,2024,四川,专科提前批,理科,,,519,62014,
5408,西藏职业技术学院,2024,四川,专科提前批,理科,,,392,258117,
5551,成都航空职业技术学院,2024,四川,专科提前批,理科,,,451,143289,
5979,重庆交通职业学院,2024,四川,专科提前批,理科,,,393,252258,
6133,西安航空学院,2024,四川,专科提前批,理科,,,436,212778,
6162,西安航空职业技术学院,2024,四川,专科提前批,理科,,,423,216207,
6487,宁夏工商职业技术学院,2024,四川,专科提前批,理科,,,384,262840,
6493,宁夏职业技术学院,2024,四川,专科提前批,理科,,,387,236395,
6588,兰州资源环境职业技术大学,2024,四川,专科提前批,理科,,,386,237247,
,东华理工大学,2024,四川,专科提前批,理科,,,445,211561,
5108,四川轻化工大学,2024,四川,本科批(区域教育均衡发展专项),理科,,,447,164858,
5108001,四川轻化工大学,2024,四川,本科批(区域教育均衡发展专项),理科,,,447,164858,
5123,绵阳师范学院,2024,四川,本科批(区域教育均衡发展专项),理科,,,451,143289,
5123001,绵阳师范学院,2024,四川,本科批(区域教育均衡发展专项),理科,,,451,143289,
5124,内江师范学院,2024,四川,本科批(区域教育均衡发展专项),理科,,,467,140317,
5124001,内江师范学院,2024,四川,本科批(区域教育均衡发展专项),理科,,,467,140317,
5126,成都师范学院,2024,四川,本科批(区域教育均衡发展专项),理科,,,478,125728,
5126001,成都师范学院,2024,四川,本科批(区域教育均衡发展专项),理科,,,478,125728,
5128,四川文理学院,2024,四川,本科批(区域教育均衡发展专项),理科,,,490,140317,
5128001,四川文理学院,2024,四川,本科批(区域教育均衡发展专项),理科,,,490,140317,
5142,成都工业学院,2024,四川,本科批(区域教育均衡发展专项),理科,,,438,170539,
5142001,成都工业学院,2024,四川,本科批(区域教育均衡发展专项),理科,,,438,170539,
5147,四川旅游学院,2024,四川,本科批(区域教育均衡发展专项),理科,,,472,138841,
5147001,四川旅游学院,2024,四川,本科批(区域教育均衡发展专项),理科,,,472,138841,
5642,成都工业学院,2024,四川,本科批(区域教育均衡发展专项),理科,,,459,177723,
5642001,成都工业学院,2024,四川,本科批(区域教育均衡发展专项),理科,,,459,177723,
1,北京大学,2024,四川,本科批(高校专项),理科,,,611,8317,
10,北京中医药大学,2024,四川,本科批(高校专项),理科,,,527,33245,
10001,北京中医药大学,2024,四川,本科批(高校专项),理科,,,527,33245,
1001,北京大学,2024,四川,本科批(高校专项),理科,,,611,8317,
1101,北京工业大学,2024,四川,本科批(高校专项),理科,,,591,26883,
1101001,北京工业大学,2024,四川,本科批(高校专项),理科,,,591,26883,
12,北京语言大学,2024,四川,本科批(高校专项),理科,,,562,53929,
12001,北京语言大学,2024,四川,本科批(高校专项),理科,,,562,53929,
13,中国传媒大学,2024,四川,本科批(高校专项),理科,,,552,68319,
13001,中国传媒大学,2024,四川,本科批(高校专项),理科,,,552,68319,
14,中央财经大学,2024,四川,本科批(高校专项),理科,,,604,23708,
14001,中央财经大学,2024,四川,本科批(高校专项),理科,,,604,23708,
15,对外经济贸易大学,2024,四川,本科批(高校专项),理科,,,596,28929,
15001,对外经济贸易大学,2024,四川,本科批(高校专项),理科,,,596,28929,
16,中国政法大学,2024,四川,本科批(高校专项),理科,,,648,5211,
16001,中国政法大学,2024,四川,本科批(高校专项),理科,,,648,5211,
17,南开大学,2024,四川,本科批(高校专项),理科,,,627,11962,
17001,南开大学,2024,四川,本科批(高校专项),理科,,,627,11962,
18,天津大学,2024,四川,本科批(高校专项),理科,,,566,53929,
18001,天津大学,2024,四川,本科批(高校专项),理科,,,566,53929,
19,大连理工大学,2024,四川,本科批(高校专项),理科,,,626,11590,
19001,大连理工大学,2024,四川,本科批(高校专项),理科,,,626,11590,
2,中国人民大学,2024,四川,本科批(高校专项),理科,,,621,11962,
20,东北大学,2024,四川,本科批(高校专项),理科,,,602,24964,
20001,东北大学,2024,四川,本科批(高校专项),理科,,,602,24964,
2001,中国人民大学,2024,四川,本科批(高校专项),理科,,,621,11962,
21,吉林大学,2024,四川,本科批(高校专项),理科,,,609,16551,
21001,吉林大学,2024,四川,本科批(高校专项),理科,,,609,16551,
22,东北师范大学,2024,四川,本科批(高校专项),理科,,,577,32470,
22001,东北师范大学,2024,四川,本科批(高校专项),理科,,,577,32470,
23,东北林业大学,2024,四川,本科批(高校专项),理科,,,581,24964,
23001,东北林业大学,2024,四川,本科批(高校专项),理科,,,581,24964,
24,复旦大学,2024,四川,本科批(高校专项),理科,,,662,,
24001,复旦大学,2024,四川,本科批(高校专项),理科,,,662,,
25,同济大学,2024,四川,本科批(高校专项),理科,,,599,12394,
25001,同济大学,2024,四川,本科批(高校专项),理科,,,599,12394,
26,上海交通大学,2024,四川,本科批(高校专项),理科,,,594,21383,
26001,上海交通大学,2024,四川,本科批(高校专项),理科,,,594,21383,
27,华东理工大学,2024,四川,本科批(高校专项),理科,,,614,11962,
27001,华东理工大学,2024,四川,本科批(高校专项),理科,,,614,11962,
28,东华大学,2024,四川,本科批(高校专项),理科,,,593,,
28001,东华大学,2024,四川,本科批(高校专项),理科,,,593,,
29,华东师范大学,2024,四川,本科批(高校专项),理科,,,617,9316,
29001,华东师范大学,2024,四川,本科批(高校专项),理科,,,617,9316,
3,清华大学,2024,四川,本科批(高校专项),理科,,,606,11205,
30,上海外国语大学,2024,四川,本科批(高校专项),理科,,,578,15090,
30001,上海外国语大学,2024,四川,本科批(高校专项),理科,,,578,15090,
3001,清华大学,2024,四川,本科批(高校专项),理科,,,606,11205,
301,北京航空航天大学,2024,四川,本科批(高校专项),理科,,,629,11205,
301001,北京航空航天大学,2024,四川,本科批(高校专项),理科,,,629,11205,
302,北京理工大学,2024,四川,本科批(高校专项),理科,,,643,11205,
302001,北京理工大学,2024,四川,本科批(高校专项),理科,,,643,11205,
31,上海财经大学,2024,四川,本科批(高校专项),理科,,,634,9316,
31001,上海财经大学,2024,四川,本科批(高校专项),理科,,,634,9316,
3137,上海大学,2024,四川,本科批(高校专项),理科,,,559,61000,
3137001,上海大学,2024,四川,本科批(高校专项),理科,,,559,61000,
317,华北电力大学(北京),2024,四川,本科批(高校专项),理科,,,622,,
317001,华北电力大学(北京),2024,四川,本科批(高校专项),理科,,,622,,
32,南京大学,2024,四川,本科批(高校专项),理科,,,622,6530,
32001,南京大学,2024,四川,本科批(高校专项),理科,,,622,6530,
3201,苏州大学,2024,四川,本科批(高校专项),理科,,,556,64020,
3201001,苏州大学,2024,四川,本科批(高校专项),理科,,,556,64020,
3225,南京师范大学,2024,四川,本科批(高校专项),理科,,,615,17064,
3225001,南京师范大学,2024,四川,本科批(高校专项),理科,,,615,17064,
323,华北电力大学(保定),2024,四川,本科批(高校专项),理科,,,608,,
323001,华北电力大学(保定),2024,四川,本科批(高校专项),理科,,,608,,
325,大连海事大学,2024,四川,本科批(高校专项),理科,,,590,23113,
325001,大连海事大学,2024,四川,本科批(高校专项),理科,,,590,23113,
33,东南大学,2024,四川,本科批(高校专项),理科,,,620,11962,
330,哈尔滨工业大学,2024,四川,本科批(高校专项),理科,,,649,2456,
330001,哈尔滨工业大学,2024,四川,本科批(高校专项),理科,,,649,2456,
33001,东南大学,2024,四川,本科批(高校专项),理科,,,620,11962,
333,哈尔滨工程大学,2024,四川,本科批(高校专项),理科,,,612,14632,
333001,哈尔滨工程大学,2024,四川,本科批(高校专项),理科,,,612,14632,
340,南京航空航天大学,2024,四川,本科批(高校专项),理科,,,604,17064,
340001,南京航空航天大学,2024,四川,本科批(高校专项),理科,,,604,17064,
341,南京理工大学,2024,四川,本科批(高校专项),理科,,,623,,
341001,南京理工大学,2024,四川,本科批(高校专项),理科,,,623,,
345,中国科学技术大学,2024,四川,本科批(高校专项),理科,,,621,7109,
345001,中国科学技术大学,2024,四川,本科批(高校专项),理科,,,621,7109,
35,河海大学,2024,四川,本科批(高校专项),理科,,,597,18625,
35001,河海大学,2024,四川,本科批(高校专项),理科,,,597,18625,
3502,福州大学,2024,四川,本科批(高校专项),理科,,,571,30322,
3502001,福州大学,2024,四川,本科批(高校专项),理科,,,571,30322,
358,西北工业大学,2024,四川,本科批(高校专项),理科,,,610,13702,
358001,西北工业大学,2024,四川,本科批(高校专项),理科,,,610,13702,
36,江南大学,2024,四川,本科批(高校专项),理科,,,598,17563,
36001,江南大学,2024,四川,本科批(高校专项),理科,,,598,17563,
37,南京农业大学,2024,四川,本科批(高校专项),理科,,,576,33991,
37001,南京农业大学,2024,四川,本科批(高校专项),理科,,,576,33991,
38,中国药科大学,2024,四川,本科批(高校专项),理科,,,605,17563,
380,哈尔滨工业大学(威海),2024,四川,本科批(高校专项),理科,,,617,14632,
380001,哈尔滨工业大学(威海),2024,四川,本科批(高校专项),理科,,,617,14632,
38001,中国药科大学,2024,四川,本科批(高校专项),理科,,,605,17563,
39,浙江大学,2024,四川,本科批(高校专项),理科,,,614,18113,
390,哈尔滨工业大学(深圳),2024,四川,本科批(高校专项),理科,,,646,4314,
390001,哈尔滨工业大学(深圳),2024,四川,本科批(高校专项),理科,,,646,4314,
39001,浙江大学,2024,四川,本科批(高校专项),理科,,,614,18113,
4,北京交通大学,2024,四川,本科批(高校专项),理科,,,606,18625,
4001,北京交通大学,2024,四川,本科批(高校专项),理科,,,606,18625,
41,厦门大学,2024,四川,本科批(高校专项),理科,,,632,9672,
41001,厦门大学,2024,四川,本科批(高校专项),理科,,,632,9672,
42,山东大学,2024,四川,本科批(高校专项),理科,,,620,13245,
42001,山东大学,2024,四川,本科批(高校专项),理科,,,620,13245,
43,中国海洋大学,2024,四川,本科批(高校专项),理科,,,612,19193,
43001,中国海洋大学,2024,四川,本科批(高校专项),理科,,,612,19193,
44,中国石油大学(华东),2024,四川,本科批(高校专项),理科,,,598,11590,
44001,中国石油大学(华东),2024,四川,本科批(高校专项),理科,,,598,11590,
45,武汉大学,2024,四川,本科批(高校专项),理科,,,627,11962,
45001,武汉大学,2024,四川,本科批(高校专项),理科,,,627,11962,
4501,广西大学,2024,四川,本科批(高校专项),理科,,,599,20321,
4501001,广西大学,2024,四川,本科批(高校专项),理科,,,599,20321,
46,中国地质大学(武汉),2024,四川,本科批(高校专项),理科,,,561,25601,
46001,中国地质大学(武汉),2024,四川,本科批(高校专项),理科,,,561,25601,
47,华中农业大学,2024,四川,本科批(高校专项),理科,,,532,62014,
47001,华中农业大学,2024,四川,本科批(高校专项),理科,,,532,62014,
48,华中师范大学,2024,四川,本科批(高校专项),理科,,,560,59985,
48001,华中师范大学,2024,四川,本科批(高校专项),理科,,,560,59985,
49,湖南大学,2024,四川,本科批(高校专项),理科,,,587,35537,
49001,湖南大学,2024,四川,本科批(高校专项),理科,,,587,35537,
5,北京科技大学,2024,四川,本科批(高校专项),理科,,,581,26883,
50,中山大学,2024,四川,本科批(高校专项),理科,,,597,7412,
50001,中山大学,2024,四川,本科批(高校专项),理科,,,597,7412,
5001,北京科技大学,2024,四川,本科批(高校专项),理科,,,581,26883,
5017,西南政法大学,2024,四川,本科批(高校专项),理科,,,603,9672,
5017001,西南政法大学,2024,四川,本科批(高校专项),理科,,,603,9672,
51,华南理工大学,2024,四川,本科批(高校专项),理科,,,594,8970,
51001,华南理工大学,2024,四川,本科批(高校专项),理科,,,615,5211,
5112,四川农业大学,2024,四川,本科批(高校专项),理科,,,567,26240,
5112001,四川农业大学,2024,四川,本科批(高校专项),理科,,,567,26240,
52,四川大学,2024,四川,本科批(高校专项),理科,,,600,17064,
52001,四川大学,2024,四川,本科批(高校专项),理科,,,600,17064,
5201,贵州大学,2024,四川,本科批(高校专项),理科,,,596,23113,
5201001,贵州大学,2024,四川,本科批(高校专项),理科,,,596,23113,
53,重庆大学,2024,四川,本科批(高校专项),理科,,,615,10413,
53001,重庆大学,2024,四川,本科批(高校专项),理科,,,615,10413,
5301,云南大学,2024,四川,本科批(高校专项),理科,,,589,33991,
5301001,云南大学,2024,四川,本科批(高校专项),理科,,,589,33991,
54,西南交通大学,2024,四川,本科批(高校专项),理科,,,599,10776,
54001,西南交通大学,2024,四川,本科批(高校专项),理科,,,599,10776,
55,电子科技大学,2024,四川,本科批(高校专项),理科,,,626,8317,
55001,电子科技大学,2024,四川,本科批(高校专项),理科,,,626,8317,
558,西安交通大学,2024,四川,本科批(高校专项),理科,,,633,5976,
558001,西安交通大学,2024,四川,本科批(高校专项),理科,,,633,5976,
56,西南大学,2024,四川,本科批(高校专项),理科,,,535,50121,
56001,西南大学,2024,四川,本科批(高校专项),理科,,,535,50121,
57,西南财经大学,2024,四川,本科批(高校专项),理科,,,588,14632,
57001,西南财经大学,2024,四川,本科批(高校专项),理科,,,588,14632,
58,西安交通大学,2024,四川,本科批(高校专项),理科,,,648,1669,
58001,西安交通大学,2024,四川,本科批(高校专项),理科,,,648,1669,
59,西安电子科技大学,2024,四川,本科批(高校专项),理科,,,638,4759,
59001,西安电子科技大学,2024,四川,本科批(高校专项),理科,,,638,4759,
6,北京化工大学,2024,四川,本科批(高校专项),理科,,,602,14632,
60,陕西师范大学,2024,四川,本科批(高校专项),理科,,,616,17064,
60001,陕西师范大学,2024,四川,本科批(高校专项),理科,,,616,17064,
6001,北京化工大学,2024,四川,本科批(高校专项),理科,,,602,14632,
61,兰州大学,2024,四川,本科批(高校专项),理科,,,611,19766,
61001,兰州大学,2024,四川,本科批(高校专项),理科,,,611,19766,
6102,西北大学,2024,四川,本科批(高校专项),理科,,,533,74037,
6102001,西北大学,2024,四川,本科批(高校专项),理科,,,533,74037,
62,中国矿业大学(北京),2024,四川,本科批(高校专项),理科,,,569,43810,
62001,中国矿业大学(北京),2024,四川,本科批(高校专项),理科,,,569,43810,
63,中国石油大学(北京),2024,四川,本科批(高校专项),理科,,,587,25601,
63001,中国石油大学(北京),2024,四川,本科批(高校专项),理科,,,587,25601,
64,中国地质大学(北京),2024,四川,本科批(高校专项),理科,,,583,27526,
64001,中国地质大学(北京),2024,四川,本科批(高校专项),理科,,,583,27526,
65,西北农林科技大学,2024,四川,本科批(高校专项),理科,,,592,22523,
65001,西北农林科技大学,2024,四川,本科批(高校专项),理科,,,592,22523,
66,长安大学,2024,四川,本科批(高校专项),理科,,,582,15562,
66001,长安大学,2024,四川,本科批(高校专项),理科,,,582,15562,
67,中南大学,2024,四川,本科批(高校专项),理科,,,565,32470,
67001,中南大学,2024,四川,本科批(高校专项),理科,,,565,32470,
68,中南财经政法大学,2024,四川,本科批(高校专项),理科,,,604,16551,
68001,中南财经政法大学,2024,四川,本科批(高校专项),理科,,,604,16551,
69,华中科技大学,2024,四川,本科批(高校专项),理科,,,614,15562,
69001,华中科技大学,2024,四川,本科批(高校专项),理科,,,614,15562,
7,北京邮电大学,2024,四川,本科批(高校专项),理科,,,635,8970,
70,武汉理工大学,2024,四川,本科批(高校专项),理科,,,579,26240,
70001,武汉理工大学,2024,四川,本科批(高校专项),理科,,,579,26240,
7001,北京邮电大学,2024,四川,本科批(高校专项),理科,,,635,8970,
75,北京外国语大学,2024,四川,本科批(高校专项),理科,,,580,41194,
75001,北京外国语大学,2024,四川,本科批(高校专项),理科,,,580,41194,
8,中国农业大学,2024,四川,本科批(高校专项),理科,,,623,11962,
80,上海交通大学医学院,2024,四川,本科批(高校专项),理科,,,624,13245,
80001,上海交通大学医学院,2024,四川,本科批(高校专项),理科,,,624,13245,
8001,中国农业大学,2024,四川,本科批(高校专项),理科,,,623,11962,
81,复旦大学医学院,2024,四川,本科批(高校专项),理科,,,662,3485,
81001,复旦大学医学院,2024,四川,本科批(高校专项),理科,,,662,3485,
9,北京林业大学,2024,四川,本科批(高校专项),理科,,,558,45579,
90,合肥工业大学,2024,四川,本科批(高校专项),理科,,,559,51035,
90001,合肥工业大学,2024,四川,本科批(高校专项),理科,,,559,51035,
9001,北京林业大学,2024,四川,本科批(高校专项),理科,,,558,45579,
1,北京大学,2024,四川,本科批A段(国家专项),理科,,,675,741,
10,北京中医药大学,2024,四川,本科批A段(国家专项),理科,,,578,15090,
11,北京师范大学,2024,四川,本科批A段(国家专项),理科,,,624,8632,
1101,北京工业大学,2024,四川,本科批A段(国家专项),理科,,,572,43810,
1106,首都医科大学,2024,四川,本科批A段(国家专项),理科,,,540,53929,
1107,首都师范大学,2024,四川,本科批A段(国家专项),理科,,,573,34790,
1121,首都经济贸易大学,2024,四川,本科批A段(国家专项),理科,,,552,42941,
12,北京语言大学,2024,四川,本科批A段(国家专项),理科,,,584,37088,
1206,天津中医药大学,2024,四川,本科批A段(国家专项),理科,,,526,87003,
1207,天津师范大学,2024,四川,本科批A段(国家专项),理科,,,543,78624,
1211,天津财经大学,2024,四川,本科批A段(国家专项),理科,,,527,51035,
1218,天津医科大学,2024,四川,本科批A段(国家专项),理科,,,588,28929,
13,中国传媒大学,2024,四川,本科批A段(国家专项),理科,,,608,17064,
14,中央财经大学,2024,四川,本科批A段(国家专项),理科,,,584,9672,
15,对外经济贸易大学,2024,四川,本科批A段(国家专项),理科,,,596,14164,
16,中国政法大学,2024,四川,本科批A段(国家专项),理科,,,648,5211,
17,南开大学,2024,四川,本科批A段(国家专项),理科,,,626,12394,
18,天津大学,2024,四川,本科批A段(国家专项),理科,,,618,14164,
19,大连理工大学,2024,四川,本科批A段(国家专项),理科,,,622,10024,
2,中国人民大学,2024,四川,本科批A段(国家专项),理科,,,658,1915,
20,东北大学,2024,四川,本科批A段(国家专项),理科,,,612,19193,
21,吉林大学,2024,四川,本科批A段(国家专项),理科,,,615,9316,
2101,沈阳工业大学,2024,四川,本科批A段(国家专项),理科,,,555,56909,
2102,沈阳航空航天大学,2024,四川,本科批A段(国家专项),理科,,,545,76347,
2103,沈阳理工大学,2024,四川,本科批A段(国家专项),理科,,,559,59985,
2104,辽宁大学,2024,四川,本科批A段(国家专项),理科,,,598,20827,
2105,辽宁科技大学,2024,四川,本科批A段(国家专项),理科,,,558,62014,
2106,辽宁工程技术大学,2024,四川,本科批A段(国家专项),理科,,,536,82156,
2109,大连交通大学,2024,四川,本科批A段(国家专项),理科,,,578,35537,
2112,沈阳建筑大学,2024,四川,本科批A段(国家专项),理科,,,543,67210,
2115,沈阳农业大学,2024,四川,本科批A段(国家专项),理科,,,537,85806,
2117,中国医科大学,2024,四川,本科批A段(国家专项),理科,,,559,26240,
2119,大连医科大学,2024,四川,本科批A段(国家专项),理科,,,560,59985,
2121,沈阳药科大学,2024,四川,本科批A段(国家专项),理科,,,534,52970,
2126,东北财经大学,2024,四川,本科批A段(国家专项),理科,,,561,37911,
22,东北师范大学,2024,四川,本科批A段(国家专项),理科,,,554,18625,
2205,长春工业大学,2024,四川,本科批A段(国家专项),理科,,,498,121474,
23,东北林业大学,2024,四川,本科批A段(国家专项),理科,,,554,33245,
2311,哈尔滨师范大学,2024,四川,本科批A段(国家专项),理科,,,552,68319,
24,复旦大学,2024,四川,本科批A段(国家专项),理科,,,638,1047,
2444,黑龙江中医药大学,2024,四川,本科批A段(国家专项),理科,,,543,75136,
25,同济大学,2024,四川,本科批A段(国家专项),理科,,,633,5976,
26,上海交通大学,2024,四川,本科批A段(国家专项),理科,,,666,1915,
27,华东理工大学,2024,四川,本科批A段(国家专项),理科,,,599,12825,
28,东华大学,2024,四川,本科批A段(国家专项),理科,,,591,21383,
29,华东师范大学,2024,四川,本科批A段(国家专项),理科,,,636,6530,
3,清华大学,2024,四川,本科批A段(国家专项),理科,,,679,291,
30,上海外国语大学,2024,四川,本科批A段(国家专项),理科,,,600,20321,
301,北京航空航天大学,2024,四川,本科批A段(国家专项),理科,,,653,3859,
302,北京理工大学,2024,四川,本科批A段(国家专项),理科,,,655,3312,
310,北京体育大学,2024,四川,本科批A段(国家专项),理科,,,565,32470,
3101,上海理工大学,2024,四川,本科批A段(国家专项),理科,,,596,28929,
3103,上海海事大学,2024,四川,本科批A段(国家专项),理科,,,559,57912,
3117,上海对外经贸大学,2024,四川,本科批A段(国家专项),理科,,,552,49231,
3125,上海工程技术大学,2024,四川,本科批A段(国家专项),理科,,,499,128623,
3126,上海立信会计金融学院,2024,四川,本科批A段(国家专项),理科,,,575,45579,
3137,上海大学,2024,四川,本科批A段(国家专项),理科,,,611,19766,
315,中央民族大学,2024,四川,本科批A段(国家专项),理科,,,618,14164,
317,华北电力大学(北京),2024,四川,本科批A段(国家专项),理科,,,604,9316,
32,南京大学,2024,四川,本科批A段(国家专项),理科,,,658,1134,
320,中国民航大学,2024,四川,本科批A段(国家专项),理科,,,586,20827,
3201,苏州大学,2024,四川,本科批A段(国家专项),理科,,,595,19766,
3205,江苏科技大学,2024,四川,本科批A段(国家专项),理科,,,542,61000,
3206,南京财经大学,2024,四川,本科批A段(国家专项),理科,,,530,31693,
3207,南京工业大学,2024,四川,本科批A段(国家专项),理科,,,577,31693,
3209,南京邮电大学,2024,四川,本科批A段(国家专项),理科,,,594,28248,
3212,江苏大学,2024,四川,本科批A段(国家专项),理科,,,566,43810,
3213,南京信息工程大学,2024,四川,本科批A段(国家专项),理科,,,580,37088,
3225,南京师范大学,2024,四川,本科批A段(国家专项),理科,,,594,22523,
323,华北电力大学(保定),2024,四川,本科批A段(国家专项),理科,,,611,8970,
325,大连海事大学,2024,四川,本科批A段(国家专项),理科,,,589,25601,
33,东南大学,2024,四川,本科批A段(国家专项),理科,,,618,8632,
330,哈尔滨工业大学,2024,四川,本科批A段(国家专项),理科,,,650,3859,
3302,浙江工业大学,2024,四川,本科批A段(国家专项),理科,,,582,24323,
3305,浙江海洋大学,2024,四川,本科批A段(国家专项),理科,,,543,71745,
3306,浙江农林大学,2024,四川,本科批A段(国家专项),理科,,,545,72861,
3308,温州医科大学,2024,四川,本科批A段(国家专项),理科,,,497,115972,
3309,浙江师范大学,2024,四川,本科批A段(国家专项),理科,,,567,48337,
3310,杭州师范大学,2024,四川,本科批A段(国家专项),理科,,,558,53929,
3325,宁波大学,2024,四川,本科批A段(国家专项),理科,,,591,32470,
333,哈尔滨工程大学,2024,四川,本科批A段(国家专项),理科,,,613,14164,
340,南京航空航天大学,2024,四川,本科批A段(国家专项),理科,,,601,11590,
341,南京理工大学,2024,四川,本科批A段(国家专项),理科,,,590,13702,
345,中国科学技术大学,2024,四川,本科批A段(国家专项),理科,,,660,1786,
346,中国科学院大学,2024,四川,本科批A段(国家专项),理科,,,660,1047,
347,华侨大学,2024,四川,本科批A段(国家专项),理科,,,545,51035,
35,河海大学,2024,四川,本科批A段(国家专项),理科,,,603,19766,
3502,福州大学,2024,四川,本科批A段(国家专项),理科,,,594,21956,
3507,福建师范大学,2024,四川,本科批A段(国家专项),理科,,,498,134379,
351,中南民族大学,2024,四川,本科批A段(国家专项),理科,,,545,76347,
3515,集美大学,2024,四川,本科批A段(国家专项),理科,,,545,61000,
3517,福建农林大学,2024,四川,本科批A段(国家专项),理科,,,492,131486,
353,暨南大学,2024,四川,本科批A段(国家专项),理科,,,599,13245,
355,中国民用航空飞行学院,2024,四川,本科批A段(国家专项),理科,,,537,57912,
357,西南民族大学,2024,四川,本科批A段(国家专项),理科,,,549,62994,
358,西北工业大学,2024,四川,本科批A段(国家专项),理科,,,636,6530,
36,江南大学,2024,四川,本科批A段(国家专项),理科,,,595,25601,
363,西北民族大学,2024,四川,本科批A段(国家专项),理科,,,532,85806,
365,石河子大学,2024,四川,本科批A段(国家专项),理科,,,546,41194,
369,华北科技学院,2024,四川,本科批A段(国家专项),理科,,,502,101095,
37,南京农业大学,2024,四川,本科批A段(国家专项),理科,,,582,24964,
370,中国人民警察大学,2024,四川,本科批A段(国家专项),理科,,,541,79761,
3703,山东科技大学,2024,四川,本科批A段(国家专项),理科,,,548,59985,
3705,青岛理工大学,2024,四川,本科批A段(国家专项),理科,,,547,62994,
371,大连民族大学,2024,四川,本科批A段(国家专项),理科,,,485,149080,
3713,山东师范大学,2024,四川,本科批A段(国家专项),理科,,,547,62994,
373,北方民族大学,2024,四川,本科批A段(国家专项),理科,,,515,67210,
38,中国药科大学,2024,四川,本科批A段(国家专项),理科,,,582,10413,
380,哈尔滨工业大学(威海),2024,四川,本科批A段(国家专项),理科,,,606,17064,
381,防灾科技学院,2024,四川,本科批A段(国家专项),理科,,,479,138841,
39,浙江大学,2024,四川,本科批A段(国家专项),理科,,,636,1047,
390,哈尔滨工业大学(深圳),2024,四川,本科批A段(国家专项),理科,,,654,2616,
397,中国劳动关系学院,2024,四川,本科批A段(国家专项),理科,,,560,59985,
4,北京交通大学,2024,四川,本科批A段(国家专项),理科,,,564,55901,
40,合肥工业大学,2024,四川,本科批A段(国家专项),理科,,,601,19766,
41,厦门大学,2024,四川,本科批A段(国家专项),理科,,,632,7109,
42,山东大学,2024,四川,本科批A段(国家专项),理科,,,619,10776,
43,中国海洋大学,2024,四川,本科批A段(国家专项),理科,,,609,12394,
44,中国石油大学(华东),2024,四川,本科批A段(国家专项),理科,,,610,16551,
4404,华南农业大学,2024,四川,本科批A段(国家专项),理科,,,566,43810,
4429,广东医科大学,2024,四川,本科批A段(国家专项),理科,,,579,20321,
4436,佛山大学,2024,四川,本科批A段(国家专项),理科,,,480,159060,
45,武汉大学,2024,四川,本科批A段(国家专项),理科,,,626,5976,
46,中国地质大学(武汉),2024,四川,本科批A段(国家专项),理科,,,597,26240,
47,华中农业大学,2024,四川,本科批A段(国家专项),理科,,,588,24323,
48,华中师范大学,2024,四川,本科批A段(国家专项),理科,,,582,14164,
49,湖南大学,2024,四川,本科批A段(国家专项),理科,,,577,43810,
5,北京科技大学,2024,四川,本科批A段(国家专项),理科,,,599,9316,
50,中山大学,2024,四川,本科批A段(国家专项),理科,,,625,7412,
51,华南理工大学,2024,四川,本科批A段(国家专项),理科,,,585,7684,
5101,西南石油大学,2024,四川,本科批A段(国家专项),理科,,,559,31002,
5102,成都理工大学,2024,四川,本科批A段(国家专项),理科,,,543,26883,
5105,西南科技大学,2024,四川,本科批A段(国家专项),理科,,,533,70573,
5107,成都信息工程大学,2024,四川,本科批A段(国家专项),理科,,,543,33991,
5108,四川轻化工大学,2024,四川,本科批A段(国家专项),理科,,,535,66147,
5109,西华大学,2024,四川,本科批A段(国家专项),理科,,,553,49231,
5112,四川农业大学,2024,四川,本科批A段(国家专项),理科,,,549,24964,
5116,西南医科大学,2024,四川,本科批A段(国家专项),理科,,,558,26240,
5117,成都中医药大学,2024,四川,本科批A段(国家专项),理科,,,552,35537,
5118,川北医学院,2024,四川,本科批A段(国家专项),理科,,,554,33991,
5120,四川师范大学,2024,四川,本科批A段(国家专项),理科,,,532,27526,
5122,西华师范大学,2024,四川,本科批A段(国家专项),理科,,,546,69408,
5137,成都大学,2024,四川,本科批A段(国家专项),理科,,,541,40367,
52,四川大学,2024,四川,本科批A段(国家专项),理科,,,598,10776,
53,重庆大学,2024,四川,本科批A段(国家专项),理科,,,620,11205,
54,西南交通大学,2024,四川,本科批A段(国家专项),理科,,,602,10776,
55,电子科技大学,2024,四川,本科批A段(国家专项),理科,,,648,3130,
558,西安交通大学,2024,四川,本科批A段(国家专项),理科,,,610,12394,
57,西南财经大学,2024,四川,本科批A段(国家专项),理科,,,611,12825,
58,西安交通大学,2024,四川,本科批A段(国家专项),理科,,,626,4314,
59,西安电子科技大学,2024,四川,本科批A段(国家专项),理科,,,634,4988,
6,北京化工大学,2024,四川,本科批A段(国家专项),理科,,,605,23113,
60,陕西师范大学,2024,四川,本科批A段(国家专项),理科,,,565,17563,
61,兰州大学,2024,四川,本科批A段(国家专项),理科,,,576,13245,
62,中国矿业大学(北京),2024,四川,本科批A段(国家专项),理科,,,589,27526,
63,中国石油大学(北京),2024,四川,本科批A段(国家专项),理科,,,608,15562,
64,中国地质大学(北京),2024,四川,本科批A段(国家专项),理科,,,594,25601,
65,西北农林科技大学,2024,四川,本科批A段(国家专项),理科,,,586,28248,
6503,塔里木大学,2024,四川,本科批A段(国家专项),理科,,,483,154832,
66,长安大学,2024,四川,本科批A段(国家专项),理科,,,598,16551,
67,中南大学,2024,四川,本科批A段(国家专项),理科,,,611,12825,
68,中南财经政法大学,2024,四川,本科批A段(国家专项),理科,,,604,18113,
69,华中科技大学,2024,四川,本科批A段(国家专项),理科,,,623,10024,
7,北京邮电大学,2024,四川,本科批A段(国家专项),理科,,,618,10413,
70,武汉理工大学,2024,四川,本科批A段(国家专项),理科,,,588,14632,
75,北京外国语大学,2024,四川,本科批A段(国家专项),理科,,,598,27526,
77,北京大学医学部,2024,四川,本科批A段(国家专项),理科,,,660,2772,
78,山东大学威海分校,2024,四川,本科批A段(国家专项),理科,,,589,13702,
8,中国农业大学,2024,四川,本科批A段(国家专项),理科,,,619,8632,
80,上海交通大学医学院,2024,四川,本科批A段(国家专项),理科,,,669,1563,
81,复旦大学医学院,2024,四川,本科批A段(国家专项),理科,,,653,2298,
863,西北民族大学,2024,四川,本科批A段(国家专项),理科,,,567,52970,
89,西南大学,2024,四川,本科批A段(国家专项),理科,,,555,39504,
9,北京林业大学,2024,四川,本科批A段(国家专项),理科,,,601,17064,
90,合肥工业大学,2024,四川,本科批A段(国家专项),理科,,,594,21383,
94,中国石油大学(北京)克拉玛依校区,2024,四川,本科批A段(国家专项),理科,,,576,29596,
,上海交通大学,2024,四川,本科批A段(国家专项),理科,,,666,1915,
5101,西南石油大学,2024,四川,本科批A段(地方专项),理科,,,537,29596,
5101001,西南石油大学,2024,四川,本科批A段(地方专项),理科,,,537,29596,
5102,成都理工大学,2024,四川,本科批A段(地方专项),理科,,,532,29596,
5102001,成都理工大学,2024,四川,本科批A段(地方专项),理科,,,532,29596,
5105,西南科技大学,2024,四川,本科批A段(地方专项),理科,,,532,75136,
5105001,西南科技大学,2024,四川,本科批A段(地方专项),理科,,,532,75136,
5107,成都信息工程大学,2024,四川,本科批A段(地方专项),理科,,,533,34790,
5107001,成都信息工程大学,2024,四川,本科批A段(地方专项),理科,,,533,34790,
5108,四川轻化工大学,2024,四川,本科批A段(地方专项),理科,,,533,69408,
5108001,四川轻化工大学,2024,四川,本科批A段(地方专项),理科,,,533,69408,
5109,西华大学,2024,四川,本科批A段(地方专项),理科,,,535,47451,
5109001,西华大学,2024,四川,本科批A段(地方专项),理科,,,535,47451,
5112,四川农业大学,2024,四川,本科批A段(地方专项),理科,,,538,23113,
5112001,四川农业大学,2024,四川,本科批A段(地方专项),理科,,,538,23113,
5116,西南医科大学,2024,四川,本科批A段(地方专项),理科,,,541,45579,
5116001,西南医科大学,2024,四川,本科批A段(地方专项),理科,,,541,45579,
5117,成都中医药大学,2024,四川,本科批A段(地方专项),理科,,,540,36338,
5117001,成都中医药大学,2024,四川,本科批A段(地方专项),理科,,,540,36338,
5118,川北医学院,2024,四川,本科批A段(地方专项),理科,,,544,26883,
5118001,川北医学院,2024,四川,本科批A段(地方专项),理科,,,544,26883,
5120,四川师范大学,2024,四川,本科批A段(地方专项),理科,,,527,31693,
5120001,四川师范大学,2024,四川,本科批A段(地方专项),理科,,,527,31693,
5122,西华师范大学,2024,四川,本科批A段(地方专项),理科,,,512,66147,
5122001,西华师范大学,2024,四川,本科批A段(地方专项),理科,,,512,66147,
5137,成都大学,2024,四川,本科批A段(地方专项),理科,,,533,47451,
5137001,成都大学,2024,四川,本科批A段(地方专项),理科,,,533,47451,
1,北京大学,2024,四川,本科批B段,理科,,,698,63,
10,北京中医药大学,2024,四川,本科批B段,理科,,,551,2938,
10001,北京中医药大学,2024,四川,本科批B段,理科,,,613,2938,
10002,北京中医药大学,2024,四川,本科批B段,理科,,,551,69408,
1001,北京大学,2024,四川,本科批B段,理科,,,698,63,
11,北京师范大学,2024,四川,本科批B段,理科,,,634,2046,
11001,北京师范大学,2024,四川,本科批B段,理科,,,634,2046,
1101,北京工业大学,2024,四川,本科批B段,理科,,,613,13702,
1101001,北京工业大学,2024,四川,本科批B段,理科,,,613,13702,
1102,北方工业大学,2024,四川,本科批B段,理科,,,585,21956,
1102001,北方工业大学,2024,四川,本科批B段,理科,,,585,21956,
1103,北京服装学院,2024,四川,本科批B段,理科,,,499,94628,
1103001,北京服装学院,2024,四川,本科批B段,理科,,,516,94628,
1104,北京印刷学院,2024,四川,本科批B段,理科,,,548,59985,
1104001,北京印刷学院,2024,四川,本科批B段,理科,,,548,59985,
1105,北京石油化工学院,2024,四川,本科批B段,理科,,,543,76347,
1105001,北京石油化工学院,2024,四川,本科批B段,理科,,,543,76347,
1106,首都医科大学,2024,四川,本科批B段,理科,,,639,1441,
1106001,首都医科大学,2024,四川,本科批B段,理科,,,639,1441,
1107,首都师范大学,2024,四川,本科批B段,理科,,,579,24323,
1107001,首都师范大学,2024,四川,本科批B段,理科,,,579,24323,
1108,首都体育学院,2024,四川,本科批B段,理科,,,513,106510,
1108001,首都体育学院,2024,四川,本科批B段,理科,,,513,106510,
1109,北京建筑大学,2024,四川,本科批B段,理科,,,518,24964,
1109001,北京建筑大学,2024,四川,本科批B段,理科,,,541,24964,
1110,北京第二外国语学院,2024,四川,本科批B段,理科,,,542,22523,
1110001,北京第二外国语学院,2024,四川,本科批B段,理科,,,542,22523,
1111,北京物资学院,2024,四川,本科批B段,理科,,,552,54889,
1111001,北京物资学院,2024,四川,本科批B段,理科,,,552,54889,
1115,北京电影学院,2024,四川,本科批B段,理科,,,592,19766,
1115001,北京电影学院,2024,四川,本科批B段,理科,,,592,19766,
1119,北京联合大学,2024,四川,本科批B段,理科,,,563,46505,
1119001,北京联合大学,2024,四川,本科批B段,理科,,,563,46505,
1120,北京工商大学,2024,四川,本科批B段,理科,,,539,40367,
1120001,北京工商大学,2024,四川,本科批B段,理科,,,539,40367,
1121,首都经济贸易大学,2024,四川,本科批B段,理科,,,593,27526,
1121001,首都经济贸易大学,2024,四川,本科批B段,理科,,,593,27526,
1123,北京信息科技大学,2024,四川,本科批B段,理科,,,597,20827,
1123001,北京信息科技大学,2024,四川,本科批B段,理科,,,597,20827,
1148,北京农学院,2024,四川,本科批B段,理科,,,498,89526,
1148001,北京农学院,2024,四川,本科批B段,理科,,,527,89526,
1156,吉利学院,2024,四川,本科批B段,理科,,,471,169097,
1156001,吉利学院,2024,四川,本科批B段,理科,,,471,169097,
1181,首都师范大学科德学院,2024,四川,本科批B段,理科,,,461,191450,
1181001,首都师范大学科德学院,2024,四川,本科批B段,理科,,,461,191450,
1182,北京金融科技学院,2024,四川,本科批B段,理科,,,509,122881,
1182001,北京金融科技学院,2024,四川,本科批B段,理科,,,509,122881,
1183,北京邮电大学世纪学院,2024,四川,本科批B段,理科,,,473,173422,
1183001,北京邮电大学世纪学院,2024,四川,本科批B段,理科,,,473,173422,
1184,北京工业大学耿丹学院,2024,四川,本科批B段,理科,,,462,170539,
1184001,北京工业大学耿丹学院,2024,四川,本科批B段,理科,,,462,170539,
1185,北京第二外国语学院中瑞酒店管理学院,2024,四川,本科批B段,理科,,,459,194087,
1185001,北京第二外国语学院中瑞酒店管理学院,2024,四川,本科批B段,理科,,,459,194087,
1187,北京城市学院,2024,四川,本科批B段,理科,,,488,138841,
1187001,北京城市学院,2024,四川,本科批B段,理科,,,488,138841,
12,北京语言大学,2024,四川,本科批B段,理科,,,540,24323,
12001,北京语言大学,2024,四川,本科批B段,理科,,,540,24323,
1201,天津科技大学,2024,四川,本科批B段,理科,,,540,40367,
1201001,天津科技大学,2024,四川,本科批B段,理科,,,559,40367,
1201002,天津科技大学,2024,四川,本科批B段,理科,,,540,74037,
1202,天津工业大学,2024,四川,本科批B段,理科,,,598,17563,
1202001,天津工业大学,2024,四川,本科批B段,理科,,,598,17563,
1204,天津理工大学,2024,四川,本科批B段,理科,,,541,22523,
1204001,天津理工大学,2024,四川,本科批B段,理科,,,573,22523,
1204002,天津理工大学,2024,四川,本科批B段,理科,,,541,62014,
1205,天津农学院,2024,四川,本科批B段,理科,,,498,87003,
1205001,天津农学院,2024,四川,本科批B段,理科,,,498,87003,
1206,天津中医药大学,2024,四川,本科批B段,理科,,,544,25601,
1206001,天津中医药大学,2024,四川,本科批B段,理科,,,541,25601,
1207,天津师范大学,2024,四川,本科批B段,理科,,,539,33991,
1207001,天津师范大学,2024,四川,本科批B段,理科,,,539,33991,
1207002,天津师范大学,2024,四川,本科批B段,理科,,,546,75136,
1209,天津外国语大学,2024,四川,本科批B段,理科,,,539,64020,
1209001,天津外国语大学,2024,四川,本科批B段,理科,,,539,64020,
1210,天津商业大学,2024,四川,本科批B段,理科,,,547,61000,
1210001,天津商业大学,2024,四川,本科批B段,理科,,,547,61000,
1211,天津财经大学,2024,四川,本科批B段,理科,,,573,28248,
1211001,天津财经大学,2024,四川,本科批B段,理科,,,573,28248,
1212,天津体育学院,2024,四川,本科批B段,理科,,,506,127159,
1212001,天津体育学院,2024,四川,本科批B段,理科,,,506,127159,
1216,天津城建大学,2024,四川,本科批B段,理科,,,521,89526,
1216001,天津城建大学,2024,四川,本科批B段,理科,,,521,89526,
1218,天津医科大学,2024,四川,本科批B段,理科,,,612,3859,
1218001,天津医科大学,2024,四川,本科批B段,理科,,,612,3859,
1222,天津职业技术师范大学,2024,四川,本科批B段,理科,,,437,89526,
1222001,天津职业技术师范大学,2024,四川,本科批B段,理科,,,512,89526,
1240,天津商业大学,2024,四川,本科批B段,理科,,,530,94628,
1240001,天津商业大学,2024,四川,本科批B段,理科,,,530,94628,
1251,天津天狮学院,2024,四川,本科批B段,理科,,,464,180581,
1251001,天津天狮学院,2024,四川,本科批B段,理科,,,464,180581,
1255,天津中德应用技术大学,2024,四川,本科批B段,理科,,,516,101095,
1255001,天津中德应用技术大学,2024,四川,本科批B段,理科,,,516,101095,
1289,天津仁爱学院,2024,四川,本科批B段,理科,,,462,183371,
1289001,天津仁爱学院,2024,四川,本科批B段,理科,,,462,183371,
1292,天津商业大学宝德学院,2024,四川,本科批B段,理科,,,471,170539,
1292001,天津商业大学宝德学院,2024,四川,本科批B段,理科,,,471,170539,
1293,天津医科大学临床医学院,2024,四川,本科批B段,理科,,,471,68319,
1293001,天津医科大学临床医学院,2024,四川,本科批B段,理科,,,471,68319,
1294,天津传媒学院,2024,四川,本科批B段,理科,,,460,187394,
1294001,天津传媒学院,2024,四川,本科批B段,理科,,,460,187394,
1295,天津外国语大学滨海外事学院,2024,四川,本科批B段,理科,,,470,147598,
1295001,天津外国语大学滨海外事学院,2024,四川,本科批B段,理科,,,470,147598,
1296,北京科技大学天津学院,2024,四川,本科批B段,理科,,,475,164858,
1296001,北京科技大学天津学院,2024,四川,本科批B段,理科,,,475,164858,
1297,天津财经大学珠江学院,2024,四川,本科批B段,理科,,,472,166346,
1297001,天津财经大学珠江学院,2024,四川,本科批B段,理科,,,472,166346,
1298,天津理工大学中环信息学院,2024,四川,本科批B段,理科,,,474,159060,
1298001,天津理工大学中环信息学院,2024,四川,本科批B段,理科,,,474,159060,
13,中国传媒大学,2024,四川,本科批B段,理科,,,585,12394,
13001,中国传媒大学,2024,四川,本科批B段,理科,,,596,12394,
1301,河北工程大学,2024,四川,本科批B段,理科,,,531,72861,
1301001,河北工程大学,2024,四川,本科批B段,理科,,,531,72861,
1302,河北大学,2024,四川,本科批B段,理科,,,545,51035,
1302001,河北大学,2024,四川,本科批B段,理科,,,545,51035,
1303,河北工业大学,2024,四川,本科批B段,理科,,,603,11590,
1303001,河北工业大学,2024,四川,本科批B段,理科,,,603,11590,
1304,河北地质大学,2024,四川,本科批B段,理科,,,500,94628,
1304001,河北地质大学,2024,四川,本科批B段,理科,,,500,94628,
1305,华北理工大学,2024,四川,本科批B段,理科,,,545,42054,
1305001,华北理工大学,2024,四川,本科批B段,理科,,,545,42054,
1306,河北科技大学,2024,四川,本科批B段,理科,,,530,77468,
1306001,河北科技大学,2024,四川,本科批B段,理科,,,530,77468,
1308,河北师范大学,2024,四川,本科批B段,理科,,,540,69408,
1308001,河北师范大学,2024,四川,本科批B段,理科,,,540,69408,
1309,石家庄铁道大学,2024,四川,本科批B段,理科,,,555,24323,
1309001,石家庄铁道大学,2024,四川,本科批B段,理科,,,555,24323,
1310,燕山大学,2024,四川,本科批B段,理科,,,581,21383,
1310001,燕山大学,2024,四川,本科批B段,理科,,,581,21383,
1311,河北科技师范学院,2024,四川,本科批B段,理科,,,502,130043,
1311001,河北科技师范学院,2024,四川,本科批B段,理科,,,502,130043,
1313,承德医学院,2024,四川,本科批B段,理科,,,572,48337,
1313001,承德医学院,2024,四川,本科批B段,理科,,,572,48337,
1314,河北金融学院,2024,四川,本科批B段,理科,,,498,101095,
1314001,河北金融学院,2024,四川,本科批B段,理科,,,498,101095,
1315,北华航天工业学院,2024,四川,本科批B段,理科,,,506,76347,
1315001,北华航天工业学院,2024,四川,本科批B段,理科,,,506,76347,
1317,廊坊师范学院,2024,四川,本科批B段,理科,,,437,132951,
1317001,廊坊师范学院,2024,四川,本科批B段,理科,,,490,132951,
1319,河北医科大学,2024,四川,本科批B段,理科,,,536,16551,
1319001,河北医科大学,2024,四川,本科批B段,理科,,,617,16551,
1319002,河北医科大学,2024,四川,本科批B段,理科,,,536,78624,
1320,河北经贸大学,2024,四川,本科批B段,理科,,,501,84610,
1320001,河北经贸大学,2024,四川,本科批B段,理科,,,501,84610,
1321,衡水学院,2024,四川,本科批B段,理科,,,513,114610,
1321001,衡水学院,2024,四川,本科批B段,理科,,,513,114610,
1322,河北建筑工程学院,2024,四川,本科批B段,理科,,,506,109199,
1322001,河北建筑工程学院,2024,四川,本科批B段,理科,,,506,109199,
1324,唐山师范学院,2024,四川,本科批B段,理科,,,501,134379,
1324001,唐山师范学院,2024,四川,本科批B段,理科,,,501,134379,
1325,河北北方学院,2024,四川,本科批B段,理科,,,534,84610,
1325001,河北北方学院,2024,四川,本科批B段,理科,,,534,84610,
1330,河北农业大学,2024,四川,本科批B段,理科,,,456,197921,
1331,保定学院,2024,四川,本科批B段,理科,,,503,127159,
1331001,保定学院,2024,四川,本科批B段,理科,,,503,127159,
1333,邯郸学院,2024,四川,本科批B段,理科,,,501,132951,
1333001,邯郸学院,2024,四川,本科批B段,理科,,,501,132951,
1341,河北中医药大学,2024,四川,本科批B段,理科,,,533,79761,
1341001,河北中医药大学,2024,四川,本科批B段,理科,,,533,79761,
1342,河北工程大学科信学院,2024,四川,本科批B段,理科,,,495,135858,
1342001,河北工程大学科信学院,2024,四川,本科批B段,理科,,,495,135858,
1348,华北理工大学轻工学院,2024,四川,本科批B段,理科,,,469,180581,
1348001,华北理工大学轻工学院,2024,四川,本科批B段,理科,,,469,180581,
1349,张家口学院,2024,四川,本科批B段,理科,,,497,118741,
1349001,张家口学院,2024,四川,本科批B段,理科,,,497,118741,
1368,河北传媒学院,2024,四川,本科批B段,理科,,,467,173422,
1368001,河北传媒学院,2024,四川,本科批B段,理科,,,467,173422,
1381,河北东方学院,2024,四川,本科批B段,理科,,,472,163469,
1381001,河北东方学院,2024,四川,本科批B段,理科,,,472,163469,
1386,河北外国语学院,2024,四川,本科批B段,理科,,,467,182021,
1386001,河北外国语学院,2024,四川,本科批B段,理科,,,467,182021,
1390,河北环境工程学院,2024,四川,本科批B段,理科,,,500,130043,
1390001,河北环境工程学院,2024,四川,本科批B段,理科,,,500,130043,
1392,河北医科大学临床学院,2024,四川,本科批B段,理科,,,496,75136,
1392001,河北医科大学临床学院,2024,四川,本科批B段,理科,,,496,75136,
1394,石家庄铁道大学四方学院,2024,四川,本科批B段,理科,,,500,130043,
1394001,石家庄铁道大学四方学院,2024,四川,本科批B段,理科,,,500,130043,
1395,河北水利电力学院,2024,四川,本科批B段,理科,,,510,101095,
1395001,河北水利电力学院,2024,四川,本科批B段,理科,,,510,101095,
1397,沧州交通学院,2024,四川,本科批B段,理科,,,473,137269,
1397001,沧州交通学院,2024,四川,本科批B段,理科,,,473,137269,
14,中央财经大学,2024,四川,本科批B段,理科,,,616,3130,
14001,中央财经大学,2024,四川,本科批B段,理科,,,632,3130,
1401,山西大学,2024,四川,本科批B段,理科,,,539,17563,
1401001,山西大学,2024,四川,本科批B段,理科,,,539,17563,
1402,太原科技大学,2024,四川,本科批B段,理科,,,537,66147,
1402001,太原科技大学,2024,四川,本科批B段,理科,,,537,66147,
1403,中北大学,2024,四川,本科批B段,理科,,,553,20321,
1403001,中北大学,2024,四川,本科批B段,理科,,,553,20321,
1405,太原理工大学,2024,四川,本科批B段,理科,,,605,13702,
1405001,太原理工大学,2024,四川,本科批B段,理科,,,605,13702,
1406,山西农业大学,2024,四川,本科批B段,理科,,,519,84610,
1406001,山西农业大学,2024,四川,本科批B段,理科,,,519,84610,
1407,山西医科大学,2024,四川,本科批B段,理科,,,539,43810,
1407001,山西医科大学,2024,四川,本科批B段,理科,,,539,43810,
1409,长治医学院,2024,四川,本科批B段,理科,,,473,52970,
1409001,长治医学院,2024,四川,本科批B段,理科,,,473,52970,
1411,山西师范大学,2024,四川,本科批B段,理科,,,488,98464,
1411001,山西师范大学,2024,四川,本科批B段,理科,,,488,98464,
1412,太原师范学院,2024,四川,本科批B段,理科,,,467,113261,
1412001,太原师范学院,2024,四川,本科批B段,理科,,,467,113261,
1413,山西大同大学,2024,四川,本科批B段,理科,,,512,111900,
1413001,山西大同大学,2024,四川,本科批B段,理科,,,512,111900,
1414,晋中学院,2024,四川,本科批B段,理科,,,498,124295,
1414001,晋中学院,2024,四川,本科批B段,理科,,,498,124295,
1415,运城学院,2024,四川,本科批B段,理科,,,500,132951,
1415001,运城学院,2024,四川,本科批B段,理科,,,500,132951,
1416,忻州师范学院,2024,四川,本科批B段,理科,,,505,117337,
1416001,忻州师范学院,2024,四川,本科批B段,理科,,,505,117337,
1417,山西财经大学,2024,四川,本科批B段,理科,,,539,44683,
1417001,山西财经大学,2024,四川,本科批B段,理科,,,539,44683,
1418,吕梁学院,2024,四川,本科批B段,理科,,,501,127159,
1418001,吕梁学院,2024,四川,本科批B段,理科,,,501,127159,
1420,长治学院,2024,四川,本科批B段,理科,,,503,127159,
1420001,长治学院,2024,四川,本科批B段,理科,,,503,127159,
1421,山西中医药大学,2024,四川,本科批B段,理科,,,502,27526,
1421001,山西中医药大学,2024,四川,本科批B段,理科,,,598,27526,
1421002,山西中医药大学,2024,四川,本科批B段,理科,,,502,70573,
1427,太原学院,2024,四川,本科批B段,理科,,,500,128623,
1427001,太原学院,2024,四川,本科批B段,理科,,,500,128623,
1433,太原工业学院,2024,四川,本科批B段,理科,,,512,109199,
1433001,太原工业学院,2024,四川,本科批B段,理科,,,512,109199,
1443,山西传媒学院,2024,四川,本科批B段,理科,,,484,135858,
1443001,山西传媒学院,2024,四川,本科批B段,理科,,,484,135858,
1451,山西能源学院,2024,四川,本科批B段,理科,,,505,118741,
1451001,山西能源学院,2024,四川,本科批B段,理科,,,505,118741,
1474,晋中信息学院,2024,四川,本科批B段,理科,,,491,146159,
1474001,晋中信息学院,2024,四川,本科批B段,理科,,,491,146159,
1476,运城职业技术大学,2024,四川,本科批B段,理科,,,474,135858,
1476001,运城职业技术大学,2024,四川,本科批B段,理科,,,474,135858,
1484,山西电子科技学院,2024,四川,本科批B段,理科,,,511,102420,
1484001,山西电子科技学院,2024,四川,本科批B段,理科,,,511,102420,
1487,山西财经大学,2024,四川,本科批B段,理科,,,545,62994,
1487001,山西财经大学,2024,四川,本科批B段,理科,,,545,62994,
1490,山西工商学院,2024,四川,本科批B段,理科,,,476,170539,
1490001,山西工商学院,2024,四川,本科批B段,理科,,,476,170539,
1491,山西晋中理工学院,2024,四川,本科批B段,理科,,,479,163469,
1491001,山西晋中理工学院,2024,四川,本科批B段,理科,,,479,163469,
1495,山西工程技术学院,2024,四川,本科批B段,理科,,,497,118741,
1495001,山西工程技术学院,2024,四川,本科批B段,理科,,,497,118741,
1498,山西工学院,2024,四川,本科批B段,理科,,,505,128623,
1498001,山西工学院,2024,四川,本科批B段,理科,,,505,128623,
15,对外经济贸易大学,2024,四川,本科批B段,理科,,,608,5444,
15001,对外经济贸易大学,2024,四川,本科批B段,理科,,,627,5444,
1501,内蒙古大学,2024,四川,本科批B段,理科,,,548,26240,
1501001,内蒙古大学,2024,四川,本科批B段,理科,,,548,26240,
1503,内蒙古科技大学,2024,四川,本科批B段,理科,,,508,78624,
1503001,内蒙古科技大学,2024,四川,本科批B段,理科,,,543,78624,
1503002,内蒙古科技大学,2024,四川,本科批B段,理科,,,508,93315,
1504,内蒙古工业大学,2024,四川,本科批B段,理科,,,496,81017,
1504001,内蒙古工业大学,2024,四川,本科批B段,理科,,,496,81017,
1506,天津中医药大学,2024,四川,本科批B段,理科,,,548,72861,
1506001,天津中医药大学,2024,四川,本科批B段,理科,,,548,72861,
1509,内蒙古师范大学,2024,四川,本科批B段,理科,,,504,121474,
1509001,内蒙古师范大学,2024,四川,本科批B段,理科,,,504,121474,
1511,河套学院,2024,四川,本科批B段,理科,,,501,134379,
1511001,河套学院,2024,四川,本科批B段,理科,,,501,134379,
1512,赤峰学院,2024,四川,本科批B段,理科,,,496,137269,
1512001,赤峰学院,2024,四川,本科批B段,理科,,,496,137269,
1513,内蒙古农业大学,2024,四川,本科批B段,理科,,,514,87003,
1513001,内蒙古农业大学,2024,四川,本科批B段,理科,,,514,87003,
1514,内蒙古医科大学,2024,四川,本科批B段,理科,,,484,98464,
1514001,内蒙古医科大学,2024,四川,本科批B段,理科,,,484,98464,
1515,内蒙古民族大学,2024,四川,本科批B段,理科,,,501,124295,
1515001,内蒙古民族大学,2024,四川,本科批B段,理科,,,501,124295,
1516,呼伦贝尔学院,2024,四川,本科批B段,理科,,,500,131486,
1516001,呼伦贝尔学院,2024,四川,本科批B段,理科,,,500,131486,
1518,内蒙古财经大学,2024,四川,本科批B段,理科,,,511,88281,
1518001,内蒙古财经大学,2024,四川,本科批B段,理科,,,511,88281,
1520,内蒙古科技大学包头师范学院,2024,四川,本科批B段,理科,,,499,98464,
1520001,内蒙古科技大学包头师范学院,2024,四川,本科批B段,理科,,,499,98464,
1521,内蒙古科技大学包头医学院,2024,四川,本科批B段,理科,,,503,84610,
1521001,内蒙古科技大学包头医学院,2024,四川,本科批B段,理科,,,503,84610,
1556,集宁师范学院,2024,四川,本科批B段,理科,,,498,137269,
1556001,集宁师范学院,2024,四川,本科批B段,理科,,,498,137269,
16,中国政法大学,2024,四川,本科批B段,理科,,,620,1669,
16001,中国政法大学,2024,四川,本科批B段,理科,,,620,1669,
1602,北方工业大学,2024,四川,本科批B段,理科,,,557,55901,
1602001,北方工业大学,2024,四川,本科批B段,理科,,,557,55901,
1603,河北工业大学,2024,四川,本科批B段,理科,,,597,28248,
1603001,河北工业大学,2024,四川,本科批B段,理科,,,597,28248,
1609,天津外国语大学,2024,四川,本科批B段,理科,,,539,81017,
1609001,天津外国语大学,2024,四川,本科批B段,理科,,,539,81017,
1614,河北金融学院,2024,四川,本科批B段,理科,,,504,130043,
1614001,河北金融学院,2024,四川,本科批B段,理科,,,504,130043,
17,南开大学,2024,四川,本科批B段,理科,,,658,1563,
17001,南开大学,2024,四川,本科批B段,理科,,,658,1563,
1701,天津科技大学,2024,四川,本科批B段,理科,,,544,77468,
1701001,天津科技大学,2024,四川,本科批B段,理科,,,544,77468,
1716,天津城建大学,2024,四川,本科批B段,理科,,,467,144724,
1716001,天津城建大学,2024,四川,本科批B段,理科,,,467,144724,
1751,河北工业职业技术大学,2024,四川,本科批B段,理科,,,501,130043,
1751001,河北工业职业技术大学,2024,四川,本科批B段,理科,,,501,130043,
1752,河北科技工程职业技术大学,2024,四川,本科批B段,理科,,,500,121474,
1752001,河北科技工程职业技术大学,2024,四川,本科批B段,理科,,,500,121474,
1753,河北石油职业技术大学,2024,四川,本科批B段,理科,,,503,110543,
1753001,河北石油职业技术大学,2024,四川,本科批B段,理科,,,503,110543,
1797,天津财经大学珠江学院,2024,四川,本科批B段,理科,,,462,190094,
1797001,天津财经大学珠江学院,2024,四川,本科批B段,理科,,,462,190094,
18,天津大学,2024,四川,本科批B段,理科,,,605,2456,
18001,天津大学,2024,四川,本科批B段,理科,,,649,2456,
1809,天津外国语大学,2024,四川,本科批B段,理科,,,541,81017,
1809001,天津外国语大学,2024,四川,本科批B段,理科,,,541,81017,
1832,河北地质大学华信学院,2024,四川,本科批B段,理科,,,469,173422,
1832001,河北地质大学华信学院,2024,四川,本科批B段,理科,,,469,173422,
1834,保定理工学院,2024,四川,本科批B段,理科,,,472,171949,
1834001,保定理工学院,2024,四川,本科批B段,理科,,,472,171949,
1835,北京中医药大学东方学院,2024,四川,本科批B段,理科,,,515,111900,
1835001,北京中医药大学东方学院,2024,四川,本科批B段,理科,,,515,111900,
1845,沧州师范学院,2024,四川,本科批B段,理科,,,477,127159,
1845001,沧州师范学院,2024,四川,本科批B段,理科,,,477,127159,
19,大连理工大学,2024,四川,本科批B段,理科,,,652,3130,
19001,大连理工大学,2024,四川,本科批B段,理科,,,652,3130,
1907,山西医科大学,2024,四川,本科批B段,理科,,,529,57912,
1907001,山西医科大学,2024,四川,本科批B段,理科,,,529,57912,
1909,山西科技学院,2024,四川,本科批B段,理科,,,517,106510,
1909001,山西科技学院,2024,四川,本科批B段,理科,,,517,106510,
1913,山西工程科技职业大学,2024,四川,本科批B段,理科,,,501,132951,
1913001,山西工程科技职业大学,2024,四川,本科批B段,理科,,,501,132951,
1914,燕山大学,2024,四川,本科批B段,理科,,,561,47451,
1914001,燕山大学,2024,四川,本科批B段,理科,,,561,47451,
1916,忻州师范学院,2024,四川,本科批B段,理科,,,503,131486,
1916001,忻州师范学院,2024,四川,本科批B段,理科,,,503,131486,
2,中国人民大学,2024,四川,本科批B段,理科,,,672,152,
20,东北大学,2024,四川,本科批B段,理科,,,581,6240,
20001,东北大学,2024,四川,本科批B段,理科,,,632,6240,
2001,中国人民大学,2024,四川,本科批B段,理科,,,672,152,
21,吉林大学,2024,四川,本科批B段,理科,,,567,3312,
21001,吉林大学,2024,四川,本科批B段,理科,,,601,3312,
2101,沈阳工业大学,2024,四川,本科批B段,理科,,,520,31002,
2101001,沈阳工业大学,2024,四川,本科批B段,理科,,,542,31002,
2101002,沈阳工业大学,2024,四川,本科批B段,理科,,,520,81017,
2102,沈阳航空航天大学,2024,四川,本科批B段,理科,,,560,25601,
2102001,沈阳航空航天大学,2024,四川,本科批B段,理科,,,560,25601,
2103,沈阳理工大学,2024,四川,本科批B段,理科,,,540,53929,
2103001,沈阳理工大学,2024,四川,本科批B段,理科,,,561,53929,
2103002,沈阳理工大学,2024,四川,本科批B段,理科,,,540,55901,
2104,辽宁大学,2024,四川,本科批B段,理科,,,591,20827,
2104001,辽宁大学,2024,四川,本科批B段,理科,,,591,20827,
2105,辽宁科技大学,2024,四川,本科批B段,理科,,,535,68319,
2105001,辽宁科技大学,2024,四川,本科批B段,理科,,,546,68319,
2105002,辽宁科技大学,2024,四川,本科批B段,理科,,,535,76347,
2106,辽宁工程技术大学,2024,四川,本科批B段,理科,,,550,57912,
2106001,辽宁工程技术大学,2024,四川,本科批B段,理科,,,550,57912,
2107,辽宁石油化工大学,2024,四川,本科批B段,理科,,,503,81017,
2107001,辽宁石油化工大学,2024,四川,本科批B段,理科,,,526,81017,
2108,沈阳化工大学,2024,四川,本科批B段,理科,,,532,76347,
2108001,沈阳化工大学,2024,四川,本科批B段,理科,,,532,76347,
2109,大连交通大学,2024,四川,本科批B段,理科,,,564,46505,
2109001,大连交通大学,2024,四川,本科批B段,理科,,,564,46505,
211,北京师范大学,2024,四川,本科批B段,理科,,,645,5444,
2110,沈阳大学,2024,四川,本科批B段,理科,,,521,94628,
2110001,沈阳大学,2024,四川,本科批B段,理科,,,521,94628,
211001,北京师范大学,2024,四川,本科批B段,理科,,,645,5444,
2111,大连工业大学,2024,四川,本科批B段,理科,,,498,74037,
2111001,大连工业大学,2024,四川,本科批B段,理科,,,498,74037,
2112,沈阳建筑大学,2024,四川,本科批B段,理科,,,548,61000,
2112001,沈阳建筑大学,2024,四川,本科批B段,理科,,,548,61000,
2113,沈阳体育学院,2024,四川,本科批B段,理科,,,492,144724,
2113001,沈阳体育学院,2024,四川,本科批B段,理科,,,492,144724,
2115,沈阳农业大学,2024,四川,本科批B段,理科,,,549,57912,
2115001,沈阳农业大学,2024,四川,本科批B段,理科,,,549,57912,
2116,大连海洋大学,2024,四川,本科批B段,理科,,,518,101095,
2116001,大连海洋大学,2024,四川,本科批B段,理科,,,518,101095,
2117,中国医科大学,2024,四川,本科批B段,理科,,,597,5211,
2117001,中国医科大学,2024,四川,本科批B段,理科,,,597,5211,
2118,锦州医科大学,2024,四川,本科批B段,理科,,,501,64020,
2118001,锦州医科大学,2024,四川,本科批B段,理科,,,501,64020,
2119,大连医科大学,2024,四川,本科批B段,理科,,,597,10024,
2119001,大连医科大学,2024,四川,本科批B段,理科,,,597,10024,
2120,大连外国语大学,2024,四川,本科批B段,理科,,,539,56909,
2120001,大连外国语大学,2024,四川,本科批B段,理科,,,539,56909,
2121,沈阳药科大学,2024,四川,本科批B段,理科,,,539,34790,
2121001,沈阳药科大学,2024,四川,本科批B段,理科,,,539,34790,
2122,辽宁中医药大学,2024,四川,本科批B段,理科,,,521,69408,
2122001,辽宁中医药大学,2024,四川,本科批B段,理科,,,521,69408,
2123,辽宁师范大学,2024,四川,本科批B段,理科,,,522,82156,
2123001,辽宁师范大学,2024,四川,本科批B段,理科,,,522,82156,
2124,沈阳师范大学,2024,四川,本科批B段,理科,,,492,113261,
2124001,沈阳师范大学,2024,四川,本科批B段,理科,,,492,113261,
2125,渤海大学,2024,四川,本科批B段,理科,,,525,83354,
2125001,渤海大学,2024,四川,本科批B段,理科,,,525,83354,
2126,东北财经大学,2024,四川,本科批B段,理科,,,587,21956,
2126001,东北财经大学,2024,四川,本科批B段,理科,,,587,21956,
2127,鞍山师范学院,2024,四川,本科批B段,理科,,,501,131486,
2127001,鞍山师范学院,2024,四川,本科批B段,理科,,,501,131486,
2131,沈阳城市学院,2024,四川,本科批B段,理科,,,459,188810,
2131001,沈阳城市学院,2024,四川,本科批B段,理科,,,459,188810,
2134,沈阳医学院,2024,四川,本科批B段,理科,,,459,52970,
2134001,沈阳医学院,2024,四川,本科批B段,理科,,,459,52970,
2135,大连大学,2024,四川,本科批B段,理科,,,470,79761,
2135001,大连大学,2024,四川,本科批B段,理科,,,470,79761,
2136,辽宁科技学院,2024,四川,本科批B段,理科,,,506,106510,
2136001,辽宁科技学院,2024,四川,本科批B段,理科,,,506,106510,
2139,辽宁工业大学,2024,四川,本科批B段,理科,,,501,85806,
2139001,辽宁工业大学,2024,四川,本科批B段,理科,,,501,85806,
2140,沈阳大学,2024,四川,本科批B段,理科,,,517,107830,
2140001,沈阳大学,2024,四川,本科批B段,理科,,,517,107830,
2143,营口理工学院,2024,四川,本科批B段,理科,,,502,118741,
2143001,营口理工学院,2024,四川,本科批B段,理科,,,502,118741,
2145,沈阳工程学院,2024,四川,本科批B段,理科,,,497,40367,
2145001,沈阳工程学院,2024,四川,本科批B段,理科,,,497,40367,
2159,辽东学院,2024,四川,本科批B段,理科,,,501,130043,
2159001,辽东学院,2024,四川,本科批B段,理科,,,501,130043,
2160,辽宁对外经贸学院,2024,四川,本科批B段,理科,,,459,184656,
2160001,辽宁对外经贸学院,2024,四川,本科批B段,理科,,,459,184656,
2175,辽宁传媒学院,2024,四川,本科批B段,理科,,,460,191450,
2175001,辽宁传媒学院,2024,四川,本科批B段,理科,,,460,191450,
2182,大连医科大学中山学院,2024,四川,本科批B段,理科,,,466,84610,
2182001,大连医科大学中山学院,2024,四川,本科批B段,理科,,,466,84610,
2183,大连财经学院,2024,四川,本科批B段,理科,,,463,180581,
2183001,大连财经学院,2024,四川,本科批B段,理科,,,463,180581,
2184,沈阳科技学院,2024,四川,本科批B段,理科,,,464,180581,
2184001,沈阳科技学院,2024,四川,本科批B段,理科,,,464,180581,
2188,大连东软信息学院,2024,四川,本科批B段,理科,,,465,182021,
2188001,大连东软信息学院,2024,四川,本科批B段,理科,,,465,182021,
2189,辽宁理工学院,2024,四川,本科批B段,理科,,,456,171949,
2189001,辽宁理工学院,2024,四川,本科批B段,理科,,,456,171949,
2190,大连科技学院,2024,四川,本科批B段,理科,,,469,180581,
2190001,大连科技学院,2024,四川,本科批B段,理科,,,469,180581,
2191,辽宁何氏医学院,2024,四川,本科批B段,理科,,,459,105171,
2191001,辽宁何氏医学院,2024,四川,本科批B段,理科,,,459,105171,
2192,沈阳工学院,2024,四川,本科批B段,理科,,,470,144724,
2192001,沈阳工学院,2024,四川,本科批B段,理科,,,470,144724,
2194,锦州医科大学医疗学院,2024,四川,本科批B段,理科,,,459,105171,
2194001,锦州医科大学医疗学院,2024,四川,本科批B段,理科,,,459,105171,
2195,辽宁中医药大学杏林学院,2024,四川,本科批B段,理科,,,499,135858,
2195001,辽宁中医药大学杏林学院,2024,四川,本科批B段,理科,,,499,135858,
2196,沈阳城市建设学院,2024,四川,本科批B段,理科,,,462,184656,
2196001,沈阳城市建设学院,2024,四川,本科批B段,理科,,,462,184656,
2197,大连工业大学艺术与信息工程学院,2024,四川,本科批B段,理科,,,463,183371,
2197001,大连工业大学艺术与信息工程学院,2024,四川,本科批B段,理科,,,463,183371,
2199,大连理工大学城市学院,2024,四川,本科批B段,理科,,,465,173422,
2199001,大连理工大学城市学院,2024,四川,本科批B段,理科,,,459,173422,
22,东北师范大学,2024,四川,本科批B段,理科,,,580,14632,
22001,东北师范大学,2024,四川,本科批B段,理科,,,599,14632,
2201,长春理工大学,2024,四川,本科批B段,理科,,,544,18625,
2201001,长春理工大学,2024,四川,本科批B段,理科,,,544,18625,
2202,延边大学,2024,四川,本科批B段,理科,,,571,32470,
2202001,延边大学,2024,四川,本科批B段,理科,,,571,32470,
2203,东北电力大学,2024,四川,本科批B段,理科,,,568,24323,
2203001,东北电力大学,2024,四川,本科批B段,理科,,,568,24323,
2205,长春工业大学,2024,四川,本科批B段,理科,,,526,75136,
2205001,长春工业大学,2024,四川,本科批B段,理科,,,526,75136,
2206,吉林建筑大学,2024,四川,本科批B段,理科,,,509,105171,
2206001,吉林建筑大学,2024,四川,本科批B段,理科,,,509,105171,
2207,吉林化工学院,2024,四川,本科批B段,理科,,,505,105171,
2207001,吉林化工学院,2024,四川,本科批B段,理科,,,505,105171,
2208,吉林农业大学,2024,四川,本科批B段,理科,,,516,75136,
2208001,吉林农业大学,2024,四川,本科批B段,理科,,,516,75136,
2211,长春中医药大学,2024,四川,本科批B段,理科,,,547,32470,
2211001,长春中医药大学,2024,四川,本科批B段,理科,,,547,32470,
2213,通化师范学院,2024,四川,本科批B段,理科,,,499,131486,
2213001,通化师范学院,2024,四川,本科批B段,理科,,,499,131486,
2214,吉林师范大学,2024,四川,本科批B段,理科,,,520,90739,
2214001,吉林师范大学,2024,四川,本科批B段,理科,,,520,90739,
2215,吉林工程技术师范学院,2024,四川,本科批B段,理科,,,497,135858,
2215001,吉林工程技术师范学院,2024,四川,本科批B段,理科,,,497,135858,
2216,长春师范大学,2024,四川,本科批B段,理科,,,508,110543,
2216001,长春师范大学,2024,四川,本科批B段,理科,,,508,110543,
2217,白城师范学院,2024,四川,本科批B段,理科,,,500,127159,
2217001,白城师范学院,2024,四川,本科批B段,理科,,,500,127159,
2218,吉林财经大学,2024,四川,本科批B段,理科,,,523,76347,
2218001,吉林财经大学,2024,四川,本科批B段,理科,,,523,76347,
2220,吉林工商学院,2024,四川,本科批B段,理科,,,501,125728,
2220001,吉林工商学院,2024,四川,本科批B段,理科,,,501,125728,
2225,长春汽车职业技术大学,2024,四川,本科批B段,理科,,,499,134379,
2225001,长春汽车职业技术大学,2024,四川,本科批B段,理科,,,499,134379,
2226,吉林农业科技学院,2024,四川,本科批B段,理科,,,502,111900,
2226001,吉林农业科技学院,2024,四川,本科批B段,理科,,,502,111900,
2230,长春大学,2024,四川,本科批B段,理科,,,498,93315,
2230001,长春大学,2024,四川,本科批B段,理科,,,498,93315,
2235,北华大学,2024,四川,本科批B段,理科,,,502,88281,
2235001,北华大学,2024,四川,本科批B段,理科,,,502,88281,
2237,长春工程学院,2024,四川,本科批B段,理科,,,507,68319,
2237001,长春工程学院,2024,四川,本科批B段,理科,,,507,68319,
2241,吉林医药学院,2024,四川,本科批B段,理科,,,460,92017,
2241001,吉林医药学院,2024,四川,本科批B段,理科,,,460,92017,
2279,吉林外国语大学,2024,四川,本科批B段,理科,,,478,151891,
2279001,吉林外国语大学,2024,四川,本科批B段,理科,,,478,151891,
2283,长春财经学院,2024,四川,本科批B段,理科,,,466,182021,
2283001,长春财经学院,2024,四川,本科批B段,理科,,,466,182021,
2284,长春科技学院,2024,四川,本科批B段,理科,,,491,137269,
2284001,长春科技学院,2024,四川,本科批B段,理科,,,491,137269,
2285,长春建筑学院,2024,四川,本科批B段,理科,,,466,180581,
2285001,长春建筑学院,2024,四川,本科批B段,理科,,,466,180581,
2288,长春工业大学人文信息学院,2024,四川,本科批B段,理科,,,463,184656,
2288001,长春工业大学人文信息学院,2024,四川,本科批B段,理科,,,463,184656,
2289,吉林师范大学博达学院,2024,四川,本科批B段,理科,,,468,171949,
2289001,吉林师范大学博达学院,2024,四川,本科批B段,理科,,,468,171949,
2290,长春光华学院,2024,四川,本科批B段,理科,,,464,183371,
2290001,长春光华学院,2024,四川,本科批B段,理科,,,464,183371,
2291,长春人文学院,2024,四川,本科批B段,理科,,,462,186060,
2291001,长春人文学院,2024,四川,本科批B段,理科,,,462,186060,
2292,长春电子科技学院,2024,四川,本科批B段,理科,,,472,173422,
2292001,长春电子科技学院,2024,四川,本科批B段,理科,,,472,173422,
2293,长春大学旅游学院,2024,四川,本科批B段,理科,,,459,182021,
2293001,长春大学旅游学院,2024,四川,本科批B段,理科,,,459,182021,
2295,吉林警察学院,2024,四川,本科批B段,理科,,,516,101095,
2295001,吉林警察学院,2024,四川,本科批B段,理科,,,516,101095,
23,东北林业大学,2024,四川,本科批B段,理科,,,543,18113,
23001,东北林业大学,2024,四川,本科批B段,理科,,,543,18113,
2301,黑龙江大学,2024,四川,本科批B段,理科,,,550,61000,
2301001,黑龙江大学,2024,四川,本科批B段,理科,,,550,61000,
2305,黑龙江科技大学,2024,四川,本科批B段,理科,,,500,74037,
2305001,黑龙江科技大学,2024,四川,本科批B段,理科,,,500,74037,
2306,东北石油大学,2024,四川,本科批B段,理科,,,546,36338,
2306001,东北石油大学,2024,四川,本科批B段,理科,,,546,36338,
2307,齐齐哈尔大学,2024,四川,本科批B段,理科,,,500,102420,
2307001,齐齐哈尔大学,2024,四川,本科批B段,理科,,,500,102420,
2308,哈尔滨医科大学,2024,四川,本科批B段,理科,,,524,7997,
2308001,哈尔滨医科大学,2024,四川,本科批B段,理科,,,573,7997,
2308002,哈尔滨医科大学,2024,四川,本科批B段,理科,,,524,90739,
2309,东北农业大学,2024,四川,本科批B段,理科,,,567,24323,
2309001,东北农业大学,2024,四川,本科批B段,理科,,,567,24323,
2311,哈尔滨师范大学,2024,四川,本科批B段,理科,,,518,66147,
2311001,哈尔滨师范大学,2024,四川,本科批B段,理科,,,543,66147,
2311002,哈尔滨师范大学,2024,四川,本科批B段,理科,,,518,83354,
2312,大庆师范学院,2024,四川,本科批B段,理科,,,498,131486,
2312001,大庆师范学院,2024,四川,本科批B段,理科,,,498,131486,
2313,绥化学院,2024,四川,本科批B段,理科,,,500,130043,
2313001,绥化学院,2024,四川,本科批B段,理科,,,500,130043,
2317,哈尔滨商业大学,2024,四川,本科批B段,理科,,,512,74037,
2317001,哈尔滨商业大学,2024,四川,本科批B段,理科,,,539,74037,
2317002,哈尔滨商业大学,2024,四川,本科批B段,理科,,,512,103768,
2318,牡丹江师范学院,2024,四川,本科批B段,理科,,,501,127159,
2318001,牡丹江师范学院,2024,四川,本科批B段,理科,,,501,127159,
2319,哈尔滨金融学院,2024,四川,本科批B段,理科,,,502,107830,
2319001,哈尔滨金融学院,2024,四川,本科批B段,理科,,,502,107830,
2321,佳木斯大学,2024,四川,本科批B段,理科,,,499,115972,
2321001,佳木斯大学,2024,四川,本科批B段,理科,,,499,115972,
2322,黑龙江工业学院,2024,四川,本科批B段,理科,,,499,131486,
2322001,黑龙江工业学院,2024,四川,本科批B段,理科,,,499,131486,
2323,齐齐哈尔医学院,2024,四川,本科批B段,理科,,,459,71745,
2323001,齐齐哈尔医学院,2024,四川,本科批B段,理科,,,459,71745,
2324,哈尔滨石油学院,2024,四川,本科批B段,理科,,,466,180581,
2324001,哈尔滨石油学院,2024,四川,本科批B段,理科,,,466,180581,
2325,黑龙江八一农垦大学,2024,四川,本科批B段,理科,,,509,87003,
2325001,黑龙江八一农垦大学,2024,四川,本科批B段,理科,,,509,87003,
2326,黑龙江财经学院,2024,四川,本科批B段,理科,,,463,184656,
2326001,黑龙江财经学院,2024,四川,本科批B段,理科,,,463,184656,
2327,哈尔滨理工大学,2024,四川,本科批B段,理科,,,567,34790,
2327001,哈尔滨理工大学,2024,四川,本科批B段,理科,,,567,34790,
2329,牡丹江医科大学,2024,四川,本科批B段,理科,,,459,59985,
2329001,牡丹江医科大学,2024,四川,本科批B段,理科,,,459,59985,
233,东南大学,2024,四川,本科批B段,理科,,,647,5211,
2330,哈尔滨学院,2024,四川,本科批B段,理科,,,502,125728,
2330001,哈尔滨学院,2024,四川,本科批B段,理科,,,502,125728,
233001,东南大学,2024,四川,本科批B段,理科,,,647,5211,
2331,黑龙江工程学院,2024,四川,本科批B段,理科,,,508,105171,
2331001,黑龙江工程学院,2024,四川,本科批B段,理科,,,508,105171,
2336,齐齐哈尔工程学院,2024,四川,本科批B段,理科,,,463,180581,
2336001,齐齐哈尔工程学院,2024,四川,本科批B段,理科,,,463,180581,
2339,黑河学院,2024,四川,本科批B段,理科,,,500,118741,
2339001,黑河学院,2024,四川,本科批B段,理科,,,500,118741,
2358,东北农业大学,2024,四川,本科批B段,理科,,,550,62014,
2358001,东北农业大学,2024,四川,本科批B段,理科,,,550,62014,
2361,渤海大学,2024,四川,本科批B段,理科,,,520,107830,
2361001,渤海大学,2024,四川,本科批B段,理科,,,520,107830,
2363,辽宁大学,2024,四川,本科批B段,理科,,,568,52000,
2363001,辽宁大学,2024,四川,本科批B段,理科,,,568,52000,
2371,哈尔滨信息工程学院,2024,四川,本科批B段,理科,,,464,180581,
2371001,哈尔滨信息工程学院,2024,四川,本科批B段,理科,,,464,180581,
2375,辽宁大学,2024,四川,本科批B段,理科,,,577,43810,
2375001,辽宁大学,2024,四川,本科批B段,理科,,,577,43810,
2377,中国医科大学,2024,四川,本科批B段,理科,,,572,48337,
2377001,中国医科大学,2024,四川,本科批B段,理科,,,572,48337,
2378,沈阳理工大学,2024,四川,本科批B段,理科,,,534,88281,
2378001,沈阳理工大学,2024,四川,本科批B段,理科,,,534,88281,
2380,锦州医科大学,2024,四川,本科批B段,理科,,,518,110543,
2380001,锦州医科大学,2024,四川,本科批B段,理科,,,518,110543,
2382,辽宁大学,2024,四川,本科批B段,理科,,,580,35537,
2382001,辽宁大学,2024,四川,本科批B段,理科,,,580,35537,
2383,长春理工大学,2024,四川,本科批B段,理科,,,549,71745,
2383001,长春理工大学,2024,四川,本科批B段,理科,,,549,71745,
2384,长春大学,2024,四川,本科批B段,理科,,,495,120142,
2384001,长春大学,2024,四川,本科批B段,理科,,,495,120142,
2385,哈尔滨远东理工学院,2024,四川,本科批B段,理科,,,464,184656,
2385001,哈尔滨远东理工学院,2024,四川,本科批B段,理科,,,464,184656,
2386,黑龙江外国语学院,2024,四川,本科批B段,理科,,,461,191450,
2386001,黑龙江外国语学院,2024,四川,本科批B段,理科,,,461,191450,
2387,沈阳理工大学,2024,四川,本科批B段,理科,,,504,130043,
2387001,沈阳理工大学,2024,四川,本科批B段,理科,,,504,130043,
2388,哈尔滨广厦学院,2024,四川,本科批B段,理科,,,463,171949,
2388001,哈尔滨广厦学院,2024,四川,本科批B段,理科,,,463,171949,
2389,黑龙江工程学院昆仑旅游学院,2024,四川,本科批B段,理科,,,460,186060,
2389001,黑龙江工程学院昆仑旅游学院,2024,四川,本科批B段,理科,,,460,186060,
2391,黑龙江东方学院,2024,四川,本科批B段,理科,,,465,180581,
2391001,黑龙江东方学院,2024,四川,本科批B段,理科,,,465,180581,
2392,哈尔滨剑桥学院,2024,四川,本科批B段,理科,,,461,188810,
2392001,哈尔滨剑桥学院,2024,四川,本科批B段,理科,,,461,188810,
2394,哈尔滨华德学院,2024,四川,本科批B段,理科,,,462,183371,
2394001,哈尔滨华德学院,2024,四川,本科批B段,理科,,,462,183371,
24,复旦大学,2024,四川,本科批B段,理科,,,685,131,
24001,复旦大学,2024,四川,本科批B段,理科,,,685,131,
2402,沈阳航空航天大学,2024,四川,本科批B段,理科,,,546,62014,
2402001,沈阳航空航天大学,2024,四川,本科批B段,理科,,,546,62014,
2444,黑龙江中医药大学,2024,四川,本科批B段,理科,,,519,42941,
2444001,黑龙江中医药大学,2024,四川,本科批B段,理科,,,547,42941,
2444002,黑龙江中医药大学,2024,四川,本科批B段,理科,,,519,97206,
2445,黑龙江工商学院,2024,四川,本科批B段,理科,,,461,184656,
2445001,黑龙江工商学院,2024,四川,本科批B段,理科,,,461,184656,
25,同济大学,2024,四川,本科批B段,理科,,,645,741,
25001,同济大学,2024,四川,本科批B段,理科,,,667,741,
2511,大连工业大学,2024,四川,本科批B段,理科,,,523,103768,
2511001,大连工业大学,2024,四川,本科批B段,理科,,,523,103768,
2524,沈阳师范大学,2024,四川,本科批B段,理科,,,513,103768,
2524001,沈阳师范大学,2024,四川,本科批B段,理科,,,513,103768,
2530,长春大学,2024,四川,本科批B段,理科,,,510,114610,
2530001,长春大学,2024,四川,本科批B段,理科,,,510,114610,
2541,吉林医药学院,2024,四川,本科批B段,理科,,,498,138841,
2541001,吉林医药学院,2024,四川,本科批B段,理科,,,498,138841,
2555,辽宁理工职业大学,2024,四川,本科批B段,理科,,,459,183371,
2555001,辽宁理工职业大学,2024,四川,本科批B段,理科,,,459,183371,
2562,辽宁师范大学海华学院,2024,四川,本科批B段,理科,,,467,173422,
2562001,辽宁师范大学海华学院,2024,四川,本科批B段,理科,,,467,173422,
2564,辽宁财贸学院,2024,四川,本科批B段,理科,,,467,183371,
2564001,辽宁财贸学院,2024,四川,本科批B段,理科,,,467,183371,
26,上海交通大学,2024,四川,本科批B段,理科,,,695,85,
26001,上海交通大学,2024,四川,本科批B段,理科,,,695,85,
2601,长春理工大学,2024,四川,本科批B段,理科,,,555,64020,
2601001,长春理工大学,2024,四川,本科批B段,理科,,,555,64020,
2616,长春师范大学,2024,四川,本科批B段,理科,,,510,121474,
2616001,长春师范大学,2024,四川,本科批B段,理科,,,510,121474,
2625,渤海大学,2024,四川,本科批B段,理科,,,532,92017,
2625001,渤海大学,2024,四川,本科批B段,理科,,,532,92017,
2635,北华大学,2024,四川,本科批B段,理科,,,494,132951,
2635001,北华大学,2024,四川,本科批B段,理科,,,494,132951,
2637,长春工程学院,2024,四川,本科批B段,理科,,,504,118741,
2637001,长春工程学院,2024,四川,本科批B段,理科,,,504,118741,
27,华东理工大学,2024,四川,本科批B段,理科,,,628,8970,
27001,华东理工大学,2024,四川,本科批B段,理科,,,628,8970,
28,东华大学,2024,四川,本科批B段,理科,,,572,12825,
28001,东华大学,2024,四川,本科批B段,理科,,,618,12825,
2803,渤海大学,2024,四川,本科批B段,理科,,,503,131486,
2803001,渤海大学,2024,四川,本科批B段,理科,,,503,131486,
29,华东师范大学,2024,四川,本科批B段,理科,,,644,2616,
29001,华东师范大学,2024,四川,本科批B段,理科,,,644,2616,
2905,长春工业大学,2024,四川,本科批B段,理科,,,524,99813,
2905001,长春工业大学,2024,四川,本科批B段,理科,,,524,99813,
2911,长春中医药大学,2024,四川,本科批B段,理科,,,506,127159,
2911001,长春中医药大学,2024,四川,本科批B段,理科,,,506,127159,
2926,东北财经大学,2024,四川,本科批B段,理科,,,569,39504,
2926001,东北财经大学,2024,四川,本科批B段,理科,,,569,39504,
3,清华大学,2024,四川,本科批B段,理科,,,696,63,
30,上海外国语大学,2024,四川,本科批B段,理科,,,615,15090,
30001,上海外国语大学,2024,四川,本科批B段,理科,,,615,15090,
3001,清华大学,2024,四川,本科批B段,理科,,,696,63,
301,北京航空航天大学,2024,四川,本科批B段,理科,,,673,228,
301001,北京航空航天大学,2024,四川,本科批B段,理科,,,673,228,
302,北京理工大学,2024,四川,本科批B段,理科,,,662,671,
302001,北京理工大学,2024,四川,本科批B段,理科,,,662,671,
31,上海财经大学,2024,四川,本科批B段,理科,,,635,4072,
310,北京体育大学,2024,四川,本科批B段,理科,,,572,28929,
310001,北京体育大学,2024,四川,本科批B段,理科,,,572,28929,
31001,上海财经大学,2024,四川,本科批B段,理科,,,635,4072,
3101,上海理工大学,2024,四川,本科批B段,理科,,,578,23113,
3101001,上海理工大学,2024,四川,本科批B段,理科,,,598,23113,
3103,上海海事大学,2024,四川,本科批B段,理科,,,536,28929,
3103001,上海海事大学,2024,四川,本科批B段,理科,,,576,28929,
3105,上海电力大学,2024,四川,本科批B段,理科,,,581,16551,
3105001,上海电力大学,2024,四川,本科批B段,理科,,,604,16551,
3107,上海应用技术大学,2024,四川,本科批B段,理科,,,509,26240,
3107001,上海应用技术大学,2024,四川,本科批B段,理科,,,548,26240,
3109,上海健康医学院,2024,四川,本科批B段,理科,,,521,47451,
3109001,上海健康医学院,2024,四川,本科批B段,理科,,,562,47451,
3109002,上海健康医学院,2024,四川,本科批B段,理科,,,521,94628,
3111,上海海洋大学,2024,四川,本科批B段,理科,,,555,29596,
3111001,上海海洋大学,2024,四川,本科批B段,理科,,,556,29596,
3112,上海中医药大学,2024,四川,本科批B段,理科,,,550,12394,
3112001,上海中医药大学,2024,四川,本科批B段,理科,,,550,12394,
3113,上海师范大学,2024,四川,本科批B段,理科,,,541,35537,
3113001,上海师范大学,2024,四川,本科批B段,理科,,,541,35537,
3115,上海体育大学,2024,四川,本科批B段,理科,,,535,84610,
3115001,上海体育大学,2024,四川,本科批B段,理科,,,535,84610,
3117,上海对外经贸大学,2024,四川,本科批B段,理科,,,563,24964,
3117001,上海对外经贸大学,2024,四川,本科批B段,理科,,,574,24964,
3118,华东政法大学,2024,四川,本科批B段,理科,,,565,6530,
3118001,华东政法大学,2024,四川,本科批B段,理科,,,565,6530,
3122,上海戏剧学院,2024,四川,本科批B段,理科,,,571,39504,
3122001,上海戏剧学院,2024,四川,本科批B段,理科,,,571,39504,
3123,上海政法学院,2024,四川,本科批B段,理科,,,528,21956,
3123001,上海政法学院,2024,四川,本科批B段,理科,,,541,21956,
3124,上海电机学院,2024,四川,本科批B段,理科,,,514,59985,
3124001,上海电机学院,2024,四川,本科批B段,理科,,,555,59985,
3124002,上海电机学院,2024,四川,本科批B段,理科,,,539,78624,
3125,上海工程技术大学,2024,四川,本科批B段,理科,,,517,40367,
3125001,上海工程技术大学,2024,四川,本科批B段,理科,,,574,40367,
3125002,上海工程技术大学,2024,四川,本科批B段,理科,,,537,69408,
3126,上海立信会计金融学院,2024,四川,本科批B段,理科,,,517,51035,
3126001,上海立信会计金融学院,2024,四川,本科批B段,理科,,,568,51035,
3126002,上海立信会计金融学院,2024,四川,本科批B段,理科,,,517,71745,
3137,上海大学,2024,四川,本科批B段,理科,,,543,10413,
3137001,上海大学,2024,四川,本科批B段,理科,,,623,10413,
3140,上海杉达学院,2024,四川,本科批B段,理科,,,459,124295,
3140001,上海杉达学院,2024,四川,本科批B段,理科,,,459,124295,
315,中央民族大学,2024,四川,本科批B段,理科,,,596,11590,
315001,中央民族大学,2024,四川,本科批B段,理科,,,617,11590,
3154,上海商学院,2024,四川,本科批B段,理科,,,476,92017,
3154001,上海商学院,2024,四川,本科批B段,理科,,,517,92017,
3155,上海第二工业大学,2024,四川,本科批B段,理科,,,470,41194,
3155001,上海第二工业大学,2024,四川,本科批B段,理科,,,567,41194,
3155002,上海第二工业大学,2024,四川,本科批B段,理科,,,537,77468,
3157,上海建桥学院,2024,四川,本科批B段,理科,,,463,166346,
3157001,上海建桥学院,2024,四川,本科批B段,理科,,,463,166346,
3165,上海中侨职业技术大学,2024,四川,本科批B段,理科,,,459,177723,
3165001,上海中侨职业技术大学,2024,四川,本科批B段,理科,,,459,177723,
317,华北电力大学(北京),2024,四川,本科批B段,理科,,,622,7997,
317001,华北电力大学(北京),2024,四川,本科批B段,理科,,,622,7997,
3172,上海立达学院,2024,四川,本科批B段,理科,,,459,183371,
3172001,上海立达学院,2024,四川,本科批B段,理科,,,459,183371,
3192,上海视觉艺术学院,2024,四川,本科批B段,理科,,,469,180581,
3192001,上海视觉艺术学院,2024,四川,本科批B段,理科,,,469,180581,
3193,上海外国语大学贤达经济人文学院,2024,四川,本科批B段,理科,,,459,121474,
3193001,上海外国语大学贤达经济人文学院,2024,四川,本科批B段,理科,,,459,121474,
3194,上海师范大学天华学院,2024,四川,本科批B段,理科,,,464,170539,
3194001,上海师范大学天华学院,2024,四川,本科批B段,理科,,,464,170539,
3195,上海兴伟学院,2024,四川,本科批B段,理科,,,459,194087,
3195001,上海兴伟学院,2024,四川,本科批B段,理科,,,459,194087,
32,南京大学,2024,四川,本科批B段,理科,,,672,316,
320,中国民航大学,2024,四川,本科批B段,理科,,,588,15562,
320001,中国民航大学,2024,四川,本科批B段,理科,,,588,15562,
32001,南京大学,2024,四川,本科批B段,理科,,,672,316,
3201,苏州大学,2024,四川,本科批B段,理科,,,621,4759,
3201001,苏州大学,2024,四川,本科批B段,理科,,,621,4759,
3202,南京医科大学,2024,四川,本科批B段,理科,,,626,4072,
3202001,南京医科大学,2024,四川,本科批B段,理科,,,626,4072,
3204,江苏师范大学,2024,四川,本科批B段,理科,,,533,75136,
3204001,江苏师范大学,2024,四川,本科批B段,理科,,,533,75136,
3205,江苏科技大学,2024,四川,本科批B段,理科,,,552,31002,
3205001,江苏科技大学,2024,四川,本科批B段,理科,,,552,31002,
3206,南京财经大学,2024,四川,本科批B段,理科,,,547,28248,
3206001,南京财经大学,2024,四川,本科批B段,理科,,,547,28248,
3207,南京工业大学,2024,四川,本科批B段,理科,,,581,20827,
3207001,南京工业大学,2024,四川,本科批B段,理科,,,581,20827,
3208,常州大学,2024,四川,本科批B段,理科,,,543,52970,
3208001,常州大学,2024,四川,本科批B段,理科,,,543,52970,
3209,南京邮电大学,2024,四川,本科批B段,理科,,,618,9672,
3209001,南京邮电大学,2024,四川,本科批B段,理科,,,618,9672,
3211,南京林业大学,2024,四川,本科批B段,理科,,,542,26240,
3211001,南京林业大学,2024,四川,本科批B段,理科,,,542,26240,
3212,江苏大学,2024,四川,本科批B段,理科,,,592,20827,
3212001,江苏大学,2024,四川,本科批B段,理科,,,592,20827,
3213,南京信息工程大学,2024,四川,本科批B段,理科,,,582,14632,
3213001,南京信息工程大学,2024,四川,本科批B段,理科,,,582,14632,
3214,淮阴工学院,2024,四川,本科批B段,理科,,,483,114610,
3214001,淮阴工学院,2024,四川,本科批B段,理科,,,507,114610,
3215,常州工学院,2024,四川,本科批B段,理科,,,525,84610,
3215001,常州工学院,2024,四川,本科批B段,理科,,,525,84610,
3217,南通大学,2024,四川,本科批B段,理科,,,540,28248,
3217001,南通大学,2024,四川,本科批B段,理科,,,540,28248,
3218,盐城工学院,2024,四川,本科批B段,理科,,,496,95844,
3218001,盐城工学院,2024,四川,本科批B段,理科,,,518,95844,
3219,南京体育学院,2024,四川,本科批B段,理科,,,509,115972,
3219001,南京体育学院,2024,四川,本科批B段,理科,,,509,115972,
3220,常熟理工学院,2024,四川,本科批B段,理科,,,530,79761,
3220001,常熟理工学院,2024,四川,本科批B段,理科,,,530,79761,
3223,徐州医科大学,2024,四川,本科批B段,理科,,,573,20827,
3223001,徐州医科大学,2024,四川,本科批B段,理科,,,573,20827,
3225,南京师范大学,2024,四川,本科批B段,理科,,,603,11205,
3225001,南京师范大学,2024,四川,本科批B段,理科,,,603,11205,
3227,淮阴师范学院,2024,四川,本科批B段,理科,,,522,105171,
3227001,淮阴师范学院,2024,四川,本科批B段,理科,,,522,105171,
3228,盐城师范学院,2024,四川,本科批B段,理科,,,488,106510,
3228001,盐城师范学院,2024,四川,本科批B段,理科,,,504,106510,
323,华北电力大学(保定),2024,四川,本科批B段,理科,,,593,7412,
323001,华北电力大学(保定),2024,四川,本科批B段,理科,,,614,7412,
3234,金陵科技学院,2024,四川,本科批B段,理科,,,507,75136,
3234001,金陵科技学院,2024,四川,本科批B段,理科,,,532,75136,
3235,徐州工程学院,2024,四川,本科批B段,理科,,,518,101095,
3235001,徐州工程学院,2024,四川,本科批B段,理科,,,518,101095,
3237,三江学院,2024,四川,本科批B段,理科,,,469,173422,
3237001,三江学院,2024,四川,本科批B段,理科,,,469,173422,
3239,南京审计大学,2024,四川,本科批B段,理科,,,592,19766,
3239001,南京审计大学,2024,四川,本科批B段,理科,,,592,19766,
3240,江苏第二师范学院,2024,四川,本科批B段,理科,,,480,114610,
3240001,江苏第二师范学院,2024,四川,本科批B段,理科,,,480,114610,
3241,江苏海洋大学,2024,四川,本科批B段,理科,,,537,72861,
3241001,江苏海洋大学,2024,四川,本科批B段,理科,,,547,72861,
3241002,江苏海洋大学,2024,四川,本科批B段,理科,,,537,82156,
3243,南京工程学院,2024,四川,本科批B段,理科,,,541,66147,
3243001,南京工程学院,2024,四川,本科批B段,理科,,,541,66147,
3244,苏州科技大学,2024,四川,本科批B段,理科,,,548,34790,
3244001,苏州科技大学,2024,四川,本科批B段,理科,,,548,34790,
3245,中国矿业大学徐海学院,2024,四川,本科批B段,理科,,,475,153336,
3245001,中国矿业大学徐海学院,2024,四川,本科批B段,理科,,,475,153336,
3247,西交利物浦大学,2024,四川,本科批B段,理科,,,582,34790,
3247001,西交利物浦大学,2024,四川,本科批B段,理科,,,582,34790,
3249,江苏理工学院,2024,四川,本科批B段,理科,,,528,83354,
3249001,江苏理工学院,2024,四川,本科批B段,理科,,,528,83354,
325,大连海事大学,2024,四川,本科批B段,理科,,,605,16027,
3250,南京晓庄学院,2024,四川,本科批B段,理科,,,495,84610,
3250001,南京晓庄学院,2024,四川,本科批B段,理科,,,495,84610,
325001,大连海事大学,2024,四川,本科批B段,理科,,,605,16027,
3253,南京工业职业技术大学,2024,四川,本科批B段,理科,,,513,101095,
3253001,南京工业职业技术大学,2024,四川,本科批B段,理科,,,513,101095,
3288,南京特殊教育师范学院,2024,四川,本科批B段,理科,,,502,83354,
3288001,南京特殊教育师范学院,2024,四川,本科批B段,理科,,,502,83354,
3289,南京航空航天大学金城学院,2024,四川,本科批B段,理科,,,486,130043,
3289001,南京航空航天大学金城学院,2024,四川,本科批B段,理科,,,486,130043,
3290,南京邮电大学通达学院,2024,四川,本科批B段,理科,,,484,147598,
3290001,南京邮电大学通达学院,2024,四川,本科批B段,理科,,,484,147598,
3291,无锡太湖学院,2024,四川,本科批B段,理科,,,469,164858,
3291001,无锡太湖学院,2024,四川,本科批B段,理科,,,469,164858,
3292,南京传媒学院,2024,四川,本科批B段,理科,,,492,124295,
3292001,南京传媒学院,2024,四川,本科批B段,理科,,,492,124295,
3293,南京理工大学泰州科技学院,2024,四川,本科批B段,理科,,,466,160534,
3293001,南京理工大学泰州科技学院,2024,四川,本科批B段,理科,,,466,160534,
3294,无锡学院,2024,四川,本科批B段,理科,,,535,70573,
3294001,无锡学院,2024,四川,本科批B段,理科,,,535,70573,
3295,南京工业大学浦江学院,2024,四川,本科批B段,理科,,,475,141786,
3295001,南京工业大学浦江学院,2024,四川,本科批B段,理科,,,475,141786,
3296,南京审计大学金审学院,2024,四川,本科批B段,理科,,,494,98464,
3296001,南京审计大学金审学院,2024,四川,本科批B段,理科,,,494,98464,
3298,东南大学成贤学院,2024,四川,本科批B段,理科,,,489,135858,
3298001,东南大学成贤学院,2024,四川,本科批B段,理科,,,489,135858,
3299,常州大学怀德学院,2024,四川,本科批B段,理科,,,469,170539,
3299001,常州大学怀德学院,2024,四川,本科批B段,理科,,,469,170539,
33,东南大学,2024,四川,本科批B段,理科,,,637,1335,
330,哈尔滨工业大学,2024,四川,本科批B段,理科,,,667,741,
330001,哈尔滨工业大学,2024,四川,本科批B段,理科,,,667,741,
33001,东南大学,2024,四川,本科批B段,理科,,,665,1335,
3301,杭州电子科技大学,2024,四川,本科批B段,理科,,,614,11590,
3301001,杭州电子科技大学,2024,四川,本科批B段,理科,,,614,11590,
3302,浙江工业大学,2024,四川,本科批B段,理科,,,606,17064,
3302001,浙江工业大学,2024,四川,本科批B段,理科,,,606,17064,
3303,浙江理工大学,2024,四川,本科批B段,理科,,,540,28929,
3303001,浙江理工大学,2024,四川,本科批B段,理科,,,540,28929,
3304,宁波诺丁汉大学,2024,四川,本科批B段,理科,,,588,8632,
3304001,宁波诺丁汉大学,2024,四川,本科批B段,理科,,,588,8632,
3305,浙江海洋大学,2024,四川,本科批B段,理科,,,531,84610,
3305001,浙江海洋大学,2024,四川,本科批B段,理科,,,531,84610,
3306,浙江农林大学,2024,四川,本科批B段,理科,,,548,42941,
3306001,浙江农林大学,2024,四川,本科批B段,理科,,,548,42941,
3308,温州医科大学,2024,四川,本科批B段,理科,,,537,6240,
3308001,温州医科大学,2024,四川,本科批B段,理科,,,598,6240,
3308002,温州医科大学,2024,四川,本科批B段,理科,,,537,74037,
3309,浙江师范大学,2024,四川,本科批B段,理科,,,539,42941,
3309001,浙江师范大学,2024,四川,本科批B段,理科,,,539,42941,
3310,杭州师范大学,2024,四川,本科批B段,理科,,,558,36338,
3310001,杭州师范大学,2024,四川,本科批B段,理科,,,558,36338,
3313,绍兴文理学院,2024,四川,本科批B段,理科,,,517,105171,
3313001,绍兴文理学院,2024,四川,本科批B段,理科,,,517,105171,
3314,台州学院,2024,四川,本科批B段,理科,,,518,99813,
3314001,台州学院,2024,四川,本科批B段,理科,,,518,99813,
3315,浙江工商大学,2024,四川,本科批B段,理科,,,540,42054,
3315001,浙江工商大学,2024,四川,本科批B段,理科,,,540,42054,
3316,湖州师范学院,2024,四川,本科批B段,理科,,,461,52000,
3316001,湖州师范学院,2024,四川,本科批B段,理科,,,565,52000,
3316002,湖州师范学院,2024,四川,本科批B段,理科,,,461,92017,
3318,中国计量大学,2024,四川,本科批B段,理科,,,590,21956,
3318001,中国计量大学,2024,四川,本科批B段,理科,,,590,21956,
3319,浙江万里学院,2024,四川,本科批B段,理科,,,512,109199,
3319001,浙江万里学院,2024,四川,本科批B段,理科,,,512,109199,
3321,浙江科技大学,2024,四川,本科批B段,理科,,,537,74037,
3321001,浙江科技大学,2024,四川,本科批B段,理科,,,537,74037,
3322,宁波工程学院,2024,四川,本科批B段,理科,,,527,72861,
3322001,宁波工程学院,2024,四川,本科批B段,理科,,,527,72861,
3324,浙江水利水电学院,2024,四川,本科批B段,理科,,,496,71745,
3324001,浙江水利水电学院,2024,四川,本科批B段,理科,,,496,71745,
3325,宁波大学,2024,四川,本科批B段,理科,,,568,24964,
3325001,宁波大学,2024,四川,本科批B段,理科,,,568,24964,
3326,杭州医学院,2024,四川,本科批B段,理科,,,524,82156,
3326001,杭州医学院,2024,四川,本科批B段,理科,,,524,82156,
3327,浙江传媒学院,2024,四川,本科批B段,理科,,,532,71745,
3327001,浙江传媒学院,2024,四川,本科批B段,理科,,,532,71745,
3328,丽水学院,2024,四川,本科批B段,理科,,,485,107830,
3328001,丽水学院,2024,四川,本科批B段,理科,,,513,107830,
3329,温州大学,2024,四川,本科批B段,理科,,,519,48337,
3329001,温州大学,2024,四川,本科批B段,理科,,,567,48337,
3329002,温州大学,2024,四川,本科批B段,理科,,,519,67210,
333,哈尔滨工程大学,2024,四川,本科批B段,理科,,,584,8632,
3330,浙江工业大学,2024,四川,本科批B段,理科,,,539,83354,
3330001,浙江工业大学,2024,四川,本科批B段,理科,,,539,83354,
333001,哈尔滨工程大学,2024,四川,本科批B段,理科,,,632,8632,
3331,嘉兴大学,2024,四川,本科批B段,理科,,,542,65058,
3331001,嘉兴大学,2024,四川,本科批B段,理科,,,542,65058,
3340,温州肯恩大学,2024,四川,本科批B段,理科,,,553,49231,
3340001,温州肯恩大学,2024,四川,本科批B段,理科,,,553,49231,
3341,浙江外国语学院,2024,四川,本科批B段,理科,,,542,62994,
3341001,浙江外国语学院,2024,四川,本科批B段,理科,,,542,62994,
3342,温州商学院,2024,四川,本科批B段,理科,,,466,169097,
3342001,温州商学院,2024,四川,本科批B段,理科,,,466,169097,
3347,绍兴文理学院元培学院,2024,四川,本科批B段,理科,,,470,144724,
3347001,绍兴文理学院元培学院,2024,四川,本科批B段,理科,,,470,144724,
3353,浙江农林大学暨阳学院,2024,四川,本科批B段,理科,,,469,176253,
3353001,浙江农林大学暨阳学院,2024,四川,本科批B段,理科,,,469,176253,
3358,浙江师范大学,2024,四川,本科批B段,理科,,,539,83354,
3358001,浙江师范大学,2024,四川,本科批B段,理科,,,539,83354,
3362,浙江理工大学科技与艺术学院,2024,四川,本科批B段,理科,,,469,163469,
3362001,浙江理工大学科技与艺术学院,2024,四川,本科批B段,理科,,,469,163469,
3364,宁波大学科学技术学院,2024,四川,本科批B段,理科,,,471,150457,
3364001,宁波大学科学技术学院,2024,四川,本科批B段,理科,,,471,150457,
3366,浙江师范大学行知学院,2024,四川,本科批B段,理科,,,477,144724,
3366001,浙江师范大学行知学院,2024,四川,本科批B段,理科,,,477,144724,
3379,浙江工商大学杭州商学院,2024,四川,本科批B段,理科,,,468,149080,
3379001,浙江工商大学杭州商学院,2024,四川,本科批B段,理科,,,468,149080,
3380,温州医科大学仁济学院,2024,四川,本科批B段,理科,,,465,77468,
3380001,温州医科大学仁济学院,2024,四川,本科批B段,理科,,,465,77468,
3383,浙江越秀外国语学院,2024,四川,本科批B段,理科,,,460,182021,
3383001,浙江越秀外国语学院,2024,四川,本科批B段,理科,,,460,182021,
3384,浙江广厦建设职业技术大学,2024,四川,本科批B段,理科,,,459,187394,
3384001,浙江广厦建设职业技术大学,2024,四川,本科批B段,理科,,,459,187394,
3385,浙江树人学院,2024,四川,本科批B段,理科,,,468,149080,
3385001,浙江树人学院,2024,四川,本科批B段,理科,,,468,149080,
3386,宁波财经学院,2024,四川,本科批B段,理科,,,465,166346,
3386001,宁波财经学院,2024,四川,本科批B段,理科,,,465,166346,
3387,上海财经大学浙江学院,2024,四川,本科批B段,理科,,,473,157656,
3387001,上海财经大学浙江学院,2024,四川,本科批B段,理科,,,473,157656,
3388,衢州学院,2024,四川,本科批B段,理科,,,512,106510,
3388001,衢州学院,2024,四川,本科批B段,理科,,,512,106510,
3389,浙江财经大学,2024,四川,本科批B段,理科,,,556,24964,
3389001,浙江财经大学,2024,四川,本科批B段,理科,,,556,24964,
3390,浙江财经大学东方学院,2024,四川,本科批B段,理科,,,470,157656,
3390001,浙江财经大学东方学院,2024,四川,本科批B段,理科,,,470,157656,
3391,浙大城市学院,2024,四川,本科批B段,理科,,,542,58918,
3391001,浙大城市学院,2024,四川,本科批B段,理科,,,542,58918,
3392,浙大宁波理工学院,2024,四川,本科批B段,理科,,,528,67210,
3392001,浙大宁波理工学院,2024,四川,本科批B段,理科,,,551,67210,
3392002,浙大宁波理工学院,2024,四川,本科批B段,理科,,,528,85806,
3393,杭州电子科技大学信息工程学院,2024,四川,本科批B段,理科,,,488,144724,
3393001,杭州电子科技大学信息工程学院,2024,四川,本科批B段,理科,,,488,144724,
3394,嘉兴南湖学院,2024,四川,本科批B段,理科,,,524,81017,
3394001,嘉兴南湖学院,2024,四川,本科批B段,理科,,,524,81017,
3395,浙江工业大学之江学院,2024,四川,本科批B段,理科,,,471,166346,
3395001,浙江工业大学之江学院,2024,四川,本科批B段,理科,,,471,166346,
3396,中国计量大学现代科技学院,2024,四川,本科批B段,理科,,,474,164858,
3396001,中国计量大学现代科技学院,2024,四川,本科批B段,理科,,,474,164858,
3398,湖州学院,2024,四川,本科批B段,理科,,,520,102420,
3398001,湖州学院,2024,四川,本科批B段,理科,,,520,102420,
3399,温州理工学院,2024,四川,本科批B段,理科,,,528,83354,
3399001,温州理工学院,2024,四川,本科批B段,理科,,,528,83354,
340,南京航空航天大学,2024,四川,本科批B段,理科,,,606,5976,
340001,南京航空航天大学,2024,四川,本科批B段,理科,,,627,5976,
3401,安徽工业大学,2024,四川,本科批B段,理科,,,551,46505,
3401001,安徽工业大学,2024,四川,本科批B段,理科,,,551,46505,
3402,安徽理工大学,2024,四川,本科批B段,理科,,,556,47451,
3402001,安徽理工大学,2024,四川,本科批B段,理科,,,556,47451,
3403,安徽大学,2024,四川,本科批B段,理科,,,614,16027,
3403001,安徽大学,2024,四川,本科批B段,理科,,,614,16027,
3404,安徽工程大学,2024,四川,本科批B段,理科,,,515,111900,
3404001,安徽工程大学,2024,四川,本科批B段,理科,,,515,111900,
3405,安徽农业大学,2024,四川,本科批B段,理科,,,464,57912,
3405001,安徽农业大学,2024,四川,本科批B段,理科,,,549,57912,
3405002,安徽农业大学,2024,四川,本科批B段,理科,,,464,85806,
3406,安徽医科大学,2024,四川,本科批B段,理科,,,623,13702,
3406001,安徽医科大学,2024,四川,本科批B段,理科,,,623,13702,
3407,安徽师范大学,2024,四川,本科批B段,理科,,,542,69408,
3407001,安徽师范大学,2024,四川,本科批B段,理科,,,542,69408,
3408,蚌埠医科大学,2024,四川,本科批B段,理科,,,518,31002,
3408001,蚌埠医科大学,2024,四川,本科批B段,理科,,,593,31002,
3408002,蚌埠医科大学,2024,四川,本科批B段,理科,,,518,110543,
341,南京理工大学,2024,四川,本科批B段,理科,,,606,6814,
3410,淮北师范大学,2024,四川,本科批B段,理科,,,522,78624,
3410001,淮北师范大学,2024,四川,本科批B段,理科,,,522,78624,
341001,南京理工大学,2024,四川,本科批B段,理科,,,629,6814,
3412,阜阳师范大学,2024,四川,本科批B段,理科,,,513,98464,
3412001,阜阳师范大学,2024,四川,本科批B段,理科,,,513,98464,
3415,安徽财经大学,2024,四川,本科批B段,理科,,,543,46505,
3415001,安徽财经大学,2024,四川,本科批B段,理科,,,543,46505,
3417,安徽建筑大学,2024,四川,本科批B段,理科,,,548,64020,
3417001,安徽建筑大学,2024,四川,本科批B段,理科,,,548,64020,
3418,安徽科技学院,2024,四川,本科批B段,理科,,,505,114610,
3418001,安徽科技学院,2024,四川,本科批B段,理科,,,505,114610,
3419,淮南师范学院,2024,四川,本科批B段,理科,,,503,122881,
3419001,淮南师范学院,2024,四川,本科批B段,理科,,,503,122881,
3420,合肥大学,2024,四川,本科批B段,理科,,,525,95844,
3420001,合肥大学,2024,四川,本科批B段,理科,,,525,95844,
3422,蚌埠学院,2024,四川,本科批B段,理科,,,510,110543,
3422001,蚌埠学院,2024,四川,本科批B段,理科,,,510,110543,
3423,亳州学院,2024,四川,本科批B段,理科,,,500,131486,
3423001,亳州学院,2024,四川,本科批B段,理科,,,500,131486,
3427,安庆师范大学,2024,四川,本科批B段,理科,,,540,82156,
3427001,安庆师范大学,2024,四川,本科批B段,理科,,,540,82156,
3428,安徽中医药大学,2024,四川,本科批B段,理科,,,528,85806,
3428001,安徽中医药大学,2024,四川,本科批B段,理科,,,528,85806,
345,中国科学技术大学,2024,四川,本科批B段,理科,,,680,404,
345001,中国科学技术大学,2024,四川,本科批B段,理科,,,680,404,
3456,安徽信息工程学院,2024,四川,本科批B段,理科,,,479,157656,
3456001,安徽信息工程学院,2024,四川,本科批B段,理科,,,479,157656,
346,中国科学院大学,2024,四川,本科批B段,理科,,,683,228,
346001,中国科学院大学,2024,四川,本科批B段,理科,,,683,228,
3466,安徽文达信息工程学院,2024,四川,本科批B段,理科,,,471,176253,
3466001,安徽文达信息工程学院,2024,四川,本科批B段,理科,,,471,176253,
3469,安徽医科大学临床医学院,2024,四川,本科批B段,理科,,,542,79761,
3469001,安徽医科大学临床医学院,2024,四川,本科批B段,理科,,,542,79761,
347,华侨大学,2024,四川,本科批B段,理科,,,539,24964,
347001,华侨大学,2024,四川,本科批B段,理科,,,539,24964,
3471,安徽新华学院,2024,四川,本科批B段,理科,,,469,179142,
3471001,安徽新华学院,2024,四川,本科批B段,理科,,,469,179142,
3473,池州学院,2024,四川,本科批B段,理科,,,506,115972,
3473001,池州学院,2024,四川,本科批B段,理科,,,506,115972,
3481,蚌埠工商学院,2024,四川,本科批B段,理科,,,472,171949,
3481001,蚌埠工商学院,2024,四川,本科批B段,理科,,,472,171949,
3483,合肥师范学院,2024,四川,本科批B段,理科,,,502,128623,
3483001,合肥师范学院,2024,四川,本科批B段,理科,,,502,128623,
3493,皖江工学院,2024,四川,本科批B段,理科,,,468,176253,
3493001,皖江工学院,2024,四川,本科批B段,理科,,,468,176253,
35,河海大学,2024,四川,本科批B段,理科,,,591,10024,
35001,河海大学,2024,四川,本科批B段,理科,,,591,10024,
3501,福建理工大学,2024,四川,本科批B段,理科,,,526,85806,
3501001,福建理工大学,2024,四川,本科批B段,理科,,,526,85806,
3502,福州大学,2024,四川,本科批B段,理科,,,606,15090,
3502001,福州大学,2024,四川,本科批B段,理科,,,606,15090,
3503,安徽大学,2024,四川,本科批B段,理科,,,593,28929,
3503001,安徽大学,2024,四川,本科批B段,理科,,,593,28929,
3507,福建师范大学,2024,四川,本科批B段,理科,,,539,31693,
3507001,福建师范大学,2024,四川,本科批B段,理科,,,539,31693,
3508,闽江学院,2024,四川,本科批B段,理科,,,499,94628,
3508001,闽江学院,2024,四川,本科批B段,理科,,,499,94628,
3509,武夷学院,2024,四川,本科批B段,理科,,,506,101095,
3509001,武夷学院,2024,四川,本科批B段,理科,,,506,101095,
351,中南民族大学,2024,四川,本科批B段,理科,,,517,50121,
3510,闽南师范大学,2024,四川,本科批B段,理科,,,513,93315,
3510001,闽南师范大学,2024,四川,本科批B段,理科,,,513,93315,
351001,中南民族大学,2024,四川,本科批B段,理科,,,539,50121,
3511,莆田学院,2024,四川,本科批B段,理科,,,512,95844,
3511001,莆田学院,2024,四川,本科批B段,理科,,,512,95844,
3512,泉州师范学院,2024,四川,本科批B段,理科,,,501,94628,
3512001,泉州师范学院,2024,四川,本科批B段,理科,,,501,94628,
3513,厦门理工学院,2024,四川,本科批B段,理科,,,511,70573,
3513001,厦门理工学院,2024,四川,本科批B段,理科,,,539,70573,
3515,集美大学,2024,四川,本科批B段,理科,,,527,38719,
3515001,集美大学,2024,四川,本科批B段,理科,,,540,38719,
3516,福建医科大学,2024,四川,本科批B段,理科,,,549,12825,
3516001,福建医科大学,2024,四川,本科批B段,理科,,,542,12825,
3517,福建农林大学,2024,四川,本科批B段,理科,,,508,69408,
3517001,福建农林大学,2024,四川,本科批B段,理科,,,545,69408,
3517002,福建农林大学,2024,四川,本科批B段,理科,,,529,79761,
3519,厦门医学院,2024,四川,本科批B段,理科,,,517,90739,
3519001,厦门医学院,2024,四川,本科批B段,理科,,,517,90739,
3521,福建农林大学金山学院,2024,四川,本科批B段,理科,,,461,146159,
3521001,福建农林大学金山学院,2024,四川,本科批B段,理科,,,461,146159,
3522,福建中医药大学,2024,四川,本科批B段,理科,,,536,48337,
3522001,福建中医药大学,2024,四川,本科批B段,理科,,,536,48337,
3527,浙江传媒学院,2024,四川,本科批B段,理科,,,525,101095,
3527001,浙江传媒学院,2024,四川,本科批B段,理科,,,525,101095,
353,暨南大学,2024,四川,本科批B段,理科,,,571,14164,
353001,暨南大学,2024,四川,本科批B段,理科,,,571,14164,
3533,三明学院,2024,四川,本科批B段,理科,,,502,118741,
3533001,三明学院,2024,四川,本科批B段,理科,,,502,118741,
3536,福建技术师范学院,2024,四川,本科批B段,理科,,,499,124295,
3536001,福建技术师范学院,2024,四川,本科批B段,理科,,,499,124295,
3537,龙岩学院,2024,四川,本科批B段,理科,,,502,107830,
3537001,龙岩学院,2024,四川,本科批B段,理科,,,502,107830,
3540,宁德师范学院,2024,四川,本科批B段,理科,,,507,118741,
3540001,宁德师范学院,2024,四川,本科批B段,理科,,,507,118741,
3541,福建江夏学院,2024,四川,本科批B段,理科,,,500,101095,
3541001,福建江夏学院,2024,四川,本科批B段,理科,,,500,101095,
3542,福州工商学院,2024,四川,本科批B段,理科,,,465,180581,
3542001,福州工商学院,2024,四川,本科批B段,理科,,,465,180581,
3543,福建师范大学协和学院,2024,四川,本科批B段,理科,,,476,161985,
3543001,福建师范大学协和学院,2024,四川,本科批B段,理科,,,476,161985,
3549,福州理工学院,2024,四川,本科批B段,理科,,,464,183371,
3549001,福州理工学院,2024,四川,本科批B段,理科,,,464,183371,
355,中国民用航空飞行学院,2024,四川,本科批B段,理科,,,542,41194,
3550,闽南理工学院,2024,四川,本科批B段,理科,,,467,169097,
3550001,闽南理工学院,2024,四川,本科批B段,理科,,,467,169097,
355001,中国民用航空飞行学院,2024,四川,本科批B段,理科,,,568,41194,
355002,中国民用航空飞行学院,2024,四川,本科批B段,理科,,,542,66147,
3560,泉州职业技术大学,2024,四川,本科批B段,理科,,,460,188810,
3560001,泉州职业技术大学,2024,四川,本科批B段,理科,,,460,188810,
357,西南民族大学,2024,四川,本科批B段,理科,,,509,42054,
357001,西南民族大学,2024,四川,本科批B段,理科,,,541,42054,
3571,泉州信息工程学院,2024,四川,本科批B段,理科,,,468,174832,
3571001,泉州信息工程学院,2024,四川,本科批B段,理科,,,468,174832,
3575,厦门华厦学院,2024,四川,本科批B段,理科,,,466,174832,
3575001,厦门华厦学院,2024,四川,本科批B段,理科,,,466,174832,
358,西北工业大学,2024,四川,本科批B段,理科,,,637,1047,
358001,西北工业大学,2024,四川,本科批B段,理科,,,660,1047,
3590,福州外语外贸学院,2024,四川,本科批B段,理科,,,463,164858,
3590001,福州外语外贸学院,2024,四川,本科批B段,理科,,,463,164858,
3591,厦门大学嘉庚学院,2024,四川,本科批B段,理科,,,488,121474,
3591001,厦门大学嘉庚学院,2024,四川,本科批B段,理科,,,488,121474,
3592,厦门工学院,2024,四川,本科批B段,理科,,,470,161985,
3592001,厦门工学院,2024,四川,本科批B段,理科,,,470,161985,
3593,集美大学诚毅学院,2024,四川,本科批B段,理科,,,485,143289,
3593001,集美大学诚毅学院,2024,四川,本科批B段,理科,,,485,143289,
3594,阳光学院,2024,四川,本科批B段,理科,,,461,183371,
3594001,阳光学院,2024,四川,本科批B段,理科,,,461,183371,
3595,福州大学至诚学院,2024,四川,本科批B段,理科,,,459,194087,
3595001,福州大学至诚学院,2024,四川,本科批B段,理科,,,459,194087,
3596,闽南科技学院,2024,四川,本科批B段,理科,,,467,177723,
3596001,闽南科技学院,2024,四川,本科批B段,理科,,,467,177723,
3597,福建商学院,2024,四川,本科批B段,理科,,,504,97206,
3597001,福建商学院,2024,四川,本科批B段,理科,,,504,97206,
36,江南大学,2024,四川,本科批B段,理科,,,562,11962,
36001,江南大学,2024,四川,本科批B段,理科,,,612,11962,
3601,华东交通大学,2024,四川,本科批B段,理科,,,571,32470,
3601001,华东交通大学,2024,四川,本科批B段,理科,,,571,32470,
3602,东华理工大学,2024,四川,本科批B段,理科,,,545,52000,
3602001,东华理工大学,2024,四川,本科批B段,理科,,,545,52000,
3603,南昌航空大学,2024,四川,本科批B段,理科,,,545,26240,
3603001,南昌航空大学,2024,四川,本科批B段,理科,,,580,26240,
3603002,南昌航空大学,2024,四川,本科批B段,理科,,,545,56909,
3604,江西理工大学,2024,四川,本科批B段,理科,,,547,55901,
3604001,江西理工大学,2024,四川,本科批B段,理科,,,547,55901,
3605,景德镇陶瓷大学,2024,四川,本科批B段,理科,,,523,83354,
3605001,景德镇陶瓷大学,2024,四川,本科批B段,理科,,,523,83354,
3607,江西农业大学,2024,四川,本科批B段,理科,,,526,62994,
3607001,江西农业大学,2024,四川,本科批B段,理科,,,557,62994,
3607002,江西农业大学,2024,四川,本科批B段,理科,,,526,81017,
3609,江西中医药大学,2024,四川,本科批B段,理科,,,563,33245,
3609001,江西中医药大学,2024,四川,本科批B段,理科,,,563,33245,
3610,赣南医科大学,2024,四川,本科批B段,理科,,,520,30322,
3610001,赣南医科大学,2024,四川,本科批B段,理科,,,588,30322,
3610002,赣南医科大学,2024,四川,本科批B段,理科,,,520,95844,
3611,江西师范大学,2024,四川,本科批B段,理科,,,548,52000,
3611001,江西师范大学,2024,四川,本科批B段,理科,,,548,52000,
3613,上饶师范学院,2024,四川,本科批B段,理科,,,505,124295,
3613001,上饶师范学院,2024,四川,本科批B段,理科,,,505,124295,
3615,赣南师范大学,2024,四川,本科批B段,理科,,,514,78624,
3615001,赣南师范大学,2024,四川,本科批B段,理科,,,542,78624,
3615002,赣南师范大学,2024,四川,本科批B段,理科,,,514,101095,
3616,井冈山大学,2024,四川,本科批B段,理科,,,517,98464,
3616001,井冈山大学,2024,四川,本科批B段,理科,,,517,98464,
3618,江西财经大学,2024,四川,本科批B段,理科,,,539,18113,
3618001,江西财经大学,2024,四川,本科批B段,理科,,,539,18113,
3620,南昌大学,2024,四川,本科批B段,理科,,,567,11205,
3620001,南昌大学,2024,四川,本科批B段,理科,,,567,11205,
363,西北民族大学,2024,四川,本科批B段,理科,,,496,33245,
363001,西北民族大学,2024,四川,本科批B段,理科,,,590,33245,
363002,西北民族大学,2024,四川,本科批B段,理科,,,517,95844,
3632,萍乡学院,2024,四川,本科批B段,理科,,,502,127159,
3632001,萍乡学院,2024,四川,本科批B段,理科,,,502,127159,
3633,南昌工程学院,2024,四川,本科批B段,理科,,,525,76347,
3633001,南昌工程学院,2024,四川,本科批B段,理科,,,525,76347,
3634,江西科技师范大学,2024,四川,本科批B段,理科,,,515,102420,
3634001,江西科技师范大学,2024,四川,本科批B段,理科,,,515,102420,
3636,宜春学院,2024,四川,本科批B段,理科,,,505,122881,
3636001,宜春学院,2024,四川,本科批B段,理科,,,505,122881,
3637,豫章师范学院,2024,四川,本科批B段,理科,,,505,121474,
3637001,豫章师范学院,2024,四川,本科批B段,理科,,,505,121474,
3641,新余学院,2024,四川,本科批B段,理科,,,509,78624,
3641001,新余学院,2024,四川,本科批B段,理科,,,509,78624,
3642,九江学院,2024,四川,本科批B段,理科,,,509,77468,
3642001,九江学院,2024,四川,本科批B段,理科,,,509,77468,
3644,江西警察学院,2024,四川,本科批B段,理科,,,530,90739,
3644001,江西警察学院,2024,四川,本科批B段,理科,,,530,90739,
3649,南昌师范学院,2024,四川,本科批B段,理科,,,509,110543,
3649001,南昌师范学院,2024,四川,本科批B段,理科,,,509,110543,
365,石河子大学,2024,四川,本科批B段,理科,,,565,24323,
365001,石河子大学,2024,四川,本科批B段,理科,,,565,24323,
3653,江西应用科技学院,2024,四川,本科批B段,理科,,,467,180581,
3653001,江西应用科技学院,2024,四川,本科批B段,理科,,,467,180581,
3654,江西科技学院,2024,四川,本科批B段,理科,,,459,188810,
3654001,江西科技学院,2024,四川,本科批B段,理科,,,459,188810,
3655,江西工程学院,2024,四川,本科批B段,理科,,,474,167724,
3655001,江西工程学院,2024,四川,本科批B段,理科,,,474,167724,
3656,南昌理工学院,2024,四川,本科批B段,理科,,,480,143289,
3656001,南昌理工学院,2024,四川,本科批B段,理科,,,480,143289,
3673,南昌工学院,2024,四川,本科批B段,理科,,,472,173422,
3673001,南昌工学院,2024,四川,本科批B段,理科,,,472,173422,
3674,南昌职业大学,2024,四川,本科批B段,理科,,,467,177723,
3674001,南昌职业大学,2024,四川,本科批B段,理科,,,467,177723,
3675,江西服装学院,2024,四川,本科批B段,理科,,,462,190094,
3675001,江西服装学院,2024,四川,本科批B段,理科,,,462,190094,
3688,江西师范大学科学技术学院,2024,四川,本科批B段,理科,,,489,141786,
3688001,江西师范大学科学技术学院,2024,四川,本科批B段,理科,,,489,141786,
369,华北科技学院,2024,四川,本科批B段,理科,,,504,87003,
3690,江西农业大学南昌商学院,2024,四川,本科批B段,理科,,,486,143289,
3690001,江西农业大学南昌商学院,2024,四川,本科批B段,理科,,,486,143289,
369001,华北科技学院,2024,四川,本科批B段,理科,,,504,87003,
3691,赣南科技学院,2024,四川,本科批B段,理科,,,517,110543,
3691001,赣南科技学院,2024,四川,本科批B段,理科,,,517,110543,
3692,南昌交通学院,2024,四川,本科批B段,理科,,,476,160534,
3692001,南昌交通学院,2024,四川,本科批B段,理科,,,476,160534,
3693,南昌航空大学科技学院,2024,四川,本科批B段,理科,,,496,115972,
3693001,南昌航空大学科技学院,2024,四川,本科批B段,理科,,,496,115972,
3694,赣东学院,2024,四川,本科批B段,理科,,,505,120142,
3694001,赣东学院,2024,四川,本科批B段,理科,,,505,120142,
3695,南昌医学院,2024,四川,本科批B段,理科,,,483,62014,
3695001,南昌医学院,2024,四川,本科批B段,理科,,,483,62014,
3696,江西财经大学现代经济管理学院,2024,四川,本科批B段,理科,,,488,135858,
3696001,江西财经大学现代经济管理学院,2024,四川,本科批B段,理科,,,488,135858,
3697,南昌大学科学技术学院,2024,四川,本科批B段,理科,,,475,169097,
3697001,南昌大学科学技术学院,2024,四川,本科批B段,理科,,,475,169097,
3698,景德镇艺术职业大学,2024,四川,本科批B段,理科,,,466,183371,
3698001,景德镇艺术职业大学,2024,四川,本科批B段,理科,,,466,183371,
3699,江西软件职业技术大学,2024,四川,本科批B段,理科,,,467,171949,
3699001,江西软件职业技术大学,2024,四川,本科批B段,理科,,,467,171949,
37,南京农业大学,2024,四川,本科批B段,理科,,,583,18113,
370,中国人民警察大学,2024,四川,本科批B段,理科,,,561,52000,
370001,中国人民警察大学,2024,四川,本科批B段,理科,,,561,52000,
37001,南京农业大学,2024,四川,本科批B段,理科,,,602,18113,
3701,济南大学,2024,四川,本科批B段,理科,,,543,40367,
3701001,济南大学,2024,四川,本科批B段,理科,,,543,40367,
3702,青岛科技大学,2024,四川,本科批B段,理科,,,554,58918,
3702001,青岛科技大学,2024,四川,本科批B段,理科,,,554,58918,
3703,山东科技大学,2024,四川,本科批B段,理科,,,550,47451,
3703001,山东科技大学,2024,四川,本科批B段,理科,,,550,47451,
3704,山东政法学院,2024,四川,本科批B段,理科,,,515,85806,
3704001,山东政法学院,2024,四川,本科批B段,理科,,,515,85806,
3705,青岛理工大学,2024,四川,本科批B段,理科,,,545,37911,
3705001,青岛理工大学,2024,四川,本科批B段,理科,,,545,37911,
3706,山东建筑大学,2024,四川,本科批B段,理科,,,539,66147,
3706001,山东建筑大学,2024,四川,本科批B段,理科,,,539,66147,
3707,曲阜师范大学,2024,四川,本科批B段,理科,,,530,59985,
3707001,曲阜师范大学,2024,四川,本科批B段,理科,,,540,59985,
3707002,曲阜师范大学,2024,四川,本科批B段,理科,,,530,81017,
3708,青岛农业大学,2024,四川,本科批B段,理科,,,514,92017,
3708001,青岛农业大学,2024,四川,本科批B段,理科,,,514,92017,
3709,山东第二医科大学,2024,四川,本科批B段,理科,,,502,41194,
3709001,山东第二医科大学,2024,四川,本科批B段,理科,,,502,41194,
371,大连民族大学,2024,四川,本科批B段,理科,,,462,69408,
3710,济宁医学院,2024,四川,本科批B段,理科,,,502,78624,
3710001,济宁医学院,2024,四川,本科批B段,理科,,,502,78624,
371001,大连民族大学,2024,四川,本科批B段,理科,,,548,69408,
371002,大连民族大学,2024,四川,本科批B段,理科,,,528,84610,
3711,临沂大学,2024,四川,本科批B段,理科,,,530,88281,
3711001,临沂大学,2024,四川,本科批B段,理科,,,530,88281,
3712,聊城大学,2024,四川,本科批B段,理科,,,523,89526,
3712001,聊城大学,2024,四川,本科批B段,理科,,,523,89526,
3713,山东师范大学,2024,四川,本科批B段,理科,,,542,40367,
3713001,山东师范大学,2024,四川,本科批B段,理科,,,542,40367,
3714,泰山学院,2024,四川,本科批B段,理科,,,505,124295,
3714001,泰山学院,2024,四川,本科批B段,理科,,,505,124295,
3715,鲁东大学,2024,四川,本科批B段,理科,,,518,94628,
3715001,鲁东大学,2024,四川,本科批B段,理科,,,518,94628,
3716,济宁学院,2024,四川,本科批B段,理科,,,510,121474,
3716001,济宁学院,2024,四川,本科批B段,理科,,,510,121474,
3720,山东财经大学,2024,四川,本科批B段,理科,,,541,31002,
3720001,山东财经大学,2024,四川,本科批B段,理科,,,541,31002,
3721,烟台大学,2024,四川,本科批B段,理科,,,531,76347,
3721001,烟台大学,2024,四川,本科批B段,理科,,,531,76347,
3722,菏泽学院,2024,四川,本科批B段,理科,,,505,127159,
3722001,菏泽学院,2024,四川,本科批B段,理科,,,505,127159,
3723,山东交通学院,2024,四川,本科批B段,理科,,,522,93315,
3723001,山东交通学院,2024,四川,本科批B段,理科,,,522,93315,
3724,滨州医学院,2024,四川,本科批B段,理科,,,540,51035,
3724001,滨州医学院,2024,四川,本科批B段,理科,,,540,51035,
3725,山东工商学院,2024,四川,本科批B段,理科,,,510,83354,
3725001,山东工商学院,2024,四川,本科批B段,理科,,,510,83354,
3726,山东航空学院,2024,四川,本科批B段,理科,,,521,95844,
3726001,山东航空学院,2024,四川,本科批B段,理科,,,521,95844,
3728,山东中医药大学,2024,四川,本科批B段,理科,,,516,49231,
3728001,山东中医药大学,2024,四川,本科批B段,理科,,,516,49231,
3729,青岛工学院,2024,四川,本科批B段,理科,,,469,174832,
3729001,青岛工学院,2024,四川,本科批B段,理科,,,469,174832,
373,北方民族大学,2024,四川,本科批B段,理科,,,492,94628,
3730,青岛大学,2024,四川,本科批B段,理科,,,561,24323,
3730001,青岛大学,2024,四川,本科批B段,理科,,,561,24323,
373001,北方民族大学,2024,四川,本科批B段,理科,,,516,94628,
3731,枣庄学院,2024,四川,本科批B段,理科,,,502,132951,
3731001,枣庄学院,2024,四川,本科批B段,理科,,,502,132951,
3735,潍坊学院,2024,四川,本科批B段,理科,,,506,101095,
3735001,潍坊学院,2024,四川,本科批B段,理科,,,506,101095,
3737,齐鲁工业大学,2024,四川,本科批B段,理科,,,523,45579,
3737001,齐鲁工业大学,2024,四川,本科批B段,理科,,,567,45579,
3737002,齐鲁工业大学,2024,四川,本科批B段,理科,,,523,83354,
3739,山东理工大学,2024,四川,本科批B段,理科,,,494,61000,
3739001,山东理工大学,2024,四川,本科批B段,理科,,,551,61000,
3739002,山东理工大学,2024,四川,本科批B段,理科,,,494,92017,
3740,山东农业大学,2024,四川,本科批B段,理科,,,531,59985,
3740001,山东农业大学,2024,四川,本科批B段,理科,,,560,59985,
3740002,山东农业大学,2024,四川,本科批B段,理科,,,531,74037,
3743,山东财经大学东方学院,2024,四川,本科批B段,理科,,,468,159060,
3743001,山东财经大学东方学院,2024,四川,本科批B段,理科,,,468,159060,
3744,山东农业工程学院,2024,四川,本科批B段,理科,,,504,117337,
3744001,山东农业工程学院,2024,四川,本科批B段,理科,,,504,117337,
3749,齐鲁医药学院,2024,四川,本科批B段,理科,,,460,114610,
3749001,齐鲁医药学院,2024,四川,本科批B段,理科,,,460,114610,
3750,山东女子学院,2024,四川,本科批B段,理科,,,494,138841,
3750001,山东女子学院,2024,四川,本科批B段,理科,,,494,138841,
3766,山东现代学院,2024,四川,本科批B段,理科,,,467,176253,
3766001,山东现代学院,2024,四川,本科批B段,理科,,,467,176253,
3775,齐鲁师范学院,2024,四川,本科批B段,理科,,,519,109199,
3775001,齐鲁师范学院,2024,四川,本科批B段,理科,,,519,109199,
3780,山东外国语职业技术大学,2024,四川,本科批B段,理科,,,465,184656,
3780001,山东外国语职业技术大学,2024,四川,本科批B段,理科,,,465,184656,
3781,山东工程职业技术大学,2024,四川,本科批B段,理科,,,469,176253,
3781001,山东工程职业技术大学,2024,四川,本科批B段,理科,,,469,176253,
3783,山东英才学院,2024,四川,本科批B段,理科,,,463,182021,
3783001,山东英才学院,2024,四川,本科批B段,理科,,,463,182021,
3784,烟台南山学院,2024,四川,本科批B段,理科,,,474,164858,
3784001,烟台南山学院,2024,四川,本科批B段,理科,,,474,164858,
3786,山东协和学院,2024,四川,本科批B段,理科,,,494,99813,
3786001,山东协和学院,2024,四川,本科批B段,理科,,,494,99813,
3790,青岛黄海学院,2024,四川,本科批B段,理科,,,470,151891,
3790001,青岛黄海学院,2024,四川,本科批B段,理科,,,470,151891,
3793,青岛滨海学院,2024,四川,本科批B段,理科,,,477,146159,
3793001,青岛滨海学院,2024,四川,本科批B段,理科,,,477,146159,
3794,山东管理学院,2024,四川,本科批B段,理科,,,500,114610,
3794001,山东管理学院,2024,四川,本科批B段,理科,,,500,114610,
3795,齐鲁理工学院,2024,四川,本科批B段,理科,,,473,163469,
3795001,齐鲁理工学院,2024,四川,本科批B段,理科,,,473,163469,
3797,青岛城市学院,2024,四川,本科批B段,理科,,,470,167724,
3797001,青岛城市学院,2024,四川,本科批B段,理科,,,470,167724,
3798,山东石油化工学院,2024,四川,本科批B段,理科,,,523,90739,
3798001,山东石油化工学院,2024,四川,本科批B段,理科,,,523,90739,
38,中国药科大学,2024,四川,本科批B段,理科,,,545,2938,
380,哈尔滨工业大学(威海),2024,四川,本科批B段,理科,,,658,2772,
380001,哈尔滨工业大学(威海),2024,四川,本科批B段,理科,,,658,2772,
38001,中国药科大学,2024,四川,本科批B段,理科,,,616,2938,
3801,杭州电子科技大学,2024,四川,本科批B段,理科,,,611,17563,
3801001,杭州电子科技大学,2024,四川,本科批B段,理科,,,611,17563,
3802,福州大学,2024,四川,本科批B段,理科,,,607,20321,
3802001,福州大学,2024,四川,本科批B段,理科,,,607,20321,
3803,南昌航空大学,2024,四川,本科批B段,理科,,,556,58918,
3803001,南昌航空大学,2024,四川,本科批B段,理科,,,556,58918,
3805,上海理工大学,2024,四川,本科批B段,理科,,,597,27526,
3805001,上海理工大学,2024,四川,本科批B段,理科,,,597,27526,
3808,宁波工程学院,2024,四川,本科批B段,理科,,,522,103768,
3808001,宁波工程学院,2024,四川,本科批B段,理科,,,522,103768,
3809,温州大学,2024,四川,本科批B段,理科,,,547,74037,
3809001,温州大学,2024,四川,本科批B段,理科,,,547,74037,
381,防灾科技学院,2024,四川,本科批B段,理科,,,492,84610,
3810,皖西学院,2024,四川,本科批B段,理科,,,507,124295,
3810001,皖西学院,2024,四川,本科批B段,理科,,,507,124295,
381001,防灾科技学院,2024,四川,本科批B段,理科,,,492,84610,
3812,山东第一医科大学,2024,四川,本科批B段,理科,,,507,89526,
3812001,山东第一医科大学,2024,四川,本科批B段,理科,,,507,89526,
3813,南京信息工程大学,2024,四川,本科批B段,理科,,,541,26883,
3813001,南京信息工程大学,2024,四川,本科批B段,理科,,,541,26883,
3815,鲁东大学,2024,四川,本科批B段,理科,,,521,93315,
3815001,鲁东大学,2024,四川,本科批B段,理科,,,521,93315,
3817,上海对外经贸大学,2024,四川,本科批B段,理科,,,568,36338,
3817001,上海对外经贸大学,2024,四川,本科批B段,理科,,,568,36338,
3823,上饶师范学院,2024,四川,本科批B段,理科,,,515,114610,
3823001,上饶师范学院,2024,四川,本科批B段,理科,,,515,114610,
3825,宁波大学,2024,四川,本科批B段,理科,,,543,77468,
3825001,宁波大学,2024,四川,本科批B段,理科,,,543,77468,
3826,浙江传媒学院,2024,四川,本科批B段,理科,,,517,111900,
3826001,浙江传媒学院,2024,四川,本科批B段,理科,,,517,111900,
3827,安庆师范大学,2024,四川,本科批B段,理科,,,521,106510,
3827001,安庆师范大学,2024,四川,本科批B段,理科,,,521,106510,
3829,烟台理工学院,2024,四川,本科批B段,理科,,,473,140317,
3829001,烟台理工学院,2024,四川,本科批B段,理科,,,473,140317,
383,新疆政法学院,2024,四川,本科批B段,理科,,,500,115972,
3830,福建农林大学,2024,四川,本科批B段,理科,,,491,118741,
3830001,福建农林大学,2024,四川,本科批B段,理科,,,491,118741,
383001,新疆政法学院,2024,四川,本科批B段,理科,,,500,115972,
3833,浙江越秀外国语学院,2024,四川,本科批B段,理科,,,471,177723,
3833001,浙江越秀外国语学院,2024,四川,本科批B段,理科,,,471,177723,
3839,南京审计大学,2024,四川,本科批B段,理科,,,568,39504,
3839001,南京审计大学,2024,四川,本科批B段,理科,,,568,39504,
3844,苏州科技大学,2024,四川,本科批B段,理科,,,539,71745,
3844001,苏州科技大学,2024,四川,本科批B段,理科,,,539,71745,
3845,上海中医药大学,2024,四川,本科批B段,理科,,,582,39504,
3845001,上海中医药大学,2024,四川,本科批B段,理科,,,582,39504,
3851,浙江中医药大学,2024,四川,本科批B段,理科,,,539,31002,
3851001,浙江中医药大学,2024,四川,本科批B段,理科,,,539,31002,
3871,宿迁学院,2024,四川,本科批B段,理科,,,506,107830,
3871001,宿迁学院,2024,四川,本科批B段,理科,,,506,107830,
3873,上海电力大学,2024,四川,本科批B段,理科,,,615,17563,
3873001,上海电力大学,2024,四川,本科批B段,理科,,,615,17563,
3880,南京信息工程大学,2024,四川,本科批B段,理科,,,602,24964,
3880001,南京信息工程大学,2024,四川,本科批B段,理科,,,602,24964,
3883,上海海洋大学,2024,四川,本科批B段,理科,,,567,52970,
3883001,上海海洋大学,2024,四川,本科批B段,理科,,,567,52970,
3884,仰恩大学,2024,四川,本科批B段,理科,,,486,156250,
3884001,仰恩大学,2024,四川,本科批B段,理科,,,486,156250,
3889,江苏科技大学苏州理工学院,2024,四川,本科批B段,理科,,,479,138841,
3889001,江苏科技大学苏州理工学院,2024,四川,本科批B段,理科,,,479,138841,
3890,南京医科大学康达学院,2024,四川,本科批B段,理科,,,490,121474,
3890001,南京医科大学康达学院,2024,四川,本科批B段,理科,,,490,121474,
3891,南京理工大学紫金学院,2024,四川,本科批B段,理科,,,486,131486,
3891001,南京理工大学紫金学院,2024,四川,本科批B段,理科,,,486,131486,
3894,苏州城市学院,2024,四川,本科批B段,理科,,,528,87003,
3894001,苏州城市学院,2024,四川,本科批B段,理科,,,528,87003,
3895,苏州大学应用技术学院,2024,四川,本科批B段,理科,,,473,156250,
3895001,苏州大学应用技术学院,2024,四川,本科批B段,理科,,,473,156250,
3896,苏州科技大学天平学院,2024,四川,本科批B段,理科,,,469,146159,
3896001,苏州科技大学天平学院,2024,四川,本科批B段,理科,,,469,146159,
3897,扬州大学广陵学院,2024,四川,本科批B段,理科,,,459,150457,
3897001,扬州大学广陵学院,2024,四川,本科批B段,理科,,,459,150457,
3898,南通大学杏林学院,2024,四川,本科批B段,理科,,,466,173422,
3898001,南通大学杏林学院,2024,四川,本科批B段,理科,,,466,173422,
39,浙江大学,2024,四川,本科批B段,理科,,,684,228,
390,哈尔滨工业大学(深圳),2024,四川,本科批B段,理科,,,674,671,
390001,哈尔滨工业大学(深圳),2024,四川,本科批B段,理科,,,674,671,
39001,浙江大学,2024,四川,本科批B段,理科,,,684,228,
3902,福州大学,2024,四川,本科批B段,理科,,,591,31693,
3902001,福州大学,2024,四川,本科批B段,理科,,,591,31693,
3905,江苏科技大学,2024,四川,本科批B段,理科,,,556,64020,
3905001,江苏科技大学,2024,四川,本科批B段,理科,,,556,64020,
3906,南昌大学,2024,四川,本科批B段,理科,,,608,21383,
3906001,南昌大学,2024,四川,本科批B段,理科,,,608,21383,
3908,安徽艺术学院,2024,四川,本科批B段,理科,,,499,137269,
3908001,安徽艺术学院,2024,四川,本科批B段,理科,,,499,137269,
391,中华女子学院,2024,四川,本科批B段,理科,,,523,66147,
391001,中华女子学院,2024,四川,本科批B段,理科,,,554,66147,
391002,中华女子学院,2024,四川,本科批B段,理科,,,523,89526,
3915,南京师范大学泰州学院,2024,四川,本科批B段,理科,,,474,153336,
3915001,南京师范大学泰州学院,2024,四川,本科批B段,理科,,,474,153336,
3916,南京财经大学红山学院,2024,四川,本科批B段,理科,,,470,171949,
3916001,南京财经大学红山学院,2024,四川,本科批B段,理科,,,470,171949,
3917,江苏师范大学科文学院,2024,四川,本科批B段,理科,,,463,151891,
3917001,江苏师范大学科文学院,2024,四川,本科批B段,理科,,,463,151891,
3918,南京师范大学中北学院,2024,四川,本科批B段,理科,,,476,153336,
3918001,南京师范大学中北学院,2024,四川,本科批B段,理科,,,476,153336,
3921,南京中医药大学,2024,四川,本科批B段,理科,,,582,6530,
3921001,南京中医药大学,2024,四川,本科批B段,理科,,,582,6530,
3922,扬州大学,2024,四川,本科批B段,理科,,,563,27526,
3922001,扬州大学,2024,四川,本科批B段,理科,,,563,27526,
3925,江苏大学京江学院,2024,四川,本科批B段,理科,,,472,153336,
3925001,江苏大学京江学院,2024,四川,本科批B段,理科,,,472,153336,
3932,南通理工学院,2024,四川,本科批B段,理科,,,470,164858,
3932001,南通理工学院,2024,四川,本科批B段,理科,,,470,164858,
3934,江西科技师范大学,2024,四川,本科批B段,理科,,,543,78624,
3934001,江西科技师范大学,2024,四川,本科批B段,理科,,,543,78624,
3937,上海大学,2024,四川,本科批B段,理科,,,603,16027,
3937001,上海大学,2024,四川,本科批B段,理科,,,603,16027,
3938,上海建桥学院,2024,四川,本科批B段,理科,,,463,188810,
3938001,上海建桥学院,2024,四川,本科批B段,理科,,,463,188810,
3941,泰州学院,2024,四川,本科批B段,理科,,,509,120142,
3941001,泰州学院,2024,四川,本科批B段,理科,,,509,120142,
3943,福建师范大学协和学院,2024,四川,本科批B段,理科,,,473,174832,
3943001,福建师范大学协和学院,2024,四川,本科批B段,理科,,,473,174832,
3948,泉州师范学院,2024,四川,本科批B段,理科,,,521,106510,
3948001,泉州师范学院,2024,四川,本科批B段,理科,,,521,106510,
3964,浙江水利水电学院,2024,四川,本科批B段,理科,,,521,106510,
3964001,浙江水利水电学院,2024,四川,本科批B段,理科,,,521,106510,
3969,浙江药科职业大学,2024,四川,本科批B段,理科,,,507,113261,
3969001,浙江药科职业大学,2024,四川,本科批B段,理科,,,507,113261,
397,中国劳动关系学院,2024,四川,本科批B段,理科,,,531,79761,
3970,潍坊科技学院,2024,四川,本科批B段,理科,,,481,151891,
3970001,潍坊科技学院,2024,四川,本科批B段,理科,,,481,151891,
397001,中国劳动关系学院,2024,四川,本科批B段,理科,,,531,79761,
3978,潍坊理工学院,2024,四川,本科批B段,理科,,,495,120142,
3978001,潍坊理工学院,2024,四川,本科批B段,理科,,,495,120142,
3986,上海应用技术大学,2024,四川,本科批B段,理科,,,548,59985,
3986001,上海应用技术大学,2024,四川,本科批B段,理科,,,548,59985,
3987,铜陵学院,2024,四川,本科批B段,理科,,,511,120142,
3987001,铜陵学院,2024,四川,本科批B段,理科,,,511,120142,
3989,浙江财经大学,2024,四川,本科批B段,理科,,,562,54889,
3989001,浙江财经大学,2024,四川,本科批B段,理科,,,562,54889,
3992,上海电机学院,2024,四川,本科批B段,理科,,,549,70573,
3992001,上海电机学院,2024,四川,本科批B段,理科,,,549,70573,
3993,浙江工商大学,2024,四川,本科批B段,理科,,,559,55901,
3993001,浙江工商大学,2024,四川,本科批B段,理科,,,559,55901,
3999,福州大学,2024,四川,本科批B段,理科,,,593,23708,
3999001,福州大学,2024,四川,本科批B段,理科,,,593,23708,
4,北京交通大学,2024,四川,本科批B段,理科,,,594,7109,
40,合肥工业大学,2024,四川,本科批B段,理科,,,583,11590,
40001,合肥工业大学,2024,四川,本科批B段,理科,,,607,11590,
4001,北京交通大学,2024,四川,本科批B段,理科,,,594,7109,
4011,江西师范大学,2024,四川,本科批B段,理科,,,545,75136,
4011001,江西师范大学,2024,四川,本科批B段,理科,,,545,75136,
41,厦门大学,2024,四川,本科批B段,理科,,,604,2772,
410,北京体育大学,2024,四川,本科批B段,理科,,,539,78624,
410001,北京体育大学,2024,四川,本科批B段,理科,,,539,78624,
41001,厦门大学,2024,四川,本科批B段,理科,,,645,2772,
4101,郑州大学,2024,四川,本科批B段,理科,,,615,12825,
4101001,郑州大学,2024,四川,本科批B段,理科,,,615,12825,
4102,河南理工大学,2024,四川,本科批B段,理科,,,536,56909,
4102001,河南理工大学,2024,四川,本科批B段,理科,,,555,56909,
4102002,河南理工大学,2024,四川,本科批B段,理科,,,536,62014,
4103,华北水利水电大学,2024,四川,本科批B段,理科,,,556,49231,
4103001,华北水利水电大学,2024,四川,本科批B段,理科,,,556,49231,
4104,郑州轻工业大学,2024,四川,本科批B段,理科,,,542,46505,
4104001,郑州轻工业大学,2024,四川,本科批B段,理科,,,570,46505,
4104002,郑州轻工业大学,2024,四川,本科批B段,理科,,,542,74037,
4105,河南工业大学,2024,四川,本科批B段,理科,,,539,52970,
4105001,河南工业大学,2024,四川,本科批B段,理科,,,539,52970,
4106,河南科技大学,2024,四川,本科批B段,理科,,,543,47451,
4106001,河南科技大学,2024,四川,本科批B段,理科,,,543,47451,
4107,中原工学院,2024,四川,本科批B段,理科,,,510,102420,
4107001,中原工学院,2024,四川,本科批B段,理科,,,510,102420,
4108,河南农业大学,2024,四川,本科批B段,理科,,,467,84610,
4108001,河南农业大学,2024,四川,本科批B段,理科,,,467,84610,
4109,河南牧业经济学院,2024,四川,本科批B段,理科,,,501,130043,
4109001,河南牧业经济学院,2024,四川,本科批B段,理科,,,501,130043,
4110,河南工程学院,2024,四川,本科批B段,理科,,,508,114610,
4110001,河南工程学院,2024,四川,本科批B段,理科,,,508,114610,
4111,河南中医药大学,2024,四川,本科批B段,理科,,,498,68319,
4111001,河南中医药大学,2024,四川,本科批B段,理科,,,498,68319,
4112,新乡医学院,2024,四川,本科批B段,理科,,,589,31002,
4112001,新乡医学院,2024,四川,本科批B段,理科,,,589,31002,
4113,河南大学,2024,四川,本科批B段,理科,,,562,43810,
4113001,河南大学,2024,四川,本科批B段,理科,,,562,43810,
4115,河南师范大学,2024,四川,本科批B段,理科,,,539,59985,
4115001,河南师范大学,2024,四川,本科批B段,理科,,,539,59985,
4118,南阳师范学院,2024,四川,本科批B段,理科,,,504,124295,
4118001,南阳师范学院,2024,四川,本科批B段,理科,,,504,124295,
4119,洛阳师范学院,2024,四川,本科批B段,理科,,,512,115972,
4119001,洛阳师范学院,2024,四川,本科批B段,理科,,,512,115972,
4121,河南财经政法大学,2024,四川,本科批B段,理科,,,545,51035,
4121001,河南财经政法大学,2024,四川,本科批B段,理科,,,545,51035,
4123,郑州航空工业管理学院,2024,四川,本科批B段,理科,,,526,76347,
4123001,郑州航空工业管理学院,2024,四川,本科批B段,理科,,,526,76347,
4124,安阳师范学院,2024,四川,本科批B段,理科,,,498,125728,
4124001,安阳师范学院,2024,四川,本科批B段,理科,,,498,125728,
4126,郑州师范学院,2024,四川,本科批B段,理科,,,519,109199,
4126001,郑州师范学院,2024,四川,本科批B段,理科,,,519,109199,
4128,黄淮学院,2024,四川,本科批B段,理科,,,502,127159,
4128001,黄淮学院,2024,四川,本科批B段,理科,,,502,127159,
4129,郑州工程技术学院,2024,四川,本科批B段,理科,,,463,118741,
4129001,郑州工程技术学院,2024,四川,本科批B段,理科,,,463,118741,
4131,洛阳理工学院,2024,四川,本科批B段,理科,,,523,94628,
4131001,洛阳理工学院,2024,四川,本科批B段,理科,,,523,94628,
4132,新乡学院,2024,四川,本科批B段,理科,,,502,127159,
4132001,新乡学院,2024,四川,本科批B段,理科,,,502,127159,
4133,河南财政金融学院,2024,四川,本科批B段,理科,,,508,117337,
4133001,河南财政金融学院,2024,四川,本科批B段,理科,,,508,117337,
4135,信阳农林学院,2024,四川,本科批B段,理科,,,501,132951,
4135001,信阳农林学院,2024,四川,本科批B段,理科,,,501,132951,
4138,河南工学院,2024,四川,本科批B段,理科,,,509,111900,
4138001,河南工学院,2024,四川,本科批B段,理科,,,509,111900,
4139,安阳工学院,2024,四川,本科批B段,理科,,,506,118741,
4139001,安阳工学院,2024,四川,本科批B段,理科,,,506,118741,
4141,信阳师范大学,2024,四川,本科批B段,理科,,,507,118741,
4141001,信阳师范大学,2024,四川,本科批B段,理科,,,507,118741,
4142,商丘师范学院,2024,四川,本科批B段,理科,,,500,124295,
4142001,商丘师范学院,2024,四川,本科批B段,理科,,,500,124295,
4146,南阳理工学院,2024,四川,本科批B段,理科,,,517,106510,
4146001,南阳理工学院,2024,四川,本科批B段,理科,,,517,106510,
4147,河南城建学院,2024,四川,本科批B段,理科,,,501,124295,
4147001,河南城建学院,2024,四川,本科批B段,理科,,,501,124295,
4150,郑州商学院,2024,四川,本科批B段,理科,,,477,159060,
4150001,郑州商学院,2024,四川,本科批B段,理科,,,477,159060,
4151,平顶山学院,2024,四川,本科批B段,理科,,,502,132951,
4151001,平顶山学院,2024,四川,本科批B段,理科,,,502,132951,
4162,郑州财经学院,2024,四川,本科批B段,理科,,,480,150457,
4162001,郑州财经学院,2024,四川,本科批B段,理科,,,480,150457,
4165,郑州科技学院,2024,四川,本科批B段,理科,,,473,153336,
4165001,郑州科技学院,2024,四川,本科批B段,理科,,,473,153336,
4177,郑州工业应用技术学院,2024,四川,本科批B段,理科,,,473,174832,
4177001,郑州工业应用技术学院,2024,四川,本科批B段,理科,,,473,174832,
4181,黄河科技学院,2024,四川,本科批B段,理科,,,475,166346,
4181001,黄河科技学院,2024,四川,本科批B段,理科,,,475,166346,
4182,新乡医学院三全学院,2024,四川,本科批B段,理科,,,468,130043,
4182001,新乡医学院三全学院,2024,四川,本科批B段,理科,,,468,130043,
4183,郑州经贸学院,2024,四川,本科批B段,理科,,,477,167724,
4183001,郑州经贸学院,2024,四川,本科批B段,理科,,,477,167724,
4185,郑州升达经贸管理学院,2024,四川,本科批B段,理科,,,472,171949,
4185001,郑州升达经贸管理学院,2024,四川,本科批B段,理科,,,472,171949,
4192,河南科技学院,2024,四川,本科批B段,理科,,,504,113261,
4192001,河南科技学院,2024,四川,本科批B段,理科,,,504,113261,
42,山东大学,2024,四川,本科批B段,理科,,,576,2772,
42001,山东大学,2024,四川,本科批B段,理科,,,576,2772,
4201,长江大学,2024,四川,本科批B段,理科,,,556,41194,
4201001,长江大学,2024,四川,本科批B段,理科,,,556,41194,
4202,武汉工程大学,2024,四川,本科批B段,理科,,,539,29596,
4202001,武汉工程大学,2024,四川,本科批B段,理科,,,539,29596,
4203,湖北大学,2024,四川,本科批B段,理科,,,583,28929,
4203001,湖北大学,2024,四川,本科批B段,理科,,,583,28929,
4204,武汉纺织大学,2024,四川,本科批B段,理科,,,547,61000,
4204001,武汉纺织大学,2024,四川,本科批B段,理科,,,547,61000,
4205,武汉轻工大学,2024,四川,本科批B段,理科,,,542,65058,
4205001,武汉轻工大学,2024,四川,本科批B段,理科,,,542,65058,
4207,湖北工业大学,2024,四川,本科批B段,理科,,,573,23113,
4207001,湖北工业大学,2024,四川,本科批B段,理科,,,573,23113,
4208,湖北中医药大学,2024,四川,本科批B段,理科,,,459,52000,
4208001,湖北中医药大学,2024,四川,本科批B段,理科,,,459,52000,
4209,湖北师范大学,2024,四川,本科批B段,理科,,,518,83354,
4209001,湖北师范大学,2024,四川,本科批B段,理科,,,518,83354,
4213,湖北民族大学,2024,四川,本科批B段,理科,,,467,90739,
4213001,湖北民族大学,2024,四川,本科批B段,理科,,,516,90739,
4214,汉江师范学院,2024,四川,本科批B段,理科,,,501,113261,
4214001,汉江师范学院,2024,四川,本科批B段,理科,,,501,113261,
4215,湖北文理学院,2024,四川,本科批B段,理科,,,521,105171,
4215001,湖北文理学院,2024,四川,本科批B段,理科,,,521,105171,
4216,武汉体育学院,2024,四川,本科批B段,理科,,,515,109199,
4216001,武汉体育学院,2024,四川,本科批B段,理科,,,515,109199,
4217,湖北汽车工业学院,2024,四川,本科批B段,理科,,,527,68319,
4217001,湖北汽车工业学院,2024,四川,本科批B段,理科,,,552,68319,
4217002,湖北汽车工业学院,2024,四川,本科批B段,理科,,,527,77468,
4219,湖北工程学院,2024,四川,本科批B段,理科,,,518,93315,
4219001,湖北工程学院,2024,四川,本科批B段,理科,,,518,93315,
4220,湖北第二师范学院,2024,四川,本科批B段,理科,,,510,102420,
4220001,湖北第二师范学院,2024,四川,本科批B段,理科,,,510,102420,
4223,湖北理工学院,2024,四川,本科批B段,理科,,,530,84610,
4223001,湖北理工学院,2024,四川,本科批B段,理科,,,530,84610,
4225,湖北医药学院,2024,四川,本科批B段,理科,,,481,57912,
4225001,湖北医药学院,2024,四川,本科批B段,理科,,,481,57912,
4226,武昌工学院,2024,四川,本科批B段,理科,,,474,170539,
4226001,武昌工学院,2024,四川,本科批B段,理科,,,474,170539,
4227,湖北大学知行学院,2024,四川,本科批B段,理科,,,487,141786,
4227001,湖北大学知行学院,2024,四川,本科批B段,理科,,,487,141786,
4237,武汉商学院,2024,四川,本科批B段,理科,,,509,106510,
4237001,武汉商学院,2024,四川,本科批B段,理科,,,509,106510,
4239,武汉科技大学,2024,四川,本科批B段,理科,,,572,26883,
4239001,武汉科技大学,2024,四川,本科批B段,理科,,,572,26883,
4240,武汉学院,2024,四川,本科批B段,理科,,,477,160534,
4240001,武汉学院,2024,四川,本科批B段,理科,,,477,160534,
4241,三峡大学,2024,四川,本科批B段,理科,,,520,15562,
4241001,三峡大学,2024,四川,本科批B段,理科,,,558,15562,
4242,江汉大学,2024,四川,本科批B段,理科,,,576,36338,
4242001,江汉大学,2024,四川,本科批B段,理科,,,576,36338,
4244,湖北经济学院,2024,四川,本科批B段,理科,,,530,77468,
4244001,湖北经济学院,2024,四川,本科批B段,理科,,,530,77468,
4246,武汉工程科技学院,2024,四川,本科批B段,理科,,,473,160534,
4246001,武汉工程科技学院,2024,四川,本科批B段,理科,,,473,160534,
4247,武昌理工学院,2024,四川,本科批B段,理科,,,478,161985,
4247001,武昌理工学院,2024,四川,本科批B段,理科,,,478,161985,
4248,三峡大学科技学院,2024,四川,本科批B段,理科,,,495,138841,
4248001,三峡大学科技学院,2024,四川,本科批B段,理科,,,495,138841,
4250,湖北商贸学院,2024,四川,本科批B段,理科,,,470,177723,
4250001,湖北商贸学院,2024,四川,本科批B段,理科,,,470,177723,
4257,荆楚理工学院,2024,四川,本科批B段,理科,,,465,62994,
4257001,荆楚理工学院,2024,四川,本科批B段,理科,,,465,62994,
4261,武汉生物工程学院,2024,四川,本科批B段,理科,,,496,134379,
4261001,武汉生物工程学院,2024,四川,本科批B段,理科,,,496,134379,
4276,黄冈师范学院,2024,四川,本科批B段,理科,,,508,114610,
4276001,黄冈师范学院,2024,四川,本科批B段,理科,,,508,114610,
4278,湖北科技学院,2024,四川,本科批B段,理科,,,525,77468,
4278001,湖北科技学院,2024,四川,本科批B段,理科,,,525,77468,
4288,武昌首义学院,2024,四川,本科批B段,理科,,,493,120142,
4288001,武昌首义学院,2024,四川,本科批B段,理科,,,493,120142,
4289,武汉工程大学邮电与信息工程学院,2024,四川,本科批B段,理科,,,480,151891,
4289001,武汉工程大学邮电与信息工程学院,2024,四川,本科批B段,理科,,,480,151891,
4291,武汉传媒学院,2024,四川,本科批B段,理科,,,481,163469,
4291001,武汉传媒学院,2024,四川,本科批B段,理科,,,481,163469,
4292,湖北经济学院法商学院,2024,四川,本科批B段,理科,,,470,174832,
4292001,湖北经济学院法商学院,2024,四川,本科批B段,理科,,,470,174832,
4293,武汉体育学院体育科技学院,2024,四川,本科批B段,理科,,,469,163469,
4293001,武汉体育学院体育科技学院,2024,四川,本科批B段,理科,,,469,163469,
4295,湖北文理学院理工学院,2024,四川,本科批B段,理科,,,485,144724,
4295001,湖北文理学院理工学院,2024,四川,本科批B段,理科,,,485,144724,
4296,武汉城市学院,2024,四川,本科批B段,理科,,,475,160534,
4296001,武汉城市学院,2024,四川,本科批B段,理科,,,475,160534,
4298,武汉晴川学院,2024,四川,本科批B段,理科,,,473,163469,
4298001,武汉晴川学院,2024,四川,本科批B段,理科,,,473,163469,
4299,武汉工商学院,2024,四川,本科批B段,理科,,,479,164858,
4299001,武汉工商学院,2024,四川,本科批B段,理科,,,479,164858,
43,中国海洋大学,2024,四川,本科批B段,理科,,,588,8632,
43001,中国海洋大学,2024,四川,本科批B段,理科,,,625,8632,
4301,湘潭大学,2024,四川,本科批B段,理科,,,563,17563,
4301001,湘潭大学,2024,四川,本科批B段,理科,,,563,17563,
4302,吉首大学,2024,四川,本科批B段,理科,,,469,70573,
4302001,吉首大学,2024,四川,本科批B段,理科,,,548,70573,
4302002,吉首大学,2024,四川,本科批B段,理科,,,534,88281,
4304,湖南科技大学,2024,四川,本科批B段,理科,,,559,37088,
4304001,湖南科技大学,2024,四川,本科批B段,理科,,,559,37088,
4306,长沙理工大学,2024,四川,本科批B段,理科,,,591,11962,
4306001,长沙理工大学,2024,四川,本科批B段,理科,,,591,11962,
4307,湖南农业大学,2024,四川,本科批B段,理科,,,539,67210,
4307001,湖南农业大学,2024,四川,本科批B段,理科,,,553,67210,
4307002,湖南农业大学,2024,四川,本科批B段,理科,,,539,75136,
4308,中南林业科技大学,2024,四川,本科批B段,理科,,,551,55901,
4308001,中南林业科技大学,2024,四川,本科批B段,理科,,,551,55901,
4310,湖南中医药大学,2024,四川,本科批B段,理科,,,524,20321,
4310001,湖南中医药大学,2024,四川,本科批B段,理科,,,586,20321,
4310002,湖南中医药大学,2024,四川,本科批B段,理科,,,524,78624,
4311,湖南师范大学,2024,四川,本科批B段,理科,,,539,17563,
4311001,湖南师范大学,2024,四川,本科批B段,理科,,,539,17563,
4312,湖南理工学院,2024,四川,本科批B段,理科,,,554,61000,
4312001,湖南理工学院,2024,四川,本科批B段,理科,,,554,61000,
4314,湘南学院,2024,四川,本科批B段,理科,,,490,58918,
4314001,湘南学院,2024,四川,本科批B段,理科,,,490,58918,
4315,衡阳师范学院,2024,四川,本科批B段,理科,,,507,103768,
4315001,衡阳师范学院,2024,四川,本科批B段,理科,,,507,103768,
4317,怀化学院,2024,四川,本科批B段,理科,,,517,97206,
4317001,怀化学院,2024,四川,本科批B段,理科,,,517,97206,
4318,湖南文理学院,2024,四川,本科批B段,理科,,,521,105171,
4318001,湖南文理学院,2024,四川,本科批B段,理科,,,521,105171,
4319,湖南科技学院,2024,四川,本科批B段,理科,,,505,125728,
4319001,湖南科技学院,2024,四川,本科批B段,理科,,,505,125728,
4321,湖南工商大学,2024,四川,本科批B段,理科,,,539,65058,
4321001,湖南工商大学,2024,四川,本科批B段,理科,,,547,65058,
4321002,湖南工商大学,2024,四川,本科批B段,理科,,,539,70573,
4322,湖南第一师范学院,2024,四川,本科批B段,理科,,,528,88281,
4322001,湖南第一师范学院,2024,四川,本科批B段,理科,,,528,88281,
433,哈尔滨工程大学,2024,四川,本科批B段,理科,,,650,4759,
4330,湖南警察学院,2024,四川,本科批B段,理科,,,531,81017,
4330001,湖南警察学院,2024,四川,本科批B段,理科,,,531,81017,
433001,哈尔滨工程大学,2024,四川,本科批B段,理科,,,650,4759,
4331,湖南城市学院,2024,四川,本科批B段,理科,,,514,106510,
4331001,湖南城市学院,2024,四川,本科批B段,理科,,,514,106510,
4333,湖南财政经济学院,2024,四川,本科批B段,理科,,,512,84610,
4333001,湖南财政经济学院,2024,四川,本科批B段,理科,,,512,84610,
4335,湖南工业大学,2024,四川,本科批B段,理科,,,502,45579,
4335001,湖南工业大学,2024,四川,本科批B段,理科,,,552,45579,
4339,南华大学,2024,四川,本科批B段,理科,,,574,29596,
4339001,南华大学,2024,四川,本科批B段,理科,,,574,29596,
4341,湖南工程学院,2024,四川,本科批B段,理科,,,525,89526,
4341001,湖南工程学院,2024,四川,本科批B段,理科,,,525,89526,
4343,邵阳学院,2024,四川,本科批B段,理科,,,515,70573,
4343001,邵阳学院,2024,四川,本科批B段,理科,,,515,70573,
4344,湖南文理学院芙蓉学院,2024,四川,本科批B段,理科,,,498,135858,
4344001,湖南文理学院芙蓉学院,2024,四川,本科批B段,理科,,,498,135858,
4346,湖南工学院,2024,四川,本科批B段,理科,,,498,87003,
4346001,湖南工学院,2024,四川,本科批B段,理科,,,527,87003,
4347,长沙师范学院,2024,四川,本科批B段,理科,,,517,111900,
4347001,长沙师范学院,2024,四川,本科批B段,理科,,,517,111900,
4353,长沙医学院,2024,四川,本科批B段,理科,,,522,78624,
4353001,长沙医学院,2024,四川,本科批B段,理科,,,522,78624,
4354,湖南应用技术学院,2024,四川,本科批B段,理科,,,473,171949,
4354001,湖南应用技术学院,2024,四川,本科批B段,理科,,,473,171949,
4357,湖南医药学院,2024,四川,本科批B段,理科,,,501,64020,
4357001,湖南医药学院,2024,四川,本科批B段,理科,,,501,64020,
4365,湖南涉外经济学院,2024,四川,本科批B段,理科,,,465,161985,
4365001,湖南涉外经济学院,2024,四川,本科批B段,理科,,,465,161985,
4393,湖南工业大学科技学院,2024,四川,本科批B段,理科,,,495,135858,
4393001,湖南工业大学科技学院,2024,四川,本科批B段,理科,,,495,135858,
4394,湖南工程学院应用技术学院,2024,四川,本科批B段,理科,,,492,144724,
4394001,湖南工程学院应用技术学院,2024,四川,本科批B段,理科,,,492,144724,
4395,南华大学船山学院,2024,四川,本科批B段,理科,,,493,144724,
4395001,南华大学船山学院,2024,四川,本科批B段,理科,,,493,144724,
4397,长沙理工大学城南学院,2024,四川,本科批B段,理科,,,497,130043,
4397001,长沙理工大学城南学院,2024,四川,本科批B段,理科,,,497,130043,
4399,衡阳师范学院南岳学院,2024,四川,本科批B段,理科,,,487,154832,
4399001,衡阳师范学院南岳学院,2024,四川,本科批B段,理科,,,487,154832,
44,中国石油大学(华东),2024,四川,本科批B段,理科,,,614,12825,
44001,中国石油大学(华东),2024,四川,本科批B段,理科,,,614,12825,
4402,汕头大学,2024,四川,本科批B段,理科,,,576,10413,
4402001,汕头大学,2024,四川,本科批B段,理科,,,576,10413,
4404,华南农业大学,2024,四川,本科批B段,理科,,,540,21383,
4404001,华南农业大学,2024,四川,本科批B段,理科,,,540,21383,
4405,广州大学,2024,四川,本科批B段,理科,,,602,20827,
4405001,广州大学,2024,四川,本科批B段,理科,,,602,20827,
4406,广东海洋大学,2024,四川,本科批B段,理科,,,531,57912,
4406001,广东海洋大学,2024,四川,本科批B段,理科,,,551,57912,
4406002,广东海洋大学,2024,四川,本科批B段,理科,,,531,81017,
4408,广州中医药大学,2024,四川,本科批B段,理科,,,575,15562,
4408001,广州中医药大学,2024,四川,本科批B段,理科,,,575,15562,
4409,广东药科大学,2024,四川,本科批B段,理科,,,565,40367,
4409001,广东药科大学,2024,四川,本科批B段,理科,,,565,40367,
4410,华南师范大学,2024,四川,本科批B段,理科,,,601,17064,
4410001,华南师范大学,2024,四川,本科批B段,理科,,,601,17064,
4411,香港城市大学(东莞),2024,四川,本科批B段,理科,,,618,12825,
4411001,香港城市大学(东莞),2024,四川,本科批B段,理科,,,618,12825,
4412,韶关学院,2024,四川,本科批B段,理科,,,505,127159,
4412001,韶关学院,2024,四川,本科批B段,理科,,,505,127159,
4413,惠州学院,2024,四川,本科批B段,理科,,,516,106510,
4413001,惠州学院,2024,四川,本科批B段,理科,,,516,106510,
4415,岭南师范学院,2024,四川,本科批B段,理科,,,509,115972,
4415001,岭南师范学院,2024,四川,本科批B段,理科,,,509,115972,
4417,嘉应学院,2024,四川,本科批B段,理科,,,498,128623,
4417001,嘉应学院,2024,四川,本科批B段,理科,,,498,128623,
4424,深圳大学,2024,四川,本科批B段,理科,,,618,6814,
4424001,深圳大学,2024,四川,本科批B段,理科,,,618,6814,
4425,广东警官学院,2024,四川,本科批B段,理科,,,545,76347,
4425001,广东警官学院,2024,四川,本科批B段,理科,,,545,76347,
4426,广东财经大学,2024,四川,本科批B段,理科,,,566,47451,
4426001,广东财经大学,2024,四川,本科批B段,理科,,,566,47451,
4427,广东金融学院,2024,四川,本科批B段,理科,,,535,77468,
4427001,广东金融学院,2024,四川,本科批B段,理科,,,535,77468,
4429,广东医科大学,2024,四川,本科批B段,理科,,,576,24323,
4429001,广东医科大学,2024,四川,本科批B段,理科,,,576,24323,
4432,东莞理工学院,2024,四川,本科批B段,理科,,,540,42941,
4432001,东莞理工学院,2024,四川,本科批B段,理科,,,573,42941,
4432002,东莞理工学院,2024,四川,本科批B段,理科,,,540,64020,
4434,韩山师范学院,2024,四川,本科批B段,理科,,,500,131486,
4434001,韩山师范学院,2024,四川,本科批B段,理科,,,500,131486,
4435,广东石油化工学院,2024,四川,本科批B段,理科,,,524,81017,
4435001,广东石油化工学院,2024,四川,本科批B段,理科,,,524,81017,
4436,佛山大学,2024,四川,本科批B段,理科,,,515,64020,
4436001,佛山大学,2024,四川,本科批B段,理科,,,552,64020,
4436002,佛山大学,2024,四川,本科批B段,理科,,,515,95844,
4437,广东外语外贸大学,2024,四川,本科批B段,理科,,,563,20827,
4437001,广东外语外贸大学,2024,四川,本科批B段,理科,,,563,20827,
4438,广东工业大学,2024,四川,本科批B段,理科,,,559,20321,
4438001,广东工业大学,2024,四川,本科批B段,理科,,,559,20321,
4439,南方医科大学,2024,四川,本科批B段,理科,,,597,5705,
4439001,南方医科大学,2024,四川,本科批B段,理科,,,597,5705,
4441,北京师范大学-香港浸会大学联合国际学院,2024,四川,本科批B段,理科,,,573,39504,
4441001,北京师范大学-香港浸会大学联合国际学院,2024,四川,本科批B段,理科,,,573,39504,
4442,珠海科技学院,2024,四川,本科批B段,理科,,,496,114610,
4442001,珠海科技学院,2024,四川,本科批B段,理科,,,496,114610,
4444,五邑大学,2024,四川,本科批B段,理科,,,531,83354,
4444001,五邑大学,2024,四川,本科批B段,理科,,,531,83354,
4445,广州应用科技学院,2024,四川,本科批B段,理科,,,466,180581,
4445001,广州应用科技学院,2024,四川,本科批B段,理科,,,466,180581,
4448,广东工商职业技术大学,2024,四川,本科批B段,理科,,,462,188810,
4448001,广东工商职业技术大学,2024,四川,本科批B段,理科,,,462,188810,
4450,广东科技学院,2024,四川,本科批B段,理科,,,467,179142,
4450001,广东科技学院,2024,四川,本科批B段,理科,,,467,179142,
4452,广东白云学院,2024,四川,本科批B段,理科,,,465,183371,
4452001,广东白云学院,2024,四川,本科批B段,理科,,,465,183371,
4454,广东技术师范大学,2024,四川,本科批B段,理科,,,533,85806,
4454001,广东技术师范大学,2024,四川,本科批B段,理科,,,533,85806,
4458,广东以色列理工学院,2024,四川,本科批B段,理科,,,567,34790,
4458001,广东以色列理工学院,2024,四川,本科批B段,理科,,,567,34790,
4461,广州商学院,2024,四川,本科批B段,理科,,,466,156250,
4461001,广州商学院,2024,四川,本科批B段,理科,,,466,156250,
4469,广州工商学院,2024,四川,本科批B段,理科,,,465,183371,
4469001,广州工商学院,2024,四川,本科批B段,理科,,,465,183371,
4473,广东东软学院,2024,四川,本科批B段,理科,,,465,169097,
4473001,广东东软学院,2024,四川,本科批B段,理科,,,465,169097,
4477,广州科技职业技术大学,2024,四川,本科批B段,理科,,,463,184656,
4477001,广州科技职业技术大学,2024,四川,本科批B段,理科,,,463,184656,
4489,广州软件学院,2024,四川,本科批B段,理科,,,470,161985,
4489001,广州软件学院,2024,四川,本科批B段,理科,,,470,161985,
4490,广州新华学院,2024,四川,本科批B段,理科,,,466,169097,
4490001,广州新华学院,2024,四川,本科批B段,理科,,,466,169097,
4491,湛江科技学院,2024,四川,本科批B段,理科,,,463,186060,
4491001,湛江科技学院,2024,四川,本科批B段,理科,,,463,186060,
4492,广州南方学院,2024,四川,本科批B段,理科,,,471,164858,
4492001,广州南方学院,2024,四川,本科批B段,理科,,,471,164858,
4493,广东外语外贸大学南国商学院,2024,四川,本科批B段,理科,,,464,182021,
4493001,广东外语外贸大学南国商学院,2024,四川,本科批B段,理科,,,464,182021,
4494,广州城市理工学院,2024,四川,本科批B段,理科,,,467,146159,
4494001,广州城市理工学院,2024,四川,本科批B段,理科,,,467,146159,
4495,电子科技大学中山学院,2024,四川,本科批B段,理科,,,494,110543,
4495001,电子科技大学中山学院,2024,四川,本科批B段,理科,,,494,110543,
4496,东莞城市学院,2024,四川,本科批B段,理科,,,463,176253,
4496001,东莞城市学院,2024,四川,本科批B段,理科,,,463,176253,
4498,广州华立学院,2024,四川,本科批B段,理科,,,462,184656,
4498001,广州华立学院,2024,四川,本科批B段,理科,,,462,184656,
45,武汉大学,2024,四川,本科批B段,理科,,,662,819,
45001,武汉大学,2024,四川,本科批B段,理科,,,662,819,
4501,广西大学,2024,四川,本科批B段,理科,,,588,17563,
4501001,广西大学,2024,四川,本科批B段,理科,,,588,17563,
4502,广西科技大学,2024,四川,本科批B段,理科,,,529,83354,
4502001,广西科技大学,2024,四川,本科批B段,理科,,,529,83354,
4503,桂林电子科技大学,2024,四川,本科批B段,理科,,,479,19193,
4503001,桂林电子科技大学,2024,四川,本科批B段,理科,,,608,19193,
4503002,桂林电子科技大学,2024,四川,本科批B段,理科,,,548,34790,
4504,桂林理工大学,2024,四川,本科批B段,理科,,,508,61000,
4504001,桂林理工大学,2024,四川,本科批B段,理科,,,551,61000,
4504002,桂林理工大学,2024,四川,本科批B段,理科,,,508,84610,
4505,广西财经学院,2024,四川,本科批B段,理科,,,509,110543,
4505001,广西财经学院,2024,四川,本科批B段,理科,,,509,110543,
4506,广西医科大学,2024,四川,本科批B段,理科,,,523,10413,
4506001,广西医科大学,2024,四川,本科批B段,理科,,,595,10413,
4506002,广西医科大学,2024,四川,本科批B段,理科,,,523,98464,
4507,右江民族医学院,2024,四川,本科批B段,理科,,,498,62014,
4507001,右江民族医学院,2024,四川,本科批B段,理科,,,498,62014,
4508,广西中医药大学,2024,四川,本科批B段,理科,,,472,82156,
4508001,广西中医药大学,2024,四川,本科批B段,理科,,,472,82156,
4509,桂林医学院,2024,四川,本科批B段,理科,,,460,146159,
4509001,桂林医学院,2024,四川,本科批B段,理科,,,460,146159,
4510,广西师范大学,2024,四川,本科批B段,理科,,,526,71745,
4510001,广西师范大学,2024,四川,本科批B段,理科,,,526,71745,
4513,南宁师范大学,2024,四川,本科批B段,理科,,,513,99813,
4513001,南宁师范大学,2024,四川,本科批B段,理科,,,513,99813,
4514,玉林师范学院,2024,四川,本科批B段,理科,,,491,124295,
4514001,玉林师范学院,2024,四川,本科批B段,理科,,,491,124295,
4517,南宁学院,2024,四川,本科批B段,理科,,,472,171949,
4517001,南宁学院,2024,四川,本科批B段,理科,,,472,171949,
4518,广西民族大学,2024,四川,本科批B段,理科,,,512,95844,
4518001,广西民族大学,2024,四川,本科批B段,理科,,,512,95844,
4520,桂林航天工业学院,2024,四川,本科批B段,理科,,,526,88281,
4520001,桂林航天工业学院,2024,四川,本科批B段,理科,,,526,88281,
4521,河池学院,2024,四川,本科批B段,理科,,,503,127159,
4521001,河池学院,2024,四川,本科批B段,理科,,,503,127159,
4523,百色学院,2024,四川,本科批B段,理科,,,502,125728,
4523001,百色学院,2024,四川,本科批B段,理科,,,502,125728,
4525,桂林旅游学院,2024,四川,本科批B段,理科,,,502,118741,
4525001,桂林旅游学院,2024,四川,本科批B段,理科,,,502,118741,
4528,北部湾大学,2024,四川,本科批B段,理科,,,506,109199,
4528001,北部湾大学,2024,四川,本科批B段,理科,,,506,109199,
4532,广西科技师范学院,2024,四川,本科批B段,理科,,,505,121474,
4532001,广西科技师范学院,2024,四川,本科批B段,理科,,,505,121474,
4545,梧州学院,2024,四川,本科批B段,理科,,,501,128623,
4545001,梧州学院,2024,四川,本科批B段,理科,,,501,128623,
4546,贺州学院,2024,四川,本科批B段,理科,,,501,128623,
4546001,贺州学院,2024,四川,本科批B段,理科,,,501,128623,
4566,广西外国语学院,2024,四川,本科批B段,理科,,,464,184656,
4566001,广西外国语学院,2024,四川,本科批B段,理科,,,464,184656,
4567,广西城市职业大学,2024,四川,本科批B段,理科,,,465,184656,
4567001,广西城市职业大学,2024,四川,本科批B段,理科,,,465,184656,
4583,广西民族师范学院,2024,四川,本科批B段,理科,,,502,128623,
4583001,广西民族师范学院,2024,四川,本科批B段,理科,,,502,128623,
4590,广西中医药大学赛恩斯新医药学院,2024,四川,本科批B段,理科,,,502,117337,
4590001,广西中医药大学赛恩斯新医药学院,2024,四川,本科批B段,理科,,,502,117337,
4591,桂林信息科技学院,2024,四川,本科批B段,理科,,,469,173422,
4591001,桂林信息科技学院,2024,四川,本科批B段,理科,,,469,173422,
4592,柳州工学院,2024,四川,本科批B段,理科,,,467,177723,
4592001,柳州工学院,2024,四川,本科批B段,理科,,,467,177723,
4595,广西民族大学相思湖学院,2024,四川,本科批B段,理科,,,477,141786,
4595001,广西民族大学相思湖学院,2024,四川,本科批B段,理科,,,477,141786,
4596,南宁理工学院,2024,四川,本科批B段,理科,,,469,179142,
4596001,南宁理工学院,2024,四川,本科批B段,理科,,,469,179142,
46,中国地质大学(武汉),2024,四川,本科批B段,理科,,,563,13245,
46001,中国地质大学(武汉),2024,四川,本科批B段,理科,,,613,13245,
4602,武汉工程大学,2024,四川,本科批B段,理科,,,547,74037,
4602001,武汉工程大学,2024,四川,本科批B段,理科,,,547,74037,
4605,海南大学,2024,四川,本科批B段,理科,,,596,18625,
4605001,海南大学,2024,四川,本科批B段,理科,,,596,18625,
4607,湖北工业大学,2024,四川,本科批B段,理科,,,561,54889,
4607001,湖北工业大学,2024,四川,本科批B段,理科,,,561,54889,
4608,广西中医药大学,2024,四川,本科批B段,理科,,,505,128623,
4608001,广西中医药大学,2024,四川,本科批B段,理科,,,505,128623,
4611,海南热带海洋学院,2024,四川,本科批B段,理科,,,502,113261,
4611001,海南热带海洋学院,2024,四川,本科批B段,理科,,,502,113261,
4613,厦门理工学院,2024,四川,本科批B段,理科,,,534,87003,
4613001,厦门理工学院,2024,四川,本科批B段,理科,,,534,87003,
4615,海南师范大学,2024,四川,本科批B段,理科,,,539,71745,
4615001,海南师范大学,2024,四川,本科批B段,理科,,,539,71745,
4617,海南医科大学,2024,四川,本科批B段,理科,,,504,26240,
4617001,海南医科大学,2024,四川,本科批B段,理科,,,597,26240,
4617002,海南医科大学,2024,四川,本科批B段,理科,,,504,71745,
4618,琼台师范学院,2024,四川,本科批B段,理科,,,489,122881,
4618001,琼台师范学院,2024,四川,本科批B段,理科,,,489,122881,
4620,湖南人文科技学院,2024,四川,本科批B段,理科,,,492,147598,
4620001,湖南人文科技学院,2024,四川,本科批B段,理科,,,492,147598,
4652,海口经济学院,2024,四川,本科批B段,理科,,,459,190094,
4652001,海口经济学院,2024,四川,本科批B段,理科,,,459,190094,
4666,海南比勒费尔德应用科学大学,2024,四川,本科批B段,理科,,,540,44683,
4666001,海南比勒费尔德应用科学大学,2024,四川,本科批B段,理科,,,540,44683,
4677,海南科技职业大学,2024,四川,本科批B段,理科,,,463,174832,
4677001,海南科技职业大学,2024,四川,本科批B段,理科,,,463,174832,
4691,三亚学院,2024,四川,本科批B段,理科,,,459,157656,
4691001,三亚学院,2024,四川,本科批B段,理科,,,459,157656,
47,华中农业大学,2024,四川,本科批B段,理科,,,590,14164,
47001,华中农业大学,2024,四川,本科批B段,理科,,,610,14164,
4705,河南工业大学,2024,四川,本科批B段,理科,,,544,76347,
4705001,河南工业大学,2024,四川,本科批B段,理科,,,544,76347,
4708,中南林业科技大学,2024,四川,本科批B段,理科,,,539,74037,
4708001,中南林业科技大学,2024,四川,本科批B段,理科,,,539,74037,
4709,河南农业大学,2024,四川,本科批B段,理科,,,497,137269,
4709001,河南农业大学,2024,四川,本科批B段,理科,,,497,137269,
4741,海南师范大学,2024,四川,本科批B段,理科,,,551,69408,
4741001,海南师范大学,2024,四川,本科批B段,理科,,,551,69408,
4746,南阳理工学院,2024,四川,本科批B段,理科,,,497,140317,
4746001,南阳理工学院,2024,四川,本科批B段,理科,,,497,140317,
4754,郑州轻工业大学,2024,四川,本科批B段,理科,,,530,94628,
4754001,郑州轻工业大学,2024,四川,本科批B段,理科,,,530,94628,
4755,南阳师范学院,2024,四川,本科批B段,理科,,,492,146159,
4755001,南阳师范学院,2024,四川,本科批B段,理科,,,492,146159,
4761,武汉纺织大学外经贸学院,2024,四川,本科批B段,理科,,,474,166346,
4761001,武汉纺织大学外经贸学院,2024,四川,本科批B段,理科,,,474,166346,
4762,文华学院,2024,四川,本科批B段,理科,,,482,146159,
4762001,文华学院,2024,四川,本科批B段,理科,,,482,146159,
4782,广东理工学院,2024,四川,本科批B段,理科,,,468,174832,
4782001,广东理工学院,2024,四川,本科批B段,理科,,,468,174832,
4790,深圳技术大学,2024,四川,本科批B段,理科,,,599,13702,
4790001,深圳技术大学,2024,四川,本科批B段,理科,,,599,13702,
4791,三亚学院,2024,四川,本科批B段,理科,,,460,192766,
4791001,三亚学院,2024,四川,本科批B段,理科,,,460,192766,
4794,郑州航空工业管理学院,2024,四川,本科批B段,理科,,,515,114610,
4794001,郑州航空工业管理学院,2024,四川,本科批B段,理科,,,515,114610,
4795,广西财经学院,2024,四川,本科批B段,理科,,,499,117337,
4795001,广西财经学院,2024,四川,本科批B段,理科,,,499,117337,
4797,郑州西亚斯学院,2024,四川,本科批B段,理科,,,459,140317,
4797001,郑州西亚斯学院,2024,四川,本科批B段,理科,,,459,140317,
4799,安阳工学院,2024,四川,本科批B段,理科,,,503,131486,
4799001,安阳工学院,2024,四川,本科批B段,理科,,,503,131486,
48,华中师范大学,2024,四川,本科批B段,理科,,,589,6240,
48001,华中师范大学,2024,四川,本科批B段,理科,,,591,6240,
4801,长江大学,2024,四川,本科批B段,理科,,,540,82156,
4801001,长江大学,2024,四川,本科批B段,理科,,,540,82156,
4805,海南大学,2024,四川,本科批B段,理科,,,610,20321,
4805001,海南大学,2024,四川,本科批B段,理科,,,610,20321,
4817,湖北汽车工业学院,2024,四川,本科批B段,理科,,,523,103768,
4817001,湖北汽车工业学院,2024,四川,本科批B段,理科,,,523,103768,
4819,广西民族大学,2024,四川,本科批B段,理科,,,495,135858,
4819001,广西民族大学,2024,四川,本科批B段,理科,,,495,135858,
4828,北部湾大学,2024,四川,本科批B段,理科,,,492,140317,
4828001,北部湾大学,2024,四川,本科批B段,理科,,,492,140317,
4865,湖北恩施学院,2024,四川,本科批B段,理科,,,516,113261,
4865001,湖北恩施学院,2024,四川,本科批B段,理科,,,516,113261,
4868,湖北医药学院药护学院,2024,四川,本科批B段,理科,,,523,103768,
4868001,湖北医药学院药护学院,2024,四川,本科批B段,理科,,,523,103768,
4869,湖北师范大学文理学院,2024,四川,本科批B段,理科,,,482,150457,
4869001,湖北师范大学文理学院,2024,四川,本科批B段,理科,,,482,150457,
4873,长江大学文理学院,2024,四川,本科批B段,理科,,,489,140317,
4873001,长江大学文理学院,2024,四川,本科批B段,理科,,,489,140317,
4874,武汉设计工程学院,2024,四川,本科批B段,理科,,,471,177723,
4874001,武汉设计工程学院,2024,四川,本科批B段,理科,,,471,177723,
4876,湖北工业大学工程技术学院,2024,四川,本科批B段,理科,,,484,147598,
4876001,湖北工业大学工程技术学院,2024,四川,本科批B段,理科,,,484,147598,
4877,武汉华夏理工学院,2024,四川,本科批B段,理科,,,474,169097,
4877001,武汉华夏理工学院,2024,四川,本科批B段,理科,,,474,169097,
4885,湖南文理学院,2024,四川,本科批B段,理科,,,504,130043,
4885001,湖南文理学院,2024,四川,本科批B段,理科,,,504,130043,
4887,桂林航天工业学院,2024,四川,本科批B段,理科,,,518,110543,
4887001,桂林航天工业学院,2024,四川,本科批B段,理科,,,518,110543,
4889,信阳学院,2024,四川,本科批B段,理科,,,494,144724,
4889001,信阳学院,2024,四川,本科批B段,理科,,,494,144724,
4890,海南热带海洋学院,2024,四川,本科批B段,理科,,,475,171949,
4890001,海南热带海洋学院,2024,四川,本科批B段,理科,,,475,171949,
4893,广西农业职业技术大学,2024,四川,本科批B段,理科,,,502,131486,
4893001,广西农业职业技术大学,2024,四川,本科批B段,理科,,,502,131486,
4896,三峡大学,2024,四川,本科批B段,理科,,,608,21383,
4896001,三峡大学,2024,四川,本科批B段,理科,,,608,21383,
4898,武汉东湖学院,2024,四川,本科批B段,理科,,,479,159060,
4898001,武汉东湖学院,2024,四川,本科批B段,理科,,,479,159060,
49,湖南大学,2024,四川,本科批B段,理科,,,596,5705,
49001,湖南大学,2024,四川,本科批B段,理科,,,596,5705,
4901,郑州大学,2024,四川,本科批B段,理科,,,591,32470,
4901001,郑州大学,2024,四川,本科批B段,理科,,,591,32470,
4903,商丘工学院,2024,四川,本科批B段,理科,,,476,169097,
4903001,商丘工学院,2024,四川,本科批B段,理科,,,476,169097,
4904,深圳北理莫斯科大学,2024,四川,本科批B段,理科,,,573,42054,
4904001,深圳北理莫斯科大学,2024,四川,本科批B段,理科,,,573,42054,
4905,海南大学,2024,四川,本科批B段,理科,,,578,41194,
4905001,海南大学,2024,四川,本科批B段,理科,,,578,41194,
4906,肇庆学院,2024,四川,本科批B段,理科,,,525,101095,
4906001,肇庆学院,2024,四川,本科批B段,理科,,,525,101095,
4907,湖南农业大学,2024,四川,本科批B段,理科,,,512,101095,
4907001,湖南农业大学,2024,四川,本科批B段,理科,,,512,101095,
4928,北部湾大学,2024,四川,本科批B段,理科,,,505,128623,
4928001,北部湾大学,2024,四川,本科批B段,理科,,,505,128623,
4947,海南医科大学,2024,四川,本科批B段,理科,,,483,135858,
4947001,海南医科大学,2024,四川,本科批B段,理科,,,483,135858,
4949,武汉轻工大学,2024,四川,本科批B段,理科,,,508,120142,
4949001,武汉轻工大学,2024,四川,本科批B段,理科,,,508,120142,
4954,华南理工大学,2024,四川,本科批B段,理科,,,623,6240,
4954001,华南理工大学,2024,四川,本科批B段,理科,,,623,6240,
4957,深圳大学,2024,四川,本科批B段,理科,,,601,21383,
4957001,深圳大学,2024,四川,本科批B段,理科,,,601,21383,
4958,广东海洋大学,2024,四川,本科批B段,理科,,,520,106510,
4958001,广东海洋大学,2024,四川,本科批B段,理科,,,520,106510,
4961,湖南农业大学东方科技学院,2024,四川,本科批B段,理科,,,491,146159,
4961001,湖南农业大学东方科技学院,2024,四川,本科批B段,理科,,,491,146159,
4962,河南开封科技传媒学院,2024,四川,本科批B段,理科,,,480,157656,
4962001,河南开封科技传媒学院,2024,四川,本科批B段,理科,,,480,157656,
4964,湖南科技大学潇湘学院,2024,四川,本科批B段,理科,,,492,140317,
4964001,湖南科技大学潇湘学院,2024,四川,本科批B段,理科,,,492,140317,
4969,湖南交通工程学院,2024,四川,本科批B段,理科,,,472,163469,
4969001,湖南交通工程学院,2024,四川,本科批B段,理科,,,472,163469,
4970,南宁师范大学,2024,四川,本科批B段,理科,,,519,109199,
4970001,南宁师范大学,2024,四川,本科批B段,理科,,,519,109199,
5,北京科技大学,2024,四川,本科批B段,理科,,,608,2938,
50,中山大学,2024,四川,本科批B段,理科,,,656,1250,
50001,中山大学,2024,四川,本科批B段,理科,,,656,1250,
5001,北京科技大学,2024,四川,本科批B段,理科,,,626,2938,
5001001,重庆邮电大学,2024,四川,本科批B段,理科,,,608,16027,
5001002,重庆邮电大学,2024,四川,本科批B段,理科,,,584,37911,
5002,重庆交通大学,2024,四川,本科批B段,理科,,,558,27526,
5002001,重庆交通大学,2024,四川,本科批B段,理科,,,558,27526,
5008,重庆医科大学,2024,四川,本科批B段,理科,,,537,2616,
5008001,重庆医科大学,2024,四川,本科批B段,理科,,,564,2616,
5008002,重庆医科大学,2024,四川,本科批B段,理科,,,537,79761,
501,北京航空航天大学,2024,四川,本科批B段,理科,,,657,3312,
5010,重庆师范大学,2024,四川,本科批B段,理科,,,543,33991,
5010001,重庆师范大学,2024,四川,本科批B段,理科,,,552,33991,
5010002,重庆师范大学,2024,四川,本科批B段,理科,,,543,72861,
501001,北京航空航天大学,2024,四川,本科批B段,理科,,,657,3312,
5012,重庆文理学院,2024,四川,本科批B段,理科,,,534,78624,
5012001,重庆文理学院,2024,四川,本科批B段,理科,,,534,78624,
5013,重庆三峡学院,2024,四川,本科批B段,理科,,,500,74037,
5013001,重庆三峡学院,2024,四川,本科批B段,理科,,,500,74037,
5014,长江师范学院,2024,四川,本科批B段,理科,,,506,93315,
5014001,长江师范学院,2024,四川,本科批B段,理科,,,506,93315,
5015,四川外国语大学,2024,四川,本科批B段,理科,,,535,33991,
5015001,四川外国语大学,2024,四川,本科批B段,理科,,,541,33991,
5015002,四川外国语大学,2024,四川,本科批B段,理科,,,535,78624,
5017,西南政法大学,2024,四川,本科批B段,理科,,,602,7684,
5017001,西南政法大学,2024,四川,本科批B段,理科,,,602,7684,
5018,四川美术学院,2024,四川,本科批B段,理科,,,459,127159,
5018001,四川美术学院,2024,四川,本科批B段,理科,,,459,127159,
502,北京理工大学,2024,四川,本科批B段,理科,,,665,2046,
502001,北京理工大学,2024,四川,本科批B段,理科,,,665,2046,
5022,重庆科技大学,2024,四川,本科批B段,理科,,,529,62014,
5022001,重庆科技大学,2024,四川,本科批B段,理科,,,529,62014,
5025,重庆理工大学,2024,四川,本科批B段,理科,,,542,28929,
5025001,重庆理工大学,2024,四川,本科批B段,理科,,,582,28929,
5025002,重庆理工大学,2024,四川,本科批B段,理科,,,542,65058,
5026,重庆工商大学,2024,四川,本科批B段,理科,,,537,37911,
5026001,重庆工商大学,2024,四川,本科批B段,理科,,,552,37911,
5026002,重庆工商大学,2024,四川,本科批B段,理科,,,537,70573,
5027,重庆第二师范学院,2024,四川,本科批B段,理科,,,527,85806,
5027001,重庆第二师范学院,2024,四川,本科批B段,理科,,,527,85806,
504,北京交通大学,2024,四川,本科批B段,理科,,,622,14164,
504001,北京交通大学,2024,四川,本科批B段,理科,,,622,14164,
5045,四川外国语大学,2024,四川,本科批B段,理科,,,517,82156,
5045001,四川外国语大学,2024,四川,本科批B段,理科,,,540,82156,
5045002,四川外国语大学,2024,四川,本科批B段,理科,,,517,111900,
5048,重庆医科大学,2024,四川,本科批B段,理科,,,614,18113,
5048001,重庆医科大学,2024,四川,本科批B段,理科,,,614,18113,
5050,重庆师范大学,2024,四川,本科批B段,理科,,,539,83354,
5050001,重庆师范大学,2024,四川,本科批B段,理科,,,539,83354,
506,北京化工大学,2024,四川,本科批B段,理科,,,602,23113,
506001,北京化工大学,2024,四川,本科批B段,理科,,,602,23113,
5063,重庆机电职业技术大学,2024,四川,本科批B段,理科,,,484,149080,
5063001,重庆机电职业技术大学,2024,四川,本科批B段,理科,,,484,149080,
5064,重庆工程学院,2024,四川,本科批B段,理科,,,493,141786,
5064001,重庆工程学院,2024,四川,本科批B段,理科,,,493,141786,
5065,重庆电子科技职业大学,2024,四川,本科批B段,理科,,,501,131486,
5065001,重庆电子科技职业大学,2024,四川,本科批B段,理科,,,501,131486,
508,中国农业大学,2024,四川,本科批B段,理科,,,608,17563,
508001,中国农业大学,2024,四川,本科批B段,理科,,,608,17563,
5085,重庆人文科技学院,2024,四川,本科批B段,理科,,,497,132951,
5085001,重庆人文科技学院,2024,四川,本科批B段,理科,,,497,132951,
5088,重庆城市科技学院,2024,四川,本科批B段,理科,,,489,140317,
5088001,重庆城市科技学院,2024,四川,本科批B段,理科,,,489,140317,
509,北京林业大学,2024,四川,本科批B段,理科,,,568,33991,
5090,重庆外语外事学院,2024,四川,本科批B段,理科,,,481,150457,
5090001,重庆外语外事学院,2024,四川,本科批B段,理科,,,481,135858,
509001,北京林业大学,2024,四川,本科批B段,理科,,,568,33991,
5091,重庆工商大学派斯学院,2024,四川,本科批B段,理科,,,487,146159,
5091001,重庆工商大学派斯学院,2024,四川,本科批B段,理科,,,487,146159,
5092,重庆移通学院,2024,四川,本科批B段,理科,,,490,138841,
5092001,重庆移通学院,2024,四川,本科批B段,理科,,,490,138841,
5093,重庆财经学院,2024,四川,本科批B段,理科,,,493,121474,
5093001,重庆财经学院,2024,四川,本科批B段,理科,,,493,121474,
5096,重庆对外经贸学院,2024,四川,本科批B段,理科,,,489,128623,
5096001,重庆对外经贸学院,2024,四川,本科批B段,理科,,,489,128623,
51,华南理工大学,2024,四川,本科批B段,理科,,,647,2168,
51001,华南理工大学,2024,四川,本科批B段,理科,,,647,2168,
5101,西南石油大学,2024,四川,本科批B段,理科,,,560,21956,
5101001,西南石油大学,2024,四川,本科批B段,理科,,,590,21956,
5102,成都理工大学,2024,四川,本科批B段,理科,,,546,21956,
5102001,成都理工大学,2024,四川,本科批B段,理科,,,585,21956,
5105,西南科技大学,2024,四川,本科批B段,理科,,,525,47451,
5105001,西南科技大学,2024,四川,本科批B段,理科,,,553,47451,
5105002,西南科技大学,2024,四川,本科批B段,理科,,,530,92017,
5107,成都信息工程大学,2024,四川,本科批B段,理科,,,535,24323,
5107001,成都信息工程大学,2024,四川,本科批B段,理科,,,562,24323,
5107002,成都信息工程大学,2024,四川,本科批B段,理科,,,552,59985,
5108,四川轻化工大学,2024,四川,本科批B段,理科,,,511,62994,
5108001,四川轻化工大学,2024,四川,本科批B段,理科,,,551,62994,
5108002,四川轻化工大学,2024,四川,本科批B段,理科,,,536,67210,
5109,西华大学,2024,四川,本科批B段,理科,,,442,37911,
5109001,西华大学,2024,四川,本科批B段,理科,,,562,37911,
5109002,西华大学,2024,四川,本科批B段,理科,,,540,77468,
5112,四川农业大学,2024,四川,本科批B段,理科,,,559,21383,
5112001,四川农业大学,2024,四川,本科批B段,理科,,,577,21383,
5114,西昌学院,2024,四川,本科批B段,理科,,,480,88281,
5114001,西昌学院,2024,四川,本科批B段,理科,,,507,88281,
5116,西南医科大学,2024,四川,本科批B段,理科,,,435,9316,
5116001,西南医科大学,2024,四川,本科批B段,理科,,,541,9316,
5116002,西南医科大学,2024,四川,本科批B段,理科,,,526,82156,
5117,成都中医药大学,2024,四川,本科批B段,理科,,,539,6530,
5117001,成都中医药大学,2024,四川,本科批B段,理科,,,549,6530,
5118,川北医学院,2024,四川,本科批B段,理科,,,507,22523,
5118001,川北医学院,2024,四川,本科批B段,理科,,,540,22523,
5118002,川北医学院,2024,四川,本科批B段,理科,,,518,85806,
5119,成都医学院,2024,四川,本科批B段,理科,,,514,40367,
5119001,成都医学院,2024,四川,本科批B段,理科,,,544,40367,
5119002,成都医学院,2024,四川,本科批B段,理科,,,528,83354,
512,北京语言大学,2024,四川,本科批B段,理科,,,550,69408,
5120,四川师范大学,2024,四川,本科批B段,理科,,,536,41194,
5120001,四川师范大学,2024,四川,本科批B段,理科,,,539,41194,
512001,北京语言大学,2024,四川,本科批B段,理科,,,550,69408,
5122,西华师范大学,2024,四川,本科批B段,理科,,,502,69408,
5122001,西华师范大学,2024,四川,本科批B段,理科,,,543,69408,
5122002,西华师范大学,2024,四川,本科批B段,理科,,,520,88281,
5123,绵阳师范学院,2024,四川,本科批B段,理科,,,468,92017,
5123001,绵阳师范学院,2024,四川,本科批B段,理科,,,468,92017,
5124,内江师范学院,2024,四川,本科批B段,理科,,,442,89526,
5124001,内江师范学院,2024,四川,本科批B段,理科,,,518,89526,
5125,宜宾学院,2024,四川,本科批B段,理科,,,442,92017,
5125001,宜宾学院,2024,四川,本科批B段,理科,,,519,92017,
5126,成都师范学院,2024,四川,本科批B段,理科,,,446,78624,
5126001,成都师范学院,2024,四川,本科批B段,理科,,,524,78624,
5128,四川文理学院,2024,四川,本科批B段,理科,,,436,113261,
5128001,四川文理学院,2024,四川,本科批B段,理科,,,510,113261,
513,中国传媒大学,2024,四川,本科批B段,理科,,,600,24964,
5130,阿坝师范学院,2024,四川,本科批B段,理科,,,480,125728,
5130001,阿坝师范学院,2024,四川,本科批B段,理科,,,505,125728,
513001,中国传媒大学,2024,四川,本科批B段,理科,,,600,24964,
5133,乐山师范学院,2024,四川,本科批B段,理科,,,494,101095,
5133001,乐山师范学院,2024,四川,本科批B段,理科,,,512,101095,
5135,成都体育学院,2024,四川,本科批B段,理科,,,504,59985,
5135001,成都体育学院,2024,四川,本科批B段,理科,,,545,59985,
5135002,成都体育学院,2024,四川,本科批B段,理科,,,504,115972,
5136,四川音乐学院,2024,四川,本科批B段,理科,,,498,130043,
5136001,四川音乐学院,2024,四川,本科批B段,理科,,,498,130043,
5137,成都大学,2024,四川,本科批B段,理科,,,525,37911,
5137001,成都大学,2024,四川,本科批B段,理科,,,564,37911,
5137002,成都大学,2024,四川,本科批B段,理科,,,544,51035,
5139,攀枝花学院,2024,四川,本科批B段,理科,,,376,57912,
5139001,攀枝花学院,2024,四川,本科批B段,理科,,,562,57912,
5139002,攀枝花学院,2024,四川,本科批B段,理科,,,511,99813,
514,中央财经大学,2024,四川,本科批B段,理科,,,606,22523,
514001,中央财经大学,2024,四川,本科批B段,理科,,,606,22523,
5142,成都工业学院,2024,四川,本科批B段,理科,,,530,79761,
5142001,成都工业学院,2024,四川,本科批B段,理科,,,530,79761,
5143,四川民族学院,2024,四川,本科批B段,理科,,,474,125728,
5143001,四川民族学院,2024,四川,本科批B段,理科,,,502,125728,
5147,四川旅游学院,2024,四川,本科批B段,理科,,,435,114610,
5147001,四川旅游学院,2024,四川,本科批B段,理科,,,508,114610,
5149,四川警察学院,2024,四川,本科批B段,理科,,,508,72861,
5149001,四川警察学院,2024,四川,本科批B段,理科,,,548,72861,
5155,四川工程职业技术大学,2024,四川,本科批B段,理科,,,502,125728,
5155001,四川工程职业技术大学,2024,四川,本科批B段,理科,,,502,125728,
5163,成都艺术职业大学,2024,四川,本科批B段,理科,,,470,176253,
5163001,成都艺术职业大学,2024,四川,本科批B段,理科,,,470,176253,
5177,成都东软学院,2024,四川,本科批B段,理科,,,480,83354,
5177001,成都东软学院,2024,四川,本科批B段,理科,,,539,83354,
5177002,成都东软学院,2024,四川,本科批B段,理科,,,480,160534,
5179,四川工业科技学院,2024,四川,本科批B段,理科,,,477,163469,
5179001,四川工业科技学院,2024,四川,本科批B段,理科,,,477,163469,
519,大连理工大学,2024,四川,本科批B段,理科,,,624,12825,
519001,大连理工大学,2024,四川,本科批B段,理科,,,624,12825,
5196,四川电影电视学院,2024,四川,本科批B段,理科,,,474,169097,
5196001,四川电影电视学院,2024,四川,本科批B段,理科,,,474,169097,
52,四川大学,2024,四川,本科批B段,理科,,,617,446,
520,东北大学,2024,四川,本科批B段,理科,,,616,17064,
520001,东北大学,2024,四川,本科批B段,理科,,,616,17064,
52001,四川大学,2024,四川,本科批B段,理科,,,645,446,
5201,贵州大学,2024,四川,本科批B段,理科,,,531,17563,
5201001,贵州大学,2024,四川,本科批B段,理科,,,548,17563,
5204,贵州医科大学,2024,四川,本科批B段,理科,,,510,82156,
5204001,贵州医科大学,2024,四川,本科批B段,理科,,,510,82156,
5205,遵义医科大学,2024,四川,本科批B段,理科,,,528,19766,
5205001,遵义医科大学,2024,四川,本科批B段,理科,,,601,19766,
5205002,遵义医科大学,2024,四川,本科批B段,理科,,,528,76347,
5206,贵州中医药大学,2024,四川,本科批B段,理科,,,501,89526,
5206001,贵州中医药大学,2024,四川,本科批B段,理科,,,501,89526,
5207,贵州师范大学,2024,四川,本科批B段,理科,,,521,92017,
5207001,贵州师范大学,2024,四川,本科批B段,理科,,,521,92017,
5208,遵义师范学院,2024,四川,本科批B段,理科,,,514,111900,
5208001,遵义师范学院,2024,四川,本科批B段,理科,,,504,111900,
5209,安顺学院,2024,四川,本科批B段,理科,,,505,127159,
5209001,安顺学院,2024,四川,本科批B段,理科,,,505,127159,
521,吉林大学,2024,四川,本科批B段,理科,,,611,15090,
5210,黔南民族师范学院,2024,四川,本科批B段,理科,,,505,122881,
5210001,黔南民族师范学院,2024,四川,本科批B段,理科,,,505,122881,
521001,吉林大学,2024,四川,本科批B段,理科,,,611,15090,
5211,贵州财经大学,2024,四川,本科批B段,理科,,,536,84610,
5211001,贵州财经大学,2024,四川,本科批B段,理科,,,536,84610,
5213,贵阳学院,2024,四川,本科批B段,理科,,,517,103768,
5213001,贵阳学院,2024,四川,本科批B段,理科,,,517,103768,
5214,六盘水师范学院,2024,四川,本科批B段,理科,,,507,117337,
5214001,六盘水师范学院,2024,四川,本科批B段,理科,,,507,117337,
5216,凯里学院,2024,四川,本科批B段,理科,,,509,121474,
5216001,凯里学院,2024,四川,本科批B段,理科,,,509,121474,
5217,贵州工程应用技术学院,2024,四川,本科批B段,理科,,,504,122881,
5217001,贵州工程应用技术学院,2024,四川,本科批B段,理科,,,504,122881,
522,东北师范大学,2024,四川,本科批B段,理科,,,579,34790,
5220,铜仁学院,2024,四川,本科批B段,理科,,,510,111900,
5220001,铜仁学院,2024,四川,本科批B段,理科,,,510,111900,
522001,东北师范大学,2024,四川,本科批B段,理科,,,579,34790,
5221,兴义民族师范学院,2024,四川,本科批B段,理科,,,494,127159,
5221001,兴义民族师范学院,2024,四川,本科批B段,理科,,,494,127159,
5225,贵州师范学院,2024,四川,本科批B段,理科,,,514,110543,
5225001,贵州师范学院,2024,四川,本科批B段,理科,,,514,110543,
523,东北林业大学,2024,四川,本科批B段,理科,,,563,56909,
5230,贵州民族大学,2024,四川,本科批B段,理科,,,525,93315,
5230001,贵州民族大学,2024,四川,本科批B段,理科,,,498,93315,
523001,东北林业大学,2024,四川,本科批B段,理科,,,563,56909,
5233,贵州商学院,2024,四川,本科批B段,理科,,,507,115972,
5233001,贵州商学院,2024,四川,本科批B段,理科,,,507,115972,
524,复旦大学,2024,四川,本科批B段,理科,,,697,77,
5240,贵州理工学院,2024,四川,本科批B段,理科,,,497,95844,
5240001,贵州理工学院,2024,四川,本科批B段,理科,,,497,95844,
524001,复旦大学,2024,四川,本科批B段,理科,,,697,77,
5242,贵州中医药大学时珍学院,2024,四川,本科批B段,理科,,,503,128623,
5242001,贵州中医药大学时珍学院,2024,四川,本科批B段,理科,,,503,128623,
5245,贵阳康养职业大学,2024,四川,本科批B段,理科,,,515,101095,
5245001,贵阳康养职业大学,2024,四川,本科批B段,理科,,,515,101095,
525,同济大学,2024,四川,本科批B段,理科,,,666,1563,
525001,同济大学,2024,四川,本科批B段,理科,,,666,1563,
5254,贵州警察学院,2024,四川,本科批B段,理科,,,534,82156,
5254001,贵州警察学院,2024,四川,本科批B段,理科,,,534,82156,
5282,贵阳信息科技学院,2024,四川,本科批B段,理科,,,477,161985,
5282001,贵阳信息科技学院,2024,四川,本科批B段,理科,,,477,161985,
5284,贵州黔南经济学院,2024,四川,本科批B段,理科,,,486,156250,
5284001,贵州黔南经济学院,2024,四川,本科批B段,理科,,,486,156250,
5285,遵义医科大学医学与科技学院,2024,四川,本科批B段,理科,,,541,76347,
5285001,遵义医科大学医学与科技学院,2024,四川,本科批B段,理科,,,541,76347,
5287,贵州医科大学神奇民族医药学院,2024,四川,本科批B段,理科,,,536,83354,
5287001,贵州医科大学神奇民族医药学院,2024,四川,本科批B段,理科,,,536,83354,
5288,茅台学院,2024,四川,本科批B段,理科,,,510,77468,
5288001,茅台学院,2024,四川,本科批B段,理科,,,510,77468,
5289,贵阳人文科技学院,2024,四川,本科批B段,理科,,,477,154832,
5289001,贵阳人文科技学院,2024,四川,本科批B段,理科,,,477,154832,
53,重庆大学,2024,四川,本科批B段,理科,,,634,3312,
530,哈尔滨工业大学,2024,四川,本科批B段,理科,,,630,10776,
530001,哈尔滨工业大学,2024,四川,本科批B段,理科,,,630,10776,
53001,重庆大学,2024,四川,本科批B段,理科,,,634,3312,
5301,云南大学,2024,四川,本科批B段,理科,,,612,16551,
5301001,云南大学,2024,四川,本科批B段,理科,,,612,16551,
5302,昆明理工大学,2024,四川,本科批B段,理科,,,575,26883,
5302001,昆明理工大学,2024,四川,本科批B段,理科,,,575,26883,
5304,云南农业大学,2024,四川,本科批B段,理科,,,531,65058,
5304001,云南农业大学,2024,四川,本科批B段,理科,,,531,65058,
5305,西南林业大学,2024,四川,本科批B段,理科,,,527,76347,
5305001,西南林业大学,2024,四川,本科批B段,理科,,,527,76347,
5306,昆明医科大学,2024,四川,本科批B段,理科,,,528,12825,
5306001,昆明医科大学,2024,四川,本科批B段,理科,,,623,12825,
5306002,昆明医科大学,2024,四川,本科批B段,理科,,,528,51035,
5307,大理大学,2024,四川,本科批B段,理科,,,498,83354,
5307001,大理大学,2024,四川,本科批B段,理科,,,498,83354,
5308,云南中医药大学,2024,四川,本科批B段,理科,,,515,78624,
5308001,云南中医药大学,2024,四川,本科批B段,理科,,,515,78624,
5309,云南师范大学,2024,四川,本科批B段,理科,,,538,81017,
5309001,云南师范大学,2024,四川,本科批B段,理科,,,538,81017,
5311,曲靖师范学院,2024,四川,本科批B段,理科,,,508,101095,
5311001,曲靖师范学院,2024,四川,本科批B段,理科,,,508,101095,
5312,昭通学院,2024,四川,本科批B段,理科,,,507,121474,
5312001,昭通学院,2024,四川,本科批B段,理科,,,507,121474,
5313,保山学院,2024,四川,本科批B段,理科,,,501,131486,
5313001,保山学院,2024,四川,本科批B段,理科,,,501,131486,
5314,红河学院,2024,四川,本科批B段,理科,,,504,127159,
5314001,红河学院,2024,四川,本科批B段,理科,,,504,127159,
5315,云南财经大学,2024,四川,本科批B段,理科,,,528,77468,
5315001,云南财经大学,2024,四川,本科批B段,理科,,,528,77468,
532,南京大学,2024,四川,本科批B段,理科,,,644,6240,
5320,云南民族大学,2024,四川,本科批B段,理科,,,464,103768,
5320001,云南民族大学,2024,四川,本科批B段,理科,,,464,103768,
532001,南京大学,2024,四川,本科批B段,理科,,,644,6240,
5321,玉溪师范学院,2024,四川,本科批B段,理科,,,507,120142,
5321001,玉溪师范学院,2024,四川,本科批B段,理科,,,507,120142,
5322,楚雄师范学院,2024,四川,本科批B段,理科,,,494,130043,
5322001,楚雄师范学院,2024,四川,本科批B段,理科,,,494,130043,
5323,云南警官学院,2024,四川,本科批B段,理科,,,537,84610,
5323001,云南警官学院,2024,四川,本科批B段,理科,,,537,84610,
5324,昆明学院,2024,四川,本科批B段,理科,,,500,76347,
5324001,昆明学院,2024,四川,本科批B段,理科,,,500,76347,
5326,文山学院,2024,四川,本科批B段,理科,,,501,134379,
5326001,文山学院,2024,四川,本科批B段,理科,,,501,134379,
5328,滇西科技师范学院,2024,四川,本科批B段,理科,,,504,125728,
5328001,滇西科技师范学院,2024,四川,本科批B段,理科,,,504,125728,
533,哈尔滨工程大学,2024,四川,本科批B段,理科,,,596,25601,
533001,哈尔滨工程大学,2024,四川,本科批B段,理科,,,596,25601,
5350,滇西应用技术大学,2024,四川,本科批B段,理科,,,509,114610,
5350001,滇西应用技术大学,2024,四川,本科批B段,理科,,,509,114610,
5361,云南经济管理学院,2024,四川,本科批B段,理科,,,487,135858,
5361001,云南经济管理学院,2024,四川,本科批B段,理科,,,487,135858,
5365,云南工商学院,2024,四川,本科批B段,理科,,,476,170539,
5365001,云南工商学院,2024,四川,本科批B段,理科,,,476,170539,
538,中国药科大学,2024,四川,本科批B段,理科,,,609,19193,
538001,中国药科大学,2024,四川,本科批B段,理科,,,609,19193,
5381,滇池学院,2024,四川,本科批B段,理科,,,479,153336,
5381001,滇池学院,2024,四川,本科批B段,理科,,,479,153336,
5382,丽江文化旅游学院,2024,四川,本科批B段,理科,,,473,171949,
5382001,丽江文化旅游学院,2024,四川,本科批B段,理科,,,473,171949,
5385,昆明城市学院,2024,四川,本科批B段,理科,,,474,144724,
5385001,昆明城市学院,2024,四川,本科批B段,理科,,,474,144724,
5386,昆明文理学院,2024,四川,本科批B段,理科,,,476,164858,
5386001,昆明文理学院,2024,四川,本科批B段,理科,,,476,164858,
5388,昆明传媒学院,2024,四川,本科批B段,理科,,,463,180581,
5388001,昆明传媒学院,2024,四川,本科批B段,理科,,,463,180581,
539,浙江大学,2024,四川,本科批B段,理科,,,668,1669,
539001,浙江大学,2024,四川,本科批B段,理科,,,668,1669,
5391,昆明医科大学海源学院,2024,四川,本科批B段,理科,,,483,138841,
5391001,昆明医科大学海源学院,2024,四川,本科批B段,理科,,,483,138841,
5392,昆明理工大学津桥学院,2024,四川,本科批B段,理科,,,474,147598,
5392001,昆明理工大学津桥学院,2024,四川,本科批B段,理科,,,474,147598,
54,西南交通大学,2024,四川,本科批B段,理科,,,587,9316,
540,合肥工业大学,2024,四川,本科批B段,理科,,,545,76347,
540001,合肥工业大学,2024,四川,本科批B段,理科,,,545,76347,
54001,西南交通大学,2024,四川,本科批B段,理科,,,617,9316,
5401,西藏大学,2024,四川,本科批B段,理科,,,537,37911,
5401001,西藏大学,2024,四川,本科批B段,理科,,,548,37911,
5401002,西藏大学,2024,四川,本科批B段,理科,,,537,68319,
5402,西藏民族大学,2024,四川,本科批B段,理科,,,534,74037,
5402001,西藏民族大学,2024,四川,本科批B段,理科,,,534,74037,
5406,西藏农牧学院,2024,四川,本科批B段,理科,,,499,97206,
5406001,西藏农牧学院,2024,四川,本科批B段,理科,,,499,97206,
542,山东大学,2024,四川,本科批B段,理科,,,607,19193,
542001,山东大学,2024,四川,本科批B段,理科,,,607,19193,
545,武汉大学,2024,四川,本科批B段,理科,,,627,7684,
545001,武汉大学,2024,四川,本科批B段,理科,,,627,7684,
546,中国地质大学(武汉),2024,四川,本科批B段,理科,,,609,20827,
546001,中国地质大学(武汉),2024,四川,本科批B段,理科,,,609,20827,
55,电子科技大学,2024,四川,本科批B段,理科,,,621,560,
550,中山大学,2024,四川,本科批B段,理科,,,617,11962,
550001,中山大学,2024,四川,本科批B段,理科,,,617,11962,
55001,电子科技大学,2024,四川,本科批B段,理科,,,662,560,
5501,贵州大学,2024,四川,本科批B段,理科,,,540,43810,
5501001,贵州大学,2024,四川,本科批B段,理科,,,540,43810,
5502,成都理工大学,2024,四川,本科批B段,理科,,,534,75136,
5502001,成都理工大学,2024,四川,本科批B段,理科,,,534,75136,
5504,云南农业大学,2024,四川,本科批B段,理科,,,504,125728,
5504001,云南农业大学,2024,四川,本科批B段,理科,,,504,125728,
5505,西南科技大学,2024,四川,本科批B段,理科,,,520,103768,
5505001,西南科技大学,2024,四川,本科批B段,理科,,,520,103768,
5508,四川轻化工大学,2024,四川,本科批B段,理科,,,512,102420,
5508001,四川轻化工大学,2024,四川,本科批B段,理科,,,512,102420,
5512,重庆文理学院,2024,四川,本科批B段,理科,,,497,140317,
5512001,重庆文理学院,2024,四川,本科批B段,理科,,,497,140317,
552,四川大学,2024,四川,本科批B段,理科,,,634,6530,
5520,四川师范大学,2024,四川,本科批B段,理科,,,556,28929,
5520001,四川师范大学,2024,四川,本科批B段,理科,,,556,50121,
552001,四川大学,2024,四川,本科批B段,理科,,,634,6530,
553,重庆大学,2024,四川,本科批B段,理科,,,626,10776,
553001,重庆大学,2024,四川,本科批B段,理科,,,626,10776,
5537,成都大学,2024,四川,本科批B段,理科,,,533,90739,
5537001,成都大学,2024,四川,本科批B段,理科,,,533,90739,
554,西南交通大学,2024,四川,本科批B段,理科,,,585,37088,
554001,西南交通大学,2024,四川,本科批B段,理科,,,585,37088,
556,西南大学,2024,四川,本科批B段,理科,,,597,24323,
556001,西南大学,2024,四川,本科批B段,理科,,,597,24323,
557,西南财经大学,2024,四川,本科批B段,理科,,,582,21956,
557001,西南财经大学,2024,四川,本科批B段,理科,,,582,21956,
5574,重庆中医药学院,2024,四川,本科批B段,理科,,,535,65058,
5574001,重庆中医药学院,2024,四川,本科批B段,理科,,,535,65058,
558,西安交通大学,2024,四川,本科批B段,理科,,,642,1786,
558001,西安交通大学,2024,四川,本科批B段,理科,,,642,1786,
56,西南大学,2024,四川,本科批B段,理科,,,587,11590,
56001,西南大学,2024,四川,本科批B段,理科,,,612,11590,
5601,四川工商学院,2024,四川,本科批B段,理科,,,482,154832,
5601001,四川工商学院,2024,四川,本科批B段,理科,,,482,154832,
5602,成都理工大学,2024,四川,本科批B段,理科,,,577,39504,
5602001,成都理工大学,2024,四川,本科批B段,理科,,,577,39504,
5604,贵州医科大学,2024,四川,本科批B段,理科,,,529,95844,
5604001,贵州医科大学,2024,四川,本科批B段,理科,,,529,95844,
5607,成都信息工程大学,2024,四川,本科批B段,理科,,,563,56909,
5607001,成都信息工程大学,2024,四川,本科批B段,理科,,,563,56909,
5609,云南师范大学,2024,四川,本科批B段,理科,,,530,94628,
5609001,云南师范大学,2024,四川,本科批B段,理科,,,530,94628,
5612,四川农业大学,2024,四川,本科批B段,理科,,,543,71745,
5612001,四川农业大学,2024,四川,本科批B段,理科,,,543,71745,
5620,四川师范大学,2024,四川,本科批B段,理科,,,539,83354,
5620001,四川师范大学,2024,四川,本科批B段,理科,,,539,83354,
5622,重庆科技大学,2024,四川,本科批B段,理科,,,521,106510,
5622001,重庆科技大学,2024,四川,本科批B段,理科,,,521,106510,
5626,重庆工商大学,2024,四川,本科批B段,理科,,,540,78624,
5626001,重庆工商大学,2024,四川,本科批B段,理科,,,540,78624,
564,中国地质大学(北京),2024,四川,本科批B段,理科,,,596,20321,
564001,中国地质大学(北京),2024,四川,本科批B段,理科,,,596,20321,
5642,成都工业学院,2024,四川,本科批B段,理科,,,487,97206,
5642001,成都工业学院,2024,四川,本科批B段,理科,,,523,97206,
5647,四川旅游学院,2024,四川,本科批B段,理科,,,502,131486,
5647001,四川旅游学院,2024,四川,本科批B段,理科,,,502,131486,
565,西北农林科技大学,2024,四川,本科批B段,理科,,,580,28929,
565001,西北农林科技大学,2024,四川,本科批B段,理科,,,580,28929,
567,中南大学,2024,四川,本科批B段,理科,,,620,10413,
567001,中南大学,2024,四川,本科批B段,理科,,,620,10413,
5676,成都外国语学院,2024,四川,本科批B段,理科,,,473,163469,
5676001,成都外国语学院,2024,四川,本科批B段,理科,,,473,163469,
569,华中科技大学,2024,四川,本科批B段,理科,,,622,6530,
569001,华中科技大学,2024,四川,本科批B段,理科,,,622,6530,
57,西南财经大学,2024,四川,本科批B段,理科,,,550,7997,
57001,西南财经大学,2024,四川,本科批B段,理科,,,613,7997,
5701,西南石油大学,2024,四川,本科批B段,理科,,,564,46505,
5701001,西南石油大学,2024,四川,本科批B段,理科,,,564,46505,
5702,四川大学锦江学院,2024,四川,本科批B段,理科,,,490,143289,
5702001,四川大学锦江学院,2024,四川,本科批B段,理科,,,490,143289,
5703,成都锦城学院,2024,四川,本科批B段,理科,,,498,83354,
5703001,成都锦城学院,2024,四川,本科批B段,理科,,,539,83354,
5703002,成都锦城学院,2024,四川,本科批B段,理科,,,498,128623,
5705,电子科技大学成都学院,2024,四川,本科批B段,理科,,,493,134379,
5705001,电子科技大学成都学院,2024,四川,本科批B段,理科,,,493,134379,
5706,西南交通大学希望学院,2024,四川,本科批B段,理科,,,478,149080,
5706001,西南交通大学希望学院,2024,四川,本科批B段,理科,,,478,149080,
5709,西华大学,2024,四川,本科批B段,理科,,,533,72861,
5709001,西华大学,2024,四川,本科批B段,理科,,,548,72861,
5709002,西华大学,2024,四川,本科批B段,理科,,,533,90739,
5710,西南财经大学天府学院,2024,四川,本科批B段,理科,,,488,138841,
5710001,西南财经大学天府学院,2024,四川,本科批B段,理科,,,488,138841,
5713,绵阳城市学院,2024,四川,本科批B段,理科,,,476,170539,
5713001,绵阳城市学院,2024,四川,本科批B段,理科,,,476,170539,
5714,西昌学院,2024,四川,本科批B段,理科,,,501,134379,
5714001,西昌学院,2024,四川,本科批B段,理科,,,501,134379,
5715,成都理工大学工程技术学院,2024,四川,本科批B段,理科,,,483,153336,
5715001,成都理工大学工程技术学院,2024,四川,本科批B段,理科,,,483,153336,
5719,四川传媒学院,2024,四川,本科批B段,理科,,,479,150457,
5719001,四川传媒学院,2024,四川,本科批B段,理科,,,479,150457,
5724,成都银杏酒店管理学院,2024,四川,本科批B段,理科,,,469,170539,
5724001,成都银杏酒店管理学院,2024,四川,本科批B段,理科,,,469,170539,
5735,成都体育学院,2024,四川,本科批B段,理科,,,481,163469,
5735001,成都体育学院,2024,四川,本科批B段,理科,,,481,163469,
574,中央美术学院,2024,四川,本科批B段,理科,,,548,32470,
5740,贵州理工学院,2024,四川,本科批B段,理科,,,534,89526,
5740001,贵州理工学院,2024,四川,本科批B段,理科,,,534,89526,
574001,中央美术学院,2024,四川,本科批B段,理科,,,548,32470,
5742,成都工业学院,2024,四川,本科批B段,理科,,,511,105171,
5742001,成都工业学院,2024,四川,本科批B段,理科,,,511,105171,
5747,成都文理学院,2024,四川,本科批B段,理科,,,491,144724,
5747001,成都文理学院,2024,四川,本科批B段,理科,,,491,144724,
5776,成都外国语学院,2024,四川,本科批B段,理科,,,469,170539,
5776001,成都外国语学院,2024,四川,本科批B段,理科,,,469,170539,
5780,四川文化艺术学院,2024,四川,本科批B段,理科,,,473,171949,
5780001,四川文化艺术学院,2024,四川,本科批B段,理科,,,473,171949,
58,西安交通大学,2024,四川,本科批B段,理科,,,637,560,
580,上海交通大学医学院,2024,四川,本科批B段,理科,,,675,446,
580001,上海交通大学医学院,2024,四川,本科批B段,理科,,,675,446,
58001,西安交通大学,2024,四川,本科批B段,理科,,,670,560,
5801,云南大学,2024,四川,本科批B段,理科,,,574,46505,
5801001,云南大学,2024,四川,本科批B段,理科,,,574,46505,
5806,贵州中医药大学,2024,四川,本科批B段,理科,,,517,111900,
5806001,贵州中医药大学,2024,四川,本科批B段,理科,,,517,111900,
5809,西华大学,2024,四川,本科批B段,理科,,,522,95844,
5809001,西华大学,2024,四川,本科批B段,理科,,,522,95844,
5814,长江师范学院,2024,四川,本科批B段,理科,,,478,167724,
5814001,长江师范学院,2024,四川,本科批B段,理科,,,478,167724,
5840,贵州理工学院,2024,四川,本科批B段,理科,,,512,118741,
5840001,贵州理工学院,2024,四川,本科批B段,理科,,,512,118741,
588,电子科技大学,2024,四川,本科批B段,理科,,,624,13245,
588001,电子科技大学,2024,四川,本科批B段,理科,,,624,13245,
5892,重庆移通学院,2024,四川,本科批B段,理科,,,472,170539,
5892001,重庆移通学院,2024,四川,本科批B段,理科,,,472,170539,
5894,成都大学,2024,四川,本科批B段,理科,,,518,107830,
5894001,成都大学,2024,四川,本科批B段,理科,,,518,107830,
5895,西南医科大学,2024,四川,本科批B段,理科,,,527,98464,
5895001,西南医科大学,2024,四川,本科批B段,理科,,,527,98464,
5896,绵阳师范学院,2024,四川,本科批B段,理科,,,503,130043,
5896001,绵阳师范学院,2024,四川,本科批B段,理科,,,503,130043,
5897,宜宾学院,2024,四川,本科批B段,理科,,,508,124295,
5897001,宜宾学院,2024,四川,本科批B段,理科,,,508,124295,
5899,四川民族学院,2024,四川,本科批B段,理科,,,500,134379,
5899001,四川民族学院,2024,四川,本科批B段,理科,,,500,134379,
59,西安电子科技大学,2024,四川,本科批B段,理科,,,652,2456,
590,哈尔滨工业大学(深圳),2024,四川,本科批B段,理科,,,646,5705,
590001,哈尔滨工业大学(深圳),2024,四川,本科批B段,理科,,,646,5705,
59001,西安电子科技大学,2024,四川,本科批B段,理科,,,652,2456,
5901,重庆邮电大学,2024,四川,本科批B段,理科,,,574,23708,
5901001,重庆邮电大学,2024,四川,本科批B段,理科,,,602,23708,
5901002,重庆邮电大学,2024,四川,本科批B段,理科,,,574,46505,
5902,重庆交通大学,2024,四川,本科批B段,理科,,,555,65058,
5902001,重庆交通大学,2024,四川,本科批B段,理科,,,555,65058,
5903,成都理工大学工程技术学院,2024,四川,本科批B段,理科,,,483,160534,
5903001,成都理工大学工程技术学院,2024,四川,本科批B段,理科,,,483,160534,
5905,贵州师范大学,2024,四川,本科批B段,理科,,,494,137269,
5905001,贵州师范大学,2024,四川,本科批B段,理科,,,494,137269,
5906,昆明医科大学,2024,四川,本科批B段,理科,,,526,99813,
5906001,昆明医科大学,2024,四川,本科批B段,理科,,,526,99813,
591,大连理工大学,2024,四川,本科批B段,理科,,,612,16027,
591001,大连理工大学,2024,四川,本科批B段,理科,,,612,16027,
5917,西南政法大学,2024,四川,本科批B段,理科,,,614,18113,
5917001,西南政法大学,2024,四川,本科批B段,理科,,,614,18113,
5918,成都大学,2024,四川,本科批B段,理科,,,524,101095,
5918001,成都大学,2024,四川,本科批B段,理科,,,524,101095,
5920,成都中医药大学,2024,四川,本科批B段,理科,,,539,83354,
5920001,成都中医药大学,2024,四川,本科批B段,理科,,,539,83354,
5921,成都中医药大学,2024,四川,本科批B段,理科,,,505,124295,
5921001,成都中医药大学,2024,四川,本科批B段,理科,,,505,124295,
5922,四川旅游学院,2024,四川,本科批B段,理科,,,469,180581,
5922001,四川旅游学院,2024,四川,本科批B段,理科,,,469,180581,
5924,四川师范大学,2024,四川,本科批B段,理科,,,539,66147,
5924001,四川师范大学,2024,四川,本科批B段,理科,,,539,83354,
5927,重庆第二师范学院,2024,四川,本科批B段,理科,,,499,137269,
5927001,重庆第二师范学院,2024,四川,本科批B段,理科,,,499,137269,
5928,铜仁学院,2024,四川,本科批B段,理科,,,486,156250,
5928001,铜仁学院,2024,四川,本科批B段,理科,,,486,156250,
593,浙江大学医学院,2024,四川,本科批B段,理科,,,657,3312,
593001,浙江大学医学院,2024,四川,本科批B段,理科,,,657,3312,
5931,西南科技大学,2024,四川,本科批B段,理科,,,484,159060,
5931001,西南科技大学,2024,四川,本科批B段,理科,,,484,159060,
5932,内江师范学院,2024,四川,本科批B段,理科,,,501,134379,
5932001,内江师范学院,2024,四川,本科批B段,理科,,,501,134379,
5934,四川音乐学院,2024,四川,本科批B段,理科,,,500,134379,
5934001,四川音乐学院,2024,四川,本科批B段,理科,,,500,134379,
5935,重庆财经学院,2024,四川,本科批B段,理科,,,467,183371,
5935001,重庆财经学院,2024,四川,本科批B段,理科,,,467,183371,
5945,四川师范大学,2024,四川,本科批B段,理科,,,575,45579,
5945001,四川师范大学,2024,四川,本科批B段,理科,,,575,45579,
6,北京化工大学,2024,四川,本科批B段,理科,,,595,12825,
60,陕西师范大学,2024,四川,本科批B段,理科,,,584,20321,
60001,陕西师范大学,2024,四川,本科批B段,理科,,,605,20321,
6001,北京化工大学,2024,四川,本科批B段,理科,,,617,12825,
602,北京理工大学,2024,四川,本科批B段,理科,,,632,10024,
602001,北京理工大学,2024,四川,本科批B段,理科,,,632,10024,
604,北京交通大学,2024,四川,本科批B段,理科,,,651,4528,
604001,北京交通大学,2024,四川,本科批B段,理科,,,651,4528,
61,兰州大学,2024,四川,本科批B段,理科,,,627,8632,
61001,兰州大学,2024,四川,本科批B段,理科,,,627,8632,
6101,西安理工大学,2024,四川,本科批B段,理科,,,603,18625,
6101001,西安理工大学,2024,四川,本科批B段,理科,,,603,18625,
6102,西北大学,2024,四川,本科批B段,理科,,,613,15562,
6102001,西北大学,2024,四川,本科批B段,理科,,,613,15562,
6103,西安工业大学,2024,四川,本科批B段,理科,,,585,26240,
6103001,西安工业大学,2024,四川,本科批B段,理科,,,585,26240,
6104,西安建筑科技大学,2024,四川,本科批B段,理科,,,562,34790,
6104001,西安建筑科技大学,2024,四川,本科批B段,理科,,,562,34790,
6105,西安科技大学,2024,四川,本科批B段,理科,,,572,26883,
6105001,西安科技大学,2024,四川,本科批B段,理科,,,572,26883,
6106,西安石油大学,2024,四川,本科批B段,理科,,,558,33245,
6106001,西安石油大学,2024,四川,本科批B段,理科,,,558,33245,
6109,陕西科技大学,2024,四川,本科批B段,理科,,,572,33991,
6109001,陕西科技大学,2024,四川,本科批B段,理科,,,572,33991,
6110,西安工程大学,2024,四川,本科批B段,理科,,,557,38719,
6110001,西安工程大学,2024,四川,本科批B段,理科,,,557,38719,
6115,陕西中医药大学,2024,四川,本科批B段,理科,,,574,39504,
6115001,陕西中医药大学,2024,四川,本科批B段,理科,,,574,39504,
6116,延安大学,2024,四川,本科批B段,理科,,,517,102420,
6116001,延安大学,2024,四川,本科批B段,理科,,,517,102420,
6117,咸阳师范学院,2024,四川,本科批B段,理科,,,508,114610,
6117001,咸阳师范学院,2024,四川,本科批B段,理科,,,508,114610,
6118,渭南师范学院,2024,四川,本科批B段,理科,,,495,143289,
6118001,渭南师范学院,2024,四川,本科批B段,理科,,,495,143289,
6119,西安外国语大学,2024,四川,本科批B段,理科,,,539,54889,
6119001,西安外国语大学,2024,四川,本科批B段,理科,,,539,54889,
6121,西北政法大学,2024,四川,本科批B段,理科,,,593,18113,
6121001,西北政法大学,2024,四川,本科批B段,理科,,,593,18113,
6125,榆林学院,2024,四川,本科批B段,理科,,,508,113261,
6125001,榆林学院,2024,四川,本科批B段,理科,,,508,113261,
6127,安康学院,2024,四川,本科批B段,理科,,,505,124295,
6127001,安康学院,2024,四川,本科批B段,理科,,,505,124295,
6129,西安邮电大学,2024,四川,本科批B段,理科,,,548,17563,
6129001,西安邮电大学,2024,四川,本科批B段,理科,,,612,17563,
6129002,西安邮电大学,2024,四川,本科批B段,理科,,,548,42054,
6133,西安航空学院,2024,四川,本科批B段,理科,,,530,87003,
6133001,西安航空学院,2024,四川,本科批B段,理科,,,530,87003,
6134,陕西学前师范学院,2024,四川,本科批B段,理科,,,501,125728,
6134001,陕西学前师范学院,2024,四川,本科批B段,理科,,,501,125728,
6135,西安医学院,2024,四川,本科批B段,理科,,,525,36338,
6135001,西安医学院,2024,四川,本科批B段,理科,,,585,36338,
6135002,西安医学院,2024,四川,本科批B段,理科,,,525,101095,
6136,商洛学院,2024,四川,本科批B段,理科,,,505,122881,
6136001,商洛学院,2024,四川,本科批B段,理科,,,505,122881,
6137,宝鸡文理学院,2024,四川,本科批B段,理科,,,511,106510,
6137001,宝鸡文理学院,2024,四川,本科批B段,理科,,,511,106510,
6139,陕西理工大学,2024,四川,本科批B段,理科,,,536,47451,
6139001,陕西理工大学,2024,四川,本科批B段,理科,,,573,47451,
6139002,陕西理工大学,2024,四川,本科批B段,理科,,,536,82156,
6140,西安财经大学,2024,四川,本科批B段,理科,,,542,53929,
6140001,西安财经大学,2024,四川,本科批B段,理科,,,566,53929,
6140002,西安财经大学,2024,四川,本科批B段,理科,,,542,76347,
615,中央民族大学,2024,四川,本科批B段,理科,,,607,21956,
6150,西安信息职业大学,2024,四川,本科批B段,理科,,,473,143289,
6150001,西安信息职业大学,2024,四川,本科批B段,理科,,,473,143289,
615001,中央民族大学,2024,四川,本科批B段,理科,,,607,21956,
6153,西安欧亚学院,2024,四川,本科批B段,理科,,,468,167724,
6153001,西安欧亚学院,2024,四川,本科批B段,理科,,,468,167724,
6154,西安翻译学院,2024,四川,本科批B段,理科,,,468,171949,
6154001,西安翻译学院,2024,四川,本科批B段,理科,,,468,171949,
6155,西安外事学院,2024,四川,本科批B段,理科,,,491,147598,
6155001,西安外事学院,2024,四川,本科批B段,理科,,,491,147598,
6156,西京学院,2024,四川,本科批B段,理科,,,486,144724,
6156001,西京学院,2024,四川,本科批B段,理科,,,486,144724,
6164,西安思源学院,2024,四川,本科批B段,理科,,,459,166346,
6164001,西安思源学院,2024,四川,本科批B段,理科,,,459,166346,
6166,陕西国际商贸学院,2024,四川,本科批B段,理科,,,477,146159,
6166001,陕西国际商贸学院,2024,四川,本科批B段,理科,,,477,146159,
6173,西安汽车职业大学,2024,四川,本科批B段,理科,,,469,176253,
6173001,西安汽车职业大学,2024,四川,本科批B段,理科,,,469,176253,
6182,西安建筑科技大学华清学院,2024,四川,本科批B段,理科,,,475,170539,
6182001,西安建筑科技大学华清学院,2024,四川,本科批B段,理科,,,475,170539,
6183,陕西科技大学镐京学院,2024,四川,本科批B段,理科,,,473,170539,
6183001,陕西科技大学镐京学院,2024,四川,本科批B段,理科,,,473,170539,
6185,西安培华学院,2024,四川,本科批B段,理科,,,469,149080,
6185001,西安培华学院,2024,四川,本科批B段,理科,,,469,149080,
6186,西安文理学院,2024,四川,本科批B段,理科,,,512,97206,
6186001,西安文理学院,2024,四川,本科批B段,理科,,,512,97206,
6187,西安交通大学城市学院,2024,四川,本科批B段,理科,,,491,143289,
6187001,西安交通大学城市学院,2024,四川,本科批B段,理科,,,491,143289,
6188,西安明德理工学院,2024,四川,本科批B段,理科,,,472,174832,
6188001,西安明德理工学院,2024,四川,本科批B段,理科,,,472,174832,
619,大连理工大学,2024,四川,本科批B段,理科,,,626,5444,
6190,西安工商学院,2024,四川,本科批B段,理科,,,472,173422,
6190001,西安工商学院,2024,四川,本科批B段,理科,,,472,173422,
619001,大连理工大学,2024,四川,本科批B段,理科,,,626,5444,
6192,西安财经大学行知学院,2024,四川,本科批B段,理科,,,478,154832,
6192001,西安财经大学行知学院,2024,四川,本科批B段,理科,,,478,154832,
6199,西安理工大学高科学院,2024,四川,本科批B段,理科,,,480,159060,
6199001,西安理工大学高科学院,2024,四川,本科批B段,理科,,,480,159060,
62,中国矿业大学(北京),2024,四川,本科批B段,理科,,,544,13245,
62001,中国矿业大学(北京),2024,四川,本科批B段,理科,,,544,13245,
6201,兰州理工大学,2024,四川,本科批B段,理科,,,558,47451,
6201001,兰州理工大学,2024,四川,本科批B段,理科,,,558,47451,
6202,兰州交通大学,2024,四川,本科批B段,理科,,,563,11205,
6202001,兰州交通大学,2024,四川,本科批B段,理科,,,563,11205,
6203,甘肃农业大学,2024,四川,本科批B段,理科,,,519,98464,
6203001,甘肃农业大学,2024,四川,本科批B段,理科,,,519,98464,
6205,甘肃中医药大学,2024,四川,本科批B段,理科,,,488,42941,
6205001,甘肃中医药大学,2024,四川,本科批B段,理科,,,567,42941,
6205002,甘肃中医药大学,2024,四川,本科批B段,理科,,,488,101095,
6206,西北师范大学,2024,四川,本科批B段,理科,,,541,42054,
6206001,西北师范大学,2024,四川,本科批B段,理科,,,541,42054,
6207,兰州城市学院,2024,四川,本科批B段,理科,,,502,127159,
6207001,兰州城市学院,2024,四川,本科批B段,理科,,,502,127159,
6208,陇东学院,2024,四川,本科批B段,理科,,,501,118741,
6208001,陇东学院,2024,四川,本科批B段,理科,,,501,118741,
6209,天水师范学院,2024,四川,本科批B段,理科,,,502,130043,
6209001,天水师范学院,2024,四川,本科批B段,理科,,,502,130043,
6211,兰州财经大学,2024,四川,本科批B段,理科,,,517,83354,
6211001,兰州财经大学,2024,四川,本科批B段,理科,,,517,83354,
6215,甘肃政法大学,2024,四川,本科批B段,理科,,,528,45579,
6215001,甘肃政法大学,2024,四川,本科批B段,理科,,,575,45579,
6215002,甘肃政法大学,2024,四川,本科批B段,理科,,,528,81017,
6217,甘肃民族师范学院,2024,四川,本科批B段,理科,,,501,132951,
6217001,甘肃民族师范学院,2024,四川,本科批B段,理科,,,501,132951,
622,东北师范大学,2024,四川,本科批B段,理科,,,577,43810,
622001,东北师范大学,2024,四川,本科批B段,理科,,,577,43810,
6222,河西学院,2024,四川,本科批B段,理科,,,504,111900,
6222001,河西学院,2024,四川,本科批B段,理科,,,504,111900,
6223,甘肃医学院,2024,四川,本科批B段,理科,,,546,71745,
6223001,甘肃医学院,2024,四川,本科批B段,理科,,,546,71745,
6238,陇南师范学院,2024,四川,本科批B段,理科,,,498,135858,
6238001,陇南师范学院,2024,四川,本科批B段,理科,,,498,135858,
6240,兰州文理学院,2024,四川,本科批B段,理科,,,505,127159,
6240001,兰州文理学院,2024,四川,本科批B段,理科,,,505,127159,
625,同济大学,2024,四川,本科批B段,理科,,,661,2616,
625001,同济大学,2024,四川,本科批B段,理科,,,661,2616,
6256,甘肃林业职业技术大学,2024,四川,本科批B段,理科,,,497,134379,
6256001,甘肃林业职业技术大学,2024,四川,本科批B段,理科,,,497,134379,
626,上海交通大学,2024,四川,本科批B段,理科,,,678,618,
626001,上海交通大学,2024,四川,本科批B段,理科,,,678,618,
6281,兰州信息科技学院,2024,四川,本科批B段,理科,,,471,173422,
6281001,兰州信息科技学院,2024,四川,本科批B段,理科,,,471,173422,
6282,兰州工商学院,2024,四川,本科批B段,理科,,,469,174832,
6282001,兰州工商学院,2024,四川,本科批B段,理科,,,469,174832,
6285,兰州博文科技学院,2024,四川,本科批B段,理科,,,472,171949,
6285001,兰州博文科技学院,2024,四川,本科批B段,理科,,,472,171949,
63,中国石油大学(北京),2024,四川,本科批B段,理科,,,616,10776,
630,哈尔滨工业大学,2024,四川,本科批B段,理科,,,659,1786,
630001,哈尔滨工业大学,2024,四川,本科批B段,理科,,,659,1786,
63001,中国石油大学(北京),2024,四川,本科批B段,理科,,,616,10776,
6301,青海大学,2024,四川,本科批B段,理科,,,578,17563,
6301001,青海大学,2024,四川,本科批B段,理科,,,578,17563,
6304,青海师范大学,2024,四川,本科批B段,理科,,,525,85806,
6304001,青海师范大学,2024,四川,本科批B段,理科,,,525,85806,
6306,青海民族大学,2024,四川,本科批B段,理科,,,512,103768,
6306001,青海民族大学,2024,四川,本科批B段,理科,,,512,103768,
633,哈尔滨工程大学,2024,四川,本科批B段,理科,,,618,14164,
633001,哈尔滨工程大学,2024,四川,本科批B段,理科,,,618,14164,
635,河海大学,2024,四川,本科批B段,理科,,,592,27526,
635001,河海大学,2024,四川,本科批B段,理科,,,592,27526,
639,浙江大学,2024,四川,本科批B段,理科,,,655,3130,
639001,浙江大学,2024,四川,本科批B段,理科,,,655,3130,
64,中国地质大学(北京),2024,四川,本科批B段,理科,,,605,14164,
64001,中国地质大学(北京),2024,四川,本科批B段,理科,,,605,14164,
6401,宁夏大学,2024,四川,本科批B段,理科,,,547,22523,
6401001,宁夏大学,2024,四川,本科批B段,理科,,,547,22523,
6405,宁夏师范大学,2024,四川,本科批B段,理科,,,509,115972,
6405001,宁夏师范大学,2024,四川,本科批B段,理科,,,509,115972,
6407,宁夏医科大学,2024,四川,本科批B段,理科,,,520,19193,
6407001,宁夏医科大学,2024,四川,本科批B段,理科,,,560,19193,
6407002,宁夏医科大学,2024,四川,本科批B段,理科,,,520,85806,
645,武汉大学,2024,四川,本科批B段,理科,,,636,3130,
645001,武汉大学,2024,四川,本科批B段,理科,,,636,3130,
6451,宁夏理工学院,2024,四川,本科批B段,理科,,,469,170539,
6451001,宁夏理工学院,2024,四川,本科批B段,理科,,,469,170539,
646,中国地质大学(武汉),2024,四川,本科批B段,理科,,,579,42054,
646001,中国地质大学(武汉),2024,四川,本科批B段,理科,,,579,42054,
6491,宁夏大学新华学院,2024,四川,本科批B段,理科,,,469,173422,
6491001,宁夏大学新华学院,2024,四川,本科批B段,理科,,,469,173422,
6492,银川科技学院,2024,四川,本科批B段,理科,,,470,174832,
6492001,银川科技学院,2024,四川,本科批B段,理科,,,470,174832,
6495,银川能源学院,2024,四川,本科批B段,理科,,,467,177723,
6495001,银川能源学院,2024,四川,本科批B段,理科,,,467,177723,
65,西北农林科技大学,2024,四川,本科批B段,理科,,,557,10413,
65001,西北农林科技大学,2024,四川,本科批B段,理科,,,605,10413,
6501,新疆大学,2024,四川,本科批B段,理科,,,574,19766,
6501001,新疆大学,2024,四川,本科批B段,理科,,,546,19766,
6503,塔里木大学,2024,四川,本科批B段,理科,,,502,122881,
6503001,塔里木大学,2024,四川,本科批B段,理科,,,502,122881,
6504,新疆农业大学,2024,四川,本科批B段,理科,,,506,99813,
6504001,新疆农业大学,2024,四川,本科批B段,理科,,,506,99813,
6505,新疆警察学院,2024,四川,本科批B段,理科,,,509,107830,
6505001,新疆警察学院,2024,四川,本科批B段,理科,,,509,107830,
6508,新疆师范大学,2024,四川,本科批B段,理科,,,505,93315,
6508001,新疆师范大学,2024,四川,本科批B段,理科,,,505,93315,
6509,喀什大学,2024,四川,本科批B段,理科,,,498,125728,
6509001,喀什大学,2024,四川,本科批B段,理科,,,498,125728,
6510,伊犁师范大学,2024,四川,本科批B段,理科,,,500,124295,
6510001,伊犁师范大学,2024,四川,本科批B段,理科,,,500,124295,
6511,新疆和田学院,2024,四川,本科批B段,理科,,,494,141786,
6511001,新疆和田学院,2024,四川,本科批B段,理科,,,494,141786,
6512,新疆财经大学,2024,四川,本科批B段,理科,,,504,99813,
6512001,新疆财经大学,2024,四川,本科批B段,理科,,,504,99813,
652,四川大学,2024,四川,本科批B段,理科,,,603,24323,
652001,四川大学,2024,四川,本科批B段,理科,,,603,24323,
6521,新疆工程学院,2024,四川,本科批B段,理科,,,499,115972,
6521001,新疆工程学院,2024,四川,本科批B段,理科,,,499,115972,
653,重庆大学,2024,四川,本科批B段,理科,,,615,16027,
653001,重庆大学,2024,四川,本科批B段,理科,,,615,16027,
6535,新疆医科大学,2024,四川,本科批B段,理科,,,518,14632,
6535001,新疆医科大学,2024,四川,本科批B段,理科,,,619,14632,
6535002,新疆医科大学,2024,四川,本科批B段,理科,,,518,34790,
654,西南交通大学,2024,四川,本科批B段,理科,,,575,42054,
654001,西南交通大学,2024,四川,本科批B段,理科,,,575,42054,
6543,新疆农业大学,2024,四川,本科批B段,理科,,,494,144724,
6543001,新疆农业大学,2024,四川,本科批B段,理科,,,494,144724,
6544,西安航空学院,2024,四川,本科批B段,理科,,,520,107830,
6544001,西安航空学院,2024,四川,本科批B段,理科,,,520,107830,
6550,西安工业大学,2024,四川,本科批B段,理科,,,552,53929,
6550001,西安工业大学,2024,四川,本科批B段,理科,,,552,53929,
6568,兰州工业学院,2024,四川,本科批B段,理科,,,514,109199,
6568001,兰州工业学院,2024,四川,本科批B段,理科,,,514,109199,
6569,青海民族大学,2024,四川,本科批B段,理科,,,490,150457,
6569001,青海民族大学,2024,四川,本科批B段,理科,,,490,150457,
6570,商洛学院,2024,四川,本科批B段,理科,,,503,131486,
6570001,商洛学院,2024,四川,本科批B段,理科,,,503,131486,
6577,陕西理工大学,2024,四川,本科批B段,理科,,,522,102420,
6577001,陕西理工大学,2024,四川,本科批B段,理科,,,522,102420,
658,西安交通大学,2024,四川,本科批B段,理科,,,651,2772,
658001,西安交通大学,2024,四川,本科批B段,理科,,,651,2772,
6581,咸阳师范学院,2024,四川,本科批B段,理科,,,477,169097,
6581001,咸阳师范学院,2024,四川,本科批B段,理科,,,477,169097,
6582,宁夏大学,2024,四川,本科批B段,理科,,,550,61000,
6582001,宁夏大学,2024,四川,本科批B段,理科,,,550,61000,
6584,兰州石化职业技术大学,2024,四川,本科批B段,理科,,,504,124295,
6584001,兰州石化职业技术大学,2024,四川,本科批B段,理科,,,504,124295,
6585,新疆第二医学院,2024,四川,本科批B段,理科,,,539,69408,
6585001,新疆第二医学院,2024,四川,本科批B段,理科,,,539,69408,
6586,新疆理工学院,2024,四川,本科批B段,理科,,,498,130043,
6586001,新疆理工学院,2024,四川,本科批B段,理科,,,498,130043,
6587,新疆科技学院,2024,四川,本科批B段,理科,,,497,125728,
6587001,新疆科技学院,2024,四川,本科批B段,理科,,,497,125728,
6588,兰州资源环境职业技术大学,2024,四川,本科批B段,理科,,,499,137269,
6588001,兰州资源环境职业技术大学,2024,四川,本科批B段,理科,,,499,137269,
6595,新疆天山职业技术大学,2024,四川,本科批B段,理科,,,474,144724,
6595001,新疆天山职业技术大学,2024,四川,本科批B段,理科,,,474,144724,
6599,昌吉学院,2024,四川,本科批B段,理科,,,497,134379,
6599001,昌吉学院,2024,四川,本科批B段,理科,,,497,134379,
66,长安大学,2024,四川,本科批B段,理科,,,593,11962,
66001,长安大学,2024,四川,本科批B段,理科,,,610,11962,
6604,新疆农业大学,2024,四川,本科批B段,理科,,,494,144724,
6604001,新疆农业大学,2024,四川,本科批B段,理科,,,494,144724,
6609,陕西科技大学,2024,四川,本科批B段,理科,,,554,40367,
6609001,陕西科技大学,2024,四川,本科批B段,理科,,,554,40367,
661,兰州大学,2024,四川,本科批B段,理科,,,596,28929,
661001,兰州大学,2024,四川,本科批B段,理科,,,596,28929,
6640,西安财经大学,2024,四川,本科批B段,理科,,,528,97206,
6640001,西安财经大学,2024,四川,本科批B段,理科,,,528,97206,
665,西北农林科技大学,2024,四川,本科批B段,理科,,,594,17064,
665001,西北农林科技大学,2024,四川,本科批B段,理科,,,594,17064,
669,华中科技大学,2024,四川,本科批B段,理科,,,643,4528,
669001,华中科技大学,2024,四川,本科批B段,理科,,,643,4528,
67,中南大学,2024,四川,本科批B段,理科,,,614,1047,
670,武汉理工大学,2024,四川,本科批B段,理科,,,609,20321,
670001,武汉理工大学,2024,四川,本科批B段,理科,,,609,20321,
67001,中南大学,2024,四川,本科批B段,理科,,,632,1047,
6706,西北师范大学,2024,四川,本科批B段,理科,,,540,82156,
6706001,西北师范大学,2024,四川,本科批B段,理科,,,540,82156,
671,东北大学秦皇岛分校,2024,四川,本科批B段,理科,,,619,15090,
671001,东北大学秦皇岛分校,2024,四川,本科批B段,理科,,,619,15090,
6752,西安交通工程学院,2024,四川,本科批B段,理科,,,488,147598,
6752001,西安交通工程学院,2024,四川,本科批B段,理科,,,488,147598,
6771,西安科技大学高新学院,2024,四川,本科批B段,理科,,,495,143289,
6771001,西安科技大学高新学院,2024,四川,本科批B段,理科,,,495,143289,
68,中南财经政法大学,2024,四川,本科批B段,理科,,,589,17064,
68001,中南财经政法大学,2024,四川,本科批B段,理科,,,610,17064,
6802,西北大学,2024,四川,本科批B段,理科,,,594,30322,
6802001,西北大学,2024,四川,本科批B段,理科,,,594,30322,
688,电子科技大学,2024,四川,本科批B段,理科,,,641,7109,
688001,电子科技大学,2024,四川,本科批B段,理科,,,641,7109,
689,西南大学,2024,四川,本科批B段,理科,,,543,78624,
689001,西南大学,2024,四川,本科批B段,理科,,,543,78624,
69,华中科技大学,2024,四川,本科批B段,理科,,,661,819,
69001,华中科技大学,2024,四川,本科批B段,理科,,,661,819,
6904,西安建筑科技大学,2024,四川,本科批B段,理科,,,548,66147,
6904001,西安建筑科技大学,2024,四川,本科批B段,理科,,,548,66147,
6906,西北师范大学,2024,四川,本科批B段,理科,,,527,69408,
6906001,西北师范大学,2024,四川,本科批B段,理科,,,527,69408,
6911,兰州财经大学,2024,四川,本科批B段,理科,,,517,106510,
6911001,兰州财经大学,2024,四川,本科批B段,理科,,,517,106510,
7,北京邮电大学,2024,四川,本科批B段,理科,,,626,2456,
70,武汉理工大学,2024,四川,本科批B段,理科,,,604,9316,
70001,武汉理工大学,2024,四川,本科批B段,理科,,,622,9316,
7001,北京邮电大学,2024,四川,本科批B段,理科,,,650,2456,
702,北京理工大学,2024,四川,本科批B段,理科,,,662,2456,
702001,北京理工大学,2024,四川,本科批B段,理科,,,662,2456,
704,北京交通大学,2024,四川,本科批B段,理科,,,649,4988,
704001,北京交通大学,2024,四川,本科批B段,理科,,,649,4988,
71,东北大学秦皇岛分校,2024,四川,本科批B段,理科,,,624,9672,
71001,东北大学秦皇岛分校,2024,四川,本科批B段,理科,,,624,9672,
7105,陕西师范大学,2024,四川,本科批B段,理科,,,574,46505,
7105001,陕西师范大学,2024,四川,本科批B段,理科,,,574,46505,
7106,四川大学,2024,四川,本科批B段,理科,,,593,31002,
7106001,四川大学,2024,四川,本科批B段,理科,,,593,31002,
7107,西南大学,2024,四川,本科批B段,理科,,,583,31693,
7107001,西南大学,2024,四川,本科批B段,理科,,,583,31693,
7109,四川外国语大学,2024,四川,本科批B段,理科,,,520,107830,
7109001,四川外国语大学,2024,四川,本科批B段,理科,,,520,107830,
7110,浙江传媒学院,2024,四川,本科批B段,理科,,,528,84610,
7110001,浙江传媒学院,2024,四川,本科批B段,理科,,,528,84610,
7111,成都理工大学,2024,四川,本科批B段,理科,,,539,83354,
7111001,成都理工大学,2024,四川,本科批B段,理科,,,539,83354,
7114,中国传媒大学,2024,四川,本科批B段,理科,,,608,21383,
7114001,中国传媒大学,2024,四川,本科批B段,理科,,,608,21383,
7120,南京师范大学,2024,四川,本科批B段,理科,,,586,36338,
7120001,南京师范大学,2024,四川,本科批B段,理科,,,586,36338,
7127,南阳师范学院,2024,四川,本科批B段,理科,,,488,153336,
7127001,南阳师范学院,2024,四川,本科批B段,理科,,,488,153336,
713,中国传媒大学,2024,四川,本科批B段,理科,,,591,29596,
713001,中国传媒大学,2024,四川,本科批B段,理科,,,591,29596,
7134,四川师范大学,2024,四川,本科批B段,理科,,,539,83354,
7134001,四川师范大学,2024,四川,本科批B段,理科,,,539,83354,
7135,西华师范大学,2024,四川,本科批B段,理科,,,492,147598,
7135001,西华师范大学,2024,四川,本科批B段,理科,,,492,147598,
7136,宜宾学院,2024,四川,本科批B段,理科,,,497,140317,
7136001,宜宾学院,2024,四川,本科批B段,理科,,,497,140317,
7137,四川文理学院,2024,四川,本科批B段,理科,,,494,144724,
7137001,四川文理学院,2024,四川,本科批B段,理科,,,494,144724,
7143,西北师范大学,2024,四川,本科批B段,理科,,,539,83354,
7143001,西北师范大学,2024,四川,本科批B段,理科,,,539,83354,
7148,成都大学,2024,四川,本科批B段,理科,,,521,106510,
7148001,成都大学,2024,四川,本科批B段,理科,,,521,106510,
7150,重庆工商大学,2024,四川,本科批B段,理科,,,539,83354,
7150001,重庆工商大学,2024,四川,本科批B段,理科,,,539,83354,
7152,海口经济学院,2024,四川,本科批B段,理科,,,471,177723,
7152001,海口经济学院,2024,四川,本科批B段,理科,,,471,177723,
7165,天津商业大学宝德学院,2024,四川,本科批B段,理科,,,461,187394,
7165001,天津商业大学宝德学院,2024,四川,本科批B段,理科,,,461,187394,
7172,成都锦城学院,2024,四川,本科批B段,理科,,,475,171949,
7172001,成都锦城学院,2024,四川,本科批B段,理科,,,475,171949,
719,大连理工大学,2024,四川,本科批B段,理科,,,626,12394,
719001,大连理工大学,2024,四川,本科批B段,理科,,,626,12394,
722,东北师范大学,2024,四川,本科批B段,理科,,,541,50121,
722001,东北师范大学,2024,四川,本科批B段,理科,,,541,50121,
725,大连海事大学,2024,四川,本科批B段,理科,,,589,26240,
725001,大连海事大学,2024,四川,本科批B段,理科,,,589,26240,
73,中央美术学院,2024,四川,本科批B段,理科,,,601,19766,
730,哈尔滨工业大学,2024,四川,本科批B段,理科,,,650,4759,
730001,哈尔滨工业大学,2024,四川,本科批B段,理科,,,650,4759,
73001,中央美术学院,2024,四川,本科批B段,理科,,,601,19766,
733,哈尔滨工程大学,2024,四川,本科批B段,理科,,,646,5705,
733001,哈尔滨工程大学,2024,四川,本科批B段,理科,,,646,5705,
745,武汉大学,2024,四川,本科批B段,理科,,,601,25601,
745001,武汉大学,2024,四川,本科批B段,理科,,,601,25601,
75,北京外国语大学,2024,四川,本科批B段,理科,,,589,7109,
75001,北京外国语大学,2024,四川,本科批B段,理科,,,617,7109,
753,重庆大学,2024,四川,本科批B段,理科,,,590,33245,
753001,重庆大学,2024,四川,本科批B段,理科,,,590,33245,
756,西南大学,2024,四川,本科批B段,理科,,,591,30322,
756001,西南大学,2024,四川,本科批B段,理科,,,591,30322,
758,西安交通大学,2024,四川,本科批B段,理科,,,617,14164,
758001,西安交通大学,2024,四川,本科批B段,理科,,,617,14164,
760,陕西师范大学,2024,四川,本科批B段,理科,,,600,22523,
760001,陕西师范大学,2024,四川,本科批B段,理科,,,600,22523,
769,华中科技大学,2024,四川,本科批B段,理科,,,623,11962,
769001,华中科技大学,2024,四川,本科批B段,理科,,,623,11962,
77,北京大学医学部,2024,四川,本科批B段,理科,,,686,63,
770,武汉理工大学,2024,四川,本科批B段,理科,,,599,26883,
770001,武汉理工大学,2024,四川,本科批B段,理科,,,599,26883,
77001,北京大学医学部,2024,四川,本科批B段,理科,,,686,63,
773,北方民族大学,2024,四川,本科批B段,理科,,,517,111900,
773001,北方民族大学,2024,四川,本科批B段,理科,,,517,111900,
78,山东大学威海分校,2024,四川,本科批B段,理科,,,625,7412,
780,哈尔滨工业大学(威海),2024,四川,本科批B段,理科,,,642,4759,
780001,哈尔滨工业大学(威海),2024,四川,本科批B段,理科,,,642,4759,
78001,山东大学威海分校,2024,四川,本科批B段,理科,,,625,7412,
79,中国社会科学院大学,2024,四川,本科批B段,理科,,,625,12825,
79001,中国社会科学院大学,2024,四川,本科批B段,理科,,,625,12825,
8,中国农业大学,2024,四川,本科批B段,理科,,,631,3130,
80,上海交通大学医学院,2024,四川,本科批B段,理科,,,693,63,
80001,上海交通大学医学院,2024,四川,本科批B段,理科,,,693,63,
8001,中国农业大学,2024,四川,本科批B段,理科,,,631,3130,
804,北京交通大学,2024,四川,本科批B段,理科,,,611,19766,
804001,北京交通大学,2024,四川,本科批B段,理科,,,611,19766,
81,复旦大学医学院,2024,四川,本科批B段,理科,,,692,152,
81001,复旦大学医学院,2024,四川,本科批B段,理科,,,692,152,
822,东北师范大学,2024,四川,本科批B段,理科,,,585,37088,
822001,东北师范大学,2024,四川,本科批B段,理科,,,585,37088,
825,同济大学,2024,四川,本科批B段,理科,,,656,2456,
825001,同济大学,2024,四川,本科批B段,理科,,,656,2456,
826,上海交通大学,2024,四川,本科批B段,理科,,,689,110,
826001,上海交通大学,2024,四川,本科批B段,理科,,,689,110,
830,哈尔滨工业大学,2024,四川,本科批B段,理科,,,642,6814,
830001,哈尔滨工业大学,2024,四川,本科批B段,理科,,,642,6814,
833,东南大学,2024,四川,本科批B段,理科,,,658,3130,
833001,东南大学,2024,四川,本科批B段,理科,,,658,3130,
841,厦门大学,2024,四川,本科批B段,理科,,,607,17064,
841001,厦门大学,2024,四川,本科批B段,理科,,,607,17064,
843,中国海洋大学,2024,四川,本科批B段,理科,,,608,18113,
843001,中国海洋大学,2024,四川,本科批B段,理科,,,608,18113,
856,西南大学,2024,四川,本科批B段,理科,,,594,17563,
856001,西南大学,2024,四川,本科批B段,理科,,,594,17563,
858,西北工业大学,2024,四川,本科批B段,理科,,,629,10413,
858001,西北工业大学,2024,四川,本科批B段,理科,,,629,10413,
86,中国人民大学,2024,四川,本科批B段,理科,,,648,1441,
86001,中国人民大学,2024,四川,本科批B段,理科,,,648,1441,
863,西北民族大学,2024,四川,本科批B段,理科,,,577,43810,
863001,西北民族大学,2024,四川,本科批B段,理科,,,577,43810,
866,长安大学,2024,四川,本科批B段,理科,,,605,23113,
866001,长安大学,2024,四川,本科批B段,理科,,,605,23113,
869,华中科技大学,2024,四川,本科批B段,理科,,,627,11962,
869001,华中科技大学,2024,四川,本科批B段,理科,,,627,11962,
87,北京邮电大学,2024,四川,本科批B段,理科,,,631,9672,
87001,北京邮电大学,2024,四川,本科批B段,理科,,,631,9672,
88,电子科技大学,2024,四川,本科批B段,理科,,,611,3130,
88001,电子科技大学,2024,四川,本科批B段,理科,,,650,3130,
89,西南大学,2024,四川,本科批B段,理科,,,582,30322,
89001,西南大学,2024,四川,本科批B段,理科,,,582,30322,
9,北京林业大学,2024,四川,本科批B段,理科,,,561,10776,
90,合肥工业大学,2024,四川,本科批B段,理科,,,546,13702,
90001,合肥工业大学,2024,四川,本科批B段,理科,,,546,13702,
9001,北京林业大学,2024,四川,本科批B段,理科,,,591,10776,
904,北京交通大学,2024,四川,本科批B段,理科,,,616,17064,
904001,北京交通大学,2024,四川,本科批B段,理科,,,616,17064,
91,大连理工大学,2024,四川,本科批B段,理科,,,611,12825,
91001,大连理工大学,2024,四川,本科批B段,理科,,,611,12825,
9102,国防科技大学,2024,四川,本科批B段,理科,,,651,1335,
9102001,国防科技大学,2024,四川,本科批B段,理科,,,651,1335,
9112,陆军军医大学,2024,四川,本科批B段,理科,,,591,7412,
9112001,陆军军医大学,2024,四川,本科批B段,理科,,,591,7412,
9120,海军军医大学,2024,四川,本科批B段,理科,,,559,11205,
9120001,海军军医大学,2024,四川,本科批B段,理科,,,559,11205,
9130,空军军医大学,2024,四川,本科批B段,理科,,,605,3130,
9130001,空军军医大学,2024,四川,本科批B段,理科,,,605,3130,
92,北京交通大学,2024,四川,本科批B段,理科,,,605,18625,
92001,北京交通大学,2024,四川,本科批B段,理科,,,605,18625,
923,东北林业大学,2024,四川,本科批B段,理科,,,539,45579,
923001,东北林业大学,2024,四川,本科批B段,理科,,,539,45579,
93,浙江大学医学院,2024,四川,本科批B段,理科,,,674,1047,
930,哈尔滨工业大学,2024,四川,本科批B段,理科,,,640,7412,
930001,哈尔滨工业大学,2024,四川,本科批B段,理科,,,640,7412,
93001,浙江大学医学院,2024,四川,本科批B段,理科,,,674,1047,
933,哈尔滨工程大学,2024,四川,本科批B段,理科,,,641,7109,
933001,哈尔滨工程大学,2024,四川,本科批B段,理科,,,641,7109,
94,中国石油大学(北京)克拉玛依校区,2024,四川,本科批B段,理科,,,588,27526,
940,南京航空航天大学,2024,四川,本科批B段,理科,,,612,19193,
940001,南京航空航天大学,2024,四川,本科批B段,理科,,,612,19193,
94001,中国石油大学(北京)克拉玛依校区,2024,四川,本科批B段,理科,,,588,27526,
941,厦门大学,2024,四川,本科批B段,理科,,,605,15090,
941001,厦门大学,2024,四川,本科批B段,理科,,,605,15090,
945,武汉大学,2024,四川,本科批B段,理科,,,637,7684,
945001,武汉大学,2024,四川,本科批B段,理科,,,637,7684,
95,北京协和医学院,2024,四川,本科批B段,理科,,,602,24964,
95001,北京协和医学院,2024,四川,本科批B段,理科,,,602,24964,
952,四川大学,2024,四川,本科批B段,理科,,,593,11205,
952001,四川大学,2024,四川,本科批B段,理科,,,622,11205,
953,暨南大学,2024,四川,本科批B段,理科,,,604,20321,
953001,暨南大学,2024,四川,本科批B段,理科,,,604,20321,
954,西南交通大学,2024,四川,本科批B段,理科,,,605,19193,
954001,西南交通大学,2024,四川,本科批B段,理科,,,605,19193,
956,西南大学,2024,四川,本科批B段,理科,,,585,24964,
956001,西南大学,2024,四川,本科批B段,理科,,,585,24964,
958,西安交通大学,2024,四川,本科批B段,理科,,,606,22523,
958001,西安交通大学,2024,四川,本科批B段,理科,,,606,22523,
966,长安大学,2024,四川,本科批B段,理科,,,592,26240,
966001,长安大学,2024,四川,本科批B段,理科,,,592,26240,
97,北京邮电大学,2024,四川,本科批B段,理科,,,621,13702,
97001,北京邮电大学,2024,四川,本科批B段,理科,,,621,13702,
988,电子科技大学,2024,四川,本科批B段,理科,,,633,8317,
988001,电子科技大学,2024,四川,本科批B段,理科,,,633,8317,
,三峡大学,2024,四川,本科批B段,理科,,,520,107830,
211,北京师范大学,2024,四川,本科提前批(高校专项),理科,,,649,3485,
211001,北京师范大学,2024,四川,本科提前批(高校专项),理科,,,649,3485,
60,陕西师范大学,2024,四川,本科提前批(高校专项),理科,,,620,11962,
60001,陕西师范大学,2024,四川,本科提前批(高校专项),理科,,,620,11962,
1204,天津理工大学,2024,四川,本科提前批A段,理科,,,526,89526,
1204001,天津理工大学,2024,四川,本科提前批A段,理科,,,526,89526,
16,中国政法大学,2024,四川,本科提前批A段,理科,,,630,10776,
2125,渤海大学,2024,四川,本科提前批A段,理科,,,506,125728,
2125001,渤海大学,2024,四川,本科提前批A段,理科,,,506,125728,
308,中国人民公安大学,2024,四川,本科提前批A段,理科,,,639,1563,
308001,中国人民公安大学,2024,四川,本科提前批A段,理科,,,639,1563,
3103,上海海事大学,2024,四川,本科提前批A段,理科,,,553,52000,
3103001,上海海事大学,2024,四川,本科提前批A段,理科,,,553,52000,
325,大连海事大学,2024,四川,本科提前批A段,理科,,,582,31002,
325001,大连海事大学,2024,四川,本科提前批A段,理科,,,582,31002,
327,中国刑事警察学院,2024,四川,本科提前批A段,理科,,,624,5976,
3305,浙江海洋大学,2024,四川,本科提前批A段,理科,,,526,93315,
3305001,浙江海洋大学,2024,四川,本科提前批A段,理科,,,526,93315,
3325,宁波大学,2024,四川,本科提前批A段,理科,,,547,69408,
3325001,宁波大学,2024,四川,本科提前批A段,理科,,,547,69408,
3515,集美大学,2024,四川,本科提前批A段,理科,,,535,82156,
3515001,集美大学,2024,四川,本科提前批A段,理科,,,535,82156,
355,中国民用航空飞行学院,2024,四川,本科提前批A段,理科,,,553,67210,
355001,中国民用航空飞行学院,2024,四川,本科提前批A段,理科,,,553,67210,
368,郑州警察学院,2024,四川,本科提前批A段,理科,,,574,13702,
370,中国人民警察大学,2024,四川,本科提前批A段,理科,,,624,5211,
3721,烟台大学,2024,四川,本科提前批A段,理科,,,528,94628,
3721001,烟台大学,2024,四川,本科提前批A段,理科,,,528,94628,
3723,山东交通学院,2024,四川,本科提前批A段,理科,,,517,102420,
3723001,山东交通学院,2024,四川,本科提前批A段,理科,,,517,102420,
375,南京警察学院,2024,四川,本科提前批A段,理科,,,567,17064,
395,中央司法警官学院,2024,四川,本科提前批A段,理科,,,566,14164,
3977,昆山杜克大学,2024,四川,本科提前批A段,理科,,,601,25601,
3977001,昆山杜克大学,2024,四川,本科提前批A段,理科,,,601,25601,
4428,广州航海学院,2024,四川,本科提前批A段,理科,,,513,107830,
4428001,广州航海学院,2024,四川,本科提前批A段,理科,,,513,107830,
4528,北部湾大学,2024,四川,本科提前批A段,理科,,,509,117337,
4528001,北部湾大学,2024,四川,本科提前批A段,理科,,,509,117337,
4677,海南科技职业大学,2024,四川,本科提前批A段,理科,,,460,191450,
4677001,海南科技职业大学,2024,四川,本科提前批A段,理科,,,460,191450,
4904,深圳北理莫斯科大学,2024,四川,本科提前批A段,理科,,,542,42054,
4904001,深圳北理莫斯科大学,2024,四川,本科提前批A段,理科,,,542,42054,
5002,重庆交通大学,2024,四川,本科提前批A段,理科,,,534,78624,
5002001,重庆交通大学,2024,四川,本科提前批A段,理科,,,534,78624,
5017,西南政法大学,2024,四川,本科提前批A段,理科,,,563,56909,
5149,四川警察学院,2024,四川,本科提前批A段,理科,,,578,12394,
68,中南财经政法大学,2024,四川,本科提前批A段,理科,,,547,22523,
70,武汉理工大学,2024,四川,本科提前批A段,理科,,,571,37088,
70001,武汉理工大学,2024,四川,本科提前批A段,理科,,,571,37088,
75,北京外国语大学,2024,四川,本科提前批A段,理科,,,593,15090,
75001,北京外国语大学,2024,四川,本科提前批A段,理科,,,593,15090,
827,中国刑事警察学院,2024,四川,本科提前批A段,理科,,,563,56909,
9102,国防科技大学,2024,四川,本科提前批A段,理科,,,635,560,
9104,陆军工程大学,2024,四川,本科提前批A段,理科,,,589,10413,
9105,陆军步兵学院,2024,四川,本科提前批A段,理科,,,586,26883,
9106,陆军装甲兵学院,2024,四川,本科提前批A段,理科,,,586,6530,
9107,陆军炮兵防空兵学院,2024,四川,本科提前批A段,理科,,,592,22523,
9109,陆军特种作战学院,2024,四川,本科提前批A段,理科,,,568,41194,
9110,陆军边海防学院,2024,四川,本科提前批A段,理科,,,586,35537,
9111,陆军防化学院,2024,四川,本科提前批A段,理科,,,575,29596,
9112,陆军军医大学,2024,四川,本科提前批A段,理科,,,599,2046,
9113,陆军军事交通学院,2024,四川,本科提前批A段,理科,,,587,12394,
9114,陆军勤务学院,2024,四川,本科提前批A段,理科,,,603,4314,
9116,海军工程大学,2024,四川,本科提前批A段,理科,,,611,8632,
9117,海军大连舰艇学院,2024,四川,本科提前批A段,理科,,,606,11205,
9118,海军潜艇学院,2024,四川,本科提前批A段,理科,,,582,4314,
9119,海军航空大学,2024,四川,本科提前批A段,理科,,,604,20321,
9120,海军军医大学,2024,四川,本科提前批A段,理科,,,552,2046,
9124,空军工程大学,2024,四川,本科提前批A段,理科,,,568,6240,
9126,空军预警学院,2024,四川,本科提前批A段,理科,,,597,15090,
9134,火箭军工程大学,2024,四川,本科提前批A段,理科,,,601,11205,
9136,战略支援部队航天工程大学,2024,四川,本科提前批A段,理科,,,590,4072,
9137,战略支援部队信息工程大学,2024,四川,本科提前批A段,理科,,,626,1441,
9139,武警工程大学,2024,四川,本科提前批A段,理科,,,593,10776,
9140,武警警官学院,2024,四川,本科提前批A段,理科,,,569,14164,
9141,武警特种警察学院,2024,四川,本科提前批A段,理科,,,539,28929,
9144,武警海警学院,2024,四川,本科提前批A段,理科,,,588,16551,
9219,海军航空大学,2024,四川,本科提前批A段,理科,,,543,78624,
96,中国消防救援学院,2024,四川,本科提前批A段,理科,,,582,10413,
9904,陆军工程大学,2024,四川,本科提前批A段,理科,,,556,9672,
9957,空军航空大学,2024,四川,本科提前批A段,理科,,,540,82156,
,中南财经政法大学,2024,四川,本科提前批A段,理科,,,547,22523,
1,北京大学,2024,四川,本科提前批B段,理科,,,685,258,
1001,北京大学,2024,四川,本科提前批B段,理科,,,685,258,
11,北京师范大学,2024,四川,本科提前批B段,理科,,,642,6814,
12,北京语言大学,2024,四川,本科提前批B段,理科,,,590,19766,
12001,北京语言大学,2024,四川,本科提前批B段,理科,,,590,19766,
1205,天津农学院,2024,四川,本科提前批B段,理科,,,535,88281,
1205001,天津农学院,2024,四川,本科提前批B段,理科,,,535,88281,
13,中国传媒大学,2024,四川,本科提前批B段,理科,,,601,25601,
13001,中国传媒大学,2024,四川,本科提前批B段,理科,,,601,25601,
2,中国人民大学,2024,四川,本科提前批B段,理科,,,674,1047,
2001,中国人民大学,2024,四川,本科提前批B段,理科,,,674,1047,
211,北京师范大学,2024,四川,本科提前批B段,理科,,,656,2168,
22,东北师范大学,2024,四川,本科提前批B段,理科,,,615,10024,
2301,黑龙江大学,2024,四川,本科提前批B段,理科,,,524,75136,
2301001,黑龙江大学,2024,四川,本科提前批B段,理科,,,524,75136,
29,华东师范大学,2024,四川,本科提前批B段,理科,,,634,2046,
3,清华大学,2024,四川,本科提前批B段,理科,,,690,131,
30,上海外国语大学,2024,四川,本科提前批B段,理科,,,616,11590,
30001,上海外国语大学,2024,四川,本科提前批B段,理科,,,616,11590,
3001,清华大学,2024,四川,本科提前批B段,理科,,,690,131,
305,北京电子科技学院,2024,四川,本科提前批B段,理科,,,644,2298,
305001,北京电子科技学院,2024,四川,本科提前批B段,理科,,,644,2298,
307,外交学院,2024,四川,本科提前批B段,理科,,,629,6814,
307001,外交学院,2024,四川,本科提前批B段,理科,,,629,6814,
309,国际关系学院,2024,四川,本科提前批B段,理科,,,616,3312,
309001,国际关系学院,2024,四川,本科提前批B段,理科,,,616,3312,
3102,上海科技大学,2024,四川,本科提前批B段,理科,,,642,3312,
3102001,上海科技大学,2024,四川,本科提前批B段,理科,,,642,3312,
3148,上海纽约大学,2024,四川,本科提前批B段,理科,,,591,32470,
3148001,上海纽约大学,2024,四川,本科提前批B段,理科,,,591,32470,
335,上海海关学院,2024,四川,本科提前批B段,理科,,,628,6240,
335001,上海海关学院,2024,四川,本科提前批B段,理科,,,628,6240,
346,中国科学院大学,2024,四川,本科提前批B段,理科,,,676,258,
346001,中国科学院大学,2024,四川,本科提前批B段,理科,,,676,258,
4422,南方科技大学,2024,四川,本科提前批B段,理科,,,625,4314,
4422001,南方科技大学,2024,四川,本科提前批B段,理科,,,625,4314,
4488,香港中文大学(深圳),2024,四川,本科提前批B段,理科,,,654,3859,
4488001,香港中文大学(深圳),2024,四川,本科提前批B段,理科,,,654,3859,
456,西南大学,2024,四川,本科提前批B段,理科,,,611,19766,
456001,西南大学,2024,四川,本科提前批B段,理科,,,611,19766,
4611,海南热带海洋学院,2024,四川,本科提前批B段,理科,,,508,124295,
4611001,海南热带海洋学院,2024,四川,本科提前批B段,理科,,,508,124295,
48,华中师范大学,2024,四川,本科提前批B段,理科,,,626,3665,
5015,四川外国语大学,2024,四川,本科提前批B段,理科,,,539,25601,
5015001,四川外国语大学,2024,四川,本科提前批B段,理科,,,539,25601,
5102,成都理工大学,2024,四川,本科提前批B段,理科,,,508,76347,
511,北京师范大学,2024,四川,本科提前批B段,理科,,,620,12394,
5112,四川农业大学,2024,四川,本科提前批B段,理科,,,586,36338,
5112001,四川农业大学,2024,四川,本科提前批B段,理科,,,586,36338,
5114,西昌学院,2024,四川,本科提前批B段,理科,,,417,94628,
5116,西南医科大学,2024,四川,本科提前批B段,理科,,,503,118741,
5118,川北医学院,2024,四川,本科提前批B段,理科,,,457,10776,
5119,成都医学院,2024,四川,本科提前批B段,理科,,,488,153336,
5123,绵阳师范学院,2024,四川,本科提前批B段,理科,,,468,68319,
5124,内江师范学院,2024,四川,本科提前批B段,理科,,,498,64020,
5125,宜宾学院,2024,四川,本科提前批B段,理科,,,449,206774,
5133,乐山师范学院,2024,四川,本科提前批B段,理科,,,469,71745,
5520,四川师范大学,2024,四川,本科提前批B段,理科,,,476,32470,
5522,西华师范大学,2024,四川,本科提前批B段,理科,,,436,52000,
5523,绵阳师范学院,2024,四川,本科提前批B段,理科,,,451,67210,
5524,内江师范学院,2024,四川,本科提前批B段,理科,,,481,24964,
5526,成都师范学院,2024,四川,本科提前批B段,理科,,,453,45579,
5533,乐山师范学院,2024,四川,本科提前批B段,理科,,,501,38719,
56,西南大学,2024,四川,本科提前批B段,理科,,,616,9672,
5602,成都理工大学,2024,四川,本科提前批B段,理科,,,500,135858,
5911,成都大学,2024,四川,本科提前批B段,理科,,,475,97206,
5912,西华师范大学,2024,四川,本科提前批B段,理科,,,466,79761,
5916,四川师范大学,2024,四川,本科提前批B段,理科,,,462,23113,
60,陕西师范大学,2024,四川,本科提前批B段,理科,,,600,6530,
6119,西安外国语大学,2024,四川,本科提前批B段,理科,,,547,71745,
6119001,西安外国语大学,2024,四川,本科提前批B段,理科,,,547,71745,
8106,香港城市大学,2024,四川,本科提前批B段,理科,,,624,2772,
8106001,香港城市大学,2024,四川,本科提前批B段,理科,,,624,2772,
,东北师范大学,2024,四川,本科提前批B段,理科,,,615,10024,
308,中国人民公安大学,2024,四川,本科提前批国家专项),理科,,,623,7109,
308001,中国人民公安大学,2024,四川,本科提前批国家专项),理科,,,623,7109,
368001,郑州警察学院,2024,四川,本科提前批国家专项),理科,,,567,,
375,南京警察学院,2024,四川,本科提前批国家专项),理科,,,560,59985,
375001,南京警察学院,2024,四川,本科提前批国家专项),理科,,,560,59985,
395,中央司法警官学院,2024,四川,本科提前批国家专项),理科,,,563,51035,
395001,中央司法警官学院,2024,四川,本科提前批国家专项),理科,,,563,51035,
827,中国刑事警察学院,2024,四川,本科提前批国家专项),理科,,,584,18113,
827001,中国刑事警察学院,2024,四川,本科提前批国家专项),理科,,,584,18113,
5033,重庆医药高等专科学校,2023,四川,专科提前批(定向士官),文科,,,432,70663,
355,中国民用航空飞行学院,2023,四川,专科提前批(需面试),文科,,,284,134986,
5747,成都文理学院,2023,四川,专科提前批(需面试),文科,,,236,209688,
5120,四川师范大学,2023,四川,乡村振兴专项(本科),文科,,,490,23718,
5124,内江师范学院,2023,四川,乡村振兴专项(本科),文科,,,506,19827,
5126,成都师范学院,2023,四川,乡村振兴专项(本科),文科,,,537,15879,
5133,乐山师范学院,2023,四川,乡村振兴专项(本科),文科,,,515,16325,
5135,成都体育学院,2023,四川,乡村振兴专项(本科),文科,,,521,13269,
5147,四川旅游学院,2023,四川,乡村振兴专项(本科),文科,,,483,21959,
22,东北师范大学,2023,四川,国家优师专项,文科,,,579,2772,
29,华东师范大学,2023,四川,国家优师专项,文科,,,585,2264,
48,华中师范大学,2023,四川,国家优师专项,文科,,,588,2264,
511,北京师范大学,2023,四川,国家优师专项,文科,,,562,1616,
56,西南大学,2023,四川,国家优师专项,文科,,,581,3185,
60,陕西师范大学,2023,四川,国家优师专项,文科,,,578,3348,
211,北京师范大学,2023,四川,国家公费师范生,文科,,,613,252,
22,东北师范大学,2023,四川,国家公费师范生,文科,,,584,2388,
29,华东师范大学,2023,四川,国家公费师范生,文科,,,613,366,
456,西南大学,2023,四川,国家公费师范生,文科,,,579,3517,
48,华中师范大学,2023,四川,国家公费师范生,文科,,,601,637,
56,西南大学,2023,四川,国家公费师范生,文科,,,585,1531,
60,陕西师范大学,2023,四川,国家公费师范生,文科,,,581,2147,
5912,西华师范大学,2023,四川,地方优师专项,文科,,,461,8947,
5916,四川师范大学,2023,四川,地方优师专项,文科,,,471,1803,
5940,成都师范学院,2023,四川,地方优师专项,文科,,,510,6497,
395,中央司法警官学院,2023,四川,提前批本科二批国家专项,文科,,,522,17772,
75,北京外国语大学,2023,四川,提前批综合考核试点,文科,,,535,2772,
1,北京大学,2023,四川,提前本科一批,文科,,,635,34,
12,北京语言大学,2023,四川,提前本科一批,文科,,,567,3828,
13,中国传媒大学,2023,四川,提前本科一批,文科,,,581,2388,
15,对外经济贸易大学,2023,四川,提前本科一批,文科,,,592,1445,
17,南开大学,2023,四川,提前本科一批,文科,,,608,637,
2,中国人民大学,2023,四川,提前本科一批,文科,,,623,135,
2301,黑龙江大学,2023,四川,提前本科一批,文科,,,532,8947,
24,复旦大学,2023,四川,提前本科一批,文科,,,625,80,
25,同济大学,2023,四川,提前本科一批,文科,,,607,690,
3,清华大学,2023,四川,提前本科一批,文科,,,642,34,
30,上海外国语大学,2023,四川,提前本科一批,文科,,,589,985,
307,外交学院,2023,四川,提前本科一批,文科,,,598,503,
309,国际关系学院,2023,四川,提前本科一批,文科,,,576,1884,
32,南京大学,2023,四川,提前本科一批,文科,,,618,274,
3611,江西师范大学,2023,四川,提前本科一批,文科,,,566,6020,
39,浙江大学,2023,四川,提前本科一批,文科,,,621,208,
42,山东大学,2023,四川,提前本科一批,文科,,,592,1803,
4488,香港中文大学(深圳),2023,四川,提前本科一批,文科,,,598,1111,
45,武汉大学,2023,四川,提前本科一批,文科,,,614,393,
49,湖南大学,2023,四川,提前本科一批,文科,,,590,2012,
5015,四川外国语大学,2023,四川,提前本科一批,文科,,,549,5165,
52,四川大学,2023,四川,提前本科一批,文科,,,594,1616,
58,西安交通大学,2023,四川,提前本科一批,文科,,,601,1044,
6119,西安外国语大学,2023,四川,提前本科一批,文科,,,550,6249,
86,中国人民大学,2023,四川,提前本科一批,文科,,,606,752,
16,中国政法大学,2023,四川,提前本科一批(公安司法消防),文科,,,601,1044,
308,中国人民公安大学,2023,四川,提前本科一批(公安司法消防),文科,,,584,469,
327,中国刑事警察学院,2023,四川,提前本科一批(公安司法消防),文科,,,581,596,
370,中国人民警察大学,2023,四川,提前本科一批(公安司法消防),文科,,,538,15424,
5017,西南政法大学,2023,四川,提前本科一批(公安司法消防),文科,,,559,3670,
68,中南财经政法大学,2023,四川,提前本科一批(公安司法消防),文科,,,566,2901,
96,中国消防救援学院,2023,四川,提前本科一批(公安司法消防),文科,,,560,690,
9102,国防科技大学,2023,四川,提前本科一批(军校),文科,,,544,596,
9114,陆军勤务学院,2023,四川,提前本科一批(军校),文科,,,570,5165,
9137,战略支援部队信息工程大学,2023,四川,提前本科一批(军校),文科,,,588,2264,
9139,武警工程大学,2023,四川,提前本科一批(军校),文科,,,579,3517,
9140,武警警官学院,2023,四川,提前本科一批(军校),文科,,,584,2772,
9144,武警海警学院,2023,四川,提前本科一批(军校),文科,,,577,1616,
9957,空军航空大学,2023,四川,提前本科一批(军校),文科,,,545,12446,
335,上海海关学院,2023,四川,提前本科二批,文科,,,571,1701,
355,中国民用航空飞行学院,2023,四川,提前本科二批,文科,,,521,24256,
4677,海南科技职业大学,2023,四川,提前本科二批,文科,,,477,59492,
5207,贵州师范大学,2023,四川,提前本科二批,文科,,,544,12853,
6508,新疆师范大学,2023,四川,提前本科二批,文科,,,525,21959,
368,郑州警察学院,2023,四川,提前本科二批(公安司法),文科,,,539,4018,
375,南京警察学院,2023,四川,提前本科二批(公安司法),文科,,,541,4788,
395,中央司法警官学院,2023,四川,提前本科二批(公安司法),文科,,,503,4018,
5149,四川警察学院,2023,四川,提前本科二批(公安司法),文科,,,545,2264,
827,中国刑事警察学院,2023,四川,提前本科二批(公安司法),文科,,,586,2502,
1,北京大学,2023,四川,本科一批,文科,,,639,34,
10,北京中医药大学,2023,四川,本科一批,文科,,,582,596,
11,北京师范大学,2023,四川,本科一批,文科,,,608,208,
1104,北京印刷学院,2023,四川,本科一批,文科,,,545,9916,
1107,首都师范大学,2023,四川,本科一批,文科,,,581,3030,
1110,北京第二外国语学院,2023,四川,本科一批,文科,,,528,3828,
1111,北京物资学院,2023,四川,本科一批,文科,,,548,9571,
1114,中国戏曲学院,2023,四川,本科一批,文科,,,555,8076,
1115,北京电影学院,2023,四川,本科一批,文科,,,565,6249,
1120,北京工商大学,2023,四川,本科一批,文科,,,565,4788,
1121,首都经济贸易大学,2023,四川,本科一批,文科,,,573,4205,
1123,北京信息科技大学,2023,四川,本科一批,文科,,,563,6737,
12,北京语言大学,2023,四川,本科一批,文科,,,571,3030,
1201,天津科技大学,2023,四川,本科一批,文科,,,547,10936,
1202,天津工业大学,2023,四川,本科一批,文科,,,565,5165,
1206,天津中医药大学,2023,四川,本科一批,文科,,,544,10256,
1207,天津师范大学,2023,四川,本科一批,文科,,,541,6497,
1209,天津外国语大学,2023,四川,本科一批,文科,,,538,7261,
1210,天津商业大学,2023,四川,本科一批,文科,,,537,12446,
1211,天津财经大学,2023,四川,本科一批,文科,,,562,4018,
13,中国传媒大学,2023,四川,本科一批,文科,,,578,752,
1302,河北大学,2023,四川,本科一批,文科,,,557,6990,
1303,河北工业大学,2023,四川,本科一批,文科,,,573,4205,
1305,华北理工大学,2023,四川,本科一批,文科,,,536,14063,
1308,河北师范大学,2023,四川,本科一批,文科,,,553,7261,
1309,石家庄铁道大学,2023,四川,本科一批,文科,,,538,13651,
1310,燕山大学,2023,四川,本科一批,文科,,,546,10256,
14,中央财经大学,2023,四川,本科一批,文科,,,604,305,
1401,山西大学,2023,四川,本科一批,文科,,,559,5575,
1403,中北大学,2023,四川,本科一批,文科,,,533,14495,
1405,太原理工大学,2023,四川,本科一批,文科,,,567,4603,
1417,山西财经大学,2023,四川,本科一批,文科,,,545,8076,
1421,山西中医药大学,2023,四川,本科一批,文科,,,569,5358,
1487,山西财经大学,2023,四川,本科一批,文科,,,538,14959,
15,对外经济贸易大学,2023,四川,本科一批,文科,,,604,503,
1501,内蒙古大学,2023,四川,本科一批,文科,,,563,4971,
16,中国政法大学,2023,四川,本科一批,文科,,,610,230,
1609,天津外国语大学,2023,四川,本科一批,文科,,,539,12853,
17,南开大学,2023,四川,本科一批,文科,,,611,305,
1701,天津科技大学,2023,四川,本科一批,文科,,,545,12446,
18,天津大学,2023,四川,本科一批,文科,,,600,1044,
1809,天津外国语大学,2023,四川,本科一批,文科,,,535,16825,
2,中国人民大学,2023,四川,本科一批,文科,,,626,34,
20,东北大学,2023,四川,本科一批,文科,,,581,2772,
21,吉林大学,2023,四川,本科一批,文科,,,592,804,
2104,辽宁大学,2023,四川,本科一批,文科,,,567,3348,
2106,辽宁工程技术大学,2023,四川,本科一批,文科,,,536,15424,
211,北京师范大学,2023,四川,本科一批,文科,,,598,596,
2120,大连外国语大学,2023,四川,本科一批,文科,,,529,8363,
2126,东北财经大学,2023,四川,本科一批,文科,,,573,3670,
22,东北师范大学,2023,四川,本科一批,文科,,,578,2502,
2201,长春理工大学,2023,四川,本科一批,文科,,,533,14063,
2202,延边大学,2023,四川,本科一批,文科,,,556,6737,
2211,长春中医药大学,2023,四川,本科一批,文科,,,548,8649,
23,东北林业大学,2023,四川,本科一批,文科,,,567,4788,
2301,黑龙江大学,2023,四川,本科一批,文科,,,534,7261,
2306,东北石油大学,2023,四川,本科一批,文科,,,535,14063,
2308,哈尔滨医科大学,2023,四川,本科一批,文科,,,535,13651,
2309,东北农业大学,2023,四川,本科一批,文科,,,562,6020,
2311,哈尔滨师范大学,2023,四川,本科一批,文科,,,547,9571,
2317,哈尔滨商业大学,2023,四川,本科一批,文科,,,538,12068,
2327,哈尔滨理工大学,2023,四川,本科一批,文科,,,533,17303,
2363,辽宁大学,2023,四川,本科一批,文科,,,536,10256,
2375,辽宁大学,2023,四川,本科一批,文科,,,551,10256,
2382,辽宁大学,2023,四川,本科一批,文科,,,559,6990,
24,复旦大学,2023,四川,本科一批,文科,,,629,49,
2444,黑龙江中医药大学,2023,四川,本科一批,文科,,,553,8363,
25,同济大学,2023,四川,本科一批,文科,,,610,333,
26,上海交通大学,2023,四川,本科一批,文科,,,633,56,
27,华东理工大学,2023,四川,本科一批,文科,,,579,3348,
29,华东师范大学,2023,四川,本科一批,文科,,,605,305,
2926,东北财经大学,2023,四川,本科一批,文科,,,558,4603,
3,清华大学,2023,四川,本科一批,文科,,,647,34,
30,上海外国语大学,2023,四川,本科一批,文科,,,588,1445,
301,北京航空航天大学,2023,四川,本科一批,文科,,,606,752,
302,北京理工大学,2023,四川,本科一批,文科,,,605,804,
308,中国人民公安大学,2023,四川,本科一批,文科,,,585,2645,
31,上海财经大学,2023,四川,本科一批,文科,,,604,208,
310,北京体育大学,2023,四川,本科一批,文科,,,548,4018,
3103,上海海事大学,2023,四川,本科一批,文科,,,558,5575,
3105,上海电力大学,2023,四川,本科一批,文科,,,557,6990,
3107,上海应用技术大学,2023,四川,本科一批,文科,,,542,10591,
3111,上海海洋大学,2023,四川,本科一批,文科,,,551,6249,
3113,上海师范大学,2023,四川,本科一批,文科,,,539,7796,
3117,上海对外经贸大学,2023,四川,本科一批,文科,,,573,3670,
3118,华东政法大学,2023,四川,本科一批,文科,,,582,690,
3122,上海戏剧学院,2023,四川,本科一批,文科,,,557,4788,
3123,上海政法学院,2023,四川,本科一批,文科,,,570,2901,
3126,上海立信会计金融学院,2023,四川,本科一批,文科,,,565,6020,
3137,上海大学,2023,四川,本科一批,文科,,,579,2502,
315,中央民族大学,2023,四川,本科一批,文科,,,582,1701,
3155,上海第二工业大学,2023,四川,本科一批,文科,,,537,15879,
317,华北电力大学(北京),2023,四川,本科一批,文科,,,577,2901,
32,南京大学,2023,四川,本科一批,文科,,,621,117,
320,中国民航大学,2023,四川,本科一批,文科,,,558,4788,
3201,苏州大学,2023,四川,本科一批,文科,,,581,1616,
3205,江苏科技大学,2023,四川,本科一批,文科,,,535,12068,
3206,南京财经大学,2023,四川,本科一批,文科,,,569,3670,
3207,南京工业大学,2023,四川,本科一批,文科,,,539,7545,
3208,常州大学,2023,四川,本科一批,文科,,,535,11698,
3209,南京邮电大学,2023,四川,本科一批,文科,,,564,4971,
3211,南京林业大学,2023,四川,本科一批,文科,,,556,7796,
3212,江苏大学,2023,四川,本科一批,文科,,,558,4971,
3213,南京信息工程大学,2023,四川,本科一批,文科,,,563,4205,
3217,南通大学,2023,四川,本科一批,文科,,,556,6737,
3225,南京师范大学,2023,四川,本科一批,文科,,,587,1531,
323,华北电力大学(保定),2023,四川,本科一批,文科,,,556,4018,
3239,南京审计大学,2023,四川,本科一批,文科,,,570,2901,
3241,江苏海洋大学,2023,四川,本科一批,文科,,,535,16825,
3244,苏州科技大学,2023,四川,本科一批,文科,,,545,8363,
3247,西交利物浦大学,2023,四川,本科一批,文科,,,551,8947,
325,大连海事大学,2023,四川,本科一批,文科,,,573,3185,
33,东南大学,2023,四川,本科一批,文科,,,604,867,
3301,杭州电子科技大学,2023,四川,本科一批,文科,,,547,8947,
3303,浙江理工大学,2023,四川,本科一批,文科,,,558,8076,
3304,宁波诺丁汉大学,2023,四川,本科一批,文科,,,559,5799,
3306,浙江农林大学,2023,四川,本科一批,文科,,,549,8947,
3309,浙江师范大学,2023,四川,本科一批,文科,,,556,4603,
3310,杭州师范大学,2023,四川,本科一批,文科,,,547,8363,
3315,浙江工商大学,2023,四川,本科一批,文科,,,572,3348,
3316,湖州师范学院,2023,四川,本科一批,文科,,,543,13269,
3317,中国美术学院,2023,四川,本科一批,文科,,,558,3517,
3318,中国计量大学,2023,四川,本科一批,文科,,,559,7261,
3325,宁波大学,2023,四川,本科一批,文科,,,578,3670,
333,哈尔滨工程大学,2023,四川,本科一批,文科,,,573,3828,
3340,温州肯恩大学,2023,四川,本科一批,文科,,,539,8947,
3341,浙江外国语学院,2023,四川,本科一批,文科,,,536,10591,
3389,浙江财经大学,2023,四川,本科一批,文科,,,565,5165,
3391,浙大城市学院,2023,四川,本科一批,文科,,,532,16825,
340,南京航空航天大学,2023,四川,本科一批,文科,,,581,2772,
3401,安徽工业大学,2023,四川,本科一批,文科,,,535,12853,
3403,安徽大学,2023,四川,本科一批,文科,,,576,3517,
3405,安徽农业大学,2023,四川,本科一批,文科,,,536,12068,
3407,安徽师范大学,2023,四川,本科一批,文科,,,536,8649,
341,南京理工大学,2023,四川,本科一批,文科,,,574,3828,
3415,安徽财经大学,2023,四川,本科一批,文科,,,537,8363,
3417,安徽建筑大学,2023,四川,本科一批,文科,,,527,14495,
347,华侨大学,2023,四川,本科一批,文科,,,557,6737,
35,河海大学,2023,四川,本科一批,文科,,,580,2502,
3502,福州大学,2023,四川,本科一批,文科,,,578,3670,
3507,福建师范大学,2023,四川,本科一批,文科,,,562,4393,
351,中南民族大学,2023,四川,本科一批,文科,,,546,8947,
3515,集美大学,2023,四川,本科一批,文科,,,556,6737,
3517,福建农林大学,2023,四川,本科一批,文科,,,542,13651,
353,暨南大学,2023,四川,本科一批,文科,,,582,2012,
357,西南民族大学,2023,四川,本科一批,文科,,,538,6497,
358,西北工业大学,2023,四川,本科一批,文科,,,585,2645,
36,江南大学,2023,四川,本科一批,文科,,,579,3030,
3602,东华理工大学,2023,四川,本科一批,文科,,,539,14063,
3604,江西理工大学,2023,四川,本科一批,文科,,,535,15879,
3609,江西中医药大学,2023,四川,本科一批,文科,,,553,9571,
3611,江西师范大学,2023,四川,本科一批,文科,,,544,8076,
3615,赣南师范大学,2023,四川,本科一批,文科,,,536,15879,
3618,江西财经大学,2023,四川,本科一批,文科,,,567,2502,
3620,南昌大学,2023,四川,本科一批,文科,,,575,3185,
3634,江西科技师范大学,2023,四川,本科一批,文科,,,543,13269,
365,石河子大学,2023,四川,本科一批,文科,,,552,7261,
37,南京农业大学,2023,四川,本科一批,文科,,,575,3185,
3701,济南大学,2023,四川,本科一批,文科,,,535,8947,
3705,青岛理工大学,2023,四川,本科一批,文科,,,531,12068,
3706,山东建筑大学,2023,四川,本科一批,文科,,,535,15879,
3713,山东师范大学,2023,四川,本科一批,文科,,,536,10591,
3720,山东财经大学,2023,四川,本科一批,文科,,,553,6249,
3730,青岛大学,2023,四川,本科一批,文科,,,534,8076,
38,中国药科大学,2023,四川,本科一批,文科,,,566,4205,
380,哈尔滨工业大学(威海),2023,四川,本科一批,文科,,,589,2147,
3817,上海对外经贸大学,2023,四川,本科一批,文科,,,560,5358,
3825,宁波大学,2023,四川,本科一批,文科,,,543,13269,
3839,南京审计大学,2023,四川,本科一批,文科,,,569,5358,
39,浙江大学,2023,四川,本科一批,文科,,,623,117,
390,哈尔滨工业大学(深圳),2023,四川,本科一批,文科,,,604,752,
391,中华女子学院,2023,四川,本科一批,文科,,,542,13651,
3921,南京中医药大学,2023,四川,本科一批,文科,,,573,2012,
3922,扬州大学,2023,四川,本科一批,文科,,,555,5358,
3937,上海大学,2023,四川,本科一批,文科,,,576,3670,
3986,上海应用技术大学,2023,四川,本科一批,文科,,,533,17772,
3989,浙江财经大学,2023,四川,本科一批,文科,,,564,5799,
4,北京交通大学,2023,四川,本科一批,文科,,,585,1701,
40,合肥工业大学,2023,四川,本科一批,文科,,,572,4393,
4011,江西师范大学,2023,四川,本科一批,文科,,,536,14495,
41,厦门大学,2023,四川,本科一批,文科,,,609,366,
410,北京体育大学,2023,四川,本科一批,文科,,,535,13651,
4101,郑州大学,2023,四川,本科一批,文科,,,580,2772,
4105,河南工业大学,2023,四川,本科一批,文科,,,536,14063,
4106,河南科技大学,2023,四川,本科一批,文科,,,534,12446,
4113,河南大学,2023,四川,本科一批,文科,,,566,4603,
4115,河南师范大学,2023,四川,本科一批,文科,,,528,15879,
4121,河南财经政法大学,2023,四川,本科一批,文科,,,536,7796,
417,南开大学,2023,四川,本科一批,文科,,,593,1701,
42,山东大学,2023,四川,本科一批,文科,,,592,867,
4201,长江大学,2023,四川,本科一批,文科,,,544,7261,
4202,武汉工程大学,2023,四川,本科一批,文科,,,549,8076,
4203,湖北大学,2023,四川,本科一批,文科,,,563,5358,
4204,武汉纺织大学,2023,四川,本科一批,文科,,,536,15424,
4207,湖北工业大学,2023,四川,本科一批,文科,,,537,15424,
4239,武汉科技大学,2023,四川,本科一批,文科,,,544,11698,
4241,三峡大学,2023,四川,本科一批,文科,,,537,12446,
43,中国海洋大学,2023,四川,本科一批,文科,,,585,2147,
4301,湘潭大学,2023,四川,本科一批,文科,,,566,3030,
4304,湖南科技大学,2023,四川,本科一批,文科,,,535,9571,
4306,长沙理工大学,2023,四川,本科一批,文科,,,552,6497,
4308,中南林业科技大学,2023,四川,本科一批,文科,,,538,10936,
4310,湖南中医药大学,2023,四川,本科一批,文科,,,573,2901,
4311,湖南师范大学,2023,四川,本科一批,文科,,,576,2772,
4321,湖南工商大学,2023,四川,本科一批,文科,,,539,14959,
4335,湖南工业大学,2023,四川,本科一批,文科,,,537,13269,
44,中国石油大学(华东),2023,四川,本科一批,文科,,,575,4018,
4402,汕头大学,2023,四川,本科一批,文科,,,561,6249,
4405,广州大学,2023,四川,本科一批,文科,,,569,4603,
4408,广州中医药大学,2023,四川,本科一批,文科,,,572,3348,
4410,华南师范大学,2023,四川,本科一批,文科,,,563,3348,
4424,深圳大学,2023,四川,本科一批,文科,,,579,2264,
4426,广东财经大学,2023,四川,本科一批,文科,,,564,6249,
4437,广东外语外贸大学,2023,四川,本科一批,文科,,,559,4393,
4438,广东工业大学,2023,四川,本科一批,文科,,,547,11312,
4439,南方医科大学,2023,四川,本科一批,文科,,,555,2901,
4441,北京师范大学-香港浸会大学联合国际学院,2023,四川,本科一批,文科,,,551,8363,
4443,北京理工大学珠海学院,2023,四川,本科一批,文科,,,531,18797,
45,武汉大学,2023,四川,本科一批,文科,,,614,135,
4501,广西大学,2023,四川,本科一批,文科,,,571,4393,
46,中国地质大学(武汉),2023,四川,本科一批,文科,,,576,3348,
4605,海南大学,2023,四川,本科一批,文科,,,572,3185,
4615,海南师范大学,2023,四川,本科一批,文科,,,533,11698,
47,华中农业大学,2023,四川,本科一批,文科,,,576,3348,
4705,河南工业大学,2023,四川,本科一批,文科,,,531,17303,
4708,中南林业科技大学,2023,四川,本科一批,文科,,,535,16825,
4751,海南师范大学,2023,四川,本科一批,文科,,,533,17772,
4790,深圳技术大学,2023,四川,本科一批,文科,,,553,8947,
48,华中师范大学,2023,四川,本科一批,文科,,,577,1803,
49,湖南大学,2023,四川,本科一批,文科,,,593,1111,
4905,海南大学,2023,四川,本科一批,文科,,,544,8947,
5,北京科技大学,2023,四川,本科一批,文科,,,540,2901,
50,中山大学,2023,四川,本科一批,文科,,,609,366,
5001,重庆邮电大学,2023,四川,本科一批,文科,,,564,6020,
5002,重庆交通大学,2023,四川,本科一批,文科,,,547,8947,
5010,重庆师范大学,2023,四川,本科一批,文科,,,556,6990,
5015,四川外国语大学,2023,四川,本科一批,文科,,,551,4205,
5017,西南政法大学,2023,四川,本科一批,文科,,,586,985,
5025,重庆理工大学,2023,四川,本科一批,文科,,,544,9916,
5026,重庆工商大学,2023,四川,本科一批,文科,,,536,8649,
5045,四川外国语大学,2023,四川,本科一批,文科,,,529,19827,
508,中国农业大学,2023,四川,本科一批,文科,,,580,3185,
51,华南理工大学,2023,四川,本科一批,文科,,,594,1111,
5101,西南石油大学,2023,四川,本科一批,文科,,,549,8076,
5102,成都理工大学,2023,四川,本科一批,文科,,,551,5799,
5105,西南科技大学,2023,四川,本科一批,文科,,,534,13269,
5107,成都信息工程大学,2023,四川,本科一批,文科,,,535,12446,
5108,四川轻化工大学,2023,四川,本科一批,文科,,,536,15879,
5109,西华大学,2023,四川,本科一批,文科,,,546,10936,
5112,四川农业大学,2023,四川,本科一批,文科,,,566,3670,
5116,西南医科大学,2023,四川,本科一批,文科,,,550,9241,
5117,成都中医药大学,2023,四川,本科一批,文科,,,536,469,
5118,川北医学院,2023,四川,本科一批,文科,,,542,13651,
5119,成都医学院,2023,四川,本科一批,文科,,,548,11312,
5120,四川师范大学,2023,四川,本科一批,文科,,,537,6249,
5122,西华师范大学,2023,四川,本科一批,文科,,,539,11698,
513,中国传媒大学,2023,四川,本科一批,文科,,,581,3185,
5135,成都体育学院,2023,四川,本科一批,文科,,,535,10256,
5137,成都大学,2023,四川,本科一批,文科,,,548,9571,
52,四川大学,2023,四川,本科一批,文科,,,598,596,
5201,贵州大学,2023,四川,本科一批,文科,,,573,3670,
522,东北师范大学,2023,四川,本科一批,文科,,,564,6497,
5230,贵州民族大学,2023,四川,本科一批,文科,,,543,13269,
53,重庆大学,2023,四川,本科一批,文科,,,591,1282,
5301,云南大学,2023,四川,本科一批,文科,,,573,2502,
5302,昆明理工大学,2023,四川,本科一批,文科,,,546,10591,
54,西南交通大学,2023,四川,本科一批,文科,,,578,2772,
549,湖南大学,2023,四川,本科一批,文科,,,538,15424,
55,电子科技大学,2023,四川,本科一批,文科,,,583,2012,
550,中山大学,2023,四川,本科一批,文科,,,590,2012,
5501,贵州大学,2023,四川,本科一批,文科,,,529,19827,
552,四川大学,2023,四川,本科一批,文科,,,581,1884,
5520,四川师范大学,2023,四川,本科一批,文科,,,541,12853,
556,西南大学,2023,四川,本科一批,文科,,,574,4393,
557,西南财经大学,2023,四川,本科一批,文科,,,568,4018,
56,西南大学,2023,四川,本科一批,文科,,,582,1193,
5602,成都理工大学,2023,四川,本科一批,文科,,,538,14495,
5612,四川农业大学,2023,四川,本科一批,文科,,,539,13269,
57,西南财经大学,2023,四川,本科一批,文科,,,586,1111,
5701,西南石油大学,2023,四川,本科一批,文科,,,536,14495,
5703,成都锦城学院,2023,四川,本科一批,文科,,,527,20831,
5709,西华大学,2023,四川,本科一批,文科,,,534,17303,
5712,西华师范大学,2023,四川,本科一批,文科,,,532,18299,
58,西安交通大学,2023,四川,本科一批,文科,,,604,867,
59,西安电子科技大学,2023,四川,本科一批,文科,,,578,3670,
5917,西南政法大学,2023,四川,本科一批,文科,,,584,2772,
5924,四川师范大学,2023,四川,本科一批,文科,,,527,19323,
6,北京化工大学,2023,四川,本科一批,文科,,,576,3030,
61,兰州大学,2023,四川,本科一批,文科,,,582,1884,
6101,西安理工大学,2023,四川,本科一批,文科,,,545,10936,
6102,西北大学,2023,四川,本科一批,文科,,,573,1803,
6103,西安工业大学,2023,四川,本科一批,文科,,,540,13269,
6105,西安科技大学,2023,四川,本科一批,文科,,,547,10256,
6106,西安石油大学,2023,四川,本科一批,文科,,,530,13269,
611,北京师范大学,2023,四川,本科一批,文科,,,597,1355,
6115,陕西中医药大学,2023,四川,本科一批,文科,,,552,9241,
6119,西安外国语大学,2023,四川,本科一批,文科,,,541,5575,
6121,西北政法大学,2023,四川,本科一批,文科,,,581,2502,
6140,西安财经大学,2023,四川,本科一批,文科,,,562,6990,
62,中国矿业大学(北京),2023,四川,本科一批,文科,,,574,4205,
6201,兰州理工大学,2023,四川,本科一批,文科,,,537,14063,
6202,兰州交通大学,2023,四川,本科一批,文科,,,531,12446,
6205,甘肃中医药大学,2023,四川,本科一批,文科,,,548,9916,
6206,西北师范大学,2023,四川,本科一批,文科,,,544,8076,
6215,甘肃政法大学,2023,四川,本科一批,文科,,,551,6249,
622,东北师范大学,2023,四川,本科一批,文科,,,530,19323,
63,中国石油大学(北京),2023,四川,本科一批,文科,,,579,3517,
6301,青海大学,2023,四川,本科一批,文科,,,552,7261,
64,中国地质大学(北京),2023,四川,本科一批,文科,,,577,3670,
6401,宁夏大学,2023,四川,本科一批,文科,,,565,5575,
65,西北农林科技大学,2023,四川,本科一批,文科,,,579,3030,
6501,新疆大学,2023,四川,本科一批,文科,,,565,4971,
66,长安大学,2023,四川,本科一批,文科,,,577,3670,
661,兰州大学,2023,四川,本科一批,文科,,,579,3517,
67,中南大学,2023,四川,本科一批,文科,,,592,1355,
670,武汉理工大学,2023,四川,本科一批,文科,,,571,4971,
68,中南财经政法大学,2023,四川,本科一批,文科,,,585,1355,
680,上海交通大学医学院,2023,四川,本科一批,文科,,,596,1445,
69,华中科技大学,2023,四川,本科一批,文科,,,599,752,
6906,西北师范大学,2023,四川,本科一批,文科,,,528,16825,
7,北京邮电大学,2023,四川,本科一批,文科,,,582,1531,
70,武汉理工大学,2023,四川,本科一批,文科,,,578,3030,
71,东北大学秦皇岛分校,2023,四川,本科一批,文科,,,579,3185,
73,中央美术学院,2023,四川,本科一批,文科,,,574,4393,
74,中央戏剧学院,2023,四川,本科一批,文科,,,558,3030,
745,武汉大学,2023,四川,本科一批,文科,,,580,3348,
75,北京外国语大学,2023,四川,本科一批,文科,,,568,804,
752,四川大学,2023,四川,本科一批,文科,,,573,4603,
756,西南大学,2023,四川,本科一批,文科,,,572,4788,
760,陕西师范大学,2023,四川,本科一批,文科,,,566,4788,
78,山东大学威海分校,2023,四川,本科一批,文科,,,586,1445,
79,中国社会科学院大学,2023,四川,本科一批,文科,,,594,927,
8,中国农业大学,2023,四川,本科一批,文科,,,591,1445,
81,复旦大学医学院,2023,四川,本科一批,文科,,,597,1355,
841,厦门大学,2023,四川,本科一批,文科,,,578,2147,
843,中国海洋大学,2023,四川,本科一批,文科,,,582,3030,
851,中南民族大学,2023,四川,本科一批,文科,,,534,8076,
856,西南大学,2023,四川,本科一批,文科,,,570,4018,
86,中国人民大学,2023,四川,本科一批,文科,,,603,690,
89,西南大学,2023,四川,本科一批,文科,,,572,4393,
9,北京林业大学,2023,四川,本科一批,文科,,,577,3670,
90,合肥工业大学,2023,四川,本科一批,文科,,,570,4205,
94,中国石油大学(北京)克拉玛依校区,2023,四川,本科一批,文科,,,559,5575,
945,武汉大学,2023,四川,本科一批,文科,,,595,1531,
1,北京大学,2023,四川,本科一批国家专项,文科,,,624,117,
11,北京师范大学,2023,四川,本科一批国家专项,文科,,,604,752,
1107,首都师范大学,2023,四川,本科一批国家专项,文科,,,581,3185,
1121,首都经济贸易大学,2023,四川,本科一批国家专项,文科,,,573,3828,
12,北京语言大学,2023,四川,本科一批国家专项,文科,,,530,19323,
1207,天津师范大学,2023,四川,本科一批国家专项,文科,,,554,9241,
1211,天津财经大学,2023,四川,本科一批国家专项,文科,,,537,13269,
13,中国传媒大学,2023,四川,本科一批国家专项,文科,,,578,2388,
14,中央财经大学,2023,四川,本科一批国家专项,文科,,,583,1884,
15,对外经济贸易大学,2023,四川,本科一批国家专项,文科,,,589,690,
16,中国政法大学,2023,四川,本科一批国家专项,文科,,,595,752,
17,南开大学,2023,四川,本科一批国家专项,文科,,,593,1701,
2,中国人民大学,2023,四川,本科一批国家专项,文科,,,614,168,
21,吉林大学,2023,四川,本科一批国家专项,文科,,,583,2264,
2104,辽宁大学,2023,四川,本科一批国家专项,文科,,,562,6990,
22,东北师范大学,2023,四川,本科一批国家专项,文科,,,579,3030,
24,复旦大学,2023,四川,本科一批国家专项,文科,,,613,305,
29,华东师范大学,2023,四川,本科一批国家专项,文科,,,598,305,
3,清华大学,2023,四川,本科一批国家专项,文科,,,628,49,
30,上海外国语大学,2023,四川,本科一批国家专项,文科,,,579,2502,
307,外交学院,2023,四川,本科一批国家专项,文科,,,580,2264,
31,上海财经大学,2023,四川,本科一批国家专项,文科,,,592,1282,
3126,上海立信会计金融学院,2023,四川,本科一批国家专项,文科,,,571,4971,
32,南京大学,2023,四川,本科一批国家专项,文科,,,606,690,
3201,苏州大学,2023,四川,本科一批国家专项,文科,,,577,3517,
3206,南京财经大学,2023,四川,本科一批国家专项,文科,,,555,4018,
323,华北电力大学(保定),2023,四川,本科一批国家专项,文科,,,575,4205,
33,东南大学,2023,四川,本科一批国家专项,文科,,,572,4788,
3309,浙江师范大学,2023,四川,本科一批国家专项,文科,,,555,4393,
347,华侨大学,2023,四川,本科一批国家专项,文科,,,539,12068,
35,河海大学,2023,四川,本科一批国家专项,文科,,,572,4788,
351,中南民族大学,2023,四川,本科一批国家专项,文科,,,534,17303,
353,暨南大学,2023,四川,本科一批国家专项,文科,,,571,3517,
357,西南民族大学,2023,四川,本科一批国家专项,文科,,,539,9916,
358,西北工业大学,2023,四川,本科一批国家专项,文科,,,586,2502,
39,浙江大学,2023,四川,本科一批国家专项,文科,,,606,429,
41,厦门大学,2023,四川,本科一批国家专项,文科,,,600,867,
42,山东大学,2023,四川,本科一批国家专项,文科,,,582,2264,
45,武汉大学,2023,四川,本科一批国家专项,文科,,,603,867,
48,华中师范大学,2023,四川,本科一批国家专项,文科,,,583,2012,
50,中山大学,2023,四川,本科一批国家专项,文科,,,602,804,
5017,西南政法大学,2023,四川,本科一批国家专项,文科,,,578,2147,
5112,四川农业大学,2023,四川,本科一批国家专项,文科,,,551,5799,
52,四川大学,2023,四川,本科一批国家专项,文科,,,587,1111,
5201,贵州大学,2023,四川,本科一批国家专项,文科,,,567,5575,
522,东北师范大学,2023,四川,本科一批国家专项,文科,,,586,2502,
53,重庆大学,2023,四川,本科一批国家专项,文科,,,591,1803,
54,西南交通大学,2023,四川,本科一批国家专项,文科,,,582,1803,
57,西南财经大学,2023,四川,本科一批国家专项,文科,,,580,1616,
59,西安电子科技大学,2023,四川,本科一批国家专项,文科,,,575,3828,
60,陕西师范大学,2023,四川,本科一批国家专项,文科,,,580,2388,
6102,西北大学,2023,四川,本科一批国家专项,文科,,,556,3828,
67,中南大学,2023,四川,本科一批国家专项,文科,,,580,2645,
68,中南财经政法大学,2023,四川,本科一批国家专项,文科,,,578,2012,
75,北京外国语大学,2023,四川,本科一批国家专项,文科,,,535,2772,
78,山东大学威海分校,2023,四川,本科一批国家专项,文科,,,579,2645,
79,中国社会科学院大学,2023,四川,本科一批国家专项,文科,,,584,2502,
89,西南大学,2023,四川,本科一批国家专项,文科,,,567,3185,
13,中国传媒大学,2023,四川,本科一批预科,文科,,,546,12068,
16,中国政法大学,2023,四川,本科一批预科,文科,,,569,5358,
2201,长春理工大学,2023,四川,本科一批预科,文科,,,506,34540,
3103,上海海事大学,2023,四川,本科一批预科,文科,,,527,20831,
3137,上海大学,2023,四川,本科一批预科,文科,,,534,17303,
315,中央民族大学,2023,四川,本科一批预科,文科,,,548,11312,
333,哈尔滨工程大学,2023,四川,本科一批预科,文科,,,527,20831,
3515,集美大学,2023,四川,本科一批预科,文科,,,523,23104,
357,西南民族大学,2023,四川,本科一批预科,文科,,,501,38403,
36,江南大学,2023,四川,本科一批预科,文科,,,524,22544,
41,厦门大学,2023,四川,本科一批预科,文科,,,574,4393,
42,山东大学,2023,四川,本科一批预科,文科,,,520,11312,
4241,三峡大学,2023,四川,本科一批预科,文科,,,507,33787,
43,中国海洋大学,2023,四川,本科一批预科,文科,,,517,26767,
4335,湖南工业大学,2023,四川,本科一批预科,文科,,,493,45078,
5109,西华大学,2023,四川,本科一批预科,文科,,,488,49536,
5120,四川师范大学,2023,四川,本科一批预科,文科,,,486,30127,
5122,西华师范大学,2023,四川,本科一批预科,文科,,,490,47738,
56,西南大学,2023,四川,本科一批预科,文科,,,539,14959,
57,西南财经大学,2023,四川,本科一批预科,文科,,,539,14959,
1105,北京石油化工学院,2023,四川,本科二批,文科,,,507,22544,
1108,首都体育学院,2023,四川,本科二批,文科,,,509,26146,
1119,北京联合大学,2023,四川,本科二批,文科,,,532,17303,
1148,北京农学院,2023,四川,本科二批,文科,,,512,30127,
1156,吉利学院,2023,四川,本科二批,文科,,,465,66006,
1182,北京金融科技学院,2023,四川,本科二批,文科,,,468,67864,
1183,北京邮电大学世纪学院,2023,四川,本科二批,文科,,,475,61365,
1184,北京工业大学耿丹学院,2023,四川,本科二批,文科,,,467,64186,
1185,北京第二外国语学院中瑞酒店管理学院,2023,四川,本科二批,文科,,,459,76084,
1187,北京城市学院,2023,四川,本科二批,文科,,,496,36049,
1201,天津科技大学,2023,四川,本科二批,文科,,,524,17303,
1205,天津农学院,2023,四川,本科二批,文科,,,507,27412,
1212,天津体育学院,2023,四川,本科二批,文科,,,506,31513,
1222,天津职业技术师范大学,2023,四川,本科二批,文科,,,501,19323,
1240,天津商业大学,2023,四川,本科二批,文科,,,519,25506,
1251,天津天狮学院,2023,四川,本科二批,文科,,,463,70663,
1255,天津中德应用技术大学,2023,四川,本科二批,文科,,,501,38403,
1289,天津仁爱学院,2023,四川,本科二批,文科,,,470,61365,
1292,天津商业大学宝德学院,2023,四川,本科二批,文科,,,472,60402,
1294,天津传媒学院,2023,四川,本科二批,文科,,,478,54000,
1295,天津外国语大学滨海外事学院,2023,四川,本科二批,文科,,,472,38403,
1296,北京科技大学天津学院,2023,四川,本科二批,文科,,,488,40927,
1297,天津财经大学珠江学院,2023,四川,本科二批,文科,,,479,53105,
1298,天津理工大学中环信息学院,2023,四川,本科二批,文科,,,471,61365,
1301,河北工程大学,2023,四川,本科二批,文科,,,522,18299,
1304,河北地质大学,2023,四川,本科二批,文科,,,512,27412,
1313,承德医学院,2023,四川,本科二批,文科,,,515,28059,
1314,河北金融学院,2023,四川,本科二批,文科,,,475,24868,
1315,北华航天工业学院,2023,四川,本科二批,文科,,,504,33026,
1317,廊坊师范学院,2023,四川,本科二批,文科,,,499,33026,
1319,河北医科大学,2023,四川,本科二批,文科,,,525,21959,
1320,河北经贸大学,2023,四川,本科二批,文科,,,530,14959,
1321,衡水学院,2023,四川,本科二批,文科,,,505,34540,
1322,河北建筑工程学院,2023,四川,本科二批,文科,,,504,36049,
1324,唐山师范学院,2023,四川,本科二批,文科,,,483,54000,
1331,保定学院,2023,四川,本科二批,文科,,,483,28059,
1333,邯郸学院,2023,四川,本科二批,文科,,,507,33787,
1340,燕京理工学院,2023,四川,本科二批,文科,,,480,39245,
1341,河北中医药大学,2023,四川,本科二批,文科,,,537,15424,
1342,河北工程大学科信学院,2023,四川,本科二批,文科,,,499,37574,
1348,华北理工大学轻工学院,2023,四川,本科二批,文科,,,469,66943,
1349,张家口学院,2023,四川,本科二批,文科,,,508,30828,
1368,河北传媒学院,2023,四川,本科二批,文科,,,483,51320,
1381,河北东方学院,2023,四川,本科二批,文科,,,472,60402,
1386,河北外国语学院,2023,四川,本科二批,文科,,,463,59492,
1390,河北环境工程学院,2023,四川,本科二批,文科,,,503,34540,
1392,河北医科大学临床学院,2023,四川,本科二批,文科,,,508,33026,
1394,石家庄铁道大学四方学院,2023,四川,本科二批,文科,,,490,41737,
1402,太原科技大学,2023,四川,本科二批,文科,,,523,18797,
1406,山西农业大学,2023,四川,本科二批,文科,,,512,21959,
1407,山西医科大学,2023,四川,本科二批,文科,,,517,24256,
1409,长治医学院,2023,四川,本科二批,文科,,,508,32293,
1411,山西师范大学,2023,四川,本科二批,文科,,,475,20831,
1412,太原师范学院,2023,四川,本科二批,文科,,,517,24256,
1413,山西大同大学,2023,四川,本科二批,文科,,,510,28059,
1414,晋中学院,2023,四川,本科二批,文科,,,502,31513,
1416,忻州师范学院,2023,四川,本科二批,文科,,,508,30127,
1418,吕梁学院,2023,四川,本科二批,文科,,,506,31513,
1420,长治学院,2023,四川,本科二批,文科,,,508,30828,
1421,山西中医药大学,2023,四川,本科二批,文科,,,528,15879,
1427,太原学院,2023,四川,本科二批,文科,,,498,40927,
1443,山西传媒学院,2023,四川,本科二批,文科,,,483,39245,
1474,晋中信息学院,2023,四川,本科二批,文科,,,482,54000,
1476,运城职业技术大学,2023,四川,本科二批,文科,,,468,62296,
1490,山西工商学院,2023,四川,本科二批,文科,,,483,54000,
1491,山西晋中理工学院,2023,四川,本科二批,文科,,,470,61365,
1503,内蒙古科技大学,2023,四川,本科二批,文科,,,505,24256,
1509,内蒙古师范大学,2023,四川,本科二批,文科,,,502,23104,
1511,河套学院,2023,四川,本科二批,文科,,,502,36796,
1512,赤峰学院,2023,四川,本科二批,文科,,,504,36049,
1515,内蒙古民族大学,2023,四川,本科二批,文科,,,500,31513,
1516,呼伦贝尔学院,2023,四川,本科二批,文科,,,503,36049,
1518,内蒙古财经大学,2023,四川,本科二批,文科,,,520,21959,
1520,内蒙古科技大学包头师范学院,2023,四川,本科二批,文科,,,504,33787,
1556,集宁师范学院,2023,四川,本科二批,文科,,,504,36049,
1562,内蒙古艺术学院,2023,四川,本科二批,文科,,,495,42532,
1751,河北工业职业技术大学,2023,四川,本科二批,文科,,,502,36796,
1752,河北科技工程职业技术大学,2023,四川,本科二批,文科,,,501,37574,
1753,河北石油职业技术大学,2023,四川,本科二批,文科,,,503,36049,
1832,河北地质大学华信学院,2023,四川,本科二批,文科,,,474,54000,
1834,保定理工学院,2023,四川,本科二批,文科,,,471,62296,
1835,北京中医药大学东方学院,2023,四川,本科二批,文科,,,507,31513,
1845,沧州师范学院,2023,四川,本科二批,文科,,,509,29438,
1907,山西医科大学,2023,四川,本科二批,文科,,,513,26767,
1913,山西工程科技职业大学,2023,四川,本科二批,文科,,,504,35268,
1916,忻州师范学院,2023,四川,本科二批,文科,,,500,39245,
2102,沈阳航空航天大学,2023,四川,本科二批,文科,,,523,23104,
2103,沈阳理工大学,2023,四川,本科二批,文科,,,512,25506,
2105,辽宁科技大学,2023,四川,本科二批,文科,,,508,33026,
2109,大连交通大学,2023,四川,本科二批,文科,,,524,22544,
2110,沈阳大学,2023,四川,本科二批,文科,,,510,20831,
2123,辽宁师范大学,2023,四川,本科二批,文科,,,515,16325,
2124,沈阳师范大学,2023,四川,本科二批,文科,,,509,23104,
2125,渤海大学,2023,四川,本科二批,文科,,,517,19323,
2127,鞍山师范学院,2023,四川,本科二批,文科,,,504,33026,
2131,沈阳城市学院,2023,四川,本科二批,文科,,,465,59492,
2135,大连大学,2023,四川,本科二批,文科,,,528,18299,
2136,辽宁科技学院,2023,四川,本科二批,文科,,,503,34540,
2143,营口理工学院,2023,四川,本科二批,文科,,,503,36796,
2159,辽东学院,2023,四川,本科二批,文科,,,499,36796,
2160,辽宁对外经贸学院,2023,四川,本科二批,文科,,,461,71555,
2175,辽宁传媒学院,2023,四川,本科二批,文科,,,458,76994,
2183,大连财经学院,2023,四川,本科二批,文科,,,474,52218,
2184,沈阳科技学院,2023,四川,本科二批,文科,,,464,69718,
2188,大连东软信息学院,2023,四川,本科二批,文科,,,462,71555,
2189,辽宁理工学院,2023,四川,本科二批,文科,,,469,66006,
2190,大连科技学院,2023,四川,本科二批,文科,,,464,70663,
2191,辽宁何氏医学院,2023,四川,本科二批,文科,,,474,59492,
2192,沈阳工学院,2023,四川,本科二批,文科,,,467,66006,
2195,辽宁中医药大学杏林学院,2023,四川,本科二批,文科,,,490,45991,
2196,沈阳城市建设学院,2023,四川,本科二批,文科,,,463,71555,
2197,大连工业大学艺术与信息工程学院,2023,四川,本科二批,文科,,,462,71555,
2199,大连理工大学城市学院,2023,四川,本科二批,文科,,,463,65116,
2213,通化师范学院,2023,四川,本科二批,文科,,,499,34540,
2214,吉林师范大学,2023,四川,本科二批,文科,,,505,20307,
2215,吉林工程技术师范学院,2023,四川,本科二批,文科,,,499,40092,
2216,长春师范大学,2023,四川,本科二批,文科,,,502,21377,
2217,白城师范学院,2023,四川,本科二批,文科,,,501,32293,
2218,吉林财经大学,2023,四川,本科二批,文科,,,529,15424,
2220,吉林工商学院,2023,四川,本科二批,文科,,,501,32293,
2226,吉林农业科技学院,2023,四川,本科二批,文科,,,499,36049,
2230,长春大学,2023,四川,本科二批,文科,,,508,26146,
2235,北华大学,2023,四川,本科二批,文科,,,473,24256,
2237,长春工程学院,2023,四川,本科二批,文科,,,504,34540,
2241,吉林医药学院,2023,四川,本科二批,文科,,,502,37574,
2279,吉林外国语大学,2023,四川,本科二批,文科,,,482,41737,
2283,长春财经学院,2023,四川,本科二批,文科,,,462,66943,
2284,长春科技学院,2023,四川,本科二批,文科,,,476,57730,
2285,长春建筑学院,2023,四川,本科二批,文科,,,464,70663,
2288,长春工业大学人文信息学院,2023,四川,本科二批,文科,,,466,64186,
2289,吉林师范大学博达学院,2023,四川,本科二批,文科,,,476,45078,
2290,长春光华学院,2023,四川,本科二批,文科,,,473,62296,
2291,长春人文学院,2023,四川,本科二批,文科,,,474,57730,
2292,长春电子科技学院,2023,四川,本科二批,文科,,,471,64186,
2293,长春大学旅游学院,2023,四川,本科二批,文科,,,462,71555,
2295,吉林警察学院,2023,四川,本科二批,文科,,,515,23718,
2305,黑龙江科技大学,2023,四川,本科二批,文科,,,503,25506,
2307,齐齐哈尔大学,2023,四川,本科二批,文科,,,503,20307,
2308,哈尔滨医科大学,2023,四川,本科二批,文科,,,517,22544,
2311,哈尔滨师范大学,2023,四川,本科二批,文科,,,503,19827,
2312,大庆师范学院,2023,四川,本科二批,文科,,,501,36049,
2313,绥化学院,2023,四川,本科二批,文科,,,495,36049,
2317,哈尔滨商业大学,2023,四川,本科二批,文科,,,506,30828,
2318,牡丹江师范学院,2023,四川,本科二批,文科,,,502,33787,
2319,哈尔滨金融学院,2023,四川,本科二批,文科,,,506,19827,
2321,佳木斯大学,2023,四川,本科二批,文科,,,505,35268,
2322,黑龙江工业学院,2023,四川,本科二批,文科,,,500,35268,
2323,齐齐哈尔医学院,2023,四川,本科二批,文科,,,506,33026,
2324,哈尔滨石油学院,2023,四川,本科二批,文科,,,464,70663,
2325,黑龙江八一农垦大学,2023,四川,本科二批,文科,,,504,32293,
2326,黑龙江财经学院,2023,四川,本科二批,文科,,,471,55888,
2330,哈尔滨学院,2023,四川,本科二批,文科,,,505,28779,
2331,黑龙江工程学院,2023,四川,本科二批,文科,,,504,36049,
2336,齐齐哈尔工程学院,2023,四川,本科二批,文科,,,462,73353,
2339,黑河学院,2023,四川,本科二批,文科,,,504,21959,
2371,哈尔滨信息工程学院,2023,四川,本科二批,文科,,,465,67864,
2385,哈尔滨远东理工学院,2023,四川,本科二批,文科,,,466,69718,
2386,黑龙江外国语学院,2023,四川,本科二批,文科,,,464,70663,
2388,哈尔滨广厦学院,2023,四川,本科二批,文科,,,466,68790,
2389,黑龙江工程学院昆仑旅游学院,2023,四川,本科二批,文科,,,462,72430,
2391,黑龙江东方学院,2023,四川,本科二批,文科,,,463,67864,
2392,哈尔滨剑桥学院,2023,四川,本科二批,文科,,,464,70663,
2394,哈尔滨华德学院,2023,四川,本科二批,文科,,,461,72430,
2444,黑龙江中医药大学,2023,四川,本科二批,文科,,,510,25506,
2445,黑龙江工商学院,2023,四川,本科二批,文科,,,461,74268,
2524,沈阳师范大学,2023,四川,本科二批,文科,,,503,34540,
2555,辽宁理工职业大学,2023,四川,本科二批,文科,,,469,66943,
2562,辽宁师范大学海华学院,2023,四川,本科二批,文科,,,462,61365,
2616,长春师范大学,2023,四川,本科二批,文科,,,485,45078,
2916,长春师范大学,2023,四川,本科二批,文科,,,500,36049,
3115,上海体育大学,2023,四川,本科二批,文科,,,533,15424,
3124,上海电机学院,2023,四川,本科二批,文科,,,515,27412,
3125,上海工程技术大学,2023,四川,本科二批,文科,,,526,21377,
3126,上海立信会计金融学院,2023,四川,本科二批,文科,,,531,8649,
3140,上海杉达学院,2023,四川,本科二批,文科,,,460,51320,
3154,上海商学院,2023,四川,本科二批,文科,,,522,16325,
3155,上海第二工业大学,2023,四川,本科二批,文科,,,524,16825,
3157,上海建桥学院,2023,四川,本科二批,文科,,,465,58591,
3165,上海中侨职业技术大学,2023,四川,本科二批,文科,,,462,71555,
3172,上海立达学院,2023,四川,本科二批,文科,,,460,74268,
3192,上海视觉艺术学院,2023,四川,本科二批,文科,,,491,46854,
3193,上海外国语大学贤达经济人文学院,2023,四川,本科二批,文科,,,460,60402,
3194,上海师范大学天华学院,2023,四川,本科二批,文科,,,465,53105,
3195,上海兴伟学院,2023,四川,本科二批,文科,,,458,76084,
3204,江苏师范大学,2023,四川,本科二批,文科,,,533,13651,
3214,淮阴工学院,2023,四川,本科二批,文科,,,509,31513,
3215,常州工学院,2023,四川,本科二批,文科,,,506,32293,
3218,盐城工学院,2023,四川,本科二批,文科,,,511,30127,
3220,常熟理工学院,2023,四川,本科二批,文科,,,509,23718,
3227,淮阴师范学院,2023,四川,本科二批,文科,,,523,23104,
3228,盐城师范学院,2023,四川,本科二批,文科,,,525,20831,
3233,南京艺术学院,2023,四川,本科二批,文科,,,525,13269,
3234,金陵科技学院,2023,四川,本科二批,文科,,,503,19323,
3235,徐州工程学院,2023,四川,本科二批,文科,,,520,24256,
3237,三江学院,2023,四川,本科二批,文科,,,458,40927,
3240,江苏第二师范学院,2023,四川,本科二批,文科,,,526,20831,
3241,江苏海洋大学,2023,四川,本科二批,文科,,,525,19323,
3243,南京工程学院,2023,四川,本科二批,文科,,,514,27412,
3245,中国矿业大学徐海学院,2023,四川,本科二批,文科,,,493,40927,
3249,江苏理工学院,2023,四川,本科二批,文科,,,510,28059,
3250,南京晓庄学院,2023,四川,本科二批,文科,,,508,17772,
3253,南京工业职业技术大学,2023,四川,本科二批,文科,,,506,29438,
3288,南京特殊教育师范学院,2023,四川,本科二批,文科,,,505,27412,
3289,南京航空航天大学金城学院,2023,四川,本科二批,文科,,,485,48638,
3290,南京邮电大学通达学院,2023,四川,本科二批,文科,,,490,43375,
3291,无锡太湖学院,2023,四川,本科二批,文科,,,474,48638,
3292,南京传媒学院,2023,四川,本科二批,文科,,,485,25506,
3293,南京理工大学泰州科技学院,2023,四川,本科二批,文科,,,482,51320,
3294,无锡学院,2023,四川,本科二批,文科,,,522,19827,
3295,南京工业大学浦江学院,2023,四川,本科二批,文科,,,482,50440,
3296,南京审计大学金审学院,2023,四川,本科二批,文科,,,502,26767,
3298,东南大学成贤学院,2023,四川,本科二批,文科,,,496,35268,
3299,常州大学怀德学院,2023,四川,本科二批,文科,,,482,48638,
3305,浙江海洋大学,2023,四川,本科二批,文科,,,519,20307,
3313,绍兴文理学院,2023,四川,本科二批,文科,,,514,24256,
3314,台州学院,2023,四川,本科二批,文科,,,516,19827,
3316,湖州师范学院,2023,四川,本科二批,文科,,,516,20831,
3319,浙江万里学院,2023,四川,本科二批,文科,,,505,30127,
3321,浙江科技大学,2023,四川,本科二批,文科,,,521,24256,
3322,宁波工程学院,2023,四川,本科二批,文科,,,509,28059,
3324,浙江水利水电学院,2023,四川,本科二批,文科,,,511,26146,
3327,浙江传媒学院,2023,四川,本科二批,文科,,,529,9241,
3328,丽水学院,2023,四川,本科二批,文科,,,510,26767,
3329,温州大学,2023,四川,本科二批,文科,,,534,11698,
3331,嘉兴大学,2023,四川,本科二批,文科,,,535,14959,
3342,温州商学院,2023,四川,本科二批,文科,,,463,64186,
3347,绍兴文理学院元培学院,2023,四川,本科二批,文科,,,486,41737,
335,上海海关学院,2023,四川,本科二批,文科,,,545,12446,
3353,浙江农林大学暨阳学院,2023,四川,本科二批,文科,,,485,48638,
3364,宁波大学科学技术学院,2023,四川,本科二批,文科,,,477,56827,
3366,浙江师范大学行知学院,2023,四川,本科二批,文科,,,480,51320,
3379,浙江工商大学杭州商学院,2023,四川,本科二批,文科,,,480,33787,
3383,浙江越秀外国语学院,2023,四川,本科二批,文科,,,464,60402,
3384,浙江广厦建设职业技术大学,2023,四川,本科二批,文科,,,465,67864,
3385,浙江树人学院,2023,四川,本科二批,文科,,,473,49536,
3386,宁波财经学院,2023,四川,本科二批,文科,,,466,61365,
3387,上海财经大学浙江学院,2023,四川,本科二批,文科,,,504,24256,
3388,衢州学院,2023,四川,本科二批,文科,,,507,32293,
3390,浙江财经大学东方学院,2023,四川,本科二批,文科,,,492,39245,
3394,嘉兴南湖学院,2023,四川,本科二批,文科,,,520,24868,
3395,浙江工业大学之江学院,2023,四川,本科二批,文科,,,487,44207,
3398,湖州学院,2023,四川,本科二批,文科,,,510,28779,
3399,温州理工学院,2023,四川,本科二批,文科,,,515,23718,
3405,安徽农业大学,2023,四川,本科二批,文科,,,534,17303,
3410,淮北师范大学,2023,四川,本科二批,文科,,,523,18797,
3412,阜阳师范大学,2023,四川,本科二批,文科,,,483,24256,
3420,合肥大学,2023,四川,本科二批,文科,,,473,27412,
3423,亳州学院,2023,四川,本科二批,文科,,,504,34540,
3427,安庆师范大学,2023,四川,本科二批,文科,,,526,21377,
3428,安徽中医药大学,2023,四川,本科二批,文科,,,535,16325,
3466,安徽文达信息工程学院,2023,四川,本科二批,文科,,,469,66006,
3471,安徽新华学院,2023,四川,本科二批,文科,,,475,56827,
3473,池州学院,2023,四川,本科二批,文科,,,503,32293,
3501,福建理工大学,2023,四川,本科二批,文科,,,520,21377,
3508,闽江学院,2023,四川,本科二批,文科,,,473,24868,
3509,武夷学院,2023,四川,本科二批,文科,,,503,29438,
3510,闽南师范大学,2023,四川,本科二批,文科,,,503,19827,
3511,莆田学院,2023,四川,本科二批,文科,,,514,25506,
3512,泉州师范学院,2023,四川,本科二批,文科,,,514,19827,
3513,厦门理工学院,2023,四川,本科二批,文科,,,519,18299,
3517,福建农林大学,2023,四川,本科二批,文科,,,524,18797,
3521,福建农林大学金山学院,2023,四川,本科二批,文科,,,480,52218,
3522,福建中医药大学,2023,四川,本科二批,文科,,,538,12068,
3527,浙江传媒学院,2023,四川,本科二批,文科,,,528,20307,
3533,三明学院,2023,四川,本科二批,文科,,,507,29438,
3536,福建技术师范学院,2023,四川,本科二批,文科,,,509,29438,
3537,龙岩学院,2023,四川,本科二批,文科,,,502,28779,
3540,宁德师范学院,2023,四川,本科二批,文科,,,498,28779,
3541,福建江夏学院,2023,四川,本科二批,文科,,,508,20831,
3542,福州工商学院,2023,四川,本科二批,文科,,,471,64186,
3543,福建师范大学协和学院,2023,四川,本科二批,文科,,,483,37574,
355,中国民用航空飞行学院,2023,四川,本科二批,文科,,,506,24868,
3550,闽南理工学院,2023,四川,本科二批,文科,,,466,65116,
3560,泉州职业技术大学,2023,四川,本科二批,文科,,,467,67864,
357,西南民族大学,2023,四川,本科二批,文科,,,523,22544,
3571,泉州信息工程学院,2023,四川,本科二批,文科,,,466,66943,
3575,厦门华厦学院,2023,四川,本科二批,文科,,,477,53105,
3590,福州外语外贸学院,2023,四川,本科二批,文科,,,466,57730,
3591,厦门大学嘉庚学院,2023,四川,本科二批,文科,,,496,27412,
3592,厦门工学院,2023,四川,本科二批,文科,,,461,56827,
3593,集美大学诚毅学院,2023,四川,本科二批,文科,,,499,30127,
3594,阳光学院,2023,四川,本科二批,文科,,,465,69718,
3595,福州大学至诚学院,2023,四川,本科二批,文科,,,487,45078,
3596,闽南科技学院,2023,四川,本科二批,文科,,,468,61365,
3597,福建商学院,2023,四川,本科二批,文科,,,504,18797,
3603,南昌航空大学,2023,四川,本科二批,文科,,,524,18797,
3605,景德镇陶瓷大学,2023,四川,本科二批,文科,,,516,19323,
3607,江西农业大学,2023,四川,本科二批,文科,,,511,30828,
3609,江西中医药大学,2023,四川,本科二批,文科,,,520,22544,
3613,上饶师范学院,2023,四川,本科二批,文科,,,506,27412,
3615,赣南师范大学,2023,四川,本科二批,文科,,,509,27412,
3616,井冈山大学,2023,四川,本科二批,文科,,,508,30127,
363,西北民族大学,2023,四川,本科二批,文科,,,511,20831,
3632,萍乡学院,2023,四川,本科二批,文科,,,501,33026,
3633,南昌工程学院,2023,四川,本科二批,文科,,,512,26767,
3634,江西科技师范大学,2023,四川,本科二批,文科,,,522,19827,
3636,宜春学院,2023,四川,本科二批,文科,,,514,28779,
3637,豫章师范学院,2023,四川,本科二批,文科,,,504,30828,
3641,新余学院,2023,四川,本科二批,文科,,,502,29438,
3642,九江学院,2023,四川,本科二批,文科,,,505,30127,
3644,江西警察学院,2023,四川,本科二批,文科,,,531,18797,
3649,南昌师范学院,2023,四川,本科二批,文科,,,509,30828,
3653,江西应用科技学院,2023,四川,本科二批,文科,,,465,67864,
3654,江西科技学院,2023,四川,本科二批,文科,,,476,51320,
3656,南昌理工学院,2023,四川,本科二批,文科,,,480,40092,
3673,南昌工学院,2023,四川,本科二批,文科,,,484,29438,
3674,南昌职业大学,2023,四川,本科二批,文科,,,466,67864,
3675,江西服装学院,2023,四川,本科二批,文科,,,464,70663,
3688,江西师范大学科学技术学院,2023,四川,本科二批,文科,,,500,36049,
369,华北科技学院,2023,四川,本科二批,文科,,,487,25506,
3690,江西农业大学南昌商学院,2023,四川,本科二批,文科,,,488,41737,
3691,赣南科技学院,2023,四川,本科二批,文科,,,509,30127,
3692,南昌交通学院,2023,四川,本科二批,文科,,,485,47738,
3693,南昌航空大学科技学院,2023,四川,本科二批,文科,,,480,54000,
3694,赣东学院,2023,四川,本科二批,文科,,,511,30127,
3695,南昌医学院,2023,四川,本科二批,文科,,,539,14959,
3696,江西财经大学现代经济管理学院,2023,四川,本科二批,文科,,,489,39245,
3697,南昌大学科学技术学院,2023,四川,本科二批,文科,,,489,48638,
3698,景德镇艺术职业大学,2023,四川,本科二批,文科,,,471,62296,
3699,江西软件职业技术大学,2023,四川,本科二批,文科,,,462,69718,
3704,山东政法学院,2023,四川,本科二批,文科,,,508,14959,
3707,曲阜师范大学,2023,四川,本科二批,文科,,,515,14959,
3708,青岛农业大学,2023,四川,本科二批,文科,,,501,19323,
371,大连民族大学,2023,四川,本科二批,文科,,,522,23718,
3711,临沂大学,2023,四川,本科二批,文科,,,473,27412,
3712,聊城大学,2023,四川,本科二批,文科,,,524,21959,
3714,泰山学院,2023,四川,本科二批,文科,,,499,34540,
3715,鲁东大学,2023,四川,本科二批,文科,,,526,16825,
3716,济宁学院,2023,四川,本科二批,文科,,,499,40092,
3719,山东工艺美术学院,2023,四川,本科二批,文科,,,494,39245,
3721,烟台大学,2023,四川,本科二批,文科,,,533,12068,
3722,菏泽学院,2023,四川,本科二批,文科,,,504,34540,
3723,山东交通学院,2023,四川,本科二批,文科,,,522,22544,
3724,滨州医学院,2023,四川,本科二批,文科,,,505,35268,
3725,山东工商学院,2023,四川,本科二批,文科,,,512,23104,
3729,青岛工学院,2023,四川,本科二批,文科,,,469,61365,
373,北方民族大学,2023,四川,本科二批,文科,,,518,23104,
3733,山东青年政治学院,2023,四川,本科二批,文科,,,501,30127,
3735,潍坊学院,2023,四川,本科二批,文科,,,514,24868,
3739,山东理工大学,2023,四川,本科二批,文科,,,531,14063,
3740,山东农业大学,2023,四川,本科二批,文科,,,532,16325,
3744,山东农业工程学院,2023,四川,本科二批,文科,,,508,30127,
3749,齐鲁医药学院,2023,四川,本科二批,文科,,,470,30828,
3750,山东女子学院,2023,四川,本科二批,文科,,,504,32293,
3766,山东现代学院,2023,四川,本科二批,文科,,,473,59492,
3775,齐鲁师范学院,2023,四川,本科二批,文科,,,511,30828,
3780,山东外国语职业技术大学,2023,四川,本科二批,文科,,,470,65116,
3781,山东工程职业技术大学,2023,四川,本科二批,文科,,,467,66943,
3783,山东英才学院,2023,四川,本科二批,文科,,,468,66006,
3784,烟台南山学院,2023,四川,本科二批,文科,,,474,57730,
3785,青岛恒星科技学院,2023,四川,本科二批,文科,,,471,63251,
3786,山东协和学院,2023,四川,本科二批,文科,,,484,49536,
3790,青岛黄海学院,2023,四川,本科二批,文科,,,473,54000,
3793,青岛滨海学院,2023,四川,本科二批,文科,,,467,64186,
3794,山东管理学院,2023,四川,本科二批,文科,,,505,31513,
3795,齐鲁理工学院,2023,四川,本科二批,文科,,,478,58591,
3797,青岛城市学院,2023,四川,本科二批,文科,,,472,52218,
3798,山东石油化工学院,2023,四川,本科二批,文科,,,512,29438,
381,防灾科技学院,2023,四川,本科二批,文科,,,504,22544,
3810,皖西学院,2023,四川,本科二批,文科,,,509,32293,
3823,上饶师范学院,2023,四川,本科二批,文科,,,517,26767,
3827,安庆师范大学,2023,四川,本科二批,文科,,,508,32293,
3829,烟台理工学院,2023,四川,本科二批,文科,,,478,49536,
383,新疆政法学院,2023,四川,本科二批,文科,,,504,34540,
3830,福建农林大学,2023,四川,本科二批,文科,,,515,28059,
3871,宿迁学院,2023,四川,本科二批,文科,,,509,28779,
3884,仰恩大学,2023,四川,本科二批,文科,,,489,47738,
3889,江苏科技大学苏州理工学院,2023,四川,本科二批,文科,,,487,40092,
3890,南京医科大学康达学院,2023,四川,本科二批,文科,,,491,37574,
3891,南京理工大学紫金学院,2023,四川,本科二批,文科,,,501,32293,
3894,苏州城市学院,2023,四川,本科二批,文科,,,517,20307,
3895,苏州大学应用技术学院,2023,四川,本科二批,文科,,,482,49536,
3896,苏州科技大学天平学院,2023,四川,本科二批,文科,,,494,42532,
3897,扬州大学广陵学院,2023,四川,本科二批,文科,,,496,38403,
3898,南通大学杏林学院,2023,四川,本科二批,文科,,,487,45991,
3907,曲阜师范大学,2023,四川,本科二批,文科,,,525,21959,
3908,安徽艺术学院,2023,四川,本科二批,文科,,,498,40927,
391,中华女子学院,2023,四川,本科二批,文科,,,530,15424,
3915,南京师范大学泰州学院,2023,四川,本科二批,文科,,,499,33026,
3916,南京财经大学红山学院,2023,四川,本科二批,文科,,,492,40927,
3917,江苏师范大学科文学院,2023,四川,本科二批,文科,,,491,36049,
3918,南京师范大学中北学院,2023,四川,本科二批,文科,,,495,36049,
3925,江苏大学京江学院,2023,四川,本科二批,文科,,,474,40092,
3932,南通理工学院,2023,四川,本科二批,文科,,,468,65116,
3934,江西科技师范大学,2023,四川,本科二批,文科,,,524,22544,
3943,福建师范大学协和学院,2023,四川,本科二批,文科,,,464,66006,
397,中国劳动关系学院,2023,四川,本科二批,文科,,,531,14959,
3970,潍坊科技学院,2023,四川,本科二批,文科,,,478,54985,
3987,铜陵学院,2023,四川,本科二批,文科,,,516,27412,
3992,上海电机学院,2023,四川,本科二批,文科,,,509,32293,
4102,河南理工大学,2023,四川,本科二批,文科,,,526,19323,
4104,郑州轻工业大学,2023,四川,本科二批,文科,,,504,19323,
4107,中原工学院,2023,四川,本科二批,文科,,,501,26146,
4108,河南农业大学,2023,四川,本科二批,文科,,,503,23104,
4109,河南牧业经济学院,2023,四川,本科二批,文科,,,483,36796,
4110,河南工程学院,2023,四川,本科二批,文科,,,506,31513,
4111,河南中医药大学,2023,四川,本科二批,文科,,,533,14495,
4118,南阳师范学院,2023,四川,本科二批,文科,,,513,24256,
4119,洛阳师范学院,2023,四川,本科二批,文科,,,514,26146,
4123,郑州航空工业管理学院,2023,四川,本科二批,文科,,,511,18797,
4124,安阳师范学院,2023,四川,本科二批,文科,,,515,24256,
4126,郑州师范学院,2023,四川,本科二批,文科,,,501,38403,
4128,黄淮学院,2023,四川,本科二批,文科,,,503,33026,
4129,郑州工程技术学院,2023,四川,本科二批,文科,,,503,33787,
4131,洛阳理工学院,2023,四川,本科二批,文科,,,511,28059,
4133,河南财政金融学院,2023,四川,本科二批,文科,,,504,26767,
4135,信阳农林学院,2023,四川,本科二批,文科,,,503,36049,
4139,安阳工学院,2023,四川,本科二批,文科,,,504,36049,
4141,信阳师范大学,2023,四川,本科二批,文科,,,509,31513,
4142,商丘师范学院,2023,四川,本科二批,文科,,,506,30828,
4146,南阳理工学院,2023,四川,本科二批,文科,,,508,32293,
4147,河南城建学院,2023,四川,本科二批,文科,,,482,54985,
4150,郑州商学院,2023,四川,本科二批,文科,,,483,50440,
4151,平顶山学院,2023,四川,本科二批,文科,,,505,35268,
4162,郑州财经学院,2023,四川,本科二批,文科,,,483,47738,
4177,郑州工业应用技术学院,2023,四川,本科二批,文科,,,479,54985,
4181,黄河科技学院,2023,四川,本科二批,文科,,,477,56827,
4183,郑州经贸学院,2023,四川,本科二批,文科,,,479,56827,
4185,郑州升达经贸管理学院,2023,四川,本科二批,文科,,,485,46854,
4190,中原科技学院,2023,四川,本科二批,文科,,,492,45991,
4192,河南科技学院,2023,四川,本科二批,文科,,,507,29438,
4205,武汉轻工大学,2023,四川,本科二批,文科,,,526,11698,
4208,湖北中医药大学,2023,四川,本科二批,文科,,,534,13651,
4209,湖北师范大学,2023,四川,本科二批,文科,,,531,15424,
4213,湖北民族大学,2023,四川,本科二批,文科,,,515,16325,
4214,汉江师范学院,2023,四川,本科二批,文科,,,515,24868,
4215,湖北文理学院,2023,四川,本科二批,文科,,,521,23104,
4216,武汉体育学院,2023,四川,本科二批,文科,,,510,28059,
4219,湖北工程学院,2023,四川,本科二批,文科,,,506,24868,
4220,湖北第二师范学院,2023,四川,本科二批,文科,,,520,21959,
4223,湖北理工学院,2023,四川,本科二批,文科,,,507,32293,
4225,湖北医药学院,2023,四川,本科二批,文科,,,514,25506,
4226,武昌工学院,2023,四川,本科二批,文科,,,471,58591,
4227,湖北大学知行学院,2023,四川,本科二批,文科,,,492,39245,
4237,武汉商学院,2023,四川,本科二批,文科,,,467,22544,
4240,武汉学院,2023,四川,本科二批,文科,,,479,53105,
4242,江汉大学,2023,四川,本科二批,文科,,,534,14063,
4244,湖北经济学院,2023,四川,本科二批,文科,,,502,16825,
4246,武汉工程科技学院,2023,四川,本科二批,文科,,,476,58591,
4247,武昌理工学院,2023,四川,本科二批,文科,,,484,50440,
4248,三峡大学科技学院,2023,四川,本科二批,文科,,,498,39245,
4250,湖北商贸学院,2023,四川,本科二批,文科,,,472,63251,
4257,荆楚理工学院,2023,四川,本科二批,文科,,,506,31513,
4261,武汉生物工程学院,2023,四川,本科二批,文科,,,484,48638,
4276,黄冈师范学院,2023,四川,本科二批,文科,,,514,24868,
4278,湖北科技学院,2023,四川,本科二批,文科,,,506,31513,
4288,武昌首义学院,2023,四川,本科二批,文科,,,486,41737,
4289,武汉工程大学邮电与信息工程学院,2023,四川,本科二批,文科,,,483,51320,
4292,湖北经济学院法商学院,2023,四川,本科二批,文科,,,475,59492,
4293,武汉体育学院体育科技学院,2023,四川,本科二批,文科,,,462,67864,
4295,湖北文理学院理工学院,2023,四川,本科二批,文科,,,489,48638,
4296,武汉城市学院,2023,四川,本科二批,文科,,,476,57730,
4298,武汉晴川学院,2023,四川,本科二批,文科,,,473,56827,
4299,武汉工商学院,2023,四川,本科二批,文科,,,480,53105,
4302,吉首大学,2023,四川,本科二批,文科,,,476,22544,
4307,湖南农业大学,2023,四川,本科二批,文科,,,524,17772,
4310,湖南中医药大学,2023,四川,本科二批,文科,,,523,20831,
4314,湘南学院,2023,四川,本科二批,文科,,,514,19323,
4315,衡阳师范学院,2023,四川,本科二批,文科,,,518,18299,
4317,怀化学院,2023,四川,本科二批,文科,,,510,30127,
4318,湖南文理学院,2023,四川,本科二批,文科,,,495,26146,
4319,湖南科技学院,2023,四川,本科二批,文科,,,506,33787,
4320,湖南人文科技学院,2023,四川,本科二批,文科,,,505,33787,
4321,湖南工商大学,2023,四川,本科二批,文科,,,534,13269,
4322,湖南第一师范学院,2023,四川,本科二批,文科,,,535,15879,
4330,湖南警察学院,2023,四川,本科二批,文科,,,530,18797,
4331,湖南城市学院,2023,四川,本科二批,文科,,,459,32293,
4332,长沙学院,2023,四川,本科二批,文科,,,525,18797,
4333,湖南财政经济学院,2023,四川,本科二批,文科,,,519,19323,
4341,湖南工程学院,2023,四川,本科二批,文科,,,506,31513,
4343,邵阳学院,2023,四川,本科二批,文科,,,511,29438,
4344,湖南文理学院芙蓉学院,2023,四川,本科二批,文科,,,493,40927,
4347,长沙师范学院,2023,四川,本科二批,文科,,,521,24256,
4353,长沙医学院,2023,四川,本科二批,文科,,,501,21959,
4354,湖南应用技术学院,2023,四川,本科二批,文科,,,469,59492,
4357,湖南医药学院,2023,四川,本科二批,文科,,,532,18299,
4365,湖南涉外经济学院,2023,四川,本科二批,文科,,,466,59492,
4393,湖南工业大学科技学院,2023,四川,本科二批,文科,,,488,47738,
4395,南华大学船山学院,2023,四川,本科二批,文科,,,495,43375,
4397,长沙理工大学城南学院,2023,四川,本科二批,文科,,,496,40927,
4399,衡阳师范学院南岳学院,2023,四川,本科二批,文科,,,503,36796,
4406,广东海洋大学,2023,四川,本科二批,文科,,,528,16825,
4412,韶关学院,2023,四川,本科二批,文科,,,504,36049,
4415,岭南师范学院,2023,四川,本科二批,文科,,,478,26146,
4417,嘉应学院,2023,四川,本科二批,文科,,,505,35268,
4425,广东警官学院,2023,四川,本科二批,文科,,,534,17303,
4427,广东金融学院,2023,四川,本科二批,文科,,,531,16825,
4432,东莞理工学院,2023,四川,本科二批,文科,,,526,19827,
4442,珠海科技学院,2023,四川,本科二批,文科,,,491,42532,
4443,北京理工大学珠海学院,2023,四川,本科二批,文科,,,496,33787,
4445,广州应用科技学院,2023,四川,本科二批,文科,,,472,61365,
4450,广东科技学院,2023,四川,本科二批,文科,,,464,69718,
4452,广东白云学院,2023,四川,本科二批,文科,,,470,66006,
4454,广东技术师范大学,2023,四川,本科二批,文科,,,513,22544,
4461,广州商学院,2023,四川,本科二批,文科,,,476,52218,
4469,广州工商学院,2023,四川,本科二批,文科,,,461,72430,
4477,广州科技职业技术大学,2023,四川,本科二批,文科,,,463,70663,
4489,广州软件学院,2023,四川,本科二批,文科,,,461,65116,
4490,广州新华学院,2023,四川,本科二批,文科,,,472,46854,
4491,湛江科技学院,2023,四川,本科二批,文科,,,472,55888,
4492,广州南方学院,2023,四川,本科二批,文科,,,474,61365,
4493,广东外语外贸大学南国商学院,2023,四川,本科二批,文科,,,460,74268,
4494,广州城市理工学院,2023,四川,本科二批,文科,,,466,46854,
4495,电子科技大学中山学院,2023,四川,本科二批,文科,,,471,60402,
4496,东莞城市学院,2023,四川,本科二批,文科,,,464,70663,
4498,广州华立学院,2023,四川,本科二批,文科,,,463,72430,
4502,广西科技大学,2023,四川,本科二批,文科,,,507,32293,
4504,桂林理工大学,2023,四川,本科二批,文科,,,522,21959,
4505,广西财经学院,2023,四川,本科二批,文科,,,520,19827,
4508,广西中医药大学,2023,四川,本科二批,文科,,,530,15879,
4510,广西师范大学,2023,四川,本科二批,文科,,,534,12068,
4513,南宁师范大学,2023,四川,本科二批,文科,,,526,17303,
4514,玉林师范学院,2023,四川,本科二批,文科,,,506,34540,
4517,南宁学院,2023,四川,本科二批,文科,,,473,55888,
4518,广西民族大学,2023,四川,本科二批,文科,,,503,18299,
4520,桂林航天工业学院,2023,四川,本科二批,文科,,,499,33787,
4521,河池学院,2023,四川,本科二批,文科,,,505,33026,
4523,百色学院,2023,四川,本科二批,文科,,,503,33787,
4525,桂林旅游学院,2023,四川,本科二批,文科,,,505,28059,
4528,北部湾大学,2023,四川,本科二批,文科,,,508,28059,
4532,广西科技师范学院,2023,四川,本科二批,文科,,,509,30127,
4545,梧州学院,2023,四川,本科二批,文科,,,507,30828,
4546,贺州学院,2023,四川,本科二批,文科,,,499,32293,
4562,北海艺术设计学院,2023,四川,本科二批,文科,,,458,70663,
4566,广西外国语学院,2023,四川,本科二批,文科,,,472,55888,
4567,广西城市职业大学,2023,四川,本科二批,文科,,,464,70663,
4583,广西民族师范学院,2023,四川,本科二批,文科,,,495,36796,
4590,广西中医药大学赛恩斯新医药学院,2023,四川,本科二批,文科,,,504,34540,
4591,桂林信息科技学院,2023,四川,本科二批,文科,,,467,67864,
4592,柳州工学院,2023,四川,本科二批,文科,,,465,65116,
4595,广西民族大学相思湖学院,2023,四川,本科二批,文科,,,492,38403,
4596,南宁理工学院,2023,四川,本科二批,文科,,,473,63251,
4611,海南热带海洋学院,2023,四川,本科二批,文科,,,509,27412,
4613,厦门理工学院,2023,四川,本科二批,文科,,,516,27412,
4617,海南医科大学,2023,四川,本科二批,文科,,,503,17772,
4618,琼台师范学院,2023,四川,本科二批,文科,,,509,29438,
4620,湖南人文科技学院,2023,四川,本科二批,文科,,,495,43375,
4625,桂林旅游学院,2023,四川,本科二批,文科,,,465,70663,
4652,海口经济学院,2023,四川,本科二批,文科,,,461,72430,
4677,海南科技职业大学,2023,四川,本科二批,文科,,,463,71555,
4691,三亚学院,2023,四川,本科二批,文科,,,460,53105,
4761,武汉纺织大学外经贸学院,2023,四川,本科二批,文科,,,474,52218,
4762,文华学院,2023,四川,本科二批,文科,,,482,45078,
4764,湖南女子学院,2023,四川,本科二批,文科,,,508,31513,
4782,广东理工学院,2023,四川,本科二批,文科,,,465,66006,
4791,三亚学院,2023,四川,本科二批,文科,,,458,72430,
4795,广西财经学院,2023,四川,本科二批,文科,,,514,28779,
4797,郑州西亚斯学院,2023,四川,本科二批,文科,,,491,41737,
4819,广西民族大学,2023,四川,本科二批,文科,,,493,36049,
4865,湖北恩施学院,2023,四川,本科二批,文科,,,500,39245,
4868,湖北医药学院药护学院,2023,四川,本科二批,文科,,,500,39245,
4869,湖北师范大学文理学院,2023,四川,本科二批,文科,,,467,54000,
4873,长江大学文理学院,2023,四川,本科二批,文科,,,489,38403,
4876,湖北工业大学工程技术学院,2023,四川,本科二批,文科,,,477,56827,
4877,武汉华夏理工学院,2023,四川,本科二批,文科,,,465,62296,
4889,信阳学院,2023,四川,本科二批,文科,,,499,40092,
4890,海南热带海洋学院,2023,四川,本科二批,文科,,,492,42532,
4893,广西农业职业技术大学,2023,四川,本科二批,文科,,,502,37574,
4898,武汉东湖学院,2023,四川,本科二批,文科,,,484,45991,
4906,肇庆学院,2023,四川,本科二批,文科,,,513,29438,
4907,湖南农业大学,2023,四川,本科二批,文科,,,515,28059,
4943,北京理工大学珠海学院,2023,四川,本科二批,文科,,,502,33026,
4949,武汉轻工大学,2023,四川,本科二批,文科,,,514,28779,
4961,湖南农业大学东方科技学院,2023,四川,本科二批,文科,,,495,43375,
4962,河南开封科技传媒学院,2023,四川,本科二批,文科,,,479,56827,
4964,湖南科技大学潇湘学院,2023,四川,本科二批,文科,,,496,37574,
4969,湖南交通工程学院,2023,四川,本科二批,文科,,,460,71555,
5008,重庆医科大学,2023,四川,本科二批,文科,,,531,18299,
5010,重庆师范大学,2023,四川,本科二批,文科,,,527,20831,
5012,重庆文理学院,2023,四川,本科二批,文科,,,517,17772,
5013,重庆三峡学院,2023,四川,本科二批,文科,,,494,19323,
5014,长江师范学院,2023,四川,本科二批,文科,,,523,18797,
5015,四川外国语大学,2023,四川,本科二批,文科,,,532,12068,
5018,四川美术学院,2023,四川,本科二批,文科,,,485,16825,
5022,重庆科技大学,2023,四川,本科二批,文科,,,513,18299,
5025,重庆理工大学,2023,四川,本科二批,文科,,,529,14495,
5026,重庆工商大学,2023,四川,本科二批,文科,,,528,14063,
5027,重庆第二师范学院,2023,四川,本科二批,文科,,,523,17772,
5045,四川外国语大学,2023,四川,本科二批,文科,,,517,26767,
5063,重庆机电职业技术大学,2023,四川,本科二批,文科,,,477,54985,
5064,重庆工程学院,2023,四川,本科二批,文科,,,484,52218,
5085,重庆人文科技学院,2023,四川,本科二批,文科,,,487,34540,
5088,重庆城市科技学院,2023,四川,本科二批,文科,,,492,40927,
5090,重庆外语外事学院,2023,四川,本科二批,文科,,,486,40092,
5091,重庆工商大学派斯学院,2023,四川,本科二批,文科,,,488,44207,
5092,重庆移通学院,2023,四川,本科二批,文科,,,483,45991,
5093,重庆财经学院,2023,四川,本科二批,文科,,,496,35268,
5096,重庆对外经贸学院,2023,四川,本科二批,文科,,,497,37574,
5105,西南科技大学,2023,四川,本科二批,文科,,,472,20307,
5107,成都信息工程大学,2023,四川,本科二批,文科,,,512,23718,
5108,四川轻化工大学,2023,四川,本科二批,文科,,,523,17772,
5109,西华大学,2023,四川,本科二批,文科,,,530,16325,
5114,西昌学院,2023,四川,本科二批,文科,,,504,28059,
5116,西南医科大学,2023,四川,本科二批,文科,,,515,19323,
5118,川北医学院,2023,四川,本科二批,文科,,,510,28059,
5119,成都医学院,2023,四川,本科二批,文科,,,514,28059,
5123,绵阳师范学院,2023,四川,本科二批,文科,,,492,18299,
5124,内江师范学院,2023,四川,本科二批,文科,,,522,19827,
5125,宜宾学院,2023,四川,本科二批,文科,,,515,24256,
5126,成都师范学院,2023,四川,本科二批,文科,,,524,17303,
5128,四川文理学院,2023,四川,本科二批,文科,,,512,27412,
5130,阿坝师范学院,2023,四川,本科二批,文科,,,508,30828,
5133,乐山师范学院,2023,四川,本科二批,文科,,,515,23104,
5135,成都体育学院,2023,四川,本科二批,文科,,,480,29438,
5136,四川音乐学院,2023,四川,本科二批,文科,,,458,30127,
5137,成都大学,2023,四川,本科二批,文科,,,534,8649,
5139,攀枝花学院,2023,四川,本科二批,文科,,,511,27412,
5142,成都工业学院,2023,四川,本科二批,文科,,,499,37574,
5143,四川民族学院,2023,四川,本科二批,文科,,,505,33026,
5147,四川旅游学院,2023,四川,本科二批,文科,,,504,27412,
5149,四川警察学院,2023,四川,本科二批,文科,,,536,16325,
5163,成都艺术职业大学,2023,四川,本科二批,文科,,,471,65116,
5177,成都东软学院,2023,四川,本科二批,文科,,,475,61365,
5179,四川工业科技学院,2023,四川,本科二批,文科,,,476,56827,
5196,四川电影电视学院,2023,四川,本科二批,文科,,,471,54000,
5204,贵州医科大学,2023,四川,本科二批,文科,,,523,23104,
5205,遵义医科大学,2023,四川,本科二批,文科,,,520,22544,
5206,贵州中医药大学,2023,四川,本科二批,文科,,,541,9571,
5207,贵州师范大学,2023,四川,本科二批,文科,,,536,14063,
5208,遵义师范学院,2023,四川,本科二批,文科,,,498,25506,
5209,安顺学院,2023,四川,本科二批,文科,,,511,30828,
5210,黔南民族师范学院,2023,四川,本科二批,文科,,,507,33787,
5211,贵州财经大学,2023,四川,本科二批,文科,,,530,18797,
5213,贵阳学院,2023,四川,本科二批,文科,,,516,26767,
5214,六盘水师范学院,2023,四川,本科二批,文科,,,512,30127,
5216,凯里学院,2023,四川,本科二批,文科,,,496,42532,
5217,贵州工程应用技术学院,2023,四川,本科二批,文科,,,506,32293,
5221,兴义民族师范学院,2023,四川,本科二批,文科,,,505,32293,
5225,贵州师范学院,2023,四川,本科二批,文科,,,512,30127,
5230,贵州民族大学,2023,四川,本科二批,文科,,,510,28059,
5233,贵州商学院,2023,四川,本科二批,文科,,,502,37574,
5245,贵阳康养职业大学,2023,四川,本科二批,文科,,,512,29438,
5254,贵州警察学院,2023,四川,本科二批,文科,,,527,20831,
5284,贵州黔南经济学院,2023,四川,本科二批,文科,,,489,47738,
5285,遵义医科大学医学与科技学院,2023,四川,本科二批,文科,,,505,35268,
5286,贵州黔南科技学院,2023,四川,本科二批,文科,,,486,51320,
5287,贵州医科大学神奇民族医药学院,2023,四川,本科二批,文科,,,502,37574,
5289,贵阳人文科技学院,2023,四川,本科二批,文科,,,476,40927,
5304,云南农业大学,2023,四川,本科二批,文科,,,522,19323,
5305,西南林业大学,2023,四川,本科二批,文科,,,531,15424,
5307,大理大学,2023,四川,本科二批,文科,,,503,17772,
5308,云南中医药大学,2023,四川,本科二批,文科,,,519,9571,
5309,云南师范大学,2023,四川,本科二批,文科,,,540,9241,
5310,普洱学院,2023,四川,本科二批,文科,,,495,43375,
5311,曲靖师范学院,2023,四川,本科二批,文科,,,511,27412,
5312,昭通学院,2023,四川,本科二批,文科,,,509,30828,
5313,保山学院,2023,四川,本科二批,文科,,,507,31513,
5314,红河学院,2023,四川,本科二批,文科,,,503,34540,
5315,云南财经大学,2023,四川,本科二批,文科,,,503,14959,
5316,云南艺术学院,2023,四川,本科二批,文科,,,509,26767,
5320,云南民族大学,2023,四川,本科二批,文科,,,504,18797,
5321,玉溪师范学院,2023,四川,本科二批,文科,,,508,33026,
5322,楚雄师范学院,2023,四川,本科二批,文科,,,504,35268,
5323,云南警官学院,2023,四川,本科二批,文科,,,534,17303,
5324,昆明学院,2023,四川,本科二批,文科,,,501,19323,
5326,文山学院,2023,四川,本科二批,文科,,,504,36049,
5328,滇西科技师范学院,2023,四川,本科二批,文科,,,500,39245,
5350,滇西应用技术大学,2023,四川,本科二批,文科,,,507,29438,
5361,云南经济管理学院,2023,四川,本科二批,文科,,,487,45078,
5365,云南工商学院,2023,四川,本科二批,文科,,,481,50440,
5381,滇池学院,2023,四川,本科二批,文科,,,468,46854,
5382,丽江文化旅游学院,2023,四川,本科二批,文科,,,476,55888,
5385,昆明城市学院,2023,四川,本科二批,文科,,,470,51320,
5386,昆明文理学院,2023,四川,本科二批,文科,,,486,50440,
5388,昆明传媒学院,2023,四川,本科二批,文科,,,479,56827,
5392,昆明理工大学津桥学院,2023,四川,本科二批,文科,,,479,56827,
5401,西藏大学,2023,四川,本科二批,文科,,,527,15424,
5402,西藏民族大学,2023,四川,本科二批,文科,,,514,25506,
5406,西藏农牧学院,2023,四川,本科二批,文科,,,500,38403,
5502,成都理工大学,2023,四川,本科二批,文科,,,520,20831,
5504,云南农业大学,2023,四川,本科二批,文科,,,513,29438,
5601,四川工商学院,2023,四川,本科二批,文科,,,487,49536,
5609,云南师范大学,2023,四川,本科二批,文科,,,518,26146,
5622,重庆科技大学,2023,四川,本科二批,文科,,,505,35268,
5642,成都工业学院,2023,四川,本科二批,文科,,,505,35268,
5647,四川旅游学院,2023,四川,本科二批,文科,,,504,36049,
5676,成都外国语学院,2023,四川,本科二批,文科,,,486,48638,
5702,四川大学锦江学院,2023,四川,本科二批,文科,,,493,40927,
5703,成都锦城学院,2023,四川,本科二批,文科,,,500,37574,
5705,电子科技大学成都学院,2023,四川,本科二批,文科,,,485,45078,
5706,西南交通大学希望学院,2023,四川,本科二批,文科,,,480,49536,
5709,西华大学,2023,四川,本科二批,文科,,,518,22544,
5710,西南财经大学天府学院,2023,四川,本科二批,文科,,,490,41737,
5713,绵阳城市学院,2023,四川,本科二批,文科,,,472,63251,
5714,西昌学院,2023,四川,本科二批,文科,,,500,39245,
5715,成都理工大学工程技术学院,2023,四川,本科二批,文科,,,484,50440,
5719,四川传媒学院,2023,四川,本科二批,文科,,,478,52218,
5724,成都银杏酒店管理学院,2023,四川,本科二批,文科,,,469,56827,
5726,成都师范学院,2023,四川,本科二批,文科,,,503,36796,
5733,贵州商学院,2023,四川,本科二批,文科,,,498,40927,
5735,成都体育学院,2023,四川,本科二批,文科,,,474,62296,
5747,成都文理学院,2023,四川,本科二批,文科,,,494,28059,
5776,成都外国语学院,2023,四川,本科二批,文科,,,458,53105,
5780,四川文化艺术学院,2023,四川,本科二批,文科,,,475,54985,
5809,西华大学,2023,四川,本科二批,文科,,,524,22544,
5892,重庆移通学院,2023,四川,本科二批,文科,,,471,65116,
5896,绵阳师范学院,2023,四川,本科二批,文科,,,504,36049,
5898,乐山师范学院,2023,四川,本科二批,文科,,,503,36796,
5905,贵州师范大学,2023,四川,本科二批,文科,,,503,36049,
5918,成都大学,2023,四川,本科二批,文科,,,513,29438,
5921,成都中医药大学,2023,四川,本科二批,文科,,,489,48638,
5927,重庆第二师范学院,2023,四川,本科二批,文科,,,506,34540,
5934,四川音乐学院,2023,四川,本科二批,文科,,,491,46854,
5935,重庆财经学院,2023,四川,本科二批,文科,,,470,66006,
6116,延安大学,2023,四川,本科二批,文科,,,520,23104,
6117,咸阳师范学院,2023,四川,本科二批,文科,,,516,27412,
6118,渭南师范学院,2023,四川,本科二批,文科,,,504,30127,
6125,榆林学院,2023,四川,本科二批,文科,,,512,30127,
6127,安康学院,2023,四川,本科二批,文科,,,505,32293,
6129,西安邮电大学,2023,四川,本科二批,文科,,,532,10591,
6134,陕西学前师范学院,2023,四川,本科二批,文科,,,508,27412,
6135,西安医学院,2023,四川,本科二批,文科,,,511,29438,
6136,商洛学院,2023,四川,本科二批,文科,,,502,37574,
6137,宝鸡文理学院,2023,四川,本科二批,文科,,,489,44207,
6139,陕西理工大学,2023,四川,本科二批,文科,,,522,17772,
6140,西安财经大学,2023,四川,本科二批,文科,,,532,16825,
6150,西安信息职业大学,2023,四川,本科二批,文科,,,471,63251,
6153,西安欧亚学院,2023,四川,本科二批,文科,,,464,53105,
6154,西安翻译学院,2023,四川,本科二批,文科,,,478,50440,
6155,西安外事学院,2023,四川,本科二批,文科,,,480,44207,
6156,西京学院,2023,四川,本科二批,文科,,,496,39245,
6164,西安思源学院,2023,四川,本科二批,文科,,,486,47738,
6165,陕西服装工程学院,2023,四川,本科二批,文科,,,474,62296,
6166,陕西国际商贸学院,2023,四川,本科二批,文科,,,478,53105,
6173,西安汽车职业大学,2023,四川,本科二批,文科,,,468,64186,
6182,西安建筑科技大学华清学院,2023,四川,本科二批,文科,,,484,52218,
6183,陕西科技大学镐京学院,2023,四川,本科二批,文科,,,473,62296,
6185,西安培华学院,2023,四川,本科二批,文科,,,492,45078,
6186,西安文理学院,2023,四川,本科二批,文科,,,507,32293,
6187,西安交通大学城市学院,2023,四川,本科二批,文科,,,492,43375,
6188,西安明德理工学院,2023,四川,本科二批,文科,,,470,62296,
6189,延安大学西安创新学院,2023,四川,本科二批,文科,,,479,57730,
6190,西安工商学院,2023,四川,本科二批,文科,,,480,54000,
6192,西安财经大学行知学院,2023,四川,本科二批,文科,,,478,55888,
6203,甘肃农业大学,2023,四川,本科二批,文科,,,514,28779,
6205,甘肃中医药大学,2023,四川,本科二批,文科,,,509,16825,
6207,兰州城市学院,2023,四川,本科二批,文科,,,504,31513,
6208,陇东学院,2023,四川,本科二批,文科,,,505,33026,
6209,天水师范学院,2023,四川,本科二批,文科,,,511,28779,
6211,兰州财经大学,2023,四川,本科二批,文科,,,517,17772,
6215,甘肃政法大学,2023,四川,本科二批,文科,,,522,13269,
6217,甘肃民族师范学院,2023,四川,本科二批,文科,,,506,33026,
6222,河西学院,2023,四川,本科二批,文科,,,503,21959,
6240,兰州文理学院,2023,四川,本科二批,文科,,,503,28779,
6281,兰州信息科技学院,2023,四川,本科二批,文科,,,469,60402,
6282,兰州工商学院,2023,四川,本科二批,文科,,,472,55888,
6285,兰州博文科技学院,2023,四川,本科二批,文科,,,471,62296,
6304,青海师范大学,2023,四川,本科二批,文科,,,492,20831,
6306,青海民族大学,2023,四川,本科二批,文科,,,505,26767,
6391,青海理工学院,2023,四川,本科二批,文科,,,489,44207,
6405,宁夏师范大学,2023,四川,本科二批,文科,,,513,26767,
6451,宁夏理工学院,2023,四川,本科二批,文科,,,474,56827,
6491,宁夏大学新华学院,2023,四川,本科二批,文科,,,486,46854,
6492,银川科技学院,2023,四川,本科二批,文科,,,471,61365,
6495,银川能源学院,2023,四川,本科二批,文科,,,466,65116,
6503,塔里木大学,2023,四川,本科二批,文科,,,504,33787,
6504,新疆农业大学,2023,四川,本科二批,文科,,,506,30828,
6505,新疆警察学院,2023,四川,本科二批,文科,,,511,30828,
6508,新疆师范大学,2023,四川,本科二批,文科,,,512,21959,
6509,喀什大学,2023,四川,本科二批,文科,,,503,33787,
6510,伊犁师范大学,2023,四川,本科二批,文科,,,481,31513,
6512,新疆财经大学,2023,四川,本科二批,文科,,,509,22544,
6514,新疆艺术学院,2023,四川,本科二批,文科,,,501,38403,
6521,新疆工程学院,2023,四川,本科二批,文科,,,503,36796,
6571,商洛学院,2023,四川,本科二批,文科,,,501,36796,
6581,咸阳师范学院,2023,四川,本科二批,文科,,,484,53105,
6585,新疆第二医学院,2023,四川,本科二批,文科,,,496,42532,
6586,新疆理工学院,2023,四川,本科二批,文科,,,504,36049,
6587,新疆科技学院,2023,四川,本科二批,文科,,,503,36049,
6595,新疆天山职业技术大学,2023,四川,本科二批,文科,,,469,48638,
6599,昌吉学院,2023,四川,本科二批,文科,,,501,36049,
6604,新疆农业大学,2023,四川,本科二批,文科,,,498,40927,
6752,西安交通工程学院,2023,四川,本科二批,文科,,,474,57730,
6771,西安科技大学高新学院,2023,四川,本科二批,文科,,,481,55888,
6911,兰州财经大学,2023,四川,本科二批,文科,,,501,27412,
1317,廊坊师范学院,2023,四川,本科二批预科,文科,,,442,90964,
3125,上海工程技术大学,2023,四川,本科二批预科,文科,,,456,78765,
3154,上海商学院,2023,四川,本科二批预科,文科,,,480,56827,
3234,金陵科技学院,2023,四川,本科二批预科,文科,,,455,79671,
3511,莆田学院,2023,四川,本科二批预科,文科,,,441,88379,
363,西北民族大学,2023,四川,本科二批预科,文科,,,466,69718,
371,大连民族大学,2023,四川,本科二批预科,文科,,,462,73353,
373,北方民族大学,2023,四川,本科二批预科,文科,,,467,68790,
4213,湖北民族大学,2023,四川,本科二批预科,文科,,,455,79671,
5118,川北医学院,2023,四川,本科二批预科,文科,,,444,89248,
5119,成都医学院,2023,四川,本科二批预科,文科,,,437,91773,
5124,内江师范学院,2023,四川,本科二批预科,文科,,,444,89248,
60,陕西师范大学,2023,四川,本科提前批预科,文科,,,548,11312,
5520,四川师范大学,2023,四川,省级公费师范生(本科),文科,,,493,4205,
5522,西华师范大学,2023,四川,省级公费师范生(本科),文科,,,502,6020,
5523,绵阳师范学院,2023,四川,省级公费师范生(本科),文科,,,498,8947,
5524,内江师范学院,2023,四川,省级公费师范生(本科),文科,,,505,14495,
5526,成都师范学院,2023,四川,省级公费师范生(本科),文科,,,486,8363,
5533,乐山师范学院,2023,四川,省级公费师范生(本科),文科,,,502,12446,
5911,成都大学,2023,四川,省级公费师范生(本科),文科,,,495,10256,
211,北京师范大学,2023,四川,高校专项,文科,,,594,1616,
22,东北师范大学,2023,四川,高校专项,文科,,,586,2502,
60,陕西师范大学,2023,四川,高校专项,文科,,,583,2772,
1160,北京经贸职业学院,2023,四川,高职专科,文科,,,376,144034,
1169,北京培黎职业学院,2023,四川,高职专科,文科,,,343,149635,
1171,北京经济技术职业学院,2023,四川,高职专科,文科,,,462,73353,
1186,北京经济管理职业学院,2023,四川,高职专科,文科,,,447,82343,
1190,北京信息职业技术学院,2023,四川,高职专科,文科,,,451,83215,
1191,首钢工学院,2023,四川,高职专科,文科,,,453,77874,
1207,天津师范大学,2023,四川,高职专科,文科,,,475,51320,
1217,天津市职业大学,2023,四川,高职专科,文科,,,455,39245,
1225,天津医学高等专科学校,2023,四川,高职专科,文科,,,460,47738,
1249,天津艺术职业学院,2023,四川,高职专科,文科,,,416,105597,
1251,天津天狮学院,2023,四川,高职专科,文科,,,384,127013,
1253,天津滨海职业学院,2023,四川,高职专科,文科,,,333,155870,
1256,天津轻工职业技术学院,2023,四川,高职专科,文科,,,372,140767,
1258,天津渤海职业技术学院,2023,四川,高职专科,文科,,,332,175886,
1259,天津机电职业技术学院,2023,四川,高职专科,文科,,,363,143214,
1260,天津现代职业技术学院,2023,四川,高职专科,文科,,,395,105597,
1261,天津商务职业学院,2023,四川,高职专科,文科,,,361,48638,
1262,天津工业职业学院,2023,四川,高职专科,文科,,,340,125430,
1264,天津国土资源和房屋职业学院,2023,四川,高职专科,文科,,,289,190236,
1265,天津交通职业学院,2023,四川,高职专科,文科,,,371,142388,
1266,天津铁道职业技术学院,2023,四川,高职专科,文科,,,394,100838,
1267,天津公安警官职业学院,2023,四川,高职专科,文科,,,407,115972,
1268,天津石油职业技术学院,2023,四川,高职专科,文科,,,356,145591,
1269,天津海运职业学院,2023,四川,高职专科,文科,,,328,167505,
1271,天津生物工程职业技术学院,2023,四川,高职专科,文科,,,323,155870,
1272,天津城市建设管理职业技术学院,2023,四川,高职专科,文科,,,316,96719,
1273,天津城市职业学院,2023,四川,高职专科,文科,,,332,145591,
1290,天津滨海汽车工程职业学院,2023,四川,高职专科,文科,,,265,164832,
1305,华北理工大学,2023,四川,高职专科,文科,,,483,54000,
1336,石家庄医学高等专科学校,2023,四川,高职专科,文科,,,341,119135,
1343,唐山海运职业学院,2023,四川,高职专科,文科,,,263,183696,
1348,华北理工大学轻工学院,2023,四川,高职专科,文科,,,432,79671,
1353,承德护理职业学院,2023,四川,高职专科,文科,,,430,90964,
1354,邯郸职业技术学院,2023,四川,高职专科,文科,,,335,173431,
1355,河北旅游职业学院,2023,四川,高职专科,文科,,,321,163433,
1356,河北轨道运输职业技术学院,2023,四川,高职专科,文科,,,378,138304,
1357,石家庄工商职业学院,2023,四川,高职专科,文科,,,262,187581,
1359,石家庄铁路职业技术学院,2023,四川,高职专科,文科,,,382,130952,
1360,河北能源职业技术学院,2023,四川,高职专科,文科,,,346,166877,
1361,石家庄职业技术学院,2023,四川,高职专科,文科,,,350,139926,
1362,石家庄信息工程职业学院,2023,四川,高职专科,文科,,,353,156627,
1364,冀中职业学院,2023,四川,高职专科,文科,,,281,192286,
1370,曹妃甸职业技术学院,2023,四川,高职专科,文科,,,276,200158,
1371,石家庄城市经济职业学院,2023,四川,高职专科,文科,,,274,200769,
1372,秦皇岛职业技术学院,2023,四川,高职专科,文科,,,333,172734,
1374,廊坊卫生职业学院,2023,四川,高职专科,文科,,,404,90964,
1377,河北交通职业技术学院,2023,四川,高职专科,文科,,,361,146370,
1378,河北化工医药职业技术学院,2023,四川,高职专科,文科,,,361,142388,
1379,河北对外经贸职业学院,2023,四川,高职专科,文科,,,233,206252,
1380,石家庄人民医学高等专科学校,2023,四川,高职专科,文科,,,356,152046,
1383,承德应用技术职业学院,2023,四川,高职专科,文科,,,274,200769,
1384,河北正定师范高等专科学校,2023,四川,高职专科,文科,,,362,154318,
1387,石家庄科技信息职业学院,2023,四川,高职专科,文科,,,309,149635,
1399,唐山幼儿师范高等专科学校,2023,四川,高职专科,文科,,,370,140767,
1429,山西省财政税务专科学校,2023,四川,高职专科,文科,,,383,106453,
1449,忻州职业技术学院,2023,四川,高职专科,文科,,,377,130176,
1453,山西工程职业学院,2023,四川,高职专科,文科,,,338,166877,
1455,晋中职业技术学院,2023,四川,高职专科,文科,,,361,155870,
1459,山西职业技术学院,2023,四川,高职专科,文科,,,373,113582,
1461,山西管理职业学院,2023,四川,高职专科,文科,,,290,188479,
1464,山西老区职业技术学院,2023,四川,高职专科,文科,,,263,203823,
1466,山西机电职业技术学院,2023,四川,高职专科,文科,,,333,175279,
1469,临汾职业技术学院,2023,四川,高职专科,文科,,,361,149635,
1470,山西铁道职业技术学院,2023,四川,高职专科,文科,,,378,107203,
1471,太原城市职业技术学院,2023,四川,高职专科,文科,,,307,188936,
1472,山西国际商务职业学院,2023,四川,高职专科,文科,,,304,183696,
1475,山西体育职业学院,2023,四川,高职专科,文科,,,336,170811,
1477,运城护理职业学院,2023,四川,高职专科,文科,,,427,103170,
1479,阳泉职业技术学院,2023,四川,高职专科,文科,,,322,172734,
1480,阳泉师范高等专科学校,2023,四川,高职专科,文科,,,383,135800,
1481,太原幼儿师范高等专科学校,2023,四川,高职专科,文科,,,385,134152,
1493,山西同文职业技术学院,2023,四川,高职专科,文科,,,233,200158,
1497,运城幼儿师范高等专科学校,2023,四川,高职专科,文科,,,388,127826,
1551,包头职业技术学院,2023,四川,高职专科,文科,,,307,183696,
1552,内蒙古建筑职业技术学院,2023,四川,高职专科,文科,,,313,164832,
1555,包头铁道职业技术学院,2023,四川,高职专科,文科,,,342,103170,
1558,赤峰工业职业技术学院,2023,四川,高职专科,文科,,,248,191867,
1559,兴安职业技术学院,2023,四川,高职专科,文科,,,321,180557,
1560,呼和浩特职业学院,2023,四川,高职专科,文科,,,308,180028,
1561,满洲里俄语职业学院,2023,四川,高职专科,文科,,,267,191072,
1689,石家庄邮电职业技术学院,2023,四川,高职专科,文科,,,421,67864,
1752,河北科技工程职业技术大学,2023,四川,高职专科,文科,,,341,161967,
1835,北京中医药大学东方学院,2023,四川,高职专科,文科,,,420,108862,
1836,石家庄医学高等专科学校,2023,四川,高职专科,文科,,,336,173431,
1838,沧州幼儿师范高等专科学校,2023,四川,高职专科,文科,,,296,189354,
1839,石家庄幼儿师范高等专科学校,2023,四川,高职专科,文科,,,354,161239,
1841,河北司法警官职业学院,2023,四川,高职专科,文科,,,412,111991,
1844,沧州医学高等专科学校,2023,四川,高职专科,文科,,,446,77874,
1846,宣化科技职业学院,2023,四川,高职专科,文科,,,327,169531,
1847,河北软件职业技术学院,2023,四川,高职专科,文科,,,335,174080,
1849,保定幼儿师范高等专科学校,2023,四川,高职专科,文科,,,391,115182,
1850,廊坊燕京职业技术学院,2023,四川,高职专科,文科,,,323,169531,
1854,张家口职业技术学院,2023,四川,高职专科,文科,,,295,192684,
1857,河北女子职业技术学院,2023,四川,高职专科,文科,,,354,161239,
1858,唐山职业技术学院,2023,四川,高职专科,文科,,,421,100838,
1860,廊坊职业技术学院,2023,四川,高职专科,文科,,,216,211680,
1908,内蒙古北方职业技术学院,2023,四川,高职专科,文科,,,296,148803,
1917,山西金融职业学院,2023,四川,高职专科,文科,,,239,197283,
1920,内蒙古交通职业技术学院,2023,四川,高职专科,文科,,,298,180028,
2127,鞍山师范学院,2023,四川,高职专科,文科,,,454,79671,
2130,铁岭师范高等专科学校,2023,四川,高职专科,文科,,,323,78765,
2132,抚顺师范高等专科学校,2023,四川,高职专科,文科,,,379,134986,
2133,朝阳师范学院,2023,四川,高职专科,文科,,,344,93478,
2137,辽宁省交通高等专科学校,2023,四川,高职专科,文科,,,335,118331,
2146,辽宁农业职业技术学院,2023,四川,高职专科,文科,,,338,117509,
2152,沈阳职业技术学院,2023,四川,高职专科,文科,,,321,139128,
2153,辽宁特殊教育师范高等专科学校,2023,四川,高职专科,文科,,,311,186633,
2154,辽宁经济职业技术学院,2023,四川,高职专科,文科,,,307,179437,
2155,大连职业技术学院,2023,四川,高职专科,文科,,,317,171469,
2157,辽宁民族师范高等专科学校,2023,四川,高职专科,文科,,,340,127013,
2158,辽阳职业技术学院,2023,四川,高职专科,文科,,,266,188039,
2159,辽东学院,2023,四川,高职专科,文科,,,432,99208,
2161,大连汽车职业技术学院,2023,四川,高职专科,文科,,,244,174717,
2162,营口职业技术学院,2023,四川,高职专科,文科,,,351,152046,
2163,辽宁医药职业学院,2023,四川,高职专科,文科,,,413,95897,
2164,辽宁金融职业学院,2023,四川,高职专科,文科,,,230,84052,
2166,辽宁工程职业学院,2023,四川,高职专科,文科,,,281,187094,
2167,抚顺职业技术学院,2023,四川,高职专科,文科,,,247,202503,
2168,渤海船舶职业学院,2023,四川,高职专科,文科,,,320,170175,
2169,铁岭卫生职业学院,2023,四川,高职专科,文科,,,339,164832,
2170,辽宁职业学院,2023,四川,高职专科,文科,,,330,174717,
2171,大连装备制造职业技术学院,2023,四川,高职专科,文科,,,207,213862,
2172,辽宁建筑职业学院,2023,四川,高职专科,文科,,,299,127013,
2173,辽宁地质工程职业学院,2023,四川,高职专科,文科,,,265,197283,
2174,辽宁城市建设职业技术学院,2023,四川,高职专科,文科,,,268,202503,
2175,辽宁传媒学院,2023,四川,高职专科,文科,,,275,184720,
2176,盘锦职业技术学院,2023,四川,高职专科,文科,,,321,181606,
2177,沈阳北软信息职业技术学院,2023,四川,高职专科,文科,,,240,191867,
2178,辽宁冶金职业技术学院,2023,四川,高职专科,文科,,,156,210209,
2179,锦州师范高等专科学校,2023,四川,高职专科,文科,,,341,133310,
2180,大连枫叶职业技术学院,2023,四川,高职专科,文科,,,291,174080,
2183,大连财经学院,2023,四川,高职专科,文科,,,150,185215,
2185,大连软件职业学院,2023,四川,高职专科,文科,,,241,160470,
2186,阜新高等专科学校,2023,四川,高职专科,文科,,,346,165471,
2189,辽宁理工学院,2023,四川,高职专科,文科,,,452,80540,
2190,大连科技学院,2023,四川,高职专科,文科,,,280,193051,
2191,辽宁何氏医学院,2023,四川,高职专科,文科,,,278,199565,
2192,沈阳工学院,2023,四川,高职专科,文科,,,305,187581,
2196,沈阳城市建设学院,2023,四川,高职专科,文科,,,251,206711,
2198,辽宁生态工程职业学院,2023,四川,高职专科,文科,,,285,163433,
2227,长春金融高等专科学校,2023,四川,高职专科,文科,,,375,97589,
2233,长春医学高等专科学校,2023,四川,高职专科,文科,,,431,92624,
2234,白城医学高等专科学校,2023,四川,高职专科,文科,,,473,63251,
2253,长春健康职业学院,2023,四川,高职专科,文科,,,258,205124,
2254,松原职业技术学院,2023,四川,高职专科,文科,,,304,190236,
2256,吉林工业职业技术学院,2023,四川,高职专科,文科,,,325,180028,
2257,吉林司法警官职业学院,2023,四川,高职专科,文科,,,393,125430,
2259,吉林铁道职业技术学院,2023,四川,高职专科,文科,,,393,118331,
2278,吉林水利电力职业学院,2023,四川,高职专科,文科,,,354,161239,
2284,长春科技学院,2023,四川,高职专科,文科,,,284,197639,
2287,白城职业技术学院,2023,四川,高职专科,文科,,,348,165471,
2294,辽源职业技术学院,2023,四川,高职专科,文科,,,310,187094,
2296,长春师范高等专科学校,2023,四川,高职专科,文科,,,389,108862,
2297,吉林电子信息职业技术学院,2023,四川,高职专科,文科,,,368,150434,
2306,东北石油大学,2023,四川,高职专科,文科,,,481,40927,
2328,齐齐哈尔高等师范专科学校,2023,四川,高职专科,文科,,,373,136650,
2332,大庆医学高等专科学校,2023,四川,高职专科,文科,,,409,103949,
2335,黑龙江护理高等专科学校,2023,四川,高职专科,文科,,,404,89248,
2340,牡丹江大学,2023,四川,高职专科,文科,,,312,177059,
2351,黑龙江建筑职业技术学院,2023,四川,高职专科,文科,,,342,114380,
2352,佳木斯职业学院,2023,四川,高职专科,文科,,,272,201367,
2353,黑龙江农垦职业学院,2023,四川,高职专科,文科,,,304,127826,
2355,黑龙江交通职业技术学院,2023,四川,高职专科,文科,,,339,161239,
2356,黑龙江司法警官职业学院,2023,四川,高职专科,文科,,,392,126205,
2357,黑龙江农业工程职业学院,2023,四川,高职专科,文科,,,276,187094,
2359,哈尔滨职业技术大学,2023,四川,高职专科,文科,,,329,95897,
2362,哈尔滨铁道职业技术学院,2023,四川,高职专科,文科,,,364,150434,
2365,黑龙江农业经济职业学院,2023,四川,高职专科,文科,,,293,184720,
2368,黑龙江职业学院,2023,四川,高职专科,文科,,,329,73353,
2369,黑龙江旅游职业技术学院,2023,四川,高职专科,文科,,,262,203823,
2370,伊春职业学院,2023,四川,高职专科,文科,,,350,117509,
2372,长春早期教育职业学院,2023,四川,高职专科,文科,,,289,196000,
2373,大庆职业学院,2023,四川,高职专科,文科,,,279,90135,
2374,黑龙江艺术职业学院,2023,四川,高职专科,文科,,,271,201657,
2376,黑龙江能源职业学院,2023,四川,高职专科,文科,,,202,212395,
2379,大兴安岭职业学院,2023,四川,高职专科,文科,,,322,176490,
2393,哈尔滨幼儿师范高等专科学校,2023,四川,高职专科,文科,,,314,166184,
2395,鹤岗师范高等专科学校,2023,四川,高职专科,文科,,,346,151225,
2396,黑龙江林业职业技术学院,2023,四川,高职专科,文科,,,245,205808,
2398,哈尔滨应用职业技术学院,2023,四川,高职专科,文科,,,216,163433,
2399,黑龙江民族职业学院,2023,四川,高职专科,文科,,,283,184720,
2441,黑龙江生态工程职业学院,2023,四川,高职专科,文科,,,256,167505,
2442,哈尔滨科学技术职业学院,2023,四川,高职专科,文科,,,335,165471,
2446,黑龙江农业职业技术学院,2023,四川,高职专科,文科,,,263,196978,
2447,黑龙江幼儿师范高等专科学校,2023,四川,高职专科,文科,,,353,155120,
2551,辽宁现代服务职业技术学院,2023,四川,高职专科,文科,,,278,179437,
2553,大连航运职业技术学院,2023,四川,高职专科,文科,,,260,191867,
2554,辽宁广告职业学院,2023,四川,高职专科,文科,,,177,186633,
2555,辽宁理工职业大学,2023,四川,高职专科,文科,,,230,200158,
2558,辽宁机电职业技术学院,2023,四川,高职专科,文科,,,340,127013,
2560,辽宁轻工职业学院,2023,四川,高职专科,文科,,,295,174080,
2802,通化医药健康职业学院,2023,四川,高职专科,文科,,,366,130952,
3119,上海旅游高等专科学校,2023,四川,高职专科,文科,,,404,103170,
3135,上海出版印刷高等专科学校,2023,四川,高职专科,文科,,,447,84908,
3140,上海杉达学院,2023,四川,高职专科,文科,,,449,81438,
3151,上海城建职业学院,2023,四川,高职专科,文科,,,402,97589,
3153,上海交通职业技术学院,2023,四川,高职专科,文科,,,399,105597,
3156,上海济光职业技术学院,2023,四川,高职专科,文科,,,186,210209,
3157,上海建桥学院,2023,四川,高职专科,文科,,,336,141583,
3158,上海工商外国语职业学院,2023,四川,高职专科,文科,,,202,180028,
3159,上海东海职业技术学院,2023,四川,高职专科,文科,,,233,210209,
3160,上海工商职业技术学院,2023,四川,高职专科,文科,,,312,186633,
3161,上海电子信息职业技术学院,2023,四川,高职专科,文科,,,399,96719,
3162,上海震旦职业学院,2023,四川,高职专科,文科,,,324,136650,
3164,上海行健职业学院,2023,四川,高职专科,文科,,,413,112784,
3165,上海中侨职业技术大学,2023,四川,高职专科,文科,,,218,174717,
3170,上海邦德职业技术学院,2023,四川,高职专科,文科,,,261,179437,
3171,上海思博职业技术学院,2023,四川,高职专科,文科,,,252,197639,
3174,上海工艺美术职业学院,2023,四川,高职专科,文科,,,449,80540,
3177,上海科学技术职业学院,2023,四川,高职专科,文科,,,445,85722,
3184,上海农林职业技术学院,2023,四川,高职专科,文科,,,379,100016,
3232,南通科技职业学院,2023,四川,高职专科,文科,,,349,127013,
3236,镇江市高等专科学校,2023,四川,高职专科,文科,,,389,95083,
3238,江苏城乡建设职业学院,2023,四川,高职专科,文科,,,320,181105,
3242,连云港师范高等专科学校,2023,四川,高职专科,文科,,,454,77874,
3246,扬州市职业大学,2023,四川,高职专科,文科,,,375,136650,
3251,南京信息职业技术学院,2023,四川,高职专科,文科,,,441,54985,
3252,连云港职业技术学院,2023,四川,高职专科,文科,,,368,150434,
3255,江苏农牧科技职业学院,2023,四川,高职专科,文科,,,439,65116,
3256,江苏医药职业学院,2023,四川,高职专科,文科,,,452,78765,
3257,常州工程职业技术学院,2023,四川,高职专科,文科,,,376,128608,
3259,扬州工业职业技术学院,2023,四川,高职专科,文科,,,348,165471,
3261,常州信息职业技术学院,2023,四川,高职专科,文科,,,440,84908,
3263,江苏航空职业技术学院,2023,四川,高职专科,文科,,,366,135800,
3265,江苏工程职业技术学院,2023,四川,高职专科,文科,,,414,92624,
3266,苏州工业园区职业技术学院,2023,四川,高职专科,文科,,,268,185215,
3267,太湖创意职业技术学院,2023,四川,高职专科,文科,,,171,211680,
3269,江苏农林职业技术学院,2023,四川,高职专科,文科,,,444,89248,
3270,明达职业技术学院,2023,四川,高职专科,文科,,,241,208774,
3273,九州职业技术学院,2023,四川,高职专科,文科,,,333,175279,
3274,江苏经贸职业技术学院,2023,四川,高职专科,文科,,,453,80540,
3275,苏州工业职业技术学院,2023,四川,高职专科,文科,,,392,127826,
3277,南京科技职业学院,2023,四川,高职专科,文科,,,415,90135,
3278,泰州职业技术学院,2023,四川,高职专科,文科,,,382,110436,
3279,常州机电职业技术学院,2023,四川,高职专科,文科,,,407,101594,
3280,江苏电子信息职业学院,2023,四川,高职专科,文科,,,355,155870,
3281,南京铁道职业技术学院,2023,四川,高职专科,文科,,,466,58591,
3283,徐州幼儿师范高等专科学校,2023,四川,高职专科,文科,,,386,134986,
3284,徐州工业职业技术学院,2023,四川,高职专科,文科,,,368,130952,
3285,江苏食品药品职业技术学院,2023,四川,高职专科,文科,,,378,131724,
3287,硅湖职业技术学院,2023,四川,高职专科,文科,,,269,188039,
3336,宁波卫生职业技术学院,2023,四川,高职专科,文科,,,443,83215,
3339,温州科技职业学院,2023,四川,高职专科,文科,,,423,106453,
3342,温州商学院,2023,四川,高职专科,文科,,,441,84052,
3343,浙江国际海运职业技术学院,2023,四川,高职专科,文科,,,363,154318,
3344,台州科技职业学院,2023,四川,高职专科,文科,,,379,141583,
3345,南京城市职业学院,2023,四川,高职专科,文科,,,436,83215,
3346,浙江邮电职业技术学院,2023,四川,高职专科,文科,,,391,125430,
3351,浙江金融职业学院,2023,四川,高职专科,文科,,,460,71555,
3352,浙江交通职业技术学院,2023,四川,高职专科,文科,,,429,97589,
3354,宁波职业技术学院,2023,四川,高职专科,文科,,,444,63251,
3355,宁波城市职业技术学院,2023,四川,高职专科,文科,,,386,121507,
3356,温州职业技术学院,2023,四川,高职专科,文科,,,435,79671,
3359,浙江商业职业技术学院,2023,四川,高职专科,文科,,,440,88379,
3360,浙江工贸职业技术学院,2023,四川,高职专科,文科,,,438,93478,
3363,浙江旅游职业学院,2023,四川,高职专科,文科,,,382,139128,
3367,嘉兴南洋职业技术学院,2023,四川,高职专科,文科,,,331,176490,
3368,杭州科技职业技术学院,2023,四川,高职专科,文科,,,440,81438,
3370,义乌工商职业技术学院,2023,四川,高职专科,文科,,,408,106453,
3371,湖州职业技术学院,2023,四川,高职专科,文科,,,363,154318,
3372,浙江建设职业技术学院,2023,四川,高职专科,文科,,,444,88379,
3374,浙江工商职业技术学院,2023,四川,高职专科,文科,,,429,94260,
3377,杭州职业技术学院,2023,四川,高职专科,文科,,,463,66943,
3378,浙江特殊教育职业学院,2023,四川,高职专科,文科,,,426,95083,
3384,浙江广厦建设职业技术大学,2023,四川,高职专科,文科,,,354,161239,
3425,安徽中医药高等专科学校,2023,四川,高职专科,文科,,,453,74268,
3426,马鞍山师范高等专科学校,2023,四川,高职专科,文科,,,330,174080,
3430,淮南联合大学,2023,四川,高职专科,文科,,,432,90135,
3451,安徽职业技术学院,2023,四川,高职专科,文科,,,352,158965,
3458,安庆医药高等专科学校,2023,四川,高职专科,文科,,,432,83215,
3460,安徽警官职业学院,2023,四川,高职专科,文科,,,442,90964,
3464,阜阳科技职业学院,2023,四川,高职专科,文科,,,327,178866,
3468,安徽粮食工程职业学院,2023,四川,高职专科,文科,,,446,87512,
3470,安徽审计职业学院,2023,四川,高职专科,文科,,,370,146370,
3474,安徽医学高等专科学校,2023,四川,高职专科,文科,,,452,45991,
3475,安徽工业经济职业技术学院,2023,四川,高职专科,文科,,,340,170811,
3476,合肥通用职业技术学院,2023,四川,高职专科,文科,,,309,177617,
3479,宣城职业技术学院,2023,四川,高职专科,文科,,,369,147988,
3484,蚌埠经济技术职业学院,2023,四川,高职专科,文科,,,309,172102,
3486,安徽汽车职业技术学院,2023,四川,高职专科,文科,,,348,157421,
3487,皖西卫生职业学院,2023,四川,高职专科,文科,,,398,121507,
3488,安徽电子信息职业技术学院,2023,四川,高职专科,文科,,,325,175886,
3495,安徽新闻出版职业技术学院,2023,四川,高职专科,文科,,,353,145591,
3497,宿州职业技术学院,2023,四川,高职专科,文科,,,354,161239,
3498,合肥共达职业技术学院,2023,四川,高职专科,文科,,,270,109656,
3499,合肥幼儿师范高等专科学校,2023,四川,高职专科,文科,,,419,107203,
3523,泉州工程职业技术学院,2023,四川,高职专科,文科,,,331,175279,
3524,福建卫生职业技术学院,2023,四川,高职专科,文科,,,413,92624,
3525,湄洲湾职业技术学院,2023,四川,高职专科,文科,,,313,181105,
3544,福建农业职业技术学院,2023,四川,高职专科,文科,,,327,178866,
3545,闽江师范高等专科学校,2023,四川,高职专科,文科,,,445,73353,
3546,闽西职业技术学院,2023,四川,高职专科,文科,,,362,155120,
3547,厦门城市职业学院,2023,四川,高职专科,文科,,,429,74268,
3548,福建林业职业技术学院,2023,四川,高职专科,文科,,,333,170175,
3552,福建船政交通职业学院,2023,四川,高职专科,文科,,,384,136650,
3554,福州墨尔本理工职业学院,2023,四川,高职专科,文科,,,343,147988,
3555,厦门兴才职业技术学院,2023,四川,高职专科,文科,,,280,198920,
3556,福建华南女子职业学院,2023,四川,高职专科,文科,,,260,193458,
3557,泉州纺织服装职业学院,2023,四川,高职专科,文科,,,249,155870,
3558,漳州职业技术学院,2023,四川,高职专科,文科,,,413,85722,
3559,泉州幼儿师范高等专科学校,2023,四川,高职专科,文科,,,392,126205,
3561,福州软件职业技术学院,2023,四川,高职专科,文科,,,220,168193,
3562,厦门东海职业技术学院,2023,四川,高职专科,文科,,,294,178235,
3563,宁德职业技术学院,2023,四川,高职专科,文科,,,334,125430,
3564,三明医学科技职业学院,2023,四川,高职专科,文科,,,365,127013,
3565,泉州工艺美术职业学院,2023,四川,高职专科,文科,,,291,195244,
3566,福建生物工程职业技术学院,2023,四川,高职专科,文科,,,299,192286,
3567,厦门华天涉外职业技术学院,2023,四川,高职专科,文科,,,229,182695,
3568,泉州经贸职业技术学院,2023,四川,高职专科,文科,,,298,189791,
3572,武夷山职业学院,2023,四川,高职专科,文科,,,227,153563,
3576,泉州轻工职业学院,2023,四川,高职专科,文科,,,251,184720,
3577,闽北职业技术学院,2023,四川,高职专科,文科,,,279,189791,
3578,福州英华职业学院,2023,四川,高职专科,文科,,,250,183173,
3579,泉州华光职业学院,2023,四川,高职专科,文科,,,248,206939,
3580,泉州海洋职业学院,2023,四川,高职专科,文科,,,238,205124,
3581,厦门南洋职业学院,2023,四川,高职专科,文科,,,191,191444,
3582,厦门安防科技职业学院,2023,四川,高职专科,文科,,,220,194193,
3583,漳州科技职业学院,2023,四川,高职专科,文科,,,222,209174,
3585,福建水利电力职业技术学院,2023,四川,高职专科,文科,,,350,118331,
3586,福建信息职业技术学院,2023,四川,高职专科,文科,,,398,121507,
3587,福州职业技术学院,2023,四川,高职专科,文科,,,399,86611,
3588,漳州卫生职业学院,2023,四川,高职专科,文科,,,441,78765,
3589,漳州城市职业学院,2023,四川,高职专科,文科,,,327,123845,
3598,黎明职业大学,2023,四川,高职专科,文科,,,375,129428,
3621,江西医学高等专科学校,2023,四川,高职专科,文科,,,430,86611,
3625,宜春幼儿师范高等专科学校,2023,四川,高职专科,文科,,,430,94260,
3627,赣州师范高等专科学校,2023,四川,高职专科,文科,,,453,73353,
3629,赣州职业技术学院,2023,四川,高职专科,文科,,,353,139926,
3635,江西机电职业技术学院,2023,四川,高职专科,文科,,,334,166877,
3637,豫章师范学院,2023,四川,高职专科,文科,,,472,33026,
3638,抚州幼儿师范高等专科学校,2023,四川,高职专科,文科,,,396,119921,
3639,上饶幼儿师范高等专科学校,2023,四川,高职专科,文科,,,404,99208,
3640,江西中医药高等专科学校,2023,四川,高职专科,文科,,,424,98423,
3643,江西应用工程职业学院,2023,四川,高职专科,文科,,,287,195607,
3645,抚州职业技术学院,2023,四川,高职专科,文科,,,339,170175,
3646,九江职业大学,2023,四川,高职专科,文科,,,412,88379,
3647,赣南卫生健康职业学院,2023,四川,高职专科,文科,,,431,83215,
3648,江西师范高等专科学校,2023,四川,高职专科,文科,,,457,75185,
3650,江西水利职业学院,2023,四川,高职专科,文科,,,366,152046,
3651,江西传媒职业学院,2023,四川,高职专科,文科,,,337,161967,
3652,江西工业工程职业技术学院,2023,四川,高职专科,文科,,,324,180557,
3653,江西应用科技学院,2023,四川,高职专科,文科,,,278,199565,
3656,南昌理工学院,2023,四川,高职专科,文科,,,360,132560,
3657,江西司法警官职业学院,2023,四川,高职专科,文科,,,419,103949,
3658,江西工业职业技术学院,2023,四川,高职专科,文科,,,323,179437,
3659,江西工商职业技术学院,2023,四川,高职专科,文科,,,279,181105,
3660,江西建设职业技术学院,2023,四川,高职专科,文科,,,369,135800,
3661,江西职业技术大学,2023,四川,高职专科,文科,,,410,100838,
3662,江西生物科技职业学院,2023,四川,高职专科,文科,,,336,170811,
3663,江西环境工程职业学院,2023,四川,高职专科,文科,,,346,151225,
3664,江西信息应用职业技术学院,2023,四川,高职专科,文科,,,374,145591,
3665,江西农业工程职业学院,2023,四川,高职专科,文科,,,367,135800,
3667,江西新能源科技职业学院,2023,四川,高职专科,文科,,,251,206711,
3668,江西财经职业学院,2023,四川,高职专科,文科,,,374,134986,
3669,江西应用技术职业学院,2023,四川,高职专科,文科,,,373,132560,
3670,吉安职业技术学院,2023,四川,高职专科,文科,,,364,120722,
3673,南昌工学院,2023,四川,高职专科,文科,,,352,161967,
3674,南昌职业大学,2023,四川,高职专科,文科,,,210,163433,
3676,江西科技职业学院,2023,四川,高职专科,文科,,,387,134986,
3677,江西外语外贸职业学院,2023,四川,高职专科,文科,,,348,125430,
3678,江西冶金职业技术学院,2023,四川,高职专科,文科,,,313,135800,
3679,江西青年职业学院,2023,四川,高职专科,文科,,,332,170175,
3681,江西现代职业技术学院,2023,四川,高职专科,文科,,,359,152797,
3683,共青科技职业学院,2023,四川,高职专科,文科,,,260,180028,
3684,江西枫林涉外经贸职业学院,2023,四川,高职专科,文科,,,323,119921,
3685,宜春职业技术学院,2023,四川,高职专科,文科,,,405,104766,
3699,江西软件职业技术大学,2023,四川,高职专科,文科,,,282,185215,
3741,山东理工职业学院,2023,四川,高职专科,文科,,,291,193458,
3745,山东中医药高等专科学校,2023,四川,高职专科,文科,,,443,86611,
3748,山东水利职业学院,2023,四川,高职专科,文科,,,345,162690,
3749,齐鲁医药学院,2023,四川,高职专科,文科,,,444,77874,
3751,山东商业职业技术学院,2023,四川,高职专科,文科,,,301,115182,
3752,山东畜牧兽医职业学院,2023,四川,高职专科,文科,,,415,112784,
3753,山东城市建设职业学院,2023,四川,高职专科,文科,,,330,166877,
3756,山东服装职业学院,2023,四川,高职专科,文科,,,172,209502,
3757,青岛职业技术学院,2023,四川,高职专科,文科,,,375,129428,
3758,山东外贸职业学院,2023,四川,高职专科,文科,,,379,92624,
3760,山东力明科技职业学院,2023,四川,高职专科,文科,,,315,134986,
3761,日照职业技术学院,2023,四川,高职专科,文科,,,388,121507,
3762,威海职业学院,2023,四川,高职专科,文科,,,332,170811,
3763,东营职业学院,2023,四川,高职专科,文科,,,274,194193,
3764,山东旅游职业学院,2023,四川,高职专科,文科,,,343,160470,
3765,山东药品食品职业学院,2023,四川,高职专科,文科,,,385,127826,
3768,曲阜远东职业技术学院,2023,四川,高职专科,文科,,,306,177617,
3770,济南护理职业学院,2023,四川,高职专科,文科,,,423,105597,
3771,山东交通职业学院,2023,四川,高职专科,文科,,,305,185668,
3772,日照航海工程职业学院,2023,四川,高职专科,文科,,,206,194193,
3773,菏泽家政职业学院,2023,四川,高职专科,文科,,,325,178235,
3774,山东商务职业学院,2023,四川,高职专科,文科,,,340,167505,
3778,莱芜职业技术学院,2023,四川,高职专科,文科,,,342,155870,
3779,山东圣翰财贸职业学院,2023,四川,高职专科,文科,,,315,147988,
3780,山东外国语职业技术大学,2023,四川,高职专科,文科,,,185,159735,
3782,青岛酒店管理职业技术学院,2023,四川,高职专科,文科,,,364,153563,
3783,山东英才学院,2023,四川,高职专科,文科,,,162,164147,
3784,烟台南山学院,2023,四川,高职专科,文科,,,245,207799,
3786,山东协和学院,2023,四川,高职专科,文科,,,329,89248,
3787,青岛港湾职业技术学院,2023,四川,高职专科,文科,,,347,165471,
3789,青岛求实职业技术学院,2023,四川,高职专科,文科,,,231,156627,
3790,青岛黄海学院,2023,四川,高职专科,文科,,,228,112784,
3791,山东海事职业学院,2023,四川,高职专科,文科,,,229,155870,
3795,齐鲁理工学院,2023,四川,高职专科,文科,,,349,164832,
3816,济南幼儿师范高等专科学校,2023,四川,高职专科,文科,,,362,139926,
3818,烟台工程职业技术学院,2023,四川,高职专科,文科,,,178,191867,
3819,滨州科技职业学院,2023,四川,高职专科,文科,,,223,153563,
382,新疆生产建设兵团兴新职业技术学院,2023,四川,高职专科,文科,,,391,58591,
3822,赣州师范高等专科学校,2023,四川,高职专科,文科,,,324,180557,
3846,上海旅游高等专科学校,2023,四川,高职专科,文科,,,276,200158,
3847,九江理工职业学院,2023,四川,高职专科,文科,,,218,120722,
3848,安徽城市管理职业学院,2023,四川,高职专科,文科,,,346,112784,
3849,淮南职业技术学院,2023,四川,高职专科,文科,,,333,174080,
3854,苏州经贸职业技术学院,2023,四川,高职专科,文科,,,442,76084,
3855,苏州卫生职业技术学院,2023,四川,高职专科,文科,,,460,74268,
3857,桐城师范高等专科学校,2023,四川,高职专科,文科,,,386,135800,
3859,常州工业职业技术学院,2023,四川,高职专科,文科,,,343,163433,
3863,金肯职业技术学院,2023,四川,高职专科,文科,,,267,202763,
3869,安徽矿业职业技术学院,2023,四川,高职专科,文科,,,276,200158,
3870,盐城工业职业技术学院,2023,四川,高职专科,文科,,,328,176490,
3872,青岛工程职业学院,2023,四川,高职专科,文科,,,359,125430,
3875,南京旅游职业学院,2023,四川,高职专科,文科,,,361,116722,
3876,江苏卫生健康职业学院,2023,四川,高职专科,文科,,,451,81438,
3878,宿迁泽达职业技术学院,2023,四川,高职专科,文科,,,297,134986,
3879,苏州工业园区服务外包职业学院,2023,四川,高职专科,文科,,,393,130176,
3881,宿州航空职业学院,2023,四川,高职专科,文科,,,208,173431,
3909,青岛航空科技职业学院,2023,四川,高职专科,文科,,,213,207799,
3910,江海职业技术学院,2023,四川,高职专科,文科,,,284,197639,
3911,无锡南洋职业技术学院,2023,四川,高职专科,文科,,,283,170811,
3912,南京机电职业技术学院,2023,四川,高职专科,文科,,,411,91773,
3913,常州纺织服装职业技术学院,2023,四川,高职专科,文科,,,313,180028,
3914,江苏城市职业学院,2023,四川,高职专科,文科,,,425,79671,
3924,南通职业大学,2023,四川,高职专科,文科,,,429,94260,
3926,江苏旅游职业学院,2023,四川,高职专科,文科,,,342,155120,
3927,盐城幼儿师范高等专科学校,2023,四川,高职专科,文科,,,366,88379,
3928,江苏商贸职业学院,2023,四川,高职专科,文科,,,386,102351,
3929,扬州中瑞酒店职业学院,2023,四川,高职专科,文科,,,292,194888,
3931,江苏财经职业技术学院,2023,四川,高职专科,文科,,,359,140767,
3933,台州职业技术学院,2023,四川,高职专科,文科,,,351,163433,
3935,浙江纺织服装职业技术学院,2023,四川,高职专科,文科,,,419,109656,
3944,徽商职业学院,2023,四川,高职专科,文科,,,310,183696,
3946,安徽卫生健康职业学院,2023,四川,高职专科,文科,,,390,128608,
3949,南通师范高等专科学校,2023,四川,高职专科,文科,,,358,90964,
3951,江西交通职业技术学院,2023,四川,高职专科,文科,,,373,123845,
3952,江西工程职业学院,2023,四川,高职专科,文科,,,318,179437,
3953,江西航空职业技术学院,2023,四川,高职专科,文科,,,345,167505,
3955,萍乡卫生职业学院,2023,四川,高职专科,文科,,,402,74268,
3956,江西婺源茶业职业学院,2023,四川,高职专科,文科,,,312,167505,
3957,江西应用科技学院,2023,四川,高职专科,文科,,,190,215505,
3958,苏州百年职业学院,2023,四川,高职专科,文科,,,290,170811,
3959,宿迁职业技术学院,2023,四川,高职专科,文科,,,291,184720,
3961,潍坊环境工程职业学院,2023,四川,高职专科,文科,,,172,204378,
3966,江西电力职业技术学院,2023,四川,高职专科,文科,,,445,88379,
3968,江苏财会职业学院,2023,四川,高职专科,文科,,,409,116722,
397,中国劳动关系学院,2023,四川,高职专科,文科,,,470,66006,
3970,潍坊科技学院,2023,四川,高职专科,文科,,,269,164832,
3971,东营科技职业学院,2023,四川,高职专科,文科,,,253,179437,
3972,枣庄科技职业学院,2023,四川,高职专科,文科,,,273,196355,
3973,皖北卫生职业学院,2023,四川,高职专科,文科,,,390,127826,
3974,潍坊工程职业学院,2023,四川,高职专科,文科,,,299,166184,
3975,江苏护理职业学院,2023,四川,高职专科,文科,,,435,84052,
3976,枣庄职业学院,2023,四川,高职专科,文科,,,422,87512,
3978,潍坊理工学院,2023,四川,高职专科,文科,,,265,196655,
3979,正德职业技术学院,2023,四川,高职专科,文科,,,260,204618,
3980,昆山登云科技职业学院,2023,四川,高职专科,文科,,,235,191867,
3984,山东化工职业学院,2023,四川,高职专科,文科,,,291,193840,
3988,枣庄职业学院,2023,四川,高职专科,文科,,,198,212395,
3990,安徽国防科技职业学院,2023,四川,高职专科,文科,,,328,178235,
3994,泰山科技学院,2023,四川,高职专科,文科,,,264,185215,
3995,苏州健雄职业技术学院,2023,四川,高职专科,文科,,,350,164147,
3996,安徽财贸职业学院,2023,四川,高职专科,文科,,,311,185215,
4125,鹤壁能源化工职业学院,2023,四川,高职专科,文科,,,270,201959,
4127,郑州财税金融职业学院,2023,四川,高职专科,文科,,,304,190236,
4130,开封大学,2023,四川,高职专科,文科,,,454,74268,
4143,焦作大学,2023,四川,高职专科,文科,,,428,92624,
4144,郑州澍青医学高等专科学校,2023,四川,高职专科,文科,,,376,111226,
4145,长江艺术工程职业学院,2023,四川,高职专科,文科,,,207,157421,
4149,焦作师范高等专科学校,2023,四川,高职专科,文科,,,433,98423,
4152,三门峡社会管理职业学院,2023,四川,高职专科,文科,,,340,156627,
4154,商丘职业技术学院,2023,四川,高职专科,文科,,,359,147180,
4156,三门峡职业技术学院,2023,四川,高职专科,文科,,,370,147180,
4157,郑州卫生健康职业学院,2023,四川,高职专科,文科,,,367,138304,
4159,鹤壁职业技术学院,2023,四川,高职专科,文科,,,365,151225,
4160,平顶山工业职业技术学院,2023,四川,高职专科,文科,,,301,191444,
4168,河南水利与环境职业学院,2023,四川,高职专科,文科,,,344,167505,
4169,安阳职业技术学院,2023,四川,高职专科,文科,,,369,144034,
4170,郑州职业技术学院,2023,四川,高职专科,文科,,,345,154318,
4171,信阳职业技术学院,2023,四川,高职专科,文科,,,393,126205,
4173,南阳农业职业学院,2023,四川,高职专科,文科,,,352,162690,
4179,郑州旅游职业学院,2023,四川,高职专科,文科,,,302,163433,
4180,濮阳职业技术学院,2023,四川,高职专科,文科,,,333,169531,
4184,河南护理职业学院,2023,四川,高职专科,文科,,,414,113582,
4186,济源职业技术学院,2023,四川,高职专科,文科,,,361,155870,
4189,河南经贸职业学院,2023,四川,高职专科,文科,,,441,88379,
4191,开封文化艺术职业学院,2023,四川,高职专科,文科,,,356,156627,
4194,河南推拿职业学院,2023,四川,高职专科,文科,,,415,112784,
4196,洛阳职业技术学院,2023,四川,高职专科,文科,,,415,102351,
4197,周口职业技术学院,2023,四川,高职专科,文科,,,356,154318,
4198,河南医学高等专科学校,2023,四川,高职专科,文科,,,444,88379,
4199,安阳幼儿师范高等专科学校,2023,四川,高职专科,文科,,,363,152797,
4229,鄂州职业大学,2023,四川,高职专科,文科,,,395,112784,
4238,湖北铁道运输职业学院,2023,四川,高职专科,文科,,,386,121507,
4240,武汉学院,2023,四川,高职专科,文科,,,412,91773,
4245,湖北中医药高等专科学校,2023,四川,高职专科,文科,,,456,74268,
4249,湖北幼儿师范高等专科学校,2023,四川,高职专科,文科,,,424,90964,
4251,武汉职业技术学院,2023,四川,高职专科,文科,,,454,76084,
4252,武汉船舶职业技术学院,2023,四川,高职专科,文科,,,393,101594,
4253,武汉交通职业学院,2023,四川,高职专科,文科,,,432,78765,
4254,黄冈职业技术学院,2023,四川,高职专科,文科,,,432,76994,
4255,随州职业技术学院,2023,四川,高职专科,文科,,,356,155870,
4256,湖北水利水电职业技术学院,2023,四川,高职专科,文科,,,375,127826,
4257,荆楚理工学院,2023,四川,高职专科,文科,,,455,75185,
4258,湖北职业技术学院,2023,四川,高职专科,文科,,,439,73353,
4259,恩施职业技术学院,2023,四川,高职专科,文科,,,342,161967,
4260,湖北轻工职业技术学院,2023,四川,高职专科,文科,,,359,143214,
4261,武汉生物工程学院,2023,四川,高职专科,文科,,,346,155870,
4262,湖北交通职业技术学院,2023,四川,高职专科,文科,,,386,113582,
4263,荆门职业学院,2023,四川,高职专科,文科,,,336,127013,
4264,武汉城市职业学院,2023,四川,高职专科,文科,,,426,88379,
4265,仙桃职业学院,2023,四川,高职专科,文科,,,371,140767,
4266,荆州职业技术学院,2023,四川,高职专科,文科,,,372,118331,
4267,荆州理工职业学院,2023,四川,高职专科,文科,,,344,154318,
4268,襄阳汽车职业技术学院,2023,四川,高职专科,文科,,,333,153563,
4269,襄阳职业技术学院,2023,四川,高职专科,文科,,,447,76084,
4270,武汉软件工程职业学院,2023,四川,高职专科,文科,,,443,49536,
4272,湖北开放职业学院,2023,四川,高职专科,文科,,,258,205124,
4273,湖北城市建设职业技术学院,2023,四川,高职专科,文科,,,369,124609,
4274,武汉航海职业技术学院,2023,四川,高职专科,文科,,,364,143214,
4275,武汉警官职业学院,2023,四川,高职专科,文科,,,434,84908,
4277,湖北科技职业学院,2023,四川,高职专科,文科,,,362,152797,
4279,武汉外语外事职业学院,2023,四川,高职专科,文科,,,254,188039,
4280,武昌职业学院,2023,四川,高职专科,文科,,,176,182695,
4281,咸宁职业技术学院,2023,四川,高职专科,文科,,,382,119921,
4282,湖北生物科技职业学院,2023,四川,高职专科,文科,,,366,147180,
4284,武汉科技职业学院,2023,四川,高职专科,文科,,,337,159735,
4285,武汉工程职业技术学院,2023,四川,高职专科,文科,,,401,106453,
4287,武汉铁路桥梁职业学院,2023,四川,高职专科,文科,,,380,124609,
4290,湖北国土资源职业学院,2023,四川,高职专科,文科,,,363,139926,
4299,武汉工商学院,2023,四川,高职专科,文科,,,384,84908,
4302,吉首大学,2023,四川,高职专科,文科,,,482,39245,
4340,湖南幼儿师范高等专科学校,2023,四川,高职专科,文科,,,437,85722,
4348,湖南中医药高等专科学校,2023,四川,高职专科,文科,,,434,96719,
4349,益阳医学高等专科学校,2023,四川,高职专科,文科,,,455,74268,
4350,湖南理工职业技术学院,2023,四川,高职专科,文科,,,348,164147,
4351,长沙民政职业技术学院,2023,四川,高职专科,文科,,,459,46854,
4352,湖南工业职业技术学院,2023,四川,高职专科,文科,,,417,102351,
4355,湖南交通职业技术学院,2023,四川,高职专科,文科,,,417,103949,
4356,湖南水利水电职业技术学院,2023,四川,高职专科,文科,,,378,120722,
4358,湖南环境生物职业技术学院,2023,四川,高职专科,文科,,,379,125430,
4359,湖南科技职业学院,2023,四川,高职专科,文科,,,354,161239,
4360,岳阳职业技术学院,2023,四川,高职专科,文科,,,403,119135,
4362,湖南信息职业技术学院,2023,四川,高职专科,文科,,,327,123845,
4363,湖南网络工程职业学院,2023,四川,高职专科,文科,,,327,158965,
4364,湖南铁路科技职业技术学院,2023,四川,高职专科,文科,,,425,81438,
4366,湖南铁道职业技术学院,2023,四川,高职专科,文科,,,411,80540,
4367,永州职业技术学院,2023,四川,高职专科,文科,,,424,83215,
4368,湖南大众传媒职业技术学院,2023,四川,高职专科,文科,,,458,75185,
4369,湖南邮电职业技术学院,2023,四川,高职专科,文科,,,369,149635,
4370,湘潭医卫职业技术学院,2023,四川,高职专科,文科,,,421,103949,
4371,湖南商务职业技术学院,2023,四川,高职专科,文科,,,387,126205,
4372,湘中幼儿师范高等专科学校,2023,四川,高职专科,文科,,,453,78765,
4373,娄底职业技术学院,2023,四川,高职专科,文科,,,364,149635,
4374,张家界航空工业职业技术学院,2023,四川,高职专科,文科,,,376,116722,
4375,湖南工程职业技术学院,2023,四川,高职专科,文科,,,383,111226,
4376,长沙环境保护职业技术学院,2023,四川,高职专科,文科,,,362,141583,
4377,湖南软件职业技术大学,2023,四川,高职专科,文科,,,274,175886,
4378,湖南吉利汽车职业技术学院,2023,四川,高职专科,文科,,,227,211234,
4379,湖南劳动人事职业学院,2023,四川,高职专科,文科,,,340,170811,
4381,长沙航空职业技术学院,2023,四川,高职专科,文科,,,456,76084,
4382,湖南机电职业技术学院,2023,四川,高职专科,文科,,,365,148803,
4383,益阳职业技术学院,2023,四川,高职专科,文科,,,335,153563,
4384,常德职业技术学院,2023,四川,高职专科,文科,,,385,129428,
4385,湖南财经工业职业技术学院,2023,四川,高职专科,文科,,,362,154318,
4386,怀化职业技术学院,2023,四川,高职专科,文科,,,347,166184,
4387,湘西民族职业技术学院,2023,四川,高职专科,文科,,,345,128608,
4388,湖南化工职业技术学院,2023,四川,高职专科,文科,,,375,139128,
4389,湖南城建职业技术学院,2023,四川,高职专科,文科,,,376,137439,
4390,湖南有色金属职业技术学院,2023,四川,高职专科,文科,,,339,171469,
4391,长沙卫生职业学院,2023,四川,高职专科,文科,,,451,70663,
4392,长沙职业技术学院,2023,四川,高职专科,文科,,,430,100838,
4396,湘南幼儿师范高等专科学校,2023,四川,高职专科,文科,,,375,136650,
4446,湛江幼儿师范专科学校,2023,四川,高职专科,文科,,,388,131724,
4448,广东工商职业技术大学,2023,四川,高职专科,文科,,,308,175886,
4451,广州民航职业技术学院,2023,四川,高职专科,文科,,,450,76084,
4457,广东水利电力职业技术学院,2023,四川,高职专科,文科,,,346,166877,
4459,广东科学技术职业学院,2023,四川,高职专科,文科,,,450,60402,
4460,广东茂名幼儿师范专科学校,2023,四川,高职专科,文科,,,244,102351,
4462,广东食品药品职业学院,2023,四川,高职专科,文科,,,430,76994,
4463,珠海城市职业技术学院,2023,四川,高职专科,文科,,,384,134986,
4464,广东文艺职业学院,2023,四川,高职专科,文科,,,310,186633,
4465,江门职业技术学院,2023,四川,高职专科,文科,,,400,111226,
4466,广东酒店管理职业技术学院,2023,四川,高职专科,文科,,,157,186633,
4468,广州科技贸易职业学院,2023,四川,高职专科,文科,,,345,160470,
4470,广东工贸职业技术学院,2023,四川,高职专科,文科,,,399,116722,
4471,广州城市职业学院,2023,四川,高职专科,文科,,,428,82343,
4472,广东文理职业学院,2023,四川,高职专科,文科,,,163,178866,
4474,顺德职业技术学院,2023,四川,高职专科,文科,,,449,75185,
4475,广州华南商贸职业学院,2023,四川,高职专科,文科,,,294,192286,
4476,广州东华职业学院,2023,四川,高职专科,文科,,,235,207995,
4477,广州科技职业技术大学,2023,四川,高职专科,文科,,,372,96719,
4479,广州城建职业学院,2023,四川,高职专科,文科,,,272,182157,
4481,广东亚视演艺职业学院,2023,四川,高职专科,文科,,,205,201367,
4482,珠海艺术职业学院,2023,四川,高职专科,文科,,,338,172102,
4483,茂名职业技术学院,2023,四川,高职专科,文科,,,342,155870,
4484,广东交通职业技术学院,2023,四川,高职专科,文科,,,417,105597,
4485,惠州经济职业技术学院,2023,四川,高职专科,文科,,,276,140767,
4486,广东环境保护工程职业学院,2023,四川,高职专科,文科,,,351,148803,
4487,广东信息工程职业学院,2023,四川,高职专科,文科,,,291,185668,
4497,广东南华工商职业学院,2023,四川,高职专科,文科,,,358,126205,
4499,私立华联学院,2023,四川,高职专科,文科,,,251,199565,
4504,桂林理工大学,2023,四川,高职专科,文科,,,462,71555,
451,上海民航职业技术学院,2023,四川,高职专科,文科,,,410,108020,
4520,桂林航天工业学院,2023,四川,高职专科,文科,,,429,90135,
4525,桂林旅游学院,2023,四川,高职专科,文科,,,441,82343,
4527,桂林师范高等专科学校,2023,四川,高职专科,文科,,,449,84908,
4529,广西体育高等专科学校,2023,四川,高职专科,文科,,,393,130176,
4533,广西幼儿师范高等专科学校,2023,四川,高职专科,文科,,,388,106453,
4549,深圳职业技术大学,2023,四川,高职专科,文科,,,489,40092,
4551,广西职业技术学院,2023,四川,高职专科,文科,,,376,144034,
4552,广西机电职业技术学院,2023,四川,高职专科,文科,,,341,170175,
4554,钦州幼儿师范高等专科学校,2023,四川,高职专科,文科,,,346,166877,
4558,广西自然资源职业技术学院,2023,四川,高职专科,文科,,,279,198920,
4559,广西建设职业技术学院,2023,四川,高职专科,文科,,,380,140767,
4560,广西电力职业技术学院,2023,四川,高职专科,文科,,,413,94260,
4561,广西水利电力职业技术学院,2023,四川,高职专科,文科,,,324,178866,
4563,广西生态工程职业技术学院,2023,四川,高职专科,文科,,,339,155120,
4564,广西经济职业学院,2023,四川,高职专科,文科,,,328,178235,
4565,广西工业职业技术学院,2023,四川,高职专科,文科,,,348,164832,
4569,百色职业学院,2023,四川,高职专科,文科,,,324,170811,
4571,广西现代职业技术学院,2023,四川,高职专科,文科,,,370,134152,
4572,北海职业学院,2023,四川,高职专科,文科,,,350,157421,
4573,广西科技职业学院,2023,四川,高职专科,文科,,,215,134152,
4574,桂林山水职业学院,2023,四川,高职专科,文科,,,193,166877,
4576,柳州城市职业学院,2023,四川,高职专科,文科,,,367,150434,
4577,广西卫生职业技术学院,2023,四川,高职专科,文科,,,418,75185,
4581,广西金融职业技术学院,2023,四川,高职专科,文科,,,344,167505,
4594,广西国际商务职业技术学院,2023,四川,高职专科,文科,,,319,175886,
4597,梧州职业学院,2023,四川,高职专科,文科,,,357,147988,
4598,柳州铁道职业技术学院,2023,四川,高职专科,文科,,,387,118331,
4611,海南热带海洋学院,2023,四川,高职专科,文科,,,381,108862,
4650,三亚中瑞酒店管理职业学院,2023,四川,高职专科,文科,,,258,205124,
4651,海南职业技术学院,2023,四川,高职专科,文科,,,334,166877,
4652,海口经济学院,2023,四川,高职专科,文科,,,180,190236,
4653,三亚城市职业学院,2023,四川,高职专科,文科,,,226,117509,
4655,海南软件职业技术学院,2023,四川,高职专科,文科,,,317,155120,
4656,海南经贸职业技术学院,2023,四川,高职专科,文科,,,361,88379,
4657,海南政法职业学院,2023,四川,高职专科,文科,,,427,84052,
4659,海南外国语职业学院,2023,四川,高职专科,文科,,,309,114380,
4660,三亚航空旅游职业学院,2023,四川,高职专科,文科,,,211,205372,
4661,海南工商职业学院,2023,四川,高职专科,文科,,,275,200477,
4677,海南科技职业大学,2023,四川,高职专科,文科,,,347,141583,
4679,三亚理工职业学院,2023,四川,高职专科,文科,,,247,197941,
4692,海南健康管理职业技术学院,2023,四川,高职专科,文科,,,264,181105,
4693,海南卫生健康职业学院,2023,四川,高职专科,文科,,,414,96719,
4758,湖北工业职业技术学院,2023,四川,高职专科,文科,,,366,147988,
4760,武汉信息传播职业技术学院,2023,四川,高职专科,文科,,,243,206028,
4763,湖北工程职业学院,2023,四川,高职专科,文科,,,357,154318,
4765,湖南九嶷职业技术学院,2023,四川,高职专科,文科,,,322,175886,
4767,广东农工商职业技术学院,2023,四川,高职专科,文科,,,326,178866,
4768,广州康大职业技术学院,2023,四川,高职专科,文科,,,377,129428,
4769,广东建设职业技术学院,2023,四川,高职专科,文科,,,380,126205,
4770,惠州卫生职业技术学院,2023,四川,高职专科,文科,,,430,84052,
4771,广东生态工程职业学院,2023,四川,高职专科,文科,,,350,143214,
4780,广东岭南职业技术学院,2023,四川,高职专科,文科,,,270,134986,
4783,广州华立科技职业学院,2023,四川,高职专科,文科,,,187,200158,
4788,广州卫生职业技术学院,2023,四川,高职专科,文科,,,446,66006,
4789,桂林生命与健康职业技术学院,2023,四川,高职专科,文科,,,314,185215,
4798,广州华夏职业学院,2023,四川,高职专科,文科,,,249,206028,
4851,武汉铁路职业技术学院,2023,四川,高职专科,文科,,,438,66943,
4852,湖北生态工程职业技术学院,2023,四川,高职专科,文科,,,352,138304,
4853,武汉民政职业学院,2023,四川,高职专科,文科,,,428,85722,
4854,湖北三峡职业技术学院,2023,四川,高职专科,文科,,,389,81438,
4865,湖北恩施学院,2023,四川,高职专科,文科,,,359,152046,
4870,长江工程职业技术学院,2023,四川,高职专科,文科,,,358,139926,
4872,三峡电力职业学院,2023,四川,高职专科,文科,,,374,113582,
4875,天门职业学院,2023,四川,高职专科,文科,,,346,163433,
4878,江汉艺术职业学院,2023,四川,高职专科,文科,,,367,149635,
4880,三峡旅游职业技术学院,2023,四川,高职专科,文科,,,330,172734,
4881,武汉商贸职业学院,2023,四川,高职专科,文科,,,298,183696,
4883,广西物流职业技术学院,2023,四川,高职专科,文科,,,264,203552,
4886,海南经贸职业技术学院,2023,四川,高职专科,文科,,,368,130176,
4892,漯河职业技术学院,2023,四川,高职专科,文科,,,320,182695,
4893,广西农业职业技术大学,2023,四川,高职专科,文科,,,331,105597,
4894,河南应用技术职业学院,2023,四川,高职专科,文科,,,306,185215,
4897,武汉民政职业学院,2023,四川,高职专科,文科,,,337,161967,
4899,邯郸幼儿师范高等专科学校,2023,四川,高职专科,文科,,,411,111991,
4902,濮阳医学高等专科学校,2023,四川,高职专科,文科,,,407,90135,
4915,广州松田职业学院,2023,四川,高职专科,文科,,,254,204076,
4916,广东科学技术职业学院,2023,四川,高职专科,文科,,,392,130952,
4951,郴州职业技术学院,2023,四川,高职专科,文科,,,336,164147,
4955,湖南司法警官职业学院,2023,四川,高职专科,文科,,,429,100016,
4959,河南工业和信息化职业学院,2023,四川,高职专科,文科,,,262,198293,
4960,北海康养职业学院,2023,四川,高职专科,文科,,,229,128608,
4965,长沙南方职业学院,2023,四川,高职专科,文科,,,291,183173,
4967,广东肇庆航空职业学院,2023,四川,高职专科,文科,,,323,149635,
4968,益阳师范高等专科学校,2023,四川,高职专科,文科,,,334,159735,
4972,湖南高速铁路职业技术学院,2023,四川,高职专科,文科,,,385,108862,
4974,湖南石油化工职业技术学院,2023,四川,高职专科,文科,,,383,130952,
4975,湖南三一工业职业技术学院,2023,四川,高职专科,文科,,,285,193840,
4979,湖南民族职业学院,2023,四川,高职专科,文科,,,390,130176,
4981,湖南安全技术职业学院,2023,四川,高职专科,文科,,,347,166184,
4982,湖南外国语职业学院,2023,四川,高职专科,文科,,,217,190650,
4985,湖南外贸职业学院,2023,四川,高职专科,文科,,,374,144034,
4987,湖南食品药品职业学院,2023,四川,高职专科,文科,,,379,132560,
5008,重庆医科大学,2023,四川,高职专科,文科,,,474,54985,
5031,重庆电力高等专科学校,2023,四川,高职专科,文科,,,452,76084,
5032,重庆三峡医药高等专科学校,2023,四川,高职专科,文科,,,461,69718,
5033,重庆医药高等专科学校,2023,四川,高职专科,文科,,,445,38403,
5036,重庆幼儿师范高等专科学校,2023,四川,高职专科,文科,,,455,75185,
5049,重庆健康职业学院,2023,四川,高职专科,文科,,,246,206939,
5051,重庆航天职业技术学院,2023,四川,高职专科,文科,,,417,86611,
5052,重庆工业职业技术学院,2023,四川,高职专科,文科,,,452,78765,
5053,重庆工程职业技术学院,2023,四川,高职专科,文科,,,450,72430,
5054,重庆城市管理职业学院,2023,四川,高职专科,文科,,,464,54985,
5055,重庆化工职业学院,2023,四川,高职专科,文科,,,388,123074,
5056,重庆旅游职业学院,2023,四川,高职专科,文科,,,390,124609,
5057,重庆信息技术职业学院,2023,四川,高职专科,文科,,,272,170175,
5058,重庆海联职业技术学院,2023,四川,高职专科,文科,,,175,127826,
5059,重庆传媒职业学院,2023,四川,高职专科,文科,,,273,110436,
5060,重庆商务职业学院,2023,四川,高职专科,文科,,,442,80540,
5061,重庆三峡职业学院,2023,四川,高职专科,文科,,,419,87512,
5062,重庆工贸职业技术学院,2023,四川,高职专科,文科,,,390,123845,
5065,重庆电子科技职业大学,2023,四川,高职专科,文科,,,456,74268,
5066,重庆水利电力职业技术学院,2023,四川,高职专科,文科,,,409,108862,
5067,重庆应用技术职业学院,2023,四川,高职专科,文科,,,238,188039,
5068,重庆工商职业学院,2023,四川,高职专科,文科,,,448,70663,
5069,重庆城市职业学院,2023,四川,高职专科,文科,,,419,98423,
5070,重庆建筑科技职业学院,2023,四川,高职专科,文科,,,310,148803,
5071,重庆青年职业技术学院,2023,四川,高职专科,文科,,,400,115972,
5072,重庆财经职业学院,2023,四川,高职专科,文科,,,430,91773,
5073,重庆科创职业学院,2023,四川,高职专科,文科,,,302,144034,
5074,重庆建筑工程职业学院,2023,四川,高职专科,文科,,,420,94260,
5075,重庆电讯职业学院,2023,四川,高职专科,文科,,,176,204378,
5076,重庆能源职业学院,2023,四川,高职专科,文科,,,317,175279,
5077,重庆安全技术职业学院,2023,四川,高职专科,文科,,,379,137439,
5078,重庆公共运输职业学院,2023,四川,高职专科,文科,,,317,152797,
5079,重庆交通职业学院,2023,四川,高职专科,文科,,,339,134152,
5080,重庆艺术工程职业学院,2023,四川,高职专科,文科,,,296,184720,
5081,重庆文化艺术职业学院,2023,四川,高职专科,文科,,,434,97589,
5082,重庆电信职业学院,2023,四川,高职专科,文科,,,242,175886,
5083,重庆经贸职业学院,2023,四川,高职专科,文科,,,295,177617,
5084,重庆科技职业学院,2023,四川,高职专科,文科,,,274,158965,
5089,重庆智能工程职业学院,2023,四川,高职专科,文科,,,259,199565,
5094,重庆资源与环境保护职业学院,2023,四川,高职专科,文科,,,259,136650,
5095,重庆护理职业学院,2023,四川,高职专科,文科,,,398,115182,
5097,重庆轻工职业学院,2023,四川,高职专科,文科,,,311,139128,
5098,重庆理工职业学院,2023,四川,高职专科,文科,,,274,178866,
5130,阿坝师范学院,2023,四川,高职专科,文科,,,460,75185,
5139,攀枝花学院,2023,四川,高职专科,文科,,,441,16825,
5140,川北幼儿师范高等专科学校,2023,四川,高职专科,文科,,,456,68790,
5141,成都纺织高等专科学校,2023,四川,高职专科,文科,,,455,67864,
5143,四川民族学院,2023,四川,高职专科,文科,,,460,72430,
5145,四川幼儿师范高等专科学校,2023,四川,高职专科,文科,,,459,67864,
5146,四川中医药高等专科学校,2023,四川,高职专科,文科,,,468,66943,
5151,成都航空职业技术学院,2023,四川,高职专科,文科,,,478,56827,
5152,四川交通职业技术学院,2023,四川,高职专科,文科,,,467,60402,
5153,达州职业技术学院,2023,四川,高职专科,文科,,,432,74268,
5154,四川机电职业技术学院,2023,四川,高职专科,文科,,,392,116722,
5155,四川工程职业技术大学,2023,四川,高职专科,文科,,,460,64186,
5156,四川电力职业技术学院,2023,四川,高职专科,文科,,,459,72430,
5157,绵阳职业技术学院,2023,四川,高职专科,文科,,,434,89248,
5158,四川工商职业技术学院,2023,四川,高职专科,文科,,,437,84908,
5159,四川建筑职业技术学院,2023,四川,高职专科,文科,,,455,71555,
5160,四川国际标榜职业学院,2023,四川,高职专科,文科,,,151,192684,
5161,成都农业科技职业学院,2023,四川,高职专科,文科,,,449,68790,
5162,宜宾职业技术学院,2023,四川,高职专科,文科,,,414,98423,
5163,成都艺术职业大学,2023,四川,高职专科,文科,,,329,174717,
5164,四川托普信息技术职业学院,2023,四川,高职专科,文科,,,306,173431,
5165,四川职业技术学院,2023,四川,高职专科,文科,,,446,72430,
5166,眉山职业技术学院,2023,四川,高职专科,文科,,,412,94260,
5167,泸州职业技术学院,2023,四川,高职专科,文科,,,436,75185,
5168,乐山职业技术学院,2023,四川,高职专科,文科,,,435,88379,
5169,雅安职业技术学院,2023,四川,高职专科,文科,,,437,79671,
5170,四川邮电职业技术学院,2023,四川,高职专科,文科,,,455,78765,
5171,四川航天职业技术学院,2023,四川,高职专科,文科,,,412,100016,
5172,四川化工职业技术学院,2023,四川,高职专科,文科,,,402,100838,
5173,四川水利职业技术学院,2023,四川,高职专科,文科,,,434,78765,
5174,南充职业技术学院,2023,四川,高职专科,文科,,,420,93478,
5175,成都职业技术学院,2023,四川,高职专科,文科,,,458,66006,
5176,内江职业技术学院,2023,四川,高职专科,文科,,,404,104766,
5177,成都东软学院,2023,四川,高职专科,文科,,,376,144034,
5178,四川司法警官职业学院,2023,四川,高职专科,文科,,,444,82343,
5180,四川信息职业技术学院,2023,四川,高职专科,文科,,,397,106453,
5181,广安职业技术学院,2023,四川,高职专科,文科,,,418,100838,
5182,四川商务职业学院,2023,四川,高职专科,文科,,,421,97589,
5183,四川铁道职业学院,2023,四川,高职专科,文科,,,431,66943,
5184,四川财经职业学院,2023,四川,高职专科,文科,,,450,76994,
5185,四川文化产业职业学院,2023,四川,高职专科,文科,,,434,79671,
5186,四川科技职业学院,2023,四川,高职专科,文科,,,262,178866,
5187,四川艺术职业学院,2023,四川,高职专科,文科,,,384,108862,
5188,四川文化传媒职业学院,2023,四川,高职专科,文科,,,151,197283,
5189,四川华新现代职业学院,2023,四川,高职专科,文科,,,150,179437,
5190,四川城市职业学院,2023,四川,高职专科,文科,,,150,182157,
5191,四川现代职业学院,2023,四川,高职专科,文科,,,274,186132,
5192,四川长江职业学院,2023,四川,高职专科,文科,,,152,179437,
5193,民办四川天一学院,2023,四川,高职专科,文科,,,154,134986,
5194,四川卫生康复职业学院,2023,四川,高职专科,文科,,,445,73353,
5195,四川三河职业学院,2023,四川,高职专科,文科,,,353,146370,
5196,四川电影电视学院,2023,四川,高职专科,文科,,,328,154318,
5197,南充电影工业职业学院,2023,四川,高职专科,文科,,,193,171469,
5198,四川汽车职业技术学院,2023,四川,高职专科,文科,,,151,204076,
5199,四川护理职业学院,2023,四川,高职专科,文科,,,443,81438,
5219,黔南民族医学高等专科学校,2023,四川,高职专科,文科,,,424,92624,
5232,遵义医药高等专科学校,2023,四川,高职专科,文科,,,459,76084,
5241,铜仁幼儿师范高等专科学校,2023,四川,高职专科,文科,,,422,102351,
5243,毕节幼儿师范高等专科学校,2023,四川,高职专科,文科,,,403,114380,
5244,六盘水幼儿师范高等专科学校,2023,四川,高职专科,文科,,,402,123074,
5251,贵州航天职业技术学院,2023,四川,高职专科,文科,,,376,143214,
5253,贵州电子信息职业技术学院,2023,四川,高职专科,文科,,,345,167505,
5255,遵义职业技术学院,2023,四川,高职专科,文科,,,390,121507,
5256,安顺职业技术学院,2023,四川,高职专科,文科,,,407,117509,
5257,黔东南民族职业技术学院,2023,四川,高职专科,文科,,,433,74268,
5258,黔南民族职业技术学院,2023,四川,高职专科,文科,,,346,156627,
5259,贵州城市职业学院,2023,四川,高职专科,文科,,,169,202763,
5260,贵州轻工职业技术学院,2023,四川,高职专科,文科,,,401,122265,
5261,六盘水职业技术学院,2023,四川,高职专科,文科,,,395,121507,
5265,贵州经贸职业技术学院,2023,四川,高职专科,文科,,,349,157421,
5266,铜仁职业技术学院,2023,四川,高职专科,文科,,,399,106453,
5267,毕节职业技术学院,2023,四川,高职专科,文科,,,388,111226,
5268,贵州机电职业技术学院,2023,四川,高职专科,文科,,,368,144753,
5271,贵阳职业技术学院,2023,四川,高职专科,文科,,,390,89248,
5273,贵州护理职业技术学院,2023,四川,高职专科,文科,,,423,106453,
5274,毕节工业职业技术学院,2023,四川,高职专科,文科,,,353,154318,
5275,贵州财经职业学院,2023,四川,高职专科,文科,,,381,135800,
5276,贵州民用航空职业学院,2023,四川,高职专科,文科,,,215,161967,
5277,贵州盛华职业学院,2023,四川,高职专科,文科,,,171,201959,
5278,贵州健康职业学院,2023,四川,高职专科,文科,,,415,111991,
5279,贵州工商职业学院,2023,四川,高职专科,文科,,,321,182157,
5280,贵州工贸职业学院,2023,四川,高职专科,文科,,,302,173431,
5290,毕节医学高等专科学校,2023,四川,高职专科,文科,,,414,105597,
5291,贵阳幼儿师范高等专科学校,2023,四川,高职专科,文科,,,387,100838,
5292,贵州建设职业技术学院,2023,四川,高职专科,文科,,,393,130176,
5293,贵州农业职业学院,2023,四川,高职专科,文科,,,410,111226,
5294,贵州工程职业学院,2023,四川,高职专科,文科,,,347,148803,
5298,黔西南民族职业技术学院,2023,四川,高职专科,文科,,,407,116722,
5299,黔南民族幼儿师范高等专科学校,2023,四川,高职专科,文科,,,410,116722,
5304,云南农业大学,2023,四川,高职专科,文科,,,487,43375,
5325,昆明冶金高等专科学校,2023,四川,高职专科,文科,,,392,123845,
5327,丽江师范学院,2023,四川,高职专科,文科,,,459,72430,
5329,德宏师范高等专科学校,2023,四川,高职专科,文科,,,380,132560,
5330,楚雄医药高等专科学校,2023,四川,高职专科,文科,,,460,72430,
5332,曲靖医学高等专科学校,2023,四川,高职专科,文科,,,431,97589,
5349,云南医药健康职业学院,2023,四川,高职专科,文科,,,390,117509,
5351,云南国土资源职业学院,2023,四川,高职专科,文科,,,383,108862,
5352,云南交通职业技术学院,2023,四川,高职专科,文科,,,420,102351,
5355,西双版纳职业技术学院,2023,四川,高职专科,文科,,,365,139128,
5356,玉溪农业职业技术学院,2023,四川,高职专科,文科,,,389,115182,
5357,云南林业职业技术学院,2023,四川,高职专科,文科,,,399,111991,
5358,云南机电职业技术学院,2023,四川,高职专科,文科,,,368,150434,
5359,云南农业职业技术学院,2023,四川,高职专科,文科,,,379,131724,
5360,昆明工业职业技术学院,2023,四川,高职专科,文科,,,398,122265,
5361,云南经济管理学院,2023,四川,高职专科,文科,,,317,150434,
5362,云南国防工业职业技术学院,2023,四川,高职专科,文科,,,402,119135,
5364,云南能源职业技术学院,2023,四川,高职专科,文科,,,374,141583,
5365,云南工商学院,2023,四川,高职专科,文科,,,292,194888,
5366,保山中医药高等专科学校,2023,四川,高职专科,文科,,,408,99208,
5367,云南经贸外事职业学院,2023,四川,高职专科,文科,,,247,188039,
5368,云南旅游职业学院,2023,四川,高职专科,文科,,,396,119135,
5369,云南司法警官职业学院,2023,四川,高职专科,文科,,,431,98423,
5371,德宏职业学院,2023,四川,高职专科,文科,,,418,86611,
5372,云南新兴职业学院,2023,四川,高职专科,文科,,,284,165471,
5373,云南水利水电职业学院,2023,四川,高职专科,文科,,,380,116722,
5376,云南工程职业学院,2023,四川,高职专科,文科,,,258,178235,
5377,云南城市建设职业学院,2023,四川,高职专科,文科,,,274,111991,
5379,云南三鑫职业技术学院,2023,四川,高职专科,文科,,,205,209174,
5382,丽江文化旅游学院,2023,四川,高职专科,文科,,,271,186633,
5383,云南商务职业学院,2023,四川,高职专科,文科,,,281,193458,
5389,云南理工职业学院,2023,四川,高职专科,文科,,,198,160470,
5390,红河卫生职业学院,2023,四川,高职专科,文科,,,371,122265,
5393,大理农林职业技术学院,2023,四川,高职专科,文科,,,362,150434,
5394,昆明卫生职业学院,2023,四川,高职专科,文科,,,409,86611,
5395,云南财经职业学院,2023,四川,高职专科,文科,,,419,103170,
5396,昆明铁道职业技术学院,2023,四川,高职专科,文科,,,393,84908,
5397,云南特殊教育职业学院,2023,四川,高职专科,文科,,,374,111226,
5405,拉萨师范高等专科学校,2023,四川,高职专科,文科,,,397,108020,
5408,西藏职业技术学院,2023,四川,高职专科,文科,,,355,149635,
5558,四川工商职业技术学院,2023,四川,高职专科,文科,,,402,106453,
5568,乐山职业技术学院,2023,四川,高职专科,文科,,,445,84908,
5569,雅安职业技术学院,2023,四川,高职专科,文科,,,458,67864,
5571,四川航天职业技术学院,2023,四川,高职专科,文科,,,362,153563,
5575,成都职业技术学院,2023,四川,高职专科,文科,,,382,134152,
5651,巴中职业技术学院,2023,四川,高职专科,文科,,,248,170811,
5652,四川希望汽车职业学院,2023,四川,高职专科,文科,,,158,147180,
5653,四川电子机械职业技术学院,2023,四川,高职专科,文科,,,150,191867,
5655,川南幼儿师范高等专科学校,2023,四川,高职专科,文科,,,447,78765,
5656,四川文轩职业学院,2023,四川,高职专科,文科,,,300,132560,
5657,成都工业职业技术学院,2023,四川,高职专科,文科,,,424,85722,
5658,四川西南航空职业学院,2023,四川,高职专科,文科,,,222,173431,
5659,四川应用技术职业学院,2023,四川,高职专科,文科,,,162,200158,
5660,成都工贸职业技术学院,2023,四川,高职专科,文科,,,403,109656,
5675,重庆电讯职业学院,2023,四川,高职专科,文科,,,206,204618,
5676,成都外国语学院,2023,四川,高职专科,文科,,,242,185668,
5697,博尔塔拉职业技术学院,2023,四川,高职专科,文科,,,279,191072,
5698,甘孜职业学院,2023,四川,高职专科,文科,,,377,126205,
5699,自贡职业技术学院,2023,四川,高职专科,文科,,,151,193051,
5702,四川大学锦江学院,2023,四川,高职专科,文科,,,392,127826,
5703,成都锦城学院,2023,四川,高职专科,文科,,,447,81438,
5705,电子科技大学成都学院,2023,四川,高职专科,文科,,,342,164147,
5706,西南交通大学希望学院,2023,四川,高职专科,文科,,,342,157421,
5710,西南财经大学天府学院,2023,四川,高职专科,文科,,,312,146370,
5715,成都理工大学工程技术学院,2023,四川,高职专科,文科,,,392,129428,
5724,成都银杏酒店管理学院,2023,四川,高职专科,文科,,,154,199852,
5747,成都文理学院,2023,四川,高职专科,文科,,,397,88379,
5753,重庆工程职业技术学院,2023,四川,高职专科,文科,,,351,85722,
5776,成都外国语学院,2023,四川,高职专科,文科,,,322,125430,
5779,德阳农业科技职业学院,2023,四川,高职专科,文科,,,333,120722,
5780,四川文化艺术学院,2023,四川,高职专科,文科,,,316,168193,
5781,天府新区通用航空职业学院,2023,四川,高职专科,文科,,,226,175886,
5782,江阳城建职业学院,2023,四川,高职专科,文科,,,299,164832,
5783,天府新区航空旅游职业学院,2023,四川,高职专科,文科,,,152,175886,
5784,德阳科贸职业学院,2023,四川,高职专科,文科,,,150,185215,
5785,天府新区信息职业学院,2023,四川,高职专科,文科,,,152,189791,
5786,眉山药科职业学院,2023,四川,高职专科,文科,,,281,174717,
5787,德阳城市轨道交通职业学院,2023,四川,高职专科,文科,,,162,158965,
5788,阿坝职业学院,2023,四川,高职专科,文科,,,413,104766,
5789,西昌民族幼儿师范高等专科学校,2023,四川,高职专科,文科,,,415,96719,
5791,达州中医药职业学院,2023,四川,高职专科,文科,,,427,93478,
5792,内江卫生与健康职业学院,2023,四川,高职专科,文科,,,420,103170,
5793,南充科技职业学院,2023,四川,高职专科,文科,,,322,134986,
5794,攀枝花攀西职业学院,2023,四川,高职专科,文科,,,156,209688,
5795,资阳口腔职业学院,2023,四川,高职专科,文科,,,154,187094,
5796,资阳环境科技职业学院,2023,四川,高职专科,文科,,,262,177059,
5797,广元中核职业技术学院,2023,四川,高职专科,文科,,,156,203055,
5799,南充文化旅游职业学院,2023,四川,高职专科,文科,,,369,115182,
5803,绵阳飞行职业学院,2023,四川,高职专科,文科,,,165,184221,
5805,泸州医疗器械职业学院,2023,四川,高职专科,文科,,,270,185668,
5851,重庆航天职业技术学院,2023,四川,高职专科,文科,,,359,157421,
5861,重庆工信职业学院,2023,四川,高职专科,文科,,,385,134152,
5882,遂宁职业学院,2023,四川,高职专科,文科,,,212,212118,
5885,遂宁能源职业学院,2023,四川,高职专科,文科,,,158,214215,
5888,遂宁工程职业学院,2023,四川,高职专科,文科,,,177,198920,
5890,四川城市职业学院,2023,四川,高职专科,文科,,,254,206028,
5908,绵阳职业技术学院,2023,四川,高职专科,文科,,,358,158197,
5914,昭通卫生职业学院,2023,四川,高职专科,文科,,,407,112784,
5915,重庆艺术工程职业学院,2023,四川,高职专科,文科,,,297,193051,
5933,重庆工商职业学院,2023,四川,高职专科,文科,,,368,150434,
5936,云南交通运输职业学院,2023,四川,高职专科,文科,,,345,161967,
5937,贵州铜仁数据职业学院,2023,四川,高职专科,文科,,,238,151225,
5938,重庆财经职业学院,2023,四川,高职专科,文科,,,417,111226,
5939,重庆科创职业学院,2023,四川,高职专科,文科,,,280,198920,
6150,西安信息职业大学,2023,四川,高职专科,文科,,,258,141583,
6151,陕西邮电职业技术学院,2023,四川,高职专科,文科,,,361,145591,
6152,杨凌职业技术学院,2023,四川,高职专科,文科,,,382,134986,
6153,西安欧亚学院,2023,四川,高职专科,文科,,,304,183173,
6154,西安翻译学院,2023,四川,高职专科,文科,,,444,88379,
6155,西安外事学院,2023,四川,高职专科,文科,,,383,91773,
6157,陕西警察学院,2023,四川,高职专科,文科,,,457,76084,
6158,陕西国防工业职业技术学院,2023,四川,高职专科,文科,,,434,95083,
6159,陕西交通职业技术学院,2023,四川,高职专科,文科,,,404,115182,
6160,陕西能源职业技术学院,2023,四川,高职专科,文科,,,402,119921,
6161,陕西工业职业技术学院,2023,四川,高职专科,文科,,,444,85722,
6162,西安航空职业技术学院,2023,四川,高职专科,文科,,,411,92624,
6163,西安高新科技职业学院,2023,四川,高职专科,文科,,,233,111991,
6164,西安思源学院,2023,四川,高职专科,文科,,,331,151225,
6167,陕西财经职业技术学院,2023,四川,高职专科,文科,,,382,128608,
6168,宝鸡职业技术学院,2023,四川,高职专科,文科,,,425,91773,
6169,陕西航空职业技术学院,2023,四川,高职专科,文科,,,356,151225,
6170,陕西铁路工程职业技术学院,2023,四川,高职专科,文科,,,423,98423,
6171,西安城市建设职业学院,2023,四川,高职专科,文科,,,175,163433,
6172,陕西旅游烹饪职业学院,2023,四川,高职专科,文科,,,183,181105,
6173,西安汽车职业大学,2023,四川,高职专科,文科,,,184,99208,
6174,安康职业技术学院,2023,四川,高职专科,文科,,,402,114380,
6175,汉中职业技术学院,2023,四川,高职专科,文科,,,412,78765,
6176,延安职业技术学院,2023,四川,高职专科,文科,,,364,148803,
6177,商洛职业技术学院,2023,四川,高职专科,文科,,,366,147988,
6178,陕西工商职业学院,2023,四川,高职专科,文科,,,352,156627,
6179,西安海棠职业学院,2023,四川,高职专科,文科,,,311,168193,
6180,陕西职业技术学院,2023,四川,高职专科,文科,,,388,128608,
6181,西安医学高等专科学校,2023,四川,高职专科,文科,,,419,75185,
6184,陕西艺术职业学院,2023,四川,高职专科,文科,,,372,147180,
6188,西安明德理工学院,2023,四川,高职专科,文科,,,331,161239,
6190,西安工商学院,2023,四川,高职专科,文科,,,233,182157,
6191,陕西机电职业技术学院,2023,四川,高职专科,文科,,,365,136650,
6193,西安职业技术学院,2023,四川,高职专科,文科,,,403,113582,
6194,西安铁路职业技术学院,2023,四川,高职专科,文科,,,407,94260,
6195,渭南职业技术学院,2023,四川,高职专科,文科,,,398,115972,
6196,铜川职业技术学院,2023,四川,高职专科,文科,,,355,153563,
6197,榆林职业技术学院,2023,四川,高职专科,文科,,,380,132560,
6252,甘肃工业职业技术学院,2023,四川,高职专科,文科,,,371,147988,
6253,甘肃交通职业技术学院,2023,四川,高职专科,文科,,,376,142388,
6288,武威职业学院,2023,四川,高职专科,文科,,,371,147180,
6289,甘肃建筑职业技术学院,2023,四川,高职专科,文科,,,344,114380,
6351,青海高等职业技术学院,2023,四川,高职专科,文科,,,344,166184,
6352,青海警官职业学院,2023,四川,高职专科,文科,,,423,102351,
6353,青海农牧科技职业学院,2023,四川,高职专科,文科,,,373,139128,
6355,青海建筑职业技术学院,2023,四川,高职专科,文科,,,350,154318,
6494,宁夏警官职业学院,2023,四川,高职专科,文科,,,439,93478,
6505,新疆警察学院,2023,四川,高职专科,文科,,,363,154318,
6513,新疆师范高等专科学校,2023,四川,高职专科,文科,,,369,101594,
6531,乌鲁木齐职业大学,2023,四川,高职专科,文科,,,335,90135,
6546,图木舒克职业技术学院,2023,四川,高职专科,文科,,,261,193840,
6547,兰州外语职业学院,2023,四川,高职专科,文科,,,154,143214,
6548,宁夏艺术职业学院,2023,四川,高职专科,文科,,,360,147180,
6549,塔城职业技术学院,2023,四川,高职专科,文科,,,280,143214,
6552,新疆工业职业技术学院,2023,四川,高职专科,文科,,,335,174080,
6553,新疆轻工职业技术学院,2023,四川,高职专科,文科,,,252,206028,
6555,伊犁职业技术学院,2023,四川,高职专科,文科,,,330,165471,
6556,陕西电子信息职业技术学院,2023,四川,高职专科,文科,,,207,166877,
6557,新疆科信职业技术学院,2023,四川,高职专科,文科,,,312,134152,
6558,新疆科技职业技术学院,2023,四川,高职专科,文科,,,253,206252,
6559,新疆建设职业技术学院,2023,四川,高职专科,文科,,,314,183696,
6560,铁门关职业技术学院,2023,四川,高职专科,文科,,,277,186633,
6561,新疆石河子职业技术学院,2023,四川,高职专科,文科,,,315,120722,
6562,阿勒泰职业技术学院,2023,四川,高职专科,文科,,,255,138304,
6563,阿克苏职业技术学院,2023,四川,高职专科,文科,,,353,141583,
6564,宝鸡中北职业学院,2023,四川,高职专科,文科,,,288,129428,
6566,甘肃有色冶金职业技术学院,2023,四川,高职专科,文科,,,320,178866,
6572,新疆应用职业技术学院,2023,四川,高职专科,文科,,,301,170175,
6573,宝鸡三和职业学院,2023,四川,高职专科,文科,,,286,183173,
6574,哈密职业技术学院,2023,四川,高职专科,文科,,,302,191072,
6576,甘肃卫生职业学院,2023,四川,高职专科,文科,,,435,88379,
6578,神木职业技术学院,2023,四川,高职专科,文科,,,342,166184,
6580,塔里木职业技术学院,2023,四川,高职专科,文科,,,286,130176,
6583,新疆交通职业技术学院,2023,四川,高职专科,文科,,,320,164147,
6584,兰州石化职业技术大学,2023,四川,高职专科,文科,,,389,109656,
6588,兰州资源环境职业技术大学,2023,四川,高职专科,文科,,,412,115182,
6590,和田职业技术学院,2023,四川,高职专科,文科,,,239,209174,
6591,新疆职业大学,2023,四川,高职专科,文科,,,328,175279,
6596,石河子工程职业技术学院,2023,四川,高职专科,文科,,,240,196355,
6597,巴音郭楞职业技术学院,2023,四川,高职专科,文科,,,327,144753,
6598,喀什职业技术学院,2023,四川,高职专科,文科,,,348,127013,
6737,榆林能源科技职业学院,2023,四川,高职专科,文科,,,273,196000,
6751,咸阳职业技术学院,2023,四川,高职专科,文科,,,422,100838,
6752,西安交通工程学院,2023,四川,高职专科,文科,,,338,162690,
6772,陕西青年职业学院,2023,四川,高职专科,文科,,,415,110436,
3633,南昌工程学院,2023,四川,专科提前批(定向士官),理科,,,317,258896,
5033,重庆医药高等专科学校,2023,四川,专科提前批(定向士官),理科,,,402,145195,
6588,兰州资源环境职业技术大学,2023,四川,专科提前批(定向士官),理科,,,356,252677,
2397,渤海船舶职业学院,2023,四川,专科提前批(航海类),理科,,,276,282175,
355,中国民用航空飞行学院,2023,四川,专科提前批(需面试),理科,,,272,265076,
5102,成都理工大学,2023,四川,乡村振兴专项(本科),理科,,,516,58147,
5109,西华大学,2023,四川,乡村振兴专项(本科),理科,,,549,56474,
5114,西昌学院,2023,四川,乡村振兴专项(本科),理科,,,417,74014,
5123,绵阳师范学院,2023,四川,乡村振兴专项(本科),理科,,,516,40488,
5124,内江师范学院,2023,四川,乡村振兴专项(本科),理科,,,507,95083,
5128,四川文理学院,2023,四川,乡村振兴专项(本科),理科,,,494,55637,
5133,乐山师范学院,2023,四川,乡村振兴专项(本科),理科,,,448,72000,
5147,四川旅游学院,2023,四川,乡村振兴专项(本科),理科,,,497,110219,
5602,成都理工大学,2023,四川,乡村振兴专项(本科),理科,,,456,84257,
5118,川北医学院,2023,四川,免费医学定向,理科,,,454,31850,
22,东北师范大学,2023,四川,国家优师专项,理科,,,609,14955,
29,华东师范大学,2023,四川,国家优师专项,理科,,,624,10487,
48,华中师范大学,2023,四川,国家优师专项,理科,,,618,14158,
511,北京师范大学,2023,四川,国家优师专项,理科,,,496,16198,
56,西南大学,2023,四川,国家优师专项,理科,,,616,13757,
60,陕西师范大学,2023,四川,国家优师专项,理科,,,609,14158,
11,北京师范大学,2023,四川,国家公费师范生,理科,,,650,3701,
211,北京师范大学,2023,四川,国家公费师范生,理科,,,659,1854,
22,东北师范大学,2023,四川,国家公费师范生,理科,,,620,11877,
29,华东师范大学,2023,四川,国家公费师范生,理科,,,651,2105,
456,西南大学,2023,四川,国家公费师范生,理科,,,606,19346,
48,华中师范大学,2023,四川,国家公费师范生,理科,,,629,5364,
56,西南大学,2023,四川,国家公费师范生,理科,,,621,9205,
60,陕西师范大学,2023,四川,国家公费师范生,理科,,,618,10159,
5101,西南石油大学,2023,四川,地方专项,理科,,,524,30557,
5102,成都理工大学,2023,四川,地方专项,理科,,,527,22193,
5105,西南科技大学,2023,四川,地方专项,理科,,,520,72000,
5107,成都信息工程大学,2023,四川,地方专项,理科,,,521,36337,
5108,四川轻化工大学,2023,四川,地方专项,理科,,,522,66337,
5109,西华大学,2023,四川,地方专项,理科,,,521,49185,
5112,四川农业大学,2023,四川,地方专项,理科,,,525,27554,
5116,西南医科大学,2023,四川,地方专项,理科,,,525,20274,
5117,成都中医药大学,2023,四川,地方专项,理科,,,522,39041,
5118,川北医学院,2023,四川,地方专项,理科,,,523,33156,
5120,四川师范大学,2023,四川,地方专项,理科,,,521,33156,
5122,西华师范大学,2023,四川,地方专项,理科,,,520,54788,
5137,成都大学,2023,四川,地方专项,理科,,,522,49185,
5912,西华师范大学,2023,四川,地方优师专项,理科,,,455,56474,
5916,四川师范大学,2023,四川,地方优师专项,理科,,,462,19797,
395,中央司法警官学院,2023,四川,提前批本科二批国家专项,理科,,,569,31207,
346,中国科学院大学,2023,四川,提前批综合考核试点,理科,,,663,946,
75,北京外国语大学,2023,四川,提前批综合考核试点,理科,,,611,17125,
1,北京大学,2023,四川,提前本科一批,理科,,,680,122,
12,北京语言大学,2023,四川,提前本科一批,理科,,,579,18885,
13,中国传媒大学,2023,四川,提前本科一批,理科,,,592,21713,
15,对外经济贸易大学,2023,四川,提前本科一批,理科,,,626,7695,
2,中国人民大学,2023,四川,提前本科一批,理科,,,670,1389,
2301,黑龙江大学,2023,四川,提前本科一批,理科,,,524,75055,
3,清华大学,2023,四川,提前本科一批,理科,,,690,67,
30,上海外国语大学,2023,四川,提前本科一批,理科,,,601,9205,
305,北京电子科技学院,2023,四川,提前本科一批,理科,,,638,2810,
307,外交学院,2023,四川,提前本科一批,理科,,,641,3522,
309,国际关系学院,2023,四川,提前本科一批,理科,,,605,8302,
3103,上海海事大学,2023,四川,提前本科一批,理科,,,521,64480,
325,大连海事大学,2023,四川,提前本科一批,理科,,,568,37009,
3325,宁波大学,2023,四川,提前本科一批,理科,,,526,71036,
4488,香港中文大学(深圳),2023,四川,提前本科一批,理科,,,656,3351,
5015,四川外国语大学,2023,四川,提前本科一批,理科,,,543,23731,
5112,四川农业大学,2023,四川,提前本科一批,理科,,,575,37009,
6119,西安外国语大学,2023,四川,提前本科一批,理科,,,534,45481,
70,武汉理工大学,2023,四川,提前本科一批,理科,,,583,28116,
8106,香港城市大学,2023,四川,提前本科一批,理科,,,628,5112,
16,中国政法大学,2023,四川,提前本科一批(公安司法消防),理科,,,634,8606,
308,中国人民公安大学,2023,四川,提前本科一批(公安司法消防),理科,,,633,1978,
327,中国刑事警察学院,2023,四川,提前本科一批(公安司法消防),理科,,,601,10487,
370,中国人民警察大学,2023,四川,提前本科一批(公安司法消防),理科,,,608,9834,
5017,西南政法大学,2023,四川,提前本科一批(公安司法消防),理科,,,583,31850,
68,中南财经政法大学,2023,四川,提前本科一批(公安司法消防),理科,,,588,14955,
96,中国消防救援学院,2023,四川,提前本科一批(公安司法消防),理科,,,554,20274,
9102,国防科技大学,2023,四川,提前本科一批(军校),理科,,,639,109,
9104,陆军工程大学,2023,四川,提前本科一批(军校),理科,,,525,7695,
9105,陆军步兵学院,2023,四川,提前本科一批(军校),理科,,,520,26407,
9106,陆军装甲兵学院,2023,四川,提前本科一批(军校),理科,,,572,19797,
9107,陆军炮兵防空兵学院,2023,四川,提前本科一批(军校),理科,,,523,22694,
9109,陆军特种作战学院,2023,四川,提前本科一批(军校),理科,,,546,46933,
9110,陆军边海防学院,2023,四川,提前本科一批(军校),理科,,,555,39765,
9111,陆军防化学院,2023,四川,提前本科一批(军校),理科,,,525,29392,
9112,陆军军医大学,2023,四川,提前本科一批(军校),理科,,,609,4263,
9113,陆军军事交通学院,2023,四川,提前本科一批(军校),理科,,,546,19346,
9114,陆军勤务学院,2023,四川,提前本科一批(军校),理科,,,575,12995,
9116,海军工程大学,2023,四川,提前本科一批(军校),理科,,,593,3522,
9117,海军大连舰艇学院,2023,四川,提前本科一批(军校),理科,,,585,10825,
9118,海军潜艇学院,2023,四川,提前本科一批(军校),理科,,,561,22193,
9119,海军航空大学,2023,四川,提前本科一批(军校),理科,,,580,21220,
9120,海军军医大学,2023,四川,提前本科一批(军校),理科,,,612,1389,
9124,空军工程大学,2023,四川,提前本科一批(军校),理科,,,599,7177,
9126,空军预警学院,2023,四川,提前本科一批(军校),理科,,,577,15374,
9134,火箭军工程大学,2023,四川,提前本科一批(军校),理科,,,579,13757,
9136,战略支援部队航天工程大学,2023,四川,提前本科一批(军校),理科,,,565,7994,
9137,战略支援部队信息工程大学,2023,四川,提前本科一批(军校),理科,,,613,2381,
9139,武警工程大学,2023,四川,提前本科一批(军校),理科,,,577,7442,
9140,武警警官学院,2023,四川,提前本科一批(军校),理科,,,584,13757,
9141,武警特种警察学院,2023,四川,提前本科一批(军校),理科,,,552,33793,
9144,武警海警学院,2023,四川,提前本科一批(军校),理科,,,526,24822,
9219,海军航空大学,2023,四川,提前本科一批(军校),理科,,,534,70054,
9957,空军航空大学,2023,四川,提前本科一批(军校),理科,,,464,151544,
1204,天津理工大学,2023,四川,提前本科二批,理科,,,498,96231,
1205,天津农学院,2023,四川,提前本科二批,理科,,,519,85318,
2125,渤海大学,2023,四川,提前本科二批,理科,,,472,140056,
3305,浙江海洋大学,2023,四川,提前本科二批,理科,,,500,106622,
335,上海海关学院,2023,四川,提前本科二批,理科,,,624,9834,
3515,集美大学,2023,四川,提前本科二批,理科,,,507,87452,
355,中国民用航空飞行学院,2023,四川,提前本科二批,理科,,,484,125979,
3721,烟台大学,2023,四川,提前本科二批,理科,,,489,114996,
3723,山东交通学院,2023,四川,提前本科二批,理科,,,487,113851,
4528,北部湾大学,2023,四川,提前本科二批,理科,,,481,123530,
4611,海南热带海洋学院,2023,四川,提前本科二批,理科,,,460,156696,
4677,海南科技职业大学,2023,四川,提前本科二批,理科,,,443,178046,
5002,重庆交通大学,2023,四川,提前本科二批,理科,,,515,82164,
368,郑州警察学院,2023,四川,提前本科二批(公安司法),理科,,,542,24822,
375,南京警察学院,2023,四川,提前本科二批(公安司法),理科,,,557,11877,
395,中央司法警官学院,2023,四川,提前本科二批(公安司法),理科,,,517,18885,
5149,四川警察学院,2023,四川,提前本科二批(公安司法),理科,,,553,18885,
827,中国刑事警察学院,2023,四川,提前本科二批(公安司法),理科,,,540,32469,
9904,陆军工程大学,2023,四川,提前本科二批(军校),理科,,,585,18012,
1,北京大学,2023,四川,本科一批,理科,,,698,62,
10,北京中医药大学,2023,四川,本科一批,理科,,,596,3162,
11,北京师范大学,2023,四川,本科一批,理科,,,640,1510,
1101,北京工业大学,2023,四川,本科一批,理科,,,625,10159,
1102,北方工业大学,2023,四川,本科一批,理科,,,590,20274,
1104,北京印刷学院,2023,四川,本科一批,理科,,,529,53144,
1106,首都医科大学,2023,四川,本科一批,理科,,,646,1978,
1107,首都师范大学,2023,四川,本科一批,理科,,,622,12629,
1109,北京建筑大学,2023,四川,本科一批,理科,,,567,28116,
1110,北京第二外国语学院,2023,四川,本科一批,理科,,,575,26965,
1111,北京物资学院,2023,四川,本科一批,理科,,,534,45481,
1114,中国戏曲学院,2023,四川,本科一批,理科,,,527,77035,
1115,北京电影学院,2023,四川,本科一批,理科,,,621,12995,
1120,北京工商大学,2023,四川,本科一批,理科,,,568,27554,
1121,首都经济贸易大学,2023,四川,本科一批,理科,,,581,15374,
1123,北京信息科技大学,2023,四川,本科一批,理科,,,588,19797,
12,北京语言大学,2023,四川,本科一批,理科,,,581,21713,
1201,天津科技大学,2023,四川,本科一批,理科,,,530,43982,
1202,天津工业大学,2023,四川,本科一批,理科,,,599,18012,
1204,天津理工大学,2023,四川,本科一批,理科,,,570,24822,
1206,天津中医药大学,2023,四川,本科一批,理科,,,550,17574,
1207,天津师范大学,2023,四川,本科一批,理科,,,543,23731,
1209,天津外国语大学,2023,四川,本科一批,理科,,,526,45481,
1210,天津商业大学,2023,四川,本科一批,理科,,,523,64480,
1211,天津财经大学,2023,四川,本科一批,理科,,,571,26407,
1218,天津医科大学,2023,四川,本科一批,理科,,,620,5866,
13,中国传媒大学,2023,四川,本科一批,理科,,,612,5612,
1302,河北大学,2023,四川,本科一批,理科,,,537,47703,
1303,河北工业大学,2023,四川,本科一批,理科,,,587,12629,
1305,华北理工大学,2023,四川,本科一批,理科,,,523,47703,
1308,河北师范大学,2023,四川,本科一批,理科,,,522,44728,
1309,石家庄铁道大学,2023,四川,本科一批,理科,,,523,39765,
1310,燕山大学,2023,四川,本科一批,理科,,,545,22193,
1319,河北医科大学,2023,四川,本科一批,理科,,,618,14158,
14,中央财经大学,2023,四川,本科一批,理科,,,643,3701,
1401,山西大学,2023,四川,本科一批,理科,,,521,20274,
1403,中北大学,2023,四川,本科一批,理科,,,537,34436,
1405,太原理工大学,2023,四川,本科一批,理科,,,576,15374,
1407,山西医科大学,2023,四川,本科一批,理科,,,606,8302,
1417,山西财经大学,2023,四川,本科一批,理科,,,530,31850,
1421,山西中医药大学,2023,四川,本科一批,理科,,,581,33156,
1487,山西财经大学,2023,四川,本科一批,理科,,,532,64480,
15,对外经济贸易大学,2023,四川,本科一批,理科,,,640,5364,
1501,内蒙古大学,2023,四川,本科一批,理科,,,522,24275,
1503,内蒙古科技大学,2023,四川,本科一批,理科,,,525,79062,
1506,天津中医药大学,2023,四川,本科一批,理科,,,544,60765,
16,中国政法大学,2023,四川,本科一批,理科,,,628,2235,
1602,北方工业大学,2023,四川,本科一批,理科,,,549,43982,
1609,天津外国语大学,2023,四川,本科一批,理科,,,526,75055,
17,南开大学,2023,四川,本科一批,理科,,,656,1510,
1701,天津科技大学,2023,四川,本科一批,理科,,,527,76054,
1710,燕山大学,2023,四川,本科一批,理科,,,528,58147,
18,天津大学,2023,四川,本科一批,理科,,,647,3522,
1809,天津外国语大学,2023,四川,本科一批,理科,,,521,83195,
19,大连理工大学,2023,四川,本科一批,理科,,,644,4472,
2,中国人民大学,2023,四川,本科一批,理科,,,679,357,
20,东北大学,2023,四川,本科一批,理科,,,620,6115,
21,吉林大学,2023,四川,本科一批,理科,,,619,5612,
2101,沈阳工业大学,2023,四川,本科一批,理科,,,520,46933,
2102,沈阳航空航天大学,2023,四川,本科一批,理科,,,553,25341,
2103,沈阳理工大学,2023,四川,本科一批,理科,,,535,65363,
2104,辽宁大学,2023,四川,本科一批,理科,,,598,19346,
2105,辽宁科技大学,2023,四川,本科一批,理科,,,528,73035,
2106,辽宁工程技术大学,2023,四川,本科一批,理科,,,528,60765,
2109,大连交通大学,2023,四川,本科一批,理科,,,538,59908,
211,北京师范大学,2023,四川,本科一批,理科,,,635,5112,
2112,沈阳建筑大学,2023,四川,本科一批,理科,,,522,47703,
2115,沈阳农业大学,2023,四川,本科一批,理科,,,529,72000,
2117,中国医科大学,2023,四川,本科一批,理科,,,584,5364,
2119,大连医科大学,2023,四川,本科一批,理科,,,618,6899,
2120,大连外国语大学,2023,四川,本科一批,理科,,,524,14158,
2121,沈阳药科大学,2023,四川,本科一批,理科,,,523,18885,
2126,东北财经大学,2023,四川,本科一批,理科,,,596,15374,
22,东北师范大学,2023,四川,本科一批,理科,,,562,14539,
2201,长春理工大学,2023,四川,本科一批,理科,,,523,23731,
2202,延边大学,2023,四川,本科一批,理科,,,557,30557,
2203,东北电力大学,2023,四川,本科一批,理科,,,529,17125,
2211,长春中医药大学,2023,四川,本科一批,理科,,,557,38364,
23,东北林业大学,2023,四川,本科一批,理科,,,588,19797,
2301,黑龙江大学,2023,四川,本科一批,理科,,,532,61706,
2306,东北石油大学,2023,四川,本科一批,理科,,,523,38364,
2308,哈尔滨医科大学,2023,四川,本科一批,理科,,,575,6625,
2309,东北农业大学,2023,四川,本科一批,理科,,,565,25892,
2311,哈尔滨师范大学,2023,四川,本科一批,理科,,,520,67260,
2317,哈尔滨商业大学,2023,四川,本科一批,理科,,,524,66337,
2327,哈尔滨理工大学,2023,四川,本科一批,理科,,,538,39765,
2358,东北农业大学,2023,四川,本科一批,理科,,,541,58147,
2360,沈阳农业大学,2023,四川,本科一批,理科,,,525,79062,
2363,辽宁大学,2023,四川,本科一批,理科,,,549,56474,
2375,辽宁大学,2023,四川,本科一批,理科,,,538,53144,
2377,中国医科大学,2023,四川,本科一批,理科,,,548,57301,
2382,辽宁大学,2023,四川,本科一批,理科,,,569,34436,
2383,长春理工大学,2023,四川,本科一批,理科,,,522,82164,
24,复旦大学,2023,四川,本科一批,理科,,,684,78,
2444,黑龙江中医药大学,2023,四川,本科一批,理科,,,547,31850,
25,同济大学,2023,四川,本科一批,理科,,,666,728,
26,上海交通大学,2023,四川,本科一批,理科,,,695,91,
2601,长春理工大学,2023,四川,本科一批,理科,,,521,79062,
27,华东理工大学,2023,四川,本科一批,理科,,,624,9834,
28,东华大学,2023,四川,本科一批,理科,,,609,12995,
29,华东师范大学,2023,四川,本科一批,理科,,,638,2810,
2926,东北财经大学,2023,四川,本科一批,理科,,,532,35075,
3,清华大学,2023,四川,本科一批,理科,,,698,62,
30,上海外国语大学,2023,四川,本科一批,理科,,,621,11877,
301,北京航空航天大学,2023,四川,本科一批,理科,,,674,250,
302,北京理工大学,2023,四川,本科一批,理科,,,578,866,
31,上海财经大学,2023,四川,本科一批,理科,,,646,1389,
310,北京体育大学,2023,四川,本科一批,理科,,,590,14539,
3101,上海理工大学,2023,四川,本科一批,理科,,,589,23215,
3103,上海海事大学,2023,四川,本科一批,理科,,,555,25892,
3105,上海电力大学,2023,四川,本科一批,理科,,,599,16198,
3107,上海应用技术大学,2023,四川,本科一批,理科,,,529,38364,
3109,上海健康医学院,2023,四川,本科一批,理科,,,540,59908,
3111,上海海洋大学,2023,四川,本科一批,理科,,,538,26965,
3112,上海中医药大学,2023,四川,本科一批,理科,,,543,11877,
3113,上海师范大学,2023,四川,本科一批,理科,,,573,31850,
3117,上海对外经贸大学,2023,四川,本科一批,理科,,,581,20760,
3118,华东政法大学,2023,四川,本科一批,理科,,,609,6625,
3122,上海戏剧学院,2023,四川,本科一批,理科,,,569,16669,
3123,上海政法学院,2023,四川,本科一批,理科,,,572,19797,
3124,上海电机学院,2023,四川,本科一批,理科,,,533,66337,
3125,上海工程技术大学,2023,四川,本科一批,理科,,,561,40488,
3126,上海立信会计金融学院,2023,四川,本科一批,理科,,,576,33793,
3137,上海大学,2023,四川,本科一批,理科,,,621,10487,
315,中央民族大学,2023,四川,本科一批,理科,,,606,13757,
3155,上海第二工业大学,2023,四川,本科一批,理科,,,553,46179,
317,华北电力大学(北京),2023,四川,本科一批,理科,,,626,5364,
32,南京大学,2023,四川,本科一批,理科,,,678,467,
320,中国民航大学,2023,四川,本科一批,理科,,,563,18885,
3201,苏州大学,2023,四川,本科一批,理科,,,618,5112,
3202,南京医科大学,2023,四川,本科一批,理科,,,616,4894,
3205,江苏科技大学,2023,四川,本科一批,理科,,,529,29392,
3206,南京财经大学,2023,四川,本科一批,理科,,,571,21220,
3207,南京工业大学,2023,四川,本科一批,理科,,,568,22193,
3208,常州大学,2023,四川,本科一批,理科,,,529,60765,
3209,南京邮电大学,2023,四川,本科一批,理科,,,599,10825,
3211,南京林业大学,2023,四川,本科一批,理科,,,565,24822,
3212,江苏大学,2023,四川,本科一批,理科,,,574,21220,
3213,南京信息工程大学,2023,四川,本科一批,理科,,,596,16669,
3217,南通大学,2023,四川,本科一批,理科,,,531,21220,
3223,徐州医科大学,2023,四川,本科一批,理科,,,555,21220,
3225,南京师范大学,2023,四川,本科一批,理科,,,608,12629,
323,华北电力大学(保定),2023,四川,本科一批,理科,,,618,8302,
3239,南京审计大学,2023,四川,本科一批,理科,,,587,20760,
3241,江苏海洋大学,2023,四川,本科一批,理科,,,527,77035,
3244,苏州科技大学,2023,四川,本科一批,理科,,,544,35075,
3247,西交利物浦大学,2023,四川,本科一批,理科,,,564,39041,
325,大连海事大学,2023,四川,本科一批,理科,,,600,17574,
33,东南大学,2023,四川,本科一批,理科,,,660,1510,
330,哈尔滨工业大学,2023,四川,本科一批,理科,,,669,1027,
3301,杭州电子科技大学,2023,四川,本科一批,理科,,,610,12254,
3302,浙江工业大学,2023,四川,本科一批,理科,,,586,18012,
3303,浙江理工大学,2023,四川,本科一批,理科,,,590,22694,
3304,宁波诺丁汉大学,2023,四川,本科一批,理科,,,581,6899,
3306,浙江农林大学,2023,四川,本科一批,理科,,,526,37009,
3308,温州医科大学,2023,四川,本科一批,理科,,,611,8606,
3309,浙江师范大学,2023,四川,本科一批,理科,,,543,18438,
3310,杭州师范大学,2023,四川,本科一批,理科,,,528,43270,
3315,浙江工商大学,2023,四川,本科一批,理科,,,540,19346,
3316,湖州师范学院,2023,四川,本科一批,理科,,,554,38364,
3318,中国计量大学,2023,四川,本科一批,理科,,,583,24822,
3325,宁波大学,2023,四川,本科一批,理科,,,585,20760,
3329,温州大学,2023,四川,本科一批,理科,,,542,59013,
333,哈尔滨工程大学,2023,四川,本科一批,理科,,,597,9834,
3340,温州肯恩大学,2023,四川,本科一批,理科,,,525,57301,
3341,浙江外国语学院,2023,四川,本科一批,理科,,,522,67260,
3389,浙江财经大学,2023,四川,本科一批,理科,,,569,26965,
3391,浙大城市学院,2023,四川,本科一批,理科,,,529,60765,
3392,浙大宁波理工学院,2023,四川,本科一批,理科,,,530,72000,
340,南京航空航天大学,2023,四川,本科一批,理科,,,635,6115,
3401,安徽工业大学,2023,四川,本科一批,理科,,,534,52345,
3402,安徽理工大学,2023,四川,本科一批,理科,,,537,54788,
3403,安徽大学,2023,四川,本科一批,理科,,,601,18885,
3405,安徽农业大学,2023,四川,本科一批,理科,,,527,44728,
3406,安徽医科大学,2023,四川,本科一批,理科,,,623,12254,
3407,安徽师范大学,2023,四川,本科一批,理科,,,520,28732,
3408,蚌埠医科大学,2023,四川,本科一批,理科,,,584,31207,
341,南京理工大学,2023,四川,本科一批,理科,,,630,7442,
3415,安徽财经大学,2023,四川,本科一批,理科,,,529,33793,
3417,安徽建筑大学,2023,四川,本科一批,理科,,,522,70054,
345,中国科学技术大学,2023,四川,本科一批,理科,,,680,409,
346,中国科学院大学,2023,四川,本科一批,理科,,,682,67,
347,华侨大学,2023,四川,本科一批,理科,,,551,26965,
35,河海大学,2023,四川,本科一批,理科,,,611,10159,
3502,福州大学,2023,四川,本科一批,理科,,,600,14539,
3503,安徽大学,2023,四川,本科一批,理科,,,579,33156,
3507,福建师范大学,2023,四川,本科一批,理科,,,527,32469,
351,中南民族大学,2023,四川,本科一批,理科,,,542,45481,
3515,集美大学,2023,四川,本科一批,理科,,,532,35075,
3516,福建医科大学,2023,四川,本科一批,理科,,,525,14955,
3517,福建农林大学,2023,四川,本科一批,理科,,,525,68167,
353,暨南大学,2023,四川,本科一批,理科,,,620,7177,
355,中国民用航空飞行学院,2023,四川,本科一批,理科,,,542,48435,
357,西南民族大学,2023,四川,本科一批,理科,,,527,36337,
358,西北工业大学,2023,四川,本科一批,理科,,,656,1173,
36,江南大学,2023,四川,本科一批,理科,,,613,12995,
3601,华东交通大学,2023,四川,本科一批,理科,,,534,43270,
3602,东华理工大学,2023,四川,本科一批,理科,,,534,62666,
3603,南昌航空大学,2023,四川,本科一批,理科,,,563,31850,
3604,江西理工大学,2023,四川,本科一批,理科,,,529,59908,
3607,江西农业大学,2023,四川,本科一批,理科,,,540,64480,
3609,江西中医药大学,2023,四川,本科一批,理科,,,550,34436,
3610,赣南医科大学,2023,四川,本科一批,理科,,,580,28732,
3611,江西师范大学,2023,四川,本科一批,理科,,,527,37009,
3615,赣南师范大学,2023,四川,本科一批,理科,,,524,69083,
3618,江西财经大学,2023,四川,本科一批,理科,,,580,14955,
3620,南昌大学,2023,四川,本科一批,理科,,,605,11181,
365,石河子大学,2023,四川,本科一批,理科,,,531,29967,
37,南京农业大学,2023,四川,本科一批,理科,,,595,16669,
370,中国人民警察大学,2023,四川,本科一批,理科,,,553,46179,
3701,济南大学,2023,四川,本科一批,理科,,,522,55637,
3702,青岛科技大学,2023,四川,本科一批,理科,,,528,66337,
3703,山东科技大学,2023,四川,本科一批,理科,,,534,43982,
3705,青岛理工大学,2023,四川,本科一批,理科,,,527,41149,
3706,山东建筑大学,2023,四川,本科一批,理科,,,528,64480,
3707,曲阜师范大学,2023,四川,本科一批,理科,,,549,46933,
371,大连民族大学,2023,四川,本科一批,理科,,,522,79062,
3713,山东师范大学,2023,四川,本科一批,理科,,,533,33156,
3720,山东财经大学,2023,四川,本科一批,理科,,,547,33793,
3730,青岛大学,2023,四川,本科一批,理科,,,523,26407,
3737,齐鲁工业大学,2023,四川,本科一批,理科,,,550,49992,
3739,山东理工大学,2023,四川,本科一批,理科,,,529,49185,
3740,山东农业大学,2023,四川,本科一批,理科,,,546,59013,
38,中国药科大学,2023,四川,本科一批,理科,,,614,3522,
380,哈尔滨工业大学(威海),2023,四川,本科一批,理科,,,652,3351,
3801,杭州电子科技大学,2023,四川,本科一批,理科,,,600,18885,
3802,福州大学,2023,四川,本科一批,理科,,,597,22694,
3805,上海理工大学,2023,四川,本科一批,理科,,,564,29967,
3806,浙江农林大学,2023,四川,本科一批,理科,,,520,84257,
3809,温州大学,2023,四川,本科一批,理科,,,523,81146,
3813,南京信息工程大学,2023,四川,本科一批,理科,,,547,26965,
3817,上海对外经贸大学,2023,四川,本科一批,理科,,,551,33156,
3825,宁波大学,2023,四川,本科一批,理科,,,525,77035,
3839,南京审计大学,2023,四川,本科一批,理科,,,561,22193,
3844,苏州科技大学,2023,四川,本科一批,理科,,,523,65363,
3845,上海中医药大学,2023,四川,本科一批,理科,,,543,61706,
3851,浙江中医药大学,2023,四川,本科一批,理科,,,521,28732,
3873,上海电力大学,2023,四川,本科一批,理科,,,605,19797,
3880,南京信息工程大学,2023,四川,本科一批,理科,,,589,28116,
39,浙江大学,2023,四川,本科一批,理科,,,683,222,
390,哈尔滨工业大学(深圳),2023,四川,本科一批,理科,,,672,1095,
3902,福州大学,2023,四川,本科一批,理科,,,578,32469,
3905,江苏科技大学,2023,四川,本科一批,理科,,,529,75055,
3906,南昌大学,2023,四川,本科一批,理科,,,604,20274,
391,中华女子学院,2023,四川,本科一批,理科,,,537,67260,
3921,南京中医药大学,2023,四川,本科一批,理科,,,556,7177,
3922,扬州大学,2023,四川,本科一批,理科,,,535,22193,
3937,上海大学,2023,四川,本科一批,理科,,,598,17574,
3986,上海应用技术大学,2023,四川,本科一批,理科,,,525,62666,
3989,浙江财经大学,2023,四川,本科一批,理科,,,565,40488,
3992,上海电机学院,2023,四川,本科一批,理科,,,526,75055,
3993,浙江工商大学,2023,四川,本科一批,理科,,,539,61706,
3999,福州大学,2023,四川,本科一批,理科,,,594,23731,
4,北京交通大学,2023,四川,本科一批,理科,,,633,6625,
40,合肥工业大学,2023,四川,本科一批,理科,,,600,10159,
4011,江西师范大学,2023,四川,本科一批,理科,,,526,76054,
41,厦门大学,2023,四川,本科一批,理科,,,650,2499,
410,北京体育大学,2023,四川,本科一批,理科,,,520,84257,
4101,郑州大学,2023,四川,本科一批,理科,,,587,17125,
4102,河南理工大学,2023,四川,本科一批,理科,,,526,59908,
4103,华北水利水电大学,2023,四川,本科一批,理科,,,527,49185,
4104,郑州轻工业大学,2023,四川,本科一批,理科,,,549,55637,
4105,河南工业大学,2023,四川,本科一批,理科,,,529,57301,
4106,河南科技大学,2023,四川,本科一批,理科,,,510,50777,
4112,新乡医学院,2023,四川,本科一批,理科,,,585,28732,
4113,河南大学,2023,四川,本科一批,理科,,,532,29392,
4115,河南师范大学,2023,四川,本科一批,理科,,,520,59908,
4121,河南财经政法大学,2023,四川,本科一批,理科,,,520,42541,
42,山东大学,2023,四川,本科一批,理科,,,639,2649,
4201,长江大学,2023,四川,本科一批,理科,,,539,43982,
4202,武汉工程大学,2023,四川,本科一批,理科,,,565,28116,
4203,湖北大学,2023,四川,本科一批,理科,,,576,30557,
4204,武汉纺织大学,2023,四川,本科一批,理科,,,524,60765,
4207,湖北工业大学,2023,四川,本科一批,理科,,,582,24275,
4217,湖北汽车工业学院,2023,四川,本科一批,理科,,,532,72000,
4239,武汉科技大学,2023,四川,本科一批,理科,,,525,28732,
4241,三峡大学,2023,四川,本科一批,理科,,,551,17125,
4242,江汉大学,2023,四川,本科一批,理科,,,558,41149,
43,中国海洋大学,2023,四川,本科一批,理科,,,623,9205,
4301,湘潭大学,2023,四川,本科一批,理科,,,584,17574,
4302,吉首大学,2023,四川,本科一批,理科,,,532,68167,
4304,湖南科技大学,2023,四川,本科一批,理科,,,524,39765,
4306,长沙理工大学,2023,四川,本科一批,理科,,,590,15374,
4307,湖南农业大学,2023,四川,本科一批,理科,,,538,66337,
4308,中南林业科技大学,2023,四川,本科一批,理科,,,526,58147,
4310,湖南中医药大学,2023,四川,本科一批,理科,,,548,29392,
4311,湖南师范大学,2023,四川,本科一批,理科,,,598,14955,
4312,湖南理工学院,2023,四川,本科一批,理科,,,539,63567,
4321,湖南工商大学,2023,四川,本科一批,理科,,,540,58147,
4335,湖南工业大学,2023,四川,本科一批,理科,,,537,43982,
4339,南华大学,2023,四川,本科一批,理科,,,553,31207,
44,中国石油大学(华东),2023,四川,本科一批,理科,,,607,14955,
4402,汕头大学,2023,四川,本科一批,理科,,,578,13757,
4404,华南农业大学,2023,四川,本科一批,理科,,,579,22694,
4405,广州大学,2023,四川,本科一批,理科,,,597,21713,
4406,广东海洋大学,2023,四川,本科一批,理科,,,531,59013,
4408,广州中医药大学,2023,四川,本科一批,理科,,,580,5112,
4409,广东药科大学,2023,四川,本科一批,理科,,,545,46179,
4410,华南师范大学,2023,四川,本科一批,理科,,,539,14955,
4424,深圳大学,2023,四川,本科一批,理科,,,618,7177,
4426,广东财经大学,2023,四川,本科一批,理科,,,566,37009,
4429,广东医科大学,2023,四川,本科一批,理科,,,596,17125,
4432,东莞理工学院,2023,四川,本科一批,理科,,,562,32469,
4436,佛山大学,2023,四川,本科一批,理科,,,530,72000,
4437,广东外语外贸大学,2023,四川,本科一批,理科,,,533,18012,
4438,广东工业大学,2023,四川,本科一批,理科,,,520,25341,
4439,南方医科大学,2023,四川,本科一批,理科,,,595,2235,
4441,北京师范大学-香港浸会大学联合国际学院,2023,四川,本科一批,理科,,,554,39765,
4443,北京理工大学珠海学院,2023,四川,本科一批,理科,,,527,76054,
4458,广东以色列理工学院,2023,四川,本科一批,理科,,,536,31850,
45,武汉大学,2023,四川,本科一批,理科,,,658,866,
4501,广西大学,2023,四川,本科一批,理科,,,551,17125,
4503,桂林电子科技大学,2023,四川,本科一批,理科,,,594,23215,
4504,桂林理工大学,2023,四川,本科一批,理科,,,537,64480,
4506,广西医科大学,2023,四川,本科一批,理科,,,547,12629,
46,中国地质大学(武汉),2023,四川,本科一批,理科,,,595,13386,
4602,武汉工程大学,2023,四川,本科一批,理科,,,532,72000,
4605,海南大学,2023,四川,本科一批,理科,,,591,18438,
4607,湖北工业大学,2023,四川,本科一批,理科,,,531,72000,
4615,海南师范大学,2023,四川,本科一批,理科,,,520,53144,
4617,海南医科大学,2023,四川,本科一批,理科,,,593,21713,
47,华中农业大学,2023,四川,本科一批,理科,,,597,16669,
4705,河南工业大学,2023,四川,本科一批,理科,,,520,81146,
4708,中南林业科技大学,2023,四川,本科一批,理科,,,527,77035,
4741,海南师范大学,2023,四川,本科一批,理科,,,534,70054,
4790,深圳技术大学,2023,四川,本科一批,理科,,,591,18885,
48,华中师范大学,2023,四川,本科一批,理科,,,604,7177,
4801,长江大学,2023,四川,本科一批,理科,,,521,83195,
4805,海南大学,2023,四川,本科一批,理科,,,602,21220,
4871,湘潭大学,2023,四川,本科一批,理科,,,562,46179,
4896,三峡大学,2023,四川,本科一批,理科,,,596,24275,
49,湖南大学,2023,四川,本科一批,理科,,,633,5612,
4901,郑州大学,2023,四川,本科一批,理科,,,604,20274,
4904,深圳北理莫斯科大学,2023,四川,本科一批,理科,,,552,49185,
4905,海南大学,2023,四川,本科一批,理科,,,552,47703,
4954,华南理工大学,2023,四川,本科一批,理科,,,634,7442,
4957,深圳大学,2023,四川,本科一批,理科,,,588,24822,
5,北京科技大学,2023,四川,本科一批,理科,,,628,5364,
50,中山大学,2023,四川,本科一批,理科,,,654,1173,
5001,重庆邮电大学,2023,四川,本科一批,理科,,,600,16669,
5002,重庆交通大学,2023,四川,本科一批,理科,,,531,28732,
5008,重庆医科大学,2023,四川,本科一批,理科,,,548,3162,
501,北京航空航天大学,2023,四川,本科一批,理科,,,655,3522,
5010,重庆师范大学,2023,四川,本科一批,理科,,,535,34436,
5015,四川外国语大学,2023,四川,本科一批,理科,,,551,23215,
5017,西南政法大学,2023,四川,本科一批,理科,,,595,7442,
502,北京理工大学,2023,四川,本科一批,理科,,,663,2235,
5025,重庆理工大学,2023,四川,本科一批,理科,,,565,30557,
5026,重庆工商大学,2023,四川,本科一批,理科,,,540,41879,
504,北京交通大学,2023,四川,本科一批,理科,,,611,15374,
5045,四川外国语大学,2023,四川,本科一批,理科,,,520,84257,
5048,重庆医科大学,2023,四川,本科一批,理科,,,611,17125,
5050,重庆师范大学,2023,四川,本科一批,理科,,,533,71036,
506,北京化工大学,2023,四川,本科一批,理科,,,590,25892,
508,中国农业大学,2023,四川,本科一批,理科,,,598,21220,
509,北京林业大学,2023,四川,本科一批,理科,,,580,26965,
51,华南理工大学,2023,四川,本科一批,理科,,,647,1854,
5101,西南石油大学,2023,四川,本科一批,理科,,,583,24822,
5102,成都理工大学,2023,四川,本科一批,理科,,,567,22694,
5105,西南科技大学,2023,四川,本科一批,理科,,,523,50777,
5107,成都信息工程大学,2023,四川,本科一批,理科,,,546,26407,
5108,四川轻化工大学,2023,四川,本科一批,理科,,,529,68167,
5109,西华大学,2023,四川,本科一批,理科,,,541,45481,
5112,四川农业大学,2023,四川,本科一批,理科,,,554,21220,
5116,西南医科大学,2023,四川,本科一批,理科,,,532,9518,
5117,成都中医药大学,2023,四川,本科一批,理科,,,535,5612,
5118,川北医学院,2023,四川,本科一批,理科,,,533,25341,
5119,成都医学院,2023,四川,本科一批,理科,,,560,39765,
512,北京语言大学,2023,四川,本科一批,理科,,,573,35663,
5120,四川师范大学,2023,四川,本科一批,理科,,,524,34436,
5122,西华师范大学,2023,四川,本科一批,理科,,,524,60765,
513,中国传媒大学,2023,四川,本科一批,理科,,,577,31850,
5135,成都体育学院,2023,四川,本科一批,理科,,,543,59908,
5137,成都大学,2023,四川,本科一批,理科,,,548,42541,
5139,攀枝花学院,2023,四川,本科一批,理科,,,546,59013,
514,中央财经大学,2023,四川,本科一批,理科,,,636,7994,
5177,成都东软学院,2023,四川,本科一批,理科,,,520,84257,
519,大连理工大学,2023,四川,本科一批,理科,,,613,14955,
52,四川大学,2023,四川,本科一批,理科,,,635,222,
520,东北大学,2023,四川,本科一批,理科,,,610,17574,
5201,贵州大学,2023,四川,本科一批,理科,,,572,19797,
5205,遵义医科大学,2023,四川,本科一批,理科,,,597,20274,
521,吉林大学,2023,四川,本科一批,理科,,,599,18885,
522,东北师范大学,2023,四川,本科一批,理科,,,583,30557,
523,东北林业大学,2023,四川,本科一批,理科,,,594,25341,
525,同济大学,2023,四川,本科一批,理科,,,665,1610,
526,上海交通大学,2023,四川,本科一批,理科,,,674,1027,
527,华东理工大学,2023,四川,本科一批,理科,,,605,18438,
53,重庆大学,2023,四川,本科一批,理科,,,627,6115,
530,哈尔滨工业大学(深圳),2023,四川,本科一批,理科,,,626,9834,
5301,云南大学,2023,四川,本科一批,理科,,,590,17125,
5302,昆明理工大学,2023,四川,本科一批,理科,,,559,29392,
5306,昆明医科大学,2023,四川,本科一批,理科,,,619,10487,
532,南京大学,2023,四川,本科一批,理科,,,642,6345,
533,哈尔滨工程大学,2023,四川,本科一批,理科,,,580,25341,
538,中国药科大学,2023,四川,本科一批,理科,,,603,18012,
539,浙江大学,2023,四川,本科一批,理科,,,665,1978,
54,西南交通大学,2023,四川,本科一批,理科,,,603,9205,
540,合肥工业大学,2023,四川,本科一批,理科,,,586,29967,
5401,西藏大学,2023,四川,本科一批,理科,,,576,29392,
541,厦门大学,2023,四川,本科一批,理科,,,636,4670,
542,山东大学,2023,四川,本科一批,理科,,,604,15374,
545,武汉大学,2023,四川,本科一批,理科,,,620,11877,
546,中国地质大学(武汉),2023,四川,本科一批,理科,,,526,78011,
55,电子科技大学,2023,四川,本科一批,理科,,,655,626,
550,中山大学,2023,四川,本科一批,理科,,,619,11536,
5501,贵州大学,2023,四川,本科一批,理科,,,520,49992,
552,四川大学,2023,四川,本科一批,理科,,,631,6899,
5520,四川师范大学,2023,四川,本科一批,理科,,,534,53948,
553,重庆大学,2023,四川,本科一批,理科,,,618,11877,
554,西南交通大学,2023,四川,本科一批,理科,,,571,39765,
556,西南大学,2023,四川,本科一批,理科,,,572,25341,
557,西南财经大学,2023,四川,本科一批,理科,,,583,21713,
558,西安交通大学,2023,四川,本科一批,理科,,,638,1978,
56,西南大学,2023,四川,本科一批,理科,,,600,11536,
5602,成都理工大学,2023,四川,本科一批,理科,,,558,39765,
5612,四川农业大学,2023,四川,本科一批,理科,,,523,57301,
564,中国地质大学(北京),2023,四川,本科一批,理科,,,593,20760,
565,西北农林科技大学,2023,四川,本科一批,理科,,,585,29392,
567,中南大学,2023,四川,本科一批,理科,,,610,11877,
569,华中科技大学,2023,四川,本科一批,理科,,,639,5612,
57,西南财经大学,2023,四川,本科一批,理科,,,609,6345,
5701,西南石油大学,2023,四川,本科一批,理科,,,541,54788,
5703,成都锦城学院,2023,四川,本科一批,理科,,,520,84257,
5709,西华大学,2023,四川,本科一批,理科,,,527,74014,
5712,西华师范大学,2023,四川,本科一批,理科,,,521,83195,
578,山东大学威海分校,2023,四川,本科一批,理科,,,613,13757,
58,西安交通大学,2023,四川,本科一批,理科,,,667,409,
580,上海交通大学医学院,2023,四川,本科一批,理科,,,676,866,
5801,云南大学,2023,四川,本科一批,理科,,,530,74014,
588,电子科技大学,2023,四川,本科一批,理科,,,616,14955,
59,西安电子科技大学,2023,四川,本科一批,理科,,,648,3701,
590,哈尔滨工业大学(深圳),2023,四川,本科一批,理科,,,644,5866,
5901,重庆邮电大学,2023,四川,本科一批,理科,,,588,26965,
5902,重庆交通大学,2023,四川,本科一批,理科,,,531,73035,
591,大连理工大学,2023,四川,本科一批,理科,,,589,21713,
5917,西南政法大学,2023,四川,本科一批,理科,,,607,18885,
5920,成都中医药大学,2023,四川,本科一批,理科,,,520,83195,
5924,四川师范大学,2023,四川,本科一批,理科,,,520,79062,
593,浙江大学医学院,2023,四川,本科一批,理科,,,646,5364,
6,北京化工大学,2023,四川,本科一批,理科,,,612,12629,
602,北京理工大学,2023,四川,本科一批,理科,,,626,11181,
604,北京交通大学,2023,四川,本科一批,理科,,,646,5364,
61,兰州大学,2023,四川,本科一批,理科,,,619,9205,
6101,西安理工大学,2023,四川,本科一批,理科,,,596,21220,
6102,西北大学,2023,四川,本科一批,理科,,,605,16669,
6103,西安工业大学,2023,四川,本科一批,理科,,,573,28732,
6104,西安建筑科技大学,2023,四川,本科一批,理科,,,548,36337,
6105,西安科技大学,2023,四川,本科一批,理科,,,560,28732,
6106,西安石油大学,2023,四川,本科一批,理科,,,558,37670,
6109,陕西科技大学,2023,四川,本科一批,理科,,,567,35663,
6110,西安工程大学,2023,四川,本科一批,理科,,,549,42541,
6115,陕西中医药大学,2023,四川,本科一批,理科,,,543,41149,
6119,西安外国语大学,2023,四川,本科一批,理科,,,544,28732,
6121,西北政法大学,2023,四川,本科一批,理科,,,585,15770,
6129,西安邮电大学,2023,四川,本科一批,理科,,,593,22694,
6135,西安医学院,2023,四川,本科一批,理科,,,576,26407,
6139,陕西理工大学,2023,四川,本科一批,理科,,,558,49185,
6140,西安财经大学,2023,四川,本科一批,理科,,,555,51554,
615,中央民族大学,2023,四川,本科一批,理科,,,597,23731,
62,中国矿业大学(北京),2023,四川,本科一批,理科,,,603,13386,
6201,兰州理工大学,2023,四川,本科一批,理科,,,525,51554,
6202,兰州交通大学,2023,四川,本科一批,理科,,,526,20274,
6205,甘肃中医药大学,2023,四川,本科一批,理科,,,565,32469,
6206,西北师范大学,2023,四川,本科一批,理科,,,538,45481,
6215,甘肃政法大学,2023,四川,本科一批,理科,,,557,37009,
622,东北师范大学,2023,四川,本科一批,理科,,,561,46933,
625,同济大学,2023,四川,本科一批,理科,,,660,2649,
626,上海交通大学,2023,四川,本科一批,理科,,,676,680,
63,中国石油大学(北京),2023,四川,本科一批,理科,,,616,11877,
630,哈尔滨工业大学,2023,四川,本科一批,理科,,,649,4472,
6301,青海大学,2023,四川,本科一批,理科,,,563,18885,
633,哈尔滨工程大学,2023,四川,本科一批,理科,,,599,20760,
635,河海大学,2023,四川,本科一批,理科,,,587,27554,
639,浙江大学,2023,四川,本科一批,理科,,,648,4062,
64,中国地质大学(北京),2023,四川,本科一批,理科,,,599,13757,
6401,宁夏大学,2023,四川,本科一批,理科,,,532,26965,
6407,宁夏医科大学,2023,四川,本科一批,理科,,,548,18885,
645,武汉大学,2023,四川,本科一批,理科,,,627,6625,
646,中国地质大学(武汉),2023,四川,本科一批,理科,,,600,22193,
65,西北农林科技大学,2023,四川,本科一批,理科,,,600,13386,
6501,新疆大学,2023,四川,本科一批,理科,,,542,22193,
652,四川大学,2023,四川,本科一批,理科,,,598,19346,
653,重庆大学,2023,四川,本科一批,理科,,,604,12995,
6535,新疆医科大学,2023,四川,本科一批,理科,,,609,17574,
654,西南交通大学,2023,四川,本科一批,理科,,,564,39041,
6550,西安工业大学,2023,四川,本科一批,理科,,,530,53144,
656,天津大学,2023,四川,本科一批,理科,,,644,5866,
658,西安交通大学,2023,四川,本科一批,理科,,,650,3701,
6582,宁夏大学,2023,四川,本科一批,理科,,,533,71036,
66,长安大学,2023,四川,本科一批,理科,,,607,14158,
6605,西安科技大学,2023,四川,本科一批,理科,,,535,69083,
6609,陕西科技大学,2023,四川,本科一批,理科,,,531,70054,
661,兰州大学,2023,四川,本科一批,理科,,,590,27554,
665,西北农林科技大学,2023,四川,本科一批,理科,,,585,23731,
669,华中科技大学,2023,四川,本科一批,理科,,,638,6115,
67,中南大学,2023,四川,本科一批,理科,,,640,1173,
670,武汉理工大学,2023,四川,本科一批,理科,,,601,21220,
6706,西北师范大学,2023,四川,本科一批,理科,,,521,83195,
671,东北大学秦皇岛分校,2023,四川,本科一批,理科,,,607,18012,
68,中南财经政法大学,2023,四川,本科一批,理科,,,578,10487,
6802,西北大学,2023,四川,本科一批,理科,,,586,29967,
688,电子科技大学,2023,四川,本科一批,理科,,,642,6345,
69,华中科技大学,2023,四川,本科一批,理科,,,665,783,
6904,西安建筑科技大学,2023,四川,本科一批,理科,,,521,61706,
6906,西北师范大学,2023,四川,本科一批,理科,,,520,62666,
7,北京邮电大学,2023,四川,本科一批,理科,,,650,2235,
70,武汉理工大学,2023,四川,本科一批,理科,,,617,10159,
702,北京理工大学,2023,四川,本科一批,理科,,,656,3351,
71,东北大学秦皇岛分校,2023,四川,本科一批,理科,,,616,10487,
713,中国传媒大学,2023,四川,本科一批,理科,,,581,33156,
719,大连理工大学,2023,四川,本科一批,理科,,,618,14158,
725,大连海事大学,2023,四川,本科一批,理科,,,574,32469,
73,中央美术学院,2023,四川,本科一批,理科,,,593,25892,
730,哈尔滨工业大学,2023,四川,本科一批,理科,,,637,6115,
733,哈尔滨工程大学,2023,四川,本科一批,理科,,,639,7177,
745,武汉大学,2023,四川,本科一批,理科,,,596,24275,
75,北京外国语大学,2023,四川,本科一批,理科,,,596,6115,
753,重庆大学,2023,四川,本科一批,理科,,,593,25892,
756,西南大学,2023,四川,本科一批,理科,,,574,31850,
758,西安交通大学,2023,四川,本科一批,理科,,,611,14158,
760,陕西师范大学,2023,四川,本科一批,理科,,,581,30557,
77,北京大学医学部,2023,四川,本科一批,理科,,,690,78,
770,武汉理工大学,2023,四川,本科一批,理科,,,588,28732,
78,山东大学威海分校,2023,四川,本科一批,理科,,,624,6899,
780,哈尔滨工业大学(威海),2023,四川,本科一批,理科,,,637,7442,
79,中国社会科学院大学,2023,四川,本科一批,理科,,,616,9518,
8,中国农业大学,2023,四川,本科一批,理科,,,628,4472,
80,上海交通大学医学院,2023,四川,本科一批,理科,,,692,136,
81,复旦大学医学院,2023,四川,本科一批,理科,,,693,122,
826,上海交通大学,2023,四川,本科一批,理科,,,686,250,
830,哈尔滨工业大学,2023,四川,本科一批,理科,,,621,12995,
833,东南大学,2023,四川,本科一批,理科,,,648,4894,
841,厦门大学,2023,四川,本科一批,理科,,,603,14539,
843,中国海洋大学,2023,四川,本科一批,理科,,,602,18885,
851,中南民族大学,2023,四川,本科一批,理科,,,530,62666,
856,西南大学,2023,四川,本科一批,理科,,,584,20274,
858,西北工业大学,2023,四川,本科一批,理科,,,616,12254,
86,中国人民大学,2023,四川,本科一批,理科,,,657,1729,
863,西北民族大学,2023,四川,本科一批,理科,,,575,33793,
866,长安大学,2023,四川,本科一批,理科,,,592,26407,
869,华中科技大学,2023,四川,本科一批,理科,,,617,14539,
87,北京邮电大学,2023,四川,本科一批,理科,,,622,10487,
88,电子科技大学,2023,四川,本科一批,理科,,,648,3351,
89,西南大学,2023,四川,本科一批,理科,,,578,22193,
9,北京林业大学,2023,四川,本科一批,理科,,,602,11181,
90,合肥工业大学,2023,四川,本科一批,理科,,,600,14539,
904,北京交通大学,2023,四川,本科一批,理科,,,605,18885,
91,大连理工大学,2023,四川,本科一批,理科,,,621,11877,
9102,国防科技大学,2023,四川,本科一批,理科,,,655,946,
9112,陆军军医大学,2023,四川,本科一批,理科,,,607,5364,
9120,海军军医大学,2023,四川,本科一批,理科,,,636,4472,
9130,空军军医大学,2023,四川,本科一批,理科,,,541,5612,
92,北京交通大学,2023,四川,本科一批,理科,,,599,19797,
923,东北林业大学,2023,四川,本科一批,理科,,,521,31850,
93,浙江大学医学院,2023,四川,本科一批,理科,,,677,680,
94,中国石油大学(北京)克拉玛依校区,2023,四川,本科一批,理科,,,570,33156,
940,南京航空航天大学,2023,四川,本科一批,理科,,,603,20760,
941,厦门大学,2023,四川,本科一批,理科,,,615,4263,
945,武汉大学,2023,四川,本科一批,理科,,,631,7695,
95,北京协和医学院,2023,四川,本科一批,理科,,,594,25341,
952,四川大学,2023,四川,本科一批,理科,,,615,12254,
953,暨南大学,2023,四川,本科一批,理科,,,602,20274,
954,西南交通大学,2023,四川,本科一批,理科,,,572,19797,
956,西南大学,2023,四川,本科一批,理科,,,580,24822,
958,西安交通大学,2023,四川,本科一批,理科,,,585,30557,
966,长安大学,2023,四川,本科一批,理科,,,589,26407,
97,北京邮电大学,2023,四川,本科一批,理科,,,611,17125,
988,电子科技大学,2023,四川,本科一批,理科,,,626,9518,
1,北京大学,2023,四川,本科一批国家专项,理科,,,678,570,
10,北京中医药大学,2023,四川,本科一批国家专项,理科,,,578,14955,
11,北京师范大学,2023,四川,本科一批国家专项,理科,,,607,14955,
1101,北京工业大学,2023,四川,本科一批国家专项,理科,,,569,26965,
1106,首都医科大学,2023,四川,本科一批国家专项,理科,,,541,43270,
1107,首都师范大学,2023,四川,本科一批国家专项,理科,,,572,31850,
1121,首都经济贸易大学,2023,四川,本科一批国家专项,理科,,,540,35075,
12,北京语言大学,2023,四川,本科一批国家专项,理科,,,560,47703,
1206,天津中医药大学,2023,四川,本科一批国家专项,理科,,,520,79062,
1207,天津师范大学,2023,四川,本科一批国家专项,理科,,,552,53948,
1211,天津财经大学,2023,四川,本科一批国家专项,理科,,,522,48435,
1218,天津医科大学,2023,四川,本科一批国家专项,理科,,,589,25892,
13,中国传媒大学,2023,四川,本科一批国家专项,理科,,,557,27554,
14,中央财经大学,2023,四川,本科一批国家专项,理科,,,558,11536,
15,对外经济贸易大学,2023,四川,本科一批国家专项,理科,,,605,11877,
16,中国政法大学,2023,四川,本科一批国家专项,理科,,,633,7177,
17,南开大学,2023,四川,本科一批国家专项,理科,,,604,20274,
18,天津大学,2023,四川,本科一批国家专项,理科,,,608,15770,
19,大连理工大学,2023,四川,本科一批国家专项,理科,,,579,15770,
2,中国人民大学,2023,四川,本科一批国家专项,理科,,,660,1610,
20,东北大学,2023,四川,本科一批国家专项,理科,,,596,8606,
21,吉林大学,2023,四川,本科一批国家专项,理科,,,597,11536,
2101,沈阳工业大学,2023,四川,本科一批国家专项,理科,,,535,62666,
2102,沈阳航空航天大学,2023,四川,本科一批国家专项,理科,,,530,74014,
2103,沈阳理工大学,2023,四川,本科一批国家专项,理科,,,540,63567,
2104,辽宁大学,2023,四川,本科一批国家专项,理科,,,586,26407,
2105,辽宁科技大学,2023,四川,本科一批国家专项,理科,,,528,46933,
2106,辽宁工程技术大学,2023,四川,本科一批国家专项,理科,,,523,75055,
2109,大连交通大学,2023,四川,本科一批国家专项,理科,,,570,37009,
2112,沈阳建筑大学,2023,四川,本科一批国家专项,理科,,,530,64480,
2115,沈阳农业大学,2023,四川,本科一批国家专项,理科,,,521,83195,
2117,中国医科大学,2023,四川,本科一批国家专项,理科,,,555,25341,
2119,大连医科大学,2023,四川,本科一批国家专项,理科,,,629,10159,
2121,沈阳药科大学,2023,四川,本科一批国家专项,理科,,,523,46933,
2126,东北财经大学,2023,四川,本科一批国家专项,理科,,,562,39041,
22,东北师范大学,2023,四川,本科一批国家专项,理科,,,576,23731,
23,东北林业大学,2023,四川,本科一批国家专项,理科,,,524,34436,
2311,哈尔滨师范大学,2023,四川,本科一批国家专项,理科,,,539,65363,
24,复旦大学,2023,四川,本科一批国家专项,理科,,,639,866,
2444,黑龙江中医药大学,2023,四川,本科一批国家专项,理科,,,524,77035,
25,同济大学,2023,四川,本科一批国家专项,理科,,,638,5364,
26,上海交通大学,2023,四川,本科一批国家专项,理科,,,658,1610,
27,华东理工大学,2023,四川,本科一批国家专项,理科,,,602,15770,
28,东华大学,2023,四川,本科一批国家专项,理科,,,592,23215,
29,华东师范大学,2023,四川,本科一批国家专项,理科,,,624,5866,
3,清华大学,2023,四川,本科一批国家专项,理科,,,682,250,
30,上海外国语大学,2023,四川,本科一批国家专项,理科,,,558,18438,
301,北京航空航天大学,2023,四川,本科一批国家专项,理科,,,655,3351,
302,北京理工大学,2023,四川,本科一批国家专项,理科,,,623,3522,
307,外交学院,2023,四川,本科一批国家专项,理科,,,587,24822,
310,北京体育大学,2023,四川,本科一批国家专项,理科,,,555,29967,
3101,上海理工大学,2023,四川,本科一批国家专项,理科,,,582,32469,
3103,上海海事大学,2023,四川,本科一批国家专项,理科,,,557,38364,
3117,上海对外经贸大学,2023,四川,本科一批国家专项,理科,,,543,51554,
3126,上海立信会计金融学院,2023,四川,本科一批国家专项,理科,,,566,43270,
3137,上海大学,2023,四川,本科一批国家专项,理科,,,602,20274,
315,中央民族大学,2023,四川,本科一批国家专项,理科,,,608,11536,
317,华北电力大学(北京),2023,四川,本科一批国家专项,理科,,,591,7177,
32,南京大学,2023,四川,本科一批国家专项,理科,,,658,1729,
320,中国民航大学,2023,四川,本科一批国家专项,理科,,,547,34436,
3201,苏州大学,2023,四川,本科一批国家专项,理科,,,598,18012,
3205,江苏科技大学,2023,四川,本科一批国家专项,理科,,,529,57301,
3206,南京财经大学,2023,四川,本科一批国家专项,理科,,,525,29967,
3207,南京工业大学,2023,四川,本科一批国家专项,理科,,,540,51554,
3209,南京邮电大学,2023,四川,本科一批国家专项,理科,,,547,31207,
3212,江苏大学,2023,四川,本科一批国家专项,理科,,,555,36337,
3213,南京信息工程大学,2023,四川,本科一批国家专项,理科,,,563,41879,
3225,南京师范大学,2023,四川,本科一批国家专项,理科,,,569,23215,
323,华北电力大学(保定),2023,四川,本科一批国家专项,理科,,,583,9205,
325,大连海事大学,2023,四川,本科一批国家专项,理科,,,579,31207,
33,东南大学,2023,四川,本科一批国家专项,理科,,,616,7994,
330,哈尔滨工业大学,2023,四川,本科一批国家专项,理科,,,630,7695,
3302,浙江工业大学,2023,四川,本科一批国家专项,理科,,,576,23215,
3305,浙江海洋大学,2023,四川,本科一批国家专项,理科,,,520,74014,
3309,浙江师范大学,2023,四川,本科一批国家专项,理科,,,538,43982,
3310,杭州师范大学,2023,四川,本科一批国家专项,理科,,,542,53144,
3325,宁波大学,2023,四川,本科一批国家专项,理科,,,562,46179,
333,哈尔滨工程大学,2023,四川,本科一批国家专项,理科,,,587,18885,
340,南京航空航天大学,2023,四川,本科一批国家专项,理科,,,620,11181,
341,南京理工大学,2023,四川,本科一批国家专项,理科,,,585,12995,
345,中国科学技术大学,2023,四川,本科一批国家专项,理科,,,661,1510,
346,中国科学院大学,2023,四川,本科一批国家专项,理科,,,663,946,
347,华侨大学,2023,四川,本科一批国家专项,理科,,,527,54788,
35,河海大学,2023,四川,本科一批国家专项,理科,,,587,18012,
3502,福州大学,2023,四川,本科一批国家专项,理科,,,590,21220,
3507,福建师范大学,2023,四川,本科一批国家专项,理科,,,525,79062,
351,中南民族大学,2023,四川,本科一批国家专项,理科,,,533,71036,
3515,集美大学,2023,四川,本科一批国家专项,理科,,,539,62666,
353,暨南大学,2023,四川,本科一批国家专项,理科,,,544,14539,
355,中国民用航空飞行学院,2023,四川,本科一批国家专项,理科,,,521,55637,
357,西南民族大学,2023,四川,本科一批国家专项,理科,,,539,57301,
358,西北工业大学,2023,四川,本科一批国家专项,理科,,,640,5364,
36,江南大学,2023,四川,本科一批国家专项,理科,,,572,26407,
365,石河子大学,2023,四川,本科一批国家专项,理科,,,522,54788,
37,南京农业大学,2023,四川,本科一批国家专项,理科,,,565,29392,
370,中国人民警察大学,2023,四川,本科一批国家专项,理科,,,528,72000,
3703,山东科技大学,2023,四川,本科一批国家专项,理科,,,534,60765,
3705,青岛理工大学,2023,四川,本科一批国家专项,理科,,,526,54788,
3713,山东师范大学,2023,四川,本科一批国家专项,理科,,,528,63567,
38,中国药科大学,2023,四川,本科一批国家专项,理科,,,574,18438,
380,哈尔滨工业大学(威海),2023,四川,本科一批国家专项,理科,,,591,13386,
39,浙江大学,2023,四川,本科一批国家专项,理科,,,637,866,
390,哈尔滨工业大学(深圳),2023,四川,本科一批国家专项,理科,,,624,9834,
4,北京交通大学,2023,四川,本科一批国家专项,理科,,,590,21220,
40,合肥工业大学,2023,四川,本科一批国家专项,理科,,,576,22694,
41,厦门大学,2023,四川,本科一批国家专项,理科,,,627,6625,
42,山东大学,2023,四川,本科一批国家专项,理科,,,603,11877,
43,中国海洋大学,2023,四川,本科一批国家专项,理科,,,593,14158,
44,中国石油大学(华东),2023,四川,本科一批国家专项,理科,,,588,19346,
4404,华南农业大学,2023,四川,本科一批国家专项,理科,,,545,40488,
4429,广东医科大学,2023,四川,本科一批国家专项,理科,,,585,17125,
45,武汉大学,2023,四川,本科一批国家专项,理科,,,625,6115,
46,中国地质大学(武汉),2023,四川,本科一批国家专项,理科,,,581,28732,
47,华中农业大学,2023,四川,本科一批国家专项,理科,,,583,23215,
48,华中师范大学,2023,四川,本科一批国家专项,理科,,,583,19346,
49,湖南大学,2023,四川,本科一批国家专项,理科,,,603,12629,
5,北京科技大学,2023,四川,本科一批国家专项,理科,,,585,12254,
50,中山大学,2023,四川,本科一批国家专项,理科,,,595,11877,
51,华南理工大学,2023,四川,本科一批国家专项,理科,,,586,5866,
5101,西南石油大学,2023,四川,本科一批国家专项,理科,,,554,32469,
5102,成都理工大学,2023,四川,本科一批国家专项,理科,,,533,21713,
5105,西南科技大学,2023,四川,本科一批国家专项,理科,,,521,68167,
5107,成都信息工程大学,2023,四川,本科一批国家专项,理科,,,533,32469,
5108,四川轻化工大学,2023,四川,本科一批国家专项,理科,,,524,66337,
5109,西华大学,2023,四川,本科一批国家专项,理科,,,545,50777,
5112,四川农业大学,2023,四川,本科一批国家专项,理科,,,538,28732,
5116,西南医科大学,2023,四川,本科一批国家专项,理科,,,525,19346,
5117,成都中医药大学,2023,四川,本科一批国家专项,理科,,,534,31850,
5118,川北医学院,2023,四川,本科一批国家专项,理科,,,549,30557,
5120,四川师范大学,2023,四川,本科一批国家专项,理科,,,527,28732,
5122,西华师范大学,2023,四川,本科一批国家专项,理科,,,537,58147,
5137,成都大学,2023,四川,本科一批国家专项,理科,,,531,41879,
52,四川大学,2023,四川,本科一批国家专项,理科,,,594,6625,
522,东北师范大学,2023,四川,本科一批国家专项,理科,,,605,14539,
53,重庆大学,2023,四川,本科一批国家专项,理科,,,610,14158,
54,西南交通大学,2023,四川,本科一批国家专项,理科,,,596,9518,
55,电子科技大学,2023,四川,本科一批国家专项,理科,,,643,3351,
558,西安交通大学,2023,四川,本科一批国家专项,理科,,,607,4670,
57,西南财经大学,2023,四川,本科一批国家专项,理科,,,607,12629,
58,西安交通大学,2023,四川,本科一批国家专项,理科,,,625,2983,
59,西安电子科技大学,2023,四川,本科一批国家专项,理科,,,611,10159,
6,北京化工大学,2023,四川,本科一批国家专项,理科,,,592,22193,
60,陕西师范大学,2023,四川,本科一批国家专项,理科,,,590,17574,
61,兰州大学,2023,四川,本科一批国家专项,理科,,,597,12254,
62,中国矿业大学(北京),2023,四川,本科一批国家专项,理科,,,581,29967,
63,中国石油大学(北京),2023,四川,本科一批国家专项,理科,,,593,20760,
64,中国地质大学(北京),2023,四川,本科一批国家专项,理科,,,541,30557,
65,西北农林科技大学,2023,四川,本科一批国家专项,理科,,,588,19346,
66,长安大学,2023,四川,本科一批国家专项,理科,,,580,18012,
67,中南大学,2023,四川,本科一批国家专项,理科,,,587,16198,
68,中南财经政法大学,2023,四川,本科一批国家专项,理科,,,591,18438,
69,华中科技大学,2023,四川,本科一批国家专项,理科,,,627,5364,
7,北京邮电大学,2023,四川,本科一批国家专项,理科,,,624,7994,
70,武汉理工大学,2023,四川,本科一批国家专项,理科,,,583,14158,
75,北京外国语大学,2023,四川,本科一批国家专项,理科,,,611,13386,
77,北京大学医学部,2023,四川,本科一批国家专项,理科,,,656,3351,
78,山东大学威海分校,2023,四川,本科一批国家专项,理科,,,586,11181,
8,中国农业大学,2023,四川,本科一批国家专项,理科,,,607,11877,
80,上海交通大学医学院,2023,四川,本科一批国家专项,理科,,,668,1610,
81,复旦大学医学院,2023,四川,本科一批国家专项,理科,,,638,2381,
863,西北民族大学,2023,四川,本科一批国家专项,理科,,,552,53948,
89,西南大学,2023,四川,本科一批国家专项,理科,,,562,30557,
9,北京林业大学,2023,四川,本科一批国家专项,理科,,,578,23215,
90,合肥工业大学,2023,四川,本科一批国家专项,理科,,,574,29967,
91,大连理工大学,2023,四川,本科一批国家专项,理科,,,588,24275,
94,中国石油大学(北京)克拉玛依校区,2023,四川,本科一批国家专项,理科,,,569,38364,
13,中国传媒大学,2023,四川,本科一批预科,理科,,,553,53144,
18,天津大学,2023,四川,本科一批预科,理科,,,596,24275,
20,东北大学,2023,四川,本科一批预科,理科,,,555,51554,
21,吉林大学,2023,四川,本科一批预科,理科,,,546,59013,
2201,长春理工大学,2023,四川,本科一批预科,理科,,,514,90645,
3103,上海海事大学,2023,四川,本科一批预科,理科,,,516,88515,
3107,上海应用技术大学,2023,四川,本科一批预科,理科,,,480,130991,
3137,上海大学,2023,四川,本科一批预科,理科,,,562,46179,
315,中央民族大学,2023,四川,本科一批预科,理科,,,565,43982,
333,哈尔滨工程大学,2023,四川,本科一批预科,理科,,,558,49185,
3515,集美大学,2023,四川,本科一批预科,理科,,,521,83195,
357,西南民族大学,2023,四川,本科一批预科,理科,,,489,119845,
36,江南大学,2023,四川,本科一批预科,理科,,,540,64480,
41,厦门大学,2023,四川,本科一批预科,理科,,,616,14955,
42,山东大学,2023,四川,本科一批预科,理科,,,582,25892,
4241,三峡大学,2023,四川,本科一批预科,理科,,,498,109025,
43,中国海洋大学,2023,四川,本科一批预科,理科,,,567,42541,
4335,湖南工业大学,2023,四川,本科一批预科,理科,,,483,127255,
46,中国地质大学(武汉),2023,四川,本科一批预科,理科,,,556,50777,
5109,西华大学,2023,四川,本科一批预科,理科,,,472,141413,
5116,西南医科大学,2023,四川,本科一批预科,理科,,,511,93940,
5118,川北医学院,2023,四川,本科一批预科,理科,,,494,113851,
5120,四川师范大学,2023,四川,本科一批预科,理科,,,478,103118,
5122,西华师范大学,2023,四川,本科一批预科,理科,,,479,132251,
55,电子科技大学,2023,四川,本科一批预科,理科,,,607,18885,
56,西南大学,2023,四川,本科一批预科,理科,,,560,47703,
57,西南财经大学,2023,四川,本科一批预科,理科,,,575,37009,
58,西安交通大学,2023,四川,本科一批预科,理科,,,625,11536,
88,电子科技大学,2023,四川,本科一批预科,理科,,,595,24822,
9,北京林业大学,2023,四川,本科一批预科,理科,,,553,53144,
10,北京中医药大学,2023,四川,本科二批,理科,,,535,69083,
1103,北京服装学院,2023,四川,本科二批,理科,,,502,93940,
1105,北京石油化工学院,2023,四川,本科二批,理科,,,523,78011,
1108,首都体育学院,2023,四川,本科二批,理科,,,524,78011,
1119,北京联合大学,2023,四川,本科二批,理科,,,538,56474,
1148,北京农学院,2023,四川,本科二批,理科,,,509,77035,
1156,吉利学院,2023,四川,本科二批,理科,,,437,181606,
1183,北京邮电大学世纪学院,2023,四川,本科二批,理科,,,449,154122,
1184,北京工业大学耿丹学院,2023,四川,本科二批,理科,,,435,174373,
1187,北京城市学院,2023,四川,本科二批,理科,,,464,133554,
1201,天津科技大学,2023,四川,本科二批,理科,,,525,62666,
1204,天津理工大学,2023,四川,本科二批,理科,,,516,66337,
1205,天津农学院,2023,四川,本科二批,理科,,,487,97433,
1207,天津师范大学,2023,四川,本科二批,理科,,,527,77035,
1212,天津体育学院,2023,四川,本科二批,理科,,,486,123530,
1216,天津城建大学,2023,四川,本科二批,理科,,,495,91741,
1222,天津职业技术师范大学,2023,四川,本科二批,理科,,,479,100806,
1240,天津商业大学,2023,四川,本科二批,理科,,,505,100806,
1251,天津天狮学院,2023,四川,本科二批,理科,,,433,181606,
1255,天津中德应用技术大学,2023,四川,本科二批,理科,,,487,109025,
1289,天津仁爱学院,2023,四川,本科二批,理科,,,433,182843,
1292,天津商业大学宝德学院,2023,四川,本科二批,理科,,,436,184008,
1293,天津医科大学临床医学院,2023,四川,本科二批,理科,,,474,86366,
1294,天津传媒学院,2023,四川,本科二批,理科,,,438,179177,
1295,天津外国语大学滨海外事学院,2023,四川,本科二批,理科,,,434,150242,
1296,北京科技大学天津学院,2023,四川,本科二批,理科,,,443,174373,
1297,天津财经大学珠江学院,2023,四川,本科二批,理科,,,438,173184,
1298,天津理工大学中环信息学院,2023,四川,本科二批,理科,,,444,164267,
1301,河北工程大学,2023,四川,本科二批,理科,,,471,74014,
1304,河北地质大学,2023,四川,本科二批,理科,,,502,81146,
1306,河北科技大学,2023,四川,本科二批,理科,,,482,79062,
1311,河北科技师范学院,2023,四川,本科二批,理科,,,476,133554,
1313,承德医学院,2023,四川,本科二批,理科,,,561,46933,
1314,河北金融学院,2023,四川,本科二批,理科,,,489,100806,
1315,北华航天工业学院,2023,四川,本科二批,理科,,,503,84257,
1317,廊坊师范学院,2023,四川,本科二批,理科,,,478,128538,
1319,河北医科大学,2023,四川,本科二批,理科,,,526,53144,
1320,河北经贸大学,2023,四川,本科二批,理科,,,513,78011,
1321,衡水学院,2023,四川,本科二批,理科,,,488,116237,
1322,河北建筑工程学院,2023,四川,本科二批,理科,,,478,116237,
1324,唐山师范学院,2023,四川,本科二批,理科,,,479,130991,
1325,河北北方学院,2023,四川,本科二批,理科,,,522,70054,
1331,保定学院,2023,四川,本科二批,理科,,,477,109025,
1333,邯郸学院,2023,四川,本科二批,理科,,,474,134825,
1340,燕京理工学院,2023,四川,本科二批,理科,,,436,147750,
1341,河北中医药大学,2023,四川,本科二批,理科,,,518,80071,
1342,河北工程大学科信学院,2023,四川,本科二批,理科,,,471,134825,
1348,华北理工大学轻工学院,2023,四川,本科二批,理科,,,435,187508,
1349,张家口学院,2023,四川,本科二批,理科,,,480,122243,
1368,河北传媒学院,2023,四川,本科二批,理科,,,446,141413,
1381,河北东方学院,2023,四川,本科二批,理科,,,442,163029,
1386,河北外国语学院,2023,四川,本科二批,理科,,,433,185185,
1390,河北环境工程学院,2023,四川,本科二批,理科,,,477,130991,
1392,河北医科大学临床学院,2023,四川,本科二批,理科,,,527,58147,
1394,石家庄铁道大学四方学院,2023,四川,本科二批,理科,,,476,134825,
1395,河北水利电力学院,2023,四川,本科二批,理科,,,481,114996,
1397,沧州交通学院,2023,四川,本科二批,理科,,,447,140056,
1402,太原科技大学,2023,四川,本科二批,理科,,,515,72000,
1406,山西农业大学,2023,四川,本科二批,理科,,,475,84257,
1407,山西医科大学,2023,四川,本科二批,理科,,,517,73035,
1409,长治医学院,2023,四川,本科二批,理科,,,529,60765,
1411,山西师范大学,2023,四川,本科二批,理科,,,494,103118,
1412,太原师范学院,2023,四川,本科二批,理科,,,507,92777,
1413,山西大同大学,2023,四川,本科二批,理科,,,487,117430,
1414,晋中学院,2023,四川,本科二批,理科,,,479,121079,
1415,运城学院,2023,四川,本科二批,理科,,,475,134825,
1416,忻州师范学院,2023,四川,本科二批,理科,,,467,130991,
1418,吕梁学院,2023,四川,本科二批,理科,,,473,129734,
1420,长治学院,2023,四川,本科二批,理科,,,475,127255,
1421,山西中医药大学,2023,四川,本科二批,理科,,,512,77035,
1427,太原学院,2023,四川,本科二批,理科,,,477,127255,
1433,太原工业学院,2023,四川,本科二批,理科,,,483,116237,
1443,山西传媒学院,2023,四川,本科二批,理科,,,481,123530,
1451,山西能源学院,2023,四川,本科二批,理科,,,478,122243,
1474,晋中信息学院,2023,四川,本科二批,理科,,,464,151544,
1476,运城职业技术大学,2023,四川,本科二批,理科,,,443,170781,
1490,山西工商学院,2023,四川,本科二批,理科,,,450,164267,
1491,山西晋中理工学院,2023,四川,本科二批,理科,,,445,166910,
1495,山西工程技术学院,2023,四川,本科二批,理科,,,479,116237,
1498,山西工学院,2023,四川,本科二批,理科,,,481,125979,
1503,内蒙古科技大学,2023,四川,本科二批,理科,,,480,104276,
1504,内蒙古工业大学,2023,四川,本科二批,理科,,,486,91741,
1509,内蒙古师范大学,2023,四川,本科二批,理科,,,483,114996,
1511,河套学院,2023,四川,本科二批,理科,,,474,138793,
1512,赤峰学院,2023,四川,本科二批,理科,,,474,116237,
1513,内蒙古农业大学,2023,四川,本科二批,理科,,,474,89573,
1514,内蒙古医科大学,2023,四川,本科二批,理科,,,528,51554,
1515,内蒙古民族大学,2023,四川,本科二批,理科,,,476,111432,
1516,呼伦贝尔学院,2023,四川,本科二批,理科,,,473,134825,
1518,内蒙古财经大学,2023,四川,本科二批,理科,,,478,87452,
1520,内蒙古科技大学包头师范学院,2023,四川,本科二批,理科,,,468,129734,
1521,内蒙古科技大学包头医学院,2023,四川,本科二批,理科,,,507,85318,
1556,集宁师范学院,2023,四川,本科二批,理科,,,476,133554,
1716,天津城建大学,2023,四川,本科二批,理科,,,445,127255,
1751,河北工业职业技术大学,2023,四川,本科二批,理科,,,475,132251,
1752,河北科技工程职业技术大学,2023,四川,本科二批,理科,,,478,132251,
1753,河北石油职业技术大学,2023,四川,本科二批,理科,,,477,132251,
1797,天津财经大学珠江学院,2023,四川,本科二批,理科,,,434,188698,
1831,华北理工大学冀唐学院,2023,四川,本科二批,理科,,,506,96231,
1832,河北地质大学华信学院,2023,四川,本科二批,理科,,,438,174373,
1834,保定理工学院,2023,四川,本科二批,理科,,,435,156696,
1835,北京中医药大学东方学院,2023,四川,本科二批,理科,,,482,125979,
1845,沧州师范学院,2023,四川,本科二批,理科,,,482,119845,
1907,山西医科大学,2023,四川,本科二批,理科,,,492,41879,
1909,山西科技学院,2023,四川,本科二批,理科,,,487,113851,
1913,山西工程科技职业大学,2023,四川,本科二批,理科,,,479,130991,
1916,忻州师范学院,2023,四川,本科二批,理科,,,483,127255,
1921,河北地质大学,2023,四川,本科二批,理科,,,502,104276,
2101,沈阳工业大学,2023,四川,本科二批,理科,,,504,86366,
2102,沈阳航空航天大学,2023,四川,本科二批,理科,,,521,78011,
2103,沈阳理工大学,2023,四川,本科二批,理科,,,524,58147,
2105,辽宁科技大学,2023,四川,本科二批,理科,,,481,88515,
2107,辽宁石油化工大学,2023,四川,本科二批,理科,,,503,84257,
2108,沈阳化工大学,2023,四川,本科二批,理科,,,503,83195,
2110,沈阳大学,2023,四川,本科二批,理科,,,497,88515,
2111,大连工业大学,2023,四川,本科二批,理科,,,514,75055,
2116,大连海洋大学,2023,四川,本科二批,理科,,,491,99677,
2118,锦州医科大学,2023,四川,本科二批,理科,,,457,45481,
2122,辽宁中医药大学,2023,四川,本科二批,理科,,,512,73035,
2123,辽宁师范大学,2023,四川,本科二批,理科,,,437,97433,
2124,沈阳师范大学,2023,四川,本科二批,理科,,,491,91741,
2125,渤海大学,2023,四川,本科二批,理科,,,510,88515,
2127,鞍山师范学院,2023,四川,本科二批,理科,,,463,134825,
2131,沈阳城市学院,2023,四川,本科二批,理科,,,434,170781,
2134,沈阳医学院,2023,四川,本科二批,理科,,,468,51554,
2135,大连大学,2023,四川,本科二批,理科,,,474,71036,
2136,辽宁科技学院,2023,四川,本科二批,理科,,,478,121079,
2139,辽宁工业大学,2023,四川,本科二批,理科,,,480,89573,
2143,营口理工学院,2023,四川,本科二批,理科,,,478,124752,
2145,沈阳工程学院,2023,四川,本科二批,理科,,,474,44728,
2159,辽东学院,2023,四川,本科二批,理科,,,475,132251,
2160,辽宁对外经贸学院,2023,四川,本科二批,理科,,,433,178046,
2175,辽宁传媒学院,2023,四川,本科二批,理科,,,433,189872,
2182,大连医科大学中山学院,2023,四川,本科二批,理科,,,461,116237,
2183,大连财经学院,2023,四川,本科二批,理科,,,433,181606,
2184,沈阳科技学院,2023,四川,本科二批,理科,,,434,178046,
2188,大连东软信息学院,2023,四川,本科二批,理科,,,433,179177,
2189,辽宁理工学院,2023,四川,本科二批,理科,,,433,185185,
2190,大连科技学院,2023,四川,本科二批,理科,,,433,185185,
2191,辽宁何氏医学院,2023,四川,本科二批,理科,,,473,109025,
2192,沈阳工学院,2023,四川,本科二批,理科,,,438,169510,
2194,锦州医科大学医疗学院,2023,四川,本科二批,理科,,,435,89573,
2195,辽宁中医药大学杏林学院,2023,四川,本科二批,理科,,,467,145195,
2196,沈阳城市建设学院,2023,四川,本科二批,理科,,,433,170781,
2197,大连工业大学艺术与信息工程学院,2023,四川,本科二批,理科,,,433,187508,
2199,大连理工大学城市学院,2023,四川,本科二批,理科,,,433,175581,
2205,长春工业大学,2023,四川,本科二批,理科,,,499,70054,
2206,吉林建筑大学,2023,四川,本科二批,理科,,,484,97433,
2207,吉林化工学院,2023,四川,本科二批,理科,,,478,119845,
2208,吉林农业大学,2023,四川,本科二批,理科,,,496,79062,
2213,通化师范学院,2023,四川,本科二批,理科,,,471,132251,
2214,吉林师范大学,2023,四川,本科二批,理科,,,477,112625,
2215,吉林工程技术师范学院,2023,四川,本科二批,理科,,,466,148973,
2216,长春师范大学,2023,四川,本科二批,理科,,,470,93940,
2217,白城师范学院,2023,四川,本科二批,理科,,,472,134825,
2218,吉林财经大学,2023,四川,本科二批,理科,,,508,80071,
2220,吉林工商学院,2023,四川,本科二批,理科,,,475,129734,
2226,吉林农业科技学院,2023,四川,本科二批,理科,,,475,124752,
2230,长春大学,2023,四川,本科二批,理科,,,471,91741,
2235,北华大学,2023,四川,本科二批,理科,,,448,84257,
2237,长春工程学院,2023,四川,本科二批,理科,,,476,72000,
2241,吉林医药学院,2023,四川,本科二批,理科,,,515,79062,
2279,吉林外国语大学,2023,四川,本科二批,理科,,,447,151544,
2283,长春财经学院,2023,四川,本科二批,理科,,,433,182843,
2284,长春科技学院,2023,四川,本科二批,理科,,,457,160499,
2285,长春建筑学院,2023,四川,本科二批,理科,,,433,185185,
2288,长春工业大学人文信息学院,2023,四川,本科二批,理科,,,433,178046,
2289,吉林师范大学博达学院,2023,四川,本科二批,理科,,,442,165628,
2290,长春光华学院,2023,四川,本科二批,理科,,,434,186310,
2291,长春人文学院,2023,四川,本科二批,理科,,,434,168222,
2292,长春电子科技学院,2023,四川,本科二批,理科,,,439,180407,
2293,长春大学旅游学院,2023,四川,本科二批,理科,,,436,186310,
2295,吉林警察学院,2023,四川,本科二批,理科,,,485,109025,
2305,黑龙江科技大学,2023,四川,本科二批,理科,,,477,84257,
2307,齐齐哈尔大学,2023,四川,本科二批,理科,,,474,107790,
2308,哈尔滨医科大学,2023,四川,本科二批,理科,,,501,91741,
2311,哈尔滨师范大学,2023,四川,本科二批,理科,,,475,89573,
2312,大庆师范学院,2023,四川,本科二批,理科,,,475,123530,
2313,绥化学院,2023,四川,本科二批,理科,,,472,132251,
2317,哈尔滨商业大学,2023,四川,本科二批,理科,,,466,113851,
2318,牡丹江师范学院,2023,四川,本科二批,理科,,,467,123530,
2319,哈尔滨金融学院,2023,四川,本科二批,理科,,,476,103118,
2321,佳木斯大学,2023,四川,本科二批,理科,,,475,132251,
2322,黑龙江工业学院,2023,四川,本科二批,理科,,,474,130991,
2323,齐齐哈尔医学院,2023,四川,本科二批,理科,,,472,76054,
2324,哈尔滨石油学院,2023,四川,本科二批,理科,,,433,160499,
2325,黑龙江八一农垦大学,2023,四川,本科二批,理科,,,480,99677,
2326,黑龙江财经学院,2023,四川,本科二批,理科,,,433,185185,
2329,牡丹江医科大学,2023,四川,本科二批,理科,,,522,62666,
2330,哈尔滨学院,2023,四川,本科二批,理科,,,474,128538,
2331,黑龙江工程学院,2023,四川,本科二批,理科,,,479,121079,
2336,齐齐哈尔工程学院,2023,四川,本科二批,理科,,,433,187508,
2339,黑河学院,2023,四川,本科二批,理科,,,462,133554,
2361,渤海大学,2023,四川,本科二批,理科,,,498,109025,
2371,哈尔滨信息工程学院,2023,四川,本科二批,理科,,,433,185185,
2378,沈阳理工大学,2023,四川,本科二批,理科,,,491,113851,
2380,锦州医科大学,2023,四川,本科二批,理科,,,486,123530,
2384,长春大学,2023,四川,本科二批,理科,,,465,147750,
2385,哈尔滨远东理工学院,2023,四川,本科二批,理科,,,433,186310,
2386,黑龙江外国语学院,2023,四川,本科二批,理科,,,433,186310,
2387,沈阳理工大学,2023,四川,本科二批,理科,,,473,140056,
2388,哈尔滨广厦学院,2023,四川,本科二批,理科,,,433,187508,
2389,黑龙江工程学院昆仑旅游学院,2023,四川,本科二批,理科,,,433,178046,
2391,黑龙江东方学院,2023,四川,本科二批,理科,,,433,187508,
2392,哈尔滨剑桥学院,2023,四川,本科二批,理科,,,433,187508,
2394,哈尔滨华德学院,2023,四川,本科二批,理科,,,433,180407,
2444,黑龙江中医药大学,2023,四川,本科二批,理科,,,490,106622,
2445,黑龙江工商学院,2023,四川,本科二批,理科,,,433,189872,
2511,大连工业大学,2023,四川,本科二批,理科,,,493,114996,
2524,沈阳师范大学,2023,四川,本科二批,理科,,,493,98533,
2530,长春大学,2023,四川,本科二批,理科,,,474,125979,
2541,吉林医药学院,2023,四川,本科二批,理科,,,470,143934,
2555,辽宁理工职业大学,2023,四川,本科二批,理科,,,437,185185,
2562,辽宁师范大学海华学院,2023,四川,本科二批,理科,,,433,186310,
2564,辽宁财贸学院,2023,四川,本科二批,理科,,,434,188698,
2616,长春师范大学,2023,四川,本科二批,理科,,,486,123530,
2625,渤海大学,2023,四川,本科二批,理科,,,512,92777,
2635,北华大学,2023,四川,本科二批,理科,,,451,143934,
2637,长春工程学院,2023,四川,本科二批,理科,,,475,130991,
2803,渤海大学,2023,四川,本科二批,理科,,,474,138793,
2905,长春工业大学,2023,四川,本科二批,理科,,,478,104276,
2911,长春中医药大学,2023,四川,本科二批,理科,,,483,127255,
3109,上海健康医学院,2023,四川,本科二批,理科,,,501,97433,
3115,上海体育大学,2023,四川,本科二批,理科,,,518,63567,
3124,上海电机学院,2023,四川,本科二批,理科,,,521,81146,
3125,上海工程技术大学,2023,四川,本科二批,理科,,,519,72000,
3126,上海立信会计金融学院,2023,四川,本科二批,理科,,,478,59013,
3140,上海杉达学院,2023,四川,本科二批,理科,,,433,159258,
3154,上海商学院,2023,四川,本科二批,理科,,,505,84257,
3155,上海第二工业大学,2023,四川,本科二批,理科,,,517,72000,
3157,上海建桥学院,2023,四川,本科二批,理科,,,433,147750,
3165,上海中侨职业技术大学,2023,四川,本科二批,理科,,,433,143934,
3172,上海立达学院,2023,四川,本科二批,理科,,,435,155411,
3192,上海视觉艺术学院,2023,四川,本科二批,理科,,,439,182843,
3193,上海外国语大学贤达经济人文学院,2023,四川,本科二批,理科,,,434,145195,
3194,上海师范大学天华学院,2023,四川,本科二批,理科,,,435,181606,
3195,上海兴伟学院,2023,四川,本科二批,理科,,,433,186310,
3204,江苏师范大学,2023,四川,本科二批,理科,,,520,72000,
3214,淮阴工学院,2023,四川,本科二批,理科,,,480,125979,
3215,常州工学院,2023,四川,本科二批,理科,,,489,96231,
3218,盐城工学院,2023,四川,本科二批,理科,,,486,109025,
3219,南京体育学院,2023,四川,本科二批,理科,,,487,117430,
3220,常熟理工学院,2023,四川,本科二批,理科,,,499,91741,
3227,淮阴师范学院,2023,四川,本科二批,理科,,,485,123530,
3228,盐城师范学院,2023,四川,本科二批,理科,,,480,122243,
3234,金陵科技学院,2023,四川,本科二批,理科,,,512,69083,
3235,徐州工程学院,2023,四川,本科二批,理科,,,483,110219,
3237,三江学院,2023,四川,本科二批,理科,,,434,161831,
3240,江苏第二师范学院,2023,四川,本科二批,理科,,,506,92777,
3241,江苏海洋大学,2023,四川,本科二批,理科,,,517,81146,
3243,南京工程学院,2023,四川,本科二批,理科,,,520,28732,
3245,中国矿业大学徐海学院,2023,四川,本科二批,理科,,,449,150242,
3249,江苏理工学院,2023,四川,本科二批,理科,,,503,91741,
3250,南京晓庄学院,2023,四川,本科二批,理科,,,514,89573,
3253,南京工业职业技术大学,2023,四川,本科二批,理科,,,483,109025,
3288,南京特殊教育师范学院,2023,四川,本科二批,理科,,,477,90645,
3289,南京航空航天大学金城学院,2023,四川,本科二批,理科,,,453,141413,
3290,南京邮电大学通达学院,2023,四川,本科二批,理科,,,458,152828,
3291,无锡太湖学院,2023,四川,本科二批,理科,,,434,159258,
3292,南京传媒学院,2023,四川,本科二批,理科,,,462,152828,
3293,南京理工大学泰州科技学院,2023,四川,本科二批,理科,,,451,156696,
3294,无锡学院,2023,四川,本科二批,理科,,,517,74014,
3295,南京工业大学浦江学院,2023,四川,本科二批,理科,,,448,151544,
3296,南京审计大学金审学院,2023,四川,本科二批,理科,,,472,90645,
3298,东南大学成贤学院,2023,四川,本科二批,理科,,,469,123530,
3299,常州大学怀德学院,2023,四川,本科二批,理科,,,447,165628,
3305,浙江海洋大学,2023,四川,本科二批,理科,,,515,77035,
3308,温州医科大学,2023,四川,本科二批,理科,,,503,70054,
3313,绍兴文理学院,2023,四川,本科二批,理科,,,479,118635,
3314,台州学院,2023,四川,本科二批,理科,,,483,107790,
3316,湖州师范学院,2023,四川,本科二批,理科,,,503,89573,
3319,浙江万里学院,2023,四川,本科二批,理科,,,485,116237,
3321,浙江科技大学,2023,四川,本科二批,理科,,,509,79062,
3322,宁波工程学院,2023,四川,本科二批,理科,,,498,90645,
3324,浙江水利水电学院,2023,四川,本科二批,理科,,,513,81146,
3326,杭州医学院,2023,四川,本科二批,理科,,,485,45481,
3327,浙江传媒学院,2023,四川,本科二批,理科,,,503,61706,
3328,丽水学院,2023,四川,本科二批,理科,,,482,49185,
3329,温州大学,2023,四川,本科二批,理科,,,523,65363,
3331,嘉兴大学,2023,四川,本科二批,理科,,,515,72000,
3342,温州商学院,2023,四川,本科二批,理科,,,436,168222,
3347,绍兴文理学院元培学院,2023,四川,本科二批,理科,,,442,169510,
335,上海海关学院,2023,四川,本科二批,理科,,,540,64480,
3353,浙江农林大学暨阳学院,2023,四川,本科二批,理科,,,434,185185,
3362,浙江理工大学科技与艺术学院,2023,四川,本科二批,理科,,,435,156696,
3364,宁波大学科学技术学院,2023,四川,本科二批,理科,,,433,168222,
3366,浙江师范大学行知学院,2023,四川,本科二批,理科,,,441,147750,
3379,浙江工商大学杭州商学院,2023,四川,本科二批,理科,,,436,96231,
3380,温州医科大学仁济学院,2023,四川,本科二批,理科,,,443,57301,
3383,浙江越秀外国语学院,2023,四川,本科二批,理科,,,433,164267,
3384,浙江广厦建设职业技术大学,2023,四川,本科二批,理科,,,435,182843,
3385,浙江树人学院,2023,四川,本科二批,理科,,,433,159258,
3386,宁波财经学院,2023,四川,本科二批,理科,,,433,181606,
3387,上海财经大学浙江学院,2023,四川,本科二批,理科,,,443,155411,
3388,衢州学院,2023,四川,本科二批,理科,,,483,116237,
3390,浙江财经大学东方学院,2023,四川,本科二批,理科,,,433,128538,
3392,浙大宁波理工学院,2023,四川,本科二批,理科,,,503,81146,
3393,杭州电子科技大学信息工程学院,2023,四川,本科二批,理科,,,451,154122,
3394,嘉兴南湖学院,2023,四川,本科二批,理科,,,497,90645,
3395,浙江工业大学之江学院,2023,四川,本科二批,理科,,,435,176811,
3396,中国计量大学现代科技学院,2023,四川,本科二批,理科,,,438,142670,
3398,湖州学院,2023,四川,本科二批,理科,,,491,110219,
3399,温州理工学院,2023,四川,本科二批,理科,,,502,92777,
3404,安徽工程大学,2023,四川,本科二批,理科,,,433,152828,
3405,安徽农业大学,2023,四川,本科二批,理科,,,518,76054,
3408,蚌埠医科大学,2023,四川,本科二批,理科,,,492,116237,
3410,淮北师范大学,2023,四川,本科二批,理科,,,503,83195,
3412,阜阳师范大学,2023,四川,本科二批,理科,,,493,99677,
3418,安徽科技学院,2023,四川,本科二批,理科,,,487,98533,
3419,淮南师范学院,2023,四川,本科二批,理科,,,479,127255,
3420,合肥大学,2023,四川,本科二批,理科,,,480,101957,
3422,蚌埠学院,2023,四川,本科二批,理科,,,483,127255,
3423,亳州学院,2023,四川,本科二批,理科,,,470,127255,
3427,安庆师范大学,2023,四川,本科二批,理科,,,516,88515,
3428,安徽中医药大学,2023,四川,本科二批,理科,,,494,63567,
3466,安徽文达信息工程学院,2023,四川,本科二批,理科,,,439,179177,
3469,安徽医科大学临床医学院,2023,四川,本科二批,理科,,,522,82164,
3471,安徽新华学院,2023,四川,本科二批,理科,,,436,185185,
3473,池州学院,2023,四川,本科二批,理科,,,477,129734,
3481,蚌埠工商学院,2023,四川,本科二批,理科,,,442,179177,
3493,皖江工学院,2023,四川,本科二批,理科,,,440,175581,
3501,福建理工大学,2023,四川,本科二批,理科,,,497,95083,
3508,闽江学院,2023,四川,本科二批,理科,,,472,95083,
3509,武夷学院,2023,四川,本科二批,理科,,,478,111432,
3510,闽南师范大学,2023,四川,本科二批,理科,,,481,86366,
3511,莆田学院,2023,四川,本科二批,理科,,,474,100806,
3512,泉州师范学院,2023,四川,本科二批,理科,,,476,107790,
3513,厦门理工学院,2023,四川,本科二批,理科,,,520,76054,
3517,福建农林大学,2023,四川,本科二批,理科,,,505,85318,
3519,厦门医学院,2023,四川,本科二批,理科,,,507,39765,
3521,福建农林大学金山学院,2023,四川,本科二批,理科,,,464,141413,
3522,福建中医药大学,2023,四川,本科二批,理科,,,519,41879,
3527,浙江传媒学院,2023,四川,本科二批,理科,,,517,87452,
3533,三明学院,2023,四川,本科二批,理科,,,477,106622,
3536,福建技术师范学院,2023,四川,本科二批,理科,,,479,117430,
3537,龙岩学院,2023,四川,本科二批,理科,,,475,117430,
3540,宁德师范学院,2023,四川,本科二批,理科,,,478,124752,
3541,福建江夏学院,2023,四川,本科二批,理科,,,487,93940,
3542,福州工商学院,2023,四川,本科二批,理科,,,433,187508,
3543,福建师范大学协和学院,2023,四川,本科二批,理科,,,441,134825,
3549,福州理工学院,2023,四川,本科二批,理科,,,433,185185,
355,中国民用航空飞行学院,2023,四川,本科二批,理科,,,500,68167,
3550,闽南理工学院,2023,四川,本科二批,理科,,,433,136146,
3560,泉州职业技术大学,2023,四川,本科二批,理科,,,433,174373,
3571,泉州信息工程学院,2023,四川,本科二批,理科,,,433,178046,
3575,厦门华厦学院,2023,四川,本科二批,理科,,,441,163029,
3590,福州外语外贸学院,2023,四川,本科二批,理科,,,433,178046,
3591,厦门大学嘉庚学院,2023,四川,本科二批,理科,,,464,125979,
3592,厦门工学院,2023,四川,本科二批,理科,,,443,159258,
3593,集美大学诚毅学院,2023,四川,本科二批,理科,,,462,143934,
3594,阳光学院,2023,四川,本科二批,理科,,,433,185185,
3595,福州大学至诚学院,2023,四川,本科二批,理科,,,446,142670,
3596,闽南科技学院,2023,四川,本科二批,理科,,,433,148973,
3597,福建商学院,2023,四川,本科二批,理科,,,458,92777,
3603,南昌航空大学,2023,四川,本科二批,理科,,,528,67260,
3605,景德镇陶瓷大学,2023,四川,本科二批,理科,,,501,89573,
3607,江西农业大学,2023,四川,本科二批,理科,,,502,88515,
3609,江西中医药大学,2023,四川,本科二批,理科,,,513,80071,
3610,赣南医科大学,2023,四川,本科二批,理科,,,492,90645,
3613,上饶师范学院,2023,四川,本科二批,理科,,,457,132251,
3615,赣南师范大学,2023,四川,本科二批,理科,,,485,113851,
3616,井冈山大学,2023,四川,本科二批,理科,,,497,89573,
363,西北民族大学,2023,四川,本科二批,理科,,,485,89573,
3632,萍乡学院,2023,四川,本科二批,理科,,,471,127255,
3633,南昌工程学院,2023,四川,本科二批,理科,,,474,83195,
3634,江西科技师范大学,2023,四川,本科二批,理科,,,492,88515,
3636,宜春学院,2023,四川,本科二批,理科,,,479,104276,
3637,豫章师范学院,2023,四川,本科二批,理科,,,478,127255,
3641,新余学院,2023,四川,本科二批,理科,,,477,110219,
3642,九江学院,2023,四川,本科二批,理科,,,458,83195,
3644,江西警察学院,2023,四川,本科二批,理科,,,506,98533,
3649,南昌师范学院,2023,四川,本科二批,理科,,,475,97433,
3653,江西应用科技学院,2023,四川,本科二批,理科,,,433,187508,
3654,江西科技学院,2023,四川,本科二批,理科,,,455,163029,
3656,南昌理工学院,2023,四川,本科二批,理科,,,449,133554,
3673,南昌工学院,2023,四川,本科二批,理科,,,439,179177,
3674,南昌职业大学,2023,四川,本科二批,理科,,,433,184008,
3675,江西服装学院,2023,四川,本科二批,理科,,,453,165628,
3688,江西师范大学科学技术学院,2023,四川,本科二批,理科,,,463,146426,
369,华北科技学院,2023,四川,本科二批,理科,,,473,89573,
3690,江西农业大学南昌商学院,2023,四川,本科二批,理科,,,447,155411,
3691,赣南科技学院,2023,四川,本科二批,理科,,,490,114996,
3692,南昌交通学院,2023,四川,本科二批,理科,,,443,170781,
3693,南昌航空大学科技学院,2023,四川,本科二批,理科,,,465,141413,
3694,赣东学院,2023,四川,本科二批,理科,,,472,127255,
3695,南昌医学院,2023,四川,本科二批,理科,,,526,62666,
3696,江西财经大学现代经济管理学院,2023,四川,本科二批,理科,,,448,161831,
3697,南昌大学科学技术学院,2023,四川,本科二批,理科,,,442,176811,
3698,景德镇艺术职业大学,2023,四川,本科二批,理科,,,437,184008,
3699,江西软件职业技术大学,2023,四川,本科二批,理科,,,433,184008,
3704,山东政法学院,2023,四川,本科二批,理科,,,498,71036,
3705,青岛理工大学,2023,四川,本科二批,理科,,,482,75055,
3707,曲阜师范大学,2023,四川,本科二批,理科,,,506,91741,
3708,青岛农业大学,2023,四川,本科二批,理科,,,502,91741,
3709,山东第二医科大学,2023,四川,本科二批,理科,,,474,53948,
371,大连民族大学,2023,四川,本科二批,理科,,,495,97433,
3710,济宁医学院,2023,四川,本科二批,理科,,,478,55637,
3711,临沂大学,2023,四川,本科二批,理科,,,458,96231,
3712,聊城大学,2023,四川,本科二批,理科,,,495,101957,
3714,泰山学院,2023,四川,本科二批,理科,,,479,129734,
3715,鲁东大学,2023,四川,本科二批,理科,,,500,96231,
3716,济宁学院,2023,四川,本科二批,理科,,,479,132251,
3721,烟台大学,2023,四川,本科二批,理科,,,512,75055,
3722,菏泽学院,2023,四川,本科二批,理科,,,456,140056,
3723,山东交通学院,2023,四川,本科二批,理科,,,497,87452,
3724,滨州医学院,2023,四川,本科二批,理科,,,502,59908,
3725,山东工商学院,2023,四川,本科二批,理科,,,474,93940,
3726,山东航空学院,2023,四川,本科二批,理科,,,489,113851,
3728,山东中医药大学,2023,四川,本科二批,理科,,,495,57301,
3729,青岛工学院,2023,四川,本科二批,理科,,,433,179177,
373,北方民族大学,2023,四川,本科二批,理科,,,475,91741,
3731,枣庄学院,2023,四川,本科二批,理科,,,477,133554,
3735,潍坊学院,2023,四川,本科二批,理科,,,484,97433,
3737,齐鲁工业大学,2023,四川,本科二批,理科,,,509,74014,
3739,山东理工大学,2023,四川,本科二批,理科,,,513,85318,
3740,山东农业大学,2023,四川,本科二批,理科,,,512,73035,
3744,山东农业工程学院,2023,四川,本科二批,理科,,,478,127255,
3749,齐鲁医药学院,2023,四川,本科二批,理科,,,450,74014,
3766,山东现代学院,2023,四川,本科二批,理科,,,433,174373,
3775,齐鲁师范学院,2023,四川,本科二批,理科,,,502,104276,
3780,山东外国语职业技术大学,2023,四川,本科二批,理科,,,434,175581,
3781,山东工程职业技术大学,2023,四川,本科二批,理科,,,433,186310,
3783,山东英才学院,2023,四川,本科二批,理科,,,433,175581,
3784,烟台南山学院,2023,四川,本科二批,理科,,,444,170781,
3785,青岛恒星科技学院,2023,四川,本科二批,理科,,,435,187508,
3786,山东协和学院,2023,四川,本科二批,理科,,,467,109025,
3790,青岛黄海学院,2023,四川,本科二批,理科,,,434,161831,
3793,青岛滨海学院,2023,四川,本科二批,理科,,,451,161831,
3794,山东管理学院,2023,四川,本科二批,理科,,,482,119845,
3795,齐鲁理工学院,2023,四川,本科二批,理科,,,440,143934,
3797,青岛城市学院,2023,四川,本科二批,理科,,,434,168222,
3798,山东石油化工学院,2023,四川,本科二批,理科,,,494,103118,
3803,南昌航空大学,2023,四川,本科二批,理科,,,537,59908,
3808,宁波工程学院,2023,四川,本科二批,理科,,,482,103118,
381,防灾科技学院,2023,四川,本科二批,理科,,,475,88515,
3810,皖西学院,2023,四川,本科二批,理科,,,479,130991,
3812,山东第一医科大学,2023,四川,本科二批,理科,,,514,41879,
3815,鲁东大学,2023,四川,本科二批,理科,,,498,100806,
3823,上饶师范学院,2023,四川,本科二批,理科,,,482,128538,
3826,浙江传媒学院,2023,四川,本科二批,理科,,,485,124752,
3827,安庆师范大学,2023,四川,本科二批,理科,,,476,136146,
3829,烟台理工学院,2023,四川,本科二批,理科,,,426,197660,
383,新疆政法学院,2023,四川,本科二批,理科,,,471,129734,
3830,福建农林大学,2023,四川,本科二批,理科,,,501,105476,
3833,浙江越秀外国语学院,2023,四川,本科二批,理科,,,454,164267,
3871,宿迁学院,2023,四川,本科二批,理科,,,477,114996,
3884,仰恩大学,2023,四川,本科二批,理科,,,460,156696,
3889,江苏科技大学苏州理工学院,2023,四川,本科二批,理科,,,453,142670,
3890,南京医科大学康达学院,2023,四川,本科二批,理科,,,468,80071,
3891,南京理工大学紫金学院,2023,四川,本科二批,理科,,,465,122243,
3894,苏州城市学院,2023,四川,本科二批,理科,,,503,90645,
3895,苏州大学应用技术学院,2023,四川,本科二批,理科,,,449,152828,
3896,苏州科技大学天平学院,2023,四川,本科二批,理科,,,465,146426,
3897,扬州大学广陵学院,2023,四川,本科二批,理科,,,452,147750,
3898,南通大学杏林学院,2023,四川,本科二批,理科,,,444,169510,
3908,安徽艺术学院,2023,四川,本科二批,理科,,,463,152828,
391,中华女子学院,2023,四川,本科二批,理科,,,510,86366,
3915,南京师范大学泰州学院,2023,四川,本科二批,理科,,,445,147750,
3916,南京财经大学红山学院,2023,四川,本科二批,理科,,,444,169510,
3917,江苏师范大学科文学院,2023,四川,本科二批,理科,,,449,148973,
3918,南京师范大学中北学院,2023,四川,本科二批,理科,,,450,148973,
3925,江苏大学京江学院,2023,四川,本科二批,理科,,,439,143934,
3932,南通理工学院,2023,四川,本科二批,理科,,,439,171994,
3934,江西科技师范大学,2023,四川,本科二批,理科,,,481,129734,
3938,上海建桥学院,2023,四川,本科二批,理科,,,440,181606,
3941,泰州学院,2023,四川,本科二批,理科,,,482,124752,
3943,福建师范大学协和学院,2023,四川,本科二批,理科,,,435,157959,
3948,泉州师范学院,2023,四川,本科二批,理科,,,498,109025,
3963,泉州信息工程学院,2023,四川,本科二批,理科,,,434,188698,
3964,浙江水利水电学院,2023,四川,本科二批,理科,,,489,119845,
3969,浙江药科职业大学,2023,四川,本科二批,理科,,,482,116237,
397,中国劳动关系学院,2023,四川,本科二批,理科,,,524,60765,
3970,潍坊科技学院,2023,四川,本科二批,理科,,,447,156696,
3978,潍坊理工学院,2023,四川,本科二批,理科,,,464,142670,
3987,铜陵学院,2023,四川,本科二批,理科,,,484,125979,
4102,河南理工大学,2023,四川,本科二批,理科,,,486,68167,
4104,郑州轻工业大学,2023,四川,本科二批,理科,,,521,74014,
4107,中原工学院,2023,四川,本科二批,理科,,,486,117430,
4108,河南农业大学,2023,四川,本科二批,理科,,,517,68167,
4109,河南牧业经济学院,2023,四川,本科二批,理科,,,473,132251,
4110,河南工程学院,2023,四川,本科二批,理科,,,477,96231,
4111,河南中医药大学,2023,四川,本科二批,理科,,,527,73035,
4112,新乡医学院,2023,四川,本科二批,理科,,,566,43270,
4118,南阳师范学院,2023,四川,本科二批,理科,,,479,124752,
4119,洛阳师范学院,2023,四川,本科二批,理科,,,484,118635,
4123,郑州航空工业管理学院,2023,四川,本科二批,理科,,,491,92777,
4124,安阳师范学院,2023,四川,本科二批,理科,,,487,116237,
4126,郑州师范学院,2023,四川,本科二批,理科,,,499,107790,
4128,黄淮学院,2023,四川,本科二批,理科,,,476,128538,
4129,郑州工程技术学院,2023,四川,本科二批,理科,,,485,109025,
4131,洛阳理工学院,2023,四川,本科二批,理科,,,496,101957,
4132,新乡学院,2023,四川,本科二批,理科,,,476,132251,
4133,河南财政金融学院,2023,四川,本科二批,理科,,,483,123530,
4135,信阳农林学院,2023,四川,本科二批,理科,,,477,133554,
4138,河南工学院,2023,四川,本科二批,理科,,,480,118635,
4139,安阳工学院,2023,四川,本科二批,理科,,,480,128538,
4141,信阳师范大学,2023,四川,本科二批,理科,,,482,127255,
4142,商丘师范学院,2023,四川,本科二批,理科,,,476,122243,
4146,南阳理工学院,2023,四川,本科二批,理科,,,477,111432,
4147,河南城建学院,2023,四川,本科二批,理科,,,476,128538,
4150,郑州商学院,2023,四川,本科二批,理科,,,446,163029,
4151,平顶山学院,2023,四川,本科二批,理科,,,472,141413,
4162,郑州财经学院,2023,四川,本科二批,理科,,,451,138793,
4177,郑州工业应用技术学院,2023,四川,本科二批,理科,,,444,169510,
4181,黄河科技学院,2023,四川,本科二批,理科,,,443,157959,
4182,新乡医学院三全学院,2023,四川,本科二批,理科,,,517,87452,
4183,郑州经贸学院,2023,四川,本科二批,理科,,,445,164267,
4185,郑州升达经贸管理学院,2023,四川,本科二批,理科,,,444,157959,
4192,河南科技学院,2023,四川,本科二批,理科,,,478,117430,
4205,武汉轻工大学,2023,四川,本科二批,理科,,,525,66337,
4208,湖北中医药大学,2023,四川,本科二批,理科,,,527,52345,
4209,湖北师范大学,2023,四川,本科二批,理科,,,519,76054,
4213,湖北民族大学,2023,四川,本科二批,理科,,,489,70054,
4214,汉江师范学院,2023,四川,本科二批,理科,,,480,111432,
4215,湖北文理学院,2023,四川,本科二批,理科,,,492,103118,
4216,武汉体育学院,2023,四川,本科二批,理科,,,497,101957,
4217,湖北汽车工业学院,2023,四川,本科二批,理科,,,497,95083,
4219,湖北工程学院,2023,四川,本科二批,理科,,,492,79062,
4220,湖北第二师范学院,2023,四川,本科二批,理科,,,476,85318,
4223,湖北理工学院,2023,四川,本科二批,理科,,,507,93940,
4225,湖北医药学院,2023,四川,本科二批,理科,,,543,50777,
4226,武昌工学院,2023,四川,本科二批,理科,,,442,173184,
4227,湖北大学知行学院,2023,四川,本科二批,理科,,,454,148973,
4237,武汉商学院,2023,四川,本科二批,理科,,,448,90645,
4240,武汉学院,2023,四川,本科二批,理科,,,446,160499,
4242,江汉大学,2023,四川,本科二批,理科,,,523,71036,
4244,湖北经济学院,2023,四川,本科二批,理科,,,510,65363,
4246,武汉工程科技学院,2023,四川,本科二批,理科,,,441,163029,
4247,武昌理工学院,2023,四川,本科二批,理科,,,443,175581,
4248,三峡大学科技学院,2023,四川,本科二批,理科,,,466,133554,
4250,湖北商贸学院,2023,四川,本科二批,理科,,,439,181606,
4257,荆楚理工学院,2023,四川,本科二批,理科,,,472,72000,
4261,武汉生物工程学院,2023,四川,本科二批,理科,,,470,140056,
4276,黄冈师范学院,2023,四川,本科二批,理科,,,486,117430,
4278,湖北科技学院,2023,四川,本科二批,理科,,,498,83195,
4288,武昌首义学院,2023,四川,本科二批,理科,,,461,136146,
4289,武汉工程大学邮电与信息工程学院,2023,四川,本科二批,理科,,,445,168222,
4292,湖北经济学院法商学院,2023,四川,本科二批,理科,,,435,185185,
4293,武汉体育学院体育科技学院,2023,四川,本科二批,理科,,,440,164267,
4295,湖北文理学院理工学院,2023,四川,本科二批,理科,,,445,142670,
4296,武汉城市学院,2023,四川,本科二批,理科,,,444,161831,
4298,武汉晴川学院,2023,四川,本科二批,理科,,,440,152828,
4299,武汉工商学院,2023,四川,本科二批,理科,,,449,164267,
4302,吉首大学,2023,四川,本科二批,理科,,,516,85318,
4307,湖南农业大学,2023,四川,本科二批,理科,,,519,73035,
4310,湖南中医药大学,2023,四川,本科二批,理科,,,508,46179,
4314,湘南学院,2023,四川,本科二批,理科,,,529,66337,
4315,衡阳师范学院,2023,四川,本科二批,理科,,,442,117430,
4317,怀化学院,2023,四川,本科二批,理科,,,492,99677,
4318,湖南文理学院,2023,四川,本科二批,理科,,,493,111432,
4319,湖南科技学院,2023,四川,本科二批,理科,,,457,113851,
4320,湖南人文科技学院,2023,四川,本科二批,理科,,,478,133554,
4321,湖南工商大学,2023,四川,本科二批,理科,,,518,71036,
4322,湖南第一师范学院,2023,四川,本科二批,理科,,,500,90645,
4330,湖南警察学院,2023,四川,本科二批,理科,,,494,83195,
4331,湖南城市学院,2023,四川,本科二批,理科,,,471,113851,
4333,湖南财政经济学院,2023,四川,本科二批,理科,,,512,72000,
4341,湖南工程学院,2023,四川,本科二批,理科,,,501,88515,
4343,邵阳学院,2023,四川,本科二批,理科,,,482,86366,
4344,湖南文理学院芙蓉学院,2023,四川,本科二批,理科,,,455,159258,
4346,湖南工学院,2023,四川,本科二批,理科,,,500,93940,
4347,长沙师范学院,2023,四川,本科二批,理科,,,497,110219,
4353,长沙医学院,2023,四川,本科二批,理科,,,499,104276,
4354,湖南应用技术学院,2023,四川,本科二批,理科,,,439,155411,
4357,湖南医药学院,2023,四川,本科二批,理科,,,537,59013,
4365,湖南涉外经济学院,2023,四川,本科二批,理科,,,433,168222,
4393,湖南工业大学科技学院,2023,四川,本科二批,理科,,,462,147750,
4394,湖南工程学院应用技术学院,2023,四川,本科二批,理科,,,453,155411,
4395,南华大学船山学院,2023,四川,本科二批,理科,,,460,143934,
4397,长沙理工大学城南学院,2023,四川,本科二批,理科,,,471,136146,
4399,衡阳师范学院南岳学院,2023,四川,本科二批,理科,,,474,138793,
4406,广东海洋大学,2023,四川,本科二批,理科,,,516,70054,
4412,韶关学院,2023,四川,本科二批,理科,,,481,125979,
4413,惠州学院,2023,四川,本科二批,理科,,,498,91741,
4415,岭南师范学院,2023,四川,本科二批,理科,,,466,111432,
4417,嘉应学院,2023,四川,本科二批,理科,,,480,123530,
4425,广东警官学院,2023,四川,本科二批,理科,,,521,83195,
4427,广东金融学院,2023,四川,本科二批,理科,,,521,72000,
4428,广州航海学院,2023,四川,本科二批,理科,,,484,119845,
4432,东莞理工学院,2023,四川,本科二批,理科,,,523,74014,
4435,广东石油化工学院,2023,四川,本科二批,理科,,,501,86366,
4436,佛山大学,2023,四川,本科二批,理科,,,497,92777,
4442,珠海科技学院,2023,四川,本科二批,理科,,,459,136146,
4443,北京理工大学珠海学院,2023,四川,本科二批,理科,,,464,122243,
4444,五邑大学,2023,四川,本科二批,理科,,,509,92777,
4445,广州应用科技学院,2023,四川,本科二批,理科,,,433,176811,
4450,广东科技学院,2023,四川,本科二批,理科,,,433,186310,
4452,广东白云学院,2023,四川,本科二批,理科,,,434,188698,
4454,广东技术师范大学,2023,四川,本科二批,理科,,,473,86366,
4461,广州商学院,2023,四川,本科二批,理科,,,434,165628,
4469,广州工商学院,2023,四川,本科二批,理科,,,435,185185,
4473,广东东软学院,2023,四川,本科二批,理科,,,433,178046,
4477,广州科技职业技术大学,2023,四川,本科二批,理科,,,433,186310,
4489,广州软件学院,2023,四川,本科二批,理科,,,438,178046,
4490,广州新华学院,2023,四川,本科二批,理科,,,439,159258,
4491,湛江科技学院,2023,四川,本科二批,理科,,,434,185185,
4492,广州南方学院,2023,四川,本科二批,理科,,,444,171994,
4493,广东外语外贸大学南国商学院,2023,四川,本科二批,理科,,,434,163029,
4494,广州城市理工学院,2023,四川,本科二批,理科,,,436,140056,
4495,电子科技大学中山学院,2023,四川,本科二批,理科,,,462,145195,
4496,东莞城市学院,2023,四川,本科二批,理科,,,433,182843,
4498,广州华立学院,2023,四川,本科二批,理科,,,433,186310,
4502,广西科技大学,2023,四川,本科二批,理科,,,477,92777,
4503,桂林电子科技大学,2023,四川,本科二批,理科,,,541,40488,
4504,桂林理工大学,2023,四川,本科二批,理科,,,508,76054,
4505,广西财经学院,2023,四川,本科二批,理科,,,479,87452,
4506,广西医科大学,2023,四川,本科二批,理科,,,497,75055,
4507,右江民族医学院,2023,四川,本科二批,理科,,,455,59908,
4508,广西中医药大学,2023,四川,本科二批,理科,,,523,25341,
4509,桂林医学院,2023,四川,本科二批,理科,,,540,37670,
4510,广西师范大学,2023,四川,本科二批,理科,,,516,59908,
4513,南宁师范大学,2023,四川,本科二批,理科,,,492,96231,
4514,玉林师范学院,2023,四川,本科二批,理科,,,486,121079,
4517,南宁学院,2023,四川,本科二批,理科,,,437,176811,
4518,广西民族大学,2023,四川,本科二批,理科,,,478,100806,
4520,桂林航天工业学院,2023,四川,本科二批,理科,,,501,92777,
4521,河池学院,2023,四川,本科二批,理科,,,475,132251,
4523,百色学院,2023,四川,本科二批,理科,,,476,121079,
4525,桂林旅游学院,2023,四川,本科二批,理科,,,471,125979,
4528,北部湾大学,2023,四川,本科二批,理科,,,449,95083,
4532,广西科技师范学院,2023,四川,本科二批,理科,,,479,124752,
4545,梧州学院,2023,四川,本科二批,理科,,,476,132251,
4546,贺州学院,2023,四川,本科二批,理科,,,453,133554,
4566,广西外国语学院,2023,四川,本科二批,理科,,,433,169510,
4567,广西城市职业大学,2023,四川,本科二批,理科,,,433,181606,
4583,广西民族师范学院,2023,四川,本科二批,理科,,,477,132251,
4590,广西中医药大学赛恩斯新医药学院,2023,四川,本科二批,理科,,,474,134825,
4591,桂林信息科技学院,2023,四川,本科二批,理科,,,437,178046,
4592,柳州工学院,2023,四川,本科二批,理科,,,433,175581,
4595,广西民族大学相思湖学院,2023,四川,本科二批,理科,,,447,154122,
4596,南宁理工学院,2023,四川,本科二批,理科,,,434,146426,
4611,海南热带海洋学院,2023,四川,本科二批,理科,,,481,110219,
4613,厦门理工学院,2023,四川,本科二批,理科,,,510,91741,
4617,海南医科大学,2023,四川,本科二批,理科,,,480,75055,
4618,琼台师范学院,2023,四川,本科二批,理科,,,479,119845,
4620,湖南人文科技学院,2023,四川,本科二批,理科,,,454,164267,
4625,桂林旅游学院,2023,四川,本科二批,理科,,,458,159258,
4652,海口经济学院,2023,四川,本科二批,理科,,,433,181606,
4677,海南科技职业大学,2023,四川,本科二批,理科,,,433,169510,
4691,三亚学院,2023,四川,本科二批,理科,,,433,175581,
4746,南阳理工学院,2023,四川,本科二批,理科,,,460,146426,
4754,郑州轻工业大学,2023,四川,本科二批,理科,,,497,98533,
4755,南阳师范学院,2023,四川,本科二批,理科,,,465,147750,
4761,武汉纺织大学外经贸学院,2023,四川,本科二批,理科,,,443,176811,
4762,文华学院,2023,四川,本科二批,理科,,,457,150242,
4782,广东理工学院,2023,四川,本科二批,理科,,,434,173184,
4794,郑州航空工业管理学院,2023,四川,本科二批,理科,,,476,136146,
4795,广西财经学院,2023,四川,本科二批,理科,,,471,116237,
4797,郑州西亚斯学院,2023,四川,本科二批,理科,,,466,142670,
4799,安阳工学院,2023,四川,本科二批,理科,,,473,140056,
4817,湖北汽车工业学院,2023,四川,本科二批,理科,,,486,123530,
4819,广西民族大学,2023,四川,本科二批,理科,,,466,137467,
4828,北部湾大学,2023,四川,本科二批,理科,,,465,138793,
4865,湖北恩施学院,2023,四川,本科二批,理科,,,463,152828,
4868,湖北医药学院药护学院,2023,四川,本科二批,理科,,,500,104276,
4869,湖北师范大学文理学院,2023,四川,本科二批,理科,,,456,141413,
4873,长江大学文理学院,2023,四川,本科二批,理科,,,459,145195,
4874,武汉设计工程学院,2023,四川,本科二批,理科,,,439,178046,
4876,湖北工业大学工程技术学院,2023,四川,本科二批,理科,,,449,164267,
4877,武汉华夏理工学院,2023,四川,本科二批,理科,,,442,176811,
4885,湖南文理学院,2023,四川,本科二批,理科,,,478,133554,
4887,桂林航天工业学院,2023,四川,本科二批,理科,,,488,121079,
4888,广州工商学院,2023,四川,本科二批,理科,,,433,186310,
4889,信阳学院,2023,四川,本科二批,理科,,,464,151544,
4890,海南热带海洋学院,2023,四川,本科二批,理科,,,470,143934,
4893,广西农业职业技术大学,2023,四川,本科二批,理科,,,477,134825,
4898,武汉东湖学院,2023,四川,本科二批,理科,,,449,157959,
4903,商丘工学院,2023,四川,本科二批,理科,,,448,170781,
4906,肇庆学院,2023,四川,本科二批,理科,,,499,107790,
4907,湖南农业大学,2023,四川,本科二批,理科,,,490,104276,
4912,仲恺农业工程学院,2023,四川,本科二批,理科,,,481,117430,
4943,北京理工大学珠海学院,2023,四川,本科二批,理科,,,465,129734,
4947,海南医科大学,2023,四川,本科二批,理科,,,438,173184,
4949,武汉轻工大学,2023,四川,本科二批,理科,,,481,125979,
4958,广东海洋大学,2023,四川,本科二批,理科,,,489,117430,
4961,湖南农业大学东方科技学院,2023,四川,本科二批,理科,,,464,143934,
4962,河南开封科技传媒学院,2023,四川,本科二批,理科,,,442,176811,
4964,湖南科技大学潇湘学院,2023,四川,本科二批,理科,,,465,138793,
4969,湖南交通工程学院,2023,四川,本科二批,理科,,,438,179177,
4970,南宁师范大学,2023,四川,本科二批,理科,,,492,116237,
5001,重庆邮电大学,2023,四川,本科二批,理科,,,577,35663,
5008,重庆医科大学,2023,四川,本科二批,理科,,,527,70054,
5010,重庆师范大学,2023,四川,本科二批,理科,,,522,77035,
5012,重庆文理学院,2023,四川,本科二批,理科,,,510,84257,
5013,重庆三峡学院,2023,四川,本科二批,理科,,,513,74014,
5014,长江师范学院,2023,四川,本科二批,理科,,,496,82164,
5015,四川外国语大学,2023,四川,本科二批,理科,,,519,62666,
5018,四川美术学院,2023,四川,本科二批,理科,,,521,65363,
5022,重庆科技大学,2023,四川,本科二批,理科,,,518,70054,
5025,重庆理工大学,2023,四川,本科二批,理科,,,517,54788,
5026,重庆工商大学,2023,四川,本科二批,理科,,,520,69083,
5027,重庆第二师范学院,2023,四川,本科二批,理科,,,505,81146,
5045,四川外国语大学,2023,四川,本科二批,理科,,,505,100806,
5063,重庆机电职业技术大学,2023,四川,本科二批,理科,,,452,164267,
5064,重庆工程学院,2023,四川,本科二批,理科,,,467,143934,
5085,重庆人文科技学院,2023,四川,本科二批,理科,,,472,132251,
5088,重庆城市科技学院,2023,四川,本科二批,理科,,,459,137467,
5090,重庆外语外事学院,2023,四川,本科二批,理科,,,454,148973,
5091,重庆工商大学派斯学院,2023,四川,本科二批,理科,,,458,143934,
5092,重庆移通学院,2023,四川,本科二批,理科,,,460,143934,
5093,重庆财经学院,2023,四川,本科二批,理科,,,465,133554,
5096,重庆对外经贸学院,2023,四川,本科二批,理科,,,463,134825,
5105,西南科技大学,2023,四川,本科二批,理科,,,506,97433,
5107,成都信息工程大学,2023,四川,本科二批,理科,,,529,72000,
5108,四川轻化工大学,2023,四川,本科二批,理科,,,511,73035,
5109,西华大学,2023,四川,本科二批,理科,,,518,82164,
5114,西昌学院,2023,四川,本科二批,理科,,,476,91741,
5116,西南医科大学,2023,四川,本科二批,理科,,,501,84257,
5118,川北医学院,2023,四川,本科二批,理科,,,504,80071,
5119,成都医学院,2023,四川,本科二批,理科,,,504,86366,
5122,西华师范大学,2023,四川,本科二批,理科,,,499,86366,
5123,绵阳师范学院,2023,四川,本科二批,理科,,,492,86366,
5124,内江师范学院,2023,四川,本科二批,理科,,,493,95083,
5125,宜宾学院,2023,四川,本科二批,理科,,,490,96231,
5126,成都师范学院,2023,四川,本科二批,理科,,,500,83195,
5128,四川文理学院,2023,四川,本科二批,理科,,,484,117430,
5130,阿坝师范学院,2023,四川,本科二批,理科,,,478,129734,
5133,乐山师范学院,2023,四川,本科二批,理科,,,488,101957,
5135,成都体育学院,2023,四川,本科二批,理科,,,468,105476,
5136,四川音乐学院,2023,四川,本科二批,理科,,,478,107790,
5137,成都大学,2023,四川,本科二批,理科,,,525,58147,
5139,攀枝花学院,2023,四川,本科二批,理科,,,478,109025,
5142,成都工业学院,2023,四川,本科二批,理科,,,502,87452,
5143,四川民族学院,2023,四川,本科二批,理科,,,476,129734,
5147,四川旅游学院,2023,四川,本科二批,理科,,,480,116237,
5149,四川警察学院,2023,四川,本科二批,理科,,,525,79062,
5163,成都艺术职业大学,2023,四川,本科二批,理科,,,439,181606,
5177,成都东软学院,2023,四川,本科二批,理科,,,450,166910,
5179,四川工业科技学院,2023,四川,本科二批,理科,,,445,169510,
5196,四川电影电视学院,2023,四川,本科二批,理科,,,446,166910,
5204,贵州医科大学,2023,四川,本科二批,理科,,,572,33793,
5205,遵义医科大学,2023,四川,本科二批,理科,,,522,43982,
5206,贵州中医药大学,2023,四川,本科二批,理科,,,506,61706,
5207,贵州师范大学,2023,四川,本科二批,理科,,,480,81146,
5208,遵义师范学院,2023,四川,本科二批,理科,,,468,103118,
5209,安顺学院,2023,四川,本科二批,理科,,,479,119845,
5210,黔南民族师范学院,2023,四川,本科二批,理科,,,468,129734,
5211,贵州财经大学,2023,四川,本科二批,理科,,,523,78011,
5213,贵阳学院,2023,四川,本科二批,理科,,,491,110219,
5214,六盘水师范学院,2023,四川,本科二批,理科,,,476,129734,
5216,凯里学院,2023,四川,本科二批,理科,,,480,128538,
5217,贵州工程应用技术学院,2023,四川,本科二批,理科,,,477,130991,
5220,铜仁学院,2023,四川,本科二批,理科,,,487,113851,
5221,兴义民族师范学院,2023,四川,本科二批,理科,,,481,122243,
5225,贵州师范学院,2023,四川,本科二批,理科,,,489,117430,
5230,贵州民族大学,2023,四川,本科二批,理科,,,500,96231,
5233,贵州商学院,2023,四川,本科二批,理科,,,475,134825,
5240,贵州理工学院,2023,四川,本科二批,理科,,,475,97433,
5242,贵州中医药大学时珍学院,2023,四川,本科二批,理科,,,481,117430,
5245,贵阳康养职业大学,2023,四川,本科二批,理科,,,489,110219,
5254,贵州警察学院,2023,四川,本科二批,理科,,,512,70054,
5282,贵阳信息科技学院,2023,四川,本科二批,理科,,,446,164267,
5284,贵州黔南经济学院,2023,四川,本科二批,理科,,,459,157959,
5285,遵义医科大学医学与科技学院,2023,四川,本科二批,理科,,,511,88515,
5286,贵州黔南科技学院,2023,四川,本科二批,理科,,,451,168222,
5287,贵州医科大学神奇民族医药学院,2023,四川,本科二批,理科,,,462,98533,
5288,茅台学院,2023,四川,本科二批,理科,,,478,111432,
5289,贵阳人文科技学院,2023,四川,本科二批,理科,,,445,155411,
5304,云南农业大学,2023,四川,本科二批,理科,,,517,67260,
5305,西南林业大学,2023,四川,本科二批,理科,,,473,65363,
5306,昆明医科大学,2023,四川,本科二批,理科,,,528,41879,
5307,大理大学,2023,四川,本科二批,理科,,,488,41149,
5308,云南中医药大学,2023,四川,本科二批,理科,,,509,46179,
5309,云南师范大学,2023,四川,本科二批,理科,,,533,60765,
5311,曲靖师范学院,2023,四川,本科二批,理科,,,481,114996,
5312,昭通学院,2023,四川,本科二批,理科,,,483,118635,
5313,保山学院,2023,四川,本科二批,理科,,,475,134825,
5314,红河学院,2023,四川,本科二批,理科,,,476,125979,
5315,云南财经大学,2023,四川,本科二批,理科,,,478,61706,
5320,云南民族大学,2023,四川,本科二批,理科,,,510,72000,
5321,玉溪师范学院,2023,四川,本科二批,理科,,,484,118635,
5322,楚雄师范学院,2023,四川,本科二批,理科,,,479,125979,
5323,云南警官学院,2023,四川,本科二批,理科,,,514,90645,
5324,昆明学院,2023,四川,本科二批,理科,,,475,74014,
5326,文山学院,2023,四川,本科二批,理科,,,476,136146,
5328,滇西科技师范学院,2023,四川,本科二批,理科,,,478,127255,
5350,滇西应用技术大学,2023,四川,本科二批,理科,,,482,119845,
5361,云南经济管理学院,2023,四川,本科二批,理科,,,459,151544,
5365,云南工商学院,2023,四川,本科二批,理科,,,444,170781,
5381,滇池学院,2023,四川,本科二批,理科,,,450,160499,
5382,丽江文化旅游学院,2023,四川,本科二批,理科,,,443,150242,
5385,昆明城市学院,2023,四川,本科二批,理科,,,444,161831,
5386,昆明文理学院,2023,四川,本科二批,理科,,,450,156696,
5388,昆明传媒学院,2023,四川,本科二批,理科,,,454,164267,
5391,昆明医科大学海源学院,2023,四川,本科二批,理科,,,496,82164,
5392,昆明理工大学津桥学院,2023,四川,本科二批,理科,,,444,170781,
5401,西藏大学,2023,四川,本科二批,理科,,,517,60765,
5402,西藏民族大学,2023,四川,本科二批,理科,,,495,98533,
5403,西藏藏医药大学,2023,四川,本科二批,理科,,,470,143934,
5406,西藏农牧学院,2023,四川,本科二批,理科,,,473,119845,
5502,成都理工大学,2023,四川,本科二批,理科,,,513,82164,
5504,云南农业大学,2023,四川,本科二批,理科,,,478,107790,
5505,西南科技大学,2023,四川,本科二批,理科,,,498,99677,
5507,成都信息工程大学,2023,四川,本科二批,理科,,,513,86366,
5508,四川轻化工大学,2023,四川,本科二批,理科,,,480,121079,
5512,重庆文理学院,2023,四川,本科二批,理科,,,472,140056,
5537,成都大学,2023,四川,本科二批,理科,,,500,106622,
5601,四川工商学院,2023,四川,本科二批,理科,,,458,151544,
5604,贵州医科大学,2023,四川,本科二批,理科,,,501,105476,
5609,云南师范大学,2023,四川,本科二批,理科,,,507,98533,
5622,重庆科技大学,2023,四川,本科二批,理科,,,488,121079,
5642,成都工业学院,2023,四川,本科二批,理科,,,495,106622,
5647,四川旅游学院,2023,四川,本科二批,理科,,,474,138793,
5676,成都外国语学院,2023,四川,本科二批,理科,,,448,164267,
5702,四川大学锦江学院,2023,四川,本科二批,理科,,,464,146426,
5703,成都锦城学院,2023,四川,本科二批,理科,,,472,127255,
5705,电子科技大学成都学院,2023,四川,本科二批,理科,,,464,134825,
5706,西南交通大学希望学院,2023,四川,本科二批,理科,,,449,147750,
5709,西华大学,2023,四川,本科二批,理科,,,503,87452,
5710,西南财经大学天府学院,2023,四川,本科二批,理科,,,460,130991,
5713,绵阳城市学院,2023,四川,本科二批,理科,,,447,170781,
5714,西昌学院,2023,四川,本科二批,理科,,,474,137467,
5715,成都理工大学工程技术学院,2023,四川,本科二批,理科,,,455,154122,
5719,四川传媒学院,2023,四川,本科二批,理科,,,452,143934,
5724,成都银杏酒店管理学院,2023,四川,本科二批,理科,,,438,170781,
5726,成都师范学院,2023,四川,本科二批,理科,,,478,132251,
5733,贵州商学院,2023,四川,本科二批,理科,,,453,165628,
5735,成都体育学院,2023,四川,本科二批,理科,,,446,174373,
5740,贵州理工学院,2023,四川,本科二批,理科,,,510,95083,
5742,成都工业学院,2023,四川,本科二批,理科,,,480,117430,
5747,成都文理学院,2023,四川,本科二批,理科,,,466,143934,
5776,成都外国语学院,2023,四川,本科二批,理科,,,438,175581,
5780,四川文化艺术学院,2023,四川,本科二批,理科,,,442,163029,
5806,贵州中医药大学,2023,四川,本科二批,理科,,,489,119845,
5809,西华大学,2023,四川,本科二批,理科,,,495,105476,
5814,长江师范学院,2023,四川,本科二批,理科,,,467,147750,
5892,重庆移通学院,2023,四川,本科二批,理科,,,436,184008,
5894,成都大学,2023,四川,本科二批,理科,,,493,114996,
5895,西南医科大学,2023,四川,本科二批,理科,,,503,103118,
5896,绵阳师范学院,2023,四川,本科二批,理科,,,478,132251,
5897,宜宾学院,2023,四川,本科二批,理科,,,478,132251,
5898,乐山师范学院,2023,四川,本科二批,理科,,,474,138793,
5899,四川民族学院,2023,四川,本科二批,理科,,,475,136146,
5901,重庆邮电大学,2023,四川,本科二批,理科,,,554,52345,
5903,成都理工大学工程技术学院,2023,四川,本科二批,理科,,,451,168222,
5904,凯里学院,2023,四川,本科二批,理科,,,464,151544,
5905,贵州师范大学,2023,四川,本科二批,理科,,,472,138793,
5906,昆明医科大学,2023,四川,本科二批,理科,,,505,100806,
5918,成都大学,2023,四川,本科二批,理科,,,496,110219,
5921,成都中医药大学,2023,四川,本科二批,理科,,,453,147750,
5922,四川旅游学院,2023,四川,本科二批,理科,,,433,189872,
5927,重庆第二师范学院,2023,四川,本科二批,理科,,,477,134825,
5928,铜仁学院,2023,四川,本科二批,理科,,,450,169510,
5931,西南科技大学,2023,四川,本科二批,理科,,,433,189872,
5932,内江师范学院,2023,四川,本科二批,理科,,,469,145195,
5934,四川音乐学院,2023,四川,本科二批,理科,,,456,161831,
5935,重庆财经学院,2023,四川,本科二批,理科,,,433,189872,
6116,延安大学,2023,四川,本科二批,理科,,,495,104276,
6117,咸阳师范学院,2023,四川,本科二批,理科,,,475,101957,
6125,榆林学院,2023,四川,本科二批,理科,,,480,122243,
6127,安康学院,2023,四川,本科二批,理科,,,476,127255,
6129,西安邮电大学,2023,四川,本科二批,理科,,,540,34436,
6133,西安航空学院,2023,四川,本科二批,理科,,,503,95083,
6134,陕西学前师范学院,2023,四川,本科二批,理科,,,477,127255,
6135,西安医学院,2023,四川,本科二批,理科,,,505,100806,
6136,商洛学院,2023,四川,本科二批,理科,,,477,129734,
6137,宝鸡文理学院,2023,四川,本科二批,理科,,,484,118635,
6139,陕西理工大学,2023,四川,本科二批,理科,,,518,81146,
6140,西安财经大学,2023,四川,本科二批,理科,,,525,74014,
6150,西安信息职业大学,2023,四川,本科二批,理科,,,441,175581,
6153,西安欧亚学院,2023,四川,本科二批,理科,,,437,161831,
6154,西安翻译学院,2023,四川,本科二批,理科,,,434,169510,
6155,西安外事学院,2023,四川,本科二批,理科,,,459,136146,
6156,西京学院,2023,四川,本科二批,理科,,,454,148973,
6164,西安思源学院,2023,四川,本科二批,理科,,,452,142670,
6166,陕西国际商贸学院,2023,四川,本科二批,理科,,,443,174373,
6173,西安汽车职业大学,2023,四川,本科二批,理科,,,440,179177,
6182,西安建筑科技大学华清学院,2023,四川,本科二批,理科,,,437,179177,
6183,陕西科技大学镐京学院,2023,四川,本科二批,理科,,,431,176811,
6185,西安培华学院,2023,四川,本科二批,理科,,,464,137467,
6186,西安文理学院,2023,四川,本科二批,理科,,,495,101957,
6187,西安交通大学城市学院,2023,四川,本科二批,理科,,,465,130991,
6188,西安明德理工学院,2023,四川,本科二批,理科,,,442,175581,
6189,延安大学西安创新学院,2023,四川,本科二批,理科,,,434,165628,
6190,西安工商学院,2023,四川,本科二批,理科,,,440,174373,
6192,西安财经大学行知学院,2023,四川,本科二批,理科,,,451,160499,
6199,西安理工大学高科学院,2023,四川,本科二批,理科,,,448,166910,
6203,甘肃农业大学,2023,四川,本科二批,理科,,,490,109025,
6205,甘肃中医药大学,2023,四川,本科二批,理科,,,525,59908,
6207,兰州城市学院,2023,四川,本科二批,理科,,,476,130991,
6208,陇东学院,2023,四川,本科二批,理科,,,472,132251,
6209,天水师范学院,2023,四川,本科二批,理科,,,475,132251,
6211,兰州财经大学,2023,四川,本科二批,理科,,,494,84257,
6215,甘肃政法大学,2023,四川,本科二批,理科,,,506,81146,
6217,甘肃民族师范学院,2023,四川,本科二批,理科,,,476,136146,
6222,河西学院,2023,四川,本科二批,理科,,,474,125979,
6223,甘肃医学院,2023,四川,本科二批,理科,,,521,80071,
6240,兰州文理学院,2023,四川,本科二批,理科,,,482,117430,
6281,兰州信息科技学院,2023,四川,本科二批,理科,,,440,179177,
6282,兰州工商学院,2023,四川,本科二批,理科,,,436,165628,
6285,兰州博文科技学院,2023,四川,本科二批,理科,,,437,180407,
6304,青海师范大学,2023,四川,本科二批,理科,,,506,83195,
6306,青海民族大学,2023,四川,本科二批,理科,,,486,112625,
6391,青海理工学院,2023,四川,本科二批,理科,,,457,151544,
6405,宁夏师范大学,2023,四川,本科二批,理科,,,479,129734,
6407,宁夏医科大学,2023,四川,本科二批,理科,,,511,80071,
6451,宁夏理工学院,2023,四川,本科二批,理科,,,437,154122,
6491,宁夏大学新华学院,2023,四川,本科二批,理科,,,444,174373,
6492,银川科技学院,2023,四川,本科二批,理科,,,436,159258,
6495,银川能源学院,2023,四川,本科二批,理科,,,433,180407,
6503,塔里木大学,2023,四川,本科二批,理科,,,472,125979,
6504,新疆农业大学,2023,四川,本科二批,理科,,,477,106622,
6505,新疆警察学院,2023,四川,本科二批,理科,,,492,116237,
6508,新疆师范大学,2023,四川,本科二批,理科,,,474,93940,
6509,喀什大学,2023,四川,本科二批,理科,,,472,128538,
6510,伊犁师范大学,2023,四川,本科二批,理科,,,441,132251,
6512,新疆财经大学,2023,四川,本科二批,理科,,,474,87452,
6521,新疆工程学院,2023,四川,本科二批,理科,,,473,127255,
6535,新疆医科大学,2023,四川,本科二批,理科,,,505,42541,
6543,新疆农业大学,2023,四川,本科二批,理科,,,470,143934,
6544,西安航空学院,2023,四川,本科二批,理科,,,490,118635,
6568,兰州工业学院,2023,四川,本科二批,理科,,,482,121079,
6569,青海民族大学,2023,四川,本科二批,理科,,,448,171994,
6570,商洛学院,2023,四川,本科二批,理科,,,473,140056,
6577,陕西理工大学,2023,四川,本科二批,理科,,,480,123530,
6581,咸阳师范学院,2023,四川,本科二批,理科,,,466,148973,
6584,兰州石化职业技术大学,2023,四川,本科二批,理科,,,478,132251,
6585,新疆第二医学院,2023,四川,本科二批,理科,,,475,76054,
6586,新疆理工学院,2023,四川,本科二批,理科,,,473,134825,
6587,新疆科技学院,2023,四川,本科二批,理科,,,473,133554,
6588,兰州资源环境职业技术大学,2023,四川,本科二批,理科,,,471,140056,
6595,新疆天山职业技术大学,2023,四川,本科二批,理科,,,443,166910,
6599,昌吉学院,2023,四川,本科二批,理科,,,469,138793,
6604,新疆农业大学,2023,四川,本科二批,理科,,,463,150242,
6640,西安财经大学,2023,四川,本科二批,理科,,,508,97433,
6718,渭南师范学院,2023,四川,本科二批,理科,,,476,136146,
6752,西安交通工程学院,2023,四川,本科二批,理科,,,460,152828,
6771,西安科技大学高新学院,2023,四川,本科二批,理科,,,464,151544,
6911,兰州财经大学,2023,四川,本科二批,理科,,,479,122243,
773,北方民族大学,2023,四川,本科二批,理科,,,485,124752,
2205,长春工业大学,2023,四川,本科二批国家专项,理科,,,461,155411,
3125,上海工程技术大学,2023,四川,本科二批国家专项,理科,,,485,106622,
3308,温州医科大学,2023,四川,本科二批国家专项,理科,,,478,114996,
3517,福建农林大学,2023,四川,本科二批国家专项,理科,,,470,111432,
363,西北民族大学,2023,四川,本科二批国家专项,理科,,,518,82164,
369,华北科技学院,2023,四川,本科二批国家专项,理科,,,479,95083,
371,大连民族大学,2023,四川,本科二批国家专项,理科,,,485,117430,
373,北方民族大学,2023,四川,本科二批国家专项,理科,,,501,62666,
381,防灾科技学院,2023,四川,本科二批国家专项,理科,,,474,123530,
3904,青岛理工大学,2023,四川,本科二批国家专项,理科,,,507,93940,
397,中国劳动关系学院,2023,四川,本科二批国家专项,理科,,,541,63567,
4436,佛山大学,2023,四川,本科二批国家专项,理科,,,457,154122,
6503,塔里木大学,2023,四川,本科二批国家专项,理科,,,454,161831,
1216,天津城建大学,2023,四川,本科二批预科,理科,,,439,164267,
1222,天津职业技术师范大学,2023,四川,本科二批预科,理科,,,406,199750,
1317,廊坊师范学院,2023,四川,本科二批预科,理科,,,414,210246,
2107,辽宁石油化工大学,2023,四川,本科二批预科,理科,,,423,200854,
3154,上海商学院,2023,四川,本科二批预科,理科,,,472,141413,
3234,金陵科技学院,2023,四川,本科二批预科,理科,,,462,154122,
3517,福建农林大学,2023,四川,本科二批预科,理科,,,442,179177,
363,西北民族大学,2023,四川,本科二批预科,理科,,,451,168222,
371,大连民族大学,2023,四川,本科二批预科,理科,,,444,176811,
373,北方民族大学,2023,四川,本科二批预科,理科,,,425,198711,
4213,湖北民族大学,2023,四川,本科二批预科,理科,,,459,157959,
4346,湖南工学院,2023,四川,本科二批预科,理科,,,421,203002,
5119,成都医学院,2023,四川,本科二批预科,理科,,,424,198711,
5124,内江师范学院,2023,四川,本科二批预科,理科,,,418,206183,
60,陕西师范大学,2023,四川,本科提前批预科,理科,,,561,46933,
5520,四川师范大学,2023,四川,省级公费师范生(本科),理科,,,445,26965,
5522,西华师范大学,2023,四川,省级公费师范生(本科),理科,,,436,26407,
5523,绵阳师范学院,2023,四川,省级公费师范生(本科),理科,,,446,31850,
5524,内江师范学院,2023,四川,省级公费师范生(本科),理科,,,481,56474,
5526,成都师范学院,2023,四川,省级公费师范生(本科),理科,,,453,30557,
5533,乐山师范学院,2023,四川,省级公费师范生(本科),理科,,,479,43270,
5911,成都大学,2023,四川,省级公费师范生(本科),理科,,,475,76054,
211,北京师范大学,2023,四川,高校专项,理科,,,626,7442,
22,东北师范大学,2023,四川,高校专项,理科,,,612,14539,
60,陕西师范大学,2023,四川,高校专项,理科,,,619,7177,
1160,北京经贸职业学院,2023,四川,高职专科,理科,,,339,262144,
1169,北京培黎职业学院,2023,四川,高职专科,理科,,,313,264703,
1171,北京经济技术职业学院,2023,四川,高职专科,理科,,,403,220776,
1186,北京经济管理职业学院,2023,四川,高职专科,理科,,,365,244255,
1190,北京信息职业技术学院,2023,四川,高职专科,理科,,,417,207195,
1191,首钢工学院,2023,四川,高职专科,理科,,,429,168222,
1207,天津师范大学,2023,四川,高职专科,理科,,,430,193276,
1217,天津市职业大学,2023,四川,高职专科,理科,,,430,159258,
1225,天津医学高等专科学校,2023,四川,高职专科,理科,,,430,143934,
1251,天津天狮学院,2023,四川,高职专科,理科,,,291,195480,
1253,天津滨海职业学院,2023,四川,高职专科,理科,,,326,234596,
1256,天津轻工职业技术学院,2023,四川,高职专科,理科,,,379,220776,
1257,天津电子信息职业技术学院,2023,四川,高职专科,理科,,,408,209239,
1258,天津渤海职业技术学院,2023,四川,高职专科,理科,,,367,247463,
1259,天津机电职业技术学院,2023,四川,高职专科,理科,,,358,240304,
1260,天津现代职业技术学院,2023,四川,高职专科,理科,,,358,219857,
1261,天津商务职业学院,2023,四川,高职专科,理科,,,307,204097,
1262,天津工业职业学院,2023,四川,高职专科,理科,,,328,248078,
1264,天津国土资源和房屋职业学院,2023,四川,高职专科,理科,,,362,249292,
1265,天津交通职业学院,2023,四川,高职专科,理科,,,338,260794,
1266,天津铁道职业技术学院,2023,四川,高职专科,理科,,,369,206183,
1267,天津公安警官职业学院,2023,四川,高职专科,理科,,,336,260329,
1268,天津石油职业技术学院,2023,四川,高职专科,理科,,,382,234596,
1269,天津海运职业学院,2023,四川,高职专科,理科,,,300,230049,
1271,天津生物工程职业技术学院,2023,四川,高职专科,理科,,,297,264703,
1272,天津城市建设管理职业技术学院,2023,四川,高职专科,理科,,,290,258406,
1273,天津城市职业学院,2023,四川,高职专科,理科,,,297,265916,
1290,天津滨海汽车工程职业学院,2023,四川,高职专科,理科,,,227,275754,
1305,华北理工大学,2023,四川,高职专科,理科,,,460,154122,
1336,石家庄医学高等专科学校,2023,四川,高职专科,理科,,,315,257886,
1343,唐山海运职业学院,2023,四川,高职专科,理科,,,308,193276,
1348,华北理工大学轻工学院,2023,四川,高职专科,理科,,,432,190999,
1351,河北机电职业技术学院,2023,四川,高职专科,理科,,,309,271079,
1353,承德护理职业学院,2023,四川,高职专科,理科,,,383,225105,
1354,邯郸职业技术学院,2023,四川,高职专科,理科,,,282,276057,
1355,河北旅游职业学院,2023,四川,高职专科,理科,,,211,277479,
1356,河北轨道运输职业技术学院,2023,四川,高职专科,理科,,,351,248675,
1357,石家庄工商职业学院,2023,四川,高职专科,理科,,,175,280049,
1359,石家庄铁路职业技术学院,2023,四川,高职专科,理科,,,361,237553,
1360,河北能源职业技术学院,2023,四川,高职专科,理科,,,358,252677,
1361,石家庄职业技术学院,2023,四川,高职专科,理科,,,339,256901,
1362,石家庄信息工程职业学院,2023,四川,高职专科,理科,,,348,256400,
1363,河北建材职业技术学院,2023,四川,高职专科,理科,,,313,269671,
1364,冀中职业学院,2023,四川,高职专科,理科,,,173,286820,
1370,曹妃甸职业技术学院,2023,四川,高职专科,理科,,,341,244880,
1371,石家庄城市经济职业学院,2023,四川,高职专科,理科,,,292,278264,
1372,秦皇岛职业技术学院,2023,四川,高职专科,理科,,,350,249878,
1374,廊坊卫生职业学院,2023,四川,高职专科,理科,,,367,221679,
1377,河北交通职业技术学院,2023,四川,高职专科,理科,,,340,253772,
1378,河北化工医药职业技术学院,2023,四川,高职专科,理科,,,334,257886,
1379,河北对外经贸职业学院,2023,四川,高职专科,理科,,,266,265076,
1380,石家庄人民医学高等专科学校,2023,四川,高职专科,理科,,,310,271746,
1383,承德应用技术职业学院,2023,四川,高职专科,理科,,,265,284424,
1387,石家庄科技信息职业学院,2023,四川,高职专科,理科,,,305,248078,
1399,唐山幼儿师范高等专科学校,2023,四川,高职专科,理科,,,388,226835,
1429,山西省财政税务专科学校,2023,四川,高职专科,理科,,,359,242974,
1449,忻州职业技术学院,2023,四川,高职专科,理科,,,341,253772,
1453,山西工程职业学院,2023,四川,高职专科,理科,,,326,265076,
1459,山西职业技术学院,2023,四川,高职专科,理科,,,332,242331,
1461,山西管理职业学院,2023,四川,高职专科,理科,,,306,252677,
1466,山西机电职业技术学院,2023,四川,高职专科,理科,,,325,267856,
1469,临汾职业技术学院,2023,四川,高职专科,理科,,,334,236129,
1470,山西铁道职业技术学院,2023,四川,高职专科,理科,,,343,257423,
1471,太原城市职业技术学院,2023,四川,高职专科,理科,,,323,268634,
1472,山西国际商务职业学院,2023,四川,高职专科,理科,,,284,273685,
1475,山西体育职业学院,2023,四川,高职专科,理科,,,174,251002,
1477,运城护理职业学院,2023,四川,高职专科,理科,,,388,233122,
1480,阳泉师范高等专科学校,2023,四川,高职专科,理科,,,368,242331,
1493,山西同文职业技术学院,2023,四川,高职专科,理科,,,312,225105,
1497,运城幼儿师范高等专科学校,2023,四川,高职专科,理科,,,323,268634,
1551,包头职业技术学院,2023,四川,高职专科,理科,,,229,290273,
1552,内蒙古建筑职业技术学院,2023,四川,高职专科,理科,,,331,241010,
1555,包头铁道职业技术学院,2023,四川,高职专科,理科,,,304,270002,
1558,赤峰工业职业技术学院,2023,四川,高职专科,理科,,,153,227614,
1559,兴安职业技术学院,2023,四川,高职专科,理科,,,354,248675,
1561,满洲里俄语职业学院,2023,四川,高职专科,理科,,,207,292663,
1689,石家庄邮电职业技术学院,2023,四川,高职专科,理科,,,405,184008,
1752,河北科技工程职业技术大学,2023,四川,高职专科,理科,,,364,244880,
1835,北京中医药大学东方学院,2023,四川,高职专科,理科,,,347,256400,
1836,石家庄医学高等专科学校,2023,四川,高职专科,理科,,,294,277730,
1838,沧州幼儿师范高等专科学校,2023,四川,高职专科,理科,,,215,245545,
1839,石家庄幼儿师范高等专科学校,2023,四川,高职专科,理科,,,297,276906,
1841,河北司法警官职业学院,2023,四川,高职专科,理科,,,386,218928,
1844,沧州医学高等专科学校,2023,四川,高职专科,理科,,,405,205166,
1846,宣化科技职业学院,2023,四川,高职专科,理科,,,302,270709,
1847,河北软件职业技术学院,2023,四川,高职专科,理科,,,329,266293,
1849,保定幼儿师范高等专科学校,2023,四川,高职专科,理科,,,348,256901,
1850,廊坊燕京职业技术学院,2023,四川,高职专科,理科,,,293,263854,
1854,张家口职业技术学院,2023,四川,高职专科,理科,,,154,290273,
1857,河北女子职业技术学院,2023,四川,高职专科,理科,,,329,266293,
1858,唐山职业技术学院,2023,四川,高职专科,理科,,,391,216133,
1860,廊坊职业技术学院,2023,四川,高职专科,理科,,,181,238975,
1908,内蒙古北方职业技术学院,2023,四川,高职专科,理科,,,230,238975,
1917,山西金融职业学院,2023,四川,高职专科,理科,,,183,288730,
1918,北京电子科技职业学院,2023,四川,高职专科,理科,,,442,166910,
1920,内蒙古交通职业技术学院,2023,四川,高职专科,理科,,,209,282611,
2127,鞍山师范学院,2023,四川,高职专科,理科,,,337,236837,
2130,铁岭师范高等专科学校,2023,四川,高职专科,理科,,,293,266293,
2132,抚顺师范高等专科学校,2023,四川,高职专科,理科,,,283,278264,
2133,朝阳师范学院,2023,四川,高职专科,理科,,,325,249292,
2134,沈阳医学院,2023,四川,高职专科,理科,,,442,161831,
2137,辽宁省交通高等专科学校,2023,四川,高职专科,理科,,,339,209239,
2146,辽宁农业职业技术学院,2023,四川,高职专科,理科,,,302,246225,
2152,沈阳职业技术学院,2023,四川,高职专科,理科,,,239,246833,
2153,辽宁特殊教育师范高等专科学校,2023,四川,高职专科,理科,,,248,274320,
2154,辽宁经济职业技术学院,2023,四川,高职专科,理科,,,250,272074,
2155,大连职业技术学院,2023,四川,高职专科,理科,,,274,264279,
2157,辽宁民族师范高等专科学校,2023,四川,高职专科,理科,,,318,267482,
2158,辽阳职业技术学院,2023,四川,高职专科,理科,,,188,245545,
2159,辽东学院,2023,四川,高职专科,理科,,,413,200854,
2161,大连汽车职业技术学院,2023,四川,高职专科,理科,,,202,291713,
2162,营口职业技术学院,2023,四川,高职专科,理科,,,294,275492,
2163,辽宁医药职业学院,2023,四川,高职专科,理科,,,380,233846,
2164,辽宁金融职业学院,2023,四川,高职专科,理科,,,158,198711,
2165,辽宁铁道职业技术学院,2023,四川,高职专科,理科,,,333,248675,
2166,辽宁工程职业学院,2023,四川,高职专科,理科,,,226,270709,
2167,抚顺职业技术学院,2023,四川,高职专科,理科,,,202,290912,
2168,渤海船舶职业学院,2023,四川,高职专科,理科,,,300,271746,
2169,铁岭卫生职业学院,2023,四川,高职专科,理科,,,318,269333,
2170,辽宁职业学院,2023,四川,高职专科,理科,,,233,285181,
2171,大连装备制造职业技术学院,2023,四川,高职专科,理科,,,257,264703,
2172,辽宁建筑职业学院,2023,四川,高职专科,理科,,,252,209239,
2173,辽宁地质工程职业学院,2023,四川,高职专科,理科,,,234,244880,
2174,辽宁城市建设职业技术学院,2023,四川,高职专科,理科,,,158,284219,
2175,辽宁传媒学院,2023,四川,高职专科,理科,,,282,280801,
2176,盘锦职业技术学院,2023,四川,高职专科,理科,,,224,285738,
2177,沈阳北软信息职业技术学院,2023,四川,高职专科,理科,,,182,285555,
2178,辽宁冶金职业技术学院,2023,四川,高职专科,理科,,,170,245545,
2179,锦州师范高等专科学校,2023,四川,高职专科,理科,,,309,272744,
2180,大连枫叶职业技术学院,2023,四川,高职专科,理科,,,203,263400,
2183,大连财经学院,2023,四川,高职专科,理科,,,214,270709,
2185,大连软件职业学院,2023,四川,高职专科,理科,,,307,245545,
2186,阜新高等专科学校,2023,四川,高职专科,理科,,,274,238975,
2188,大连东软信息学院,2023,四川,高职专科,理科,,,203,287638,
2189,辽宁理工学院,2023,四川,高职专科,理科,,,250,281950,
2190,大连科技学院,2023,四川,高职专科,理科,,,217,272744,
2191,辽宁何氏医学院,2023,四川,高职专科,理科,,,203,275754,
2192,沈阳工学院,2023,四川,高职专科,理科,,,206,215214,
2193,辽宁装备制造职业技术学院,2023,四川,高职专科,理科,,,261,264279,
2196,沈阳城市建设学院,2023,四川,高职专科,理科,,,175,275492,
2198,辽宁生态工程职业学院,2023,四川,高职专科,理科,,,161,242974,
2227,长春金融高等专科学校,2023,四川,高职专科,理科,,,340,226835,
2233,长春医学高等专科学校,2023,四川,高职专科,理科,,,423,189872,
2234,白城医学高等专科学校,2023,四川,高职专科,理科,,,428,195480,
2253,长春健康职业学院,2023,四川,高职专科,理科,,,371,244880,
2254,松原职业技术学院,2023,四川,高职专科,理科,,,281,281027,
2257,吉林司法警官职业学院,2023,四川,高职专科,理科,,,347,252130,
2259,吉林铁道职业技术学院,2023,四川,高职专科,理科,,,370,234596,
2287,白城职业技术学院,2023,四川,高职专科,理科,,,291,278522,
2294,辽源职业技术学院,2023,四川,高职专科,理科,,,272,279776,
2296,长春师范高等专科学校,2023,四川,高职专科,理科,,,328,237553,
2297,吉林电子信息职业技术学院,2023,四川,高职专科,理科,,,346,258896,
2306,东北石油大学,2023,四川,高职专科,理科,,,453,136146,
2328,齐齐哈尔高等师范专科学校,2023,四川,高职专科,理科,,,306,271407,
2332,大庆医学高等专科学校,2023,四川,高职专科,理科,,,394,211272,
2335,黑龙江护理高等专科学校,2023,四川,高职专科,理科,,,362,234596,
2340,牡丹江大学,2023,四川,高职专科,理科,,,245,234596,
2351,黑龙江建筑职业技术学院,2023,四川,高职专科,理科,,,315,200854,
2352,佳木斯职业学院,2023,四川,高职专科,理科,,,272,283017,
2353,黑龙江农垦职业学院,2023,四川,高职专科,理科,,,232,269671,
2355,黑龙江交通职业技术学院,2023,四川,高职专科,理科,,,302,267856,
2356,黑龙江司法警官职业学院,2023,四川,高职专科,理科,,,339,258406,
2357,黑龙江农业工程职业学院,2023,四川,高职专科,理科,,,218,255352,
2359,哈尔滨职业技术大学,2023,四川,高职专科,理科,,,295,265076,
2362,哈尔滨铁道职业技术学院,2023,四川,高职专科,理科,,,350,242974,
2365,黑龙江农业经济职业学院,2023,四川,高职专科,理科,,,269,275754,
2368,黑龙江职业学院,2023,四川,高职专科,理科,,,298,166910,
2369,黑龙江旅游职业技术学院,2023,四川,高职专科,理科,,,241,260794,
2370,伊春职业学院,2023,四川,高职专科,理科,,,311,227614,
2373,大庆职业学院,2023,四川,高职专科,理科,,,194,252130,
2376,黑龙江能源职业学院,2023,四川,高职专科,理科,,,178,239616,
2379,大兴安岭职业学院,2023,四川,高职专科,理科,,,324,233846,
2393,哈尔滨幼儿师范高等专科学校,2023,四川,高职专科,理科,,,271,266685,
2395,鹤岗师范高等专科学校,2023,四川,高职专科,理科,,,265,277976,
2396,黑龙江林业职业技术学院,2023,四川,高职专科,理科,,,164,285738,
2398,哈尔滨应用职业技术学院,2023,四川,高职专科,理科,,,185,275492,
2399,黑龙江民族职业学院,2023,四川,高职专科,理科,,,219,280049,
2441,黑龙江生态工程职业学院,2023,四川,高职专科,理科,,,167,249878,
2442,哈尔滨科学技术职业学院,2023,四川,高职专科,理科,,,291,276342,
2446,黑龙江农业职业技术学院,2023,四川,高职专科,理科,,,203,250436,
2447,黑龙江幼儿师范高等专科学校,2023,四川,高职专科,理科,,,306,274021,
2551,辽宁现代服务职业技术学院,2023,四川,高职专科,理科,,,258,258406,
2553,大连航运职业技术学院,2023,四川,高职专科,理科,,,243,253223,
2554,辽宁广告职业学院,2023,四川,高职专科,理科,,,261,254319,
2555,辽宁理工职业大学,2023,四川,高职专科,理科,,,207,289578,
2556,辽宁石化职业技术学院,2023,四川,高职专科,理科,,,164,273066,
2558,辽宁机电职业技术学院,2023,四川,高职专科,理科,,,275,262970,
2560,辽宁轻工职业学院,2023,四川,高职专科,理科,,,254,274320,
2563,辽宁轨道交通职业学院,2023,四川,高职专科,理科,,,313,259370,
2802,通化医药健康职业学院,2023,四川,高职专科,理科,,,322,236837,
3119,上海旅游高等专科学校,2023,四川,高职专科,理科,,,355,233122,
3135,上海出版印刷高等专科学校,2023,四川,高职专科,理科,,,390,205166,
3140,上海杉达学院,2023,四川,高职专科,理科,,,426,192114,
3151,上海城建职业学院,2023,四川,高职专科,理科,,,377,203002,
3153,上海交通职业技术学院,2023,四川,高职专科,理科,,,389,224236,
3156,上海济光职业技术学院,2023,四川,高职专科,理科,,,304,258896,
3157,上海建桥学院,2023,四川,高职专科,理科,,,387,222547,
3158,上海工商外国语职业学院,2023,四川,高职专科,理科,,,302,259370,
3160,上海工商职业技术学院,2023,四川,高职专科,理科,,,318,256400,
3161,上海电子信息职业技术学院,2023,四川,高职专科,理科,,,399,200854,
3162,上海震旦职业学院,2023,四川,高职专科,理科,,,196,274886,
3164,上海行健职业学院,2023,四川,高职专科,理科,,,367,247463,
3165,上海中侨职业技术大学,2023,四川,高职专科,理科,,,230,273362,
3170,上海邦德职业技术学院,2023,四川,高职专科,理科,,,295,264279,
3171,上海思博职业技术学院,2023,四川,高职专科,理科,,,207,291371,
3174,上海工艺美术职业学院,2023,四川,高职专科,理科,,,419,195480,
3177,上海科学技术职业学院,2023,四川,高职专科,理科,,,420,187508,
3184,上海农林职业技术学院,2023,四川,高职专科,理科,,,369,219857,
3232,南通科技职业学院,2023,四川,高职专科,理科,,,338,236129,
3236,镇江市高等专科学校,2023,四川,高职专科,理科,,,347,255856,
3238,江苏城乡建设职业学院,2023,四川,高职专科,理科,,,290,267482,
3242,连云港师范高等专科学校,2023,四川,高职专科,理科,,,421,195480,
3246,扬州市职业大学,2023,四川,高职专科,理科,,,349,254319,
3251,南京信息职业技术学院,2023,四川,高职专科,理科,,,433,169510,
3252,连云港职业技术学院,2023,四川,高职专科,理科,,,357,253223,
3255,江苏农牧科技职业学院,2023,四川,高职专科,理科,,,426,192114,
3256,江苏医药职业学院,2023,四川,高职专科,理科,,,418,205166,
3257,常州工程职业技术学院,2023,四川,高职专科,理科,,,356,249292,
3261,常州信息职业技术学院,2023,四川,高职专科,理科,,,425,182843,
3263,江苏航空职业技术学院,2023,四川,高职专科,理科,,,366,233122,
3264,江苏建筑职业技术学院,2023,四川,高职专科,理科,,,388,222547,
3265,江苏工程职业技术学院,2023,四川,高职专科,理科,,,384,223423,
3266,苏州工业园区职业技术学院,2023,四川,高职专科,理科,,,304,271079,
3267,太湖创意职业技术学院,2023,四川,高职专科,理科,,,281,262549,
3268,南京交通职业技术学院,2023,四川,高职专科,理科,,,365,241687,
3269,江苏农林职业技术学院,2023,四川,高职专科,理科,,,409,215214,
3273,九州职业技术学院,2023,四川,高职专科,理科,,,344,259848,
3274,江苏经贸职业技术学院,2023,四川,高职专科,理科,,,402,221679,
3275,苏州工业职业技术学院,2023,四川,高职专科,理科,,,399,209239,
3277,南京科技职业学院,2023,四川,高职专科,理科,,,392,210246,
3278,泰州职业技术学院,2023,四川,高职专科,理科,,,375,217053,
3279,常州机电职业技术学院,2023,四川,高职专科,理科,,,395,218928,
3280,江苏电子信息职业学院,2023,四川,高职专科,理科,,,363,249878,
3281,南京铁道职业技术学院,2023,四川,高职专科,理科,,,446,152828,
3284,徐州工业职业技术学院,2023,四川,高职专科,理科,,,361,229251,
3285,江苏食品药品职业技术学院,2023,四川,高职专科,理科,,,354,254319,
3287,硅湖职业技术学院,2023,四川,高职专科,理科,,,258,276906,
3297,江苏安全技术职业学院,2023,四川,高职专科,理科,,,323,262970,
3336,宁波卫生职业技术学院,2023,四川,高职专科,理科,,,394,201934,
3337,浙江安防职业技术学院,2023,四川,高职专科,理科,,,322,265076,
3342,温州商学院,2023,四川,高职专科,理科,,,401,222547,
3343,浙江国际海运职业技术学院,2023,四川,高职专科,理科,,,323,238975,
3344,台州科技职业学院,2023,四川,高职专科,理科,,,358,246833,
3345,南京城市职业学院,2023,四川,高职专科,理科,,,382,234596,
3346,浙江邮电职业技术学院,2023,四川,高职专科,理科,,,386,227614,
3351,浙江金融职业学院,2023,四川,高职专科,理科,,,432,186310,
3352,浙江交通职业技术学院,2023,四川,高职专科,理科,,,396,222547,
3354,宁波职业技术学院,2023,四川,高职专科,理科,,,422,185185,
3355,宁波城市职业技术学院,2023,四川,高职专科,理科,,,345,249292,
3356,温州职业技术学院,2023,四川,高职专科,理科,,,385,215214,
3359,浙江商业职业技术学院,2023,四川,高职专科,理科,,,412,192114,
3360,浙江工贸职业技术学院,2023,四川,高职专科,理科,,,408,208238,
3363,浙江旅游职业学院,2023,四川,高职专科,理科,,,347,253223,
3368,杭州科技职业技术学院,2023,四川,高职专科,理科,,,416,205166,
3370,义乌工商职业技术学院,2023,四川,高职专科,理科,,,360,249878,
3371,湖州职业技术学院,2023,四川,高职专科,理科,,,310,273066,
3372,浙江建设职业技术学院,2023,四川,高职专科,理科,,,403,208238,
3374,浙江工商职业技术学院,2023,四川,高职专科,理科,,,406,207195,
3375,浙江同济科技职业学院,2023,四川,高职专科,理科,,,388,226835,
3377,杭州职业技术学院,2023,四川,高职专科,理科,,,432,171994,
3384,浙江广厦建设职业技术大学,2023,四川,高职专科,理科,,,255,214199,
3425,安徽中医药高等专科学校,2023,四川,高职专科,理科,,,422,194414,
3426,马鞍山师范高等专科学校,2023,四川,高职专科,理科,,,295,276906,
3430,淮南联合大学,2023,四川,高职专科,理科,,,399,218928,
3451,安徽职业技术学院,2023,四川,高职专科,理科,,,393,218022,
3458,安庆医药高等专科学校,2023,四川,高职专科,理科,,,401,209239,
3460,安徽警官职业学院,2023,四川,高职专科,理科,,,369,246225,
3464,阜阳科技职业学院,2023,四川,高职专科,理科,,,241,288593,
3468,安徽粮食工程职业学院,2023,四川,高职专科,理科,,,304,225105,
3474,安徽医学高等专科学校,2023,四川,高职专科,理科,,,421,164267,
3475,安徽工业经济职业技术学院,2023,四川,高职专科,理科,,,338,262549,
3476,合肥通用职业技术学院,2023,四川,高职专科,理科,,,152,288593,
3479,宣城职业技术学院,2023,四川,高职专科,理科,,,336,263400,
3484,蚌埠经济技术职业学院,2023,四川,高职专科,理科,,,361,250436,
3486,安徽汽车职业技术学院,2023,四川,高职专科,理科,,,312,264703,
3487,皖西卫生职业学院,2023,四川,高职专科,理科,,,374,242974,
3488,安徽电子信息职业技术学院,2023,四川,高职专科,理科,,,318,268239,
3496,合肥职业技术学院,2023,四川,高职专科,理科,,,346,258896,
3498,合肥共达职业技术学院,2023,四川,高职专科,理科,,,309,259370,
3499,合肥幼儿师范高等专科学校,2023,四川,高职专科,理科,,,208,238258,
3523,泉州工程职业技术学院,2023,四川,高职专科,理科,,,216,237553,
3524,福建卫生职业技术学院,2023,四川,高职专科,理科,,,394,204097,
3525,湄洲湾职业技术学院,2023,四川,高职专科,理科,,,279,275188,
3538,福建电力职业技术学院,2023,四川,高职专科,理科,,,388,233122,
3544,福建农业职业技术学院,2023,四川,高职专科,理科,,,305,274595,
3545,闽江师范高等专科学校,2023,四川,高职专科,理科,,,394,194414,
3546,闽西职业技术学院,2023,四川,高职专科,理科,,,318,270359,
3547,厦门城市职业学院,2023,四川,高职专科,理科,,,350,214199,
3548,福建林业职业技术学院,2023,四川,高职专科,理科,,,288,273685,
355,中国民用航空飞行学院,2023,四川,高职专科,理科,,,473,140056,
3552,福建船政交通职业学院,2023,四川,高职专科,理科,,,342,247463,
3554,福州墨尔本理工职业学院,2023,四川,高职专科,理科,,,419,205166,
3555,厦门兴才职业技术学院,2023,四川,高职专科,理科,,,208,254840,
3556,福建华南女子职业学院,2023,四川,高职专科,理科,,,161,293659,
3557,泉州纺织服装职业学院,2023,四川,高职专科,理科,,,225,260794,
3558,漳州职业技术学院,2023,四川,高职专科,理科,,,361,216133,
3559,泉州幼儿师范高等专科学校,2023,四川,高职专科,理科,,,368,246833,
3561,福州软件职业技术学院,2023,四川,高职专科,理科,,,155,270002,
3562,厦门东海职业技术学院,2023,四川,高职专科,理科,,,216,289175,
3563,宁德职业技术学院,2023,四川,高职专科,理科,,,306,233846,
3564,三明医学科技职业学院,2023,四川,高职专科,理科,,,341,233122,
3566,福建生物工程职业技术学院,2023,四川,高职专科,理科,,,275,278264,
3567,厦门华天涉外职业技术学院,2023,四川,高职专科,理科,,,224,285555,
3568,泉州经贸职业技术学院,2023,四川,高职专科,理科,,,253,278522,
3572,武夷山职业学院,2023,四川,高职专科,理科,,,189,294016,
3573,厦门软件职业技术学院,2023,四川,高职专科,理科,,,311,272744,
3576,泉州轻工职业学院,2023,四川,高职专科,理科,,,231,267482,
3577,闽北职业技术学院,2023,四川,高职专科,理科,,,179,270002,
3578,福州英华职业学院,2023,四川,高职专科,理科,,,245,252677,
3579,泉州华光职业学院,2023,四川,高职专科,理科,,,194,217053,
3580,泉州海洋职业学院,2023,四川,高职专科,理科,,,173,288593,
3581,厦门南洋职业学院,2023,四川,高职专科,理科,,,221,234596,
3582,厦门安防科技职业学院,2023,四川,高职专科,理科,,,237,261721,
3583,漳州科技职业学院,2023,四川,高职专科,理科,,,330,246225,
3585,福建水利电力职业技术学院,2023,四川,高职专科,理科,,,316,256901,
3586,福建信息职业技术学院,2023,四川,高职专科,理科,,,382,218022,
3587,福州职业技术学院,2023,四川,高职专科,理科,,,342,238975,
3588,漳州卫生职业学院,2023,四川,高职专科,理科,,,397,204097,
3589,漳州城市职业学院,2023,四川,高职专科,理科,,,257,265916,
3598,黎明职业大学,2023,四川,高职专科,理科,,,343,225975,
3621,江西医学高等专科学校,2023,四川,高职专科,理科,,,412,164267,
3625,宜春幼儿师范高等专科学校,2023,四川,高职专科,理科,,,405,218928,
3626,南昌影视传播职业学院,2023,四川,高职专科,理科,,,281,244255,
3627,赣州师范高等专科学校,2023,四川,高职专科,理科,,,413,209239,
3635,江西机电职业技术学院,2023,四川,高职专科,理科,,,309,259848,
3637,豫章师范学院,2023,四川,高职专科,理科,,,432,169510,
3638,抚州幼儿师范高等专科学校,2023,四川,高职专科,理科,,,356,252677,
3640,江西中医药高等专科学校,2023,四川,高职专科,理科,,,396,205166,
3643,江西应用工程职业学院,2023,四川,高职专科,理科,,,272,278785,
3645,抚州职业技术学院,2023,四川,高职专科,理科,,,210,232380,
3646,九江职业大学,2023,四川,高职专科,理科,,,362,241010,
3647,赣南卫生健康职业学院,2023,四川,高职专科,理科,,,385,222547,
3648,江西师范高等专科学校,2023,四川,高职专科,理科,,,426,194414,
3650,江西水利职业学院,2023,四川,高职专科,理科,,,353,255352,
3651,江西传媒职业学院,2023,四川,高职专科,理科,,,332,248078,
3652,江西工业工程职业技术学院,2023,四川,高职专科,理科,,,300,275188,
3656,南昌理工学院,2023,四川,高职专科,理科,,,322,242974,
3657,江西司法警官职业学院,2023,四川,高职专科,理科,,,378,238975,
3658,江西工业职业技术学院,2023,四川,高职专科,理科,,,325,258406,
3659,江西工商职业技术学院,2023,四川,高职专科,理科,,,239,262970,
3660,江西建设职业技术学院,2023,四川,高职专科,理科,,,331,249878,
3661,江西职业技术大学,2023,四川,高职专科,理科,,,392,218928,
3662,江西生物科技职业学院,2023,四川,高职专科,理科,,,380,208238,
3663,江西环境工程职业学院,2023,四川,高职专科,理科,,,338,253223,
3664,江西信息应用职业技术学院,2023,四川,高职专科,理科,,,338,262549,
3665,江西农业工程职业学院,2023,四川,高职专科,理科,,,330,225975,
3667,江西新能源科技职业学院,2023,四川,高职专科,理科,,,248,264703,
3668,江西财经职业学院,2023,四川,高职专科,理科,,,343,248675,
3669,江西应用技术职业学院,2023,四川,高职专科,理科,,,351,234596,
3670,吉安职业技术学院,2023,四川,高职专科,理科,,,310,251571,
3671,上饶职业技术学院,2023,四川,高职专科,理科,,,279,274021,
3672,江西制造职业技术学院,2023,四川,高职专科,理科,,,321,218928,
3673,南昌工学院,2023,四川,高职专科,理科,,,293,259848,
3674,南昌职业大学,2023,四川,高职专科,理科,,,208,242331,
3678,江西冶金职业技术学院,2023,四川,高职专科,理科,,,280,275754,
3681,江西现代职业技术学院,2023,四川,高职专科,理科,,,332,264279,
3683,共青科技职业学院,2023,四川,高职专科,理科,,,194,246225,
3684,江西枫林涉外经贸职业学院,2023,四川,高职专科,理科,,,239,266685,
3685,宜春职业技术学院,2023,四川,高职专科,理科,,,368,238975,
3699,江西软件职业技术大学,2023,四川,高职专科,理科,,,318,270359,
3741,山东理工职业学院,2023,四川,高职专科,理科,,,232,284985,
3745,山东中医药高等专科学校,2023,四川,高职专科,理科,,,428,186310,
3748,山东水利职业学院,2023,四川,高职专科,理科,,,342,251571,
3749,齐鲁医药学院,2023,四川,高职专科,理科,,,379,184008,
3751,山东商业职业技术学院,2023,四川,高职专科,理科,,,335,262549,
3752,山东畜牧兽医职业学院,2023,四川,高职专科,理科,,,402,221679,
3753,山东城市建设职业学院,2023,四川,高职专科,理科,,,299,272074,
3756,山东服装职业学院,2023,四川,高职专科,理科,,,177,267102,
3757,青岛职业技术学院,2023,四川,高职专科,理科,,,370,214199,
3758,山东外贸职业学院,2023,四川,高职专科,理科,,,301,245545,
3760,山东力明科技职业学院,2023,四川,高职专科,理科,,,270,271407,
3761,日照职业技术学院,2023,四川,高职专科,理科,,,376,216133,
3762,威海职业学院,2023,四川,高职专科,理科,,,271,283211,
3763,东营职业学院,2023,四川,高职专科,理科,,,162,285738,
3764,山东旅游职业学院,2023,四川,高职专科,理科,,,253,280299,
3765,山东药品食品职业学院,2023,四川,高职专科,理科,,,352,242974,
3767,山东职业学院,2023,四川,高职专科,理科,,,352,251571,
3768,曲阜远东职业技术学院,2023,四川,高职专科,理科,,,323,255352,
3770,济南护理职业学院,2023,四川,高职专科,理科,,,384,236129,
3771,山东交通职业学院,2023,四川,高职专科,理科,,,286,278522,
3772,日照航海工程职业学院,2023,四川,高职专科,理科,,,191,289881,
3773,菏泽家政职业学院,2023,四川,高职专科,理科,,,288,273685,
3774,山东商务职业学院,2023,四川,高职专科,理科,,,285,276626,
3778,莱芜职业技术学院,2023,四川,高职专科,理科,,,290,274021,
3779,山东圣翰财贸职业学院,2023,四川,高职专科,理科,,,244,233846,
3780,山东外国语职业技术大学,2023,四川,高职专科,理科,,,242,251571,
3782,青岛酒店管理职业技术学院,2023,四川,高职专科,理科,,,211,292296,
3783,山东英才学院,2023,四川,高职专科,理科,,,216,291819,
3784,烟台南山学院,2023,四川,高职专科,理科,,,167,276626,
3786,山东协和学院,2023,四川,高职专科,理科,,,312,176811,
3787,青岛港湾职业技术学院,2023,四川,高职专科,理科,,,308,204097,
3789,青岛求实职业技术学院,2023,四川,高职专科,理科,,,293,270002,
3790,青岛黄海学院,2023,四川,高职专科,理科,,,236,248675,
3791,山东海事职业学院,2023,四川,高职专科,理科,,,213,222547,
3795,齐鲁理工学院,2023,四川,高职专科,理科,,,327,267102,
3818,烟台工程职业技术学院,2023,四川,高职专科,理科,,,247,287638,
3819,滨州科技职业学院,2023,四川,高职专科,理科,,,223,281027,
382,新疆生产建设兵团兴新职业技术学院,2023,四川,高职专科,理科,,,357,160499,
3822,赣州师范高等专科学校,2023,四川,高职专科,理科,,,278,281696,
3838,衢州职业技术学院,2023,四川,高职专科,理科,,,312,271746,
3846,上海旅游高等专科学校,2023,四川,高职专科,理科,,,206,292752,
3847,九江理工职业学院,2023,四川,高职专科,理科,,,178,283017,
3848,安徽城市管理职业学院,2023,四川,高职专科,理科,,,314,267482,
3849,淮南职业技术学院,2023,四川,高职专科,理科,,,236,280541,
3854,苏州经贸职业技术学院,2023,四川,高职专科,理科,,,403,206183,
3855,苏州卫生职业技术学院,2023,四川,高职专科,理科,,,425,198711,
3859,常州工业职业技术学院,2023,四川,高职专科,理科,,,315,266293,
3863,金肯职业技术学院,2023,四川,高职专科,理科,,,261,285181,
3867,无锡城市职业技术学院,2023,四川,高职专科,理科,,,379,236837,
3869,安徽矿业职业技术学院,2023,四川,高职专科,理科,,,209,292487,
3870,盐城工业职业技术学院,2023,四川,高职专科,理科,,,299,276342,
3872,青岛工程职业学院,2023,四川,高职专科,理科,,,347,200854,
3874,和君职业学院,2023,四川,高职专科,理科,,,279,281483,
3875,南京旅游职业学院,2023,四川,高职专科,理科,,,353,254319,
3876,江苏卫生健康职业学院,2023,四川,高职专科,理科,,,413,207195,
3878,宿迁泽达职业技术学院,2023,四川,高职专科,理科,,,279,248078,
3879,苏州工业园区服务外包职业学院,2023,四川,高职专科,理科,,,318,270359,
3881,宿州航空职业学院,2023,四川,高职专科,理科,,,215,269671,
3909,青岛航空科技职业学院,2023,四川,高职专科,理科,,,241,282824,
3910,江海职业技术学院,2023,四川,高职专科,理科,,,323,268634,
3911,无锡南洋职业技术学院,2023,四川,高职专科,理科,,,202,263854,
3912,南京机电职业技术学院,2023,四川,高职专科,理科,,,370,231600,
3913,常州纺织服装职业技术学院,2023,四川,高职专科,理科,,,307,269671,
3914,江苏城市职业学院,2023,四川,高职专科,理科,,,372,234596,
3924,南通职业大学,2023,四川,高职专科,理科,,,406,212239,
3926,江苏旅游职业学院,2023,四川,高职专科,理科,,,318,186310,
3927,盐城幼儿师范高等专科学校,2023,四川,高职专科,理科,,,362,243626,
3928,江苏商贸职业学院,2023,四川,高职专科,理科,,,378,222547,
3929,扬州中瑞酒店职业学院,2023,四川,高职专科,理科,,,270,283427,
3931,江苏财经职业技术学院,2023,四川,高职专科,理科,,,334,232380,
3933,台州职业技术学院,2023,四川,高职专科,理科,,,316,271079,
3935,浙江纺织服装职业技术学院,2023,四川,高职专科,理科,,,361,251002,
3944,徽商职业学院,2023,四川,高职专科,理科,,,244,276906,
3946,安徽卫生健康职业学院,2023,四川,高职专科,理科,,,357,251571,
3951,江西交通职业技术学院,2023,四川,高职专科,理科,,,346,249878,
3952,江西工程职业学院,2023,四川,高职专科,理科,,,305,267856,
3953,江西航空职业技术学院,2023,四川,高职专科,理科,,,212,281251,
3955,萍乡卫生职业学院,2023,四川,高职专科,理科,,,341,216133,
3956,江西婺源茶业职业学院,2023,四川,高职专科,理科,,,261,256901,
3958,苏州百年职业学院,2023,四川,高职专科,理科,,,223,291027,
3959,宿迁职业技术学院,2023,四川,高职专科,理科,,,219,279286,
3961,潍坊环境工程职业学院,2023,四川,高职专科,理科,,,320,263854,
3966,江西电力职业技术学院,2023,四川,高职专科,理科,,,394,225105,
3968,江苏财会职业学院,2023,四川,高职专科,理科,,,374,241687,
397,中国劳动关系学院,2023,四川,高职专科,理科,,,430,193276,
3970,潍坊科技学院,2023,四川,高职专科,理科,,,195,205166,
3971,东营科技职业学院,2023,四川,高职专科,理科,,,270,283427,
3972,枣庄科技职业学院,2023,四川,高职专科,理科,,,155,251002,
3973,皖北卫生职业学院,2023,四川,高职专科,理科,,,352,254319,
3974,潍坊工程职业学院,2023,四川,高职专科,理科,,,193,293788,
3975,江苏护理职业学院,2023,四川,高职专科,理科,,,397,209239,
3976,枣庄职业学院,2023,四川,高职专科,理科,,,401,222547,
3979,正德职业技术学院,2023,四川,高职专科,理科,,,293,277976,
3980,昆山登云科技职业学院,2023,四川,高职专科,理科,,,191,290273,
3984,山东化工职业学院,2023,四川,高职专科,理科,,,316,271079,
3988,枣庄职业学院,2023,四川,高职专科,理科,,,155,283427,
3990,安徽国防科技职业学院,2023,四川,高职专科,理科,,,328,266685,
3994,泰山科技学院,2023,四川,高职专科,理科,,,229,267482,
3995,苏州健雄职业技术学院,2023,四川,高职专科,理科,,,318,265076,
3996,安徽财贸职业学院,2023,四川,高职专科,理科,,,279,276626,
4125,鹤壁能源化工职业学院,2023,四川,高职专科,理科,,,361,251002,
4130,开封大学,2023,四川,高职专科,理科,,,450,155411,
4136,商丘医学高等专科学校,2023,四川,高职专科,理科,,,421,199750,
4137,漯河医学高等专科学校,2023,四川,高职专科,理科,,,432,185185,
4143,焦作大学,2023,四川,高职专科,理科,,,372,244255,
4144,郑州澍青医学高等专科学校,2023,四川,高职专科,理科,,,324,218928,
4145,长江艺术工程职业学院,2023,四川,高职专科,理科,,,197,293527,
4152,三门峡社会管理职业学院,2023,四川,高职专科,理科,,,254,286493,
4153,黄河水利职业技术学院,2023,四川,高职专科,理科,,,449,170781,
4154,商丘职业技术学院,2023,四川,高职专科,理科,,,320,267102,
4156,三门峡职业技术学院,2023,四川,高职专科,理科,,,334,262549,
4157,郑州卫生健康职业学院,2023,四川,高职专科,理科,,,359,251002,
4159,鹤壁职业技术学院,2023,四川,高职专科,理科,,,347,252130,
4160,平顶山工业职业技术学院,2023,四川,高职专科,理科,,,260,281696,
4168,河南水利与环境职业学院,2023,四川,高职专科,理科,,,332,250436,
4169,安阳职业技术学院,2023,四川,高职专科,理科,,,349,244880,
4170,郑州职业技术学院,2023,四川,高职专科,理科,,,335,257886,
4171,信阳职业技术学院,2023,四川,高职专科,理科,,,340,249878,
4173,南阳农业职业学院,2023,四川,高职专科,理科,,,328,266685,
4180,濮阳职业技术学院,2023,四川,高职专科,理科,,,242,288455,
4184,河南护理职业学院,2023,四川,高职专科,理科,,,374,242974,
4186,济源职业技术学院,2023,四川,高职专科,理科,,,324,268239,
4189,河南经贸职业学院,2023,四川,高职专科,理科,,,410,206183,
4191,开封文化艺术职业学院,2023,四川,高职专科,理科,,,332,265076,
4194,河南推拿职业学院,2023,四川,高职专科,理科,,,367,247463,
4196,洛阳职业技术学院,2023,四川,高职专科,理科,,,375,228439,
4198,河南医学高等专科学校,2023,四川,高职专科,理科,,,408,213223,
4229,鄂州职业大学,2023,四川,高职专科,理科,,,351,223423,
4238,湖北铁道运输职业学院,2023,四川,高职专科,理科,,,359,251571,
4240,武汉学院,2023,四川,高职专科,理科,,,384,217053,
4245,湖北中医药高等专科学校,2023,四川,高职专科,理科,,,429,129734,
4251,武汉职业技术学院,2023,四川,高职专科,理科,,,430,190999,
4252,武汉船舶职业技术学院,2023,四川,高职专科,理科,,,367,223423,
4253,武汉交通职业学院,2023,四川,高职专科,理科,,,361,218022,
4254,黄冈职业技术学院,2023,四川,高职专科,理科,,,407,200854,
4255,随州职业技术学院,2023,四川,高职专科,理科,,,330,264703,
4256,湖北水利水电职业技术学院,2023,四川,高职专科,理科,,,355,241687,
4257,荆楚理工学院,2023,四川,高职专科,理科,,,434,182843,
4258,湖北职业技术学院,2023,四川,高职专科,理科,,,413,199750,
4259,恩施职业技术学院,2023,四川,高职专科,理科,,,237,280299,
4260,湖北轻工职业技术学院,2023,四川,高职专科,理科,,,348,247463,
4261,武汉生物工程学院,2023,四川,高职专科,理科,,,377,211272,
4262,湖北交通职业技术学院,2023,四川,高职专科,理科,,,372,211272,
4263,荆门职业学院,2023,四川,高职专科,理科,,,323,253223,
4264,武汉城市职业学院,2023,四川,高职专科,理科,,,414,204097,
4265,仙桃职业学院,2023,四川,高职专科,理科,,,350,248078,
4266,荆州职业技术学院,2023,四川,高职专科,理科,,,347,254319,
4267,荆州理工职业学院,2023,四川,高职专科,理科,,,313,259370,
4268,襄阳汽车职业技术学院,2023,四川,高职专科,理科,,,307,254840,
4269,襄阳职业技术学院,2023,四川,高职专科,理科,,,411,198711,
4270,武汉软件工程职业学院,2023,四川,高职专科,理科,,,421,170781,
4272,湖北开放职业学院,2023,四川,高职专科,理科,,,273,282824,
4273,湖北城市建设职业技术学院,2023,四川,高职专科,理科,,,332,261271,
4274,武汉航海职业技术学院,2023,四川,高职专科,理科,,,343,256400,
4275,武汉警官职业学院,2023,四川,高职专科,理科,,,404,151544,
4277,湖北科技职业学院,2023,四川,高职专科,理科,,,380,238975,
4279,武汉外语外事职业学院,2023,四川,高职专科,理科,,,302,272425,
4280,武昌职业学院,2023,四川,高职专科,理科,,,226,280299,
4281,咸宁职业技术学院,2023,四川,高职专科,理科,,,335,226835,
4282,湖北生物科技职业学院,2023,四川,高职专科,理科,,,360,225105,
4284,武汉科技职业学院,2023,四川,高职专科,理科,,,278,281696,
4285,武汉工程职业技术学院,2023,四川,高职专科,理科,,,368,236837,
4287,武汉铁路桥梁职业学院,2023,四川,高职专科,理科,,,345,249292,
4290,湖北国土资源职业学院,2023,四川,高职专科,理科,,,321,261721,
4299,武汉工商学院,2023,四川,高职专科,理科,,,295,266685,
4302,吉首大学,2023,四川,高职专科,理科,,,469,143934,
4340,湖南幼儿师范高等专科学校,2023,四川,高职专科,理科,,,407,203002,
4348,湖南中医药高等专科学校,2023,四川,高职专科,理科,,,398,223423,
4349,益阳医学高等专科学校,2023,四川,高职专科,理科,,,423,195480,
4350,湖南理工职业技术学院,2023,四川,高职专科,理科,,,339,262144,
4351,长沙民政职业技术学院,2023,四川,高职专科,理科,,,424,125979,
4352,湖南工业职业技术学院,2023,四川,高职专科,理科,,,359,233122,
4355,湖南交通职业技术学院,2023,四川,高职专科,理科,,,390,200854,
4356,湖南水利水电职业技术学院,2023,四川,高职专科,理科,,,347,251002,
4358,湖南环境生物职业技术学院,2023,四川,高职专科,理科,,,346,252130,
4359,湖南科技职业学院,2023,四川,高职专科,理科,,,345,259370,
4360,岳阳职业技术学院,2023,四川,高职专科,理科,,,358,244255,
4362,湖南信息职业技术学院,2023,四川,高职专科,理科,,,374,212239,
4363,湖南网络工程职业学院,2023,四川,高职专科,理科,,,311,264279,
4364,湖南铁路科技职业技术学院,2023,四川,高职专科,理科,,,370,173184,
4366,湖南铁道职业技术学院,2023,四川,高职专科,理科,,,387,214199,
4367,永州职业技术学院,2023,四川,高职专科,理科,,,386,211272,
4368,湖南大众传媒职业技术学院,2023,四川,高职专科,理科,,,407,209239,
4369,湖南邮电职业技术学院,2023,四川,高职专科,理科,,,330,265916,
4370,湘潭医卫职业技术学院,2023,四川,高职专科,理科,,,380,237553,
4371,湖南商务职业技术学院,2023,四川,高职专科,理科,,,324,260329,
4372,湘中幼儿师范高等专科学校,2023,四川,高职专科,理科,,,411,210246,
4373,娄底职业技术学院,2023,四川,高职专科,理科,,,312,262144,
4374,张家界航空工业职业技术学院,2023,四川,高职专科,理科,,,366,241687,
4375,湖南工程职业技术学院,2023,四川,高职专科,理科,,,347,249292,
4376,长沙环境保护职业技术学院,2023,四川,高职专科,理科,,,300,260329,
4377,湖南软件职业技术大学,2023,四川,高职专科,理科,,,214,290521,
4378,湖南吉利汽车职业技术学院,2023,四川,高职专科,理科,,,167,274886,
4379,湖南劳动人事职业学院,2023,四川,高职专科,理科,,,296,277170,
4381,长沙航空职业技术学院,2023,四川,高职专科,理科,,,432,181606,
4382,湖南机电职业技术学院,2023,四川,高职专科,理科,,,343,257423,
4383,益阳职业技术学院,2023,四川,高职专科,理科,,,300,226835,
4384,常德职业技术学院,2023,四川,高职专科,理科,,,344,257886,
4385,湖南财经工业职业技术学院,2023,四川,高职专科,理科,,,336,262970,
4386,怀化职业技术学院,2023,四川,高职专科,理科,,,315,270002,
4387,湘西民族职业技术学院,2023,四川,高职专科,理科,,,277,259848,
4388,湖南化工职业技术学院,2023,四川,高职专科,理科,,,358,244880,
4389,湖南城建职业技术学院,2023,四川,高职专科,理科,,,353,255352,
4390,湖南有色金属职业技术学院,2023,四川,高职专科,理科,,,292,269671,
4391,长沙卫生职业学院,2023,四川,高职专科,理科,,,419,179177,
4392,长沙职业技术学院,2023,四川,高职专科,理科,,,366,248078,
4433,肇庆医学院,2023,四川,高职专科,理科,,,409,200854,
4448,广东工商职业技术大学,2023,四川,高职专科,理科,,,292,273685,
4451,广州民航职业技术学院,2023,四川,高职专科,理科,,,427,160499,
4456,广州铁路职业技术学院,2023,四川,高职专科,理科,,,388,213223,
4457,广东水利电力职业技术学院,2023,四川,高职专科,理科,,,369,242974,
4459,广东科学技术职业学院,2023,四川,高职专科,理科,,,419,196570,
4460,广东茂名幼儿师范专科学校,2023,四川,高职专科,理科,,,367,222547,
4462,广东食品药品职业学院,2023,四川,高职专科,理科,,,351,238258,
4463,珠海城市职业技术学院,2023,四川,高职专科,理科,,,339,215214,
4465,江门职业技术学院,2023,四川,高职专科,理科,,,340,211272,
4466,广东酒店管理职业技术学院,2023,四川,高职专科,理科,,,186,256901,
4468,广州科技贸易职业学院,2023,四川,高职专科,理科,,,335,248675,
4470,广东工贸职业技术学院,2023,四川,高职专科,理科,,,372,223423,
4471,广州城市职业学院,2023,四川,高职专科,理科,,,367,210246,
4472,广东文理职业学院,2023,四川,高职专科,理科,,,211,160499,
4474,顺德职业技术学院,2023,四川,高职专科,理科,,,417,198711,
4475,广州华南商贸职业学院,2023,四川,高职专科,理科,,,282,225975,
4476,广州东华职业学院,2023,四川,高职专科,理科,,,181,284424,
4477,广州科技职业技术大学,2023,四川,高职专科,理科,,,303,274886,
4479,广州城建职业学院,2023,四川,高职专科,理科,,,217,273362,
4483,茂名职业技术学院,2023,四川,高职专科,理科,,,319,257423,
4484,广东交通职业技术学院,2023,四川,高职专科,理科,,,357,246225,
4485,惠州经济职业技术学院,2023,四川,高职专科,理科,,,248,287490,
4486,广东环境保护工程职业学院,2023,四川,高职专科,理科,,,297,269333,
4487,广东信息工程职业学院,2023,四川,高职专科,理科,,,197,277976,
4497,广东南华工商职业学院,2023,四川,高职专科,理科,,,347,210246,
4499,私立华联学院,2023,四川,高职专科,理科,,,182,289450,
4504,桂林理工大学,2023,四川,高职专科,理科,,,445,159258,
451,上海民航职业技术学院,2023,四川,高职专科,理科,,,400,217053,
4520,桂林航天工业学院,2023,四川,高职专科,理科,,,429,192114,
4525,桂林旅游学院,2023,四川,高职专科,理科,,,399,188698,
4529,广西体育高等专科学校,2023,四川,高职专科,理科,,,316,271079,
4533,广西幼儿师范高等专科学校,2023,四川,高职专科,理科,,,352,248675,
4549,深圳职业技术大学,2023,四川,高职专科,理科,,,463,142670,
4551,广西职业技术学院,2023,四川,高职专科,理科,,,275,282384,
4552,广西机电职业技术学院,2023,四川,高职专科,理科,,,283,275754,
4554,钦州幼儿师范高等专科学校,2023,四川,高职专科,理科,,,309,273362,
4558,广西自然资源职业技术学院,2023,四川,高职专科,理科,,,242,267102,
4559,广西建设职业技术学院,2023,四川,高职专科,理科,,,372,244255,
4560,广西电力职业技术学院,2023,四川,高职专科,理科,,,386,225105,
4561,广西水利电力职业技术学院,2023,四川,高职专科,理科,,,341,254840,
4565,广西工业职业技术学院,2023,四川,高职专科,理科,,,331,262144,
4569,百色职业学院,2023,四川,高职专科,理科,,,284,242974,
4571,广西现代职业技术学院,2023,四川,高职专科,理科,,,308,271079,
4573,广西科技职业学院,2023,四川,高职专科,理科,,,359,252130,
4574,桂林山水职业学院,2023,四川,高职专科,理科,,,188,269671,
4576,柳州城市职业学院,2023,四川,高职专科,理科,,,365,248675,
4577,广西卫生职业技术学院,2023,四川,高职专科,理科,,,381,236837,
4581,广西金融职业技术学院,2023,四川,高职专科,理科,,,322,248675,
4594,广西国际商务职业技术学院,2023,四川,高职专科,理科,,,219,194414,
4597,梧州职业学院,2023,四川,高职专科,理科,,,316,265916,
4598,柳州铁道职业技术学院,2023,四川,高职专科,理科,,,376,237553,
4611,海南热带海洋学院,2023,四川,高职专科,理科,,,355,207195,
4650,三亚中瑞酒店管理职业学院,2023,四川,高职专科,理科,,,197,293527,
4651,海南职业技术学院,2023,四川,高职专科,理科,,,303,256901,
4652,海口经济学院,2023,四川,高职专科,理科,,,193,238258,
4655,海南软件职业技术学院,2023,四川,高职专科,理科,,,294,220776,
4656,海南经贸职业技术学院,2023,四川,高职专科,理科,,,327,227614,
4657,海南政法职业学院,2023,四川,高职专科,理科,,,375,193276,
4659,海南外国语职业学院,2023,四川,高职专科,理科,,,286,218928,
4660,三亚航空旅游职业学院,2023,四川,高职专科,理科,,,223,241010,
4661,海南工商职业学院,2023,四川,高职专科,理科,,,350,256901,
4677,海南科技职业大学,2023,四川,高职专科,理科,,,231,262970,
4679,三亚理工职业学院,2023,四川,高职专科,理科,,,325,261721,
4692,海南健康管理职业技术学院,2023,四川,高职专科,理科,,,252,244880,
4693,海南卫生健康职业学院,2023,四川,高职专科,理科,,,373,231600,
4758,湖北工业职业技术学院,2023,四川,高职专科,理科,,,343,259370,
4759,武汉电力职业技术学院,2023,四川,高职专科,理科,,,416,200854,
4760,武汉信息传播职业技术学院,2023,四川,高职专科,理科,,,305,267856,
4763,湖北工程职业学院,2023,四川,高职专科,理科,,,347,246833,
4765,湖南九嶷职业技术学院,2023,四川,高职专科,理科,,,305,274595,
4767,广东农工商职业技术学院,2023,四川,高职专科,理科,,,306,270359,
4768,广州康大职业技术学院,2023,四川,高职专科,理科,,,280,280541,
4769,广东建设职业技术学院,2023,四川,高职专科,理科,,,357,199750,
4770,惠州卫生职业技术学院,2023,四川,高职专科,理科,,,428,190999,
4771,广东生态工程职业学院,2023,四川,高职专科,理科,,,304,258896,
4780,广东岭南职业技术学院,2023,四川,高职专科,理科,,,196,287003,
4783,广州华立科技职业学院,2023,四川,高职专科,理科,,,202,276626,
4788,广州卫生职业技术学院,2023,四川,高职专科,理科,,,417,159258,
4789,桂林生命与健康职业技术学院,2023,四川,高职专科,理科,,,253,274595,
4798,广州华夏职业学院,2023,四川,高职专科,理科,,,275,282384,
4851,武汉铁路职业技术学院,2023,四川,高职专科,理科,,,399,195480,
4852,湖北生态工程职业技术学院,2023,四川,高职专科,理科,,,326,260794,
4853,武汉民政职业学院,2023,四川,高职专科,理科,,,399,208238,
4854,湖北三峡职业技术学院,2023,四川,高职专科,理科,,,364,201934,
4865,湖北恩施学院,2023,四川,高职专科,理科,,,320,256901,
4870,长江工程职业技术学院,2023,四川,高职专科,理科,,,338,260329,
4872,三峡电力职业学院,2023,四川,高职专科,理科,,,365,211272,
4874,武汉设计工程学院,2023,四川,高职专科,理科,,,180,254840,
4875,天门职业学院,2023,四川,高职专科,理科,,,304,270359,
4878,江汉艺术职业学院,2023,四川,高职专科,理科,,,317,260794,
4880,三峡旅游职业技术学院,2023,四川,高职专科,理科,,,295,263854,
4881,武汉商贸职业学院,2023,四川,高职专科,理科,,,213,261271,
4882,广州民航职业技术学院,2023,四川,高职专科,理科,,,388,225975,
4883,广西物流职业技术学院,2023,四川,高职专科,理科,,,285,276057,
4886,海南经贸职业技术学院,2023,四川,高职专科,理科,,,252,282175,
4892,漯河职业技术学院,2023,四川,高职专科,理科,,,287,279530,
4893,广西农业职业技术大学,2023,四川,高职专科,理科,,,321,267482,
4894,河南应用技术职业学院,2023,四川,高职专科,理科,,,302,272744,
4899,邯郸幼儿师范高等专科学校,2023,四川,高职专科,理科,,,361,249878,
4902,濮阳医学高等专科学校,2023,四川,高职专科,理科,,,372,237553,
4915,广州松田职业学院,2023,四川,高职专科,理科,,,222,280299,
4950,中山职业技术学院,2023,四川,高职专科,理科,,,328,247463,
4951,郴州职业技术学院,2023,四川,高职专科,理科,,,326,263854,
4952,湖南工商职业学院,2023,四川,高职专科,理科,,,199,258406,
4955,湖南司法警官职业学院,2023,四川,高职专科,理科,,,398,220776,
4956,长沙商贸旅游职业技术学院,2023,四川,高职专科,理科,,,220,291371,
4959,河南工业和信息化职业学院,2023,四川,高职专科,理科,,,293,277730,
4960,北海康养职业学院,2023,四川,高职专科,理科,,,189,261271,
4963,深圳信息职业技术学院,2023,四川,高职专科,理科,,,428,187508,
4965,长沙南方职业学院,2023,四川,高职专科,理科,,,296,277170,
4968,益阳师范高等专科学校,2023,四川,高职专科,理科,,,249,236129,
4971,广东水利电力职业技术学院,2023,四川,高职专科,理科,,,187,294148,
4972,湖南高速铁路职业技术学院,2023,四川,高职专科,理科,,,367,227614,
4974,湖南石油化工职业技术学院,2023,四川,高职专科,理科,,,358,237553,
4975,湖南三一工业职业技术学院,2023,四川,高职专科,理科,,,349,248675,
4979,湖南民族职业学院,2023,四川,高职专科,理科,,,356,248078,
4981,湖南安全技术职业学院,2023,四川,高职专科,理科,,,313,272074,
4982,湖南外国语职业学院,2023,四川,高职专科,理科,,,196,276626,
4987,湖南食品药品职业学院,2023,四川,高职专科,理科,,,339,253223,
5008,重庆医科大学,2023,四川,高职专科,理科,,,454,157959,
5031,重庆电力高等专科学校,2023,四川,高职专科,理科,,,418,196570,
5032,重庆三峡医药高等专科学校,2023,四川,高职专科,理科,,,432,176811,
5033,重庆医药高等专科学校,2023,四川,高职专科,理科,,,422,110219,
5036,重庆幼儿师范高等专科学校,2023,四川,高职专科,理科,,,417,186310,
5049,重庆健康职业学院,2023,四川,高职专科,理科,,,174,286306,
5051,重庆航天职业技术学院,2023,四川,高职专科,理科,,,402,195480,
5052,重庆工业职业技术学院,2023,四川,高职专科,理科,,,425,192114,
5053,重庆工程职业技术学院,2023,四川,高职专科,理科,,,416,193276,
5054,重庆城市管理职业学院,2023,四川,高职专科,理科,,,433,150242,
5055,重庆化工职业学院,2023,四川,高职专科,理科,,,366,244255,
5056,重庆旅游职业学院,2023,四川,高职专科,理科,,,362,243626,
5057,重庆信息技术职业学院,2023,四川,高职专科,理科,,,314,261721,
5058,重庆海联职业技术学院,2023,四川,高职专科,理科,,,196,251571,
5059,重庆传媒职业学院,2023,四川,高职专科,理科,,,269,268634,
5060,重庆商务职业学院,2023,四川,高职专科,理科,,,402,198711,
5061,重庆三峡职业学院,2023,四川,高职专科,理科,,,402,190999,
5062,重庆工贸职业技术学院,2023,四川,高职专科,理科,,,370,239616,
5065,重庆电子科技职业大学,2023,四川,高职专科,理科,,,423,182843,
5066,重庆水利电力职业技术学院,2023,四川,高职专科,理科,,,386,190999,
5067,重庆应用技术职业学院,2023,四川,高职专科,理科,,,181,288888,
5068,重庆工商职业学院,2023,四川,高职专科,理科,,,416,189872,
5069,重庆城市职业学院,2023,四川,高职专科,理科,,,377,235353,
5070,重庆建筑科技职业学院,2023,四川,高职专科,理科,,,267,264279,
5071,重庆青年职业技术学院,2023,四川,高职专科,理科,,,362,242974,
5072,重庆财经职业学院,2023,四川,高职专科,理科,,,381,222547,
5073,重庆科创职业学院,2023,四川,高职专科,理科,,,302,254840,
5074,重庆建筑工程职业学院,2023,四川,高职专科,理科,,,387,211272,
5075,重庆电讯职业学院,2023,四川,高职专科,理科,,,173,281696,
5076,重庆能源职业学院,2023,四川,高职专科,理科,,,289,275492,
5077,重庆安全技术职业学院,2023,四川,高职专科,理科,,,360,249292,
5078,重庆公共运输职业学院,2023,四川,高职专科,理科,,,312,252677,
5079,重庆交通职业学院,2023,四川,高职专科,理科,,,324,195480,
5080,重庆艺术工程职业学院,2023,四川,高职专科,理科,,,209,279776,
5081,重庆文化艺术职业学院,2023,四川,高职专科,理科,,,358,252677,
5082,重庆电信职业学院,2023,四川,高职专科,理科,,,186,265499,
5083,重庆经贸职业学院,2023,四川,高职专科,理科,,,151,258896,
5084,重庆科技职业学院,2023,四川,高职专科,理科,,,239,274595,
5089,重庆智能工程职业学院,2023,四川,高职专科,理科,,,197,290027,
5094,重庆资源与环境保护职业学院,2023,四川,高职专科,理科,,,176,241010,
5095,重庆护理职业学院,2023,四川,高职专科,理科,,,364,244880,
5097,重庆轻工职业学院,2023,四川,高职专科,理科,,,268,269671,
5098,重庆理工职业学院,2023,四川,高职专科,理科,,,273,280049,
5130,阿坝师范学院,2023,四川,高职专科,理科,,,428,195480,
5139,攀枝花学院,2023,四川,高职专科,理科,,,438,180407,
5140,川北幼儿师范高等专科学校,2023,四川,高职专科,理科,,,420,186310,
5141,成都纺织高等专科学校,2023,四川,高职专科,理科,,,422,187508,
5143,四川民族学院,2023,四川,高职专科,理科,,,430,186310,
5145,四川幼儿师范高等专科学校,2023,四川,高职专科,理科,,,428,185185,
5146,四川中医药高等专科学校,2023,四川,高职专科,理科,,,446,155411,
5151,成都航空职业技术学院,2023,四川,高职专科,理科,,,435,166910,
5152,四川交通职业技术学院,2023,四川,高职专科,理科,,,438,148973,
5153,达州职业技术学院,2023,四川,高职专科,理科,,,387,207195,
5154,四川机电职业技术学院,2023,四川,高职专科,理科,,,379,232380,
5155,四川工程职业技术大学,2023,四川,高职专科,理科,,,434,157959,
5156,四川电力职业技术学院,2023,四川,高职专科,理科,,,423,184008,
5157,绵阳职业技术学院,2023,四川,高职专科,理科,,,409,203002,
5158,四川工商职业技术学院,2023,四川,高职专科,理科,,,405,209239,
5159,四川建筑职业技术学院,2023,四川,高职专科,理科,,,417,190999,
5160,四川国际标榜职业学院,2023,四川,高职专科,理科,,,150,263400,
5161,成都农业科技职业学院,2023,四川,高职专科,理科,,,416,192114,
5162,宜宾职业技术学院,2023,四川,高职专科,理科,,,389,157959,
5164,四川托普信息技术职业学院,2023,四川,高职专科,理科,,,306,252130,
5165,四川职业技术学院,2023,四川,高职专科,理科,,,394,188698,
5166,眉山职业技术学院,2023,四川,高职专科,理科,,,373,215214,
5167,泸州职业技术学院,2023,四川,高职专科,理科,,,390,198711,
5168,乐山职业技术学院,2023,四川,高职专科,理科,,,399,207195,
5169,雅安职业技术学院,2023,四川,高职专科,理科,,,384,216133,
5170,四川邮电职业技术学院,2023,四川,高职专科,理科,,,429,189872,
5171,四川航天职业技术学院,2023,四川,高职专科,理科,,,397,175581,
5172,四川化工职业技术学院,2023,四川,高职专科,理科,,,387,217053,
5173,四川水利职业技术学院,2023,四川,高职专科,理科,,,405,179177,
5174,南充职业技术学院,2023,四川,高职专科,理科,,,381,222547,
5175,成都职业技术学院,2023,四川,高职专科,理科,,,426,186310,
5176,内江职业技术学院,2023,四川,高职专科,理科,,,372,236129,
5177,成都东软学院,2023,四川,高职专科,理科,,,377,241010,
5178,四川司法警官职业学院,2023,四川,高职专科,理科,,,414,192114,
5180,四川信息职业技术学院,2023,四川,高职专科,理科,,,381,204097,
5181,广安职业技术学院,2023,四川,高职专科,理科,,,385,219857,
5182,四川商务职业学院,2023,四川,高职专科,理科,,,388,224236,
5183,四川铁道职业学院,2023,四川,高职专科,理科,,,418,190999,
5184,四川财经职业学院,2023,四川,高职专科,理科,,,412,197660,
5185,四川文化产业职业学院,2023,四川,高职专科,理科,,,384,205166,
5186,四川科技职业学院,2023,四川,高职专科,理科,,,234,256901,
5187,四川艺术职业学院,2023,四川,高职专科,理科,,,371,230049,
5188,四川文化传媒职业学院,2023,四川,高职专科,理科,,,150,238258,
5189,四川华新现代职业学院,2023,四川,高职专科,理科,,,151,276626,
5190,四川城市职业学院,2023,四川,高职专科,理科,,,246,266685,
5191,四川现代职业学院,2023,四川,高职专科,理科,,,270,276057,
5192,四川长江职业学院,2023,四川,高职专科,理科,,,150,265499,
5193,民办四川天一学院,2023,四川,高职专科,理科,,,150,258896,
5194,四川卫生康复职业学院,2023,四川,高职专科,理科,,,409,200854,
5195,四川三河职业学院,2023,四川,高职专科,理科,,,346,244255,
5196,四川电影电视学院,2023,四川,高职专科,理科,,,321,256901,
5197,南充电影工业职业学院,2023,四川,高职专科,理科,,,155,271079,
5198,四川汽车职业技术学院,2023,四川,高职专科,理科,,,159,269671,
5199,四川护理职业学院,2023,四川,高职专科,理科,,,405,209239,
5219,黔南民族医学高等专科学校,2023,四川,高职专科,理科,,,395,199750,
5232,遵义医药高等专科学校,2023,四川,高职专科,理科,,,429,164267,
5241,铜仁幼儿师范高等专科学校,2023,四川,高职专科,理科,,,379,230831,
5243,毕节幼儿师范高等专科学校,2023,四川,高职专科,理科,,,372,212239,
5244,六盘水幼儿师范高等专科学校,2023,四川,高职专科,理科,,,329,266293,
5251,贵州航天职业技术学院,2023,四川,高职专科,理科,,,329,256901,
5253,贵州电子信息职业技术学院,2023,四川,高职专科,理科,,,323,240304,
5255,遵义职业技术学院,2023,四川,高职专科,理科,,,355,246225,
5256,安顺职业技术学院,2023,四川,高职专科,理科,,,375,238258,
5257,黔东南民族职业技术学院,2023,四川,高职专科,理科,,,391,194414,
5258,黔南民族职业技术学院,2023,四川,高职专科,理科,,,345,257886,
5259,贵州城市职业学院,2023,四川,高职专科,理科,,,203,293031,
5260,贵州轻工职业技术学院,2023,四川,高职专科,理科,,,365,248078,
5261,六盘水职业技术学院,2023,四川,高职专科,理科,,,350,252130,
5265,贵州经贸职业技术学院,2023,四川,高职专科,理科,,,320,269671,
5266,铜仁职业技术学院,2023,四川,高职专科,理科,,,364,211272,
5267,毕节职业技术学院,2023,四川,高职专科,理科,,,346,253223,
5268,贵州机电职业技术学院,2023,四川,高职专科,理科,,,344,254319,
5271,贵阳职业技术学院,2023,四川,高职专科,理科,,,364,219857,
5273,贵州护理职业技术学院,2023,四川,高职专科,理科,,,395,227614,
5274,毕节工业职业技术学院,2023,四川,高职专科,理科,,,312,269671,
5275,贵州财经职业学院,2023,四川,高职专科,理科,,,353,253223,
5276,贵州民用航空职业学院,2023,四川,高职专科,理科,,,202,277976,
5277,贵州盛华职业学院,2023,四川,高职专科,理科,,,358,245545,
5278,贵州健康职业学院,2023,四川,高职专科,理科,,,374,242331,
5279,贵州工商职业学院,2023,四川,高职专科,理科,,,226,290627,
5280,贵州工贸职业学院,2023,四川,高职专科,理科,,,275,264703,
5290,毕节医学高等专科学校,2023,四川,高职专科,理科,,,415,193276,
5291,贵阳幼儿师范高等专科学校,2023,四川,高职专科,理科,,,351,230831,
5292,贵州建设职业技术学院,2023,四川,高职专科,理科,,,380,238975,
5293,贵州农业职业学院,2023,四川,高职专科,理科,,,370,242974,
5294,贵州工程职业学院,2023,四川,高职专科,理科,,,341,251002,
5298,黔西南民族职业技术学院,2023,四川,高职专科,理科,,,355,241687,
5299,黔南民族幼儿师范高等专科学校,2023,四川,高职专科,理科,,,356,253772,
5304,云南农业大学,2023,四川,高职专科,理科,,,461,142670,
5325,昆明冶金高等专科学校,2023,四川,高职专科,理科,,,390,211272,
5327,丽江师范学院,2023,四川,高职专科,理科,,,425,188698,
5329,德宏师范高等专科学校,2023,四川,高职专科,理科,,,352,255856,
5330,楚雄医药高等专科学校,2023,四川,高职专科,理科,,,413,193276,
5332,曲靖医学高等专科学校,2023,四川,高职专科,理科,,,431,190999,
5349,云南医药健康职业学院,2023,四川,高职专科,理科,,,329,253772,
5351,云南国土资源职业学院,2023,四川,高职专科,理科,,,354,208238,
5352,云南交通职业技术学院,2023,四川,高职专科,理科,,,361,212239,
5355,西双版纳职业技术学院,2023,四川,高职专科,理科,,,344,248675,
5356,玉溪农业职业技术学院,2023,四川,高职专科,理科,,,358,245545,
5357,云南林业职业技术学院,2023,四川,高职专科,理科,,,371,214199,
5358,云南机电职业技术学院,2023,四川,高职专科,理科,,,353,250436,
5359,云南农业职业技术学院,2023,四川,高职专科,理科,,,340,259370,
5360,昆明工业职业技术学院,2023,四川,高职专科,理科,,,365,243626,
5361,云南经济管理学院,2023,四川,高职专科,理科,,,249,230049,
5362,云南国防工业职业技术学院,2023,四川,高职专科,理科,,,359,246225,
5364,云南能源职业技术学院,2023,四川,高职专科,理科,,,345,255352,
5365,云南工商学院,2023,四川,高职专科,理科,,,217,291713,
5366,保山中医药高等专科学校,2023,四川,高职专科,理科,,,386,206183,
5367,云南经贸外事职业学院,2023,四川,高职专科,理科,,,246,266685,
5368,云南旅游职业学院,2023,四川,高职专科,理科,,,349,254319,
5369,云南司法警官职业学院,2023,四川,高职专科,理科,,,408,210246,
5371,德宏职业学院,2023,四川,高职专科,理科,,,393,205166,
5372,云南新兴职业学院,2023,四川,高职专科,理科,,,205,229251,
5373,云南水利水电职业学院,2023,四川,高职专科,理科,,,364,217053,
5376,云南工程职业学院,2023,四川,高职专科,理科,,,242,270359,
5377,云南城市建设职业学院,2023,四川,高职专科,理科,,,296,267856,
5379,云南三鑫职业技术学院,2023,四川,高职专科,理科,,,202,289881,
5382,丽江文化旅游学院,2023,四川,高职专科,理科,,,263,269333,
5383,云南商务职业学院,2023,四川,高职专科,理科,,,270,254319,
5389,云南理工职业学院,2023,四川,高职专科,理科,,,163,247463,
5390,红河卫生职业学院,2023,四川,高职专科,理科,,,348,252130,
5393,大理农林职业技术学院,2023,四川,高职专科,理科,,,326,264279,
5394,昆明卫生职业学院,2023,四川,高职专科,理科,,,376,233122,
5395,云南财经职业学院,2023,四川,高职专科,理科,,,395,225105,
5396,昆明铁道职业技术学院,2023,四川,高职专科,理科,,,364,207195,
5397,云南特殊教育职业学院,2023,四川,高职专科,理科,,,322,256901,
5399,大理护理职业学院,2023,四川,高职专科,理科,,,373,241010,
5405,拉萨师范高等专科学校,2023,四川,高职专科,理科,,,288,255352,
5408,西藏职业技术学院,2023,四川,高职专科,理科,,,303,259848,
5537,成都大学,2023,四川,高职专科,理科,,,429,194414,
5558,四川工商职业技术学院,2023,四川,高职专科,理科,,,376,236837,
5568,乐山职业技术学院,2023,四川,高职专科,理科,,,425,190999,
5569,雅安职业技术学院,2023,四川,高职专科,理科,,,424,186310,
5571,四川航天职业技术学院,2023,四川,高职专科,理科,,,344,258406,
5575,成都职业技术学院,2023,四川,高职专科,理科,,,358,245545,
5584,四川财经职业学院,2023,四川,高职专科,理科,,,396,226835,
5651,巴中职业技术学院,2023,四川,高职专科,理科,,,243,264703,
5652,四川希望汽车职业学院,2023,四川,高职专科,理科,,,157,234596,
5653,四川电子机械职业技术学院,2023,四川,高职专科,理科,,,157,262144,
5655,川南幼儿师范高等专科学校,2023,四川,高职专科,理科,,,415,194414,
5656,四川文轩职业学院,2023,四川,高职专科,理科,,,289,271407,
5657,成都工业职业技术学院,2023,四川,高职专科,理科,,,390,210246,
5658,四川西南航空职业学院,2023,四川,高职专科,理科,,,161,258406,
5659,四川应用技术职业学院,2023,四川,高职专科,理科,,,170,241687,
5660,成都工贸职业技术学院,2023,四川,高职专科,理科,,,384,217053,
5675,重庆电讯职业学院,2023,四川,高职专科,理科,,,251,251002,
5676,成都外国语学院,2023,四川,高职专科,理科,,,302,263400,
5697,博尔塔拉职业技术学院,2023,四川,高职专科,理科,,,178,234596,
5698,甘孜职业学院,2023,四川,高职专科,理科,,,361,244255,
5699,自贡职业技术学院,2023,四川,高职专科,理科,,,162,279776,
5702,四川大学锦江学院,2023,四川,高职专科,理科,,,408,215214,
5703,成都锦城学院,2023,四川,高职专科,理科,,,421,200854,
5705,电子科技大学成都学院,2023,四川,高职专科,理科,,,327,265076,
5706,西南交通大学希望学院,2023,四川,高职专科,理科,,,287,275492,
5710,西南财经大学天府学院,2023,四川,高职专科,理科,,,309,258406,
5715,成都理工大学工程技术学院,2023,四川,高职专科,理科,,,407,214199,
5724,成都银杏酒店管理学院,2023,四川,高职专科,理科,,,170,288296,
5747,成都文理学院,2023,四川,高职专科,理科,,,373,241687,
5753,重庆工程职业技术学院,2023,四川,高职专科,理科,,,406,211272,
5776,成都外国语学院,2023,四川,高职专科,理科,,,358,224236,
5779,德阳农业科技职业学院,2023,四川,高职专科,理科,,,329,211272,
5780,四川文化艺术学院,2023,四川,高职专科,理科,,,325,241010,
5781,天府新区通用航空职业学院,2023,四川,高职专科,理科,,,195,262549,
5782,江阳城建职业学院,2023,四川,高职专科,理科,,,257,257423,
5783,天府新区航空旅游职业学院,2023,四川,高职专科,理科,,,156,280049,
5784,德阳科贸职业学院,2023,四川,高职专科,理科,,,150,279530,
5785,天府新区信息职业学院,2023,四川,高职专科,理科,,,151,265499,
5786,眉山药科职业学院,2023,四川,高职专科,理科,,,254,238258,
5787,德阳城市轨道交通职业学院,2023,四川,高职专科,理科,,,159,278785,
5788,阿坝职业学院,2023,四川,高职专科,理科,,,378,230831,
5789,西昌民族幼儿师范高等专科学校,2023,四川,高职专科,理科,,,378,219857,
5791,达州中医药职业学院,2023,四川,高职专科,理科,,,402,212239,
5792,内江卫生与健康职业学院,2023,四川,高职专科,理科,,,383,225975,
5793,南充科技职业学院,2023,四川,高职专科,理科,,,297,214199,
5794,攀枝花攀西职业学院,2023,四川,高职专科,理科,,,158,278264,
5795,资阳口腔职业学院,2023,四川,高职专科,理科,,,175,254319,
5796,资阳环境科技职业学院,2023,四川,高职专科,理科,,,243,265499,
5797,广元中核职业技术学院,2023,四川,高职专科,理科,,,150,275188,
5799,南充文化旅游职业学院,2023,四川,高职专科,理科,,,360,240304,
5803,绵阳飞行职业学院,2023,四川,高职专科,理科,,,179,258896,
5805,泸州医疗器械职业学院,2023,四川,高职专科,理科,,,215,242974,
5851,重庆航天职业技术学院,2023,四川,高职专科,理科,,,354,254840,
5861,重庆工信职业学院,2023,四川,高职专科,理科,,,365,245545,
5882,遂宁职业学院,2023,四川,高职专科,理科,,,150,294471,
5885,遂宁能源职业学院,2023,四川,高职专科,理科,,,153,291925,
5888,遂宁工程职业学院,2023,四川,高职专科,理科,,,166,289728,
5890,四川城市职业学院,2023,四川,高职专科,理科,,,225,290784,
5893,重庆五一职业技术学院,2023,四川,高职专科,理科,,,347,255352,
5908,绵阳职业技术学院,2023,四川,高职专科,理科,,,323,268634,
5913,贵州航空职业技术学院,2023,四川,高职专科,理科,,,344,213223,
5914,昭通卫生职业学院,2023,四川,高职专科,理科,,,357,246225,
5915,重庆艺术工程职业学院,2023,四川,高职专科,理科,,,241,288593,
5923,云南轻纺职业学院,2023,四川,高职专科,理科,,,241,288593,
5933,重庆工商职业学院,2023,四川,高职专科,理科,,,249,287321,
5936,云南交通运输职业学院,2023,四川,高职专科,理科,,,293,265916,
5937,贵州铜仁数据职业学院,2023,四川,高职专科,理科,,,247,254319,
5938,重庆财经职业学院,2023,四川,高职专科,理科,,,345,259370,
5939,重庆科创职业学院,2023,四川,高职专科,理科,,,353,255352,
6144,西安电力高等专科学校,2023,四川,高职专科,理科,,,435,141413,
6150,西安信息职业大学,2023,四川,高职专科,理科,,,200,196570,
6151,陕西邮电职业技术学院,2023,四川,高职专科,理科,,,355,209239,
6152,杨凌职业技术学院,2023,四川,高职专科,理科,,,348,253223,
6153,西安欧亚学院,2023,四川,高职专科,理科,,,328,264703,
6154,西安翻译学院,2023,四川,高职专科,理科,,,393,229251,
6155,西安外事学院,2023,四川,高职专科,理科,,,365,236837,
6157,陕西警察学院,2023,四川,高职专科,理科,,,432,188698,
6158,陕西国防工业职业技术学院,2023,四川,高职专科,理科,,,413,208238,
6159,陕西交通职业技术学院,2023,四川,高职专科,理科,,,366,232380,
6160,陕西能源职业技术学院,2023,四川,高职专科,理科,,,376,236129,
6161,陕西工业职业技术学院,2023,四川,高职专科,理科,,,418,204097,
6162,西安航空职业技术学院,2023,四川,高职专科,理科,,,414,196570,
6163,西安高新科技职业学院,2023,四川,高职专科,理科,,,225,242331,
6167,陕西财经职业技术学院,2023,四川,高职专科,理科,,,347,252130,
6168,宝鸡职业技术学院,2023,四川,高职专科,理科,,,376,217053,
6169,陕西航空职业技术学院,2023,四川,高职专科,理科,,,353,253772,
6170,陕西铁路工程职业技术学院,2023,四川,高职专科,理科,,,398,214199,
6171,西安城市建设职业学院,2023,四川,高职专科,理科,,,154,238975,
6172,陕西旅游烹饪职业学院,2023,四川,高职专科,理科,,,288,259370,
6173,西安汽车职业大学,2023,四川,高职专科,理科,,,181,242331,
6174,安康职业技术学院,2023,四川,高职专科,理科,,,366,245545,
6175,汉中职业技术学院,2023,四川,高职专科,理科,,,393,220776,
6176,延安职业技术学院,2023,四川,高职专科,理科,,,321,265076,
6177,商洛职业技术学院,2023,四川,高职专科,理科,,,348,252130,
6179,西安海棠职业学院,2023,四川,高职专科,理科,,,314,261721,
6180,陕西职业技术学院,2023,四川,高职专科,理科,,,351,254319,
6181,西安医学高等专科学校,2023,四川,高职专科,理科,,,391,214199,
6188,西安明德理工学院,2023,四川,高职专科,理科,,,213,236129,
6190,西安工商学院,2023,四川,高职专科,理科,,,309,253772,
6191,陕西机电职业技术学院,2023,四川,高职专科,理科,,,348,252130,
6193,西安职业技术学院,2023,四川,高职专科,理科,,,365,228439,
6194,西安铁路职业技术学院,2023,四川,高职专科,理科,,,389,230831,
6195,渭南职业技术学院,2023,四川,高职专科,理科,,,353,239616,
6196,铜川职业技术学院,2023,四川,高职专科,理科,,,327,257886,
6197,榆林职业技术学院,2023,四川,高职专科,理科,,,360,241010,
6252,甘肃工业职业技术学院,2023,四川,高职专科,理科,,,329,256400,
6253,甘肃交通职业技术学院,2023,四川,高职专科,理科,,,345,257886,
6288,武威职业学院,2023,四川,高职专科,理科,,,319,251002,
6289,甘肃建筑职业技术学院,2023,四川,高职专科,理科,,,321,256400,
6351,青海高等职业技术学院,2023,四川,高职专科,理科,,,275,278522,
6352,青海警官职业学院,2023,四川,高职专科,理科,,,383,229251,
6353,青海农牧科技职业学院,2023,四川,高职专科,理科,,,352,235353,
6355,青海建筑职业技术学院,2023,四川,高职专科,理科,,,300,261721,
6356,青海卫生职业技术学院,2023,四川,高职专科,理科,,,390,190999,
6494,宁夏警官职业学院,2023,四川,高职专科,理科,,,344,259848,
6505,新疆警察学院,2023,四川,高职专科,理科,,,330,265916,
6513,新疆师范高等专科学校,2023,四川,高职专科,理科,,,300,201934,
6521,新疆工程学院,2023,四川,高职专科,理科,,,364,242974,
6531,乌鲁木齐职业大学,2023,四川,高职专科,理科,,,250,244880,
6546,图木舒克职业技术学院,2023,四川,高职专科,理科,,,190,251571,
6547,兰州外语职业学院,2023,四川,高职专科,理科,,,218,250436,
6548,宁夏艺术职业学院,2023,四川,高职专科,理科,,,216,260794,
6549,塔城职业技术学院,2023,四川,高职专科,理科,,,208,254840,
6551,克孜勒苏职业技术学院,2023,四川,高职专科,理科,,,210,278522,
6552,新疆工业职业技术学院,2023,四川,高职专科,理科,,,252,283211,
6553,新疆轻工职业技术学院,2023,四川,高职专科,理科,,,285,268634,
6554,克拉玛依职业技术学院,2023,四川,高职专科,理科,,,394,219857,
6555,伊犁职业技术学院,2023,四川,高职专科,理科,,,221,281483,
6556,陕西电子信息职业技术学院,2023,四川,高职专科,理科,,,200,239616,
6557,新疆科信职业技术学院,2023,四川,高职专科,理科,,,229,277730,
6558,新疆科技职业技术学院,2023,四川,高职专科,理科,,,232,226835,
6559,新疆建设职业技术学院,2023,四川,高职专科,理科,,,203,252130,
6560,铁门关职业技术学院,2023,四川,高职专科,理科,,,198,236837,
6561,新疆石河子职业技术学院,2023,四川,高职专科,理科,,,253,259370,
6562,阿勒泰职业技术学院,2023,四川,高职专科,理科,,,195,223423,
6563,阿克苏职业技术学院,2023,四川,高职专科,理科,,,280,255856,
6564,宝鸡中北职业学院,2023,四川,高职专科,理科,,,364,246833,
6566,甘肃有色冶金职业技术学院,2023,四川,高职专科,理科,,,276,281027,
6572,新疆应用职业技术学院,2023,四川,高职专科,理科,,,279,259370,
6573,宝鸡三和职业学院,2023,四川,高职专科,理科,,,257,238258,
6574,哈密职业技术学院,2023,四川,高职专科,理科,,,207,182843,
6576,甘肃卫生职业学院,2023,四川,高职专科,理科,,,397,205166,
6578,神木职业技术学院,2023,四川,高职专科,理科,,,322,261721,
6579,青海柴达木职业技术学院,2023,四川,高职专科,理科,,,290,274886,
6580,塔里木职业技术学院,2023,四川,高职专科,理科,,,253,271746,
6583,新疆交通职业技术学院,2023,四川,高职专科,理科,,,230,279030,
6584,兰州石化职业技术大学,2023,四川,高职专科,理科,,,417,194414,
6588,兰州资源环境职业技术大学,2023,四川,高职专科,理科,,,346,258896,
6589,吐鲁番职业技术学院,2023,四川,高职专科,理科,,,338,260794,
6590,和田职业技术学院,2023,四川,高职专科,理科,,,164,254319,
6591,新疆职业大学,2023,四川,高职专科,理科,,,280,273066,
6593,新疆铁道职业技术学院,2023,四川,高职专科,理科,,,314,262970,
6596,石河子工程职业技术学院,2023,四川,高职专科,理科,,,192,249878,
6597,巴音郭楞职业技术学院,2023,四川,高职专科,理科,,,156,262549,
6598,喀什职业技术学院,2023,四川,高职专科,理科,,,278,264703,
6737,榆林能源科技职业学院,2023,四川,高职专科,理科,,,164,284801,
6751,咸阳职业技术学院,2023,四川,高职专科,理科,,,380,231600,
6752,西安交通工程学院,2023,四川,高职专科,理科,,,424,196570,
6772,陕西青年职业学院,2023,四川,高职专科,理科,,,354,254840,
