school_id,school_name,year,province,batch,subject,major_group,major,score,rank,plan
2201,吉林大学,2025,宁夏,本科批A段,历史类,,,538,1156,
3103,华东师范大学,2025,宁夏,本科批A段,历史类,,,576,387,
3501,厦门大学,2025,宁夏,本科批A段,历史类,,,560,622,
3701,山东大学,2025,宁夏,本科批A段,历史类,,,543,1009,
4212,华中师范大学,2025,宁夏,本科批A段,历史类,,,511,2028,
5211,贵州大学,2025,宁夏,本科批A段,历史类,,,488,3083,
1008,中央民族大学,2025,宁夏,本科批B段,历史类,,,546,549,
1016,北京中医药大学,2025,宁夏,本科批B段,历史类,,,542,867,
1017,北京外国语大学,2025,宁夏,本科批B段,历史类,,,548,199,
1018,中国传媒大学,2025,宁夏,本科批B段,历史类,,,521,484,
1019,中央财经大学,2025,宁夏,本科批B段,历史类,,,546,143,
1023,中华女子学院,2025,宁夏,本科批B段,历史类,,,478,3469,
1111,对外经济贸易大学,2025,宁夏,本科批B段,历史类,,,559,410,
1112,北京体育大学,2025,宁夏,本科批B段,历史类,,,528,985,
1114,华北电力大学(北京),2025,宁夏,本科批B段,历史类,,,542,916,
1121,北京工商大学,2025,宁夏,本科批B段,历史类,,,516,1842,
1124,首都经济贸易大学,2025,宁夏,本科批B段,历史类,,,538,1069,
1131,北京物资学院,2025,宁夏,本科批B段,历史类,,,495,2375,
1133,中央美术学院,2025,宁夏,本科批B段,历史类,,,523,1215,
1134,中央戏剧学院,2025,宁夏,本科批B段,历史类,,,539,1127,
1135,中国戏曲学院,2025,宁夏,本科批B段,历史类,,,529,1420,
1149,中国劳动关系学院,2025,宁夏,本科批B段,历史类,,,506,2028,
1226,天津师范大学,2025,宁夏,本科批B段,历史类,,,492,1039,
1227,天津职业技术师范大学,2025,宁夏,本科批B段,历史类,,,474,3660,
1260,天津外国语大学滨海外事学院,2025,宁夏,本科批B段,历史类,,,420,5868,
1263,天津医科大学临床医学院,2025,宁夏,本科批B段,历史类,,,441,6179,
1321,河北工程大学,2025,宁夏,本科批B段,历史类,,,510,2075,
1323,石家庄铁道大学,2025,宁夏,本科批B段,历史类,,,521,1665,
1328,河北医科大学,2025,宁夏,本科批B段,历史类,,,457,4991,
1343,河北金融学院,2025,宁夏,本科批B段,历史类,,,462,4645,
1347,张家口学院,2025,宁夏,本科批B段,历史类,,,481,3469,
1363,石家庄铁道大学四方学院,2025,宁夏,本科批B段,历史类,,,456,5062,
1383,河北环境工程学院,2025,宁夏,本科批B段,历史类,,,454,5141,
1422,山西农业大学,2025,宁夏,本科批B段,历史类,,,470,2723,
1423,山西医科大学,2025,宁夏,本科批B段,历史类,,,475,3838,
1441,太原师范学院,2025,宁夏,本科批B段,历史类,,,469,3660,
1443,晋中学院,2025,宁夏,本科批B段,历史类,,,461,4317,
1445,吕梁学院,2025,宁夏,本科批B段,历史类,,,460,3966,
1448,太原学院,2025,宁夏,本科批B段,历史类,,,454,5062,
1526,内蒙古财经大学,2025,宁夏,本科批B段,历史类,,,494,2771,
1527,内蒙古艺术学院,2025,宁夏,本科批B段,历史类,,,450,5356,
1542,集宁师范学院,2025,宁夏,本科批B段,历史类,,,463,4585,
1560,内蒙古鸿德文理学院,2025,宁夏,本科批B段,历史类,,,440,6250,
2149,辽宁师范大学,2025,宁夏,本科批B段,历史类,,,474,3908,
2152,大连东软信息学院,2025,宁夏,本科批B段,历史类,,,428,7267,
2201,吉林大学,2025,宁夏,本科批B段,历史类,,,564,75,
2210,延边大学,2025,宁夏,本科批B段,历史类,,,531,1238,
2211,东北师范大学,2025,宁夏,本科批B段,历史类,,,529,1362,
2220,长春理工大学,2025,宁夏,本科批B段,历史类,,,489,2553,
2243,吉林工商学院,2025,宁夏,本科批B段,历史类,,,458,4443,
2246,长春大学,2025,宁夏,本科批B段,历史类,,,458,2286,
2250,吉林外国语大学,2025,宁夏,本科批B段,历史类,,,422,5141,
2262,长春大学旅游学院,2025,宁夏,本科批B段,历史类,,,410,7858,
2311,东北林业大学,2025,宁夏,本科批B段,历史类,,,469,1505,
2320,黑龙江大学,2025,宁夏,本科批B段,历史类,,,404,2975,
2322,东北石油大学,2025,宁夏,本科批B段,历史类,,,476,2254,
2327,哈尔滨师范大学,2025,宁夏,本科批B段,历史类,,,481,3137,
2328,齐齐哈尔大学,2025,宁夏,本科批B段,历史类,,,467,4317,
2340,哈尔滨学院,2025,宁夏,本科批B段,历史类,,,478,3469,
3113,上海财经大学,2025,宁夏,本科批B段,历史类,,,577,213,
3120,上海理工大学,2025,宁夏,本科批B段,历史类,,,518,1739,
3121,上海海事大学,2025,宁夏,本科批B段,历史类,,,529,1069,
3130,上海立信会计金融学院,2025,宁夏,本科批B段,历史类,,,519,1127,
3142,上海商学院,2025,宁夏,本科批B段,历史类,,,487,2930,
3150,上海杉达学院,2025,宁夏,本科批B段,历史类,,,406,6113,
3220,江苏科技大学,2025,宁夏,本科批B段,历史类,,,492,2723,
3222,常州大学,2025,宁夏,本科批B段,历史类,,,483,3033,
3225,江苏大学,2025,宁夏,本科批B段,历史类,,,532,1069,
3233,苏州科技大学,2025,宁夏,本科批B段,历史类,,,490,2028,
3239,扬州大学,2025,宁夏,本科批B段,历史类,,,529,1264,
3244,南京工程学院,2025,宁夏,本科批B段,历史类,,,467,4138,
3277,南京特殊教育师范学院,2025,宁夏,本科批B段,历史类,,,462,3774,
3324,浙江工商大学,2025,宁夏,本科批B段,历史类,,,497,1420,
3328,浙江师范大学,2025,宁夏,本科批B段,历史类,,,496,2286,
3342,浙江传媒学院,2025,宁夏,本科批B段,历史类,,,493,2254,
3360,宁波大学科学技术学院,2025,宁夏,本科批B段,历史类,,,442,5432,
3421,安徽农业大学,2025,宁夏,本科批B段,历史类,,,500,2411,
3423,安徽财经大学,2025,宁夏,本科批B段,历史类,,,487,1842,
3427,安徽中医药大学,2025,宁夏,本科批B段,历史类,,,539,1127,
3460,蚌埠工商学院,2025,宁夏,本科批B段,历史类,,,436,6113,
3463,池州学院,2025,宁夏,本科批B段,历史类,,,458,4768,
3501,厦门大学,2025,宁夏,本科批B段,历史类,,,588,161,
3543,三明学院,2025,宁夏,本科批B段,历史类,,,458,4768,
3546,福建商学院,2025,宁夏,本科批B段,历史类,,,457,4265,
3562,厦门工学院,2025,宁夏,本科批B段,历史类,,,420,7858,
3643,江西水利电力大学,2025,宁夏,本科批B段,历史类,,,461,4645,
3652,江西科技学院,2025,宁夏,本科批B段,历史类,,,437,6401,
3664,南昌医学院,2025,宁夏,本科批B段,历史类,,,456,5062,
3701,山东大学,2025,宁夏,本科批B段,历史类,,,568,369,
3702,山东大学威海分校,2025,宁夏,本科批B段,历史类,,,531,529,
3703,中国海洋大学,2025,宁夏,本科批B段,历史类,,,543,751,
3710,中国石油大学(华东),2025,宁夏,本科批B段,历史类,,,532,867,
3721,青岛科技大学,2025,宁夏,本科批B段,历史类,,,468,3586,
3723,青岛理工大学,2025,宁夏,本科批B段,历史类,,,459,3709,
3726,山东农业大学,2025,宁夏,本科批B段,历史类,,,476,3660,
3730,鲁东大学,2025,宁夏,本科批B段,历史类,,,499,2411,
3731,山东财经大学,2025,宁夏,本科批B段,历史类,,,489,751,
3734,青岛大学,2025,宁夏,本科批B段,历史类,,,518,1264,
3738,山东师范大学,2025,宁夏,本科批B段,历史类,,,438,1665,
3743,山东交通学院,2025,宁夏,本科批B段,历史类,,,468,4028,
3744,山东工商学院,2025,宁夏,本科批B段,历史类,,,478,3137,
3748,山东航空学院,2025,宁夏,本科批B段,历史类,,,460,4645,
3901,山东第一医科大学,2025,宁夏,本科批B段,历史类,,,457,4377,
4119,河南师范大学,2025,宁夏,本科批B段,历史类,,,436,4585,
4125,中原工学院,2025,宁夏,本科批B段,历史类,,,454,5062,
4128,河南大学,2025,宁夏,本科批B段,历史类,,,521,1448,
4130,河南财经政法大学,2025,宁夏,本科批B段,历史类,,,515,1099,
4137,平顶山学院,2025,宁夏,本科批B段,历史类,,,463,4585,
4138,河南科技学院,2025,宁夏,本科批B段,历史类,,,455,5062,
4141,许昌学院,2025,宁夏,本科批B段,历史类,,,473,3838,
4142,南阳师范学院,2025,宁夏,本科批B段,历史类,,,477,3709,
4172,郑州工程技术学院,2025,宁夏,本科批B段,历史类,,,452,5062,
4212,华中师范大学,2025,宁夏,本科批B段,历史类,,,472,1127,
4220,武汉科技大学,2025,宁夏,本科批B段,历史类,,,514,1329,
4240,湖北文理学院,2025,宁夏,本科批B段,历史类,,,478,3660,
4241,湖北理工学院,2025,宁夏,本科批B段,历史类,,,464,4527,
4247,黄冈师范学院,2025,宁夏,本科批B段,历史类,,,439,6318,
4269,武汉华夏理工学院,2025,宁夏,本科批B段,历史类,,,421,7858,
4301,中南大学,2025,宁夏,本科批B段,历史类,,,570,314,
4310,湖南师范大学,2025,宁夏,本科批B段,历史类,,,537,888,
4320,湘潭大学,2025,宁夏,本科批B段,历史类,,,540,777,
4322,长沙理工大学,2025,宁夏,本科批B段,历史类,,,521,1448,
4324,中南林业科技大学,2025,宁夏,本科批B段,历史类,,,458,3774,
4326,南华大学,2025,宁夏,本科批B段,历史类,,,514,1529,
4327,湖南工业大学,2025,宁夏,本科批B段,历史类,,,479,2254,
4345,湖南人文科技学院,2025,宁夏,本科批B段,历史类,,,470,4138,
4426,广东工业大学,2025,宁夏,本科批B段,历史类,,,506,1803,
4427,南方医科大学,2025,宁夏,本科批B段,历史类,,,541,340,
4429,深圳大学,2025,宁夏,本科批B段,历史类,,,555,497,
4431,深圳技术大学,2025,宁夏,本科批B段,历史类,,,522,1627,
4520,广西科技大学,2025,宁夏,本科批B段,历史类,,,464,4527,
4525,桂林理工大学,2025,宁夏,本科批B段,历史类,,,457,4527,
4541,北部湾大学,2025,宁夏,本科批B段,历史类,,,458,4830,
4551,柳州工学院,2025,宁夏,本科批B段,历史类,,,415,8431,
4598,桂林航天工业学院,2025,宁夏,本科批B段,历史类,,,454,4443,
4610,海南大学,2025,宁夏,本科批B段,历史类,,,528,1297,
4621,海南师范大学,2025,宁夏,本科批B段,历史类,,,482,2553,
4641,海南热带海洋学院,2025,宁夏,本科批B段,历史类,,,457,4991,
4672,琼台师范学院,2025,宁夏,本科批B段,历史类,,,453,4830,
5027,重庆工商大学,2025,宁夏,本科批B段,历史类,,,499,1627,
5051,重庆工程学院,2025,宁夏,本科批B段,历史类,,,440,5785,
5061,重庆人文科技学院,2025,宁夏,本科批B段,历史类,,,442,5285,
5067,重庆中医药学院,2025,宁夏,本科批B段,历史类,,,524,1557,
5129,西南民族大学,2025,宁夏,本科批B段,历史类,,,441,1770,
5132,西南医科大学,2025,宁夏,本科批B段,历史类,,,466,4377,
5133,四川师范大学,2025,宁夏,本科批B段,历史类,,,506,1238,
5147,攀枝花学院,2025,宁夏,本科批B段,历史类,,,457,4991,
5163,成都银杏酒店管理学院,2025,宁夏,本科批B段,历史类,,,420,7178,
5167,西南财经大学天府学院,2025,宁夏,本科批B段,历史类,,,443,5571,
5211,贵州大学,2025,宁夏,本科批B段,历史类,,,523,1597,
5222,贵州财经大学,2025,宁夏,本科批B段,历史类,,,469,3908,
5323,大理大学,2025,宁夏,本科批B段,历史类,,,507,2210,
5327,云南民族大学,2025,宁夏,本科批B段,历史类,,,505,2286,
6129,陕西理工大学,2025,宁夏,本科批B段,历史类,,,511,1739,
6131,西北政法大学,2025,宁夏,本科批B段,历史类,,,542,442,
6141,咸阳师范学院,2025,宁夏,本科批B段,历史类,,,484,2723,
6142,渭南师范学院,2025,宁夏,本科批B段,历史类,,,469,3774,
6143,西安文理学院,2025,宁夏,本科批B段,历史类,,,502,2375,
6144,榆林学院,2025,宁夏,本科批B段,历史类,,,477,2686,
6146,安康学院,2025,宁夏,本科批B段,历史类,,,451,5432,
6153,西京学院,2025,宁夏,本科批B段,历史类,,,427,6994,
6156,西安明德理工学院,2025,宁夏,本科批B段,历史类,,,425,7437,
6224,兰州财经大学,2025,宁夏,本科批B段,历史类,,,464,2332,
6243,天水师范大学,2025,宁夏,本科批B段,历史类,,,482,3354,
6411,宁夏大学,2025,宁夏,本科批B段,历史类,,,448,985,
6422,北方民族大学,2025,宁夏,本科批B段,历史类,,,477,2075,
6440,宁夏师范大学,2025,宁夏,本科批B段,历史类,,,447,2075,
6511,石河子大学,2025,宁夏,本科批B段,历史类,,,509,1739,
6540,新疆艺术学院,2025,宁夏,本科批B段,历史类,,,448,5648,
1022,中国消防救援学院,2025,宁夏,本科提前批A段,历史类,,,497,2646,
1345,中央司法警官学院,2025,宁夏,本科提前批A段,历史类,,,475,,
6131,西北政法大学,2025,宁夏,本科提前批A段,历史类,,,432,6906,
,中央司法警官学院,2025,宁夏,本科提前批A段,历史类,,,554,,
1125,中国人民公安大学,2025,宁夏,本科提前批B段,历史类,,,566,181,
2145,中国刑事警察学院,2025,宁夏,本科提前批B段,历史类,,,494,251,
2211,东北师范大学,2025,宁夏,本科提前批B段,历史类,,,577,251,
3103,华东师范大学,2025,宁夏,本科提前批B段,历史类,,,579,54,
4212,华中师范大学,2025,宁夏,本科提前批B段,历史类,,,579,134,
6440,宁夏师范大学,2025,宁夏,本科提前批B段,历史类,,,550,678,
1311,河北轨道运输职业技术学院,2025,宁夏,高职(专科)批,历史类,,,410,7858,
1312,唐山幼儿师范高等专科学校,2025,宁夏,高职(专科)批,历史类,,,323,16827,
1347,张家口学院,2025,宁夏,高职(专科)批,历史类,,,425,6401,
1399,石家庄幼儿师范高等专科学校,2025,宁夏,高职(专科)批,历史类,,,325,12990,
1478,临汾职业技术学院,2025,宁夏,高职(专科)批,历史类,,,355,14126,
2374,鹤岗师范高等专科学校,2025,宁夏,高职(专科)批,历史类,,,273,20231,
2377,黑龙江农业工程职业学院,2025,宁夏,高职(专科)批,历史类,,,339,14522,
3204,南京机电职业技术学院,2025,宁夏,高职(专科)批,历史类,,,422,6250,
3252,镇江市高等专科学校,2025,宁夏,高职(专科)批,历史类,,,360,13861,
3287,徐州幼儿师范高等专科学校,2025,宁夏,高职(专科)批,历史类,,,351,14711,
3298,江苏电子信息职业学院,2025,宁夏,高职(专科)批,历史类,,,388,11039,
3692,江西航空职业技术学院,2025,宁夏,高职(专科)批,历史类,,,341,15098,
3706,枣庄职业学院,2025,宁夏,高职(专科)批,历史类,,,333,9277,
3787,烟台工程职业技术学院,2025,宁夏,高职(专科)批,历史类,,,283,19423,
4114,鹤壁职业技术学院,2025,宁夏,高职(专科)批,历史类,,,292,17170,
4166,郑州旅游职业学院,2025,宁夏,高职(专科)批,历史类,,,292,19423,
4188,安阳职业技术学院,2025,宁夏,高职(专科)批,历史类,,,352,14625,
4270,汉江师范学院,2025,宁夏,高职(专科)批,历史类,,,369,9085,
5274,铜仁职业技术大学,2025,宁夏,高职(专科)批,历史类,,,330,16741,
6100,陕西工商职业学院,2025,宁夏,高职(专科)批,历史类,,,330,14815,
6251,兰州资源环境职业技术大学,2025,宁夏,高职(专科)批,历史类,,,373,11796,
6371,青海职业技术大学,2025,宁夏,高职(专科)批,历史类,,,360,13180,
3692,江西航空职业技术学院,2025,宁夏,高职(专科)提前批B段,历史类,,,377,9485,
1015,北京林业大学,2025,宁夏,本科批A段,物理类,,,486,8807,
1117,中国地质大学(北京),2025,宁夏,本科批A段,物理类,,,488,8559,
2201,吉林大学,2025,宁夏,本科批A段,物理类,,,547,2939,
2311,东北林业大学,2025,宁夏,本科批A段,物理类,,,445,15352,
2320,黑龙江大学,2025,宁夏,本科批A段,物理类,,,444,15533,
3103,华东师范大学,2025,宁夏,本科批A段,物理类,,,573,1513,
3110,华东理工大学,2025,宁夏,本科批A段,物理类,,,532,3997,
3113,上海财经大学,2025,宁夏,本科批A段,物理类,,,543,3199,
3215,江南大学,2025,宁夏,本科批A段,物理类,,,539,3475,
3501,厦门大学,2025,宁夏,本科批A段,物理类,,,580,1217,
3703,中国海洋大学,2025,宁夏,本科批A段,物理类,,,481,9464,
3704,哈尔滨工业大学(威海),2025,宁夏,本科批A段,物理类,,,581,1184,
3710,中国石油大学(华东),2025,宁夏,本科批A段,物理类,,,538,3559,
4212,华中师范大学,2025,宁夏,本科批A段,物理类,,,513,5750,
5211,贵州大学,2025,宁夏,本科批A段,物理类,,,455,13550,
1008,中央民族大学,2025,宁夏,本科批B段,物理类,,,540,2553,
1011,北京科技大学,2025,宁夏,本科批B段,物理类,,,569,1714,
1015,北京林业大学,2025,宁夏,本科批B段,物理类,,,509,4866,
1016,北京中医药大学,2025,宁夏,本科批B段,物理类,,,552,2608,
1017,北京外国语大学,2025,宁夏,本科批B段,物理类,,,558,2091,
1018,中国传媒大学,2025,宁夏,本科批B段,物理类,,,534,2821,
1019,中央财经大学,2025,宁夏,本科批B段,物理类,,,514,534,
1023,中华女子学院,2025,宁夏,本科批B段,物理类,,,461,12474,
1111,对外经济贸易大学,2025,宁夏,本科批B段,物理类,,,549,1933,
1112,北京体育大学,2025,宁夏,本科批B段,物理类,,,508,6058,
1114,华北电力大学(北京),2025,宁夏,本科批B段,物理类,,,514,2743,
1116,中国石油大学(北京),2025,宁夏,本科批B段,物理类,,,495,2331,
1117,中国地质大学(北京),2025,宁夏,本科批B段,物理类,,,515,5133,
1118,北京工业大学,2025,宁夏,本科批B段,物理类,,,512,4355,
1124,首都经济贸易大学,2025,宁夏,本科批B段,物理类,,,513,5750,
1128,北京印刷学院,2025,宁夏,本科批B段,物理类,,,471,10037,
1129,北京建筑大学,2025,宁夏,本科批B段,物理类,,,478,7300,
1131,北京物资学院,2025,宁夏,本科批B段,物理类,,,416,9464,
1149,中国劳动关系学院,2025,宁夏,本科批B段,物理类,,,465,8208,
1226,天津师范大学,2025,宁夏,本科批B段,物理类,,,439,11860,
1227,天津职业技术师范大学,2025,宁夏,本科批B段,物理类,,,426,14421,
1234,天津农学院,2025,宁夏,本科批B段,物理类,,,428,18721,
1263,天津医科大学临床医学院,2025,宁夏,本科批B段,物理类,,,420,20337,
1320,燕山大学,2025,宁夏,本科批B段,物理类,,,535,3199,
1321,河北工程大学,2025,宁夏,本科批B段,物理类,,,468,8674,
1323,石家庄铁道大学,2025,宁夏,本科批B段,物理类,,,493,6058,
1326,河北科技师范学院,2025,宁夏,本科批B段,物理类,,,423,19510,
1328,河北医科大学,2025,宁夏,本科批B段,物理类,,,454,12834,
1343,河北金融学院,2025,宁夏,本科批B段,物理类,,,421,19312,
1344,防灾科技学院,2025,宁夏,本科批B段,物理类,,,423,14048,
1349,河北水利电力学院,2025,宁夏,本科批B段,物理类,,,439,15533,
1363,石家庄铁道大学四方学院,2025,宁夏,本科批B段,物理类,,,415,21343,
1383,河北环境工程学院,2025,宁夏,本科批B段,物理类,,,423,18498,
1421,中北大学,2025,宁夏,本科批B段,物理类,,,494,3633,
1422,山西农业大学,2025,宁夏,本科批B段,物理类,,,431,15533,
1423,山西医科大学,2025,宁夏,本科批B段,物理类,,,466,10636,
1441,太原师范学院,2025,宁夏,本科批B段,物理类,,,433,17102,
1442,长治医学院,2025,宁夏,本科批B段,物理类,,,434,12002,
1443,晋中学院,2025,宁夏,本科批B段,物理类,,,420,19930,
1445,吕梁学院,2025,宁夏,本科批B段,物理类,,,418,17893,
1446,太原工业学院,2025,宁夏,本科批B段,物理类,,,431,15926,
1448,太原学院,2025,宁夏,本科批B段,物理类,,,395,19117,
1450,山西医药学院,2025,宁夏,本科批B段,物理类,,,429,17706,
1492,山西工程技术学院,2025,宁夏,本科批B段,物理类,,,391,14793,
1521,内蒙古工业大学,2025,宁夏,本科批B段,物理类,,,427,18498,
1522,内蒙古农业大学,2025,宁夏,本科批B段,物理类,,,429,16308,
1526,内蒙古财经大学,2025,宁夏,本科批B段,物理类,,,459,12834,
1560,内蒙古鸿德文理学院,2025,宁夏,本科批B段,物理类,,,398,24887,
2112,辽宁中医药大学,2025,宁夏,本科批B段,物理类,,,494,7799,
2124,辽宁石油化工大学,2025,宁夏,本科批B段,物理类,,,452,11545,
2125,沈阳化工大学,2025,宁夏,本科批B段,物理类,,,451,13026,
2127,大连工业大学,2025,宁夏,本科批B段,物理类,,,479,9765,
2129,辽宁工业大学,2025,宁夏,本科批B段,物理类,,,461,11545,
2130,沈阳农业大学,2025,宁夏,本科批B段,物理类,,,427,13550,
2132,大连医科大学,2025,宁夏,本科批B段,物理类,,,476,1133,
2139,沈阳大学,2025,宁夏,本科批B段,物理类,,,432,17893,
2152,大连东软信息学院,2025,宁夏,本科批B段,物理类,,,377,27683,
2153,辽宁科技学院,2025,宁夏,本科批B段,物理类,,,434,15926,
2201,吉林大学,2025,宁夏,本科批B段,物理类,,,525,1994,
2210,延边大学,2025,宁夏,本科批B段,物理类,,,479,9765,
2211,东北师范大学,2025,宁夏,本科批B段,物理类,,,513,5750,
2220,长春理工大学,2025,宁夏,本科批B段,物理类,,,459,12834,
2222,吉林农业大学,2025,宁夏,本科批B段,物理类,,,439,14421,
2223,长春中医药大学,2025,宁夏,本科批B段,物理类,,,431,16897,
2243,吉林工商学院,2025,宁夏,本科批B段,物理类,,,426,17893,
2244,长春工程学院,2025,宁夏,本科批B段,物理类,,,401,20720,
2246,长春大学,2025,宁夏,本科批B段,物理类,,,431,18072,
2247,吉林医药学院,2025,宁夏,本科批B段,物理类,,,427,17102,
2250,吉林外国语大学,2025,宁夏,本科批B段,物理类,,,391,24887,
2253,长春科技学院,2025,宁夏,本科批B段,物理类,,,391,26299,
2254,吉林工程技术师范学院,2025,宁夏,本科批B段,物理类,,,433,17706,
2262,长春大学旅游学院,2025,宁夏,本科批B段,物理类,,,375,29248,
2311,东北林业大学,2025,宁夏,本科批B段,物理类,,,438,8674,
2320,黑龙江大学,2025,宁夏,本科批B段,物理类,,,437,11084,
2321,黑龙江科技大学,2025,宁夏,本科批B段,物理类,,,437,16897,
2322,东北石油大学,2025,宁夏,本科批B段,物理类,,,391,9067,
2323,佳木斯大学,2025,宁夏,本科批B段,物理类,,,444,13372,
2326,黑龙江中医药大学,2025,宁夏,本科批B段,物理类,,,432,4181,
2327,哈尔滨师范大学,2025,宁夏,本科批B段,物理类,,,428,17304,
2328,齐齐哈尔大学,2025,宁夏,本科批B段,物理类,,,441,14421,
2332,齐齐哈尔医学院,2025,宁夏,本科批B段,物理类,,,450,10484,
2333,哈尔滨理工大学,2025,宁夏,本科批B段,物理类,,,491,6272,
2340,哈尔滨学院,2025,宁夏,本科批B段,物理类,,,436,16511,
2345,牡丹江医科大学,2025,宁夏,本科批B段,物理类,,,428,11545,
3110,华东理工大学,2025,宁夏,本科批B段,物理类,,,506,2038,
3113,上海财经大学,2025,宁夏,本科批B段,物理类,,,530,1714,
3120,上海理工大学,2025,宁夏,本科批B段,物理类,,,506,4265,
3121,上海海事大学,2025,宁夏,本科批B段,物理类,,,510,5750,
3123,上海海洋大学,2025,宁夏,本科批B段,物理类,,,501,7060,
3128,上海工程技术大学,2025,宁夏,本科批B段,物理类,,,459,11235,
3130,上海立信会计金融学院,2025,宁夏,本科批B段,物理类,,,477,5750,
3142,上海商学院,2025,宁夏,本科批B段,物理类,,,442,15726,
3143,上海第二工业大学,2025,宁夏,本科批B段,物理类,,,457,12659,
3144,上海海关学院,2025,宁夏,本科批B段,物理类,,,500,7185,
3150,上海杉达学院,2025,宁夏,本科批B段,物理类,,,385,19720,
3170,上海健康医学院,2025,宁夏,本科批B段,物理类,,,495,7705,
3215,江南大学,2025,宁夏,本科批B段,物理类,,,524,4704,
3220,江苏科技大学,2025,宁夏,本科批B段,物理类,,,454,9318,
3221,南京工业大学,2025,宁夏,本科批B段,物理类,,,473,5950,
3222,常州大学,2025,宁夏,本科批B段,物理类,,,472,6715,
3223,南京邮电大学,2025,宁夏,本科批B段,物理类,,,489,8430,
3225,江苏大学,2025,宁夏,本科批B段,物理类,,,472,3997,
3226,南京信息工程大学,2025,宁夏,本科批B段,物理类,,,490,1754,
3227,南通大学,2025,宁夏,本科批B段,物理类,,,454,11405,
3233,苏州科技大学,2025,宁夏,本科批B段,物理类,,,475,9903,
3239,扬州大学,2025,宁夏,本科批B段,物理类,,,518,4613,
3243,徐州工程学院,2025,宁夏,本科批B段,物理类,,,428,16897,
3244,南京工程学院,2025,宁夏,本科批B段,物理类,,,451,12002,
3277,南京特殊教育师范学院,2025,宁夏,本科批B段,物理类,,,424,19510,
3324,浙江工商大学,2025,宁夏,本科批B段,物理类,,,480,5632,
3326,中国计量大学,2025,宁夏,本科批B段,物理类,,,522,3997,
3328,浙江师范大学,2025,宁夏,本科批B段,物理类,,,462,11701,
3331,宁波大学,2025,宁夏,本科批B段,物理类,,,488,8062,
3342,浙江传媒学院,2025,宁夏,本科批B段,物理类,,,450,13186,
3343,浙江水利水电学院,2025,宁夏,本科批B段,物理类,,,429,18072,
3360,宁波大学科学技术学院,2025,宁夏,本科批B段,物理类,,,419,20535,
3361,衢州学院,2025,宁夏,本科批B段,物理类,,,441,13875,
3421,安徽农业大学,2025,宁夏,本科批B段,物理类,,,463,12162,
3423,安徽财经大学,2025,宁夏,本科批B段,物理类,,,393,9067,
3427,安徽中医药大学,2025,宁夏,本科批B段,物理类,,,513,3926,
3441,淮南师范学院,2025,宁夏,本科批B段,物理类,,,413,20720,
3460,蚌埠工商学院,2025,宁夏,本科批B段,物理类,,,402,22991,
3463,池州学院,2025,宁夏,本科批B段,物理类,,,440,15162,
3501,厦门大学,2025,宁夏,本科批B段,物理类,,,539,682,
3543,三明学院,2025,宁夏,本科批B段,物理类,,,422,19930,
3544,龙岩学院,2025,宁夏,本科批B段,物理类,,,418,20720,
3546,福建商学院,2025,宁夏,本科批B段,物理类,,,421,19312,
3562,厦门工学院,2025,宁夏,本科批B段,物理类,,,373,24043,
3643,江西水利电力大学,2025,宁夏,本科批B段,物理类,,,446,14793,
3652,江西科技学院,2025,宁夏,本科批B段,物理类,,,416,21119,
3664,南昌医学院,2025,宁夏,本科批B段,物理类,,,487,5306,
3701,山东大学,2025,宁夏,本科批B段,物理类,,,505,770,
3702,山东大学威海分校,2025,宁夏,本科批B段,物理类,,,551,1612,
3703,中国海洋大学,2025,宁夏,本科批B段,物理类,,,538,2743,
3704,哈尔滨工业大学(威海),2025,宁夏,本科批B段,物理类,,,604,426,
3710,中国石油大学(华东),2025,宁夏,本科批B段,物理类,,,496,5133,
3720,山东科技大学,2025,宁夏,本科批B段,物理类,,,422,10789,
3721,青岛科技大学,2025,宁夏,本科批B段,物理类,,,476,7705,
3723,青岛理工大学,2025,宁夏,本科批B段,物理类,,,426,14421,
3726,山东农业大学,2025,宁夏,本科批B段,物理类,,,435,15926,
3727,青岛农业大学,2025,宁夏,本科批B段,物理类,,,430,16717,
3728,山东第二医科大学,2025,宁夏,本科批B段,物理类,,,438,9067,
3730,鲁东大学,2025,宁夏,本科批B段,物理类,,,407,14615,
3731,山东财经大学,2025,宁夏,本科批B段,物理类,,,445,8062,
3734,青岛大学,2025,宁夏,本科批B段,物理类,,,506,6482,
3737,滨州医学院,2025,宁夏,本科批B段,物理类,,,438,9464,
3738,山东师范大学,2025,宁夏,本科批B段,物理类,,,424,7705,
3743,山东交通学院,2025,宁夏,本科批B段,物理类,,,427,17304,
3744,山东工商学院,2025,宁夏,本科批B段,物理类,,,426,16308,
3745,济宁医学院,2025,宁夏,本科批B段,物理类,,,448,11235,
3748,山东航空学院,2025,宁夏,本科批B段,物理类,,,436,15533,
3760,烟台理工学院,2025,宁夏,本科批B段,物理类,,,409,22162,
3901,山东第一医科大学,2025,宁夏,本科批B段,物理类,,,434,17511,
4119,河南师范大学,2025,宁夏,本科批B段,物理类,,,404,23603,
4120,华北水利水电大学,2025,宁夏,本科批B段,物理类,,,401,15162,
4121,河南理工大学,2025,宁夏,本科批B段,物理类,,,414,6589,
4125,中原工学院,2025,宁夏,本科批B段,物理类,,,430,18286,
4128,河南大学,2025,宁夏,本科批B段,物理类,,,421,14048,
4130,河南财经政法大学,2025,宁夏,本科批B段,物理类,,,470,6715,
4137,平顶山学院,2025,宁夏,本科批B段,物理类,,,426,19117,
4138,河南科技学院,2025,宁夏,本科批B段,物理类,,,428,16308,
4141,许昌学院,2025,宁夏,本科批B段,物理类,,,439,13700,
4142,南阳师范学院,2025,宁夏,本科批B段,物理类,,,427,17706,
4152,商丘工学院,2025,宁夏,本科批B段,物理类,,,412,21957,
4172,郑州工程技术学院,2025,宁夏,本科批B段,物理类,,,418,19930,
4195,河南工学院,2025,宁夏,本科批B段,物理类,,,421,19510,
4212,华中师范大学,2025,宁夏,本科批B段,物理类,,,506,6482,
4220,武汉科技大学,2025,宁夏,本科批B段,物理类,,,533,3633,
4223,武汉轻工大学,2025,宁夏,本科批B段,物理类,,,479,8807,
4240,湖北文理学院,2025,宁夏,本科批B段,物理类,,,449,14615,
4241,湖北理工学院,2025,宁夏,本科批B段,物理类,,,434,16897,
4242,湖北医药学院,2025,宁夏,本科批B段,物理类,,,479,8807,
4247,黄冈师范学院,2025,宁夏,本科批B段,物理类,,,430,16897,
4269,武汉华夏理工学院,2025,宁夏,本科批B段,物理类,,,400,22765,
4301,中南大学,2025,宁夏,本科批B段,物理类,,,563,1133,
4310,湖南师范大学,2025,宁夏,本科批B段,物理类,,,535,3774,
4320,湘潭大学,2025,宁夏,本科批B段,物理类,,,528,4355,
4322,长沙理工大学,2025,宁夏,本科批B段,物理类,,,476,9318,
4324,中南林业科技大学,2025,宁夏,本科批B段,物理类,,,374,14793,
4326,南华大学,2025,宁夏,本科批B段,物理类,,,473,8208,
4327,湖南工业大学,2025,宁夏,本科批B段,物理类,,,448,10188,
4345,湖南人文科技学院,2025,宁夏,本科批B段,物理类,,,438,16717,
4426,广东工业大学,2025,宁夏,本科批B段,物理类,,,519,3633,
4427,南方医科大学,2025,宁夏,本科批B段,物理类,,,503,3633,
4429,深圳大学,2025,宁夏,本科批B段,物理类,,,551,2670,
4431,深圳技术大学,2025,宁夏,本科批B段,物理类,,,527,4265,
4456,广东石油化工学院,2025,宁夏,本科批B段,物理类,,,443,13550,
4520,广西科技大学,2025,宁夏,本科批B段,物理类,,,420,20337,
4525,桂林理工大学,2025,宁夏,本科批B段,物理类,,,434,15726,
4541,北部湾大学,2025,宁夏,本科批B段,物理类,,,424,18910,
4551,柳州工学院,2025,宁夏,本科批B段,物理类,,,405,23400,
4610,海南大学,2025,宁夏,本科批B段,物理类,,,483,5043,
4621,海南师范大学,2025,宁夏,本科批B段,物理类,,,420,13026,
4641,海南热带海洋学院,2025,宁夏,本科批B段,物理类,,,425,19312,
4672,琼台师范学院,2025,宁夏,本科批B段,物理类,,,424,19312,
5026,重庆理工大学,2025,宁夏,本科批B段,物理类,,,501,6482,
5027,重庆工商大学,2025,宁夏,本科批B段,物理类,,,437,9464,
5051,重庆工程学院,2025,宁夏,本科批B段,物理类,,,406,23197,
5061,重庆人文科技学院,2025,宁夏,本科批B段,物理类,,,412,19720,
5067,重庆中医药学院,2025,宁夏,本科批B段,物理类,,,479,9765,
5120,西南石油大学,2025,宁夏,本科批B段,物理类,,,506,4355,
5125,成都中医药大学,2025,宁夏,本科批B段,物理类,,,455,12162,
5129,西南民族大学,2025,宁夏,本科批B段,物理类,,,459,10636,
5132,西南医科大学,2025,宁夏,本科批B段,物理类,,,417,20929,
5133,四川师范大学,2025,宁夏,本科批B段,物理类,,,467,8314,
5147,攀枝花学院,2025,宁夏,本科批B段,物理类,,,423,19720,
5163,成都银杏酒店管理学院,2025,宁夏,本科批B段,物理类,,,388,26299,
5167,西南财经大学天府学院,2025,宁夏,本科批B段,物理类,,,402,22162,
5211,贵州大学,2025,宁夏,本科批B段,物理类,,,479,6058,
5222,贵州财经大学,2025,宁夏,本科批B段,物理类,,,418,18286,
5243,贵州理工学院,2025,宁夏,本科批B段,物理类,,,431,14793,
5322,昆明医科大学,2025,宁夏,本科批B段,物理类,,,489,5133,
5323,大理大学,2025,宁夏,本科批B段,物理类,,,459,12834,
5361,昆明医科大学海源学院,2025,宁夏,本科批B段,物理类,,,417,20127,
6129,陕西理工大学,2025,宁夏,本科批B段,物理类,,,478,8314,
6131,西北政法大学,2025,宁夏,本科批B段,物理类,,,513,4529,
6139,西安航空学院,2025,宁夏,本科批B段,物理类,,,449,13550,
6141,咸阳师范学院,2025,宁夏,本科批B段,物理类,,,433,17511,
6142,渭南师范学院,2025,宁夏,本科批B段,物理类,,,433,17706,
6143,西安文理学院,2025,宁夏,本科批B段,物理类,,,446,13875,
6144,榆林学院,2025,宁夏,本科批B段,物理类,,,435,16897,
6146,安康学院,2025,宁夏,本科批B段,物理类,,,423,19720,
6153,西京学院,2025,宁夏,本科批B段,物理类,,,404,20720,
6156,西安明德理工学院,2025,宁夏,本科批B段,物理类,,,407,20535,
6162,西安建筑科技大学华清学院,2025,宁夏,本科批B段,物理类,,,405,21755,
6224,兰州财经大学,2025,宁夏,本科批B段,物理类,,,422,11545,
6243,天水师范大学,2025,宁夏,本科批B段,物理类,,,433,17511,
6251,兰州资源环境职业技术大学,2025,宁夏,本科批B段,物理类,,,431,16717,
6411,宁夏大学,2025,宁夏,本科批B段,物理类,,,402,6589,
6422,北方民族大学,2025,宁夏,本科批B段,物理类,,,422,12659,
6440,宁夏师范大学,2025,宁夏,本科批B段,物理类,,,408,12659,
6511,石河子大学,2025,宁夏,本科批B段,物理类,,,414,10636,
1022,中国消防救援学院,2025,宁夏,本科提前批A段,物理类,,,456,4704,
1345,中央司法警官学院,2025,宁夏,本科提前批A段,物理类,,,503,,
3144,上海海关学院,2025,宁夏,本科提前批A段,物理类,,,565,1887,
6131,西北政法大学,2025,宁夏,本科提前批A段,物理类,,,475,10345,
,中央司法警官学院,2025,宁夏,本科提前批A段,物理类,,,546,,
1125,中国人民公安大学,2025,宁夏,本科提前批B段,物理类,,,537,551,
2145,中国刑事警察学院,2025,宁夏,本科提前批B段,物理类,,,515,737,
2211,东北师范大学,2025,宁夏,本科提前批B段,物理类,,,579,826,
3103,华东师范大学,2025,宁夏,本科提前批B段,物理类,,,585,186,
3385,浙江警察学院,2025,宁夏,本科提前批B段,物理类,,,497,7490,
4212,华中师范大学,2025,宁夏,本科提前批B段,物理类,,,586,682,
5341,云南警官学院,2025,宁夏,本科提前批B段,物理类,,,499,7300,
6440,宁夏师范大学,2025,宁夏,本科提前批B段,物理类,,,548,2204,
1311,河北轨道运输职业技术学院,2025,宁夏,高职(专科)批,物理类,,,392,19510,
1312,唐山幼儿师范高等专科学校,2025,宁夏,高职(专科)批,物理类,,,260,43305,
1347,张家口学院,2025,宁夏,高职(专科)批,物理类,,,387,26476,
1399,石家庄幼儿师范高等专科学校,2025,宁夏,高职(专科)批,物理类,,,191,43441,
1478,临汾职业技术学院,2025,宁夏,高职(专科)批,物理类,,,324,37766,
1485,山西林业职业技术学院,2025,宁夏,高职(专科)批,物理类,,,303,36778,
2152,大连东软信息学院,2025,宁夏,高职(专科)批,物理类,,,279,39360,
2177,辽宁装备制造职业技术学院,2025,宁夏,高职(专科)批,物理类,,,319,38426,
2374,鹤岗师范高等专科学校,2025,宁夏,高职(专科)批,物理类,,,261,43078,
2377,黑龙江农业工程职业学院,2025,宁夏,高职(专科)批,物理类,,,268,34871,
3204,南京机电职业技术学院,2025,宁夏,高职(专科)批,物理类,,,399,22765,
3252,镇江市高等专科学校,2025,宁夏,高职(专科)批,物理类,,,357,32713,
3298,江苏电子信息职业学院,2025,宁夏,高职(专科)批,物理类,,,364,28434,
3506,湄洲湾职业技术学院,2025,宁夏,高职(专科)批,物理类,,,304,40102,
3692,江西航空职业技术学院,2025,宁夏,高职(专科)批,物理类,,,316,37215,
3706,枣庄职业学院,2025,宁夏,高职(专科)批,物理类,,,294,32514,
3787,烟台工程职业技术学院,2025,宁夏,高职(专科)批,物理类,,,253,42007,
4114,鹤壁职业技术学院,2025,宁夏,高职(专科)批,物理类,,,230,43352,
4188,安阳职业技术学院,2025,宁夏,高职(专科)批,物理类,,,322,38044,
5274,铜仁职业技术大学,2025,宁夏,高职(专科)批,物理类,,,317,34379,
6100,陕西工商职业学院,2025,宁夏,高职(专科)批,物理类,,,319,35606,
6251,兰州资源环境职业技术大学,2025,宁夏,高职(专科)批,物理类,,,376,25692,
6371,青海职业技术大学,2025,宁夏,高职(专科)批,物理类,,,334,34710,
3692,江西航空职业技术学院,2025,宁夏,高职(专科)提前批B段,物理类,,,342,34558,
6251,兰州资源环境职业技术大学,2025,宁夏,高职(专科)提前批B段,物理类,,,329,35038,
1001,北京大学,2024,宁夏,本科批B段,文科,,,627,52,
1002,清华大学,2024,宁夏,本科批B段,文科,,,626,52,
1003,中国人民大学,2024,宁夏,本科批B段,文科,,,603,52,
1004,北京航空航天大学,2024,宁夏,本科批B段,文科,,,605,127,
1005,北京理工大学,2024,宁夏,本科批B段,文科,,,584,335,
1007,北京师范大学,2024,宁夏,本科批B段,文科,,,566,109,
1008,中央民族大学,2024,宁夏,本科批B段,文科,,,513,254,
1012,北京化工大学,2024,宁夏,本科批B段,文科,,,546,1023,
1016,北京中医药大学,2024,宁夏,本科批B段,文科,,,573,148,
1017,北京外国语大学,2024,宁夏,本科批B段,文科,,,517,141,
1018,中国传媒大学,2024,宁夏,本科批B段,文科,,,552,610,
1019,中央财经大学,2024,宁夏,本科批B段,文科,,,511,180,
1111,对外经济贸易大学,2024,宁夏,本科批B段,文科,,,514,291,
1112,北京体育大学,2024,宁夏,本科批B段,文科,,,508,854,
1113,中国政法大学,2024,宁夏,本科批B段,文科,,,500,141,
1114,华北电力大学(北京),2024,宁夏,本科批B段,文科,,,556,583,
1121,北京工商大学,2024,宁夏,本科批B段,文科,,,521,2051,
1124,首都经济贸易大学,2024,宁夏,本科批B段,文科,,,553,750,
1128,北京印刷学院,2024,宁夏,本科批B段,文科,,,508,2492,
1130,北京农学院,2024,宁夏,本科批B段,文科,,,466,5708,
1131,北京物资学院,2024,宁夏,本科批B段,文科,,,507,2196,
1135,中国戏曲学院,2024,宁夏,本科批B段,文科,,,520,2090,
1139,北京联合大学,2024,宁夏,本科批B段,文科,,,506,2854,
1142,北京语言大学,2024,宁夏,本科批B段,文科,,,532,1598,
1149,中国劳动关系学院,2024,宁夏,本科批B段,文科,,,494,2612,
1150,北京城市学院,2024,宁夏,本科批B段,文科,,,451,7134,
1160,首都师范大学科德学院,2024,宁夏,本科批B段,文科,,,428,9378,
1163,北京工业大学耿丹学院,2024,宁夏,本科批B段,文科,,,419,8571,
1201,南开大学,2024,宁夏,本科批B段,文科,,,577,82,
1220,天津科技大学,2024,宁夏,本科批B段,文科,,,506,1956,
1222,中国民航大学,2024,宁夏,本科批B段,文科,,,522,854,
1226,天津师范大学,2024,宁夏,本科批B段,文科,,,530,880,
1227,天津职业技术师范大学,2024,宁夏,本科批B段,文科,,,487,3719,
1228,天津外国语大学,2024,宁夏,本科批B段,文科,,,514,1345,
1229,天津商业大学,2024,宁夏,本科批B段,文科,,,502,2553,
1230,天津财经大学,2024,宁夏,本科批B段,文科,,,496,1216,
1233,天津城建大学,2024,宁夏,本科批B段,文科,,,473,4295,
1250,天津天狮学院,2024,宁夏,本科批B段,文科,,,443,7785,
1260,天津外国语大学滨海外事学院,2024,宁夏,本科批B段,文科,,,462,4147,
1262,天津商业大学宝德学院,2024,宁夏,本科批B段,文科,,,459,5522,
1266,天津理工大学中环信息学院,2024,宁夏,本科批B段,文科,,,449,6378,
1267,北京科技大学天津学院,2024,宁夏,本科批B段,文科,,,466,5275,
1268,天津仁爱学院,2024,宁夏,本科批B段,文科,,,423,7134,
1269,天津财经大学珠江学院,2024,宁夏,本科批B段,文科,,,468,5350,
1272,天津中德应用技术大学,2024,宁夏,本科批B段,文科,,,486,4147,
1301,东北大学秦皇岛分校,2024,宁夏,本科批B段,文科,,,547,1092,
1310,华北电力大学(保定),2024,宁夏,本科批B段,文科,,,546,807,
1321,河北工程大学,2024,宁夏,本科批B段,文科,,,500,3194,
1322,华北理工大学,2024,宁夏,本科批B段,文科,,,491,2309,
1323,石家庄铁道大学,2024,宁夏,本科批B段,文科,,,527,1793,
1325,河北地质大学,2024,宁夏,本科批B段,文科,,,496,3451,
1328,河北医科大学,2024,宁夏,本科批B段,文科,,,487,4059,
1329,河北师范大学,2024,宁夏,本科批B段,文科,,,498,2728,
1332,沧州师范学院,2024,宁夏,本科批B段,文科,,,420,5892,
1341,邢台学院,2024,宁夏,本科批B段,文科,,,486,4059,
1342,华北科技学院,2024,宁夏,本科批B段,文科,,,478,4059,
1343,河北金融学院,2024,宁夏,本科批B段,文科,,,475,4975,
1346,邯郸学院,2024,宁夏,本科批B段,文科,,,484,4225,
1347,张家口学院,2024,宁夏,本科批B段,文科,,,487,3637,
1351,华北理工大学轻工学院,2024,宁夏,本科批B段,文科,,,457,6544,
1352,河北外国语学院,2024,宁夏,本科批B段,文科,,,442,7997,
1356,河北东方学院,2024,宁夏,本科批B段,文科,,,455,6640,
1361,河北工程大学科信学院,2024,宁夏,本科批B段,文科,,,460,5350,
1363,石家庄铁道大学四方学院,2024,宁夏,本科批B段,文科,,,470,5350,
1366,北京中医药大学东方学院,2024,宁夏,本科批B段,文科,,,478,4752,
1369,河北地质大学华信学院,2024,宁夏,本科批B段,文科,,,444,6460,
1383,河北环境工程学院,2024,宁夏,本科批B段,文科,,,468,5275,
1422,山西农业大学,2024,宁夏,本科批B段,文科,,,481,4429,
1423,山西医科大学,2024,宁夏,本科批B段,文科,,,500,3194,
1424,山西财经大学,2024,宁夏,本科批B段,文科,,,508,1598,
1425,山西中医药大学,2024,宁夏,本科批B段,文科,,,495,3081,
1440,山西大同大学,2024,宁夏,本科批B段,文科,,,477,4821,
1441,太原师范学院,2024,宁夏,本科批B段,文科,,,479,3998,
1443,晋中学院,2024,宁夏,本科批B段,文科,,,470,4593,
1444,运城学院,2024,宁夏,本科批B段,文科,,,480,4503,
1445,吕梁学院,2024,宁夏,本科批B段,文科,,,480,4147,
1447,山西传媒学院,2024,宁夏,本科批B段,文科,,,486,4147,
1448,太原学院,2024,宁夏,本科批B段,文科,,,442,6378,
1460,山西晋中理工学院,2024,宁夏,本科批B段,文科,,,464,5892,
1462,晋中信息学院,2024,宁夏,本科批B段,文科,,,459,5617,
1511,内蒙古大学,2024,宁夏,本科批B段,文科,,,492,3719,
1520,内蒙古科技大学,2024,宁夏,本科批B段,文科,,,485,3940,
1524,内蒙古师范大学,2024,宁夏,本科批B段,文科,,,466,5208,
1526,内蒙古财经大学,2024,宁夏,本科批B段,文科,,,490,3859,
1527,内蒙古艺术学院,2024,宁夏,本科批B段,文科,,,458,5617,
1540,赤峰学院,2024,宁夏,本科批B段,文科,,,480,4593,
1541,呼伦贝尔学院,2024,宁夏,本科批B段,文科,,,467,5617,
1542,集宁师范学院,2024,宁夏,本科批B段,文科,,,481,4429,
1560,内蒙古鸿德文理学院,2024,宁夏,本科批B段,文科,,,460,6282,
1561,内蒙古科技大学包头师范学院,2024,宁夏,本科批B段,文科,,,483,3940,
2111,大连海事大学,2024,宁夏,本科批B段,文科,,,532,999,
2120,东北财经大学,2024,宁夏,本科批B段,文科,,,513,686,
2122,辽宁科技大学,2024,宁夏,本科批B段,文科,,,480,4360,
2135,大连大学,2024,宁夏,本科批B段,文科,,,479,4671,
2140,鞍山师范学院,2024,宁夏,本科批B段,文科,,,462,6083,
2143,大连民族大学,2024,宁夏,本科批B段,文科,,,469,4360,
2149,辽宁师范大学,2024,宁夏,本科批B段,文科,,,486,4147,
2150,辽宁对外经贸学院,2024,宁夏,本科批B段,文科,,,445,7688,
2152,大连东软信息学院,2024,宁夏,本科批B段,文科,,,448,7419,
2159,辽宁中医药大学杏林学院,2024,宁夏,本科批B段,文科,,,470,4975,
2160,渤海大学,2024,宁夏,本科批B段,文科,,,456,4503,
2161,大连工业大学艺术与信息工程学院,2024,宁夏,本科批B段,文科,,,421,8387,
2162,沈阳科技学院,2024,宁夏,本科批B段,文科,,,446,7512,
2169,大连财经学院,2024,宁夏,本科批B段,文科,,,464,5892,
2201,吉林大学,2024,宁夏,本科批B段,文科,,,580,141,
2210,延边大学,2024,宁夏,本科批B段,文科,,,503,1128,
2211,东北师范大学,2024,宁夏,本科批B段,文科,,,513,156,
2220,长春理工大学,2024,宁夏,本科批B段,文科,,,503,2854,
2225,吉林师范大学,2024,宁夏,本科批B段,文科,,,452,4752,
2226,吉林财经大学,2024,宁夏,本科批B段,文科,,,485,3256,
2228,吉林建筑大学,2024,宁夏,本科批B段,文科,,,478,4429,
2241,通化师范学院,2024,宁夏,本科批B段,文科,,,482,4429,
2243,吉林工商学院,2024,宁夏,本科批B段,文科,,,477,4295,
2244,长春工程学院,2024,宁夏,本科批B段,文科,,,392,13238,
2246,长春大学,2024,宁夏,本科批B段,文科,,,474,4360,
2250,吉林外国语大学,2024,宁夏,本科批B段,文科,,,451,5892,
2253,长春科技学院,2024,宁夏,本科批B段,文科,,,436,7997,
2260,长春电子科技学院,2024,宁夏,本科批B段,文科,,,442,7997,
2261,长春财经学院,2024,宁夏,本科批B段,文科,,,451,6935,
2262,长春大学旅游学院,2024,宁夏,本科批B段,文科,,,437,8187,
2301,哈尔滨工业大学,2024,宁夏,本科批B段,文科,,,589,267,
2311,东北林业大学,2024,宁夏,本科批B段,文科,,,502,854,
2312,东北农业大学,2024,宁夏,本科批B段,文科,,,522,1831,
2320,黑龙江大学,2024,宁夏,本科批B段,文科,,,497,2973,
2322,东北石油大学,2024,宁夏,本科批B段,文科,,,505,2492,
2327,哈尔滨师范大学,2024,宁夏,本科批B段,文科,,,481,4429,
2328,齐齐哈尔大学,2024,宁夏,本科批B段,文科,,,487,3940,
2329,哈尔滨商业大学,2024,宁夏,本科批B段,文科,,,508,2358,
2340,哈尔滨学院,2024,宁夏,本科批B段,文科,,,489,3504,
2341,哈尔滨金融学院,2024,宁夏,本科批B段,文科,,,467,4975,
2344,黑龙江财经学院,2024,宁夏,本科批B段,文科,,,440,6282,
2352,黑龙江工程学院昆仑旅游学院,2024,宁夏,本科批B段,文科,,,428,8187,
3101,复旦大学,2024,宁夏,本科批B段,文科,,,623,52,
3102,上海交通大学,2024,宁夏,本科批B段,文科,,,626,52,
3111,东华大学,2024,宁夏,本科批B段,文科,,,518,1956,
3112,上海外国语大学,2024,宁夏,本科批B段,文科,,,533,1379,
3120,上海理工大学,2024,宁夏,本科批B段,文科,,,515,2196,
3121,上海海事大学,2024,宁夏,本科批B段,文科,,,549,807,
3124,华东政法大学,2024,宁夏,本科批B段,文科,,,522,560,
3128,上海工程技术大学,2024,宁夏,本科批B段,文科,,,464,5892,
3130,上海立信会计金融学院,2024,宁夏,本科批B段,文科,,,501,950,
3140,上海电机学院,2024,宁夏,本科批B段,文科,,,496,3451,
3142,上海商学院,2024,宁夏,本科批B段,文科,,,486,3383,
3150,上海杉达学院,2024,宁夏,本科批B段,文科,,,421,7035,
3151,上海建桥学院,2024,宁夏,本科批B段,文科,,,438,8187,
3161,上海外国语大学贤达经济人文学院,2024,宁夏,本科批B段,文科,,,450,6544,
3191,上海立达学院,2024,宁夏,本科批B段,文科,,,422,9973,
3194,上海中侨职业技术大学,2024,宁夏,本科批B段,文科,,,421,9266,
3201,南京大学,2024,宁夏,本科批B段,文科,,,616,59,
3210,苏州大学,2024,宁夏,本科批B段,文科,,,566,303,
3213,中国矿业大学(徐州),2024,宁夏,本科批B段,文科,,,546,750,
3214,河海大学,2024,宁夏,本科批B段,文科,,,506,1058,
3217,中国药科大学,2024,宁夏,本科批B段,文科,,,533,1318,
3220,江苏科技大学,2024,宁夏,本科批B段,文科,,,502,2612,
3221,南京工业大学,2024,宁夏,本科批B段,文科,,,515,1676,
3222,常州大学,2024,宁夏,本科批B段,文科,,,499,1831,
3224,南京林业大学,2024,宁夏,本科批B段,文科,,,502,1092,
3225,江苏大学,2024,宁夏,本科批B段,文科,,,537,829,
3226,南京信息工程大学,2024,宁夏,本科批B段,文科,,,541,1148,
3229,南京财经大学,2024,宁夏,本科批B段,文科,,,505,974,
3233,苏州科技大学,2024,宁夏,本科批B段,文科,,,497,1318,
3239,扬州大学,2024,宁夏,本科批B段,文科,,,535,1176,
3240,盐城工学院,2024,宁夏,本科批B段,文科,,,458,6460,
3241,盐城师范学院,2024,宁夏,本科批B段,文科,,,461,5045,
3242,金陵科技学院,2024,宁夏,本科批B段,文科,,,463,4752,
3243,徐州工程学院,2024,宁夏,本科批B段,文科,,,465,4975,
3244,南京工程学院,2024,宁夏,本科批B段,文科,,,438,4821,
3245,南京审计大学,2024,宁夏,本科批B段,文科,,,549,437,
3246,南京晓庄学院,2024,宁夏,本科批B段,文科,,,494,2906,
3250,西交利物浦大学,2024,宁夏,本科批B段,文科,,,503,2553,
3264,无锡学院,2024,宁夏,本科批B段,文科,,,481,4503,
3267,南京审计大学金审学院,2024,宁夏,本科批B段,文科,,,487,4059,
3269,常州大学怀德学院,2024,宁夏,本科批B段,文科,,,421,6837,
3272,南京工业职业技术大学,2024,宁夏,本科批B段,文科,,,474,4360,
3277,南京特殊教育师范学院,2024,宁夏,本科批B段,文科,,,468,4593,
3301,浙江大学,2024,宁夏,本科批B段,文科,,,620,52,
3322,浙江农林大学,2024,宁夏,本科批B段,文科,,,506,2009,
3324,浙江工商大学,2024,宁夏,本科批B段,文科,,,511,785,
3328,浙江师范大学,2024,宁夏,本科批B段,文科,,,503,999,
3329,浙江财经大学,2024,宁夏,本科批B段,文科,,,535,736,
3333,杭州师范大学,2024,宁夏,本科批B段,文科,,,503,2728,
3341,温州大学,2024,宁夏,本科批B段,文科,,,516,2090,
3342,浙江传媒学院,2024,宁夏,本科批B段,文科,,,493,3383,
3343,浙江水利水电学院,2024,宁夏,本科批B段,文科,,,472,4975,
3360,宁波大学科学技术学院,2024,宁夏,本科批B段,文科,,,461,5988,
3410,合肥工业大学,2024,宁夏,本科批B段,文科,,,492,3719,
3411,合肥工业大学,2024,宁夏,本科批B段,文科,,,498,2728,
3421,安徽农业大学,2024,宁夏,本科批B段,文科,,,504,2242,
3422,淮北师范大学,2024,宁夏,本科批B段,文科,,,493,2854,
3423,安徽财经大学,2024,宁夏,本科批B段,文科,,,506,1345,
3424,安庆师范大学,2024,宁夏,本科批B段,文科,,,489,3781,
3427,安徽中医药大学,2024,宁夏,本科批B段,文科,,,486,3637,
3460,蚌埠工商学院,2024,宁夏,本科批B段,文科,,,460,5892,
3463,池州学院,2024,宁夏,本科批B段,文科,,,446,5208,
3471,亳州学院,2024,宁夏,本科批B段,文科,,,470,4975,
3501,厦门大学,2024,宁夏,本科批B段,文科,,,509,131,
3510,福州大学,2024,宁夏,本科批B段,文科,,,546,1128,
3520,华侨大学,2024,宁夏,本科批B段,文科,,,496,1092,
3521,福建农林大学,2024,宁夏,本科批B段,文科,,,506,2669,
3522,集美大学,2024,宁夏,本科批B段,文科,,,507,2728,
3524,福建师范大学,2024,宁夏,本科批B段,文科,,,501,736,
3526,福建技术师范学院,2024,宁夏,本科批B段,文科,,,484,3940,
3540,福建理工大学,2024,宁夏,本科批B段,文科,,,492,3719,
3541,闽江学院,2024,宁夏,本科批B段,文科,,,438,4295,
3542,厦门理工学院,2024,宁夏,本科批B段,文科,,,444,3637,
3543,三明学院,2024,宁夏,本科批B段,文科,,,474,4975,
3546,福建商学院,2024,宁夏,本科批B段,文科,,,469,4671,
3547,福建江夏学院,2024,宁夏,本科批B段,文科,,,471,5131,
3548,武夷学院,2024,宁夏,本科批B段,文科,,,469,4975,
3560,厦门大学嘉庚学院,2024,宁夏,本科批B段,文科,,,475,4360,
3561,福州大学至诚学院,2024,宁夏,本科批B段,文科,,,432,5208,
3562,厦门工学院,2024,宁夏,本科批B段,文科,,,419,7785,
3563,福州外语外贸学院,2024,宁夏,本科批B段,文科,,,436,7035,
3610,南昌大学,2024,宁夏,本科批B段,文科,,,496,999,
3622,江西理工大学,2024,宁夏,本科批B段,文科,,,518,2090,
3626,江西师范大学,2024,宁夏,本科批B段,文科,,,496,1058,
3627,江西财经大学,2024,宁夏,本科批B段,文科,,,550,540,
3628,江西科技师范大学,2024,宁夏,本科批B段,文科,,,434,2196,
3640,上饶师范学院,2024,宁夏,本科批B段,文科,,,476,4147,
3643,江西水利电力大学,2024,宁夏,本科批B段,文科,,,474,4671,
3644,新余学院,2024,宁夏,本科批B段,文科,,,433,4295,
3645,九江学院,2024,宁夏,本科批B段,文科,,,469,5045,
3649,南昌师范学院,2024,宁夏,本科批B段,文科,,,462,6083,
3651,南昌理工学院,2024,宁夏,本科批B段,文科,,,446,6460,
3652,江西科技学院,2024,宁夏,本科批B段,文科,,,456,6378,
3653,南昌工学院,2024,宁夏,本科批B段,文科,,,440,6460,
3655,江西工程学院,2024,宁夏,本科批B段,文科,,,442,7997,
3656,江西应用科技学院,2024,宁夏,本科批B段,文科,,,456,6640,
3660,南昌交通学院,2024,宁夏,本科批B段,文科,,,461,5892,
3661,赣东学院,2024,宁夏,本科批B段,文科,,,475,4593,
3663,赣南科技学院,2024,宁夏,本科批B段,文科,,,473,4975,
3664,南昌医学院,2024,宁夏,本科批B段,文科,,,499,2792,
3665,江西师范大学科学技术学院,2024,宁夏,本科批B段,文科,,,473,4975,
3667,江西财经大学现代经济管理学院,2024,宁夏,本科批B段,文科,,,461,5428,
3671,萍乡学院,2024,宁夏,本科批B段,文科,,,462,6083,
3701,山东大学,2024,宁夏,本科批B段,文科,,,511,156,
3702,山东大学威海分校,2024,宁夏,本科批B段,文科,,,567,242,
3703,中国海洋大学,2024,宁夏,本科批B段,文科,,,515,524,
3710,中国石油大学(华东),2024,宁夏,本科批B段,文科,,,514,1493,
3720,山东科技大学,2024,宁夏,本科批B段,文科,,,532,1598,
3722,济南大学,2024,宁夏,本科批B段,文科,,,513,1676,
3724,山东建筑大学,2024,宁夏,本科批B段,文科,,,485,3781,
3725,山东理工大学,2024,宁夏,本科批B段,文科,,,497,3383,
3726,山东农业大学,2024,宁夏,本科批B段,文科,,,483,4225,
3727,青岛农业大学,2024,宁夏,本科批B段,文科,,,453,4975,
3730,鲁东大学,2024,宁夏,本科批B段,文科,,,496,3256,
3731,山东财经大学,2024,宁夏,本科批B段,文科,,,499,1128,
3734,青岛大学,2024,宁夏,本科批B段,文科,,,507,1379,
3735,烟台大学,2024,宁夏,本科批B段,文科,,,499,3194,
3738,山东师范大学,2024,宁夏,本科批B段,文科,,,496,999,
3740,德州学院,2024,宁夏,本科批B段,文科,,,489,3940,
3741,菏泽学院,2024,宁夏,本科批B段,文科,,,476,4903,
3742,潍坊学院,2024,宁夏,本科批B段,文科,,,473,3571,
3743,山东交通学院,2024,宁夏,本科批B段,文科,,,477,4752,
3744,山东工商学院,2024,宁夏,本科批B段,文科,,,486,2492,
3748,山东航空学院,2024,宁夏,本科批B段,文科,,,478,4503,
3750,齐鲁医药学院,2024,宁夏,本科批B段,文科,,,458,3194,
3751,山东现代学院,2024,宁夏,本科批B段,文科,,,449,6083,
3752,烟台南山学院,2024,宁夏,本科批B段,文科,,,449,6837,
3753,青岛工学院,2024,宁夏,本科批B段,文科,,,449,6180,
3754,青岛黄海学院,2024,宁夏,本科批B段,文科,,,440,7785,
3756,山东协和学院,2024,宁夏,本科批B段,文科,,,453,6180,
3757,山东英才学院,2024,宁夏,本科批B段,文科,,,437,8297,
3758,青岛恒星科技学院,2024,宁夏,本科批B段,文科,,,449,7328,
3760,烟台理工学院,2024,宁夏,本科批B段,文科,,,455,5522,
3761,青岛城市学院,2024,宁夏,本科批B段,文科,,,442,6180,
3762,泰山科技学院,2024,宁夏,本科批B段,文科,,,444,7419,
3765,聊城大学东昌学院,2024,宁夏,本科批B段,文科,,,472,5208,
3766,齐鲁理工学院,2024,宁夏,本科批B段,文科,,,449,6640,
3851,淮阴工学院,2024,宁夏,本科批B段,文科,,,478,4752,
3901,山东第一医科大学,2024,宁夏,本科批B段,文科,,,474,4821,
4110,郑州大学,2024,宁夏,本科批B段,文科,,,556,626,
4119,河南师范大学,2024,宁夏,本科批B段,文科,,,499,3027,
4122,郑州轻工业大学,2024,宁夏,本科批B段,文科,,,496,2669,
4123,河南工业大学,2024,宁夏,本科批B段,文科,,,485,2906,
4124,河南科技大学,2024,宁夏,本科批B段,文科,,,477,4821,
4125,中原工学院,2024,宁夏,本科批B段,文科,,,471,5131,
4126,河南中医药大学,2024,宁夏,本科批B段,文科,,,493,3451,
4128,河南大学,2024,宁夏,本科批B段,文科,,,497,2358,
4129,信阳师范大学,2024,宁夏,本科批B段,文科,,,464,5892,
4130,河南财经政法大学,2024,宁夏,本科批B段,文科,,,491,1630,
4131,洛阳师范学院,2024,宁夏,本科批B段,文科,,,488,3781,
4133,河南工程学院,2024,宁夏,本科批B段,文科,,,463,5892,
4135,河南农业大学,2024,宁夏,本科批B段,文科,,,480,3998,
4136,郑州航空工业管理学院,2024,宁夏,本科批B段,文科,,,431,7688,
4137,平顶山学院,2024,宁夏,本科批B段,文科,,,473,5131,
4138,河南科技学院,2024,宁夏,本科批B段,文科,,,472,4821,
4141,许昌学院,2024,宁夏,本科批B段,文科,,,481,4225,
4142,南阳师范学院,2024,宁夏,本科批B段,文科,,,487,4059,
4144,黄淮学院,2024,宁夏,本科批B段,文科,,,469,4903,
4145,洛阳理工学院,2024,宁夏,本科批B段,文科,,,491,3781,
4147,南阳理工学院,2024,宁夏,本科批B段,文科,,,475,4903,
4149,郑州师范学院,2024,宁夏,本科批B段,文科,,,474,5045,
4150,黄河科技学院,2024,宁夏,本科批B段,文科,,,456,5892,
4151,郑州工业应用技术学院,2024,宁夏,本科批B段,文科,,,450,6640,
4157,郑州西亚斯学院,2024,宁夏,本科批B段,文科,,,419,8099,
4160,河南开封科技传媒学院,2024,宁夏,本科批B段,文科,,,456,6282,
4161,新乡学院,2024,宁夏,本科批B段,文科,,,477,4821,
4172,郑州工程技术学院,2024,宁夏,本科批B段,文科,,,432,6837,
4175,河南财政金融学院,2024,宁夏,本科批B段,文科,,,481,3859,
4201,武汉大学,2024,宁夏,本科批B段,文科,,,605,52,
4202,华中科技大学,2024,宁夏,本科批B段,文科,,,577,254,
4210,中国地质大学(武汉),2024,宁夏,本科批B段,文科,,,558,724,
4211,武汉理工大学,2024,宁夏,本科批B段,文科,,,507,610,
4212,华中师范大学,2024,宁夏,本科批B段,文科,,,524,1092,
4213,中南财经政法大学,2024,宁夏,本科批B段,文科,,,531,335,
4220,武汉科技大学,2024,宁夏,本科批B段,文科,,,515,1710,
4221,长江大学,2024,宁夏,本科批B段,文科,,,505,1345,
4222,武汉工程大学,2024,宁夏,本科批B段,文科,,,512,2242,
4224,湖北工业大学,2024,宁夏,本科批B段,文科,,,501,2669,
4225,湖北大学,2024,宁夏,本科批B段,文科,,,518,1092,
4227,中南民族大学,2024,宁夏,本科批B段,文科,,,504,1058,
4228,三峡大学,2024,宁夏,本科批B段,文科,,,490,2854,
4231,武汉纺织大学,2024,宁夏,本科批B段,文科,,,493,3637,
4232,湖北中医药大学,2024,宁夏,本科批B段,文科,,,490,3571,
4240,湖北文理学院,2024,宁夏,本科批B段,文科,,,489,3637,
4241,湖北理工学院,2024,宁夏,本科批B段,文科,,,478,4752,
4243,湖北经济学院,2024,宁夏,本科批B段,文科,,,477,4671,
4247,黄冈师范学院,2024,宁夏,本科批B段,文科,,,484,3940,
4250,武汉生物工程学院,2024,宁夏,本科批B段,文科,,,458,6378,
4251,武昌理工学院,2024,宁夏,本科批B段,文科,,,464,5892,
4252,武昌工学院,2024,宁夏,本科批B段,文科,,,451,6640,
4254,武汉工程大学邮电与信息工程学院,2024,宁夏,本科批B段,文科,,,452,7035,
4261,武汉城市学院,2024,宁夏,本科批B段,文科,,,445,7688,
4262,三峡大学科技学院,2024,宁夏,本科批B段,文科,,,468,5428,
4263,湖北医药学院药护学院,2024,宁夏,本科批B段,文科,,,454,6837,
4264,长江大学文理学院,2024,宁夏,本科批B段,文科,,,464,5892,
4266,湖北文理学院理工学院,2024,宁夏,本科批B段,文科,,,461,6180,
4267,文华学院,2024,宁夏,本科批B段,文科,,,462,5208,
4269,武汉华夏理工学院,2024,宁夏,本科批B段,文科,,,442,7997,
4301,中南大学,2024,宁夏,本科批B段,文科,,,514,186,
4302,湖南大学,2024,宁夏,本科批B段,文科,,,530,303,
4310,湖南师范大学,2024,宁夏,本科批B段,文科,,,541,560,
4320,湘潭大学,2024,宁夏,本科批B段,文科,,,516,950,
4321,吉首大学,2024,宁夏,本科批B段,文科,,,460,6282,
4322,长沙理工大学,2024,宁夏,本科批B段,文科,,,534,1345,
4323,湖南农业大学,2024,宁夏,本科批B段,文科,,,497,2973,
4324,中南林业科技大学,2024,宁夏,本科批B段,文科,,,491,3138,
4325,湖南中医药大学,2024,宁夏,本科批B段,文科,,,209,3719,
4326,南华大学,2024,宁夏,本科批B段,文科,,,521,1867,
4327,湖南工业大学,2024,宁夏,本科批B段,文科,,,493,2196,
4328,湖南科技大学,2024,宁夏,本科批B段,文科,,,524,1564,
4340,湖南理工学院,2024,宁夏,本科批B段,文科,,,494,3571,
4341,湖南财政经济学院,2024,宁夏,本科批B段,文科,,,476,3571,
4342,衡阳师范学院,2024,宁夏,本科批B段,文科,,,480,3504,
4343,邵阳学院,2024,宁夏,本科批B段,文科,,,449,7328,
4345,湖南人文科技学院,2024,宁夏,本科批B段,文科,,,481,4503,
4346,湖南工商大学,2024,宁夏,本科批B段,文科,,,502,2051,
4347,湖南城市学院,2024,宁夏,本科批B段,文科,,,480,4295,
4350,长沙医学院,2024,宁夏,本科批B段,文科,,,442,7895,
4351,湖南涉外经济学院,2024,宁夏,本科批B段,文科,,,438,8187,
4360,南华大学船山学院,2024,宁夏,本科批B段,文科,,,467,5617,
4361,岳阳学院,2024,宁夏,本科批B段,文科,,,454,6837,
4362,长沙理工大学城南学院,2024,宁夏,本科批B段,文科,,,453,6935,
4401,中山大学,2024,宁夏,本科批B段,文科,,,555,87,
4410,暨南大学,2024,宁夏,本科批B段,文科,,,501,610,
4411,哈尔滨工业大学(深圳),2024,宁夏,本科批B段,文科,,,606,120,
4425,广州大学,2024,宁夏,本科批B段,文科,,,499,1252,
4426,广东工业大学,2024,宁夏,本科批B段,文科,,,508,2612,
4427,南方医科大学,2024,宁夏,本科批B段,文科,,,523,1419,
4428,华南师范大学,2024,宁夏,本科批B段,文科,,,562,492,
4429,深圳大学,2024,宁夏,本科批B段,文科,,,562,610,
4431,深圳技术大学,2024,宁夏,本科批B段,文科,,,513,2051,
4442,广东金融学院,2024,宁夏,本科批B段,文科,,,486,3027,
4445,广东技术师范大学,2024,宁夏,本科批B段,文科,,,467,5617,
4446,广州城市理工学院,2024,宁夏,本科批B段,文科,,,437,8187,
4447,广州新华学院,2024,宁夏,本科批B段,文科,,,436,7512,
4451,广州商学院,2024,宁夏,本科批B段,文科,,,431,8571,
4452,岭南师范学院,2024,宁夏,本科批B段,文科,,,478,4295,
4453,广州航海学院,2024,宁夏,本科批B段,文科,,,484,4295,
4463,珠海科技学院,2024,宁夏,本科批B段,文科,,,443,6460,
4520,广西科技大学,2024,宁夏,本科批B段,文科,,,479,4593,
4522,广西民族大学,2024,宁夏,本科批B段,文科,,,489,3571,
4525,桂林理工大学,2024,宁夏,本科批B段,文科,,,474,4903,
4541,北部湾大学,2024,宁夏,本科批B段,文科,,,465,5208,
4570,桂林旅游学院,2024,宁夏,本科批B段,文科,,,431,4903,
4594,广西城市职业大学,2024,宁夏,本科批B段,文科,,,425,9688,
4598,桂林航天工业学院,2024,宁夏,本科批B段,文科,,,468,5428,
4610,海南大学,2024,宁夏,本科批B段,文科,,,497,1092,
4621,海南师范大学,2024,宁夏,本科批B段,文科,,,505,2090,
4640,海南医科大学,2024,宁夏,本科批B段,文科,,,477,4671,
4641,海南热带海洋学院,2024,宁夏,本科批B段,文科,,,457,5428,
4650,三亚学院,2024,宁夏,本科批B段,文科,,,421,7895,
4651,海口经济学院,2024,宁夏,本科批B段,文科,,,420,8752,
4672,琼台师范学院,2024,宁夏,本科批B段,文科,,,480,4503,
4694,海南科技职业大学,2024,宁夏,本科批B段,文科,,,431,9058,
5001,重庆大学,2024,宁夏,本科批B段,文科,,,515,369,
5010,西南大学,2024,宁夏,本科批B段,文科,,,529,974,
5011,西南大学,2024,宁夏,本科批B段,文科,,,498,2553,
5023,重庆师范大学,2024,宁夏,本科批B段,文科,,,496,1128,
5024,西南政法大学,2024,宁夏,本科批B段,文科,,,565,354,
5027,重庆工商大学,2024,宁夏,本科批B段,文科,,,498,1564,
5040,重庆文理学院,2024,宁夏,本科批B段,文科,,,480,3859,
5041,重庆三峡学院,2024,宁夏,本科批B段,文科,,,477,4429,
5042,长江师范学院,2024,宁夏,本科批B段,文科,,,506,2854,
5051,重庆工程学院,2024,宁夏,本科批B段,文科,,,451,6640,
5060,重庆城市科技学院,2024,宁夏,本科批B段,文科,,,457,4821,
5061,重庆人文科技学院,2024,宁夏,本科批B段,文科,,,469,5131,
5062,重庆外语外事学院,2024,宁夏,本科批B段,文科,,,448,5275,
5063,重庆对外经贸学院,2024,宁夏,本科批B段,文科,,,461,5617,
5064,重庆工商大学派斯学院,2024,宁夏,本科批B段,文科,,,463,5786,
5065,重庆移通学院,2024,宁夏,本科批B段,文科,,,450,6180,
5066,重庆财经学院,2024,宁夏,本科批B段,文科,,,467,4975,
5067,重庆中医药学院,2024,宁夏,本科批B段,文科,,,504,2973,
5101,四川大学,2024,宁夏,本科批B段,文科,,,554,186,
5110,西南交通大学,2024,宁夏,本科批B段,文科,,,563,686,
5112,西南财经大学,2024,宁夏,本科批B段,文科,,,508,274,
5121,成都理工大学,2024,宁夏,本科批B段,文科,,,520,1867,
5122,西南科技大学,2024,宁夏,本科批B段,文科,,,472,3781,
5123,成都信息工程大学,2024,宁夏,本科批B段,文科,,,522,1676,
5124,中国民用航空飞行学院,2024,宁夏,本科批B段,文科,,,475,4059,
5126,川北医学院,2024,宁夏,本科批B段,文科,,,467,5617,
5129,西南民族大学,2024,宁夏,本科批B段,文科,,,467,999,
5132,西南医科大学,2024,宁夏,本科批B段,文科,,,470,4903,
5133,四川师范大学,2024,宁夏,本科批B段,文科,,,498,1419,
5134,四川轻化工大学,2024,宁夏,本科批B段,文科,,,492,3504,
5140,绵阳师范学院,2024,宁夏,本科批B段,文科,,,455,4671,
5141,内江师范学院,2024,宁夏,本科批B段,文科,,,482,2973,
5142,宜宾学院,2024,宁夏,本科批B段,文科,,,480,4059,
5143,四川文理学院,2024,宁夏,本科批B段,文科,,,474,4903,
5144,乐山师范学院,2024,宁夏,本科批B段,文科,,,482,3998,
5146,成都工业学院,2024,宁夏,本科批B段,文科,,,467,5617,
5147,攀枝花学院,2024,宁夏,本科批B段,文科,,,469,5428,
5149,成都大学,2024,宁夏,本科批B段,文科,,,495,3138,
5150,成都东软学院,2024,宁夏,本科批B段,文科,,,444,6083,
5152,四川电影电视学院,2024,宁夏,本科批B段,文科,,,427,7785,
5153,吉利学院,2024,宁夏,本科批B段,文科,,,437,8187,
5160,电子科技大学成都学院,2024,宁夏,本科批B段,文科,,,465,5617,
5161,成都理工大学工程技术学院,2024,宁夏,本科批B段,文科,,,460,5988,
5162,四川传媒学院,2024,宁夏,本科批B段,文科,,,429,6083,
5163,成都银杏酒店管理学院,2024,宁夏,本科批B段,文科,,,441,7785,
5164,四川工商学院,2024,宁夏,本科批B段,文科,,,459,6378,
5165,成都外国语学院,2024,宁夏,本科批B段,文科,,,431,5428,
5167,西南财经大学天府学院,2024,宁夏,本科批B段,文科,,,468,5350,
5168,四川文化艺术学院,2024,宁夏,本科批B段,文科,,,439,7134,
5169,绵阳城市学院,2024,宁夏,本科批B段,文科,,,448,7419,
5188,四川工业科技学院,2024,宁夏,本科批B段,文科,,,453,6544,
5211,贵州大学,2024,宁夏,本科批B段,文科,,,506,2854,
5220,贵州医科大学,2024,宁夏,本科批B段,文科,,,478,4752,
5222,贵州财经大学,2024,宁夏,本科批B段,文科,,,476,4671,
5311,云南大学,2024,宁夏,本科批B段,文科,,,550,686,
5323,大理大学,2024,宁夏,本科批B段,文科,,,510,2612,
5324,云南财经大学,2024,宁夏,本科批B段,文科,,,493,3451,
5327,云南民族大学,2024,宁夏,本科批B段,文科,,,493,3571,
5340,曲靖师范学院,2024,宁夏,本科批B段,文科,,,481,4225,
5360,丽江文化旅游学院,2024,宁夏,本科批B段,文科,,,437,7134,
5361,昆明医科大学海源学院,2024,宁夏,本科批B段,文科,,,469,5428,
5362,昆明文理学院,2024,宁夏,本科批B段,文科,,,439,6083,
5363,昆明理工大学津桥学院,2024,宁夏,本科批B段,文科,,,420,7222,
5364,云南经济管理学院,2024,宁夏,本科批B段,文科,,,445,7222,
6101,西安交通大学,2024,宁夏,本科批B段,文科,,,602,95,
6102,西北工业大学,2024,宁夏,本科批B段,文科,,,570,474,
6103,西北农林科技大学,2024,宁夏,本科批B段,文科,,,556,686,
6110,西北大学,2024,宁夏,本科批B段,文科,,,509,369,
6112,长安大学,2024,宁夏,本科批B段,文科,,,530,1216,
6113,陕西师范大学,2024,宁夏,本科批B段,文科,,,521,950,
6121,西安工业大学,2024,宁夏,本科批B段,文科,,,510,2492,
6122,西安建筑科技大学,2024,宁夏,本科批B段,文科,,,508,2669,
6123,西安科技大学,2024,宁夏,本科批B段,文科,,,506,2051,
6124,西安石油大学,2024,宁夏,本科批B段,文科,,,521,1867,
6126,西安工程大学,2024,宁夏,本科批B段,文科,,,492,3719,
6127,陕西中医药大学,2024,宁夏,本科批B段,文科,,,540,1058,
6128,延安大学,2024,宁夏,本科批B段,文科,,,482,4225,
6129,陕西理工大学,2024,宁夏,本科批B段,文科,,,470,2612,
6130,西安外国语大学,2024,宁夏,本科批B段,文科,,,495,974,
6131,西北政法大学,2024,宁夏,本科批B段,文科,,,530,381,
6135,西安财经大学,2024,宁夏,本科批B段,文科,,,526,1252,
6136,西安邮电大学,2024,宁夏,本科批B段,文科,,,512,2144,
6141,咸阳师范学院,2024,宁夏,本科批B段,文科,,,491,3383,
6142,渭南师范学院,2024,宁夏,本科批B段,文科,,,481,4147,
6143,西安文理学院,2024,宁夏,本科批B段,文科,,,497,2854,
6144,榆林学院,2024,宁夏,本科批B段,文科,,,489,3637,
6146,安康学院,2024,宁夏,本科批B段,文科,,,477,4429,
6148,西安医学院,2024,宁夏,本科批B段,文科,,,480,4225,
6150,西安欧亚学院,2024,宁夏,本科批B段,文科,,,442,7419,
6151,西安外事学院,2024,宁夏,本科批B段,文科,,,444,7035,
6152,西安翻译学院,2024,宁夏,本科批B段,文科,,,455,5786,
6153,西京学院,2024,宁夏,本科批B段,文科,,,465,5786,
6154,西安思源学院,2024,宁夏,本科批B段,文科,,,461,5522,
6155,陕西国际商贸学院,2024,宁夏,本科批B段,文科,,,459,6180,
6156,西安明德理工学院,2024,宁夏,本科批B段,文科,,,425,9378,
6157,陕西服装工程学院,2024,宁夏,本科批B段,文科,,,444,7328,
6158,西安交通工程学院,2024,宁夏,本科批B段,文科,,,453,6737,
6159,陕西科技大学镐京学院,2024,宁夏,本科批B段,文科,,,442,7688,
6160,西安交通大学城市学院,2024,宁夏,本科批B段,文科,,,457,4671,
6162,西安建筑科技大学华清学院,2024,宁夏,本科批B段,文科,,,463,5988,
6163,西安财经大学行知学院,2024,宁夏,本科批B段,文科,,,458,5988,
6164,西安工商学院,2024,宁夏,本科批B段,文科,,,451,6083,
6165,延安大学西安创新学院,2024,宁夏,本科批B段,文科,,,452,6282,
6167,西安科技大学高新学院,2024,宁夏,本科批B段,文科,,,429,6837,
6196,西安汽车职业大学,2024,宁夏,本科批B段,文科,,,429,9161,
6201,兰州大学,2024,宁夏,本科批B段,文科,,,566,474,
6202,兰州大学,2024,宁夏,本科批B段,文科,,,550,999,
6221,兰州交通大学,2024,宁夏,本科批B段,文科,,,513,626,
6223,西北师范大学,2024,宁夏,本科批B段,文科,,,523,610,
6224,兰州财经大学,2024,宁夏,本科批B段,文科,,,479,3307,
6225,西北民族大学,2024,宁夏,本科批B段,文科,,,473,1867,
6226,甘肃政法大学,2024,宁夏,本科批B段,文科,,,498,1752,
6227,甘肃中医药大学,2024,宁夏,本科批B段,文科,,,484,4147,
6233,西北师范大学,2024,宁夏,本科批B段,文科,,,499,1523,
6240,陇东学院,2024,宁夏,本科批B段,文科,,,480,4360,
6241,兰州城市学院,2024,宁夏,本科批B段,文科,,,473,4593,
6242,甘肃民族师范学院,2024,宁夏,本科批B段,文科,,,486,4059,
6243,天水师范大学,2024,宁夏,本科批B段,文科,,,492,3637,
6245,河西学院,2024,宁夏,本科批B段,文科,,,477,4360,
6250,兰州石化职业技术大学,2024,宁夏,本科批B段,文科,,,477,4752,
6261,兰州工商学院,2024,宁夏,本科批B段,文科,,,437,6737,
6263,兰州博文科技学院,2024,宁夏,本科批B段,文科,,,456,6640,
6271,兰州文理学院,2024,宁夏,本科批B段,文科,,,451,7134,
6278,陇南师范学院,2024,宁夏,本科批B段,文科,,,476,4752,
6321,青海民族大学,2024,宁夏,本科批B段,文科,,,481,4059,
6322,青海师范大学,2024,宁夏,本科批B段,文科,,,489,3637,
6411,宁夏大学,2024,宁夏,本科批B段,文科,,,492,1216,
6412,宁夏大学,2024,宁夏,本科批B段,文科,,,494,3451,
6413,宁夏大学,2024,宁夏,本科批B段,文科,,,481,4503,
6421,宁夏医科大学,2024,宁夏,本科批B段,文科,,,490,2144,
6422,北方民族大学,2024,宁夏,本科批B段,文科,,,494,2196,
6440,宁夏师范大学,2024,宁夏,本科批B段,文科,,,466,2392,
6450,宁夏理工学院,2024,宁夏,本科批B段,文科,,,443,6083,
6451,银川能源学院,2024,宁夏,本科批B段,文科,,,411,10197,
6460,宁夏大学新华学院,2024,宁夏,本科批B段,文科,,,451,5275,
6461,银川科技学院,2024,宁夏,本科批B段,文科,,,424,9058,
6510,新疆大学,2024,宁夏,本科批B段,文科,,,519,1216,
6511,石河子大学,2024,宁夏,本科批B段,文科,,,512,2009,
6522,新疆财经大学,2024,宁夏,本科批B段,文科,,,478,3571,
6523,新疆师范大学,2024,宁夏,本科批B段,文科,,,480,3383,
6524,喀什大学,2024,宁夏,本科批B段,文科,,,468,4225,
6532,新疆科技学院,2024,宁夏,本科批B段,文科,,,459,5350,
6540,新疆艺术学院,2024,宁夏,本科批B段,文科,,,465,5786,
6542,伊犁师范大学,2024,宁夏,本科批B段,文科,,,474,5045,
6561,新疆政法学院,2024,宁夏,本科批B段,文科,,,479,4360,
6570,新疆和田学院,2024,宁夏,本科批B段,文科,,,472,4752,
1022,中国消防救援学院,2024,宁夏,本科提前批A段,文科,,,498,2009,
1140,国际关系学院,2024,宁夏,本科提前批A段,文科,,,528,1752,
1148,北京电子科技学院,2024,宁夏,本科提前批A段,文科,,,580,389,
2248,空军航空大学,2024,宁夏,本科提前批A段,文科,,,521,2051,
4213,中南财经政法大学,2024,宁夏,本科提前批A段,文科,,,498,3307,
4303,国防科技大学,2024,宁夏,本科提前批A段,文科,,,553,921,
6131,西北政法大学,2024,宁夏,本科提前批A段,文科,,,516,2309,
6147,武警工程大学,2024,宁夏,本科提前批A段,文科,,,546,1128,
8102,香港中文大学,2024,宁夏,本科提前批A段,文科,,,590,254,
1001,北京大学,2024,宁夏,本科提前批B段,文科,,,637,52,
1007,北京师范大学,2024,宁夏,本科提前批B段,文科,,,587,291,
1017,北京外国语大学,2024,宁夏,本科提前批B段,文科,,,578,423,
1125,中国人民公安大学,2024,宁夏,本科提前批B段,文科,,,511,474,
1327,中国人民警察大学,2024,宁夏,本科提前批B段,文科,,,541,1285,
1345,中央司法警官学院,2024,宁夏,本科提前批B段,文科,,,470,2492,
2145,中国刑事警察学院,2024,宁夏,本科提前批B段,文科,,,493,267,
2211,东北师范大学,2024,宁夏,本科提前批B段,文科,,,583,335,
2212,东北师范大学,2024,宁夏,本科提前批B段,文科,,,578,423,
3103,华东师范大学,2024,宁夏,本科提前批B段,文科,,,613,52,
3108,华东师范大学,2024,宁夏,本科提前批B段,文科,,,574,233,
3112,上海外国语大学,2024,宁夏,本科提前批B段,文科,,,542,950,
3247,南京警察学院,2024,宁夏,本科提前批B段,文科,,,519,880,
3385,浙江警察学院,2024,宁夏,本科提前批B段,文科,,,521,2051,
3626,江西师范大学,2024,宁夏,本科提前批B段,文科,,,523,1956,
3648,江西警察学院,2024,宁夏,本科提前批B段,文科,,,506,2854,
4179,郑州警察学院,2024,宁夏,本科提前批B段,文科,,,494,3571,
4212,华中师范大学,2024,宁夏,本科提前批B段,文科,,,603,95,
4234,华中师范大学,2024,宁夏,本科提前批B段,文科,,,573,449,
4404,北京师范大学,2024,宁夏,本科提前批B段,文科,,,614,74,
4405,北京师范大学,2024,宁夏,本科提前批B段,文科,,,575,267,
5010,西南大学,2024,宁夏,本科提前批B段,文科,,,574,402,
5012,西南大学,2024,宁夏,本科提前批B段,文科,,,546,1023,
5135,武警警官学院,2024,宁夏,本科提前批B段,文科,,,508,2728,
6002,陕西师范大学,2024,宁夏,本科提前批B段,文科,,,571,474,
6113,陕西师范大学,2024,宁夏,本科提前批B段,文科,,,593,127,
6130,西安外国语大学,2024,宁夏,本科提前批B段,文科,,,501,1216,
6440,宁夏师范大学,2024,宁夏,本科提前批B段,文科,,,552,686,
6444,宁夏师范大学,2024,宁夏,本科提前批B段,文科,,,552,880,
1172,民政职业大学,2024,宁夏,高职(专科)批,文科,,,349,17794,
1195,北京培黎职业学院,2024,宁夏,高职(专科)批,文科,,,308,21260,
1270,天津市职业大学,2024,宁夏,高职(专科)批,文科,,,441,6737,
1271,天津医学高等专科学校,2024,宁夏,高职(专科)批,文科,,,378,6460,
1272,天津中德应用技术大学,2024,宁夏,高职(专科)批,文科,,,400,12393,
1273,天津滨海职业学院,2024,宁夏,高职(专科)批,文科,,,361,14802,
1276,天津渤海职业技术学院,2024,宁夏,高职(专科)批,文科,,,395,12039,
1278,天津机电职业技术学院,2024,宁夏,高职(专科)批,文科,,,397,12496,
1279,天津现代职业技术学院,2024,宁夏,高职(专科)批,文科,,,393,11489,
1280,天津警察学院,2024,宁夏,高职(专科)批,文科,,,385,14046,
1281,天津轻工职业技术学院,2024,宁夏,高职(专科)批,文科,,,400,12393,
1282,天津商务职业学院,2024,宁夏,高职(专科)批,文科,,,358,12930,
1283,天津国土资源和房屋职业学院,2024,宁夏,高职(专科)批,文科,,,320,18930,
1286,天津交通职业学院,2024,宁夏,高职(专科)批,文科,,,355,17211,
1287,天津工业职业学院,2024,宁夏,高职(专科)批,文科,,,373,14598,
1288,天津石油职业技术学院,2024,宁夏,高职(专科)批,文科,,,382,13682,
1289,天津城市职业学院,2024,宁夏,高职(专科)批,文科,,,344,17576,
1290,天津城市建设管理职业技术学院,2024,宁夏,高职(专科)批,文科,,,363,16396,
1291,天津生物工程职业技术学院,2024,宁夏,高职(专科)批,文科,,,330,17794,
1292,天津海运职业学院,2024,宁夏,高职(专科)批,文科,,,385,14046,
1294,天津铁道职业技术学院,2024,宁夏,高职(专科)批,文科,,,413,9161,
1304,衡水职业技术学院,2024,宁夏,高职(专科)批,文科,,,332,19376,
1307,渤海理工职业学院,2024,宁夏,高职(专科)批,文科,,,270,23084,
1308,石家庄信息工程职业学院,2024,宁夏,高职(专科)批,文科,,,351,15796,
1309,宣化科技职业学院,2024,宁夏,高职(专科)批,文科,,,294,15667,
1311,河北轨道运输职业技术学院,2024,宁夏,高职(专科)批,文科,,,379,11825,
1312,唐山幼儿师范高等专科学校,2024,宁夏,高职(专科)批,文科,,,365,15228,
1317,承德应用技术职业学院,2024,宁夏,高职(专科)批,文科,,,380,14598,
1347,张家口学院,2024,宁夏,高职(专科)批,文科,,,438,7222,
1350,河北美术学院,2024,宁夏,高职(专科)批,文科,,,350,17689,
1371,邢台医学院,2024,宁夏,高职(专科)批,文科,,,427,8661,
1376,石家庄铁路职业技术学院,2024,宁夏,高职(专科)批,文科,,,429,7134,
1377,河北旅游职业学院,2024,宁夏,高职(专科)批,文科,,,222,21317,
1378,河北交通职业技术学院,2024,宁夏,高职(专科)批,文科,,,342,18471,
1379,河北化工医药职业技术学院,2024,宁夏,高职(专科)批,文科,,,377,11395,
1380,河北对外经贸职业学院,2024,宁夏,高职(专科)批,文科,,,308,19376,
1381,石家庄邮电职业技术学院,2024,宁夏,高职(专科)批,文科,,,416,9688,
1385,唐山职业技术学院,2024,宁夏,高职(专科)批,文科,,,401,11289,
1386,石家庄科技职业学院,2024,宁夏,高职(专科)批,文科,,,262,18847,
1387,秦皇岛职业技术学院,2024,宁夏,高职(专科)批,文科,,,351,17211,
1388,沧州医学高等专科学校,2024,宁夏,高职(专科)批,文科,,,426,6640,
1389,廊坊卫生职业学院,2024,宁夏,高职(专科)批,文科,,,396,11289,
1391,廊坊职业技术学院,2024,宁夏,高职(专科)批,文科,,,321,19192,
1392,石家庄医学高等专科学校,2024,宁夏,高职(专科)批,文科,,,348,13034,
1393,石家庄人民医学高等专科学校,2024,宁夏,高职(专科)批,文科,,,362,14706,
1395,石家庄科技信息职业学院,2024,宁夏,高职(专科)批,文科,,,302,15796,
1397,石家庄工商职业学院,2024,宁夏,高职(专科)批,文科,,,225,23911,
1398,承德护理职业学院,2024,宁夏,高职(专科)批,文科,,,405,11048,
1399,石家庄幼儿师范高等专科学校,2024,宁夏,高职(专科)批,文科,,,362,15013,
1472,山西药科职业学院,2024,宁夏,高职(专科)批,文科,,,397,12171,
1474,忻州职业技术学院,2024,宁夏,高职(专科)批,文科,,,368,15891,
1475,运城护理职业学院,2024,宁夏,高职(专科)批,文科,,,383,11395,
1476,山西水利职业技术学院,2024,宁夏,高职(专科)批,文科,,,303,21563,
1477,阳泉职业技术学院,2024,宁夏,高职(专科)批,文科,,,354,16686,
1478,临汾职业技术学院,2024,宁夏,高职(专科)批,文科,,,250,19192,
1480,晋中师范高等专科学校,2024,宁夏,高职(专科)批,文科,,,353,17386,
1481,运城师范高等专科学校,2024,宁夏,高职(专科)批,文科,,,347,17979,
1482,运城幼儿师范高等专科学校,2024,宁夏,高职(专科)批,文科,,,312,14151,
1485,山西林业职业技术学院,2024,宁夏,高职(专科)批,文科,,,377,14891,
1486,朔州师范高等专科学校,2024,宁夏,高职(专科)批,文科,,,399,11289,
1491,山西管理职业学院,2024,宁夏,高职(专科)批,文科,,,361,16593,
1493,山西卫生健康职业学院,2024,宁夏,高职(专科)批,文科,,,383,14251,
1494,朔州职业技术学院,2024,宁夏,高职(专科)批,文科,,,365,16192,
1495,阳泉师范高等专科学校,2024,宁夏,高职(专科)批,文科,,,348,15451,
1496,太原幼儿师范高等专科学校,2024,宁夏,高职(专科)批,文科,,,231,23923,
1571,乌海职业技术学院,2024,宁夏,高职(专科)批,文科,,,369,15796,
1576,包头铁道职业技术学院,2024,宁夏,高职(专科)批,文科,,,405,11825,
1577,乌兰察布医学高等专科学校,2024,宁夏,高职(专科)批,文科,,,397,12701,
1579,阿拉善职业技术学院,2024,宁夏,高职(专科)批,文科,,,356,14706,
1580,内蒙古科技职业学院,2024,宁夏,高职(专科)批,文科,,,329,19657,
1581,内蒙古北方职业技术学院,2024,宁夏,高职(专科)批,文科,,,350,11161,
1584,赤峰工业职业技术学院,2024,宁夏,高职(专科)批,文科,,,319,17689,
1594,满洲里俄语职业学院,2024,宁夏,高职(专科)批,文科,,,303,17475,
1595,锡林郭勒职业学院,2024,宁夏,高职(专科)批,文科,,,280,22727,
2105,辽宁机电职业技术学院,2024,宁夏,高职(专科)批,文科,,,323,19744,
2106,辽宁现代服务职业技术学院,2024,宁夏,高职(专科)批,文科,,,322,20261,
2172,大连职业技术学院,2024,宁夏,高职(专科)批,文科,,,322,20261,
2173,辽宁冶金职业技术学院,2024,宁夏,高职(专科)批,文科,,,369,15796,
2175,辽宁职业学院,2024,宁夏,高职(专科)批,文科,,,201,13567,
2176,辽宁金融职业学院,2024,宁夏,高职(专科)批,文科,,,333,16287,
2178,辽宁轻工职业学院,2024,宁夏,高职(专科)批,文科,,,291,22251,
2179,辽宁经济职业技术学院,2024,宁夏,高职(专科)批,文科,,,298,19987,
2185,辽宁建筑职业学院,2024,宁夏,高职(专科)批,文科,,,312,20989,
2189,铁岭卫生职业学院,2024,宁夏,高职(专科)批,文科,,,376,15013,
2190,辽宁理工职业大学,2024,宁夏,高职(专科)批,文科,,,290,22286,
2191,辽宁广告职业学院,2024,宁夏,高职(专科)批,文科,,,306,21386,
2192,大连枫叶职业技术学院,2024,宁夏,高职(专科)批,文科,,,209,21977,
2194,大连汽车职业技术学院,2024,宁夏,高职(专科)批,文科,,,352,17475,
2196,辽宁生态工程职业学院,2024,宁夏,高职(专科)批,文科,,,327,19657,
2197,辽宁特殊教育师范高等专科学校,2024,宁夏,高职(专科)批,文科,,,327,19821,
2198,沈阳职业技术学院,2024,宁夏,高职(专科)批,文科,,,327,19821,
2272,长春金融高等专科学校,2024,宁夏,高职(专科)批,文科,,,368,15891,
2273,长春医学高等专科学校,2024,宁夏,高职(专科)批,文科,,,377,14891,
2275,吉林工业职业技术学院,2024,宁夏,高职(专科)批,文科,,,374,15228,
2277,吉林铁道职业技术大学,2024,宁夏,高职(专科)批,文科,,,408,9878,
2279,吉林司法警官职业学院,2024,宁夏,高职(专科)批,文科,,,376,15013,
2291,长春健康职业学院,2024,宁夏,高职(专科)批,文科,,,311,21058,
2294,长春师范高等专科学校,2024,宁夏,高职(专科)批,文科,,,335,19100,
2371,牡丹江大学,2024,宁夏,高职(专科)批,文科,,,296,21977,
2373,黑龙江职业学院,2024,宁夏,高职(专科)批,文科,,,343,15796,
2374,鹤岗师范高等专科学校,2024,宁夏,高职(专科)批,文科,,,336,18847,
2376,大庆职业学院,2024,宁夏,高职(专科)批,文科,,,355,17211,
2377,黑龙江农业工程职业学院,2024,宁夏,高职(专科)批,文科,,,363,11825,
2378,哈尔滨铁道职业技术学院,2024,宁夏,高职(专科)批,文科,,,409,10525,
2381,黑龙江旅游职业技术学院,2024,宁夏,高职(专科)批,文科,,,344,15891,
2382,黑龙江能源职业学院,2024,宁夏,高职(专科)批,文科,,,273,18078,
2383,七台河职业学院,2024,宁夏,高职(专科)批,文科,,,333,14598,
2384,大庆医学高等专科学校,2024,宁夏,高职(专科)批,文科,,,399,6640,
2385,哈尔滨科学技术职业学院,2024,宁夏,高职(专科)批,文科,,,268,20430,
2387,黑龙江交通职业技术学院,2024,宁夏,高职(专科)批,文科,,,404,10845,
2388,哈尔滨职业技术大学,2024,宁夏,高职(专科)批,文科,,,362,14891,
2389,齐齐哈尔高等师范专科学校,2024,宁夏,高职(专科)批,文科,,,338,16192,
2390,黑龙江农业经济职业学院,2024,宁夏,高职(专科)批,文科,,,350,17689,
3172,上海出版印刷高等专科学校,2024,宁夏,高职(专科)批,文科,,,405,10746,
3175,上海城建职业学院,2024,宁夏,高职(专科)批,文科,,,360,11825,
3177,上海电子信息职业技术学院,2024,宁夏,高职(专科)批,文科,,,411,11161,
3179,上海民航职业技术学院,2024,宁夏,高职(专科)批,文科,,,381,12930,
3192,上海思博职业技术学院,2024,宁夏,高职(专科)批,文科,,,249,23287,
3193,上海济光职业技术学院,2024,宁夏,高职(专科)批,文科,,,298,21861,
3194,上海中侨职业技术大学,2024,宁夏,高职(专科)批,文科,,,313,20864,
3195,上海工商外国语职业学院,2024,宁夏,高职(专科)批,文科,,,266,23173,
3196,上海邦德职业技术学院,2024,宁夏,高职(专科)批,文科,,,288,18163,
3199,上海震旦职业学院,2024,宁夏,高职(专科)批,文科,,,269,23114,
3200,江苏食品药品职业技术学院,2024,宁夏,高职(专科)批,文科,,,361,16192,
3204,南京机电职业技术学院,2024,宁夏,高职(专科)批,文科,,,410,7688,
3219,江苏航空职业技术学院,2024,宁夏,高职(专科)批,文科,,,368,6737,
3235,江苏商贸职业学院,2024,宁夏,高职(专科)批,文科,,,388,7328,
3236,扬州中瑞酒店职业学院,2024,宁夏,高职(专科)批,文科,,,264,23259,
3248,硅湖职业技术学院,2024,宁夏,高职(专科)批,文科,,,299,21790,
3251,连云港职业技术学院,2024,宁夏,高职(专科)批,文科,,,364,16287,
3252,镇江市高等专科学校,2024,宁夏,高职(专科)批,文科,,,384,14151,
3256,江苏农牧科技职业学院,2024,宁夏,高职(专科)批,文科,,,371,11048,
3257,炎黄职业技术学院,2024,宁夏,高职(专科)批,文科,,,241,19987,
3280,南京科技职业学院,2024,宁夏,高职(专科)批,文科,,,377,13034,
3281,常州工程职业技术学院,2024,宁夏,高职(专科)批,文科,,,331,19467,
3282,徐州工业职业技术学院,2024,宁夏,高职(专科)批,文科,,,376,14802,
3283,常州纺织服装职业技术学院,2024,宁夏,高职(专科)批,文科,,,308,17576,
3285,扬州工业职业技术学院,2024,宁夏,高职(专科)批,文科,,,371,15564,
3287,徐州幼儿师范高等专科学校,2024,宁夏,高职(专科)批,文科,,,369,15796,
3288,常州工业职业技术学院,2024,宁夏,高职(专科)批,文科,,,343,18367,
3289,江苏农林职业技术学院,2024,宁夏,高职(专科)批,文科,,,382,14363,
3290,无锡南洋职业技术学院,2024,宁夏,高职(专科)批,文科,,,339,18752,
3291,苏州工业园区服务外包职业学院,2024,宁夏,高职(专科)批,文科,,,369,15796,
3292,苏州百年职业学院,2024,宁夏,高职(专科)批,文科,,,230,23934,
3293,苏州高博职业学院,2024,宁夏,高职(专科)批,文科,,,302,21621,
3294,九州职业技术学院,2024,宁夏,高职(专科)批,文科,,,306,21386,
3297,江苏海事职业技术学院,2024,宁夏,高职(专科)批,文科,,,417,10525,
3298,江苏电子信息职业学院,2024,宁夏,高职(专科)批,文科,,,372,14891,
3299,金山职业技术学院,2024,宁夏,高职(专科)批,文科,,,265,22843,
3372,浙江金融职业学院,2024,宁夏,高职(专科)批,文科,,,414,8942,
3474,淮南职业技术学院,2024,宁夏,高职(专科)批,文科,,,321,20349,
3475,安庆医药高等专科学校,2024,宁夏,高职(专科)批,文科,,,393,8752,
3492,安徽汽车职业技术学院,2024,宁夏,高职(专科)批,文科,,,347,15013,
3500,三明医学科技职业学院,2024,宁夏,高职(专科)批,文科,,,354,13034,
3506,湄洲湾职业技术学院,2024,宁夏,高职(专科)批,文科,,,316,20720,
3512,漳州城市职业学院,2024,宁夏,高职(专科)批,文科,,,329,19657,
3514,泉州幼儿师范高等专科学校,2024,宁夏,高职(专科)批,文科,,,352,15228,
3515,闽江师范高等专科学校,2024,宁夏,高职(专科)批,文科,,,419,10308,
3572,福建农业职业技术学院,2024,宁夏,高职(专科)批,文科,,,338,18847,
3573,厦门华天涉外职业技术学院,2024,宁夏,高职(专科)批,文科,,,283,19022,
3577,福建水利电力职业技术学院,2024,宁夏,高职(专科)批,文科,,,353,17386,
3578,厦门城市职业学院,2024,宁夏,高职(专科)批,文科,,,397,12701,
3583,漳州科技职业学院,2024,宁夏,高职(专科)批,文科,,,250,18847,
3585,漳州职业技术学院,2024,宁夏,高职(专科)批,文科,,,364,3719,
3587,福州职业技术学院,2024,宁夏,高职(专科)批,文科,,,365,16192,
3588,福建林业职业技术学院,2024,宁夏,高职(专科)批,文科,,,390,13464,
3591,厦门南洋职业学院,2024,宁夏,高职(专科)批,文科,,,282,22650,
3595,泉州华光职业学院,2024,宁夏,高职(专科)批,文科,,,322,20261,
3598,泉州纺织服装职业学院,2024,宁夏,高职(专科)批,文科,,,262,23308,
3599,福建卫生职业技术学院,2024,宁夏,高职(专科)批,文科,,,288,22391,
3602,宜春幼儿师范高等专科学校,2024,宁夏,高职(专科)批,文科,,,356,15114,
3603,江西电力职业技术学院,2024,宁夏,高职(专科)批,文科,,,419,10308,
3605,江西工商职业技术学院,2024,宁夏,高职(专科)批,文科,,,308,16488,
3606,江西婺源茶业职业学院,2024,宁夏,高职(专科)批,文科,,,246,21977,
3607,江西交通职业技术学院,2024,宁夏,高职(专科)批,文科,,,309,14802,
3608,上饶幼儿师范高等专科学校,2024,宁夏,高职(专科)批,文科,,,372,12171,
3646,江西机电职业技术学院,2024,宁夏,高职(专科)批,文科,,,367,15667,
3647,吉安职业技术学院,2024,宁夏,高职(专科)批,文科,,,292,19910,
3651,南昌理工学院,2024,宁夏,高职(专科)批,文科,,,274,16593,
3653,南昌工学院,2024,宁夏,高职(专科)批,文科,,,300,19744,
3656,江西应用科技学院,2024,宁夏,高职(专科)批,文科,,,330,17689,
3668,萍乡卫生职业学院,2024,宁夏,高职(专科)批,文科,,,366,14598,
3669,九江理工职业学院,2024,宁夏,高职(专科)批,文科,,,242,23770,
3672,江西职业技术大学,2024,宁夏,高职(专科)批,文科,,,384,11489,
3673,江西司法警官职业学院,2024,宁夏,高职(专科)批,文科,,,358,16887,
3675,抚州医药学院,2024,宁夏,高职(专科)批,文科,,,424,9688,
3677,江西财经职业学院,2024,宁夏,高职(专科)批,文科,,,378,11825,
3678,江西应用技术职业学院,2024,宁夏,高职(专科)批,文科,,,396,12818,
3679,江西工业工程职业技术学院,2024,宁夏,高职(专科)批,文科,,,355,15013,
3684,江西医学高等专科学校,2024,宁夏,高职(专科)批,文科,,,386,13034,
3685,九江职业大学,2024,宁夏,高职(专科)批,文科,,,370,12930,
3687,江西冶金职业技术学院,2024,宁夏,高职(专科)批,文科,,,327,18752,
3689,江西枫林涉外经贸职业学院,2024,宁夏,高职(专科)批,文科,,,294,19467,
3690,宜春职业技术学院,2024,宁夏,高职(专科)批,文科,,,348,10308,
3692,江西航空职业技术学院,2024,宁夏,高职(专科)批,文科,,,294,20080,
3693,江西科技职业学院,2024,宁夏,高职(专科)批,文科,,,353,17386,
3696,江西软件职业技术大学,2024,宁夏,高职(专科)批,文科,,,253,22650,
3698,江西新能源科技职业学院,2024,宁夏,高职(专科)批,文科,,,325,18471,
3706,枣庄职业学院,2024,宁夏,高职(专科)批,文科,,,369,15796,
3714,烟台黄金职业学院,2024,宁夏,高职(专科)批,文科,,,236,23856,
3717,曲阜远东职业技术学院,2024,宁夏,高职(专科)批,文科,,,224,17475,
3719,泰山护理职业学院,2024,宁夏,高职(专科)批,文科,,,378,14802,
3750,齐鲁医药学院,2024,宁夏,高职(专科)批,文科,,,387,11395,
3752,烟台南山学院,2024,宁夏,高职(专科)批,文科,,,319,18471,
3754,青岛黄海学院,2024,宁夏,高职(专科)批,文科,,,329,17105,
3757,山东英才学院,2024,宁夏,高职(专科)批,文科,,,304,19910,
3762,泰山科技学院,2024,宁夏,高职(专科)批,文科,,,286,20178,
3764,潍坊理工学院,2024,宁夏,高职(专科)批,文科,,,233,20349,
3771,日照职业技术学院,2024,宁夏,高职(专科)批,文科,,,381,12593,
3772,青岛职业技术学院,2024,宁夏,高职(专科)批,文科,,,355,17211,
3775,聊城职业技术学院,2024,宁夏,高职(专科)批,文科,,,381,14480,
3776,山东水利职业学院,2024,宁夏,高职(专科)批,文科,,,370,10633,
3777,山东畜牧兽医职业学院,2024,宁夏,高职(专科)批,文科,,,380,14251,
3778,山东交通职业学院,2024,宁夏,高职(专科)批,文科,,,277,22843,
3779,淄博职业技术大学,2024,宁夏,高职(专科)批,文科,,,367,9598,
3780,青岛酒店管理职业技术学院,2024,宁夏,高职(专科)批,文科,,,332,19376,
3782,菏泽家政职业学院,2024,宁夏,高职(专科)批,文科,,,329,19278,
3784,山东旅游职业学院,2024,宁夏,高职(专科)批,文科,,,282,19821,
3785,泰山职业技术学院,2024,宁夏,高职(专科)批,文科,,,301,21675,
3787,烟台工程职业技术学院,2024,宁夏,高职(专科)批,文科,,,219,23338,
3789,山东铝业职业学院,2024,宁夏,高职(专科)批,文科,,,347,17979,
3791,山东圣翰财贸职业学院,2024,宁夏,高职(专科)批,文科,,,313,18661,
3793,枣庄科技职业学院,2024,宁夏,高职(专科)批,文科,,,222,21675,
3794,东营职业学院,2024,宁夏,高职(专科)批,文科,,,309,20430,
3795,青岛求实职业技术学院,2024,宁夏,高职(专科)批,文科,,,302,16996,
3798,济南护理职业学院,2024,宁夏,高职(专科)批,文科,,,395,10952,
3871,盐城幼儿师范高等专科学校,2024,宁夏,高职(专科)批,文科,,,341,12818,
3981,山东司法警官职业学院,2024,宁夏,高职(专科)批,文科,,,383,13238,
4100,济源职业技术学院,2024,宁夏,高职(专科)批,文科,,,248,23019,
4102,濮阳医学高等专科学校,2024,宁夏,高职(专科)批,文科,,,399,10086,
4105,三门峡职业技术学院,2024,宁夏,高职(专科)批,文科,,,352,17105,
4108,安阳幼儿师范高等专科学校,2024,宁夏,高职(专科)批,文科,,,309,21206,
4111,周口职业技术学院,2024,宁夏,高职(专科)批,文科,,,356,17105,
4114,鹤壁职业技术学院,2024,宁夏,高职(专科)批,文科,,,344,17891,
4166,郑州旅游职业学院,2024,宁夏,高职(专科)批,文科,,,328,19278,
4170,郑州幼儿师范高等专科学校,2024,宁夏,高职(专科)批,文科,,,364,16287,
4171,郑州铁路职业技术学院,2024,宁夏,高职(专科)批,文科,,,374,15228,
4174,焦作大学,2024,宁夏,高职(专科)批,文科,,,404,11932,
4177,焦作师范高等专科学校,2024,宁夏,高职(专科)批,文科,,,356,17105,
4182,开封文化艺术职业学院,2024,宁夏,高职(专科)批,文科,,,251,23595,
4184,南阳医学高等专科学校,2024,宁夏,高职(专科)批,文科,,,391,8099,
4189,河南推拿职业学院,2024,宁夏,高职(专科)批,文科,,,401,12275,
4193,河南护理职业学院,2024,宁夏,高职(专科)批,文科,,,369,15796,
4194,洛阳职业技术学院,2024,宁夏,高职(专科)批,文科,,,396,9483,
4197,南阳职业学院,2024,宁夏,高职(专科)批,文科,,,340,16287,
4206,长江艺术工程职业学院,2024,宁夏,高职(专科)批,文科,,,265,19571,
4207,荆门职业学院,2024,宁夏,高职(专科)批,文科,,,352,16686,
4208,武汉铁路桥梁职业学院,2024,宁夏,高职(专科)批,文科,,,372,12701,
4215,武汉商贸职业学院,2024,宁夏,高职(专科)批,文科,,,281,18930,
4216,武昌职业学院,2024,宁夏,高职(专科)批,文科,,,244,22573,
4217,仙桃职业学院,2024,宁夏,高职(专科)批,文科,,,357,11932,
4218,武汉船舶职业技术学院,2024,宁夏,高职(专科)批,文科,,,338,18163,
4219,长江职业学院,2024,宁夏,高职(专科)批,文科,,,341,16593,
4250,武汉生物工程学院,2024,宁夏,高职(专科)批,文科,,,338,17292,
4259,襄阳汽车职业技术学院,2024,宁夏,高职(专科)批,文科,,,206,16192,
4262,三峡大学科技学院,2024,宁夏,高职(专科)批,文科,,,351,16078,
4270,汉江师范学院,2024,宁夏,高职(专科)批,文科,,,425,7785,
4271,武汉职业技术大学,2024,宁夏,高职(专科)批,文科,,,420,9598,
4277,湖北交通职业技术学院,2024,宁夏,高职(专科)批,文科,,,359,16787,
4278,武汉软件工程职业学院,2024,宁夏,高职(专科)批,文科,,,410,8387,
4279,湖北三峡职业技术学院,2024,宁夏,高职(专科)批,文科,,,289,13794,
4280,随州职业技术学院,2024,宁夏,高职(专科)批,文科,,,340,16192,
4281,武汉警官职业学院,2024,宁夏,高职(专科)批,文科,,,389,6378,
4282,湖北城市建设职业技术学院,2024,宁夏,高职(专科)批,文科,,,311,16787,
4283,荆州理工职业学院,2024,宁夏,高职(专科)批,文科,,,330,19022,
4284,武汉交通职业学院,2024,宁夏,高职(专科)批,文科,,,358,14363,
4285,咸宁职业技术学院,2024,宁夏,高职(专科)批,文科,,,347,15330,
4286,长江工程职业技术学院,2024,宁夏,高职(专科)批,文科,,,363,16396,
4288,武汉民政职业学院,2024,宁夏,高职(专科)批,文科,,,398,10308,
4290,武汉外语外事职业学院,2024,宁夏,高职(专科)批,文科,,,253,23540,
4292,湖北国土资源职业学院,2024,宁夏,高职(专科)批,文科,,,348,17891,
4293,三峡电力职业学院,2024,宁夏,高职(专科)批,文科,,,400,10845,
4297,湖北水利水电职业技术学院,2024,宁夏,高职(专科)批,文科,,,395,11395,
4298,武汉铁路职业技术学院,2024,宁夏,高职(专科)批,文科,,,416,5617,
4305,湖南财经工业职业技术学院,2024,宁夏,高职(专科)批,文科,,,332,18569,
4370,长沙民政职业技术学院,2024,宁夏,高职(专科)批,文科,,,407,7134,
4371,湖南工业职业技术学院,2024,宁夏,高职(专科)批,文科,,,328,19744,
4373,湘南幼儿师范高等专科学校,2024,宁夏,高职(专科)批,文科,,,258,14046,
4374,湖南大众传媒职业技术学院,2024,宁夏,高职(专科)批,文科,,,408,6737,
4375,永州职业技术学院,2024,宁夏,高职(专科)批,文科,,,325,16078,
4376,湖南铁道职业技术学院,2024,宁夏,高职(专科)批,文科,,,420,6544,
4377,湖南交通职业技术学院,2024,宁夏,高职(专科)批,文科,,,348,12393,
4378,湖南工程职业技术学院,2024,宁夏,高职(专科)批,文科,,,347,12701,
4382,张家界航空工业职业技术学院,2024,宁夏,高职(专科)批,文科,,,357,10845,
4383,长沙环境保护职业技术学院,2024,宁夏,高职(专科)批,文科,,,373,14802,
4386,湖南城建职业技术学院,2024,宁夏,高职(专科)批,文科,,,333,19278,
4387,湖南石油化工职业技术学院,2024,宁夏,高职(专科)批,文科,,,355,17211,
4393,湖南化工职业技术学院,2024,宁夏,高职(专科)批,文科,,,329,19278,
4398,湖南九嶷职业技术学院,2024,宁夏,高职(专科)批,文科,,,301,21675,
4470,广州民航职业技术学院,2024,宁夏,高职(专科)批,文科,,,412,10197,
4474,惠州经济职业技术学院,2024,宁夏,高职(专科)批,文科,,,293,22147,
4475,广东肇庆航空职业学院,2024,宁夏,高职(专科)批,文科,,,241,15013,
4480,广东亚视演艺职业学院,2024,宁夏,高职(专科)批,文科,,,310,21128,
4481,广东机电职业技术学院,2024,宁夏,高职(专科)批,文科,,,319,20523,
4482,广州珠江职业技术学院,2024,宁夏,高职(专科)批,文科,,,266,23197,
4483,广州华商职业学院,2024,宁夏,高职(专科)批,文科,,,235,23867,
4484,广东南方职业学院,2024,宁夏,高职(专科)批,文科,,,260,22979,
4485,广东创新科技职业学院,2024,宁夏,高职(专科)批,文科,,,244,23735,
4486,广东信息工程职业学院,2024,宁夏,高职(专科)批,文科,,,240,18847,
4488,广州卫生职业技术学院,2024,宁夏,高职(专科)批,文科,,,346,16396,
4490,广东文理职业学院,2024,宁夏,高职(专科)批,文科,,,255,21386,
4491,广州东华职业学院,2024,宁夏,高职(专科)批,文科,,,220,24053,
4492,惠州卫生职业技术学院,2024,宁夏,高职(专科)批,文科,,,355,17211,
4493,广东财贸职业学院,2024,宁夏,高职(专科)批,文科,,,337,18930,
4494,湛江幼儿师范专科学校,2024,宁夏,高职(专科)批,文科,,,326,19910,
4495,顺德职业技术大学,2024,宁夏,高职(专科)批,文科,,,362,16488,
4496,广东科学技术职业学院,2024,宁夏,高职(专科)批,文科,,,357,16996,
4497,广州华立科技职业学院,2024,宁夏,高职(专科)批,文科,,,337,18847,
4498,广州科技贸易职业学院,2024,宁夏,高职(专科)批,文科,,,365,16192,
4499,广州城建职业学院,2024,宁夏,高职(专科)批,文科,,,287,22441,
4573,广西经济职业学院,2024,宁夏,高职(专科)批,文科,,,247,19744,
4581,桂林生命与健康职业技术学院,2024,宁夏,高职(专科)批,文科,,,262,20080,
4582,广西国际商务职业技术学院,2024,宁夏,高职(专科)批,文科,,,319,20523,
4583,广西自然资源职业技术学院,2024,宁夏,高职(专科)批,文科,,,312,20178,
4592,广西科技职业学院,2024,宁夏,高职(专科)批,文科,,,333,19278,
4651,海口经济学院,2024,宁夏,高职(专科)批,文科,,,206,20523,
4670,海南软件职业技术学院,2024,宁夏,高职(专科)批,文科,,,321,20349,
4674,海南职业技术学院,2024,宁夏,高职(专科)批,文科,,,257,22615,
4675,海南经贸职业技术学院,2024,宁夏,高职(专科)批,文科,,,390,13464,
4676,海南卫生健康职业学院,2024,宁夏,高职(专科)批,文科,,,374,15228,
4691,三亚航空旅游职业学院,2024,宁夏,高职(专科)批,文科,,,221,21456,
4692,三亚理工职业学院,2024,宁夏,高职(专科)批,文科,,,215,22801,
4693,三亚中瑞酒店管理职业学院,2024,宁夏,高职(专科)批,文科,,,305,21456,
4694,海南科技职业大学,2024,宁夏,高职(专科)批,文科,,,302,20523,
5070,重庆电力高等专科学校,2024,宁夏,高职(专科)批,文科,,,428,9378,
5071,重庆工业职业技术大学,2024,宁夏,高职(专科)批,文科,,,409,11161,
5073,重庆城市管理职业学院,2024,宁夏,高职(专科)批,文科,,,353,17386,
5074,重庆工程职业技术学院,2024,宁夏,高职(专科)批,文科,,,368,15891,
5075,重庆水利电力职业技术学院,2024,宁夏,高职(专科)批,文科,,,371,13142,
5077,重庆医药高等专科学校,2024,宁夏,高职(专科)批,文科,,,459,5617,
5082,重庆建筑科技职业学院,2024,宁夏,高职(专科)批,文科,,,222,20523,
5083,重庆工商职业学院,2024,宁夏,高职(专科)批,文科,,,394,10746,
5085,重庆智能工程职业学院,2024,宁夏,高职(专科)批,文科,,,270,21621,
5092,重庆电子科技职业大学,2024,宁夏,高职(专科)批,文科,,,427,9483,
5096,重庆信息技术职业学院,2024,宁夏,高职(专科)批,文科,,,283,21386,
5098,重庆传媒职业学院,2024,宁夏,高职(专科)批,文科,,,203,15990,
5099,重庆艺术工程职业学院,2024,宁夏,高职(专科)批,文科,,,230,23934,
5100,自贡职业技术学院,2024,宁夏,高职(专科)批,文科,,,234,23228,
5105,资阳环境科技职业学院,2024,宁夏,高职(专科)批,文科,,,238,21675,
5106,绵阳飞行职业学院,2024,宁夏,高职(专科)批,文科,,,222,23084,
5107,泸州医疗器械职业学院,2024,宁夏,高职(专科)批,文科,,,333,18661,
5108,遂宁职业学院,2024,宁夏,高职(专科)批,文科,,,244,16287,
5109,德阳农业科技职业学院,2024,宁夏,高职(专科)批,文科,,,237,20922,
5114,天府新区航空旅游职业学院,2024,宁夏,高职(专科)批,文科,,,269,22910,
5118,德阳科贸职业学院,2024,宁夏,高职(专科)批,文科,,,256,20788,
5155,广元中核职业技术学院,2024,宁夏,高职(专科)批,文科,,,330,19278,
5158,眉山药科职业学院,2024,宁夏,高职(专科)批,文科,,,313,18569,
5159,天府新区信息职业学院,2024,宁夏,高职(专科)批,文科,,,267,16787,
5165,成都外国语学院,2024,宁夏,高职(专科)批,文科,,,297,15114,
5167,西南财经大学天府学院,2024,宁夏,高职(专科)批,文科,,,378,14363,
5168,四川文化艺术学院,2024,宁夏,高职(专科)批,文科,,,241,22147,
5171,川北幼儿师范高等专科学校,2024,宁夏,高职(专科)批,文科,,,313,20922,
5173,南充职业技术学院,2024,宁夏,高职(专科)批,文科,,,386,13910,
5176,绵阳职业技术学院,2024,宁夏,高职(专科)批,文科,,,382,14363,
5177,四川工程职业技术大学,2024,宁夏,高职(专科)批,文科,,,311,12930,
5178,四川建筑职业技术学院,2024,宁夏,高职(专科)批,文科,,,236,23856,
5179,泸州职业技术学院,2024,宁夏,高职(专科)批,文科,,,315,20788,
5181,四川职业技术学院,2024,宁夏,高职(专科)批,文科,,,358,16887,
5183,四川幼儿师范高等专科学校,2024,宁夏,高职(专科)批,文科,,,331,19467,
5184,四川交通职业技术学院,2024,宁夏,高职(专科)批,文科,,,357,16996,
5185,四川西南航空职业学院,2024,宁夏,高职(专科)批,文科,,,310,16686,
5186,雅安职业技术学院,2024,宁夏,高职(专科)批,文科,,,373,15330,
5187,四川国际标榜职业学院,2024,宁夏,高职(专科)批,文科,,,210,24135,
5190,四川汽车职业技术学院,2024,宁夏,高职(专科)批,文科,,,208,22391,
5191,四川电子机械职业技术学院,2024,宁夏,高职(专科)批,文科,,,278,21977,
5194,四川文化产业职业学院,2024,宁夏,高职(专科)批,文科,,,297,21914,
5197,四川城市职业学院,2024,宁夏,高职(专科)批,文科,,,295,20587,
5198,巴中职业技术学院,2024,宁夏,高职(专科)批,文科,,,287,22441,
5277,铜仁幼儿师范高等专科学校,2024,宁夏,高职(专科)批,文科,,,271,23044,
5360,丽江文化旅游学院,2024,宁夏,高职(专科)批,文科,,,247,21861,
5365,云南工商学院,2024,宁夏,高职(专科)批,文科,,,246,22727,
5371,云南国土资源职业学院,2024,宁夏,高职(专科)批,文科,,,295,21456,
5372,云南林业职业技术学院,2024,宁夏,高职(专科)批,文科,,,329,19278,
5374,西双版纳职业技术学院,2024,宁夏,高职(专科)批,文科,,,321,18752,
5376,云南医药健康职业学院,2024,宁夏,高职(专科)批,文科,,,353,15114,
5377,云南新兴职业学院,2024,宁夏,高职(专科)批,文科,,,303,19278,
5378,昭通卫生职业学院,2024,宁夏,高职(专科)批,文科,,,341,13142,
5381,云南理工职业学院,2024,宁夏,高职(专科)批,文科,,,262,20864,
5471,拉萨师范学院,2024,宁夏,高职(专科)批,文科,,,366,16078,
6001,宝鸡三和职业学院,2024,宁夏,高职(专科)批,文科,,,334,18078,
6003,宝鸡中北职业学院,2024,宁夏,高职(专科)批,文科,,,316,17211,
6100,陕西工商职业学院,2024,宁夏,高职(专科)批,文科,,,371,15114,
6107,陕西机电职业技术学院,2024,宁夏,高职(专科)批,文科,,,384,11719,
6108,陕西警察学院,2024,宁夏,高职(专科)批,文科,,,410,10845,
6109,陕西职业技术学院,2024,宁夏,高职(专科)批,文科,,,334,19192,
6117,陕西航空职业技术学院,2024,宁夏,高职(专科)批,文科,,,375,14151,
6118,榆林能源科技职业学院,2024,宁夏,高职(专科)批,文科,,,324,13910,
6151,西安外事学院,2024,宁夏,高职(专科)批,文科,,,374,11289,
6152,西安翻译学院,2024,宁夏,高职(专科)批,文科,,,350,17105,
6154,西安思源学院,2024,宁夏,高职(专科)批,文科,,,320,16593,
6155,陕西国际商贸学院,2024,宁夏,高职(专科)批,文科,,,331,18569,
6157,陕西服装工程学院,2024,宁夏,高职(专科)批,文科,,,278,17386,
6158,西安交通工程学院,2024,宁夏,高职(专科)批,文科,,,353,15667,
6164,西安工商学院,2024,宁夏,高职(专科)批,文科,,,357,16996,
6167,西安科技大学高新学院,2024,宁夏,高职(专科)批,文科,,,390,13464,
6168,铜川职业技术学院,2024,宁夏,高职(专科)批,文科,,,380,13682,
6169,陕西青年职业学院,2024,宁夏,高职(专科)批,文科,,,393,12171,
6170,陕西工业职业技术学院,2024,宁夏,高职(专科)批,文科,,,414,9378,
6171,陕西农林职业技术大学,2024,宁夏,高职(专科)批,文科,,,372,13355,
6172,陕西艺术职业学院,2024,宁夏,高职(专科)批,文科,,,370,15667,
6174,陕西能源职业技术学院,2024,宁夏,高职(专科)批,文科,,,350,10952,
6175,陕西国防工业职业技术学院,2024,宁夏,高职(专科)批,文科,,,417,9688,
6176,西安航空职业技术学院,2024,宁夏,高职(专科)批,文科,,,395,11289,
6177,陕西财经职业技术学院,2024,宁夏,高职(专科)批,文科,,,398,11719,
6178,陕西交通职业技术学院,2024,宁夏,高职(专科)批,文科,,,356,8187,
6179,陕西铁路工程职业技术学院,2024,宁夏,高职(专科)批,文科,,,406,5350,
6180,宝鸡职业技术学院,2024,宁夏,高职(专科)批,文科,,,402,9878,
6181,陕西邮电职业技术学院,2024,宁夏,高职(专科)批,文科,,,382,12171,
6184,咸阳职业技术学院,2024,宁夏,高职(专科)批,文科,,,401,9483,
6185,西安职业技术学院,2024,宁夏,高职(专科)批,文科,,,384,14046,
6186,汉中职业技术学院,2024,宁夏,高职(专科)批,文科,,,384,11719,
6187,延安职业技术学院,2024,宁夏,高职(专科)批,文科,,,323,11719,
6188,渭南职业技术学院,2024,宁夏,高职(专科)批,文科,,,402,10633,
6189,安康职业技术学院,2024,宁夏,高职(专科)批,文科,,,373,13567,
6190,西安高新科技职业学院,2024,宁夏,高职(专科)批,文科,,,336,13464,
6191,西安城市建设职业学院,2024,宁夏,高职(专科)批,文科,,,175,19100,
6192,商洛职业技术学院,2024,宁夏,高职(专科)批,文科,,,384,12039,
6193,榆林职业技术学院,2024,宁夏,高职(专科)批,文科,,,381,10414,
6194,陕西电子信息职业技术学院,2024,宁夏,高职(专科)批,文科,,,336,16996,
6195,西安海棠职业学院,2024,宁夏,高职(专科)批,文科,,,329,14046,
6196,西安汽车职业大学,2024,宁夏,高职(专科)批,文科,,,210,19376,
6197,西安信息职业大学,2024,宁夏,高职(专科)批,文科,,,204,15330,
6198,陕西旅游烹饪职业学院,2024,宁夏,高职(专科)批,文科,,,302,19100,
6199,西安医学高等专科学校,2024,宁夏,高职(专科)批,文科,,,383,11395,
6221,兰州交通大学,2024,宁夏,高职(专科)批,文科,,,471,5275,
6250,兰州石化职业技术大学,2024,宁夏,高职(专科)批,文科,,,395,8571,
6251,兰州资源环境职业技术大学,2024,宁夏,高职(专科)批,文科,,,403,12039,
6273,酒泉职业技术大学,2024,宁夏,高职(专科)批,文科,,,371,12496,
6274,兰州职业技术学院,2024,宁夏,高职(专科)批,文科,,,383,12593,
6275,甘肃林业职业技术大学,2024,宁夏,高职(专科)批,文科,,,365,14598,
6276,甘肃工业职业技术大学,2024,宁夏,高职(专科)批,文科,,,359,15564,
6278,陇南师范学院,2024,宁夏,高职(专科)批,文科,,,444,7222,
6279,甘肃交通职业技术学院,2024,宁夏,高职(专科)批,文科,,,370,15564,
6281,甘肃警察学院,2024,宁夏,高职(专科)批,文科,,,390,12039,
6282,临夏现代职业学院,2024,宁夏,高职(专科)批,文科,,,353,15796,
6284,甘肃农业职业技术学院,2024,宁夏,高职(专科)批,文科,,,361,16078,
6285,甘肃畜牧工程职业技术学院,2024,宁夏,高职(专科)批,文科,,,363,14363,
6286,白银矿冶职业技术学院,2024,宁夏,高职(专科)批,文科,,,353,14802,
6287,甘肃卫生职业学院,2024,宁夏,高职(专科)批,文科,,,422,7328,
6288,甘肃建筑职业技术学院,2024,宁夏,高职(专科)批,文科,,,363,15796,
6290,兰州外语职业学院,2024,宁夏,高职(专科)批,文科,,,200,22520,
6291,武威职业技术大学,2024,宁夏,高职(专科)批,文科,,,376,14706,
6292,甘肃有色冶金职业技术学院,2024,宁夏,高职(专科)批,文科,,,345,18078,
6293,甘肃财贸职业学院,2024,宁夏,高职(专科)批,文科,,,380,12701,
6294,甘肃钢铁职业技术学院,2024,宁夏,高职(专科)批,文科,,,349,15451,
6295,庆阳职业技术学院,2024,宁夏,高职(专科)批,文科,,,369,13910,
6296,培黎职业学院,2024,宁夏,高职(专科)批,文科,,,300,16287,
6297,兰州航空职业技术学院,2024,宁夏,高职(专科)批,文科,,,367,12171,
6298,平凉职业技术学院,2024,宁夏,高职(专科)批,文科,,,297,19192,
6370,青海农牧科技职业学院,2024,宁夏,高职(专科)批,文科,,,392,12039,
6371,青海职业技术大学,2024,宁夏,高职(专科)批,文科,,,400,11825,
6374,青海高等职业技术学院,2024,宁夏,高职(专科)批,文科,,,279,22763,
6451,银川能源学院,2024,宁夏,高职(专科)批,文科,,,233,23173,
6461,银川科技学院,2024,宁夏,高职(专科)批,文科,,,272,19278,
6470,宁夏民族职业技术学院,2024,宁夏,高职(专科)批,文科,,,364,9161,
6472,宁夏职业技术大学,2024,宁夏,高职(专科)批,文科,,,410,9266,
6473,宁夏工商职业技术大学,2024,宁夏,高职(专科)批,文科,,,403,8297,
6474,宁夏财经职业技术学院,2024,宁夏,高职(专科)批,文科,,,370,12393,
6475,宁夏警官职业学院,2024,宁夏,高职(专科)批,文科,,,377,8845,
6476,宁夏建设职业技术学院,2024,宁夏,高职(专科)批,文科,,,385,11289,
6477,宁夏葡萄酒与防沙治沙职业技术学院,2024,宁夏,高职(专科)批,文科,,,329,14802,
6478,宁夏幼儿师范高等专科学校,2024,宁夏,高职(专科)批,文科,,,363,9266,
6479,宁夏艺术职业学院,2024,宁夏,高职(专科)批,文科,,,313,20720,
6481,石嘴山工贸职业技术学院,2024,宁夏,高职(专科)批,文科,,,294,16192,
6482,宁夏卫生健康职业技术学院,2024,宁夏,高职(专科)批,文科,,,387,13794,
6483,宁夏交通职业技术学院,2024,宁夏,高职(专科)批,文科,,,352,14251,
6501,喀什理工职业技术学院,2024,宁夏,高职(专科)批,文科,,,340,14480,
6502,双河职业技术学院,2024,宁夏,高职(专科)批,文科,,,314,16396,
6550,乌鲁木齐职业大学,2024,宁夏,高职(专科)批,文科,,,386,9058,
6563,昌吉职业技术学院,2024,宁夏,高职(专科)批,文科,,,291,14363,
6566,昆玉职业技术学院,2024,宁夏,高职(专科)批,文科,,,348,17794,
6570,新疆和田学院,2024,宁夏,高职(专科)批,文科,,,355,15451,
6572,新疆师范高等专科学校,2024,宁夏,高职(专科)批,文科,,,357,10197,
6574,新疆生产建设兵团兴新职业技术学院,2024,宁夏,高职(专科)批,文科,,,342,18471,
6575,新疆轻工职业技术学院,2024,宁夏,高职(专科)批,文科,,,327,19821,
6578,巴音郭楞职业技术学院,2024,宁夏,高职(专科)批,文科,,,334,19192,
6579,新疆交通职业技术大学,2024,宁夏,高职(专科)批,文科,,,352,17475,
6580,新疆石河子职业技术学院,2024,宁夏,高职(专科)批,文科,,,339,15796,
6581,新疆职业大学,2024,宁夏,高职(专科)批,文科,,,370,8297,
6582,阿克苏职业技术学院,2024,宁夏,高职(专科)批,文科,,,213,21977,
6584,新疆科技职业技术学院,2024,宁夏,高职(专科)批,文科,,,319,19022,
6585,新疆农业职业技术大学,2024,宁夏,高职(专科)批,文科,,,341,15330,
6586,博尔塔拉职业技术学院,2024,宁夏,高职(专科)批,文科,,,339,15013,
6588,吐鲁番职业技术学院,2024,宁夏,高职(专科)批,文科,,,298,18163,
6592,石河子工程职业技术学院,2024,宁夏,高职(专科)批,文科,,,349,13464,
6593,塔里木职业技术学院,2024,宁夏,高职(专科)批,文科,,,333,17292,
6595,喀什职业技术学院,2024,宁夏,高职(专科)批,文科,,,337,15796,
6596,新疆建设职业技术学院,2024,宁夏,高职(专科)批,文科,,,346,17891,
6597,新疆应用职业技术学院,2024,宁夏,高职(专科)批,文科,,,363,16396,
6475,宁夏警官职业学院,2024,宁夏,高职(专科)提前批A段,文科,,,437,8473,
4090,河南交通职业技术学院,2024,宁夏,高职(专科)提前批B段,文科,,,379,14706,
4216,武昌职业学院,2024,宁夏,高职(专科)提前批B段,文科,,,381,14480,
4284,武汉交通职业学院,2024,宁夏,高职(专科)提前批B段,文科,,,392,13238,
4372,长沙航空职业技术学院,2024,宁夏,高职(专科)提前批B段,文科,,,407,11605,
4382,张家界航空工业职业技术学院,2024,宁夏,高职(专科)提前批B段,文科,,,398,12593,
4389,湖南国防工业职业技术学院,2024,宁夏,高职(专科)提前批B段,文科,,,383,14251,
5077,重庆医药高等专科学校,2024,宁夏,高职(专科)提前批B段,文科,,,379,12930,
6187,延安职业技术学院,2024,宁夏,高职(专科)提前批B段,文科,,,404,11932,
6580,新疆石河子职业技术学院,2024,宁夏,高职(专科)提前批B段,文科,,,382,13567,
1001,北京大学,2024,宁夏,本科批B段,理科,,,633,104,
1002,清华大学,2024,宁夏,本科批B段,理科,,,652,104,
1003,中国人民大学,2024,宁夏,本科批B段,理科,,,625,121,
1004,北京航空航天大学,2024,宁夏,本科批B段,理科,,,604,104,
1005,北京理工大学,2024,宁夏,本科批B段,理科,,,576,137,
1006,中国农业大学,2024,宁夏,本科批B段,理科,,,501,1304,
1007,北京师范大学,2024,宁夏,本科批B段,理科,,,527,986,
1008,中央民族大学,2024,宁夏,本科批B段,理科,,,485,2138,
1009,北京大学医学部,2024,宁夏,本科批B段,理科,,,547,104,
1010,北京交通大学,2024,宁夏,本科批B段,理科,,,538,720,
1011,北京科技大学,2024,宁夏,本科批B段,理科,,,492,1019,
1012,北京化工大学,2024,宁夏,本科批B段,理科,,,464,1684,
1013,北京邮电大学,2024,宁夏,本科批B段,理科,,,509,449,
1014,北京邮电大学,2024,宁夏,本科批B段,理科,,,546,1459,
1015,北京林业大学,2024,宁夏,本科批B段,理科,,,458,3221,
1016,北京中医药大学,2024,宁夏,本科批B段,理科,,,460,535,
1017,北京外国语大学,2024,宁夏,本科批B段,理科,,,475,3626,
1018,中国传媒大学,2024,宁夏,本科批B段,理科,,,516,2226,
1019,中央财经大学,2024,宁夏,本科批B段,理科,,,471,1342,
1020,北京航空航天大学,2024,宁夏,本科批B段,理科,,,594,519,
1111,对外经济贸易大学,2024,宁夏,本科批B段,理科,,,445,1563,
1112,北京体育大学,2024,宁夏,本科批B段,理科,,,477,5138,
1113,中国政法大学,2024,宁夏,本科批B段,理科,,,450,3293,
1114,华北电力大学(北京),2024,宁夏,本科批B段,理科,,,508,720,
1115,中国矿业大学(北京),2024,宁夏,本科批B段,理科,,,473,2489,
1116,中国石油大学(北京),2024,宁夏,本科批B段,理科,,,448,1417,
1117,中国地质大学(北京),2024,宁夏,本科批B段,理科,,,487,2930,
1118,北京工业大学,2024,宁夏,本科批B段,理科,,,479,4564,
1119,中国地质大学(北京),2024,宁夏,本科批B段,理科,,,457,5525,
1120,北方工业大学,2024,宁夏,本科批B段,理科,,,444,4724,
1123,北京语言大学,2024,宁夏,本科批B段,理科,,,452,10754,
1124,首都经济贸易大学,2024,宁夏,本科批B段,理科,,,484,5525,
1126,北京信息科技大学,2024,宁夏,本科批B段,理科,,,446,4879,
1128,北京印刷学院,2024,宁夏,本科批B段,理科,,,449,9681,
1129,北京建筑大学,2024,宁夏,本科批B段,理科,,,448,7107,
1130,北京农学院,2024,宁夏,本科批B段,理科,,,408,19137,
1131,北京物资学院,2024,宁夏,本科批B段,理科,,,432,7812,
1139,北京联合大学,2024,宁夏,本科批B段,理科,,,421,16413,
1142,北京语言大学,2024,宁夏,本科批B段,理科,,,428,15065,
1149,中国劳动关系学院,2024,宁夏,本科批B段,理科,,,423,14269,
1150,北京城市学院,2024,宁夏,本科批B段,理科,,,374,26031,
1160,首都师范大学科德学院,2024,宁夏,本科批B段,理科,,,375,26239,
1161,北京金融科技学院,2024,宁夏,本科批B段,理科,,,403,20186,
1163,北京工业大学耿丹学院,2024,宁夏,本科批B段,理科,,,390,22976,
1201,南开大学,2024,宁夏,本科批B段,理科,,,598,367,
1202,天津大学,2024,宁夏,本科批B段,理科,,,478,519,
1210,天津医科大学,2024,宁夏,本科批B段,理科,,,488,621,
1211,河北工业大学,2024,宁夏,本科批B段,理科,,,519,2930,
1220,天津科技大学,2024,宁夏,本科批B段,理科,,,433,5700,
1221,天津工业大学,2024,宁夏,本科批B段,理科,,,467,3626,
1222,中国民航大学,2024,宁夏,本科批B段,理科,,,480,3413,
1223,天津理工大学,2024,宁夏,本科批B段,理科,,,431,6312,
1225,天津中医药大学,2024,宁夏,本科批B段,理科,,,432,6851,
1226,天津师范大学,2024,宁夏,本科批B段,理科,,,438,4724,
1227,天津职业技术师范大学,2024,宁夏,本科批B段,理科,,,405,13337,
1228,天津外国语大学,2024,宁夏,本科批B段,理科,,,434,8177,
1229,天津商业大学,2024,宁夏,本科批B段,理科,,,433,12470,
1230,天津财经大学,2024,宁夏,本科批B段,理科,,,432,6101,
1233,天津城建大学,2024,宁夏,本科批B段,理科,,,420,13689,
1234,天津农学院,2024,宁夏,本科批B段,理科,,,412,13513,
1250,天津天狮学院,2024,宁夏,本科批B段,理科,,,386,21705,
1262,天津商业大学宝德学院,2024,宁夏,本科批B段,理科,,,397,20186,
1263,天津医科大学临床医学院,2024,宁夏,本科批B段,理科,,,405,15424,
1266,天津理工大学中环信息学院,2024,宁夏,本科批B段,理科,,,401,19365,
1267,北京科技大学天津学院,2024,宁夏,本科批B段,理科,,,403,19365,
1268,天津仁爱学院,2024,宁夏,本科批B段,理科,,,377,20186,
1269,天津财经大学珠江学院,2024,宁夏,本科批B段,理科,,,405,18935,
1272,天津中德应用技术大学,2024,宁夏,本科批B段,理科,,,418,15998,
1301,东北大学秦皇岛分校,2024,宁夏,本科批B段,理科,,,479,1726,
1310,华北电力大学(保定),2024,宁夏,本科批B段,理科,,,432,1091,
1314,河北科技工程职业技术大学,2024,宁夏,本科批B段,理科,,,407,18298,
1315,河北石油职业技术大学,2024,宁夏,本科批B段,理科,,,412,15234,
1320,燕山大学,2024,宁夏,本科批B段,理科,,,512,3413,
1321,河北工程大学,2024,宁夏,本科批B段,理科,,,429,11446,
1322,华北理工大学,2024,宁夏,本科批B段,理科,,,425,6535,
1323,石家庄铁道大学,2024,宁夏,本科批B段,理科,,,471,6101,
1325,河北地质大学,2024,宁夏,本科批B段,理科,,,419,16199,
1326,河北科技师范学院,2024,宁夏,本科批B段,理科,,,402,19137,
1327,中国人民警察大学,2024,宁夏,本科批B段,理科,,,442,11446,
1328,河北医科大学,2024,宁夏,本科批B段,理科,,,428,2799,
1329,河北师范大学,2024,宁夏,本科批B段,理科,,,458,9388,
1332,沧州师范学院,2024,宁夏,本科批B段,理科,,,417,17058,
1341,邢台学院,2024,宁夏,本科批B段,理科,,,411,18103,
1342,华北科技学院,2024,宁夏,本科批B段,理科,,,414,13883,
1343,河北金融学院,2024,宁夏,本科批B段,理科,,,409,18298,
1344,防灾科技学院,2024,宁夏,本科批B段,理科,,,417,15998,
1346,邯郸学院,2024,宁夏,本科批B段,理科,,,398,19573,
1347,张家口学院,2024,宁夏,本科批B段,理科,,,418,16413,
1349,河北水利电力学院,2024,宁夏,本科批B段,理科,,,412,17483,
1351,华北理工大学轻工学院,2024,宁夏,本科批B段,理科,,,389,22151,
1352,河北外国语学院,2024,宁夏,本科批B段,理科,,,379,22559,
1356,河北东方学院,2024,宁夏,本科批B段,理科,,,391,21492,
1361,河北工程大学科信学院,2024,宁夏,本科批B段,理科,,,406,18935,
1363,石家庄铁道大学四方学院,2024,宁夏,本科批B段,理科,,,409,18103,
1366,北京中医药大学东方学院,2024,宁夏,本科批B段,理科,,,408,17693,
1368,河北医科大学临床学院,2024,宁夏,本科批B段,理科,,,427,15234,
1369,河北地质大学华信学院,2024,宁夏,本科批B段,理科,,,395,21026,
1383,河北环境工程学院,2024,宁夏,本科批B段,理科,,,409,18103,
1410,太原理工大学,2024,宁夏,本科批B段,理科,,,493,2533,
1420,太原科技大学,2024,宁夏,本科批B段,理科,,,430,13883,
1421,中北大学,2024,宁夏,本科批B段,理科,,,466,3775,
1422,山西农业大学,2024,宁夏,本科批B段,理科,,,418,14690,
1423,山西医科大学,2024,宁夏,本科批B段,理科,,,448,5800,
1424,山西财经大学,2024,宁夏,本科批B段,理科,,,428,6646,
1425,山西中医药大学,2024,宁夏,本科批B段,理科,,,420,13883,
1426,山西大学,2024,宁夏,本科批B段,理科,,,497,4806,
1440,山西大同大学,2024,宁夏,本科批B段,理科,,,423,15998,
1441,太原师范学院,2024,宁夏,本科批B段,理科,,,419,15424,
1442,长治医学院,2024,宁夏,本科批B段,理科,,,419,12659,
1443,晋中学院,2024,宁夏,本科批B段,理科,,,410,17904,
1444,运城学院,2024,宁夏,本科批B段,理科,,,411,18298,
1445,吕梁学院,2024,宁夏,本科批B段,理科,,,410,17270,
1446,太原工业学院,2024,宁夏,本科批B段,理科,,,415,17058,
1447,山西传媒学院,2024,宁夏,本科批B段,理科,,,407,19365,
1448,太原学院,2024,宁夏,本科批B段,理科,,,392,17904,
1460,山西晋中理工学院,2024,宁夏,本科批B段,理科,,,410,18711,
1462,晋中信息学院,2024,宁夏,本科批B段,理科,,,404,18711,
1463,山西工学院,2024,宁夏,本科批B段,理科,,,443,12278,
1492,山西工程技术学院,2024,宁夏,本科批B段,理科,,,416,15424,
1511,内蒙古大学,2024,宁夏,本科批B段,理科,,,428,15065,
1520,内蒙古科技大学,2024,宁夏,本科批B段,理科,,,420,15604,
1521,内蒙古工业大学,2024,宁夏,本科批B段,理科,,,404,17904,
1522,内蒙古农业大学,2024,宁夏,本科批B段,理科,,,412,14482,
1523,内蒙古医科大学,2024,宁夏,本科批B段,理科,,,416,9101,
1524,内蒙古师范大学,2024,宁夏,本科批B段,理科,,,419,16199,
1525,内蒙古民族大学,2024,宁夏,本科批B段,理科,,,414,17483,
1526,内蒙古财经大学,2024,宁夏,本科批B段,理科,,,422,15793,
1560,内蒙古鸿德文理学院,2024,宁夏,本科批B段,理科,,,402,20405,
1561,内蒙古科技大学包头师范学院,2024,宁夏,本科批B段,理科,,,421,16413,
1582,鄂尔多斯应用技术学院,2024,宁夏,本科批B段,理科,,,415,17483,
2101,东北大学,2024,宁夏,本科批B段,理科,,,468,1185,
2102,大连理工大学,2024,宁夏,本科批B段,理科,,,515,355,
2103,大连理工大学,2024,宁夏,本科批B段,理科,,,462,3221,
2110,辽宁大学,2024,宁夏,本科批B段,理科,,,495,3165,
2111,大连海事大学,2024,宁夏,本科批B段,理科,,,455,3555,
2112,辽宁中医药大学,2024,宁夏,本科批B段,理科,,,445,11992,
2120,东北财经大学,2024,宁夏,本科批B段,理科,,,483,3626,
2122,辽宁科技大学,2024,宁夏,本科批B段,理科,,,418,9236,
2123,辽宁工程技术大学,2024,宁夏,本科批B段,理科,,,432,8177,
2124,辽宁石油化工大学,2024,宁夏,本科批B段,理科,,,409,16846,
2125,沈阳化工大学,2024,宁夏,本科批B段,理科,,,424,14269,
2126,大连交通大学,2024,宁夏,本科批B段,理科,,,445,9236,
2127,大连工业大学,2024,宁夏,本科批B段,理科,,,426,15424,
2128,沈阳建筑大学,2024,宁夏,本科批B段,理科,,,430,9530,
2129,辽宁工业大学,2024,宁夏,本科批B段,理科,,,424,12830,
2130,沈阳农业大学,2024,宁夏,本科批B段,理科,,,440,10754,
2131,锦州医科大学,2024,宁夏,本科批B段,理科,,,427,12659,
2132,大连医科大学,2024,宁夏,本科批B段,理科,,,432,1888,
2133,沈阳药科大学,2024,宁夏,本科批B段,理科,,,457,3942,
2134,沈阳工业大学,2024,宁夏,本科批B段,理科,,,426,4724,
2135,大连大学,2024,宁夏,本科批B段,理科,,,419,15793,
2139,沈阳大学,2024,宁夏,本科批B段,理科,,,371,24947,
2140,鞍山师范学院,2024,宁夏,本科批B段,理科,,,408,19137,
2141,沈阳工程学院,2024,宁夏,本科批B段,理科,,,450,9236,
2143,大连民族大学,2024,宁夏,本科批B段,理科,,,408,12278,
2146,大连海洋大学,2024,宁夏,本科批B段,理科,,,411,17483,
2147,中国医科大学,2024,宁夏,本科批B段,理科,,,495,2930,
2148,沈阳医学院,2024,宁夏,本科批B段,理科,,,433,10598,
2150,辽宁对外经贸学院,2024,宁夏,本科批B段,理科,,,395,21922,
2152,大连东软信息学院,2024,宁夏,本科批B段,理科,,,382,23200,
2153,辽宁科技学院,2024,宁夏,本科批B段,理科,,,409,18509,
2159,辽宁中医药大学杏林学院,2024,宁夏,本科批B段,理科,,,395,21026,
2160,渤海大学,2024,宁夏,本科批B段,理科,,,417,17058,
2161,大连工业大学艺术与信息工程学院,2024,宁夏,本科批B段,理科,,,389,21922,
2162,沈阳科技学院,2024,宁夏,本科批B段,理科,,,389,22342,
2163,沈阳城市建设学院,2024,宁夏,本科批B段,理科,,,384,23855,
2165,大连医科大学中山学院,2024,宁夏,本科批B段,理科,,,402,18509,
2166,锦州医科大学医疗学院,2024,宁夏,本科批B段,理科,,,404,15234,
2169,大连财经学院,2024,宁夏,本科批B段,理科,,,411,16199,
2201,吉林大学,2024,宁夏,本科批B段,理科,,,434,158,
2210,延边大学,2024,宁夏,本科批B段,理科,,,439,6218,
2211,东北师范大学,2024,宁夏,本科批B段,理科,,,446,2930,
2220,长春理工大学,2024,宁夏,本科批B段,理科,,,459,5336,
2221,东北电力大学,2024,宁夏,本科批B段,理科,,,436,2382,
2222,吉林农业大学,2024,宁夏,本科批B段,理科,,,414,15424,
2223,长春中医药大学,2024,宁夏,本科批B段,理科,,,416,15424,
2224,北华大学,2024,宁夏,本科批B段,理科,,,414,13689,
2225,吉林师范大学,2024,宁夏,本科批B段,理科,,,415,16846,
2226,吉林财经大学,2024,宁夏,本科批B段,理科,,,419,13162,
2228,吉林建筑大学,2024,宁夏,本科批B段,理科,,,378,17904,
2240,吉林化工大学,2024,宁夏,本科批B段,理科,,,412,16413,
2241,通化师范学院,2024,宁夏,本科批B段,理科,,,410,18298,
2242,白城师范学院,2024,宁夏,本科批B段,理科,,,400,19365,
2243,吉林工商学院,2024,宁夏,本科批B段,理科,,,412,15793,
2244,长春工程学院,2024,宁夏,本科批B段,理科,,,367,9388,
2245,吉林农业科技学院,2024,宁夏,本科批B段,理科,,,409,18103,
2246,长春大学,2024,宁夏,本科批B段,理科,,,430,14482,
2247,吉林医药学院,2024,宁夏,本科批B段,理科,,,415,16199,
2250,吉林外国语大学,2024,宁夏,本科批B段,理科,,,393,19573,
2252,长春建筑学院,2024,宁夏,本科批B段,理科,,,380,23607,
2253,长春科技学院,2024,宁夏,本科批B段,理科,,,399,20186,
2260,长春电子科技学院,2024,宁夏,本科批B段,理科,,,391,22342,
2261,长春财经学院,2024,宁夏,本科批B段,理科,,,394,21279,
2262,长春大学旅游学院,2024,宁夏,本科批B段,理科,,,377,23855,
2271,长春汽车职业技术大学,2024,宁夏,本科批B段,理科,,,409,17058,
2301,哈尔滨工业大学,2024,宁夏,本科批B段,理科,,,579,121,
2310,哈尔滨工程大学,2024,宁夏,本科批B段,理科,,,492,1563,
2311,东北林业大学,2024,宁夏,本科批B段,理科,,,432,4318,
2312,东北农业大学,2024,宁夏,本科批B段,理科,,,450,6101,
2320,黑龙江大学,2024,宁夏,本科批B段,理科,,,433,9388,
2321,黑龙江科技大学,2024,宁夏,本科批B段,理科,,,426,11446,
2322,东北石油大学,2024,宁夏,本科批B段,理科,,,447,6851,
2323,佳木斯大学,2024,宁夏,本科批B段,理科,,,417,16199,
2325,哈尔滨医科大学,2024,宁夏,本科批B段,理科,,,425,14886,
2326,黑龙江中医药大学,2024,宁夏,本科批B段,理科,,,416,3472,
2327,哈尔滨师范大学,2024,宁夏,本科批B段,理科,,,384,16846,
2328,齐齐哈尔大学,2024,宁夏,本科批B段,理科,,,416,14482,
2329,哈尔滨商业大学,2024,宁夏,本科批B段,理科,,,432,8304,
2332,齐齐哈尔医学院,2024,宁夏,本科批B段,理科,,,431,13162,
2333,哈尔滨理工大学,2024,宁夏,本科批B段,理科,,,437,5138,
2340,哈尔滨学院,2024,宁夏,本科批B段,理科,,,393,18298,
2341,哈尔滨金融学院,2024,宁夏,本科批B段,理科,,,417,17270,
2342,黑龙江工程学院,2024,宁夏,本科批B段,理科,,,438,13162,
2344,黑龙江财经学院,2024,宁夏,本科批B段,理科,,,382,20405,
2345,牡丹江医科大学,2024,宁夏,本科批B段,理科,,,418,15065,
2350,哈尔滨远东理工学院,2024,宁夏,本科批B段,理科,,,380,24947,
2351,哈尔滨华德学院,2024,宁夏,本科批B段,理科,,,371,24299,
2352,黑龙江工程学院昆仑旅游学院,2024,宁夏,本科批B段,理科,,,378,24299,
3100,复旦大学,2024,宁夏,本科批B段,理科,,,632,121,
3101,复旦大学,2024,宁夏,本科批B段,理科,,,612,104,
3102,上海交通大学,2024,宁夏,本科批B段,理科,,,460,104,
3103,华东师范大学,2024,宁夏,本科批B段,理科,,,564,572,
3104,同济大学,2024,宁夏,本科批B段,理科,,,438,185,
3105,复旦大学医学院,2024,宁夏,本科批B段,理科,,,534,104,
3106,上海交通大学医学院,2024,宁夏,本科批B段,理科,,,610,104,
3107,同济大学,2024,宁夏,本科批B段,理科,,,585,500,
3110,华东理工大学,2024,宁夏,本科批B段,理科,,,496,1684,
3111,东华大学,2024,宁夏,本科批B段,理科,,,471,2489,
3112,上海外国语大学,2024,宁夏,本科批B段,理科,,,492,2097,
3113,上海财经大学,2024,宁夏,本科批B段,理科,,,468,720,
3120,上海理工大学,2024,宁夏,本科批B段,理科,,,486,4237,
3121,上海海事大学,2024,宁夏,本科批B段,理科,,,440,5800,
3122,上海应用技术大学,2024,宁夏,本科批B段,理科,,,423,6986,
3123,上海海洋大学,2024,宁夏,本科批B段,理科,,,465,8067,
3124,华东政法大学,2024,宁夏,本科批B段,理科,,,436,1019,
3128,上海工程技术大学,2024,宁夏,本科批B段,理科,,,428,12659,
3129,上海电力大学,2024,宁夏,本科批B段,理科,,,515,1979,
3130,上海立信会计金融学院,2024,宁夏,本科批B段,理科,,,436,5336,
3140,上海电机学院,2024,宁夏,本科批B段,理科,,,423,8067,
3142,上海商学院,2024,宁夏,本科批B段,理科,,,421,15998,
3143,上海第二工业大学,2024,宁夏,本科批B段,理科,,,398,7933,
3144,上海海关学院,2024,宁夏,本科批B段,理科,,,443,11992,
3150,上海杉达学院,2024,宁夏,本科批B段,理科,,,386,18509,
3151,上海建桥学院,2024,宁夏,本科批B段,理科,,,384,22772,
3161,上海外国语大学贤达经济人文学院,2024,宁夏,本科批B段,理科,,,383,16846,
3162,上海师范大学天华学院,2024,宁夏,本科批B段,理科,,,387,23607,
3170,上海健康医学院,2024,宁夏,本科批B段,理科,,,467,7235,
3191,上海立达学院,2024,宁夏,本科批B段,理科,,,375,26031,
3194,上海中侨职业技术大学,2024,宁夏,本科批B段,理科,,,381,19573,
3201,南京大学,2024,宁夏,本科批B段,理科,,,635,104,
3202,东南大学,2024,宁夏,本科批B段,理科,,,607,285,
3210,苏州大学,2024,宁夏,本科批B段,理科,,,465,958,
3211,南京航空航天大学,2024,宁夏,本科批B段,理科,,,513,666,
3212,南京理工大学,2024,宁夏,本科批B段,理科,,,505,1126,
3213,中国矿业大学(徐州),2024,宁夏,本科批B段,理科,,,462,1726,
3214,河海大学,2024,宁夏,本科批B段,理科,,,489,1726,
3215,江南大学,2024,宁夏,本科批B段,理科,,,456,2097,
3216,南京农业大学,2024,宁夏,本科批B段,理科,,,442,3626,
3217,中国药科大学,2024,宁夏,本科批B段,理科,,,434,1185,
3220,江苏科技大学,2024,宁夏,本科批B段,理科,,,435,5525,
3221,南京工业大学,2024,宁夏,本科批B段,理科,,,459,5525,
3222,常州大学,2024,宁夏,本科批B段,理科,,,445,6750,
3223,南京邮电大学,2024,宁夏,本科批B段,理科,,,450,1838,
3224,南京林业大学,2024,宁夏,本科批B段,理科,,,437,5244,
3225,江苏大学,2024,宁夏,本科批B段,理科,,,462,3472,
3226,南京信息工程大学,2024,宁夏,本科批B段,理科,,,471,2751,
3227,南通大学,2024,宁夏,本科批B段,理科,,,432,13337,
3228,南京中医药大学,2024,宁夏,本科批B段,理科,,,496,3221,
3229,南京财经大学,2024,宁夏,本科批B段,理科,,,434,9236,
3232,陆军工程大学,2024,宁夏,本科批B段,理科,,,420,16610,
3233,苏州科技大学,2024,宁夏,本科批B段,理科,,,453,8304,
3239,扬州大学,2024,宁夏,本科批B段,理科,,,494,4966,
3240,盐城工学院,2024,宁夏,本科批B段,理科,,,402,18103,
3241,盐城师范学院,2024,宁夏,本科批B段,理科,,,406,19573,
3242,金陵科技学院,2024,宁夏,本科批B段,理科,,,411,11628,
3243,徐州工程学院,2024,宁夏,本科批B段,理科,,,412,17693,
3244,南京工程学院,2024,宁夏,本科批B段,理科,,,427,5336,
3245,南京审计大学,2024,宁夏,本科批B段,理科,,,494,2634,
3250,西交利物浦大学,2024,宁夏,本科批B段,理科,,,442,8687,
3264,无锡学院,2024,宁夏,本科批B段,理科,,,425,14482,
3266,南京邮电大学通达学院,2024,宁夏,本科批B段,理科,,,410,17693,
3267,南京审计大学金审学院,2024,宁夏,本科批B段,理科,,,416,15424,
3269,常州大学怀德学院,2024,宁夏,本科批B段,理科,,,402,19573,
3272,南京工业职业技术大学,2024,宁夏,本科批B段,理科,,,429,13689,
3277,南京特殊教育师范学院,2024,宁夏,本科批B段,理科,,,415,16413,
3301,浙江大学,2024,宁夏,本科批B段,理科,,,624,104,
3320,杭州电子科技大学,2024,宁夏,本科批B段,理科,,,482,2382,
3321,浙江工业大学,2024,宁夏,本科批B段,理科,,,495,5138,
3322,浙江农林大学,2024,宁夏,本科批B段,理科,,,445,7933,
3324,浙江工商大学,2024,宁夏,本科批B段,理科,,,446,5885,
3326,中国计量大学,2024,宁夏,本科批B段,理科,,,470,4806,
3328,浙江师范大学,2024,宁夏,本科批B段,理科,,,434,10282,
3329,浙江财经大学,2024,宁夏,本科批B段,理科,,,432,4475,
3331,宁波大学,2024,宁夏,本科批B段,理科,,,454,4724,
3333,杭州师范大学,2024,宁夏,本科批B段,理科,,,440,10121,
3340,嘉兴大学,2024,宁夏,本科批B段,理科,,,414,12830,
3341,温州大学,2024,宁夏,本科批B段,理科,,,448,7812,
3342,浙江传媒学院,2024,宁夏,本科批B段,理科,,,429,10913,
3343,浙江水利水电学院,2024,宁夏,本科批B段,理科,,,421,14690,
3360,宁波大学科学技术学院,2024,宁夏,本科批B段,理科,,,401,18935,
3361,衢州学院,2024,宁夏,本科批B段,理科,,,419,16199,
3401,中国科学技术大学,2024,宁夏,本科批B段,理科,,,620,104,
3410,合肥工业大学,2024,宁夏,本科批B段,理科,,,469,1807,
3411,合肥工业大学,2024,宁夏,本科批B段,理科,,,432,8439,
3420,安徽理工大学,2024,宁夏,本科批B段,理科,,,434,6101,
3421,安徽农业大学,2024,宁夏,本科批B段,理科,,,445,9388,
3422,淮北师范大学,2024,宁夏,本科批B段,理科,,,426,12278,
3423,安徽财经大学,2024,宁夏,本科批B段,理科,,,432,9236,
3424,安庆师范大学,2024,宁夏,本科批B段,理科,,,405,19783,
3427,安徽中医药大学,2024,宁夏,本科批B段,理科,,,436,11628,
3441,淮南师范学院,2024,宁夏,本科批B段,理科,,,411,17483,
3460,蚌埠工商学院,2024,宁夏,本科批B段,理科,,,397,20827,
3463,池州学院,2024,宁夏,本科批B段,理科,,,417,16199,
3471,亳州学院,2024,宁夏,本科批B段,理科,,,407,18103,
3501,厦门大学,2024,宁夏,本科批B段,理科,,,511,432,
3502,厦门大学,2024,宁夏,本科批B段,理科,,,544,1126,
3510,福州大学,2024,宁夏,本科批B段,理科,,,457,3472,
3520,华侨大学,2024,宁夏,本科批B段,理科,,,434,6416,
3521,福建农林大学,2024,宁夏,本科批B段,理科,,,432,11992,
3522,集美大学,2024,宁夏,本科批B段,理科,,,435,11446,
3523,福建医科大学,2024,宁夏,本科批B段,理科,,,432,5993,
3524,福建师范大学,2024,宁夏,本科批B段,理科,,,438,10448,
3526,福建技术师范学院,2024,宁夏,本科批B段,理科,,,409,17483,
3540,福建理工大学,2024,宁夏,本科批B段,理科,,,404,16199,
3541,闽江学院,2024,宁夏,本科批B段,理科,,,419,14690,
3542,厦门理工学院,2024,宁夏,本科批B段,理科,,,407,14690,
3543,三明学院,2024,宁夏,本科批B段,理科,,,396,19137,
3544,龙岩学院,2024,宁夏,本科批B段,理科,,,408,18103,
3546,福建商学院,2024,宁夏,本科批B段,理科,,,372,16846,
3547,福建江夏学院,2024,宁夏,本科批B段,理科,,,404,19137,
3548,武夷学院,2024,宁夏,本科批B段,理科,,,407,18298,
3560,厦门大学嘉庚学院,2024,宁夏,本科批B段,理科,,,408,17483,
3561,福州大学至诚学院,2024,宁夏,本科批B段,理科,,,384,19977,
3562,厦门工学院,2024,宁夏,本科批B段,理科,,,382,21492,
3563,福州外语外贸学院,2024,宁夏,本科批B段,理科,,,385,22342,
3610,南昌大学,2024,宁夏,本科批B段,理科,,,506,3555,
3620,华东交通大学,2024,宁夏,本科批B段,理科,,,469,4564,
3621,东华理工大学,2024,宁夏,本科批B段,理科,,,433,9388,
3622,江西理工大学,2024,宁夏,本科批B段,理科,,,433,7457,
3624,江西农业大学,2024,宁夏,本科批B段,理科,,,391,16610,
3625,江西中医药大学,2024,宁夏,本科批B段,理科,,,448,7346,
3626,江西师范大学,2024,宁夏,本科批B段,理科,,,442,6986,
3627,江西财经大学,2024,宁夏,本科批B段,理科,,,443,4475,
3628,江西科技师范大学,2024,宁夏,本科批B段,理科,,,410,9236,
3630,赣南医科大学,2024,宁夏,本科批B段,理科,,,410,5046,
3640,上饶师范学院,2024,宁夏,本科批B段,理科,,,413,15604,
3642,井冈山大学,2024,宁夏,本科批B段,理科,,,415,15424,
3643,江西水利电力大学,2024,宁夏,本科批B段,理科,,,413,16846,
3644,新余学院,2024,宁夏,本科批B段,理科,,,416,15793,
3645,九江学院,2024,宁夏,本科批B段,理科,,,410,17270,
3649,南昌师范学院,2024,宁夏,本科批B段,理科,,,415,17693,
3651,南昌理工学院,2024,宁夏,本科批B段,理科,,,397,19137,
3652,江西科技学院,2024,宁夏,本科批B段,理科,,,406,19573,
3653,南昌工学院,2024,宁夏,本科批B段,理科,,,396,20625,
3655,江西工程学院,2024,宁夏,本科批B段,理科,,,397,21492,
3660,南昌交通学院,2024,宁夏,本科批B段,理科,,,402,19977,
3661,赣东学院,2024,宁夏,本科批B段,理科,,,410,18103,
3662,南昌航空大学科技学院,2024,宁夏,本科批B段,理科,,,395,21922,
3663,赣南科技学院,2024,宁夏,本科批B段,理科,,,411,17483,
3664,南昌医学院,2024,宁夏,本科批B段,理科,,,448,9834,
3665,江西师范大学科学技术学院,2024,宁夏,本科批B段,理科,,,403,18935,
3667,江西财经大学现代经济管理学院,2024,宁夏,本科批B段,理科,,,400,20186,
3671,萍乡学院,2024,宁夏,本科批B段,理科,,,401,20625,
3701,山东大学,2024,宁夏,本科批B段,理科,,,488,552,
3702,山东大学威海分校,2024,宁夏,本科批B段,理科,,,464,1979,
3703,中国海洋大学,2024,宁夏,本科批B段,理科,,,472,1563,
3704,哈尔滨工业大学(威海),2024,宁夏,本科批B段,理科,,,593,519,
3710,中国石油大学(华东),2024,宁夏,本科批B段,理科,,,451,2051,
3711,中国石油大学(华东),2024,宁夏,本科批B段,理科,,,523,3221,
3720,山东科技大学,2024,宁夏,本科批B段,理科,,,432,4145,
3721,青岛科技大学,2024,宁夏,本科批B段,理科,,,434,7574,
3722,济南大学,2024,宁夏,本科批B段,理科,,,448,7574,
3723,青岛理工大学,2024,宁夏,本科批B段,理科,,,430,10282,
3724,山东建筑大学,2024,宁夏,本科批B段,理科,,,420,14482,
3725,山东理工大学,2024,宁夏,本科批B段,理科,,,432,8439,
3726,山东农业大学,2024,宁夏,本科批B段,理科,,,401,17058,
3727,青岛农业大学,2024,宁夏,本科批B段,理科,,,419,13337,
3728,山东第二医科大学,2024,宁夏,本科批B段,理科,,,415,10121,
3730,鲁东大学,2024,宁夏,本科批B段,理科,,,414,16199,
3731,山东财经大学,2024,宁夏,本科批B段,理科,,,432,4879,
3734,青岛大学,2024,宁夏,本科批B段,理科,,,454,5525,
3735,烟台大学,2024,宁夏,本科批B段,理科,,,425,13337,
3737,滨州医学院,2024,宁夏,本科批B段,理科,,,433,10448,
3738,山东师范大学,2024,宁夏,本科批B段,理科,,,437,5993,
3740,德州学院,2024,宁夏,本科批B段,理科,,,415,17693,
3741,菏泽学院,2024,宁夏,本科批B段,理科,,,402,19365,
3742,潍坊学院,2024,宁夏,本科批B段,理科,,,415,15998,
3743,山东交通学院,2024,宁夏,本科批B段,理科,,,413,13689,
3744,山东工商学院,2024,宁夏,本科批B段,理科,,,410,12830,
3745,济宁医学院,2024,宁夏,本科批B段,理科,,,418,12659,
3748,山东航空学院,2024,宁夏,本科批B段,理科,,,417,17058,
3750,齐鲁医药学院,2024,宁夏,本科批B段,理科,,,397,18711,
3751,山东现代学院,2024,宁夏,本科批B段,理科,,,390,22342,
3752,烟台南山学院,2024,宁夏,本科批B段,理科,,,397,20625,
3753,青岛工学院,2024,宁夏,本科批B段,理科,,,394,20625,
3754,青岛黄海学院,2024,宁夏,本科批B段,理科,,,387,18935,
3756,山东协和学院,2024,宁夏,本科批B段,理科,,,393,17693,
3757,山东英才学院,2024,宁夏,本科批B段,理科,,,383,24080,
3758,青岛恒星科技学院,2024,宁夏,本科批B段,理科,,,379,24947,
3760,烟台理工学院,2024,宁夏,本科批B段,理科,,,403,19977,
3761,青岛城市学院,2024,宁夏,本科批B段,理科,,,388,21026,
3762,泰山科技学院,2024,宁夏,本科批B段,理科,,,381,20405,
3765,聊城大学东昌学院,2024,宁夏,本科批B段,理科,,,405,19783,
3766,齐鲁理工学院,2024,宁夏,本科批B段,理科,,,394,16610,
3800,东南大学,2024,宁夏,本科批B段,理科,,,515,720,
3851,淮阴工学院,2024,宁夏,本科批B段,理科,,,378,18711,
3901,山东第一医科大学,2024,宁夏,本科批B段,理科,,,416,4724,
3902,北京交通大学,2024,宁夏,本科批B段,理科,,,531,2751,
4103,河南工业大学,2024,宁夏,本科批B段,理科,,,413,15998,
4110,郑州大学,2024,宁夏,本科批B段,理科,,,509,2979,
4119,河南师范大学,2024,宁夏,本科批B段,理科,,,442,12470,
4120,华北水利水电大学,2024,宁夏,本科批B段,理科,,,442,8177,
4121,河南理工大学,2024,宁夏,本科批B段,理科,,,430,10913,
4122,郑州轻工业大学,2024,宁夏,本科批B段,理科,,,434,9681,
4123,河南工业大学,2024,宁夏,本科批B段,理科,,,424,9101,
4124,河南科技大学,2024,宁夏,本科批B段,理科,,,416,13337,
4125,中原工学院,2024,宁夏,本科批B段,理科,,,376,19137,
4126,河南中医药大学,2024,宁夏,本科批B段,理科,,,415,15065,
4127,河南医药大学,2024,宁夏,本科批B段,理科,,,458,8304,
4128,河南大学,2024,宁夏,本科批B段,理科,,,447,6986,
4129,信阳师范大学,2024,宁夏,本科批B段,理科,,,401,20625,
4130,河南财经政法大学,2024,宁夏,本科批B段,理科,,,433,11823,
4131,洛阳师范学院,2024,宁夏,本科批B段,理科,,,412,18103,
4133,河南工程学院,2024,宁夏,本科批B段,理科,,,416,16413,
4135,河南农业大学,2024,宁夏,本科批B段,理科,,,428,14482,
4136,郑州航空工业管理学院,2024,宁夏,本科批B段,理科,,,417,16413,
4137,平顶山学院,2024,宁夏,本科批B段,理科,,,417,16610,
4138,河南科技学院,2024,宁夏,本科批B段,理科,,,407,18509,
4140,周口师范学院,2024,宁夏,本科批B段,理科,,,414,17483,
4141,许昌学院,2024,宁夏,本科批B段,理科,,,421,12985,
4142,南阳师范学院,2024,宁夏,本科批B段,理科,,,414,14269,
4144,黄淮学院,2024,宁夏,本科批B段,理科,,,410,18103,
4145,洛阳理工学院,2024,宁夏,本科批B段,理科,,,425,15065,
4146,安阳工学院,2024,宁夏,本科批B段,理科,,,411,18298,
4147,南阳理工学院,2024,宁夏,本科批B段,理科,,,409,14886,
4148,河南城建学院,2024,宁夏,本科批B段,理科,,,406,18711,
4149,郑州师范学院,2024,宁夏,本科批B段,理科,,,417,17270,
4150,黄河科技学院,2024,宁夏,本科批B段,理科,,,386,20405,
4151,郑州工业应用技术学院,2024,宁夏,本科批B段,理科,,,391,21279,
4157,郑州西亚斯学院,2024,宁夏,本科批B段,理科,,,392,21492,
4160,河南开封科技传媒学院,2024,宁夏,本科批B段,理科,,,382,21705,
4172,郑州工程技术学院,2024,宁夏,本科批B段,理科,,,377,23423,
4175,河南财政金融学院,2024,宁夏,本科批B段,理科,,,408,16846,
4195,河南工学院,2024,宁夏,本科批B段,理科,,,408,18103,
4200,武汉大学,2024,宁夏,本科批B段,理科,,,507,986,
4201,武汉大学,2024,宁夏,本科批B段,理科,,,511,185,
4202,华中科技大学,2024,宁夏,本科批B段,理科,,,498,158,
4203,华中农业大学,2024,宁夏,本科批B段,理科,,,434,4475,
4209,华中科技大学,2024,宁夏,本科批B段,理科,,,567,771,
4210,中国地质大学(武汉),2024,宁夏,本科批B段,理科,,,444,2869,
4211,武汉理工大学,2024,宁夏,本科批B段,理科,,,438,1185,
4212,华中师范大学,2024,宁夏,本科批B段,理科,,,447,2979,
4213,中南财经政法大学,2024,宁夏,本科批B段,理科,,,459,2138,
4220,武汉科技大学,2024,宁夏,本科批B段,理科,,,512,3775,
4221,长江大学,2024,宁夏,本科批B段,理科,,,443,8067,
4222,武汉工程大学,2024,宁夏,本科批B段,理科,,,494,4966,
4223,武汉轻工大学,2024,宁夏,本科批B段,理科,,,442,10598,
4224,湖北工业大学,2024,宁夏,本科批B段,理科,,,433,11095,
4225,湖北大学,2024,宁夏,本科批B段,理科,,,471,5525,
4227,中南民族大学,2024,宁夏,本科批B段,理科,,,432,7703,
4228,三峡大学,2024,宁夏,本科批B段,理科,,,429,3106,
4232,湖北中医药大学,2024,宁夏,本科批B段,理科,,,417,14069,
4240,湖北文理学院,2024,宁夏,本科批B段,理科,,,408,18509,
4241,湖北理工学院,2024,宁夏,本科批B段,理科,,,414,17483,
4242,湖北医药学院,2024,宁夏,本科批B段,理科,,,455,9834,
4243,湖北经济学院,2024,宁夏,本科批B段,理科,,,416,15424,
4246,荆楚理工学院,2024,宁夏,本科批B段,理科,,,417,17270,
4247,黄冈师范学院,2024,宁夏,本科批B段,理科,,,416,15424,
4250,武汉生物工程学院,2024,宁夏,本科批B段,理科,,,392,19365,
4251,武昌理工学院,2024,宁夏,本科批B段,理科,,,397,20827,
4252,武昌工学院,2024,宁夏,本科批B段,理科,,,388,23200,
4254,武汉工程大学邮电与信息工程学院,2024,宁夏,本科批B段,理科,,,399,20827,
4257,湖北汽车工业学院,2024,宁夏,本科批B段,理科,,,425,15604,
4261,武汉城市学院,2024,宁夏,本科批B段,理科,,,401,20405,
4262,三峡大学科技学院,2024,宁夏,本科批B段,理科,,,409,18298,
4263,湖北医药学院药护学院,2024,宁夏,本科批B段,理科,,,401,19573,
4264,长江大学文理学院,2024,宁夏,本科批B段,理科,,,406,19573,
4266,湖北文理学院理工学院,2024,宁夏,本科批B段,理科,,,385,21705,
4267,文华学院,2024,宁夏,本科批B段,理科,,,404,19365,
4269,武汉华夏理工学院,2024,宁夏,本科批B段,理科,,,391,20625,
4301,中南大学,2024,宁夏,本科批B段,理科,,,489,147,
4302,湖南大学,2024,宁夏,本科批B段,理科,,,475,1126,
4310,湖南师范大学,2024,宁夏,本科批B段,理科,,,495,4724,
4320,湘潭大学,2024,宁夏,本科批B段,理科,,,482,4318,
4321,吉首大学,2024,宁夏,本科批B段,理科,,,406,19573,
4322,长沙理工大学,2024,宁夏,本科批B段,理科,,,433,2751,
4323,湖南农业大学,2024,宁夏,本科批B段,理科,,,434,8439,
4324,中南林业科技大学,2024,宁夏,本科批B段,理科,,,434,9101,
4325,湖南中医药大学,2024,宁夏,本科批B段,理科,,,442,3349,
4326,南华大学,2024,宁夏,本科批B段,理科,,,451,5244,
4327,湖南工业大学,2024,宁夏,本科批B段,理科,,,427,8439,
4328,湖南科技大学,2024,宁夏,本科批B段,理科,,,437,6218,
4340,湖南理工学院,2024,宁夏,本科批B段,理科,,,418,17058,
4341,湖南财政经济学院,2024,宁夏,本科批B段,理科,,,423,13689,
4342,衡阳师范学院,2024,宁夏,本科批B段,理科,,,401,17483,
4343,邵阳学院,2024,宁夏,本科批B段,理科,,,411,17483,
4344,湖南文理学院,2024,宁夏,本科批B段,理科,,,409,17483,
4345,湖南人文科技学院,2024,宁夏,本科批B段,理科,,,414,17058,
4346,湖南工商大学,2024,宁夏,本科批B段,理科,,,432,7457,
4347,湖南城市学院,2024,宁夏,本科批B段,理科,,,410,17483,
4348,湖南工学院,2024,宁夏,本科批B段,理科,,,403,14886,
4349,湖南医药学院,2024,宁夏,本科批B段,理科,,,424,14269,
4350,长沙医学院,2024,宁夏,本科批B段,理科,,,400,17904,
4351,湖南涉外经济学院,2024,宁夏,本科批B段,理科,,,386,21492,
4360,南华大学船山学院,2024,宁夏,本科批B段,理科,,,408,19137,
4361,岳阳学院,2024,宁夏,本科批B段,理科,,,394,22151,
4362,长沙理工大学城南学院,2024,宁夏,本科批B段,理科,,,405,18935,
4401,中山大学,2024,宁夏,本科批B段,理科,,,519,720,
4402,华南理工大学,2024,宁夏,本科批B段,理科,,,432,572,
4403,中山大学,2024,宁夏,本科批B段,理科,,,557,1304,
4406,广东医科大学,2024,宁夏,本科批B段,理科,,,488,3221,
4407,华南理工大学,2024,宁夏,本科批B段,理科,,,398,14690,
4410,暨南大学,2024,宁夏,本科批B段,理科,,,459,2097,
4411,哈尔滨工业大学(深圳),2024,宁夏,本科批B段,理科,,,578,194,
4420,广州中医药大学,2024,宁夏,本科批B段,理科,,,480,4879,
4425,广州大学,2024,宁夏,本科批B段,理科,,,438,5606,
4426,广东工业大学,2024,宁夏,本科批B段,理科,,,482,4076,
4427,南方医科大学,2024,宁夏,本科批B段,理科,,,519,1417,
4428,华南师范大学,2024,宁夏,本科批B段,理科,,,448,2583,
4429,深圳大学,2024,宁夏,本科批B段,理科,,,532,1838,
4431,深圳技术大学,2024,宁夏,本科批B段,理科,,,498,4626,
4442,广东金融学院,2024,宁夏,本科批B段,理科,,,418,12830,
4445,广东技术师范大学,2024,宁夏,本科批B段,理科,,,415,17693,
4446,广州城市理工学院,2024,宁夏,本科批B段,理科,,,382,22151,
4447,广州新华学院,2024,宁夏,本科批B段,理科,,,389,19783,
4451,广州商学院,2024,宁夏,本科批B段,理科,,,372,22772,
4452,岭南师范学院,2024,宁夏,本科批B段,理科,,,379,22151,
4453,广州航海学院,2024,宁夏,本科批B段,理科,,,422,16199,
4454,仲恺农业工程学院,2024,宁夏,本科批B段,理科,,,414,16846,
4463,珠海科技学院,2024,宁夏,本科批B段,理科,,,397,20827,
4510,广西大学,2024,宁夏,本科批B段,理科,,,482,6101,
4520,广西科技大学,2024,宁夏,本科批B段,理科,,,416,16199,
4522,广西民族大学,2024,宁夏,本科批B段,理科,,,419,14269,
4525,桂林理工大学,2024,宁夏,本科批B段,理科,,,414,15998,
4541,北部湾大学,2024,宁夏,本科批B段,理科,,,414,16846,
4543,北部湾大学,2024,宁夏,本科批B段,理科,,,392,22559,
4551,柳州工学院,2024,宁夏,本科批B段,理科,,,393,22342,
4570,桂林旅游学院,2024,宁夏,本科批B段,理科,,,397,19365,
4594,广西城市职业大学,2024,宁夏,本科批B段,理科,,,372,24722,
4610,海南大学,2024,宁夏,本科批B段,理科,,,450,10754,
4621,海南师范大学,2024,宁夏,本科批B段,理科,,,454,9236,
4640,海南医科大学,2024,宁夏,本科批B段,理科,,,414,5046,
4641,海南热带海洋学院,2024,宁夏,本科批B段,理科,,,411,18509,
4650,三亚学院,2024,宁夏,本科批B段,理科,,,373,23423,
4651,海口经济学院,2024,宁夏,本科批B段,理科,,,376,24722,
4672,琼台师范学院,2024,宁夏,本科批B段,理科,,,371,16846,
4694,海南科技职业大学,2024,宁夏,本科批B段,理科,,,389,23200,
5001,重庆大学,2024,宁夏,本科批B段,理科,,,443,621,
5010,西南大学,2024,宁夏,本科批B段,理科,,,446,3056,
5011,西南大学,2024,宁夏,本科批B段,理科,,,474,6750,
5020,重庆邮电大学,2024,宁夏,本科批B段,理科,,,505,3472,
5021,重庆交通大学,2024,宁夏,本科批B段,理科,,,438,6535,
5022,重庆医科大学,2024,宁夏,本科批B段,理科,,,492,1216,
5023,重庆师范大学,2024,宁夏,本科批B段,理科,,,477,6535,
5024,西南政法大学,2024,宁夏,本科批B段,理科,,,474,2051,
5026,重庆理工大学,2024,宁夏,本科批B段,理科,,,478,5424,
5027,重庆工商大学,2024,宁夏,本科批B段,理科,,,427,6986,
5040,重庆文理学院,2024,宁夏,本科批B段,理科,,,419,16199,
5041,重庆三峡学院,2024,宁夏,本科批B段,理科,,,392,17270,
5042,长江师范学院,2024,宁夏,本科批B段,理科,,,409,18298,
5043,重庆科技大学,2024,宁夏,本科批B段,理科,,,430,12659,
5051,重庆工程学院,2024,宁夏,本科批B段,理科,,,402,19977,
5060,重庆城市科技学院,2024,宁夏,本科批B段,理科,,,397,21026,
5061,重庆人文科技学院,2024,宁夏,本科批B段,理科,,,402,19977,
5062,重庆外语外事学院,2024,宁夏,本科批B段,理科,,,386,21492,
5063,重庆对外经贸学院,2024,宁夏,本科批B段,理科,,,391,21492,
5064,重庆工商大学派斯学院,2024,宁夏,本科批B段,理科,,,398,19137,
5065,重庆移通学院,2024,宁夏,本科批B段,理科,,,402,19573,
5066,重庆财经学院,2024,宁夏,本科批B段,理科,,,404,18935,
5067,重庆中医药学院,2024,宁夏,本科批B段,理科,,,442,12470,
5097,重庆机电职业技术大学,2024,宁夏,本科批B段,理科,,,398,21279,
5101,四川大学,2024,宁夏,本科批B段,理科,,,519,666,
5102,电子科技大学,2024,宁夏,本科批B段,理科,,,583,394,
5104,四川大学,2024,宁夏,本科批B段,理科,,,519,3472,
5110,西南交通大学,2024,宁夏,本科批B段,理科,,,463,1380,
5111,四川农业大学,2024,宁夏,本科批B段,理科,,,471,4145,
5112,西南财经大学,2024,宁夏,本科批B段,理科,,,497,1216,
5120,西南石油大学,2024,宁夏,本科批B段,理科,,,473,4564,
5121,成都理工大学,2024,宁夏,本科批B段,理科,,,466,4237,
5122,西南科技大学,2024,宁夏,本科批B段,理科,,,422,15793,
5123,成都信息工程大学,2024,宁夏,本科批B段,理科,,,500,4013,
5124,中国民用航空飞行学院,2024,宁夏,本科批B段,理科,,,433,7235,
5125,成都中医药大学,2024,宁夏,本科批B段,理科,,,442,10282,
5126,川北医学院,2024,宁夏,本科批B段,理科,,,431,14482,
5129,西南民族大学,2024,宁夏,本科批B段,理科,,,414,6101,
5132,西南医科大学,2024,宁夏,本科批B段,理科,,,419,4806,
5133,四川师范大学,2024,宁夏,本科批B段,理科,,,432,7457,
5134,四川轻化工大学,2024,宁夏,本科批B段,理科,,,412,12659,
5136,成都医学院,2024,宁夏,本科批B段,理科,,,421,15234,
5140,绵阳师范学院,2024,宁夏,本科批B段,理科,,,415,16199,
5141,内江师范学院,2024,宁夏,本科批B段,理科,,,421,15424,
5142,宜宾学院,2024,宁夏,本科批B段,理科,,,417,16846,
5143,四川文理学院,2024,宁夏,本科批B段,理科,,,411,17904,
5144,乐山师范学院,2024,宁夏,本科批B段,理科,,,416,16610,
5146,成都工业学院,2024,宁夏,本科批B段,理科,,,429,12278,
5147,攀枝花学院,2024,宁夏,本科批B段,理科,,,410,18711,
5149,成都大学,2024,宁夏,本科批B段,理科,,,442,10448,
5150,成都东软学院,2024,宁夏,本科批B段,理科,,,392,19573,
5153,吉利学院,2024,宁夏,本科批B段,理科,,,391,20186,
5160,电子科技大学成都学院,2024,宁夏,本科批B段,理科,,,409,18298,
5161,成都理工大学工程技术学院,2024,宁夏,本科批B段,理科,,,405,19365,
5162,四川传媒学院,2024,宁夏,本科批B段,理科,,,395,21026,
5163,成都银杏酒店管理学院,2024,宁夏,本科批B段,理科,,,381,22976,
5164,四川工商学院,2024,宁夏,本科批B段,理科,,,397,21279,
5165,成都外国语学院,2024,宁夏,本科批B段,理科,,,381,19977,
5167,西南财经大学天府学院,2024,宁夏,本科批B段,理科,,,398,19783,
5168,四川文化艺术学院,2024,宁夏,本科批B段,理科,,,374,25172,
5169,绵阳城市学院,2024,宁夏,本科批B段,理科,,,392,22559,
5188,四川工业科技学院,2024,宁夏,本科批B段,理科,,,392,22151,
5211,贵州大学,2024,宁夏,本科批B段,理科,,,444,5138,
5220,贵州医科大学,2024,宁夏,本科批B段,理科,,,418,7346,
5222,贵州财经大学,2024,宁夏,本科批B段,理科,,,411,16846,
5243,贵州理工学院,2024,宁夏,本科批B段,理科,,,413,17483,
5311,云南大学,2024,宁夏,本科批B段,理科,,,504,3165,
5320,昆明理工大学,2024,宁夏,本科批B段,理科,,,459,5606,
5321,西南林业大学,2024,宁夏,本科批B段,理科,,,413,14690,
5322,昆明医科大学,2024,宁夏,本科批B段,理科,,,450,2751,
5323,大理大学,2024,宁夏,本科批B段,理科,,,432,12141,
5324,云南财经大学,2024,宁夏,本科批B段,理科,,,437,11992,
5325,云南农业大学,2024,宁夏,本科批B段,理科,,,414,14886,
5327,云南民族大学,2024,宁夏,本科批B段,理科,,,424,15793,
5340,曲靖师范学院,2024,宁夏,本科批B段,理科,,,426,15424,
5360,丽江文化旅游学院,2024,宁夏,本科批B段,理科,,,379,23200,
5361,昆明医科大学海源学院,2024,宁夏,本科批B段,理科,,,394,16610,
5362,昆明文理学院,2024,宁夏,本科批B段,理科,,,389,22151,
5363,昆明理工大学津桥学院,2024,宁夏,本科批B段,理科,,,382,19365,
5364,云南经济管理学院,2024,宁夏,本科批B段,理科,,,375,19365,
5365,云南工商学院,2024,宁夏,本科批B段,理科,,,381,24947,
6000,西安交通大学,2024,宁夏,本科批B段,理科,,,505,666,
6101,西安交通大学,2024,宁夏,本科批B段,理科,,,544,147,
6102,西北工业大学,2024,宁夏,本科批B段,理科,,,507,243,
6103,西北农林科技大学,2024,宁夏,本科批B段,理科,,,475,1611,
6110,西北大学,2024,宁夏,本科批B段,理科,,,514,2930,
6111,西安电子科技大学,2024,宁夏,本科批B段,理科,,,530,771,
6112,长安大学,2024,宁夏,本科批B段,理科,,,487,2285,
6113,陕西师范大学,2024,宁夏,本科批B段,理科,,,482,6218,
6120,西安理工大学,2024,宁夏,本科批B段,理科,,,496,3775,
6121,西安工业大学,2024,宁夏,本科批B段,理科,,,473,5336,
6122,西安建筑科技大学,2024,宁夏,本科批B段,理科,,,443,8304,
6123,西安科技大学,2024,宁夏,本科批B段,理科,,,447,4076,
6124,西安石油大学,2024,宁夏,本科批B段,理科,,,468,5885,
6125,陕西科技大学,2024,宁夏,本科批B段,理科,,,461,5800,
6126,西安工程大学,2024,宁夏,本科批B段,理科,,,433,7812,
6127,陕西中医药大学,2024,宁夏,本科批B段,理科,,,479,5700,
6128,延安大学,2024,宁夏,本科批B段,理科,,,418,15998,
6129,陕西理工大学,2024,宁夏,本科批B段,理科,,,414,13883,
6130,西安外国语大学,2024,宁夏,本科批B段,理科,,,431,6646,
6131,西北政法大学,2024,宁夏,本科批B段,理科,,,500,1979,
6135,西安财经大学,2024,宁夏,本科批B段,理科,,,442,6535,
6136,西安邮电大学,2024,宁夏,本科批B段,理科,,,371,3106,
6139,西安航空学院,2024,宁夏,本科批B段,理科,,,419,15793,
6141,咸阳师范学院,2024,宁夏,本科批B段,理科,,,425,14886,
6142,渭南师范学院,2024,宁夏,本科批B段,理科,,,406,19573,
6143,西安文理学院,2024,宁夏,本科批B段,理科,,,423,14690,
6144,榆林学院,2024,宁夏,本科批B段,理科,,,416,16610,
6145,商洛学院,2024,宁夏,本科批B段,理科,,,416,17058,
6146,安康学院,2024,宁夏,本科批B段,理科,,,413,17693,
6148,西安医学院,2024,宁夏,本科批B段,理科,,,428,6101,
6150,西安欧亚学院,2024,宁夏,本科批B段,理科,,,389,22772,
6151,西安外事学院,2024,宁夏,本科批B段,理科,,,400,20625,
6152,西安翻译学院,2024,宁夏,本科批B段,理科,,,386,23200,
6153,西京学院,2024,宁夏,本科批B段,理科,,,399,19783,
6154,西安思源学院,2024,宁夏,本科批B段,理科,,,394,19137,
6155,陕西国际商贸学院,2024,宁夏,本科批B段,理科,,,392,22151,
6156,西安明德理工学院,2024,宁夏,本科批B段,理科,,,396,20827,
6157,陕西服装工程学院,2024,宁夏,本科批B段,理科,,,389,22151,
6158,西安交通工程学院,2024,宁夏,本科批B段,理科,,,399,18711,
6159,陕西科技大学镐京学院,2024,宁夏,本科批B段,理科,,,392,21922,
6160,西安交通大学城市学院,2024,宁夏,本科批B段,理科,,,407,18509,
6162,西安建筑科技大学华清学院,2024,宁夏,本科批B段,理科,,,388,20186,
6164,西安工商学院,2024,宁夏,本科批B段,理科,,,391,21279,
6165,延安大学西安创新学院,2024,宁夏,本科批B段,理科,,,393,21922,
6166,西安理工大学高科学院,2024,宁夏,本科批B段,理科,,,404,19365,
6167,西安科技大学高新学院,2024,宁夏,本科批B段,理科,,,392,20186,
6196,西安汽车职业大学,2024,宁夏,本科批B段,理科,,,383,19365,
6197,西安信息职业大学,2024,宁夏,本科批B段,理科,,,393,18298,
6201,兰州大学,2024,宁夏,本科批B段,理科,,,526,1611,
6202,兰州大学,2024,宁夏,本科批B段,理科,,,507,4076,
6220,兰州理工大学,2024,宁夏,本科批B段,理科,,,446,5525,
6221,兰州交通大学,2024,宁夏,本科批B段,理科,,,473,3056,
6222,甘肃农业大学,2024,宁夏,本科批B段,理科,,,415,17483,
6223,西北师范大学,2024,宁夏,本科批B段,理科,,,446,4806,
6224,兰州财经大学,2024,宁夏,本科批B段,理科,,,424,14482,
6225,西北民族大学,2024,宁夏,本科批B段,理科,,,412,7107,
6226,甘肃政法大学,2024,宁夏,本科批B段,理科,,,459,5525,
6227,甘肃中医药大学,2024,宁夏,本科批B段,理科,,,417,6646,
6230,甘肃医学院,2024,宁夏,本科批B段,理科,,,428,14690,
6233,西北师范大学,2024,宁夏,本科批B段,理科,,,435,10754,
6240,陇东学院,2024,宁夏,本科批B段,理科,,,418,16610,
6241,兰州城市学院,2024,宁夏,本科批B段,理科,,,408,17483,
6242,甘肃民族师范学院,2024,宁夏,本科批B段,理科,,,419,16610,
6243,天水师范大学,2024,宁夏,本科批B段,理科,,,421,16199,
6245,河西学院,2024,宁夏,本科批B段,理科,,,416,16846,
6250,兰州石化职业技术大学,2024,宁夏,本科批B段,理科,,,418,15065,
6251,兰州资源环境职业技术大学,2024,宁夏,本科批B段,理科,,,413,16199,
6261,兰州工商学院,2024,宁夏,本科批B段,理科,,,392,20625,
6263,兰州博文科技学院,2024,宁夏,本科批B段,理科,,,397,20405,
6264,兰州信息科技学院,2024,宁夏,本科批B段,理科,,,391,20827,
6271,兰州文理学院,2024,宁夏,本科批B段,理科,,,425,15604,
6278,陇南师范学院,2024,宁夏,本科批B段,理科,,,418,16610,
6311,青海大学,2024,宁夏,本科批B段,理科,,,429,6312,
6321,青海民族大学,2024,宁夏,本科批B段,理科,,,417,16610,
6322,青海师范大学,2024,宁夏,本科批B段,理科,,,419,13513,
6411,宁夏大学,2024,宁夏,本科批B段,理科,,,428,3555,
6412,宁夏大学,2024,宁夏,本科批B段,理科,,,432,13162,
6413,宁夏大学,2024,宁夏,本科批B段,理科,,,425,13883,
6417,宁夏大学,2024,宁夏,本科批B段,理科,,,432,14069,
6421,宁夏医科大学,2024,宁夏,本科批B段,理科,,,427,1924,
6422,北方民族大学,2024,宁夏,本科批B段,理科,,,430,8177,
6426,北方民族大学,2024,宁夏,本科批B段,理科,,,457,9966,
6440,宁夏师范大学,2024,宁夏,本科批B段,理科,,,407,9388,
6450,宁夏理工学院,2024,宁夏,本科批B段,理科,,,384,18935,
6451,银川能源学院,2024,宁夏,本科批B段,理科,,,362,24514,
6460,宁夏大学新华学院,2024,宁夏,本科批B段,理科,,,386,20186,
6461,银川科技学院,2024,宁夏,本科批B段,理科,,,371,22976,
6510,新疆大学,2024,宁夏,本科批B段,理科,,,436,4013,
6511,石河子大学,2024,宁夏,本科批B段,理科,,,441,8687,
6513,中国石油大学(北京)克拉玛依校区,2024,宁夏,本科批B段,理科,,,454,5700,
6520,塔里木大学,2024,宁夏,本科批B段,理科,,,410,17058,
6521,新疆农业大学,2024,宁夏,本科批B段,理科,,,411,18509,
6522,新疆财经大学,2024,宁夏,本科批B段,理科,,,415,15998,
6523,新疆师范大学,2024,宁夏,本科批B段,理科,,,409,13689,
6524,喀什大学,2024,宁夏,本科批B段,理科,,,411,17058,
6531,新疆第二医学院,2024,宁夏,本科批B段,理科,,,416,14690,
6532,新疆科技学院,2024,宁夏,本科批B段,理科,,,412,17483,
6540,新疆艺术学院,2024,宁夏,本科批B段,理科,,,404,19977,
6541,新疆工程学院,2024,宁夏,本科批B段,理科,,,413,16199,
6542,伊犁师范大学,2024,宁夏,本科批B段,理科,,,410,17693,
6551,昌吉学院,2024,宁夏,本科批B段,理科,,,409,17904,
6561,新疆政法学院,2024,宁夏,本科批B段,理科,,,410,17693,
6562,新疆理工学院,2024,宁夏,本科批B段,理科,,,409,17270,
6570,新疆和田学院,2024,宁夏,本科批B段,理科,,,408,18711,
1002,清华大学,2024,宁夏,本科提前批A段,理科,,,648,104,
1022,中国消防救援学院,2024,宁夏,本科提前批A段,理科,,,508,3293,
1140,国际关系学院,2024,宁夏,本科提前批A段,理科,,,537,2437,
1148,北京电子科技学院,2024,宁夏,本科提前批A段,理科,,,548,1924,
2111,大连海事大学,2024,宁夏,本科提前批A段,理科,,,455,8960,
2248,空军航空大学,2024,宁夏,本科提前批A段,理科,,,457,9966,
3232,陆军工程大学,2024,宁夏,本科提前批A段,理科,,,471,8067,
3332,武警海警学院,2024,宁夏,本科提前批A段,理科,,,457,9966,
4159,网络空间部队信息工程大学,2024,宁夏,本科提前批A段,理科,,,422,2226,
4213,中南财经政法大学,2024,宁夏,本科提前批A段,理科,,,477,7346,
4303,国防科技大学,2024,宁夏,本科提前批A段,理科,,,553,1726,
4311,国防科技大学,2024,宁夏,本科提前批A段,理科,,,553,1726,
4526,陆军特种作战学院,2024,宁夏,本科提前批A段,理科,,,468,8439,
5030,陆军勤务学院,2024,宁夏,本科提前批A段,理科,,,465,7933,
6047,武警工程大学,2024,宁夏,本科提前批A段,理科,,,539,2332,
6119,火箭军工程大学,2024,宁夏,本科提前批A段,理科,,,502,4806,
6131,西北政法大学,2024,宁夏,本科提前批A段,理科,,,453,8960,
6147,武警工程大学,2024,宁夏,本科提前批A段,理科,,,475,7574,
6149,空军工程大学,2024,宁夏,本科提前批A段,理科,,,519,3472,
6421,宁夏医科大学,2024,宁夏,本科提前批A段,理科,,,506,3626,
8102,香港中文大学,2024,宁夏,本科提前批A段,理科,,,613,285,
8106,香港城市大学,2024,宁夏,本科提前批A段,理科,,,509,4237,
1007,北京师范大学,2024,宁夏,本科提前批B段,理科,,,599,470,
1125,中国人民公安大学,2024,宁夏,本科提前批B段,理科,,,476,771,
1141,武警特种警察学院,2024,宁夏,本科提前批B段,理科,,,423,15998,
1327,中国人民警察大学,2024,宁夏,本科提前批B段,理科,,,511,4076,
1345,中央司法警官学院,2024,宁夏,本科提前批B段,理科,,,457,6986,
2145,中国刑事警察学院,2024,宁夏,本科提前批B段,理科,,,477,1807,
2211,东北师范大学,2024,宁夏,本科提前批B段,理科,,,551,743,
2212,东北师范大学,2024,宁夏,本科提前批B段,理科,,,524,3165,
3103,华东师范大学,2024,宁夏,本科提前批B段,理科,,,599,272,
3108,华东师范大学,2024,宁夏,本科提前批B段,理科,,,511,2869,
3112,上海外国语大学,2024,宁夏,本科提前批B段,理科,,,504,4145,
3247,南京警察学院,2024,宁夏,本科提前批B段,理科,,,504,2489,
3385,浙江警察学院,2024,宁夏,本科提前批B段,理科,,,486,6312,
4179,郑州警察学院,2024,宁夏,本科提前批B段,理科,,,482,6750,
4212,华中师范大学,2024,宁夏,本科提前批B段,理科,,,573,587,
4234,华中师范大学,2024,宁夏,本科提前批B段,理科,,,540,1888,
4404,北京师范大学,2024,宁夏,本科提前批B段,理科,,,571,587,
4405,北京师范大学,2024,宁夏,本科提前批B段,理科,,,549,1611,
5010,西南大学,2024,宁夏,本科提前批B段,理科,,,573,929,
5012,西南大学,2024,宁夏,本科提前批B段,理科,,,505,4564,
5135,武警警官学院,2024,宁夏,本科提前批B段,理科,,,482,6750,
5341,云南警官学院,2024,宁夏,本科提前批B段,理科,,,495,5424,
6002,陕西师范大学,2024,宁夏,本科提前批B段,理科,,,547,1126,
6113,陕西师范大学,2024,宁夏,本科提前批B段,理科,,,564,519,
6130,西安外国语大学,2024,宁夏,本科提前批B段,理科,,,433,7812,
6440,宁夏师范大学,2024,宁夏,本科提前批B段,理科,,,517,2332,
6444,宁夏师范大学,2024,宁夏,本科提前批B段,理科,,,533,1979,
1172,民政职业大学,2024,宁夏,高职(专科)批,理科,,,369,27533,
1195,北京培黎职业学院,2024,宁夏,高职(专科)批,理科,,,344,32390,
1270,天津市职业大学,2024,宁夏,高职(专科)批,理科,,,383,24299,
1271,天津医学高等专科学校,2024,宁夏,高职(专科)批,理科,,,362,22559,
1272,天津中德应用技术大学,2024,宁夏,高职(专科)批,理科,,,380,23423,
1273,天津滨海职业学院,2024,宁夏,高职(专科)批,理科,,,331,33435,
1276,天津渤海职业技术学院,2024,宁夏,高职(专科)批,理科,,,337,32390,
1277,天津电子信息职业技术学院,2024,宁夏,高职(专科)批,理科,,,364,27310,
1278,天津机电职业技术学院,2024,宁夏,高职(专科)批,理科,,,356,29177,
1279,天津现代职业技术学院,2024,宁夏,高职(专科)批,理科,,,339,30376,
1280,天津警察学院,2024,宁夏,高职(专科)批,理科,,,319,36554,
1281,天津轻工职业技术学院,2024,宁夏,高职(专科)批,理科,,,359,28983,
1282,天津商务职业学院,2024,宁夏,高职(专科)批,理科,,,320,30789,
1283,天津国土资源和房屋职业学院,2024,宁夏,高职(专科)批,理科,,,310,36554,
1286,天津交通职业学院,2024,宁夏,高职(专科)批,理科,,,333,34304,
1287,天津工业职业学院,2024,宁夏,高职(专科)批,理科,,,341,29177,
1288,天津石油职业技术学院,2024,宁夏,高职(专科)批,理科,,,351,29763,
1289,天津城市职业学院,2024,宁夏,高职(专科)批,理科,,,329,33612,
1290,天津城市建设管理职业技术学院,2024,宁夏,高职(专科)批,理科,,,362,28983,
1291,天津生物工程职业技术学院,2024,宁夏,高职(专科)批,理科,,,321,34650,
1292,天津海运职业学院,2024,宁夏,高职(专科)批,理科,,,305,35016,
1294,天津铁道职业技术学院,2024,宁夏,高职(专科)批,理科,,,363,21026,
1296,天津滨海汽车工程职业学院,2024,宁夏,高职(专科)批,理科,,,220,42565,
1304,衡水职业技术学院,2024,宁夏,高职(专科)批,理科,,,259,43808,
1307,渤海理工职业学院,2024,宁夏,高职(专科)批,理科,,,289,40591,
1308,石家庄信息工程职业学院,2024,宁夏,高职(专科)批,理科,,,331,33792,
1309,宣化科技职业学院,2024,宁夏,高职(专科)批,理科,,,243,34151,
1311,河北轨道运输职业技术学院,2024,宁夏,高职(专科)批,理科,,,296,28372,
1312,唐山幼儿师范高等专科学校,2024,宁夏,高职(专科)批,理科,,,370,25800,
1317,承德应用技术职业学院,2024,宁夏,高职(专科)批,理科,,,329,35016,
1347,张家口学院,2024,宁夏,高职(专科)批,理科,,,364,22559,
1371,邢台医学院,2024,宁夏,高职(专科)批,理科,,,364,27310,
1376,石家庄铁路职业技术学院,2024,宁夏,高职(专科)批,理科,,,374,25172,
1377,河北旅游职业学院,2024,宁夏,高职(专科)批,理科,,,202,42012,
1378,河北交通职业技术学院,2024,宁夏,高职(专科)批,理科,,,326,33292,
1379,河北化工医药职业技术学院,2024,宁夏,高职(专科)批,理科,,,336,33792,
1380,河北对外经贸职业学院,2024,宁夏,高职(专科)批,理科,,,267,41423,
1381,石家庄邮电职业技术学院,2024,宁夏,高职(专科)批,理科,,,369,24080,
1382,河北机电职业技术学院,2024,宁夏,高职(专科)批,理科,,,346,31161,
1385,唐山职业技术学院,2024,宁夏,高职(专科)批,理科,,,349,27948,
1386,石家庄科技职业学院,2024,宁夏,高职(专科)批,理科,,,247,44415,
1387,秦皇岛职业技术学院,2024,宁夏,高职(专科)批,理科,,,326,34843,
1388,沧州医学高等专科学校,2024,宁夏,高职(专科)批,理科,,,369,25800,
1389,廊坊卫生职业学院,2024,宁夏,高职(专科)批,理科,,,339,28983,
1390,石家庄城市经济职业学院,2024,宁夏,高职(专科)批,理科,,,258,43912,
1391,廊坊职业技术学院,2024,宁夏,高职(专科)批,理科,,,285,37607,
1392,石家庄医学高等专科学校,2024,宁夏,高职(专科)批,理科,,,317,36244,
1393,石家庄人民医学高等专科学校,2024,宁夏,高职(专科)批,理科,,,320,35608,
1395,石家庄科技信息职业学院,2024,宁夏,高职(专科)批,理科,,,244,29561,
1397,石家庄工商职业学院,2024,宁夏,高职(专科)批,理科,,,285,33612,
1398,承德护理职业学院,2024,宁夏,高职(专科)批,理科,,,349,30376,
1399,石家庄幼儿师范高等专科学校,2024,宁夏,高职(专科)批,理科,,,329,34151,
1472,山西药科职业学院,2024,宁夏,高职(专科)批,理科,,,342,32390,
1475,运城护理职业学院,2024,宁夏,高职(专科)批,理科,,,312,19977,
1476,山西水利职业技术学院,2024,宁夏,高职(专科)批,理科,,,271,42668,
1478,临汾职业技术学院,2024,宁夏,高职(专科)批,理科,,,324,35315,
1481,运城师范高等专科学校,2024,宁夏,高职(专科)批,理科,,,318,35608,
1485,山西林业职业技术学院,2024,宁夏,高职(专科)批,理科,,,301,39090,
1486,朔州师范高等专科学校,2024,宁夏,高职(专科)批,理科,,,350,27741,
1490,山西老区职业技术学院,2024,宁夏,高职(专科)批,理科,,,300,39233,
1491,山西管理职业学院,2024,宁夏,高职(专科)批,理科,,,339,33292,
1493,山西卫生健康职业学院,2024,宁夏,高职(专科)批,理科,,,332,33435,
1494,朔州职业技术学院,2024,宁夏,高职(专科)批,理科,,,322,36069,
1495,阳泉师范高等专科学校,2024,宁夏,高职(专科)批,理科,,,306,37746,
1571,乌海职业技术学院,2024,宁夏,高职(专科)批,理科,,,330,34843,
1573,内蒙古机电职业技术学院,2024,宁夏,高职(专科)批,理科,,,332,26239,
1576,包头铁道职业技术学院,2024,宁夏,高职(专科)批,理科,,,355,29981,
1577,乌兰察布医学高等专科学校,2024,宁夏,高职(专科)批,理科,,,328,33970,
1579,阿拉善职业技术学院,2024,宁夏,高职(专科)批,理科,,,297,38466,
1580,内蒙古科技职业学院,2024,宁夏,高职(专科)批,理科,,,264,43354,
1581,内蒙古北方职业技术学院,2024,宁夏,高职(专科)批,理科,,,298,30376,
1584,赤峰工业职业技术学院,2024,宁夏,高职(专科)批,理科,,,274,39759,
1594,满洲里俄语职业学院,2024,宁夏,高职(专科)批,理科,,,273,42449,
2105,辽宁机电职业技术学院,2024,宁夏,高职(专科)批,理科,,,337,32390,
2106,辽宁现代服务职业技术学院,2024,宁夏,高职(专科)批,理科,,,308,38190,
2140,鞍山师范学院,2024,宁夏,高职(专科)批,理科,,,278,38952,
2152,大连东软信息学院,2024,宁夏,高职(专科)批,理科,,,301,36069,
2172,大连职业技术学院,2024,宁夏,高职(专科)批,理科,,,340,31693,
2173,辽宁冶金职业技术学院,2024,宁夏,高职(专科)批,理科,,,296,39759,
2175,辽宁职业学院,2024,宁夏,高职(专科)批,理科,,,306,38336,
2176,辽宁金融职业学院,2024,宁夏,高职(专科)批,理科,,,295,36069,
2177,辽宁装备制造职业技术学院,2024,宁夏,高职(专科)批,理科,,,302,38952,
2178,辽宁轻工职业学院,2024,宁夏,高职(专科)批,理科,,,218,46587,
2179,辽宁经济职业技术学院,2024,宁夏,高职(专科)批,理科,,,176,38038,
2182,辽宁农业职业技术学院,2024,宁夏,高职(专科)批,理科,,,220,46190,
2184,辽宁铁道职业技术学院,2024,宁夏,高职(专科)批,理科,,,351,28578,
2185,辽宁建筑职业学院,2024,宁夏,高职(专科)批,理科,,,269,40349,
2187,辽宁省交通高等专科学校,2024,宁夏,高职(专科)批,理科,,,315,33792,
2189,铁岭卫生职业学院,2024,宁夏,高职(专科)批,理科,,,322,36069,
2190,辽宁理工职业大学,2024,宁夏,高职(专科)批,理科,,,251,44502,
2191,辽宁广告职业学院,2024,宁夏,高职(专科)批,理科,,,223,46342,
2192,大连枫叶职业技术学院,2024,宁夏,高职(专科)批,理科,,,222,45109,
2194,大连汽车职业技术学院,2024,宁夏,高职(专科)批,理科,,,271,42668,
2196,辽宁生态工程职业学院,2024,宁夏,高职(专科)批,理科,,,247,42668,
2197,辽宁特殊教育师范高等专科学校,2024,宁夏,高职(专科)批,理科,,,331,34650,
2198,沈阳职业技术学院,2024,宁夏,高职(专科)批,理科,,,283,40020,
2199,辽宁医药职业学院,2024,宁夏,高职(专科)批,理科,,,340,30190,
2270,辽源职业技术学院,2024,宁夏,高职(专科)批,理科,,,274,38612,
2272,长春金融高等专科学校,2024,宁夏,高职(专科)批,理科,,,282,33792,
2273,长春医学高等专科学校,2024,宁夏,高职(专科)批,理科,,,350,31344,
2277,吉林铁道职业技术大学,2024,宁夏,高职(专科)批,理科,,,356,24947,
2278,吉林水利电力职业学院,2024,宁夏,高职(专科)批,理科,,,352,30974,
2279,吉林司法警官职业学院,2024,宁夏,高职(专科)批,理科,,,332,33792,
2291,长春健康职业学院,2024,宁夏,高职(专科)批,理科,,,305,38612,
2371,牡丹江大学,2024,宁夏,高职(专科)批,理科,,,282,33109,
2373,黑龙江职业学院,2024,宁夏,高职(专科)批,理科,,,314,34650,
2374,鹤岗师范高等专科学校,2024,宁夏,高职(专科)批,理科,,,273,41312,
2375,黑龙江建筑职业技术学院,2024,宁夏,高职(专科)批,理科,,,205,43725,
2376,大庆职业学院,2024,宁夏,高职(专科)批,理科,,,352,30974,
2377,黑龙江农业工程职业学院,2024,宁夏,高职(专科)批,理科,,,330,32213,
2378,哈尔滨铁道职业技术学院,2024,宁夏,高职(专科)批,理科,,,355,27948,
2379,大兴安岭职业学院,2024,宁夏,高职(专科)批,理科,,,334,32771,
2381,黑龙江旅游职业技术学院,2024,宁夏,高职(专科)批,理科,,,275,39508,
2382,黑龙江能源职业学院,2024,宁夏,高职(专科)批,理科,,,263,43073,
2383,七台河职业学院,2024,宁夏,高职(专科)批,理科,,,290,40141,
2384,大庆医学高等专科学校,2024,宁夏,高职(专科)批,理科,,,349,27310,
2385,哈尔滨科学技术职业学院,2024,宁夏,高职(专科)批,理科,,,297,37746,
2387,黑龙江交通职业技术学院,2024,宁夏,高职(专科)批,理科,,,349,29763,
2388,哈尔滨职业技术大学,2024,宁夏,高职(专科)批,理科,,,335,32213,
2389,齐齐哈尔高等师范专科学校,2024,宁夏,高职(专科)批,理科,,,301,37132,
2390,黑龙江农业经济职业学院,2024,宁夏,高职(专科)批,理科,,,209,46959,
3172,上海出版印刷高等专科学校,2024,宁夏,高职(专科)批,理科,,,337,32942,
3175,上海城建职业学院,2024,宁夏,高职(专科)批,理科,,,297,36980,
3177,上海电子信息职业技术学院,2024,宁夏,高职(专科)批,理科,,,358,28983,
3179,上海民航职业技术学院,2024,宁夏,高职(专科)批,理科,,,343,29561,
3192,上海思博职业技术学院,2024,宁夏,高职(专科)批,理科,,,255,37896,
3194,上海中侨职业技术大学,2024,宁夏,高职(专科)批,理科,,,310,32042,
3195,上海工商外国语职业学院,2024,宁夏,高职(专科)批,理科,,,233,45785,
3196,上海邦德职业技术学院,2024,宁夏,高职(专科)批,理科,,,262,41194,
3199,上海震旦职业学院,2024,宁夏,高职(专科)批,理科,,,246,44879,
3204,南京机电职业技术学院,2024,宁夏,高职(专科)批,理科,,,367,19783,
3219,江苏航空职业技术学院,2024,宁夏,高职(专科)批,理科,,,338,28578,
3235,江苏商贸职业学院,2024,宁夏,高职(专科)批,理科,,,334,30974,
3236,扬州中瑞酒店职业学院,2024,宁夏,高职(专科)批,理科,,,201,47229,
3248,硅湖职业技术学院,2024,宁夏,高职(专科)批,理科,,,315,5606,
3251,连云港职业技术学院,2024,宁夏,高职(专科)批,理科,,,321,36244,
3252,镇江市高等专科学校,2024,宁夏,高职(专科)批,理科,,,342,32771,
3256,江苏农牧科技职业学院,2024,宁夏,高职(专科)批,理科,,,369,21492,
3257,炎黄职业技术学院,2024,宁夏,高职(专科)批,理科,,,249,44570,
3263,苏州工业职业技术学院,2024,宁夏,高职(专科)批,理科,,,347,31161,
3271,江苏建筑职业技术学院,2024,宁夏,高职(专科)批,理科,,,223,30974,
3280,南京科技职业学院,2024,宁夏,高职(专科)批,理科,,,348,26682,
3281,常州工程职业技术学院,2024,宁夏,高职(专科)批,理科,,,346,31693,
3282,徐州工业职业技术学院,2024,宁夏,高职(专科)批,理科,,,322,35315,
3283,常州纺织服装职业技术学院,2024,宁夏,高职(专科)批,理科,,,200,42449,
3288,常州工业职业技术学院,2024,宁夏,高职(专科)批,理科,,,308,38190,
3289,江苏农林职业技术学院,2024,宁夏,高职(专科)批,理科,,,375,26239,
3290,无锡南洋职业技术学院,2024,宁夏,高职(专科)批,理科,,,261,43630,
3291,苏州工业园区服务外包职业学院,2024,宁夏,高职(专科)批,理科,,,343,32584,
3292,苏州百年职业学院,2024,宁夏,高职(专科)批,理科,,,223,46342,
3293,苏州高博职业学院,2024,宁夏,高职(专科)批,理科,,,233,45785,
3294,九州职业技术学院,2024,宁夏,高职(专科)批,理科,,,233,45785,
3295,明达职业技术学院,2024,宁夏,高职(专科)批,理科,,,297,39624,
3297,江苏海事职业技术学院,2024,宁夏,高职(专科)批,理科,,,351,31161,
3298,江苏电子信息职业学院,2024,宁夏,高职(专科)批,理科,,,343,32390,
3299,金山职业技术学院,2024,宁夏,高职(专科)批,理科,,,269,35608,
3372,浙江金融职业学院,2024,宁夏,高职(专科)批,理科,,,378,21705,
3474,淮南职业技术学院,2024,宁夏,高职(专科)批,理科,,,232,45843,
3475,安庆医药高等专科学校,2024,宁夏,高职(专科)批,理科,,,340,30789,
3492,安徽汽车职业技术学院,2024,宁夏,高职(专科)批,理科,,,314,34843,
3500,三明医学科技职业学院,2024,宁夏,高职(专科)批,理科,,,323,28983,
3505,泉州经贸职业技术学院,2024,宁夏,高职(专科)批,理科,,,271,42668,
3506,湄洲湾职业技术学院,2024,宁夏,高职(专科)批,理科,,,284,41194,
3507,福建生物工程职业技术学院,2024,宁夏,高职(专科)批,理科,,,326,35467,
3511,宁德职业技术学院,2024,宁夏,高职(专科)批,理科,,,356,30190,
3512,漳州城市职业学院,2024,宁夏,高职(专科)批,理科,,,323,35914,
3514,泉州幼儿师范高等专科学校,2024,宁夏,高职(专科)批,理科,,,326,35467,
3515,闽江师范高等专科学校,2024,宁夏,高职(专科)批,理科,,,346,32042,
3571,福建信息职业技术学院,2024,宁夏,高职(专科)批,理科,,,343,32584,
3572,福建农业职业技术学院,2024,宁夏,高职(专科)批,理科,,,289,40591,
3573,厦门华天涉外职业技术学院,2024,宁夏,高职(专科)批,理科,,,250,33970,
3575,厦门软件职业技术学院,2024,宁夏,高职(专科)批,理科,,,335,33970,
3577,福建水利电力职业技术学院,2024,宁夏,高职(专科)批,理科,,,317,36838,
3578,厦门城市职业学院,2024,宁夏,高职(专科)批,理科,,,306,34304,
3583,漳州科技职业学院,2024,宁夏,高职(专科)批,理科,,,222,40020,
3584,福建船政交通职业学院,2024,宁夏,高职(专科)批,理科,,,276,36980,
3585,漳州职业技术学院,2024,宁夏,高职(专科)批,理科,,,339,30376,
3587,福州职业技术学院,2024,宁夏,高职(专科)批,理科,,,314,36980,
3588,福建林业职业技术学院,2024,宁夏,高职(专科)批,理科,,,318,36679,
3589,闽北职业技术学院,2024,宁夏,高职(专科)批,理科,,,279,41765,
3590,厦门演艺职业学院,2024,宁夏,高职(专科)批,理科,,,248,43989,
3591,厦门南洋职业学院,2024,宁夏,高职(专科)批,理科,,,282,41423,
3595,泉州华光职业学院,2024,宁夏,高职(专科)批,理科,,,233,45785,
3598,泉州纺织服装职业学院,2024,宁夏,高职(专科)批,理科,,,272,42565,
3599,福建卫生职业技术学院,2024,宁夏,高职(专科)批,理科,,,352,30974,
3603,江西电力职业技术学院,2024,宁夏,高职(专科)批,理科,,,378,24722,
3605,江西工商职业技术学院,2024,宁夏,高职(专科)批,理科,,,284,37470,
3606,江西婺源茶业职业学院,2024,宁夏,高职(专科)批,理科,,,239,29561,
3607,江西交通职业技术学院,2024,宁夏,高职(专科)批,理科,,,321,35174,
3646,江西机电职业技术学院,2024,宁夏,高职(专科)批,理科,,,320,33292,
3647,吉安职业技术学院,2024,宁夏,高职(专科)批,理科,,,290,39233,
3651,南昌理工学院,2024,宁夏,高职(专科)批,理科,,,300,37746,
3653,南昌工学院,2024,宁夏,高职(专科)批,理科,,,270,41075,
3656,江西应用科技学院,2024,宁夏,高职(专科)批,理科,,,282,38466,
3668,萍乡卫生职业学院,2024,宁夏,高职(专科)批,理科,,,320,33970,
3669,九江理工职业学院,2024,宁夏,高职(专科)批,理科,,,277,42012,
3672,江西职业技术大学,2024,宁夏,高职(专科)批,理科,,,350,28983,
3673,江西司法警官职业学院,2024,宁夏,高职(专科)批,理科,,,336,33792,
3677,江西财经职业学院,2024,宁夏,高职(专科)批,理科,,,339,29177,
3678,江西应用技术职业学院,2024,宁夏,高职(专科)批,理科,,,325,35608,
3679,江西工业工程职业技术学院,2024,宁夏,高职(专科)批,理科,,,294,37746,
3684,江西医学高等专科学校,2024,宁夏,高职(专科)批,理科,,,353,28152,
3685,九江职业大学,2024,宁夏,高职(专科)批,理科,,,327,30570,
3687,江西冶金职业技术学院,2024,宁夏,高职(专科)批,理科,,,301,38190,
3689,江西枫林涉外经贸职业学院,2024,宁夏,高职(专科)批,理科,,,206,39759,
3690,宜春职业技术学院,2024,宁夏,高职(专科)批,理科,,,346,30974,
3692,江西航空职业技术学院,2024,宁夏,高职(专科)批,理科,,,337,32584,
3696,江西软件职业技术大学,2024,宁夏,高职(专科)批,理科,,,244,42882,
3697,赣西科技职业学院,2024,宁夏,高职(专科)批,理科,,,320,36415,
3698,江西新能源科技职业学院,2024,宁夏,高职(专科)批,理科,,,288,37297,
3706,枣庄职业学院,2024,宁夏,高职(专科)批,理科,,,283,39759,
3712,山东化工职业学院,2024,宁夏,高职(专科)批,理科,,,332,34304,
3713,青岛航空科技职业学院,2024,宁夏,高职(专科)批,理科,,,221,46435,
3717,曲阜远东职业技术学院,2024,宁夏,高职(专科)批,理科,,,214,44317,
3718,山东职业学院,2024,宁夏,高职(专科)批,理科,,,338,32771,
3719,泰山护理职业学院,2024,宁夏,高职(专科)批,理科,,,332,34470,
3750,齐鲁医药学院,2024,宁夏,高职(专科)批,理科,,,339,29369,
3752,烟台南山学院,2024,宁夏,高职(专科)批,理科,,,305,38038,
3754,青岛黄海学院,2024,宁夏,高职(专科)批,理科,,,265,39508,
3757,山东英才学院,2024,宁夏,高职(专科)批,理科,,,230,41543,
3762,泰山科技学院,2024,宁夏,高职(专科)批,理科,,,224,39090,
3764,潍坊理工学院,2024,宁夏,高职(专科)批,理科,,,268,42972,
3766,齐鲁理工学院,2024,宁夏,高职(专科)批,理科,,,271,42668,
3771,日照职业技术学院,2024,宁夏,高职(专科)批,理科,,,350,22559,
3772,青岛职业技术学院,2024,宁夏,高职(专科)批,理科,,,320,35315,
3775,聊城职业技术学院,2024,宁夏,高职(专科)批,理科,,,278,41896,
3776,山东水利职业学院,2024,宁夏,高职(专科)批,理科,,,334,30789,
3777,山东畜牧兽医职业学院,2024,宁夏,高职(专科)批,理科,,,357,29561,
3778,山东交通职业学院,2024,宁夏,高职(专科)批,理科,,,332,34470,
3779,淄博职业技术大学,2024,宁夏,高职(专科)批,理科,,,305,24080,
3780,青岛酒店管理职业技术学院,2024,宁夏,高职(专科)批,理科,,,240,45338,
3784,山东旅游职业学院,2024,宁夏,高职(专科)批,理科,,,275,37746,
3785,泰山职业技术学院,2024,宁夏,高职(专科)批,理科,,,276,42114,
3786,山东医学高等专科学校,2024,宁夏,高职(专科)批,理科,,,366,22559,
3787,烟台工程职业技术学院,2024,宁夏,高职(专科)批,理科,,,287,40826,
3789,山东铝业职业学院,2024,宁夏,高职(专科)批,理科,,,324,35769,
3791,山东圣翰财贸职业学院,2024,宁夏,高职(专科)批,理科,,,275,42225,
3793,枣庄科技职业学院,2024,宁夏,高职(专科)批,理科,,,274,40698,
3794,东营职业学院,2024,宁夏,高职(专科)批,理科,,,315,35467,
3795,青岛求实职业技术学院,2024,宁夏,高职(专科)批,理科,,,269,38952,
3798,济南护理职业学院,2024,宁夏,高职(专科)批,理科,,,343,32584,
3871,盐城幼儿师范高等专科学校,2024,宁夏,高职(专科)批,理科,,,298,35467,
4100,济源职业技术学院,2024,宁夏,高职(专科)批,理科,,,313,37470,
4102,濮阳医学高等专科学校,2024,宁夏,高职(专科)批,理科,,,340,26682,
4105,三门峡职业技术学院,2024,宁夏,高职(专科)批,理科,,,315,37132,
4112,漯河医学高等专科学校,2024,宁夏,高职(专科)批,理科,,,359,26031,
4170,郑州幼儿师范高等专科学校,2024,宁夏,高职(专科)批,理科,,,301,39090,
4171,郑州铁路职业技术学院,2024,宁夏,高职(专科)批,理科,,,357,29981,
4174,焦作大学,2024,宁夏,高职(专科)批,理科,,,351,31161,
4176,郑州电力高等专科学校,2024,宁夏,高职(专科)批,理科,,,357,29981,
4178,黄河水利职业技术大学,2024,宁夏,高职(专科)批,理科,,,376,22976,
4184,南阳医学高等专科学校,2024,宁夏,高职(专科)批,理科,,,355,21922,
4185,商丘医学高等专科学校,2024,宁夏,高职(专科)批,理科,,,366,26239,
4189,河南推拿职业学院,2024,宁夏,高职(专科)批,理科,,,356,30190,
4193,河南护理职业学院,2024,宁夏,高职(专科)批,理科,,,332,34470,
4194,洛阳职业技术学院,2024,宁夏,高职(专科)批,理科,,,341,30190,
4197,南阳职业学院,2024,宁夏,高职(专科)批,理科,,,269,42882,
4206,长江艺术工程职业学院,2024,宁夏,高职(专科)批,理科,,,234,44570,
4207,荆门职业学院,2024,宁夏,高职(专科)批,理科,,,309,36838,
4208,武汉铁路桥梁职业学院,2024,宁夏,高职(专科)批,理科,,,330,32390,
4215,武汉商贸职业学院,2024,宁夏,高职(专科)批,理科,,,231,38612,
4216,武昌职业学院,2024,宁夏,高职(专科)批,理科,,,271,41423,
4217,仙桃职业学院,2024,宁夏,高职(专科)批,理科,,,272,36415,
4218,武汉船舶职业技术学院,2024,宁夏,高职(专科)批,理科,,,349,30376,
4219,长江职业学院,2024,宁夏,高职(专科)批,理科,,,322,35769,
4250,武汉生物工程学院,2024,宁夏,高职(专科)批,理科,,,296,28578,
4259,襄阳汽车职业技术学院,2024,宁夏,高职(专科)批,理科,,,197,37470,
4262,三峡大学科技学院,2024,宁夏,高职(专科)批,理科,,,341,29981,
4271,武汉职业技术大学,2024,宁夏,高职(专科)批,理科,,,371,26239,
4275,湖北中医药高等专科学校,2024,宁夏,高职(专科)批,理科,,,353,18509,
4277,湖北交通职业技术学院,2024,宁夏,高职(专科)批,理科,,,346,32042,
4278,武汉软件工程职业学院,2024,宁夏,高职(专科)批,理科,,,365,28152,
4279,湖北三峡职业技术学院,2024,宁夏,高职(专科)批,理科,,,326,34304,
4280,随州职业技术学院,2024,宁夏,高职(专科)批,理科,,,311,36415,
4281,武汉警官职业学院,2024,宁夏,高职(专科)批,理科,,,339,28773,
4282,湖北城市建设职业技术学院,2024,宁夏,高职(专科)批,理科,,,300,37896,
4283,荆州理工职业学院,2024,宁夏,高职(专科)批,理科,,,306,35914,
4284,武汉交通职业学院,2024,宁夏,高职(专科)批,理科,,,314,35769,
4285,咸宁职业技术学院,2024,宁夏,高职(专科)批,理科,,,317,34650,
4286,长江工程职业技术学院,2024,宁夏,高职(专科)批,理科,,,340,30974,
4288,武汉民政职业学院,2024,宁夏,高职(专科)批,理科,,,328,33970,
4290,武汉外语外事职业学院,2024,宁夏,高职(专科)批,理科,,,204,42449,
4292,湖北国土资源职业学院,2024,宁夏,高职(专科)批,理科,,,312,37607,
4293,三峡电力职业学院,2024,宁夏,高职(专科)批,理科,,,360,27948,
4297,湖北水利水电职业技术学院,2024,宁夏,高职(专科)批,理科,,,334,28983,
4298,武汉铁路职业技术学院,2024,宁夏,高职(专科)批,理科,,,364,23855,
4304,湖南安全技术职业学院,2024,宁夏,高职(专科)批,理科,,,256,44067,
4305,湖南财经工业职业技术学院,2024,宁夏,高职(专科)批,理科,,,305,37896,
4370,长沙民政职业技术学院,2024,宁夏,高职(专科)批,理科,,,339,23200,
4371,湖南工业职业技术学院,2024,宁夏,高职(专科)批,理科,,,355,30376,
4373,湘南幼儿师范高等专科学校,2024,宁夏,高职(专科)批,理科,,,258,42668,
4374,湖南大众传媒职业技术学院,2024,宁夏,高职(专科)批,理科,,,348,31344,
4375,永州职业技术学院,2024,宁夏,高职(专科)批,理科,,,298,30789,
4376,湖南铁道职业技术学院,2024,宁夏,高职(专科)批,理科,,,356,27948,
4377,湖南交通职业技术学院,2024,宁夏,高职(专科)批,理科,,,335,32942,
4378,湖南工程职业技术学院,2024,宁夏,高职(专科)批,理科,,,316,35016,
4382,张家界航空工业职业技术学院,2024,宁夏,高职(专科)批,理科,,,267,33292,
4383,长沙环境保护职业技术学院,2024,宁夏,高职(专科)批,理科,,,280,41423,
4386,湖南城建职业技术学院,2024,宁夏,高职(专科)批,理科,,,281,39090,
4387,湖南石油化工职业技术学院,2024,宁夏,高职(专科)批,理科,,,343,32584,
4393,湖南化工职业技术学院,2024,宁夏,高职(专科)批,理科,,,336,33109,
4394,长沙职业技术学院,2024,宁夏,高职(专科)批,理科,,,339,33109,
4398,湖南九嶷职业技术学院,2024,宁夏,高职(专科)批,理科,,,284,41194,
4470,广州民航职业技术学院,2024,宁夏,高职(专科)批,理科,,,368,20405,
4472,广州铁路职业技术学院,2024,宁夏,高职(专科)批,理科,,,348,31693,
4473,广东交通职业技术学院,2024,宁夏,高职(专科)批,理科,,,332,33109,
4474,惠州经济职业技术学院,2024,宁夏,高职(专科)批,理科,,,219,46534,
4475,广东肇庆航空职业学院,2024,宁夏,高职(专科)批,理科,,,214,38466,
4480,广东亚视演艺职业学院,2024,宁夏,高职(专科)批,理科,,,207,39759,
4482,广州珠江职业技术学院,2024,宁夏,高职(专科)批,理科,,,285,41075,
4483,广州华商职业学院,2024,宁夏,高职(专科)批,理科,,,233,45785,
4484,广东南方职业学院,2024,宁夏,高职(专科)批,理科,,,207,34650,
4485,广东创新科技职业学院,2024,宁夏,高职(专科)批,理科,,,203,47162,
4486,广东信息工程职业学院,2024,宁夏,高职(专科)批,理科,,,213,39233,
4487,广东酒店管理职业技术学院,2024,宁夏,高职(专科)批,理科,,,234,45722,
4488,广州卫生职业技术学院,2024,宁夏,高职(专科)批,理科,,,313,33612,
4489,广东茂名农林科技职业学院,2024,宁夏,高职(专科)批,理科,,,227,46142,
4490,广东文理职业学院,2024,宁夏,高职(专科)批,理科,,,204,44570,
4491,广州东华职业学院,2024,宁夏,高职(专科)批,理科,,,211,46876,
4492,惠州卫生职业技术学院,2024,宁夏,高职(专科)批,理科,,,330,31693,
4493,广东财贸职业学院,2024,宁夏,高职(专科)批,理科,,,300,39233,
4495,顺德职业技术大学,2024,宁夏,高职(专科)批,理科,,,300,37470,
4496,广东科学技术职业学院,2024,宁夏,高职(专科)批,理科,,,331,27533,
4497,广州华立科技职业学院,2024,宁夏,高职(专科)批,理科,,,210,44801,
4498,广州科技贸易职业学院,2024,宁夏,高职(专科)批,理科,,,279,31344,
4499,广州城建职业学院,2024,宁夏,高职(专科)批,理科,,,254,35467,
4573,广西经济职业学院,2024,宁夏,高职(专科)批,理科,,,251,33612,
4581,桂林生命与健康职业技术学院,2024,宁夏,高职(专科)批,理科,,,282,40591,
4582,广西国际商务职业技术学院,2024,宁夏,高职(专科)批,理科,,,280,41646,
4583,广西自然资源职业技术学院,2024,宁夏,高职(专科)批,理科,,,238,40826,
4592,广西科技职业学院,2024,宁夏,高职(专科)批,理科,,,330,34843,
4593,桂林山水职业学院,2024,宁夏,高职(专科)批,理科,,,224,44879,
4651,海口经济学院,2024,宁夏,高职(专科)批,理科,,,200,36980,
4670,海南软件职业技术学院,2024,宁夏,高职(专科)批,理科,,,312,37607,
4674,海南职业技术学院,2024,宁夏,高职(专科)批,理科,,,209,39508,
4675,海南经贸职业技术学院,2024,宁夏,高职(专科)批,理科,,,303,38843,
4691,三亚航空旅游职业学院,2024,宁夏,高职(专科)批,理科,,,211,29177,
4692,三亚理工职业学院,2024,宁夏,高职(专科)批,理科,,,213,33292,
4693,三亚中瑞酒店管理职业学院,2024,宁夏,高职(专科)批,理科,,,219,46534,
4694,海南科技职业大学,2024,宁夏,高职(专科)批,理科,,,200,44231,
4697,海南工商职业学院,2024,宁夏,高职(专科)批,理科,,,215,46718,
5070,重庆电力高等专科学校,2024,宁夏,高职(专科)批,理科,,,373,25172,
5071,重庆工业职业技术大学,2024,宁夏,高职(专科)批,理科,,,364,25402,
5073,重庆城市管理职业学院,2024,宁夏,高职(专科)批,理科,,,289,40591,
5074,重庆工程职业技术学院,2024,宁夏,高职(专科)批,理科,,,355,25800,
5075,重庆水利电力职业技术学院,2024,宁夏,高职(专科)批,理科,,,326,29981,
5076,重庆三峡医药高等专科学校,2024,宁夏,高职(专科)批,理科,,,379,24299,
5077,重庆医药高等专科学校,2024,宁夏,高职(专科)批,理科,,,385,23423,
5082,重庆建筑科技职业学院,2024,宁夏,高职(专科)批,理科,,,197,43630,
5083,重庆工商职业学院,2024,宁夏,高职(专科)批,理科,,,359,26920,
5085,重庆智能工程职业学院,2024,宁夏,高职(专科)批,理科,,,249,43438,
5092,重庆电子科技职业大学,2024,宁夏,高职(专科)批,理科,,,371,24299,
5096,重庆信息技术职业学院,2024,宁夏,高职(专科)批,理科,,,245,38729,
5098,重庆传媒职业学院,2024,宁夏,高职(专科)批,理科,,,269,39508,
5099,重庆艺术工程职业学院,2024,宁夏,高职(专科)批,理科,,,239,45404,
5100,自贡职业技术学院,2024,宁夏,高职(专科)批,理科,,,203,41896,
5105,资阳环境科技职业学院,2024,宁夏,高职(专科)批,理科,,,224,42882,
5106,绵阳飞行职业学院,2024,宁夏,高职(专科)批,理科,,,203,46023,
5107,泸州医疗器械职业学院,2024,宁夏,高职(专科)批,理科,,,293,39624,
5108,遂宁职业学院,2024,宁夏,高职(专科)批,理科,,,201,43073,
5109,德阳农业科技职业学院,2024,宁夏,高职(专科)批,理科,,,239,44879,
5114,天府新区航空旅游职业学院,2024,宁夏,高职(专科)批,理科,,,284,30974,
5118,德阳科贸职业学院,2024,宁夏,高职(专科)批,理科,,,251,41646,
5155,广元中核职业技术学院,2024,宁夏,高职(专科)批,理科,,,321,31693,
5157,四川华新现代职业学院,2024,宁夏,高职(专科)批,理科,,,283,39090,
5158,眉山药科职业学院,2024,宁夏,高职(专科)批,理科,,,218,42565,
5159,天府新区信息职业学院,2024,宁夏,高职(专科)批,理科,,,209,42012,
5167,西南财经大学天府学院,2024,宁夏,高职(专科)批,理科,,,320,31865,
5168,四川文化艺术学院,2024,宁夏,高职(专科)批,理科,,,295,39886,
5171,川北幼儿师范高等专科学校,2024,宁夏,高职(专科)批,理科,,,321,36244,
5172,四川水利职业技术学院,2024,宁夏,高职(专科)批,理科,,,322,31865,
5173,南充职业技术学院,2024,宁夏,高职(专科)批,理科,,,259,43808,
5176,绵阳职业技术学院,2024,宁夏,高职(专科)批,理科,,,289,40591,
5177,四川工程职业技术大学,2024,宁夏,高职(专科)批,理科,,,361,20405,
5178,四川建筑职业技术学院,2024,宁夏,高职(专科)批,理科,,,277,31693,
5179,泸州职业技术学院,2024,宁夏,高职(专科)批,理科,,,296,39759,
5181,四川职业技术学院,2024,宁夏,高职(专科)批,理科,,,323,35914,
5183,四川幼儿师范高等专科学校,2024,宁夏,高职(专科)批,理科,,,309,38038,
5184,四川交通职业技术学院,2024,宁夏,高职(专科)批,理科,,,334,32584,
5185,四川西南航空职业学院,2024,宁夏,高职(专科)批,理科,,,283,35769,
5186,雅安职业技术学院,2024,宁夏,高职(专科)批,理科,,,330,34843,
5187,四川国际标榜职业学院,2024,宁夏,高职(专科)批,理科,,,250,44570,
5190,四川汽车职业技术学院,2024,宁夏,高职(专科)批,理科,,,269,41194,
5191,四川电子机械职业技术学院,2024,宁夏,高职(专科)批,理科,,,223,44647,
5193,成都航空职业技术大学,2024,宁夏,高职(专科)批,理科,,,395,21922,
5197,四川城市职业学院,2024,宁夏,高职(专科)批,理科,,,286,40826,
5198,巴中职业技术学院,2024,宁夏,高职(专科)批,理科,,,278,41543,
5270,黔南民族医学高等专科学校,2024,宁夏,高职(专科)批,理科,,,342,28152,
5272,贵州电子信息职业技术学院,2024,宁夏,高职(专科)批,理科,,,281,36679,
5274,铜仁职业技术大学,2024,宁夏,高职(专科)批,理科,,,321,35016,
5275,遵义职业技术学院,2024,宁夏,高职(专科)批,理科,,,260,42772,
5277,铜仁幼儿师范高等专科学校,2024,宁夏,高职(专科)批,理科,,,275,42225,
5371,云南国土资源职业学院,2024,宁夏,高职(专科)批,理科,,,286,36838,
5374,西双版纳职业技术学院,2024,宁夏,高职(专科)批,理科,,,289,38729,
5376,云南医药健康职业学院,2024,宁夏,高职(专科)批,理科,,,324,32213,
5377,云南新兴职业学院,2024,宁夏,高职(专科)批,理科,,,208,33970,
5378,昭通卫生职业学院,2024,宁夏,高职(专科)批,理科,,,317,34843,
5381,云南理工职业学院,2024,宁夏,高职(专科)批,理科,,,253,43725,
5471,拉萨师范学院,2024,宁夏,高职(专科)批,理科,,,285,38038,
6001,宝鸡三和职业学院,2024,宁夏,高职(专科)批,理科,,,282,39624,
6003,宝鸡中北职业学院,2024,宁夏,高职(专科)批,理科,,,291,35174,
6100,陕西工商职业学院,2024,宁夏,高职(专科)批,理科,,,326,34843,
6107,陕西机电职业技术学院,2024,宁夏,高职(专科)批,理科,,,343,29177,
6108,陕西警察学院,2024,宁夏,高职(专科)批,理科,,,370,25172,
6109,陕西职业技术学院,2024,宁夏,高职(专科)批,理科,,,354,30570,
6117,陕西航空职业技术学院,2024,宁夏,高职(专科)批,理科,,,340,23607,
6118,榆林能源科技职业学院,2024,宁夏,高职(专科)批,理科,,,257,34843,
6151,西安外事学院,2024,宁夏,高职(专科)批,理科,,,335,32390,
6152,西安翻译学院,2024,宁夏,高职(专科)批,理科,,,312,32584,
6154,西安思源学院,2024,宁夏,高职(专科)批,理科,,,270,31865,
6155,陕西国际商贸学院,2024,宁夏,高职(专科)批,理科,,,316,32771,
6157,陕西服装工程学院,2024,宁夏,高职(专科)批,理科,,,275,36679,
6158,西安交通工程学院,2024,宁夏,高职(专科)批,理科,,,287,19977,
6164,西安工商学院,2024,宁夏,高职(专科)批,理科,,,321,33435,
6167,西安科技大学高新学院,2024,宁夏,高职(专科)批,理科,,,342,32771,
6168,铜川职业技术学院,2024,宁夏,高职(专科)批,理科,,,335,31161,
6169,陕西青年职业学院,2024,宁夏,高职(专科)批,理科,,,340,32390,
6170,陕西工业职业技术学院,2024,宁夏,高职(专科)批,理科,,,365,25599,
6171,陕西农林职业技术大学,2024,宁夏,高职(专科)批,理科,,,325,32042,
6173,西安电力高等专科学校,2024,宁夏,高职(专科)批,理科,,,375,20405,
6174,陕西能源职业技术学院,2024,宁夏,高职(专科)批,理科,,,351,29981,
6175,陕西国防工业职业技术学院,2024,宁夏,高职(专科)批,理科,,,369,23423,
6176,西安航空职业技术学院,2024,宁夏,高职(专科)批,理科,,,360,21922,
6177,陕西财经职业技术学院,2024,宁夏,高职(专科)批,理科,,,353,27310,
6178,陕西交通职业技术学院,2024,宁夏,高职(专科)批,理科,,,345,25800,
6179,陕西铁路工程职业技术学院,2024,宁夏,高职(专科)批,理科,,,374,23200,
6180,宝鸡职业技术学院,2024,宁夏,高职(专科)批,理科,,,347,29369,
6181,陕西邮电职业技术学院,2024,宁夏,高职(专科)批,理科,,,343,24514,
6183,西安铁路职业技术学院,2024,宁夏,高职(专科)批,理科,,,380,22151,
6184,咸阳职业技术学院,2024,宁夏,高职(专科)批,理科,,,349,30190,
6185,西安职业技术学院,2024,宁夏,高职(专科)批,理科,,,312,35315,
6186,汉中职业技术学院,2024,宁夏,高职(专科)批,理科,,,358,28983,
6187,延安职业技术学院,2024,宁夏,高职(专科)批,理科,,,264,35016,
6188,渭南职业技术学院,2024,宁夏,高职(专科)批,理科,,,347,30190,
6189,安康职业技术学院,2024,宁夏,高职(专科)批,理科,,,308,34151,
6190,西安高新科技职业学院,2024,宁夏,高职(专科)批,理科,,,254,35174,
6191,西安城市建设职业学院,2024,宁夏,高职(专科)批,理科,,,209,38336,
6192,商洛职业技术学院,2024,宁夏,高职(专科)批,理科,,,335,31344,
6193,榆林职业技术学院,2024,宁夏,高职(专科)批,理科,,,304,29177,
6194,陕西电子信息职业技术学院,2024,宁夏,高职(专科)批,理科,,,313,33109,
6195,西安海棠职业学院,2024,宁夏,高职(专科)批,理科,,,257,36244,
6196,西安汽车职业大学,2024,宁夏,高职(专科)批,理科,,,201,39364,
6197,西安信息职业大学,2024,宁夏,高职(专科)批,理科,,,167,33792,
6198,陕西旅游烹饪职业学院,2024,宁夏,高职(专科)批,理科,,,258,36069,
6199,西安医学高等专科学校,2024,宁夏,高职(专科)批,理科,,,306,29369,
6221,兰州交通大学,2024,宁夏,高职(专科)批,理科,,,403,18298,
6250,兰州石化职业技术大学,2024,宁夏,高职(专科)批,理科,,,363,21705,
6251,兰州资源环境职业技术大学,2024,宁夏,高职(专科)批,理科,,,360,28983,
6273,酒泉职业技术大学,2024,宁夏,高职(专科)批,理科,,,339,32771,
6274,兰州职业技术学院,2024,宁夏,高职(专科)批,理科,,,340,22772,
6275,甘肃林业职业技术大学,2024,宁夏,高职(专科)批,理科,,,316,31693,
6276,甘肃工业职业技术大学,2024,宁夏,高职(专科)批,理科,,,331,34151,
6278,陇南师范学院,2024,宁夏,高职(专科)批,理科,,,372,25599,
6279,甘肃交通职业技术学院,2024,宁夏,高职(专科)批,理科,,,334,33292,
6281,甘肃警察学院,2024,宁夏,高职(专科)批,理科,,,346,30789,
6282,临夏现代职业学院,2024,宁夏,高职(专科)批,理科,,,299,37297,
6284,甘肃农业职业技术学院,2024,宁夏,高职(专科)批,理科,,,321,34843,
6285,甘肃畜牧工程职业技术学院,2024,宁夏,高职(专科)批,理科,,,316,34470,
6286,白银矿冶职业技术学院,2024,宁夏,高职(专科)批,理科,,,317,34843,
6287,甘肃卫生职业学院,2024,宁夏,高职(专科)批,理科,,,351,22976,
6288,甘肃建筑职业技术学院,2024,宁夏,高职(专科)批,理科,,,303,37297,
6290,兰州外语职业学院,2024,宁夏,高职(专科)批,理科,,,200,43630,
6291,武威职业技术大学,2024,宁夏,高职(专科)批,理科,,,266,34304,
6292,甘肃有色冶金职业技术学院,2024,宁夏,高职(专科)批,理科,,,307,38038,
6293,甘肃财贸职业学院,2024,宁夏,高职(专科)批,理科,,,335,30789,
6294,甘肃钢铁职业技术学院,2024,宁夏,高职(专科)批,理科,,,311,31865,
6295,庆阳职业技术学院,2024,宁夏,高职(专科)批,理科,,,321,32213,
6296,培黎职业学院,2024,宁夏,高职(专科)批,理科,,,279,41646,
6297,兰州航空职业技术学院,2024,宁夏,高职(专科)批,理科,,,335,26239,
6298,平凉职业技术学院,2024,宁夏,高职(专科)批,理科,,,233,41646,
6370,青海农牧科技职业学院,2024,宁夏,高职(专科)批,理科,,,349,30570,
6371,青海职业技术大学,2024,宁夏,高职(专科)批,理科,,,323,34151,
6373,青海柴达木职业技术学院,2024,宁夏,高职(专科)批,理科,,,308,37746,
6374,青海高等职业技术学院,2024,宁夏,高职(专科)批,理科,,,220,46488,
6378,青海卫生职业技术学院,2024,宁夏,高职(专科)批,理科,,,362,24514,
6421,宁夏医科大学,2024,宁夏,高职(专科)批,理科,,,391,19783,
6451,银川能源学院,2024,宁夏,高职(专科)批,理科,,,216,45592,
6461,银川科技学院,2024,宁夏,高职(专科)批,理科,,,246,34650,
6470,宁夏民族职业技术学院,2024,宁夏,高职(专科)批,理科,,,326,26682,
6471,宁夏工业职业学院,2024,宁夏,高职(专科)批,理科,,,345,29763,
6472,宁夏职业技术大学,2024,宁夏,高职(专科)批,理科,,,362,24299,
6473,宁夏工商职业技术大学,2024,宁夏,高职(专科)批,理科,,,352,24514,
6474,宁夏财经职业技术学院,2024,宁夏,高职(专科)批,理科,,,306,33292,
6475,宁夏警官职业学院,2024,宁夏,高职(专科)批,理科,,,340,23200,
6476,宁夏建设职业技术学院,2024,宁夏,高职(专科)批,理科,,,332,29561,
6477,宁夏葡萄酒与防沙治沙职业技术学院,2024,宁夏,高职(专科)批,理科,,,256,37470,
6478,宁夏幼儿师范高等专科学校,2024,宁夏,高职(专科)批,理科,,,323,25599,
6479,宁夏艺术职业学院,2024,宁夏,高职(专科)批,理科,,,263,43157,
6481,石嘴山工贸职业技术学院,2024,宁夏,高职(专科)批,理科,,,275,34843,
6482,宁夏卫生健康职业技术学院,2024,宁夏,高职(专科)批,理科,,,323,34470,
6483,宁夏交通职业技术学院,2024,宁夏,高职(专科)批,理科,,,232,38612,
6501,喀什理工职业技术学院,2024,宁夏,高职(专科)批,理科,,,272,38466,
6502,双河职业技术学院,2024,宁夏,高职(专科)批,理科,,,214,43246,
6550,乌鲁木齐职业大学,2024,宁夏,高职(专科)批,理科,,,329,30190,
6563,昌吉职业技术学院,2024,宁夏,高职(专科)批,理科,,,186,34151,
6564,克孜勒苏职业技术学院,2024,宁夏,高职(专科)批,理科,,,216,36554,
6566,昆玉职业技术学院,2024,宁夏,高职(专科)批,理科,,,304,37132,
6570,新疆和田学院,2024,宁夏,高职(专科)批,理科,,,272,37297,
6572,新疆师范高等专科学校,2024,宁夏,高职(专科)批,理科,,,311,28578,
6573,克拉玛依职业技术学院,2024,宁夏,高职(专科)批,理科,,,341,30570,
6575,新疆轻工职业技术学院,2024,宁夏,高职(专科)批,理科,,,265,42012,
6577,新疆铁道职业技术学院,2024,宁夏,高职(专科)批,理科,,,347,30570,
6578,巴音郭楞职业技术学院,2024,宁夏,高职(专科)批,理科,,,228,42225,
6579,新疆交通职业技术大学,2024,宁夏,高职(专科)批,理科,,,293,37896,
6580,新疆石河子职业技术学院,2024,宁夏,高职(专科)批,理科,,,300,35315,
6581,新疆职业大学,2024,宁夏,高职(专科)批,理科,,,196,27310,
6582,阿克苏职业技术学院,2024,宁夏,高职(专科)批,理科,,,284,39364,
6583,哈密职业技术学院,2024,宁夏,高职(专科)批,理科,,,300,34843,
6584,新疆科技职业技术学院,2024,宁夏,高职(专科)批,理科,,,246,42449,
6585,新疆农业职业技术大学,2024,宁夏,高职(专科)批,理科,,,253,39508,
6586,博尔塔拉职业技术学院,2024,宁夏,高职(专科)批,理科,,,264,42565,
6588,吐鲁番职业技术学院,2024,宁夏,高职(专科)批,理科,,,280,39233,
6590,新疆能源职业技术学院,2024,宁夏,高职(专科)批,理科,,,262,38466,
6592,石河子工程职业技术学院,2024,宁夏,高职(专科)批,理科,,,307,35608,
6593,塔里木职业技术学院,2024,宁夏,高职(专科)批,理科,,,269,40141,
6595,喀什职业技术学院,2024,宁夏,高职(专科)批,理科,,,302,27533,
6596,新疆建设职业技术学院,2024,宁夏,高职(专科)批,理科,,,271,40141,
6597,新疆应用职业技术学院,2024,宁夏,高职(专科)批,理科,,,298,36838,
6599,塔城职业技术学院,2024,宁夏,高职(专科)批,理科,,,281,33970,
6475,宁夏警官职业学院,2024,宁夏,高职(专科)提前批A段,理科,,,471,8067,
3692,江西航空职业技术学院,2024,宁夏,高职(专科)提前批B段,理科,,,306,38466,
3961,潍坊科技学院,2024,宁夏,高职(专科)提前批B段,理科,,,299,37896,
4090,河南交通职业技术学院,2024,宁夏,高职(专科)提前批B段,理科,,,299,39364,
4216,武昌职业学院,2024,宁夏,高职(专科)提前批B段,理科,,,298,39508,
4284,武汉交通职业学院,2024,宁夏,高职(专科)提前批B段,理科,,,341,32942,
4372,长沙航空职业技术学院,2024,宁夏,高职(专科)提前批B段,理科,,,359,29561,
4382,张家界航空工业职业技术学院,2024,宁夏,高职(专科)提前批B段,理科,,,318,36679,
4389,湖南国防工业职业技术学院,2024,宁夏,高职(专科)提前批B段,理科,,,341,32942,
5077,重庆医药高等专科学校,2024,宁夏,高职(专科)提前批B段,理科,,,332,33970,
5090,重庆航天职业技术学院,2024,宁夏,高职(专科)提前批B段,理科,,,333,33292,
5193,成都航空职业技术大学,2024,宁夏,高职(专科)提前批B段,理科,,,348,31693,
6099,延安职业技术学院,2024,宁夏,高职(专科)提前批B段,理科,,,306,37297,
6139,西安航空学院,2024,宁夏,高职(专科)提前批B段,理科,,,348,27310,
6176,西安航空职业技术学院,2024,宁夏,高职(专科)提前批B段,理科,,,349,31526,
6187,延安职业技术学院,2024,宁夏,高职(专科)提前批B段,理科,,,337,33612,
6251,兰州资源环境职业技术大学,2024,宁夏,高职(专科)提前批B段,理科,,,321,33109,
6472,宁夏职业技术大学,2024,宁夏,高职(专科)提前批B段,理科,,,320,29369,
6473,宁夏工商职业技术大学,2024,宁夏,高职(专科)提前批B段,理科,,,328,35174,
6580,新疆石河子职业技术学院,2024,宁夏,高职(专科)提前批B段,理科,,,326,34843,
1172,民政职业大学,2023,宁夏,专科批,文科,,,287,23249,
1195,北京培黎职业学院,2023,宁夏,专科批,文科,,,379,15115,
1227,天津职业大学,2023,宁夏,专科批,文科,,,409,6690,
1271,天津医学高等专科学校,2023,宁夏,专科批,文科,,,401,6457,
1272,天津中德应用技术大学,2023,宁夏,专科批,文科,,,387,14137,
1273,天津滨海职业学院,2023,宁夏,专科批,文科,,,330,13656,
1276,天津渤海职业技术学院,2023,宁夏,专科批,文科,,,403,11016,
1278,天津机电职业技术学院,2023,宁夏,专科批,文科,,,372,11825,
1279,天津现代职业技术学院,2023,宁夏,专科批,文科,,,388,13959,
1280,天津警察学院,2023,宁夏,专科批,文科,,,363,15091,
1281,天津轻工职业技术学院,2023,宁夏,专科批,文科,,,338,14203,
1282,天津商务职业学院,2023,宁夏,专科批,文科,,,318,6476,
1283,天津国土资源和房屋职业学院,2023,宁夏,专科批,文科,,,247,21753,
1287,天津工业职业学院,2023,宁夏,专科批,文科,,,338,18644,
1288,天津石油职业技术学院,2023,宁夏,专科批,文科,,,346,17145,
1289,天津城市职业学院,2023,宁夏,专科批,文科,,,289,12393,
1290,天津城市建设管理职业技术学院,2023,宁夏,专科批,文科,,,326,20863,
1291,天津生物工程职业技术学院,2023,宁夏,专科批,文科,,,342,18609,
1294,天津铁道职业技术学院,2023,宁夏,专科批,文科,,,344,10768,
1308,石家庄信息工程职业学院,2023,宁夏,专科批,文科,,,318,12046,
1309,宣化科技职业学院,2023,宁夏,专科批,文科,,,294,21591,
1311,河北轨道运输职业技术学院,2023,宁夏,专科批,文科,,,377,14487,
1312,唐山幼儿师范高等专科学校,2023,宁夏,专科批,文科,,,362,17196,
1317,承德应用技术职业学院,2023,宁夏,专科批,文科,,,338,19753,
1347,张家口学院,2023,宁夏,专科批,文科,,,453,5964,
1355,河北科技学院,2023,宁夏,专科批,文科,,,263,23781,
1371,邢台医学院,2023,宁夏,专科批,文科,,,401,10871,
1376,石家庄铁路职业技术学院,2023,宁夏,专科批,文科,,,396,10767,
1378,河北交通职业技术学院,2023,宁夏,专科批,文科,,,276,23149,
1379,河北化工医药职业技术学院,2023,宁夏,专科批,文科,,,357,15599,
1380,河北对外经贸职业学院,2023,宁夏,专科批,文科,,,239,19065,
1381,石家庄邮电职业技术学院,2023,宁夏,专科批,文科,,,401,10683,
1385,唐山职业技术学院,2023,宁夏,专科批,文科,,,385,11990,
1387,秦皇岛职业技术学院,2023,宁夏,专科批,文科,,,314,18868,
1388,沧州医学高等专科学校,2023,宁夏,专科批,文科,,,376,9064,
1389,廊坊卫生职业学院,2023,宁夏,专科批,文科,,,383,12103,
1391,廊坊职业技术学院,2023,宁夏,专科批,文科,,,281,20456,
1392,石家庄医学高等专科学校,2023,宁夏,专科批,文科,,,305,17649,
1393,石家庄人民医学高等专科学校,2023,宁夏,专科批,文科,,,315,20938,
1395,石家庄科技信息职业学院,2023,宁夏,专科批,文科,,,304,18249,
1397,石家庄工商职业学院,2023,宁夏,专科批,文科,,,281,20948,
1398,承德护理职业学院,2023,宁夏,专科批,文科,,,395,12660,
1399,石家庄幼儿师范高等专科学校,2023,宁夏,专科批,文科,,,281,23498,
1472,山西药科职业学院,2023,宁夏,专科批,文科,,,399,11451,
1474,忻州职业技术学院,2023,宁夏,专科批,文科,,,349,18655,
1475,运城护理职业学院,2023,宁夏,专科批,文科,,,408,11294,
1476,山西水利职业技术学院,2023,宁夏,专科批,文科,,,358,17418,
1480,晋中师范高等专科学校,2023,宁夏,专科批,文科,,,316,21667,
1481,运城师范高等专科学校,2023,宁夏,专科批,文科,,,344,18879,
1482,运城幼儿师范高等专科学校,2023,宁夏,专科批,文科,,,373,14826,
1486,朔州师范高等专科学校,2023,宁夏,专科批,文科,,,395,12078,
1491,山西管理职业学院,2023,宁夏,专科批,文科,,,315,21750,
1493,山西卫生健康职业学院,2023,宁夏,专科批,文科,,,384,14576,
1494,朔州职业技术学院,2023,宁夏,专科批,文科,,,247,24315,
1495,阳泉师范高等专科学校,2023,宁夏,专科批,文科,,,353,16468,
1496,太原幼儿师范高等专科学校,2023,宁夏,专科批,文科,,,337,19867,
1571,乌海职业技术学院,2023,宁夏,专科批,文科,,,335,20034,
1573,内蒙古机电职业技术学院,2023,宁夏,专科批,文科,,,340,16188,
1576,包头铁道职业技术学院,2023,宁夏,专科批,文科,,,371,14491,
1577,乌兰察布医学高等专科学校,2023,宁夏,专科批,文科,,,343,19324,
1579,阿拉善职业技术学院,2023,宁夏,专科批,文科,,,327,18548,
1580,内蒙古科技职业学院,2023,宁夏,专科批,文科,,,260,24068,
1581,内蒙古北方职业技术学院,2023,宁夏,专科批,文科,,,309,18465,
1584,赤峰工业职业技术学院,2023,宁夏,专科批,文科,,,296,19492,
1594,满洲里俄语职业学院,2023,宁夏,专科批,文科,,,280,22811,
2105,辽宁机电职业技术学院,2023,宁夏,专科批,文科,,,298,19010,
2106,辽宁现代服务职业技术学院,2023,宁夏,专科批,文科,,,319,21435,
2172,大连职业技术学院,2023,宁夏,专科批,文科,,,340,19639,
2175,辽宁职业学院,2023,宁夏,专科批,文科,,,343,19227,
2176,辽宁金融职业学院,2023,宁夏,专科批,文科,,,250,17433,
2178,辽宁轻工职业学院,2023,宁夏,专科批,文科,,,269,23863,
2179,辽宁经济职业技术学院,2023,宁夏,专科批,文科,,,298,22110,
2185,辽宁建筑职业学院,2023,宁夏,专科批,文科,,,315,20158,
2189,铁岭卫生职业学院,2023,宁夏,专科批,文科,,,335,20115,
2194,大连汽车职业技术学院,2023,宁夏,专科批,文科,,,236,24443,
2197,辽宁特殊教育师范高等专科学校,2023,宁夏,专科批,文科,,,344,19190,
2198,沈阳职业技术学院,2023,宁夏,专科批,文科,,,265,23953,
2272,长春金融高等专科学校,2023,宁夏,专科批,文科,,,303,13634,
2273,长春医学高等专科学校,2023,宁夏,专科批,文科,,,404,12056,
2277,吉林铁道职业技术大学,2023,宁夏,专科批,文科,,,376,6421,
2279,吉林司法警官职业学院,2023,宁夏,专科批,文科,,,350,17267,
2371,牡丹江大学,2023,宁夏,专科批,文科,,,235,21747,
2373,黑龙江职业学院,2023,宁夏,专科批,文科,,,291,22519,
2374,鹤岗师范高等专科学校,2023,宁夏,专科批,文科,,,296,19486,
2375,黑龙江建筑职业技术学院,2023,宁夏,专科批,文科,,,293,7003,
2376,大庆职业学院,2023,宁夏,专科批,文科,,,329,17318,
2378,哈尔滨铁道职业技术学院,2023,宁夏,专科批,文科,,,380,13120,
2381,黑龙江旅游职业技术学院,2023,宁夏,专科批,文科,,,235,12681,
2382,黑龙江能源职业学院,2023,宁夏,专科批,文科,,,304,18264,
2383,七台河职业学院,2023,宁夏,专科批,文科,,,330,15837,
2384,大庆医学高等专科学校,2023,宁夏,专科批,文科,,,384,5875,
2385,哈尔滨科学技术职业学院,2023,宁夏,专科批,文科,,,314,16052,
2387,黑龙江交通职业技术学院,2023,宁夏,专科批,文科,,,362,12614,
2388,哈尔滨职业技术大学,2023,宁夏,专科批,文科,,,282,19357,
2389,齐齐哈尔高等师范专科学校,2023,宁夏,专科批,文科,,,315,20381,
2390,黑龙江农业经济职业学院,2023,宁夏,专科批,文科,,,343,19234,
3172,上海出版印刷高等专科学校,2023,宁夏,专科批,文科,,,394,11727,
3175,上海城建职业学院,2023,宁夏,专科批,文科,,,346,17406,
3177,上海电子信息职业技术学院,2023,宁夏,专科批,文科,,,400,12498,
3179,上海民航职业技术学院,2023,宁夏,专科批,文科,,,354,14953,
3194,上海中侨职业技术大学,2023,宁夏,专科批,文科,,,309,18734,
3195,上海工商外国语职业学院,2023,宁夏,专科批,文科,,,209,22747,
3196,上海邦德职业技术学院,2023,宁夏,专科批,文科,,,272,23493,
3204,南京机电职业技术学院,2023,宁夏,专科批,文科,,,395,11170,
3219,江苏航空职业技术学院,2023,宁夏,专科批,文科,,,361,15789,
3235,江苏商贸职业学院,2023,宁夏,专科批,文科,,,376,13431,
3251,连云港职业技术学院,2023,宁夏,专科批,文科,,,351,18437,
3252,镇江市高等专科学校,2023,宁夏,专科批,文科,,,280,14554,
3256,江苏农牧科技职业学院,2023,宁夏,专科批,文科,,,404,12038,
3258,江苏护理职业学院,2023,宁夏,专科批,文科,,,396,11510,
3270,无锡职业技术大学,2023,宁夏,专科批,文科,,,407,10208,
3280,南京科技职业学院,2023,宁夏,专科批,文科,,,362,13359,
3281,常州工程职业技术学院,2023,宁夏,专科批,文科,,,326,17916,
3282,徐州工业职业技术学院,2023,宁夏,专科批,文科,,,333,8511,
3283,常州纺织服装职业技术学院,2023,宁夏,专科批,文科,,,329,18323,
3287,徐州幼儿师范高等专科学校,2023,宁夏,专科批,文科,,,348,18745,
3289,江苏农林职业技术学院,2023,宁夏,专科批,文科,,,422,9824,
3290,无锡南洋职业技术学院,2023,宁夏,专科批,文科,,,299,19643,
3291,苏州工业园区服务外包职业学院,2023,宁夏,专科批,文科,,,355,18000,
3292,苏州百年职业学院,2023,宁夏,专科批,文科,,,253,19683,
3298,江苏电子信息职业学院,2023,宁夏,专科批,文科,,,320,20241,
3299,金山职业技术学院,2023,宁夏,专科批,文科,,,170,18092,
3372,浙江金融职业学院,2023,宁夏,专科批,文科,,,404,10371,
3475,安庆医药高等专科学校,2023,宁夏,专科批,文科,,,373,13887,
3492,安徽汽车职业技术学院,2023,宁夏,专科批,文科,,,313,13435,
3500,三明医学科技职业学院,2023,宁夏,专科批,文科,,,289,13539,
3504,福州墨尔本理工职业学院,2023,宁夏,专科批,文科,,,270,12313,
3506,湄洲湾职业技术学院,2023,宁夏,专科批,文科,,,356,17919,
3514,泉州幼儿师范高等专科学校,2023,宁夏,专科批,文科,,,315,15228,
3515,闽江师范高等专科学校,2023,宁夏,专科批,文科,,,412,10946,
3572,福建农业职业技术学院,2023,宁夏,专科批,文科,,,310,22041,
3573,厦门华天涉外职业技术学院,2023,宁夏,专科批,文科,,,243,18255,
3577,福建水利电力职业技术学院,2023,宁夏,专科批,文科,,,326,20899,
3578,厦门城市职业学院,2023,宁夏,专科批,文科,,,315,21729,
3580,黎明职业大学,2023,宁夏,专科批,文科,,,287,17641,
3585,漳州职业技术学院,2023,宁夏,专科批,文科,,,366,15016,
3588,福建林业职业技术学院,2023,宁夏,专科批,文科,,,340,19627,
3591,厦门南洋职业学院,2023,宁夏,专科批,文科,,,175,22989,
3599,福建卫生职业技术学院,2023,宁夏,专科批,文科,,,376,15587,
3602,宜春幼儿师范高等专科学校,2023,宁夏,专科批,文科,,,345,16836,
3603,江西电力职业技术学院,2023,宁夏,专科批,文科,,,398,12794,
3607,江西交通职业技术学院,2023,宁夏,专科批,文科,,,365,14975,
3646,江西机电职业技术学院,2023,宁夏,专科批,文科,,,332,13738,
3647,吉安职业技术学院,2023,宁夏,专科批,文科,,,299,21563,
3651,南昌理工学院,2023,宁夏,专科批,文科,,,294,17568,
3653,南昌工学院,2023,宁夏,专科批,文科,,,306,20282,
3668,萍乡卫生职业学院,2023,宁夏,专科批,文科,,,208,17813,
3672,江西职业技术大学,2023,宁夏,专科批,文科,,,351,12276,
3673,江西司法警官职业学院,2023,宁夏,专科批,文科,,,336,19993,
3675,抚州医药学院,2023,宁夏,专科批,文科,,,381,10736,
3677,江西财经职业学院,2023,宁夏,专科批,文科,,,350,17029,
3678,江西应用技术职业学院,2023,宁夏,专科批,文科,,,330,16300,
3679,江西工业工程职业技术学院,2023,宁夏,专科批,文科,,,348,17113,
3684,江西医学高等专科学校,2023,宁夏,专科批,文科,,,383,9955,
3685,九江职业大学,2023,宁夏,专科批,文科,,,337,14611,
3690,宜春职业技术学院,2023,宁夏,专科批,文科,,,384,14091,
3698,江西新能源科技职业学院,2023,宁夏,专科批,文科,,,286,21122,
3706,枣庄职业学院,2023,宁夏,专科批,文科,,,364,11173,
3707,山东药品食品职业学院,2023,宁夏,专科批,文科,,,406,10672,
3719,泰山护理职业学院,2023,宁夏,专科批,文科,,,356,17868,
3750,齐鲁医药学院,2023,宁夏,专科批,文科,,,346,12207,
3754,青岛黄海学院,2023,宁夏,专科批,文科,,,214,22554,
3762,泰山科技学院,2023,宁夏,专科批,文科,,,247,22568,
3771,日照职业技术学院,2023,宁夏,专科批,文科,,,360,8978,
3772,青岛职业技术学院,2023,宁夏,专科批,文科,,,345,17480,
3776,山东水利职业学院,2023,宁夏,专科批,文科,,,350,17942,
3777,山东畜牧兽医职业学院,2023,宁夏,专科批,文科,,,394,13080,
3778,山东交通职业学院,2023,宁夏,专科批,文科,,,333,20248,
3779,淄博职业技术大学,2023,宁夏,专科批,文科,,,367,13745,
3782,菏泽家政职业学院,2023,宁夏,专科批,文科,,,283,19664,
3784,山东旅游职业学院,2023,宁夏,专科批,文科,,,289,19319,
3787,烟台工程职业技术学院,2023,宁夏,专科批,文科,,,260,24057,
3789,山东铝业职业学院,2023,宁夏,专科批,文科,,,173,24801,
3793,枣庄科技职业学院,2023,宁夏,专科批,文科,,,222,24354,
3794,东营职业学院,2023,宁夏,专科批,文科,,,161,20267,
3795,青岛求实职业技术学院,2023,宁夏,专科批,文科,,,226,17878,
3798,济南护理职业学院,2023,宁夏,专科批,文科,,,374,15742,
3871,盐城幼儿师范高等专科学校,2023,宁夏,专科批,文科,,,303,18771,
3981,山东司法警官职业学院,2023,宁夏,专科批,文科,,,317,17980,
4100,济源职业技术学院,2023,宁夏,专科批,文科,,,363,17097,
4102,濮阳医学高等专科学校,2023,宁夏,专科批,文科,,,370,12910,
4105,三门峡职业技术学院,2023,宁夏,专科批,文科,,,350,18208,
4108,安阳幼儿师范高等专科学校,2023,宁夏,专科批,文科,,,359,17419,
4111,周口职业技术学院,2023,宁夏,专科批,文科,,,321,21164,
4158,河南应用技术职业学院,2023,宁夏,专科批,文科,,,281,17842,
4166,郑州旅游职业学院,2023,宁夏,专科批,文科,,,309,21751,
4170,郑州幼儿师范高等专科学校,2023,宁夏,专科批,文科,,,362,17169,
4171,郑州铁路职业技术学院,2023,宁夏,专科批,文科,,,397,12831,
4173,开封大学,2023,宁夏,专科批,文科,,,357,14977,
4174,焦作大学,2023,宁夏,专科批,文科,,,399,12618,
4182,开封文化艺术职业学院,2023,宁夏,专科批,文科,,,367,16538,
4184,南阳医学高等专科学校,2023,宁夏,专科批,文科,,,368,9404,
4189,河南推拿职业学院,2023,宁夏,专科批,文科,,,346,18967,
4193,河南护理职业学院,2023,宁夏,专科批,文科,,,349,18666,
4194,洛阳职业技术学院,2023,宁夏,专科批,文科,,,375,13235,
4207,荆门职业学院,2023,宁夏,专科批,文科,,,266,17860,
4208,武汉铁路桥梁职业学院,2023,宁夏,专科批,文科,,,338,15220,
4216,武昌职业学院,2023,宁夏,专科批,文科,,,247,23990,
4217,仙桃职业学院,2023,宁夏,专科批,文科,,,341,16712,
4218,武汉船舶职业技术学院,2023,宁夏,专科批,文科,,,259,23515,
4219,长江职业学院,2023,宁夏,专科批,文科,,,291,22066,
4250,武汉生物工程学院,2023,宁夏,专科批,文科,,,323,20929,
4259,襄阳汽车职业技术学院,2023,宁夏,专科批,文科,,,309,19836,
4262,三峡大学科技学院,2023,宁夏,专科批,文科,,,333,20309,
4271,武汉职业技术大学,2023,宁夏,专科批,文科,,,417,10344,
4277,湖北交通职业技术学院,2023,宁夏,专科批,文科,,,327,20788,
4278,武汉软件工程职业学院,2023,宁夏,专科批,文科,,,380,14998,
4279,湖北三峡职业技术学院,2023,宁夏,专科批,文科,,,370,12513,
4280,随州职业技术学院,2023,宁夏,专科批,文科,,,286,21892,
4281,武汉警官职业学院,2023,宁夏,专科批,文科,,,390,12933,
4282,湖北城市建设职业技术学院,2023,宁夏,专科批,文科,,,322,18834,
4283,荆州理工职业学院,2023,宁夏,专科批,文科,,,318,19528,
4284,武汉交通职业学院,2023,宁夏,专科批,文科,,,342,16976,
4285,咸宁职业技术学院,2023,宁夏,专科批,文科,,,321,10350,
4286,长江工程职业技术学院,2023,宁夏,专科批,文科,,,322,21221,
4288,武汉民政职业学院,2023,宁夏,专科批,文科,,,370,15930,
4290,武汉外语外事职业学院,2023,宁夏,专科批,文科,,,334,20196,
4292,湖北国土资源职业学院,2023,宁夏,专科批,文科,,,315,21714,
4293,三峡电力职业学院,2023,宁夏,专科批,文科,,,362,13605,
4297,湖北水利水电职业技术学院,2023,宁夏,专科批,文科,,,371,10836,
4298,武汉铁路职业技术学院,2023,宁夏,专科批,文科,,,396,8424,
4304,湖南安全技术职业学院,2023,宁夏,专科批,文科,,,332,20403,
4305,湖南财经工业职业技术学院,2023,宁夏,专科批,文科,,,340,14486,
4370,长沙民政职业技术学院,2023,宁夏,专科批,文科,,,313,4836,
4374,湖南大众传媒职业技术学院,2023,宁夏,专科批,文科,,,376,12711,
4375,永州职业技术学院,2023,宁夏,专科批,文科,,,255,10749,
4376,湖南铁道职业技术学院,2023,宁夏,专科批,文科,,,408,8573,
4377,湖南交通职业技术学院,2023,宁夏,专科批,文科,,,346,18174,
4378,湖南工程职业技术学院,2023,宁夏,专科批,文科,,,312,16119,
4382,张家界航空工业职业技术学院,2023,宁夏,专科批,文科,,,327,13520,
4383,长沙环境保护职业技术学院,2023,宁夏,专科批,文科,,,365,13902,
4386,湖南城建职业技术学院,2023,宁夏,专科批,文科,,,231,24501,
4387,湖南石油化工职业技术学院,2023,宁夏,专科批,文科,,,324,21023,
4470,广州民航职业技术学院,2023,宁夏,专科批,文科,,,376,12309,
4488,广州卫生职业技术学院,2023,宁夏,专科批,文科,,,290,7633,
4492,惠州卫生职业技术学院,2023,宁夏,专科批,文科,,,354,17579,
4494,湛江幼儿师范专科学校,2023,宁夏,专科批,文科,,,246,24343,
4496,广东科学技术职业学院,2023,宁夏,专科批,文科,,,422,9862,
4651,海口经济学院,2023,宁夏,专科批,文科,,,170,24086,
4671,海南政法职业学院,2023,宁夏,专科批,文科,,,363,15222,
4676,海南卫生健康职业学院,2023,宁夏,专科批,文科,,,419,10146,
4691,三亚航空旅游职业学院,2023,宁夏,专科批,文科,,,226,18912,
4693,三亚中瑞酒店管理职业学院,2023,宁夏,专科批,文科,,,222,24573,
5070,重庆电力高等专科学校,2023,宁夏,专科批,文科,,,418,10268,
5071,重庆工业职业技术大学,2023,宁夏,专科批,文科,,,388,13967,
5073,重庆城市管理职业学院,2023,宁夏,专科批,文科,,,421,9893,
5075,重庆水利电力职业技术学院,2023,宁夏,专科批,文科,,,370,14887,
5076,重庆三峡医药高等专科学校,2023,宁夏,专科批,文科,,,408,9830,
5077,重庆医药高等专科学校,2023,宁夏,专科批,文科,,,425,7255,
5082,重庆建筑科技职业学院,2023,宁夏,专科批,文科,,,299,18274,
5083,重庆工商职业学院,2023,宁夏,专科批,文科,,,394,12737,
5084,重庆化工职业学院,2023,宁夏,专科批,文科,,,338,17390,
5092,重庆电子科技职业大学,2023,宁夏,专科批,文科,,,401,11370,
5096,重庆信息技术职业学院,2023,宁夏,专科批,文科,,,152,22808,
5098,重庆传媒职业学院,2023,宁夏,专科批,文科,,,203,17827,
5099,重庆艺术工程职业学院,2023,宁夏,专科批,文科,,,299,22705,
5105,资阳环境科技职业学院,2023,宁夏,专科批,文科,,,253,21085,
5107,泸州医疗器械职业学院,2023,宁夏,专科批,文科,,,311,20225,
5118,德阳科贸职业学院,2023,宁夏,专科批,文科,,,265,16366,
5155,广元中核职业技术学院,2023,宁夏,专科批,文科,,,255,20101,
5157,四川华新现代职业学院,2023,宁夏,专科批,文科,,,272,19046,
5158,眉山药科职业学院,2023,宁夏,专科批,文科,,,305,20686,
5163,成都银杏酒店管理学院,2023,宁夏,专科批,文科,,,293,22394,
5165,成都外国语学院,2023,宁夏,专科批,文科,,,293,8594,
5167,西南财经大学天府学院,2023,宁夏,专科批,文科,,,362,12966,
5168,四川文化艺术学院,2023,宁夏,专科批,文科,,,348,16634,
5171,川北幼儿师范高等专科学校,2023,宁夏,专科批,文科,,,351,18497,
5173,南充职业技术学院,2023,宁夏,专科批,文科,,,386,14252,
5176,绵阳职业技术学院,2023,宁夏,专科批,文科,,,362,17127,
5177,四川工程职业技术大学,2023,宁夏,专科批,文科,,,333,7803,
5178,四川建筑职业技术学院,2023,宁夏,专科批,文科,,,376,12926,
5181,四川职业技术学院,2023,宁夏,专科批,文科,,,344,19191,
5183,四川幼儿师范高等专科学校,2023,宁夏,专科批,文科,,,300,22684,
5184,四川交通职业技术学院,2023,宁夏,专科批,文科,,,384,14608,
5185,四川西南航空职业学院,2023,宁夏,专科批,文科,,,245,21517,
5186,雅安职业技术学院,2023,宁夏,专科批,文科,,,355,17957,
5187,四川国际标榜职业学院,2023,宁夏,专科批,文科,,,310,22070,
5189,民办四川天一学院,2023,宁夏,专科批,文科,,,305,20536,
5190,四川汽车职业技术学院,2023,宁夏,专科批,文科,,,265,22613,
5194,四川文化产业职业学院,2023,宁夏,专科批,文科,,,260,24054,
5197,四川城市职业学院,2023,宁夏,专科批,文科,,,240,21965,
5199,资阳口腔职业学院,2023,宁夏,专科批,文科,,,276,20193,
5360,丽江文化旅游学院,2023,宁夏,专科批,文科,,,286,20454,
5371,云南国土资源职业学院,2023,宁夏,专科批,文科,,,355,17523,
5372,云南林业职业技术学院,2023,宁夏,专科批,文科,,,244,17639,
5376,云南医药健康职业学院,2023,宁夏,专科批,文科,,,294,22538,
5378,昭通卫生职业学院,2023,宁夏,专科批,文科,,,293,16708,
5381,云南理工职业学院,2023,宁夏,专科批,文科,,,166,21243,
5471,拉萨师范学院,2023,宁夏,专科批,文科,,,278,20769,
6001,宝鸡三和职业学院,2023,宁夏,专科批,文科,,,292,21278,
6003,宝鸡中北职业学院,2023,宁夏,专科批,文科,,,153,20096,
6100,陕西工商职业学院,2023,宁夏,专科批,文科,,,364,16719,
6107,陕西机电职业技术学院,2023,宁夏,专科批,文科,,,376,11460,
6108,陕西警察学院,2023,宁夏,专科批,文科,,,384,7944,
6109,陕西职业技术学院,2023,宁夏,专科批,文科,,,329,20633,
6117,陕西航空职业技术学院,2023,宁夏,专科批,文科,,,354,16395,
6118,榆林能源科技职业学院,2023,宁夏,专科批,文科,,,324,18399,
6151,西安外事学院,2023,宁夏,专科批,文科,,,357,8020,
6152,西安翻译学院,2023,宁夏,专科批,文科,,,349,16127,
6154,西安思源学院,2023,宁夏,专科批,文科,,,320,14280,
6155,陕西国际商贸学院,2023,宁夏,专科批,文科,,,307,9302,
6156,西安明德理工学院,2023,宁夏,专科批,文科,,,178,23393,
6157,陕西服装工程学院,2023,宁夏,专科批,文科,,,342,15144,
6158,西安交通工程学院,2023,宁夏,专科批,文科,,,323,21068,
6164,西安工商学院,2023,宁夏,专科批,文科,,,361,14598,
6167,西安科技大学高新学院,2023,宁夏,专科批,文科,,,378,14381,
6168,铜川职业技术学院,2023,宁夏,专科批,文科,,,353,17705,
6169,陕西青年职业学院,2023,宁夏,专科批,文科,,,381,11949,
6170,陕西工业职业技术大学,2023,宁夏,专科批,文科,,,403,8307,
6171,陕西农林职业技术大学,2023,宁夏,专科批,文科,,,355,17517,
6172,陕西艺术职业学院,2023,宁夏,专科批,文科,,,345,19084,
6174,陕西能源职业技术学院,2023,宁夏,专科批,文科,,,395,8505,
6175,陕西国防工业职业技术学院,2023,宁夏,专科批,文科,,,416,9101,
6176,西安航空职业技术学院,2023,宁夏,专科批,文科,,,376,12999,
6177,陕西财经职业技术学院,2023,宁夏,专科批,文科,,,376,8012,
6178,陕西交通职业技术学院,2023,宁夏,专科批,文科,,,375,8982,
6179,陕西铁路工程职业技术学院,2023,宁夏,专科批,文科,,,413,9667,
6180,宝鸡职业技术学院,2023,宁夏,专科批,文科,,,404,7967,
6181,陕西邮电职业技术学院,2023,宁夏,专科批,文科,,,357,9453,
6183,西安铁路职业技术学院,2023,宁夏,专科批,文科,,,418,8665,
6184,咸阳职业技术学院,2023,宁夏,专科批,文科,,,414,9413,
6185,西安职业技术学院,2023,宁夏,专科批,文科,,,378,14680,
6186,汉中职业技术学院,2023,宁夏,专科批,文科,,,391,10446,
6187,延安职业技术学院,2023,宁夏,专科批,文科,,,363,15449,
6188,渭南职业技术学院,2023,宁夏,专科批,文科,,,401,11160,
6189,安康职业技术学院,2023,宁夏,专科批,文科,,,370,14812,
6190,西安高新科技职业学院,2023,宁夏,专科批,文科,,,286,17049,
6191,西安城市建设职业学院,2023,宁夏,专科批,文科,,,175,18314,
6192,商洛职业技术学院,2023,宁夏,专科批,文科,,,363,16455,
6193,榆林职业技术学院,2023,宁夏,专科批,文科,,,381,13660,
6194,陕西电子信息职业技术学院,2023,宁夏,专科批,文科,,,306,21443,
6195,西安海棠职业学院,2023,宁夏,专科批,文科,,,329,15987,
6196,西安汽车职业大学,2023,宁夏,专科批,文科,,,198,18588,
6197,西安信息职业大学,2023,宁夏,专科批,文科,,,204,18533,
6198,陕西旅游烹饪职业学院,2023,宁夏,专科批,文科,,,226,23408,
6199,西安医学高等专科学校,2023,宁夏,专科批,文科,,,383,12486,
6221,兰州交通大学,2023,宁夏,专科批,文科,,,460,5557,
6250,兰州石化职业技术大学,2023,宁夏,专科批,文科,,,390,10945,
6251,兰州资源环境职业技术大学,2023,宁夏,专科批,文科,,,373,14900,
6273,酒泉职业技术大学,2023,宁夏,专科批,文科,,,379,14677,
6274,兰州职业技术学院,2023,宁夏,专科批,文科,,,380,14465,
6275,甘肃林业职业技术大学,2023,宁夏,专科批,文科,,,328,18762,
6276,甘肃工业职业技术大学,2023,宁夏,专科批,文科,,,361,14594,
6278,陇南师范学院,2023,宁夏,专科批,文科,,,414,10069,
6279,甘肃交通职业技术学院,2023,宁夏,专科批,文科,,,344,17720,
6281,甘肃警察学院,2023,宁夏,专科批,文科,,,380,14950,
6282,临夏现代职业学院,2023,宁夏,专科批,文科,,,339,17761,
6284,甘肃农业职业技术学院,2023,宁夏,专科批,文科,,,284,20915,
6285,甘肃畜牧工程职业技术学院,2023,宁夏,专科批,文科,,,341,15483,
6286,白银矿冶职业技术学院,2023,宁夏,专科批,文科,,,215,21129,
6287,甘肃卫生职业学院,2023,宁夏,专科批,文科,,,421,6895,
6288,甘肃建筑职业技术学院,2023,宁夏,专科批,文科,,,331,19448,
6290,兰州外语职业学院,2023,宁夏,专科批,文科,,,273,16910,
6291,武威职业技术大学,2023,宁夏,专科批,文科,,,362,16528,
6292,甘肃有色冶金职业技术学院,2023,宁夏,专科批,文科,,,173,18530,
6293,甘肃财贸职业学院,2023,宁夏,专科批,文科,,,352,16208,
6294,甘肃钢铁职业技术学院,2023,宁夏,专科批,文科,,,329,17348,
6295,庆阳职业技术学院,2023,宁夏,专科批,文科,,,338,19290,
6296,培黎职业学院,2023,宁夏,专科批,文科,,,352,16112,
6297,兰州航空职业技术学院,2023,宁夏,专科批,文科,,,344,19194,
6370,青海农牧科技职业学院,2023,宁夏,专科批,文科,,,379,13884,
6371,青海职业技术大学,2023,宁夏,专科批,文科,,,358,9705,
6461,银川科技学院,2023,宁夏,专科批,文科,,,345,18201,
6470,宁夏民族职业技术学院,2023,宁夏,专科批,文科,,,371,8638,
6472,宁夏职业技术大学,2023,宁夏,专科批,文科,,,387,10390,
6473,宁夏工商职业技术大学,2023,宁夏,专科批,文科,,,405,13151,
6474,宁夏财经职业技术学院,2023,宁夏,专科批,文科,,,387,11003,
6475,宁夏警官职业学院,2023,宁夏,专科批,文科,,,387,7833,
6476,宁夏建设职业技术学院,2023,宁夏,专科批,文科,,,374,13913,
6477,宁夏葡萄酒与防沙治沙职业技术学院,2023,宁夏,专科批,文科,,,368,10402,
6478,宁夏幼儿师范高等专科学校,2023,宁夏,专科批,文科,,,387,8783,
6479,宁夏艺术职业学院,2023,宁夏,专科批,文科,,,193,24464,
6481,石嘴山工贸职业技术学院,2023,宁夏,专科批,文科,,,367,9381,
6482,宁夏卫生健康职业技术学院,2023,宁夏,专科批,文科,,,384,15174,
6550,乌鲁木齐职业大学,2023,宁夏,专科批,文科,,,290,11201,
6563,昌吉职业技术学院,2023,宁夏,专科批,文科,,,291,20273,
6570,新疆和田学院,2023,宁夏,专科批,文科,,,332,16329,
6572,新疆师范高等专科学校,2023,宁夏,专科批,文科,,,380,13166,
6574,新疆生产建设兵团兴新职业技术学院,2023,宁夏,专科批,文科,,,248,19069,
6575,新疆轻工职业技术学院,2023,宁夏,专科批,文科,,,250,18393,
6579,新疆交通职业技术大学,2023,宁夏,专科批,文科,,,332,19623,
6580,新疆石河子职业技术学院,2023,宁夏,专科批,文科,,,315,17750,
6581,新疆职业大学,2023,宁夏,专科批,文科,,,315,17524,
6582,阿克苏职业技术学院,2023,宁夏,专科批,文科,,,307,17960,
6583,哈密职业技术学院,2023,宁夏,专科批,文科,,,331,19209,
6584,新疆科技职业技术学院,2023,宁夏,专科批,文科,,,318,17668,
6586,博尔塔拉职业技术学院,2023,宁夏,专科批,文科,,,339,15361,
6592,石河子工程职业技术学院,2023,宁夏,专科批,文科,,,264,16254,
6593,塔里木职业技术学院,2023,宁夏,专科批,文科,,,246,18645,
6595,喀什职业技术学院,2023,宁夏,专科批,文科,,,307,21557,
6596,新疆建设职业技术学院,2023,宁夏,专科批,文科,,,265,21595,
6597,新疆应用职业技术学院,2023,宁夏,专科批,文科,,,304,19149,
1001,北京大学,2023,宁夏,本科一批,文科,,,635,50,
1002,清华大学,2023,宁夏,本科一批,文科,,,642,50,
1003,中国人民大学,2023,宁夏,本科一批,文科,,,619,50,
1004,北京航空航天大学,2023,宁夏,本科一批,文科,,,591,165,
1005,北京理工大学,2023,宁夏,本科一批,文科,,,509,2014,
1007,北京师范大学,2023,宁夏,本科一批,文科,,,552,577,
1008,中央民族大学,2023,宁夏,本科一批,文科,,,526,297,
1012,北京化工大学,2023,宁夏,本科一批,文科,,,534,1012,
1016,北京中医药大学,2023,宁夏,本科一批,文科,,,551,201,
1017,北京外国语大学,2023,宁夏,本科一批,文科,,,483,575,
1018,中国传媒大学,2023,宁夏,本科一批,文科,,,500,269,
1019,中央财经大学,2023,宁夏,本科一批,文科,,,551,138,
1111,对外经济贸易大学,2023,宁夏,本科一批,文科,,,507,167,
1112,北京体育大学,2023,宁夏,本科一批,文科,,,495,1216,
1113,中国政法大学,2023,宁夏,本科一批,文科,,,593,110,
1114,华北电力大学(北京),2023,宁夏,本科一批,文科,,,525,612,
1124,首都经济贸易大学,2023,宁夏,本科一批,文科,,,529,1004,
1128,北京印刷学院,2023,宁夏,本科一批,文科,,,516,929,
1131,北京物资学院,2023,宁夏,本科一批,文科,,,495,2465,
1135,中国戏曲学院,2023,宁夏,本科一批,文科,,,511,1937,
1142,北京语言大学,2023,宁夏,本科一批,文科,,,460,5613,
1201,南开大学,2023,宁夏,本科一批,文科,,,604,75,
1220,天津科技大学,2023,宁夏,本科一批,文科,,,486,933,
1222,中国民航大学,2023,宁夏,本科一批,文科,,,505,1109,
1226,天津师范大学,2023,宁夏,本科一批,文科,,,498,701,
1228,天津外国语大学,2023,宁夏,本科一批,文科,,,492,1545,
1230,天津财经大学,2023,宁夏,本科一批,文科,,,494,1244,
1301,东北大学秦皇岛分校,2023,宁夏,本科一批,文科,,,540,896,
1310,华北电力大学(保定),2023,宁夏,本科一批,文科,,,529,724,
1322,华北理工大学,2023,宁夏,本科一批,文科,,,482,2215,
1323,石家庄铁道大学,2023,宁夏,本科一批,文科,,,504,2259,
1329,河北师范大学,2023,宁夏,本科一批,文科,,,529,1005,
1423,山西医科大学,2023,宁夏,本科一批,文科,,,488,3240,
1424,山西财经大学,2023,宁夏,本科一批,文科,,,485,1872,
1511,内蒙古大学,2023,宁夏,本科一批,文科,,,487,3282,
2111,大连海事大学,2023,宁夏,本科一批,文科,,,543,720,
2120,东北财经大学,2023,宁夏,本科一批,文科,,,542,698,
2201,吉林大学,2023,宁夏,本科一批,文科,,,492,414,
2210,延边大学,2023,宁夏,本科一批,文科,,,503,1970,
2211,东北师范大学,2023,宁夏,本科一批,文科,,,505,254,
2220,长春理工大学,2023,宁夏,本科一批,文科,,,488,2647,
2301,哈尔滨工业大学,2023,宁夏,本科一批,文科,,,567,288,
2311,东北林业大学,2023,宁夏,本科一批,文科,,,491,1179,
2312,东北农业大学,2023,宁夏,本科一批,文科,,,514,1656,
2320,黑龙江大学,2023,宁夏,本科一批,文科,,,489,1581,
2322,东北石油大学,2023,宁夏,本科一批,文科,,,489,2873,
2329,哈尔滨商业大学,2023,宁夏,本科一批,文科,,,498,2340,
3100,复旦大学,2023,宁夏,本科一批,文科,,,626,50,
3102,上海交通大学,2023,宁夏,本科一批,文科,,,628,50,
3112,上海外国语大学,2023,宁夏,本科一批,文科,,,556,312,
3121,上海海事大学,2023,宁夏,本科一批,文科,,,521,986,
3124,华东政法大学,2023,宁夏,本科一批,文科,,,549,160,
3130,上海立信会计金融学院,2023,宁夏,本科一批,文科,,,491,917,
3201,南京大学,2023,宁夏,本科一批,文科,,,612,52,
3210,苏州大学,2023,宁夏,本科一批,文科,,,556,365,
3213,中国矿业大学(徐州),2023,宁夏,本科一批,文科,,,545,784,
3214,河海大学,2023,宁夏,本科一批,文科,,,554,549,
3217,中国药科大学,2023,宁夏,本科一批,文科,,,500,1852,
3220,江苏科技大学,2023,宁夏,本科一批,文科,,,489,1999,
3221,南京工业大学,2023,宁夏,本科一批,文科,,,497,2640,
3222,常州大学,2023,宁夏,本科一批,文科,,,497,2195,
3224,南京林业大学,2023,宁夏,本科一批,文科,,,520,1146,
3225,江苏大学,2023,宁夏,本科一批,文科,,,521,1028,
3226,南京信息工程大学,2023,宁夏,本科一批,文科,,,521,1310,
3229,南京财经大学,2023,宁夏,本科一批,文科,,,521,1072,
3233,苏州科技大学,2023,宁夏,本科一批,文科,,,497,1271,
3245,南京审计大学,2023,宁夏,本科一批,文科,,,544,541,
3250,西交利物浦大学,2023,宁夏,本科一批,文科,,,493,2827,
3301,浙江大学,2023,宁夏,本科一批,文科,,,612,50,
3322,浙江农林大学,2023,宁夏,本科一批,文科,,,491,1547,
3324,浙江工商大学,2023,宁夏,本科一批,文科,,,496,847,
3326,中国计量大学,2023,宁夏,本科一批,文科,,,509,2022,
3328,浙江师范大学,2023,宁夏,本科一批,文科,,,489,818,
3329,浙江财经大学,2023,宁夏,本科一批,文科,,,516,934,
3411,合肥工业大学(宣城校区),2023,宁夏,本科一批,文科,,,541,791,
3421,安徽农业大学,2023,宁夏,本科一批,文科,,,515,1588,
3423,安徽财经大学,2023,宁夏,本科一批,文科,,,501,1476,
3501,厦门大学,2023,宁夏,本科一批,文科,,,595,111,
3510,福州大学,2023,宁夏,本科一批,文科,,,530,1173,
3520,华侨大学,2023,宁夏,本科一批,文科,,,513,1340,
3521,福建农林大学,2023,宁夏,本科一批,文科,,,498,2239,
3524,福建师范大学,2023,宁夏,本科一批,文科,,,512,1748,
3610,南昌大学,2023,宁夏,本科一批,文科,,,548,689,
3621,东华理工大学,2023,宁夏,本科一批,文科,,,497,2654,
3622,江西理工大学,2023,宁夏,本科一批,文科,,,504,2121,
3626,江西师范大学,2023,宁夏,本科一批,文科,,,497,770,
3627,江西财经大学,2023,宁夏,本科一批,文科,,,510,1014,
3628,江西科技师范大学,2023,宁夏,本科一批,文科,,,488,2073,
3701,山东大学,2023,宁夏,本科一批,文科,,,525,178,
3702,山东大学(威海校区),2023,宁夏,本科一批,文科,,,563,392,
3703,中国海洋大学,2023,宁夏,本科一批,文科,,,503,486,
3720,山东科技大学,2023,宁夏,本科一批,文科,,,509,1811,
3722,济南大学,2023,宁夏,本科一批,文科,,,494,1541,
3725,山东理工大学,2023,宁夏,本科一批,文科,,,506,2103,
3731,山东财经大学,2023,宁夏,本科一批,文科,,,508,789,
3734,青岛大学,2023,宁夏,本科一批,文科,,,493,757,
3738,山东师范大学,2023,宁夏,本科一批,文科,,,526,878,
4110,郑州大学,2023,宁夏,本科一批,文科,,,542,690,
4119,河南师范大学,2023,宁夏,本科一批,文科,,,489,2915,
4128,河南大学,2023,宁夏,本科一批,文科,,,493,735,
4130,河南财经政法大学,2023,宁夏,本科一批,文科,,,514,1409,
4201,武汉大学,2023,宁夏,本科一批,文科,,,608,64,
4202,华中科技大学,2023,宁夏,本科一批,文科,,,520,387,
4210,中国地质大学(武汉),2023,宁夏,本科一批,文科,,,537,666,
4211,武汉理工大学,2023,宁夏,本科一批,文科,,,501,629,
4213,中南财经政法大学,2023,宁夏,本科一批,文科,,,519,300,
4221,长江大学,2023,宁夏,本科一批,文科,,,509,1796,
4222,武汉工程大学,2023,宁夏,本科一批,文科,,,492,2724,
4224,湖北工业大学,2023,宁夏,本科一批,文科,,,491,1694,
4225,湖北大学,2023,宁夏,本科一批,文科,,,510,1353,
4227,中南民族大学,2023,宁夏,本科一批,文科,,,498,1069,
4228,三峡大学,2023,宁夏,本科一批,文科,,,487,2713,
4301,中南大学,2023,宁夏,本科一批,文科,,,503,251,
4302,湖南大学,2023,宁夏,本科一批,文科,,,504,265,
4310,湖南师范大学,2023,宁夏,本科一批,文科,,,543,651,
4320,湘潭大学,2023,宁夏,本科一批,文科,,,506,683,
4322,长沙理工大学,2023,宁夏,本科一批,文科,,,497,1468,
4323,湖南农业大学,2023,宁夏,本科一批,文科,,,489,2558,
4324,中南林业科技大学,2023,宁夏,本科一批,文科,,,495,2650,
4326,南华大学,2023,宁夏,本科一批,文科,,,511,1858,
4327,湖南工业大学,2023,宁夏,本科一批,文科,,,484,2166,
4328,湖南科技大学,2023,宁夏,本科一批,文科,,,497,1765,
4346,湖南工商大学,2023,宁夏,本科一批,文科,,,505,1098,
4401,中山大学,2023,宁夏,本科一批,文科,,,600,84,
4410,暨南大学,2023,宁夏,本科一批,文科,,,513,639,
4411,哈尔滨工业大学(深圳),2023,宁夏,本科一批,文科,,,578,256,
4425,广州大学,2023,宁夏,本科一批,文科,,,525,1026,
4426,广东工业大学,2023,宁夏,本科一批,文科,,,496,2251,
4427,南方医科大学,2023,宁夏,本科一批,文科,,,494,2210,
4428,华南师范大学,2023,宁夏,本科一批,文科,,,551,492,
4429,深圳大学,2023,宁夏,本科一批,文科,,,541,558,
4431,深圳技术大学,2023,宁夏,本科一批,文科,,,501,1710,
4610,海南大学,2023,宁夏,本科一批,文科,,,542,723,
4621,海南师范大学,2023,宁夏,本科一批,文科,,,505,1841,
5001,重庆大学,2023,宁夏,本科一批,文科,,,539,747,
5023,重庆师范大学,2023,宁夏,本科一批,文科,,,502,963,
5024,西南政法大学,2023,宁夏,本科一批,文科,,,553,433,
5027,重庆工商大学,2023,宁夏,本科一批,文科,,,489,1962,
5101,四川大学,2023,宁夏,本科一批,文科,,,582,144,
5110,西南交通大学,2023,宁夏,本科一批,文科,,,547,564,
5112,西南财经大学,2023,宁夏,本科一批,文科,,,559,204,
5121,成都理工大学,2023,宁夏,本科一批,文科,,,488,2752,
5123,成都信息工程大学,2023,宁夏,本科一批,文科,,,508,1884,
5129,西南民族大学,2023,宁夏,本科一批,文科,,,516,1315,
5133,四川师范大学,2023,宁夏,本科一批,文科,,,504,809,
5211,贵州大学,2023,宁夏,本科一批,文科,,,529,1161,
5311,云南大学,2023,宁夏,本科一批,文科,,,539,754,
6101,西安交通大学,2023,宁夏,本科一批,文科,,,577,274,
6102,西北工业大学,2023,宁夏,本科一批,文科,,,563,439,
6103,西北农林科技大学,2023,宁夏,本科一批,文科,,,526,753,
6110,西北大学,2023,宁夏,本科一批,文科,,,551,462,
6112,长安大学,2023,宁夏,本科一批,文科,,,547,674,
6121,西安工业大学,2023,宁夏,本科一批,文科,,,492,2394,
6122,西安建筑科技大学,2023,宁夏,本科一批,文科,,,489,2638,
6123,西安科技大学,2023,宁夏,本科一批,文科,,,496,2198,
6124,西安石油大学,2023,宁夏,本科一批,文科,,,490,2085,
6126,西安工程大学,2023,宁夏,本科一批,文科,,,494,2811,
6127,陕西中医药大学,2023,宁夏,本科一批,文科,,,529,993,
6130,西安外国语大学,2023,宁夏,本科一批,文科,,,489,664,
6131,西北政法大学,2023,宁夏,本科一批,文科,,,515,421,
6135,西安财经大学,2023,宁夏,本科一批,文科,,,492,1385,
6136,西安邮电大学,2023,宁夏,本科一批,文科,,,502,1935,
6201,兰州大学,2023,宁夏,本科一批,文科,,,541,497,
6221,兰州交通大学,2023,宁夏,本科一批,文科,,,477,2431,
6223,西北师范大学,2023,宁夏,本科一批,文科,,,487,1080,
6225,西北民族大学,2023,宁夏,本科一批,文科,,,488,1975,
6226,甘肃政法大学,2023,宁夏,本科一批,文科,,,509,1284,
6227,甘肃中医药大学,2023,宁夏,本科一批,文科,,,515,1106,
6411,宁夏大学,2023,宁夏,本科一批,文科,,,478,1402,
6421,宁夏医科大学,2023,宁夏,本科一批,文科,,,488,1930,
6422,北方民族大学,2023,宁夏,本科一批,文科,,,488,2725,
6510,新疆大学,2023,宁夏,本科一批,文科,,,509,1553,
1130,北京农学院,2023,宁夏,本科二批,文科,,,453,6221,
1139,北京联合大学,2023,宁夏,本科二批,文科,,,504,2267,
1149,中国劳动关系学院,2023,宁夏,本科二批,文科,,,488,2731,
1163,北京工业大学耿丹学院,2023,宁夏,本科二批,文科,,,443,6943,
1227,天津职业技术师范大学,2023,宁夏,本科二批,文科,,,475,2804,
1229,天津商业大学,2023,宁夏,本科二批,文科,,,493,2728,
1250,天津天狮学院,2023,宁夏,本科二批,文科,,,438,7635,
1260,天津外国语大学滨海外事学院,2023,宁夏,本科二批,文科,,,447,5367,
1262,天津商业大学宝德学院,2023,宁夏,本科二批,文科,,,455,5757,
1266,天津理工大学中环信息学院,2023,宁夏,本科二批,文科,,,454,5951,
1267,北京科技大学天津学院,2023,宁夏,本科二批,文科,,,459,5269,
1268,天津仁爱学院,2023,宁夏,本科二批,文科,,,446,6357,
1269,天津财经大学珠江学院,2023,宁夏,本科二批,文科,,,459,5544,
1272,天津中德应用技术大学,2023,宁夏,本科二批,文科,,,473,4405,
1321,河北工程大学,2023,宁夏,本科二批,文科,,,483,3517,
1325,河北地质大学,2023,宁夏,本科二批,文科,,,480,3130,
1328,河北医科大学,2023,宁夏,本科二批,文科,,,478,3986,
1332,沧州师范学院,2023,宁夏,本科二批,文科,,,478,3658,
1341,邢台学院,2023,宁夏,本科二批,文科,,,476,3877,
1342,华北科技学院,2023,宁夏,本科二批,文科,,,469,3590,
1343,河北金融学院,2023,宁夏,本科二批,文科,,,455,6023,
1346,邯郸学院,2023,宁夏,本科二批,文科,,,472,4280,
1347,张家口学院,2023,宁夏,本科二批,文科,,,478,3715,
1351,华北理工大学轻工学院,2023,宁夏,本科二批,文科,,,446,7062,
1352,河北外国语学院,2023,宁夏,本科二批,文科,,,438,7089,
1356,河北东方学院,2023,宁夏,本科二批,文科,,,444,6406,
1361,河北工程大学科信学院,2023,宁夏,本科二批,文科,,,458,5073,
1363,石家庄铁道大学四方学院,2023,宁夏,本科二批,文科,,,459,5477,
1365,燕京理工学院,2023,宁夏,本科二批,文科,,,464,5248,
1366,北京中医药大学东方学院,2023,宁夏,本科二批,文科,,,467,4888,
1369,河北地质大学华信学院,2023,宁夏,本科二批,文科,,,453,6283,
1383,河北环境工程学院,2023,宁夏,本科二批,文科,,,463,4800,
1422,山西农业大学,2023,宁夏,本科二批,文科,,,455,3804,
1423,山西医科大学,2023,宁夏,本科二批,文科,,,476,3913,
1425,山西中医药大学,2023,宁夏,本科二批,文科,,,485,3065,
1440,山西大同大学,2023,宁夏,本科二批,文科,,,467,4953,
1441,太原师范学院,2023,宁夏,本科二批,文科,,,473,3208,
1443,晋中学院,2023,宁夏,本科二批,文科,,,471,4302,
1444,运城学院,2023,宁夏,本科二批,文科,,,468,4624,
1445,吕梁学院,2023,宁夏,本科二批,文科,,,473,4036,
1447,山西传媒学院,2023,宁夏,本科二批,文科,,,475,4179,
1448,太原学院,2023,宁夏,本科二批,文科,,,476,3773,
1460,山西晋中理工学院,2023,宁夏,本科二批,文科,,,452,6345,
1462,晋中信息学院,2023,宁夏,本科二批,文科,,,450,6095,
1520,内蒙古科技大学,2023,宁夏,本科二批,文科,,,468,4786,
1524,内蒙古师范大学,2023,宁夏,本科二批,文科,,,474,4123,
1526,内蒙古财经大学,2023,宁夏,本科二批,文科,,,483,3564,
1540,赤峰学院,2023,宁夏,本科二批,文科,,,474,4199,
1541,呼伦贝尔学院,2023,宁夏,本科二批,文科,,,466,5008,
1542,集宁师范学院,2023,宁夏,本科二批,文科,,,462,4854,
1560,内蒙古鸿德文理学院,2023,宁夏,本科二批,文科,,,455,6026,
2122,辽宁科技大学,2023,宁夏,本科二批,文科,,,475,3078,
2135,大连大学,2023,宁夏,本科二批,文科,,,469,4719,
2139,沈阳大学,2023,宁夏,本科二批,文科,,,491,3056,
2140,鞍山师范学院,2023,宁夏,本科二批,文科,,,471,4534,
2143,大连民族大学,2023,宁夏,本科二批,文科,,,463,4244,
2149,辽宁师范大学,2023,宁夏,本科二批,文科,,,475,4169,
2150,辽宁对外经贸学院,2023,宁夏,本科二批,文科,,,447,6927,
2152,大连东软信息学院,2023,宁夏,本科二批,文科,,,440,7696,
2159,辽宁中医药大学杏林学院,2023,宁夏,本科二批,文科,,,453,4983,
2160,渤海大学,2023,宁夏,本科二批,文科,,,480,3695,
2161,大连工业大学艺术与信息工程学院,2023,宁夏,本科二批,文科,,,440,7722,
2162,沈阳科技学院,2023,宁夏,本科二批,文科,,,440,6772,
2169,大连财经学院,2023,宁夏,本科二批,文科,,,450,5029,
2225,吉林师范大学,2023,宁夏,本科二批,文科,,,472,3815,
2226,吉林财经大学,2023,宁夏,本科二批,文科,,,465,3242,
2228,吉林建筑大学,2023,宁夏,本科二批,文科,,,467,4620,
2241,通化师范学院,2023,宁夏,本科二批,文科,,,472,4482,
2243,吉林工商学院,2023,宁夏,本科二批,文科,,,464,4640,
2244,长春工程学院,2023,宁夏,本科二批,文科,,,468,4750,
2245,吉林农业科技学院,2023,宁夏,本科二批,文科,,,475,4162,
2246,长春大学,2023,宁夏,本科二批,文科,,,482,3599,
2250,吉林外国语大学,2023,宁夏,本科二批,文科,,,443,5895,
2253,长春科技学院,2023,宁夏,本科二批,文科,,,445,6997,
2260,长春电子科技学院,2023,宁夏,本科二批,文科,,,445,7172,
2261,长春财经学院,2023,宁夏,本科二批,文科,,,444,6919,
2262,长春大学旅游学院,2023,宁夏,本科二批,文科,,,435,7778,
2327,哈尔滨师范大学,2023,宁夏,本科二批,文科,,,475,4200,
2328,齐齐哈尔大学,2023,宁夏,本科二批,文科,,,478,3766,
2340,哈尔滨学院,2023,宁夏,本科二批,文科,,,486,3222,
2341,哈尔滨金融学院,2023,宁夏,本科二批,文科,,,467,4725,
2344,黑龙江财经学院,2023,宁夏,本科二批,文科,,,429,7761,
2351,哈尔滨华德学院,2023,宁夏,本科二批,文科,,,421,9967,
2352,黑龙江工程学院昆仑旅游学院,2023,宁夏,本科二批,文科,,,435,8037,
3142,上海商学院,2023,宁夏,本科二批,文科,,,482,3411,
3150,上海杉达学院,2023,宁夏,本科二批,文科,,,431,5076,
3151,上海建桥学院,2023,宁夏,本科二批,文科,,,431,8628,
3161,上海外国语大学贤达经济人文学院,2023,宁夏,本科二批,文科,,,443,7018,
3191,上海立达学院,2023,宁夏,本科二批,文科,,,433,8561,
3194,上海中侨职业技术大学,2023,宁夏,本科二批,文科,,,435,7869,
3241,盐城师范学院,2023,宁夏,本科二批,文科,,,455,4615,
3242,金陵科技学院,2023,宁夏,本科二批,文科,,,459,4695,
3243,徐州工程学院,2023,宁夏,本科二批,文科,,,471,4016,
3244,南京工程学院,2023,宁夏,本科二批,文科,,,470,4627,
3264,无锡学院,2023,宁夏,本科二批,文科,,,483,3330,
3267,南京审计大学金审学院,2023,宁夏,本科二批,文科,,,472,3519,
3269,常州大学怀德学院,2023,宁夏,本科二批,文科,,,452,5417,
3272,南京工业职业技术大学,2023,宁夏,本科二批,文科,,,464,5234,
3277,南京特殊教育师范学院,2023,宁夏,本科二批,文科,,,471,3693,
3341,温州大学,2023,宁夏,本科二批,文科,,,489,2747,
3342,浙江传媒学院,2023,宁夏,本科二批,文科,,,489,2395,
3343,浙江水利水电学院,2023,宁夏,本科二批,文科,,,465,4324,
3360,宁波大学科学技术学院,2023,宁夏,本科二批,文科,,,450,6190,
3422,淮北师范大学,2023,宁夏,本科二批,文科,,,489,1755,
3427,安徽中医药大学,2023,宁夏,本科二批,文科,,,487,2737,
3460,蚌埠工商学院,2023,宁夏,本科二批,文科,,,449,6398,
3463,池州学院,2023,宁夏,本科二批,文科,,,472,4196,
3471,亳州学院,2023,宁夏,本科二批,文科,,,465,4831,
3521,福建农林大学,2023,宁夏,本科二批,文科,,,467,4915,
3522,集美大学,2023,宁夏,本科二批,文科,,,510,1874,
3526,福建技术师范学院,2023,宁夏,本科二批,文科,,,475,4040,
3541,闽江学院,2023,宁夏,本科二批,文科,,,475,3640,
3542,厦门理工学院,2023,宁夏,本科二批,文科,,,465,3565,
3543,三明学院,2023,宁夏,本科二批,文科,,,464,4567,
3546,福建商学院,2023,宁夏,本科二批,文科,,,461,3777,
3547,福建江夏学院,2023,宁夏,本科二批,文科,,,468,4225,
3548,武夷学院,2023,宁夏,本科二批,文科,,,464,4835,
3560,厦门大学嘉庚学院,2023,宁夏,本科二批,文科,,,464,4312,
3561,福州大学至诚学院,2023,宁夏,本科二批,文科,,,458,5483,
3562,厦门工学院,2023,宁夏,本科二批,文科,,,441,6660,
3563,福州外语外贸学院,2023,宁夏,本科二批,文科,,,447,6744,
3628,江西科技师范大学,2023,宁夏,本科二批,文科,,,480,2547,
3640,上饶师范学院,2023,宁夏,本科二批,文科,,,474,3635,
3643,江西水利电力大学,2023,宁夏,本科二批,文科,,,470,4596,
3644,新余学院,2023,宁夏,本科二批,文科,,,470,3967,
3645,九江学院,2023,宁夏,本科二批,文科,,,466,4388,
3651,南昌理工学院,2023,宁夏,本科二批,文科,,,445,6286,
3652,江西科技学院,2023,宁夏,本科二批,文科,,,444,7069,
3653,南昌工学院,2023,宁夏,本科二批,文科,,,441,5272,
3660,南昌交通学院,2023,宁夏,本科二批,文科,,,451,6049,
3661,赣东学院,2023,宁夏,本科二批,文科,,,464,4605,
3663,赣南科技学院,2023,宁夏,本科二批,文科,,,461,5427,
3664,南昌医学院,2023,宁夏,本科二批,文科,,,488,3231,
3665,江西师范大学科学技术学院,2023,宁夏,本科二批,文科,,,465,4824,
3667,江西财经大学现代经济管理学院,2023,宁夏,本科二批,文科,,,457,5407,
3671,萍乡学院,2023,宁夏,本科二批,文科,,,471,4579,
3724,山东建筑大学,2023,宁夏,本科二批,文科,,,484,3289,
3726,山东农业大学,2023,宁夏,本科二批,文科,,,478,3970,
3727,青岛农业大学,2023,宁夏,本科二批,文科,,,480,3669,
3730,鲁东大学,2023,宁夏,本科二批,文科,,,492,2532,
3735,烟台大学,2023,宁夏,本科二批,文科,,,496,2403,
3740,德州学院,2023,宁夏,本科二批,文科,,,478,3940,
3741,菏泽学院,2023,宁夏,本科二批,文科,,,470,4496,
3742,潍坊学院,2023,宁夏,本科二批,文科,,,481,3650,
3743,山东交通学院,2023,宁夏,本科二批,文科,,,466,4275,
3744,山东工商学院,2023,宁夏,本科二批,文科,,,481,3250,
3748,山东航空学院,2023,宁夏,本科二批,文科,,,474,4203,
3750,齐鲁医药学院,2023,宁夏,本科二批,文科,,,445,5419,
3751,山东现代学院,2023,宁夏,本科二批,文科,,,433,6965,
3752,烟台南山学院,2023,宁夏,本科二批,文科,,,441,7203,
3753,青岛工学院,2023,宁夏,本科二批,文科,,,444,6131,
3754,青岛黄海学院,2023,宁夏,本科二批,文科,,,441,6830,
3756,山东协和学院,2023,宁夏,本科二批,文科,,,443,5081,
3757,山东英才学院,2023,宁夏,本科二批,文科,,,434,8356,
3758,青岛恒星科技学院,2023,宁夏,本科二批,文科,,,442,7259,
3760,烟台理工学院,2023,宁夏,本科二批,文科,,,454,6053,
3761,青岛城市学院,2023,宁夏,本科二批,文科,,,437,6745,
3762,泰山科技学院,2023,宁夏,本科二批,文科,,,435,7860,
3765,聊城大学东昌学院,2023,宁夏,本科二批,文科,,,467,4905,
3766,齐鲁理工学院,2023,宁夏,本科二批,文科,,,443,6664,
3851,淮阴工学院,2023,宁夏,本科二批,文科,,,467,4927,
3901,山东第一医科大学,2023,宁夏,本科二批,文科,,,458,5811,
4121,河南理工大学,2023,宁夏,本科二批,文科,,,483,3353,
4122,郑州轻工业大学,2023,宁夏,本科二批,文科,,,470,3775,
4123,河南工业大学,2023,宁夏,本科二批,文科,,,468,2877,
4124,河南科技大学,2023,宁夏,本科二批,文科,,,490,3017,
4125,中原工学院,2023,宁夏,本科二批,文科,,,464,5164,
4126,河南中医药大学,2023,宁夏,本科二批,文科,,,475,2907,
4129,信阳师范大学,2023,宁夏,本科二批,文科,,,470,4642,
4131,洛阳师范学院,2023,宁夏,本科二批,文科,,,480,3830,
4133,河南工程学院,2023,宁夏,本科二批,文科,,,469,4720,
4135,河南农业大学,2023,宁夏,本科二批,文科,,,422,4262,
4136,郑州航空工业管理学院,2023,宁夏,本科二批,文科,,,476,3838,
4137,平顶山学院,2023,宁夏,本科二批,文科,,,465,5134,
4138,河南科技学院,2023,宁夏,本科二批,文科,,,466,4617,
4140,周口师范学院,2023,宁夏,本科二批,文科,,,467,4947,
4141,许昌学院,2023,宁夏,本科二批,文科,,,469,4118,
4142,南阳师范学院,2023,宁夏,本科二批,文科,,,473,4361,
4144,黄淮学院,2023,宁夏,本科二批,文科,,,469,4376,
4145,洛阳理工学院,2023,宁夏,本科二批,文科,,,482,3672,
4146,安阳工学院,2023,宁夏,本科二批,文科,,,471,4214,
4147,南阳理工学院,2023,宁夏,本科二批,文科,,,466,4743,
4148,河南城建学院,2023,宁夏,本科二批,文科,,,437,8051,
4149,郑州师范学院,2023,宁夏,本科二批,文科,,,432,8581,
4150,黄河科技学院,2023,宁夏,本科二批,文科,,,427,9022,
4151,郑州工业应用技术学院,2023,宁夏,本科二批,文科,,,437,7296,
4157,郑州西亚斯学院,2023,宁夏,本科二批,文科,,,457,5279,
4160,河南开封科技传媒学院,2023,宁夏,本科二批,文科,,,443,6972,
4161,新乡学院,2023,宁夏,本科二批,文科,,,468,4526,
4172,郑州工程技术学院,2023,宁夏,本科二批,文科,,,467,4771,
4175,河南财政金融学院,2023,宁夏,本科二批,文科,,,473,3824,
4231,武汉纺织大学,2023,宁夏,本科二批,文科,,,435,8267,
4232,湖北中医药大学,2023,宁夏,本科二批,文科,,,484,3221,
4240,湖北文理学院,2023,宁夏,本科二批,文科,,,479,3754,
4241,湖北理工学院,2023,宁夏,本科二批,文科,,,467,4961,
4243,湖北经济学院,2023,宁夏,本科二批,文科,,,441,6338,
4247,黄冈师范学院,2023,宁夏,本科二批,文科,,,478,3753,
4250,武汉生物工程学院,2023,宁夏,本科二批,文科,,,450,6593,
4251,武昌理工学院,2023,宁夏,本科二批,文科,,,454,6143,
4252,武昌工学院,2023,宁夏,本科二批,文科,,,446,6736,
4254,武汉工程大学邮电与信息工程学院,2023,宁夏,本科二批,文科,,,444,7210,
4261,武汉城市学院,2023,宁夏,本科二批,文科,,,440,5794,
4262,三峡大学科技学院,2023,宁夏,本科二批,文科,,,460,5496,
4263,湖北医药学院药护学院,2023,宁夏,本科二批,文科,,,445,7074,
4264,长江大学文理学院,2023,宁夏,本科二批,文科,,,461,5463,
4266,湖北文理学院理工学院,2023,宁夏,本科二批,文科,,,457,5793,
4267,文华学院,2023,宁夏,本科二批,文科,,,454,5648,
4269,武汉华夏理工学院,2023,宁夏,本科二批,文科,,,444,7227,
4340,湖南理工学院,2023,宁夏,本科二批,文科,,,490,3077,
4341,湖南财政经济学院,2023,宁夏,本科二批,文科,,,482,3237,
4342,衡阳师范学院,2023,宁夏,本科二批,文科,,,433,3533,
4343,邵阳学院,2023,宁夏,本科二批,文科,,,468,4851,
4344,湖南文理学院,2023,宁夏,本科二批,文科,,,470,4656,
4345,湖南人文科技学院,2023,宁夏,本科二批,文科,,,466,5045,
4347,湖南城市学院,2023,宁夏,本科二批,文科,,,471,4015,
4350,长沙医学院,2023,宁夏,本科二批,文科,,,449,5432,
4351,湖南涉外经济学院,2023,宁夏,本科二批,文科,,,428,7495,
4360,南华大学船山学院,2023,宁夏,本科二批,文科,,,459,5670,
4361,岳阳学院,2023,宁夏,本科二批,文科,,,469,4730,
4362,长沙理工大学城南学院,2023,宁夏,本科二批,文科,,,450,6610,
4442,广东金融学院,2023,宁夏,本科二批,文科,,,487,3072,
4445,广东技术师范大学,2023,宁夏,本科二批,文科,,,466,5075,
4446,广州城市理工学院,2023,宁夏,本科二批,文科,,,428,8130,
4447,广州新华学院,2023,宁夏,本科二批,文科,,,437,6579,
4451,广州商学院,2023,宁夏,本科二批,文科,,,431,6713,
4452,岭南师范学院,2023,宁夏,本科二批,文科,,,472,4150,
4453,广州航海学院,2023,宁夏,本科二批,文科,,,478,3991,
4462,北京理工大学珠海学院,2023,宁夏,本科二批,文科,,,454,4857,
4463,珠海科技学院,2023,宁夏,本科二批,文科,,,451,5198,
4520,广西科技大学,2023,宁夏,本科二批,文科,,,471,4509,
4522,广西民族大学,2023,宁夏,本科二批,文科,,,478,3741,
4525,桂林理工大学,2023,宁夏,本科二批,文科,,,440,7732,
4570,桂林旅游学院,2023,宁夏,本科二批,文科,,,466,4874,
4598,桂林航天工业学院,2023,宁夏,本科二批,文科,,,458,5727,
4640,海南医科大学,2023,宁夏,本科二批,文科,,,467,4802,
4641,海南热带海洋学院,2023,宁夏,本科二批,文科,,,469,4580,
4650,三亚学院,2023,宁夏,本科二批,文科,,,438,6375,
4651,海口经济学院,2023,宁夏,本科二批,文科,,,422,8803,
4672,琼台师范学院,2023,宁夏,本科二批,文科,,,469,4028,
5027,重庆工商大学,2023,宁夏,本科二批,文科,,,475,2401,
5040,重庆文理学院,2023,宁夏,本科二批,文科,,,478,3588,
5041,重庆三峡学院,2023,宁夏,本科二批,文科,,,444,3548,
5042,长江师范学院,2023,宁夏,本科二批,文科,,,496,2729,
5051,重庆工程学院,2023,宁夏,本科二批,文科,,,450,6333,
5061,重庆人文科技学院,2023,宁夏,本科二批,文科,,,460,5021,
5062,重庆外语外事学院,2023,宁夏,本科二批,文科,,,451,5816,
5063,重庆对外经贸学院,2023,宁夏,本科二批,文科,,,456,5575,
5064,重庆工商大学派斯学院,2023,宁夏,本科二批,文科,,,462,5217,
5065,重庆移通学院,2023,宁夏,本科二批,文科,,,447,6003,
5066,重庆财经学院,2023,宁夏,本科二批,文科,,,463,4645,
5122,西南科技大学,2023,宁夏,本科二批,文科,,,483,3447,
5124,中国民用航空飞行学院,2023,宁夏,本科二批,文科,,,467,4435,
5126,川北医学院,2023,宁夏,本科二批,文科,,,472,4445,
5129,西南民族大学,2023,宁夏,本科二批,文科,,,474,2768,
5132,西南医科大学,2023,宁夏,本科二批,文科,,,466,4243,
5134,四川轻化工大学,2023,宁夏,本科二批,文科,,,483,3337,
5140,绵阳师范学院,2023,宁夏,本科二批,文科,,,479,3207,
5141,内江师范学院,2023,宁夏,本科二批,文科,,,479,3164,
5142,宜宾学院,2023,宁夏,本科二批,文科,,,469,3948,
5143,四川文理学院,2023,宁夏,本科二批,文科,,,466,4897,
5144,乐山师范学院,2023,宁夏,本科二批,文科,,,460,4073,
5146,成都工业学院,2023,宁夏,本科二批,文科,,,466,5065,
5147,攀枝花学院,2023,宁夏,本科二批,文科,,,458,5827,
5149,成都大学,2023,宁夏,本科二批,文科,,,477,2379,
5150,成都东软学院,2023,宁夏,本科二批,文科,,,447,5701,
5153,吉利学院,2023,宁夏,本科二批,文科,,,437,7476,
5160,电子科技大学成都学院,2023,宁夏,本科二批,文科,,,453,6124,
5161,成都理工大学工程技术学院,2023,宁夏,本科二批,文科,,,454,6114,
5163,成都银杏酒店管理学院,2023,宁夏,本科二批,文科,,,435,7891,
5164,四川工商学院,2023,宁夏,本科二批,文科,,,446,6186,
5165,成都外国语学院,2023,宁夏,本科二批,文科,,,445,5190,
5167,西南财经大学天府学院,2023,宁夏,本科二批,文科,,,450,5637,
5168,四川文化艺术学院,2023,宁夏,本科二批,文科,,,446,6822,
5169,绵阳城市学院,2023,宁夏,本科二批,文科,,,435,6331,
5188,四川工业科技学院,2023,宁夏,本科二批,文科,,,441,7378,
5222,贵州财经大学,2023,宁夏,本科二批,文科,,,464,4171,
5323,大理大学,2023,宁夏,本科二批,文科,,,488,3219,
5324,云南财经大学,2023,宁夏,本科二批,文科,,,487,3132,
5327,云南民族大学,2023,宁夏,本科二批,文科,,,486,2657,
5360,丽江文化旅游学院,2023,宁夏,本科二批,文科,,,438,6383,
5361,昆明医科大学海源学院,2023,宁夏,本科二批,文科,,,461,5515,
5362,昆明文理学院,2023,宁夏,本科二批,文科,,,445,6661,
5363,昆明理工大学津桥学院,2023,宁夏,本科二批,文科,,,451,6308,
5364,云南经济管理学院,2023,宁夏,本科二批,文科,,,442,7150,
6128,延安大学,2023,宁夏,本科二批,文科,,,484,3490,
6129,陕西理工大学,2023,宁夏,本科二批,文科,,,494,2443,
6141,咸阳师范学院,2023,宁夏,本科二批,文科,,,488,2350,
6143,西安文理学院,2023,宁夏,本科二批,文科,,,490,3085,
6144,榆林学院,2023,宁夏,本科二批,文科,,,481,3708,
6146,安康学院,2023,宁夏,本科二批,文科,,,469,4708,
6150,西安欧亚学院,2023,宁夏,本科二批,文科,,,446,6834,
6151,西安外事学院,2023,宁夏,本科二批,文科,,,442,6567,
6152,西安翻译学院,2023,宁夏,本科二批,文科,,,448,5838,
6153,西京学院,2023,宁夏,本科二批,文科,,,444,6449,
6154,西安思源学院,2023,宁夏,本科二批,文科,,,451,5778,
6155,陕西国际商贸学院,2023,宁夏,本科二批,文科,,,452,6405,
6156,西安明德理工学院,2023,宁夏,本科二批,文科,,,444,7109,
6157,陕西服装工程学院,2023,宁夏,本科二批,文科,,,436,7854,
6158,西安交通工程学院,2023,宁夏,本科二批,文科,,,446,5577,
6159,陕西科技大学镐京学院,2023,宁夏,本科二批,文科,,,446,6564,
6160,西安交通大学城市学院,2023,宁夏,本科二批,文科,,,463,4866,
6162,西安建筑科技大学华清学院,2023,宁夏,本科二批,文科,,,466,5018,
6163,西安财经大学行知学院,2023,宁夏,本科二批,文科,,,450,5443,
6164,西安工商学院,2023,宁夏,本科二批,文科,,,450,5388,
6165,延安大学西安创新学院,2023,宁夏,本科二批,文科,,,449,6656,
6167,西安科技大学高新学院,2023,宁夏,本科二批,文科,,,450,5809,
6196,西安汽车职业大学,2023,宁夏,本科二批,文科,,,435,7282,
6197,西安信息职业大学,2023,宁夏,本科二批,文科,,,444,7299,
6224,兰州财经大学,2023,宁夏,本科二批,文科,,,470,3448,
6225,西北民族大学,2023,宁夏,本科二批,文科,,,464,3826,
6227,甘肃中医药大学,2023,宁夏,本科二批,文科,,,469,4284,
6240,陇东学院,2023,宁夏,本科二批,文科,,,473,4380,
6241,兰州城市学院,2023,宁夏,本科二批,文科,,,466,4682,
6242,甘肃民族师范学院,2023,宁夏,本科二批,文科,,,472,3952,
6243,天水师范大学,2023,宁夏,本科二批,文科,,,483,3374,
6245,河西学院,2023,宁夏,本科二批,文科,,,467,4649,
6250,兰州石化职业技术大学,2023,宁夏,本科二批,文科,,,461,5467,
6263,兰州博文科技学院,2023,宁夏,本科二批,文科,,,431,8094,
6264,兰州信息科技学院,2023,宁夏,本科二批,文科,,,457,5843,
6271,兰州文理学院,2023,宁夏,本科二批,文科,,,471,3925,
6311,青海大学昆仑学院,2023,宁夏,本科二批,文科,,,447,6115,
6321,青海民族大学,2023,宁夏,本科二批,文科,,,465,4931,
6322,青海师范大学,2023,宁夏,本科二批,文科,,,485,3348,
6422,北方民族大学,2023,宁夏,本科二批,文科,,,470,3486,
6440,宁夏师范大学,2023,宁夏,本科二批,文科,,,460,3003,
6450,宁夏理工学院,2023,宁夏,本科二批,文科,,,447,6775,
6451,银川能源学院,2023,宁夏,本科二批,文科,,,407,10862,
6460,宁夏大学新华学院,2023,宁夏,本科二批,文科,,,458,5469,
6461,银川科技学院,2023,宁夏,本科二批,文科,,,419,9846,
6522,新疆财经大学,2023,宁夏,本科二批,文科,,,464,4216,
6523,新疆师范大学,2023,宁夏,本科二批,文科,,,464,2315,
6524,喀什大学,2023,宁夏,本科二批,文科,,,470,3962,
6532,新疆科技学院,2023,宁夏,本科二批,文科,,,467,4672,
6540,新疆艺术学院,2023,宁夏,本科二批,文科,,,462,5383,
6542,伊犁师范大学,2023,宁夏,本科二批,文科,,,464,4886,
6561,新疆政法学院,2023,宁夏,本科二批,文科,,,468,4440,
6591,新疆天山职业技术大学,2023,宁夏,本科二批,文科,,,443,7315,
1172,民政职业大学,2023,宁夏,专科批,理科,,,195,45078,
1195,北京培黎职业学院,2023,宁夏,专科批,理科,,,289,35826,
1227,天津职业大学,2023,宁夏,专科批,理科,,,336,27014,
1271,天津医学高等专科学校,2023,宁夏,专科批,理科,,,319,19593,
1272,天津中德应用技术大学,2023,宁夏,专科批,理科,,,340,25169,
1273,天津滨海职业学院,2023,宁夏,专科批,理科,,,279,28315,
1276,天津渤海职业技术学院,2023,宁夏,专科批,理科,,,249,41232,
1277,天津电子信息职业技术学院,2023,宁夏,专科批,理科,,,324,27561,
1278,天津机电职业技术学院,2023,宁夏,专科批,理科,,,316,28301,
1279,天津现代职业技术学院,2023,宁夏,专科批,理科,,,302,31975,
1280,天津警察学院,2023,宁夏,专科批,理科,,,321,29891,
1281,天津轻工职业技术学院,2023,宁夏,专科批,理科,,,301,33610,
1282,天津商务职业学院,2023,宁夏,专科批,理科,,,261,28342,
1283,天津国土资源和房屋职业学院,2023,宁夏,专科批,理科,,,234,42620,
1287,天津工业职业学院,2023,宁夏,专科批,理科,,,287,32353,
1288,天津石油职业技术学院,2023,宁夏,专科批,理科,,,302,32083,
1289,天津城市职业学院,2023,宁夏,专科批,理科,,,281,34701,
1290,天津城市建设管理职业技术学院,2023,宁夏,专科批,理科,,,281,37030,
1291,天津生物工程职业技术学院,2023,宁夏,专科批,理科,,,273,36474,
1292,天津海运职业学院,2023,宁夏,专科批,理科,,,250,31917,
1294,天津铁道职业技术学院,2023,宁夏,专科批,理科,,,319,24942,
1296,天津滨海汽车工程职业学院,2023,宁夏,专科批,理科,,,252,40891,
1308,石家庄信息工程职业学院,2023,宁夏,专科批,理科,,,285,34724,
1309,宣化科技职业学院,2023,宁夏,专科批,理科,,,243,39947,
1311,河北轨道运输职业技术学院,2023,宁夏,专科批,理科,,,296,33825,
1312,唐山幼儿师范高等专科学校,2023,宁夏,专科批,理科,,,297,27840,
1317,承德应用技术职业学院,2023,宁夏,专科批,理科,,,276,37782,
1347,张家口学院,2023,宁夏,专科批,理科,,,345,23845,
1355,河北科技学院,2023,宁夏,专科批,理科,,,212,37452,
1371,邢台医学院,2023,宁夏,专科批,理科,,,320,30253,
1376,石家庄铁路职业技术学院,2023,宁夏,专科批,理科,,,313,27108,
1378,河北交通职业技术学院,2023,宁夏,专科批,理科,,,216,43899,
1379,河北化工医药职业技术学院,2023,宁夏,专科批,理科,,,288,35445,
1380,河北对外经贸职业学院,2023,宁夏,专科批,理科,,,243,39867,
1381,石家庄邮电职业技术学院,2023,宁夏,专科批,理科,,,319,21581,
1382,河北机电职业技术学院,2023,宁夏,专科批,理科,,,292,35064,
1385,唐山职业技术学院,2023,宁夏,专科批,理科,,,309,29471,
1387,秦皇岛职业技术学院,2023,宁夏,专科批,理科,,,287,35799,
1388,沧州医学高等专科学校,2023,宁夏,专科批,理科,,,330,26323,
1389,廊坊卫生职业学院,2023,宁夏,专科批,理科,,,307,28884,
1390,石家庄城市经济职业学院,2023,宁夏,专科批,理科,,,218,43912,
1391,廊坊职业技术学院,2023,宁夏,专科批,理科,,,261,37863,
1392,石家庄医学高等专科学校,2023,宁夏,专科批,理科,,,263,35543,
1393,石家庄人民医学高等专科学校,2023,宁夏,专科批,理科,,,255,39601,
1395,石家庄科技信息职业学院,2023,宁夏,专科批,理科,,,267,35561,
1397,石家庄工商职业学院,2023,宁夏,专科批,理科,,,260,35813,
1398,承德护理职业学院,2023,宁夏,专科批,理科,,,310,27279,
1399,石家庄幼儿师范高等专科学校,2023,宁夏,专科批,理科,,,272,38370,
1472,山西药科职业学院,2023,宁夏,专科批,理科,,,302,29912,
1475,运城护理职业学院,2023,宁夏,专科批,理科,,,311,29376,
1476,山西水利职业技术学院,2023,宁夏,专科批,理科,,,238,41530,
1478,临汾职业技术学院,2023,宁夏,专科批,理科,,,281,37076,
1481,运城师范高等专科学校,2023,宁夏,专科批,理科,,,275,37086,
1485,山西林业职业技术学院,2023,宁夏,专科批,理科,,,239,32521,
1486,朔州师范高等专科学校,2023,宁夏,专科批,理科,,,313,28965,
1490,山西老区职业技术学院,2023,宁夏,专科批,理科,,,207,44546,
1491,山西管理职业学院,2023,宁夏,专科批,理科,,,294,35046,
1493,山西卫生健康职业学院,2023,宁夏,专科批,理科,,,292,35149,
1494,朔州职业技术学院,2023,宁夏,专科批,理科,,,268,38915,
1495,阳泉师范高等专科学校,2023,宁夏,专科批,理科,,,271,37218,
1571,乌海职业技术学院,2023,宁夏,专科批,理科,,,263,39519,
1573,内蒙古机电职业技术学院,2023,宁夏,专科批,理科,,,274,33470,
1576,包头铁道职业技术学院,2023,宁夏,专科批,理科,,,311,29379,
1577,乌兰察布医学高等专科学校,2023,宁夏,专科批,理科,,,286,35112,
1579,阿拉善职业技术学院,2023,宁夏,专科批,理科,,,244,37867,
1580,内蒙古科技职业学院,2023,宁夏,专科批,理科,,,211,44291,
1581,内蒙古北方职业技术学院,2023,宁夏,专科批,理科,,,238,39679,
1584,赤峰工业职业技术学院,2023,宁夏,专科批,理科,,,192,41899,
1594,满洲里俄语职业学院,2023,宁夏,专科批,理科,,,236,42503,
2105,辽宁机电职业技术学院,2023,宁夏,专科批,理科,,,288,34193,
2106,辽宁现代服务职业技术学院,2023,宁夏,专科批,理科,,,211,44295,
2140,鞍山师范学院,2023,宁夏,专科批,理科,,,212,40322,
2152,大连东软信息学院,2023,宁夏,专科批,理科,,,236,40350,
2172,大连职业技术学院,2023,宁夏,专科批,理科,,,274,36296,
2173,辽宁冶金职业技术学院,2023,宁夏,专科批,理科,,,286,36263,
2175,辽宁职业学院,2023,宁夏,专科批,理科,,,231,41860,
2176,辽宁金融职业学院,2023,宁夏,专科批,理科,,,260,34474,
2177,辽宁装备制造职业技术学院,2023,宁夏,专科批,理科,,,253,40758,
2178,辽宁轻工职业学院,2023,宁夏,专科批,理科,,,268,38962,
2179,辽宁经济职业技术学院,2023,宁夏,专科批,理科,,,176,36439,
2184,辽宁铁道职业技术学院,2023,宁夏,专科批,理科,,,311,28319,
2185,辽宁建筑职业学院,2023,宁夏,专科批,理科,,,232,42545,
2187,辽宁省交通高等专科学校,2023,宁夏,专科批,理科,,,237,35227,
2188,辽宁城市建设职业技术学院,2023,宁夏,专科批,理科,,,168,45060,
2189,铁岭卫生职业学院,2023,宁夏,专科批,理科,,,258,40161,
2192,大连枫叶职业技术学院,2023,宁夏,专科批,理科,,,176,40687,
2194,大连汽车职业技术学院,2023,宁夏,专科批,理科,,,228,43171,
2197,辽宁特殊教育师范高等专科学校,2023,宁夏,专科批,理科,,,276,37770,
2198,沈阳职业技术学院,2023,宁夏,专科批,理科,,,152,28874,
2199,辽宁医药职业学院,2023,宁夏,专科批,理科,,,289,31216,
2270,辽源职业技术学院,2023,宁夏,专科批,理科,,,206,32057,
2272,长春金融高等专科学校,2023,宁夏,专科批,理科,,,208,38686,
2273,长春医学高等专科学校,2023,宁夏,专科批,理科,,,334,27347,
2277,吉林铁道职业技术大学,2023,宁夏,专科批,理科,,,301,28788,
2278,吉林水利电力职业学院,2023,宁夏,专科批,理科,,,306,32690,
2279,吉林司法警官职业学院,2023,宁夏,专科批,理科,,,278,37082,
2371,牡丹江大学,2023,宁夏,专科批,理科,,,215,38486,
2373,黑龙江职业学院,2023,宁夏,专科批,理科,,,263,35485,
2374,鹤岗师范高等专科学校,2023,宁夏,专科批,理科,,,224,43439,
2375,黑龙江建筑职业技术学院,2023,宁夏,专科批,理科,,,232,30578,
2376,大庆职业学院,2023,宁夏,专科批,理科,,,296,34231,
2378,哈尔滨铁道职业技术学院,2023,宁夏,专科批,理科,,,307,30298,
2379,大兴安岭职业学院,2023,宁夏,专科批,理科,,,280,32595,
2381,黑龙江旅游职业技术学院,2023,宁夏,专科批,理科,,,219,36584,
2382,黑龙江能源职业学院,2023,宁夏,专科批,理科,,,164,44488,
2383,七台河职业学院,2023,宁夏,专科批,理科,,,242,33142,
2384,大庆医学高等专科学校,2023,宁夏,专科批,理科,,,311,20769,
2385,哈尔滨科学技术职业学院,2023,宁夏,专科批,理科,,,196,38017,
2387,黑龙江交通职业技术学院,2023,宁夏,专科批,理科,,,299,30993,
2388,哈尔滨职业技术大学,2023,宁夏,专科批,理科,,,252,40945,
2389,齐齐哈尔高等师范专科学校,2023,宁夏,专科批,理科,,,242,36895,
2390,黑龙江农业经济职业学院,2023,宁夏,专科批,理科,,,279,37434,
3171,上海东海职业技术学院,2023,宁夏,专科批,理科,,,193,45138,
3172,上海出版印刷高等专科学校,2023,宁夏,专科批,理科,,,274,34173,
3175,上海城建职业学院,2023,宁夏,专科批,理科,,,272,35098,
3177,上海电子信息职业技术学院,2023,宁夏,专科批,理科,,,328,28231,
3179,上海民航职业技术学院,2023,宁夏,专科批,理科,,,292,33078,
3194,上海中侨职业技术大学,2023,宁夏,专科批,理科,,,211,43173,
3195,上海工商外国语职业学院,2023,宁夏,专科批,理科,,,264,39478,
3196,上海邦德职业技术学院,2023,宁夏,专科批,理科,,,196,42762,
3204,南京机电职业技术学院,2023,宁夏,专科批,理科,,,323,27920,
3208,江海职业技术学院,2023,宁夏,专科批,理科,,,232,42813,
3219,江苏航空职业技术学院,2023,宁夏,专科批,理科,,,280,31876,
3235,江苏商贸职业学院,2023,宁夏,专科批,理科,,,283,30165,
3251,连云港职业技术学院,2023,宁夏,专科批,理科,,,249,41203,
3252,镇江市高等专科学校,2023,宁夏,专科批,理科,,,303,32380,
3256,江苏农牧科技职业学院,2023,宁夏,专科批,理科,,,332,27644,
3258,江苏护理职业学院,2023,宁夏,专科批,理科,,,321,26104,
3263,苏州工业职业技术学院,2023,宁夏,专科批,理科,,,300,33425,
3270,无锡职业技术大学,2023,宁夏,专科批,理科,,,353,19534,
3271,江苏建筑职业技术学院,2023,宁夏,专科批,理科,,,300,31394,
3280,南京科技职业学院,2023,宁夏,专科批,理科,,,316,26579,
3281,常州工程职业技术学院,2023,宁夏,专科批,理科,,,309,31539,
3282,徐州工业职业技术学院,2023,宁夏,专科批,理科,,,267,38414,
3283,常州纺织服装职业技术学院,2023,宁夏,专科批,理科,,,235,39220,
3288,常州工业职业技术学院,2023,宁夏,专科批,理科,,,226,43331,
3289,江苏农林职业技术学院,2023,宁夏,专科批,理科,,,346,24684,
3290,无锡南洋职业技术学院,2023,宁夏,专科批,理科,,,186,44799,
3291,苏州工业园区服务外包职业学院,2023,宁夏,专科批,理科,,,298,34342,
3292,苏州百年职业学院,2023,宁夏,专科批,理科,,,152,41442,
3293,苏州高博职业学院,2023,宁夏,专科批,理科,,,226,43345,
3298,江苏电子信息职业学院,2023,宁夏,专科批,理科,,,297,33522,
3299,金山职业技术学院,2023,宁夏,专科批,理科,,,195,39085,
3372,浙江金融职业学院,2023,宁夏,专科批,理科,,,322,24016,
3475,安庆医药高等专科学校,2023,宁夏,专科批,理科,,,295,32672,
3492,安徽汽车职业技术学院,2023,宁夏,专科批,理科,,,253,38428,
3500,三明医学科技职业学院,2023,宁夏,专科批,理科,,,255,39377,
3504,福州墨尔本理工职业学院,2023,宁夏,专科批,理科,,,177,40581,
3506,湄洲湾职业技术学院,2023,宁夏,专科批,理科,,,241,41974,
3507,福建生物工程职业技术学院,2023,宁夏,专科批,理科,,,271,38552,
3511,宁德职业技术学院,2023,宁夏,专科批,理科,,,169,45699,
3514,泉州幼儿师范高等专科学校,2023,宁夏,专科批,理科,,,282,36910,
3515,闽江师范高等专科学校,2023,宁夏,专科批,理科,,,330,28062,
3571,福建信息职业技术学院,2023,宁夏,专科批,理科,,,284,34141,
3572,福建农业职业技术学院,2023,宁夏,专科批,理科,,,177,45568,
3573,厦门华天涉外职业技术学院,2023,宁夏,专科批,理科,,,159,39508,
3575,厦门软件职业技术学院,2023,宁夏,专科批,理科,,,225,43420,
3577,福建水利电力职业技术学院,2023,宁夏,专科批,理科,,,268,38980,
3578,厦门城市职业学院,2023,宁夏,专科批,理科,,,267,34715,
3579,厦门东海职业技术学院,2023,宁夏,专科批,理科,,,230,39207,
3580,黎明职业大学,2023,宁夏,专科批,理科,,,252,38543,
3583,漳州科技职业学院,2023,宁夏,专科批,理科,,,185,43476,
3585,漳州职业技术学院,2023,宁夏,专科批,理科,,,305,31927,
3587,福州职业技术学院,2023,宁夏,专科批,理科,,,233,42787,
3588,福建林业职业技术学院,2023,宁夏,专科批,理科,,,237,42385,
3590,厦门演艺职业学院,2023,宁夏,专科批,理科,,,205,36880,
3591,厦门南洋职业学院,2023,宁夏,专科批,理科,,,229,33268,
3596,厦门兴才职业技术学院,2023,宁夏,专科批,理科,,,212,44214,
3599,福建卫生职业技术学院,2023,宁夏,专科批,理科,,,305,32919,
3603,江西电力职业技术学院,2023,宁夏,专科批,理科,,,324,29048,
3605,江西工商职业技术学院,2023,宁夏,专科批,理科,,,178,45468,
3607,江西交通职业技术学院,2023,宁夏,专科批,理科,,,245,40856,
3646,江西机电职业技术学院,2023,宁夏,专科批,理科,,,240,30461,
3647,吉安职业技术学院,2023,宁夏,专科批,理科,,,208,33248,
3651,南昌理工学院,2023,宁夏,专科批,理科,,,265,33209,
3653,南昌工学院,2023,宁夏,专科批,理科,,,185,35137,
3656,江西应用科技学院,2023,宁夏,专科批,理科,,,264,36558,
3668,萍乡卫生职业学院,2023,宁夏,专科批,理科,,,263,37167,
3669,九江理工职业学院,2023,宁夏,专科批,理科,,,197,40881,
3672,江西职业技术大学,2023,宁夏,专科批,理科,,,305,33066,
3673,江西司法警官职业学院,2023,宁夏,专科批,理科,,,275,37932,
3677,江西财经职业学院,2023,宁夏,专科批,理科,,,276,34875,
3678,江西应用技术职业学院,2023,宁夏,专科批,理科,,,263,39559,
3679,江西工业工程职业技术学院,2023,宁夏,专科批,理科,,,197,44974,
3684,江西医学高等专科学校,2023,宁夏,专科批,理科,,,312,27128,
3685,九江职业大学,2023,宁夏,专科批,理科,,,268,33187,
3687,江西冶金职业技术学院,2023,宁夏,专科批,理科,,,231,42138,
3690,宜春职业技术学院,2023,宁夏,专科批,理科,,,288,34351,
3692,江西航空职业技术学院,2023,宁夏,专科批,理科,,,189,32784,
3696,江西软件职业技术大学,2023,宁夏,专科批,理科,,,158,44610,
3698,江西新能源科技职业学院,2023,宁夏,专科批,理科,,,230,37423,
3706,枣庄职业学院,2023,宁夏,专科批,理科,,,230,30252,
3707,山东药品食品职业学院,2023,宁夏,专科批,理科,,,296,34703,
3712,山东化工职业学院,2023,宁夏,专科批,理科,,,285,36384,
3713,青岛航空科技职业学院,2023,宁夏,专科批,理科,,,177,45569,
3718,山东职业学院,2023,宁夏,专科批,理科,,,286,34913,
3719,泰山护理职业学院,2023,宁夏,专科批,理科,,,281,37153,
3750,齐鲁医药学院,2023,宁夏,专科批,理科,,,283,30241,
3752,烟台南山学院,2023,宁夏,专科批,理科,,,245,41152,
3754,青岛黄海学院,2023,宁夏,专科批,理科,,,244,35322,
3757,山东英才学院,2023,宁夏,专科批,理科,,,218,38755,
3762,泰山科技学院,2023,宁夏,专科批,理科,,,242,39826,
3764,潍坊理工学院,2023,宁夏,专科批,理科,,,316,30865,
3766,齐鲁理工学院,2023,宁夏,专科批,理科,,,229,43111,
3771,日照职业技术学院,2023,宁夏,专科批,理科,,,305,25001,
3772,青岛职业技术学院,2023,宁夏,专科批,理科,,,271,37242,
3776,山东水利职业学院,2023,宁夏,专科批,理科,,,283,32952,
3777,山东畜牧兽医职业学院,2023,宁夏,专科批,理科,,,320,28115,
3778,山东交通职业学院,2023,宁夏,专科批,理科,,,259,40113,
3779,淄博职业技术大学,2023,宁夏,专科批,理科,,,305,31649,
3784,山东旅游职业学院,2023,宁夏,专科批,理科,,,160,37777,
3785,泰山职业技术学院,2023,宁夏,专科批,理科,,,251,41007,
3786,山东医学高等专科学校,2023,宁夏,专科批,理科,,,321,19818,
3787,烟台工程职业技术学院,2023,宁夏,专科批,理科,,,212,36664,
3789,山东铝业职业学院,2023,宁夏,专科批,理科,,,193,45129,
3791,山东圣翰财贸职业学院,2023,宁夏,专科批,理科,,,216,38515,
3793,枣庄科技职业学院,2023,宁夏,专科批,理科,,,203,41274,
3794,东营职业学院,2023,宁夏,专科批,理科,,,245,38929,
3795,青岛求实职业技术学院,2023,宁夏,专科批,理科,,,154,35432,
3798,济南护理职业学院,2023,宁夏,专科批,理科,,,297,34386,
3870,江苏安全技术职业学院,2023,宁夏,专科批,理科,,,299,33339,
3871,盐城幼儿师范高等专科学校,2023,宁夏,专科批,理科,,,244,35645,
4100,济源职业技术学院,2023,宁夏,专科批,理科,,,170,36617,
4102,濮阳医学高等专科学校,2023,宁夏,专科批,理科,,,299,29513,
4105,三门峡职业技术学院,2023,宁夏,专科批,理科,,,267,38319,
4112,漯河医学高等专科学校,2023,宁夏,专科批,理科,,,329,26481,
4158,河南应用技术职业学院,2023,宁夏,专科批,理科,,,185,44884,
4170,郑州幼儿师范高等专科学校,2023,宁夏,专科批,理科,,,284,36642,
4171,郑州铁路职业技术学院,2023,宁夏,专科批,理科,,,321,29911,
4173,开封大学,2023,宁夏,专科批,理科,,,319,30263,
4174,焦作大学,2023,宁夏,专科批,理科,,,316,30923,
4176,郑州电力高等专科学校,2023,宁夏,专科批,理科,,,318,30525,
4178,黄河水利职业技术大学,2023,宁夏,专科批,理科,,,342,24243,
4184,南阳医学高等专科学校,2023,宁夏,专科批,理科,,,328,26987,
4185,商丘医学高等专科学校,2023,宁夏,专科批,理科,,,331,25203,
4189,河南推拿职业学院,2023,宁夏,专科批,理科,,,283,36841,
4193,河南护理职业学院,2023,宁夏,专科批,理科,,,286,36342,
4194,洛阳职业技术学院,2023,宁夏,专科批,理科,,,296,33913,
4207,荆门职业学院,2023,宁夏,专科批,理科,,,207,36185,
4208,武汉铁路桥梁职业学院,2023,宁夏,专科批,理科,,,283,34687,
4215,武汉商贸职业学院,2023,宁夏,专科批,理科,,,280,37166,
4216,武昌职业学院,2023,宁夏,专科批,理科,,,157,44561,
4217,仙桃职业学院,2023,宁夏,专科批,理科,,,271,37548,
4218,武汉船舶职业技术学院,2023,宁夏,专科批,理科,,,281,33956,
4219,长江职业学院,2023,宁夏,专科批,理科,,,253,36398,
4250,武汉生物工程学院,2023,宁夏,专科批,理科,,,295,29894,
4259,襄阳汽车职业技术学院,2023,宁夏,专科批,理科,,,247,37041,
4262,三峡大学科技学院,2023,宁夏,专科批,理科,,,307,31459,
4271,武汉职业技术大学,2023,宁夏,专科批,理科,,,327,28102,
4275,湖北中医药高等专科学校,2023,宁夏,专科批,理科,,,314,23332,
4277,湖北交通职业技术学院,2023,宁夏,专科批,理科,,,287,36140,
4278,武汉软件工程职业学院,2023,宁夏,专科批,理科,,,329,28425,
4279,湖北三峡职业技术学院,2023,宁夏,专科批,理科,,,245,31778,
4280,随州职业技术学院,2023,宁夏,专科批,理科,,,251,40627,
4281,武汉警官职业学院,2023,宁夏,专科批,理科,,,306,27905,
4282,湖北城市建设职业技术学院,2023,宁夏,专科批,理科,,,210,33278,
4283,荆州理工职业学院,2023,宁夏,专科批,理科,,,252,39512,
4284,武汉交通职业学院,2023,宁夏,专科批,理科,,,260,36995,
4285,咸宁职业技术学院,2023,宁夏,专科批,理科,,,262,36197,
4286,长江工程职业技术学院,2023,宁夏,专科批,理科,,,280,36356,
4288,武汉民政职业学院,2023,宁夏,专科批,理科,,,309,32309,
4290,武汉外语外事职业学院,2023,宁夏,专科批,理科,,,200,44428,
4292,湖北国土资源职业学院,2023,宁夏,专科批,理科,,,247,41376,
4293,三峡电力职业学院,2023,宁夏,专科批,理科,,,311,30621,
4297,湖北水利水电职业技术学院,2023,宁夏,专科批,理科,,,312,29059,
4298,武汉铁路职业技术学院,2023,宁夏,专科批,理科,,,311,23412,
4304,湖南安全技术职业学院,2023,宁夏,专科批,理科,,,246,41482,
4305,湖南财经工业职业技术学院,2023,宁夏,专科批,理科,,,226,39882,
4370,长沙民政职业技术学院,2023,宁夏,专科批,理科,,,327,25439,
4374,湖南大众传媒职业技术学院,2023,宁夏,专科批,理科,,,289,32643,
4375,永州职业技术学院,2023,宁夏,专科批,理科,,,290,26511,
4376,湖南铁道职业技术学院,2023,宁夏,专科批,理科,,,292,30271,
4377,湖南交通职业技术学院,2023,宁夏,专科批,理科,,,270,36757,
4378,湖南工程职业技术学院,2023,宁夏,专科批,理科,,,246,33465,
4382,张家界航空工业职业技术学院,2023,宁夏,专科批,理科,,,267,38639,
4383,长沙环境保护职业技术学院,2023,宁夏,专科批,理科,,,217,38316,
4386,湖南城建职业技术学院,2023,宁夏,专科批,理科,,,210,44359,
4387,湖南石油化工职业技术学院,2023,宁夏,专科批,理科,,,273,38231,
4393,湖南化工职业技术学院,2023,宁夏,专科批,理科,,,299,33059,
4394,长沙职业技术学院,2023,宁夏,专科批,理科,,,254,33140,
4398,湖南九嶷职业技术学院,2023,宁夏,专科批,理科,,,225,43385,
4470,广州民航职业技术学院,2023,宁夏,专科批,理科,,,318,19669,
4472,广州铁路职业技术学院,2023,宁夏,专科批,理科,,,298,29985,
4473,广东交通职业技术学院,2023,宁夏,专科批,理科,,,256,34573,
4488,广州卫生职业技术学院,2023,宁夏,专科批,理科,,,240,37707,
4489,广东茂名农林科技职业学院,2023,宁夏,专科批,理科,,,207,44496,
4490,广东文理职业学院,2023,宁夏,专科批,理科,,,195,43577,
4491,广州东华职业学院,2023,宁夏,专科批,理科,,,178,45561,
4492,惠州卫生职业技术学院,2023,宁夏,专科批,理科,,,291,28470,
4493,广东财贸职业学院,2023,宁夏,专科批,理科,,,199,44918,
4496,广东科学技术职业学院,2023,宁夏,专科批,理科,,,285,30064,
4581,桂林生命与健康职业技术学院,2023,宁夏,专科批,理科,,,220,35516,
4651,海口经济学院,2023,宁夏,专科批,理科,,,168,41157,
4670,海南软件职业技术学院,2023,宁夏,专科批,理科,,,229,40809,
4671,海南政法职业学院,2023,宁夏,专科批,理科,,,311,30480,
4674,海南职业技术学院,2023,宁夏,专科批,理科,,,264,39502,
4691,三亚航空旅游职业学院,2023,宁夏,专科批,理科,,,218,37329,
4692,三亚理工职业学院,2023,宁夏,专科批,理科,,,251,34734,
4693,三亚中瑞酒店管理职业学院,2023,宁夏,专科批,理科,,,236,42519,
4694,海南科技职业大学,2023,宁夏,专科批,理科,,,186,34906,
5070,重庆电力高等专科学校,2023,宁夏,专科批,理科,,,330,25994,
5071,重庆工业职业技术大学,2023,宁夏,专科批,理科,,,326,28494,
5073,重庆城市管理职业学院,2023,宁夏,专科批,理科,,,364,20615,
5074,重庆工程职业技术学院,2023,宁夏,专科批,理科,,,319,28303,
5075,重庆水利电力职业技术学院,2023,宁夏,专科批,理科,,,326,23763,
5076,重庆三峡医药高等专科学校,2023,宁夏,专科批,理科,,,336,24777,
5077,重庆医药高等专科学校,2023,宁夏,专科批,理科,,,339,23333,
5082,重庆建筑科技职业学院,2023,宁夏,专科批,理科,,,197,41318,
5083,重庆工商职业学院,2023,宁夏,专科批,理科,,,320,28638,
5092,重庆电子科技职业大学,2023,宁夏,专科批,理科,,,330,28258,
5096,重庆信息技术职业学院,2023,宁夏,专科批,理科,,,240,30690,
5098,重庆传媒职业学院,2023,宁夏,专科批,理科,,,188,40855,
5099,重庆艺术工程职业学院,2023,宁夏,专科批,理科,,,211,43941,
5105,资阳环境科技职业学院,2023,宁夏,专科批,理科,,,183,37544,
5106,绵阳飞行职业学院,2023,宁夏,专科批,理科,,,189,40811,
5107,泸州医疗器械职业学院,2023,宁夏,专科批,理科,,,201,42944,
5109,德阳农业科技职业学院,2023,宁夏,专科批,理科,,,180,45499,
5115,四川托普信息技术职业学院,2023,宁夏,专科批,理科,,,207,42033,
5118,德阳科贸职业学院,2023,宁夏,专科批,理科,,,174,39716,
5155,广元中核职业技术学院,2023,宁夏,专科批,理科,,,160,44444,
5157,四川华新现代职业学院,2023,宁夏,专科批,理科,,,192,41803,
5158,眉山药科职业学院,2023,宁夏,专科批,理科,,,202,37718,
5163,成都银杏酒店管理学院,2023,宁夏,专科批,理科,,,178,38427,
5165,成都外国语学院,2023,宁夏,专科批,理科,,,293,35243,
5167,西南财经大学天府学院,2023,宁夏,专科批,理科,,,265,37219,
5168,四川文化艺术学院,2023,宁夏,专科批,理科,,,250,41081,
5171,川北幼儿师范高等专科学校,2023,宁夏,专科批,理科,,,245,41630,
5172,四川水利职业技术学院,2023,宁夏,专科批,理科,,,302,29713,
5173,南充职业技术学院,2023,宁夏,专科批,理科,,,316,30836,
5176,绵阳职业技术学院,2023,宁夏,专科批,理科,,,276,37799,
5177,四川工程职业技术大学,2023,宁夏,专科批,理科,,,330,26367,
5178,四川建筑职业技术学院,2023,宁夏,专科批,理科,,,290,33358,
5179,泸州职业技术学院,2023,宁夏,专科批,理科,,,236,42460,
5181,四川职业技术学院,2023,宁夏,专科批,理科,,,264,39457,
5183,四川幼儿师范高等专科学校,2023,宁夏,专科批,理科,,,293,35138,
5184,四川交通职业技术学院,2023,宁夏,专科批,理科,,,310,30627,
5185,四川西南航空职业学院,2023,宁夏,专科批,理科,,,180,38703,
5186,雅安职业技术学院,2023,宁夏,专科批,理科,,,282,36930,
5187,四川国际标榜职业学院,2023,宁夏,专科批,理科,,,224,43499,
5189,民办四川天一学院,2023,宁夏,专科批,理科,,,162,42996,
5190,四川汽车职业技术学院,2023,宁夏,专科批,理科,,,222,38692,
5191,四川电子机械职业技术学院,2023,宁夏,专科批,理科,,,217,38837,
5193,成都航空职业技术大学,2023,宁夏,专科批,理科,,,346,24658,
5197,四川城市职业学院,2023,宁夏,专科批,理科,,,180,38518,
5198,巴中职业技术学院,2023,宁夏,专科批,理科,,,233,42747,
5199,资阳口腔职业学院,2023,宁夏,专科批,理科,,,150,42404,
5270,黔南民族医学高等专科学校,2023,宁夏,专科批,理科,,,284,27747,
5272,贵州电子信息职业技术学院,2023,宁夏,专科批,理科,,,201,36939,
5274,铜仁职业技术大学,2023,宁夏,专科批,理科,,,269,37042,
5360,丽江文化旅游学院,2023,宁夏,专科批,理科,,,244,36038,
5371,云南国土资源职业学院,2023,宁夏,专科批,理科,,,260,35562,
5372,云南林业职业技术学院,2023,宁夏,专科批,理科,,,276,31576,
5374,西双版纳职业技术学院,2023,宁夏,专科批,理科,,,186,37636,
5376,云南医药健康职业学院,2023,宁夏,专科批,理科,,,242,39232,
5378,昭通卫生职业学院,2023,宁夏,专科批,理科,,,266,34956,
5381,云南理工职业学院,2023,宁夏,专科批,理科,,,162,39934,
5471,拉萨师范学院,2023,宁夏,专科批,理科,,,181,41597,
6001,宝鸡三和职业学院,2023,宁夏,专科批,理科,,,238,35526,
6003,宝鸡中北职业学院,2023,宁夏,专科批,理科,,,235,37432,
6100,陕西工商职业学院,2023,宁夏,专科批,理科,,,278,36832,
6107,陕西机电职业技术学院,2023,宁夏,专科批,理科,,,299,27036,
6108,陕西警察学院,2023,宁夏,专科批,理科,,,320,30253,
6109,陕西职业技术学院,2023,宁夏,专科批,理科,,,318,30492,
6117,陕西航空职业技术学院,2023,宁夏,专科批,理科,,,286,29547,
6118,榆林能源科技职业学院,2023,宁夏,专科批,理科,,,257,37992,
6151,西安外事学院,2023,宁夏,专科批,理科,,,280,28783,
6152,西安翻译学院,2023,宁夏,专科批,理科,,,219,43830,
6154,西安思源学院,2023,宁夏,专科批,理科,,,270,26087,
6155,陕西国际商贸学院,2023,宁夏,专科批,理科,,,263,37664,
6156,西安明德理工学院,2023,宁夏,专科批,理科,,,238,37393,
6157,陕西服装工程学院,2023,宁夏,专科批,理科,,,251,34952,
6158,西安交通工程学院,2023,宁夏,专科批,理科,,,281,32964,
6164,西安工商学院,2023,宁夏,专科批,理科,,,282,34740,
6167,西安科技大学高新学院,2023,宁夏,专科批,理科,,,317,29950,
6168,铜川职业技术学院,2023,宁夏,专科批,理科,,,286,35707,
6169,陕西青年职业学院,2023,宁夏,专科批,理科,,,301,30906,
6170,陕西工业职业技术大学,2023,宁夏,专科批,理科,,,332,19925,
6171,陕西农林职业技术大学,2023,宁夏,专科批,理科,,,298,28664,
6173,西安电力高等专科学校,2023,宁夏,专科批,理科,,,345,20822,
6174,陕西能源职业技术学院,2023,宁夏,专科批,理科,,,310,30451,
6175,陕西国防工业职业技术学院,2023,宁夏,专科批,理科,,,330,25137,
6176,西安航空职业技术学院,2023,宁夏,专科批,理科,,,319,19376,
6177,陕西财经职业技术学院,2023,宁夏,专科批,理科,,,305,32315,
6178,陕西交通职业技术学院,2023,宁夏,专科批,理科,,,298,26216,
6179,陕西铁路工程职业技术学院,2023,宁夏,专科批,理科,,,326,24894,
6180,宝鸡职业技术学院,2023,宁夏,专科批,理科,,,318,27289,
6181,陕西邮电职业技术学院,2023,宁夏,专科批,理科,,,302,26277,
6183,西安铁路职业技术学院,2023,宁夏,专科批,理科,,,328,26893,
6184,咸阳职业技术学院,2023,宁夏,专科批,理科,,,318,29088,
6185,西安职业技术学院,2023,宁夏,专科批,理科,,,308,31457,
6186,汉中职业技术学院,2023,宁夏,专科批,理科,,,323,28164,
6187,延安职业技术学院,2023,宁夏,专科批,理科,,,286,35147,
6188,渭南职业技术学院,2023,宁夏,专科批,理科,,,305,32573,
6189,安康职业技术学院,2023,宁夏,专科批,理科,,,296,33964,
6190,西安高新科技职业学院,2023,宁夏,专科批,理科,,,254,36335,
6191,西安城市建设职业学院,2023,宁夏,专科批,理科,,,209,30589,
6192,商洛职业技术学院,2023,宁夏,专科批,理科,,,289,35675,
6193,榆林职业技术学院,2023,宁夏,专科批,理科,,,302,29634,
6194,陕西电子信息职业技术学院,2023,宁夏,专科批,理科,,,257,35005,
6195,西安海棠职业学院,2023,宁夏,专科批,理科,,,257,37736,
6196,西安汽车职业大学,2023,宁夏,专科批,理科,,,201,37501,
6197,西安信息职业大学,2023,宁夏,专科批,理科,,,190,28828,
6198,陕西旅游烹饪职业学院,2023,宁夏,专科批,理科,,,164,40305,
6199,西安医学高等专科学校,2023,宁夏,专科批,理科,,,306,30229,
6221,兰州交通大学,2023,宁夏,专科批,理科,,,354,20661,
6250,兰州石化职业技术大学,2023,宁夏,专科批,理科,,,320,22625,
6251,兰州资源环境职业技术大学,2023,宁夏,专科批,理科,,,295,31187,
6273,酒泉职业技术大学,2023,宁夏,专科批,理科,,,286,35869,
6274,兰州职业技术学院,2023,宁夏,专科批,理科,,,298,32556,
6275,甘肃林业职业技术大学,2023,宁夏,专科批,理科,,,266,39249,
6276,甘肃工业职业技术大学,2023,宁夏,专科批,理科,,,260,37558,
6278,陇南师范学院,2023,宁夏,专科批,理科,,,326,29069,
6279,甘肃交通职业技术学院,2023,宁夏,专科批,理科,,,202,43643,
6281,甘肃警察学院,2023,宁夏,专科批,理科,,,298,34365,
6282,临夏现代职业学院,2023,宁夏,专科批,理科,,,273,36949,
6284,甘肃农业职业技术学院,2023,宁夏,专科批,理科,,,213,42565,
6285,甘肃畜牧工程职业技术学院,2023,宁夏,专科批,理科,,,271,36513,
6286,白银矿冶职业技术学院,2023,宁夏,专科批,理科,,,249,39939,
6287,甘肃卫生职业学院,2023,宁夏,专科批,理科,,,336,23008,
6288,甘肃建筑职业技术学院,2023,宁夏,专科批,理科,,,265,38088,
6290,兰州外语职业学院,2023,宁夏,专科批,理科,,,208,43376,
6291,武威职业技术大学,2023,宁夏,专科批,理科,,,266,39024,
6292,甘肃有色冶金职业技术学院,2023,宁夏,专科批,理科,,,237,39908,
6293,甘肃财贸职业学院,2023,宁夏,专科批,理科,,,273,32350,
6294,甘肃钢铁职业技术学院,2023,宁夏,专科批,理科,,,256,39271,
6295,庆阳职业技术学院,2023,宁夏,专科批,理科,,,268,37440,
6296,培黎职业学院,2023,宁夏,专科批,理科,,,222,36744,
6297,兰州航空职业技术学院,2023,宁夏,专科批,理科,,,282,36134,
6370,青海农牧科技职业学院,2023,宁夏,专科批,理科,,,300,31339,
6371,青海职业技术大学,2023,宁夏,专科批,理科,,,265,39389,
6373,青海柴达木职业技术学院,2023,宁夏,专科批,理科,,,151,44286,
6378,青海卫生职业技术学院,2023,宁夏,专科批,理科,,,324,27285,
6421,宁夏医科大学,2023,宁夏,专科批,理科,,,336,22377,
6461,银川科技学院,2023,宁夏,专科批,理科,,,279,35153,
6470,宁夏民族职业技术学院,2023,宁夏,专科批,理科,,,307,26210,
6471,宁夏工业职业学院,2023,宁夏,专科批,理科,,,299,32413,
6472,宁夏职业技术大学,2023,宁夏,专科批,理科,,,316,28517,
6473,宁夏工商职业技术大学,2023,宁夏,专科批,理科,,,320,31768,
6474,宁夏财经职业技术学院,2023,宁夏,专科批,理科,,,302,30917,
6475,宁夏警官职业学院,2023,宁夏,专科批,理科,,,314,21985,
6476,宁夏建设职业技术学院,2023,宁夏,专科批,理科,,,289,33517,
6477,宁夏葡萄酒与防沙治沙职业技术学院,2023,宁夏,专科批,理科,,,290,27388,
6478,宁夏幼儿师范高等专科学校,2023,宁夏,专科批,理科,,,318,27774,
6479,宁夏艺术职业学院,2023,宁夏,专科批,理科,,,197,45211,
6481,石嘴山工贸职业技术学院,2023,宁夏,专科批,理科,,,287,33381,
6482,宁夏卫生健康职业技术学院,2023,宁夏,专科批,理科,,,293,34290,
6550,乌鲁木齐职业大学,2023,宁夏,专科批,理科,,,261,23346,
6563,昌吉职业技术学院,2023,宁夏,专科批,理科,,,186,37104,
6566,昆玉职业技术学院,2023,宁夏,专科批,理科,,,160,36164,
6570,新疆和田学院,2023,宁夏,专科批,理科,,,211,44104,
6572,新疆师范高等专科学校,2023,宁夏,专科批,理科,,,286,27818,
6573,克拉玛依职业技术学院,2023,宁夏,专科批,理科,,,301,33100,
6574,新疆生产建设兵团兴新职业技术学院,2023,宁夏,专科批,理科,,,202,42097,
6575,新疆轻工职业技术学院,2023,宁夏,专科批,理科,,,157,41031,
6577,新疆铁道职业技术学院,2023,宁夏,专科批,理科,,,289,34593,
6579,新疆交通职业技术大学,2023,宁夏,专科批,理科,,,212,43309,
6580,新疆石河子职业技术学院,2023,宁夏,专科批,理科,,,226,35824,
6581,新疆职业大学,2023,宁夏,专科批,理科,,,250,35123,
6582,阿克苏职业技术学院,2023,宁夏,专科批,理科,,,202,41219,
6583,哈密职业技术学院,2023,宁夏,专科批,理科,,,176,37785,
6584,新疆科技职业技术学院,2023,宁夏,专科批,理科,,,224,36915,
6586,博尔塔拉职业技术学院,2023,宁夏,专科批,理科,,,177,40264,
6588,吐鲁番职业技术学院,2023,宁夏,专科批,理科,,,178,37493,
6590,新疆能源职业技术学院,2023,宁夏,专科批,理科,,,195,36378,
6592,石河子工程职业技术学院,2023,宁夏,专科批,理科,,,196,36552,
6593,塔里木职业技术学院,2023,宁夏,专科批,理科,,,170,36325,
6595,喀什职业技术学院,2023,宁夏,专科批,理科,,,255,29645,
6596,新疆建设职业技术学院,2023,宁夏,专科批,理科,,,196,44198,
6597,新疆应用职业技术学院,2023,宁夏,专科批,理科,,,209,39560,
6599,塔城职业技术学院,2023,宁夏,专科批,理科,,,182,38291,
1001,北京大学,2023,宁夏,本科一批,理科,,,644,50,
1002,清华大学,2023,宁夏,本科一批,理科,,,640,50,
1003,中国人民大学,2023,宁夏,本科一批,理科,,,595,82,
1004,北京航空航天大学,2023,宁夏,本科一批,理科,,,575,95,
1005,北京理工大学,2023,宁夏,本科一批,理科,,,596,184,
1006,中国农业大学,2023,宁夏,本科一批,理科,,,450,983,
1007,北京师范大学,2023,宁夏,本科一批,理科,,,536,242,
1008,中央民族大学,2023,宁夏,本科一批,理科,,,445,2165,
1009,北京大学医学部,2023,宁夏,本科一批,理科,,,614,51,
1010,北京交通大学,2023,宁夏,本科一批,理科,,,528,1229,
1011,北京科技大学,2023,宁夏,本科一批,理科,,,455,1014,
1012,北京化工大学,2023,宁夏,本科一批,理科,,,413,2205,
1013,北京邮电大学,2023,宁夏,本科一批,理科,,,494,500,
1014,北京邮电大学(宏福校区),2023,宁夏,本科一批,理科,,,511,1225,
1015,北京林业大学,2023,宁夏,本科一批,理科,,,401,2821,
1016,北京中医药大学,2023,宁夏,本科一批,理科,,,489,97,
1017,北京外国语大学,2023,宁夏,本科一批,理科,,,434,1296,
1018,中国传媒大学,2023,宁夏,本科一批,理科,,,470,1561,
1019,中央财经大学,2023,宁夏,本科一批,理科,,,475,1350,
1111,对外经济贸易大学,2023,宁夏,本科一批,理科,,,452,1311,
1112,北京体育大学,2023,宁夏,本科一批,理科,,,399,5096,
1113,中国政法大学,2023,宁夏,本科一批,理科,,,531,872,
1114,华北电力大学(北京),2023,宁夏,本科一批,理科,,,458,1094,
1115,中国矿业大学(北京),2023,宁夏,本科一批,理科,,,468,2727,
1116,中国石油大学(北京),2023,宁夏,本科一批,理科,,,418,1857,
1117,中国地质大学(北京),2023,宁夏,本科一批,理科,,,404,3368,
1118,北京工业大学,2023,宁夏,本科一批,理科,,,501,2047,
1120,北方工业大学,2023,宁夏,本科一批,理科,,,445,3286,
1124,首都经济贸易大学,2023,宁夏,本科一批,理科,,,466,4093,
1126,北京信息科技大学,2023,宁夏,本科一批,理科,,,441,6265,
1128,北京印刷学院,2023,宁夏,本科一批,理科,,,424,9097,
1129,北京建筑大学,2023,宁夏,本科一批,理科,,,400,10121,
1131,北京物资学院,2023,宁夏,本科一批,理科,,,414,5859,
1142,北京语言大学,2023,宁夏,本科一批,理科,,,444,7174,
1201,南开大学,2023,宁夏,本科一批,理科,,,561,334,
1202,天津大学,2023,宁夏,本科一批,理科,,,507,503,
1210,天津医科大学,2023,宁夏,本科一批,理科,,,504,535,
1211,河北工业大学,2023,宁夏,本科一批,理科,,,476,2674,
1220,天津科技大学,2023,宁夏,本科一批,理科,,,398,5341,
1221,天津工业大学,2023,宁夏,本科一批,理科,,,409,3289,
1222,中国民航大学,2023,宁夏,本科一批,理科,,,453,2638,
1223,天津理工大学,2023,宁夏,本科一批,理科,,,401,5794,
1225,天津中医药大学,2023,宁夏,本科一批,理科,,,451,4077,
1226,天津师范大学,2023,宁夏,本科一批,理科,,,401,3783,
1228,天津外国语大学,2023,宁夏,本科一批,理科,,,399,9208,
1230,天津财经大学,2023,宁夏,本科一批,理科,,,417,4695,
1301,东北大学秦皇岛分校,2023,宁夏,本科一批,理科,,,492,1696,
1310,华北电力大学(保定),2023,宁夏,本科一批,理科,,,514,1242,
1320,燕山大学,2023,宁夏,本科一批,理科,,,474,3986,
1322,华北理工大学,2023,宁夏,本科一批,理科,,,396,8505,
1323,石家庄铁道大学,2023,宁夏,本科一批,理科,,,422,7727,
1327,中国人民警察大学,2023,宁夏,本科一批,理科,,,407,10500,
1328,河北医科大学,2023,宁夏,本科一批,理科,,,513,1743,
1329,河北师范大学,2023,宁夏,本科一批,理科,,,408,10221,
1410,太原理工大学,2023,宁夏,本科一批,理科,,,438,2717,
1421,中北大学,2023,宁夏,本科一批,理科,,,423,6586,
1423,山西医科大学,2023,宁夏,本科一批,理科,,,409,4357,
1424,山西财经大学,2023,宁夏,本科一批,理科,,,402,4934,
1511,内蒙古大学,2023,宁夏,本科一批,理科,,,395,14197,
2101,东北大学,2023,宁夏,本科一批,理科,,,443,1560,
2102,大连理工大学,2023,宁夏,本科一批,理科,,,477,797,
2103,大连理工大学(盘锦校区),2023,宁夏,本科一批,理科,,,492,2549,
2110,辽宁大学,2023,宁夏,本科一批,理科,,,454,4038,
2111,大连海事大学,2023,宁夏,本科一批,理科,,,470,3385,
2120,东北财经大学,2023,宁夏,本科一批,理科,,,400,2240,
2122,辽宁科技大学,2023,宁夏,本科一批,理科,,,411,9048,
2123,辽宁工程技术大学,2023,宁夏,本科一批,理科,,,401,9147,
2128,沈阳建筑大学,2023,宁夏,本科一批,理科,,,410,7087,
2130,沈阳农业大学,2023,宁夏,本科一批,理科,,,397,11368,
2132,大连医科大学,2023,宁夏,本科一批,理科,,,504,1030,
2133,沈阳药科大学,2023,宁夏,本科一批,理科,,,437,2086,
2134,沈阳工业大学,2023,宁夏,本科一批,理科,,,399,5251,
2147,中国医科大学,2023,宁夏,本科一批,理科,,,537,976,
2201,吉林大学,2023,宁夏,本科一批,理科,,,451,816,
2210,延边大学,2023,宁夏,本科一批,理科,,,437,6015,
2211,东北师范大学,2023,宁夏,本科一批,理科,,,390,3247,
2220,长春理工大学,2023,宁夏,本科一批,理科,,,403,7957,
2221,东北电力大学,2023,宁夏,本科一批,理科,,,399,3646,
2301,哈尔滨工业大学,2023,宁夏,本科一批,理科,,,599,169,
2310,哈尔滨工程大学,2023,宁夏,本科一批,理科,,,465,1650,
2311,东北林业大学,2023,宁夏,本科一批,理科,,,398,4552,
2312,东北农业大学,2023,宁夏,本科一批,理科,,,432,5843,
2320,黑龙江大学,2023,宁夏,本科一批,理科,,,398,10215,
2322,东北石油大学,2023,宁夏,本科一批,理科,,,397,7455,
2326,黑龙江中医药大学,2023,宁夏,本科一批,理科,,,399,3714,
2329,哈尔滨商业大学,2023,宁夏,本科一批,理科,,,406,10440,
2333,哈尔滨理工大学,2023,宁夏,本科一批,理科,,,401,6532,
3100,复旦大学,2023,宁夏,本科一批,理科,,,524,50,
3102,上海交通大学,2023,宁夏,本科一批,理科,,,625,50,
3104,同济大学,2023,宁夏,本科一批,理科,,,543,158,
3105,复旦大学上海医学院,2023,宁夏,本科一批,理科,,,624,104,
3106,上海交通大学医学院,2023,宁夏,本科一批,理科,,,630,50,
3110,华东理工大学,2023,宁夏,本科一批,理科,,,514,1413,
3111,东华大学,2023,宁夏,本科一批,理科,,,462,2872,
3112,上海外国语大学,2023,宁夏,本科一批,理科,,,458,907,
3113,上海财经大学,2023,宁夏,本科一批,理科,,,528,502,
3120,上海理工大学,2023,宁夏,本科一批,理科,,,464,4407,
3121,上海海事大学,2023,宁夏,本科一批,理科,,,423,6995,
3122,上海应用技术大学,2023,宁夏,本科一批,理科,,,402,5313,
3123,上海海洋大学,2023,宁夏,本科一批,理科,,,407,7951,
3124,华东政法大学,2023,宁夏,本科一批,理科,,,465,1546,
3129,上海电力大学,2023,宁夏,本科一批,理科,,,481,2412,
3130,上海立信会计金融学院,2023,宁夏,本科一批,理科,,,388,6470,
3140,上海电机学院,2023,宁夏,本科一批,理科,,,404,8626,
3143,上海第二工业大学,2023,宁夏,本科一批,理科,,,433,7613,
3170,上海健康医学院,2023,宁夏,本科一批,理科,,,432,7962,
3201,南京大学,2023,宁夏,本科一批,理科,,,608,79,
3202,东南大学,2023,宁夏,本科一批,理科,,,572,239,
3210,苏州大学,2023,宁夏,本科一批,理科,,,485,1106,
3211,南京航空航天大学,2023,宁夏,本科一批,理科,,,470,914,
3212,南京理工大学,2023,宁夏,本科一批,理科,,,462,1203,
3213,中国矿业大学(徐州),2023,宁夏,本科一批,理科,,,409,11862,
3214,河海大学,2023,宁夏,本科一批,理科,,,409,1449,
3215,江南大学,2023,宁夏,本科一批,理科,,,443,2210,
3216,南京农业大学,2023,宁夏,本科一批,理科,,,396,3738,
3217,中国药科大学,2023,宁夏,本科一批,理科,,,397,1026,
3220,江苏科技大学,2023,宁夏,本科一批,理科,,,410,5087,
3221,南京工业大学,2023,宁夏,本科一批,理科,,,440,5053,
3222,常州大学,2023,宁夏,本科一批,理科,,,419,7892,
3223,南京邮电大学,2023,宁夏,本科一批,理科,,,504,1945,
3224,南京林业大学,2023,宁夏,本科一批,理科,,,406,4616,
3225,江苏大学,2023,宁夏,本科一批,理科,,,455,3755,
3226,南京信息工程大学,2023,宁夏,本科一批,理科,,,493,2802,
3228,南京中医药大学,2023,宁夏,本科一批,理科,,,410,1411,
3229,南京财经大学,2023,宁夏,本科一批,理科,,,401,5760,
3233,苏州科技大学,2023,宁夏,本科一批,理科,,,417,7494,
3245,南京审计大学,2023,宁夏,本科一批,理科,,,398,3139,
3250,西交利物浦大学,2023,宁夏,本科一批,理科,,,406,9463,
3301,浙江大学,2023,宁夏,本科一批,理科,,,621,50,
3320,杭州电子科技大学,2023,宁夏,本科一批,理科,,,478,2680,
3321,浙江工业大学,2023,宁夏,本科一批,理科,,,411,5499,
3322,浙江农林大学,2023,宁夏,本科一批,理科,,,400,7960,
3324,浙江工商大学,2023,宁夏,本科一批,理科,,,399,5635,
3326,中国计量大学,2023,宁夏,本科一批,理科,,,447,5147,
3328,浙江师范大学,2023,宁夏,本科一批,理科,,,398,4164,
3329,浙江财经大学,2023,宁夏,本科一批,理科,,,414,6235,
3331,宁波大学,2023,宁夏,本科一批,理科,,,452,4803,
3333,杭州师范大学,2023,宁夏,本科一批,理科,,,401,8163,
3401,中国科学技术大学,2023,宁夏,本科一批,理科,,,606,84,
3410,合肥工业大学,2023,宁夏,本科一批,理科,,,406,1890,
3411,合肥工业大学(宣城校区),2023,宁夏,本科一批,理科,,,484,2614,
3420,安徽理工大学,2023,宁夏,本科一批,理科,,,399,9397,
3421,安徽农业大学,2023,宁夏,本科一批,理科,,,400,8627,
3423,安徽财经大学,2023,宁夏,本科一批,理科,,,399,8427,
3501,厦门大学,2023,宁夏,本科一批,理科,,,514,611,
3510,福州大学,2023,宁夏,本科一批,理科,,,397,4391,
3520,华侨大学,2023,宁夏,本科一批,理科,,,422,6349,
3521,福建农林大学,2023,宁夏,本科一批,理科,,,403,11350,
3523,福建医科大学,2023,宁夏,本科一批,理科,,,442,5102,
3524,福建师范大学,2023,宁夏,本科一批,理科,,,397,12777,
3610,南昌大学,2023,宁夏,本科一批,理科,,,457,4137,
3620,华东交通大学,2023,宁夏,本科一批,理科,,,416,5604,
3621,东华理工大学,2023,宁夏,本科一批,理科,,,414,9140,
3622,江西理工大学,2023,宁夏,本科一批,理科,,,403,7826,
3625,江西中医药大学,2023,宁夏,本科一批,理科,,,435,7018,
3626,江西师范大学,2023,宁夏,本科一批,理科,,,397,4634,
3627,江西财经大学,2023,宁夏,本科一批,理科,,,406,3177,
3628,江西科技师范大学,2023,宁夏,本科一批,理科,,,397,7655,
3630,赣南医科大学,2023,宁夏,本科一批,理科,,,447,6862,
3701,山东大学,2023,宁夏,本科一批,理科,,,486,666,
3702,山东大学(威海校区),2023,宁夏,本科一批,理科,,,409,2401,
3703,中国海洋大学,2023,宁夏,本科一批,理科,,,454,1802,
3704,哈尔滨工业大学(威海),2023,宁夏,本科一批,理科,,,556,731,
3710,中国石油大学(华东),2023,宁夏,本科一批,理科,,,480,2322,
3720,山东科技大学,2023,宁夏,本科一批,理科,,,400,4341,
3721,青岛科技大学,2023,宁夏,本科一批,理科,,,407,7794,
3722,济南大学,2023,宁夏,本科一批,理科,,,403,7771,
3725,山东理工大学,2023,宁夏,本科一批,理科,,,404,9145,
3731,山东财经大学,2023,宁夏,本科一批,理科,,,404,5011,
3734,青岛大学,2023,宁夏,本科一批,理科,,,403,5237,
3738,山东师范大学,2023,宁夏,本科一批,理科,,,398,4345,
3800,东南大学医学院,2023,宁夏,本科一批,理科,,,533,723,
3901,山东第一医科大学,2023,宁夏,本科一批,理科,,,397,5676,
3902,北京交通大学(威海校区),2023,宁夏,本科一批,理科,,,482,3814,
4110,郑州大学,2023,宁夏,本科一批,理科,,,467,1467,
4119,河南师范大学,2023,宁夏,本科一批,理科,,,403,12846,
4120,华北水利水电大学,2023,宁夏,本科一批,理科,,,408,7115,
4123,河南工业大学,2023,宁夏,本科一批,理科,,,411,10471,
4127,河南医药大学,2023,宁夏,本科一批,理科,,,445,6517,
4128,河南大学,2023,宁夏,本科一批,理科,,,404,7393,
4130,河南财经政法大学,2023,宁夏,本科一批,理科,,,398,5477,
4201,武汉大学,2023,宁夏,本科一批,理科,,,556,111,
4202,华中科技大学,2023,宁夏,本科一批,理科,,,539,188,
4203,华中农业大学,2023,宁夏,本科一批,理科,,,415,3409,
4210,中国地质大学(武汉),2023,宁夏,本科一批,理科,,,399,2048,
4211,武汉理工大学,2023,宁夏,本科一批,理科,,,452,1526,
4213,中南财经政法大学,2023,宁夏,本科一批,理科,,,429,3126,
4220,武汉科技大学,2023,宁夏,本科一批,理科,,,470,4276,
4221,长江大学,2023,宁夏,本科一批,理科,,,405,6154,
4222,武汉工程大学,2023,宁夏,本科一批,理科,,,457,5291,
4224,湖北工业大学,2023,宁夏,本科一批,理科,,,409,5993,
4225,湖北大学,2023,宁夏,本科一批,理科,,,434,5156,
4227,中南民族大学,2023,宁夏,本科一批,理科,,,397,6598,
4228,三峡大学,2023,宁夏,本科一批,理科,,,396,3198,
4301,中南大学,2023,宁夏,本科一批,理科,,,449,585,
4302,湖南大学,2023,宁夏,本科一批,理科,,,397,819,
4310,湖南师范大学,2023,宁夏,本科一批,理科,,,452,3800,
4320,湘潭大学,2023,宁夏,本科一批,理科,,,462,4885,
4322,长沙理工大学,2023,宁夏,本科一批,理科,,,457,3064,
4323,湖南农业大学,2023,宁夏,本科一批,理科,,,400,9495,
4324,中南林业科技大学,2023,宁夏,本科一批,理科,,,398,8958,
4325,湖南中医药大学,2023,宁夏,本科一批,理科,,,398,1620,
4326,南华大学,2023,宁夏,本科一批,理科,,,399,7091,
4327,湖南工业大学,2023,宁夏,本科一批,理科,,,394,7208,
4328,湖南科技大学,2023,宁夏,本科一批,理科,,,401,6685,
4346,湖南工商大学,2023,宁夏,本科一批,理科,,,400,8915,
4401,中山大学,2023,宁夏,本科一批,理科,,,412,235,
4402,华南理工大学,2023,宁夏,本科一批,理科,,,550,579,
4406,广东医科大学,2023,宁夏,本科一批,理科,,,461,3250,
4410,暨南大学,2023,宁夏,本科一批,理科,,,438,2339,
4411,哈尔滨工业大学(深圳),2023,宁夏,本科一批,理科,,,593,176,
4420,广州中医药大学,2023,宁夏,本科一批,理科,,,401,3048,
4425,广州大学,2023,宁夏,本科一批,理科,,,406,4876,
4426,广东工业大学,2023,宁夏,本科一批,理科,,,400,4991,
4427,南方医科大学,2023,宁夏,本科一批,理科,,,401,145,
4428,华南师范大学,2023,宁夏,本科一批,理科,,,485,2255,
4429,深圳大学,2023,宁夏,本科一批,理科,,,496,1568,
4431,深圳技术大学,2023,宁夏,本科一批,理科,,,459,4794,
4510,广西大学,2023,宁夏,本科一批,理科,,,424,6229,
4610,海南大学,2023,宁夏,本科一批,理科,,,405,4078,
4621,海南师范大学,2023,宁夏,本科一批,理科,,,424,6336,
4640,海南医科大学,2023,宁夏,本科一批,理科,,,465,5145,
5001,重庆大学,2023,宁夏,本科一批,理科,,,537,857,
5010,西南大学,2023,宁夏,本科一批,理科,,,428,1430,
5011,西南大学(荣昌校区),2023,宁夏,本科一批,理科,,,436,6776,
5020,重庆邮电大学,2023,宁夏,本科一批,理科,,,447,3329,
5021,重庆交通大学,2023,宁夏,本科一批,理科,,,406,6750,
5022,重庆医科大学,2023,宁夏,本科一批,理科,,,398,1277,
5023,重庆师范大学,2023,宁夏,本科一批,理科,,,404,5529,
5024,西南政法大学,2023,宁夏,本科一批,理科,,,433,1713,
5026,重庆理工大学,2023,宁夏,本科一批,理科,,,424,5736,
5027,重庆工商大学,2023,宁夏,本科一批,理科,,,399,8140,
5101,四川大学,2023,宁夏,本科一批,理科,,,466,252,
5102,电子科技大学,2023,宁夏,本科一批,理科,,,576,317,
5110,西南交通大学,2023,宁夏,本科一批,理科,,,491,1692,
5111,四川农业大学,2023,宁夏,本科一批,理科,,,404,5006,
5112,西南财经大学,2023,宁夏,本科一批,理科,,,480,1436,
5120,西南石油大学,2023,宁夏,本科一批,理科,,,446,4249,
5121,成都理工大学,2023,宁夏,本科一批,理科,,,432,4303,
5123,成都信息工程大学,2023,宁夏,本科一批,理科,,,458,4270,
5125,成都中医药大学,2023,宁夏,本科一批,理科,,,418,3904,
5129,西南民族大学,2023,宁夏,本科一批,理科,,,418,5450,
5132,西南医科大学,2023,宁夏,本科一批,理科,,,410,2961,
5133,四川师范大学,2023,宁夏,本科一批,理科,,,397,5878,
5211,贵州大学,2023,宁夏,本科一批,理科,,,413,7098,
5311,云南大学,2023,宁夏,本科一批,理科,,,446,3952,
5320,昆明理工大学,2023,宁夏,本科一批,理科,,,400,6774,
5322,昆明医科大学,2023,宁夏,本科一批,理科,,,425,4774,
6101,西安交通大学,2023,宁夏,本科一批,理科,,,534,135,
6102,西北工业大学,2023,宁夏,本科一批,理科,,,497,382,
6103,西北农林科技大学,2023,宁夏,本科一批,理科,,,436,2380,
6110,西北大学,2023,宁夏,本科一批,理科,,,465,2245,
6111,西安电子科技大学,2023,宁夏,本科一批,理科,,,503,964,
6112,长安大学,2023,宁夏,本科一批,理科,,,444,1980,
6120,西安理工大学,2023,宁夏,本科一批,理科,,,436,3573,
6121,西安工业大学,2023,宁夏,本科一批,理科,,,412,7287,
6122,西安建筑科技大学,2023,宁夏,本科一批,理科,,,417,5516,
6123,西安科技大学,2023,宁夏,本科一批,理科,,,412,4166,
6124,西安石油大学,2023,宁夏,本科一批,理科,,,432,5722,
6125,陕西科技大学,2023,宁夏,本科一批,理科,,,438,4949,
6126,西安工程大学,2023,宁夏,本科一批,理科,,,407,7595,
6127,陕西中医药大学,2023,宁夏,本科一批,理科,,,456,4892,
6130,西安外国语大学,2023,宁夏,本科一批,理科,,,398,6288,
6131,西北政法大学,2023,宁夏,本科一批,理科,,,401,2105,
6135,西安财经大学,2023,宁夏,本科一批,理科,,,451,5686,
6136,西安邮电大学,2023,宁夏,本科一批,理科,,,479,2615,
6148,西安医学院,2023,宁夏,本科一批,理科,,,432,4260,
6201,兰州大学,2023,宁夏,本科一批,理科,,,454,2012,
6220,兰州理工大学,2023,宁夏,本科一批,理科,,,426,5861,
6221,兰州交通大学,2023,宁夏,本科一批,理科,,,432,3690,
6223,西北师范大学,2023,宁夏,本科一批,理科,,,402,7887,
6225,西北民族大学,2023,宁夏,本科一批,理科,,,398,8561,
6226,甘肃政法大学,2023,宁夏,本科一批,理科,,,397,5014,
6227,甘肃中医药大学,2023,宁夏,本科一批,理科,,,433,6027,
6311,青海大学,2023,宁夏,本科一批,理科,,,392,7079,
6411,宁夏大学,2023,宁夏,本科一批,理科,,,397,4955,
6421,宁夏医科大学,2023,宁夏,本科一批,理科,,,398,2481,
6422,北方民族大学,2023,宁夏,本科一批,理科,,,400,9744,
6510,新疆大学,2023,宁夏,本科一批,理科,,,400,5397,
6511,石河子大学,2023,宁夏,本科一批,理科,,,397,4655,
6513,中国石油大学(北京)(克拉玛依校区),2023,宁夏,本科一批,理科,,,427,6956,
1130,北京农学院,2023,宁夏,本科二批,理科,,,366,20320,
1139,北京联合大学,2023,宁夏,本科二批,理科,,,393,14739,
1149,中国劳动关系学院,2023,宁夏,本科二批,理科,,,401,10661,
1161,北京金融科技学院,2023,宁夏,本科二批,理科,,,349,24197,
1163,北京工业大学耿丹学院,2023,宁夏,本科二批,理科,,,346,23706,
1223,天津理工大学,2023,宁夏,本科二批,理科,,,382,10272,
1227,天津职业技术师范大学,2023,宁夏,本科二批,理科,,,370,11316,
1229,天津商业大学,2023,宁夏,本科二批,理科,,,401,12105,
1233,天津城建大学,2023,宁夏,本科二批,理科,,,383,10624,
1234,天津农学院,2023,宁夏,本科二批,理科,,,382,13658,
1250,天津天狮学院,2023,宁夏,本科二批,理科,,,346,22190,
1262,天津商业大学宝德学院,2023,宁夏,本科二批,理科,,,359,21134,
1263,天津医科大学临床医学院,2023,宁夏,本科二批,理科,,,363,15443,
1266,天津理工大学中环信息学院,2023,宁夏,本科二批,理科,,,366,17973,
1267,北京科技大学天津学院,2023,宁夏,本科二批,理科,,,368,19859,
1268,天津仁爱学院,2023,宁夏,本科二批,理科,,,353,20980,
1269,天津财经大学珠江学院,2023,宁夏,本科二批,理科,,,365,20098,
1272,天津中德应用技术大学,2023,宁夏,本科二批,理科,,,375,16483,
1315,河北石油职业技术大学,2023,宁夏,本科二批,理科,,,375,17134,
1321,河北工程大学,2023,宁夏,本科二批,理科,,,393,12150,
1325,河北地质大学,2023,宁夏,本科二批,理科,,,389,14584,
1326,河北科技师范学院,2023,宁夏,本科二批,理科,,,373,18486,
1328,河北医科大学,2023,宁夏,本科二批,理科,,,396,12758,
1332,沧州师范学院,2023,宁夏,本科二批,理科,,,380,15498,
1341,邢台学院,2023,宁夏,本科二批,理科,,,370,18195,
1342,华北科技学院,2023,宁夏,本科二批,理科,,,372,13454,
1343,河北金融学院,2023,宁夏,本科二批,理科,,,340,16103,
1344,防灾科技学院,2023,宁夏,本科二批,理科,,,381,15812,
1346,邯郸学院,2023,宁夏,本科二批,理科,,,375,18204,
1347,张家口学院,2023,宁夏,本科二批,理科,,,379,15696,
1349,河北水利电力学院,2023,宁夏,本科二批,理科,,,376,16670,
1351,华北理工大学轻工学院,2023,宁夏,本科二批,理科,,,355,22246,
1352,河北外国语学院,2023,宁夏,本科二批,理科,,,348,23613,
1356,河北东方学院,2023,宁夏,本科二批,理科,,,360,20406,
1361,河北工程大学科信学院,2023,宁夏,本科二批,理科,,,369,18336,
1363,石家庄铁道大学四方学院,2023,宁夏,本科二批,理科,,,373,17333,
1365,燕京理工学院,2023,宁夏,本科二批,理科,,,367,20103,
1366,北京中医药大学东方学院,2023,宁夏,本科二批,理科,,,369,15638,
1368,河北医科大学临床学院,2023,宁夏,本科二批,理科,,,392,14860,
1369,河北地质大学华信学院,2023,宁夏,本科二批,理科,,,357,22301,
1383,河北环境工程学院,2023,宁夏,本科二批,理科,,,374,18063,
1420,太原科技大学,2023,宁夏,本科二批,理科,,,392,14232,
1422,山西农业大学,2023,宁夏,本科二批,理科,,,385,14323,
1423,山西医科大学,2023,宁夏,本科二批,理科,,,386,5222,
1425,山西中医药大学,2023,宁夏,本科二批,理科,,,377,13695,
1440,山西大同大学,2023,宁夏,本科二批,理科,,,395,14336,
1441,太原师范学院,2023,宁夏,本科二批,理科,,,341,16099,
1442,长治医学院,2023,宁夏,本科二批,理科,,,373,9580,
1443,晋中学院,2023,宁夏,本科二批,理科,,,373,18058,
1444,运城学院,2023,宁夏,本科二批,理科,,,376,17814,
1445,吕梁学院,2023,宁夏,本科二批,理科,,,372,16059,
1446,太原工业学院,2023,宁夏,本科二批,理科,,,371,17804,
1447,山西传媒学院,2023,宁夏,本科二批,理科,,,354,17437,
1448,太原学院,2023,宁夏,本科二批,理科,,,376,16497,
1460,山西晋中理工学院,2023,宁夏,本科二批,理科,,,369,19482,
1462,晋中信息学院,2023,宁夏,本科二批,理科,,,367,18769,
1463,山西工学院,2023,宁夏,本科二批,理科,,,400,13324,
1492,山西工程技术学院,2023,宁夏,本科二批,理科,,,373,16448,
1520,内蒙古科技大学,2023,宁夏,本科二批,理科,,,374,13597,
1521,内蒙古工业大学,2023,宁夏,本科二批,理科,,,379,16199,
1522,内蒙古农业大学,2023,宁夏,本科二批,理科,,,371,14825,
1523,内蒙古医科大学,2023,宁夏,本科二批,理科,,,395,6706,
1524,内蒙古师范大学,2023,宁夏,本科二批,理科,,,381,16802,
1525,内蒙古民族大学,2023,宁夏,本科二批,理科,,,377,16184,
1526,内蒙古财经大学,2023,宁夏,本科二批,理科,,,394,12400,
1560,内蒙古鸿德文理学院,2023,宁夏,本科二批,理科,,,359,21906,
1582,鄂尔多斯应用技术学院,2023,宁夏,本科二批,理科,,,375,17810,
2112,辽宁中医药大学,2023,宁夏,本科二批,理科,,,403,12860,
2122,辽宁科技大学,2023,宁夏,本科二批,理科,,,385,13124,
2124,辽宁石油化工大学,2023,宁夏,本科二批,理科,,,380,14841,
2125,沈阳化工大学,2023,宁夏,本科二批,理科,,,384,14762,
2126,大连交通大学,2023,宁夏,本科二批,理科,,,406,9409,
2127,大连工业大学,2023,宁夏,本科二批,理科,,,391,15096,
2129,辽宁工业大学,2023,宁夏,本科二批,理科,,,395,12482,
2131,锦州医科大学,2023,宁夏,本科二批,理科,,,376,9237,
2135,大连大学,2023,宁夏,本科二批,理科,,,388,13564,
2139,沈阳大学,2023,宁夏,本科二批,理科,,,398,13788,
2140,鞍山师范学院,2023,宁夏,本科二批,理科,,,386,15959,
2141,沈阳工程学院,2023,宁夏,本科二批,理科,,,407,11356,
2143,大连民族大学,2023,宁夏,本科二批,理科,,,371,12339,
2146,大连海洋大学,2023,宁夏,本科二批,理科,,,370,17062,
2148,沈阳医学院,2023,宁夏,本科二批,理科,,,390,10263,
2150,辽宁对外经贸学院,2023,宁夏,本科二批,理科,,,357,22290,
2152,大连东软信息学院,2023,宁夏,本科二批,理科,,,350,22131,
2159,辽宁中医药大学杏林学院,2023,宁夏,本科二批,理科,,,368,18743,
2160,渤海大学,2023,宁夏,本科二批,理科,,,377,14856,
2161,大连工业大学艺术与信息工程学院,2023,宁夏,本科二批,理科,,,352,18873,
2162,沈阳科技学院,2023,宁夏,本科二批,理科,,,349,21594,
2163,沈阳城市建设学院,2023,宁夏,本科二批,理科,,,353,22944,
2165,大连医科大学中山学院,2023,宁夏,本科二批,理科,,,367,18209,
2166,锦州医科大学医疗学院,2023,宁夏,本科二批,理科,,,375,17383,
2169,大连财经学院,2023,宁夏,本科二批,理科,,,359,18741,
2222,吉林农业大学,2023,宁夏,本科二批,理科,,,376,15967,
2223,长春中医药大学,2023,宁夏,本科二批,理科,,,346,16787,
2224,北华大学,2023,宁夏,本科二批,理科,,,373,14495,
2225,吉林师范大学,2023,宁夏,本科二批,理科,,,372,15236,
2226,吉林财经大学,2023,宁夏,本科二批,理科,,,385,13025,
2228,吉林建筑大学,2023,宁夏,本科二批,理科,,,378,16466,
2240,吉林化工大学,2023,宁夏,本科二批,理科,,,373,15166,
2241,通化师范学院,2023,宁夏,本科二批,理科,,,351,16585,
2242,白城师范学院,2023,宁夏,本科二批,理科,,,385,16079,
2243,吉林工商学院,2023,宁夏,本科二批,理科,,,373,16125,
2244,长春工程学院,2023,宁夏,本科二批,理科,,,345,12120,
2245,吉林农业科技学院,2023,宁夏,本科二批,理科,,,374,17728,
2246,长春大学,2023,宁夏,本科二批,理科,,,393,14381,
2247,吉林医药学院,2023,宁夏,本科二批,理科,,,366,14062,
2250,吉林外国语大学,2023,宁夏,本科二批,理科,,,346,23417,
2252,长春建筑学院,2023,宁夏,本科二批,理科,,,351,22442,
2253,长春科技学院,2023,宁夏,本科二批,理科,,,353,21681,
2260,长春电子科技学院,2023,宁夏,本科二批,理科,,,353,22717,
2261,长春财经学院,2023,宁夏,本科二批,理科,,,354,22487,
2262,长春大学旅游学院,2023,宁夏,本科二批,理科,,,343,24197,
2321,黑龙江科技大学,2023,宁夏,本科二批,理科,,,376,11428,
2323,佳木斯大学,2023,宁夏,本科二批,理科,,,380,17135,
2325,哈尔滨医科大学,2023,宁夏,本科二批,理科,,,395,11439,
2326,黑龙江中医药大学,2023,宁夏,本科二批,理科,,,391,13676,
2327,哈尔滨师范大学,2023,宁夏,本科二批,理科,,,380,16489,
2328,齐齐哈尔大学,2023,宁夏,本科二批,理科,,,380,16337,
2332,齐齐哈尔医学院,2023,宁夏,本科二批,理科,,,390,13951,
2340,哈尔滨学院,2023,宁夏,本科二批,理科,,,379,17282,
2341,哈尔滨金融学院,2023,宁夏,本科二批,理科,,,372,14620,
2342,黑龙江工程学院,2023,宁夏,本科二批,理科,,,395,14211,
2344,黑龙江财经学院,2023,宁夏,本科二批,理科,,,349,19306,
2345,牡丹江医科大学,2023,宁夏,本科二批,理科,,,375,13794,
2350,哈尔滨远东理工学院,2023,宁夏,本科二批,理科,,,347,23751,
2351,哈尔滨华德学院,2023,宁夏,本科二批,理科,,,347,23548,
2352,黑龙江工程学院昆仑旅游学院,2023,宁夏,本科二批,理科,,,343,22801,
3122,上海应用技术大学,2023,宁夏,本科二批,理科,,,389,14272,
3128,上海工程技术大学,2023,宁夏,本科二批,理科,,,389,12601,
3142,上海商学院,2023,宁夏,本科二批,理科,,,395,13433,
3143,上海第二工业大学,2023,宁夏,本科二批,理科,,,376,12428,
3144,上海海关学院,2023,宁夏,本科二批,理科,,,430,8699,
3150,上海杉达学院,2023,宁夏,本科二批,理科,,,351,20678,
3151,上海建桥学院,2023,宁夏,本科二批,理科,,,352,21131,
3161,上海外国语大学贤达经济人文学院,2023,宁夏,本科二批,理科,,,343,22086,
3162,上海师范大学天华学院,2023,宁夏,本科二批,理科,,,354,22994,
3191,上海立达学院,2023,宁夏,本科二批,理科,,,347,23511,
3194,上海中侨职业技术大学,2023,宁夏,本科二批,理科,,,346,22293,
3227,南通大学,2023,宁夏,本科二批,理科,,,343,13418,
3232,中国人民解放军陆军工程大学,2023,宁夏,本科二批,理科,,,393,14753,
3240,盐城工学院,2023,宁夏,本科二批,理科,,,366,15288,
3241,盐城师范学院,2023,宁夏,本科二批,理科,,,362,17010,
3242,金陵科技学院,2023,宁夏,本科二批,理科,,,373,11103,
3243,徐州工程学院,2023,宁夏,本科二批,理科,,,375,17713,
3244,南京工程学院,2023,宁夏,本科二批,理科,,,397,5388,
3264,无锡学院,2023,宁夏,本科二批,理科,,,393,14004,
3266,南京邮电大学通达学院,2023,宁夏,本科二批,理科,,,375,14583,
3267,南京审计大学金审学院,2023,宁夏,本科二批,理科,,,379,16708,
3269,常州大学怀德学院,2023,宁夏,本科二批,理科,,,368,19602,
3272,南京工业职业技术大学,2023,宁夏,本科二批,理科,,,392,14571,
3277,南京特殊教育师范学院,2023,宁夏,本科二批,理科,,,378,15677,
3340,嘉兴大学,2023,宁夏,本科二批,理科,,,390,12511,
3341,温州大学,2023,宁夏,本科二批,理科,,,396,14098,
3342,浙江传媒学院,2023,宁夏,本科二批,理科,,,393,11355,
3343,浙江水利水电学院,2023,宁夏,本科二批,理科,,,382,15092,
3360,宁波大学科学技术学院,2023,宁夏,本科二批,理科,,,365,19955,
3361,衢州学院,2023,宁夏,本科二批,理科,,,376,15860,
3422,淮北师范大学,2023,宁夏,本科二批,理科,,,401,8988,
3427,安徽中医药大学,2023,宁夏,本科二批,理科,,,384,13469,
3441,淮南师范学院,2023,宁夏,本科二批,理科,,,372,16819,
3460,蚌埠工商学院,2023,宁夏,本科二批,理科,,,364,20375,
3463,池州学院,2023,宁夏,本科二批,理科,,,383,16605,
3471,亳州学院,2023,宁夏,本科二批,理科,,,373,18252,
3521,福建农林大学,2023,宁夏,本科二批,理科,,,377,17017,
3522,集美大学,2023,宁夏,本科二批,理科,,,405,10960,
3526,福建技术师范学院,2023,宁夏,本科二批,理科,,,374,18047,
3540,福建理工大学,2023,宁夏,本科二批,理科,,,367,16246,
3541,闽江学院,2023,宁夏,本科二批,理科,,,380,15770,
3542,厦门理工学院,2023,宁夏,本科二批,理科,,,374,14132,
3543,三明学院,2023,宁夏,本科二批,理科,,,377,17072,
3544,龙岩学院,2023,宁夏,本科二批,理科,,,373,17256,
3546,福建商学院,2023,宁夏,本科二批,理科,,,377,14992,
3547,福建江夏学院,2023,宁夏,本科二批,理科,,,376,17642,
3548,武夷学院,2023,宁夏,本科二批,理科,,,371,15991,
3560,厦门大学嘉庚学院,2023,宁夏,本科二批,理科,,,365,16403,
3561,福州大学至诚学院,2023,宁夏,本科二批,理科,,,364,19440,
3562,厦门工学院,2023,宁夏,本科二批,理科,,,358,17876,
3563,福州外语外贸学院,2023,宁夏,本科二批,理科,,,349,22055,
3624,江西农业大学,2023,宁夏,本科二批,理科,,,387,14636,
3628,江西科技师范大学,2023,宁夏,本科二批,理科,,,371,16815,
3630,赣南医科大学,2023,宁夏,本科二批,理科,,,380,17326,
3640,上饶师范学院,2023,宁夏,本科二批,理科,,,385,15145,
3642,井冈山大学,2023,宁夏,本科二批,理科,,,387,15483,
3643,江西水利电力大学,2023,宁夏,本科二批,理科,,,386,14360,
3644,新余学院,2023,宁夏,本科二批,理科,,,378,15387,
3645,九江学院,2023,宁夏,本科二批,理科,,,377,16499,
3651,南昌理工学院,2023,宁夏,本科二批,理科,,,359,18547,
3652,江西科技学院,2023,宁夏,本科二批,理科,,,359,21757,
3653,南昌工学院,2023,宁夏,本科二批,理科,,,356,22012,
3660,南昌交通学院,2023,宁夏,本科二批,理科,,,360,21033,
3661,赣东学院,2023,宁夏,本科二批,理科,,,374,17823,
3662,南昌航空大学科技学院,2023,宁夏,本科二批,理科,,,364,20625,
3663,赣南科技学院,2023,宁夏,本科二批,理科,,,374,18214,
3664,南昌医学院,2023,宁夏,本科二批,理科,,,405,11578,
3665,江西师范大学科学技术学院,2023,宁夏,本科二批,理科,,,371,18983,
3667,江西财经大学现代经济管理学院,2023,宁夏,本科二批,理科,,,371,18297,
3671,萍乡学院,2023,宁夏,本科二批,理科,,,373,18618,
3723,青岛理工大学,2023,宁夏,本科二批,理科,,,389,11613,
3724,山东建筑大学,2023,宁夏,本科二批,理科,,,387,15205,
3726,山东农业大学,2023,宁夏,本科二批,理科,,,385,15469,
3727,青岛农业大学,2023,宁夏,本科二批,理科,,,372,14680,
3728,山东第二医科大学,2023,宁夏,本科二批,理科,,,400,9879,
3730,鲁东大学,2023,宁夏,本科二批,理科,,,382,15821,
3735,烟台大学,2023,宁夏,本科二批,理科,,,378,11582,
3737,滨州医学院,2023,宁夏,本科二批,理科,,,374,6758,
3740,德州学院,2023,宁夏,本科二批,理科,,,374,18450,
3741,菏泽学院,2023,宁夏,本科二批,理科,,,374,17399,
3742,潍坊学院,2023,宁夏,本科二批,理科,,,384,14846,
3743,山东交通学院,2023,宁夏,本科二批,理科,,,387,13424,
3744,山东工商学院,2023,宁夏,本科二批,理科,,,384,13317,
3745,济宁医学院,2023,宁夏,本科二批,理科,,,385,12552,
3748,山东航空学院,2023,宁夏,本科二批,理科,,,380,17326,
3750,齐鲁医药学院,2023,宁夏,本科二批,理科,,,364,17503,
3751,山东现代学院,2023,宁夏,本科二批,理科,,,351,19999,
3752,烟台南山学院,2023,宁夏,本科二批,理科,,,356,22278,
3753,青岛工学院,2023,宁夏,本科二批,理科,,,355,21204,
3754,青岛黄海学院,2023,宁夏,本科二批,理科,,,353,21371,
3756,山东协和学院,2023,宁夏,本科二批,理科,,,356,17036,
3757,山东英才学院,2023,宁夏,本科二批,理科,,,347,24363,
3758,青岛恒星科技学院,2023,宁夏,本科二批,理科,,,358,21493,
3760,烟台理工学院,2023,宁夏,本科二批,理科,,,361,21258,
3761,青岛城市学院,2023,宁夏,本科二批,理科,,,358,18898,
3762,泰山科技学院,2023,宁夏,本科二批,理科,,,346,24587,
3765,聊城大学东昌学院,2023,宁夏,本科二批,理科,,,364,20754,
3766,齐鲁理工学院,2023,宁夏,本科二批,理科,,,354,21636,
3851,淮阴工学院,2023,宁夏,本科二批,理科,,,376,16951,
3901,山东第一医科大学,2023,宁夏,本科二批,理科,,,382,16025,
4121,河南理工大学,2023,宁夏,本科二批,理科,,,394,11839,
4122,郑州轻工业大学,2023,宁夏,本科二批,理科,,,394,11931,
4123,河南工业大学,2023,宁夏,本科二批,理科,,,374,12911,
4124,河南科技大学,2023,宁夏,本科二批,理科,,,386,12167,
4125,中原工学院,2023,宁夏,本科二批,理科,,,373,15226,
4126,河南中医药大学,2023,宁夏,本科二批,理科,,,386,15171,
4129,信阳师范大学,2023,宁夏,本科二批,理科,,,374,18571,
4131,洛阳师范学院,2023,宁夏,本科二批,理科,,,346,20318,
4133,河南工程学院,2023,宁夏,本科二批,理科,,,380,16512,
4135,河南农业大学,2023,宁夏,本科二批,理科,,,396,13525,
4136,郑州航空工业管理学院,2023,宁夏,本科二批,理科,,,386,15050,
4137,平顶山学院,2023,宁夏,本科二批,理科,,,383,16229,
4138,河南科技学院,2023,宁夏,本科二批,理科,,,373,17421,
4140,周口师范学院,2023,宁夏,本科二批,理科,,,345,19152,
4141,许昌学院,2023,宁夏,本科二批,理科,,,373,16490,
4142,南阳师范学院,2023,宁夏,本科二批,理科,,,372,17545,
4144,黄淮学院,2023,宁夏,本科二批,理科,,,376,17317,
4145,洛阳理工学院,2023,宁夏,本科二批,理科,,,383,16177,
4146,安阳工学院,2023,宁夏,本科二批,理科,,,368,18615,
4147,南阳理工学院,2023,宁夏,本科二批,理科,,,378,14905,
4148,河南城建学院,2023,宁夏,本科二批,理科,,,374,18414,
4149,郑州师范学院,2023,宁夏,本科二批,理科,,,392,14891,
4150,黄河科技学院,2023,宁夏,本科二批,理科,,,363,19644,
4151,郑州工业应用技术学院,2023,宁夏,本科二批,理科,,,359,21674,
4157,郑州西亚斯学院,2023,宁夏,本科二批,理科,,,370,19202,
4160,河南开封科技传媒学院,2023,宁夏,本科二批,理科,,,361,21151,
4172,郑州工程技术学院,2023,宁夏,本科二批,理科,,,373,16152,
4175,河南财政金融学院,2023,宁夏,本科二批,理科,,,387,15392,
4195,河南工学院,2023,宁夏,本科二批,理科,,,374,18151,
4223,武汉轻工大学,2023,宁夏,本科二批,理科,,,405,11082,
4231,武汉纺织大学,2023,宁夏,本科二批,理科,,,388,15623,
4232,湖北中医药大学,2023,宁夏,本科二批,理科,,,386,13552,
4240,湖北文理学院,2023,宁夏,本科二批,理科,,,387,15412,
4241,湖北理工学院,2023,宁夏,本科二批,理科,,,376,17155,
4242,湖北医药学院,2023,宁夏,本科二批,理科,,,412,10049,
4243,湖北经济学院,2023,宁夏,本科二批,理科,,,396,13053,
4246,荆楚理工学院,2023,宁夏,本科二批,理科,,,376,17963,
4247,黄冈师范学院,2023,宁夏,本科二批,理科,,,395,14258,
4250,武汉生物工程学院,2023,宁夏,本科二批,理科,,,367,19320,
4251,武昌理工学院,2023,宁夏,本科二批,理科,,,364,20515,
4252,武昌工学院,2023,宁夏,本科二批,理科,,,355,22394,
4254,武汉工程大学邮电与信息工程学院,2023,宁夏,本科二批,理科,,,363,20830,
4257,湖北汽车工业学院,2023,宁夏,本科二批,理科,,,380,17247,
4261,武汉城市学院,2023,宁夏,本科二批,理科,,,362,21035,
4262,三峡大学科技学院,2023,宁夏,本科二批,理科,,,372,17607,
4263,湖北医药学院药护学院,2023,宁夏,本科二批,理科,,,371,18235,
4264,长江大学文理学院,2023,宁夏,本科二批,理科,,,369,19618,
4266,湖北文理学院理工学院,2023,宁夏,本科二批,理科,,,362,20276,
4267,文华学院,2023,宁夏,本科二批,理科,,,366,19062,
4269,武汉华夏理工学院,2023,宁夏,本科二批,理科,,,360,21578,
4340,湖南理工学院,2023,宁夏,本科二批,理科,,,369,19641,
4341,湖南财政经济学院,2023,宁夏,本科二批,理科,,,393,13615,
4342,衡阳师范学院,2023,宁夏,本科二批,理科,,,380,16378,
4343,邵阳学院,2023,宁夏,本科二批,理科,,,374,16695,
4344,湖南文理学院,2023,宁夏,本科二批,理科,,,375,16553,
4345,湖南人文科技学院,2023,宁夏,本科二批,理科,,,375,17495,
4347,湖南城市学院,2023,宁夏,本科二批,理科,,,370,14471,
4348,湖南工学院,2023,宁夏,本科二批,理科,,,362,13362,
4349,湖南医药学院,2023,宁夏,本科二批,理科,,,379,13743,
4350,长沙医学院,2023,宁夏,本科二批,理科,,,360,20485,
4351,湖南涉外经济学院,2023,宁夏,本科二批,理科,,,349,22844,
4360,南华大学船山学院,2023,宁夏,本科二批,理科,,,372,18892,
4361,岳阳学院,2023,宁夏,本科二批,理科,,,369,19528,
4362,长沙理工大学城南学院,2023,宁夏,本科二批,理科,,,369,18246,
4442,广东金融学院,2023,宁夏,本科二批,理科,,,374,12532,
4445,广东技术师范大学,2023,宁夏,本科二批,理科,,,382,16088,
4446,广州城市理工学院,2023,宁夏,本科二批,理科,,,352,22382,
4447,广州新华学院,2023,宁夏,本科二批,理科,,,351,21919,
4451,广州商学院,2023,宁夏,本科二批,理科,,,351,20946,
4452,岭南师范学院,2023,宁夏,本科二批,理科,,,380,16537,
4453,广州航海学院,2023,宁夏,本科二批,理科,,,399,13530,
4454,仲恺农业工程学院,2023,宁夏,本科二批,理科,,,375,17672,
4462,北京理工大学珠海学院,2023,宁夏,本科二批,理科,,,369,18778,
4463,珠海科技学院,2023,宁夏,本科二批,理科,,,355,18786,
4520,广西科技大学,2023,宁夏,本科二批,理科,,,380,16307,
4522,广西民族大学,2023,宁夏,本科二批,理科,,,384,15245,
4525,桂林理工大学,2023,宁夏,本科二批,理科,,,386,15110,
4541,北部湾大学,2023,宁夏,本科二批,理科,,,377,16737,
4570,桂林旅游学院,2023,宁夏,本科二批,理科,,,372,18561,
4640,海南医科大学,2023,宁夏,本科二批,理科,,,373,16093,
4641,海南热带海洋学院,2023,宁夏,本科二批,理科,,,347,24491,
4650,三亚学院,2023,宁夏,本科二批,理科,,,348,21122,
4651,海口经济学院,2023,宁夏,本科二批,理科,,,342,24542,
4672,琼台师范学院,2023,宁夏,本科二批,理科,,,385,14564,
5027,重庆工商大学,2023,宁夏,本科二批,理科,,,401,11253,
5040,重庆文理学院,2023,宁夏,本科二批,理科,,,372,14682,
5041,重庆三峡学院,2023,宁夏,本科二批,理科,,,379,14509,
5042,长江师范学院,2023,宁夏,本科二批,理科,,,374,16245,
5043,重庆科技大学,2023,宁夏,本科二批,理科,,,392,13988,
5051,重庆工程学院,2023,宁夏,本科二批,理科,,,368,18539,
5061,重庆人文科技学院,2023,宁夏,本科二批,理科,,,368,19251,
5062,重庆外语外事学院,2023,宁夏,本科二批,理科,,,360,13793,
5063,重庆对外经贸学院,2023,宁夏,本科二批,理科,,,364,20314,
5064,重庆工商大学派斯学院,2023,宁夏,本科二批,理科,,,363,20386,
5065,重庆移通学院,2023,宁夏,本科二批,理科,,,368,19003,
5066,重庆财经学院,2023,宁夏,本科二批,理科,,,373,17802,
5097,重庆机电职业技术大学,2023,宁夏,本科二批,理科,,,363,20958,
5122,西南科技大学,2023,宁夏,本科二批,理科,,,382,14214,
5124,中国民用航空飞行学院,2023,宁夏,本科二批,理科,,,395,11512,
5126,川北医学院,2023,宁夏,本科二批,理科,,,351,23658,
5129,西南民族大学,2023,宁夏,本科二批,理科,,,371,12397,
5132,西南医科大学,2023,宁夏,本科二批,理科,,,376,18106,
5134,四川轻化工大学,2023,宁夏,本科二批,理科,,,387,14694,
5136,成都医学院,2023,宁夏,本科二批,理科,,,388,14865,
5140,绵阳师范学院,2023,宁夏,本科二批,理科,,,379,14882,
5141,内江师范学院,2023,宁夏,本科二批,理科,,,383,14546,
5142,宜宾学院,2023,宁夏,本科二批,理科,,,378,17693,
5143,四川文理学院,2023,宁夏,本科二批,理科,,,375,18102,
5144,乐山师范学院,2023,宁夏,本科二批,理科,,,380,16607,
5146,成都工业学院,2023,宁夏,本科二批,理科,,,394,12624,
5147,攀枝花学院,2023,宁夏,本科二批,理科,,,354,22017,
5149,成都大学,2023,宁夏,本科二批,理科,,,406,10052,
5150,成都东软学院,2023,宁夏,本科二批,理科,,,368,19401,
5153,吉利学院,2023,宁夏,本科二批,理科,,,357,21146,
5160,电子科技大学成都学院,2023,宁夏,本科二批,理科,,,372,18465,
5161,成都理工大学工程技术学院,2023,宁夏,本科二批,理科,,,368,19184,
5163,成都银杏酒店管理学院,2023,宁夏,本科二批,理科,,,341,25315,
5164,四川工商学院,2023,宁夏,本科二批,理科,,,365,18912,
5165,成都外国语学院,2023,宁夏,本科二批,理科,,,365,20558,
5167,西南财经大学天府学院,2023,宁夏,本科二批,理科,,,364,18300,
5168,四川文化艺术学院,2023,宁夏,本科二批,理科,,,352,20746,
5169,绵阳城市学院,2023,宁夏,本科二批,理科,,,353,18026,
5188,四川工业科技学院,2023,宁夏,本科二批,理科,,,361,20450,
5220,贵州医科大学,2023,宁夏,本科二批,理科,,,420,4797,
5222,贵州财经大学,2023,宁夏,本科二批,理科,,,374,14617,
5243,贵州理工学院,2023,宁夏,本科二批,理科,,,377,17225,
5321,西南林业大学,2023,宁夏,本科二批,理科,,,380,14996,
5322,昆明医科大学,2023,宁夏,本科二批,理科,,,426,9253,
5323,大理大学,2023,宁夏,本科二批,理科,,,373,15268,
5324,云南财经大学,2023,宁夏,本科二批,理科,,,397,13186,
5325,云南农业大学,2023,宁夏,本科二批,理科,,,386,13670,
5327,云南民族大学,2023,宁夏,本科二批,理科,,,388,15630,
5360,丽江文化旅游学院,2023,宁夏,本科二批,理科,,,349,22094,
5361,昆明医科大学海源学院,2023,宁夏,本科二批,理科,,,390,12661,
5362,昆明文理学院,2023,宁夏,本科二批,理科,,,347,20506,
5363,昆明理工大学津桥学院,2023,宁夏,本科二批,理科,,,354,20875,
5364,云南经济管理学院,2023,宁夏,本科二批,理科,,,357,21301,
6128,延安大学,2023,宁夏,本科二批,理科,,,380,14807,
6129,陕西理工大学,2023,宁夏,本科二批,理科,,,397,13607,
6139,西安航空学院,2023,宁夏,本科二批,理科,,,384,15603,
6141,咸阳师范学院,2023,宁夏,本科二批,理科,,,396,12393,
6143,西安文理学院,2023,宁夏,本科二批,理科,,,396,14020,
6144,榆林学院,2023,宁夏,本科二批,理科,,,374,17140,
6145,商洛学院,2023,宁夏,本科二批,理科,,,377,17497,
6146,安康学院,2023,宁夏,本科二批,理科,,,376,17797,
6150,西安欧亚学院,2023,宁夏,本科二批,理科,,,356,22130,
6151,西安外事学院,2023,宁夏,本科二批,理科,,,361,19000,
6152,西安翻译学院,2023,宁夏,本科二批,理科,,,356,20948,
6153,西京学院,2023,宁夏,本科二批,理科,,,363,19860,
6154,西安思源学院,2023,宁夏,本科二批,理科,,,359,17670,
6155,陕西国际商贸学院,2023,宁夏,本科二批,理科,,,356,22029,
6156,西安明德理工学院,2023,宁夏,本科二批,理科,,,359,20006,
6157,陕西服装工程学院,2023,宁夏,本科二批,理科,,,352,22102,
6158,西安交通工程学院,2023,宁夏,本科二批,理科,,,363,18954,
6159,陕西科技大学镐京学院,2023,宁夏,本科二批,理科,,,363,19080,
6160,西安交通大学城市学院,2023,宁夏,本科二批,理科,,,367,18140,
6162,西安建筑科技大学华清学院,2023,宁夏,本科二批,理科,,,363,20688,
6164,西安工商学院,2023,宁夏,本科二批,理科,,,355,21568,
6165,延安大学西安创新学院,2023,宁夏,本科二批,理科,,,356,21177,
6166,西安理工大学高科学院,2023,宁夏,本科二批,理科,,,364,18777,
6167,西安科技大学高新学院,2023,宁夏,本科二批,理科,,,364,19604,
6196,西安汽车职业大学,2023,宁夏,本科二批,理科,,,357,20254,
6197,西安信息职业大学,2023,宁夏,本科二批,理科,,,359,20718,
6222,甘肃农业大学,2023,宁夏,本科二批,理科,,,380,17213,
6224,兰州财经大学,2023,宁夏,本科二批,理科,,,376,12249,
6225,西北民族大学,2023,宁夏,本科二批,理科,,,372,13942,
6227,甘肃中医药大学,2023,宁夏,本科二批,理科,,,376,6271,
6230,甘肃医学院,2023,宁夏,本科二批,理科,,,392,14212,
6240,陇东学院,2023,宁夏,本科二批,理科,,,373,16645,
6241,兰州城市学院,2023,宁夏,本科二批,理科,,,378,16820,
6242,甘肃民族师范学院,2023,宁夏,本科二批,理科,,,383,16564,
6243,天水师范大学,2023,宁夏,本科二批,理科,,,373,15398,
6245,河西学院,2023,宁夏,本科二批,理科,,,380,16446,
6250,兰州石化职业技术大学,2023,宁夏,本科二批,理科,,,375,16206,
6251,兰州资源环境职业技术大学,2023,宁夏,本科二批,理科,,,375,16385,
6261,兰州工商学院,2023,宁夏,本科二批,理科,,,354,21768,
6263,兰州博文科技学院,2023,宁夏,本科二批,理科,,,359,20508,
6264,兰州信息科技学院,2023,宁夏,本科二批,理科,,,359,20265,
6271,兰州文理学院,2023,宁夏,本科二批,理科,,,390,14275,
6311,青海大学昆仑学院,2023,宁夏,本科二批,理科,,,364,19437,
6321,青海民族大学,2023,宁夏,本科二批,理科,,,374,17367,
6322,青海师范大学,2023,宁夏,本科二批,理科,,,382,15610,
6422,北方民族大学,2023,宁夏,本科二批,理科,,,384,13584,
6440,宁夏师范大学,2023,宁夏,本科二批,理科,,,379,10890,
6450,宁夏理工学院,2023,宁夏,本科二批,理科,,,358,19730,
6451,银川能源学院,2023,宁夏,本科二批,理科,,,330,27611,
6460,宁夏大学新华学院,2023,宁夏,本科二批,理科,,,365,20296,
6461,银川科技学院,2023,宁夏,本科二批,理科,,,336,23632,
6520,塔里木大学,2023,宁夏,本科二批,理科,,,371,16856,
6521,新疆农业大学,2023,宁夏,本科二批,理科,,,375,17668,
6522,新疆财经大学,2023,宁夏,本科二批,理科,,,374,14529,
6523,新疆师范大学,2023,宁夏,本科二批,理科,,,379,14113,
6524,喀什大学,2023,宁夏,本科二批,理科,,,372,17598,
6531,新疆第二医学院,2023,宁夏,本科二批,理科,,,372,15561,
6532,新疆科技学院,2023,宁夏,本科二批,理科,,,373,18215,
6540,新疆艺术学院,2023,宁夏,本科二批,理科,,,357,22187,
6541,新疆工程学院,2023,宁夏,本科二批,理科,,,379,15979,
6542,伊犁师范大学,2023,宁夏,本科二批,理科,,,370,18761,
6561,新疆政法学院,2023,宁夏,本科二批,理科,,,375,17096,
6562,新疆理工学院,2023,宁夏,本科二批,理科,,,373,17738,
6591,新疆天山职业技术大学,2023,宁夏,本科二批,理科,,,361,20260,
