school_id,school_name,year,province,batch,subject,major_group,major,score,rank,plan
1008,安阳职业技术学院,2025,安徽,专科批,历史类,（001）,,338,72250,
1016,包头轻工职业技术学院,2025,安徽,专科批,历史类,（001）,,322,119702,
1053,北京科技职业大学,2025,安徽,专科批,历史类,（001）,,472,41258,
1076,毕节职业技术学院,2025,安徽,专科批,历史类,（001）,,268,121792,
1080,渤海船舶职业学院,2025,安徽,专科批,历史类,（001）,,391,88065,
1098,长春金融高等专科学校,2025,安徽,专科批,历史类,（001）,,368,79125,
1135,常州机电职业技术学院,2025,安徽,专科批,历史类,（001）,,446,45244,
1160,重庆财经职业学院,2025,安徽,专科批,历史类,（001）,,459,52356,
1176,重庆工信职业学院,2025,安徽,专科批,历史类,（001）,,412,78611,
1177,重庆工业职业技术大学,2025,安徽,专科批,历史类,（001）,,459,51836,
1180,重庆护理职业学院,2025,安徽,专科批,历史类,（001）,,287,65405,
1211,重庆幼儿师范高等专科学校,2025,安徽,专科批,历史类,（001）,,442,62797,
1215,楚雄医药高等专科学校,2025,安徽,专科批,历史类,（001）,,397,86534,
1236,大连职业技术学院,2025,安徽,专科批,历史类,（001）,,333,108726,
1262,东莞职业技术学院,2025,安徽,专科批,历史类,,,399,71230,
1276,福建电力职业技术学院,2025,安徽,专科批,历史类,（001）,,446,60741,
1386,广西水利电力职业技术学院,2025,安徽,专科批,历史类,（001）,,304,124781,
1387,广西体育高等专科学校,2025,安徽,专科批,历史类,（001）,,333,88566,
1401,广州职业技术大学,2025,安徽,专科批,历史类,（001）,,430,68052,
1495,海南经贸职业技术学院,2025,安徽,专科批,历史类,（001）,,421,42281,
1500,海南外国语职业学院,2025,安徽,专科批,历史类,（001）,,323,88566,
1501,海南卫生健康职业学院,2025,安徽,专科批,历史类,（001）,,361,87541,
1509,汉江师范学院,2025,安徽,专科批,历史类,（002）,,468,42775,
1513,杭州科技职业技术学院,2025,安徽,专科批,历史类,（001）,,461,47775,
1517,杭州职业技术大学,2025,安徽,专科批,历史类,（001）,,488,36833,
1534,河北轨道运输职业技术学院,2025,安徽,专科批,历史类,（001）,,452,44750,
1535,河北化工医药职业技术学院,2025,安徽,专科批,历史类,（001）,,428,70181,
1540,河北交通职业技术学院,2025,安徽,专科批,历史类,,,385,51307,
1544,河北科技工程职业技术大学,2025,安徽,专科批,历史类,（002）,,392,89092,
1559,河北正定师范高等专科学校,2025,安徽,专科批,历史类,（001）,,310,120604,
1588,河南医学高等专科学校,2025,安徽,专科批,历史类,（002）,,447,60178,
1598,鹤壁职业技术学院,2025,安徽,专科批,历史类,（001）,,325,115671,
1616,黑龙江农垦职业学院,2025,安徽,专科批,历史类,（001）,,289,102307,
1617,黑龙江农业工程职业学院,2025,安徽,专科批,历史类,,,382,43266,
1666,湖北职业技术学院,2025,安徽,专科批,历史类,（001）,,444,52356,
1799,江汉艺术职业学院,2025,安徽,专科批,历史类,（001）,,318,118104,
1806,江苏城市职业学院,2025,安徽,专科批,历史类,（001）,,473,45752,
1810,江苏电子信息职业学院,2025,安徽,专科批,历史类,（001）,,427,68052,
1811,江苏工程职业技术学院,2025,安徽,专科批,历史类,（001）,,451,51836,
1818,江苏经贸职业技术学院,2025,安徽,专科批,历史类,（001）,,471,39761,
1844,江西航空职业技术学院,2025,安徽,专科批,历史类,（002）,,352,104715,
1847,江西机电职业技术学院,2025,安徽,专科批,历史类,（001）,,386,83403,
1872,江西医学高等专科学校,2025,安徽,专科批,历史类,（001）,,446,58622,
1874,江西应用技术职业学院,2025,安徽,专科批,历史类,（001）,,413,51307,
1880,抚州医药学院,2025,安徽,专科批,历史类,,,410,54918,
1945,黎明职业大学,2025,安徽,专科批,历史类,（001）,,368,93295,
1949,连云港师范学院,2025,安徽,专科批,历史类,（002）,,469,44261,
1950,连云港职业技术学院,2025,安徽,专科批,历史类,（001）,,397,74308,
1971,辽宁民族师范高等专科学校,2025,安徽,专科批,历史类,（001）,,307,123463,
1974,辽宁生态工程职业学院,2025,安徽,专科批,历史类,（001）,,300,97896,
1991,临汾职业技术学院,2025,安徽,专科批,历史类,（001）,,329,115671,
2031,闽西职业技术学院,2025,安徽,专科批,历史类,（001）,,355,107440,
2040,南昌健康职业技术学院,2025,安徽,专科批,历史类,（001）,,372,89610,
2063,南京机电职业技术学院,2025,安徽,专科批,历史类,（001）,,476,32982,
2076,南京铁道职业技术学院,2025,安徽,专科批,历史类,（001）,,502,31561,
2132,盘锦职业技术学院,2025,安徽,专科批,历史类,（001）,,304,123985,
2145,齐鲁医药学院,2025,安徽,专科批,历史类,（004）,,415,56506,
2182,曲靖健康医学院,2025,安徽,专科批,历史类,（001）,,433,67520,
2200,三门峡职业技术学院,2025,安徽,专科批,历史类,（001）,,367,82377,
2208,三亚护理职业学院,2025,安徽,专科批,历史类,（001）,,180,141400,
2248,山东商务职业学院,2025,安徽,专科批,历史类,（001）,,335,106057,
2316,商丘工学院,2025,安徽,专科批,历史类,（001）,,221,139345,
2319,商丘职业技术学院,2025,安徽,专科批,历史类,（001）,,377,95309,
2320,上海邦德职业技术学院,2025,安徽,专科批,历史类,（001）,,204,137829,
2330,上海东海职业技术学院,2025,安徽,专科批,历史类,（001）,,200,130127,
2333,上海工商外国语职业学院,2025,安徽,专科批,历史类,（001）,,226,138753,
2334,上海工商职业技术学院,2025,安徽,专科批,历史类,,,202,135831,
2345,上海交通职业技术学院,2025,安徽,专科批,历史类,（001）,,437,49317,
2352,上海旅游高等专科学校,2025,安徽,专科批,历史类,（001）,,388,53385,
2356,上海南湖职业技术学院,2025,安徽,专科批,历史类,（001）,,435,61771,
2358,上海农林职业技术学院,2025,安徽,专科批,历史类,（001）,,436,53385,
2359,上海浦东职业技术学院,2025,安徽,专科批,历史类,（001）,,440,47775,
2360,上海杉达学院,2025,安徽,专科批,历史类,（004）,,436,57015,
2368,上海现代化工职业学院,2025,安徽,专科批,历史类,（001）,,412,72729,
2369,上海行健职业学院,2025,安徽,专科批,历史类,,,404,45752,
2373,上海震旦职业学院,2025,安徽,专科批,历史类,（001）,,238,100838,
2419,石家庄幼儿师范高等专科学校,2025,安徽,专科批,历史类,,,301,103771,
2475,苏州健雄职业技术学院,2025,安徽,专科批,历史类,（001）,,419,69650,
2479,苏州卫生职业技术学院,2025,安徽,专科批,历史类,（001）,,480,40761,
2493,台州科技职业学院,2025,安徽,专科批,历史类,,,205,71715,
2502,太原幼儿师范高等专科学校,2025,安徽,专科批,历史类,（001）,,305,118411,
2511,唐山幼儿师范高等专科学校,2025,安徽,专科批,历史类,（001）,,312,104715,
2571,威海职业学院,2025,安徽,专科批,历史类,（002）,,388,87541,
2586,温州商学院,2025,安徽,专科批,历史类,（002）,,407,80755,
2631,武汉民政职业学院,2025,安徽,专科批,历史类,（001）,,421,57015,
2651,西安城市建设职业学院,2025,安徽,专科批,历史类,（001）,,232,107440,
2693,西藏职业技术学院,2025,安徽,专科批,历史类,（001）,,288,128551,
2710,厦门城市职业学院,2025,安徽,专科批,历史类,（001）,,420,70714,
2734,襄阳科技职业学院,2025,安徽,专科批,历史类,（001）,,339,84473,
2736,襄阳职业技术学院,2025,安徽,专科批,历史类,,,476,42281,
2768,信阳航空职业学院,2025,安徽,专科批,历史类,（001）,,204,140608,
2773,信阳职业技术学院,2025,安徽,专科批,历史类,（001）,,335,111524,
2808,伊春职业学院,2025,安徽,专科批,历史类,（001）,,365,70714,
2813,宜昌科技职业学院,2025,安徽,专科批,历史类,（001）,,331,114170,
2816,宜春职业技术学院,2025,安徽,专科批,历史类,（001）,,407,76478,
2817,义乌工商职业技术学院,2025,安徽,专科批,历史类,（001）,,423,62298,
2836,云南财经职业学院,2025,安徽,专科批,历史类,（001）,,394,88065,
2847,云南林业职业技术学院,2025,安徽,专科批,历史类,（001）,,326,100838,
2849,云南能源职业技术学院,2025,安徽,专科批,历史类,（001）,,328,117409,
2863,枣庄职业学院,2025,安徽,专科批,历史类,,,245,54386,
2867,张家口学院,2025,安徽,专科批,历史类,（002）,,496,34845,
2872,漳州职业技术学院,2025,安徽,专科批,历史类,（001）,,425,57562,
2878,浙江安防职业技术学院,2025,安徽,专科批,历史类,（001）,,440,57015,
2884,浙江纺织服装职业技术学院,2025,安徽,专科批,历史类,,,365,74854,
2889,浙江工业职业技术学院,2025,安徽,专科批,历史类,（001）,,447,57562,
2891,浙江国际海运职业技术学院,2025,安徽,专科批,历史类,（001）,,415,76984,
2894,浙江机电职业技术大学,2025,安徽,专科批,历史类,（002）,,464,42281,
2895,浙江建设职业技术学院,2025,安徽,专科批,历史类,（002）,,446,49317,
2899,浙江经贸职业技术学院,2025,安徽,专科批,历史类,（001）,,469,40246,
2900,浙江警官职业学院,2025,安徽,专科批,历史类,,,472,45752,
2906,浙江商业职业技术学院,2025,安徽,专科批,历史类,（001）,,461,47265,
2916,浙江邮电职业技术学院,2025,安徽,专科批,历史类,（001）,,470,42775,
2921,镇江市高等专科学校,2025,安徽,专科批,历史类,（001）,,450,49820,
2942,郑州卫生健康职业学院,2025,安徽,专科批,历史类,（001）,,372,92231,
2946,郑州幼儿师范高等专科学校,2025,安徽,专科批,历史类,（001）,,430,69119,
3001,淄博师范高等专科学校,2025,安徽,专科批,历史类,（001）,,329,114554,
9120,安徽第二医学院,2025,安徽,专科批,历史类,（001）,,465,40761,
9120,安徽第二医学院,2025,安徽,专科批,历史类,（002）,,463,51836,
9301,安徽财贸职业学院,2025,安徽,专科批,历史类,,,324,83927,
9335,安徽艺术职业学院,2025,安徽,专科批,历史类,（001）,,368,91682,
9339,安徽中医药高等专科学校,2025,安徽,专科批,历史类,（002）,,455,48797,
9357,合肥幼儿师范高等专科学校,2025,安徽,专科批,历史类,,,415,53385,
9365,马鞍山师范高等专科学校,2025,安徽,专科批,历史类,（001）,,361,65952,
9367,桐城师范高等专科学校,2025,安徽,专科批,历史类,（001）,,377,73753,
9378,芜湖航空职业学院,2025,安徽,专科批,历史类,（001）,,246,114554,
1056,北京林业大学,2025,安徽,国家专项计划批,历史类,（001）,,601,3285,
1728,华东理工大学,2025,安徽,国家专项计划批,历史类,（001）,,597,3157,
1729,华东师范大学,2025,安徽,国家专项计划批,历史类,（004）,,627,626,
1729,华东师范大学,2025,安徽,国家专项计划批,历史类,（005）,,629,819,
1737,华中师范大学,2025,安徽,国家专项计划批,历史类,（003）,,613,1891,
1737,华中师范大学,2025,安徽,国家专项计划批,历史类,（004）,,616,1730,
2072,南京师范大学,2025,安徽,国家专项计划批,历史类,（001）,,602,3157,
9008,安徽师范大学,2025,安徽,国家专项计划批,历史类,,,556,5185,
9008,安徽师范大学,2025,安徽,国家专项计划批,历史类,（017）,,579,6788,
9008,安徽师范大学,2025,安徽,国家专项计划批,历史类,（016）,,585,5713,
9009,安徽医科大学,2025,安徽,国家专项计划批,历史类,（001）,,553,12302,
9010,安徽中医药大学,2025,安徽,国家专项计划批,历史类,（002）,,570,8722,
9008,安徽师范大学,2025,安徽,地方专项计划批,历史类,,,558,5185,
9008,安徽师范大学,2025,安徽,地方专项计划批,历史类,（030）,,581,6406,
9008,安徽师范大学,2025,安徽,地方专项计划批,历史类,（029）,,584,5893,
9009,安徽医科大学,2025,安徽,地方专项计划批,历史类,（002）,,555,11738,
9010,安徽中医药大学,2025,安徽,地方专项计划批,历史类,（003）,,561,10926,
9111,淮南师范学院,2025,安徽,地方专项计划批,历史类,（002）,,526,20729,
1003,安康学院,2025,安徽,本科批,历史类,（001）,,504,31561,
1005,安阳工学院,2025,安徽,本科批,历史类,（001）,,504,31122,
1009,鞍山师范学院,2025,安徽,本科批,历史类,,,501,30259,
1009,鞍山师范学院,2025,安徽,本科批,历史类,（005）,,511,28434,
1020,宝鸡文理学院,2025,安徽,本科批,历史类,（001）,,503,31122,
1024,北部湾大学,2025,安徽,本科批,历史类,（001）,,517,23788,
1026,北方民族大学,2025,安徽,本科批,历史类,（001）,,578,6979,
1026,北方民族大学,2025,安徽,本科批,历史类,（002）,,561,10926,
1029,北华大学,2025,安徽,本科批,历史类,,,520,21858,
1029,北华大学,2025,安徽,本科批,历史类,（003）,,529,21104,
1030,北华航天工业学院,2025,安徽,本科批,历史类,（001）,,507,22270,
1033,北京大学医学部,2025,安徽,本科批,历史类,（001）,,663,43,
1037,北京服装学院,2025,安徽,本科批,历史类,（001）,,533,19588,
1038,北京工商大学,2025,安徽,本科批,历史类,（001）,,590,4870,
1042,北京化工大学,2025,安徽,本科批,历史类,（001）,,602,2298,
1051,北京科技大学,2025,安徽,本科批,历史类,（001）,,611,1891,
1055,北京联合大学,2025,安徽,本科批,历史类,,,547,9740,
1056,北京林业大学,2025,安徽,本科批,历史类,（002）,,605,2093,
1056,北京林业大学,2025,安徽,本科批,历史类,（003）,,611,2198,
1062,北京石油化工学院,2025,安徽,本科批,历史类,（001）,,527,21486,
1063,北京体育大学,2025,安徽,本科批,历史类,,,499,3034,
1063,北京体育大学,2025,安徽,本科批,历史类,（006）,,588,5185,
1064,北京外国语大学,2025,安徽,本科批,历史类,（004）,,619,819,
1064,北京外国语大学,2025,安徽,本科批,历史类,,,603,1458,
1066,北京物资学院,2025,安徽,本科批,历史类,（001）,,548,12302,
1071,北京邮电大学,2025,安徽,本科批,历史类,（001）,,615,1375,
1074,北京中医药大学,2025,安徽,本科批,历史类,（001）,,609,626,
1078,滨州医学院,2025,安徽,本科批,历史类,（001）,,519,24995,
1091,长春大学,2025,安徽,本科批,历史类,,,517,19975,
1095,长春工业大学,2025,安徽,本科批,历史类,（001）,,516,21858,
1096,长春光华学院,2025,安徽,本科批,历史类,（001）,,481,42775,
1099,长春科技学院,2025,安徽,本科批,历史类,（001）,,480,43266,
1100,长春理工大学,2025,安徽,本科批,历史类,,,534,15012,
1102,长春人文学院,2025,安徽,本科批,历史类,（001）,,491,37300,
1103,长春师范大学,2025,安徽,本科批,历史类,,,493,26278,
1116,长沙理工大学,2025,安徽,本科批,历史类,（001）,,572,6788,
1123,长沙学院,2025,安徽,本科批,历史类,（002）,,529,18524,
1127,长治学院,2025,安徽,本科批,历史类,,,501,27994,
1127,长治学院,2025,安徽,本科批,历史类,（003）,,513,27528,
1130,常州大学,2025,安徽,本科批,历史类,（001）,,568,7192,
1130,常州大学,2025,安徽,本科批,历史类,（002）,,568,9224,
1139,成都东软学院,2025,安徽,本科批,历史类,（001）,,488,35856,
1143,成都锦城学院,2025,安徽,本科批,历史类,（001）,,496,33914,
1146,成都师范学院,2025,安徽,本科批,历史类,,,539,15933,
1153,成都银杏酒店管理学院,2025,安徽,本科批,历史类,（001）,,486,40246,
1159,重庆财经学院,2025,安徽,本科批,历史类,（001）,,514,25852,
1167,重庆第二师范学院,2025,安徽,本科批,历史类,（001）,,516,26278,
1172,重庆工程学院,2025,安徽,本科批,历史类,（001）,,496,33914,
1174,重庆工商大学,2025,安徽,本科批,历史类,,,534,12564,
1187,重庆科技大学,2025,安徽,本科批,历史类,（001）,,534,19233,
1189,重庆理工大学,2025,安徽,本科批,历史类,,,538,15309,
1194,重庆人文科技学院,2025,安徽,本科批,历史类,,,496,33445,
1199,重庆师范大学,2025,安徽,本科批,历史类,,,538,9740,
1208,重庆移通学院,2025,安徽,本科批,历史类,（001）,,491,34384,
1213,重庆中医药学院,2025,安徽,本科批,历史类,（001）,,557,11479,
1217,大理大学,2025,安徽,本科批,历史类,（001）,,536,17558,
1221,大连东软信息学院,2025,安徽,本科批,历史类,（001）,,471,46272,
1224,大连海事大学,2025,安徽,本科批,历史类,,,598,2700,
1224,大连海事大学,2025,安徽,本科批,历史类,（003）,,594,4267,
1233,大连外国语大学,2025,安徽,本科批,历史类,,,542,11479,
1233,大连外国语大学,2025,安徽,本科批,历史类,（003）,,549,14408,
1234,大连医科大学,2025,安徽,本科批,历史类,（001）,,566,9740,
1235,大连艺术学院,2025,安徽,本科批,历史类,（001）,,467,45752,
1248,德州学院,2025,安徽,本科批,历史类,（001）,,528,21486,
1250,滇池学院,2025,安徽,本科批,历史类,（001）,,493,36355,
1256,东北电力大学,2025,安徽,本科批,历史类,（001）,,542,16572,
1257,东北林业大学,2025,安徽,本科批,历史类,（001）,,582,5530,
1257,东北林业大学,2025,安徽,本科批,历史类,（002）,,586,5358,
1259,东北师范大学,2025,安徽,本科批,历史类,,,556,4267,
1259,东北师范大学,2025,安徽,本科批,历史类,（009）,,604,2806,
1260,东北石油大学,2025,安徽,本科批,历史类,（001）,,530,13503,
1264,东华理工大学,2025,安徽,本科批,历史类,（001）,,538,17228,
1270,对外经济贸易大学,2025,安徽,本科批,历史类,（005）,,623,934,
1270,对外经济贸易大学,2025,安徽,本科批,历史类,（006）,,621,1310,
1273,防灾科技学院,2025,安徽,本科批,历史类,,,511,25852,
1274,佛山大学,2025,安徽,本科批,历史类,（001）,,523,23398,
1279,福建江夏学院,2025,安徽,本科批,历史类,（001）,,527,18857,
1280,福建警察学院,2025,安徽,本科批,历史类,（001）,,536,18524,
1314,甘肃政法大学,2025,安徽,本科批,历史类,（001）,,555,6979,
1314,甘肃政法大学,2025,安徽,本科批,历史类,（002）,,554,12563,
1317,赣南科技学院,2025,安徽,本科批,历史类,（001）,,510,26691,
1318,赣南师范大学,2025,安徽,本科批,历史类,,,518,17228,
1318,赣南师范大学,2025,安徽,本科批,历史类,（006）,,546,15012,
1334,广东工业大学,2025,安徽,本科批,历史类,（002）,,567,7421,
1352,广东石油化工学院,2025,安徽,本科批,历史类,（001）,,516,25852,
1379,广西科技大学,2025,安徽,本科批,历史类,（001）,,515,25852,
1385,广西师范大学,2025,安徽,本科批,历史类,（001）,,542,11176,
1385,广西师范大学,2025,安徽,本科批,历史类,（002）,,560,11176,
1391,广西艺术学院,2025,安徽,本科批,历史类,（001）,,496,32982,
1430,贵州财经大学,2025,安徽,本科批,历史类,（001）,,526,15012,
1433,贵州大学,2025,安徽,本科批,历史类,,,551,4870,
1444,贵州黔南科技学院,2025,安徽,本科批,历史类,（001）,,486,40246,
1455,桂林电子科技大学,2025,安徽,本科批,历史类,（001）,,528,16572,
1456,桂林航天工业学院,2025,安徽,本科批,历史类,（001）,,508,28434,
1457,桂林理工大学,2025,安徽,本科批,历史类,（001）,,515,26278,
1462,桂林学院,2025,安徽,本科批,历史类,（001）,,487,35339,
1478,哈尔滨商业大学,2025,安徽,本科批,历史类,（001）,,525,16572,
1479,哈尔滨师范大学,2025,安徽,本科批,历史类,,,507,22270,
1483,哈尔滨学院,2025,安徽,本科批,历史类,,,505,24995,
1483,哈尔滨学院,2025,安徽,本科批,历史类,（004）,,513,27528,
1483,哈尔滨学院,2025,安徽,本科批,历史类,（003）,,519,24995,
1484,哈尔滨医科大学,2025,安徽,本科批,历史类,（001）,,550,13503,
1484,哈尔滨医科大学,2025,安徽,本科批,历史类,（002）,,579,6788,
1491,海南大学,2025,安徽,本科批,历史类,,,541,3285,
1491,海南大学,2025,安徽,本科批,历史类,（006）,,556,12563,
1497,海南热带海洋学院,2025,安徽,本科批,历史类,,,482,27994,
1497,海南热带海洋学院,2025,安徽,本科批,历史类,（003）,,503,31122,
1499,海南师范大学,2025,安徽,本科批,历史类,,,495,13503,
1499,海南师范大学,2025,安徽,本科批,历史类,（006）,,562,10664,
1502,海南医科大学,2025,安徽,本科批,历史类,,,522,12867,
1509,汉江师范学院,2025,安徽,本科批,历史类,（001）,,524,21486,
1524,河北大学,2025,安徽,本科批,历史类,（001）,,562,6979,
1528,河北工程大学,2025,安徽,本科批,历史类,,,513,13809,
1536,河北环境工程学院,2025,安徽,本科批,历史类,（001）,,502,32050,
1539,河北建筑工程学院,2025,安徽,本科批,历史类,（001）,,503,31561,
1541,河北金融学院,2025,安徽,本科批,历史类,,,499,24564,
1544,河北科技工程职业技术大学,2025,安徽,本科批,历史类,（001）,,500,33445,
1553,河北师范大学,2025,安徽,本科批,历史类,,,492,15617,
1553,河北师范大学,2025,安徽,本科批,历史类,（004）,,563,9976,
1563,河南财经政法大学,2025,安徽,本科批,历史类,（001）,,567,7844,
1567,河南大学,2025,安徽,本科批,历史类,,,554,5713,
1567,河南大学,2025,安徽,本科批,历史类,（004）,,585,5713,
1567,河南大学,2025,安徽,本科批,历史类,（003）,,586,5530,
1569,河南工程学院,2025,安徽,本科批,历史类,（001）,,515,26278,
1578,河南科技学院,2025,安徽,本科批,历史类,（001）,,519,24564,
1579,河南理工大学,2025,安徽,本科批,历史类,（001）,,540,13809,
1584,河南师范大学,2025,安徽,本科批,历史类,,,526,11176,
1600,黑河学院,2025,安徽,本科批,历史类,（001）,,503,31122,
1601,黑龙江八一农垦大学,2025,安徽,本科批,历史类,（001）,,507,26691,
1601,黑龙江八一农垦大学,2025,安徽,本科批,历史类,（002）,,506,30698,
1604,黑龙江大学,2025,安徽,本科批,历史类,（004）,,563,8046,
1607,黑龙江工业学院,2025,安徽,本科批,历史类,（001）,,500,32521,
1607,黑龙江工业学院,2025,安徽,本科批,历史类,（002）,,501,32982,
1611,黑龙江科技大学,2025,安徽,本科批,历史类,（001）,,517,23398,
1627,黑龙江中医药大学,2025,安徽,本科批,历史类,（001）,,561,10926,
1627,黑龙江中医药大学,2025,安徽,本科批,历史类,（002）,,504,29349,
1634,湖北大学,2025,安徽,本科批,历史类,（001）,,580,6080,
1634,湖北大学,2025,安徽,本科批,历史类,（003）,,579,6788,
1635,湖北第二师范学院,2025,安徽,本科批,历史类,（001）,,526,21858,
1635,湖北第二师范学院,2025,安徽,本科批,历史类,（002）,,531,18857,
1649,湖北理工学院,2025,安徽,本科批,历史类,（001）,,509,28906,
1650,湖北美术学院,2025,安徽,本科批,历史类,（001）,,540,17228,
1651,湖北民族大学,2025,安徽,本科批,历史类,（001）,,528,13809,
1652,湖北汽车工业学院,2025,安徽,本科批,历史类,（001）,,507,28906,
1658,湖北师范大学,2025,安徽,本科批,历史类,（001）,,557,10664,
1658,湖北师范大学,2025,安徽,本科批,历史类,（002）,,559,11479,
1662,湖北文理学院,2025,安徽,本科批,历史类,,,508,23788,
1663,湖北医药学院,2025,安徽,本科批,历史类,（001）,,513,24564,
1683,湖南工业大学,2025,安徽,本科批,历史类,（001）,,545,13503,
1692,湖南科技学院,2025,安徽,本科批,历史类,（001）,,516,25852,
1697,湖南女子学院,2025,安徽,本科批,历史类,（001）,,503,30698,
1699,湖南人文科技学院,2025,安徽,本科批,历史类,（001）,,510,28906,
1719,湖州师范学院,2025,安徽,本科批,历史类,（001）,,539,15309,
1720,湖州学院,2025,安徽,本科批,历史类,（001）,,525,21858,
1728,华东理工大学,2025,安徽,本科批,历史类,（002）,,600,2198,
1729,华东师范大学,2025,安徽,本科批,历史类,,,627,420,
1729,华东师范大学,2025,安徽,本科批,历史类,（010）,,631,663,
1734,华侨大学,2025,安徽,本科批,历史类,,,541,6979,
1734,华侨大学,2025,安徽,本科批,历史类,（004）,,577,7192,
1737,华中师范大学,2025,安徽,本科批,历史类,（006）,,616,1179,
1737,华中师范大学,2025,安徽,本科批,历史类,（007）,,621,1310,
1738,怀化学院,2025,安徽,本科批,历史类,（001）,,518,24184,
1740,淮阴师范学院,2025,安徽,本科批,历史类,（001）,,546,15309,
1755,吉林大学,2025,安徽,本科批,历史类,,,617,626,
1755,吉林大学,2025,安徽,本科批,历史类,（007）,,617,1630,
1758,吉林工程技术师范学院,2025,安徽,本科批,历史类,（001）,,501,32982,
1762,吉林建筑大学,2025,安徽,本科批,历史类,,,492,26691,
1765,吉林警察学院,2025,安徽,本科批,历史类,（001）,,525,21104,
1766,吉林农业大学,2025,安徽,本科批,历史类,（001）,,515,24564,
1773,吉林外国语大学,2025,安徽,本科批,历史类,,,471,37788,
1774,吉林医药学院,2025,安徽,本科批,历史类,（001）,,504,31122,
1778,济南大学,2025,安徽,本科批,历史类,（002）,,554,9740,
1778,济南大学,2025,安徽,本科批,历史类,（003）,,572,8272,
1782,济宁学院,2025,安徽,本科批,历史类,（001）,,505,31122,
1791,嘉兴大学,2025,安徽,本科批,历史类,（001）,,553,9504,
1801,江南大学,2025,安徽,本科批,历史类,,,594,1807,
1801,江南大学,2025,安徽,本科批,历史类,（006）,,610,2199,
1808,江苏大学,2025,安徽,本科批,历史类,（001）,,586,4564,
1809,江苏第二师范学院,2025,安徽,本科批,历史类,（001）,,545,14718,
1819,江苏科技大学,2025,安徽,本科批,历史类,（001）,,568,8500,
1825,江苏师范大学,2025,安徽,本科批,历史类,（001）,,581,6080,
1834,江西飞行学院,2025,安徽,本科批,历史类,（001）,,509,22270,
1854,江西理工大学,2025,安徽,本科批,历史类,（001）,,551,13503,
1856,江西农业大学,2025,安徽,本科批,历史类,,,544,10926,
1887,金陵科技学院,2025,安徽,本科批,历史类,（001）,,536,14109,
1902,九江学院,2025,安徽,本科批,历史类,,,504,25852,
1902,九江学院,2025,安徽,本科批,历史类,（003）,,512,27994,
1906,喀什大学,2025,安徽,本科批,历史类,（001）,,502,29805,
1906,喀什大学,2025,安徽,本科批,历史类,（002）,,505,31122,
1919,昆明学院,2025,安徽,本科批,历史类,（001）,,516,24564,
1919,昆明学院,2025,安徽,本科批,历史类,（002）,,519,24995,
1930,兰州财经大学,2025,安徽,本科批,历史类,,,523,20338,
1932,兰州大学,2025,安徽,本科批,历史类,（003）,,611,1310,
1932,兰州大学,2025,安徽,本科批,历史类,（004）,,615,1806,
1942,廊坊师范学院,2025,安徽,本科批,历史类,（001）,,509,29349,
1942,廊坊师范学院,2025,安徽,本科批,历史类,（002）,,516,26278,
1949,连云港师范学院,2025,安徽,本科批,历史类,（001）,,517,24565,
1951,辽东学院,2025,安徽,本科批,历史类,,,503,30698,
1951,辽东学院,2025,安徽,本科批,历史类,（003）,,505,31122,
1959,辽宁工业大学,2025,安徽,本科批,历史类,（001）,,519,23021,
1976,辽宁师范大学,2025,安徽,本科批,历史类,,,510,9224,
1985,辽宁中医药大学,2025,安徽,本科批,历史类,,,517,11479,
1989,聊城大学,2025,安徽,本科批,历史类,,,493,14109,
1992,临沂大学,2025,安徽,本科批,历史类,（002）,,545,15012,
1999,六盘水师范学院,2025,安徽,本科批,历史类,（001）,,504,31561,
2001,龙岩学院,2025,安徽,本科批,历史类,（001）,,504,31561,
2006,鲁东大学,2025,安徽,本科批,历史类,（001）,,541,14408,
2015,吕梁学院,2025,安徽,本科批,历史类,,,501,28434,
2015,吕梁学院,2025,安徽,本科批,历史类,（004）,,510,28906,
2022,绵阳师范学院,2025,安徽,本科批,历史类,（001）,,517,24184,
2034,牡丹江师范学院,2025,安徽,本科批,历史类,（001）,,503,30698,
2037,江西水利电力大学,2025,安徽,本科批,历史类,（001）,,521,16483,
2039,南昌航空大学,2025,安徽,本科批,历史类,,,522,10926,
2041,南昌交通学院,2025,安徽,本科批,历史类,（001）,,489,36833,
2044,南昌医学院,2025,安徽,本科批,历史类,（001）,,513,27528,
2044,南昌医学院,2025,安徽,本科批,历史类,（002）,,511,28434,
2052,南方医科大学,2025,安徽,本科批,历史类,（001）,,580,3415,
2053,南华大学,2025,安徽,本科批,历史类,（001）,,550,9976,
2056,南京传媒学院,2025,安徽,本科批,历史类,（001）,,494,34384,
2059,南京工程学院,2025,安徽,本科批,历史类,（001）,,557,10664,
2060,南京工业大学,2025,安徽,本科批,历史类,（001）,,586,5530,
2067,南京理工大学,2025,安徽,本科批,历史类,（001）,,602,2492,
2067,南京理工大学,2025,安徽,本科批,历史类,（002）,,609,2382,
2072,南京师范大学,2025,安徽,本科批,历史类,（003）,,616,1238,
2072,南京师范大学,2025,安徽,本科批,历史类,（004）,,622,1238,
2074,南京特殊教育师范学院,2025,安徽,本科批,历史类,（001）,,527,8963,
2074,南京特殊教育师范学院,2025,安徽,本科批,历史类,（002）,,532,19975,
2075,南京体育学院,2025,安徽,本科批,历史类,（001）,,528,21486,
2078,南京信息工程大学,2025,安徽,本科批,历史类,,,575,3977,
2101,内蒙古财经大学,2025,安徽,本科批,历史类,,,506,22639,
2102,内蒙古大学,2025,安徽,本科批,历史类,,,579,3415,
2102,内蒙古大学,2025,安徽,本科批,历史类,（003）,,580,5358,
2104,内蒙古工业大学,2025,安徽,本科批,历史类,（001）,,525,22639,
2116,宁波大学,2025,安徽,本科批,历史类,,,549,4267,
2117,宁波工程学院,2025,安徽,本科批,历史类,,,527,15617,
2124,宁夏大学,2025,安徽,本科批,历史类,,,580,5358,
2124,宁夏大学,2025,安徽,本科批,历史类,（003）,,580,6603,
2125,宁夏理工学院,2025,安徽,本科批,历史类,（001）,,477,31561,
2126,宁夏师范大学,2025,安徽,本科批,历史类,,,510,23021,
2126,宁夏师范大学,2025,安徽,本科批,历史类,（004）,,514,27096,
2131,攀枝花学院,2025,安徽,本科批,历史类,（001）,,516,26278,
2134,平顶山学院,2025,安徽,本科批,历史类,（001）,,505,30698,
2145,齐鲁医药学院,2025,安徽,本科批,历史类,,,491,36833,
2146,齐齐哈尔大学,2025,安徽,本科批,历史类,（001）,,513,27528,
2148,齐齐哈尔工程学院,2025,安徽,本科批,历史类,（001）,,472,38755,
2158,青岛大学,2025,安徽,本科批,历史类,（001）,,572,7192,
2166,青岛理工大学,2025,安徽,本科批,历史类,（001）,,551,13503,
2170,青海大学,2025,安徽,本科批,历史类,（001）,,568,6237,
2178,琼台师范学院,2025,安徽,本科批,历史类,,,462,31122,
2178,琼台师范学院,2025,安徽,本科批,历史类,（004）,,506,30698,
2179,曲阜师范大学,2025,安徽,本科批,历史类,（001）,,552,10422,
2179,曲阜师范大学,2025,安徽,本科批,历史类,（002）,,564,9224,
2183,衢州学院,2025,安徽,本科批,历史类,（001）,,520,23398,
2201,三明学院,2025,安徽,本科批,历史类,（001）,,504,31122,
2213,山东财经大学,2025,安徽,本科批,历史类,（001）,,564,6080,
2217,山东大学,2025,安徽,本科批,历史类,,,623,713,
2217,山东大学,2025,安徽,本科批,历史类,（007）,,625,1045,
2218,山东大学（威海）,2025,安徽,本科批,历史类,（003）,,618,934,
2218,山东大学（威海）,2025,安徽,本科批,历史类,（004）,,620,1375,
2220,山东第一医科大学,2025,安徽,本科批,历史类,,,520,21858,
2223,山东工商学院,2025,安徽,本科批,历史类,,,499,15617,
2225,山东工艺美术学院,2025,安徽,本科批,历史类,,,499,30698,
2228,山东航空学院,2025,安徽,本科批,历史类,（001）,,516,26278,
2232,山东交通学院,2025,安徽,本科批,历史类,（001）,,528,18524,
2235,山东科技大学,2025,安徽,本科批,历史类,（001）,,584,5893,
2238,山东理工大学,2025,安徽,本科批,历史类,（001）,,537,15933,
2244,山东农业工程学院,2025,安徽,本科批,历史类,（001）,,514,23788,
2245,山东女子学院,2025,安徽,本科批,历史类,,,504,25852,
2251,山东师范大学,2025,安徽,本科批,历史类,,,545,6080,
2251,山东师范大学,2025,安徽,本科批,历史类,（004）,,578,6979,
2268,山东政法学院,2025,安徽,本科批,历史类,（001）,,553,8963,
2268,山东政法学院,2025,安徽,本科批,历史类,（002）,,552,13503,
2277,山西工程科技职业大学,2025,安徽,本科批,历史类,（001）,,503,32050,
2281,山西科技学院,2025,安徽,本科批,历史类,（001）,,511,27994,
2283,山西农业大学,2025,安徽,本科批,历史类,（001）,,521,23021,
2283,山西农业大学,2025,安徽,本科批,历史类,（002）,,529,19588,
2285,山西师范大学,2025,安徽,本科批,历史类,（001）,,545,12014,
2285,山西师范大学,2025,安徽,本科批,历史类,（002）,,562,10664,
2289,山西医科大学,2025,安徽,本科批,历史类,（001）,,523,22270,
2289,山西医科大学,2025,安徽,本科批,历史类,（002）,,507,30259,
2303,陕西理工大学,2025,安徽,本科批,历史类,（001）,,518,21104,
2303,陕西理工大学,2025,安徽,本科批,历史类,（002）,,543,16264,
2308,陕西学前师范学院,2025,安徽,本科批,历史类,（001）,,502,25419,
2308,陕西学前师范学院,2025,安徽,本科批,历史类,（002）,,522,23788,
2321,上海财经大学,2025,安徽,本科批,历史类,（001）,,625,420,
2321,上海财经大学,2025,安徽,本科批,历史类,（002）,,621,1310,
2325,上海第二工业大学,2025,安徽,本科批,历史类,（001）,,549,11738,
2331,上海对外经贸大学,2025,安徽,本科批,历史类,,,570,3680,
2337,上海海事大学,2025,安徽,本科批,历史类,（001）,,585,3545,
2338,上海海洋大学,2025,安徽,本科批,历史类,（001）,,583,5358,
2349,上海理工大学,2025,安徽,本科批,历史类,,,554,7421,
2351,上海立信会计金融学院,2025,安徽,本科批,历史类,（002）,,562,6788,
2360,上海杉达学院,2025,安徽,本科批,历史类,,,461,34384,
2361,上海商学院,2025,安徽,本科批,历史类,,,542,9976,
2362,上海师范大学,2025,安徽,本科批,历史类,,,564,4725,
2365,上海体育大学,2025,安徽,本科批,历史类,,,569,7632,
2367,上海戏剧学院,2025,安徽,本科批,历史类,（001）,,580,6406,
2374,上海政法学院,2025,安徽,本科批,历史类,,,564,3034,
2374,上海政法学院,2025,安徽,本科批,历史类,（004）,,580,6080,
2376,上海中医药大学,2025,安徽,本科批,历史类,（001）,,579,6788,
2383,绍兴文理学院,2025,安徽,本科批,历史类,（001）,,535,15309,
2386,深圳大学,2025,安徽,本科批,历史类,（001）,,602,2094,
2387,深圳技术大学,2025,安徽,本科批,历史类,（001）,,571,7632,
2393,沈阳大学,2025,安徽,本科批,历史类,,,524,17228,
2398,沈阳化工大学,2025,安徽,本科批,历史类,（001）,,516,26278,
2401,沈阳理工大学,2025,安徽,本科批,历史类,（001）,,539,16876,
2403,沈阳师范大学,2025,安徽,本科批,历史类,,,505,15933,
2403,沈阳师范大学,2025,安徽,本科批,历史类,（003）,,544,15933,
2409,石河子大学,2025,安徽,本科批,历史类,（001）,,568,6406,
2413,石家庄铁道大学,2025,安徽,本科批,历史类,,,558,9740,
2421,首都经济贸易大学,2025,安徽,本科批,历史类,（001）,,586,5530,
2443,四川旅游学院,2025,安徽,本科批,历史类,（001）,,510,28434,
2449,四川师范大学,2025,安徽,本科批,历史类,,,537,6237,
2449,四川师范大学,2025,安徽,本科批,历史类,（005）,,567,8722,
2449,四川师范大学,2025,安徽,本科批,历史类,（004）,,565,8722,
2453,四川外国语大学,2025,安徽,本科批,历史类,,,531,8273,
2453,四川外国语大学,2025,安徽,本科批,历史类,（005）,,572,8047,
2457,四川文理学院,2025,安徽,本科批,历史类,（001）,,505,30698,
2457,四川文理学院,2025,安徽,本科批,历史类,（002）,,521,24184,
2467,苏州城市学院,2025,安徽,本科批,历史类,（001）,,553,13186,
2470,苏州工学院,2025,安徽,本科批,历史类,（001）,,544,14718,
2477,苏州科技大学,2025,安徽,本科批,历史类,（001）,,574,7421,
2477,苏州科技大学,2025,安徽,本科批,历史类,（002）,,576,7421,
2482,宿迁学院,2025,安徽,本科批,历史类,（001）,,523,20729,
2486,绥化学院,2025,安徽,本科批,历史类,,,502,31561,
2494,台州学院,2025,安徽,本科批,历史类,,,529,18857,
2500,太原师范学院,2025,安徽,本科批,历史类,,,491,21104,
2500,太原师范学院,2025,安徽,本科批,历史类,（003）,,523,23398,
2501,太原学院,2025,安徽,本科批,历史类,（001）,,503,29349,
2504,泰山学院,2025,安徽,本科批,历史类,（001）,,504,31561,
2524,天津工业大学,2025,安徽,本科批,历史类,,,547,5530,
2535,天津农学院,2025,安徽,本科批,历史类,（001）,,516,24184,
2541,天津师范大学,2025,安徽,本科批,历史类,（001）,,553,6237,
2541,天津师范大学,2025,安徽,本科批,历史类,（002）,,575,6979,
2554,天津职业技术师范大学,2025,安徽,本科批,历史类,（001）,,528,19233,
2558,天水师范大学,2025,安徽,本科批,历史类,（001）,,517,25852,
2558,天水师范大学,2025,安徽,本科批,历史类,（002）,,511,28434,
2582,温州大学,2025,安徽,本科批,历史类,,,571,6406,
2586,温州商学院,2025,安徽,本科批,历史类,（001）,,481,33445,
2590,文山学院,2025,安徽,本科批,历史类,（001）,,504,31561,
2603,五邑大学,2025,安徽,本科批,历史类,（001）,,545,15617,
2621,武汉工商学院,2025,安徽,本科批,历史类,,,488,33445,
2625,武汉华夏理工学院,2025,安徽,本科批,历史类,（001）,,487,38755,
2628,武汉科技大学,2025,安徽,本科批,历史类,（001）,,573,6603,
2630,武汉理工大学,2025,安徽,本科批,历史类,,,598,2806,
2630,武汉理工大学,2025,安徽,本科批,历史类,（003）,,607,2600,
2632,武汉轻工大学,2025,安徽,本科批,历史类,,,523,13186,
2636,武汉商学院,2025,安徽,本科批,历史类,（001）,,537,15617,
2662,西安交通大学,2025,安徽,本科批,历史类,（003）,,631,555,
2663,西安交通工程学院,2025,安徽,本科批,历史类,（001）,,484,40246,
2666,西安美术学院,2025,安徽,本科批,历史类,（001）,,522,20729,
2667,西安明德理工学院,2025,安徽,本科批,历史类,（001）,,477,43742,
2677,西安文理学院,2025,安徽,本科批,历史类,,,517,23788,
2688,西北师范大学,2025,安徽,本科批,历史类,（001）,,549,10199,
2688,西北师范大学,2025,安徽,本科批,历史类,（003）,,562,10664,
2689,西北政法大学,2025,安徽,本科批,历史类,（001）,,606,2093,
2697,西交利物浦大学,2025,安徽,本科批,历史类,（001）,,559,11479,
2698,西京学院,2025,安徽,本科批,历史类,（001）,,487,39761,
2698,西京学院,2025,安徽,本科批,历史类,（002）,,487,39247,
2705,西南民族大学,2025,安徽,本科批,历史类,（001）,,567,8722,
2706,西南石油大学,2025,安徽,本科批,历史类,（001）,,581,6237,
2714,厦门工学院,2025,安徽,本科批,历史类,（001）,,484,39761,
2726,咸阳师范学院,2025,安徽,本科批,历史类,,,477,28434,
2729,湘南学院,2025,安徽,本科批,历史类,（001）,,522,20729,
2731,湘潭大学,2025,安徽,本科批,历史类,（001）,,581,4107,
2731,湘潭大学,2025,安徽,本科批,历史类,（002）,,588,4407,
2740,新疆大学,2025,安徽,本科批,历史类,（001）,,577,6979,
2740,新疆大学,2025,安徽,本科批,历史类,（002）,,575,7192,
2760,新疆艺术学院,2025,安徽,本科批,历史类,（001）,,499,33914,
2766,新余学院,2025,安徽,本科批,历史类,,,509,27096,
2769,信阳农林学院,2025,安徽,本科批,历史类,（001）,,505,30698,
2780,徐州工程学院,2025,安徽,本科批,历史类,（001）,,530,19588,
2785,许昌学院,2025,安徽,本科批,历史类,,,503,29805,
2795,延安大学,2025,安徽,本科批,历史类,（001）,,532,19233,
2797,延边大学,2025,安徽,本科批,历史类,（001）,,571,5358,
2802,燕山大学,2025,安徽,本科批,历史类,（001）,,555,9740,
2803,扬州大学,2025,安徽,本科批,历史类,,,582,3977,
2811,宜宾学院,2025,安徽,本科批,历史类,（001）,,515,25852,
2814,宜春学院,2025,安徽,本科批,历史类,（001）,,512,22270,
2814,宜春学院,2025,安徽,本科批,历史类,（002）,,520,24564,
2825,右江民族医学院,2025,安徽,本科批,历史类,（001）,,504,31561,
2827,榆林学院,2025,安徽,本科批,历史类,（001）,,506,30259,
2828,玉林师范学院,2025,安徽,本科批,历史类,,,502,27528,
2829,玉溪师范学院,2025,安徽,本科批,历史类,,,505,26691,
2848,云南民族大学,2025,安徽,本科批,历史类,（001）,,520,24564,
2850,云南农业大学,2025,安徽,本科批,历史类,（001）,,507,30259,
2855,云南中医药大学,2025,安徽,本科批,历史类,,,526,12302,
2860,运城职业技术大学,2025,安徽,本科批,历史类,（001）,,489,36355,
2867,张家口学院,2025,安徽,本科批,历史类,（001）,,496,34846,
2880,浙江传媒学院,2025,安徽,本科批,历史类,,,548,8046,
2886,浙江工商大学,2025,安徽,本科批,历史类,（002）,,583,3034,
2888,浙江工业大学,2025,安徽,本科批,历史类,,,570,5530,
2892,浙江海洋大学,2025,安徽,本科批,历史类,（001）,,539,14109,
2894,浙江机电职业技术大学,2025,安徽,本科批,历史类,（001）,,502,32050,
2901,浙江科技大学,2025,安徽,本科批,历史类,（001）,,556,12302,
2902,浙江理工大学,2025,安徽,本科批,历史类,（001）,,579,6788,
2904,浙江农林大学,2025,安徽,本科批,历史类,,,574,5713,
2907,浙江师范大学,2025,安徽,本科批,历史类,,,541,5358,
2908,浙江树人学院,2025,安徽,本科批,历史类,（001）,,489,32521,
2912,浙江外国语学院,2025,安徽,本科批,历史类,,,522,10926,
2913,浙江万里学院,2025,安徽,本科批,历史类,（001）,,506,21486,
2920,浙江中医药大学,2025,安徽,本科批,历史类,（001）,,568,9224,
2926,郑州工程技术学院,2025,安徽,本科批,历史类,（001）,,502,32050,
2948,中北大学,2025,安徽,本科批,历史类,（001）,,538,16572,
2949,中国传媒大学,2025,安徽,本科批,历史类,,,600,934,
2949,中国传媒大学,2025,安徽,本科批,历史类,（007）,,612,2093,
2950,中国地质大学（北京）,2025,安徽,本科批,历史类,（001）,,599,3034,
2951,中国地质大学（武汉）,2025,安徽,本科批,历史类,（002）,,599,2701,
2951,中国地质大学（武汉）,2025,安徽,本科批,历史类,（003）,,602,3035,
2952,中国海洋大学,2025,安徽,本科批,历史类,,,612,1375,
2952,中国海洋大学,2025,安徽,本科批,历史类,（005）,,616,1730,
2953,中国计量大学,2025,安徽,本科批,历史类,（001）,,566,5713,
2957,中国劳动关系学院,2025,安徽,本科批,历史类,（003）,,552,10199,
2957,中国劳动关系学院,2025,安徽,本科批,历史类,（004）,,546,13809,
2959,中国民航大学,2025,安徽,本科批,历史类,（001）,,576,4267,
2959,中国民航大学,2025,安徽,本科批,历史类,（002）,,581,6406,
2960,中国民用航空飞行学院,2025,安徽,本科批,历史类,（001）,,520,21486,
2960,中国民用航空飞行学院,2025,安徽,本科批,历史类,（002）,,529,21104,
2967,中国石油大学（北京）,2025,安徽,本科批,历史类,（001）,,603,3034,
2967,中国石油大学（北京）,2025,安徽,本科批,历史类,（002）,,606,2700,
2968,中国石油大学（北京）克拉玛依校区,2025,安徽,本科批,历史类,（001）,,572,6603,
2968,中国石油大学（北京）克拉玛依校区,2025,安徽,本科批,历史类,（002）,,573,8046,
2969,中国石油大学（华东）,2025,安徽,本科批,历史类,（001）,,595,3285,
2977,中华女子学院,2025,安徽,本科批,历史类,（002）,,538,15309,
2979,中南大学,2025,安徽,本科批,历史类,（003）,,622,870,
2980,中南林业科技大学,2025,安徽,本科批,历史类,（001）,,544,13503,
2985,中央财经大学,2025,安徽,本科批,历史类,,,609,663,
2986,中央美术学院,2025,安徽,本科批,历史类,（001）,,560,7632,
2987,中央民族大学,2025,安徽,本科批,历史类,（002）,,615,1458,
2989,中央戏剧学院,2025,安徽,本科批,历史类,（001）,,587,3818,
2991,中原工学院,2025,安徽,本科批,历史类,（001）,,524,22270,
5003,长春大学旅游学院,2025,安徽,本科批,历史类,（001）,,472,46272,
5014,东南大学成贤学院,2025,安徽,本科批,历史类,（001）,,498,30698,
5017,福州大学至诚学院,2025,安徽,本科批,历史类,（001）,,493,35856,
5022,杭州电子科技大学信息工程学院,2025,安徽,本科批,历史类,（001）,,497,34384,
5056,南京财经大学红山学院,2025,安徽,本科批,历史类,（001）,,499,30698,
5062,南京师范大学泰州学院,2025,安徽,本科批,历史类,（001）,,497,31122,
5068,宁波大学科学技术学院,2025,安徽,本科批,历史类,（001）,,508,15309,
5078,石家庄铁道大学四方学院,2025,安徽,本科批,历史类,（001）,,500,33445,
5080,苏州大学应用技术学院,2025,安徽,本科批,历史类,（001）,,497,25852,
5084,天津商业大学宝德学院,2025,安徽,本科批,历史类,,,485,35339,
5085,天津外国语大学滨海外事学院,2025,安徽,本科批,历史类,（001）,,488,36833,
5085,天津外国语大学滨海外事学院,2025,安徽,本科批,历史类,（002）,,491,37788,
5095,西南财经大学天府学院,2025,安徽,本科批,历史类,,,492,34384,
5095,西南财经大学天府学院,2025,安徽,本科批,历史类,（004）,,485,40761,
5100,浙江财经大学东方学院,2025,安徽,本科批,历史类,（001）,,499,31561,
5101,浙江工商大学杭州商学院,2025,安徽,本科批,历史类,（001）,,495,34384,
5102,浙江工业大学之江学院,2025,安徽,本科批,历史类,（001）,,502,30698,
5107,中国矿业大学徐海学院,2025,安徽,本科批,历史类,（001）,,497,32050,
9002,安徽财经大学,2025,安徽,本科批,历史类,（003）,,554,8046,
9007,安徽农业大学,2025,安徽,本科批,历史类,（001）,,560,8046,
9008,安徽师范大学,2025,安徽,本科批,历史类,,,531,6406,
9008,安徽师范大学,2025,安徽,本科批,历史类,（044）,,575,7632,
9008,安徽师范大学,2025,安徽,本科批,历史类,（043）,,576,7421,
9009,安徽医科大学,2025,安徽,本科批,历史类,,,525,11176,
9010,安徽中医药大学,2025,安徽,本科批,历史类,,,529,10199,
9010,安徽中医药大学,2025,安徽,本科批,历史类,（006）,,525,22639,
9011,安庆师范大学,2025,安徽,本科批,历史类,（007）,,540,14109,
9011,安庆师范大学,2025,安徽,本科批,历史类,（010）,,555,12563,
9011,安庆师范大学,2025,安徽,本科批,历史类,（009）,,551,13809,
9015,合肥大学,2025,安徽,本科批,历史类,,,519,14718,
9102,蚌埠学院,2025,安徽,本科批,历史类,（001）,,511,27096,
9106,池州学院,2025,安徽,本科批,历史类,,,506,27096,
9106,池州学院,2025,安徽,本科批,历史类,（005）,,509,28434,
9106,池州学院,2025,安徽,本科批,历史类,（004）,,514,27096,
9111,淮南师范学院,2025,安徽,本科批,历史类,（003）,,524,21858,
9111,淮南师范学院,2025,安徽,本科批,历史类,（004）,,527,21858,
9114,皖南医学院,2025,安徽,本科批,历史类,（001）,,526,18524,
9115,皖西学院,2025,安徽,本科批,历史类,（002）,,521,21858,
9115,皖西学院,2025,安徽,本科批,历史类,（003）,,521,24184,
9117,安徽艺术学院,2025,安徽,本科批,历史类,（001）,,504,30684,
9120,安徽第二医学院,2025,安徽,本科批,历史类,（021）,,510,28906,
9120,安徽第二医学院,2025,安徽,本科批,历史类,（022）,,511,28434,
9121,安徽职业技术大学,2025,安徽,本科批,历史类,（021）,,501,32982,
9201,蚌埠工商学院,2025,安徽,本科批,历史类,（001）,,491,35339,
9203,马鞍山学院,2025,安徽,本科批,历史类,（001）,,483,40410,
9204,合肥城市学院,2025,安徽,本科批,历史类,（001）,,481,41258,
9205,合肥经济学院,2025,安徽,本科批,历史类,（001）,,492,34845,
1604,黑龙江大学,2025,安徽,本科提前批,历史类,,,508,17228,
1729,华东师范大学,2025,安徽,本科提前批,历史类,,,616,242,
1729,华东师范大学,2025,安徽,本科提前批,历史类,（003）,,642,342,
1737,华中师范大学,2025,安徽,本科提前批,历史类,,,578,555,
1737,华中师范大学,2025,安徽,本科提前批,历史类,（002）,,632,663,
2662,西安交通大学,2025,安徽,本科提前批,历史类,（001）,,630,763,
2844,云南警官学院,2025,安徽,本科提前批,历史类,,,552,3034,
2964,中国人民公安大学,2025,安徽,本科提前批,历史类,,,603,199,
2971,中国消防救援学院,2025,安徽,本科提前批,历史类,（001）,,565,9976,
2972,中国刑事警察学院,2025,安徽,本科提前批,历史类,,,583,1108,
9008,安徽师范大学,2025,安徽,本科提前批,历史类,,,565,4407,
9010,安徽中医药大学,2025,安徽,本科提前批,历史类,（001）,,563,10422,
9109,合肥师范学院,2025,安徽,本科提前批,历史类,（061）,,519,9740,
9111,淮南师范学院,2025,安徽,本科提前批,历史类,（061）,,522,23788,
1729,华东师范大学,2025,安徽,高校专项计划批,历史类,（006）,,620,934,
1729,华东师范大学,2025,安徽,高校专项计划批,历史类,（007）,,617,1630,
1737,华中师范大学,2025,安徽,高校专项计划批,历史类,（005）,,591,2492,
2072,南京师范大学,2025,安徽,高校专项计划批,历史类,（002）,,605,2382,
1008,安阳职业技术学院,2025,安徽,专科批,物理类,（001）,,365,231328,
1016,包头轻工职业技术学院,2025,安徽,专科批,物理类,（001）,,372,277796,
1053,北京科技职业大学,2025,安徽,专科批,物理类,（002）,,475,154269,
1076,毕节职业技术学院,2025,安徽,专科批,物理类,（001）,,292,294467,
1080,渤海船舶职业学院,2025,安徽,专科批,物理类,（002）,,395,243416,
1098,长春金融高等专科学校,2025,安徽,专科批,物理类,（001）,,384,266868,
1135,常州机电职业技术学院,2025,安徽,专科批,物理类,（001）,,445,192766,
1136,常州信息职业技术学院,2025,安徽,专科批,物理类,（001）,,471,161733,
1160,重庆财经职业学院,2025,安徽,专科批,物理类,（001）,,442,201937,
1173,重庆工程职业技术学院,2025,安徽,专科批,物理类,,,433,207029,
1176,重庆工信职业学院,2025,安徽,专科批,物理类,（001）,,420,239558,
1177,重庆工业职业技术大学,2025,安徽,专科批,物理类,,,459,188658,
1180,重庆护理职业学院,2025,安徽,专科批,物理类,（001）,,278,285647,
1181,重庆化工职业学院,2025,安徽,专科批,物理类,（001）,,393,246186,
1196,重庆三峡医药高等专科学校,2025,安徽,专科批,物理类,（001）,,457,192766,
1211,重庆幼儿师范高等专科学校,2025,安徽,专科批,物理类,（001）,,420,239558,
1215,楚雄医药高等专科学校,2025,安徽,专科批,物理类,,,431,197990,
1221,大连东软信息学院,2025,安徽,专科批,物理类,（004）,,226,312950,
1228,大连科技学院,2025,安徽,专科批,物理类,（002）,,284,275835,
1236,大连职业技术学院,2025,安徽,专科批,物理类,（001）,,377,228048,
1262,东莞职业技术学院,2025,安徽,专科批,物理类,（001）,,434,220279,
1276,福建电力职业技术学院,2025,安徽,专科批,物理类,（001）,,444,210729,
1319,赣南卫生健康职业学院,2025,安徽,专科批,物理类,（001）,,439,219108,
1319,赣南卫生健康职业学院,2025,安徽,专科批,物理类,（002）,,444,207029,
1354,广东水利电力职业技术学院,2025,安徽,专科批,物理类,（001）,,396,246186,
1386,广西水利电力职业技术学院,2025,安徽,专科批,物理类,（001）,,386,262398,
1387,广西体育高等专科学校,2025,安徽,专科批,物理类,（001）,,324,297372,
1401,广州职业技术大学,2025,安徽,专科批,物理类,（001）,,424,219108,
1500,海南外国语职业学院,2025,安徽,专科批,物理类,（001）,,378,253350,
1501,海南卫生健康职业学院,2025,安徽,专科批,物理类,（001）,,380,237609,
1509,汉江师范学院,2025,安徽,专科批,物理类,（002）,,443,199321,
1513,杭州科技职业技术学院,2025,安徽,专科批,物理类,（001）,,456,184616,
1517,杭州职业技术大学,2025,安徽,专科批,物理类,（001）,,469,161733,
1534,河北轨道运输职业技术学院,2025,安徽,专科批,物理类,（001）,,445,194128,
1535,河北化工医药职业技术学院,2025,安徽,专科批,物理类,（001）,,416,240505,
1540,河北交通职业技术学院,2025,安徽,专科批,物理类,（002）,,403,246186,
1544,河北科技工程职业技术大学,2025,安徽,专科批,物理类,（003）,,412,244351,
1552,河北软件职业技术学院,2025,安徽,专科批,物理类,（001）,,378,273834,
1588,河南医学高等专科学校,2025,安徽,专科批,物理类,（002）,,431,228048,
1598,鹤壁职业技术学院,2025,安徽,专科批,物理类,（001）,,200,284514,
1616,黑龙江农垦职业学院,2025,安徽,专科批,物理类,（001）,,306,279080,
1617,黑龙江农业工程职业学院,2025,安徽,专科批,物理类,,,377,244351,
1666,湖北职业技术学院,2025,安徽,专科批,物理类,（001）,,428,215586,
1799,江汉艺术职业学院,2025,安徽,专科批,物理类,（001）,,343,280384,
1806,江苏城市职业学院,2025,安徽,专科批,物理类,（001）,,468,177597,
1810,江苏电子信息职业学院,2025,安徽,专科批,物理类,（001）,,436,217904,
1811,江苏工程职业技术学院,2025,安徽,专科批,物理类,（001）,,441,192766,
1817,江苏建筑职业技术学院,2025,安徽,专科批,物理类,（001）,,429,215586,
1818,江苏经贸职业技术学院,2025,安徽,专科批,物理类,（001）,,454,166052,
1844,江西航空职业技术学院,2025,安徽,专科批,物理类,（002）,,425,216809,
1847,江西机电职业技术学院,2025,安徽,专科批,物理类,（001）,,412,237609,
1872,江西医学高等专科学校,2025,安徽,专科批,物理类,,,423,226948,
1872,江西医学高等专科学校,2025,安徽,专科批,物理类,（006）,,447,209487,
1874,江西应用技术职业学院,2025,安徽,专科批,物理类,（001）,,424,155807,
1878,江西制造职业技术学院,2025,安徽,专科批,物理类,（001）,,428,220279,
1880,抚州医药学院,2025,安徽,专科批,物理类,,,426,217905,
1945,黎明职业大学,2025,安徽,专科批,物理类,,,373,246186,
1949,连云港师范学院,2025,安徽,专科批,物理类,（002）,,442,215586,
1950,连云港职业技术学院,2025,安徽,专科批,物理类,（001）,,416,225868,
1961,辽宁轨道交通职业学院,2025,安徽,专科批,物理类,（001）,,428,224757,
1971,辽宁民族师范高等专科学校,2025,安徽,专科批,物理类,（001）,,329,284514,
1974,辽宁生态工程职业学院,2025,安徽,专科批,物理类,（001）,,330,289839,
1980,辽宁铁道职业技术学院,2025,安徽,专科批,物理类,（001）,,440,183207,
1986,辽宁装备制造职业技术学院,2025,安徽,专科批,物理类,（001）,,349,273133,
1991,临汾职业技术学院,2025,安徽,专科批,物理类,（001）,,399,258327,
2019,湄洲湾职业技术学院,2025,安徽,专科批,物理类,（001）,,361,266868,
2031,闽西职业技术学院,2025,安徽,专科批,物理类,（001）,,385,260831,
2040,南昌健康职业技术学院,2025,安徽,专科批,物理类,（001）,,377,233458,
2063,南京机电职业技术学院,2025,安徽,专科批,物理类,（001）,,475,127752,
2076,南京铁道职业技术学院,2025,安徽,专科批,物理类,（001）,,492,101477,
2132,盘锦职业技术学院,2025,安徽,专科批,物理类,（001）,,338,291228,
2140,濮阳职业技术学院,2025,安徽,专科批,物理类,（001）,,346,291228,
2145,齐鲁医药学院,2025,安徽,专科批,物理类,（004）,,369,238608,
2182,曲靖健康医学院,2025,安徽,专科批,物理类,（001）,,446,210729,
2200,三门峡职业技术学院,2025,安徽,专科批,物理类,（001）,,392,246186,
2208,三亚护理职业学院,2025,安徽,专科批,物理类,（001）,,180,320779,
2237,山东劳动职业技术学院,2025,安徽,专科批,物理类,（001）,,324,294923,
2248,山东商务职业学院,2025,安徽,专科批,物理类,（001）,,363,277141,
2316,商丘工学院,2025,安徽,专科批,物理类,（002）,,309,306075,
2319,商丘职业技术学院,2025,安徽,专科批,物理类,（001）,,394,261639,
2320,上海邦德职业技术学院,2025,安徽,专科批,物理类,（001）,,215,244351,
2330,上海东海职业技术学院,2025,安徽,专科批,物理类,（001）,,198,306914,
2333,上海工商外国语职业学院,2025,安徽,专科批,物理类,（001）,,246,318091,
2334,上海工商职业技术学院,2025,安徽,专科批,物理类,,,188,287293,
2341,上海建设管理职业技术学院,2025,安徽,专科批,物理类,（001）,,417,236611,
2345,上海交通职业技术学院,2025,安徽,专科批,物理类,（001）,,432,200651,
2352,上海旅游高等专科学校,2025,安徽,专科批,物理类,（001）,,417,211972,
2355,上海闵行职业技术学院,2025,安徽,专科批,物理类,（001）,,425,225868,
2356,上海南湖职业技术学院,2025,安徽,专科批,物理类,（001）,,436,217904,
2358,上海农林职业技术学院,2025,安徽,专科批,物理类,（001）,,435,208291,
2359,上海浦东职业技术学院,2025,安徽,专科批,物理类,（001）,,432,194128,
2360,上海杉达学院,2025,安徽,专科批,物理类,（004）,,426,216809,
2368,上海现代化工职业学院,2025,安徽,专科批,物理类,（001）,,425,224757,
2369,上海行健职业学院,2025,安徽,专科批,物理类,,,420,203193,
2373,上海震旦职业学院,2025,安徽,专科批,物理类,,,205,305472,
2409,石河子大学,2025,安徽,专科批,物理类,（006）,,443,194128,
2419,石家庄幼儿师范高等专科学校,2025,安徽,专科批,物理类,,,370,269724,
2451,四川铁道职业学院,2025,安徽,专科批,物理类,（001）,,447,197990,
2475,苏州健雄职业技术学院,2025,安徽,专科批,物理类,（001）,,424,222508,
2479,苏州卫生职业技术学院,2025,安徽,专科批,物理类,（001）,,463,168871,
2502,太原幼儿师范高等专科学校,2025,安徽,专科批,物理类,（001）,,268,305786,
2511,唐山幼儿师范高等专科学校,2025,安徽,专科批,物理类,（001）,,277,261639,
2571,威海职业学院,2025,安徽,专科批,物理类,（002）,,412,235570,
2572,潍坊工程职业学院,2025,安徽,专科批,物理类,（002）,,365,282200,
2586,温州商学院,2025,安徽,专科批,物理类,（003）,,416,235570,
2594,无锡科技职业学院,2025,安徽,专科批,物理类,（001）,,451,199321,
2631,武汉民政职业学院,2025,安徽,专科批,物理类,（001）,,410,230239,
2651,西安城市建设职业学院,2025,安徽,专科批,物理类,（001）,,220,300450,
2693,西藏职业技术学院,2025,安徽,专科批,物理类,（001）,,327,300096,
2693,西藏职业技术学院,2025,安徽,专科批,物理类,（002）,,319,302243,
2693,西藏职业技术学院,2025,安徽,专科批,物理类,（003）,,330,298940,
2693,西藏职业技术学院,2025,安徽,专科批,物理类,（005）,,290,311031,
2693,西藏职业技术学院,2025,安徽,专科批,物理类,（004）,,299,308826,
2710,厦门城市职业学院,2025,安徽,专科批,物理类,（001）,,398,251593,
2734,襄阳科技职业学院,2025,安徽,专科批,物理类,（001）,,392,251593,
2736,襄阳职业技术学院,2025,安徽,专科批,物理类,,,459,189977,
2768,信阳航空职业学院,2025,安徽,专科批,物理类,（001）,,222,316430,
2769,信阳农林学院,2025,安徽,专科批,物理类,（002）,,377,274506,
2773,信阳职业技术学院,2025,安徽,专科批,物理类,（001）,,380,258327,
2784,徐州幼儿师范高等专科学校,2025,安徽,专科批,物理类,（001）,,400,257548,
2788,烟台工程职业技术学院,2025,安徽,专科批,物理类,（001）,,362,277141,
2808,伊春职业学院,2025,安徽,专科批,物理类,（001）,,287,250677,
2813,宜昌科技职业学院,2025,安徽,专科批,物理类,（001）,,373,269012,
2816,宜春职业技术学院,2025,安徽,专科批,物理类,（001）,,423,226948,
2817,义乌工商职业技术学院,2025,安徽,专科批,物理类,（001）,,438,208291,
2836,云南财经职业学院,2025,安徽,专科批,物理类,（001）,,396,260831,
2847,云南林业职业技术学院,2025,安徽,专科批,物理类,（001）,,402,229124,
2849,云南能源职业技术学院,2025,安徽,专科批,物理类,（001）,,372,270401,
2863,枣庄职业学院,2025,安徽,专科批,物理类,,,262,242450,
2867,张家口学院,2025,安徽,专科批,物理类,（003）,,462,183208,
2872,漳州职业技术学院,2025,安徽,专科批,物理类,（001）,,419,231328,
2875,肇庆医学院,2025,安徽,专科批,物理类,（002）,,450,201937,
2875,肇庆医学院,2025,安徽,专科批,物理类,（003）,,448,184616,
2878,浙江安防职业技术学院,2025,安徽,专科批,物理类,（001）,,422,223621,
2889,浙江工业职业技术学院,2025,安徽,专科批,物理类,（001）,,436,221385,
2891,浙江国际海运职业技术学院,2025,安徽,专科批,物理类,,,430,210729,
2894,浙江机电职业技术大学,2025,安徽,专科批,物理类,（002）,,471,160272,
2895,浙江建设职业技术学院,2025,安徽,专科批,物理类,（002）,,437,183207,
2896,浙江交通职业技术学院,2025,安徽,专科批,物理类,,,461,179032,
2899,浙江经贸职业技术学院,2025,安徽,专科批,物理类,（001）,,451,189977,
2900,浙江警官职业学院,2025,安徽,专科批,物理类,,,440,204450,
2906,浙江商业职业技术学院,2025,安徽,专科批,物理类,（001）,,440,201937,
2916,浙江邮电职业技术学院,2025,安徽,专科批,物理类,（001）,,453,189977,
2921,镇江市高等专科学校,2025,安徽,专科批,物理类,（001）,,432,219108,
2925,郑州电力高等专科学校,2025,安徽,专科批,物理类,（001）,,465,183207,
2934,郑州旅游职业学院,2025,安徽,专科批,物理类,（001）,,345,285091,
2942,郑州卫生健康职业学院,2025,安徽,专科批,物理类,（001）,,420,226948,
2946,郑州幼儿师范高等专科学校,2025,安徽,专科批,物理类,（001）,,419,240505,
2960,中国民用航空飞行学院,2025,安徽,专科批,物理类,（007）,,488,152846,
3001,淄博师范高等专科学校,2025,安徽,专科批,物理类,（001）,,362,277796,
9120,安徽第二医学院,2025,安徽,专科批,物理类,（003）,,434,200651,
9120,安徽第二医学院,2025,安徽,专科批,物理类,,,427,191416,
9120,安徽第二医学院,2025,安徽,专科批,物理类,（006）,,443,214395,
9301,安徽财贸职业学院,2025,安徽,专科批,物理类,,,337,239558,
9335,安徽艺术职业学院,2025,安徽,专科批,物理类,（001）,,365,275141,
9339,安徽中医药高等专科学校,2025,安徽,专科批,物理类,（002）,,439,194128,
9357,合肥幼儿师范高等专科学校,2025,安徽,专科批,物理类,,,406,223621,
9365,马鞍山师范高等专科学校,2025,安徽,专科批,物理类,（001）,,351,234512,
9367,桐城师范高等专科学校,2025,安徽,专科批,物理类,（001）,,341,273834,
9378,芜湖航空职业学院,2025,安徽,专科批,物理类,（001）,,221,296172,
1053,北京科技职业大学,2025,安徽,专科提前批,物理类,（001）,,474,157276,
1941,兰州资源环境职业技术大学,2025,安徽,专科提前批,物理类,（001）,,435,221385,
2037,江西水利电力大学,2025,安徽,专科提前批,物理类,,,433,205185,
1026,北方民族大学,2025,安徽,国家专项计划批,物理类,（001）,,559,61103,
1026,北方民族大学,2025,安徽,国家专项计划批,物理类,（002）,,548,36298,
1033,北京大学医学部,2025,安徽,国家专项计划批,物理类,（001）,,670,924,
1039,北京工业大学,2025,安徽,国家专项计划批,物理类,（001）,,601,,
1042,北京化工大学,2025,安徽,国家专项计划批,物理类,（001）,,623,13374,
1051,北京科技大学,2025,安徽,国家专项计划批,物理类,（001）,,592,9171,
1056,北京林业大学,2025,安徽,国家专项计划批,物理类,（001）,,598,28440,
1056,北京林业大学,2025,安徽,国家专项计划批,物理类,（002）,,601,15329,
1056,北京林业大学,2025,安徽,国家专项计划批,物理类,（004）,,582,40231,
1056,北京林业大学,2025,安徽,国家专项计划批,物理类,（003）,,600,27089,
1071,北京邮电大学,2025,安徽,国家专项计划批,物理类,（001）,,644,4921,
1071,北京邮电大学,2025,安徽,国家专项计划批,物理类,（002）,,644,3270,
1074,北京中医药大学,2025,安徽,国家专项计划批,物理类,（W不限）,,599,23250,
1074,北京中医药大学,2025,安徽,国家专项计划批,物理类,（W化）,,603,14341,
1424,广州医科大学,2025,安徽,国家专项计划批,物理类,（001）,,559,56996,
1424,广州医科大学,2025,安徽,国家专项计划批,物理类,（002）,,600,27089,
1471,哈尔滨工业大学（威海）,2025,安徽,国家专项计划批,物理类,（001）,,647,4921,
1728,华东理工大学,2025,安徽,国家专项计划批,物理类,（001）,,616,12024,
1728,华东理工大学,2025,安徽,国家专项计划批,物理类,（002）,,623,7027,
1729,华东师范大学,2025,安徽,国家专项计划批,物理类,（003）,,634,3049,
1737,华中师范大学,2025,安徽,国家专项计划批,物理类,（004）,,606,19645,
1737,华中师范大学,2025,安徽,国家专项计划批,物理类,,,619,10374,
1737,华中师范大学,2025,安徽,国家专项计划批,物理类,（006）,,612,19645,
1819,江苏科技大学,2025,安徽,国家专项计划批,物理类,（001）,,582,40231,
2067,南京理工大学,2025,安徽,国家专项计划批,物理类,（001）,,618,13374,
2067,南京理工大学,2025,安徽,国家专项计划批,物理类,（002）,,629,6073,
2072,南京师范大学,2025,安徽,国家专项计划批,物理类,（001）,,609,21398,
2072,南京师范大学,2025,安徽,国家专项计划批,物理类,（002）,,612,13859,
2072,南京师范大学,2025,安徽,国家专项计划批,物理类,（003）,,615,17949,
2078,南京信息工程大学,2025,安徽,国家专项计划批,物理类,（001）,,607,22637,
2082,南京邮电大学,2025,安徽,国家专项计划批,物理类,（001）,,629,10759,
2321,上海财经大学,2025,安徽,国家专项计划批,物理类,（001）,,628,10374,
2321,上海财经大学,2025,安徽,国家专项计划批,物理类,（002）,,638,7739,
2338,上海海洋大学,2025,安徽,国家专项计划批,物理类,（001）,,589,34087,
2349,上海理工大学,2025,安徽,国家专项计划批,物理类,（001）,,606,23250,
2376,上海中医药大学,2025,安徽,国家专项计划批,物理类,,,570,27826,
2797,延边大学,2025,安徽,国家专项计划批,物理类,（001）,,585,37046,
2797,延边大学,2025,安徽,国家专项计划批,物理类,（002）,,569,51534,
2959,中国民航大学,2025,安徽,国家专项计划批,物理类,（002）,,592,28440,
9008,安徽师范大学,2025,安徽,国家专项计划批,物理类,,,557,42731,
9008,安徽师范大学,2025,安徽,国家专项计划批,物理类,（018）,,569,51534,
9009,安徽医科大学,2025,安徽,国家专项计划批,物理类,（002）,,542,67357,
9009,安徽医科大学,2025,安徽,国家专项计划批,物理类,（003）,,558,21398,
9010,安徽中医药大学,2025,安徽,国家专项计划批,物理类,（002）,,554,66261,
9010,安徽中医药大学,2025,安徽,国家专项计划批,物理类,（003）,,521,105379,
9014,蚌埠医科大学,2025,安徽,国家专项计划批,物理类,（002）,,585,37839,
9008,安徽师范大学,2025,安徽,地方专项计划批,物理类,,,553,44443,
9008,安徽师范大学,2025,安徽,地方专项计划批,物理类,（033）,,572,48779,
9009,安徽医科大学,2025,安徽,地方专项计划批,物理类,（004）,,545,61103,
9009,安徽医科大学,2025,安徽,地方专项计划批,物理类,（005）,,557,20793,
9010,安徽中医药大学,2025,安徽,地方专项计划批,物理类,（004）,,549,71693,
9010,安徽中医药大学,2025,安徽,地方专项计划批,物理类,（005）,,521,105379,
9014,蚌埠医科大学,2025,安徽,地方专项计划批,物理类,（003）,,572,48779,
9111,淮南师范学院,2025,安徽,地方专项计划批,物理类,（002）,,518,101477,
9111,淮南师范学院,2025,安徽,地方专项计划批,物理类,（003）,,517,106696,
1003,安康学院,2025,安徽,本科批,物理类,（001）,,505,127752,
1005,安阳工学院,2025,安徽,本科批,物理类,,,480,126302,
1009,鞍山师范学院,2025,安徽,本科批,物理类,,,490,135050,
1009,鞍山师范学院,2025,安徽,本科批,物理类,（005）,,490,146903,
1009,鞍山师范学院,2025,安徽,本科批,物理类,（006）,,506,126302,
1020,宝鸡文理学院,2025,安徽,本科批,物理类,（001）,,500,132119,
1024,北部湾大学,2025,安徽,本科批,物理类,,,505,96333,
1026,北方民族大学,2025,安徽,本科批,物理类,（003）,,530,93829,
1026,北方民族大学,2025,安徽,本科批,物理类,,,515,84178,
1029,北华大学,2025,安徽,本科批,物理类,,,507,109427,
1029,北华大学,2025,安徽,本科批,物理类,（006）,,557,61103,
1029,北华大学,2025,安徽,本科批,物理类,（007）,,512,117743,
1030,北华航天工业学院,2025,安徽,本科批,物理类,（001）,,532,73825,
1033,北京大学医学部,2025,安徽,本科批,物理类,,,674,265,
1037,北京服装学院,2025,安徽,本科批,物理类,（001）,,527,96333,
1037,北京服装学院,2025,安徽,本科批,物理类,（002）,,521,100155,
1038,北京工商大学,2025,安徽,本科批,物理类,（001）,,581,34787,
1038,北京工商大学,2025,安徽,本科批,物理类,（002）,,592,29819,
1039,北京工业大学,2025,安徽,本科批,物理类,,,618,9966,
1042,北京化工大学,2025,安徽,本科批,物理类,,,601,9966,
1043,北京建筑大学,2025,安徽,本科批,物理类,,,571,41859,
1043,北京建筑大学,2025,安徽,本科批,物理类,（003）,,575,32674,
1051,北京科技大学,2025,安徽,本科批,物理类,（003）,,635,8795,
1051,北京科技大学,2025,安徽,本科批,物理类,,,635,6404,
1055,北京联合大学,2025,安徽,本科批,物理类,,,513,61103,
1056,北京林业大学,2025,安徽,本科批,物理类,,,601,15329,
1056,北京林业大学,2025,安徽,本科批,物理类,（015）,,611,20184,
1056,北京林业大学,2025,安徽,本科批,物理类,（014）,,601,26393,
1062,北京石油化工学院,2025,安徽,本科批,物理类,（001）,,538,70614,
1063,北京体育大学,2025,安徽,本科批,物理类,,,507,21994,
1064,北京外国语大学,2025,安徽,本科批,物理类,（006）,,617,5483,
1066,北京物资学院,2025,安徽,本科批,物理类,,,484,41062,
1066,北京物资学院,2025,安徽,本科批,物理类,（004）,,568,47082,
1071,北京邮电大学,2025,安徽,本科批,物理类,,,624,1998,
1074,北京中医药大学,2025,安徽,本科批,物理类,（004）,,613,19065,
1074,北京中医药大学,2025,安徽,本科批,物理类,（005）,,583,4921,
1078,滨州医学院,2025,安徽,本科批,物理类,（001）,,508,123337,
1078,滨州医学院,2025,安徽,本科批,物理类,,,524,49685,
1091,长春大学,2025,安徽,本科批,物理类,（001）,,537,85340,
1091,长春大学,2025,安徽,本科批,物理类,,,492,76096,
1094,长春工程学院,2025,安徽,本科批,物理类,（001）,,489,148355,
1094,长春工程学院,2025,安徽,本科批,物理类,,,474,98913,
1095,长春工业大学,2025,安徽,本科批,物理类,,,516,84178,
1096,长春光华学院,2025,安徽,本科批,物理类,（001）,,466,184616,
1096,长春光华学院,2025,安徽,本科批,物理类,（002）,,461,185977,
1097,长春建筑学院,2025,安徽,本科批,物理类,（001）,,461,174666,
1097,长春建筑学院,2025,安徽,本科批,物理类,（002）,,463,181796,
1099,长春科技学院,2025,安徽,本科批,物理类,（001）,,454,179032,
1099,长春科技学院,2025,安徽,本科批,物理类,（002）,,462,173255,
1100,长春理工大学,2025,安徽,本科批,物理类,（003）,,549,61103,
1100,长春理工大学,2025,安徽,本科批,物理类,,,513,23250,
1101,长春汽车职业技术大学,2025,安徽,本科批,物理类,（001）,,488,145426,
1102,长春人文学院,2025,安徽,本科批,物理类,（001）,,461,185978,
1103,长春师范大学,2025,安徽,本科批,物理类,（001）,,522,93829,
1103,长春师范大学,2025,安徽,本科批,物理类,,,504,100155,
1103,长春师范大学,2025,安徽,本科批,物理类,（004）,,529,95066,
1107,长春职业技术大学,2025,安徽,本科批,物理类,（002）,,488,151358,
1107,长春职业技术大学,2025,安徽,本科批,物理类,（003）,,486,155807,
1108,长春中医药大学,2025,安徽,本科批,物理类,,,497,114928,
1116,长沙理工大学,2025,安徽,本科批,物理类,（001）,,565,39448,
1116,长沙理工大学,2025,安徽,本科批,物理类,（002）,,587,20793,
1123,长沙学院,2025,安徽,本科批,物理类,（002）,,516,108036,
1123,长沙学院,2025,安徽,本科批,物理类,,,531,86496,
1123,长沙学院,2025,安徽,本科批,物理类,（007）,,519,108036,
1127,长治学院,2025,安徽,本科批,物理类,（001）,,496,140985,
1127,长治学院,2025,安徽,本科批,物理类,（002）,,493,133575,
1128,长治医学院,2025,安徽,本科批,物理类,（001）,,542,79575,
1128,长治医学院,2025,安徽,本科批,物理类,,,497,69512,
1128,长治医学院,2025,安徽,本科批,物理类,（004）,,506,126302,
1130,常州大学,2025,安徽,本科批,物理类,（001）,,570,50653,
1130,常州大学,2025,安徽,本科批,物理类,,,575,27826,
1133,常州工学院,2025,安徽,本科批,物理类,（002）,,539,80752,
1139,成都东软学院,2025,安徽,本科批,物理类,（001）,,485,155807,
1139,成都东软学院,2025,安徽,本科批,物理类,,,461,160272,
1143,成都锦城学院,2025,安徽,本科批,物理类,（001）,,485,149816,
1143,成都锦城学院,2025,安徽,本科批,物理类,（002）,,483,152846,
1146,成都师范学院,2025,安徽,本科批,物理类,,,523,77227,
1153,成都银杏酒店管理学院,2025,安徽,本科批,物理类,（001）,,472,176182,
1153,成都银杏酒店管理学院,2025,安徽,本科批,物理类,（002）,,470,179032,
1154,成都中医药大学,2025,安徽,本科批,物理类,,,578,26393,
1156,承德医学院,2025,安徽,本科批,物理类,,,541,62125,
1156,承德医学院,2025,安徽,本科批,物理类,（003）,,511,119110,
1159,重庆财经学院,2025,安徽,本科批,物理类,,,470,95066,
1159,重庆财经学院,2025,安徽,本科批,物理类,（003）,,503,114928,
1167,重庆第二师范学院,2025,安徽,本科批,物理类,（001）,,512,117743,
1167,重庆第二师范学院,2025,安徽,本科批,物理类,,,522,101477,
1172,重庆工程学院,2025,安徽,本科批,物理类,（001）,,491,142426,
1174,重庆工商大学,2025,安徽,本科批,物理类,,,523,55106,
1174,重庆工商大学,2025,安徽,本科批,物理类,（004）,,552,55106,
1174,重庆工商大学,2025,安徽,本科批,物理类,（005）,,530,92565,
1187,重庆科技大学,2025,安徽,本科批,物理类,,,515,88917,
1189,重庆理工大学,2025,安徽,本科批,物理类,（001）,,557,58985,
1189,重庆理工大学,2025,安徽,本科批,物理类,,,554,33386,
1194,重庆人文科技学院,2025,安徽,本科批,物理类,（001）,,477,168871,
1194,重庆人文科技学院,2025,安徽,本科批,物理类,（002）,,482,151358,
1199,重庆师范大学,2025,安徽,本科批,物理类,（001）,,550,70614,
1199,重庆师范大学,2025,安徽,本科批,物理类,,,564,48779,
1206,重庆医科大学,2025,安徽,本科批,物理类,,,554,8795,
1208,重庆移通学院,2025,安徽,本科批,物理类,（001）,,491,148355,
1208,重庆移通学院,2025,安徽,本科批,物理类,（002）,,485,142426,
1213,重庆中医药学院,2025,安徽,本科批,物理类,（001）,,540,79575,
1213,重庆中医药学院,2025,安徽,本科批,物理类,,,525,90129,
1216,川北医学院,2025,安徽,本科批,物理类,（001）,,511,119110,
1216,川北医学院,2025,安徽,本科批,物理类,（002）,,559,61103,
1216,川北医学院,2025,安徽,本科批,物理类,（003）,,518,109427,
1217,大理大学,2025,安徽,本科批,物理类,（001）,,558,54204,
1221,大连东软信息学院,2025,安徽,本科批,物理类,,,450,192766,
1221,大连东软信息学院,2025,安徽,本科批,物理类,（003）,,450,189977,
1223,大连工业大学,2025,安徽,本科批,物理类,,,522,65228,
1224,大连海事大学,2025,安徽,本科批,物理类,,,587,27089,
1228,大连科技学院,2025,安徽,本科批,物理类,（001）,,469,176182,
1233,大连外国语大学,2025,安徽,本科批,物理类,,,518,72790,
1233,大连外国语大学,2025,安徽,本科批,物理类,（004）,,527,97676,
1234,大连医科大学,2025,安徽,本科批,物理类,（002）,,595,30543,
1234,大连医科大学,2025,安徽,本科批,物理类,,,539,12502,
1235,大连艺术学院,2025,安徽,本科批,物理类,（001）,,441,210729,
1235,大连艺术学院,2025,安徽,本科批,物理类,（002）,,443,207029,
1248,德州学院,2025,安徽,本科批,物理类,,,498,123337,
1250,滇池学院,2025,安徽,本科批,物理类,（001）,,476,170300,
1250,滇池学院,2025,安徽,本科批,物理类,（002）,,483,160272,
1256,东北电力大学,2025,安徽,本科批,物理类,,,543,66261,
1257,东北林业大学,2025,安徽,本科批,物理类,（003）,,586,34787,
1257,东北林业大学,2025,安徽,本科批,物理类,,,582,21994,
1257,东北林业大学,2025,安徽,本科批,物理类,（006）,,585,37839,
1259,东北师范大学,2025,安徽,本科批,物理类,,,557,27089,
1260,东北石油大学,2025,安徽,本科批,物理类,（001）,,535,81872,
1260,东北石油大学,2025,安徽,本科批,物理类,,,526,58985,
1264,东华理工大学,2025,安徽,本科批,物理类,（002）,,510,105379,
1264,东华理工大学,2025,安徽,本科批,物理类,（003）,,531,40231,
1270,对外经济贸易大学,2025,安徽,本科批,物理类,（003）,,630,9171,
1270,对外经济贸易大学,2025,安徽,本科批,物理类,（004）,,636,7739,
1273,防灾科技学院,2025,安徽,本科批,物理类,,,505,106696,
1274,佛山大学,2025,安徽,本科批,物理类,,,517,73825,
1274,佛山大学,2025,安徽,本科批,物理类,（003）,,522,100155,
1279,福建江夏学院,2025,安徽,本科批,物理类,（001）,,506,98913,
1279,福建江夏学院,2025,安徽,本科批,物理类,（002）,,516,92564,
1280,福建警察学院,2025,安徽,本科批,物理类,（001）,,516,100155,
1280,福建警察学院,2025,安徽,本科批,物理类,（002）,,522,104065,
1314,甘肃政法大学,2025,安徽,本科批,物理类,,,543,39448,
1314,甘肃政法大学,2025,安徽,本科批,物理类,（003）,,539,74955,
1317,赣南科技学院,2025,安徽,本科批,物理类,（001）,,510,119110,
1317,赣南科技学院,2025,安徽,本科批,物理类,（002）,,507,114928,
1318,赣南师范大学,2025,安徽,本科批,物理类,,,512,102791,
1318,赣南师范大学,2025,安徽,本科批,物理类,（008）,,523,92564,
1330,广东东软学院,2025,安徽,本科批,物理类,（001）,,446,194128,
1334,广东工业大学,2025,安徽,本科批,物理类,,,564,37839,
1334,广东工业大学,2025,安徽,本科批,物理类,（008）,,601,19065,
1352,广东石油化工学院,2025,安徽,本科批,物理类,（001）,,518,109427,
1352,广东石油化工学院,2025,安徽,本科批,物理类,,,517,85340,
1362,广东药科大学,2025,安徽,本科批,物理类,（001）,,521,100155,
1362,广东药科大学,2025,安徽,本科批,物理类,,,521,85340,
1371,广西大学,2025,安徽,本科批,物理类,（002）,,582,35532,
1371,广西大学,2025,安徽,本科批,物理类,（003）,,603,21398,
1371,广西大学,2025,安徽,本科批,物理类,（004）,,595,29819,
1379,广西科技大学,2025,安徽,本科批,物理类,（001）,,515,105379,
1379,广西科技大学,2025,安徽,本科批,物理类,,,507,86496,
1385,广西师范大学,2025,安徽,本科批,物理类,（001）,,511,93829,
1385,广西师范大学,2025,安徽,本科批,物理类,（002）,,531,64218,
1385,广西师范大学,2025,安徽,本科批,物理类,（004）,,543,73825,
1385,广西师范大学,2025,安徽,本科批,物理类,（003）,,537,85340,
1390,广西医科大学,2025,安徽,本科批,物理类,（001）,,507,120475,
1390,广西医科大学,2025,安徽,本科批,物理类,（002）,,518,105379,
1391,广西艺术学院,2025,安徽,本科批,物理类,（001）,,486,110771,
1417,广州软件学院,2025,安徽,本科批,物理类,,,456,148355,
1424,广州医科大学,2025,安徽,本科批,物理类,（003）,,575,46234,
1424,广州医科大学,2025,安徽,本科批,物理类,,,564,12024,
1430,贵州财经大学,2025,安徽,本科批,物理类,,,505,86496,
1433,贵州大学,2025,安徽,本科批,物理类,,,515,37046,
1441,贵州理工学院,2025,安徽,本科批,物理类,,,499,104065,
1455,桂林电子科技大学,2025,安徽,本科批,物理类,（001）,,528,81872,
1455,桂林电子科技大学,2025,安徽,本科批,物理类,,,551,27089,
1456,桂林航天工业学院,2025,安徽,本科批,物理类,（001）,,504,97676,
1456,桂林航天工业学院,2025,安徽,本科批,物理类,,,510,97676,
1457,桂林理工大学,2025,安徽,本科批,物理类,（001）,,514,102791,
1457,桂林理工大学,2025,安徽,本科批,物理类,,,519,76096,
1457,桂林理工大学,2025,安徽,本科批,物理类,（004）,,543,78451,
1462,桂林学院,2025,安徽,本科批,物理类,（001）,,472,171778,
1462,桂林学院,2025,安徽,本科批,物理类,（002）,,477,166052,
1463,桂林医科大学,2025,安徽,本科批,物理类,（001）,,479,166052,
1463,桂林医科大学,2025,安徽,本科批,物理类,,,477,56996,
1477,哈尔滨理工大学,2025,安徽,本科批,物理类,（001）,,548,66261,
1477,哈尔滨理工大学,2025,安徽,本科批,物理类,（002）,,571,29819,
1478,哈尔滨商业大学,2025,安徽,本科批,物理类,,,508,96333,
1479,哈尔滨师范大学,2025,安徽,本科批,物理类,,,505,116353,
1479,哈尔滨师范大学,2025,安徽,本科批,物理类,（005）,,539,83017,
1483,哈尔滨学院,2025,安徽,本科批,物理类,（001）,,500,116353,
1483,哈尔滨学院,2025,安徽,本科批,物理类,（002）,,492,116353,
1483,哈尔滨学院,2025,安徽,本科批,物理类,（003）,,512,117743,
1484,哈尔滨医科大学,2025,安徽,本科批,物理类,（001）,,588,35532,
1484,哈尔滨医科大学,2025,安徽,本科批,物理类,,,541,18507,
1484,哈尔滨医科大学,2025,安徽,本科批,物理类,（006）,,567,53330,
1491,海南大学,2025,安徽,本科批,物理类,,,533,29819,
1491,海南大学,2025,安徽,本科批,物理类,（007）,,588,36298,
1491,海南大学,2025,安徽,本科批,物理类,（008）,,572,49685,
1497,海南热带海洋学院,2025,安徽,本科批,物理类,,,478,126302,
1497,海南热带海洋学院,2025,安徽,本科批,物理类,（004）,,489,124829,
1499,海南师范大学,2025,安徽,本科批,物理类,,,512,95066,
1499,海南师范大学,2025,安徽,本科批,物理类,（005）,,501,100155,
1499,海南师范大学,2025,安徽,本科批,物理类,（006）,,537,79575,
1502,海南医科大学,2025,安徽,本科批,物理类,（001）,,537,84178,
1502,海南医科大学,2025,安徽,本科批,物理类,,,458,71693,
1509,汉江师范学院,2025,安徽,本科批,物理类,（001）,,520,106696,
1514,杭州师范大学,2025,安徽,本科批,物理类,（001）,,578,37046,
1514,杭州师范大学,2025,安徽,本科批,物理类,,,537,28440,
1516,杭州医学院,2025,安徽,本科批,物理类,（001）,,563,49685,
1522,河北北方学院,2025,安徽,本科批,物理类,,,514,69512,
1523,河北传媒学院,2025,安徽,本科批,物理类,（001）,,466,173255,
1523,河北传媒学院,2025,安徽,本科批,物理类,（002）,,476,167466,
1524,河北大学,2025,安徽,本科批,物理类,（001）,,551,62125,
1524,河北大学,2025,安徽,本科批,物理类,,,558,31970,
1528,河北工程大学,2025,安徽,本科批,物理类,,,526,83017,
1528,河北工程大学,2025,安徽,本科批,物理类,（006）,,518,104065,
1536,河北环境工程学院,2025,安徽,本科批,物理类,（001）,,491,148355,
1536,河北环境工程学院,2025,安徽,本科批,物理类,（002）,,490,148355,
1536,河北环境工程学院,2025,安徽,本科批,物理类,（003）,,489,151358,
1539,河北建筑工程学院,2025,安徽,本科批,物理类,,,495,132119,
1539,河北建筑工程学院,2025,安徽,本科批,物理类,（003）,,493,130632,
1541,河北金融学院,2025,安徽,本科批,物理类,,,499,106696,
1541,河北金融学院,2025,安徽,本科批,物理类,（004）,,500,127752,
1543,河北科技大学,2025,安徽,本科批,物理类,（001）,,503,130632,
1543,河北科技大学,2025,安徽,本科批,物理类,,,520,66261,
1544,河北科技工程职业技术大学,2025,安徽,本科批,物理类,（001）,,510,97676,
1544,河北科技工程职业技术大学,2025,安徽,本科批,物理类,（002）,,492,146903,
1545,河北科技师范学院,2025,安徽,本科批,物理类,（001）,,492,143937,
1545,河北科技师范学院,2025,安徽,本科批,物理类,（002）,,495,136506,
1553,河北师范大学,2025,安徽,本科批,物理类,,,491,73825,
1555,河北水利电力学院,2025,安徽,本科批,物理类,（001）,,499,136506,
1555,河北水利电力学院,2025,安徽,本科批,物理类,（002）,,502,129182,
1558,河北医科大学,2025,安徽,本科批,物理类,（001）,,542,68456,
1558,河北医科大学,2025,安徽,本科批,物理类,（002）,,541,56996,
1560,河北中医药大学,2025,安徽,本科批,物理类,（001）,,543,78451,
1560,河北中医药大学,2025,安徽,本科批,物理类,（002）,,518,97676,
1560,河北中医药大学,2025,安徽,本科批,物理类,（003）,,517,109427,
1563,河南财经政法大学,2025,安徽,本科批,物理类,（001）,,551,52416,
1563,河南财经政法大学,2025,安徽,本科批,物理类,,,555,61103,
1567,河南大学,2025,安徽,本科批,物理类,,,524,36298,
1567,河南大学,2025,安徽,本科批,物理类,（008）,,591,33386,
1569,河南工程学院,2025,安徽,本科批,物理类,（001）,,512,114928,
1569,河南工程学院,2025,安徽,本科批,物理类,,,507,95066,
1569,河南工程学院,2025,安徽,本科批,物理类,（004）,,503,119110,
1570,河南工学院,2025,安徽,本科批,物理类,（001）,,512,113545,
1578,河南科技学院,2025,安徽,本科批,物理类,（001）,,500,132119,
1578,河南科技学院,2025,安徽,本科批,物理类,（002）,,497,110771,
1579,河南理工大学,2025,安徽,本科批,物理类,（001）,,534,84178,
1579,河南理工大学,2025,安徽,本科批,物理类,,,528,50653,
1584,河南师范大学,2025,安徽,本科批,物理类,（001）,,473,167466,
1584,河南师范大学,2025,安徽,本科批,物理类,（002）,,527,63155,
1597,贺州学院,2025,安徽,本科批,物理类,（001）,,492,139469,
1600,黑河学院,2025,安徽,本科批,物理类,,,490,148355,
1600,黑河学院,2025,安徽,本科批,物理类,（003）,,498,132119,
1601,黑龙江八一农垦大学,2025,安徽,本科批,物理类,（001）,,497,132119,
1601,黑龙江八一农垦大学,2025,安徽,本科批,物理类,,,494,98913,
1604,黑龙江大学,2025,安徽,本科批,物理类,（003）,,560,60032,
1604,黑龙江大学,2025,安徽,本科批,物理类,（004）,,551,49685,
1607,黑龙江工业学院,2025,安徽,本科批,物理类,（001）,,489,151358,
1607,黑龙江工业学院,2025,安徽,本科批,物理类,（002）,,489,148355,
1611,黑龙江科技大学,2025,安徽,本科批,物理类,（001）,,522,100155,
1611,黑龙江科技大学,2025,安徽,本科批,物理类,（002）,,528,79575,
1627,黑龙江中医药大学,2025,安徽,本科批,物理类,,,503,66261,
1627,黑龙江中医药大学,2025,安徽,本科批,物理类,（003）,,506,114928,
1634,湖北大学,2025,安徽,本科批,物理类,（001）,,586,34787,
1634,湖北大学,2025,安徽,本科批,物理类,,,584,29819,
1635,湖北第二师范学院,2025,安徽,本科批,物理类,（001）,,512,110771,
1635,湖北第二师范学院,2025,安徽,本科批,物理类,（002）,,516,96333,
1649,湖北理工学院,2025,安徽,本科批,物理类,（001）,,520,106696,
1649,湖北理工学院,2025,安徽,本科批,物理类,（002）,,527,87721,
1651,湖北民族大学,2025,安徽,本科批,物理类,（001）,,528,96333,
1651,湖北民族大学,2025,安徽,本科批,物理类,,,511,92564,
1651,湖北民族大学,2025,安徽,本科批,物理类,（005）,,522,104065,
1651,湖北民族大学,2025,安徽,本科批,物理类,（004）,,517,110771,
1652,湖北汽车工业学院,2025,安徽,本科批,物理类,（001）,,518,109427,
1652,湖北汽车工业学院,2025,安徽,本科批,物理类,（002）,,529,80751,
1658,湖北师范大学,2025,安徽,本科批,物理类,（001）,,531,87721,
1658,湖北师范大学,2025,安徽,本科批,物理类,（002）,,541,69512,
1662,湖北文理学院,2025,安徽,本科批,物理类,（001）,,511,119110,
1662,湖北文理学院,2025,安徽,本科批,物理类,（002）,,511,108036,
1663,湖北医药学院,2025,安徽,本科批,物理类,（001）,,512,66261,
1683,湖南工业大学,2025,安徽,本科批,物理类,,,534,72790,
1692,湖南科技学院,2025,安徽,本科批,物理类,（001）,,507,121838,
1699,湖南人文科技学院,2025,安徽,本科批,物理类,（001）,,487,154269,
1719,湖州师范学院,2025,安徽,本科批,物理类,（001）,,530,93829,
1719,湖州师范学院,2025,安徽,本科批,物理类,（002）,,528,69512,
1720,湖州学院,2025,安徽,本科批,物理类,（001）,,534,86496,
1726,华北水利水电大学,2025,安徽,本科批,物理类,（001）,,537,56996,
1726,华北水利水电大学,2025,安徽,本科批,物理类,,,508,47082,
1728,华东理工大学,2025,安徽,本科批,物理类,（004）,,631,10374,
1728,华东理工大学,2025,安徽,本科批,物理类,（005）,,625,6073,
1729,华东师范大学,2025,安徽,本科批,物理类,（005）,,645,4395,
1729,华东师范大学,2025,安徽,本科批,物理类,（006）,,650,2673,
1732,华南农业大学,2025,安徽,本科批,物理类,（001）,,586,34087,
1732,华南农业大学,2025,安徽,本科批,物理类,（002）,,580,25101,
1734,华侨大学,2025,安徽,本科批,物理类,,,533,49685,
1737,华中师范大学,2025,安徽,本科批,物理类,（009）,,604,20184,
1737,华中师范大学,2025,安徽,本科批,物理类,,,624,8426,
1738,怀化学院,2025,安徽,本科批,物理类,（001）,,509,116353,
1740,淮阴师范学院,2025,安徽,本科批,物理类,（001）,,512,114928,
1755,吉林大学,2025,安徽,本科批,物理类,（005）,,628,9966,
1755,吉林大学,2025,安徽,本科批,物理类,,,624,2844,
1757,吉林动画学院,2025,安徽,本科批,物理类,（001）,,461,191416,
1757,吉林动画学院,2025,安徽,本科批,物理类,（002）,,461,191416,
1758,吉林工程技术师范学院,2025,安徽,本科批,物理类,,,489,149816,
1761,吉林化工大学,2025,安徽,本科批,物理类,（001）,,502,119110,
1761,吉林化工大学,2025,安徽,本科批,物理类,,,489,98913,
1762,吉林建筑大学,2025,安徽,本科批,物理类,,,491,112140,
1765,吉林警察学院,2025,安徽,本科批,物理类,（001）,,519,98913,
1766,吉林农业大学,2025,安徽,本科批,物理类,（002）,,512,104065,
1766,吉林农业大学,2025,安徽,本科批,物理类,（003）,,521,93829,
1766,吉林农业大学,2025,安徽,本科批,物理类,,,488,78451,
1766,吉林农业大学,2025,安徽,本科批,物理类,（006）,,509,121838,
1773,吉林外国语大学,2025,安徽,本科批,物理类,（001）,,474,163201,
1773,吉林外国语大学,2025,安徽,本科批,物理类,（002）,,478,161733,
1774,吉林医药学院,2025,安徽,本科批,物理类,（001）,,506,126302,
1774,吉林医药学院,2025,安徽,本科批,物理类,（002）,,502,126302,
1774,吉林医药学院,2025,安徽,本科批,物理类,,,488,124829,
1778,济南大学,2025,安徽,本科批,物理类,,,553,41062,
1778,济南大学,2025,安徽,本科批,物理类,（004）,,565,32674,
1778,济南大学,2025,安徽,本科批,物理类,（005）,,561,58985,
1782,济宁学院,2025,安徽,本科批,物理类,（001）,,498,135050,
1789,佳木斯大学,2025,安徽,本科批,物理类,,,492,140985,
1789,佳木斯大学,2025,安徽,本科批,物理类,（007）,,498,137898,
1789,佳木斯大学,2025,安徽,本科批,物理类,（006）,,502,132119,
1791,嘉兴大学,2025,安徽,本科批,物理类,（001）,,540,78451,
1791,嘉兴大学,2025,安徽,本科批,物理类,,,533,51534,
1801,江南大学,2025,安徽,本科批,物理类,,,595,16858,
1808,江苏大学,2025,安徽,本科批,物理类,（002）,,596,28440,
1808,江苏大学,2025,安徽,本科批,物理类,（003）,,593,23250,
1809,江苏第二师范学院,2025,安徽,本科批,物理类,（001）,,534,84178,
1819,江苏科技大学,2025,安徽,本科批,物理类,（002）,,587,34087,
1819,江苏科技大学,2025,安徽,本科批,物理类,（003）,,578,21994,
1825,江苏师范大学,2025,安徽,本科批,物理类,（001）,,575,43621,
1825,江苏师范大学,2025,安徽,本科批,物理类,（002）,,581,37839,
1834,江西飞行学院,2025,安徽,本科批,物理类,（001）,,498,112140,
1834,江西飞行学院,2025,安徽,本科批,物理类,（002）,,520,88917,
1854,江西理工大学,2025,安徽,本科批,物理类,（001）,,528,68456,
1854,江西理工大学,2025,安徽,本科批,物理类,,,546,33386,
1854,江西理工大学,2025,安徽,本科批,物理类,（005）,,569,51534,
1856,江西农业大学,2025,安徽,本科批,物理类,,,528,83017,
1856,江西农业大学,2025,安徽,本科批,物理类,（007）,,557,63155,
1887,金陵科技学院,2025,安徽,本科批,物理类,（001）,,530,77227,
1887,金陵科技学院,2025,安徽,本科批,物理类,（002）,,541,68456,
1902,九江学院,2025,安徽,本科批,物理类,（001）,,504,120475,
1906,喀什大学,2025,安徽,本科批,物理类,（001）,,488,130632,
1906,喀什大学,2025,安徽,本科批,物理类,（003）,,489,126302,
1906,喀什大学,2025,安徽,本科批,物理类,（004）,,489,151358,
1916,昆明理工大学,2025,安徽,本科批,物理类,（002）,,548,57983,
1916,昆明理工大学,2025,安徽,本科批,物理类,（003）,,572,35532,
1916,昆明理工大学,2025,安徽,本科批,物理类,（004）,,574,38612,
1916,昆明理工大学,2025,安徽,本科批,物理类,（005）,,568,52416,
1919,昆明学院,2025,安徽,本科批,物理类,（001）,,520,106696,
1919,昆明学院,2025,安徽,本科批,物理类,（002）,,506,109427,
1919,昆明学院,2025,安徽,本科批,物理类,（003）,,512,117743,
1921,昆明医科大学,2025,安徽,本科批,物理类,,,505,39448,
1930,兰州财经大学,2025,安徽,本科批,物理类,,,516,102791,
1930,兰州财经大学,2025,安徽,本科批,物理类,（003）,,523,95066,
1932,兰州大学,2025,安徽,本科批,物理类,（005）,,612,13374,
1932,兰州大学,2025,安徽,本科批,物理类,,,619,6707,
1941,兰州资源环境职业技术大学,2025,安徽,本科批,物理类,（002）,,495,142426,
1942,廊坊师范学院,2025,安徽,本科批,物理类,（001）,,494,143937,
1942,廊坊师范学院,2025,安徽,本科批,物理类,（002）,,491,145426,
1942,廊坊师范学院,2025,安徽,本科批,物理类,（003）,,511,119110,
1949,连云港师范学院,2025,安徽,本科批,物理类,（001）,,512,117743,
1951,辽东学院,2025,安徽,本科批,物理类,,,489,148355,
1951,辽东学院,2025,安徽,本科批,物理类,（004）,,490,146903,
1959,辽宁工业大学,2025,安徽,本科批,物理类,（001）,,516,108036,
1959,辽宁工业大学,2025,安徽,本科批,物理类,,,494,76096,
1968,辽宁科技学院,2025,安徽,本科批,物理类,（001）,,496,132119,
1976,辽宁师范大学,2025,安徽,本科批,物理类,,,497,87721,
1976,辽宁师范大学,2025,安徽,本科批,物理类,（005）,,542,71693,
1978,辽宁石油化工大学,2025,安徽,本科批,物理类,（002）,,521,104065,
1978,辽宁石油化工大学,2025,安徽,本科批,物理类,（003）,,522,47939,
1985,辽宁中医药大学,2025,安徽,本科批,物理类,,,505,86496,
1989,聊城大学,2025,安徽,本科批,物理类,（001）,,510,120475,
1989,聊城大学,2025,安徽,本科批,物理类,,,467,80751,
1989,聊城大学,2025,安徽,本科批,物理类,（006）,,515,113545,
1992,临沂大学,2025,安徽,本科批,物理类,（001）,,531,92564,
1992,临沂大学,2025,安徽,本科批,物理类,（003）,,531,83017,
1999,六盘水师范学院,2025,安徽,本科批,物理类,,,496,126302,
2001,龙岩学院,2025,安徽,本科批,物理类,（001）,,493,135050,
2001,龙岩学院,2025,安徽,本科批,物理类,（002）,,496,120475,
2006,鲁东大学,2025,安徽,本科批,物理类,（001）,,511,116353,
2006,鲁东大学,2025,安徽,本科批,物理类,,,486,85340,
2015,吕梁学院,2025,安徽,本科批,物理类,,,491,133575,
2015,吕梁学院,2025,安徽,本科批,物理类,（004）,,492,139469,
2015,吕梁学院,2025,安徽,本科批,物理类,（005）,,490,149816,
2017,茅台学院,2025,安徽,本科批,物理类,（001）,,490,149816,
2017,茅台学院,2025,安徽,本科批,物理类,,,488,140985,
2022,绵阳师范学院,2025,安徽,本科批,物理类,（001）,,498,137898,
2022,绵阳师范学院,2025,安徽,本科批,物理类,（002）,,507,121838,
2022,绵阳师范学院,2025,安徽,本科批,物理类,（003）,,493,145426,
2034,牡丹江师范学院,2025,安徽,本科批,物理类,（001）,,489,119110,
2034,牡丹江师范学院,2025,安徽,本科批,物理类,（002）,,489,149816,
2034,牡丹江师范学院,2025,安徽,本科批,物理类,（003）,,493,145426,
2035,牡丹江医科大学,2025,安徽,本科批,物理类,,,499,80751,
2037,江西水利电力大学,2025,安徽,本科批,物理类,（003）,,521,95136,
2037,江西水利电力大学,2025,安徽,本科批,物理类,,,526,62450,
2037,江西水利电力大学,2025,安徽,本科批,物理类,（006）,,512,116504,
2039,南昌航空大学,2025,安徽,本科批,物理类,（001）,,550,67357,
2039,南昌航空大学,2025,安徽,本科批,物理类,,,570,29144,
2041,南昌交通学院,2025,安徽,本科批,物理类,（001）,,479,157276,
2041,南昌交通学院,2025,安徽,本科批,物理类,（002）,,480,151358,
2044,南昌医学院,2025,安徽,本科批,物理类,,,520,45303,
2052,南方医科大学,2025,安徽,本科批,物理类,（001）,,596,6707,
2053,南华大学,2025,安徽,本科批,物理类,（001）,,522,76096,
2053,南华大学,2025,安徽,本科批,物理类,（002）,,546,27089,
2056,南京传媒学院,2025,安徽,本科批,物理类,（001）,,476,155807,
2056,南京传媒学院,2025,安徽,本科批,物理类,（002）,,499,116353,
2059,南京工程学院,2025,安徽,本科批,物理类,（001）,,590,33386,
2059,南京工程学院,2025,安徽,本科批,物理类,,,524,21398,
2060,南京工业大学,2025,安徽,本科批,物理类,（002）,,597,29144,
2060,南京工业大学,2025,安徽,本科批,物理类,,,583,23250,
2067,南京理工大学,2025,安徽,本科批,物理类,（005）,,638,4395,
2072,南京师范大学,2025,安徽,本科批,物理类,（006）,,607,8795,
2072,南京师范大学,2025,安徽,本科批,物理类,,,612,8795,
2074,南京特殊教育师范学院,2025,安徽,本科批,物理类,,,507,86496,
2074,南京特殊教育师范学院,2025,安徽,本科批,物理类,（003）,,508,113545,
2075,南京体育学院,2025,安徽,本科批,物理类,（001）,,526,98913,
2075,南京体育学院,2025,安徽,本科批,物理类,（002）,,523,101477,
2078,南京信息工程大学,2025,安徽,本科批,物理类,（002）,,606,23250,
2078,南京信息工程大学,2025,安徽,本科批,物理类,,,589,13374,
2082,南京邮电大学,2025,安徽,本科批,物理类,（002）,,620,9531,
2101,内蒙古财经大学,2025,安徽,本科批,物理类,,,502,121838,
2101,内蒙古财经大学,2025,安徽,本科批,物理类,（003）,,508,117743,
2102,内蒙古大学,2025,安徽,本科批,物理类,,,581,28440,
2104,内蒙古工业大学,2025,安徽,本科批,物理类,,,484,145426,
2104,内蒙古工业大学,2025,安徽,本科批,物理类,（003）,,501,97676,
2116,宁波大学,2025,安徽,本科批,物理类,,,594,24503,
2116,宁波大学,2025,安徽,本科批,物理类,（006）,,600,21398,
2116,宁波大学,2025,安徽,本科批,物理类,（007）,,564,56027,
2117,宁波工程学院,2025,安徽,本科批,物理类,（001）,,530,93829,
2117,宁波工程学院,2025,安徽,本科批,物理类,,,521,76096,
2124,宁夏大学,2025,安徽,本科批,物理类,（001）,,575,46234,
2124,宁夏大学,2025,安徽,本科批,物理类,,,566,26393,
2124,宁夏大学,2025,安徽,本科批,物理类,（006）,,577,41062,
2125,宁夏理工学院,2025,安徽,本科批,物理类,（001）,,476,170300,
2125,宁夏理工学院,2025,安徽,本科批,物理类,（002）,,461,167466,
2126,宁夏师范大学,2025,安徽,本科批,物理类,（001）,,493,121838,
2126,宁夏师范大学,2025,安徽,本科批,物理类,,,508,109427,
2128,宁夏医科大学,2025,安徽,本科批,物理类,（001）,,565,55105,
2128,宁夏医科大学,2025,安徽,本科批,物理类,,,505,42731,
2128,宁夏医科大学,2025,安徽,本科批,物理类,（006）,,505,127752,
2131,攀枝花学院,2025,安徽,本科批,物理类,（001）,,497,139469,
2131,攀枝花学院,2025,安徽,本科批,物理类,（002）,,551,69512,
2134,平顶山学院,2025,安徽,本科批,物理类,（001）,,495,137898,
2134,平顶山学院,2025,安徽,本科批,物理类,（002）,,495,140985,
2145,齐鲁医药学院,2025,安徽,本科批,物理类,,,483,157276,
2145,齐鲁医药学院,2025,安徽,本科批,物理类,（003）,,484,101477,
2146,齐齐哈尔大学,2025,安徽,本科批,物理类,（001）,,503,113545,
2148,齐齐哈尔工程学院,2025,安徽,本科批,物理类,（001）,,447,188658,
2148,齐齐哈尔工程学院,2025,安徽,本科批,物理类,（002）,,461,191416,
2158,青岛大学,2025,安徽,本科批,物理类,（001）,,584,37839,
2158,青岛大学,2025,安徽,本科批,物理类,,,581,24503,
2158,青岛大学,2025,安徽,本科批,物理类,（004）,,581,41062,
2165,青岛科技大学,2025,安徽,本科批,物理类,,,523,37839,
2166,青岛理工大学,2025,安徽,本科批,物理类,,,509,52416,
2167,青岛农业大学,2025,安徽,本科批,物理类,（001）,,518,97676,
2170,青海大学,2025,安徽,本科批,物理类,,,572,37046,
2170,青海大学,2025,安徽,本科批,物理类,（004）,,574,26393,
2170,青海大学,2025,安徽,本科批,物理类,（005）,,558,37046,
2178,琼台师范学院,2025,安徽,本科批,物理类,,,473,140985,
2178,琼台师范学院,2025,安徽,本科批,物理类,（004）,,490,139469,
2179,曲阜师范大学,2025,安徽,本科批,物理类,（001）,,526,92564,
2179,曲阜师范大学,2025,安徽,本科批,物理类,（002）,,543,57983,
2179,曲阜师范大学,2025,安徽,本科批,物理类,（003）,,556,64218,
2183,衢州学院,2025,安徽,本科批,物理类,（001）,,520,97676,
2201,三明学院,2025,安徽,本科批,物理类,（001）,,493,133575,
2201,三明学院,2025,安徽,本科批,物理类,（002）,,512,106696,
2213,山东财经大学,2025,安徽,本科批,物理类,,,551,41859,
2213,山东财经大学,2025,安徽,本科批,物理类,（003）,,572,45303,
2217,山东大学,2025,安徽,本科批,物理类,,,637,3461,
2217,山东大学,2025,安徽,本科批,物理类,（007）,,645,3270,
2218,山东大学（威海）,2025,安徽,本科批,物理类,（003）,,632,9966,
2218,山东大学（威海）,2025,安徽,本科批,物理类,（004）,,638,6073,
2219,山东第二医科大学,2025,安徽,本科批,物理类,（001）,,530,93829,
2219,山东第二医科大学,2025,安徽,本科批,物理类,（002）,,527,62125,
2220,山东第一医科大学,2025,安徽,本科批,物理类,（001）,,521,105379,
2220,山东第一医科大学,2025,安徽,本科批,物理类,,,520,28440,
2223,山东工商学院,2025,安徽,本科批,物理类,,,490,83017,
2223,山东工商学院,2025,安徽,本科批,物理类,（004）,,518,88917,
2225,山东工艺美术学院,2025,安徽,本科批,物理类,,,489,149816,
2225,山东工艺美术学院,2025,安徽,本科批,物理类,（003）,,494,130632,
2228,山东航空学院,2025,安徽,本科批,物理类,（001）,,530,93829,
2228,山东航空学院,2025,安徽,本科批,物理类,,,504,84178,
2232,山东交通学院,2025,安徽,本科批,物理类,（002）,,522,104065,
2232,山东交通学院,2025,安徽,本科批,物理类,,,469,81872,
2235,山东科技大学,2025,安徽,本科批,物理类,,,526,47082,
2235,山东科技大学,2025,安徽,本科批,物理类,（005）,,589,34787,
2238,山东理工大学,2025,安徽,本科批,物理类,（001）,,550,70614,
2238,山东理工大学,2025,安徽,本科批,物理类,（002）,,542,63155,
2243,山东农业大学,2025,安徽,本科批,物理类,（001）,,531,65227,
2244,山东农业工程学院,2025,安徽,本科批,物理类,（001）,,503,120475,
2245,山东女子学院,2025,安徽,本科批,物理类,,,493,117743,
2251,山东师范大学,2025,安徽,本科批,物理类,（004）,,545,47082,
2251,山东师范大学,2025,安徽,本科批,物理类,（006）,,559,39448,
2251,山东师范大学,2025,安徽,本科批,物理类,（007）,,570,50653,
2252,山东石油化工学院,2025,安徽,本科批,物理类,（001）,,513,112140,
2268,山东政法学院,2025,安徽,本科批,物理类,（001）,,562,40231,
2268,山东政法学院,2025,安徽,本科批,物理类,（002）,,536,84178,
2276,山西工程技术学院,2025,安徽,本科批,物理类,（001）,,490,142426,
2276,山西工程技术学院,2025,安徽,本科批,物理类,（002）,,496,104065,
2276,山西工程技术学院,2025,安徽,本科批,物理类,（003）,,525,100155,
2277,山西工程科技职业大学,2025,安徽,本科批,物理类,（001）,,489,151358,
2281,山西科技学院,2025,安徽,本科批,物理类,（001）,,506,119110,
2281,山西科技学院,2025,安徽,本科批,物理类,（002）,,518,98913,
2283,山西农业大学,2025,安徽,本科批,物理类,（001）,,510,117743,
2283,山西农业大学,2025,安徽,本科批,物理类,（002）,,512,96333,
2283,山西农业大学,2025,安徽,本科批,物理类,,,508,101477,
2285,山西师范大学,2025,安徽,本科批,物理类,（001）,,526,84178,
2285,山西师范大学,2025,安徽,本科批,物理类,（002）,,522,90129,
2285,山西师范大学,2025,安徽,本科批,物理类,（003）,,532,85340,
2289,山西医科大学,2025,安徽,本科批,物理类,,,519,87721,
2289,山西医科大学,2025,安徽,本科批,物理类,（003）,,520,90129,
2289,山西医科大学,2025,安徽,本科批,物理类,（006）,,529,95066,
2303,陕西理工大学,2025,安徽,本科批,物理类,（001）,,529,88917,
2303,陕西理工大学,2025,安徽,本科批,物理类,（002）,,535,77227,
2303,陕西理工大学,2025,安徽,本科批,物理类,（004）,,533,90129,
2303,陕西理工大学,2025,安徽,本科批,物理类,（003）,,526,98913,
2308,陕西学前师范学院,2025,安徽,本科批,物理类,（001）,,504,129182,
2308,陕西学前师范学院,2025,安徽,本科批,物理类,（002）,,494,137898,
2316,商丘工学院,2025,安徽,本科批,物理类,（001）,,477,166052,
2321,上海财经大学,2025,安徽,本科批,物理类,（005）,,636,3917,
2321,上海财经大学,2025,安徽,本科批,物理类,（006）,,640,6073,
2325,上海第二工业大学,2025,安徽,本科批,物理类,（001）,,557,57983,
2325,上海第二工业大学,2025,安徽,本科批,物理类,,,546,47082,
2331,上海对外经贸大学,2025,安徽,本科批,物理类,,,563,25742,
2337,上海海事大学,2025,安徽,本科批,物理类,（002）,,592,26393,
2337,上海海事大学,2025,安徽,本科批,物理类,（003）,,593,27089,
2338,上海海洋大学,2025,安徽,本科批,物理类,（002）,,587,28440,
2342,上海健康医学院,2025,安徽,本科批,物理类,（001）,,527,97676,
2342,上海健康医学院,2025,安徽,本科批,物理类,,,521,87721,
2349,上海理工大学,2025,安徽,本科批,物理类,（002）,,598,27826,
2349,上海理工大学,2025,安徽,本科批,物理类,,,601,21994,
2351,上海立信会计金融学院,2025,安徽,本科批,物理类,,,536,51534,
2351,上海立信会计金融学院,2025,安徽,本科批,物理类,（004）,,545,68456,
2360,上海杉达学院,2025,安徽,本科批,物理类,,,471,132119,
2360,上海杉达学院,2025,安徽,本科批,物理类,（003）,,454,177597,
2361,上海商学院,2025,安徽,本科批,物理类,,,506,57983,
2361,上海商学院,2025,安徽,本科批,物理类,（003）,,548,66261,
2362,上海师范大学,2025,安徽,本科批,物理类,（001）,,575,43621,
2362,上海师范大学,2025,安徽,本科批,物理类,,,561,31261,
2362,上海师范大学,2025,安徽,本科批,物理类,（004）,,571,48779,
2365,上海体育大学,2025,安徽,本科批,物理类,（001）,,571,49685,
2365,上海体育大学,2025,安徽,本科批,物理类,,,555,38612,
2374,上海政法学院,2025,安徽,本科批,物理类,,,549,23894,
2376,上海中医药大学,2025,安徽,本科批,物理类,（003）,,583,39448,
2376,上海中医药大学,2025,安徽,本科批,物理类,,,583,19065,
2383,绍兴文理学院,2025,安徽,本科批,物理类,（001）,,529,85340,
2386,深圳大学,2025,安徽,本科批,物理类,,,598,16858,
2386,深圳大学,2025,安徽,本科批,物理类,（003）,,616,4150,
2386,深圳大学,2025,安徽,本科批,物理类,（004）,,605,23251,
2387,深圳技术大学,2025,安徽,本科批,物理类,,,597,16363,
2393,沈阳大学,2025,安徽,本科批,物理类,（001）,,519,97676,
2393,沈阳大学,2025,安徽,本科批,物理类,,,510,84178,
2393,沈阳大学,2025,安徽,本科批,物理类,（004）,,516,112140,
2397,沈阳航空航天大学,2025,安徽,本科批,物理类,（002）,,538,84178,
2397,沈阳航空航天大学,2025,安徽,本科批,物理类,,,568,28440,
2398,沈阳化工大学,2025,安徽,本科批,物理类,（001）,,511,105379,
2398,沈阳化工大学,2025,安徽,本科批,物理类,（002）,,526,71693,
2399,沈阳建筑大学,2025,安徽,本科批,物理类,,,508,84178,
2401,沈阳理工大学,2025,安徽,本科批,物理类,,,511,29144,
2402,沈阳农业大学,2025,安徽,本科批,物理类,（002）,,520,91376,
2402,沈阳农业大学,2025,安徽,本科批,物理类,（003）,,522,62125,
2402,沈阳农业大学,2025,安徽,本科批,物理类,（005）,,513,116353,
2403,沈阳师范大学,2025,安徽,本科批,物理类,,,507,117743,
2409,石河子大学,2025,安徽,本科批,物理类,（003）,,551,56996,
2409,石河子大学,2025,安徽,本科批,物理类,,,555,27826,
2413,石家庄铁道大学,2025,安徽,本科批,物理类,,,538,70614,
2421,首都经济贸易大学,2025,安徽,本科批,物理类,（002）,,594,27826,
2421,首都经济贸易大学,2025,安徽,本科批,物理类,,,577,27826,
2424,首都医科大学,2025,安徽,本科批,物理类,,,594,2501,
2443,四川旅游学院,2025,安徽,本科批,物理类,（001）,,501,130632,
2443,四川旅游学院,2025,安徽,本科批,物理类,,,483,143937,
2449,四川师范大学,2025,安徽,本科批,物理类,（001）,,550,50653,
2449,四川师范大学,2025,安徽,本科批,物理类,,,567,42731,
2449,四川师范大学,2025,安徽,本科批,物理类,（004）,,550,65227,
2449,四川师范大学,2025,安徽,本科批,物理类,（005）,,553,61103,
2453,四川外国语大学,2025,安徽,本科批,物理类,,,526,43622,
2453,四川外国语大学,2025,安徽,本科批,物理类,（005）,,559,60033,
2457,四川文理学院,2025,安徽,本科批,物理类,（001）,,503,130632,
2457,四川文理学院,2025,安徽,本科批,物理类,（002）,,499,135050,
2467,苏州城市学院,2025,安徽,本科批,物理类,（001）,,549,68456,
2470,苏州工学院,2025,安徽,本科批,物理类,（001）,,530,91376,
2470,苏州工学院,2025,安徽,本科批,物理类,,,533,67357,
2477,苏州科技大学,2025,安徽,本科批,物理类,,,541,43621,
2482,宿迁学院,2025,安徽,本科批,物理类,（001）,,517,110771,
2482,宿迁学院,2025,安徽,本科批,物理类,（002）,,523,96333,
2486,绥化学院,2025,安徽,本科批,物理类,,,490,148355,
2494,台州学院,2025,安徽,本科批,物理类,（001）,,524,87721,
2497,太原工业学院,2025,安徽,本科批,物理类,（001）,,497,139469,
2497,太原工业学院,2025,安徽,本科批,物理类,,,507,108036,
2500,太原师范学院,2025,安徽,本科批,物理类,（001）,,508,117743,
2500,太原师范学院,2025,安徽,本科批,物理类,（002）,,506,124829,
2501,太原学院,2025,安徽,本科批,物理类,,,490,142426,
2504,泰山学院,2025,安徽,本科批,物理类,,,497,120475,
2524,天津工业大学,2025,安徽,本科批,物理类,（002）,,583,37046,
2524,天津工业大学,2025,安徽,本科批,物理类,,,583,22637,
2534,天津美术学院,2025,安徽,本科批,物理类,（001）,,517,110771,
2535,天津农学院,2025,安徽,本科批,物理类,,,507,110771,
2535,天津农学院,2025,安徽,本科批,物理类,（005）,,506,126302,
2541,天津师范大学,2025,安徽,本科批,物理类,（001）,,530,45303,
2541,天津师范大学,2025,安徽,本科批,物理类,,,568,37839,
2554,天津职业技术师范大学,2025,安徽,本科批,物理类,（001）,,509,92564,
2554,天津职业技术师范大学,2025,安徽,本科批,物理类,（002）,,532,67357,
2558,天水师范大学,2025,安徽,本科批,物理类,（001）,,500,135050,
2558,天水师范大学,2025,安徽,本科批,物理类,（002）,,502,132119,
2580,渭南师范学院,2025,安徽,本科批,物理类,（001）,,499,136506,
2582,温州大学,2025,安徽,本科批,物理类,（001）,,556,55105,
2582,温州大学,2025,安徽,本科批,物理类,,,561,35532,
2586,温州商学院,2025,安徽,本科批,物理类,（001）,,455,158798,
2586,温州商学院,2025,安徽,本科批,物理类,（002）,,472,171778,
2587,温州医科大学,2025,安徽,本科批,物理类,（001）,,574,47082,
2587,温州医科大学,2025,安徽,本科批,物理类,,,549,18507,
2603,五邑大学,2025,安徽,本科批,物理类,（001）,,543,78451,
2603,五邑大学,2025,安徽,本科批,物理类,,,516,80751,
2621,武汉工商学院,2025,安徽,本科批,物理类,,,484,149816,
2625,武汉华夏理工学院,2025,安徽,本科批,物理类,（001）,,480,155807,
2625,武汉华夏理工学院,2025,安徽,本科批,物理类,（002）,,481,149816,
2628,武汉科技大学,2025,安徽,本科批,物理类,（001）,,582,36298,
2628,武汉科技大学,2025,安徽,本科批,物理类,,,572,25742,
2630,武汉理工大学,2025,安徽,本科批,物理类,（005）,,611,20184,
2630,武汉理工大学,2025,安徽,本科批,物理类,,,624,6073,
2632,武汉轻工大学,2025,安徽,本科批,物理类,（001）,,509,121838,
2632,武汉轻工大学,2025,安徽,本科批,物理类,,,525,56996,
2659,西安航空学院,2025,安徽,本科批,物理类,,,513,84178,
2662,西安交通大学,2025,安徽,本科批,物理类,（006）,,649,4395,
2662,西安交通大学,2025,安徽,本科批,物理类,,,643,924,
2663,西安交通工程学院,2025,安徽,本科批,物理类,（001）,,481,154269,
2663,西安交通工程学院,2025,安徽,本科批,物理类,（002）,,476,158798,
2667,西安明德理工学院,2025,安徽,本科批,物理类,（001）,,472,168871,
2667,西安明德理工学院,2025,安徽,本科批,物理类,（002）,,468,167466,
2677,西安文理学院,2025,安徽,本科批,物理类,（001）,,506,126302,
2677,西安文理学院,2025,安徽,本科批,物理类,,,503,127752,
2677,西安文理学院,2025,安徽,本科批,物理类,（004）,,501,133575,
2688,西北师范大学,2025,安徽,本科批,物理类,（001）,,521,93829,
2688,西北师范大学,2025,安徽,本科批,物理类,,,513,65227,
2689,西北政法大学,2025,安徽,本科批,物理类,（001）,,598,21994,
2696,西华师范大学,2025,安徽,本科批,物理类,（001）,,504,129182,
2696,西华师范大学,2025,安徽,本科批,物理类,（002）,,525,84178,
2696,西华师范大学,2025,安徽,本科批,物理类,（003）,,528,96333,
2697,西交利物浦大学,2025,安徽,本科批,物理类,（001）,,566,54203,
2697,西交利物浦大学,2025,安徽,本科批,物理类,（002）,,569,51534,
2698,西京学院,2025,安徽,本科批,物理类,,,473,154269,
2698,西京学院,2025,安徽,本科批,物理类,（003）,,480,161733,
2698,西京学院,2025,安徽,本科批,物理类,（004）,,478,167466,
2704,西南林业大学,2025,安徽,本科批,物理类,,,519,88917,
2705,西南民族大学,2025,安徽,本科批,物理类,（002）,,546,60032,
2705,西南民族大学,2025,安徽,本科批,物理类,（003）,,547,61103,
2706,西南石油大学,2025,安徽,本科批,物理类,（001）,,581,39448,
2706,西南石油大学,2025,安徽,本科批,物理类,（002）,,585,27089,
2707,西南医科大学,2025,安徽,本科批,物理类,,,504,28440,
2714,厦门工学院,2025,安徽,本科批,物理类,（001）,,441,181796,
2714,厦门工学院,2025,安徽,本科批,物理类,（002）,,469,170300,
2726,咸阳师范学院,2025,安徽,本科批,物理类,（001）,,485,157276,
2726,咸阳师范学院,2025,安徽,本科批,物理类,（002）,,509,120475,
2729,湘南学院,2025,安徽,本科批,物理类,（001）,,518,102791,
2729,湘南学院,2025,安徽,本科批,物理类,,,529,88917,
2731,湘潭大学,2025,安徽,本科批,物理类,（001）,,591,23894,
2731,湘潭大学,2025,安徽,本科批,物理类,（002）,,588,19065,
2738,忻州师范学院,2025,安徽,本科批,物理类,,,489,133575,
2738,忻州师范学院,2025,安徽,本科批,物理类,（003）,,490,137898,
2738,忻州师范学院,2025,安徽,本科批,物理类,（004）,,488,148355,
2740,新疆大学,2025,安徽,本科批,物理类,,,557,51534,
2740,新疆大学,2025,安徽,本科批,物理类,（003）,,553,25101,
2740,新疆大学,2025,安徽,本科批,物理类,（005）,,579,42731,
2740,新疆大学,2025,安徽,本科批,物理类,（004）,,559,61103,
2760,新疆艺术学院,2025,安徽,本科批,物理类,（001）,,486,155807,
2766,新余学院,2025,安徽,本科批,物理类,,,497,132119,
2766,新余学院,2025,安徽,本科批,物理类,（005）,,506,126302,
2769,信阳农林学院,2025,安徽,本科批,物理类,（001）,,491,145426,
2780,徐州工程学院,2025,安徽,本科批,物理类,（001）,,530,93829,
2780,徐州工程学院,2025,安徽,本科批,物理类,（002）,,534,81872,
2785,许昌学院,2025,安徽,本科批,物理类,（001）,,514,104065,
2795,延安大学,2025,安徽,本科批,物理类,（001）,,516,106696,
2795,延安大学,2025,安徽,本科批,物理类,（002）,,532,85340,
2797,延边大学,2025,安徽,本科批,物理类,（003）,,575,40231,
2797,延边大学,2025,安徽,本科批,物理类,（004）,,584,29144,
2797,延边大学,2025,安徽,本科批,物理类,（005）,,585,37839,
2802,燕山大学,2025,安徽,本科批,物理类,,,558,53330,
2802,燕山大学,2025,安徽,本科批,物理类,（004）,,594,22637,
2803,扬州大学,2025,安徽,本科批,物理类,（002）,,585,37839,
2803,扬州大学,2025,安徽,本科批,物理类,,,576,22637,
2803,扬州大学,2025,安徽,本科批,物理类,（009）,,575,46234,
2811,宜宾学院,2025,安徽,本科批,物理类,（001）,,515,108036,
2814,宜春学院,2025,安徽,本科批,物理类,（001）,,511,117743,
2814,宜春学院,2025,安徽,本科批,物理类,（002）,,504,114928,
2814,宜春学院,2025,安徽,本科批,物理类,（003）,,524,79575,
2822,营口理工学院,2025,安徽,本科批,物理类,（001）,,489,151358,
2822,营口理工学院,2025,安徽,本科批,物理类,（002）,,493,130632,
2825,右江民族医学院,2025,安徽,本科批,物理类,（001）,,483,152846,
2825,右江民族医学院,2025,安徽,本科批,物理类,,,488,72790,
2825,右江民族医学院,2025,安徽,本科批,物理类,（006）,,508,123337,
2827,榆林学院,2025,安徽,本科批,物理类,（001）,,495,135050,
2828,玉林师范学院,2025,安徽,本科批,物理类,（001）,,491,146903,
2829,玉溪师范学院,2025,安徽,本科批,物理类,（001）,,492,133575,
2830,豫北医学院,2025,安徽,本科批,物理类,（001）,,489,151358,
2830,豫北医学院,2025,安徽,本科批,物理类,（002）,,532,91376,
2830,豫北医学院,2025,安徽,本科批,物理类,（003）,,488,152846,
2848,云南民族大学,2025,安徽,本科批,物理类,（002）,,512,104065,
2848,云南民族大学,2025,安徽,本科批,物理类,（003）,,504,129182,
2848,云南民族大学,2025,安徽,本科批,物理类,（004）,,512,117743,
2850,云南农业大学,2025,安徽,本科批,物理类,,,495,100155,
2850,云南农业大学,2025,安徽,本科批,物理类,（005）,,519,108036,
2855,云南中医药大学,2025,安徽,本科批,物理类,,,509,83017,
2858,运城学院,2025,安徽,本科批,物理类,（001）,,488,149816,
2860,运城职业技术大学,2025,安徽,本科批,物理类,（001）,,478,163201,
2862,枣庄学院,2025,安徽,本科批,物理类,（001）,,497,139469,
2862,枣庄学院,2025,安徽,本科批,物理类,（002）,,494,130632,
2867,张家口学院,2025,安徽,本科批,物理类,（001）,,500,133576,
2867,张家口学院,2025,安徽,本科批,物理类,（002）,,498,136507,
2874,肇庆学院,2025,安徽,本科批,物理类,,,492,105379,
2875,肇庆医学院,2025,安徽,本科批,物理类,（001）,,504,113545,
2880,浙江传媒学院,2025,安徽,本科批,物理类,,,548,56027,
2886,浙江工商大学,2025,安徽,本科批,物理类,,,579,29144,
2886,浙江工商大学,2025,安徽,本科批,物理类,（004）,,571,27826,
2888,浙江工业大学,2025,安徽,本科批,物理类,（001）,,599,27826,
2888,浙江工业大学,2025,安徽,本科批,物理类,,,572,16857,
2892,浙江海洋大学,2025,安徽,本科批,物理类,（002）,,551,69512,
2892,浙江海洋大学,2025,安徽,本科批,物理类,（003）,,547,54203,
2892,浙江海洋大学,2025,安徽,本科批,物理类,（004）,,544,77227,
2894,浙江机电职业技术大学,2025,安徽,本科批,物理类,（001）,,513,100155,
2901,浙江科技大学,2025,安徽,本科批,物理类,（001）,,565,55105,
2901,浙江科技大学,2025,安徽,本科批,物理类,,,539,32674,
2902,浙江理工大学,2025,安徽,本科批,物理类,,,540,37046,
2902,浙江理工大学,2025,安徽,本科批,物理类,（004）,,594,26393,
2904,浙江农林大学,2025,安徽,本科批,物理类,,,554,46234,
2904,浙江农林大学,2025,安徽,本科批,物理类,（003）,,560,39448,
2904,浙江农林大学,2025,安徽,本科批,物理类,（005）,,580,41859,
2907,浙江师范大学,2025,安徽,本科批,物理类,,,555,44443,
2908,浙江树人学院,2025,安徽,本科批,物理类,（001）,,477,164647,
2908,浙江树人学院,2025,安徽,本科批,物理类,（002）,,478,151358,
2908,浙江树人学院,2025,安徽,本科批,物理类,（003）,,481,163201,
2909,浙江水利水电学院,2025,安徽,本科批,物理类,（001）,,535,85340,
2909,浙江水利水电学院,2025,安徽,本科批,物理类,（002）,,539,72790,
2909,浙江水利水电学院,2025,安徽,本科批,物理类,（003）,,541,80751,
2912,浙江外国语学院,2025,安徽,本科批,物理类,（001）,,542,60032,
2912,浙江外国语学院,2025,安徽,本科批,物理类,（002）,,547,70614,
2913,浙江万里学院,2025,安徽,本科批,物理类,,,495,121838,
2913,浙江万里学院,2025,安徽,本科批,物理类,（003）,,498,102791,
2914,浙江药科职业大学,2025,安徽,本科批,物理类,（001）,,510,117743,
2920,浙江中医药大学,2025,安徽,本科批,物理类,,,551,24503,
2926,郑州工程技术学院,2025,安徽,本科批,物理类,（001）,,491,140985,
2948,中北大学,2025,安徽,本科批,物理类,（001）,,549,49685,
2948,中北大学,2025,安徽,本科批,物理类,,,575,21994,
2949,中国传媒大学,2025,安徽,本科批,物理类,（004）,,606,16363,
2949,中国传媒大学,2025,安徽,本科批,物理类,,,600,11188,
2950,中国地质大学（北京）,2025,安徽,本科批,物理类,（003）,,603,18507,
2950,中国地质大学（北京）,2025,安徽,本科批,物理类,（004）,,602,12024,
2951,中国地质大学（武汉）,2025,安徽,本科批,物理类,（003）,,604,23895,
2951,中国地质大学（武汉）,2025,安徽,本科批,物理类,,,585,11595,
2952,中国海洋大学,2025,安徽,本科批,物理类,（004）,,625,11188,
2952,中国海洋大学,2025,安徽,本科批,物理类,,,614,5755,
2953,中国计量大学,2025,安徽,本科批,物理类,（003）,,594,29819,
2953,中国计量大学,2025,安徽,本科批,物理类,（004）,,597,24503,
2957,中国劳动关系学院,2025,安徽,本科批,物理类,（003）,,535,66261,
2957,中国劳动关系学院,2025,安徽,本科批,物理类,（004）,,535,81872,
2959,中国民航大学,2025,安徽,本科批,物理类,（003）,,588,33386,
2959,中国民航大学,2025,安徽,本科批,物理类,（004）,,595,20184,
2960,中国民用航空飞行学院,2025,安徽,本科批,物理类,（004）,,538,68456,
2960,中国民用航空飞行学院,2025,安徽,本科批,物理类,（005）,,552,31261,
2960,中国民用航空飞行学院,2025,安徽,本科批,物理类,（006）,,543,78451,
2967,中国石油大学（北京）,2025,安徽,本科批,物理类,（002）,,607,19645,
2967,中国石油大学（北京）,2025,安徽,本科批,物理类,（003）,,611,9966,
2968,中国石油大学（北京）克拉玛依校区,2025,安徽,本科批,物理类,（004）,,579,40231,
2968,中国石油大学（北京）克拉玛依校区,2025,安徽,本科批,物理类,（005）,,587,28440,
2969,中国石油大学（华东）,2025,安徽,本科批,物理类,,,606,17949,
2969,中国石油大学（华东）,2025,安徽,本科批,物理类,（006）,,604,11594,
2977,中华女子学院,2025,安徽,本科批,物理类,（001）,,521,84178,
2977,中华女子学院,2025,安徽,本科批,物理类,（002）,,529,95066,
2979,中南大学,2025,安徽,本科批,物理类,（004）,,638,3917,
2979,中南大学,2025,安徽,本科批,物理类,,,642,1226,
2980,中南林业科技大学,2025,安徽,本科批,物理类,（001）,,530,83017,
2980,中南林业科技大学,2025,安徽,本科批,物理类,（002）,,533,50653,
2985,中央财经大学,2025,安徽,本科批,物理类,,,621,4629,
2986,中央美术学院,2025,安徽,本科批,物理类,（001）,,565,42731,
2987,中央民族大学,2025,安徽,本科批,物理类,（002）,,619,13374,
2987,中央民族大学,2025,安徽,本科批,物理类,,,615,9171,
2991,中原工学院,2025,安徽,本科批,物理类,（001）,,509,121838,
2991,中原工学院,2025,安徽,本科批,物理类,（002）,,520,96333,
3004,遵义医科大学,2025,安徽,本科批,物理类,,,534,37046,
5003,长春大学旅游学院,2025,安徽,本科批,物理类,（001）,,449,203193,
5003,长春大学旅游学院,2025,安徽,本科批,物理类,（002）,,451,204450,
5014,东南大学成贤学院,2025,安徽,本科批,物理类,（001）,,491,130632,
5014,东南大学成贤学院,2025,安徽,本科批,物理类,（002）,,488,105379,
5017,福州大学至诚学院,2025,安徽,本科批,物理类,（001）,,481,163201,
5017,福州大学至诚学院,2025,安徽,本科批,物理类,（002）,,475,160272,
5021,广西中医药大学赛恩斯新医药学院,2025,安徽,本科批,物理类,（001）,,497,137898,
5021,广西中医药大学赛恩斯新医药学院,2025,安徽,本科批,物理类,（002）,,484,149816,
5021,广西中医药大学赛恩斯新医药学院,2025,安徽,本科批,物理类,（003）,,486,155807,
5022,杭州电子科技大学信息工程学院,2025,安徽,本科批,物理类,（001）,,500,121838,
5050,昆明医科大学海源学院,2025,安徽,本科批,物理类,（001）,,485,146903,
5050,昆明医科大学海源学院,2025,安徽,本科批,物理类,（002）,,479,166052,
5056,南京财经大学红山学院,2025,安徽,本科批,物理类,（001）,,486,136506,
5062,南京师范大学泰州学院,2025,安徽,本科批,物理类,（001）,,485,151358,
5068,宁波大学科学技术学院,2025,安徽,本科批,物理类,（001）,,489,47939,
5068,宁波大学科学技术学院,2025,安徽,本科批,物理类,（002）,,484,48779,
5078,石家庄铁道大学四方学院,2025,安徽,本科批,物理类,（001）,,502,132119,
5078,石家庄铁道大学四方学院,2025,安徽,本科批,物理类,（002）,,487,105379,
5080,苏州大学应用技术学院,2025,安徽,本科批,物理类,（001）,,505,17381,
5084,天津商业大学宝德学院,2025,安徽,本科批,物理类,,,474,135050,
5085,天津外国语大学滨海外事学院,2025,安徽,本科批,物理类,（001）,,472,161733,
5086,天津医科大学临床医学院,2025,安徽,本科批,物理类,,,485,145426,
5087,温州医科大学仁济学院,2025,安徽,本科批,物理类,,,489,121838,
5089,武汉工程大学邮电与信息工程学院,2025,安徽,本科批,物理类,（001）,,483,145426,
5092,西安建筑科技大学华清学院,2025,安徽,本科批,物理类,（001）,,469,163201,
5095,西南财经大学天府学院,2025,安徽,本科批,物理类,,,479,145426,
5100,浙江财经大学东方学院,2025,安徽,本科批,物理类,,,481,135050,
5100,浙江财经大学东方学院,2025,安徽,本科批,物理类,（003）,,485,151358,
5101,浙江工商大学杭州商学院,2025,安徽,本科批,物理类,,,486,149816,
5101,浙江工商大学杭州商学院,2025,安徽,本科批,物理类,（003）,,491,137898,
5102,浙江工业大学之江学院,2025,安徽,本科批,物理类,（001）,,487,148355,
5103,浙江理工大学科技与艺术学院,2025,安徽,本科批,物理类,（001）,,477,160272,
5103,浙江理工大学科技与艺术学院,2025,安徽,本科批,物理类,（003）,,484,49685,
5107,中国矿业大学徐海学院,2025,安徽,本科批,物理类,（001）,,489,148355,
5107,中国矿业大学徐海学院,2025,安徽,本科批,物理类,,,482,146903,
9002,安徽财经大学,2025,安徽,本科批,物理类,（003）,,540,51534,
9002,安徽财经大学,2025,安徽,本科批,物理类,（004）,,547,66261,
9007,安徽农业大学,2025,安徽,本科批,物理类,（004）,,549,44443,
9007,安徽农业大学,2025,安徽,本科批,物理类,,,529,37839,
9007,安徽农业大学,2025,安徽,本科批,物理类,（007）,,557,63155,
9008,安徽师范大学,2025,安徽,本科批,物理类,,,536,37046,
9008,安徽师范大学,2025,安徽,本科批,物理类,（053）,,571,49685,
9009,安徽医科大学,2025,安徽,本科批,物理类,,,515,79575,
9010,安徽中医药大学,2025,安徽,本科批,物理类,,,523,33386,
9010,安徽中医药大学,2025,安徽,本科批,物理类,（009）,,522,88917,
9011,安庆师范大学,2025,安徽,本科批,物理类,（005）,,524,92564,
9011,安庆师范大学,2025,安徽,本科批,物理类,,,495,81872,
9011,安庆师范大学,2025,安徽,本科批,物理类,（009）,,539,83017,
9015,合肥大学,2025,安徽,本科批,物理类,,,522,84178,
9102,蚌埠学院,2025,安徽,本科批,物理类,（002）,,492,135050,
9102,蚌埠学院,2025,安徽,本科批,物理类,（003）,,494,120475,
9106,池州学院,2025,安徽,本科批,物理类,（002）,,494,133575,
9106,池州学院,2025,安徽,本科批,物理类,,,497,123337,
9106,池州学院,2025,安徽,本科批,物理类,（005）,,491,146903,
9106,池州学院,2025,安徽,本科批,物理类,（006）,,500,133575,
9111,淮南师范学院,2025,安徽,本科批,物理类,（004）,,509,113545,
9111,淮南师范学院,2025,安徽,本科批,物理类,,,504,117743,
9111,淮南师范学院,2025,安徽,本科批,物理类,（008）,,518,109427,
9111,淮南师范学院,2025,安徽,本科批,物理类,（007）,,508,123337,
9114,皖南医学院,2025,安徽,本科批,物理类,（005）,,513,102791,
9114,皖南医学院,2025,安徽,本科批,物理类,,,507,48779,
9115,皖西学院,2025,安徽,本科批,物理类,（002）,,504,113545,
9115,皖西学院,2025,安徽,本科批,物理类,（003）,,506,105379,
9115,皖西学院,2025,安徽,本科批,物理类,（004）,,512,117743,
9117,安徽艺术学院,2025,安徽,本科批,物理类,（001）,,494,139496,
9120,安徽第二医学院,2025,安徽,本科批,物理类,（021）,,498,137898,
9120,安徽第二医学院,2025,安徽,本科批,物理类,（022）,,494,142426,
9120,安徽第二医学院,2025,安徽,本科批,物理类,（023）,,500,135050,
9121,安徽职业技术大学,2025,安徽,本科批,物理类,（021）,,490,140985,
9201,蚌埠工商学院,2025,安徽,本科批,物理类,（001）,,476,160272,
9201,蚌埠工商学院,2025,安徽,本科批,物理类,（002）,,479,163201,
9203,马鞍山学院,2025,安徽,本科批,物理类,（001）,,468,172626,
9203,马鞍山学院,2025,安徽,本科批,物理类,（002）,,466,169121,
9204,合肥城市学院,2025,安徽,本科批,物理类,（001）,,464,183207,
9204,合肥城市学院,2025,安徽,本科批,物理类,（002）,,455,180442,
9205,合肥经济学院,2025,安徽,本科批,物理类,（001）,,474,158798,
9205,合肥经济学院,2025,安徽,本科批,物理类,（002）,,473,163201,
1024,北部湾大学,2025,安徽,本科提前批,物理类,（001）,,500,124829,
1133,常州工学院,2025,安徽,本科提前批,物理类,（001）,,528,96333,
1497,海南热带海洋学院,2025,安徽,本科提前批,物理类,（001）,,494,143937,
1592,河西学院,2025,安徽,本科提前批,物理类,（001）,,494,143937,
1729,华东师范大学,2025,安徽,本科提前批,物理类,,,636,2152,
1737,华中师范大学,2025,安徽,本科提前批,物理类,,,589,6707,
1737,华中师范大学,2025,安徽,本科提前批,物理类,（003）,,637,8106,
2337,上海海事大学,2025,安徽,本科提前批,物理类,（001）,,545,61103,
2844,云南警官学院,2025,安徽,本科提前批,物理类,（001）,,589,34787,
2959,中国民航大学,2025,安徽,本科提前批,物理类,（001）,,537,85340,
2964,中国人民公安大学,2025,安徽,本科提前批,物理类,,,632,2844,
2971,中国消防救援学院,2025,安徽,本科提前批,物理类,（001）,,520,13374,
2972,中国刑事警察学院,2025,安徽,本科提前批,物理类,,,629,6404,
9008,安徽师范大学,2025,安徽,本科提前批,物理类,（061）,,543,78451,
9008,安徽师范大学,2025,安徽,本科提前批,物理类,（064）,,601,21398,
9008,安徽师范大学,2025,安徽,本科提前批,物理类,（003）,,571,49685,
9009,安徽医科大学,2025,安徽,本科提前批,物理类,（001）,,544,22637,
9010,安徽中医药大学,2025,安徽,本科提前批,物理类,（001）,,543,78451,
9014,蚌埠医科大学,2025,安徽,本科提前批,物理类,（001）,,563,31970,
9109,合肥师范学院,2025,安徽,本科提前批,物理类,（061）,,518,35532,
9111,淮南师范学院,2025,安徽,本科提前批,物理类,（061）,,528,96333,
1042,北京化工大学,2025,安徽,高校专项计划批,物理类,（002）,,618,16363,
1056,北京林业大学,2025,安徽,高校专项计划批,物理类,（005）,,599,27826,
1056,北京林业大学,2025,安徽,高校专项计划批,物理类,（006）,,538,84178,
1074,北京中医药大学,2025,安徽,高校专项计划批,物理类,（W化）,,616,16363,
1471,哈尔滨工业大学（威海）,2025,安徽,高校专项计划批,物理类,（002）,,641,6707,
1728,华东理工大学,2025,安徽,高校专项计划批,物理类,（003）,,622,9171,
1729,华东师范大学,2025,安徽,高校专项计划批,物理类,（004）,,626,5205,
1737,华中师范大学,2025,安徽,高校专项计划批,物理类,（007）,,616,17381,
2067,南京理工大学,2025,安徽,高校专项计划批,物理类,（003）,,595,29144,
2067,南京理工大学,2025,安徽,高校专项计划批,物理类,（004）,,604,24503,
2072,南京师范大学,2025,安徽,高校专项计划批,物理类,（004）,,603,25101,
2072,南京师范大学,2025,安徽,高校专项计划批,物理类,（005）,,615,16363,
2321,上海财经大学,2025,安徽,高校专项计划批,物理类,（003）,,607,22637,
2321,上海财经大学,2025,安徽,高校专项计划批,物理类,（004）,,638,7739,
,郑州美术学院,2025,安徽,艺术类本科批,艺术类（历史）,,,469,,
1325,共青科技职业学院,2024,安徽,专科提前批-其他,历史类,,,283,120183,
1417,广州民航职业技术学院,2024,安徽,专科提前批-其他,历史类,,,320,64670,
2185,青岛港湾职业技术学院,2024,安徽,专科提前批-其他,历史类,,,400,209180,
2231,三亚航空旅游职业学院,2024,安徽,专科提前批-其他,历史类,,,277,105603,
2251,山东海事职业学院,2024,安徽,专科提前批-其他,历史类,,,304,293226,
2378,上海民航职业技术学院,2024,安徽,专科提前批-其他,历史类,,,331,105252,
2551,天津海运职业学院,2024,安徽,专科提前批-其他,历史类,,,230,128361,
2650,武汉航海职业技术学院,2024,安徽,专科提前批-其他,历史类,,,281,297374,
2994,中国民航大学,2024,安徽,专科提前批-其他,历史类,,,260,58427,
2995,中国民用航空飞行学院,2024,安徽,专科提前批-其他,历史类,,,292,77485,
9315,安徽交通职业技术学院,2024,安徽,专科提前批-其他,历史类,,,320,109993,
9339,安徽中医药高等专科学校,2024,安徽,专科提前批-农村订单定向免费医学生,历史类,,,479,9477,
9343,亳州职业技术学院,2024,安徽,专科提前批-农村订单定向免费医学生,历史类,,,480,131022,
9362,黄山职业技术学院,2024,安徽,专科提前批-农村订单定向免费医学生,历史类,,,484,135342,
9370,皖西卫生职业学院,2024,安徽,专科提前批-农村订单定向免费医学生,历史类,,,483,111490,
9309,安徽公安职业学院,2024,安徽,专科提前批-司法,历史类,,,242,35306,
9317,安徽警官职业学院,2024,安徽,专科提前批-司法,历史类,,,529,78827,
9372,芜湖职业技术学院,2024,安徽,专科提前批-基层农技推广人才定向,历史类,,,517,21060,
1077,滨州职业学院,2024,安徽,专科提前批-定向培养军士,历史类,,,362,83000,
1104,长春职业技术学院,2024,安徽,专科提前批-定向培养军士,历史类,,,358,95733,
1112,长沙航空职业技术学院,2024,安徽,专科提前批-定向培养军士,历史类,,,437,56998,
1202,重庆医药高等专科学校,2024,安徽,专科提前批-定向培养军士,历史类,,,457,47742,
1573,河南交通职业技术学院,2024,安徽,专科提前批-定向培养军士,历史类,,,378,86418,
1587,河南医学高等专科学校,2024,安徽,专科提前批-定向培养军士,历史类,,,369,56541,
1647,湖北交通职业技术学院,2024,安徽,专科提前批-定向培养军士,历史类,,,375,87910,
1695,湖南国防工业职业技术学院,2024,安徽,专科提前批-定向培养军士,历史类,,,385,81010,
1710,湖南汽车工程职业大学,2024,安徽,专科提前批-定向培养军士,历史类,,,381,85001,
1721,湖南体育职业学院,2024,安徽,专科提前批-定向培养军士,历史类,,,410,235951,
1829,江苏海事职业技术学院,2024,安徽,专科提前批-定向培养军士,历史类,,,390,80504,
1863,江西航空职业技术学院,2024,安徽,专科提前批-定向培养军士,历史类,,,422,50387,
1890,江西信息应用职业技术学院,2024,安徽,专科提前批-定向培养军士,历史类,,,381,73775,
1994,辽宁省交通高等专科学校,2024,安徽,专科提前批-定向培养军士,历史类,,,379,84535,
2108,南京信息职业技术学院,2024,安徽,专科提前批-定向培养军士,历史类,,,447,25035,
2287,山东信息职业技术学院,2024,安徽,专科提前批-定向培养军士,历史类,,,384,77485,
2526,泰山职业技术学院,2024,安徽,专科提前批-定向培养军士,历史类,,,380,78984,
2595,威海职业学院,2024,安徽,专科提前批-定向培养军士,历史类,,,376,68210,
2631,武昌职业学院,2024,安徽,专科提前批-定向培养军士,历史类,,,360,94806,
2635,武汉船舶职业技术学院,2024,安徽,专科提前批-定向培养军士,历史类,,,379,85946,
2652,武汉交通职业学院,2024,安徽,专科提前批-定向培养军士,历史类,,,380,55590,
2787,新疆石河子职业技术学院,2024,安徽,专科提前批-定向培养军士,历史类,,,381,84535,
2826,延安职业技术学院,2024,安徽,专科提前批-定向培养军士,历史类,,,375,78984,
2895,张家界航空工业职业技术学院,2024,安徽,专科提前批-定向培养军士,历史类,,,398,76428,
2927,浙江建设职业技术学院,2024,安徽,专科提前批-定向培养军士,历史类,,,404,69746,
9315,安徽交通职业技术学院,2024,安徽,专科提前批-定向培养军士,历史类,,,401,60789,
9349,阜阳职业技术学院,2024,安徽,专科提前批-定向培养军士,历史类,,,429,60789,
1029,北京大学,2024,安徽,国家专项计划,历史类,,,661,8,
1053,北京林业大学,2024,安徽,国家专项计划,历史类,,,606,2908,
1057,北京师范大学,2024,安徽,国家专项计划,历史类,,,643,483,
1061,北京体育大学,2024,安徽,国家专项计划,历史类,,,582,4396,
1062,北京外国语大学,2024,安徽,国家专项计划,历史类,,,615,1190,
1163,重庆大学,2024,安徽,国家专项计划,历史类,,,623,1451,
1228,大连民族大学,2024,安徽,国家专项计划,历史类,,,488,25795,
1251,东北财经大学,2024,安徽,国家专项计划,历史类,,,584,5331,
1256,东北农业大学,2024,安徽,国家专项计划,历史类,,,585,5331,
1257,东北师范大学,2024,安徽,国家专项计划,历史类,,,600,3130,
1261,东华大学,2024,安徽,国家专项计划,历史类,,,600,3254,
1263,东南大学,2024,安徽,国家专项计划,历史类,,,637,713,
1268,对外经济贸易大学,2024,安徽,国家专项计划,历史类,,,624,1375,
1286,福建师范大学,2024,安徽,国家专项计划,历史类,,,577,7012,
1306,复旦大学,2024,安徽,国家专项计划,历史类,,,656,143,
1336,广东工业大学,2024,安徽,国家专项计划,历史类,,,553,10849,
1562,河海大学,2024,安徽,国家专项计划,历史类,,,607,2580,
1603,黑龙江大学,2024,安徽,国家专项计划,历史类,,,573,7691,
1738,华北电力大学(北京),2024,安徽,国家专项计划,历史类,,,609,2580,
1744,华东理工大学,2024,安徽,国家专项计划,历史类,,,600,1892,
1745,华东师范大学,2024,安徽,国家专项计划,历史类,,,618,788,
1746,华东政法大学,2024,安徽,国家专项计划,历史类,,,617,1892,
1750,华侨大学,2024,安徽,国家专项计划,历史类,,,550,9263,
1753,华中师范大学,2024,安徽,国家专项计划,历史类,,,615,1514,
1771,吉林大学,2024,安徽,国家专项计划,历史类,,,633,873,
1795,济南大学,2024,安徽,国家专项计划,历史类,,,569,6671,
1803,暨南大学,2024,安徽,国家专项计划,历史类,,,608,1820,
2050,闽南师范大学,2024,安徽,国家专项计划,历史类,,,544,14405,
2080,南京大学,2024,安徽,国家专项计划,历史类,,,647,242,
2097,南京审计大学,2024,安徽,国家专项计划,历史类,,,595,4250,
2099,南京师范大学,2024,安徽,国家专项计划,历史类,,,608,1973,
2115,南开大学,2024,安徽,国家专项计划,历史类,,,642,483,
2119,南通大学,2024,安徽,国家专项计划,历史类,,,564,9477,
2200,清华大学,2024,安徽,国家专项计划,历史类,,,668,21,
2241,山东大学,2024,安徽,国家专项计划,历史类,,,630,873,
2242,山东大学威海分校,2024,安徽,国家专项计划,历史类,,,617,994,
2275,山东师范大学,2024,安徽,国家专项计划,历史类,,,568,5200,
2331,陕西师范大学,2024,安徽,国家专项计划,历史类,,,601,1684,
2369,上海交通大学,2024,安徽,国家专项计划,历史类,,,649,303,
2376,上海立信会计金融学院,2024,安徽,国家专项计划,历史类,,,565,7691,
2392,上海外国语大学,2024,安徽,国家专项计划,历史类,,,616,1754,
2458,四川大学,2024,安徽,国家专项计划,历史类,,,623,1318,
2489,苏州大学,2024,安徽,国家专项计划,历史类,,,618,1820,
2562,天津商业大学,2024,安徽,国家专项计划,历史类,,,564,8453,
2572,天津外国语大学,2024,安徽,国家专项计划,历史类,,,554,8453,
2593,外交学院,2024,安徽,国家专项计划,历史类,,,612,2308,
2637,武汉大学,2024,安徽,国家专项计划,历史类,,,644,446,
2691,西安交通大学,2024,安徽,国家专项计划,历史类,,,638,673,
2717,西北民族大学,2024,安徽,国家专项计划,历史类,,,515,16699,
2730,西南财经大学,2024,安徽,国家专项计划,历史类,,,600,2057,
2734,西南交通大学,2024,安徽,国家专项计划,历史类,,,605,2308,
2744,厦门大学,2024,安徽,国家专项计划,历史类,,,640,604,
2834,扬州大学,2024,安徽,国家专项计划,历史类,,,592,4654,
2911,浙江大学,2024,安徽,国家专项计划,历史类,,,647,303,
2916,浙江工商大学,2024,安徽,国家专项计划,历史类,,,569,8453,
2982,中国传媒大学,2024,安徽,国家专项计划,历史类,,,615,1754,
2989,中国矿业大学,2024,安徽,国家专项计划,历史类,,,604,2795,
2992,中国劳动关系学院,2024,安徽,国家专项计划,历史类,,,519,22404,
2997,中国人民大学,2024,安徽,国家专项计划,历史类,,,650,125,
3001,中国社会科学院大学,2024,安徽,国家专项计划,历史类,,,610,1892,
3011,中国政法大学,2024,安徽,国家专项计划,历史类,,,630,412,
3012,中华女子学院,2024,安徽,国家专项计划,历史类,,,529,14957,
3013,中南财经政法大学,2024,安徽,国家专项计划,历史类,,,613,1050,
3014,中南大学,2024,安徽,国家专项计划,历史类,,,627,994,
3018,中山大学,2024,安徽,国家专项计划,历史类,,,634,561,
3021,中央财经大学,2024,安徽,国家专项计划,历史类,,,620,1259,
9001,安徽大学,2024,安徽,国家专项计划,历史类,,,587,2693,
9002,安徽财经大学,2024,安徽,国家专项计划,历史类,,,549,7012,
9004,安徽工业大学,2024,安徽,国家专项计划,历史类,,,548,9888,
9005,安徽建筑大学,2024,安徽,国家专项计划,历史类,,,543,10692,
9008,安徽师范大学,2024,安徽,国家专项计划,历史类,,,556,5200,
9009,安徽医科大学,2024,安徽,国家专项计划,历史类,,,545,11822,
9011,安庆师范大学,2024,安徽,国家专项计划,历史类,,,527,14162,
9012,淮北师范大学,2024,安徽,国家专项计划,历史类,,,521,16432,
9001,安徽大学,2024,安徽,地方专项计划,历史类,,,586,2795,
9002,安徽财经大学,2024,安徽,地方专项计划,历史类,,,553,7514,
9004,安徽工业大学,2024,安徽,地方专项计划,历史类,,,547,9699,
9005,安徽建筑大学,2024,安徽,地方专项计划,历史类,,,543,10270,
9008,安徽师范大学,2024,安徽,地方专项计划,历史类,,,553,5070,
9009,安徽医科大学,2024,安徽,地方专项计划,历史类,,,547,12843,
9011,安庆师范大学,2024,安徽,地方专项计划,历史类,,,524,15556,
9012,淮北师范大学,2024,安徽,地方专项计划,历史类,,,519,17353,
9013,阜阳师范大学,2024,安徽,地方专项计划,历史类,,,519,19298,
9101,安徽科技学院,2024,安徽,地方专项计划,历史类,,,518,22787,
9107,滁州学院,2024,安徽,地方专项计划,历史类,,,516,21299,
9109,合肥师范学院,2024,安徽,地方专项计划,历史类,,,515,23929,
9111,淮南师范学院,2024,安徽,地方专项计划,历史类,,,517,22049,
9112,黄山学院,2024,安徽,地方专项计划,历史类,,,505,25035,
9115,皖西学院,2024,安徽,地方专项计划,历史类,,,518,22404,
1001,安康学院,2024,安徽,本科批,历史类,,,492,32822,
1003,安阳工学院,2024,安徽,本科批,历史类,,,489,32401,
1004,安阳师范学院,2024,安徽,本科批,历史类,,,516,22787,
1007,鞍山师范学院,2024,安徽,本科批,历史类,,,490,29278,
1010,白城师范学院,2024,安徽,本科批,历史类,,,480,29278,
1017,宝鸡文理学院,2024,安徽,本科批,历史类,,,490,31622,
1020,保定学院,2024,安徽,本科批,历史类,,,491,24291,
1022,北部湾大学,2024,安徽,本科批,历史类,,,510,23159,
1023,北方工业大学,2024,安徽,本科批,历史类,,,570,7181,
1024,北方民族大学,2024,安徽,本科批,历史类,,,587,5331,
1025,北海艺术设计学院,2024,安徽,本科批,历史类,,,462,45077,
1026,北华大学,2024,安徽,本科批,历史类,,,505,24291,
1027,北华航天工业学院,2024,安徽,本科批,历史类,,,490,27313,
1028,北京城市学院,2024,安徽,本科批,历史类,,,500,26174,
1029,北京大学,2024,安徽,本科批,历史类,,,669,1,
1030,北京大学医学部,2024,安徽,本科批,历史类,,,668,35,
1031,北京第二外国语学院,2024,安徽,本科批,历史类,,,568,5499,
1032,北京电影学院,2024,安徽,本科批,历史类,,,602,2057,
1035,北京服装学院,2024,安徽,本科批,历史类,,,517,20274,
1036,北京工商大学,2024,安徽,本科批,历史类,,,581,5804,
1039,北京航空航天大学,2024,安徽,本科批,历史类,,,637,713,
1040,北京化工大学,2024,安徽,本科批,历史类,,,602,1892,
1042,北京交通大学,2024,安徽,本科批,历史类,,,617,1892,
1048,北京科技大学,2024,安徽,本科批,历史类,,,609,2135,
1049,北京科技大学天津学院,2024,安徽,本科批,历史类,,,476,38687,
1051,北京理工大学,2024,安徽,本科批,历史类,,,631,752,
1052,北京联合大学,2024,安徽,本科批,历史类,,,531,13357,
1053,北京林业大学,2024,安徽,本科批,历史类,,,605,2693,
1054,北京农学院,2024,安徽,本科批,历史类,,,503,20936,
1057,北京师范大学,2024,安徽,本科批,历史类,,,646,242,
1058,北京师范大学,2024,安徽,本科批,历史类,,,636,752,
1059,北京师范大学-香港浸会大学联合国际学院,2024,安徽,本科批,历史类,,,542,10128,
1060,北京石油化工学院,2024,安徽,本科批,历史类,,,517,17951,
1061,北京体育大学,2024,安徽,本科批,历史类,,,531,2212,
1062,北京外国语大学,2024,安徽,本科批,历史类,,,621,516,
1064,北京物资学院,2024,安徽,本科批,历史类,,,544,13102,
1068,北京印刷学院,2024,安徽,本科批,历史类,,,548,8251,
1069,北京邮电大学,2024,安徽,本科批,历史类,,,616,1684,
1071,北京语言大学,2024,安徽,本科批,历史类,,,590,4250,
1073,北京中医药大学,2024,安徽,本科批,历史类,,,608,2308,
1074,北京中医药大学东方学院,2024,安徽,本科批,历史类,,,478,37794,
1080,渤海大学,2024,安徽,本科批,历史类,,,488,22404,
1083,沧州师范学院,2024,安徽,本科批,历史类,,,501,28501,
1085,昌吉学院,2024,安徽,本科批,历史类,,,487,34418,
1086,长安大学,2024,安徽,本科批,历史类,,,599,3254,
1088,长春财经学院,2024,安徽,本科批,历史类,,,462,39086,
1089,长春大学,2024,安徽,本科批,历史类,,,514,20936,
1090,长春大学旅游学院,2024,安徽,本科批,历史类,,,458,26546,
1093,长春工业大学,2024,安徽,本科批,历史类,,,501,20631,
1094,长春工业大学人文信息学院,2024,安徽,本科批,历史类,,,464,32822,
1095,长春建筑学院,2024,安徽,本科批,历史类,,,462,45528,
1098,长春理工大学,2024,安徽,本科批,历史类,,,535,15556,
1100,长春人文学院,2024,安徽,本科批,历史类,,,482,37004,
1101,长春师范大学,2024,安徽,本科批,历史类,,,481,24291,
1106,长江大学,2024,安徽,本科批,历史类,,,559,9042,
1107,长江大学文理学院,2024,安徽,本科批,历史类,,,475,39926,
1109,长江师范学院,2024,安徽,本科批,历史类,,,522,21299,
1114,长沙理工大学,2024,安徽,本科批,历史类,,,569,7181,
1115,长沙理工大学城南学院,2024,安徽,本科批,历史类,,,487,33213,
1119,长沙师范学院,2024,安徽,本科批,历史类,,,519,22404,
1121,长沙学院,2024,安徽,本科批,历史类,,,518,16699,
1124,长治学院,2024,安徽,本科批,历史类,,,496,26174,
1126,常熟理工学院,2024,安徽,本科批,历史类,,,527,17649,
1127,常州大学,2024,安徽,本科批,历史类,,,563,7181,
1128,常州大学怀德学院,2024,安徽,本科批,历史类,,,476,38261,
1136,成都大学,2024,安徽,本科批,历史类,,,537,10604,
1137,成都东软学院,2024,安徽,本科批,历史类,,,469,39486,
1141,成都锦城学院,2024,安徽,本科批,历史类,,,481,30430,
1142,成都理工大学,2024,安徽,本科批,历史类,,,531,5499,
1143,成都理工大学工程技术学院,2024,安徽,本科批,历史类,,,479,37794,
1145,成都师范学院,2024,安徽,本科批,历史类,,,527,17024,
1146,成都体育学院,2024,安徽,本科批,历史类,,,485,33611,
1147,成都外国语学院,2024,安徽,本科批,历史类,,,472,19005,
1149,成都信息工程大学,2024,安徽,本科批,历史类,,,540,9919,
1152,成都银杏酒店管理学院,2024,安徽,本科批,历史类,,,471,41187,
1153,成都中医药大学,2024,安徽,本科批,历史类,,,540,15556,
1157,重庆财经学院,2024,安徽,本科批,历史类,,,505,22404,
1163,重庆大学,2024,安徽,本科批,历史类,,,629,994,
1164,重庆大学,2024,安徽,本科批,历史类,,,609,2580,
1165,重庆第二师范学院,2024,安徽,本科批,历史类,,,500,29650,
1169,重庆对外经贸学院,2024,安徽,本科批,历史类,,,482,22404,
1170,重庆工程学院,2024,安徽,本科批,历史类,,,488,34418,
1172,重庆工商大学,2024,安徽,本科批,历史类,,,541,11822,
1173,重庆工商大学派斯学院,2024,安徽,本科批,历史类,,,478,38261,
1182,重庆交通大学,2024,安徽,本科批,历史类,,,548,12565,
1183,重庆科技大学,2024,安徽,本科批,历史类,,,527,19298,
1185,重庆理工大学,2024,安徽,本科批,历史类,,,531,16432,
1189,重庆人文科技学院,2024,安徽,本科批,历史类,,,466,34861,
1190,重庆三峡学院,2024,安徽,本科批,历史类,,,525,19005,
1194,重庆师范大学,2024,安徽,本科批,历史类,,,538,7012,
1197,重庆外语外事学院,2024,安徽,本科批,历史类,,,474,38261,
1198,重庆文理学院,2024,安徽,本科批,历史类,,,502,28889,
1203,重庆移通学院,2024,安徽,本科批,历史类,,,471,39926,
1205,重庆邮电大学,2024,安徽,本科批,历史类,,,549,6482,
1209,楚雄师范学院,2024,安徽,本科批,历史类,,,484,36153,
1213,大理大学,2024,安徽,本科批,历史类,,,525,18283,
1214,大连财经学院,2024,安徽,本科批,历史类,,,473,38261,
1215,大连大学,2024,安徽,本科批,历史类,,,538,15262,
1216,大连东软信息学院,2024,安徽,本科批,历史类,,,456,40347,
1219,大连工业大学艺术与信息工程学院,2024,安徽,本科批,历史类,,,470,42097,
1220,大连海事大学,2024,安徽,本科批,历史类,,,605,2308,
1221,大连海洋大学,2024,安徽,本科批,历史类,,,505,26546,
1223,大连交通大学,2024,安徽,本科批,历史类,,,532,17951,
1225,大连理工大学,2024,安徽,本科批,历史类,,,612,1600,
1227,大连理工大学城市学院,2024,安徽,本科批,历史类,,,459,37794,
1228,大连民族大学,2024,安徽,本科批,历史类,,,440,31622,
1230,大连外国语大学,2024,安徽,本科批,历史类,,,546,9477,
1231,大连医科大学,2024,安徽,本科批,历史类,,,562,9919,
1232,大连医科大学中山学院,2024,安徽,本科批,历史类,,,466,41623,
1233,大连艺术学院,2024,安徽,本科批,历史类,,,426,61693,
1236,大庆师范学院,2024,安徽,本科批,历史类,,,490,26174,
1245,德州学院,2024,安徽,本科批,历史类,,,516,23545,
1246,滇池学院,2024,安徽,本科批,历史类,,,479,34861,
1247,电子科技大学,2024,安徽,本科批,历史类,,,623,1318,
1249,电子科技大学成都学院,2024,安徽,本科批,历史类,,,478,38687,
1250,电子科技大学中山学院,2024,安徽,本科批,历史类,,,462,39086,
1251,东北财经大学,2024,安徽,本科批,历史类,,,511,1973,
1252,东北大学,2024,安徽,本科批,历史类,,,615,1973,
1253,东北大学秦皇岛分校,2024,安徽,本科批,历史类,,,609,2212,
1254,东北电力大学,2024,安徽,本科批,历史类,,,514,22404,
1255,东北林业大学,2024,安徽,本科批,历史类,,,584,4119,
1256,东北农业大学,2024,安徽,本科批,历史类,,,526,5331,
1257,东北师范大学,2024,安徽,本科批,历史类,,,556,1754,
1258,东北石油大学,2024,安徽,本科批,历史类,,,543,11071,
1261,东华大学,2024,安徽,本科批,历史类,,,605,2795,
1262,东华理工大学,2024,安徽,本科批,历史类,,,528,17353,
1263,东南大学,2024,安徽,本科批,历史类,,,639,604,
1265,东南大学成贤学院,2024,安徽,本科批,历史类,,,487,5070,
1268,对外经济贸易大学,2024,安徽,本科批,历史类,,,627,637,
1271,防灾科技学院,2024,安徽,本科批,历史类,,,493,25375,
1272,佛山大学,2024,安徽,本科批,历史类,,,495,31622,
1276,福建技术师范学院,2024,安徽,本科批,历史类,,,491,31622,
1277,福建江夏学院,2024,安徽,本科批,历史类,,,517,19947,
1278,福建警察学院,2024,安徽,本科批,历史类,,,521,21673,
1279,福建理工大学,2024,安徽,本科批,历史类,,,499,24291,
1281,福建农林大学,2024,安徽,本科批,历史类,,,514,12054,
1282,福建农林大学金山学院,2024,安徽,本科批,历史类,,,467,30794,
1284,福建商学院,2024,安徽,本科批,历史类,,,498,23929,
1286,福建师范大学,2024,安徽,本科批,历史类,,,592,4654,
1287,福建师范大学协和学院,2024,安徽,本科批,历史类,,,471,32401,
1293,福建中医药大学,2024,安徽,本科批,历史类,,,526,19947,
1294,福州大学,2024,安徽,本科批,历史类,,,609,2580,
1295,福州大学至诚学院,2024,安徽,本科批,历史类,,,479,37004,
1296,福州工商学院,2024,安徽,本科批,历史类,,,462,45528,
1298,福州理工学院,2024,安徽,本科批,历史类,,,466,40347,
1300,福州外语外贸学院,2024,安徽,本科批,历史类,,,463,41187,
1306,复旦大学,2024,安徽,本科批,历史类,,,660,61,
1314,甘肃政法大学,2024,安徽,本科批,历史类,,,548,11553,
1316,赣东学院,2024,安徽,本科批,历史类,,,499,29278,
1317,赣南科技学院,2024,安徽,本科批,历史类,,,498,29278,
1318,赣南师范大学,2024,安徽,本科批,历史类,,,492,19298,
1319,赣南师范大学科技学院,2024,安徽,本科批,历史类,,,487,33611,
1321,赣南医科大学,2024,安徽,本科批,历史类,,,506,24291,
1326,广东白云学院,2024,安徽,本科批,历史类,,,462,45528,
1328,广东财经大学,2024,安徽,本科批,历史类,,,577,5804,
1335,广东工商职业技术大学,2024,安徽,本科批,历史类,,,462,45528,
1336,广东工业大学,2024,安徽,本科批,历史类,,,558,8655,
1340,广东技术师范大学,2024,安徽,本科批,历史类,,,521,21673,
1343,广东金融学院,2024,安徽,本科批,历史类,,,537,16432,
1345,广东科技学院,2024,安徽,本科批,历史类,,,468,31198,
1352,广东培正学院,2024,安徽,本科批,历史类,,,452,47742,
1354,广东石油化工学院,2024,安徽,本科批,历史类,,,497,25795,
1359,广东外语外贸大学,2024,安徽,本科批,历史类,,,573,4939,
1360,广东外语外贸大学南国商学院,2024,安徽,本科批,历史类,,,464,20274,
1367,广东医科大学,2024,安徽,本科批,历史类,,,517,22787,
1372,广西财经学院,2024,安徽,本科批,历史类,,,483,25375,
1373,广西城市职业大学,2024,安徽,本科批,历史类,,,447,49518,
1382,广西科技大学,2024,安徽,本科批,历史类,,,499,25795,
1385,广西民族大学,2024,安徽,本科批,历史类,,,504,20631,
1386,广西民族大学相思湖学院,2024,安徽,本科批,历史类,,,471,38261,
1388,广西师范大学,2024,安徽,本科批,历史类,,,555,9919,
1391,广西外国语学院,2024,安徽,本科批,历史类,,,462,43355,
1394,广西艺术学院,2024,安徽,本科批,历史类,,,478,29650,
1402,广州城市理工学院,2024,安徽,本科批,历史类,,,462,38687,
1403,广州大学,2024,安徽,本科批,历史类,,,580,5656,
1406,广州工商学院,2024,安徽,本科批,历史类,,,462,45528,
1409,广州华立学院,2024,安徽,本科批,历史类,,,467,162378,
1411,广州华商学院,2024,安徽,本科批,历史类,,,462,45528,
1418,广州南方学院,2024,安徽,本科批,历史类,,,462,40775,
1421,广州商学院,2024,安徽,本科批,历史类,,,475,151000,
1426,广州新华学院,2024,安徽,本科批,历史类,,,462,37004,
1428,广州应用科技学院,2024,安徽,本科批,历史类,,,462,43355,
1429,广州中医药大学,2024,安徽,本科批,历史类,,,572,7866,
1433,贵州财经大学,2024,安徽,本科批,历史类,,,504,22049,
1434,贵州大学,2024,安徽,本科批,历史类,,,540,4250,
1436,贵州工程应用技术学院,2024,安徽,本科批,历史类,,,486,34861,
1443,贵州民族大学,2024,安徽,本科批,历史类,,,481,37413,
1445,贵州商学院,2024,安徽,本科批,历史类,,,474,40347,
1447,贵州师范学院,2024,安徽,本科批,历史类,,,491,29278,
1451,桂林电子科技大学,2024,安徽,本科批,历史类,,,528,16144,
1452,桂林航天工业学院,2024,安徽,本科批,历史类,,,490,32401,
1453,桂林理工大学,2024,安徽,本科批,历史类,,,495,26174,
1454,桂林旅游学院,2024,安徽,本科批,历史类,,,489,33611,
1458,桂林信息科技学院,2024,安徽,本科批,历史类,,,453,40347,
1459,桂林学院,2024,安徽,本科批,历史类,,,477,35265,
1460,桂林医学院,2024,安徽,本科批,历史类,,,510,25795,
1465,哈尔滨工程大学,2024,安徽,本科批,历史类,,,595,3130,
1466,哈尔滨工业大学,2024,安徽,本科批,历史类,,,628,1143,
1467,哈尔滨工业大学(深圳),2024,安徽,本科批,历史类,,,628,673,
1468,哈尔滨工业大学(威海),2024,安徽,本科批,历史类,,,623,1451,
1470,哈尔滨华德学院,2024,安徽,本科批,历史类,,,453,49518,
1471,哈尔滨剑桥学院,2024,安徽,本科批,历史类,,,447,52210,
1472,哈尔滨金融学院,2024,安徽,本科批,历史类,,,489,29650,
1475,哈尔滨商业大学,2024,安徽,本科批,历史类,,,511,22049,
1476,哈尔滨师范大学,2024,安徽,本科批,历史类,,,507,18283,
1477,哈尔滨石油学院,2024,安徽,本科批,历史类,,,464,43355,
1478,哈尔滨体育学院,2024,安徽,本科批,历史类,,,485,35703,
1480,哈尔滨学院,2024,安徽,本科批,历史类,,,496,25795,
1481,哈尔滨医科大学,2024,安徽,本科批,历史类,,,549,12301,
1484,哈尔滨职业技术大学,2024,安徽,本科批,历史类,,,478,38687,
1486,海口经济学院,2024,安徽,本科批,历史类,,,463,41623,
1488,海南大学,2024,安徽,本科批,历史类,,,516,3360,
1493,海南科技职业大学,2024,安徽,本科批,历史类,,,462,44192,
1494,海南热带海洋学院,2024,安徽,本科批,历史类,,,465,30794,
1496,海南师范大学,2024,安徽,本科批,历史类,,,483,12301,
1499,海南医科大学,2024,安徽,本科批,历史类,,,510,25795,
1502,邯郸学院,2024,安徽,本科批,历史类,,,508,26546,
1505,汉江师范学院,2024,安徽,本科批,历史类,,,513,24291,
1506,汉口学院,2024,安徽,本科批,历史类,,,486,33611,
1508,杭州电子科技大学,2024,安徽,本科批,历史类,,,577,5969,
1511,杭州师范大学,2024,安徽,本科批,历史类,,,577,6671,
1515,合肥工业大学,2024,安徽,本科批,历史类,,,598,3876,
1516,合肥工业大学,2024,安徽,本科批,历史类,,,591,4796,
1520,河北传媒学院,2024,安徽,本科批,历史类,,,463,35265,
1521,河北大学,2024,安徽,本科批,历史类,,,559,7866,
1522,河北地质大学,2024,安徽,本科批,历史类,,,473,25375,
1523,河北地质大学华信学院,2024,安徽,本科批,历史类,,,479,36538,
1524,河北东方学院,2024,安徽,本科批,历史类,,,473,38261,
1527,河北工程大学科信学院,2024,安徽,本科批,历史类,,,482,35703,
1534,河北环境工程学院,2024,安徽,本科批,历史类,,,488,34022,
1537,河北建筑工程学院,2024,安徽,本科批,历史类,,,487,33213,
1539,河北金融学院,2024,安徽,本科批,历史类,,,489,28132,
1540,河北经贸大学,2024,安徽,本科批,历史类,,,523,18283,
1542,河北科技工程职业技术大学,2024,安徽,本科批,历史类,,,487,34418,
1544,河北科技学院,2024,安徽,本科批,历史类,,,474,40347,
1551,河北师范大学,2024,安徽,本科批,历史类,,,549,7691,
1556,河北外国语学院,2024,安徽,本科批,历史类,,,463,38687,
1561,河池学院,2024,安徽,本科批,历史类,,,486,34418,
1562,河海大学,2024,安徽,本科批,历史类,,,607,1684,
1563,河南财经政法大学,2024,安徽,本科批,历史类,,,561,6331,
1564,河南财政金融学院,2024,安徽,本科批,历史类,,,500,26926,
1566,河南城建学院,2024,安徽,本科批,历史类,,,487,34861,
1567,河南大学,2024,安徽,本科批,历史类,,,560,4654,
1568,河南工程学院,2024,安徽,本科批,历史类,,,498,29650,
1570,河南工业大学,2024,安徽,本科批,历史类,,,540,12054,
1575,河南开封科技传媒学院,2024,安徽,本科批,历史类,,,480,37794,
1576,河南科技大学,2024,安徽,本科批,历史类,,,539,10849,
1577,河南科技学院,2024,安徽,本科批,历史类,,,509,23929,
1578,河南理工大学,2024,安徽,本科批,历史类,,,538,13859,
1579,河南牧业经济学院,2024,安徽,本科批,历史类,,,486,33213,
1580,河南农业大学,2024,安徽,本科批,历史类,,,523,19005,
1583,河南师范大学,2024,安徽,本科批,历史类,,,488,9477,
1590,河南中医药大学,2024,安徽,本科批,历史类,,,521,21673,
1591,河西学院,2024,安徽,本科批,历史类,,,490,32017,
1594,菏泽学院,2024,安徽,本科批,历史类,,,513,24666,
1599,黑河学院,2024,安徽,本科批,历史类,,,490,25795,
1600,黑龙江八一农垦大学,2024,安徽,本科批,历史类,,,493,26174,
1602,黑龙江财经学院,2024,安徽,本科批,历史类,,,464,43355,
1603,黑龙江大学,2024,安徽,本科批,历史类,,,572,5969,
1604,黑龙江东方学院,2024,安徽,本科批,历史类,,,456,45528,
1605,黑龙江工程学院,2024,安徽,本科批,历史类,,,490,33611,
1606,黑龙江工程学院昆仑旅游学院,2024,安徽,本科批,历史类,,,463,43792,
1607,黑龙江工业学院,2024,安徽,本科批,历史类,,,487,34022,
1611,黑龙江科技大学,2024,安徽,本科批,历史类,,,502,25375,
1623,黑龙江外国语学院,2024,安徽,本科批,历史类,,,463,45077,
1627,黑龙江中医药大学,2024,安徽,本科批,历史类,,,504,26546,
1628,衡水学院,2024,安徽,本科批,历史类,,,491,32822,
1630,衡阳师范学院,2024,安徽,本科批,历史类,,,522,17951,
1631,衡阳师范学院南岳学院,2024,安徽,本科批,历史类,,,478,38687,
1632,红河学院,2024,安徽,本科批,历史类,,,491,33213,
1633,呼伦贝尔学院,2024,安徽,本科批,历史类,,,485,35703,
1635,湖北大学,2024,安徽,本科批,历史类,,,576,6331,
1636,湖北大学知行学院,2024,安徽,本科批,历史类,,,496,9477,
1637,湖北第二师范学院,2024,安徽,本科批,历史类,,,517,21299,
1639,湖北工程学院,2024,安徽,本科批,历史类,,,512,23159,
1640,湖北工程学院新技术学院,2024,安徽,本科批,历史类,,,483,36538,
1642,湖北工业大学,2024,安徽,本科批,历史类,,,563,9042,
1643,湖北工业大学工程技术学院,2024,安徽,本科批,历史类,,,475,39486,
1648,湖北经济学院,2024,安徽,本科批,历史类,,,524,14673,
1649,湖北经济学院法商学院,2024,安徽,本科批,历史类,,,480,151000,
1650,湖北警官学院,2024,安徽,本科批,历史类,,,524,20631,
1652,湖北科技学院,2024,安徽,本科批,历史类,,,508,25795,
1654,湖北理工学院,2024,安徽,本科批,历史类,,,497,30039,
1655,湖北美术学院,2024,安徽,本科批,历史类,,,515,23929,
1656,湖北民族大学,2024,安徽,本科批,历史类,,,512,18623,
1657,湖北汽车工业学院,2024,安徽,本科批,历史类,,,497,27313,
1659,湖北商贸学院,2024,安徽,本科批,历史类,,,463,45077,
1662,湖北师范大学,2024,安徽,本科批,历史类,,,541,12565,
1663,湖北师范大学文理学院,2024,安徽,本科批,历史类,,,512,21299,
1667,湖北文理学院,2024,安徽,本科批,历史类,,,488,25795,
1668,湖北文理学院理工学院,2024,安徽,本科批,历史类,,,502,28889,
1669,湖北医药学院,2024,安徽,本科批,历史类,,,504,26546,
1674,湖北中医药大学,2024,安徽,本科批,历史类,,,522,14405,
1678,湖南财政经济学院,2024,安徽,本科批,历史类,,,514,21673,
1680,湖南城市学院,2024,安徽,本科批,历史类,,,496,29278,
1681,湖南大学,2024,安徽,本科批,历史类,,,627,694,
1686,湖南工程学院,2024,安徽,本科批,历史类,,,502,27713,
1687,湖南工程学院应用技术学院,2024,安徽,本科批,历史类,,,474,40347,
1689,湖南工商大学,2024,安徽,本科批,历史类,,,558,9263,
1690,湖南工学院,2024,安徽,本科批,历史类,,,503,26546,
1691,湖南工业大学,2024,安徽,本科批,历史类,,,542,13357,
1700,湖南科技大学,2024,安徽,本科批,历史类,,,552,9263,
1701,湖南科技大学潇湘学院,2024,安徽,本科批,历史类,,,487,32017,
1702,湖南科技学院,2024,安徽,本科批,历史类,,,508,25795,
1705,湖南理工学院,2024,安徽,本科批,历史类,,,510,23159,
1706,湖南理工学院南湖学院,2024,安徽,本科批,历史类,,,494,29650,
1707,湖南农业大学,2024,安徽,本科批,历史类,,,522,19005,
1708,湖南农业大学东方科技学院,2024,安徽,本科批,历史类,,,496,31198,
1709,湖南女子学院,2024,安徽,本科批,历史类,,,489,24666,
1715,湖南涉外经济学院,2024,安徽,本科批,历史类,,,463,41623,
1717,湖南师范大学,2024,安徽,本科批,历史类,,,595,2392,
1725,湖南文理学院,2024,安徽,本科批,历史类,,,505,25795,
1726,湖南文理学院芙蓉学院,2024,安徽,本科批,历史类,,,483,36538,
1729,湖南应用技术学院,2024,安徽,本科批,历史类,,,470,41623,
1732,湖南中医药大学,2024,安徽,本科批,历史类,,,520,10376,
1733,湖南中医药大学湘杏学院,2024,安徽,本科批,历史类,,,494,32017,
1734,湖州师范学院,2024,安徽,本科批,历史类,,,537,12565,
1735,湖州学院,2024,安徽,本科批,历史类,,,510,23929,
1737,华北电力大学(保定),2024,安徽,本科批,历史类,,,594,3483,
1738,华北电力大学(北京),2024,安徽,本科批,历史类,,,604,1600,
1739,华北科技学院,2024,安徽,本科批,历史类,,,492,23929,
1740,华北理工大学,2024,安徽,本科批,历史类,,,534,14162,
1741,华北理工大学轻工学院,2024,安徽,本科批,历史类,,,526,18283,
1743,华东交通大学,2024,安徽,本科批,历史类,,,535,9692,
1744,华东理工大学,2024,安徽,本科批,历史类,,,602,1820,
1745,华东师范大学,2024,安徽,本科批,历史类,,,629,285,
1746,华东政法大学,2024,安徽,本科批,历史类,,,615,483,
1747,华南理工大学,2024,安徽,本科批,历史类,,,622,922,
1749,华南师范大学,2024,安徽,本科批,历史类,,,603,2580,
1750,华侨大学,2024,安徽,本科批,历史类,,,569,6671,
1751,华中科技大学,2024,安徽,本科批,历史类,,,631,516,
1752,华中农业大学,2024,安徽,本科批,历史类,,,582,3254,
1753,华中师范大学,2024,安徽,本科批,历史类,,,615,1143,
1754,怀化学院,2024,安徽,本科批,历史类,,,512,22404,
1755,淮阴工学院,2024,安徽,本科批,历史类,,,517,22404,
1756,淮阴师范学院,2024,安徽,本科批,历史类,,,531,18283,
1758,黄冈师范学院,2024,安徽,本科批,历史类,,,518,22787,
1760,黄河科技学院,2024,安徽,本科批,历史类,,,477,39086,
1762,黄淮学院,2024,安徽,本科批,历史类,,,497,27713,
1769,吉利学院,2024,安徽,本科批,历史类,,,431,42505,
1770,吉林财经大学,2024,安徽,本科批,历史类,,,502,21673,
1771,吉林大学,2024,安徽,本科批,历史类,,,623,561,
1773,吉林动画学院,2024,安徽,本科批,历史类,,,445,52712,
1774,吉林工程技术师范学院,2024,安徽,本科批,历史类,,,484,36153,
1775,吉林工商学院,2024,安徽,本科批,历史类,,,490,33213,
1778,吉林建筑大学,2024,安徽,本科批,历史类,,,499,29650,
1780,吉林警察学院,2024,安徽,本科批,历史类,,,509,24666,
1781,吉林农业大学,2024,安徽,本科批,历史类,,,500,27313,
1782,吉林农业科技学院,2024,安徽,本科批,历史类,,,486,35265,
1783,吉林师范大学,2024,安徽,本科批,历史类,,,485,20936,
1784,吉林师范大学博达学院,2024,安徽,本科批,历史类,,,462,40347,
1789,吉林外国语大学,2024,安徽,本科批,历史类,,,462,37004,
1790,吉林医药学院,2024,安徽,本科批,历史类,,,487,31198,
1791,吉林艺术学院,2024,安徽,本科批,历史类,,,462,35703,
1792,吉首大学,2024,安徽,本科批,历史类,,,516,22049,
1793,集美大学,2024,安徽,本科批,历史类,,,574,6331,
1794,集美大学诚毅学院,2024,安徽,本科批,历史类,,,485,34022,
1795,济南大学,2024,安徽,本科批,历史类,,,552,8054,
1799,济宁学院,2024,安徽,本科批,历史类,,,489,33213,
1803,暨南大学,2024,安徽,本科批,历史类,,,604,2392,
1804,暨南大学,2024,安徽,本科批,历史类,,,601,3483,
1807,嘉兴大学,2024,安徽,本科批,历史类,,,541,14162,
1808,嘉兴南湖学院,2024,安徽,本科批,历史类,,,530,14957,
1811,嘉应学院,2024,安徽,本科批,历史类,,,498,30430,
1814,江汉大学,2024,安徽,本科批,历史类,,,560,8852,
1817,江南大学,2024,安徽,本科批,历史类,,,597,1754,
1824,江苏大学,2024,安徽,本科批,历史类,,,585,3756,
1825,江苏大学京江学院,2024,安徽,本科批,历史类,,,503,28501,
1830,江苏海洋大学,2024,安徽,本科批,历史类,,,558,10376,
1836,江苏科技大学,2024,安徽,本科批,历史类,,,561,8655,
1837,江苏科技大学苏州理工学院,2024,安徽,本科批,历史类,,,491,22404,
1838,江苏理工学院,2024,安徽,本科批,历史类,,,519,16699,
1843,江苏师范大学,2024,安徽,本科批,历史类,,,576,6482,
1844,江苏师范大学科文学院,2024,安徽,本科批,历史类,,,486,10849,
1849,江西财经大学,2024,安徽,本科批,历史类,,,575,3756,
1850,江西财经大学现代经济管理学院,2024,安徽,本科批,历史类,,,478,30430,
1854,江西飞行学院,2024,安徽,本科批,历史类,,,483,35265,
1856,江西服装学院,2024,安徽,本科批,历史类,,,462,37004,
1857,江西工程学院,2024,安徽,本科批,历史类,,,470,41623,
1869,江西警察学院,2024,安徽,本科批,历史类,,,522,21299,
1870,江西科技师范大学,2024,安徽,本科批,历史类,,,519,20631,
1871,江西科技学院,2024,安徽,本科批,历史类,,,474,37794,
1873,江西理工大学,2024,安徽,本科批,历史类,,,539,14405,
1875,江西农业大学,2024,安徽,本科批,历史类,,,551,11071,
1876,江西农业大学南昌商学院,2024,安徽,本科批,历史类,,,481,35703,
1878,江西软件职业技术大学,2024,安徽,本科批,历史类,,,425,49518,
1880,江西师范大学,2024,安徽,本科批,历史类,,,497,7012,
1881,江西师范大学科学技术学院,2024,安徽,本科批,历史类,,,486,33213,
1895,江西应用科技学院,2024,安徽,本科批,历史类,,,462,34022,
1899,江西中医药大学,2024,安徽,本科批,历史类,,,515,23159,
1908,金陵科技学院,2024,安徽,本科批,历史类,,,530,15854,
1911,锦州医科大学,2024,安徽,本科批,历史类,,,497,30794,
1913,晋中信息学院,2024,安徽,本科批,历史类,,,477,38687,
1914,晋中学院,2024,安徽,本科批,历史类,,,501,26926,
1915,荆楚理工学院,2024,安徽,本科批,历史类,,,494,28889,
1919,井冈山大学,2024,安徽,本科批,历史类,,,511,22049,
1920,景德镇陶瓷大学,2024,安徽,本科批,历史类,,,525,15556,
1922,景德镇学院,2024,安徽,本科批,历史类,,,514,24291,
1923,景德镇艺术职业大学,2024,安徽,本科批,历史类,,,462,42505,
1925,九江学院,2024,安徽,本科批,历史类,,,492,30039,
1929,喀什大学,2024,安徽,本科批,历史类,,,491,23929,
1938,昆明理工大学津桥学院,2024,安徽,本科批,历史类,,,469,40347,
1940,昆明文理学院,2024,安徽,本科批,历史类,,,478,37413,
1941,昆明学院,2024,安徽,本科批,历史类,,,490,23545,
1944,昆明医科大学海源学院,2024,安徽,本科批,历史类,,,478,38687,
1951,兰州财经大学,2024,安徽,本科批,历史类,,,504,22049,
1952,兰州城市学院,2024,安徽,本科批,历史类,,,489,34022,
1953,兰州大学,2024,安徽,本科批,历史类,,,615,1375,
1954,兰州工商学院,2024,安徽,本科批,历史类,,,467,43355,
1956,兰州交通大学,2024,安徽,本科批,历史类,,,526,17951,
1957,兰州理工大学,2024,安徽,本科批,历史类,,,526,16144,
1959,兰州文理学院,2024,安徽,本科批,历史类,,,491,32017,
1962,廊坊师范学院,2024,安徽,本科批,历史类,,,491,32822,
1964,乐山师范学院,2024,安徽,本科批,历史类,,,489,33213,
1965,丽江文化旅游学院,2024,安徽,本科批,历史类,,,462,41623,
1966,丽水学院,2024,安徽,本科批,历史类,,,518,20631,
1970,辽东学院,2024,安徽,本科批,历史类,,,491,32401,
1971,辽宁财贸学院,2024,安徽,本科批,历史类,,,462,41187,
1972,辽宁传媒学院,2024,安徽,本科批,历史类,,,462,43355,
1973,辽宁大学,2024,安徽,本科批,历史类,,,530,3483,
1975,辽宁对外经贸学院,2024,安徽,本科批,历史类,,,447,43355,
1976,辽宁工程技术大学,2024,安徽,本科批,历史类,,,524,18623,
1978,辽宁工业大学,2024,安徽,本科批,历史类,,,508,23159,
1988,辽宁理工学院,2024,安徽,本科批,历史类,,,457,47323,
1995,辽宁师范大学,2024,安徽,本科批,历史类,,,495,11071,
1996,辽宁师范大学海华学院,2024,安徽,本科批,历史类,,,467,20274,
2005,辽宁中医药大学,2024,安徽,本科批,历史类,,,501,21673,
2010,聊城大学,2024,安徽,本科批,历史类,,,468,16144,
2011,聊城大学东昌学院,2024,安徽,本科批,历史类,,,479,38261,
2014,临沂大学,2024,安徽,本科批,历史类,,,532,15262,
2017,岭南师范学院,2024,安徽,本科批,历史类,,,495,25375,
2018,柳州工学院,2024,安徽,本科批,历史类,,,464,40775,
2021,六盘水师范学院,2024,安徽,本科批,历史类,,,491,32017,
2022,龙岩学院,2024,安徽,本科批,历史类,,,490,29650,
2023,陇东学院,2024,安徽,本科批,历史类,,,490,33213,
2027,鲁东大学,2024,安徽,本科批,历史类,,,525,17353,
2030,洛阳理工学院,2024,安徽,本科批,历史类,,,500,26546,
2031,洛阳师范学院,2024,安徽,本科批,历史类,,,486,25035,
2035,吕梁学院,2024,安徽,本科批,历史类,,,498,30039,
2040,绵阳城市学院,2024,安徽,本科批,历史类,,,473,40775,
2042,绵阳师范学院,2024,安徽,本科批,历史类,,,509,25795,
2047,闽江学院,2024,安徽,本科批,历史类,,,542,12843,
2048,闽南科技学院,2024,安徽,本科批,历史类,,,462,41623,
2049,闽南理工学院,2024,安徽,本科批,历史类,,,436,42505,
2050,闽南师范大学,2024,安徽,本科批,历史类,,,518,20936,
2054,牡丹江师范学院,2024,安徽,本科批,历史类,,,491,30039,
2056,南昌大学,2024,安徽,本科批,历史类,,,595,3254,
2057,南昌大学科学技术学院,2024,安徽,本科批,历史类,,,497,30794,
2058,南昌工程学院,2024,安徽,本科批,历史类,,,505,19621,
2059,南昌工学院,2024,安徽,本科批,历史类,,,463,37794,
2060,南昌航空大学,2024,安徽,本科批,历史类,,,534,10376,
2061,南昌航空大学科技学院,2024,安徽,本科批,历史类,,,481,35265,
2062,南昌交通学院,2024,安徽,本科批,历史类,,,470,36538,
2063,南昌理工学院,2024,安徽,本科批,历史类,,,476,36153,
2064,南昌师范学院,2024,安徽,本科批,历史类,,,512,22787,
2065,南昌医学院,2024,安徽,本科批,历史类,,,477,31198,
2066,南昌应用技术师范学院,2024,安徽,本科批,历史类,,,475,39486,
2068,南昌职业大学,2024,安徽,本科批,历史类,,,463,37794,
2073,南方医科大学,2024,安徽,本科批,历史类,,,571,6671,
2074,南华大学,2024,安徽,本科批,历史类,,,557,9919,
2075,南华大学船山学院,2024,安徽,本科批,历史类,,,489,34022,
2076,南京财经大学,2024,安徽,本科批,历史类,,,581,5200,
2077,南京财经大学红山学院,2024,安徽,本科批,历史类,,,484,31198,
2079,南京传媒学院,2024,安徽,本科批,历史类,,,482,34022,
2080,南京大学,2024,安徽,本科批,历史类,,,655,125,
2081,南京工程学院,2024,安徽,本科批,历史类,,,558,9477,
2082,南京工业大学,2024,安徽,本科批,历史类,,,576,6845,
2083,南京工业大学浦江学院,2024,安徽,本科批,历史类,,,482,30794,
2084,南京工业职业技术大学,2024,安徽,本科批,历史类,,,516,19621,
2085,南京航空航天大学,2024,安徽,本科批,历史类,,,610,1514,
2086,南京航空航天大学金城学院,2024,安徽,本科批,历史类,,,471,35265,
2091,南京理工大学,2024,安徽,本科批,历史类,,,604,1820,
2093,南京理工大学紫金学院,2024,安徽,本科批,历史类,,,501,25375,
2094,南京林业大学,2024,安徽,本科批,历史类,,,586,3996,
2096,南京农业大学,2024,安徽,本科批,历史类,,,597,1820,
2097,南京审计大学,2024,安徽,本科批,历史类,,,598,3360,
2098,南京审计大学金审学院,2024,安徽,本科批,历史类,,,490,23545,
2099,南京师范大学,2024,安徽,本科批,历史类,,,616,1600,
2100,南京师范大学泰州学院,2024,安徽,本科批,历史类,,,494,17353,
2101,南京师范大学中北学院,2024,安徽,本科批,历史类,,,484,34022,
2103,南京特殊教育师范学院,2024,安徽,本科批,历史类,,,519,16432,
2104,南京体育学院,2024,安徽,本科批,历史类,,,515,23929,
2106,南京晓庄学院,2024,安徽,本科批,历史类,,,552,7345,
2107,南京信息工程大学,2024,安徽,本科批,历史类,,,568,3012,
2109,南京医科大学,2024,安徽,本科批,历史类,,,596,4119,
2110,南京医科大学康达学院,2024,安徽,本科批,历史类,,,539,15854,
2111,南京艺术学院,2024,安徽,本科批,历史类,,,538,10849,
2115,南开大学,2024,安徽,本科批,历史类,,,643,303,
2117,南宁师范大学,2024,安徽,本科批,历史类,,,516,21673,
2118,南宁学院,2024,安徽,本科批,历史类,,,467,42926,
2119,南通大学,2024,安徽,本科批,历史类,,,579,5969,
2120,南通大学杏林学院,2024,安徽,本科批,历史类,,,480,35703,
2122,南通理工学院,2024,安徽,本科批,历史类,,,470,40347,
2125,南阳理工学院,2024,安徽,本科批,历史类,,,493,29278,
2127,南阳师范学院,2024,安徽,本科批,历史类,,,467,24666,
2130,内江师范学院,2024,安徽,本科批,历史类,,,512,22787,
2131,内蒙古财经大学,2024,安徽,本科批,历史类,,,482,27313,
2132,内蒙古大学,2024,安徽,本科批,历史类,,,578,5804,
2136,内蒙古科技大学,2024,安徽,本科批,历史类,,,489,22404,
2137,内蒙古科技大学包头师范学院,2024,安徽,本科批,历史类,,,484,27313,
2139,内蒙古民族大学,2024,安徽,本科批,历史类,,,502,21299,
2140,内蒙古农业大学,2024,安徽,本科批,历史类,,,499,30039,
2141,内蒙古师范大学,2024,安徽,本科批,历史类,,,479,19298,
2144,宁波财经学院,2024,安徽,本科批,历史类,,,470,39486,
2146,宁波大学,2024,安徽,本科批,历史类,,,540,2908,
2147,宁波大学科学技术学院,2024,安徽,本科批,历史类,,,501,25375,
2148,宁波工程学院,2024,安徽,本科批,历史类,,,510,18623,
2149,宁波诺丁汉大学,2024,安徽,本科批,历史类,,,532,12565,
2152,宁德师范学院,2024,安徽,本科批,历史类,,,492,32822,
2154,宁夏大学,2024,安徽,本科批,历史类,,,579,5656,
2156,宁夏理工学院,2024,安徽,本科批,历史类,,,462,40775,
2157,宁夏师范大学,2024,安徽,本科批,历史类,,,497,26546,
2162,攀枝花学院,2024,安徽,本科批,历史类,,,509,26174,
2165,平顶山学院,2024,安徽,本科批,历史类,,,487,33611,
2167,萍乡学院,2024,安徽,本科批,历史类,,,490,33213,
2168,莆田学院,2024,安徽,本科批,历史类,,,470,25795,
2171,齐鲁工业大学,2024,安徽,本科批,历史类,,,541,13596,
2172,齐鲁理工学院,2024,安徽,本科批,历史类,,,466,43792,
2173,齐鲁师范学院,2024,安徽,本科批,历史类,,,519,22404,
2174,齐鲁医药学院,2024,安徽,本科批,历史类,,,470,35265,
2175,齐齐哈尔大学,2024,安徽,本科批,历史类,,,499,30039,
2177,齐齐哈尔医学院,2024,安徽,本科批,历史类,,,488,34022,
2182,青岛滨海学院,2024,安徽,本科批,历史类,,,463,41623,
2183,青岛城市学院,2024,安徽,本科批,历史类,,,466,41187,
2184,青岛大学,2024,安徽,本科批,历史类,,,570,7012,
2186,青岛工学院,2024,安徽,本科批,历史类,,,468,42926,
2188,青岛恒星科技学院,2024,安徽,本科批,历史类,,,458,45077,
2189,青岛黄海学院,2024,安徽,本科批,历史类,,,463,44629,
2192,青岛理工大学,2024,安徽,本科批,历史类,,,537,10604,
2194,青岛农业大学海都学院,2024,安徽,本科批,历史类,,,475,37004,
2198,青海民族大学,2024,安徽,本科批,历史类,,,493,32401,
2199,青海师范大学,2024,安徽,本科批,历史类,,,512,24291,
2200,清华大学,2024,安徽,本科批,历史类,,,673,19,
2202,琼台师范学院,2024,安徽,本科批,历史类,,,483,28889,
2203,曲阜师范大学,2024,安徽,本科批,历史类,,,559,8453,
2205,曲靖师范学院,2024,安徽,本科批,历史类,,,488,34418,
2216,泉州师范学院,2024,安徽,本科批,历史类,,,517,21299,
2217,泉州信息工程学院,2024,安徽,本科批,历史类,,,462,44629,
2219,泉州职业技术大学,2024,安徽,本科批,历史类,,,462,45528,
2222,三江学院,2024,安徽,本科批,历史类,,,483,34418,
2224,三明学院,2024,安徽,本科批,历史类,,,487,32822,
2226,三峡大学,2024,安徽,本科批,历史类,,,546,11553,
2227,三峡大学科技学院,2024,安徽,本科批,历史类,,,483,35703,
2233,三亚学院,2024,安徽,本科批,历史类,,,444,39926,
2236,山东财经大学,2024,安徽,本科批,历史类,,,566,5499,
2237,山东财经大学东方学院,2024,安徽,本科批,历史类,,,476,37413,
2241,山东大学,2024,安徽,本科批,历史类,,,628,713,
2242,山东大学威海分校,2024,安徽,本科批,历史类,,,623,1050,
2244,山东第一医科大学,2024,安徽,本科批,历史类,,,505,25795,
2246,山东工程职业技术大学,2024,安徽,本科批,历史类,,,462,45077,
2247,山东工商学院,2024,安徽,本科批,历史类,,,488,20631,
2249,山东工艺美术学院,2024,安徽,本科批,历史类,,,484,34022,
2250,山东管理学院,2024,安徽,本科批,历史类,,,506,25795,
2252,山东航空学院,2024,安徽,本科批,历史类,,,503,28501,
2253,山东华宇工学院,2024,安徽,本科批,历史类,,,463,43355,
2255,山东建筑大学,2024,安徽,本科批,历史类,,,540,8453,
2256,山东交通学院,2024,安徽,本科批,历史类,,,514,22049,
2259,山东科技大学,2024,安徽,本科批,历史类,,,576,7181,
2262,山东理工大学,2024,安徽,本科批,历史类,,,518,18623,
2267,山东农业大学,2024,安徽,本科批,历史类,,,530,16144,
2268,山东农业工程学院,2024,安徽,本科批,历史类,,,501,27313,
2269,山东女子学院,2024,安徽,本科批,历史类,,,487,31622,
2270,山东青年政治学院,2024,安徽,本科批,历史类,,,509,22787,
2275,山东师范大学,2024,安徽,本科批,历史类,,,570,4796,
2281,山东外国语职业技术大学,2024,安徽,本科批,历史类,,,465,40347,
2285,山东现代学院,2024,安徽,本科批,历史类,,,462,40775,
2286,山东协和学院,2024,安徽,本科批,历史类,,,469,39486,
2290,山东艺术学院,2024,安徽,本科批,历史类,,,471,32017,
2291,山东英才学院,2024,安徽,本科批,历史类,,,466,43792,
2292,山东政法学院,2024,安徽,本科批,历史类,,,545,10128,
2294,山东中医药大学,2024,安徽,本科批,历史类,,,521,19005,
2296,山西财经大学,2024,安徽,本科批,历史类,,,543,11309,
2297,山西传媒学院,2024,安徽,本科批,历史类,,,485,34418,
2298,山西大同大学,2024,安徽,本科批,历史类,,,494,24291,
2299,山西大学,2024,安徽,本科批,历史类,,,561,4518,
2301,山西工程科技职业大学,2024,安徽,本科批,历史类,,,488,34418,
2302,山西工商学院,2024,安徽,本科批,历史类,,,481,37413,
2304,山西晋中理工学院,2024,安徽,本科批,历史类,,,471,41623,
2305,山西科技学院,2024,安徽,本科批,历史类,,,494,31198,
2307,山西农业大学,2024,安徽,本科批,历史类,,,512,24291,
2309,山西师范大学,2024,安徽,本科批,历史类,,,534,16144,
2313,山西医科大学,2024,安徽,本科批,历史类,,,508,24291,
2315,山西中医药大学,2024,安徽,本科批,历史类,,,515,23929,
2318,陕西服装工程学院,2024,安徽,本科批,历史类,,,464,44629,
2321,陕西国际商贸学院,2024,安徽,本科批,历史类,,,465,41187,
2327,陕西科技大学镐京学院,2024,安徽,本科批,历史类,,,467,43355,
2328,陕西理工大学,2024,安徽,本科批,历史类,,,506,19947,
2331,陕西师范大学,2024,安徽,本科批,历史类,,,587,1514,
2333,陕西学前师范学院,2024,安徽,本科批,历史类,,,517,23159,
2337,汕头大学,2024,安徽,本科批,历史类,,,575,5969,
2339,商洛学院,2024,安徽,本科批,历史类,,,496,31198,
2342,商丘师范学院,2024,安徽,本科批,历史类,,,504,23929,
2346,上海财经大学,2024,安徽,本科批,历史类,,,630,353,
2347,上海财经大学浙江学院,2024,安徽,本科批,历史类,,,482,29278,
2350,上海大学,2024,安徽,本科批,历史类,,,600,2308,
2351,上海第二工业大学,2024,安徽,本科批,历史类,,,546,11309,
2352,上海电机学院,2024,安徽,本科批,历史类,,,527,16699,
2353,上海电力大学,2024,安徽,本科批,历史类,,,565,8852,
2357,上海对外经贸大学,2024,安徽,本科批,历史类,,,568,3626,
2358,上海工程技术大学,2024,安徽,本科批,历史类,,,556,9042,
2363,上海海事大学,2024,安徽,本科批,历史类,,,586,3756,
2364,上海海洋大学,2024,安徽,本科批,历史类,,,582,5969,
2366,上海建桥学院,2024,安徽,本科批,历史类,,,462,38261,
2369,上海交通大学,2024,安徽,本科批,历史类,,,666,61,
2374,上海理工大学,2024,安徽,本科批,历史类,,,545,7012,
2375,上海立达学院,2024,安徽,本科批,历史类,,,463,45077,
2376,上海立信会计金融学院,2024,安徽,本科批,历史类,,,552,8054,
2385,上海杉达学院,2024,安徽,本科批,历史类,,,443,34418,
2386,上海商学院,2024,安徽,本科批,历史类,,,554,8655,
2387,上海师范大学,2024,安徽,本科批,历史类,,,561,4250,
2388,上海师范大学天华学院,2024,安徽,本科批,历史类,,,442,41623,
2389,上海视觉艺术学院,2024,安徽,本科批,历史类,,,489,34022,
2391,上海体育大学,2024,安徽,本科批,历史类,,,558,8251,
2392,上海外国语大学,2024,安徽,本科批,历史类,,,618,1754,
2393,上海外国语大学贤达经济人文学院,2024,安徽,本科批,历史类,,,462,2308,
2394,上海戏剧学院,2024,安徽,本科批,历史类,,,570,3626,
2397,上海兴伟学院,2024,安徽,本科批,历史类,,,475,162378,
2398,上海音乐学院,2024,安徽,本科批,历史类,,,578,6845,
2399,上海应用技术大学,2024,安徽,本科批,历史类,,,524,10128,
2401,上海政法学院,2024,安徽,本科批,历史类,,,548,3254,
2402,上海中侨职业技术大学,2024,安徽,本科批,历史类,,,469,42505,
2404,上饶师范学院,2024,安徽,本科批,历史类,,,514,23929,
2408,韶关学院,2024,安徽,本科批,历史类,,,487,34418,
2409,邵阳学院,2024,安徽,本科批,历史类,,,491,33213,
2410,绍兴文理学院,2024,安徽,本科批,历史类,,,510,23545,
2411,绍兴文理学院元培学院,2024,安徽,本科批,历史类,,,489,27713,
2414,深圳大学,2024,安徽,本科批,历史类,,,603,2392,
2415,深圳技术大学,2024,安徽,本科批,历史类,,,565,7514,
2418,沈阳城市建设学院,2024,安徽,本科批,历史类,,,473,39486,
2419,沈阳城市学院,2024,安徽,本科批,历史类,,,463,40347,
2420,沈阳大学,2024,安徽,本科批,历史类,,,516,17353,
2422,沈阳工学院,2024,安徽,本科批,历史类,,,462,43792,
2425,沈阳化工大学,2024,安徽,本科批,历史类,,,501,25035,
2427,沈阳科技学院,2024,安徽,本科批,历史类,,,453,41623,
2428,沈阳理工大学,2024,安徽,本科批,历史类,,,520,21673,
2430,沈阳师范大学,2024,安徽,本科批,历史类,,,519,17353,
2433,沈阳医学院,2024,安徽,本科批,历史类,,,502,28889,
2434,沈阳音乐学院,2024,安徽,本科批,历史类,,,482,37004,
2436,石河子大学,2024,安徽,本科批,历史类,,,565,7345,
2441,石家庄铁道大学,2024,安徽,本科批,历史类,,,556,10604,
2442,石家庄铁道大学四方学院,2024,安徽,本科批,历史类,,,486,35265,
2445,石家庄学院,2024,安徽,本科批,历史类,,,498,27713,
2450,首都经济贸易大学,2024,安徽,本科批,历史类,,,579,6671,
2451,首都师范大学,2024,安徽,本科批,历史类,,,605,2580,
2457,四川传媒学院,2024,安徽,本科批,历史类,,,468,37413,
2458,四川大学,2024,安徽,本科批,历史类,,,614,788,
2459,四川大学锦江学院,2024,安徽,本科批,历史类,,,478,132469,
2460,四川电影电视学院,2024,安徽,本科批,历史类,,,463,40347,
2463,四川工商学院,2024,安徽,本科批,历史类,,,485,35703,
2464,四川工业科技学院,2024,安徽,本科批,历史类,,,471,37794,
2472,四川旅游学院,2024,安徽,本科批,历史类,,,492,28501,
2473,四川美术学院,2024,安徽,本科批,历史类,,,518,13596,
2476,四川轻化工大学,2024,安徽,本科批,历史类,,,525,18623,
2477,四川师范大学,2024,安徽,本科批,历史类,,,529,6671,
2478,四川外国语大学,2024,安徽,本科批,历史类,,,514,7514,
2480,四川文化艺术学院,2024,安徽,本科批,历史类,,,462,42505,
2481,四川文理学院,2024,安徽,本科批,历史类,,,491,32401,
2488,苏州城市学院,2024,安徽,本科批,历史类,,,538,13102,
2489,苏州大学,2024,安徽,本科批,历史类,,,625,994,
2490,苏州大学应用技术学院,2024,安徽,本科批,历史类,,,483,34861,
2498,苏州科技大学,2024,安徽,本科批,历史类,,,574,7181,
2499,苏州科技大学天平学院,2024,安徽,本科批,历史类,,,485,18283,
2504,宿迁学院,2024,安徽,本科批,历史类,,,510,21673,
2507,绥化学院,2024,安徽,本科批,历史类,,,488,34022,
2512,塔里木大学,2024,安徽,本科批,历史类,,,487,33611,
2515,台州学院,2024,安徽,本科批,历史类,,,520,22049,
2519,太原科技大学,2024,安徽,本科批,历史类,,,514,19298,
2520,太原理工大学,2024,安徽,本科批,历史类,,,596,3626,
2521,太原师范学院,2024,安徽,本科批,历史类,,,518,20936,
2522,太原学院,2024,安徽,本科批,历史类,,,487,33611,
2524,泰山科技学院,2024,安徽,本科批,历史类,,,467,40347,
2525,泰山学院,2024,安徽,本科批,历史类,,,490,33611,
2529,唐山师范学院,2024,安徽,本科批,历史类,,,489,138198,
2530,唐山学院,2024,安徽,本科批,历史类,,,500,29650,
2538,天津财经大学,2024,安徽,本科批,历史类,,,555,5200,
2539,天津财经大学珠江学院,2024,安徽,本科批,历史类,,,473,36153,
2540,天津城建大学,2024,安徽,本科批,历史类,,,463,23929,
2543,天津传媒学院,2024,安徽,本科批,历史类,,,464,44629,
2544,天津大学,2024,安徽,本科批,历史类,,,630,994,
2546,天津工业大学,2024,安徽,本科批,历史类,,,531,5656,
2554,天津科技大学,2024,安徽,本科批,历史类,,,555,9692,
2555,天津理工大学,2024,安徽,本科批,历史类,,,534,14162,
2556,天津理工大学中环信息学院,2024,安徽,本科批,历史类,,,473,26926,
2558,天津农学院,2024,安徽,本科批,历史类,,,504,25035,
2560,天津仁爱学院,2024,安徽,本科批,历史类,,,463,43355,
2562,天津商业大学,2024,安徽,本科批,历史类,,,524,12301,
2563,天津商业大学宝德学院,2024,安徽,本科批,历史类,,,471,23929,
2565,天津师范大学,2024,安徽,本科批,历史类,,,560,6331,
2570,天津天狮学院,2024,安徽,本科批,历史类,,,458,41623,
2572,天津外国语大学,2024,安徽,本科批,历史类,,,549,8453,
2573,天津外国语大学滨海外事学院,2024,安徽,本科批,历史类,,,470,15262,
2575,天津医科大学,2024,安徽,本科批,历史类,,,592,4654,
2576,天津医科大学临床医学院,2024,安徽,本科批,历史类,,,476,36153,
2580,天津职业技术师范大学,2024,安徽,本科批,历史类,,,517,21673,
2581,天津中德应用技术大学,2024,安徽,本科批,历史类,,,518,22787,
2582,天津中医药大学,2024,安徽,本科批,历史类,,,560,8054,
2584,天水师范学院,2024,安徽,本科批,历史类,,,497,28889,
2588,通化师范学院,2024,安徽,本科批,历史类,,,491,32822,
2589,同济大学,2024,安徽,本科批,历史类,,,643,221,
2599,潍坊科技学院,2024,安徽,本科批,历史类,,,477,38687,
2600,潍坊理工学院,2024,安徽,本科批,历史类,,,473,40775,
2602,潍坊学院,2024,安徽,本科批,历史类,,,516,22404,
2606,温州大学,2024,安徽,本科批,历史类,,,571,6671,
2608,温州肯恩大学,2024,安徽,本科批,历史类,,,487,17353,
2609,温州理工学院,2024,安徽,本科批,历史类,,,522,19621,
2610,温州商学院,2024,安徽,本科批,历史类,,,479,37413,
2614,文华学院,2024,安徽,本科批,历史类,,,479,34418,
2615,文山学院,2024,安徽,本科批,历史类,,,491,33213,
2622,无锡太湖学院,2024,安徽,本科批,历史类,,,479,33611,
2623,无锡学院,2024,安徽,本科批,历史类,,,551,11071,
2625,梧州学院,2024,安徽,本科批,历史类,,,489,27713,
2627,五邑大学,2024,安徽,本科批,历史类,,,536,16699,
2628,武昌工学院,2024,安徽,本科批,历史类,,,469,41187,
2629,武昌理工学院,2024,安徽,本科批,历史类,,,470,42097,
2630,武昌首义学院,2024,安徽,本科批,历史类,,,477,34418,
2632,武汉城市学院,2024,安徽,本科批,历史类,,,472,39086,
2634,武汉传媒学院,2024,安徽,本科批,历史类,,,462,44192,
2637,武汉大学,2024,安徽,本科批,历史类,,,644,174,
2640,武汉东湖学院,2024,安徽,本科批,历史类,,,480,35265,
2641,武汉纺织大学,2024,安徽,本科批,历史类,,,546,12301,
2642,武汉纺织大学外经贸学院,2024,安徽,本科批,历史类,,,471,15854,
2643,武汉工程大学,2024,安徽,本科批,历史类,,,565,7691,
2645,武汉工程科技学院,2024,安徽,本科批,历史类,,,468,41623,
2647,武汉工商学院,2024,安徽,本科批,历史类,,,478,34022,
2651,武汉华夏理工学院,2024,安徽,本科批,历史类,,,469,40775,
2654,武汉科技大学,2024,安徽,本科批,历史类,,,568,7012,
2656,武汉理工大学,2024,安徽,本科批,历史类,,,598,3012,
2658,武汉轻工大学,2024,安徽,本科批,历史类,,,538,12843,
2659,武汉晴川学院,2024,安徽,本科批,历史类,,,476,33213,
2662,武汉商学院,2024,安徽,本科批,历史类,,,521,21299,
2664,武汉生物工程学院,2024,安徽,本科批,历史类,,,477,36538,
2665,武汉体育学院,2024,安徽,本科批,历史类,,,495,24291,
2666,武汉体育学院体育科技学院,2024,安徽,本科批,历史类,,,472,40775,
2670,武汉文理学院,2024,安徽,本科批,历史类,,,481,36538,
2672,武汉学院,2024,安徽,本科批,历史类,,,481,36538,
2676,武夷学院,2024,安徽,本科批,历史类,,,492,27713,
2677,西安财经大学,2024,安徽,本科批,历史类,,,555,10376,
2678,西安财经大学行知学院,2024,安徽,本科批,历史类,,,470,37794,
2680,西安电子科技大学,2024,安徽,本科批,历史类,,,610,2493,
2681,西安翻译学院,2024,安徽,本科批,历史类,,,452,44192,
2683,西安工程大学,2024,安徽,本科批,历史类,,,514,13596,
2685,西安工业大学,2024,安徽,本科批,历史类,,,559,9919,
2689,西安建筑科技大学,2024,安徽,本科批,历史类,,,558,8852,
2691,西安交通大学,2024,安徽,本科批,历史类,,,638,516,
2692,西安交通工程学院,2024,安徽,本科批,历史类,,,469,39926,
2693,西安科技大学,2024,安徽,本科批,历史类,,,550,10849,
2694,西安科技大学高新学院,2024,安徽,本科批,历史类,,,467,42926,
2695,西安理工大学,2024,安徽,本科批,历史类,,,551,9477,
2696,西安美术学院,2024,安徽,本科批,历史类,,,511,23545,
2697,西安明德理工学院,2024,安徽,本科批,历史类,,,449,45528,
2698,西安欧亚学院,2024,安徽,本科批,历史类,,,443,42097,
2699,西安培华学院,2024,安徽,本科批,历史类,,,472,40347,
2700,西安汽车职业大学,2024,安徽,本科批,历史类,,,474,38687,
2701,西安石油大学,2024,安徽,本科批,历史类,,,549,10128,
2702,西安思源学院,2024,安徽,本科批,历史类,,,462,37413,
2705,西安外国语大学,2024,安徽,本科批,历史类,,,542,7691,
2706,西安外事学院,2024,安徽,本科批,历史类,,,462,43355,
2707,西安文理学院,2024,安徽,本科批,历史类,,,500,24666,
2708,西安信息职业大学,2024,安徽,本科批,历史类,,,454,44192,
2710,西安医学院,2024,安徽,本科批,历史类,,,502,28889,
2711,西安音乐学院,2024,安徽,本科批,历史类,,,476,39486,
2712,西安邮电大学,2024,安徽,本科批,历史类,,,549,12565,
2714,西北大学,2024,安徽,本科批,历史类,,,579,1684,
2716,西北工业大学,2024,安徽,本科批,历史类,,,620,1514,
2717,西北民族大学,2024,安徽,本科批,历史类,,,511,18623,
2718,西北农林科技大学,2024,安徽,本科批,历史类,,,610,2135,
2719,西北师范大学,2024,安徽,本科批,历史类,,,540,11822,
2720,西北政法大学,2024,安徽,本科批,历史类,,,605,1754,
2723,西藏农牧学院,2024,安徽,本科批,历史类,,,482,37004,
2725,西昌学院,2024,安徽,本科批,历史类,,,488,30039,
2726,西华大学,2024,安徽,本科批,历史类,,,555,11071,
2727,西华师范大学,2024,安徽,本科批,历史类,,,510,23545,
2728,西交利物浦大学,2024,安徽,本科批,历史类,,,551,12565,
2729,西京学院,2024,安徽,本科批,历史类,,,468,39486,
2730,西南财经大学,2024,安徽,本科批,历史类,,,612,1088,
2731,西南财经大学天府学院,2024,安徽,本科批,历史类,,,476,37794,
2732,西南大学,2024,安徽,本科批,历史类,,,600,2212,
2733,西南大学,2024,安徽,本科批,历史类,,,592,3012,
2734,西南交通大学,2024,安徽,本科批,历史类,,,603,2693,
2735,西南交通大学希望学院,2024,安徽,本科批,历史类,,,480,36538,
2736,西南科技大学,2024,安徽,本科批,历史类,,,542,12301,
2738,西南民族大学,2024,安徽,本科批,历史类,,,562,5804,
2739,西南石油大学,2024,安徽,本科批,历史类,,,580,6149,
2741,西南政法大学,2024,安徽,本科批,历史类,,,609,1259,
2744,厦门大学,2024,安徽,本科批,历史类,,,607,353,
2745,厦门大学嘉庚学院,2024,安徽,本科批,历史类,,,484,27313,
2747,厦门工学院,2024,安徽,本科批,历史类,,,453,36153,
2751,厦门理工学院,2024,安徽,本科批,历史类,,,519,21673,
2759,咸阳师范学院,2024,安徽,本科批,历史类,,,482,30039,
2761,湘南学院,2024,安徽,本科批,历史类,,,511,23929,
2763,湘潭大学,2024,安徽,本科批,历史类,,,583,2795,
2764,湘潭理工学院,2024,安徽,本科批,历史类,,,477,158149,
2770,新疆财经大学,2024,安徽,本科批,历史类,,,489,29650,
2771,新疆大学,2024,安徽,本科批,历史类,,,583,4396,
2773,新疆工程学院,2024,安徽,本科批,历史类,,,483,36153,
2774,新疆和田学院,2024,安徽,本科批,历史类,,,482,36153,
2776,新疆警察学院,2024,安徽,本科批,历史类,,,500,29650,
2777,新疆科技学院,2024,安徽,本科批,历史类,,,484,34418,
2780,新疆理工学院,2024,安徽,本科批,历史类,,,484,34861,
2782,新疆农业大学,2024,安徽,本科批,历史类,,,482,32822,
2786,新疆师范大学,2024,安徽,本科批,历史类,,,486,24666,
2788,新疆天山职业技术大学,2024,安徽,本科批,历史类,,,463,37794,
2790,新疆艺术学院,2024,安徽,本科批,历史类,,,480,37794,
2792,新疆政法学院,2024,安徽,本科批,历史类,,,489,26546,
2794,新乡学院,2024,安徽,本科批,历史类,,,468,42926,
2797,新余学院,2024,安徽,本科批,历史类,,,500,20274,
2799,信阳农林学院,2024,安徽,本科批,历史类,,,491,32401,
2801,信阳师范大学,2024,安徽,本科批,历史类,,,511,25375,
2802,信阳学院,2024,安徽,本科批,历史类,,,491,32822,
2805,邢台学院,2024,安徽,本科批,历史类,,,490,32017,
2807,兴义民族师范学院,2024,安徽,本科批,历史类,,,496,31198,
2808,徐州工程学院,2024,安徽,本科批,历史类,,,516,22049,
2813,许昌学院,2024,安徽,本科批,历史类,,,487,30430,
2815,烟台大学,2024,安徽,本科批,历史类,,,548,11071,
2818,烟台科技学院,2024,安徽,本科批,历史类,,,462,42926,
2819,烟台理工学院,2024,安徽,本科批,历史类,,,484,34861,
2820,烟台南山学院,2024,安徽,本科批,历史类,,,468,40347,
2824,延安大学,2024,安徽,本科批,历史类,,,525,20274,
2825,延安大学西安创新学院,2024,安徽,本科批,历史类,,,475,39926,
2827,延边大学,2024,安徽,本科批,历史类,,,575,5656,
2831,盐城师范学院,2024,安徽,本科批,历史类,,,527,19621,
2833,燕山大学,2024,安徽,本科批,历史类,,,558,9919,
2834,扬州大学,2024,安徽,本科批,历史类,,,585,3756,
2835,扬州大学广陵学院,2024,安徽,本科批,历史类,,,489,30039,
2839,阳光学院,2024,安徽,本科批,历史类,,,463,43355,
2841,伊犁师范大学,2024,安徽,本科批,历史类,,,489,33611,
2843,宜宾学院,2024,安徽,本科批,历史类,,,500,27313,
2846,宜春学院,2024,安徽,本科批,历史类,,,493,26546,
2856,右江民族医学院,2024,安徽,本科批,历史类,,,498,30430,
2858,榆林学院,2024,安徽,本科批,历史类,,,491,32822,
2859,玉林师范学院,2024,安徽,本科批,历史类,,,481,28501,
2860,玉溪师范学院,2024,安徽,本科批,历史类,,,489,28501,
2861,豫章师范学院,2024,安徽,本科批,历史类,,,510,24291,
2863,云南财经大学,2024,安徽,本科批,历史类,,,508,17353,
2865,云南大学,2024,安徽,本科批,历史类,,,583,3876,
2871,云南经济管理学院,2024,安徽,本科批,历史类,,,479,38261,
2876,云南民族大学,2024,安徽,本科批,历史类,,,507,25795,
2878,云南农业大学,2024,安徽,本科批,历史类,,,492,28889,
2880,云南师范大学,2024,安徽,本科批,历史类,,,492,15854,
2883,云南艺术学院,2024,安徽,本科批,历史类,,,482,35265,
2884,云南中医药大学,2024,安徽,本科批,历史类,,,518,22787,
2889,运城职业技术大学,2024,安徽,本科批,历史类,,,470,42097,
2896,张家口学院,2024,安徽,本科批,历史类,,,499,28889,
2902,昭通学院,2024,安徽,本科批,历史类,,,490,33611,
2903,肇庆学院,2024,安徽,本科批,历史类,,,493,25035,
2905,浙大城市学院,2024,安徽,本科批,历史类,,,515,9477,
2906,浙大宁波理工学院,2024,安徽,本科批,历史类,,,544,11553,
2908,浙江财经大学,2024,安徽,本科批,历史类,,,561,4119,
2909,浙江财经大学东方学院,2024,安徽,本科批,历史类,,,485,13596,
2910,浙江传媒学院,2024,安徽,本科批,历史类,,,523,10376,
2911,浙江大学,2024,安徽,本科批,历史类,,,657,102,
2916,浙江工商大学,2024,安徽,本科批,历史类,,,581,3876,
2917,浙江工商大学杭州商学院,2024,安徽,本科批,历史类,,,477,34861,
2919,浙江工业大学,2024,安徽,本科批,历史类,,,590,4654,
2920,浙江工业大学之江学院,2024,安徽,本科批,历史类,,,485,35703,
2922,浙江广厦建设职业技术大学,2024,安徽,本科批,历史类,,,454,38261,
2933,浙江科技大学,2024,安徽,本科批,历史类,,,530,13357,
2934,浙江理工大学,2024,安徽,本科批,历史类,,,578,6482,
2937,浙江农林大学,2024,安徽,本科批,历史类,,,571,7345,
2941,浙江师范大学,2024,安徽,本科批,历史类,,,509,6149,
2942,浙江师范大学行知学院,2024,安徽,本科批,历史类,,,492,7691,
2943,浙江树人学院,2024,安徽,本科批,历史类,,,474,36153,
2947,浙江外国语学院,2024,安徽,本科批,历史类,,,530,14405,
2948,浙江万里学院,2024,安徽,本科批,历史类,,,497,26174,
2954,浙江越秀外国语学院,2024,安徽,本科批,历史类,,,446,41187,
2955,浙江中医药大学,2024,安徽,本科批,历史类,,,542,14162,
2958,郑州财经学院,2024,安徽,本科批,历史类,,,477,35703,
2959,郑州大学,2024,安徽,本科批,历史类,,,600,2057,
2961,郑州工程技术学院,2024,安徽,本科批,历史类,,,491,32822,
2962,郑州工商学院,2024,安徽,本科批,历史类,,,484,35265,
2963,郑州工业应用技术学院,2024,安徽,本科批,历史类,,,473,40775,
2964,郑州航空工业管理学院,2024,安徽,本科批,历史类,,,497,26174,
2965,郑州经贸学院,2024,安徽,本科批,历史类,,,477,38261,
2967,郑州科技学院,2024,安徽,本科批,历史类,,,469,37004,
2970,郑州轻工业大学,2024,安徽,本科批,历史类,,,525,17951,
2971,郑州商学院,2024,安徽,本科批,历史类,,,479,38261,
2972,郑州升达经贸管理学院,2024,安徽,本科批,历史类,,,474,36153,
2973,郑州师范学院,2024,安徽,本科批,历史类,,,514,24291,
2977,郑州西亚斯学院,2024,安徽,本科批,历史类,,,456,38687,
2981,中北大学,2024,安徽,本科批,历史类,,,533,14673,
2982,中国传媒大学,2024,安徽,本科批,历史类,,,609,1318,
2983,中国地质大学(北京),2024,安徽,本科批,历史类,,,600,3483,
2984,中国地质大学(武汉),2024,安徽,本科批,历史类,,,601,3012,
2985,中国海洋大学,2024,安徽,本科批,历史类,,,614,1259,
2990,中国矿业大学(北京),2024,安徽,本科批,历史类,,,599,3626,
2991,中国矿业大学徐海学院,2024,安徽,本科批,历史类,,,482,34418,
2992,中国劳动关系学院,2024,安徽,本科批,历史类,,,523,14162,
2993,中国美术学院,2024,安徽,本科批,历史类,,,575,5200,
2994,中国民航大学,2024,安徽,本科批,历史类,,,574,5331,
2995,中国民用航空飞行学院,2024,安徽,本科批,历史类,,,499,28132,
2996,中国农业大学,2024,安徽,本科批,历史类,,,608,994,
2997,中国人民大学,2024,安徽,本科批,历史类,,,659,52,
2998,中国人民大学,2024,安徽,本科批,历史类,,,629,994,
2999,中国人民公安大学,2024,安徽,本科批,历史类,,,617,1892,
3001,中国社会科学院大学,2024,安徽,本科批,历史类,,,615,1600,
3002,中国石油大学(北京),2024,安徽,本科批,历史类,,,603,3254,
3003,中国石油大学(北京)克拉玛依校区,2024,安徽,本科批,历史类,,,574,6671,
3004,中国石油大学(华东),2024,安徽,本科批,历史类,,,597,3254,
3005,中国戏曲学院,2024,安徽,本科批,历史类,,,564,7866,
3008,中国药科大学,2024,安徽,本科批,历史类,,,600,3360,
3011,中国政法大学,2024,安徽,本科批,历史类,,,628,209,
3012,中华女子学院,2024,安徽,本科批,历史类,,,522,16699,
3013,中南财经政法大学,2024,安徽,本科批,历史类,,,560,1451,
3014,中南大学,2024,安徽,本科批,历史类,,,630,752,
3015,中南林业科技大学,2024,安徽,本科批,历史类,,,542,11822,
3016,中南林业科技大学涉外学院,2024,安徽,本科批,历史类,,,482,37004,
3017,中南民族大学,2024,安徽,本科批,历史类,,,562,6331,
3018,中山大学,2024,安徽,本科批,历史类,,,637,446,
3021,中央财经大学,2024,安徽,本科批,历史类,,,626,561,
3022,中央美术学院,2024,安徽,本科批,历史类,,,565,1684,
3023,中央民族大学,2024,安徽,本科批,历史类,,,618,1451,
3025,中央戏剧学院,2024,安徽,本科批,历史类,,,590,4250,
3027,中原工学院,2024,安徽,本科批,历史类,,,506,23545,
3028,中原科技学院,2024,安徽,本科批,历史类,,,484,35265,
3030,周口师范学院,2024,安徽,本科批,历史类,,,483,27313,
3033,珠海科技学院,2024,安徽,本科批,历史类,,,483,33213,
3039,遵义师范学院,2024,安徽,本科批,历史类,,,504,28132,
5001,南京大学,2024,安徽,本科批,历史类,,,646,388,
9001,安徽大学,2024,安徽,本科批,历史类,,,586,2308,
9002,安徽财经大学,2024,安徽,本科批,历史类,,,547,8655,
9003,安徽工程大学,2024,安徽,本科批,历史类,,,530,13357,
9004,安徽工业大学,2024,安徽,本科批,历史类,,,532,11216,
9005,安徽建筑大学,2024,安徽,本科批,历史类,,,540,12163,
9006,安徽理工大学,2024,安徽,本科批,历史类,,,548,11833,
9007,安徽农业大学,2024,安徽,本科批,历史类,,,561,8054,
9008,安徽师范大学,2024,安徽,本科批,历史类,,,481,6149,
9009,安徽医科大学,2024,安徽,本科批,历史类,,,517,11309,
9010,安徽中医药大学,2024,安徽,本科批,历史类,,,523,18283,
9011,安庆师范大学,2024,安徽,本科批,历史类,,,530,13596,
9012,淮北师范大学,2024,安徽,本科批,历史类,,,472,19005,
9013,阜阳师范大学,2024,安徽,本科批,历史类,,,462,16432,
9014,蚌埠医科大学,2024,安徽,本科批,历史类,,,518,21673,
9015,合肥大学,2024,安徽,本科批,历史类,,,506,12301,
9101,安徽科技学院,2024,安徽,本科批,历史类,,,513,22404,
9102,蚌埠学院,2024,安徽,本科批,历史类,,,499,27313,
9104,亳州学院,2024,安徽,本科批,历史类,,,492,31622,
9105,巢湖学院,2024,安徽,本科批,历史类,,,485,25795,
9106,池州学院,2024,安徽,本科批,历史类,,,492,26926,
9107,滁州学院,2024,安徽,本科批,历史类,,,506,22787,
9109,合肥师范学院,2024,安徽,本科批,历史类,,,521,19005,
9111,淮南师范学院,2024,安徽,本科批,历史类,,,513,22404,
9112,黄山学院,2024,安徽,本科批,历史类,,,476,28501,
9113,铜陵学院,2024,安徽,本科批,历史类,,,497,23929,
9114,皖南医学院,2024,安徽,本科批,历史类,,,513,22787,
9115,皖西学院,2024,安徽,本科批,历史类,,,510,22404,
9116,宿州学院,2024,安徽,本科批,历史类,,,494,28501,
9117,安徽艺术学院,2024,安徽,本科批,历史类,,,490,33213,
9201,蚌埠工商学院,2024,安徽,本科批,历史类,,,470,38261,
9203,马鞍山学院,2024,安徽,本科批,历史类,,,462,43355,
9204,合肥城市学院,2024,安徽,本科批,历史类,,,468,41623,
9205,合肥经济学院,2024,安徽,本科批,历史类,,,479,34861,
9206,安徽三联学院,2024,安徽,本科批,历史类,,,462,45077,
9207,芜湖学院,2024,安徽,本科批,历史类,,,486,33611,
9208,安徽外国语学院,2024,安徽,本科批,历史类,,,462,35265,
9209,安徽文达信息工程学院,2024,安徽,本科批,历史类,,,462,44192,
9210,安徽新华学院,2024,安徽,本科批,历史类,,,462,40775,
9211,安徽信息工程学院,2024,安徽,本科批,历史类,,,462,45528,
9212,安徽医科大学临床医学院,2024,安徽,本科批,历史类,,,485,35703,
9213,阜阳理工学院,2024,安徽,本科批,历史类,,,484,34022,
9214,皖江工学院,2024,安徽,本科批,历史类,,,466,39926,
9215,淮北理工学院,2024,安徽,本科批,历史类,,,473,37004,
1058,北京师范大学,2024,安徽,本科提前批-优师专项,历史类,,,610,2308,
1257,东北师范大学,2024,安徽,本科提前批-优师专项,历史类,,,604,2908,
1745,华东师范大学,2024,安徽,本科提前批-优师专项,历史类,,,613,1259,
1753,华中师范大学,2024,安徽,本科提前批-优师专项,历史类,,,620,788,
2331,陕西师范大学,2024,安徽,本科提前批-优师专项,历史类,,,607,2693,
2732,西南大学,2024,安徽,本科提前批-优师专项,历史类,,,610,2493,
9008,安徽师范大学,2024,安徽,本科提前批-优师专项,历史类,,,570,7012,
2089,南京警察学院,2024,安徽,本科提前批-公安,历史类,,,522,1684,
2873,云南警官学院,2024,安徽,本科提前批-公安,历史类,,,528,7866,
2966,郑州警察学院,2024,安徽,本科提前批-公安,历史类,,,534,7514,
2999,中国人民公安大学,2024,安徽,本科提前批-公安,历史类,,,536,143,
3000,中国人民警察大学,2024,安徽,本科提前批-公安,历史类,,,583,3130,
3007,中国刑事警察学院,2024,安徽,本科提前批-公安,历史类,,,480,1143,
9118,安徽公安学院,2024,安徽,本科提前批-公安,历史类,,,536,68938,
1057,北京师范大学,2024,安徽,本科提前批-公费师范生,历史类,,,639,637,
1257,东北师范大学,2024,安徽,本科提前批-公费师范生,历史类,,,624,1259,
1745,华东师范大学,2024,安徽,本科提前批-公费师范生,历史类,,,638,446,
1753,华中师范大学,2024,安徽,本科提前批-公费师范生,历史类,,,621,752,
2331,陕西师范大学,2024,安徽,本科提前批-公费师范生,历史类,,,627,873,
2732,西南大学,2024,安徽,本科提前批-公费师范生,历史类,,,621,1451,
1029,北京大学,2024,安徽,本科提前批-其他,历史类,,,668,34,
1033,北京电子科技学院,2024,安徽,本科提前批-其他,历史类,,,631,994,
1057,北京师范大学,2024,安徽,本科提前批-其他,历史类,,,603,3130,
1071,北京语言大学,2024,安徽,本科提前批-其他,历史类,,,575,4939,
1268,对外经济贸易大学,2024,安徽,本科提前批-其他,历史类,,,620,1600,
1461,国际关系学院,2024,安徽,本科提前批-其他,历史类,,,591,2493,
1603,黑龙江大学,2024,安徽,本科提前批-其他,历史类,,,518,10849,
1746,华东政法大学,2024,安徽,本科提前批-其他,历史类,,,570,4518,
1771,吉林大学,2024,安徽,本科提前批-其他,历史类,,,628,1143,
1880,江西师范大学,2024,安徽,本科提前批-其他,历史类,,,575,7345,
2115,南开大学,2024,安徽,本科提前批-其他,历史类,,,639,637,
2200,清华大学,2024,安徽,本科提前批-其他,历史类,,,669,33,
2241,山东大学,2024,安徽,本科提前批-其他,历史类,,,624,1375,
2362,上海海关学院,2024,安徽,本科提前批-其他,历史类,,,619,1754,
2392,上海外国语大学,2024,安徽,本科提前批-其他,历史类,,,613,1600,
2458,四川大学,2024,安徽,本科提前批-其他,历史类,,,629,1088,
2478,四川外国语大学,2024,安徽,本科提前批-其他,历史类,,,504,14957,
2593,外交学院,2024,安徽,本科提前批-其他,历史类,,,624,1259,
2637,武汉大学,2024,安徽,本科提前批-其他,历史类,,,646,388,
2691,西安交通大学,2024,安徽,本科提前批-其他,历史类,,,638,673,
2705,西安外国语大学,2024,安徽,本科提前批-其他,历史类,,,531,9263,
2741,西南政法大学,2024,安徽,本科提前批-其他,历史类,,,586,5499,
2786,新疆师范大学,2024,安徽,本科提前批-其他,历史类,,,500,29650,
2911,浙江大学,2024,安徽,本科提前批-其他,历史类,,,649,303,
2982,中国传媒大学,2024,安徽,本科提前批-其他,历史类,,,611,2392,
2997,中国人民大学,2024,安徽,本科提前批-其他,历史类,,,651,268,
2998,中国人民大学,2024,安徽,本科提前批-其他,历史类,,,626,1259,
3013,中南财经政法大学,2024,安徽,本科提前批-其他,历史类,,,523,6331,
3024,中央司法警官学院,2024,安徽,本科提前批-其他,历史类,,,471,41623,
8101,香港城市大学,2024,安徽,本科提前批-其他,历史类,,,615,2057,
8104,香港中文大学(深圳),2024,安徽,本科提前批-其他,历史类,,,628,1050,
9008,安徽师范大学,2024,安徽,本科提前批-其他,历史类,,,566,9042,
6001,国防科技大学,2024,安徽,本科提前批-军事院校,历史类,,,617,1892,
6025,武警警官学院,2024,安徽,本科提前批-军事院校,历史类,,,605,3012,
6027,武警海警学院,2024,安徽,本科提前批-军事院校,历史类,,,619,1754,
3024,中央司法警官学院,2024,安徽,本科提前批-司法及应急消防,历史类,,,513,20631,
9008,安徽师范大学,2024,安徽,本科提前批-定向培养乡村教师,历史类,,,496,31198,
9011,安庆师范大学,2024,安徽,本科提前批-定向培养乡村教师,历史类,,,487,34861,
9012,淮北师范大学,2024,安徽,本科提前批-定向培养乡村教师,历史类,,,492,32822,
9013,阜阳师范大学,2024,安徽,本科提前批-定向培养乡村教师,历史类,,,475,8453,
9109,合肥师范学院,2024,安徽,本科提前批-定向培养乡村教师,历史类,,,491,49065,
9111,淮南师范学院,2024,安徽,本科提前批-定向培养乡村教师,历史类,,,482,37004,
1062,北京外国语大学,2024,安徽,本科提前批-综合评价,历史类,,,588,1140,
1947,昆山杜克大学,2024,安徽,本科提前批-综合评价,历史类,,,622,1514,
2413,深圳北理莫斯科大学,2024,安徽,本科提前批-综合评价,历史类,,,522,19298,
1002,安康职业技术学院,2024,安徽,高职专科,历史类,,,298,87910,
1005,安阳幼儿师范高等专科学校,2024,安徽,高职专科,历史类,,,257,125427,
1006,安阳职业技术学院,2024,安徽,高职专科,历史类,,,281,106299,
1007,鞍山师范学院,2024,安徽,高职专科,历史类,,,352,97434,
1008,鞍山职业技术学院,2024,安徽,高职专科,历史类,,,276,121962,
1009,巴中职业技术学院,2024,安徽,高职专科,历史类,,,256,123972,
1011,白城职业技术学院,2024,安徽,高职专科,历史类,,,260,125910,
1012,白银希望职业技术学院,2024,安徽,高职专科,历史类,,,211,133785,
1013,包头轻工职业技术学院,2024,安徽,高职专科,历史类,,,257,126581,
1014,包头铁道职业技术学院,2024,安徽,高职专科,历史类,,,378,86418,
1015,包头职业技术学院,2024,安徽,高职专科,历史类,,,234,131275,
1016,宝鸡三和职业学院,2024,安徽,高职专科,历史类,,,260,122955,
1018,宝鸡职业技术学院,2024,安徽,高职专科,历史类,,,320,89785,
1019,宝鸡中北职业学院,2024,安徽,高职专科,历史类,,,247,97852,
1021,保险职业学院,2024,安徽,高职专科,历史类,,,234,131275,
1034,北京电子科技职业学院,2024,安徽,高职专科,历史类,,,444,52210,
1038,北京工业职业技术学院,2024,安徽,高职专科,历史类,,,427,61693,
1044,北京交通运输职业学院,2024,安徽,高职专科,历史类,,,413,53215,
1046,北京经济管理职业学院,2024,安徽,高职专科,历史类,,,372,78984,
1047,北京经济技术职业学院,2024,安徽,高职专科,历史类,,,305,72769,
1050,北京科技经营管理学院,2024,安徽,高职专科,历史类,,,265,124700,
1055,北京农业职业学院,2024,安徽,高职专科,历史类,,,431,59885,
1056,北京培黎职业学院,2024,安徽,高职专科,历史类,,,222,120930,
1067,北京信息职业技术学院,2024,安徽,高职专科,历史类,,,387,66693,
1072,北京政法职业学院,2024,安徽,高职专科,历史类,,,426,60341,
1074,北京中医药大学东方学院,2024,安徽,高职专科,历史类,,,396,77485,
1075,滨州科技职业学院,2024,安徽,高职专科,历史类,,,231,124700,
1078,博尔塔拉职业技术学院,2024,安徽,高职专科,历史类,,,246,100774,
1079,渤海船舶职业学院,2024,安徽,高职专科,历史类,,,286,104568,
1081,渤海理工职业学院,2024,安徽,高职专科,历史类,,,219,133419,
1082,沧州航空职业学院,2024,安徽,高职专科,历史类,,,215,128761,
1084,沧州医学高等专科学校,2024,安徽,高职专科,历史类,,,436,193863,
1087,长白山职业技术学院,2024,安徽,高职专科,历史类,,,280,120930,
1096,长春金融高等专科学校,2024,安徽,高职专科,历史类,,,315,92084,
1102,长春师范高等专科学校,2024,安徽,高职专科,历史类,,,257,108993,
1103,长春医学高等专科学校,2024,安徽,高职专科,历史类,,,460,182639,
1107,长江大学文理学院,2024,安徽,高职专科,历史类,,,363,93474,
1108,长江工程职业技术学院,2024,安徽,高职专科,历史类,,,324,97025,
1110,长江艺术工程职业学院,2024,安徽,高职专科,历史类,,,254,95733,
1111,长江职业学院,2024,安徽,高职专科,历史类,,,337,103437,
1112,长沙航空职业技术学院,2024,安徽,高职专科,历史类,,,452,49933,
1113,长沙环境保护职业技术学院,2024,安徽,高职专科,历史类,,,360,269397,
1116,长沙民政职业技术学院,2024,安徽,高职专科,历史类,,,451,29650,
1117,长沙南方职业学院,2024,安徽,高职专科,历史类,,,243,125193,
1120,长沙卫生职业学院,2024,安徽,高职专科,历史类,,,443,34418,
1129,常州纺织服装职业技术学院,2024,安徽,高职专科,历史类,,,307,101912,
1130,常州工程职业技术学院,2024,安徽,高职专科,历史类,,,386,71764,
1132,常州工业职业技术学院,2024,安徽,高职专科,历史类,,,341,92541,
1133,常州机电职业技术学院,2024,安徽,高职专科,历史类,,,409,48650,
1134,常州信息职业技术学院,2024,安徽,高职专科,历史类,,,440,50387,
1135,朝阳师范学院,2024,安徽,高职专科,历史类,,,374,67656,
1138,成都纺织高等专科学校,2024,安徽,高职专科,历史类,,,429,195057,
1144,成都农业科技职业学院,2024,安徽,高职专科,历史类,,,401,74871,
1147,成都外国语学院,2024,安徽,高职专科,历史类,,,388,62190,
1154,承德护理职业学院,2024,安徽,高职专科,历史类,,,396,69217,
1158,重庆财经职业学院,2024,安徽,高职专科,历史类,,,405,72769,
1159,重庆城市管理职业学院,2024,安徽,高职专科,历史类,,,425,62702,
1162,重庆传媒职业学院,2024,安徽,高职专科,历史类,,,263,88395,
1166,重庆电力高等专科学校,2024,安徽,高职专科,历史类,,,439,49518,
1167,重庆电信职业学院,2024,安徽,高职专科,历史类,,,222,129817,
1168,重庆电子科技职业大学,2024,安徽,高职专科,历史类,,,433,55113,
1174,重庆工商职业学院,2024,安徽,高职专科,历史类,,,403,69217,
1175,重庆工业职业技术学院,2024,安徽,高职专科,历史类,,,420,59885,
1176,重庆海联职业技术学院,2024,安徽,高职专科,历史类,,,332,95281,
1177,重庆航天职业技术学院,2024,安徽,高职专科,历史类,,,379,85946,
1179,重庆建筑工程职业学院,2024,安徽,高职专科,历史类,,,388,80011,
1180,重庆建筑科技职业学院,2024,安徽,高职专科,历史类,,,287,87910,
1184,重庆科技职业学院,2024,安徽,高职专科,历史类,,,254,125672,
1186,重庆理工职业学院,2024,安徽,高职专科,历史类,,,365,92541,
1187,重庆旅游职业学院,2024,安徽,高职专科,历史类,,,274,120451,
1188,重庆轻工职业学院,2024,安徽,高职专科,历史类,,,200,132527,
1193,重庆商务职业学院,2024,安徽,高职专科,历史类,,,412,62702,
1195,重庆数字产业职业技术学院,2024,安徽,高职专科,历史类,,,204,313268,
1196,重庆水利电力职业技术学院,2024,安徽,高职专科,历史类,,,408,71243,
1199,重庆现代制造职业学院,2024,安徽,高职专科,历史类,,,205,312696,
1200,重庆信息技术职业学院,2024,安徽,高职专科,历史类,,,251,126365,
1202,重庆医药高等专科学校,2024,安徽,高职专科,历史类,,,463,39086,
1204,重庆艺术工程职业学院,2024,安徽,高职专科,历史类,,,210,132680,
1206,重庆幼儿师范高等专科学校,2024,安徽,高职专科,历史类,,,421,64670,
1207,重庆智能工程职业学院,2024,安徽,高职专科,历史类,,,217,133667,
1210,楚雄医药高等专科学校,2024,安徽,高职专科,历史类,,,279,91619,
1212,川南幼儿师范高等专科学校,2024,安徽,高职专科,历史类,,,299,115957,
1214,大连财经学院,2024,安徽,高职专科,历史类,,,224,113770,
1217,大连枫叶职业技术学院,2024,安徽,高职专科,历史类,,,205,127956,
1222,大连航运职业技术学院,2024,安徽,高职专科,历史类,,,269,123742,
1229,大连汽车职业技术学院,2024,安徽,高职专科,历史类,,,246,128998,
1234,大连职业技术学院,2024,安徽,高职专科,历史类,,,267,122431,
1235,大连装备制造职业技术学院,2024,安徽,高职专科,历史类,,,217,133667,
1237,大庆医学高等专科学校,2024,安徽,高职专科,历史类,,,364,84535,
1238,大庆职业学院,2024,安徽,高职专科,历史类,,,280,103437,
1239,大兴安岭职业学院,2024,安徽,高职专科,历史类,,,268,123972,
1240,德宏职业学院,2024,安徽,高职专科,历史类,,,365,77485,
1241,德阳城市轨道交通职业学院,2024,安徽,高职专科,历史类,,,280,120930,
1242,德阳农业科技职业学院,2024,安徽,高职专科,历史类,,,216,117343,
1243,德州工程职业学院,2024,安徽,高职专科,历史类,,,206,132680,
1244,德州科技职业学院,2024,安徽,高职专科,历史类,,,258,70214,
1260,东莞职业技术学院,2024,安徽,高职专科,历史类,,,367,85001,
1266,东营科技职业学院,2024,安徽,高职专科,历史类,,,220,125672,
1267,东营职业学院,2024,安徽,高职专科,历史类,,,248,126581,
1269,鄂州职业大学,2024,安徽,高职专科,历史类,,,329,94378,
1270,恩施职业技术学院,2024,安徽,高职专科,历史类,,,265,124457,
1273,福建船政交通职业学院,2024,安徽,高职专科,历史类,,,330,97852,
1274,福建电力职业技术学院,2024,安徽,高职专科,历史类,,,435,204502,
1280,福建林业职业技术学院,2024,安徽,高职专科,历史类,,,275,67656,
1283,福建农业职业技术学院,2024,安徽,高职专科,历史类,,,361,94378,
1285,福建生物工程职业技术学院,2024,安徽,高职专科,历史类,,,257,110269,
1288,福建水利电力职业技术学院,2024,安徽,高职专科,历史类,,,374,244747,
1289,福建卫生职业技术学院,2024,安徽,高职专科,历史类,,,351,65174,
1290,福建信息职业技术学院,2024,安徽,高职专科,历史类,,,306,107007,
1297,福州黎明职业技术学院,2024,安徽,高职专科,历史类,,,233,130198,
1299,福州软件职业技术学院,2024,安徽,高职专科,历史类,,,220,133167,
1301,福州英华职业学院,2024,安徽,高职专科,历史类,,,206,308966,
1302,福州职业技术学院,2024,安徽,高职专科,历史类,,,316,54625,
1303,抚顺师范高等专科学校,2024,安徽,高职专科,历史类,,,211,93023,
1304,抚顺职业技术学院,2024,安徽,高职专科,历史类,,,208,97852,
1305,阜新高等专科学校,2024,安徽,高职专科,历史类,,,331,286765,
1308,甘肃工业职业技术学院,2024,安徽,高职专科,历史类,,,286,114346,
1309,甘肃林业职业技术大学,2024,安徽,高职专科,历史类,,,333,254960,
1312,甘肃卫生职业学院,2024,安徽,高职专科,历史类,,,418,218072,
1322,赣西科技职业学院,2024,安徽,高职专科,历史类,,,246,64670,
1323,赣州师范高等专科学校,2024,安徽,高职专科,历史类,,,388,73775,
1324,赣州职业技术学院,2024,安徽,高职专科,历史类,,,296,113204,
1325,共青科技职业学院,2024,安徽,高职专科,历史类,,,247,128578,
1327,广东碧桂园职业学院,2024,安徽,高职专科,历史类,,,213,123972,
1329,广东财贸职业学院,2024,安徽,高职专科,历史类,,,283,120183,
1330,广东创新科技职业学院,2024,安徽,高职专科,历史类,,,204,134920,
1333,广东工程职业技术学院,2024,安徽,高职专科,历史类,,,243,109644,
1334,广东工贸职业技术学院,2024,安徽,高职专科,历史类,,,354,88395,
1335,广东工商职业技术大学,2024,安徽,高职专科,历史类,,,259,123488,
1338,广东环境保护工程职业学院,2024,安徽,高职专科,历史类,,,260,117880,
1339,广东机电职业技术学院,2024,安徽,高职专科,历史类,,,266,120451,
1341,广东建设职业技术学院,2024,安徽,高职专科,历史类,,,310,108018,
1342,广东交通职业技术学院,2024,安徽,高职专科,历史类,,,331,93023,
1344,广东酒店管理职业技术学院,2024,安徽,高职专科,历史类,,,219,133419,
1346,广东科学技术职业学院,2024,安徽,高职专科,历史类,,,393,68710,
1347,广东理工职业学院,2024,安徽,高职专科,历史类,,,308,105978,
1348,广东岭南职业技术学院,2024,安徽,高职专科,历史类,,,282,300622,
1349,广东茂名健康职业学院,2024,安徽,高职专科,历史类,,,402,244747,
1350,广东南方职业学院,2024,安徽,高职专科,历史类,,,212,302431,
1351,广东农工商职业技术学院,2024,安徽,高职专科,历史类,,,258,126365,
1353,广东轻工职业技术大学,2024,安徽,高职专科,历史类,,,446,48650,
1355,广东食品药品职业学院,2024,安徽,高职专科,历史类,,,289,114887,
1356,广东水利电力职业技术学院,2024,安徽,高职专科,历史类,,,392,79494,
1357,广东司法警官职业学院,2024,安徽,高职专科,历史类,,,369,90700,
1361,广东文理职业学院,2024,安徽,高职专科,历史类,,,205,124700,
1364,广东新安职业技术学院,2024,安徽,高职专科,历史类,,,200,135237,
1365,广东亚视演艺职业学院,2024,安徽,高职专科,历史类,,,216,133785,
1369,广东肇庆航空职业学院,2024,安徽,高职专科,历史类,,,323,291112,
1371,广西安全工程职业技术学院,2024,安徽,高职专科,历史类,,,269,295549,
1375,广西电力职业技术学院,2024,安徽,高职专科,历史类,,,384,73267,
1376,广西工业职业技术学院,2024,安徽,高职专科,历史类,,,229,117611,
1377,广西国际商务职业技术学院,2024,安徽,高职专科,历史类,,,231,127066,
1378,广西机电职业技术学院,2024,安徽,高职专科,历史类,,,200,135237,
1379,广西金融职业技术学院,2024,安徽,高职专科,历史类,,,339,276304,
1380,广西经济职业学院,2024,安徽,高职专科,历史类,,,242,129817,
1381,广西警察学院,2024,安徽,高职专科,历史类,,,423,215891,
1384,广西科技职业学院,2024,安徽,高职专科,历史类,,,228,132216,
1387,广西生态工程职业技术学院,2024,安徽,高职专科,历史类,,,225,101544,
1390,广西体育高等专科学校,2024,安徽,高职专科,历史类,,,322,254209,
1392,广西物流职业技术学院,2024,安徽,高职专科,历史类,,,217,126843,
1396,广西幼儿师范高等专科学校,2024,安徽,高职专科,历史类,,,253,123219,
1399,广西自然资源职业技术学院,2024,安徽,高职专科,历史类,,,295,117035,
1400,广元中核职业技术学院,2024,安徽,高职专科,历史类,,,373,245583,
1401,广州城建职业学院,2024,安徽,高职专科,历史类,,,210,108333,
1404,广州东华职业学院,2024,安徽,高职专科,历史类,,,206,312571,
1405,广州番禺职业技术学院,2024,安徽,高职专科,历史类,,,329,107007,
1408,广州华立科技职业学院,2024,安徽,高职专科,历史类,,,212,121962,
1410,广州华南商贸职业学院,2024,安徽,高职专科,历史类,,,268,123488,
1412,广州华商职业学院,2024,安徽,高职专科,历史类,,,201,307985,
1413,广州华夏职业学院,2024,安徽,高职专科,历史类,,,227,132370,
1415,广州科技职业技术大学,2024,安徽,高职专科,历史类,,,364,228261,
1417,广州民航职业技术学院,2024,安徽,高职专科,历史类,,,439,46853,
1419,广州南洋理工职业学院,2024,安徽,高职专科,历史类,,,247,128578,
1422,广州涉外经济职业技术学院,2024,安徽,高职专科,历史类,,,215,127316,
1425,广州卫生职业技术学院,2024,安徽,高职专科,历史类,,,409,49074,
1430,广州珠江职业技术学院,2024,安徽,高职专科,历史类,,,369,268785,
1431,硅湖职业技术学院,2024,安徽,高职专科,历史类,,,315,83000,
1435,贵州电子信息职业技术学院,2024,安徽,高职专科,历史类,,,392,79494,
1437,贵州工贸职业学院,2024,安徽,高职专科,历史类,,,259,304635,
1440,贵州机电职业技术学院,2024,安徽,高职专科,历史类,,,256,94378,
1449,贵州应用技术职业学院,2024,安徽,高职专科,历史类,,,200,128361,
1453,桂林理工大学,2024,安徽,高职专科,历史类,,,441,52210,
1454,桂林旅游学院,2024,安徽,高职专科,历史类,,,301,109644,
1457,桂林信息工程职业学院,2024,安徽,高职专科,历史类,,,204,134920,
1462,哈尔滨北方航空职业技术学院,2024,安徽,高职专科,历史类,,,219,106663,
1463,哈尔滨城市职业学院,2024,安徽,高职专科,历史类,,,225,132680,
1464,哈尔滨传媒职业学院,2024,安徽,高职专科,历史类,,,217,131914,
1473,哈尔滨科学技术职业学院,2024,安徽,高职专科,历史类,,,263,79494,
1479,哈尔滨铁道职业技术学院,2024,安徽,高职专科,历史类,,,389,69746,
1483,哈尔滨应用职业技术学院,2024,安徽,高职专科,历史类,,,202,312640,
1484,哈尔滨职业技术大学,2024,安徽,高职专科,历史类,,,322,88859,
1486,海口经济学院,2024,安徽,高职专科,历史类,,,207,129628,
1489,海南东方新丝路职业学院,2024,安徽,高职专科,历史类,,,204,133785,
1490,海南工商职业学院,2024,安徽,高职专科,历史类,,,250,128148,
1491,海南健康管理职业技术学院,2024,安徽,高职专科,历史类,,,202,132216,
1493,海南科技职业大学,2024,安徽,高职专科,历史类,,,238,130571,
1494,海南热带海洋学院,2024,安徽,高职专科,历史类,,,320,98700,
1495,海南软件职业技术学院,2024,安徽,高职专科,历史类,,,234,131275,
1497,海南外国语职业学院,2024,安徽,高职专科,历史类,,,265,123219,
1498,海南卫生健康职业学院,2024,安徽,高职专科,历史类,,,275,102297,
1500,海南职业技术学院,2024,安徽,高职专科,历史类,,,265,114346,
1503,邯郸幼儿师范高等专科学校,2024,安徽,高职专科,历史类,,,376,80011,
1504,邯郸职业技术学院,2024,安徽,高职专科,历史类,,,364,89296,
1505,汉江师范学院,2024,安徽,高职专科,历史类,,,443,46853,
1506,汉口学院,2024,安徽,高职专科,历史类,,,375,70214,
1510,杭州科技职业技术学院,2024,安徽,高职专科,历史类,,,419,52712,
1512,杭州万向职业技术学院,2024,安徽,高职专科,历史类,,,370,47742,
1514,杭州职业技术学院,2024,安徽,高职专科,历史类,,,453,43792,
1517,和君职业学院,2024,安徽,高职专科,历史类,,,226,109644,
1518,和田职业技术学院,2024,安徽,高职专科,历史类,,,247,96616,
1525,河北对外经贸职业学院,2024,安徽,高职专科,历史类,,,328,285897,
1531,河北工艺美术职业学院,2024,安徽,高职专科,历史类,,,249,128361,
1532,河北轨道运输职业技术学院,2024,安徽,高职专科,历史类,,,398,67656,
1533,河北化工医药职业技术学院,2024,安徽,高职专科,历史类,,,313,101544,
1538,河北交通职业技术学院,2024,安徽,高职专科,历史类,,,302,91619,
1542,河北科技工程职业技术大学,2024,安徽,高职专科,历史类,,,338,91168,
1545,河北劳动关系职业学院,2024,安徽,高职专科,历史类,,,348,269397,
1546,河北旅游职业学院,2024,安徽,高职专科,历史类,,,336,283237,
1548,河北能源职业技术学院,2024,安徽,高职专科,历史类,,,254,127316,
1559,河北正定师范高等专科学校,2024,安徽,高职专科,历史类,,,269,123219,
1565,河南测绘职业学院,2024,安徽,高职专科,历史类,,,396,237731,
1572,河南护理职业学院,2024,安徽,高职专科,历史类,,,382,84535,
1574,河南经贸职业学院,2024,安徽,高职专科,历史类,,,378,229225,
1581,河南农业职业学院,2024,安徽,高职专科,历史类,,,401,234102,
1584,河南水利与环境职业学院,2024,安徽,高职专科,历史类,,,311,110875,
1585,河南司法警官职业学院,2024,安徽,高职专科,历史类,,,374,88395,
1587,河南医学高等专科学校,2024,安徽,高职专科,历史类,,,409,70751,
1588,河南应用技术职业学院,2024,安徽,高职专科,历史类,,,278,121162,
1589,河南职业技术学院,2024,安徽,高职专科,历史类,,,344,101544,
1592,河源职业技术学院,2024,安徽,高职专科,历史类,,,208,130745,
1593,菏泽家政职业学院,2024,安徽,高职专科,历史类,,,276,120675,
1595,菏泽医学专科学校,2024,安徽,高职专科,历史类,,,392,70751,
1597,鹤壁职业技术学院,2024,安徽,高职专科,历史类,,,276,121701,
1598,鹤岗师范高等专科学校,2024,安徽,高职专科,历史类,,,257,126365,
1608,黑龙江护理高等专科学校,2024,安徽,高职专科,历史类,,,399,72769,
1610,黑龙江交通职业技术学院,2024,安徽,高职专科,历史类,,,380,83521,
1612,黑龙江林业职业技术学院,2024,安徽,高职专科,历史类,,,202,117611,
1613,黑龙江旅游职业技术学院,2024,安徽,高职专科,历史类,,,316,284615,
1614,黑龙江民族职业学院,2024,安徽,高职专科,历史类,,,224,126134,
1615,黑龙江能源职业学院,2024,安徽,高职专科,历史类,,,230,131914,
1616,黑龙江农垦职业学院,2024,安徽,高职专科,历史类,,,245,99940,
1617,黑龙江农业工程职业学院,2024,安徽,高职专科,历史类,,,348,96205,
1618,黑龙江农业经济职业学院,2024,安徽,高职专科,历史类,,,245,112954,
1619,黑龙江农业职业技术学院,2024,安徽,高职专科,历史类,,,207,132930,
1620,黑龙江三江美术职业学院,2024,安徽,高职专科,历史类,,,204,128761,
1621,黑龙江生态工程职业学院,2024,安徽,高职专科,历史类,,,230,130198,
1622,黑龙江司法警官职业学院,2024,安徽,高职专科,历史类,,,361,269995,
1625,黑龙江幼儿师范高等专科学校,2024,安徽,高职专科,历史类,,,289,101544,
1626,黑龙江职业学院,2024,安徽,高职专科,历史类,,,288,102673,
1629,衡水职业技术学院,2024,安徽,高职专科,历史类,,,256,126843,
1634,湖北城市建设职业技术学院,2024,安徽,高职专科,历史类,,,286,109341,
1638,湖北恩施学院,2024,安徽,高职专科,历史类,,,256,119157,
1640,湖北工程学院新技术学院,2024,安徽,高职专科,历史类,,,251,125427,
1641,湖北工程职业学院,2024,安徽,高职专科,历史类,,,274,113770,
1644,湖北工业职业技术学院,2024,安徽,高职专科,历史类,,,298,105978,
1645,湖北国土资源职业学院,2024,安徽,高职专科,历史类,,,283,113204,
1647,湖北交通职业技术学院,2024,安徽,高职专科,历史类,,,356,78984,
1651,湖北开放职业学院,2024,安徽,高职专科,历史类,,,212,134043,
1653,湖北科技职业学院,2024,安徽,高职专科,历史类,,,395,246475,
1658,湖北三峡职业技术学院,2024,安徽,高职专科,历史类,,,385,45966,
1659,湖北商贸学院,2024,安徽,高职专科,历史类,,,237,122179,
1660,湖北生态工程职业技术学院,2024,安徽,高职专科,历史类,,,275,114887,
1661,湖北生物科技职业学院,2024,安徽,高职专科,历史类,,,311,77485,
1663,湖北师范大学文理学院,2024,安徽,高职专科,历史类,,,402,51783,
1664,湖北水利水电职业技术学院,2024,安徽,高职专科,历史类,,,342,94378,
1666,湖北铁道运输职业学院,2024,安徽,高职专科,历史类,,,428,214773,
1672,湖北幼儿师范高等专科学校,2024,安徽,高职专科,历史类,,,326,90700,
1673,湖北职业技术学院,2024,安徽,高职专科,历史类,,,410,60341,
1675,湖北中医药高等专科学校,2024,安徽,高职专科,历史类,,,396,54154,
1676,湖南安全技术职业学院,2024,安徽,高职专科,历史类,,,364,271773,
1677,湖南财经工业职业技术学院,2024,安徽,高职专科,历史类,,,330,106663,
1679,湖南城建职业技术学院,2024,安徽,高职专科,历史类,,,270,123488,
1682,湖南大众传媒职业技术学院,2024,安徽,高职专科,历史类,,,425,56541,
1685,湖南高速铁路职业技术学院,2024,安徽,高职专科,历史类,,,450,181327,
1688,湖南工程职业技术学院,2024,安徽,高职专科,历史类,,,292,106663,
1693,湖南工业职业技术学院,2024,安徽,高职专科,历史类,,,320,95281,
1696,湖南化工职业技术学院,2024,安徽,高职专科,历史类,,,341,101544,
1697,湖南机电职业技术学院,2024,安徽,高职专科,历史类,,,360,94806,
1698,湖南交通职业技术学院,2024,安徽,高职专科,历史类,,,359,82497,
1699,湖南九嶷职业技术学院,2024,安徽,高职专科,历史类,,,256,126843,
1703,湖南科技职业学院,2024,安徽,高职专科,历史类,,,350,99135,
1704,湖南劳动人事职业学院,2024,安徽,高职专科,历史类,,,265,124700,
1712,湖南软件职业技术大学,2024,安徽,高职专科,历史类,,,241,124457,
1713,湖南三一工业职业技术学院,2024,安徽,高职专科,历史类,,,309,113204,
1714,湖南商务职业技术学院,2024,安徽,高职专科,历史类,,,361,255689,
1716,湖南生物机电职业技术学院,2024,安徽,高职专科,历史类,,,220,133283,
1718,湖南石油化工职业技术学院,2024,安徽,高职专科,历史类,,,343,101912,
1719,湖南食品药品职业学院,2024,安徽,高职专科,历史类,,,400,243039,
1720,湖南水利水电职业技术学院,2024,安徽,高职专科,历史类,,,349,88859,
1722,湖南铁道职业技术学院,2024,安徽,高职专科,历史类,,,447,169367,
1723,湖南铁路科技职业技术学院,2024,安徽,高职专科,历史类,,,430,55113,
1724,湖南外国语职业学院,2024,安徽,高职专科,历史类,,,207,88395,
1727,湖南信息职业技术学院,2024,安徽,高职专科,历史类,,,329,82497,
1730,湖南邮电职业技术学院,2024,安徽,高职专科,历史类,,,381,85001,
1731,湖南幼儿师范高等专科学校,2024,安徽,高职专科,历史类,,,402,243932,
1736,湖州职业技术学院,2024,安徽,高职专科,历史类,,,374,78984,
1757,黄冈科技职业学院,2024,安徽,高职专科,历史类,,,250,104174,
1759,黄冈职业技术学院,2024,安徽,高职专科,历史类,,,441,49518,
1760,齐齐哈尔高等师范专科学校,2024,安徽,高职专科,历史类,,,335,277350,
1763,惠州城市职业学院,2024,安徽,高职专科,历史类,,,209,134499,
1764,惠州经济职业技术学院,2024,安徽,高职专科,历史类,,,225,132680,
1765,惠州卫生职业技术学院,2024,安徽,高职专科,历史类,,,249,128361,
1767,吉安幼儿师范高等专科学校,2024,安徽,高职专科,历史类,,,312,107335,
1768,吉安职业技术学院,2024,安徽,高职专科,历史类,,,320,109993,
1772,吉林电子信息职业技术学院,2024,安徽,高职专科,历史类,,,412,69217,
1776,吉林工业职业技术学院,2024,安徽,高职专科,历史类,,,317,110875,
1785,吉林水利电力职业学院,2024,安徽,高职专科,历史类,,,349,99557,
1786,吉林司法警官职业学院,2024,安徽,高职专科,历史类,,,357,96205,
1788,吉林铁道职业技术学院,2024,安徽,高职专科,历史类,,,409,55113,
1797,济南护理职业学院,2024,安徽,高职专科,历史类,,,381,81517,
1798,济南职业学院,2024,安徽,高职专科,历史类,,,281,112954,
1801,济宁职业技术学院,2024,安徽,高职专科,历史类,,,273,98275,
1802,济源职业技术学院,2024,安徽,高职专科,历史类,,,268,123488,
1809,嘉兴南洋职业技术学院,2024,安徽,高职专科,历史类,,,289,118656,
1810,嘉兴职业技术学院,2024,安徽,高职专科,历史类,,,395,71243,
1812,建东职业技术学院,2024,安徽,高职专科,历史类,,,261,115957,
1813,江海职业技术学院,2024,安徽,高职专科,历史类,,,265,124457,
1815,江汉艺术职业学院,2024,安徽,高职专科,历史类,,,268,121162,
1816,江门职业技术学院,2024,安徽,高职专科,历史类,,,260,104892,
1818,江南影视艺术职业学院,2024,安徽,高职专科,历史类,,,222,127511,
1819,江苏安全技术职业学院,2024,安徽,高职专科,历史类,,,337,85466,
1820,江苏财会职业学院,2024,安徽,高职专科,历史类,,,398,62190,
1821,江苏财经职业技术学院,2024,安徽,高职专科,历史类,,,350,75895,
1822,江苏城市职业学院,2024,安徽,高职专科,历史类,,,442,49518,
1823,江苏城乡建设职业学院,2024,安徽,高职专科,历史类,,,306,85001,
1827,江苏电子信息职业学院,2024,安徽,高职专科,历史类,,,382,82497,
1828,江苏工程职业技术学院,2024,安徽,高职专科,历史类,,,360,34418,
1829,江苏海事职业技术学院,2024,安徽,高职专科,历史类,,,416,67177,
1831,江苏航空职业技术学院,2024,安徽,高职专科,历史类,,,332,78516,
1832,江苏航运职业技术学院,2024,安徽,高职专科,历史类,,,380,76970,
1833,江苏护理职业学院,2024,安徽,高职专科,历史类,,,428,58876,
1835,江苏经贸职业技术学院,2024,安徽,高职专科,历史类,,,445,47323,
1839,江苏旅游职业学院,2024,安徽,高职专科,历史类,,,351,78984,
1840,江苏农林职业技术学院,2024,安徽,高职专科,历史类,,,418,49074,
1841,江苏农牧科技职业学院,2024,安徽,高职专科,历史类,,,436,181327,
1842,江苏商贸职业学院,2024,安徽,高职专科,历史类,,,387,65651,
1845,江苏食品药品职业技术学院,2024,安徽,高职专科,历史类,,,398,70751,
1846,江苏卫生健康职业学院,2024,安徽,高职专科,历史类,,,444,45966,
1847,江苏信息职业技术学院,2024,安徽,高职专科,历史类,,,398,73775,
1848,江苏医药职业学院,2024,安徽,高职专科,历史类,,,442,197434,
1851,江西财经职业学院,2024,安徽,高职专科,历史类,,,401,229225,
1852,江西传媒职业学院,2024,安徽,高职专科,历史类,,,270,104568,
1853,江西电力职业技术学院,2024,安徽,高职专科,历史类,,,456,187754,
1855,江西枫林涉外经贸职业学院,2024,安徽,高职专科,历史类,,,202,127956,
1857,江西工程学院,2024,安徽,高职专科,历史类,,,254,127316,
1858,江西工程职业学院,2024,安徽,高职专科,历史类,,,266,123742,
1859,江西工商职业技术学院,2024,安徽,高职专科,历史类,,,200,93927,
1860,江西工业工程职业技术学院,2024,安徽,高职专科,历史类,,,275,117611,
1861,江西工业贸易职业技术学院,2024,安徽,高职专科,历史类,,,259,123972,
1862,江西工业职业技术学院,2024,安徽,高职专科,历史类,,,269,123219,
1863,江西航空职业技术学院,2024,安徽,高职专科,历史类,,,303,100774,
1865,江西环境工程职业学院,2024,安徽,高职专科,历史类,,,270,123488,
1866,江西机电职业技术学院,2024,安徽,高职专科,历史类,,,319,110269,
1867,江西建设职业技术学院,2024,安徽,高职专科,历史类,,,271,121429,
1868,江西交通职业技术学院,2024,安徽,高职专科,历史类,,,377,86906,
1871,江西科技学院,2024,安徽,高职专科,历史类,,,288,89296,
1872,江西科技职业学院,2024,安徽,高职专科,历史类,,,203,124700,
1874,江西旅游商贸职业学院,2024,安徽,高职专科,历史类,,,286,118656,
1877,江西青年职业学院,2024,安徽,高职专科,历史类,,,269,123219,
1878,江西软件职业技术大学,2024,安徽,高职专科,历史类,,,213,134151,
1879,江西生物科技职业学院,2024,安徽,高职专科,历史类,,,285,71764,
1882,江西师范高等专科学校,2024,安徽,高职专科,历史类,,,426,213713,
1883,江西水利职业学院,2024,安徽,高职专科,历史类,,,344,90700,
1884,江西司法警官职业学院,2024,安徽,高职专科,历史类,,,372,250449,
1885,江西泰豪动漫职业学院,2024,安徽,高职专科,历史类,,,228,122431,
1887,江西婺源茶业职业学院,2024,安徽,高职专科,历史类,,,294,112673,
1888,江西现代职业技术学院,2024,安徽,高职专科,历史类,,,269,122955,
1889,江西新能源科技职业学院,2024,安徽,高职专科,历史类,,,243,127066,
1890,江西信息应用职业技术学院,2024,安徽,高职专科,历史类,,,293,117611,
1891,江西冶金职业技术学院,2024,安徽,高职专科,历史类,,,268,122179,
1892,江西医学高等专科学校,2024,安徽,高职专科,历史类,,,418,66169,
1893,江西艺术职业学院,2024,安徽,高职专科,历史类,,,255,127066,
1894,江西应用技术职业学院,2024,安徽,高职专科,历史类,,,345,52210,
1895,江西应用科技学院,2024,安徽,高职专科,历史类,,,254,124945,
1896,江西樟树中医药职业学院,2024,安徽,高职专科,历史类,,,274,301727,
1897,江西职业技术大学,2024,安徽,高职专科,历史类,,,381,69217,
1900,江西中医药高等专科学校,2024,安徽,高职专科,历史类,,,369,75394,
1902,江阴职业技术学院,2024,安徽,高职专科,历史类,,,331,106299,
1903,焦作大学,2024,安徽,高职专科,历史类,,,391,78516,
1904,焦作师范高等专科学校,2024,安徽,高职专科,历史类,,,421,64670,
1905,揭阳职业技术学院,2024,安徽,高职专科,历史类,,,324,287173,
1906,金华职业技术大学,2024,安徽,高职专科,历史类,,,458,45077,
1907,金肯职业技术学院,2024,安徽,高职专科,历史类,,,276,121962,
1909,金山职业技术学院,2024,安徽,高职专科,历史类,,,241,48650,
1910,锦州师范高等专科学校,2024,安徽,高职专科,历史类,,,256,112117,
1916,荆门职业学院,2024,安徽,高职专科,历史类,,,273,118656,
1917,荆州理工职业学院,2024,安徽,高职专科,历史类,,,268,121429,
1918,荆州职业技术学院,2024,安徽,高职专科,历史类,,,273,121429,
1923,景德镇艺术职业大学,2024,安徽,高职专科,历史类,,,206,127066,
1924,九江理工职业学院,2024,安徽,高职专科,历史类,,,200,129221,
1926,九江职业大学,2024,安徽,高职专科,历史类,,,386,81010,
1927,九州职业技术学院,2024,安徽,高职专科,历史类,,,301,290342,
1930,喀什职业技术学院,2024,安徽,高职专科,历史类,,,229,124457,
1931,开封大学,2024,安徽,高职专科,历史类,,,436,52210,
1932,开封文化艺术职业学院,2024,安徽,高职专科,历史类,,,358,95733,
1933,可克达拉职业技术学院,2024,安徽,高职专科,历史类,,,200,125193,
1939,昆明卫生职业学院,2024,安徽,高职专科,历史类,,,450,50838,
1942,昆明冶金高等专科学校,2024,安徽,高职专科,历史类,,,378,86418,
1946,昆山登云科技职业学院,2024,安徽,高职专科,历史类,,,200,133667,
1948,拉萨师范高等专科学校,2024,安徽,高职专科,历史类,,,248,116224,
1949,莱芜职业技术学院,2024,安徽,高职专科,历史类,,,410,63669,
1963,廊坊卫生职业学院,2024,安徽,高职专科,历史类,,,302,115160,
1965,丽江文化旅游学院,2024,安徽,高职专科,历史类,,,201,134664,
1967,丽水职业技术学院,2024,安徽,高职专科,历史类,,,370,85001,
1968,连云港师范高等专科学校,2024,安徽,高职专科,历史类,,,451,186471,
1969,连云港职业技术学院,2024,安徽,高职专科,历史类,,,358,89785,
1970,辽东学院,2024,安徽,高职专科,历史类,,,430,60341,
1972,辽宁传媒学院,2024,安徽,高职专科,历史类,,,305,114346,
1974,辽宁地质工程职业学院,2024,安徽,高职专科,历史类,,,208,134580,
1977,辽宁工程职业学院,2024,安徽,高职专科,历史类,,,345,278392,
1979,辽宁广告职业学院,2024,安徽,高职专科,历史类,,,205,266227,
1982,辽宁机电职业技术学院,2024,安徽,高职专科,历史类,,,218,85466,
1983,辽宁建筑职业学院,2024,安徽,高职专科,历史类,,,203,125910,
1984,辽宁金融职业学院,2024,安徽,高职专科,历史类,,,344,265548,
1985,辽宁经济职业技术学院,2024,安徽,高职专科,历史类,,,301,115429,
1988,辽宁理工学院,2024,安徽,高职专科,历史类,,,241,130023,
1990,辽宁民族师范高等专科学校,2024,安徽,高职专科,历史类,,,244,128361,
1991,辽宁农业职业技术学院,2024,安徽,高职专科,历史类,,,297,96205,
1992,辽宁轻工职业学院,2024,安徽,高职专科,历史类,,,211,131609,
1993,辽宁生态工程职业学院,2024,安徽,高职专科,历史类,,,242,110578,
1994,辽宁省交通高等专科学校,2024,安徽,高职专科,历史类,,,279,104892,
1999,辽宁特殊教育师范高等专科学校,2024,安徽,高职专科,历史类,,,328,106663,
2001,辽宁现代服务职业技术学院,2024,安徽,高职专科,历史类,,,293,117611,
2002,辽宁冶金职业技术学院,2024,安徽,高职专科,历史类,,,233,129628,
2003,辽宁医药职业学院,2024,安徽,高职专科,历史类,,,408,234997,
2004,辽宁职业学院,2024,安徽,高职专科,历史类,,,272,122955,
2008,辽阳职业技术学院,2024,安徽,高职专科,历史类,,,324,286332,
2012,聊城职业技术学院,2024,安徽,高职专科,历史类,,,278,117880,
2013,临汾职业技术学院,2024,安徽,高职专科,历史类,,,277,90700,
2016,临沂职业学院,2024,安徽,高职专科,历史类,,,274,122431,
2019,柳州铁道职业技术学院,2024,安徽,高职专科,历史类,,,404,62702,
2020,柳州职业技术大学,2024,安徽,高职专科,历史类,,,232,105978,
2024,娄底职业技术学院,2024,安徽,高职专科,历史类,,,289,109993,
2025,泸州医疗器械职业学院,2024,安徽,高职专科,历史类,,,233,131437,
2032,漯河食品工程职业大学,2024,安徽,高职专科,历史类,,,228,131437,
2034,漯河职业技术学院,2024,安徽,高职专科,历史类,,,272,111198,
2036,满洲里俄语职业学院,2024,安徽,高职专科,历史类,,,256,126581,
2038,眉山药科职业学院,2024,安徽,高职专科,历史类,,,206,119157,
2039,湄洲湾职业技术学院,2024,安徽,高职专科,历史类,,,241,130023,
2041,绵阳飞行职业学院,2024,安徽,高职专科,历史类,,,202,135092,
2043,绵阳职业技术学院,2024,安徽,高职专科,历史类,,,286,119393,
2045,闽北职业技术学院,2024,安徽,高职专科,历史类,,,216,125193,
2046,闽江师范高等专科学校,2024,安徽,高职专科,历史类,,,380,56541,
2051,闽西职业技术学院,2024,安徽,高职专科,历史类,,,310,112954,
2052,明达职业技术学院,2024,安徽,高职专科,历史类,,,253,127511,
2053,牡丹江大学,2024,安徽,高职专科,历史类,,,268,99135,
2059,南昌工学院,2024,安徽,高职专科,历史类,,,239,123488,
2063,南昌理工学院,2024,安徽,高职专科,历史类,,,239,98275,
2067,南昌影视传播职业学院,2024,安徽,高职专科,历史类,,,252,303999,
2068,南昌职业大学,2024,安徽,高职专科,历史类,,,213,131097,
2069,南充电影工业职业学院,2024,安徽,高职专科,历史类,,,212,127716,
2071,南充文化旅游职业学院,2024,安徽,高职专科,历史类,,,258,115160,
2078,南京城市职业学院,2024,安徽,高职专科,历史类,,,425,56089,
2087,南京机电职业技术学院,2024,安徽,高职专科,历史类,,,445,46421,
2088,南京交通职业技术学院,2024,安徽,高职专科,历史类,,,418,63669,
2090,南京科技职业学院,2024,安徽,高职专科,历史类,,,424,49960,
2095,南京旅游职业学院,2024,安徽,高职专科,历史类,,,404,62190,
2102,南京视觉艺术职业学院,2024,安徽,高职专科,历史类,,,217,132930,
2105,南京铁道职业技术学院,2024,安徽,高职专科,历史类,,,469,19298,
2108,南京信息职业技术学院,2024,安徽,高职专科,历史类,,,457,47742,
2121,南通科技职业学院,2024,安徽,高职专科,历史类,,,351,74331,
2123,南通师范高等专科学校,2024,安徽,高职专科,历史类,,,420,62702,
2124,南通职业大学,2024,安徽,高职专科,历史类,,,412,56436,
2126,南阳农业职业学院,2024,安徽,高职专科,历史类,,,277,121701,
2128,南阳医学高等专科学校,2024,安徽,高职专科,历史类,,,450,178711,
2129,南阳职业学院,2024,安徽,高职专科,历史类,,,263,124457,
2133,内蒙古电子信息职业技术学院,2024,安徽,高职专科,历史类,,,262,113476,
2135,内蒙古交通职业技术学院,2024,安徽,高职专科,历史类,,,368,262897,
2144,宁波财经学院,2024,安徽,高职专科,历史类,,,382,84535,
2145,宁波城市职业技术学院,2024,安徽,高职专科,历史类,,,433,54625,
2150,宁波卫生职业技术学院,2024,安徽,高职专科,历史类,,,423,56089,
2151,宁波职业技术学院,2024,安徽,高职专科,历史类,,,444,49074,
2153,宁德职业技术学院,2024,安徽,高职专科,历史类,,,246,87910,
2161,攀枝花攀西职业学院,2024,安徽,高职专科,历史类,,,213,128998,
2163,盘锦职业技术学院,2024,安徽,高职专科,历史类,,,248,124945,
2164,平顶山工业职业技术学院,2024,安徽,高职专科,历史类,,,279,121162,
2166,萍乡卫生职业学院,2024,安徽,高职专科,历史类,,,286,112117,
2169,濮阳医学高等专科学校,2024,安徽,高职专科,历史类,,,360,94806,
2172,齐鲁理工学院,2024,安徽,高职专科,历史类,,,248,120930,
2174,齐鲁医药学院,2024,安徽,高职专科,历史类,,,398,62190,
2178,黔东南民族职业技术学院,2024,安徽,高职专科,历史类,,,400,69746,
2181,秦皇岛职业技术学院,2024,安徽,高职专科,历史类,,,297,108664,
2185,青岛港湾职业技术学院,2024,安徽,高职专科,历史类,,,318,80011,
2188,青岛恒星科技学院,2024,安徽,高职专科,历史类,,,227,131609,
2189,青岛黄海学院,2024,安徽,高职专科,历史类,,,245,65651,
2190,青岛酒店管理职业技术学院,2024,安徽,高职专科,历史类,,,271,95281,
2194,青岛农业大学海都学院,2024,安徽,高职专科,历史类,,,248,110875,
2195,青岛求实职业技术学院,2024,安徽,高职专科,历史类,,,237,129817,
2196,青岛职业技术学院,2024,安徽,高职专科,历史类,,,315,86906,
2201,清远职业技术学院,2024,安徽,高职专科,历史类,,,265,124457,
2204,曲阜远东职业技术学院,2024,安徽,高职专科,历史类,,,221,129628,
2206,曲靖医学高等专科学校,2024,安徽,高职专科,历史类,,,347,100387,
2208,衢州职业技术学院,2024,安徽,高职专科,历史类,,,379,85946,
2209,泉州纺织服装职业学院,2024,安徽,高职专科,历史类,,,234,124457,
2210,泉州工程职业技术学院,2024,安徽,高职专科,历史类,,,251,100387,
2212,泉州海洋职业学院,2024,安徽,高职专科,历史类,,,262,107335,
2213,泉州华光职业学院,2024,安徽,高职专科,历史类,,,312,112406,
2214,泉州经贸职业技术学院,2024,安徽,高职专科,历史类,,,361,94378,
2215,泉州轻工职业学院,2024,安徽,高职专科,历史类,,,264,120675,
2218,泉州幼儿师范高等专科学校,2024,安徽,高职专科,历史类,,,228,57969,
2220,日照航海工程职业学院,2024,安徽,高职专科,历史类,,,217,127956,
2221,日照职业技术学院,2024,安徽,高职专科,历史类,,,383,70751,
2223,三门峡职业技术学院,2024,安徽,高职专科,历史类,,,334,91168,
2225,三明医学科技职业学院,2024,安徽,高职专科,历史类,,,278,117343,
2227,三峡大学科技学院,2024,安徽,高职专科,历史类,,,352,94378,
2228,三峡电力职业学院,2024,安徽,高职专科,历史类,,,367,71764,
2229,三峡旅游职业技术学院,2024,安徽,高职专科,历史类,,,341,262197,
2230,三亚城市职业学院,2024,安徽,高职专科,历史类,,,245,127066,
2231,三亚航空旅游职业学院,2024,安徽,高职专科,历史类,,,227,126843,
2234,三亚中瑞酒店管理职业学院,2024,安徽,高职专科,历史类,,,264,124945,
2235,沙洲职业工学院,2024,安徽,高职专科,历史类,,,409,227261,
2238,山东城市建设职业学院,2024,安徽,高职专科,历史类,,,282,113204,
2239,山东畜牧兽医职业学院,2024,安徽,高职专科,历史类,,,425,62702,
2240,山东传媒职业学院,2024,安徽,高职专科,历史类,,,271,121429,
2245,山东服装职业学院,2024,安徽,高职专科,历史类,,,331,277350,
2246,山东工程职业技术大学,2024,安徽,高职专科,历史类,,,203,131097,
2251,山东海事职业学院,2024,安徽,高职专科,历史类,,,252,85001,
2254,山东化工职业学院,2024,安徽,高职专科,历史类,,,265,114061,
2260,山东科技职业学院,2024,安徽,高职专科,历史类,,,344,63203,
2261,山东劳动职业技术学院,2024,安徽,高职专科,历史类,,,352,272920,
2263,山东理工职业学院,2024,安徽,高职专科,历史类,,,352,270571,
2264,山东力明科技职业学院,2024,安徽,高职专科,历史类,,,255,91619,
2265,山东旅游职业学院,2024,安徽,高职专科,历史类,,,257,122955,
2266,山东铝业职业学院,2024,安徽,高职专科,历史类,,,350,278862,
2271,山东轻工职业学院,2024,安徽,高职专科,历史类,,,200,135237,
2272,山东商务职业学院,2024,安徽,高职专科,历史类,,,275,121429,
2273,山东商业职业技术学院,2024,安徽,高职专科,历史类,,,337,60789,
2274,山东圣翰财贸职业学院,2024,安徽,高职专科,历史类,,,246,96205,
2277,山东水利职业学院,2024,安徽,高职专科,历史类,,,314,108333,
2278,山东司法警官职业学院,2024,安徽,高职专科,历史类,,,365,86418,
2281,山东外国语职业技术大学,2024,安徽,高职专科,历史类,,,233,131437,
2282,山东外贸职业学院,2024,安徽,高职专科,历史类,,,331,81010,
2283,山东外事职业大学,2024,安徽,高职专科,历史类,,,230,127316,
2284,山东文化产业职业学院,2024,安徽,高职专科,历史类,,,203,130933,
2286,山东协和学院,2024,安徽,高职专科,历史类,,,200,134499,
2291,山东英才学院,2024,安徽,高职专科,历史类,,,201,134235,
2293,山东职业学院,2024,安徽,高职专科,历史类,,,448,38261,
2295,山东中医药高等专科学校,2024,安徽,高职专科,历史类,,,424,58876,
2308,山西省财政税务专科学校,2024,安徽,高职专科,历史类,,,276,50387,
2310,山西体育职业学院,2024,安徽,高职专科,历史类,,,322,288383,
2311,山西铁道职业技术学院,2024,安徽,高职专科,历史类,,,383,76970,
2312,山西药科职业学院,2024,安徽,高职专科,历史类,,,366,92084,
2314,山西职业技术学院,2024,安徽,高职专科,历史类,,,298,100387,
2316,陕西财经职业技术学院,2024,安徽,高职专科,历史类,,,296,97434,
2317,陕西电子信息职业技术学院,2024,安徽,高职专科,历史类,,,243,126365,
2320,陕西国防工业职业技术学院,2024,安徽,高职专科,历史类,,,397,63669,
2322,陕西航空职业技术学院,2024,安徽,高职专科,历史类,,,289,82022,
2323,陕西机电职业技术学院,2024,安徽,高职专科,历史类,,,350,92084,
2324,陕西交通职业技术学院,2024,安徽,高职专科,历史类,,,347,87414,
2325,陕西警察学院,2024,安徽,高职专科,历史类,,,402,67177,
2329,陕西旅游烹饪职业学院,2024,安徽,高职专科,历史类,,,238,130198,
2330,陕西能源职业技术学院,2024,安徽,高职专科,历史类,,,302,57969,
2332,陕西铁路工程职业技术学院,2024,安徽,高职专科,历史类,,,419,53215,
2334,陕西艺术职业学院,2024,安徽,高职专科,历史类,,,281,120675,
2335,陕西邮电职业技术学院,2024,安徽,高职专科,历史类,,,285,91619,
2338,汕头职业技术学院,2024,安徽,高职专科,历史类,,,260,124700,
2340,商洛职业技术学院,2024,安徽,高职专科,历史类,,,252,125193,
2343,商丘医学高等专科学校,2024,安徽,高职专科,历史类,,,402,74331,
2344,商丘职业技术学院,2024,安徽,高职专科,历史类,,,300,83000,
2345,上海邦德职业技术学院,2024,安徽,高职专科,历史类,,,249,109993,
2348,上海城建职业学院,2024,安徽,高职专科,历史类,,,401,52031,
2349,上海出版印刷高等专科学校,2024,安徽,高职专科,历史类,,,324,65174,
2355,上海电子信息职业技术学院,2024,安徽,高职专科,历史类,,,390,68710,
2356,上海东海职业技术学院,2024,安徽,高职专科,历史类,,,259,115160,
2359,上海工商外国语职业学院,2024,安徽,高职专科,历史类,,,267,257188,
2360,上海工商职业技术学院,2024,安徽,高职专科,历史类,,,229,92541,
2361,上海工艺美术职业学院,2024,安徽,高职专科,历史类,,,438,48202,
2365,上海济光职业技术学院,2024,安徽,高职专科,历史类,,,241,99557,
2366,上海建桥学院,2024,安徽,高职专科,历史类,,,330,99557,
2367,上海建设管理职业技术学院,2024,安徽,高职专科,历史类,,,349,99557,
2371,上海交通职业技术学院,2024,安徽,高职专科,历史类,,,388,62702,
2373,上海科学技术职业学院,2024,安徽,高职专科,历史类,,,359,64670,
2375,上海立达学院,2024,安徽,高职专科,历史类,,,299,115957,
2377,上海旅游高等专科学校,2024,安徽,高职专科,历史类,,,366,62190,
2378,上海民航职业技术学院,2024,安徽,高职专科,历史类,,,432,55590,
2379,上海民远职业技术学院,2024,安徽,高职专科,历史类,,,225,130023,
2380,上海闵行职业技术学院,2024,安徽,高职专科,历史类,,,352,72769,
2381,上海南湖职业技术学院,2024,安徽,高职专科,历史类,,,389,75394,
2383,上海农林职业技术学院,2024,安徽,高职专科,历史类,,,371,68210,
2384,上海浦东职业技术学院,2024,安徽,高职专科,历史类,,,357,70751,
2385,上海杉达学院,2024,安徽,高职专科,历史类,,,413,65174,
2390,上海思博职业技术学院,2024,安徽,高职专科,历史类,,,230,116505,
2396,上海行健职业学院,2024,安徽,高职专科,历史类,,,336,73775,
2400,上海震旦职业学院,2024,安徽,高职专科,历史类,,,217,115429,
2402,上海中侨职业技术大学,2024,安徽,高职专科,历史类,,,276,81010,
2405,上饶卫生健康职业学院,2024,安徽,高职专科,历史类,,,290,118393,
2406,上饶幼儿师范高等专科学校,2024,安徽,高职专科,历史类,,,228,63203,
2407,上饶职业技术学院,2024,安徽,高职专科,历史类,,,273,122179,
2412,绍兴职业技术学院,2024,安徽,高职专科,历史类,,,306,114061,
2416,深圳职业技术大学,2024,安徽,高职专科,历史类,,,461,42097,
2417,沈阳北软信息职业技术学院,2024,安徽,高职专科,历史类,,,226,132527,
2418,沈阳城市建设学院,2024,安徽,高职专科,历史类,,,349,99557,
2422,沈阳工学院,2024,安徽,高职专科,历史类,,,361,94378,
2433,沈阳医学院,2024,安徽,高职专科,历史类,,,449,51299,
2435,沈阳职业技术学院,2024,安徽,高职专科,历史类,,,285,54625,
2438,石家庄科技信息职业学院,2024,安徽,高职专科,历史类,,,275,85001,
2439,石家庄科技职业学院,2024,安徽,高职专科,历史类,,,207,134664,
2440,石家庄人民医学高等专科学校,2024,安徽,高职专科,历史类,,,379,81010,
2443,石家庄铁路职业技术学院,2024,安徽,高职专科,历史类,,,459,177406,
2444,石家庄信息工程职业学院,2024,安徽,高职专科,历史类,,,323,85001,
2446,石家庄医学高等专科学校,2024,安徽,高职专科,历史类,,,298,80504,
2447,石家庄邮电职业技术学院,2024,安徽,高职专科,历史类,,,447,49074,
2448,石家庄幼儿师范高等专科学校,2024,安徽,高职专科,历史类,,,274,122431,
2449,石家庄职业技术学院,2024,安徽,高职专科,历史类,,,397,76970,
2454,顺德职业技术学院,2024,安徽,高职专科,历史类,,,379,85946,
2455,四川长江职业学院,2024,安徽,高职专科,历史类,,,202,108333,
2456,四川城市职业学院,2024,安徽,高职专科,历史类,,,223,131609,
2457,四川传媒学院,2024,安徽,高职专科,历史类,,,216,133785,
2459,四川大学锦江学院,2024,安徽,高职专科,历史类,,,367,63203,
2460,四川电影电视学院,2024,安徽,高职专科,历史类,,,254,94806,
2461,四川电子机械职业技术学院,2024,安徽,高职专科,历史类,,,208,134329,
2462,四川工程职业技术大学,2024,安徽,高职专科,历史类,,,392,55113,
2465,四川国际标榜职业学院,2024,安徽,高职专科,历史类,,,287,119157,
2466,四川航天职业技术学院,2024,安徽,高职专科,历史类,,,274,109993,
2468,四川化工职业技术学院,2024,安徽,高职专科,历史类,,,365,92541,
2469,四川建筑职业技术学院,2024,安徽,高职专科,历史类,,,365,92541,
2471,四川科技职业学院,2024,安徽,高职专科,历史类,,,370,268173,
2475,四川汽车职业技术学院,2024,安徽,高职专科,历史类,,,209,134499,
2479,四川文化产业职业学院,2024,安徽,高职专科,历史类,,,300,115672,
2480,四川文化艺术学院,2024,安徽,高职专科,历史类,,,351,97852,
2482,四川西南航空职业学院,2024,安徽,高职专科,历史类,,,230,104892,
2483,四川希望汽车职业学院,2024,安徽,高职专科,历史类,,,238,130571,
2484,四川现代职业学院,2024,安徽,高职专科,历史类,,,261,125672,
2487,苏州百年职业学院,2024,安徽,高职专科,历史类,,,208,129628,
2491,苏州高博职业学院,2024,安徽,高职专科,历史类,,,241,128361,
2492,苏州工业园区服务外包职业学院,2024,安徽,高职专科,历史类,,,316,70751,
2493,苏州工业园区职业技术学院,2024,安徽,高职专科,历史类,,,264,105767,
2494,苏州工业职业技术学院,2024,安徽,高职专科,历史类,,,395,77985,
2496,苏州健雄职业技术学院,2024,安徽,高职专科,历史类,,,327,92541,
2497,苏州经贸职业技术学院,2024,安徽,高职专科,历史类,,,426,56089,
2500,苏州农业职业技术学院,2024,安徽,高职专科,历史类,,,419,62702,
2501,苏州卫生职业技术学院,2024,安徽,高职专科,历史类,,,456,45966,
2502,苏州信息职业技术学院,2024,安徽,高职专科,历史类,,,374,77985,
2505,宿迁泽达职业技术学院,2024,安徽,高职专科,历史类,,,216,127066,
2506,宿迁职业技术学院,2024,安徽,高职专科,历史类,,,338,97025,
2508,随州职业技术学院,2024,安徽,高职专科,历史类,,,270,120451,
2509,遂宁工程职业学院,2024,安徽,高职专科,历史类,,,226,132527,
2510,遂宁职业学院,2024,安徽,高职专科,历史类,,,212,134151,
2513,塔里木职业技术学院,2024,安徽,高职专科,历史类,,,266,103437,
2514,台州科技职业学院,2024,安徽,高职专科,历史类,,,373,84535,
2517,太湖创意职业技术学院,2024,安徽,高职专科,历史类,,,232,131609,
2523,太原幼儿师范高等专科学校,2024,安徽,高职专科,历史类,,,209,132527,
2524,泰山科技学院,2024,安徽,高职专科,历史类,,,200,128361,
2528,泰州职业技术学院,2024,安徽,高职专科,历史类,,,383,61693,
2531,唐山幼儿师范高等专科学校,2024,安徽,高职专科,历史类,,,312,91619,
2532,唐山职业技术学院,2024,安徽,高职专科,历史类,,,398,61693,
2533,天府新区航空旅游职业学院,2024,安徽,高职专科,历史类,,,222,188975,
2534,天府新区通用航空职业学院,2024,安徽,高职专科,历史类,,,219,133419,
2535,天府新区信息职业学院,2024,安徽,高职专科,历史类,,,216,131914,
2536,天津滨海汽车工程职业学院,2024,安徽,高职专科,历史类,,,245,126843,
2537,天津滨海职业学院,2024,安徽,高职专科,历史类,,,284,92084,
2541,天津城市建设管理职业技术学院,2024,安徽,高职专科,历史类,,,297,109993,
2542,天津城市职业学院,2024,安徽,高职专科,历史类,,,329,89296,
2545,天津电子信息职业技术学院,2024,安徽,高职专科,历史类,,,385,70751,
2547,天津工业职业学院,2024,安徽,高职专科,历史类,,,276,117880,
2549,天津公安警官职业学院,2024,安徽,高职专科,历史类,,,349,99557,
2550,天津国土资源和房屋职业学院,2024,安徽,高职专科,历史类,,,268,88395,
2551,天津海运职业学院,2024,安徽,高职专科,历史类,,,264,101912,
2552,天津机电职业技术学院,2024,安徽,高职专科,历史类,,,354,86906,
2553,天津交通职业学院,2024,安徽,高职专科,历史类,,,375,84535,
2559,天津轻工职业技术学院,2024,安徽,高职专科,历史类,,,375,85001,
2561,天津商务职业学院,2024,安徽,高职专科,历史类,,,310,101150,
2564,天津生物工程职业技术学院,2024,安徽,高职专科,历史类,,,271,104568,
2566,天津石油职业技术学院,2024,安徽,高职专科,历史类,,,306,111822,
2567,天津市职业大学,2024,安徽,高职专科,历史类,,,432,45966,
2570,天津天狮学院,2024,安徽,高职专科,历史类,,,347,100387,
2571,天津铁道职业技术学院,2024,安徽,高职专科,历史类,,,417,56089,
2574,天津现代职业技术学院,2024,安徽,高职专科,历史类,,,359,63203,
2578,天津艺术职业学院,2024,安徽,高职专科,历史类,,,330,102673,
2583,天门职业学院,2024,安徽,高职专科,历史类,,,377,239527,
2585,铁岭师范高等专科学校,2024,安徽,高职专科,历史类,,,219,133419,
2586,铁岭卫生职业学院,2024,安徽,高职专科,历史类,,,247,128761,
2590,铜川职业技术学院,2024,安徽,高职专科,历史类,,,342,281331,
2591,铜仁幼儿师范高等专科学校,2024,安徽,高职专科,历史类,,,221,133167,
2592,铜仁职业技术学院,2024,安徽,高职专科,历史类,,,355,97025,
2594,威海海洋职业学院,2024,安徽,高职专科,历史类,,,295,112117,
2595,威海职业学院,2024,安徽,高职专科,历史类,,,321,102673,
2597,潍坊工商职业学院,2024,安徽,高职专科,历史类,,,324,283237,
2598,潍坊环境工程职业学院,2024,安徽,高职专科,历史类,,,204,130571,
2599,潍坊科技学院,2024,安徽,高职专科,历史类,,,214,126365,
2600,潍坊理工学院,2024,安徽,高职专科,历史类,,,210,116505,
2601,潍坊食品科技职业学院,2024,安徽,高职专科,历史类,,,271,123219,
2605,渭南职业技术学院,2024,安徽,高职专科,历史类,,,274,120183,
2607,温州科技职业学院,2024,安徽,高职专科,历史类,,,434,202199,
2610,温州商学院,2024,安徽,高职专科,历史类,,,369,55590,
2613,温州职业技术学院,2024,安徽,高职专科,历史类,,,429,49518,
2614,文华学院,2024,安徽,高职专科,历史类,,,214,124457,
2616,乌鲁木齐职业大学,2024,安徽,高职专科,历史类,,,333,87910,
2617,无锡城市职业技术学院,2024,安徽,高职专科,历史类,,,418,59406,
2619,无锡科技职业学院,2024,安徽,高职专科,历史类,,,420,65174,
2620,无锡南洋职业技术学院,2024,安徽,高职专科,历史类,,,318,266926,
2621,无锡商业职业技术学院,2024,安徽,高职专科,历史类,,,415,55113,
2624,无锡职业技术学院,2024,安徽,高职专科,历史类,,,460,42505,
2626,梧州职业学院,2024,安徽,高职专科,历史类,,,220,125427,
2629,武昌理工学院,2024,安徽,高职专科,历史类,,,251,126134,
2630,武昌首义学院,2024,安徽,高职专科,历史类,,,252,78516,
2631,武昌职业学院,2024,安徽,高职专科,历史类,,,229,127511,
2633,武汉城市职业学院,2024,安徽,高职专科,历史类,,,412,56998,
2634,武汉传媒学院,2024,安徽,高职专科,历史类,,,383,80011,
2635,武汉船舶职业技术学院,2024,安徽,高职专科,历史类,,,381,58876,
2639,武汉电力职业技术学院,2024,安徽,高职专科,历史类,,,458,167933,
2642,武汉纺织大学外经贸学院,2024,安徽,高职专科,历史类,,,322,93023,
2646,武汉工程职业技术学院,2024,安徽,高职专科,历史类,,,348,75895,
2647,武汉工商学院,2024,安徽,高职专科,历史类,,,292,113770,
2648,武汉光谷职业学院,2024,安徽,高职专科,历史类,,,233,127956,
2650,武汉航海职业技术学院,2024,安徽,高职专科,历史类,,,268,100387,
2652,武汉交通职业学院,2024,安徽,高职专科,历史类,,,363,79494,
2653,武汉警官职业学院,2024,安徽,高职专科,历史类,,,378,62190,
2655,武汉科技职业学院,2024,安徽,高职专科,历史类,,,247,128761,
2657,武汉民政职业学院,2024,安徽,高职专科,历史类,,,373,66169,
2659,武汉晴川学院,2024,安徽,高职专科,历史类,,,217,130571,
2660,武汉软件工程职业学院,2024,安徽,高职专科,历史类,,,414,56266,
2661,武汉商贸职业学院,2024,安徽,高职专科,历史类,,,252,118139,
2664,武汉生物工程学院,2024,安徽,高职专科,历史类,,,352,55590,
2667,武汉铁路桥梁职业学院,2024,安徽,高职专科,历史类,,,389,64194,
2668,武汉铁路职业技术学院,2024,安徽,高职专科,历史类,,,455,32547,
2669,武汉外语外事职业学院,2024,安徽,高职专科,历史类,,,212,11631,
2671,武汉信息传播职业技术学院,2024,安徽,高职专科,历史类,,,248,125910,
2674,武汉职业技术学院,2024,安徽,高职专科,历史类,,,400,66169,
2675,武夷山职业学院,2024,安徽,高职专科,历史类,,,207,134664,
2679,西安城市建设职业学院,2024,安徽,高职专科,历史类,,,220,112117,
2682,西安高新科技职业学院,2024,安徽,高职专科,历史类,,,242,123488,
2684,西安工商学院,2024,安徽,高职专科,历史类,,,373,86418,
2686,西安海棠职业学院,2024,安徽,高职专科,历史类,,,312,278392,
2692,西安交通工程学院,2024,安徽,高职专科,历史类,,,312,108993,
2694,西安科技大学高新学院,2024,安徽,高职专科,历史类,,,382,84535,
2698,西安欧亚学院,2024,安徽,高职专科,历史类,,,294,85001,
2700,西安汽车职业大学,2024,安徽,高职专科,历史类,,,256,83521,
2702,西安思源学院,2024,安徽,高职专科,历史类,,,236,130023,
2704,西安铁路职业技术学院,2024,安徽,高职专科,历史类,,,427,61249,
2708,西安信息职业大学,2024,安徽,高职专科,历史类,,,261,121162,
2709,西安医学高等专科学校,2024,安徽,高职专科,历史类,,,402,57969,
2713,西安职业技术学院,2024,安徽,高职专科,历史类,,,322,71243,
2724,西藏职业技术学院,2024,安徽,高职专科,历史类,,,210,129817,
2731,西南财经大学天府学院,2024,安徽,高职专科,历史类,,,264,122955,
2742,厦门安防科技职业学院,2024,安徽,高职专科,历史类,,,271,123219,
2743,厦门城市职业学院,2024,安徽,高职专科,历史类,,,370,83521,
2746,厦门东海职业技术学院,2024,安徽,高职专科,历史类,,,262,125427,
2748,厦门海洋职业技术学院,2024,安徽,高职专科,历史类,,,415,67656,
2749,厦门华天涉外职业技术学院,2024,安徽,高职专科,历史类,,,215,132803,
2752,厦门南洋职业学院,2024,安徽,高职专科,历史类,,,247,127511,
2754,厦门兴才职业技术学院,2024,安徽,高职专科,历史类,,,201,135168,
2757,仙桃职业学院,2024,安徽,高职专科,历史类,,,288,118905,
2758,咸宁职业技术学院,2024,安徽,高职专科,历史类,,,272,112117,
2760,咸阳职业技术学院,2024,安徽,高职专科,历史类,,,377,76970,
2762,湘南幼儿师范高等专科学校,2024,安徽,高职专科,历史类,,,395,75394,
2765,湘中幼儿师范高等专科学校,2024,安徽,高职专科,历史类,,,396,60341,
2766,襄阳科技职业学院,2024,安徽,高职专科,历史类,,,253,125193,
2767,襄阳汽车职业技术学院,2024,安徽,高职专科,历史类,,,274,122179,
2768,襄阳职业技术学院,2024,安徽,高职专科,历史类,,,401,47323,
2774,新疆和田学院,2024,安徽,高职专科,历史类,,,202,112117,
2775,新疆交通职业技术学院,2024,安徽,高职专科,历史类,,,360,267547,
2776,新疆警察学院,2024,安徽,高职专科,历史类,,,369,88859,
2785,新疆生产建设兵团兴新职业技术学院,2024,安徽,高职专科,历史类,,,253,127511,
2787,新疆石河子职业技术学院,2024,安徽,高职专科,历史类,,,268,98700,
2791,新疆应用职业技术学院,2024,安徽,高职专科,历史类,,,204,125193,
2793,新疆职业大学,2024,安徽,高职专科,历史类,,,299,104568,
2798,信阳航空职业学院,2024,安徽,高职专科,历史类,,,207,129817,
2800,信阳涉外职业技术学院,2024,安徽,高职专科,历史类,,,209,310431,
2803,信阳职业技术学院,2024,安徽,高职专科,历史类,,,294,114619,
2806,邢台医学院,2024,安徽,高职专科,历史类,,,422,225241,
2809,徐州工业职业技术学院,2024,安徽,高职专科,历史类,,,373,80011,
2810,徐州生物工程职业技术学院,2024,安徽,高职专科,历史类,,,396,58427,
2812,徐州幼儿师范高等专科学校,2024,安徽,高职专科,历史类,,,424,63203,
2814,烟台城市科技职业学院,2024,安徽,高职专科,历史类,,,244,129420,
2817,烟台黄金职业学院,2024,安徽,高职专科,历史类,,,213,132680,
2819,烟台理工学院,2024,安徽,高职专科,历史类,,,255,77985,
2820,烟台南山学院,2024,安徽,高职专科,历史类,,,236,121962,
2821,烟台汽车工程职业学院,2024,安徽,高职专科,历史类,,,285,104892,
2822,烟台文化旅游职业学院,2024,安徽,高职专科,历史类,,,206,127716,
2828,炎黄职业技术学院,2024,安徽,高职专科,历史类,,,206,129221,
2830,盐城工业职业技术学院,2024,安徽,高职专科,历史类,,,293,101912,
2832,盐城幼儿师范高等专科学校,2024,安徽,高职专科,历史类,,,378,67656,
2836,扬州工业职业技术学院,2024,安徽,高职专科,历史类,,,347,90700,
2837,扬州市职业大学,2024,安徽,高职专科,历史类,,,381,62702,
2838,扬州中瑞酒店职业学院,2024,安徽,高职专科,历史类,,,201,127511,
2840,伊春职业学院,2024,安徽,高职专科,历史类,,,333,88395,
2842,伊犁职业技术学院,2024,安徽,高职专科,历史类,,,252,112673,
2844,宜宾职业技术学院,2024,安徽,高职专科,历史类,,,390,80504,
2845,宜昌科技职业学院,2024,安徽,高职专科,历史类,,,217,110578,
2847,宜春幼儿师范高等专科学校,2024,安徽,高职专科,历史类,,,275,106663,
2848,宜春职业技术学院,2024,安徽,高职专科,历史类,,,382,78516,
2849,义乌工商职业技术学院,2024,安徽,高职专科,历史类,,,373,77985,
2850,益阳医学高等专科学校,2024,安徽,高职专科,历史类,,,436,203380,
2854,营口职业技术学院,2024,安徽,高职专科,历史类,,,354,275202,
2855,永城职业学院,2024,安徽,高职专科,历史类,,,283,120183,
2857,榆林能源科技职业学院,2024,安徽,高职专科,历史类,,,246,128361,
2862,岳阳职业技术学院,2024,安徽,高职专科,历史类,,,373,85001,
2864,云南财经职业学院,2024,安徽,高职专科,历史类,,,378,86418,
2866,云南工程职业学院,2024,安徽,高职专科,历史类,,,209,130198,
2867,云南工商学院,2024,安徽,高职专科,历史类,,,207,134664,
2869,云南交通运输职业学院,2024,安徽,高职专科,历史类,,,246,116224,
2871,云南经济管理学院,2024,安徽,高职专科,历史类,,,219,85001,
2872,云南经贸外事职业学院,2024,安徽,高职专科,历史类,,,204,305749,
2874,云南理工职业学院,2024,安徽,高职专科,历史类,,,208,128761,
2875,云南林业职业技术学院,2024,安徽,高职专科,历史类,,,351,88395,
2877,云南能源职业技术学院,2024,安徽,高职专科,历史类,,,250,115672,
2881,云南新兴职业学院,2024,安徽,高职专科,历史类,,,203,128998,
2882,云南医药健康职业学院,2024,安徽,高职专科,历史类,,,303,95281,
2885,运城护理职业学院,2024,安徽,高职专科,历史类,,,443,203380,
2886,运城师范高等专科学校,2024,安徽,高职专科,历史类,,,355,258627,
2888,运城幼儿师范高等专科学校,2024,安徽,高职专科,历史类,,,249,128361,
2890,枣庄科技职业学院,2024,安徽,高职专科,历史类,,,328,281331,
2892,枣庄职业学院,2024,安徽,高职专科,历史类,,,394,59406,
2893,扎兰屯职业学院,2024,安徽,高职专科,历史类,,,219,133419,
2894,湛江幼儿师范专科学校,2024,安徽,高职专科,历史类,,,200,133048,
2895,张家界航空工业职业技术学院,2024,安徽,高职专科,历史类,,,344,95281,
2896,张家口学院,2024,安徽,高职专科,历史类,,,470,35265,
2897,漳州城市职业学院,2024,安徽,高职专科,历史类,,,262,93474,
2899,漳州理工职业学院,2024,安徽,高职专科,历史类,,,238,130571,
2900,漳州卫生职业学院,2024,安徽,高职专科,历史类,,,363,90260,
2901,漳州职业技术学院,2024,安徽,高职专科,历史类,,,356,80011,
2907,浙江安防职业技术学院,2024,安徽,高职专科,历史类,,,396,59885,
2913,浙江东方职业技术学院,2024,安徽,高职专科,历史类,,,291,94378,
2914,浙江纺织服装职业技术学院,2024,安徽,高职专科,历史类,,,371,86418,
2915,浙江工贸职业技术学院,2024,安徽,高职专科,历史类,,,454,49074,
2918,浙江工商职业技术学院,2024,安徽,高职专科,历史类,,,422,48202,
2921,浙江工业职业技术学院,2024,安徽,高职专科,历史类,,,415,65651,
2922,浙江广厦建设职业技术大学,2024,安徽,高职专科,历史类,,,275,93927,
2923,浙江国际海运职业技术学院,2024,安徽,高职专科,历史类,,,344,101544,
2926,浙江机电职业技术大学,2024,安徽,高职专科,历史类,,,403,65651,
2927,浙江建设职业技术学院,2024,安徽,高职专科,历史类,,,409,62702,
2929,浙江金融职业学院,2024,安徽,高职专科,历史类,,,455,48650,
2930,浙江经济职业技术学院,2024,安徽,高职专科,历史类,,,445,47742,
2931,浙江经贸职业技术学院,2024,安徽,高职专科,历史类,,,427,47323,
2932,浙江警官职业学院,2024,安徽,高职专科,历史类,,,455,48650,
2936,浙江旅游职业学院,2024,安徽,高职专科,历史类,,,381,51299,
2939,浙江汽车职业技术学院,2024,安徽,高职专科,历史类,,,382,258627,
2940,浙江商业职业技术学院,2024,安徽,高职专科,历史类,,,431,54154,
2945,浙江特殊教育职业学院,2024,安徽,高职专科,历史类,,,438,51783,
2946,浙江同济科技职业学院,2024,安徽,高职专科,历史类,,,422,56998,
2951,浙江邮电职业技术学院,2024,安徽,高职专科,历史类,,,414,60341,
2952,浙江宇翔职业技术学院,2024,安徽,高职专科,历史类,,,253,127511,
2953,浙江育英职业技术学院,2024,安徽,高职专科,历史类,,,260,125910,
2956,镇江市高等专科学校,2024,安徽,高职专科,历史类,,,409,61693,
2957,正德职业技术学院,2024,安徽,高职专科,历史类,,,253,126365,
2968,郑州旅游职业学院,2024,安徽,高职专科,历史类,,,273,121429,
2974,郑州澍青医学高等专科学校,2024,安徽,高职专科,历史类,,,363,61249,
2976,郑州卫生健康职业学院,2024,安徽,高职专科,历史类,,,278,106299,
2978,郑州医药健康职业学院,2024,安徽,高职专科,历史类,,,360,266926,
2979,郑州幼儿师范高等专科学校,2024,安徽,高职专科,历史类,,,405,72769,
2980,郑州职业技术学院,2024,安徽,高职专科,历史类,,,346,279393,
3020,中山职业技术学院,2024,安徽,高职专科,历史类,,,277,112954,
3029,钟山职业技术学院,2024,安徽,高职专科,历史类,,,256,110578,
3031,周口职业技术学院,2024,安徽,高职专科,历史类,,,270,123219,
3032,珠海城市职业技术学院,2024,安徽,高职专科,历史类,,,268,121701,
3034,珠海艺术职业学院,2024,安徽,高职专科,历史类,,,224,132803,
3035,资阳环境科技职业学院,2024,安徽,高职专科,历史类,,,208,129628,
3037,淄博师范高等专科学校,2024,安徽,高职专科,历史类,,,271,120675,
3038,淄博职业学院,2024,安徽,高职专科,历史类,,,375,70214,
9011,安庆师范大学,2024,安徽,高职专科,历史类,,,420,53215,
9111,淮南师范学院,2024,安徽,高职专科,历史类,,,392,70751,
9116,宿州学院,2024,安徽,高职专科,历史类,,,357,84005,
9301,安徽财贸职业学院,2024,安徽,高职专科,历史类,,,324,74223,
9302,安徽城市管理职业学院,2024,安徽,高职专科,历史类,,,405,55590,
9304,安徽电子信息职业技术学院,2024,安徽,高职专科,历史类,,,310,79015,
9305,安徽工贸职业技术学院,2024,安徽,高职专科,历史类,,,307,87414,
9306,安徽工商职业学院,2024,安徽,高职专科,历史类,,,328,77450,
9307,安徽工业经济职业技术学院,2024,安徽,高职专科,历史类,,,375,76194,
9308,安徽工业职业技术学院,2024,安徽,高职专科,历史类,,,308,88461,
9309,安徽公安职业学院,2024,安徽,高职专科,历史类,,,352,98275,
9310,安徽广播影视职业技术学院,2024,安徽,高职专科,历史类,,,341,88409,
9311,安徽国防科技职业学院,2024,安徽,高职专科,历史类,,,311,89079,
9312,安徽国际商务职业学院,2024,安徽,高职专科,历史类,,,292,94612,
9313,安徽黄梅戏艺术职业学院,2024,安徽,高职专科,历史类,,,294,117343,
9314,安徽机电职业技术学院,2024,安徽,高职专科,历史类,,,397,59406,
9315,安徽交通职业技术学院,2024,安徽,高职专科,历史类,,,352,54625,
9317,安徽警官职业学院,2024,安徽,高职专科,历史类,,,370,196246,
9318,安徽矿业职业技术学院,2024,安徽,高职专科,历史类,,,265,119618,
9319,安徽粮食工程职业学院,2024,安徽,高职专科,历史类,,,311,102832,
9320,安徽林业职业技术学院,2024,安徽,高职专科,历史类,,,217,129221,
9322,安徽绿海商务职业学院,2024,安徽,高职专科,历史类,,,263,121389,
9323,安徽汽车职业技术学院,2024,安徽,高职专科,历史类,,,293,109267,
9324,安徽卫生健康职业学院,2024,安徽,高职专科,历史类,,,281,85946,
9325,安徽商贸职业技术学院,2024,安徽,高职专科,历史类,,,418,208048,
9327,安徽审计职业学院,2024,安徽,高职专科,历史类,,,338,91168,
9328,安徽水利水电职业技术学院,2024,安徽,高职专科,历史类,,,393,62495,
9329,安徽体育运动职业技术学院,2024,安徽,高职专科,历史类,,,330,92541,
9331,安徽新闻出版职业技术学院,2024,安徽,高职专科,历史类,,,332,83973,
9332,安徽扬子职业技术学院,2024,安徽,高职专科,历史类,,,263,118617,
9333,安徽冶金科技职业学院,2024,安徽,高职专科,历史类,,,282,115612,
9334,安徽医学高等专科学校,2024,安徽,高职专科,历史类,,,450,43355,
9335,安徽艺术职业学院,2024,安徽,高职专科,历史类,,,253,89785,
9336,安徽邮电职业技术学院,2024,安徽,高职专科,历史类,,,374,229225,
9337,安徽职业技术学院,2024,安徽,高职专科,历史类,,,433,48387,
9338,安徽中澳科技职业学院,2024,安徽,高职专科,历史类,,,311,241309,
9339,安徽中医药高等专科学校,2024,安徽,高职专科,历史类,,,428,54154,
9340,安庆医药高等专科学校,2024,安徽,高职专科,历史类,,,398,62190,
9341,安庆职业技术学院,2024,安徽,高职专科,历史类,,,260,66056,
9343,亳州职业技术学院,2024,安徽,高职专科,历史类,,,315,97852,
9344,池州职业技术学院,2024,安徽,高职专科,历史类,,,318,73775,
9345,滁州城市职业学院,2024,安徽,高职专科,历史类,,,364,242187,
9346,滁州职业技术学院,2024,安徽,高职专科,历史类,,,343,77485,
9347,阜阳科技职业学院,2024,安徽,高职专科,历史类,,,270,106299,
9348,阜阳幼儿师范高等专科学校,2024,安徽,高职专科,历史类,,,281,89296,
9349,阜阳职业技术学院,2024,安徽,高职专科,历史类,,,376,8019,
9352,合肥共达职业技术学院,2024,安徽,高职专科,历史类,,,289,85466,
9354,合肥科技职业学院,2024,安徽,高职专科,历史类,,,281,97426,
9355,合肥通用职业技术学院,2024,安徽,高职专科,历史类,,,352,83521,
9356,合肥信息技术职业学院,2024,安徽,高职专科,历史类,,,277,104387,
9357,合肥幼儿师范高等专科学校,2024,安徽,高职专科,历史类,,,389,55590,
9358,合肥职业技术学院,2024,安徽,高职专科,历史类,,,430,53498,
9359,淮北职业技术学院,2024,安徽,高职专科,历史类,,,356,65144,
9360,淮南联合大学,2024,安徽,高职专科,历史类,,,326,83507,
9361,淮南职业技术学院,2024,安徽,高职专科,历史类,,,296,105121,
9362,黄山职业技术学院,2024,安徽,高职专科,历史类,,,351,244747,
9363,徽商职业学院,2024,安徽,高职专科,历史类,,,301,115429,
9364,六安职业技术学院,2024,安徽,高职专科,历史类,,,274,99043,
9365,马鞍山师范高等专科学校,2024,安徽,高职专科,历史类,,,301,68210,
9366,马鞍山职业技术学院,2024,安徽,高职专科,历史类,,,339,90280,
9367,桐城师范高等专科学校,2024,安徽,高职专科,历史类,,,334,74871,
9368,铜陵职业技术学院,2024,安徽,高职专科,历史类,,,361,73152,
9369,皖北卫生职业学院,2024,安徽,高职专科,历史类,,,296,107712,
9370,皖西卫生职业学院,2024,安徽,高职专科,历史类,,,346,77985,
9372,芜湖职业技术学院,2024,安徽,高职专科,历史类,,,431,46407,
9373,宿州职业技术学院,2024,安徽,高职专科,历史类,,,283,114619,
9374,宣城职业技术学院,2024,安徽,高职专科,历史类,,,375,48885,
9375,黄山健康职业学院,2024,安徽,高职专科,历史类,,,276,107712,
9376,宿州航空职业学院,2024,安徽,高职专科,历史类,,,244,123972,
9377,蚌埠城市轨道交通职业学院,2024,安徽,高职专科,历史类,,,248,304847,
9378,芜湖航空职业学院,2024,安徽,高职专科,历史类,,,236,128210,
9379,芜湖医药健康职业学院,2024,安徽,高职专科,历史类,,,241,127511,
1079,渤海船舶职业学院,2024,安徽,专科提前批-其他,物理类,,,314,294231,
1222,大连航运职业技术学院,2024,安徽,专科提前批-其他,物理类,,,287,301953,
1325,共青科技职业学院,2024,安徽,专科提前批-其他,物理类,,,304,297374,
1417,广州民航职业技术学院,2024,安徽,专科提前批-其他,物理类,,,281,300913,
1538,河北交通职业技术学院,2024,安徽,专科提前批-其他,物理类,,,370,268173,
2185,青岛港湾职业技术学院,2024,安徽,专科提前批-其他,物理类,,,400,209180,
2231,三亚航空旅游职业学院,2024,安徽,专科提前批-其他,物理类,,,318,273478,
2251,山东海事职业学院,2024,安徽,专科提前批-其他,物理类,,,304,293226,
2378,上海民航职业技术学院,2024,安徽,专科提前批-其他,物理类,,,270,266227,
2551,天津海运职业学院,2024,安徽,专科提前批-其他,物理类,,,294,264245,
2649,武汉海事职业学院,2024,安徽,专科提前批-其他,物理类,,,343,254209,
2650,武汉航海职业技术学院,2024,安徽,专科提前批-其他,物理类,,,281,297374,
2994,中国民航大学,2024,安徽,专科提前批-其他,物理类,,,343,275746,
2995,中国民用航空飞行学院,2024,安徽,专科提前批-其他,物理类,,,286,235951,
9315,安徽交通职业技术学院,2024,安徽,专科提前批-其他,物理类,,,389,249661,
9324,安徽卫生健康职业学院,2024,安徽,专科提前批-农村订单定向免费医学生,物理类,,,480,89425,
9334,安徽医学高等专科学校,2024,安徽,专科提前批-农村订单定向免费医学生,物理类,,,484,121124,
9339,安徽中医药高等专科学校,2024,安徽,专科提前批-农村订单定向免费医学生,物理类,,,482,51644,
9340,安庆医药高等专科学校,2024,安徽,专科提前批-农村订单定向免费医学生,物理类,,,481,99522,
9343,亳州职业技术学院,2024,安徽,专科提前批-农村订单定向免费医学生,物理类,,,480,99522,
9349,阜阳职业技术学院,2024,安徽,专科提前批-农村订单定向免费医学生,物理类,,,480,105113,
9358,合肥职业技术学院,2024,安徽,专科提前批-农村订单定向免费医学生,物理类,,,484,95650,
9362,黄山职业技术学院,2024,安徽,专科提前批-农村订单定向免费医学生,物理类,,,484,135342,
9369,皖北卫生职业学院,2024,安徽,专科提前批-农村订单定向免费医学生,物理类,,,482,146789,
9370,皖西卫生职业学院,2024,安徽,专科提前批-农村订单定向免费医学生,物理类,,,483,111490,
9309,安徽公安职业学院,2024,安徽,专科提前批-司法,物理类,,,563,52506,
9317,安徽警官职业学院,2024,安徽,专科提前批-司法,物理类,,,529,78827,
9320,安徽林业职业技术学院,2024,安徽,专科提前批-基层农技推广人才定向,物理类,,,516,65863,
9341,安庆职业技术学院,2024,安徽,专科提前批-基层农技推广人才定向,物理类,,,515,68740,
9373,宿州职业技术学院,2024,安徽,专科提前批-基层农技推广人才定向,物理类,,,517,73298,
1034,北京电子科技职业学院,2024,安徽,专科提前批-定向培养军士,物理类,,,463,174784,
1038,北京工业职业技术学院,2024,安徽,专科提前批-定向培养军士,物理类,,,459,183945,
1077,滨州职业学院,2024,安徽,专科提前批-定向培养军士,物理类,,,401,218072,
1079,渤海船舶职业学院,2024,安徽,专科提前批-定向培养军士,物理类,,,387,251993,
1104,长春职业技术学院,2024,安徽,专科提前批-定向培养军士,物理类,,,411,236873,
1112,长沙航空职业技术学院,2024,安徽,专科提前批-定向培养军士,物理类,,,453,191473,
1140,成都航空职业技术学院,2024,安徽,专科提前批-定向培养军士,物理类,,,447,198628,
1177,重庆航天职业技术学院,2024,安徽,专科提前批-定向培养军士,物理类,,,409,209180,
1178,重庆机电职业技术大学,2024,安徽,专科提前批-定向培养军士,物理类,,,425,219094,
1202,重庆医药高等专科学校,2024,安徽,专科提前批-定向培养军士,物理类,,,460,174784,
1262,东华理工大学,2024,安徽,专科提前批-定向培养军士,物理类,,,445,201025,
1573,河南交通职业技术学院,2024,安徽,专科提前批-定向培养军士,物理类,,,400,204502,
1587,河南医学高等专科学校,2024,安徽,专科提前批-定向培养军士,物理类,,,421,199830,
1647,湖北交通职业技术学院,2024,安徽,专科提前批-定向培养军士,物理类,,,411,210338,
1695,湖南国防工业职业技术学院,2024,安徽,专科提前批-定向培养军士,物理类,,,428,212616,
1710,湖南汽车工程职业大学,2024,安徽,专科提前批-定向培养军士,物理类,,,399,247306,
1721,湖南体育职业学院,2024,安徽,专科提前批-定向培养军士,物理类,,,410,235951,
1829,江苏海事职业技术学院,2024,安徽,专科提前批-定向培养军士,物理类,,,419,229225,
1847,江苏信息职业技术学院,2024,安徽,专科提前批-定向培养军士,物理类,,,451,193863,
1863,江西航空职业技术学院,2024,安徽,专科提前批-定向培养军士,物理类,,,418,220129,
1890,江西信息应用职业技术学院,2024,安徽,专科提前批-定向培养军士,物理类,,,419,223175,
1961,兰州资源环境职业技术大学,2024,安徽,专科提前批-定向培养军士,物理类,,,412,234102,
1994,辽宁省交通高等专科学校,2024,安徽,专科提前批-定向培养军士,物理类,,,414,231257,
2058,南昌工程学院,2024,安徽,专科提前批-定向培养军士,物理类,,,427,198628,
2108,南京信息职业技术学院,2024,安徽,专科提前批-定向培养军士,物理类,,,454,52506,
2257,山东交通职业学院,2024,安徽,专科提前批-定向培养军士,物理类,,,394,232216,
2287,山东信息职业技术学院,2024,安徽,专科提前批-定向培养军士,物理类,,,413,206917,
2486,四川邮电职业技术学院,2024,安徽,专科提前批-定向培养军士,物理类,,,424,108818,
2526,泰山职业技术学院,2024,安徽,专科提前批-定向培养军士,物理类,,,392,222210,
2595,威海职业学院,2024,安徽,专科提前批-定向培养军士,物理类,,,412,212616,
2596,潍坊工程职业学院,2024,安徽,专科提前批-定向培养军士,物理类,,,395,229225,
2631,武昌职业学院,2024,安徽,专科提前批-定向培养军士,物理类,,,394,220129,
2635,武汉船舶职业技术学院,2024,安徽,专科提前批-定向培养军士,物理类,,,392,252707,
2652,武汉交通职业学院,2024,安徽,专科提前批-定向培养军士,物理类,,,398,191473,
2687,西安航空学院,2024,安徽,专科提前批-定向培养军士,物理类,,,441,190207,
2688,西安航空职业技术学院,2024,安徽,专科提前批-定向培养军士,物理类,,,418,230214,
2787,新疆石河子职业技术学院,2024,安徽,专科提前批-定向培养军士,物理类,,,416,227261,
2826,延安职业技术学院,2024,安徽,专科提前批-定向培养军士,物理类,,,388,229225,
2895,张家界航空工业职业技术学院,2024,安徽,专科提前批-定向培养军士,物理类,,,419,229225,
2927,浙江建设职业技术学院,2024,安徽,专科提前批-定向培养军士,物理类,,,422,216997,
2928,浙江交通职业技术学院,2024,安徽,专科提前批-定向培养军士,物理类,,,407,204502,
9315,安徽交通职业技术学院,2024,安徽,专科提前批-定向培养军士,物理类,,,423,198628,
9349,阜阳职业技术学院,2024,安徽,专科提前批-定向培养军士,物理类,,,449,196246,
1024,北方民族大学,2024,安徽,国家专项计划,物理类,,,522,96937,
1029,北京大学,2024,安徽,国家专项计划,物理类,,,687,193,
1030,北京大学医学部,2024,安徽,国家专项计划,物理类,,,681,540,
1037,北京工业大学,2024,安徽,国家专项计划,物理类,,,608,13801,
1039,北京航空航天大学,2024,安徽,国家专项计划,物理类,,,665,1821,
1040,北京化工大学,2024,安徽,国家专项计划,物理类,,,617,16301,
1042,北京交通大学,2024,安徽,国家专项计划,物理类,,,618,13361,
1048,北京科技大学,2024,安徽,国家专项计划,物理类,,,621,7777,
1051,北京理工大学,2024,安徽,国家专项计划,物理类,,,658,2371,
1053,北京林业大学,2024,安徽,国家专项计划,物理类,,,602,24717,
1057,北京师范大学,2024,安徽,国家专项计划,物理类,,,650,3863,
1061,北京体育大学,2024,安徽,国家专项计划,物理类,,,579,32010,
1062,北京外国语大学,2024,安徽,国家专项计划,物理类,,,632,10563,
1068,北京印刷学院,2024,安徽,国家专项计划,物理类,,,538,73298,
1069,北京邮电大学,2024,安徽,国家专项计划,物理类,,,648,5470,
1071,北京语言大学,2024,安徽,国家专项计划,物理类,,,578,36735,
1073,北京中医药大学,2024,安徽,国家专项计划,物理类,,,604,20196,
1086,长安大学,2024,安徽,国家专项计划,物理类,,,605,22966,
1093,长春工业大学,2024,安徽,国家专项计划,物理类,,,522,81101,
1098,长春理工大学,2024,安徽,国家专项计划,物理类,,,558,25818,
1163,重庆大学,2024,安徽,国家专项计划,物理类,,,624,6563,
1215,大连大学,2024,安徽,国家专项计划,物理类,,,593,30032,
1220,大连海事大学,2024,安徽,国家专项计划,物理类,,,580,28187,
1223,大连交通大学,2024,安徽,国家专项计划,物理类,,,589,28793,
1225,大连理工大学,2024,安徽,国家专项计划,物理类,,,638,8414,
1228,大连民族大学,2024,安徽,国家专项计划,物理类,,,484,149613,
1231,大连医科大学,2024,安徽,国家专项计划,物理类,,,551,63826,
1247,电子科技大学,2024,安徽,国家专项计划,物理类,,,653,2216,
1251,东北财经大学,2024,安徽,国家专项计划,物理类,,,581,32681,
1252,东北大学,2024,安徽,国家专项计划,物理类,,,624,13801,
1254,东北电力大学,2024,安徽,国家专项计划,物理类,,,600,22387,
1255,东北林业大学,2024,安徽,国家专项计划,物理类,,,587,26798,
1256,东北农业大学,2024,安徽,国家专项计划,物理类,,,584,34696,
1257,东北师范大学,2024,安徽,国家专项计划,物理类,,,607,21812,
1261,东华大学,2024,安徽,国家专项计划,物理类,,,613,16769,
1263,东南大学,2024,安徽,国家专项计划,物理类,,,647,2728,
1268,对外经济贸易大学,2024,安徽,国家专项计划,物理类,,,626,11694,
1271,防灾科技学院,2024,安徽,国家专项计划,物理类,,,572,44886,
1281,福建农林大学,2024,安徽,国家专项计划,物理类,,,523,93155,
1286,福建师范大学,2024,安徽,国家专项计划,物理类,,,568,42525,
1306,复旦大学,2024,安徽,国家专项计划,物理类,,,671,368,
1336,广东工业大学,2024,安徽,国家专项计划,物理类,,,574,43302,
1427,广州医科大学,2024,安徽,国家专项计划,物理类,,,564,51644,
1461,国际关系学院,2024,安徽,国家专项计划,物理类,,,602,16769,
1465,哈尔滨工程大学,2024,安徽,国家专项计划,物理类,,,625,10563,
1466,哈尔滨工业大学,2024,安徽,国家专项计划,物理类,,,650,1941,
1467,哈尔滨工业大学(深圳),2024,安徽,国家专项计划,物理类,,,667,1349,
1468,哈尔滨工业大学(威海),2024,安徽,国家专项计划,物理类,,,648,4302,
1508,杭州电子科技大学,2024,安徽,国家专项计划,物理类,,,611,19196,
1515,合肥工业大学,2024,安徽,国家专项计划,物理类,,,621,10182,
1562,河海大学,2024,安徽,国家专项计划,物理类,,,615,12503,
1603,黑龙江大学,2024,安徽,国家专项计划,物理类,,,530,86973,
1681,湖南大学,2024,安徽,国家专项计划,物理类,,,618,10714,
1737,华北电力大学(保定),2024,安徽,国家专项计划,物理类,,,614,11694,
1738,华北电力大学(北京),2024,安徽,国家专项计划,物理类,,,612,11694,
1739,华北科技学院,2024,安徽,国家专项计划,物理类,,,510,104854,
1744,华东理工大学,2024,安徽,国家专项计划,物理类,,,632,5727,
1745,华东师范大学,2024,安徽,国家专项计划,物理类,,,640,4985,
1746,华东政法大学,2024,安徽,国家专项计划,物理类,,,608,21277,
1747,华南理工大学,2024,安徽,国家专项计划,物理类,,,605,7145,
1750,华侨大学,2024,安徽,国家专项计划,物理类,,,562,45684,
1751,华中科技大学,2024,安徽,国家专项计划,物理类,,,649,3467,
1752,华中农业大学,2024,安徽,国家专项计划,物理类,,,601,16301,
1753,华中师范大学,2024,安徽,国家专项计划,物理类,,,607,18182,
1771,吉林大学,2024,安徽,国家专项计划,物理类,,,615,10940,
1781,吉林农业大学,2024,安徽,国家专项计划,物理类,,,505,119741,
1793,集美大学,2024,安徽,国家专项计划,物理类,,,586,34696,
1795,济南大学,2024,安徽,国家专项计划,物理类,,,572,29400,
1803,暨南大学,2024,安徽,国家专项计划,物理类,,,600,19709,
1817,江南大学,2024,安徽,国家专项计划,物理类,,,606,22387,
1824,江苏大学,2024,安徽,国家专项计划,物理类,,,597,25818,
1836,江苏科技大学,2024,安徽,国家专项计划,物理类,,,585,35375,
1953,兰州大学,2024,安徽,国家专项计划,物理类,,,623,10563,
1973,辽宁大学,2024,安徽,国家专项计划,物理类,,,597,27577,
1976,辽宁工程技术大学,2024,安徽,国家专项计划,物理类,,,528,71085,
1986,辽宁科技大学,2024,安徽,国家专项计划,物理类,,,554,35375,
1998,辽宁石油化工大学,2024,安徽,国家专项计划,物理类,,,541,50810,
2076,南京财经大学,2024,安徽,国家专项计划,物理类,,,587,29400,
2080,南京大学,2024,安徽,国家专项计划,物理类,,,674,874,
2082,南京工业大学,2024,安徽,国家专项计划,物理类,,,599,21812,
2085,南京航空航天大学,2024,安徽,国家专项计划,物理类,,,637,5470,
2091,南京理工大学,2024,安徽,国家专项计划,物理类,,,620,14634,
2094,南京林业大学,2024,安徽,国家专项计划,物理类,,,587,34034,
2096,南京农业大学,2024,安徽,国家专项计划,物理类,,,589,25818,
2097,南京审计大学,2024,安徽,国家专项计划,物理类,,,597,20196,
2099,南京师范大学,2024,安徽,国家专项计划,物理类,,,616,17242,
2107,南京信息工程大学,2024,安徽,国家专项计划,物理类,,,604,23550,
2112,南京邮电大学,2024,安徽,国家专项计划,物理类,,,625,13361,
2115,南开大学,2024,安徽,国家专项计划,物理类,,,652,4532,
2146,宁波大学,2024,安徽,国家专项计划,物理类,,,600,25818,
2200,清华大学,2024,安徽,国家专项计划,物理类,,,686,329,
2241,山东大学,2024,安徽,国家专项计划,物理类,,,637,4532,
2242,山东大学威海分校,2024,安徽,国家专项计划,物理类,,,619,15886,
2275,山东师范大学,2024,安徽,国家专项计划,物理类,,,573,38161,
2331,陕西师范大学,2024,安徽,国家专项计划,物理类,,,584,32010,
2346,上海财经大学,2024,安徽,国家专项计划,物理类,,,621,9830,
2352,上海电机学院,2024,安徽,国家专项计划,物理类,,,566,49910,
2357,上海对外经贸大学,2024,安徽,国家专项计划,物理类,,,597,27577,
2358,上海工程技术大学,2024,安徽,国家专项计划,物理类,,,563,52506,
2364,上海海洋大学,2024,安徽,国家专项计划,物理类,,,593,25818,
2369,上海交通大学,2024,安徽,国家专项计划,物理类,,,674,540,
2370,上海交通大学医学院,2024,安徽,国家专项计划,物理类,,,673,1152,
2374,上海理工大学,2024,安徽,国家专项计划,物理类,,,603,24163,
2376,上海立信会计金融学院,2024,安徽,国家专项计划,物理类,,,555,38161,
2392,上海外国语大学,2024,安徽,国家专项计划,物理类,,,605,17242,
2403,上海中医药大学,2024,安徽,国家专项计划,物理类,,,582,32681,
2423,沈阳工业大学,2024,安徽,国家专项计划,物理类,,,589,32681,
2424,沈阳航空航天大学,2024,安徽,国家专项计划,物理类,,,582,37420,
2426,沈阳建筑大学,2024,安徽,国家专项计划,物理类,,,532,46535,
2428,沈阳理工大学,2024,安徽,国家专项计划,物理类,,,571,45684,
2429,沈阳农业大学,2024,安徽,国家专项计划,物理类,,,523,95659,
2432,沈阳药科大学,2024,安徽,国家专项计划,物理类,,,559,37420,
2436,石河子大学,2024,安徽,国家专项计划,物理类,,,554,57958,
2453,首都医科大学,2024,安徽,国家专项计划,物理类,,,585,35375,
2458,四川大学,2024,安徽,国家专项计划,物理类,,,635,6271,
2489,苏州大学,2024,安徽,国家专项计划,物理类,,,633,10182,
2512,塔里木大学,2024,安徽,国家专项计划,物理类,,,497,128198,
2544,天津大学,2024,安徽,国家专项计划,物理类,,,646,5470,
2546,天津工业大学,2024,安徽,国家专项计划,物理类,,,591,30032,
2555,天津理工大学,2024,安徽,国家专项计划,物理类,,,598,26983,
2562,天津商业大学,2024,安徽,国家专项计划,物理类,,,548,66923,
2572,天津外国语大学,2024,安徽,国家专项计划,物理类,,,561,38858,
2575,天津医科大学,2024,安徽,国家专项计划,物理类,,,587,15012,
2589,同济大学,2024,安徽,国家专项计划,物理类,,,657,2371,
2593,外交学院,2024,安徽,国家专项计划,物理类,,,605,22966,
2637,武汉大学,2024,安徽,国家专项计划,物理类,,,651,4083,
2656,武汉理工大学,2024,安徽,国家专项计划,物理类,,,613,18676,
2680,西安电子科技大学,2024,安徽,国家专项计划,物理类,,,639,8082,
2691,西安交通大学,2024,安徽,国家专项计划,物理类,,,655,3863,
2716,西北工业大学,2024,安徽,国家专项计划,物理类,,,643,4985,
2717,西北民族大学,2024,安徽,国家专项计划,物理类,,,512,76597,
2718,西北农林科技大学,2024,安徽,国家专项计划,物理类,,,605,22966,
2730,西南财经大学,2024,安徽,国家专项计划,物理类,,,610,16301,
2734,西南交通大学,2024,安徽,国家专项计划,物理类,,,612,2728,
2738,西南民族大学,2024,安徽,国家专项计划,物理类,,,534,44886,
2744,厦门大学,2024,安徽,国家专项计划,物理类,,,641,4985,
2827,延边大学,2024,安徽,国家专项计划,物理类,,,574,34696,
2834,扬州大学,2024,安徽,国家专项计划,物理类,,,597,24717,
2911,浙江大学,2024,安徽,国家专项计划,物理类,,,673,1152,
2912,浙江大学医学院,2024,安徽,国家专项计划,物理类,,,659,1704,
2916,浙江工商大学,2024,安徽,国家专项计划,物理类,,,573,44100,
2937,浙江农林大学,2024,安徽,国家专项计划,物理类,,,570,46535,
2982,中国传媒大学,2024,安徽,国家专项计划,物理类,,,623,12105,
2983,中国地质大学(北京),2024,安徽,国家专项计划,物理类,,,609,12503,
2984,中国地质大学(武汉),2024,安徽,国家专项计划,物理类,,,606,21812,
2985,中国海洋大学,2024,安徽,国家专项计划,物理类,,,625,13361,
2986,中国计量大学,2024,安徽,国家专项计划,物理类,,,592,30690,
2988,中国科学技术大学,2024,安徽,国家专项计划,物理类,,,677,540,
2989,中国矿业大学,2024,安徽,国家专项计划,物理类,,,605,22966,
2990,中国矿业大学(北京),2024,安徽,国家专项计划,物理类,,,600,25818,
2992,中国劳动关系学院,2024,安徽,国家专项计划,物理类,,,524,78827,
2994,中国民航大学,2024,安徽,国家专项计划,物理类,,,581,35375,
2995,中国民用航空飞行学院,2024,安徽,国家专项计划,物理类,,,530,86973,
2996,中国农业大学,2024,安徽,国家专项计划,物理类,,,629,8082,
2997,中国人民大学,2024,安徽,国家专项计划,物理类,,,660,2371,
3001,中国社会科学院大学,2024,安徽,国家专项计划,物理类,,,625,13361,
3002,中国石油大学(北京),2024,安徽,国家专项计划,物理类,,,608,12931,
3003,中国石油大学(北京)克拉玛依校区,2024,安徽,国家专项计划,物理类,,,583,17242,
3004,中国石油大学(华东),2024,安徽,国家专项计划,物理类,,,611,15443,
3008,中国药科大学,2024,安徽,国家专项计划,物理类,,,598,26983,
3009,中国医科大学,2024,安徽,国家专项计划,物理类,,,573,44100,
3011,中国政法大学,2024,安徽,国家专项计划,物理类,,,627,7145,
3013,中南财经政法大学,2024,安徽,国家专项计划,物理类,,,607,12503,
3014,中南大学,2024,安徽,国家专项计划,物理类,,,646,5985,
3017,中南民族大学,2024,安徽,国家专项计划,物理类,,,551,49910,
3018,中山大学,2024,安徽,国家专项计划,物理类,,,633,2728,
3021,中央财经大学,2024,安徽,国家专项计划,物理类,,,619,8082,
3023,中央民族大学,2024,安徽,国家专项计划,物理类,,,620,9460,
9001,安徽大学,2024,安徽,国家专项计划,物理类,,,599,18676,
9002,安徽财经大学,2024,安徽,国家专项计划,物理类,,,535,47323,
9003,安徽工程大学,2024,安徽,国家专项计划,物理类,,,535,57020,
9004,安徽工业大学,2024,安徽,国家专项计划,物理类,,,537,61059,
9005,安徽建筑大学,2024,安徽,国家专项计划,物理类,,,537,70258,
9006,安徽理工大学,2024,安徽,国家专项计划,物理类,,,552,60361,
9007,安徽农业大学,2024,安徽,国家专项计划,物理类,,,539,34696,
9008,安徽师范大学,2024,安徽,国家专项计划,物理类,,,562,34034,
9009,安徽医科大学,2024,安徽,国家专项计划,物理类,,,555,57958,
9010,安徽中医药大学,2024,安徽,国家专项计划,物理类,,,529,67898,
9011,安庆师范大学,2024,安徽,国家专项计划,物理类,,,533,83437,
9012,淮北师范大学,2024,安徽,国家专项计划,物理类,,,527,72194,
9014,蚌埠医科大学,2024,安徽,国家专项计划,物理类,,,585,35375,
9015,合肥大学,2024,安徽,国家专项计划,物理类,,,535,72194,
9114,皖南医学院,2024,安徽,国家专项计划,物理类,,,575,37420,
9001,安徽大学,2024,安徽,地方专项计划,物理类,,,600,18182,
9002,安徽财经大学,2024,安徽,地方专项计划,物理类,,,535,47323,
9003,安徽工程大学,2024,安徽,地方专项计划,物理类,,,537,56117,
9004,安徽工业大学,2024,安徽,地方专项计划,物理类,,,538,59104,
9005,安徽建筑大学,2024,安徽,地方专项计划,物理类,,,538,70105,
9006,安徽理工大学,2024,安徽,地方专项计划,物理类,,,546,60362,
9007,安徽农业大学,2024,安徽,地方专项计划,物理类,,,538,36735,
9008,安徽师范大学,2024,安徽,地方专项计划,物理类,,,555,35375,
9009,安徽医科大学,2024,安徽,地方专项计划,物理类,,,549,60890,
9010,安徽中医药大学,2024,安徽,地方专项计划,物理类,,,523,75498,
9011,安庆师范大学,2024,安徽,地方专项计划,物理类,,,536,79924,
9012,淮北师范大学,2024,安徽,地方专项计划,物理类,,,520,77714,
9013,阜阳师范大学,2024,安徽,地方专项计划,物理类,,,520,90656,
9014,蚌埠医科大学,2024,安徽,地方专项计划,物理类,,,572,44886,
9015,合肥大学,2024,安徽,地方专项计划,物理类,,,535,72194,
9101,安徽科技学院,2024,安徽,地方专项计划,物理类,,,518,89425,
9102,蚌埠学院,2024,安徽,地方专项计划,物理类,,,511,103523,
9104,亳州学院,2024,安徽,地方专项计划,物理类,,,496,126734,
9107,滁州学院,2024,安徽,地方专项计划,物理类,,,517,79924,
9109,合肥师范学院,2024,安徽,地方专项计划,物理类,,,525,93155,
9111,淮南师范学院,2024,安徽,地方专项计划,物理类,,,519,83437,
9112,黄山学院,2024,安徽,地方专项计划,物理类,,,509,107457,
9114,皖南医学院,2024,安徽,地方专项计划,物理类,,,558,38858,
9115,皖西学院,2024,安徽,地方专项计划,物理类,,,517,103523,
1001,安康学院,2024,安徽,本科批,物理类,,,504,121124,
1003,安阳工学院,2024,安徽,本科批,物理类,,,496,112876,
1004,安阳师范学院,2024,安徽,本科批,物理类,,,516,104854,
1007,鞍山师范学院,2024,安徽,本科批,物理类,,,489,132469,
1010,白城师范学院,2024,安徽,本科批,物理类,,,484,141050,
1017,宝鸡文理学院,2024,安徽,本科批,物理类,,,497,122552,
1020,保定学院,2024,安徽,本科批,物理类,,,501,115584,
1022,北部湾大学,2024,安徽,本科批,物理类,,,483,111490,
1023,北方工业大学,2024,安徽,本科批,物理类,,,577,25259,
1024,北方民族大学,2024,安徽,本科批,物理类,,,529,88167,
1026,北华大学,2024,安徽,本科批,物理类,,,506,95659,
1027,北华航天工业学院,2024,安徽,本科批,物理类,,,518,88167,
1028,北京城市学院,2024,安徽,本科批,物理类,,,497,123961,
1029,北京大学,2024,安徽,本科批,物理类,,,697,48,
1030,北京大学医学部,2024,安徽,本科批,物理类,,,680,157,
1031,北京第二外国语学院,2024,安徽,本科批,物理类,,,578,34696,
1032,北京电影学院,2024,安徽,本科批,物理类,,,607,21812,
1035,北京服装学院,2024,安徽,本科批,物理类,,,518,98187,
1036,北京工商大学,2024,安徽,本科批,物理类,,,581,32010,
1037,北京工业大学,2024,安徽,本科批,物理类,,,615,9106,
1039,北京航空航天大学,2024,安徽,本科批,物理类,,,656,601,
1040,北京化工大学,2024,安徽,本科批,物理类,,,600,10563,
1041,北京建筑大学,2024,安徽,本科批,物理类,,,576,36735,
1042,北京交通大学,2024,安徽,本科批,物理类,,,625,11315,
1043,北京交通大学,2024,安徽,本科批,物理类,,,606,20196,
1048,北京科技大学,2024,安徽,本科批,物理类,,,638,8414,
1049,北京科技大学天津学院,2024,安徽,本科批,物理类,,,487,142490,
1051,北京理工大学,2024,安徽,本科批,物理类,,,635,9460,
1052,北京联合大学,2024,安徽,本科批,物理类,,,509,73298,
1053,北京林业大学,2024,安徽,本科批,物理类,,,600,15443,
1054,北京农学院,2024,安徽,本科批,物理类,,,505,93155,
1057,北京师范大学,2024,安徽,本科批,物理类,,,653,3863,
1058,北京师范大学,2024,安徽,本科批,物理类,,,646,5985,
1059,北京师范大学-香港浸会大学联合国际学院,2024,安徽,本科批,物理类,,,556,46535,
1060,北京石油化工学院,2024,安徽,本科批,物理类,,,529,75498,
1061,北京体育大学,2024,安徽,本科批,物理类,,,551,19196,
1062,北京外国语大学,2024,安徽,本科批,物理类,,,626,5727,
1064,北京物资学院,2024,安徽,本科批,物理类,,,533,43302,
1065,北京协和医学院,2024,安徽,本科批,物理类,,,598,26983,
1066,北京信息科技大学,2024,安徽,本科批,物理类,,,596,28187,
1068,北京印刷学院,2024,安徽,本科批,物理类,,,562,53370,
1069,北京邮电大学,2024,安徽,本科批,物理类,,,653,2371,
1070,北京邮电大学,2024,安徽,本科批,物理类,,,631,6563,
1071,北京语言大学,2024,安徽,本科批,物理类,,,582,30690,
1073,北京中医药大学,2024,安徽,本科批,物理类,,,605,22966,
1074,北京中医药大学东方学院,2024,安徽,本科批,物理类,,,510,107457,
1076,滨州医学院,2024,安徽,本科批,物理类,,,510,94411,
1080,渤海大学,2024,安徽,本科批,物理类,,,488,104854,
1083,沧州师范学院,2024,安徽,本科批,物理类,,,498,126734,
1085,昌吉学院,2024,安徽,本科批,物理类,,,488,143933,
1086,长安大学,2024,安徽,本科批,物理类,,,597,24163,
1088,长春财经学院,2024,安徽,本科批,物理类,,,474,163793,
1089,长春大学,2024,安徽,本科批,物理类,,,535,81101,
1090,长春大学旅游学院,2024,安徽,本科批,物理类,,,462,165184,
1092,长春工程学院,2024,安徽,本科批,物理类,,,493,128198,
1093,长春工业大学,2024,安徽,本科批,物理类,,,517,85739,
1094,长春工业大学人文信息学院,2024,安徽,本科批,物理类,,,474,158149,
1095,长春建筑学院,2024,安徽,本科批,物理类,,,465,165184,
1097,长春科技学院,2024,安徽,本科批,物理类,,,473,159617,
1098,长春理工大学,2024,安徽,本科批,物理类,,,558,53370,
1099,长春汽车职业技术大学,2024,安徽,本科批,物理类,,,488,125317,
1100,长春人文学院,2024,安徽,本科批,物理类,,,469,167933,
1101,长春师范大学,2024,安徽,本科批,物理类,,,528,89425,
1105,长春中医药大学,2024,安徽,本科批,物理类,,,490,107457,
1106,长江大学,2024,安徽,本科批,物理类,,,544,63826,
1107,长江大学文理学院,2024,安徽,本科批,物理类,,,490,141050,
1109,长江师范学院,2024,安徽,本科批,物理类,,,502,123961,
1114,长沙理工大学,2024,安徽,本科批,物理类,,,564,31359,
1115,长沙理工大学城南学院,2024,安徽,本科批,物理类,,,491,139565,
1119,长沙师范学院,2024,安徽,本科批,物理类,,,511,111490,
1121,长沙学院,2024,安徽,本科批,物理类,,,513,100825,
1122,长沙医学院,2024,安徽,本科批,物理类,,,535,69982,
1124,长治学院,2024,安徽,本科批,物理类,,,497,131022,
1125,长治医学院,2024,安徽,本科批,物理类,,,526,57020,
1126,常熟理工学院,2024,安徽,本科批,物理类,,,524,74390,
1127,常州大学,2024,安徽,本科批,物理类,,,578,40338,
1128,常州大学怀德学院,2024,安徽,本科批,物理类,,,488,131022,
1131,常州工学院,2024,安徽,本科批,物理类,,,525,90656,
1136,成都大学,2024,安徽,本科批,物理类,,,541,66923,
1137,成都东软学院,2024,安徽,本科批,物理类,,,476,135342,
1139,成都工业学院,2024,安徽,本科批,物理类,,,525,76597,
1141,成都锦城学院,2024,安徽,本科批,物理类,,,479,141050,
1142,成都理工大学,2024,安徽,本科批,物理类,,,556,34696,
1143,成都理工大学工程技术学院,2024,安徽,本科批,物理类,,,480,155310,
1145,成都师范学院,2024,安徽,本科批,物理类,,,529,84596,
1146,成都体育学院,2024,安徽,本科批,物理类,,,512,95659,
1147,成都外国语学院,2024,安徽,本科批,物理类,,,487,123961,
1149,成都信息工程大学,2024,安徽,本科批,物理类,,,583,27577,
1150,成都医学院,2024,安徽,本科批,物理类,,,513,99522,
1152,成都银杏酒店管理学院,2024,安徽,本科批,物理类,,,473,160968,
1153,成都中医药大学,2024,安徽,本科批,物理类,,,560,30032,
1155,承德医学院,2024,安徽,本科批,物理类,,,541,49910,
1156,赤峰学院,2024,安徽,本科批,物理类,,,490,139565,
1157,重庆财经学院,2024,安徽,本科批,物理类,,,518,102130,
1163,重庆大学,2024,安徽,本科批,物理类,,,638,4083,
1165,重庆第二师范学院,2024,安徽,本科批,物理类,,,514,107457,
1169,重庆对外经贸学院,2024,安徽,本科批,物理类,,,482,148182,
1170,重庆工程学院,2024,安徽,本科批,物理类,,,496,129610,
1172,重庆工商大学,2024,安徽,本科批,物理类,,,535,51644,
1173,重庆工商大学派斯学院,2024,安徽,本科批,物理类,,,484,131022,
1178,重庆机电职业技术大学,2024,安徽,本科批,物理类,,,485,148182,
1182,重庆交通大学,2024,安徽,本科批,物理类,,,574,41093,
1183,重庆科技大学,2024,安徽,本科批,物理类,,,507,89425,
1185,重庆理工大学,2024,安徽,本科批,物理类,,,544,68938,
1189,重庆人文科技学院,2024,安徽,本科批,物理类,,,486,142490,
1190,重庆三峡学院,2024,安徽,本科批,物理类,,,520,94411,
1194,重庆师范大学,2024,安徽,本科批,物理类,,,567,47323,
1197,重庆外语外事学院,2024,安徽,本科批,物理类,,,481,143933,
1198,重庆文理学院,2024,安徽,本科批,物理类,,,513,106107,
1201,重庆医科大学,2024,安徽,本科批,物理类,,,570,6563,
1203,重庆移通学院,2024,安徽,本科批,物理类,,,484,142490,
1205,重庆邮电大学,2024,安徽,本科批,物理类,,,597,27577,
1208,重庆中医药学院,2024,安徽,本科批,物理类,,,515,76597,
1209,楚雄师范学院,2024,安徽,本科批,物理类,,,487,142490,
1211,川北医学院,2024,安徽,本科批,物理类,,,511,111490,
1213,大理大学,2024,安徽,本科批,物理类,,,562,52506,
1214,大连财经学院,2024,安徽,本科批,物理类,,,477,128198,
1215,大连大学,2024,安徽,本科批,物理类,,,525,79924,
1216,大连东软信息学院,2024,安徽,本科批,物理类,,,462,176157,
1218,大连工业大学,2024,安徽,本科批,物理类,,,523,69982,
1219,大连工业大学艺术与信息工程学院,2024,安徽,本科批,物理类,,,472,166597,
1220,大连海事大学,2024,安徽,本科批,物理类,,,584,21277,
1221,大连海洋大学,2024,安徽,本科批,物理类,,,506,114215,
1223,大连交通大学,2024,安徽,本科批,物理类,,,562,51644,
1224,大连科技学院,2024,安徽,本科批,物理类,,,474,160968,
1225,大连理工大学,2024,安徽,本科批,物理类,,,632,3863,
1226,大连理工大学,2024,安徽,本科批,物理类,,,626,12931,
1227,大连理工大学城市学院,2024,安徽,本科批,物理类,,,465,121124,
1228,大连民族大学,2024,安徽,本科批,物理类,,,479,110193,
1230,大连外国语大学,2024,安徽,本科批,物理类,,,527,59853,
1231,大连医科大学,2024,安徽,本科批,物理类,,,529,26380,
1232,大连医科大学中山学院,2024,安徽,本科批,物理类,,,478,81101,
1233,大连艺术学院,2024,安徽,本科批,物理类,,,423,190207,
1236,大庆师范学院,2024,安徽,本科批,物理类,,,489,131022,
1245,德州学院,2024,安徽,本科批,物理类,,,497,119741,
1246,滇池学院,2024,安徽,本科批,物理类,,,478,158149,
1247,电子科技大学,2024,安徽,本科批,物理类,,,660,1349,
1248,电子科技大学,2024,安徽,本科批,物理类,,,638,3110,
1249,电子科技大学成都学院,2024,安徽,本科批,物理类,,,509,103523,
1250,电子科技大学中山学院,2024,安徽,本科批,物理类,,,476,122552,
1251,东北财经大学,2024,安徽,本科批,物理类,,,541,23550,
1252,东北大学,2024,安徽,本科批,物理类,,,631,10940,
1253,东北大学秦皇岛分校,2024,安徽,本科批,物理类,,,617,13801,
1254,东北电力大学,2024,安徽,本科批,物理类,,,541,62842,
1255,东北林业大学,2024,安徽,本科批,物理类,,,581,30032,
1256,东北农业大学,2024,安徽,本科批,物理类,,,554,35375,
1257,东北师范大学,2024,安徽,本科批,物理类,,,583,23550,
1258,东北石油大学,2024,安徽,本科批,物理类,,,527,74390,
1259,东莞理工学院,2024,安徽,本科批,物理类,,,545,69982,
1261,东华大学,2024,安徽,本科批,物理类,,,613,14237,
1262,东华理工大学,2024,安徽,本科批,物理类,,,479,41801,
1263,东南大学,2024,安徽,本科批,物理类,,,668,1152,
1264,东南大学,2024,安徽,本科批,物理类,,,651,4302,
1265,东南大学成贤学院,2024,安徽,本科批,物理类,,,512,110193,
1268,对外经济贸易大学,2024,安徽,本科批,物理类,,,635,6850,
1271,防灾科技学院,2024,安徽,本科批,物理类,,,506,107457,
1272,佛山大学,2024,安徽,本科批,物理类,,,508,111490,
1276,福建技术师范学院,2024,安徽,本科批,物理类,,,490,135342,
1277,福建江夏学院,2024,安徽,本科批,物理类,,,512,88167,
1278,福建警察学院,2024,安徽,本科批,物理类,,,511,103523,
1279,福建理工大学,2024,安徽,本科批,物理类,,,518,94411,
1281,福建农林大学,2024,安徽,本科批,物理类,,,531,83437,
1282,福建农林大学金山学院,2024,安徽,本科批,物理类,,,465,153944,
1284,福建商学院,2024,安徽,本科批,物理类,,,504,114215,
1286,福建师范大学,2024,安徽,本科批,物理类,,,578,32010,
1287,福建师范大学协和学院,2024,安徽,本科批,物理类,,,476,142490,
1291,福建医科大学,2024,安徽,本科批,物理类,,,543,67898,
1293,福建中医药大学,2024,安徽,本科批,物理类,,,524,94411,
1294,福州大学,2024,安徽,本科批,物理类,,,591,20749,
1295,福州大学至诚学院,2024,安徽,本科批,物理类,,,475,151000,
1296,福州工商学院,2024,安徽,本科批,物理类,,,465,167933,
1298,福州理工学院,2024,安徽,本科批,物理类,,,466,145330,
1300,福州外语外贸学院,2024,安徽,本科批,物理类,,,465,153944,
1306,复旦大学,2024,安徽,本科批,物理类,,,681,118,
1310,甘肃民族师范学院,2024,安徽,本科批,物理类,,,495,133925,
1311,甘肃农业大学,2024,安徽,本科批,物理类,,,501,121124,
1313,甘肃医学院,2024,安徽,本科批,物理类,,,511,73298,
1314,甘肃政法大学,2024,安徽,本科批,物理类,,,545,57020,
1315,甘肃中医药大学,2024,安徽,本科批,物理类,,,503,74390,
1316,赣东学院,2024,安徽,本科批,物理类,,,503,122552,
1317,赣南科技学院,2024,安徽,本科批,物理类,,,506,115584,
1318,赣南师范大学,2024,安徽,本科批,物理类,,,512,103523,
1319,赣南师范大学科技学院,2024,安徽,本科批,物理类,,,488,143933,
1321,赣南医科大学,2024,安徽,本科批,物理类,,,506,118284,
1326,广东白云学院,2024,安徽,本科批,物理类,,,471,167933,
1328,广东财经大学,2024,安徽,本科批,物理类,,,566,44886,
1331,广东第二师范学院,2024,安徽,本科批,物理类,,,532,84596,
1332,广东东软学院,2024,安徽,本科批,物理类,,,457,173421,
1335,广东工商职业技术大学,2024,安徽,本科批,物理类,,,467,173421,
1336,广东工业大学,2024,安徽,本科批,物理类,,,576,38161,
1337,广东海洋大学,2024,安徽,本科批,物理类,,,517,73298,
1343,广东金融学院,2024,安徽,本科批,物理类,,,541,67898,
1345,广东科技学院,2024,安徽,本科批,物理类,,,482,151000,
1352,广东培正学院,2024,安徽,本科批,物理类,,,452,192684,
1354,广东石油化工学院,2024,安徽,本科批,物理类,,,508,115584,
1359,广东外语外贸大学,2024,安徽,本科批,物理类,,,568,28187,
1360,广东外语外贸大学南国商学院,2024,安徽,本科批,物理类,,,521,89425,
1366,广东药科大学,2024,安徽,本科批,物理类,,,519,100825,
1367,广东医科大学,2024,安徽,本科批,物理类,,,562,28187,
1368,广东以色列理工学院,2024,安徽,本科批,物理类,,,551,58922,
1372,广西财经学院,2024,安徽,本科批,物理类,,,493,121124,
1373,广西城市职业大学,2024,安徽,本科批,物理类,,,465,176157,
1374,广西大学,2024,安徽,本科批,物理类,,,584,31359,
1382,广西科技大学,2024,安徽,本科批,物理类,,,510,106107,
1383,广西科技师范学院,2024,安徽,本科批,物理类,,,502,112876,
1385,广西民族大学,2024,安徽,本科批,物理类,,,505,94411,
1386,广西民族大学相思湖学院,2024,安徽,本科批,物理类,,,476,156749,
1388,广西师范大学,2024,安徽,本科批,物理类,,,513,69982,
1391,广西外国语学院,2024,安徽,本科批,物理类,,,465,143933,
1393,广西医科大学,2024,安徽,本科批,物理类,,,508,110193,
1394,广西艺术学院,2024,安徽,本科批,物理类,,,488,133925,
1397,广西中医药大学,2024,安徽,本科批,物理类,,,539,53370,
1398,广西中医药大学赛恩斯新医药学院,2024,安徽,本科批,物理类,,,482,114215,
1402,广州城市理工学院,2024,安徽,本科批,物理类,,,471,145330,
1403,广州大学,2024,安徽,本科批,物理类,,,585,35375,
1406,广州工商学院,2024,安徽,本科批,物理类,,,469,165184,
1409,广州华立学院,2024,安徽,本科批,物理类,,,450,165184,
1411,广州华商学院,2024,安徽,本科批,物理类,,,466,166597,
1418,广州南方学院,2024,安徽,本科批,物理类,,,472,146789,
1420,广州软件学院,2024,安徽,本科批,物理类,,,481,151000,
1421,广州商学院,2024,安徽,本科批,物理类,,,475,148182,
1423,广州体育学院,2024,安徽,本科批,物理类,,,516,104854,
1426,广州新华学院,2024,安徽,本科批,物理类,,,476,158149,
1427,广州医科大学,2024,安徽,本科批,物理类,,,573,43302,
1428,广州应用科技学院,2024,安徽,本科批,物理类,,,465,160968,
1429,广州中医药大学,2024,安徽,本科批,物理类,,,564,34696,
1432,贵阳信息科技学院,2024,安徽,本科批,物理类,,,473,165184,
1433,贵州财经大学,2024,安徽,本科批,物理类,,,497,84596,
1434,贵州大学,2024,安徽,本科批,物理类,,,558,32681,
1436,贵州工程应用技术学院,2024,安徽,本科批,物理类,,,488,131022,
1442,贵州理工学院,2024,安徽,本科批,物理类,,,497,115584,
1443,贵州民族大学,2024,安徽,本科批,物理类,,,524,89425,
1444,贵州黔南科技学院,2024,安徽,本科批,物理类,,,479,156749,
1445,贵州商学院,2024,安徽,本科批,物理类,,,480,139565,
1446,贵州师范大学,2024,安徽,本科批,物理类,,,513,96937,
1447,贵州师范学院,2024,安徽,本科批,物理类,,,509,114215,
1448,贵州医科大学,2024,安徽,本科批,物理类,,,469,44886,
1450,贵州中医药大学,2024,安徽,本科批,物理类,,,486,79924,
1451,桂林电子科技大学,2024,安徽,本科批,物理类,,,506,54314,
1452,桂林航天工业学院,2024,安徽,本科批,物理类,,,500,123961,
1453,桂林理工大学,2024,安徽,本科批,物理类,,,504,86973,
1454,桂林旅游学院,2024,安徽,本科批,物理类,,,488,142490,
1458,桂林信息科技学院,2024,安徽,本科批,物理类,,,465,151000,
1459,桂林学院,2024,安徽,本科批,物理类,,,479,149613,
1460,桂林医学院,2024,安徽,本科批,物理类,,,509,59853,
1465,哈尔滨工程大学,2024,安徽,本科批,物理类,,,622,6563,
1466,哈尔滨工业大学,2024,安徽,本科批,物理类,,,632,5727,
1467,哈尔滨工业大学(深圳),2024,安徽,本科批,物理类,,,673,725,
1468,哈尔滨工业大学(威海),2024,安徽,本科批,物理类,,,649,2077,
1470,哈尔滨华德学院,2024,安徽,本科批,物理类,,,453,176157,
1471,哈尔滨剑桥学院,2024,安徽,本科批,物理类,,,463,178711,
1472,哈尔滨金融学院,2024,安徽,本科批,物理类,,,491,104854,
1474,哈尔滨理工大学,2024,安徽,本科批,物理类,,,556,49910,
1475,哈尔滨商业大学,2024,安徽,本科批,物理类,,,503,96937,
1476,哈尔滨师范大学,2024,安徽,本科批,物理类,,,505,96937,
1477,哈尔滨石油学院,2024,安徽,本科批,物理类,,,473,152465,
1480,哈尔滨学院,2024,安徽,本科批,物理类,,,497,112876,
1481,哈尔滨医科大学,2024,安徽,本科批,物理类,,,519,100825,
1484,哈尔滨职业技术大学,2024,安徽,本科批,物理类,,,481,153944,
1485,海军军医大学,2024,安徽,本科批,物理类,,,595,3293,
1486,海口经济学院,2024,安徽,本科批,物理类,,,465,141050,
1487,海南比勒费尔德应用科学大学,2024,安徽,本科批,物理类,,,465,174784,
1488,海南大学,2024,安徽,本科批,物理类,,,581,28793,
1493,海南科技职业大学,2024,安徽,本科批,物理类,,,465,160968,
1494,海南热带海洋学院,2024,安徽,本科批,物理类,,,460,126734,
1496,海南师范大学,2024,安徽,本科批,物理类,,,480,68938,
1499,海南医科大学,2024,安徽,本科批,物理类,,,458,36041,
1502,邯郸学院,2024,安徽,本科批,物理类,,,496,132469,
1505,汉江师范学院,2024,安徽,本科批,物理类,,,527,90656,
1506,汉口学院,2024,安徽,本科批,物理类,,,481,141050,
1508,杭州电子科技大学,2024,安徽,本科批,物理类,,,577,21277,
1509,杭州电子科技大学信息工程学院,2024,安徽,本科批,物理类,,,501,116941,
1511,杭州师范大学,2024,安徽,本科批,物理类,,,576,38161,
1513,杭州医学院,2024,安徽,本科批,物理类,,,561,49065,
1515,合肥工业大学,2024,安徽,本科批,物理类,,,593,13361,
1516,合肥工业大学,2024,安徽,本科批,物理类,,,605,21812,
1519,河北北方学院,2024,安徽,本科批,物理类,,,520,61882,
1520,河北传媒学院,2024,安徽,本科批,物理类,,,473,160968,
1521,河北大学,2024,安徽,本科批,物理类,,,558,49910,
1522,河北地质大学,2024,安徽,本科批,物理类,,,515,94411,
1523,河北地质大学华信学院,2024,安徽,本科批,物理类,,,479,119741,
1524,河北东方学院,2024,安徽,本科批,物理类,,,484,136770,
1526,河北工程大学,2024,安徽,本科批,物理类,,,526,83437,
1527,河北工程大学科信学院,2024,安徽,本科批,物理类,,,488,138198,
1528,河北工程技术学院,2024,安徽,本科批,物理类,,,480,155310,
1529,河北工业大学,2024,安徽,本科批,物理类,,,586,31359,
1530,河北工业职业技术大学,2024,安徽,本科批,物理类,,,504,98187,
1534,河北环境工程学院,2024,安徽,本科批,物理类,,,490,141050,
1537,河北建筑工程学院,2024,安徽,本科批,物理类,,,497,126734,
1539,河北金融学院,2024,安徽,本科批,物理类,,,493,119741,
1540,河北经贸大学,2024,安徽,本科批,物理类,,,525,83437,
1541,河北科技大学,2024,安徽,本科批,物理类,,,530,78827,
1542,河北科技工程职业技术大学,2024,安徽,本科批,物理类,,,505,99522,
1543,河北科技师范学院,2024,安徽,本科批,物理类,,,491,135342,
1544,河北科技学院,2024,安徽,本科批,物理类,,,493,135342,
1549,河北农业大学,2024,安徽,本科批,物理类,,,513,48183,
1551,河北师范大学,2024,安徽,本科批,物理类,,,552,62842,
1552,河北师范大学汇华学院,2024,安徽,本科批,物理类,,,489,139565,
1553,河北石油职业技术大学,2024,安徽,本科批,物理类,,,502,123961,
1554,河北水利电力学院,2024,安徽,本科批,物理类,,,503,122552,
1556,河北外国语学院,2024,安徽,本科批,物理类,,,474,158149,
1557,河北医科大学,2024,安徽,本科批,物理类,,,536,50810,
1558,河北医科大学临床学院,2024,安徽,本科批,物理类,,,527,90656,
1560,河北中医药大学,2024,安徽,本科批,物理类,,,515,89425,
1561,河池学院,2024,安徽,本科批,物理类,,,493,132469,
1562,河海大学,2024,安徽,本科批,物理类,,,620,13361,
1563,河南财经政法大学,2024,安徽,本科批,物理类,,,551,38161,
1564,河南财政金融学院,2024,安徽,本科批,物理类,,,506,108818,
1566,河南城建学院,2024,安徽,本科批,物理类,,,494,135342,
1567,河南大学,2024,安徽,本科批,物理类,,,574,37420,
1568,河南工程学院,2024,安徽,本科批,物理类,,,505,102130,
1569,河南工学院,2024,安徽,本科批,物理类,,,501,125317,
1570,河南工业大学,2024,安徽,本科批,物理类,,,532,60890,
1575,河南开封科技传媒学院,2024,安徽,本科批,物理类,,,483,151000,
1576,河南科技大学,2024,安徽,本科批,物理类,,,525,49910,
1577,河南科技学院,2024,安徽,本科批,物理类,,,498,129610,
1578,河南理工大学,2024,安徽,本科批,物理类,,,528,84596,
1579,河南牧业经济学院,2024,安徽,本科批,物理类,,,491,128198,
1580,河南农业大学,2024,安徽,本科批,物理类,,,491,51644,
1583,河南师范大学,2024,安徽,本科批,物理类,,,563,47323,
1590,河南中医药大学,2024,安徽,本科批,物理类,,,519,100825,
1591,河西学院,2024,安徽,本科批,物理类,,,487,145330,
1594,菏泽学院,2024,安徽,本科批,物理类,,,511,111490,
1596,贺州学院,2024,安徽,本科批,物理类,,,489,135342,
1599,黑河学院,2024,安徽,本科批,物理类,,,488,132469,
1600,黑龙江八一农垦大学,2024,安徽,本科批,物理类,,,496,116941,
1602,黑龙江财经学院,2024,安徽,本科批,物理类,,,466,160968,
1603,黑龙江大学,2024,安徽,本科批,物理类,,,552,62842,
1604,黑龙江东方学院,2024,安徽,本科批,物理类,,,472,165184,
1605,黑龙江工程学院,2024,安徽,本科批,物理类,,,490,133925,
1606,黑龙江工程学院昆仑旅游学院,2024,安徽,本科批,物理类,,,465,160968,
1607,黑龙江工业学院,2024,安徽,本科批,物理类,,,489,142490,
1611,黑龙江科技大学,2024,安徽,本科批,物理类,,,514,107457,
1623,黑龙江外国语学院,2024,安徽,本科批,物理类,,,467,173421,
1627,黑龙江中医药大学,2024,安徽,本科批,物理类,,,502,123961,
1628,衡水学院,2024,安徽,本科批,物理类,,,487,118284,
1630,衡阳师范学院,2024,安徽,本科批,物理类,,,507,116941,
1631,衡阳师范学院南岳学院,2024,安徽,本科批,物理类,,,497,131022,
1632,红河学院,2024,安徽,本科批,物理类,,,487,142490,
1635,湖北大学,2024,安徽,本科批,物理类,,,581,34034,
1636,湖北大学知行学院,2024,安徽,本科批,物理类,,,486,146789,
1637,湖北第二师范学院,2024,安徽,本科批,物理类,,,513,107457,
1638,湖北恩施学院,2024,安徽,本科批,物理类,,,508,115584,
1639,湖北工程学院,2024,安徽,本科批,物理类,,,501,108818,
1640,湖北工程学院新技术学院,2024,安徽,本科批,物理类,,,486,146789,
1642,湖北工业大学,2024,安徽,本科批,物理类,,,575,28793,
1643,湖北工业大学工程技术学院,2024,安徽,本科批,物理类,,,491,135342,
1648,湖北经济学院,2024,安徽,本科批,物理类,,,525,88167,
1649,湖北经济学院法商学院,2024,安徽,本科批,物理类,,,480,151000,
1650,湖北警官学院,2024,安徽,本科批,物理类,,,530,86973,
1652,湖北科技学院,2024,安徽,本科批,物理类,,,500,114215,
1654,湖北理工学院,2024,安徽,本科批,物理类,,,514,107457,
1656,湖北民族大学,2024,安徽,本科批,物理类,,,511,77714,
1657,湖北汽车工业学院,2024,安徽,本科批,物理类,,,515,104854,
1659,湖北商贸学院,2024,安徽,本科批,物理类,,,479,156749,
1662,湖北师范大学,2024,安徽,本科批,物理类,,,528,88167,
1663,湖北师范大学文理学院,2024,安徽,本科批,物理类,,,489,142490,
1667,湖北文理学院,2024,安徽,本科批,物理类,,,511,66923,
1668,湖北文理学院理工学院,2024,安徽,本科批,物理类,,,510,112876,
1669,湖北医药学院,2024,安徽,本科批,物理类,,,538,66923,
1670,湖北医药学院药护学院,2024,安徽,本科批,物理类,,,504,115584,
1674,湖北中医药大学,2024,安徽,本科批,物理类,,,521,98187,
1678,湖南财政经济学院,2024,安徽,本科批,物理类,,,518,102130,
1680,湖南城市学院,2024,安徽,本科批,物理类,,,495,128198,
1681,湖南大学,2024,安徽,本科批,物理类,,,635,7173,
1683,湖南第一师范学院,2024,安徽,本科批,物理类,,,525,93155,
1686,湖南工程学院,2024,安徽,本科批,物理类,,,511,108818,
1689,湖南工商大学,2024,安徽,本科批,物理类,,,537,52506,
1690,湖南工学院,2024,安徽,本科批,物理类,,,511,98187,
1691,湖南工业大学,2024,安徽,本科批,物理类,,,539,69982,
1700,湖南科技大学,2024,安徽,本科批,物理类,,,558,41093,
1701,湖南科技大学潇湘学院,2024,安徽,本科批,物理类,,,487,129610,
1702,湖南科技学院,2024,安徽,本科批,物理类,,,501,115584,
1705,湖南理工学院,2024,安徽,本科批,物理类,,,526,91916,
1706,湖南理工学院南湖学院,2024,安徽,本科批,物理类,,,515,106107,
1707,湖南农业大学,2024,安徽,本科批,物理类,,,527,82261,
1708,湖南农业大学东方科技学院,2024,安徽,本科批,物理类,,,485,129610,
1715,湖南涉外经济学院,2024,安徽,本科批,物理类,,,465,149613,
1717,湖南师范大学,2024,安徽,本科批,物理类,,,586,24717,
1725,湖南文理学院,2024,安徽,本科批,物理类,,,517,98187,
1726,湖南文理学院芙蓉学院,2024,安徽,本科批,物理类,,,506,118284,
1728,湖南医药学院,2024,安徽,本科批,物理类,,,514,57020,
1729,湖南应用技术学院,2024,安徽,本科批,物理类,,,478,158149,
1732,湖南中医药大学,2024,安徽,本科批,物理类,,,528,69982,
1733,湖南中医药大学湘杏学院,2024,安徽,本科批,物理类,,,507,112876,
1734,湖州师范学院,2024,安徽,本科批,物理类,,,528,89425,
1735,湖州学院,2024,安徽,本科批,物理类,,,526,86973,
1737,华北电力大学(保定),2024,安徽,本科批,物理类,,,604,17682,
1738,华北电力大学(北京),2024,安徽,本科批,物理类,,,603,17682,
1739,华北科技学院,2024,安徽,本科批,物理类,,,500,125317,
1740,华北理工大学,2024,安徽,本科批,物理类,,,528,79924,
1741,华北理工大学轻工学院,2024,安徽,本科批,物理类,,,475,152465,
1742,华北水利水电大学,2024,安徽,本科批,物理类,,,539,49065,
1743,华东交通大学,2024,安徽,本科批,物理类,,,545,50810,
1744,华东理工大学,2024,安徽,本科批,物理类,,,636,9106,
1745,华东师范大学,2024,安徽,本科批,物理类,,,650,4750,
1746,华东政法大学,2024,安徽,本科批,物理类,,,602,6271,
1747,华南理工大学,2024,安徽,本科批,物理类,,,649,4985,
1748,华南农业大学,2024,安徽,本科批,物理类,,,585,32681,
1749,华南师范大学,2024,安徽,本科批,物理类,,,596,25818,
1750,华侨大学,2024,安徽,本科批,物理类,,,559,44100,
1751,华中科技大学,2024,安徽,本科批,物理类,,,605,792,
1752,华中农业大学,2024,安徽,本科批,物理类,,,582,18676,
1753,华中师范大学,2024,安徽,本科批,物理类,,,606,14634,
1754,怀化学院,2024,安徽,本科批,物理类,,,507,108818,
1755,淮阴工学院,2024,安徽,本科批,物理类,,,515,89425,
1756,淮阴师范学院,2024,安徽,本科批,物理类,,,509,110193,
1758,黄冈师范学院,2024,安徽,本科批,物理类,,,518,99522,
1760,黄河科技学院,2024,安徽,本科批,物理类,,,482,138198,
1762,黄淮学院,2024,安徽,本科批,物理类,,,490,131022,
1766,惠州学院,2024,安徽,本科批,物理类,,,501,125317,
1769,吉利学院,2024,安徽,本科批,物理类,,,479,141050,
1770,吉林财经大学,2024,安徽,本科批,物理类,,,522,94411,
1771,吉林大学,2024,安徽,本科批,物理类,,,634,8760,
1773,吉林动画学院,2024,安徽,本科批,物理类,,,465,163793,
1774,吉林工程技术师范学院,2024,安徽,本科批,物理类,,,485,146789,
1775,吉林工商学院,2024,安徽,本科批,物理类,,,489,129610,
1777,吉林化工学院,2024,安徽,本科批,物理类,,,492,121124,
1778,吉林建筑大学,2024,安徽,本科批,物理类,,,487,104854,
1779,吉林建筑科技学院,2024,安徽,本科批,物理类,,,466,167933,
1780,吉林警察学院,2024,安徽,本科批,物理类,,,512,106107,
1781,吉林农业大学,2024,安徽,本科批,物理类,,,510,104854,
1782,吉林农业科技学院,2024,安徽,本科批,物理类,,,492,126734,
1783,吉林师范大学,2024,安徽,本科批,物理类,,,516,96937,
1784,吉林师范大学博达学院,2024,安徽,本科批,物理类,,,475,151000,
1789,吉林外国语大学,2024,安徽,本科批,物理类,,,479,151000,
1790,吉林医药学院,2024,安徽,本科批,物理类,,,507,116941,
1791,吉林艺术学院,2024,安徽,本科批,物理类,,,479,148182,
1792,吉首大学,2024,安徽,本科批,物理类,,,523,79924,
1793,集美大学,2024,安徽,本科批,物理类,,,573,37420,
1794,集美大学诚毅学院,2024,安徽,本科批,物理类,,,483,133925,
1795,济南大学,2024,安徽,本科批,物理类,,,559,36735,
1799,济宁学院,2024,安徽,本科批,物理类,,,495,114215,
1800,济宁医学院,2024,安徽,本科批,物理类,,,502,111490,
1803,暨南大学,2024,安徽,本科批,物理类,,,596,16769,
1806,佳木斯大学,2024,安徽,本科批,物理类,,,494,115584,
1807,嘉兴大学,2024,安徽,本科批,物理类,,,536,71085,
1808,嘉兴南湖学院,2024,安徽,本科批,物理类,,,523,83437,
1811,嘉应学院,2024,安徽,本科批,物理类,,,504,121124,
1814,江汉大学,2024,安徽,本科批,物理类,,,555,44100,
1817,江南大学,2024,安徽,本科批,物理类,,,592,15443,
1824,江苏大学,2024,安徽,本科批,物理类,,,599,26380,
1825,江苏大学京江学院,2024,安徽,本科批,物理类,,,489,142490,
1826,江苏第二师范学院,2024,安徽,本科批,物理类,,,527,83437,
1830,江苏海洋大学,2024,安徽,本科批,物理类,,,557,44886,
1836,江苏科技大学,2024,安徽,本科批,物理类,,,589,28187,
1837,江苏科技大学苏州理工学院,2024,安徽,本科批,物理类,,,487,68938,
1838,江苏理工学院,2024,安徽,本科批,物理类,,,525,93155,
1843,江苏师范大学,2024,安徽,本科批,物理类,,,567,48183,
1844,江苏师范大学科文学院,2024,安徽,本科批,物理类,,,477,131022,
1849,江西财经大学,2024,安徽,本科批,物理类,,,562,27577,
1850,江西财经大学现代经济管理学院,2024,安徽,本科批,物理类,,,485,126734,
1854,江西飞行学院,2024,安徽,本科批,物理类,,,489,108818,
1856,江西服装学院,2024,安徽,本科批,物理类,,,465,160968,
1857,江西工程学院,2024,安徽,本科批,物理类,,,483,151000,
1869,江西警察学院,2024,安徽,本科批,物理类,,,524,94411,
1870,江西科技师范大学,2024,安徽,本科批,物理类,,,508,103523,
1871,江西科技学院,2024,安徽,本科批,物理类,,,489,142490,
1873,江西理工大学,2024,安徽,本科批,物理类,,,549,58922,
1875,江西农业大学,2024,安徽,本科批,物理类,,,521,93155,
1876,江西农业大学南昌商学院,2024,安徽,本科批,物理类,,,494,84596,
1878,江西软件职业技术大学,2024,安徽,本科批,物理类,,,469,170722,
1880,江西师范大学,2024,安徽,本科批,物理类,,,533,44100,
1881,江西师范大学科学技术学院,2024,安徽,本科批,物理类,,,485,141050,
1895,江西应用科技学院,2024,安徽,本科批,物理类,,,470,160968,
1899,江西中医药大学,2024,安徽,本科批,物理类,,,510,98187,
1908,金陵科技学院,2024,安徽,本科批,物理类,,,534,74390,
1911,锦州医科大学,2024,安徽,本科批,物理类,,,499,128198,
1912,锦州医科大学医疗学院,2024,安徽,本科批,物理类,,,494,96937,
1913,晋中信息学院,2024,安徽,本科批,物理类,,,487,136770,
1914,晋中学院,2024,安徽,本科批,物理类,,,488,143933,
1915,荆楚理工学院,2024,安徽,本科批,物理类,,,496,132469,
1919,井冈山大学,2024,安徽,本科批,物理类,,,507,107457,
1920,景德镇陶瓷大学,2024,安徽,本科批,物理类,,,527,83437,
1922,景德镇学院,2024,安徽,本科批,物理类,,,518,98187,
1923,景德镇艺术职业大学,2024,安徽,本科批,物理类,,,475,162378,
1925,九江学院,2024,安徽,本科批,物理类,,,501,114215,
1929,喀什大学,2024,安徽,本科批,物理类,,,490,125317,
1934,空军军医大学,2024,安徽,本科批,物理类,,,590,2728,
1937,昆明理工大学,2024,安徽,本科批,物理类,,,548,53370,
1938,昆明理工大学津桥学院,2024,安徽,本科批,物理类,,,470,148182,
1940,昆明文理学院,2024,安徽,本科批,物理类,,,484,149613,
1941,昆明学院,2024,安徽,本科批,物理类,,,518,102130,
1943,昆明医科大学,2024,安徽,本科批,物理类,,,502,30032,
1944,昆明医科大学海源学院,2024,安徽,本科批,物理类,,,511,66923,
1950,兰州博文科技学院,2024,安徽,本科批,物理类,,,473,165184,
1951,兰州财经大学,2024,安徽,本科批,物理类,,,511,98187,
1952,兰州城市学院,2024,安徽,本科批,物理类,,,488,143933,
1953,兰州大学,2024,安徽,本科批,物理类,,,631,9460,
1954,兰州工商学院,2024,安徽,本科批,物理类,,,465,155310,
1955,兰州工业学院,2024,安徽,本科批,物理类,,,495,111490,
1956,兰州交通大学,2024,安徽,本科批,物理类,,,545,65863,
1957,兰州理工大学,2024,安徽,本科批,物理类,,,520,93155,
1958,兰州石化职业技术大学,2024,安徽,本科批,物理类,,,493,122552,
1959,兰州文理学院,2024,安徽,本科批,物理类,,,507,111490,
1960,兰州信息科技学院,2024,安徽,本科批,物理类,,,467,173421,
1961,兰州资源环境职业技术大学,2024,安徽,本科批,物理类,,,492,131022,
1962,廊坊师范学院,2024,安徽,本科批,物理类,,,493,125317,
1964,乐山师范学院,2024,安徽,本科批,物理类,,,489,142490,
1965,丽江文化旅游学院,2024,安徽,本科批,物理类,,,469,155310,
1966,丽水学院,2024,安徽,本科批,物理类,,,506,55227,
1970,辽东学院,2024,安徽,本科批,物理类,,,487,142490,
1971,辽宁财贸学院,2024,安徽,本科批,物理类,,,469,145330,
1972,辽宁传媒学院,2024,安徽,本科批,物理类,,,465,176157,
1973,辽宁大学,2024,安徽,本科批,物理类,,,574,21812,
1975,辽宁对外经贸学院,2024,安徽,本科批,物理类,,,448,176157,
1976,辽宁工程技术大学,2024,安徽,本科批,物理类,,,524,90656,
1978,辽宁工业大学,2024,安徽,本科批,物理类,,,513,99522,
1981,辽宁何氏医学院,2024,安徽,本科批,物理类,,,478,131022,
1986,辽宁科技大学,2024,安徽,本科批,物理类,,,498,62842,
1987,辽宁科技学院,2024,安徽,本科批,物理类,,,499,106107,
1988,辽宁理工学院,2024,安徽,本科批,物理类,,,457,185251,
1989,辽宁理工职业大学,2024,安徽,本科批,物理类,,,465,173421,
1995,辽宁师范大学,2024,安徽,本科批,物理类,,,507,91916,
1996,辽宁师范大学海华学院,2024,安徽,本科批,物理类,,,472,141050,
1998,辽宁石油化工大学,2024,安徽,本科批,物理类,,,525,86973,
2005,辽宁中医药大学,2024,安徽,本科批,物理类,,,496,111490,
2006,辽宁中医药大学杏林学院,2024,安徽,本科批,物理类,,,485,148182,
2010,聊城大学,2024,安徽,本科批,物理类,,,521,94411,
2011,聊城大学东昌学院,2024,安徽,本科批,物理类,,,475,148182,
2014,临沂大学,2024,安徽,本科批,物理类,,,525,85739,
2017,岭南师范学院,2024,安徽,本科批,物理类,,,508,115584,
2018,柳州工学院,2024,安徽,本科批,物理类,,,465,146789,
2021,六盘水师范学院,2024,安徽,本科批,物理类,,,493,132469,
2022,龙岩学院,2024,安徽,本科批,物理类,,,490,136770,
2023,陇东学院,2024,安徽,本科批,物理类,,,500,89425,
2027,鲁东大学,2024,安徽,本科批,物理类,,,515,96937,
2029,陆军军医大学,2024,安徽,本科批,物理类,,,615,6563,
2030,洛阳理工学院,2024,安徽,本科批,物理类,,,513,108818,
2031,洛阳师范学院,2024,安徽,本科批,物理类,,,506,114215,
2035,吕梁学院,2024,安徽,本科批,物理类,,,489,128198,
2037,茅台学院,2024,安徽,本科批,物理类,,,485,145330,
2040,绵阳城市学院,2024,安徽,本科批,物理类,,,477,159617,
2042,绵阳师范学院,2024,安徽,本科批,物理类,,,506,114215,
2047,闽江学院,2024,安徽,本科批,物理类,,,529,83437,
2048,闽南科技学院,2024,安徽,本科批,物理类,,,465,151000,
2049,闽南理工学院,2024,安徽,本科批,物理类,,,427,160968,
2050,闽南师范大学,2024,安徽,本科批,物理类,,,515,103523,
2054,牡丹江师范学院,2024,安徽,本科批,物理类,,,489,141050,
2055,牡丹江医科大学,2024,安徽,本科批,物理类,,,480,119741,
2056,南昌大学,2024,安徽,本科批,物理类,,,585,29400,
2057,南昌大学科学技术学院,2024,安徽,本科批,物理类,,,487,142490,
2058,南昌工程学院,2024,安徽,本科批,物理类,,,505,108818,
2059,南昌工学院,2024,安徽,本科批,物理类,,,481,139565,
2060,南昌航空大学,2024,安徽,本科批,物理类,,,521,59853,
2061,南昌航空大学科技学院,2024,安徽,本科批,物理类,,,485,148182,
2062,南昌交通学院,2024,安徽,本科批,物理类,,,480,145330,
2063,南昌理工学院,2024,安徽,本科批,物理类,,,484,143933,
2064,南昌师范学院,2024,安徽,本科批,物理类,,,512,110193,
2065,南昌医学院,2024,安徽,本科批,物理类,,,521,48183,
2066,南昌应用技术师范学院,2024,安徽,本科批,物理类,,,484,138198,
2068,南昌职业大学,2024,安徽,本科批,物理类,,,477,159617,
2073,南方医科大学,2024,安徽,本科批,物理类,,,553,45684,
2074,南华大学,2024,安徽,本科批,物理类,,,541,41801,
2075,南华大学船山学院,2024,安徽,本科批,物理类,,,479,156749,
2076,南京财经大学,2024,安徽,本科批,物理类,,,575,27577,
2077,南京财经大学红山学院,2024,安徽,本科批,物理类,,,487,131022,
2079,南京传媒学院,2024,安徽,本科批,物理类,,,504,121124,
2080,南京大学,2024,安徽,本科批,物理类,,,678,496,
2081,南京工程学院,2024,安徽,本科批,物理类,,,589,32681,
2082,南京工业大学,2024,安徽,本科批,物理类,,,566,23550,
2083,南京工业大学浦江学院,2024,安徽,本科批,物理类,,,490,133925,
2084,南京工业职业技术大学,2024,安徽,本科批,物理类,,,531,85739,
2085,南京航空航天大学,2024,安徽,本科批,物理类,,,642,4083,
2086,南京航空航天大学金城学院,2024,安徽,本科批,物理类,,,485,141050,
2091,南京理工大学,2024,安徽,本科批,物理类,,,637,8760,
2092,南京理工大学泰州科技学院,2024,安徽,本科批,物理类,,,496,121124,
2093,南京理工大学紫金学院,2024,安徽,本科批,物理类,,,506,116941,
2094,南京林业大学,2024,安徽,本科批,物理类,,,590,26983,
2096,南京农业大学,2024,安徽,本科批,物理类,,,599,19196,
2097,南京审计大学,2024,安徽,本科批,物理类,,,572,18182,
2098,南京审计大学金审学院,2024,安徽,本科批,物理类,,,501,100825,
2099,南京师范大学,2024,安徽,本科批,物理类,,,620,13361,
2100,南京师范大学泰州学院,2024,安徽,本科批,物理类,,,485,60890,
2101,南京师范大学中北学院,2024,安徽,本科批,物理类,,,487,116941,
2103,南京特殊教育师范学院,2024,安徽,本科批,物理类,,,505,74390,
2104,南京体育学院,2024,安徽,本科批,物理类,,,517,103523,
2106,南京晓庄学院,2024,安徽,本科批,物理类,,,560,40338,
2107,南京信息工程大学,2024,安徽,本科批,物理类,,,603,21812,
2109,南京医科大学,2024,安徽,本科批,物理类,,,585,15012,
2110,南京医科大学康达学院,2024,安徽,本科批,物理类,,,489,142490,
2111,南京艺术学院,2024,安徽,本科批,物理类,,,557,57958,
2112,南京邮电大学,2024,安徽,本科批,物理类,,,625,9106,
2113,南京邮电大学通达学院,2024,安徽,本科批,物理类,,,487,141050,
2114,南京中医药大学,2024,安徽,本科批,物理类,,,570,8082,
2115,南开大学,2024,安徽,本科批,物理类,,,663,2371,
2117,南宁师范大学,2024,安徽,本科批,物理类,,,502,123961,
2118,南宁学院,2024,安徽,本科批,物理类,,,471,160968,
2119,南通大学,2024,安徽,本科批,物理类,,,557,36041,
2120,南通大学杏林学院,2024,安徽,本科批,物理类,,,487,145330,
2122,南通理工学院,2024,安徽,本科批,物理类,,,478,143933,
2125,南阳理工学院,2024,安徽,本科批,物理类,,,504,112876,
2127,南阳师范学院,2024,安徽,本科批,物理类,,,481,128198,
2130,内江师范学院,2024,安徽,本科批,物理类,,,510,112876,
2131,内蒙古财经大学,2024,安徽,本科批,物理类,,,495,125317,
2132,内蒙古大学,2024,安徽,本科批,物理类,,,574,34696,
2134,内蒙古工业大学,2024,安徽,本科批,物理类,,,504,118284,
2136,内蒙古科技大学,2024,安徽,本科批,物理类,,,497,118284,
2137,内蒙古科技大学包头师范学院,2024,安徽,本科批,物理类,,,494,135342,
2138,内蒙古科技大学包头医学院,2024,安徽,本科批,物理类,,,517,103523,
2139,内蒙古民族大学,2024,安徽,本科批,物理类,,,502,123961,
2140,内蒙古农业大学,2024,安徽,本科批,物理类,,,495,119741,
2141,内蒙古师范大学,2024,安徽,本科批,物理类,,,498,129610,
2142,内蒙古医科大学,2024,安徽,本科批,物理类,,,541,63826,
2144,宁波财经学院,2024,安徽,本科批,物理类,,,480,143933,
2146,宁波大学,2024,安徽,本科批,物理类,,,595,25259,
2147,宁波大学科学技术学院,2024,安徽,本科批,物理类,,,484,148182,
2148,宁波工程学院,2024,安徽,本科批,物理类,,,523,95659,
2149,宁波诺丁汉大学,2024,安徽,本科批,物理类,,,574,34034,
2152,宁德师范学院,2024,安徽,本科批,物理类,,,500,122552,
2154,宁夏大学,2024,安徽,本科批,物理类,,,572,38161,
2155,宁夏大学新华学院,2024,安徽,本科批,物理类,,,466,145330,
2156,宁夏理工学院,2024,安徽,本科批,物理类,,,468,172027,
2157,宁夏师范大学,2024,安徽,本科批,物理类,,,507,114215,
2159,宁夏医科大学,2024,安徽,本科批,物理类,,,495,133925,
2162,攀枝花学院,2024,安徽,本科批,物理类,,,485,148182,
2165,平顶山学院,2024,安徽,本科批,物理类,,,488,143933,
2167,萍乡学院,2024,安徽,本科批,物理类,,,497,129610,
2168,莆田学院,2024,安徽,本科批,物理类,,,481,123961,
2170,普洱学院,2024,安徽,本科批,物理类,,,490,141050,
2171,齐鲁工业大学,2024,安徽,本科批,物理类,,,551,47323,
2172,齐鲁理工学院,2024,安徽,本科批,物理类,,,472,131022,
2173,齐鲁师范学院,2024,安徽,本科批,物理类,,,516,104854,
2174,齐鲁医药学院,2024,安徽,本科批,物理类,,,483,125317,
2175,齐齐哈尔大学,2024,安徽,本科批,物理类,,,500,99522,
2177,齐齐哈尔医学院,2024,安徽,本科批,物理类,,,484,114215,
2182,青岛滨海学院,2024,安徽,本科批,物理类,,,466,166597,
2183,青岛城市学院,2024,安徽,本科批,物理类,,,468,159617,
2184,青岛大学,2024,安徽,本科批,物理类,,,583,34696,
2186,青岛工学院,2024,安徽,本科批,物理类,,,484,138198,
2188,青岛恒星科技学院,2024,安徽,本科批,物理类,,,465,166597,
2189,青岛黄海学院,2024,安徽,本科批,物理类,,,471,159617,
2191,青岛科技大学,2024,安徽,本科批,物理类,,,521,98187,
2192,青岛理工大学,2024,安徽,本科批,物理类,,,569,36735,
2193,青岛农业大学,2024,安徽,本科批,物理类,,,519,90656,
2194,青岛农业大学海都学院,2024,安徽,本科批,物理类,,,478,158149,
2197,青海大学,2024,安徽,本科批,物理类,,,572,29400,
2198,青海民族大学,2024,安徽,本科批,物理类,,,500,110193,
2199,青海师范大学,2024,安徽,本科批,物理类,,,491,139565,
2200,清华大学,2024,安徽,本科批,物理类,,,702,36,
2202,琼台师范学院,2024,安徽,本科批,物理类,,,488,139565,
2203,曲阜师范大学,2024,安徽,本科批,物理类,,,528,77714,
2205,曲靖师范学院,2024,安徽,本科批,物理类,,,511,111490,
2207,衢州学院,2024,安徽,本科批,物理类,,,513,103523,
2216,泉州师范学院,2024,安徽,本科批,物理类,,,494,132469,
2217,泉州信息工程学院,2024,安徽,本科批,物理类,,,464,176157,
2219,泉州职业技术大学,2024,安徽,本科批,物理类,,,466,173421,
2222,三江学院,2024,安徽,本科批,物理类,,,483,151000,
2224,三明学院,2024,安徽,本科批,物理类,,,490,123961,
2226,三峡大学,2024,安徽,本科批,物理类,,,558,50810,
2227,三峡大学科技学院,2024,安徽,本科批,物理类,,,490,116941,
2233,三亚学院,2024,安徽,本科批,物理类,,,449,151000,
2236,山东财经大学,2024,安徽,本科批,物理类,,,564,38161,
2237,山东财经大学东方学院,2024,安徽,本科批,物理类,,,478,148182,
2241,山东大学,2024,安徽,本科批,物理类,,,641,6850,
2242,山东大学威海分校,2024,安徽,本科批,物理类,,,635,8082,
2243,山东第二医科大学,2024,安徽,本科批,物理类,,,522,96937,
2244,山东第一医科大学,2024,安徽,本科批,物理类,,,524,94411,
2246,山东工程职业技术大学,2024,安徽,本科批,物理类,,,469,170722,
2247,山东工商学院,2024,安徽,本科批,物理类,,,498,89425,
2249,山东工艺美术学院,2024,安徽,本科批,物理类,,,488,131022,
2250,山东管理学院,2024,安徽,本科批,物理类,,,512,110193,
2252,山东航空学院,2024,安徽,本科批,物理类,,,530,86973,
2253,山东华宇工学院,2024,安徽,本科批,物理类,,,469,163793,
2255,山东建筑大学,2024,安徽,本科批,物理类,,,522,55227,
2256,山东交通学院,2024,安徽,本科批,物理类,,,519,100825,
2259,山东科技大学,2024,安徽,本科批,物理类,,,526,31359,
2262,山东理工大学,2024,安徽,本科批,物理类,,,532,65863,
2267,山东农业大学,2024,安徽,本科批,物理类,,,534,64818,
2268,山东农业工程学院,2024,安徽,本科批,物理类,,,500,114215,
2269,山东女子学院,2024,安徽,本科批,物理类,,,487,106107,
2270,山东青年政治学院,2024,安徽,本科批,物理类,,,502,123961,
2275,山东师范大学,2024,安徽,本科批,物理类,,,567,44886,
2276,山东石油化工学院,2024,安徽,本科批,物理类,,,507,112876,
2281,山东外国语职业技术大学,2024,安徽,本科批,物理类,,,472,163793,
2285,山东现代学院,2024,安徽,本科批,物理类,,,475,135342,
2286,山东协和学院,2024,安徽,本科批,物理类,,,477,148182,
2291,山东英才学院,2024,安徽,本科批,物理类,,,473,165184,
2292,山东政法学院,2024,安徽,本科批,物理类,,,536,54314,
2294,山东中医药大学,2024,安徽,本科批,物理类,,,528,46535,
2296,山西财经大学,2024,安徽,本科批,物理类,,,529,64818,
2297,山西传媒学院,2024,安徽,本科批,物理类,,,486,142490,
2298,山西大同大学,2024,安徽,本科批,物理类,,,504,108818,
2299,山西大学,2024,安徽,本科批,物理类,,,580,33349,
2300,山西工程技术学院,2024,安徽,本科批,物理类,,,496,123961,
2301,山西工程科技职业大学,2024,安徽,本科批,物理类,,,498,129610,
2302,山西工商学院,2024,安徽,本科批,物理类,,,480,142490,
2303,山西工学院,2024,安徽,本科批,物理类,,,503,106107,
2304,山西晋中理工学院,2024,安徽,本科批,物理类,,,485,148182,
2305,山西科技学院,2024,安徽,本科批,物理类,,,502,110193,
2307,山西农业大学,2024,安徽,本科批,物理类,,,511,95659,
2309,山西师范大学,2024,安徽,本科批,物理类,,,529,71085,
2313,山西医科大学,2024,安徽,本科批,物理类,,,521,85739,
2315,山西中医药大学,2024,安徽,本科批,物理类,,,520,86973,
2321,陕西国际商贸学院,2024,安徽,本科批,物理类,,,469,152465,
2326,陕西科技大学,2024,安徽,本科批,物理类,,,568,48183,
2327,陕西科技大学镐京学院,2024,安徽,本科批,物理类,,,467,132469,
2328,陕西理工大学,2024,安徽,本科批,物理类,,,522,89425,
2331,陕西师范大学,2024,安徽,本科批,物理类,,,586,26983,
2333,陕西学前师范学院,2024,安徽,本科批,物理类,,,498,126734,
2336,陕西中医药大学,2024,安徽,本科批,物理类,,,530,66923,
2337,汕头大学,2024,安徽,本科批,物理类,,,579,38858,
2339,商洛学院,2024,安徽,本科批,物理类,,,497,131022,
2341,商丘工学院,2024,安徽,本科批,物理类,,,482,152465,
2342,商丘师范学院,2024,安徽,本科批,物理类,,,498,115584,
2346,上海财经大学,2024,安徽,本科批,物理类,,,640,2728,
2347,上海财经大学浙江学院,2024,安徽,本科批,物理类,,,483,121124,
2350,上海大学,2024,安徽,本科批,物理类,,,605,13801,
2351,上海第二工业大学,2024,安徽,本科批,物理类,,,564,49910,
2352,上海电机学院,2024,安徽,本科批,物理类,,,552,61882,
2353,上海电力大学,2024,安徽,本科批,物理类,,,599,20749,
2357,上海对外经贸大学,2024,安徽,本科批,物理类,,,567,26380,
2358,上海工程技术大学,2024,安徽,本科批,物理类,,,570,40338,
2363,上海海事大学,2024,安徽,本科批,物理类,,,595,24717,
2364,上海海洋大学,2024,安徽,本科批,物理类,,,588,26983,
2366,上海建桥学院,2024,安徽,本科批,物理类,,,474,149613,
2368,上海健康医学院,2024,安徽,本科批,物理类,,,526,91916,
2369,上海交通大学,2024,安徽,本科批,物理类,,,686,98,
2370,上海交通大学医学院,2024,安徽,本科批,物理类,,,675,329,
2374,上海理工大学,2024,安徽,本科批,物理类,,,597,26380,
2375,上海立达学院,2024,安徽,本科批,物理类,,,471,159617,
2376,上海立信会计金融学院,2024,安徽,本科批,物理类,,,530,51644,
2385,上海杉达学院,2024,安徽,本科批,物理类,,,454,133925,
2386,上海商学院,2024,安徽,本科批,物理类,,,550,42525,
2387,上海师范大学,2024,安徽,本科批,物理类,,,569,45684,
2388,上海师范大学天华学院,2024,安徽,本科批,物理类,,,446,159617,
2389,上海视觉艺术学院,2024,安徽,本科批,物理类,,,502,123961,
2391,上海体育大学,2024,安徽,本科批,物理类,,,563,52506,
2392,上海外国语大学,2024,安徽,本科批,物理类,,,621,14634,
2393,上海外国语大学贤达经济人文学院,2024,安徽,本科批,物理类,,,465,129610,
2397,上海兴伟学院,2024,安徽,本科批,物理类,,,475,162378,
2399,上海应用技术大学,2024,安徽,本科批,物理类,,,565,41093,
2401,上海政法学院,2024,安徽,本科批,物理类,,,563,24163,
2402,上海中侨职业技术大学,2024,安徽,本科批,物理类,,,465,160968,
2403,上海中医药大学,2024,安徽,本科批,物理类,,,583,6563,
2404,上饶师范学院,2024,安徽,本科批,物理类,,,503,122552,
2408,韶关学院,2024,安徽,本科批,物理类,,,489,121124,
2409,邵阳学院,2024,安徽,本科批,物理类,,,500,125317,
2410,绍兴文理学院,2024,安徽,本科批,物理类,,,520,89425,
2411,绍兴文理学院元培学院,2024,安徽,本科批,物理类,,,487,142490,
2413,深圳北理莫斯科大学,2024,安徽,本科批,物理类,,,552,62842,
2414,深圳大学,2024,安徽,本科批,物理类,,,589,17242,
2415,深圳技术大学,2024,安徽,本科批,物理类,,,592,24163,
2418,沈阳城市建设学院,2024,安徽,本科批,物理类,,,466,160968,
2419,沈阳城市学院,2024,安徽,本科批,物理类,,,469,167933,
2420,沈阳大学,2024,安徽,本科批,物理类,,,514,104854,
2421,沈阳工程学院,2024,安徽,本科批,物理类,,,561,46535,
2422,沈阳工学院,2024,安徽,本科批,物理类,,,465,162378,
2423,沈阳工业大学,2024,安徽,本科批,物理类,,,542,66923,
2424,沈阳航空航天大学,2024,安徽,本科批,物理类,,,527,90656,
2425,沈阳化工大学,2024,安徽,本科批,物理类,,,514,100825,
2426,沈阳建筑大学,2024,安徽,本科批,物理类,,,516,65863,
2427,沈阳科技学院,2024,安徽,本科批,物理类,,,467,158149,
2428,沈阳理工大学,2024,安徽,本科批,物理类,,,555,59853,
2429,沈阳农业大学,2024,安徽,本科批,物理类,,,526,79924,
2430,沈阳师范大学,2024,安徽,本科批,物理类,,,504,110193,
2431,沈阳体育学院,2024,安徽,本科批,物理类,,,488,136770,
2432,沈阳药科大学,2024,安徽,本科批,物理类,,,487,145330,
2433,沈阳医学院,2024,安徽,本科批,物理类,,,508,115584,
2434,沈阳音乐学院,2024,安徽,本科批,物理类,,,489,142490,
2436,石河子大学,2024,安徽,本科批,物理类,,,547,48183,
2441,石家庄铁道大学,2024,安徽,本科批,物理类,,,532,63826,
2442,石家庄铁道大学四方学院,2024,安徽,本科批,物理类,,,505,119741,
2445,石家庄学院,2024,安徽,本科批,物理类,,,500,118284,
2450,首都经济贸易大学,2024,安徽,本科批,物理类,,,588,30032,
2451,首都师范大学,2024,安徽,本科批,物理类,,,608,21277,
2453,首都医科大学,2024,安徽,本科批,物理类,,,634,9830,
2457,四川传媒学院,2024,安徽,本科批,物理类,,,477,141050,
2458,四川大学,2024,安徽,本科批,物理类,,,621,6271,
2459,四川大学锦江学院,2024,安徽,本科批,物理类,,,487,143933,
2460,四川电影电视学院,2024,安徽,本科批,物理类,,,472,160968,
2463,四川工商学院,2024,安徽,本科批,物理类,,,488,143933,
2464,四川工业科技学院,2024,安徽,本科批,物理类,,,481,153944,
2472,四川旅游学院,2024,安徽,本科批,物理类,,,493,128198,
2473,四川美术学院,2024,安徽,本科批,物理类,,,528,76597,
2474,四川农业大学,2024,安徽,本科批,物理类,,,584,31359,
2476,四川轻化工大学,2024,安徽,本科批,物理类,,,524,94411,
2477,四川师范大学,2024,安徽,本科批,物理类,,,549,41801,
2478,四川外国语大学,2024,安徽,本科批,物理类,,,525,37420,
2480,四川文化艺术学院,2024,安徽,本科批,物理类,,,476,156749,
2481,四川文理学院,2024,安徽,本科批,物理类,,,497,128198,
2488,苏州城市学院,2024,安徽,本科批,物理类,,,540,64818,
2489,苏州大学,2024,安徽,本科批,物理类,,,632,9106,
2490,苏州大学应用技术学院,2024,安徽,本科批,物理类,,,504,28187,
2498,苏州科技大学,2024,安徽,本科批,物理类,,,543,38161,
2499,苏州科技大学天平学院,2024,安徽,本科批,物理类,,,486,146789,
2504,宿迁学院,2024,安徽,本科批,物理类,,,513,107457,
2507,绥化学院,2024,安徽,本科批,物理类,,,487,133925,
2512,塔里木大学,2024,安徽,本科批,物理类,,,488,139565,
2515,台州学院,2024,安徽,本科批,物理类,,,519,94411,
2518,太原工业学院,2024,安徽,本科批,物理类,,,487,145330,
2519,太原科技大学,2024,安徽,本科批,物理类,,,534,75498,
2520,太原理工大学,2024,安徽,本科批,物理类,,,597,23550,
2521,太原师范学院,2024,安徽,本科批,物理类,,,503,111490,
2522,太原学院,2024,安徽,本科批,物理类,,,490,139565,
2524,泰山科技学院,2024,安徽,本科批,物理类,,,468,172027,
2525,泰山学院,2024,安徽,本科批,物理类,,,496,122552,
2527,泰州学院,2024,安徽,本科批,物理类,,,514,106107,
2529,唐山师范学院,2024,安徽,本科批,物理类,,,489,123961,
2530,唐山学院,2024,安徽,本科批,物理类,,,496,132469,
2538,天津财经大学,2024,安徽,本科批,物理类,,,563,32010,
2539,天津财经大学珠江学院,2024,安徽,本科批,物理类,,,479,149613,
2540,天津城建大学,2024,安徽,本科批,物理类,,,494,94411,
2544,天津大学,2024,安徽,本科批,物理类,,,658,2077,
2546,天津工业大学,2024,安徽,本科批,物理类,,,583,30690,
2554,天津科技大学,2024,安徽,本科批,物理类,,,551,46535,
2555,天津理工大学,2024,安徽,本科批,物理类,,,579,28793,
2556,天津理工大学中环信息学院,2024,安徽,本科批,物理类,,,479,156749,
2557,天津美术学院,2024,安徽,本科批,物理类,,,514,107457,
2558,天津农学院,2024,安徽,本科批,物理类,,,509,96937,
2560,天津仁爱学院,2024,安徽,本科批,物理类,,,470,159617,
2562,天津商业大学,2024,安徽,本科批,物理类,,,536,65863,
2563,天津商业大学宝德学院,2024,安徽,本科批,物理类,,,468,146789,
2565,天津师范大学,2024,安徽,本科批,物理类,,,559,32681,
2570,天津天狮学院,2024,安徽,本科批,物理类,,,465,172027,
2572,天津外国语大学,2024,安徽,本科批,物理类,,,528,50810,
2573,天津外国语大学滨海外事学院,2024,安徽,本科批,物理类,,,484,138198,
2575,天津医科大学,2024,安徽,本科批,物理类,,,616,14237,
2576,天津医科大学临床医学院,2024,安徽,本科批,物理类,,,479,151000,
2580,天津职业技术师范大学,2024,安徽,本科批,物理类,,,514,86973,
2581,天津中德应用技术大学,2024,安徽,本科批,物理类,,,508,115584,
2582,天津中医药大学,2024,安徽,本科批,物理类,,,547,62842,
2584,天水师范学院,2024,安徽,本科批,物理类,,,491,139565,
2588,通化师范学院,2024,安徽,本科批,物理类,,,488,141050,
2589,同济大学,2024,安徽,本科批,物理类,,,658,1152,
2599,潍坊科技学院,2024,安徽,本科批,物理类,,,479,153944,
2602,潍坊学院,2024,安徽,本科批,物理类,,,509,111490,
2604,渭南师范学院,2024,安徽,本科批,物理类,,,495,133925,
2606,温州大学,2024,安徽,本科批,物理类,,,554,50810,
2608,温州肯恩大学,2024,安徽,本科批,物理类,,,541,63826,
2609,温州理工学院,2024,安徽,本科批,物理类,,,526,91916,
2610,温州商学院,2024,安徽,本科批,物理类,,,481,151000,
2611,温州医科大学,2024,安徽,本科批,物理类,,,562,53370,
2612,温州医科大学仁济学院,2024,安徽,本科批,物理类,,,496,65863,
2614,文华学院,2024,安徽,本科批,物理类,,,487,133925,
2622,无锡太湖学院,2024,安徽,本科批,物理类,,,482,129610,
2623,无锡学院,2024,安徽,本科批,物理类,,,534,76597,
2625,梧州学院,2024,安徽,本科批,物理类,,,492,128198,
2627,五邑大学,2024,安徽,本科批,物理类,,,529,88167,
2628,武昌工学院,2024,安徽,本科批,物理类,,,471,167933,
2629,武昌理工学院,2024,安徽,本科批,物理类,,,483,148182,
2630,武昌首义学院,2024,安徽,本科批,物理类,,,484,126734,
2632,武汉城市学院,2024,安徽,本科批,物理类,,,483,148182,
2634,武汉传媒学院,2024,安徽,本科批,物理类,,,478,158149,
2637,武汉大学,2024,安徽,本科批,物理类,,,658,3293,
2638,武汉大学,2024,安徽,本科批,物理类,,,611,19709,
2640,武汉东湖学院,2024,安徽,本科批,物理类,,,484,129610,
2641,武汉纺织大学,2024,安徽,本科批,物理类,,,548,36041,
2642,武汉纺织大学外经贸学院,2024,安徽,本科批,物理类,,,476,158149,
2643,武汉工程大学,2024,安徽,本科批,物理类,,,574,34696,
2644,武汉工程大学邮电与信息工程学院,2024,安徽,本科批,物理类,,,485,132469,
2645,武汉工程科技学院,2024,安徽,本科批,物理类,,,484,149613,
2647,武汉工商学院,2024,安徽,本科批,物理类,,,482,129610,
2651,武汉华夏理工学院,2024,安徽,本科批,物理类,,,481,151000,
2654,武汉科技大学,2024,安徽,本科批,物理类,,,571,40338,
2656,武汉理工大学,2024,安徽,本科批,物理类,,,615,17682,
2658,武汉轻工大学,2024,安徽,本科批,物理类,,,540,62842,
2659,武汉晴川学院,2024,安徽,本科批,物理类,,,477,139565,
2663,武汉设计工程学院,2024,安徽,本科批,物理类,,,474,159617,
2664,武汉生物工程学院,2024,安徽,本科批,物理类,,,481,139565,
2665,武汉体育学院,2024,安徽,本科批,物理类,,,505,108818,
2666,武汉体育学院体育科技学院,2024,安徽,本科批,物理类,,,483,151000,
2670,武汉文理学院,2024,安徽,本科批,物理类,,,502,112876,
2672,武汉学院,2024,安徽,本科批,物理类,,,486,139565,
2676,武夷学院,2024,安徽,本科批,物理类,,,494,121124,
2677,西安财经大学,2024,安徽,本科批,物理类,,,553,44886,
2678,西安财经大学行知学院,2024,安徽,本科批,物理类,,,535,47323,
2680,西安电子科技大学,2024,安徽,本科批,物理类,,,624,8760,
2681,西安翻译学院,2024,安徽,本科批,物理类,,,468,169367,
2683,西安工程大学,2024,安徽,本科批,物理类,,,544,65863,
2685,西安工业大学,2024,安徽,本科批,物理类,,,579,35375,
2687,西安航空学院,2024,安徽,本科批,物理类,,,504,121124,
2689,西安建筑科技大学,2024,安徽,本科批,物理类,,,530,44886,
2690,西安建筑科技大学华清学院,2024,安徽,本科批,物理类,,,483,146789,
2691,西安交通大学,2024,安徽,本科批,物理类,,,654,4083,
2692,西安交通工程学院,2024,安徽,本科批,物理类,,,483,146789,
2693,西安科技大学,2024,安徽,本科批,物理类,,,562,47323,
2694,西安科技大学高新学院,2024,安徽,本科批,物理类,,,474,152465,
2695,西安理工大学,2024,安徽,本科批,物理类,,,567,26380,
2697,西安明德理工学院,2024,安徽,本科批,物理类,,,469,159617,
2698,西安欧亚学院,2024,安徽,本科批,物理类,,,460,165184,
2699,西安培华学院,2024,安徽,本科批,物理类,,,482,143933,
2700,西安汽车职业大学,2024,安徽,本科批,物理类,,,468,165184,
2701,西安石油大学,2024,安徽,本科批,物理类,,,535,74390,
2702,西安思源学院,2024,安徽,本科批,物理类,,,475,155310,
2705,西安外国语大学,2024,安徽,本科批,物理类,,,553,41801,
2706,西安外事学院,2024,安徽,本科批,物理类,,,471,155310,
2707,西安文理学院,2024,安徽,本科批,物理类,,,502,123961,
2708,西安信息职业大学,2024,安徽,本科批,物理类,,,479,156749,
2710,西安医学院,2024,安徽,本科批,物理类,,,585,34696,
2712,西安邮电大学,2024,安徽,本科批,物理类,,,593,27577,
2714,西北大学,2024,安徽,本科批,物理类,,,593,21812,
2716,西北工业大学,2024,安徽,本科批,物理类,,,639,1349,
2717,西北民族大学,2024,安徽,本科批,物理类,,,520,99522,
2718,西北农林科技大学,2024,安徽,本科批,物理类,,,606,17242,
2719,西北师范大学,2024,安徽,本科批,物理类,,,521,83437,
2720,西北政法大学,2024,安徽,本科批,物理类,,,602,22966,
2721,西藏大学,2024,安徽,本科批,物理类,,,546,51644,
2723,西藏农牧学院,2024,安徽,本科批,物理类,,,480,132469,
2725,西昌学院,2024,安徽,本科批,物理类,,,490,129610,
2726,西华大学,2024,安徽,本科批,物理类,,,532,78827,
2727,西华师范大学,2024,安徽,本科批,物理类,,,514,82261,
2728,西交利物浦大学,2024,安徽,本科批,物理类,,,567,49065,
2729,西京学院,2024,安徽,本科批,物理类,,,472,165184,
2730,西南财经大学,2024,安徽,本科批,物理类,,,591,8760,
2731,西南财经大学天府学院,2024,安徽,本科批,物理类,,,483,149613,
2732,西南大学,2024,安徽,本科批,物理类,,,592,16769,
2733,西南大学,2024,安徽,本科批,物理类,,,601,21812,
2734,西南交通大学,2024,安徽,本科批,物理类,,,605,7777,
2735,西南交通大学希望学院,2024,安徽,本科批,物理类,,,479,156749,
2736,西南科技大学,2024,安徽,本科批,物理类,,,539,71085,
2737,西南林业大学,2024,安徽,本科批,物理类,,,512,98187,
2738,西南民族大学,2024,安徽,本科批,物理类,,,535,57958,
2739,西南石油大学,2024,安徽,本科批,物理类,,,583,34696,
2740,西南医科大学,2024,安徽,本科批,物理类,,,536,29400,
2741,西南政法大学,2024,安徽,本科批,物理类,,,606,12105,
2744,厦门大学,2024,安徽,本科批,物理类,,,616,3467,
2745,厦门大学嘉庚学院,2024,安徽,本科批,物理类,,,489,99522,
2747,厦门工学院,2024,安徽,本科批,物理类,,,465,163793,
2750,厦门华厦学院,2024,安徽,本科批,物理类,,,469,160968,
2751,厦门理工学院,2024,安徽,本科批,物理类,,,536,73298,
2756,厦门医学院,2024,安徽,本科批,物理类,,,555,47323,
2759,咸阳师范学院,2024,安徽,本科批,物理类,,,510,110193,
2761,湘南学院,2024,安徽,本科批,物理类,,,520,57958,
2763,湘潭大学,2024,安徽,本科批,物理类,,,582,32010,
2764,湘潭理工学院,2024,安徽,本科批,物理类,,,477,159617,
2769,忻州师范学院,2024,安徽,本科批,物理类,,,489,139565,
2770,新疆财经大学,2024,安徽,本科批,物理类,,,490,108818,
2771,新疆大学,2024,安徽,本科批,物理类,,,563,33349,
2772,新疆第二医学院,2024,安徽,本科批,物理类,,,511,79924,
2773,新疆工程学院,2024,安徽,本科批,物理类,,,486,146789,
2774,新疆和田学院,2024,安徽,本科批,物理类,,,487,145330,
2776,新疆警察学院,2024,安徽,本科批,物理类,,,492,138198,
2777,新疆科技学院,2024,安徽,本科批,物理类,,,482,143933,
2780,新疆理工学院,2024,安徽,本科批,物理类,,,485,146789,
2782,新疆农业大学,2024,安徽,本科批,物理类,,,486,141050,
2786,新疆师范大学,2024,安徽,本科批,物理类,,,497,100825,
2788,新疆天山职业技术大学,2024,安徽,本科批,物理类,,,470,158149,
2789,新疆医科大学,2024,安徽,本科批,物理类,,,487,133925,
2790,新疆艺术学院,2024,安徽,本科批,物理类,,,481,153944,
2792,新疆政法学院,2024,安徽,本科批,物理类,,,493,125317,
2794,新乡学院,2024,安徽,本科批,物理类,,,493,136770,
2795,新乡医学院,2024,安徽,本科批,物理类,,,571,44100,
2796,新乡医学院三全学院,2024,安徽,本科批,物理类,,,485,148182,
2797,新余学院,2024,安徽,本科批,物理类,,,505,103523,
2799,信阳农林学院,2024,安徽,本科批,物理类,,,488,141050,
2801,信阳师范大学,2024,安徽,本科批,物理类,,,510,112876,
2802,信阳学院,2024,安徽,本科批,物理类,,,486,142490,
2805,邢台学院,2024,安徽,本科批,物理类,,,490,119741,
2807,兴义民族师范学院,2024,安徽,本科批,物理类,,,490,138198,
2808,徐州工程学院,2024,安徽,本科批,物理类,,,524,94411,
2811,徐州医科大学,2024,安徽,本科批,物理类,,,587,22387,
2813,许昌学院,2024,安徽,本科批,物理类,,,513,100825,
2815,烟台大学,2024,安徽,本科批,物理类,,,531,85739,
2818,烟台科技学院,2024,安徽,本科批,物理类,,,484,142490,
2819,烟台理工学院,2024,安徽,本科批,物理类,,,486,143933,
2820,烟台南山学院,2024,安徽,本科批,物理类,,,478,155310,
2824,延安大学,2024,安徽,本科批,物理类,,,509,114215,
2825,延安大学西安创新学院,2024,安徽,本科批,物理类,,,486,146789,
2827,延边大学,2024,安徽,本科批,物理类,,,575,39616,
2829,盐城工学院,2024,安徽,本科批,物理类,,,512,110193,
2831,盐城师范学院,2024,安徽,本科批,物理类,,,503,116941,
2833,燕山大学,2024,安徽,本科批,物理类,,,549,43302,
2834,扬州大学,2024,安徽,本科批,物理类,,,589,32681,
2835,扬州大学广陵学院,2024,安徽,本科批,物理类,,,496,131022,
2839,阳光学院,2024,安徽,本科批,物理类,,,466,172027,
2841,伊犁师范大学,2024,安徽,本科批,物理类,,,488,143933,
2843,宜宾学院,2024,安徽,本科批,物理类,,,512,98187,
2846,宜春学院,2024,安徽,本科批,物理类,,,503,112876,
2852,银川能源学院,2024,安徽,本科批,物理类,,,467,163793,
2853,营口理工学院,2024,安徽,本科批,物理类,,,492,128198,
2856,右江民族医学院,2024,安徽,本科批,物理类,,,503,88167,
2858,榆林学院,2024,安徽,本科批,物理类,,,494,126734,
2859,玉林师范学院,2024,安徽,本科批,物理类,,,491,138198,
2860,玉溪师范学院,2024,安徽,本科批,物理类,,,491,132469,
2861,豫章师范学院,2024,安徽,本科批,物理类,,,498,125317,
2863,云南财经大学,2024,安徽,本科批,物理类,,,511,85739,
2865,云南大学,2024,安徽,本科批,物理类,,,593,25818,
2871,云南经济管理学院,2024,安徽,本科批,物理类,,,502,123961,
2876,云南民族大学,2024,安徽,本科批,物理类,,,500,107457,
2878,云南农业大学,2024,安徽,本科批,物理类,,,505,103523,
2880,云南师范大学,2024,安徽,本科批,物理类,,,540,73298,
2884,云南中医药大学,2024,安徽,本科批,物理类,,,501,125317,
2887,运城学院,2024,安徽,本科批,物理类,,,491,139565,
2889,运城职业技术大学,2024,安徽,本科批,物理类,,,472,152465,
2891,枣庄学院,2024,安徽,本科批,物理类,,,493,136770,
2896,张家口学院,2024,安徽,本科批,物理类,,,501,122552,
2902,昭通学院,2024,安徽,本科批,物理类,,,493,136770,
2903,肇庆学院,2024,安徽,本科批,物理类,,,511,111490,
2905,浙大城市学院,2024,安徽,本科批,物理类,,,558,37420,
2906,浙大宁波理工学院,2024,安徽,本科批,物理类,,,548,61882,
2908,浙江财经大学,2024,安徽,本科批,物理类,,,562,30032,
2909,浙江财经大学东方学院,2024,安徽,本科批,物理类,,,481,146789,
2910,浙江传媒学院,2024,安徽,本科批,物理类,,,528,55227,
2911,浙江大学,2024,安徽,本科批,物理类,,,661,221,
2912,浙江大学医学院,2024,安徽,本科批,物理类,,,655,874,
2916,浙江工商大学,2024,安徽,本科批,物理类,,,576,30690,
2917,浙江工商大学杭州商学院,2024,安徽,本科批,物理类,,,487,61882,
2919,浙江工业大学,2024,安徽,本科批,物理类,,,556,26380,
2920,浙江工业大学之江学院,2024,安徽,本科批,物理类,,,485,132469,
2922,浙江广厦建设职业技术大学,2024,安徽,本科批,物理类,,,470,146789,
2924,浙江海洋大学,2024,安徽,本科批,物理类,,,534,54314,
2933,浙江科技大学,2024,安徽,本科批,物理类,,,567,49065,
2934,浙江理工大学,2024,安徽,本科批,物理类,,,540,36041,
2935,浙江理工大学科技与艺术学院,2024,安徽,本科批,物理类,,,482,88167,
2937,浙江农林大学,2024,安徽,本科批,物理类,,,556,42525,
2938,浙江农林大学暨阳学院,2024,安徽,本科批,物理类,,,475,106107,
2941,浙江师范大学,2024,安徽,本科批,物理类,,,546,32010,
2942,浙江师范大学行知学院,2024,安徽,本科批,物理类,,,531,71085,
2943,浙江树人学院,2024,安徽,本科批,物理类,,,442,148182,
2944,浙江水利水电学院,2024,安徽,本科批,物理类,,,525,93155,
2947,浙江外国语学院,2024,安徽,本科批,物理类,,,526,75498,
2948,浙江万里学院,2024,安徽,本科批,物理类,,,498,116941,
2949,浙江药科职业大学,2024,安徽,本科批,物理类,,,506,118284,
2954,浙江越秀外国语学院,2024,安徽,本科批,物理类,,,465,146789,
2955,浙江中医药大学,2024,安徽,本科批,物理类,,,560,38161,
2958,郑州财经学院,2024,安徽,本科批,物理类,,,484,135342,
2959,郑州大学,2024,安徽,本科批,物理类,,,595,26380,
2961,郑州工程技术学院,2024,安徽,本科批,物理类,,,508,104854,
2962,郑州工商学院,2024,安徽,本科批,物理类,,,484,146789,
2963,郑州工业应用技术学院,2024,安徽,本科批,物理类,,,474,163793,
2964,郑州航空工业管理学院,2024,安徽,本科批,物理类,,,504,107457,
2965,郑州经贸学院,2024,安徽,本科批,物理类,,,487,138198,
2967,郑州科技学院,2024,安徽,本科批,物理类,,,475,162378,
2970,郑州轻工业大学,2024,安徽,本科批,物理类,,,531,36041,
2971,郑州商学院,2024,安徽,本科批,物理类,,,482,142490,
2972,郑州升达经贸管理学院,2024,安徽,本科批,物理类,,,472,166597,
2977,郑州西亚斯学院,2024,安徽,本科批,物理类,,,465,160968,
2981,中北大学,2024,安徽,本科批,物理类,,,549,58922,
2982,中国传媒大学,2024,安徽,本科批,物理类,,,608,15443,
2983,中国地质大学(北京),2024,安徽,本科批,物理类,,,607,20196,
2984,中国地质大学(武汉),2024,安徽,本科批,物理类,,,602,22387,
2985,中国海洋大学,2024,安徽,本科批,物理类,,,627,11315,
2986,中国计量大学,2024,安徽,本科批,物理类,,,593,30032,
2987,中国计量大学现代科技学院,2024,安徽,本科批,物理类,,,485,148182,
2988,中国科学技术大学,2024,安徽,本科批,物理类,,,680,409,
2990,中国矿业大学(北京),2024,安徽,本科批,物理类,,,596,27577,
2991,中国矿业大学徐海学院,2024,安徽,本科批,物理类,,,494,125317,
2992,中国劳动关系学院,2024,安徽,本科批,物理类,,,524,84596,
2994,中国民航大学,2024,安徽,本科批,物理类,,,581,36041,
2995,中国民用航空飞行学院,2024,安徽,本科批,物理类,,,511,90656,
2996,中国农业大学,2024,安徽,本科批,物理类,,,607,7777,
2997,中国人民大学,2024,安徽,本科批,物理类,,,668,601,
2998,中国人民大学,2024,安徽,本科批,物理类,,,650,4532,
3000,中国人民警察大学,2024,安徽,本科批,物理类,,,561,54314,
3001,中国社会科学院大学,2024,安徽,本科批,物理类,,,639,8082,
3002,中国石油大学(北京),2024,安徽,本科批,物理类,,,610,17242,
3003,中国石油大学(北京)克拉玛依校区,2024,安徽,本科批,物理类,,,577,38858,
3004,中国石油大学(华东),2024,安徽,本科批,物理类,,,606,17242,
3008,中国药科大学,2024,安徽,本科批,物理类,,,609,4985,
3009,中国医科大学,2024,安徽,本科批,物理类,,,562,11694,
3011,中国政法大学,2024,安徽,本科批,物理类,,,631,2545,
3012,中华女子学院,2024,安徽,本科批,物理类,,,522,71085,
3013,中南财经政法大学,2024,安徽,本科批,物理类,,,548,11315,
3014,中南大学,2024,安徽,本科批,物理类,,,623,3676,
3015,中南林业科技大学,2024,安徽,本科批,物理类,,,533,65863,
3016,中南林业科技大学涉外学院,2024,安徽,本科批,物理类,,,486,146789,
3017,中南民族大学,2024,安徽,本科批,物理类,,,550,53370,
3018,中山大学,2024,安徽,本科批,物理类,,,646,4302,
3021,中央财经大学,2024,安徽,本科批,物理类,,,619,5985,
3022,中央美术学院,2024,安徽,本科批,物理类,,,552,59853,
3023,中央民族大学,2024,安徽,本科批,物理类,,,624,10940,
3027,中原工学院,2024,安徽,本科批,物理类,,,512,106107,
3030,周口师范学院,2024,安徽,本科批,物理类,,,490,139565,
3033,珠海科技学院,2024,安徽,本科批,物理类,,,487,142490,
3039,遵义师范学院,2024,安徽,本科批,物理类,,,503,122552,
3040,遵义医科大学,2024,安徽,本科批,物理类,,,530,36041,
3041,遵义医科大学医学与科技学院,2024,安徽,本科批,物理类,,,519,100825,
9001,安徽大学,2024,安徽,本科批,物理类,,,590,18182,
9002,安徽财经大学,2024,安徽,本科批,物理类,,,536,44100,
9003,安徽工程大学,2024,安徽,本科批,物理类,,,534,71085,
9004,安徽工业大学,2024,安徽,本科批,物理类,,,533,73550,
9005,安徽建筑大学,2024,安徽,本科批,物理类,,,534,55227,
9006,安徽理工大学,2024,安徽,本科批,物理类,,,557,55393,
9007,安徽农业大学,2024,安徽,本科批,物理类,,,552,43302,
9008,安徽师范大学,2024,安徽,本科批,物理类,,,511,32010,
9009,安徽医科大学,2024,安徽,本科批,物理类,,,519,59853,
9010,安徽中医药大学,2024,安徽,本科批,物理类,,,524,86973,
9011,安庆师范大学,2024,安徽,本科批,物理类,,,521,84596,
9012,淮北师范大学,2024,安徽,本科批,物理类,,,515,90656,
9013,阜阳师范大学,2024,安徽,本科批,物理类,,,465,93155,
9014,蚌埠医科大学,2024,安徽,本科批,物理类,,,511,111490,
9015,合肥大学,2024,安徽,本科批,物理类,,,520,71085,
9101,安徽科技学院,2024,安徽,本科批,物理类,,,515,99522,
9102,蚌埠学院,2024,安徽,本科批,物理类,,,490,128198,
9104,亳州学院,2024,安徽,本科批,物理类,,,490,131022,
9105,巢湖学院,2024,安徽,本科批,物理类,,,487,110193,
9106,池州学院,2024,安徽,本科批,物理类,,,491,129610,
9107,滁州学院,2024,安徽,本科批,物理类,,,500,102130,
9109,合肥师范学院,2024,安徽,本科批,物理类,,,515,93155,
9111,淮南师范学院,2024,安徽,本科批,物理类,,,510,96937,
9112,黄山学院,2024,安徽,本科批,物理类,,,482,107457,
9113,铜陵学院,2024,安徽,本科批,物理类,,,492,84596,
9114,皖南医学院,2024,安徽,本科批,物理类,,,509,99522,
9115,皖西学院,2024,安徽,本科批,物理类,,,504,95659,
9116,宿州学院,2024,安徽,本科批,物理类,,,489,122552,
9117,安徽艺术学院,2024,安徽,本科批,物理类,,,491,128198,
9201,蚌埠工商学院,2024,安徽,本科批,物理类,,,472,151000,
9203,马鞍山学院,2024,安徽,本科批,物理类,,,471,153944,
9204,合肥城市学院,2024,安徽,本科批,物理类,,,465,162378,
9205,合肥经济学院,2024,安徽,本科批,物理类,,,471,146789,
9206,安徽三联学院,2024,安徽,本科批,物理类,,,466,151000,
9207,芜湖学院,2024,安徽,本科批,物理类,,,487,138198,
9208,安徽外国语学院,2024,安徽,本科批,物理类,,,465,158149,
9209,安徽文达信息工程学院,2024,安徽,本科批,物理类,,,465,156749,
9210,安徽新华学院,2024,安徽,本科批,物理类,,,470,158149,
9211,安徽信息工程学院,2024,安徽,本科批,物理类,,,465,162378,
9212,安徽医科大学临床医学院,2024,安徽,本科批,物理类,,,485,146789,
9213,阜阳理工学院,2024,安徽,本科批,物理类,,,481,139565,
9214,皖江工学院,2024,安徽,本科批,物理类,,,467,153944,
9215,淮北理工学院,2024,安徽,本科批,物理类,,,467,138198,
1058,北京师范大学,2024,安徽,本科提前批-优师专项,物理类,,,631,10940,
1257,东北师范大学,2024,安徽,本科提前批-优师专项,物理类,,,610,18676,
1745,华东师范大学,2024,安徽,本科提前批-优师专项,物理类,,,633,9106,
1753,华中师范大学,2024,安徽,本科提前批-优师专项,物理类,,,620,15443,
2331,陕西师范大学,2024,安徽,本科提前批-优师专项,物理类,,,617,16769,
2732,西南大学,2024,安徽,本科提前批-优师专项,物理类,,,617,16769,
9008,安徽师范大学,2024,安徽,本科提前批-优师专项,物理类,,,575,42525,
2089,南京警察学院,2024,安徽,本科提前批-公安,物理类,,,478,22966,
2873,云南警官学院,2024,安徽,本科提前批-公安,物理类,,,515,51644,
2966,郑州警察学院,2024,安徽,本科提前批-公安,物理类,,,468,32010,
2999,中国人民公安大学,2024,安徽,本科提前批-公安,物理类,,,624,2728,
3000,中国人民警察大学,2024,安徽,本科提前批-公安,物理类,,,609,13801,
3007,中国刑事警察学院,2024,安徽,本科提前批-公安,物理类,,,580,6850,
9118,安徽公安学院,2024,安徽,本科提前批-公安,物理类,,,536,34034,
1057,北京师范大学,2024,安徽,本科提前批-公费师范生,物理类,,,653,4083,
1257,东北师范大学,2024,安徽,本科提前批-公费师范生,物理类,,,638,8414,
1745,华东师范大学,2024,安徽,本科提前批-公费师范生,物理类,,,656,2077,
1753,华中师范大学,2024,安徽,本科提前批-公费师范生,物理类,,,631,5470,
2331,陕西师范大学,2024,安徽,本科提前批-公费师范生,物理类,,,631,10182,
2732,西南大学,2024,安徽,本科提前批-公费师范生,物理类,,,633,8414,
1022,北部湾大学,2024,安徽,本科提前批-其他,物理类,,,488,129610,
1033,北京电子科技学院,2024,安徽,本科提前批-其他,物理类,,,651,4750,
1071,北京语言大学,2024,安徽,本科提前批-其他,物理类,,,579,19196,
1080,渤海大学,2024,安徽,本科提前批-其他,物理类,,,490,141050,
1182,重庆交通大学,2024,安徽,本科提前批-其他,物理类,,,523,79924,
1220,大连海事大学,2024,安徽,本科提前批-其他,物理类,,,578,21812,
1337,广东海洋大学,2024,安徽,本科提前批-其他,物理类,,,496,122552,
1407,广州航海学院,2024,安徽,本科提前批-其他,物理类,,,500,108818,
1461,国际关系学院,2024,安徽,本科提前批-其他,物理类,,,615,9830,
1493,海南科技职业大学,2024,安徽,本科提前批-其他,物理类,,,466,173421,
1494,海南热带海洋学院,2024,安徽,本科提前批-其他,物理类,,,484,149613,
1591,河西学院,2024,安徽,本科提前批-其他,物理类,,,489,142490,
1746,华东政法大学,2024,安徽,本科提前批-其他,物理类,,,520,50810,
1793,集美大学,2024,安徽,本科提前批-其他,物理类,,,511,91916,
2146,宁波大学,2024,安徽,本科提前批-其他,物理类,,,549,62842,
2200,清华大学,2024,安徽,本科提前批-其他,物理类,,,690,157,
2216,泉州师范学院,2024,安徽,本科提前批-其他,物理类,,,486,143933,
2256,山东交通学院,2024,安徽,本科提前批-其他,物理类,,,496,131022,
2362,上海海关学院,2024,安徽,本科提前批-其他,物理类,,,612,10940,
2363,上海海事大学,2024,安徽,本科提前批-其他,物理类,,,529,67898,
2392,上海外国语大学,2024,安徽,本科提前批-其他,物理类,,,605,14237,
2478,四川外国语大学,2024,安徽,本科提前批-其他,物理类,,,533,47323,
2555,天津理工大学,2024,安徽,本科提前批-其他,物理类,,,510,91916,
2593,外交学院,2024,安徽,本科提前批-其他,物理类,,,623,10182,
2656,武汉理工大学,2024,安徽,本科提前批-其他,物理类,,,590,26983,
2705,西安外国语大学,2024,安徽,本科提前批-其他,物理类,,,532,62842,
2741,西南政法大学,2024,安徽,本科提前批-其他,物理类,,,535,50810,
2924,浙江海洋大学,2024,安徽,本科提前批-其他,物理类,,,527,89425,
2982,中国传媒大学,2024,安徽,本科提前批-其他,物理类,,,564,51644,
2994,中国民航大学,2024,安徽,本科提前批-其他,物理类,,,515,106107,
2995,中国民用航空飞行学院,2024,安徽,本科提前批-其他,物理类,,,536,79924,
2997,中国人民大学,2024,安徽,本科提前批-其他,物理类,,,667,1821,
3013,中南财经政法大学,2024,安徽,本科提前批-其他,物理类,,,533,58922,
3024,中央司法警官学院,2024,安徽,本科提前批-其他,物理类,,,510,112876,
6002,陆军工程大学,2024,安徽,本科提前批-其他,物理类,,,541,74390,
8101,香港城市大学,2024,安徽,本科提前批-其他,物理类,,,619,10563,
8104,香港中文大学(深圳),2024,安徽,本科提前批-其他,物理类,,,655,3863,
9101,安徽科技学院,2024,安徽,本科提前批-其他,物理类,,,501,125317,
6001,国防科技大学,2024,安徽,本科提前批-军事院校,物理类,,,645,6271,
6002,陆军工程大学,2024,安徽,本科提前批-军事院校,物理类,,,598,26983,
6003,陆军步兵学院,2024,安徽,本科提前批-军事院校,物理类,,,575,34034,
6004,陆军装甲兵学院,2024,安徽,本科提前批-军事院校,物理类,,,568,30690,
6005,陆军炮兵防空兵学院,2024,安徽,本科提前批-军事院校,物理类,,,574,29400,
6006,陆军特种作战学院,2024,安徽,本科提前批-军事院校,物理类,,,553,52506,
6007,陆军边海防学院,2024,安徽,本科提前批-军事院校,物理类,,,565,46535,
6008,陆军防化学院,2024,安徽,本科提前批-军事院校,物理类,,,567,36735,
6009,陆军军医大学,2024,安徽,本科提前批-军事院校,物理类,,,595,28793,
6010,陆军军事交通学院,2024,安徽,本科提前批-军事院校,物理类,,,576,15886,
6011,陆军勤务学院,2024,安徽,本科提前批-军事院校,物理类,,,569,16301,
6012,海军工程大学,2024,安徽,本科提前批-军事院校,物理类,,,592,7145,
6013,海军大连舰艇学院,2024,安徽,本科提前批-军事院校,物理类,,,577,17242,
6014,海军潜艇学院,2024,安徽,本科提前批-军事院校,物理类,,,568,42525,
6015,海军航空大学,2024,安徽,本科提前批-军事院校,物理类,,,591,31359,
6016,海军军医大学,2024,安徽,本科提前批-军事院校,物理类,,,597,27577,
6017,空军工程大学,2024,安徽,本科提前批-军事院校,物理类,,,590,11694,
6018,空军航空大学,2024,安徽,本科提前批-军事院校,物理类,,,575,19196,
6019,空军预警学院,2024,安徽,本科提前批-军事院校,物理类,,,576,14634,
6020,空军军医大学,2024,安徽,本科提前批-军事院校,物理类,,,579,7145,
6021,火箭军工程大学,2024,安徽,本科提前批-军事院校,物理类,,,585,13801,
6022,战略支援部队航天工程大学,2024,安徽,本科提前批-军事院校,物理类,,,608,12931,
6023,战略支援部队信息工程大学,2024,安徽,本科提前批-军事院校,物理类,,,611,15886,
6024,武警工程大学,2024,安徽,本科提前批-军事院校,物理类,,,568,48183,
6025,武警警官学院,2024,安徽,本科提前批-军事院校,物理类,,,562,53370,
6026,武警特种警察学院,2024,安徽,本科提前批-军事院校,物理类,,,551,41801,
6027,武警海警学院,2024,安徽,本科提前批-军事院校,物理类,,,568,39616,
9009,安徽医科大学,2024,安徽,本科提前批-农村订单定向免费医学生,物理类,,,520,25818,
9010,安徽中医药大学,2024,安徽,本科提前批-农村订单定向免费医学生,物理类,,,526,55227,
9014,蚌埠医科大学,2024,安徽,本科提前批-农村订单定向免费医学生,物理类,,,529,38858,
9114,皖南医学院,2024,安徽,本科提前批-农村订单定向免费医学生,物理类,,,534,82261,
3006,中国消防救援学院,2024,安徽,本科提前批-司法及应急消防,物理类,,,596,21277,
3024,中央司法警官学院,2024,安徽,本科提前批-司法及应急消防,物理类,,,537,41093,
9007,安徽农业大学,2024,安徽,本科提前批-基层农技推广人才定向,物理类,,,542,58922,
9101,安徽科技学院,2024,安徽,本科提前批-基层农技推广人才定向,物理类,,,542,30032,
9008,安徽师范大学,2024,安徽,本科提前批-定向培养乡村教师,物理类,,,539,76597,
9011,安庆师范大学,2024,安徽,本科提前批-定向培养乡村教师,物理类,,,499,128198,
9012,淮北师范大学,2024,安徽,本科提前批-定向培养乡村教师,物理类,,,499,128198,
9013,阜阳师范大学,2024,安徽,本科提前批-定向培养乡村教师,物理类,,,496,63826,
9109,合肥师范学院,2024,安徽,本科提前批-定向培养乡村教师,物理类,,,491,49065,
9111,淮南师范学院,2024,安徽,本科提前批-定向培养乡村教师,物理类,,,496,132469,
1062,北京外国语大学,2024,安徽,本科提前批-综合评价,物理类,,,577,10557,
1947,昆山杜克大学,2024,安徽,本科提前批-综合评价,物理类,,,594,29400,
2072,南方科技大学,2024,安徽,本科提前批-综合评价,物理类,,,641,7440,
2382,上海纽约大学,2024,安徽,本科提前批-综合评价,物理类,,,595,28793,
2413,深圳北理莫斯科大学,2024,安徽,本科提前批-综合评价,物理类,,,522,69982,
1002,安康职业技术学院,2024,安徽,高职专科,物理类,,,398,243039,
1007,鞍山师范学院,2024,安徽,高职专科,物理类,,,424,213713,
1008,鞍山职业技术学院,2024,安徽,高职专科,物理类,,,350,266926,
1009,巴中职业技术学院,2024,安徽,高职专科,物理类,,,319,274637,
1011,白城职业技术学院,2024,安徽,高职专科,物理类,,,357,275746,
1012,白银希望职业技术学院,2024,安徽,高职专科,物理类,,,297,289179,
1013,包头轻工职业技术学院,2024,安徽,高职专科,物理类,,,354,277350,
1014,包头铁道职业技术学院,2024,安徽,高职专科,物理类,,,420,228261,
1015,包头职业技术学院,2024,安徽,高职专科,物理类,,,331,286332,
1016,宝鸡三和职业学院,2024,安徽,高职专科,物理类,,,321,288769,
1018,宝鸡职业技术学院,2024,安徽,高职专科,物理类,,,399,236873,
1019,宝鸡中北职业学院,2024,安徽,高职专科,物理类,,,310,287956,
1021,保险职业学院,2024,安徽,高职专科,物理类,,,393,251993,
1034,北京电子科技职业学院,2024,安徽,高职专科,物理类,,,459,176157,
1038,北京工业职业技术学院,2024,安徽,高职专科,物理类,,,452,177406,
1044,北京交通运输职业学院,2024,安徽,高职专科,物理类,,,440,196246,
1045,北京交通职业技术学院,2024,安徽,高职专科,物理类,,,419,225241,
1046,北京经济管理职业学院,2024,安徽,高职专科,物理类,,,410,219094,
1047,北京经济技术职业学院,2024,安徽,高职专科,物理类,,,387,238632,
1050,北京科技经营管理学院,2024,安徽,高职专科,物理类,,,358,258627,
1055,北京农业职业学院,2024,安徽,高职专科,物理类,,,448,197434,
1056,北京培黎职业学院,2024,安徽,高职专科,物理类,,,328,280844,
1067,北京信息职业技术学院,2024,安徽,高职专科,物理类,,,432,198628,
1072,北京政法职业学院,2024,安徽,高职专科,物理类,,,425,185251,
1074,北京中医药大学东方学院,2024,安徽,高职专科,物理类,,,422,226223,
1075,滨州科技职业学院,2024,安徽,高职专科,物理类,,,310,288383,
1078,博尔塔拉职业技术学院,2024,安徽,高职专科,物理类,,,313,288383,
1079,渤海船舶职业学院,2024,安徽,高职专科,物理类,,,366,249661,
1081,渤海理工职业学院,2024,安徽,高职专科,物理类,,,258,307683,
1082,沧州航空职业学院,2024,安徽,高职专科,物理类,,,311,243932,
1084,沧州医学高等专科学校,2024,安徽,高职专科,物理类,,,436,193863,
1087,长白山职业技术学院,2024,安徽,高职专科,物理类,,,336,285897,
1091,长春东方职业学院,2024,安徽,高职专科,物理类,,,348,269397,
1096,长春金融高等专科学校,2024,安徽,高职专科,物理类,,,360,211436,
1103,长春医学高等专科学校,2024,安徽,高职专科,物理类,,,460,182639,
1107,长江大学文理学院,2024,安徽,高职专科,物理类,,,437,210338,
1108,长江工程职业技术学院,2024,安徽,高职专科,物理类,,,397,235951,
1110,长江艺术工程职业学院,2024,安徽,高职专科,物理类,,,277,284160,
1111,长江职业学院,2024,安徽,高职专科,物理类,,,385,251233,
1112,长沙航空职业技术学院,2024,安徽,高职专科,物理类,,,463,173421,
1113,长沙环境保护职业技术学院,2024,安徽,高职专科,物理类,,,360,269397,
1116,长沙民政职业技术学院,2024,安徽,高职专科,物理类,,,458,170722,
1117,长沙南方职业学院,2024,安徽,高职专科,物理类,,,211,291799,
1118,长沙商贸旅游职业技术学院,2024,安徽,高职专科,物理类,,,362,272920,
1120,长沙卫生职业学院,2024,安徽,高职专科,物理类,,,440,174784,
1123,长沙职业技术学院,2024,安徽,高职专科,物理类,,,437,210338,
1129,常州纺织服装职业技术学院,2024,安徽,高职专科,物理类,,,380,245583,
1130,常州工程职业技术学院,2024,安徽,高职专科,物理类,,,427,198628,
1132,常州工业职业技术学院,2024,安徽,高职专科,物理类,,,417,225241,
1133,常州机电职业技术学院,2024,安徽,高职专科,物理类,,,439,190207,
1134,常州信息职业技术学院,2024,安徽,高职专科,物理类,,,459,176157,
1135,朝阳师范学院,2024,安徽,高职专科,物理类,,,427,214773,
1138,成都纺织高等专科学校,2024,安徽,高职专科,物理类,,,429,195057,
1140,成都航空职业技术学院,2024,安徽,高职专科,物理类,,,468,172027,
1144,成都农业科技职业学院,2024,安徽,高职专科,物理类,,,437,210338,
1154,承德护理职业学院,2024,安徽,高职专科,物理类,,,432,210338,
1158,重庆财经职业学院,2024,安徽,高职专科,物理类,,,423,225241,
1159,重庆城市管理职业学院,2024,安徽,高职专科,物理类,,,457,186471,
1162,重庆传媒职业学院,2024,安徽,高职专科,物理类,,,323,284160,
1166,重庆电力高等专科学校,2024,安徽,高职专科,物理类,,,456,158149,
1167,重庆电信职业学院,2024,安徽,高职专科,物理类,,,341,225241,
1168,重庆电子科技职业大学,2024,安徽,高职专科,物理类,,,452,187754,
1171,重庆工程职业技术学院,2024,安徽,高职专科,物理类,,,430,208048,
1174,重庆工商职业学院,2024,安徽,高职专科,物理类,,,431,201025,
1175,重庆工业职业技术学院,2024,安徽,高职专科,物理类,,,450,185251,
1176,重庆海联职业技术学院,2024,安徽,高职专科,物理类,,,379,241309,
1177,重庆航天职业技术学院,2024,安徽,高职专科,物理类,,,437,193863,
1178,重庆机电职业技术大学,2024,安徽,高职专科,物理类,,,393,251993,
1179,重庆建筑工程职业学院,2024,安徽,高职专科,物理类,,,434,206917,
1180,重庆建筑科技职业学院,2024,安徽,高职专科,物理类,,,341,225241,
1184,重庆科技职业学院,2024,安徽,高职专科,物理类,,,359,274068,
1186,重庆理工职业学院,2024,安徽,高职专科,物理类,,,335,286332,
1187,重庆旅游职业学院,2024,安徽,高职专科,物理类,,,389,254960,
1188,重庆轻工职业学院,2024,安徽,高职专科,物理类,,,233,289935,
1191,重庆三峡医药高等专科学校,2024,安徽,高职专科,物理类,,,459,172027,
1192,重庆三峡职业学院,2024,安徽,高职专科,物理类,,,413,229225,
1193,重庆商务职业学院,2024,安徽,高职专科,物理类,,,421,214773,
1195,重庆数字产业职业技术学院,2024,安徽,高职专科,物理类,,,204,313268,
1196,重庆水利电力职业技术学院,2024,安徽,高职专科,物理类,,,435,212616,
1199,重庆现代制造职业学院,2024,安徽,高职专科,物理类,,,205,312696,
1200,重庆信息技术职业学院,2024,安徽,高职专科,物理类,,,305,281838,
1202,重庆医药高等专科学校,2024,安徽,高职专科,物理类,,,463,153944,
1204,重庆艺术工程职业学院,2024,安徽,高职专科,物理类,,,306,292886,
1206,重庆幼儿师范高等专科学校,2024,安徽,高职专科,物理类,,,422,226223,
1207,重庆智能工程职业学院,2024,安徽,高职专科,物理类,,,312,294912,
1210,楚雄医药高等专科学校,2024,安徽,高职专科,物理类,,,429,182639,
1214,大连财经学院,2024,安徽,高职专科,物理类,,,338,239527,
1216,大连东软信息学院,2024,安徽,高职专科,物理类,,,268,297374,
1217,大连枫叶职业技术学院,2024,安徽,高职专科,物理类,,,263,300913,
1222,大连航运职业技术学院,2024,安徽,高职专科,物理类,,,300,296139,
1224,大连科技学院,2024,安徽,高职专科,物理类,,,295,295840,
1229,大连汽车职业技术学院,2024,安徽,高职专科,物理类,,,298,290747,
1234,大连职业技术学院,2024,安徽,高职专科,物理类,,,356,233150,
1235,大连装备制造职业技术学院,2024,安徽,高职专科,物理类,,,310,295549,
1237,大庆医学高等专科学校,2024,安徽,高职专科,物理类,,,426,186471,
1238,大庆职业学院,2024,安徽,高职专科,物理类,,,342,262897,
1239,大兴安岭职业学院,2024,安徽,高职专科,物理类,,,397,243039,
1241,德阳城市轨道交通职业学院,2024,安徽,高职专科,物理类,,,288,294575,
1242,德阳农业科技职业学院,2024,安徽,高职专科,物理类,,,213,304847,
1243,德州工程职业学院,2024,安徽,高职专科,物理类,,,300,285011,
1244,德州科技职业学院,2024,安徽,高职专科,物理类,,,325,254960,
1260,东莞职业技术学院,2024,安徽,高职专科,物理类,,,407,201025,
1266,东营科技职业学院,2024,安徽,高职专科,物理类,,,333,267547,
1267,东营职业学院,2024,安徽,高职专科,物理类,,,345,254209,
1269,鄂州职业大学,2024,安徽,高职专科,物理类,,,391,247306,
1270,恩施职业技术学院,2024,安徽,高职专科,物理类,,,333,279393,
1273,福建船政交通职业学院,2024,安徽,高职专科,物理类,,,390,225241,
1274,福建电力职业技术学院,2024,安徽,高职专科,物理类,,,435,204502,
1275,福建华南女子职业学院,2024,安徽,高职专科,物理类,,,221,312235,
1280,福建林业职业技术学院,2024,安徽,高职专科,物理类,,,346,247306,
1283,福建农业职业技术学院,2024,安徽,高职专科,物理类,,,413,234997,
1285,福建生物工程职业技术学院,2024,安徽,高职专科,物理类,,,359,257188,
1288,福建水利电力职业技术学院,2024,安徽,高职专科,物理类,,,374,244747,
1289,福建卫生职业技术学院,2024,安徽,高职专科,物理类,,,266,215891,
1290,福建信息职业技术学院,2024,安徽,高职专科,物理类,,,410,203380,
1297,福州黎明职业技术学院,2024,安徽,高职专科,物理类,,,262,295549,
1299,福州软件职业技术学院,2024,安徽,高职专科,物理类,,,203,308504,
1301,福州英华职业学院,2024,安徽,高职专科,物理类,,,206,308966,
1302,福州职业技术学院,2024,安徽,高职专科,物理类,,,380,215891,
1303,抚顺师范高等专科学校,2024,安徽,高职专科,物理类,,,318,290747,
1304,抚顺职业技术学院,2024,安徽,高职专科,物理类,,,330,287173,
1305,阜新高等专科学校,2024,安徽,高职专科,物理类,,,331,286765,
1308,甘肃工业职业技术学院,2024,安徽,高职专科,物理类,,,334,264245,
1309,甘肃林业职业技术大学,2024,安徽,高职专科,物理类,,,333,254960,
1312,甘肃卫生职业学院,2024,安徽,高职专科,物理类,,,418,218072,
1320,赣南卫生健康职业学院,2024,安徽,高职专科,物理类,,,440,206917,
1322,赣西科技职业学院,2024,安徽,高职专科,物理类,,,302,286765,
1323,赣州师范高等专科学校,2024,安徽,高职专科,物理类,,,388,253451,
1325,共青科技职业学院,2024,安徽,高职专科,物理类,,,292,296794,
1327,广东碧桂园职业学院,2024,安徽,高职专科,物理类,,,215,260797,
1329,广东财贸职业学院,2024,安徽,高职专科,物理类,,,369,262897,
1330,广东创新科技职业学院,2024,安徽,高职专科,物理类,,,225,305230,
1333,广东工程职业技术学院,2024,安徽,高职专科,物理类,,,360,268785,
1334,广东工贸职业技术学院,2024,安徽,高职专科,物理类,,,396,245583,
1335,广东工商职业技术大学,2024,安徽,高职专科,物理类,,,361,213713,
1338,广东环境保护工程职业学院,2024,安徽,高职专科,物理类,,,286,269397,
1339,广东机电职业技术学院,2024,安徽,高职专科,物理类,,,382,248888,
1341,广东建设职业技术学院,2024,安徽,高职专科,物理类,,,403,206917,
1342,广东交通职业技术学院,2024,安徽,高职专科,物理类,,,376,241309,
1344,广东酒店管理职业技术学院,2024,安徽,高职专科,物理类,,,208,295549,
1346,广东科学技术职业学院,2024,安徽,高职专科,物理类,,,431,169367,
1347,广东理工职业学院,2024,安徽,高职专科,物理类,,,399,222210,
1348,广东岭南职业技术学院,2024,安徽,高职专科,物理类,,,282,300622,
1349,广东茂名健康职业学院,2024,安徽,高职专科,物理类,,,402,244747,
1350,广东南方职业学院,2024,安徽,高职专科,物理类,,,212,302431,
1351,广东农工商职业技术学院,2024,安徽,高职专科,物理类,,,327,272920,
1353,广东轻工职业技术大学,2024,安徽,高职专科,物理类,,,452,166597,
1355,广东食品药品职业学院,2024,安徽,高职专科,物理类,,,383,228261,
1356,广东水利电力职业技术学院,2024,安徽,高职专科,物理类,,,373,247306,
1357,广东司法警官职业学院,2024,安徽,高职专科,物理类,,,397,248888,
1361,广东文理职业学院,2024,安徽,高职专科,物理类,,,235,303603,
1364,广东新安职业技术学院,2024,安徽,高职专科,物理类,,,319,292534,
1365,广东亚视演艺职业学院,2024,安徽,高职专科,物理类,,,225,309925,
1369,广东肇庆航空职业学院,2024,安徽,高职专科,物理类,,,207,218072,
1371,广西安全工程职业技术学院,2024,安徽,高职专科,物理类,,,269,295549,
1375,广西电力职业技术学院,2024,安徽,高职专科,物理类,,,427,203380,
1376,广西工业职业技术学院,2024,安徽,高职专科,物理类,,,352,277830,
1377,广西国际商务职业技术学院,2024,安徽,高职专科,物理类,,,309,289525,
1378,广西机电职业技术学院,2024,安徽,高职专科,物理类,,,340,271773,
1379,广西金融职业技术学院,2024,安徽,高职专科,物理类,,,339,276304,
1380,广西经济职业学院,2024,安徽,高职专科,物理类,,,254,305230,
1381,广西警察学院,2024,安徽,高职专科,物理类,,,423,215891,
1384,广西科技职业学院,2024,安徽,高职专科,物理类,,,282,303143,
1387,广西生态工程职业技术学院,2024,安徽,高职专科,物理类,,,311,278392,
1389,广西水利电力职业技术学院,2024,安徽,高职专科,物理类,,,363,261507,
1390,广西体育高等专科学校,2024,安徽,高职专科,物理类,,,322,254209,
1392,广西物流职业技术学院,2024,安徽,高职专科,物理类,,,258,299601,
1395,广西英华国际职业学院,2024,安徽,高职专科,物理类,,,280,303603,
1399,广西自然资源职业技术学院,2024,安徽,高职专科,物理类,,,323,266227,
1400,广元中核职业技术学院,2024,安徽,高职专科,物理类,,,373,245583,
1401,广州城建职业学院,2024,安徽,高职专科,物理类,,,201,288383,
1404,广州东华职业学院,2024,安徽,高职专科,物理类,,,206,312571,
1405,广州番禺职业技术学院,2024,安徽,高职专科,物理类,,,386,241309,
1408,广州华立科技职业学院,2024,安徽,高职专科,物理类,,,261,291799,
1410,广州华南商贸职业学院,2024,安徽,高职专科,物理类,,,268,298793,
1412,广州华商职业学院,2024,安徽,高职专科,物理类,,,201,307985,
1413,广州华夏职业学院,2024,安徽,高职专科,物理类,,,206,305029,
1414,广州科技贸易职业学院,2024,安徽,高职专科,物理类,,,373,266227,
1415,广州科技职业技术大学,2024,安徽,高职专科,物理类,,,364,228261,
1417,广州民航职业技术学院,2024,安徽,高职专科,物理类,,,444,163793,
1419,广州南洋理工职业学院,2024,安徽,高职专科,物理类,,,406,225241,
1422,广州涉外经济职业技术学院,2024,安徽,高职专科,物理类,,,201,311911,
1424,广州铁路职业技术学院,2024,安徽,高职专科,物理类,,,442,204502,
1425,广州卫生职业技术学院,2024,安徽,高职专科,物理类,,,413,196246,
1430,广州珠江职业技术学院,2024,安徽,高职专科,物理类,,,369,268785,
1431,硅湖职业技术学院,2024,安徽,高职专科,物理类,,,320,274068,
1435,贵州电子信息职业技术学院,2024,安徽,高职专科,物理类,,,361,272920,
1437,贵州工贸职业学院,2024,安徽,高职专科,物理类,,,259,304635,
1438,贵州工商职业学院,2024,安徽,高职专科,物理类,,,287,292162,
1439,贵州航空职业技术学院,2024,安徽,高职专科,物理类,,,331,241309,
1440,贵州机电职业技术学院,2024,安徽,高职专科,物理类,,,339,254209,
1449,贵州应用技术职业学院,2024,安徽,高职专科,物理类,,,255,300622,
1453,桂林理工大学,2024,安徽,高职专科,物理类,,,446,187754,
1454,桂林旅游学院,2024,安徽,高职专科,物理类,,,371,202199,
1455,桂林山水职业学院,2024,安徽,高职专科,物理类,,,246,308661,
1456,桂林生命与健康职业技术学院,2024,安徽,高职专科,物理类,,,309,288383,
1457,桂林信息工程职业学院,2024,安徽,高职专科,物理类,,,236,309555,
1462,哈尔滨北方航空职业技术学院,2024,安徽,高职专科,物理类,,,218,280844,
1463,哈尔滨城市职业学院,2024,安徽,高职专科,物理类,,,315,293911,
1464,哈尔滨传媒职业学院,2024,安徽,高职专科,物理类,,,204,309392,
1473,哈尔滨科学技术职业学院,2024,安徽,高职专科,物理类,,,354,252707,
1479,哈尔滨铁道职业技术学院,2024,安徽,高职专科,物理类,,,430,203380,
1483,哈尔滨应用职业技术学院,2024,安徽,高职专科,物理类,,,202,312640,
1484,哈尔滨职业技术大学,2024,安徽,高职专科,物理类,,,391,225241,
1486,海口经济学院,2024,安徽,高职专科,物理类,,,207,206917,
1489,海南东方新丝路职业学院,2024,安徽,高职专科,物理类,,,204,307829,
1490,海南工商职业学院,2024,安徽,高职专科,物理类,,,312,294912,
1491,海南健康管理职业技术学院,2024,安徽,高职专科,物理类,,,231,309555,
1493,海南科技职业大学,2024,安徽,高职专科,物理类,,,236,276816,
1494,海南热带海洋学院,2024,安徽,高职专科,物理类,,,386,229225,
1495,海南软件职业技术学院,2024,安徽,高职专科,物理类,,,357,275746,
1497,海南外国语职业学院,2024,安徽,高职专科,物理类,,,328,251233,
1498,海南卫生健康职业学院,2024,安徽,高职专科,物理类,,,355,229225,
1500,海南职业技术学院,2024,安徽,高职专科,物理类,,,335,256412,
1501,邯郸科技职业学院,2024,安徽,高职专科,物理类,,,350,279393,
1503,邯郸幼儿师范高等专科学校,2024,安徽,高职专科,物理类,,,399,212616,
1504,邯郸职业技术学院,2024,安徽,高职专科,物理类,,,377,236873,
1505,汉江师范学院,2024,安徽,高职专科,物理类,,,445,183945,
1506,汉口学院,2024,安徽,高职专科,物理类,,,256,272920,
1507,汉中职业技术学院,2024,安徽,高职专科,物理类,,,425,219094,
1510,杭州科技职业技术学院,2024,安徽,高职专科,物理类,,,448,183945,
1512,杭州万向职业技术学院,2024,安徽,高职专科,物理类,,,433,201025,
1514,杭州职业技术学院,2024,安徽,高职专科,物理类,,,456,173421,
1517,和君职业学院,2024,安徽,高职专科,物理类,,,205,303999,
1518,和田职业技术学院,2024,安徽,高职专科,物理类,,,277,290747,
1525,河北对外经贸职业学院,2024,安徽,高职专科,物理类,,,328,285897,
1532,河北轨道运输职业技术学院,2024,安徽,高职专科,物理类,,,436,209180,
1533,河北化工医药职业技术学院,2024,安徽,高职专科,物理类,,,412,224198,
1535,河北机电职业技术学院,2024,安徽,高职专科,物理类,,,400,239527,
1536,河北建材职业技术学院,2024,安徽,高职专科,物理类,,,401,245583,
1538,河北交通职业技术学院,2024,安徽,高职专科,物理类,,,374,246475,
1542,河北科技工程职业技术大学,2024,安徽,高职专科,物理类,,,403,234997,
1545,河北劳动关系职业学院,2024,安徽,高职专科,物理类,,,348,269397,
1546,河北旅游职业学院,2024,安徽,高职专科,物理类,,,336,283237,
1548,河北能源职业技术学院,2024,安徽,高职专科,物理类,,,341,283685,
1550,河北软件职业技术学院,2024,安徽,高职专科,物理类,,,360,274068,
1565,河南测绘职业学院,2024,安徽,高职专科,物理类,,,396,237731,
1571,河南工业职业技术学院,2024,安徽,高职专科,物理类,,,408,234997,
1572,河南护理职业学院,2024,安徽,高职专科,物理类,,,428,220129,
1574,河南经贸职业学院,2024,安徽,高职专科,物理类,,,378,229225,
1581,河南农业职业学院,2024,安徽,高职专科,物理类,,,401,234102,
1582,河南轻工职业学院,2024,安徽,高职专科,物理类,,,354,263594,
1584,河南水利与环境职业学院,2024,安徽,高职专科,物理类,,,362,270571,
1585,河南司法警官职业学院,2024,安徽,高职专科,物理类,,,412,235951,
1587,河南医学高等专科学校,2024,安徽,高职专科,物理类,,,433,214773,
1588,河南应用技术职业学院,2024,安徽,高职专科,物理类,,,379,255689,
1589,河南职业技术学院,2024,安徽,高职专科,物理类,,,423,224198,
1592,河源职业技术学院,2024,安徽,高职专科,物理类,,,340,283237,
1595,菏泽医学专科学校,2024,安徽,高职专科,物理类,,,405,214773,
1597,鹤壁职业技术学院,2024,安徽,高职专科,物理类,,,331,261507,
1598,鹤岗师范高等专科学校,2024,安徽,高职专科,物理类,,,324,288769,
1608,黑龙江护理高等专科学校,2024,安徽,高职专科,物理类,,,447,195057,
1609,黑龙江建筑职业技术学院,2024,安徽,高职专科,物理类,,,323,272920,
1610,黑龙江交通职业技术学院,2024,安徽,高职专科,物理类,,,424,218072,
1612,黑龙江林业职业技术学院,2024,安徽,高职专科,物理类,,,317,278862,
1613,黑龙江旅游职业技术学院,2024,安徽,高职专科,物理类,,,316,284615,
1614,黑龙江民族职业学院,2024,安徽,高职专科,物理类,,,346,224198,
1615,黑龙江能源职业学院,2024,安徽,高职专科,物理类,,,309,293552,
1616,黑龙江农垦职业学院,2024,安徽,高职专科,物理类,,,281,249661,
1617,黑龙江农业工程职业学院,2024,安徽,高职专科,物理类,,,360,180030,
1618,黑龙江农业经济职业学院,2024,安徽,高职专科,物理类,,,326,285011,
1619,黑龙江农业职业技术学院,2024,安徽,高职专科,物理类,,,317,291112,
1620,黑龙江三江美术职业学院,2024,安徽,高职专科,物理类,,,202,309555,
1621,黑龙江生态工程职业学院,2024,安徽,高职专科,物理类,,,324,288769,
1622,黑龙江司法警官职业学院,2024,安徽,高职专科,物理类,,,361,269995,
1625,黑龙江幼儿师范高等专科学校,2024,安徽,高职专科,物理类,,,327,289525,
1626,黑龙江职业学院,2024,安徽,高职专科,物理类,,,371,230214,
1629,衡水职业技术学院,2024,安徽,高职专科,物理类,,,346,281331,
1634,湖北城市建设职业技术学院,2024,安徽,高职专科,物理类,,,370,255689,
1638,湖北恩施学院,2024,安徽,高职专科,物理类,,,370,264245,
1640,湖北工程学院新技术学院,2024,安徽,高职专科,物理类,,,387,245583,
1641,湖北工程职业学院,2024,安徽,高职专科,物理类,,,410,234102,
1644,湖北工业职业技术学院,2024,安徽,高职专科,物理类,,,371,250449,
1645,湖北国土资源职业学院,2024,安徽,高职专科,物理类,,,367,254209,
1646,湖北黄冈应急管理职业技术学院,2024,安徽,高职专科,物理类,,,356,264911,
1647,湖北交通职业技术学院,2024,安徽,高职专科,物理类,,,406,224198,
1651,湖北开放职业学院,2024,安徽,高职专科,物理类,,,290,297952,
1653,湖北科技职业学院,2024,安徽,高职专科,物理类,,,395,246475,
1658,湖北三峡职业技术学院,2024,安徽,高职专科,物理类,,,422,180030,
1659,湖北商贸学院,2024,安徽,高职专科,物理类,,,318,291451,
1660,湖北生态工程职业技术学院,2024,安徽,高职专科,物理类,,,369,249661,
1661,湖北生物科技职业学院,2024,安徽,高职专科,物理类,,,407,213713,
1663,湖北师范大学文理学院,2024,安徽,高职专科,物理类,,,392,193863,
1664,湖北水利水电职业技术学院,2024,安徽,高职专科,物理类,,,426,216997,
1666,湖北铁道运输职业学院,2024,安徽,高职专科,物理类,,,428,214773,
1672,湖北幼儿师范高等专科学校,2024,安徽,高职专科,物理类,,,401,245583,
1673,湖北职业技术学院,2024,安徽,高职专科,物理类,,,431,197434,
1675,湖北中医药高等专科学校,2024,安徽,高职专科,物理类,,,435,174784,
1676,湖南安全技术职业学院,2024,安徽,高职专科,物理类,,,364,271773,
1677,湖南财经工业职业技术学院,2024,安徽,高职专科,物理类,,,408,238632,
1679,湖南城建职业技术学院,2024,安徽,高职专科,物理类,,,344,280844,
1682,湖南大众传媒职业技术学院,2024,安徽,高职专科,物理类,,,436,198628,
1685,湖南高速铁路职业技术学院,2024,安徽,高职专科,物理类,,,450,181327,
1688,湖南工程职业技术学院,2024,安徽,高职专科,物理类,,,374,228261,
1693,湖南工业职业技术学院,2024,安徽,高职专科,物理类,,,437,210338,
1696,湖南化工职业技术学院,2024,安徽,高职专科,物理类,,,423,209180,
1697,湖南机电职业技术学院,2024,安徽,高职专科,物理类,,,401,245583,
1698,湖南交通职业技术学院,2024,安徽,高职专科,物理类,,,413,211436,
1699,湖南九嶷职业技术学院,2024,安徽,高职专科,物理类,,,307,296454,
1703,湖南科技职业学院,2024,安徽,高职专科,物理类,,,400,224198,
1704,湖南劳动人事职业学院,2024,安徽,高职专科,物理类,,,383,259346,
1712,湖南软件职业技术大学,2024,安徽,高职专科,物理类,,,324,270571,
1713,湖南三一工业职业技术学院,2024,安徽,高职专科,物理类,,,324,253451,
1714,湖南商务职业技术学院,2024,安徽,高职专科,物理类,,,361,255689,
1716,湖南生物机电职业技术学院,2024,安徽,高职专科,物理类,,,351,278862,
1718,湖南石油化工职业技术学院,2024,安徽,高职专科,物理类,,,410,226223,
1719,湖南食品药品职业学院,2024,安徽,高职专科,物理类,,,400,243039,
1720,湖南水利水电职业技术学院,2024,安徽,高职专科,物理类,,,405,225241,
1722,湖南铁道职业技术学院,2024,安徽,高职专科,物理类,,,447,169367,
1723,湖南铁路科技职业技术学院,2024,安徽,高职专科,物理类,,,444,177406,
1724,湖南外国语职业学院,2024,安徽,高职专科,物理类,,,273,303143,
1727,湖南信息职业技术学院,2024,安徽,高职专科,物理类,,,441,204502,
1730,湖南邮电职业技术学院,2024,安徽,高职专科,物理类,,,434,213713,
1731,湖南幼儿师范高等专科学校,2024,安徽,高职专科,物理类,,,402,243932,
1736,湖州职业技术学院,2024,安徽,高职专科,物理类,,,416,225241,
1743,华东交通大学,2024,安徽,高职专科,物理类,,,472,155310,
1757,黄冈科技职业学院,2024,安徽,高职专科,物理类,,,295,289525,
1759,黄冈职业技术学院,2024,安徽,高职专科,物理类,,,431,191473,
1761,黄河水利职业技术学院,2024,安徽,高职专科,物理类,,,465,169367,
1763,惠州城市职业学院,2024,安徽,高职专科,物理类,,,307,292886,
1764,惠州经济职业技术学院,2024,安徽,高职专科,物理类,,,250,300146,
1765,惠州卫生职业技术学院,2024,安徽,高职专科,物理类,,,438,197434,
1767,吉安幼儿师范高等专科学校,2024,安徽,高职专科,物理类,,,312,288769,
1768,吉安职业技术学院,2024,安徽,高职专科,物理类,,,431,216997,
1772,吉林电子信息职业技术学院,2024,安徽,高职专科,物理类,,,437,210338,
1776,吉林工业职业技术学院,2024,安徽,高职专科,物理类,,,392,252707,
1786,吉林司法警官职业学院,2024,安徽,高职专科,物理类,,,381,249661,
1788,吉林铁道职业技术学院,2024,安徽,高职专科,物理类,,,437,160968,
1796,济南工程职业技术学院,2024,安徽,高职专科,物理类,,,423,225241,
1797,济南护理职业学院,2024,安徽,高职专科,物理类,,,409,224198,
1798,济南职业学院,2024,安徽,高职专科,物理类,,,409,238632,
1801,济宁职业技术学院,2024,安徽,高职专科,物理类,,,369,262197,
1802,济源职业技术学院,2024,安徽,高职专科,物理类,,,371,267547,
1805,冀中职业学院,2024,安徽,高职专科,物理类,,,317,293226,
1809,嘉兴南洋职业技术学院,2024,安徽,高职专科,物理类,,,369,268785,
1810,嘉兴职业技术学院,2024,安徽,高职专科,物理类,,,424,224198,
1812,建东职业技术学院,2024,安徽,高职专科,物理类,,,234,307336,
1813,江海职业技术学院,2024,安徽,高职专科,物理类,,,287,299340,
1815,江汉艺术职业学院,2024,安徽,高职专科,物理类,,,310,284160,
1816,江门职业技术学院,2024,安徽,高职专科,物理类,,,385,235951,
1818,江南影视艺术职业学院,2024,安徽,高职专科,物理类,,,219,304847,
1819,江苏安全技术职业学院,2024,安徽,高职专科,物理类,,,388,227261,
1820,江苏财会职业学院,2024,安徽,高职专科,物理类,,,415,213713,
1821,江苏财经职业技术学院,2024,安徽,高职专科,物理类,,,414,218072,
1822,江苏城市职业学院,2024,安徽,高职专科,物理类,,,163,180030,
1823,江苏城乡建设职业学院,2024,安徽,高职专科,物理类,,,397,230214,
1827,江苏电子信息职业学院,2024,安徽,高职专科,物理类,,,431,206917,
1828,江苏工程职业技术学院,2024,安徽,高职专科,物理类,,,405,195057,
1829,江苏海事职业技术学院,2024,安徽,高职专科,物理类,,,435,212616,
1831,江苏航空职业技术学院,2024,安徽,高职专科,物理类,,,410,195057,
1832,江苏航运职业技术学院,2024,安徽,高职专科,物理类,,,416,218072,
1833,江苏护理职业学院,2024,安徽,高职专科,物理类,,,438,199830,
1834,江苏建筑职业技术学院,2024,安徽,高职专科,物理类,,,430,204502,
1835,江苏经贸职业技术学院,2024,安徽,高职专科,物理类,,,447,187754,
1839,江苏旅游职业学院,2024,安徽,高职专科,物理类,,,387,232216,
1840,江苏农林职业技术学院,2024,安徽,高职专科,物理类,,,437,182639,
1841,江苏农牧科技职业学院,2024,安徽,高职专科,物理类,,,436,181327,
1842,江苏商贸职业学院,2024,安徽,高职专科,物理类,,,427,201025,
1845,江苏食品药品职业技术学院,2024,安徽,高职专科,物理类,,,416,231257,
1846,江苏卫生健康职业学院,2024,安徽,高职专科,物理类,,,441,180030,
1847,江苏信息职业技术学院,2024,安徽,高职专科,物理类,,,438,193863,
1848,江苏医药职业学院,2024,安徽,高职专科,物理类,,,442,197434,
1851,江西财经职业学院,2024,安徽,高职专科,物理类,,,401,229225,
1852,江西传媒职业学院,2024,安徽,高职专科,物理类,,,341,246475,
1853,江西电力职业技术学院,2024,安徽,高职专科,物理类,,,456,187754,
1855,江西枫林涉外经贸职业学院,2024,安徽,高职专科,物理类,,,224,267547,
1857,江西工程学院,2024,安徽,高职专科,物理类,,,346,280844,
1858,江西工程职业学院,2024,安徽,高职专科,物理类,,,371,265548,
1859,江西工商职业技术学院,2024,安徽,高职专科,物理类,,,211,292162,
1860,江西工业工程职业技术学院,2024,安徽,高职专科,物理类,,,385,242187,
1861,江西工业贸易职业技术学院,2024,安徽,高职专科,物理类,,,349,269397,
1862,江西工业职业技术学院,2024,安徽,高职专科,物理类,,,380,257917,
1863,江西航空职业技术学院,2024,安徽,高职专科,物理类,,,407,202199,
1865,江西环境工程职业学院,2024,安徽,高职专科,物理类,,,377,262197,
1866,江西机电职业技术学院,2024,安徽,高职专科,物理类,,,387,241309,
1867,江西建设职业技术学院,2024,安徽,高职专科,物理类,,,358,257188,
1868,江西交通职业技术学院,2024,安徽,高职专科,物理类,,,407,227261,
1871,江西科技学院,2024,安徽,高职专科,物理类,,,321,281838,
1872,江西科技职业学院,2024,安徽,高职专科,物理类,,,250,266926,
1874,江西旅游商贸职业学院,2024,安徽,高职专科,物理类,,,379,251233,
1877,江西青年职业学院,2024,安徽,高职专科,物理类,,,355,276304,
1878,江西软件职业技术大学,2024,安徽,高职专科,物理类,,,277,303143,
1879,江西生物科技职业学院,2024,安徽,高职专科,物理类,,,438,195057,
1882,江西师范高等专科学校,2024,安徽,高职专科,物理类,,,426,213713,
1883,江西水利职业学院,2024,安徽,高职专科,物理类,,,435,211436,
1884,江西司法警官职业学院,2024,安徽,高职专科,物理类,,,372,250449,
1885,江西泰豪动漫职业学院,2024,安徽,高职专科,物理类,,,240,301727,
1887,江西婺源茶业职业学院,2024,安徽,高职专科,物理类,,,338,283685,
1888,江西现代职业技术学院,2024,安徽,高职专科,物理类,,,389,248888,
1889,江西新能源科技职业学院,2024,安徽,高职专科,物理类,,,315,283237,
1890,江西信息应用职业技术学院,2024,安徽,高职专科,物理类,,,412,235951,
1891,江西冶金职业技术学院,2024,安徽,高职专科,物理类,,,366,257188,
1892,江西医学高等专科学校,2024,安徽,高职专科,物理类,,,430,208048,
1894,江西应用技术职业学院,2024,安徽,高职专科,物理类,,,416,182639,
1895,江西应用科技学院,2024,安徽,高职专科,物理类,,,307,294231,
1896,江西樟树中医药职业学院,2024,安徽,高职专科,物理类,,,274,301727,
1897,江西职业技术大学,2024,安徽,高职专科,物理类,,,446,193863,
1898,江西制造职业技术学院,2024,安徽,高职专科,物理类,,,432,208048,
1900,江西中医药高等专科学校,2024,安徽,高职专科,物理类,,,415,214773,
1901,江阳城建职业学院,2024,安徽,高职专科,物理类,,,206,301194,
1902,江阴职业技术学院,2024,安徽,高职专科,物理类,,,405,242187,
1903,焦作大学,2024,安徽,高职专科,物理类,,,434,213713,
1905,揭阳职业技术学院,2024,安徽,高职专科,物理类,,,324,287173,
1906,金华职业技术大学,2024,安徽,高职专科,物理类,,,463,158149,
1907,金肯职业技术学院,2024,安徽,高职专科,物理类,,,330,288383,
1909,金山职业技术学院,2024,安徽,高职专科,物理类,,,268,281331,
1910,锦州师范高等专科学校,2024,安徽,高职专科,物理类,,,341,281838,
1916,荆门职业学院,2024,安徽,高职专科,物理类,,,373,257188,
1917,荆州理工职业学院,2024,安徽,高职专科,物理类,,,350,269995,
1924,九江理工职业学院,2024,安徽,高职专科,物理类,,,315,280844,
1926,九江职业大学,2024,安徽,高职专科,物理类,,,404,218072,
1927,九州职业技术学院,2024,安徽,高职专科,物理类,,,301,290342,
1930,喀什职业技术学院,2024,安徽,高职专科,物理类,,,267,261507,
1931,开封大学,2024,安徽,高职专科,物理类,,,458,181327,
1933,可克达拉职业技术学院,2024,安徽,高职专科,物理类,,,202,303603,
1939,昆明卫生职业学院,2024,安徽,高职专科,物理类,,,450,195057,
1942,昆明冶金高等专科学校,2024,安徽,高职专科,物理类,,,406,235951,
1946,昆山登云科技职业学院,2024,安徽,高职专科,物理类,,,200,312640,
1948,拉萨师范高等专科学校,2024,安徽,高职专科,物理类,,,288,294231,
1949,莱芜职业技术学院,2024,安徽,高职专科,物理类,,,364,255689,
1958,兰州石化职业技术大学,2024,安徽,高职专科,物理类,,,445,187754,
1963,廊坊卫生职业学院,2024,安徽,高职专科,物理类,,,406,241309,
1965,丽江文化旅游学院,2024,安徽,高职专科,物理类,,,218,290342,
1967,丽水职业技术学院,2024,安徽,高职专科,物理类,,,419,192684,
1968,连云港师范高等专科学校,2024,安徽,高职专科,物理类,,,451,186471,
1969,连云港职业技术学院,2024,安徽,高职专科,物理类,,,410,220129,
1970,辽东学院,2024,安徽,高职专科,物理类,,,442,201025,
1972,辽宁传媒学院,2024,安徽,高职专科,物理类,,,290,301194,
1974,辽宁地质工程职业学院,2024,安徽,高职专科,物理类,,,325,288383,
1977,辽宁工程职业学院,2024,安徽,高职专科,物理类,,,345,278392,
1979,辽宁广告职业学院,2024,安徽,高职专科,物理类,,,205,266227,
1980,辽宁轨道交通职业学院,2024,安徽,高职专科,物理类,,,422,209180,
1981,辽宁何氏医学院,2024,安徽,高职专科,物理类,,,201,295840,
1982,辽宁机电职业技术学院,2024,安徽,高职专科,物理类,,,365,228261,
1983,辽宁建筑职业学院,2024,安徽,高职专科,物理类,,,326,284160,
1984,辽宁金融职业学院,2024,安徽,高职专科,物理类,,,344,265548,
1985,辽宁经济职业技术学院,2024,安徽,高职专科,物理类,,,325,260019,
1988,辽宁理工学院,2024,安徽,高职专科,物理类,,,320,276304,
1989,辽宁理工职业大学,2024,安徽,高职专科,物理类,,,260,303603,
1990,辽宁民族师范高等专科学校,2024,安徽,高职专科,物理类,,,325,289525,
1991,辽宁农业职业技术学院,2024,安徽,高职专科,物理类,,,376,243932,
1992,辽宁轻工职业学院,2024,安徽,高职专科,物理类,,,347,274068,
1993,辽宁生态工程职业学院,2024,安徽,高职专科,物理类,,,327,278862,
1994,辽宁省交通高等专科学校,2024,安徽,高职专科,物理类,,,205,214773,
1997,辽宁石化职业技术学院,2024,安徽,高职专科,物理类,,,323,289935,
1999,辽宁特殊教育师范高等专科学校,2024,安徽,高职专科,物理类,,,217,298793,
2000,辽宁铁道职业技术学院,2024,安徽,高职专科,物理类,,,433,196246,
2001,辽宁现代服务职业技术学院,2024,安徽,高职专科,物理类,,,338,284160,
2003,辽宁医药职业学院,2024,安徽,高职专科,物理类,,,408,234997,
2004,辽宁职业学院,2024,安徽,高职专科,物理类,,,335,279851,
2007,辽宁装备制造职业技术学院,2024,安徽,高职专科,物理类,,,335,277830,
2008,辽阳职业技术学院,2024,安徽,高职专科,物理类,,,324,286332,
2009,辽源职业技术学院,2024,安徽,高职专科,物理类,,,316,278862,
2012,聊城职业技术学院,2024,安徽,高职专科,物理类,,,362,247306,
2013,临汾职业技术学院,2024,安徽,高职专科,物理类,,,352,240408,
2015,临沂科技职业学院,2024,安徽,高职专科,物理类,,,333,278862,
2016,临沂职业学院,2024,安徽,高职专科,物理类,,,344,282281,
2019,柳州铁道职业技术学院,2024,安徽,高职专科,物理类,,,432,203380,
2020,柳州职业技术大学,2024,安徽,高职专科,物理类,,,306,277350,
2024,娄底职业技术学院,2024,安徽,高职专科,物理类,,,380,254209,
2025,泸州医疗器械职业学院,2024,安徽,高职专科,物理类,,,320,264911,
2026,泸州职业技术学院,2024,安徽,高职专科,物理类,,,368,262197,
2032,漯河食品工程职业大学,2024,安徽,高职专科,物理类,,,283,301953,
2033,漯河医学高等专科学校,2024,安徽,高职专科,物理类,,,452,178711,
2034,漯河职业技术学院,2024,安徽,高职专科,物理类,,,345,277830,
2036,满洲里俄语职业学院,2024,安徽,高职专科,物理类,,,437,210338,
2038,眉山药科职业学院,2024,安徽,高职专科,物理类,,,249,305029,
2039,湄洲湾职业技术学院,2024,安徽,高职专科,物理类,,,335,268785,
2041,绵阳飞行职业学院,2024,安徽,高职专科,物理类,,,213,308504,
2043,绵阳职业技术学院,2024,安徽,高职专科,物理类,,,383,259346,
2045,闽北职业技术学院,2024,安徽,高职专科,物理类,,,209,297374,
2046,闽江师范高等专科学校,2024,安徽,高职专科,物理类,,,367,236873,
2051,闽西职业技术学院,2024,安徽,高职专科,物理类,,,370,266926,
2052,明达职业技术学院,2024,安徽,高职专科,物理类,,,274,278862,
2053,牡丹江大学,2024,安徽,高职专科,物理类,,,366,192684,
2059,南昌工学院,2024,安徽,高职专科,物理类,,,309,268173,
2063,南昌理工学院,2024,安徽,高职专科,物理类,,,346,244747,
2066,南昌应用技术师范学院,2024,安徽,高职专科,物理类,,,361,271773,
2067,南昌影视传播职业学院,2024,安徽,高职专科,物理类,,,252,303999,
2068,南昌职业大学,2024,安徽,高职专科,物理类,,,258,285447,
2069,南充电影工业职业学院,2024,安徽,高职专科,物理类,,,261,305587,
2071,南充文化旅游职业学院,2024,安徽,高职专科,物理类,,,292,285447,
2078,南京城市职业学院,2024,安徽,高职专科,物理类,,,450,186471,
2087,南京机电职业技术学院,2024,安徽,高职专科,物理类,,,461,173421,
2088,南京交通职业技术学院,2024,安徽,高职专科,物理类,,,443,188975,
2090,南京科技职业学院,2024,安徽,高职专科,物理类,,,442,182975,
2095,南京旅游职业学院,2024,安徽,高职专科,物理类,,,427,187754,
2105,南京铁道职业技术学院,2024,安徽,高职专科,物理类,,,476,123961,
2108,南京信息职业技术学院,2024,安徽,高职专科,物理类,,,469,170722,
2121,南通科技职业学院,2024,安徽,高职专科,物理类,,,414,212616,
2123,南通师范高等专科学校,2024,安徽,高职专科,物理类,,,404,226223,
2124,南通职业大学,2024,安徽,高职专科,物理类,,,442,181317,
2126,南阳农业职业学院,2024,安徽,高职专科,物理类,,,410,237731,
2128,南阳医学高等专科学校,2024,安徽,高职专科,物理类,,,450,178711,
2129,南阳职业学院,2024,安徽,高职专科,物理类,,,327,241309,
2133,内蒙古电子信息职业技术学院,2024,安徽,高职专科,物理类,,,325,263594,
2135,内蒙古交通职业技术学院,2024,安徽,高职专科,物理类,,,368,262897,
2145,宁波城市职业技术学院,2024,安徽,高职专科,物理类,,,426,191473,
2150,宁波卫生职业技术学院,2024,安徽,高职专科,物理类,,,407,198628,
2151,宁波职业技术学院,2024,安徽,高职专科,物理类,,,454,162378,
2153,宁德职业技术学院,2024,安徽,高职专科,物理类,,,352,111490,
2161,攀枝花攀西职业学院,2024,安徽,高职专科,物理类,,,250,306845,
2163,盘锦职业技术学院,2024,安徽,高职专科,物理类,,,328,285447,
2164,平顶山工业职业技术学院,2024,安徽,高职专科,物理类,,,337,285447,
2166,萍乡卫生职业学院,2024,安徽,高职专科,物理类,,,386,243039,
2169,濮阳医学高等专科学校,2024,安徽,高职专科,物理类,,,428,205675,
2172,齐鲁理工学院,2024,安徽,高职专科,物理类,,,308,271773,
2174,齐鲁医药学院,2024,安徽,高职专科,物理类,,,329,208048,
2176,齐齐哈尔高等师范专科学校,2024,安徽,高职专科,物理类,,,335,277350,
2178,黔东南民族职业技术学院,2024,安徽,高职专科,物理类,,,421,182639,
2180,黔南民族医学高等专科学校,2024,安徽,高职专科,物理类,,,407,213713,
2181,秦皇岛职业技术学院,2024,安徽,高职专科,物理类,,,372,236873,
2185,青岛港湾职业技术学院,2024,安徽,高职专科,物理类,,,398,227261,
2187,青岛航空科技职业学院,2024,安徽,高职专科,物理类,,,349,279851,
2188,青岛恒星科技学院,2024,安徽,高职专科,物理类,,,320,287173,
2189,青岛黄海学院,2024,安徽,高职专科,物理类,,,267,225241,
2190,青岛酒店管理职业技术学院,2024,安徽,高职专科,物理类,,,353,251233,
2194,青岛农业大学海都学院,2024,安徽,高职专科,物理类,,,345,257188,
2195,青岛求实职业技术学院,2024,安徽,高职专科,物理类,,,297,293911,
2196,青岛职业技术学院,2024,安徽,高职专科,物理类,,,420,195057,
2201,清远职业技术学院,2024,安徽,高职专科,物理类,,,349,264245,
2206,曲靖医学高等专科学校,2024,安徽,高职专科,物理类,,,451,193863,
2209,泉州纺织服装职业学院,2024,安徽,高职专科,物理类,,,234,309555,
2210,泉州工程职业技术学院,2024,安徽,高职专科,物理类,,,292,253451,
2211,泉州工艺美术职业学院,2024,安徽,高职专科,物理类,,,308,296139,
2212,泉州海洋职业学院,2024,安徽,高职专科,物理类,,,293,280844,
2213,泉州华光职业学院,2024,安徽,高职专科,物理类,,,210,295840,
2214,泉州经贸职业技术学院,2024,安徽,高职专科,物理类,,,331,282778,
2215,泉州轻工职业学院,2024,安徽,高职专科,物理类,,,299,292162,
2218,泉州幼儿师范高等专科学校,2024,安徽,高职专科,物理类,,,351,215891,
2220,日照航海工程职业学院,2024,安徽,高职专科,物理类,,,282,297651,
2221,日照职业技术学院,2024,安徽,高职专科,物理类,,,422,213713,
2223,三门峡职业技术学院,2024,安徽,高职专科,物理类,,,374,244747,
2225,三明医学科技职业学院,2024,安徽,高职专科,物理类,,,333,251993,
2227,三峡大学科技学院,2024,安徽,高职专科,物理类,,,432,198628,
2228,三峡电力职业学院,2024,安徽,高职专科,物理类,,,413,208048,
2229,三峡旅游职业技术学院,2024,安徽,高职专科,物理类,,,341,262197,
2230,三亚城市职业学院,2024,安徽,高职专科,物理类,,,334,252707,
2231,三亚航空旅游职业学院,2024,安徽,高职专科,物理类,,,249,294231,
2232,三亚理工职业学院,2024,安徽,高职专科,物理类,,,285,295549,
2234,三亚中瑞酒店管理职业学院,2024,安徽,高职专科,物理类,,,267,306108,
2235,沙洲职业工学院,2024,安徽,高职专科,物理类,,,409,227261,
2238,山东城市建设职业学院,2024,安徽,高职专科,物理类,,,362,271773,
2239,山东畜牧兽医职业学院,2024,安徽,高职专科,物理类,,,451,191473,
2245,山东服装职业学院,2024,安徽,高职专科,物理类,,,331,277350,
2246,山东工程职业技术大学,2024,安徽,高职专科,物理类,,,208,313061,
2248,山东工业职业学院,2024,安徽,高职专科,物理类,,,342,283237,
2251,山东海事职业学院,2024,安徽,高职专科,物理类,,,306,280358,
2254,山东化工职业学院,2024,安徽,高职专科,物理类,,,360,274068,
2257,山东交通职业学院,2024,安徽,高职专科,物理类,,,372,251993,
2258,山东经贸职业学院,2024,安徽,高职专科,物理类,,,344,273478,
2260,山东科技职业学院,2024,安徽,高职专科,物理类,,,347,219094,
2261,山东劳动职业技术学院,2024,安徽,高职专科,物理类,,,352,272920,
2263,山东理工职业学院,2024,安徽,高职专科,物理类,,,352,270571,
2264,山东力明科技职业学院,2024,安徽,高职专科,物理类,,,353,203380,
2265,山东旅游职业学院,2024,安徽,高职专科,物理类,,,331,274637,
2266,山东铝业职业学院,2024,安徽,高职专科,物理类,,,350,278862,
2271,山东轻工职业学院,2024,安徽,高职专科,物理类,,,318,251233,
2272,山东商务职业学院,2024,安徽,高职专科,物理类,,,323,288383,
2273,山东商业职业技术学院,2024,安徽,高职专科,物理类,,,372,218072,
2274,山东圣翰财贸职业学院,2024,安徽,高职专科,物理类,,,289,270571,
2277,山东水利职业学院,2024,安徽,高职专科,物理类,,,376,239527,
2281,山东外国语职业技术大学,2024,安徽,高职专科,物理类,,,235,305029,
2282,山东外贸职业学院,2024,安徽,高职专科,物理类,,,409,210338,
2283,山东外事职业大学,2024,安徽,高职专科,物理类,,,299,295217,
2284,山东文化产业职业学院,2024,安徽,高职专科,物理类,,,200,301727,
2288,山东医学高等专科学校,2024,安徽,高职专科,物理类,,,471,146789,
2291,山东英才学院,2024,安徽,高职专科,物理类,,,207,297374,
2293,山东职业学院,2024,安徽,高职专科,物理类,,,443,187754,
2295,山东中医药高等专科学校,2024,安徽,高职专科,物理类,,,440,178711,
2306,山西老区职业技术学院,2024,安徽,高职专科,物理类,,,393,251993,
2308,山西省财政税务专科学校,2024,安徽,高职专科,物理类,,,381,227261,
2310,山西体育职业学院,2024,安徽,高职专科,物理类,,,322,288383,
2311,山西铁道职业技术学院,2024,安徽,高职专科,物理类,,,421,224198,
2312,山西药科职业学院,2024,安徽,高职专科,物理类,,,421,227261,
2314,山西职业技术学院,2024,安徽,高职专科,物理类,,,393,248888,
2316,陕西财经职业技术学院,2024,安徽,高职专科,物理类,,,426,181327,
2317,陕西电子信息职业技术学院,2024,安徽,高职专科,物理类,,,299,297374,
2319,陕西工商职业学院,2024,安徽,高职专科,物理类,,,350,274068,
2320,陕西国防工业职业技术学院,2024,安徽,高职专科,物理类,,,444,187754,
2322,陕西航空职业技术学院,2024,安徽,高职专科,物理类,,,408,235951,
2323,陕西机电职业技术学院,2024,安徽,高职专科,物理类,,,401,225241,
2324,陕西交通职业技术学院,2024,安徽,高职专科,物理类,,,409,185251,
2325,陕西警察学院,2024,安徽,高职专科,物理类,,,448,190207,
2329,陕西旅游烹饪职业学院,2024,安徽,高职专科,物理类,,,207,313117,
2330,陕西能源职业技术学院,2024,安徽,高职专科,物理类,,,391,242187,
2332,陕西铁路工程职业技术学院,2024,安徽,高职专科,物理类,,,438,190207,
2335,陕西邮电职业技术学院,2024,安徽,高职专科,物理类,,,403,220129,
2338,汕头职业技术学院,2024,安徽,高职专科,物理类,,,341,278862,
2340,商洛职业技术学院,2024,安徽,高职专科,物理类,,,340,281838,
2343,商丘医学高等专科学校,2024,安徽,高职专科,物理类,,,447,197434,
2344,商丘职业技术学院,2024,安徽,高职专科,物理类,,,381,245583,
2345,上海邦德职业技术学院,2024,安徽,高职专科,物理类,,,271,292886,
2348,上海城建职业学院,2024,安徽,高职专科,物理类,,,423,188834,
2349,上海出版印刷高等专科学校,2024,安徽,高职专科,物理类,,,394,197434,
2355,上海电子信息职业技术学院,2024,安徽,高职专科,物理类,,,443,178711,
2356,上海东海职业技术学院,2024,安徽,高职专科,物理类,,,304,288383,
2359,上海工商外国语职业学院,2024,安徽,高职专科,物理类,,,267,257188,
2360,上海工商职业技术学院,2024,安徽,高职专科,物理类,,,243,293552,
2361,上海工艺美术职业学院,2024,安徽,高职专科,物理类,,,444,178711,
2365,上海济光职业技术学院,2024,安徽,高职专科,物理类,,,256,296139,
2366,上海建桥学院,2024,安徽,高职专科,物理类,,,390,213713,
2367,上海建设管理职业技术学院,2024,安徽,高职专科,物理类,,,384,234997,
2368,上海健康医学院,2024,安徽,高职专科,物理类,,,455,180030,
2371,上海交通职业技术学院,2024,安徽,高职专科,物理类,,,417,192684,
2372,上海科创职业技术学院,2024,安徽,高职专科,物理类,,,408,210338,
2373,上海科学技术职业学院,2024,安徽,高职专科,物理类,,,415,201025,
2375,上海立达学院,2024,安徽,高职专科,物理类,,,328,286332,
2377,上海旅游高等专科学校,2024,安徽,高职专科,物理类,,,348,210338,
2378,上海民航职业技术学院,2024,安徽,高职专科,物理类,,,425,190207,
2379,上海民远职业技术学院,2024,安徽,高职专科,物理类,,,250,301194,
2380,上海闵行职业技术学院,2024,安徽,高职专科,物理类,,,399,240408,
2381,上海南湖职业技术学院,2024,安徽,高职专科,物理类,,,422,208048,
2383,上海农林职业技术学院,2024,安徽,高职专科,物理类,,,431,193863,
2384,上海浦东职业技术学院,2024,安徽,高职专科,物理类,,,414,228261,
2385,上海杉达学院,2024,安徽,高职专科,物理类,,,432,208048,
2390,上海思博职业技术学院,2024,安徽,高职专科,物理类,,,214,239527,
2395,上海现代化工职业学院,2024,安徽,高职专科,物理类,,,399,229225,
2396,上海行健职业学院,2024,安徽,高职专科,物理类,,,401,213713,
2400,上海震旦职业学院,2024,安徽,高职专科,物理类,,,214,309796,
2402,上海中侨职业技术大学,2024,安徽,高职专科,物理类,,,361,239527,
2405,上饶卫生健康职业学院,2024,安徽,高职专科,物理类,,,365,251993,
2406,上饶幼儿师范高等专科学校,2024,安徽,高职专科,物理类,,,233,226223,
2407,上饶职业技术学院,2024,安徽,高职专科,物理类,,,329,271773,
2412,绍兴职业技术学院,2024,安徽,高职专科,物理类,,,421,227261,
2416,深圳职业技术大学,2024,安徽,高职专科,物理类,,,478,152465,
2417,沈阳北软信息职业技术学院,2024,安徽,高职专科,物理类,,,267,297952,
2418,沈阳城市建设学院,2024,安徽,高职专科,物理类,,,274,273478,
2422,沈阳工学院,2024,安徽,高职专科,物理类,,,315,290342,
2433,沈阳医学院,2024,安徽,高职专科,物理类,,,456,177406,
2435,沈阳职业技术学院,2024,安徽,高职专科,物理类,,,368,243039,
2437,石家庄城市经济职业学院,2024,安徽,高职专科,物理类,,,322,291451,
2438,石家庄科技信息职业学院,2024,安徽,高职专科,物理类,,,345,278862,
2439,石家庄科技职业学院,2024,安徽,高职专科,物理类,,,331,269995,
2440,石家庄人民医学高等专科学校,2024,安徽,高职专科,物理类,,,435,197434,
2443,石家庄铁路职业技术学院,2024,安徽,高职专科,物理类,,,459,177406,
2444,石家庄信息工程职业学院,2024,安徽,高职专科,物理类,,,393,234997,
2446,石家庄医学高等专科学校,2024,安徽,高职专科,物理类,,,409,202199,
2447,石家庄邮电职业技术学院,2024,安徽,高职专科,物理类,,,453,172027,
2448,石家庄幼儿师范高等专科学校,2024,安徽,高职专科,物理类,,,363,272334,
2449,石家庄职业技术学院,2024,安徽,高职专科,物理类,,,434,191473,
2454,顺德职业技术学院,2024,安徽,高职专科,物理类,,,374,234102,
2455,四川长江职业学院,2024,安徽,高职专科,物理类,,,266,287557,
2456,四川城市职业学院,2024,安徽,高职专科,物理类,,,245,306998,
2459,四川大学锦江学院,2024,安徽,高职专科,物理类,,,439,208048,
2460,四川电影电视学院,2024,安徽,高职专科,物理类,,,322,271182,
2461,四川电子机械职业技术学院,2024,安徽,高职专科,物理类,,,261,300913,
2462,四川工程职业技术大学,2024,安徽,高职专科,物理类,,,434,198628,
2465,四川国际标榜职业学院,2024,安徽,高职专科,物理类,,,309,284160,
2466,四川航天职业技术学院,2024,安徽,高职专科,物理类,,,403,243932,
2467,四川华新现代职业学院,2024,安徽,高职专科,物理类,,,250,297952,
2468,四川化工职业技术学院,2024,安徽,高职专科,物理类,,,413,234997,
2469,四川建筑职业技术学院,2024,安徽,高职专科,物理类,,,420,226223,
2470,四川交通职业技术学院,2024,安徽,高职专科,物理类,,,424,211436,
2471,四川科技职业学院,2024,安徽,高职专科,物理类,,,370,268173,
2475,四川汽车职业技术学院,2024,安徽,高职专科,物理类,,,220,308661,
2482,四川西南航空职业学院,2024,安徽,高职专科,物理类,,,322,191473,
2483,四川希望汽车职业学院,2024,安徽,高职专科,物理类,,,239,309270,
2484,四川现代职业学院,2024,安徽,高职专科,物理类,,,284,287956,
2487,苏州百年职业学院,2024,安徽,高职专科,物理类,,,205,308814,
2491,苏州高博职业学院,2024,安徽,高职专科,物理类,,,296,270571,
2492,苏州工业园区服务外包职业学院,2024,安徽,高职专科,物理类,,,410,230214,
2493,苏州工业园区职业技术学院,2024,安徽,高职专科,物理类,,,324,252848,
2494,苏州工业职业技术学院,2024,安徽,高职专科,物理类,,,446,195057,
2496,苏州健雄职业技术学院,2024,安徽,高职专科,物理类,,,289,290747,
2497,苏州经贸职业技术学院,2024,安徽,高职专科,物理类,,,441,181327,
2500,苏州农业职业技术学院,2024,安徽,高职专科,物理类,,,437,198628,
2501,苏州卫生职业技术学院,2024,安徽,高职专科,物理类,,,458,151000,
2502,苏州信息职业技术学院,2024,安徽,高职专科,物理类,,,417,216997,
2505,宿迁泽达职业技术学院,2024,安徽,高职专科,物理类,,,242,309270,
2506,宿迁职业技术学院,2024,安徽,高职专科,物理类,,,343,271182,
2508,随州职业技术学院,2024,安徽,高职专科,物理类,,,363,261507,
2509,遂宁工程职业学院,2024,安徽,高职专科,物理类,,,225,311911,
2510,遂宁职业学院,2024,安徽,高职专科,物理类,,,201,313377,
2511,塔城职业技术学院,2024,安徽,高职专科,物理类,,,303,287557,
2513,塔里木职业技术学院,2024,安徽,高职专科,物理类,,,318,284615,
2514,台州科技职业学院,2024,安徽,高职专科,物理类,,,424,224198,
2516,台州职业技术学院,2024,安徽,高职专科,物理类,,,404,243039,
2517,太湖创意职业技术学院,2024,安徽,高职专科,物理类,,,400,246475,
2524,泰山科技学院,2024,安徽,高职专科,物理类,,,280,301463,
2528,泰州职业技术学院,2024,安徽,高职专科,物理类,,,418,208048,
2531,唐山幼儿师范高等专科学校,2024,安徽,高职专科,物理类,,,390,239527,
2533,天府新区航空旅游职业学院,2024,安徽,高职专科,物理类,,,222,188975,
2534,天府新区通用航空职业学院,2024,安徽,高职专科,物理类,,,209,313028,
2535,天府新区信息职业学院,2024,安徽,高职专科,物理类,,,207,304847,
2536,天津滨海汽车工程职业学院,2024,安徽,高职专科,物理类,,,286,289935,
2537,天津滨海职业学院,2024,安徽,高职专科,物理类,,,403,227261,
2541,天津城市建设管理职业技术学院,2024,安徽,高职专科,物理类,,,354,258627,
2542,天津城市职业学院,2024,安徽,高职专科,物理类,,,355,251233,
2545,天津电子信息职业技术学院,2024,安徽,高职专科,物理类,,,456,186471,
2547,天津工业职业学院,2024,安徽,高职专科,物理类,,,380,243039,
2549,天津公安警官职业学院,2024,安徽,高职专科,物理类,,,371,267547,
2550,天津国土资源和房屋职业学院,2024,安徽,高职专科,物理类,,,346,271773,
2551,天津海运职业学院,2024,安徽,高职专科,物理类,,,349,239527,
2552,天津机电职业技术学院,2024,安徽,高职专科,物理类,,,418,218072,
2553,天津交通职业学院,2024,安徽,高职专科,物理类,,,409,211436,
2559,天津轻工职业技术学院,2024,安徽,高职专科,物理类,,,437,209180,
2561,天津商务职业学院,2024,安徽,高职专科,物理类,,,373,240408,
2564,天津生物工程职业技术学院,2024,安徽,高职专科,物理类,,,386,245583,
2566,天津石油职业技术学院,2024,安徽,高职专科,物理类,,,389,244747,
2567,天津市职业大学,2024,安徽,高职专科,物理类,,,440,176157,
2570,天津天狮学院,2024,安徽,高职专科,物理类,,,341,274068,
2571,天津铁道职业技术学院,2024,安徽,高职专科,物理类,,,439,169367,
2574,天津现代职业技术学院,2024,安徽,高职专科,物理类,,,416,214773,
2577,天津医学高等专科学校,2024,安徽,高职专科,物理类,,,415,212616,
2583,天门职业学院,2024,安徽,高职专科,物理类,,,377,239527,
2585,铁岭师范高等专科学校,2024,安徽,高职专科,物理类,,,320,281838,
2586,铁岭卫生职业学院,2024,安徽,高职专科,物理类,,,326,289935,
2590,铜川职业技术学院,2024,安徽,高职专科,物理类,,,342,268785,
2591,铜仁幼儿师范高等专科学校,2024,安徽,高职专科,物理类,,,333,287173,
2592,铜仁职业技术学院,2024,安徽,高职专科,物理类,,,396,249661,
2594,威海海洋职业学院,2024,安徽,高职专科,物理类,,,375,238632,
2595,威海职业学院,2024,安徽,高职专科,物理类,,,399,229225,
2596,潍坊工程职业学院,2024,安徽,高职专科,物理类,,,346,281331,
2597,潍坊工商职业学院,2024,安徽,高职专科,物理类,,,324,283237,
2598,潍坊环境工程职业学院,2024,安徽,高职专科,物理类,,,304,292162,
2599,潍坊科技学院,2024,安徽,高职专科,物理类,,,300,294231,
2600,潍坊理工学院,2024,安徽,高职专科,物理类,,,321,280844,
2601,潍坊食品科技职业学院,2024,安徽,高职专科,物理类,,,309,295549,
2603,潍坊职业学院,2024,安徽,高职专科,物理类,,,380,253451,
2605,渭南职业技术学院,2024,安徽,高职专科,物理类,,,386,253451,
2607,温州科技职业学院,2024,安徽,高职专科,物理类,,,434,202199,
2610,温州商学院,2024,安徽,高职专科,物理类,,,393,203380,
2613,温州职业技术学院,2024,安徽,高职专科,物理类,,,444,191473,
2614,文华学院,2024,安徽,高职专科,物理类,,,295,280358,
2616,乌鲁木齐职业大学,2024,安徽,高职专科,物理类,,,336,242187,
2617,无锡城市职业技术学院,2024,安徽,高职专科,物理类,,,429,187754,
2619,无锡科技职业学院,2024,安徽,高职专科,物理类,,,438,201025,
2620,无锡南洋职业技术学院,2024,安徽,高职专科,物理类,,,318,266926,
2621,无锡商业职业技术学院,2024,安徽,高职专科,物理类,,,433,199830,
2624,无锡职业技术学院,2024,安徽,高职专科,物理类,,,464,155310,
2629,武昌理工学院,2024,安徽,高职专科,物理类,,,372,237731,
2630,武昌首义学院,2024,安徽,高职专科,物理类,,,352,251993,
2631,武昌职业学院,2024,安徽,高职专科,物理类,,,266,287173,
2633,武汉城市职业学院,2024,安徽,高职专科,物理类,,,440,186471,
2634,武汉传媒学院,2024,安徽,高职专科,物理类,,,393,240408,
2635,武汉船舶职业技术学院,2024,安徽,高职专科,物理类,,,420,203380,
2639,武汉电力职业技术学院,2024,安徽,高职专科,物理类,,,458,167933,
2642,武汉纺织大学外经贸学院,2024,安徽,高职专科,物理类,,,362,240408,
2646,武汉工程职业技术学院,2024,安徽,高职专科,物理类,,,406,214773,
2647,武汉工商学院,2024,安徽,高职专科,物理类,,,394,205675,
2648,武汉光谷职业学院,2024,安徽,高职专科,物理类,,,291,297651,
2650,武汉航海职业技术学院,2024,安徽,高职专科,物理类,,,370,247306,
2652,武汉交通职业学院,2024,安徽,高职专科,物理类,,,398,221175,
2653,武汉警官职业学院,2024,安徽,高职专科,物理类,,,399,232216,
2655,武汉科技职业学院,2024,安徽,高职专科,物理类,,,344,260797,
2657,武汉民政职业学院,2024,安徽,高职专科,物理类,,,389,220129,
2659,武汉晴川学院,2024,安徽,高职专科,物理类,,,338,271182,
2660,武汉软件工程职业学院,2024,安徽,高职专科,物理类,,,429,181738,
2661,武汉商贸职业学院,2024,安徽,高职专科,物理类,,,325,249661,
2663,武汉设计工程学院,2024,安徽,高职专科,物理类,,,358,263594,
2664,武汉生物工程学院,2024,安徽,高职专科,物理类,,,406,197434,
2667,武汉铁路桥梁职业学院,2024,安徽,高职专科,物理类,,,420,203380,
2668,武汉铁路职业技术学院,2024,安徽,高职专科,物理类,,,462,143692,
2669,武汉外语外事职业学院,2024,安徽,高职专科,物理类,,,304,202713,
2671,武汉信息传播职业技术学院,2024,安徽,高职专科,物理类,,,304,288383,
2674,武汉职业技术学院,2024,安徽,高职专科,物理类,,,424,195057,
2675,武夷山职业学院,2024,安徽,高职专科,物理类,,,217,307683,
2679,西安城市建设职业学院,2024,安徽,高职专科,物理类,,,294,295840,
2682,西安高新科技职业学院,2024,安徽,高职专科,物理类,,,310,253451,
2684,西安工商学院,2024,安徽,高职专科,物理类,,,396,245583,
2686,西安海棠职业学院,2024,安徽,高职专科,物理类,,,312,278392,
2688,西安航空职业技术学院,2024,安徽,高职专科,物理类,,,423,219094,
2692,西安交通工程学院,2024,安徽,高职专科,物理类,,,351,262897,
2694,西安科技大学高新学院,2024,安徽,高职专科,物理类,,,404,243039,
2697,西安明德理工学院,2024,安徽,高职专科,物理类,,,317,286332,
2698,西安欧亚学院,2024,安徽,高职专科,物理类,,,344,269397,
2700,西安汽车职业大学,2024,安徽,高职专科,物理类,,,319,280844,
2702,西安思源学院,2024,安徽,高职专科,物理类,,,289,271773,
2704,西安铁路职业技术学院,2024,安徽,高职专科,物理类,,,440,198628,
2708,西安信息职业大学,2024,安徽,高职专科,物理类,,,311,239527,
2709,西安医学高等专科学校,2024,安徽,高职专科,物理类,,,425,209180,
2713,西安职业技术学院,2024,安徽,高职专科,物理类,,,382,255689,
2724,西藏职业技术学院,2024,安徽,高职专科,物理类,,,213,294912,
2731,西南财经大学天府学院,2024,安徽,高职专科,物理类,,,407,231257,
2742,厦门安防科技职业学院,2024,安徽,高职专科,物理类,,,270,305587,
2743,厦门城市职业学院,2024,安徽,高职专科,物理类,,,375,218072,
2746,厦门东海职业技术学院,2024,安徽,高职专科,物理类,,,318,292886,
2748,厦门海洋职业技术学院,2024,安徽,高职专科,物理类,,,430,218072,
2749,厦门华天涉外职业技术学院,2024,安徽,高职专科,物理类,,,264,294912,
2752,厦门南洋职业学院,2024,安徽,高职专科,物理类,,,286,301953,
2753,厦门软件职业技术学院,2024,安徽,高职专科,物理类,,,326,289935,
2754,厦门兴才职业技术学院,2024,安徽,高职专科,物理类,,,301,295217,
2757,仙桃职业学院,2024,安徽,高职专科,物理类,,,344,278392,
2758,咸宁职业技术学院,2024,安徽,高职专科,物理类,,,358,251993,
2760,咸阳职业技术学院,2024,安徽,高职专科,物理类,,,377,255689,
2762,湘南幼儿师范高等专科学校,2024,安徽,高职专科,物理类,,,335,285447,
2766,襄阳科技职业学院,2024,安徽,高职专科,物理类,,,362,255689,
2767,襄阳汽车职业技术学院,2024,安徽,高职专科,物理类,,,353,248107,
2768,襄阳职业技术学院,2024,安徽,高职专科,物理类,,,441,178711,
2774,新疆和田学院,2024,安徽,高职专科,物理类,,,253,292534,
2775,新疆交通职业技术学院,2024,安徽,高职专科,物理类,,,360,267547,
2776,新疆警察学院,2024,安徽,高职专科,物理类,,,368,268785,
2778,新疆科技职业技术学院,2024,安徽,高职专科,物理类,,,250,300913,
2779,新疆科信职业技术学院,2024,安徽,高职专科,物理类,,,206,308661,
2781,新疆能源职业技术学院,2024,安徽,高职专科,物理类,,,270,303386,
2783,新疆农业职业技术大学,2024,安徽,高职专科,物理类,,,280,291112,
2784,新疆轻工职业技术学院,2024,安徽,高职专科,物理类,,,334,269995,
2787,新疆石河子职业技术学院,2024,安徽,高职专科,物理类,,,325,278392,
2791,新疆应用职业技术学院,2024,安徽,高职专科,物理类,,,316,293552,
2793,新疆职业大学,2024,安徽,高职专科,物理类,,,349,201025,
2798,信阳航空职业学院,2024,安徽,高职专科,物理类,,,267,299340,
2799,信阳农林学院,2024,安徽,高职专科,物理类,,,328,271182,
2800,信阳涉外职业技术学院,2024,安徽,高职专科,物理类,,,209,310431,
2803,信阳职业技术学院,2024,安徽,高职专科,物理类,,,379,251993,
2806,邢台医学院,2024,安徽,高职专科,物理类,,,422,219094,
2809,徐州工业职业技术学院,2024,安徽,高职专科,物理类,,,428,206917,
2810,徐州生物工程职业技术学院,2024,安徽,高职专科,物理类,,,427,195057,
2812,徐州幼儿师范高等专科学校,2024,安徽,高职专科,物理类,,,359,274637,
2814,烟台城市科技职业学院,2024,安徽,高职专科,物理类,,,285,298513,
2816,烟台工程职业技术学院,2024,安徽,高职专科,物理类,,,346,277350,
2817,烟台黄金职业学院,2024,安徽,高职专科,物理类,,,279,290747,
2818,烟台科技学院,2024,安徽,高职专科,物理类,,,273,305029,
2819,烟台理工学院,2024,安徽,高职专科,物理类,,,383,234997,
2820,烟台南山学院,2024,安徽,高职专科,物理类,,,303,291112,
2821,烟台汽车工程职业学院,2024,安徽,高职专科,物理类,,,372,258627,
2823,烟台职业学院,2024,安徽,高职专科,物理类,,,373,266227,
2828,炎黄职业技术学院,2024,安徽,高职专科,物理类,,,246,293552,
2830,盐城工业职业技术学院,2024,安徽,高职专科,物理类,,,393,251993,
2832,盐城幼儿师范高等专科学校,2024,安徽,高职专科,物理类,,,367,222210,
2836,扬州工业职业技术学院,2024,安徽,高职专科,物理类,,,408,234997,
2837,扬州市职业大学,2024,安徽,高职专科,物理类,,,432,208048,
2838,扬州中瑞酒店职业学院,2024,安徽,高职专科,物理类,,,206,309270,
2840,伊春职业学院,2024,安徽,高职专科,物理类,,,401,204502,
2842,伊犁职业技术学院,2024,安徽,高职专科,物理类,,,324,266227,
2844,宜宾职业技术学院,2024,安徽,高职专科,物理类,,,423,225241,
2845,宜昌科技职业学院,2024,安徽,高职专科,物理类,,,335,268173,
2848,宜春职业技术学院,2024,安徽,高职专科,物理类,,,418,225241,
2849,义乌工商职业技术学院,2024,安徽,高职专科,物理类,,,422,206917,
2850,益阳医学高等专科学校,2024,安徽,高职专科,物理类,,,436,203380,
2854,营口职业技术学院,2024,安徽,高职专科,物理类,,,354,272920,
2855,永城职业学院,2024,安徽,高职专科,物理类,,,361,273478,
2857,榆林能源科技职业学院,2024,安徽,高职专科,物理类,,,336,269397,
2862,岳阳职业技术学院,2024,安徽,高职专科,物理类,,,417,204502,
2864,云南财经职业学院,2024,安徽,高职专科,物理类,,,351,278862,
2866,云南工程职业学院,2024,安徽,高职专科,物理类,,,206,310170,
2867,云南工商学院,2024,安徽,高职专科,物理类,,,274,304847,
2868,云南国土资源职业学院,2024,安徽,高职专科,物理类,,,346,281331,
2869,云南交通运输职业学院,2024,安徽,高职专科,物理类,,,340,235951,
2870,云南交通职业技术学院,2024,安徽,高职专科,物理类,,,346,255689,
2871,云南经济管理学院,2024,安徽,高职专科,物理类,,,293,293911,
2872,云南经贸外事职业学院,2024,安徽,高职专科,物理类,,,204,305749,
2874,云南理工职业学院,2024,安徽,高职专科,物理类,,,266,299901,
2875,云南林业职业技术学院,2024,安徽,高职专科,物理类,,,372,254209,
2877,云南能源职业技术学院,2024,安徽,高职专科,物理类,,,336,261507,
2879,云南三鑫职业技术学院,2024,安徽,高职专科,物理类,,,246,309555,
2881,云南新兴职业学院,2024,安徽,高职专科,物理类,,,228,303999,
2882,云南医药健康职业学院,2024,安徽,高职专科,物理类,,,394,220129,
2885,运城护理职业学院,2024,安徽,高职专科,物理类,,,443,203380,
2886,运城师范高等专科学校,2024,安徽,高职专科,物理类,,,355,258627,
2888,运城幼儿师范高等专科学校,2024,安徽,高职专科,物理类,,,339,284615,
2890,枣庄科技职业学院,2024,安徽,高职专科,物理类,,,328,281331,
2892,枣庄职业学院,2024,安徽,高职专科,物理类,,,377,196246,
2893,扎兰屯职业学院,2024,安徽,高职专科,物理类,,,304,285011,
2895,张家界航空工业职业技术学院,2024,安徽,高职专科,物理类,,,419,221175,
2896,张家口学院,2024,安徽,高职专科,物理类,,,461,174784,
2897,漳州城市职业学院,2024,安徽,高职专科,物理类,,,338,246475,
2898,漳州科技职业学院,2024,安徽,高职专科,物理类,,,259,305749,
2899,漳州理工职业学院,2024,安徽,高职专科,物理类,,,275,303143,
2900,漳州卫生职业学院,2024,安徽,高职专科,物理类,,,291,215891,
2901,漳州职业技术学院,2024,安徽,高职专科,物理类,,,389,212616,
2904,肇庆医学院,2024,安徽,高职专科,物理类,,,444,192684,
2907,浙江安防职业技术学院,2024,安徽,高职专科,物理类,,,412,214773,
2913,浙江东方职业技术学院,2024,安徽,高职专科,物理类,,,403,214773,
2915,浙江工贸职业技术学院,2024,安徽,高职专科,物理类,,,449,187754,
2918,浙江工商职业技术学院,2024,安徽,高职专科,物理类,,,438,199830,
2921,浙江工业职业技术学院,2024,安徽,高职专科,物理类,,,429,215891,
2922,浙江广厦建设职业技术大学,2024,安徽,高职专科,物理类,,,312,271182,
2923,浙江国际海运职业技术学院,2024,安徽,高职专科,物理类,,,414,216997,
2926,浙江机电职业技术大学,2024,安徽,高职专科,物理类,,,458,180030,
2927,浙江建设职业技术学院,2024,安徽,高职专科,物理类,,,425,198628,
2928,浙江交通职业技术学院,2024,安徽,高职专科,物理类,,,452,185251,
2929,浙江金融职业学院,2024,安徽,高职专科,物理类,,,461,178711,
2930,浙江经济职业技术学院,2024,安徽,高职专科,物理类,,,448,186471,
2931,浙江经贸职业技术学院,2024,安徽,高职专科,物理类,,,443,182639,
2936,浙江旅游职业学院,2024,安徽,高职专科,物理类,,,431,203380,
2939,浙江汽车职业技术学院,2024,安徽,高职专科,物理类,,,382,258627,
2940,浙江商业职业技术学院,2024,安徽,高职专科,物理类,,,434,199830,
2946,浙江同济科技职业学院,2024,安徽,高职专科,物理类,,,437,190207,
2951,浙江邮电职业技术学院,2024,安徽,高职专科,物理类,,,444,185251,
2956,镇江市高等专科学校,2024,安徽,高职专科,物理类,,,419,215891,
2957,正德职业技术学院,2024,安徽,高职专科,物理类,,,303,291451,
2960,郑州电力高等专科学校,2024,安徽,高职专科,物理类,,,454,185251,
2974,郑州澍青医学高等专科学校,2024,安徽,高职专科,物理类,,,418,183945,
2975,郑州铁路职业技术学院,2024,安徽,高职专科,物理类,,,465,167933,
2976,郑州卫生健康职业学院,2024,安徽,高职专科,物理类,,,418,228261,
2978,郑州医药健康职业学院,2024,安徽,高职专科,物理类,,,360,266926,
2980,郑州职业技术学院,2024,安徽,高职专科,物理类,,,346,279393,
2995,中国民用航空飞行学院,2024,安徽,高职专科,物理类,,,474,163793,
3019,中山火炬职业技术学院,2024,安徽,高职专科,物理类,,,347,274637,
3020,中山职业技术学院,2024,安徽,高职专科,物理类,,,388,241309,
3029,钟山职业技术学院,2024,安徽,高职专科,物理类,,,315,282281,
3032,珠海城市职业技术学院,2024,安徽,高职专科,物理类,,,381,242187,
3035,资阳环境科技职业学院,2024,安徽,高职专科,物理类,,,264,297374,
3036,资阳口腔职业学院,2024,安徽,高职专科,物理类,,,378,262897,
3037,淄博师范高等专科学校,2024,安徽,高职专科,物理类,,,366,268173,
3038,淄博职业学院,2024,安徽,高职专科,物理类,,,426,210338,
3042,遵义医药高等专科学校,2024,安徽,高职专科,物理类,,,441,205675,
3043,遵义职业技术学院,2024,安徽,高职专科,物理类,,,354,252707,
9011,安庆师范大学,2024,安徽,高职专科,物理类,,,439,185251,
9111,淮南师范学院,2024,安徽,高职专科,物理类,,,429,213713,
9116,宿州学院,2024,安徽,高职专科,物理类,,,411,229225,
9301,安徽财贸职业学院,2024,安徽,高职专科,物理类,,,337,227605,
9302,安徽城市管理职业学院,2024,安徽,高职专科,物理类,,,405,208048,
9303,安徽电气工程职业技术学院,2024,安徽,高职专科,物理类,,,442,195057,
9304,安徽电子信息职业技术学院,2024,安徽,高职专科,物理类,,,355,237580,
9305,安徽工贸职业技术学院,2024,安徽,高职专科,物理类,,,336,260019,
9306,安徽工商职业学院,2024,安徽,高职专科,物理类,,,343,222549,
9307,安徽工业经济职业技术学院,2024,安徽,高职专科,物理类,,,372,222227,
9308,安徽工业职业技术学院,2024,安徽,高职专科,物理类,,,356,235170,
9309,安徽公安职业学院,2024,安徽,高职专科,物理类,,,372,243115,
9310,安徽广播影视职业技术学院,2024,安徽,高职专科,物理类,,,372,245544,
9311,安徽国防科技职业学院,2024,安徽,高职专科,物理类,,,362,226005,
9312,安徽国际商务职业学院,2024,安徽,高职专科,物理类,,,270,254830,
9313,安徽黄梅戏艺术职业学院,2024,安徽,高职专科,物理类,,,336,285897,
9314,安徽机电职业技术学院,2024,安徽,高职专科,物理类,,,398,208487,
9315,安徽交通职业技术学院,2024,安徽,高职专科,物理类,,,398,204502,
9317,安徽警官职业学院,2024,安徽,高职专科,物理类,,,370,196246,
9318,安徽矿业职业技术学院,2024,安徽,高职专科,物理类,,,314,287717,
9319,安徽粮食工程职业学院,2024,安徽,高职专科,物理类,,,326,223618,
9320,安徽林业职业技术学院,2024,安徽,高职专科,物理类,,,220,285447,
9322,安徽绿海商务职业学院,2024,安徽,高职专科,物理类,,,257,292288,
9323,安徽汽车职业技术学院,2024,安徽,高职专科,物理类,,,352,243120,
9324,安徽卫生健康职业学院,2024,安徽,高职专科,物理类,,,219,230214,
9325,安徽商贸职业技术学院,2024,安徽,高职专科,物理类,,,418,208048,
9327,安徽审计职业学院,2024,安徽,高职专科,物理类,,,373,241309,
9328,安徽水利水电职业技术学院,2024,安徽,高职专科,物理类,,,414,204135,
9329,安徽体育运动职业技术学院,2024,安徽,高职专科,物理类,,,330,281331,
9331,安徽新闻出版职业技术学院,2024,安徽,高职专科,物理类,,,342,243908,
9332,安徽扬子职业技术学院,2024,安徽,高职专科,物理类,,,277,286004,
9333,安徽冶金科技职业学院,2024,安徽,高职专科,物理类,,,349,259250,
9334,安徽医学高等专科学校,2024,安徽,高职专科,物理类,,,448,177406,
9335,安徽艺术职业学院,2024,安徽,高职专科,物理类,,,180,243039,
9336,安徽邮电职业技术学院,2024,安徽,高职专科,物理类,,,374,229225,
9337,安徽职业技术学院,2024,安徽,高职专科,物理类,,,435,183524,
9338,安徽中澳科技职业学院,2024,安徽,高职专科,物理类,,,311,241309,
9339,安徽中医药高等专科学校,2024,安徽,高职专科,物理类,,,441,165184,
9340,安庆医药高等专科学校,2024,安徽,高职专科,物理类,,,410,206917,
9341,安庆职业技术学院,2024,安徽,高职专科,物理类,,,205,234091,
9343,亳州职业技术学院,2024,安徽,高职专科,物理类,,,325,225241,
9344,池州职业技术学院,2024,安徽,高职专科,物理类,,,336,241309,
9345,滁州城市职业学院,2024,安徽,高职专科,物理类,,,364,242187,
9346,滁州职业技术学院,2024,安徽,高职专科,物理类,,,359,216997,
9347,阜阳科技职业学院,2024,安徽,高职专科,物理类,,,310,283685,
9348,阜阳幼儿师范高等专科学校,2024,安徽,高职专科,物理类,,,200,276816,
9349,阜阳职业技术学院,2024,安徽,高职专科,物理类,,,366,219625,
9352,合肥共达职业技术学院,2024,安徽,高职专科,物理类,,,369,253451,
9354,合肥科技职业学院,2024,安徽,高职专科,物理类,,,292,248015,
9355,合肥通用职业技术学院,2024,安徽,高职专科,物理类,,,378,220129,
9356,合肥信息技术职业学院,2024,安徽,高职专科,物理类,,,261,269108,
9357,合肥幼儿师范高等专科学校,2024,安徽,高职专科,物理类,,,396,206917,
9358,合肥职业技术学院,2024,安徽,高职专科,物理类,,,433,203420,
9359,淮北职业技术学院,2024,安徽,高职专科,物理类,,,309,215780,
9360,淮南联合大学,2024,安徽,高职专科,物理类,,,342,230982,
9361,淮南职业技术学院,2024,安徽,高职专科,物理类,,,317,256091,
9362,黄山职业技术学院,2024,安徽,高职专科,物理类,,,351,244747,
9363,徽商职业学院,2024,安徽,高职专科,物理类,,,336,240408,
9364,六安职业技术学院,2024,安徽,高职专科,物理类,,,332,239636,
9365,马鞍山师范高等专科学校,2024,安徽,高职专科,物理类,,,200,210338,
9366,马鞍山职业技术学院,2024,安徽,高职专科,物理类,,,395,223779,
9367,桐城师范高等专科学校,2024,安徽,高职专科,物理类,,,209,245583,
9368,铜陵职业技术学院,2024,安徽,高职专科,物理类,,,381,208926,
9369,皖北卫生职业学院,2024,安徽,高职专科,物理类,,,235,266926,
9370,皖西卫生职业学院,2024,安徽,高职专科,物理类,,,373,227261,
9372,芜湖职业技术学院,2024,安徽,高职专科,物理类,,,443,179218,
9373,宿州职业技术学院,2024,安徽,高职专科,物理类,,,304,244747,
9374,宣城职业技术学院,2024,安徽,高职专科,物理类,,,339,231526,
9375,黄山健康职业学院,2024,安徽,高职专科,物理类,,,306,267547,
9376,宿州航空职业学院,2024,安徽,高职专科,物理类,,,218,303999,
9377,蚌埠城市轨道交通职业学院,2024,安徽,高职专科,物理类,,,248,304847,
9378,芜湖航空职业学院,2024,安徽,高职专科,物理类,,,200,310014,
9379,芜湖医药健康职业学院,2024,安徽,高职专科,物理类,,,243,302918,
1321,共青科技职业学院,2023,安徽,专科提前批-其他,文科,,,232,145146,
1404,广州民航职业技术学院,2023,安徽,专科提前批-其他,文科,,,304,115762,
1522,河北交通职业技术学院,2023,安徽,专科提前批-其他,文科,,,491,27217,
2153,青岛港湾职业技术学院,2023,安徽,专科提前批-其他,文科,,,333,107444,
2199,三亚航空旅游职业学院,2023,安徽,专科提前批-其他,文科,,,381,83509,
2344,上海民航职业技术学院,2023,安徽,专科提前批-其他,文科,,,261,138533,
2412,石家庄邮电职业技术学院,2023,安徽,专科提前批-其他,文科,,,422,52420,
2520,天津海运职业学院,2023,安徽,专科提前批-其他,文科,,,233,142262,
2615,武汉海事职业学院,2023,安徽,专科提前批-其他,文科,,,230,113754,
2616,武汉航海职业技术学院,2023,安徽,专科提前批-其他,文科,,,201,129343,
2957,中国民航大学,2023,安徽,专科提前批-其他,文科,,,287,109061,
2958,中国民用航空飞行学院,2023,安徽,专科提前批-其他,文科,,,263,131141,
9315,安徽交通职业技术学院,2023,安徽,专科提前批-其他,文科,,,228,143318,
9339,安徽中医药高等专科学校,2023,安徽,专科提前批-农村订单定向免费医学生,文科,,,438,24085,
9343,亳州职业技术学院,2023,安徽,专科提前批-农村订单定向免费医学生,文科,,,437,43593,
9362,黄山职业技术学院,2023,安徽,专科提前批-农村订单定向免费医学生,文科,,,439,26312,
9370,皖西卫生职业学院,2023,安徽,专科提前批-农村订单定向免费医学生,文科,,,436,29041,
9309,安徽公安职业学院,2023,安徽,专科提前批-司法,文科,,,479,17080,
9317,安徽警官职业学院,2023,安徽,专科提前批-司法,文科,,,425,49990,
9320,安徽林业职业技术学院,2023,安徽,专科提前批-基层农技推广人才定向,文科,,,462,21924,
9372,芜湖职业技术学院,2023,安徽,专科提前批-基层农技推广人才定向,文科,,,466,33771,
1112,长沙航空职业技术学院,2023,安徽,专科提前批-定向培养军士,文科,,,408,62715,
1140,成都航空职业技术学院,2023,安徽,专科提前批-定向培养军士,文科,,,386,72742,
1177,重庆机电职业技术大学,2023,安徽,专科提前批-定向培养军士,文科,,,344,88827,
1198,重庆医药高等专科学校,2023,安徽,专科提前批-定向培养军士,文科,,,438,48469,
1557,河南交通职业技术学院,2023,安徽,专科提前批-定向培养军士,文科,,,359,79988,
1570,河南医学高等专科学校,2023,安徽,专科提前批-定向培养军士,文科,,,387,79988,
1630,湖北交通职业技术学院,2023,安徽,专科提前批-定向培养军士,文科,,,362,89436,
1676,湖南国防工业职业技术学院,2023,安徽,专科提前批-定向培养军士,文科,,,359,96667,
1701,湖南体育职业学院,2023,安徽,专科提前批-定向培养军士,文科,,,347,103562,
1809,江苏海事职业技术学院,2023,安徽,专科提前批-定向培养军士,文科,,,300,94268,
1840,江西航空职业技术学院,2023,安徽,专科提前批-定向培养军士,文科,,,341,72227,
1868,江西信息应用职业技术学院,2023,安徽,专科提前批-定向培养军士,文科,,,347,88220,
2079,南京信息职业技术学院,2023,安徽,专科提前批-定向培养军士,文科,,,378,44578,
2252,山东信息职业技术学院,2023,安徽,专科提前批-定向培养军士,文科,,,342,69034,
2495,泰山职业技术学院,2023,安徽,专科提前批-定向培养军士,文科,,,342,101335,
2565,潍坊工程职业学院,2023,安徽,专科提前批-定向培养军士,文科,,,346,51905,
2599,武昌职业学院,2023,安徽,专科提前批-定向培养军士,文科,,,310,52420,
2603,武汉船舶职业技术学院,2023,安徽,专科提前批-定向培养军士,文科,,,350,101879,
2618,武汉交通职业学院,2023,安徽,专科提前批-定向培养军士,文科,,,349,60615,
2857,张家界航空工业职业技术学院,2023,安徽,专科提前批-定向培养军士,文科,,,359,87603,
2889,浙江建设职业技术学院,2023,安徽,专科提前批-定向培养军士,文科,,,363,91182,
2890,浙江交通职业技术学院,2023,安徽,专科提前批-定向培养军士,文科,,,295,85890,
9315,安徽交通职业技术学院,2023,安徽,专科提前批-定向培养军士,文科,,,350,77133,
9349,阜阳职业技术学院,2023,安徽,专科提前批-定向培养军士,文科,,,378,80600,
1029,北京大学,2023,安徽,国家专项计划,文科,,,646,24,
1055,北京林业大学,2023,安徽,国家专项计划,文科,,,582,2580,
1060,北京师范大学,2023,安徽,国家专项计划,文科,,,619,466,
1064,北京体育大学,2023,安徽,国家专项计划,文科,,,560,4100,
1065,北京外国语大学,2023,安徽,国家专项计划,文科,,,595,783,
1074,北京语言大学,2023,安徽,国家专项计划,文科,,,561,5264,
1163,重庆大学,2023,安徽,国家专项计划,文科,,,606,971,
1224,大连民族大学,2023,安徽,国家专项计划,文科,,,487,28600,
1247,东北财经大学,2023,安徽,国家专项计划,文科,,,554,3841,
1252,东北农业大学,2023,安徽,国家专项计划,文科,,,561,5118,
1253,东北师范大学,2023,安徽,国家专项计划,文科,,,579,2223,
1259,东南大学,2023,安徽,国家专项计划,文科,,,611,711,
1263,对外经济贸易大学,2023,安徽,国家专项计划,文科,,,596,1197,
1281,福建师范大学,2023,安徽,国家专项计划,文科,,,554,6414,
1302,复旦大学,2023,安徽,国家专项计划,文科,,,633,187,
1332,广东工业大学,2023,安徽,国家专项计划,文科,,,536,10501,
1546,河海大学,2023,安徽,国家专项计划,文科,,,585,2065,
1584,黑龙江大学,2023,安徽,国家专项计划,文科,,,548,7637,
1717,华北电力大学(保定),2023,安徽,国家专项计划,文科,,,571,3841,
1718,华北电力大学(北京),2023,安徽,国家专项计划,文科,,,583,2496,
1725,华东理工大学,2023,安徽,国家专项计划,文科,,,579,2065,
1726,华东师范大学,2023,安徽,国家专项计划,文科,,,600,679,
1727,华东政法大学,2023,安徽,国家专项计划,文科,,,590,1495,
1732,华侨大学,2023,安徽,国家专项计划,文科,,,529,10501,
1735,华中师范大学,2023,安徽,国家专项计划,文科,,,586,1890,
1751,吉林大学,2023,安徽,国家专项计划,文科,,,609,746,
1773,集美大学,2023,安徽,国家专项计划,文科,,,559,5594,
1775,济南大学,2023,安徽,国家专项计划,文科,,,553,6070,
1784,暨南大学,2023,安徽,国家专项计划,文科,,,585,1752,
2022,闽南师范大学,2023,安徽,国家专项计划,文科,,,504,21506,
2051,南京大学,2023,安徽,国家专项计划,文科,,,627,244,
2068,南京审计大学,2023,安徽,国家专项计划,文科,,,568,4225,
2070,南京师范大学,2023,安徽,国家专项计划,文科,,,592,1313,
2086,南开大学,2023,安徽,国家专项计划,文科,,,617,414,
2090,南通大学,2023,安徽,国家专项计划,文科,,,548,7637,
2168,清华大学,2023,安徽,国家专项计划,文科,,,645,64,
2209,山东大学,2023,安徽,国家专项计划,文科,,,607,838,
2210,山东大学威海分校,2023,安徽,国家专项计划,文科,,,593,924,
2241,山东师范大学,2023,安徽,国家专项计划,文科,,,548,7234,
2296,陕西师范大学,2023,安徽,国家专项计划,文科,,,581,1975,
2335,上海交通大学,2023,安徽,国家专项计划,文科,,,638,103,
2342,上海立信会计金融学院,2023,安徽,国家专项计划,文科,,,536,4968,
2357,上海外国语大学,2023,安徽,国家专项计划,文科,,,592,1053,
2424,四川大学,2023,安徽,国家专项计划,文科,,,599,783,
2460,苏州大学,2023,安徽,国家专项计划,文科,,,599,1313,
2531,天津商业大学,2023,安徽,国家专项计划,文科,,,543,8260,
2562,外交学院,2023,安徽,国家专项计划,文科,,,591,1617,
2604,武汉大学,2023,安徽,国家专项计划,文科,,,626,320,
2657,西安交通大学,2023,安徽,国家专项计划,文科,,,609,838,
2682,西北工业大学,2023,安徽,国家专项计划,文科,,,591,1818,
2683,西北民族大学,2023,安徽,国家专项计划,文科,,,498,22354,
2695,西南财经大学,2023,安徽,国家专项计划,文科,,,589,1438,
2698,西南大学,2023,安徽,国家专项计划,文科,,,564,4100,
2699,西南交通大学,2023,安徽,国家专项计划,文科,,,585,1752,
2709,厦门大学,2023,安徽,国家专项计划,文科,,,622,320,
2798,扬州大学,2023,安徽,国家专项计划,文科,,,566,4505,
2873,浙江大学,2023,安徽,国家专项计划,文科,,,628,221,
2945,中国传媒大学,2023,安徽,国家专项计划,文科,,,590,1438,
2952,中国矿业大学,2023,安徽,国家专项计划,文科,,,576,2680,
2955,中国劳动关系学院,2023,安徽,国家专项计划,文科,,,500,12445,
2960,中国人民大学,2023,安徽,国家专项计划,文科,,,635,86,
2964,中国社会科学院大学,2023,安徽,国家专项计划,文科,,,587,2065,
2974,中国政法大学,2023,安徽,国家专项计划,文科,,,600,578,
2975,中华女子学院,2023,安徽,国家专项计划,文科,,,507,19422,
2976,中南财经政法大学,2023,安徽,国家专项计划,文科,,,591,1053,
2977,中南大学,2023,安徽,国家专项计划,文科,,,605,924,
2981,中山大学,2023,安徽,国家专项计划,文科,,,614,442,
2984,中央财经大学,2023,安徽,国家专项计划,文科,,,598,1197,
9001,安徽大学,2023,安徽,国家专项计划,文科,,,563,2580,
9002,安徽财经大学,2023,安徽,国家专项计划,文科,,,533,7420,
9004,安徽工业大学,2023,安徽,国家专项计划,文科,,,526,10745,
9005,安徽建筑大学,2023,安徽,国家专项计划,文科,,,526,9971,
9006,安徽理工大学,2023,安徽,国家专项计划,文科,,,531,11282,
9008,安徽师范大学,2023,安徽,国家专项计划,文科,,,541,4361,
9009,安徽医科大学,2023,安徽,国家专项计划,文科,,,517,13988,
9010,安徽中医药大学,2023,安徽,国家专项计划,文科,,,505,14316,
9011,安庆师范大学,2023,安徽,国家专项计划,文科,,,505,13660,
9012,淮北师范大学,2023,安徽,国家专项计划,文科,,,501,12755,
9107,滁州学院,2023,安徽,国家专项计划,文科,,,500,21080,
9108,阜阳师范大学,2023,安徽,国家专项计划,文科,,,500,20260,
9109,合肥师范学院,2023,安徽,国家专项计划,文科,,,502,21080,
9111,淮南师范学院,2023,安徽,国家专项计划,文科,,,500,21080,
9115,皖西学院,2023,安徽,国家专项计划,文科,,,500,22765,
9001,安徽大学,2023,安徽,地方专项计划,文科,,,563,2580,
9002,安徽财经大学,2023,安徽,地方专项计划,文科,,,536,7845,
9004,安徽工业大学,2023,安徽,地方专项计划,文科,,,526,10997,
9005,安徽建筑大学,2023,安徽,地方专项计划,文科,,,527,9971,
9006,安徽理工大学,2023,安徽,地方专项计划,文科,,,531,11863,
9008,安徽师范大学,2023,安徽,地方专项计划,文科,,,541,4664,
9009,安徽医科大学,2023,安徽,地方专项计划,文科,,,518,13988,
9010,安徽中医药大学,2023,安徽,地方专项计划,文科,,,505,17080,
9011,安庆师范大学,2023,安徽,地方专项计划,文科,,,505,15632,
9012,淮北师范大学,2023,安徽,地方专项计划,文科,,,501,12755,
9107,滁州学院,2023,安徽,地方专项计划,文科,,,500,21080,
9108,阜阳师范大学,2023,安徽,地方专项计划,文科,,,500,20260,
9109,合肥师范学院,2023,安徽,地方专项计划,文科,,,502,21080,
9111,淮南师范学院,2023,安徽,地方专项计划,文科,,,500,21080,
9115,皖西学院,2023,安徽,地方专项计划,文科,,,500,22765,
1001,安康学院,2023,安徽,本科批,文科,,,477,33771,
1003,安阳工学院,2023,安徽,本科批,文科,,,473,34731,
1004,安阳师范学院,2023,安徽,本科批,文科,,,492,25881,
1007,鞍山师范学院,2023,安徽,本科批,文科,,,468,32811,
1010,白城师范学院,2023,安徽,本科批,文科,,,438,34731,
1017,宝鸡文理学院,2023,安徽,本科批,文科,,,475,31375,
1021,保定学院,2023,安徽,本科批,文科,,,448,28146,
1022,北部湾大学,2023,安徽,本科批,文科,,,488,28146,
1024,北方民族大学,2023,安徽,本科批,文科,,,491,27217,
1025,北海艺术设计学院,2023,安徽,本科批,文科,,,440,40639,
1026,北华大学,2023,安徽,本科批,文科,,,464,24538,
1027,北华航天工业学院,2023,安徽,本科批,文科,,,469,29980,
1028,北京城市学院,2023,安徽,本科批,文科,,,481,31876,
1029,北京大学,2023,安徽,本科批,文科,,,648,22,
1031,北京第二外国语学院,2023,安徽,本科批,文科,,,505,2680,
1035,北京服装学院,2023,安徽,本科批,文科,,,449,24968,
1036,北京工商大学,2023,安徽,本科批,文科,,,553,6070,
1040,北京航空航天大学,2023,安徽,本科批,文科,,,615,617,
1041,北京化工大学,2023,安徽,本科批,文科,,,578,2314,
1043,北京交通大学,2023,安徽,本科批,文科,,,573,1255,
1049,北京科技大学,2023,安徽,本科批,文科,,,590,1752,
1050,北京科技大学天津学院,2023,安徽,本科批,文科,,,453,39145,
1052,北京理工大学,2023,安徽,本科批,文科,,,607,924,
1053,北京理工大学珠海学院,2023,安徽,本科批,文科,,,478,30926,
1054,北京联合大学,2023,安徽,本科批,文科,,,495,20675,
1055,北京林业大学,2023,安徽,本科批,文科,,,578,2680,
1056,北京农学院,2023,安徽,本科批,文科,,,449,27217,
1060,北京师范大学,2023,安徽,本科批,文科,,,625,176,
1061,北京师范大学,2023,安徽,本科批,文科,,,609,838,
1062,北京师范大学-香港浸会大学联合国际学院,2023,安徽,本科批,文科,,,522,12755,
1063,北京石油化工学院,2023,安徽,本科批,文科,,,488,25881,
1064,北京体育大学,2023,安徽,本科批,文科,,,517,2314,
1065,北京外国语大学,2023,安徽,本科批,文科,,,592,924,
1067,北京物资学院,2023,安徽,本科批,文科,,,518,12445,
1069,北京信息科技大学,2023,安徽,本科批,文科,,,549,7420,
1071,北京印刷学院,2023,安徽,本科批,文科,,,526,9227,
1072,北京邮电大学,2023,安徽,本科批,文科,,,587,1617,
1074,北京语言大学,2023,安徽,本科批,文科,,,568,2874,
1076,北京中医药大学,2023,安徽,本科批,文科,,,582,617,
1077,北京中医药大学东方学院,2023,安徽,本科批,文科,,,470,35695,
1079,山东航空学院,2023,安徽,本科批,文科,,,459,42635,
1080,滨州医学院,2023,安徽,本科批,文科,,,496,24538,
1083,渤海大学,2023,安徽,本科批,文科,,,440,24968,
1085,沧州师范学院,2023,安徽,本科批,文科,,,486,27217,
1087,昌吉学院,2023,安徽,本科批,文科,,,465,36684,
1088,长安大学,2023,安徽,本科批,文科,,,569,3000,
1090,长春财经学院,2023,安徽,本科批,文科,,,446,43100,
1091,长春大学,2023,安徽,本科批,文科,,,492,24085,
1092,长春大学旅游学院,2023,安徽,本科批,文科,,,432,53923,
1095,长春工业大学,2023,安徽,本科批,文科,,,480,25881,
1096,长春工业大学人文信息学院,2023,安徽,本科批,文科,,,440,45073,
1097,长春建筑学院,2023,安徽,本科批,文科,,,438,52940,
1099,长春科技学院,2023,安徽,本科批,文科,,,439,41118,
1100,长春理工大学,2023,安徽,本科批,文科,,,509,14316,
1101,长春人文学院,2023,安徽,本科批,文科,,,467,38661,
1102,长春师范大学,2023,安徽,本科批,文科,,,439,24968,
1106,长江大学,2023,安徽,本科批,文科,,,533,9727,
1107,长江大学文理学院,2023,安徽,本科批,文科,,,460,42113,
1109,长江师范学院,2023,安徽,本科批,文科,,,493,26312,
1114,长沙理工大学,2023,安徽,本科批,文科,,,540,8514,
1115,长沙理工大学城南学院,2023,安徽,本科批,文科,,,471,36189,
1119,长沙师范学院,2023,安徽,本科批,文科,,,494,25881,
1121,长沙学院,2023,安徽,本科批,文科,,,499,22765,
1122,长沙医学院,2023,安徽,本科批,文科,,,487,29041,
1124,长治学院,2023,安徽,本科批,文科,,,475,23652,
1126,常熟理工学院,2023,安徽,本科批,文科,,,495,23202,
1127,常州大学,2023,安徽,本科批,文科,,,532,7845,
1128,常州大学怀德学院,2023,安徽,本科批,文科,,,468,37691,
1131,常州工学院,2023,安徽,本科批,文科,,,444,49990,
1136,成都大学,2023,安徽,本科批,文科,,,497,12755,
1137,成都东软学院,2023,安徽,本科批,文科,,,461,37216,
1141,成都锦城学院,2023,安徽,本科批,文科,,,470,34731,
1142,成都理工大学,2023,安徽,本科批,文科,,,459,5412,
1143,成都理工大学工程技术学院,2023,安徽,本科批,文科,,,465,39145,
1145,成都师范学院,2023,安徽,本科批,文科,,,497,23652,
1148,成都信息工程大学,2023,安徽,本科批,文科,,,506,9481,
1151,成都银杏酒店管理学院,2023,安徽,本科批,文科,,,451,46496,
1152,成都中医药大学,2023,安徽,本科批,文科,,,541,5264,
1154,承德医学院,2023,安徽,本科批,文科,,,504,21506,
1157,重庆财经学院,2023,安徽,本科批,文科,,,471,32811,
1163,重庆大学,2023,安徽,本科批,文科,,,591,1007,
1164,重庆第二师范学院,2023,安徽,本科批,文科,,,439,22765,
1168,重庆对外经贸学院,2023,安徽,本科批,文科,,,468,37216,
1169,重庆工程学院,2023,安徽,本科批,文科,,,451,46496,
1171,重庆工商大学,2023,安徽,本科批,文科,,,480,8514,
1172,重庆工商大学派斯学院,2023,安徽,本科批,文科,,,463,37216,
1181,重庆交通大学,2023,安徽,本科批,文科,,,503,11563,
1184,重庆理工大学,2023,安徽,本科批,文科,,,494,24968,
1188,重庆人文科技学院,2023,安徽,本科批,文科,,,471,36684,
1189,重庆三峡学院,2023,安徽,本科批,文科,,,493,22765,
1192,重庆师范大学,2023,安徽,本科批,文科,,,544,7637,
1194,重庆外语外事学院,2023,安徽,本科批,文科,,,468,36684,
1195,重庆文理学院,2023,安徽,本科批,文科,,,447,41624,
1199,重庆移通学院,2023,安徽,本科批,文科,,,447,48469,
1201,重庆邮电大学,2023,安徽,本科批,文科,,,546,7637,
1205,楚雄师范学院,2023,安徽,本科批,文科,,,472,35217,
1207,川北医学院,2023,安徽,本科批,文科,,,454,45073,
1209,大理大学,2023,安徽,本科批,文科,,,493,23652,
1210,大连财经学院,2023,安徽,本科批,文科,,,456,42635,
1211,大连大学,2023,安徽,本科批,文科,,,498,13660,
1212,大连东软信息学院,2023,安徽,本科批,文科,,,429,52420,
1215,大连工业大学艺术与信息工程学院,2023,安徽,本科批,文科,,,433,51905,
1216,大连海事大学,2023,安徽,本科批,文科,,,573,2874,
1217,大连海洋大学,2023,安徽,本科批,文科,,,467,29508,
1219,大连交通大学,2023,安徽,本科批,文科,,,494,25881,
1223,大连理工大学城市学院,2023,安徽,本科批,文科,,,449,42635,
1224,大连民族大学,2023,安徽,本科批,文科,,,493,25413,
1227,大连外国语大学,2023,安徽,本科批,文科,,,521,12445,
1229,大连医科大学中山学院,2023,安徽,本科批,文科,,,454,41624,
1230,大连艺术学院,2023,安徽,本科批,文科,,,427,58005,
1233,大庆师范学院,2023,安徽,本科批,文科,,,472,34731,
1241,德州学院,2023,安徽,本科批,文科,,,492,26739,
1243,电子科技大学,2023,安徽,本科批,文科,,,594,1197,
1245,电子科技大学成都学院,2023,安徽,本科批,文科,,,467,38661,
1246,电子科技大学中山学院,2023,安徽,本科批,文科,,,438,45558,
1247,东北财经大学,2023,安徽,本科批,文科,,,516,3000,
1248,东北大学,2023,安徽,本科批,文科,,,588,1676,
1250,东北电力大学,2023,安徽,本科批,文科,,,491,25881,
1251,东北林业大学,2023,安徽,本科批,文科,,,559,4664,
1252,东北农业大学,2023,安徽,本科批,文科,,,557,5264,
1253,东北师范大学,2023,安徽,本科批,文科,,,561,1197,
1254,东北石油大学,2023,安徽,本科批,文科,,,522,12755,
1257,东华大学,2023,安徽,本科批,文科,,,513,1752,
1258,东华理工大学,2023,安徽,本科批,文科,,,512,17451,
1259,东南大学,2023,安徽,本科批,文科,,,617,554,
1260,东南大学成贤学院,2023,安徽,本科批,文科,,,471,29980,
1263,对外经济贸易大学,2023,安徽,本科批,文科,,,607,659,
1266,防灾科技学院,2023,安徽,本科批,文科,,,446,26739,
1272,福建技术师范学院,2023,安徽,本科批,文科,,,473,34257,
1273,福建江夏学院,2023,安徽,本科批,文科,,,490,24968,
1274,福建警察学院,2023,安徽,本科批,文科,,,497,24538,
1276,福建农林大学,2023,安徽,本科批,文科,,,453,20260,
1277,福建农林大学金山学院,2023,安徽,本科批,文科,,,445,39657,
1279,福建商学院,2023,安徽,本科批,文科,,,446,27217,
1281,福建师范大学,2023,安徽,本科批,文科,,,563,4811,
1282,福建师范大学协和学院,2023,安徽,本科批,文科,,,469,35695,
1288,福建中医药大学,2023,安徽,本科批,文科,,,509,15306,
1289,福州大学,2023,安徽,本科批,文科,,,584,2419,
1290,福州大学至诚学院,2023,安徽,本科批,文科,,,468,36684,
1291,福州工商学院,2023,安徽,本科批,文科,,,450,45558,
1296,福州外语外贸学院,2023,安徽,本科批,文科,,,440,48000,
1302,复旦大学,2023,安徽,本科批,文科,,,628,53,
1306,甘肃民族师范学院,2023,安徽,本科批,文科,,,467,38661,
1310,甘肃政法大学,2023,安徽,本科批,文科,,,476,8060,
1312,赣东学院,2023,安徽,本科批,文科,,,474,32811,
1313,赣南科技学院,2023,安徽,本科批,文科,,,478,30926,
1314,赣南师范大学,2023,安徽,本科批,文科,,,443,28600,
1315,赣南师范大学科技学院,2023,安徽,本科批,文科,,,471,35695,
1317,赣南医科大学,2023,安徽,本科批,文科,,,475,30926,
1322,广东白云学院,2023,安徽,本科批,文科,,,449,45558,
1324,广东财经大学,2023,安徽,本科批,文科,,,552,6238,
1328,广东东软学院,2023,安徽,本科批,文科,,,430,50470,
1332,广东工业大学,2023,安徽,本科批,文科,,,536,9227,
1336,广东技术师范大学,2023,安徽,本科批,文科,,,503,21506,
1339,广东金融学院,2023,安徽,本科批,文科,,,508,16697,
1341,广东科技学院,2023,安徽,本科批,文科,,,443,50470,
1347,广东培正学院,2023,安徽,本科批,文科,,,453,44095,
1349,广东石油化工学院,2023,安徽,本科批,文科,,,479,29041,
1354,广东外语外贸大学,2023,安徽,本科批,文科,,,552,3974,
1355,广东外语外贸大学南国商学院,2023,安徽,本科批,文科,,,448,45073,
1365,广西财经学院,2023,安徽,本科批,文科,,,450,26312,
1373,广西科技大学,2023,安徽,本科批,文科,,,480,31876,
1376,广西民族大学,2023,安徽,本科批,文科,,,486,26739,
1377,广西民族大学相思湖学院,2023,安徽,本科批,文科,,,464,37691,
1378,广西师范大学,2023,安徽,本科批,文科,,,522,9727,
1381,广西外国语学院,2023,安徽,本科批,文科,,,440,45558,
1383,广西艺术学院,2023,安徽,本科批,文科,,,466,35695,
1386,广西中医药大学,2023,安徽,本科批,文科,,,503,17814,
1387,广西中医药大学赛恩斯新医药学院,2023,安徽,本科批,文科,,,467,37691,
1390,广州城市理工学院,2023,安徽,本科批,文科,,,441,40639,
1391,广州大学,2023,安徽,本科批,文科,,,559,5118,
1394,广州工商学院,2023,安徽,本科批,文科,,,441,49500,
1397,广州华立学院,2023,安徽,本科批,文科,,,473,35695,
1402,广州理工学院,2023,安徽,本科批,文科,,,440,51905,
1405,广州南方学院,2023,安徽,本科批,文科,,,454,41624,
1407,广州软件学院,2023,安徽,本科批,文科,,,423,56466,
1408,广州商学院,2023,安徽,本科批,文科,,,450,40165,
1413,广州新华学院,2023,安徽,本科批,文科,,,455,41624,
1414,广州医科大学,2023,安徽,本科批,文科,,,549,7034,
1415,广州应用科技学院,2023,安徽,本科批,文科,,,448,48000,
1416,广州中医药大学,2023,安徽,本科批,文科,,,548,4361,
1419,贵阳康养职业大学,2023,安徽,本科批,文科,,,472,36189,
1421,贵州财经大学,2023,安徽,本科批,文科,,,494,19422,
1422,贵州大学,2023,安徽,本科批,文科,,,518,5264,
1424,贵州工程应用技术学院,2023,安徽,本科批,文科,,,470,36189,
1429,贵州黔南科技学院,2023,安徽,本科批,文科,,,446,49010,
1430,贵州商学院,2023,安徽,本科批,文科,,,455,36189,
1432,贵州师范学院,2023,安徽,本科批,文科,,,485,29980,
1434,贵州中医药大学,2023,安徽,本科批,文科,,,517,16342,
1435,桂林电子科技大学,2023,安徽,本科批,文科,,,510,13988,
1436,桂林航天工业学院,2023,安徽,本科批,文科,,,463,40639,
1437,桂林理工大学,2023,安徽,本科批,文科,,,465,21506,
1438,桂林旅游学院,2023,安徽,本科批,文科,,,472,36189,
1441,桂林信息科技学院,2023,安徽,本科批,文科,,,440,49990,
1442,桂林学院,2023,安徽,本科批,文科,,,464,37216,
1443,桂林医学院,2023,安徽,本科批,文科,,,492,26739,
1448,哈尔滨工程大学,2023,安徽,本科批,文科,,,566,3974,
1449,哈尔滨工业大学,2023,安徽,本科批,文科,,,599,1053,
1450,哈尔滨工业大学(深圳),2023,安徽,本科批,文科,,,603,924,
1451,哈尔滨工业大学(威海),2023,安徽,本科批,文科,,,592,1752,
1453,哈尔滨华德学院,2023,安徽,本科批,文科,,,429,57483,
1454,哈尔滨剑桥学院,2023,安徽,本科批,文科,,,435,51905,
1455,哈尔滨金融学院,2023,安徽,本科批,文科,,,442,31375,
1458,哈尔滨商业大学,2023,安徽,本科批,文科,,,481,17080,
1459,哈尔滨师范大学,2023,安徽,本科批,文科,,,444,28600,
1460,哈尔滨石油学院,2023,安徽,本科批,文科,,,442,50964,
1461,哈尔滨体育学院,2023,安徽,本科批,文科,,,468,38167,
1463,哈尔滨学院,2023,安徽,本科批,文科,,,478,28600,
1464,哈尔滨医科大学,2023,安徽,本科批,文科,,,506,12156,
1469,海口经济学院,2023,安徽,本科批,文科,,,442,49010,
1470,海南大学,2023,安徽,本科批,文科,,,515,3362,
1474,海南科技职业大学,2023,安徽,本科批,文科,,,440,49990,
1475,海南热带海洋学院,2023,安徽,本科批,文科,,,458,30926,
1477,海南师范大学,2023,安徽,本科批,文科,,,530,10745,
1481,海南医科大学,2023,安徽,本科批,文科,,,490,26312,
1485,邯郸学院,2023,安徽,本科批,文科,,,487,29041,
1488,汉江师范学院,2023,安徽,本科批,文科,,,490,26739,
1489,汉口学院,2023,安徽,本科批,文科,,,472,34731,
1494,杭州师范大学,2023,安徽,本科批,文科,,,553,5264,
1498,合肥工业大学,2023,安徽,本科批,文科,,,573,2770,
1499,合肥工业大学,2023,安徽,本科批,文科,,,567,3841,
1505,河北大学,2023,安徽,本科批,文科,,,508,7034,
1506,河北地质大学,2023,安徽,本科批,文科,,,443,24085,
1507,河北地质大学华信学院,2023,安徽,本科批,文科,,,464,39657,
1508,河北东方学院,2023,安徽,本科批,文科,,,457,42113,
1511,河北工程大学科信学院,2023,安徽,本科批,文科,,,470,35217,
1512,河北工程技术学院,2023,安徽,本科批,文科,,,456,43593,
1518,河北环境工程学院,2023,安徽,本科批,文科,,,468,35217,
1521,河北建筑工程学院,2023,安徽,本科批,文科,,,436,36189,
1523,河北金融学院,2023,安徽,本科批,文科,,,463,29041,
1524,河北经贸大学,2023,安徽,本科批,文科,,,476,24085,
1528,河北科技学院,2023,安徽,本科批,文科,,,451,46496,
1535,河北师范大学,2023,安徽,本科批,文科,,,504,9227,
1540,河北外国语学院,2023,安徽,本科批,文科,,,453,45558,
1544,河北中医药大学,2023,安徽,本科批,文科,,,510,18194,
1545,河池学院,2023,安徽,本科批,文科,,,471,36189,
1546,河海大学,2023,安徽,本科批,文科,,,585,1438,
1547,河南财经政法大学,2023,安徽,本科批,文科,,,538,7845,
1548,河南财政金融学院,2023,安徽,本科批,文科,,,451,29041,
1550,河南城建学院,2023,安徽,本科批,文科,,,465,39657,
1551,河南大学,2023,安徽,本科批,文科,,,503,4968,
1552,河南工程学院,2023,安徽,本科批,文科,,,461,28146,
1554,河南工业大学,2023,安徽,本科批,文科,,,438,10745,
1559,河南开封科技传媒学院,2023,安徽,本科批,文科,,,463,39657,
1560,河南科技大学,2023,安徽,本科批,文科,,,497,12156,
1561,河南科技学院,2023,安徽,本科批,文科,,,490,25413,
1562,河南理工大学,2023,安徽,本科批,文科,,,503,15987,
1563,河南牧业经济学院,2023,安徽,本科批,文科,,,473,31876,
1564,河南农业大学,2023,安徽,本科批,文科,,,448,25881,
1566,河南师范大学,2023,安徽,本科批,文科,,,531,9971,
1572,河南中医药大学,2023,安徽,本科批,文科,,,465,17814,
1573,河西学院,2023,安徽,本科批,文科,,,472,35217,
1576,菏泽学院,2023,安徽,本科批,文科,,,480,29980,
1581,黑河学院,2023,安徽,本科批,文科,,,439,35217,
1582,黑龙江八一农垦大学,2023,安徽,本科批,文科,,,476,29980,
1584,黑龙江大学,2023,安徽,本科批,文科,,,543,7845,
1585,黑龙江东方学院,2023,安徽,本科批,文科,,,429,55417,
1586,黑龙江工程学院,2023,安徽,本科批,文科,,,447,46033,
1587,黑龙江工程学院昆仑旅游学院,2023,安徽,本科批,文科,,,441,49990,
1588,黑龙江工业学院,2023,安徽,本科批,文科,,,471,35217,
1592,黑龙江科技大学,2023,安徽,本科批,文科,,,446,26739,
1604,黑龙江外国语学院,2023,安徽,本科批,文科,,,440,51905,
1608,黑龙江中医药大学,2023,安徽,本科批,文科,,,485,16342,
1609,衡水学院,2023,安徽,本科批,文科,,,473,34257,
1611,衡阳师范学院,2023,安徽,本科批,文科,,,494,19823,
1612,衡阳师范学院南岳学院,2023,安徽,本科批,文科,,,465,39657,
1613,红河学院,2023,安徽,本科批,文科,,,473,35217,
1615,呼伦贝尔学院,2023,安徽,本科批,文科,,,468,38167,
1617,湖北大学,2023,安徽,本科批,文科,,,512,5751,
1618,湖北大学知行学院,2023,安徽,本科批,文科,,,473,34257,
1619,湖北第二师范学院,2023,安徽,本科批,文科,,,488,26312,
1620,湖北恩施学院,2023,安徽,本科批,文科,,,465,38167,
1621,湖北工程学院,2023,安徽,本科批,文科,,,489,24085,
1622,湖北工程学院新技术学院,2023,安徽,本科批,文科,,,466,38661,
1624,湖北工业大学,2023,安徽,本科批,文科,,,507,12156,
1625,湖北工业大学工程技术学院,2023,安徽,本科批,文科,,,461,41118,
1631,湖北经济学院,2023,安徽,本科批,文科,,,491,17814,
1632,湖北经济学院法商学院,2023,安徽,本科批,文科,,,453,40639,
1633,湖北警官学院,2023,安徽,本科批,文科,,,495,25413,
1635,湖北科技学院,2023,安徽,本科批,文科,,,444,27217,
1637,湖北理工学院,2023,安徽,本科批,文科,,,477,32811,
1639,湖北民族大学,2023,安徽,本科批,文科,,,490,22765,
1640,湖北汽车工业学院,2023,安徽,本科批,文科,,,485,29508,
1642,湖北商贸学院,2023,安徽,本科批,文科,,,456,44095,
1645,湖北师范大学,2023,安徽,本科批,文科,,,502,19002,
1646,湖北师范大学文理学院,2023,安徽,本科批,文科,,,469,35217,
1649,湖北文理学院,2023,安徽,本科批,文科,,,479,25881,
1650,湖北文理学院理工学院,2023,安徽,本科批,文科,,,464,40165,
1651,湖北医药学院,2023,安徽,本科批,文科,,,484,29508,
1656,湖北中医药大学,2023,安徽,本科批,文科,,,504,14316,
1660,湖南财政经济学院,2023,安徽,本科批,文科,,,446,21080,
1662,湖南城市学院,2023,安徽,本科批,文科,,,442,26739,
1663,湖南大学,2023,安徽,本科批,文科,,,605,746,
1665,湖南第一师范学院,2023,安徽,本科批,文科,,,508,19002,
1668,湖南工程学院,2023,安徽,本科批,文科,,,477,31375,
1670,湖南工商大学,2023,安徽,本科批,文科,,,519,8748,
1671,湖南工学院,2023,安徽,本科批,文科,,,481,28600,
1672,湖南工业大学,2023,安徽,本科批,文科,,,506,7420,
1680,湖南科技大学,2023,安徽,本科批,文科,,,504,7420,
1681,湖南科技大学潇湘学院,2023,安徽,本科批,文科,,,456,38167,
1682,湖南科技学院,2023,安徽,本科批,文科,,,487,28600,
1685,湖南理工学院,2023,安徽,本科批,文科,,,460,25413,
1686,湖南理工学院南湖学院,2023,安徽,本科批,文科,,,474,34731,
1687,湖南农业大学,2023,安徽,本科批,文科,,,449,16697,
1688,湖南农业大学东方科技学院,2023,安徽,本科批,文科,,,468,38167,
1689,湖南女子学院,2023,安徽,本科批,文科,,,443,38167,
1691,湖南人文科技学院,2023,安徽,本科批,文科,,,486,28146,
1695,湖南涉外经济学院,2023,安徽,本科批,文科,,,441,43100,
1697,湖南师范大学,2023,安徽,本科批,文科,,,576,1676,
1705,湖南文理学院,2023,安徽,本科批,文科,,,443,48000,
1706,湖南文理学院芙蓉学院,2023,安徽,本科批,文科,,,463,40639,
1708,湖南医药学院,2023,安徽,本科批,文科,,,486,27675,
1709,湖南应用技术学院,2023,安徽,本科批,文科,,,452,43593,
1712,湖南中医药大学,2023,安徽,本科批,文科,,,476,5594,
1713,湖南中医药大学湘杏学院,2023,安徽,本科批,文科,,,482,29508,
1714,湖州师范学院,2023,安徽,本科批,文科,,,486,9727,
1715,湖州学院,2023,安徽,本科批,文科,,,491,26739,
1717,华北电力大学(保定),2023,安徽,本科批,文科,,,565,3841,
1718,华北电力大学(北京),2023,安徽,本科批,文科,,,581,1676,
1719,华北科技学院,2023,安徽,本科批,文科,,,455,25881,
1720,华北理工大学,2023,安徽,本科批,文科,,,496,15306,
1721,华北理工大学冀唐学院,2023,安徽,本科批,文科,,,470,37216,
1722,华北理工大学轻工学院,2023,安徽,本科批,文科,,,438,52420,
1724,华东交通大学,2023,安徽,本科批,文科,,,506,9971,
1725,华东理工大学,2023,安徽,本科批,文科,,,581,1818,
1726,华东师范大学,2023,安徽,本科批,文科,,,615,320,
1727,华东政法大学,2023,安徽,本科批,文科,,,596,659,
1728,华南理工大学,2023,安徽,本科批,文科,,,598,746,
1731,华南师范大学,2023,安徽,本科批,文科,,,578,1617,
1732,华侨大学,2023,安徽,本科批,文科,,,537,6824,
1733,华中科技大学,2023,安徽,本科批,文科,,,611,659,
1734,华中农业大学,2023,安徽,本科批,文科,,,519,3103,
1735,华中师范大学,2023,安徽,本科批,文科,,,590,1197,
1736,怀化学院,2023,安徽,本科批,文科,,,492,26312,
1737,淮阴工学院,2023,安徽,本科批,文科,,,492,26312,
1738,淮阴师范学院,2023,安徽,本科批,文科,,,499,23652,
1740,黄冈师范学院,2023,安徽,本科批,文科,,,491,26312,
1742,黄河科技学院,2023,安徽,本科批,文科,,,465,39657,
1744,黄淮学院,2023,安徽,本科批,文科,,,480,29041,
1749,吉利学院,2023,安徽,本科批,文科,,,446,47007,
1750,吉林财经大学,2023,安徽,本科批,文科,,,445,23652,
1751,吉林大学,2023,安徽,本科批,文科,,,556,711,
1753,吉林动画学院,2023,安徽,本科批,文科,,,432,55971,
1754,吉林工程技术师范学院,2023,安徽,本科批,文科,,,469,37691,
1755,吉林工商学院,2023,安徽,本科批,文科,,,442,35695,
1758,吉林建筑大学,2023,安徽,本科批,文科,,,441,31876,
1760,吉林警察学院,2023,安徽,本科批,文科,,,489,24085,
1761,吉林农业大学,2023,安徽,本科批,文科,,,468,23202,
1762,吉林农业科技学院,2023,安徽,本科批,文科,,,473,33771,
1763,吉林师范大学,2023,安徽,本科批,文科,,,435,17814,
1764,吉林师范大学博达学院,2023,安徽,本科批,文科,,,442,46033,
1769,吉林外国语大学,2023,安徽,本科批,文科,,,449,38167,
1770,吉林医药学院,2023,安徽,本科批,文科,,,471,36684,
1772,吉首大学,2023,安徽,本科批,文科,,,491,23202,
1773,集美大学,2023,安徽,本科批,文科,,,544,6824,
1774,集美大学诚毅学院,2023,安徽,本科批,文科,,,469,33271,
1775,济南大学,2023,安徽,本科批,文科,,,528,8964,
1780,济宁学院,2023,安徽,本科批,文科,,,441,51426,
1784,暨南大学,2023,安徽,本科批,文科,,,578,1556,
1787,嘉兴南湖学院,2023,安徽,本科批,文科,,,498,24085,
1789,嘉兴大学,2023,安徽,本科批,文科,,,501,15632,
1791,嘉应学院,2023,安徽,本科批,文科,,,476,33771,
1794,江汉大学,2023,安徽,本科批,文科,,,536,9227,
1797,江南大学,2023,安徽,本科批,文科,,,572,1975,
1804,江苏大学,2023,安徽,本科批,文科,,,560,4811,
1805,江苏大学京江学院,2023,安徽,本科批,文科,,,479,32811,
1806,江苏第二师范学院,2023,安徽,本科批,文科,,,499,16697,
1810,江苏海洋大学,2023,安徽,本科批,文科,,,534,9971,
1816,江苏科技大学,2023,安徽,本科批,文科,,,500,8748,
1817,江苏科技大学苏州理工学院,2023,安徽,本科批,文科,,,470,35217,
1818,江苏理工学院,2023,安徽,本科批,文科,,,485,24085,
1823,江苏师范大学,2023,安徽,本科批,文科,,,526,7234,
1824,江苏师范大学科文学院,2023,安徽,本科批,文科,,,471,34257,
1829,江西财经大学,2023,安徽,本科批,文科,,,544,3240,
1830,江西财经大学现代经济管理学院,2023,安徽,本科批,文科,,,468,36189,
1835,江西服装学院,2023,安徽,本科批,文科,,,432,49500,
1846,江西警察学院,2023,安徽,本科批,文科,,,497,24538,
1847,江西科技师范大学,2023,安徽,本科批,文科,,,421,23652,
1848,江西科技学院,2023,安徽,本科批,文科,,,455,43100,
1850,江西理工大学,2023,安徽,本科批,文科,,,505,14316,
1852,江西农业大学,2023,安徽,本科批,文科,,,530,10501,
1853,江西农业大学南昌商学院,2023,安徽,本科批,文科,,,468,37216,
1857,江西师范大学,2023,安徽,本科批,文科,,,538,7234,
1858,江西师范大学科学技术学院,2023,安徽,本科批,文科,,,471,34731,
1873,江西应用科技学院,2023,安徽,本科批,文科,,,440,49990,
1875,江西中医药大学,2023,安徽,本科批,文科,,,486,23652,
1883,金陵科技学院,2023,安徽,本科批,文科,,,497,16342,
1886,锦州医科大学,2023,安徽,本科批,文科,,,469,35217,
1888,晋中信息学院,2023,安徽,本科批,文科,,,464,39145,
1889,晋中学院,2023,安徽,本科批,文科,,,485,29508,
1890,荆楚理工学院,2023,安徽,本科批,文科,,,477,30443,
1893,荆州学院,2023,安徽,本科批,文科,,,448,42635,
1895,井冈山大学,2023,安徽,本科批,文科,,,447,25881,
1896,景德镇陶瓷大学,2023,安徽,本科批,文科,,,493,23652,
1898,景德镇学院,2023,安徽,本科批,文科,,,493,26312,
1899,景德镇艺术职业大学,2023,安徽,本科批,文科,,,452,45073,
1901,九江学院,2023,安徽,本科批,文科,,,440,26312,
1905,喀什大学,2023,安徽,本科批,文科,,,471,34257,
1909,昆明城市学院,2023,安徽,本科批,文科,,,461,41624,
1911,昆明理工大学津桥学院,2023,安徽,本科批,文科,,,450,40639,
1913,昆明文理学院,2023,安徽,本科批,文科,,,464,40165,
1914,昆明学院,2023,安徽,本科批,文科,,,457,27217,
1917,昆明医科大学海源学院,2023,安徽,本科批,文科,,,467,38661,
1924,兰州财经大学,2023,安徽,本科批,文科,,,458,24968,
1925,兰州城市学院,2023,安徽,本科批,文科,,,472,34257,
1926,兰州大学,2023,安徽,本科批,文科,,,587,1495,
1927,兰州工商学院,2023,安徽,本科批,文科,,,459,40639,
1929,兰州交通大学,2023,安徽,本科批,文科,,,490,23202,
1930,兰州理工大学,2023,安徽,本科批,文科,,,495,21506,
1932,兰州文理学院,2023,安徽,本科批,文科,,,470,34731,
1935,廊坊师范学院,2023,安徽,本科批,文科,,,463,32326,
1937,乐山师范学院,2023,安徽,本科批,文科,,,475,29980,
1939,丽江文化旅游学院,2023,安徽,本科批,文科,,,440,50964,
1940,丽水学院,2023,安徽,本科批,文科,,,494,24538,
1944,辽东学院,2023,安徽,本科批,文科,,,474,32811,
1945,辽宁财贸学院,2023,安徽,本科批,文科,,,440,44095,
1946,辽宁传媒学院,2023,安徽,本科批,文科,,,440,50470,
1947,辽宁大学,2023,安徽,本科批,文科,,,515,4100,
1949,辽宁对外经贸学院,2023,安徽,本科批,文科,,,421,55971,
1950,辽宁工程技术大学,2023,安徽,本科批,文科,,,507,15632,
1952,辽宁工业大学,2023,安徽,本科批,文科,,,488,26739,
1960,辽宁科技大学,2023,安徽,本科批,文科,,,444,28600,
1962,辽宁理工学院,2023,安徽,本科批,文科,,,428,58005,
1969,辽宁师范大学,2023,安徽,本科批,文科,,,451,12755,
1970,辽宁师范大学海华学院,2023,安徽,本科批,文科,,,457,38661,
1979,辽宁中医药大学,2023,安徽,本科批,文科,,,478,33271,
1980,辽宁中医药大学杏林学院,2023,安徽,本科批,文科,,,466,39145,
1984,聊城大学,2023,安徽,本科批,文科,,,498,20675,
1985,聊城大学东昌学院,2023,安徽,本科批,文科,,,464,39657,
1988,临沂大学,2023,安徽,本科批,文科,,,502,20675,
1991,岭南师范学院,2023,安徽,本科批,文科,,,456,25413,
1992,柳州工学院,2023,安徽,本科批,文科,,,440,46033,
1994,六盘水师范学院,2023,安徽,本科批,文科,,,473,35217,
1995,龙岩学院,2023,安徽,本科批,文科,,,471,31375,
1996,陇东学院,2023,安徽,本科批,文科,,,470,35217,
2000,鲁东大学,2023,安徽,本科批,文科,,,499,19422,
2003,洛阳理工学院,2023,安徽,本科批,文科,,,465,25881,
2004,洛阳师范学院,2023,安徽,本科批,文科,,,440,44095,
2008,吕梁学院,2023,安徽,本科批,文科,,,476,31375,
2013,绵阳城市学院,2023,安徽,本科批,文科,,,459,42635,
2015,绵阳师范学院,2023,安徽,本科批,文科,,,489,28146,
2019,闽江学院,2023,安徽,本科批,文科,,,514,13988,
2020,闽南科技学院,2023,安徽,本科批,文科,,,445,41624,
2021,闽南理工学院,2023,安徽,本科批,文科,,,441,47482,
2022,闽南师范大学,2023,安徽,本科批,文科,,,489,24538,
2026,牡丹江师范学院,2023,安徽,本科批,文科,,,475,31876,
2028,南昌大学,2023,安徽,本科批,文科,,,570,2770,
2029,南昌大学科学技术学院,2023,安徽,本科批,文科,,,467,38661,
2030,南昌工程学院,2023,安徽,本科批,文科,,,452,18194,
2031,南昌工学院,2023,安徽,本科批,文科,,,462,34731,
2032,南昌航空大学,2023,安徽,本科批,文科,,,446,12156,
2033,南昌航空大学科技学院,2023,安徽,本科批,文科,,,470,36684,
2034,南昌交通学院,2023,安徽,本科批,文科,,,460,39145,
2035,南昌理工学院,2023,安徽,本科批,文科,,,461,38167,
2036,南昌师范学院,2023,安徽,本科批,文科,,,494,23652,
2037,南昌医学院,2023,安徽,本科批,文科,,,490,22765,
2039,南昌应用技术师范学院,2023,安徽,本科批,文科,,,468,37691,
2040,南昌职业大学,2023,安徽,本科批,文科,,,444,48469,
2044,南方医科大学,2023,安徽,本科批,文科,,,544,5118,
2045,南华大学,2023,安徽,本科批,文科,,,533,9481,
2046,南华大学船山学院,2023,安徽,本科批,文科,,,471,36684,
2047,南京财经大学,2023,安徽,本科批,文科,,,553,5118,
2048,南京财经大学红山学院,2023,安徽,本科批,文科,,,448,32326,
2050,南京传媒学院,2023,安徽,本科批,文科,,,440,30926,
2051,南京大学,2023,安徽,本科批,文科,,,619,103,
2052,南京工程学院,2023,安徽,本科批,文科,,,533,9727,
2053,南京工业大学,2023,安徽,本科批,文科,,,496,6414,
2054,南京工业大学浦江学院,2023,安徽,本科批,文科,,,468,35217,
2055,南京工业职业技术大学,2023,安徽,本科批,文科,,,487,23202,
2056,南京航空航天大学,2023,安徽,本科批,文科,,,587,1556,
2057,南京航空航天大学金城学院,2023,安徽,本科批,文科,,,471,35695,
2062,南京理工大学,2023,安徽,本科批,文科,,,576,1975,
2064,南京理工大学紫金学院,2023,安徽,本科批,文科,,,485,27675,
2065,南京林业大学,2023,安徽,本科批,文科,,,562,4968,
2067,南京农业大学,2023,安徽,本科批,文科,,,575,2065,
2068,南京审计大学,2023,安徽,本科批,文科,,,573,2145,
2069,南京审计大学金审学院,2023,安徽,本科批,文科,,,477,25413,
2070,南京师范大学,2023,安徽,本科批,文科,,,590,1617,
2071,南京师范大学泰州学院,2023,安徽,本科批,文科,,,479,27217,
2072,南京师范大学中北学院,2023,安徽,本科批,文科,,,448,27217,
2074,南京特殊教育师范学院,2023,安徽,本科批,文科,,,492,20675,
2077,南京晓庄学院,2023,安徽,本科批,文科,,,540,8060,
2078,南京信息工程大学,2023,安徽,本科批,文科,,,556,3974,
2080,南京医科大学,2023,安徽,本科批,文科,,,561,5264,
2081,南京医科大学康达学院,2023,安徽,本科批,文科,,,479,32811,
2082,南京艺术学院,2023,安徽,本科批,文科,,,487,24085,
2083,南京邮电大学,2023,安徽,本科批,文科,,,562,4505,
2084,南京邮电大学通达学院,2023,安徽,本科批,文科,,,467,35695,
2085,南京中医药大学,2023,安徽,本科批,文科,,,562,2065,
2086,南开大学,2023,安徽,本科批,文科,,,623,302,
2088,南宁师范大学,2023,安徽,本科批,文科,,,491,19002,
2089,南宁学院,2023,安徽,本科批,文科,,,451,45558,
2090,南通大学,2023,安徽,本科批,文科,,,557,5594,
2091,南通大学杏林学院,2023,安徽,本科批,文科,,,470,36189,
2093,南通理工学院,2023,安徽,本科批,文科,,,439,44095,
2096,南阳理工学院,2023,安徽,本科批,文科,,,475,32811,
2098,南阳师范学院,2023,安徽,本科批,文科,,,485,24968,
2101,内江师范学院,2023,安徽,本科批,文科,,,486,25881,
2102,内蒙古财经大学,2023,安徽,本科批,文科,,,464,27217,
2103,内蒙古大学,2023,安徽,本科批,文科,,,549,4361,
2107,内蒙古科技大学,2023,安徽,本科批,文科,,,470,28600,
2108,内蒙古科技大学包头师范学院,2023,安徽,本科批,文科,,,477,33271,
2110,内蒙古民族大学,2023,安徽,本科批,文科,,,483,25413,
2111,内蒙古农业大学,2023,安徽,本科批,文科,,,469,37691,
2112,内蒙古师范大学,2023,安徽,本科批,文科,,,487,24085,
2114,宁波财经学院,2023,安徽,本科批,文科,,,452,37691,
2116,宁波大学,2023,安徽,本科批,文科,,,511,3974,
2117,宁波大学科学技术学院,2023,安徽,本科批,文科,,,469,35217,
2118,宁波工程学院,2023,安徽,本科批,文科,,,494,20675,
2119,宁波诺丁汉大学,2023,安徽,本科批,文科,,,532,7420,
2122,宁德师范学院,2023,安徽,本科批,文科,,,477,33771,
2124,宁夏大学,2023,安徽,本科批,文科,,,555,5594,
2125,宁夏大学新华学院,2023,安徽,本科批,文科,,,453,44095,
2126,宁夏理工学院,2023,安徽,本科批,文科,,,449,40639,
2127,宁夏师范大学,2023,安徽,本科批,文科,,,476,32326,
2132,攀枝花学院,2023,安徽,本科批,文科,,,483,30926,
2134,平顶山学院,2023,安徽,本科批,文科,,,470,35695,
2136,萍乡学院,2023,安徽,本科批,文科,,,475,34257,
2137,莆田学院,2023,安徽,本科批,文科,,,473,27217,
2139,齐鲁工业大学,2023,安徽,本科批,文科,,,520,13660,
2140,齐鲁理工学院,2023,安徽,本科批,文科,,,443,45558,
2141,齐鲁师范学院,2023,安徽,本科批,文科,,,491,27217,
2142,齐鲁医药学院,2023,安徽,本科批,文科,,,467,21506,
2143,齐齐哈尔大学,2023,安徽,本科批,文科,,,474,31375,
2145,齐齐哈尔医学院,2023,安徽,本科批,文科,,,472,35217,
2150,青岛滨海学院,2023,安徽,本科批,文科,,,450,45558,
2151,青岛城市学院,2023,安徽,本科批,文科,,,450,42635,
2152,青岛大学,2023,安徽,本科批,文科,,,500,6824,
2154,青岛工学院,2023,安徽,本科批,文科,,,457,43593,
2156,青岛恒星科技学院,2023,安徽,本科批,文科,,,441,50470,
2157,青岛黄海学院,2023,安徽,本科批,文科,,,446,47482,
2160,青岛理工大学,2023,安徽,本科批,文科,,,507,9227,
2161,青岛农业大学,2023,安徽,本科批,文科,,,497,23652,
2162,青岛农业大学海都学院,2023,安徽,本科批,文科,,,460,41624,
2166,青海民族大学,2023,安徽,本科批,文科,,,475,31876,
2167,青海师范大学,2023,安徽,本科批,文科,,,482,26312,
2168,清华大学,2023,安徽,本科批,文科,,,655,22,
2170,琼台师范学院,2023,安徽,本科批,文科,,,478,30443,
2173,曲阜师范大学,2023,安徽,本科批,文科,,,540,7845,
2175,曲靖师范学院,2023,安徽,本科批,文科,,,459,38661,
2184,泉州师范学院,2023,安徽,本科批,文科,,,494,24538,
2185,泉州信息工程学院,2023,安徽,本科批,文科,,,441,51426,
2187,泉州职业技术大学,2023,安徽,本科批,文科,,,441,51426,
2190,三江学院,2023,安徽,本科批,文科,,,443,37691,
2192,三明学院,2023,安徽,本科批,文科,,,459,34731,
2194,三峡大学,2023,安徽,本科批,文科,,,525,10997,
2195,三峡大学科技学院,2023,安徽,本科批,文科,,,468,38167,
2201,三亚学院,2023,安徽,本科批,文科,,,448,42635,
2204,山东财经大学,2023,安徽,本科批,文科,,,540,6070,
2205,山东财经大学东方学院,2023,安徽,本科批,文科,,,463,38661,
2209,山东大学,2023,安徽,本科批,文科,,,581,617,
2210,山东大学威海分校,2023,安徽,本科批,文科,,,598,1197,
2211,山东第一医科大学,2023,安徽,本科批,文科,,,483,27675,
2213,山东工程职业技术大学,2023,安徽,本科批,文科,,,442,48469,
2214,山东工商学院,2023,安徽,本科批,文科,,,461,25881,
2216,山东工艺美术学院,2023,安徽,本科批,文科,,,468,36684,
2217,山东管理学院,2023,安徽,本科批,文科,,,476,26739,
2219,山东华宇工学院,2023,安徽,本科批,文科,,,441,50964,
2221,山东建筑大学,2023,安徽,本科批,文科,,,531,11563,
2222,山东交通学院,2023,安徽,本科批,文科,,,490,26312,
2225,山东科技大学,2023,安徽,本科批,文科,,,510,9227,
2228,山东理工大学,2023,安徽,本科批,文科,,,460,24538,
2233,山东农业大学,2023,安徽,本科批,文科,,,489,28146,
2234,山东农业工程学院,2023,安徽,本科批,文科,,,481,28146,
2235,山东女子学院,2023,安徽,本科批,文科,,,468,35217,
2236,山东青年政治学院,2023,安徽,本科批,文科,,,492,26312,
2241,山东师范大学,2023,安徽,本科批,文科,,,501,5264,
2246,山东外国语职业技术大学,2023,安徽,本科批,文科,,,440,50470,
2250,山东现代学院,2023,安徽,本科批,文科,,,457,39657,
2251,山东协和学院,2023,安徽,本科批,文科,,,459,40165,
2256,山东英才学院,2023,安徽,本科批,文科,,,440,49010,
2257,山东政法学院,2023,安徽,本科批,文科,,,501,13988,
2259,山东中医药大学,2023,安徽,本科批,文科,,,492,24085,
2261,山西财经大学,2023,安徽,本科批,文科,,,523,8514,
2262,山西传媒学院,2023,安徽,本科批,文科,,,469,37216,
2263,山西大同大学,2023,安徽,本科批,文科,,,471,29041,
2264,山西大学,2023,安徽,本科批,文科,,,554,5412,
2266,山西工程科技职业大学,2023,安徽,本科批,文科,,,472,36189,
2267,山西工商学院,2023,安徽,本科批,文科,,,460,41624,
2270,山西晋中理工学院,2023,安徽,本科批,文科,,,461,41624,
2271,山西科技学院,2023,安徽,本科批,文科,,,474,34731,
2273,山西农业大学,2023,安徽,本科批,文科,,,459,24968,
2275,山西师范大学,2023,安徽,本科批,文科,,,447,21080,
2279,山西医科大学,2023,安徽,本科批,文科,,,487,26739,
2281,山西中医药大学,2023,安徽,本科批,文科,,,493,24538,
2283,陕西服装工程学院,2023,安徽,本科批,文科,,,447,48469,
2286,陕西国际商贸学院,2023,安徽,本科批,文科,,,449,46496,
2292,陕西科技大学镐京学院,2023,安徽,本科批,文科,,,432,49010,
2293,陕西理工大学,2023,安徽,本科批,文科,,,449,24968,
2296,陕西师范大学,2023,安徽,本科批,文科,,,563,2065,
2298,陕西学前师范学院,2023,安徽,本科批,文科,,,491,26739,
2302,汕头大学,2023,安徽,本科批,文科,,,553,5751,
2307,商丘师范学院,2023,安徽,本科批,文科,,,483,24085,
2311,上海财经大学,2023,安徽,本科批,文科,,,599,360,
2312,上海财经大学浙江学院,2023,安徽,本科批,文科,,,466,37216,
2315,上海大学,2023,安徽,本科批,文科,,,575,1313,
2316,上海第二工业大学,2023,安徽,本科批,文科,,,521,12755,
2317,上海电机学院,2023,安徽,本科批,文科,,,507,16697,
2318,上海电力大学,2023,安徽,本科批,文科,,,504,7234,
2322,上海对外经贸大学,2023,安徽,本科批,文科,,,542,2770,
2323,上海工程技术大学,2023,安徽,本科批,文科,,,502,12156,
2327,上海海关学院,2023,安徽,本科批,文科,,,505,21080,
2328,上海海事大学,2023,安徽,本科批,文科,,,554,4811,
2329,上海海洋大学,2023,安徽,本科批,文科,,,541,5412,
2332,上海建桥学院,2023,安徽,本科批,文科,,,448,41118,
2335,上海交通大学,2023,安徽,本科批,文科,,,644,78,
2340,上海理工大学,2023,安徽,本科批,文科,,,524,6238,
2341,上海立达学院,2023,安徽,本科批,文科,,,440,49990,
2342,上海立信会计金融学院,2023,安徽,本科批,文科,,,496,5594,
2350,上海杉达学院,2023,安徽,本科批,文科,,,421,36684,
2351,上海商学院,2023,安徽,本科批,文科,,,529,8964,
2352,上海师范大学,2023,安徽,本科批,文科,,,539,4811,
2353,上海师范大学天华学院,2023,安徽,本科批,文科,,,440,43100,
2354,上海视觉艺术学院,2023,安徽,本科批,文科,,,477,33771,
2356,上海体育大学,2023,安徽,本科批,文科,,,500,15632,
2357,上海外国语大学,2023,安徽,本科批,文科,,,587,924,
2358,上海外国语大学贤达经济人文学院,2023,安徽,本科批,文科,,,440,43593,
2359,上海戏剧学院,2023,安徽,本科批,文科,,,521,5751,
2362,上海音乐学院,2023,安徽,本科批,文科,,,553,6619,
2363,上海应用技术大学,2023,安徽,本科批,文科,,,511,11563,
2365,上海政法学院,2023,安徽,本科批,文科,,,556,3362,
2366,上海中侨职业技术大学,2023,安徽,本科批,文科,,,440,49500,
2368,上饶师范学院,2023,安徽,本科批,文科,,,483,28146,
2371,韶关学院,2023,安徽,本科批,文科,,,459,41118,
2372,邵阳学院,2023,安徽,本科批,文科,,,472,35695,
2373,绍兴文理学院,2023,安徽,本科批,文科,,,445,28600,
2374,绍兴文理学院元培学院,2023,安徽,本科批,文科,,,465,36684,
2377,深圳大学,2023,安徽,本科批,文科,,,579,1975,
2378,深圳技术大学,2023,安徽,本科批,文科,,,542,7420,
2383,沈阳城市学院,2023,安徽,本科批,文科,,,442,49500,
2384,沈阳大学,2023,安徽,本科批,文科,,,450,24085,
2386,沈阳工学院,2023,安徽,本科批,文科,,,440,49010,
2388,沈阳航空航天大学,2023,安徽,本科批,文科,,,466,31375,
2389,沈阳化工大学,2023,安徽,本科批,文科,,,466,29041,
2391,沈阳科技学院,2023,安徽,本科批,文科,,,429,51426,
2392,沈阳理工大学,2023,安徽,本科批,文科,,,454,27217,
2394,沈阳师范大学,2023,安徽,本科批,文科,,,481,23652,
2398,沈阳音乐学院,2023,安徽,本科批,文科,,,465,39657,
2400,石河子大学,2023,安徽,本科批,文科,,,534,8964,
2406,石家庄铁道大学,2023,安徽,本科批,文科,,,509,10745,
2407,石家庄铁道大学四方学院,2023,安徽,本科批,文科,,,467,36189,
2410,石家庄学院,2023,安徽,本科批,文科,,,487,26739,
2415,首都经济贸易大学,2023,安徽,本科批,文科,,,551,3609,
2416,首都师范大学,2023,安徽,本科批,文科,,,585,2145,
2423,四川传媒学院,2023,安徽,本科批,文科,,,465,37216,
2424,四川大学,2023,安徽,本科批,文科,,,595,578,
2425,四川大学锦江学院,2023,安徽,本科批,文科,,,462,39657,
2426,四川电影电视学院,2023,安徽,本科批,文科,,,458,40639,
2429,四川工商学院,2023,安徽,本科批,文科,,,468,38167,
2430,四川工业科技学院,2023,安徽,本科批,文科,,,460,40639,
2438,四川旅游学院,2023,安徽,本科批,文科,,,445,28600,
2439,四川美术学院,2023,安徽,本科批,文科,,,497,15632,
2442,四川轻化工大学,2023,安徽,本科批,文科,,,492,23202,
2443,四川师范大学,2023,安徽,本科批,文科,,,536,5916,
2446,四川外国语大学,2023,安徽,本科批,文科,,,509,7034,
2447,成都外国语学院,2023,安徽,本科批,文科,,,459,38661,
2450,四川文化艺术学院,2023,安徽,本科批,文科,,,457,39145,
2451,四川文理学院,2023,安徽,本科批,文科,,,470,31876,
2459,苏州城市学院,2023,安徽,本科批,文科,,,503,16342,
2460,苏州大学,2023,安徽,本科批,文科,,,600,1007,
2461,苏州大学应用技术学院,2023,安徽,本科批,文科,,,469,35217,
2469,苏州科技大学,2023,安徽,本科批,文科,,,548,6824,
2470,苏州科技大学天平学院,2023,安徽,本科批,文科,,,461,35695,
2476,宿迁学院,2023,安徽,本科批,文科,,,476,30926,
2479,绥化学院,2023,安徽,本科批,文科,,,471,36189,
2482,塔里木大学,2023,安徽,本科批,文科,,,466,21506,
2485,台州学院,2023,安徽,本科批,文科,,,495,21506,
2488,太原科技大学,2023,安徽,本科批,文科,,,451,21924,
2489,太原理工大学,2023,安徽,本科批,文科,,,564,4505,
2490,太原师范学院,2023,安徽,本科批,文科,,,460,27217,
2491,太原学院,2023,安徽,本科批,文科,,,471,35217,
2493,泰山科技学院,2023,安徽,本科批,文科,,,448,43593,
2494,泰山学院,2023,安徽,本科批,文科,,,473,35695,
2498,唐山师范学院,2023,安徽,本科批,文科,,,472,36189,
2499,唐山学院,2023,安徽,本科批,文科,,,481,31876,
2507,天津财经大学,2023,安徽,本科批,文科,,,546,5594,
2508,天津财经大学珠江学院,2023,安徽,本科批,文科,,,460,39145,
2509,天津城建大学,2023,安徽,本科批,文科,,,452,32326,
2512,天津传媒学院,2023,安徽,本科批,文科,,,458,43100,
2513,天津大学,2023,安徽,本科批,文科,,,610,711,
2515,天津工业大学,2023,安徽,本科批,文科,,,554,5118,
2523,天津科技大学,2023,安徽,本科批,文科,,,526,10745,
2524,天津理工大学,2023,安徽,本科批,文科,,,495,18194,
2525,天津理工大学中环信息学院,2023,安徽,本科批,文科,,,464,38661,
2527,天津农学院,2023,安徽,本科批,文科,,,483,28146,
2529,天津仁爱学院,2023,安徽,本科批,文科,,,457,40165,
2531,天津商业大学,2023,安徽,本科批,文科,,,496,8260,
2532,天津商业大学宝德学院,2023,安徽,本科批,文科,,,457,40639,
2534,天津师范大学,2023,安徽,本科批,文科,,,495,6238,
2539,天津天狮学院,2023,安徽,本科批,文科,,,444,48469,
2541,天津外国语大学,2023,安徽,本科批,文科,,,512,8060,
2542,天津外国语大学滨海外事学院,2023,安徽,本科批,文科,,,456,37216,
2545,天津医科大学临床医学院,2023,安徽,本科批,文科,,,466,36684,
2549,天津职业技术师范大学,2023,安徽,本科批,文科,,,489,22354,
2550,天津中德应用技术大学,2023,安徽,本科批,文科,,,492,26739,
2551,天津中医药大学,2023,安徽,本科批,文科,,,536,9227,
2553,天水师范学院,2023,安徽,本科批,文科,,,478,32811,
2557,通化师范学院,2023,安徽,本科批,文科,,,473,35695,
2558,同济大学,2023,安徽,本科批,文科,,,623,235,
2568,潍坊科技学院,2023,安徽,本科批,文科,,,461,40639,
2569,潍坊理工学院,2023,安徽,本科批,文科,,,451,46496,
2570,潍坊学院,2023,安徽,本科批,文科,,,491,24085,
2575,温州大学,2023,安徽,本科批,文科,,,538,8060,
2577,温州肯恩大学,2023,安徽,本科批,文科,,,512,15306,
2578,温州理工学院,2023,安徽,本科批,文科,,,496,24085,
2579,温州商学院,2023,安徽,本科批,文科,,,455,44095,
2583,文华学院,2023,安徽,本科批,文科,,,469,35695,
2584,文山学院,2023,安徽,本科批,文科,,,473,35695,
2591,无锡太湖学院,2023,安徽,本科批,文科,,,448,39145,
2592,无锡学院,2023,安徽,本科批,文科,,,511,18194,
2594,梧州学院,2023,安徽,本科批,文科,,,472,34257,
2595,五邑大学,2023,安徽,本科批,文科,,,501,22765,
2596,武昌工学院,2023,安徽,本科批,文科,,,459,41624,
2597,武昌理工学院,2023,安徽,本科批,文科,,,457,43593,
2598,武昌首义学院,2023,安徽,本科批,文科,,,468,36189,
2600,武汉城市学院,2023,安徽,本科批,文科,,,459,41624,
2604,武汉大学,2023,安徽,本科批,文科,,,589,133,
2606,武汉东湖学院,2023,安徽,本科批,文科,,,463,38661,
2607,武汉纺织大学,2023,安徽,本科批,文科,,,529,10501,
2608,武汉纺织大学外经贸学院,2023,安徽,本科批,文科,,,459,41118,
2609,武汉工程大学,2023,安徽,本科批,文科,,,515,7420,
2610,武汉工程大学邮电与信息工程学院,2023,安徽,本科批,文科,,,468,38167,
2611,武汉工程科技学院,2023,安徽,本科批,文科,,,458,42635,
2613,武汉工商学院,2023,安徽,本科批,文科,,,465,39657,
2617,武汉华夏理工学院,2023,安徽,本科批,文科,,,452,45073,
2620,武汉科技大学,2023,安徽,本科批,文科,,,495,6238,
2622,武汉理工大学,2023,安徽,本科批,文科,,,565,2496,
2624,武汉轻工大学,2023,安徽,本科批,文科,,,496,17451,
2625,武汉晴川学院,2023,安徽,本科批,文科,,,457,42635,
2628,武汉商学院,2023,安徽,本科批,文科,,,489,27675,
2630,武汉生物工程学院,2023,安徽,本科批,文科,,,468,37216,
2631,武汉体育学院,2023,安徽,本科批,文科,,,454,24085,
2632,武汉体育学院体育科技学院,2023,安徽,本科批,文科,,,456,44095,
2636,武汉文理学院,2023,安徽,本科批,文科,,,468,37216,
2638,武汉学院,2023,安徽,本科批,文科,,,467,36189,
2642,武夷学院,2023,安徽,本科批,文科,,,441,30443,
2643,西安财经大学,2023,安徽,本科批,文科,,,534,8514,
2644,西安财经大学行知学院,2023,安徽,本科批,文科,,,448,41624,
2646,西安电子科技大学,2023,安徽,本科批,文科,,,585,2314,
2647,西安翻译学院,2023,安徽,本科批,文科,,,461,40165,
2649,西安工程大学,2023,安徽,本科批,文科,,,523,14316,
2651,西安工业大学,2023,安徽,本科批,文科,,,531,10997,
2653,西安航空学院,2023,安徽,本科批,文科,,,475,34731,
2655,西安建筑科技大学,2023,安徽,本科批,文科,,,536,8748,
2657,西安交通大学,2023,安徽,本科批,文科,,,614,617,
2658,西安交通工程学院,2023,安徽,本科批,文科,,,459,40639,
2659,西安科技大学,2023,安徽,本科批,文科,,,499,17451,
2660,西安科技大学高新学院,2023,安徽,本科批,文科,,,452,46033,
2661,西安理工大学,2023,安徽,本科批,文科,,,522,9481,
2663,西安明德理工学院,2023,安徽,本科批,文科,,,442,48000,
2664,西安欧亚学院,2023,安徽,本科批,文科,,,448,42113,
2665,西安培华学院,2023,安徽,本科批,文科,,,461,40165,
2666,西安汽车职业大学,2023,安徽,本科批,文科,,,440,51905,
2667,西安石油大学,2023,安徽,本科批,文科,,,522,10745,
2668,西安思源学院,2023,安徽,本科批,文科,,,464,38167,
2671,西安外国语大学,2023,安徽,本科批,文科,,,537,4811,
2672,西安外事学院,2023,安徽,本科批,文科,,,455,40639,
2673,西安文理学院,2023,安徽,本科批,文科,,,485,29041,
2674,西安信息职业大学,2023,安徽,本科批,文科,,,447,48000,
2676,西安医学院,2023,安徽,本科批,文科,,,485,28146,
2678,西安邮电大学,2023,安徽,本科批,文科,,,499,13347,
2680,西北大学,2023,安徽,本科批,文科,,,580,2145,
2682,西北工业大学,2023,安徽,本科批,文科,,,596,1438,
2683,西北民族大学,2023,安徽,本科批,文科,,,494,24085,
2684,西北农林科技大学,2023,安徽,本科批,文科,,,580,2419,
2685,西北师范大学,2023,安徽,本科批,文科,,,494,14655,
2686,西北政法大学,2023,安徽,本科批,文科,,,582,1818,
2688,西藏农牧学院,2023,安徽,本科批,文科,,,463,36684,
2690,西昌学院,2023,安徽,本科批,文科,,,456,40165,
2691,西华大学,2023,安徽,本科批,文科,,,526,10225,
2692,西华师范大学,2023,安徽,本科批,文科,,,483,29508,
2693,西交利物浦大学,2023,安徽,本科批,文科,,,528,10501,
2694,西京学院,2023,安徽,本科批,文科,,,456,40639,
2695,西南财经大学,2023,安徽,本科批,文科,,,554,1197,
2696,西南财经大学天府学院,2023,安徽,本科批,文科,,,467,38167,
2697,西南大学,2023,安徽,本科批,文科,,,577,1438,
2698,西南大学,2023,安徽,本科批,文科,,,563,3491,
2699,西南交通大学,2023,安徽,本科批,文科,,,580,2145,
2700,西南交通大学希望学院,2023,安徽,本科批,文科,,,464,40165,
2701,西南科技大学,2023,安徽,本科批,文科,,,501,10745,
2703,西南民族大学,2023,安徽,本科批,文科,,,522,6238,
2704,西南石油大学,2023,安徽,本科批,文科,,,554,6070,
2706,西南政法大学,2023,安徽,本科批,文科,,,591,1053,
2709,厦门大学,2023,安徽,本科批,文科,,,583,276,
2710,厦门大学嘉庚学院,2023,安徽,本科批,文科,,,470,27675,
2712,厦门工学院,2023,安徽,本科批,文科,,,457,38661,
2715,厦门华厦学院,2023,安徽,本科批,文科,,,449,41118,
2716,厦门理工学院,2023,安徽,本科批,文科,,,456,24968,
2724,咸阳师范学院,2023,安徽,本科批,文科,,,462,30926,
2727,湘南学院,2023,安徽,本科批,文科,,,469,26312,
2729,湘潭大学,2023,安徽,本科批,文科,,,557,2770,
2730,湘潭大学兴湘学院,2023,安徽,本科批,文科,,,470,36684,
2731,湘潭理工学院,2023,安徽,本科批,文科,,,455,40165,
2737,新疆财经大学,2023,安徽,本科批,文科,,,472,26312,
2738,新疆大学,2023,安徽,本科批,文科,,,552,5751,
2740,新疆工程学院,2023,安徽,本科批,文科,,,466,37216,
2742,新疆警察学院,2023,安徽,本科批,文科,,,476,34257,
2743,新疆科技学院,2023,安徽,本科批,文科,,,468,36684,
2748,新疆农业大学,2023,安徽,本科批,文科,,,457,38167,
2750,新疆师范大学,2023,安徽,本科批,文科,,,484,24968,
2752,新疆天山职业技术大学,2023,安徽,本科批,文科,,,444,40165,
2755,新疆艺术学院,2023,安徽,本科批,文科,,,462,41118,
2757,新疆政法学院,2023,安徽,本科批,文科,,,472,35217,
2762,新余学院,2023,安徽,本科批,文科,,,483,27217,
2764,信阳农林学院,2023,安徽,本科批,文科,,,452,38167,
2766,信阳师范大学,2023,安徽,本科批,文科,,,466,39145,
2767,信阳学院,2023,安徽,本科批,文科,,,474,35217,
2770,邢台学院,2023,安徽,本科批,文科,,,474,34731,
2773,兴义民族师范学院,2023,安徽,本科批,文科,,,474,35217,
2774,徐州工程学院,2023,安徽,本科批,文科,,,484,26739,
2779,许昌学院,2023,安徽,本科批,文科,,,471,36189,
2781,烟台大学,2023,安徽,本科批,文科,,,499,13988,
2784,烟台科技学院,2023,安徽,本科批,文科,,,461,41624,
2785,烟台理工学院,2023,安徽,本科批,文科,,,465,39145,
2786,烟台南山学院,2023,安徽,本科批,文科,,,453,42635,
2789,延安大学,2023,安徽,本科批,文科,,,493,25881,
2790,延安大学西安创新学院,2023,安徽,本科批,文科,,,457,43593,
2791,延边大学,2023,安徽,本科批,文科,,,548,5412,
2795,盐城师范学院,2023,安徽,本科批,文科,,,496,22354,
2797,燕山大学,2023,安徽,本科批,文科,,,529,9727,
2798,扬州大学,2023,安徽,本科批,文科,,,559,4811,
2799,扬州大学广陵学院,2023,安徽,本科批,文科,,,477,31375,
2803,阳光学院,2023,安徽,本科批,文科,,,443,46496,
2805,伊犁师范大学,2023,安徽,本科批,文科,,,470,35217,
2807,宜宾学院,2023,安徽,本科批,文科,,,468,37216,
2809,宜春学院,2023,安徽,本科批,文科,,,469,26312,
2815,银川能源学院,2023,安徽,本科批,文科,,,443,49500,
2821,榆林学院,2023,安徽,本科批,文科,,,477,32811,
2822,玉林师范学院,2023,安徽,本科批,文科,,,479,32811,
2823,玉溪师范学院,2023,安徽,本科批,文科,,,442,46033,
2824,豫章师范学院,2023,安徽,本科批,文科,,,487,27675,
2826,云南财经大学,2023,安徽,本科批,文科,,,448,14984,
2828,云南大学,2023,安徽,本科批,文科,,,552,3609,
2829,滇池学院,2023,安徽,本科批,文科,,,464,39657,
2834,云南经济管理学院,2023,安徽,本科批,文科,,,453,44578,
2839,云南民族大学,2023,安徽,本科批,文科,,,489,25881,
2840,云南农业大学,2023,安徽,本科批,文科,,,484,30443,
2843,云南师范大学,2023,安徽,本科批,文科,,,498,18602,
2846,云南艺术学院,2023,安徽,本科批,文科,,,468,22765,
2848,云南中医药大学,2023,安徽,本科批,文科,,,497,21080,
2858,张家口学院,2023,安徽,本科批,文科,,,481,30443,
2864,昭通学院,2023,安徽,本科批,文科,,,475,34731,
2865,肇庆学院,2023,安徽,本科批,文科,,,477,33771,
2867,浙大城市学院,2023,安徽,本科批,文科,,,497,10501,
2868,浙大宁波理工学院,2023,安徽,本科批,文科,,,522,10745,
2870,浙江财经大学,2023,安徽,本科批,文科,,,545,5118,
2871,浙江财经大学东方学院,2023,安徽,本科批,文科,,,471,33271,
2872,浙江传媒学院,2023,安徽,本科批,文科,,,490,10745,
2873,浙江大学,2023,安徽,本科批,文科,,,630,94,
2878,浙江工商大学,2023,安徽,本科批,文科,,,518,4100,
2879,浙江工商大学杭州商学院,2023,安徽,本科批,文科,,,463,36189,
2881,浙江工业大学,2023,安徽,本科批,文科,,,558,5751,
2882,浙江工业大学之江学院,2023,安徽,本科批,文科,,,463,40165,
2884,浙江广厦建设职业技术大学,2023,安徽,本科批,文科,,,440,46496,
2886,浙江海洋大学,2023,安徽,本科批,文科,,,497,22354,
2896,浙江科技大学,2023,安徽,本科批,文科,,,515,14316,
2897,浙江理工大学,2023,安徽,本科批,文科,,,551,6619,
2900,浙江农林大学,2023,安徽,本科批,文科,,,547,5916,
2904,浙江师范大学,2023,安徽,本科批,文科,,,505,5594,
2905,浙江师范大学行知学院,2023,安徽,本科批,文科,,,471,29980,
2906,浙江树人学院,2023,安徽,本科批,文科,,,460,37691,
2910,浙江外国语学院,2023,安徽,本科批,文科,,,494,19823,
2911,浙江万里学院,2023,安徽,本科批,文科,,,470,27675,
2917,浙江越秀外国语学院,2023,安徽,本科批,文科,,,440,40639,
2921,郑州财经学院,2023,安徽,本科批,文科,,,468,36684,
2923,郑州大学,2023,安徽,本科批,文科,,,574,1818,
2925,郑州工程技术学院,2023,安徽,本科批,文科,,,469,32326,
2926,郑州工商学院,2023,安徽,本科批,文科,,,469,36684,
2927,郑州工业应用技术学院,2023,安徽,本科批,文科,,,461,38661,
2928,郑州航空工业管理学院,2023,安徽,本科批,文科,,,442,27675,
2929,郑州经贸学院,2023,安徽,本科批,文科,,,465,37691,
2933,郑州轻工业大学,2023,安徽,本科批,文科,,,456,19823,
2934,郑州商学院,2023,安徽,本科批,文科,,,465,38661,
2935,郑州升达经贸管理学院,2023,安徽,本科批,文科,,,467,36684,
2936,郑州师范学院,2023,安徽,本科批,文科,,,498,24085,
2940,郑州西亚斯学院,2023,安徽,本科批,文科,,,468,37691,
2944,中北大学,2023,安徽,本科批,文科,,,502,13347,
2945,中国传媒大学,2023,安徽,本科批,文科,,,587,1556,
2946,中国地质大学(北京),2023,安徽,本科批,文科,,,570,3240,
2947,中国地质大学(武汉),2023,安徽,本科批,文科,,,570,2580,
2948,中国海洋大学,2023,安徽,本科批,文科,,,590,1255,
2949,中国计量大学,2023,安徽,本科批,文科,,,545,7234,
2953,中国矿业大学(北京),2023,安徽,本科批,文科,,,574,2874,
2954,中国矿业大学徐海学院,2023,安徽,本科批,文科,,,472,34731,
2955,中国劳动关系学院,2023,安徽,本科批,文科,,,493,8514,
2956,中国美术学院,2023,安徽,本科批,文科,,,559,5412,
2957,中国民航大学,2023,安徽,本科批,文科,,,550,4968,
2958,中国民用航空飞行学院,2023,安徽,本科批,文科,,,478,28600,
2959,中国农业大学,2023,安徽,本科批,文科,,,583,1053,
2960,中国人民大学,2023,安徽,本科批,文科,,,635,39,
2962,中国人民公安大学,2023,安徽,本科批,文科,,,588,2065,
2964,中国社会科学院大学,2023,安徽,本科批,文科,,,590,1556,
2965,中国石油大学(北京),2023,安徽,本科批,文科,,,575,3103,
2966,中国石油大学(北京)克拉玛依校区,2023,安徽,本科批,文科,,,541,6414,
2967,中国石油大学(华东),2023,安徽,本科批,文科,,,566,4505,
2968,中国戏曲学院,2023,安徽,本科批,文科,,,525,10745,
2971,中国药科大学,2023,安徽,本科批,文科,,,576,3240,
2974,中国政法大学,2023,安徽,本科批,文科,,,613,200,
2975,中华女子学院,2023,安徽,本科批,文科,,,489,11563,
2976,中南财经政法大学,2023,安徽,本科批,文科,,,593,873,
2977,中南大学,2023,安徽,本科批,文科,,,607,838,
2978,中南林业科技大学,2023,安徽,本科批,文科,,,518,13056,
2980,中南民族大学,2023,安徽,本科批,文科,,,550,5594,
2981,中山大学,2023,安徽,本科批,文科,,,614,320,
2984,中央财经大学,2023,安徽,本科批,文科,,,603,679,
2986,中央民族大学,2023,安徽,本科批,文科,,,584,1197,
2988,中央戏剧学院,2023,安徽,本科批,文科,,,564,4664,
2990,中原工学院,2023,安徽,本科批,文科,,,486,25881,
2991,中原科技学院,2023,安徽,本科批,文科,,,470,36189,
2994,周口师范学院,2023,安徽,本科批,文科,,,469,28600,
2997,珠海科技学院,2023,安徽,本科批,文科,,,457,36189,
9001,安徽大学,2023,安徽,本科批,文科,,,564,2314,
9002,安徽财经大学,2023,安徽,本科批,文科,,,525,6824,
9003,安徽工程大学,2023,安徽,本科批,文科,,,512,13660,
9004,安徽工业大学,2023,安徽,本科批,文科,,,509,11282,
9005,安徽建筑大学,2023,安徽,本科批,文科,,,497,11282,
9006,安徽理工大学,2023,安徽,本科批,文科,,,524,11563,
9007,安徽农业大学,2023,安徽,本科批,文科,,,536,8514,
9008,安徽师范大学,2023,安徽,本科批,文科,,,541,5916,
9009,安徽医科大学,2023,安徽,本科批,文科,,,502,11863,
9010,安徽中医药大学,2023,安徽,本科批,文科,,,499,7234,
9011,安庆师范大学,2023,安徽,本科批,文科,,,508,14655,
9012,淮北师范大学,2023,安徽,本科批,文科,,,502,14655,
9101,安徽科技学院,2023,安徽,本科批,文科,,,485,23202,
9102,蚌埠学院,2023,安徽,本科批,文科,,,481,29041,
9103,蚌埠医科大学,2023,安徽,本科批,文科,,,488,10501,
9104,亳州学院,2023,安徽,本科批,文科,,,476,31375,
9105,巢湖学院,2023,安徽,本科批,文科,,,468,24085,
9106,池州学院,2023,安徽,本科批,文科,,,475,27675,
9107,滁州学院,2023,安徽,本科批,文科,,,482,22354,
9108,阜阳师范大学,2023,安徽,本科批,文科,,,499,17451,
9109,合肥师范学院,2023,安徽,本科批,文科,,,506,14984,
9110,合肥大学,2023,安徽,本科批,文科,,,500,11563,
9111,淮南师范学院,2023,安徽,本科批,文科,,,478,22765,
9112,黄山学院,2023,安徽,本科批,文科,,,463,25413,
9113,铜陵学院,2023,安徽,本科批,文科,,,486,23652,
9114,皖南医学院,2023,安徽,本科批,文科,,,486,27217,
9115,皖西学院,2023,安徽,本科批,文科,,,483,22765,
9116,宿州学院,2023,安徽,本科批,文科,,,474,24968,
9117,安徽艺术学院,2023,安徽,本科批,文科,,,472,35217,
9201,蚌埠工商学院,2023,安徽,本科批,文科,,,457,40165,
9203,马鞍山学院,2023,安徽,本科批,文科,,,454,42113,
9204,合肥城市学院,2023,安徽,本科批,文科,,,462,40165,
9205,合肥经济学院,2023,安徽,本科批,文科,,,466,36684,
9206,安徽三联学院,2023,安徽,本科批,文科,,,440,40165,
9207,芜湖学院,2023,安徽,本科批,文科,,,472,34257,
9208,安徽外国语学院,2023,安徽,本科批,文科,,,440,45073,
9209,安徽文达信息工程学院,2023,安徽,本科批,文科,,,444,45558,
9210,安徽新华学院,2023,安徽,本科批,文科,,,447,42635,
9211,安徽信息工程学院,2023,安徽,本科批,文科,,,453,44095,
9212,安徽医科大学临床医学院,2023,安徽,本科批,文科,,,469,37216,
9213,阜阳理工学院,2023,安徽,本科批,文科,,,470,36189,
9214,皖江工学院,2023,安徽,本科批,文科,,,447,42635,
9215,淮北理工学院,2023,安徽,本科批,文科,,,461,39145,
1061,北京师范大学,2023,安徽,本科提前批-优师专项,文科,,,580,2770,
1253,东北师范大学,2023,安徽,本科提前批-优师专项,文科,,,567,4361,
1726,华东师范大学,2023,安徽,本科提前批-优师专项,文科,,,584,1890,
1735,华中师范大学,2023,安徽,本科提前批-优师专项,文科,,,573,2496,
2296,陕西师范大学,2023,安徽,本科提前批-优师专项,文科,,,568,3718,
2697,西南大学,2023,安徽,本科提前批-优师专项,文科,,,567,2680,
9008,安徽师范大学,2023,安徽,本科提前批-优师专项,文科,,,540,5118,
2060,南京警察学院,2023,安徽,本科提前批-公安,文科,,,493,1752,
2836,云南警官学院,2023,安徽,本科提前批-公安,文科,,,484,30443,
2930,郑州警察学院,2023,安徽,本科提前批-公安,文科,,,392,1377,
2962,中国人民公安大学,2023,安徽,本科提前批-公安,文科,,,588,838,
2970,中国刑事警察学院,2023,安徽,本科提前批-公安,文科,,,550,1438,
1253,东北师范大学,2023,安徽,本科提前批-公费师范生,文科,,,599,1197,
1726,华东师范大学,2023,安徽,本科提前批-公费师范生,文科,,,621,320,
1735,华中师范大学,2023,安徽,本科提前批-公费师范生,文科,,,601,746,
2296,陕西师范大学,2023,安徽,本科提前批-公费师范生,文科,,,599,971,
2697,西南大学,2023,安徽,本科提前批-公费师范生,文科,,,600,1053,
1029,北京大学,2023,安徽,本科提前批-其他,文科,,,649,22,
1033,北京电子科技学院,2023,安徽,本科提前批-其他,文科,,,581,2680,
1074,北京语言大学,2023,安徽,本科提前批-其他,文科,,,561,4664,
1263,对外经济贸易大学,2023,安徽,本科提前批-其他,文科,,,598,873,
1444,国际关系学院,2023,安徽,本科提前批-其他,文科,,,575,1752,
1584,黑龙江大学,2023,安徽,本科提前批-其他,文科,,,513,11863,
1727,华东政法大学,2023,安徽,本科提前批-其他,文科,,,565,3609,
1857,江西师范大学,2023,安徽,本科提前批-其他,文科,,,537,10225,
2086,南开大学,2023,安徽,本科提前批-其他,文科,,,615,617,
2168,清华大学,2023,安徽,本科提前批-其他,文科,,,654,24,
2209,山东大学,2023,安徽,本科提前批-其他,文科,,,606,971,
2327,上海海关学院,2023,安徽,本科提前批-其他,文科,,,569,4100,
2357,上海外国语大学,2023,安徽,本科提前批-其他,文科,,,579,1313,
2376,深圳北理莫斯科大学,2023,安徽,本科提前批-其他,文科,,,502,17451,
2424,四川大学,2023,安徽,本科提前批-其他,文科,,,607,924,
2446,四川外国语大学,2023,安徽,本科提前批-其他,文科,,,538,6619,
2562,外交学院,2023,安徽,本科提前批-其他,文科,,,593,554,
2604,武汉大学,2023,安徽,本科提前批-其他,文科,,,621,442,
2657,西安交通大学,2023,安徽,本科提前批-其他,文科,,,612,711,
2671,西安外国语大学,2023,安徽,本科提前批-其他,文科,,,527,9481,
2706,西南政法大学,2023,安徽,本科提前批-其他,文科,,,544,8514,
2726,香港中文大学(深圳),2023,安徽,本科提前批-其他,文科,,,599,1313,
2750,新疆师范大学,2023,安徽,本科提前批-其他,文科,,,488,28600,
2873,浙江大学,2023,安徽,本科提前批-其他,文科,,,633,200,
2945,中国传媒大学,2023,安徽,本科提前批-其他,文科,,,585,2223,
2958,中国民用航空飞行学院,2023,安徽,本科提前批-其他,文科,,,534,10997,
2960,中国人民大学,2023,安徽,本科提前批-其他,文科,,,635,121,
2961,中国人民大学,2023,安徽,本科提前批-其他,文科,,,599,1313,
2976,中南财经政法大学,2023,安徽,本科提前批-其他,文科,,,571,3718,
8101,香港城市大学,2023,安徽,本科提前批-其他,文科,,,584,1752,
9008,安徽师范大学,2023,安徽,本科提前批-其他,文科,,,542,8964,
6001,国防科技大学,2023,安徽,本科提前批-军事院校,文科,,,595,276,
6007,陆军边海防学院,2023,安徽,本科提前批-军事院校,文科,,,566,4505,
6023,战略支援部队信息工程大学,2023,安徽,本科提前批-军事院校,文科,,,573,3491,
6024,武警工程大学,2023,安徽,本科提前批-军事院校,文科,,,559,3974,
6025,武警警官学院,2023,安徽,本科提前批-军事院校,文科,,,560,5412,
6027,武警海警学院,2023,安徽,本科提前批-军事院校,文科,,,563,1975,
8104,海军航空大学,2023,安徽,本科提前批-军事院校,文科,,,568,4225,
9010,安徽中医药大学,2023,安徽,本科提前批-农村订单定向免费医学生,文科,,,509,8514,
2969,中国消防救援学院,2023,安徽,本科提前批-司法及应急消防,文科,,,549,4225,
2987,中央司法警官学院,2023,安徽,本科提前批-司法及应急消防,文科,,,452,8514,
9008,安徽师范大学,2023,安徽,本科提前批-定向培养乡村教师,文科,,,489,5118,
9011,安庆师范大学,2023,安徽,本科提前批-定向培养乡村教师,文科,,,446,7637,
9012,淮北师范大学,2023,安徽,本科提前批-定向培养乡村教师,文科,,,444,12755,
9108,阜阳师范大学,2023,安徽,本科提前批-定向培养乡村教师,文科,,,465,8514,
9109,合肥师范学院,2023,安徽,本科提前批-定向培养乡村教师,文科,,,460,9971,
9111,淮南师范学院,2023,安徽,本科提前批-定向培养乡村教师,文科,,,457,16342,
1065,北京外国语大学,2023,安徽,本科提前批-综合评价,文科,,,573,838,
1920,昆山杜克大学,2023,安徽,本科提前批-综合评价,文科,,,577,3103,
1002,安康职业技术学院,2023,安徽,高职专科,文科,,,206,117697,
1005,安阳幼儿师范高等专科学校,2023,安徽,高职专科,文科,,,296,117697,
1007,鞍山师范学院,2023,安徽,高职专科,文科,,,276,82346,
1009,巴中职业技术学院,2023,安徽,高职专科,文科,,,223,146669,
1014,包头铁道职业技术学院,2023,安徽,高职专科,文科,,,328,113754,
1015,包头职业技术学院,2023,安徽,高职专科,文科,,,319,118168,
1018,宝鸡职业技术学院,2023,安徽,高职专科,文科,,,308,59572,
1019,宝鸡中北职业学院,2023,安徽,高职专科,文科,,,223,146669,
1034,北京电子科技职业学院,2023,安徽,高职专科,文科,,,421,61645,
1039,北京工业职业技术学院,2023,安徽,高职专科,文科,,,401,70617,
1045,北京交通运输职业学院,2023,安徽,高职专科,文科,,,367,85890,
1047,北京经济管理职业学院,2023,安徽,高职专科,文科,,,328,96667,
1048,北京经济技术职业学院,2023,安徽,高职专科,文科,,,299,102973,
1057,北京农业职业学院,2023,安徽,高职专科,文科,,,411,66881,
1058,北京培黎职业学院,2023,安徽,高职专科,文科,,,223,115278,
1070,北京信息职业技术学院,2023,安徽,高职专科,文科,,,230,85301,
1075,北京政法职业学院,2023,安徽,高职专科,文科,,,384,56466,
1077,北京中医药大学东方学院,2023,安徽,高职专科,文科,,,384,81743,
1082,渤海船舶职业学院,2023,安徽,高职专科,文科,,,184,139577,
1086,沧州医学高等专科学校,2023,安徽,高职专科,文科,,,398,56973,
1098,长春金融高等专科学校,2023,安徽,高职专科,文科,,,209,144759,
1103,长春师范高等专科学校,2023,安徽,高职专科,文科,,,300,74329,
1104,长春医学高等专科学校,2023,安徽,高职专科,文科,,,363,81178,
1107,长江大学文理学院,2023,安徽,高职专科,文科,,,358,97260,
1108,长江工程职业技术学院,2023,安徽,高职专科,文科,,,283,113754,
1110,长江艺术工程职业学院,2023,安徽,高职专科,文科,,,201,124669,
1111,长江职业学院,2023,安徽,高职专科,文科,,,304,121716,
1112,长沙航空职业技术学院,2023,安徽,高职专科,文科,,,430,56973,
1113,长沙环境保护职业技术学院,2023,安徽,高职专科,文科,,,243,142895,
1116,长沙民政职业技术学院,2023,安徽,高职专科,文科,,,410,52940,
1117,长沙南方职业学院,2023,安徽,高职专科,文科,,,236,114272,
1118,长沙商贸旅游职业技术学院,2023,安徽,高职专科,文科,,,265,137787,
1120,长沙卫生职业学院,2023,安徽,高职专科,文科,,,429,50470,
1129,常州纺织服装职业技术学院,2023,安徽,高职专科,文科,,,255,121300,
1130,常州工程职业技术学院,2023,安徽,高职专科,文科,,,336,87603,
1132,常州工业职业技术学院,2023,安徽,高职专科,文科,,,313,104665,
1133,常州机电职业技术学院,2023,安徽,高职专科,文科,,,371,61645,
1134,常州信息职业技术学院,2023,安徽,高职专科,文科,,,388,58005,
1135,朝阳师范学院,2023,安徽,高职专科,文科,,,336,82346,
1138,成都纺织高等专科学校,2023,安徽,高职专科,文科,,,341,85301,
1143,成都理工大学工程技术学院,2023,安徽,高职专科,文科,,,318,113264,
1144,成都农业科技职业学院,2023,安徽,高职专科,文科,,,343,82937,
1151,成都银杏酒店管理学院,2023,安徽,高职专科,文科,,,324,115762,
1153,承德护理职业学院,2023,安徽,高职专科,文科,,,371,84686,
1158,重庆财经职业学院,2023,安徽,高职专科,文科,,,313,58540,
1159,重庆城市管理职业学院,2023,安徽,高职专科,文科,,,392,76547,
1162,重庆传媒职业学院,2023,安徽,高职专科,文科,,,212,127490,
1165,重庆电力高等专科学校,2023,安徽,高职专科,文科,,,403,62208,
1167,重庆电子科技职业大学,2023,安徽,高职专科,文科,,,385,68444,
1170,重庆工程职业技术学院,2023,安徽,高职专科,文科,,,361,81178,
1173,重庆工商职业学院,2023,安徽,高职专科,文科,,,394,69589,
1174,重庆工业职业技术学院,2023,安徽,高职专科,文科,,,376,78302,
1175,重庆海联职业技术学院,2023,安徽,高职专科,文科,,,283,132522,
1176,重庆航天职业技术学院,2023,安徽,高职专科,文科,,,331,101335,
1178,重庆建筑工程职业学院,2023,安徽,高职专科,文科,,,362,87012,
1179,重庆建筑科技职业学院,2023,安徽,高职专科,文科,,,200,143529,
1183,重庆科技职业学院,2023,安徽,高职专科,文科,,,205,146194,
1185,重庆理工职业学院,2023,安徽,高职专科,文科,,,336,109581,
1186,重庆旅游职业学院,2023,安徽,高职专科,文科,,,247,70617,
1187,重庆能源职业学院,2023,安徽,高职专科,文科,,,404,70617,
1190,重庆三峡医药高等专科学校,2023,安徽,高职专科,文科,,,405,65309,
1191,重庆商务职业学院,2023,安徽,高职专科,文科,,,399,67905,
1193,重庆水利电力职业技术学院,2023,安徽,高职专科,文科,,,372,88827,
1196,重庆信息技术职业学院,2023,安徽,高职专科,文科,,,222,136173,
1198,重庆医药高等专科学校,2023,安徽,高职专科,文科,,,429,54433,
1200,重庆艺术工程职业学院,2023,安徽,高职专科,文科,,,351,78862,
1202,重庆幼儿师范高等专科学校,2023,安徽,高职专科,文科,,,415,64769,
1206,楚雄医药高等专科学校,2023,安徽,高职专科,文科,,,362,94852,
1208,川南幼儿师范高等专科学校,2023,安徽,高职专科,文科,,,308,122984,
1210,大连财经学院,2023,安徽,高职专科,文科,,,254,105259,
1213,大连枫叶职业技术学院,2023,安徽,高职专科,文科,,,322,116750,
1218,大连航运职业技术学院,2023,安徽,高职专科,文科,,,313,120854,
1231,大连职业技术学院,2023,安徽,高职专科,文科,,,218,131832,
1234,大庆医学高等专科学校,2023,安徽,高职专科,文科,,,247,89436,
1235,大庆职业学院,2023,安徽,高职专科,文科,,,233,119055,
1237,德宏职业学院,2023,安徽,高职专科,文科,,,285,89436,
1238,德阳城市轨道交通职业学院,2023,安徽,高职专科,文科,,,356,98439,
1240,德州科技职业学院,2023,安徽,高职专科,文科,,,257,112731,
1254,东北石油大学,2023,安徽,高职专科,文科,,,433,54931,
1256,东莞职业技术学院,2023,安徽,高职专科,文科,,,312,82937,
1261,东营科技职业学院,2023,安徽,高职专科,文科,,,287,131141,
1262,东营职业学院,2023,安徽,高职专科,文科,,,272,128647,
1264,鄂州职业大学,2023,安徽,高职专科,文科,,,316,102423,
1265,恩施职业技术学院,2023,安徽,高职专科,文科,,,232,128647,
1268,福建船政交通职业学院,2023,安徽,高职专科,文科,,,303,104106,
1269,福建电力职业技术学院,2023,安徽,高职专科,文科,,,332,111702,
1275,福建林业职业技术学院,2023,安徽,高职专科,文科,,,203,127089,
1278,福建农业职业技术学院,2023,安徽,高职专科,文科,,,336,109581,
1280,福建生物工程职业技术学院,2023,安徽,高职专科,文科,,,244,142696,
1283,福建水利电力职业技术学院,2023,安徽,高职专科,文科,,,202,144375,
1284,福建卫生职业技术学院,2023,安徽,高职专科,文科,,,321,66347,
1285,福建信息职业技术学院,2023,安徽,高职专科,文科,,,270,135887,
1292,福州黎明职业技术学院,2023,安徽,高职专科,文科,,,211,122148,
1294,福州墨尔本理工职业学院,2023,安徽,高职专科,文科,,,303,125070,
1295,福州软件职业技术学院,2023,安徽,高职专科,文科,,,302,73263,
1298,福州职业技术学院,2023,安徽,高职专科,文科,,,276,111198,
1299,抚顺师范高等专科学校,2023,安徽,高职专科,文科,,,285,122984,
1301,阜新高等专科学校,2023,安徽,高职专科,文科,,,230,125070,
1308,甘肃卫生职业学院,2023,安徽,高职专科,文科,,,347,79988,
1316,赣南卫生健康职业学院,2023,安徽,高职专科,文科,,,238,143952,
1318,赣西科技职业学院,2023,安徽,高职专科,文科,,,238,143952,
1319,赣州师范高等专科学校,2023,安徽,高职专科,文科,,,380,69589,
1320,赣州职业技术学院,2023,安徽,高职专科,文科,,,244,100137,
1326,广东创新科技职业学院,2023,安徽,高职专科,文科,,,237,144171,
1329,广东工程职业技术学院,2023,安徽,高职专科,文科,,,244,142696,
1330,广东工贸职业技术学院,2023,安徽,高职专科,文科,,,311,104106,
1331,广东工商职业技术大学,2023,安徽,高职专科,文科,,,241,135588,
1334,广东环境保护工程职业学院,2023,安徽,高职专科,文科,,,237,144171,
1335,广东机电职业技术学院,2023,安徽,高职专科,文科,,,223,146669,
1337,广东建设职业技术学院,2023,安徽,高职专科,文科,,,298,85301,
1338,广东交通职业技术学院,2023,安徽,高职专科,文科,,,273,110127,
1342,广东科学技术职业学院,2023,安徽,高职专科,文科,,,378,54931,
1343,广东理工职业学院,2023,安徽,高职专科,文科,,,274,113264,
1344,广东岭南职业技术学院,2023,安徽,高职专科,文科,,,250,141353,
1345,广东茂名健康职业学院,2023,安徽,高职专科,文科,,,261,138809,
1346,广东农工商职业技术学院,2023,安徽,高职专科,文科,,,263,106916,
1350,广东食品药品职业学院,2023,安徽,高职专科,文科,,,241,108505,
1351,广东水利电力职业技术学院,2023,安徽,高职专科,文科,,,273,104106,
1352,广东司法警官职业学院,2023,安徽,高职专科,文科,,,339,107984,
1356,广东文理职业学院,2023,安徽,高职专科,文科,,,259,137787,
1367,广西电力职业技术学院,2023,安徽,高职专科,文科,,,362,94852,
1368,广西工业职业技术学院,2023,安徽,高职专科,文科,,,296,127874,
1369,广西国际商务职业技术学院,2023,安徽,高职专科,文科,,,438,52940,
1370,广西机电职业技术学院,2023,安徽,高职专科,文科,,,273,135588,
1371,广西金融职业技术学院,2023,安徽,高职专科,文科,,,302,125495,
1372,广西经济职业学院,2023,安徽,高职专科,文科,,,209,143952,
1374,广西科技职业学院,2023,安徽,高职专科,文科,,,269,136719,
1380,广西体育高等专科学校,2023,安徽,高职专科,文科,,,256,140042,
1385,广西幼儿师范高等专科学校,2023,安徽,高职专科,文科,,,239,101335,
1389,广元中核职业技术学院,2023,安徽,高职专科,文科,,,237,144171,
1392,广州东华职业学院,2023,安徽,高职专科,文科,,,338,108505,
1393,广州番禺职业技术学院,2023,安徽,高职专科,文科,,,298,73263,
1400,广州科技贸易职业学院,2023,安徽,高职专科,文科,,,259,139317,
1401,广州科技职业技术大学,2023,安徽,高职专科,文科,,,254,140482,
1404,广州民航职业技术学院,2023,安徽,高职专科,文科,,,402,56973,
1406,广州南洋理工职业学院,2023,安徽,高职专科,文科,,,238,143952,
1409,广州涉外经济职业技术学院,2023,安徽,高职专科,文科,,,249,141590,
1411,广州铁路职业技术学院,2023,安徽,高职专科,文科,,,402,59047,
1412,广州卫生职业技术学院,2023,安徽,高职专科,文科,,,389,55417,
1417,广州珠江职业技术学院,2023,安徽,高职专科,文科,,,346,86442,
1418,硅湖职业技术学院,2023,安徽,高职专科,文科,,,205,105259,
1425,贵州工贸职业学院,2023,安徽,高职专科,文科,,,294,128647,
1437,桂林理工大学,2023,安徽,高职专科,文科,,,411,64269,
1438,桂林旅游学院,2023,安徽,高职专科,文科,,,253,107984,
1445,哈尔滨北方航空职业技术学院,2023,安徽,高职专科,文科,,,262,138533,
1456,哈尔滨科学技术职业学院,2023,安徽,高职专科,文科,,,221,134078,
1462,哈尔滨铁道职业技术学院,2023,安徽,高职专科,文科,,,350,88827,
1467,哈尔滨职业技术大学,2023,安徽,高职专科,文科,,,208,127490,
1469,海口经济学院,2023,安徽,高职专科,文科,,,214,125070,
1471,海南工商职业学院,2023,安徽,高职专科,文科,,,263,138286,
1473,海南经贸职业技术学院,2023,安徽,高职专科,文科,,,237,56973,
1474,海南科技职业大学,2023,安徽,高职专科,文科,,,207,145652,
1475,海南热带海洋学院,2023,安徽,高职专科,文科,,,200,128647,
1479,海南外国语职业学院,2023,安徽,高职专科,文科,,,248,84686,
1480,海南卫生健康职业学院,2023,安徽,高职专科,文科,,,268,136173,
1482,海南政法职业学院,2023,安徽,高职专科,文科,,,297,58005,
1483,海南职业技术学院,2023,安徽,高职专科,文科,,,201,138809,
1486,邯郸幼儿师范高等专科学校,2023,安徽,高职专科,文科,,,364,72742,
1487,邯郸职业技术学院,2023,安徽,高职专科,文科,,,261,138809,
1489,汉口学院,2023,安徽,高职专科,文科,,,388,66347,
1490,汉中职业技术学院,2023,安徽,高职专科,文科,,,285,127874,
1493,杭州科技职业技术学院,2023,安徽,高职专科,文科,,,320,61106,
1495,杭州万向职业技术学院,2023,安徽,高职专科,文科,,,336,78302,
1497,杭州职业技术学院,2023,安徽,高职专科,文科,,,429,52940,
1509,河北对外经贸职业学院,2023,安徽,高职专科,文科,,,298,114775,
1516,河北轨道运输职业技术学院,2023,安徽,高职专科,文科,,,341,92449,
1517,河北化工医药职业技术学院,2023,安徽,高职专科,文科,,,292,123849,
1522,河北交通职业技术学院,2023,安徽,高职专科,文科,,,263,105259,
1526,河北科技工程职业技术大学,2023,安徽,高职专科,文科,,,261,137259,
1528,河北科技学院,2023,安徽,高职专科,文科,,,211,148392,
1529,河北劳动关系职业学院,2023,安徽,高职专科,文科,,,258,138059,
1543,河北正定师范高等专科学校,2023,安徽,高职专科,文科,,,220,120433,
1549,河南测绘职业学院,2023,安徽,高职专科,文科,,,222,133132,
1556,河南护理职业学院,2023,安徽,高职专科,文科,,,341,106916,
1558,河南经贸职业学院,2023,安徽,高职专科,文科,,,309,97260,
1565,河南农业职业学院,2023,安徽,高职专科,文科,,,305,124282,
1567,河南水利与环境职业学院,2023,安徽,高职专科,文科,,,323,116264,
1568,河南司法警官职业学院,2023,安徽,高职专科,文科,,,354,99586,
1570,河南医学高等专科学校,2023,安徽,高职专科,文科,,,357,97835,
1574,河源职业技术学院,2023,安徽,高职专科,文科,,,271,118640,
1575,菏泽家政职业学院,2023,安徽,高职专科,文科,,,246,142262,
1577,菏泽医学专科学校,2023,安徽,高职专科,文科,,,370,75931,
1579,鹤壁职业技术学院,2023,安徽,高职专科,文科,,,231,139060,
1580,鹤岗师范高等专科学校,2023,安徽,高职专科,文科,,,205,143952,
1589,黑龙江护理高等专科学校,2023,安徽,高职专科,文科,,,335,102973,
1590,黑龙江建筑职业技术学院,2023,安徽,高职专科,文科,,,215,131141,
1591,黑龙江交通职业技术学院,2023,安徽,高职专科,文科,,,332,105825,
1593,黑龙江林业职业技术学院,2023,安徽,高职专科,文科,,,323,116264,
1597,黑龙江农垦职业学院,2023,安徽,高职专科,文科,,,205,123849,
1599,黑龙江农业经济职业学院,2023,安徽,高职专科,文科,,,259,139317,
1603,黑龙江司法警官职业学院,2023,安徽,高职专科,文科,,,311,119974,
1606,黑龙江幼儿师范高等专科学校,2023,安徽,高职专科,文科,,,270,99586,
1607,黑龙江职业学院,2023,安徽,高职专科,文科,,,201,136436,
1616,湖北城市建设职业技术学院,2023,安徽,高职专科,文科,,,270,114775,
1620,湖北恩施学院,2023,安徽,高职专科,文科,,,276,118640,
1623,湖北工程职业学院,2023,安徽,高职专科,文科,,,205,135887,
1626,湖北工业职业技术学院,2023,安徽,高职专科,文科,,,240,139060,
1627,湖北国土资源职业学院,2023,安徽,高职专科,文科,,,216,125888,
1630,湖北交通职业技术学院,2023,安徽,高职专科,文科,,,314,106916,
1636,湖北科技职业学院,2023,安徽,高职专科,文科,,,236,141159,
1641,湖北三峡职业技术学院,2023,安徽,高职专科,文科,,,333,58005,
1642,湖北商贸学院,2023,安徽,高职专科,文科,,,241,135023,
1643,湖北生态工程职业技术学院,2023,安徽,高职专科,文科,,,226,97260,
1644,湖北生物科技职业学院,2023,安徽,高职专科,文科,,,272,107984,
1646,湖北师范大学文理学院,2023,安徽,高职专科,文科,,,401,64269,
1647,湖北水利水电职业技术学院,2023,安徽,高职专科,文科,,,314,110646,
1648,湖北铁道运输职业学院,2023,安徽,高职专科,文科,,,349,84686,
1654,湖北幼儿师范高等专科学校,2023,安徽,高职专科,文科,,,314,74869,
1655,湖北职业技术学院,2023,安徽,高职专科,文科,,,388,61106,
1657,湖北中医药高等专科学校,2023,安徽,高职专科,文科,,,247,68444,
1658,湖南安全技术职业学院,2023,安徽,高职专科,文科,,,231,145334,
1659,湖南财经工业职业技术学院,2023,安徽,高职专科,文科,,,308,122984,
1661,湖南城建职业技术学院,2023,安徽,高职专科,文科,,,217,147620,
1664,湖南大众传媒职业技术学院,2023,安徽,高职专科,文科,,,413,59047,
1667,湖南高速铁路职业技术学院,2023,安徽,高职专科,文科,,,410,53923,
1669,湖南工程职业技术学院,2023,安徽,高职专科,文科,,,270,103562,
1674,湖南工业职业技术学院,2023,安徽,高职专科,文科,,,330,101335,
1677,湖南化工职业技术学院,2023,安徽,高职专科,文科,,,324,115762,
1678,湖南机电职业技术学院,2023,安徽,高职专科,文科,,,325,115278,
1679,湖南交通职业技术学院,2023,安徽,高职专科,文科,,,327,99586,
1692,湖南软件职业技术大学,2023,安徽,高职专科,文科,,,219,143952,
1693,湖南三一工业职业技术学院,2023,安徽,高职专科,文科,,,330,112731,
1694,湖南商务职业技术学院,2023,安徽,高职专科,文科,,,204,128260,
1698,湖南石油化工职业技术学院,2023,安徽,高职专科,文科,,,308,122984,
1699,湖南食品药品职业学院,2023,安徽,高职专科,文科,,,279,102423,
1700,湖南水利水电职业技术学院,2023,安徽,高职专科,文科,,,319,102973,
1702,湖南铁道职业技术学院,2023,安徽,高职专科,文科,,,411,61106,
1703,湖南铁路科技职业技术学院,2023,安徽,高职专科,文科,,,399,67398,
1707,湖南信息职业技术学院,2023,安徽,高职专科,文科,,,305,98439,
1710,湖南邮电职业技术学院,2023,安徽,高职专科,文科,,,355,98993,
1711,湖南幼儿师范高等专科学校,2023,安徽,高职专科,文科,,,395,66881,
1720,华北理工大学,2023,安徽,高职专科,文科,,,435,52420,
1722,华北理工大学轻工学院,2023,安徽,高职专科,文科,,,241,115762,
1739,黄冈科技职业学院,2023,安徽,高职专科,文科,,,200,106401,
1741,黄冈职业技术学院,2023,安徽,高职专科,文科,,,390,63241,
1748,吉安职业技术学院,2023,安徽,高职专科,文科,,,280,127874,
1752,吉林电子信息职业技术学院,2023,安徽,高职专科,文科,,,295,128260,
1760,吉林警察学院,2023,安徽,高职专科,文科,,,424,60098,
1766,吉林司法警官职业学院,2023,安徽,高职专科,文科,,,310,119974,
1768,吉林铁道职业技术学院,2023,安徽,高职专科,文科,,,381,75389,
1776,济南工程职业技术学院,2023,安徽,高职专科,文科,,,347,103562,
1777,济南护理职业学院,2023,安徽,高职专科,文科,,,360,95430,
1778,济南幼儿师范高等专科学校,2023,安徽,高职专科,文科,,,354,73785,
1779,济南职业学院,2023,安徽,高职专科,文科,,,241,69589,
1782,济宁职业技术学院,2023,安徽,高职专科,文科,,,247,112237,
1788,嘉兴南洋职业技术学院,2023,安徽,高职专科,文科,,,283,132522,
1790,嘉兴职业技术学院,2023,安徽,高职专科,文科,,,371,89436,
1792,建东职业技术学院,2023,安徽,高职专科,文科,,,205,145334,
1793,江海职业技术学院,2023,安徽,高职专科,文科,,,200,133132,
1795,江汉艺术职业学院,2023,安徽,高职专科,文科,,,231,106916,
1796,江门职业技术学院,2023,安徽,高职专科,文科,,,243,113264,
1798,江南影视艺术职业学院,2023,安徽,高职专科,文科,,,267,137259,
1799,江苏安全技术职业学院,2023,安徽,高职专科,文科,,,302,110127,
1800,江苏财会职业学院,2023,安徽,高职专科,文科,,,373,74869,
1801,江苏财经职业技术学院,2023,安徽,高职专科,文科,,,214,66347,
1802,江苏城市职业学院,2023,安徽,高职专科,文科,,,375,58005,
1803,江苏城乡建设职业学院,2023,安徽,高职专科,文科,,,286,110646,
1807,江苏电子信息职业学院,2023,安徽,高职专科,文科,,,339,96045,
1808,江苏工程职业技术学院,2023,安徽,高职专科,文科,,,391,62715,
1809,江苏海事职业技术学院,2023,安徽,高职专科,文科,,,400,65833,
1811,江苏航空职业技术学院,2023,安徽,高职专科,文科,,,298,85301,
1812,江苏航运职业技术学院,2023,安徽,高职专科,文科,,,336,84686,
1813,江苏护理职业学院,2023,安徽,高职专科,文科,,,405,63241,
1814,江苏建筑职业技术学院,2023,安徽,高职专科,文科,,,368,82346,
1815,江苏经贸职业技术学院,2023,安徽,高职专科,文科,,,421,55417,
1819,江苏旅游职业学院,2023,安徽,高职专科,文科,,,281,128260,
1820,江苏农林职业技术学院,2023,安徽,高职专科,文科,,,366,72742,
1821,江苏农牧科技职业学院,2023,安徽,高职专科,文科,,,369,71134,
1822,江苏商贸职业学院,2023,安徽,高职专科,文科,,,223,69034,
1825,江苏食品药品职业技术学院,2023,安徽,高职专科,文科,,,359,89436,
1826,江苏卫生健康职业学院,2023,安徽,高职专科,文科,,,421,55971,
1827,江苏信息职业技术学院,2023,安徽,高职专科,文科,,,378,84686,
1828,江苏医药职业学院,2023,安徽,高职专科,文科,,,412,60615,
1831,江西财经职业学院,2023,安徽,高职专科,文科,,,239,131470,
1832,江西传媒职业学院,2023,安徽,高职专科,文科,,,235,116264,
1833,江西电力职业技术学院,2023,安徽,高职专科,文科,,,372,82937,
1836,江西工程职业学院,2023,安徽,高职专科,文科,,,207,137514,
1837,江西工商职业技术学院,2023,安徽,高职专科,文科,,,263,138286,
1838,江西工业工程职业技术学院,2023,安徽,高职专科,文科,,,253,140702,
1839,江西工业职业技术学院,2023,安徽,高职专科,文科,,,200,137787,
1840,江西航空职业技术学院,2023,安徽,高职专科,文科,,,275,119974,
1842,江西环境工程职业学院,2023,安徽,高职专科,文科,,,234,142468,
1844,江西建设职业技术学院,2023,安徽,高职专科,文科,,,236,115278,
1845,江西交通职业技术学院,2023,安徽,高职专科,文科,,,332,103562,
1849,江西科技职业学院,2023,安徽,高职专科,文科,,,223,138533,
1851,江西旅游商贸职业学院,2023,安徽,高职专科,文科,,,250,136436,
1854,江西青年职业学院,2023,安徽,高职专科,文科,,,225,114775,
1855,江西软件职业技术大学,2023,安徽,高职专科,文科,,,239,124282,
1856,江西生物科技职业学院,2023,安徽,高职专科,文科,,,203,148522,
1859,江西师范高等专科学校,2023,安徽,高职专科,文科,,,389,57483,
1860,江西水利职业学院,2023,安徽,高职专科,文科,,,307,113754,
1861,江西司法警官职业学院,2023,安徽,高职专科,文科,,,329,106401,
1862,江西泰豪动漫职业学院,2023,安徽,高职专科,文科,,,209,119055,
1864,江西外语外贸职业学院,2023,安徽,高职专科,文科,,,201,59047,
1865,江西婺源茶业职业学院,2023,安徽,高职专科,文科,,,308,98993,
1866,江西现代职业技术学院,2023,安徽,高职专科,文科,,,226,63241,
1867,江西新能源科技职业学院,2023,安徽,高职专科,文科,,,200,129343,
1869,江西冶金职业技术学院,2023,安徽,高职专科,文科,,,233,144965,
1870,江西医学高等专科学校,2023,安徽,高职专科,文科,,,385,71669,
1871,江西艺术职业学院,2023,安徽,高职专科,文科,,,232,145146,
1872,江西应用技术职业学院,2023,安徽,高职专科,文科,,,242,114775,
1873,江西应用科技学院,2023,安徽,高职专科,文科,,,266,137514,
1876,江西中医药高等专科学校,2023,安徽,高职专科,文科,,,324,79988,
1877,江阴职业技术学院,2023,安徽,高职专科,文科,,,295,128260,
1878,焦作大学,2023,安徽,高职专科,文科,,,369,74329,
1879,焦作师范高等专科学校,2023,安徽,高职专科,文科,,,405,70074,
1880,揭阳职业技术学院,2023,安徽,高职专科,文科,,,206,144965,
1882,金肯职业技术学院,2023,安徽,高职专科,文科,,,201,144375,
1884,金山职业技术学院,2023,安徽,高职专科,文科,,,202,127490,
1885,锦州师范高等专科学校,2023,安徽,高职专科,文科,,,253,94268,
1891,荆门职业学院,2023,安徽,高职专科,文科,,,202,136979,
1892,荆州理工职业学院,2023,安徽,高职专科,文科,,,230,135023,
1894,荆州职业技术学院,2023,安徽,高职专科,文科,,,268,135303,
1902,九江职业大学,2023,安徽,高职专科,文科,,,333,75389,
1903,江西职业技术大学,2023,安徽,高职专科,文科,,,348,82937,
1904,九州职业技术学院,2023,安徽,高职专科,文科,,,202,139317,
1906,开封大学,2023,安徽,高职专科,文科,,,400,58540,
1907,开封文化艺术职业学院,2023,安徽,高职专科,文科,,,314,120433,
1912,昆明卫生职业学院,2023,安徽,高职专科,文科,,,355,98993,
1915,昆明冶金高等专科学校,2023,安徽,高职专科,文科,,,289,130462,
1919,昆山登云科技职业学院,2023,安徽,高职专科,文科,,,200,111702,
1921,拉萨师范高等专科学校,2023,安徽,高职专科,文科,,,201,144965,
1922,莱芜职业技术学院,2023,安徽,高职专科,文科,,,282,65833,
1931,兰州石化职业技术大学,2023,安徽,高职专科,文科,,,382,82937,
1936,廊坊卫生职业学院,2023,安徽,高职专科,文科,,,246,142262,
1938,黎明职业大学,2023,安徽,高职专科,文科,,,247,131832,
1941,丽水职业技术学院,2023,安徽,高职专科,文科,,,347,97835,
1942,连云港师范高等专科学校,2023,安徽,高职专科,文科,,,427,56466,
1943,连云港职业技术学院,2023,安徽,高职专科,文科,,,316,105259,
1944,辽东学院,2023,安徽,高职专科,文科,,,349,102423,
1946,辽宁传媒学院,2023,安徽,高职专科,文科,,,290,121300,
1948,辽宁地质工程职业学院,2023,安徽,高职专科,文科,,,306,118640,
1957,辽宁建筑职业学院,2023,安徽,高职专科,文科,,,271,52420,
1958,辽宁金融职业学院,2023,安徽,高职专科,文科,,,246,142262,
1959,辽宁经济职业技术学院,2023,安徽,高职专科,文科,,,299,126698,
1965,辽宁农业职业技术学院,2023,安徽,高职专科,文科,,,261,103562,
1967,辽宁生态工程职业学院,2023,安徽,高职专科,文科,,,281,133132,
1968,辽宁省交通高等专科学校,2023,安徽,高职专科,文科,,,258,121716,
1973,辽宁特殊教育师范高等专科学校,2023,安徽,高职专科,文科,,,342,106401,
1977,辽宁医药职业学院,2023,安徽,高职专科,文科,,,299,123416,
1978,辽宁职业学院,2023,安徽,高职专科,文科,,,244,139577,
1982,辽阳职业技术学院,2023,安徽,高职专科,文科,,,203,148522,
1983,辽源职业技术学院,2023,安徽,高职专科,文科,,,203,138059,
1986,聊城职业技术学院,2023,安徽,高职专科,文科,,,225,127089,
1989,临沂科技职业学院,2023,安徽,高职专科,文科,,,200,113264,
1990,临沂职业学院,2023,安徽,高职专科,文科,,,289,130462,
1993,柳州铁道职业技术学院,2023,安徽,高职专科,文科,,,373,76547,
2007,漯河职业技术学院,2023,安徽,高职专科,文科,,,287,131141,
2009,满洲里俄语职业学院,2023,安徽,高职专科,文科,,,231,145334,
2012,湄洲湾职业技术学院,2023,安徽,高职专科,文科,,,234,119499,
2016,绵阳职业技术学院,2023,安徽,高职专科,文科,,,284,132175,
2017,闽北职业技术学院,2023,安徽,高职专科,文科,,,206,148522,
2018,闽江师范高等专科学校,2023,安徽,高职专科,文科,,,316,66881,
2023,闽西职业技术学院,2023,安徽,高职专科,文科,,,238,125888,
2024,明达职业技术学院,2023,安徽,高职专科,文科,,,268,136979,
2025,牡丹江大学,2023,安徽,高职专科,文科,,,202,140042,
2031,南昌工学院,2023,安徽,高职专科,文科,,,215,100746,
2035,南昌理工学院,2023,安徽,高职专科,文科,,,227,94852,
2040,南昌职业大学,2023,安徽,高职专科,文科,,,207,125888,
2042,南充文化旅游职业学院,2023,安徽,高职专科,文科,,,269,136719,
2049,南京城市职业学院,2023,安徽,高职专科,文科,,,407,61106,
2058,南京机电职业技术学院,2023,安徽,高职专科,文科,,,410,60098,
2059,南京交通职业技术学院,2023,安徽,高职专科,文科,,,353,58540,
2061,南京科技职业学院,2023,安徽,高职专科,文科,,,406,62715,
2066,南京旅游职业学院,2023,安徽,高职专科,文科,,,334,93036,
2073,南京视觉艺术职业学院,2023,安徽,高职专科,文科,,,264,127490,
2076,南京铁道职业技术学院,2023,安徽,高职专科,文科,,,438,38661,
2079,南京信息职业技术学院,2023,安徽,高职专科,文科,,,430,52420,
2092,南通科技职业学院,2023,安徽,高职专科,文科,,,296,105259,
2094,南通师范高等专科学校,2023,安徽,高职专科,文科,,,284,56466,
2095,南通职业大学,2023,安徽,高职专科,文科,,,374,58540,
2097,南阳农业职业学院,2023,安徽,高职专科,文科,,,257,117697,
2099,南阳医学高等专科学校,2023,安徽,高职专科,文科,,,325,59047,
2114,宁波财经学院,2023,安徽,高职专科,文科,,,341,106916,
2115,宁波城市职业技术学院,2023,安徽,高职专科,文科,,,349,72742,
2120,宁波卫生职业技术学院,2023,安徽,高职专科,文科,,,400,63241,
2121,宁波职业技术学院,2023,安徽,高职专科,文科,,,414,58005,
2123,宁德职业技术学院,2023,安徽,高职专科,文科,,,283,113264,
2135,萍乡卫生职业学院,2023,安徽,高职专科,文科,,,200,135303,
2140,齐鲁理工学院,2023,安徽,高职专科,文科,,,251,119974,
2142,齐鲁医药学院,2023,安徽,高职专科,文科,,,369,71669,
2144,齐齐哈尔高等师范专科学校,2023,安徽,高职专科,文科,,,215,94852,
2146,黔东南民族职业技术学院,2023,安徽,高职专科,文科,,,397,52940,
2149,秦皇岛职业技术学院,2023,安徽,高职专科,文科,,,262,135023,
2153,青岛港湾职业技术学院,2023,安徽,高职专科,文科,,,251,88827,
2156,青岛恒星科技学院,2023,安徽,高职专科,文科,,,269,131141,
2157,青岛黄海学院,2023,安徽,高职专科,文科,,,222,123416,
2158,青岛酒店管理职业技术学院,2023,安徽,高职专科,文科,,,230,126698,
2162,青岛农业大学海都学院,2023,安徽,高职专科,文科,,,209,125495,
2163,青岛求实职业技术学院,2023,安徽,高职专科,文科,,,218,138533,
2164,青岛职业技术学院,2023,安徽,高职专科,文科,,,290,94268,
2169,清远职业技术学院,2023,安徽,高职专科,文科,,,239,130109,
2172,衢州职业技术学院,2023,安徽,高职专科,文科,,,327,114272,
2174,曲阜远东职业技术学院,2023,安徽,高职专科,文科,,,295,128260,
2176,曲靖医学高等专科学校,2023,安徽,高职专科,文科,,,255,140253,
2180,泉州海洋职业学院,2023,安徽,高职专科,文科,,,237,144171,
2182,泉州经贸职业技术学院,2023,安徽,高职专科,文科,,,330,72227,
2183,泉州轻工职业学院,2023,安徽,高职专科,文科,,,231,136979,
2186,泉州幼儿师范高等专科学校,2023,安徽,高职专科,文科,,,249,82346,
2188,日照航海工程职业学院,2023,安徽,高职专科,文科,,,212,148277,
2189,日照职业技术学院,2023,安徽,高职专科,文科,,,345,87603,
2191,三门峡职业技术学院,2023,安徽,高职专科,文科,,,292,121300,
2193,三明医学科技职业学院,2023,安徽,高职专科,文科,,,272,115762,
2195,三峡大学科技学院,2023,安徽,高职专科,文科,,,347,103562,
2196,三峡电力职业学院,2023,安徽,高职专科,文科,,,290,97260,
2197,三峡旅游职业技术学院,2023,安徽,高职专科,文科,,,230,140482,
2198,三亚城市职业学院,2023,安徽,高职专科,文科,,,233,141826,
2199,三亚航空旅游职业学院,2023,安徽,高职专科,文科,,,204,130791,
2203,沙洲职业工学院,2023,安徽,高职专科,文科,,,314,115278,
2206,山东城市建设职业学院,2023,安徽,高职专科,文科,,,262,129007,
2207,山东畜牧兽医职业学院,2023,安徽,高职专科,文科,,,351,98993,
2208,山东传媒职业学院,2023,安徽,高职专科,文科,,,221,120854,
2212,山东服装职业学院,2023,安徽,高职专科,文科,,,316,119499,
2213,山东工程职业技术大学,2023,安徽,高职专科,文科,,,225,146361,
2215,山东工业职业学院,2023,安徽,高职专科,文科,,,267,137259,
2218,山东海事职业学院,2023,安徽,高职专科,文科,,,224,129733,
2224,山东经贸职业学院,2023,安徽,高职专科,文科,,,245,142468,
2226,山东科技职业学院,2023,安徽,高职专科,文科,,,276,77133,
2227,山东劳动职业技术学院,2023,安徽,高职专科,文科,,,288,117212,
2229,山东理工职业学院,2023,安徽,高职专科,文科,,,237,135588,
2230,山东力明科技职业学院,2023,安徽,高职专科,文科,,,200,95430,
2231,山东旅游职业学院,2023,安徽,高职专科,文科,,,200,134705,
2232,山东铝业职业学院,2023,安徽,高职专科,文科,,,252,140912,
2238,山东商务职业学院,2023,安徽,高职专科,文科,,,231,96667,
2239,山东商业职业技术学院,2023,安徽,高职专科,文科,,,325,74329,
2240,山东圣翰财贸职业学院,2023,安徽,高职专科,文科,,,233,96667,
2243,山东水利职业学院,2023,安徽,高职专科,文科,,,291,122984,
2247,山东外贸职业学院,2023,安徽,高职专科,文科,,,302,87012,
2248,山东外事职业大学,2023,安徽,高职专科,文科,,,218,119499,
2251,山东协和学院,2023,安徽,高职专科,文科,,,206,93036,
2256,山东英才学院,2023,安徽,高职专科,文科,,,279,133777,
2258,山东职业学院,2023,安徽,高职专科,文科,,,414,65309,
2260,山东中医药高等专科学校,2023,安徽,高职专科,文科,,,324,62208,
2274,山西省财政税务专科学校,2023,安徽,高职专科,文科,,,238,111702,
2276,山西体育职业学院,2023,安徽,高职专科,文科,,,268,132816,
2277,山西铁道职业技术学院,2023,安徽,高职专科,文科,,,327,106916,
2278,山西药科职业学院,2023,安徽,高职专科,文科,,,343,105825,
2280,山西职业技术学院,2023,安徽,高职专科,文科,,,251,129733,
2282,陕西财经职业技术学院,2023,安徽,高职专科,文科,,,248,72227,
2285,陕西国防工业职业技术学院,2023,安徽,高职专科,文科,,,361,88220,
2287,陕西航空职业技术学院,2023,安徽,高职专科,文科,,,253,66347,
2288,陕西机电职业技术学院,2023,安徽,高职专科,文科,,,296,127874,
2289,陕西交通职业技术学院,2023,安徽,高职专科,文科,,,322,113264,
2294,陕西旅游烹饪职业学院,2023,安徽,高职专科,文科,,,207,148522,
2295,陕西能源职业技术学院,2023,安徽,高职专科,文科,,,238,137259,
2297,陕西铁路工程职业技术学院,2023,安徽,高职专科,文科,,,370,70617,
2303,汕头职业技术学院,2023,安徽,高职专科,文科,,,231,139060,
2305,商洛职业技术学院,2023,安徽,高职专科,文科,,,258,100137,
2308,商丘医学高等专科学校,2023,安徽,高职专科,文科,,,375,87012,
2309,商丘职业技术学院,2023,安徽,高职专科,文科,,,244,128260,
2310,上海邦德职业技术学院,2023,安徽,高职专科,文科,,,213,116264,
2313,上海城建职业学院,2023,安徽,高职专科,文科,,,376,64269,
2314,上海出版印刷高等专科学校,2023,安徽,高职专科,文科,,,339,63241,
2320,上海电子信息职业技术学院,2023,安徽,高职专科,文科,,,246,78302,
2321,上海东海职业技术学院,2023,安徽,高职专科,文科,,,203,134705,
2324,上海工商外国语职业学院,2023,安徽,高职专科,文科,,,209,81178,
2325,上海工商职业技术学院,2023,安徽,高职专科,文科,,,204,116750,
2326,上海工艺美术职业学院,2023,安徽,高职专科,文科,,,420,55971,
2330,上海行健职业学院,2023,安徽,高职专科,文科,,,320,80600,
2331,上海济光职业技术学院,2023,安徽,高职专科,文科,,,215,105825,
2332,上海建桥学院,2023,安徽,高职专科,文科,,,289,107984,
2333,上海建设管理职业技术学院,2023,安徽,高职专科,文科,,,303,125070,
2337,上海交通职业技术学院,2023,安徽,高职专科,文科,,,352,82937,
2339,上海科学技术职业学院,2023,安徽,高职专科,文科,,,290,102423,
2341,上海立达学院,2023,安徽,高职专科,文科,,,277,120854,
2343,上海旅游高等专科学校,2023,安徽,高职专科,文科,,,257,66881,
2344,上海民航职业技术学院,2023,安徽,高职专科,文科,,,413,62208,
2345,上海民远职业技术学院,2023,安徽,高职专科,文科,,,233,144965,
2346,上海闵行职业技术学院,2023,安徽,高职专科,文科,,,244,121300,
2347,上海南湖职业技术学院,2023,安徽,高职专科,文科,,,336,96045,
2349,上海农林职业技术学院,2023,安徽,高职专科,文科,,,326,86442,
2355,上海思博职业技术学院,2023,安徽,高职专科,文科,,,203,97835,
2364,上海震旦职业学院,2023,安徽,高职专科,文科,,,202,116750,
2366,上海中侨职业技术大学,2023,安徽,高职专科,文科,,,207,112237,
2369,上饶幼儿师范高等专科学校,2023,安徽,高职专科,文科,,,384,63734,
2370,上饶职业技术学院,2023,安徽,高职专科,文科,,,206,143318,
2375,绍兴职业技术学院,2023,安徽,高职专科,文科,,,291,129733,
2380,深圳职业技术大学,2023,安徽,高职专科,文科,,,438,50964,
2386,沈阳工学院,2023,安徽,高职专科,文科,,,213,99586,
2399,沈阳职业技术学院,2023,安徽,高职专科,文科,,,219,139793,
2403,石家庄科技信息职业学院,2023,安徽,高职专科,文科,,,276,134705,
2405,石家庄人民医学高等专科学校,2023,安徽,高职专科,文科,,,260,131832,
2408,石家庄铁路职业技术学院,2023,安徽,高职专科,文科,,,396,60098,
2409,石家庄信息工程职业学院,2023,安徽,高职专科,文科,,,293,105825,
2411,石家庄医学高等专科学校,2023,安徽,高职专科,文科,,,294,95430,
2413,石家庄幼儿师范高等专科学校,2023,安徽,高职专科,文科,,,396,74869,
2414,石家庄职业技术学院,2023,安徽,高职专科,文科,,,294,128647,
2420,首钢工学院,2023,安徽,高职专科,文科,,,356,88827,
2421,顺德职业技术学院,2023,安徽,高职专科,文科,,,318,77721,
2425,四川大学锦江学院,2023,安徽,高职专科,文科,,,348,87012,
2426,四川电影电视学院,2023,安徽,高职专科,文科,,,276,111702,
2428,四川工程职业技术大学,2023,安徽,高职专科,文科,,,359,95430,
2431,四川国际标榜职业学院,2023,安徽,高职专科,文科,,,340,107444,
2432,四川航天职业技术学院,2023,安徽,高职专科,文科,,,224,146509,
2434,四川化工职业技术学院,2023,安徽,高职专科,文科,,,320,117697,
2435,四川建筑职业技术学院,2023,安徽,高职专科,文科,,,347,103562,
2437,四川科技职业学院,2023,安徽,高职专科,文科,,,215,90600,
2441,四川汽车职业技术学院,2023,安徽,高职专科,文科,,,281,133132,
2445,四川托普信息技术职业学院,2023,安徽,高职专科,文科,,,242,143098,
2447,成都外国语学院,2023,安徽,高职专科,文科,,,337,54433,
2448,四川文化产业职业学院,2023,安徽,高职专科,文科,,,241,143318,
2449,四川文化传媒职业学院,2023,安徽,高职专科,文科,,,241,141159,
2450,四川文化艺术学院,2023,安徽,高职专科,文科,,,256,103562,
2452,四川西南航空职业学院,2023,安徽,高职专科,文科,,,245,131832,
2454,四川现代职业学院,2023,安徽,高职专科,文科,,,250,141353,
2458,苏州百年职业学院,2023,安徽,高职专科,文科,,,286,125495,
2463,苏州工业园区服务外包职业学院,2023,安徽,高职专科,文科,,,293,93659,
2464,苏州工业园区职业技术学院,2023,安徽,高职专科,文科,,,205,101335,
2465,苏州工业职业技术学院,2023,安徽,高职专科,文科,,,336,56973,
2467,苏州健雄职业技术学院,2023,安徽,高职专科,文科,,,313,106916,
2468,苏州经贸职业技术学院,2023,安徽,高职专科,文科,,,317,58005,
2471,苏州农业职业技术学院,2023,安徽,高职专科,文科,,,377,75389,
2472,苏州托普信息职业技术学院,2023,安徽,高职专科,文科,,,226,131141,
2473,苏州卫生职业技术学院,2023,安徽,高职专科,文科,,,434,52420,
2474,苏州信息职业技术学院,2023,安徽,高职专科,文科,,,336,89436,
2477,宿迁泽达职业技术学院,2023,安徽,高职专科,文科,,,265,137787,
2478,宿迁职业技术学院,2023,安徽,高职专科,文科,,,245,90000,
2480,随州职业技术学院,2023,安徽,高职专科,文科,,,211,145146,
2483,塔里木职业技术学院,2023,安徽,高职专科,文科,,,217,122544,
2484,台州科技职业学院,2023,安徽,高职专科,文科,,,349,99586,
2486,太湖创意职业技术学院,2023,安徽,高职专科,文科,,,251,128260,
2492,太原幼儿师范高等专科学校,2023,安徽,高职专科,文科,,,288,129733,
2493,泰山科技学院,2023,安徽,高职专科,文科,,,285,131832,
2497,泰州职业技术学院,2023,安徽,高职专科,文科,,,355,84110,
2500,唐山幼儿师范高等专科学校,2023,安徽,高职专科,文科,,,306,115278,
2501,唐山职业技术学院,2023,安徽,高职专科,文科,,,348,75389,
2502,天府新区航空旅游职业学院,2023,安徽,高职专科,文科,,,246,134705,
2505,天津滨海汽车工程职业学院,2023,安徽,高职专科,文科,,,248,141826,
2506,天津滨海职业学院,2023,安徽,高职专科,文科,,,222,123416,
2510,天津城市建设管理职业技术学院,2023,安徽,高职专科,文科,,,242,138533,
2511,天津城市职业学院,2023,安徽,高职专科,文科,,,244,91820,
2514,天津电子信息职业技术学院,2023,安徽,高职专科,文科,,,366,84110,
2516,天津工业职业学院,2023,安徽,高职专科,文科,,,222,135023,
2518,天津公安警官职业学院,2023,安徽,高职专科,文科,,,332,101879,
2519,天津国土资源和房屋职业学院,2023,安徽,高职专科,文科,,,210,139793,
2520,天津海运职业学院,2023,安徽,高职专科,文科,,,214,129007,
2521,天津机电职业技术学院,2023,安徽,高职专科,文科,,,318,98993,
2522,天津交通职业学院,2023,安徽,高职专科,文科,,,346,98439,
2528,天津轻工职业技术学院,2023,安徽,高职专科,文科,,,328,94852,
2530,天津商务职业学院,2023,安徽,高职专科,文科,,,298,57483,
2533,天津生物工程职业技术学院,2023,安徽,高职专科,文科,,,232,137514,
2535,天津石油职业技术学院,2023,安徽,高职专科,文科,,,259,122544,
2536,天津市职业大学,2023,安徽,高职专科,文科,,,333,55971,
2539,天津天狮学院,2023,安徽,高职专科,文科,,,359,96667,
2540,天津铁道职业技术学院,2023,安徽,高职专科,文科,,,387,60615,
2543,天津现代职业技术学院,2023,安徽,高职专科,文科,,,329,72227,
2546,天津医学高等专科学校,2023,安徽,高职专科,文科,,,415,52940,
2547,天津艺术职业学院,2023,安徽,高职专科,文科,,,297,119974,
2552,天门职业学院,2023,安徽,高职专科,文科,,,304,124669,
2556,铁门关职业技术学院,2023,安徽,高职专科,文科,,,244,142696,
2559,铜川职业技术学院,2023,安徽,高职专科,文科,,,260,117212,
2560,铜仁幼儿师范高等专科学校,2023,安徽,高职专科,文科,,,297,127490,
2563,威海海洋职业学院,2023,安徽,高职专科,文科,,,259,127490,
2564,威海职业学院,2023,安徽,高职专科,文科,,,301,120854,
2565,潍坊工程职业学院,2023,安徽,高职专科,文科,,,315,87012,
2566,潍坊工商职业学院,2023,安徽,高职专科,文科,,,322,116750,
2568,潍坊科技学院,2023,安徽,高职专科,文科,,,277,106916,
2569,潍坊理工学院,2023,安徽,高职专科,文科,,,275,120433,
2572,潍坊职业学院,2023,安徽,高职专科,文科,,,271,133452,
2574,渭南职业技术学院,2023,安徽,高职专科,文科,,,243,140042,
2576,温州科技职业学院,2023,安徽,高职专科,文科,,,356,93036,
2579,温州商学院,2023,安徽,高职专科,文科,,,344,84110,
2582,温州职业技术学院,2023,安徽,高职专科,文科,,,362,58005,
2583,文华学院,2023,安徽,高职专科,文科,,,243,116750,
2585,乌鲁木齐职业大学,2023,安徽,高职专科,文科,,,291,67398,
2586,无锡城市职业技术学院,2023,安徽,高职专科,文科,,,234,65309,
2588,无锡科技职业学院,2023,安徽,高职专科,文科,,,377,77721,
2589,无锡南洋职业技术学院,2023,安徽,高职专科,文科,,,223,115762,
2590,无锡商业职业技术学院,2023,安徽,高职专科,文科,,,392,67398,
2593,无锡职业技术学院,2023,安徽,高职专科,文科,,,435,52940,
2596,武昌工学院,2023,安徽,高职专科,文科,,,362,94852,
2597,武昌理工学院,2023,安徽,高职专科,文科,,,271,77721,
2598,武昌首义学院,2023,安徽,高职专科,文科,,,234,112731,
2599,武昌职业学院,2023,安徽,高职专科,文科,,,202,136979,
2601,武汉城市职业学院,2023,安徽,高职专科,文科,,,366,55971,
2602,武汉传媒学院,2023,安徽,高职专科,文科,,,360,92449,
2603,武汉船舶职业技术学院,2023,安徽,高职专科,文科,,,321,97260,
2605,武汉电力职业技术学院,2023,安徽,高职专科,文科,,,400,59047,
2608,武汉纺织大学外经贸学院,2023,安徽,高职专科,文科,,,309,101335,
2611,武汉工程科技学院,2023,安徽,高职专科,文科,,,348,102973,
2612,武汉工程职业技术学院,2023,安徽,高职专科,文科,,,201,77721,
2613,武汉工商学院,2023,安徽,高职专科,文科,,,257,104106,
2614,武汉光谷职业学院,2023,安徽,高职专科,文科,,,257,139793,
2616,武汉航海职业技术学院,2023,安徽,高职专科,文科,,,204,138059,
2618,武汉交通职业学院,2023,安徽,高职专科,文科,,,279,79988,
2619,武汉警官职业学院,2023,安徽,高职专科,文科,,,351,70074,
2621,武汉科技职业学院,2023,安徽,高职专科,文科,,,207,139793,
2623,武汉民政职业学院,2023,安徽,高职专科,文科,,,310,91182,
2625,武汉晴川学院,2023,安徽,高职专科,文科,,,250,130462,
2626,武汉软件工程职业学院,2023,安徽,高职专科,文科,,,399,58005,
2627,武汉商贸职业学院,2023,安徽,高职专科,文科,,,211,115762,
2630,武汉生物工程学院,2023,安徽,高职专科,文科,,,326,90600,
2633,武汉铁路桥梁职业学院,2023,安徽,高职专科,文科,,,353,87603,
2634,武汉铁路职业技术学院,2023,安徽,高职专科,文科,,,421,52420,
2635,武汉外语外事职业学院,2023,安徽,高职专科,文科,,,291,79401,
2637,武汉信息传播职业技术学院,2023,安徽,高职专科,文科,,,215,141590,
2640,武汉职业技术学院,2023,安徽,高职专科,文科,,,207,60098,
2648,西安高新科技职业学院,2023,安徽,高职专科,文科,,,204,135023,
2650,西安工商学院,2023,安徽,高职专科,文科,,,337,100137,
2652,西安海棠职业学院,2023,安徽,高职专科,文科,,,209,146669,
2658,西安交通工程学院,2023,安徽,高职专科,文科,,,218,61106,
2660,西安科技大学高新学院,2023,安徽,高职专科,文科,,,346,103562,
2663,西安明德理工学院,2023,安徽,高职专科,文科,,,260,139060,
2666,西安汽车职业大学,2023,安徽,高职专科,文科,,,232,71669,
2668,西安思源学院,2023,安徽,高职专科,文科,,,203,85301,
2670,西安铁路职业技术学院,2023,安徽,高职专科,文科,,,392,66881,
2672,西安外事学院,2023,安徽,高职专科,文科,,,339,96667,
2674,西安信息职业大学,2023,安徽,高职专科,文科,,,242,113264,
2675,西安医学高等专科学校,2023,安徽,高职专科,文科,,,376,81743,
2679,西安职业技术学院,2023,安徽,高职专科,文科,,,262,138059,
2696,西南财经大学天府学院,2023,安徽,高职专科,文科,,,242,143098,
2707,厦门安防科技职业学院,2023,安徽,高职专科,文科,,,221,146989,
2708,厦门城市职业学院,2023,安徽,高职专科,文科,,,250,71134,
2713,厦门海洋职业技术学院,2023,安徽,高职专科,文科,,,316,106401,
2714,厦门华天涉外职业技术学院,2023,安徽,高职专科,文科,,,275,134078,
2717,厦门南洋职业学院,2023,安徽,高职专科,文科,,,205,111702,
2718,厦门软件职业技术学院,2023,安徽,高职专科,文科,,,253,111198,
2722,仙桃职业学院,2023,安徽,高职专科,文科,,,205,146989,
2723,咸宁职业技术学院,2023,安徽,高职专科,文科,,,201,124669,
2725,咸阳职业技术学院,2023,安徽,高职专科,文科,,,281,127089,
2728,湘南幼儿师范高等专科学校,2023,安徽,高职专科,文科,,,387,77721,
2732,湘中幼儿师范高等专科学校,2023,安徽,高职专科,文科,,,378,74329,
2733,襄阳汽车职业技术学院,2023,安徽,高职专科,文科,,,214,101879,
2734,襄阳职业技术学院,2023,安徽,高职专科,文科,,,385,61645,
2736,忻州职业技术学院,2023,安徽,高职专科,文科,,,241,143318,
2741,新疆交通职业技术学院,2023,安徽,高职专科,文科,,,233,131141,
2742,新疆警察学院,2023,安徽,高职专科,文科,,,286,131470,
2751,新疆石河子职业技术学院,2023,安徽,高职专科,文科,,,206,129007,
2758,新疆职业大学,2023,安徽,高职专科,文科,,,248,112237,
2763,信阳航空职业学院,2023,安徽,高职专科,文科,,,265,137787,
2768,信阳职业技术学院,2023,安徽,高职专科,文科,,,306,123849,
2775,徐州工业职业技术学院,2023,安徽,高职专科,文科,,,327,100746,
2776,徐州生物工程职业技术学院,2023,安徽,高职专科,文科,,,335,65833,
2778,徐州幼儿师范高等专科学校,2023,安徽,高职专科,文科,,,378,69034,
2780,烟台城市科技职业学院,2023,安徽,高职专科,文科,,,216,144759,
2783,烟台黄金职业学院,2023,安徽,高职专科,文科,,,205,148522,
2784,烟台科技学院,2023,安徽,高职专科,文科,,,383,82346,
2785,烟台理工学院,2023,安徽,高职专科,文科,,,375,54931,
2786,烟台南山学院,2023,安徽,高职专科,文科,,,262,138533,
2787,烟台汽车工程职业学院,2023,安徽,高职专科,文科,,,247,139317,
2794,盐城工业职业技术学院,2023,安徽,高职专科,文科,,,228,137259,
2796,盐城幼儿师范高等专科学校,2023,安徽,高职专科,文科,,,305,67905,
2800,扬州工业职业技术学院,2023,安徽,高职专科,文科,,,311,101879,
2801,扬州市职业大学,2023,安徽,高职专科,文科,,,322,86442,
2802,扬州中瑞酒店职业学院,2023,安徽,高职专科,文科,,,252,140912,
2804,伊春职业学院,2023,安徽,高职专科,文科,,,256,102973,
2806,伊犁职业技术学院,2023,安徽,高职专科,文科,,,237,144171,
2808,宜宾职业技术学院,2023,安徽,高职专科,文科,,,380,84110,
2810,宜春幼儿师范高等专科学校,2023,安徽,高职专科,文科,,,268,83509,
2811,宜春职业技术学院,2023,安徽,高职专科,文科,,,363,88827,
2812,义乌工商职业技术学院,2023,安徽,高职专科,文科,,,347,90000,
2813,益阳医学高等专科学校,2023,安徽,高职专科,文科,,,415,55971,
2817,营口职业技术学院,2023,安徽,高职专科,文科,,,324,115762,
2818,永城职业学院,2023,安徽,高职专科,文科,,,323,116264,
2824,豫章师范学院,2023,安徽,高职专科,文科,,,414,54433,
2825,岳阳职业技术学院,2023,安徽,高职专科,文科,,,237,143318,
2827,云南财经职业学院,2023,安徽,高职专科,文科,,,307,123416,
2832,云南国土资源职业学院,2023,安徽,高职专科,文科,,,325,115278,
2837,云南理工职业学院,2023,安徽,高职专科,文科,,,318,118640,
2838,云南林业职业技术学院,2023,安徽,高职专科,文科,,,301,91820,
2845,云南医药健康职业学院,2023,安徽,高职专科,文科,,,229,120433,
2849,运城护理职业学院,2023,安徽,高职专科,文科,,,368,90000,
2850,运城师范高等专科学校,2023,安徽,高职专科,文科,,,331,80600,
2852,运城幼儿师范高等专科学校,2023,安徽,高职专科,文科,,,297,105825,
2855,枣庄职业学院,2023,安徽,高职专科,文科,,,337,62208,
2857,张家界航空工业职业技术学院,2023,安徽,高职专科,文科,,,301,103562,
2859,漳州城市职业学院,2023,安徽,高职专科,文科,,,209,116264,
2862,漳州卫生职业学院,2023,安徽,高职专科,文科,,,351,69034,
2863,漳州职业技术学院,2023,安徽,高职专科,文科,,,327,92449,
2869,浙江安防职业技术学院,2023,安徽,高职专科,文科,,,368,57483,
2875,浙江东方职业技术学院,2023,安徽,高职专科,文科,,,268,120854,
2876,浙江纺织服装职业技术学院,2023,安徽,高职专科,文科,,,355,71134,
2877,浙江工贸职业技术学院,2023,安徽,高职专科,文科,,,427,58005,
2880,浙江工商职业技术学院,2023,安徽,高职专科,文科,,,307,55417,
2883,浙江工业职业技术学院,2023,安徽,高职专科,文科,,,393,67398,
2884,浙江广厦建设职业技术大学,2023,安徽,高职专科,文科,,,214,125495,
2885,浙江国际海运职业技术学院,2023,安徽,高职专科,文科,,,296,127874,
2889,浙江建设职业技术学院,2023,安徽,高职专科,文科,,,391,66881,
2891,浙江金融职业学院,2023,安徽,高职专科,文科,,,432,54433,
2892,浙江经济职业技术学院,2023,安徽,高职专科,文科,,,421,53427,
2893,浙江经贸职业技术学院,2023,安徽,高职专科,文科,,,333,57483,
2895,浙江警官职业学院,2023,安徽,高职专科,文科,,,432,55971,
2899,浙江旅游职业学院,2023,安徽,高职专科,文科,,,366,88827,
2902,浙江汽车职业技术学院,2023,安徽,高职专科,文科,,,261,137259,
2903,浙江商业职业技术学院,2023,安徽,高职专科,文科,,,411,58005,
2908,浙江特殊教育职业学院,2023,安徽,高职专科,文科,,,411,64269,
2909,浙江同济科技职业学院,2023,安徽,高职专科,文科,,,400,66881,
2914,浙江邮电职业技术学院,2023,安徽,高职专科,文科,,,374,75389,
2916,浙江育英职业技术学院,2023,安徽,高职专科,文科,,,263,127490,
2919,镇江市高等专科学校,2023,安徽,高职专科,文科,,,377,74869,
2920,正德职业技术学院,2023,安徽,高职专科,文科,,,219,138809,
2922,郑州财税金融职业学院,2023,安徽,高职专科,文科,,,304,124669,
2932,郑州旅游职业学院,2023,安徽,高职专科,文科,,,206,144375,
2937,郑州澍青医学高等专科学校,2023,安徽,高职专科,文科,,,353,90000,
2938,郑州铁路职业技术学院,2023,安徽,高职专科,文科,,,423,52940,
2939,郑州卫生健康职业学院,2023,安徽,高职专科,文科,,,206,143726,
2942,郑州幼儿师范高等专科学校,2023,安徽,高职专科,文科,,,393,76547,
2943,郑州职业技术学院,2023,安徽,高职专科,文科,,,292,117697,
2955,中国劳动关系学院,2023,安徽,高职专科,文科,,,313,120854,
2982,中山火炬职业技术学院,2023,安徽,高职专科,文科,,,269,136719,
2983,中山职业技术学院,2023,安徽,高职专科,文科,,,244,142696,
2992,钟山职业技术学院,2023,安徽,高职专科,文科,,,207,126698,
2995,周口职业技术学院,2023,安徽,高职专科,文科,,,212,134078,
2996,珠海城市职业技术学院,2023,安徽,高职专科,文科,,,231,139577,
2999,资阳环境科技职业学院,2023,安徽,高职专科,文科,,,207,143529,
3001,淄博师范高等专科学校,2023,安徽,高职专科,文科,,,243,97835,
3002,淄博职业学院,2023,安徽,高职专科,文科,,,330,75931,
9011,安庆师范大学,2023,安徽,高职专科,文科,,,259,123849,
9102,蚌埠学院,2023,安徽,高职专科,文科,,,316,115278,
9111,淮南师范学院,2023,安徽,高职专科,文科,,,342,93036,
9116,宿州学院,2023,安徽,高职专科,文科,,,203,129007,
9301,安徽财贸职业学院,2023,安徽,高职专科,文科,,,259,84686,
9302,安徽城市管理职业学院,2023,安徽,高职专科,文科,,,386,73263,
9303,安徽电气工程职业技术学院,2023,安徽,高职专科,文科,,,410,53427,
9304,安徽电子信息职业技术学院,2023,安徽,高职专科,文科,,,243,129343,
9305,安徽工贸职业技术学院,2023,安徽,高职专科,文科,,,248,124669,
9306,安徽工商职业学院,2023,安徽,高职专科,文科,,,293,85301,
9307,安徽工业经济职业技术学院,2023,安徽,高职专科,文科,,,331,93659,
9308,安徽工业职业技术学院,2023,安徽,高职专科,文科,,,247,132175,
9309,安徽公安职业学院,2023,安徽,高职专科,文科,,,206,148522,
9310,安徽广播影视职业技术学院,2023,安徽,高职专科,文科,,,266,118640,
9311,安徽国防科技职业学院,2023,安徽,高职专科,文科,,,273,113264,
9312,安徽国际商务职业学院,2023,安徽,高职专科,文科,,,272,110127,
9313,安徽黄梅戏艺术职业学院,2023,安徽,高职专科,文科,,,242,143098,
9314,安徽机电职业技术学院,2023,安徽,高职专科,文科,,,351,79988,
9315,安徽交通职业技术学院,2023,安徽,高职专科,文科,,,275,65833,
9317,安徽警官职业学院,2023,安徽,高职专科,文科,,,341,72227,
9318,安徽矿业职业技术学院,2023,安徽,高职专科,文科,,,200,148392,
9319,安徽粮食工程职业学院,2023,安徽,高职专科,文科,,,271,116750,
9320,安徽林业职业技术学院,2023,安徽,高职专科,文科,,,283,121300,
9322,安徽绿海商务职业学院,2023,安徽,高职专科,文科,,,220,125888,
9323,安徽汽车职业技术学院,2023,安徽,高职专科,文科,,,237,139317,
9324,安徽卫生健康职业学院,2023,安徽,高职专科,文科,,,222,111702,
9325,安徽商贸职业技术学院,2023,安徽,高职专科,文科,,,366,77721,
9327,安徽审计职业学院,2023,安徽,高职专科,文科,,,315,95430,
9328,安徽水利水电职业技术学院,2023,安徽,高职专科,文科,,,360,73785,
9329,安徽体育运动职业技术学院,2023,安徽,高职专科,文科,,,301,105259,
9331,安徽新闻出版职业技术学院,2023,安徽,高职专科,文科,,,300,79988,
9332,安徽扬子职业技术学院,2023,安徽,高职专科,文科,,,225,134372,
9333,安徽冶金科技职业学院,2023,安徽,高职专科,文科,,,223,141353,
9334,安徽医学高等专科学校,2023,安徽,高职专科,文科,,,432,49990,
9335,安徽艺术职业学院,2023,安徽,高职专科,文科,,,287,107444,
9336,安徽邮电职业技术学院,2023,安徽,高职专科,文科,,,292,115762,
9337,安徽职业技术学院,2023,安徽,高职专科,文科,,,413,59047,
9338,安徽中澳科技职业学院,2023,安徽,高职专科,文科,,,307,98993,
9339,安徽中医药高等专科学校,2023,安徽,高职专科,文科,,,404,59047,
9340,安庆医药高等专科学校,2023,安徽,高职专科,文科,,,371,71134,
9341,安庆职业技术学院,2023,安徽,高职专科,文科,,,243,129343,
9342,蚌埠经济技术职业学院,2023,安徽,高职专科,文科,,,220,142047,
9343,亳州职业技术学院,2023,安徽,高职专科,文科,,,298,104106,
9344,池州职业技术学院,2023,安徽,高职专科,文科,,,275,102973,
9345,滁州城市职业学院,2023,安徽,高职专科,文科,,,325,86442,
9346,滁州职业技术学院,2023,安徽,高职专科,文科,,,281,85301,
9347,阜阳科技职业学院,2023,安徽,高职专科,文科,,,211,145652,
9348,阜阳幼儿师范高等专科学校,2023,安徽,高职专科,文科,,,205,78862,
9349,阜阳职业技术学院,2023,安徽,高职专科,文科,,,350,73263,
9352,合肥共达职业技术学院,2023,安徽,高职专科,文科,,,229,142696,
9354,合肥科技职业学院,2023,安徽,高职专科,文科,,,243,122148,
9355,合肥通用职业技术学院,2023,安徽,高职专科,文科,,,328,88220,
9356,合肥信息技术职业学院,2023,安徽,高职专科,文科,,,258,100746,
9357,合肥幼儿师范高等专科学校,2023,安徽,高职专科,文科,,,381,56466,
9358,合肥职业技术学院,2023,安徽,高职专科,文科,,,401,60615,
9359,淮北职业技术学院,2023,安徽,高职专科,文科,,,286,100746,
9360,淮南联合大学,2023,安徽,高职专科,文科,,,296,102973,
9361,淮南职业技术学院,2023,安徽,高职专科,文科,,,264,128647,
9362,黄山职业技术学院,2023,安徽,高职专科,文科,,,258,131832,
9363,徽商职业学院,2023,安徽,高职专科,文科,,,278,127089,
9364,六安职业技术学院,2023,安徽,高职专科,文科,,,200,97835,
9365,马鞍山师范高等专科学校,2023,安徽,高职专科,文科,,,204,62208,
9366,马鞍山职业技术学院,2023,安徽,高职专科,文科,,,317,65833,
9367,桐城师范高等专科学校,2023,安徽,高职专科,文科,,,218,71134,
9368,铜陵职业技术学院,2023,安徽,高职专科,文科,,,300,114272,
9369,皖北卫生职业学院,2023,安徽,高职专科,文科,,,263,129343,
9370,皖西卫生职业学院,2023,安徽,高职专科,文科,,,314,95430,
9372,芜湖职业技术学院,2023,安徽,高职专科,文科,,,386,53923,
9373,宿州职业技术学院,2023,安徽,高职专科,文科,,,258,107984,
9374,宣城职业技术学院,2023,安徽,高职专科,文科,,,350,101879,
9375,黄山健康职业学院,2023,安徽,高职专科,文科,,,245,130462,
9376,宿州航空职业学院,2023,安徽,高职专科,文科,,,200,148392,
1404,广州民航职业技术学院,2023,安徽,专科提前批-其他,理科,,,236,292967,
1474,海南科技职业大学,2023,安徽,专科提前批-其他,理科,,,344,156214,
1522,河北交通职业技术学院,2023,安徽,专科提前批-其他,理科,,,276,282461,
2153,青岛港湾职业技术学院,2023,安徽,专科提前批-其他,理科,,,311,247150,
2344,上海民航职业技术学院,2023,安徽,专科提前批-其他,理科,,,227,285016,
2412,石家庄邮电职业技术学院,2023,安徽,专科提前批-其他,理科,,,395,153798,
2520,天津海运职业学院,2023,安徽,专科提前批-其他,理科,,,229,284700,
2615,武汉海事职业学院,2023,安徽,专科提前批-其他,理科,,,288,180570,
2616,武汉航海职业技术学院,2023,安徽,专科提前批-其他,理科,,,224,293554,
2957,中国民航大学,2023,安徽,专科提前批-其他,理科,,,355,195375,
2958,中国民用航空飞行学院,2023,安徽,专科提前批-其他,理科,,,286,265544,
9315,安徽交通职业技术学院,2023,安徽,专科提前批-其他,理科,,,323,257668,
9324,安徽卫生健康职业学院,2023,安徽,专科提前批-农村订单定向免费医学生,理科,,,420,97343,
9334,安徽医学高等专科学校,2023,安徽,专科提前批-农村订单定向免费医学生,理科,,,419,69548,
9339,安徽中医药高等专科学校,2023,安徽,专科提前批-农村订单定向免费医学生,理科,,,419,106076,
9340,安庆医药高等专科学校,2023,安徽,专科提前批-农村订单定向免费医学生,理科,,,425,131540,
9343,亳州职业技术学院,2023,安徽,专科提前批-农村订单定向免费医学生,理科,,,424,140129,
9349,阜阳职业技术学院,2023,安徽,专科提前批-农村订单定向免费医学生,理科,,,422,158650,
9358,合肥职业技术学院,2023,安徽,专科提前批-农村订单定向免费医学生,理科,,,422,88112,
9362,黄山职业技术学院,2023,安徽,专科提前批-农村订单定向免费医学生,理科,,,425,159869,
9369,皖北卫生职业学院,2023,安徽,专科提前批-农村订单定向免费医学生,理科,,,424,147559,
9370,皖西卫生职业学院,2023,安徽,专科提前批-农村订单定向免费医学生,理科,,,424,137715,
9309,安徽公安职业学院,2023,安徽,专科提前批-司法,理科,,,512,58837,
9317,安徽警官职业学院,2023,安徽,专科提前批-司法,理科,,,480,97343,
9320,安徽林业职业技术学院,2023,安徽,专科提前批-基层农技推广人才定向,理科,,,443,95174,
9372,芜湖职业技术学院,2023,安徽,专科提前批-基层农技推广人才定向,理科,,,457,78412,
9373,宿州职业技术学院,2023,安徽,专科提前批-基层农技推广人才定向,理科,,,443,65386,
1039,北京工业职业技术学院,2023,安徽,专科提前批-定向培养军士,理科,,,411,186370,
1112,长沙航空职业技术学院,2023,安徽,专科提前批-定向培养军士,理科,,,406,168405,
1140,成都航空职业技术学院,2023,安徽,专科提前批-定向培养军士,理科,,,394,201944,
1176,重庆航天职业技术学院,2023,安徽,专科提前批-定向培养军士,理科,,,392,207179,
1177,重庆机电职业技术大学,2023,安徽,专科提前批-定向培养军士,理科,,,376,215180,
1198,重庆医药高等专科学校,2023,安徽,专科提前批-定向培养军士,理科,,,424,137715,
1258,东华理工大学,2023,安徽,专科提前批-定向培养军士,理科,,,398,200831,
1557,河南交通职业技术学院,2023,安徽,专科提前批-定向培养军士,理科,,,382,208203,
1570,河南医学高等专科学校,2023,安徽,专科提前批-定向培养军士,理科,,,404,194279,
1630,湖北交通职业技术学院,2023,安徽,专科提前批-定向培养军士,理科,,,385,210128,
1676,湖南国防工业职业技术学院,2023,安徽,专科提前批-定向培养军士,理科,,,377,219919,
1701,湖南体育职业学院,2023,安徽,专科提前批-定向培养军士,理科,,,369,229005,
1809,江苏海事职业技术学院,2023,安徽,专科提前批-定向培养军士,理科,,,369,199712,
1827,江苏信息职业技术学院,2023,安徽,专科提前批-定向培养军士,理科,,,400,194279,
1840,江西航空职业技术学院,2023,安徽,专科提前批-定向培养军士,理科,,,366,204075,
1868,江西信息应用职业技术学院,2023,安徽,专科提前批-定向培养军士,理科,,,377,218955,
1934,兰州资源环境职业技术大学,2023,安徽,专科提前批-定向培养军士,理科,,,368,226424,
1968,辽宁省交通高等专科学校,2023,安徽,专科提前批-定向培养军士,理科,,,367,230689,
2030,南昌工程学院,2023,安徽,专科提前批-定向培养军士,理科,,,389,208203,
2079,南京信息职业技术学院,2023,安徽,专科提前批-定向培养军士,理科,,,361,135222,
2252,山东信息职业技术学院,2023,安徽,专科提前批-定向培养军士,理科,,,373,220899,
2457,四川邮电职业技术学院,2023,安徽,专科提前批-定向培养军士,理科,,,375,214148,
2495,泰山职业技术学院,2023,安徽,专科提前批-定向培养军士,理科,,,378,216090,
2564,威海职业学院,2023,安徽,专科提前批-定向培养军士,理科,,,340,212148,
2565,潍坊工程职业学院,2023,安徽,专科提前批-定向培养军士,理科,,,373,225538,
2599,武昌职业学院,2023,安徽,专科提前批-定向培养军士,理科,,,349,141382,
2603,武汉船舶职业技术学院,2023,安徽,专科提前批-定向培养军士,理科,,,413,184110,
2618,武汉交通职业学院,2023,安徽,专科提前批-定向培养军士,理科,,,351,186370,
2653,西安航空学院,2023,安徽,专科提前批-定向培养军士,理科,,,404,180570,
2654,西安航空职业技术学院,2023,安徽,专科提前批-定向培养军士,理科,,,387,212148,
2857,张家界航空工业职业技术学院,2023,安徽,专科提前批-定向培养军士,理科,,,385,206126,
2889,浙江建设职业技术学院,2023,安徽,专科提前批-定向培养军士,理科,,,378,218955,
2890,浙江交通职业技术学院,2023,安徽,专科提前批-定向培养军士,理科,,,347,213148,
9315,安徽交通职业技术学院,2023,安徽,专科提前批-定向培养军士,理科,,,369,189829,
9349,阜阳职业技术学院,2023,安徽,专科提前批-定向培养军士,理科,,,392,197580,
1024,北方民族大学,2023,安徽,国家专项计划,理科,,,481,59646,
1029,北京大学,2023,安徽,国家专项计划,理科,,,680,117,
1030,北京大学医学部,2023,安徽,国家专项计划,理科,,,676,379,
1038,北京工业大学,2023,安徽,国家专项计划,理科,,,610,10237,
1040,北京航空航天大学,2023,安徽,国家专项计划,理科,,,659,1398,
1041,北京化工大学,2023,安徽,国家专项计划,理科,,,599,15100,
1043,北京交通大学,2023,安徽,国家专项计划,理科,,,592,11217,
1049,北京科技大学,2023,安徽,国家专项计划,理科,,,610,6751,
1052,北京理工大学,2023,安徽,国家专项计划,理科,,,650,1908,
1055,北京林业大学,2023,安徽,国家专项计划,理科,,,586,13985,
1060,北京师范大学,2023,安徽,国家专项计划,理科,,,643,3394,
1064,北京体育大学,2023,安徽,国家专项计划,理科,,,567,23900,
1065,北京外国语大学,2023,安徽,国家专项计划,理科,,,614,8514,
1071,北京印刷学院,2023,安徽,国家专项计划,理科,,,516,68723,
1072,北京邮电大学,2023,安徽,国家专项计划,理科,,,637,3897,
1074,北京语言大学,2023,安徽,国家专项计划,理科,,,574,25922,
1076,北京中医药大学,2023,安徽,国家专项计划,理科,,,589,13236,
1088,长安大学,2023,安徽,国家专项计划,理科,,,581,16706,
1095,长春工业大学,2023,安徽,国家专项计划,理科,,,485,54778,
1100,长春理工大学,2023,安徽,国家专项计划,理科,,,527,23391,
1163,重庆大学,2023,安徽,国家专项计划,理科,,,621,6751,
1211,大连大学,2023,安徽,国家专项计划,理科,,,559,36764,
1216,大连海事大学,2023,安徽,国家专项计划,理科,,,585,18796,
1219,大连交通大学,2023,安徽,国家专项计划,理科,,,560,29752,
1221,大连理工大学,2023,安徽,国家专项计划,理科,,,624,6213,
1222,大连理工大学,2023,安徽,国家专项计划,理科,,,604,11536,
1224,大连民族大学,2023,安徽,国家专项计划,理科,,,480,94098,
1228,大连医科大学,2023,安徽,国家专项计划,理科,,,525,61204,
1243,电子科技大学,2023,安徽,国家专项计划,理科,,,633,2266,
1247,东北财经大学,2023,安徽,国家专项计划,理科,,,562,28602,
1248,东北大学,2023,安徽,国家专项计划,理科,,,606,5547,
1250,东北电力大学,2023,安徽,国家专项计划,理科,,,571,28602,
1251,东北林业大学,2023,安徽,国家专项计划,理科,,,564,22450,
1252,东北农业大学,2023,安徽,国家专项计划,理科,,,567,26994,
1253,东北师范大学,2023,安徽,国家专项计划,理科,,,583,15462,
1257,东华大学,2023,安徽,国家专项计划,理科,,,602,10874,
1259,东南大学,2023,安徽,国家专项计划,理科,,,630,2923,
1263,对外经济贸易大学,2023,安徽,国家专项计划,理科,,,620,5109,
1266,防灾科技学院,2023,安徽,国家专项计划,理科,,,475,101657,
1276,福建农林大学,2023,安徽,国家专项计划,理科,,,484,97343,
1281,福建师范大学,2023,安徽,国家专项计划,理科,,,546,41298,
1302,复旦大学,2023,安徽,国家专项计划,理科,,,675,310,
1332,广东工业大学,2023,安徽,国家专项计划,理科,,,549,31972,
1414,广州医科大学,2023,安徽,国家专项计划,理科,,,554,24415,
1444,国际关系学院,2023,安徽,国家专项计划,理科,,,558,13617,
1448,哈尔滨工程大学,2023,安徽,国家专项计划,理科,,,605,9654,
1449,哈尔滨工业大学,2023,安徽,国家专项计划,理科,,,642,2514,
1450,哈尔滨工业大学(深圳),2023,安徽,国家专项计划,理科,,,653,1798,
1451,哈尔滨工业大学(威海),2023,安徽,国家专项计划,理科,,,637,3394,
1491,杭州电子科技大学,2023,安徽,国家专项计划,理科,,,587,18796,
1498,合肥工业大学,2023,安徽,国家专项计划,理科,,,604,9347,
1499,合肥工业大学,2023,安徽,国家专项计划,理科,,,595,15100,
1546,河海大学,2023,安徽,国家专项计划,理科,,,610,9941,
1584,黑龙江大学,2023,安徽,国家专项计划,理科,,,512,72181,
1663,湖南大学,2023,安徽,国家专项计划,理科,,,619,4893,
1717,华北电力大学(保定),2023,安徽,国家专项计划,理科,,,603,8514,
1718,华北电力大学(北京),2023,安徽,国家专项计划,理科,,,611,7217,
1719,华北科技学院,2023,安徽,国家专项计划,理科,,,476,107168,
1725,华东理工大学,2023,安徽,国家专项计划,理科,,,613,7990,
1726,华东师范大学,2023,安徽,国家专项计划,理科,,,632,4478,
1727,华东政法大学,2023,安徽,国家专项计划,理科,,,602,14712,
1728,华南理工大学,2023,安徽,国家专项计划,理科,,,627,3557,
1732,华侨大学,2023,安徽,国家专项计划,理科,,,539,40005,
1733,华中科技大学,2023,安徽,国家专项计划,理科,,,620,3238,
1734,华中农业大学,2023,安徽,国家专项计划,理科,,,582,15873,
1735,华中师范大学,2023,安徽,国家专项计划,理科,,,604,9654,
1751,吉林大学,2023,安徽,国家专项计划,理科,,,610,5109,
1761,吉林农业大学,2023,安徽,国家专项计划,理科,,,468,117339,
1773,集美大学,2023,安徽,国家专项计划,理科,,,567,31972,
1775,济南大学,2023,安徽,国家专项计划,理科,,,554,22450,
1784,暨南大学,2023,安徽,国家专项计划,理科,,,603,10874,
1797,江南大学,2023,安徽,国家专项计划,理科,,,593,14332,
1804,江苏大学,2023,安徽,国家专项计划,理科,,,579,24415,
1816,江苏科技大学,2023,安徽,国家专项计划,理科,,,564,33662,
1926,兰州大学,2023,安徽,国家专项计划,理科,,,613,8514,
1947,辽宁大学,2023,安徽,国家专项计划,理科,,,577,25383,
1950,辽宁工程技术大学,2023,安徽,国家专项计划,理科,,,493,81271,
1960,辽宁科技大学,2023,安徽,国家专项计划,理科,,,525,42596,
1972,辽宁石油化工大学,2023,安徽,国家专项计划,理科,,,501,82259,
2047,南京财经大学,2023,安徽,国家专项计划,理科,,,571,23391,
2051,南京大学,2023,安徽,国家专项计划,理科,,,661,816,
2053,南京工业大学,2023,安徽,国家专项计划,理科,,,572,28602,
2056,南京航空航天大学,2023,安徽,国家专项计划,理科,,,616,5995,
2062,南京理工大学,2023,安徽,国家专项计划,理科,,,618,7990,
2065,南京林业大学,2023,安徽,国家专项计划,理科,,,570,30345,
2067,南京农业大学,2023,安徽,国家专项计划,理科,,,581,21065,
2068,南京审计大学,2023,安徽,国家专项计划,理科,,,602,14712,
2070,南京师范大学,2023,安徽,国家专项计划,理科,,,608,11536,
2078,南京信息工程大学,2023,安徽,国家专项计划,理科,,,585,22450,
2083,南京邮电大学,2023,安徽,国家专项计划,理科,,,600,15873,
2086,南开大学,2023,安徽,国家专项计划,理科,,,638,4673,
2116,宁波大学,2023,安徽,国家专项计划,理科,,,574,28070,
2168,清华大学,2023,安徽,国家专项计划,理科,,,682,83,
2209,山东大学,2023,安徽,国家专项计划,理科,,,630,4270,
2210,山东大学威海分校,2023,安徽,国家专项计划,理科,,,612,4097,
2241,山东师范大学,2023,安徽,国家专项计划,理科,,,560,32496,
2296,陕西师范大学,2023,安徽,国家专项计划,理科,,,594,11853,
2311,上海财经大学,2023,安徽,国家专项计划,理科,,,616,5109,
2317,上海电机学院,2023,安徽,国家专项计划,理科,,,546,45331,
2322,上海对外经贸大学,2023,安徽,国家专项计划,理科,,,602,15100,
2323,上海工程技术大学,2023,安徽,国家专项计划,理科,,,556,38674,
2329,上海海洋大学,2023,安徽,国家专项计划,理科,,,568,27507,
2335,上海交通大学,2023,安徽,国家专项计划,理科,,,672,310,
2336,上海交通大学医学院,2023,安徽,国家专项计划,理科,,,644,3557,
2340,上海理工大学,2023,安徽,国家专项计划,理科,,,576,26994,
2342,上海立信会计金融学院,2023,安徽,国家专项计划,理科,,,525,30345,
2357,上海外国语大学,2023,安徽,国家专项计划,理科,,,601,11217,
2367,上海中医药大学,2023,安徽,国家专项计划,理科,,,552,26994,
2387,沈阳工业大学,2023,安徽,国家专项计划,理科,,,572,29158,
2388,沈阳航空航天大学,2023,安徽,国家专项计划,理科,,,554,40005,
2390,沈阳建筑大学,2023,安徽,国家专项计划,理科,,,514,58076,
2392,沈阳理工大学,2023,安徽,国家专项计划,理科,,,547,44653,
2393,沈阳农业大学,2023,安徽,国家专项计划,理科,,,487,96256,
2396,沈阳药科大学,2023,安徽,国家专项计划,理科,,,545,40657,
2400,石河子大学,2023,安徽,国家专项计划,理科,,,539,33662,
2419,首都医科大学,2023,安徽,国家专项计划,理科,,,571,26449,
2424,四川大学,2023,安徽,国家专项计划,理科,,,621,4893,
2460,苏州大学,2023,安徽,国家专项计划,理科,,,610,11217,
2482,塔里木大学,2023,安徽,国家专项计划,理科,,,456,123232,
2513,天津大学,2023,安徽,国家专项计划,理科,,,636,4478,
2515,天津工业大学,2023,安徽,国家专项计划,理科,,,566,30345,
2524,天津理工大学,2023,安徽,国家专项计划,理科,,,578,18796,
2531,天津商业大学,2023,安徽,国家专项计划,理科,,,536,52540,
2541,天津外国语大学,2023,安徽,国家专项计划,理科,,,551,31408,
2544,天津医科大学,2023,安徽,国家专项计划,理科,,,573,15100,
2558,同济大学,2023,安徽,国家专项计划,理科,,,645,2135,
2562,外交学院,2023,安徽,国家专项计划,理科,,,597,17164,
2604,武汉大学,2023,安徽,国家专项计划,理科,,,636,2382,
2622,武汉理工大学,2023,安徽,国家专项计划,理科,,,607,8260,
2646,西安电子科技大学,2023,安徽,国家专项计划,理科,,,616,4097,
2657,西安交通大学,2023,安徽,国家专项计划,理科,,,637,1695,
2682,西北工业大学,2023,安徽,国家专项计划,理科,,,635,3073,
2683,西北民族大学,2023,安徽,国家专项计划,理科,,,477,70457,
2684,西北农林科技大学,2023,安徽,国家专项计划,理科,,,593,11853,
2695,西南财经大学,2023,安徽,国家专项计划,理科,,,602,11536,
2698,西南大学,2023,安徽,国家专项计划,理科,,,564,20131,
2699,西南交通大学,2023,安徽,国家专项计划,理科,,,603,9347,
2703,西南民族大学,2023,安徽,国家专项计划,理科,,,505,49559,
2709,厦门大学,2023,安徽,国家专项计划,理科,,,634,2923,
2791,延边大学,2023,安徽,国家专项计划,理科,,,557,34266,
2798,扬州大学,2023,安徽,国家专项计划,理科,,,565,22912,
2873,浙江大学,2023,安徽,国家专项计划,理科,,,661,379,
2874,浙江大学医学院,2023,安徽,国家专项计划,理科,,,632,1288,
2878,浙江工商大学,2023,安徽,国家专项计划,理科,,,555,32496,
2900,浙江农林大学,2023,安徽,国家专项计划,理科,,,550,42596,
2945,中国传媒大学,2023,安徽,国家专项计划,理科,,,609,11853,
2946,中国地质大学(北京),2023,安徽,国家专项计划,理科,,,585,12195,
2947,中国地质大学(武汉),2023,安徽,国家专项计划,理科,,,589,19253,
2948,中国海洋大学,2023,安徽,国家专项计划,理科,,,607,8514,
2949,中国计量大学,2023,安徽,国家专项计划,理科,,,569,21984,
2951,中国科学技术大学,2023,安徽,国家专项计划,理科,,,669,618,
2952,中国矿业大学,2023,安徽,国家专项计划,理科,,,587,17164,
2953,中国矿业大学(北京),2023,安徽,国家专项计划,理科,,,579,20131,
2955,中国劳动关系学院,2023,安徽,国家专项计划,理科,,,480,69548,
2957,中国民航大学,2023,安徽,国家专项计划,理科,,,559,32496,
2958,中国民用航空飞行学院,2023,安徽,国家专项计划,理科,,,485,76635,
2959,中国农业大学,2023,安徽,国家专项计划,理科,,,617,5547,
2960,中国人民大学,2023,安徽,国家专项计划,理科,,,656,524,
2964,中国社会科学院大学,2023,安徽,国家专项计划,理科,,,620,9059,
2965,中国石油大学(北京),2023,安徽,国家专项计划,理科,,,590,16706,
2966,中国石油大学(北京)克拉玛依校区,2023,安徽,国家专项计划,理科,,,551,33662,
2967,中国石油大学(华东),2023,安徽,国家专项计划,理科,,,588,17945,
2971,中国药科大学,2023,安徽,国家专项计划,理科,,,598,12885,
2972,中国医科大学,2023,安徽,国家专项计划,理科,,,555,39336,
2974,中国政法大学,2023,安徽,国家专项计划,理科,,,611,4270,
2976,中南财经政法大学,2023,安徽,国家专项计划,理科,,,605,9347,
2977,中南大学,2023,安徽,国家专项计划,理科,,,507,5995,
2980,中南民族大学,2023,安徽,国家专项计划,理科,,,545,43963,
2981,中山大学,2023,安徽,国家专项计划,理科,,,630,3897,
2984,中央财经大学,2023,安徽,国家专项计划,理科,,,618,6213,
2986,中央民族大学,2023,安徽,国家专项计划,理科,,,615,10237,
9001,安徽大学,2023,安徽,国家专项计划,理科,,,580,12546,
9002,安徽财经大学,2023,安徽,国家专项计划,理科,,,518,39336,
9003,安徽工程大学,2023,安徽,国家专项计划,理科,,,503,57222,
9004,安徽工业大学,2023,安徽,国家专项计划,理科,,,501,43275,
9005,安徽建筑大学,2023,安徽,国家专项计划,理科,,,501,48171,
9006,安徽理工大学,2023,安徽,国家专项计划,理科,,,503,54020,
9007,安徽农业大学,2023,安徽,国家专项计划,理科,,,502,36137,
9008,安徽师范大学,2023,安徽,国家专项计划,理科,,,543,26994,
9009,安徽医科大学,2023,安徽,国家专项计划,理科,,,530,17164,
9010,安徽中医药大学,2023,安徽,国家专项计划,理科,,,490,62835,
9011,安庆师范大学,2023,安徽,国家专项计划,理科,,,501,69548,
9012,淮北师范大学,2023,安徽,国家专项计划,理科,,,489,69548,
9101,安徽科技学院,2023,安徽,国家专项计划,理科,,,487,83230,
9103,蚌埠医科大学,2023,安徽,国家专项计划,理科,,,543,34266,
9107,滁州学院,2023,安徽,国家专项计划,理科,,,485,86138,
9108,阜阳师范大学,2023,安徽,国家专项计划,理科,,,485,82259,
9109,合肥师范学院,2023,安徽,国家专项计划,理科,,,487,87128,
9110,合肥大学,2023,安徽,国家专项计划,理科,,,501,59646,
9111,淮南师范学院,2023,安徽,国家专项计划,理科,,,487,88112,
9114,皖南医学院,2023,安徽,国家专项计划,理科,,,534,32496,
9115,皖西学院,2023,安徽,国家专项计划,理科,,,485,90098,
9001,安徽大学,2023,安徽,地方专项计划,理科,,,580,13985,
9002,安徽财经大学,2023,安徽,地方专项计划,理科,,,518,41298,
9003,安徽工程大学,2023,安徽,地方专项计划,理科,,,503,57222,
9004,安徽工业大学,2023,安徽,地方专项计划,理科,,,501,46059,
9005,安徽建筑大学,2023,安徽,地方专项计划,理科,,,501,48867,
9006,安徽理工大学,2023,安徽,地方专项计划,理科,,,503,58076,
9007,安徽农业大学,2023,安徽,地方专项计划,理科,,,502,39336,
9008,安徽师范大学,2023,安徽,地方专项计划,理科,,,543,26994,
9009,安徽医科大学,2023,安徽,地方专项计划,理科,,,533,18368,
9010,安徽中医药大学,2023,安徽,地方专项计划,理科,,,490,73040,
9011,安庆师范大学,2023,安徽,地方专项计划,理科,,,501,77522,
9012,淮北师范大学,2023,安徽,地方专项计划,理科,,,489,74840,
9101,安徽科技学院,2023,安徽,地方专项计划,理科,,,487,83230,
9103,蚌埠医科大学,2023,安徽,地方专项计划,理科,,,543,47509,
9107,滁州学院,2023,安徽,地方专项计划,理科,,,485,86138,
9108,阜阳师范大学,2023,安徽,地方专项计划,理科,,,485,82259,
9109,合肥师范学院,2023,安徽,地方专项计划,理科,,,487,87128,
9110,合肥大学,2023,安徽,地方专项计划,理科,,,501,67887,
9111,淮南师范学院,2023,安徽,地方专项计划,理科,,,487,88112,
9114,皖南医学院,2023,安徽,地方专项计划,理科,,,534,35542,
9115,皖西学院,2023,安徽,地方专项计划,理科,,,485,90098,
1001,安康学院,2023,安徽,本科批,理科,,,433,148791,
1003,安阳工学院,2023,安徽,本科批,理科,,,465,110522,
1004,安阳师范学院,2023,安徽,本科批,理科,,,477,102681,
1007,鞍山师范学院,2023,安徽,本科批,理科,,,443,122028,
1010,白城师范学院,2023,安徽,本科批,理科,,,427,135222,
1017,宝鸡文理学院,2023,安徽,本科批,理科,,,453,132730,
1021,保定学院,2023,安徽,本科批,理科,,,459,109341,
1022,北部湾大学,2023,安徽,本科批,理科,,,429,113945,
1023,北方工业大学,2023,安徽,本科批,理科,,,532,25922,
1024,北方民族大学,2023,安徽,本科批,理科,,,444,97343,
1026,北华大学,2023,安徽,本科批,理科,,,442,65386,
1027,北华航天工业学院,2023,安徽,本科批,理科,,,477,90098,
1028,北京城市学院,2023,安徽,本科批,理科,,,455,103831,
1029,北京大学,2023,安徽,本科批,理科,,,690,31,
1030,北京大学医学部,2023,安徽,本科批,理科,,,677,97,
1031,北京第二外国语学院,2023,安徽,本科批,理科,,,553,33085,
1035,北京服装学院,2023,安徽,本科批,理科,,,430,87128,
1036,北京工商大学,2023,安徽,本科批,理科,,,558,30345,
1038,北京工业大学,2023,安徽,本科批,理科,,,594,8514,
1040,北京航空航天大学,2023,安徽,本科批,理科,,,641,618,
1041,北京化工大学,2023,安徽,本科批,理科,,,573,9347,
1042,北京建筑大学,2023,安徽,本科批,理科,,,553,28602,
1043,北京交通大学,2023,安徽,本科批,理科,,,599,5762,
1044,北京交通大学,2023,安徽,本科批,理科,,,587,18796,
1049,北京科技大学,2023,安徽,本科批,理科,,,624,5762,
1050,北京科技大学天津学院,2023,安徽,本科批,理科,,,445,142613,
1052,北京理工大学,2023,安徽,本科批,理科,,,647,954,
1053,北京理工大学珠海学院,2023,安徽,本科批,理科,,,471,108248,
1054,北京联合大学,2023,安徽,本科批,理科,,,469,74840,
1055,北京林业大学,2023,安徽,本科批,理科,,,569,12195,
1056,北京农学院,2023,安徽,本科批,理科,,,465,97343,
1060,北京师范大学,2023,安徽,本科批,理科,,,630,1497,
1062,北京师范大学-香港浸会大学联合国际学院,2023,安徽,本科批,理科,,,531,48171,
1063,北京石油化工学院,2023,安徽,本科批,理科,,,483,93047,
1064,北京体育大学,2023,安徽,本科批,理科,,,495,22450,
1065,北京外国语大学,2023,安徽,本科批,理科,,,613,5995,
1067,北京物资学院,2023,安徽,本科批,理科,,,511,56404,
1068,北京协和医学院,2023,安徽,本科批,理科,,,568,31408,
1069,北京信息科技大学,2023,安徽,本科批,理科,,,570,26994,
1071,北京印刷学院,2023,安徽,本科批,理科,,,515,55568,
1072,北京邮电大学,2023,安徽,本科批,理科,,,639,2648,
1073,北京邮电大学,2023,安徽,本科批,理科,,,609,7464,
1074,北京语言大学,2023,安徽,本科批,理科,,,551,25383,
1076,北京中医药大学,2023,安徽,本科批,理科,,,501,3238,
1077,北京中医药大学东方学院,2023,安徽,本科批,理科,,,450,137715,
1079,山东航空学院,2023,安徽,本科批,理科,,,462,118486,
1080,滨州医学院,2023,安徽,本科批,理科,,,486,50299,
1083,渤海大学,2023,安徽,本科批,理科,,,443,81271,
1085,沧州师范学院,2023,安徽,本科批,理科,,,459,107168,
1087,昌吉学院,2023,安徽,本科批,理科,,,441,141382,
1088,长安大学,2023,安徽,本科批,理科,,,570,15100,
1090,长春财经学院,2023,安徽,本科批,理科,,,427,159869,
1091,长春大学,2023,安徽,本科批,理科,,,438,98435,
1092,长春大学旅游学院,2023,安徽,本科批,理科,,,421,159869,
1094,长春工程学院,2023,安徽,本科批,理科,,,453,71328,
1095,长春工业大学,2023,安徽,本科批,理科,,,474,73927,
1096,长春工业大学人文信息学院,2023,安徽,本科批,理科,,,427,155018,
1097,长春建筑学院,2023,安徽,本科批,理科,,,427,153798,
1099,长春科技学院,2023,安徽,本科批,理科,,,429,159869,
1100,长春理工大学,2023,安徽,本科批,理科,,,517,23391,
1101,长春人文学院,2023,安徽,本科批,理科,,,427,167156,
1102,长春师范大学,2023,安徽,本科批,理科,,,460,100581,
1105,长春中医药大学,2023,安徽,本科批,理科,,,430,110522,
1106,长江大学,2023,安徽,本科批,理科,,,461,52540,
1107,长江大学文理学院,2023,安徽,本科批,理科,,,445,142613,
1109,长江师范学院,2023,安徽,本科批,理科,,,427,104923,
1114,长沙理工大学,2023,安徽,本科批,理科,,,570,17164,
1115,长沙理工大学城南学院,2023,安徽,本科批,理科,,,450,133995,
1119,长沙师范学院,2023,安徽,本科批,理科,,,470,115028,
1121,长沙学院,2023,安徽,本科批,理科,,,477,99506,
1122,长沙医学院,2023,安徽,本科批,理科,,,498,71328,
1124,长治学院,2023,安徽,本科批,理科,,,438,129178,
1125,长治医学院,2023,安徽,本科批,理科,,,442,57222,
1126,常熟理工学院,2023,安徽,本科批,理科,,,483,86138,
1127,常州大学,2023,安徽,本科批,理科,,,521,29158,
1128,常州大学怀德学院,2023,安徽,本科批,理科,,,453,127948,
1131,常州工学院,2023,安徽,本科批,理科,,,481,97343,
1136,成都大学,2023,安徽,本科批,理科,,,496,63661,
1137,成都东软学院,2023,安徽,本科批,理科,,,443,136485,
1139,成都工业学院,2023,安徽,本科批,理科,,,470,85157,
1141,成都锦城学院,2023,安徽,本科批,理科,,,449,133995,
1142,成都理工大学,2023,安徽,本科批,理科,,,520,26449,
1143,成都理工大学工程技术学院,2023,安徽,本科批,理科,,,447,141382,
1145,成都师范学院,2023,安徽,本科批,理科,,,462,115028,
1146,成都体育学院,2023,安徽,本科批,理科,,,455,103831,
1148,成都信息工程大学,2023,安徽,本科批,理科,,,566,25922,
1149,成都医学院,2023,安徽,本科批,理科,,,471,109341,
1151,成都银杏酒店管理学院,2023,安徽,本科批,理科,,,435,155018,
1152,成都中医药大学,2023,安徽,本科批,理科,,,543,30345,
1154,承德医学院,2023,安徽,本科批,理科,,,475,72181,
1156,赤峰学院,2023,安徽,本科批,理科,,,451,136485,
1157,重庆财经学院,2023,安徽,本科批,理科,,,471,113945,
1163,重庆大学,2023,安徽,本科批,理科,,,624,5109,
1164,重庆第二师范学院,2023,安徽,本科批,理科,,,474,106076,
1168,重庆对外经贸学院,2023,安徽,本科批,理科,,,441,146313,
1169,重庆工程学院,2023,安徽,本科批,理科,,,451,136485,
1171,重庆工商大学,2023,安徽,本科批,理科,,,489,48867,
1172,重庆工商大学派斯学院,2023,安徽,本科批,理科,,,441,148791,
1177,重庆机电职业技术大学,2023,安徽,本科批,理科,,,442,147559,
1181,重庆交通大学,2023,安徽,本科批,理科,,,540,30345,
1182,重庆科技大学,2023,安徽,本科批,理科,,,458,94098,
1184,重庆理工大学,2023,安徽,本科批,理科,,,488,28602,
1188,重庆人文科技学院,2023,安徽,本科批,理科,,,428,162365,
1189,重庆三峡学院,2023,安徽,本科批,理科,,,474,103831,
1192,重庆师范大学,2023,安徽,本科批,理科,,,531,36137,
1194,重庆外语外事学院,2023,安徽,本科批,理科,,,445,135222,
1195,重庆文理学院,2023,安徽,本科批,理科,,,440,89111,
1197,重庆医科大学,2023,安徽,本科批,理科,,,553,9941,
1199,重庆移通学院,2023,安徽,本科批,理科,,,451,136485,
1201,重庆邮电大学,2023,安徽,本科批,理科,,,570,21984,
1205,楚雄师范学院,2023,安徽,本科批,理科,,,432,147559,
1207,川北医学院,2023,安徽,本科批,理科,,,527,59646,
1209,大理大学,2023,安徽,本科批,理科,,,520,53281,
1210,大连财经学院,2023,安徽,本科批,理科,,,440,140129,
1211,大连大学,2023,安徽,本科批,理科,,,476,51819,
1212,大连东软信息学院,2023,安徽,本科批,理科,,,430,143809,
1214,大连工业大学,2023,安徽,本科批,理科,,,476,77522,
1215,大连工业大学艺术与信息工程学院,2023,安徽,本科批,理科,,,428,150015,
1216,大连海事大学,2023,安徽,本科批,理科,,,568,15873,
1217,大连海洋大学,2023,安徽,本科批,理科,,,464,108248,
1219,大连交通大学,2023,安徽,本科批,理科,,,532,36137,
1220,大连科技学院,2023,安徽,本科批,理科,,,438,152512,
1221,大连理工大学,2023,安徽,本科批,理科,,,608,4097,
1222,大连理工大学,2023,安徽,本科批,理科,,,590,11217,
1223,大连理工大学城市学院,2023,安徽,本科批,理科,,,427,140129,
1224,大连民族大学,2023,安徽,本科批,理科,,,479,86138,
1227,大连外国语大学,2023,安徽,本科批,理科,,,482,50299,
1228,大连医科大学,2023,安徽,本科批,理科,,,484,13985,
1229,大连医科大学中山学院,2023,安徽,本科批,理科,,,455,107168,
1230,大连艺术学院,2023,安徽,本科批,理科,,,424,168405,
1233,大庆师范学院,2023,安徽,本科批,理科,,,427,113945,
1241,德州学院,2023,安徽,本科批,理科,,,452,126779,
1243,电子科技大学,2023,安徽,本科批,理科,,,645,1288,
1244,电子科技大学,2023,安徽,本科批,理科,,,618,3238,
1245,电子科技大学成都学院,2023,安徽,本科批,理科,,,469,106076,
1246,电子科技大学中山学院,2023,安徽,本科批,理科,,,444,137715,
1247,东北财经大学,2023,安徽,本科批,理科,,,486,15462,
1248,东北大学,2023,安徽,本科批,理科,,,580,5547,
1249,东北大学秦皇岛分校,2023,安徽,本科批,理科,,,596,9059,
1250,东北电力大学,2023,安徽,本科批,理科,,,483,23900,
1251,东北林业大学,2023,安徽,本科批,理科,,,542,23391,
1252,东北农业大学,2023,安徽,本科批,理科,,,514,26449,
1253,东北师范大学,2023,安徽,本科批,理科,,,525,8762,
1254,东北石油大学,2023,安徽,本科批,理科,,,494,36137,
1255,东莞理工学院,2023,安徽,本科批,理科,,,498,76635,
1257,东华大学,2023,安徽,本科批,理科,,,594,9654,
1258,东华理工大学,2023,安徽,本科批,理科,,,539,40005,
1259,东南大学,2023,安徽,本科批,理科,,,630,1036,
1260,东南大学成贤学院,2023,安徽,本科批,理科,,,467,99506,
1263,对外经济贸易大学,2023,安徽,本科批,理科,,,623,4893,
1266,防灾科技学院,2023,安徽,本科批,理科,,,469,98435,
1267,佛山大学,2023,安徽,本科批,理科,,,441,109341,
1270,福建理工大学,2023,安徽,本科批,理科,,,481,97343,
1272,福建技术师范学院,2023,安徽,本科批,理科,,,458,124402,
1273,福建江夏学院,2023,安徽,本科批,理科,,,469,96256,
1274,福建警察学院,2023,安徽,本科批,理科,,,472,108248,
1276,福建农林大学,2023,安徽,本科批,理科,,,455,63661,
1277,福建农林大学金山学院,2023,安徽,本科批,理科,,,426,146313,
1279,福建商学院,2023,安徽,本科批,理科,,,456,113945,
1281,福建师范大学,2023,安徽,本科批,理科,,,534,33662,
1282,福建师范大学协和学院,2023,安徽,本科批,理科,,,439,145081,
1286,福建医科大学,2023,安徽,本科批,理科,,,500,57222,
1288,福建中医药大学,2023,安徽,本科批,理科,,,483,69548,
1289,福州大学,2023,安徽,本科批,理科,,,546,14332,
1290,福州大学至诚学院,2023,安徽,本科批,理科,,,444,135222,
1291,福州工商学院,2023,安徽,本科批,理科,,,427,167156,
1293,福州理工学院,2023,安徽,本科批,理科,,,427,161141,
1296,福州外语外贸学院,2023,安徽,本科批,理科,,,427,151251,
1302,复旦大学,2023,安徽,本科批,理科,,,669,143,
1307,甘肃农业大学,2023,安徽,本科批,理科,,,461,122028,
1309,甘肃医学院,2023,安徽,本科批,理科,,,480,102681,
1310,甘肃政法大学,2023,安徽,本科批,理科,,,477,58837,
1311,甘肃中医药大学,2023,安徽,本科批,理科,,,465,93047,
1312,赣东学院,2023,安徽,本科批,理科,,,460,113945,
1313,赣南科技学院,2023,安徽,本科批,理科,,,464,118486,
1314,赣南师范大学,2023,安徽,本科批,理科,,,463,115028,
1315,赣南师范大学科技学院,2023,安徽,本科批,理科,,,447,135222,
1317,赣南医科大学,2023,安徽,本科批,理科,,,439,110522,
1322,广东白云学院,2023,安徽,本科批,理科,,,427,161141,
1324,广东财经大学,2023,安徽,本科批,理科,,,544,43275,
1327,广东第二师范学院,2023,安徽,本科批,理科,,,482,101657,
1328,广东东软学院,2023,安徽,本科批,理科,,,428,159869,
1332,广东工业大学,2023,安徽,本科批,理科,,,556,26449,
1333,广东海洋大学,2023,安徽,本科批,理科,,,473,94098,
1336,广东技术师范大学,2023,安徽,本科批,理科,,,477,96256,
1339,广东金融学院,2023,安徽,本科批,理科,,,491,65386,
1341,广东科技学院,2023,安徽,本科批,理科,,,442,147559,
1347,广东培正学院,2023,安徽,本科批,理科,,,431,157426,
1349,广东石油化工学院,2023,安徽,本科批,理科,,,467,103831,
1354,广东外语外贸大学,2023,安徽,本科批,理科,,,487,27507,
1355,广东外语外贸大学南国商学院,2023,安徽,本科批,理科,,,454,133995,
1361,广东药科大学,2023,安徽,本科批,理科,,,480,95174,
1362,广东医科大学,2023,安徽,本科批,理科,,,543,37403,
1363,广东以色列理工学院,2023,安徽,本科批,理科,,,520,54778,
1365,广西财经学院,2023,安徽,本科批,理科,,,446,111681,
1366,广西大学,2023,安徽,本科批,理科,,,569,21065,
1373,广西科技大学,2023,安徽,本科批,理科,,,466,100581,
1376,广西民族大学,2023,安徽,本科批,理科,,,426,108248,
1377,广西民族大学相思湖学院,2023,安徽,本科批,理科,,,442,138898,
1378,广西师范大学,2023,安徽,本科批,理科,,,523,46059,
1381,广西外国语学院,2023,安徽,本科批,理科,,,428,165958,
1382,广西医科大学,2023,安徽,本科批,理科,,,468,102681,
1383,广西艺术学院,2023,安徽,本科批,理科,,,445,137715,
1386,广西中医药大学,2023,安徽,本科批,理科,,,475,84214,
1387,广西中医药大学赛恩斯新医药学院,2023,安徽,本科批,理科,,,448,138898,
1390,广州城市理工学院,2023,安徽,本科批,理科,,,429,141382,
1391,广州大学,2023,安徽,本科批,理科,,,561,23900,
1394,广州工商学院,2023,安徽,本科批,理科,,,427,165958,
1395,广州航海学院,2023,安徽,本科批,理科,,,465,110522,
1397,广州华立学院,2023,安徽,本科批,理科,,,434,155018,
1399,广州华商学院,2023,安徽,本科批,理科,,,429,147559,
1402,广州理工学院,2023,安徽,本科批,理科,,,447,141382,
1405,广州南方学院,2023,安徽,本科批,理科,,,432,148791,
1407,广州软件学院,2023,安徽,本科批,理科,,,447,140129,
1408,广州商学院,2023,安徽,本科批,理科,,,437,135222,
1413,广州新华学院,2023,安徽,本科批,理科,,,436,148791,
1414,广州医科大学,2023,安徽,本科批,理科,,,554,30345,
1415,广州应用科技学院,2023,安徽,本科批,理科,,,431,156214,
1416,广州中医药大学,2023,安徽,本科批,理科,,,489,13985,
1419,贵阳康养职业大学,2023,安徽,本科批,理科,,,437,140129,
1420,贵阳信息科技学院,2023,安徽,本科批,理科,,,435,157426,
1421,贵州财经大学,2023,安徽,本科批,理科,,,482,84214,
1422,贵州大学,2023,安徽,本科批,理科,,,534,23391,
1424,贵州工程应用技术学院,2023,安徽,本科批,理科,,,453,133995,
1427,贵州理工学院,2023,安徽,本科批,理科,,,461,122028,
1428,贵州民族大学,2023,安徽,本科批,理科,,,487,96256,
1430,贵州商学院,2023,安徽,本科批,理科,,,444,115028,
1431,贵州师范大学,2023,安徽,本科批,理科,,,442,99506,
1432,贵州师范学院,2023,安徽,本科批,理科,,,457,127948,
1433,贵州医科大学,2023,安徽,本科批,理科,,,479,83230,
1434,贵州中医药大学,2023,安徽,本科批,理科,,,464,92024,
1435,桂林电子科技大学,2023,安徽,本科批,理科,,,568,25383,
1436,桂林航天工业学院,2023,安徽,本科批,理科,,,469,97343,
1437,桂林理工大学,2023,安徽,本科批,理科,,,510,59646,
1438,桂林旅游学院,2023,安徽,本科批,理科,,,451,116181,
1441,桂林信息科技学院,2023,安徽,本科批,理科,,,427,151251,
1442,桂林学院,2023,安徽,本科批,理科,,,439,151251,
1443,桂林医学院,2023,安徽,本科批,理科,,,469,44653,
1448,哈尔滨工程大学,2023,安徽,本科批,理科,,,584,7722,
1449,哈尔滨工业大学,2023,安徽,本科批,理科,,,614,1036,
1450,哈尔滨工业大学(深圳),2023,安徽,本科批,理科,,,662,1036,
1451,哈尔滨工业大学(威海),2023,安徽,本科批,理科,,,630,3557,
1453,哈尔滨华德学院,2023,安徽,本科批,理科,,,431,162365,
1454,哈尔滨剑桥学院,2023,安徽,本科批,理科,,,421,165958,
1455,哈尔滨金融学院,2023,安徽,本科批,理科,,,439,119685,
1457,哈尔滨理工大学,2023,安徽,本科批,理科,,,529,26449,
1458,哈尔滨商业大学,2023,安徽,本科批,理科,,,462,67887,
1459,哈尔滨师范大学,2023,安徽,本科批,理科,,,452,103831,
1460,哈尔滨石油学院,2023,安徽,本科批,理科,,,428,158650,
1463,哈尔滨学院,2023,安徽,本科批,理科,,,445,113945,
1464,哈尔滨医科大学,2023,安徽,本科批,理科,,,479,21517,
1468,海军军医大学,2023,安徽,本科批,理科,,,588,5995,
1469,海口经济学院,2023,安徽,本科批,理科,,,427,161141,
1470,海南大学,2023,安徽,本科批,理科,,,543,20131,
1474,海南科技职业大学,2023,安徽,本科批,理科,,,427,142613,
1475,海南热带海洋学院,2023,安徽,本科批,理科,,,444,111681,
1477,海南师范大学,2023,安徽,本科批,理科,,,512,54020,
1481,海南医科大学,2023,安徽,本科批,理科,,,448,29158,
1485,邯郸学院,2023,安徽,本科批,理科,,,439,136485,
1488,汉江师范学院,2023,安徽,本科批,理科,,,480,103831,
1489,汉口学院,2023,安徽,本科批,理科,,,442,143809,
1491,杭州电子科技大学,2023,安徽,本科批,理科,,,598,12546,
1492,杭州电子科技大学信息工程学院,2023,安徽,本科批,理科,,,466,112822,
1494,杭州师范大学,2023,安徽,本科批,理科,,,501,29752,
1496,杭州医学院,2023,安徽,本科批,理科,,,485,42596,
1498,合肥工业大学,2023,安徽,本科批,理科,,,574,7464,
1499,合肥工业大学,2023,安徽,本科批,理科,,,593,11217,
1503,河北北方学院,2023,安徽,本科批,理科,,,490,84214,
1505,河北大学,2023,安徽,本科批,理科,,,519,29158,
1506,河北地质大学,2023,安徽,本科批,理科,,,472,101657,
1507,河北地质大学华信学院,2023,安徽,本科批,理科,,,427,143809,
1508,河北东方学院,2023,安徽,本科批,理科,,,436,145081,
1510,河北工程大学,2023,安徽,本科批,理科,,,470,78412,
1511,河北工程大学科信学院,2023,安徽,本科批,理科,,,448,135222,
1512,河北工程技术学院,2023,安徽,本科批,理科,,,434,153798,
1513,河北工业大学,2023,安徽,本科批,理科,,,569,13985,
1514,河北工业职业技术大学,2023,安徽,本科批,理科,,,454,125565,
1518,河北环境工程学院,2023,安徽,本科批,理科,,,427,124402,
1521,河北建筑工程学院,2023,安徽,本科批,理科,,,453,107168,
1523,河北金融学院,2023,安徽,本科批,理科,,,431,113945,
1524,河北经贸大学,2023,安徽,本科批,理科,,,470,80314,
1525,河北科技大学,2023,安徽,本科批,理科,,,485,82259,
1526,河北科技工程职业技术大学,2023,安徽,本科批,理科,,,454,130379,
1527,河北科技师范学院,2023,安徽,本科批,理科,,,454,125565,
1528,河北科技学院,2023,安徽,本科批,理科,,,432,151251,
1533,河北农业大学,2023,安徽,本科批,理科,,,460,103831,
1535,河北师范大学,2023,安徽,本科批,理科,,,482,41298,
1536,河北师范大学汇华学院,2023,安徽,本科批,理科,,,448,136485,
1537,河北石油职业技术大学,2023,安徽,本科批,理科,,,453,135222,
1538,河北水利电力学院,2023,安徽,本科批,理科,,,462,122028,
1540,河北外国语学院,2023,安徽,本科批,理科,,,431,158650,
1541,河北医科大学,2023,安徽,本科批,理科,,,558,31408,
1542,河北医科大学临床学院,2023,安徽,本科批,理科,,,478,103831,
1544,河北中医药大学,2023,安徽,本科批,理科,,,466,110522,
1545,河池学院,2023,安徽,本科批,理科,,,445,140129,
1546,河海大学,2023,安徽,本科批,理科,,,560,7217,
1547,河南财经政法大学,2023,安徽,本科批,理科,,,491,44653,
1548,河南财政金融学院,2023,安徽,本科批,理科,,,454,102681,
1550,河南城建学院,2023,安徽,本科批,理科,,,456,123232,
1551,河南大学,2023,安徽,本科批,理科,,,483,25922,
1552,河南工程学院,2023,安徽,本科批,理科,,,457,99506,
1553,河南工学院,2023,安徽,本科批,理科,,,469,111681,
1554,河南工业大学,2023,安徽,本科批,理科,,,473,41949,
1559,河南开封科技传媒学院,2023,安徽,本科批,理科,,,439,146313,
1560,河南科技大学,2023,安徽,本科批,理科,,,547,33662,
1561,河南科技学院,2023,安徽,本科批,理科,,,461,116181,
1562,河南理工大学,2023,安徽,本科批,理科,,,480,34889,
1563,河南牧业经济学院,2023,安徽,本科批,理科,,,450,129178,
1564,河南农业大学,2023,安徽,本科批,理科,,,498,76635,
1566,河南师范大学,2023,安徽,本科批,理科,,,538,41298,
1572,河南中医药大学,2023,安徽,本科批,理科,,,479,90098,
1573,河西学院,2023,安徽,本科批,理科,,,453,123232,
1576,菏泽学院,2023,安徽,本科批,理科,,,453,135222,
1578,贺州学院,2023,安徽,本科批,理科,,,452,133995,
1581,黑河学院,2023,安徽,本科批,理科,,,448,130379,
1582,黑龙江八一农垦大学,2023,安徽,本科批,理科,,,454,112822,
1584,黑龙江大学,2023,安徽,本科批,理科,,,522,39336,
1585,黑龙江东方学院,2023,安徽,本科批,理科,,,426,167156,
1586,黑龙江工程学院,2023,安徽,本科批,理科,,,454,119685,
1587,黑龙江工程学院昆仑旅游学院,2023,安徽,本科批,理科,,,430,150015,
1588,黑龙江工业学院,2023,安徽,本科批,理科,,,443,132730,
1592,黑龙江科技大学,2023,安徽,本科批,理科,,,446,87128,
1604,黑龙江外国语学院,2023,安徽,本科批,理科,,,427,167156,
1608,黑龙江中医药大学,2023,安徽,本科批,理科,,,459,44653,
1609,衡水学院,2023,安徽,本科批,理科,,,446,135222,
1611,衡阳师范学院,2023,安徽,本科批,理科,,,451,103831,
1612,衡阳师范学院南岳学院,2023,安徽,本科批,理科,,,448,141382,
1613,红河学院,2023,安徽,本科批,理科,,,452,135222,
1617,湖北大学,2023,安徽,本科批,理科,,,567,25922,
1618,湖北大学知行学院,2023,安徽,本科批,理科,,,446,142613,
1619,湖北第二师范学院,2023,安徽,本科批,理科,,,453,100581,
1620,湖北恩施学院,2023,安徽,本科批,理科,,,454,133995,
1621,湖北工程学院,2023,安徽,本科批,理科,,,428,100581,
1622,湖北工程学院新技术学院,2023,安徽,本科批,理科,,,445,143809,
1624,湖北工业大学,2023,安徽,本科批,理科,,,554,26994,
1625,湖北工业大学工程技术学院,2023,安徽,本科批,理科,,,448,131540,
1631,湖北经济学院,2023,安徽,本科批,理科,,,480,85157,
1632,湖北经济学院法商学院,2023,安徽,本科批,理科,,,442,147559,
1633,湖北警官学院,2023,安徽,本科批,理科,,,481,101657,
1635,湖北科技学院,2023,安徽,本科批,理科,,,443,102681,
1637,湖北理工学院,2023,安徽,本科批,理科,,,477,98435,
1639,湖北民族大学,2023,安徽,本科批,理科,,,472,94098,
1640,湖北汽车工业学院,2023,安徽,本科批,理科,,,475,97343,
1642,湖北商贸学院,2023,安徽,本科批,理科,,,428,165958,
1645,湖北师范大学,2023,安徽,本科批,理科,,,481,87128,
1646,湖北师范大学文理学院,2023,安徽,本科批,理科,,,444,125565,
1649,湖北文理学院,2023,安徽,本科批,理科,,,470,94098,
1650,湖北文理学院理工学院,2023,安徽,本科批,理科,,,453,135222,
1651,湖北医药学院,2023,安徽,本科批,理科,,,481,68723,
1652,湖北医药学院药护学院,2023,安徽,本科批,理科,,,464,117339,
1656,湖北中医药大学,2023,安徽,本科批,理科,,,479,78412,
1660,湖南财政经济学院,2023,安徽,本科批,理科,,,467,99506,
1662,湖南城市学院,2023,安徽,本科批,理科,,,455,118486,
1663,湖南大学,2023,安徽,本科批,理科,,,624,4478,
1665,湖南第一师范学院,2023,安徽,本科批,理科,,,481,75773,
1668,湖南工程学院,2023,安徽,本科批,理科,,,476,98435,
1670,湖南工商大学,2023,安徽,本科批,理科,,,484,44653,
1671,湖南工学院,2023,安徽,本科批,理科,,,470,101657,
1672,湖南工业大学,2023,安徽,本科批,理科,,,494,53281,
1680,湖南科技大学,2023,安徽,本科批,理科,,,538,31408,
1681,湖南科技大学潇湘学院,2023,安徽,本科批,理科,,,447,137715,
1682,湖南科技学院,2023,安徽,本科批,理科,,,461,112822,
1685,湖南理工学院,2023,安徽,本科批,理科,,,483,95174,
1686,湖南理工学院南湖学院,2023,安徽,本科批,理科,,,449,138898,
1687,湖南农业大学,2023,安徽,本科批,理科,,,476,73927,
1688,湖南农业大学东方科技学院,2023,安徽,本科批,理科,,,447,140129,
1691,湖南人文科技学院,2023,安徽,本科批,理科,,,461,117339,
1695,湖南涉外经济学院,2023,安徽,本科批,理科,,,427,152512,
1697,湖南师范大学,2023,安徽,本科批,理科,,,578,11217,
1705,湖南文理学院,2023,安徽,本科批,理科,,,472,101657,
1708,湖南医药学院,2023,安徽,本科批,理科,,,492,89111,
1709,湖南应用技术学院,2023,安徽,本科批,理科,,,431,152512,
1712,湖南中医药大学,2023,安徽,本科批,理科,,,474,30345,
1713,湖南中医药大学湘杏学院,2023,安徽,本科批,理科,,,462,115028,
1714,湖州师范学院,2023,安徽,本科批,理科,,,485,51819,
1715,湖州学院,2023,安徽,本科批,理科,,,482,92024,
1717,华北电力大学(保定),2023,安徽,本科批,理科,,,602,7722,
1718,华北电力大学(北京),2023,安徽,本科批,理科,,,611,7464,
1719,华北科技学院,2023,安徽,本科批,理科,,,444,90098,
1720,华北理工大学,2023,安徽,本科批,理科,,,482,40657,
1721,华北理工大学冀唐学院,2023,安徽,本科批,理科,,,455,80314,
1722,华北理工大学轻工学院,2023,安徽,本科批,理科,,,433,145081,
1723,华北水利水电大学,2023,安徽,本科批,理科,,,518,34889,
1724,华东交通大学,2023,安徽,本科批,理科,,,518,28070,
1725,华东理工大学,2023,安徽,本科批,理科,,,602,5762,
1726,华东师范大学,2023,安徽,本科批,理科,,,636,1908,
1727,华东政法大学,2023,安徽,本科批,理科,,,562,5334,
1728,华南理工大学,2023,安徽,本科批,理科,,,640,2266,
1729,华南农业大学,2023,安徽,本科批,理科,,,554,23900,
1731,华南师范大学,2023,安徽,本科批,理科,,,589,15873,
1732,华侨大学,2023,安徽,本科批,理科,,,553,28070,
1733,华中科技大学,2023,安徽,本科批,理科,,,577,576,
1734,华中农业大学,2023,安徽,本科批,理科,,,586,15462,
1735,华中师范大学,2023,安徽,本科批,理科,,,603,7722,
1736,怀化学院,2023,安徽,本科批,理科,,,468,112822,
1737,淮阴工学院,2023,安徽,本科批,理科,,,476,97343,
1738,淮阴师范学院,2023,安徽,本科批,理科,,,471,112822,
1740,黄冈师范学院,2023,安徽,本科批,理科,,,480,100581,
1742,黄河科技学院,2023,安徽,本科批,理科,,,442,147559,
1744,黄淮学院,2023,安徽,本科批,理科,,,454,119685,
1747,惠州学院,2023,安徽,本科批,理科,,,459,112822,
1749,吉利学院,2023,安徽,本科批,理科,,,443,142613,
1750,吉林财经大学,2023,安徽,本科批,理科,,,473,96256,
1751,吉林大学,2023,安徽,本科批,理科,,,605,4097,
1753,吉林动画学院,2023,安徽,本科批,理科,,,427,153798,
1754,吉林工程技术师范学院,2023,安徽,本科批,理科,,,455,132730,
1755,吉林工商学院,2023,安徽,本科批,理科,,,453,131540,
1757,吉林化工学院,2023,安徽,本科批,理科,,,445,108248,
1758,吉林建筑大学,2023,安徽,本科批,理科,,,458,98435,
1759,吉林建筑科技学院,2023,安徽,本科批,理科,,,426,158650,
1760,吉林警察学院,2023,安徽,本科批,理科,,,469,108248,
1761,吉林农业大学,2023,安徽,本科批,理科,,,429,89111,
1762,吉林农业科技学院,2023,安徽,本科批,理科,,,450,123232,
1763,吉林师范大学,2023,安徽,本科批,理科,,,443,100581,
1764,吉林师范大学博达学院,2023,安徽,本科批,理科,,,430,147559,
1769,吉林外国语大学,2023,安徽,本科批,理科,,,436,136485,
1770,吉林医药学院,2023,安徽,本科批,理科,,,448,96256,
1772,吉首大学,2023,安徽,本科批,理科,,,478,79397,
1773,集美大学,2023,安徽,本科批,理科,,,546,30345,
1774,集美大学诚毅学院,2023,安徽,本科批,理科,,,450,133995,
1775,济南大学,2023,安徽,本科批,理科,,,511,33085,
1780,济宁学院,2023,安徽,本科批,理科,,,453,133995,
1781,济宁医学院,2023,安徽,本科批,理科,,,433,46059,
1784,暨南大学,2023,安徽,本科批,理科,,,589,7217,
1786,佳木斯大学,2023,安徽,本科批,理科,,,458,118486,
1787,嘉兴南湖学院,2023,安徽,本科批,理科,,,481,93047,
1789,嘉兴大学,2023,安徽,本科批,理科,,,494,71328,
1791,嘉应学院,2023,安徽,本科批,理科,,,445,119685,
1794,江汉大学,2023,安徽,本科批,理科,,,526,46059,
1797,江南大学,2023,安徽,本科批,理科,,,573,10237,
1804,江苏大学,2023,安徽,本科批,理科,,,576,21517,
1805,江苏大学京江学院,2023,安徽,本科批,理科,,,454,124402,
1806,江苏第二师范学院,2023,安徽,本科批,理科,,,486,85157,
1810,江苏海洋大学,2023,安徽,本科批,理科,,,528,46059,
1816,江苏科技大学,2023,安徽,本科批,理科,,,569,25383,
1817,江苏科技大学苏州理工学院,2023,安徽,本科批,理科,,,456,115028,
1818,江苏理工学院,2023,安徽,本科批,理科,,,485,86138,
1823,江苏师范大学,2023,安徽,本科批,理科,,,505,40657,
1824,江苏师范大学科文学院,2023,安徽,本科批,理科,,,451,130379,
1829,江西财经大学,2023,安徽,本科批,理科,,,484,19253,
1830,江西财经大学现代经济管理学院,2023,安徽,本科批,理科,,,447,119685,
1835,江西服装学院,2023,安徽,本科批,理科,,,426,155018,
1846,江西警察学院,2023,安徽,本科批,理科,,,474,109341,
1847,江西科技师范大学,2023,安徽,本科批,理科,,,429,95174,
1848,江西科技学院,2023,安徽,本科批,理科,,,443,145081,
1850,江西理工大学,2023,安徽,本科批,理科,,,521,38674,
1852,江西农业大学,2023,安徽,本科批,理科,,,477,62012,
1853,江西农业大学南昌商学院,2023,安徽,本科批,理科,,,447,138898,
1857,江西师范大学,2023,安徽,本科批,理科,,,482,36764,
1858,江西师范大学科学技术学院,2023,安徽,本科批,理科,,,447,124402,
1873,江西应用科技学院,2023,安徽,本科批,理科,,,427,161141,
1875,江西中医药大学,2023,安徽,本科批,理科,,,473,56404,
1883,金陵科技学院,2023,安徽,本科批,理科,,,499,55568,
1886,锦州医科大学,2023,安徽,本科批,理科,,,449,47509,
1887,锦州医科大学医疗学院,2023,安徽,本科批,理科,,,470,107168,
1888,晋中信息学院,2023,安徽,本科批,理科,,,449,138898,
1889,晋中学院,2023,安徽,本科批,理科,,,451,132730,
1890,荆楚理工学院,2023,安徽,本科批,理科,,,445,107168,
1893,荆州学院,2023,安徽,本科批,理科,,,440,146313,
1895,井冈山大学,2023,安徽,本科批,理科,,,432,101657,
1896,景德镇陶瓷大学,2023,安徽,本科批,理科,,,484,85157,
1898,景德镇学院,2023,安徽,本科批,理科,,,475,106076,
1899,景德镇艺术职业大学,2023,安徽,本科批,理科,,,435,156214,
1901,九江学院,2023,安徽,本科批,理科,,,467,103831,
1905,喀什大学,2023,安徽,本科批,理科,,,445,131540,
1908,空军军医大学,2023,安徽,本科批,理科,,,591,2923,
1909,昆明城市学院,2023,安徽,本科批,理科,,,441,150015,
1910,昆明理工大学,2023,安徽,本科批,理科,,,521,47509,
1911,昆明理工大学津桥学院,2023,安徽,本科批,理科,,,427,165958,
1913,昆明文理学院,2023,安徽,本科批,理科,,,435,151251,
1914,昆明学院,2023,安徽,本科批,理科,,,457,118486,
1916,昆明医科大学,2023,安徽,本科批,理科,,,462,19253,
1917,昆明医科大学海源学院,2023,安徽,本科批,理科,,,441,102681,
1923,兰州博文科技学院,2023,安徽,本科批,理科,,,427,146313,
1924,兰州财经大学,2023,安徽,本科批,理科,,,427,104923,
1925,兰州城市学院,2023,安徽,本科批,理科,,,452,132730,
1926,兰州大学,2023,安徽,本科批,理科,,,572,7722,
1927,兰州工商学院,2023,安徽,本科批,理科,,,432,152512,
1928,兰州工业学院,2023,安徽,本科批,理科,,,445,110522,
1929,兰州交通大学,2023,安徽,本科批,理科,,,482,28070,
1930,兰州理工大学,2023,安徽,本科批,理科,,,484,40657,
1931,兰州石化职业技术大学,2023,安徽,本科批,理科,,,452,131540,
1932,兰州文理学院,2023,安徽,本科批,理科,,,437,113945,
1933,兰州信息科技学院,2023,安徽,本科批,理科,,,427,143809,
1934,兰州资源环境职业技术大学,2023,安徽,本科批,理科,,,448,141382,
1935,廊坊师范学院,2023,安徽,本科批,理科,,,450,133995,
1937,乐山师范学院,2023,安徽,本科批,理科,,,453,131540,
1939,丽江文化旅游学院,2023,安徽,本科批,理科,,,427,150015,
1940,丽水学院,2023,安徽,本科批,理科,,,437,51819,
1944,辽东学院,2023,安徽,本科批,理科,,,451,132730,
1945,辽宁财贸学院,2023,安徽,本科批,理科,,,427,167156,
1946,辽宁传媒学院,2023,安徽,本科批,理科,,,430,156214,
1947,辽宁大学,2023,安徽,本科批,理科,,,553,22912,
1949,辽宁对外经贸学院,2023,安徽,本科批,理科,,,424,168405,
1950,辽宁工程技术大学,2023,安徽,本科批,理科,,,504,65386,
1952,辽宁工业大学,2023,安徽,本科批,理科,,,437,92024,
1955,辽宁何氏医学院,2023,安徽,本科批,理科,,,447,137715,
1960,辽宁科技大学,2023,安徽,本科批,理科,,,445,68723,
1961,辽宁科技学院,2023,安徽,本科批,理科,,,447,109341,
1962,辽宁理工学院,2023,安徽,本科批,理科,,,428,153798,
1963,辽宁理工职业大学,2023,安徽,本科批,理科,,,427,164749,
1969,辽宁师范大学,2023,安徽,本科批,理科,,,448,104923,
1970,辽宁师范大学海华学院,2023,安徽,本科批,理科,,,427,162365,
1972,辽宁石油化工大学,2023,安徽,本科批,理科,,,483,67048,
1979,辽宁中医药大学,2023,安徽,本科批,理科,,,429,91034,
1980,辽宁中医药大学杏林学院,2023,安徽,本科批,理科,,,448,140129,
1984,聊城大学,2023,安徽,本科批,理科,,,475,100581,
1985,聊城大学东昌学院,2023,安徽,本科批,理科,,,445,143809,
1988,临沂大学,2023,安徽,本科批,理科,,,483,87128,
1991,岭南师范学院,2023,安徽,本科批,理科,,,430,111681,
1992,柳州工学院,2023,安徽,本科批,理科,,,427,165958,
1994,六盘水师范学院,2023,安徽,本科批,理科,,,441,126779,
1995,龙岩学院,2023,安徽,本科批,理科,,,457,113945,
1996,陇东学院,2023,安徽,本科批,理科,,,451,135222,
2000,鲁东大学,2023,安徽,本科批,理科,,,466,102681,
2002,陆军军医大学,2023,安徽,本科批,理科,,,610,6751,
2003,洛阳理工学院,2023,安徽,本科批,理科,,,476,99506,
2004,洛阳师范学院,2023,安徽,本科批,理科,,,473,111681,
2008,吕梁学院,2023,安徽,本科批,理科,,,451,132730,
2010,茅台学院,2023,安徽,本科批,理科,,,450,133995,
2013,绵阳城市学院,2023,安徽,本科批,理科,,,443,147559,
2015,绵阳师范学院,2023,安徽,本科批,理科,,,450,127948,
2019,闽江学院,2023,安徽,本科批,理科,,,499,73040,
2020,闽南科技学院,2023,安徽,本科批,理科,,,427,147559,
2021,闽南理工学院,2023,安徽,本科批,理科,,,427,156214,
2022,闽南师范大学,2023,安徽,本科批,理科,,,476,96256,
2026,牡丹江师范学院,2023,安徽,本科批,理科,,,432,129178,
2027,牡丹江医科大学,2023,安徽,本科批,理科,,,485,84214,
2028,南昌大学,2023,安徽,本科批,理科,,,579,11217,
2029,南昌大学科学技术学院,2023,安徽,本科批,理科,,,448,136485,
2030,南昌工程学院,2023,安徽,本科批,理科,,,446,67048,
2031,南昌工学院,2023,安徽,本科批,理科,,,431,147559,
2032,南昌航空大学,2023,安徽,本科批,理科,,,471,31408,
2033,南昌航空大学科技学院,2023,安徽,本科批,理科,,,448,129178,
2034,南昌交通学院,2023,安徽,本科批,理科,,,444,141382,
2035,南昌理工学院,2023,安徽,本科批,理科,,,445,140129,
2036,南昌师范学院,2023,安徽,本科批,理科,,,472,104923,
2037,南昌医学院,2023,安徽,本科批,理科,,,475,85157,
2039,南昌应用技术师范学院,2023,安徽,本科批,理科,,,445,140129,
2040,南昌职业大学,2023,安徽,本科批,理科,,,433,155018,
2044,南方医科大学,2023,安徽,本科批,理科,,,567,2775,
2045,南华大学,2023,安徽,本科批,理科,,,509,33085,
2046,南华大学船山学院,2023,安徽,本科批,理科,,,444,146313,
2047,南京财经大学,2023,安徽,本科批,理科,,,554,25922,
2048,南京财经大学红山学院,2023,安徽,本科批,理科,,,451,127948,
2050,南京传媒学院,2023,安徽,本科批,理科,,,456,122028,
2051,南京大学,2023,安徽,本科批,理科,,,645,310,
2052,南京工程学院,2023,安徽,本科批,理科,,,503,23391,
2053,南京工业大学,2023,安徽,本科批,理科,,,560,22912,
2054,南京工业大学浦江学院,2023,安徽,本科批,理科,,,455,116181,
2055,南京工业职业技术大学,2023,安徽,本科批,理科,,,482,93047,
2056,南京航空航天大学,2023,安徽,本科批,理科,,,603,4097,
2057,南京航空航天大学金城学院,2023,安徽,本科批,理科,,,456,104923,
2062,南京理工大学,2023,安徽,本科批,理科,,,594,5547,
2063,南京理工大学泰州科技学院,2023,安徽,本科批,理科,,,458,122028,
2064,南京理工大学紫金学院,2023,安徽,本科批,理科,,,472,98435,
2065,南京林业大学,2023,安徽,本科批,理科,,,545,21065,
2067,南京农业大学,2023,安徽,本科批,理科,,,536,11536,
2068,南京审计大学,2023,安徽,本科批,理科,,,487,18368,
2069,南京审计大学金审学院,2023,安徽,本科批,理科,,,466,102681,
2070,南京师范大学,2023,安徽,本科批,理科,,,601,7217,
2071,南京师范大学泰州学院,2023,安徽,本科批,理科,,,448,131540,
2072,南京师范大学中北学院,2023,安徽,本科批,理科,,,453,130379,
2074,南京特殊教育师范学院,2023,安徽,本科批,理科,,,455,90098,
2075,南京体育学院,2023,安徽,本科批,理科,,,474,106076,
2077,南京晓庄学院,2023,安徽,本科批,理科,,,537,41298,
2078,南京信息工程大学,2023,安徽,本科批,理科,,,569,13985,
2080,南京医科大学,2023,安徽,本科批,理科,,,585,5109,
2081,南京医科大学康达学院,2023,安徽,本科批,理科,,,456,106076,
2083,南京邮电大学,2023,安徽,本科批,理科,,,607,9941,
2084,南京邮电大学通达学院,2023,安徽,本科批,理科,,,472,104923,
2085,南京中医药大学,2023,安徽,本科批,理科,,,535,5547,
2086,南开大学,2023,安徽,本科批,理科,,,651,1908,
2088,南宁师范大学,2023,安徽,本科批,理科,,,429,119685,
2089,南宁学院,2023,安徽,本科批,理科,,,427,146313,
2090,南通大学,2023,安徽,本科批,理科,,,569,21517,
2091,南通大学杏林学院,2023,安徽,本科批,理科,,,450,136485,
2093,南通理工学院,2023,安徽,本科批,理科,,,428,142613,
2096,南阳理工学院,2023,安徽,本科批,理科,,,454,104923,
2098,南阳师范学院,2023,安徽,本科批,理科,,,456,107168,
2101,内江师范学院,2023,安徽,本科批,理科,,,465,107168,
2102,内蒙古财经大学,2023,安徽,本科批,理科,,,454,124402,
2103,内蒙古大学,2023,安徽,本科批,理科,,,548,26994,
2105,内蒙古工业大学,2023,安徽,本科批,理科,,,447,90098,
2107,内蒙古科技大学,2023,安徽,本科批,理科,,,456,104923,
2108,内蒙古科技大学包头师范学院,2023,安徽,本科批,理科,,,446,124402,
2109,内蒙古科技大学包头医学院,2023,安徽,本科批,理科,,,465,106076,
2110,内蒙古民族大学,2023,安徽,本科批,理科,,,437,117339,
2111,内蒙古农业大学,2023,安徽,本科批,理科,,,455,111681,
2112,内蒙古师范大学,2023,安徽,本科批,理科,,,428,106076,
2113,内蒙古医科大学,2023,安徽,本科批,理科,,,489,83230,
2114,宁波财经学院,2023,安徽,本科批,理科,,,442,140129,
2116,宁波大学,2023,安徽,本科批,理科,,,538,20572,
2117,宁波大学科学技术学院,2023,安徽,本科批,理科,,,450,129178,
2118,宁波工程学院,2023,安徽,本科批,理科,,,471,72181,
2119,宁波诺丁汉大学,2023,安徽,本科批,理科,,,550,20131,
2122,宁德师范学院,2023,安徽,本科批,理科,,,455,119685,
2124,宁夏大学,2023,安徽,本科批,理科,,,523,25922,
2125,宁夏大学新华学院,2023,安徽,本科批,理科,,,428,165958,
2126,宁夏理工学院,2023,安徽,本科批,理科,,,427,153798,
2127,宁夏师范大学,2023,安徽,本科批,理科,,,459,120852,
2129,宁夏医科大学,2023,安徽,本科批,理科,,,474,91034,
2132,攀枝花学院,2023,安徽,本科批,理科,,,470,115028,
2134,平顶山学院,2023,安徽,本科批,理科,,,453,132730,
2136,萍乡学院,2023,安徽,本科批,理科,,,450,135222,
2137,莆田学院,2023,安徽,本科批,理科,,,445,106076,
2138,普洱学院,2023,安徽,本科批,理科,,,450,138898,
2139,齐鲁工业大学,2023,安徽,本科批,理科,,,530,40005,
2140,齐鲁理工学院,2023,安徽,本科批,理科,,,434,146313,
2141,齐鲁师范学院,2023,安徽,本科批,理科,,,479,104923,
2142,齐鲁医药学院,2023,安徽,本科批,理科,,,433,82259,
2143,齐齐哈尔大学,2023,安徽,本科批,理科,,,460,101657,
2145,齐齐哈尔医学院,2023,安徽,本科批,理科,,,479,85157,
2150,青岛滨海学院,2023,安徽,本科批,理科,,,436,142613,
2151,青岛城市学院,2023,安徽,本科批,理科,,,438,143809,
2152,青岛大学,2023,安徽,本科批,理科,,,566,26994,
2154,青岛工学院,2023,安徽,本科批,理科,,,446,140129,
2156,青岛恒星科技学院,2023,安徽,本科批,理科,,,427,152512,
2157,青岛黄海学院,2023,安徽,本科批,理科,,,438,140129,
2159,青岛科技大学,2023,安徽,本科批,理科,,,507,29752,
2160,青岛理工大学,2023,安徽,本科批,理科,,,504,30345,
2161,青岛农业大学,2023,安徽,本科批,理科,,,476,101657,
2162,青岛农业大学海都学院,2023,安徽,本科批,理科,,,445,136485,
2165,青海大学,2023,安徽,本科批,理科,,,554,28070,
2166,青海民族大学,2023,安徽,本科批,理科,,,438,110522,
2167,青海师范大学,2023,安徽,本科批,理科,,,482,95174,
2168,清华大学,2023,安徽,本科批,理科,,,689,31,
2170,琼台师范学院,2023,安徽,本科批,理科,,,431,127948,
2171,衢州学院,2023,安徽,本科批,理科,,,471,102681,
2173,曲阜师范大学,2023,安徽,本科批,理科,,,482,43963,
2175,曲靖师范学院,2023,安徽,本科批,理科,,,453,133995,
2184,泉州师范学院,2023,安徽,本科批,理科,,,437,108248,
2185,泉州信息工程学院,2023,安徽,本科批,理科,,,427,163568,
2187,泉州职业技术大学,2023,安徽,本科批,理科,,,427,163568,
2190,三江学院,2023,安徽,本科批,理科,,,430,132730,
2192,三明学院,2023,安徽,本科批,理科,,,430,119685,
2194,三峡大学,2023,安徽,本科批,理科,,,542,26994,
2195,三峡大学科技学院,2023,安徽,本科批,理科,,,453,127948,
2201,三亚学院,2023,安徽,本科批,理科,,,432,113945,
2204,山东财经大学,2023,安徽,本科批,理科,,,503,42596,
2205,山东财经大学东方学院,2023,安徽,本科批,理科,,,443,140129,
2209,山东大学,2023,安徽,本科批,理科,,,570,1595,
2210,山东大学威海分校,2023,安徽,本科批,理科,,,607,4893,
2211,山东第一医科大学,2023,安徽,本科批,理科,,,477,32496,
2213,山东工程职业技术大学,2023,安徽,本科批,理科,,,427,161141,
2214,山东工商学院,2023,安徽,本科批,理科,,,437,86138,
2216,山东工艺美术学院,2023,安徽,本科批,理科,,,446,141382,
2217,山东管理学院,2023,安徽,本科批,理科,,,475,106076,
2219,山东华宇工学院,2023,安徽,本科批,理科,,,427,167156,
2221,山东建筑大学,2023,安徽,本科批,理科,,,482,46773,
2222,山东交通学院,2023,安徽,本科批,理科,,,477,88112,
2225,山东科技大学,2023,安徽,本科批,理科,,,531,28070,
2228,山东理工大学,2023,安徽,本科批,理科,,,483,76635,
2233,山东农业大学,2023,安徽,本科批,理科,,,485,67887,
2234,山东农业工程学院,2023,安徽,本科批,理科,,,459,124402,
2236,山东青年政治学院,2023,安徽,本科批,理科,,,463,123232,
2241,山东师范大学,2023,安徽,本科批,理科,,,510,45331,
2242,山东石油化工学院,2023,安徽,本科批,理科,,,460,115028,
2246,山东外国语职业技术大学,2023,安徽,本科批,理科,,,427,165958,
2250,山东现代学院,2023,安徽,本科批,理科,,,438,150015,
2251,山东协和学院,2023,安徽,本科批,理科,,,436,145081,
2256,山东英才学院,2023,安徽,本科批,理科,,,427,159869,
2257,山东政法学院,2023,安徽,本科批,理科,,,484,60435,
2259,山东中医药大学,2023,安徽,本科批,理科,,,486,67048,
2261,山西财经大学,2023,安徽,本科批,理科,,,487,52540,
2262,山西传媒学院,2023,安徽,本科批,理科,,,433,142613,
2263,山西大同大学,2023,安徽,本科批,理科,,,465,118486,
2264,山西大学,2023,安徽,本科批,理科,,,571,19253,
2265,山西工程技术学院,2023,安徽,本科批,理科,,,454,123232,
2266,山西工程科技职业大学,2023,安徽,本科批,理科,,,453,135222,
2267,山西工商学院,2023,安徽,本科批,理科,,,433,158650,
2268,山西工学院,2023,安徽,本科批,理科,,,464,108248,
2270,山西晋中理工学院,2023,安徽,本科批,理科,,,446,143809,
2271,山西科技学院,2023,安徽,本科批,理科,,,461,116181,
2273,山西农业大学,2023,安徽,本科批,理科,,,450,96256,
2275,山西师范大学,2023,安徽,本科批,理科,,,479,93047,
2279,山西医科大学,2023,安徽,本科批,理科,,,472,16706,
2281,山西中医药大学,2023,安徽,本科批,理科,,,462,91034,
2286,陕西国际商贸学院,2023,安徽,本科批,理科,,,428,159869,
2291,陕西科技大学,2023,安徽,本科批,理科,,,513,34266,
2292,陕西科技大学镐京学院,2023,安徽,本科批,理科,,,429,156214,
2293,陕西理工大学,2023,安徽,本科批,理科,,,464,92024,
2296,陕西师范大学,2023,安徽,本科批,理科,,,569,14712,
2298,陕西学前师范学院,2023,安徽,本科批,理科,,,469,116181,
2301,陕西中医药大学,2023,安徽,本科批,理科,,,478,71328,
2302,汕头大学,2023,安徽,本科批,理科,,,567,24415,
2304,商洛学院,2023,安徽,本科批,理科,,,448,138898,
2306,商丘工学院,2023,安徽,本科批,理科,,,438,150015,
2307,商丘师范学院,2023,安徽,本科批,理科,,,427,99506,
2311,上海财经大学,2023,安徽,本科批,理科,,,631,474,
2312,上海财经大学浙江学院,2023,安徽,本科批,理科,,,440,132730,
2315,上海大学,2023,安徽,本科批,理科,,,596,7217,
2316,上海第二工业大学,2023,安徽,本科批,理科,,,525,35542,
2317,上海电机学院,2023,安徽,本科批,理科,,,511,46773,
2318,上海电力大学,2023,安徽,本科批,理科,,,578,19682,
2322,上海对外经贸大学,2023,安徽,本科批,理科,,,536,14712,
2323,上海工程技术大学,2023,安徽,本科批,理科,,,557,30857,
2327,上海海关学院,2023,安徽,本科批,理科,,,519,63661,
2328,上海海事大学,2023,安徽,本科批,理科,,,551,21517,
2329,上海海洋大学,2023,安徽,本科批,理科,,,562,26449,
2332,上海建桥学院,2023,安徽,本科批,理科,,,432,137715,
2334,上海健康医学院,2023,安徽,本科批,理科,,,479,93047,
2335,上海交通大学,2023,安徽,本科批,理科,,,673,97,
2336,上海交通大学医学院,2023,安徽,本科批,理科,,,665,162,
2340,上海理工大学,2023,安徽,本科批,理科,,,562,22450,
2341,上海立达学院,2023,安徽,本科批,理科,,,428,156214,
2342,上海立信会计金融学院,2023,安徽,本科批,理科,,,483,32496,
2350,上海杉达学院,2023,安徽,本科批,理科,,,429,111681,
2351,上海商学院,2023,安徽,本科批,理科,,,530,35542,
2352,上海师范大学,2023,安徽,本科批,理科,,,520,32496,
2353,上海师范大学天华学院,2023,安徽,本科批,理科,,,427,141382,
2354,上海视觉艺术学院,2023,安徽,本科批,理科,,,461,125565,
2356,上海体育大学,2023,安徽,本科批,理科,,,485,73040,
2357,上海外国语大学,2023,安徽,本科批,理科,,,570,6481,
2358,上海外国语大学贤达经济人文学院,2023,安徽,本科批,理科,,,427,147559,
2361,上海兴伟学院,2023,安徽,本科批,理科,,,428,165958,
2363,上海应用技术大学,2023,安徽,本科批,理科,,,484,31972,
2365,上海政法学院,2023,安徽,本科批,理科,,,546,22450,
2366,上海中侨职业技术大学,2023,安徽,本科批,理科,,,428,156214,
2367,上海中医药大学,2023,安徽,本科批,理科,,,559,22450,
2368,上饶师范学院,2023,安徽,本科批,理科,,,469,107168,
2371,韶关学院,2023,安徽,本科批,理科,,,427,145081,
2372,邵阳学院,2023,安徽,本科批,理科,,,463,111681,
2373,绍兴文理学院,2023,安徽,本科批,理科,,,473,101657,
2374,绍兴文理学院元培学院,2023,安徽,本科批,理科,,,436,140129,
2376,深圳北理莫斯科大学,2023,安徽,本科批,理科,,,524,46773,
2377,深圳大学,2023,安徽,本科批,理科,,,574,9347,
2378,深圳技术大学,2023,安徽,本科批,理科,,,571,25922,
2382,沈阳城市建设学院,2023,安徽,本科批,理科,,,427,157426,
2383,沈阳城市学院,2023,安徽,本科批,理科,,,427,164749,
2384,沈阳大学,2023,安徽,本科批,理科,,,452,96256,
2385,沈阳工程学院,2023,安徽,本科批,理科,,,493,66201,
2386,沈阳工学院,2023,安徽,本科批,理科,,,430,161141,
2387,沈阳工业大学,2023,安徽,本科批,理科,,,477,29752,
2388,沈阳航空航天大学,2023,安徽,本科批,理科,,,479,31972,
2389,沈阳化工大学,2023,安徽,本科批,理科,,,475,80314,
2390,沈阳建筑大学,2023,安徽,本科批,理科,,,487,55568,
2391,沈阳科技学院,2023,安徽,本科批,理科,,,428,155018,
2392,沈阳理工大学,2023,安徽,本科批,理科,,,455,40657,
2393,沈阳农业大学,2023,安徽,本科批,理科,,,499,69548,
2394,沈阳师范大学,2023,安徽,本科批,理科,,,431,98435,
2396,沈阳药科大学,2023,安徽,本科批,理科,,,511,14712,
2397,沈阳医学院,2023,安徽,本科批,理科,,,452,59646,
2398,沈阳音乐学院,2023,安徽,本科批,理科,,,465,120852,
2400,石河子大学,2023,安徽,本科批,理科,,,505,31972,
2406,石家庄铁道大学,2023,安徽,本科批,理科,,,497,30345,
2407,石家庄铁道大学四方学院,2023,安徽,本科批,理科,,,456,110522,
2410,石家庄学院,2023,安徽,本科批,理科,,,432,159869,
2415,首都经济贸易大学,2023,安徽,本科批,理科,,,561,23391,
2416,首都师范大学,2023,安徽,本科批,理科,,,597,10874,
2419,首都医科大学,2023,安徽,本科批,理科,,,637,1497,
2423,四川传媒学院,2023,安徽,本科批,理科,,,447,127948,
2424,四川大学,2023,安徽,本科批,理科,,,620,1908,
2425,四川大学锦江学院,2023,安徽,本科批,理科,,,447,137715,
2426,四川电影电视学院,2023,安徽,本科批,理科,,,432,150015,
2429,四川工商学院,2023,安徽,本科批,理科,,,445,145081,
2430,四川工业科技学院,2023,安徽,本科批,理科,,,442,146313,
2438,四川旅游学院,2023,安徽,本科批,理科,,,433,115028,
2439,四川美术学院,2023,安徽,本科批,理科,,,482,85157,
2440,四川农业大学,2023,安徽,本科批,理科,,,524,24415,
2442,四川轻化工大学,2023,安徽,本科批,理科,,,477,93047,
2443,四川师范大学,2023,安徽,本科批,理科,,,516,41298,
2446,四川外国语大学,2023,安徽,本科批,理科,,,514,30345,
2447,成都外国语学院,2023,安徽,本科批,理科,,,448,135222,
2450,四川文化艺术学院,2023,安徽,本科批,理科,,,427,147559,
2451,四川文理学院,2023,安徽,本科批,理科,,,452,133995,
2459,苏州城市学院,2023,安徽,本科批,理科,,,496,73040,
2460,苏州大学,2023,安徽,本科批,理科,,,624,4673,
2461,苏州大学应用技术学院,2023,安徽,本科批,理科,,,470,107168,
2469,苏州科技大学,2023,安徽,本科批,理科,,,528,30857,
2470,苏州科技大学天平学院,2023,安徽,本科批,理科,,,436,137715,
2476,宿迁学院,2023,安徽,本科批,理科,,,461,112822,
2479,绥化学院,2023,安徽,本科批,理科,,,451,132730,
2482,塔里木大学,2023,安徽,本科批,理科,,,445,123232,
2485,台州学院,2023,安徽,本科批,理科,,,447,95174,
2487,太原工业学院,2023,安徽,本科批,理科,,,469,104923,
2488,太原科技大学,2023,安徽,本科批,理科,,,484,76635,
2489,太原理工大学,2023,安徽,本科批,理科,,,575,12885,
2490,太原师范学院,2023,安徽,本科批,理科,,,439,103831,
2491,太原学院,2023,安徽,本科批,理科,,,427,137715,
2493,泰山科技学院,2023,安徽,本科批,理科,,,428,164749,
2494,泰山学院,2023,安徽,本科批,理科,,,460,120852,
2496,泰州学院,2023,安徽,本科批,理科,,,474,106076,
2498,唐山师范学院,2023,安徽,本科批,理科,,,446,142613,
2499,唐山学院,2023,安徽,本科批,理科,,,447,129178,
2507,天津财经大学,2023,安徽,本科批,理科,,,526,30345,
2508,天津财经大学珠江学院,2023,安徽,本科批,理科,,,427,150015,
2509,天津城建大学,2023,安徽,本科批,理科,,,437,88112,
2513,天津大学,2023,安徽,本科批,理科,,,644,2266,
2515,天津工业大学,2023,安徽,本科批,理科,,,563,21984,
2523,天津科技大学,2023,安徽,本科批,理科,,,495,30857,
2524,天津理工大学,2023,安徽,本科批,理科,,,511,22450,
2525,天津理工大学中环信息学院,2023,安徽,本科批,理科,,,444,140129,
2526,天津美术学院,2023,安徽,本科批,理科,,,443,147559,
2527,天津农学院,2023,安徽,本科批,理科,,,435,99506,
2529,天津仁爱学院,2023,安徽,本科批,理科,,,431,153798,
2531,天津商业大学,2023,安徽,本科批,理科,,,483,41298,
2532,天津商业大学宝德学院,2023,安徽,本科批,理科,,,439,150015,
2534,天津师范大学,2023,安徽,本科批,理科,,,526,34889,
2539,天津天狮学院,2023,安徽,本科批,理科,,,426,151251,
2541,天津外国语大学,2023,安徽,本科批,理科,,,482,41298,
2542,天津外国语大学滨海外事学院,2023,安徽,本科批,理科,,,444,137715,
2544,天津医科大学,2023,安徽,本科批,理科,,,599,3557,
2545,天津医科大学临床医学院,2023,安徽,本科批,理科,,,451,73040,
2549,天津职业技术师范大学,2023,安徽,本科批,理科,,,461,89111,
2550,天津中德应用技术大学,2023,安徽,本科批,理科,,,474,106076,
2551,天津中医药大学,2023,安徽,本科批,理科,,,498,17551,
2553,天水师范学院,2023,安徽,本科批,理科,,,444,141382,
2557,通化师范学院,2023,安徽,本科批,理科,,,452,131540,
2558,同济大学,2023,安徽,本科批,理科,,,626,877,
2568,潍坊科技学院,2023,安徽,本科批,理科,,,443,140129,
2570,潍坊学院,2023,安徽,本科批,理科,,,467,102681,
2571,山东第二医科大学,2023,安徽,本科批,理科,,,444,55568,
2573,渭南师范学院,2023,安徽,本科批,理科,,,454,133995,
2575,温州大学,2023,安徽,本科批,理科,,,508,40657,
2577,温州肯恩大学,2023,安徽,本科批,理科,,,516,59646,
2578,温州理工学院,2023,安徽,本科批,理科,,,486,86138,
2579,温州商学院,2023,安徽,本科批,理科,,,425,150015,
2580,温州医科大学,2023,安徽,本科批,理科,,,515,7217,
2581,温州医科大学仁济学院,2023,安徽,本科批,理科,,,450,82259,
2583,文华学院,2023,安徽,本科批,理科,,,448,136485,
2591,无锡太湖学院,2023,安徽,本科批,理科,,,436,136485,
2592,无锡学院,2023,安徽,本科批,理科,,,499,71328,
2594,梧州学院,2023,安徽,本科批,理科,,,453,133995,
2595,五邑大学,2023,安徽,本科批,理科,,,480,93047,
2596,武昌工学院,2023,安徽,本科批,理科,,,443,146313,
2597,武昌理工学院,2023,安徽,本科批,理科,,,445,145081,
2598,武昌首义学院,2023,安徽,本科批,理科,,,449,129178,
2600,武汉城市学院,2023,安徽,本科批,理科,,,446,140129,
2604,武汉大学,2023,安徽,本科批,理科,,,594,954,
2606,武汉东湖学院,2023,安徽,本科批,理科,,,448,125565,
2607,武汉纺织大学,2023,安徽,本科批,理科,,,525,36137,
2608,武汉纺织大学外经贸学院,2023,安徽,本科批,理科,,,442,140129,
2609,武汉工程大学,2023,安徽,本科批,理科,,,522,29158,
2610,武汉工程大学邮电与信息工程学院,2023,安徽,本科批,理科,,,438,133995,
2611,武汉工程科技学院,2023,安徽,本科批,理科,,,445,142613,
2613,武汉工商学院,2023,安徽,本科批,理科,,,444,140129,
2617,武汉华夏理工学院,2023,安徽,本科批,理科,,,442,143809,
2620,武汉科技大学,2023,安徽,本科批,理科,,,576,24879,
2622,武汉理工大学,2023,安徽,本科批,理科,,,595,7990,
2624,武汉轻工大学,2023,安徽,本科批,理科,,,498,69548,
2625,武汉晴川学院,2023,安徽,本科批,理科,,,427,140129,
2629,武汉设计工程学院,2023,安徽,本科批,理科,,,427,159869,
2630,武汉生物工程学院,2023,安徽,本科批,理科,,,447,140129,
2631,武汉体育学院,2023,安徽,本科批,理科,,,462,117339,
2632,武汉体育学院体育科技学院,2023,安徽,本科批,理科,,,430,156214,
2636,武汉文理学院,2023,安徽,本科批,理科,,,448,130379,
2638,武汉学院,2023,安徽,本科批,理科,,,449,136485,
2642,武夷学院,2023,安徽,本科批,理科,,,466,103831,
2643,西安财经大学,2023,安徽,本科批,理科,,,513,42596,
2644,西安财经大学行知学院,2023,安徽,本科批,理科,,,439,150015,
2646,西安电子科技大学,2023,安徽,本科批,理科,,,607,3557,
2647,西安翻译学院,2023,安徽,本科批,理科,,,431,153798,
2649,西安工程大学,2023,安徽,本科批,理科,,,519,54020,
2651,西安工业大学,2023,安徽,本科批,理科,,,507,30345,
2653,西安航空学院,2023,安徽,本科批,理科,,,466,115028,
2655,西安建筑科技大学,2023,安徽,本科批,理科,,,499,30857,
2656,西安建筑科技大学华清学院,2023,安徽,本科批,理科,,,444,138898,
2657,西安交通大学,2023,安徽,本科批,理科,,,612,816,
2658,西安交通工程学院,2023,安徽,本科批,理科,,,449,136485,
2659,西安科技大学,2023,安徽,本科批,理科,,,495,30345,
2660,西安科技大学高新学院,2023,安徽,本科批,理科,,,436,151251,
2661,西安理工大学,2023,安徽,本科批,理科,,,531,22912,
2663,西安明德理工学院,2023,安徽,本科批,理科,,,434,153798,
2664,西安欧亚学院,2023,安徽,本科批,理科,,,427,151251,
2665,西安培华学院,2023,安徽,本科批,理科,,,436,142613,
2666,西安汽车职业大学,2023,安徽,本科批,理科,,,427,162365,
2667,西安石油大学,2023,安徽,本科批,理科,,,497,31972,
2668,西安思源学院,2023,安徽,本科批,理科,,,428,146313,
2671,西安外国语大学,2023,安徽,本科批,理科,,,519,32496,
2672,西安外事学院,2023,安徽,本科批,理科,,,438,145081,
2673,西安文理学院,2023,安徽,本科批,理科,,,460,109341,
2674,西安信息职业大学,2023,安徽,本科批,理科,,,433,153798,
2676,西安医学院,2023,安徽,本科批,理科,,,560,35542,
2678,西安邮电大学,2023,安徽,本科批,理科,,,568,18368,
2680,西北大学,2023,安徽,本科批,理科,,,559,12885,
2682,西北工业大学,2023,安徽,本科批,理科,,,613,1595,
2683,西北民族大学,2023,安徽,本科批,理科,,,476,101657,
2684,西北农林科技大学,2023,安徽,本科批,理科,,,569,12546,
2685,西北师范大学,2023,安徽,本科批,理科,,,459,80314,
2686,西北政法大学,2023,安徽,本科批,理科,,,567,24415,
2688,西藏农牧学院,2023,安徽,本科批,理科,,,446,136485,
2690,西昌学院,2023,安徽,本科批,理科,,,432,132730,
2691,西华大学,2023,安徽,本科批,理科,,,486,38674,
2692,西华师范大学,2023,安徽,本科批,理科,,,429,106076,
2693,西交利物浦大学,2023,安徽,本科批,理科,,,541,43275,
2694,西京学院,2023,安徽,本科批,理科,,,440,136485,
2695,西南财经大学,2023,安徽,本科批,理科,,,579,6481,
2696,西南财经大学天府学院,2023,安徽,本科批,理科,,,447,135222,
2697,西南大学,2023,安徽,本科批,理科,,,572,14332,
2698,西南大学,2023,安徽,本科批,理科,,,570,26449,
2699,西南交通大学,2023,安徽,本科批,理科,,,555,7990,
2700,西南交通大学希望学院,2023,安徽,本科批,理科,,,447,140129,
2701,西南科技大学,2023,安徽,本科批,理科,,,515,51044,
2702,西南林业大学,2023,安徽,本科批,理科,,,450,95174,
2703,西南民族大学,2023,安徽,本科批,理科,,,477,36764,
2704,西南石油大学,2023,安徽,本科批,理科,,,564,25922,
2705,西南医科大学,2023,安徽,本科批,理科,,,471,100581,
2706,西南政法大学,2023,安徽,本科批,理科,,,575,12195,
2709,厦门大学,2023,安徽,本科批,理科,,,596,1695,
2710,厦门大学嘉庚学院,2023,安徽,本科批,理科,,,451,113945,
2712,厦门工学院,2023,安徽,本科批,理科,,,442,142613,
2715,厦门华厦学院,2023,安徽,本科批,理科,,,433,145081,
2716,厦门理工学院,2023,安徽,本科批,理科,,,493,75773,
2721,厦门医学院,2023,安徽,本科批,理科,,,488,69548,
2724,咸阳师范学院,2023,安徽,本科批,理科,,,476,107168,
2727,湘南学院,2023,安徽,本科批,理科,,,482,73040,
2729,湘潭大学,2023,安徽,本科批,理科,,,571,21517,
2730,湘潭大学兴湘学院,2023,安徽,本科批,理科,,,450,136485,
2731,湘潭理工学院,2023,安徽,本科批,理科,,,432,158650,
2735,忻州师范学院,2023,安徽,本科批,理科,,,442,104923,
2737,新疆财经大学,2023,安徽,本科批,理科,,,427,106076,
2738,新疆大学,2023,安徽,本科批,理科,,,523,25383,
2739,新疆第二医学院,2023,安徽,本科批,理科,,,471,81271,
2740,新疆工程学院,2023,安徽,本科批,理科,,,448,132730,
2742,新疆警察学院,2023,安徽,本科批,理科,,,455,132730,
2743,新疆科技学院,2023,安徽,本科批,理科,,,445,137715,
2746,新疆理工学院,2023,安徽,本科批,理科,,,447,132730,
2748,新疆农业大学,2023,安徽,本科批,理科,,,442,124402,
2750,新疆师范大学,2023,安徽,本科批,理科,,,452,99506,
2752,新疆天山职业技术大学,2023,安徽,本科批,理科,,,432,148791,
2754,新疆医科大学,2023,安徽,本科批,理科,,,462,26994,
2755,新疆艺术学院,2023,安徽,本科批,理科,,,446,143809,
2757,新疆政法学院,2023,安徽,本科批,理科,,,448,136485,
2759,新乡学院,2023,安徽,本科批,理科,,,458,122028,
2760,新乡医学院,2023,安徽,本科批,理科,,,546,42596,
2761,新乡医学院三全学院,2023,安徽,本科批,理科,,,476,108248,
2762,新余学院,2023,安徽,本科批,理科,,,459,106076,
2764,信阳农林学院,2023,安徽,本科批,理科,,,453,135222,
2766,信阳师范大学,2023,安徽,本科批,理科,,,468,116181,
2767,信阳学院,2023,安徽,本科批,理科,,,446,126779,
2770,邢台学院,2023,安徽,本科批,理科,,,434,153798,
2773,兴义民族师范学院,2023,安徽,本科批,理科,,,449,136485,
2774,徐州工程学院,2023,安徽,本科批,理科,,,466,91034,
2777,徐州医科大学,2023,安徽,本科批,理科,,,570,23391,
2779,许昌学院,2023,安徽,本科批,理科,,,477,102681,
2781,烟台大学,2023,安徽,本科批,理科,,,479,78412,
2784,烟台科技学院,2023,安徽,本科批,理科,,,440,145081,
2785,烟台理工学院,2023,安徽,本科批,理科,,,448,138898,
2786,烟台南山学院,2023,安徽,本科批,理科,,,438,146313,
2789,延安大学,2023,安徽,本科批,理科,,,450,102681,
2790,延安大学西安创新学院,2023,安徽,本科批,理科,,,427,158650,
2791,延边大学,2023,安徽,本科批,理科,,,556,29158,
2793,盐城工学院,2023,安徽,本科批,理科,,,473,107168,
2795,盐城师范学院,2023,安徽,本科批,理科,,,466,119685,
2797,燕山大学,2023,安徽,本科批,理科,,,525,25383,
2798,扬州大学,2023,安徽,本科批,理科,,,569,22912,
2799,扬州大学广陵学院,2023,安徽,本科批,理科,,,456,120852,
2803,阳光学院,2023,安徽,本科批,理科,,,427,156214,
2805,伊犁师范大学,2023,安徽,本科批,理科,,,440,136485,
2807,宜宾学院,2023,安徽,本科批,理科,,,469,109341,
2809,宜春学院,2023,安徽,本科批,理科,,,446,108248,
2815,银川能源学院,2023,安徽,本科批,理科,,,428,163568,
2816,营口理工学院,2023,安徽,本科批,理科,,,453,129178,
2819,右江民族医学院,2023,安徽,本科批,理科,,,457,84214,
2821,榆林学院,2023,安徽,本科批,理科,,,447,135222,
2822,玉林师范学院,2023,安徽,本科批,理科,,,445,141382,
2823,玉溪师范学院,2023,安徽,本科批,理科,,,446,141382,
2824,豫章师范学院,2023,安徽,本科批,理科,,,458,123232,
2826,云南财经大学,2023,安徽,本科批,理科,,,472,78412,
2828,云南大学,2023,安徽,本科批,理科,,,578,21984,
2829,滇池学院,2023,安徽,本科批,理科,,,433,159869,
2834,云南经济管理学院,2023,安徽,本科批,理科,,,432,156214,
2836,云南警官学院,2023,安徽,本科批,理科,,,481,102681,
2839,云南民族大学,2023,安徽,本科批,理科,,,477,107168,
2840,云南农业大学,2023,安徽,本科批,理科,,,448,93047,
2843,云南师范大学,2023,安徽,本科批,理科,,,486,82259,
2848,云南中医药大学,2023,安徽,本科批,理科,,,446,97343,
2851,运城学院,2023,安徽,本科批,理科,,,445,138898,
2854,枣庄学院,2023,安徽,本科批,理科,,,450,126779,
2858,张家口学院,2023,安徽,本科批,理科,,,447,131540,
2864,昭通学院,2023,安徽,本科批,理科,,,447,142613,
2865,肇庆学院,2023,安徽,本科批,理科,,,469,115028,
2867,浙大城市学院,2023,安徽,本科批,理科,,,497,36137,
2868,浙大宁波理工学院,2023,安徽,本科批,理科,,,529,49559,
2870,浙江财经大学,2023,安徽,本科批,理科,,,540,31408,
2871,浙江财经大学东方学院,2023,安徽,本科批,理科,,,444,133995,
2872,浙江传媒学院,2023,安徽,本科批,理科,,,479,40005,
2873,浙江大学,2023,安徽,本科批,理科,,,641,143,
2874,浙江大学医学院,2023,安徽,本科批,理科,,,643,877,
2878,浙江工商大学,2023,安徽,本科批,理科,,,554,20572,
2879,浙江工商大学杭州商学院,2023,安徽,本科批,理科,,,426,107168,
2881,浙江工业大学,2023,安徽,本科批,理科,,,487,18368,
2882,浙江工业大学之江学院,2023,安徽,本科批,理科,,,451,135222,
2884,浙江广厦建设职业技术大学,2023,安徽,本科批,理科,,,428,158650,
2886,浙江海洋大学,2023,安徽,本科批,理科,,,487,40005,
2896,浙江科技大学,2023,安徽,本科批,理科,,,501,46773,
2897,浙江理工大学,2023,安徽,本科批,理科,,,541,25922,
2898,浙江理工大学科技与艺术学院,2023,安徽,本科批,理科,,,444,140129,
2900,浙江农林大学,2023,安徽,本科批,理科,,,487,32496,
2901,浙江农林大学暨阳学院,2023,安徽,本科批,理科,,,439,147559,
2904,浙江师范大学,2023,安徽,本科批,理科,,,484,23900,
2905,浙江师范大学行知学院,2023,安徽,本科批,理科,,,449,135222,
2906,浙江树人学院,2023,安徽,本科批,理科,,,427,132730,
2907,浙江水利水电学院,2023,安徽,本科批,理科,,,482,89111,
2910,浙江外国语学院,2023,安徽,本科批,理科,,,445,81271,
2911,浙江万里学院,2023,安徽,本科批,理科,,,458,104923,
2912,浙江药科职业大学,2023,安徽,本科批,理科,,,460,116181,
2917,浙江越秀外国语学院,2023,安徽,本科批,理科,,,428,142613,
2918,浙江中医药大学,2023,安徽,本科批,理科,,,526,15873,
2921,郑州财经学院,2023,安徽,本科批,理科,,,443,145081,
2923,郑州大学,2023,安徽,本科批,理科,,,574,11853,
2925,郑州工程技术学院,2023,安徽,本科批,理科,,,471,103831,
2926,郑州工商学院,2023,安徽,本科批,理科,,,447,137715,
2927,郑州工业应用技术学院,2023,安徽,本科批,理科,,,441,147559,
2928,郑州航空工业管理学院,2023,安徽,本科批,理科,,,469,96256,
2929,郑州经贸学院,2023,安徽,本科批,理科,,,450,137715,
2931,郑州科技学院,2023,安徽,本科批,理科,,,459,127948,
2933,郑州轻工业大学,2023,安徽,本科批,理科,,,480,39336,
2934,郑州商学院,2023,安徽,本科批,理科,,,444,145081,
2935,郑州升达经贸管理学院,2023,安徽,本科批,理科,,,444,142613,
2940,郑州西亚斯学院,2023,安徽,本科批,理科,,,450,136485,
2944,中北大学,2023,安徽,本科批,理科,,,527,32496,
2945,中国传媒大学,2023,安徽,本科批,理科,,,563,9347,
2946,中国地质大学(北京),2023,安徽,本科批,理科,,,588,10874,
2947,中国地质大学(武汉),2023,安徽,本科批,理科,,,562,12885,
2948,中国海洋大学,2023,安徽,本科批,理科,,,593,6997,
2949,中国计量大学,2023,安徽,本科批,理科,,,571,26994,
2950,中国计量大学现代科技学院,2023,安徽,本科批,理科,,,451,103831,
2951,中国科学技术大学,2023,安徽,本科批,理科,,,670,310,
2953,中国矿业大学(北京),2023,安徽,本科批,理科,,,573,12885,
2954,中国矿业大学徐海学院,2023,安徽,本科批,理科,,,452,127948,
2955,中国劳动关系学院,2023,安徽,本科批,理科,,,482,43275,
2957,中国民航大学,2023,安徽,本科批,理科,,,560,28602,
2958,中国民用航空飞行学院,2023,安徽,本科批,理科,,,481,80314,
2959,中国农业大学,2023,安徽,本科批,理科,,,595,4478,
2960,中国人民大学,2023,安徽,本科批,理科,,,661,524,
2963,中国人民警察大学,2023,安徽,本科批,理科,,,530,47509,
2964,中国社会科学院大学,2023,安徽,本科批,理科,,,626,6481,
2965,中国石油大学(北京),2023,安徽,本科批,理科,,,599,11217,
2966,中国石油大学(北京)克拉玛依校区,2023,安徽,本科批,理科,,,557,31408,
2967,中国石油大学(华东),2023,安徽,本科批,理科,,,597,12195,
2971,中国药科大学,2023,安徽,本科批,理科,,,586,4478,
2972,中国医科大学,2023,安徽,本科批,理科,,,531,4097,
2974,中国政法大学,2023,安徽,本科批,理科,,,611,2266,
2975,中华女子学院,2023,安徽,本科批,理科,,,478,65386,
2976,中南财经政法大学,2023,安徽,本科批,理科,,,595,6997,
2977,中南大学,2023,安徽,本科批,理科,,,608,1497,
2978,中南林业科技大学,2023,安徽,本科批,理科,,,512,51044,
2980,中南民族大学,2023,安徽,本科批,理科,,,512,38674,
2981,中山大学,2023,安徽,本科批,理科,,,647,1190,
2984,中央财经大学,2023,安徽,本科批,理科,,,615,3897,
2986,中央民族大学,2023,安徽,本科批,理科,,,586,8514,
2990,中原工学院,2023,安徽,本科批,理科,,,478,97343,
2993,仲恺农业工程学院,2023,安徽,本科批,理科,,,478,100581,
2994,周口师范学院,2023,安徽,本科批,理科,,,449,101657,
2997,珠海科技学院,2023,安徽,本科批,理科,,,448,131540,
3003,遵义师范学院,2023,安徽,本科批,理科,,,447,118486,
3004,遵义医科大学,2023,安徽,本科批,理科,,,545,45331,
3005,遵义医科大学医学与科技学院,2023,安徽,本科批,理科,,,471,113945,
9001,安徽大学,2023,安徽,本科批,理科,,,564,13985,
9002,安徽财经大学,2023,安徽,本科批,理科,,,482,40005,
9003,安徽工程大学,2023,安徽,本科批,理科,,,500,57222,
9004,安徽工业大学,2023,安徽,本科批,理科,,,510,40657,
9005,安徽建筑大学,2023,安徽,本科批,理科,,,496,58837,
9006,安徽理工大学,2023,安徽,本科批,理科,,,530,45331,
9007,安徽农业大学,2023,安徽,本科批,理科,,,488,36137,
9008,安徽师范大学,2023,安徽,本科批,理科,,,546,30345,
9009,安徽医科大学,2023,安徽,本科批,理科,,,491,10874,
9010,安徽中医药大学,2023,安徽,本科批,理科,,,488,36764,
9011,安庆师范大学,2023,安徽,本科批,理科,,,483,67887,
9012,淮北师范大学,2023,安徽,本科批,理科,,,491,66201,
9101,安徽科技学院,2023,安徽,本科批,理科,,,461,85157,
9102,蚌埠学院,2023,安徽,本科批,理科,,,453,101657,
9103,蚌埠医科大学,2023,安徽,本科批,理科,,,472,28070,
9104,亳州学院,2023,安徽,本科批,理科,,,454,125565,
9105,巢湖学院,2023,安徽,本科批,理科,,,448,99506,
9106,池州学院,2023,安徽,本科批,理科,,,453,110522,
9107,滁州学院,2023,安徽,本科批,理科,,,455,93047,
9108,阜阳师范大学,2023,安徽,本科批,理科,,,486,83230,
9109,合肥师范学院,2023,安徽,本科批,理科,,,448,76635,
9110,合肥大学,2023,安徽,本科批,理科,,,491,60435,
9111,淮南师范学院,2023,安徽,本科批,理科,,,466,96256,
9112,黄山学院,2023,安徽,本科批,理科,,,443,101657,
9113,铜陵学院,2023,安徽,本科批,理科,,,460,94098,
9114,皖南医学院,2023,安徽,本科批,理科,,,464,34889,
9115,皖西学院,2023,安徽,本科批,理科,,,466,92024,
9116,宿州学院,2023,安徽,本科批,理科,,,457,101657,
9117,安徽艺术学院,2023,安徽,本科批,理科,,,452,133995,
9201,蚌埠工商学院,2023,安徽,本科批,理科,,,437,146313,
9203,马鞍山学院,2023,安徽,本科批,理科,,,441,141382,
9204,合肥城市学院,2023,安徽,本科批,理科,,,427,150015,
9205,合肥经济学院,2023,安徽,本科批,理科,,,445,140129,
9206,安徽三联学院,2023,安徽,本科批,理科,,,428,152512,
9207,芜湖学院,2023,安徽,本科批,理科,,,449,131540,
9208,安徽外国语学院,2023,安徽,本科批,理科,,,427,156214,
9209,安徽文达信息工程学院,2023,安徽,本科批,理科,,,428,150015,
9210,安徽新华学院,2023,安徽,本科批,理科,,,433,150015,
9211,安徽信息工程学院,2023,安徽,本科批,理科,,,429,151251,
9212,安徽医科大学临床医学院,2023,安徽,本科批,理科,,,451,120852,
9213,阜阳理工学院,2023,安徽,本科批,理科,,,448,136485,
9214,皖江工学院,2023,安徽,本科批,理科,,,428,150015,
9215,淮北理工学院,2023,安徽,本科批,理科,,,436,140129,
1061,北京师范大学,2023,安徽,本科提前批-优师专项,理科,,,617,9941,
1253,东北师范大学,2023,安徽,本科提前批-优师专项,理科,,,580,17945,
1726,华东师范大学,2023,安徽,本科提前批-优师专项,理科,,,614,10874,
1735,华中师范大学,2023,安徽,本科提前批-优师专项,理科,,,598,15462,
2296,陕西师范大学,2023,安徽,本科提前批-优师专项,理科,,,578,17551,
2697,西南大学,2023,安徽,本科提前批-优师专项,理科,,,605,13985,
9008,安徽师范大学,2023,安徽,本科提前批-优师专项,理科,,,538,30345,
2060,南京警察学院,2023,安徽,本科提前批-公安,理科,,,523,17551,
2836,云南警官学院,2023,安徽,本科提前批-公安,理科,,,534,37403,
2930,郑州警察学院,2023,安徽,本科提前批-公安,理科,,,495,25922,
2962,中国人民公安大学,2023,安徽,本科提前批-公安,理科,,,615,3726,
2963,中国人民警察大学,2023,安徽,本科提前批-公安,理科,,,572,11853,
2970,中国刑事警察学院,2023,安徽,本科提前批-公安,理科,,,566,7722,
1060,北京师范大学,2023,安徽,本科提前批-公费师范生,理科,,,644,3557,
1253,东北师范大学,2023,安徽,本科提前批-公费师范生,理科,,,622,5547,
1726,华东师范大学,2023,安徽,本科提前批-公费师范生,理科,,,647,1798,
1735,华中师范大学,2023,安徽,本科提前批-公费师范生,理科,,,620,2382,
2296,陕西师范大学,2023,安徽,本科提前批-公费师范生,理科,,,619,6481,
2697,西南大学,2023,安徽,本科提前批-公费师范生,理科,,,619,5334,
1022,北部湾大学,2023,安徽,本科提前批-其他,理科,,,436,136485,
1033,北京电子科技学院,2023,安徽,本科提前批-其他,理科,,,634,3238,
1074,北京语言大学,2023,安徽,本科提前批-其他,理科,,,556,25922,
1083,渤海大学,2023,安徽,本科提前批-其他,理科,,,448,135222,
1181,重庆交通大学,2023,安徽,本科提前批-其他,理科,,,501,58837,
1216,大连海事大学,2023,安徽,本科提前批-其他,理科,,,547,22450,
1263,对外经济贸易大学,2023,安徽,本科提前批-其他,理科,,,620,9059,
1333,广东海洋大学,2023,安徽,本科提前批-其他,理科,,,457,118486,
1444,国际关系学院,2023,安徽,本科提前批-其他,理科,,,602,3238,
1474,海南科技职业大学,2023,安徽,本科提前批-其他,理科,,,433,159869,
1475,海南热带海洋学院,2023,安徽,本科提前批-其他,理科,,,430,163568,
1727,华东政法大学,2023,安徽,本科提前批-其他,理科,,,573,21984,
1751,吉林大学,2023,安徽,本科提前批-其他,理科,,,609,12546,
1773,集美大学,2023,安徽,本科提前批-其他,理科,,,479,97343,
2057,南京航空航天大学金城学院,2023,安徽,本科提前批-其他,理科,,,453,135222,
2116,宁波大学,2023,安徽,本科提前批-其他,理科,,,516,67048,
2168,清华大学,2023,安徽,本科提前批-其他,理科,,,683,143,
2184,泉州师范学院,2023,安徽,本科提前批-其他,理科,,,436,137715,
2222,山东交通学院,2023,安徽,本科提前批-其他,理科,,,456,130379,
2327,上海海关学院,2023,安徽,本科提前批-其他,理科,,,603,10874,
2328,上海海事大学,2023,安徽,本科提前批-其他,理科,,,499,66201,
2348,上海纽约大学,2023,安徽,本科提前批-其他,理科,,,559,36764,
2357,上海外国语大学,2023,安徽,本科提前批-其他,理科,,,598,10874,
2376,深圳北理莫斯科大学,2023,安徽,本科提前批-其他,理科,,,485,79397,
2446,四川外国语大学,2023,安徽,本科提前批-其他,理科,,,526,35542,
2524,天津理工大学,2023,安徽,本科提前批-其他,理科,,,471,100581,
2562,外交学院,2023,安徽,本科提前批-其他,理科,,,627,4673,
2622,武汉理工大学,2023,安徽,本科提前批-其他,理科,,,564,31408,
2671,西安外国语大学,2023,安徽,本科提前批-其他,理科,,,518,51044,
2706,西南政法大学,2023,安徽,本科提前批-其他,理科,,,548,33662,
2726,香港中文大学(深圳),2023,安徽,本科提前批-其他,理科,,,643,3726,
2886,浙江海洋大学,2023,安徽,本科提前批-其他,理科,,,480,93047,
2945,中国传媒大学,2023,安徽,本科提前批-其他,理科,,,607,13236,
2957,中国民航大学,2023,安徽,本科提前批-其他,理科,,,467,118486,
2958,中国民用航空飞行学院,2023,安徽,本科提前批-其他,理科,,,484,99506,
2960,中国人民大学,2023,安徽,本科提前批-其他,理科,,,664,1116,
2976,中南财经政法大学,2023,安徽,本科提前批-其他,理科,,,580,10562,
8101,香港城市大学,2023,安徽,本科提前批-其他,理科,,,621,2775,
6001,国防科技大学,2023,安徽,本科提前批-军事院校,理科,,,625,576,
6002,陆军工程大学,2023,安徽,本科提前批-军事院校,理科,,,540,8762,
6003,陆军步兵学院,2023,安徽,本科提前批-军事院校,理科,,,536,35542,
6004,陆军装甲兵学院,2023,安徽,本科提前批-军事院校,理科,,,548,24415,
6005,陆军炮兵防空兵学院,2023,安徽,本科提前批-军事院校,理科,,,558,12885,
6006,陆军特种作战学院,2023,安徽,本科提前批-军事院校,理科,,,545,40005,
6007,陆军边海防学院,2023,安徽,本科提前批-军事院校,理科,,,546,38674,
6008,陆军防化学院,2023,安徽,本科提前批-军事院校,理科,,,547,38062,
6009,陆军军医大学,2023,安徽,本科提前批-军事院校,理科,,,595,10237,
6010,陆军军事交通学院,2023,安徽,本科提前批-军事院校,理科,,,545,21065,
6011,陆军勤务学院,2023,安徽,本科提前批-军事院校,理科,,,555,13985,
6012,海军工程大学,2023,安徽,本科提前批-军事院校,理科,,,551,7464,
6013,海军大连舰艇学院,2023,安徽,本科提前批-军事院校,理科,,,557,11217,
6014,海军潜艇学院,2023,安徽,本科提前批-军事院校,理科,,,526,29752,
6015,海军航空大学,2023,安徽,本科提前批-军事院校,理科,,,568,14332,
6016,海军军医大学,2023,安徽,本科提前批-军事院校,理科,,,593,1190,
6017,空军工程大学,2023,安徽,本科提前批-军事院校,理科,,,501,14712,
6018,空军航空大学,2023,安徽,本科提前批-军事院校,理科,,,557,13617,
6019,空军预警学院,2023,安徽,本科提前批-军事院校,理科,,,554,18796,
6020,空军军医大学,2023,安徽,本科提前批-军事院校,理科,,,593,8260,
6021,火箭军工程大学,2023,安徽,本科提前批-军事院校,理科,,,556,7464,
6022,战略支援部队航天工程大学,2023,安徽,本科提前批-军事院校,理科,,,583,11853,
6023,战略支援部队信息工程大学,2023,安徽,本科提前批-军事院校,理科,,,590,8260,
6024,武警工程大学,2023,安徽,本科提前批-军事院校,理科,,,545,11536,
6025,武警警官学院,2023,安徽,本科提前批-军事院校,理科,,,547,18368,
6026,武警特种警察学院,2023,安徽,本科提前批-军事院校,理科,,,523,62012,
6027,武警海警学院,2023,安徽,本科提前批-军事院校,理科,,,541,40005,
8104,海军航空大学,2023,安徽,本科提前批-军事院校,理科,,,568,31408,
9009,安徽医科大学,2023,安徽,本科提前批-农村订单定向免费医学生,理科,,,498,21984,
9010,安徽中医药大学,2023,安徽,本科提前批-农村订单定向免费医学生,理科,,,479,54020,
9103,蚌埠医科大学,2023,安徽,本科提前批-农村订单定向免费医学生,理科,,,498,33662,
9114,皖南医学院,2023,安徽,本科提前批-农村订单定向免费医学生,理科,,,494,29158,
2969,中国消防救援学院,2023,安徽,本科提前批-司法及应急消防,理科,,,520,48171,
2987,中央司法警官学院,2023,安徽,本科提前批-司法及应急消防,理科,,,422,42596,
9007,安徽农业大学,2023,安徽,本科提前批-基层农技推广人才定向,理科,,,476,9654,
9101,安徽科技学院,2023,安徽,本科提前批-基层农技推广人才定向,理科,,,459,41949,
9008,安徽师范大学,2023,安徽,本科提前批-定向培养乡村教师,理科,,,482,30345,
9011,安庆师范大学,2023,安徽,本科提前批-定向培养乡村教师,理科,,,452,51044,
9012,淮北师范大学,2023,安徽,本科提前批-定向培养乡村教师,理科,,,436,73040,
9108,阜阳师范大学,2023,安徽,本科提前批-定向培养乡村教师,理科,,,456,51819,
9109,合肥师范学院,2023,安徽,本科提前批-定向培养乡村教师,理科,,,450,51819,
9111,淮南师范学院,2023,安徽,本科提前批-定向培养乡村教师,理科,,,447,41949,
1065,北京外国语大学,2023,安徽,本科提前批-综合评价,理科,,,591,7464,
1920,昆山杜克大学,2023,安徽,本科提前批-综合评价,理科,,,539,50299,
2043,南方科技大学,2023,安徽,本科提前批-综合评价,理科,,,620,9059,
1002,安康职业技术学院,2023,安徽,高职专科,理科,,,336,249200,
1007,鞍山师范学院,2023,安徽,高职专科,理科,,,378,189829,
1008,鞍山职业技术学院,2023,安徽,高职专科,理科,,,296,269583,
1009,巴中职业技术学院,2023,安徽,高职专科,理科,,,250,281474,
1011,白城职业技术学院,2023,安徽,高职专科,理科,,,322,262306,
1012,白银希望职业技术学院,2023,安徽,高职专科,理科,,,241,291871,
1013,包头轻工职业技术学院,2023,安徽,高职专科,理科,,,242,291642,
1014,包头铁道职业技术学院,2023,安徽,高职专科,理科,,,364,233241,
1015,包头职业技术学院,2023,安徽,高职专科,理科,,,249,249862,
1016,宝鸡三和职业学院,2023,安徽,高职专科,理科,,,223,275405,
1018,宝鸡职业技术学院,2023,安徽,高职专科,理科,,,356,230689,
1019,宝鸡中北职业学院,2023,安徽,高职专科,理科,,,248,290269,
1020,保定理工学院,2023,安徽,高职专科,理科,,,369,215180,
1034,北京电子科技职业学院,2023,安徽,高职专科,理科,,,420,169641,
1039,北京工业职业技术学院,2023,安徽,高职专科,理科,,,408,180570,
1045,北京交通运输职业学院,2023,安徽,高职专科,理科,,,390,170851,
1046,北京交通职业技术学院,2023,安徽,高职专科,理科,,,366,218955,
1047,北京经济管理职业学院,2023,安徽,高职专科,理科,,,391,197580,
1048,北京经济技术职业学院,2023,安徽,高职专科,理科,,,367,213148,
1057,北京农业职业学院,2023,安徽,高职专科,理科,,,419,175729,
1058,北京培黎职业学院,2023,安徽,高职专科,理科,,,275,269106,
1070,北京信息职业技术学院,2023,安徽,高职专科,理科,,,396,200831,
1075,北京政法职业学院,2023,安徽,高职专科,理科,,,392,192075,
1077,北京中医药大学东方学院,2023,安徽,高职专科,理科,,,384,206126,
1078,滨州科技职业学院,2023,安徽,高职专科,理科,,,206,291432,
1081,博尔塔拉职业技术学院,2023,安徽,高职专科,理科,,,307,258219,
1082,渤海船舶职业学院,2023,安徽,高职专科,理科,,,316,257668,
1084,渤海理工职业学院,2023,安徽,高职专科,理科,,,251,289468,
1086,沧州医学高等专科学校,2023,安徽,高职专科,理科,,,408,170851,
1089,长白山职业技术学院,2023,安徽,高职专科,理科,,,276,282461,
1093,长春东方职业学院,2023,安徽,高职专科,理科,,,357,238988,
1098,长春金融高等专科学校,2023,安徽,高职专科,理科,,,359,217024,
1103,长春师范高等专科学校,2023,安徽,高职专科,理科,,,420,175729,
1104,长春医学高等专科学校,2023,安徽,高职专科,理科,,,414,168405,
1107,长江大学文理学院,2023,安徽,高职专科,理科,,,411,186370,
1108,长江工程职业技术学院,2023,安徽,高职专科,理科,,,359,229005,
1110,长江艺术工程职业学院,2023,安徽,高职专科,理科,,,200,275841,
1111,长江职业学院,2023,安徽,高职专科,理科,,,344,237429,
1112,长沙航空职业技术学院,2023,安徽,高职专科,理科,,,424,169641,
1113,长沙环境保护职业技术学院,2023,安徽,高职专科,理科,,,343,243574,
1116,长沙民政职业技术学院,2023,安徽,高职专科,理科,,,412,143809,
1117,长沙南方职业学院,2023,安徽,高职专科,理科,,,333,220899,
1118,长沙商贸旅游职业技术学院,2023,安徽,高职专科,理科,,,261,286926,
1120,长沙卫生职业学院,2023,安徽,高职专科,理科,,,413,169641,
1123,长沙职业技术学院,2023,安徽,高职专科,理科,,,400,198645,
1129,常州纺织服装职业技术学院,2023,安徽,高职专科,理科,,,326,251890,
1130,常州工程职业技术学院,2023,安徽,高职专科,理科,,,388,198645,
1132,常州工业职业技术学院,2023,安徽,高职专科,理科,,,378,218955,
1133,常州机电职业技术学院,2023,安徽,高职专科,理科,,,409,179406,
1134,常州信息职业技术学院,2023,安徽,高职专科,理科,,,420,170851,
1135,朝阳师范学院,2023,安徽,高职专科,理科,,,368,223724,
1138,成都纺织高等专科学校,2023,安徽,高职专科,理科,,,392,186370,
1140,成都航空职业技术学院,2023,安徽,高职专科,理科,,,423,172008,
1143,成都理工大学工程技术学院,2023,安徽,高职专科,理科,,,418,178162,
1144,成都农业科技职业学院,2023,安徽,高职专科,理科,,,389,210128,
1151,成都银杏酒店管理学院,2023,安徽,高职专科,理科,,,367,230689,
1153,承德护理职业学院,2023,安徽,高职专科,理科,,,402,195375,
1155,赤峰工业职业技术学院,2023,安徽,高职专科,理科,,,228,274573,
1158,重庆财经职业学院,2023,安徽,高职专科,理科,,,395,181779,
1159,重庆城市管理职业学院,2023,安徽,高职专科,理科,,,412,185252,
1162,重庆传媒职业学院,2023,安徽,高职专科,理科,,,266,279705,
1165,重庆电力高等专科学校,2023,安徽,高职专科,理科,,,419,172008,
1166,重庆电信职业学院,2023,安徽,高职专科,理科,,,401,197580,
1167,重庆电子科技职业大学,2023,安徽,高职专科,理科,,,419,173276,
1170,重庆工程职业技术学院,2023,安徽,高职专科,理科,,,391,202972,
1173,重庆工商职业学院,2023,安徽,高职专科,理科,,,411,180570,
1174,重庆工业职业技术学院,2023,安徽,高职专科,理科,,,421,172008,
1175,重庆海联职业技术学院,2023,安徽,高职专科,理科,,,356,238988,
1176,重庆航天职业技术学院,2023,安徽,高职专科,理科,,,393,202972,
1177,重庆机电职业技术大学,2023,安徽,高职专科,理科,,,354,241344,
1178,重庆建筑工程职业学院,2023,安徽,高职专科,理科,,,408,186370,
1179,重庆建筑科技职业学院,2023,安徽,高职专科,理科,,,287,275405,
1183,重庆科技职业学院,2023,安徽,高职专科,理科,,,311,254511,
1186,重庆旅游职业学院,2023,安徽,高职专科,理科,,,373,225538,
1190,重庆三峡医药高等专科学校,2023,安徽,高职专科,理科,,,416,173276,
1191,重庆商务职业学院,2023,安徽,高职专科,理科,,,395,194279,
1193,重庆水利电力职业技术学院,2023,安徽,高职专科,理科,,,397,201944,
1196,重庆信息技术职业学院,2023,安徽,高职专科,理科,,,307,250528,
1198,重庆医药高等专科学校,2023,安徽,高职专科,理科,,,423,168405,
1200,重庆艺术工程职业学院,2023,安徽,高职专科,理科,,,275,269106,
1202,重庆幼儿师范高等专科学校,2023,安徽,高职专科,理科,,,402,196531,
1203,重庆智能工程职业学院,2023,安徽,高职专科,理科,,,220,291642,
1204,重庆资源与环境保护职业学院,2023,安徽,高职专科,理科,,,226,280744,
1206,楚雄医药高等专科学校,2023,安徽,高职专科,理科,,,381,198645,
1210,大连财经学院,2023,安徽,高职专科,理科,,,282,276244,
1212,大连东软信息学院,2023,安徽,高职专科,理科,,,228,285579,
1213,大连枫叶职业技术学院,2023,安徽,高职专科,理科,,,228,292309,
1218,大连航运职业技术学院,2023,安徽,高职专科,理科,,,274,271947,
1220,大连科技学院,2023,安徽,高职专科,理科,,,310,265012,
1225,大连汽车职业技术学院,2023,安徽,高职专科,理科,,,332,256422,
1226,大连软件职业学院,2023,安徽,高职专科,理科,,,201,277044,
1231,大连职业技术学院,2023,安徽,高职专科,理科,,,322,233241,
1232,大连装备制造职业技术学院,2023,安徽,高职专科,理科,,,243,291432,
1234,大庆医学高等专科学校,2023,安徽,高职专科,理科,,,380,196531,
1235,大庆职业学院,2023,安徽,高职专科,理科,,,272,246399,
1236,大兴安岭职业学院,2023,安徽,高职专科,理科,,,350,224620,
1238,德阳城市轨道交通职业学院,2023,安徽,高职专科,理科,,,206,275405,
1240,德州科技职业学院,2023,安徽,高职专科,理科,,,332,247826,
1242,德州职业技术学院,2023,安徽,高职专科,理科,,,349,245017,
1254,东北石油大学,2023,安徽,高职专科,理科,,,426,161141,
1256,东莞职业技术学院,2023,安徽,高职专科,理科,,,358,221871,
1261,东营科技职业学院,2023,安徽,高职专科,理科,,,317,231555,
1262,东营职业学院,2023,安徽,高职专科,理科,,,299,270997,
1264,鄂州职业大学,2023,安徽,高职专科,理科,,,358,237429,
1265,恩施职业技术学院,2023,安徽,高职专科,理科,,,306,254511,
1268,福建船政交通职业学院,2023,安徽,高职专科,理科,,,345,220899,
1269,福建电力职业技术学院,2023,安徽,高职专科,理科,,,394,198645,
1275,福建林业职业技术学院,2023,安徽,高职专科,理科,,,324,234072,
1278,福建农业职业技术学院,2023,安徽,高职专科,理科,,,374,224620,
1280,福建生物工程职业技术学院,2023,安徽,高职专科,理科,,,316,255786,
1283,福建水利电力职业技术学院,2023,安徽,高职专科,理科,,,334,246399,
1284,福建卫生职业技术学院,2023,安徽,高职专科,理科,,,360,190925,
1285,福建信息职业技术学院,2023,安徽,高职专科,理科,,,379,199712,
1292,福州黎明职业技术学院,2023,安徽,高职专科,理科,,,250,262878,
1294,福州墨尔本理工职业学院,2023,安徽,高职专科,理科,,,291,215180,
1295,福州软件职业技术学院,2023,安徽,高职专科,理科,,,229,263930,
1297,福州英华职业学院,2023,安徽,高职专科,理科,,,237,292746,
1298,福州职业技术学院,2023,安徽,高职专科,理科,,,335,189829,
1300,抚顺职业技术学院,2023,安徽,高职专科,理科,,,289,275405,
1301,阜新高等专科学校,2023,安徽,高职专科,理科,,,326,245017,
1304,甘肃工业职业技术学院,2023,安徽,高职专科,理科,,,266,184110,
1308,甘肃卫生职业学院,2023,安徽,高职专科,理科,,,381,189829,
1316,赣南卫生健康职业学院,2023,安徽,高职专科,理科,,,412,180570,
1318,赣西科技职业学院,2023,安徽,高职专科,理科,,,243,278989,
1319,赣州师范高等专科学校,2023,安徽,高职专科,理科,,,392,199712,
1325,广东财贸职业学院,2023,安徽,高职专科,理科,,,324,258219,
1329,广东工程职业技术学院,2023,安徽,高职专科,理科,,,337,249862,
1330,广东工贸职业技术学院,2023,安徽,高职专科,理科,,,361,223724,
1331,广东工商职业技术大学,2023,安徽,高职专科,理科,,,286,266557,
1334,广东环境保护工程职业学院,2023,安徽,高职专科,理科,,,304,255786,
1335,广东机电职业技术学院,2023,安徽,高职专科,理科,,,349,238988,
1337,广东建设职业技术学院,2023,安徽,高职专科,理科,,,351,209193,
1338,广东交通职业技术学院,2023,安徽,高职专科,理科,,,347,229005,
1340,广东酒店管理职业技术学院,2023,安徽,高职专科,理科,,,237,292746,
1342,广东科学技术职业学院,2023,安徽,高职专科,理科,,,392,184110,
1343,广东理工职业学院,2023,安徽,高职专科,理科,,,357,217024,
1344,广东岭南职业技术学院,2023,安徽,高职专科,理科,,,217,291213,
1345,广东茂名健康职业学院,2023,安徽,高职专科,理科,,,351,243574,
1346,广东农工商职业技术学院,2023,安徽,高职专科,理科,,,275,275405,
1350,广东食品药品职业学院,2023,安徽,高职专科,理科,,,346,206126,
1351,广东水利电力职业技术学院,2023,安徽,高职专科,理科,,,346,238988,
1352,广东司法警官职业学院,2023,安徽,高职专科,理科,,,364,233241,
1356,广东文理职业学院,2023,安徽,高职专科,理科,,,266,221871,
1359,广东新安职业技术学院,2023,安徽,高职专科,理科,,,340,251215,
1367,广西电力职业技术学院,2023,安徽,高职专科,理科,,,384,214148,
1368,广西工业职业技术学院,2023,安徽,高职专科,理科,,,311,263930,
1369,广西国际商务职业技术学院,2023,安徽,高职专科,理科,,,220,281808,
1370,广西机电职业技术学院,2023,安徽,高职专科,理科,,,285,267059,
1371,广西金融职业技术学院,2023,安徽,高职专科,理科,,,315,265012,
1372,广西经济职业学院,2023,安徽,高职专科,理科,,,233,255121,
1374,广西科技职业学院,2023,安徽,高职专科,理科,,,271,267597,
1375,广西理工职业技术学院,2023,安徽,高职专科,理科,,,256,288221,
1379,广西水利电力职业技术学院,2023,安徽,高职专科,理科,,,311,255786,
1380,广西体育高等专科学校,2023,安徽,高职专科,理科,,,277,282129,
1388,广西自然资源职业技术学院,2023,安徽,高职专科,理科,,,254,262878,
1389,广元中核职业技术学院,2023,安徽,高职专科,理科,,,239,292309,
1392,广州东华职业学院,2023,安徽,高职专科,理科,,,223,295392,
1393,广州番禺职业技术学院,2023,安徽,高职专科,理科,,,393,184110,
1396,广州华立科技职业学院,2023,安徽,高职专科,理科,,,200,291871,
1398,广州华南商贸职业学院,2023,安徽,高职专科,理科,,,237,258797,
1400,广州科技贸易职业学院,2023,安徽,高职专科,理科,,,332,243574,
1401,广州科技职业技术大学,2023,安徽,高职专科,理科,,,294,269106,
1404,广州民航职业技术学院,2023,安徽,高职专科,理科,,,399,165958,
1406,广州南洋理工职业学院,2023,安徽,高职专科,理科,,,320,184110,
1411,广州铁路职业技术学院,2023,安徽,高职专科,理科,,,403,186370,
1412,广州卫生职业技术学院,2023,安徽,高职专科,理科,,,377,195375,
1417,广州珠江职业技术学院,2023,安徽,高职专科,理科,,,367,230689,
1418,硅湖职业技术学院,2023,安徽,高职专科,理科,,,230,276645,
1423,贵州电子信息职业技术学院,2023,安徽,高职专科,理科,,,263,283139,
1426,贵州工商职业学院,2023,安徽,高职专科,理科,,,212,297181,
1437,桂林理工大学,2023,安徽,高职专科,理科,,,417,172008,
1438,桂林旅游学院,2023,安徽,高职专科,理科,,,352,185252,
1440,桂林生命与健康职业技术学院,2023,安徽,高职专科,理科,,,309,252556,
1445,哈尔滨北方航空职业技术学院,2023,安徽,高职专科,理科,,,293,245743,
1456,哈尔滨科学技术职业学院,2023,安徽,高职专科,理科,,,324,242078,
1462,哈尔滨铁道职业技术学院,2023,安徽,高职专科,理科,,,384,197580,
1467,哈尔滨职业技术大学,2023,安徽,高职专科,理科,,,321,200831,
1469,海口经济学院,2023,安徽,高职专科,理科,,,239,224620,
1471,海南工商职业学院,2023,安徽,高职专科,理科,,,307,270070,
1473,海南经贸职业技术学院,2023,安徽,高职专科,理科,,,375,173276,
1474,海南科技职业大学,2023,安徽,高职专科,理科,,,204,273687,
1475,海南热带海洋学院,2023,安徽,高职专科,理科,,,311,250528,
1476,海南软件职业技术学院,2023,安徽,高职专科,理科,,,296,267597,
1478,海南体育职业技术学院,2023,安徽,高职专科,理科,,,260,287195,
1479,海南外国语职业学院,2023,安徽,高职专科,理科,,,339,245743,
1480,海南卫生健康职业学院,2023,安徽,高职专科,理科,,,341,216090,
1482,海南政法职业学院,2023,安徽,高职专科,理科,,,362,181779,
1483,海南职业技术学院,2023,安徽,高职专科,理科,,,314,249862,
1484,邯郸科技职业学院,2023,安徽,高职专科,理科,,,304,271446,
1486,邯郸幼儿师范高等专科学校,2023,安徽,高职专科,理科,,,391,198645,
1487,邯郸职业技术学院,2023,安徽,高职专科,理科,,,317,264437,
1489,汉口学院,2023,安徽,高职专科,理科,,,352,237429,
1490,汉中职业技术学院,2023,安徽,高职专科,理科,,,396,185252,
1493,杭州科技职业技术学院,2023,安徽,高职专科,理科,,,408,169641,
1495,杭州万向职业技术学院,2023,安徽,高职专科,理科,,,354,223724,
1497,杭州职业技术学院,2023,安徽,高职专科,理科,,,423,168405,
1509,河北对外经贸职业学院,2023,安徽,高职专科,理科,,,304,249862,
1516,河北轨道运输职业技术学院,2023,安徽,高职专科,理科,,,378,200831,
1517,河北化工医药职业技术学院,2023,安徽,高职专科,理科,,,385,211198,
1519,河北机电职业技术学院,2023,安徽,高职专科,理科,,,353,239785,
1520,河北建材职业技术学院,2023,安徽,高职专科,理科,,,287,278598,
1522,河北交通职业技术学院,2023,安徽,高职专科,理科,,,333,215180,
1526,河北科技工程职业技术大学,2023,安徽,高职专科,理科,,,355,229005,
1528,河北科技学院,2023,安徽,高职专科,理科,,,205,219919,
1529,河北劳动关系职业学院,2023,安徽,高职专科,理科,,,207,274573,
1530,河北旅游职业学院,2023,安徽,高职专科,理科,,,263,286430,
1532,河北能源职业技术学院,2023,安徽,高职专科,理科,,,253,288968,
1534,河北软件职业技术学院,2023,安徽,高职专科,理科,,,337,253182,
1549,河南测绘职业学院,2023,安徽,高职专科,理科,,,369,217024,
1555,河南工业职业技术学院,2023,安徽,高职专科,理科,,,358,233241,
1556,河南护理职业学院,2023,安徽,高职专科,理科,,,391,208203,
1558,河南经贸职业学院,2023,安徽,高职专科,理科,,,377,214148,
1565,河南农业职业学院,2023,安徽,高职专科,理科,,,236,292967,
1567,河南水利与环境职业学院,2023,安徽,高职专科,理科,,,339,227297,
1568,河南司法警官职业学院,2023,安徽,高职专科,理科,,,378,220899,
1570,河南医学高等专科学校,2023,安徽,高职专科,理科,,,401,197580,
1574,河源职业技术学院,2023,安徽,高职专科,理科,,,306,270547,
1577,菏泽医学专科学校,2023,安徽,高职专科,理科,,,379,210128,
1580,鹤岗师范高等专科学校,2023,安徽,高职专科,理科,,,282,256422,
1589,黑龙江护理高等专科学校,2023,安徽,高职专科,理科,,,373,221871,
1590,黑龙江建筑职业技术学院,2023,安徽,高职专科,理科,,,318,179406,
1591,黑龙江交通职业技术学院,2023,安徽,高职专科,理科,,,364,222787,
1593,黑龙江林业职业技术学院,2023,安徽,高职专科,理科,,,211,284386,
1594,黑龙江旅游职业技术学院,2023,安徽,高职专科,理科,,,200,298845,
1595,黑龙江民族职业学院,2023,安徽,高职专科,理科,,,285,253849,
1596,黑龙江能源职业学院,2023,安徽,高职专科,理科,,,219,296057,
1597,黑龙江农垦职业学院,2023,安徽,高职专科,理科,,,279,263402,
1598,黑龙江农业工程职业学院,2023,安徽,高职专科,理科,,,285,271446,
1599,黑龙江农业经济职业学院,2023,安徽,高职专科,理科,,,207,287696,
1600,黑龙江农业职业技术学院,2023,安徽,高职专科,理科,,,226,281138,
1602,黑龙江生态工程职业学院,2023,安徽,高职专科,理科,,,229,286128,
1603,黑龙江司法警官职业学院,2023,安徽,高职专科,理科,,,318,261167,
1606,黑龙江幼儿师范高等专科学校,2023,安徽,高职专科,理科,,,245,281138,
1607,黑龙江职业学院,2023,安徽,高职专科,理科,,,314,239785,
1616,湖北城市建设职业技术学院,2023,安徽,高职专科,理科,,,348,230689,
1620,湖北恩施学院,2023,安徽,高职专科,理科,,,317,250528,
1622,湖北工程学院新技术学院,2023,安徽,高职专科,理科,,,373,217024,
1623,湖北工程职业学院,2023,安徽,高职专科,理科,,,347,239785,
1626,湖北工业职业技术学院,2023,安徽,高职专科,理科,,,325,245743,
1627,湖北国土资源职业学院,2023,安徽,高职专科,理科,,,318,258219,
1628,湖北黄冈应急管理职业技术学院,2023,安徽,高职专科,理科,,,211,287195,
1629,湖北健康职业学院,2023,安徽,高职专科,理科,,,228,261167,
1630,湖北交通职业技术学院,2023,安徽,高职专科,理科,,,365,217972,
1634,湖北开放职业学院,2023,安徽,高职专科,理科,,,272,283765,
1636,湖北科技职业学院,2023,安徽,高职专科,理科,,,337,249200,
1641,湖北三峡职业技术学院,2023,安徽,高职专科,理科,,,395,187483,
1642,湖北商贸学院,2023,安徽,高职专科,理科,,,227,290969,
1643,湖北生态工程职业技术学院,2023,安徽,高职专科,理科,,,330,249200,
1644,湖北生物科技职业学院,2023,安徽,高职专科,理科,,,354,224620,
1646,湖北师范大学文理学院,2023,安徽,高职专科,理科,,,386,187483,
1647,湖北水利水电职业技术学院,2023,安徽,高职专科,理科,,,394,204075,
1648,湖北铁道运输职业学院,2023,安徽,高职专科,理科,,,383,210128,
1654,湖北幼儿师范高等专科学校,2023,安徽,高职专科,理科,,,400,198645,
1655,湖北职业技术学院,2023,安徽,高职专科,理科,,,404,181779,
1657,湖北中医药高等专科学校,2023,安徽,高职专科,理科,,,409,156214,
1658,湖南安全技术职业学院,2023,安徽,高职专科,理科,,,326,259987,
1659,湖南财经工业职业技术学院,2023,安徽,高职专科,理科,,,378,211198,
1661,湖南城建职业技术学院,2023,安徽,高职专科,理科,,,272,261740,
1664,湖南大众传媒职业技术学院,2023,安徽,高职专科,理科,,,397,189829,
1667,湖南高速铁路职业技术学院,2023,安徽,高职专科,理科,,,412,176933,
1669,湖南工程职业技术学院,2023,安徽,高职专科,理科,,,327,220899,
1674,湖南工业职业技术学院,2023,安徽,高职专科,理科,,,370,217972,
1677,湖南化工职业技术学院,2023,安徽,高职专科,理科,,,350,234072,
1678,湖南机电职业技术学院,2023,安徽,高职专科,理科,,,343,249200,
1679,湖南交通职业技术学院,2023,安徽,高职专科,理科,,,368,221871,
1683,湖南科技职业学院,2023,安徽,高职专科,理科,,,351,232413,
1684,湖南劳动人事职业学院,2023,安徽,高职专科,理科,,,310,247826,
1692,湖南软件职业技术大学,2023,安徽,高职专科,理科,,,276,242807,
1693,湖南三一工业职业技术学院,2023,安徽,高职专科,理科,,,270,243574,
1694,湖南商务职业技术学院,2023,安徽,高职专科,理科,,,324,255121,
1696,湖南生物机电职业技术学院,2023,安徽,高职专科,理科,,,342,249862,
1698,湖南石油化工职业技术学院,2023,安徽,高职专科,理科,,,371,214148,
1699,湖南食品药品职业学院,2023,安徽,高职专科,理科,,,363,232413,
1700,湖南水利水电职业技术学院,2023,安徽,高职专科,理科,,,370,209193,
1702,湖南铁道职业技术学院,2023,安徽,高职专科,理科,,,413,176933,
1703,湖南铁路科技职业技术学院,2023,安徽,高职专科,理科,,,405,178162,
1704,湖南外国语职业学院,2023,安徽,高职专科,理科,,,319,238988,
1707,湖南信息职业技术学院,2023,安徽,高职专科,理科,,,411,186370,
1710,湖南邮电职业技术学院,2023,安徽,高职专科,理科,,,347,246399,
1711,湖南幼儿师范高等专科学校,2023,安徽,高职专科,理科,,,379,186370,
1716,湖州职业技术学院,2023,安徽,高职专科,理科,,,365,226424,
1720,华北理工大学,2023,安徽,高职专科,理科,,,426,168405,
1722,华北理工大学轻工学院,2023,安徽,高职专科,理科,,,316,242078,
1724,华东交通大学,2023,安徽,高职专科,理科,,,430,146313,
1739,黄冈科技职业学院,2023,安徽,高职专科,理科,,,272,201944,
1741,黄冈职业技术学院,2023,安徽,高职专科,理科,,,403,187483,
1743,黄河水利职业技术学院,2023,安徽,高职专科,理科,,,424,169641,
1746,惠州经济职业技术学院,2023,安徽,高职专科,理科,,,223,280744,
1752,吉林电子信息职业技术学院,2023,安徽,高职专科,理科,,,400,198645,
1756,吉林工业职业技术学院,2023,安徽,高职专科,理科,,,326,259987,
1760,吉林警察学院,2023,安徽,高职专科,理科,,,414,182950,
1766,吉林司法警官职业学院,2023,安徽,高职专科,理科,,,348,245743,
1768,吉林铁道职业技术学院,2023,安徽,高职专科,理科,,,384,175729,
1776,济南工程职业技术学院,2023,安徽,高职专科,理科,,,387,212148,
1777,济南护理职业学院,2023,安徽,高职专科,理科,,,383,197580,
1779,济南职业学院,2023,安徽,高职专科,理科,,,347,233241,
1782,济宁职业技术学院,2023,安徽,高职专科,理科,,,331,254511,
1788,嘉兴南洋职业技术学院,2023,安徽,高职专科,理科,,,320,263402,
1790,嘉兴职业技术学院,2023,安徽,高职专科,理科,,,388,197580,
1792,建东职业技术学院,2023,安徽,高职专科,理科,,,233,251215,
1793,江海职业技术学院,2023,安徽,高职专科,理科,,,250,258219,
1796,江门职业技术学院,2023,安徽,高职专科,理科,,,330,239785,
1798,江南影视艺术职业学院,2023,安徽,高职专科,理科,,,304,247826,
1799,江苏安全技术职业学院,2023,安徽,高职专科,理科,,,363,221871,
1800,江苏财会职业学院,2023,安徽,高职专科,理科,,,373,193218,
1801,江苏财经职业技术学院,2023,安徽,高职专科,理科,,,380,210128,
1802,江苏城市职业学院,2023,安徽,高职专科,理科,,,424,168405,
1803,江苏城乡建设职业学院,2023,安徽,高职专科,理科,,,369,211198,
1807,江苏电子信息职业学院,2023,安徽,高职专科,理科,,,396,195375,
1808,江苏工程职业技术学院,2023,安徽,高职专科,理科,,,413,169641,
1809,江苏海事职业技术学院,2023,安徽,高职专科,理科,,,405,178162,
1811,江苏航空职业技术学院,2023,安徽,高职专科,理科,,,371,213148,
1812,江苏航运职业技术学院,2023,安徽,高职专科,理科,,,396,182950,
1813,江苏护理职业学院,2023,安徽,高职专科,理科,,,406,187483,
1814,江苏建筑职业技术学院,2023,安徽,高职专科,理科,,,397,188686,
1815,江苏经贸职业技术学院,2023,安徽,高职专科,理科,,,418,170851,
1820,江苏农林职业技术学院,2023,安徽,高职专科,理科,,,410,173276,
1821,江苏农牧科技职业学院,2023,安徽,高职专科,理科,,,412,172008,
1822,江苏商贸职业学院,2023,安徽,高职专科,理科,,,407,173276,
1825,江苏食品药品职业技术学院,2023,安徽,高职专科,理科,,,372,220899,
1826,江苏卫生健康职业学院,2023,安徽,高职专科,理科,,,411,173276,
1827,江苏信息职业技术学院,2023,安徽,高职专科,理科,,,398,196531,
1828,江苏医药职业学院,2023,安徽,高职专科,理科,,,408,182950,
1831,江西财经职业学院,2023,安徽,高职专科,理科,,,341,219919,
1832,江西传媒职业学院,2023,安徽,高职专科,理科,,,318,231555,
1833,江西电力职业技术学院,2023,安徽,高职专科,理科,,,411,182950,
1834,江西枫林涉外经贸职业学院,2023,安徽,高职专科,理科,,,252,236600,
1836,江西工程职业学院,2023,安徽,高职专科,理科,,,314,251890,
1837,江西工商职业技术学院,2023,安徽,高职专科,理科,,,231,293939,
1838,江西工业工程职业技术学院,2023,安徽,高职专科,理科,,,332,256422,
1839,江西工业职业技术学院,2023,安徽,高职专科,理科,,,328,242078,
1840,江西航空职业技术学院,2023,安徽,高职专科,理科,,,311,229005,
1842,江西环境工程职业学院,2023,安徽,高职专科,理科,,,331,257047,
1843,江西机电职业技术学院,2023,安徽,高职专科,理科,,,337,247150,
1844,江西建设职业技术学院,2023,安徽,高职专科,理科,,,326,249862,
1845,江西交通职业技术学院,2023,安徽,高职专科,理科,,,361,202972,
1848,江西科技学院,2023,安徽,高职专科,理科,,,221,262306,
1849,江西科技职业学院,2023,安徽,高职专科,理科,,,209,222787,
1851,江西旅游商贸职业学院,2023,安徽,高职专科,理科,,,312,263930,
1854,江西青年职业学院,2023,安徽,高职专科,理科,,,279,225538,
1855,江西软件职业技术大学,2023,安徽,高职专科,理科,,,213,252556,
1856,江西生物科技职业学院,2023,安徽,高职专科,理科,,,363,227297,
1859,江西师范高等专科学校,2023,安徽,高职专科,理科,,,411,182950,
1860,江西水利职业学院,2023,安徽,高职专科,理科,,,406,185252,
1861,江西司法警官职业学院,2023,安徽,高职专科,理科,,,340,247150,
1862,江西泰豪动漫职业学院,2023,安徽,高职专科,理科,,,229,268617,
1865,江西婺源茶业职业学院,2023,安徽,高职专科,理科,,,250,253849,
1866,江西现代职业技术学院,2023,安徽,高职专科,理科,,,321,258797,
1867,江西新能源科技职业学院,2023,安徽,高职专科,理科,,,290,246399,
1868,江西信息应用职业技术学院,2023,安徽,高职专科,理科,,,352,242807,
1869,江西冶金职业技术学院,2023,安徽,高职专科,理科,,,334,255121,
1870,江西医学高等专科学校,2023,安徽,高职专科,理科,,,403,184110,
1872,江西应用技术职业学院,2023,安徽,高职专科,理科,,,357,184110,
1873,江西应用科技学院,2023,安徽,高职专科,理科,,,331,257047,
1874,江西制造职业技术学院,2023,安徽,高职专科,理科,,,401,187483,
1876,江西中医药高等专科学校,2023,安徽,高职专科,理科,,,385,200831,
1877,江阴职业技术学院,2023,安徽,高职专科,理科,,,351,243574,
1878,焦作大学,2023,安徽,高职专科,理科,,,399,199712,
1880,揭阳职业技术学院,2023,安徽,高职专科,理科,,,261,279339,
1882,金肯职业技术学院,2023,安徽,高职专科,理科,,,284,263930,
1884,金山职业技术学院,2023,安徽,高职专科,理科,,,235,287195,
1885,锦州师范高等专科学校,2023,安徽,高职专科,理科,,,326,254511,
1890,荆楚理工学院,2023,安徽,高职专科,理科,,,421,173276,
1891,荆门职业学院,2023,安徽,高职专科,理科,,,328,254511,
1892,荆州理工职业学院,2023,安徽,高职专科,理科,,,322,245017,
1900,九江理工职业学院,2023,安徽,高职专科,理科,,,296,274976,
1902,九江职业大学,2023,安徽,高职专科,理科,,,379,211198,
1903,江西职业技术大学,2023,安徽,高职专科,理科,,,406,189829,
1904,九州职业技术学院,2023,安徽,高职专科,理科,,,274,263402,
1906,开封大学,2023,安徽,高职专科,理科,,,422,168405,
1912,昆明卫生职业学院,2023,安徽,高职专科,理科,,,409,188686,
1915,昆明冶金高等专科学校,2023,安徽,高职专科,理科,,,353,241344,
1919,昆山登云科技职业学院,2023,安徽,高职专科,理科,,,200,293159,
1921,拉萨师范高等专科学校,2023,安徽,高职专科,理科,,,252,266557,
1922,莱芜职业技术学院,2023,安徽,高职专科,理科,,,336,238988,
1931,兰州石化职业技术大学,2023,安徽,高职专科,理科,,,407,186370,
1936,廊坊卫生职业学院,2023,安徽,高职专科,理科,,,352,242807,
1938,黎明职业大学,2023,安徽,高职专科,理科,,,323,242078,
1939,丽江文化旅游学院,2023,安徽,高职专科,理科,,,296,274976,
1941,丽水职业技术学院,2023,安徽,高职专科,理科,,,358,214148,
1942,连云港师范高等专科学校,2023,安徽,高职专科,理科,,,423,169641,
1943,连云港职业技术学院,2023,安徽,高职专科,理科,,,362,223724,
1944,辽东学院,2023,安徽,高职专科,理科,,,411,178162,
1946,辽宁传媒学院,2023,安徽,高职专科,理科,,,260,287195,
1948,辽宁地质工程职业学院,2023,安徽,高职专科,理科,,,254,270547,
1951,辽宁工程职业学院,2023,安徽,高职专科,理科,,,299,255786,
1953,辽宁广告职业学院,2023,安徽,高职专科,理科,,,378,220899,
1954,辽宁轨道交通职业学院,2023,安徽,高职专科,理科,,,354,218955,
1955,辽宁何氏医学院,2023,安徽,高职专科,理科,,,343,249200,
1956,辽宁机电职业技术学院,2023,安徽,高职专科,理科,,,332,232413,
1957,辽宁建筑职业学院,2023,安徽,高职专科,理科,,,284,264437,
1958,辽宁金融职业学院,2023,安徽,高职专科,理科,,,307,245017,
1959,辽宁经济职业技术学院,2023,安徽,高职专科,理科,,,237,228127,
1962,辽宁理工学院,2023,安徽,高职专科,理科,,,296,240555,
1963,辽宁理工职业大学,2023,安徽,高职专科,理科,,,282,280400,
1964,辽宁民族师范高等专科学校,2023,安徽,高职专科,理科,,,214,296876,
1965,辽宁农业职业技术学院,2023,安徽,高职专科,理科,,,216,270997,
1966,辽宁轻工职业学院,2023,安徽,高职专科,理科,,,322,256422,
1967,辽宁生态工程职业学院,2023,安徽,高职专科,理科,,,283,269583,
1968,辽宁省交通高等专科学校,2023,安徽,高职专科,理科,,,352,173276,
1971,辽宁石化职业技术学院,2023,安徽,高职专科,理科,,,290,277451,
1973,辽宁特殊教育师范高等专科学校,2023,安徽,高职专科,理科,,,377,221871,
1974,辽宁铁道职业技术学院,2023,安徽,高职专科,理科,,,380,199712,
1975,辽宁现代服务职业技术学院,2023,安徽,高职专科,理科,,,253,288968,
1976,辽宁冶金职业技术学院,2023,安徽,高职专科,理科,,,226,294328,
1977,辽宁医药职业学院,2023,安徽,高职专科,理科,,,372,225538,
1978,辽宁职业学院,2023,安徽,高职专科,理科,,,300,268109,
1981,辽宁装备制造职业技术学院,2023,安徽,高职专科,理科,,,290,267059,
1982,辽阳职业技术学院,2023,安徽,高职专科,理科,,,217,273687,
1986,聊城职业技术学院,2023,安徽,高职专科,理科,,,340,247150,
1987,临汾职业技术学院,2023,安徽,高职专科,理科,,,321,262878,
1990,临沂职业学院,2023,安徽,高职专科,理科,,,322,260602,
1993,柳州铁道职业技术学院,2023,安徽,高职专科,理科,,,392,197580,
1997,娄底职业技术学院,2023,安徽,高职专科,理科,,,322,257047,
1998,泸州医疗器械职业学院,2023,安徽,高职专科,理科,,,361,235708,
1999,泸州职业技术学院,2023,安徽,高职专科,理科,,,206,289220,
2006,漯河医学高等专科学校,2023,安徽,高职专科,理科,,,417,175729,
2007,漯河职业技术学院,2023,安徽,高职专科,理科,,,291,269106,
2009,满洲里俄语职业学院,2023,安徽,高职专科,理科,,,429,164749,
2011,眉山药科职业学院,2023,安徽,高职专科,理科,,,226,294884,
2012,湄洲湾职业技术学院,2023,安徽,高职专科,理科,,,237,239785,
2016,绵阳职业技术学院,2023,安徽,高职专科,理科,,,349,245017,
2017,闽北职业技术学院,2023,安徽,高职专科,理科,,,388,211198,
2018,闽江师范高等专科学校,2023,安徽,高职专科,理科,,,339,218955,
2023,闽西职业技术学院,2023,安徽,高职专科,理科,,,319,259987,
2024,明达职业技术学院,2023,安徽,高职专科,理科,,,233,220899,
2025,牡丹江大学,2023,安徽,高职专科,理科,,,314,253849,
2031,南昌工学院,2023,安徽,高职专科,理科,,,277,211198,
2035,南昌理工学院,2023,安徽,高职专科,理科,,,346,170851,
2039,南昌应用技术师范学院,2023,安徽,高职专科,理科,,,229,267059,
2040,南昌职业大学,2023,安徽,高职专科,理科,,,202,294704,
2041,南充科技职业学院,2023,安徽,高职专科,理科,,,244,277044,
2049,南京城市职业学院,2023,安徽,高职专科,理科,,,422,169641,
2058,南京机电职业技术学院,2023,安徽,高职专科,理科,,,424,165958,
2059,南京交通职业技术学院,2023,安徽,高职专科,理科,,,409,180570,
2061,南京科技职业学院,2023,安徽,高职专科,理科,,,412,176933,
2066,南京旅游职业学院,2023,安徽,高职专科,理科,,,389,199712,
2076,南京铁道职业技术学院,2023,安徽,高职专科,理科,,,427,120852,
2079,南京信息职业技术学院,2023,安徽,高职专科,理科,,,426,161141,
2092,南通科技职业学院,2023,安徽,高职专科,理科,,,370,178162,
2094,南通师范高等专科学校,2023,安徽,高职专科,理科,,,352,233241,
2095,南通职业大学,2023,安徽,高职专科,理科,,,416,170851,
2097,南阳农业职业学院,2023,安徽,高职专科,理科,,,350,244283,
2099,南阳医学高等专科学校,2023,安徽,高职专科,理科,,,424,167156,
2100,南阳职业学院,2023,安徽,高职专科,理科,,,326,259987,
2104,内蒙古电子信息职业技术学院,2023,安徽,高职专科,理科,,,333,255786,
2106,内蒙古交通职业技术学院,2023,安徽,高职专科,理科,,,271,271446,
2115,宁波城市职业技术学院,2023,安徽,高职专科,理科,,,404,184110,
2120,宁波卫生职业技术学院,2023,安徽,高职专科,理科,,,404,186370,
2121,宁波职业技术学院,2023,安徽,高职专科,理科,,,420,167156,
2123,宁德职业技术学院,2023,安徽,高职专科,理科,,,324,202972,
2133,盘锦职业技术学院,2023,安徽,高职专科,理科,,,221,247150,
2135,萍乡卫生职业学院,2023,安徽,高职专科,理科,,,318,227297,
2140,齐鲁理工学院,2023,安徽,高职专科,理科,,,309,250528,
2142,齐鲁医药学院,2023,安徽,高职专科,理科,,,404,175729,
2144,齐齐哈尔高等师范专科学校,2023,安徽,高职专科,理科,,,324,254511,
2146,黔东南民族职业技术学院,2023,安徽,高职专科,理科,,,396,197580,
2148,黔南民族医学高等专科学校,2023,安徽,高职专科,理科,,,369,187483,
2149,秦皇岛职业技术学院,2023,安徽,高职专科,理科,,,315,260602,
2153,青岛港湾职业技术学院,2023,安徽,高职专科,理科,,,355,221871,
2155,青岛航空科技职业学院,2023,安徽,高职专科,理科,,,228,275405,
2156,青岛恒星科技学院,2023,安徽,高职专科,理科,,,313,261740,
2157,青岛黄海学院,2023,安徽,高职专科,理科,,,281,259400,
2158,青岛酒店管理职业技术学院,2023,安徽,高职专科,理科,,,320,257668,
2162,青岛农业大学海都学院,2023,安徽,高职专科,理科,,,328,229841,
2163,青岛求实职业技术学院,2023,安徽,高职专科,理科,,,281,277846,
2164,青岛职业技术学院,2023,安徽,高职专科,理科,,,402,184110,
2169,清远职业技术学院,2023,安徽,高职专科,理科,,,321,248530,
2176,曲靖医学高等专科学校,2023,安徽,高职专科,理科,,,392,207179,
2178,泉州工程职业技术学院,2023,安徽,高职专科,理科,,,264,286128,
2180,泉州海洋职业学院,2023,安徽,高职专科,理科,,,216,296554,
2181,泉州华光职业学院,2023,安徽,高职专科,理科,,,295,275405,
2182,泉州经贸职业技术学院,2023,安徽,高职专科,理科,,,228,268617,
2183,泉州轻工职业学院,2023,安徽,高职专科,理科,,,212,288968,
2186,泉州幼儿师范高等专科学校,2023,安徽,高职专科,理科,,,388,189829,
2188,日照航海工程职业学院,2023,安徽,高职专科,理科,,,264,254511,
2189,日照职业技术学院,2023,安徽,高职专科,理科,,,373,214148,
2191,三门峡职业技术学院,2023,安徽,高职专科,理科,,,370,222787,
2193,三明医学科技职业学院,2023,安徽,高职专科,理科,,,324,251215,
2195,三峡大学科技学院,2023,安徽,高职专科,理科,,,407,173276,
2196,三峡电力职业学院,2023,安徽,高职专科,理科,,,368,209193,
2197,三峡旅游职业技术学院,2023,安徽,高职专科,理科,,,309,252556,
2198,三亚城市职业学院,2023,安徽,高职专科,理科,,,295,251215,
2199,三亚航空旅游职业学院,2023,安徽,高职专科,理科,,,224,242807,
2200,三亚理工职业学院,2023,安徽,高职专科,理科,,,284,271947,
2202,三亚中瑞酒店管理职业学院,2023,安徽,高职专科,理科,,,281,280744,
2203,沙洲职业工学院,2023,安徽,高职专科,理科,,,358,223724,
2206,山东城市建设职业学院,2023,安徽,高职专科,理科,,,272,283765,
2207,山东畜牧兽医职业学院,2023,安徽,高职专科,理科,,,403,192075,
2212,山东服装职业学院,2023,安徽,高职专科,理科,,,242,268617,
2213,山东工程职业技术大学,2023,安徽,高职专科,理科,,,210,278598,
2218,山东海事职业学院,2023,安徽,高职专科,理科,,,204,223724,
2220,山东化工职业学院,2023,安徽,高职专科,理科,,,281,279339,
2223,山东交通职业学院,2023,安徽,高职专科,理科,,,338,245743,
2224,山东经贸职业学院,2023,安徽,高职专科,理科,,,319,263402,
2226,山东科技职业学院,2023,安徽,高职专科,理科,,,284,266061,
2227,山东劳动职业技术学院,2023,安徽,高职专科,理科,,,306,261740,
2229,山东理工职业学院,2023,安徽,高职专科,理科,,,291,276244,
2230,山东力明科技职业学院,2023,安徽,高职专科,理科,,,293,215180,
2231,山东旅游职业学院,2023,安徽,高职专科,理科,,,297,256422,
2232,山东铝业职业学院,2023,安徽,高职专科,理科,,,308,255786,
2239,山东商业职业技术学院,2023,安徽,高职专科,理科,,,336,238206,
2240,山东圣翰财贸职业学院,2023,安徽,高职专科,理科,,,266,255121,
2243,山东水利职业学院,2023,安徽,高职专科,理科,,,352,225538,
2246,山东外国语职业技术大学,2023,安徽,高职专科,理科,,,222,217972,
2247,山东外贸职业学院,2023,安徽,高职专科,理科,,,379,190925,
2248,山东外事职业大学,2023,安徽,高职专科,理科,,,248,268617,
2251,山东协和学院,2023,安徽,高职专科,理科,,,329,205101,
2253,山东医学高等专科学校,2023,安徽,高职专科,理科,,,438,141382,
2256,山东英才学院,2023,安徽,高职专科,理科,,,244,291213,
2258,山东职业学院,2023,安徽,高职专科,理科,,,396,193218,
2260,山东中医药高等专科学校,2023,安徽,高职专科,理科,,,408,175729,
2274,山西省财政税务专科学校,2023,安徽,高职专科,理科,,,380,205101,
2276,山西体育职业学院,2023,安徽,高职专科,理科,,,273,274573,
2277,山西铁道职业技术学院,2023,安徽,高职专科,理科,,,360,227297,
2278,山西药科职业学院,2023,安徽,高职专科,理科,,,364,232413,
2280,山西职业技术学院,2023,安徽,高职专科,理科,,,349,229841,
2282,陕西财经职业技术学院,2023,安徽,高职专科,理科,,,374,223724,
2284,陕西工商职业学院,2023,安徽,高职专科,理科,,,200,298845,
2285,陕西国防工业职业技术学院,2023,安徽,高职专科,理科,,,406,192075,
2287,陕西航空职业技术学院,2023,安徽,高职专科,理科,,,347,215180,
2288,陕西机电职业技术学院,2023,安徽,高职专科,理科,,,354,214148,
2289,陕西交通职业技术学院,2023,安徽,高职专科,理科,,,355,204075,
2294,陕西旅游烹饪职业学院,2023,安徽,高职专科,理科,,,376,222787,
2295,陕西能源职业技术学院,2023,安徽,高职专科,理科,,,340,247826,
2297,陕西铁路工程职业技术学院,2023,安徽,高职专科,理科,,,320,185252,
2300,陕西邮电职业技术学院,2023,安徽,高职专科,理科,,,364,224620,
2303,汕头职业技术学院,2023,安徽,高职专科,理科,,,232,289468,
2305,商洛职业技术学院,2023,安徽,高职专科,理科,,,317,262306,
2308,商丘医学高等专科学校,2023,安徽,高职专科,理科,,,414,175729,
2309,商丘职业技术学院,2023,安徽,高职专科,理科,,,337,248530,
2310,上海邦德职业技术学院,2023,安徽,高职专科,理科,,,240,241344,
2313,上海城建职业学院,2023,安徽,高职专科,理科,,,400,173276,
2314,上海出版印刷高等专科学校,2023,安徽,高职专科,理科,,,359,189829,
2320,上海电子信息职业技术学院,2023,安徽,高职专科,理科,,,386,175729,
2321,上海东海职业技术学院,2023,安徽,高职专科,理科,,,267,258797,
2324,上海工商外国语职业学院,2023,安徽,高职专科,理科,,,201,260602,
2325,上海工商职业技术学院,2023,安徽,高职专科,理科,,,245,277846,
2326,上海工艺美术职业学院,2023,安徽,高职专科,理科,,,416,165958,
2330,上海行健职业学院,2023,安徽,高职专科,理科,,,388,205101,
2331,上海济光职业技术学院,2023,安徽,高职专科,理科,,,230,272800,
2332,上海建桥学院,2023,安徽,高职专科,理科,,,365,228127,
2333,上海建设管理职业技术学院,2023,安徽,高职专科,理科,,,267,245017,
2334,上海健康医学院,2023,安徽,高职专科,理科,,,423,169641,
2337,上海交通职业技术学院,2023,安徽,高职专科,理科,,,390,188686,
2338,上海科创职业技术学院,2023,安徽,高职专科,理科,,,348,211198,
2339,上海科学技术职业学院,2023,安徽,高职专科,理科,,,386,198645,
2341,上海立达学院,2023,安徽,高职专科,理科,,,320,258797,
2343,上海旅游高等专科学校,2023,安徽,高职专科,理科,,,348,181779,
2344,上海民航职业技术学院,2023,安徽,高职专科,理科,,,379,181779,
2345,上海民远职业技术学院,2023,安徽,高职专科,理科,,,206,289220,
2346,上海闵行职业技术学院,2023,安徽,高职专科,理科,,,314,248530,
2347,上海南湖职业技术学院,2023,安徽,高职专科,理科,,,367,206126,
2349,上海农林职业技术学院,2023,安徽,高职专科,理科,,,391,198645,
2350,上海杉达学院,2023,安徽,高职专科,理科,,,418,178162,
2355,上海思博职业技术学院,2023,安徽,高职专科,理科,,,238,219919,
2360,上海现代化工职业学院,2023,安徽,高职专科,理科,,,364,182950,
2364,上海震旦职业学院,2023,安徽,高职专科,理科,,,200,274113,
2366,上海中侨职业技术大学,2023,安徽,高职专科,理科,,,320,235708,
2369,上饶幼儿师范高等专科学校,2023,安徽,高职专科,理科,,,378,218955,
2375,绍兴职业技术学院,2023,安徽,高职专科,理科,,,421,174441,
2379,深圳信息职业技术学院,2023,安徽,高职专科,理科,,,421,168405,
2380,深圳职业技术大学,2023,安徽,高职专科,理科,,,429,152512,
2381,沈阳北软信息职业技术学院,2023,安徽,高职专科,理科,,,203,286430,
2382,沈阳城市建设学院,2023,安徽,高职专科,理科,,,304,246399,
2386,沈阳工学院,2023,安徽,高职专科,理科,,,287,275405,
2397,沈阳医学院,2023,安徽,高职专科,理科,,,425,147559,
2399,沈阳职业技术学院,2023,安徽,高职专科,理科,,,303,251215,
2401,石家庄城市经济职业学院,2023,安徽,高职专科,理科,,,234,293353,
2402,石家庄工商职业学院,2023,安徽,高职专科,理科,,,248,251890,
2403,石家庄科技信息职业学院,2023,安徽,高职专科,理科,,,237,274573,
2405,石家庄人民医学高等专科学校,2023,安徽,高职专科,理科,,,377,215180,
2408,石家庄铁路职业技术学院,2023,安徽,高职专科,理科,,,412,173276,
2409,石家庄信息工程职业学院,2023,安徽,高职专科,理科,,,369,221871,
2411,石家庄医学高等专科学校,2023,安徽,高职专科,理科,,,384,206126,
2413,石家庄幼儿师范高等专科学校,2023,安徽,高职专科,理科,,,376,222787,
2414,石家庄职业技术学院,2023,安徽,高职专科,理科,,,363,186370,
2420,首钢工学院,2023,安徽,高职专科,理科,,,385,207179,
2421,顺德职业技术学院,2023,安徽,高职专科,理科,,,378,197580,
2422,四川长江职业学院,2023,安徽,高职专科,理科,,,271,281808,
2425,四川大学锦江学院,2023,安徽,高职专科,理科,,,411,180570,
2426,四川电影电视学院,2023,安徽,高职专科,理科,,,289,277846,
2427,四川电子机械职业技术学院,2023,安徽,高职专科,理科,,,225,258219,
2428,四川工程职业技术大学,2023,安徽,高职专科,理科,,,412,173276,
2430,四川工业科技学院,2023,安徽,高职专科,理科,,,203,256422,
2431,四川国际标榜职业学院,2023,安徽,高职专科,理科,,,321,245743,
2432,四川航天职业技术学院,2023,安徽,高职专科,理科,,,358,238206,
2433,四川华新现代职业学院,2023,安徽,高职专科,理科,,,229,273235,
2434,四川化工职业技术学院,2023,安徽,高职专科,理科,,,354,241344,
2435,四川建筑职业技术学院,2023,安徽,高职专科,理科,,,406,189829,
2436,四川交通职业技术学院,2023,安徽,高职专科,理科,,,396,198645,
2437,四川科技职业学院,2023,安徽,高职专科,理科,,,341,244283,
2449,四川文化传媒职业学院,2023,安徽,高职专科,理科,,,235,293159,
2452,四川西南航空职业学院,2023,安徽,高职专科,理科,,,222,284079,
2454,四川现代职业学院,2023,安徽,高职专科,理科,,,245,275405,
2456,四川应用技术职业学院,2023,安徽,高职专科,理科,,,210,297495,
2458,苏州百年职业学院,2023,安徽,高职专科,理科,,,207,236600,
2463,苏州工业园区服务外包职业学院,2023,安徽,高职专科,理科,,,364,211198,
2464,苏州工业园区职业技术学院,2023,安徽,高职专科,理科,,,329,242078,
2465,苏州工业职业技术学院,2023,安徽,高职专科,理科,,,407,178162,
2467,苏州健雄职业技术学院,2023,安徽,高职专科,理科,,,358,229005,
2468,苏州经贸职业技术学院,2023,安徽,高职专科,理科,,,410,173276,
2471,苏州农业职业技术学院,2023,安徽,高职专科,理科,,,402,178162,
2472,苏州托普信息职业技术学院,2023,安徽,高职专科,理科,,,200,238988,
2473,苏州卫生职业技术学院,2023,安徽,高职专科,理科,,,424,169641,
2474,苏州信息职业技术学院,2023,安徽,高职专科,理科,,,383,211198,
2477,宿迁泽达职业技术学院,2023,安徽,高职专科,理科,,,210,268109,
2478,宿迁职业技术学院,2023,安徽,高职专科,理科,,,318,245743,
2480,随州职业技术学院,2023,安徽,高职专科,理科,,,238,251890,
2483,塔里木职业技术学院,2023,安徽,高职专科,理科,,,203,175729,
2484,台州科技职业学院,2023,安徽,高职专科,理科,,,374,223724,
2486,太湖创意职业技术学院,2023,安徽,高职专科,理科,,,325,253182,
2493,泰山科技学院,2023,安徽,高职专科,理科,,,201,253182,
2497,泰州职业技术学院,2023,安徽,高职专科,理科,,,393,190925,
2500,唐山幼儿师范高等专科学校,2023,安徽,高职专科,理科,,,377,214148,
2502,天府新区航空旅游职业学院,2023,安徽,高职专科,理科,,,205,268617,
2503,天府新区通用航空职业学院,2023,安徽,高职专科,理科,,,210,294884,
2504,天府新区信息职业学院,2023,安徽,高职专科,理科,,,288,278225,
2505,天津滨海汽车工程职业学院,2023,安徽,高职专科,理科,,,286,278989,
2506,天津滨海职业学院,2023,安徽,高职专科,理科,,,376,206126,
2510,天津城市建设管理职业技术学院,2023,安徽,高职专科,理科,,,322,247826,
2511,天津城市职业学院,2023,安徽,高职专科,理科,,,315,244283,
2514,天津电子信息职业技术学院,2023,安徽,高职专科,理科,,,415,181779,
2516,天津工业职业学院,2023,安徽,高职专科,理科,,,336,233241,
2518,天津公安警官职业学院,2023,安徽,高职专科,理科,,,324,258219,
2519,天津国土资源和房屋职业学院,2023,安徽,高职专科,理科,,,318,260602,
2520,天津海运职业学院,2023,安徽,高职专科,理科,,,304,236600,
2521,天津机电职业技术学院,2023,安徽,高职专科,理科,,,382,200831,
2522,天津交通职业学院,2023,安徽,高职专科,理科,,,364,224620,
2528,天津轻工职业技术学院,2023,安徽,高职专科,理科,,,403,195375,
2530,天津商务职业学院,2023,安徽,高职专科,理科,,,328,199712,
2533,天津生物工程职业技术学院,2023,安徽,高职专科,理科,,,370,212148,
2535,天津石油职业技术学院,2023,安徽,高职专科,理科,,,335,253849,
2536,天津市职业大学,2023,安徽,高职专科,理科,,,412,175729,
2539,天津天狮学院,2023,安徽,高职专科,理科,,,300,249200,
2540,天津铁道职业技术学院,2023,安徽,高职专科,理科,,,406,170851,
2543,天津现代职业技术学院,2023,安徽,高职专科,理科,,,375,218955,
2546,天津医学高等专科学校,2023,安徽,高职专科,理科,,,414,168405,
2552,天门职业学院,2023,安徽,高职专科,理科,,,340,178162,
2554,铁岭师范高等专科学校,2023,安徽,高职专科,理科,,,260,285016,
2555,铁岭卫生职业学院,2023,安徽,高职专科,理科,,,281,272363,
2559,铜川职业技术学院,2023,安徽,高职专科,理科,,,297,270547,
2560,铜仁幼儿师范高等专科学校,2023,安徽,高职专科,理科,,,328,258797,
2561,铜仁职业技术学院,2023,安徽,高职专科,理科,,,345,238206,
2563,威海海洋职业学院,2023,安徽,高职专科,理科,,,341,248530,
2564,威海职业学院,2023,安徽,高职专科,理科,,,371,219919,
2566,潍坊工商职业学院,2023,安徽,高职专科,理科,,,206,257047,
2567,潍坊环境工程职业学院,2023,安徽,高职专科,理科,,,204,253849,
2568,潍坊科技学院,2023,安徽,高职专科,理科,,,221,287419,
2569,潍坊理工学院,2023,安徽,高职专科,理科,,,288,193218,
2572,潍坊职业学院,2023,安徽,高职专科,理科,,,253,256422,
2574,渭南职业技术学院,2023,安徽,高职专科,理科,,,342,246399,
2576,温州科技职业学院,2023,安徽,高职专科,理科,,,404,190925,
2579,温州商学院,2023,安徽,高职专科,理科,,,372,204075,
2582,温州职业技术学院,2023,安徽,高职专科,理科,,,415,175729,
2583,文华学院,2023,安徽,高职专科,理科,,,331,212148,
2585,乌鲁木齐职业大学,2023,安徽,高职专科,理科,,,300,233241,
2586,无锡城市职业技术学院,2023,安徽,高职专科,理科,,,403,178162,
2588,无锡科技职业学院,2023,安徽,高职专科,理科,,,394,197580,
2589,无锡南洋职业技术学院,2023,安徽,高职专科,理科,,,294,223724,
2590,无锡商业职业技术学院,2023,安徽,高职专科,理科,,,403,180570,
2593,无锡职业技术学院,2023,安徽,高职专科,理科,,,426,153798,
2597,武昌理工学院,2023,安徽,高职专科,理科,,,357,229005,
2598,武昌首义学院,2023,安徽,高职专科,理科,,,294,265544,
2599,武昌职业学院,2023,安徽,高职专科,理科,,,203,290969,
2601,武汉城市职业学院,2023,安徽,高职专科,理科,,,419,170851,
2602,武汉传媒学院,2023,安徽,高职专科,理科,,,348,245017,
2603,武汉船舶职业技术学院,2023,安徽,高职专科,理科,,,389,192075,
2605,武汉电力职业技术学院,2023,安徽,高职专科,理科,,,420,173276,
2608,武汉纺织大学外经贸学院,2023,安徽,高职专科,理科,,,322,254511,
2611,武汉工程科技学院,2023,安徽,高职专科,理科,,,382,217024,
2612,武汉工程职业技术学院,2023,安徽,高职专科,理科,,,398,189829,
2613,武汉工商学院,2023,安徽,高职专科,理科,,,380,208203,
2614,武汉光谷职业学院,2023,安徽,高职专科,理科,,,223,279705,
2616,武汉航海职业技术学院,2023,安徽,高职专科,理科,,,321,227297,
2618,武汉交通职业学院,2023,安徽,高职专科,理科,,,372,214148,
2619,武汉警官职业学院,2023,安徽,高职专科,理科,,,379,201944,
2621,武汉科技职业学院,2023,安徽,高职专科,理科,,,309,238206,
2623,武汉民政职业学院,2023,安徽,高职专科,理科,,,378,180570,
2625,武汉晴川学院,2023,安徽,高职专科,理科,,,322,259987,
2626,武汉软件工程职业学院,2023,安徽,高职专科,理科,,,401,179406,
2627,武汉商贸职业学院,2023,安徽,高职专科,理科,,,292,261740,
2629,武汉设计工程学院,2023,安徽,高职专科,理科,,,377,208203,
2630,武汉生物工程学院,2023,安徽,高职专科,理科,,,401,186370,
2633,武汉铁路桥梁职业学院,2023,安徽,高职专科,理科,,,376,211198,
2634,武汉铁路职业技术学院,2023,安徽,高职专科,理科,,,421,159869,
2635,武汉外语外事职业学院,2023,安徽,高职专科,理科,,,312,214148,
2637,武汉信息传播职业技术学院,2023,安徽,高职专科,理科,,,206,270070,
2640,武汉职业技术学院,2023,安徽,高职专科,理科,,,419,168405,
2641,武夷山职业学院,2023,安徽,高职专科,理科,,,368,205101,
2645,西安城市建设职业学院,2023,安徽,高职专科,理科,,,266,272363,
2648,西安高新科技职业学院,2023,安徽,高职专科,理科,,,242,265544,
2650,西安工商学院,2023,安徽,高职专科,理科,,,308,187483,
2652,西安海棠职业学院,2023,安徽,高职专科,理科,,,236,258219,
2654,西安航空职业技术学院,2023,安徽,高职专科,理科,,,387,189829,
2660,西安科技大学高新学院,2023,安徽,高职专科,理科,,,372,221871,
2663,西安明德理工学院,2023,安徽,高职专科,理科,,,301,255121,
2666,西安汽车职业大学,2023,安徽,高职专科,理科,,,308,224620,
2668,西安思源学院,2023,安徽,高职专科,理科,,,218,229005,
2670,西安铁路职业技术学院,2023,安徽,高职专科,理科,,,402,189829,
2672,西安外事学院,2023,安徽,高职专科,理科,,,372,202972,
2674,西安信息职业大学,2023,安徽,高职专科,理科,,,285,209193,
2675,西安医学高等专科学校,2023,安徽,高职专科,理科,,,406,186370,
2679,西安职业技术学院,2023,安徽,高职专科,理科,,,339,251215,
2689,西藏职业技术学院,2023,安徽,高职专科,理科,,,249,290018,
2696,西南财经大学天府学院,2023,安徽,高职专科,理科,,,376,222787,
2707,厦门安防科技职业学院,2023,安徽,高职专科,理科,,,223,272363,
2708,厦门城市职业学院,2023,安徽,高职专科,理科,,,357,220899,
2711,厦门东海职业技术学院,2023,安徽,高职专科,理科,,,293,276244,
2714,厦门华天涉外职业技术学院,2023,安徽,高职专科,理科,,,210,249200,
2717,厦门南洋职业学院,2023,安徽,高职专科,理科,,,236,246399,
2718,厦门软件职业技术学院,2023,安徽,高职专科,理科,,,214,288723,
2719,厦门兴才职业技术学院,2023,安徽,高职专科,理科,,,261,266557,
2722,仙桃职业学院,2023,安徽,高职专科,理科,,,330,250528,
2723,咸宁职业技术学院,2023,安徽,高职专科,理科,,,332,242078,
2725,咸阳职业技术学院,2023,安徽,高职专科,理科,,,369,229005,
2733,襄阳汽车职业技术学院,2023,安徽,高职专科,理科,,,280,266061,
2734,襄阳职业技术学院,2023,安徽,高职专科,理科,,,413,170851,
2741,新疆交通职业技术学院,2023,安徽,高职专科,理科,,,232,280400,
2742,新疆警察学院,2023,安徽,高职专科,理科,,,340,251215,
2744,新疆科技职业技术学院,2023,安徽,高职专科,理科,,,217,296382,
2749,新疆生产建设兵团兴新职业技术学院,2023,安徽,高职专科,理科,,,209,224620,
2751,新疆石河子职业技术学院,2023,安徽,高职专科,理科,,,275,247826,
2756,新疆应用职业技术学院,2023,安徽,高职专科,理科,,,210,270070,
2758,新疆职业大学,2023,安徽,高职专科,理科,,,274,243574,
2763,信阳航空职业学院,2023,安徽,高职专科,理科,,,213,266557,
2768,信阳职业技术学院,2023,安徽,高职专科,理科,,,359,222787,
2772,兴安职业技术学院,2023,安徽,高职专科,理科,,,242,282779,
2775,徐州工业职业技术学院,2023,安徽,高职专科,理科,,,388,198645,
2776,徐州生物工程职业技术学院,2023,安徽,高职专科,理科,,,377,196531,
2780,烟台城市科技职业学院,2023,安徽,高职专科,理科,,,204,255121,
2782,烟台工程职业技术学院,2023,安徽,高职专科,理科,,,223,295392,
2783,烟台黄金职业学院,2023,安徽,高职专科,理科,,,205,292090,
2785,烟台理工学院,2023,安徽,高职专科,理科,,,363,224620,
2786,烟台南山学院,2023,安徽,高职专科,理科,,,253,262878,
2787,烟台汽车工程职业学院,2023,安徽,高职专科,理科,,,352,239785,
2788,烟台职业学院,2023,安徽,高职专科,理科,,,364,231555,
2792,炎黄职业技术学院,2023,安徽,高职专科,理科,,,215,296382,
2794,盐城工业职业技术学院,2023,安徽,高职专科,理科,,,210,297495,
2796,盐城幼儿师范高等专科学校,2023,安徽,高职专科,理科,,,385,198645,
2800,扬州工业职业技术学院,2023,安徽,高职专科,理科,,,374,220899,
2801,扬州市职业大学,2023,安徽,高职专科,理科,,,333,195375,
2802,扬州中瑞酒店职业学院,2023,安徽,高职专科,理科,,,238,242078,
2804,伊春职业学院,2023,安徽,高职专科,理科,,,337,205101,
2806,伊犁职业技术学院,2023,安徽,高职专科,理科,,,206,237429,
2808,宜宾职业技术学院,2023,安徽,高职专科,理科,,,257,287959,
2811,宜春职业技术学院,2023,安徽,高职专科,理科,,,286,240555,
2812,义乌工商职业技术学院,2023,安徽,高职专科,理科,,,377,215180,
2813,益阳医学高等专科学校,2023,安徽,高职专科,理科,,,413,175729,
2817,营口职业技术学院,2023,安徽,高职专科,理科,,,295,268617,
2818,永城职业学院,2023,安徽,高职专科,理科,,,313,267059,
2820,榆林能源科技职业学院,2023,安徽,高职专科,理科,,,238,292541,
2824,豫章师范学院,2023,安徽,高职专科,理科,,,416,180570,
2825,岳阳职业技术学院,2023,安徽,高职专科,理科,,,395,202972,
2827,云南财经职业学院,2023,安徽,高职专科,理科,,,296,274976,
2831,云南工商学院,2023,安徽,高职专科,理科,,,271,284079,
2832,云南国土资源职业学院,2023,安徽,高职专科,理科,,,322,262306,
2833,云南交通职业技术学院,2023,安徽,高职专科,理科,,,326,251215,
2835,云南经贸外事职业学院,2023,安徽,高职专科,理科,,,283,280054,
2837,云南理工职业学院,2023,安徽,高职专科,理科,,,225,264437,
2838,云南林业职业技术学院,2023,安徽,高职专科,理科,,,351,243574,
2841,云南三鑫职业技术学院,2023,安徽,高职专科,理科,,,231,293939,
2842,云南商务职业学院,2023,安徽,高职专科,理科,,,273,283445,
2845,云南医药健康职业学院,2023,安徽,高职专科,理科,,,312,215180,
2849,运城护理职业学院,2023,安徽,高职专科,理科,,,395,204075,
2850,运城师范高等专科学校,2023,安徽,高职专科,理科,,,364,226424,
2852,运城幼儿师范高等专科学校,2023,安徽,高职专科,理科,,,353,242078,
2853,枣庄科技职业学院,2023,安徽,高职专科,理科,,,214,295708,
2855,枣庄职业学院,2023,安徽,高职专科,理科,,,321,185252,
2857,张家界航空工业职业技术学院,2023,安徽,高职专科,理科,,,358,229841,
2858,张家口学院,2023,安徽,高职专科,理科,,,423,170851,
2859,漳州城市职业学院,2023,安徽,高职专科,理科,,,326,238206,
2860,漳州科技职业学院,2023,安徽,高职专科,理科,,,207,251890,
2862,漳州卫生职业学院,2023,安徽,高职专科,理科,,,389,186370,
2863,漳州职业技术学院,2023,安徽,高职专科,理科,,,358,199712,
2866,肇庆医学院,2023,安徽,高职专科,理科,,,408,182950,
2869,浙江安防职业技术学院,2023,安徽,高职专科,理科,,,364,206126,
2875,浙江东方职业技术学院,2023,安徽,高职专科,理科,,,345,197580,
2876,浙江纺织服装职业技术学院,2023,安徽,高职专科,理科,,,372,221871,
2877,浙江工贸职业技术学院,2023,安徽,高职专科,理科,,,407,184110,
2880,浙江工商职业技术学院,2023,安徽,高职专科,理科,,,406,173276,
2883,浙江工业职业技术学院,2023,安徽,高职专科,理科,,,391,200831,
2884,浙江广厦建设职业技术大学,2023,安徽,高职专科,理科,,,257,264437,
2885,浙江国际海运职业技术学院,2023,安徽,高职专科,理科,,,370,207179,
2889,浙江建设职业技术学院,2023,安徽,高职专科,理科,,,396,178162,
2890,浙江交通职业技术学院,2023,安徽,高职专科,理科,,,415,174441,
2891,浙江金融职业学院,2023,安徽,高职专科,理科,,,425,165958,
2892,浙江经济职业技术学院,2023,安徽,高职专科,理科,,,412,178162,
2893,浙江经贸职业技术学院,2023,安徽,高职专科,理科,,,411,168405,
2899,浙江旅游职业学院,2023,安徽,高职专科,理科,,,400,190925,
2902,浙江汽车职业技术学院,2023,安徽,高职专科,理科,,,319,263402,
2903,浙江商业职业技术学院,2023,安徽,高职专科,理科,,,403,175729,
2909,浙江同济科技职业学院,2023,安徽,高职专科,理科,,,403,174441,
2914,浙江邮电职业技术学院,2023,安徽,高职专科,理科,,,409,179406,
2919,镇江市高等专科学校,2023,安徽,高职专科,理科,,,386,201944,
2920,正德职业技术学院,2023,安徽,高职专科,理科,,,245,285285,
2924,郑州电力高等专科学校,2023,安徽,高职专科,理科,,,412,182950,
2937,郑州澍青医学高等专科学校,2023,安徽,高职专科,理科,,,394,176933,
2938,郑州铁路职业技术学院,2023,安徽,高职专科,理科,,,420,168405,
2939,郑州卫生健康职业学院,2023,安徽,高职专科,理科,,,357,218955,
2941,郑州医药健康职业学院,2023,安徽,高职专科,理科,,,321,242807,
2942,郑州幼儿师范高等专科学校,2023,安徽,高职专科,理科,,,405,193218,
2943,郑州职业技术学院,2023,安徽,高职专科,理科,,,339,237429,
2955,中国劳动关系学院,2023,安徽,高职专科,理科,,,419,176933,
2958,中国民用航空飞行学院,2023,安徽,高职专科,理科,,,431,162365,
2982,中山火炬职业技术学院,2023,安徽,高职专科,理科,,,263,257047,
2983,中山职业技术学院,2023,安徽,高职专科,理科,,,345,241344,
2992,钟山职业技术学院,2023,安徽,高职专科,理科,,,283,251215,
2996,珠海城市职业技术学院,2023,安徽,高职专科,理科,,,330,253849,
2999,资阳环境科技职业学院,2023,安徽,高职专科,理科,,,232,274573,
3000,资阳口腔职业学院,2023,安徽,高职专科,理科,,,331,227297,
3001,淄博师范高等专科学校,2023,安徽,高职专科,理科,,,372,226424,
3002,淄博职业学院,2023,安徽,高职专科,理科,,,381,197580,
3006,遵义医药高等专科学校,2023,安徽,高职专科,理科,,,409,188686,
3007,遵义职业技术学院,2023,安徽,高职专科,理科,,,305,261167,
9011,安庆师范大学,2023,安徽,高职专科,理科,,,393,184110,
9102,蚌埠学院,2023,安徽,高职专科,理科,,,369,222787,
9111,淮南师范学院,2023,安徽,高职专科,理科,,,366,215180,
9116,宿州学院,2023,安徽,高职专科,理科,,,291,234861,
9301,安徽财贸职业学院,2023,安徽,高职专科,理科,,,349,208203,
9302,安徽城市管理职业学院,2023,安徽,高职专科,理科,,,399,193218,
9303,安徽电气工程职业技术学院,2023,安徽,高职专科,理科,,,410,179406,
9304,安徽电子信息职业技术学院,2023,安徽,高职专科,理科,,,340,226424,
9305,安徽工贸职业技术学院,2023,安徽,高职专科,理科,,,354,229841,
9306,安徽工商职业学院,2023,安徽,高职专科,理科,,,359,198645,
9307,安徽工业经济职业技术学院,2023,安徽,高职专科,理科,,,386,201944,
9308,安徽工业职业技术学院,2023,安徽,高职专科,理科,,,357,208203,
9309,安徽公安职业学院,2023,安徽,高职专科,理科,,,307,242078,
9310,安徽广播影视职业技术学院,2023,安徽,高职专科,理科,,,374,217972,
9311,安徽国防科技职业学院,2023,安徽,高职专科,理科,,,375,201944,
9312,安徽国际商务职业学院,2023,安徽,高职专科,理科,,,367,205101,
9313,安徽黄梅戏艺术职业学院,2023,安徽,高职专科,理科,,,335,254511,
9314,安徽机电职业技术学院,2023,安徽,高职专科,理科,,,403,185252,
9315,安徽交通职业技术学院,2023,安徽,高职专科,理科,,,365,185252,
9317,安徽警官职业学院,2023,安徽,高职专科,理科,,,383,194279,
9318,安徽矿业职业技术学院,2023,安徽,高职专科,理科,,,275,268109,
9319,安徽粮食工程职业学院,2023,安徽,高职专科,理科,,,355,223724,
9320,安徽林业职业技术学院,2023,安徽,高职专科,理科,,,360,217972,
9322,安徽绿海商务职业学院,2023,安徽,高职专科,理科,,,290,259400,
9323,安徽汽车职业技术学院,2023,安徽,高职专科,理科,,,343,242807,
9324,安徽卫生健康职业学院,2023,安徽,高职专科,理科,,,371,207179,
9325,安徽商贸职业技术学院,2023,安徽,高职专科,理科,,,398,188686,
9327,安徽审计职业学院,2023,安徽,高职专科,理科,,,383,201944,
9328,安徽水利水电职业技术学院,2023,安徽,高职专科,理科,,,401,180570,
9329,安徽体育运动职业技术学院,2023,安徽,高职专科,理科,,,334,230689,
9331,安徽新闻出版职业技术学院,2023,安徽,高职专科,理科,,,349,225538,
9332,安徽扬子职业技术学院,2023,安徽,高职专科,理科,,,272,267059,
9333,安徽冶金科技职业学院,2023,安徽,高职专科,理科,,,335,244283,
9334,安徽医学高等专科学校,2023,安徽,高职专科,理科,,,420,156214,
9335,安徽艺术职业学院,2023,安徽,高职专科,理科,,,347,238206,
9336,安徽邮电职业技术学院,2023,安徽,高职专科,理科,,,365,218955,
9337,安徽职业技术学院,2023,安徽,高职专科,理科,,,381,179406,
9338,安徽中澳科技职业学院,2023,安徽,高职专科,理科,,,372,213148,
9339,安徽中医药高等专科学校,2023,安徽,高职专科,理科,,,414,172008,
9340,安庆医药高等专科学校,2023,安徽,高职专科,理科,,,401,184110,
9341,安庆职业技术学院,2023,安徽,高职专科,理科,,,363,225538,
9342,蚌埠经济技术职业学院,2023,安徽,高职专科,理科,,,315,252556,
9343,亳州职业技术学院,2023,安徽,高职专科,理科,,,354,224620,
9344,池州职业技术学院,2023,安徽,高职专科,理科,,,354,228127,
9345,滁州城市职业学院,2023,安徽,高职专科,理科,,,385,201944,
9346,滁州职业技术学院,2023,安徽,高职专科,理科,,,255,200831,
9347,阜阳科技职业学院,2023,安徽,高职专科,理科,,,278,269583,
9348,阜阳幼儿师范高等专科学校,2023,安徽,高职专科,理科,,,378,209193,
9349,阜阳职业技术学院,2023,安徽,高职专科,理科,,,382,200831,
9352,合肥共达职业技术学院,2023,安徽,高职专科,理科,,,294,261740,
9354,合肥科技职业学院,2023,安徽,高职专科,理科,,,348,233241,
9355,合肥通用职业技术学院,2023,安徽,高职专科,理科,,,389,205101,
9356,合肥信息技术职业学院,2023,安徽,高职专科,理科,,,342,173276,
9357,合肥幼儿师范高等专科学校,2023,安徽,高职专科,理科,,,403,176933,
9358,合肥职业技术学院,2023,安徽,高职专科,理科,,,403,187483,
9359,淮北职业技术学院,2023,安徽,高职专科,理科,,,371,206126,
9360,淮南联合大学,2023,安徽,高职专科,理科,,,379,204075,
9361,淮南职业技术学院,2023,安徽,高职专科,理科,,,355,229841,
9362,黄山职业技术学院,2023,安徽,高职专科,理科,,,354,225538,
9363,徽商职业学院,2023,安徽,高职专科,理科,,,359,229841,
9364,六安职业技术学院,2023,安徽,高职专科,理科,,,336,206126,
9365,马鞍山师范高等专科学校,2023,安徽,高职专科,理科,,,390,192075,
9366,马鞍山职业技术学院,2023,安徽,高职专科,理科,,,391,196531,
9367,桐城师范高等专科学校,2023,安徽,高职专科,理科,,,399,184110,
9368,铜陵职业技术学院,2023,安徽,高职专科,理科,,,371,217972,
9369,皖北卫生职业学院,2023,安徽,高职专科,理科,,,359,220899,
9370,皖西卫生职业学院,2023,安徽,高职专科,理科,,,393,201944,
9372,芜湖职业技术学院,2023,安徽,高职专科,理科,,,388,167156,
9373,宿州职业技术学院,2023,安徽,高职专科,理科,,,352,218955,
9374,宣城职业技术学院,2023,安徽,高职专科,理科,,,386,213148,
9375,黄山健康职业学院,2023,安徽,高职专科,理科,,,329,255121,
9376,宿州航空职业学院,2023,安徽,高职专科,理科,,,200,281474,
