school_id,school_name,year,province,batch,subject,major_group,major,score,rank,plan
1215,上海旅游高等专科学校,2025,新疆,专科批,文科,,,256,,
1618,大连职业技术学院,2025,新疆,专科批,文科,,,185,23460,
1624,上海东海职业技术学院,2025,新疆,专科批,文科,,,218,,
1625,上海工商职业技术学院,2025,新疆,专科批,文科,,,156,,
1647,江西医学高等专科学校,2025,新疆,专科批,文科,,,320,14608,
1681,连云港职业技术学院,2025,新疆,专科批,文科,,,281,18247,
1682,镇江市高等专科学校,2025,新疆,专科批,文科,,,263,16990,
1738,漳州职业技术学院,2025,新疆,专科批,文科,,,301,14761,
1782,长春金融高等专科学校,2025,新疆,专科批,文科,,,220,17765,
1913,安徽第二医学院,2025,新疆,专科批,文科,,,341,12791,
1918,安徽中医药高等专科学校,2025,新疆,专科批,文科,,,327,11967,
1924,浙江交通职业技术学院,2025,新疆,专科批,文科,,,291,17601,
1927,广州职业技术大学,2025,新疆,专科批,文科,,,280,18419,
1928,江苏经贸职业技术学院,2025,新疆,专科批,文科,,,292,16268,
1944,盘锦职业技术学院,2025,新疆,专科批,文科,,,174,17601,
1959,重庆工业职业技术大学,2025,新疆,专科批,文科,,,317,14761,
1983,山东劳动职业技术学院,2025,新疆,专科批,文科,,,189,23369,
1995,襄阳职业技术学院,2025,新疆,专科批,文科,,,314,15730,
2030,上海行健职业学院,2025,新疆,专科批,文科,,,292,,
2064,上海震旦职业学院,2025,新疆,专科批,文科,,,189,,
2073,辽宁生态工程职业学院,2025,新疆,专科批,文科,,,227,22015,
2131,包头轻工职业技术学院,2025,新疆,专科批,文科,,,172,22361,
2140,无锡科技职业学院,2025,新疆,专科批,文科,,,185,23460,
2170,黑龙江农业工程职业学院,2025,新疆,专科批,文科,,,152,19119,
2171,黑龙江农垦职业学院,2025,新疆,专科批,文科,,,217,21394,
2246,江苏电子信息职业学院,2025,新疆,专科批,文科,,,255,19066,
2259,滨州职业学院,2025,新疆,专科批,文科,,,240,,
2293,浙江建设职业技术学院,2025,新疆,专科批,文科,,,265,17077,
2295,浙江经贸职业技术学院,2025,新疆,专科批,文科,,,275,15347,
2296,浙江商业职业技术学院,2025,新疆,专科批,文科,,,215,16905,
2300,浙江警官职业学院,2025,新疆,专科批,文科,,,319,,
2336,上海农林职业技术学院,2025,新疆,专科批,文科,,,180,,
2337,上海邦德职业技术学院,2025,新疆,专科批,文科,,,204,,
2350,渤海船舶职业学院,2025,新疆,专科批,文科,,,144,23441,
2360,江西应用技术职业学院,2025,新疆,专科批,文科,,,326,11865,
2475,南京铁道职业技术学院,2025,新疆,专科批,文科,,,365,10844,
2486,西安城市建设职业学院,2025,新疆,专科批,文科,,,144,20445,
2574,昆明城市学院,2025,新疆,专科批,文科,,,224,,
2696,西安交通工程学院,2025,新疆,专科批,文科,,,159,23861,
2701,海南外国语职业学院,2025,新疆,专科批,文科,,,185,,
2756,温州商学院,2025,新疆,专科批,文科,,,234,21767,
2826,广州工程技术职业学院,2025,新疆,专科批,文科,,,203,22063,
2859,台州科技职业学院,2025,新疆,专科批,文科,,,213,22224,
2887,抚州医药学院,2025,新疆,专科批,文科,,,319,13573,
2903,郑州旅游职业学院,2025,新疆,专科批,文科,,,241,21394,
2905,江汉艺术职业学院,2025,新疆,专科批,文科,,,224,21458,
2906,武汉民政职业学院,2025,新疆,专科批,文科,,,299,15071,
2971,海南经贸职业技术学院,2025,新疆,专科批,文科,,,160,,
2979,西安明德理工学院,2025,新疆,专科批,文科,,,216,22501,
3044,大连枫叶职业技术学院,2025,新疆,专科批,文科,,,201,23053,
3114,西南财经大学天府学院,2025,新疆,专科批,文科,,,203,16348,
3137,广东科贸职业学院,2025,新疆,专科批,文科,,,280,18576,
3255,乌兰察布医学高等专科学校,2025,新疆,专科批,文科,,,263,19893,
3295,东莞职业技术学院,2025,新疆,专科批,文科,,,194,16990,
3408,郑州幼儿师范高等专科学校,2025,新疆,专科批,文科,,,271,19289,
3413,河北轨道运输职业技术学院,2025,新疆,专科批,文科,,,288,17601,
3457,辽宁民族师范高等专科学校,2025,新疆,专科批,文科,,,163,23220,
3546,湖北铁道运输职业学院,2025,新疆,专科批,文科,,,298,15971,
3747,喀什职业技术学院,2025,新疆,专科批,文科,,,272,16731,
3842,海南卫生健康职业学院,2025,新疆,专科批,文科,,,267,,
3879,兰州资源环境职业技术大学,2025,新疆,专科批,文科,,,244,21215,
3881,上海闵行职业技术学院,2025,新疆,专科批,文科,,,234,,
3894,襄阳科技职业学院,2025,新疆,专科批,文科,,,177,22750,
3895,宜昌科技职业学院,2025,新疆,专科批,文科,,,214,21884,
7192,汉江师范学院,2025,新疆,专科批,文科,,,271,17330,
1624,上海东海职业技术学院,2025,新疆,专科提前批,文科,,,209,,
1647,江西医学高等专科学校,2025,新疆,专科提前批,文科,,,317,,
1724,辽宁农业职业技术学院,2025,新疆,专科提前批,文科,,,284,,
1782,长春金融高等专科学校,2025,新疆,专科提前批,文科,,,283,,
2034,上海电子信息职业技术学院,2025,新疆,专科提前批,文科,,,298,,
2064,上海震旦职业学院,2025,新疆,专科提前批,文科,,,256,,
2166,天津现代职业技术学院,2025,新疆,专科提前批,文科,,,294,,
2241,上海工商外国语职业学院,2025,新疆,专科提前批,文科,,,190,,
2336,上海农林职业技术学院,2025,新疆,专科提前批,文科,,,281,,
2418,山东信息职业技术学院,2025,新疆,专科提前批,文科,,,284,,
2458,河北交通职业技术学院,2025,新疆,专科提前批,文科,,,260,20128,
2862,无锡工艺职业技术学院,2025,新疆,专科提前批,文科,,,265,,
2887,抚州医药学院,2025,新疆,专科提前批,文科,,,321,,
2889,淄博师范高等专科学校,2025,新疆,专科提前批,文科,,,252,,
2901,河南交通职业技术学院,2025,新疆,专科提前批,文科,,,266,,
2903,郑州旅游职业学院,2025,新疆,专科提前批,文科,,,238,,
3033,延安职业技术学院,2025,新疆,专科提前批,文科,,,304,,
3114,西南财经大学天府学院,2025,新疆,专科提前批,文科,,,226,,
3226,重庆建筑工程职业学院,2025,新疆,专科提前批,文科,,,256,,
3413,河北轨道运输职业技术学院,2025,新疆,专科提前批,文科,,,317,,
3457,辽宁民族师范高等专科学校,2025,新疆,专科提前批,文科,,,274,,
3591,江苏旅游职业学院,2025,新疆,专科提前批,文科,,,264,,
3874,吉林通用航空职业技术学院,2025,新疆,专科提前批,文科,,,242,,
1015,北京建筑大学,2025,新疆,国家及地方专项、南疆单列、对口援疆计划本科一批次,文科,,,459,,
1030,中国传媒大学,2025,新疆,国家及地方专项、南疆单列、对口援疆计划本科一批次,文科,,,536,,
1031,中央财经大学,2025,新疆,国家及地方专项、南疆单列、对口援疆计划本科一批次,文科,,,533,,
1032,对外经济贸易大学,2025,新疆,国家及地方专项、南疆单列、对口援疆计划本科一批次,文科,,,555,,
1053,天津工业大学,2025,新疆,国家及地方专项、南疆单列、对口援疆计划本科一批次,文科,,,454,,
1059,天津师范大学,2025,新疆,国家及地方专项、南疆单列、对口援疆计划本科一批次,文科,,,430,,
1094,中北大学,2025,新疆,国家及地方专项、南疆单列、对口援疆计划本科一批次,文科,,,456,,
1127,大连海事大学,2025,新疆,国家及地方专项、南疆单列、对口援疆计划本科一批次,文科,,,509,,
1156,长春理工大学,2025,新疆,国家及地方专项、南疆单列、对口援疆计划本科一批次,文科,,,423,,
1163,东北师范大学,2025,新疆,国家及地方专项、南疆单列、对口援疆计划本科一批次,文科,,,515,,
1179,东北石油大学,2025,新疆,国家及地方专项、南疆单列、对口援疆计划本科一批次,文科,,,400,,
1182,东北农业大学,2025,新疆,国家及地方专项、南疆单列、对口援疆计划本科一批次,文科,,,497,,
1183,东北林业大学,2025,新疆,国家及地方专项、南疆单列、对口援疆计划本科一批次,文科,,,485,,
1207,上海海洋大学,2025,新疆,国家及地方专项、南疆单列、对口援疆计划本科一批次,文科,,,453,2648,
1209,华东师范大学,2025,新疆,国家及地方专项、南疆单列、对口援疆计划本科一批次,文科,,,563,,
1216,华东政法大学,2025,新疆,国家及地方专项、南疆单列、对口援疆计划本科一批次,文科,,,483,,
1229,南京工业大学,2025,新疆,国家及地方专项、南疆单列、对口援疆计划本科一批次,文科,,,495,,
1230,常州大学,2025,新疆,国家及地方专项、南疆单列、对口援疆计划本科一批次,文科,,,451,,
1233,江南大学,2025,新疆,国家及地方专项、南疆单列、对口援疆计划本科一批次,文科,,,523,,
1236,南京信息工程大学,2025,新疆,国家及地方专项、南疆单列、对口援疆计划本科一批次,文科,,,467,,
1243,南京中医药大学,2025,新疆,国家及地方专项、南疆单列、对口援疆计划本科一批次,文科,,,466,,
1260,浙江农林大学,2025,新疆,国家及地方专项、南疆单列、对口援疆计划本科一批次,文科,,,453,,
1270,浙江工商大学,2025,新疆,国家及地方专项、南疆单列、对口援疆计划本科一批次,文科,,,491,,
1293,安徽财经大学,2025,新疆,国家及地方专项、南疆单列、对口援疆计划本科一批次,文科,,,455,,
1298,厦门大学,2025,新疆,国家及地方专项、南疆单列、对口援疆计划本科一批次,文科,,,572,,
1299,华侨大学,2025,新疆,国家及地方专项、南疆单列、对口援疆计划本科一批次,文科,,,485,,
1327,山东大学,2025,新疆,国家及地方专项、南疆单列、对口援疆计划本科一批次,文科,,,557,,
1331,青岛科技大学,2025,新疆,国家及地方专项、南疆单列、对口援疆计划本科一批次,文科,,,452,,
1379,河南财经政法大学,2025,新疆,国家及地方专项、南疆单列、对口援疆计划本科一批次,文科,,,455,,
1393,华中师范大学,2025,新疆,国家及地方专项、南疆单列、对口援疆计划本科一批次,文科,,,508,,
1400,中南财经政法大学,2025,新疆,国家及地方专项、南疆单列、对口援疆计划本科一批次,文科,,,531,,
1415,湖南师范大学,2025,新疆,国家及地方专项、南疆单列、对口援疆计划本科一批次,文科,,,461,,
1486,四川师范大学,2025,新疆,国家及地方专项、南疆单列、对口援疆计划本科一批次,文科,,,454,,
1499,西南财经大学,2025,新疆,国家及地方专项、南疆单列、对口援疆计划本科一批次,文科,,,508,,
1504,西南民族大学,2025,新疆,国家及地方专项、南疆单列、对口援疆计划本科一批次,文科,,,456,,
1560,西北政法大学,2025,新疆,国家及地方专项、南疆单列、对口援疆计划本科一批次,文科,,,563,,
1585,石河子大学,2025,新疆,国家及地方专项、南疆单列、对口援疆计划本科一批次,文科,,,451,,
1703,广州大学,2025,新疆,国家及地方专项、南疆单列、对口援疆计划本科一批次,文科,,,429,,
1715,扬州大学,2025,新疆,国家及地方专项、南疆单列、对口援疆计划本科一批次,文科,,,470,,
1769,中国石油大学（北京）,2025,新疆,国家及地方专项、南疆单列、对口援疆计划本科一批次,文科,,,511,,
1849,海南师范大学,2025,新疆,国家及地方专项、南疆单列、对口援疆计划本科一批次,文科,,,452,,
1894,上海政法学院,2025,新疆,国家及地方专项、南疆单列、对口援疆计划本科一批次,文科,,,479,,
3680,山东大学（威海）,2025,新疆,国家及地方专项、南疆单列、对口援疆计划本科一批次,文科,,,538,,
3682,西南大学,2025,新疆,国家及地方专项、南疆单列、对口援疆计划本科一批次,文科,,,521,,
5082,浙江师范大学,2025,新疆,国家及地方专项、南疆单列、对口援疆计划本科一批次,文科,,,483,,
6031,河北大学,2025,新疆,国家及地方专项、南疆单列、对口援疆计划本科一批次,文科,,,472,,
7097,南京邮电大学,2025,新疆,国家及地方专项、南疆单列、对口援疆计划本科一批次,文科,,,470,1926,
7114,浙江理工大学,2025,新疆,国家及地方专项、南疆单列、对口援疆计划本科一批次,文科,,,458,,
7297,浙江理工大学科技与艺术学院,2025,新疆,国家及地方专项、南疆单列、对口援疆计划本科一批次,文科,,,331,,
1058,天津农学院,2025,新疆,国家及地方专项、南疆单列、对口援疆计划本科二批次,文科,,,408,,
1060,天津职业技术师范大学,2025,新疆,国家及地方专项、南疆单列、对口援疆计划本科二批次,文科,,,381,8187,
1074,河北科技大学,2025,新疆,国家及地方专项、南疆单列、对口援疆计划本科二批次,文科,,,428,,
1099,山西师范大学,2025,新疆,国家及地方专项、南疆单列、对口援疆计划本科二批次,文科,,,452,,
1102,晋中学院,2025,新疆,国家及地方专项、南疆单列、对口援疆计划本科二批次,文科,,,385,9026,
1130,辽宁工业大学,2025,新疆,国家及地方专项、南疆单列、对口援疆计划本科二批次,文科,,,377,,
1158,长春工业大学,2025,新疆,国家及地方专项、南疆单列、对口援疆计划本科二批次,文科,,,364,,
1166,吉林师范大学,2025,新疆,国家及地方专项、南疆单列、对口援疆计划本科二批次,文科,,,447,,
1168,长春师范大学,2025,新疆,国家及地方专项、南疆单列、对口援疆计划本科二批次,文科,,,414,,
1170,吉林财经大学,2025,新疆,国家及地方专项、南疆单列、对口援疆计划本科二批次,文科,,,357,,
1194,哈尔滨商业大学,2025,新疆,国家及地方专项、南疆单列、对口援疆计划本科二批次,文科,,,345,,
1238,南通大学,2025,新疆,国家及地方专项、南疆单列、对口援疆计划本科二批次,文科,,,417,,
1265,湖州师范学院,2025,新疆,国家及地方专项、南疆单列、对口援疆计划本科二批次,文科,,,357,,
1296,淮南师范学院,2025,新疆,国家及地方专项、南疆单列、对口援疆计划本科二批次,文科,,,376,,
1303,集美大学,2025,新疆,国家及地方专项、南疆单列、对口援疆计划本科二批次,文科,,,451,,
1324,赣南师范大学,2025,新疆,国家及地方专项、南疆单列、对口援疆计划本科二批次,文科,,,346,,
1347,曲阜师范大学,2025,新疆,国家及地方专项、南疆单列、对口援疆计划本科二批次,文科,,,406,,
1349,德州学院,2025,新疆,国家及地方专项、南疆单列、对口援疆计划本科二批次,文科,,,358,,
1351,鲁东大学,2025,新疆,国家及地方专项、南疆单列、对口援疆计划本科二批次,文科,,,380,,
1361,郑州轻工业大学,2025,新疆,国家及地方专项、南疆单列、对口援疆计划本科二批次,文科,,,411,,
1375,许昌学院,2025,新疆,国家及地方专项、南疆单列、对口援疆计划本科二批次,文科,,,416,,
1376,南阳师范学院,2025,新疆,国家及地方专项、南疆单列、对口援疆计划本科二批次,文科,,,384,,
1422,湖南科技学院,2025,新疆,国家及地方专项、南疆单列、对口援疆计划本科二批次,文科,,,372,10285,
1423,湖南人文科技学院,2025,新疆,国家及地方专项、南疆单列、对口援疆计划本科二批次,文科,,,426,,
1524,大理大学,2025,新疆,国家及地方专项、南疆单列、对口援疆计划本科二批次,文科,,,356,,
1528,曲靖师范学院,2025,新疆,国家及地方专项、南疆单列、对口援疆计划本科二批次,文科,,,393,,
1554,延安大学,2025,新疆,国家及地方专项、南疆单列、对口援疆计划本科二批次,文科,,,441,,
1558,渭南师范学院,2025,新疆,国家及地方专项、南疆单列、对口援疆计划本科二批次,文科,,,427,,
1572,天水师范大学,2025,新疆,国家及地方专项、南疆单列、对口援疆计划本科二批次,文科,,,378,,
1573,河西学院,2025,新疆,国家及地方专项、南疆单列、对口援疆计划本科二批次,文科,,,373,,
1574,兰州财经大学,2025,新疆,国家及地方专项、南疆单列、对口援疆计划本科二批次,文科,,,390,8555,
1583,塔里木大学,2025,新疆,国家及地方专项、南疆单列、对口援疆计划本科二批次,文科,,,370,,
1644,浙江万里学院,2025,新疆,国家及地方专项、南疆单列、对口援疆计划本科二批次,文科,,,330,,
1679,金陵科技学院,2025,新疆,国家及地方专项、南疆单列、对口援疆计划本科二批次,文科,,,334,,
1684,徐州工程学院,2025,新疆,国家及地方专项、南疆单列、对口援疆计划本科二批次,文科,,,434,,
1707,海南热带海洋学院,2025,新疆,国家及地方专项、南疆单列、对口援疆计划本科二批次,文科,,,388,8735,
1728,吉林工商学院,2025,新疆,国家及地方专项、南疆单列、对口援疆计划本科二批次,文科,,,320,,
1735,三明学院,2025,新疆,国家及地方专项、南疆单列、对口援疆计划本科二批次,文科,,,350,,
1742,江西水利电力大学,2025,新疆,国家及地方专项、南疆单列、对口援疆计划本科二批次,文科,,,345,7816,
1762,榆林学院,2025,新疆,国家及地方专项、南疆单列、对口援疆计划本科二批次,文科,,,426,,
1767,北方民族大学,2025,新疆,国家及地方专项、南疆单列、对口援疆计划本科二批次,文科,,,424,,
1777,辽宁科技学院,2025,新疆,国家及地方专项、南疆单列、对口援疆计划本科二批次,文科,,,384,,
1804,山东交通学院,2025,新疆,国家及地方专项、南疆单列、对口援疆计划本科二批次,文科,,,399,,
1830,湖北经济学院,2025,新疆,国家及地方专项、南疆单列、对口援疆计划本科二批次,文科,,,383,,
1854,山东工商学院,2025,新疆,国家及地方专项、南疆单列、对口援疆计划本科二批次,文科,,,389,,
1856,长春大学,2025,新疆,国家及地方专项、南疆单列、对口援疆计划本科二批次,文科,,,347,,
1891,河北经贸大学,2025,新疆,国家及地方专项、南疆单列、对口援疆计划本科二批次,文科,,,430,,
1900,九江学院,2025,新疆,国家及地方专项、南疆单列、对口援疆计划本科二批次,文科,,,339,13573,
1926,上海第二工业大学,2025,新疆,国家及地方专项、南疆单列、对口援疆计划本科二批次,文科,,,370,,
1929,南京特殊教育师范学院,2025,新疆,国家及地方专项、南疆单列、对口援疆计划本科二批次,文科,,,382,,
2024,中国劳动关系学院,2025,新疆,国家及地方专项、南疆单列、对口援疆计划本科二批次,文科,,,362,,
2159,西京学院,2025,新疆,国家及地方专项、南疆单列、对口援疆计划本科二批次,文科,,,360,,
2549,嘉兴南湖学院,2025,新疆,国家及地方专项、南疆单列、对口援疆计划本科二批次,文科,,,450,,
2574,昆明城市学院,2025,新疆,国家及地方专项、南疆单列、对口援疆计划本科二批次,文科,,,349,,
2630,南昌交通学院,2025,新疆,国家及地方专项、南疆单列、对口援疆计划本科二批次,文科,,,322,,
2633,赣南科技学院,2025,新疆,国家及地方专项、南疆单列、对口援疆计划本科二批次,文科,,,387,,
2636,南昌医学院,2025,新疆,国家及地方专项、南疆单列、对口援疆计划本科二批次,文科,,,332,,
2685,重庆人文科技学院,2025,新疆,国家及地方专项、南疆单列、对口援疆计划本科二批次,文科,,,336,,
2689,新疆科技学院,2025,新疆,国家及地方专项、南疆单列、对口援疆计划本科二批次,文科,,,343,,
2708,重庆对外经贸学院,2025,新疆,国家及地方专项、南疆单列、对口援疆计划本科二批次,文科,,,358,,
2746,重庆移通学院,2025,新疆,国家及地方专项、南疆单列、对口援疆计划本科二批次,文科,,,384,,
2779,天津商业大学宝德学院,2025,新疆,国家及地方专项、南疆单列、对口援疆计划本科二批次,文科,,,345,,
2875,福建江夏学院,2025,新疆,国家及地方专项、南疆单列、对口援疆计划本科二批次,文科,,,441,,
2920,琼台师范学院,2025,新疆,国家及地方专项、南疆单列、对口援疆计划本科二批次,文科,,,345,,
3114,西南财经大学天府学院,2025,新疆,国家及地方专项、南疆单列、对口援疆计划本科二批次,文科,,,375,,
3305,浙江外国语学院,2025,新疆,国家及地方专项、南疆单列、对口援疆计划本科二批次,文科,,,351,,
3407,陕西学前师范学院,2025,新疆,国家及地方专项、南疆单列、对口援疆计划本科二批次,文科,,,365,,
3447,江苏第二师范学院,2025,新疆,国家及地方专项、南疆单列、对口援疆计划本科二批次,文科,,,386,,
5131,新疆艺术学院,2025,新疆,国家及地方专项、南疆单列、对口援疆计划本科二批次,文科,,,323,,
6128,淮北师范大学,2025,新疆,国家及地方专项、南疆单列、对口援疆计划本科二批次,文科,,,352,,
6137,江西理工大学,2025,新疆,国家及地方专项、南疆单列、对口援疆计划本科二批次,文科,,,377,,
6179,广东技术师范大学,2025,新疆,国家及地方专项、南疆单列、对口援疆计划本科二批次,文科,,,364,,
7024,河北师范大学,2025,新疆,国家及地方专项、南疆单列、对口援疆计划本科二批次,文科,,,445,,
7026,廊坊师范学院,2025,新疆,国家及地方专项、南疆单列、对口援疆计划本科二批次,文科,,,382,,
7033,山西农业大学,2025,新疆,国家及地方专项、南疆单列、对口援疆计划本科二批次,文科,,,402,,
7036,山西大同大学,2025,新疆,国家及地方专项、南疆单列、对口援疆计划本科二批次,文科,,,382,,
7073,哈尔滨理工大学,2025,新疆,国家及地方专项、南疆单列、对口援疆计划本科二批次,文科,,,337,,
7080,齐齐哈尔大学,2025,新疆,国家及地方专项、南疆单列、对口援疆计划本科二批次,文科,,,363,,
7106,江苏师范大学,2025,新疆,国家及地方专项、南疆单列、对口援疆计划本科二批次,文科,,,400,,
7107,淮阴师范学院,2025,新疆,国家及地方专项、南疆单列、对口援疆计划本科二批次,文科,,,413,,
7111,苏州工学院,2025,新疆,国家及地方专项、南疆单列、对口援疆计划本科二批次,文科,,,406,,
7115,浙江海洋大学,2025,新疆,国家及地方专项、南疆单列、对口援疆计划本科二批次,文科,,,426,,
7124,嘉兴大学,2025,新疆,国家及地方专项、南疆单列、对口援疆计划本科二批次,文科,,,420,,
7162,聊城大学,2025,新疆,国家及地方专项、南疆单列、对口援疆计划本科二批次,文科,,,400,,
7174,河南科技学院,2025,新疆,国家及地方专项、南疆单列、对口援疆计划本科二批次,文科,,,365,,
7192,汉江师范学院,2025,新疆,国家及地方专项、南疆单列、对口援疆计划本科二批次,文科,,,360,,
7193,湖北汽车工业学院,2025,新疆,国家及地方专项、南疆单列、对口援疆计划本科二批次,文科,,,383,,
7216,西华大学,2025,新疆,国家及地方专项、南疆单列、对口援疆计划本科二批次,文科,,,404,5425,
7227,沈阳大学,2025,新疆,国家及地方专项、南疆单列、对口援疆计划本科二批次,文科,,,386,,
7231,浙江科技大学,2025,新疆,国家及地方专项、南疆单列、对口援疆计划本科二批次,文科,,,390,,
7236,洛阳理工学院,2025,新疆,国家及地方专项、南疆单列、对口援疆计划本科二批次,文科,,,391,,
7253,河北金融学院,2025,新疆,国家及地方专项、南疆单列、对口援疆计划本科二批次,文科,,,399,,
7270,南阳理工学院,2025,新疆,国家及地方专项、南疆单列、对口援疆计划本科二批次,文科,,,395,,
7271,武汉商学院,2025,新疆,国家及地方专项、南疆单列、对口援疆计划本科二批次,文科,,,355,11770,
7274,辽东学院,2025,新疆,国家及地方专项、南疆单列、对口援疆计划本科二批次,文科,,,395,,
7327,湖北第二师范学院,2025,新疆,国家及地方专项、南疆单列、对口援疆计划本科二批次,文科,,,373,,
7419,北华大学,2025,新疆,国家及地方专项、南疆单列、对口援疆计划本科二批次,文科,,,327,,
8024,河北医科大学,2025,新疆,国家及地方专项、南疆单列、对口援疆计划本科二批次,文科,,,391,,
1009,北方工业大学,2025,新疆,本科一批,文科,,,432,,
1010,北京化工大学,2025,新疆,本科一批,文科,,,527,1082,
1013,北京邮电大学,2025,新疆,本科一批,文科,,,479,,
1020,北京林业大学,2025,新疆,本科一批,文科,,,521,707,
1023,北京中医药大学,2025,新疆,本科一批,文科,,,503,96,
1027,北京外国语大学,2025,新疆,本科一批,文科,,,553,501,
1030,中国传媒大学,2025,新疆,本科一批,文科,,,519,639,
1031,中央财经大学,2025,新疆,本科一批,文科,,,561,223,
1032,对外经济贸易大学,2025,新疆,本科一批,文科,,,562,250,
1033,北京物资学院,2025,新疆,本科一批,文科,,,482,1638,
1034,首都经济贸易大学,2025,新疆,本科一批,文科,,,504,1826,
1039,北京体育大学,2025,新疆,本科一批,文科,,,494,2170,
1042,中央美术学院,2025,新疆,本科一批,文科,,,521,1264,
1047,中央民族大学,2025,新疆,本科一批,文科,,,526,613,
1049,华北电力大学（北京）,2025,新疆,本科一批,文科,,,497,950,
1053,天津工业大学,2025,新疆,本科一批,文科,,,470,1890,
1059,天津师范大学,2025,新疆,本科一批,文科,,,453,1466,
1071,华北电力大学（保定）,2025,新疆,本科一批,文科,,,513,1264,
1072,河北工业大学,2025,新疆,本科一批,文科,,,509,1374,
1073,华北理工大学,2025,新疆,本科一批,文科,,,495,1890,
1094,中北大学,2025,新疆,本科一批,文科,,,495,2126,
1127,大连海事大学,2025,新疆,本科一批,文科,,,518,,
1144,大连外国语大学,2025,新疆,本科一批,文科,,,457,2523,
1154,吉林大学,2025,新疆,本科一批,文科,,,543,261,
1155,延边大学,2025,新疆,本科一批,文科,,,481,,
1156,长春理工大学,2025,新疆,本科一批,文科,,,455,3118,
1163,东北师范大学,2025,新疆,本科一批,文科,,,502,1466,
1173,黑龙江大学,2025,新疆,本科一批,文科,,,471,2979,
1179,东北石油大学,2025,新疆,本科一批,文科,,,404,2018,
1182,东北农业大学,2025,新疆,本科一批,文科,,,505,,
1183,东北林业大学,2025,新疆,本科一批,文科,,,476,1722,
1200,华东理工大学,2025,新疆,本科一批,文科,,,448,,
1201,上海理工大学,2025,新疆,本科一批,文科,,,459,,
1202,上海海事大学,2025,新疆,本科一批,文科,,,436,,
1207,上海海洋大学,2025,新疆,本科一批,文科,,,481,1925,
1209,华东师范大学,2025,新疆,本科一批,文科,,,496,,
1210,上海师范大学,2025,新疆,本科一批,文科,,,475,,
1212,上海财经大学,2025,新疆,本科一批,文科,,,568,284,
1213,上海对外经贸大学,2025,新疆,本科一批,文科,,,495,1765,
1216,华东政法大学,2025,新疆,本科一批,文科,,,457,2326,
1219,上海戏剧学院,2025,新疆,本科一批,文科,,,513,845,
1220,上海大学,2025,新疆,本科一批,文科,,,543,763,
1223,苏州大学,2025,新疆,本科一批,文科,,,518,639,
1227,江苏科技大学,2025,新疆,本科一批,文科,,,513,,
1229,南京工业大学,2025,新疆,本科一批,文科,,,473,3016,
1230,常州大学,2025,新疆,本科一批,文科,,,468,2893,
1233,江南大学,2025,新疆,本科一批,文科,,,520,1128,
1235,江苏大学,2025,新疆,本科一批,文科,,,517,1264,
1236,南京信息工程大学,2025,新疆,本科一批,文科,,,467,1678,
1245,南京师范大学,2025,新疆,本科一批,文科,,,503,561,
1253,苏州科技大学,2025,新疆,本科一批,文科,,,472,2560,
1257,浙江工业大学,2025,新疆,本科一批,文科,,,497,1981,
1270,浙江工商大学,2025,新疆,本科一批,文科,,,512,1536,
1293,安徽财经大学,2025,新疆,本科一批,文科,,,451,2359,
1298,厦门大学,2025,新疆,本科一批,文科,,,573,167,
1299,华侨大学,2025,新疆,本科一批,文科,,,466,1981,
1302,福建农林大学,2025,新疆,本科一批,文科,,,457,3553,
1314,东华理工大学,2025,新疆,本科一批,文科,,,463,3067,
1327,山东大学,2025,新疆,本科一批,文科,,,556,284,
1328,中国海洋大学,2025,新疆,本科一批,文科,,,506,600,
1330,中国石油大学（华东）,2025,新疆,本科一批,文科,,,499,950,
1331,青岛科技大学,2025,新疆,本科一批,文科,,,451,2262,
1379,河南财经政法大学,2025,新疆,本科一批,文科,,,494,1433,
1383,武汉科技大学,2025,新疆,本科一批,文科,,,476,,
1386,中国地质大学（武汉）,2025,新疆,本科一批,文科,,,521,1060,
1393,华中师范大学,2025,新疆,本科一批,文科,,,449,,
1394,湖北大学,2025,新疆,本科一批,文科,,,453,1925,
1400,中南财经政法大学,2025,新疆,本科一批,文科,,,538,501,
1406,湘潭大学,2025,新疆,本科一批,文科,,,456,1082,
1409,中南大学,2025,新疆,本科一批,文科,,,555,363,
1411,长沙理工大学,2025,新疆,本科一批,文科,,,465,2262,
1413,中南林业科技大学,2025,新疆,本科一批,文科,,,451,3232,
1447,海南大学,2025,新疆,本科一批,文科,,,500,1181,
1448,深圳大学,2025,新疆,本科一批,文科,,,538,613,
1466,四川大学,2025,新疆,本科一批,文科,,,558,261,
1468,西南交通大学,2025,新疆,本科一批,文科,,,518,992,
1470,西南石油大学,2025,新疆,本科一批,文科,,,504,1374,
1473,重庆交通大学,2025,新疆,本科一批,文科,,,455,3739,
1474,西南科技大学,2025,新疆,本科一批,文科,,,456,3592,
1486,四川师范大学,2025,新疆,本科一批,文科,,,422,,
1499,西南财经大学,2025,新疆,本科一批,文科,,,524,310,
1504,西南民族大学,2025,新疆,本科一批,文科,,,469,1890,
1505,贵州大学,2025,新疆,本科一批,文科,,,475,2170,
1539,西北大学,2025,新疆,本科一批,文科,,,521,1154,
1540,西安交通大学,2025,新疆,本科一批,文科,,,579,,
1560,西北政法大学,2025,新疆,本科一批,文科,,,534,666,
1564,兰州大学,2025,新疆,本科一批,文科,,,507,845,
1582,新疆大学,2025,新疆,本科一批,文科,,,454,1403,
1585,石河子大学,2025,新疆,本科一批,文科,,,458,2126,
1678,上海立信会计金融学院,2025,新疆,本科一批,文科,,,507,1501,
1692,青岛大学,2025,新疆,本科一批,文科,,,452,1536,
1703,广州大学,2025,新疆,本科一批,文科,,,516,1403,
1715,扬州大学,2025,新疆,本科一批,文科,,,463,1319,
1769,中国石油大学（北京）,2025,新疆,本科一批,文科,,,528,,
1812,湖南工业大学,2025,新疆,本科一批,文科,,,387,1566,
1843,宁波大学,2025,新疆,本科一批,文科,,,460,2090,
1849,海南师范大学,2025,新疆,本科一批,文科,,,454,2687,
1853,西安邮电大学,2025,新疆,本科一批,文科,,,461,2523,
1873,重庆工商大学,2025,新疆,本科一批,文科,,,462,2893,
1894,上海政法学院,2025,新疆,本科一批,文科,,,453,,
1922,大连民族大学,2025,新疆,本科一批,文科,,,461,3419,
1957,南方医科大学,2025,新疆,本科一批,文科,,,518,1082,
3654,西交利物浦大学,2025,新疆,本科一批,文科,,,452,4050,
3679,中国石油大学（北京）克拉玛依校区,2025,新疆,本科一批,文科,,,486,1566,
3680,山东大学（威海）,2025,新疆,本科一批,文科,,,532,521,
5082,浙江师范大学,2025,新疆,本科一批,文科,,,476,2648,
5097,武汉理工大学,2025,新疆,本科一批,文科,,,523,992,
7252,北京联合大学,2025,新疆,本科一批,文科,,,501,1925,
8017,中国民航大学,2025,新疆,本科一批,文科,,,504,,
1058,天津农学院,2025,新疆,本科二批,文科,,,424,4794,
1060,天津职业技术师范大学,2025,新疆,本科二批,文科,,,407,4734,
1064,天津体育学院,2025,新疆,本科二批,文科,,,421,6063,
1068,河北工程大学,2025,新疆,本科二批,文科,,,367,,
1074,河北科技大学,2025,新疆,本科二批,文科,,,442,4166,
1099,山西师范大学,2025,新疆,本科二批,文科,,,367,,
1102,晋中学院,2025,新疆,本科二批,文科,,,390,7282,
1103,长治学院,2025,新疆,本科二批,文科,,,365,9130,
1104,运城学院,2025,新疆,本科二批,文科,,,344,12486,
1105,忻州师范学院,2025,新疆,本科二批,文科,,,362,8832,
1108,内蒙古科技大学,2025,新疆,本科二批,文科,,,398,6063,
1109,内蒙古工业大学,2025,新疆,本科二批,文科,,,374,10095,
1115,内蒙古财经大学,2025,新疆,本科二批,文科,,,404,5489,
1119,沈阳航空航天大学,2025,新疆,本科二批,文科,,,421,5707,
1120,沈阳理工大学,2025,新疆,本科二批,文科,,,422,5983,
1130,辽宁工业大学,2025,新疆,本科二批,文科,,,404,6298,
1139,辽宁师范大学,2025,新疆,本科二批,文科,,,431,4546,
1140,沈阳师范大学,2025,新疆,本科二批,文科,,,367,6442,
1142,鞍山师范学院,2025,新疆,本科二批,文科,,,369,9894,
1158,长春工业大学,2025,新疆,本科二批,文科,,,394,6063,
1166,吉林师范大学,2025,新疆,本科二批,文科,,,407,4611,
1167,吉林工程技术师范学院,2025,新疆,本科二批,文科,,,366,10466,
1168,长春师范大学,2025,新疆,本科二批,文科,,,369,,
1170,吉林财经大学,2025,新疆,本科二批,文科,,,436,3512,
1178,黑龙江科技大学,2025,新疆,本科二批,文科,,,393,7761,
1181,黑龙江八一农垦大学,2025,新疆,本科二批,文科,,,393,6957,
1190,哈尔滨学院,2025,新疆,本科二批,文科,,,378,9026,
1191,大庆师范学院,2025,新疆,本科二批,文科,,,378,,
1192,绥化学院,2025,新疆,本科二批,文科,,,370,9501,
1194,哈尔滨商业大学,2025,新疆,本科二批,文科,,,426,4988,
1265,湖州师范学院,2025,新疆,本科二批,文科,,,422,4734,
1267,台州学院,2025,新疆,本科二批,文科,,,450,4166,
1268,温州大学,2025,新疆,本科二批,文科,,,450,3472,
1280,安徽农业大学,2025,新疆,本科二批,文科,,,439,4794,
1296,淮南师范学院,2025,新疆,本科二批,文科,,,377,,
1303,集美大学,2025,新疆,本科二批,文科,,,454,3592,
1318,江西农业大学,2025,新疆,本科二批,文科,,,435,4671,
1324,赣南师范大学,2025,新疆,本科二批,文科,,,358,,
1329,山东科技大学,2025,新疆,本科二批,文科,,,483,2607,
1332,济南大学,2025,新疆,本科二批,文科,,,448,3472,
1333,青岛理工大学,2025,新疆,本科二批,文科,,,439,4486,
1341,滨州医学院,2025,新疆,本科二批,文科,,,321,,
1347,曲阜师范大学,2025,新疆,本科二批,文科,,,434,5139,
1349,德州学院,2025,新疆,本科二批,文科,,,375,9998,
1350,山东航空学院,2025,新疆,本科二批,文科,,,449,4216,
1351,鲁东大学,2025,新疆,本科二批,文科,,,443,4376,
1352,临沂大学,2025,新疆,本科二批,文科,,,451,4050,
1356,山东财经大学,2025,新疆,本科二批,文科,,,444,2051,
1361,郑州轻工业大学,2025,新疆,本科二批,文科,,,454,3639,
1362,河南工业大学,2025,新疆,本科二批,文科,,,374,3792,
1375,许昌学院,2025,新疆,本科二批,文科,,,356,,
1376,南阳师范学院,2025,新疆,本科二批,文科,,,403,6808,
1380,郑州航空工业管理学院,2025,新疆,本科二批,文科,,,388,4486,
1388,武汉轻工大学,2025,新疆,本科二批,文科,,,447,4166,
1397,湖北民族大学,2025,新疆,本科二批,文科,,,443,4546,
1399,湖北文理学院,2025,新疆,本科二批,文科,,,435,5067,
1422,湖南科技学院,2025,新疆,本科二批,文科,,,379,9501,
1428,汕头大学,2025,新疆,本科二批,文科,,,451,3792,
1453,桂林理工大学,2025,新疆,本科二批,文科,,,404,7282,
1458,广西师范大学,2025,新疆,本科二批,文科,,,402,5282,
1463,广西艺术学院,2025,新疆,本科二批,文科,,,377,9795,
1478,中国民用航空飞行学院,2025,新疆,本科二批,文科,,,362,5067,
1487,重庆师范大学,2025,新疆,本科二批,文科,,,450,3900,
1489,绵阳师范学院,2025,新疆,本科二批,文科,,,416,5425,
1491,宜宾学院,2025,新疆,本科二批,文科,,,409,5425,
1492,重庆文理学院,2025,新疆,本科二批,文科,,,416,5637,
1494,四川文理学院,2025,新疆,本科二批,文科,,,409,4988,
1496,长江师范学院,2025,新疆,本科二批,文科,,,423,5489,
1517,贵州财经大学,2025,新疆,本科二批,文科,,,448,4269,
1522,西南林业大学,2025,新疆,本科二批,文科,,,415,6216,
1524,大理大学,2025,新疆,本科二批,文科,,,436,4611,
1534,云南民族大学,2025,新疆,本科二批,文科,,,440,3693,
1554,延安大学,2025,新疆,本科二批,文科,,,374,,
1555,陕西理工大学,2025,新疆,本科二批,文科,,,426,,
1558,渭南师范学院,2025,新疆,本科二批,文科,,,429,,
1566,兰州交通大学,2025,新疆,本科二批,文科,,,435,2523,
1568,甘肃中医药大学,2025,新疆,本科二批,文科,,,435,3950,
1569,西北师范大学,2025,新疆,本科二批,文科,,,445,3512,
1572,天水师范大学,2025,新疆,本科二批,文科,,,414,,
1573,河西学院,2025,新疆,本科二批,文科,,,375,8832,
1574,兰州财经大学,2025,新疆,本科二批,文科,,,414,3693,
1581,宁夏师范大学,2025,新疆,本科二批,文科,,,328,,
1588,喀什大学,2025,新疆,本科二批,文科,,,342,5707,
1596,吕梁学院,2025,新疆,本科二批,文科,,,377,9795,
1601,齐鲁医药学院,2025,新疆,本科二批,文科,,,343,10191,
1627,上海工程技术大学,2025,新疆,本科二批,文科,,,414,6599,
1644,浙江万里学院,2025,新疆,本科二批,文科,,,403,7359,
1663,吉林外国语大学,2025,新疆,本科二批,文科,,,310,11058,
1678,上海立信会计金融学院,2025,新疆,本科二批,文科,,,390,3016,
1679,金陵科技学院,2025,新疆,本科二批,文科,,,422,,
1688,宁波工程学院,2025,新疆,本科二批,文科,,,410,5425,
1691,厦门理工学院,2025,新疆,本科二批,文科,,,429,5356,
1705,西安文理学院,2025,新疆,本科二批,文科,,,444,4269,
1707,海南热带海洋学院,2025,新疆,本科二批,文科,,,382,7536,
1710,广州航海学院,2025,新疆,本科二批,文科,,,360,,
1718,中华女子学院,2025,新疆,本科二批,文科,,,422,4671,
1728,吉林工商学院,2025,新疆,本科二批,文科,,,376,7202,
1735,三明学院,2025,新疆,本科二批,文科,,,409,6957,
1736,龙岩学院,2025,新疆,本科二批,文科,,,379,9501,
1742,江西水利电力大学,2025,新疆,本科二批,文科,,,414,5425,
1744,信阳农林学院,2025,新疆,本科二批,文科,,,374,8932,
1746,安阳工学院,2025,新疆,本科二批,文科,,,388,8735,
1753,五邑大学,2025,新疆,本科二批,文科,,,462,3553,
1762,榆林学院,2025,新疆,本科二批,文科,,,370,6442,
1764,安康学院,2025,新疆,本科二批,文科,,,385,7686,
1765,西安培华学院,2025,新疆,本科二批,文科,,,333,,
1766,甘肃政法大学,2025,新疆,本科二批,文科,,,444,2730,
1767,北方民族大学,2025,新疆,本科二批,文科,,,358,,
1775,集宁师范学院,2025,新疆,本科二批,文科,,,365,10652,
1783,吉林警察学院,2025,新疆,本科二批,文科,,,412,,
1784,黑龙江工业学院,2025,新疆,本科二批,文科,,,369,9501,
1792,浙江水利水电学院,2025,新疆,本科二批,文科,,,425,4854,
1803,新余学院,2025,新疆,本科二批,文科,,,382,7686,
1804,山东交通学院,2025,新疆,本科二批,文科,,,390,4671,
1820,重庆科技大学,2025,新疆,本科二批,文科,,,442,4166,
1844,浙江传媒学院,2025,新疆,本科二批,文科,,,447,2935,
1850,重庆理工大学,2025,新疆,本科二批,文科,,,449,4108,
1854,山东工商学院,2025,新疆,本科二批,文科,,,431,4324,
1855,呼和浩特民族学院,2025,新疆,本科二批,文科,,,366,9404,
1856,长春大学,2025,新疆,本科二批,文科,,,418,5859,
1859,西安航空学院,2025,新疆,本科二批,文科,,,372,10285,
1900,九江学院,2025,新疆,本科二批,文科,,,346,8641,
1922,大连民族大学,2025,新疆,本科二批,文科,,,445,3639,
1926,上海第二工业大学,2025,新疆,本科二批,文科,,,377,,
1929,南京特殊教育师范学院,2025,新疆,本科二批,文科,,,388,5489,
1931,上海商学院,2025,新疆,本科二批,文科,,,430,4269,
2024,中国劳动关系学院,2025,新疆,本科二批,文科,,,409,3900,
2087,重庆工程学院,2025,新疆,本科二批,文科,,,338,11471,
2159,西京学院,2025,新疆,本科二批,文科,,,332,,
2482,厦门工学院,2025,新疆,本科二批,文科,,,339,10554,
2515,武汉工程大学邮电与信息工程学院,2025,新疆,本科二批,文科,,,343,12980,
2518,武汉工商学院,2025,新疆,本科二批,文科,,,342,12690,
2535,浙江工业大学之江学院,2025,新疆,本科二批,文科,,,331,12075,
2537,宁波大学科学技术学院,2025,新疆,本科二批,文科,,,312,12395,
2548,浙江工商大学杭州商学院,2025,新疆,本科二批,文科,,,330,9894,
2549,嘉兴南湖学院,2025,新疆,本科二批,文科,,,440,4429,
2572,滇池学院,2025,新疆,本科二批,文科,,,315,13573,
2574,昆明城市学院,2025,新疆,本科二批,文科,,,311,,
2575,昆明医科大学海源学院,2025,新疆,本科二批,文科,,,318,12594,
2593,山东石油化工学院,2025,新疆,本科二批,文科,,,429,5139,
2630,南昌交通学院,2025,新疆,本科二批,文科,,,316,13472,
2633,赣南科技学院,2025,新疆,本科二批,文科,,,394,6808,
2636,南昌医学院,2025,新疆,本科二批,文科,,,444,2262,
2648,厦门大学嘉庚学院,2025,新疆,本科二批,文科,,,371,7359,
2655,商丘工学院,2025,新疆,本科二批,文科,,,333,14105,
2661,新乡工程学院,2025,新疆,本科二批,文科,,,338,11165,
2663,郑州经贸学院,2025,新疆,本科二批,文科,,,338,11967,
2681,晋中信息学院,2025,新疆,本科二批,文科,,,349,11165,
2685,重庆人文科技学院,2025,新疆,本科二批,文科,,,330,11264,
2689,新疆科技学院,2025,新疆,本科二批,文科,,,383,7616,
2696,西安交通工程学院,2025,新疆,本科二批,文科,,,330,13071,
2707,重庆外语外事学院,2025,新疆,本科二批,文科,,,335,11165,
2709,重庆财经学院,2025,新疆,本科二批,文科,,,364,7616,
2712,石家庄铁道大学四方学院,2025,新疆,本科二批,文科,,,379,9599,
2725,长春科技学院,2025,新疆,本科二批,文科,,,312,14315,
2730,蚌埠工商学院,2025,新疆,本科二批,文科,,,330,12486,
2746,重庆移通学院,2025,新疆,本科二批,文科,,,342,11673,
2760,桂林学院,2025,新疆,本科二批,文科,,,310,,
2777,天津外国语大学滨海外事学院,2025,新疆,本科二批,文科,,,311,9696,
2779,天津商业大学宝德学院,2025,新疆,本科二批,文科,,,330,11673,
2781,长春人文学院,2025,新疆,本科二批,文科,,,321,15206,
2785,武汉华夏理工学院,2025,新疆,本科二批,文科,,,311,14608,
2789,成都银杏酒店管理学院,2025,新疆,本科二批,文科,,,330,13573,
2798,西安建筑科技大学华清学院,2025,新疆,本科二批,文科,,,343,12980,
2857,黑河学院,2025,新疆,本科二批,文科,,,370,10191,
2875,福建江夏学院,2025,新疆,本科二批,文科,,,418,4988,
2920,琼台师范学院,2025,新疆,本科二批,文科,,,319,,
2979,西安明德理工学院,2025,新疆,本科二批,文科,,,317,14315,
2988,成都锦城学院,2025,新疆,本科二批,文科,,,355,11165,
3065,苏州大学应用技术学院,2025,新疆,本科二批,文科,,,342,9223,
3114,西南财经大学天府学院,2025,新疆,本科二批,文科,,,327,11571,
3294,西南交通大学希望学院,2025,新疆,本科二批,文科,,,344,12791,
3305,浙江外国语学院,2025,新疆,本科二批,文科,,,351,4108,
3407,陕西学前师范学院,2025,新疆,本科二批,文科,,,395,,
3447,江苏第二师范学院,2025,新疆,本科二批,文科,,,417,5425,
3524,内蒙古艺术学院,2025,新疆,本科二批,文科,,,363,11165,
5131,新疆艺术学院,2025,新疆,本科二批,文科,,,366,10466,
6179,广东技术师范大学,2025,新疆,本科二批,文科,,,404,,
7024,河北师范大学,2025,新疆,本科二批,文科,,,357,,
7026,廊坊师范学院,2025,新疆,本科二批,文科,,,368,9404,
7080,齐齐哈尔大学,2025,新疆,本科二批,文科,,,374,8365,
7107,淮阴师范学院,2025,新疆,本科二批,文科,,,413,6298,
7115,浙江海洋大学,2025,新疆,本科二批,文科,,,426,4546,
7134,福建理工大学,2025,新疆,本科二批,文科,,,442,4546,
7139,福建师范大学,2025,新疆,本科二批,文科,,,432,3232,
7172,中原工学院,2025,新疆,本科二批,文科,,,392,7359,
7176,河南医药大学,2025,新疆,本科二批,文科,,,379,,
7178,河南师范大学,2025,新疆,本科二批,文科,,,410,5489,
7231,浙江科技大学,2025,新疆,本科二批,文科,,,390,6521,
7236,洛阳理工学院,2025,新疆,本科二批,文科,,,422,4988,
7253,河北金融学院,2025,新疆,本科二批,文科,,,379,5707,
7270,南阳理工学院,2025,新疆,本科二批,文科,,,379,4988,
7273,河南城建学院,2025,新疆,本科二批,文科,,,380,8555,
7327,湖北第二师范学院,2025,新疆,本科二批,文科,,,373,8365,
7419,北华大学,2025,新疆,本科二批,文科,,,451,,
7439,大连大学,2025,新疆,本科二批,文科,,,448,4269,
,云南农业大学,2025,新疆,本科二批,文科,,,410,3278,
1030,中国传媒大学,2025,新疆,本科提前批,文科,,,497,,
1035,中国消防救援学院,2025,新疆,本科提前批,文科,,,482,,
1146,中国刑事警察学院,2025,新疆,本科提前批,文科,,,455,,
1163,东北师范大学,2025,新疆,本科提前批,文科,,,515,,
1209,华东师范大学,2025,新疆,本科提前批,文科,,,508,,
1393,华中师范大学,2025,新疆,本科提前批,文科,,,489,,
1760,云南警官学院,2025,新疆,本科提前批,文科,,,332,,
3682,西南大学,2025,新疆,本科提前批,文科,,,517,,
1031,中央财经大学,2025,新疆,高校专项计划批,文科,,,486,,
1154,吉林大学,2025,新疆,高校专项计划批,文科,,,516,,
1209,华东师范大学,2025,新疆,高校专项计划批,文科,,,525,,
1298,厦门大学,2025,新疆,高校专项计划批,文科,,,561,,
1328,中国海洋大学,2025,新疆,高校专项计划批,文科,,,528,,
1400,中南财经政法大学,2025,新疆,高校专项计划批,文科,,,530,,
1505,贵州大学,2025,新疆,高校专项计划批,文科,,,453,,
3682,西南大学,2025,新疆,高校专项计划批,文科,,,499,,
1206,上海健康医学院,2025,新疆,专科批,理科,,,279,,
1215,上海旅游高等专科学校,2025,新疆,专科批,理科,,,240,,
1566,兰州交通大学,2025,新疆,专科批,理科,,,319,28465,
1585,石河子大学,2025,新疆,专科批,理科,,,296,37551,
1601,齐鲁医药学院,2025,新疆,专科批,理科,,,264,44425,
1616,三门峡职业技术学院,2025,新疆,专科批,理科,,,268,45981,
1618,大连职业技术学院,2025,新疆,专科批,理科,,,243,47686,
1622,江苏建筑职业技术学院,2025,新疆,专科批,理科,,,313,38075,
1624,上海东海职业技术学院,2025,新疆,专科批,理科,,,214,,
1625,上海工商职业技术学院,2025,新疆,专科批,理科,,,201,,
1632,广东水利电力职业技术学院,2025,新疆,专科批,理科,,,149,52116,
1647,江西医学高等专科学校,2025,新疆,专科批,理科,,,285,43246,
1681,连云港职业技术学院,2025,新疆,专科批,理科,,,263,44618,
1682,镇江市高等专科学校,2025,新疆,专科批,理科,,,177,45838,
1738,漳州职业技术学院,2025,新疆,专科批,理科,,,258,42402,
1782,长春金融高等专科学校,2025,新疆,专科批,理科,,,162,46633,
1799,辽宁省交通高等专科学校,2025,新疆,专科批,理科,,,219,47686,
1868,濮阳职业技术学院,2025,新疆,专科批,理科,,,378,25745,
1913,安徽第二医学院,2025,新疆,专科批,理科,,,281,42033,
1918,安徽中医药高等专科学校,2025,新疆,专科批,理科,,,268,16036,
1927,广州职业技术大学,2025,新疆,专科批,理科,,,229,47002,
1928,江苏经贸职业技术学院,2025,新疆,专科批,理科,,,262,44928,
1932,湖北职业技术学院,2025,新疆,专科批,理科,,,290,42402,
1944,盘锦职业技术学院,2025,新疆,专科批,理科,,,186,48969,
1959,重庆工业职业技术大学,2025,新疆,专科批,理科,,,295,40739,
1976,常州信息职业技术学院,2025,新疆,专科批,理科,,,243,42221,
1983,山东劳动职业技术学院,2025,新疆,专科批,理科,,,198,51971,
1995,襄阳职业技术学院,2025,新疆,专科批,理科,,,299,40739,
2030,上海行健职业学院,2025,新疆,专科批,理科,,,252,,
2034,上海电子信息职业技术学院,2025,新疆,专科批,理科,,,268,44425,
2064,上海震旦职业学院,2025,新疆,专科批,理科,,,141,,
2073,辽宁生态工程职业学院,2025,新疆,专科批,理科,,,198,51971,
2099,福建水利电力职业技术学院,2025,新疆,专科批,理科,,,225,,
2131,包头轻工职业技术学院,2025,新疆,专科批,理科,,,159,52213,
2140,无锡科技职业学院,2025,新疆,专科批,理科,,,220,50831,
2170,黑龙江农业工程职业学院,2025,新疆,专科批,理科,,,185,45533,
2171,黑龙江农垦职业学院,2025,新疆,专科批,理科,,,217,49070,
2202,重庆工程职业技术学院,2025,新疆,专科批,理科,,,256,45533,
2246,江苏电子信息职业学院,2025,新疆,专科批,理科,,,234,48767,
2259,滨州职业学院,2025,新疆,专科批,理科,,,201,,
2293,浙江建设职业技术学院,2025,新疆,专科批,理科,,,185,41853,
2295,浙江经贸职业技术学院,2025,新疆,专科批,理科,,,258,38909,
2296,浙江商业职业技术学院,2025,新疆,专科批,理科,,,240,45981,
2322,辽宁轨道交通职业学院,2025,新疆,专科批,理科,,,230,49070,
2336,上海农林职业技术学院,2025,新疆,专科批,理科,,,203,,
2337,上海邦德职业技术学院,2025,新疆,专科批,理科,,,187,,
2360,江西应用技术职业学院,2025,新疆,专科批,理科,,,239,48665,
2475,南京铁道职业技术学院,2025,新疆,专科批,理科,,,318,32843,
2486,西安城市建设职业学院,2025,新疆,专科批,理科,,,142,52228,
2493,临汾职业技术学院,2025,新疆,专科批,理科,,,251,48022,
2501,大连科技学院,2025,新疆,专科批,理科,,,248,48345,
2574,昆明城市学院,2025,新疆,专科批,理科,,,145,,
2696,西安交通工程学院,2025,新疆,专科批,理科,,,173,27234,
2701,海南外国语职业学院,2025,新疆,专科批,理科,,,376,,
2750,大连东软信息学院,2025,新疆,专科批,理科,,,163,50559,
2756,温州商学院,2025,新疆,专科批,理科,,,256,47474,
2826,广州工程技术职业学院,2025,新疆,专科批,理科,,,214,49865,
2884,湄洲湾职业技术学院,2025,新疆,专科批,理科,,,156,52475,
2896,信阳职业技术学院,2025,新疆,专科批,理科,,,181,52284,
2905,江汉艺术职业学院,2025,新疆,专科批,理科,,,158,51786,
2906,武汉民政职业学院,2025,新疆,专科批,理科,,,251,42402,
2919,肇庆医学院,2025,新疆,专科批,理科,,,276,41116,
2950,浙江国际海运职业技术学院,2025,新疆,专科批,理科,,,247,48449,
2971,海南经贸职业技术学院,2025,新疆,专科批,理科,,,178,,
2979,西安明德理工学院,2025,新疆,专科批,理科,,,221,49168,
3027,广州铁路职业技术学院,2025,新疆,专科批,理科,,,177,,
3044,大连枫叶职业技术学院,2025,新疆,专科批,理科,,,157,52228,
3088,重庆三峡医药高等专科学校,2025,新疆,专科批,理科,,,270,36976,
3114,西南财经大学天府学院,2025,新疆,专科批,理科,,,176,48868,
3137,广东科贸职业学院,2025,新疆,专科批,理科,,,151,51786,
3148,辽宁装备制造职业技术学院,2025,新疆,专科批,理科,,,184,52239,
3184,漳州卫生职业学院,2025,新疆,专科批,理科,,,245,48665,
3230,辽宁铁道职业技术学院,2025,新疆,专科批,理科,,,235,44774,
3255,乌兰察布医学高等专科学校,2025,新疆,专科批,理科,,,252,46505,
3295,东莞职业技术学院,2025,新疆,专科批,理科,,,217,43077,
3413,河北轨道运输职业技术学院,2025,新疆,专科批,理科,,,258,45078,
3457,辽宁民族师范高等专科学校,2025,新疆,专科批,理科,,,178,51408,
3485,浙江安防职业技术学院,2025,新疆,专科批,理科,,,196,50421,
3546,湖北铁道运输职业学院,2025,新疆,专科批,理科,,,259,47002,
3597,广东江门中医药职业学院,2025,新疆,专科批,理科,,,251,47360,
3747,喀什职业技术学院,2025,新疆,专科批,理科,,,224,47360,
3879,兰州资源环境职业技术大学,2025,新疆,专科批,理科,,,214,47360,
3881,上海闵行职业技术学院,2025,新疆,专科批,理科,,,230,,
3894,襄阳科技职业学院,2025,新疆,专科批,理科,,,219,49262,
3895,宜昌科技职业学院,2025,新疆,专科批,理科,,,211,49865,
7192,汉江师范学院,2025,新疆,专科批,理科,,,252,46244,
1585,石河子大学,2025,新疆,专科提前批,理科,,,298,,
1624,上海东海职业技术学院,2025,新疆,专科提前批,理科,,,179,,
1625,上海工商职业技术学院,2025,新疆,专科提前批,理科,,,218,,
1632,广东水利电力职业技术学院,2025,新疆,专科提前批,理科,,,225,,
1647,江西医学高等专科学校,2025,新疆,专科提前批,理科,,,281,,
1681,连云港职业技术学院,2025,新疆,专科提前批,理科,,,227,,
1782,长春金融高等专科学校,2025,新疆,专科提前批,理科,,,248,,
1906,重庆电力高等专科学校,2025,新疆,专科提前批,理科,,,261,,
1928,江苏经贸职业技术学院,2025,新疆,专科提前批,理科,,,229,,
1976,常州信息职业技术学院,2025,新疆,专科提前批,理科,,,271,,
2034,上海电子信息职业技术学院,2025,新疆,专科提前批,理科,,,249,,
2064,上海震旦职业学院,2025,新疆,专科提前批,理科,,,175,,
2166,天津现代职业技术学院,2025,新疆,专科提前批,理科,,,192,,
2201,重庆城市管理职业学院,2025,新疆,专科提前批,理科,,,250,,
2329,吉林工业职业技术学院,2025,新疆,专科提前批,理科,,,208,,
2336,上海农林职业技术学院,2025,新疆,专科提前批,理科,,,276,,
2337,上海邦德职业技术学院,2025,新疆,专科提前批,理科,,,186,,
2418,山东信息职业技术学院,2025,新疆,专科提前批,理科,,,247,,
2460,石家庄信息工程职业学院,2025,新疆,专科提前批,理科,,,298,,
2884,湄洲湾职业技术学院,2025,新疆,专科提前批,理科,,,235,,
2889,淄博师范高等专科学校,2025,新疆,专科提前批,理科,,,224,,
2901,河南交通职业技术学院,2025,新疆,专科提前批,理科,,,214,,
2967,江西航空职业技术学院,2025,新疆,专科提前批,理科,,,222,,
2971,海南经贸职业技术学院,2025,新疆,专科提前批,理科,,,267,,
2979,西安明德理工学院,2025,新疆,专科提前批,理科,,,198,,
3027,广州铁路职业技术学院,2025,新疆,专科提前批,理科,,,265,,
3033,延安职业技术学院,2025,新疆,专科提前批,理科,,,214,,
3114,西南财经大学天府学院,2025,新疆,专科提前批,理科,,,223,,
3137,广东科贸职业学院,2025,新疆,专科提前批,理科,,,187,,
3184,漳州卫生职业学院,2025,新疆,专科提前批,理科,,,267,,
3226,重庆建筑工程职业学院,2025,新疆,专科提前批,理科,,,235,,
3879,兰州资源环境职业技术大学,2025,新疆,专科提前批,理科,,,263,45379,
1005,北京工业大学,2025,新疆,国家及地方专项、南疆单列、对口援疆计划本科一批次,理科,,,459,,
1008,北京科技大学,2025,新疆,国家及地方专项、南疆单列、对口援疆计划本科一批次,理科,,,469,,
1009,北方工业大学,2025,新疆,国家及地方专项、南疆单列、对口援疆计划本科一批次,理科,,,433,,
1010,北京化工大学,2025,新疆,国家及地方专项、南疆单列、对口援疆计划本科一批次,理科,,,448,,
1013,北京邮电大学,2025,新疆,国家及地方专项、南疆单列、对口援疆计划本科一批次,理科,,,579,,
1015,北京建筑大学,2025,新疆,国家及地方专项、南疆单列、对口援疆计划本科一批次,理科,,,424,,
1020,北京林业大学,2025,新疆,国家及地方专项、南疆单列、对口援疆计划本科一批次,理科,,,452,,
1023,北京中医药大学,2025,新疆,国家及地方专项、南疆单列、对口援疆计划本科一批次,理科,,,497,,
1030,中国传媒大学,2025,新疆,国家及地方专项、南疆单列、对口援疆计划本科一批次,理科,,,526,,
1031,中央财经大学,2025,新疆,国家及地方专项、南疆单列、对口援疆计划本科一批次,理科,,,548,,
1032,对外经济贸易大学,2025,新疆,国家及地方专项、南疆单列、对口援疆计划本科一批次,理科,,,517,,
1047,中央民族大学,2025,新疆,国家及地方专项、南疆单列、对口援疆计划本科一批次,理科,,,454,,
1053,天津工业大学,2025,新疆,国家及地方专项、南疆单列、对口援疆计划本科一批次,理科,,,442,,
1059,天津师范大学,2025,新疆,国家及地方专项、南疆单列、对口援疆计划本科一批次,理科,,,423,,
1070,华北水利水电大学,2025,新疆,国家及地方专项、南疆单列、对口援疆计划本科一批次,理科,,,438,,
1094,中北大学,2025,新疆,国家及地方专项、南疆单列、对口援疆计划本科一批次,理科,,,419,,
1127,大连海事大学,2025,新疆,国家及地方专项、南疆单列、对口援疆计划本科一批次,理科,,,462,,
1129,沈阳建筑大学,2025,新疆,国家及地方专项、南疆单列、对口援疆计划本科一批次,理科,,,360,,
1136,辽宁中医药大学,2025,新疆,国家及地方专项、南疆单列、对口援疆计划本科一批次,理科,,,423,,
1154,吉林大学,2025,新疆,国家及地方专项、南疆单列、对口援疆计划本科一批次,理科,,,431,,
1155,延边大学,2025,新疆,国家及地方专项、南疆单列、对口援疆计划本科一批次,理科,,,437,,
1156,长春理工大学,2025,新疆,国家及地方专项、南疆单列、对口援疆计划本科一批次,理科,,,428,,
1163,东北师范大学,2025,新疆,国家及地方专项、南疆单列、对口援疆计划本科一批次,理科,,,455,,
1179,东北石油大学,2025,新疆,国家及地方专项、南疆单列、对口援疆计划本科一批次,理科,,,425,,
1182,东北农业大学,2025,新疆,国家及地方专项、南疆单列、对口援疆计划本科一批次,理科,,,447,,
1183,东北林业大学,2025,新疆,国家及地方专项、南疆单列、对口援疆计划本科一批次,理科,,,439,,
1200,华东理工大学,2025,新疆,国家及地方专项、南疆单列、对口援疆计划本科一批次,理科,,,533,,
1201,上海理工大学,2025,新疆,国家及地方专项、南疆单列、对口援疆计划本科一批次,理科,,,488,,
1202,上海海事大学,2025,新疆,国家及地方专项、南疆单列、对口援疆计划本科一批次,理科,,,441,,
1206,上海健康医学院,2025,新疆,国家及地方专项、南疆单列、对口援疆计划本科一批次,理科,,,425,,
1209,华东师范大学,2025,新疆,国家及地方专项、南疆单列、对口援疆计划本科一批次,理科,,,511,,
1212,上海财经大学,2025,新疆,国家及地方专项、南疆单列、对口援疆计划本科一批次,理科,,,539,,
1213,上海对外经贸大学,2025,新疆,国家及地方专项、南疆单列、对口援疆计划本科一批次,理科,,,449,,
1216,华东政法大学,2025,新疆,国家及地方专项、南疆单列、对口援疆计划本科一批次,理科,,,448,,
1226,南京理工大学,2025,新疆,国家及地方专项、南疆单列、对口援疆计划本科一批次,理科,,,479,,
1227,江苏科技大学,2025,新疆,国家及地方专项、南疆单列、对口援疆计划本科一批次,理科,,,441,,
1229,南京工业大学,2025,新疆,国家及地方专项、南疆单列、对口援疆计划本科一批次,理科,,,430,,
1230,常州大学,2025,新疆,国家及地方专项、南疆单列、对口援疆计划本科一批次,理科,,,455,,
1233,江南大学,2025,新疆,国家及地方专项、南疆单列、对口援疆计划本科一批次,理科,,,503,,
1235,江苏大学,2025,新疆,国家及地方专项、南疆单列、对口援疆计划本科一批次,理科,,,449,,
1236,南京信息工程大学,2025,新疆,国家及地方专项、南疆单列、对口援疆计划本科一批次,理科,,,436,,
1243,南京中医药大学,2025,新疆,国家及地方专项、南疆单列、对口援疆计划本科一批次,理科,,,431,,
1245,南京师范大学,2025,新疆,国家及地方专项、南疆单列、对口援疆计划本科一批次,理科,,,463,,
1260,浙江农林大学,2025,新疆,国家及地方专项、南疆单列、对口援疆计划本科一批次,理科,,,407,,
1262,浙江中医药大学,2025,新疆,国家及地方专项、南疆单列、对口援疆计划本科一批次,理科,,,453,,
1270,浙江工商大学,2025,新疆,国家及地方专项、南疆单列、对口援疆计划本科一批次,理科,,,434,,
1273,中国计量大学,2025,新疆,国家及地方专项、南疆单列、对口援疆计划本科一批次,理科,,,483,,
1281,安徽医科大学,2025,新疆,国家及地方专项、南疆单列、对口援疆计划本科一批次,理科,,,422,,
1293,安徽财经大学,2025,新疆,国家及地方专项、南疆单列、对口援疆计划本科一批次,理科,,,423,,
1298,厦门大学,2025,新疆,国家及地方专项、南疆单列、对口援疆计划本科一批次,理科,,,566,,
1327,山东大学,2025,新疆,国家及地方专项、南疆单列、对口援疆计划本科一批次,理科,,,465,,
1328,中国海洋大学,2025,新疆,国家及地方专项、南疆单列、对口援疆计划本科一批次,理科,,,538,,
1330,中国石油大学（华东）,2025,新疆,国家及地方专项、南疆单列、对口援疆计划本科一批次,理科,,,487,,
1331,青岛科技大学,2025,新疆,国家及地方专项、南疆单列、对口援疆计划本科一批次,理科,,,423,,
1379,河南财经政法大学,2025,新疆,国家及地方专项、南疆单列、对口援疆计划本科一批次,理科,,,427,,
1386,中国地质大学（武汉）,2025,新疆,国家及地方专项、南疆单列、对口援疆计划本科一批次,理科,,,479,,
1393,华中师范大学,2025,新疆,国家及地方专项、南疆单列、对口援疆计划本科一批次,理科,,,532,,
1400,中南财经政法大学,2025,新疆,国家及地方专项、南疆单列、对口援疆计划本科一批次,理科,,,437,,
1415,湖南师范大学,2025,新疆,国家及地方专项、南疆单列、对口援疆计划本科一批次,理科,,,446,,
1425,南华大学,2025,新疆,国家及地方专项、南疆单列、对口援疆计划本科一批次,理科,,,426,,
1430,华南农业大学,2025,新疆,国家及地方专项、南疆单列、对口援疆计划本科一批次,理科,,,444,,
1447,海南大学,2025,新疆,国家及地方专项、南疆单列、对口援疆计划本科一批次,理科,,,452,10845,
1450,广西大学,2025,新疆,国家及地方专项、南疆单列、对口援疆计划本科一批次,理科,,,474,,
1473,重庆交通大学,2025,新疆,国家及地方专项、南疆单列、对口援疆计划本科一批次,理科,,,474,,
1481,重庆医科大学,2025,新疆,国家及地方专项、南疆单列、对口援疆计划本科一批次,理科,,,469,,
1482,西南医科大学,2025,新疆,国家及地方专项、南疆单列、对口援疆计划本科一批次,理科,,,502,,
1484,川北医学院,2025,新疆,国家及地方专项、南疆单列、对口援疆计划本科一批次,理科,,,498,,
1486,四川师范大学,2025,新疆,国家及地方专项、南疆单列、对口援疆计划本科一批次,理科,,,422,,
1499,西南财经大学,2025,新疆,国家及地方专项、南疆单列、对口援疆计划本科一批次,理科,,,512,,
1504,西南民族大学,2025,新疆,国家及地方专项、南疆单列、对口援疆计划本科一批次,理科,,,447,,
1505,贵州大学,2025,新疆,国家及地方专项、南疆单列、对口援疆计划本科一批次,理科,,,467,,
1585,石河子大学,2025,新疆,国家及地方专项、南疆单列、对口援疆计划本科一批次,理科,,,421,,
1699,江汉大学,2025,新疆,国家及地方专项、南疆单列、对口援疆计划本科一批次,理科,,,422,,
1703,广州大学,2025,新疆,国家及地方专项、南疆单列、对口援疆计划本科一批次,理科,,,411,,
1715,扬州大学,2025,新疆,国家及地方专项、南疆单列、对口援疆计划本科一批次,理科,,,441,,
1768,中国矿业大学（北京）,2025,新疆,国家及地方专项、南疆单列、对口援疆计划本科一批次,理科,,,468,,
1769,中国石油大学（北京）,2025,新疆,国家及地方专项、南疆单列、对口援疆计划本科一批次,理科,,,499,,
1770,中国地质大学（北京）,2025,新疆,国家及地方专项、南疆单列、对口援疆计划本科一批次,理科,,,458,,
1812,湖南工业大学,2025,新疆,国家及地方专项、南疆单列、对口援疆计划本科一批次,理科,,,427,17443,
1843,宁波大学,2025,新疆,国家及地方专项、南疆单列、对口援疆计划本科一批次,理科,,,452,,
1880,海南医科大学,2025,新疆,国家及地方专项、南疆单列、对口援疆计划本科一批次,理科,,,507,,
1894,上海政法学院,2025,新疆,国家及地方专项、南疆单列、对口援疆计划本科一批次,理科,,,432,,
3680,山东大学（威海）,2025,新疆,国家及地方专项、南疆单列、对口援疆计划本科一批次,理科,,,535,,
3682,西南大学,2025,新疆,国家及地方专项、南疆单列、对口援疆计划本科一批次,理科,,,474,,
6031,河北大学,2025,新疆,国家及地方专项、南疆单列、对口援疆计划本科一批次,理科,,,459,,
7050,沈阳农业大学,2025,新疆,国家及地方专项、南疆单列、对口援疆计划本科一批次,理科,,,424,,
7097,南京邮电大学,2025,新疆,国家及地方专项、南疆单列、对口援疆计划本科一批次,理科,,,457,2469,
7114,浙江理工大学,2025,新疆,国家及地方专项、南疆单列、对口援疆计划本科一批次,理科,,,429,,
7117,温州医科大学,2025,新疆,国家及地方专项、南疆单列、对口援疆计划本科一批次,理科,,,469,,
7297,浙江理工大学科技与艺术学院,2025,新疆,国家及地方专项、南疆单列、对口援疆计划本科一批次,理科,,,297,,
8017,中国民航大学,2025,新疆,国家及地方专项、南疆单列、对口援疆计划本科一批次,理科,,,492,,
8224,哈尔滨工业大学（威海）,2025,新疆,国家及地方专项、南疆单列、对口援疆计划本科一批次,理科,,,555,,
1058,天津农学院,2025,新疆,国家及地方专项、南疆单列、对口援疆计划本科二批次,理科,,,341,,
1060,天津职业技术师范大学,2025,新疆,国家及地方专项、南疆单列、对口援疆计划本科二批次,理科,,,330,32051,
1068,河北工程大学,2025,新疆,国家及地方专项、南疆单列、对口援疆计划本科二批次,理科,,,413,,
1070,华北水利水电大学,2025,新疆,国家及地方专项、南疆单列、对口援疆计划本科二批次,理科,,,361,,
1074,河北科技大学,2025,新疆,国家及地方专项、南疆单列、对口援疆计划本科二批次,理科,,,322,,
1120,沈阳理工大学,2025,新疆,国家及地方专项、南疆单列、对口援疆计划本科二批次,理科,,,413,,
1124,辽宁石油化工大学,2025,新疆,国家及地方专项、南疆单列、对口援疆计划本科二批次,理科,,,298,,
1125,沈阳化工大学,2025,新疆,国家及地方专项、南疆单列、对口援疆计划本科二批次,理科,,,358,,
1128,大连工业大学,2025,新疆,国家及地方专项、南疆单列、对口援疆计划本科二批次,理科,,,374,,
1130,辽宁工业大学,2025,新疆,国家及地方专项、南疆单列、对口援疆计划本科二批次,理科,,,374,,
1157,东北电力大学,2025,新疆,国家及地方专项、南疆单列、对口援疆计划本科二批次,理科,,,427,,
1158,长春工业大学,2025,新疆,国家及地方专项、南疆单列、对口援疆计划本科二批次,理科,,,285,,
1159,吉林建筑大学,2025,新疆,国家及地方专项、南疆单列、对口援疆计划本科二批次,理科,,,286,,
1160,吉林化工大学,2025,新疆,国家及地方专项、南疆单列、对口援疆计划本科二批次,理科,,,332,,
1161,吉林农业大学,2025,新疆,国家及地方专项、南疆单列、对口援疆计划本科二批次,理科,,,373,,
1162,长春中医药大学,2025,新疆,国家及地方专项、南疆单列、对口援疆计划本科二批次,理科,,,409,,
1167,吉林工程技术师范学院,2025,新疆,国家及地方专项、南疆单列、对口援疆计划本科二批次,理科,,,318,,
1170,吉林财经大学,2025,新疆,国家及地方专项、南疆单列、对口援疆计划本科二批次,理科,,,347,,
1185,黑龙江中医药大学,2025,新疆,国家及地方专项、南疆单列、对口援疆计划本科二批次,理科,,,318,280,
1194,哈尔滨商业大学,2025,新疆,国家及地方专项、南疆单列、对口援疆计划本科二批次,理科,,,306,,
1238,南通大学,2025,新疆,国家及地方专项、南疆单列、对口援疆计划本科二批次,理科,,,321,,
1262,浙江中医药大学,2025,新疆,国家及地方专项、南疆单列、对口援疆计划本科二批次,理科,,,397,,
1265,湖州师范学院,2025,新疆,国家及地方专项、南疆单列、对口援疆计划本科二批次,理科,,,371,,
1283,皖南医学院,2025,新疆,国家及地方专项、南疆单列、对口援疆计划本科二批次,理科,,,387,,
1296,淮南师范学院,2025,新疆,国家及地方专项、南疆单列、对口援疆计划本科二批次,理科,,,340,,
1303,集美大学,2025,新疆,国家及地方专项、南疆单列、对口援疆计划本科二批次,理科,,,418,,
1324,赣南师范大学,2025,新疆,国家及地方专项、南疆单列、对口援疆计划本科二批次,理科,,,323,,
1333,青岛理工大学,2025,新疆,国家及地方专项、南疆单列、对口援疆计划本科二批次,理科,,,368,,
1338,青岛农业大学,2025,新疆,国家及地方专项、南疆单列、对口援疆计划本科二批次,理科,,,330,,
1347,曲阜师范大学,2025,新疆,国家及地方专项、南疆单列、对口援疆计划本科二批次,理科,,,385,,
1349,德州学院,2025,新疆,国家及地方专项、南疆单列、对口援疆计划本科二批次,理科,,,329,,
1351,鲁东大学,2025,新疆,国家及地方专项、南疆单列、对口援疆计划本科二批次,理科,,,347,,
1360,河南理工大学,2025,新疆,国家及地方专项、南疆单列、对口援疆计划本科二批次,理科,,,389,,
1361,郑州轻工业大学,2025,新疆,国家及地方专项、南疆单列、对口援疆计划本科二批次,理科,,,415,,
1380,郑州航空工业管理学院,2025,新疆,国家及地方专项、南疆单列、对口援疆计划本科二批次,理科,,,370,,
1411,长沙理工大学,2025,新疆,国家及地方专项、南疆单列、对口援疆计划本科二批次,理科,,,483,,
1422,湖南科技学院,2025,新疆,国家及地方专项、南疆单列、对口援疆计划本科二批次,理科,,,332,31286,
1520,昆明理工大学,2025,新疆,国家及地方专项、南疆单列、对口援疆计划本科二批次,理科,,,350,30343,
1524,大理大学,2025,新疆,国家及地方专项、南疆单列、对口援疆计划本科二批次,理科,,,362,,
1528,曲靖师范学院,2025,新疆,国家及地方专项、南疆单列、对口援疆计划本科二批次,理科,,,314,,
1555,陕西理工大学,2025,新疆,国家及地方专项、南疆单列、对口援疆计划本科二批次,理科,,,394,,
1566,兰州交通大学,2025,新疆,国家及地方专项、南疆单列、对口援疆计划本科二批次,理科,,,348,31286,
1569,西北师范大学,2025,新疆,国家及地方专项、南疆单列、对口援疆计划本科二批次,理科,,,406,20852,
1574,兰州财经大学,2025,新疆,国家及地方专项、南疆单列、对口援疆计划本科二批次,理科,,,367,27234,
1583,塔里木大学,2025,新疆,国家及地方专项、南疆单列、对口援疆计划本科二批次,理科,,,330,,
1627,上海工程技术大学,2025,新疆,国家及地方专项、南疆单列、对口援疆计划本科二批次,理科,,,364,,
1644,浙江万里学院,2025,新疆,国家及地方专项、南疆单列、对口援疆计划本科二批次,理科,,,317,,
1679,金陵科技学院,2025,新疆,国家及地方专项、南疆单列、对口援疆计划本科二批次,理科,,,314,,
1684,徐州工程学院,2025,新疆,国家及地方专项、南疆单列、对口援疆计划本科二批次,理科,,,381,,
1705,西安文理学院,2025,新疆,国家及地方专项、南疆单列、对口援疆计划本科二批次,理科,,,376,,
1710,广州航海学院,2025,新疆,国家及地方专项、南疆单列、对口援疆计划本科二批次,理科,,,398,,
1719,齐齐哈尔医学院,2025,新疆,国家及地方专项、南疆单列、对口援疆计划本科二批次,理科,,,340,,
1728,吉林工商学院,2025,新疆,国家及地方专项、南疆单列、对口援疆计划本科二批次,理科,,,306,,
1736,龙岩学院,2025,新疆,国家及地方专项、南疆单列、对口援疆计划本科二批次,理科,,,316,,
1742,江西水利电力大学,2025,新疆,国家及地方专项、南疆单列、对口援疆计划本科二批次,理科,,,366,19511,
1767,北方民族大学,2025,新疆,国家及地方专项、南疆单列、对口援疆计划本科二批次,理科,,,336,,
1777,辽宁科技学院,2025,新疆,国家及地方专项、南疆单列、对口援疆计划本科二批次,理科,,,381,,
1780,长春工程学院,2025,新疆,国家及地方专项、南疆单列、对口援疆计划本科二批次,理科,,,321,,
1804,山东交通学院,2025,新疆,国家及地方专项、南疆单列、对口援疆计划本科二批次,理科,,,375,,
1809,湖南工学院,2025,新疆,国家及地方专项、南疆单列、对口援疆计划本科二批次,理科,,,395,,
1815,电子科技大学中山学院,2025,新疆,国家及地方专项、南疆单列、对口援疆计划本科二批次,理科,,,391,,
1830,湖北经济学院,2025,新疆,国家及地方专项、南疆单列、对口援疆计划本科二批次,理科,,,350,,
1840,沈阳工程学院,2025,新疆,国家及地方专项、南疆单列、对口援疆计划本科二批次,理科,,,423,,
1854,山东工商学院,2025,新疆,国家及地方专项、南疆单列、对口援疆计划本科二批次,理科,,,350,,
1856,长春大学,2025,新疆,国家及地方专项、南疆单列、对口援疆计划本科二批次,理科,,,383,,
1891,河北经贸大学,2025,新疆,国家及地方专项、南疆单列、对口援疆计划本科二批次,理科,,,300,,
1900,九江学院,2025,新疆,国家及地方专项、南疆单列、对口援疆计划本科二批次,理科,,,312,30343,
1903,佛山大学,2025,新疆,国家及地方专项、南疆单列、对口援疆计划本科二批次,理科,,,353,,
1926,上海第二工业大学,2025,新疆,国家及地方专项、南疆单列、对口援疆计划本科二批次,理科,,,411,,
2024,中国劳动关系学院,2025,新疆,国家及地方专项、南疆单列、对口援疆计划本科二批次,理科,,,371,,
2159,西京学院,2025,新疆,国家及地方专项、南疆单列、对口援疆计划本科二批次,理科,,,325,,
2173,齐齐哈尔工程学院,2025,新疆,国家及地方专项、南疆单列、对口援疆计划本科二批次,理科,,,230,,
2504,大连医科大学中山学院,2025,新疆,国家及地方专项、南疆单列、对口援疆计划本科二批次,理科,,,329,,
2549,嘉兴南湖学院,2025,新疆,国家及地方专项、南疆单列、对口援疆计划本科二批次,理科,,,369,,
2574,昆明城市学院,2025,新疆,国家及地方专项、南疆单列、对口援疆计划本科二批次,理科,,,308,,
2630,南昌交通学院,2025,新疆,国家及地方专项、南疆单列、对口援疆计划本科二批次,理科,,,281,,
2633,赣南科技学院,2025,新疆,国家及地方专项、南疆单列、对口援疆计划本科二批次,理科,,,337,,
2636,南昌医学院,2025,新疆,国家及地方专项、南疆单列、对口援疆计划本科二批次,理科,,,385,,
2660,豫北医学院,2025,新疆,国家及地方专项、南疆单列、对口援疆计划本科二批次,理科,,,276,,
2689,新疆科技学院,2025,新疆,国家及地方专项、南疆单列、对口援疆计划本科二批次,理科,,,309,,
2730,蚌埠工商学院,2025,新疆,国家及地方专项、南疆单列、对口援疆计划本科二批次,理科,,,291,,
2779,天津商业大学宝德学院,2025,新疆,国家及地方专项、南疆单列、对口援疆计划本科二批次,理科,,,332,,
2798,西安建筑科技大学华清学院,2025,新疆,国家及地方专项、南疆单列、对口援疆计划本科二批次,理科,,,307,,
2979,西安明德理工学院,2025,新疆,国家及地方专项、南疆单列、对口援疆计划本科二批次,理科,,,312,,
3114,西南财经大学天府学院,2025,新疆,国家及地方专项、南疆单列、对口援疆计划本科二批次,理科,,,329,,
3128,吉林铁道职业技术大学,2025,新疆,国家及地方专项、南疆单列、对口援疆计划本科二批次,理科,,,338,,
3446,营口理工学院,2025,新疆,国家及地方专项、南疆单列、对口援疆计划本科二批次,理科,,,378,,
3902,山西医药学院,2025,新疆,国家及地方专项、南疆单列、对口援疆计划本科二批次,理科,,,378,,
6137,江西理工大学,2025,新疆,国家及地方专项、南疆单列、对口援疆计划本科二批次,理科,,,341,,
6179,广东技术师范大学,2025,新疆,国家及地方专项、南疆单列、对口援疆计划本科二批次,理科,,,330,,
7022,河北农业大学,2025,新疆,国家及地方专项、南疆单列、对口援疆计划本科二批次,理科,,,371,,
7024,河北师范大学,2025,新疆,国家及地方专项、南疆单列、对口援疆计划本科二批次,理科,,,396,,
7026,廊坊师范学院,2025,新疆,国家及地方专项、南疆单列、对口援疆计划本科二批次,理科,,,322,,
7033,山西农业大学,2025,新疆,国家及地方专项、南疆单列、对口援疆计划本科二批次,理科,,,380,,
7036,山西大同大学,2025,新疆,国家及地方专项、南疆单列、对口援疆计划本科二批次,理科,,,313,,
7073,哈尔滨理工大学,2025,新疆,国家及地方专项、南疆单列、对口援疆计划本科二批次,理科,,,312,,
7080,齐齐哈尔大学,2025,新疆,国家及地方专项、南疆单列、对口援疆计划本科二批次,理科,,,327,,
7106,江苏师范大学,2025,新疆,国家及地方专项、南疆单列、对口援疆计划本科二批次,理科,,,358,,
7107,淮阴师范学院,2025,新疆,国家及地方专项、南疆单列、对口援疆计划本科二批次,理科,,,384,,
7111,苏州工学院,2025,新疆,国家及地方专项、南疆单列、对口援疆计划本科二批次,理科,,,416,,
7115,浙江海洋大学,2025,新疆,国家及地方专项、南疆单列、对口援疆计划本科二批次,理科,,,395,,
7124,嘉兴大学,2025,新疆,国家及地方专项、南疆单列、对口援疆计划本科二批次,理科,,,371,,
7162,聊城大学,2025,新疆,国家及地方专项、南疆单列、对口援疆计划本科二批次,理科,,,339,,
7165,泰山学院,2025,新疆,国家及地方专项、南疆单列、对口援疆计划本科二批次,理科,,,337,,
7174,河南科技学院,2025,新疆,国家及地方专项、南疆单列、对口援疆计划本科二批次,理科,,,328,,
7192,汉江师范学院,2025,新疆,国家及地方专项、南疆单列、对口援疆计划本科二批次,理科,,,323,,
7193,湖北汽车工业学院,2025,新疆,国家及地方专项、南疆单列、对口援疆计划本科二批次,理科,,,375,,
7216,西华大学,2025,新疆,国家及地方专项、南疆单列、对口援疆计划本科二批次,理科,,,386,22540,
7227,沈阳大学,2025,新疆,国家及地方专项、南疆单列、对口援疆计划本科二批次,理科,,,359,,
7231,浙江科技大学,2025,新疆,国家及地方专项、南疆单列、对口援疆计划本科二批次,理科,,,351,,
7236,洛阳理工学院,2025,新疆,国家及地方专项、南疆单列、对口援疆计划本科二批次,理科,,,382,,
7253,河北金融学院,2025,新疆,国家及地方专项、南疆单列、对口援疆计划本科二批次,理科,,,306,,
7270,南阳理工学院,2025,新疆,国家及地方专项、南疆单列、对口援疆计划本科二批次,理科,,,371,,
7271,武汉商学院,2025,新疆,国家及地方专项、南疆单列、对口援疆计划本科二批次,理科,,,354,26873,
7419,北华大学,2025,新疆,国家及地方专项、南疆单列、对口援疆计划本科二批次,理科,,,317,,
8024,河北医科大学,2025,新疆,国家及地方专项、南疆单列、对口援疆计划本科二批次,理科,,,423,,
1005,北京工业大学,2025,新疆,本科一批,理科,,,539,3306,
1008,北京科技大学,2025,新疆,本科一批,理科,,,571,1356,
1009,北方工业大学,2025,新疆,本科一批,理科,,,390,,
1010,北京化工大学,2025,新疆,本科一批,理科,,,545,2523,
1013,北京邮电大学,2025,新疆,本科一批,理科,,,495,,
1015,北京建筑大学,2025,新疆,本科一批,理科,,,379,,
1020,北京林业大学,2025,新疆,本科一批,理科,,,401,,
1023,北京中医药大学,2025,新疆,本科一批,理科,,,460,,
1027,北京外国语大学,2025,新疆,本科一批,理科,,,549,1391,
1030,中国传媒大学,2025,新疆,本科一批,理科,,,561,2980,
1031,中央财经大学,2025,新疆,本科一批,理科,,,575,1283,
1032,对外经济贸易大学,2025,新疆,本科一批,理科,,,568,2327,
1033,北京物资学院,2025,新疆,本科一批,理科,,,435,10499,
1034,首都经济贸易大学,2025,新疆,本科一批,理科,,,513,7027,
1039,北京体育大学,2025,新疆,本科一批,理科,,,502,7408,
1042,中央美术学院,2025,新疆,本科一批,理科,,,452,13998,
1047,中央民族大学,2025,新疆,本科一批,理科,,,541,3436,
1049,华北电力大学（北京）,2025,新疆,本科一批,理科,,,539,1673,
1053,天津工业大学,2025,新疆,本科一批,理科,,,481,5736,
1059,天津师范大学,2025,新疆,本科一批,理科,,,421,11362,
1070,华北水利水电大学,2025,新疆,本科一批,理科,,,456,10034,
1071,华北电力大学（保定）,2025,新疆,本科一批,理科,,,551,2179,
1072,河北工业大学,2025,新疆,本科一批,理科,,,531,3088,
1073,华北理工大学,2025,新疆,本科一批,理科,,,446,8513,
1091,石家庄铁道大学,2025,新疆,本科一批,理科,,,485,8397,
1094,中北大学,2025,新疆,本科一批,理科,,,464,7694,
1107,内蒙古大学,2025,新疆,本科一批,理科,,,433,13207,
1127,大连海事大学,2025,新疆,本科一批,理科,,,530,,
1129,沈阳建筑大学,2025,新疆,本科一批,理科,,,431,13599,
1135,大连医科大学,2025,新疆,本科一批,理科,,,497,6340,
1136,辽宁中医药大学,2025,新疆,本科一批,理科,,,479,10623,
1144,大连外国语大学,2025,新疆,本科一批,理科,,,421,11827,
1154,吉林大学,2025,新疆,本科一批,理科,,,566,1003,
1155,延边大学,2025,新疆,本科一批,理科,,,450,,
1156,长春理工大学,2025,新疆,本科一批,理科,,,432,7223,
1163,东北师范大学,2025,新疆,本科一批,理科,,,439,6864,
1173,黑龙江大学,2025,新疆,本科一批,理科,,,440,15218,
1176,燕山大学,2025,新疆,本科一批,理科,,,508,6421,
1179,东北石油大学,2025,新疆,本科一批,理科,,,391,10265,
1182,东北农业大学,2025,新疆,本科一批,理科,,,477,,
1183,东北林业大学,2025,新疆,本科一批,理科,,,439,6864,
1184,哈尔滨医科大学,2025,新疆,本科一批,理科,,,507,3621,
1200,华东理工大学,2025,新疆,本科一批,理科,,,458,,
1201,上海理工大学,2025,新疆,本科一批,理科,,,512,,
1202,上海海事大学,2025,新疆,本科一批,理科,,,376,,
1206,上海健康医学院,2025,新疆,本科一批,理科,,,440,,
1207,上海海洋大学,2025,新疆,本科一批,理科,,,374,4021,
1208,上海中医药大学,2025,新疆,本科一批,理科,,,442,,
1209,华东师范大学,2025,新疆,本科一批,理科,,,444,,
1210,上海师范大学,2025,新疆,本科一批,理科,,,455,,
1212,上海财经大学,2025,新疆,本科一批,理科,,,586,1029,
1213,上海对外经贸大学,2025,新疆,本科一批,理科,,,498,6499,
1216,华东政法大学,2025,新疆,本科一批,理科,,,543,4364,
1219,上海戏剧学院,2025,新疆,本科一批,理科,,,514,6942,
1220,上海大学,2025,新疆,本科一批,理科,,,551,3496,
1223,苏州大学,2025,新疆,本科一批,理科,,,564,1714,
1224,东南大学,2025,新疆,本科一批,理科,,,630,296,
1226,南京理工大学,2025,新疆,本科一批,理科,,,580,1426,
1227,江苏科技大学,2025,新疆,本科一批,理科,,,442,,
1229,南京工业大学,2025,新疆,本科一批,理科,,,458,7223,
1230,常州大学,2025,新疆,本科一批,理科,,,451,10150,
1233,江南大学,2025,新疆,本科一批,理科,,,540,3813,
1235,江苏大学,2025,新疆,本科一批,理科,,,481,5485,
1236,南京信息工程大学,2025,新疆,本科一批,理科,,,410,,
1238,南通大学,2025,新疆,本科一批,理科,,,525,5971,
1245,南京师范大学,2025,新疆,本科一批,理科,,,505,4591,
1253,苏州科技大学,2025,新疆,本科一批,理科,,,456,9141,
1257,浙江工业大学,2025,新疆,本科一批,理科,,,473,10845,
1260,浙江农林大学,2025,新疆,本科一批,理科,,,434,13863,
1262,浙江中医药大学,2025,新疆,本科一批,理科,,,542,4591,
1265,湖州师范学院,2025,新疆,本科一批,理科,,,457,13341,
1270,浙江工商大学,2025,新疆,本科一批,理科,,,468,9922,
1273,中国计量大学,2025,新疆,本科一批,理科,,,511,6164,
1276,合肥工业大学,2025,新疆,本科一批,理科,,,510,6421,
1281,安徽医科大学,2025,新疆,本科一批,理科,,,510,4671,
1293,安徽财经大学,2025,新疆,本科一批,理科,,,423,12457,
1298,厦门大学,2025,新疆,本科一批,理科,,,604,1051,
1299,华侨大学,2025,新疆,本科一批,理科,,,439,8287,
1302,福建农林大学,2025,新疆,本科一批,理科,,,360,17182,
1314,东华理工大学,2025,新疆,本科一批,理科,,,431,10385,
1327,山东大学,2025,新疆,本科一批,理科,,,555,970,
1328,中国海洋大学,2025,新疆,本科一批,理科,,,546,2429,
1330,中国石油大学（华东）,2025,新疆,本科一批,理科,,,525,3188,
1331,青岛科技大学,2025,新疆,本科一批,理科,,,431,9922,
1379,河南财经政法大学,2025,新疆,本科一批,理科,,,428,9481,
1383,武汉科技大学,2025,新疆,本科一批,理科,,,471,,
1386,中国地质大学（武汉）,2025,新疆,本科一批,理科,,,408,,
1393,华中师范大学,2025,新疆,本科一批,理科,,,418,,
1394,湖北大学,2025,新疆,本科一批,理科,,,446,13734,
1400,中南财经政法大学,2025,新疆,本科一批,理科,,,537,4084,
1406,湘潭大学,2025,新疆,本科一批,理科,,,487,6864,
1409,中南大学,2025,新疆,本科一批,理科,,,572,1003,
1411,长沙理工大学,2025,新疆,本科一批,理科,,,486,4084,
1413,中南林业科技大学,2025,新疆,本科一批,理科,,,364,11700,
1415,湖南师范大学,2025,新疆,本科一批,理科,,,513,6595,
1425,南华大学,2025,新疆,本科一批,理科,,,437,14955,
1430,华南农业大学,2025,新疆,本科一批,理科,,,470,8397,
1447,海南大学,2025,新疆,本科一批,理科,,,458,5316,
1448,深圳大学,2025,新疆,本科一批,理科,,,549,2085,
1450,广西大学,2025,新疆,本科一批,理科,,,481,,
1466,四川大学,2025,新疆,本科一批,理科,,,519,626,
1468,西南交通大学,2025,新疆,本科一批,理科,,,553,2136,
1470,西南石油大学,2025,新疆,本科一批,理科,,,488,6164,
1473,重庆交通大学,2025,新疆,本科一批,理科,,,462,9045,
1474,西南科技大学,2025,新疆,本科一批,理科,,,442,9922,
1481,重庆医科大学,2025,新疆,本科一批,理科,,,422,4753,
1482,西南医科大学,2025,新疆,本科一批,理科,,,425,5816,
1484,川北医学院,2025,新疆,本科一批,理科,,,421,13341,
1486,四川师范大学,2025,新疆,本科一批,理科,,,425,,
1499,西南财经大学,2025,新疆,本科一批,理科,,,545,2085,
1504,西南民族大学,2025,新疆,本科一批,理科,,,432,10150,
1505,贵州大学,2025,新疆,本科一批,理科,,,442,7323,
1520,昆明理工大学,2025,新疆,本科一批,理科,,,441,10034,
1539,西北大学,2025,新疆,本科一批,理科,,,522,4512,
1540,西安交通大学,2025,新疆,本科一批,理科,,,532,,
1543,西安电子科技大学,2025,新疆,本科一批,理科,,,583,1180,
1549,西安工程大学,2025,新疆,本科一批,理科,,,434,,
1560,西北政法大学,2025,新疆,本科一批,理科,,,497,5971,
1564,兰州大学,2025,新疆,本科一批,理科,,,467,2641,
1576,青海大学,2025,新疆,本科一批,理科,,,433,5896,
1579,宁夏大学,2025,新疆,本科一批,理科,,,430,17051,
1582,新疆大学,2025,新疆,本科一批,理科,,,431,6340,
1585,石河子大学,2025,新疆,本科一批,理科,,,434,7609,
1678,上海立信会计金融学院,2025,新疆,本科一批,理科,,,495,6687,
1692,青岛大学,2025,新疆,本科一批,理科,,,441,10845,
1699,江汉大学,2025,新疆,本科一批,理科,,,483,10150,
1703,广州大学,2025,新疆,本科一批,理科,,,518,6421,
1715,扬州大学,2025,新疆,本科一批,理科,,,450,7323,
1768,中国矿业大学（北京）,2025,新疆,本科一批,理科,,,516,5152,
1769,中国石油大学（北京）,2025,新疆,本科一批,理科,,,546,,
1770,中国地质大学（北京）,2025,新疆,本科一批,理科,,,506,3884,
1812,湖南工业大学,2025,新疆,本科一批,理科,,,355,8616,
1843,宁波大学,2025,新疆,本科一批,理科,,,506,6499,
1849,海南师范大学,2025,新疆,本科一批,理科,,,422,14955,
1853,西安邮电大学,2025,新疆,本科一批,理科,,,516,5407,
1873,重庆工商大学,2025,新疆,本科一批,理科,,,440,13998,
1880,海南医科大学,2025,新疆,本科一批,理科,,,507,,
1894,上海政法学院,2025,新疆,本科一批,理科,,,402,,
1922,大连民族大学,2025,新疆,本科一批,理科,,,441,13599,
1957,南方医科大学,2025,新疆,本科一批,理科,,,434,626,
3654,西交利物浦大学,2025,新疆,本科一批,理科,,,432,16792,
3666,北京大学医学部,2025,新疆,本科一批,理科,,,638,,
3679,中国石油大学（北京）克拉玛依校区,2025,新疆,本科一批,理科,,,486,7114,
3680,山东大学（威海）,2025,新疆,本科一批,理科,,,539,3436,
5082,浙江师范大学,2025,新疆,本科一批,理科,,,430,16338,
5097,武汉理工大学,2025,新疆,本科一批,理科,,,555,2276,
6137,江西理工大学,2025,新疆,本科一批,理科,,,454,,
7050,沈阳农业大学,2025,新疆,本科一批,理科,,,422,16036,
7097,南京邮电大学,2025,新疆,本科一批,理科,,,566,2641,
7117,温州医科大学,2025,新疆,本科一批,理科,,,523,,
7176,河南医药大学,2025,新疆,本科一批,理科,,,408,,
7252,北京联合大学,2025,新疆,本科一批,理科,,,473,11362,
8017,中国民航大学,2025,新疆,本科一批,理科,,,518,,
8224,哈尔滨工业大学（威海）,2025,新疆,本科一批,理科,,,616,602,
1016,北京石油化工学院,2025,新疆,本科二批,理科,,,437,15749,
1058,天津农学院,2025,新疆,本科二批,理科,,,375,22171,
1060,天津职业技术师范大学,2025,新疆,本科二批,理科,,,379,19350,
1068,河北工程大学,2025,新疆,本科二批,理科,,,346,,
1070,华北水利水电大学,2025,新疆,本科二批,理科,,,403,18404,
1073,华北理工大学,2025,新疆,本科二批,理科,,,405,21009,
1074,河北科技大学,2025,新疆,本科二批,理科,,,385,23049,
1075,河北建筑工程学院,2025,新疆,本科二批,理科,,,353,29747,
1099,山西师范大学,2025,新疆,本科二批,理科,,,310,,
1103,长治学院,2025,新疆,本科二批,理科,,,389,23755,
1104,运城学院,2025,新疆,本科二批,理科,,,322,36397,
1108,内蒙古科技大学,2025,新疆,本科二批,理科,,,362,19513,
1109,内蒙古工业大学,2025,新疆,本科二批,理科,,,355,29382,
1110,内蒙古农业大学,2025,新疆,本科二批,理科,,,354,19897,
1115,内蒙古财经大学,2025,新疆,本科二批,理科,,,368,26508,
1119,沈阳航空航天大学,2025,新疆,本科二批,理科,,,386,21999,
1120,沈阳理工大学,2025,新疆,本科二批,理科,,,423,13998,
1124,辽宁石油化工大学,2025,新疆,本科二批,理科,,,397,15749,
1125,沈阳化工大学,2025,新疆,本科二批,理科,,,380,19513,
1128,大连工业大学,2025,新疆,本科二批,理科,,,374,,
1130,辽宁工业大学,2025,新疆,本科二批,理科,,,345,24636,
1139,辽宁师范大学,2025,新疆,本科二批,理科,,,354,22724,
1142,鞍山师范学院,2025,新疆,本科二批,理科,,,342,24967,
1157,东北电力大学,2025,新疆,本科二批,理科,,,464,12080,
1158,长春工业大学,2025,新疆,本科二批,理科,,,403,16792,
1159,吉林建筑大学,2025,新疆,本科二批,理科,,,359,26508,
1160,吉林化工大学,2025,新疆,本科二批,理科,,,326,23930,
1161,吉林农业大学,2025,新疆,本科二批,理科,,,369,23755,
1162,长春中医药大学,2025,新疆,本科二批,理科,,,388,22540,
1166,吉林师范大学,2025,新疆,本科二批,理科,,,369,26142,
1167,吉林工程技术师范学院,2025,新疆,本科二批,理科,,,298,33887,
1168,长春师范大学,2025,新疆,本科二批,理科,,,325,,
1170,吉林财经大学,2025,新疆,本科二批,理科,,,377,16792,
1180,佳木斯大学,2025,新疆,本科二批,理科,,,325,30917,
1181,黑龙江八一农垦大学,2025,新疆,本科二批,理科,,,341,27418,
1185,黑龙江中医药大学,2025,新疆,本科二批,理科,,,376,21009,
1190,哈尔滨学院,2025,新疆,本科二批,理科,,,344,31102,
1191,大庆师范学院,2025,新疆,本科二批,理科,,,343,,
1192,绥化学院,2025,新疆,本科二批,理科,,,325,30343,
1194,哈尔滨商业大学,2025,新疆,本科二批,理科,,,362,22724,
1238,南通大学,2025,新疆,本科二批,理科,,,403,19028,
1265,湖州师范学院,2025,新疆,本科二批,理科,,,388,18848,
1267,台州学院,2025,新疆,本科二批,理科,,,371,20699,
1268,温州大学,2025,新疆,本科二批,理科,,,420,17443,
1280,安徽农业大学,2025,新疆,本科二批,理科,,,408,17919,
1283,皖南医学院,2025,新疆,本科二批,理科,,,398,19028,
1296,淮南师范学院,2025,新疆,本科二批,理科,,,320,,
1303,集美大学,2025,新疆,本科二批,理科,,,432,14401,
1318,江西农业大学,2025,新疆,本科二批,理科,,,390,18039,
1324,赣南师范大学,2025,新疆,本科二批,理科,,,313,,
1329,山东科技大学,2025,新疆,本科二批,理科,,,403,16792,
1332,济南大学,2025,新疆,本科二批,理科,,,443,15218,
1333,青岛理工大学,2025,新疆,本科二批,理科,,,422,12951,
1337,山东农业大学,2025,新疆,本科二批,理科,,,390,20388,
1338,青岛农业大学,2025,新疆,本科二批,理科,,,381,23225,
1339,山东第二医科大学,2025,新疆,本科二批,理科,,,348,19897,
1340,山东第一医科大学,2025,新疆,本科二批,理科,,,421,18209,
1341,滨州医学院,2025,新疆,本科二批,理科,,,305,,
1347,曲阜师范大学,2025,新疆,本科二批,理科,,,282,28103,
1349,德州学院,2025,新疆,本科二批,理科,,,354,29021,
1350,山东航空学院,2025,新疆,本科二批,理科,,,429,17182,
1351,鲁东大学,2025,新疆,本科二批,理科,,,394,18404,
1352,临沂大学,2025,新疆,本科二批,理科,,,337,33459,
1356,山东财经大学,2025,新疆,本科二批,理科,,,419,16036,
1360,河南理工大学,2025,新疆,本科二批,理科,,,418,16036,
1361,郑州轻工业大学,2025,新疆,本科二批,理科,,,425,16792,
1362,河南工业大学,2025,新疆,本科二批,理科,,,378,17051,
1375,许昌学院,2025,新疆,本科二批,理科,,,310,,
1376,南阳师范学院,2025,新疆,本科二批,理科,,,363,26691,
1380,郑州航空工业管理学院,2025,新疆,本科二批,理科,,,403,16338,
1388,武汉轻工大学,2025,新疆,本科二批,理科,,,416,17690,
1397,湖北民族大学,2025,新疆,本科二批,理科,,,424,17804,
1399,湖北文理学院,2025,新疆,本科二批,理科,,,390,22344,
1422,湖南科技学院,2025,新疆,本科二批,理科,,,376,26142,
1452,桂林电子科技大学,2025,新疆,本科二批,理科,,,452,12080,
1453,桂林理工大学,2025,新疆,本科二批,理科,,,361,23049,
1457,桂林医科大学,2025,新疆,本科二批,理科,,,386,15348,
1458,广西师范大学,2025,新疆,本科二批,理科,,,368,25135,
1478,中国民用航空飞行学院,2025,新疆,本科二批,理科,,,334,9599,
1481,重庆医科大学,2025,新疆,本科二批,理科,,,408,17804,
1483,成都中医药大学,2025,新疆,本科二批,理科,,,406,19717,
1487,重庆师范大学,2025,新疆,本科二批,理科,,,414,18632,
1489,绵阳师范学院,2025,新疆,本科二批,理科,,,378,22875,
1491,宜宾学院,2025,新疆,本科二批,理科,,,385,20543,
1492,重庆文理学院,2025,新疆,本科二批,理科,,,398,16488,
1494,四川文理学院,2025,新疆,本科二批,理科,,,378,24806,
1496,长江师范学院,2025,新疆,本科二批,理科,,,357,22724,
1517,贵州财经大学,2025,新疆,本科二批,理科,,,386,22875,
1522,西南林业大学,2025,新疆,本科二批,理科,,,377,18632,
1523,昆明医科大学,2025,新疆,本科二批,理科,,,422,13077,
1524,大理大学,2025,新疆,本科二批,理科,,,348,17051,
1554,延安大学,2025,新疆,本科二批,理科,,,326,,
1555,陕西理工大学,2025,新疆,本科二批,理科,,,408,,
1566,兰州交通大学,2025,新疆,本科二批,理科,,,314,10385,
1568,甘肃中医药大学,2025,新疆,本科二批,理科,,,384,17443,
1569,西北师范大学,2025,新疆,本科二批,理科,,,402,16186,
1572,天水师范大学,2025,新疆,本科二批,理科,,,292,,
1573,河西学院,2025,新疆,本科二批,理科,,,335,25942,
1574,兰州财经大学,2025,新疆,本科二批,理科,,,370,11250,
1581,宁夏师范大学,2025,新疆,本科二批,理科,,,310,,
1588,喀什大学,2025,新疆,本科二批,理科,,,314,24465,
1594,河北科技师范学院,2025,新疆,本科二批,理科,,,322,32632,
1596,吕梁学院,2025,新疆,本科二批,理科,,,342,30136,
1601,齐鲁医药学院,2025,新疆,本科二批,理科,,,311,21999,
1627,上海工程技术大学,2025,新疆,本科二批,理科,,,416,14401,
1644,浙江万里学院,2025,新疆,本科二批,理科,,,372,21829,
1656,湖北医药学院,2025,新疆,本科二批,理科,,,379,19028,
1663,吉林外国语大学,2025,新疆,本科二批,理科,,,296,37551,
1678,上海立信会计金融学院,2025,新疆,本科二批,理科,,,362,13341,
1679,金陵科技学院,2025,新疆,本科二批,理科,,,417,,
1684,徐州工程学院,2025,新疆,本科二批,理科,,,389,23755,
1686,常州工学院,2025,新疆,本科二批,理科,,,410,19897,
1691,厦门理工学院,2025,新疆,本科二批,理科,,,408,19028,
1695,郑州工程技术学院,2025,新疆,本科二批,理科,,,345,31862,
1705,西安文理学院,2025,新疆,本科二批,理科,,,392,20232,
1707,海南热带海洋学院,2025,新疆,本科二批,理科,,,374,24465,
1710,广州航海学院,2025,新疆,本科二批,理科,,,325,,
1718,中华女子学院,2025,新疆,本科二批,理科,,,398,21171,
1719,齐齐哈尔医学院,2025,新疆,本科二批,理科,,,362,24967,
1728,吉林工商学院,2025,新疆,本科二批,理科,,,342,25745,
1735,三明学院,2025,新疆,本科二批,理科,,,312,26324,
1736,龙岩学院,2025,新疆,本科二批,理科,,,317,30533,
1741,江西科技师范大学,2025,新疆,本科二批,理科,,,365,27764,
1742,江西水利电力大学,2025,新疆,本科二批,理科,,,395,20067,
1744,信阳农林学院,2025,新疆,本科二批,理科,,,340,30343,
1745,河南工学院,2025,新疆,本科二批,理科,,,373,24806,
1746,安阳工学院,2025,新疆,本科二批,理科,,,349,29566,
1753,五邑大学,2025,新疆,本科二批,理科,,,414,17919,
1757,攀枝花学院,2025,新疆,本科二批,理科,,,365,26142,
1762,榆林学院,2025,新疆,本科二批,理科,,,358,24109,
1764,安康学院,2025,新疆,本科二批,理科,,,348,27599,
1765,西安培华学院,2025,新疆,本科二批,理科,,,309,,
1766,甘肃政法大学,2025,新疆,本科二批,理科,,,390,17313,
1767,北方民族大学,2025,新疆,本科二批,理科,,,329,,
1775,集宁师范学院,2025,新疆,本科二批,理科,,,324,36013,
1777,辽宁科技学院,2025,新疆,本科二批,理科,,,336,21334,
1779,长春汽车职业技术大学,2025,新疆,本科二批,理科,,,362,27929,
1780,长春工程学院,2025,新疆,本科二批,理科,,,329,17919,
1783,吉林警察学院,2025,新疆,本科二批,理科,,,381,,
1784,黑龙江工业学院,2025,新疆,本科二批,理科,,,326,28103,
1792,浙江水利水电学院,2025,新疆,本科二批,理科,,,406,18848,
1803,新余学院,2025,新疆,本科二批,理科,,,338,22875,
1804,山东交通学院,2025,新疆,本科二批,理科,,,401,19028,
1805,河南工程学院,2025,新疆,本科二批,理科,,,294,31862,
1809,湖南工学院,2025,新疆,本科二批,理科,,,377,19897,
1815,电子科技大学中山学院,2025,新疆,本科二批,理科,,,269,,
1820,重庆科技大学,2025,新疆,本科二批,理科,,,422,15749,
1840,沈阳工程学院,2025,新疆,本科二批,理科,,,409,17919,
1844,浙江传媒学院,2025,新疆,本科二批,理科,,,415,14541,
1848,广东石油化工学院,2025,新疆,本科二批,理科,,,408,18632,
1849,海南师范大学,2025,新疆,本科二批,理科,,,403,21334,
1850,重庆理工大学,2025,新疆,本科二批,理科,,,436,14401,
1854,山东工商学院,2025,新疆,本科二批,理科,,,382,17051,
1855,呼和浩特民族学院,2025,新疆,本科二批,理科,,,324,29566,
1856,长春大学,2025,新疆,本科二批,理科,,,386,21829,
1859,西安航空学院,2025,新疆,本科二批,理科,,,401,19188,
1862,防灾科技学院,2025,新疆,本科二批,理科,,,390,,
1876,甘肃医学院,2025,新疆,本科二批,理科,,,361,25328,
1880,海南医科大学,2025,新疆,本科二批,理科,,,378,,
1895,桂林旅游学院,2025,新疆,本科二批,理科,,,347,30716,
1899,浙江树人学院,2025,新疆,本科二批,理科,,,280,39300,
1900,九江学院,2025,新疆,本科二批,理科,,,309,25536,
1903,佛山大学,2025,新疆,本科二批,理科,,,374,26508,
1922,大连民族大学,2025,新疆,本科二批,理科,,,413,16036,
1926,上海第二工业大学,2025,新疆,本科二批,理科,,,345,,
1929,南京特殊教育师范学院,2025,新疆,本科二批,理科,,,327,21334,
1931,上海商学院,2025,新疆,本科二批,理科,,,395,18848,
2024,中国劳动关系学院,2025,新疆,本科二批,理科,,,404,17804,
2087,重庆工程学院,2025,新疆,本科二批,理科,,,283,34666,
2107,成都东软学院,2025,新疆,本科二批,理科,,,323,36209,
2159,西京学院,2025,新疆,本科二批,理科,,,304,,
2173,齐齐哈尔工程学院,2025,新疆,本科二批,理科,,,260,44261,
2225,河北传媒学院,2025,新疆,本科二批,理科,,,317,37369,
2424,杭州医学院,2025,新疆,本科二批,理科,,,383,18848,
2482,厦门工学院,2025,新疆,本科二批,理科,,,367,27764,
2496,大连理工大学城市学院,2025,新疆,本科二批,理科,,,260,34077,
2501,大连科技学院,2025,新疆,本科二批,理科,,,280,39300,
2504,大连医科大学中山学院,2025,新疆,本科二批,理科,,,273,37895,
2515,武汉工程大学邮电与信息工程学院,2025,新疆,本科二批,理科,,,282,40038,
2518,武汉工商学院,2025,新疆,本科二批,理科,,,309,33036,
2535,浙江工业大学之江学院,2025,新疆,本科二批,理科,,,307,36013,
2537,宁波大学科学技术学院,2025,新疆,本科二批,理科,,,284,38075,
2538,杭州电子科技大学信息工程学院,2025,新疆,本科二批,理科,,,369,19897,
2541,浙江农林大学暨阳学院,2025,新疆,本科二批,理科,,,277,38075,
2548,浙江工商大学杭州商学院,2025,新疆,本科二批,理科,,,324,27764,
2549,嘉兴南湖学院,2025,新疆,本科二批,理科,,,398,19513,
2572,滇池学院,2025,新疆,本科二批,理科,,,262,37184,
2574,昆明城市学院,2025,新疆,本科二批,理科,,,260,,
2575,昆明医科大学海源学院,2025,新疆,本科二批,理科,,,281,32843,
2593,山东石油化工学院,2025,新疆,本科二批,理科,,,399,19188,
2630,南昌交通学院,2025,新疆,本科二批,理科,,,282,36773,
2633,赣南科技学院,2025,新疆,本科二批,理科,,,366,24109,
2636,南昌医学院,2025,新疆,本科二批,理科,,,412,17443,
2648,厦门大学嘉庚学院,2025,新疆,本科二批,理科,,,339,26324,
2653,黄河交通学院,2025,新疆,本科二批,理科,,,287,42911,
2661,新乡工程学院,2025,新疆,本科二批,理科,,,289,40378,
2681,晋中信息学院,2025,新疆,本科二批,理科,,,287,35633,
2685,重庆人文科技学院,2025,新疆,本科二批,理科,,,282,37184,
2689,新疆科技学院,2025,新疆,本科二批,理科,,,329,25536,
2696,西安交通工程学院,2025,新疆,本科二批,理科,,,300,36773,
2707,重庆外语外事学院,2025,新疆,本科二批,理科,,,303,37184,
2709,重庆财经学院,2025,新疆,本科二批,理科,,,330,23930,
2712,石家庄铁道大学四方学院,2025,新疆,本科二批,理科,,,328,29382,
2724,长春建筑学院,2025,新疆,本科二批,理科,,,273,33674,
2725,长春科技学院,2025,新疆,本科二批,理科,,,263,36577,
2730,蚌埠工商学院,2025,新疆,本科二批,理科,,,300,38275,
2742,长春大学旅游学院,2025,新疆,本科二批,理科,,,286,41853,
2746,重庆移通学院,2025,新疆,本科二批,理科,,,306,29747,
2750,大连东软信息学院,2025,新疆,本科二批,理科,,,260,43077,
2760,桂林学院,2025,新疆,本科二批,理科,,,284,,
2777,天津外国语大学滨海外事学院,2025,新疆,本科二批,理科,,,267,41478,
2779,天津商业大学宝德学院,2025,新疆,本科二批,理科,,,281,39491,
2780,天津医科大学临床医学院,2025,新疆,本科二批,理科,,,297,30716,
2781,长春人文学院,2025,新疆,本科二批,理科,,,283,43077,
2785,武汉华夏理工学院,2025,新疆,本科二批,理科,,,260,37551,
2789,成都银杏酒店管理学院,2025,新疆,本科二批,理科,,,282,40557,
2798,西安建筑科技大学华清学院,2025,新疆,本科二批,理科,,,280,37724,
2857,黑河学院,2025,新疆,本科二批,理科,,,324,33459,
2875,福建江夏学院,2025,新疆,本科二批,理科,,,369,23225,
2920,琼台师范学院,2025,新疆,本科二批,理科,,,320,,
2979,西安明德理工学院,2025,新疆,本科二批,理科,,,290,37724,
2988,成都锦城学院,2025,新疆,本科二批,理科,,,339,32051,
3065,苏州大学应用技术学院,2025,新疆,本科二批,理科,,,295,33253,
3114,西南财经大学天府学院,2025,新疆,本科二批,理科,,,309,36577,
3294,西南交通大学希望学院,2025,新疆,本科二批,理科,,,283,35238,
3305,浙江外国语学院,2025,新疆,本科二批,理科,,,360,25745,
3407,陕西学前师范学院,2025,新疆,本科二批,理科,,,377,,
3446,营口理工学院,2025,新疆,本科二批,理科,,,333,26324,
3520,山西工程技术学院,2025,新疆,本科二批,理科,,,350,23930,
3879,兰州资源环境职业技术大学,2025,新疆,本科二批,理科,,,330,32240,
3902,山西医药学院,2025,新疆,本科二批,理科,,,387,,
5131,新疆艺术学院,2025,新疆,本科二批,理科,,,324,36013,
6179,广东技术师范大学,2025,新疆,本科二批,理科,,,324,,
7024,河北师范大学,2025,新疆,本科二批,理科,,,319,,
7033,山西农业大学,2025,新疆,本科二批,理科,,,383,23930,
7080,齐齐哈尔大学,2025,新疆,本科二批,理科,,,336,20543,
7107,淮阴师范学院,2025,新疆,本科二批,理科,,,384,22724,
7115,浙江海洋大学,2025,新疆,本科二批,理科,,,395,17690,
7117,温州医科大学,2025,新疆,本科二批,理科,,,400,,
7124,嘉兴大学,2025,新疆,本科二批,理科,,,414,17051,
7134,福建理工大学,2025,新疆,本科二批,理科,,,401,20067,
7139,福建师范大学,2025,新疆,本科二批,理科,,,390,19028,
7162,聊城大学,2025,新疆,本科二批,理科,,,404,20852,
7172,中原工学院,2025,新疆,本科二批,理科,,,360,24109,
7176,河南医药大学,2025,新疆,本科二批,理科,,,370,,
7178,河南师范大学,2025,新疆,本科二批,理科,,,410,20232,
7227,沈阳大学,2025,新疆,本科二批,理科,,,381,21829,
7231,浙江科技大学,2025,新疆,本科二批,理科,,,351,18039,
7236,洛阳理工学院,2025,新疆,本科二批,理科,,,399,19188,
7253,河北金融学院,2025,新疆,本科二批,理科,,,394,20699,
7270,南阳理工学院,2025,新疆,本科二批,理科,,,335,22540,
7273,河南城建学院,2025,新疆,本科二批,理科,,,330,24806,
7274,辽东学院,2025,新疆,本科二批,理科,,,344,25745,
7297,浙江理工大学科技与艺术学院,2025,新疆,本科二批,理科,,,297,35238,
7327,湖北第二师范学院,2025,新疆,本科二批,理科,,,332,32240,
7328,太原工业学院,2025,新疆,本科二批,理科,,,374,23755,
7419,北华大学,2025,新疆,本科二批,理科,,,311,,
7439,大连大学,2025,新疆,本科二批,理科,,,323,16488,
8024,河北医科大学,2025,新疆,本科二批,理科,,,432,14683,
,云南农业大学,2025,新疆,本科二批,理科,,,406,13863,
1035,中国消防救援学院,2025,新疆,本科提前批,理科,,,450,,
1037,中国人民公安大学,2025,新疆,本科提前批,理科,,,433,,
1146,中国刑事警察学院,2025,新疆,本科提前批,理科,,,450,,
1163,东北师范大学,2025,新疆,本科提前批,理科,,,496,,
1209,华东师范大学,2025,新疆,本科提前批,理科,,,573,,
1393,华中师范大学,2025,新疆,本科提前批,理科,,,463,,
1573,河西学院,2025,新疆,本科提前批,理科,,,360,,
1583,塔里木大学,2025,新疆,本科提前批,理科,,,426,,
1585,石河子大学,2025,新疆,本科提前批,理科,,,421,,
1760,云南警官学院,2025,新疆,本科提前批,理科,,,363,,
3682,西南大学,2025,新疆,本科提前批,理科,,,509,,
3956,中国人民解放军陆军军医大学,2025,新疆,本科提前批,理科,,,524,,
3972,武警警官学院,2025,新疆,本科提前批,理科,,,489,,
1010,北京化工大学,2025,新疆,高校专项计划批,理科,,,529,,
1020,北京林业大学,2025,新疆,高校专项计划批,理科,,,458,,
1031,中央财经大学,2025,新疆,高校专项计划批,理科,,,540,,
1127,大连海事大学,2025,新疆,高校专项计划批,理科,,,476,,
1154,吉林大学,2025,新疆,高校专项计划批,理科,,,480,,
1200,华东理工大学,2025,新疆,高校专项计划批,理科,,,538,,
1209,华东师范大学,2025,新疆,高校专项计划批,理科,,,509,,
1212,上海财经大学,2025,新疆,高校专项计划批,理科,,,561,,
1226,南京理工大学,2025,新疆,高校专项计划批,理科,,,527,,
1233,江南大学,2025,新疆,高校专项计划批,理科,,,498,,
1298,厦门大学,2025,新疆,高校专项计划批,理科,,,572,,
1328,中国海洋大学,2025,新疆,高校专项计划批,理科,,,557,,
1330,中国石油大学（华东）,2025,新疆,高校专项计划批,理科,,,497,,
1393,华中师范大学,2025,新疆,高校专项计划批,理科,,,458,,
1400,中南财经政法大学,2025,新疆,高校专项计划批,理科,,,435,,
1450,广西大学,2025,新疆,高校专项计划批,理科,,,531,,
1499,西南财经大学,2025,新疆,高校专项计划批,理科,,,500,,
1505,贵州大学,2025,新疆,高校专项计划批,理科,,,425,,
1770,中国地质大学（北京）,2025,新疆,高校专项计划批,理科,,,464,,
3679,中国石油大学（北京）克拉玛依校区,2025,新疆,高校专项计划批,理科,,,481,,
8224,哈尔滨工业大学（威海）,2025,新疆,高校专项计划批,理科,,,583,,
,郑州美术学院,2025,新疆,艺术类本科提前批,艺术类,,,408,,
1483,成都中医药大学,2024,新疆,体育类本科批,体育类,,,95,,
2526,武汉体育学院体育科技学院,2024,新疆,体育类本科批,体育类,,,86,,
2920,琼台师范学院,2024,新疆,体育类本科批,体育类,,,88,,
2977,三亚学院,2024,新疆,体育类本科批,体育类,,,87,,
3114,西南财经大学天府学院,2024,新疆,体育类本科批,体育类,,,86,,
3120,四川文化艺术学院,2024,新疆,体育类本科批,体育类,,,86,,
,沈阳体育学院,2024,新疆,体育类本科批,体育类,,,88,,
1316,江西理工大学,2024,新疆,本科提前批,体育类,,,92,,
1142,鞍山师范学院,2024,新疆,专科批,文科,,,213,,
1143,朝阳师范学院,2024,新疆,专科批,文科,,,275,,
1150,抚顺师范高等专科学校,2024,新疆,专科批,文科,,,184,,
1151,锦州师范高等专科学校,2024,新疆,专科批,文科,,,252,,
1152,营口职业技术学院,2024,新疆,专科批,文科,,,194,,
1153,铁岭师范高等专科学校,2024,新疆,专科批,文科,,,231,,
1193,齐齐哈尔高等师范专科学校,2024,新疆,专科批,文科,,,227,,
1215,上海旅游高等专科学校,2024,新疆,专科批,文科,,,235,,
1453,桂林理工大学,2024,新疆,专科批,文科,,,300,,
1566,兰州交通大学,2024,新疆,专科批,文科,,,367,,
1590,新疆和田学院,2024,新疆,专科批,文科,,,189,,
1600,河南职业技术学院,2024,新疆,专科批,文科,,,273,,
1603,长沙民政职业技术学院,2024,新疆,专科批,文科,,,326,,
1606,湖南工业职业技术学院,2024,新疆,专科批,文科,,,149,,
1607,顺德职业技术大学,2024,新疆,专科批,文科,,,165,,
1608,山东商业职业技术学院,2024,新疆,专科批,文科,,,233,,
1609,广东轻工职业技术大学,2024,新疆,专科批,文科,,,225,,
1618,大连职业技术学院,2024,新疆,专科批,文科,,,250,,
1624,上海东海职业技术学院,2024,新疆,专科批,文科,,,158,,
1625,上海工商职业技术学院,2024,新疆,专科批,文科,,,224,,
1630,天津天狮学院,2024,新疆,专科批,文科,,,141,,
1631,广东交通职业技术学院,2024,新疆,专科批,文科,,,273,,
1632,广东水利电力职业技术学院,2024,新疆,专科批,文科,,,161,,
1635,湖南信息职业技术学院,2024,新疆,专科批,文科,,,269,,
1640,重庆航天职业技术学院,2024,新疆,专科批,文科,,,204,,
1641,内蒙古建筑职业技术大学,2024,新疆,专科批,文科,,,209,,
1647,江西医学高等专科学校,2024,新疆,专科批,文科,,,297,,
1658,长江职业学院,2024,新疆,专科批,文科,,,240,,
1665,陕西农林职业技术大学,2024,新疆,专科批,文科,,,211,,
1669,新疆农业职业技术大学,2024,新疆,专科批,文科,,,221,,
1671,天津市职业大学,2024,新疆,专科批,文科,,,289,,
1675,抚顺职业技术学院,2024,新疆,专科批,文科,,,144,,
1677,牡丹江大学,2024,新疆,专科批,文科,,,208,,
1681,连云港职业技术学院,2024,新疆,专科批,文科,,,198,,
1682,镇江市高等专科学校,2024,新疆,专科批,文科,,,228,,
1696,开封大学,2024,新疆,专科批,文科,,,246,,
1700,荆州理工职业学院,2024,新疆,专科批,文科,,,163,,
1713,广东南华工商职业学院,2024,新疆,专科批,文科,,,215,,
1716,私立华联学院,2024,新疆,专科批,文科,,,140,,
1724,辽宁农业职业技术学院,2024,新疆,专科批,文科,,,164,,
1725,辽阳职业技术学院,2024,新疆,专科批,文科,,,209,,
1726,阜新高等专科学校,2024,新疆,专科批,文科,,,224,,
1738,漳州职业技术学院,2024,新疆,专科批,文科,,,277,,
1748,湖北工业职业技术学院,2024,新疆,专科批,文科,,,276,,
1774,张家口职业技术学院,2024,新疆,专科批,文科,,,230,,
1782,长春金融高等专科学校,2024,新疆,专科批,文科,,,180,,
1800,福州职业技术学院,2024,新疆,专科批,文科,,,207,,
1802,九江职业大学,2024,新疆,专科批,文科,,,270,,
1822,成都纺织高等专科学校,2024,新疆,专科批,文科,,,281,,
1824,昆明冶金高等专科学校,2024,新疆,专科批,文科,,,233,,
1829,乌鲁木齐职业大学,2024,新疆,专科批,文科,,,148,,
1858,上海出版印刷高等专科学校,2024,新疆,专科批,文科,,,282,,
1874,汉口学院,2024,新疆,专科批,文科,,,162,,
1877,陇南师范学院,2024,新疆,专科批,文科,,,261,,
1884,长春医学高等专科学校,2024,新疆,专科批,文科,,,302,,
1905,天津医学高等专科学校,2024,新疆,专科批,文科,,,306,,
1906,重庆电力高等专科学校,2024,新疆,专科批,文科,,,268,,
1912,鹤岗师范高等专科学校,2024,新疆,专科批,文科,,,192,,
1913,安徽第二医学院,2024,新疆,专科批,文科,,,299,,
1915,邢台医学院,2024,新疆,专科批,文科,,,303,,
1916,湖北中医药高等专科学校,2024,新疆,专科批,文科,,,277,,
1918,安徽中医药高等专科学校,2024,新疆,专科批,文科,,,302,,
1921,海南职业技术学院,2024,新疆,专科批,文科,,,213,,
1924,浙江交通职业技术学院,2024,新疆,专科批,文科,,,208,,
1925,广州民航职业技术学院,2024,新疆,专科批,文科,,,293,,
1927,广州职业技术大学,2024,新疆,专科批,文科,,,231,,
1928,江苏经贸职业技术学院,2024,新疆,专科批,文科,,,267,,
1930,吉林交通职业技术学院,2024,新疆,专科批,文科,,,261,,
1932,湖北职业技术学院,2024,新疆,专科批,文科,,,295,,
1934,黑龙江建筑职业技术学院,2024,新疆,专科批,文科,,,194,,
1935,九州职业技术学院,2024,新疆,专科批,文科,,,163,,
1938,包头职业技术学院,2024,新疆,专科批,文科,,,198,,
1942,金华职业技术大学,2024,新疆,专科批,文科,,,246,,
1943,日照职业技术学院,2024,新疆,专科批,文科,,,228,,
1944,盘锦职业技术学院,2024,新疆,专科批,文科,,,202,,
1945,成都航空职业技术大学,2024,新疆,专科批,文科,,,293,,
1953,柳州职业技术大学,2024,新疆,专科批,文科,,,263,,
1954,天津中德应用技术大学,2024,新疆,专科批,文科,,,181,,
1959,重庆工业职业技术大学,2024,新疆,专科批,文科,,,278,,
1963,安徽警官职业学院,2024,新疆,专科批,文科,,,248,,
1968,永州职业技术学院,2024,新疆,专科批,文科,,,291,,
1970,湖南涉外经济学院,2024,新疆,专科批,文科,,,233,,
1971,湖南科技职业学院,2024,新疆,专科批,文科,,,152,,
1973,海口经济学院,2024,新疆,专科批,文科,,,156,,
1974,武昌首义学院,2024,新疆,专科批,文科,,,195,,
1975,武昌理工学院,2024,新疆,专科批,文科,,,181,,
1976,常州信息职业技术学院,2024,新疆,专科批,文科,,,148,,
1977,广东农工商职业技术学院,2024,新疆,专科批,文科,,,238,,
1983,山东劳动职业技术学院,2024,新疆,专科批,文科,,,193,,
1984,莱芜职业技术学院,2024,新疆,专科批,文科,,,181,,
1986,烟台南山学院,2024,新疆,专科批,文科,,,140,,
1998,武汉生物工程学院,2024,新疆,专科批,文科,,,140,,
2002,广西国际商务职业技术学院,2024,新疆,专科批,文科,,,160,,
2005,河北建材职业技术学院,2024,新疆,专科批,文科,,,141,,
2007,柳州铁道职业技术学院,2024,新疆,专科批,文科,,,231,,
2017,石家庄铁路职业技术学院,2024,新疆,专科批,文科,,,286,,
2019,东营职业学院,2024,新疆,专科批,文科,,,209,,
2021,兴安职业技术大学,2024,新疆,专科批,文科,,,144,,
2026,克拉玛依职业技术学院,2024,新疆,专科批,文科,,,238,,
2027,天津滨海职业学院,2024,新疆,专科批,文科,,,156,,
2030,上海行健职业学院,2024,新疆,专科批,文科,,,241,,
2031,上海城建职业学院,2024,新疆,专科批,文科,,,219,,
2035,陕西能源职业技术学院,2024,新疆,专科批,文科,,,233,,
2038,新疆轻工职业技术学院,2024,新疆,专科批,文科,,,224,,
2046,云南经济管理学院,2024,新疆,专科批,文科,,,165,,
2054,新疆能源职业技术学院,2024,新疆,专科批,文科,,,155,,
2055,广东科学技术职业学院,2024,新疆,专科批,文科,,,265,,
2056,广东食品药品职业学院,2024,新疆,专科批,文科,,,173,,
2058,广州康大职业技术学院,2024,新疆,专科批,文科,,,172,,
2064,上海震旦职业学院,2024,新疆,专科批,文科,,,173,,
2072,辽宁职业学院,2024,新疆,专科批,文科,,,212,,
2073,辽宁生态工程职业学院,2024,新疆,专科批,文科,,,201,,
2074,沈阳职业技术学院,2024,新疆,专科批,文科,,,225,,
2075,辽宁理工职业大学,2024,新疆,专科批,文科,,,223,,
2088,重庆电子科技职业大学,2024,新疆,专科批,文科,,,306,,
2097,福建林业职业技术学院,2024,新疆,专科批,文科,,,225,,
2098,福建信息职业技术学院,2024,新疆,专科批,文科,,,220,,
2099,福建水利电力职业技术学院,2024,新疆,专科批,文科,,,210,,
2104,福建卫生职业技术学院,2024,新疆,专科批,文科,,,272,,
2106,成都职业技术学院,2024,新疆,专科批,文科,,,327,,
2108,四川化工职业技术学院,2024,新疆,专科批,文科,,,283,,
2109,四川水利职业技术学院,2024,新疆,专科批,文科,,,250,,
2110,南充职业技术学院,2024,新疆,专科批,文科,,,211,,
2112,四川航天职业技术学院,2024,新疆,专科批,文科,,,224,,
2130,呼和浩特职业技术大学,2024,新疆,专科批,文科,,,140,,
2131,包头轻工职业技术学院,2024,新疆,专科批,文科,,,166,,
2132,内蒙古电子信息职业技术学院,2024,新疆,专科批,文科,,,144,,
2135,内蒙古商贸职业学院,2024,新疆,专科批,文科,,,184,,
2138,江苏海事职业技术学院,2024,新疆,专科批,文科,,,218,,
2140,无锡科技职业学院,2024,新疆,专科批,文科,,,275,,
2141,江苏医药职业学院,2024,新疆,专科批,文科,,,285,,
2157,西安外事学院,2024,新疆,专科批,文科,,,263,,
2158,西安翻译学院,2024,新疆,专科批,文科,,,242,,
2161,三亚城市职业学院,2024,新疆,专科批,文科,,,158,,
2162,大庆职业学院,2024,新疆,专科批,文科,,,199,,
2163,天津渤海职业技术学院,2024,新疆,专科批,文科,,,225,,
2164,天津电子信息职业技术学院,2024,新疆,专科批,文科,,,179,,
2165,天津机电职业技术学院,2024,新疆,专科批,文科,,,201,,
2166,天津现代职业技术学院,2024,新疆,专科批,文科,,,169,,
2167,天津警察学院,2024,新疆,专科批,文科,,,236,,
2169,黑龙江农业职业技术学院,2024,新疆,专科批,文科,,,210,,
2170,黑龙江农业工程职业学院,2024,新疆,专科批,文科,,,160,,
2171,黑龙江农垦职业学院,2024,新疆,专科批,文科,,,149,,
2175,天津轻工职业技术学院,2024,新疆,专科批,文科,,,140,,
2177,新疆警察学院,2024,新疆,专科批,文科,,,242,,
2184,广东建设职业技术学院,2024,新疆,专科批,文科,,,226,,
2185,广东女子职业技术学院,2024,新疆,专科批,文科,,,143,,
2186,广东机电职业技术学院,2024,新疆,专科批,文科,,,176,,
2190,郑州工业应用技术学院,2024,新疆,专科批,文科,,,229,,
2192,广东岭南职业技术学院,2024,新疆,专科批,文科,,,157,,
2195,湖北交通职业技术学院,2024,新疆,专科批,文科,,,272,,
2196,绵阳职业技术学院,2024,新疆,专科批,文科,,,179,,
2197,重庆海联职业技术学院,2024,新疆,专科批,文科,,,140,,
2198,重庆信息技术职业学院,2024,新疆,专科批,文科,,,141,,
2199,重庆传媒职业学院,2024,新疆,专科批,文科,,,144,,
2201,重庆城市管理职业学院,2024,新疆,专科批,文科,,,306,,
2203,四川交通职业技术学院,2024,新疆,专科批,文科,,,322,,
2204,四川工商职业技术学院,2024,新疆,专科批,文科,,,262,,
2205,四川工程职业技术大学,2024,新疆,专科批,文科,,,249,,
2206,四川建筑职业技术学院,2024,新疆,专科批,文科,,,160,,
2207,汕尾职业技术学院,2024,新疆,专科批,文科,,,167,,
2210,济源职业技术学院,2024,新疆,专科批,文科,,,270,,
2211,罗定职业技术学院,2024,新疆,专科批,文科,,,215,,
2212,阳江职业技术学院,2024,新疆,专科批,文科,,,166,,
2213,河源职业技术学院,2024,新疆,专科批,文科,,,151,,
2229,天津商务职业学院,2024,新疆,专科批,文科,,,141,,
2230,浙江工商职业技术学院,2024,新疆,专科批,文科,,,149,,
2231,台州职业技术学院,2024,新疆,专科批,文科,,,234,,
2232,浙江工贸职业技术学院,2024,新疆,专科批,文科,,,262,,
2239,上海济光职业技术学院,2024,新疆,专科批,文科,,,156,,
2240,上海建桥学院,2024,新疆,专科批,文科,,,244,,
2242,上海科学技术职业学院,2024,新疆,专科批,文科,,,154,,
2244,天津国土资源和房屋职业学院,2024,新疆,专科批,文科,,,178,,
2246,江苏电子信息职业学院,2024,新疆,专科批,文科,,,171,,
2247,江苏农牧科技职业学院,2024,新疆,专科批,文科,,,292,,
2260,山东科技职业学院,2024,新疆,专科批,文科,,,230,,
2261,重庆建筑科技职业学院,2024,新疆,专科批,文科,,,141,,
2269,西安航空职业技术学院,2024,新疆,专科批,文科,,,258,,
2270,陕西财经职业技术学院,2024,新疆,专科批,文科,,,256,,
2271,陕西交通职业技术学院,2024,新疆,专科批,文科,,,273,,
2273,兰州外语职业学院,2024,新疆,专科批,文科,,,176,,
2274,兰州职业技术学院,2024,新疆,专科批,文科,,,244,,
2277,甘肃工业职业技术大学,2024,新疆,专科批,文科,,,202,,
2279,昌吉职业技术学院,2024,新疆,专科批,文科,,,209,,
2288,张家界航空工业职业技术学院,2024,新疆,专科批,文科,,,314,,
2293,浙江建设职业技术学院,2024,新疆,专科批,文科,,,155,,
2294,浙江艺术职业学院,2024,新疆,专科批,文科,,,291,,
2295,浙江经贸职业技术学院,2024,新疆,专科批,文科,,,154,,
2296,浙江商业职业技术学院,2024,新疆,专科批,文科,,,156,,
2298,浙江旅游职业学院,2024,新疆,专科批,文科,,,248,,
2300,浙江警官职业学院,2024,新疆,专科批,文科,,,277,,
2301,浙江金融职业学院,2024,新疆,专科批,文科,,,290,,
2311,天津交通职业学院,2024,新疆,专科批,文科,,,246,,
2313,河北旅游职业学院,2024,新疆,专科批,文科,,,168,,
2321,辽宁金融职业学院,2024,新疆,专科批,文科,,,213,,
2323,辽宁广告职业学院,2024,新疆,专科批,文科,,,188,,
2324,辽宁机电职业技术学院,2024,新疆,专科批,文科,,,167,,
2325,辽宁经济职业技术学院,2024,新疆,专科批,文科,,,158,,
2327,吉林司法警官职业学院,2024,新疆,专科批,文科,,,263,,
2328,吉林电子信息职业技术学院,2024,新疆,专科批,文科,,,149,,
2332,哈尔滨铁道职业技术学院,2024,新疆,专科批,文科,,,272,,
2334,黑龙江农业经济职业学院,2024,新疆,专科批,文科,,,169,,
2335,哈尔滨职业技术大学,2024,新疆,专科批,文科,,,238,,
2336,上海农林职业技术学院,2024,新疆,专科批,文科,,,252,,
2337,上海邦德职业技术学院,2024,新疆,专科批,文科,,,155,,
2339,上海中侨职业技术大学,2024,新疆,专科批,文科,,,194,,
2342,南京科技职业学院,2024,新疆,专科批,文科,,,245,,
2344,钟山职业技术学院,2024,新疆,专科批,文科,,,161,,
2350,渤海船舶职业学院,2024,新疆,专科批,文科,,,181,,
2352,江西电力职业技术学院,2024,新疆,专科批,文科,,,327,,
2357,江西信息应用职业技术学院,2024,新疆,专科批,文科,,,206,,
2358,江西交通职业技术学院,2024,新疆,专科批,文科,,,217,,
2359,江西财经职业学院,2024,新疆,专科批,文科,,,270,,
2360,江西应用技术职业学院,2024,新疆,专科批,文科,,,253,,
2364,山东水利职业学院,2024,新疆,专科批,文科,,,164,,
2365,山东畜牧兽医职业学院,2024,新疆,专科批,文科,,,257,,
2366,郑州健康学院,2024,新疆,专科批,文科,,,275,,
2369,汕头职业技术学院,2024,新疆,专科批,文科,,,155,,
2370,揭阳职业技术学院,2024,新疆,专科批,文科,,,148,,
2372,清远职业技术学院,2024,新疆,专科批,文科,,,240,,
2373,广东工贸职业技术学院,2024,新疆,专科批,文科,,,197,,
2374,广东司法警官职业学院,2024,新疆,专科批,文科,,,246,,
2375,广东亚视演艺职业学院,2024,新疆,专科批,文科,,,143,,
2376,广东省外语艺术职业学院,2024,新疆,专科批,文科,,,150,,
2377,四川托普信息技术职业学院,2024,新疆,专科批,文科,,,193,,
2379,成都农业科技职业学院,2024,新疆,专科批,文科,,,174,,
2381,泸州职业技术学院,2024,新疆,专科批,文科,,,186,,
2384,四川职业技术学院,2024,新疆,专科批,文科,,,267,,
2389,伊犁职业技术学院,2024,新疆,专科批,文科,,,187,,
2391,武汉铁路职业技术学院,2024,新疆,专科批,文科,,,309,,
2394,随州职业技术学院,2024,新疆,专科批,文科,,,154,,
2396,湖北水利水电职业技术学院,2024,新疆,专科批,文科,,,239,,
2397,湖北城市建设职业技术学院,2024,新疆,专科批,文科,,,209,,
2398,武汉警官职业学院,2024,新疆,专科批,文科,,,295,,
2402,武汉外语外事职业学院,2024,新疆,专科批,文科,,,187,,
2404,武昌职业学院,2024,新疆,专科批,文科,,,178,,
2405,武汉商贸职业学院,2024,新疆,专科批,文科,,,207,,
2409,浙江东方职业技术学院,2024,新疆,专科批,文科,,,236,,
2417,青岛酒店管理职业技术学院,2024,新疆,专科批,文科,,,140,,
2420,青岛恒星科技学院,2024,新疆,专科批,文科,,,173,,
2431,长沙环境保护职业技术学院,2024,新疆,专科批,文科,,,141,,
2435,怀化职业技术学院,2024,新疆,专科批,文科,,,230,,
2442,湖南城建职业技术学院,2024,新疆,专科批,文科,,,311,,
2445,雅安职业技术学院,2024,新疆,专科批,文科,,,274,,
2461,河北对外经贸职业学院,2024,新疆,专科批,文科,,,145,,
2462,河北美术学院,2024,新疆,专科批,文科,,,161,,
2466,宁夏警官职业学院,2024,新疆,专科批,文科,,,259,,
2467,阿克苏职业技术学院,2024,新疆,专科批,文科,,,182,,
2468,巴音郭楞职业技术学院,2024,新疆,专科批,文科,,,181,,
2469,金肯职业技术学院,2024,新疆,专科批,文科,,,193,,
2472,江苏农林职业技术学院,2024,新疆,专科批,文科,,,271,,
2475,南京铁道职业技术学院,2024,新疆,专科批,文科,,,320,,
2476,徐州工业职业技术学院,2024,新疆,专科批,文科,,,277,,
2480,江海职业技术学院,2024,新疆,专科批,文科,,,228,,
2483,西安思源学院,2024,新疆,专科批,文科,,,159,,
2484,西安高新科技职业学院,2024,新疆,专科批,文科,,,151,,
2485,陕西国际商贸学院,2024,新疆,专科批,文科,,,172,,
2486,西安城市建设职业学院,2024,新疆,专科批,文科,,,141,,
2499,沈阳工学院,2024,新疆,专科批,文科,,,275,,
2502,沈阳城市建设学院,2024,新疆,专科批,文科,,,187,,
2507,辽宁理工学院,2024,新疆,专科批,文科,,,237,,
2517,武昌工学院,2024,新疆,专科批,文科,,,144,,
2518,武汉工商学院,2024,新疆,专科批,文科,,,267,,
2521,湖北商贸学院,2024,新疆,专科批,文科,,,257,,
2532,武汉交通职业学院,2024,新疆,专科批,文科,,,204,,
2533,咸宁职业技术学院,2024,新疆,专科批,文科,,,162,,
2566,青岛黄海学院,2024,新疆,专科批,文科,,,164,,
2567,青岛求实职业技术学院,2024,新疆,专科批,文科,,,150,,
2570,山东协和学院,2024,新疆,专科批,文科,,,142,,
2598,河北科技学院,2024,新疆,专科批,文科,,,170,,
2604,石家庄邮电职业技术学院,2024,新疆,专科批,文科,,,270,,
2690,新疆建设职业技术学院,2024,新疆,专科批,文科,,,215,,
2693,陕西铁路工程职业技术学院,2024,新疆,专科批,文科,,,309,,
2694,宝鸡职业技术学院,2024,新疆,专科批,文科,,,240,,
2695,陕西航空职业技术学院,2024,新疆,专科批,文科,,,269,,
2696,西安交通工程学院,2024,新疆,专科批,文科,,,208,,
2701,海南外国语职业学院,2024,新疆,专科批,文科,,,228,,
2756,温州商学院,2024,新疆,专科批,文科,,,277,,
2783,武汉工程科技学院,2024,新疆,专科批,文科,,,200,,
2790,成都文理学院,2024,新疆,专科批,文科,,,178,,
2792,成都外国语学院,2024,新疆,专科批,文科,,,227,,
2808,河北司法警官职业学院,2024,新疆,专科批,文科,,,249,,
2817,乌兰察布职业学院,2024,新疆,专科批,文科,,,165,,
2818,天津工业职业学院,2024,新疆,专科批,文科,,,214,,
2819,天津石油职业技术学院,2024,新疆,专科批,文科,,,214,,
2820,天津城市职业学院,2024,新疆,专科批,文科,,,165,,
2821,北京科技职业学院,2024,新疆,专科批,文科,,,239,,
2826,广州工程技术职业学院,2024,新疆,专科批,文科,,,195,,
2828,江门职业技术学院,2024,新疆,专科批,文科,,,186,,
2829,茂名职业技术学院,2024,新疆,专科批,文科,,,198,,
2830,珠海城市职业技术学院,2024,新疆,专科批,文科,,,172,,
2834,广州科技职业技术大学,2024,新疆,专科批,文科,,,160,,
2835,惠州经济职业技术学院,2024,新疆,专科批,文科,,,157,,
2839,新疆现代职业技术学院,2024,新疆,专科批,文科,,,201,,
2840,新疆天山职业技术大学,2024,新疆,专科批,文科,,,151,,
2842,黑龙江旅游职业技术学院,2024,新疆,专科批,文科,,,185,,
2845,黑龙江能源职业学院,2024,新疆,专科批,文科,,,175,,
2848,重庆水利电力职业技术学院,2024,新疆,专科批,文科,,,258,,
2849,陕西邮电职业技术学院,2024,新疆,专科批,文科,,,175,,
2850,西安海棠职业学院,2024,新疆,专科批,文科,,,225,,
2851,西安汽车职业大学,2024,新疆,专科批,文科,,,140,,
2853,通辽职业学院,2024,新疆,专科批,文科,,,167,,
2856,白城医学高等专科学校,2024,新疆,专科批,文科,,,302,,
2859,台州科技职业学院,2024,新疆,专科批,文科,,,167,,
2861,无锡城市职业技术学院,2024,新疆,专科批,文科,,,237,,
2876,闽北职业技术学院,2024,新疆,专科批,文科,,,179,,
2882,泉州经贸职业技术学院,2024,新疆,专科批,文科,,,208,,
2887,抚州医药学院,2024,新疆,专科批,文科,,,286,,
2889,淄博师范高等专科学校,2024,新疆,专科批,文科,,,229,,
2890,山东中医药高等专科学校,2024,新疆,专科批,文科,,,158,,
2905,江汉艺术职业学院,2024,新疆,专科批,文科,,,199,,
2906,武汉民政职业学院,2024,新疆,专科批,文科,,,262,,
2907,湖北黄冈应急管理职业技术学院,2024,新疆,专科批,文科,,,210,,
2909,黄冈科技职业学院,2024,新疆,专科批,文科,,,214,,
2910,湖北国土资源职业学院,2024,新疆,专科批,文科,,,233,,
2911,湖北生态工程职业技术学院,2024,新疆,专科批,文科,,,253,,
2928,陕西警察学院,2024,新疆,专科批,文科,,,253,,
2930,忻州职业技术学院,2024,新疆,专科批,文科,,,281,,
2932,内蒙古交通职业技术学院,2024,新疆,专科批,文科,,,146,,
2937,广西电力职业技术学院,2024,新疆,专科批,文科,,,280,,
2949,安徽工业职业技术学院,2024,新疆,专科批,文科,,,164,,
2950,浙江国际海运职业技术学院,2024,新疆,专科批,文科,,,226,,
2953,山东电子职业技术学院,2024,新疆,专科批,文科,,,195,,
2956,山东铝业职业学院,2024,新疆,专科批,文科,,,186,,
2960,天津铁道职业技术学院,2024,新疆,专科批,文科,,,241,,
2961,包头钢铁职业技术学院,2024,新疆,专科批,文科,,,144,,
2970,山东外事职业大学,2024,新疆,专科批,文科,,,172,,
2971,海南经贸职业技术学院,2024,新疆,专科批,文科,,,219,,
2979,西安明德理工学院,2024,新疆,专科批,文科,,,171,,
2980,燕京理工学院,2024,新疆,专科批,文科,,,180,,
2984,北京中医药大学东方学院,2024,新疆,专科批,文科,,,286,,
2999,乌海职业技术学院,2024,新疆,专科批,文科,,,168,,
3003,广东理工职业学院,2024,新疆,专科批,文科,,,249,,
3011,广州华南商贸职业学院,2024,新疆,专科批,文科,,,222,,
3013,广州城市职业学院,2024,新疆,专科批,文科,,,245,,
3014,广东工程职业技术学院,2024,新疆,专科批,文科,,,148,,
3015,三亚航空旅游职业学院,2024,新疆,专科批,文科,,,174,,
3030,西安职业技术学院,2024,新疆,专科批,文科,,,162,,
3031,商洛职业技术学院,2024,新疆,专科批,文科,,,192,,
3034,渭南职业技术学院,2024,新疆,专科批,文科,,,246,,
3035,安康职业技术学院,2024,新疆,专科批,文科,,,170,,
3036,铜川职业技术学院,2024,新疆,专科批,文科,,,208,,
3038,甘肃畜牧工程职业技术学院,2024,新疆,专科批,文科,,,190,,
3039,新疆石河子职业技术学院,2024,新疆,专科批,文科,,,194,,
3044,大连枫叶职业技术学院,2024,新疆,专科批,文科,,,163,,
3045,苏州百年职业学院,2024,新疆,专科批,文科,,,280,,
3052,福建生物工程职业技术学院,2024,新疆,专科批,文科,,,247,,
3056,泉州工艺美术职业学院,2024,新疆,专科批,文科,,,160,,
3057,三明医学科技职业学院,2024,新疆,专科批,文科,,,256,,
3058,宁德职业技术学院,2024,新疆,专科批,文科,,,214,,
3090,四川中医药高等专科学校,2024,新疆,专科批,文科,,,299,,
3097,大庆医学高等专科学校,2024,新疆,专科批,文科,,,279,,
3098,石家庄医学高等专科学校,2024,新疆,专科批,文科,,,215,,
3100,天津城市建设管理职业技术学院,2024,新疆,专科批,文科,,,147,,
3101,天津生物工程职业技术学院,2024,新疆,专科批,文科,,,248,,
3102,天津海运职业学院,2024,新疆,专科批,文科,,,164,,
3106,陕西青年职业学院,2024,新疆,专科批,文科,,,158,,
3107,陕西工商职业学院,2024,新疆,专科批,文科,,,230,,
3108,西安信息职业大学,2024,新疆,专科批,文科,,,148,,
3109,陕西旅游烹饪职业学院,2024,新疆,专科批,文科,,,178,,
3114,西南财经大学天府学院,2024,新疆,专科批,文科,,,227,,
3129,黑龙江交通职业技术学院,2024,新疆,专科批,文科,,,236,,
3130,哈尔滨应用职业技术学院,2024,新疆,专科批,文科,,,176,,
3137,广东科贸职业学院,2024,新疆,专科批,文科,,,201,,
3143,四川科技职业学院,2024,新疆,专科批,文科,,,184,,
3153,烟台汽车工程职业学院,2024,新疆,专科批,文科,,,152,,
3157,四川文化产业职业学院,2024,新疆,专科批,文科,,,188,,
3175,辽宁地质工程职业学院,2024,新疆,专科批,文科,,,178,,
3177,哈尔滨科学技术职业学院,2024,新疆,专科批,文科,,,202,,
3178,漳州城市职业学院,2024,新疆,专科批,文科,,,245,,
3184,漳州卫生职业学院,2024,新疆,专科批,文科,,,245,,
3186,湖北科技职业学院,2024,新疆,专科批,文科,,,203,,
3190,广州珠江职业技术学院,2024,新疆,专科批,文科,,,210,,
3191,广州松田职业学院,2024,新疆,专科批,文科,,,225,,
3192,广东文理职业学院,2024,新疆,专科批,文科,,,173,,
3201,广州城建职业学院,2024,新疆,专科批,文科,,,220,,
3203,新疆职业大学,2024,新疆,专科批,文科,,,237,,
3206,石家庄人民医学高等专科学校,2024,新疆,专科批,文科,,,236,,
3216,海南科技职业大学,2024,新疆,专科批,文科,,,160,,
3217,重庆科创职业学院,2024,新疆,专科批,文科,,,162,,
3219,四川现代职业学院,2024,新疆,专科批,文科,,,177,,
3221,佳木斯职业学院,2024,新疆,专科批,文科,,,163,,
3226,重庆建筑工程职业学院,2024,新疆,专科批,文科,,,175,,
3229,包头铁道职业技术学院,2024,新疆,专科批,文科,,,235,,
3232,长白山职业技术学院,2024,新疆,专科批,文科,,,141,,
3236,临沂职业学院,2024,新疆,专科批,文科,,,217,,
3255,乌兰察布医学高等专科学校,2024,新疆,专科批,文科,,,223,,
3260,河北东方学院,2024,新疆,专科批,文科,,,227,,
3271,重庆电讯职业学院,2024,新疆,专科批,文科,,,156,,
3272,重庆能源职业学院,2024,新疆,专科批,文科,,,164,,
3274,辽宁现代服务职业技术学院,2024,新疆,专科批,文科,,,177,,
3279,重庆商务职业学院,2024,新疆,专科批,文科,,,270,,
3281,鄂尔多斯职业学院,2024,新疆,专科批,文科,,,142,,
3295,东莞职业技术学院,2024,新疆,专科批,文科,,,150,,
3296,广东南方职业学院,2024,新疆,专科批,文科,,,212,,
3299,广州华夏职业学院,2024,新疆,专科批,文科,,,200,,
3313,呼伦贝尔职业技术学院,2024,新疆,专科批,文科,,,156,,
3315,辽宁冶金职业技术学院,2024,新疆,专科批,文科,,,177,,
3316,辽宁工程职业学院,2024,新疆,专科批,文科,,,233,,
3319,铁岭卫生职业学院,2024,新疆,专科批,文科,,,263,,
3322,苏州工业园区服务外包职业学院,2024,新疆,专科批,文科,,,244,,
3337,广东环境保护工程职业学院,2024,新疆,专科批,文科,,,206,,
3360,赤峰工业职业技术学院,2024,新疆,专科批,文科,,,170,,
3361,阿拉善职业技术学院,2024,新疆,专科批,文科,,,150,,
3362,延边职业技术学院,2024,新疆,专科批,文科,,,166,,
3365,济南护理职业学院,2024,新疆,专科批,文科,,,264,,
3367,山东海事职业学院,2024,新疆,专科批,文科,,,181,,
3377,襄阳汽车职业技术学院,2024,新疆,专科批,文科,,,146,,
3384,重庆安全技术职业学院,2024,新疆,专科批,文科,,,222,,
3387,重庆轻工职业学院,2024,新疆,专科批,文科,,,201,,
3388,重庆电信职业学院,2024,新疆,专科批,文科,,,146,,
3389,重庆经贸职业学院,2024,新疆,专科批,文科,,,159,,
3393,甘肃有色冶金职业技术学院,2024,新疆,专科批,文科,,,140,,
3394,白银矿冶职业技术学院,2024,新疆,专科批,文科,,,161,,
3411,上海民航职业技术学院,2024,新疆,专科批,文科,,,269,,
3413,河北轨道运输职业技术学院,2024,新疆,专科批,文科,,,237,,
3423,惠州卫生职业技术学院,2024,新疆,专科批,文科,,,233,,
3424,四川卫生康复职业学院,2024,新疆,专科批,文科,,,264,,
3426,四川汽车职业技术学院,2024,新疆,专科批,文科,,,233,,
3430,新疆体育职业技术学院,2024,新疆,专科批,文科,,,220,,
3431,新疆应用职业技术学院,2024,新疆,专科批,文科,,,195,,
3435,新疆师范高等专科学校,2024,新疆,专科批,文科,,,202,,
3440,广东信息工程职业学院,2024,新疆,专科批,文科,,,149,,
3443,浙江特殊教育职业学院,2024,新疆,专科批,文科,,,176,,
3456,内蒙古民族幼儿师范高等专科学校,2024,新疆,专科批,文科,,,150,,
3457,辽宁民族师范高等专科学校,2024,新疆,专科批,文科,,,165,,
3463,铜仁幼儿师范高等专科学校,2024,新疆,专科批,文科,,,177,,
3466,辽宁轻工职业学院,2024,新疆,专科批,文科,,,170,,
3481,陕西艺术职业学院,2024,新疆,专科批,文科,,,178,,
3485,浙江安防职业技术学院,2024,新疆,专科批,文科,,,257,,
3502,广东生态工程职业学院,2024,新疆,专科批,文科,,,198,,
3503,惠州城市职业学院,2024,新疆,专科批,文科,,,145,,
3510,甘肃卫生职业学院,2024,新疆,专科批,文科,,,306,,
3517,哈密职业技术学院,2024,新疆,专科批,文科,,,190,,
3518,新疆科技职业技术学院,2024,新疆,专科批,文科,,,140,,
3532,扎兰屯职业学院,2024,新疆,专科批,文科,,,156,,
3534,江苏护理职业学院,2024,新疆,专科批,文科,,,166,,
3535,江苏财会职业学院,2024,新疆,专科批,文科,,,223,,
3544,庆阳职业技术学院,2024,新疆,专科批,文科,,,140,,
3545,临夏现代职业学院,2024,新疆,专科批,文科,,,154,,
3546,湖北铁道运输职业学院,2024,新疆,专科批,文科,,,244,,
3548,长江艺术工程职业学院,2024,新疆,专科批,文科,,,244,,
3549,广东茂名健康职业学院,2024,新疆,专科批,文科,,,183,,
3555,江苏航空职业技术学院,2024,新疆,专科批,文科,,,296,,
3569,昭通卫生职业学院,2024,新疆,专科批,文科,,,244,,
3572,吐鲁番职业技术学院,2024,新疆,专科批,文科,,,177,,
3574,广东茂名幼儿师范专科学校,2024,新疆,专科批,文科,,,149,,
3579,广州卫生职业技术学院,2024,新疆,专科批,文科,,,257,,
3587,天津滨海汽车工程职业学院,2024,新疆,专科批,文科,,,140,,
3589,吉林水利电力职业学院,2024,新疆,专科批,文科,,,153,,
3590,长春健康职业学院,2024,新疆,专科批,文科,,,196,,
3591,江苏旅游职业学院,2024,新疆,专科批,文科,,,155,,
3599,三亚中瑞酒店管理职业学院,2024,新疆,专科批,文科,,,146,,
3609,博尔塔拉职业技术学院,2024,新疆,专科批,文科,,,183,,
3631,天府新区航空旅游职业学院,2024,新疆,专科批,文科,,,226,,
3638,和田职业技术学院,2024,新疆,专科批,文科,,,167,,
3643,铁门关职业技术学院,2024,新疆,专科批,文科,,,165,,
3644,石河子工程职业技术学院,2024,新疆,专科批,文科,,,192,,
3647,长春师范高等专科学校,2024,新疆,专科批,文科,,,177,,
3684,陕西机电职业技术学院,2024,新疆,专科批,文科,,,177,,
3708,湛江幼儿师范专科学校,2024,新疆,专科批,文科,,,165,,
3722,新疆工业职业技术学院,2024,新疆,专科批,文科,,,197,,
3747,喀什职业技术学院,2024,新疆,专科批,文科,,,180,,
3748,克孜勒苏职业技术学院,2024,新疆,专科批,文科,,,169,,
3749,新疆科信职业技术学院,2024,新疆,专科批,文科,,,182,,
3750,阿勒泰职业技术学院,2024,新疆,专科批,文科,,,181,,
3791,广东财贸职业学院,2024,新疆,专科批,文科,,,144,,
3799,云南理工职业学院,2024,新疆,专科批,文科,,,219,,
3843,重庆理工职业学院,2024,新疆,专科批,文科,,,150,,
3844,重庆智能工程职业学院,2024,新疆,专科批,文科,,,168,,
3845,重庆健康职业学院,2024,新疆,专科批,文科,,,142,,
3846,南充文化旅游职业学院,2024,新疆,专科批,文科,,,228,,
3858,塔城职业技术学院,2024,新疆,专科批,文科,,,171,,
3859,塔里木职业技术学院,2024,新疆,专科批,文科,,,195,,
3874,吉林通用航空职业技术学院,2024,新疆,专科批,文科,,,156,,
3875,滨州科技职业学院,2024,新疆,专科批,文科,,,220,,
3876,广东肇庆航空职业学院,2024,新疆,专科批,文科,,,140,,
3880,兰州石化职业技术大学,2024,新疆,专科批,文科,,,209,,
3882,新疆司法警官职业学院,2024,新疆,专科批,文科,,,262,,
3883,阿克苏工业职业技术学院,2024,新疆,专科批,文科,,,140,,
3884,喀什理工职业技术学院,2024,新疆,专科批,文科,,,142,,
3885,图木舒克职业技术学院,2024,新疆,专科批,文科,,,146,,
3886,可克达拉职业技术学院,2024,新疆,专科批,文科,,,158,,
3887,新星职业技术学院,2024,新疆,专科批,文科,,,166,,
3888,昆玉职业技术学院,2024,新疆,专科批,文科,,,142,,
3889,乌鲁木齐职业技术学院,2024,新疆,专科批,文科,,,142,,
3891,湖北孝感美珈职业学院,2024,新疆,专科批,文科,,,177,,
3892,广州幼儿师范高等专科学校,2024,新疆,专科批,文科,,,184,,
3893,定西职业技术学院,2024,新疆,专科批,文科,,,172,,
3894,襄阳科技职业学院,2024,新疆,专科批,文科,,,143,,
3895,宜昌科技职业学院,2024,新疆,专科批,文科,,,160,,
8030,西安欧亚学院,2024,新疆,专科批,文科,,,244,,
8031,新疆铁道职业技术学院,2024,新疆,专科批,文科,,,157,,
,吉林铁道职业技术大学,2024,新疆,专科批,文科,,,281,,
1478,中国民用航空飞行学院,2024,新疆,专科提前批,文科,,,176,19064,
1963,安徽警官职业学院,2024,新疆,专科提前批,文科,,,280,,
2356,江西应用科技学院,2024,新疆,专科提前批,文科,,,143,,
2696,西安交通工程学院,2024,新疆,专科提前批,文科,,,200,,
2930,忻州职业技术学院,2024,新疆,专科提前批,文科,,,299,,
1238,南通大学,2024,新疆,体育类本科批,文科,,,265,,
1245,南京师范大学,2024,新疆,国家专项计划本科批,文科,,,501,,
1426,中山大学,2024,新疆,国家专项计划本科批,文科,,,545,,
1499,西南财经大学,2024,新疆,国家专项计划本科批,文科,,,503,,
1553,陕西师范大学,2024,新疆,国家专项计划本科批,文科,,,493,,
5023,中国政法大学,2024,新疆,国家专项计划本科批,文科,,,566,131,
7133,福州大学,2024,新疆,国家专项计划本科批,文科,,,477,,
1715,扬州大学,2024,新疆,国家及地方专项、南疆单列、对口援疆计划本科一批,文科,,,446,,
1059,天津师范大学,2024,新疆,国家及地方专项、南疆单列、对口援疆计划本科一批次,文科,,,376,,
1183,东北林业大学,2024,新疆,国家及地方专项、南疆单列、对口援疆计划本科一批次,文科,,,483,,
1231,南京邮电大学,2024,新疆,国家及地方专项、南疆单列、对口援疆计划本科一批次,文科,,,465,2709,
1411,长沙理工大学,2024,新疆,国家及地方专项、南疆单列、对口援疆计划本科一批次,文科,,,492,,
1486,四川师范大学,2024,新疆,国家及地方专项、南疆单列、对口援疆计划本科一批次,文科,,,451,,
1522,西南林业大学,2024,新疆,国家及地方专项、南疆单列、对口援疆计划本科一批次,文科,,,388,,
1553,陕西师范大学,2024,新疆,国家及地方专项、南疆单列、对口援疆计划本科一批次,文科,,,501,,
1849,海南师范大学,2024,新疆,国家及地方专项、南疆单列、对口援疆计划本科一批次,文科,,,425,4073,
7133,福州大学,2024,新疆,国家及地方专项、南疆单列、对口援疆计划本科一批次,文科,,,485,,
1100,太原师范学院,2024,新疆,国家及地方专项、南疆单列、对口援疆计划本科二批,文科,,,374,,
1557,咸阳师范学院,2024,新疆,国家及地方专项、南疆单列、对口援疆计划本科二批,文科,,,402,,
3407,陕西学前师范学院,2024,新疆,国家及地方专项、南疆单列、对口援疆计划本科二批,文科,,,403,,
7249,三明学院,2024,新疆,国家及地方专项、南疆单列、对口援疆计划本科二批,文科,,,339,,
7334,江苏第二师范学院,2024,新疆,国家及地方专项、南疆单列、对口援疆计划本科二批,文科,,,382,6136,
1194,哈尔滨商业大学,2024,新疆,国家及地方专项、南疆单列、对口援疆计划本科二批次,文科,,,349,7661,
1238,南通大学,2024,新疆,国家及地方专项、南疆单列、对口援疆计划本科二批次,文科,,,394,5933,
1316,江西理工大学,2024,新疆,国家及地方专项、南疆单列、对口援疆计划本科二批次,文科,,,344,,
1324,赣南师范大学,2024,新疆,国家及地方专项、南疆单列、对口援疆计划本科二批次,文科,,,344,,
1363,河南科技大学,2024,新疆,国家及地方专项、南疆单列、对口援疆计划本科二批次,文科,,,403,,
1522,西南林业大学,2024,新疆,国家及地方专项、南疆单列、对口援疆计划本科二批次,文科,,,381,,
1875,黑龙江工程学院,2024,新疆,国家及地方专项、南疆单列、对口援疆计划本科二批次,文科,,,312,,
2094,广州华商学院,2024,新疆,国家及地方专项、南疆单列、对口援疆计划本科二批次,文科,,,304,,
2636,南昌医学院,2024,新疆,国家及地方专项、南疆单列、对口援疆计划本科二批次,文科,,,370,,
2681,晋中信息学院,2024,新疆,国家及地方专项、南疆单列、对口援疆计划本科二批次,文科,,,332,11239,
2682,山西电子科技学院,2024,新疆,国家及地方专项、南疆单列、对口援疆计划本科二批次,文科,,,294,20420,
2696,西安交通工程学院,2024,新疆,国家及地方专项、南疆单列、对口援疆计划本科二批次,文科,,,317,,
2779,天津商业大学宝德学院,2024,新疆,国家及地方专项、南疆单列、对口援疆计划本科二批次,文科,,,332,11239,
2792,成都外国语学院,2024,新疆,国家及地方专项、南疆单列、对口援疆计划本科二批次,文科,,,320,,
2983,北京科技大学天津学院,2024,新疆,国家及地方专项、南疆单列、对口援疆计划本科二批次,文科,,,315,,
2991,南京师范大学中北学院,2024,新疆,国家及地方专项、南疆单列、对口援疆计划本科二批次,文科,,,362,,
3068,扬州大学广陵学院,2024,新疆,国家及地方专项、南疆单列、对口援疆计划本科二批次,文科,,,363,,
7025,保定学院,2024,新疆,国家及地方专项、南疆单列、对口援疆计划本科二批次,文科,,,354,,
7078,哈尔滨师范大学,2024,新疆,国家及地方专项、南疆单列、对口援疆计划本科二批次,文科,,,335,,
7107,淮阴师范学院,2024,新疆,国家及地方专项、南疆单列、对口援疆计划本科二批次,文科,,,340,5665,
7134,福建理工大学,2024,新疆,国家及地方专项、南疆单列、对口援疆计划本科二批次,文科,,,420,,
7144,闽南师范大学,2024,新疆,国家及地方专项、南疆单列、对口援疆计划本科二批次,文科,,,340,3940,
7162,聊城大学,2024,新疆,国家及地方专项、南疆单列、对口援疆计划本科二批次,文科,,,368,,
7190,湖北师范大学,2024,新疆,国家及地方专项、南疆单列、对口援疆计划本科二批次,文科,,,339,,
7209,肇庆学院,2024,新疆,国家及地方专项、南疆单列、对口援疆计划本科二批次,文科,,,328,,
7216,西华大学,2024,新疆,国家及地方专项、南疆单列、对口援疆计划本科二批次,文科,,,376,5113,
1001,北京大学,2024,新疆,本科一批,文科,,,617,,
1002,中国人民大学,2024,新疆,本科一批,文科,,,590,,
1003,清华大学,2024,新疆,本科一批,文科,,,623,,
1004,北京交通大学,2024,新疆,本科一批,文科,,,511,760,
1007,北京理工大学,2024,新疆,本科一批,文科,,,556,,
1010,北京化工大学,2024,新疆,本科一批,文科,,,502,,
1011,北京工商大学,2024,新疆,本科一批,文科,,,502,,
1014,北京印刷学院,2024,新疆,本科一批,文科,,,475,,
1018,中国农业大学,2024,新疆,本科一批,文科,,,498,,
1020,北京林业大学,2024,新疆,本科一批,文科,,,505,,
1023,北京中医药大学,2024,新疆,本科一批,文科,,,552,,
1024,北京师范大学,2024,新疆,本科一批,文科,,,574,,
1027,北京外国语大学,2024,新疆,本科一批,文科,,,534,,
1028,北京第二外国语学院,2024,新疆,本科一批,文科,,,479,,
1030,中国传媒大学,2024,新疆,本科一批,文科,,,539,,
1031,中央财经大学,2024,新疆,本科一批,文科,,,535,,
1032,对外经济贸易大学,2024,新疆,本科一批,文科,,,551,239,
1033,北京物资学院,2024,新疆,本科一批,文科,,,454,,
1034,首都经济贸易大学,2024,新疆,本科一批,文科,,,483,,
1039,北京体育大学,2024,新疆,本科一批,文科,,,488,,
1042,中央美术学院,2024,新疆,本科一批,文科,,,430,,
1047,中央民族大学,2024,新疆,本科一批,文科,,,515,,
1049,华北电力大学（北京）,2024,新疆,本科一批,文科,,,503,,
1050,南开大学,2024,新疆,本科一批,文科,,,574,,
1051,天津大学,2024,新疆,本科一批,文科,,,555,,
1052,天津科技大学,2024,新疆,本科一批,文科,,,425,,
1053,天津工业大学,2024,新疆,本科一批,文科,,,476,,
1058,天津中医药大学,2024,新疆,本科一批,文科,,,465,,
1059,天津师范大学,2024,新疆,本科一批,文科,,,438,,
1061,天津外国语大学,2024,新疆,本科一批,文科,,,437,,
1062,天津商业大学,2024,新疆,本科一批,文科,,,430,,
1063,天津财经大学,2024,新疆,本科一批,文科,,,450,,
1071,华北电力大学（保定）,2024,新疆,本科一批,文科,,,497,,
1072,河北工业大学,2024,新疆,本科一批,文科,,,483,,
1073,华北理工大学,2024,新疆,本科一批,文科,,,462,,
1094,中北大学,2024,新疆,本科一批,文科,,,461,,
1095,太原理工大学,2024,新疆,本科一批,文科,,,472,,
1116,辽宁大学,2024,新疆,本科一批,文科,,,500,,
1117,大连理工大学,2024,新疆,本科一批,文科,,,516,,
1123,辽宁工程技术大学,2024,新疆,本科一批,文科,,,430,,
1127,大连海事大学,2024,新疆,本科一批,文科,,,506,,
1144,大连外国语大学,2024,新疆,本科一批,文科,,,433,,
1145,东北财经大学,2024,新疆,本科一批,文科,,,428,,
1154,吉林大学,2024,新疆,本科一批,文科,,,435,,
1155,延边大学,2024,新疆,本科一批,文科,,,461,,
1156,长春理工大学,2024,新疆,本科一批,文科,,,426,,
1163,东北师范大学,2024,新疆,本科一批,文科,,,497,,
1173,黑龙江大学,2024,新疆,本科一批,文科,,,428,,
1174,哈尔滨工业大学,2024,新疆,本科一批,文科,,,547,,
1179,东北石油大学,2024,新疆,本科一批,文科,,,436,,
1183,东北林业大学,2024,新疆,本科一批,文科,,,385,,
1197,复旦大学,2024,新疆,本科一批,文科,,,606,,
1198,同济大学,2024,新疆,本科一批,文科,,,564,,
1199,上海交通大学,2024,新疆,本科一批,文科,,,607,,
1201,上海理工大学,2024,新疆,本科一批,文科,,,430,,
1202,上海海事大学,2024,新疆,本科一批,文科,,,489,,
1205,上海应用技术大学,2024,新疆,本科一批,文科,,,425,,
1207,上海海洋大学,2024,新疆,本科一批,文科,,,437,,
1209,华东师范大学,2024,新疆,本科一批,文科,,,556,,
1210,上海师范大学,2024,新疆,本科一批,文科,,,449,,
1211,上海外国语大学,2024,新疆,本科一批,文科,,,527,,
1212,上海财经大学,2024,新疆,本科一批,文科,,,558,,
1213,上海对外经贸大学,2024,新疆,本科一批,文科,,,430,,
1216,华东政法大学,2024,新疆,本科一批,文科,,,546,,
1219,上海戏剧学院,2024,新疆,本科一批,文科,,,510,,
1220,上海大学,2024,新疆,本科一批,文科,,,528,,
1222,南京大学,2024,新疆,本科一批,文科,,,584,,
1223,苏州大学,2024,新疆,本科一批,文科,,,527,,
1227,江苏科技大学,2024,新疆,本科一批,文科,,,480,,
1228,中国矿业大学,2024,新疆,本科一批,文科,,,493,,
1231,南京邮电大学,2024,新疆,本科一批,文科,,,434,2038,
1232,河海大学,2024,新疆,本科一批,文科,,,495,,
1233,江南大学,2024,新疆,本科一批,文科,,,489,,
1234,南京林业大学,2024,新疆,本科一批,文科,,,482,,
1235,江苏大学,2024,新疆,本科一批,文科,,,495,,
1240,南京农业大学,2024,新疆,本科一批,文科,,,496,,
1244,中国药科大学,2024,新疆,本科一批,文科,,,515,,
1245,南京师范大学,2024,新疆,本科一批,文科,,,504,,
1249,南京财经大学,2024,新疆,本科一批,文科,,,471,,
1253,苏州科技大学,2024,新疆,本科一批,文科,,,438,,
1256,杭州电子科技大学,2024,新疆,本科一批,文科,,,441,,
1257,浙江工业大学,2024,新疆,本科一批,文科,,,470,,
1263,浙江师范大学,2024,新疆,本科一批,文科,,,483,,
1270,浙江工商大学,2024,新疆,本科一批,文科,,,483,,
1272,中国美术学院,2024,新疆,本科一批,文科,,,456,,
1274,安徽大学,2024,新疆,本科一批,文科,,,494,,
1293,安徽财经大学,2024,新疆,本科一批,文科,,,448,,
1298,厦门大学,2024,新疆,本科一批,文科,,,563,,
1299,华侨大学,2024,新疆,本科一批,文科,,,433,,
1302,福建农林大学,2024,新疆,本科一批,文科,,,433,,
1312,南昌大学,2024,新疆,本科一批,文科,,,487,,
1314,东华理工大学,2024,新疆,本科一批,文科,,,430,,
1316,江西理工大学,2024,新疆,本科一批,文科,,,362,,
1326,江西财经大学,2024,新疆,本科一批,文科,,,473,,
1327,山东大学,2024,新疆,本科一批,文科,,,537,,
1328,中国海洋大学,2024,新疆,本科一批,文科,,,523,,
1330,中国石油大学（华东）,2024,新疆,本科一批,文科,,,492,,
1331,青岛科技大学,2024,新疆,本科一批,文科,,,443,,
1359,郑州大学,2024,新疆,本科一批,文科,,,492,,
1370,河南大学,2024,新疆,本科一批,文科,,,426,,
1379,河南财经政法大学,2024,新疆,本科一批,文科,,,425,,
1381,武汉大学,2024,新疆,本科一批,文科,,,575,,
1382,华中科技大学,2024,新疆,本科一批,文科,,,540,,
1383,武汉科技大学,2024,新疆,本科一批,文科,,,425,,
1384,长江大学,2024,新疆,本科一批,文科,,,450,,
1385,武汉工程大学,2024,新疆,本科一批,文科,,,456,,
1386,中国地质大学（武汉）,2024,新疆,本科一批,文科,,,499,,
1389,武汉理工大学,2024,新疆,本科一批,文科,,,505,,
1394,湖北大学,2024,新疆,本科一批,文科,,,474,,
1400,中南财经政法大学,2024,新疆,本科一批,文科,,,528,,
1403,中南民族大学,2024,新疆,本科一批,文科,,,450,,
1406,湘潭大学,2024,新疆,本科一批,文科,,,360,,
1408,湖南大学,2024,新疆,本科一批,文科,,,486,,
1409,中南大学,2024,新疆,本科一批,文科,,,539,,
1410,湖南科技大学,2024,新疆,本科一批,文科,,,453,,
1411,长沙理工大学,2024,新疆,本科一批,文科,,,433,,
1413,中南林业科技大学,2024,新疆,本科一批,文科,,,425,,
1415,湖南师范大学,2024,新疆,本科一批,文科,,,492,,
1426,中山大学,2024,新疆,本科一批,文科,,,490,,
1427,暨南大学,2024,新疆,本科一批,文科,,,434,,
1434,广州中医药大学,2024,新疆,本科一批,文科,,,532,,
1436,华南师范大学,2024,新疆,本科一批,文科,,,502,,
1447,海南大学,2024,新疆,本科一批,文科,,,426,,
1448,深圳大学,2024,新疆,本科一批,文科,,,528,,
1449,广东财经大学,2024,新疆,本科一批,文科,,,453,,
1466,四川大学,2024,新疆,本科一批,文科,,,545,,
1468,西南交通大学,2024,新疆,本科一批,文科,,,509,,
1470,西南石油大学,2024,新疆,本科一批,文科,,,481,,
1471,成都理工大学,2024,新疆,本科一批,文科,,,442,1847,
1474,西南科技大学,2024,新疆,本科一批,文科,,,374,,
1475,成都信息工程大学,2024,新疆,本科一批,文科,,,425,,
1484,川北医学院,2024,新疆,本科一批,文科,,,411,,
1486,四川师范大学,2024,新疆,本科一批,文科,,,486,,
1499,西南财经大学,2024,新疆,本科一批,文科,,,518,,
1500,西南政法大学,2024,新疆,本科一批,文科,,,510,,
1504,西南民族大学,2024,新疆,本科一批,文科,,,425,,
1505,贵州大学,2024,新疆,本科一批,文科,,,454,,
1519,云南大学,2024,新疆,本科一批,文科,,,497,,
1539,西北大学,2024,新疆,本科一批,文科,,,508,,
1540,西安交通大学,2024,新疆,本科一批,文科,,,568,,
1541,西北工业大学,2024,新疆,本科一批,文科,,,524,,
1546,西安科技大学,2024,新疆,本科一批,文科,,,465,,
1547,西安石油大学,2024,新疆,本科一批,文科,,,437,,
1549,西安工程大学,2024,新疆,本科一批,文科,,,435,,
1550,长安大学,2024,新疆,本科一批,文科,,,491,,
1551,西北农林科技大学,2024,新疆,本科一批,文科,,,502,,
1552,陕西中医药大学,2024,新疆,本科一批,文科,,,495,,
1559,西安外国语大学,2024,新疆,本科一批,文科,,,387,,
1560,西北政法大学,2024,新疆,本科一批,文科,,,519,,
1564,兰州大学,2024,新疆,本科一批,文科,,,493,,
1582,新疆大学,2024,新疆,本科一批,文科,,,426,,
1584,新疆农业大学,2024,新疆,本科一批,文科,,,430,,
1585,石河子大学,2024,新疆,本科一批,文科,,,436,,
1586,新疆医科大学,2024,新疆,本科一批,文科,,,470,,
1587,新疆师范大学,2024,新疆,本科一批,文科,,,426,,
1591,新疆财经大学,2024,新疆,本科一批,文科,,,432,,
1678,上海立信会计金融学院,2024,新疆,本科一批,文科,,,485,,
1692,青岛大学,2024,新疆,本科一批,文科,,,483,,
1693,烟台大学,2024,新疆,本科一批,文科,,,445,,
1701,三峡大学,2024,新疆,本科一批,文科,,,432,3738,
1703,广州大学,2024,新疆,本科一批,文科,,,477,,
1704,成都大学,2024,新疆,本科一批,文科,,,477,,
1715,扬州大学,2024,新疆,本科一批,文科,,,480,,
1730,南京审计大学,2024,新疆,本科一批,文科,,,489,,
1769,中国石油大学（北京）,2024,新疆,本科一批,文科,,,501,,
1771,北京联合大学,2024,新疆,本科一批,文科,,,468,,
1787,上海电机学院,2024,新疆,本科一批,文科,,,429,,
1812,湖南工业大学,2024,新疆,本科一批,文科,,,367,,
1826,西安财经大学,2024,新疆,本科一批,文科,,,457,,
1843,宁波大学,2024,新疆,本科一批,文科,,,494,,
1849,海南师范大学,2024,新疆,本科一批,文科,,,425,,
1853,西安邮电大学,2024,新疆,本科一批,文科,,,454,,
1873,重庆工商大学,2024,新疆,本科一批,文科,,,439,,
1894,上海政法学院,2024,新疆,本科一批,文科,,,469,,
1922,大连民族大学,2024,新疆,本科一批,文科,,,428,,
1957,南方医科大学,2024,新疆,本科一批,文科,,,496,,
3653,宁波诺丁汉大学,2024,新疆,本科一批,文科,,,457,,
3654,西交利物浦大学,2024,新疆,本科一批,文科,,,456,,
3673,东北大学秦皇岛分校,2024,新疆,本科一批,文科,,,496,,
3675,复旦大学上海医学院,2024,新疆,本科一批,文科,,,516,,
3679,中国石油大学（北京）克拉玛依校区,2024,新疆,本科一批,文科,,,459,,
3680,山东大学（威海）,2024,新疆,本科一批,文科,,,530,,
3682,西南大学,2024,新疆,本科一批,文科,,,490,,
5023,中国政法大学,2024,新疆,本科一批,文科,,,515,101,
7076,东北农业大学,2024,新疆,本科一批,文科,,,467,,
7094,南京工业大学,2024,新疆,本科一批,文科,,,472,,
7095,常州大学,2024,新疆,本科一批,文科,,,441,,
7099,南京信息工程大学,2024,新疆,本科一批,文科,,,476,,
7102,南京医科大学,2024,新疆,本科一批,文科,,,481,,
7187,湖北工业大学,2024,新疆,本科一批,文科,,,432,,
7222,西安建筑科技大学,2024,新疆,本科一批,文科,,,444,,
8006,中国民航大学,2024,新疆,本科一批,文科,,,446,,
8014,浙江大学,2024,新疆,本科一批,文科,,,589,,
8073,重庆大学,2024,新疆,本科一批,文科,,,542,,
,北师香港浸会大学,2024,新疆,本科一批,文科,,,435,,
1056,天津农学院,2024,新疆,本科二批,文科,,,399,,
1060,天津职业技术师范大学,2024,新疆,本科二批,文科,,,374,,
1064,天津体育学院,2024,新疆,本科二批,文科,,,358,,
1069,河北地质大学,2024,新疆,本科二批,文科,,,399,,
1074,河北科技大学,2024,新疆,本科二批,文科,,,423,,
1093,太原科技大学,2024,新疆,本科二批,文科,,,401,,
1099,山西师范大学,2024,新疆,本科二批,文科,,,412,,
1100,太原师范学院,2024,新疆,本科二批,文科,,,419,,
1102,晋中学院,2024,新疆,本科二批,文科,,,370,,
1108,内蒙古科技大学,2024,新疆,本科二批,文科,,,357,,
1112,内蒙古师范大学,2024,新疆,本科二批,文科,,,360,,
1113,内蒙古民族大学,2024,新疆,本科二批,文科,,,371,,
1114,赤峰学院,2024,新疆,本科二批,文科,,,339,,
1115,内蒙古财经大学,2024,新疆,本科二批,文科,,,324,,
1119,沈阳航空航天大学,2024,新疆,本科二批,文科,,,387,,
1120,沈阳理工大学,2024,新疆,本科二批,文科,,,369,,
1122,辽宁科技大学,2024,新疆,本科二批,文科,,,377,,
1126,大连交通大学,2024,新疆,本科二批,文科,,,404,,
1130,辽宁工业大学,2024,新疆,本科二批,文科,,,383,,
1139,辽宁师范大学,2024,新疆,本科二批,文科,,,418,,
1140,沈阳师范大学,2024,新疆,本科二批,文科,,,383,,
1141,渤海大学,2024,新疆,本科二批,文科,,,358,,
1142,鞍山师范学院,2024,新疆,本科二批,文科,,,347,,
1158,长春工业大学,2024,新疆,本科二批,文科,,,344,,
1164,北华大学,2024,新疆,本科二批,文科,,,323,,
1165,通化师范学院,2024,新疆,本科二批,文科,,,332,,
1166,吉林师范大学,2024,新疆,本科二批,文科,,,416,,
1167,吉林工程技术师范学院,2024,新疆,本科二批,文科,,,335,,
1168,长春师范大学,2024,新疆,本科二批,文科,,,387,,
1169,白城师范学院,2024,新疆,本科二批,文科,,,358,,
1170,吉林财经大学,2024,新疆,本科二批,文科,,,425,,
1178,黑龙江科技大学,2024,新疆,本科二批,文科,,,368,,
1181,黑龙江八一农垦大学,2024,新疆,本科二批,文科,,,350,,
1184,哈尔滨医科大学,2024,新疆,本科二批,文科,,,402,,
1188,齐齐哈尔大学,2024,新疆,本科二批,文科,,,330,,
1190,哈尔滨学院,2024,新疆,本科二批,文科,,,350,8100,
1191,大庆师范学院,2024,新疆,本科二批,文科,,,350,,
1192,绥化学院,2024,新疆,本科二批,文科,,,340,,
1194,哈尔滨商业大学,2024,新疆,本科二批,文科,,,394,3098,
1196,哈尔滨金融学院,2024,新疆,本科二批,文科,,,375,,
1252,南京艺术学院,2024,新疆,本科二批,文科,,,408,,
1265,湖州师范学院,2024,新疆,本科二批,文科,,,386,,
1267,台州学院,2024,新疆,本科二批,文科,,,431,,
1268,温州大学,2024,新疆,本科二批,文科,,,423,,
1280,安徽农业大学,2024,新疆,本科二批,文科,,,406,,
1288,淮北师范大学,2024,新疆,本科二批,文科,,,426,,
1292,滁州学院,2024,新疆,本科二批,文科,,,352,,
1296,淮南师范学院,2024,新疆,本科二批,文科,,,371,,
1303,集美大学,2024,新疆,本科二批,文科,,,451,,
1306,福建师范大学,2024,新疆,本科二批,文科,,,426,,
1316,江西理工大学,2024,新疆,本科二批,文科,,,441,,
1318,江西农业大学,2024,新疆,本科二批,文科,,,314,,
1322,上饶师范学院,2024,新疆,本科二批,文科,,,326,,
1324,赣南师范大学,2024,新疆,本科二批,文科,,,293,,
1329,山东科技大学,2024,新疆,本科二批,文科,,,446,,
1332,济南大学,2024,新疆,本科二批,文科,,,415,,
1333,青岛理工大学,2024,新疆,本科二批,文科,,,406,,
1334,山东建筑大学,2024,新疆,本科二批,文科,,,357,,
1337,山东农业大学,2024,新疆,本科二批,文科,,,443,,
1341,滨州医学院,2024,新疆,本科二批,文科,,,390,,
1347,曲阜师范大学,2024,新疆,本科二批,文科,,,407,,
1349,德州学院,2024,新疆,本科二批,文科,,,325,,
1350,山东航空学院,2024,新疆,本科二批,文科,,,407,,
1351,鲁东大学,2024,新疆,本科二批,文科,,,407,,
1352,临沂大学,2024,新疆,本科二批,文科,,,433,,
1356,山东财经大学,2024,新疆,本科二批,文科,,,402,,
1361,郑州轻工业大学,2024,新疆,本科二批,文科,,,430,,
1362,河南工业大学,2024,新疆,本科二批,文科,,,399,,
1363,河南科技大学,2024,新疆,本科二批,文科,,,396,,
1364,中原工学院,2024,新疆,本科二批,文科,,,363,,
1365,河南农业大学,2024,新疆,本科二批,文科,,,411,,
1366,河南科技学院,2024,新疆,本科二批,文科,,,334,,
1368,河南中医药大学,2024,新疆,本科二批,文科,,,408,,
1373,周口师范学院,2024,新疆,本科二批,文科,,,381,,
1375,许昌学院,2024,新疆,本科二批,文科,,,381,,
1376,南阳师范学院,2024,新疆,本科二批,文科,,,370,,
1380,郑州航空工业管理学院,2024,新疆,本科二批,文科,,,413,,
1387,武汉纺织大学,2024,新疆,本科二批,文科,,,423,,
1397,湖北民族大学,2024,新疆,本科二批,文科,,,395,,
1398,汉江师范学院,2024,新疆,本科二批,文科,,,381,,
1399,湖北文理学院,2024,新疆,本科二批,文科,,,421,,
1404,湖北汽车工业学院,2024,新疆,本科二批,文科,,,334,,
1412,湖南农业大学,2024,新疆,本科二批,文科,,,386,,
1414,湖南中医药大学,2024,新疆,本科二批,文科,,,464,,
1416,湖南理工学院,2024,新疆,本科二批,文科,,,392,,
1418,衡阳师范学院,2024,新疆,本科二批,文科,,,381,,
1419,邵阳学院,2024,新疆,本科二批,文科,,,292,8020,
1421,湖南文理学院,2024,新疆,本科二批,文科,,,392,,
1422,湖南科技学院,2024,新疆,本科二批,文科,,,377,,
1424,湖南工商大学,2024,新疆,本科二批,文科,,,437,,
1431,广东海洋大学,2024,新疆,本科二批,文科,,,420,,
1440,岭南师范学院,2024,新疆,本科二批,文科,,,382,,
1446,广东技术师范大学,2024,新疆,本科二批,文科,,,328,,
1453,桂林理工大学,2024,新疆,本科二批,文科,,,379,,
1463,广西艺术学院,2024,新疆,本科二批,文科,,,308,,
1464,广西民族大学,2024,新疆,本科二批,文科,,,386,,
1478,中国民用航空飞行学院,2024,新疆,本科二批,文科,,,404,3567,
1481,重庆医科大学,2024,新疆,本科二批,文科,,,416,,
1483,成都中医药大学,2024,新疆,本科二批,文科,,,441,,
1487,重庆师范大学,2024,新疆,本科二批,文科,,,428,,
1488,西华师范大学,2024,新疆,本科二批,文科,,,314,,
1489,绵阳师范学院,2024,新疆,本科二批,文科,,,310,,
1490,内江师范学院,2024,新疆,本科二批,文科,,,306,,
1491,宜宾学院,2024,新疆,本科二批,文科,,,394,,
1492,重庆文理学院,2024,新疆,本科二批,文科,,,386,,
1493,重庆三峡学院,2024,新疆,本科二批,文科,,,395,,
1494,四川文理学院,2024,新疆,本科二批,文科,,,389,,
1496,长江师范学院,2024,新疆,本科二批,文科,,,396,,
1517,贵州财经大学,2024,新疆,本科二批,文科,,,399,,
1522,西南林业大学,2024,新疆,本科二批,文科,,,327,,
1524,大理大学,2024,新疆,本科二批,文科,,,406,,
1528,曲靖师范学院,2024,新疆,本科二批,文科,,,355,,
1532,云南财经大学,2024,新疆,本科二批,文科,,,419,,
1534,云南民族大学,2024,新疆,本科二批,文科,,,415,,
1544,西安工业大学,2024,新疆,本科二批,文科,,,436,,
1554,延安大学,2024,新疆,本科二批,文科,,,372,,
1555,陕西理工大学,2024,新疆,本科二批,文科,,,413,,
1557,咸阳师范学院,2024,新疆,本科二批,文科,,,337,,
1558,渭南师范学院,2024,新疆,本科二批,文科,,,415,,
1561,西安体育学院,2024,新疆,本科二批,文科,,,381,,
1562,西安音乐学院,2024,新疆,本科二批,文科,,,373,,
1565,兰州理工大学,2024,新疆,本科二批,文科,,,424,,
1566,兰州交通大学,2024,新疆,本科二批,文科,,,401,,
1567,甘肃农业大学,2024,新疆,本科二批,文科,,,351,,
1568,甘肃中医药大学,2024,新疆,本科二批,文科,,,372,,
1569,西北师范大学,2024,新疆,本科二批,文科,,,406,,
1571,陇东学院,2024,新疆,本科二批,文科,,,359,,
1573,河西学院,2024,新疆,本科二批,文科,,,340,,
1574,兰州财经大学,2024,新疆,本科二批,文科,,,382,4227,
1575,西北民族大学,2024,新疆,本科二批,文科,,,368,,
1577,青海师范大学,2024,新疆,本科二批,文科,,,402,,
1578,青海民族大学,2024,新疆,本科二批,文科,,,343,,
1583,塔里木大学,2024,新疆,本科二批,文科,,,366,,
1584,新疆农业大学,2024,新疆,本科二批,文科,,,335,,
1586,新疆医科大学,2024,新疆,本科二批,文科,,,413,,
1588,喀什大学,2024,新疆,本科二批,文科,,,309,,
1589,伊犁师范大学,2024,新疆,本科二批,文科,,,312,,
1590,新疆和田学院,2024,新疆,本科二批,文科,,,339,,
1591,新疆财经大学,2024,新疆,本科二批,文科,,,312,,
1592,新疆艺术学院,2024,新疆,本科二批,文科,,,336,,
1593,天津城建大学,2024,新疆,本科二批,文科,,,359,,
1596,吕梁学院,2024,新疆,本科二批,文科,,,362,,
1598,广东白云学院,2024,新疆,本科二批,文科,,,304,,
1599,长沙医学院,2024,新疆,本科二批,文科,,,333,,
1601,齐鲁医药学院,2024,新疆,本科二批,文科,,,343,,
1615,辽宁对外经贸学院,2024,新疆,本科二批,文科,,,304,,
1619,江西科技学院,2024,新疆,本科二批,文科,,,312,,
1627,上海工程技术大学,2024,新疆,本科二批,文科,,,354,,
1630,天津天狮学院,2024,新疆,本科二批,文科,,,291,,
1638,青岛滨海学院,2024,新疆,本科二批,文科,,,304,,
1644,浙江万里学院,2024,新疆,本科二批,文科,,,320,,
1649,萍乡学院,2024,新疆,本科二批,文科,,,376,,
1655,湖北科技学院,2024,新疆,本科二批,文科,,,375,,
1663,吉林外国语大学,2024,新疆,本科二批,文科,,,305,,
1668,新疆工程学院,2024,新疆,本科二批,文科,,,342,,
1669,新疆农业职业技术大学,2024,新疆,本科二批,文科,,,335,,
1670,昌吉学院,2024,新疆,本科二批,文科,,,295,,
1678,上海立信会计金融学院,2024,新疆,本科二批,文科,,,421,,
1679,金陵科技学院,2024,新疆,本科二批,文科,,,300,,
1688,宁波工程学院,2024,新疆,本科二批,文科,,,377,,
1694,潍坊学院,2024,新疆,本科二批,文科,,,420,,
1697,洛阳理工学院,2024,新疆,本科二批,文科,,,384,,
1698,新乡学院,2024,新疆,本科二批,文科,,,362,,
1704,成都大学,2024,新疆,本科二批,文科,,,424,,
1705,西安文理学院,2024,新疆,本科二批,文科,,,420,,
1707,海南热带海洋学院,2024,新疆,本科二批,文科,,,346,,
1708,华北科技学院,2024,新疆,本科二批,文科,,,369,,
1710,广州航海学院,2024,新疆,本科二批,文科,,,313,,
1714,成都工业学院,2024,新疆,本科二批,文科,,,343,,
1718,中华女子学院,2024,新疆,本科二批,文科,,,392,,
1723,太原学院,2024,新疆,本科二批,文科,,,290,13228,
1727,大连大学,2024,新疆,本科二批,文科,,,420,,
1728,吉林工商学院,2024,新疆,本科二批,文科,,,358,,
1736,龙岩学院,2024,新疆,本科二批,文科,,,339,,
1737,福建商学院,2024,新疆,本科二批,文科,,,315,,
1744,信阳农林学院,2024,新疆,本科二批,文科,,,322,,
1746,安阳工学院,2024,新疆,本科二批,文科,,,354,,
1750,荆楚理工学院,2024,新疆,本科二批,文科,,,392,,
1751,湖南工程学院,2024,新疆,本科二批,文科,,,363,,
1753,五邑大学,2024,新疆,本科二批,文科,,,432,,
1757,攀枝花学院,2024,新疆,本科二批,文科,,,405,,
1759,楚雄师范学院,2024,新疆,本科二批,文科,,,352,,
1763,商洛学院,2024,新疆,本科二批,文科,,,384,,
1764,安康学院,2024,新疆,本科二批,文科,,,336,,
1765,西安培华学院,2024,新疆,本科二批,文科,,,333,,
1766,甘肃政法大学,2024,新疆,本科二批,文科,,,409,,
1767,北方民族大学,2024,新疆,本科二批,文科,,,346,,
1771,北京联合大学,2024,新疆,本科二批,文科,,,414,,
1772,北京城市学院,2024,新疆,本科二批,文科,,,312,,
1775,集宁师范学院,2024,新疆,本科二批,文科,,,332,,
1781,吉林农业科技学院,2024,新疆,本科二批,文科,,,333,,
1783,吉林警察学院,2024,新疆,本科二批,文科,,,410,,
1784,黑龙江工业学院,2024,新疆,本科二批,文科,,,343,,
1792,浙江水利水电学院,2024,新疆,本科二批,文科,,,393,,
1797,莆田学院,2024,新疆,本科二批,文科,,,306,,
1803,新余学院,2024,新疆,本科二批,文科,,,362,,
1808,湖南城市学院,2024,新疆,本科二批,文科,,,386,,
1813,湖南女子学院,2024,新疆,本科二批,文科,,,288,,
1814,广东金融学院,2024,新疆,本科二批,文科,,,413,,
1815,电子科技大学中山学院,2024,新疆,本科二批,文科,,,288,,
1820,重庆科技大学,2024,新疆,本科二批,文科,,,403,,
1828,兰州文理学院,2024,新疆,本科二批,文科,,,306,,
1830,湖北经济学院,2024,新疆,本科二批,文科,,,391,,
1839,河套学院,2024,新疆,本科二批,文科,,,339,,
1841,哈尔滨信息工程学院,2024,新疆,本科二批,文科,,,293,,
1844,浙江传媒学院,2024,新疆,本科二批,文科,,,414,,
1845,河南财政金融学院,2024,新疆,本科二批,文科,,,386,,
1846,南阳理工学院,2024,新疆,本科二批,文科,,,339,,
1847,武汉商学院,2024,新疆,本科二批,文科,,,368,,
1848,广东石油化工学院,2024,新疆,本科二批,文科,,,365,,
1850,重庆理工大学,2024,新疆,本科二批,文科,,,417,,
1853,西安邮电大学,2024,新疆,本科二批,文科,,,318,,
1854,山东工商学院,2024,新疆,本科二批,文科,,,392,,
1855,呼和浩特民族学院,2024,新疆,本科二批,文科,,,334,,
1856,长春大学,2024,新疆,本科二批,文科,,,348,,
1859,西安航空学院,2024,新疆,本科二批,文科,,,384,,
1872,武汉东湖学院,2024,新疆,本科二批,文科,,,315,,
1874,汉口学院,2024,新疆,本科二批,文科,,,304,,
1875,黑龙江工程学院,2024,新疆,本科二批,文科,,,359,,
1877,陇南师范学院,2024,新疆,本科二批,文科,,,342,,
1880,海南医科大学,2024,新疆,本科二批,文科,,,375,,
1893,黄河科技学院,2024,新疆,本科二批,文科,,,323,,
1895,桂林旅游学院,2024,新疆,本科二批,文科,,,340,,
1900,九江学院,2024,新疆,本科二批,文科,,,346,,
1911,泰州学院,2024,新疆,本科二批,文科,,,373,,
1919,郑州师范学院,2024,新疆,本科二批,文科,,,386,,
1922,大连民族大学,2024,新疆,本科二批,文科,,,391,,
1929,南京特殊教育师范学院,2024,新疆,本科二批,文科,,,374,,
1937,南通理工学院,2024,新疆,本科二批,文科,,,309,,
1940,广东培正学院,2024,新疆,本科二批,文科,,,326,,
1958,湖南医药学院,2024,新疆,本科二批,文科,,,389,,
1970,湖南涉外经济学院,2024,新疆,本科二批,文科,,,304,,
1973,海口经济学院,2024,新疆,本科二批,文科,,,304,,
1974,武昌首义学院,2024,新疆,本科二批,文科,,,318,,
1975,武昌理工学院,2024,新疆,本科二批,文科,,,321,,
1986,烟台南山学院,2024,新疆,本科二批,文科,,,309,,
1998,武汉生物工程学院,2024,新疆,本科二批,文科,,,321,,
2024,中国劳动关系学院,2024,新疆,本科二批,文科,,,369,,
2046,云南经济管理学院,2024,新疆,本科二批,文科,,,304,,
2068,上海立达学院,2024,新疆,本科二批,文科,,,304,,
2087,重庆工程学院,2024,新疆,本科二批,文科,,,336,,
2090,广州城市理工学院,2024,新疆,本科二批,文科,,,304,,
2094,广州华商学院,2024,新疆,本科二批,文科,,,301,,
2107,成都东软学院,2024,新疆,本科二批,文科,,,324,,
2122,中南林业科技大学涉外学院,2024,新疆,本科二批,文科,,,374,,
2125,衡阳师范学院南岳学院,2024,新疆,本科二批,文科,,,347,,
2127,湖南中医药大学湘杏学院,2024,新疆,本科二批,文科,,,386,,
2157,西安外事学院,2024,新疆,本科二批,文科,,,314,,
2158,西安翻译学院,2024,新疆,本科二批,文科,,,304,,
2159,西京学院,2024,新疆,本科二批,文科,,,305,,
2177,新疆警察学院,2024,新疆,本科二批,文科,,,336,,
2190,郑州工业应用技术学院,2024,新疆,本科二批,文科,,,310,,
2208,江西工程学院,2024,新疆,本科二批,文科,,,306,,
2233,浙江越秀外国语学院,2024,新疆,本科二批,文科,,,305,,
2236,南昌理工学院,2024,新疆,本科二批,文科,,,320,,
2240,上海建桥学院,2024,新疆,本科二批,文科,,,304,,
2243,吉利学院,2024,新疆,本科二批,文科,,,291,13228,
2408,宁波财经学院,2024,新疆,本科二批,文科,,,304,,
2412,山东英才学院,2024,新疆,本科二批,文科,,,304,,
2420,青岛恒星科技学院,2024,新疆,本科二批,文科,,,304,,
2422,浙大城市学院,2024,新疆,本科二批,文科,,,418,,
2482,厦门工学院,2024,新疆,本科二批,文科,,,364,,
2483,西安思源学院,2024,新疆,本科二批,文科,,,312,,
2485,陕西国际商贸学院,2024,新疆,本科二批,文科,,,305,,
2487,陕西服装工程学院,2024,新疆,本科二批,文科,,,304,,
2495,武汉晴川学院,2024,新疆,本科二批,文科,,,304,,
2496,大连理工大学城市学院,2024,新疆,本科二批,文科,,,300,,
2499,沈阳工学院,2024,新疆,本科二批,文科,,,304,,
2500,大连工业大学艺术与信息工程学院,2024,新疆,本科二批,文科,,,304,,
2502,沈阳城市建设学院,2024,新疆,本科二批,文科,,,289,,
2506,辽宁师范大学海华学院,2024,新疆,本科二批,文科,,,316,,
2507,辽宁理工学院,2024,新疆,本科二批,文科,,,285,,
2508,大连财经学院,2024,新疆,本科二批,文科,,,311,,
2509,沈阳城市学院,2024,新疆,本科二批,文科,,,307,,
2510,湖北大学知行学院,2024,新疆,本科二批,文科,,,340,,
2511,武汉城市学院,2024,新疆,本科二批,文科,,,304,,
2512,三峡大学科技学院,2024,新疆,本科二批,文科,,,336,,
2513,武汉文理学院,2024,新疆,本科二批,文科,,,330,,
2514,湖北工业大学工程技术学院,2024,新疆,本科二批,文科,,,304,,
2515,武汉工程大学邮电与信息工程学院,2024,新疆,本科二批,文科,,,315,,
2516,武汉纺织大学外经贸学院,2024,新疆,本科二批,文科,,,321,,
2517,武昌工学院,2024,新疆,本科二批,文科,,,315,,
2518,武汉工商学院,2024,新疆,本科二批,文科,,,331,,
2520,长江大学文理学院,2024,新疆,本科二批,文科,,,333,,
2521,湖北商贸学院,2024,新疆,本科二批,文科,,,320,,
2524,湖北恩施学院,2024,新疆,本科二批,文科,,,326,,
2526,武汉体育学院体育科技学院,2024,新疆,本科二批,文科,,,309,,
2528,湖北文理学院理工学院,2024,新疆,本科二批,文科,,,338,,
2529,湖北工程学院新技术学院,2024,新疆,本科二批,文科,,,333,,
2530,文华学院,2024,新疆,本科二批,文科,,,306,,
2535,浙江工业大学之江学院,2024,新疆,本科二批,文科,,,313,,
2536,浙江师范大学行知学院,2024,新疆,本科二批,文科,,,403,,
2537,宁波大学科学技术学院,2024,新疆,本科二批,文科,,,315,,
2549,嘉兴南湖学院,2024,新疆,本科二批,文科,,,418,,
2552,黑龙江外国语学院,2024,新疆,本科二批,文科,,,304,,
2553,黑龙江财经学院,2024,新疆,本科二批,文科,,,305,,
2554,哈尔滨石油学院,2024,新疆,本科二批,文科,,,292,,
2555,黑龙江工商学院,2024,新疆,本科二批,文科,,,306,,
2556,哈尔滨远东理工学院,2024,新疆,本科二批,文科,,,304,,
2558,哈尔滨剑桥学院,2024,新疆,本科二批,文科,,,294,,
2559,黑龙江工程学院昆仑旅游学院,2024,新疆,本科二批,文科,,,297,,
2560,哈尔滨广厦学院,2024,新疆,本科二批,文科,,,307,,
2561,哈尔滨华德学院,2024,新疆,本科二批,文科,,,286,,
2566,青岛黄海学院,2024,新疆,本科二批,文科,,,313,,
2568,山东现代学院,2024,新疆,本科二批,文科,,,306,,
2570,山东协和学院,2024,新疆,本科二批,文科,,,315,,
2572,滇池学院,2024,新疆,本科二批,文科,,,305,,
2574,昆明城市学院,2024,新疆,本科二批,文科,,,297,,
2575,昆明医科大学海源学院,2024,新疆,本科二批,文科,,,320,,
2590,烟台理工学院,2024,新疆,本科二批,文科,,,318,,
2591,青岛城市学院,2024,新疆,本科二批,文科,,,320,,
2593,山东石油化工学院,2024,新疆,本科二批,文科,,,402,,
2630,南昌交通学院,2024,新疆,本科二批,文科,,,304,,
2631,赣东学院,2024,新疆,本科二批,文科,,,335,,
2633,赣南科技学院,2024,新疆,本科二批,文科,,,362,,
2636,南昌医学院,2024,新疆,本科二批,文科,,,358,,
2648,厦门大学嘉庚学院,2024,新疆,本科二批,文科,,,351,,
2650,集美大学诚毅学院,2024,新疆,本科二批,文科,,,345,,
2651,福建师范大学协和学院,2024,新疆,本科二批,文科,,,332,,
2658,信阳学院,2024,新疆,本科二批,文科,,,327,,
2663,郑州经贸学院,2024,新疆,本科二批,文科,,,325,,
2665,兰州工商学院,2024,新疆,本科二批,文科,,,313,,
2667,兰州博文科技学院,2024,新疆,本科二批,文科,,,304,,
2681,晋中信息学院,2024,新疆,本科二批,文科,,,313,10906,
2683,山西晋中理工学院,2024,新疆,本科二批,文科,,,323,,
2685,重庆人文科技学院,2024,新疆,本科二批,文科,,,325,,
2686,新疆理工学院,2024,新疆,本科二批,文科,,,339,,
2689,新疆科技学院,2024,新疆,本科二批,文科,,,345,,
2696,西安交通工程学院,2024,新疆,本科二批,文科,,,308,,
2707,重庆外语外事学院,2024,新疆,本科二批,文科,,,314,,
2708,重庆对外经贸学院,2024,新疆,本科二批,文科,,,333,,
2709,重庆财经学院,2024,新疆,本科二批,文科,,,327,7192,
2710,重庆工商大学派斯学院,2024,新疆,本科二批,文科,,,326,,
2712,石家庄铁道大学四方学院,2024,新疆,本科二批,文科,,,339,,
2713,河北地质大学华信学院,2024,新疆,本科二批,文科,,,307,,
2719,长春光华学院,2024,新疆,本科二批,文科,,,294,,
2720,长春工业大学人文信息学院,2024,新疆,本科二批,文科,,,308,,
2722,长春财经学院,2024,新疆,本科二批,文科,,,296,,
2723,吉林建筑科技学院,2024,新疆,本科二批,文科,,,291,13228,
2725,长春科技学院,2024,新疆,本科二批,文科,,,314,,
2728,辽宁中医药大学杏林学院,2024,新疆,本科二批,文科,,,333,,
2740,沈阳科技学院,2024,新疆,本科二批,文科,,,287,,
2742,长春大学旅游学院,2024,新疆,本科二批,文科,,,296,,
2744,昆明文理学院,2024,新疆,本科二批,文科,,,304,,
2746,重庆移通学院,2024,新疆,本科二批,文科,,,319,,
2747,新疆政法学院,2024,新疆,本科二批,文科,,,347,,
2753,武汉学院,2024,新疆,本科二批,文科,,,323,,
2754,长沙理工大学城南学院,2024,新疆,本科二批,文科,,,348,,
2755,上海外国语大学贤达经济人文学院,2024,新疆,本科二批,文科,,,304,,
2760,桂林学院,2024,新疆,本科二批,文科,,,314,,
2767,贵州黔南经济学院,2024,新疆,本科二批,文科,,,324,,
2774,南京航空航天大学金城学院,2024,新疆,本科二批,文科,,,315,,
2777,天津外国语大学滨海外事学院,2024,新疆,本科二批,文科,,,306,,
2779,天津商业大学宝德学院,2024,新疆,本科二批,文科,,,320,153,
2781,长春人文学院,2024,新疆,本科二批,文科,,,309,,
2783,武汉工程科技学院,2024,新疆,本科二批,文科,,,304,,
2784,电子科技大学成都学院,2024,新疆,本科二批,文科,,,350,,
2785,武汉华夏理工学院,2024,新疆,本科二批,文科,,,314,,
2786,广州商学院,2024,新疆,本科二批,文科,,,308,,
2787,成都理工大学工程技术学院,2024,新疆,本科二批,文科,,,325,,
2788,四川传媒学院,2024,新疆,本科二批,文科,,,331,,
2789,成都银杏酒店管理学院,2024,新疆,本科二批,文科,,,306,,
2790,成都文理学院,2024,新疆,本科二批,文科,,,338,,
2791,四川工商学院,2024,新疆,本科二批,文科,,,325,,
2792,成都外国语学院,2024,新疆,本科二批,文科,,,288,,
2796,西安交通大学城市学院,2024,新疆,本科二批,文科,,,320,,
2798,西安建筑科技大学华清学院,2024,新疆,本科二批,文科,,,316,,
2799,西安财经大学行知学院,2024,新疆,本科二批,文科,,,307,,
2800,陕西科技大学镐京学院,2024,新疆,本科二批,文科,,,304,,
2801,西安工商学院,2024,新疆,本科二批,文科,,,309,,
2802,延安大学西安创新学院,2024,新疆,本科二批,文科,,,304,,
2803,珠海科技学院,2024,新疆,本科二批,文科,,,304,,
2831,广州工商学院,2024,新疆,本科二批,文科,,,304,,
2836,广东科技学院,2024,新疆,本科二批,文科,,,304,,
2837,广东理工学院,2024,新疆,本科二批,文科,,,304,,
2838,广东工商职业技术大学,2024,新疆,本科二批,文科,,,304,,
2840,新疆天山职业技术大学,2024,新疆,本科二批,文科,,,313,,
2851,西安汽车职业大学,2024,新疆,本科二批,文科,,,304,,
2857,黑河学院,2024,新疆,本科二批,文科,,,344,,
2875,福建江夏学院,2024,新疆,本科二批,文科,,,360,,
2918,湖南应用技术学院,2024,新疆,本科二批,文科,,,304,,
2920,琼台师范学院,2024,新疆,本科二批,文科,,,300,,
2976,保定理工学院,2024,新疆,本科二批,文科,,,304,,
2977,三亚学院,2024,新疆,本科二批,文科,,,284,,
2978,上海师范大学天华学院,2024,新疆,本科二批,文科,,,285,,
2979,西安明德理工学院,2024,新疆,本科二批,文科,,,298,,
2983,北京科技大学天津学院,2024,新疆,本科二批,文科,,,332,,
2984,北京中医药大学东方学院,2024,新疆,本科二批,文科,,,375,,
2986,北京邮电大学世纪学院,2024,新疆,本科二批,文科,,,324,,
2987,广州新华学院,2024,新疆,本科二批,文科,,,304,,
2989,北京工业大学耿丹学院,2024,新疆,本科二批,文科,,,304,,
2991,南京师范大学中北学院,2024,新疆,本科二批,文科,,,326,,
3063,无锡学院,2024,新疆,本科二批,文科,,,402,,
3066,苏州科技大学天平学院,2024,新疆,本科二批,文科,,,324,,
3068,扬州大学广陵学院,2024,新疆,本科二批,文科,,,339,,
3070,南京邮电大学通达学院,2024,新疆,本科二批,文科,,,326,,
3072,江苏科技大学苏州理工学院,2024,新疆,本科二批,文科,,,304,,
3075,南京审计大学金审学院,2024,新疆,本科二批,文科,,,374,,
3076,青岛工学院,2024,新疆,本科二批,文科,,,304,,
3078,齐鲁理工学院,2024,新疆,本科二批,文科,,,304,,
3079,山东财经大学东方学院,2024,新疆,本科二批,文科,,,312,,
3081,聊城大学东昌学院,2024,新疆,本科二批,文科,,,337,,
3083,商丘学院,2024,新疆,本科二批,文科,,,324,,
3114,西南财经大学天府学院,2024,新疆,本科二批,文科,,,325,,
3115,天津仁爱学院,2024,新疆,本科二批,文科,,,304,,
3116,四川大学锦江学院,2024,新疆,本科二批,文科,,,337,,
3117,郑州商学院,2024,新疆,本科二批,文科,,,330,,
3119,西安科技大学高新学院,2024,新疆,本科二批,文科,,,304,,
3120,四川文化艺术学院,2024,新疆,本科二批,文科,,,288,13546,
3121,绵阳城市学院,2024,新疆,本科二批,文科,,,307,,
3158,天津财经大学珠江学院,2024,新疆,本科二批,文科,,,320,,
3204,民政职业大学,2024,新疆,本科二批,文科,,,380,,
3216,海南科技职业大学,2024,新疆,本科二批,文科,,,304,,
3240,内蒙古大学创业学院,2024,新疆,本科二批,文科,,,308,,
3243,沧州交通学院,2024,新疆,本科二批,文科,,,291,,
3259,贵州师范学院,2024,新疆,本科二批,文科,,,400,,
3260,河北东方学院,2024,新疆,本科二批,文科,,,311,,
3294,西南交通大学希望学院,2024,新疆,本科二批,文科,,,309,,
3305,浙江外国语学院,2024,新疆,本科二批,文科,,,390,,
3407,陕西学前师范学院,2024,新疆,本科二批,文科,,,364,,
3425,四川电影电视学院,2024,新疆,本科二批,文科,,,353,,
3445,山西传媒学院,2024,新疆,本科二批,文科,,,374,,
3664,内蒙古科技大学包头师范学院,2024,新疆,本科二批,文科,,,347,,
3802,福建技术师范学院,2024,新疆,本科二批,文科,,,341,,
3877,河北石油职业技术大学,2024,新疆,本科二批,文科,,,332,,
3878,河北工业职业技术大学,2024,新疆,本科二批,文科,,,348,,
3879,兰州资源环境职业技术大学,2024,新疆,本科二批,文科,,,377,,
3880,兰州石化职业技术大学,2024,新疆,本科二批,文科,,,343,,
7037,山西财经大学,2024,新疆,本科二批,文科,,,359,,
7107,淮阴师范学院,2024,新疆,本科二批,文科,,,402,3231,
7124,嘉兴大学,2024,新疆,本科二批,文科,,,415,,
7134,福建理工大学,2024,新疆,本科二批,文科,,,412,,
7140,闽江学院,2024,新疆,本科二批,文科,,,381,,
7141,武夷学院,2024,新疆,本科二批,文科,,,357,,
7142,宁德师范学院,2024,新疆,本科二批,文科,,,351,,
7144,闽南师范大学,2024,新疆,本科二批,文科,,,411,4273,
7154,井冈山大学,2024,新疆,本科二批,文科,,,308,,
7178,河南师范大学,2024,新疆,本科二批,文科,,,389,,
7180,洛阳师范学院,2024,新疆,本科二批,文科,,,352,,
7186,武汉轻工大学,2024,新疆,本科二批,文科,,,419,,
7190,湖北师范大学,2024,新疆,本科二批,文科,,,346,,
7195,吉首大学,2024,新疆,本科二批,文科,,,327,3459,
7209,肇庆学院,2024,新疆,本科二批,文科,,,329,,
7235,厦门理工学院,2024,新疆,本科二批,文科,,,392,,
7249,三明学院,2024,新疆,本科二批,文科,,,308,,
7255,河北金融学院,2024,新疆,本科二批,文科,,,371,,
7275,河南城建学院,2024,新疆,本科二批,文科,,,337,,
7283,上海商学院,2024,新疆,本科二批,文科,,,392,,
7302,河南开封科技传媒学院,2024,新疆,本科二批,文科,,,311,,
7306,淮北理工学院,2024,新疆,本科二批,文科,,,304,,
7322,苏州大学应用技术学院,2024,新疆,本科二批,文科,,,321,,
7326,常州大学怀德学院,2024,新疆,本科二批,文科,,,305,,
7330,湖北第二师范学院,2024,新疆,本科二批,文科,,,376,,
7402,衡水学院,2024,新疆,本科二批,文科,,,357,,
8026,榆林学院,2024,新疆,本科二批,文科,,,392,,
8030,西安欧亚学院,2024,新疆,本科二批,文科,,,304,,
,云南农业大学,2024,新疆,本科二批,文科,,,386,,
7251,江西科技师范大学,2024,新疆,本科批,文科,,,325,,
1035,中国消防救援学院,2024,新疆,本科提前批,文科,,,458,,
1037,中国人民公安大学,2024,新疆,本科提前批,文科,,,468,,
1146,中国刑事警察学院,2024,新疆,本科提前批,文科,,,380,,
1553,陕西师范大学,2024,新疆,本科提前批,文科,,,493,,
1559,西安外国语大学,2024,新疆,本科提前批,文科,,,427,,
1760,云南警官学院,2024,新疆,本科提前批,文科,,,395,,
1385,武汉工程大学,2024,新疆,艺术类本科批,文科,,,435,,
1559,西安外国语大学,2024,新疆,艺术类本科批,文科,,,455,,
1173,黑龙江大学,2024,新疆,高校专项计划批次,文科,,,425,,
1553,陕西师范大学,2024,新疆,高校专项计划批次,文科,,,537,,
1500,西南政法大学,2024,新疆,高校专项计划本科批,文科,,,476,,
1138,沈阳医学院,2024,新疆,专科批,理科,,,266,,
1142,鞍山师范学院,2024,新疆,专科批,理科,,,202,,
1143,朝阳师范学院,2024,新疆,专科批,理科,,,254,,
1150,抚顺师范高等专科学校,2024,新疆,专科批,理科,,,180,,
1151,锦州师范高等专科学校,2024,新疆,专科批,理科,,,245,,
1152,营口职业技术学院,2024,新疆,专科批,理科,,,211,,
1153,铁岭师范高等专科学校,2024,新疆,专科批,理科,,,216,,
1193,齐齐哈尔高等师范专科学校,2024,新疆,专科批,理科,,,244,,
1215,上海旅游高等专科学校,2024,新疆,专科批,理科,,,246,,
1453,桂林理工大学,2024,新疆,专科批,理科,,,279,,
1566,兰州交通大学,2024,新疆,专科批,理科,,,292,,
1590,新疆和田学院,2024,新疆,专科批,理科,,,200,,
1600,河南职业技术学院,2024,新疆,专科批,理科,,,254,,
1601,齐鲁医药学院,2024,新疆,专科批,理科,,,264,,
1603,长沙民政职业技术学院,2024,新疆,专科批,理科,,,285,,
1606,湖南工业职业技术学院,2024,新疆,专科批,理科,,,238,,
1607,顺德职业技术大学,2024,新疆,专科批,理科,,,145,,
1608,山东商业职业技术学院,2024,新疆,专科批,理科,,,206,,
1609,广东轻工职业技术大学,2024,新疆,专科批,理科,,,254,,
1618,大连职业技术学院,2024,新疆,专科批,理科,,,223,,
1620,辽源职业技术学院,2024,新疆,专科批,理科,,,185,,
1624,上海东海职业技术学院,2024,新疆,专科批,理科,,,174,,
1625,上海工商职业技术学院,2024,新疆,专科批,理科,,,204,,
1630,天津天狮学院,2024,新疆,专科批,理科,,,201,,
1631,广东交通职业技术学院,2024,新疆,专科批,理科,,,229,,
1635,湖南信息职业技术学院,2024,新疆,专科批,理科,,,262,,
1640,重庆航天职业技术学院,2024,新疆,专科批,理科,,,260,,
1641,内蒙古建筑职业技术大学,2024,新疆,专科批,理科,,,189,,
1647,江西医学高等专科学校,2024,新疆,专科批,理科,,,260,,
1658,长江职业学院,2024,新疆,专科批,理科,,,180,,
1665,陕西农林职业技术大学,2024,新疆,专科批,理科,,,167,,
1668,新疆工程学院,2024,新疆,专科批,理科,,,257,,
1669,新疆农业职业技术大学,2024,新疆,专科批,理科,,,215,,
1670,昌吉学院,2024,新疆,专科批,理科,,,244,,
1671,天津市职业大学,2024,新疆,专科批,理科,,,223,,
1675,抚顺职业技术学院,2024,新疆,专科批,理科,,,248,,
1676,四平职业大学,2024,新疆,专科批,理科,,,191,,
1677,牡丹江大学,2024,新疆,专科批,理科,,,216,,
1681,连云港职业技术学院,2024,新疆,专科批,理科,,,231,,
1682,镇江市高等专科学校,2024,新疆,专科批,理科,,,214,,
1696,开封大学,2024,新疆,专科批,理科,,,246,,
1700,荆州理工职业学院,2024,新疆,专科批,理科,,,184,,
1712,深圳职业技术大学,2024,新疆,专科批,理科,,,293,,
1713,广东南华工商职业学院,2024,新疆,专科批,理科,,,229,,
1716,私立华联学院,2024,新疆,专科批,理科,,,144,,
1724,辽宁农业职业技术学院,2024,新疆,专科批,理科,,,172,,
1725,辽阳职业技术学院,2024,新疆,专科批,理科,,,222,,
1726,阜新高等专科学校,2024,新疆,专科批,理科,,,223,,
1738,漳州职业技术学院,2024,新疆,专科批,理科,,,242,,
1748,湖北工业职业技术学院,2024,新疆,专科批,理科,,,243,,
1774,张家口职业技术学院,2024,新疆,专科批,理科,,,240,,
1782,长春金融高等专科学校,2024,新疆,专科批,理科,,,244,,
1799,辽宁省交通高等专科学校,2024,新疆,专科批,理科,,,219,,
1800,福州职业技术学院,2024,新疆,专科批,理科,,,194,,
1802,九江职业大学,2024,新疆,专科批,理科,,,234,,
1822,成都纺织高等专科学校,2024,新疆,专科批,理科,,,244,,
1824,昆明冶金高等专科学校,2024,新疆,专科批,理科,,,184,,
1829,乌鲁木齐职业大学,2024,新疆,专科批,理科,,,170,,
1852,黔南民族医学高等专科学校,2024,新疆,专科批,理科,,,237,,
1858,上海出版印刷高等专科学校,2024,新疆,专科批,理科,,,235,,
1861,广西职业技术学院,2024,新疆,专科批,理科,,,199,,
1874,汉口学院,2024,新疆,专科批,理科,,,140,,
1877,陇南师范学院,2024,新疆,专科批,理科,,,236,,
1884,长春医学高等专科学校,2024,新疆,专科批,理科,,,260,,
1887,西安电力高等专科学校,2024,新疆,专科批,理科,,,284,,
1888,山东电力高等专科学校,2024,新疆,专科批,理科,,,292,,
1889,郑州电力高等专科学校,2024,新疆,专科批,理科,,,272,,
1905,天津医学高等专科学校,2024,新疆,专科批,理科,,,264,,
1906,重庆电力高等专科学校,2024,新疆,专科批,理科,,,262,,
1912,鹤岗师范高等专科学校,2024,新疆,专科批,理科,,,192,,
1913,安徽第二医学院,2024,新疆,专科批,理科,,,259,,
1915,邢台医学院,2024,新疆,专科批,理科,,,266,,
1916,湖北中医药高等专科学校,2024,新疆,专科批,理科,,,256,,
1918,安徽中医药高等专科学校,2024,新疆,专科批,理科,,,268,,
1921,海南职业技术学院,2024,新疆,专科批,理科,,,228,,
1925,广州民航职业技术学院,2024,新疆,专科批,理科,,,254,,
1927,广州职业技术大学,2024,新疆,专科批,理科,,,217,,
1928,江苏经贸职业技术学院,2024,新疆,专科批,理科,,,215,,
1930,吉林交通职业技术学院,2024,新疆,专科批,理科,,,192,,
1932,湖北职业技术学院,2024,新疆,专科批,理科,,,265,,
1934,黑龙江建筑职业技术学院,2024,新疆,专科批,理科,,,141,,
1935,九州职业技术学院,2024,新疆,专科批,理科,,,186,,
1938,包头职业技术学院,2024,新疆,专科批,理科,,,152,,
1942,金华职业技术大学,2024,新疆,专科批,理科,,,282,,
1943,日照职业技术学院,2024,新疆,专科批,理科,,,244,,
1944,盘锦职业技术学院,2024,新疆,专科批,理科,,,200,,
1945,成都航空职业技术大学,2024,新疆,专科批,理科,,,279,,
1952,硅湖职业技术学院,2024,新疆,专科批,理科,,,141,,
1953,柳州职业技术大学,2024,新疆,专科批,理科,,,244,,
1954,天津中德应用技术大学,2024,新疆,专科批,理科,,,255,,
1959,重庆工业职业技术大学,2024,新疆,专科批,理科,,,263,,
1963,安徽警官职业学院,2024,新疆,专科批,理科,,,221,,
1968,永州职业技术学院,2024,新疆,专科批,理科,,,261,,
1970,湖南涉外经济学院,2024,新疆,专科批,理科,,,140,,
1971,湖南科技职业学院,2024,新疆,专科批,理科,,,149,,
1973,海口经济学院,2024,新疆,专科批,理科,,,142,,
1974,武昌首义学院,2024,新疆,专科批,理科,,,224,,
1975,武昌理工学院,2024,新疆,专科批,理科,,,213,,
1976,常州信息职业技术学院,2024,新疆,专科批,理科,,,167,,
1977,广东农工商职业技术学院,2024,新疆,专科批,理科,,,218,,
1983,山东劳动职业技术学院,2024,新疆,专科批,理科,,,155,,
1984,莱芜职业技术学院,2024,新疆,专科批,理科,,,232,,
1986,烟台南山学院,2024,新疆,专科批,理科,,,147,,
1993,云南国土资源职业学院,2024,新疆,专科批,理科,,,223,,
1998,武汉生物工程学院,2024,新疆,专科批,理科,,,152,,
2002,广西国际商务职业技术学院,2024,新疆,专科批,理科,,,156,,
2005,河北建材职业技术学院,2024,新疆,专科批,理科,,,204,,
2007,柳州铁道职业技术学院,2024,新疆,专科批,理科,,,230,,
2017,石家庄铁路职业技术学院,2024,新疆,专科批,理科,,,257,,
2019,东营职业学院,2024,新疆,专科批,理科,,,202,,
2021,兴安职业技术大学,2024,新疆,专科批,理科,,,155,,
2026,克拉玛依职业技术学院,2024,新疆,专科批,理科,,,206,,
2027,天津滨海职业学院,2024,新疆,专科批,理科,,,185,,
2030,上海行健职业学院,2024,新疆,专科批,理科,,,238,,
2031,上海城建职业学院,2024,新疆,专科批,理科,,,220,,
2034,上海电子信息职业技术学院,2024,新疆,专科批,理科,,,239,,
2035,陕西能源职业技术学院,2024,新疆,专科批,理科,,,157,,
2038,新疆轻工职业技术学院,2024,新疆,专科批,理科,,,148,,
2046,云南经济管理学院,2024,新疆,专科批,理科,,,151,,
2054,新疆能源职业技术学院,2024,新疆,专科批,理科,,,145,,
2055,广东科学技术职业学院,2024,新疆,专科批,理科,,,214,,
2056,广东食品药品职业学院,2024,新疆,专科批,理科,,,207,,
2058,广州康大职业技术学院,2024,新疆,专科批,理科,,,203,,
2064,上海震旦职业学院,2024,新疆,专科批,理科,,,143,,
2072,辽宁职业学院,2024,新疆,专科批,理科,,,212,,
2073,辽宁生态工程职业学院,2024,新疆,专科批,理科,,,205,,
2074,沈阳职业技术学院,2024,新疆,专科批,理科,,,217,,
2075,辽宁理工职业大学,2024,新疆,专科批,理科,,,142,,
2088,重庆电子科技职业大学,2024,新疆,专科批,理科,,,284,,
2097,福建林业职业技术学院,2024,新疆,专科批,理科,,,218,,
2098,福建信息职业技术学院,2024,新疆,专科批,理科,,,239,,
2099,福建水利电力职业技术学院,2024,新疆,专科批,理科,,,223,,
2104,福建卫生职业技术学院,2024,新疆,专科批,理科,,,240,,
2106,成都职业技术学院,2024,新疆,专科批,理科,,,223,,
2108,四川化工职业技术学院,2024,新疆,专科批,理科,,,269,,
2109,四川水利职业技术学院,2024,新疆,专科批,理科,,,192,,
2110,南充职业技术学院,2024,新疆,专科批,理科,,,238,,
2112,四川航天职业技术学院,2024,新疆,专科批,理科,,,231,,
2130,呼和浩特职业技术大学,2024,新疆,专科批,理科,,,167,,
2131,包头轻工职业技术学院,2024,新疆,专科批,理科,,,179,,
2133,内蒙古机电职业技术学院,2024,新疆,专科批,理科,,,192,,
2134,内蒙古化工职业学院,2024,新疆,专科批,理科,,,174,,
2135,内蒙古商贸职业学院,2024,新疆,专科批,理科,,,185,,
2138,江苏海事职业技术学院,2024,新疆,专科批,理科,,,223,,
2140,无锡科技职业学院,2024,新疆,专科批,理科,,,248,,
2141,江苏医药职业学院,2024,新疆,专科批,理科,,,257,,
2145,苏州工业职业技术学院,2024,新疆,专科批,理科,,,217,,
2157,西安外事学院,2024,新疆,专科批,理科,,,236,,
2158,西安翻译学院,2024,新疆,专科批,理科,,,247,,
2161,三亚城市职业学院,2024,新疆,专科批,理科,,,141,,
2162,大庆职业学院,2024,新疆,专科批,理科,,,193,,
2163,天津渤海职业技术学院,2024,新疆,专科批,理科,,,224,,
2164,天津电子信息职业技术学院,2024,新疆,专科批,理科,,,189,,
2165,天津机电职业技术学院,2024,新疆,专科批,理科,,,226,,
2166,天津现代职业技术学院,2024,新疆,专科批,理科,,,219,,
2167,天津警察学院,2024,新疆,专科批,理科,,,221,,
2169,黑龙江农业职业技术学院,2024,新疆,专科批,理科,,,203,,
2170,黑龙江农业工程职业学院,2024,新疆,专科批,理科,,,204,,
2175,天津轻工职业技术学院,2024,新疆,专科批,理科,,,223,,
2177,新疆警察学院,2024,新疆,专科批,理科,,,216,,
2184,广东建设职业技术学院,2024,新疆,专科批,理科,,,204,,
2185,广东女子职业技术学院,2024,新疆,专科批,理科,,,151,,
2186,广东机电职业技术学院,2024,新疆,专科批,理科,,,224,,
2190,郑州工业应用技术学院,2024,新疆,专科批,理科,,,172,,
2192,广东岭南职业技术学院,2024,新疆,专科批,理科,,,178,,
2195,湖北交通职业技术学院,2024,新疆,专科批,理科,,,233,,
2196,绵阳职业技术学院,2024,新疆,专科批,理科,,,241,,
2197,重庆海联职业技术学院,2024,新疆,专科批,理科,,,140,,
2198,重庆信息技术职业学院,2024,新疆,专科批,理科,,,140,,
2199,重庆传媒职业学院,2024,新疆,专科批,理科,,,140,,
2201,重庆城市管理职业学院,2024,新疆,专科批,理科,,,271,,
2202,重庆工程职业技术学院,2024,新疆,专科批,理科,,,161,,
2203,四川交通职业技术学院,2024,新疆,专科批,理科,,,244,,
2204,四川工商职业技术学院,2024,新疆,专科批,理科,,,156,,
2205,四川工程职业技术大学,2024,新疆,专科批,理科,,,237,,
2206,四川建筑职业技术学院,2024,新疆,专科批,理科,,,224,,
2207,汕尾职业技术学院,2024,新疆,专科批,理科,,,184,,
2210,济源职业技术学院,2024,新疆,专科批,理科,,,241,,
2211,罗定职业技术学院,2024,新疆,专科批,理科,,,208,,
2212,阳江职业技术学院,2024,新疆,专科批,理科,,,163,,
2213,河源职业技术学院,2024,新疆,专科批,理科,,,144,,
2229,天津商务职业学院,2024,新疆,专科批,理科,,,169,,
2230,浙江工商职业技术学院,2024,新疆,专科批,理科,,,259,,
2231,台州职业技术学院,2024,新疆,专科批,理科,,,242,,
2232,浙江工贸职业技术学院,2024,新疆,专科批,理科,,,205,,
2239,上海济光职业技术学院,2024,新疆,专科批,理科,,,203,,
2240,上海建桥学院,2024,新疆,专科批,理科,,,243,,
2242,上海科学技术职业学院,2024,新疆,专科批,理科,,,163,,
2244,天津国土资源和房屋职业学院,2024,新疆,专科批,理科,,,200,,
2246,江苏电子信息职业学院,2024,新疆,专科批,理科,,,144,,
2247,江苏农牧科技职业学院,2024,新疆,专科批,理科,,,270,,
2260,山东科技职业学院,2024,新疆,专科批,理科,,,227,,
2261,重庆建筑科技职业学院,2024,新疆,专科批,理科,,,143,,
2269,西安航空职业技术学院,2024,新疆,专科批,理科,,,255,,
2270,陕西财经职业技术学院,2024,新疆,专科批,理科,,,212,,
2271,陕西交通职业技术学院,2024,新疆,专科批,理科,,,238,,
2273,兰州外语职业学院,2024,新疆,专科批,理科,,,168,,
2274,兰州职业技术学院,2024,新疆,专科批,理科,,,225,,
2277,甘肃工业职业技术大学,2024,新疆,专科批,理科,,,219,,
2278,宁夏工业职业学院,2024,新疆,专科批,理科,,,142,,
2279,昌吉职业技术学院,2024,新疆,专科批,理科,,,206,,
2288,张家界航空工业职业技术学院,2024,新疆,专科批,理科,,,275,,
2293,浙江建设职业技术学院,2024,新疆,专科批,理科,,,169,,
2295,浙江经贸职业技术学院,2024,新疆,专科批,理科,,,198,,
2296,浙江商业职业技术学院,2024,新疆,专科批,理科,,,197,,
2298,浙江旅游职业学院,2024,新疆,专科批,理科,,,219,,
2301,浙江金融职业学院,2024,新疆,专科批,理科,,,268,,
2311,天津交通职业学院,2024,新疆,专科批,理科,,,231,,
2313,河北旅游职业学院,2024,新疆,专科批,理科,,,220,,
2321,辽宁金融职业学院,2024,新疆,专科批,理科,,,162,,
2322,辽宁轨道交通职业学院,2024,新疆,专科批,理科,,,212,,
2323,辽宁广告职业学院,2024,新疆,专科批,理科,,,150,,
2324,辽宁机电职业技术学院,2024,新疆,专科批,理科,,,206,,
2325,辽宁经济职业技术学院,2024,新疆,专科批,理科,,,170,,
2326,辽宁石化职业技术学院,2024,新疆,专科批,理科,,,192,,
2327,吉林司法警官职业学院,2024,新疆,专科批,理科,,,245,,
2328,吉林电子信息职业技术学院,2024,新疆,专科批,理科,,,158,,
2329,吉林工业职业技术学院,2024,新疆,专科批,理科,,,160,,
2330,吉林工程职业学院,2024,新疆,专科批,理科,,,185,,
2332,哈尔滨铁道职业技术学院,2024,新疆,专科批,理科,,,255,,
2334,黑龙江农业经济职业学院,2024,新疆,专科批,理科,,,158,,
2335,哈尔滨职业技术大学,2024,新疆,专科批,理科,,,221,,
2336,上海农林职业技术学院,2024,新疆,专科批,理科,,,254,,
2337,上海邦德职业技术学院,2024,新疆,专科批,理科,,,198,,
2339,上海中侨职业技术大学,2024,新疆,专科批,理科,,,187,,
2341,炎黄职业技术学院,2024,新疆,专科批,理科,,,148,,
2342,南京科技职业学院,2024,新疆,专科批,理科,,,252,,
2344,钟山职业技术学院,2024,新疆,专科批,理科,,,155,,
2352,江西电力职业技术学院,2024,新疆,专科批,理科,,,269,,
2357,江西信息应用职业技术学院,2024,新疆,专科批,理科,,,219,,
2358,江西交通职业技术学院,2024,新疆,专科批,理科,,,211,,
2359,江西财经职业学院,2024,新疆,专科批,理科,,,245,,
2360,江西应用技术职业学院,2024,新疆,专科批,理科,,,200,,
2364,山东水利职业学院,2024,新疆,专科批,理科,,,243,,
2365,山东畜牧兽医职业学院,2024,新疆,专科批,理科,,,251,,
2366,郑州健康学院,2024,新疆,专科批,理科,,,249,,
2369,汕头职业技术学院,2024,新疆,专科批,理科,,,151,,
2372,清远职业技术学院,2024,新疆,专科批,理科,,,177,,
2373,广东工贸职业技术学院,2024,新疆,专科批,理科,,,232,,
2374,广东司法警官职业学院,2024,新疆,专科批,理科,,,238,,
2375,广东亚视演艺职业学院,2024,新疆,专科批,理科,,,140,,
2376,广东省外语艺术职业学院,2024,新疆,专科批,理科,,,156,,
2377,四川托普信息技术职业学院,2024,新疆,专科批,理科,,,196,,
2378,四川国际标榜职业学院,2024,新疆,专科批,理科,,,205,,
2379,成都农业科技职业学院,2024,新疆,专科批,理科,,,152,,
2381,泸州职业技术学院,2024,新疆,专科批,理科,,,213,,
2384,四川职业技术学院,2024,新疆,专科批,理科,,,233,,
2389,伊犁职业技术学院,2024,新疆,专科批,理科,,,182,,
2391,武汉铁路职业技术学院,2024,新疆,专科批,理科,,,272,,
2394,随州职业技术学院,2024,新疆,专科批,理科,,,147,,
2396,湖北水利水电职业技术学院,2024,新疆,专科批,理科,,,247,,
2397,湖北城市建设职业技术学院,2024,新疆,专科批,理科,,,166,,
2398,武汉警官职业学院,2024,新疆,专科批,理科,,,244,,
2402,武汉外语外事职业学院,2024,新疆,专科批,理科,,,142,,
2404,武昌职业学院,2024,新疆,专科批,理科,,,146,,
2405,武汉商贸职业学院,2024,新疆,专科批,理科,,,206,,
2409,浙江东方职业技术学院,2024,新疆,专科批,理科,,,234,,
2417,青岛酒店管理职业技术学院,2024,新疆,专科批,理科,,,208,,
2420,青岛恒星科技学院,2024,新疆,专科批,理科,,,141,,
2428,嘉兴南洋职业技术学院,2024,新疆,专科批,理科,,,201,,
2431,长沙环境保护职业技术学院,2024,新疆,专科批,理科,,,204,,
2435,怀化职业技术学院,2024,新疆,专科批,理科,,,199,,
2442,湖南城建职业技术学院,2024,新疆,专科批,理科,,,207,,
2445,雅安职业技术学院,2024,新疆,专科批,理科,,,249,,
2461,河北对外经贸职业学院,2024,新疆,专科批,理科,,,145,,
2462,河北美术学院,2024,新疆,专科批,理科,,,140,,
2466,宁夏警官职业学院,2024,新疆,专科批,理科,,,236,,
2467,阿克苏职业技术学院,2024,新疆,专科批,理科,,,187,,
2468,巴音郭楞职业技术学院,2024,新疆,专科批,理科,,,171,,
2469,金肯职业技术学院,2024,新疆,专科批,理科,,,146,,
2472,江苏农林职业技术学院,2024,新疆,专科批,理科,,,212,,
2475,南京铁道职业技术学院,2024,新疆,专科批,理科,,,289,,
2476,徐州工业职业技术学院,2024,新疆,专科批,理科,,,205,,
2480,江海职业技术学院,2024,新疆,专科批,理科,,,164,,
2483,西安思源学院,2024,新疆,专科批,理科,,,209,,
2484,西安高新科技职业学院,2024,新疆,专科批,理科,,,142,,
2485,陕西国际商贸学院,2024,新疆,专科批,理科,,,144,,
2486,西安城市建设职业学院,2024,新疆,专科批,理科,,,140,,
2487,陕西服装工程学院,2024,新疆,专科批,理科,,,143,,
2499,沈阳工学院,2024,新疆,专科批,理科,,,195,,
2501,大连科技学院,2024,新疆,专科批,理科,,,160,,
2502,沈阳城市建设学院,2024,新疆,专科批,理科,,,141,,
2507,辽宁理工学院,2024,新疆,专科批,理科,,,160,,
2516,武汉纺织大学外经贸学院,2024,新疆,专科批,理科,,,227,,
2517,武昌工学院,2024,新疆,专科批,理科,,,158,,
2518,武汉工商学院,2024,新疆,专科批,理科,,,209,,
2521,湖北商贸学院,2024,新疆,专科批,理科,,,220,,
2532,武汉交通职业学院,2024,新疆,专科批,理科,,,239,,
2533,咸宁职业技术学院,2024,新疆,专科批,理科,,,242,,
2566,青岛黄海学院,2024,新疆,专科批,理科,,,141,,
2567,青岛求实职业技术学院,2024,新疆,专科批,理科,,,141,,
2589,山东工程职业技术大学,2024,新疆,专科批,理科,,,159,,
2594,山东外国语职业技术大学,2024,新疆,专科批,理科,,,144,,
2598,河北科技学院,2024,新疆,专科批,理科,,,144,,
2604,石家庄邮电职业技术学院,2024,新疆,专科批,理科,,,213,,
2690,新疆建设职业技术学院,2024,新疆,专科批,理科,,,185,,
2693,陕西铁路工程职业技术学院,2024,新疆,专科批,理科,,,264,,
2694,宝鸡职业技术学院,2024,新疆,专科批,理科,,,251,,
2695,陕西航空职业技术学院,2024,新疆,专科批,理科,,,255,,
2696,西安交通工程学院,2024,新疆,专科批,理科,,,188,,
2699,海南软件职业技术学院,2024,新疆,专科批,理科,,,235,,
2743,泰山科技学院,2024,新疆,专科批,理科,,,155,,
2750,大连东软信息学院,2024,新疆,专科批,理科,,,152,,
2756,温州商学院,2024,新疆,专科批,理科,,,163,,
2783,武汉工程科技学院,2024,新疆,专科批,理科,,,210,,
2790,成都文理学院,2024,新疆,专科批,理科,,,156,,
2808,河北司法警官职业学院,2024,新疆,专科批,理科,,,244,,
2817,乌兰察布职业学院,2024,新疆,专科批,理科,,,185,,
2818,天津工业职业学院,2024,新疆,专科批,理科,,,222,,
2819,天津石油职业技术学院,2024,新疆,专科批,理科,,,215,,
2820,天津城市职业学院,2024,新疆,专科批,理科,,,197,,
2821,北京科技职业学院,2024,新疆,专科批,理科,,,244,,
2826,广州工程技术职业学院,2024,新疆,专科批,理科,,,220,,
2828,江门职业技术学院,2024,新疆,专科批,理科,,,209,,
2829,茂名职业技术学院,2024,新疆,专科批,理科,,,203,,
2830,珠海城市职业技术学院,2024,新疆,专科批,理科,,,230,,
2832,广州涉外经济职业技术学院,2024,新疆,专科批,理科,,,146,,
2834,广州科技职业技术大学,2024,新疆,专科批,理科,,,184,,
2835,惠州经济职业技术学院,2024,新疆,专科批,理科,,,140,,
2839,新疆现代职业技术学院,2024,新疆,专科批,理科,,,173,,
2840,新疆天山职业技术大学,2024,新疆,专科批,理科,,,170,,
2842,黑龙江旅游职业技术学院,2024,新疆,专科批,理科,,,166,,
2845,黑龙江能源职业学院,2024,新疆,专科批,理科,,,180,,
2848,重庆水利电力职业技术学院,2024,新疆,专科批,理科,,,249,,
2849,陕西邮电职业技术学院,2024,新疆,专科批,理科,,,219,,
2850,西安海棠职业学院,2024,新疆,专科批,理科,,,228,,
2851,西安汽车职业大学,2024,新疆,专科批,理科,,,140,,
2853,通辽职业学院,2024,新疆,专科批,理科,,,219,,
2856,白城医学高等专科学校,2024,新疆,专科批,理科,,,263,,
2861,无锡城市职业技术学院,2024,新疆,专科批,理科,,,241,,
2867,扬州工业职业技术学院,2024,新疆,专科批,理科,,,152,,
2876,闽北职业技术学院,2024,新疆,专科批,理科,,,140,,
2882,泉州经贸职业技术学院,2024,新疆,专科批,理科,,,216,,
2884,湄洲湾职业技术学院,2024,新疆,专科批,理科,,,162,,
2889,淄博师范高等专科学校,2024,新疆,专科批,理科,,,209,,
2890,山东中医药高等专科学校,2024,新疆,专科批,理科,,,250,,
2894,商丘医学高等专科学校,2024,新疆,专科批,理科,,,254,,
2905,江汉艺术职业学院,2024,新疆,专科批,理科,,,179,,
2906,武汉民政职业学院,2024,新疆,专科批,理科,,,212,,
2907,湖北黄冈应急管理职业技术学院,2024,新疆,专科批,理科,,,239,,
2909,黄冈科技职业学院,2024,新疆,专科批,理科,,,169,,
2910,湖北国土资源职业学院,2024,新疆,专科批,理科,,,218,,
2911,湖北生态工程职业技术学院,2024,新疆,专科批,理科,,,180,,
2919,肇庆医学院,2024,新疆,专科批,理科,,,266,,
2928,陕西警察学院,2024,新疆,专科批,理科,,,249,,
2932,内蒙古交通职业技术学院,2024,新疆,专科批,理科,,,180,,
2937,广西电力职业技术学院,2024,新疆,专科批,理科,,,258,,
2949,安徽工业职业技术学院,2024,新疆,专科批,理科,,,151,,
2953,山东电子职业技术学院,2024,新疆,专科批,理科,,,217,,
2956,山东铝业职业学院,2024,新疆,专科批,理科,,,169,,
2960,天津铁道职业技术学院,2024,新疆,专科批,理科,,,234,,
2961,包头钢铁职业技术学院,2024,新疆,专科批,理科,,,152,,
2970,山东外事职业大学,2024,新疆,专科批,理科,,,142,,
2971,海南经贸职业技术学院,2024,新疆,专科批,理科,,,236,,
2979,西安明德理工学院,2024,新疆,专科批,理科,,,191,,
2980,燕京理工学院,2024,新疆,专科批,理科,,,189,,
2984,北京中医药大学东方学院,2024,新疆,专科批,理科,,,247,,
2996,广州现代信息工程职业技术学院,2024,新疆,专科批,理科,,,146,,
2999,乌海职业技术学院,2024,新疆,专科批,理科,,,155,,
3003,广东理工职业学院,2024,新疆,专科批,理科,,,235,,
3006,湖南九嶷职业技术学院,2024,新疆,专科批,理科,,,192,,
3011,广州华南商贸职业学院,2024,新疆,专科批,理科,,,155,,
3012,广州华立科技职业学院,2024,新疆,专科批,理科,,,151,,
3013,广州城市职业学院,2024,新疆,专科批,理科,,,232,,
3014,广东工程职业技术学院,2024,新疆,专科批,理科,,,210,,
3015,三亚航空旅游职业学院,2024,新疆,专科批,理科,,,186,,
3027,广州铁路职业技术学院,2024,新疆,专科批,理科,,,253,,
3028,西安铁路职业技术学院,2024,新疆,专科批,理科,,,269,,
3030,西安职业技术学院,2024,新疆,专科批,理科,,,241,,
3031,商洛职业技术学院,2024,新疆,专科批,理科,,,165,,
3032,汉中职业技术学院,2024,新疆,专科批,理科,,,237,,
3034,渭南职业技术学院,2024,新疆,专科批,理科,,,249,,
3035,安康职业技术学院,2024,新疆,专科批,理科,,,237,,
3036,铜川职业技术学院,2024,新疆,专科批,理科,,,234,,
3038,甘肃畜牧工程职业技术学院,2024,新疆,专科批,理科,,,172,,
3039,新疆石河子职业技术学院,2024,新疆,专科批,理科,,,204,,
3044,大连枫叶职业技术学院,2024,新疆,专科批,理科,,,163,,
3045,苏州百年职业学院,2024,新疆,专科批,理科,,,227,,
3052,福建生物工程职业技术学院,2024,新疆,专科批,理科,,,252,,
3057,三明医学科技职业学院,2024,新疆,专科批,理科,,,150,,
3058,宁德职业技术学院,2024,新疆,专科批,理科,,,209,,
3078,齐鲁理工学院,2024,新疆,专科批,理科,,,166,,
3085,四川华新现代职业学院,2024,新疆,专科批,理科,,,151,,
3088,重庆三峡医药高等专科学校,2024,新疆,专科批,理科,,,279,,
3090,四川中医药高等专科学校,2024,新疆,专科批,理科,,,271,,
3097,大庆医学高等专科学校,2024,新疆,专科批,理科,,,257,,
3098,石家庄医学高等专科学校,2024,新疆,专科批,理科,,,239,,
3100,天津城市建设管理职业技术学院,2024,新疆,专科批,理科,,,204,,
3101,天津生物工程职业技术学院,2024,新疆,专科批,理科,,,233,,
3102,天津海运职业学院,2024,新疆,专科批,理科,,,192,,
3104,湖南安全技术职业学院,2024,新疆,专科批,理科,,,143,,
3106,陕西青年职业学院,2024,新疆,专科批,理科,,,196,,
3107,陕西工商职业学院,2024,新疆,专科批,理科,,,206,,
3108,西安信息职业大学,2024,新疆,专科批,理科,,,177,,
3109,陕西旅游烹饪职业学院,2024,新疆,专科批,理科,,,140,,
3114,西南财经大学天府学院,2024,新疆,专科批,理科,,,207,,
3129,黑龙江交通职业技术学院,2024,新疆,专科批,理科,,,212,,
3130,哈尔滨应用职业技术学院,2024,新疆,专科批,理科,,,150,,
3137,广东科贸职业学院,2024,新疆,专科批,理科,,,159,,
3143,四川科技职业学院,2024,新疆,专科批,理科,,,172,,
3148,辽宁装备制造职业技术学院,2024,新疆,专科批,理科,,,179,,
3153,烟台汽车工程职业学院,2024,新疆,专科批,理科,,,193,,
3175,辽宁地质工程职业学院,2024,新疆,专科批,理科,,,188,,
3176,白城职业技术学院,2024,新疆,专科批,理科,,,215,,
3177,哈尔滨科学技术职业学院,2024,新疆,专科批,理科,,,218,,
3178,漳州城市职业学院,2024,新疆,专科批,理科,,,242,,
3185,菏泽家政职业学院,2024,新疆,专科批,理科,,,141,,
3186,湖北科技职业学院,2024,新疆,专科批,理科,,,209,,
3190,广州珠江职业技术学院,2024,新疆,专科批,理科,,,146,,
3191,广州松田职业学院,2024,新疆,专科批,理科,,,148,,
3192,广东文理职业学院,2024,新疆,专科批,理科,,,161,,
3201,广州城建职业学院,2024,新疆,专科批,理科,,,142,,
3203,新疆职业大学,2024,新疆,专科批,理科,,,195,,
3206,石家庄人民医学高等专科学校,2024,新疆,专科批,理科,,,248,,
3216,海南科技职业大学,2024,新疆,专科批,理科,,,152,,
3217,重庆科创职业学院,2024,新疆,专科批,理科,,,169,,
3219,四川现代职业学院,2024,新疆,专科批,理科,,,154,,
3221,佳木斯职业学院,2024,新疆,专科批,理科,,,236,,
3226,重庆建筑工程职业学院,2024,新疆,专科批,理科,,,143,,
3229,包头铁道职业技术学院,2024,新疆,专科批,理科,,,210,,
3230,辽宁铁道职业技术学院,2024,新疆,专科批,理科,,,220,,
3231,辽宁建筑职业学院,2024,新疆,专科批,理科,,,189,,
3232,长白山职业技术学院,2024,新疆,专科批,理科,,,208,,
3236,临沂职业学院,2024,新疆,专科批,理科,,,207,,
3249,大连航运职业技术学院,2024,新疆,专科批,理科,,,141,,
3255,乌兰察布医学高等专科学校,2024,新疆,专科批,理科,,,243,,
3260,河北东方学院,2024,新疆,专科批,理科,,,228,,
3262,大连装备制造职业技术学院,2024,新疆,专科批,理科,,,144,,
3263,大连汽车职业技术学院,2024,新疆,专科批,理科,,,144,,
3270,三亚理工职业学院,2024,新疆,专科批,理科,,,162,,
3271,重庆电讯职业学院,2024,新疆,专科批,理科,,,140,,
3272,重庆能源职业学院,2024,新疆,专科批,理科,,,142,,
3274,辽宁现代服务职业技术学院,2024,新疆,专科批,理科,,,188,,
3279,重庆商务职业学院,2024,新疆,专科批,理科,,,251,,
3281,鄂尔多斯职业学院,2024,新疆,专科批,理科,,,178,,
3295,东莞职业技术学院,2024,新疆,专科批,理科,,,225,,
3296,广东南方职业学院,2024,新疆,专科批,理科,,,140,,
3297,广州华商职业学院,2024,新疆,专科批,理科,,,140,,
3299,广州华夏职业学院,2024,新疆,专科批,理科,,,140,,
3313,呼伦贝尔职业技术学院,2024,新疆,专科批,理科,,,149,,
3315,辽宁冶金职业技术学院,2024,新疆,专科批,理科,,,171,,
3316,辽宁工程职业学院,2024,新疆,专科批,理科,,,215,,
3318,辽宁医药职业学院,2024,新疆,专科批,理科,,,212,,
3319,铁岭卫生职业学院,2024,新疆,专科批,理科,,,240,,
3322,苏州工业园区服务外包职业学院,2024,新疆,专科批,理科,,,220,,
3337,广东环境保护工程职业学院,2024,新疆,专科批,理科,,,203,,
3359,内蒙古能源职业学院,2024,新疆,专科批,理科,,,141,,
3360,赤峰工业职业技术学院,2024,新疆,专科批,理科,,,151,,
3361,阿拉善职业技术学院,2024,新疆,专科批,理科,,,149,,
3365,济南护理职业学院,2024,新疆,专科批,理科,,,246,,
3367,山东海事职业学院,2024,新疆,专科批,理科,,,145,,
3377,襄阳汽车职业技术学院,2024,新疆,专科批,理科,,,197,,
3383,广东创新科技职业学院,2024,新疆,专科批,理科,,,156,,
3384,重庆安全技术职业学院,2024,新疆,专科批,理科,,,241,,
3386,重庆艺术工程职业学院,2024,新疆,专科批,理科,,,148,,
3387,重庆轻工职业学院,2024,新疆,专科批,理科,,,140,,
3388,重庆电信职业学院,2024,新疆,专科批,理科,,,140,,
3389,重庆经贸职业学院,2024,新疆,专科批,理科,,,141,,
3393,甘肃有色冶金职业技术学院,2024,新疆,专科批,理科,,,165,,
3394,白银矿冶职业技术学院,2024,新疆,专科批,理科,,,161,,
3402,沈阳北软信息职业技术学院,2024,新疆,专科批,理科,,,152,,
3411,上海民航职业技术学院,2024,新疆,专科批,理科,,,257,,
3413,河北轨道运输职业技术学院,2024,新疆,专科批,理科,,,237,,
3423,惠州卫生职业技术学院,2024,新疆,专科批,理科,,,230,,
3424,四川卫生康复职业学院,2024,新疆,专科批,理科,,,253,,
3426,四川汽车职业技术学院,2024,新疆,专科批,理科,,,140,,
3430,新疆体育职业技术学院,2024,新疆,专科批,理科,,,178,,
3431,新疆应用职业技术学院,2024,新疆,专科批,理科,,,190,,
3435,新疆师范高等专科学校,2024,新疆,专科批,理科,,,222,,
3440,广东信息工程职业学院,2024,新疆,专科批,理科,,,146,,
3457,辽宁民族师范高等专科学校,2024,新疆,专科批,理科,,,157,,
3463,铜仁幼儿师范高等专科学校,2024,新疆,专科批,理科,,,219,,
3466,辽宁轻工职业学院,2024,新疆,专科批,理科,,,185,,
3481,陕西艺术职业学院,2024,新疆,专科批,理科,,,229,,
3484,重庆科技职业学院,2024,新疆,专科批,理科,,,140,,
3485,浙江安防职业技术学院,2024,新疆,专科批,理科,,,225,,
3502,广东生态工程职业学院,2024,新疆,专科批,理科,,,214,,
3510,甘肃卫生职业学院,2024,新疆,专科批,理科,,,295,,
3514,青海柴达木职业技术学院,2024,新疆,专科批,理科,,,170,,
3517,哈密职业技术学院,2024,新疆,专科批,理科,,,178,,
3518,新疆科技职业技术学院,2024,新疆,专科批,理科,,,140,,
3521,扬州中瑞酒店职业学院,2024,新疆,专科批,理科,,,154,,
3532,扎兰屯职业学院,2024,新疆,专科批,理科,,,140,,
3534,江苏护理职业学院,2024,新疆,专科批,理科,,,249,,
3535,江苏财会职业学院,2024,新疆,专科批,理科,,,207,,
3544,庆阳职业技术学院,2024,新疆,专科批,理科,,,164,,
3545,临夏现代职业学院,2024,新疆,专科批,理科,,,145,,
3546,湖北铁道运输职业学院,2024,新疆,专科批,理科,,,203,,
3548,长江艺术工程职业学院,2024,新疆,专科批,理科,,,187,,
3549,广东茂名健康职业学院,2024,新疆,专科批,理科,,,239,,
3555,江苏航空职业技术学院,2024,新疆,专科批,理科,,,225,,
3557,烟台黄金职业学院,2024,新疆,专科批,理科,,,145,,
3559,广东酒店管理职业技术学院,2024,新疆,专科批,理科,,,145,,
3569,昭通卫生职业学院,2024,新疆,专科批,理科,,,241,,
3572,吐鲁番职业技术学院,2024,新疆,专科批,理科,,,174,,
3574,广东茂名幼儿师范专科学校,2024,新疆,专科批,理科,,,157,,
3576,江苏安全技术职业学院,2024,新疆,专科批,理科,,,189,,
3578,武汉光谷职业学院,2024,新疆,专科批,理科,,,147,,
3579,广州卫生职业技术学院,2024,新疆,专科批,理科,,,248,,
3587,天津滨海汽车工程职业学院,2024,新疆,专科批,理科,,,141,,
3588,曹妃甸职业技术学院,2024,新疆,专科批,理科,,,149,,
3590,长春健康职业学院,2024,新疆,专科批,理科,,,234,,
3591,江苏旅游职业学院,2024,新疆,专科批,理科,,,211,,
3597,广东江门中医药职业学院,2024,新疆,专科批,理科,,,226,,
3599,三亚中瑞酒店管理职业学院,2024,新疆,专科批,理科,,,151,,
3609,博尔塔拉职业技术学院,2024,新疆,专科批,理科,,,172,,
3631,天府新区航空旅游职业学院,2024,新疆,专科批,理科,,,254,,
3632,天府新区通用航空职业学院,2024,新疆,专科批,理科,,,170,,
3638,和田职业技术学院,2024,新疆,专科批,理科,,,155,,
3643,铁门关职业技术学院,2024,新疆,专科批,理科,,,158,,
3644,石河子工程职业技术学院,2024,新疆,专科批,理科,,,187,,
3684,陕西机电职业技术学院,2024,新疆,专科批,理科,,,149,,
3708,湛江幼儿师范专科学校,2024,新疆,专科批,理科,,,170,,
3722,新疆工业职业技术学院,2024,新疆,专科批,理科,,,188,,
3747,喀什职业技术学院,2024,新疆,专科批,理科,,,171,,
3748,克孜勒苏职业技术学院,2024,新疆,专科批,理科,,,169,,
3749,新疆科信职业技术学院,2024,新疆,专科批,理科,,,140,,
3750,阿勒泰职业技术学院,2024,新疆,专科批,理科,,,169,,
3791,广东财贸职业学院,2024,新疆,专科批,理科,,,142,,
3799,云南理工职业学院,2024,新疆,专科批,理科,,,141,,
3814,唐山海运职业学院,2024,新疆,专科批,理科,,,165,,
3843,重庆理工职业学院,2024,新疆,专科批,理科,,,178,,
3844,重庆智能工程职业学院,2024,新疆,专科批,理科,,,141,,
3845,重庆健康职业学院,2024,新疆,专科批,理科,,,147,,
3846,南充文化旅游职业学院,2024,新疆,专科批,理科,,,206,,
3858,塔城职业技术学院,2024,新疆,专科批,理科,,,166,,
3859,塔里木职业技术学院,2024,新疆,专科批,理科,,,201,,
3867,通化医药健康职业学院,2024,新疆,专科批,理科,,,233,,
3875,滨州科技职业学院,2024,新疆,专科批,理科,,,209,,
3876,广东肇庆航空职业学院,2024,新疆,专科批,理科,,,140,,
3879,兰州资源环境职业技术大学,2024,新疆,专科批,理科,,,222,,
3880,兰州石化职业技术大学,2024,新疆,专科批,理科,,,231,,
3881,上海闵行职业技术学院,2024,新疆,专科批,理科,,,212,,
3882,新疆司法警官职业学院,2024,新疆,专科批,理科,,,240,,
3883,阿克苏工业职业技术学院,2024,新疆,专科批,理科,,,140,,
3884,喀什理工职业技术学院,2024,新疆,专科批,理科,,,159,,
3885,图木舒克职业技术学院,2024,新疆,专科批,理科,,,141,,
3886,可克达拉职业技术学院,2024,新疆,专科批,理科,,,167,,
3887,新星职业技术学院,2024,新疆,专科批,理科,,,186,,
3888,昆玉职业技术学院,2024,新疆,专科批,理科,,,140,,
3889,乌鲁木齐职业技术学院,2024,新疆,专科批,理科,,,140,,
3891,湖北孝感美珈职业学院,2024,新疆,专科批,理科,,,142,,
3893,定西职业技术学院,2024,新疆,专科批,理科,,,186,,
3894,襄阳科技职业学院,2024,新疆,专科批,理科,,,152,,
3895,宜昌科技职业学院,2024,新疆,专科批,理科,,,145,,
8030,西安欧亚学院,2024,新疆,专科批,理科,,,191,,
8031,新疆铁道职业技术学院,2024,新疆,专科批,理科,,,174,,
,吉林铁道职业技术大学,2024,新疆,专科批,理科,,,230,,
1478,中国民用航空飞行学院,2024,新疆,专科提前批,理科,,,170,44667,
1859,西安航空学院,2024,新疆,专科提前批,理科,,,201,,
1963,安徽警官职业学院,2024,新疆,专科提前批,理科,,,253,,
2356,江西应用科技学院,2024,新疆,专科提前批,理科,,,157,,
2821,北京科技职业学院,2024,新疆,专科提前批,理科,,,229,,
1004,北京交通大学,2024,新疆,国家专项计划本科批,理科,,,531,3091,
1183,东北林业大学,2024,新疆,国家专项计划本科批,理科,,,403,,
1231,南京邮电大学,2024,新疆,国家专项计划本科批,理科,,,426,12887,
1240,南京农业大学,2024,新疆,国家专项计划本科批,理科,,,420,,
1245,南京师范大学,2024,新疆,国家专项计划本科批,理科,,,486,,
1426,中山大学,2024,新疆,国家专项计划本科批,理科,,,488,,
1468,西南交通大学,2024,新疆,国家专项计划本科批,理科,,,427,,
1469,电子科技大学,2024,新疆,国家专项计划本科批,理科,,,578,,
1478,中国民用航空飞行学院,2024,新疆,国家专项计划本科批,理科,,,381,17380,
1499,西南财经大学,2024,新疆,国家专项计划本科批,理科,,,491,,
1553,陕西师范大学,2024,新疆,国家专项计划本科批,理科,,,425,,
1768,中国矿业大学（北京）,2024,新疆,国家专项计划本科批,理科,,,415,,
5023,中国政法大学,2024,新疆,国家专项计划本科批,理科,,,597,623,
7133,福州大学,2024,新疆,国家专项计划本科批,理科,,,464,,
8073,重庆大学,2024,新疆,国家专项计划本科批,理科,,,495,,
1155,延边大学,2024,新疆,国家及地方专项、南疆单列、对口援疆计划本科一批,理科,,,398,,
1715,扬州大学,2024,新疆,国家及地方专项、南疆单列、对口援疆计划本科一批,理科,,,406,,
7117,温州医科大学,2024,新疆,国家及地方专项、南疆单列、对口援疆计划本科一批,理科,,,426,,
1004,北京交通大学,2024,新疆,国家及地方专项、南疆单列、对口援疆计划本科一批次,理科,,,538,2717,
1059,天津师范大学,2024,新疆,国家及地方专项、南疆单列、对口援疆计划本科一批次,理科,,,378,,
1411,长沙理工大学,2024,新疆,国家及地方专项、南疆单列、对口援疆计划本科一批次,理科,,,349,,
1430,华南农业大学,2024,新疆,国家及地方专项、南疆单列、对口援疆计划本科一批次,理科,,,431,,
1471,成都理工大学,2024,新疆,国家及地方专项、南疆单列、对口援疆计划本科一批次,理科,,,415,14165,
1483,成都中医药大学,2024,新疆,国家及地方专项、南疆单列、对口援疆计划本科一批次,理科,,,445,,
1553,陕西师范大学,2024,新疆,国家及地方专项、南疆单列、对口援疆计划本科一批次,理科,,,444,,
1812,湖南工业大学,2024,新疆,国家及地方专项、南疆单列、对口援疆计划本科一批次,理科,,,390,,
7102,南京医科大学,2024,新疆,国家及地方专项、南疆单列、对口援疆计划本科一批次,理科,,,400,,
7133,福州大学,2024,新疆,国家及地方专项、南疆单列、对口援疆计划本科一批次,理科,,,424,,
8073,重庆大学,2024,新疆,国家及地方专项、南疆单列、对口援疆计划本科一批次,理科,,,494,,
1100,太原师范学院,2024,新疆,国家及地方专项、南疆单列、对口援疆计划本科二批,理科,,,346,,
7249,三明学院,2024,新疆,国家及地方专项、南疆单列、对口援疆计划本科二批,理科,,,345,,
1128,大连工业大学,2024,新疆,国家及地方专项、南疆单列、对口援疆计划本科二批次,理科,,,342,,
1194,哈尔滨商业大学,2024,新疆,国家及地方专项、南疆单列、对口援疆计划本科二批次,理科,,,298,27119,
1238,南通大学,2024,新疆,国家及地方专项、南疆单列、对口援疆计划本科二批次,理科,,,325,18034,
1316,江西理工大学,2024,新疆,国家及地方专项、南疆单列、对口援疆计划本科二批次,理科,,,307,,
1324,赣南师范大学,2024,新疆,国家及地方专项、南疆单列、对口援疆计划本科二批次,理科,,,336,,
1363,河南科技大学,2024,新疆,国家及地方专项、南疆单列、对口援疆计划本科二批次,理科,,,291,,
1483,成都中医药大学,2024,新疆,国家及地方专项、南疆单列、对口援疆计划本科二批次,理科,,,304,,
1494,四川文理学院,2024,新疆,国家及地方专项、南疆单列、对口援疆计划本科二批次,理科,,,370,,
1875,黑龙江工程学院,2024,新疆,国家及地方专项、南疆单列、对口援疆计划本科二批次,理科,,,335,,
2636,南昌医学院,2024,新疆,国家及地方专项、南疆单列、对口援疆计划本科二批次,理科,,,310,,
2681,晋中信息学院,2024,新疆,国家及地方专项、南疆单列、对口援疆计划本科二批次,理科,,,309,33325,
2682,山西电子科技学院,2024,新疆,国家及地方专项、南疆单列、对口援疆计划本科二批次,理科,,,281,,
2779,天津商业大学宝德学院,2024,新疆,国家及地方专项、南疆单列、对口援疆计划本科二批次,理科,,,296,35715,
2784,电子科技大学成都学院,2024,新疆,国家及地方专项、南疆单列、对口援疆计划本科二批次,理科,,,314,,
2792,成都外国语学院,2024,新疆,国家及地方专项、南疆单列、对口援疆计划本科二批次,理科,,,264,,
2983,北京科技大学天津学院,2024,新疆,国家及地方专项、南疆单列、对口援疆计划本科二批次,理科,,,304,,
3068,扬州大学广陵学院,2024,新疆,国家及地方专项、南疆单列、对口援疆计划本科二批次,理科,,,334,,
7025,保定学院,2024,新疆,国家及地方专项、南疆单列、对口援疆计划本科二批次,理科,,,313,,
7078,哈尔滨师范大学,2024,新疆,国家及地方专项、南疆单列、对口援疆计划本科二批次,理科,,,258,,
7107,淮阴师范学院,2024,新疆,国家及地方专项、南疆单列、对口援疆计划本科二批次,理科,,,361,20663,
7134,福建理工大学,2024,新疆,国家及地方专项、南疆单列、对口援疆计划本科二批次,理科,,,339,,
7144,闽南师范大学,2024,新疆,国家及地方专项、南疆单列、对口援疆计划本科二批次,理科,,,356,18857,
7162,聊城大学,2024,新疆,国家及地方专项、南疆单列、对口援疆计划本科二批次,理科,,,339,,
7190,湖北师范大学,2024,新疆,国家及地方专项、南疆单列、对口援疆计划本科二批次,理科,,,336,,
7216,西华大学,2024,新疆,国家及地方专项、南疆单列、对口援疆计划本科二批次,理科,,,352,23891,
1001,北京大学,2024,新疆,本科一批,理科,,,648,,
1002,中国人民大学,2024,新疆,本科一批,理科,,,583,,
1003,清华大学,2024,新疆,本科一批,理科,,,641,,
1004,北京交通大学,2024,新疆,本科一批,理科,,,477,929,
1005,北京工业大学,2024,新疆,本科一批,理科,,,484,,
1006,北京航空航天大学,2024,新疆,本科一批,理科,,,606,,
1007,北京理工大学,2024,新疆,本科一批,理科,,,578,,
1008,北京科技大学,2024,新疆,本科一批,理科,,,539,,
1009,北方工业大学,2024,新疆,本科一批,理科,,,422,,
1010,北京化工大学,2024,新疆,本科一批,理科,,,504,,
1011,北京工商大学,2024,新疆,本科一批,理科,,,476,,
1013,北京邮电大学,2024,新疆,本科一批,理科,,,516,,
1014,北京印刷学院,2024,新疆,本科一批,理科,,,406,,
1015,北京建筑大学,2024,新疆,本科一批,理科,,,423,,
1018,中国农业大学,2024,新疆,本科一批,理科,,,536,,
1020,北京林业大学,2024,新疆,本科一批,理科,,,465,,
1023,北京中医药大学,2024,新疆,本科一批,理科,,,444,,
1024,北京师范大学,2024,新疆,本科一批,理科,,,575,,
1027,北京外国语大学,2024,新疆,本科一批,理科,,,518,,
1028,北京第二外国语学院,2024,新疆,本科一批,理科,,,411,,
1030,中国传媒大学,2024,新疆,本科一批,理科,,,523,,
1031,中央财经大学,2024,新疆,本科一批,理科,,,512,,
1032,对外经济贸易大学,2024,新疆,本科一批,理科,,,521,1464,
1033,北京物资学院,2024,新疆,本科一批,理科,,,418,,
1034,首都经济贸易大学,2024,新疆,本科一批,理科,,,434,,
1039,北京体育大学,2024,新疆,本科一批,理科,,,426,,
1047,中央民族大学,2024,新疆,本科一批,理科,,,496,,
1049,华北电力大学（北京）,2024,新疆,本科一批,理科,,,529,,
1050,南开大学,2024,新疆,本科一批,理科,,,592,,
1051,天津大学,2024,新疆,本科一批,理科,,,586,,
1052,天津科技大学,2024,新疆,本科一批,理科,,,421,,
1053,天津工业大学,2024,新疆,本科一批,理科,,,439,,
1055,天津理工大学,2024,新疆,本科一批,理科,,,399,,
1057,天津医科大学,2024,新疆,本科一批,理科,,,407,,
1058,天津中医药大学,2024,新疆,本科一批,理科,,,396,,
1059,天津师范大学,2024,新疆,本科一批,理科,,,406,,
1061,天津外国语大学,2024,新疆,本科一批,理科,,,401,,
1062,天津商业大学,2024,新疆,本科一批,理科,,,390,,
1063,天津财经大学,2024,新疆,本科一批,理科,,,398,,
1070,华北水利水电大学,2024,新疆,本科一批,理科,,,424,,
1071,华北电力大学（保定）,2024,新疆,本科一批,理科,,,499,,
1072,河北工业大学,2024,新疆,本科一批,理科,,,490,,
1073,华北理工大学,2024,新疆,本科一批,理科,,,426,,
1091,石家庄铁道大学,2024,新疆,本科一批,理科,,,435,,
1094,中北大学,2024,新疆,本科一批,理科,,,424,,
1095,太原理工大学,2024,新疆,本科一批,理科,,,484,,
1097,山西医科大学,2024,新疆,本科一批,理科,,,464,,
1107,内蒙古大学,2024,新疆,本科一批,理科,,,400,,
1116,辽宁大学,2024,新疆,本科一批,理科,,,486,,
1117,大连理工大学,2024,新疆,本科一批,理科,,,577,,
1118,沈阳工业大学,2024,新疆,本科一批,理科,,,411,,
1121,东北大学,2024,新疆,本科一批,理科,,,523,,
1123,辽宁工程技术大学,2024,新疆,本科一批,理科,,,390,,
1126,大连交通大学,2024,新疆,本科一批,理科,,,429,,
1127,大连海事大学,2024,新疆,本科一批,理科,,,491,,
1129,沈阳建筑大学,2024,新疆,本科一批,理科,,,393,,
1131,沈阳农业大学,2024,新疆,本科一批,理科,,,395,,
1135,大连医科大学,2024,新疆,本科一批,理科,,,430,,
1137,沈阳药科大学,2024,新疆,本科一批,理科,,,390,,
1144,大连外国语大学,2024,新疆,本科一批,理科,,,398,,
1145,东北财经大学,2024,新疆,本科一批,理科,,,440,,
1154,吉林大学,2024,新疆,本科一批,理科,,,504,,
1155,延边大学,2024,新疆,本科一批,理科,,,422,,
1156,长春理工大学,2024,新疆,本科一批,理科,,,434,,
1163,东北师范大学,2024,新疆,本科一批,理科,,,481,,
1173,黑龙江大学,2024,新疆,本科一批,理科,,,411,,
1174,哈尔滨工业大学,2024,新疆,本科一批,理科,,,595,,
1176,燕山大学,2024,新疆,本科一批,理科,,,459,,
1177,哈尔滨工程大学,2024,新疆,本科一批,理科,,,536,,
1179,东北石油大学,2024,新疆,本科一批,理科,,,426,,
1183,东北林业大学,2024,新疆,本科一批,理科,,,357,,
1184,哈尔滨医科大学,2024,新疆,本科一批,理科,,,505,,
1197,复旦大学,2024,新疆,本科一批,理科,,,643,,
1198,同济大学,2024,新疆,本科一批,理科,,,584,,
1199,上海交通大学,2024,新疆,本科一批,理科,,,646,,
1200,华东理工大学,2024,新疆,本科一批,理科,,,516,,
1201,上海理工大学,2024,新疆,本科一批,理科,,,463,,
1202,上海海事大学,2024,新疆,本科一批,理科,,,446,,
1203,东华大学,2024,新疆,本科一批,理科,,,487,,
1204,上海电力大学,2024,新疆,本科一批,理科,,,481,,
1205,上海应用技术大学,2024,新疆,本科一批,理科,,,413,,
1206,上海健康医学院,2024,新疆,本科一批,理科,,,417,,
1207,上海海洋大学,2024,新疆,本科一批,理科,,,423,,
1208,上海中医药大学,2024,新疆,本科一批,理科,,,425,,
1209,华东师范大学,2024,新疆,本科一批,理科,,,463,,
1210,上海师范大学,2024,新疆,本科一批,理科,,,393,,
1211,上海外国语大学,2024,新疆,本科一批,理科,,,507,,
1212,上海财经大学,2024,新疆,本科一批,理科,,,531,,
1213,上海对外经贸大学,2024,新疆,本科一批,理科,,,473,,
1216,华东政法大学,2024,新疆,本科一批,理科,,,477,,
1219,上海戏剧学院,2024,新疆,本科一批,理科,,,471,,
1220,上海大学,2024,新疆,本科一批,理科,,,496,,
1222,南京大学,2024,新疆,本科一批,理科,,,618,,
1223,苏州大学,2024,新疆,本科一批,理科,,,464,,
1224,东南大学,2024,新疆,本科一批,理科,,,577,,
1225,南京航空航天大学,2024,新疆,本科一批,理科,,,556,,
1226,南京理工大学,2024,新疆,本科一批,理科,,,523,,
1227,江苏科技大学,2024,新疆,本科一批,理科,,,395,,
1228,中国矿业大学,2024,新疆,本科一批,理科,,,457,,
1231,南京邮电大学,2024,新疆,本科一批,理科,,,485,2274,
1232,河海大学,2024,新疆,本科一批,理科,,,432,,
1233,江南大学,2024,新疆,本科一批,理科,,,488,,
1234,南京林业大学,2024,新疆,本科一批,理科,,,411,,
1235,江苏大学,2024,新疆,本科一批,理科,,,476,,
1238,南通大学,2024,新疆,本科一批,理科,,,496,5429,
1240,南京农业大学,2024,新疆,本科一批,理科,,,481,,
1242,徐州医科大学,2024,新疆,本科一批,理科,,,515,,
1243,南京中医药大学,2024,新疆,本科一批,理科,,,487,,
1244,中国药科大学,2024,新疆,本科一批,理科,,,492,,
1245,南京师范大学,2024,新疆,本科一批,理科,,,481,,
1249,南京财经大学,2024,新疆,本科一批,理科,,,412,,
1253,苏州科技大学,2024,新疆,本科一批,理科,,,410,,
1256,杭州电子科技大学,2024,新疆,本科一批,理科,,,470,,
1257,浙江工业大学,2024,新疆,本科一批,理科,,,436,,
1262,浙江中医药大学,2024,新疆,本科一批,理科,,,521,,
1263,浙江师范大学,2024,新疆,本科一批,理科,,,448,,
1265,湖州师范学院,2024,新疆,本科一批,理科,,,444,,
1270,浙江工商大学,2024,新疆,本科一批,理科,,,425,,
1272,中国美术学院,2024,新疆,本科一批,理科,,,499,,
1273,中国计量大学,2024,新疆,本科一批,理科,,,467,,
1275,中国科学技术大学,2024,新疆,本科一批,理科,,,635,,
1276,合肥工业大学,2024,新疆,本科一批,理科,,,458,,
1278,安徽理工大学,2024,新疆,本科一批,理科,,,430,,
1281,安徽医科大学,2024,新疆,本科一批,理科,,,455,,
1293,安徽财经大学,2024,新疆,本科一批,理科,,,390,,
1298,厦门大学,2024,新疆,本科一批,理科,,,564,,
1299,华侨大学,2024,新疆,本科一批,理科,,,396,,
1302,福建农林大学,2024,新疆,本科一批,理科,,,339,,
1312,南昌大学,2024,新疆,本科一批,理科,,,431,,
1313,华东交通大学,2024,新疆,本科一批,理科,,,440,,
1314,东华理工大学,2024,新疆,本科一批,理科,,,404,,
1316,江西理工大学,2024,新疆,本科一批,理科,,,332,,
1319,江西中医药大学,2024,新疆,本科一批,理科,,,370,,
1326,江西财经大学,2024,新疆,本科一批,理科,,,432,,
1327,山东大学,2024,新疆,本科一批,理科,,,526,,
1328,中国海洋大学,2024,新疆,本科一批,理科,,,439,,
1330,中国石油大学（华东）,2024,新疆,本科一批,理科,,,483,,
1331,青岛科技大学,2024,新疆,本科一批,理科,,,392,,
1359,郑州大学,2024,新疆,本科一批,理科,,,480,,
1370,河南大学,2024,新疆,本科一批,理科,,,412,,
1379,河南财经政法大学,2024,新疆,本科一批,理科,,,412,,
1381,武汉大学,2024,新疆,本科一批,理科,,,589,,
1382,华中科技大学,2024,新疆,本科一批,理科,,,602,,
1383,武汉科技大学,2024,新疆,本科一批,理科,,,416,,
1384,长江大学,2024,新疆,本科一批,理科,,,378,,
1385,武汉工程大学,2024,新疆,本科一批,理科,,,391,,
1386,中国地质大学（武汉）,2024,新疆,本科一批,理科,,,484,,
1389,武汉理工大学,2024,新疆,本科一批,理科,,,527,,
1391,华中农业大学,2024,新疆,本科一批,理科,,,481,,
1394,湖北大学,2024,新疆,本科一批,理科,,,391,,
1400,中南财经政法大学,2024,新疆,本科一批,理科,,,490,,
1403,中南民族大学,2024,新疆,本科一批,理科,,,392,,
1406,湘潭大学,2024,新疆,本科一批,理科,,,348,,
1408,湖南大学,2024,新疆,本科一批,理科,,,536,,
1409,中南大学,2024,新疆,本科一批,理科,,,540,,
1410,湖南科技大学,2024,新疆,本科一批,理科,,,405,,
1411,长沙理工大学,2024,新疆,本科一批,理科,,,356,,
1412,湖南农业大学,2024,新疆,本科一批,理科,,,416,,
1413,中南林业科技大学,2024,新疆,本科一批,理科,,,390,,
1414,湖南中医药大学,2024,新疆,本科一批,理科,,,535,,
1415,湖南师范大学,2024,新疆,本科一批,理科,,,474,,
1425,南华大学,2024,新疆,本科一批,理科,,,405,,
1426,中山大学,2024,新疆,本科一批,理科,,,447,,
1427,暨南大学,2024,新疆,本科一批,理科,,,396,,
1429,华南理工大学,2024,新疆,本科一批,理科,,,555,,
1430,华南农业大学,2024,新疆,本科一批,理科,,,431,,
1433,广东医科大学,2024,新疆,本科一批,理科,,,436,,
1434,广州中医药大学,2024,新疆,本科一批,理科,,,423,,
1436,华南师范大学,2024,新疆,本科一批,理科,,,470,,
1447,海南大学,2024,新疆,本科一批,理科,,,448,,
1448,深圳大学,2024,新疆,本科一批,理科,,,535,,
1449,广东财经大学,2024,新疆,本科一批,理科,,,441,,
1450,广西大学,2024,新疆,本科一批,理科,,,440,,
1466,四川大学,2024,新疆,本科一批,理科,,,473,,
1468,西南交通大学,2024,新疆,本科一批,理科,,,463,,
1469,电子科技大学,2024,新疆,本科一批,理科,,,589,,
1470,西南石油大学,2024,新疆,本科一批,理科,,,453,,
1471,成都理工大学,2024,新疆,本科一批,理科,,,396,3052,
1472,重庆邮电大学,2024,新疆,本科一批,理科,,,476,,
1473,重庆交通大学,2024,新疆,本科一批,理科,,,407,,
1474,西南科技大学,2024,新疆,本科一批,理科,,,340,,
1475,成都信息工程大学,2024,新疆,本科一批,理科,,,455,,
1479,四川农业大学,2024,新疆,本科一批,理科,,,468,,
1481,重庆医科大学,2024,新疆,本科一批,理科,,,514,,
1482,西南医科大学,2024,新疆,本科一批,理科,,,401,,
1483,成都中医药大学,2024,新疆,本科一批,理科,,,504,,
1484,川北医学院,2024,新疆,本科一批,理科,,,431,,
1486,四川师范大学,2024,新疆,本科一批,理科,,,395,,
1499,西南财经大学,2024,新疆,本科一批,理科,,,448,,
1500,西南政法大学,2024,新疆,本科一批,理科,,,479,,
1504,西南民族大学,2024,新疆,本科一批,理科,,,390,,
1505,贵州大学,2024,新疆,本科一批,理科,,,446,,
1519,云南大学,2024,新疆,本科一批,理科,,,404,,
1520,昆明理工大学,2024,新疆,本科一批,理科,,,396,12750,
1539,西北大学,2024,新疆,本科一批,理科,,,480,,
1540,西安交通大学,2024,新疆,本科一批,理科,,,607,,
1541,西北工业大学,2024,新疆,本科一批,理科,,,590,,
1542,西安理工大学,2024,新疆,本科一批,理科,,,464,,
1543,西安电子科技大学,2024,新疆,本科一批,理科,,,569,,
1544,西安工业大学,2024,新疆,本科一批,理科,,,476,,
1546,西安科技大学,2024,新疆,本科一批,理科,,,398,,
1547,西安石油大学,2024,新疆,本科一批,理科,,,413,,
1548,陕西科技大学,2024,新疆,本科一批,理科,,,394,,
1549,西安工程大学,2024,新疆,本科一批,理科,,,418,,
1550,长安大学,2024,新疆,本科一批,理科,,,459,,
1551,西北农林科技大学,2024,新疆,本科一批,理科,,,486,,
1552,陕西中医药大学,2024,新疆,本科一批,理科,,,440,,
1559,西安外国语大学,2024,新疆,本科一批,理科,,,342,,
1560,西北政法大学,2024,新疆,本科一批,理科,,,500,,
1564,兰州大学,2024,新疆,本科一批,理科,,,449,,
1576,青海大学,2024,新疆,本科一批,理科,,,396,,
1582,新疆大学,2024,新疆,本科一批,理科,,,392,,
1583,塔里木大学,2024,新疆,本科一批,理科,,,404,,
1584,新疆农业大学,2024,新疆,本科一批,理科,,,400,,
1585,石河子大学,2024,新疆,本科一批,理科,,,397,,
1586,新疆医科大学,2024,新疆,本科一批,理科,,,401,,
1587,新疆师范大学,2024,新疆,本科一批,理科,,,392,,
1591,新疆财经大学,2024,新疆,本科一批,理科,,,403,,
1678,上海立信会计金融学院,2024,新疆,本科一批,理科,,,464,,
1692,青岛大学,2024,新疆,本科一批,理科,,,391,,
1693,烟台大学,2024,新疆,本科一批,理科,,,396,,
1699,江汉大学,2024,新疆,本科一批,理科,,,458,,
1701,三峡大学,2024,新疆,本科一批,理科,,,468,7781,
1703,广州大学,2024,新疆,本科一批,理科,,,458,,
1704,成都大学,2024,新疆,本科一批,理科,,,440,,
1715,扬州大学,2024,新疆,本科一批,理科,,,416,,
1720,北京信息科技大学,2024,新疆,本科一批,理科,,,487,,
1730,南京审计大学,2024,新疆,本科一批,理科,,,463,,
1768,中国矿业大学（北京）,2024,新疆,本科一批,理科,,,474,,
1769,中国石油大学（北京）,2024,新疆,本科一批,理科,,,502,,
1770,中国地质大学（北京）,2024,新疆,本科一批,理科,,,475,,
1771,北京联合大学,2024,新疆,本科一批,理科,,,450,,
1787,上海电机学院,2024,新疆,本科一批,理科,,,413,,
1812,湖南工业大学,2024,新疆,本科一批,理科,,,350,,
1826,西安财经大学,2024,新疆,本科一批,理科,,,430,,
1843,宁波大学,2024,新疆,本科一批,理科,,,471,,
1849,海南师范大学,2024,新疆,本科一批,理科,,,395,7610,
1853,西安邮电大学,2024,新疆,本科一批,理科,,,471,,
1873,重庆工商大学,2024,新疆,本科一批,理科,,,400,,
1880,海南医科大学,2024,新疆,本科一批,理科,,,540,,
1894,上海政法学院,2024,新疆,本科一批,理科,,,393,,
1897,西安医学院,2024,新疆,本科一批,理科,,,450,,
1922,大连民族大学,2024,新疆,本科一批,理科,,,402,,
1957,南方医科大学,2024,新疆,本科一批,理科,,,425,,
2822,成都医学院,2024,新疆,本科一批,理科,,,483,,
3653,宁波诺丁汉大学,2024,新疆,本科一批,理科,,,434,,
3654,西交利物浦大学,2024,新疆,本科一批,理科,,,441,,
3666,北京大学医学部,2024,新疆,本科一批,理科,,,656,,
3673,东北大学秦皇岛分校,2024,新疆,本科一批,理科,,,501,,
3674,哈尔滨工业大学（威海）,2024,新疆,本科一批,理科,,,565,,
3675,复旦大学上海医学院,2024,新疆,本科一批,理科,,,647,,
3676,上海交通大学医学院,2024,新疆,本科一批,理科,,,645,,
3677,浙江大学医学院,2024,新疆,本科一批,理科,,,630,,
3679,中国石油大学（北京）克拉玛依校区,2024,新疆,本科一批,理科,,,441,,
3680,山东大学（威海）,2024,新疆,本科一批,理科,,,532,,
3682,西南大学,2024,新疆,本科一批,理科,,,430,,
5023,中国政法大学,2024,新疆,本科一批,理科,,,468,1003,
7076,东北农业大学,2024,新疆,本科一批,理科,,,442,,
7094,南京工业大学,2024,新疆,本科一批,理科,,,447,,
7095,常州大学,2024,新疆,本科一批,理科,,,422,,
7099,南京信息工程大学,2024,新疆,本科一批,理科,,,501,,
7102,南京医科大学,2024,新疆,本科一批,理科,,,386,,
7116,浙江农林大学,2024,新疆,本科一批,理科,,,404,,
7117,温州医科大学,2024,新疆,本科一批,理科,,,493,,
7133,福州大学,2024,新疆,本科一批,理科,,,468,,
7137,福建医科大学,2024,新疆,本科一批,理科,,,407,,
7222,西安建筑科技大学,2024,新疆,本科一批,理科,,,419,,
7413,中国医科大学,2024,新疆,本科一批,理科,,,434,,
8006,中国民航大学,2024,新疆,本科一批,理科,,,461,,
8014,浙江大学,2024,新疆,本科一批,理科,,,605,,
8073,重庆大学,2024,新疆,本科一批,理科,,,435,,
,北师香港浸会大学,2024,新疆,本科一批,理科,,,420,,
1016,北京石油化工学院,2024,新疆,本科二批,理科,,,393,,
1056,天津农学院,2024,新疆,本科二批,理科,,,353,,
1060,天津职业技术师范大学,2024,新疆,本科二批,理科,,,362,,
1068,河北工程大学,2024,新疆,本科二批,理科,,,383,,
1069,河北地质大学,2024,新疆,本科二批,理科,,,356,,
1070,华北水利水电大学,2024,新疆,本科二批,理科,,,370,,
1073,华北理工大学,2024,新疆,本科二批,理科,,,377,,
1074,河北科技大学,2024,新疆,本科二批,理科,,,359,,
1075,河北建筑工程学院,2024,新疆,本科二批,理科,,,310,,
1078,河北医科大学,2024,新疆,本科二批,理科,,,384,,
1092,山西大学,2024,新疆,本科二批,理科,,,405,,
1093,太原科技大学,2024,新疆,本科二批,理科,,,385,,
1097,山西医科大学,2024,新疆,本科二批,理科,,,351,,
1100,太原师范学院,2024,新疆,本科二批,理科,,,369,,
1108,内蒙古科技大学,2024,新疆,本科二批,理科,,,335,,
1109,内蒙古工业大学,2024,新疆,本科二批,理科,,,339,,
1110,内蒙古农业大学,2024,新疆,本科二批,理科,,,329,,
1111,内蒙古医科大学,2024,新疆,本科二批,理科,,,348,,
1113,内蒙古民族大学,2024,新疆,本科二批,理科,,,320,,
1115,内蒙古财经大学,2024,新疆,本科二批,理科,,,346,,
1119,沈阳航空航天大学,2024,新疆,本科二批,理科,,,357,,
1120,沈阳理工大学,2024,新疆,本科二批,理科,,,390,,
1122,辽宁科技大学,2024,新疆,本科二批,理科,,,357,,
1124,辽宁石油化工大学,2024,新疆,本科二批,理科,,,364,,
1125,沈阳化工大学,2024,新疆,本科二批,理科,,,372,,
1126,大连交通大学,2024,新疆,本科二批,理科,,,384,,
1128,大连工业大学,2024,新疆,本科二批,理科,,,375,,
1130,辽宁工业大学,2024,新疆,本科二批,理科,,,351,,
1132,大连海洋大学,2024,新疆,本科二批,理科,,,356,,
1134,锦州医科大学,2024,新疆,本科二批,理科,,,352,,
1138,沈阳医学院,2024,新疆,本科二批,理科,,,369,,
1139,辽宁师范大学,2024,新疆,本科二批,理科,,,353,,
1140,沈阳师范大学,2024,新疆,本科二批,理科,,,389,,
1141,渤海大学,2024,新疆,本科二批,理科,,,305,,
1142,鞍山师范学院,2024,新疆,本科二批,理科,,,315,,
1157,东北电力大学,2024,新疆,本科二批,理科,,,398,,
1158,长春工业大学,2024,新疆,本科二批,理科,,,357,,
1159,吉林建筑大学,2024,新疆,本科二批,理科,,,310,,
1161,吉林农业大学,2024,新疆,本科二批,理科,,,349,,
1162,长春中医药大学,2024,新疆,本科二批,理科,,,322,,
1164,北华大学,2024,新疆,本科二批,理科,,,309,,
1165,通化师范学院,2024,新疆,本科二批,理科,,,296,,
1166,吉林师范大学,2024,新疆,本科二批,理科,,,343,,
1167,吉林工程技术师范学院,2024,新疆,本科二批,理科,,,295,,
1168,长春师范大学,2024,新疆,本科二批,理科,,,349,,
1169,白城师范学院,2024,新疆,本科二批,理科,,,324,,
1170,吉林财经大学,2024,新疆,本科二批,理科,,,387,,
1180,佳木斯大学,2024,新疆,本科二批,理科,,,325,,
1181,黑龙江八一农垦大学,2024,新疆,本科二批,理科,,,316,,
1184,哈尔滨医科大学,2024,新疆,本科二批,理科,,,368,,
1185,黑龙江中医药大学,2024,新疆,本科二批,理科,,,359,,
1186,牡丹江医科大学,2024,新疆,本科二批,理科,,,378,,
1188,齐齐哈尔大学,2024,新疆,本科二批,理科,,,303,,
1190,哈尔滨学院,2024,新疆,本科二批,理科,,,313,26169,
1191,大庆师范学院,2024,新疆,本科二批,理科,,,311,,
1192,绥化学院,2024,新疆,本科二批,理科,,,314,,
1194,哈尔滨商业大学,2024,新疆,本科二批,理科,,,345,13142,
1196,哈尔滨金融学院,2024,新疆,本科二批,理科,,,356,,
1205,上海应用技术大学,2024,新疆,本科二批,理科,,,364,,
1242,徐州医科大学,2024,新疆,本科二批,理科,,,388,,
1251,南京体育学院,2024,新疆,本科二批,理科,,,392,,
1265,湖州师范学院,2024,新疆,本科二批,理科,,,378,,
1267,台州学院,2024,新疆,本科二批,理科,,,375,,
1268,温州大学,2024,新疆,本科二批,理科,,,385,,
1280,安徽农业大学,2024,新疆,本科二批,理科,,,376,,
1288,淮北师范大学,2024,新疆,本科二批,理科,,,381,,
1296,淮南师范学院,2024,新疆,本科二批,理科,,,342,,
1303,集美大学,2024,新疆,本科二批,理科,,,392,,
1306,福建师范大学,2024,新疆,本科二批,理科,,,357,,
1313,华东交通大学,2024,新疆,本科二批,理科,,,376,,
1316,江西理工大学,2024,新疆,本科二批,理科,,,419,,
1318,江西农业大学,2024,新疆,本科二批,理科,,,321,,
1319,江西中医药大学,2024,新疆,本科二批,理科,,,326,,
1322,上饶师范学院,2024,新疆,本科二批,理科,,,352,,
1324,赣南师范大学,2024,新疆,本科二批,理科,,,347,,
1329,山东科技大学,2024,新疆,本科二批,理科,,,380,,
1332,济南大学,2024,新疆,本科二批,理科,,,411,,
1333,青岛理工大学,2024,新疆,本科二批,理科,,,384,,
1334,山东建筑大学,2024,新疆,本科二批,理科,,,336,,
1337,山东农业大学,2024,新疆,本科二批,理科,,,378,,
1338,青岛农业大学,2024,新疆,本科二批,理科,,,365,,
1339,山东第二医科大学,2024,新疆,本科二批,理科,,,388,,
1340,山东第一医科大学,2024,新疆,本科二批,理科,,,392,,
1341,滨州医学院,2024,新疆,本科二批,理科,,,353,,
1344,济宁医学院,2024,新疆,本科二批,理科,,,350,,
1347,曲阜师范大学,2024,新疆,本科二批,理科,,,368,,
1349,德州学院,2024,新疆,本科二批,理科,,,339,,
1350,山东航空学院,2024,新疆,本科二批,理科,,,392,,
1351,鲁东大学,2024,新疆,本科二批,理科,,,363,,
1352,临沂大学,2024,新疆,本科二批,理科,,,363,,
1356,山东财经大学,2024,新疆,本科二批,理科,,,370,,
1357,山东体育学院,2024,新疆,本科二批,理科,,,327,,
1360,河南理工大学,2024,新疆,本科二批,理科,,,373,,
1361,郑州轻工业大学,2024,新疆,本科二批,理科,,,384,,
1362,河南工业大学,2024,新疆,本科二批,理科,,,385,,
1363,河南科技大学,2024,新疆,本科二批,理科,,,342,,
1364,中原工学院,2024,新疆,本科二批,理科,,,326,,
1366,河南科技学院,2024,新疆,本科二批,理科,,,281,,
1368,河南中医药大学,2024,新疆,本科二批,理科,,,305,,
1373,周口师范学院,2024,新疆,本科二批,理科,,,344,,
1375,许昌学院,2024,新疆,本科二批,理科,,,368,,
1376,南阳师范学院,2024,新疆,本科二批,理科,,,323,,
1380,郑州航空工业管理学院,2024,新疆,本科二批,理科,,,363,,
1387,武汉纺织大学,2024,新疆,本科二批,理科,,,393,,
1392,湖北中医药大学,2024,新疆,本科二批,理科,,,416,,
1397,湖北民族大学,2024,新疆,本科二批,理科,,,362,,
1399,湖北文理学院,2024,新疆,本科二批,理科,,,366,,
1404,湖北汽车工业学院,2024,新疆,本科二批,理科,,,379,,
1410,湖南科技大学,2024,新疆,本科二批,理科,,,378,,
1412,湖南农业大学,2024,新疆,本科二批,理科,,,359,,
1414,湖南中医药大学,2024,新疆,本科二批,理科,,,387,,
1416,湖南理工学院,2024,新疆,本科二批,理科,,,375,,
1418,衡阳师范学院,2024,新疆,本科二批,理科,,,326,,
1419,邵阳学院,2024,新疆,本科二批,理科,,,301,19602,
1421,湖南文理学院,2024,新疆,本科二批,理科,,,359,,
1422,湖南科技学院,2024,新疆,本科二批,理科,,,348,,
1424,湖南工商大学,2024,新疆,本科二批,理科,,,392,,
1431,广东海洋大学,2024,新疆,本科二批,理科,,,365,,
1440,岭南师范学院,2024,新疆,本科二批,理科,,,326,,
1446,广东技术师范大学,2024,新疆,本科二批,理科,,,364,,
1452,桂林电子科技大学,2024,新疆,本科二批,理科,,,426,,
1453,桂林理工大学,2024,新疆,本科二批,理科,,,338,,
1464,广西民族大学,2024,新疆,本科二批,理科,,,331,,
1476,四川轻化工大学,2024,新疆,本科二批,理科,,,391,,
1478,中国民用航空飞行学院,2024,新疆,本科二批,理科,,,375,6396,
1481,重庆医科大学,2024,新疆,本科二批,理科,,,385,,
1483,成都中医药大学,2024,新疆,本科二批,理科,,,380,,
1487,重庆师范大学,2024,新疆,本科二批,理科,,,400,,
1488,西华师范大学,2024,新疆,本科二批,理科,,,286,,
1489,绵阳师范学院,2024,新疆,本科二批,理科,,,342,,
1490,内江师范学院,2024,新疆,本科二批,理科,,,279,,
1491,宜宾学院,2024,新疆,本科二批,理科,,,367,,
1492,重庆文理学院,2024,新疆,本科二批,理科,,,373,,
1493,重庆三峡学院,2024,新疆,本科二批,理科,,,368,,
1494,四川文理学院,2024,新疆,本科二批,理科,,,287,,
1496,长江师范学院,2024,新疆,本科二批,理科,,,349,,
1506,贵州医科大学,2024,新疆,本科二批,理科,,,367,,
1516,黔南民族师范学院,2024,新疆,本科二批,理科,,,337,,
1517,贵州财经大学,2024,新疆,本科二批,理科,,,352,,
1520,昆明理工大学,2024,新疆,本科二批,理科,,,387,18402,
1522,西南林业大学,2024,新疆,本科二批,理科,,,296,,
1523,昆明医科大学,2024,新疆,本科二批,理科,,,376,,
1524,大理大学,2024,新疆,本科二批,理科,,,357,,
1528,曲靖师范学院,2024,新疆,本科二批,理科,,,330,,
1532,云南财经大学,2024,新疆,本科二批,理科,,,391,,
1544,西安工业大学,2024,新疆,本科二批,理科,,,390,,
1554,延安大学,2024,新疆,本科二批,理科,,,380,,
1555,陕西理工大学,2024,新疆,本科二批,理科,,,380,,
1557,咸阳师范学院,2024,新疆,本科二批,理科,,,302,,
1565,兰州理工大学,2024,新疆,本科二批,理科,,,389,,
1566,兰州交通大学,2024,新疆,本科二批,理科,,,388,,
1567,甘肃农业大学,2024,新疆,本科二批,理科,,,349,,
1568,甘肃中医药大学,2024,新疆,本科二批,理科,,,346,,
1569,西北师范大学,2024,新疆,本科二批,理科,,,386,,
1571,陇东学院,2024,新疆,本科二批,理科,,,324,,
1573,河西学院,2024,新疆,本科二批,理科,,,304,,
1574,兰州财经大学,2024,新疆,本科二批,理科,,,354,18725,
1575,西北民族大学,2024,新疆,本科二批,理科,,,311,,
1577,青海师范大学,2024,新疆,本科二批,理科,,,355,,
1578,青海民族大学,2024,新疆,本科二批,理科,,,319,,
1583,塔里木大学,2024,新疆,本科二批,理科,,,263,,
1584,新疆农业大学,2024,新疆,本科二批,理科,,,263,,
1586,新疆医科大学,2024,新疆,本科二批,理科,,,315,,
1588,喀什大学,2024,新疆,本科二批,理科,,,301,,
1589,伊犁师范大学,2024,新疆,本科二批,理科,,,263,,
1590,新疆和田学院,2024,新疆,本科二批,理科,,,303,,
1591,新疆财经大学,2024,新疆,本科二批,理科,,,302,,
1592,新疆艺术学院,2024,新疆,本科二批,理科,,,307,,
1593,天津城建大学,2024,新疆,本科二批,理科,,,355,,
1596,吕梁学院,2024,新疆,本科二批,理科,,,309,,
1598,广东白云学院,2024,新疆,本科二批,理科,,,271,,
1599,长沙医学院,2024,新疆,本科二批,理科,,,340,,
1601,齐鲁医药学院,2024,新疆,本科二批,理科,,,262,,
1615,辽宁对外经贸学院,2024,新疆,本科二批,理科,,,262,,
1619,江西科技学院,2024,新疆,本科二批,理科,,,265,,
1627,上海工程技术大学,2024,新疆,本科二批,理科,,,372,,
1630,天津天狮学院,2024,新疆,本科二批,理科,,,276,,
1638,青岛滨海学院,2024,新疆,本科二批,理科,,,288,,
1644,浙江万里学院,2024,新疆,本科二批,理科,,,371,,
1649,萍乡学院,2024,新疆,本科二批,理科,,,326,,
1654,湖北理工学院,2024,新疆,本科二批,理科,,,357,,
1655,湖北科技学院,2024,新疆,本科二批,理科,,,379,,
1656,湖北医药学院,2024,新疆,本科二批,理科,,,388,,
1663,吉林外国语大学,2024,新疆,本科二批,理科,,,281,,
1668,新疆工程学院,2024,新疆,本科二批,理科,,,278,,
1669,新疆农业职业技术大学,2024,新疆,本科二批,理科,,,300,,
1670,昌吉学院,2024,新疆,本科二批,理科,,,225,,
1678,上海立信会计金融学院,2024,新疆,本科二批,理科,,,384,,
1679,金陵科技学院,2024,新疆,本科二批,理科,,,300,,
1686,常州工学院,2024,新疆,本科二批,理科,,,376,20915,
1693,烟台大学,2024,新疆,本科二批,理科,,,330,,
1694,潍坊学院,2024,新疆,本科二批,理科,,,355,,
1697,洛阳理工学院,2024,新疆,本科二批,理科,,,360,,
1698,新乡学院,2024,新疆,本科二批,理科,,,324,,
1704,成都大学,2024,新疆,本科二批,理科,,,402,,
1705,西安文理学院,2024,新疆,本科二批,理科,,,370,,
1707,海南热带海洋学院,2024,新疆,本科二批,理科,,,342,,
1708,华北科技学院,2024,新疆,本科二批,理科,,,319,,
1710,广州航海学院,2024,新疆,本科二批,理科,,,300,,
1714,成都工业学院,2024,新疆,本科二批,理科,,,385,,
1717,三江学院,2024,新疆,本科二批,理科,,,295,,
1718,中华女子学院,2024,新疆,本科二批,理科,,,363,,
1719,齐齐哈尔医学院,2024,新疆,本科二批,理科,,,315,,
1727,大连大学,2024,新疆,本科二批,理科,,,360,,
1728,吉林工商学院,2024,新疆,本科二批,理科,,,327,,
1736,龙岩学院,2024,新疆,本科二批,理科,,,334,,
1737,福建商学院,2024,新疆,本科二批,理科,,,328,,
1744,信阳农林学院,2024,新疆,本科二批,理科,,,320,,
1746,安阳工学院,2024,新疆,本科二批,理科,,,339,,
1750,荆楚理工学院,2024,新疆,本科二批,理科,,,349,,
1751,湖南工程学院,2024,新疆,本科二批,理科,,,378,,
1752,仲恺农业工程学院,2024,新疆,本科二批,理科,,,324,,
1753,五邑大学,2024,新疆,本科二批,理科,,,400,,
1757,攀枝花学院,2024,新疆,本科二批,理科,,,358,,
1759,楚雄师范学院,2024,新疆,本科二批,理科,,,343,,
1763,商洛学院,2024,新疆,本科二批,理科,,,339,,
1764,安康学院,2024,新疆,本科二批,理科,,,338,,
1765,西安培华学院,2024,新疆,本科二批,理科,,,307,,
1766,甘肃政法大学,2024,新疆,本科二批,理科,,,382,,
1767,北方民族大学,2024,新疆,本科二批,理科,,,331,,
1771,北京联合大学,2024,新疆,本科二批,理科,,,385,,
1772,北京城市学院,2024,新疆,本科二批,理科,,,309,,
1775,集宁师范学院,2024,新疆,本科二批,理科,,,328,,
1779,长春汽车职业技术大学,2024,新疆,本科二批,理科,,,328,,
1780,长春工程学院,2024,新疆,本科二批,理科,,,231,,
1781,吉林农业科技学院,2024,新疆,本科二批,理科,,,304,,
1783,吉林警察学院,2024,新疆,本科二批,理科,,,358,,
1784,黑龙江工业学院,2024,新疆,本科二批,理科,,,322,,
1785,黑龙江东方学院,2024,新疆,本科二批,理科,,,272,,
1787,上海电机学院,2024,新疆,本科二批,理科,,,378,,
1790,江苏理工学院,2024,新疆,本科二批,理科,,,361,,
1792,浙江水利水电学院,2024,新疆,本科二批,理科,,,373,,
1797,莆田学院,2024,新疆,本科二批,理科,,,364,,
1803,新余学院,2024,新疆,本科二批,理科,,,309,,
1804,山东交通学院,2024,新疆,本科二批,理科,,,358,,
1808,湖南城市学院,2024,新疆,本科二批,理科,,,341,,
1809,湖南工学院,2024,新疆,本科二批,理科,,,349,,
1813,湖南女子学院,2024,新疆,本科二批,理科,,,293,,
1814,广东金融学院,2024,新疆,本科二批,理科,,,375,,
1815,电子科技大学中山学院,2024,新疆,本科二批,理科,,,329,,
1820,重庆科技大学,2024,新疆,本科二批,理科,,,385,,
1828,兰州文理学院,2024,新疆,本科二批,理科,,,337,,
1830,湖北经济学院,2024,新疆,本科二批,理科,,,361,,
1839,河套学院,2024,新疆,本科二批,理科,,,315,,
1840,沈阳工程学院,2024,新疆,本科二批,理科,,,373,,
1841,哈尔滨信息工程学院,2024,新疆,本科二批,理科,,,265,,
1844,浙江传媒学院,2024,新疆,本科二批,理科,,,381,,
1845,河南财政金融学院,2024,新疆,本科二批,理科,,,364,,
1846,南阳理工学院,2024,新疆,本科二批,理科,,,296,,
1848,广东石油化工学院,2024,新疆,本科二批,理科,,,366,,
1849,海南师范大学,2024,新疆,本科二批,理科,,,364,,
1850,重庆理工大学,2024,新疆,本科二批,理科,,,400,,
1853,西安邮电大学,2024,新疆,本科二批,理科,,,338,,
1854,山东工商学院,2024,新疆,本科二批,理科,,,350,,
1855,呼和浩特民族学院,2024,新疆,本科二批,理科,,,310,,
1856,长春大学,2024,新疆,本科二批,理科,,,357,,
1859,西安航空学院,2024,新疆,本科二批,理科,,,366,,
1862,防灾科技学院,2024,新疆,本科二批,理科,,,361,,
1872,武汉东湖学院,2024,新疆,本科二批,理科,,,294,,
1874,汉口学院,2024,新疆,本科二批,理科,,,297,,
1875,黑龙江工程学院,2024,新疆,本科二批,理科,,,300,,
1876,甘肃医学院,2024,新疆,本科二批,理科,,,365,,
1877,陇南师范学院,2024,新疆,本科二批,理科,,,304,,
1878,兰州工业学院,2024,新疆,本科二批,理科,,,324,,
1880,海南医科大学,2024,新疆,本科二批,理科,,,382,,
1893,黄河科技学院,2024,新疆,本科二批,理科,,,296,,
1895,桂林旅游学院,2024,新疆,本科二批,理科,,,279,,
1897,西安医学院,2024,新疆,本科二批,理科,,,399,,
1900,九江学院,2024,新疆,本科二批,理科,,,310,,
1919,郑州师范学院,2024,新疆,本科二批,理科,,,370,,
1922,大连民族大学,2024,新疆,本科二批,理科,,,336,,
1926,上海第二工业大学,2024,新疆,本科二批,理科,,,384,,
1929,南京特殊教育师范学院,2024,新疆,本科二批,理科,,,331,,
1937,南通理工学院,2024,新疆,本科二批,理科,,,293,,
1940,广东培正学院,2024,新疆,本科二批,理科,,,268,,
1958,湖南医药学院,2024,新疆,本科二批,理科,,,304,,
1970,湖南涉外经济学院,2024,新疆,本科二批,理科,,,262,,
1973,海口经济学院,2024,新疆,本科二批,理科,,,262,,
1974,武昌首义学院,2024,新疆,本科二批,理科,,,264,,
1975,武昌理工学院,2024,新疆,本科二批,理科,,,293,,
1986,烟台南山学院,2024,新疆,本科二批,理科,,,294,,
1998,武汉生物工程学院,2024,新疆,本科二批,理科,,,298,,
2024,中国劳动关系学院,2024,新疆,本科二批,理科,,,367,,
2046,云南经济管理学院,2024,新疆,本科二批,理科,,,267,,
2068,上海立达学院,2024,新疆,本科二批,理科,,,267,,
2075,辽宁理工职业大学,2024,新疆,本科二批,理科,,,264,,
2086,重庆机电职业技术大学,2024,新疆,本科二批,理科,,,307,,
2087,重庆工程学院,2024,新疆,本科二批,理科,,,299,,
2088,重庆电子科技职业大学,2024,新疆,本科二批,理科,,,348,,
2090,广州城市理工学院,2024,新疆,本科二批,理科,,,269,,
2094,广州华商学院,2024,新疆,本科二批,理科,,,251,,
2107,成都东软学院,2024,新疆,本科二批,理科,,,319,,
2117,湖南科技大学潇湘学院,2024,新疆,本科二批,理科,,,326,,
2122,中南林业科技大学涉外学院,2024,新疆,本科二批,理科,,,376,,
2127,湖南中医药大学湘杏学院,2024,新疆,本科二批,理科,,,343,,
2157,西安外事学院,2024,新疆,本科二批,理科,,,306,,
2158,西安翻译学院,2024,新疆,本科二批,理科,,,284,,
2159,西京学院,2024,新疆,本科二批,理科,,,268,,
2173,齐齐哈尔工程学院,2024,新疆,本科二批,理科,,,257,,
2177,新疆警察学院,2024,新疆,本科二批,理科,,,334,,
2190,郑州工业应用技术学院,2024,新疆,本科二批,理科,,,282,,
2205,四川工程职业技术大学,2024,新疆,本科二批,理科,,,338,,
2208,江西工程学院,2024,新疆,本科二批,理科,,,300,,
2233,浙江越秀外国语学院,2024,新疆,本科二批,理科,,,262,,
2236,南昌理工学院,2024,新疆,本科二批,理科,,,291,,
2240,上海建桥学院,2024,新疆,本科二批,理科,,,283,,
2243,吉利学院,2024,新疆,本科二批,理科,,,264,30518,
2356,江西应用科技学院,2024,新疆,本科二批,理科,,,285,,
2408,宁波财经学院,2024,新疆,本科二批,理科,,,285,,
2412,山东英才学院,2024,新疆,本科二批,理科,,,262,,
2420,青岛恒星科技学院,2024,新疆,本科二批,理科,,,271,,
2422,浙大城市学院,2024,新疆,本科二批,理科,,,377,,
2423,浙大宁波理工学院,2024,新疆,本科二批,理科,,,374,,
2424,杭州医学院,2024,新疆,本科二批,理科,,,370,,
2482,厦门工学院,2024,新疆,本科二批,理科,,,341,,
2483,西安思源学院,2024,新疆,本科二批,理科,,,281,,
2485,陕西国际商贸学院,2024,新疆,本科二批,理科,,,274,,
2487,陕西服装工程学院,2024,新疆,本科二批,理科,,,262,,
2495,武汉晴川学院,2024,新疆,本科二批,理科,,,284,,
2496,大连理工大学城市学院,2024,新疆,本科二批,理科,,,259,,
2499,沈阳工学院,2024,新疆,本科二批,理科,,,270,,
2500,大连工业大学艺术与信息工程学院,2024,新疆,本科二批,理科,,,262,,
2501,大连科技学院,2024,新疆,本科二批,理科,,,274,,
2502,沈阳城市建设学院,2024,新疆,本科二批,理科,,,262,,
2504,大连医科大学中山学院,2024,新疆,本科二批,理科,,,300,,
2505,锦州医科大学医疗学院,2024,新疆,本科二批,理科,,,304,,
2506,辽宁师范大学海华学院,2024,新疆,本科二批,理科,,,271,,
2507,辽宁理工学院,2024,新疆,本科二批,理科,,,270,,
2508,大连财经学院,2024,新疆,本科二批,理科,,,285,,
2509,沈阳城市学院,2024,新疆,本科二批,理科,,,265,,
2510,湖北大学知行学院,2024,新疆,本科二批,理科,,,302,,
2511,武汉城市学院,2024,新疆,本科二批,理科,,,280,,
2512,三峡大学科技学院,2024,新疆,本科二批,理科,,,300,,
2513,武汉文理学院,2024,新疆,本科二批,理科,,,295,,
2514,湖北工业大学工程技术学院,2024,新疆,本科二批,理科,,,305,,
2515,武汉工程大学邮电与信息工程学院,2024,新疆,本科二批,理科,,,290,,
2516,武汉纺织大学外经贸学院,2024,新疆,本科二批,理科,,,313,,
2517,武昌工学院,2024,新疆,本科二批,理科,,,294,,
2518,武汉工商学院,2024,新疆,本科二批,理科,,,301,,
2520,长江大学文理学院,2024,新疆,本科二批,理科,,,304,,
2521,湖北商贸学院,2024,新疆,本科二批,理科,,,291,,
2523,湖北医药学院药护学院,2024,新疆,本科二批,理科,,,338,,
2524,湖北恩施学院,2024,新疆,本科二批,理科,,,278,,
2526,武汉体育学院体育科技学院,2024,新疆,本科二批,理科,,,280,,
2528,湖北文理学院理工学院,2024,新疆,本科二批,理科,,,297,,
2529,湖北工程学院新技术学院,2024,新疆,本科二批,理科,,,296,,
2530,文华学院,2024,新疆,本科二批,理科,,,305,,
2535,浙江工业大学之江学院,2024,新疆,本科二批,理科,,,286,,
2536,浙江师范大学行知学院,2024,新疆,本科二批,理科,,,323,,
2537,宁波大学科学技术学院,2024,新疆,本科二批,理科,,,283,,
2538,杭州电子科技大学信息工程学院,2024,新疆,本科二批,理科,,,347,,
2549,嘉兴南湖学院,2024,新疆,本科二批,理科,,,374,,
2550,中国计量大学现代科技学院,2024,新疆,本科二批,理科,,,306,,
2553,黑龙江财经学院,2024,新疆,本科二批,理科,,,262,,
2554,哈尔滨石油学院,2024,新疆,本科二批,理科,,,262,,
2555,黑龙江工商学院,2024,新疆,本科二批,理科,,,262,,
2556,哈尔滨远东理工学院,2024,新疆,本科二批,理科,,,274,,
2558,哈尔滨剑桥学院,2024,新疆,本科二批,理科,,,253,,
2559,黑龙江工程学院昆仑旅游学院,2024,新疆,本科二批,理科,,,258,,
2560,哈尔滨广厦学院,2024,新疆,本科二批,理科,,,262,,
2561,哈尔滨华德学院,2024,新疆,本科二批,理科,,,258,,
2566,青岛黄海学院,2024,新疆,本科二批,理科,,,284,,
2568,山东现代学院,2024,新疆,本科二批,理科,,,280,,
2570,山东协和学院,2024,新疆,本科二批,理科,,,295,,
2572,滇池学院,2024,新疆,本科二批,理科,,,273,,
2574,昆明城市学院,2024,新疆,本科二批,理科,,,264,,
2575,昆明医科大学海源学院,2024,新疆,本科二批,理科,,,287,,
2590,烟台理工学院,2024,新疆,本科二批,理科,,,289,,
2591,青岛城市学院,2024,新疆,本科二批,理科,,,279,,
2593,山东石油化工学院,2024,新疆,本科二批,理科,,,365,,
2598,河北科技学院,2024,新疆,本科二批,理科,,,275,,
2608,河北外国语学院,2024,新疆,本科二批,理科,,,271,,
2630,南昌交通学院,2024,新疆,本科二批,理科,,,289,,
2631,赣东学院,2024,新疆,本科二批,理科,,,338,,
2633,赣南科技学院,2024,新疆,本科二批,理科,,,315,,
2636,南昌医学院,2024,新疆,本科二批,理科,,,306,,
2648,厦门大学嘉庚学院,2024,新疆,本科二批,理科,,,324,,
2650,集美大学诚毅学院,2024,新疆,本科二批,理科,,,316,,
2651,福建师范大学协和学院,2024,新疆,本科二批,理科,,,296,,
2658,信阳学院,2024,新疆,本科二批,理科,,,280,,
2665,兰州工商学院,2024,新疆,本科二批,理科,,,267,,
2667,兰州博文科技学院,2024,新疆,本科二批,理科,,,277,,
2668,兰州信息科技学院,2024,新疆,本科二批,理科,,,263,,
2680,山西工学院,2024,新疆,本科二批,理科,,,346,,
2681,晋中信息学院,2024,新疆,本科二批,理科,,,300,29714,
2683,山西晋中理工学院,2024,新疆,本科二批,理科,,,294,,
2685,重庆人文科技学院,2024,新疆,本科二批,理科,,,298,,
2686,新疆理工学院,2024,新疆,本科二批,理科,,,301,,
2688,新疆第二医学院,2024,新疆,本科二批,理科,,,309,,
2689,新疆科技学院,2024,新疆,本科二批,理科,,,276,,
2696,西安交通工程学院,2024,新疆,本科二批,理科,,,300,,
2707,重庆外语外事学院,2024,新疆,本科二批,理科,,,283,,
2708,重庆对外经贸学院,2024,新疆,本科二批,理科,,,292,,
2709,重庆财经学院,2024,新疆,本科二批,理科,,,323,24273,
2710,重庆工商大学派斯学院,2024,新疆,本科二批,理科,,,302,,
2712,石家庄铁道大学四方学院,2024,新疆,本科二批,理科,,,305,,
2713,河北地质大学华信学院,2024,新疆,本科二批,理科,,,277,,
2719,长春光华学院,2024,新疆,本科二批,理科,,,267,,
2720,长春工业大学人文信息学院,2024,新疆,本科二批,理科,,,268,,
2721,长春电子科技学院,2024,新疆,本科二批,理科,,,269,,
2722,长春财经学院,2024,新疆,本科二批,理科,,,269,,
2723,吉林建筑科技学院,2024,新疆,本科二批,理科,,,266,38954,
2724,长春建筑学院,2024,新疆,本科二批,理科,,,264,,
2725,长春科技学院,2024,新疆,本科二批,理科,,,280,,
2728,辽宁中医药大学杏林学院,2024,新疆,本科二批,理科,,,311,,
2729,辽宁何氏医学院,2024,新疆,本科二批,理科,,,296,,
2740,沈阳科技学院,2024,新疆,本科二批,理科,,,265,,
2742,长春大学旅游学院,2024,新疆,本科二批,理科,,,262,,
2744,昆明文理学院,2024,新疆,本科二批,理科,,,262,,
2746,重庆移通学院,2024,新疆,本科二批,理科,,,306,,
2747,新疆政法学院,2024,新疆,本科二批,理科,,,266,,
2750,大连东软信息学院,2024,新疆,本科二批,理科,,,262,,
2753,武汉学院,2024,新疆,本科二批,理科,,,295,,
2754,长沙理工大学城南学院,2024,新疆,本科二批,理科,,,329,,
2755,上海外国语大学贤达经济人文学院,2024,新疆,本科二批,理科,,,262,,
2760,桂林学院,2024,新疆,本科二批,理科,,,276,,
2767,贵州黔南经济学院,2024,新疆,本科二批,理科,,,287,,
2773,南京理工大学紫金学院,2024,新疆,本科二批,理科,,,364,,
2774,南京航空航天大学金城学院,2024,新疆,本科二批,理科,,,323,,
2777,天津外国语大学滨海外事学院,2024,新疆,本科二批,理科,,,280,,
2779,天津商业大学宝德学院,2024,新疆,本科二批,理科,,,296,31706,
2780,天津医科大学临床医学院,2024,新疆,本科二批,理科,,,299,,
2781,长春人文学院,2024,新疆,本科二批,理科,,,262,,
2783,武汉工程科技学院,2024,新疆,本科二批,理科,,,281,,
2784,电子科技大学成都学院,2024,新疆,本科二批,理科,,,278,,
2785,武汉华夏理工学院,2024,新疆,本科二批,理科,,,284,,
2786,广州商学院,2024,新疆,本科二批,理科,,,262,,
2787,成都理工大学工程技术学院,2024,新疆,本科二批,理科,,,313,,
2789,成都银杏酒店管理学院,2024,新疆,本科二批,理科,,,283,,
2790,成都文理学院,2024,新疆,本科二批,理科,,,298,,
2791,四川工商学院,2024,新疆,本科二批,理科,,,297,,
2792,成都外国语学院,2024,新疆,本科二批,理科,,,284,,
2796,西安交通大学城市学院,2024,新疆,本科二批,理科,,,307,,
2798,西安建筑科技大学华清学院,2024,新疆,本科二批,理科,,,294,,
2799,西安财经大学行知学院,2024,新疆,本科二批,理科,,,287,,
2800,陕西科技大学镐京学院,2024,新疆,本科二批,理科,,,276,,
2801,西安工商学院,2024,新疆,本科二批,理科,,,282,,
2802,延安大学西安创新学院,2024,新疆,本科二批,理科,,,287,,
2803,珠海科技学院,2024,新疆,本科二批,理科,,,335,,
2831,广州工商学院,2024,新疆,本科二批,理科,,,281,,
2836,广东科技学院,2024,新疆,本科二批,理科,,,270,,
2837,广东理工学院,2024,新疆,本科二批,理科,,,276,,
2838,广东工商职业技术大学,2024,新疆,本科二批,理科,,,265,,
2840,新疆天山职业技术大学,2024,新疆,本科二批,理科,,,279,,
2851,西安汽车职业大学,2024,新疆,本科二批,理科,,,285,,
2857,黑河学院,2024,新疆,本科二批,理科,,,312,,
2875,福建江夏学院,2024,新疆,本科二批,理科,,,350,,
2918,湖南应用技术学院,2024,新疆,本科二批,理科,,,271,,
2920,琼台师范学院,2024,新疆,本科二批,理科,,,359,,
2925,四川工业科技学院,2024,新疆,本科二批,理科,,,294,,
2939,南京理工大学泰州科技学院,2024,新疆,本科二批,理科,,,262,,
2976,保定理工学院,2024,新疆,本科二批,理科,,,269,,
2977,三亚学院,2024,新疆,本科二批,理科,,,242,,
2978,上海师范大学天华学院,2024,新疆,本科二批,理科,,,244,,
2979,西安明德理工学院,2024,新疆,本科二批,理科,,,282,,
2982,天津理工大学中环信息学院,2024,新疆,本科二批,理科,,,316,,
2983,北京科技大学天津学院,2024,新疆,本科二批,理科,,,292,,
2984,北京中医药大学东方学院,2024,新疆,本科二批,理科,,,336,,
2985,辽宁财贸学院,2024,新疆,本科二批,理科,,,272,,
2986,北京邮电大学世纪学院,2024,新疆,本科二批,理科,,,319,,
2987,广州新华学院,2024,新疆,本科二批,理科,,,262,,
2989,北京工业大学耿丹学院,2024,新疆,本科二批,理科,,,279,,
2991,南京师范大学中北学院,2024,新疆,本科二批,理科,,,303,,
3061,南京医科大学康达学院,2024,新疆,本科二批,理科,,,359,,
3063,无锡学院,2024,新疆,本科二批,理科,,,383,,
3068,扬州大学广陵学院,2024,新疆,本科二批,理科,,,266,,
3069,江苏师范大学科文学院,2024,新疆,本科二批,理科,,,313,,
3070,南京邮电大学通达学院,2024,新疆,本科二批,理科,,,340,,
3074,南通大学杏林学院,2024,新疆,本科二批,理科,,,329,,
3075,南京审计大学金审学院,2024,新疆,本科二批,理科,,,388,,
3076,青岛工学院,2024,新疆,本科二批,理科,,,273,,
3078,齐鲁理工学院,2024,新疆,本科二批,理科,,,279,,
3079,山东财经大学东方学院,2024,新疆,本科二批,理科,,,288,,
3081,聊城大学东昌学院,2024,新疆,本科二批,理科,,,278,,
3108,西安信息职业大学,2024,新疆,本科二批,理科,,,288,,
3114,西南财经大学天府学院,2024,新疆,本科二批,理科,,,290,,
3115,天津仁爱学院,2024,新疆,本科二批,理科,,,263,,
3116,四川大学锦江学院,2024,新疆,本科二批,理科,,,317,,
3117,郑州商学院,2024,新疆,本科二批,理科,,,299,,
3118,西安理工大学高科学院,2024,新疆,本科二批,理科,,,311,,
3119,西安科技大学高新学院,2024,新疆,本科二批,理科,,,291,,
3120,四川文化艺术学院,2024,新疆,本科二批,理科,,,259,38595,
3121,绵阳城市学院,2024,新疆,本科二批,理科,,,298,,
3122,福建农林大学金山学院,2024,新疆,本科二批,理科,,,291,,
3158,天津财经大学珠江学院,2024,新疆,本科二批,理科,,,294,,
3216,海南科技职业大学,2024,新疆,本科二批,理科,,,262,,
3240,内蒙古大学创业学院,2024,新疆,本科二批,理科,,,275,,
3242,北京第二外国语学院中瑞酒店管理学院,2024,新疆,本科二批,理科,,,278,,
3243,沧州交通学院,2024,新疆,本科二批,理科,,,269,,
3260,河北东方学院,2024,新疆,本科二批,理科,,,283,,
3294,西南交通大学希望学院,2024,新疆,本科二批,理科,,,265,,
3305,浙江外国语学院,2024,新疆,本科二批,理科,,,366,,
3356,郑州升达经贸管理学院,2024,新疆,本科二批,理科,,,285,,
3407,陕西学前师范学院,2024,新疆,本科二批,理科,,,326,,
3445,山西传媒学院,2024,新疆,本科二批,理科,,,371,,
3446,营口理工学院,2024,新疆,本科二批,理科,,,330,,
3520,山西工程技术学院,2024,新疆,本科二批,理科,,,298,,
3664,内蒙古科技大学包头师范学院,2024,新疆,本科二批,理科,,,301,,
3671,内蒙古科技大学包头医学院,2024,新疆,本科二批,理科,,,333,,
3726,山西能源学院,2024,新疆,本科二批,理科,,,280,,
3802,福建技术师范学院,2024,新疆,本科二批,理科,,,333,,
3877,河北石油职业技术大学,2024,新疆,本科二批,理科,,,303,,
3878,河北工业职业技术大学,2024,新疆,本科二批,理科,,,337,,
3879,兰州资源环境职业技术大学,2024,新疆,本科二批,理科,,,315,,
3880,兰州石化职业技术大学,2024,新疆,本科二批,理科,,,321,,
7033,山西农业大学,2024,新疆,本科二批,理科,,,350,,
7036,山西大同大学,2024,新疆,本科二批,理科,,,347,,
7037,山西财经大学,2024,新疆,本科二批,理科,,,366,,
7107,淮阴师范学院,2024,新疆,本科二批,理科,,,404,9347,
7115,浙江海洋大学,2024,新疆,本科二批,理科,,,386,,
7117,温州医科大学,2024,新疆,本科二批,理科,,,369,,
7124,嘉兴大学,2024,新疆,本科二批,理科,,,387,,
7134,福建理工大学,2024,新疆,本科二批,理科,,,372,,
7138,福建中医药大学,2024,新疆,本科二批,理科,,,401,,
7140,闽江学院,2024,新疆,本科二批,理科,,,360,,
7141,武夷学院,2024,新疆,本科二批,理科,,,305,,
7150,赣南医科大学,2024,新疆,本科二批,理科,,,301,,
7162,聊城大学,2024,新疆,本科二批,理科,,,308,,
7179,信阳师范大学,2024,新疆,本科二批,理科,,,313,,
7180,洛阳师范学院,2024,新疆,本科二批,理科,,,345,,
7186,武汉轻工大学,2024,新疆,本科二批,理科,,,370,,
7190,湖北师范大学,2024,新疆,本科二批,理科,,,321,,
7193,湖北工程学院,2024,新疆,本科二批,理科,,,332,,
7195,吉首大学,2024,新疆,本科二批,理科,,,314,7712,
7209,肇庆学院,2024,新疆,本科二批,理科,,,375,,
7216,西华大学,2024,新疆,本科二批,理科,,,316,,
7234,浙江科技大学,2024,新疆,本科二批,理科,,,372,,
7235,厦门理工学院,2024,新疆,本科二批,理科,,,330,,
7249,三明学院,2024,新疆,本科二批,理科,,,299,,
7255,河北金融学院,2024,新疆,本科二批,理科,,,365,,
7256,辽宁科技学院,2024,新疆,本科二批,理科,,,331,,
7275,河南城建学院,2024,新疆,本科二批,理科,,,298,,
7276,辽东学院,2024,新疆,本科二批,理科,,,321,,
7283,上海商学院,2024,新疆,本科二批,理科,,,358,,
7297,浙江理工大学科技与艺术学院,2024,新疆,本科二批,理科,,,274,,
7302,河南开封科技传媒学院,2024,新疆,本科二批,理科,,,285,,
7304,豫北医学院,2024,新疆,本科二批,理科,,,289,,
7305,蚌埠工商学院,2024,新疆,本科二批,理科,,,287,,
7306,淮北理工学院,2024,新疆,本科二批,理科,,,273,,
7307,北京金融科技学院,2024,新疆,本科二批,理科,,,281,,
7313,吉林医药学院,2024,新疆,本科二批,理科,,,340,,
7322,苏州大学应用技术学院,2024,新疆,本科二批,理科,,,297,,
7326,常州大学怀德学院,2024,新疆,本科二批,理科,,,265,,
7330,湖北第二师范学院,2024,新疆,本科二批,理科,,,325,,
7331,太原工业学院,2024,新疆,本科二批,理科,,,346,,
7402,衡水学院,2024,新疆,本科二批,理科,,,312,,
7436,沈阳大学,2024,新疆,本科二批,理科,,,347,,
8026,榆林学院,2024,新疆,本科二批,理科,,,322,,
8030,西安欧亚学院,2024,新疆,本科二批,理科,,,274,,
,云南农业大学,2024,新疆,本科二批,理科,,,381,,
7251,江西科技师范大学,2024,新疆,本科批,理科,,,304,,
1035,中国消防救援学院,2024,新疆,本科提前批,理科,,,394,,
1037,中国人民公安大学,2024,新疆,本科提前批,理科,,,403,,
1146,中国刑事警察学院,2024,新疆,本科提前批,理科,,,317,,
1429,华南理工大学,2024,新疆,本科提前批,理科,,,487,,
1478,中国民用航空飞行学院,2024,新疆,本科提前批,理科,,,492,5758,
1553,陕西师范大学,2024,新疆,本科提前批,理科,,,501,,
1559,西安外国语大学,2024,新疆,本科提前批,理科,,,392,,
1760,云南警官学院,2024,新疆,本科提前批,理科,,,282,,
1812,湖南工业大学,2024,新疆,本科提前批,理科,,,391,,
3765,陆军工程大学,2024,新疆,本科提前批,理科,,,416,,
3771,中国人民解放军陆军军医大学,2024,新疆,本科提前批,理科,,,484,,
1385,武汉工程大学,2024,新疆,艺术类本科批,理科,,,435,,
1450,广西大学,2024,新疆,高校专项计划批,理科,,,421,,
1004,北京交通大学,2024,新疆,高校专项计划批次,理科,,,513,4180,
1183,东北林业大学,2024,新疆,高校专项计划批次,理科,,,414,,
1240,南京农业大学,2024,新疆,高校专项计划批次,理科,,,420,,
1468,西南交通大学,2024,新疆,高校专项计划批次,理科,,,471,,
1519,云南大学,2024,新疆,高校专项计划批次,理科,,,398,,
1553,陕西师范大学,2024,新疆,高校专项计划批次,理科,,,496,,
7133,福州大学,2024,新疆,高校专项计划批次,理科,,,437,,
8073,重庆大学,2024,新疆,高校专项计划批次,理科,,,401,,
1500,西南政法大学,2024,新疆,高校专项计划本科批,理科,,,506,,
7334,江苏第二师范学院,2024,新疆,艺术类本科批,艺术文,,,436,,
,辽宁传媒学院,2024,新疆,艺术类本科批,艺术文,,,379,,
1812,湖南工业大学,2024,新疆,本科提前批,艺术类,,,410,,
,成都艺术职业大学,2024,新疆,艺术类专科批,艺术类,,,334,,
1173,黑龙江大学,2024,新疆,艺术类本科批,艺术类,,,428,,
1194,哈尔滨商业大学,2024,新疆,艺术类本科批,艺术类,,,418,,
1522,西南林业大学,2024,新疆,艺术类本科批,艺术类,,,458,,
2574,昆明城市学院,2024,新疆,艺术类本科批,艺术类,,,353,,
2681,晋中信息学院,2024,新疆,艺术类本科批,艺术类,,,419,,
2723,吉林建筑科技学院,2024,新疆,艺术类本科批,艺术类,,,368,,
2788,四川传媒学院,2024,新疆,艺术类本科批,艺术类,,,395,,
2920,琼台师范学院,2024,新疆,艺术类本科批,艺术类,,,412,,
2977,三亚学院,2024,新疆,艺术类本科批,艺术类,,,362,,
3114,西南财经大学天府学院,2024,新疆,艺术类本科批,艺术类,,,423,,
3120,四川文化艺术学院,2024,新疆,艺术类本科批,艺术类,,,343,,
7334,江苏第二师范学院,2024,新疆,艺术类本科批,艺术类,,,456,,
,南京传媒学院,2024,新疆,艺术类本科批,艺术类,,,440,,
1494,四川文理学院,2024,新疆,艺术类本科提前批,艺术类,,,405,,
2696,西安交通工程学院,2024,新疆,艺术类本科提前批,艺术类,,,378,,
2785,武汉华夏理工学院,2024,新疆,艺术类本科提前批,艺术类,,,392,,
3425,四川电影电视学院,2024,新疆,艺术类本科提前批,艺术类,,,385,,
,沈阳体育学院,2023,新疆,体育类本科批,体育理,,,92,,
,海南体育职业技术学院,2023,新疆,专科提前批,体育类,,,89,,
2526,武汉体育学院体育科技学院,2023,新疆,体育类本科批,体育类,,,85,,
1142,鞍山师范学院,2023,新疆,专科批,文科,,,311,,
1150,抚顺师范高等专科学校,2023,新疆,专科批,文科,,,143,,
1151,锦州师范高等专科学校,2023,新疆,专科批,文科,,,299,,
1152,营口职业技术学院,2023,新疆,专科批,文科,,,209,,
1153,铁岭师范高等专科学校,2023,新疆,专科批,文科,,,232,,
1179,东北石油大学,2023,新疆,专科批,文科,,,362,,
1193,齐齐哈尔高等师范专科学校,2023,新疆,专科批,文科,,,297,,
1215,上海旅游高等专科学校,2023,新疆,专科批,文科,,,325,,
1453,桂林理工大学,2023,新疆,专科批,文科,,,351,,
1600,河南职业技术学院,2023,新疆,专科批,文科,,,328,,
1603,长沙民政职业技术学院,2023,新疆,专科批,文科,,,350,,
1606,湖南工业职业技术学院,2023,新疆,专科批,文科,,,323,,
1607,顺德职业技术大学,2023,新疆,专科批,文科,,,300,,
1608,山东商业职业技术学院,2023,新疆,专科批,文科,,,332,,
1610,武汉职业技术大学,2023,新疆,专科批,文科,,,352,,
1618,大连职业技术学院,2023,新疆,专科批,文科,,,307,,
1620,辽源职业技术学院,2023,新疆,专科批,文科,,,248,,
1624,上海东海职业技术学院,2023,新疆,专科批,文科,,,216,,
1625,上海工商职业技术学院,2023,新疆,专科批,文科,,,226,,
1630,天津天狮学院,2023,新疆,专科批,文科,,,194,,
1631,广东交通职业技术学院,2023,新疆,专科批,文科,,,318,,
1635,湖南信息职业技术学院,2023,新疆,专科批,文科,,,324,,
1640,重庆航天职业技术学院,2023,新疆,专科批,文科,,,332,,
1641,内蒙古建筑职业技术大学,2023,新疆,专科批,文科,,,162,,
1647,江西医学高等专科学校,2023,新疆,专科批,文科,,,346,,
1658,长江职业学院,2023,新疆,专科批,文科,,,282,,
1665,陕西农林职业技术大学,2023,新疆,专科批,文科,,,304,,
1670,昌吉学院,2023,新疆,专科批,文科,,,323,,
1671,天津市职业大学,2023,新疆,专科批,文科,,,344,,
1675,抚顺职业技术学院,2023,新疆,专科批,文科,,,234,,
1677,牡丹江大学,2023,新疆,专科批,文科,,,282,,
1681,连云港职业技术学院,2023,新疆,专科批,文科,,,304,,
1682,镇江市高等专科学校,2023,新疆,专科批,文科,,,325,,
1696,开封大学,2023,新疆,专科批,文科,,,327,,
1700,荆州理工职业学院,2023,新疆,专科批,文科,,,286,,
1713,广东南华工商职业学院,2023,新疆,专科批,文科,,,276,,
1724,辽宁农业职业技术学院,2023,新疆,专科批,文科,,,251,,
1725,辽阳职业技术学院,2023,新疆,专科批,文科,,,268,,
1726,阜新高等专科学校,2023,新疆,专科批,文科,,,286,,
1738,漳州职业技术学院,2023,新疆,专科批,文科,,,306,,
1740,黎明职业大学,2023,新疆,专科批,文科,,,289,,
1748,湖北工业职业技术学院,2023,新疆,专科批,文科,,,313,,
1774,张家口职业技术学院,2023,新疆,专科批,文科,,,306,,
1782,长春金融高等专科学校,2023,新疆,专科批,文科,,,259,,
1800,福州职业技术学院,2023,新疆,专科批,文科,,,332,,
1802,九江职业大学,2023,新疆,专科批,文科,,,342,,
1822,成都纺织高等专科学校,2023,新疆,专科批,文科,,,339,,
1824,昆明冶金高等专科学校,2023,新疆,专科批,文科,,,295,,
1829,乌鲁木齐职业大学,2023,新疆,专科批,文科,,,337,,
1858,上海出版印刷高等专科学校,2023,新疆,专科批,文科,,,328,,
1874,汉口学院,2023,新疆,专科批,文科,,,154,,
1884,长春医学高等专科学校,2023,新疆,专科批,文科,,,337,,
1905,天津医学高等专科学校,2023,新疆,专科批,文科,,,306,,
1906,重庆电力高等专科学校,2023,新疆,专科批,文科,,,340,,
1912,鹤岗师范高等专科学校,2023,新疆,专科批,文科,,,181,,
1913,安徽第二医学院,2023,新疆,专科批,文科,,,348,,
1916,湖北中医药高等专科学校,2023,新疆,专科批,文科,,,348,,
1918,安徽中医药高等专科学校,2023,新疆,专科批,文科,,,353,,
1921,海南职业技术学院,2023,新疆,专科批,文科,,,280,,
1924,浙江交通职业技术学院,2023,新疆,专科批,文科,,,305,,
1925,广州民航职业技术学院,2023,新疆,专科批,文科,,,340,,
1927,广州职业技术大学,2023,新疆,专科批,文科,,,224,,
1928,江苏经贸职业技术学院,2023,新疆,专科批,文科,,,333,,
1932,湖北职业技术学院,2023,新疆,专科批,文科,,,364,,
1934,黑龙江建筑职业技术学院,2023,新疆,专科批,文科,,,261,,
1935,九州职业技术学院,2023,新疆,专科批,文科,,,213,,
1938,包头职业技术学院,2023,新疆,专科批,文科,,,242,,
1939,黄河水利职业技术大学,2023,新疆,专科批,文科,,,346,,
1943,日照职业技术学院,2023,新疆,专科批,文科,,,328,,
1944,盘锦职业技术学院,2023,新疆,专科批,文科,,,207,,
1952,硅湖职业技术学院,2023,新疆,专科批,文科,,,247,,
1959,重庆工业职业技术大学,2023,新疆,专科批,文科,,,337,,
1963,安徽警官职业学院,2023,新疆,专科批,文科,,,300,,
1968,永州职业技术学院,2023,新疆,专科批,文科,,,351,,
1971,湖南科技职业学院,2023,新疆,专科批,文科,,,320,,
1973,海口经济学院,2023,新疆,专科批,文科,,,264,,
1974,武昌首义学院,2023,新疆,专科批,文科,,,251,,
1975,武昌理工学院,2023,新疆,专科批,文科,,,188,,
1976,常州信息职业技术学院,2023,新疆,专科批,文科,,,323,,
1977,广东农工商职业技术学院,2023,新疆,专科批,文科,,,175,,
1983,山东劳动职业技术学院,2023,新疆,专科批,文科,,,319,,
1984,莱芜职业技术学院,2023,新疆,专科批,文科,,,294,,
1986,烟台南山学院,2023,新疆,专科批,文科,,,199,,
1998,武汉生物工程学院,2023,新疆,专科批,文科,,,300,,
2005,河北建材职业技术学院,2023,新疆,专科批,文科,,,270,,
2017,石家庄铁路职业技术学院,2023,新疆,专科批,文科,,,329,,
2019,东营职业学院,2023,新疆,专科批,文科,,,225,,
2021,兴安职业技术大学,2023,新疆,专科批,文科,,,166,,
2026,克拉玛依职业技术学院,2023,新疆,专科批,文科,,,295,,
2027,天津滨海职业学院,2023,新疆,专科批,文科,,,275,,
2030,上海行健职业学院,2023,新疆,专科批,文科,,,284,,
2031,上海城建职业学院,2023,新疆,专科批,文科,,,303,,
2035,陕西能源职业技术学院,2023,新疆,专科批,文科,,,335,,
2038,新疆轻工职业技术学院,2023,新疆,专科批,文科,,,273,,
2046,云南经济管理学院,2023,新疆,专科批,文科,,,254,,
2054,新疆能源职业技术学院,2023,新疆,专科批,文科,,,141,,
2055,广东科学技术职业学院,2023,新疆,专科批,文科,,,319,,
2056,广东食品药品职业学院,2023,新疆,专科批,文科,,,229,,
2058,广州康大职业技术学院,2023,新疆,专科批,文科,,,141,,
2064,上海震旦职业学院,2023,新疆,专科批,文科,,,229,,
2072,辽宁职业学院,2023,新疆,专科批,文科,,,241,,
2073,辽宁生态工程职业学院,2023,新疆,专科批,文科,,,237,,
2074,沈阳职业技术学院,2023,新疆,专科批,文科,,,236,,
2075,辽宁理工职业大学,2023,新疆,专科批,文科,,,225,,
2081,湖南司法警官职业学院,2023,新疆,专科批,文科,,,318,,
2097,福建林业职业技术学院,2023,新疆,专科批,文科,,,253,,
2098,福建信息职业技术学院,2023,新疆,专科批,文科,,,286,,
2099,福建水利电力职业技术学院,2023,新疆,专科批,文科,,,274,,
2104,福建卫生职业技术学院,2023,新疆,专科批,文科,,,306,,
2106,成都职业技术学院,2023,新疆,专科批,文科,,,346,,
2108,四川化工职业技术学院,2023,新疆,专科批,文科,,,313,,
2109,四川水利职业技术学院,2023,新疆,专科批,文科,,,319,,
2110,南充职业技术学院,2023,新疆,专科批,文科,,,326,,
2112,四川航天职业技术学院,2023,新疆,专科批,文科,,,280,,
2131,包头轻工职业技术学院,2023,新疆,专科批,文科,,,166,,
2133,内蒙古机电职业技术学院,2023,新疆,专科批,文科,,,182,,
2135,内蒙古商贸职业学院,2023,新疆,专科批,文科,,,181,,
2138,江苏海事职业技术学院,2023,新疆,专科批,文科,,,330,,
2140,无锡科技职业学院,2023,新疆,专科批,文科,,,306,,
2141,江苏医药职业学院,2023,新疆,专科批,文科,,,338,,
2145,苏州工业职业技术学院,2023,新疆,专科批,文科,,,301,,
2156,西安欧亚学院,2023,新疆,专科批,文科,,,234,,
2157,西安外事学院,2023,新疆,专科批,文科,,,305,,
2158,西安翻译学院,2023,新疆,专科批,文科,,,297,,
2161,三亚城市职业学院,2023,新疆,专科批,文科,,,193,,
2162,大庆职业学院,2023,新疆,专科批,文科,,,230,,
2163,天津渤海职业技术学院,2023,新疆,专科批,文科,,,285,,
2164,天津电子信息职业技术学院,2023,新疆,专科批,文科,,,339,,
2165,天津机电职业技术学院,2023,新疆,专科批,文科,,,306,,
2166,天津现代职业技术学院,2023,新疆,专科批,文科,,,322,,
2167,天津警察学院,2023,新疆,专科批,文科,,,286,,
2169,黑龙江农业职业技术学院,2023,新疆,专科批,文科,,,181,,
2170,黑龙江农业工程职业学院,2023,新疆,专科批,文科,,,170,,
2171,黑龙江农垦职业学院,2023,新疆,专科批,文科,,,149,,
2175,天津轻工职业技术学院,2023,新疆,专科批,文科,,,299,,
2177,新疆警察学院,2023,新疆,专科批,文科,,,288,,
2184,广东建设职业技术学院,2023,新疆,专科批,文科,,,167,,
2185,广东女子职业技术学院,2023,新疆,专科批,文科,,,237,,
2186,广东机电职业技术学院,2023,新疆,专科批,文科,,,253,,
2190,郑州工业应用技术学院,2023,新疆,专科批,文科,,,194,,
2192,广东岭南职业技术学院,2023,新疆,专科批,文科,,,220,,
2195,湖北交通职业技术学院,2023,新疆,专科批,文科,,,303,,
2196,绵阳职业技术学院,2023,新疆,专科批,文科,,,298,,
2197,重庆海联职业技术学院,2023,新疆,专科批,文科,,,256,,
2198,重庆信息技术职业学院,2023,新疆,专科批,文科,,,181,,
2199,重庆传媒职业学院,2023,新疆,专科批,文科,,,155,,
2202,重庆工程职业技术学院,2023,新疆,专科批,文科,,,351,,
2204,四川工商职业技术学院,2023,新疆,专科批,文科,,,252,,
2206,四川建筑职业技术学院,2023,新疆,专科批,文科,,,348,,
2210,济源职业技术学院,2023,新疆,专科批,文科,,,285,,
2211,罗定职业技术学院,2023,新疆,专科批,文科,,,250,,
2212,阳江职业技术学院,2023,新疆,专科批,文科,,,258,,
2214,秦皇岛职业技术学院,2023,新疆,专科批,文科,,,299,,
2229,天津商务职业学院,2023,新疆,专科批,文科,,,273,,
2230,浙江工商职业技术学院,2023,新疆,专科批,文科,,,324,,
2231,台州职业技术学院,2023,新疆,专科批,文科,,,246,,
2232,浙江工贸职业技术学院,2023,新疆,专科批,文科,,,328,,
2239,上海济光职业技术学院,2023,新疆,专科批,文科,,,205,,
2240,上海建桥学院,2023,新疆,专科批,文科,,,274,,
2242,上海科学技术职业学院,2023,新疆,专科批,文科,,,279,,
2244,天津国土资源和房屋职业学院,2023,新疆,专科批,文科,,,153,,
2246,江苏电子信息职业学院,2023,新疆,专科批,文科,,,312,,
2247,江苏农牧科技职业学院,2023,新疆,专科批,文科,,,345,,
2260,山东科技职业学院,2023,新疆,专科批,文科,,,161,,
2261,重庆建筑科技职业学院,2023,新疆,专科批,文科,,,167,,
2269,西安航空职业技术学院,2023,新疆,专科批,文科,,,325,,
2270,陕西财经职业技术学院,2023,新疆,专科批,文科,,,316,,
2271,陕西交通职业技术学院,2023,新疆,专科批,文科,,,332,,
2273,兰州外语职业学院,2023,新疆,专科批,文科,,,173,,
2274,兰州职业技术学院,2023,新疆,专科批,文科,,,220,,
2277,甘肃工业职业技术大学,2023,新疆,专科批,文科,,,176,,
2279,昌吉职业技术学院,2023,新疆,专科批,文科,,,276,,
2288,张家界航空工业职业技术学院,2023,新疆,专科批,文科,,,333,,
2293,浙江建设职业技术学院,2023,新疆,专科批,文科,,,340,,
2294,浙江艺术职业学院,2023,新疆,专科批,文科,,,333,,
2295,浙江经贸职业技术学院,2023,新疆,专科批,文科,,,334,,
2296,浙江商业职业技术学院,2023,新疆,专科批,文科,,,321,,
2298,浙江旅游职业学院,2023,新疆,专科批,文科,,,280,,
2300,浙江警官职业学院,2023,新疆,专科批,文科,,,331,,
2301,浙江金融职业学院,2023,新疆,专科批,文科,,,355,,
2303,杭州职业技术大学,2023,新疆,专科批,文科,,,368,,
2311,天津交通职业学院,2023,新疆,专科批,文科,,,303,,
2313,河北旅游职业学院,2023,新疆,专科批,文科,,,169,,
2321,辽宁金融职业学院,2023,新疆,专科批,文科,,,209,,
2323,辽宁广告职业学院,2023,新疆,专科批,文科,,,189,,
2324,辽宁机电职业技术学院,2023,新疆,专科批,文科,,,221,,
2325,辽宁经济职业技术学院,2023,新疆,专科批,文科,,,250,,
2327,吉林司法警官职业学院,2023,新疆,专科批,文科,,,302,,
2328,吉林电子信息职业技术学院,2023,新疆,专科批,文科,,,248,,
2332,哈尔滨铁道职业技术学院,2023,新疆,专科批,文科,,,314,,
2334,黑龙江农业经济职业学院,2023,新疆,专科批,文科,,,169,,
2336,上海农林职业技术学院,2023,新疆,专科批,文科,,,301,,
2337,上海邦德职业技术学院,2023,新疆,专科批,文科,,,218,,
2339,上海中侨职业技术大学,2023,新疆,专科批,文科,,,218,,
2341,炎黄职业技术学院,2023,新疆,专科批,文科,,,157,,
2342,南京科技职业学院,2023,新疆,专科批,文科,,,323,,
2350,渤海船舶职业学院,2023,新疆,专科批,文科,,,234,,
2352,江西电力职业技术学院,2023,新疆,专科批,文科,,,337,,
2357,江西信息应用职业技术学院,2023,新疆,专科批,文科,,,227,,
2359,江西财经职业学院,2023,新疆,专科批,文科,,,299,,
2363,山东圣翰财贸职业学院,2023,新疆,专科批,文科,,,212,,
2364,山东水利职业学院,2023,新疆,专科批,文科,,,301,,
2365,山东畜牧兽医职业学院,2023,新疆,专科批,文科,,,303,,
2366,郑州健康学院,2023,新疆,专科批,文科,,,320,,
2369,汕头职业技术学院,2023,新疆,专科批,文科,,,205,,
2372,清远职业技术学院,2023,新疆,专科批,文科,,,266,,
2373,广东工贸职业技术学院,2023,新疆,专科批,文科,,,272,,
2374,广东司法警官职业学院,2023,新疆,专科批,文科,,,290,,
2375,广东亚视演艺职业学院,2023,新疆,专科批,文科,,,140,,
2376,广东省外语艺术职业学院,2023,新疆,专科批,文科,,,226,,
2377,四川托普信息技术职业学院,2023,新疆,专科批,文科,,,208,,
2378,四川国际标榜职业学院,2023,新疆,专科批,文科,,,233,,
2379,成都农业科技职业学院,2023,新疆,专科批,文科,,,241,,
2381,泸州职业技术学院,2023,新疆,专科批,文科,,,332,,
2384,四川职业技术学院,2023,新疆,专科批,文科,,,164,,
2389,伊犁职业技术学院,2023,新疆,专科批,文科,,,222,,
2391,武汉铁路职业技术学院,2023,新疆,专科批,文科,,,352,,
2394,随州职业技术学院,2023,新疆,专科批,文科,,,271,,
2396,湖北水利水电职业技术学院,2023,新疆,专科批,文科,,,321,,
2397,湖北城市建设职业技术学院,2023,新疆,专科批,文科,,,312,,
2398,武汉警官职业学院,2023,新疆,专科批,文科,,,346,,
2402,武汉外语外事职业学院,2023,新疆,专科批,文科,,,234,,
2404,武昌职业学院,2023,新疆,专科批,文科,,,196,,
2405,武汉商贸职业学院,2023,新疆,专科批,文科,,,203,,
2409,浙江东方职业技术学院,2023,新疆,专科批,文科,,,239,,
2417,青岛酒店管理职业技术学院,2023,新疆,专科批,文科,,,261,,
2420,青岛恒星科技学院,2023,新疆,专科批,文科,,,173,,
2431,长沙环境保护职业技术学院,2023,新疆,专科批,文科,,,328,,
2435,怀化职业技术学院,2023,新疆,专科批,文科,,,247,,
2442,湖南城建职业技术学院,2023,新疆,专科批,文科,,,287,,
2445,雅安职业技术学院,2023,新疆,专科批,文科,,,329,,
2461,河北对外经贸职业学院,2023,新疆,专科批,文科,,,241,,
2466,宁夏警官职业学院,2023,新疆,专科批,文科,,,291,,
2467,阿克苏职业技术学院,2023,新疆,专科批,文科,,,140,,
2468,巴音郭楞职业技术学院,2023,新疆,专科批,文科,,,144,,
2469,金肯职业技术学院,2023,新疆,专科批,文科,,,214,,
2472,江苏农林职业技术学院,2023,新疆,专科批,文科,,,336,,
2475,南京铁道职业技术学院,2023,新疆,专科批,文科,,,364,,
2476,徐州工业职业技术学院,2023,新疆,专科批,文科,,,303,,
2480,江海职业技术学院,2023,新疆,专科批,文科,,,210,,
2483,西安思源学院,2023,新疆,专科批,文科,,,263,,
2484,西安高新科技职业学院,2023,新疆,专科批,文科,,,188,,
2485,陕西国际商贸学院,2023,新疆,专科批,文科,,,170,,
2486,西安城市建设职业学院,2023,新疆,专科批,文科,,,141,,
2487,陕西服装工程学院,2023,新疆,专科批,文科,,,196,,
2499,沈阳工学院,2023,新疆,专科批,文科,,,251,,
2507,辽宁理工学院,2023,新疆,专科批,文科,,,293,,
2508,大连财经学院,2023,新疆,专科批,文科,,,309,,
2516,武汉纺织大学外经贸学院,2023,新疆,专科批,文科,,,292,,
2517,武昌工学院,2023,新疆,专科批,文科,,,155,,
2518,武汉工商学院,2023,新疆,专科批,文科,,,256,,
2521,湖北商贸学院,2023,新疆,专科批,文科,,,254,,
2532,武汉交通职业学院,2023,新疆,专科批,文科,,,330,,
2533,咸宁职业技术学院,2023,新疆,专科批,文科,,,321,,
2566,青岛黄海学院,2023,新疆,专科批,文科,,,152,,
2567,青岛求实职业技术学院,2023,新疆,专科批,文科,,,241,,
2570,山东协和学院,2023,新疆,专科批,文科,,,295,,
2594,山东外国语职业技术大学,2023,新疆,专科批,文科,,,288,,
2596,德州职业技术学院,2023,新疆,专科批,文科,,,235,,
2604,石家庄邮电职业技术学院,2023,新疆,专科批,文科,,,323,,
2690,新疆建设职业技术学院,2023,新疆,专科批,文科,,,182,,
2693,陕西铁路工程职业技术学院,2023,新疆,专科批,文科,,,341,,
2694,宝鸡职业技术学院,2023,新疆,专科批,文科,,,341,,
2695,陕西航空职业技术学院,2023,新疆,专科批,文科,,,297,,
2696,西安交通工程学院,2023,新疆,专科批,文科,,,176,,
2699,海南软件职业技术学院,2023,新疆,专科批,文科,,,250,,
2700,海南政法职业学院,2023,新疆,专科批,文科,,,321,,
2701,海南外国语职业学院,2023,新疆,专科批,文科,,,226,,
2743,泰山科技学院,2023,新疆,专科批,文科,,,223,,
2747,新疆政法学院,2023,新疆,专科批,文科,,,324,,
2756,温州商学院,2023,新疆,专科批,文科,,,325,,
2783,武汉工程科技学院,2023,新疆,专科批,文科,,,189,,
2787,成都理工大学工程技术学院,2023,新疆,专科批,文科,,,309,,
2789,成都银杏酒店管理学院,2023,新疆,专科批,文科,,,202,,
2790,成都文理学院,2023,新疆,专科批,文科,,,319,,
2808,河北司法警官职业学院,2023,新疆,专科批,文科,,,302,,
2817,乌兰察布职业学院,2023,新疆,专科批,文科,,,221,,
2818,天津工业职业学院,2023,新疆,专科批,文科,,,240,,
2819,天津石油职业技术学院,2023,新疆,专科批,文科,,,254,,
2820,天津城市职业学院,2023,新疆,专科批,文科,,,246,,
2821,北京科技职业学院,2023,新疆,专科批,文科,,,220,,
2826,广州工程技术职业学院,2023,新疆,专科批,文科,,,183,,
2828,江门职业技术学院,2023,新疆,专科批,文科,,,193,,
2829,茂名职业技术学院,2023,新疆,专科批,文科,,,212,,
2830,珠海城市职业技术学院,2023,新疆,专科批,文科,,,224,,
2833,广州南洋理工职业学院,2023,新疆,专科批,文科,,,183,,
2834,广州科技职业技术大学,2023,新疆,专科批,文科,,,171,,
2838,广东工商职业技术大学,2023,新疆,专科批,文科,,,244,,
2839,新疆现代职业技术学院,2023,新疆,专科批,文科,,,145,,
2840,新疆天山职业技术大学,2023,新疆,专科批,文科,,,214,,
2842,黑龙江旅游职业技术学院,2023,新疆,专科批,文科,,,190,,
2845,黑龙江能源职业学院,2023,新疆,专科批,文科,,,178,,
2848,重庆水利电力职业技术学院,2023,新疆,专科批,文科,,,313,,
2849,陕西邮电职业技术学院,2023,新疆,专科批,文科,,,301,,
2850,西安海棠职业学院,2023,新疆,专科批,文科,,,257,,
2851,西安汽车职业大学,2023,新疆,专科批,文科,,,150,,
2853,通辽职业学院,2023,新疆,专科批,文科,,,235,,
2859,台州科技职业学院,2023,新疆,专科批,文科,,,278,,
2861,无锡城市职业技术学院,2023,新疆,专科批,文科,,,316,,
2862,无锡工艺职业技术学院,2023,新疆,专科批,文科,,,310,,
2867,扬州工业职业技术学院,2023,新疆,专科批,文科,,,263,,
2876,闽北职业技术学院,2023,新疆,专科批,文科,,,189,,
2882,泉州经贸职业技术学院,2023,新疆,专科批,文科,,,191,,
2887,抚州医药学院,2023,新疆,专科批,文科,,,334,,
2890,山东中医药高等专科学校,2023,新疆,专科批,文科,,,330,,
2905,江汉艺术职业学院,2023,新疆,专科批,文科,,,309,,
2906,武汉民政职业学院,2023,新疆,专科批,文科,,,276,,
2909,黄冈科技职业学院,2023,新疆,专科批,文科,,,225,,
2910,湖北国土资源职业学院,2023,新疆,专科批,文科,,,285,,
2911,湖北生态工程职业技术学院,2023,新疆,专科批,文科,,,334,,
2928,陕西警察学院,2023,新疆,专科批,文科,,,313,,
2937,广西电力职业技术学院,2023,新疆,专科批,文科,,,330,,
2949,安徽工业职业技术学院,2023,新疆,专科批,文科,,,222,,
2950,浙江国际海运职业技术学院,2023,新疆,专科批,文科,,,223,,
2953,山东电子职业技术学院,2023,新疆,专科批,文科,,,247,,
2956,山东铝业职业学院,2023,新疆,专科批,文科,,,181,,
2960,天津铁道职业技术学院,2023,新疆,专科批,文科,,,311,,
2970,山东外事职业大学,2023,新疆,专科批,文科,,,191,,
2971,海南经贸职业技术学院,2023,新疆,专科批,文科,,,237,,
2979,西安明德理工学院,2023,新疆,专科批,文科,,,164,,
2980,燕京理工学院,2023,新疆,专科批,文科,,,210,,
2984,北京中医药大学东方学院,2023,新疆,专科批,文科,,,335,,
2999,乌海职业技术学院,2023,新疆,专科批,文科,,,190,,
3003,广东理工职业学院,2023,新疆,专科批,文科,,,150,,
3006,湖南九嶷职业技术学院,2023,新疆,专科批,文科,,,272,,
3010,新疆交通职业技术大学,2023,新疆,专科批,文科,,,245,,
3011,广州华南商贸职业学院,2023,新疆,专科批,文科,,,236,,
3013,广州城市职业学院,2023,新疆,专科批,文科,,,307,,
3014,广东工程职业技术学院,2023,新疆,专科批,文科,,,155,,
3015,三亚航空旅游职业学院,2023,新疆,专科批,文科,,,156,,
3030,西安职业技术学院,2023,新疆,专科批,文科,,,318,,
3031,商洛职业技术学院,2023,新疆,专科批,文科,,,285,,
3034,渭南职业技术学院,2023,新疆,专科批,文科,,,313,,
3035,安康职业技术学院,2023,新疆,专科批,文科,,,312,,
3036,铜川职业技术学院,2023,新疆,专科批,文科,,,272,,
3038,甘肃畜牧工程职业技术学院,2023,新疆,专科批,文科,,,150,,
3039,新疆石河子职业技术学院,2023,新疆,专科批,文科,,,251,,
3044,大连枫叶职业技术学院,2023,新疆,专科批,文科,,,193,,
3045,苏州百年职业学院,2023,新疆,专科批,文科,,,210,,
3052,福建生物工程职业技术学院,2023,新疆,专科批,文科,,,318,,
3057,三明医学科技职业学院,2023,新疆,专科批,文科,,,271,,
3058,宁德职业技术学院,2023,新疆,专科批,文科,,,257,,
3085,四川华新现代职业学院,2023,新疆,专科批,文科,,,179,,
3088,重庆三峡医药高等专科学校,2023,新疆,专科批,文科,,,351,,
3097,大庆医学高等专科学校,2023,新疆,专科批,文科,,,310,,
3098,石家庄医学高等专科学校,2023,新疆,专科批,文科,,,271,,
3100,天津城市建设管理职业技术学院,2023,新疆,专科批,文科,,,241,,
3101,天津生物工程职业技术学院,2023,新疆,专科批,文科,,,248,,
3102,天津海运职业学院,2023,新疆,专科批,文科,,,189,,
3106,陕西青年职业学院,2023,新疆,专科批,文科,,,321,,
3107,陕西工商职业学院,2023,新疆,专科批,文科,,,240,,
3108,西安信息职业大学,2023,新疆,专科批,文科,,,225,,
3109,陕西旅游烹饪职业学院,2023,新疆,专科批,文科,,,187,,
3114,西南财经大学天府学院,2023,新疆,专科批,文科,,,270,,
3128,吉林铁道职业技术大学,2023,新疆,专科批,文科,,,285,,
3129,黑龙江交通职业技术学院,2023,新疆,专科批,文科,,,233,,
3137,广东科贸职业学院,2023,新疆,专科批,文科,,,268,,
3143,四川科技职业学院,2023,新疆,专科批,文科,,,177,,
3153,烟台汽车工程职业学院,2023,新疆,专科批,文科,,,195,,
3157,四川文化产业职业学院,2023,新疆,专科批,文科,,,299,,
3175,辽宁地质工程职业学院,2023,新疆,专科批,文科,,,191,,
3177,哈尔滨科学技术职业学院,2023,新疆,专科批,文科,,,243,,
3178,漳州城市职业学院,2023,新疆,专科批,文科,,,307,,
3184,漳州卫生职业学院,2023,新疆,专科批,文科,,,196,,
3186,湖北科技职业学院,2023,新疆,专科批,文科,,,284,,
3190,广州珠江职业技术学院,2023,新疆,专科批,文科,,,262,,
3192,广东文理职业学院,2023,新疆,专科批,文科,,,191,,
3201,广州城建职业学院,2023,新疆,专科批,文科,,,243,,
3203,新疆职业大学,2023,新疆,专科批,文科,,,274,,
3206,石家庄人民医学高等专科学校,2023,新疆,专科批,文科,,,283,,
3216,海南科技职业大学,2023,新疆,专科批,文科,,,172,,
3217,重庆科创职业学院,2023,新疆,专科批,文科,,,153,,
3219,四川现代职业学院,2023,新疆,专科批,文科,,,205,,
3221,佳木斯职业学院,2023,新疆,专科批,文科,,,252,,
3226,重庆建筑工程职业学院,2023,新疆,专科批,文科,,,330,,
3229,包头铁道职业技术学院,2023,新疆,专科批,文科,,,201,,
3231,辽宁建筑职业学院,2023,新疆,专科批,文科,,,164,,
3236,临沂职业学院,2023,新疆,专科批,文科,,,215,,
3238,湖北工程职业学院,2023,新疆,专科批,文科,,,297,,
3255,乌兰察布医学高等专科学校,2023,新疆,专科批,文科,,,284,,
3260,河北东方学院,2023,新疆,专科批,文科,,,247,,
3263,大连汽车职业技术学院,2023,新疆,专科批,文科,,,215,,
3270,三亚理工职业学院,2023,新疆,专科批,文科,,,220,,
3271,重庆电讯职业学院,2023,新疆,专科批,文科,,,175,,
3272,重庆能源职业学院,2023,新疆,专科批,文科,,,161,,
3274,辽宁现代服务职业技术学院,2023,新疆,专科批,文科,,,160,,
3279,重庆商务职业学院,2023,新疆,专科批,文科,,,340,,
3295,东莞职业技术学院,2023,新疆,专科批,文科,,,294,,
3296,广东南方职业学院,2023,新疆,专科批,文科,,,277,,
3297,广州华商职业学院,2023,新疆,专科批,文科,,,214,,
3299,广州华夏职业学院,2023,新疆,专科批,文科,,,177,,
3313,呼伦贝尔职业技术学院,2023,新疆,专科批,文科,,,261,,
3315,辽宁冶金职业技术学院,2023,新疆,专科批,文科,,,189,,
3316,辽宁工程职业学院,2023,新疆,专科批,文科,,,212,,
3319,铁岭卫生职业学院,2023,新疆,专科批,文科,,,277,,
3322,苏州工业园区服务外包职业学院,2023,新疆,专科批,文科,,,260,,
3337,广东环境保护工程职业学院,2023,新疆,专科批,文科,,,218,,
3354,泉州幼儿师范高等专科学校,2023,新疆,专科批,文科,,,289,,
3360,赤峰工业职业技术学院,2023,新疆,专科批,文科,,,178,,
3361,阿拉善职业技术学院,2023,新疆,专科批,文科,,,177,,
3362,延边职业技术学院,2023,新疆,专科批,文科,,,215,,
3367,山东海事职业学院,2023,新疆,专科批,文科,,,218,,
3377,襄阳汽车职业技术学院,2023,新疆,专科批,文科,,,203,,
3383,广东创新科技职业学院,2023,新疆,专科批,文科,,,230,,
3384,重庆安全技术职业学院,2023,新疆,专科批,文科,,,297,,
3386,重庆艺术工程职业学院,2023,新疆,专科批,文科,,,242,,
3387,重庆轻工职业学院,2023,新疆,专科批,文科,,,186,,
3388,重庆电信职业学院,2023,新疆,专科批,文科,,,206,,
3389,重庆经贸职业学院,2023,新疆,专科批,文科,,,166,,
3393,甘肃有色冶金职业技术学院,2023,新疆,专科批,文科,,,159,,
3394,白银矿冶职业技术学院,2023,新疆,专科批,文科,,,200,,
3411,上海民航职业技术学院,2023,新疆,专科批,文科,,,327,,
3413,河北轨道运输职业技术学院,2023,新疆,专科批,文科,,,289,,
3423,惠州卫生职业技术学院,2023,新疆,专科批,文科,,,190,,
3424,四川卫生康复职业学院,2023,新疆,专科批,文科,,,288,,
3426,四川汽车职业技术学院,2023,新疆,专科批,文科,,,212,,
3430,新疆体育职业技术学院,2023,新疆,专科批,文科,,,164,,
3431,新疆应用职业技术学院,2023,新疆,专科批,文科,,,140,,
3435,新疆师范高等专科学校,2023,新疆,专科批,文科,,,221,,
3443,浙江特殊教育职业学院,2023,新疆,专科批,文科,,,290,,
3456,内蒙古民族幼儿师范高等专科学校,2023,新疆,专科批,文科,,,151,,
3457,辽宁民族师范高等专科学校,2023,新疆,专科批,文科,,,289,,
3463,铜仁幼儿师范高等专科学校,2023,新疆,专科批,文科,,,265,,
3466,辽宁轻工职业学院,2023,新疆,专科批,文科,,,216,,
3481,陕西艺术职业学院,2023,新疆,专科批,文科,,,288,,
3482,新疆铁道职业技术学院,2023,新疆,专科批,文科,,,255,,
3485,浙江安防职业技术学院,2023,新疆,专科批,文科,,,232,,
3502,广东生态工程职业学院,2023,新疆,专科批,文科,,,251,,
3503,惠州城市职业学院,2023,新疆,专科批,文科,,,169,,
3510,甘肃卫生职业学院,2023,新疆,专科批,文科,,,353,,
3511,兰州科技职业学院,2023,新疆,专科批,文科,,,206,,
3516,新疆生产建设兵团兴新职业技术学院,2023,新疆,专科批,文科,,,201,,
3517,哈密职业技术学院,2023,新疆,专科批,文科,,,141,,
3518,新疆科技职业技术学院,2023,新疆,专科批,文科,,,143,,
3534,江苏护理职业学院,2023,新疆,专科批,文科,,,333,,
3535,江苏财会职业学院,2023,新疆,专科批,文科,,,328,,
3544,庆阳职业技术学院,2023,新疆,专科批,文科,,,147,,
3545,临夏现代职业学院,2023,新疆,专科批,文科,,,154,,
3548,长江艺术工程职业学院,2023,新疆,专科批,文科,,,212,,
3549,广东茂名健康职业学院,2023,新疆,专科批,文科,,,272,,
3550,重庆资源与环境保护职业学院,2023,新疆,专科批,文科,,,196,,
3555,江苏航空职业技术学院,2023,新疆,专科批,文科,,,337,,
3557,烟台黄金职业学院,2023,新疆,专科批,文科,,,257,,
3569,昭通卫生职业学院,2023,新疆,专科批,文科,,,282,,
3572,吐鲁番职业技术学院,2023,新疆,专科批,文科,,,143,,
3574,广东茂名幼儿师范专科学校,2023,新疆,专科批,文科,,,326,,
3579,广州卫生职业技术学院,2023,新疆,专科批,文科,,,287,,
3587,天津滨海汽车工程职业学院,2023,新疆,专科批,文科,,,186,,
3590,长春健康职业学院,2023,新疆,专科批,文科,,,238,,
3591,江苏旅游职业学院,2023,新疆,专科批,文科,,,297,,
3592,日照航海工程职业学院,2023,新疆,专科批,文科,,,250,,
3599,三亚中瑞酒店管理职业学院,2023,新疆,专科批,文科,,,141,,
3609,博尔塔拉职业技术学院,2023,新疆,专科批,文科,,,147,,
3631,天府新区航空旅游职业学院,2023,新疆,专科批,文科,,,268,,
3632,天府新区通用航空职业学院,2023,新疆,专科批,文科,,,210,,
3638,和田职业技术学院,2023,新疆,专科批,文科,,,166,,
3643,铁门关职业技术学院,2023,新疆,专科批,文科,,,142,,
3644,石河子工程职业技术学院,2023,新疆,专科批,文科,,,155,,
3647,长春师范高等专科学校,2023,新疆,专科批,文科,,,263,,
3684,陕西机电职业技术学院,2023,新疆,专科批,文科,,,196,,
3708,湛江幼儿师范专科学校,2023,新疆,专科批,文科,,,209,,
3722,新疆工业职业技术学院,2023,新疆,专科批,文科,,,161,,
3747,喀什职业技术学院,2023,新疆,专科批,文科,,,197,,
3748,克孜勒苏职业技术学院,2023,新疆,专科批,文科,,,169,,
3749,新疆科信职业技术学院,2023,新疆,专科批,文科,,,162,,
3750,阿勒泰职业技术学院,2023,新疆,专科批,文科,,,155,,
3799,云南理工职业学院,2023,新疆,专科批,文科,,,216,,
3843,重庆理工职业学院,2023,新疆,专科批,文科,,,143,,
3844,重庆智能工程职业学院,2023,新疆,专科批,文科,,,212,,
3846,南充文化旅游职业学院,2023,新疆,专科批,文科,,,217,,
3858,塔城职业技术学院,2023,新疆,专科批,文科,,,158,,
3859,塔里木职业技术学院,2023,新疆,专科批,文科,,,152,,
3874,吉林通用航空职业技术学院,2023,新疆,专科批,文科,,,244,,
3875,滨州科技职业学院,2023,新疆,专科批,文科,,,196,,
3880,兰州石化职业技术大学,2023,新疆,专科批,文科,,,291,,
3882,新疆司法警官职业学院,2023,新疆,专科批,文科,,,287,,
3883,阿克苏工业职业技术学院,2023,新疆,专科批,文科,,,209,,
3885,图木舒克职业技术学院,2023,新疆,专科批,文科,,,189,,
3886,可克达拉职业技术学院,2023,新疆,专科批,文科,,,162,,
3887,新星职业技术学院,2023,新疆,专科批,文科,,,289,,
,哈尔滨职业技术大学,2023,新疆,专科批,文科,,,255,,
,四川工程职业技术大学,2023,新疆,专科提前批,文科,,,298,,
7129,福州大学,2023,新疆,国家及地方专项、南疆单列、对口援疆计划本科一批次,文科,,,492,,
7321,江苏第二师范学院,2023,新疆,国家及地方专项、南疆单列、对口援疆计划本科二批,文科,,,379,5809,
1522,西南林业大学,2023,新疆,国家及地方专项、南疆单列、对口援疆计划本科二批次,文科,,,430,,
2779,天津商业大学宝德学院,2023,新疆,国家及地方专项、南疆单列、对口援疆计划本科二批次,文科,,,370,11833,
2991,南京师范大学中北学院,2023,新疆,国家及地方专项、南疆单列、对口援疆计划本科二批次,文科,,,389,,
1001,北京大学,2023,新疆,本科一批,文科,,,621,,
1002,中国人民大学,2023,新疆,本科一批,文科,,,601,,
1003,清华大学,2023,新疆,本科一批,文科,,,624,,
1004,北京交通大学,2023,新疆,本科一批,文科,,,460,,
1007,北京理工大学,2023,新疆,本科一批,文科,,,574,,
1010,北京化工大学,2023,新疆,本科一批,文科,,,519,,
1011,北京工商大学,2023,新疆,本科一批,文科,,,521,,
1014,北京印刷学院,2023,新疆,本科一批,文科,,,482,,
1018,中国农业大学,2023,新疆,本科一批,文科,,,538,,
1020,北京林业大学,2023,新疆,本科一批,文科,,,520,,
1023,北京中医药大学,2023,新疆,本科一批,文科,,,556,,
1024,北京师范大学,2023,新疆,本科一批,文科,,,578,,
1028,北京第二外国语学院,2023,新疆,本科一批,文科,,,468,,
1030,中国传媒大学,2023,新疆,本科一批,文科,,,551,,
1031,中央财经大学,2023,新疆,本科一批,文科,,,566,,
1032,对外经济贸易大学,2023,新疆,本科一批,文科,,,561,,
1033,北京物资学院,2023,新疆,本科一批,文科,,,472,,
1034,首都经济贸易大学,2023,新疆,本科一批,文科,,,490,,
1039,北京体育大学,2023,新疆,本科一批,文科,,,503,,
1047,中央民族大学,2023,新疆,本科一批,文科,,,540,,
1048,中国政法大学,2023,新疆,本科一批,文科,,,584,,
1050,南开大学,2023,新疆,本科一批,文科,,,587,,
1051,天津大学,2023,新疆,本科一批,文科,,,569,,
1052,天津科技大学,2023,新疆,本科一批,文科,,,481,,
1053,天津工业大学,2023,新疆,本科一批,文科,,,511,,
1058,天津中医药大学,2023,新疆,本科一批,文科,,,482,,
1059,天津师范大学,2023,新疆,本科一批,文科,,,495,,
1061,天津外国语大学,2023,新疆,本科一批,文科,,,480,,
1062,天津商业大学,2023,新疆,本科一批,文科,,,470,,
1063,天津财经大学,2023,新疆,本科一批,文科,,,466,,
1071,华北电力大学（保定）,2023,新疆,本科一批,文科,,,518,,
1072,河北工业大学,2023,新疆,本科一批,文科,,,491,,
1073,华北理工大学,2023,新疆,本科一批,文科,,,473,,
1094,中北大学,2023,新疆,本科一批,文科,,,492,,
1116,辽宁大学,2023,新疆,本科一批,文科,,,518,,
1123,辽宁工程技术大学,2023,新疆,本科一批,文科,,,465,,
1127,大连海事大学,2023,新疆,本科一批,文科,,,518,,
1144,大连外国语大学,2023,新疆,本科一批,文科,,,458,,
1145,东北财经大学,2023,新疆,本科一批,文科,,,518,,
1154,吉林大学,2023,新疆,本科一批,文科,,,557,,
1155,延边大学,2023,新疆,本科一批,文科,,,488,,
1156,长春理工大学,2023,新疆,本科一批,文科,,,466,,
1163,东北师范大学,2023,新疆,本科一批,文科,,,515,,
1173,黑龙江大学,2023,新疆,本科一批,文科,,,488,,
1174,哈尔滨工业大学,2023,新疆,本科一批,文科,,,555,,
1179,东北石油大学,2023,新疆,本科一批,文科,,,467,,
1182,东北农业大学,2023,新疆,本科一批,文科,,,495,,
1183,东北林业大学,2023,新疆,本科一批,文科,,,498,,
1197,复旦大学,2023,新疆,本科一批,文科,,,610,,
1198,同济大学,2023,新疆,本科一批,文科,,,589,,
1199,上海交通大学,2023,新疆,本科一批,文科,,,611,,
1202,上海海事大学,2023,新疆,本科一批,文科,,,404,,
1205,上海应用技术大学,2023,新疆,本科一批,文科,,,459,,
1207,上海海洋大学,2023,新疆,本科一批,文科,,,400,1561,
1209,华东师范大学,2023,新疆,本科一批,文科,,,569,,
1210,上海师范大学,2023,新疆,本科一批,文科,,,486,,
1211,上海外国语大学,2023,新疆,本科一批,文科,,,554,,
1212,上海财经大学,2023,新疆,本科一批,文科,,,574,,
1213,上海对外经贸大学,2023,新疆,本科一批,文科,,,499,,
1216,华东政法大学,2023,新疆,本科一批,文科,,,559,,
1219,上海戏剧学院,2023,新疆,本科一批,文科,,,517,,
1220,上海大学,2023,新疆,本科一批,文科,,,549,,
1222,南京大学,2023,新疆,本科一批,文科,,,598,,
1223,苏州大学,2023,新疆,本科一批,文科,,,532,,
1227,江苏科技大学,2023,新疆,本科一批,文科,,,450,,
1231,南京邮电大学,2023,新疆,本科一批,文科,,,476,,
1232,河海大学,2023,新疆,本科一批,文科,,,536,,
1233,江南大学,2023,新疆,本科一批,文科,,,525,,
1234,南京林业大学,2023,新疆,本科一批,文科,,,504,,
1235,江苏大学,2023,新疆,本科一批,文科,,,514,,
1236,南京信息工程大学,2023,新疆,本科一批,文科,,,496,,
1240,南京农业大学,2023,新疆,本科一批,文科,,,506,,
1244,中国药科大学,2023,新疆,本科一批,文科,,,530,,
1245,南京师范大学,2023,新疆,本科一批,文科,,,525,,
1253,苏州科技大学,2023,新疆,本科一批,文科,,,494,,
1255,浙江大学,2023,新疆,本科一批,文科,,,600,,
1256,杭州电子科技大学,2023,新疆,本科一批,文科,,,502,,
1257,浙江工业大学,2023,新疆,本科一批,文科,,,489,,
1263,浙江师范大学,2023,新疆,本科一批,文科,,,507,,
1270,浙江工商大学,2023,新疆,本科一批,文科,,,460,,
1272,中国美术学院,2023,新疆,本科一批,文科,,,511,,
1273,中国计量大学,2023,新疆,本科一批,文科,,,516,,
1274,安徽大学,2023,新疆,本科一批,文科,,,517,,
1293,安徽财经大学,2023,新疆,本科一批,文科,,,478,,
1298,厦门大学,2023,新疆,本科一批,文科,,,577,,
1299,华侨大学,2023,新疆,本科一批,文科,,,492,,
1302,福建农林大学,2023,新疆,本科一批,文科,,,459,,
1312,南昌大学,2023,新疆,本科一批,文科,,,498,,
1314,东华理工大学,2023,新疆,本科一批,文科,,,470,,
1316,江西理工大学,2023,新疆,本科一批,文科,,,480,,
1326,江西财经大学,2023,新疆,本科一批,文科,,,491,,
1327,山东大学,2023,新疆,本科一批,文科,,,556,,
1328,中国海洋大学,2023,新疆,本科一批,文科,,,539,,
1330,中国石油大学（华东）,2023,新疆,本科一批,文科,,,522,,
1331,青岛科技大学,2023,新疆,本科一批,文科,,,478,,
1359,郑州大学,2023,新疆,本科一批,文科,,,520,,
1370,河南大学,2023,新疆,本科一批,文科,,,508,,
1379,河南财经政法大学,2023,新疆,本科一批,文科,,,477,,
1381,武汉大学,2023,新疆,本科一批,文科,,,589,,
1382,华中科技大学,2023,新疆,本科一批,文科,,,566,,
1383,武汉科技大学,2023,新疆,本科一批,文科,,,495,,
1384,长江大学,2023,新疆,本科一批,文科,,,487,,
1385,武汉工程大学,2023,新疆,本科一批,文科,,,476,,
1386,中国地质大学（武汉）,2023,新疆,本科一批,文科,,,507,,
1389,武汉理工大学,2023,新疆,本科一批,文科,,,516,,
1390,湖北工业大学,2023,新疆,本科一批,文科,,,484,,
1394,湖北大学,2023,新疆,本科一批,文科,,,494,,
1400,中南财经政法大学,2023,新疆,本科一批,文科,,,543,,
1403,中南民族大学,2023,新疆,本科一批,文科,,,482,,
1406,湘潭大学,2023,新疆,本科一批,文科,,,497,,
1408,湖南大学,2023,新疆,本科一批,文科,,,525,,
1409,中南大学,2023,新疆,本科一批,文科,,,558,,
1410,湖南科技大学,2023,新疆,本科一批,文科,,,478,,
1411,长沙理工大学,2023,新疆,本科一批,文科,,,402,,
1413,中南林业科技大学,2023,新疆,本科一批,文科,,,471,,
1415,湖南师范大学,2023,新疆,本科一批,文科,,,515,,
1426,中山大学,2023,新疆,本科一批,文科,,,576,,
1427,暨南大学,2023,新疆,本科一批,文科,,,545,,
1434,广州中医药大学,2023,新疆,本科一批,文科,,,509,,
1436,华南师范大学,2023,新疆,本科一批,文科,,,527,,
1447,海南大学,2023,新疆,本科一批,文科,,,516,,
1448,深圳大学,2023,新疆,本科一批,文科,,,542,,
1449,广东财经大学,2023,新疆,本科一批,文科,,,485,,
1466,四川大学,2023,新疆,本科一批,文科,,,464,,
1468,西南交通大学,2023,新疆,本科一批,文科,,,529,,
1470,西南石油大学,2023,新疆,本科一批,文科,,,508,,
1471,成都理工大学,2023,新疆,本科一批,文科,,,492,,
1474,西南科技大学,2023,新疆,本科一批,文科,,,481,,
1475,成都信息工程大学,2023,新疆,本科一批,文科,,,489,,
1484,川北医学院,2023,新疆,本科一批,文科,,,473,,
1485,西南大学,2023,新疆,本科一批,文科,,,505,,
1486,四川师范大学,2023,新疆,本科一批,文科,,,506,,
1499,西南财经大学,2023,新疆,本科一批,文科,,,539,,
1500,西南政法大学,2023,新疆,本科一批,文科,,,547,,
1504,西南民族大学,2023,新疆,本科一批,文科,,,417,,
1505,贵州大学,2023,新疆,本科一批,文科,,,469,,
1519,云南大学,2023,新疆,本科一批,文科,,,524,,
1539,西北大学,2023,新疆,本科一批,文科,,,534,,
1540,西安交通大学,2023,新疆,本科一批,文科,,,578,,
1541,西北工业大学,2023,新疆,本科一批,文科,,,549,,
1546,西安科技大学,2023,新疆,本科一批,文科,,,487,,
1547,西安石油大学,2023,新疆,本科一批,文科,,,484,,
1549,西安工程大学,2023,新疆,本科一批,文科,,,470,,
1550,长安大学,2023,新疆,本科一批,文科,,,519,,
1551,西北农林科技大学,2023,新疆,本科一批,文科,,,522,,
1552,陕西中医药大学,2023,新疆,本科一批,文科,,,513,,
1559,西安外国语大学,2023,新疆,本科一批,文科,,,492,,
1560,西北政法大学,2023,新疆,本科一批,文科,,,537,,
1564,兰州大学,2023,新疆,本科一批,文科,,,494,,
1582,新疆大学,2023,新疆,本科一批,文科,,,463,,
1584,新疆农业大学,2023,新疆,本科一批,文科,,,458,,
1585,石河子大学,2023,新疆,本科一批,文科,,,458,,
1586,新疆医科大学,2023,新疆,本科一批,文科,,,473,,
1587,新疆师范大学,2023,新疆,本科一批,文科,,,458,,
1591,新疆财经大学,2023,新疆,本科一批,文科,,,458,,
1678,上海立信会计金融学院,2023,新疆,本科一批,文科,,,516,,
1692,青岛大学,2023,新疆,本科一批,文科,,,504,,
1693,烟台大学,2023,新疆,本科一批,文科,,,489,,
1701,三峡大学,2023,新疆,本科一批,文科,,,473,,
1703,广州大学,2023,新疆,本科一批,文科,,,475,,
1704,成都大学,2023,新疆,本科一批,文科,,,503,,
1715,扬州大学,2023,新疆,本科一批,文科,,,509,,
1730,南京审计大学,2023,新疆,本科一批,文科,,,521,,
1769,中国石油大学（北京）,2023,新疆,本科一批,文科,,,516,,
1771,北京联合大学,2023,新疆,本科一批,文科,,,497,,
1787,上海电机学院,2023,新疆,本科一批,文科,,,466,,
1812,湖南工业大学,2023,新疆,本科一批,文科,,,463,,
1826,西安财经大学,2023,新疆,本科一批,文科,,,489,,
1843,宁波大学,2023,新疆,本科一批,文科,,,504,,
1849,海南师范大学,2023,新疆,本科一批,文科,,,463,,
1853,西安邮电大学,2023,新疆,本科一批,文科,,,477,,
1873,重庆工商大学,2023,新疆,本科一批,文科,,,466,,
1894,上海政法学院,2023,新疆,本科一批,文科,,,523,,
1922,大连民族大学,2023,新疆,本科一批,文科,,,464,,
1957,南方医科大学,2023,新疆,本科一批,文科,,,499,,
3653,宁波诺丁汉大学,2023,新疆,本科一批,文科,,,471,,
3654,西交利物浦大学,2023,新疆,本科一批,文科,,,487,,
3655,北师香港浸会大学,2023,新疆,本科一批,文科,,,460,,
3673,东北大学秦皇岛分校,2023,新疆,本科一批,文科,,,513,,
3675,复旦大学上海医学院,2023,新疆,本科一批,文科,,,517,,
3679,中国石油大学（北京）克拉玛依校区,2023,新疆,本科一批,文科,,,481,,
5016,北京外国语大学,2023,新疆,本科一批,文科,,,533,,
5024,华北电力大学（北京）,2023,新疆,本科一批,文科,,,531,,
5153,山东大学（威海）,2023,新疆,本科一批,文科,,,545,,
7016,河北大学,2023,新疆,本科一批,文科,,,412,,
7028,石家庄铁道大学,2023,新疆,本科一批,文科,,,445,,
7091,常州大学,2023,新疆,本科一批,文科,,,478,,
7098,南京医科大学,2023,新疆,本科一批,文科,,,447,,
7105,南京财经大学,2023,新疆,本科一批,文科,,,488,,
7214,西安建筑科技大学,2023,新疆,本科一批,文科,,,471,,
8006,中国民航大学,2023,新疆,本科一批,文科,,,505,,
8082,重庆大学,2023,新疆,本科一批,文科,,,550,,
,山东师范大学,2023,新疆,本科一批,文科,,,429,,
1056,天津农学院,2023,新疆,本科二批,文科,,,436,,
1060,天津职业技术师范大学,2023,新疆,本科二批,文科,,,393,,
1064,天津体育学院,2023,新疆,本科二批,文科,,,433,,
1073,华北理工大学,2023,新疆,本科二批,文科,,,456,,
1074,河北科技大学,2023,新疆,本科二批,文科,,,458,,
1097,山西医科大学,2023,新疆,本科二批,文科,,,434,,
1099,山西师范大学,2023,新疆,本科二批,文科,,,451,,
1100,太原师范学院,2023,新疆,本科二批,文科,,,458,,
1102,晋中学院,2023,新疆,本科二批,文科,,,406,,
1108,内蒙古科技大学,2023,新疆,本科二批,文科,,,410,,
1114,赤峰学院,2023,新疆,本科二批,文科,,,394,,
1115,内蒙古财经大学,2023,新疆,本科二批,文科,,,428,,
1119,沈阳航空航天大学,2023,新疆,本科二批,文科,,,422,,
1122,辽宁科技大学,2023,新疆,本科二批,文科,,,407,,
1126,大连交通大学,2023,新疆,本科二批,文科,,,443,,
1130,辽宁工业大学,2023,新疆,本科二批,文科,,,428,,
1140,沈阳师范大学,2023,新疆,本科二批,文科,,,444,,
1141,渤海大学,2023,新疆,本科二批,文科,,,442,,
1142,鞍山师范学院,2023,新疆,本科二批,文科,,,408,,
1165,通化师范学院,2023,新疆,本科二批,文科,,,403,,
1166,吉林师范大学,2023,新疆,本科二批,文科,,,443,,
1167,吉林工程技术师范学院,2023,新疆,本科二批,文科,,,393,,
1168,长春师范大学,2023,新疆,本科二批,文科,,,429,,
1169,白城师范学院,2023,新疆,本科二批,文科,,,402,,
1170,吉林财经大学,2023,新疆,本科二批,文科,,,450,,
1178,黑龙江科技大学,2023,新疆,本科二批,文科,,,419,,
1181,黑龙江八一农垦大学,2023,新疆,本科二批,文科,,,405,,
1184,哈尔滨医科大学,2023,新疆,本科二批,文科,,,423,,
1188,齐齐哈尔大学,2023,新疆,本科二批,文科,,,441,,
1190,哈尔滨学院,2023,新疆,本科二批,文科,,,405,,
1191,大庆师范学院,2023,新疆,本科二批,文科,,,399,,
1192,绥化学院,2023,新疆,本科二批,文科,,,396,,
1194,哈尔滨商业大学,2023,新疆,本科二批,文科,,,450,,
1196,哈尔滨金融学院,2023,新疆,本科二批,文科,,,415,,
1252,南京艺术学院,2023,新疆,本科二批,文科,,,455,,
1265,湖州师范学院,2023,新疆,本科二批,文科,,,362,,
1267,台州学院,2023,新疆,本科二批,文科,,,463,,
1268,温州大学,2023,新疆,本科二批,文科,,,468,,
1280,安徽农业大学,2023,新疆,本科二批,文科,,,452,,
1288,淮北师范大学,2023,新疆,本科二批,文科,,,453,,
1292,滁州学院,2023,新疆,本科二批,文科,,,418,,
1303,集美大学,2023,新疆,本科二批,文科,,,482,,
1306,福建师范大学,2023,新疆,本科二批,文科,,,458,,
1307,闽江学院,2023,新疆,本科二批,文科,,,445,,
1309,宁德师范学院,2023,新疆,本科二批,文科,,,413,,
1311,闽南师范大学,2023,新疆,本科二批,文科,,,414,,
1322,上饶师范学院,2023,新疆,本科二批,文科,,,416,,
1324,赣南师范大学,2023,新疆,本科二批,文科,,,392,,
1325,井冈山大学,2023,新疆,本科二批,文科,,,442,,
1329,山东科技大学,2023,新疆,本科二批,文科,,,472,,
1332,济南大学,2023,新疆,本科二批,文科,,,464,,
1333,青岛理工大学,2023,新疆,本科二批,文科,,,444,,
1334,山东建筑大学,2023,新疆,本科二批,文科,,,444,,
1337,山东农业大学,2023,新疆,本科二批,文科,,,457,,
1338,青岛农业大学,2023,新疆,本科二批,文科,,,447,,
1347,曲阜师范大学,2023,新疆,本科二批,文科,,,453,,
1349,德州学院,2023,新疆,本科二批,文科,,,414,,
1350,山东航空学院,2023,新疆,本科二批,文科,,,433,,
1351,鲁东大学,2023,新疆,本科二批,文科,,,453,,
1352,临沂大学,2023,新疆,本科二批,文科,,,459,,
1356,山东财经大学,2023,新疆,本科二批,文科,,,467,,
1361,郑州轻工业大学,2023,新疆,本科二批,文科,,,453,,
1362,河南工业大学,2023,新疆,本科二批,文科,,,418,,
1363,河南科技大学,2023,新疆,本科二批,文科,,,382,,
1365,河南农业大学,2023,新疆,本科二批,文科,,,446,,
1366,河南科技学院,2023,新疆,本科二批,文科,,,434,,
1368,河南中医药大学,2023,新疆,本科二批,文科,,,387,,
1373,周口师范学院,2023,新疆,本科二批,文科,,,429,,
1375,许昌学院,2023,新疆,本科二批,文科,,,426,,
1376,南阳师范学院,2023,新疆,本科二批,文科,,,428,,
1380,郑州航空工业管理学院,2023,新疆,本科二批,文科,,,445,,
1387,武汉纺织大学,2023,新疆,本科二批,文科,,,451,,
1388,武汉轻工大学,2023,新疆,本科二批,文科,,,457,,
1397,湖北民族大学,2023,新疆,本科二批,文科,,,437,,
1398,汉江师范学院,2023,新疆,本科二批,文科,,,421,,
1399,湖北文理学院,2023,新疆,本科二批,文科,,,456,,
1410,湖南科技大学,2023,新疆,本科二批,文科,,,462,,
1412,湖南农业大学,2023,新疆,本科二批,文科,,,441,,
1414,湖南中医药大学,2023,新疆,本科二批,文科,,,471,,
1416,湖南理工学院,2023,新疆,本科二批,文科,,,383,,
1418,衡阳师范学院,2023,新疆,本科二批,文科,,,414,,
1419,邵阳学院,2023,新疆,本科二批,文科,,,402,6073,
1421,湖南文理学院,2023,新疆,本科二批,文科,,,430,,
1422,湖南科技学院,2023,新疆,本科二批,文科,,,382,,
1423,湖南人文科技学院,2023,新疆,本科二批,文科,,,420,,
1424,湖南工商大学,2023,新疆,本科二批,文科,,,465,,
1431,广东海洋大学,2023,新疆,本科二批,文科,,,456,,
1440,岭南师范学院,2023,新疆,本科二批,文科,,,430,,
1446,广东技术师范大学,2023,新疆,本科二批,文科,,,440,,
1453,桂林理工大学,2023,新疆,本科二批,文科,,,415,,
1463,广西艺术学院,2023,新疆,本科二批,文科,,,406,,
1478,中国民用航空飞行学院,2023,新疆,本科二批,文科,,,426,,
1487,重庆师范大学,2023,新疆,本科二批,文科,,,464,,
1488,西华师范大学,2023,新疆,本科二批,文科,,,421,,
1489,绵阳师范学院,2023,新疆,本科二批,文科,,,445,,
1490,内江师范学院,2023,新疆,本科二批,文科,,,453,,
1491,宜宾学院,2023,新疆,本科二批,文科,,,430,,
1492,重庆文理学院,2023,新疆,本科二批,文科,,,413,,
1493,重庆三峡学院,2023,新疆,本科二批,文科,,,443,,
1494,四川文理学院,2023,新疆,本科二批,文科,,,426,,
1496,长江师范学院,2023,新疆,本科二批,文科,,,386,,
1517,贵州财经大学,2023,新疆,本科二批,文科,,,455,,
1522,西南林业大学,2023,新疆,本科二批,文科,,,359,,
1524,大理大学,2023,新疆,本科二批,文科,,,445,,
1528,曲靖师范学院,2023,新疆,本科二批,文科,,,417,,
1532,云南财经大学,2023,新疆,本科二批,文科,,,459,,
1534,云南民族大学,2023,新疆,本科二批,文科,,,439,,
1544,西安工业大学,2023,新疆,本科二批,文科,,,465,,
1554,延安大学,2023,新疆,本科二批,文科,,,447,,
1555,陕西理工大学,2023,新疆,本科二批,文科,,,449,,
1557,咸阳师范学院,2023,新疆,本科二批,文科,,,446,,
1558,渭南师范学院,2023,新疆,本科二批,文科,,,447,,
1561,西安体育学院,2023,新疆,本科二批,文科,,,414,,
1565,兰州理工大学,2023,新疆,本科二批,文科,,,454,,
1566,兰州交通大学,2023,新疆,本科二批,文科,,,410,,
1567,甘肃农业大学,2023,新疆,本科二批,文科,,,435,,
1568,甘肃中医药大学,2023,新疆,本科二批,文科,,,420,,
1569,西北师范大学,2023,新疆,本科二批,文科,,,456,,
1571,陇东学院,2023,新疆,本科二批,文科,,,412,,
1572,天水师范大学,2023,新疆,本科二批,文科,,,425,,
1573,河西学院,2023,新疆,本科二批,文科,,,398,,
1574,兰州财经大学,2023,新疆,本科二批,文科,,,421,,
1575,西北民族大学,2023,新疆,本科二批,文科,,,414,,
1577,青海师范大学,2023,新疆,本科二批,文科,,,431,,
1578,青海民族大学,2023,新疆,本科二批,文科,,,408,,
1583,塔里木大学,2023,新疆,本科二批,文科,,,401,,
1584,新疆农业大学,2023,新疆,本科二批,文科,,,364,,
1586,新疆医科大学,2023,新疆,本科二批,文科,,,432,,
1589,伊犁师范大学,2023,新疆,本科二批,文科,,,403,,
1591,新疆财经大学,2023,新疆,本科二批,文科,,,419,,
1592,新疆艺术学院,2023,新疆,本科二批,文科,,,365,,
1596,吕梁学院,2023,新疆,本科二批,文科,,,416,,
1598,广东白云学院,2023,新疆,本科二批,文科,,,358,,
1599,长沙医学院,2023,新疆,本科二批,文科,,,391,,
1601,齐鲁医药学院,2023,新疆,本科二批,文科,,,388,,
1615,辽宁对外经贸学院,2023,新疆,本科二批,文科,,,345,,
1619,江西科技学院,2023,新疆,本科二批,文科,,,359,,
1627,上海工程技术大学,2023,新疆,本科二批,文科,,,459,,
1630,天津天狮学院,2023,新疆,本科二批,文科,,,352,,
1638,青岛滨海学院,2023,新疆,本科二批,文科,,,356,,
1644,浙江万里学院,2023,新疆,本科二批,文科,,,431,,
1649,萍乡学院,2023,新疆,本科二批,文科,,,413,,
1654,湖北理工学院,2023,新疆,本科二批,文科,,,421,,
1655,湖北科技学院,2023,新疆,本科二批,文科,,,409,,
1663,吉林外国语大学,2023,新疆,本科二批,文科,,,355,,
1668,新疆工程学院,2023,新疆,本科二批,文科,,,389,,
1670,昌吉学院,2023,新疆,本科二批,文科,,,386,,
1678,上海立信会计金融学院,2023,新疆,本科二批,文科,,,475,,
1679,金陵科技学院,2023,新疆,本科二批,文科,,,365,,
1688,宁波工程学院,2023,新疆,本科二批,文科,,,434,,
1691,厦门理工学院,2023,新疆,本科二批,文科,,,435,,
1694,潍坊学院,2023,新疆,本科二批,文科,,,445,,
1697,洛阳理工学院,2023,新疆,本科二批,文科,,,435,,
1698,新乡学院,2023,新疆,本科二批,文科,,,416,,
1704,成都大学,2023,新疆,本科二批,文科,,,465,,
1705,西安文理学院,2023,新疆,本科二批,文科,,,459,,
1707,海南热带海洋学院,2023,新疆,本科二批,文科,,,413,,
1708,华北科技学院,2023,新疆,本科二批,文科,,,412,,
1710,广州航海学院,2023,新疆,本科二批,文科,,,427,,
1714,成都工业学院,2023,新疆,本科二批,文科,,,449,,
1718,中华女子学院,2023,新疆,本科二批,文科,,,447,,
1728,吉林工商学院,2023,新疆,本科二批,文科,,,413,,
1735,三明学院,2023,新疆,本科二批,文科,,,408,,
1737,福建商学院,2023,新疆,本科二批,文科,,,426,,
1742,江西水利电力大学,2023,新疆,本科二批,文科,,,424,,
1744,信阳农林学院,2023,新疆,本科二批,文科,,,402,,
1746,安阳工学院,2023,新疆,本科二批,文科,,,401,,
1750,荆楚理工学院,2023,新疆,本科二批,文科,,,426,,
1751,湖南工程学院,2023,新疆,本科二批,文科,,,425,,
1753,五邑大学,2023,新疆,本科二批,文科,,,464,,
1757,攀枝花学院,2023,新疆,本科二批,文科,,,438,,
1759,楚雄师范学院,2023,新疆,本科二批,文科,,,409,,
1760,云南警官学院,2023,新疆,本科二批,文科,,,455,,
1763,商洛学院,2023,新疆,本科二批,文科,,,423,,
1764,安康学院,2023,新疆,本科二批,文科,,,425,,
1765,西安培华学院,2023,新疆,本科二批,文科,,,384,,
1766,甘肃政法大学,2023,新疆,本科二批,文科,,,445,,
1767,北方民族大学,2023,新疆,本科二批,文科,,,434,,
1771,北京联合大学,2023,新疆,本科二批,文科,,,450,,
1772,北京城市学院,2023,新疆,本科二批,文科,,,395,,
1773,河北金融学院,2023,新疆,本科二批,文科,,,387,,
1775,集宁师范学院,2023,新疆,本科二批,文科,,,397,,
1780,长春工程学院,2023,新疆,本科二批,文科,,,401,,
1781,吉林农业科技学院,2023,新疆,本科二批,文科,,,398,,
1783,吉林警察学院,2023,新疆,本科二批,文科,,,435,,
1784,黑龙江工业学院,2023,新疆,本科二批,文科,,,394,,
1785,黑龙江东方学院,2023,新疆,本科二批,文科,,,343,,
1787,上海电机学院,2023,新疆,本科二批,文科,,,447,,
1790,江苏理工学院,2023,新疆,本科二批,文科,,,414,,
1792,浙江水利水电学院,2023,新疆,本科二批,文科,,,444,,
1797,莆田学院,2023,新疆,本科二批,文科,,,429,,
1803,新余学院,2023,新疆,本科二批,文科,,,423,,
1804,山东交通学院,2023,新疆,本科二批,文科,,,436,,
1808,湖南城市学院,2023,新疆,本科二批,文科,,,426,,
1813,湖南女子学院,2023,新疆,本科二批,文科,,,409,,
1814,广东金融学院,2023,新疆,本科二批,文科,,,452,,
1815,电子科技大学中山学院,2023,新疆,本科二批,文科,,,359,,
1820,重庆科技大学,2023,新疆,本科二批,文科,,,428,,
1828,兰州文理学院,2023,新疆,本科二批,文科,,,424,,
1830,湖北经济学院,2023,新疆,本科二批,文科,,,436,,
1839,河套学院,2023,新疆,本科二批,文科,,,388,,
1841,哈尔滨信息工程学院,2023,新疆,本科二批,文科,,,356,,
1844,浙江传媒学院,2023,新疆,本科二批,文科,,,462,,
1845,河南财政金融学院,2023,新疆,本科二批,文科,,,432,,
1846,南阳理工学院,2023,新疆,本科二批,文科,,,402,,
1847,武汉商学院,2023,新疆,本科二批,文科,,,414,,
1848,广东石油化工学院,2023,新疆,本科二批,文科,,,404,,
1849,海南师范大学,2023,新疆,本科二批,文科,,,394,,
1850,重庆理工大学,2023,新疆,本科二批,文科,,,461,,
1854,山东工商学院,2023,新疆,本科二批,文科,,,447,,
1855,呼和浩特民族学院,2023,新疆,本科二批,文科,,,395,,
1856,长春大学,2023,新疆,本科二批,文科,,,365,,
1859,西安航空学院,2023,新疆,本科二批,文科,,,428,,
1872,武汉东湖学院,2023,新疆,本科二批,文科,,,369,,
1874,汉口学院,2023,新疆,本科二批,文科,,,367,,
1875,黑龙江工程学院,2023,新疆,本科二批,文科,,,405,,
1882,东莞理工学院,2023,新疆,本科二批,文科,,,417,,
1893,黄河科技学院,2023,新疆,本科二批,文科,,,379,,
1895,桂林旅游学院,2023,新疆,本科二批,文科,,,404,,
1900,九江学院,2023,新疆,本科二批,文科,,,410,,
1911,泰州学院,2023,新疆,本科二批,文科,,,414,,
1919,郑州师范学院,2023,新疆,本科二批,文科,,,414,,
1922,大连民族大学,2023,新疆,本科二批,文科,,,453,,
1929,南京特殊教育师范学院,2023,新疆,本科二批,文科,,,417,,
1931,上海商学院,2023,新疆,本科二批,文科,,,441,,
1937,南通理工学院,2023,新疆,本科二批,文科,,,355,,
1940,广东培正学院,2023,新疆,本科二批,文科,,,418,,
1958,湖南医药学院,2023,新疆,本科二批,文科,,,439,,
1970,湖南涉外经济学院,2023,新疆,本科二批,文科,,,354,,
1973,海口经济学院,2023,新疆,本科二批,文科,,,355,,
1974,武昌首义学院,2023,新疆,本科二批,文科,,,395,,
1975,武昌理工学院,2023,新疆,本科二批,文科,,,310,,
1986,烟台南山学院,2023,新疆,本科二批,文科,,,362,,
1998,武汉生物工程学院,2023,新疆,本科二批,文科,,,370,,
2024,中国劳动关系学院,2023,新疆,本科二批,文科,,,437,,
2046,云南经济管理学院,2023,新疆,本科二批,文科,,,363,,
2079,湘潭大学兴湘学院,2023,新疆,本科二批,文科,,,406,,
2087,重庆工程学院,2023,新疆,本科二批,文科,,,380,,
2090,广州城市理工学院,2023,新疆,本科二批,文科,,,354,,
2094,广州华商学院,2023,新疆,本科二批,文科,,,355,,
2107,成都东软学院,2023,新疆,本科二批,文科,,,369,,
2122,中南林业科技大学涉外学院,2023,新疆,本科二批,文科,,,388,,
2124,岳阳学院,2023,新疆,本科二批,文科,,,395,,
2125,衡阳师范学院南岳学院,2023,新疆,本科二批,文科,,,411,,
2127,湖南中医药大学湘杏学院,2023,新疆,本科二批,文科,,,425,,
2156,西安欧亚学院,2023,新疆,本科二批,文科,,,357,,
2157,西安外事学院,2023,新疆,本科二批,文科,,,354,,
2158,西安翻译学院,2023,新疆,本科二批,文科,,,354,,
2159,西京学院,2023,新疆,本科二批,文科,,,376,,
2173,齐齐哈尔工程学院,2023,新疆,本科二批,文科,,,356,,
2177,新疆警察学院,2023,新疆,本科二批,文科,,,414,,
2190,郑州工业应用技术学院,2023,新疆,本科二批,文科,,,364,,
2233,浙江越秀外国语学院,2023,新疆,本科二批,文科,,,354,,
2236,南昌理工学院,2023,新疆,本科二批,文科,,,366,,
2240,上海建桥学院,2023,新疆,本科二批,文科,,,356,,
2243,吉利学院,2023,新疆,本科二批,文科,,,357,,
2408,宁波财经学院,2023,新疆,本科二批,文科,,,354,,
2412,山东英才学院,2023,新疆,本科二批,文科,,,355,,
2420,青岛恒星科技学院,2023,新疆,本科二批,文科,,,354,,
2422,浙大城市学院,2023,新疆,本科二批,文科,,,459,,
2482,厦门工学院,2023,新疆,本科二批,文科,,,407,,
2483,西安思源学院,2023,新疆,本科二批,文科,,,368,,
2485,陕西国际商贸学院,2023,新疆,本科二批,文科,,,358,,
2487,陕西服装工程学院,2023,新疆,本科二批,文科,,,358,,
2495,武汉晴川学院,2023,新疆,本科二批,文科,,,360,,
2496,大连理工大学城市学院,2023,新疆,本科二批,文科,,,355,,
2499,沈阳工学院,2023,新疆,本科二批,文科,,,354,,
2502,沈阳城市建设学院,2023,新疆,本科二批,文科,,,357,,
2506,辽宁师范大学海华学院,2023,新疆,本科二批,文科,,,362,,
2507,辽宁理工学院,2023,新疆,本科二批,文科,,,351,,
2508,大连财经学院,2023,新疆,本科二批,文科,,,363,,
2509,沈阳城市学院,2023,新疆,本科二批,文科,,,355,,
2510,湖北大学知行学院,2023,新疆,本科二批,文科,,,387,,
2511,武汉城市学院,2023,新疆,本科二批,文科,,,364,,
2512,三峡大学科技学院,2023,新疆,本科二批,文科,,,378,,
2513,武汉文理学院,2023,新疆,本科二批,文科,,,369,,
2514,湖北工业大学工程技术学院,2023,新疆,本科二批,文科,,,363,,
2515,武汉工程大学邮电与信息工程学院,2023,新疆,本科二批,文科,,,378,,
2516,武汉纺织大学外经贸学院,2023,新疆,本科二批,文科,,,368,,
2517,武昌工学院,2023,新疆,本科二批,文科,,,354,,
2518,武汉工商学院,2023,新疆,本科二批,文科,,,369,,
2520,长江大学文理学院,2023,新疆,本科二批,文科,,,377,,
2521,湖北商贸学院,2023,新疆,本科二批,文科,,,362,,
2524,湖北恩施学院,2023,新疆,本科二批,文科,,,366,,
2526,武汉体育学院体育科技学院,2023,新疆,本科二批,文科,,,367,,
2528,湖北文理学院理工学院,2023,新疆,本科二批,文科,,,385,,
2529,湖北工程学院新技术学院,2023,新疆,本科二批,文科,,,377,,
2530,文华学院,2023,新疆,本科二批,文科,,,381,,
2535,浙江工业大学之江学院,2023,新疆,本科二批,文科,,,378,,
2536,浙江师范大学行知学院,2023,新疆,本科二批,文科,,,430,,
2537,宁波大学科学技术学院,2023,新疆,本科二批,文科,,,377,,
2546,绍兴理工学院,2023,新疆,本科二批,文科,,,362,,
2549,嘉兴南湖学院,2023,新疆,本科二批,文科,,,448,,
2552,黑龙江外国语学院,2023,新疆,本科二批,文科,,,355,,
2553,黑龙江财经学院,2023,新疆,本科二批,文科,,,355,,
2555,黑龙江工商学院,2023,新疆,本科二批,文科,,,348,,
2556,哈尔滨远东理工学院,2023,新疆,本科二批,文科,,,354,,
2558,哈尔滨剑桥学院,2023,新疆,本科二批,文科,,,342,,
2559,黑龙江工程学院昆仑旅游学院,2023,新疆,本科二批,文科,,,354,,
2560,哈尔滨广厦学院,2023,新疆,本科二批,文科,,,356,,
2561,哈尔滨华德学院,2023,新疆,本科二批,文科,,,340,,
2566,青岛黄海学院,2023,新疆,本科二批,文科,,,359,,
2568,山东现代学院,2023,新疆,本科二批,文科,,,356,,
2570,山东协和学院,2023,新疆,本科二批,文科,,,366,,
2574,昆明城市学院,2023,新疆,本科二批,文科,,,357,,
2575,昆明医科大学海源学院,2023,新疆,本科二批,文科,,,361,,
2590,烟台理工学院,2023,新疆,本科二批,文科,,,371,,
2591,青岛城市学院,2023,新疆,本科二批,文科,,,354,,
2593,山东石油化工学院,2023,新疆,本科二批,文科,,,432,,
2598,河北科技学院,2023,新疆,本科二批,文科,,,355,,
2608,河北外国语学院,2023,新疆,本科二批,文科,,,354,,
2630,南昌交通学院,2023,新疆,本科二批,文科,,,360,,
2631,赣东学院,2023,新疆,本科二批,文科,,,420,,
2633,赣南科技学院,2023,新疆,本科二批,文科,,,415,,
2636,南昌医学院,2023,新疆,本科二批,文科,,,449,,
2648,厦门大学嘉庚学院,2023,新疆,本科二批,文科,,,414,,
2650,集美大学诚毅学院,2023,新疆,本科二批,文科,,,410,,
2651,福建师范大学协和学院,2023,新疆,本科二批,文科,,,395,,
2656,河南开封科技传媒学院,2023,新疆,本科二批,文科,,,373,,
2658,信阳学院,2023,新疆,本科二批,文科,,,384,,
2663,郑州经贸学院,2023,新疆,本科二批,文科,,,377,,
2665,兰州工商学院,2023,新疆,本科二批,文科,,,363,,
2667,兰州博文科技学院,2023,新疆,本科二批,文科,,,360,,
2668,兰州信息科技学院,2023,新疆,本科二批,文科,,,360,,
2681,晋中信息学院,2023,新疆,本科二批,文科,,,371,,
2683,山西晋中理工学院,2023,新疆,本科二批,文科,,,373,,
2685,重庆人文科技学院,2023,新疆,本科二批,文科,,,379,,
2686,新疆理工学院,2023,新疆,本科二批,文科,,,383,,
2689,新疆科技学院,2023,新疆,本科二批,文科,,,385,,
2696,西安交通工程学院,2023,新疆,本科二批,文科,,,365,,
2707,重庆外语外事学院,2023,新疆,本科二批,文科,,,366,,
2708,重庆对外经贸学院,2023,新疆,本科二批,文科,,,389,,
2709,重庆财经学院,2023,新疆,本科二批,文科,,,391,,
2710,重庆工商大学派斯学院,2023,新疆,本科二批,文科,,,372,,
2712,石家庄铁道大学四方学院,2023,新疆,本科二批,文科,,,386,,
2713,河北地质大学华信学院,2023,新疆,本科二批,文科,,,361,,
2719,长春光华学院,2023,新疆,本科二批,文科,,,356,,
2720,长春工业大学人文信息学院,2023,新疆,本科二批,文科,,,354,,
2722,长春财经学院,2023,新疆,本科二批,文科,,,354,,
2723,吉林建筑科技学院,2023,新疆,本科二批,文科,,,347,13742,
2724,长春建筑学院,2023,新疆,本科二批,文科,,,355,,
2725,长春科技学院,2023,新疆,本科二批,文科,,,354,,
2728,辽宁中医药大学杏林学院,2023,新疆,本科二批,文科,,,375,,
2739,淮北理工学院,2023,新疆,本科二批,文科,,,360,,
2740,沈阳科技学院,2023,新疆,本科二批,文科,,,347,,
2742,长春大学旅游学院,2023,新疆,本科二批,文科,,,347,,
2744,昆明文理学院,2023,新疆,本科二批,文科,,,360,,
2746,重庆移通学院,2023,新疆,本科二批,文科,,,368,,
2747,新疆政法学院,2023,新疆,本科二批,文科,,,385,,
2750,大连东软信息学院,2023,新疆,本科二批,文科,,,351,,
2753,武汉学院,2023,新疆,本科二批,文科,,,380,,
2754,长沙理工大学城南学院,2023,新疆,本科二批,文科,,,395,,
2755,上海外国语大学贤达经济人文学院,2023,新疆,本科二批,文科,,,359,,
2760,桂林学院,2023,新疆,本科二批,文科,,,372,,
2767,贵州黔南经济学院,2023,新疆,本科二批,文科,,,365,,
2774,南京航空航天大学金城学院,2023,新疆,本科二批,文科,,,409,,
2777,天津外国语大学滨海外事学院,2023,新疆,本科二批,文科,,,363,,
2779,天津商业大学宝德学院,2023,新疆,本科二批,文科,,,363,11723,
2781,长春人文学院,2023,新疆,本科二批,文科,,,357,,
2783,武汉工程科技学院,2023,新疆,本科二批,文科,,,359,,
2784,电子科技大学成都学院,2023,新疆,本科二批,文科,,,405,,
2785,武汉华夏理工学院,2023,新疆,本科二批,文科,,,358,,
2786,广州商学院,2023,新疆,本科二批,文科,,,359,,
2787,成都理工大学工程技术学院,2023,新疆,本科二批,文科,,,383,,
2789,成都银杏酒店管理学院,2023,新疆,本科二批,文科,,,358,,
2790,成都文理学院,2023,新疆,本科二批,文科,,,390,,
2791,四川工商学院,2023,新疆,本科二批,文科,,,370,,
2796,西安交通大学城市学院,2023,新疆,本科二批,文科,,,377,,
2798,西安建筑科技大学华清学院,2023,新疆,本科二批,文科,,,382,,
2799,西安财经大学行知学院,2023,新疆,本科二批,文科,,,363,,
2800,陕西科技大学镐京学院,2023,新疆,本科二批,文科,,,356,,
2801,西安工商学院,2023,新疆,本科二批,文科,,,363,,
2802,延安大学西安创新学院,2023,新疆,本科二批,文科,,,363,,
2803,珠海科技学院,2023,新疆,本科二批,文科,,,367,,
2831,广州工商学院,2023,新疆,本科二批,文科,,,354,,
2836,广东科技学院,2023,新疆,本科二批,文科,,,355,,
2837,广东理工学院,2023,新疆,本科二批,文科,,,354,,
2840,新疆天山职业技术大学,2023,新疆,本科二批,文科,,,363,,
2851,西安汽车职业大学,2023,新疆,本科二批,文科,,,355,,
2857,黑河学院,2023,新疆,本科二批,文科,,,396,,
2875,福建江夏学院,2023,新疆,本科二批,文科,,,430,,
2918,湖南应用技术学院,2023,新疆,本科二批,文科,,,366,,
2920,琼台师范学院,2023,新疆,本科二批,文科,,,364,,
2976,保定理工学院,2023,新疆,本科二批,文科,,,356,,
2977,三亚学院,2023,新疆,本科二批,文科,,,354,,
2978,上海师范大学天华学院,2023,新疆,本科二批,文科,,,355,,
2979,西安明德理工学院,2023,新疆,本科二批,文科,,,358,,
2980,燕京理工学院,2023,新疆,本科二批,文科,,,370,,
2983,北京科技大学天津学院,2023,新疆,本科二批,文科,,,383,,
2984,北京中医药大学东方学院,2023,新疆,本科二批,文科,,,398,,
2986,北京邮电大学世纪学院,2023,新疆,本科二批,文科,,,380,,
2987,广州新华学院,2023,新疆,本科二批,文科,,,358,,
2991,南京师范大学中北学院,2023,新疆,本科二批,文科,,,402,,
3063,无锡学院,2023,新疆,本科二批,文科,,,448,,
3066,苏州科技大学天平学院,2023,新疆,本科二批,文科,,,360,,
3068,扬州大学广陵学院,2023,新疆,本科二批,文科,,,420,,
3070,南京邮电大学通达学院,2023,新疆,本科二批,文科,,,408,,
3072,江苏科技大学苏州理工学院,2023,新疆,本科二批,文科,,,374,,
3075,南京审计大学金审学院,2023,新疆,本科二批,文科,,,429,,
3076,青岛工学院,2023,新疆,本科二批,文科,,,357,,
3078,齐鲁理工学院,2023,新疆,本科二批,文科,,,356,,
3079,山东财经大学东方学院,2023,新疆,本科二批,文科,,,362,,
3081,聊城大学东昌学院,2023,新疆,本科二批,文科,,,379,,
3083,商丘学院,2023,新疆,本科二批,文科,,,380,,
3108,西安信息职业大学,2023,新疆,本科二批,文科,,,359,,
3114,西南财经大学天府学院,2023,新疆,本科二批,文科,,,377,,
3115,天津仁爱学院,2023,新疆,本科二批,文科,,,360,,
3116,四川大学锦江学院,2023,新疆,本科二批,文科,,,398,,
3117,郑州商学院,2023,新疆,本科二批,文科,,,371,,
3119,西安科技大学高新学院,2023,新疆,本科二批,文科,,,364,,
3120,四川文化艺术学院,2023,新疆,本科二批,文科,,,371,,
3121,绵阳城市学院,2023,新疆,本科二批,文科,,,367,,
3158,天津财经大学珠江学院,2023,新疆,本科二批,文科,,,371,,
3240,内蒙古大学创业学院,2023,新疆,本科二批,文科,,,375,,
3242,北京第二外国语学院中瑞酒店管理学院,2023,新疆,本科二批,文科,,,363,,
3243,沧州交通学院,2023,新疆,本科二批,文科,,,361,,
3259,贵州师范学院,2023,新疆,本科二批,文科,,,416,,
3260,河北东方学院,2023,新疆,本科二批,文科,,,361,,
3294,西南交通大学希望学院,2023,新疆,本科二批,文科,,,378,,
3305,浙江外国语学院,2023,新疆,本科二批,文科,,,449,,
3356,郑州升达经贸管理学院,2023,新疆,本科二批,文科,,,372,,
3407,陕西学前师范学院,2023,新疆,本科二批,文科,,,414,,
3445,山西传媒学院,2023,新疆,本科二批,文科,,,394,,
3524,内蒙古艺术学院,2023,新疆,本科二批,文科,,,373,,
3664,内蒙古科技大学包头师范学院,2023,新疆,本科二批,文科,,,408,,
3802,福建技术师范学院,2023,新疆,本科二批,文科,,,412,,
3877,河北石油职业技术大学,2023,新疆,本科二批,文科,,,410,,
3878,河北工业职业技术大学,2023,新疆,本科二批,文科,,,401,,
3879,兰州资源环境职业技术大学,2023,新疆,本科二批,文科,,,403,,
3880,兰州石化职业技术大学,2023,新疆,本科二批,文科,,,396,,
5130,喀什大学,2023,新疆,本科二批,文科,,,397,,
7029,太原科技大学,2023,新疆,本科二批,文科,,,446,,
7036,山西财经大学,2023,新疆,本科二批,文科,,,439,,
7128,淮南师范学院,2023,新疆,本科二批,文科,,,392,,
7136,武夷学院,2023,新疆,本科二批,文科,,,407,,
7171,河南师范大学,2023,新疆,本科二批,文科,,,440,,
7172,信阳师范大学,2023,新疆,本科二批,文科,,,418,,
7173,洛阳师范学院,2023,新疆,本科二批,文科,,,426,,
7208,西华大学,2023,新疆,本科二批,文科,,,406,,
7236,大连大学,2023,新疆,本科二批,文科,,,457,,
7241,龙岩学院,2023,新疆,本科二批,文科,,,406,,
7265,河南城建学院,2023,新疆,本科二批,文科,,,400,,
7309,苏州大学应用技术学院,2023,新疆,本科二批,文科,,,374,,
7313,常州大学怀德学院,2023,新疆,本科二批,文科,,,369,,
7317,湖北第二师范学院,2023,新疆,本科二批,文科,,,408,,
7401,河北地质大学,2023,新疆,本科二批,文科,,,435,,
7402,衡水学院,2023,新疆,本科二批,文科,,,391,,
7503,沈阳大学,2023,新疆,本科二批,文科,,,418,,
8015,中原工学院,2023,新疆,本科二批,文科,,,422,,
8033,榆林学院,2023,新疆,本科二批,文科,,,433,,
,云南农业大学,2023,新疆,本科二批,文科,,,375,,
1035,中国消防救援学院,2023,新疆,本科提前批,文科,,,475,,
1037,中国人民公安大学,2023,新疆,本科提前批,文科,,,461,,
1146,中国刑事警察学院,2023,新疆,本科提前批,文科,,,451,,
,中央音乐学院,2023,新疆,本科提前批艺术类A段,文科,,,214,,
1500,西南政法大学,2023,新疆,高校专项计划本科批,文科,,,516,,
1505,贵州大学,2023,新疆,高校专项计划本科批,文科,,,473,,
1138,沈阳医学院,2023,新疆,专科批,理科,,,284,,
1150,抚顺师范高等专科学校,2023,新疆,专科批,理科,,,174,,
1151,锦州师范高等专科学校,2023,新疆,专科批,理科,,,247,,
1152,营口职业技术学院,2023,新疆,专科批,理科,,,140,,
1153,铁岭师范高等专科学校,2023,新疆,专科批,理科,,,228,,
1179,东北石油大学,2023,新疆,专科批,理科,,,299,,
1193,齐齐哈尔高等师范专科学校,2023,新疆,专科批,理科,,,255,,
1215,上海旅游高等专科学校,2023,新疆,专科批,理科,,,269,,
1453,桂林理工大学,2023,新疆,专科批,理科,,,293,,
1600,河南职业技术学院,2023,新疆,专科批,理科,,,275,,
1601,齐鲁医药学院,2023,新疆,专科批,理科,,,277,,
1603,长沙民政职业技术学院,2023,新疆,专科批,理科,,,282,,
1606,湖南工业职业技术学院,2023,新疆,专科批,理科,,,261,,
1608,山东商业职业技术学院,2023,新疆,专科批,理科,,,278,,
1610,武汉职业技术大学,2023,新疆,专科批,理科,,,295,,
1618,大连职业技术学院,2023,新疆,专科批,理科,,,268,,
1620,辽源职业技术学院,2023,新疆,专科批,理科,,,242,,
1624,上海东海职业技术学院,2023,新疆,专科批,理科,,,169,,
1625,上海工商职业技术学院,2023,新疆,专科批,理科,,,214,,
1630,天津天狮学院,2023,新疆,专科批,理科,,,219,,
1631,广东交通职业技术学院,2023,新疆,专科批,理科,,,242,,
1632,广东水利电力职业技术学院,2023,新疆,专科批,理科,,,243,,
1635,湖南信息职业技术学院,2023,新疆,专科批,理科,,,286,,
1640,重庆航天职业技术学院,2023,新疆,专科批,理科,,,274,,
1641,内蒙古建筑职业技术大学,2023,新疆,专科批,理科,,,177,,
1647,江西医学高等专科学校,2023,新疆,专科批,理科,,,286,,
1658,长江职业学院,2023,新疆,专科批,理科,,,272,,
1665,陕西农林职业技术大学,2023,新疆,专科批,理科,,,280,,
1668,新疆工程学院,2023,新疆,专科批,理科,,,277,,
1670,昌吉学院,2023,新疆,专科批,理科,,,253,,
1671,天津市职业大学,2023,新疆,专科批,理科,,,279,,
1677,牡丹江大学,2023,新疆,专科批,理科,,,250,,
1681,连云港职业技术学院,2023,新疆,专科批,理科,,,258,,
1682,镇江市高等专科学校,2023,新疆,专科批,理科,,,253,,
1696,开封大学,2023,新疆,专科批,理科,,,291,,
1700,荆州理工职业学院,2023,新疆,专科批,理科,,,246,,
1712,深圳职业技术大学,2023,新疆,专科批,理科,,,310,,
1713,广东南华工商职业学院,2023,新疆,专科批,理科,,,246,,
1716,私立华联学院,2023,新疆,专科批,理科,,,156,,
1724,辽宁农业职业技术学院,2023,新疆,专科批,理科,,,227,,
1725,辽阳职业技术学院,2023,新疆,专科批,理科,,,232,,
1726,阜新高等专科学校,2023,新疆,专科批,理科,,,242,,
1738,漳州职业技术学院,2023,新疆,专科批,理科,,,258,,
1740,黎明职业大学,2023,新疆,专科批,理科,,,245,,
1748,湖北工业职业技术学院,2023,新疆,专科批,理科,,,267,,
1774,张家口职业技术学院,2023,新疆,专科批,理科,,,246,,
1782,长春金融高等专科学校,2023,新疆,专科批,理科,,,231,,
1799,辽宁省交通高等专科学校,2023,新疆,专科批,理科,,,229,,
1800,福州职业技术学院,2023,新疆,专科批,理科,,,237,,
1802,九江职业大学,2023,新疆,专科批,理科,,,266,,
1822,成都纺织高等专科学校,2023,新疆,专科批,理科,,,268,,
1824,昆明冶金高等专科学校,2023,新疆,专科批,理科,,,259,,
1829,乌鲁木齐职业大学,2023,新疆,专科批,理科,,,256,,
1852,黔南民族医学高等专科学校,2023,新疆,专科批,理科,,,270,,
1858,上海出版印刷高等专科学校,2023,新疆,专科批,理科,,,260,,
1874,汉口学院,2023,新疆,专科批,理科,,,207,,
1884,长春医学高等专科学校,2023,新疆,专科批,理科,,,283,,
1887,西安电力高等专科学校,2023,新疆,专科批,理科,,,294,,
1888,山东电力高等专科学校,2023,新疆,专科批,理科,,,297,,
1889,郑州电力高等专科学校,2023,新疆,专科批,理科,,,284,,
1905,天津医学高等专科学校,2023,新疆,专科批,理科,,,267,,
1906,重庆电力高等专科学校,2023,新疆,专科批,理科,,,279,,
1912,鹤岗师范高等专科学校,2023,新疆,专科批,理科,,,194,,
1913,安徽第二医学院,2023,新疆,专科批,理科,,,282,,
1916,湖北中医药高等专科学校,2023,新疆,专科批,理科,,,283,,
1918,安徽中医药高等专科学校,2023,新疆,专科批,理科,,,283,,
1921,海南职业技术学院,2023,新疆,专科批,理科,,,240,,
1925,广州民航职业技术学院,2023,新疆,专科批,理科,,,276,,
1927,广州职业技术大学,2023,新疆,专科批,理科,,,227,,
1928,江苏经贸职业技术学院,2023,新疆,专科批,理科,,,274,,
1932,湖北职业技术学院,2023,新疆,专科批,理科,,,298,,
1934,黑龙江建筑职业技术学院,2023,新疆,专科批,理科,,,215,,
1935,九州职业技术学院,2023,新疆,专科批,理科,,,174,,
1938,包头职业技术学院,2023,新疆,专科批,理科,,,193,,
1939,黄河水利职业技术大学,2023,新疆,专科批,理科,,,295,,
1943,日照职业技术学院,2023,新疆,专科批,理科,,,270,,
1944,盘锦职业技术学院,2023,新疆,专科批,理科,,,184,,
1945,成都航空职业技术大学,2023,新疆,专科批,理科,,,285,,
1952,硅湖职业技术学院,2023,新疆,专科批,理科,,,172,,
1954,天津中德应用技术大学,2023,新疆,专科批,理科,,,259,,
1959,重庆工业职业技术大学,2023,新疆,专科批,理科,,,285,,
1963,安徽警官职业学院,2023,新疆,专科批,理科,,,254,,
1968,永州职业技术学院,2023,新疆,专科批,理科,,,283,,
1971,湖南科技职业学院,2023,新疆,专科批,理科,,,275,,
1973,海口经济学院,2023,新疆,专科批,理科,,,163,,
1974,武昌首义学院,2023,新疆,专科批,理科,,,222,,
1975,武昌理工学院,2023,新疆,专科批,理科,,,243,,
1976,常州信息职业技术学院,2023,新疆,专科批,理科,,,274,,
1977,广东农工商职业技术学院,2023,新疆,专科批,理科,,,194,,
1983,山东劳动职业技术学院,2023,新疆,专科批,理科,,,213,,
1984,莱芜职业技术学院,2023,新疆,专科批,理科,,,232,,
1986,烟台南山学院,2023,新疆,专科批,理科,,,205,,
1998,武汉生物工程学院,2023,新疆,专科批,理科,,,250,,
2005,河北建材职业技术学院,2023,新疆,专科批,理科,,,210,,
2017,石家庄铁路职业技术学院,2023,新疆,专科批,理科,,,260,,
2019,东营职业学院,2023,新疆,专科批,理科,,,206,,
2021,兴安职业技术大学,2023,新疆,专科批,理科,,,209,,
2026,克拉玛依职业技术学院,2023,新疆,专科批,理科,,,227,,
2027,天津滨海职业学院,2023,新疆,专科批,理科,,,240,,
2030,上海行健职业学院,2023,新疆,专科批,理科,,,258,,
2031,上海城建职业学院,2023,新疆,专科批,理科,,,263,,
2035,陕西能源职业技术学院,2023,新疆,专科批,理科,,,273,,
2038,新疆轻工职业技术学院,2023,新疆,专科批,理科,,,196,,
2046,云南经济管理学院,2023,新疆,专科批,理科,,,229,,
2054,新疆能源职业技术学院,2023,新疆,专科批,理科,,,140,,
2055,广东科学技术职业学院,2023,新疆,专科批,理科,,,271,,
2056,广东食品药品职业学院,2023,新疆,专科批,理科,,,216,,
2058,广州康大职业技术学院,2023,新疆,专科批,理科,,,200,,
2064,上海震旦职业学院,2023,新疆,专科批,理科,,,216,,
2072,辽宁职业学院,2023,新疆,专科批,理科,,,206,,
2073,辽宁生态工程职业学院,2023,新疆,专科批,理科,,,213,,
2074,沈阳职业技术学院,2023,新疆,专科批,理科,,,222,,
2075,辽宁理工职业大学,2023,新疆,专科批,理科,,,183,,
2097,福建林业职业技术学院,2023,新疆,专科批,理科,,,199,,
2098,福建信息职业技术学院,2023,新疆,专科批,理科,,,255,,
2099,福建水利电力职业技术学院,2023,新疆,专科批,理科,,,216,,
2104,福建卫生职业技术学院,2023,新疆,专科批,理科,,,256,,
2106,成都职业技术学院,2023,新疆,专科批,理科,,,283,,
2108,四川化工职业技术学院,2023,新疆,专科批,理科,,,261,,
2109,四川水利职业技术学院,2023,新疆,专科批,理科,,,255,,
2110,南充职业技术学院,2023,新疆,专科批,理科,,,254,,
2112,四川航天职业技术学院,2023,新疆,专科批,理科,,,240,,
2131,包头轻工职业技术学院,2023,新疆,专科批,理科,,,140,,
2132,内蒙古电子信息职业技术学院,2023,新疆,专科批,理科,,,142,,
2133,内蒙古机电职业技术学院,2023,新疆,专科批,理科,,,182,,
2134,内蒙古化工职业学院,2023,新疆,专科批,理科,,,170,,
2135,内蒙古商贸职业学院,2023,新疆,专科批,理科,,,180,,
2138,江苏海事职业技术学院,2023,新疆,专科批,理科,,,256,,
2140,无锡科技职业学院,2023,新疆,专科批,理科,,,272,,
2141,江苏医药职业学院,2023,新疆,专科批,理科,,,272,,
2145,苏州工业职业技术学院,2023,新疆,专科批,理科,,,254,,
2156,西安欧亚学院,2023,新疆,专科批,理科,,,218,,
2157,西安外事学院,2023,新疆,专科批,理科,,,233,,
2158,西安翻译学院,2023,新疆,专科批,理科,,,260,,
2161,三亚城市职业学院,2023,新疆,专科批,理科,,,194,,
2162,大庆职业学院,2023,新疆,专科批,理科,,,211,,
2163,天津渤海职业技术学院,2023,新疆,专科批,理科,,,241,,
2164,天津电子信息职业技术学院,2023,新疆,专科批,理科,,,268,,
2165,天津机电职业技术学院,2023,新疆,专科批,理科,,,245,,
2166,天津现代职业技术学院,2023,新疆,专科批,理科,,,257,,
2167,天津警察学院,2023,新疆,专科批,理科,,,240,,
2169,黑龙江农业职业技术学院,2023,新疆,专科批,理科,,,195,,
2170,黑龙江农业工程职业学院,2023,新疆,专科批,理科,,,147,,
2175,天津轻工职业技术学院,2023,新疆,专科批,理科,,,254,,
2177,新疆警察学院,2023,新疆,专科批,理科,,,230,,
2183,仙桃职业学院,2023,新疆,专科批,理科,,,271,,
2184,广东建设职业技术学院,2023,新疆,专科批,理科,,,242,,
2185,广东女子职业技术学院,2023,新疆,专科批,理科,,,181,,
2186,广东机电职业技术学院,2023,新疆,专科批,理科,,,232,,
2190,郑州工业应用技术学院,2023,新疆,专科批,理科,,,176,,
2192,广东岭南职业技术学院,2023,新疆,专科批,理科,,,176,,
2195,湖北交通职业技术学院,2023,新疆,专科批,理科,,,252,,
2196,绵阳职业技术学院,2023,新疆,专科批,理科,,,246,,
2197,重庆海联职业技术学院,2023,新疆,专科批,理科,,,197,,
2198,重庆信息技术职业学院,2023,新疆,专科批,理科,,,163,,
2199,重庆传媒职业学院,2023,新疆,专科批,理科,,,140,,
2202,重庆工程职业技术学院,2023,新疆,专科批,理科,,,267,,
2203,四川交通职业技术学院,2023,新疆,专科批,理科,,,272,,
2204,四川工商职业技术学院,2023,新疆,专科批,理科,,,252,,
2206,四川建筑职业技术学院,2023,新疆,专科批,理科,,,269,,
2210,济源职业技术学院,2023,新疆,专科批,理科,,,245,,
2211,罗定职业技术学院,2023,新疆,专科批,理科,,,225,,
2214,秦皇岛职业技术学院,2023,新疆,专科批,理科,,,264,,
2229,天津商务职业学院,2023,新疆,专科批,理科,,,227,,
2230,浙江工商职业技术学院,2023,新疆,专科批,理科,,,274,,
2231,台州职业技术学院,2023,新疆,专科批,理科,,,244,,
2232,浙江工贸职业技术学院,2023,新疆,专科批,理科,,,280,,
2239,上海济光职业技术学院,2023,新疆,专科批,理科,,,180,,
2240,上海建桥学院,2023,新疆,专科批,理科,,,235,,
2242,上海科学技术职业学院,2023,新疆,专科批,理科,,,249,,
2244,天津国土资源和房屋职业学院,2023,新疆,专科批,理科,,,195,,
2246,江苏电子信息职业学院,2023,新疆,专科批,理科,,,271,,
2247,江苏农牧科技职业学院,2023,新疆,专科批,理科,,,286,,
2260,山东科技职业学院,2023,新疆,专科批,理科,,,175,,
2261,重庆建筑科技职业学院,2023,新疆,专科批,理科,,,144,,
2269,西安航空职业技术学院,2023,新疆,专科批,理科,,,276,,
2270,陕西财经职业技术学院,2023,新疆,专科批,理科,,,267,,
2271,陕西交通职业技术学院,2023,新疆,专科批,理科,,,269,,
2273,兰州外语职业学院,2023,新疆,专科批,理科,,,141,,
2277,甘肃工业职业技术大学,2023,新疆,专科批,理科,,,217,,
2279,昌吉职业技术学院,2023,新疆,专科批,理科,,,239,,
2288,张家界航空工业职业技术学院,2023,新疆,专科批,理科,,,281,,
2293,浙江建设职业技术学院,2023,新疆,专科批,理科,,,265,,
2295,浙江经贸职业技术学院,2023,新疆,专科批,理科,,,273,,
2296,浙江商业职业技术学院,2023,新疆,专科批,理科,,,259,,
2298,浙江旅游职业学院,2023,新疆,专科批,理科,,,228,,
2301,浙江金融职业学院,2023,新疆,专科批,理科,,,287,,
2303,杭州职业技术大学,2023,新疆,专科批,理科,,,287,,
2311,天津交通职业学院,2023,新疆,专科批,理科,,,246,,
2313,河北旅游职业学院,2023,新疆,专科批,理科,,,196,,
2321,辽宁金融职业学院,2023,新疆,专科批,理科,,,211,,
2322,辽宁轨道交通职业学院,2023,新疆,专科批,理科,,,205,,
2323,辽宁广告职业学院,2023,新疆,专科批,理科,,,166,,
2324,辽宁机电职业技术学院,2023,新疆,专科批,理科,,,211,,
2325,辽宁经济职业技术学院,2023,新疆,专科批,理科,,,173,,
2326,辽宁石化职业技术学院,2023,新疆,专科批,理科,,,182,,
2327,吉林司法警官职业学院,2023,新疆,专科批,理科,,,252,,
2328,吉林电子信息职业技术学院,2023,新疆,专科批,理科,,,239,,
2329,吉林工业职业技术学院,2023,新疆,专科批,理科,,,252,,
2332,哈尔滨铁道职业技术学院,2023,新疆,专科批,理科,,,259,,
2334,黑龙江农业经济职业学院,2023,新疆,专科批,理科,,,178,,
2336,上海农林职业技术学院,2023,新疆,专科批,理科,,,245,,
2337,上海邦德职业技术学院,2023,新疆,专科批,理科,,,204,,
2339,上海中侨职业技术大学,2023,新疆,专科批,理科,,,195,,
2341,炎黄职业技术学院,2023,新疆,专科批,理科,,,174,,
2342,南京科技职业学院,2023,新疆,专科批,理科,,,266,,
2344,钟山职业技术学院,2023,新疆,专科批,理科,,,195,,
2352,江西电力职业技术学院,2023,新疆,专科批,理科,,,279,,
2356,江西应用科技学院,2023,新疆,专科批,理科,,,227,,
2357,江西信息应用职业技术学院,2023,新疆,专科批,理科,,,212,,
2359,江西财经职业学院,2023,新疆,专科批,理科,,,260,,
2364,山东水利职业学院,2023,新疆,专科批,理科,,,260,,
2365,山东畜牧兽医职业学院,2023,新疆,专科批,理科,,,268,,
2366,郑州健康学院,2023,新疆,专科批,理科,,,268,,
2369,汕头职业技术学院,2023,新疆,专科批,理科,,,172,,
2370,揭阳职业技术学院,2023,新疆,专科批,理科,,,141,,
2372,清远职业技术学院,2023,新疆,专科批,理科,,,230,,
2373,广东工贸职业技术学院,2023,新疆,专科批,理科,,,202,,
2374,广东司法警官职业学院,2023,新疆,专科批,理科,,,244,,
2375,广东亚视演艺职业学院,2023,新疆,专科批,理科,,,174,,
2376,广东省外语艺术职业学院,2023,新疆,专科批,理科,,,231,,
2377,四川托普信息技术职业学院,2023,新疆,专科批,理科,,,199,,
2378,四川国际标榜职业学院,2023,新疆,专科批,理科,,,216,,
2379,成都农业科技职业学院,2023,新疆,专科批,理科,,,219,,
2381,泸州职业技术学院,2023,新疆,专科批,理科,,,177,,
2384,四川职业技术学院,2023,新疆,专科批,理科,,,255,,
2389,伊犁职业技术学院,2023,新疆,专科批,理科,,,188,,
2391,武汉铁路职业技术学院,2023,新疆,专科批,理科,,,291,,
2393,湖北三峡职业技术学院,2023,新疆,专科批,理科,,,183,,
2394,随州职业技术学院,2023,新疆,专科批,理科,,,261,,
2396,湖北水利水电职业技术学院,2023,新疆,专科批,理科,,,266,,
2397,湖北城市建设职业技术学院,2023,新疆,专科批,理科,,,254,,
2398,武汉警官职业学院,2023,新疆,专科批,理科,,,275,,
2402,武汉外语外事职业学院,2023,新疆,专科批,理科,,,201,,
2404,武昌职业学院,2023,新疆,专科批,理科,,,165,,
2405,武汉商贸职业学院,2023,新疆,专科批,理科,,,201,,
2409,浙江东方职业技术学院,2023,新疆,专科批,理科,,,241,,
2417,青岛酒店管理职业技术学院,2023,新疆,专科批,理科,,,225,,
2420,青岛恒星科技学院,2023,新疆,专科批,理科,,,157,,
2428,嘉兴南洋职业技术学院,2023,新疆,专科批,理科,,,197,,
2435,怀化职业技术学院,2023,新疆,专科批,理科,,,219,,
2442,湖南城建职业技术学院,2023,新疆,专科批,理科,,,258,,
2445,雅安职业技术学院,2023,新疆,专科批,理科,,,264,,
2461,河北对外经贸职业学院,2023,新疆,专科批,理科,,,238,,
2466,宁夏警官职业学院,2023,新疆,专科批,理科,,,255,,
2467,阿克苏职业技术学院,2023,新疆,专科批,理科,,,186,,
2468,巴音郭楞职业技术学院,2023,新疆,专科批,理科,,,140,,
2469,金肯职业技术学院,2023,新疆,专科批,理科,,,172,,
2472,江苏农林职业技术学院,2023,新疆,专科批,理科,,,281,,
2475,南京铁道职业技术学院,2023,新疆,专科批,理科,,,295,,
2476,徐州工业职业技术学院,2023,新疆,专科批,理科,,,257,,
2480,江海职业技术学院,2023,新疆,专科批,理科,,,183,,
2483,西安思源学院,2023,新疆,专科批,理科,,,226,,
2484,西安高新科技职业学院,2023,新疆,专科批,理科,,,156,,
2485,陕西国际商贸学院,2023,新疆,专科批,理科,,,207,,
2486,西安城市建设职业学院,2023,新疆,专科批,理科,,,149,,
2487,陕西服装工程学院,2023,新疆,专科批,理科,,,193,,
2499,沈阳工学院,2023,新疆,专科批,理科,,,187,,
2501,大连科技学院,2023,新疆,专科批,理科,,,176,,
2502,沈阳城市建设学院,2023,新疆,专科批,理科,,,180,,
2507,辽宁理工学院,2023,新疆,专科批,理科,,,167,,
2508,大连财经学院,2023,新疆,专科批,理科,,,255,,
2516,武汉纺织大学外经贸学院,2023,新疆,专科批,理科,,,230,,
2517,武昌工学院,2023,新疆,专科批,理科,,,168,,
2518,武汉工商学院,2023,新疆,专科批,理科,,,222,,
2521,湖北商贸学院,2023,新疆,专科批,理科,,,204,,
2532,武汉交通职业学院,2023,新疆,专科批,理科,,,262,,
2533,咸宁职业技术学院,2023,新疆,专科批,理科,,,236,,
2566,青岛黄海学院,2023,新疆,专科批,理科,,,151,,
2567,青岛求实职业技术学院,2023,新疆,专科批,理科,,,231,,
2570,山东协和学院,2023,新疆,专科批,理科,,,242,,
2589,山东工程职业技术大学,2023,新疆,专科批,理科,,,189,,
2594,山东外国语职业技术大学,2023,新疆,专科批,理科,,,213,,
2596,德州职业技术学院,2023,新疆,专科批,理科,,,236,,
2604,石家庄邮电职业技术学院,2023,新疆,专科批,理科,,,273,,
2690,新疆建设职业技术学院,2023,新疆,专科批,理科,,,140,,
2693,陕西铁路工程职业技术学院,2023,新疆,专科批,理科,,,273,,
2694,宝鸡职业技术学院,2023,新疆,专科批,理科,,,274,,
2695,陕西航空职业技术学院,2023,新疆,专科批,理科,,,267,,
2696,西安交通工程学院,2023,新疆,专科批,理科,,,160,,
2699,海南软件职业技术学院,2023,新疆,专科批,理科,,,239,,
2700,海南政法职业学院,2023,新疆,专科批,理科,,,260,,
2719,长春光华学院,2023,新疆,专科批,理科,,,140,,
2743,泰山科技学院,2023,新疆,专科批,理科,,,156,,
2747,新疆政法学院,2023,新疆,专科批,理科,,,254,,
2750,大连东软信息学院,2023,新疆,专科批,理科,,,244,,
2756,温州商学院,2023,新疆,专科批,理科,,,254,,
2783,武汉工程科技学院,2023,新疆,专科批,理科,,,205,,
2787,成都理工大学工程技术学院,2023,新疆,专科批,理科,,,271,,
2789,成都银杏酒店管理学院,2023,新疆,专科批,理科,,,148,,
2790,成都文理学院,2023,新疆,专科批,理科,,,266,,
2808,河北司法警官职业学院,2023,新疆,专科批,理科,,,247,,
2817,乌兰察布职业学院,2023,新疆,专科批,理科,,,144,,
2818,天津工业职业学院,2023,新疆,专科批,理科,,,230,,
2819,天津石油职业技术学院,2023,新疆,专科批,理科,,,218,,
2820,天津城市职业学院,2023,新疆,专科批,理科,,,224,,
2821,北京科技职业学院,2023,新疆,专科批,理科,,,221,,
2827,中山火炬职业技术学院,2023,新疆,专科批,理科,,,183,,
2828,江门职业技术学院,2023,新疆,专科批,理科,,,213,,
2829,茂名职业技术学院,2023,新疆,专科批,理科,,,191,,
2830,珠海城市职业技术学院,2023,新疆,专科批,理科,,,223,,
2833,广州南洋理工职业学院,2023,新疆,专科批,理科,,,172,,
2834,广州科技职业技术大学,2023,新疆,专科批,理科,,,158,,
2835,惠州经济职业技术学院,2023,新疆,专科批,理科,,,140,,
2838,广东工商职业技术大学,2023,新疆,专科批,理科,,,148,,
2839,新疆现代职业技术学院,2023,新疆,专科批,理科,,,140,,
2840,新疆天山职业技术大学,2023,新疆,专科批,理科,,,141,,
2842,黑龙江旅游职业技术学院,2023,新疆,专科批,理科,,,192,,
2845,黑龙江能源职业学院,2023,新疆,专科批,理科,,,163,,
2848,重庆水利电力职业技术学院,2023,新疆,专科批,理科,,,263,,
2849,陕西邮电职业技术学院,2023,新疆,专科批,理科,,,256,,
2850,西安海棠职业学院,2023,新疆,专科批,理科,,,229,,
2851,西安汽车职业大学,2023,新疆,专科批,理科,,,145,,
2853,通辽职业学院,2023,新疆,专科批,理科,,,221,,
2856,白城医学高等专科学校,2023,新疆,专科批,理科,,,283,,
2861,无锡城市职业技术学院,2023,新疆,专科批,理科,,,262,,
2862,无锡工艺职业技术学院,2023,新疆,专科批,理科,,,258,,
2882,泉州经贸职业技术学院,2023,新疆,专科批,理科,,,205,,
2884,湄洲湾职业技术学院,2023,新疆,专科批,理科,,,207,,
2890,山东中医药高等专科学校,2023,新疆,专科批,理科,,,271,,
2894,商丘医学高等专科学校,2023,新疆,专科批,理科,,,308,,
2905,江汉艺术职业学院,2023,新疆,专科批,理科,,,211,,
2906,武汉民政职业学院,2023,新疆,专科批,理科,,,232,,
2907,湖北黄冈应急管理职业技术学院,2023,新疆,专科批,理科,,,223,,
2909,黄冈科技职业学院,2023,新疆,专科批,理科,,,187,,
2910,湖北国土资源职业学院,2023,新疆,专科批,理科,,,229,,
2911,湖北生态工程职业技术学院,2023,新疆,专科批,理科,,,263,,
2928,陕西警察学院,2023,新疆,专科批,理科,,,263,,
2932,内蒙古交通职业技术学院,2023,新疆,专科批,理科,,,167,,
2937,广西电力职业技术学院,2023,新疆,专科批,理科,,,267,,
2949,安徽工业职业技术学院,2023,新疆,专科批,理科,,,221,,
2953,山东电子职业技术学院,2023,新疆,专科批,理科,,,232,,
2956,山东铝业职业学院,2023,新疆,专科批,理科,,,213,,
2960,天津铁道职业技术学院,2023,新疆,专科批,理科,,,260,,
2961,包头钢铁职业技术学院,2023,新疆,专科批,理科,,,195,,
2969,赣西科技职业学院,2023,新疆,专科批,理科,,,224,,
2970,山东外事职业大学,2023,新疆,专科批,理科,,,144,,
2971,海南经贸职业技术学院,2023,新疆,专科批,理科,,,241,,
2979,西安明德理工学院,2023,新疆,专科批,理科,,,212,,
2980,燕京理工学院,2023,新疆,专科批,理科,,,188,,
2984,北京中医药大学东方学院,2023,新疆,专科批,理科,,,260,,
2996,广州现代信息工程职业技术学院,2023,新疆,专科批,理科,,,182,,
2999,乌海职业技术学院,2023,新疆,专科批,理科,,,219,,
3003,广东理工职业学院,2023,新疆,专科批,理科,,,239,,
3010,新疆交通职业技术大学,2023,新疆,专科批,理科,,,200,,
3011,广州华南商贸职业学院,2023,新疆,专科批,理科,,,226,,
3013,广州城市职业学院,2023,新疆,专科批,理科,,,254,,
3014,广东工程职业技术学院,2023,新疆,专科批,理科,,,209,,
3015,三亚航空旅游职业学院,2023,新疆,专科批,理科,,,182,,
3027,广州铁路职业技术学院,2023,新疆,专科批,理科,,,261,,
3028,西安铁路职业技术学院,2023,新疆,专科批,理科,,,284,,
3030,西安职业技术学院,2023,新疆,专科批,理科,,,254,,
3031,商洛职业技术学院,2023,新疆,专科批,理科,,,249,,
3032,汉中职业技术学院,2023,新疆,专科批,理科,,,256,,
3034,渭南职业技术学院,2023,新疆,专科批,理科,,,256,,
3035,安康职业技术学院,2023,新疆,专科批,理科,,,265,,
3036,铜川职业技术学院,2023,新疆,专科批,理科,,,237,,
3038,甘肃畜牧工程职业技术学院,2023,新疆,专科批,理科,,,186,,
3039,新疆石河子职业技术学院,2023,新疆,专科批,理科,,,216,,
3044,大连枫叶职业技术学院,2023,新疆,专科批,理科,,,142,,
3045,苏州百年职业学院,2023,新疆,专科批,理科,,,195,,
3052,福建生物工程职业技术学院,2023,新疆,专科批,理科,,,261,,
3057,三明医学科技职业学院,2023,新疆,专科批,理科,,,240,,
3058,宁德职业技术学院,2023,新疆,专科批,理科,,,228,,
3078,齐鲁理工学院,2023,新疆,专科批,理科,,,180,,
3088,重庆三峡医药高等专科学校,2023,新疆,专科批,理科,,,285,,
3090,四川中医药高等专科学校,2023,新疆,专科批,理科,,,286,,
3097,大庆医学高等专科学校,2023,新疆,专科批,理科,,,270,,
3098,石家庄医学高等专科学校,2023,新疆,专科批,理科,,,253,,
3100,天津城市建设管理职业技术学院,2023,新疆,专科批,理科,,,216,,
3101,天津生物工程职业技术学院,2023,新疆,专科批,理科,,,238,,
3102,天津海运职业学院,2023,新疆,专科批,理科,,,179,,
3104,湖南安全技术职业学院,2023,新疆,专科批,理科,,,250,,
3106,陕西青年职业学院,2023,新疆,专科批,理科,,,238,,
3107,陕西工商职业学院,2023,新疆,专科批,理科,,,199,,
3108,西安信息职业大学,2023,新疆,专科批,理科,,,173,,
3109,陕西旅游烹饪职业学院,2023,新疆,专科批,理科,,,149,,
3114,西南财经大学天府学院,2023,新疆,专科批,理科,,,224,,
3128,吉林铁道职业技术大学,2023,新疆,专科批,理科,,,234,,
3129,黑龙江交通职业技术学院,2023,新疆,专科批,理科,,,208,,
3130,哈尔滨应用职业技术学院,2023,新疆,专科批,理科,,,153,,
3137,广东科贸职业学院,2023,新疆,专科批,理科,,,236,,
3139,中山职业技术学院,2023,新疆,专科批,理科,,,185,,
3143,四川科技职业学院,2023,新疆,专科批,理科,,,181,,
3148,辽宁装备制造职业技术学院,2023,新疆,专科批,理科,,,203,,
3153,烟台汽车工程职业学院,2023,新疆,专科批,理科,,,153,,
3175,辽宁地质工程职业学院,2023,新疆,专科批,理科,,,183,,
3176,白城职业技术学院,2023,新疆,专科批,理科,,,237,,
3177,哈尔滨科学技术职业学院,2023,新疆,专科批,理科,,,217,,
3178,漳州城市职业学院,2023,新疆,专科批,理科,,,237,,
3185,菏泽家政职业学院,2023,新疆,专科批,理科,,,165,,
3186,湖北科技职业学院,2023,新疆,专科批,理科,,,242,,
3190,广州珠江职业技术学院,2023,新疆,专科批,理科,,,170,,
3191,广州松田职业学院,2023,新疆,专科批,理科,,,162,,
3192,广东文理职业学院,2023,新疆,专科批,理科,,,279,,
3203,新疆职业大学,2023,新疆,专科批,理科,,,198,,
3206,石家庄人民医学高等专科学校,2023,新疆,专科批,理科,,,264,,
3216,海南科技职业大学,2023,新疆,专科批,理科,,,171,,
3217,重庆科创职业学院,2023,新疆,专科批,理科,,,142,,
3219,四川现代职业学院,2023,新疆,专科批,理科,,,221,,
3221,佳木斯职业学院,2023,新疆,专科批,理科,,,223,,
3226,重庆建筑工程职业学院,2023,新疆,专科批,理科,,,268,,
3229,包头铁道职业技术学院,2023,新疆,专科批,理科,,,193,,
3230,辽宁铁道职业技术学院,2023,新疆,专科批,理科,,,243,,
3231,辽宁建筑职业学院,2023,新疆,专科批,理科,,,187,,
3232,长白山职业技术学院,2023,新疆,专科批,理科,,,214,,
3236,临沂职业学院,2023,新疆,专科批,理科,,,207,,
3238,湖北工程职业学院,2023,新疆,专科批,理科,,,253,,
3249,大连航运职业技术学院,2023,新疆,专科批,理科,,,194,,
3255,乌兰察布医学高等专科学校,2023,新疆,专科批,理科,,,246,,
3260,河北东方学院,2023,新疆,专科批,理科,,,230,,
3270,三亚理工职业学院,2023,新疆,专科批,理科,,,160,,
3271,重庆电讯职业学院,2023,新疆,专科批,理科,,,154,,
3272,重庆能源职业学院,2023,新疆,专科批,理科,,,141,,
3274,辽宁现代服务职业技术学院,2023,新疆,专科批,理科,,,192,,
3279,重庆商务职业学院,2023,新疆,专科批,理科,,,277,,
3281,鄂尔多斯职业学院,2023,新疆,专科批,理科,,,143,,
3293,山东文化产业职业学院,2023,新疆,专科批,理科,,,190,,
3295,东莞职业技术学院,2023,新疆,专科批,理科,,,237,,
3296,广东南方职业学院,2023,新疆,专科批,理科,,,190,,
3297,广州华商职业学院,2023,新疆,专科批,理科,,,143,,
3313,呼伦贝尔职业技术学院,2023,新疆,专科批,理科,,,238,,
3315,辽宁冶金职业技术学院,2023,新疆,专科批,理科,,,182,,
3316,辽宁工程职业学院,2023,新疆,专科批,理科,,,205,,
3317,辽宁城市建设职业技术学院,2023,新疆,专科批,理科,,,175,,
3318,辽宁医药职业学院,2023,新疆,专科批,理科,,,258,,
3319,铁岭卫生职业学院,2023,新疆,专科批,理科,,,241,,
3321,宿迁泽达职业技术学院,2023,新疆,专科批,理科,,,162,,
3322,苏州工业园区服务外包职业学院,2023,新疆,专科批,理科,,,239,,
3337,广东环境保护工程职业学院,2023,新疆,专科批,理科,,,179,,
3354,泉州幼儿师范高等专科学校,2023,新疆,专科批,理科,,,237,,
3360,赤峰工业职业技术学院,2023,新疆,专科批,理科,,,192,,
3361,阿拉善职业技术学院,2023,新疆,专科批,理科,,,151,,
3367,山东海事职业学院,2023,新疆,专科批,理科,,,166,,
3377,襄阳汽车职业技术学院,2023,新疆,专科批,理科,,,197,,
3384,重庆安全技术职业学院,2023,新疆,专科批,理科,,,253,,
3386,重庆艺术工程职业学院,2023,新疆,专科批,理科,,,183,,
3387,重庆轻工职业学院,2023,新疆,专科批,理科,,,144,,
3388,重庆电信职业学院,2023,新疆,专科批,理科,,,144,,
3389,重庆经贸职业学院,2023,新疆,专科批,理科,,,143,,
3393,甘肃有色冶金职业技术学院,2023,新疆,专科批,理科,,,169,,
3394,白银矿冶职业技术学院,2023,新疆,专科批,理科,,,170,,
3402,沈阳北软信息职业技术学院,2023,新疆,专科批,理科,,,159,,
3411,上海民航职业技术学院,2023,新疆,专科批,理科,,,280,,
3413,河北轨道运输职业技术学院,2023,新疆,专科批,理科,,,240,,
3423,惠州卫生职业技术学院,2023,新疆,专科批,理科,,,180,,
3424,四川卫生康复职业学院,2023,新疆,专科批,理科,,,238,,
3426,四川汽车职业技术学院,2023,新疆,专科批,理科,,,210,,
3430,新疆体育职业技术学院,2023,新疆,专科批,理科,,,162,,
3431,新疆应用职业技术学院,2023,新疆,专科批,理科,,,141,,
3435,新疆师范高等专科学校,2023,新疆,专科批,理科,,,206,,
3440,广东信息工程职业学院,2023,新疆,专科批,理科,,,147,,
3457,辽宁民族师范高等专科学校,2023,新疆,专科批,理科,,,241,,
3463,铜仁幼儿师范高等专科学校,2023,新疆,专科批,理科,,,229,,
3466,辽宁轻工职业学院,2023,新疆,专科批,理科,,,208,,
3481,陕西艺术职业学院,2023,新疆,专科批,理科,,,202,,
3482,新疆铁道职业技术学院,2023,新疆,专科批,理科,,,203,,
3484,重庆科技职业学院,2023,新疆,专科批,理科,,,147,,
3485,浙江安防职业技术学院,2023,新疆,专科批,理科,,,238,,
3502,广东生态工程职业学院,2023,新疆,专科批,理科,,,223,,
3510,甘肃卫生职业学院,2023,新疆,专科批,理科,,,295,,
3511,兰州科技职业学院,2023,新疆,专科批,理科,,,198,,
3514,青海柴达木职业技术学院,2023,新疆,专科批,理科,,,186,,
3516,新疆生产建设兵团兴新职业技术学院,2023,新疆,专科批,理科,,,193,,
3517,哈密职业技术学院,2023,新疆,专科批,理科,,,180,,
3518,新疆科技职业技术学院,2023,新疆,专科批,理科,,,154,,
3534,江苏护理职业学院,2023,新疆,专科批,理科,,,272,,
3535,江苏财会职业学院,2023,新疆,专科批,理科,,,254,,
3544,庆阳职业技术学院,2023,新疆,专科批,理科,,,189,,
3545,临夏现代职业学院,2023,新疆,专科批,理科,,,214,,
3548,长江艺术工程职业学院,2023,新疆,专科批,理科,,,145,,
3549,广东茂名健康职业学院,2023,新疆,专科批,理科,,,241,,
3550,重庆资源与环境保护职业学院,2023,新疆,专科批,理科,,,146,,
3555,江苏航空职业技术学院,2023,新疆,专科批,理科,,,274,,
3569,昭通卫生职业学院,2023,新疆,专科批,理科,,,242,,
3572,吐鲁番职业技术学院,2023,新疆,专科批,理科,,,141,,
3574,广东茂名幼儿师范专科学校,2023,新疆,专科批,理科,,,275,,
3576,江苏安全技术职业学院,2023,新疆,专科批,理科,,,250,,
3579,广州卫生职业技术学院,2023,新疆,专科批,理科,,,263,,
3587,天津滨海汽车工程职业学院,2023,新疆,专科批,理科,,,141,,
3588,曹妃甸职业技术学院,2023,新疆,专科批,理科,,,171,,
3590,长春健康职业学院,2023,新疆,专科批,理科,,,205,,
3591,江苏旅游职业学院,2023,新疆,专科批,理科,,,241,,
3592,日照航海工程职业学院,2023,新疆,专科批,理科,,,170,,
3599,三亚中瑞酒店管理职业学院,2023,新疆,专科批,理科,,,157,,
3609,博尔塔拉职业技术学院,2023,新疆,专科批,理科,,,143,,
3631,天府新区航空旅游职业学院,2023,新疆,专科批,理科,,,245,,
3632,天府新区通用航空职业学院,2023,新疆,专科批,理科,,,188,,
3638,和田职业技术学院,2023,新疆,专科批,理科,,,141,,
3643,铁门关职业技术学院,2023,新疆,专科批,理科,,,140,,
3644,石河子工程职业技术学院,2023,新疆,专科批,理科,,,140,,
3684,陕西机电职业技术学院,2023,新疆,专科批,理科,,,187,,
3708,湛江幼儿师范专科学校,2023,新疆,专科批,理科,,,149,,
3722,新疆工业职业技术学院,2023,新疆,专科批,理科,,,140,,
3747,喀什职业技术学院,2023,新疆,专科批,理科,,,199,,
3748,克孜勒苏职业技术学院,2023,新疆,专科批,理科,,,144,,
3749,新疆科信职业技术学院,2023,新疆,专科批,理科,,,140,,
3750,阿勒泰职业技术学院,2023,新疆,专科批,理科,,,141,,
3799,云南理工职业学院,2023,新疆,专科批,理科,,,226,,
3824,九江理工职业学院,2023,新疆,专科批,理科,,,159,,
3843,重庆理工职业学院,2023,新疆,专科批,理科,,,140,,
3844,重庆智能工程职业学院,2023,新疆,专科批,理科,,,143,,
3845,重庆健康职业学院,2023,新疆,专科批,理科,,,178,,
3846,南充文化旅游职业学院,2023,新疆,专科批,理科,,,208,,
3858,塔城职业技术学院,2023,新疆,专科批,理科,,,147,,
3859,塔里木职业技术学院,2023,新疆,专科批,理科,,,176,,
3867,通化医药健康职业学院,2023,新疆,专科批,理科,,,270,,
3875,滨州科技职业学院,2023,新疆,专科批,理科,,,201,,
3880,兰州石化职业技术大学,2023,新疆,专科批,理科,,,263,,
3881,上海闵行职业技术学院,2023,新疆,专科批,理科,,,210,,
3882,新疆司法警官职业学院,2023,新疆,专科批,理科,,,227,,
3883,阿克苏工业职业技术学院,2023,新疆,专科批,理科,,,167,,
3884,喀什理工职业技术学院,2023,新疆,专科批,理科,,,148,,
3885,图木舒克职业技术学院,2023,新疆,专科批,理科,,,156,,
3886,可克达拉职业技术学院,2023,新疆,专科批,理科,,,143,,
3888,昆玉职业技术学院,2023,新疆,专科批,理科,,,177,,
,哈尔滨职业技术大学,2023,新疆,专科批,理科,,,237,,
,四川工程职业技术大学,2023,新疆,专科提前批,理科,,,276,,
1118,沈阳工业大学,2023,新疆,国家专项计划本科批,理科,,,409,,
1231,南京邮电大学,2023,新疆,国家专项计划本科批,理科,,,413,,
1240,南京农业大学,2023,新疆,国家专项计划本科批,理科,,,398,,
1504,西南民族大学,2023,新疆,国家专项计划本科批,理科,,,405,,
1004,北京交通大学,2023,新疆,国家及地方专项、南疆单列、对口援疆计划本科一批次,理科,,,518,,
1231,南京邮电大学,2023,新疆,国家及地方专项、南疆单列、对口援疆计划本科一批次,理科,,,445,,
1430,华南农业大学,2023,新疆,国家及地方专项、南疆单列、对口援疆计划本科一批次,理科,,,428,,
7098,南京医科大学,2023,新疆,国家及地方专项、南疆单列、对口援疆计划本科一批次,理科,,,424,,
7129,福州大学,2023,新疆,国家及地方专项、南疆单列、对口援疆计划本科一批次,理科,,,411,,
7321,江苏第二师范学院,2023,新疆,国家及地方专项、南疆单列、对口援疆计划本科二批,理科,,,364,9775,
1483,成都中医药大学,2023,新疆,国家及地方专项、南疆单列、对口援疆计划本科二批次,理科,,,314,,
2779,天津商业大学宝德学院,2023,新疆,国家及地方专项、南疆单列、对口援疆计划本科二批次,理科,,,310,35099,
1001,北京大学,2023,新疆,本科一批,理科,,,663,,
1002,中国人民大学,2023,新疆,本科一批,理科,,,631,,
1003,清华大学,2023,新疆,本科一批,理科,,,655,,
1004,北京交通大学,2023,新疆,本科一批,理科,,,500,,
1005,北京工业大学,2023,新疆,本科一批,理科,,,519,,
1006,北京航空航天大学,2023,新疆,本科一批,理科,,,617,,
1007,北京理工大学,2023,新疆,本科一批,理科,,,595,,
1008,北京科技大学,2023,新疆,本科一批,理科,,,531,,
1009,北方工业大学,2023,新疆,本科一批,理科,,,429,,
1010,北京化工大学,2023,新疆,本科一批,理科,,,503,,
1011,北京工商大学,2023,新疆,本科一批,理科,,,479,,
1013,北京邮电大学,2023,新疆,本科一批,理科,,,508,,
1014,北京印刷学院,2023,新疆,本科一批,理科,,,433,,
1015,北京建筑大学,2023,新疆,本科一批,理科,,,403,,
1018,中国农业大学,2023,新疆,本科一批,理科,,,544,,
1020,北京林业大学,2023,新疆,本科一批,理科,,,479,,
1023,北京中医药大学,2023,新疆,本科一批,理科,,,450,,
1024,北京师范大学,2023,新疆,本科一批,理科,,,572,,
1028,北京第二外国语学院,2023,新疆,本科一批,理科,,,425,,
1030,中国传媒大学,2023,新疆,本科一批,理科,,,543,,
1031,中央财经大学,2023,新疆,本科一批,理科,,,560,,
1032,对外经济贸易大学,2023,新疆,本科一批,理科,,,557,,
1033,北京物资学院,2023,新疆,本科一批,理科,,,424,,
1034,首都经济贸易大学,2023,新疆,本科一批,理科,,,527,,
1039,北京体育大学,2023,新疆,本科一批,理科,,,484,,
1047,中央民族大学,2023,新疆,本科一批,理科,,,471,,
1048,中国政法大学,2023,新疆,本科一批,理科,,,512,,
1050,南开大学,2023,新疆,本科一批,理科,,,588,,
1051,天津大学,2023,新疆,本科一批,理科,,,582,,
1052,天津科技大学,2023,新疆,本科一批,理科,,,439,,
1053,天津工业大学,2023,新疆,本科一批,理科,,,449,,
1057,天津医科大学,2023,新疆,本科一批,理科,,,501,,
1058,天津中医药大学,2023,新疆,本科一批,理科,,,439,,
1059,天津师范大学,2023,新疆,本科一批,理科,,,396,,
1061,天津外国语大学,2023,新疆,本科一批,理科,,,413,,
1062,天津商业大学,2023,新疆,本科一批,理科,,,418,,
1063,天津财经大学,2023,新疆,本科一批,理科,,,406,,
1070,华北水利水电大学,2023,新疆,本科一批,理科,,,429,,
1071,华北电力大学（保定）,2023,新疆,本科一批,理科,,,527,,
1072,河北工业大学,2023,新疆,本科一批,理科,,,494,,
1073,华北理工大学,2023,新疆,本科一批,理科,,,441,,
1094,中北大学,2023,新疆,本科一批,理科,,,435,,
1095,太原理工大学,2023,新疆,本科一批,理科,,,477,,
1107,内蒙古大学,2023,新疆,本科一批,理科,,,404,,
1116,辽宁大学,2023,新疆,本科一批,理科,,,475,,
1117,大连理工大学,2023,新疆,本科一批,理科,,,553,,
1118,沈阳工业大学,2023,新疆,本科一批,理科,,,406,,
1121,东北大学,2023,新疆,本科一批,理科,,,515,,
1123,辽宁工程技术大学,2023,新疆,本科一批,理科,,,413,,
1126,大连交通大学,2023,新疆,本科一批,理科,,,430,,
1127,大连海事大学,2023,新疆,本科一批,理科,,,512,,
1131,沈阳农业大学,2023,新疆,本科一批,理科,,,408,,
1135,大连医科大学,2023,新疆,本科一批,理科,,,465,,
1137,沈阳药科大学,2023,新疆,本科一批,理科,,,443,,
1144,大连外国语大学,2023,新疆,本科一批,理科,,,399,,
1145,东北财经大学,2023,新疆,本科一批,理科,,,439,,
1154,吉林大学,2023,新疆,本科一批,理科,,,500,,
1155,延边大学,2023,新疆,本科一批,理科,,,435,,
1156,长春理工大学,2023,新疆,本科一批,理科,,,431,,
1163,东北师范大学,2023,新疆,本科一批,理科,,,469,,
1173,黑龙江大学,2023,新疆,本科一批,理科,,,419,,
1174,哈尔滨工业大学,2023,新疆,本科一批,理科,,,608,,
1176,燕山大学,2023,新疆,本科一批,理科,,,454,,
1177,哈尔滨工程大学,2023,新疆,本科一批,理科,,,526,,
1179,东北石油大学,2023,新疆,本科一批,理科,,,425,,
1182,东北农业大学,2023,新疆,本科一批,理科,,,411,,
1183,东北林业大学,2023,新疆,本科一批,理科,,,442,,
1184,哈尔滨医科大学,2023,新疆,本科一批,理科,,,538,,
1197,复旦大学,2023,新疆,本科一批,理科,,,649,,
1198,同济大学,2023,新疆,本科一批,理科,,,594,,
1199,上海交通大学,2023,新疆,本科一批,理科,,,653,,
1200,华东理工大学,2023,新疆,本科一批,理科,,,498,,
1201,上海理工大学,2023,新疆,本科一批,理科,,,451,,
1202,上海海事大学,2023,新疆,本科一批,理科,,,357,,
1203,东华大学,2023,新疆,本科一批,理科,,,497,,
1204,上海电力大学,2023,新疆,本科一批,理科,,,482,,
1205,上海应用技术大学,2023,新疆,本科一批,理科,,,430,,
1206,上海健康医学院,2023,新疆,本科一批,理科,,,429,,
1207,上海海洋大学,2023,新疆,本科一批,理科,,,376,3592,
1208,上海中医药大学,2023,新疆,本科一批,理科,,,469,,
1209,华东师范大学,2023,新疆,本科一批,理科,,,562,,
1210,上海师范大学,2023,新疆,本科一批,理科,,,470,,
1211,上海外国语大学,2023,新疆,本科一批,理科,,,510,,
1212,上海财经大学,2023,新疆,本科一批,理科,,,571,,
1213,上海对外经贸大学,2023,新疆,本科一批,理科,,,493,,
1216,华东政法大学,2023,新疆,本科一批,理科,,,530,,
1219,上海戏剧学院,2023,新疆,本科一批,理科,,,484,,
1220,上海大学,2023,新疆,本科一批,理科,,,495,,
1222,南京大学,2023,新疆,本科一批,理科,,,634,,
1223,苏州大学,2023,新疆,本科一批,理科,,,530,,
1224,东南大学,2023,新疆,本科一批,理科,,,594,,
1225,南京航空航天大学,2023,新疆,本科一批,理科,,,549,,
1226,南京理工大学,2023,新疆,本科一批,理科,,,536,,
1227,江苏科技大学,2023,新疆,本科一批,理科,,,402,,
1228,中国矿业大学,2023,新疆,本科一批,理科,,,454,,
1231,南京邮电大学,2023,新疆,本科一批,理科,,,466,,
1232,河海大学,2023,新疆,本科一批,理科,,,518,,
1233,江南大学,2023,新疆,本科一批,理科,,,497,,
1234,南京林业大学,2023,新疆,本科一批,理科,,,448,,
1235,江苏大学,2023,新疆,本科一批,理科,,,468,,
1236,南京信息工程大学,2023,新疆,本科一批,理科,,,500,,
1238,南通大学,2023,新疆,本科一批,理科,,,496,,
1240,南京农业大学,2023,新疆,本科一批,理科,,,470,,
1242,徐州医科大学,2023,新疆,本科一批,理科,,,513,,
1243,南京中医药大学,2023,新疆,本科一批,理科,,,480,,
1244,中国药科大学,2023,新疆,本科一批,理科,,,510,,
1245,南京师范大学,2023,新疆,本科一批,理科,,,465,,
1253,苏州科技大学,2023,新疆,本科一批,理科,,,417,,
1255,浙江大学,2023,新疆,本科一批,理科,,,644,,
1256,杭州电子科技大学,2023,新疆,本科一批,理科,,,477,,
1257,浙江工业大学,2023,新疆,本科一批,理科,,,427,,
1262,浙江中医药大学,2023,新疆,本科一批,理科,,,496,,
1263,浙江师范大学,2023,新疆,本科一批,理科,,,473,,
1265,湖州师范学院,2023,新疆,本科一批,理科,,,454,,
1270,浙江工商大学,2023,新疆,本科一批,理科,,,443,,
1272,中国美术学院,2023,新疆,本科一批,理科,,,510,,
1273,中国计量大学,2023,新疆,本科一批,理科,,,465,,
1275,中国科学技术大学,2023,新疆,本科一批,理科,,,645,,
1276,合肥工业大学,2023,新疆,本科一批,理科,,,397,,
1278,安徽理工大学,2023,新疆,本科一批,理科,,,377,,
1281,安徽医科大学,2023,新疆,本科一批,理科,,,507,,
1293,安徽财经大学,2023,新疆,本科一批,理科,,,423,,
1298,厦门大学,2023,新疆,本科一批,理科,,,578,,
1299,华侨大学,2023,新疆,本科一批,理科,,,433,,
1302,福建农林大学,2023,新疆,本科一批,理科,,,411,,
1304,福建医科大学,2023,新疆,本科一批,理科,,,452,,
1312,南昌大学,2023,新疆,本科一批,理科,,,477,,
1313,华东交通大学,2023,新疆,本科一批,理科,,,434,,
1314,东华理工大学,2023,新疆,本科一批,理科,,,418,,
1316,江西理工大学,2023,新疆,本科一批,理科,,,429,,
1326,江西财经大学,2023,新疆,本科一批,理科,,,399,,
1327,山东大学,2023,新疆,本科一批,理科,,,551,,
1328,中国海洋大学,2023,新疆,本科一批,理科,,,523,,
1330,中国石油大学（华东）,2023,新疆,本科一批,理科,,,485,,
1331,青岛科技大学,2023,新疆,本科一批,理科,,,426,,
1359,郑州大学,2023,新疆,本科一批,理科,,,464,,
1369,河南医药大学,2023,新疆,本科一批,理科,,,462,,
1370,河南大学,2023,新疆,本科一批,理科,,,418,,
1379,河南财经政法大学,2023,新疆,本科一批,理科,,,402,,
1381,武汉大学,2023,新疆,本科一批,理科,,,585,,
1382,华中科技大学,2023,新疆,本科一批,理科,,,598,,
1383,武汉科技大学,2023,新疆,本科一批,理科,,,426,,
1384,长江大学,2023,新疆,本科一批,理科,,,426,,
1385,武汉工程大学,2023,新疆,本科一批,理科,,,434,,
1386,中国地质大学（武汉）,2023,新疆,本科一批,理科,,,489,,
1389,武汉理工大学,2023,新疆,本科一批,理科,,,520,,
1391,华中农业大学,2023,新疆,本科一批,理科,,,492,,
1394,湖北大学,2023,新疆,本科一批,理科,,,430,,
1400,中南财经政法大学,2023,新疆,本科一批,理科,,,418,,
1403,中南民族大学,2023,新疆,本科一批,理科,,,417,,
1406,湘潭大学,2023,新疆,本科一批,理科,,,398,,
1408,湖南大学,2023,新疆,本科一批,理科,,,465,,
1409,中南大学,2023,新疆,本科一批,理科,,,532,,
1410,湖南科技大学,2023,新疆,本科一批,理科,,,426,,
1411,长沙理工大学,2023,新疆,本科一批,理科,,,354,,
1412,湖南农业大学,2023,新疆,本科一批,理科,,,419,,
1413,中南林业科技大学,2023,新疆,本科一批,理科,,,421,,
1414,湖南中医药大学,2023,新疆,本科一批,理科,,,526,,
1415,湖南师范大学,2023,新疆,本科一批,理科,,,484,,
1426,中山大学,2023,新疆,本科一批,理科,,,578,,
1427,暨南大学,2023,新疆,本科一批,理科,,,517,,
1429,华南理工大学,2023,新疆,本科一批,理科,,,577,,
1430,华南农业大学,2023,新疆,本科一批,理科,,,436,,
1433,广东医科大学,2023,新疆,本科一批,理科,,,430,,
1434,广州中医药大学,2023,新疆,本科一批,理科,,,509,,
1436,华南师范大学,2023,新疆,本科一批,理科,,,421,,
1447,海南大学,2023,新疆,本科一批,理科,,,440,,
1448,深圳大学,2023,新疆,本科一批,理科,,,531,,
1449,广东财经大学,2023,新疆,本科一批,理科,,,449,,
1450,广西大学,2023,新疆,本科一批,理科,,,453,7321,
1466,四川大学,2023,新疆,本科一批,理科,,,396,,
1468,西南交通大学,2023,新疆,本科一批,理科,,,448,,
1469,电子科技大学,2023,新疆,本科一批,理科,,,593,,
1470,西南石油大学,2023,新疆,本科一批,理科,,,466,,
1471,成都理工大学,2023,新疆,本科一批,理科,,,446,,
1472,重庆邮电大学,2023,新疆,本科一批,理科,,,485,,
1473,重庆交通大学,2023,新疆,本科一批,理科,,,418,,
1474,西南科技大学,2023,新疆,本科一批,理科,,,426,,
1475,成都信息工程大学,2023,新疆,本科一批,理科,,,465,,
1479,四川农业大学,2023,新疆,本科一批,理科,,,455,,
1481,重庆医科大学,2023,新疆,本科一批,理科,,,497,,
1482,西南医科大学,2023,新疆,本科一批,理科,,,496,,
1484,川北医学院,2023,新疆,本科一批,理科,,,452,,
1485,西南大学,2023,新疆,本科一批,理科,,,451,,
1486,四川师范大学,2023,新疆,本科一批,理科,,,455,,
1499,西南财经大学,2023,新疆,本科一批,理科,,,513,,
1500,西南政法大学,2023,新疆,本科一批,理科,,,411,,
1504,西南民族大学,2023,新疆,本科一批,理科,,,357,,
1505,贵州大学,2023,新疆,本科一批,理科,,,404,,
1519,云南大学,2023,新疆,本科一批,理科,,,473,,
1520,昆明理工大学,2023,新疆,本科一批,理科,,,416,,
1539,西北大学,2023,新疆,本科一批,理科,,,487,,
1540,西安交通大学,2023,新疆,本科一批,理科,,,603,,
1541,西北工业大学,2023,新疆,本科一批,理科,,,592,,
1542,西安理工大学,2023,新疆,本科一批,理科,,,470,,
1543,西安电子科技大学,2023,新疆,本科一批,理科,,,564,,
1544,西安工业大学,2023,新疆,本科一批,理科,,,473,,
1546,西安科技大学,2023,新疆,本科一批,理科,,,454,,
1547,西安石油大学,2023,新疆,本科一批,理科,,,432,,
1548,陕西科技大学,2023,新疆,本科一批,理科,,,440,,
1549,西安工程大学,2023,新疆,本科一批,理科,,,428,,
1550,长安大学,2023,新疆,本科一批,理科,,,480,,
1551,西北农林科技大学,2023,新疆,本科一批,理科,,,481,,
1552,陕西中医药大学,2023,新疆,本科一批,理科,,,451,,
1559,西安外国语大学,2023,新疆,本科一批,理科,,,411,,
1560,西北政法大学,2023,新疆,本科一批,理科,,,512,,
1564,兰州大学,2023,新疆,本科一批,理科,,,449,,
1576,青海大学,2023,新疆,本科一批,理科,,,414,,
1582,新疆大学,2023,新疆,本科一批,理科,,,397,,
1583,塔里木大学,2023,新疆,本科一批,理科,,,399,,
1584,新疆农业大学,2023,新疆,本科一批,理科,,,401,,
1585,石河子大学,2023,新疆,本科一批,理科,,,397,,
1586,新疆医科大学,2023,新疆,本科一批,理科,,,401,,
1587,新疆师范大学,2023,新疆,本科一批,理科,,,396,,
1591,新疆财经大学,2023,新疆,本科一批,理科,,,404,,
1678,上海立信会计金融学院,2023,新疆,本科一批,理科,,,474,,
1692,青岛大学,2023,新疆,本科一批,理科,,,451,,
1693,烟台大学,2023,新疆,本科一批,理科,,,412,,
1699,江汉大学,2023,新疆,本科一批,理科,,,467,,
1701,三峡大学,2023,新疆,本科一批,理科,,,428,,
1703,广州大学,2023,新疆,本科一批,理科,,,405,,
1704,成都大学,2023,新疆,本科一批,理科,,,449,,
1715,扬州大学,2023,新疆,本科一批,理科,,,424,,
1720,北京信息科技大学,2023,新疆,本科一批,理科,,,475,,
1730,南京审计大学,2023,新疆,本科一批,理科,,,472,,
1768,中国矿业大学（北京）,2023,新疆,本科一批,理科,,,468,,
1769,中国石油大学（北京）,2023,新疆,本科一批,理科,,,515,,
1770,中国地质大学（北京）,2023,新疆,本科一批,理科,,,480,,
1771,北京联合大学,2023,新疆,本科一批,理科,,,461,,
1787,上海电机学院,2023,新疆,本科一批,理科,,,424,,
1812,湖南工业大学,2023,新疆,本科一批,理科,,,424,,
1826,西安财经大学,2023,新疆,本科一批,理科,,,443,,
1843,宁波大学,2023,新疆,本科一批,理科,,,457,,
1849,海南师范大学,2023,新疆,本科一批,理科,,,396,,
1853,西安邮电大学,2023,新疆,本科一批,理科,,,462,,
1873,重庆工商大学,2023,新疆,本科一批,理科,,,419,,
1894,上海政法学院,2023,新疆,本科一批,理科,,,455,,
1897,西安医学院,2023,新疆,本科一批,理科,,,469,,
1922,大连民族大学,2023,新疆,本科一批,理科,,,414,,
1957,南方医科大学,2023,新疆,本科一批,理科,,,502,,
2822,成都医学院,2023,新疆,本科一批,理科,,,494,,
3653,宁波诺丁汉大学,2023,新疆,本科一批,理科,,,427,,
3654,西交利物浦大学,2023,新疆,本科一批,理科,,,438,,
3655,北师香港浸会大学,2023,新疆,本科一批,理科,,,397,,
3666,北京大学医学部,2023,新疆,本科一批,理科,,,659,,
3673,东北大学秦皇岛分校,2023,新疆,本科一批,理科,,,508,,
3675,复旦大学上海医学院,2023,新疆,本科一批,理科,,,650,,
3676,上海交通大学医学院,2023,新疆,本科一批,理科,,,653,,
3677,浙江大学医学院,2023,新疆,本科一批,理科,,,644,,
3679,中国石油大学（北京）克拉玛依校区,2023,新疆,本科一批,理科,,,441,,
5016,北京外国语大学,2023,新疆,本科一批,理科,,,487,,
5024,华北电力大学（北京）,2023,新疆,本科一批,理科,,,536,,
5153,山东大学（威海）,2023,新疆,本科一批,理科,,,525,,
7008,天津理工大学,2023,新疆,本科一批,理科,,,418,,
7016,河北大学,2023,新疆,本科一批,理科,,,346,,
7028,石家庄铁道大学,2023,新疆,本科一批,理科,,,415,,
7051,中国医科大学,2023,新疆,本科一批,理科,,,428,,
7090,南京工业大学,2023,新疆,本科一批,理科,,,433,,
7091,常州大学,2023,新疆,本科一批,理科,,,426,,
7098,南京医科大学,2023,新疆,本科一批,理科,,,400,,
7105,南京财经大学,2023,新疆,本科一批,理科,,,398,,
7112,浙江农林大学,2023,新疆,本科一批,理科,,,424,,
7113,温州医科大学,2023,新疆,本科一批,理科,,,492,,
7129,福州大学,2023,新疆,本科一批,理科,,,469,,
7198,南华大学,2023,新疆,本科一批,理科,,,417,,
7214,西安建筑科技大学,2023,新疆,本科一批,理科,,,431,,
7412,沈阳建筑大学,2023,新疆,本科一批,理科,,,417,,
8006,中国民航大学,2023,新疆,本科一批,理科,,,452,,
8057,哈尔滨工业大学（威海）,2023,新疆,本科一批,理科,,,563,,
8082,重庆大学,2023,新疆,本科一批,理科,,,475,,
,山东师范大学,2023,新疆,本科一批,理科,,,428,,
1016,北京石油化工学院,2023,新疆,本科二批,理科,,,404,,
1056,天津农学院,2023,新疆,本科二批,理科,,,369,,
1060,天津职业技术师范大学,2023,新疆,本科二批,理科,,,369,,
1068,河北工程大学,2023,新疆,本科二批,理科,,,390,,
1070,华北水利水电大学,2023,新疆,本科二批,理科,,,373,,
1073,华北理工大学,2023,新疆,本科二批,理科,,,391,,
1074,河北科技大学,2023,新疆,本科二批,理科,,,390,,
1075,河北建筑工程学院,2023,新疆,本科二批,理科,,,369,,
1078,河北医科大学,2023,新疆,本科二批,理科,,,405,,
1092,山西大学,2023,新疆,本科二批,理科,,,418,,
1097,山西医科大学,2023,新疆,本科二批,理科,,,424,,
1100,太原师范学院,2023,新疆,本科二批,理科,,,389,,
1108,内蒙古科技大学,2023,新疆,本科二批,理科,,,357,,
1109,内蒙古工业大学,2023,新疆,本科二批,理科,,,356,,
1110,内蒙古农业大学,2023,新疆,本科二批,理科,,,358,,
1111,内蒙古医科大学,2023,新疆,本科二批,理科,,,367,,
1113,内蒙古民族大学,2023,新疆,本科二批,理科,,,340,,
1115,内蒙古财经大学,2023,新疆,本科二批,理科,,,358,,
1119,沈阳航空航天大学,2023,新疆,本科二批,理科,,,382,,
1120,沈阳理工大学,2023,新疆,本科二批,理科,,,398,,
1122,辽宁科技大学,2023,新疆,本科二批,理科,,,373,,
1124,辽宁石油化工大学,2023,新疆,本科二批,理科,,,372,,
1125,沈阳化工大学,2023,新疆,本科二批,理科,,,378,,
1126,大连交通大学,2023,新疆,本科二批,理科,,,391,,
1128,大连工业大学,2023,新疆,本科二批,理科,,,373,,
1130,辽宁工业大学,2023,新疆,本科二批,理科,,,369,,
1132,大连海洋大学,2023,新疆,本科二批,理科,,,378,,
1134,锦州医科大学,2023,新疆,本科二批,理科,,,376,,
1138,沈阳医学院,2023,新疆,本科二批,理科,,,394,,
1140,沈阳师范大学,2023,新疆,本科二批,理科,,,404,,
1141,渤海大学,2023,新疆,本科二批,理科,,,373,,
1142,鞍山师范学院,2023,新疆,本科二批,理科,,,361,,
1157,东北电力大学,2023,新疆,本科二批,理科,,,416,,
1158,长春工业大学,2023,新疆,本科二批,理科,,,356,,
1159,吉林建筑大学,2023,新疆,本科二批,理科,,,361,,
1160,吉林化工大学,2023,新疆,本科二批,理科,,,349,,
1161,吉林农业大学,2023,新疆,本科二批,理科,,,362,,
1162,长春中医药大学,2023,新疆,本科二批,理科,,,381,,
1164,北华大学,2023,新疆,本科二批,理科,,,389,,
1165,通化师范学院,2023,新疆,本科二批,理科,,,350,,
1166,吉林师范大学,2023,新疆,本科二批,理科,,,366,,
1167,吉林工程技术师范学院,2023,新疆,本科二批,理科,,,338,,
1168,长春师范大学,2023,新疆,本科二批,理科,,,357,,
1169,白城师范学院,2023,新疆,本科二批,理科,,,344,,
1170,吉林财经大学,2023,新疆,本科二批,理科,,,382,,
1180,佳木斯大学,2023,新疆,本科二批,理科,,,343,,
1181,黑龙江八一农垦大学,2023,新疆,本科二批,理科,,,354,,
1184,哈尔滨医科大学,2023,新疆,本科二批,理科,,,377,,
1185,黑龙江中医药大学,2023,新疆,本科二批,理科,,,365,,
1190,哈尔滨学院,2023,新疆,本科二批,理科,,,351,,
1191,大庆师范学院,2023,新疆,本科二批,理科,,,338,,
1192,绥化学院,2023,新疆,本科二批,理科,,,335,,
1194,哈尔滨商业大学,2023,新疆,本科二批,理科,,,333,,
1196,哈尔滨金融学院,2023,新疆,本科二批,理科,,,365,,
1205,上海应用技术大学,2023,新疆,本科二批,理科,,,364,,
1242,徐州医科大学,2023,新疆,本科二批,理科,,,406,,
1265,湖州师范学院,2023,新疆,本科二批,理科,,,383,,
1267,台州学院,2023,新疆,本科二批,理科,,,383,,
1268,温州大学,2023,新疆,本科二批,理科,,,393,,
1271,嘉兴大学,2023,新疆,本科二批,理科,,,402,,
1280,安徽农业大学,2023,新疆,本科二批,理科,,,399,,
1288,淮北师范大学,2023,新疆,本科二批,理科,,,389,,
1303,集美大学,2023,新疆,本科二批,理科,,,414,,
1305,福建中医药大学,2023,新疆,本科二批,理科,,,410,,
1306,福建师范大学,2023,新疆,本科二批,理科,,,378,,
1307,闽江学院,2023,新疆,本科二批,理科,,,376,,
1313,华东交通大学,2023,新疆,本科二批,理科,,,405,,
1318,江西农业大学,2023,新疆,本科二批,理科,,,386,,
1320,赣南医科大学,2023,新疆,本科二批,理科,,,366,,
1322,上饶师范学院,2023,新疆,本科二批,理科,,,370,,
1324,赣南师范大学,2023,新疆,本科二批,理科,,,339,,
1329,山东科技大学,2023,新疆,本科二批,理科,,,394,,
1332,济南大学,2023,新疆,本科二批,理科,,,418,,
1333,青岛理工大学,2023,新疆,本科二批,理科,,,409,,
1334,山东建筑大学,2023,新疆,本科二批,理科,,,391,,
1337,山东农业大学,2023,新疆,本科二批,理科,,,387,,
1338,青岛农业大学,2023,新疆,本科二批,理科,,,370,,
1339,山东第二医科大学,2023,新疆,本科二批,理科,,,417,,
1340,山东第一医科大学,2023,新疆,本科二批,理科,,,405,,
1347,曲阜师范大学,2023,新疆,本科二批,理科,,,386,,
1349,德州学院,2023,新疆,本科二批,理科,,,357,,
1350,山东航空学院,2023,新疆,本科二批,理科,,,385,,
1351,鲁东大学,2023,新疆,本科二批,理科,,,364,,
1352,临沂大学,2023,新疆,本科二批,理科,,,382,,
1356,山东财经大学,2023,新疆,本科二批,理科,,,401,,
1360,河南理工大学,2023,新疆,本科二批,理科,,,385,,
1361,郑州轻工业大学,2023,新疆,本科二批,理科,,,399,,
1362,河南工业大学,2023,新疆,本科二批,理科,,,380,,
1363,河南科技大学,2023,新疆,本科二批,理科,,,388,,
1366,河南科技学院,2023,新疆,本科二批,理科,,,369,,
1368,河南中医药大学,2023,新疆,本科二批,理科,,,348,,
1373,周口师范学院,2023,新疆,本科二批,理科,,,365,,
1375,许昌学院,2023,新疆,本科二批,理科,,,383,,
1376,南阳师范学院,2023,新疆,本科二批,理科,,,349,,
1380,郑州航空工业管理学院,2023,新疆,本科二批,理科,,,380,,
1387,武汉纺织大学,2023,新疆,本科二批,理科,,,397,,
1388,武汉轻工大学,2023,新疆,本科二批,理科,,,382,,
1397,湖北民族大学,2023,新疆,本科二批,理科,,,347,,
1398,汉江师范学院,2023,新疆,本科二批,理科,,,361,,
1399,湖北文理学院,2023,新疆,本科二批,理科,,,380,,
1405,湖北工程学院,2023,新疆,本科二批,理科,,,369,,
1410,湖南科技大学,2023,新疆,本科二批,理科,,,389,,
1412,湖南农业大学,2023,新疆,本科二批,理科,,,395,,
1414,湖南中医药大学,2023,新疆,本科二批,理科,,,429,,
1416,湖南理工学院,2023,新疆,本科二批,理科,,,395,,
1418,衡阳师范学院,2023,新疆,本科二批,理科,,,372,,
1419,邵阳学院,2023,新疆,本科二批,理科,,,347,21600,
1421,湖南文理学院,2023,新疆,本科二批,理科,,,369,,
1422,湖南科技学院,2023,新疆,本科二批,理科,,,364,,
1424,湖南工商大学,2023,新疆,本科二批,理科,,,410,,
1431,广东海洋大学,2023,新疆,本科二批,理科,,,377,,
1446,广东技术师范大学,2023,新疆,本科二批,理科,,,374,,
1452,桂林电子科技大学,2023,新疆,本科二批,理科,,,419,,
1453,桂林理工大学,2023,新疆,本科二批,理科,,,375,,
1457,桂林医科大学,2023,新疆,本科二批,理科,,,387,,
1476,四川轻化工大学,2023,新疆,本科二批,理科,,,401,,
1478,中国民用航空飞行学院,2023,新疆,本科二批,理科,,,399,,
1481,重庆医科大学,2023,新疆,本科二批,理科,,,401,,
1483,成都中医药大学,2023,新疆,本科二批,理科,,,392,,
1487,重庆师范大学,2023,新疆,本科二批,理科,,,402,,
1488,西华师范大学,2023,新疆,本科二批,理科,,,367,,
1489,绵阳师范学院,2023,新疆,本科二批,理科,,,383,,
1490,内江师范学院,2023,新疆,本科二批,理科,,,386,,
1491,宜宾学院,2023,新疆,本科二批,理科,,,377,,
1492,重庆文理学院,2023,新疆,本科二批,理科,,,384,,
1493,重庆三峡学院,2023,新疆,本科二批,理科,,,382,,
1494,四川文理学院,2023,新疆,本科二批,理科,,,363,,
1496,长江师范学院,2023,新疆,本科二批,理科,,,374,,
1506,贵州医科大学,2023,新疆,本科二批,理科,,,395,,
1516,黔南民族师范学院,2023,新疆,本科二批,理科,,,347,,
1517,贵州财经大学,2023,新疆,本科二批,理科,,,383,,
1522,西南林业大学,2023,新疆,本科二批,理科,,,300,,
1523,昆明医科大学,2023,新疆,本科二批,理科,,,439,,
1524,大理大学,2023,新疆,本科二批,理科,,,387,,
1528,曲靖师范学院,2023,新疆,本科二批,理科,,,358,,
1532,云南财经大学,2023,新疆,本科二批,理科,,,395,,
1544,西安工业大学,2023,新疆,本科二批,理科,,,410,,
1554,延安大学,2023,新疆,本科二批,理科,,,403,,
1555,陕西理工大学,2023,新疆,本科二批,理科,,,390,,
1557,咸阳师范学院,2023,新疆,本科二批,理科,,,374,,
1565,兰州理工大学,2023,新疆,本科二批,理科,,,392,,
1566,兰州交通大学,2023,新疆,本科二批,理科,,,394,,
1567,甘肃农业大学,2023,新疆,本科二批,理科,,,358,,
1568,甘肃中医药大学,2023,新疆,本科二批,理科,,,369,,
1569,西北师范大学,2023,新疆,本科二批,理科,,,390,,
1571,陇东学院,2023,新疆,本科二批,理科,,,345,,
1572,天水师范大学,2023,新疆,本科二批,理科,,,354,,
1573,河西学院,2023,新疆,本科二批,理科,,,348,,
1574,兰州财经大学,2023,新疆,本科二批,理科,,,357,,
1575,西北民族大学,2023,新疆,本科二批,理科,,,371,,
1577,青海师范大学,2023,新疆,本科二批,理科,,,368,,
1578,青海民族大学,2023,新疆,本科二批,理科,,,339,,
1583,塔里木大学,2023,新疆,本科二批,理科,,,312,,
1584,新疆农业大学,2023,新疆,本科二批,理科,,,288,,
1586,新疆医科大学,2023,新疆,本科二批,理科,,,313,,
1589,伊犁师范大学,2023,新疆,本科二批,理科,,,339,,
1591,新疆财经大学,2023,新疆,本科二批,理科,,,306,,
1592,新疆艺术学院,2023,新疆,本科二批,理科,,,318,,
1593,天津城建大学,2023,新疆,本科二批,理科,,,372,,
1596,吕梁学院,2023,新疆,本科二批,理科,,,360,,
1598,广东白云学院,2023,新疆,本科二批,理科,,,299,,
1599,长沙医学院,2023,新疆,本科二批,理科,,,350,,
1601,齐鲁医药学院,2023,新疆,本科二批,理科,,,353,,
1615,辽宁对外经贸学院,2023,新疆,本科二批,理科,,,285,,
1619,江西科技学院,2023,新疆,本科二批,理科,,,312,,
1627,上海工程技术大学,2023,新疆,本科二批,理科,,,389,,
1630,天津天狮学院,2023,新疆,本科二批,理科,,,292,,
1638,青岛滨海学院,2023,新疆,本科二批,理科,,,305,,
1644,浙江万里学院,2023,新疆,本科二批,理科,,,381,,
1649,萍乡学院,2023,新疆,本科二批,理科,,,356,,
1654,湖北理工学院,2023,新疆,本科二批,理科,,,369,,
1655,湖北科技学院,2023,新疆,本科二批,理科,,,388,,
1656,湖北医药学院,2023,新疆,本科二批,理科,,,394,,
1663,吉林外国语大学,2023,新疆,本科二批,理科,,,300,,
1668,新疆工程学院,2023,新疆,本科二批,理科,,,314,,
1670,昌吉学院,2023,新疆,本科二批,理科,,,312,,
1678,上海立信会计金融学院,2023,新疆,本科二批,理科,,,404,,
1679,金陵科技学院,2023,新疆,本科二批,理科,,,286,,
1686,常州工学院,2023,新疆,本科二批,理科,,,380,,
1691,厦门理工学院,2023,新疆,本科二批,理科,,,393,,
1693,烟台大学,2023,新疆,本科二批,理科,,,408,,
1694,潍坊学院,2023,新疆,本科二批,理科,,,378,,
1697,洛阳理工学院,2023,新疆,本科二批,理科,,,372,,
1704,成都大学,2023,新疆,本科二批,理科,,,414,,
1705,西安文理学院,2023,新疆,本科二批,理科,,,379,,
1707,海南热带海洋学院,2023,新疆,本科二批,理科,,,370,,
1708,华北科技学院,2023,新疆,本科二批,理科,,,371,,
1710,广州航海学院,2023,新疆,本科二批,理科,,,376,,
1714,成都工业学院,2023,新疆,本科二批,理科,,,401,,
1717,三江学院,2023,新疆,本科二批,理科,,,318,,
1718,中华女子学院,2023,新疆,本科二批,理科,,,381,,
1719,齐齐哈尔医学院,2023,新疆,本科二批,理科,,,378,,
1728,吉林工商学院,2023,新疆,本科二批,理科,,,359,,
1735,三明学院,2023,新疆,本科二批,理科,,,362,,
1737,福建商学院,2023,新疆,本科二批,理科,,,366,,
1742,江西水利电力大学,2023,新疆,本科二批,理科,,,391,,
1744,信阳农林学院,2023,新疆,本科二批,理科,,,353,,
1746,安阳工学院,2023,新疆,本科二批,理科,,,357,,
1750,荆楚理工学院,2023,新疆,本科二批,理科,,,365,,
1751,湖南工程学院,2023,新疆,本科二批,理科,,,379,,
1752,仲恺农业工程学院,2023,新疆,本科二批,理科,,,368,,
1753,五邑大学,2023,新疆,本科二批,理科,,,415,,
1757,攀枝花学院,2023,新疆,本科二批,理科,,,368,,
1759,楚雄师范学院,2023,新疆,本科二批,理科,,,363,,
1760,云南警官学院,2023,新疆,本科二批,理科,,,371,,
1763,商洛学院,2023,新疆,本科二批,理科,,,355,,
1764,安康学院,2023,新疆,本科二批,理科,,,362,,
1765,西安培华学院,2023,新疆,本科二批,理科,,,322,,
1766,甘肃政法大学,2023,新疆,本科二批,理科,,,379,,
1767,北方民族大学,2023,新疆,本科二批,理科,,,367,,
1771,北京联合大学,2023,新疆,本科二批,理科,,,396,,
1772,北京城市学院,2023,新疆,本科二批,理科,,,349,,
1773,河北金融学院,2023,新疆,本科二批,理科,,,353,,
1775,集宁师范学院,2023,新疆,本科二批,理科,,,339,,
1780,长春工程学院,2023,新疆,本科二批,理科,,,356,,
1781,吉林农业科技学院,2023,新疆,本科二批,理科,,,351,,
1783,吉林警察学院,2023,新疆,本科二批,理科,,,361,,
1784,黑龙江工业学院,2023,新疆,本科二批,理科,,,345,,
1785,黑龙江东方学院,2023,新疆,本科二批,理科,,,285,,
1787,上海电机学院,2023,新疆,本科二批,理科,,,399,,
1790,江苏理工学院,2023,新疆,本科二批,理科,,,369,,
1792,浙江水利水电学院,2023,新疆,本科二批,理科,,,385,,
1797,莆田学院,2023,新疆,本科二批,理科,,,376,,
1803,新余学院,2023,新疆,本科二批,理科,,,361,,
1804,山东交通学院,2023,新疆,本科二批,理科,,,380,,
1808,湖南城市学院,2023,新疆,本科二批,理科,,,366,,
1809,湖南工学院,2023,新疆,本科二批,理科,,,376,,
1813,湖南女子学院,2023,新疆,本科二批,理科,,,361,,
1814,广东金融学院,2023,新疆,本科二批,理科,,,400,,
1815,电子科技大学中山学院,2023,新疆,本科二批,理科,,,347,,
1820,重庆科技大学,2023,新疆,本科二批,理科,,,383,,
1828,兰州文理学院,2023,新疆,本科二批,理科,,,358,,
1830,湖北经济学院,2023,新疆,本科二批,理科,,,332,,
1840,沈阳工程学院,2023,新疆,本科二批,理科,,,382,,
1841,哈尔滨信息工程学院,2023,新疆,本科二批,理科,,,285,,
1844,浙江传媒学院,2023,新疆,本科二批,理科,,,412,,
1845,河南财政金融学院,2023,新疆,本科二批,理科,,,367,,
1846,南阳理工学院,2023,新疆,本科二批,理科,,,319,,
1847,武汉商学院,2023,新疆,本科二批,理科,,,369,,
1848,广东石油化工学院,2023,新疆,本科二批,理科,,,375,,
1849,海南师范大学,2023,新疆,本科二批,理科,,,399,,
1850,重庆理工大学,2023,新疆,本科二批,理科,,,418,,
1854,山东工商学院,2023,新疆,本科二批,理科,,,373,,
1855,呼和浩特民族学院,2023,新疆,本科二批,理科,,,331,,
1856,长春大学,2023,新疆,本科二批,理科,,,309,,
1859,西安航空学院,2023,新疆,本科二批,理科,,,382,,
1862,防灾科技学院,2023,新疆,本科二批,理科,,,373,,
1872,武汉东湖学院,2023,新疆,本科二批,理科,,,316,,
1874,汉口学院,2023,新疆,本科二批,理科,,,323,,
1875,黑龙江工程学院,2023,新疆,本科二批,理科,,,348,,
1876,甘肃医学院,2023,新疆,本科二批,理科,,,362,,
1878,兰州工业学院,2023,新疆,本科二批,理科,,,355,,
1893,黄河科技学院,2023,新疆,本科二批,理科,,,316,,
1895,桂林旅游学院,2023,新疆,本科二批,理科,,,370,,
1897,西安医学院,2023,新疆,本科二批,理科,,,405,,
1900,九江学院,2023,新疆,本科二批,理科,,,367,,
1919,郑州师范学院,2023,新疆,本科二批,理科,,,381,,
1922,大连民族大学,2023,新疆,本科二批,理科,,,382,,
1929,南京特殊教育师范学院,2023,新疆,本科二批,理科,,,363,,
1931,上海商学院,2023,新疆,本科二批,理科,,,383,,
1937,南通理工学院,2023,新疆,本科二批,理科,,,299,,
1940,广东培正学院,2023,新疆,本科二批,理科,,,288,,
1958,湖南医药学院,2023,新疆,本科二批,理科,,,390,,
1970,湖南涉外经济学院,2023,新疆,本科二批,理科,,,285,,
1973,海口经济学院,2023,新疆,本科二批,理科,,,285,,
1974,武昌首义学院,2023,新疆,本科二批,理科,,,336,,
1975,武昌理工学院,2023,新疆,本科二批,理科,,,305,,
1986,烟台南山学院,2023,新疆,本科二批,理科,,,310,,
1998,武汉生物工程学院,2023,新疆,本科二批,理科,,,304,,
2024,中国劳动关系学院,2023,新疆,本科二批,理科,,,385,,
2046,云南经济管理学院,2023,新疆,本科二批,理科,,,305,,
2068,上海立达学院,2023,新疆,本科二批,理科,,,290,,
2075,辽宁理工职业大学,2023,新疆,本科二批,理科,,,287,,
2079,湘潭大学兴湘学院,2023,新疆,本科二批,理科,,,323,,
2086,重庆机电职业技术大学,2023,新疆,本科二批,理科,,,315,,
2087,重庆工程学院,2023,新疆,本科二批,理科,,,337,,
2090,广州城市理工学院,2023,新疆,本科二批,理科,,,314,,
2094,广州华商学院,2023,新疆,本科二批,理科,,,285,,
2107,成都东软学院,2023,新疆,本科二批,理科,,,338,,
2124,岳阳学院,2023,新疆,本科二批,理科,,,313,,
2127,湖南中医药大学湘杏学院,2023,新疆,本科二批,理科,,,345,,
2156,西安欧亚学院,2023,新疆,本科二批,理科,,,285,,
2157,西安外事学院,2023,新疆,本科二批,理科,,,316,,
2158,西安翻译学院,2023,新疆,本科二批,理科,,,299,,
2159,西京学院,2023,新疆,本科二批,理科,,,331,,
2173,齐齐哈尔工程学院,2023,新疆,本科二批,理科,,,285,,
2177,新疆警察学院,2023,新疆,本科二批,理科,,,358,,
2190,郑州工业应用技术学院,2023,新疆,本科二批,理科,,,306,,
2233,浙江越秀外国语学院,2023,新疆,本科二批,理科,,,317,,
2236,南昌理工学院,2023,新疆,本科二批,理科,,,311,,
2240,上海建桥学院,2023,新疆,本科二批,理科,,,311,,
2243,吉利学院,2023,新疆,本科二批,理科,,,325,,
2356,江西应用科技学院,2023,新疆,本科二批,理科,,,300,,
2408,宁波财经学院,2023,新疆,本科二批,理科,,,298,,
2412,山东英才学院,2023,新疆,本科二批,理科,,,290,,
2420,青岛恒星科技学院,2023,新疆,本科二批,理科,,,295,,
2422,浙大城市学院,2023,新疆,本科二批,理科,,,403,,
2424,杭州医学院,2023,新疆,本科二批,理科,,,382,,
2482,厦门工学院,2023,新疆,本科二批,理科,,,353,,
2483,西安思源学院,2023,新疆,本科二批,理科,,,307,,
2485,陕西国际商贸学院,2023,新疆,本科二批,理科,,,303,,
2487,陕西服装工程学院,2023,新疆,本科二批,理科,,,306,,
2495,武汉晴川学院,2023,新疆,本科二批,理科,,,312,,
2496,大连理工大学城市学院,2023,新疆,本科二批,理科,,,303,,
2499,沈阳工学院,2023,新疆,本科二批,理科,,,294,,
2500,大连工业大学艺术与信息工程学院,2023,新疆,本科二批,理科,,,291,,
2501,大连科技学院,2023,新疆,本科二批,理科,,,295,,
2502,沈阳城市建设学院,2023,新疆,本科二批,理科,,,287,,
2504,大连医科大学中山学院,2023,新疆,本科二批,理科,,,314,,
2505,锦州医科大学医疗学院,2023,新疆,本科二批,理科,,,337,,
2506,辽宁师范大学海华学院,2023,新疆,本科二批,理科,,,298,,
2507,辽宁理工学院,2023,新疆,本科二批,理科,,,286,,
2508,大连财经学院,2023,新疆,本科二批,理科,,,306,,
2509,沈阳城市学院,2023,新疆,本科二批,理科,,,286,,
2510,湖北大学知行学院,2023,新疆,本科二批,理科,,,320,,
2511,武汉城市学院,2023,新疆,本科二批,理科,,,305,,
2512,三峡大学科技学院,2023,新疆,本科二批,理科,,,326,,
2513,武汉文理学院,2023,新疆,本科二批,理科,,,308,,
2514,湖北工业大学工程技术学院,2023,新疆,本科二批,理科,,,328,,
2515,武汉工程大学邮电与信息工程学院,2023,新疆,本科二批,理科,,,307,,
2516,武汉纺织大学外经贸学院,2023,新疆,本科二批,理科,,,309,,
2517,武昌工学院,2023,新疆,本科二批,理科,,,307,,
2518,武汉工商学院,2023,新疆,本科二批,理科,,,307,,
2520,长江大学文理学院,2023,新疆,本科二批,理科,,,319,,
2521,湖北商贸学院,2023,新疆,本科二批,理科,,,306,,
2523,湖北医药学院药护学院,2023,新疆,本科二批,理科,,,357,,
2524,湖北恩施学院,2023,新疆,本科二批,理科,,,341,,
2526,武汉体育学院体育科技学院,2023,新疆,本科二批,理科,,,306,,
2528,湖北文理学院理工学院,2023,新疆,本科二批,理科,,,328,,
2529,湖北工程学院新技术学院,2023,新疆,本科二批,理科,,,326,,
2530,文华学院,2023,新疆,本科二批,理科,,,333,,
2535,浙江工业大学之江学院,2023,新疆,本科二批,理科,,,295,,
2536,浙江师范大学行知学院,2023,新疆,本科二批,理科,,,338,,
2537,宁波大学科学技术学院,2023,新疆,本科二批,理科,,,297,,
2538,杭州电子科技大学信息工程学院,2023,新疆,本科二批,理科,,,357,,
2546,绍兴理工学院,2023,新疆,本科二批,理科,,,304,,
2549,嘉兴南湖学院,2023,新疆,本科二批,理科,,,379,,
2550,中国计量大学现代科技学院,2023,新疆,本科二批,理科,,,329,,
2553,黑龙江财经学院,2023,新疆,本科二批,理科,,,295,,
2554,哈尔滨石油学院,2023,新疆,本科二批,理科,,,290,,
2555,黑龙江工商学院,2023,新疆,本科二批,理科,,,285,,
2556,哈尔滨远东理工学院,2023,新疆,本科二批,理科,,,293,,
2558,哈尔滨剑桥学院,2023,新疆,本科二批,理科,,,285,,
2559,黑龙江工程学院昆仑旅游学院,2023,新疆,本科二批,理科,,,285,,
2560,哈尔滨广厦学院,2023,新疆,本科二批,理科,,,294,,
2561,哈尔滨华德学院,2023,新疆,本科二批,理科,,,285,,
2566,青岛黄海学院,2023,新疆,本科二批,理科,,,305,,
2568,山东现代学院,2023,新疆,本科二批,理科,,,303,,
2570,山东协和学院,2023,新疆,本科二批,理科,,,311,,
2574,昆明城市学院,2023,新疆,本科二批,理科,,,298,,
2575,昆明医科大学海源学院,2023,新疆,本科二批,理科,,,311,,
2590,烟台理工学院,2023,新疆,本科二批,理科,,,310,,
2591,青岛城市学院,2023,新疆,本科二批,理科,,,305,,
2593,山东石油化工学院,2023,新疆,本科二批,理科,,,354,,
2598,河北科技学院,2023,新疆,本科二批,理科,,,296,,
2608,河北外国语学院,2023,新疆,本科二批,理科,,,287,,
2615,河北医科大学临床学院,2023,新疆,本科二批,理科,,,376,,
2630,南昌交通学院,2023,新疆,本科二批,理科,,,307,,
2631,赣东学院,2023,新疆,本科二批,理科,,,366,,
2633,赣南科技学院,2023,新疆,本科二批,理科,,,365,,
2636,南昌医学院,2023,新疆,本科二批,理科,,,387,,
2648,厦门大学嘉庚学院,2023,新疆,本科二批,理科,,,347,,
2650,集美大学诚毅学院,2023,新疆,本科二批,理科,,,353,,
2651,福建师范大学协和学院,2023,新疆,本科二批,理科,,,346,,
2656,河南开封科技传媒学院,2023,新疆,本科二批,理科,,,304,,
2658,信阳学院,2023,新疆,本科二批,理科,,,314,,
2665,兰州工商学院,2023,新疆,本科二批,理科,,,295,,
2667,兰州博文科技学院,2023,新疆,本科二批,理科,,,305,,
2668,兰州信息科技学院,2023,新疆,本科二批,理科,,,296,,
2680,山西工学院,2023,新疆,本科二批,理科,,,356,,
2681,晋中信息学院,2023,新疆,本科二批,理科,,,324,,
2683,山西晋中理工学院,2023,新疆,本科二批,理科,,,316,,
2685,重庆人文科技学院,2023,新疆,本科二批,理科,,,321,,
2686,新疆理工学院,2023,新疆,本科二批,理科,,,320,,
2688,新疆第二医学院,2023,新疆,本科二批,理科,,,377,,
2689,新疆科技学院,2023,新疆,本科二批,理科,,,320,,
2696,西安交通工程学院,2023,新疆,本科二批,理科,,,300,,
2707,重庆外语外事学院,2023,新疆,本科二批,理科,,,314,,
2708,重庆对外经贸学院,2023,新疆,本科二批,理科,,,329,,
2709,重庆财经学院,2023,新疆,本科二批,理科,,,335,,
2710,重庆工商大学派斯学院,2023,新疆,本科二批,理科,,,334,,
2712,石家庄铁道大学四方学院,2023,新疆,本科二批,理科,,,329,,
2713,河北地质大学华信学院,2023,新疆,本科二批,理科,,,298,,
2719,长春光华学院,2023,新疆,本科二批,理科,,,292,,
2720,长春工业大学人文信息学院,2023,新疆,本科二批,理科,,,292,,
2721,长春电子科技学院,2023,新疆,本科二批,理科,,,290,,
2722,长春财经学院,2023,新疆,本科二批,理科,,,290,,
2723,吉林建筑科技学院,2023,新疆,本科二批,理科,,,288,36732,
2724,长春建筑学院,2023,新疆,本科二批,理科,,,286,,
2725,长春科技学院,2023,新疆,本科二批,理科,,,296,,
2728,辽宁中医药大学杏林学院,2023,新疆,本科二批,理科,,,320,,
2729,辽宁何氏医学院,2023,新疆,本科二批,理科,,,314,,
2739,淮北理工学院,2023,新疆,本科二批,理科,,,302,,
2740,沈阳科技学院,2023,新疆,本科二批,理科,,,287,,
2742,长春大学旅游学院,2023,新疆,本科二批,理科,,,288,,
2744,昆明文理学院,2023,新疆,本科二批,理科,,,302,,
2746,重庆移通学院,2023,新疆,本科二批,理科,,,329,,
2747,新疆政法学院,2023,新疆,本科二批,理科,,,304,,
2750,大连东软信息学院,2023,新疆,本科二批,理科,,,299,,
2753,武汉学院,2023,新疆,本科二批,理科,,,317,,
2754,长沙理工大学城南学院,2023,新疆,本科二批,理科,,,339,,
2755,上海外国语大学贤达经济人文学院,2023,新疆,本科二批,理科,,,285,,
2760,桂林学院,2023,新疆,本科二批,理科,,,309,,
2767,贵州黔南经济学院,2023,新疆,本科二批,理科,,,305,,
2773,南京理工大学紫金学院,2023,新疆,本科二批,理科,,,372,,
2774,南京航空航天大学金城学院,2023,新疆,本科二批,理科,,,347,,
2777,天津外国语大学滨海外事学院,2023,新疆,本科二批,理科,,,298,,
2779,天津商业大学宝德学院,2023,新疆,本科二批,理科,,,304,35099,
2780,天津医科大学临床医学院,2023,新疆,本科二批,理科,,,342,,
2781,长春人文学院,2023,新疆,本科二批,理科,,,290,,
2783,武汉工程科技学院,2023,新疆,本科二批,理科,,,307,,
2784,电子科技大学成都学院,2023,新疆,本科二批,理科,,,360,,
2785,武汉华夏理工学院,2023,新疆,本科二批,理科,,,308,,
2786,广州商学院,2023,新疆,本科二批,理科,,,321,,
2787,成都理工大学工程技术学院,2023,新疆,本科二批,理科,,,338,,
2789,成都银杏酒店管理学院,2023,新疆,本科二批,理科,,,300,,
2790,成都文理学院,2023,新疆,本科二批,理科,,,337,,
2791,四川工商学院,2023,新疆,本科二批,理科,,,326,,
2796,西安交通大学城市学院,2023,新疆,本科二批,理科,,,327,,
2798,西安建筑科技大学华清学院,2023,新疆,本科二批,理科,,,313,,
2799,西安财经大学行知学院,2023,新疆,本科二批,理科,,,325,,
2800,陕西科技大学镐京学院,2023,新疆,本科二批,理科,,,306,,
2801,西安工商学院,2023,新疆,本科二批,理科,,,307,,
2802,延安大学西安创新学院,2023,新疆,本科二批,理科,,,290,,
2803,珠海科技学院,2023,新疆,本科二批,理科,,,343,,
2831,广州工商学院,2023,新疆,本科二批,理科,,,290,,
2836,广东科技学院,2023,新疆,本科二批,理科,,,292,,
2837,广东理工学院,2023,新疆,本科二批,理科,,,290,,
2838,广东工商职业技术大学,2023,新疆,本科二批,理科,,,286,,
2840,新疆天山职业技术大学,2023,新疆,本科二批,理科,,,299,,
2851,西安汽车职业大学,2023,新疆,本科二批,理科,,,303,,
2857,黑河学院,2023,新疆,本科二批,理科,,,342,,
2875,福建江夏学院,2023,新疆,本科二批,理科,,,374,,
2918,湖南应用技术学院,2023,新疆,本科二批,理科,,,301,,
2920,琼台师范学院,2023,新疆,本科二批,理科,,,371,,
2925,四川工业科技学院,2023,新疆,本科二批,理科,,,330,,
2939,南京理工大学泰州科技学院,2023,新疆,本科二批,理科,,,342,,
2976,保定理工学院,2023,新疆,本科二批,理科,,,299,,
2977,三亚学院,2023,新疆,本科二批,理科,,,285,,
2978,上海师范大学天华学院,2023,新疆,本科二批,理科,,,291,,
2979,西安明德理工学院,2023,新疆,本科二批,理科,,,307,,
2980,燕京理工学院,2023,新疆,本科二批,理科,,,305,,
2982,天津理工大学中环信息学院,2023,新疆,本科二批,理科,,,337,,
2983,北京科技大学天津学院,2023,新疆,本科二批,理科,,,313,,
2984,北京中医药大学东方学院,2023,新疆,本科二批,理科,,,344,,
2985,辽宁财贸学院,2023,新疆,本科二批,理科,,,287,,
2986,北京邮电大学世纪学院,2023,新疆,本科二批,理科,,,333,,
2987,广州新华学院,2023,新疆,本科二批,理科,,,304,,
2989,北京工业大学耿丹学院,2023,新疆,本科二批,理科,,,304,,
2991,南京师范大学中北学院,2023,新疆,本科二批,理科,,,327,,
3061,南京医科大学康达学院,2023,新疆,本科二批,理科,,,369,,
3063,无锡学院,2023,新疆,本科二批,理科,,,395,,
3068,扬州大学广陵学院,2023,新疆,本科二批,理科,,,340,,
3069,江苏师范大学科文学院,2023,新疆,本科二批,理科,,,339,,
3070,南京邮电大学通达学院,2023,新疆,本科二批,理科,,,357,,
3074,南通大学杏林学院,2023,新疆,本科二批,理科,,,341,,
3075,南京审计大学金审学院,2023,新疆,本科二批,理科,,,395,,
3076,青岛工学院,2023,新疆,本科二批,理科,,,296,,
3078,齐鲁理工学院,2023,新疆,本科二批,理科,,,296,,
3079,山东财经大学东方学院,2023,新疆,本科二批,理科,,,308,,
3081,聊城大学东昌学院,2023,新疆,本科二批,理科,,,315,,
3108,西安信息职业大学,2023,新疆,本科二批,理科,,,307,,
3114,西南财经大学天府学院,2023,新疆,本科二批,理科,,,341,,
3115,天津仁爱学院,2023,新疆,本科二批,理科,,,296,,
3116,四川大学锦江学院,2023,新疆,本科二批,理科,,,347,,
3117,郑州商学院,2023,新疆,本科二批,理科,,,313,,
3118,西安理工大学高科学院,2023,新疆,本科二批,理科,,,325,,
3119,西安科技大学高新学院,2023,新疆,本科二批,理科,,,319,,
3120,四川文化艺术学院,2023,新疆,本科二批,理科,,,306,,
3121,绵阳城市学院,2023,新疆,本科二批,理科,,,314,,
3122,福建农林大学金山学院,2023,新疆,本科二批,理科,,,304,,
3158,天津财经大学珠江学院,2023,新疆,本科二批,理科,,,316,,
3216,海南科技职业大学,2023,新疆,本科二批,理科,,,285,,
3240,内蒙古大学创业学院,2023,新疆,本科二批,理科,,,305,,
3242,北京第二外国语学院中瑞酒店管理学院,2023,新疆,本科二批,理科,,,287,,
3243,沧州交通学院,2023,新疆,本科二批,理科,,,307,,
3260,河北东方学院,2023,新疆,本科二批,理科,,,304,,
3294,西南交通大学希望学院,2023,新疆,本科二批,理科,,,334,,
3305,浙江外国语学院,2023,新疆,本科二批,理科,,,377,,
3356,郑州升达经贸管理学院,2023,新疆,本科二批,理科,,,309,,
3407,陕西学前师范学院,2023,新疆,本科二批,理科,,,388,,
3445,山西传媒学院,2023,新疆,本科二批,理科,,,381,,
3446,营口理工学院,2023,新疆,本科二批,理科,,,355,,
3520,山西工程技术学院,2023,新疆,本科二批,理科,,,360,,
3664,内蒙古科技大学包头师范学院,2023,新疆,本科二批,理科,,,335,,
3671,内蒙古科技大学包头医学院,2023,新疆,本科二批,理科,,,361,,
3802,福建技术师范学院,2023,新疆,本科二批,理科,,,359,,
3877,河北石油职业技术大学,2023,新疆,本科二批,理科,,,350,,
3878,河北工业职业技术大学,2023,新疆,本科二批,理科,,,343,,
3879,兰州资源环境职业技术大学,2023,新疆,本科二批,理科,,,338,,
3880,兰州石化职业技术大学,2023,新疆,本科二批,理科,,,340,,
5130,喀什大学,2023,新疆,本科二批,理科,,,311,,
7029,太原科技大学,2023,新疆,本科二批,理科,,,399,,
7032,山西农业大学,2023,新疆,本科二批,理科,,,365,,
7035,山西大同大学,2023,新疆,本科二批,理科,,,372,,
7036,山西财经大学,2023,新疆,本科二批,理科,,,386,,
7111,浙江海洋大学,2023,新疆,本科二批,理科,,,405,,
7113,温州医科大学,2023,新疆,本科二批,理科,,,390,,
7128,淮南师范学院,2023,新疆,本科二批,理科,,,358,,
7130,福建理工大学,2023,新疆,本科二批,理科,,,388,,
7136,武夷学院,2023,新疆,本科二批,理科,,,364,,
7156,聊城大学,2023,新疆,本科二批,理科,,,374,,
7172,信阳师范大学,2023,新疆,本科二批,理科,,,360,,
7185,湖北汽车工业学院,2023,新疆,本科二批,理科,,,380,,
7208,西华大学,2023,新疆,本科二批,理科,,,359,,
7217,河北科技师范学院,2023,新疆,本科二批,理科,,,340,,
7236,大连大学,2023,新疆,本科二批,理科,,,375,,
7241,龙岩学院,2023,新疆,本科二批,理科,,,360,,
7246,辽宁科技学院,2023,新疆,本科二批,理科,,,355,,
7265,河南城建学院,2023,新疆,本科二批,理科,,,357,,
7266,辽东学院,2023,新疆,本科二批,理科,,,353,,
7270,上海第二工业大学,2023,新疆,本科二批,理科,,,392,,
7272,湖南科技大学潇湘学院,2023,新疆,本科二批,理科,,,325,,
7281,浙大宁波理工学院,2023,新疆,本科二批,理科,,,383,,
7285,浙江理工大学科技与艺术学院,2023,新疆,本科二批,理科,,,308,,
7301,吉林医药学院,2023,新疆,本科二批,理科,,,355,,
7309,苏州大学应用技术学院,2023,新疆,本科二批,理科,,,333,,
7313,常州大学怀德学院,2023,新疆,本科二批,理科,,,312,,
7317,湖北第二师范学院,2023,新疆,本科二批,理科,,,350,,
7318,太原工业学院,2023,新疆,本科二批,理科,,,360,,
7401,河北地质大学,2023,新疆,本科二批,理科,,,370,,
7402,衡水学院,2023,新疆,本科二批,理科,,,355,,
7436,浙江科技大学,2023,新疆,本科二批,理科,,,387,,
7503,沈阳大学,2023,新疆,本科二批,理科,,,365,,
8015,中原工学院,2023,新疆,本科二批,理科,,,358,,
8033,榆林学院,2023,新疆,本科二批,理科,,,338,,
,云南农业大学,2023,新疆,本科二批,理科,,,375,,
1035,中国消防救援学院,2023,新疆,本科提前批,理科,,,400,,
1037,中国人民公安大学,2023,新疆,本科提前批,理科,,,439,,
1146,中国刑事警察学院,2023,新疆,本科提前批,理科,,,392,,
3765,陆军工程大学,2023,新疆,本科提前批,理科,,,427,,
3771,中国人民解放军陆军军医大学,2023,新疆,本科提前批,理科,,,406,,
,中央音乐学院,2023,新疆,本科提前批艺术类A段,理科,,,214,,
1004,北京交通大学,2023,新疆,高校专项计划,理科,,,525,,
1450,广西大学,2023,新疆,高校专项计划批,理科,,,451,10209,
1240,南京农业大学,2023,新疆,高校专项计划本科批,理科,,,430,,
1500,西南政法大学,2023,新疆,高校专项计划本科批,理科,,,532,,
1505,贵州大学,2023,新疆,高校专项计划本科批,理科,,,425,,
1519,云南大学,2023,新疆,高校专项计划本科批,理科,,,428,,
1385,武汉工程大学,2023,新疆,艺术类本科批,艺术文,,,284,,
7321,江苏第二师范学院,2023,新疆,艺术类本科批,艺术文,,,275,,
2779,天津商业大学宝德学院,2023,新疆,艺术类本科提前批,艺术文,,,287,,
1385,武汉工程大学,2023,新疆,艺术类本科批,艺术理,,,284,,
1813,湖南女子学院,2023,新疆,本科二批,艺术类,,,251,,
3881,上海闵行职业技术学院,2023,新疆,艺术类专科批,艺术类,,,140,,
2574,昆明城市学院,2023,新疆,艺术类本科批,艺术类,,,209,,
2723,吉林建筑科技学院,2023,新疆,艺术类本科批,艺术类,,,236,,
1422,湖南科技学院,2023,新疆,艺术类本科提前批,艺术类,,,246,,
1522,西南林业大学,2023,新疆,艺术类本科提前批,艺术类,,,263,,
