school_id,school_name,year,province,batch,subject,major_group,major,score,rank,plan
1001,清华大学,2023,江苏,本科批,物理类,,,680,10269,197
1001,清华大学,2024,江苏,本科批,物理类,,,692,8828,62
1001,清华大学,2023,江苏,本科批,历史类,,,690,3168,196
1001,清华大学,2024,江苏,本科批,历史类,,,687,3290,191
1002,北京大学,2023,江苏,本科批,物理类,,,688,9284,43
1002,北京大学,2024,江苏,本科批,物理类,,,683,9888,62
1002,北京大学,2023,江苏,本科批,历史类,,,686,3332,185
1002,北京大学,2024,江苏,本科批,历史类,,,679,3639,35
1003,复旦大学,2023,江苏,本科批,物理类,,,666,12251,197
1003,复旦大学,2024,江苏,本科批,物理类,,,657,13722,51
1003,复旦大学,2023,江苏,本科批,历史类,,,655,4925,42
1003,复旦大学,2024,江苏,本科批,历史类,,,664,4397,36
1004,上海交通大学,2023,江苏,本科批,物理类,,,658,13550,178
1004,上海交通大学,2024,江苏,本科批,物理类,,,653,14432,64
1004,上海交通大学,2023,江苏,本科批,历史类,,,661,4566,128
1004,上海交通大学,2024,江苏,本科批,历史类,,,661,4566,137
1005,浙江大学,2023,江苏,本科批,物理类,,,649,15178,141
1005,浙江大学,2024,江苏,本科批,物理类,,,651,14800,60
1005,浙江大学,2023,江苏,本科批,历史类,,,655,4925,147
1005,浙江大学,2024,江苏,本科批,历史类,,,659,4683,114
1006,南京大学,2023,江苏,本科批,物理类,,,656,13896,103
1006,南京大学,2024,江苏,本科批,物理类,,,645,15963,162
1006,南京大学,2023,江苏,本科批,历史类,,,654,4987,106
1006,南京大学,2024,江苏,本科批,历史类,,,656,4863,26
1007,中国科学技术大学,2023,江苏,本科批,物理类,,,646,15763,53
1007,中国科学技术大学,2024,江苏,本科批,物理类,,,651,14800,75
1007,中国科学技术大学,2023,江苏,本科批,历史类,,,645,5587,150
1007,中国科学技术大学,2024,江苏,本科批,历史类,,,645,5587,189
1008,华中科技大学,2023,江苏,本科批,物理类,,,637,17656,31
1008,华中科技大学,2024,江苏,本科批,物理类,,,637,17656,132
1008,华中科技大学,2023,江苏,本科批,历史类,,,633,6499,63
1008,华中科技大学,2024,江苏,本科批,历史类,,,635,6337,138
1009,武汉大学,2023,江苏,本科批,物理类,,,629,19529,166
1009,武汉大学,2024,江苏,本科批,物理类,,,632,18804,93
1009,武汉大学,2023,江苏,本科批,历史类,,,624,7279,198
1009,武汉大学,2024,江苏,本科批,历史类,,,635,6337,162
1010,中山大学,2023,江苏,本科批,物理类,,,626,20281,29
1010,中山大学,2024,江苏,本科批,物理类,,,625,20539,20
1010,中山大学,2023,江苏,本科批,历史类,,,626,7098,101
1010,中山大学,2024,江苏,本科批,历史类,,,624,7279,144
1011,西安交通大学,2023,江苏,本科批,物理类,,,622,21330,102
1011,西安交通大学,2024,江苏,本科批,物理类,,,631,19043,60
1011,西安交通大学,2023,江苏,本科批,历史类,,,621,7560,132
1011,西安交通大学,2024,江苏,本科批,历史类,,,620,7656,187
1012,北京航空航天大学,2023,江苏,本科批,物理类,,,617,22717,88
1012,北京航空航天大学,2024,江苏,本科批,物理类,,,629,19529,51
1012,北京航空航天大学,2023,江苏,本科批,历史类,,,628,6921,157
1012,北京航空航天大学,2024,江苏,本科批,历史类,,,622,7465,69
1013,同济大学,2023,江苏,本科批,物理类,,,625,20539,97
1013,同济大学,2024,江苏,本科批,物理类,,,622,21330,57
1013,同济大学,2023,江苏,本科批,历史类,,,621,7560,71
1013,同济大学,2024,江苏,本科批,历史类,,,627,7009,109
1014,北京理工大学,2023,江苏,本科批,物理类,,,624,20799,145
1014,北京理工大学,2024,江苏,本科批,物理类,,,616,23006,111
1014,北京理工大学,2023,江苏,本科批,历史类,,,614,8257,100
1014,北京理工大学,2024,江苏,本科批,历史类,,,625,7188,65
1015,哈尔滨工业大学,2023,江苏,本科批,物理类,,,620,21875,35
1015,哈尔滨工业大学,2024,江苏,本科批,物理类,,,618,22433,160
1015,哈尔滨工业大学,2023,江苏,本科批,历史类,,,619,7753,104
1015,哈尔滨工业大学,2024,江苏,本科批,历史类,,,617,7951,68
1016,天津大学,2023,江苏,本科批,物理类,,,615,23297,197
1016,天津大学,2024,江苏,本科批,物理类,,,613,23892,28
1016,天津大学,2023,江苏,本科批,历史类,,,606,9133,26
1016,天津大学,2024,江苏,本科批,历史类,,,612,8468,31
1017,东南大学,2023,江苏,本科批,物理类,,,612,24195,200
1017,东南大学,2024,江苏,本科批,物理类,,,616,23006,18
1017,东南大学,2023,江苏,本科批,历史类,,,617,7951,11
1017,东南大学,2024,江苏,本科批,历史类,,,607,9019,111
1018,厦门大学,2023,江苏,本科批,物理类,,,609,25127,166
1018,厦门大学,2024,江苏,本科批,物理类,,,608,25446,132
1018,厦门大学,2023,江苏,本科批,历史类,,,614,8257,64
1018,厦门大学,2024,江苏,本科批,历史类,,,603,9485,26
1019,华南理工大学,2023,江苏,本科批,物理类,,,610,24813,37
1019,华南理工大学,2024,江苏,本科批,物理类,,,607,25769,17
1019,华南理工大学,2023,江苏,本科批,历史类,,,605,9249,24
1019,华南理工大学,2024,江苏,本科批,历史类,,,605,9249,103
1020,北京师范大学,2023,江苏,本科批,物理类,,,603,27101,46
1020,北京师范大学,2024,江苏,本科批,物理类,,,610,24813,102
1020,北京师范大学,2023,江苏,本科批,历史类,,,603,9485,167
1020,北京师范大学,2024,江苏,本科批,历史类,,,604,9366,107
1021,电子科技大学,2023,江苏,本科批,物理类,,,597,29230,190
1021,电子科技大学,2024,江苏,本科批,物理类,,,607,25769,50
1021,电子科技大学,2023,江苏,本科批,历史类,,,601,9727,176
1021,电子科技大学,2024,江苏,本科批,历史类,,,604,9366,16
1022,中南大学,2023,江苏,本科批,物理类,,,596,29601,33
1022,中南大学,2024,江苏,本科批,物理类,,,595,29976,24
1022,中南大学,2023,江苏,本科批,历史类,,,600,9851,136
1022,中南大学,2024,江苏,本科批,历史类,,,602,9605,132
1023,山东大学,2023,江苏,本科批,物理类,,,592,31131,119
1023,山东大学,2024,江苏,本科批,物理类,,,600,28145,133
1023,山东大学,2023,江苏,本科批,历史类,,,597,10230,153
1023,山东大学,2024,江苏,本科批,历史类,,,599,9975,132
1024,大连理工大学,2023,江苏,本科批,物理类,,,596,29601,104
1024,大连理工大学,2024,江苏,本科批,物理类,,,601,27793,177
1024,大连理工大学,2023,江苏,本科批,历史类,,,592,10896,172
1024,大连理工大学,2024,江苏,本科批,历史类,,,598,10102,25
1025,重庆大学,2023,江苏,本科批,物理类,,,595,29976,160
1025,重庆大学,2024,江苏,本科批,物理类,,,591,31526,11
1025,重庆大学,2023,江苏,本科批,历史类,,,594,10624,185
1025,重庆大学,2024,江苏,本科批,历史类,,,591,11034,100
1026,吉林大学,2023,江苏,本科批,物理类,,,593,30741,174
1026,吉林大学,2024,江苏,本科批,物理类,,,583,34870,131
1026,吉林大学,2023,江苏,本科批,历史类,,,589,11315,79
1026,吉林大学,2024,江苏,本科批,历史类,,,589,11315,200
1027,湖南大学,2023,江苏,本科批,物理类,,,580,36214,118
1027,湖南大学,2024,江苏,本科批,物理类,,,591,31526,39
1027,湖南大学,2023,江苏,本科批,历史类,,,582,12359,129
1027,湖南大学,2024,江苏,本科批,历史类,,,585,11900,169
1028,中国农业大学,2023,江苏,本科批,物理类,,,582,35312,69
1028,中国农业大学,2024,江苏,本科批,物理类,,,580,36214,73
1028,中国农业大学,2023,江苏,本科批,历史类,,,590,11174,125
1028,中国农业大学,2024,江苏,本科批,历史类,,,579,12835,153
1029,华东师范大学,2023,江苏,本科批,物理类,,,586,33576,142
1029,华东师范大学,2024,江苏,本科批,物理类,,,585,34002,166
1029,华东师范大学,2023,江苏,本科批,历史类,,,584,12051,42
1029,华东师范大学,2024,江苏,本科批,历史类,,,577,13163,149
1030,西北工业大学,2023,江苏,本科批,物理类,,,580,36214,137
1030,西北工业大学,2024,江苏,本科批,物理类,,,582,35312,172
1030,西北工业大学,2023,江苏,本科批,历史类,,,576,13330,121
1030,西北工业大学,2024,江苏,本科批,历史类,,,575,13499,179
2001,苏州大学,2023,江苏,本科批,物理类,,,573,39554,161
2001,苏州大学,2024,江苏,本科批,物理类,,,581,35760,98
2001,苏州大学,2023,江苏,本科批,历史类,,,572,14019,29
2001,苏州大学,2024,江苏,本科批,历史类,,,579,12835,169
2002,武汉理工大学,2023,江苏,本科批,物理类,,,567,42661,29
2002,武汉理工大学,2024,江苏,本科批,物理类,,,576,38086,129
2002,武汉理工大学,2023,江苏,本科批,历史类,,,564,15506,148
2002,武汉理工大学,2024,江苏,本科批,历史类,,,571,14197,37
2003,西南交通大学,2023,江苏,本科批,物理类,,,568,42126,113
2003,西南交通大学,2024,江苏,本科批,物理类,,,569,41599,62
2003,西南交通大学,2023,江苏,本科批,历史类,,,569,14559,14
2003,西南交通大学,2024,江苏,本科批,历史类,,,571,14197,96
2004,暨南大学,2023,江苏,本科批,物理类,,,561,46012,191
2004,暨南大学,2024,江苏,本科批,物理类,,,561,46012,46
2004,暨南大学,2023,江苏,本科批,历史类,,,561,16104,84
2004,暨南大学,2024,江苏,本科批,历史类,,,565,15312,104
2005,郑州大学,2023,江苏,本科批,物理类,,,556,49004,191
2005,郑州大学,2024,江苏,本科批,物理类,,,563,44866,165
2005,郑州大学,2023,江苏,本科批,历史类,,,564,15506,127
2005,郑州大学,2024,江苏,本科批,历史类,,,555,17369,77
2006,南京师范大学,2023,江苏,本科批,物理类,,,558,47784,196
2006,南京师范大学,2024,江苏,本科批,物理类,,,556,49004,30
2006,南京师范大学,2023,江苏,本科批,历史类,,,564,15506,123
2006,南京师范大学,2024,江苏,本科批,历史类,,,560,16308,48
2007,合肥工业大学,2023,江苏,本科批,物理类,,,553,50892,43
2007,合肥工业大学,2024,江苏,本科批,物理类,,,563,44866,56
2007,合肥工业大学,2023,江苏,本科批,历史类,,,556,17151,55
2007,合肥工业大学,2024,江苏,本科批,历史类,,,561,16104,168
2008,华中师范大学,2023,江苏,本科批,物理类,,,550,52853,100
2008,华中师范大学,2024,江苏,本科批,物理类,,,558,47784,56
2008,华中师范大学,2023,江苏,本科批,历史类,,,553,17812,82
2008,华中师范大学,2024,江苏,本科批,历史类,,,550,18498,128
2009,上海大学,2023,江苏,本科批,物理类,,,554,50255,150
2009,上海大学,2024,江苏,本科批,物理类,,,557,48390,129
2009,上海大学,2023,江苏,本科批,历史类,,,546,19455,100
2009,上海大学,2024,江苏,本科批,历史类,,,553,17812,159
2010,西北大学,2023,江苏,本科批,物理类,,,542,58460,98
2010,西北大学,2024,江苏,本科批,物理类,,,553,50892,13
2010,西北大学,2023,江苏,本科批,历史类,,,550,18498,28
2010,西北大学,2024,江苏,本科批,历史类,,,553,17812,35
3001,深圳大学,2023,江苏,本科批,物理类,,,536,63052,65
3001,深圳大学,2024,江苏,本科批,物理类,,,541,59202,23
3001,深圳大学,2023,江苏,本科批,历史类,,,545,19702,192
3001,深圳大学,2024,江苏,本科批,历史类,,,536,22068,173
3002,浙江工业大学,2023,江苏,本科批,物理类,,,532,66312,29
3002,浙江工业大学,2024,江苏,本科批,物理类,,,532,66312,73
3002,浙江工业大学,2023,江苏,本科批,历史类,,,530,23801,172
3002,浙江工业大学,2024,江苏,本科批,历史类,,,539,21249,189
3003,江苏大学,2023,江苏,本科批,物理类,,,534,64662,26
3003,江苏大学,2024,江苏,本科批,物理类,,,534,64662,129
3003,江苏大学,2023,江苏,本科批,历史类,,,534,22631,112
3003,江苏大学,2024,江苏,本科批,历史类,,,537,21792,70
3004,河南大学,2023,江苏,本科批,物理类,,,527,70625,185
3004,河南大学,2024,江苏,本科批,物理类,,,521,76173,147
3004,河南大学,2023,江苏,本科批,历史类,,,526,25032,192
3004,河南大学,2024,江苏,本科批,历史类,,,520,26998,191
3005,扬州大学,2023,江苏,本科批,物理类,,,518,79108,50
3005,扬州大学,2024,江苏,本科批,物理类,,,515,82156,159
3005,扬州大学,2023,江苏,本科批,历史类,,,526,25032,96
3005,扬州大学,2024,江苏,本科批,历史类,,,515,28754,56
3006,青岛大学,2023,江苏,本科批,物理类,,,520,77139,66
3006,青岛大学,2024,江苏,本科批,物理类,,,525,72428,87
3006,青岛大学,2023,江苏,本科批,历史类,,,513,29488,196
3006,青岛大学,2024,江苏,本科批,历史类,,,524,25671,32
4001,中原工学院,2023,江苏,本科批,物理类,,,498,101785,181
4001,中原工学院,2024,江苏,本科批,物理类,,,507,90871,156
4001,中原工学院,2023,江苏,本科批,历史类,,,501,34303,161
4001,中原工学院,2024,江苏,本科批,历史类,,,504,33030,110
4002,广东技术师范大学,2023,江苏,本科批,物理类,,,495,105707,134
4002,广东技术师范大学,2024,江苏,本科批,物理类,,,490,112583,123
4002,广东技术师范大学,2023,江苏,本科批,历史类,,,494,37466,138
4002,广东技术师范大学,2024,江苏,本科批,历史类,,,501,34303,62
4003,成都工业学院,2023,江苏,本科批,物理类,,,490,112583,35
4003,成都工业学院,2024,江苏,本科批,物理类,,,490,112583,148
4003,成都工业学院,2023,江苏,本科批,历史类,,,488,40409,73
4003,成都工业学院,2024,江苏,本科批,历史类,,,492,38423,69
5001,黄河科技学院,2023,江苏,本科批,物理类,,,457,170644,122
5001,黄河科技学院,2024,江苏,本科批,物理类,,,457,170644,159
5001,黄河科技学院,2023,江苏,本科批,历史类,,,458,58977,197
5001,黄河科技学院,2024,江苏,本科批,历史类,,,464,54682,151
5002,广州南方学院,2023,江苏,本科批,物理类,,,460,164312,196
5002,广州南方学院,2024,江苏,本科批,物理类,,,462,160223,135
5002,广州南方学院,2023,江苏,本科批,历史类,,,453,62813,28
5002,广州南方学院,2024,江苏,本科批,历史类,,,461,56789,89
6001,河南职业技术学院,2023,江苏,本科批,物理类,,,386,417535,109
6001,河南职业技术学院,2024,江苏,本科批,物理类,,,383,433624,53
6001,河南职业技术学院,2023,江苏,本科批,历史类,,,377,163689,168
6001,河南职业技术学院,2024,江苏,本科批,历史类,,,381,155642,158
6002,成都航空职业技术学院,2023,江苏,本科批,物理类,,,365,544042,180
6002,成都航空职业技术学院,2024,江苏,本科批,物理类,,,369,517296,139
6002,成都航空职业技术学院,2023,江苏,本科批,历史类,,,371,176547,11
6002,成都航空职业技术学院,2024,江苏,本科批,历史类,,,365,190414,55
1155,南京铁道职业技术学院,2025,江苏,专科批,历史类,,,474,36538,
1156,江苏经贸职业技术学院,2025,江苏,专科批,历史类,,,462,45734,
1159,南京机电职业技术学院,2025,江苏,专科批,历史类,（01）,,467,54407,
1160,南京旅游职业学院,2025,江苏,专科批,历史类,,,429,52005,
1171,江苏城市职业学院,2025,江苏,专科批,历史类,（01）,,423,64681,
1213,无锡科技职业学院,2025,江苏,专科批,历史类,,,429,47639,
1215,无锡工艺职业技术学院,2025,江苏,专科批,历史类,,,419,53003,
1217,无锡师范高等专科学校,2025,江苏,专科批,历史类,,,320,52005,
1230,江苏建筑职业技术学院,2025,江苏,专科批,历史类,（01）,,370,66698,
1232,徐州幼儿师范高等专科学校,2025,江苏,专科批,历史类,,,319,53482,
1250,常州信息职业技术学院,2025,江苏,专科批,历史类,,,462,39428,
1254,常州机电职业技术学院,2025,江苏,专科批,历史类,,,371,60918,
1275,苏州卫生职业技术学院,2025,江苏,专科批,历史类,（02）,,466,56398,
1279,苏州健雄职业技术学院,2025,江苏,专科批,历史类,,,308,68436,
1290,苏州幼儿师范高等专科学校,2025,江苏,专科批,历史类,（03）,,344,85761,
1312,江苏工程职业技术学院,2025,江苏,专科批,历史类,,,397,54928,
1330,连云港师范学院,2025,江苏,专科批,历史类,（02）,,390,69922,
1331,连云港职业技术学院,2025,江苏,专科批,历史类,,,319,46678,
1350,江苏电子信息职业学院,2025,江苏,专科批,历史类,（01）,,358,73110,
1392,扬州工业职业技术学院,2025,江苏,专科批,历史类,,,366,52005,
1410,镇江市高等专科学校,2025,江苏,专科批,历史类,,,356,45734,
1431,泰州职业技术学院,2025,江苏,专科批,历史类,（01）,,395,64681,
2134,上海旅游高等专科学校,2025,江苏,专科批,历史类,,,390,65158,
2150,上海农林职业技术学院,2025,江苏,专科批,历史类,（01）,,440,64221,
2154,上海交通职业技术学院,2025,江苏,专科批,历史类,（01）,,448,60918,
2166,上海行健职业学院,2025,江苏,专科批,历史类,（01）,,436,66916,
2170,上海现代化工职业学院,2025,江苏,专科批,历史类,（01）,,416,71606,
2174,上海浦东职业技术学院,2025,江苏,专科批,历史类,（01）,,431,61160,
2217,浙江经贸职业技术学院,2025,江苏,专科批,历史类,（01）,,474,56398,
2226,浙江邮电职业技术学院,2025,江苏,专科批,历史类,（01）,,457,63474,
2238,浙江国际海运职业技术学院,2025,江苏,专科批,历史类,（01）,,461,62482,
2247,浙江交通职业技术学院,2025,江苏,专科批,历史类,（01）,,406,74608,
2255,浙江机电职业技术大学,2025,江苏,专科批,历史类,（01）,,430,61699,
2260,浙江建设职业技术学院,2025,江苏,专科批,历史类,（01）,,440,67364,
2533,江西应用技术职业学院,2025,江苏,专科批,历史类,（01）,,306,92007,
2569,江西机电职业技术学院,2025,江苏,专科批,历史类,（01）,,309,87687,
2583,抚州医药学院,2025,江苏,专科批,历史类,,,353,85548,
2618,山东胜利职业学院,2025,江苏,专科批,历史类,（01）,,310,87232,
2679,枣庄职业学院,2025,江苏,专科批,历史类,（01）,,295,93047,
2685,滨州职业学院,2025,江苏,专科批,历史类,,,397,71606,
2686,威海职业学院,2025,江苏,专科批,历史类,（01）,,299,92667,
3329,河北交通职业技术学院,2025,江苏,专科批,历史类,（01）,,427,70125,
3354,河北轨道运输职业技术学院,2025,江苏,专科批,历史类,（01）,,436,63220,
3369,唐山幼儿师范高等专科学校,2025,江苏,专科批,历史类,（01）,,293,92362,
3376,河北化工医药职业技术学院,2025,江苏,专科批,历史类,（01）,,320,90494,
3379,河北科技工程职业技术大学,2025,江苏,专科批,历史类,（02）,,305,91829,
3435,临汾职业技术学院,2025,江苏,专科批,历史类,,,299,91736,
3438,太原幼儿师范高等专科学校,2025,江苏,专科批,历史类,（01）,,291,93398,
4221,长春金融高等专科学校,2025,江苏,专科批,历史类,（01）,,324,76666,
4338,黑龙江农业工程职业学院,2025,江苏,专科批,历史类,（01）,,354,68207,
5178,三门峡职业技术学院,2025,江苏,专科批,历史类,（01）,,290,92869,
5194,信阳职业技术学院,2025,江苏,专科批,历史类,（01）,,307,91168,
5225,汉江师范学院,2025,江苏,专科批,历史类,（02）,,399,67586,
5235,武汉民政职业学院,2025,江苏,专科批,历史类,（01）,,460,57020,
5283,湖北铁道运输职业学院,2025,江苏,专科批,历史类,（01）,,380,71169,
5291,襄阳职业技术学院,2025,江苏,专科批,历史类,（01）,,403,68658,
6190,四川水利职业技术学院,2025,江苏,专科批,历史类,（01）,,413,73110,
6216,重庆三峡医药高等专科学校,2025,江苏,专科批,历史类,（01）,,412,73331,
6240,重庆工信职业学院,2025,江苏,专科批,历史类,（01）,,300,92561,
6504,西藏职业技术学院,2025,江苏,专科批,历史类,（01）,,226,96338,
7532,喀什职业技术学院,2025,江苏,专科批,历史类,（01）,,274,90243,
7532,喀什职业技术学院,2025,江苏,专科批,历史类,（02）,,268,93674,
8001,上海杉达学院,2025,江苏,专科批,历史类,（02）,,412,70125,
8017,上海东海职业技术学院,2025,江苏,专科批,历史类,（01）,,377,79849,
8018,上海工商职业技术学院,2025,江苏,专科批,历史类,,,236,75062,
8019,上海震旦职业学院,2025,江苏,专科批,历史类,（01）,,381,68658,
8025,上海工商外国语职业学院,2025,江苏,专科批,历史类,（01）,,359,84727,
8026,上海邦德职业技术学院,2025,江苏,专科批,历史类,（01）,,312,90810,
8052,温州商学院,2025,江苏,专科批,历史类,（02）,,449,63984,
8758,三亚护理职业学院,2025,江苏,专科批,历史类,（01）,,228,96901,
8827,重庆建筑科技职业学院,2025,江苏,专科批,历史类,（01）,,277,90494,
8934,西安城市建设职业学院,2025,江苏,专科批,历史类,（01）,,243,92965,
1101,南京大学,2025,江苏,本科批,历史类,（03）,,643,194,
1102,东南大学,2025,江苏,本科批,历史类,（03）,,636,828,
1103,南京航空航天大学,2025,江苏,本科批,历史类,（01）,,614,1928,
1104,南京理工大学,2025,江苏,本科批,历史类,（01）,,610,3431,
1105,河海大学,2025,江苏,本科批,历史类,,,603,3605,
1105,河海大学,2025,江苏,本科批,历史类,（03）,,607,4104,
1106,南京信息工程大学,2025,江苏,本科批,历史类,,,569,5101,
1106,南京信息工程大学,2025,江苏,本科批,历史类,（02）,,596,6765,
1107,南京农业大学,2025,江苏,本科批,历史类,（01）,,595,4658,
1108,南京师范大学,2025,江苏,本科批,历史类,,,574,1337,
1108,南京师范大学,2025,江苏,本科批,历史类,（12）,,612,3431,
1108,南京师范大学,2025,江苏,本科批,历史类,（11）,,615,2944,
1109,中国药科大学,2025,江苏,本科批,历史类,（01）,,591,7551,
1110,南京工业大学,2025,江苏,本科批,历史类,（02）,,577,9942,
1111,南京邮电大学,2025,江苏,本科批,历史类,（02）,,582,7819,
1112,南京医科大学,2025,江苏,本科批,历史类,（01）,,577,11172,
1113,南京中医药大学,2025,江苏,本科批,历史类,,,541,5558,
1114,南京工程学院,2025,江苏,本科批,历史类,,,543,16741,
1115,南京林业大学,2025,江苏,本科批,历史类,,,573,8106,
1116,南京财经大学,2025,江苏,本科批,历史类,,,557,5558,
1117,南京体育学院,2025,江苏,本科批,历史类,,,485,27904,
1118,南京艺术学院,2025,江苏,本科批,历史类,（01）,,530,25582,
1119,南京审计大学,2025,江苏,本科批,历史类,,,560,4462,
1120,南京晓庄学院,2025,江苏,本科批,历史类,,,528,15975,
1120,南京晓庄学院,2025,江苏,本科批,历史类,（07）,,565,17140,
1120,南京晓庄学院,2025,江苏,本科批,历史类,（06）,,571,14850,
1128,金陵科技学院,2025,江苏,本科批,历史类,,,532,17140,
1131,江苏第二师范学院,2025,江苏,本科批,历史类,,,512,17574,
1131,江苏第二师范学院,2025,江苏,本科批,历史类,（10）,,556,20493,
1131,江苏第二师范学院,2025,江苏,本科批,历史类,（09）,,564,17574,
1133,南京特殊教育师范学院,2025,江苏,本科批,历史类,,,482,21405,
1133,南京特殊教育师范学院,2025,江苏,本科批,历史类,（04）,,549,24175,
1136,南京工业职业技术大学,2025,江苏,本科批,历史类,,,530,30301,
1201,江南大学,2025,江苏,本科批,历史类,,,590,3432,
1201,江南大学,2025,江苏,本科批,历史类,（08）,,605,4463,
1203,无锡学院,2025,江苏,本科批,历史类,（01）,,558,18813,
1221,中国矿业大学,2025,江苏,本科批,历史类,（01）,,596,4658,
1222,江苏师范大学,2025,江苏,本科批,历史类,（03）,,562,12244,
1222,江苏师范大学,2025,江苏,本科批,历史类,（05）,,572,14483,
1222,江苏师范大学,2025,江苏,本科批,历史类,（04）,,577,12628,
1223,徐州医科大学,2025,江苏,本科批,历史类,（01）,,557,20075,
1224,徐州工程学院,2025,江苏,本科批,历史类,（01）,,537,25115,
1242,常州大学,2025,江苏,本科批,历史类,,,532,13709,
1242,常州大学,2025,江苏,本科批,历史类,（02）,,563,18005,
1243,常州工学院,2025,江苏,本科批,历史类,,,489,22802,
1244,江苏理工学院,2025,江苏,本科批,历史类,,,537,20075,
1261,苏州大学,2025,江苏,本科批,历史类,,,596,2030,
1261,苏州大学,2025,江苏,本科批,历史类,（07）,,612,3431,
1262,苏州科技大学,2025,江苏,本科批,历史类,,,548,14850,
1262,苏州科技大学,2025,江苏,本科批,历史类,（04）,,565,15975,
1262,苏州科技大学,2025,江苏,本科批,历史类,（03）,,570,15246,
1263,苏州工学院,2025,江苏,本科批,历史类,,,482,21405,
1267,苏州城市学院,2025,江苏,本科批,历史类,（01）,,549,20075,
1270,苏州职业技术大学,2025,江苏,本科批,历史类,（01）,,530,33083,
1301,南通大学,2025,江苏,本科批,历史类,,,531,13709,
1301,南通大学,2025,江苏,本科批,历史类,（05）,,577,12628,
1321,江苏海洋大学,2025,江苏,本科批,历史类,（01）,,540,20075,
1321,江苏海洋大学,2025,江苏,本科批,历史类,（02）,,558,20075,
1330,连云港师范学院,2025,江苏,本科批,历史类,（01）,,511,31665,
1341,淮阴师范学院,2025,江苏,本科批,历史类,,,494,21405,
1341,淮阴师范学院,2025,江苏,本科批,历史类,（05）,,551,23247,
1341,淮阴师范学院,2025,江苏,本科批,历史类,（04）,,553,22327,
1342,淮阴工学院,2025,江苏,本科批,历史类,（01）,,539,23247,
1361,盐城工学院,2025,江苏,本科批,历史类,（01）,,533,25115,
1362,盐城师范学院,2025,江苏,本科批,历史类,（03）,,533,23247,
1362,盐城师范学院,2025,江苏,本科批,历史类,（05）,,542,26047,
1362,盐城师范学院,2025,江苏,本科批,历史类,（04）,,549,24175,
1381,扬州大学,2025,江苏,本科批,历史类,,,529,5101,
1381,扬州大学,2025,江苏,本科批,历史类,（17）,,591,8106,
1390,扬州职业技术大学,2025,江苏,本科批,历史类,（01）,,528,34079,
1401,江苏大学,2025,江苏,本科批,历史类,,,554,10856,
1401,江苏大学,2025,江苏,本科批,历史类,（03）,,581,11172,
1402,江苏科技大学,2025,江苏,本科批,历史类,,,550,14900,
1421,泰州学院,2025,江苏,本科批,历史类,,,490,28408,
1426,宿迁学院,2025,江苏,本科批,历史类,（01）,,532,28888,
1426,宿迁学院,2025,江苏,本科批,历史类,（02）,,539,28888,
1802,东南大学成贤学院,2025,江苏,本科批,历史类,,,521,32121,
1803,南京航空航天大学金城学院,2025,江苏,本科批,历史类,,,509,37028,
1803,南京航空航天大学金城学院,2025,江苏,本科批,历史类,（03）,,519,38488,
1804,南京理工大学紫金学院,2025,江苏,本科批,历史类,,,522,33083,
1807,南京审计大学金审学院,2025,江苏,本科批,历史类,（01）,,525,33083,
1810,南京工业大学浦江学院,2025,江苏,本科批,历史类,,,490,40423,
1816,南京财经大学红山学院,2025,江苏,本科批,历史类,（01）,,517,36049,
1826,中国矿业大学徐海学院,2025,江苏,本科批,历史类,（01）,,509,40423,
1827,江苏师范大学科文学院,2025,江苏,本科批,历史类,,,502,40897,
1827,江苏师范大学科文学院,2025,江苏,本科批,历史类,（05）,,506,44712,
1834,苏州大学应用技术学院,2025,江苏,本科批,历史类,（01）,,511,39909,
1835,苏州科技大学天平学院,2025,江苏,本科批,历史类,（01）,,516,34549,
1837,江苏科技大学苏州理工学院,2025,江苏,本科批,历史类,（01）,,512,40423,
1838,南通大学杏林学院,2025,江苏,本科批,历史类,（01）,,503,41387,
1838,南通大学杏林学院,2025,江苏,本科批,历史类,（02）,,496,49577,
1844,扬州大学广陵学院,2025,江苏,本科批,历史类,（01）,,518,36049,
1845,江苏大学京江学院,2025,江苏,本科批,历史类,（01）,,508,40897,
1845,江苏大学京江学院,2025,江苏,本科批,历史类,（02）,,500,47639,
1846,南京医科大学康达学院,2025,江苏,本科批,历史类,（01）,,503,42789,
1846,南京医科大学康达学院,2025,江苏,本科批,历史类,（02）,,493,50998,
1847,南京师范大学泰州学院,2025,江苏,本科批,历史类,,,518,34549,
1848,南京理工大学泰州科技学院,2025,江苏,本科批,历史类,（01）,,508,43730,
1850,南京邮电大学通达学院,2025,江苏,本科批,历史类,（01）,,516,39428,
1855,常州大学怀德学院,2025,江苏,本科批,历史类,（01）,,504,43275,
1858,南京师范大学中北学院,2025,江苏,本科批,历史类,,,507,36049,
1901,南京传媒学院,2025,江苏,本科批,历史类,,,483,47639,
1911,三江学院,2025,江苏,本科批,历史类,（01）,,498,43275,
1915,无锡太湖学院,2025,江苏,本科批,历史类,（01）,,502,34549,
1915,无锡太湖学院,2025,江苏,本科批,历史类,（02）,,505,45257,
1921,西交利物浦大学,2025,江苏,本科批,历史类,（01）,,560,19224,
1921,西交利物浦大学,2025,江苏,本科批,历史类,（02）,,579,11880,
1928,南通理工学院,2025,江苏,本科批,历史类,（01）,,499,46229,
2101,复旦大学,2025,江苏,本科批,历史类,（03）,,656,109,
2102,同济大学,2025,江苏,本科批,历史类,（02）,,641,587,
2102,同济大学,2025,江苏,本科批,历史类,（03）,,639,672,
2103,上海交通大学,2025,江苏,本科批,历史类,（02）,,659,109,
2104,华东理工大学,2025,江苏,本科批,历史类,（01）,,595,3741,
2105,东华大学,2025,江苏,本科批,历史类,（01）,,603,4269,
2106,华东师范大学,2025,江苏,本科批,历史类,,,625,587,
2106,华东师范大学,2025,江苏,本科批,历史类,（03）,,632,889,
2107,华东政法大学,2025,江苏,本科批,历史类,（01）,,624,958,
2109,上海外国语大学,2025,江苏,本科批,历史类,,,615,2253,
2109,上海外国语大学,2025,江苏,本科批,历史类,（03）,,626,1599,
2110,上海财经大学,2025,江苏,本科批,历史类,（01）,,629,540,
2110,上海财经大学,2025,江苏,本科批,历史类,（02）,,626,1599,
2111,上海师范大学,2025,江苏,本科批,历史类,,,575,6765,
2112,上海大学,2025,江苏,本科批,历史类,,,596,2785,
2114,上海对外经贸大学,2025,江苏,本科批,历史类,,,586,5101,
2115,上海理工大学,2025,江苏,本科批,历史类,,,578,10245,
2116,上海海洋大学,2025,江苏,本科批,历史类,（01）,,590,7287,
2117,上海海事大学,2025,江苏,本科批,历史类,（01）,,601,4889,
2118,上海电力大学,2025,江苏,本科批,历史类,（01）,,577,12628,
2119,上海体育大学,2025,江苏,本科批,历史类,,,581,9628,
2120,上海工程技术大学,2025,江苏,本科批,历史类,（01）,,570,14483,
2124,上海第二工业大学,2025,江苏,本科批,历史类,（01）,,562,18005,
2125,上海政法学院,2025,江苏,本科批,历史类,,,568,3605,
2131,上海海关学院,2025,江苏,本科批,历史类,（03）,,601,5558,
2137,上海立信会计金融学院,2025,江苏,本科批,历史类,（01）,,580,7287,
2141,上海商学院,2025,江苏,本科批,历史类,,,540,14850,
2201,浙江大学,2025,江苏,本科批,历史类,（01）,,642,156,
2202,中国计量大学,2025,江苏,本科批,历史类,（01）,,594,7023,
2203,浙江理工大学,2025,江苏,本科批,历史类,（01）,,578,12244,
2204,浙江工业大学,2025,江苏,本科批,历史类,（01）,,599,6031,
2205,中国美术学院,2025,江苏,本科批,历史类,（01）,,590,8106,
2206,浙江师范大学,2025,江苏,本科批,历史类,,,559,9329,
2207,浙江工商大学,2025,江苏,本科批,历史类,（01）,,586,5300,
2211,浙江传媒学院,2025,江苏,本科批,历史类,,,558,8399,
2212,浙江科技大学,2025,江苏,本科批,历史类,,,552,19646,
2213,浙江财经大学,2025,江苏,本科批,历史类,,,575,6765,
2214,浙江农林大学,2025,江苏,本科批,历史类,,,568,14117,
2216,浙江中医药大学,2025,江苏,本科批,历史类,（01）,,577,12628,
2221,宁波大学,2025,江苏,本科批,历史类,（01）,,591,7551,
2223,绍兴文理学院,2025,江苏,本科批,历史类,（01）,,514,40897,
2228,温州大学,2025,江苏,本科批,历史类,（01）,,567,15613,
2240,浙江外国语学院,2025,江苏,本科批,历史类,,,552,19224,
2245,宁波诺丁汉大学,2025,江苏,本科批,历史类,（01）,,579,9628,
2245,宁波诺丁汉大学,2025,江苏,本科批,历史类,（02）,,600,5796,
2248,温州肯恩大学,2025,江苏,本科批,历史类,（01）,,558,18813,
2249,浙大城市学院,2025,江苏,本科批,历史类,,,552,16346,
2250,浙大宁波理工学院,2025,江苏,本科批,历史类,（01）,,533,30732,
2261,湖州师范学院,2025,江苏,本科批,历史类,（01）,,556,20493,
2268,丽水学院,2025,江苏,本科批,历史类,（01）,,537,28408,
2268,丽水学院,2025,江苏,本科批,历史类,（02）,,548,24649,
2275,湖州学院,2025,江苏,本科批,历史类,（01）,,537,26540,
2277,嘉兴南湖学院,2025,江苏,本科批,历史类,（01）,,551,20493,
2279,绍兴理工学院,2025,江苏,本科批,历史类,（01）,,536,26047,
2302,合肥工业大学,2025,江苏,本科批,历史类,（01）,,594,7287,
2302,合肥工业大学,2025,江苏,本科批,历史类,（02）,,600,5101,
2303,安徽大学,2025,江苏,本科批,历史类,（01）,,592,6765,
2304,安徽医科大学,2025,江苏,本科批,历史类,（01）,,578,10245,
2305,安徽建筑大学,2025,江苏,本科批,历史类,（01）,,558,16346,
2306,安徽农业大学,2025,江苏,本科批,历史类,（01）,,566,15613,
2307,安徽中医药大学,2025,江苏,本科批,历史类,,,579,6031,
2309,安徽师范大学,2025,江苏,本科批,历史类,（02）,,564,10538,
2309,安徽师范大学,2025,江苏,本科批,历史类,（03）,,585,9942,
2321,安徽财经大学,2025,江苏,本科批,历史类,,,567,10856,
2327,合肥大学,2025,江苏,本科批,历史类,（01）,,558,18396,
2331,阜阳师范大学,2025,江苏,本科批,历史类,,,521,23719,
2342,宿州学院,2025,江苏,本科批,历史类,（01）,,542,27430,
2342,宿州学院,2025,江苏,本科批,历史类,（02）,,541,27904,
2343,安庆师范大学,2025,江苏,本科批,历史类,（01）,,549,24175,
2348,池州学院,2025,江苏,本科批,历史类,（01）,,532,32121,
2351,淮北师范大学,2025,江苏,本科批,历史类,,,553,18396,
2351,淮北师范大学,2025,江苏,本科批,历史类,（03）,,566,15613,
2351,淮北师范大学,2025,江苏,本科批,历史类,（04）,,555,19224,
2356,铜陵学院,2025,江苏,本科批,历史类,（01）,,549,24175,
2359,合肥师范学院,2025,江苏,本科批,历史类,（01）,,532,30301,
2361,安徽工业大学,2025,江苏,本科批,历史类,（01）,,568,15246,
2362,淮南师范学院,2025,江苏,本科批,历史类,（01）,,533,28408,
2362,淮南师范学院,2025,江苏,本科批,历史类,（02）,,547,25115,
2367,巢湖学院,2025,江苏,本科批,历史类,（01）,,497,49120,
2372,滁州学院,2025,江苏,本科批,历史类,（01）,,532,28408,
2381,黄山学院,2025,江苏,本科批,历史类,,,505,33083,
2401,福州大学,2025,江苏,本科批,历史类,（01）,,595,5300,
2402,福建农林大学,2025,江苏,本科批,历史类,（01）,,556,20493,
2405,福建理工大学,2025,江苏,本科批,历史类,（01）,,541,23247,
2410,三明学院,2025,江苏,本科批,历史类,（01）,,533,31664,
2411,厦门大学,2025,江苏,本科批,历史类,,,613,726,
2411,厦门大学,2025,江苏,本科批,历史类,（03）,,631,1171,
2412,集美大学,2025,江苏,本科批,历史类,（01）,,565,14483,
2413,厦门理工学院,2025,江苏,本科批,历史类,（01）,,548,22817,
2421,莆田学院,2025,江苏,本科批,历史类,（01）,,530,30732,
2422,华侨大学,2025,江苏,本科批,历史类,（01）,,566,11172,
2422,华侨大学,2025,江苏,本科批,历史类,（02）,,573,14117,
2437,武夷学院,2025,江苏,本科批,历史类,（01）,,528,33083,
2448,闽南师范大学,2025,江苏,本科批,历史类,（01）,,541,25582,
2501,江西财经大学,2025,江苏,本科批,历史类,,,582,4462,
2502,华东交通大学,2025,江苏,本科批,历史类,,,556,10245,
2504,江西中医药大学,2025,江苏,本科批,历史类,,,555,8399,
2504,江西中医药大学,2025,江苏,本科批,历史类,（03）,,555,21405,
2505,南昌大学,2025,江苏,本科批,历史类,（01）,,591,6276,
2506,南昌航空大学,2025,江苏,本科批,历史类,,,553,19646,
2507,江西科技师范大学,2025,江苏,本科批,历史类,（01）,,552,20075,
2508,江西农业大学,2025,江苏,本科批,历史类,,,549,21861,
2510,江西师范大学,2025,江苏,本科批,历史类,,,553,14117,
2510,江西师范大学,2025,江苏,本科批,历史类,（08）,,586,9628,
2510,江西师范大学,2025,江苏,本科批,历史类,（07）,,586,9628,
2511,江西水利电力大学,2025,江苏,本科批,历史类,（01）,,541,25116,
2512,江西警察学院,2025,江苏,本科批,历史类,（01）,,557,20493,
2521,江西理工大学,2025,江苏,本科批,历史类,（01）,,552,19646,
2523,赣南师范大学,2025,江苏,本科批,历史类,,,536,19646,
2523,赣南师范大学,2025,江苏,本科批,历史类,（07）,,549,22801,
2523,赣南师范大学,2025,江苏,本科批,历史类,（06）,,549,23719,
2527,新余学院,2025,江苏,本科批,历史类,,,530,31200,
2531,景德镇陶瓷大学,2025,江苏,本科批,历史类,（01）,,549,17140,
2539,豫章师范学院,2025,江苏,本科批,历史类,（01）,,539,28888,
2542,萍乡学院,2025,江苏,本科批,历史类,,,526,33554,
2543,南昌师范学院,2025,江苏,本科批,历史类,（01）,,532,32121,
2543,南昌师范学院,2025,江苏,本科批,历史类,（02）,,532,32121,
2551,宜春学院,2025,江苏,本科批,历史类,（01）,,528,29351,
2551,宜春学院,2025,江苏,本科批,历史类,（03）,,533,31664,
2551,宜春学院,2025,江苏,本科批,历史类,（02）,,519,38488,
2561,九江学院,2025,江苏,本科批,历史类,（01）,,529,32121,
2571,上饶师范学院,2025,江苏,本科批,历史类,（01）,,529,32121,
2571,上饶师范学院,2025,江苏,本科批,历史类,（02）,,536,30301,
2572,赣东学院,2025,江苏,本科批,历史类,（01）,,531,31200,
2573,赣南科技学院,2025,江苏,本科批,历史类,（01）,,527,33554,
2574,南昌医学院,2025,江苏,本科批,历史类,（01）,,533,31664,
2581,井冈山大学,2025,江苏,本科批,历史类,（01）,,539,25582,
2596,景德镇学院,2025,江苏,本科批,历史类,（01）,,530,32597,
2601,山东大学,2025,江苏,本科批,历史类,,,625,958,
2602,济南大学,2025,江苏,本科批,历史类,（01）,,559,18813,
2606,山东财经大学,2025,江苏,本科批,历史类,（01）,,575,9329,
2608,山东工艺美术学院,2025,江苏,本科批,历史类,,,524,34079,
2609,山东交通学院,2025,江苏,本科批,历史类,（01）,,544,25582,
2610,齐鲁工业大学,2025,江苏,本科批,历史类,（01）,,547,24175,
2611,山东理工大学,2025,江苏,本科批,历史类,（01）,,574,13709,
2612,山东艺术学院,2025,江苏,本科批,历史类,（01）,,529,33554,
2621,中国海洋大学,2025,江苏,本科批,历史类,,,616,2253,
2621,中国海洋大学,2025,江苏,本科批,历史类,（04）,,615,2944,
2622,青岛理工大学,2025,江苏,本科批,历史类,（01）,,561,18005,
2624,青岛大学,2025,江苏,本科批,历史类,（01）,,569,12977,
2631,山东农业大学,2025,江苏,本科批,历史类,（01）,,567,15613,
2635,潍坊学院,2025,江苏,本科批,历史类,（01）,,535,29839,
2635,潍坊学院,2025,江苏,本科批,历史类,（02）,,546,25115,
2641,中国石油大学（华东）,2025,江苏,本科批,历史类,（01）,,600,5796,
2642,聊城大学,2025,江苏,本科批,历史类,,,507,20075,
2645,临沂大学,2025,江苏,本科批,历史类,（01）,,548,23719,
2650,山东航空学院,2025,江苏,本科批,历史类,（01）,,550,23719,
2651,烟台大学,2025,江苏,本科批,历史类,（01）,,549,13709,
2652,山东工商学院,2025,江苏,本科批,历史类,（01）,,544,24649,
2653,鲁东大学,2025,江苏,本科批,历史类,（01）,,536,20075,
2661,山东大学（威海）,2025,江苏,本科批,历史类,（01）,,620,1693,
2669,菏泽学院,2025,江苏,本科批,历史类,（01）,,538,29351,
2671,曲阜师范大学,2025,江苏,本科批,历史类,（01）,,557,17574,
2683,德州学院,2025,江苏,本科批,历史类,（01）,,542,27430,
2691,山东第一医科大学,2025,江苏,本科批,历史类,（01）,,550,22801,
2701,山东女子学院,2025,江苏,本科批,历史类,（01）,,530,31664,
2702,济宁学院,2025,江苏,本科批,历史类,（01）,,530,33083,
2711,山东师范大学,2025,江苏,本科批,历史类,,,548,8976,
2711,山东师范大学,2025,江苏,本科批,历史类,（04）,,586,9628,
2755,山东石油化工学院,2025,江苏,本科批,历史类,,,542,25582,
306,中国民用航空飞行学院,2025,江苏,本科批,历史类,（01）,,554,20493,
306,中国民用航空飞行学院,2025,江苏,本科批,历史类,（02）,,561,18813,
3101,北京大学,2025,江苏,本科批,历史类,（03）,,666,109,
3102,中国人民大学,2025,江苏,本科批,历史类,（03）,,653,109,
3102,中国人民大学,2025,江苏,本科批,历史类,（04）,,657,109,
3102,中国人民大学（苏州校区）,2025,江苏,本科批,历史类,（02）,,627,1111,
3103,清华大学,2025,江苏,本科批,历史类,（02）,,679,109,
3104,北京师范大学,2025,江苏,本科批,历史类,（03）,,635,672,
3105,北京交通大学,2025,江苏,本科批,历史类,,,595,2383,
3105,北京交通大学（威海校区）,2025,江苏,本科批,历史类,（01）,,590,8399,
3106,北京航空航天大学,2025,江苏,本科批,历史类,（01）,,634,958,
3107,北京理工大学,2025,江苏,本科批,历史类,（01）,,629,1250,
3108,北京科技大学,2025,江苏,本科批,历史类,（01）,,608,2944,
3109,北京化工大学,2025,江苏,本科批,历史类,（01）,,597,5300,
3110,中国农业大学,2025,江苏,本科批,历史类,,,605,1599,
3111,中国地质大学（北京）,2025,江苏,本科批,历史类,（01）,,594,7287,
3112,中国政法大学,2025,江苏,本科批,历史类,,,631,497,
3112,中国政法大学,2025,江苏,本科批,历史类,（03）,,628,1337,
3114,北京林业大学,2025,江苏,本科批,历史类,,,598,4104,
3114,北京林业大学,2025,江苏,本科批,历史类,（04）,,601,5558,
3114,北京林业大学,2025,江苏,本科批,历史类,（03）,,593,7551,
3115,北京大学医学部,2025,江苏,本科批,历史类,（01）,,657,125,
3116,北京外国语大学,2025,江苏,本科批,历史类,（02）,,618,1599,
3116,北京外国语大学,2025,江苏,本科批,历史类,,,610,1337,
3117,北京语言大学,2025,江苏,本科批,历史类,,,546,7023,
3117,北京语言大学,2025,江苏,本科批,历史类,（04）,,595,6526,
3118,中国石油大学（北京）,2025,江苏,本科批,历史类,（01）,,601,5558,
3119,对外经济贸易大学,2025,江苏,本科批,历史类,（02）,,628,889,
3120,中央财经大学,2025,江苏,本科批,历史类,,,614,889,
3121,北京中医药大学,2025,江苏,本科批,历史类,（01）,,604,3605,
3122,中国矿业大学（北京）,2025,江苏,本科批,历史类,（01）,,592,7023,
3123,中国传媒大学,2025,江苏,本科批,历史类,,,604,2030,
3124,中央美术学院,2025,江苏,本科批,历史类,,,580,2510,
3125,中央戏剧学院,2025,江苏,本科批,历史类,（01）,,588,4104,
3127,北京体育大学,2025,江苏,本科批,历史类,,,544,7287,
3127,北京体育大学,2025,江苏,本科批,历史类,（04）,,595,7023,
3128,华北电力大学（北京）,2025,江苏,本科批,历史类,（01）,,598,4269,
3129,中央民族大学,2025,江苏,本科批,历史类,（01）,,616,1599,
3132,北京第二外国语学院,2025,江苏,本科批,历史类,（01）,,579,5796,
3133,首都师范大学,2025,江苏,本科批,历史类,（01）,,588,5796,
3136,北京物资学院,2025,江苏,本科批,历史类,（01）,,560,17574,
3139,北京印刷学院,2025,江苏,本科批,历史类,（01）,,559,19646,
3141,北京石油化工学院,2025,江苏,本科批,历史类,（01）,,551,20940,
3142,北京工商大学,2025,江苏,本科批,历史类,（01）,,566,16741,
3144,北京联合大学,2025,江苏,本科批,历史类,（01）,,561,18396,
3148,北京电影学院,2025,江苏,本科批,历史类,,,585,2784,
3153,华北科技学院,2025,江苏,本科批,历史类,（01）,,529,23719,
3154,首都经济贸易大学,2025,江苏,本科批,历史类,（01）,,583,9628,
3169,中国劳动关系学院,2025,江苏,本科批,历史类,（01）,,557,15246,
3176,民政职业大学,2025,江苏,本科批,历史类,（01）,,540,23247,
3201,南开大学,2025,江苏,本科批,历史类,（02）,,636,672,
3204,天津师范大学,2025,江苏,本科批,历史类,,,537,11515,
3204,天津师范大学,2025,江苏,本科批,历史类,（05）,,584,10245,
3204,天津师范大学,2025,江苏,本科批,历史类,（04）,,574,12977,
3205,中国民航大学,2025,江苏,本科批,历史类,（01）,,571,7287,
3205,中国民航大学,2025,江苏,本科批,历史类,（02）,,582,10856,
3206,天津工业大学,2025,江苏,本科批,历史类,,,563,8707,
3207,天津商业大学,2025,江苏,本科批,历史类,（01）,,565,15613,
3208,天津科技大学,2025,江苏,本科批,历史类,（01）,,560,15975,
3209,天津财经大学,2025,江苏,本科批,历史类,（01）,,579,8106,
3210,天津城建大学,2025,江苏,本科批,历史类,,,516,25582,
3211,天津外国语大学,2025,江苏,本科批,历史类,,,558,13339,
3211,天津外国语大学,2025,江苏,本科批,历史类,（05）,,573,11515,
3212,天津中医药大学,2025,江苏,本科批,历史类,（01）,,571,14483,
3213,天津农学院,2025,江苏,本科批,历史类,（01）,,533,27904,
3217,天津体育学院,2025,江苏,本科批,历史类,（01）,,528,33554,
3218,天津职业技术师范大学,2025,江苏,本科批,历史类,（01）,,548,20075,
3301,石家庄铁道大学,2025,江苏,本科批,历史类,,,566,15975,
3302,河北科技师范学院,2025,江苏,本科批,历史类,（01）,,532,27904,
3305,河北地质大学,2025,江苏,本科批,历史类,（01）,,546,23719,
3307,河北工业大学,2025,江苏,本科批,历史类,（01）,,591,8106,
3310,河北经贸大学,2025,江苏,本科批,历史类,,,535,16346,
3311,华北电力大学（保定）,2025,江苏,本科批,历史类,（01）,,590,7023,
3312,河北大学,2025,江苏,本科批,历史类,（01）,,567,15246,
3314,河北师范大学,2025,江苏,本科批,历史类,,,533,19224,
3315,河北金融学院,2025,江苏,本科批,历史类,,,525,24175,
3318,防灾科技学院,2025,江苏,本科批,历史类,（01）,,529,32597,
3320,河北环境工程学院,2025,江苏,本科批,历史类,（01）,,526,34079,
3321,燕山大学,2025,江苏,本科批,历史类,（01）,,567,15613,
3322,东北大学秦皇岛分校,2025,江苏,本科批,历史类,（01）,,602,4658,
3332,华北理工大学,2025,江苏,本科批,历史类,,,550,19224,
3332,华北理工大学,2025,江苏,本科批,历史类,（03）,,552,22801,
3333,衡水学院,2025,江苏,本科批,历史类,（01）,,528,34079,
3333,衡水学院,2025,江苏,本科批,历史类,（02）,,528,33554,
3341,北华航天工业学院,2025,江苏,本科批,历史类,（01）,,531,29351,
3344,邯郸学院,2025,江苏,本科批,历史类,（01）,,528,33554,
3350,张家口学院,2025,江苏,本科批,历史类,（01）,,528,34079,
3351,河北工程大学,2025,江苏,本科批,历史类,,,526,23719,
3362,邢台学院,2025,江苏,本科批,历史类,（01）,,526,34549,
3365,沧州师范学院,2025,江苏,本科批,历史类,（01）,,530,32597,
3379,河北科技工程职业技术大学,2025,江苏,本科批,历史类,（01）,,521,37529,
3401,山西大学,2025,江苏,本科批,历史类,（01）,,583,8707,
3402,中北大学,2025,江苏,本科批,历史类,（01）,,554,21861,
3403,山西财经大学,2025,江苏,本科批,历史类,,,553,17140,
3404,太原科技大学,2025,江苏,本科批,历史类,（01）,,553,21405,
3406,太原工业学院,2025,江苏,本科批,历史类,（01）,,526,34079,
3408,山西中医药大学,2025,江苏,本科批,历史类,,,578,7551,
3410,山西农业大学,2025,江苏,本科批,历史类,（01）,,537,27430,
3410,山西农业大学,2025,江苏,本科批,历史类,（02）,,543,23719,
3412,山西传媒学院,2025,江苏,本科批,历史类,（01）,,525,34079,
3415,山西师范大学,2025,江苏,本科批,历史类,（01）,,535,19224,
3415,山西师范大学,2025,江苏,本科批,历史类,（02）,,574,13709,
3416,太原师范学院,2025,江苏,本科批,历史类,（01）,,530,29351,
3416,太原师范学院,2025,江苏,本科批,历史类,（02）,,534,29839,
3417,山西大同大学,2025,江苏,本科批,历史类,（01）,,545,26047,
3417,山西大同大学,2025,江苏,本科批,历史类,（02）,,538,29351,
3418,运城学院,2025,江苏,本科批,历史类,（01）,,526,34079,
3418,运城学院,2025,江苏,本科批,历史类,（02）,,528,34079,
3429,山西工程科技职业大学,2025,江苏,本科批,历史类,（01）,,527,34549,
3431,吕梁学院,2025,江苏,本科批,历史类,（01）,,527,33554,
3431,吕梁学院,2025,江苏,本科批,历史类,（04）,,524,36049,
3431,吕梁学院,2025,江苏,本科批,历史类,（03）,,531,32597,
3431,吕梁学院,2025,江苏,本科批,历史类,（02）,,520,38007,
3432,晋中学院,2025,江苏,本科批,历史类,（01）,,524,35556,
3433,山西工程技术学院,2025,江苏,本科批,历史类,（01）,,527,34079,
3434,山西科技学院,2025,江苏,本科批,历史类,（01）,,528,34079,
3506,内蒙古民族大学,2025,江苏,本科批,历史类,（01）,,526,35055,
3511,内蒙古科技大学,2025,江苏,本科批,历史类,（01）,,545,26047,
3511,内蒙古科技大学,2025,江苏,本科批,历史类,（02）,,535,30732,
4101,东北大学,2025,江苏,本科批,历史类,（01）,,613,2944,
4102,辽宁大学,2025,江苏,本科批,历史类,,,573,5558,
4108,沈阳工业大学,2025,江苏,本科批,历史类,（01）,,549,22801,
4109,沈阳理工大学,2025,江苏,本科批,历史类,（01）,,551,18005,
4112,鞍山师范学院,2025,江苏,本科批,历史类,（01）,,524,34549,
4113,沈阳医学院,2025,江苏,本科批,历史类,（01）,,551,23247,
4114,辽宁中医药大学,2025,江苏,本科批,历史类,,,544,7551,
4117,沈阳师范大学,2025,江苏,本科批,历史类,,,519,25582,
4120,沈阳大学,2025,江苏,本科批,历史类,（01）,,548,24649,
4126,辽宁师范大学,2025,江苏,本科批,历史类,（01）,,547,25115,
4131,大连理工大学,2025,江苏,本科批,历史类,（01）,,610,2784,
4132,大连海事大学,2025,江苏,本科批,历史类,,,602,2944,
4133,东北财经大学,2025,江苏,本科批,历史类,,,584,3741,
4135,大连外国语大学,2025,江苏,本科批,历史类,,,552,14117,
4136,大连大学,2025,江苏,本科批,历史类,（01）,,548,23719,
4139,大连交通大学,2025,江苏,本科批,历史类,（01）,,561,18396,
4140,大连民族大学,2025,江苏,本科批,历史类,（01）,,539,28888,
4152,渤海大学,2025,江苏,本科批,历史类,,,539,25115,
4201,吉林大学,2025,江苏,本科批,历史类,,,617,726,
4201,吉林大学,2025,江苏,本科批,历史类,（04）,,620,2253,
4202,东北师范大学,2025,江苏,本科批,历史类,,,569,3741,
4202,东北师范大学,2025,江苏,本科批,历史类,（04）,,601,5558,
4204,长春大学,2025,江苏,本科批,历史类,,,502,28408,
4206,吉林财经大学,2025,江苏,本科批,历史类,,,556,16741,
4207,长春师范大学,2025,江苏,本科批,历史类,,,519,31200,
4208,长春理工大学,2025,江苏,本科批,历史类,（01）,,541,26982,
4209,长春工程学院,2025,江苏,本科批,历史类,（01）,,457,63474,
4210,吉林建筑大学,2025,江苏,本科批,历史类,,,528,32597,
4212,吉林工程技术师范学院,2025,江苏,本科批,历史类,（01）,,522,36538,
4213,吉林体育学院,2025,江苏,本科批,历史类,（01）,,526,35055,
4215,吉林师范大学,2025,江苏,本科批,历史类,,,534,20075,
4215,吉林师范大学,2025,江苏,本科批,历史类,（04）,,559,19646,
4220,吉林警察学院,2025,江苏,本科批,历史类,（01）,,551,23247,
4225,吉林农业科技学院,2025,江苏,本科批,历史类,（01）,,524,36049,
4228,吉林医药学院,2025,江苏,本科批,历史类,（01）,,528,33083,
4232,北华大学,2025,江苏,本科批,历史类,（01）,,541,26982,
4232,北华大学,2025,江苏,本科批,历史类,（02）,,547,25115,
4233,通化师范学院,2025,江苏,本科批,历史类,（01）,,524,35556,
4237,吉林工商学院,2025,江苏,本科批,历史类,（01）,,527,33083,
4241,白城师范学院,2025,江苏,本科批,历史类,（01）,,525,35055,
4241,白城师范学院,2025,江苏,本科批,历史类,（03）,,528,34079,
4241,白城师范学院,2025,江苏,本科批,历史类,（02）,,527,34549,
4301,哈尔滨工业大学,2025,江苏,本科批,历史类,（01）,,627,1489,
4302,哈尔滨工程大学,2025,江苏,本科批,历史类,,,591,6276,
4302,哈尔滨工程大学,2025,江苏,本科批,历史类,（03）,,605,4658,
4303,东北林业大学,2025,江苏,本科批,历史类,（01）,,586,7287,
4304,东北农业大学,2025,江苏,本科批,历史类,（01）,,584,8976,
4305,黑龙江中医药大学,2025,江苏,本科批,历史类,（01）,,594,7287,
4306,黑龙江工程学院,2025,江苏,本科批,历史类,（01）,,526,35055,
4307,哈尔滨商业大学,2025,江苏,本科批,历史类,（01）,,539,26047,
4309,哈尔滨医科大学,2025,江苏,本科批,历史类,,,569,11880,
4310,黑龙江科技大学,2025,江苏,本科批,历史类,（01）,,530,32121,
4311,黑龙江大学,2025,江苏,本科批,历史类,（02）,,558,15975,
4311,黑龙江大学,2025,江苏,本科批,历史类,（03）,,562,18396,
4312,哈尔滨师范大学,2025,江苏,本科批,历史类,（01）,,540,25115,
4314,牡丹江师范学院,2025,江苏,本科批,历史类,（01）,,525,34549,
4315,哈尔滨金融学院,2025,江苏,本科批,历史类,（01）,,529,29839,
4323,哈尔滨学院,2025,江苏,本科批,历史类,,,528,32597,
4323,哈尔滨学院,2025,江苏,本科批,历史类,（03）,,529,33554,
4324,大庆师范学院,2025,江苏,本科批,历史类,（01）,,524,36049,
4331,齐齐哈尔医学院,2025,江苏,本科批,历史类,（01）,,515,40423,
4332,齐齐哈尔大学,2025,江苏,本科批,历史类,（01）,,526,34549,
4371,延边大学,2025,江苏,本科批,历史类,（01）,,576,9942,
5101,郑州大学,2025,江苏,本科批,历史类,（01）,,605,4269,
5103,中原工学院,2025,江苏,本科批,历史类,（01）,,531,31664,
5104,河南工业大学,2025,江苏,本科批,历史类,（01）,,557,15246,
5105,郑州航空工业管理学院,2025,江苏,本科批,历史类,（01）,,536,26982,
5106,郑州轻工业大学,2025,江苏,本科批,历史类,（01）,,554,18005,
5110,河南科技学院,2025,江苏,本科批,历史类,（01）,,530,32121,
5114,河南中医药大学,2025,江苏,本科批,历史类,（01）,,562,18396,
5114,河南中医药大学,2025,江苏,本科批,历史类,（02）,,568,15975,
5117,河南农业大学,2025,江苏,本科批,历史类,（01）,,555,20493,
5118,信阳师范大学,2025,江苏,本科批,历史类,,,542,24175,
5119,河南财经政法大学,2025,江苏,本科批,历史类,（01）,,571,10856,
5122,河南工程学院,2025,江苏,本科批,历史类,（01）,,531,32121,
5122,河南工程学院,2025,江苏,本科批,历史类,（02）,,540,28408,
5125,周口师范学院,2025,江苏,本科批,历史类,（01）,,529,30301,
5125,周口师范学院,2025,江苏,本科批,历史类,（02）,,532,31664,
5131,洛阳理工学院,2025,江苏,本科批,历史类,（01）,,530,32121,
5132,河南科技大学,2025,江苏,本科批,历史类,（01）,,561,18396,
5133,洛阳师范学院,2025,江苏,本科批,历史类,（01）,,529,33083,
5134,平顶山学院,2025,江苏,本科批,历史类,（01）,,531,32121,
5134,平顶山学院,2025,江苏,本科批,历史类,（02）,,545,26047,
5141,河南大学,2025,江苏,本科批,历史类,,,566,8399,
5141,河南大学,2025,江苏,本科批,历史类,（04）,,585,9942,
5141,河南大学,2025,江苏,本科批,历史类,（03）,,589,8707,
5151,河南理工大学,2025,江苏,本科批,历史类,（01）,,556,20940,
5153,河南师范大学,2025,江苏,本科批,历史类,（01）,,560,19224,
5162,安阳师范学院,2025,江苏,本科批,历史类,（01）,,531,30732,
5162,安阳师范学院,2025,江苏,本科批,历史类,（02）,,534,31200,
5172,郑州工程技术学院,2025,江苏,本科批,历史类,（01）,,526,34549,
5173,新乡学院,2025,江苏,本科批,历史类,,,524,34549,
5174,许昌学院,2025,江苏,本科批,历史类,（01）,,528,31664,
5181,南阳师范学院,2025,江苏,本科批,历史类,,,510,30732,
5181,南阳师范学院,2025,江苏,本科批,历史类,（04）,,530,33083,
5182,南阳理工学院,2025,江苏,本科批,历史类,,,528,33083,
5191,黄淮学院,2025,江苏,本科批,历史类,,,521,32597,
5193,河南城建学院,2025,江苏,本科批,历史类,（01）,,522,36538,
5198,商丘师范学院,2025,江苏,本科批,历史类,（01）,,529,28408,
5198,商丘师范学院,2025,江苏,本科批,历史类,（03）,,530,33083,
5198,商丘师范学院,2025,江苏,本科批,历史类,（02）,,541,27904,
5201,武汉大学,2025,江苏,本科批,历史类,（03）,,641,299,
5201,武汉大学,2025,江苏,本科批,历史类,（04）,,639,672,
5202,华中科技大学,2025,江苏,本科批,历史类,（01）,,623,1111,
5203,华中师范大学,2025,江苏,本科批,历史类,（02）,,604,3741,
5203,华中师范大学,2025,江苏,本科批,历史类,（04）,,612,3431,
5203,华中师范大学,2025,江苏,本科批,历史类,（03）,,610,3741,
5204,华中农业大学,2025,江苏,本科批,历史类,（01）,,591,7551,
5205,中国地质大学（武汉）,2025,江苏,本科批,历史类,（01）,,594,4659,
5205,中国地质大学（武汉）,2025,江苏,本科批,历史类,（02）,,602,5102,
5206,中南财经政法大学,2025,江苏,本科批,历史类,,,556,1250,
5207,武汉理工大学,2025,江苏,本科批,历史类,（01）,,592,5558,
5208,中南民族大学,2025,江苏,本科批,历史类,,,572,11515,
5208,中南民族大学,2025,江苏,本科批,历史类,（03）,,577,12628,
5209,湖北大学,2025,江苏,本科批,历史类,（01）,,551,23247,
5210,湖北美术学院,2025,江苏,本科批,历史类,（01）,,528,34079,
5211,湖北中医药大学,2025,江苏,本科批,历史类,（01）,,578,6276,
5212,武汉纺织大学,2025,江苏,本科批,历史类,（01）,,559,18813,
5213,武汉体育学院,2025,江苏,本科批,历史类,（01）,,530,32597,
5215,武汉工程大学,2025,江苏,本科批,历史类,（01）,,564,16346,
5216,武汉轻工大学,2025,江苏,本科批,历史类,,,530,20940,
5217,武汉科技大学,2025,江苏,本科批,历史类,（01）,,567,12244,
5220,湖北第二师范学院,2025,江苏,本科批,历史类,,,508,25115,
5221,湖北经济学院,2025,江苏,本科批,历史类,,,529,18813,
5225,汉江师范学院,2025,江苏,本科批,历史类,（01）,,541,27430,
5243,长江大学,2025,江苏,本科批,历史类,（01）,,555,20075,
5251,三峡大学,2025,江苏,本科批,历史类,（01）,,550,22327,
5261,湖北师范大学,2025,江苏,本科批,历史类,（01）,,559,18813,
5261,湖北师范大学,2025,江苏,本科批,历史类,（02）,,565,17140,
5265,湖北理工学院,2025,江苏,本科批,历史类,（01）,,532,30732,
5267,湖北民族大学,2025,江苏,本科批,历史类,（01）,,545,25582,
5271,湖北警官学院,2025,江苏,本科批,历史类,（01）,,558,20075,
5285,荆楚理工学院,2025,江苏,本科批,历史类,（01）,,527,33554,
5287,湖北科技学院,2025,江苏,本科批,历史类,（01）,,529,33083,
5290,湖北文理学院,2025,江苏,本科批,历史类,（01）,,526,35055,
5295,湖北工程学院,2025,江苏,本科批,历史类,（01）,,528,25115,
5301,湖南大学,2025,江苏,本科批,历史类,（01）,,625,1416,
5302,中南大学,2025,江苏,本科批,历史类,（01）,,621,1928,
5303,湖南师范大学,2025,江苏,本科批,历史类,（01）,,593,5101,
5303,湖南师范大学,2025,江苏,本科批,历史类,（03）,,600,5558,
5303,湖南师范大学,2025,江苏,本科批,历史类,（02）,,599,5796,
5305,湖南农业大学,2025,江苏,本科批,历史类,（01）,,555,17140,
5306,湖南工商大学,2025,江苏,本科批,历史类,（01）,,557,18005,
5307,长沙理工大学,2025,江苏,本科批,历史类,（01）,,566,15613,
5308,长沙学院,2025,江苏,本科批,历史类,,,535,24649,
5308,长沙学院,2025,江苏,本科批,历史类,（04）,,536,30301,
5308,长沙学院,2025,江苏,本科批,历史类,（03）,,542,27430,
5310,湖南人文科技学院,2025,江苏,本科批,历史类,,,501,34549,
5310,湖南人文科技学院,2025,江苏,本科批,历史类,（03）,,530,33083,
5320,湖南财政经济学院,2025,江苏,本科批,历史类,（01）,,545,24649,
5321,湖南科技大学,2025,江苏,本科批,历史类,（01）,,549,13339,
5322,湖南工程学院,2025,江苏,本科批,历史类,（01）,,526,34549,
5323,湘潭大学,2025,江苏,本科批,历史类,（01）,,579,9329,
5327,湖南工学院,2025,江苏,本科批,历史类,（01）,,527,33554,
5331,中南林业科技大学,2025,江苏,本科批,历史类,（01）,,557,19224,
5332,湖南工业大学,2025,江苏,本科批,历史类,（01）,,551,20075,
5341,南华大学,2025,江苏,本科批,历史类,（01）,,554,20075,
5342,衡阳师范学院,2025,江苏,本科批,历史类,（01）,,528,28408,
5342,衡阳师范学院,2025,江苏,本科批,历史类,（02）,,556,20940,
5343,湖南文理学院,2025,江苏,本科批,历史类,（01）,,528,28408,
5351,湖南理工学院,2025,江苏,本科批,历史类,（01）,,529,31664,
5355,湖南城市学院,2025,江苏,本科批,历史类,（01）,,526,34079,
5361,吉首大学,2025,江苏,本科批,历史类,（01）,,543,26982,
5361,吉首大学,2025,江苏,本科批,历史类,（02）,,544,26047,
5371,邵阳学院,2025,江苏,本科批,历史类,（01）,,526,34079,
5380,长沙师范学院,2025,江苏,本科批,历史类,,,539,27904,
5381,湘南学院,2025,江苏,本科批,历史类,（01）,,529,31664,
5385,怀化学院,2025,江苏,本科批,历史类,（01）,,529,27430,
5385,怀化学院,2025,江苏,本科批,历史类,（02）,,532,32121,
5391,湖南科技学院,2025,江苏,本科批,历史类,（01）,,526,33554,
5391,湖南科技学院,2025,江苏,本科批,历史类,（02）,,534,31200,
5393,湖南女子学院,2025,江苏,本科批,历史类,（01）,,525,33083,
5401,中山大学,2025,江苏,本科批,历史类,（01）,,633,672,
5401,中山大学,2025,江苏,本科批,历史类,（02）,,630,1250,
5402,华南理工大学,2025,江苏,本科批,历史类,（01）,,624,1489,
5404,广东外语外贸大学,2025,江苏,本科批,历史类,（01）,,573,8976,
5404,广东外语外贸大学,2025,江苏,本科批,历史类,（02）,,578,12244,
5407,暨南大学,2025,江苏,本科批,历史类,（01）,,599,4104,
5412,广东金融学院,2025,江苏,本科批,历史类,（01）,,566,14483,
5413,华南师范大学,2025,江苏,本科批,历史类,（01）,,601,4269,
5414,广东财经大学,2025,江苏,本科批,历史类,（01）,,586,9329,
5416,广东轻工职业技术大学,2025,江苏,本科批,历史类,（01）,,525,35556,
5418,哈尔滨工业大学（深圳）,2025,江苏,本科批,历史类,（01）,,621,1795,
5419,广州大学,2025,江苏,本科批,历史类,,,556,11880,
5420,广州中医药大学,2025,江苏,本科批,历史类,（01）,,573,12977,
5421,汕头大学,2025,江苏,本科批,历史类,（01）,,570,10538,
5422,南方医科大学,2025,江苏,本科批,历史类,（01）,,572,8399,
5423,广州体育学院,2025,江苏,本科批,历史类,（01）,,530,33083,
5437,韶关学院,2025,江苏,本科批,历史类,（01）,,525,35556,
5451,深圳大学,2025,江苏,本科批,历史类,（01）,,601,2945,
5461,北师香港浸会大学,2025,江苏,本科批,历史类,（01）,,560,15246,
5477,岭南师范学院,2025,江苏,本科批,历史类,（01）,,530,33083,
5477,岭南师范学院,2025,江苏,本科批,历史类,（02）,,537,29839,
5479,深圳技术大学,2025,江苏,本科批,历史类,（01）,,580,9628,
5502,广西中医药大学,2025,江苏,本科批,历史类,（01）,,585,8106,
5504,南宁师范大学,2025,江苏,本科批,历史类,（01）,,541,27430,
5505,玉林师范学院,2025,江苏,本科批,历史类,,,522,34079,
5506,广西艺术学院,2025,江苏,本科批,历史类,（01）,,520,37028,
5510,桂林医科大学,2025,江苏,本科批,历史类,（01）,,529,33554,
5511,广西师范大学,2025,江苏,本科批,历史类,,,543,21405,
5512,桂林理工大学,2025,江苏,本科批,历史类,（01）,,529,29351,
5517,右江民族医学院,2025,江苏,本科批,历史类,（01）,,528,34079,
5518,广西民族师范学院,2025,江苏,本科批,历史类,（01）,,521,36538,
5519,贺州学院,2025,江苏,本科批,历史类,（01）,,524,35556,
5521,桂林航天工业学院,2025,江苏,本科批,历史类,（01）,,537,29839,
5522,桂林旅游学院,2025,江苏,本科批,历史类,,,483,55402,
5527,广西科技师范学院,2025,江苏,本科批,历史类,（01）,,525,35055,
5531,广西科技大学,2025,江苏,本科批,历史类,（01）,,529,33554,
5532,广西民族大学,2025,江苏,本科批,历史类,,,526,18813,
5561,梧州学院,2025,江苏,本科批,历史类,（01）,,525,34549,
5601,海南大学,2025,江苏,本科批,历史类,,,566,7287,
5601,海南大学,2025,江苏,本科批,历史类,（06）,,572,14483,
5602,海南师范大学,2025,江苏,本科批,历史类,,,528,20075,
5602,海南师范大学,2025,江苏,本科批,历史类,（04）,,557,20493,
5604,海南热带海洋学院,2025,江苏,本科批,历史类,,,487,34079,
5604,海南热带海洋学院,2025,江苏,本科批,历史类,（03）,,526,34549,
5619,琼台师范学院,2025,江苏,本科批,历史类,,,508,36049,
5619,琼台师范学院,2025,江苏,本科批,历史类,（03）,,529,33554,
6101,四川大学,2025,江苏,本科批,历史类,（02）,,623,1111,
6102,西南交通大学,2025,江苏,本科批,历史类,（01）,,592,6031,
6102,西南交通大学,2025,江苏,本科批,历史类,（02）,,596,6276,
6103,西南财经大学,2025,江苏,本科批,历史类,,,587,1250,
6105,西南民族大学,2025,江苏,本科批,历史类,（01）,,571,12628,
6106,成都理工大学,2025,江苏,本科批,历史类,（01）,,558,20075,
6107,成都信息工程大学,2025,江苏,本科批,历史类,（01）,,556,18813,
6108,成都体育学院,2025,江苏,本科批,历史类,,,531,11515,
6109,四川音乐学院,2025,江苏,本科批,历史类,,,528,33554,
6110,西华大学,2025,江苏,本科批,历史类,（01）,,550,21861,
6110,西华大学,2025,江苏,本科批,历史类,（02）,,561,18813,
6111,成都中医药大学,2025,江苏,本科批,历史类,（01）,,564,17574,
6112,电子科技大学,2025,江苏,本科批,历史类,（01）,,618,2383,
6114,成都大学,2025,江苏,本科批,历史类,,,548,18813,
6115,四川轻化工大学,2025,江苏,本科批,历史类,（01）,,544,25115,
6117,西昌学院,2025,江苏,本科批,历史类,（01）,,523,36049,
6118,内江师范学院,2025,江苏,本科批,历史类,（01）,,546,25582,
6118,内江师范学院,2025,江苏,本科批,历史类,（02）,,539,28888,
6120,四川警察学院,2025,江苏,本科批,历史类,（01）,,557,20493,
6129,成都师范学院,2025,江苏,本科批,历史类,（01）,,541,27904,
6129,成都师范学院,2025,江苏,本科批,历史类,（02）,,549,24175,
6131,西南科技大学,2025,江苏,本科批,历史类,（01）,,549,23719,
6140,四川师范大学,2025,江苏,本科批,历史类,,,566,12628,
6140,四川师范大学,2025,江苏,本科批,历史类,（03）,,574,11880,
6141,西南石油大学,2025,江苏,本科批,历史类,（01）,,564,17574,
6142,西华师范大学,2025,江苏,本科批,历史类,（01）,,549,23247,
6144,绵阳师范学院,2025,江苏,本科批,历史类,（01）,,527,34549,
6151,乐山师范学院,2025,江苏,本科批,历史类,（01）,,527,34079,
6161,川北医学院,2025,江苏,本科批,历史类,（01）,,527,34549,
6181,宜宾学院,2025,江苏,本科批,历史类,（01）,,531,31200,
6187,攀枝花学院,2025,江苏,本科批,历史类,（01）,,542,27430,
6201,重庆大学,2025,江苏,本科批,历史类,（02）,,626,1599,
6202,西南大学,2025,江苏,本科批,历史类,,,596,2944,
6202,西南大学,2025,江苏,本科批,历史类,（03）,,605,4658,
6203,西南政法大学,2025,江苏,本科批,历史类,,,609,1250,
6206,重庆工商大学,2025,江苏,本科批,历史类,（01）,,556,14118,
6207,重庆交通大学,2025,江苏,本科批,历史类,（01）,,556,20075,
6208,重庆理工大学,2025,江苏,本科批,历史类,,,557,20075,
6209,重庆邮电大学,2025,江苏,本科批,历史类,（01）,,560,19224,
6210,重庆师范大学,2025,江苏,本科批,历史类,,,545,18396,
6210,重庆师范大学,2025,江苏,本科批,历史类,（03）,,576,12977,
6211,四川美术学院,2025,江苏,本科批,历史类,（01）,,544,18813,
6212,四川外国语大学,2025,江苏,本科批,历史类,,,551,16347,
6212,四川外国语大学,2025,江苏,本科批,历史类,（06）,,567,15976,
6213,重庆三峡学院,2025,江苏,本科批,历史类,（01）,,530,31664,
6214,长江师范学院,2025,江苏,本科批,历史类,（01）,,532,28888,
6214,长江师范学院,2025,江苏,本科批,历史类,（02）,,519,38488,
6221,重庆科技大学,2025,江苏,本科批,历史类,（01）,,551,23247,
6301,贵州大学,2025,江苏,本科批,历史类,（01）,,591,7818,
6302,贵州中医药大学,2025,江苏,本科批,历史类,,,559,10856,
6304,贵州财经大学,2025,江苏,本科批,历史类,,,537,25115,
6308,安顺学院,2025,江苏,本科批,历史类,,,523,35055,
6310,黔南民族师范学院,2025,江苏,本科批,历史类,（01）,,522,36049,
6315,贵州工程应用技术学院,2025,江苏,本科批,历史类,（01）,,523,36538,
6315,贵州工程应用技术学院,2025,江苏,本科批,历史类,（02）,,522,37028,
6316,贵州商学院,2025,江苏,本科批,历史类,,,512,36049,
6317,遵义师范学院,2025,江苏,本科批,历史类,（01）,,531,32121,
6317,遵义师范学院,2025,江苏,本科批,历史类,（02）,,536,30301,
6320,六盘水师范学院,2025,江苏,本科批,历史类,（01）,,523,36538,
6323,贵州警察学院,2025,江苏,本科批,历史类,（01）,,556,20940,
6324,贵阳康养职业大学,2025,江苏,本科批,历史类,（01）,,522,37028,
6401,云南大学,2025,江苏,本科批,历史类,（01）,,589,8399,
6401,云南大学,2025,江苏,本科批,历史类,（02）,,602,4889,
6402,云南师范大学,2025,江苏,本科批,历史类,（01）,,559,17574,
6402,云南师范大学,2025,江苏,本科批,历史类,（02）,,565,16346,
6403,云南艺术学院,2025,江苏,本科批,历史类,（01）,,523,35055,
6404,昆明理工大学,2025,江苏,本科批,历史类,（01）,,557,18396,
6404,昆明理工大学,2025,江苏,本科批,历史类,（02）,,551,21861,
6405,云南农业大学,2025,江苏,本科批,历史类,,,537,25115,
6407,玉溪师范学院,2025,江苏,本科批,历史类,（01）,,529,32597,
6408,云南财经大学,2025,江苏,本科批,历史类,（01）,,548,16741,
6410,昆明学院,2025,江苏,本科批,历史类,（01）,,539,28888,
6411,大理大学,2025,江苏,本科批,历史类,（01）,,547,22801,
6411,大理大学,2025,江苏,本科批,历史类,（02）,,529,33554,
6413,红河学院,2025,江苏,本科批,历史类,（01）,,523,35556,
6414,云南民族大学,2025,江苏,本科批,历史类,（01）,,547,24649,
6414,云南民族大学,2025,江苏,本科批,历史类,（02）,,544,26540,
6417,曲靖师范学院,2025,江苏,本科批,历史类,（01）,,513,41387,
6417,曲靖师范学院,2025,江苏,本科批,历史类,（02）,,536,30301,
6419,普洱学院,2025,江苏,本科批,历史类,（01）,,522,37028,
6419,普洱学院,2025,江苏,本科批,历史类,（02）,,522,37028,
6420,文山学院,2025,江苏,本科批,历史类,（01）,,525,35556,
6501,西藏大学,2025,江苏,本科批,历史类,（01）,,575,13339,
7101,西北大学,2025,江苏,本科批,历史类,,,594,2945,
7102,西北工业大学,2025,江苏,本科批,历史类,（01）,,618,2030,
7102,西北工业大学,2025,江苏,本科批,历史类,（02）,,618,2510,
7103,陕西师范大学,2025,江苏,本科批,历史类,（01）,,599,4269,
7103,陕西师范大学,2025,江苏,本科批,历史类,（02）,,603,5101,
7104,西安交通大学,2025,江苏,本科批,历史类,（01）,,630,1111,
7107,长安大学,2025,江苏,本科批,历史类,,,584,6031,
7109,西北政法大学,2025,江苏,本科批,历史类,（01）,,612,2644,
7110,西安工程大学,2025,江苏,本科批,历史类,,,543,21405,
7111,西安财经大学,2025,江苏,本科批,历史类,（01）,,559,18813,
7113,西安石油大学,2025,江苏,本科批,历史类,（01）,,550,22327,
7114,西安医学院,2025,江苏,本科批,历史类,（01）,,527,34549,
7114,西安医学院,2025,江苏,本科批,历史类,（02）,,542,27430,
7115,西安工业大学,2025,江苏,本科批,历史类,（01）,,558,19224,
7117,西安外国语大学,2025,江苏,本科批,历史类,（02）,,562,12977,
7120,西安音乐学院,2025,江苏,本科批,历史类,（01）,,525,35556,
7122,西安文理学院,2025,江苏,本科批,历史类,,,529,33083,
7140,渭南师范学院,2025,江苏,本科批,历史类,,,484,31200,
7141,西北农林科技大学,2025,江苏,本科批,历史类,（01）,,601,4462,
7142,延安大学,2025,江苏,本科批,历史类,（01）,,547,20493,
7142,延安大学,2025,江苏,本科批,历史类,（02）,,554,21861,
7150,陕西学前师范学院,2025,江苏,本科批,历史类,（01）,,525,34549,
7150,陕西学前师范学院,2025,江苏,本科批,历史类,（02）,,530,33083,
7151,陕西科技大学,2025,江苏,本科批,历史类,（01）,,557,20493,
7162,宝鸡文理学院,2025,江苏,本科批,历史类,（01）,,526,35055,
7165,咸阳师范学院,2025,江苏,本科批,历史类,（01）,,503,46229,
7166,商洛学院,2025,江苏,本科批,历史类,（01）,,529,33554,
7167,陕西理工大学,2025,江苏,本科批,历史类,（01）,,543,23719,
7167,陕西理工大学,2025,江苏,本科批,历史类,（03）,,554,21861,
7167,陕西理工大学,2025,江苏,本科批,历史类,（02）,,557,20493,
7201,兰州大学,2025,江苏,本科批,历史类,（01）,,609,2253,
7201,兰州大学,2025,江苏,本科批,历史类,（02）,,612,2784,
7202,兰州理工大学,2025,江苏,本科批,历史类,（01）,,545,19224,
7203,兰州财经大学,2025,江苏,本科批,历史类,（01）,,538,25115,
7204,兰州交通大学,2025,江苏,本科批,历史类,（01）,,550,20493,
7205,西北民族大学,2025,江苏,本科批,历史类,,,529,28888,
7205,西北民族大学,2025,江苏,本科批,历史类,（05）,,557,20493,
7206,甘肃农业大学,2025,江苏,本科批,历史类,（01）,,542,26540,
7207,甘肃政法大学,2025,江苏,本科批,历史类,（01）,,564,11880,
7207,甘肃政法大学,2025,江苏,本科批,历史类,（02）,,563,18005,
7211,陇东学院,2025,江苏,本科批,历史类,（01）,,530,33083,
7214,西北师范大学,2025,江苏,本科批,历史类,（01）,,549,17140,
7214,西北师范大学,2025,江苏,本科批,历史类,（02）,,565,17140,
7216,天水师范大学,2025,江苏,本科批,历史类,（01）,,529,33083,
7218,兰州城市学院,2025,江苏,本科批,历史类,（01）,,520,36049,
7219,兰州文理学院,2025,江苏,本科批,历史类,（01）,,528,34079,
7222,兰州石化职业技术大学,2025,江苏,本科批,历史类,（01）,,523,36538,
7224,甘肃中医药大学,2025,江苏,本科批,历史类,（01）,,585,9942,
7302,青海民族大学,2025,江苏,本科批,历史类,,,525,34549,
7302,青海民族大学,2025,江苏,本科批,历史类,（03）,,545,26047,
7303,青海师范大学,2025,江苏,本科批,历史类,（01）,,530,30301,
7304,青海职业技术大学,2025,江苏,本科批,历史类,（01）,,519,37529,
7401,北方民族大学,2025,江苏,本科批,历史类,（01）,,540,25582,
7401,北方民族大学,2025,江苏,本科批,历史类,（02）,,538,29351,
7402,宁夏大学,2025,江苏,本科批,历史类,,,578,9329,
7501,新疆大学,2025,江苏,本科批,历史类,（01）,,577,11172,
7501,新疆大学,2025,江苏,本科批,历史类,（02）,,571,14850,
7502,新疆师范大学,2025,江苏,本科批,历史类,,,533,24649,
7502,新疆师范大学,2025,江苏,本科批,历史类,（04）,,541,24649,
7503,新疆农业大学,2025,江苏,本科批,历史类,,,515,34079,
7505,新疆财经大学,2025,江苏,本科批,历史类,（01）,,524,26047,
7505,新疆财经大学,2025,江苏,本科批,历史类,（02）,,527,30732,
7507,昌吉学院,2025,江苏,本科批,历史类,（01）,,521,37529,
7508,新疆艺术学院,2025,江苏,本科批,历史类,（01）,,517,39428,
7512,新疆科技学院,2025,江苏,本科批,历史类,（01）,,521,37529,
7512,新疆科技学院,2025,江苏,本科批,历史类,（02）,,520,37529,
7513,新疆理工学院,2025,江苏,本科批,历史类,（01）,,519,36538,
7521,伊犁师范大学,2025,江苏,本科批,历史类,（01）,,521,36049,
7521,伊犁师范大学,2025,江苏,本科批,历史类,（03）,,519,38488,
7521,伊犁师范大学,2025,江苏,本科批,历史类,（02）,,523,36538,
7523,新疆和田学院,2025,江苏,本科批,历史类,（01）,,519,37529,
7523,新疆和田学院,2025,江苏,本科批,历史类,（02）,,519,38488,
7526,塔里木大学,2025,江苏,本科批,历史类,（01）,,522,37028,
7529,喀什大学,2025,江苏,本科批,历史类,（01）,,523,35055,
7529,喀什大学,2025,江苏,本科批,历史类,（02）,,528,34079,
7531,新疆政法学院,2025,江苏,本科批,历史类,（01）,,524,24175,
7531,新疆政法学院,2025,江苏,本科批,历史类,（02）,,523,36538,
8001,上海杉达学院,2025,江苏,本科批,历史类,（01）,,513,33554,
8002,上海建桥学院,2025,江苏,本科批,历史类,（01）,,500,32121,
8003,上海兴伟学院,2025,江苏,本科批,历史类,（01）,,482,56398,
8004,上海视觉艺术学院,2025,江苏,本科批,历史类,（01）,,520,38007,
8005,上海外国语大学贤达经济人文学院,2025,江苏,本科批,历史类,（01）,,494,42789,
8006,上海师范大学天华学院,2025,江苏,本科批,历史类,,,496,44712,
8023,上海立达学院,2025,江苏,本科批,历史类,（01）,,489,52005,
8029,上海中侨职业技术大学,2025,江苏,本科批,历史类,（01）,,489,51495,
8030,浙江万里学院,2025,江苏,本科批,历史类,,,505,33083,
8031,浙江树人学院,2025,江苏,本科批,历史类,（01）,,494,47156,
8032,浙江越秀外国语学院,2025,江苏,本科批,历史类,（01）,,490,47639,
8033,宁波财经学院,2025,江苏,本科批,历史类,（01）,,496,42789,
8036,浙江工业大学之江学院,2025,江苏,本科批,历史类,（01）,,514,40897,
8037,浙江师范大学行知学院,2025,江苏,本科批,历史类,（01）,,510,42789,
8038,宁波大学科学技术学院,2025,江苏,本科批,历史类,（01）,,503,42335,
8042,浙江农林大学暨阳学院,2025,江苏,本科批,历史类,（01）,,508,39909,
8043,温州医科大学仁济学院,2025,江苏,本科批,历史类,（01）,,500,46678,
8048,浙江工商大学杭州商学院,2025,江苏,本科批,历史类,（01）,,507,39909,
8051,浙江财经大学东方学院,2025,江苏,本科批,历史类,（01）,,503,45734,
8052,温州商学院,2025,江苏,本科批,历史类,（01）,,497,43730,
8054,上海财经大学浙江学院,2025,江苏,本科批,历史类,（01）,,509,38488,
8080,安徽三联学院,2025,江苏,本科批,历史类,（01）,,500,46229,
8081,安徽新华学院,2025,江苏,本科批,历史类,（01）,,495,47639,
8082,安徽文达信息工程学院,2025,江苏,本科批,历史类,（01）,,498,48117,
8083,安徽外国语学院,2025,江苏,本科批,历史类,（01）,,494,47639,
8084,蚌埠工商学院,2025,江苏,本科批,历史类,（01）,,507,39428,
8086,安徽信息工程学院,2025,江苏,本科批,历史类,（01）,,498,47639,
8087,马鞍山学院,2025,江苏,本科批,历史类,（01）,,509,42790,
8088,合肥城市学院,2025,江苏,本科批,历史类,（01）,,500,47639,
8090,芜湖学院,2025,江苏,本科批,历史类,（01）,,521,37529,
8094,皖江工学院,2025,江苏,本科批,历史类,（01）,,501,45734,
8121,闽南理工学院,2025,江苏,本科批,历史类,（01）,,507,44233,
8124,厦门工学院,2025,江苏,本科批,历史类,（01）,,498,46678,
8125,阳光学院,2025,江苏,本科批,历史类,（01）,,489,53003,
8126,厦门大学嘉庚学院,2025,江苏,本科批,历史类,,,505,38960,
8127,福州大学至诚学院,2025,江苏,本科批,历史类,（01）,,501,44712,
8128,集美大学诚毅学院,2025,江苏,本科批,历史类,（01）,,504,44712,
8130,福州外语外贸学院,2025,江苏,本科批,历史类,（01）,,501,45734,
8132,仰恩大学,2025,江苏,本科批,历史类,（01）,,506,44712,
8170,江西科技学院,2025,江苏,本科批,历史类,（01）,,492,50536,
8171,江西工程学院,2025,江苏,本科批,历史类,（01）,,499,48117,
8172,南昌理工学院,2025,江苏,本科批,历史类,（01）,,497,47639,
8173,江西应用科技学院,2025,江苏,本科批,历史类,（01）,,493,50998,
8174,江西服装学院,2025,江苏,本科批,历史类,（01）,,485,52005,
8175,南昌工学院,2025,江苏,本科批,历史类,（01）,,494,50536,
8175,南昌工学院,2025,江苏,本科批,历史类,（02）,,511,42335,
8176,南昌大学科学技术学院,2025,江苏,本科批,历史类,（01）,,510,40423,
8177,南昌大学共青学院,2025,江苏,本科批,历史类,（01）,,504,41862,
8178,南昌交通学院,2025,江苏,本科批,历史类,（01）,,498,46678,
8180,南昌航空大学科技学院,2025,江苏,本科批,历史类,（01）,,504,43275,
8183,江西农业大学南昌商学院,2025,江苏,本科批,历史类,（01）,,501,41862,
8183,江西农业大学南昌商学院,2025,江苏,本科批,历史类,（02）,,492,51495,
8185,江西师范大学科学技术学院,2025,江苏,本科批,历史类,（01）,,500,46229,
8186,景德镇艺术职业大学,2025,江苏,本科批,历史类,（01）,,501,47156,
8188,江西财经大学现代经济管理学院,2025,江苏,本科批,历史类,（01）,,505,38960,
8210,齐鲁医药学院,2025,江苏,本科批,历史类,,,503,42789,
8211,青岛滨海学院,2025,江苏,本科批,历史类,（01）,,495,47156,
8212,烟台南山学院,2025,江苏,本科批,历史类,（01）,,498,47639,
8213,潍坊科技学院,2025,江苏,本科批,历史类,（01）,,504,44233,
8214,山东英才学院,2025,江苏,本科批,历史类,（01）,,489,52005,
8215,青岛恒星科技学院,2025,江苏,本科批,历史类,（01）,,493,50065,
8216,青岛黄海学院,2025,江苏,本科批,历史类,（01）,,503,43730,
8217,山东现代学院,2025,江苏,本科批,历史类,（01）,,496,49577,
8218,山东协和学院,2025,江苏,本科批,历史类,（01）,,501,45734,
8219,烟台理工学院,2025,江苏,本科批,历史类,（01）,,501,41862,
8220,青岛城市学院,2025,江苏,本科批,历史类,（01）,,498,45734,
8223,泰山科技学院,2025,江苏,本科批,历史类,（01）,,511,42335,
8225,青岛工学院,2025,江苏,本科批,历史类,（01）,,500,44712,
8226,青岛农业大学海都学院,2025,江苏,本科批,历史类,（01）,,501,47156,
8227,齐鲁理工学院,2025,江苏,本科批,历史类,（01）,,493,50065,
8228,山东财经大学东方学院,2025,江苏,本科批,历史类,（01）,,503,44712,
8230,烟台科技学院,2025,江苏,本科批,历史类,（01）,,499,47639,
8231,青岛电影学院,2025,江苏,本科批,历史类,（01）,,482,54407,
8260,北京城市学院,2025,江苏,本科批,历史类,（01）,,491,41862,
8262,首都师范大学科德学院,2025,江苏,本科批,历史类,（01）,,483,52535,
8263,北京金融科技学院,2025,江苏,本科批,历史类,（01）,,482,55915,
8264,北京邮电大学世纪学院,2025,江苏,本科批,历史类,（01）,,489,52535,
8265,北京工业大学耿丹学院,2025,江苏,本科批,历史类,（01）,,488,53003,
8266,北京第二外国语学院中瑞酒店管理学院,2025,江苏,本科批,历史类,（01）,,482,53920,
8290,天津天狮学院,2025,江苏,本科批,历史类,（01）,,489,53003,
8291,天津外国语大学滨海外事学院,2025,江苏,本科批,历史类,（01）,,497,48630,
8292,天津传媒学院,2025,江苏,本科批,历史类,（01）,,486,53482,
8293,天津商业大学宝德学院,2025,江苏,本科批,历史类,,,495,44233,
8294,天津医科大学临床医学院,2025,江苏,本科批,历史类,（01）,,480,56706,
8297,天津理工大学中环信息学院,2025,江苏,本科批,历史类,（01）,,497,47639,
8298,北京科技大学天津学院,2025,江苏,本科批,历史类,（01）,,502,46229,
8299,天津仁爱学院,2025,江苏,本科批,历史类,（01）,,490,52005,
8301,天津财经大学珠江学院,2025,江苏,本科批,历史类,（01）,,502,45734,
8313,河北科技学院,2025,江苏,本科批,历史类,（01）,,492,50998,
8314,河北外国语学院,2025,江苏,本科批,历史类,,,492,46678,
8316,华北理工大学轻工学院,2025,江苏,本科批,历史类,（01）,,496,49577,
8318,河北经贸大学经济管理学院,2025,江苏,本科批,历史类,（01）,,506,44712,
8323,石家庄铁道大学四方学院,2025,江苏,本科批,历史类,（01）,,521,37529,
8326,保定理工学院,2025,江苏,本科批,历史类,（01）,,494,48630,
8327,燕京理工学院,2025,江苏,本科批,历史类,（01）,,487,49120,
8328,北京中医药大学东方学院,2025,江苏,本科批,历史类,（01）,,492,50536,
8329,沧州交通学院,2025,江苏,本科批,历史类,（01）,,494,50065,
8330,河北东方学院,2025,江苏,本科批,历史类,（01）,,516,36049,
8360,山西应用科技学院,2025,江苏,本科批,历史类,（01）,,495,48630,
8363,晋中信息学院,2025,江苏,本科批,历史类,（01）,,499,47639,
8364,山西晋中理工学院,2025,江苏,本科批,历史类,（01）,,495,50065,
8366,山西工商学院,2025,江苏,本科批,历史类,,,501,44712,
8379,运城职业技术大学,2025,江苏,本科批,历史类,（01）,,499,47156,
8407,沈阳城市建设学院,2025,江苏,本科批,历史类,（01）,,489,52535,
8408,大连医科大学中山学院,2025,江苏,本科批,历史类,（01）,,489,50536,
8411,大连财经学院,2025,江苏,本科批,历史类,（01）,,496,47639,
8412,沈阳城市学院,2025,江苏,本科批,历史类,（01）,,486,54407,
8417,辽宁师范大学海华学院,2025,江苏,本科批,历史类,（01）,,504,34549,
8440,吉林外国语大学,2025,江苏,本科批,历史类,,,482,50065,
8441,长春光华学院,2025,江苏,本科批,历史类,（01）,,490,52535,
8442,长春工业大学人文信息学院,2025,江苏,本科批,历史类,（01）,,491,50536,
8443,长春电子科技学院,2025,江苏,本科批,历史类,（01）,,501,42789,
8444,长春财经学院,2025,江苏,本科批,历史类,（01）,,494,49120,
8445,吉林建筑科技学院,2025,江苏,本科批,历史类,（01）,,492,49577,
8447,长春科技学院,2025,江苏,本科批,历史类,（01）,,490,50065,
8449,吉林师范大学博达学院,2025,江苏,本科批,历史类,,,483,53482,
8451,长春人文学院,2025,江苏,本科批,历史类,（01）,,490,51496,
8472,黑龙江财经学院,2025,江苏,本科批,历史类,（01）,,492,49577,
8473,哈尔滨石油学院,2025,江苏,本科批,历史类,（01）,,487,53920,
8474,哈尔滨广厦学院,2025,江苏,本科批,历史类,（01）,,491,52005,
8475,哈尔滨华德学院,2025,江苏,本科批,历史类,（01）,,484,54407,
8501,黄河科技学院,2025,江苏,本科批,历史类,（01）,,501,46678,
8502,郑州科技学院,2025,江苏,本科批,历史类,（01）,,516,33083,
8504,郑州财经学院,2025,江苏,本科批,历史类,（01）,,518,37529,
8508,郑州工商学院,2025,江苏,本科批,历史类,（01）,,504,44712,
8509,郑州经贸学院,2025,江苏,本科批,历史类,（01）,,501,46678,
8510,郑州商学院,2025,江苏,本科批,历史类,（01）,,511,41387,
8518,郑州西亚斯学院,2025,江苏,本科批,历史类,（01）,,487,53482,
8550,武汉东湖学院,2025,江苏,本科批,历史类,（01）,,494,50065,
8551,汉口学院,2025,江苏,本科批,历史类,（01）,,494,50536,
8552,武昌首义学院,2025,江苏,本科批,历史类,（01）,,497,45734,
8553,武昌理工学院,2025,江苏,本科批,历史类,（01）,,499,48117,
8554,武汉生物工程学院,2025,江苏,本科批,历史类,（01）,,498,48630,
8555,武汉晴川学院,2025,江苏,本科批,历史类,（01）,,495,48630,
8556,湖北大学知行学院,2025,江苏,本科批,历史类,（01）,,502,43275,
8557,武汉城市学院,2025,江苏,本科批,历史类,（01）,,497,49120,
8558,三峡大学科技学院,2025,江苏,本科批,历史类,（01）,,500,46678,
8559,湖北工业大学工程技术学院,2025,江苏,本科批,历史类,（01）,,497,48630,
8560,武汉工程大学邮电与信息工程学院,2025,江苏,本科批,历史类,（01）,,496,49577,
8561,武汉纺织大学外经贸学院,2025,江苏,本科批,历史类,（01）,,494,36538,
8562,武昌工学院,2025,江苏,本科批,历史类,（01）,,494,49120,
8563,武汉工商学院,2025,江苏,本科批,历史类,（01）,,498,44712,
8565,长江大学文理学院,2025,江苏,本科批,历史类,,,504,40897,
8570,湖北经济学院法商学院,2025,江苏,本科批,历史类,（01）,,499,47156,
8571,武汉体育学院体育科技学院,2025,江苏,本科批,历史类,（01）,,490,51495,
8572,湖北文理学院理工学院,2025,江苏,本科批,历史类,,,500,39428,
8573,文华学院,2025,江苏,本科批,历史类,（01）,,496,47639,
8574,武汉工程科技学院,2025,江苏,本科批,历史类,（01）,,499,48117,
8575,武汉华夏理工学院,2025,江苏,本科批,历史类,（01）,,492,48630,
8576,武汉传媒学院,2025,江苏,本科批,历史类,（01）,,492,49120,
8577,武汉设计工程学院,2025,江苏,本科批,历史类,（01）,,493,50536,
8601,长沙医学院,2025,江苏,本科批,历史类,（01）,,492,50998,
8602,湖南涉外经济学院,2025,江苏,本科批,历史类,,,488,52005,
8605,湖南科技大学潇湘学院,2025,江苏,本科批,历史类,（01）,,516,39909,
8606,南华大学船山学院,2025,江苏,本科批,历史类,（01）,,501,46678,
8607,湘潭理工学院,2025,江苏,本科批,历史类,（01）,,494,49120,
8608,湖南农业大学东方科技学院,2025,江苏,本科批,历史类,（01）,,497,49120,
8609,常德学院,2025,江苏,本科批,历史类,（01）,,508,43730,
8610,岳阳学院,2025,江苏,本科批,历史类,（01）,,496,47639,
8610,岳阳学院,2025,江苏,本科批,历史类,（02）,,497,49120,
8613,张家界学院,2025,江苏,本科批,历史类,（01）,,491,52005,
8620,中南林业科技大学涉外学院,2025,江苏,本科批,历史类,（01）,,506,38960,
8640,广东白云学院,2025,江苏,本科批,历史类,（01）,,490,52005,
8643,广州城市理工学院,2025,江苏,本科批,历史类,（01）,,490,50998,
8645,广州南方学院,2025,江苏,本科批,历史类,（01）,,494,39428,
8646,广东外语外贸大学南国商学院,2025,江苏,本科批,历史类,（01）,,488,53482,
8650,珠海科技学院,2025,江苏,本科批,历史类,（01）,,509,39428,
8651,广州工商学院,2025,江苏,本科批,历史类,（01）,,486,54407,
8652,东莞城市学院,2025,江苏,本科批,历史类,（01）,,488,53482,
8659,华南农业大学珠江学院,2025,江苏,本科批,历史类,（01）,,482,53920,
8660,湛江科技学院,2025,江苏,本科批,历史类,（01）,,490,52535,
8664,广东工商职业技术大学,2025,江苏,本科批,历史类,（01）,,487,53920,
8665,广州新华学院,2025,江苏,本科批,历史类,（01）,,489,53003,
8668,广东理工学院,2025,江苏,本科批,历史类,（01）,,488,51495,
8710,南宁学院,2025,江苏,本科批,历史类,（01）,,500,47639,
8713,柳州工学院,2025,江苏,本科批,历史类,（01）,,486,53003,
8714,桂林学院,2025,江苏,本科批,历史类,（01）,,491,49577,
8717,南宁理工学院,2025,江苏,本科批,历史类,（01）,,483,55402,
8718,广西外国语学院,2025,江苏,本科批,历史类,（01）,,483,50536,
8740,海口经济学院,2025,江苏,本科批,历史类,（01）,,482,53482,
8741,三亚学院,2025,江苏,本科批,历史类,,,485,48117,
8757,海南科技职业大学,2025,江苏,本科批,历史类,（01）,,483,53920,
8760,成都东软学院,2025,江苏,本科批,历史类,（01）,,497,49120,
8761,电子科技大学成都学院,2025,江苏,本科批,历史类,（01）,,499,47156,
8762,成都理工大学工程技术学院,2025,江苏,本科批,历史类,（01）,,500,46678,
8763,四川传媒学院,2025,江苏,本科批,历史类,,,497,39428,
8764,成都银杏酒店管理学院,2025,江苏,本科批,历史类,（01）,,493,50065,
8765,成都文理学院,2025,江苏,本科批,历史类,（01）,,498,48630,
8766,四川工商学院,2025,江苏,本科批,历史类,（01）,,494,50536,
8767,成都外国语学院,2025,江苏,本科批,历史类,（01）,,495,36538,
8769,成都锦城学院,2025,江苏,本科批,历史类,,,495,39428,
8770,西南财经大学天府学院,2025,江苏,本科批,历史类,,,503,38007,
8771,四川大学锦江学院,2025,江苏,本科批,历史类,（01）,,506,44712,
8771,四川大学锦江学院,2025,江苏,本科批,历史类,（02）,,505,45257,
8774,西南交通大学希望学院,2025,江苏,本科批,历史类,（01）,,506,34549,
8781,吉利学院,2025,江苏,本科批,历史类,（01）,,491,51495,
8801,重庆城市科技学院,2025,江苏,本科批,历史类,（01）,,497,47156,
8801,重庆城市科技学院,2025,江苏,本科批,历史类,（02）,,506,44712,
8802,重庆外语外事学院,2025,江苏,本科批,历史类,（01）,,505,41862,
8803,重庆对外经贸学院,2025,江苏,本科批,历史类,（01）,,498,48117,
8804,重庆财经学院,2025,江苏,本科批,历史类,（01）,,508,39909,
8805,重庆工商大学派斯学院,2025,江苏,本科批,历史类,（01）,,501,46229,
8806,重庆移通学院,2025,江苏,本科批,历史类,（01）,,496,49120,
8808,重庆人文科技学院,2025,江苏,本科批,历史类,（01）,,499,46678,
8841,贵阳人文科技学院,2025,江苏,本科批,历史类,（01）,,496,49120,
8870,滇池学院,2025,江苏,本科批,历史类,（01）,,490,47639,
8871,丽江文化旅游学院,2025,江苏,本科批,历史类,（01）,,487,49577,
8872,昆明城市学院,2025,江苏,本科批,历史类,（01）,,495,50065,
8873,昆明医科大学海源学院,2025,江苏,本科批,历史类,（01）,,492,50536,
8874,昆明传媒学院,2025,江苏,本科批,历史类,（01）,,490,52535,
8875,昆明文理学院,2025,江苏,本科批,历史类,（01）,,500,47639,
8876,昆明理工大学津桥学院,2025,江苏,本科批,历史类,（01）,,489,53003,
8878,云南经济管理学院,2025,江苏,本科批,历史类,（01）,,497,49120,
8882,云南工商学院,2025,江苏,本科批,历史类,（01）,,495,37529,
8901,西安培华学院,2025,江苏,本科批,历史类,,,490,50065,
8902,西安欧亚学院,2025,江苏,本科批,历史类,（01）,,488,52005,
8903,西安外事学院,2025,江苏,本科批,历史类,（01）,,490,50536,
8904,西安翻译学院,2025,江苏,本科批,历史类,（01）,,497,49120,
8905,西京学院,2025,江苏,本科批,历史类,（01）,,506,44712,
8906,西安思源学院,2025,江苏,本科批,历史类,（01）,,488,52535,
8907,陕西国际商贸学院,2025,江苏,本科批,历史类,（01）,,491,52005,
8910,西安交通大学城市学院,2025,江苏,本科批,历史类,（01）,,499,45257,
8911,西北大学现代学院,2025,江苏,本科批,历史类,（01）,,484,55402,
8912,西安建筑科技大学华清学院,2025,江苏,本科批,历史类,（01）,,497,48117,
8913,西安财经大学行知学院,2025,江苏,本科批,历史类,（01）,,494,49120,
8914,西安工商学院,2025,江苏,本科批,历史类,（01）,,494,50065,
8915,延安大学西安创新学院,2025,江苏,本科批,历史类,（01）,,494,50065,
8916,西安明德理工学院,2025,江苏,本科批,历史类,（01）,,497,49120,
8918,西安科技大学高新学院,2025,江苏,本科批,历史类,（01）,,483,55915,
8940,兰州工商学院,2025,江苏,本科批,历史类,（01）,,490,50536,
8941,兰州博文科技学院,2025,江苏,本科批,历史类,（01）,,495,49120,
8970,宁夏理工学院,2025,江苏,本科批,历史类,（01）,,488,50998,
8971,宁夏大学新华学院,2025,江苏,本科批,历史类,（01）,,496,49577,
8972,银川能源学院,2025,江苏,本科批,历史类,（01）,,486,54407,
9112,香港珠海学院,2025,江苏,本科批,历史类,（01）,,514,35055,
1108,南京师范大学,2025,江苏,本科提前批,历史类,（03）,,599,2030,
1108,南京师范大学,2025,江苏,本科提前批,历史类,（04）,,609,3921,
1110,南京工业大学,2025,江苏,本科提前批,历史类,（01）,,580,11515,
1111,南京邮电大学,2025,江苏,本科提前批,历史类,（01）,,577,10539,
1113,南京中医药大学,2025,江苏,本科提前批,历史类,（01）,,592,7818,
1131,江苏第二师范学院,2025,江苏,本科提前批,历史类,,,570,1928,
1133,南京特殊教育师范学院,2025,江苏,本科提前批,历史类,（01）,,586,9628,
1222,江苏师范大学,2025,江苏,本科提前批,历史类,,,563,3741,
1301,南通大学,2025,江苏,本科提前批,历史类,（01）,,580,587,
1341,淮阴师范学院,2025,江苏,本科提前批,历史类,（01）,,586,9628,
1381,扬州大学,2025,江苏,本科提前批,历史类,,,567,9628,
170,武警警官学院,2025,江苏,本科提前批,历史类,（01）,,600,5796,
201,中国人民公安大学,2025,江苏,本科提前批,历史类,,,623,140,
202,中国刑事警察学院,2025,江苏,本科提前批,历史类,,,586,626,
2309,安徽师范大学,2025,江苏,本科提前批,历史类,（01）,,582,10856,
2601,山东大学,2025,江苏,本科提前批,历史类,（01）,,619,2383,
2621,中国海洋大学,2025,江苏,本科提前批,历史类,（01）,,615,2944,
307,中国消防救援学院,2025,江苏,本科提前批,历史类,（01）,,574,13709,
3119,对外经济贸易大学,2025,江苏,本科提前批,历史类,（01）,,621,1693,
3123,中国传媒大学,2025,江苏,本科提前批,历史类,（01）,,615,2944,
3131,外交学院,2025,江苏,本科提前批,历史类,（01）,,617,1171,
3131,外交学院,2025,江苏,本科提前批,历史类,（02）,,634,958,
3204,天津师范大学,2025,江苏,本科提前批,历史类,（01）,,579,11880,
4201,吉林大学,2025,江苏,本科提前批,历史类,（01）,,622,2030,
4311,黑龙江大学,2025,江苏,本科提前批,历史类,（01）,,548,20940,
5203,华中师范大学,2025,江苏,本科提前批,历史类,（01）,,595,7023,
6212,四川外国语大学,2025,江苏,本科提前批,历史类,（01）,,564,8106,
6421,云南警官学院,2025,江苏,本科提前批,历史类,（01）,,620,2253,
2106,华东师范大学,2025,江苏,高校专项计划批,历史类,（L不限）,,615,1171,
2106,华东师范大学,2025,江苏,高校专项计划批,历史类,（L政治）,,624,1337,
5203,华中师范大学,2025,江苏,高校专项计划批,历史类,（L不限）,,585,7818,
1155,南京铁道职业技术学院,2025,江苏,专科批,物理类,,,457,147536,
1156,江苏经贸职业技术学院,2025,江苏,专科批,物理类,,,440,178268,
1159,南京机电职业技术学院,2025,江苏,专科批,物理类,（02）,,456,185582,
1160,南京旅游职业学院,2025,江苏,专科批,物理类,,,402,200008,
1171,江苏城市职业学院,2025,江苏,专科批,物理类,（02）,,394,222408,
1213,无锡科技职业学院,2025,江苏,专科批,物理类,,,415,184370,
1215,无锡工艺职业技术学院,2025,江苏,专科批,物理类,,,229,204004,
1217,无锡师范高等专科学校,2025,江苏,专科批,物理类,,,221,189076,
1230,江苏建筑职业技术学院,2025,江苏,专科批,物理类,,,225,225539,
1232,徐州幼儿师范高等专科学校,2025,江苏,专科批,物理类,,,220,208647,
1250,常州信息职业技术学院,2025,江苏,专科批,物理类,,,447,159919,
1254,常州机电职业技术学院,2025,江苏,专科批,物理类,,,321,210319,
1275,苏州卫生职业技术学院,2025,江苏,专科批,物理类,（05）,,442,209489,
1275,苏州卫生职业技术学院,2025,江苏,专科批,物理类,（08）,,453,202992,
1279,苏州健雄职业技术学院,2025,江苏,专科批,物理类,,,329,227806,
1290,苏州幼儿师范高等专科学校,2025,江苏,专科批,物理类,（06）,,418,222408,
1312,江苏工程职业技术学院,2025,江苏,专科批,物理类,,,220,206844,
1330,连云港师范学院,2025,江苏,专科批,物理类,（05）,,262,243376,
1330,连云港师范学院,2025,江苏,专科批,物理类,（06）,,240,259730,
1331,连云港职业技术学院,2025,江苏,专科批,物理类,,,220,191363,
1350,江苏电子信息职业学院,2025,江苏,专科批,物理类,,,300,195768,
1392,扬州工业职业技术学院,2025,江苏,专科批,物理类,,,402,195768,
1410,镇江市高等专科学校,2025,江苏,专科批,物理类,,,220,185582,
1431,泰州职业技术学院,2025,江苏,专科批,物理类,,,223,194703,
1431,泰州职业技术学院,2025,江苏,专科批,物理类,（04）,,463,205975,
2134,上海旅游高等专科学校,2025,江苏,专科批,物理类,,,422,220429,
2138,上海电子信息职业技术学院,2025,江苏,专科批,物理类,（01）,,461,206844,
2150,上海农林职业技术学院,2025,江苏,专科批,物理类,（02）,,438,222408,
2154,上海交通职业技术学院,2025,江苏,专科批,物理类,（02）,,446,214389,
2166,上海行健职业学院,2025,江苏,专科批,物理类,（02）,,452,212826,
2170,上海现代化工职业学院,2025,江苏,专科批,物理类,（02）,,421,222408,
2172,上海闵行职业技术学院,2025,江苏,专科批,物理类,（01）,,431,224334,
2173,上海建设管理职业技术学院,2025,江苏,专科批,物理类,（01）,,410,232047,
2174,上海浦东职业技术学院,2025,江苏,专科批,物理类,（02）,,434,216775,
2217,浙江经贸职业技术学院,2025,江苏,专科批,物理类,（02）,,454,177018,
2226,浙江邮电职业技术学院,2025,江苏,专科批,物理类,（02）,,457,195768,
2238,浙江国际海运职业技术学院,2025,江苏,专科批,物理类,（02）,,442,218991,
2247,浙江交通职业技术学院,2025,江苏,专科批,物理类,（02）,,418,222408,
2255,浙江机电职业技术大学,2025,江苏,专科批,物理类,（02）,,460,206844,
2260,浙江建设职业技术学院,2025,江苏,专科批,物理类,,,428,159919,
2518,江西制造职业技术学院,2025,江苏,专科批,物理类,（01）,,403,221788,
2533,江西应用技术职业学院,2025,江苏,专科批,物理类,（02）,,374,247494,
2569,江西机电职业技术学院,2025,江苏,专科批,物理类,（02）,,364,240313,
2618,山东胜利职业学院,2025,江苏,专科批,物理类,（02）,,224,246547,
2679,枣庄职业学院,2025,江苏,专科批,物理类,（02）,,227,259131,
2685,滨州职业学院,2025,江苏,专科批,物理类,,,417,232954,
2686,威海职业学院,2025,江苏,专科批,物理类,（04）,,281,245950,
306,中国民用航空飞行学院,2025,江苏,专科批,物理类,（07）,,496,167921,
3329,河北交通职业技术学院,2025,江苏,专科批,物理类,（02）,,422,233415,
3354,河北轨道运输职业技术学院,2025,江苏,专科批,物理类,（02）,,434,216017,
3355,廊坊职业技术学院,2025,江苏,专科批,物理类,（01）,,346,251598,
3369,唐山幼儿师范高等专科学校,2025,江苏,专科批,物理类,（02）,,292,256366,
3376,河北化工医药职业技术学院,2025,江苏,专科批,物理类,（02）,,264,248758,
3379,河北科技工程职业技术大学,2025,江苏,专科批,物理类,（04）,,248,253552,
3435,临汾职业技术学院,2025,江苏,专科批,物理类,,,348,247971,
4155,渤海船舶职业学院,2025,江苏,专科批,物理类,,,402,237549,
4221,长春金融高等专科学校,2025,江苏,专科批,物理类,（02）,,330,239652,
4338,黑龙江农业工程职业学院,2025,江苏,专科批,物理类,（02）,,361,211174,
5108,郑州电力高等专科学校,2025,江苏,专科批,物理类,（01）,,467,185582,
5136,濮阳职业技术学院,2025,江苏,专科批,物理类,（01）,,297,253887,
5178,三门峡职业技术学院,2025,江苏,专科批,物理类,（02）,,263,252259,
5194,信阳职业技术学院,2025,江苏,专科批,物理类,（02）,,284,247293,
5225,汉江师范学院,2025,江苏,专科批,物理类,（04）,,415,224334,
5235,武汉民政职业学院,2025,江苏,专科批,物理类,（02）,,444,204004,
5283,湖北铁道运输职业学院,2025,江苏,专科批,物理类,（02）,,368,240925,
5291,襄阳职业技术学院,2025,江苏,专科批,物理类,（02）,,440,223089,
5474,广州铁路职业技术学院,2025,江苏,专科批,物理类,（01）,,422,224916,
5522,桂林旅游学院,2025,江苏,专科批,物理类,（06）,,405,239990,
6153,四川铁道职业学院,2025,江苏,专科批,物理类,（01）,,442,208647,
6190,四川水利职业技术学院,2025,江苏,专科批,物理类,（02）,,436,226097,
6216,重庆三峡医药高等专科学校,2025,江苏,专科批,物理类,（02）,,431,226097,
6234,重庆工程职业技术学院,2025,江苏,专科批,物理类,,,327,242365,
6240,重庆工信职业学院,2025,江苏,专科批,物理类,（02）,,389,244356,
6504,西藏职业技术学院,2025,江苏,专科批,物理类,（04）,,244,259537,
7532,喀什职业技术学院,2025,江苏,专科批,物理类,（03）,,222,249877,
7532,喀什职业技术学院,2025,江苏,专科批,物理类,（04）,,337,252576,
7532,喀什职业技术学院,2025,江苏,专科批,物理类,（05）,,307,255226,
8001,上海杉达学院,2025,江苏,专科批,物理类,（05）,,447,216775,
8017,上海东海职业技术学院,2025,江苏,专科批,物理类,（02）,,374,245721,
8018,上海工商职业技术学院,2025,江苏,专科批,物理类,,,289,243878,
8019,上海震旦职业学院,2025,江苏,专科批,物理类,（02）,,368,241206,
8025,上海工商外国语职业学院,2025,江苏,专科批,物理类,（02）,,399,241792,
8026,上海邦德职业技术学院,2025,江苏,专科批,物理类,（02）,,347,250685,
8052,温州商学院,2025,江苏,专科批,物理类,（05）,,440,210319,
8196,江西航空职业技术学院,2025,江苏,专科批,物理类,（03）,,361,237918,
8367,山西同文职业技术学院,2025,江苏,专科批,物理类,（01）,,295,254224,
8416,大连东软信息学院,2025,江苏,专科批,物理类,（03）,,276,216017,
8758,三亚护理职业学院,2025,江苏,专科批,物理类,（02）,,220,260587,
8827,重庆建筑科技职业学院,2025,江苏,专科批,物理类,（02）,,333,241206,
8934,西安城市建设职业学院,2025,江苏,专科批,物理类,（02）,,245,237918,
105,陆军工程大学,2025,江苏,本科批,物理类,（09）,,598,34888,
105,陆军工程大学,2025,江苏,本科批,物理类,（10）,,595,29638,
1101,南京大学,2025,江苏,本科批,物理类,,,645,196,
1102,东南大学,2025,江苏,本科批,物理类,（07）,,654,3081,
1102,东南大学,2025,江苏,本科批,物理类,,,644,1835,
1103,南京航空航天大学,2025,江苏,本科批,物理类,,,615,3281,
1104,南京理工大学,2025,江苏,本科批,物理类,,,607,3556,
1105,河海大学,2025,江苏,本科批,物理类,（09）,,626,14487,
1105,河海大学,2025,江苏,本科批,物理类,,,594,6732,
1106,南京信息工程大学,2025,江苏,本科批,物理类,,,588,27965,
1107,南京农业大学,2025,江苏,本科批,物理类,（03）,,606,26330,
1107,南京农业大学,2025,江苏,本科批,物理类,,,594,15713,
1108,南京师范大学,2025,江苏,本科批,物理类,,,586,19674,
1109,中国药科大学,2025,江苏,本科批,物理类,,,597,5633,
1110,南京工业大学,2025,江苏,本科批,物理类,（05）,,576,50891,
1110,南京工业大学,2025,江苏,本科批,物理类,,,543,32190,
1111,南京邮电大学,2025,江苏,本科批,物理类,（05）,,608,26331,
1111,南京邮电大学,2025,江苏,本科批,物理类,,,606,7530,
1112,南京医科大学,2025,江苏,本科批,物理类,（04）,,575,57591,
1112,南京医科大学,2025,江苏,本科批,物理类,,,561,2847,
1113,南京中医药大学,2025,江苏,本科批,物理类,,,540,8362,
1114,南京工程学院,2025,江苏,本科批,物理类,,,535,79711,
1115,南京林业大学,2025,江苏,本科批,物理类,,,570,39620,
1116,南京财经大学,2025,江苏,本科批,物理类,,,540,34888,
1117,南京体育学院,2025,江苏,本科批,物理类,,,479,117992,
1117,南京体育学院,2025,江苏,本科批,物理类,（06）,,535,113739,
1117,南京体育学院,2025,江苏,本科批,物理类,（07）,,535,110914,
1118,南京艺术学院,2025,江苏,本科批,物理类,（02）,,538,86192,
1118,南京艺术学院,2025,江苏,本科批,物理类,（03）,,543,102526,
1119,南京审计大学,2025,江苏,本科批,物理类,,,530,27965,
1120,南京晓庄学院,2025,江苏,本科批,物理类,,,518,79711,
1120,南京晓庄学院,2025,江苏,本科批,物理类,（15）,,530,105341,
1120,南京晓庄学院,2025,江苏,本科批,物理类,（17）,,552,86192,
1120,南京晓庄学院,2025,江苏,本科批,物理类,（16）,,556,84862,
1128,金陵科技学院,2025,江苏,本科批,物理类,,,519,79711,
1128,金陵科技学院,2025,江苏,本科批,物理类,（10）,,531,119385,
1131,江苏第二师范学院,2025,江苏,本科批,物理类,,,478,81013,
1131,江苏第二师范学院,2025,江苏,本科批,物理类,（25）,,542,98331,
1131,江苏第二师范学院,2025,江苏,本科批,物理类,（24）,,553,88855,
1133,南京特殊教育师范学院,2025,江苏,本科批,物理类,,,463,92971,
1133,南京特殊教育师范学院,2025,江苏,本科批,物理类,（10）,,541,105341,
1136,南京工业职业技术大学,2025,江苏,本科批,物理类,,,484,79711,
1201,江南大学,2025,江苏,本科批,物理类,,,587,20350,
1203,无锡学院,2025,江苏,本科批,物理类,（02）,,544,86192,
1203,无锡学院,2025,江苏,本科批,物理类,,,512,83617,
1211,无锡职业技术大学,2025,江苏,本科批,物理类,（03）,,518,126402,
1221,中国矿业大学,2025,江苏,本科批,物理类,（02）,,607,25515,
1221,中国矿业大学,2025,江苏,本科批,物理类,,,580,12320,
1222,江苏师范大学,2025,江苏,本科批,物理类,,,529,81013,
1222,江苏师范大学,2025,江苏,本科批,物理类,（14）,,566,70814,
1222,江苏师范大学,2025,江苏,本科批,物理类,（13）,,565,73284,
1223,徐州医科大学,2025,江苏,本科批,物理类,（03）,,545,98331,
1223,徐州医科大学,2025,江苏,本科批,物理类,,,539,11769,
1224,徐州工程学院,2025,江苏,本科批,物理类,（02）,,523,105341,
1224,徐州工程学院,2025,江苏,本科批,物理类,,,475,115115,
1242,常州大学,2025,江苏,本科批,物理类,,,516,72122,
1243,常州工学院,2025,江苏,本科批,物理类,,,480,109485,
1244,江苏理工学院,2025,江苏,本科批,物理类,,,464,95642,
1261,苏州大学,2025,江苏,本科批,物理类,,,598,18319,
1261,苏州大学,2025,江苏,本科批,物理类,（41）,,600,34888,
1262,苏州科技大学,2025,江苏,本科批,物理类,,,526,82292,
1262,苏州科技大学,2025,江苏,本科批,物理类,（17）,,559,78396,
1262,苏州科技大学,2025,江苏,本科批,物理类,（16）,,562,77093,
1263,苏州工学院,2025,江苏,本科批,物理类,,,524,92971,
1267,苏州城市学院,2025,江苏,本科批,物理类,（02）,,529,91583,
1267,苏州城市学院,2025,江苏,本科批,物理类,,,536,98331,
1270,苏州职业技术大学,2025,江苏,本科批,物理类,（04）,,521,123539,
1301,南通大学,2025,江苏,本科批,物理类,,,497,63454,
1301,南通大学,2025,江苏,本科批,物理类,（31）,,562,77093,
1301,南通大学,2025,江苏,本科批,物理类,（30）,,560,79711,
131,海军军医大学,2025,江苏,本科批,物理类,,,603,23947,
1321,江苏海洋大学,2025,江苏,本科批,物理类,（03）,,535,94329,
1321,江苏海洋大学,2025,江苏,本科批,物理类,,,512,92971,
1321,江苏海洋大学,2025,江苏,本科批,物理类,（06）,,554,87528,
1330,连云港师范学院,2025,江苏,本科批,物理类,（03）,,511,119385,
1330,连云港师范学院,2025,江苏,本科批,物理类,（04）,,506,154519,
1341,淮阴师范学院,2025,江苏,本科批,物理类,,,475,109484,
1341,淮阴师范学院,2025,江苏,本科批,物理类,（11）,,504,137742,
1341,淮阴师范学院,2025,江苏,本科批,物理类,（13）,,523,122198,
1341,淮阴师范学院,2025,江苏,本科批,物理类,（12）,,527,125021,
1342,淮阴工学院,2025,江苏,本科批,物理类,,,498,106680,
1361,盐城工学院,2025,江苏,本科批,物理类,（02）,,512,115115,
1361,盐城工学院,2025,江苏,本科批,物理类,,,484,108073,
1362,盐城师范学院,2025,江苏,本科批,物理类,,,512,110914,
1362,盐城师范学院,2025,江苏,本科批,物理类,（17）,,522,125021,
1362,盐城师范学院,2025,江苏,本科批,物理类,（16）,,542,103949,
1381,扬州大学,2025,江苏,本科批,物理类,,,513,33069,
1381,扬州大学,2025,江苏,本科批,物理类,（61）,,559,81013,
1390,扬州职业技术大学,2025,江苏,本科批,物理类,,,507,142068,
1401,江苏大学,2025,江苏,本科批,物理类,,,527,43570,
1402,江苏科技大学,2025,江苏,本科批,物理类,,,546,68338,
1421,泰州学院,2025,江苏,本科批,物理类,,,473,129305,
1426,宿迁学院,2025,江苏,本科批,物理类,（03）,,510,126402,
1426,宿迁学院,2025,江苏,本科批,物理类,（04）,,506,139203,
1426,宿迁学院,2025,江苏,本科批,物理类,（06）,,522,132082,
1426,宿迁学院,2025,江苏,本科批,物理类,（05）,,509,150364,
1802,东南大学成贤学院,2025,江苏,本科批,物理类,,,507,129305,
1803,南京航空航天大学金城学院,2025,江苏,本科批,物理类,（05）,,496,157259,
1803,南京航空航天大学金城学院,2025,江苏,本科批,物理类,,,489,159919,
1803,南京航空航天大学金城学院,2025,江苏,本科批,物理类,（08）,,504,157259,
1804,南京理工大学紫金学院,2025,江苏,本科批,物理类,,,509,137742,
1807,南京审计大学金审学院,2025,江苏,本科批,物理类,（02）,,507,134945,
1807,南京审计大学金审学院,2025,江苏,本科批,物理类,（03）,,500,158579,
1810,南京工业大学浦江学院,2025,江苏,本科批,物理类,,,483,157259,
1816,南京财经大学红山学院,2025,江苏,本科批,物理类,（02）,,495,154519,
1826,中国矿业大学徐海学院,2025,江苏,本科批,物理类,（02）,,498,162612,
1826,中国矿业大学徐海学院,2025,江苏,本科批,物理类,,,479,173223,
1827,江苏师范大学科文学院,2025,江苏,本科批,物理类,,,487,166591,
1827,江苏师范大学科文学院,2025,江苏,本科批,物理类,（13）,,495,169250,
1834,苏州大学应用技术学院,2025,江苏,本科批,物理类,（02）,,497,157259,
1834,苏州大学应用技术学院,2025,江苏,本科批,物理类,（03）,,491,166591,
1835,苏州科技大学天平学院,2025,江苏,本科批,物理类,（02）,,495,153112,
1835,苏州科技大学天平学院,2025,江苏,本科批,物理类,（03）,,485,174488,
1837,江苏科技大学苏州理工学院,2025,江苏,本科批,物理类,（02）,,500,154519,
1837,江苏科技大学苏州理工学院,2025,江苏,本科批,物理类,（03）,,489,170582,
1838,南通大学杏林学院,2025,江苏,本科批,物理类,（03）,,488,163926,
1838,南通大学杏林学院,2025,江苏,本科批,物理类,,,474,106680,
1844,扬州大学广陵学院,2025,江苏,本科批,物理类,（02）,,499,153112,
1844,扬州大学广陵学院,2025,江苏,本科批,物理类,（03）,,481,170582,
1844,扬州大学广陵学院,2025,江苏,本科批,物理类,（04）,,493,171881,
1845,江苏大学京江学院,2025,江苏,本科批,物理类,（03）,,495,159919,
1845,江苏大学京江学院,2025,江苏,本科批,物理类,,,478,171881,
1845,江苏大学京江学院,2025,江苏,本科批,物理类,（08）,,502,159919,
1846,南京医科大学康达学院,2025,江苏,本科批,物理类,（04）,,499,159919,
1846,南京医科大学康达学院,2025,江苏,本科批,物理类,,,490,106680,
1846,南京医科大学康达学院,2025,江苏,本科批,物理类,（07）,,505,155895,
1847,南京师范大学泰州学院,2025,江苏,本科批,物理类,（03）,,496,155895,
1847,南京师范大学泰州学院,2025,江苏,本科批,物理类,,,478,167921,
1848,南京理工大学泰州科技学院,2025,江苏,本科批,物理类,,,501,158579,
1848,南京理工大学泰州科技学院,2025,江苏,本科批,物理类,（04）,,486,180771,
1850,南京邮电大学通达学院,2025,江苏,本科批,物理类,（02）,,501,158579,
1850,南京邮电大学通达学院,2025,江苏,本科批,物理类,,,493,166591,
1855,常州大学怀德学院,2025,江苏,本科批,物理类,（02）,,487,162612,
1855,常州大学怀德学院,2025,江苏,本科批,物理类,（03）,,472,192448,
1858,南京师范大学中北学院,2025,江苏,本科批,物理类,,,492,162612,
1858,南京师范大学中北学院,2025,江苏,本科批,物理类,（05）,,479,178268,
1901,南京传媒学院,2025,江苏,本科批,物理类,,,474,175732,
1901,南京传媒学院,2025,江苏,本科批,物理类,（05）,,470,193550,
1911,三江学院,2025,江苏,本科批,物理类,（02）,,486,170582,
1911,三江学院,2025,江苏,本科批,物理类,（03）,,469,191363,
1915,无锡太湖学院,2025,江苏,本科批,物理类,,,470,139203,
1915,无锡太湖学院,2025,江苏,本科批,物理类,（07）,,496,167921,
1921,西交利物浦大学,2025,江苏,本科批,物理类,（03）,,549,94329,
1921,西交利物浦大学,2025,江苏,本科批,物理类,（04）,,550,92971,
1928,南通理工学院,2025,江苏,本科批,物理类,（02）,,485,155895,
1928,南通理工学院,2025,江苏,本科批,物理类,,,463,186727,
201,中国人民公安大学,2025,江苏,本科批,物理类,（10）,,614,23214,
203,中国人民警察大学,2025,江苏,本科批,物理类,（12）,,578,57591,
203,中国人民警察大学,2025,江苏,本科批,物理类,（13）,,564,65871,
203,中国人民警察大学,2025,江苏,本科批,物理类,（14）,,562,77093,
2101,复旦大学,2025,江苏,本科批,物理类,（04）,,672,164,
2102,同济大学,2025,江苏,本科批,物理类,,,649,1521,
2103,上海交通大学,2025,江苏,本科批,物理类,,,663,126,
2104,华东理工大学,2025,江苏,本科批,物理类,（02）,,620,17706,
2104,华东理工大学,2025,江苏,本科批,物理类,（03）,,625,6732,
2105,东华大学,2025,江苏,本科批,物理类,,,613,13359,
2106,华东师范大学,2025,江苏,本科批,物理类,（04）,,649,4675,
2106,华东师范大学,2025,江苏,本科批,物理类,（05）,,646,4082,
2107,华东政法大学,2025,江苏,本科批,物理类,（02）,,630,10262,
2109,上海外国语大学,2025,江苏,本科批,物理类,,,615,10750,
2109,上海外国语大学,2025,江苏,本科批,物理类,（06）,,630,12829,
2110,上海财经大学,2025,江苏,本科批,物理类,（03）,,635,5985,
2110,上海财经大学,2025,江苏,本科批,物理类,（04）,,640,6362,
2111,上海师范大学,2025,江苏,本科批,物理类,（04）,,581,54119,
2111,上海师范大学,2025,江苏,本科批,物理类,,,495,41599,
2112,上海大学,2025,江苏,本科批,物理类,,,607,13359,
2113,上海中医药大学,2025,江苏,本科批,物理类,,,591,10262,
2114,上海对外经贸大学,2025,江苏,本科批,物理类,,,583,29638,
2114,上海对外经贸大学,2025,江苏,本科批,物理类,（05）,,603,29638,
2115,上海理工大学,2025,江苏,本科批,物理类,,,600,27150,
2116,上海海洋大学,2025,江苏,本科批,物理类,（02）,,581,54119,
2116,上海海洋大学,2025,江苏,本科批,物理类,（03）,,590,40639,
2117,上海海事大学,2025,江苏,本科批,物理类,（03）,,603,30492,
2117,上海海事大学,2025,江苏,本科批,物理类,（04）,,598,30492,
2118,上海电力大学,2025,江苏,本科批,物理类,,,608,20349,
2119,上海体育大学,2025,江苏,本科批,物理类,（03）,,583,51945,
2119,上海体育大学,2025,江苏,本科批,物理类,,,570,41599,
2120,上海工程技术大学,2025,江苏,本科批,物理类,（02）,,570,42525,
2123,上海应用技术大学,2025,江苏,本科批,物理类,,,565,52996,
2124,上海第二工业大学,2025,江苏,本科批,物理类,（02）,,577,58764,
2124,上海第二工业大学,2025,江苏,本科批,物理类,（03）,,573,47686,
2125,上海政法学院,2025,江苏,本科批,物理类,,,561,26330,
2128,复旦大学上海医学院,2025,江苏,本科批,物理类,,,657,164,
2131,上海海关学院,2025,江苏,本科批,物理类,,,587,38685,
2135,上海健康医学院,2025,江苏,本科批,物理类,（01）,,542,99722,
2135,上海健康医学院,2025,江苏,本科批,物理类,,,541,54119,
2136,上海电机学院,2025,江苏,本科批,物理类,（01）,,558,81013,
2136,上海电机学院,2025,江苏,本科批,物理类,,,560,58764,
2137,上海立信会计金融学院,2025,江苏,本科批,物理类,（02）,,559,39620,
2137,上海立信会计金融学院,2025,江苏,本科批,物理类,（03）,,567,68338,
2139,上海交通大学医学院,2025,江苏,本科批,物理类,,,663,227,
2141,上海商学院,2025,江苏,本科批,物理类,,,529,78396,
2141,上海商学院,2025,江苏,本科批,物理类,（05）,,551,82292,
2201,浙江大学,2025,江苏,本科批,物理类,,,651,338,
2202,中国计量大学,2025,江苏,本科批,物理类,（02）,,593,39620,
2202,中国计量大学,2025,江苏,本科批,物理类,（03）,,591,38685,
2203,浙江理工大学,2025,江苏,本科批,物理类,（02）,,570,61029,
2203,浙江理工大学,2025,江苏,本科批,物理类,（03）,,572,55261,
2204,浙江工业大学,2025,江苏,本科批,物理类,（02）,,596,38685,
2204,浙江工业大学,2025,江苏,本科批,物理类,,,596,27965,
2205,中国美术学院,2025,江苏,本科批,物理类,（02）,,618,20349,
2206,浙江师范大学,2025,江苏,本科批,物理类,,,561,39620,
2207,浙江工商大学,2025,江苏,本科批,物理类,,,568,44618,
2207,浙江工商大学,2025,江苏,本科批,物理类,（04）,,567,59905,
2208,杭州电子科技大学,2025,江苏,本科批,物理类,（01）,,585,38685,
2208,杭州电子科技大学,2025,江苏,本科批,物理类,,,608,19004,
2209,杭州师范大学,2025,江苏,本科批,物理类,,,544,58764,
2211,浙江传媒学院,2025,江苏,本科批,物理类,,,547,67133,
2212,浙江科技大学,2025,江苏,本科批,物理类,,,558,78396,
2213,浙江财经大学,2025,江苏,本科批,物理类,,,558,40639,
2213,浙江财经大学,2025,江苏,本科批,物理类,（05）,,578,56445,
2214,浙江农林大学,2025,江苏,本科批,物理类,（03）,,559,75837,
2214,浙江农林大学,2025,江苏,本科批,物理类,,,537,65871,
2216,浙江中医药大学,2025,江苏,本科批,物理类,,,559,30492,
2221,宁波大学,2025,江苏,本科批,物理类,（02）,,588,46626,
2221,宁波大学,2025,江苏,本科批,物理类,,,590,27150,
2222,宁波工程学院,2025,江苏,本科批,物理类,（01）,,538,109484,
2222,宁波工程学院,2025,江苏,本科批,物理类,,,523,88855,
2223,绍兴文理学院,2025,江苏,本科批,物理类,（02）,,523,129305,
2228,温州大学,2025,江苏,本科批,物理类,（02）,,565,73284,
2228,温州大学,2025,江苏,本科批,物理类,,,555,68338,
2231,嘉兴大学,2025,江苏,本科批,物理类,,,533,101161,
2240,浙江外国语学院,2025,江苏,本科批,物理类,,,535,92971,
2240,浙江外国语学院,2025,江苏,本科批,物理类,（05）,,556,78396,
2241,温州医科大学,2025,江苏,本科批,物理类,,,591,27150,
2242,浙江大学医学院,2025,江苏,本科批,物理类,,,646,2209,
2245,宁波诺丁汉大学,2025,江苏,本科批,物理类,（03）,,583,37720,
2245,宁波诺丁汉大学,2025,江苏,本科批,物理类,（04）,,589,23947,
2248,温州肯恩大学,2025,江苏,本科批,物理类,（02）,,547,91583,
2248,温州肯恩大学,2025,江苏,本科批,物理类,（03）,,535,91583,
2249,浙大城市学院,2025,江苏,本科批,物理类,（03）,,538,95642,
2249,浙大城市学院,2025,江苏,本科批,物理类,,,538,63454,
2250,浙大宁波理工学院,2025,江苏,本科批,物理类,（02）,,539,105341,
2250,浙大宁波理工学院,2025,江苏,本科批,物理类,（03）,,531,94329,
2251,浙江海洋大学,2025,江苏,本科批,物理类,,,544,69540,
2251,浙江海洋大学,2025,江苏,本科批,物理类,（04）,,564,74582,
2261,湖州师范学院,2025,江苏,本科批,物理类,（02）,,538,109484,
2261,湖州师范学院,2025,江苏,本科批,物理类,,,520,90193,
2268,丽水学院,2025,江苏,本科批,物理类,（03）,,525,127836,
2268,丽水学院,2025,江苏,本科批,物理类,,,520,59905,
2272,浙江水利水电学院,2025,江苏,本科批,物理类,（01）,,546,98331,
2272,浙江水利水电学院,2025,江苏,本科批,物理类,（02）,,536,91583,
2272,浙江水利水电学院,2025,江苏,本科批,物理类,（03）,,558,82292,
2275,湖州学院,2025,江苏,本科批,物理类,（02）,,533,105341,
2276,温州理工学院,2025,江苏,本科批,物理类,（01）,,529,108073,
2277,嘉兴南湖学院,2025,江苏,本科批,物理类,（02）,,533,109484,
2277,嘉兴南湖学院,2025,江苏,本科批,物理类,（03）,,522,122198,
2278,衢州学院,2025,江苏,本科批,物理类,（01）,,510,147536,
2278,衢州学院,2025,江苏,本科批,物理类,（02）,,510,144772,
2279,绍兴理工学院,2025,江苏,本科批,物理类,（02）,,523,122198,
2279,绍兴理工学院,2025,江苏,本科批,物理类,（03）,,516,130715,
2301,中国科学技术大学,2025,江苏,本科批,物理类,（01）,,669,506,
2302,合肥工业大学,2025,江苏,本科批,物理类,（03）,,603,18319,
2302,合肥工业大学,2025,江苏,本科批,物理类,（04）,,626,7928,
2303,安徽大学,2025,江苏,本科批,物理类,（02）,,601,27965,
2303,安徽大学,2025,江苏,本科批,物理类,,,593,17706,
2304,安徽医科大学,2025,江苏,本科批,物理类,,,537,87528,
2304,安徽医科大学,2025,江苏,本科批,物理类,（04）,,559,52996,
2305,安徽建筑大学,2025,江苏,本科批,物理类,（02）,,542,94329,
2305,安徽建筑大学,2025,江苏,本科批,物理类,（03）,,536,70814,
2305,安徽建筑大学,2025,江苏,本科批,物理类,（04）,,559,81013,
2306,安徽农业大学,2025,江苏,本科批,物理类,（02）,,539,68338,
2306,安徽农业大学,2025,江苏,本科批,物理类,（03）,,564,74582,
2307,安徽中医药大学,2025,江苏,本科批,物理类,,,562,46626,
2307,安徽中医药大学,2025,江苏,本科批,物理类,（05）,,562,67133,
2308,安徽工程大学,2025,江苏,本科批,物理类,（01）,,532,106680,
2309,安徽师范大学,2025,江苏,本科批,物理类,（04）,,550,69540,
2309,安徽师范大学,2025,江苏,本科批,物理类,（05）,,552,57591,
2309,安徽师范大学,2025,江苏,本科批,物理类,（06）,,589,45633,
2310,安徽科技学院,2025,江苏,本科批,物理类,（01）,,528,120767,
2310,安徽科技学院,2025,江苏,本科批,物理类,（02）,,513,133470,
2310,安徽科技学院,2025,江苏,本科批,物理类,（03）,,527,96973,
2321,安徽财经大学,2025,江苏,本科批,物理类,（03）,,553,52996,
2321,安徽财经大学,2025,江苏,本科批,物理类,（04）,,557,78396,
2327,合肥大学,2025,江苏,本科批,物理类,（02）,,554,87528,
2327,合肥大学,2025,江苏,本科批,物理类,（03）,,553,78396,
2331,阜阳师范大学,2025,江苏,本科批,物理类,（03）,,530,105341,
2332,蚌埠医科大学,2025,江苏,本科批,物理类,（01）,,552,56445,
2341,安徽理工大学,2025,江苏,本科批,物理类,（01）,,550,82292,
2341,安徽理工大学,2025,江苏,本科批,物理类,,,538,59905,
2342,宿州学院,2025,江苏,本科批,物理类,（03）,,505,147536,
2343,安庆师范大学,2025,江苏,本科批,物理类,（02）,,509,150364,
2347,蚌埠学院,2025,江苏,本科批,物理类,（01）,,541,105341,
2348,池州学院,2025,江苏,本科批,物理类,（02）,,518,129305,
2349,皖南医学院,2025,江苏,本科批,物理类,（01）,,563,61029,
2351,淮北师范大学,2025,江苏,本科批,物理类,（05）,,542,94329,
2351,淮北师范大学,2025,江苏,本科批,物理类,（06）,,550,91583,
2351,淮北师范大学,2025,江苏,本科批,物理类,（07）,,523,91583,
2356,铜陵学院,2025,江苏,本科批,物理类,（02）,,503,158579,
2361,安徽工业大学,2025,江苏,本科批,物理类,（02）,,559,67133,
2361,安徽工业大学,2025,江苏,本科批,物理类,（03）,,553,40639,
2362,淮南师范学院,2025,江苏,本科批,物理类,（03）,,523,116554,
2362,淮南师范学院,2025,江苏,本科批,物理类,（04）,,516,127836,
2367,巢湖学院,2025,江苏,本科批,物理类,（02）,,510,137742,
2367,巢湖学院,2025,江苏,本科批,物理类,（03）,,505,151737,
2381,黄山学院,2025,江苏,本科批,物理类,,,490,148936,
2381,黄山学院,2025,江苏,本科批,物理类,（05）,,504,155895,
2401,福州大学,2025,江苏,本科批,物理类,（02）,,600,28841,
2401,福州大学,2025,江苏,本科批,物理类,（03）,,612,17028,
2402,福建农林大学,2025,江苏,本科批,物理类,（02）,,517,125021,
2402,福建农林大学,2025,江苏,本科批,物理类,（03）,,536,90193,
2405,福建理工大学,2025,江苏,本科批,物理类,（02）,,542,103949,
2405,福建理工大学,2025,江苏,本科批,物理类,（03）,,542,87528,
2406,福建医科大学,2025,江苏,本科批,物理类,（01）,,558,79711,
2406,福建医科大学,2025,江苏,本科批,物理类,（02）,,545,95642,
2406,福建医科大学,2025,江苏,本科批,物理类,（03）,,571,34888,
2407,福建中医药大学,2025,江苏,本科批,物理类,（01）,,537,63454,
2407,福建中医药大学,2025,江苏,本科批,物理类,（02）,,589,41599,
2408,龙岩学院,2025,江苏,本科批,物理类,（01）,,519,136395,
2408,龙岩学院,2025,江苏,本科批,物理类,（02）,,503,155895,
2409,闽江学院,2025,江苏,本科批,物理类,（01）,,529,117992,
2410,三明学院,2025,江苏,本科批,物理类,（02）,,509,150364,
2410,三明学院,2025,江苏,本科批,物理类,（03）,,505,146160,
2411,厦门大学,2025,江苏,本科批,物理类,,,622,5310,
2412,集美大学,2025,江苏,本科批,物理类,（04）,,564,69540,
2412,集美大学,2025,江苏,本科批,物理类,,,562,54119,
2412,集美大学,2025,江苏,本科批,物理类,（08）,,549,94329,
2412,集美大学,2025,江苏,本科批,物理类,（09）,,581,54119,
2413,厦门理工学院,2025,江苏,本科批,物理类,（02）,,548,94331,
2413,厦门理工学院,2025,江苏,本科批,物理类,（03）,,539,81027,
2421,莆田学院,2025,江苏,本科批,物理类,（02）,,498,165225,
2421,莆田学院,2025,江苏,本科批,物理类,（03）,,567,70814,
2422,华侨大学,2025,江苏,本科批,物理类,（03）,,548,83617,
2422,华侨大学,2025,江苏,本科批,物理类,,,549,61029,
2437,武夷学院,2025,江苏,本科批,物理类,（02）,,511,139203,
2437,武夷学院,2025,江苏,本科批,物理类,（03）,,502,148936,
2442,宁德师范学院,2025,江苏,本科批,物理类,（01）,,513,142068,
2443,泉州师范学院,2025,江苏,本科批,物理类,（01）,,532,117992,
2443,泉州师范学院,2025,江苏,本科批,物理类,（02）,,505,142068,
2443,泉州师范学院,2025,江苏,本科批,物理类,（03）,,546,98331,
2448,闽南师范大学,2025,江苏,本科批,物理类,（02）,,531,110914,
2448,闽南师范大学,2025,江苏,本科批,物理类,（03）,,523,125021,
2448,闽南师范大学,2025,江苏,本科批,物理类,（04）,,528,123539,
2501,江西财经大学,2025,江苏,本科批,物理类,,,535,35803,
2502,华东交通大学,2025,江苏,本科批,物理类,,,530,63454,
2502,华东交通大学,2025,江苏,本科批,物理类,（08）,,559,40639,
2504,江西中医药大学,2025,江苏,本科批,物理类,（04）,,588,46626,
2504,江西中医药大学,2025,江苏,本科批,物理类,（05）,,540,106680,
2504,江西中医药大学,2025,江苏,本科批,物理类,,,557,47686,
2505,南昌大学,2025,江苏,本科批,物理类,（02）,,598,33069,
2505,南昌大学,2025,江苏,本科批,物理类,,,600,24769,
2505,南昌大学,2025,江苏,本科批,物理类,（06）,,622,17706,
2506,南昌航空大学,2025,江苏,本科批,物理类,（03）,,557,78396,
2506,南昌航空大学,2025,江苏,本科批,物理类,,,562,48740,
2507,江西科技师范大学,2025,江苏,本科批,物理类,（02）,,530,108073,
2507,江西科技师范大学,2025,江苏,本科批,物理类,（03）,,511,123539,
2508,江西农业大学,2025,江苏,本科批,物理类,,,534,102526,
2508,江西农业大学,2025,江苏,本科批,物理类,（08）,,558,82292,
2510,江西师范大学,2025,江苏,本科批,物理类,,,541,69540,
2510,江西师范大学,2025,江苏,本科批,物理类,（14）,,594,36724,
2511,江西水利电力大学,2025,江苏,本科批,物理类,（02）,,546,94330,
2511,江西水利电力大学,2025,江苏,本科批,物理类,,,522,87529,
2511,江西水利电力大学,2025,江苏,本科批,物理类,（05）,,528,122199,
2512,江西警察学院,2025,江苏,本科批,物理类,（02）,,554,87528,
2512,江西警察学院,2025,江苏,本科批,物理类,（03）,,531,119385,
2521,江西理工大学,2025,江苏,本科批,物理类,（02）,,533,94329,
2521,江西理工大学,2025,江苏,本科批,物理类,,,535,73284,
2521,江西理工大学,2025,江苏,本科批,物理类,（05）,,555,86192,
2522,赣南医科大学,2025,江苏,本科批,物理类,（01）,,533,113739,
2522,赣南医科大学,2025,江苏,本科批,物理类,（02）,,502,92971,
2522,赣南医科大学,2025,江苏,本科批,物理类,（03）,,551,91583,
2523,赣南师范大学,2025,江苏,本科批,物理类,,,521,126402,
2527,新余学院,2025,江苏,本科批,物理类,,,502,130715,
2531,景德镇陶瓷大学,2025,江苏,本科批,物理类,（02）,,527,125021,
2531,景德镇陶瓷大学,2025,江苏,本科批,物理类,（03）,,528,87528,
2541,东华理工大学,2025,江苏,本科批,物理类,,,521,59905,
2542,萍乡学院,2025,江苏,本科批,物理类,（03）,,509,150364,
2542,萍乡学院,2025,江苏,本科批,物理类,（04）,,503,134945,
2543,南昌师范学院,2025,江苏,本科批,物理类,（03）,,509,127836,
2543,南昌师范学院,2025,江苏,本科批,物理类,（04）,,519,133470,
2547,江西飞行学院,2025,江苏,本科批,物理类,（01）,,539,102526,
2551,宜春学院,2025,江苏,本科批,物理类,（04）,,512,117992,
2551,宜春学院,2025,江苏,本科批,物理类,（05）,,503,144772,
2551,宜春学院,2025,江苏,本科批,物理类,（06）,,509,117992,
2551,宜春学院,2025,江苏,本科批,物理类,（07）,,519,126402,
2561,九江学院,2025,江苏,本科批,物理类,（02）,,511,144772,
2561,九江学院,2025,江苏,本科批,物理类,（03）,,504,148936,
2571,上饶师范学院,2025,江苏,本科批,物理类,（03）,,509,132082,
2571,上饶师范学院,2025,江苏,本科批,物理类,（04）,,502,155895,
2571,上饶师范学院,2025,江苏,本科批,物理类,（05）,,508,151737,
2572,赣东学院,2025,江苏,本科批,物理类,（02）,,510,140608,
2572,赣东学院,2025,江苏,本科批,物理类,（03）,,503,150364,
2573,赣南科技学院,2025,江苏,本科批,物理类,（02）,,508,146160,
2573,赣南科技学院,2025,江苏,本科批,物理类,（03）,,504,143440,
2574,南昌医学院,2025,江苏,本科批,物理类,,,558,49806,
2581,井冈山大学,2025,江苏,本科批,物理类,（02）,,518,122198,
2581,井冈山大学,2025,江苏,本科批,物理类,（03）,,501,84862,
2596,景德镇学院,2025,江苏,本科批,物理类,（02）,,511,147536,
2596,景德镇学院,2025,江苏,本科批,物理类,（03）,,520,134945,
2601,山东大学,2025,江苏,本科批,物理类,,,635,4675,
2601,山东大学,2025,江苏,本科批,物理类,（08）,,640,5633,
2601,山东大学,2025,江苏,本科批,物理类,（09）,,612,24769,
2602,济南大学,2025,江苏,本科批,物理类,（02）,,583,51945,
2602,济南大学,2025,江苏,本科批,物理类,（03）,,557,62232,
2605,山东中医药大学,2025,江苏,本科批,物理类,（01）,,544,55261,
2606,山东财经大学,2025,江苏,本科批,物理类,,,561,41599,
2606,山东财经大学,2025,江苏,本科批,物理类,（04）,,569,64677,
2607,山东建筑大学,2025,江苏,本科批,物理类,,,520,73284,
2608,山东工艺美术学院,2025,江苏,本科批,物理类,,,507,130715,
2608,山东工艺美术学院,2025,江苏,本科批,物理类,（05）,,513,134945,
2609,山东交通学院,2025,江苏,本科批,物理类,（03）,,526,117992,
2609,山东交通学院,2025,江苏,本科批,物理类,,,466,113739,
2610,齐鲁工业大学,2025,江苏,本科批,物理类,（02）,,539,87528,
2611,山东理工大学,2025,江苏,本科批,物理类,（02）,,551,61029,
2613,枣庄学院,2025,江苏,本科批,物理类,（01）,,514,142068,
2613,枣庄学院,2025,江苏,本科批,物理类,（02）,,505,148936,
2614,山东第二医科大学,2025,江苏,本科批,物理类,（01）,,553,88855,
2614,山东第二医科大学,2025,江苏,本科批,物理类,（02）,,566,59905,
2621,中国海洋大学,2025,江苏,本科批,物理类,（05）,,624,13359,
2621,中国海洋大学,2025,江苏,本科批,物理类,,,620,7121,
2622,青岛理工大学,2025,江苏,本科批,物理类,,,530,59905,
2623,青岛科技大学,2025,江苏,本科批,物理类,（01）,,558,73284,
2624,青岛大学,2025,江苏,本科批,物理类,（02）,,584,47686,
2624,青岛大学,2025,江苏,本科批,物理类,,,561,44618,
2631,山东农业大学,2025,江苏,本科批,物理类,,,533,87528,
2633,山东科技大学,2025,江苏,本科批,物理类,,,539,48740,
2633,山东科技大学,2025,江苏,本科批,物理类,（05）,,590,44618,
2635,潍坊学院,2025,江苏,本科批,物理类,（03）,,514,143440,
2635,潍坊学院,2025,江苏,本科批,物理类,（04）,,508,137742,
2635,潍坊学院,2025,江苏,本科批,物理类,（05）,,503,158579,
2641,中国石油大学（华东）,2025,江苏,本科批,物理类,（02）,,600,30492,
2641,中国石油大学（华东）,2025,江苏,本科批,物理类,（03）,,607,17706,
2642,聊城大学,2025,江苏,本科批,物理类,（03）,,541,105341,
2642,聊城大学,2025,江苏,本科批,物理类,,,466,110914,
2642,聊城大学,2025,江苏,本科批,物理类,（06）,,494,170582,
2643,青岛农业大学,2025,江苏,本科批,物理类,,,521,116554,
2645,临沂大学,2025,江苏,本科批,物理类,,,548,81013,
2650,山东航空学院,2025,江苏,本科批,物理类,（02）,,542,103949,
2650,山东航空学院,2025,江苏,本科批,物理类,,,544,91583,
2651,烟台大学,2025,江苏,本科批,物理类,（03）,,536,110914,
2651,烟台大学,2025,江苏,本科批,物理类,（05）,,526,84862,
2652,山东工商学院,2025,江苏,本科批,物理类,,,524,91583,
2652,山东工商学院,2025,江苏,本科批,物理类,（04）,,530,116554,
2653,鲁东大学,2025,江苏,本科批,物理类,（02）,,535,108073,
2653,鲁东大学,2025,江苏,本科批,物理类,,,509,109484,
2661,山东大学（威海）,2025,江苏,本科批,物理类,（02）,,632,11769,
2661,山东大学（威海）,2025,江苏,本科批,物理类,（03）,,635,9279,
2662,哈尔滨工业大学（威海）,2025,江苏,本科批,物理类,,,639,3805,
2669,菏泽学院,2025,江苏,本科批,物理类,（02）,,525,127836,
2669,菏泽学院,2025,江苏,本科批,物理类,（03）,,503,157259,
2671,曲阜师范大学,2025,江苏,本科批,物理类,（02）,,540,98331,
2671,曲阜师范大学,2025,江苏,本科批,物理类,（03）,,555,65871,
2671,曲阜师范大学,2025,江苏,本科批,物理类,（04）,,577,58764,
2681,滨州医学院,2025,江苏,本科批,物理类,,,538,52996,
2683,德州学院,2025,江苏,本科批,物理类,（02）,,516,140608,
2691,山东第一医科大学,2025,江苏,本科批,物理类,,,558,29638,
2695,济宁医学院,2025,江苏,本科批,物理类,（01）,,535,77093,
2701,山东女子学院,2025,江苏,本科批,物理类,（02）,,516,134945,
2702,济宁学院,2025,江苏,本科批,物理类,（02）,,528,123539,
2706,泰山学院,2025,江苏,本科批,物理类,,,507,117992,
2710,齐鲁师范学院,2025,江苏,本科批,物理类,,,465,158579,
2711,山东师范大学,2025,江苏,本科批,物理类,,,537,63454,
2711,山东师范大学,2025,江苏,本科批,物理类,（07）,,550,82292,
2711,山东师范大学,2025,江苏,本科批,物理类,（08）,,584,50891,
2713,山东青年政治学院,2025,江苏,本科批,物理类,（01）,,531,119385,
2713,山东青年政治学院,2025,江苏,本科批,物理类,（02）,,530,120767,
2721,康复大学,2025,江苏,本科批,物理类,,,568,48741,
2755,山东石油化工学院,2025,江苏,本科批,物理类,,,519,106680,
306,中国民用航空飞行学院,2025,江苏,本科批,物理类,（04）,,553,69540,
306,中国民用航空飞行学院,2025,江苏,本科批,物理类,（05）,,561,45633,
306,中国民用航空飞行学院,2025,江苏,本科批,物理类,（06）,,548,95642,
3101,北京大学,2025,江苏,本科批,物理类,（05）,,686,126,
3102,中国人民大学,2025,江苏,本科批,物理类,（05）,,661,728,
3102,中国人民大学（苏州校区）,2025,江苏,本科批,物理类,（03）,,643,6732,
3102,中国人民大学（苏州校区）,2025,江苏,本科批,物理类,,,649,2414,
3103,清华大学,2025,江苏,本科批,物理类,（04）,,684,126,
3104,北京师范大学,2025,江苏,本科批,物理类,（04）,,642,6732,
3104,北京师范大学,2025,江苏,本科批,物理类,（05）,,644,5310,
3105,北京交通大学,2025,江苏,本科批,物理类,,,630,5985,
3105,北京交通大学（威海校区）,2025,江苏,本科批,物理类,（02）,,604,31362,
3105,北京交通大学（威海校区）,2025,江苏,本科批,物理类,（03）,,610,20349,
3106,北京航空航天大学,2025,江苏,本科批,物理类,,,646,937,
3107,北京理工大学,2025,江苏,本科批,物理类,（05）,,631,12320,
3107,北京理工大学,2025,江苏,本科批,物理类,,,640,1039,
3108,北京科技大学,2025,江苏,本科批,物理类,（02）,,634,10750,
3108,北京科技大学,2025,江苏,本科批,物理类,,,634,7121,
3109,北京化工大学,2025,江苏,本科批,物理类,,,614,14487,
3110,中国农业大学,2025,江苏,本科批,物理类,（03）,,620,19004,
3110,中国农业大学,2025,江苏,本科批,物理类,,,638,4675,
3111,中国地质大学（北京）,2025,江苏,本科批,物理类,（02）,,602,30492,
3111,中国地质大学（北京）,2025,江苏,本科批,物理类,（03）,,599,13359,
3112,中国政法大学,2025,江苏,本科批,物理类,（04）,,631,2618,
3113,北京邮电大学,2025,江苏,本科批,物理类,,,626,2847,
3114,北京林业大学,2025,江苏,本科批,物理类,,,599,28841,
3114,北京林业大学,2025,江苏,本科批,物理类,（12）,,609,25515,
3114,北京林业大学,2025,江苏,本科批,物理类,（11）,,600,34888,
3115,北京大学医学部,2025,江苏,本科批,物理类,（02）,,667,1039,
3115,北京大学医学部,2025,江苏,本科批,物理类,,,671,144,
3116,北京外国语大学,2025,江苏,本科批,物理类,（06）,,622,5310,
3116,北京外国语大学,2025,江苏,本科批,物理类,（07）,,584,50891,
3117,北京语言大学,2025,江苏,本科批,物理类,,,530,36724,
3117,北京语言大学,2025,江苏,本科批,物理类,（08）,,592,42525,
3117,北京语言大学,2025,江苏,本科批,物理类,（09）,,591,43570,
3118,中国石油大学（北京）,2025,江苏,本科批,物理类,（02）,,609,27150,
3118,中国石油大学（北京）,2025,江苏,本科批,物理类,（03）,,607,14487,
3119,对外经济贸易大学,2025,江苏,本科批,物理类,（04）,,632,7928,
3119,对外经济贸易大学,2025,江苏,本科批,物理类,,,615,8362,
3120,中央财经大学,2025,江苏,本科批,物理类,,,622,5985,
3121,北京中医药大学,2025,江苏,本科批,物理类,（02）,,599,31362,
3121,北京中医药大学,2025,江苏,本科批,物理类,（03）,,608,6732,
3122,中国矿业大学（北京）,2025,江苏,本科批,物理类,（02）,,597,36724,
3122,中国矿业大学（北京）,2025,江苏,本科批,物理类,（03）,,605,17028,
3123,中国传媒大学,2025,江苏,本科批,物理类,,,613,17706,
3124,中央美术学院,2025,江苏,本科批,物理类,,,551,41599,
3124,中央美术学院,2025,江苏,本科批,物理类,（05）,,619,19674,
3127,北京体育大学,2025,江苏,本科批,物理类,,,540,14487,
3128,华北电力大学（北京）,2025,江苏,本科批,物理类,（02）,,608,21735,
3128,华北电力大学（北京）,2025,江苏,本科批,物理类,（03）,,625,9279,
3129,中央民族大学,2025,江苏,本科批,物理类,（02）,,621,15713,
3129,中央民族大学,2025,江苏,本科批,物理类,,,601,12829,
3130,北京协和医学院,2025,江苏,本科批,物理类,（01）,,598,36724,
3132,北京第二外国语学院,2025,江苏,本科批,物理类,（02）,,573,39620,
3133,首都师范大学,2025,江苏,本科批,物理类,（02）,,607,15713,
3134,北京工业大学,2025,江苏,本科批,物理类,（01）,,633,10750,
3135,首都医科大学,2025,江苏,本科批,物理类,,,587,3081,
3136,北京物资学院,2025,江苏,本科批,物理类,,,530,74582,
3136,北京物资学院,2025,江苏,本科批,物理类,（04）,,560,77093,
3137,北京信息科技大学,2025,江苏,本科批,物理类,（01）,,592,42525,
3137,北京信息科技大学,2025,江苏,本科批,物理类,（02）,,597,32190,
3138,北京服装学院,2025,江苏,本科批,物理类,（01）,,545,94329,
3139,北京印刷学院,2025,江苏,本科批,物理类,（02）,,550,78396,
3141,北京石油化工学院,2025,江苏,本科批,物理类,（02）,,540,92971,
3142,北京工商大学,2025,江苏,本科批,物理类,（02）,,570,59905,
3142,北京工商大学,2025,江苏,本科批,物理类,（03）,,564,63454,
3144,北京联合大学,2025,江苏,本科批,物理类,（02）,,586,48740,
3144,北京联合大学,2025,江苏,本科批,物理类,（03）,,574,62232,
3145,北京建筑大学,2025,江苏,本科批,物理类,（01）,,585,49806,
3145,北京建筑大学,2025,江苏,本科批,物理类,（02）,,545,45633,
3148,北京电影学院,2025,江苏,本科批,物理类,,,586,15099,
3148,北京电影学院,2025,江苏,本科批,物理类,（11）,,616,21735,
3153,华北科技学院,2025,江苏,本科批,物理类,（02）,,517,137742,
3153,华北科技学院,2025,江苏,本科批,物理类,,,512,110914,
3154,首都经济贸易大学,2025,江苏,本科批,物理类,（02）,,582,52996,
3154,首都经济贸易大学,2025,江苏,本科批,物理类,,,580,44618,
3156,中国科学院大学,2025,江苏,本科批,物理类,（02）,,669,443,
3169,中国劳动关系学院,2025,江苏,本科批,物理类,（02）,,536,81013,
3169,中国劳动关系学院,2025,江苏,本科批,物理类,（03）,,536,109484,
3176,民政职业大学,2025,江苏,本科批,物理类,（03）,,531,105341,
3201,南开大学,2025,江苏,本科批,物理类,（03）,,651,3081,
3202,天津大学,2025,江苏,本科批,物理类,,,637,3556,
3203,天津医科大学,2025,江苏,本科批,物理类,（01）,,606,19004,
3203,天津医科大学,2025,江苏,本科批,物理类,,,599,4363,
3204,天津师范大学,2025,江苏,本科批,物理类,（06）,,545,72122,
3204,天津师范大学,2025,江苏,本科批,物理类,,,545,69540,
3204,天津师范大学,2025,江苏,本科批,物理类,（09）,,565,70814,
3205,中国民航大学,2025,江苏,本科批,物理类,（03）,,589,43570,
3205,中国民航大学,2025,江苏,本科批,物理类,（04）,,593,26330,
3206,天津工业大学,2025,江苏,本科批,物理类,（03）,,589,42525,
3206,天津工业大学,2025,江苏,本科批,物理类,,,583,32190,
3207,天津商业大学,2025,江苏,本科批,物理类,,,547,78396,
3207,天津商业大学,2025,江苏,本科批,物理类,（04）,,545,88855,
3208,天津科技大学,2025,江苏,本科批,物理类,（02）,,555,70814,
3208,天津科技大学,2025,江苏,本科批,物理类,,,545,54119,
3209,天津财经大学,2025,江苏,本科批,物理类,,,560,45633,
3209,天津财经大学,2025,江苏,本科批,物理类,（04）,,568,68338,
3210,天津城建大学,2025,江苏,本科批,物理类,（03）,,535,103949,
3210,天津城建大学,2025,江苏,本科批,物理类,,,498,109484,
3210,天津城建大学,2025,江苏,本科批,物理类,（06）,,555,86192,
3211,天津外国语大学,2025,江苏,本科批,物理类,,,540,78396,
3211,天津外国语大学,2025,江苏,本科批,物理类,（10）,,575,61029,
3211,天津外国语大学,2025,江苏,本科批,物理类,（11）,,550,90193,
3212,天津中医药大学,2025,江苏,本科批,物理类,,,548,19674,
3213,天津农学院,2025,江苏,本科批,物理类,,,519,129305,
3213,天津农学院,2025,江苏,本科批,物理类,（06）,,517,139203,
3214,天津理工大学,2025,江苏,本科批,物理类,（01）,,543,87528,
3214,天津理工大学,2025,江苏,本科批,物理类,,,544,56445,
3217,天津体育学院,2025,江苏,本科批,物理类,（02）,,514,140608,
3218,天津职业技术师范大学,2025,江苏,本科批,物理类,（02）,,553,88855,
3218,天津职业技术师范大学,2025,江苏,本科批,物理类,（03）,,549,68338,
3301,石家庄铁道大学,2025,江苏,本科批,物理类,,,542,65871,
3302,河北科技师范学院,2025,江苏,本科批,物理类,（02）,,505,153112,
3302,河北科技师范学院,2025,江苏,本科批,物理类,（03）,,504,155895,
3303,河北建筑工程学院,2025,江苏,本科批,物理类,（01）,,520,134945,
3303,河北建筑工程学院,2025,江苏,本科批,物理类,（02）,,503,151737,
3304,河北科技大学,2025,江苏,本科批,物理类,（01）,,526,126402,
3304,河北科技大学,2025,江苏,本科批,物理类,,,493,78396,
3305,河北地质大学,2025,江苏,本科批,物理类,（02）,,527,115115,
3305,河北地质大学,2025,江苏,本科批,物理类,（03）,,525,113739,
3307,河北工业大学,2025,江苏,本科批,物理类,（02）,,592,40639,
3307,河北工业大学,2025,江苏,本科批,物理类,,,597,13359,
3310,河北经贸大学,2025,江苏,本科批,物理类,,,501,92971,
3310,河北经贸大学,2025,江苏,本科批,物理类,（08）,,543,90193,
3311,华北电力大学（保定）,2025,江苏,本科批,物理类,（02）,,601,24769,
3311,华北电力大学（保定）,2025,江苏,本科批,物理类,（03）,,628,8362,
3312,河北大学,2025,江苏,本科批,物理类,（02）,,544,95642,
3312,河北大学,2025,江苏,本科批,物理类,（03）,,538,72122,
3313,河北医科大学,2025,江苏,本科批,物理类,（01）,,558,74582,
3313,河北医科大学,2025,江苏,本科批,物理类,（02）,,584,44618,
3313,河北医科大学,2025,江苏,本科批,物理类,（03）,,561,78396,
3314,河北师范大学,2025,江苏,本科批,物理类,（03）,,535,113739,
3314,河北师范大学,2025,江苏,本科批,物理类,（04）,,555,82292,
3314,河北师范大学,2025,江苏,本科批,物理类,（05）,,517,139203,
3315,河北金融学院,2025,江苏,本科批,物理类,,,519,112293,
3315,河北金融学院,2025,江苏,本科批,物理类,（05）,,511,143440,
3318,防灾科技学院,2025,江苏,本科批,物理类,（02）,,526,112293,
3318,防灾科技学院,2025,江苏,本科批,物理类,（03）,,519,119385,
3320,河北环境工程学院,2025,江苏,本科批,物理类,（02）,,508,151737,
3320,河北环境工程学院,2025,江苏,本科批,物理类,（03）,,502,158579,
3321,燕山大学,2025,江苏,本科批,物理类,（02）,,563,70814,
3321,燕山大学,2025,江苏,本科批,物理类,,,566,33985,
3322,东北大学秦皇岛分校,2025,江苏,本科批,物理类,（02）,,618,15713,
3322,东北大学秦皇岛分校,2025,江苏,本科批,物理类,,,622,9765,
3326,河北水利电力学院,2025,江苏,本科批,物理类,（01）,,505,153112,
3332,华北理工大学,2025,江苏,本科批,物理类,,,535,87528,
3332,华北理工大学,2025,江苏,本科批,物理类,（10）,,579,51945,
3332,华北理工大学,2025,江苏,本科批,物理类,（11）,,568,68338,
3333,衡水学院,2025,江苏,本科批,物理类,（03）,,507,150364,
3333,衡水学院,2025,江苏,本科批,物理类,,,476,157259,
3341,北华航天工业学院,2025,江苏,本科批,物理类,（02）,,523,125021,
3341,北华航天工业学院,2025,江苏,本科批,物理类,（03）,,525,84862,
3344,邯郸学院,2025,江苏,本科批,物理类,（02）,,503,157259,
3348,河北中医药大学,2025,江苏,本科批,物理类,（01）,,577,57591,
3348,河北中医药大学,2025,江苏,本科批,物理类,,,553,62232,
3348,河北中医药大学,2025,江苏,本科批,物理类,（04）,,563,75837,
3349,河北北方学院,2025,江苏,本科批,物理类,,,561,64677,
3351,河北工程大学,2025,江苏,本科批,物理类,,,503,77093,
3353,承德医学院,2025,江苏,本科批,物理类,（01）,,578,57591,
3362,邢台学院,2025,江苏,本科批,物理类,（02）,,504,157259,
3362,邢台学院,2025,江苏,本科批,物理类,（03）,,506,151737,
3365,沧州师范学院,2025,江苏,本科批,物理类,（02）,,509,147536,
3378,河北石油职业技术大学,2025,江苏,本科批,物理类,（01）,,519,126402,
3379,河北科技工程职业技术大学,2025,江苏,本科批,物理类,（03）,,526,123539,
3380,河北工业职业技术大学,2025,江苏,本科批,物理类,（01）,,522,130715,
3380,河北工业职业技术大学,2025,江苏,本科批,物理类,,,501,159919,
3401,山西大学,2025,江苏,本科批,物理类,（02）,,594,33069,
3402,中北大学,2025,江苏,本科批,物理类,（02）,,548,77093,
3402,中北大学,2025,江苏,本科批,物理类,,,571,30492,
3403,山西财经大学,2025,江苏,本科批,物理类,,,535,72122,
3403,山西财经大学,2025,江苏,本科批,物理类,（06）,,555,84862,
3404,太原科技大学,2025,江苏,本科批,物理类,（02）,,550,91583,
3404,太原科技大学,2025,江苏,本科批,物理类,（03）,,547,77093,
3405,太原理工大学,2025,江苏,本科批,物理类,（01）,,594,26330,
3406,太原工业学院,2025,江苏,本科批,物理类,,,501,139203,
3407,山西医科大学,2025,江苏,本科批,物理类,,,577,47686,
3407,山西医科大学,2025,江苏,本科批,物理类,（03）,,564,74582,
3408,山西中医药大学,2025,江苏,本科批,物理类,,,572,45633,
3408,山西中医药大学,2025,江苏,本科批,物理类,（05）,,536,101161,
3409,太原学院,2025,江苏,本科批,物理类,（02）,,425,232047,
3410,山西农业大学,2025,江苏,本科批,物理类,（03）,,529,122198,
3410,山西农业大学,2025,江苏,本科批,物理类,（04）,,517,92971,
3410,山西农业大学,2025,江苏,本科批,物理类,,,507,108073,
3412,山西传媒学院,2025,江苏,本科批,物理类,（02）,,505,154519,
3412,山西传媒学院,2025,江苏,本科批,物理类,（03）,,503,155895,
3413,忻州师范学院,2025,江苏,本科批,物理类,（01）,,505,146160,
3413,忻州师范学院,2025,江苏,本科批,物理类,（02）,,499,158579,
3413,忻州师范学院,2025,江苏,本科批,物理类,（03）,,496,163926,
3413,忻州师范学院,2025,江苏,本科批,物理类,（04）,,507,153112,
3415,山西师范大学,2025,江苏,本科批,物理类,（03）,,534,73284,
3415,山西师范大学,2025,江苏,本科批,物理类,（04）,,515,122198,
3415,山西师范大学,2025,江苏,本科批,物理类,（05）,,546,91583,
3416,太原师范学院,2025,江苏,本科批,物理类,（03）,,505,151737,
3416,太原师范学院,2025,江苏,本科批,物理类,（04）,,499,148936,
3416,太原师范学院,2025,江苏,本科批,物理类,（05）,,519,134945,
3417,山西大同大学,2025,江苏,本科批,物理类,（03）,,568,69540,
3418,运城学院,2025,江苏,本科批,物理类,（03）,,499,158579,
3429,山西工程科技职业大学,2025,江苏,本科批,物理类,（02）,,508,150364,
3431,吕梁学院,2025,江苏,本科批,物理类,（05）,,508,151737,
3431,吕梁学院,2025,江苏,本科批,物理类,,,502,153112,
3431,吕梁学院,2025,江苏,本科批,物理类,（09）,,507,153112,
3431,吕梁学院,2025,江苏,本科批,物理类,（08）,,506,154519,
3432,晋中学院,2025,江苏,本科批,物理类,（02）,,507,153112,
3432,晋中学院,2025,江苏,本科批,物理类,（03）,,499,158579,
3433,山西工程技术学院,2025,江苏,本科批,物理类,（02）,,506,151737,
3433,山西工程技术学院,2025,江苏,本科批,物理类,（03）,,502,139203,
3433,山西工程技术学院,2025,江苏,本科批,物理类,（04）,,523,130715,
3434,山西科技学院,2025,江苏,本科批,物理类,（02）,,520,133470,
3434,山西科技学院,2025,江苏,本科批,物理类,（03）,,531,119385,
3439,山西工学院,2025,江苏,本科批,物理类,（01）,,521,129305,
3501,内蒙古大学,2025,江苏,本科批,物理类,（01）,,594,40639,
3501,内蒙古大学,2025,江苏,本科批,物理类,（02）,,586,33069,
3503,内蒙古农业大学,2025,江苏,本科批,物理类,（01）,,521,122198,
3503,内蒙古农业大学,2025,江苏,本科批,物理类,（02）,,514,143440,
3504,内蒙古工业大学,2025,江苏,本科批,物理类,,,510,144772,
3506,内蒙古民族大学,2025,江苏,本科批,物理类,（02）,,510,148936,
3506,内蒙古民族大学,2025,江苏,本科批,物理类,（03）,,502,159919,
3506,内蒙古民族大学,2025,江苏,本科批,物理类,（04）,,501,161261,
3506,内蒙古民族大学,2025,江苏,本科批,物理类,（05）,,508,151737,
3507,内蒙古财经大学,2025,江苏,本科批,物理类,（01）,,526,126402,
3507,内蒙古财经大学,2025,江苏,本科批,物理类,（02）,,525,127836,
3511,内蒙古科技大学,2025,江苏,本科批,物理类,（03）,,504,153112,
3511,内蒙古科技大学,2025,江苏,本科批,物理类,（04）,,507,113739,
3511,内蒙古科技大学,2025,江苏,本科批,物理类,（05）,,498,165225,
3515,赤峰学院,2025,江苏,本科批,物理类,（01）,,496,167921,
3515,赤峰学院,2025,江苏,本科批,物理类,（02）,,500,162612,
3516,内蒙古医科大学,2025,江苏,本科批,物理类,,,524,63454,
4101,东北大学,2025,江苏,本科批,物理类,（02）,,624,15713,
4101,东北大学,2025,江苏,本科批,物理类,（03）,,634,5633,
4102,辽宁大学,2025,江苏,本科批,物理类,,,570,37720,
4102,辽宁大学,2025,江苏,本科批,物理类,（09）,,601,27150,
4103,中国医科大学,2025,江苏,本科批,物理类,,,551,9765,
4104,沈阳药科大学,2025,江苏,本科批,物理类,,,565,27150,
4105,沈阳农业大学,2025,江苏,本科批,物理类,,,528,75837,
4107,沈阳化工大学,2025,江苏,本科批,物理类,（01）,,506,127836,
4107,沈阳化工大学,2025,江苏,本科批,物理类,（02）,,524,102526,
4108,沈阳工业大学,2025,江苏,本科批,物理类,（02）,,537,95642,
4108,沈阳工业大学,2025,江苏,本科批,物理类,,,535,48740,
4109,沈阳理工大学,2025,江苏,本科批,物理类,（02）,,547,86192,
4109,沈阳理工大学,2025,江苏,本科批,物理类,,,523,55261,
4110,沈阳航空航天大学,2025,江苏,本科批,物理类,,,572,37720,
4111,沈阳建筑大学,2025,江苏,本科批,物理类,,,522,83617,
4112,鞍山师范学院,2025,江苏,本科批,物理类,（02）,,506,151737,
4113,沈阳医学院,2025,江苏,本科批,物理类,,,527,62232,
4113,沈阳医学院,2025,江苏,本科批,物理类,（04）,,562,77093,
4114,辽宁中医药大学,2025,江苏,本科批,物理类,,,526,56445,
4115,辽宁工业大学,2025,江苏,本科批,物理类,,,525,84862,
4116,沈阳体育学院,2025,江苏,本科批,物理类,（01）,,506,142068,
4117,沈阳师范大学,2025,江苏,本科批,物理类,,,519,112293,
4120,沈阳大学,2025,江苏,本科批,物理类,,,519,101161,
4122,沈阳工程学院,2025,江苏,本科批,物理类,（01）,,561,46626,
4126,辽宁师范大学,2025,江苏,本科批,物理类,（02）,,518,137742,
4131,大连理工大学,2025,江苏,本科批,物理类,,,638,3281,
4131,大连理工大学（盘锦校区）,2025,江苏,本科批,物理类,（01）,,630,12829,
4132,大连海事大学,2025,江苏,本科批,物理类,,,594,26330,
4133,东北财经大学,2025,江苏,本科批,物理类,,,585,30492,
4134,大连医科大学,2025,江苏,本科批,物理类,,,616,15099,
4135,大连外国语大学,2025,江苏,本科批,物理类,,,539,54119,
4135,大连外国语大学,2025,江苏,本科批,物理类,（08）,,561,78396,
4135,大连外国语大学,2025,江苏,本科批,物理类,（09）,,553,88855,
4136,大连大学,2025,江苏,本科批,物理类,（02）,,533,105341,
4136,大连大学,2025,江苏,本科批,物理类,,,526,81013,
4137,大连海洋大学,2025,江苏,本科批,物理类,,,528,110914,
4138,大连工业大学,2025,江苏,本科批,物理类,（01）,,549,92972,
4138,大连工业大学,2025,江苏,本科批,物理类,,,536,67134,
4139,大连交通大学,2025,江苏,本科批,物理类,（02）,,567,70814,
4139,大连交通大学,2025,江苏,本科批,物理类,（03）,,549,51945,
4140,大连民族大学,2025,江苏,本科批,物理类,（02）,,555,86192,
4140,大连民族大学,2025,江苏,本科批,物理类,（03）,,553,87528,
4141,锦州医科大学,2025,江苏,本科批,物理类,,,537,48740,
4141,锦州医科大学,2025,江苏,本科批,物理类,（03）,,508,151737,
4152,渤海大学,2025,江苏,本科批,物理类,（03）,,532,117992,
4152,渤海大学,2025,江苏,本科批,物理类,,,522,81013,
4161,辽宁工程技术大学,2025,江苏,本科批,物理类,（01）,,536,92971,
4171,辽宁科技大学,2025,江苏,本科批,物理类,,,505,99722,
4181,辽宁石油化工大学,2025,江苏,本科批,物理类,,,535,74582,
4192,辽宁科技学院,2025,江苏,本科批,物理类,（01）,,502,150364,
4201,吉林大学,2025,江苏,本科批,物理类,,,624,7121,
4202,东北师范大学,2025,江苏,本科批,物理类,,,531,56445,
4202,东北师范大学,2025,江苏,本科批,物理类,（08）,,613,21735,
4203,吉林农业大学,2025,江苏,本科批,物理类,（01）,,519,123539,
4203,吉林农业大学,2025,江苏,本科批,物理类,（02）,,517,119385,
4203,吉林农业大学,2025,江苏,本科批,物理类,,,500,119385,
4204,长春大学,2025,江苏,本科批,物理类,,,483,90193,
4205,长春工业大学,2025,江苏,本科批,物理类,,,530,87528,
4206,吉林财经大学,2025,江苏,本科批,物理类,,,546,83617,
4206,吉林财经大学,2025,江苏,本科批,物理类,（05）,,547,91583,
4207,长春师范大学,2025,江苏,本科批,物理类,（04）,,517,139203,
4207,长春师范大学,2025,江苏,本科批,物理类,,,512,123539,
4208,长春理工大学,2025,江苏,本科批,物理类,（02）,,543,78396,
4208,长春理工大学,2025,江苏,本科批,物理类,,,558,31362,
4208,长春理工大学,2025,江苏,本科批,物理类,（08）,,554,87528,
4209,长春工程学院,2025,江苏,本科批,物理类,,,474,139203,
4209,长春工程学院,2025,江苏,本科批,物理类,（05）,,506,113739,
4210,吉林建筑大学,2025,江苏,本科批,物理类,,,500,120767,
4210,吉林建筑大学,2025,江苏,本科批,物理类,（07）,,516,140608,
4212,吉林工程技术师范学院,2025,江苏,本科批,物理类,,,482,163926,
4213,吉林体育学院,2025,江苏,本科批,物理类,（02）,,506,151737,
4214,长春中医药大学,2025,江苏,本科批,物理类,（01）,,570,57591,
4214,长春中医药大学,2025,江苏,本科批,物理类,（02）,,538,87528,
4215,吉林师范大学,2025,江苏,本科批,物理类,（05）,,532,117992,
4215,吉林师范大学,2025,江苏,本科批,物理类,（06）,,525,115115,
4220,吉林警察学院,2025,江苏,本科批,物理类,（02）,,525,120767,
4220,吉林警察学院,2025,江苏,本科批,物理类,（03）,,517,139203,
4222,长春汽车职业技术大学,2025,江苏,本科批,物理类,（01）,,525,122198,
4225,吉林农业科技学院,2025,江苏,本科批,物理类,（02）,,500,147536,
4228,吉林医药学院,2025,江苏,本科批,物理类,（02）,,524,129305,
4228,吉林医药学院,2025,江苏,本科批,物理类,（03）,,515,122198,
4228,吉林医药学院,2025,江苏,本科批,物理类,,,487,96973,
4231,东北电力大学,2025,江苏,本科批,物理类,,,553,68338,
4232,北华大学,2025,江苏,本科批,物理类,（03）,,509,150364,
4232,北华大学,2025,江苏,本科批,物理类,,,515,105341,
4232,北华大学,2025,江苏,本科批,物理类,（06）,,560,70814,
4233,通化师范学院,2025,江苏,本科批,物理类,,,481,159919,
4233,通化师范学院,2025,江苏,本科批,物理类,（04）,,514,143440,
4235,吉林化工大学,2025,江苏,本科批,物理类,（01）,,517,136395,
4235,吉林化工大学,2025,江苏,本科批,物理类,（02）,,510,112293,
4237,吉林工商学院,2025,江苏,本科批,物理类,（02）,,507,148936,
4237,吉林工商学院,2025,江苏,本科批,物理类,（03）,,500,161261,
4241,白城师范学院,2025,江苏,本科批,物理类,,,481,154519,
4241,白城师范学院,2025,江苏,本科批,物理类,（08）,,509,150364,
4301,哈尔滨工业大学,2025,江苏,本科批,物理类,,,628,8362,
4302,哈尔滨工程大学,2025,江苏,本科批,物理类,,,575,7121,
4303,东北林业大学,2025,江苏,本科批,物理类,（02）,,593,37720,
4303,东北林业大学,2025,江苏,本科批,物理类,,,577,30492,
4304,东北农业大学,2025,江苏,本科批,物理类,（02）,,592,38685,
4305,黑龙江中医药大学,2025,江苏,本科批,物理类,（02）,,576,41599,
4305,黑龙江中医药大学,2025,江苏,本科批,物理类,（03）,,533,106680,
4306,黑龙江工程学院,2025,江苏,本科批,物理类,（02）,,508,147536,
4306,黑龙江工程学院,2025,江苏,本科批,物理类,（03）,,504,148936,
4306,黑龙江工程学院,2025,江苏,本科批,物理类,（04）,,526,126402,
4307,哈尔滨商业大学,2025,江苏,本科批,物理类,（02）,,520,88855,
4307,哈尔滨商业大学,2025,江苏,本科批,物理类,（03）,,523,116554,
4308,哈尔滨理工大学,2025,江苏,本科批,物理类,（01）,,548,72122,
4308,哈尔滨理工大学,2025,江苏,本科批,物理类,,,551,38685,
4309,哈尔滨医科大学,2025,江苏,本科批,物理类,,,546,35803,
4310,黑龙江科技大学,2025,江苏,本科批,物理类,,,522,112293,
4310,黑龙江科技大学,2025,江苏,本科批,物理类,（04）,,515,112293,
4311,黑龙江大学,2025,江苏,本科批,物理类,（05）,,543,96973,
4311,黑龙江大学,2025,江苏,本科批,物理类,（06）,,481,105341,
4312,哈尔滨师范大学,2025,江苏,本科批,物理类,（02）,,530,75837,
4312,哈尔滨师范大学,2025,江苏,本科批,物理类,（03）,,521,130715,
4312,哈尔滨师范大学,2025,江苏,本科批,物理类,（04）,,539,102526,
4314,牡丹江师范学院,2025,江苏,本科批,物理类,（02）,,503,151737,
4314,牡丹江师范学院,2025,江苏,本科批,物理类,（03）,,497,162612,
4314,牡丹江师范学院,2025,江苏,本科批,物理类,（04）,,506,154519,
4315,哈尔滨金融学院,2025,江苏,本科批,物理类,,,521,123539,
4315,哈尔滨金融学院,2025,江苏,本科批,物理类,（04）,,517,139203,
4321,东北石油大学,2025,江苏,本科批,物理类,（01）,,534,109484,
4321,东北石油大学,2025,江苏,本科批,物理类,,,528,77093,
4323,哈尔滨学院,2025,江苏,本科批,物理类,（04）,,508,137742,
4323,哈尔滨学院,2025,江苏,本科批,物理类,（05）,,500,142068,
4323,哈尔滨学院,2025,江苏,本科批,物理类,（06）,,524,129305,
4324,大庆师范学院,2025,江苏,本科批,物理类,（02）,,501,161261,
4324,大庆师范学院,2025,江苏,本科批,物理类,,,497,161261,
4331,齐齐哈尔医学院,2025,江苏,本科批,物理类,（02）,,476,153112,
4331,齐齐哈尔医学院,2025,江苏,本科批,物理类,（03）,,543,99722,
4332,齐齐哈尔大学,2025,江苏,本科批,物理类,（02）,,500,142068,
4332,齐齐哈尔大学,2025,江苏,本科批,物理类,（03）,,520,134945,
4333,黑河学院,2025,江苏,本科批,物理类,（01）,,499,163926,
4333,黑河学院,2025,江苏,本科批,物理类,（02）,,492,167921,
4341,黑龙江工业学院,2025,江苏,本科批,物理类,（01）,,507,153112,
4341,黑龙江工业学院,2025,江苏,本科批,物理类,（02）,,501,148936,
4343,哈尔滨职业技术大学,2025,江苏,本科批,物理类,（01）,,509,144772,
4351,佳木斯大学,2025,江苏,本科批,物理类,,,504,106680,
4352,黑龙江八一农垦大学,2025,江苏,本科批,物理类,（01）,,508,151737,
4352,黑龙江八一农垦大学,2025,江苏,本科批,物理类,,,500,115115,
4352,黑龙江八一农垦大学,2025,江苏,本科批,物理类,（05）,,517,139203,
4371,延边大学,2025,江苏,本科批,物理类,（02）,,582,52996,
4371,延边大学,2025,江苏,本科批,物理类,（03）,,582,34888,
4381,牡丹江医科大学,2025,江苏,本科批,物理类,,,522,67133,
5101,郑州大学,2025,江苏,本科批,物理类,（02）,,606,19674,
5102,华北水利水电大学,2025,江苏,本科批,物理类,（01）,,539,56445,
5103,中原工学院,2025,江苏,本科批,物理类,（02）,,511,147536,
5103,中原工学院,2025,江苏,本科批,物理类,（03）,,500,130715,
5104,河南工业大学,2025,江苏,本科批,物理类,（02）,,536,87528,
5104,河南工业大学,2025,江苏,本科批,物理类,,,524,73284,
5105,郑州航空工业管理学院,2025,江苏,本科批,物理类,,,508,108073,
5106,郑州轻工业大学,2025,江苏,本科批,物理类,,,528,56445,
5110,河南科技学院,2025,江苏,本科批,物理类,（02）,,504,147536,
5114,河南中医药大学,2025,江苏,本科批,物理类,,,561,50891,
5114,河南中医药大学,2025,江苏,本科批,物理类,（05）,,558,78396,
5114,河南中医药大学,2025,江苏,本科批,物理类,（06）,,563,75837,
5117,河南农业大学,2025,江苏,本科批,物理类,（02）,,545,96973,
5117,河南农业大学,2025,江苏,本科批,物理类,,,517,63454,
5117,河南农业大学,2025,江苏,本科批,物理类,（06）,,529,115115,
5117,河南农业大学,2025,江苏,本科批,物理类,（08）,,544,101161,
5117,河南农业大学,2025,江苏,本科批,物理类,（07）,,536,112293,
5118,信阳师范大学,2025,江苏,本科批,物理类,,,507,122198,
5119,河南财经政法大学,2025,江苏,本科批,物理类,（02）,,557,62232,
5119,河南财经政法大学,2025,江苏,本科批,物理类,,,553,82292,
5122,河南工程学院,2025,江苏,本科批,物理类,（03）,,510,146160,
5122,河南工程学院,2025,江苏,本科批,物理类,（04）,,503,143440,
5122,河南工程学院,2025,江苏,本科批,物理类,（05）,,519,136395,
5125,周口师范学院,2025,江苏,本科批,物理类,,,465,146160,
5131,洛阳理工学院,2025,江苏,本科批,物理类,（02）,,504,134945,
5132,河南科技大学,2025,江苏,本科批,物理类,,,553,81013,
5133,洛阳师范学院,2025,江苏,本科批,物理类,（02）,,504,153112,
5134,平顶山学院,2025,江苏,本科批,物理类,（03）,,515,136395,
5134,平顶山学院,2025,江苏,本科批,物理类,（04）,,515,142068,
5134,平顶山学院,2025,江苏,本科批,物理类,（05）,,535,113739,
5141,河南大学,2025,江苏,本科批,物理类,（05）,,591,43570,
5141,河南大学,2025,江苏,本科批,物理类,,,589,41599,
5141,河南大学,2025,江苏,本科批,物理类,（09）,,595,39620,
5151,河南理工大学,2025,江苏,本科批,物理类,（02）,,542,98331,
5151,河南理工大学,2025,江苏,本科批,物理类,,,520,75837,
5153,河南师范大学,2025,江苏,本科批,物理类,,,532,110914,
5161,安阳工学院,2025,江苏,本科批,物理类,,,486,158579,
5162,安阳师范学院,2025,江苏,本科批,物理类,（03）,,504,150364,
5171,河南工学院,2025,江苏,本科批,物理类,（01）,,526,109484,
5172,郑州工程技术学院,2025,江苏,本科批,物理类,（02）,,500,159919,
5173,新乡学院,2025,江苏,本科批,物理类,,,491,157259,
5174,许昌学院,2025,江苏,本科批,物理类,（02）,,507,153112,
5174,许昌学院,2025,江苏,本科批,物理类,（03）,,514,143440,
5174,许昌学院,2025,江苏,本科批,物理类,（04）,,524,129305,
5181,南阳师范学院,2025,江苏,本科批,物理类,,,497,134945,
5181,南阳师范学院,2025,江苏,本科批,物理类,（08）,,501,158579,
5181,南阳师范学院,2025,江苏,本科批,物理类,（09）,,526,126402,
5182,南阳理工学院,2025,江苏,本科批,物理类,,,509,134945,
5191,黄淮学院,2025,江苏,本科批,物理类,（03）,,508,151737,
5191,黄淮学院,2025,江苏,本科批,物理类,,,495,158579,
5191,黄淮学院,2025,江苏,本科批,物理类,（06）,,507,153112,
5192,河南医药大学,2025,江苏,本科批,物理类,（01）,,542,67133,
5193,河南城建学院,2025,江苏,本科批,物理类,（02）,,508,151737,
5193,河南城建学院,2025,江苏,本科批,物理类,（03）,,494,159919,
5198,商丘师范学院,2025,江苏,本科批,物理类,（04）,,509,136395,
5198,商丘师范学院,2025,江苏,本科批,物理类,（05）,,503,117992,
5201,武汉大学,2025,江苏,本科批,物理类,（05）,,651,3281,
5201,武汉大学,2025,江苏,本科批,物理类,,,625,1147,
5202,华中科技大学,2025,江苏,本科批,物理类,,,647,2209,
5203,华中师范大学,2025,江苏,本科批,物理类,（06）,,600,23214,
5203,华中师范大学,2025,江苏,本科批,物理类,,,609,21043,
5203,华中师范大学,2025,江苏,本科批,物理类,（09）,,612,24769,
5204,华中农业大学,2025,江苏,本科批,物理类,（02）,,595,35803,
5204,华中农业大学,2025,江苏,本科批,物理类,（03）,,603,22495,
5204,华中农业大学,2025,江苏,本科批,物理类,（05）,,610,26330,
5204,华中农业大学,2025,江苏,本科批,物理类,（04）,,600,34888,
5205,中国地质大学（武汉）,2025,江苏,本科批,物理类,,,600,17029,
5206,中南财经政法大学,2025,江苏,本科批,物理类,,,556,13359,
5207,武汉理工大学,2025,江苏,本科批,物理类,,,599,7121,
5208,中南民族大学,2025,江苏,本科批,物理类,（04）,,550,81013,
5208,中南民族大学,2025,江苏,本科批,物理类,,,542,56445,
5209,湖北大学,2025,江苏,本科批,物理类,（02）,,550,87528,
5209,湖北大学,2025,江苏,本科批,物理类,,,528,48740,
5211,湖北中医药大学,2025,江苏,本科批,物理类,（02）,,572,41599,
5211,湖北中医药大学,2025,江苏,本科批,物理类,（03）,,546,70814,
5212,武汉纺织大学,2025,江苏,本科批,物理类,（02）,,543,81013,
5213,武汉体育学院,2025,江苏,本科批,物理类,（02）,,520,122198,
5215,武汉工程大学,2025,江苏,本科批,物理类,,,552,51945,
5216,武汉轻工大学,2025,江苏,本科批,物理类,（03）,,522,132082,
5216,武汉轻工大学,2025,江苏,本科批,物理类,,,523,68338,
5217,武汉科技大学,2025,江苏,本科批,物理类,（02）,,589,41599,
5218,江汉大学,2025,江苏,本科批,物理类,（01）,,571,63454,
5219,湖北工业大学,2025,江苏,本科批,物理类,（01）,,545,91583,
5219,湖北工业大学,2025,江苏,本科批,物理类,,,550,51945,
5220,湖北第二师范学院,2025,江苏,本科批,物理类,,,505,133470,
5220,湖北第二师范学院,2025,江苏,本科批,物理类,（05）,,512,146160,
5221,湖北经济学院,2025,江苏,本科批,物理类,,,505,101161,
5221,湖北经济学院,2025,江苏,本科批,物理类,（05）,,540,105341,
5225,汉江师范学院,2025,江苏,本科批,物理类,（03）,,514,143440,
5226,武汉职业技术大学,2025,江苏,本科批,物理类,（01）,,518,134945,
5243,长江大学,2025,江苏,本科批,物理类,（02）,,555,86192,
5243,长江大学,2025,江苏,本科批,物理类,,,516,57591,
5243,长江大学,2025,江苏,本科批,物理类,（06）,,532,117992,
5251,三峡大学,2025,江苏,本科批,物理类,（02）,,565,48740,
5251,三峡大学,2025,江苏,本科批,物理类,（03）,,575,31362,
5255,湖北汽车工业学院,2025,江苏,本科批,物理类,（01）,,531,119385,
5255,湖北汽车工业学院,2025,江苏,本科批,物理类,,,514,106680,
5256,湖北医药学院,2025,江苏,本科批,物理类,（01）,,533,81013,
5261,湖北师范大学,2025,江苏,本科批,物理类,,,522,95642,
5265,湖北理工学院,2025,江苏,本科批,物理类,（02）,,521,133470,
5265,湖北理工学院,2025,江苏,本科批,物理类,（03）,,517,112293,
5267,湖北民族大学,2025,江苏,本科批,物理类,（02）,,539,103949,
5271,湖北警官学院,2025,江苏,本科批,物理类,（02）,,555,86192,
5271,湖北警官学院,2025,江苏,本科批,物理类,（03）,,533,116554,
5285,荆楚理工学院,2025,江苏,本科批,物理类,,,481,143440,
5287,湖北科技学院,2025,江苏,本科批,物理类,,,498,81013,
5290,湖北文理学院,2025,江苏,本科批,物理类,（02）,,493,148936,
5295,湖北工程学院,2025,江苏,本科批,物理类,（02）,,515,137742,
5295,湖北工程学院,2025,江苏,本科批,物理类,（03）,,504,130715,
5301,湖南大学,2025,江苏,本科批,物理类,（04）,,632,10750,
5301,湖南大学,2025,江苏,本科批,物理类,（06）,,635,4363,
5302,中南大学,2025,江苏,本科批,物理类,,,619,6362,
5303,湖南师范大学,2025,江苏,本科批,物理类,（04）,,591,34888,
5303,湖南师范大学,2025,江苏,本科批,物理类,,,561,24769,
5303,湖南师范大学,2025,江苏,本科批,物理类,（07）,,598,34888,
5304,湖南中医药大学,2025,江苏,本科批,物理类,,,538,38685,
5305,湖南农业大学,2025,江苏,本科批,物理类,（02）,,541,99722,
5305,湖南农业大学,2025,江苏,本科批,物理类,（03）,,543,79711,
5306,湖南工商大学,2025,江苏,本科批,物理类,,,532,102526,
5306,湖南工商大学,2025,江苏,本科批,物理类,（04）,,542,86192,
5306,湖南工商大学,2025,江苏,本科批,物理类,（05）,,536,112293,
5307,长沙理工大学,2025,江苏,本科批,物理类,（02）,,570,59905,
5307,长沙理工大学,2025,江苏,本科批,物理类,,,541,30492,
5308,长沙学院,2025,江苏,本科批,物理类,,,522,126402,
5308,长沙学院,2025,江苏,本科批,物理类,（10）,,516,134945,
5308,长沙学院,2025,江苏,本科批,物理类,（11）,,520,134945,
5310,湖南人文科技学院,2025,江苏,本科批,物理类,,,496,144772,
5310,湖南人文科技学院,2025,江苏,本科批,物理类,（06）,,499,158579,
5310,湖南人文科技学院,2025,江苏,本科批,物理类,（07）,,521,133470,
5320,湖南财政经济学院,2025,江苏,本科批,物理类,,,522,115115,
5320,湖南财政经济学院,2025,江苏,本科批,物理类,（04）,,537,103949,
5321,湖南科技大学,2025,江苏,本科批,物理类,（02）,,535,84862,
5321,湖南科技大学,2025,江苏,本科批,物理类,（03）,,528,58764,
5321,湖南科技大学,2025,江苏,本科批,物理类,（04）,,562,64677,
5322,湖南工程学院,2025,江苏,本科批,物理类,（02）,,516,139203,
5322,湖南工程学院,2025,江苏,本科批,物理类,,,505,126402,
5323,湘潭大学,2025,江苏,本科批,物理类,（02）,,580,37720,
5323,湘潭大学,2025,江苏,本科批,物理类,,,584,37720,
5327,湖南工学院,2025,江苏,本科批,物理类,（02）,,519,130715,
5327,湖南工学院,2025,江苏,本科批,物理类,（03）,,505,129305,
5331,中南林业科技大学,2025,江苏,本科批,物理类,（02）,,534,102526,
5331,中南林业科技大学,2025,江苏,本科批,物理类,（03）,,496,98331,
5332,湖南工业大学,2025,江苏,本科批,物理类,,,520,101161,
5341,南华大学,2025,江苏,本科批,物理类,（02）,,536,95642,
5341,南华大学,2025,江苏,本科批,物理类,（03）,,530,42525,
5342,衡阳师范学院,2025,江苏,本科批,物理类,（03）,,509,140608,
5342,衡阳师范学院,2025,江苏,本科批,物理类,（04）,,503,137742,
5342,衡阳师范学院,2025,江苏,本科批,物理类,（05）,,524,115115,
5343,湖南文理学院,2025,江苏,本科批,物理类,（02）,,505,155895,
5343,湖南文理学院,2025,江苏,本科批,物理类,,,499,155895,
5343,湖南文理学院,2025,江苏,本科批,物理类,（05）,,496,167921,
5348,湖南医药学院,2025,江苏,本科批,物理类,,,530,49806,
5349,湖南第一师范学院,2025,江苏,本科批,物理类,（01）,,527,112293,
5351,湖南理工学院,2025,江苏,本科批,物理类,,,519,126402,
5351,湖南理工学院,2025,江苏,本科批,物理类,（04）,,501,106680,
5355,湖南城市学院,2025,江苏,本科批,物理类,（02）,,508,142068,
5355,湖南城市学院,2025,江苏,本科批,物理类,（03）,,502,150364,
5361,吉首大学,2025,江苏,本科批,物理类,（03）,,532,86192,
5361,吉首大学,2025,江苏,本科批,物理类,（04）,,508,110914,
5371,邵阳学院,2025,江苏,本科批,物理类,,,486,150364,
5380,长沙师范学院,2025,江苏,本科批,物理类,（03）,,517,139203,
5380,长沙师范学院,2025,江苏,本科批,物理类,（04）,,523,130715,
5381,湘南学院,2025,江苏,本科批,物理类,（02）,,508,119385,
5381,湘南学院,2025,江苏,本科批,物理类,,,502,101161,
5385,怀化学院,2025,江苏,本科批,物理类,（03）,,499,154519,
5385,怀化学院,2025,江苏,本科批,物理类,（04）,,508,151737,
5391,湖南科技学院,2025,江苏,本科批,物理类,（03）,,501,155895,
5393,湖南女子学院,2025,江苏,本科批,物理类,（02）,,507,143440,
5393,湖南女子学院,2025,江苏,本科批,物理类,（03）,,508,147536,
5401,中山大学,2025,江苏,本科批,物理类,（03）,,644,4973,
5401,中山大学,2025,江苏,本科批,物理类,,,643,3556,
5402,华南理工大学,2025,江苏,本科批,物理类,,,644,3556,
5403,华南农业大学,2025,江苏,本科批,物理类,（01）,,588,40639,
5403,华南农业大学,2025,江苏,本科批,物理类,（02）,,590,31362,
5403,华南农业大学,2025,江苏,本科批,物理类,（03）,,590,44618,
5404,广东外语外贸大学,2025,江苏,本科批,物理类,（03）,,554,26330,
5405,广东医科大学,2025,江苏,本科批,物理类,,,527,52996,
5406,广东药科大学,2025,江苏,本科批,物理类,,,555,61029,
5407,暨南大学,2025,江苏,本科批,物理类,（02）,,598,21735,
5407,暨南大学,2025,江苏,本科批,物理类,,,610,13359,
5408,广州美术学院,2025,江苏,本科批,物理类,（01）,,552,33069,
5408,广州美术学院,2025,江苏,本科批,物理类,（02）,,602,33069,
5411,广州航海学院,2025,江苏,本科批,物理类,（02）,,531,119385,
5412,广东金融学院,2025,江苏,本科批,物理类,（02）,,560,77093,
5412,广东金融学院,2025,江苏,本科批,物理类,（03）,,564,74582,
5413,华南师范大学,2025,江苏,本科批,物理类,（02）,,610,23947,
5414,广东财经大学,2025,江苏,本科批,物理类,（02）,,558,78396,
5416,广东轻工职业技术大学,2025,江苏,本科批,物理类,（03）,,520,134945,
5418,哈尔滨工业大学（深圳）,2025,江苏,本科批,物理类,,,646,2414,
5419,广州大学,2025,江苏,本科批,物理类,（03）,,583,47686,
5420,广州中医药大学,2025,江苏,本科批,物理类,（02）,,598,23214,
5420,广州中医药大学,2025,江苏,本科批,物理类,（03）,,584,40639,
5421,汕头大学,2025,江苏,本科批,物理类,（02）,,564,47686,
5421,汕头大学,2025,江苏,本科批,物理类,,,558,27150,
5422,南方医科大学,2025,江苏,本科批,物理类,（02）,,555,40639,
5423,广州体育学院,2025,江苏,本科批,物理类,（02）,,535,113739,
5427,东莞理工学院,2025,江苏,本科批,物理类,（01）,,525,110914,
5431,广东海洋大学,2025,江苏,本科批,物理类,（01）,,545,99722,
5431,广东海洋大学,2025,江苏,本科批,物理类,,,521,79711,
5431,广东海洋大学,2025,江苏,本科批,物理类,（05）,,533,103949,
5437,韶关学院,2025,江苏,本科批,物理类,（02）,,515,142068,
5438,广东以色列理工学院,2025,江苏,本科批,物理类,（01）,,586,39620,
5441,广东石油化工学院,2025,江苏,本科批,物理类,（01）,,512,142068,
5451,深圳大学,2025,江苏,本科批,物理类,,,611,13916,
5451,深圳大学,2025,江苏,本科批,物理类,（04）,,623,8838,
5461,北师香港浸会大学,2025,江苏,本科批,物理类,（02）,,549,90193,
5461,北师香港浸会大学,2025,江苏,本科批,物理类,（03）,,555,58764,
5477,岭南师范学院,2025,江苏,本科批,物理类,,,521,108073,
5478,广东工业大学,2025,江苏,本科批,物理类,（01）,,543,102526,
5478,广东工业大学,2025,江苏,本科批,物理类,（02）,,606,27150,
5479,深圳技术大学,2025,江苏,本科批,物理类,（02）,,598,29638,
5480,深圳北理莫斯科大学,2025,江苏,本科批,物理类,（04）,,578,57591,
5484,肇庆学院,2025,江苏,本科批,物理类,,,521,115115,
5485,肇庆医学院,2025,江苏,本科批,物理类,（01）,,524,120767,
5501,广西大学,2025,江苏,本科批,物理类,（01）,,590,28841,
5502,广西中医药大学,2025,江苏,本科批,物理类,（02）,,575,41599,
5502,广西中医药大学,2025,江苏,本科批,物理类,,,535,55261,
5504,南宁师范大学,2025,江苏,本科批,物理类,（02）,,508,132082,
5504,南宁师范大学,2025,江苏,本科批,物理类,,,518,113739,
5505,玉林师范学院,2025,江苏,本科批,物理类,,,496,157259,
5505,玉林师范学院,2025,江苏,本科批,物理类,（07）,,497,166591,
5505,玉林师范学院,2025,江苏,本科批,物理类,（08）,,504,157259,
5507,北部湾大学,2025,江苏,本科批,物理类,,,499,125021,
5508,广西医科大学,2025,江苏,本科批,物理类,,,525,88855,
5510,桂林医科大学,2025,江苏,本科批,物理类,,,551,56445,
5511,广西师范大学,2025,江苏,本科批,物理类,,,505,77093,
5511,广西师范大学,2025,江苏,本科批,物理类,（05）,,526,90193,
5511,广西师范大学,2025,江苏,本科批,物理类,（06）,,556,84862,
5512,桂林理工大学,2025,江苏,本科批,物理类,（03）,,520,125021,
5512,桂林理工大学,2025,江苏,本科批,物理类,,,522,109484,
5513,桂林电子科技大学,2025,江苏,本科批,物理类,（02）,,557,74582,
5513,桂林电子科技大学,2025,江苏,本科批,物理类,,,563,35803,
5517,右江民族医学院,2025,江苏,本科批,物理类,（02）,,506,154519,
5517,右江民族医学院,2025,江苏,本科批,物理类,,,516,78396,
5517,右江民族医学院,2025,江苏,本科批,物理类,（07）,,552,90193,
5518,广西民族师范学院,2025,江苏,本科批,物理类,（02）,,496,158579,
5519,贺州学院,2025,江苏,本科批,物理类,（02）,,509,150364,
5519,贺州学院,2025,江苏,本科批,物理类,（03）,,499,161261,
5521,桂林航天工业学院,2025,江苏,本科批,物理类,（02）,,562,75837,
5522,桂林旅游学院,2025,江苏,本科批,物理类,,,466,194703,
5522,桂林旅游学院,2025,江苏,本科批,物理类,（05）,,489,177018,
5527,广西科技师范学院,2025,江苏,本科批,物理类,（02）,,505,153112,
5527,广西科技师范学院,2025,江苏,本科批,物理类,（03）,,500,155895,
5531,广西科技大学,2025,江苏,本科批,物理类,（02）,,521,133470,
5531,广西科技大学,2025,江苏,本科批,物理类,,,503,139203,
5531,广西科技大学,2025,江苏,本科批,物理类,（05）,,569,68338,
5532,广西民族大学,2025,江苏,本科批,物理类,,,486,92971,
5532,广西民族大学,2025,江苏,本科批,物理类,（05）,,516,112293,
5532,广西民族大学,2025,江苏,本科批,物理类,（06）,,508,137742,
5544,河池学院,2025,江苏,本科批,物理类,（01）,,493,167921,
5545,桂林师范学院,2025,江苏,本科批,物理类,（02）,,508,150364,
5561,梧州学院,2025,江苏,本科批,物理类,（02）,,506,140608,
5561,梧州学院,2025,江苏,本科批,物理类,（03）,,499,155895,
5601,海南大学,2025,江苏,本科批,物理类,,,542,39620,
5602,海南师范大学,2025,江苏,本科批,物理类,,,521,110914,
5602,海南师范大学,2025,江苏,本科批,物理类,（09）,,527,125021,
5603,海南医科大学,2025,江苏,本科批,物理类,（01）,,570,61029,
5603,海南医科大学,2025,江苏,本科批,物理类,,,508,64677,
5604,海南热带海洋学院,2025,江苏,本科批,物理类,,,477,137742,
5604,海南热带海洋学院,2025,江苏,本科批,物理类,（07）,,495,154519,
5619,琼台师范学院,2025,江苏,本科批,物理类,（04）,,464,204991,
5619,琼台师范学院,2025,江苏,本科批,物理类,（05）,,503,155895,
5621,海南比勒费尔德应用科学大学,2025,江苏,本科批,物理类,（01）,,464,202992,
5621,海南比勒费尔德应用科学大学,2025,江苏,本科批,物理类,,,464,195768,
6101,四川大学,2025,江苏,本科批,物理类,,,635,9279,
6102,西南交通大学,2025,江苏,本科批,物理类,,,581,13359,
6103,西南财经大学,2025,江苏,本科批,物理类,,,587,11248,
6103,西南财经大学,2025,江苏,本科批,物理类,（05）,,622,13359,
6105,西南民族大学,2025,江苏,本科批,物理类,（02）,,545,95642,
6105,西南民族大学,2025,江苏,本科批,物理类,（03）,,554,82292,
6106,成都理工大学,2025,江苏,本科批,物理类,,,549,45633,
6107,成都信息工程大学,2025,江苏,本科批,物理类,（02）,,584,43570,
6108,成都体育学院,2025,江苏,本科批,物理类,,,539,69540,
6108,成都体育学院,2025,江苏,本科批,物理类,（05）,,541,105341,
6110,西华大学,2025,江苏,本科批,物理类,（03）,,536,92971,
6111,成都中医药大学,2025,江苏,本科批,物理类,,,591,16379,
6112,电子科技大学,2025,江苏,本科批,物理类,,,640,2847,
6113,四川农业大学,2025,江苏,本科批,物理类,（01）,,590,43570,
6113,四川农业大学,2025,江苏,本科批,物理类,（02）,,589,40639,
6114,成都大学,2025,江苏,本科批,物理类,（04）,,539,108073,
6114,成都大学,2025,江苏,本科批,物理类,,,551,67133,
6115,四川轻化工大学,2025,江苏,本科批,物理类,（02）,,546,95642,
6116,成都医学院,2025,江苏,本科批,物理类,（01）,,538,106680,
6117,西昌学院,2025,江苏,本科批,物理类,,,497,154519,
6118,内江师范学院,2025,江苏,本科批,物理类,（03）,,519,136395,
6118,内江师范学院,2025,江苏,本科批,物理类,（04）,,526,126402,
6120,四川警察学院,2025,江苏,本科批,物理类,（02）,,560,79711,
6129,成都师范学院,2025,江苏,本科批,物理类,（03）,,532,117992,
6129,成都师范学院,2025,江苏,本科批,物理类,（04）,,517,139203,
6129,成都师范学院,2025,江苏,本科批,物理类,（05）,,550,92971,
6131,西南科技大学,2025,江苏,本科批,物理类,（02）,,540,106680,
6131,西南科技大学,2025,江苏,本科批,物理类,（03）,,542,73284,
6135,四川工程职业技术大学,2025,江苏,本科批,物理类,（02）,,514,139203,
6140,四川师范大学,2025,江苏,本科批,物理类,（04）,,549,67133,
6141,西南石油大学,2025,江苏,本科批,物理类,（02）,,596,33985,
6142,西华师范大学,2025,江苏,本科批,物理类,（02）,,530,119385,
6143,西南医科大学,2025,江苏,本科批,物理类,,,560,46626,
6144,绵阳师范学院,2025,江苏,本科批,物理类,（02）,,502,159919,
6144,绵阳师范学院,2025,江苏,本科批,物理类,（03）,,531,119385,
6150,成都工业学院,2025,江苏,本科批,物理类,（01）,,534,108073,
6151,乐山师范学院,2025,江苏,本科批,物理类,（02）,,501,155895,
6151,乐山师范学院,2025,江苏,本科批,物理类,（03）,,502,159919,
6161,川北医学院,2025,江苏,本科批,物理类,,,533,56445,
6181,宜宾学院,2025,江苏,本科批,物理类,（02）,,513,144772,
6181,宜宾学院,2025,江苏,本科批,物理类,（03）,,506,148936,
6187,攀枝花学院,2025,江苏,本科批,物理类,（02）,,516,140608,
6201,重庆大学,2025,江苏,本科批,物理类,,,637,4363,
6202,西南大学,2025,江苏,本科批,物理类,,,591,33985,
6202,西南大学,2025,江苏,本科批,物理类,（10）,,615,21735,
6202,西南大学,2025,江苏,本科批,物理类,（11）,,612,24769,
6203,西南政法大学,2025,江苏,本科批,物理类,,,600,15099,
6205,重庆医科大学,2025,江苏,本科批,物理类,,,557,13915,
6206,重庆工商大学,2025,江苏,本科批,物理类,（02）,,544,84863,
6206,重庆工商大学,2025,江苏,本科批,物理类,（03）,,549,82293,
6207,重庆交通大学,2025,江苏,本科批,物理类,（03）,,547,79711,
6207,重庆交通大学,2025,江苏,本科批,物理类,（04）,,547,72122,
6208,重庆理工大学,2025,江苏,本科批,物理类,（03）,,568,67133,
6208,重庆理工大学,2025,江苏,本科批,物理类,,,570,51945,
6209,重庆邮电大学,2025,江苏,本科批,物理类,,,586,30492,
6210,重庆师范大学,2025,江苏,本科批,物理类,（04）,,538,96973,
6210,重庆师范大学,2025,江苏,本科批,物理类,,,550,79711,
6210,重庆师范大学,2025,江苏,本科批,物理类,（07）,,572,64677,
6211,四川美术学院,2025,江苏,本科批,物理类,（02）,,530,119385,
6211,四川美术学院,2025,江苏,本科批,物理类,（03）,,590,44618,
6212,四川外国语大学,2025,江苏,本科批,物理类,,,532,70815,
6212,四川外国语大学,2025,江苏,本科批,物理类,（12）,,540,105342,
6213,重庆三峡学院,2025,江苏,本科批,物理类,（02）,,518,130715,
6213,重庆三峡学院,2025,江苏,本科批,物理类,（03）,,512,123539,
6214,长江师范学院,2025,江苏,本科批,物理类,（03）,,511,136395,
6214,长江师范学院,2025,江苏,本科批,物理类,,,490,143440,
6214,长江师范学院,2025,江苏,本科批,物理类,（06）,,524,129305,
6215,重庆文理学院,2025,江苏,本科批,物理类,（01）,,525,126402,
6215,重庆文理学院,2025,江苏,本科批,物理类,（02）,,519,119385,
6221,重庆科技大学,2025,江苏,本科批,物理类,（02）,,545,99722,
6221,重庆科技大学,2025,江苏,本科批,物理类,,,541,87528,
6301,贵州大学,2025,江苏,本科批,物理类,,,576,27150,
6302,贵州中医药大学,2025,江苏,本科批,物理类,（03）,,574,62232,
6302,贵州中医药大学,2025,江苏,本科批,物理类,,,518,102526,
6303,贵州医科大学,2025,江苏,本科批,物理类,,,545,40639,
6304,贵州财经大学,2025,江苏,本科批,物理类,,,508,98331,
6305,贵州民族大学,2025,江苏,本科批,物理类,（01）,,504,146160,
6308,安顺学院,2025,江苏,本科批,物理类,（03）,,517,139203,
6308,安顺学院,2025,江苏,本科批,物理类,（04）,,497,163926,
6308,安顺学院,2025,江苏,本科批,物理类,（05）,,514,143440,
6309,贵阳学院,2025,江苏,本科批,物理类,（01）,,499,155895,
6310,黔南民族师范学院,2025,江苏,本科批,物理类,（02）,,503,158579,
6310,黔南民族师范学院,2025,江苏,本科批,物理类,（03）,,499,146160,
6314,遵义医科大学,2025,江苏,本科批,物理类,,,574,49806,
6315,贵州工程应用技术学院,2025,江苏,本科批,物理类,（03）,,506,154519,
6315,贵州工程应用技术学院,2025,江苏,本科批,物理类,（04）,,496,165225,
6316,贵州商学院,2025,江苏,本科批,物理类,,,494,154519,
6316,贵州商学院,2025,江苏,本科批,物理类,（05）,,484,183221,
6319,贵州理工学院,2025,江苏,本科批,物理类,（01）,,505,155895,
6319,贵州理工学院,2025,江苏,本科批,物理类,（02）,,504,146160,
6320,六盘水师范学院,2025,江苏,本科批,物理类,（02）,,500,158579,
6323,贵州警察学院,2025,江苏,本科批,物理类,（02）,,545,95642,
6323,贵州警察学院,2025,江苏,本科批,物理类,（03）,,530,120767,
6324,贵阳康养职业大学,2025,江苏,本科批,物理类,,,509,148936,
6324,贵阳康养职业大学,2025,江苏,本科批,物理类,（04）,,496,167921,
6401,云南大学,2025,江苏,本科批,物理类,（03）,,599,33985,
6401,云南大学,2025,江苏,本科批,物理类,,,556,27150,
6402,云南师范大学,2025,江苏,本科批,物理类,,,514,110914,
6402,云南师范大学,2025,江苏,本科批,物理类,（05）,,552,84862,
6404,昆明理工大学,2025,江苏,本科批,物理类,（03）,,543,99722,
6404,昆明理工大学,2025,江苏,本科批,物理类,,,544,64677,
6404,昆明理工大学,2025,江苏,本科批,物理类,（06）,,564,72122,
6405,云南农业大学,2025,江苏,本科批,物理类,,,512,126402,
6406,昆明医科大学,2025,江苏,本科批,物理类,,,538,56445,
6407,玉溪师范学院,2025,江苏,本科批,物理类,（02）,,499,161261,
6408,云南财经大学,2025,江苏,本科批,物理类,（02）,,524,82292,
6408,云南财经大学,2025,江苏,本科批,物理类,（03）,,525,119385,
6409,楚雄师范学院,2025,江苏,本科批,物理类,（01）,,503,158579,
6409,楚雄师范学院,2025,江苏,本科批,物理类,（02）,,494,167921,
6410,昆明学院,2025,江苏,本科批,物理类,（02）,,512,133470,
6410,昆明学院,2025,江苏,本科批,物理类,（03）,,506,126402,
6410,昆明学院,2025,江苏,本科批,物理类,（04）,,522,122198,
6411,大理大学,2025,江苏,本科批,物理类,,,513,75837,
6413,红河学院,2025,江苏,本科批,物理类,（02）,,504,150364,
6413,红河学院,2025,江苏,本科批,物理类,（03）,,498,157259,
6414,云南民族大学,2025,江苏,本科批,物理类,（03）,,517,136395,
6415,西南林业大学,2025,江苏,本科批,物理类,（01）,,511,122198,
6415,西南林业大学,2025,江苏,本科批,物理类,,,519,88855,
6415,西南林业大学,2025,江苏,本科批,物理类,（04）,,532,117992,
6417,曲靖师范学院,2025,江苏,本科批,物理类,（03）,,506,154519,
6417,曲靖师范学院,2025,江苏,本科批,物理类,（04）,,498,165225,
6417,曲靖师范学院,2025,江苏,本科批,物理类,（05）,,511,147536,
6420,文山学院,2025,江苏,本科批,物理类,（02）,,507,153112,
6501,西藏大学,2025,江苏,本科批,物理类,（02）,,560,62232,
6501,西藏大学,2025,江苏,本科批,物理类,（03）,,555,86192,
6501,西藏大学,2025,江苏,本科批,物理类,（04）,,583,51945,
7101,西北大学,2025,江苏,本科批,物理类,（03）,,602,31363,
7101,西北大学,2025,江苏,本科批,物理类,,,594,23215,
7101,西北大学,2025,江苏,本科批,物理类,（08）,,604,30493,
7102,西北工业大学,2025,江苏,本科批,物理类,,,640,3081,
7103,陕西师范大学,2025,江苏,本科批,物理类,（03）,,604,31362,
7103,陕西师范大学,2025,江苏,本科批,物理类,,,592,32190,
7103,陕西师范大学,2025,江苏,本科批,物理类,（07）,,610,26330,
7103,陕西师范大学,2025,江苏,本科批,物理类,（06）,,603,32190,
7104,西安交通大学,2025,江苏,本科批,物理类,（02）,,648,4973,
7104,西安交通大学,2025,江苏,本科批,物理类,,,630,1663,
7105,西安电子科技大学,2025,江苏,本科批,物理类,,,615,13359,
7107,长安大学,2025,江苏,本科批,物理类,（03）,,596,34888,
7107,长安大学,2025,江苏,本科批,物理类,,,595,17028,
7108,西安建筑科技大学,2025,江苏,本科批,物理类,,,518,79711,
7109,西北政法大学,2025,江苏,本科批,物理类,（02）,,614,19674,
7110,西安工程大学,2025,江苏,本科批,物理类,（04）,,536,103949,
7110,西安工程大学,2025,江苏,本科批,物理类,,,532,65871,
7111,西安财经大学,2025,江苏,本科批,物理类,,,541,54119,
7111,西安财经大学,2025,江苏,本科批,物理类,（04）,,562,77093,
7112,西安理工大学,2025,江苏,本科批,物理类,（01）,,574,58764,
7112,西安理工大学,2025,江苏,本科批,物理类,（02）,,558,38685,
7113,西安石油大学,2025,江苏,本科批,物理类,,,550,58764,
7114,西安医学院,2025,江苏,本科批,物理类,,,514,101161,
7114,西安医学院,2025,江苏,本科批,物理类,（05）,,572,64677,
7114,西安医学院,2025,江苏,本科批,物理类,（06）,,537,110914,
7115,西安工业大学,2025,江苏,本科批,物理类,（02）,,575,55261,
7115,西安工业大学,2025,江苏,本科批,物理类,,,539,39620,
7116,西安邮电大学,2025,江苏,本科批,物理类,（02）,,591,43570,
7116,西安邮电大学,2025,江苏,本科批,物理类,,,582,29638,
7117,西安外国语大学,2025,江苏,本科批,物理类,（04）,,544,81013,
7117,西安外国语大学,2025,江苏,本科批,物理类,（05）,,564,74582,
7118,西安科技大学,2025,江苏,本科批,物理类,（01）,,562,72122,
7118,西安科技大学,2025,江苏,本科批,物理类,（02）,,555,77093,
7118,西安科技大学,2025,江苏,本科批,物理类,（03）,,575,61029,
7122,西安文理学院,2025,江苏,本科批,物理类,（03）,,504,155895,
7131,西安航空学院,2025,江苏,本科批,物理类,,,504,116554,
7138,陕西中医药大学,2025,江苏,本科批,物理类,（01）,,581,54119,
7138,陕西中医药大学,2025,江苏,本科批,物理类,（02）,,546,88855,
7140,渭南师范学院,2025,江苏,本科批,物理类,（03）,,500,159919,
7140,渭南师范学院,2025,江苏,本科批,物理类,（04）,,503,154519,
7141,西北农林科技大学,2025,江苏,本科批,物理类,,,612,20349,
7141,西北农林科技大学,2025,江苏,本科批,物理类,（09）,,625,15713,
7141,西北农林科技大学,2025,江苏,本科批,物理类,（11）,,618,20349,
7141,西北农林科技大学,2025,江苏,本科批,物理类,（10）,,614,23214,
7142,延安大学,2025,江苏,本科批,物理类,（03）,,520,106680,
7142,延安大学,2025,江苏,本科批,物理类,（04）,,525,110914,
7150,陕西学前师范学院,2025,江苏,本科批,物理类,（03）,,501,157259,
7150,陕西学前师范学院,2025,江苏,本科批,物理类,（04）,,501,161261,
7150,陕西学前师范学院,2025,江苏,本科批,物理类,（05）,,507,153112,
7151,陕西科技大学,2025,江苏,本科批,物理类,（02）,,558,82292,
7151,陕西科技大学,2025,江苏,本科批,物理类,,,520,54119,
7162,宝鸡文理学院,2025,江苏,本科批,物理类,（02）,,502,150364,
7165,咸阳师范学院,2025,江苏,本科批,物理类,（02）,,519,136395,
7166,商洛学院,2025,江苏,本科批,物理类,,,502,154519,
7167,陕西理工大学,2025,江苏,本科批,物理类,（04）,,531,108073,
7167,陕西理工大学,2025,江苏,本科批,物理类,（05）,,525,99722,
7167,陕西理工大学,2025,江苏,本科批,物理类,（07）,,547,96973,
7167,陕西理工大学,2025,江苏,本科批,物理类,（06）,,539,108073,
7201,兰州大学,2025,江苏,本科批,物理类,（03）,,624,12320,
7201,兰州大学,2025,江苏,本科批,物理类,（04）,,630,8362,
7202,兰州理工大学,2025,江苏,本科批,物理类,（02）,,532,102526,
7202,兰州理工大学,2025,江苏,本科批,物理类,（03）,,515,72122,
7203,兰州财经大学,2025,江苏,本科批,物理类,（02）,,509,120767,
7203,兰州财经大学,2025,江苏,本科批,物理类,（03）,,539,108073,
7204,兰州交通大学,2025,江苏,本科批,物理类,（02）,,544,82292,
7204,兰州交通大学,2025,江苏,本科批,物理类,（03）,,556,27150,
7205,西北民族大学,2025,江苏,本科批,物理类,,,498,132082,
7205,西北民族大学,2025,江苏,本科批,物理类,（08）,,501,130715,
7206,甘肃农业大学,2025,江苏,本科批,物理类,（02）,,523,123539,
7207,甘肃政法大学,2025,江苏,本科批,物理类,（03）,,546,62232,
7207,甘肃政法大学,2025,江苏,本科批,物理类,（04）,,546,92971,
7211,陇东学院,2025,江苏,本科批,物理类,（02）,,515,142068,
7211,陇东学院,2025,江苏,本科批,物理类,（03）,,498,162612,
7214,西北师范大学,2025,江苏,本科批,物理类,（03）,,473,123539,
7214,西北师范大学,2025,江苏,本科批,物理类,（04）,,532,94329,
7214,西北师范大学,2025,江苏,本科批,物理类,（05）,,553,88855,
7216,天水师范大学,2025,江苏,本科批,物理类,（02）,,506,154519,
7216,天水师范大学,2025,江苏,本科批,物理类,（03）,,500,148936,
7217,兰州工业学院,2025,江苏,本科批,物理类,（01）,,502,148936,
7218,兰州城市学院,2025,江苏,本科批,物理类,（02）,,503,157259,
7219,兰州文理学院,2025,江苏,本科批,物理类,（02）,,502,159919,
7220,甘肃医学院,2025,江苏,本科批,物理类,,,510,87529,
7222,兰州石化职业技术大学,2025,江苏,本科批,物理类,（03）,,498,163926,
7223,兰州资源环境职业技术大学,2025,江苏,本科批,物理类,（01）,,517,139203,
7224,甘肃中医药大学,2025,江苏,本科批,物理类,,,568,44618,
7301,青海大学,2025,江苏,本科批,物理类,（01）,,593,33069,
7301,青海大学,2025,江苏,本科批,物理类,（02）,,598,36724,
7302,青海民族大学,2025,江苏,本科批,物理类,（04）,,499,162612,
7302,青海民族大学,2025,江苏,本科批,物理类,（06）,,486,180771,
7302,青海民族大学,2025,江苏,本科批,物理类,（05）,,508,151737,
7303,青海师范大学,2025,江苏,本科批,物理类,（02）,,525,127836,
7303,青海师范大学,2025,江苏,本科批,物理类,（03）,,520,134945,
7304,青海职业技术大学,2025,江苏,本科批,物理类,（02）,,504,151737,
7305,青海理工学院,2025,江苏,本科批,物理类,（01）,,507,150364,
7305,青海理工学院,2025,江苏,本科批,物理类,（02）,,497,158579,
7401,北方民族大学,2025,江苏,本科批,物理类,（03）,,517,130715,
7401,北方民族大学,2025,江苏,本科批,物理类,,,504,132082,
7402,宁夏大学,2025,江苏,本科批,物理类,,,583,32190,
7403,宁夏医科大学,2025,江苏,本科批,物理类,,,542,35803,
7403,宁夏医科大学,2025,江苏,本科批,物理类,（04）,,540,106680,
7501,新疆大学,2025,江苏,本科批,物理类,（03）,,575,59905,
7501,新疆大学,2025,江苏,本科批,物理类,（04）,,564,36724,
7501,新疆大学,2025,江苏,本科批,物理类,（05）,,580,48740,
7502,新疆师范大学,2025,江苏,本科批,物理类,,,500,94329,
7502,新疆师范大学,2025,江苏,本科批,物理类,（07）,,496,129305,
7502,新疆师范大学,2025,江苏,本科批,物理类,（09）,,520,115115,
7502,新疆师范大学,2025,江苏,本科批,物理类,（08）,,519,136395,
7503,新疆农业大学,2025,江苏,本科批,物理类,,,499,142068,
7504,中国石油大学（北京）克拉玛依校区,2025,江苏,本科批,物理类,（01）,,581,50891,
7504,中国石油大学（北京）克拉玛依校区,2025,江苏,本科批,物理类,（02）,,585,38685,
7505,新疆财经大学,2025,江苏,本科批,物理类,（03）,,499,112293,
7505,新疆财经大学,2025,江苏,本科批,物理类,（04）,,504,129305,
7505,新疆财经大学,2025,江苏,本科批,物理类,（05）,,495,115115,
7507,昌吉学院,2025,江苏,本科批,物理类,（02）,,507,153112,
7507,昌吉学院,2025,江苏,本科批,物理类,（03）,,488,173223,
7508,新疆艺术学院,2025,江苏,本科批,物理类,（02）,,493,171881,
7509,新疆工程学院,2025,江苏,本科批,物理类,,,492,155895,
7511,石河子大学,2025,江苏,本科批,物理类,（01）,,562,65871,
7511,石河子大学,2025,江苏,本科批,物理类,,,567,45633,
7512,新疆科技学院,2025,江苏,本科批,物理类,（03）,,498,154519,
7512,新疆科技学院,2025,江苏,本科批,物理类,（04）,,488,169250,
7512,新疆科技学院,2025,江苏,本科批,物理类,（05）,,483,184370,
7512,新疆科技学院,2025,江苏,本科批,物理类,（06）,,510,148936,
7513,新疆理工学院,2025,江苏,本科批,物理类,,,500,148936,
7513,新疆理工学院,2025,江苏,本科批,物理类,（04）,,486,169250,
7521,伊犁师范大学,2025,江苏,本科批,物理类,（04）,,498,159919,
7521,伊犁师范大学,2025,江苏,本科批,物理类,（05）,,486,155895,
7521,伊犁师范大学,2025,江苏,本科批,物理类,（07）,,506,147536,
7521,伊犁师范大学,2025,江苏,本科批,物理类,（06）,,506,154519,
7523,新疆和田学院,2025,江苏,本科批,物理类,（04）,,497,161261,
7523,新疆和田学院,2025,江苏,本科批,物理类,（05）,,484,178268,
7526,塔里木大学,2025,江苏,本科批,物理类,（02）,,499,155895,
7527,新疆医科大学,2025,江苏,本科批,物理类,（01）,,562,77093,
7527,新疆医科大学,2025,江苏,本科批,物理类,（02）,,530,79711,
7527,新疆医科大学,2025,江苏,本科批,物理类,（03）,,532,52996,
7529,喀什大学,2025,江苏,本科批,物理类,（03）,,503,150364,
7529,喀什大学,2025,江苏,本科批,物理类,（04）,,493,165225,
7529,喀什大学,2025,江苏,本科批,物理类,（05）,,498,165225,
7531,新疆政法学院,2025,江苏,本科批,物理类,（03）,,503,142068,
7531,新疆政法学院,2025,江苏,本科批,物理类,（04）,,493,165225,
7531,新疆政法学院,2025,江苏,本科批,物理类,（05）,,501,161261,
8001,上海杉达学院,2025,江苏,本科批,物理类,（03）,,495,133470,
8001,上海杉达学院,2025,江苏,本科批,物理类,（04）,,469,186727,
8002,上海建桥学院,2025,江苏,本科批,物理类,（03）,,495,158579,
8002,上海建桥学院,2025,江苏,本科批,物理类,（04）,,469,174488,
8003,上海兴伟学院,2025,江苏,本科批,物理类,（02）,,465,202992,
8004,上海视觉艺术学院,2025,江苏,本科批,物理类,（02）,,524,129305,
8005,上海外国语大学贤达经济人文学院,2025,江苏,本科批,物理类,,,470,133470,
8005,上海外国语大学贤达经济人文学院,2025,江苏,本科批,物理类,（04）,,480,187938,
8006,上海师范大学天华学院,2025,江苏,本科批,物理类,,,471,190184,
8006,上海师范大学天华学院,2025,江苏,本科批,物理类,（05）,,463,204004,
8023,上海立达学院,2025,江苏,本科批,物理类,（03）,,467,196830,
8023,上海立达学院,2025,江苏,本科批,物理类,（04）,,463,205975,
8029,上海中侨职业技术大学,2025,江苏,本科批,物理类,,,472,169250,
8030,浙江万里学院,2025,江苏,本科批,物理类,,,495,137742,
8031,浙江树人学院,2025,江苏,本科批,物理类,（02）,,479,147536,
8031,浙江树人学院,2025,江苏,本科批,物理类,（03）,,468,170582,
8032,浙江越秀外国语学院,2025,江苏,本科批,物理类,（02）,,471,185582,
8032,浙江越秀外国语学院,2025,江苏,本科批,物理类,（03）,,470,197910,
8033,宁波财经学院,2025,江苏,本科批,物理类,（02）,,484,155895,
8033,宁波财经学院,2025,江苏,本科批,物理类,（03）,,470,192448,
8036,浙江工业大学之江学院,2025,江苏,本科批,物理类,（02）,,495,166591,
8036,浙江工业大学之江学院,2025,江苏,本科批,物理类,（03）,,481,170582,
8037,浙江师范大学行知学院,2025,江苏,本科批,物理类,（02）,,481,163926,
8037,浙江师范大学行知学院,2025,江苏,本科批,物理类,（03）,,510,148936,
8038,宁波大学科学技术学院,2025,江苏,本科批,物理类,（02）,,488,163926,
8038,宁波大学科学技术学院,2025,江苏,本科批,物理类,（03）,,472,177018,
8039,杭州电子科技大学信息工程学院,2025,江苏,本科批,物理类,（01）,,532,117992,
8039,杭州电子科技大学信息工程学院,2025,江苏,本科批,物理类,（02）,,496,158579,
8040,浙江理工大学科技与艺术学院,2025,江苏,本科批,物理类,（01）,,488,169250,
8040,浙江理工大学科技与艺术学院,2025,江苏,本科批,物理类,（02）,,475,180771,
8042,浙江农林大学暨阳学院,2025,江苏,本科批,物理类,（02）,,495,165225,
8042,浙江农林大学暨阳学院,2025,江苏,本科批,物理类,（03）,,471,184370,
8042,浙江农林大学暨阳学院,2025,江苏,本科批,物理类,（04）,,487,179556,
8043,温州医科大学仁济学院,2025,江苏,本科批,物理类,（02）,,502,159919,
8048,浙江工商大学杭州商学院,2025,江苏,本科批,物理类,（02）,,490,142068,
8048,浙江工商大学杭州商学院,2025,江苏,本科批,物理类,（03）,,490,170582,
8050,中国计量大学现代科技学院,2025,江苏,本科批,物理类,（01）,,539,108073,
8050,中国计量大学现代科技学院,2025,江苏,本科批,物理类,（02）,,520,50891,
8051,浙江财经大学东方学院,2025,江苏,本科批,物理类,（02）,,486,161261,
8051,浙江财经大学东方学院,2025,江苏,本科批,物理类,（03）,,485,182030,
8052,温州商学院,2025,江苏,本科批,物理类,（03）,,480,171881,
8052,温州商学院,2025,江苏,本科批,物理类,（04）,,476,191363,
8054,上海财经大学浙江学院,2025,江苏,本科批,物理类,（02）,,493,150364,
8054,上海财经大学浙江学院,2025,江苏,本科批,物理类,（03）,,492,170582,
8077,浙江广厦建设职业技术大学,2025,江苏,本科批,物理类,（01）,,492,155895,
8080,安徽三联学院,2025,江苏,本科批,物理类,（02）,,487,173223,
8080,安徽三联学院,2025,江苏,本科批,物理类,（03）,,472,193550,
8081,安徽新华学院,2025,江苏,本科批,物理类,（02）,,482,178268,
8081,安徽新华学院,2025,江苏,本科批,物理类,（03）,,466,197910,
8082,安徽文达信息工程学院,2025,江苏,本科批,物理类,（02）,,484,179556,
8083,安徽外国语学院,2025,江苏,本科批,物理类,（02）,,484,163926,
8084,蚌埠工商学院,2025,江苏,本科批,物理类,（02）,,503,154519,
8084,蚌埠工商学院,2025,江苏,本科批,物理类,（03）,,489,163926,
8086,安徽信息工程学院,2025,江苏,本科批,物理类,（02）,,481,178268,
8087,马鞍山学院,2025,江苏,本科批,物理类,（02）,,500,161262,
8087,马鞍山学院,2025,江苏,本科批,物理类,（03）,,489,173224,
8088,合肥城市学院,2025,江苏,本科批,物理类,（02）,,485,178268,
8088,合肥城市学院,2025,江苏,本科批,物理类,（03）,,469,187938,
8090,芜湖学院,2025,江苏,本科批,物理类,（02）,,492,173223,
8091,安徽医科大学临床医学院,2025,江苏,本科批,物理类,（01）,,499,163926,
8094,皖江工学院,2025,江苏,本科批,物理类,,,484,174488,
8094,皖江工学院,2025,江苏,本科批,物理类,（04）,,465,192448,
8120,厦门华厦学院,2025,江苏,本科批,物理类,（01）,,477,187938,
8120,厦门华厦学院,2025,江苏,本科批,物理类,（02）,,463,198992,
8121,闽南理工学院,2025,江苏,本科批,物理类,（02）,,482,182030,
8121,闽南理工学院,2025,江苏,本科批,物理类,（03）,,466,196830,
8122,闽南科技学院,2025,江苏,本科批,物理类,（01）,,473,192448,
8124,厦门工学院,2025,江苏,本科批,物理类,（02）,,475,178268,
8124,厦门工学院,2025,江苏,本科批,物理类,（03）,,463,201036,
8125,阳光学院,2025,江苏,本科批,物理类,,,467,182030,
8125,阳光学院,2025,江苏,本科批,物理类,（04）,,463,187938,
8126,厦门大学嘉庚学院,2025,江苏,本科批,物理类,,,487,163926,
8126,厦门大学嘉庚学院,2025,江苏,本科批,物理类,（05）,,473,173223,
8127,福州大学至诚学院,2025,江苏,本科批,物理类,（02）,,483,166591,
8127,福州大学至诚学院,2025,江苏,本科批,物理类,（03）,,463,198992,
8128,集美大学诚毅学院,2025,江苏,本科批,物理类,（03）,,482,183221,
8128,集美大学诚毅学院,2025,江苏,本科批,物理类,（04）,,470,105341,
8130,福州外语外贸学院,2025,江苏,本科批,物理类,（02）,,490,175732,
8130,福州外语外贸学院,2025,江苏,本科批,物理类,（03）,,465,197910,
8132,仰恩大学,2025,江苏,本科批,物理类,（02）,,495,169250,
8133,泉州信息工程学院,2025,江苏,本科批,物理类,（01）,,482,184370,
8133,泉州信息工程学院,2025,江苏,本科批,物理类,,,464,198992,
8170,江西科技学院,2025,江苏,本科批,物理类,（03）,,491,174488,
8170,江西科技学院,2025,江苏,本科批,物理类,（04）,,464,198992,
8171,江西工程学院,2025,江苏,本科批,物理类,（02）,,487,175732,
8172,南昌理工学院,2025,江苏,本科批,物理类,（02）,,490,158579,
8172,南昌理工学院,2025,江苏,本科批,物理类,（03）,,467,190184,
8173,江西应用科技学院,2025,江苏,本科批,物理类,（03）,,481,184370,
8173,江西应用科技学院,2025,江苏,本科批,物理类,（04）,,464,200008,
8174,江西服装学院,2025,江苏,本科批,物理类,（02）,,477,185582,
8174,江西服装学院,2025,江苏,本科批,物理类,（03）,,464,166591,
8175,南昌工学院,2025,江苏,本科批,物理类,,,481,174488,
8175,南昌工学院,2025,江苏,本科批,物理类,（06）,,464,187938,
8176,南昌大学科学技术学院,2025,江苏,本科批,物理类,,,493,167921,
8176,南昌大学科学技术学院,2025,江苏,本科批,物理类,（04）,,492,171881,
8177,南昌大学共青学院,2025,江苏,本科批,物理类,（02）,,492,173223,
8177,南昌大学共青学院,2025,江苏,本科批,物理类,（03）,,483,177018,
8178,南昌交通学院,2025,江苏,本科批,物理类,（02）,,488,178268,
8178,南昌交通学院,2025,江苏,本科批,物理类,（03）,,471,178268,
8180,南昌航空大学科技学院,2025,江苏,本科批,物理类,（02）,,493,166591,
8180,南昌航空大学科技学院,2025,江苏,本科批,物理类,（03）,,483,87528,
8183,江西农业大学南昌商学院,2025,江苏,本科批,物理类,（03）,,491,166591,
8183,江西农业大学南昌商学院,2025,江苏,本科批,物理类,（04）,,482,173223,
8183,江西农业大学南昌商学院,2025,江苏,本科批,物理类,（05）,,497,166591,
8185,江西师范大学科学技术学院,2025,江苏,本科批,物理类,（02）,,484,177018,
8185,江西师范大学科学技术学院,2025,江苏,本科批,物理类,（03）,,478,190184,
8186,景德镇艺术职业大学,2025,江苏,本科批,物理类,（02）,,506,148936,
8187,南昌应用技术师范学院,2025,江苏,本科批,物理类,（01）,,498,165225,
8187,南昌应用技术师范学院,2025,江苏,本科批,物理类,（02）,,471,194703,
8188,江西财经大学现代经济管理学院,2025,江苏,本科批,物理类,,,489,154519,
8188,江西财经大学现代经济管理学院,2025,江苏,本科批,物理类,（04）,,470,193550,
8210,齐鲁医药学院,2025,江苏,本科批,物理类,,,488,161261,
8210,齐鲁医药学院,2025,江苏,本科批,物理类,（07）,,491,174488,
8211,青岛滨海学院,2025,江苏,本科批,物理类,（02）,,482,184370,
8211,青岛滨海学院,2025,江苏,本科批,物理类,（03）,,465,197910,
8212,烟台南山学院,2025,江苏,本科批,物理类,（02）,,472,187938,
8213,潍坊科技学院,2025,江苏,本科批,物理类,（03）,,498,158579,
8213,潍坊科技学院,2025,江苏,本科批,物理类,（04）,,488,169250,
8214,山东英才学院,2025,江苏,本科批,物理类,（02）,,463,204991,
8215,青岛恒星科技学院,2025,江苏,本科批,物理类,（03）,,482,184370,
8215,青岛恒星科技学院,2025,江苏,本科批,物理类,（04）,,463,204991,
8216,青岛黄海学院,2025,江苏,本科批,物理类,（02）,,490,159919,
8216,青岛黄海学院,2025,江苏,本科批,物理类,（03）,,469,197910,
8217,山东现代学院,2025,江苏,本科批,物理类,（03）,,481,186727,
8217,山东现代学院,2025,江苏,本科批,物理类,（04）,,469,193550,
8218,山东协和学院,2025,江苏,本科批,物理类,（02）,,486,175732,
8218,山东协和学院,2025,江苏,本科批,物理类,（03）,,472,187938,
8219,烟台理工学院,2025,江苏,本科批,物理类,（02）,,490,174488,
8220,青岛城市学院,2025,江苏,本科批,物理类,（02）,,483,178268,
8220,青岛城市学院,2025,江苏,本科批,物理类,（03）,,468,191363,
8223,泰山科技学院,2025,江苏,本科批,物理类,（03）,,484,183221,
8223,泰山科技学院,2025,江苏,本科批,物理类,（04）,,465,202012,
8225,青岛工学院,2025,江苏,本科批,物理类,（02）,,484,175732,
8225,青岛工学院,2025,江苏,本科批,物理类,（03）,,465,196830,
8226,青岛农业大学海都学院,2025,江苏,本科批,物理类,（03）,,485,180771,
8226,青岛农业大学海都学院,2025,江苏,本科批,物理类,（04）,,466,197910,
8226,青岛农业大学海都学院,2025,江苏,本科批,物理类,（05）,,486,180771,
8227,齐鲁理工学院,2025,江苏,本科批,物理类,（02）,,482,182030,
8227,齐鲁理工学院,2025,江苏,本科批,物理类,（03）,,466,158579,
8228,山东财经大学东方学院,2025,江苏,本科批,物理类,,,493,163926,
8228,山东财经大学东方学院,2025,江苏,本科批,物理类,（04）,,487,179556,
8230,烟台科技学院,2025,江苏,本科批,物理类,（02）,,473,192448,
8249,山东工程职业技术大学,2025,江苏,本科批,物理类,（02）,,495,163926,
8260,北京城市学院,2025,江苏,本科批,物理类,（02）,,500,162612,
8260,北京城市学院,2025,江苏,本科批,物理类,（03）,,463,159919,
8262,首都师范大学科德学院,2025,江苏,本科批,物理类,（02）,,464,185582,
8263,北京金融科技学院,2025,江苏,本科批,物理类,（02）,,463,197910,
8263,北京金融科技学院,2025,江苏,本科批,物理类,（03）,,465,204004,
8264,北京邮电大学世纪学院,2025,江苏,本科批,物理类,（02）,,468,163926,
8264,北京邮电大学世纪学院,2025,江苏,本科批,物理类,（03）,,463,148936,
8265,北京工业大学耿丹学院,2025,江苏,本科批,物理类,（02）,,465,187938,
8265,北京工业大学耿丹学院,2025,江苏,本科批,物理类,（03）,,465,200008,
8266,北京第二外国语学院中瑞酒店管理学院,2025,江苏,本科批,物理类,（02）,,463,204004,
8290,天津天狮学院,2025,江苏,本科批,物理类,（03）,,482,163926,
8290,天津天狮学院,2025,江苏,本科批,物理类,（04）,,476,192448,
8291,天津外国语大学滨海外事学院,2025,江苏,本科批,物理类,（02）,,482,185582,
8292,天津传媒学院,2025,江苏,本科批,物理类,（02）,,469,200008,
8293,天津商业大学宝德学院,2025,江苏,本科批,物理类,,,481,166591,
8294,天津医科大学临床医学院,2025,江苏,本科批,物理类,（02）,,489,174488,
8297,天津理工大学中环信息学院,2025,江苏,本科批,物理类,（02）,,489,177018,
8297,天津理工大学中环信息学院,2025,江苏,本科批,物理类,（03）,,470,171881,
8298,北京科技大学天津学院,2025,江苏,本科批,物理类,（02）,,482,158579,
8298,北京科技大学天津学院,2025,江苏,本科批,物理类,（03）,,469,163926,
8299,天津仁爱学院,2025,江苏,本科批,物理类,（02）,,465,195768,
8299,天津仁爱学院,2025,江苏,本科批,物理类,（03）,,463,193550,
8301,天津财经大学珠江学院,2025,江苏,本科批,物理类,（02）,,483,179556,
8301,天津财经大学珠江学院,2025,江苏,本科批,物理类,（03）,,475,193550,
8313,河北科技学院,2025,江苏,本科批,物理类,（02）,,484,183221,
8313,河北科技学院,2025,江苏,本科批,物理类,（03）,,464,204991,
8314,河北外国语学院,2025,江苏,本科批,物理类,,,473,190184,
8316,华北理工大学轻工学院,2025,江苏,本科批,物理类,（02）,,482,184370,
8316,华北理工大学轻工学院,2025,江苏,本科批,物理类,（03）,,464,204991,
8318,河北经贸大学经济管理学院,2025,江苏,本科批,物理类,（02）,,493,171881,
8320,河北工程大学科信学院,2025,江苏,本科批,物理类,（01）,,502,159919,
8320,河北工程大学科信学院,2025,江苏,本科批,物理类,（02）,,488,165225,
8323,石家庄铁道大学四方学院,2025,江苏,本科批,物理类,（02）,,502,159919,
8323,石家庄铁道大学四方学院,2025,江苏,本科批,物理类,（03）,,493,155895,
8324,河北地质大学华信学院,2025,江苏,本科批,物理类,（01）,,483,177018,
8324,河北地质大学华信学院,2025,江苏,本科批,物理类,（02）,,471,197910,
8326,保定理工学院,2025,江苏,本科批,物理类,（02）,,480,185582,
8326,保定理工学院,2025,江苏,本科批,物理类,（03）,,469,183221,
8327,燕京理工学院,2025,江苏,本科批,物理类,（02）,,474,193550,
8328,北京中医药大学东方学院,2025,江苏,本科批,物理类,（02）,,477,190184,
8329,沧州交通学院,2025,江苏,本科批,物理类,（02）,,479,189076,
8329,沧州交通学院,2025,江苏,本科批,物理类,（03）,,466,193550,
8330,河北东方学院,2025,江苏,本科批,物理类,（02）,,476,191363,
8360,山西应用科技学院,2025,江苏,本科批,物理类,（02）,,481,169250,
8363,晋中信息学院,2025,江苏,本科批,物理类,（02）,,481,179556,
8364,山西晋中理工学院,2025,江苏,本科批,物理类,（02）,,474,191363,
8366,山西工商学院,2025,江苏,本科批,物理类,（03）,,492,165225,
8366,山西工商学院,2025,江苏,本科批,物理类,（04）,,477,191363,
8379,运城职业技术大学,2025,江苏,本科批,物理类,（02）,,503,151737,
8401,辽宁对外经贸学院,2025,江苏,本科批,物理类,（01）,,467,194703,
8402,大连理工大学城市学院,2025,江苏,本科批,物理类,（01）,,465,184370,
8402,大连理工大学城市学院,2025,江苏,本科批,物理类,（02）,,463,193550,
8404,沈阳工学院,2025,江苏,本科批,物理类,（01）,,475,169250,
8404,沈阳工学院,2025,江苏,本科批,物理类,（02）,,471,191363,
8404,沈阳工学院,2025,江苏,本科批,物理类,（03）,,480,187938,
8405,大连工业大学艺术与信息工程学院,2025,江苏,本科批,物理类,（01）,,480,187938,
8405,大连工业大学艺术与信息工程学院,2025,江苏,本科批,物理类,（02）,,466,201036,
8406,大连科技学院,2025,江苏,本科批,物理类,（01）,,467,190184,
8406,大连科技学院,2025,江苏,本科批,物理类,（02）,,463,187938,
8407,沈阳城市建设学院,2025,江苏,本科批,物理类,（02）,,464,192448,
8408,大连医科大学中山学院,2025,江苏,本科批,物理类,（02）,,477,186727,
8408,大连医科大学中山学院,2025,江苏,本科批,物理类,（03）,,463,197910,
8411,大连财经学院,2025,江苏,本科批,物理类,（02）,,480,187938,
8412,沈阳城市学院,2025,江苏,本科批,物理类,（02）,,464,190184,
8412,沈阳城市学院,2025,江苏,本科批,物理类,（03）,,463,190184,
8416,大连东软信息学院,2025,江苏,本科批,物理类,（01）,,477,183221,
8416,大连东软信息学院,2025,江苏,本科批,物理类,（02）,,467,189076,
8417,辽宁师范大学海华学院,2025,江苏,本科批,物理类,（02）,,476,180771,
8417,辽宁师范大学海华学院,2025,江苏,本科批,物理类,（03）,,465,189076,
8440,吉林外国语大学,2025,江苏,本科批,物理类,,,466,185582,
8440,吉林外国语大学,2025,江苏,本科批,物理类,（05）,,465,198992,
8441,长春光华学院,2025,江苏,本科批,物理类,,,469,195768,
8441,长春光华学院,2025,江苏,本科批,物理类,（04）,,463,204991,
8442,长春工业大学人文信息学院,2025,江苏,本科批,物理类,（02）,,465,189076,
8442,长春工业大学人文信息学院,2025,江苏,本科批,物理类,（03）,,463,171881,
8443,长春电子科技学院,2025,江苏,本科批,物理类,（02）,,466,200008,
8443,长春电子科技学院,2025,江苏,本科批,物理类,（03）,,463,195768,
8444,长春财经学院,2025,江苏,本科批,物理类,,,464,195768,
8444,长春财经学院,2025,江苏,本科批,物理类,（04）,,463,204004,
8445,吉林建筑科技学院,2025,江苏,本科批,物理类,（02）,,463,194703,
8445,吉林建筑科技学院,2025,江苏,本科批,物理类,（03）,,463,180771,
8446,长春建筑学院,2025,江苏,本科批,物理类,（01）,,469,197910,
8446,长春建筑学院,2025,江苏,本科批,物理类,（02）,,464,198992,
8447,长春科技学院,2025,江苏,本科批,物理类,（02）,,468,200008,
8447,长春科技学院,2025,江苏,本科批,物理类,（03）,,463,196830,
8448,吉林动画学院,2025,江苏,本科批,物理类,（01）,,470,195768,
8448,吉林动画学院,2025,江苏,本科批,物理类,（02）,,463,202992,
8449,吉林师范大学博达学院,2025,江苏,本科批,物理类,,,467,193550,
8449,吉林师范大学博达学院,2025,江苏,本科批,物理类,（05）,,465,204004,
8450,长春大学旅游学院,2025,江苏,本科批,物理类,（01）,,463,194703,
8450,长春大学旅游学院,2025,江苏,本科批,物理类,（02）,,463,205975,
8451,长春人文学院,2025,江苏,本科批,物理类,,,463,189077,
8451,长春人文学院,2025,江苏,本科批,物理类,（04）,,463,180772,
8470,黑龙江东方学院,2025,江苏,本科批,物理类,（01）,,463,204991,
8472,黑龙江财经学院,2025,江苏,本科批,物理类,（02）,,472,192448,
8473,哈尔滨石油学院,2025,江苏,本科批,物理类,（02）,,467,202012,
8474,哈尔滨广厦学院,2025,江苏,本科批,物理类,（02）,,480,187938,
8475,哈尔滨华德学院,2025,江苏,本科批,物理类,（02）,,463,192448,
8475,哈尔滨华德学院,2025,江苏,本科批,物理类,（03）,,463,191363,
8483,黑龙江工商学院,2025,江苏,本科批,物理类,（01）,,463,205975,
8501,黄河科技学院,2025,江苏,本科批,物理类,（02）,,493,170582,
8501,黄河科技学院,2025,江苏,本科批,物理类,（03）,,481,185582,
8502,郑州科技学院,2025,江苏,本科批,物理类,（02）,,492,163926,
8502,郑州科技学院,2025,江苏,本科批,物理类,（03）,,499,159919,
8504,郑州财经学院,2025,江苏,本科批,物理类,（02）,,503,154519,
8504,郑州财经学院,2025,江苏,本科批,物理类,（03）,,496,162612,
8505,商丘工学院,2025,江苏,本科批,物理类,（01）,,474,193550,
8508,郑州工商学院,2025,江苏,本科批,物理类,（02）,,496,158579,
8508,郑州工商学院,2025,江苏,本科批,物理类,（03）,,479,185582,
8510,郑州商学院,2025,江苏,本科批,物理类,（02）,,494,159919,
8510,郑州商学院,2025,江苏,本科批,物理类,（03）,,496,166591,
8518,郑州西亚斯学院,2025,江苏,本科批,物理类,（02）,,470,196830,
8518,郑州西亚斯学院,2025,江苏,本科批,物理类,（03）,,491,169250,
8550,武汉东湖学院,2025,江苏,本科批,物理类,（03）,,481,179556,
8550,武汉东湖学院,2025,江苏,本科批,物理类,（04）,,468,178268,
8552,武昌首义学院,2025,江苏,本科批,物理类,（03）,,483,180771,
8552,武昌首义学院,2025,江苏,本科批,物理类,（04）,,468,173223,
8553,武昌理工学院,2025,江苏,本科批,物理类,（02）,,487,179556,
8553,武昌理工学院,2025,江苏,本科批,物理类,（03）,,468,197910,
8554,武汉生物工程学院,2025,江苏,本科批,物理类,（03）,,472,191363,
8555,武汉晴川学院,2025,江苏,本科批,物理类,（02）,,482,182030,
8555,武汉晴川学院,2025,江苏,本科批,物理类,（03）,,469,180771,
8556,湖北大学知行学院,2025,江苏,本科批,物理类,,,484,167921,
8557,武汉城市学院,2025,江苏,本科批,物理类,（02）,,483,183221,
8557,武汉城市学院,2025,江苏,本科批,物理类,（03）,,470,184370,
8558,三峡大学科技学院,2025,江苏,本科批,物理类,（03）,,493,171881,
8558,三峡大学科技学院,2025,江苏,本科批,物理类,（04）,,474,169250,
8559,湖北工业大学工程技术学院,2025,江苏,本科批,物理类,（02）,,470,194703,
8560,武汉工程大学邮电与信息工程学院,2025,江苏,本科批,物理类,（02）,,482,179556,
8560,武汉工程大学邮电与信息工程学院,2025,江苏,本科批,物理类,（03）,,473,190184,
8561,武汉纺织大学外经贸学院,2025,江苏,本科批,物理类,,,484,158579,
8561,武汉纺织大学外经贸学院,2025,江苏,本科批,物理类,（05）,,469,196830,
8562,武昌工学院,2025,江苏,本科批,物理类,（02）,,481,183221,
8562,武昌工学院,2025,江苏,本科批,物理类,（03）,,469,196830,
8563,武汉工商学院,2025,江苏,本科批,物理类,（02）,,484,180771,
8563,武汉工商学院,2025,江苏,本科批,物理类,（03）,,476,166591,
8565,长江大学文理学院,2025,江苏,本科批,物理类,（03）,,473,180771,
8568,湖北医药学院药护学院,2025,江苏,本科批,物理类,（01）,,480,187938,
8570,湖北经济学院法商学院,2025,江苏,本科批,物理类,（02）,,481,180771,
8570,湖北经济学院法商学院,2025,江苏,本科批,物理类,（03）,,473,195768,
8571,武汉体育学院体育科技学院,2025,江苏,本科批,物理类,（02）,,482,184370,
8572,湖北文理学院理工学院,2025,江苏,本科批,物理类,,,487,169250,
8572,湖北文理学院理工学院,2025,江苏,本科批,物理类,（05）,,476,175732,
8573,文华学院,2025,江苏,本科批,物理类,（02）,,483,173223,
8573,文华学院,2025,江苏,本科批,物理类,（03）,,466,195768,
8574,武汉工程科技学院,2025,江苏,本科批,物理类,（03）,,465,183221,
8575,武汉华夏理工学院,2025,江苏,本科批,物理类,（02）,,482,170582,
8575,武汉华夏理工学院,2025,江苏,本科批,物理类,（03）,,468,185582,
8576,武汉传媒学院,2025,江苏,本科批,物理类,（02）,,478,189076,
8577,武汉设计工程学院,2025,江苏,本科批,物理类,（02）,,477,189076,
8601,长沙医学院,2025,江苏,本科批,物理类,（02）,,483,182030,
8601,长沙医学院,2025,江苏,本科批,物理类,（03）,,476,190184,
8602,湖南涉外经济学院,2025,江苏,本科批,物理类,,,467,193550,
8602,湖南涉外经济学院,2025,江苏,本科批,物理类,（05）,,463,183221,
8605,湖南科技大学潇湘学院,2025,江苏,本科批,物理类,（02）,,491,165225,
8606,南华大学船山学院,2025,江苏,本科批,物理类,（02）,,486,178268,
8607,湘潭理工学院,2025,江苏,本科批,物理类,（02）,,485,162612,
8607,湘潭理工学院,2025,江苏,本科批,物理类,（03）,,471,197910,
8608,湖南农业大学东方科技学院,2025,江苏,本科批,物理类,（02）,,487,179556,
8609,常德学院,2025,江苏,本科批,物理类,（02）,,491,173223,
8610,岳阳学院,2025,江苏,本科批,物理类,（03）,,481,159919,
8610,岳阳学院,2025,江苏,本科批,物理类,（04）,,463,190184,
8612,湖南工程学院应用技术学院,2025,江苏,本科批,物理类,（01）,,487,178268,
8613,张家界学院,2025,江苏,本科批,物理类,（02）,,463,204004,
8620,中南林业科技大学涉外学院,2025,江苏,本科批,物理类,（02）,,491,163926,
8620,中南林业科技大学涉外学院,2025,江苏,本科批,物理类,（03）,,488,170582,
8640,广东白云学院,2025,江苏,本科批,物理类,（02）,,466,190184,
8640,广东白云学院,2025,江苏,本科批,物理类,（03）,,463,198992,
8641,电子科技大学中山学院,2025,江苏,本科批,物理类,（01）,,474,189076,
8641,电子科技大学中山学院,2025,江苏,本科批,物理类,,,465,180771,
8642,广东东软学院,2025,江苏,本科批,物理类,（01）,,469,191363,
8642,广东东软学院,2025,江苏,本科批,物理类,（02）,,463,198992,
8643,广州城市理工学院,2025,江苏,本科批,物理类,（02）,,478,179556,
8643,广州城市理工学院,2025,江苏,本科批,物理类,（03）,,464,202012,
8644,广州软件学院,2025,江苏,本科批,物理类,,,464,189076,
8645,广州南方学院,2025,江苏,本科批,物理类,（02）,,467,202012,
8645,广州南方学院,2025,江苏,本科批,物理类,（03）,,463,196830,
8646,广东外语外贸大学南国商学院,2025,江苏,本科批,物理类,（02）,,482,158579,
8646,广东外语外贸大学南国商学院,2025,江苏,本科批,物理类,（03）,,477,191363,
8650,珠海科技学院,2025,江苏,本科批,物理类,（02）,,504,98331,
8650,珠海科技学院,2025,江苏,本科批,物理类,（03）,,495,154519,
8651,广州工商学院,2025,江苏,本科批,物理类,（02）,,465,204004,
8652,东莞城市学院,2025,江苏,本科批,物理类,（02）,,470,197910,
8661,广州华立学院,2025,江苏,本科批,物理类,,,477,189076,
8661,广州华立学院,2025,江苏,本科批,物理类,（03）,,472,196830,
8664,广东工商职业技术大学,2025,江苏,本科批,物理类,（02）,,489,167921,
8665,广州新华学院,2025,江苏,本科批,物理类,（02）,,480,180771,
8665,广州新华学院,2025,江苏,本科批,物理类,（03）,,468,195768,
8668,广东理工学院,2025,江苏,本科批,物理类,（02）,,463,204004,
8710,南宁学院,2025,江苏,本科批,物理类,（02）,,477,185582,
8710,南宁学院,2025,江苏,本科批,物理类,（03）,,463,194703,
8713,柳州工学院,2025,江苏,本科批,物理类,（02）,,477,191363,
8713,柳州工学院,2025,江苏,本科批,物理类,（03）,,463,191363,
8714,桂林学院,2025,江苏,本科批,物理类,（02）,,476,182030,
8714,桂林学院,2025,江苏,本科批,物理类,（03）,,464,204004,
8715,广西中医药大学赛恩斯新医药学院,2025,江苏,本科批,物理类,（01）,,475,193550,
8716,桂林信息科技学院,2025,江苏,本科批,物理类,（01）,,473,194703,
8716,桂林信息科技学院,2025,江苏,本科批,物理类,（02）,,463,200008,
8717,南宁理工学院,2025,江苏,本科批,物理类,（02）,,476,184370,
8717,南宁理工学院,2025,江苏,本科批,物理类,（03）,,463,202992,
8718,广西外国语学院,2025,江苏,本科批,物理类,（02）,,468,189076,
8718,广西外国语学院,2025,江苏,本科批,物理类,（03）,,467,202012,
8740,海口经济学院,2025,江苏,本科批,物理类,,,464,197910,
8741,三亚学院,2025,江苏,本科批,物理类,,,463,191363,
8741,三亚学院,2025,江苏,本科批,物理类,（09）,,464,204991,
8757,海南科技职业大学,2025,江苏,本科批,物理类,（04）,,476,179556,
8760,成都东软学院,2025,江苏,本科批,物理类,（02）,,475,187938,
8761,电子科技大学成都学院,2025,江苏,本科批,物理类,（02）,,484,171881,
8762,成都理工大学工程技术学院,2025,江苏,本科批,物理类,（02）,,472,169250,
8763,四川传媒学院,2025,江苏,本科批,物理类,,,486,171881,
8764,成都银杏酒店管理学院,2025,江苏,本科批,物理类,（02）,,478,184370,
8764,成都银杏酒店管理学院,2025,江苏,本科批,物理类,（03）,,477,191363,
8765,成都文理学院,2025,江苏,本科批,物理类,（02）,,487,179556,
8766,四川工商学院,2025,江苏,本科批,物理类,（03）,,486,180771,
8766,四川工商学院,2025,江苏,本科批,物理类,（04）,,488,178268,
8767,成都外国语学院,2025,江苏,本科批,物理类,（02）,,478,161261,
8769,成都锦城学院,2025,江苏,本科批,物理类,（03）,,488,161261,
8769,成都锦城学院,2025,江苏,本科批,物理类,（04）,,494,165225,
8770,西南财经大学天府学院,2025,江苏,本科批,物理类,,,492,167921,
8771,四川大学锦江学院,2025,江苏,本科批,物理类,（04）,,499,163926,
8771,四川大学锦江学院,2025,江苏,本科批,物理类,（05）,,480,178268,
8771,四川大学锦江学院,2025,江苏,本科批,物理类,（06）,,495,169250,
8774,西南交通大学希望学院,2025,江苏,本科批,物理类,（02）,,472,180771,
8781,吉利学院,2025,江苏,本科批,物理类,（02）,,494,170582,
8781,吉利学院,2025,江苏,本科批,物理类,（03）,,477,179556,
8801,重庆城市科技学院,2025,江苏,本科批,物理类,（03）,,482,167921,
8801,重庆城市科技学院,2025,江苏,本科批,物理类,（04）,,473,186727,
8802,重庆外语外事学院,2025,江苏,本科批,物理类,（02）,,483,161261,
8803,重庆对外经贸学院,2025,江苏,本科批,物理类,（02）,,483,180771,
8803,重庆对外经贸学院,2025,江苏,本科批,物理类,（03）,,472,191363,
8804,重庆财经学院,2025,江苏,本科批,物理类,（02）,,499,153112,
8804,重庆财经学院,2025,江苏,本科批,物理类,（03）,,499,163926,
8805,重庆工商大学派斯学院,2025,江苏,本科批,物理类,（02）,,473,193550,
8806,重庆移通学院,2025,江苏,本科批,物理类,（02）,,497,163926,
8806,重庆移通学院,2025,江苏,本科批,物理类,,,467,186727,
8808,重庆人文科技学院,2025,江苏,本科批,物理类,（02）,,487,177018,
8833,四川工业科技学院,2025,江苏,本科批,物理类,（01）,,481,186727,
8841,贵阳人文科技学院,2025,江苏,本科批,物理类,（02）,,467,200008,
8848,茅台学院,2025,江苏,本科批,物理类,（01）,,505,155895,
8848,茅台学院,2025,江苏,本科批,物理类,（02）,,496,158579,
8870,滇池学院,2025,江苏,本科批,物理类,（02）,,478,189076,
8870,滇池学院,2025,江苏,本科批,物理类,（03）,,463,186727,
8871,丽江文化旅游学院,2025,江苏,本科批,物理类,（03）,,472,186727,
8871,丽江文化旅游学院,2025,江苏,本科批,物理类,（04）,,463,202012,
8872,昆明城市学院,2025,江苏,本科批,物理类,（02）,,481,185582,
8872,昆明城市学院,2025,江苏,本科批,物理类,（03）,,466,202012,
8873,昆明医科大学海源学院,2025,江苏,本科批,物理类,（02）,,485,177018,
8874,昆明传媒学院,2025,江苏,本科批,物理类,（02）,,484,183221,
8874,昆明传媒学院,2025,江苏,本科批,物理类,（03）,,480,187938,
8875,昆明文理学院,2025,江苏,本科批,物理类,（02）,,479,187938,
8875,昆明文理学院,2025,江苏,本科批,物理类,（03）,,467,197910,
8876,昆明理工大学津桥学院,2025,江苏,本科批,物理类,（02）,,476,182030,
8876,昆明理工大学津桥学院,2025,江苏,本科批,物理类,（03）,,463,196830,
8878,云南经济管理学院,2025,江苏,本科批,物理类,（03）,,481,186727,
8878,云南经济管理学院,2025,江苏,本科批,物理类,（04）,,466,202992,
8882,云南工商学院,2025,江苏,本科批,物理类,（02）,,464,200008,
8901,西安培华学院,2025,江苏,本科批,物理类,,,478,179556,
8901,西安培华学院,2025,江苏,本科批,物理类,（05）,,471,189076,
8902,西安欧亚学院,2025,江苏,本科批,物理类,（02）,,477,186727,
8902,西安欧亚学院,2025,江苏,本科批,物理类,（03）,,465,201036,
8903,西安外事学院,2025,江苏,本科批,物理类,（03）,,479,189076,
8903,西安外事学院,2025,江苏,本科批,物理类,（04）,,469,200008,
8904,西安翻译学院,2025,江苏,本科批,物理类,（02）,,481,186727,
8905,西京学院,2025,江苏,本科批,物理类,（02）,,499,159919,
8906,西安思源学院,2025,江苏,本科批,物理类,（02）,,468,189076,
8906,西安思源学院,2025,江苏,本科批,物理类,（03）,,463,196830,
8907,陕西国际商贸学院,2025,江苏,本科批,物理类,（02）,,479,186727,
8907,陕西国际商贸学院,2025,江苏,本科批,物理类,（03）,,463,202992,
8910,西安交通大学城市学院,2025,江苏,本科批,物理类,（02）,,483,170582,
8910,西安交通大学城市学院,2025,江苏,本科批,物理类,（03）,,470,187938,
8911,西北大学现代学院,2025,江苏,本科批,物理类,,,477,183221,
8912,西安建筑科技大学华清学院,2025,江苏,本科批,物理类,（02）,,468,182030,
8913,西安财经大学行知学院,2025,江苏,本科批,物理类,（02）,,497,166591,
8913,西安财经大学行知学院,2025,江苏,本科批,物理类,（03）,,489,177018,
8914,西安工商学院,2025,江苏,本科批,物理类,（03）,,479,189076,
8914,西安工商学院,2025,江苏,本科批,物理类,（04）,,465,193550,
8915,延安大学西安创新学院,2025,江苏,本科批,物理类,（02）,,463,202992,
8916,西安明德理工学院,2025,江苏,本科批,物理类,（02）,,491,174488,
8916,西安明德理工学院,2025,江苏,本科批,物理类,（03）,,465,202992,
8918,西安科技大学高新学院,2025,江苏,本科批,物理类,（02）,,497,166591,
8918,西安科技大学高新学院,2025,江苏,本科批,物理类,（03）,,468,201036,
8940,兰州工商学院,2025,江苏,本科批,物理类,（02）,,475,186727,
8941,兰州博文科技学院,2025,江苏,本科批,物理类,（02）,,484,183221,
8941,兰州博文科技学院,2025,江苏,本科批,物理类,（03）,,464,201036,
8942,兰州信息科技学院,2025,江苏,本科批,物理类,（01）,,464,201036,
8970,宁夏理工学院,2025,江苏,本科批,物理类,（02）,,463,189076,
8970,宁夏理工学院,2025,江苏,本科批,物理类,（03）,,463,178268,
8971,宁夏大学新华学院,2025,江苏,本科批,物理类,（02）,,477,191363,
8971,宁夏大学新华学院,2025,江苏,本科批,物理类,,,463,195768,
8972,银川能源学院,2025,江苏,本科批,物理类,（02）,,468,201036,
8972,银川能源学院,2025,江苏,本科批,物理类,（03）,,463,202992,
9106,香港城市大学（东莞）,2025,江苏,本科批,物理类,（01）,,640,7121,
9112,香港珠海学院,2025,江苏,本科批,物理类,（02）,,463,204004,
1106,南京信息工程大学,2025,江苏,本科提前批,物理类,（06）,,594,39620,
1106,南京信息工程大学,2025,江苏,本科提前批,物理类,,,574,23947,
1108,南京师范大学,2025,江苏,本科提前批,物理类,（14）,,597,27965,
1108,南京师范大学,2025,江苏,本科提前批,物理类,（15）,,608,16379,
1108,南京师范大学,2025,江苏,本科提前批,物理类,（16）,,607,28841,
1110,南京工业大学,2025,江苏,本科提前批,物理类,（03）,,577,47686,
1110,南京工业大学,2025,江苏,本科提前批,物理类,（04）,,585,37720,
1111,南京邮电大学,2025,江苏,本科提前批,物理类,（03）,,591,36725,
1111,南京邮电大学,2025,江苏,本科提前批,物理类,（04）,,602,27151,
1113,南京中医药大学,2025,江苏,本科提前批,物理类,,,560,59905,
1131,江苏第二师范学院,2025,江苏,本科提前批,物理类,,,568,17706,
1133,南京特殊教育师范学院,2025,江苏,本科提前批,物理类,（05）,,573,41599,
1222,江苏师范大学,2025,江苏,本科提前批,物理类,（07）,,583,17706,
1222,江苏师范大学,2025,江苏,本科提前批,物理类,,,565,23947,
1243,常州工学院,2025,江苏,本科提前批,物理类,,,458,51945,
1301,南通大学,2025,江苏,本科提前批,物理类,（07）,,578,13915,
1301,南通大学,2025,江苏,本科提前批,物理类,,,523,10750,
132,中国人民解放军陆军军医大学,2025,江苏,本科提前批,物理类,（01）,,616,21735,
132,中国人民解放军陆军军医大学,2025,江苏,本科提前批,物理类,,,601,4973,
1341,淮阴师范学院,2025,江苏,本科提前批,物理类,（06）,,588,46626,
1341,淮阴师范学院,2025,江苏,本科提前批,物理类,（07）,,580,40639,
1341,淮阴师范学院,2025,江苏,本科提前批,物理类,（08）,,564,74582,
1381,扬州大学,2025,江苏,本科提前批,物理类,（18）,,574,62232,
1381,扬州大学,2025,江苏,本科提前批,物理类,,,562,17028,
1401,江苏大学,2025,江苏,本科提前批,物理类,,,568,27150,
170,武警警官学院,2025,江苏,本科提前批,物理类,,,592,36724,
170,武警警官学院,2025,江苏,本科提前批,物理类,（04）,,597,37720,
201,中国人民公安大学,2025,江苏,本科提前批,物理类,,,645,443,
202,中国刑事警察学院,2025,江苏,本科提前批,物理类,,,632,5985,
2117,上海海事大学,2025,江苏,本科提前批,物理类,（02）,,593,40639,
2251,浙江海洋大学,2025,江苏,本科提前批,物理类,（01）,,563,74582,
2412,集美大学,2025,江苏,本科提前批,物理类,,,578,54119,
2609,山东交通学院,2025,江苏,本科提前批,物理类,（02）,,501,161261,
307,中国消防救援学院,2025,江苏,本科提前批,物理类,（02）,,597,12320,
3119,对外经济贸易大学,2025,江苏,本科提前批,物理类,（03）,,623,13915,
3123,中国传媒大学,2025,江苏,本科提前批,物理类,（06）,,603,32190,
3131,外交学院,2025,江苏,本科提前批,物理类,（03）,,641,7529,
3131,外交学院,2025,江苏,本科提前批,物理类,（04）,,615,22495,
4132,大连海事大学,2025,江苏,本科提前批,物理类,（03）,,603,28841,
4311,黑龙江大学,2025,江苏,本科提前批,物理类,（04）,,542,88855,
5161,安阳工学院,2025,江苏,本科提前批,物理类,（01）,,525,127836,
5203,华中师范大学,2025,江苏,本科提前批,物理类,（05）,,599,35803,
5411,广州航海学院,2025,江苏,本科提前批,物理类,（01）,,561,78396,
5507,北部湾大学,2025,江苏,本科提前批,物理类,（01）,,550,84862,
5604,海南热带海洋学院,2025,江苏,本科提前批,物理类,（04）,,540,106680,
6207,重庆交通大学,2025,江苏,本科提前批,物理类,（02）,,571,63454,
6212,四川外国语大学,2025,江苏,本科提前批,物理类,（07）,,553,47686,
6421,云南警官学院,2025,江苏,本科提前批,物理类,（02）,,577,58764,
2104,华东理工大学,2025,江苏,高校专项计划批,物理类,（W化）,,615,9765,
2106,华东师范大学,2025,江苏,高校专项计划批,物理类,（W化学）,,615,5985,
2662,哈尔滨工业大学（威海）,2025,江苏,高校专项计划批,物理类,（化）,,639,8362,
3121,北京中医药大学,2025,江苏,高校专项计划批,物理类,（W化）,,612,24769,
5203,华中师范大学,2025,江苏,高校专项计划批,物理类,（W不限）,,583,51945,
5501,广西大学,2025,江苏,高校专项计划批,物理类,（物化）,,592,36724,
,郑州美术学院,2025,江苏,艺术类本科提前批,艺术类（历史）,,,481,,
1410,镇江市高等专科学校,2024,江苏,专科批,体育类（历史）,（05）,,452,,
1108,南京师范大学,2024,江苏,体育类本科批,体育类（历史）,（L体育类）,,553,,
1131,江苏第二师范学院,2024,江苏,体育类本科批,体育类（历史）,（L体育类）,,512,634,
1261,苏州大学,2024,江苏,体育类本科批,体育类（历史）,（L体育类）,,548,,
1301,南通大学,2024,江苏,体育类本科批,体育类（历史）,（L体育类）,,516,476,
1402,江苏科技大学,2024,江苏,体育类本科批,体育类（历史）,（23）,,508,,
1858,南京师范大学中北学院,2024,江苏,体育类本科批,体育类（历史）,（L体育类）,,478,,
2504,江西中医药大学,2024,江苏,体育类本科批,体育类（历史）,（L体育类）,,507,,
2522,赣南医科大学,2024,江苏,体育类本科批,体育类（历史）,（L体育类）,,506,,
2523,赣南师范大学,2024,江苏,体育类本科批,体育类（历史）,,,508,,
5361,吉首大学,2024,江苏,体育类本科批,体育类（历史）,（L体育类）,,510,,
6401,云南大学,2024,江苏,体育类本科批,体育类（历史）,（L体育类）,,536,,
8741,三亚学院,2024,江苏,体育类本科批,体育类（历史）,（L体育类）,,477,,
8786,成都艺术职业大学,2024,江苏,体育类本科批,体育类（历史）,（L体育类）,,478,,
8872,昆明城市学院,2024,江苏,体育类本科批,体育类（历史）,（L体育类）,,478,,
,皖西学院,2024,江苏,体育类本科批,体育类（历史）,,,501,,
8575,武汉华夏理工学院,2024,江苏,体育类本科提前批,体育类（历史）,（L体育类）,,484,,
1410,镇江市高等专科学校,2024,江苏,专科批,体育类（物理）,（06）,,471,,
1108,南京师范大学,2024,江苏,体育类本科批,体育类（物理）,（L体育类）,,572,,
1131,江苏第二师范学院,2024,江苏,体育类本科批,体育类（物理）,（W体育类）,,534,343,
1261,苏州大学,2024,江苏,体育类本科批,体育类（物理）,（W体育类）,,571,,
1301,南通大学,2024,江苏,体育类本科批,体育类（物理）,（W体育类）,,532,285,
1402,江苏科技大学,2024,江苏,体育类本科批,体育类（物理）,（24）,,519,,
1858,南京师范大学中北学院,2024,江苏,体育类本科批,体育类（物理）,（W体育类）,,506,,
2504,江西中医药大学,2024,江苏,体育类本科批,体育类（物理）,（W体育类）,,507,,
2522,赣南医科大学,2024,江苏,体育类本科批,体育类（物理）,（W体育类）,,506,,
2523,赣南师范大学,2024,江苏,体育类本科批,体育类（物理）,,,508,,
4116,沈阳体育学院,2024,江苏,体育类本科批,体育类（物理）,（W体育类）,,511,,
5361,吉首大学,2024,江苏,体育类本科批,体育类（物理）,（W体育类）,,520,,
6401,云南大学,2024,江苏,体育类本科批,体育类（物理）,（W体育类）,,559,,
8741,三亚学院,2024,江苏,体育类本科批,体育类（物理）,（W体育类）,,500,,
8786,成都艺术职业大学,2024,江苏,体育类本科批,体育类（物理）,（W体育类）,,500,,
,皖西学院,2024,江苏,体育类本科批,体育类（物理）,,,515,,
8575,武汉华夏理工学院,2024,江苏,体育类本科提前批,体育类（物理）,（W体育类）,,504,,
1150,江苏海事职业技术学院,2024,江苏,专科批,历史类,,,390,54108,
1152,南京交通职业技术学院,2024,江苏,专科批,历史类,,,434,50547,
1153,南京科技职业学院,2024,江苏,专科批,历史类,,,429,51636,
1154,南京信息职业技术学院,2024,江苏,专科批,历史类,,,446,46414,
1155,南京铁道职业技术学院,2024,江苏,专科批,历史类,,,469,43078,
1156,江苏经贸职业技术学院,2024,江苏,专科批,历史类,,,447,51308,
1158,江苏卫生健康职业学院,2024,江苏,专科批,历史类,,,444,36096,
1159,南京机电职业技术学院,2024,江苏,专科批,历史类,（01）,,453,55849,
1160,南京旅游职业学院,2024,江苏,专科批,历史类,,,417,52577,
1161,江苏司法警官职业学院,2024,江苏,专科批,历史类,,,440,34650,
1171,江苏城市职业学院,2024,江苏,专科批,历史类,（01）,,396,65143,
1172,南京城市职业学院,2024,江苏,专科批,历史类,,,437,51952,
1210,江苏信息职业技术学院,2024,江苏,专科批,历史类,,,413,53477,
1211,无锡职业技术大学,2024,江苏,专科批,历史类,,,441,49204,
1212,无锡商业职业技术学院,2024,江苏,专科批,历史类,,,425,51636,
1213,无锡科技职业学院,2024,江苏,专科批,历史类,,,409,50966,
1214,无锡城市职业技术学院,2024,江苏,专科批,历史类,,,412,51952,
1215,无锡工艺职业技术学院,2024,江苏,专科批,历史类,,,404,54985,
1216,江阴职业技术学院,2024,江苏,专科批,历史类,,,353,52577,
1217,无锡师范高等专科学校,2024,江苏,专科批,历史类,,,293,52577,
1230,江苏建筑职业技术学院,2024,江苏,专科批,历史类,（01）,,342,74017,
1231,徐州工业职业技术学院,2024,江苏,专科批,历史类,,,377,54411,
1232,徐州幼儿师范高等专科学校,2024,江苏,专科批,历史类,,,309,81864,
1233,徐州生物工程职业技术学院,2024,江苏,专科批,历史类,,,383,51636,
1234,江苏安全技术职业学院,2024,江苏,专科批,历史类,,,334,52577,
1250,常州信息职业技术学院,2024,江苏,专科批,历史类,,,441,49204,
1251,常州纺织服装职业技术学院,2024,江苏,专科批,历史类,,,350,53180,
1252,常州工程职业技术学院,2024,江苏,专科批,历史类,（01）,,397,63173,
1253,常州工业职业技术学院,2024,江苏,专科批,历史类,,,359,55560,
1254,常州机电职业技术学院,2024,江苏,专科批,历史类,（01）,,394,66256,
1255,江苏城乡建设职业学院,2024,江苏,专科批,历史类,,,222,52883,
1256,常州幼儿师范高等专科学校,2024,江苏,专科批,历史类,（01）,,273,67085,
1272,苏州农业职业技术学院,2024,江苏,专科批,历史类,,,428,54108,
1273,苏州工业职业技术学院,2024,江苏,专科批,历史类,,,431,51308,
1274,苏州经贸职业技术学院,2024,江苏,专科批,历史类,,,425,50966,
1275,苏州卫生职业技术学院,2024,江苏,专科批,历史类,,,424,42145,
1276,苏州工业园区服务外包职业学院,2024,江苏,专科批,历史类,,,406,53794,
1277,苏州信息职业技术学院,2024,江苏,专科批,历史类,,,415,53794,
1278,沙洲职业工学院,2024,江苏,专科批,历史类,（01）,,392,67676,
1279,苏州健雄职业技术学院,2024,江苏,专科批,历史类,,,280,50966,
1290,苏州幼儿师范高等专科学校,2024,江苏,专科批,历史类,,,344,53477,
1310,南通职业大学,2024,江苏,专科批,历史类,,,383,54411,
1311,江苏航运职业技术学院,2024,江苏,专科批,历史类,,,353,53794,
1312,江苏工程职业技术学院,2024,江苏,专科批,历史类,,,343,57141,
1313,南通科技职业学院,2024,江苏,专科批,历史类,,,365,53477,
1314,江苏商贸职业学院,2024,江苏,专科批,历史类,,,335,52577,
1315,南通师范高等专科学校,2024,江苏,专科批,历史类,,,327,51308,
1330,连云港师范学院,2024,江苏,专科批,历史类,（01）,,327,71312,
1331,连云港职业技术学院,2024,江苏,专科批,历史类,,,255,51636,
1332,江苏财会职业学院,2024,江苏,专科批,历史类,,,307,52577,
1350,江苏电子信息职业学院,2024,江苏,专科批,历史类,,,334,55292,
1351,江苏食品药品职业技术学院,2024,江苏,专科批,历史类,,,356,51308,
1352,江苏财经职业技术学院,2024,江苏,专科批,历史类,,,342,53180,
1353,江苏护理职业学院,2024,江苏,专科批,历史类,,,399,33682,
1370,盐城工业职业技术学院,2024,江苏,专科批,历史类,,,322,55292,
1371,江苏医药职业学院,2024,江苏,专科批,历史类,,,367,44945,
1372,盐城幼儿师范高等专科学校,2024,江苏,专科批,历史类,,,315,52883,
1373,盐城农业科技职业学院,2024,江苏,专科批,历史类,（01）,,263,87790,
1390,扬州职业技术大学,2024,江苏,专科批,历史类,,,391,51308,
1392,扬州工业职业技术学院,2024,江苏,专科批,历史类,,,334,53794,
1394,江苏旅游职业学院,2024,江苏,专科批,历史类,（01）,,334,75375,
1410,镇江市高等专科学校,2024,江苏,专科批,历史类,,,346,51636,
1411,江苏农林职业技术学院,2024,江苏,专科批,历史类,,,318,51308,
1412,江苏航空职业技术学院,2024,江苏,专科批,历史类,（01）,,290,73481,
1427,宿迁幼儿师范高等专科学校,2024,江苏,专科批,历史类,（01）,,251,50966,
1431,泰州职业技术学院,2024,江苏,专科批,历史类,（01）,,367,61407,
1432,江苏农牧科技职业学院,2024,江苏,专科批,历史类,（01）,,353,54985,
1950,钟山职业技术学院,2024,江苏,专科批,历史类,,,221,56641,
1951,正德职业技术学院,2024,江苏,专科批,历史类,,,220,60319,
1952,金肯职业技术学院,2024,江苏,专科批,历史类,（01）,,220,77173,
1954,南京视觉艺术职业学院,2024,江苏,专科批,历史类,（01）,,234,78613,
1957,无锡南洋职业技术学院,2024,江苏,专科批,历史类,（01）,,220,71738,
1958,江南影视艺术职业学院,2024,江苏,专科批,历史类,,,220,64373,
1959,太湖创意职业技术学院,2024,江苏,专科批,历史类,,,300,55849,
1962,九州职业技术学院,2024,江苏,专科批,历史类,,,221,81089,
1965,建东职业技术学院,2024,江苏,专科批,历史类,（01）,,223,88442,
1968,苏州工业园区职业技术学院,2024,江苏,专科批,历史类,（01）,,262,85447,
1970,苏州高博职业学院,2024,江苏,专科批,历史类,（01）,,221,85165,
1971,苏州百年职业学院,2024,江苏,专科批,历史类,（01）,,232,75375,
1973,昆山登云科技职业学院,2024,江苏,专科批,历史类,（01）,,222,81273,
1974,硅湖职业技术学院,2024,江苏,专科批,历史类,（01）,,230,85165,
1982,炎黄职业技术学院,2024,江苏,专科批,历史类,（01）,,220,88262,
1985,明达职业技术学院,2024,江苏,专科批,历史类,（01）,,235,83202,
1988,江海职业技术学院,2024,江苏,专科批,历史类,,,222,59863,
1989,扬州中瑞酒店职业学院,2024,江苏,专科批,历史类,（01）,,230,85574,
1991,金山职业技术学院,2024,江苏,专科批,历史类,（01）,,221,85165,
1996,宿迁职业技术学院,2024,江苏,专科批,历史类,（01）,,223,83041,
1997,宿迁泽达职业技术学院,2024,江苏,专科批,历史类,（01）,,221,85841,
2132,上海出版印刷高等专科学校,2024,江苏,专科批,历史类,（01）,,441,56338,
2134,上海旅游高等专科学校,2024,江苏,专科批,历史类,（01）,,391,63554,
2138,上海电子信息职业技术学院,2024,江苏,专科批,历史类,（01）,,428,62228,
2146,上海工艺美术职业学院,2024,江苏,专科批,历史类,（01）,,453,52274,
2149,上海科学技术职业学院,2024,江苏,专科批,历史类,（01）,,411,58215,
2150,上海农林职业技术学院,2024,江苏,专科批,历史类,（01）,,413,66082,
2154,上海交通职业技术学院,2024,江苏,专科批,历史类,（01）,,434,55560,
2155,上海城建职业学院,2024,江苏,专科批,历史类,（01）,,418,59389,
2166,上海行健职业学院,2024,江苏,专科批,历史类,（01）,,399,67485,
2167,上海民航职业技术学院,2024,江苏,专科批,历史类,（01）,,456,54711,
2172,上海闵行职业技术学院,2024,江苏,专科批,历史类,（01）,,398,50966,
2174,上海浦东职业技术学院,2024,江苏,专科批,历史类,（01）,,387,69534,
2217,浙江经贸职业技术学院,2024,江苏,专科批,历史类,（01）,,454,54411,
2238,浙江国际海运职业技术学院,2024,江苏,专科批,历史类,（01）,,448,59389,
2253,浙江金融职业学院,2024,江苏,专科批,历史类,（01）,,463,55292,
2260,浙江建设职业技术学院,2024,江苏,专科批,历史类,（01）,,426,61407,
2329,安徽审计职业学院,2024,江苏,专科批,历史类,（01）,,443,57409,
2337,合肥通用职业技术学院,2024,江苏,专科批,历史类,（01）,,390,66873,
2344,安徽工业经济职业技术学院,2024,江苏,专科批,历史类,（01）,,403,67676,
2357,马鞍山职业技术学院,2024,江苏,专科批,历史类,（01）,,330,73055,
2363,安徽冶金科技职业学院,2024,江苏,专科批,历史类,（01）,,327,76689,
2379,安徽粮食工程职业学院,2024,江苏,专科批,历史类,（01）,,405,68075,
2384,安徽卫生健康职业学院,2024,江苏,专科批,历史类,（01）,,401,68911,
2385,滁州城市职业学院,2024,江苏,专科批,历史类,（01）,,319,86091,
2386,阜阳职业技术学院,2024,江苏,专科批,历史类,（01）,,434,60090,
2436,泉州经贸职业技术学院,2024,江苏,专科批,历史类,（01）,,276,89053,
2455,福州墨尔本理工职业学院,2024,江苏,专科批,历史类,（01）,,315,84858,
2519,江西电力职业技术学院,2024,江苏,专科批,历史类,（01）,,459,55849,
2520,江西信息应用职业技术学院,2024,江苏,专科批,历史类,（01）,,365,77418,
2525,江西现代职业技术学院,2024,江苏,专科批,历史类,（01）,,292,87464,
2533,江西应用技术职业学院,2024,江苏,专科批,历史类,（01）,,272,90357,
2545,赣州师范高等专科学校,2024,江苏,专科批,历史类,（01）,,262,83546,
2562,江西财经职业学院,2024,江苏,专科批,历史类,（01）,,427,60742,
2563,江西职业技术大学,2024,江苏,专科批,历史类,（01）,,358,71941,
2564,江西建设职业技术学院,2024,江苏,专科批,历史类,（01）,,297,87562,
2565,江西交通职业技术学院,2024,江苏,专科批,历史类,（01）,,344,81474,
2567,九江职业大学,2024,江苏,专科批,历史类,（01）,,352,80424,
2569,江西机电职业技术学院,2024,江苏,专科批,历史类,（01）,,289,87464,
2576,江西工程职业学院,2024,江苏,专科批,历史类,（01）,,235,90948,
2578,吉安职业技术学院,2024,江苏,专科批,历史类,（01）,,286,88631,
2580,赣州职业技术学院,2024,江苏,专科批,历史类,（01）,,264,88631,
2583,抚州医药学院,2024,江苏,专科批,历史类,（01）,,318,72620,
2584,江西婺源茶业职业学院,2024,江苏,专科批,历史类,（01）,,291,81273,
2593,江西工业工程职业技术学院,2024,江苏,专科批,历史类,（01）,,229,91160,
2597,江西农业工程职业学院,2024,江苏,专科批,历史类,（01）,,345,78145,
2618,山东胜利职业学院,2024,江苏,专科批,历史类,（01）,,291,87562,
2636,山东畜牧兽医职业学院,2024,江苏,专科批,历史类,（01）,,451,58709,
2639,东营职业学院,2024,江苏,专科批,历史类,（01）,,256,91245,
2640,青岛港湾职业技术学院,2024,江苏,专科批,历史类,（01）,,349,64753,
2644,聊城职业技术学院,2024,江苏,专科批,历史类,（01）,,390,71312,
2646,山东职业学院,2024,江苏,专科批,历史类,,,360,54985,
2647,日照职业技术学院,2024,江苏,专科批,历史类,（01）,,422,63173,
2659,山东水利职业学院,2024,江苏,专科批,历史类,（01）,,323,80651,
2665,枣庄科技职业学院,2024,江苏,专科批,历史类,（01）,,310,85313,
2685,滨州职业学院,2024,江苏,专科批,历史类,,,390,68512,
2686,威海职业学院,2024,江苏,专科批,历史类,,,380,65902,
2717,泰山职业技术学院,2024,江苏,专科批,历史类,,,374,59167,
2719,威海海洋职业学院,2024,江苏,专科批,历史类,（01）,,334,75644,
2756,山东化工职业学院,2024,江苏,专科批,历史类,（01）,,323,84858,
2759,山东信息职业技术学院,2024,江苏,专科批,历史类,（01）,,451,55560,
3168,北京工业职业技术学院,2024,江苏,专科批,历史类,（01）,,472,52883,
3220,天津商务职业学院,2024,江苏,专科批,历史类,（01）,,271,87464,
3224,天津市职业大学,2024,江苏,专科批,历史类,（01）,,442,53794,
3226,天津交通职业学院,2024,江苏,专科批,历史类,（01）,,382,73055,
3231,天津警察学院,2024,江苏,专科批,历史类,（01）,,392,70857,
3232,天津石油职业技术学院,2024,江苏,专科批,历史类,（01）,,350,80862,
3234,天津现代职业技术学院,2024,江苏,专科批,历史类,（01）,,441,60961,
3237,天津海运职业学院,2024,江苏,专科批,历史类,（01）,,355,68075,
3238,天津铁道职业技术学院,2024,江苏,专科批,历史类,（01）,,462,52274,
3241,天津国土资源和房屋职业学院,2024,江苏,专科批,历史类,（01）,,303,85313,
3243,天津工业职业学院,2024,江苏,专科批,历史类,（01）,,301,87665,
3244,天津城市建设管理职业技术学院,2024,江苏,专科批,历史类,（01）,,374,75144,
3309,石家庄邮电职业技术学院,2024,江苏,专科批,历史类,,,462,39375,
3324,河北能源职业技术学院,2024,江苏,专科批,历史类,（01）,,317,86315,
3329,河北交通职业技术学院,2024,江苏,专科批,历史类,（01）,,359,78847,
3330,河北对外经贸职业学院,2024,江苏,专科批,历史类,（01）,,296,87790,
3354,河北轨道运输职业技术学院,2024,江苏,专科批,历史类,（01）,,402,67085,
3355,廊坊职业技术学院,2024,江苏,专科批,历史类,（01）,,320,85966,
3360,石家庄铁路职业技术学院,2024,江苏,专科批,历史类,（01）,,417,61802,
3369,唐山幼儿师范高等专科学校,2024,江苏,专科批,历史类,（01）,,220,92399,
3376,河北化工医药职业技术学院,2024,江苏,专科批,历史类,（01）,,384,72620,
3379,河北科技工程职业技术大学,2024,江苏,专科批,历史类,（01）,,239,87968,
3381,秦皇岛工业职业技术学院,2024,江苏,专科批,历史类,（01）,,264,81683,
3425,山西职业技术学院,2024,江苏,专科批,历史类,（01）,,220,72620,
3435,临汾职业技术学院,2024,江苏,专科批,历史类,（01）,,255,90540,
3438,太原幼儿师范高等专科学校,2024,江苏,专科批,历史类,（01）,,276,90097,
3517,满洲里俄语职业学院,2024,江苏,专科批,历史类,（01）,,259,91001,
3518,包头铁道职业技术学院,2024,江苏,专科批,历史类,（01）,,350,80862,
3522,扎兰屯职业学院,2024,江苏,专科批,历史类,（01）,,231,84397,
4124,辽宁经济职业技术学院,2024,江苏,专科批,历史类,（01）,,293,88803,
4163,辽宁省交通高等专科学校,2024,江苏,专科批,历史类,（01）,,390,71092,
4217,吉林交通职业技术学院,2024,江苏,专科批,历史类,（01）,,311,87060,
4218,吉林工业职业技术学院,2024,江苏,专科批,历史类,（01）,,445,60090,
4221,长春金融高等专科学校,2024,江苏,专科批,历史类,（01）,,225,80862,
4244,吉林司法警官职业学院,2024,江苏,专科批,历史类,（01）,,353,79984,
4245,吉林电子信息职业技术学院,2024,江苏,专科批,历史类,（01）,,246,91678,
4247,白城职业技术学院,2024,江苏,专科批,历史类,（01）,,302,87968,
4248,长春师范高等专科学校,2024,江苏,专科批,历史类,（01）,,316,86448,
4249,长春职业技术大学,2024,江苏,专科批,历史类,（01）,,409,67288,
4286,长春医学高等专科学校,2024,江苏,专科批,历史类,（01）,,433,62594,
4317,哈尔滨铁道职业技术学院,2024,江苏,专科批,历史类,（01）,,395,60742,
4328,黑龙江交通职业技术学院,2024,江苏,专科批,历史类,（01）,,345,79752,
4338,黑龙江农业工程职业学院,2024,江苏,专科批,历史类,（01）,,304,81683,
4344,黑龙江艺术职业学院,2024,江苏,专科批,历史类,（01）,,253,91385,
5115,河南职业技术学院,2024,江苏,专科批,历史类,（01）,,311,87060,
5121,济源职业技术学院,2024,江苏,专科批,历史类,（01）,,322,85313,
5135,周口职业技术学院,2024,江苏,专科批,历史类,（01）,,247,91063,
5139,河南地矿职业学院,2024,江苏,专科批,历史类,（01）,,300,85966,
5165,河南工业贸易职业学院,2024,江苏,专科批,历史类,（01）,,295,88631,
5166,河南交通职业技术学院,2024,江苏,专科批,历史类,（01）,,366,74017,
5169,河南测绘职业学院,2024,江苏,专科批,历史类,（01）,,291,88161,
5189,永城职业学院,2024,江苏,专科批,历史类,（01）,,286,89360,
5194,信阳职业技术学院,2024,江苏,专科批,历史类,（01）,,287,87790,
5224,湖北国土资源职业学院,2024,江苏,专科批,历史类,（01）,,321,79511,
5225,汉江师范学院,2024,江苏,专科批,历史类,（02）,,398,63355,
5227,武汉船舶职业技术学院,2024,江苏,专科批,历史类,,,315,65337,
5231,武汉工程职业技术学院,2024,江苏,专科批,历史类,（01）,,320,84858,
5232,湖北生态工程职业技术学院,2024,江苏,专科批,历史类,（01）,,286,87790,
5233,武汉航海职业技术学院,2024,江苏,专科批,历史类,（01）,,334,83041,
5234,湖北城市建设职业技术学院,2024,江苏,专科批,历史类,（01）,,288,83730,
5235,武汉民政职业学院,2024,江苏,专科批,历史类,（01）,,424,57946,
5236,武汉交通职业学院,2024,江苏,专科批,历史类,,,370,54711,
5237,湖北水利水电职业技术学院,2024,江苏,专科批,历史类,（01）,,369,66873,
5246,湖北交通职业技术学院,2024,江苏,专科批,历史类,,,236,64373,
5252,武汉铁路职业技术学院,2024,江苏,专科批,历史类,（01）,,445,50966,
5253,恩施职业技术学院,2024,江苏,专科批,历史类,,,248,88442,
5254,湖北三峡职业技术学院,2024,江苏,专科批,历史类,（01）,,439,61407,
5259,长江工程职业技术学院,2024,江苏,专科批,历史类,（01）,,341,79293,
5266,三峡电力职业学院,2024,江苏,专科批,历史类,（01）,,396,64961,
5272,武汉城市职业学院,2024,江苏,专科批,历史类,（01）,,392,70187,
5273,武汉警官职业学院,2024,江苏,专科批,历史类,（01）,,374,63554,
5283,湖北铁道运输职业学院,2024,江苏,专科批,历史类,（01）,,352,50966,
5284,荆州理工职业学院,2024,江苏,专科批,历史类,（01）,,229,90357,
5286,咸宁职业技术学院,2024,江苏,专科批,历史类,（01）,,238,50966,
5288,武汉铁路桥梁职业学院,2024,江苏,专科批,历史类,（01）,,351,73055,
5291,襄阳职业技术学院,2024,江苏,专科批,历史类,（01）,,369,67288,
5299,随州职业技术学院,2024,江苏,专科批,历史类,（01）,,303,83041,
5311,长沙航空职业技术学院,2024,江苏,专科批,历史类,,,450,51952,
5312,长沙民政职业技术学院,2024,江苏,专科批,历史类,（01）,,406,25449,
5313,湖南大众传媒职业技术学院,2024,江苏,专科批,历史类,（01）,,414,53794,
5317,湖南城建职业技术学院,2024,江苏,专科批,历史类,（01）,,296,88517,
5318,湖南邮电职业技术学院,2024,江苏,专科批,历史类,（01）,,379,73748,
5319,湖南工业职业技术学院,2024,江苏,专科批,历史类,（01）,,289,84706,
5333,湖南高速铁路职业技术学院,2024,江苏,专科批,历史类,（01）,,428,53477,
5353,湖南石油化工职业技术学院,2024,江苏,专科批,历史类,（01）,,341,82665,
5356,张家界航空工业职业技术学院,2024,江苏,专科批,历史类,,,314,60961,
5362,湖南汽车工程职业大学,2024,江苏,专科批,历史类,,,371,51308,
5366,湖南铁路科技职业技术学院,2024,江苏,专科批,历史类,（01）,,422,53180,
5367,湖南国防工业职业技术学院,2024,江苏,专科批,历史类,,,310,68714,
5372,湖南体育职业学院,2024,江苏,专科批,历史类,（01）,,383,72620,
5378,湖南化工职业技术学院,2024,江苏,专科批,历史类,（01）,,255,79752,
5382,长沙职业技术学院,2024,江苏,专科批,历史类,（01）,,408,67485,
5392,湖南交通职业技术学院,2024,江苏,专科批,历史类,（01）,,304,86091,
5394,湖南铁道职业技术学院,2024,江苏,专科批,历史类,（01）,,439,53477,
5395,湖南工程职业技术学院,2024,江苏,专科批,历史类,（01）,,320,69749,
5415,广州民航职业技术学院,2024,江苏,专科批,历史类,（01）,,439,39855,
5416,广东轻工职业技术大学,2024,江苏,专科批,历史类,（01）,,437,56870,
5475,江门职业技术学院,2024,江苏,专科批,历史类,（01）,,277,90027,
5512,桂林理工大学,2024,江苏,专科批,历史类,（02）,,433,58215,
5526,广西机电职业技术学院,2024,江苏,专科批,历史类,（01）,,282,89128,
5528,柳州铁道职业技术学院,2024,江苏,专科批,历史类,（01）,,351,74864,
5534,广西物流职业技术学院,2024,江苏,专科批,历史类,（01）,,234,92077,
5537,广西电力职业技术学院,2024,江苏,专科批,历史类,（01）,,389,65706,
5539,广西国际商务职业技术学院,2024,江苏,专科批,历史类,（01）,,290,89053,
5541,广西建设职业技术学院,2024,江苏,专科批,历史类,（01）,,371,75917,
5543,广西自然资源职业技术学院,2024,江苏,专科批,历史类,（01）,,284,87968,
5613,海南软件职业技术学院,2024,江苏,专科批,历史类,（01）,,301,71092,
5614,海南经贸职业技术学院,2024,江苏,专科批,历史类,（01）,,312,63554,
5631,海南职业技术学院,2024,江苏,专科批,历史类,（01）,,262,80651,
6126,四川建筑职业技术学院,2024,江苏,专科批,历史类,（01）,,395,50966,
6135,四川工程职业技术大学,2024,江苏,专科批,历史类,（01）,,402,57141,
6146,四川航天职业技术学院,2024,江苏,专科批,历史类,（01）,,351,80651,
6188,四川文化产业职业学院,2024,江苏,专科批,历史类,（01）,,321,50966,
6216,重庆三峡医药高等专科学校,2024,江苏,专科批,历史类,（01）,,389,71525,
6225,重庆城市管理职业学院,2024,江苏,专科批,历史类,（01）,,463,55560,
6228,重庆电子科技职业大学,2024,江苏,专科批,历史类,（01）,,435,58470,
6237,重庆水利电力职业技术学院,2024,江苏,专科批,历史类,（01）,,396,65520,
6239,重庆电力高等专科学校,2024,江苏,专科批,历史类,（01）,,441,60961,
6504,西藏职业技术学院,2024,江苏,专科批,历史类,（01）,,284,89524,
7128,陕西航空职业技术学院,2024,江苏,专科批,历史类,（01）,,314,79752,
7129,陕西交通职业技术学院,2024,江苏,专科批,历史类,（01）,,361,61616,
7130,西安铁路职业技术学院,2024,江苏,专科批,历史类,（01）,,384,64546,
7145,陕西能源职业技术学院,2024,江苏,专科批,历史类,（01）,,295,85695,
7146,陕西铁路工程职业技术学院,2024,江苏,专科批,历史类,（01）,,452,55560,
7152,陕西财经职业技术学院,2024,江苏,专科批,历史类,（01）,,432,62801,
7153,西安职业技术学院,2024,江苏,专科批,历史类,（01）,,431,62993,
7171,陕西邮电职业技术学院,2024,江苏,专科批,历史类,（01）,,238,73262,
7173,陕西工商职业学院,2024,江苏,专科批,历史类,（01）,,288,86918,
7175,延安职业技术学院,2024,江苏,专科批,历史类,,,366,70424,
7213,甘肃工业职业技术大学,2024,江苏,专科批,历史类,（01）,,260,90433,
7222,兰州石化职业技术大学,2024,江苏,专科批,历史类,（02）,,352,80424,
7518,新疆职业大学,2024,江苏,专科批,历史类,（01）,,302,70424,
7523,新疆和田学院,2024,江苏,专科批,历史类,（03）,,230,92181,
7532,喀什职业技术学院,2024,江苏,专科批,历史类,（01）,,227,91708,
7532,喀什职业技术学院,2024,江苏,专科批,历史类,（02）,,261,81683,
8001,上海杉达学院,2024,江苏,专科批,历史类,（02）,,431,58215,
8002,上海建桥学院,2024,江苏,专科批,历史类,（02）,,380,69974,
8017,上海东海职业技术学院,2024,江苏,专科批,历史类,（01）,,248,90227,
8018,上海工商职业技术学院,2024,江苏,专科批,历史类,（01）,,263,76190,
8019,上海震旦职业学院,2024,江苏,专科批,历史类,（01）,,246,83730,
8020,上海民远职业技术学院,2024,江苏,专科批,历史类,（01）,,222,92362,
8022,上海思博职业技术学院,2024,江苏,专科批,历史类,（01）,,228,81273,
8023,上海立达学院,2024,江苏,专科批,历史类,（02）,,382,57946,
8024,上海济光职业技术学院,2024,江苏,专科批,历史类,（01）,,240,74581,
8025,上海工商外国语职业学院,2024,江苏,专科批,历史类,（01）,,273,79071,
8026,上海邦德职业技术学院,2024,江苏,专科批,历史类,（ZL不限）,,266,50966,
8029,上海中侨职业技术大学,2024,江苏,专科批,历史类,（02）,,357,71738,
8052,温州商学院,2024,江苏,专科批,历史类,（02）,,460,55292,
8072,绍兴职业技术学院,2024,江苏,专科批,历史类,（01）,,371,75917,
8106,安徽矿业职业技术学院,2024,江苏,专科批,历史类,（01）,,244,89053,
8113,合肥共达职业技术学院,2024,江苏,专科批,历史类,（01）,,241,86793,
8114,蚌埠经济技术职业学院,2024,江苏,专科批,历史类,（01）,,286,87790,
8119,合肥科技职业学院,2024,江苏,专科批,历史类,（01）,,229,91750,
8152,厦门华天涉外职业技术学院,2024,江苏,专科批,历史类,（01）,,249,91553,
8154,厦门南洋职业学院,2024,江苏,专科批,历史类,（01）,,408,67485,
8158,泉州海洋职业学院,2024,江苏,专科批,历史类,（01）,,292,88891,
8170,江西科技学院,2024,江苏,专科批,历史类,（02）,,318,70857,
8173,江西应用科技学院,2024,江苏,专科批,历史类,（02）,,307,87464,
8175,南昌工学院,2024,江苏,专科批,历史类,（03）,,288,89205,
8187,南昌应用技术师范学院,2024,江苏,专科批,历史类,（02）,,429,63355,
8189,青岛航空科技职业学院,2024,江苏,专科批,历史类,（01）,,306,87562,
8190,潍坊环境工程职业学院,2024,江苏,专科批,历史类,（01）,,228,91001,
8196,江西航空职业技术学院,2024,江苏,专科批,历史类,（01）,,435,53180,
8198,南昌职业大学,2024,江苏,专科批,历史类,（01）,,220,81864,
8202,九江理工职业学院,2024,江苏,专科批,历史类,（01）,,270,90475,
8213,潍坊科技学院,2024,江苏,专科批,历史类,（02）,,397,65520,
8215,青岛恒星科技学院,2024,江苏,专科批,历史类,（02）,,243,85001,
8223,泰山科技学院,2024,江苏,专科批,历史类,（02）,,254,90780,
8226,青岛农业大学海都学院,2024,江苏,专科批,历史类,（02）,,262,84085,
8243,山东文化产业职业学院,2024,江苏,专科批,历史类,（01）,,248,83364,
8244,曲阜远东职业技术学院,2024,江苏,专科批,历史类,（01）,,257,88708,
8246,山东力明科技职业学院,2024,江苏,专科批,历史类,（01）,,324,78145,
8249,山东工程职业技术大学,2024,江苏,专科批,历史类,（01）,,262,71941,
8250,青岛求实职业技术学院,2024,江苏,专科批,历史类,,,246,86680,
8252,山东外国语职业技术大学,2024,江苏,专科批,历史类,（01）,,280,89819,
8253,潍坊工商职业学院,2024,江苏,专科批,历史类,,,220,84554,
8256,山东海事职业学院,2024,江苏,专科批,历史类,（01）,,258,88352,
8259,日照航海工程职业学院,2024,江苏,专科批,历史类,（01）,,267,90159,
8286,北京培黎职业学院,2024,江苏,专科批,历史类,（01）,,374,72151,
8287,北京艺术传媒职业学院,2024,江苏,专科批,历史类,（01）,,258,91160,
8290,天津天狮学院,2024,江苏,专科批,历史类,（02）,,374,60090,
8349,石家庄理工职业学院,2024,江苏,专科批,历史类,（01）,,239,91928,
8350,石家庄科技信息职业学院,2024,江苏,专科批,历史类,（01）,,264,89524,
8351,石家庄医学高等专科学校,2024,江苏,专科批,历史类,（01）,,346,67886,
8358,渤海理工职业学院,2024,江苏,专科批,历史类,（01）,,323,85574,
8367,山西同文职业技术学院,2024,江苏,专科批,历史类,,,221,90433,
8465,长春信息技术职业学院,2024,江苏,专科批,历史类,（01）,,269,90540,
8469,长春健康职业学院,2024,江苏,专科批,历史类,（01）,,284,89524,
8531,郑州电力职业技术学院,2024,江苏,专科批,历史类,（01）,,349,76440,
8550,武汉东湖学院,2024,江苏,专科批,历史类,（02）,,264,77173,
8552,武昌首义学院,2024,江苏,专科批,历史类,（02）,,341,78372,
8554,武汉生物工程学院,2024,江苏,专科批,历史类,（02）,,414,63173,
8558,三峡大学科技学院,2024,江苏,专科批,历史类,（02）,,326,50966,
8561,武汉纺织大学外经贸学院,2024,江苏,专科批,历史类,（02）,,304,70857,
8574,武汉工程科技学院,2024,江苏,专科批,历史类,（02）,,235,87060,
8591,武汉外语外事职业学院,2024,江苏,专科批,历史类,（01）,,347,70424,
8592,武昌职业学院,2024,江苏,专科批,历史类,,,340,50085,
8593,武汉商贸职业学院,2024,江苏,专科批,历史类,（01）,,284,89524,
8596,武汉科技职业学院,2024,江苏,专科批,历史类,（01）,,242,91823,
8597,武汉光谷职业学院,2024,江苏,专科批,历史类,（01）,,244,91750,
8628,湖南外国语职业学院,2024,江苏,专科批,历史类,（01）,,233,66454,
8658,珠海艺术职业学院,2024,江苏,专科批,历史类,（01）,,316,86448,
8666,广州华立科技职业学院,2024,江苏,专科批,历史类,（01）,,237,91993,
8740,海口经济学院,2024,江苏,专科批,历史类,（02）,,226,82846,
8754,三亚航空旅游职业学院,2024,江苏,专科批,历史类,（01）,,289,82072,
8756,三亚城市职业学院,2024,江苏,专科批,历史类,（01）,,277,90027,
8757,海南科技职业大学,2024,江苏,专科批,历史类,（02）,,243,91789,
8770,西南财经大学天府学院,2024,江苏,专科批,历史类,（03）,,326,84554,
8772,四川文化艺术学院,2024,江苏,专科批,历史类,（02）,,308,87355,
8777,天府新区航空旅游职业学院,2024,江苏,专科批,历史类,（01）,,230,92181,
8780,广元中核职业技术学院,2024,江苏,专科批,历史类,（01）,,319,86091,
8782,四川西南航空职业学院,2024,江苏,专科批,历史类,,,261,76190,
8786,成都艺术职业大学,2024,江苏,专科批,历史类,（01）,,236,50966,
8791,泸州医疗器械职业学院,2024,江苏,专科批,历史类,（01）,,305,87665,
8796,巴中职业技术学院,2024,江苏,专科批,历史类,（01）,,334,83911,
8798,四川华新现代职业学院,2024,江苏,专科批,历史类,（01）,,351,80651,
8799,资阳环境科技职业学院,2024,江苏,专科批,历史类,（01）,,258,91160,
8807,重庆艺术工程职业学院,2024,江苏,专科批,历史类,（01）,,311,87060,
8810,重庆海联职业技术学院,2024,江苏,专科批,历史类,（01）,,236,90540,
8822,重庆电讯职业学院,2024,江苏,专科批,历史类,（01）,,254,91346,
8826,重庆科技职业学院,2024,江苏,专科批,历史类,（01）,,223,92337,
8827,重庆建筑科技职业学院,2024,江苏,专科批,历史类,（01）,,271,75144,
8838,重庆资源与环境保护职业学院,2024,江苏,专科批,历史类,（01）,,239,91928,
8871,丽江文化旅游学院,2024,江苏,专科批,历史类,（02）,,281,89742,
8878,云南经济管理学院,2024,江苏,专科批,历史类,（02）,,378,74017,
8880,云南理工职业学院,2024,江苏,专科批,历史类,（01）,,257,91211,
8903,西安外事学院,2024,江苏,专科批,历史类,（02）,,321,76190,
8914,西安工商学院,2024,江苏,专科批,历史类,（02）,,257,80651,
8919,陕西旅游烹饪职业学院,2024,江苏,专科批,历史类,（01）,,221,92017,
8931,西安高新科技职业学院,2024,江苏,专科批,历史类,（01）,,281,81089,
8934,西安城市建设职业学院,2024,江苏,专科批,历史类,（01）,,259,85447,
8935,榆林能源科技职业学院,2024,江苏,专科批,历史类,（01）,,228,92017,
8936,西安海棠职业学院,2024,江苏,专科批,历史类,（01）,,266,87665,
8938,西安信息职业大学,2024,江苏,专科批,历史类,（01）,,425,64162,
8939,陕西电子信息职业技术学院,2024,江苏,专科批,历史类,（01）,,248,91594,
8943,兰州外语职业学院,2024,江苏,专科批,历史类,（01）,,253,91385,
,苏州职业技术大学,2024,江苏,专科批,历史类,,,401,50547,
1110,南京工业大学,2024,江苏,地方专项计划本科批,历史类,（01）,,562,10689,
1101,南京大学,2024,江苏,本科批,历史类,（03）,,638,161,
1102,东南大学,2024,江苏,本科批,历史类,（03）,,629,798,
1103,南京航空航天大学,2024,江苏,本科批,历史类,（01）,,605,1906,
1104,南京理工大学,2024,江苏,本科批,历史类,（01）,,602,3366,
1105,河海大学,2024,江苏,本科批,历史类,,,596,3225,
1105,河海大学,2024,江苏,本科批,历史类,（03）,,600,4028,
1106,南京信息工程大学,2024,江苏,本科批,历史类,,,557,5138,
1106,南京信息工程大学,2024,江苏,本科批,历史类,（02）,,585,7092,
1107,南京农业大学,2024,江苏,本科批,历史类,（01）,,587,4751,
1108,南京师范大学,2024,江苏,本科批,历史类,,,574,1260,
1108,南京师范大学,2024,江苏,本科批,历史类,（11）,,606,3067,
1108,南京师范大学,2024,江苏,本科批,历史类,（10）,,609,2654,
1109,中国药科大学,2024,江苏,本科批,历史类,（01）,,585,6866,
1110,南京工业大学,2024,江苏,本科批,历史类,（02）,,562,10994,
1111,南京邮电大学,2024,江苏,本科批,历史类,（02）,,572,7576,
1112,南京医科大学,2024,江苏,本科批,历史类,（01）,,563,10413,
1113,南京中医药大学,2024,江苏,本科批,历史类,,,525,13262,
1114,南京工程学院,2024,江苏,本科批,历史类,,,523,18357,
1115,南京林业大学,2024,江苏,本科批,历史类,,,561,6866,
1115,南京林业大学,2024,江苏,本科批,历史类,（03）,,551,17923,
1116,南京财经大学,2024,江苏,本科批,历史类,,,547,6638,
1117,南京体育学院,2024,江苏,本科批,历史类,,,478,31428,
1118,南京艺术学院,2024,江苏,本科批,历史类,（01）,,513,28204,
1119,南京审计大学,2024,江苏,本科批,历史类,,,558,5958,
1120,南京晓庄学院,2024,江苏,本科批,历史类,,,514,16019,
1120,南京晓庄学院,2024,江苏,本科批,历史类,（07）,,552,16407,
1120,南京晓庄学院,2024,江苏,本科批,历史类,（06）,,561,14231,
1128,金陵科技学院,2024,江苏,本科批,历史类,,,521,18742,
1131,江苏第二师范学院,2024,江苏,本科批,历史类,,,480,16794,
1131,江苏第二师范学院,2024,江苏,本科批,历史类,（11）,,541,20359,
1131,江苏第二师范学院,2024,江苏,本科批,历史类,（10）,,553,17142,
1133,南京特殊教育师范学院,2024,江苏,本科批,历史类,（02）,,529,21615,
1136,南京工业职业技术大学,2024,江苏,本科批,历史类,,,513,31897,
1201,江南大学,2024,江苏,本科批,历史类,,,583,3855,
1201,江南大学,2024,江苏,本科批,历史类,（06）,,599,4190,
1203,无锡学院,2024,江苏,本科批,历史类,（01）,,540,20359,
1221,中国矿业大学,2024,江苏,本科批,历史类,（01）,,592,4190,
1222,江苏师范大学,2024,江苏,本科批,历史类,,,536,11956,
1222,江苏师范大学,2024,江苏,本科批,历史类,（06）,,560,13908,
1222,江苏师范大学,2024,江苏,本科批,历史类,（05）,,569,11623,
1223,徐州医科大学,2024,江苏,本科批,历史类,,,521,20776,
1224,徐州工程学院,2024,江苏,本科批,历史类,（01）,,521,25037,
1242,常州大学,2024,江苏,本科批,历史类,（01）,,552,14929,
1242,常州大学,2024,江苏,本科批,历史类,（02）,,551,17923,
1243,常州工学院,2024,江苏,本科批,历史类,,,478,24576,
1244,江苏理工学院,2024,江苏,本科批,历史类,,,482,22464,
1261,苏州大学,2024,江苏,本科批,历史类,,,589,2155,
1261,苏州大学,2024,江苏,本科批,历史类,（04）,,606,3067,
1262,苏州科技大学,2024,江苏,本科批,历史类,,,530,13263,
1262,苏州科技大学,2024,江苏,本科批,历史类,（05）,,552,15654,
1262,苏州科技大学,2024,江苏,本科批,历史类,（04）,,559,14583,
1263,苏州工学院,2024,江苏,本科批,历史类,,,483,19543,
1265,中国人民大学,2024,江苏,本科批,历史类,（02）,,649,114,
1265,中国人民大学,2024,江苏,本科批,历史类,（03）,,649,131,
1267,苏州城市学院,2024,江苏,本科批,历史类,,,478,20359,
1301,南通大学,2024,江苏,本科批,历史类,,,523,14231,
1301,南通大学,2024,江苏,本科批,历史类,（06）,,566,12572,
1321,江苏海洋大学,2024,江苏,本科批,历史类,（01）,,537,19543,
1321,江苏海洋大学,2024,江苏,本科批,历史类,（02）,,545,20359,
1341,淮阴师范学院,2024,江苏,本科批,历史类,,,480,21615,
1341,淮阴师范学院,2024,江苏,本科批,历史类,（07）,,535,24138,
1341,淮阴师范学院,2024,江苏,本科批,历史类,（06）,,540,22464,
1342,淮阴工学院,2024,江苏,本科批,历史类,,,519,27265,
1361,盐城工学院,2024,江苏,本科批,历史类,（01）,,521,25910,
1362,盐城师范学院,2024,江苏,本科批,历史类,,,511,23304,
1362,盐城师范学院,2024,江苏,本科批,历史类,（06）,,531,25449,
1362,盐城师范学院,2024,江苏,本科批,历史类,（05）,,537,23736,
1381,扬州大学,2024,江苏,本科批,历史类,,,518,5138,
1381,扬州大学,2024,江苏,本科批,历史类,（11）,,486,47355,
1381,扬州大学,2024,江苏,本科批,历史类,（12）,,580,8377,
1401,江苏大学,2024,江苏,本科批,历史类,,,540,9222,
1401,江苏大学,2024,江苏,本科批,历史类,（04）,,571,10994,
1402,江苏科技大学,2024,江苏,本科批,历史类,,,511,15653,
1402,江苏科技大学,2024,江苏,本科批,历史类,（06）,,550,18357,
1421,泰州学院,2024,江苏,本科批,历史类,,,490,28204,
1426,宿迁学院,2024,江苏,本科批,历史类,（01）,,517,28647,
1426,宿迁学院,2024,江苏,本科批,历史类,（02）,,526,28647,
1802,东南大学成贤学院,2024,江苏,本科批,历史类,,,505,32754,
1803,南京航空航天大学金城学院,2024,江苏,本科批,历史类,,,480,41176,
1803,南京航空航天大学金城学院,2024,江苏,本科批,历史类,（04）,,505,38453,
1804,南京理工大学紫金学院,2024,江苏,本科批,历史类,,,506,33212,
1807,南京审计大学金审学院,2024,江苏,本科批,历史类,（01）,,509,33212,
1810,南京工业大学浦江学院,2024,江苏,本科批,历史类,,,478,40293,
1816,南京财经大学红山学院,2024,江苏,本科批,历史类,（01）,,497,36593,
1826,中国矿业大学徐海学院,2024,江苏,本科批,历史类,（01）,,495,39855,
1827,江苏师范大学科文学院,2024,江苏,本科批,历史类,,,478,41176,
1827,江苏师范大学科文学院,2024,江苏,本科批,历史类,（05）,,492,44492,
1834,苏州大学应用技术学院,2024,江苏,本科批,历史类,（01）,,492,42608,
1835,苏州科技大学天平学院,2024,江苏,本科批,历史类,（01）,,504,35123,
1837,江苏科技大学苏州理工学院,2024,江苏,本科批,历史类,（01）,,495,42145,
1838,南通大学杏林学院,2024,江苏,本科批,历史类,（01）,,486,42145,
1844,扬州大学广陵学院,2024,江苏,本科批,历史类,（01）,,505,35617,
1845,江苏大学京江学院,2024,江苏,本科批,历史类,（01）,,491,42608,
1845,江苏大学京江学院,2024,江苏,本科批,历史类,（02）,,478,50966,
1846,南京医科大学康达学院,2024,江苏,本科批,历史类,（01）,,487,41642,
1846,南京医科大学康达学院,2024,江苏,本科批,历史类,（02）,,478,40293,
1847,南京师范大学泰州学院,2024,江苏,本科批,历史类,,,504,32754,
1848,南京理工大学泰州科技学院,2024,江苏,本科批,历史类,（01）,,491,44492,
1850,南京邮电大学通达学院,2024,江苏,本科批,历史类,（01）,,497,41642,
1855,常州大学怀德学院,2024,江苏,本科批,历史类,（01）,,487,44945,
1858,南京师范大学中北学院,2024,江苏,本科批,历史类,,,490,35617,
1901,南京传媒学院,2024,江苏,本科批,历史类,,,478,44492,
1911,三江学院,2024,江苏,本科批,历史类,（01）,,486,43078,
1915,无锡太湖学院,2024,江苏,本科批,历史类,（01）,,497,36593,
1915,无锡太湖学院,2024,江苏,本科批,历史类,（02）,,492,44492,
1921,西交利物浦大学,2024,江苏,本科批,历史类,（01）,,552,16407,
1921,西交利物浦大学,2024,江苏,本科批,历史类,（02）,,578,8946,
1928,南通理工学院,2024,江苏,本科批,历史类,（01）,,483,46894,
2101,复旦大学,2024,江苏,本科批,历史类,（03）,,650,114,
2102,同济大学,2024,江苏,本科批,历史类,（02）,,634,479,
2102,同济大学,2024,江苏,本科批,历史类,（03）,,633,590,
2103,上海交通大学,2024,江苏,本科批,历史类,（01）,,654,,
2104,华东理工大学,2024,江苏,本科批,历史类,（01）,,587,2516,
2105,东华大学,2024,江苏,本科批,历史类,（01）,,593,4943,
2106,华东师范大学,2024,江苏,本科批,历史类,,,618,553,
2106,华东师范大学,2024,江苏,本科批,历史类,（03）,,627,553,
2107,华东政法大学,2024,江苏,本科批,历史类,（01）,,615,590,
2109,上海外国语大学,2024,江苏,本科批,历史类,（01）,,612,1801,
2109,上海外国语大学,2024,江苏,本科批,历史类,（02）,,619,1506,
2110,上海财经大学,2024,江苏,本科批,历史类,（01）,,624,508,
2111,上海师范大学,2024,江苏,本科批,历史类,,,565,6398,
2112,上海大学,2024,江苏,本科批,历史类,,,576,3225,
2114,上海对外经贸大学,2024,江苏,本科批,历史类,,,571,4358,
2115,上海理工大学,2024,江苏,本科批,历史类,,,557,10994,
2116,上海海洋大学,2024,江苏,本科批,历史类,（01）,,581,8108,
2117,上海海事大学,2024,江苏,本科批,历史类,（01）,,595,4550,
2118,上海电力大学,2024,江苏,本科批,历史类,（01）,,565,10689,
2119,上海体育大学,2024,江苏,本科批,历史类,,,564,10412,
2120,上海工程技术大学,2024,江苏,本科批,历史类,（01）,,552,14929,
2124,上海第二工业大学,2024,江苏,本科批,历史类,（01）,,546,19125,
2125,上海政法学院,2024,江苏,本科批,历史类,,,552,4028,
2128,复旦大学上海医学院,2024,江苏,本科批,历史类,（01）,,588,6398,
2136,上海电机学院,2024,江苏,本科批,历史类,（01）,,539,22464,
2137,上海立信会计金融学院,2024,江苏,本科批,历史类,（01）,,566,7575,
2141,上海商学院,2024,江苏,本科批,历史类,,,523,13908,
2201,浙江大学,2024,江苏,本科批,历史类,（01）,,637,180,
2203,浙江理工大学,2024,江苏,本科批,历史类,（01）,,563,12898,
2204,浙江工业大学,2024,江苏,本科批,历史类,（01）,,588,6398,
2205,中国美术学院,2024,江苏,本科批,历史类,（01）,,586,5754,
2206,浙江师范大学,2024,江苏,本科批,历史类,,,546,6638,
2207,浙江工商大学,2024,江苏,本科批,历史类,（01）,,567,6168,
2209,杭州师范大学,2024,江苏,本科批,历史类,（01）,,565,9222,
2211,浙江传媒学院,2024,江苏,本科批,历史类,,,536,11956,
2212,浙江科技大学,2024,江苏,本科批,历史类,（01）,,539,20359,
2213,浙江财经大学,2024,江苏,本科批,历史类,,,549,7329,
2214,浙江农林大学,2024,江苏,本科批,历史类,,,549,15274,
2216,浙江中医药大学,2024,江苏,本科批,历史类,（01）,,553,15274,
2221,宁波大学,2024,江苏,本科批,历史类,,,589,4943,
2223,绍兴文理学院,2024,江苏,本科批,历史类,（01）,,495,43078,
2228,温州大学,2024,江苏,本科批,历史类,（01）,,555,15653,
2231,嘉兴大学,2024,江苏,本科批,历史类,（01）,,543,17923,
2240,浙江外国语学院,2024,江苏,本科批,历史类,,,530,18742,
2245,宁波诺丁汉大学,2024,江苏,本科批,历史类,（01）,,575,7092,
2245,宁波诺丁汉大学,2024,江苏,本科批,历史类,（02）,,567,12260,
2248,温州肯恩大学,2024,江苏,本科批,历史类,（01）,,548,15653,
2249,浙大城市学院,2024,江苏,本科批,历史类,,,534,18357,
2250,浙大宁波理工学院,2024,江苏,本科批,历史类,（01）,,516,32754,
2261,湖州师范学院,2024,江苏,本科批,历史类,（01）,,544,19125,
2268,丽水学院,2024,江苏,本科批,历史类,（01）,,521,28647,
2268,丽水学院,2024,江苏,本科批,历史类,（02）,,534,25037,
2275,湖州学院,2024,江苏,本科批,历史类,（01）,,519,29083,
2277,嘉兴南湖学院,2024,江苏,本科批,历史类,（01）,,534,24138,
2302,合肥工业大学,2024,江苏,本科批,历史类,（01）,,587,6638,
2302,合肥工业大学,2024,江苏,本科批,历史类,（02）,,593,4751,
2303,安徽大学,2024,江苏,本科批,历史类,（01）,,587,3855,
2304,安徽医科大学,2024,江苏,本科批,历史类,（01）,,554,16794,
2304,安徽医科大学,2024,江苏,本科批,历史类,（02）,,481,49648,
2305,安徽建筑大学,2024,江苏,本科批,历史类,（01）,,542,19983,
2306,安徽农业大学,2024,江苏,本科批,历史类,（01）,,544,16407,
2309,安徽师范大学,2024,江苏,本科批,历史类,（02）,,540,13908,
2309,安徽师范大学,2024,江苏,本科批,历史类,（03）,,578,8946,
2321,安徽财经大学,2024,江苏,本科批,历史类,,,554,12260,
2327,合肥大学,2024,江苏,本科批,历史类,（01）,,541,19125,
2331,阜阳师范大学,2024,江苏,本科批,历史类,,,511,25449,
2342,宿州学院,2024,江苏,本科批,历史类,（01）,,530,26805,
2342,宿州学院,2024,江苏,本科批,历史类,（02）,,527,28204,
2343,安庆师范大学,2024,江苏,本科批,历史类,（01）,,533,25037,
2348,池州学院,2024,江苏,本科批,历史类,（01）,,518,31428,
2351,淮北师范大学,2024,江苏,本科批,历史类,（01）,,541,18742,
2351,淮北师范大学,2024,江苏,本科批,历史类,（02）,,554,16794,
2351,淮北师范大学,2024,江苏,本科批,历史类,（03）,,541,17538,
2356,铜陵学院,2024,江苏,本科批,历史类,（01）,,531,26371,
2359,合肥师范学院,2024,江苏,本科批,历史类,（01）,,509,36096,
2361,安徽工业大学,2024,江苏,本科批,历史类,（01）,,549,16019,
2362,淮南师范学院,2024,江苏,本科批,历史类,（01）,,520,30462,
2367,巢湖学院,2024,江苏,本科批,历史类,（01）,,513,34650,
2372,滁州学院,2024,江苏,本科批,历史类,（01）,,517,30977,
2381,黄山学院,2024,江苏,本科批,历史类,,,493,34650,
2401,福州大学,2024,江苏,本科批,历史类,（01）,,587,5365,
2402,福建农林大学,2024,江苏,本科批,历史类,（01）,,537,23304,
2410,三明学院,2024,江苏,本科批,历史类,（01）,,513,33212,
2411,厦门大学,2024,江苏,本科批,历史类,,,606,553,
2411,厦门大学,2024,江苏,本科批,历史类,（03）,,628,861,
2412,集美大学,2024,江苏,本科批,历史类,（01）,,553,16019,
2413,厦门理工学院,2024,江苏,本科批,历史类,（01）,,537,22464,
2421,莆田学院,2024,江苏,本科批,历史类,（01）,,515,31428,
2422,华侨大学,2024,江苏,本科批,历史类,（01）,,553,14582,
2422,华侨大学,2024,江苏,本科批,历史类,（02）,,560,14582,
2437,武夷学院,2024,江苏,本科批,历史类,（01）,,512,27732,
2448,闽南师范大学,2024,江苏,本科批,历史类,（01）,,513,32328,
2501,江西财经大学,2024,江苏,本科批,历史类,,,574,5138,
2502,华东交通大学,2024,江苏,本科批,历史类,,,545,13262,
2504,江西中医药大学,2024,江苏,本科批,历史类,（01）,,536,22031,
2504,江西中医药大学,2024,江苏,本科批,历史类,（02）,,544,20776,
2505,南昌大学,2024,江苏,本科批,历史类,（01）,,581,6398,
2506,南昌航空大学,2024,江苏,本科批,历史类,（01）,,537,19543,
2507,江西科技师范大学,2024,江苏,本科批,历史类,,,539,18357,
2508,江西农业大学,2024,江苏,本科批,历史类,（01）,,535,22031,
2510,江西师范大学,2024,江苏,本科批,历史类,（02）,,542,14582,
2510,江西师范大学,2024,江苏,本科批,历史类,（04）,,574,10080,
2510,江西师范大学,2024,江苏,本科批,历史类,（03）,,568,11956,
2511,江西水利电力大学,2024,江苏,本科批,历史类,（01）,,515,32754,
2512,江西警察学院,2024,江苏,本科批,历史类,（01）,,539,22877,
2521,江西理工大学,2024,江苏,本科批,历史类,（01）,,536,19543,
2523,赣南师范大学,2024,江苏,本科批,历史类,,,509,21166,
2523,赣南师范大学,2024,江苏,本科批,历史类,（06）,,536,20776,
2523,赣南师范大学,2024,江苏,本科批,历史类,（05）,,541,22031,
2527,新余学院,2024,江苏,本科批,历史类,（01）,,515,32328,
2531,景德镇陶瓷大学,2024,江苏,本科批,历史类,（01）,,535,19543,
2542,萍乡学院,2024,江苏,本科批,历史类,（01）,,510,34650,
2543,南昌师范学院,2024,江苏,本科批,历史类,（01）,,514,34139,
2543,南昌师范学院,2024,江苏,本科批,历史类,（02）,,516,33212,
2551,宜春学院,2024,江苏,本科批,历史类,（01）,,512,30977,
2551,宜春学院,2024,江苏,本科批,历史类,（03）,,520,31428,
2551,宜春学院,2024,江苏,本科批,历史类,（02）,,509,36593,
2561,九江学院,2024,江苏,本科批,历史类,（01）,,512,33682,
2571,上饶师范学院,2024,江苏,本科批,历史类,（01）,,512,31897,
2571,上饶师范学院,2024,江苏,本科批,历史类,（02）,,524,29546,
2572,赣东学院,2024,江苏,本科批,历史类,（01）,,512,34650,
2573,赣南科技学院,2024,江苏,本科批,历史类,（01）,,511,35123,
2574,南昌医学院,2024,江苏,本科批,历史类,（01）,,526,28647,
2581,井冈山大学,2024,江苏,本科批,历史类,（01）,,515,25910,
2596,景德镇学院,2024,江苏,本科批,历史类,（01）,,515,32754,
2601,山东大学,2024,江苏,本科批,历史类,（01）,,623,861,
2602,济南大学,2024,江苏,本科批,历史类,（01）,,546,17142,
2602,济南大学,2024,江苏,本科批,历史类,（02）,,563,13578,
2605,山东中医药大学,2024,江苏,本科批,历史类,（01）,,545,20359,
2606,山东财经大学,2024,江苏,本科批,历史类,（01）,,558,10080,
2608,山东工艺美术学院,2024,江苏,本科批,历史类,（01）,,510,35123,
2609,山东交通学院,2024,江苏,本科批,历史类,（01）,,531,22464,
2610,齐鲁工业大学,2024,江苏,本科批,历史类,（01）,,534,24138,
2611,山东理工大学,2024,江苏,本科批,历史类,（01）,,545,20359,
2612,山东艺术学院,2024,江苏,本科批,历史类,（01）,,511,33682,
2621,中国海洋大学,2024,江苏,本科批,历史类,,,610,1906,
2621,中国海洋大学,2024,江苏,本科批,历史类,（03）,,609,2654,
2622,青岛理工大学,2024,江苏,本科批,历史类,（01）,,550,17142,
2624,青岛大学,2024,江苏,本科批,历史类,（01）,,554,14582,
2631,山东农业大学,2024,江苏,本科批,历史类,（01）,,549,16794,
2635,潍坊学院,2024,江苏,本科批,历史类,（01）,,517,29991,
2635,潍坊学院,2024,江苏,本科批,历史类,（02）,,530,26805,
2641,中国石油大学（华东）,2024,江苏,本科批,历史类,（01）,,582,7575,
2642,聊城大学,2024,江苏,本科批,历史类,（02）,,481,49648,
2645,临沂大学,2024,江苏,本科批,历史类,（01）,,536,23736,
2650,山东航空学院,2024,江苏,本科批,历史类,（01）,,532,25910,
2651,烟台大学,2024,江苏,本科批,历史类,（01）,,550,16407,
2652,山东工商学院,2024,江苏,本科批,历史类,（01）,,523,25910,
2652,山东工商学院,2024,江苏,本科批,历史类,（02）,,521,30977,
2653,鲁东大学,2024,江苏,本科批,历史类,（01）,,536,20776,
2661,山东大学（威海）,2024,江苏,本科批,历史类,（01）,,616,1426,
2661,山东大学（威海）,2024,江苏,本科批,历史类,（02）,,613,2031,
2662,哈尔滨工业大学（威海）,2024,江苏,本科批,历史类,（01）,,616,1801,
2669,菏泽学院,2024,江苏,本科批,历史类,（01）,,526,28647,
2671,曲阜师范大学,2024,江苏,本科批,历史类,（01）,,541,19543,
2683,德州学院,2024,江苏,本科批,历史类,（01）,,530,26805,
2691,山东第一医科大学,2024,江苏,本科批,历史类,（01）,,533,25449,
2701,山东女子学院,2024,江苏,本科批,历史类,（01）,,514,33212,
2702,济宁学院,2024,江苏,本科批,历史类,（01）,,514,34139,
2710,齐鲁师范学院,2024,江苏,本科批,历史类,（01）,,531,26371,
2711,山东师范大学,2024,江苏,本科批,历史类,,,527,14929,
2711,山东师范大学,2024,江苏,本科批,历史类,（04）,,578,8946,
2755,山东石油化工学院,2024,江苏,本科批,历史类,,,525,27265,
306,中国民用航空飞行学院,2024,江苏,本科批,历史类,（01）,,528,24575,
306,中国民用航空飞行学院,2024,江苏,本科批,历史类,（02）,,547,19543,
3101,北京大学,2024,江苏,本科批,历史类,（03）,,659,,
3103,清华大学,2024,江苏,本科批,历史类,（02）,,668,,
3104,北京师范大学,2024,江苏,本科批,历史类,（03）,,632,479,
3104,北京师范大学,2024,江苏,本科批,历史类,（04）,,631,684,
3105,北京交通大学,2024,江苏,本科批,历史类,（01）,,585,3067,
3106,北京航空航天大学,2024,江苏,本科批,历史类,（01）,,627,923,
3107,北京理工大学,2024,江苏,本科批,历史类,（01）,,621,1057,
3108,北京科技大学,2024,江苏,本科批,历史类,（01）,,601,3225,
3109,北京化工大学,2024,江苏,本科批,历史类,（01）,,585,4028,
3110,中国农业大学,2024,江苏,本科批,历史类,,,598,1260,
3112,中国政法大学,2024,江苏,本科批,历史类,（01）,,613,1057,
3112,中国政法大学,2024,江苏,本科批,历史类,（02）,,623,923,
3114,北京林业大学,2024,江苏,本科批,历史类,,,586,4190,
3114,北京林业大学,2024,江苏,本科批,历史类,（04）,,590,5958,
3114,北京林业大学,2024,江苏,本科批,历史类,（03）,,587,6638,
3115,北京大学医学部,2024,江苏,本科批,历史类,（01）,,653,,
3116,北京外国语大学,2024,江苏,本科批,历史类,（02）,,616,798,
3116,北京外国语大学,2024,江苏,本科批,历史类,（03）,,620,1426,
3117,北京语言大学,2024,江苏,本科批,历史类,（02）,,577,7329,
3117,北京语言大学,2024,江苏,本科批,历史类,（03）,,585,7092,
3118,中国石油大学（北京）,2024,江苏,本科批,历史类,（01）,,590,5958,
3118,中国石油大学（北京）,2024,江苏,本科批,历史类,（02）,,596,4751,
3119,对外经济贸易大学,2024,江苏,本科批,历史类,（02）,,621,798,
3120,中央财经大学,2024,江苏,本科批,历史类,（01）,,623,923,
3121,北京中医药大学,2024,江苏,本科批,历史类,（01）,,592,2517,
3122,中国矿业大学（北京）,2024,江苏,本科批,历史类,（01）,,584,7092,
3123,中国传媒大学,2024,江苏,本科批,历史类,,,584,1906,
3124,中央美术学院,2024,江苏,本科批,历史类,,,565,5754,
3125,中央戏剧学院,2024,江苏,本科批,历史类,（01）,,575,6398,
3127,北京体育大学,2024,江苏,本科批,历史类,,,527,6866,
3127,北京体育大学,2024,江苏,本科批,历史类,（04）,,585,7092,
3128,华北电力大学（北京）,2024,江苏,本科批,历史类,（01）,,586,6168,
3129,中央民族大学,2024,江苏,本科批,历史类,（01）,,609,1700,
3132,北京第二外国语学院,2024,江苏,本科批,历史类,（01）,,567,8108,
3133,首都师范大学,2024,江苏,本科批,历史类,（01）,,584,5754,
3136,北京物资学院,2024,江苏,本科批,历史类,（01）,,542,19983,
3139,北京印刷学院,2024,江苏,本科批,历史类,（01）,,543,19543,
3142,北京工商大学,2024,江苏,本科批,历史类,（01）,,557,15653,
3144,北京联合大学,2024,江苏,本科批,历史类,（01）,,548,17923,
3148,北京电影学院,2024,江苏,本科批,历史类,,,556,3225,
3153,华北科技学院,2024,江苏,本科批,历史类,（01）,,513,26805,
3154,首都经济贸易大学,2024,江苏,本科批,历史类,（01）,,582,7575,
3169,中国劳动关系学院,2024,江苏,本科批,历史类,（01）,,542,16407,
3176,民政职业大学,2024,江苏,本科批,历史类,（01）,,514,34139,
3201,南开大学,2024,江苏,本科批,历史类,（02）,,631,633,
3204,天津师范大学,2024,江苏,本科批,历史类,,,493,8946,
3204,天津师范大学,2024,江苏,本科批,历史类,（05）,,572,10689,
3204,天津师范大学,2024,江苏,本科批,历史类,（04）,,565,11956,
3205,中国民航大学,2024,江苏,本科批,历史类,（01）,,557,5754,
3205,中国民航大学,2024,江苏,本科批,历史类,（02）,,563,13578,
3206,天津工业大学,2024,江苏,本科批,历史类,,,544,9484,
3207,天津商业大学,2024,江苏,本科批,历史类,（01）,,551,16407,
3208,天津科技大学,2024,江苏,本科批,历史类,（01）,,548,16407,
3209,天津财经大学,2024,江苏,本科批,历史类,（01）,,566,8655,
3210,天津城建大学,2024,江苏,本科批,历史类,,,504,22464,
3211,天津外国语大学,2024,江苏,本科批,历史类,,,549,12572,
3211,天津外国语大学,2024,江苏,本科批,历史类,（03）,,560,14231,
3212,天津中医药大学,2024,江苏,本科批,历史类,（01）,,558,13578,
3212,天津中医药大学,2024,江苏,本科批,历史类,（02）,,545,20359,
3213,天津农学院,2024,江苏,本科批,历史类,（01）,,515,25449,
3217,天津体育学院,2024,江苏,本科批,历史类,（01）,,512,32328,
3218,天津职业技术师范大学,2024,江苏,本科批,历史类,（01）,,533,25037,
3301,石家庄铁道大学,2024,江苏,本科批,历史类,（01）,,543,21166,
3302,河北科技师范学院,2024,江苏,本科批,历史类,（01）,,526,28204,
3305,河北地质大学,2024,江苏,本科批,历史类,（01）,,530,25037,
3307,河北工业大学,2024,江苏,本科批,历史类,（01）,,583,6866,
3310,河北经贸大学,2024,江苏,本科批,历史类,,,534,22031,
3311,华北电力大学（保定）,2024,江苏,本科批,历史类,（01）,,582,6398,
3312,河北大学,2024,江苏,本科批,历史类,（01）,,546,17538,
3314,河北师范大学,2024,江苏,本科批,历史类,（01）,,541,19983,
3315,河北金融学院,2024,江苏,本科批,历史类,（01）,,525,28204,
3318,防灾科技学院,2024,江苏,本科批,历史类,（01）,,514,31428,
3320,河北环境工程学院,2024,江苏,本科批,历史类,（01）,,509,36096,
3321,燕山大学,2024,江苏,本科批,历史类,（01）,,555,15274,
3322,东北大学秦皇岛分校,2024,江苏,本科批,历史类,（01）,,596,4028,
3332,华北理工大学,2024,江苏,本科批,历史类,（01）,,542,19543,
3333,衡水学院,2024,江苏,本科批,历史类,（01）,,510,36096,
3333,衡水学院,2024,江苏,本科批,历史类,（02）,,513,34650,
3341,北华航天工业学院,2024,江苏,本科批,历史类,（01）,,514,28647,
3344,邯郸学院,2024,江苏,本科批,历史类,（01）,,511,35123,
3350,张家口学院,2024,江苏,本科批,历史类,（01）,,512,35123,
3362,邢台学院,2024,江苏,本科批,历史类,（01）,,510,35617,
3365,沧州师范学院,2024,江苏,本科批,历史类,（01）,,515,33212,
3401,山西大学,2024,江苏,本科批,历史类,（01）,,569,7575,
3402,中北大学,2024,江苏,本科批,历史类,（01）,,540,22464,
3403,山西财经大学,2024,江苏,本科批,历史类,,,536,13262,
3404,太原科技大学,2024,江苏,本科批,历史类,（01）,,537,22031,
3405,太原理工大学,2024,江苏,本科批,历史类,（01）,,581,8108,
3406,太原工业学院,2024,江苏,本科批,历史类,（01）,,510,35123,
3408,山西中医药大学,2024,江苏,本科批,历史类,（01）,,536,24138,
3410,山西农业大学,2024,江苏,本科批,历史类,（01）,,521,27265,
3410,山西农业大学,2024,江苏,本科批,历史类,（02）,,523,27265,
3412,山西传媒学院,2024,江苏,本科批,历史类,（01）,,509,36096,
3415,山西师范大学,2024,江苏,本科批,历史类,（01）,,539,19983,
3415,山西师范大学,2024,江苏,本科批,历史类,（03）,,547,19543,
3415,山西师范大学,2024,江苏,本科批,历史类,（02）,,559,14929,
3416,太原师范学院,2024,江苏,本科批,历史类,,,519,25037,
3416,太原师范学院,2024,江苏,本科批,历史类,（05）,,521,29546,
3417,山西大同大学,2024,江苏,本科批,历史类,（01）,,527,28204,
3417,山西大同大学,2024,江苏,本科批,历史类,（02）,,523,29991,
3418,运城学院,2024,江苏,本科批,历史类,（01）,,516,33212,
3418,运城学院,2024,江苏,本科批,历史类,（02）,,513,34650,
3429,山西工程科技职业大学,2024,江苏,本科批,历史类,（01）,,511,35617,
3431,吕梁学院,2024,江苏,本科批,历史类,（01）,,510,33682,
3431,吕梁学院,2024,江苏,本科批,历史类,（04）,,508,37065,
3431,吕梁学院,2024,江苏,本科批,历史类,（03）,,515,33682,
3431,吕梁学院,2024,江苏,本科批,历史类,（02）,,498,41642,
3432,晋中学院,2024,江苏,本科批,历史类,（01）,,508,36593,
3433,山西工程技术学院,2024,江苏,本科批,历史类,（01）,,510,35617,
3434,山西科技学院,2024,江苏,本科批,历史类,（01）,,509,34139,
3506,内蒙古民族大学,2024,江苏,本科批,历史类,（01）,,511,35617,
3507,内蒙古财经大学,2024,江苏,本科批,历史类,（01）,,512,35123,
3511,内蒙古科技大学,2024,江苏,本科批,历史类,（01）,,545,20359,
3511,内蒙古科技大学,2024,江苏,本科批,历史类,（02）,,522,30462,
4101,东北大学,2024,江苏,本科批,历史类,（01）,,604,3366,
4102,辽宁大学,2024,江苏,本科批,历史类,,,508,4028,
4108,沈阳工业大学,2024,江苏,本科批,历史类,（01）,,534,20359,
4109,沈阳理工大学,2024,江苏,本科批,历史类,（01）,,534,24575,
4112,鞍山师范学院,2024,江苏,本科批,历史类,（01）,,508,36096,
4113,沈阳医学院,2024,江苏,本科批,历史类,（01）,,542,21615,
4114,辽宁中医药大学,2024,江苏,本科批,历史类,（01）,,517,32754,
4117,沈阳师范大学,2024,江苏,本科批,历史类,,,516,23304,
4120,沈阳大学,2024,江苏,本科批,历史类,（01）,,515,31897,
4126,辽宁师范大学,2024,江苏,本科批,历史类,（01）,,533,25449,
4131,大连理工大学,2024,江苏,本科批,历史类,（01）,,604,2937,
4132,大连海事大学,2024,江苏,本科批,历史类,,,600,3067,
4133,东北财经大学,2024,江苏,本科批,历史类,,,576,4028,
4135,大连外国语大学,2024,江苏,本科批,历史类,,,534,14929,
4136,大连大学,2024,江苏,本科批,历史类,（01）,,535,23304,
4139,大连交通大学,2024,江苏,本科批,历史类,（01）,,542,20359,
4140,大连民族大学,2024,江苏,本科批,历史类,（01）,,515,33682,
4152,渤海大学,2024,江苏,本科批,历史类,,,527,27732,
4201,吉林大学,2024,江苏,本科批,历史类,,,613,798,
4201,吉林大学,2024,江苏,本科批,历史类,（04）,,612,2155,
4202,东北师范大学,2024,江苏,本科批,历史类,,,581,4943,
4204,长春大学,2024,江苏,本科批,历史类,,,508,29083,
4206,吉林财经大学,2024,江苏,本科批,历史类,,,540,17538,
4207,长春师范大学,2024,江苏,本科批,历史类,,,513,26805,
4209,长春工程学院,2024,江苏,本科批,历史类,（01）,,446,59863,
4210,吉林建筑大学,2024,江苏,本科批,历史类,（01）,,513,34650,
4210,吉林建筑大学,2024,江苏,本科批,历史类,（02）,,509,36593,
4212,吉林工程技术师范学院,2024,江苏,本科批,历史类,（01）,,497,39375,
4215,吉林师范大学,2024,江苏,本科批,历史类,,,521,20359,
4215,吉林师范大学,2024,江苏,本科批,历史类,（04）,,552,17538,
4220,吉林警察学院,2024,江苏,本科批,历史类,（01）,,531,26371,
4225,吉林农业科技学院,2024,江苏,本科批,历史类,（01）,,507,37499,
4228,吉林医药学院,2024,江苏,本科批,历史类,（01）,,510,34650,
4231,东北电力大学,2024,江苏,本科批,历史类,（01）,,519,31897,
4232,北华大学,2024,江苏,本科批,历史类,（01）,,526,26805,
4232,北华大学,2024,江苏,本科批,历史类,（02）,,536,24138,
4233,通化师范学院,2024,江苏,本科批,历史类,（01）,,509,36096,
4237,吉林工商学院,2024,江苏,本科批,历史类,（01）,,510,33682,
4241,白城师范学院,2024,江苏,本科批,历史类,（01）,,509,36096,
4241,白城师范学院,2024,江苏,本科批,历史类,（03）,,512,35123,
4241,白城师范学院,2024,江苏,本科批,历史类,（02）,,512,35123,
4301,哈尔滨工业大学,2024,江苏,本科批,历史类,（01）,,618,1601,
4302,哈尔滨工程大学,2024,江苏,本科批,历史类,（01）,,586,5138,
4302,哈尔滨工程大学,2024,江苏,本科批,历史类,（02）,,588,6398,
4303,东北林业大学,2024,江苏,本科批,历史类,（01）,,580,7329,
4304,东北农业大学,2024,江苏,本科批,历史类,（01）,,574,8377,
4306,黑龙江工程学院,2024,江苏,本科批,历史类,（01）,,513,34650,
4307,哈尔滨商业大学,2024,江苏,本科批,历史类,（01）,,530,22877,
4309,哈尔滨医科大学,2024,江苏,本科批,历史类,（01）,,556,16019,
4310,黑龙江科技大学,2024,江苏,本科批,历史类,（01）,,517,31428,
4310,黑龙江科技大学,2024,江苏,本科批,历史类,（02）,,520,31428,
4311,黑龙江大学,2024,江苏,本科批,历史类,（03）,,555,13262,
4311,黑龙江大学,2024,江苏,本科批,历史类,（04）,,552,17538,
4312,哈尔滨师范大学,2024,江苏,本科批,历史类,（02）,,521,29546,
4314,牡丹江师范学院,2024,江苏,本科批,历史类,（01）,,510,33212,
4315,哈尔滨金融学院,2024,江苏,本科批,历史类,（01）,,515,31428,
4323,哈尔滨学院,2024,江苏,本科批,历史类,（01）,,514,32754,
4323,哈尔滨学院,2024,江苏,本科批,历史类,（02）,,512,35123,
4324,大庆师范学院,2024,江苏,本科批,历史类,（01）,,502,39855,
4332,齐齐哈尔大学,2024,江苏,本科批,历史类,（01）,,511,34650,
4371,延边大学,2024,江苏,本科批,历史类,（01）,,562,10080,
5101,郑州大学,2024,江苏,本科批,历史类,（01）,,587,5365,
5104,河南工业大学,2024,江苏,本科批,历史类,（01）,,545,17538,
5105,郑州航空工业管理学院,2024,江苏,本科批,历史类,（01）,,523,27265,
5106,郑州轻工业大学,2024,江苏,本科批,历史类,（01）,,536,21615,
5110,河南科技学院,2024,江苏,本科批,历史类,（01）,,516,30977,
5114,河南中医药大学,2024,江苏,本科批,历史类,（01）,,529,27265,
5114,河南中医药大学,2024,江苏,本科批,历史类,（02）,,551,17923,
5117,河南农业大学,2024,江苏,本科批,历史类,（01）,,537,22031,
5118,信阳师范大学,2024,江苏,本科批,历史类,（01）,,517,32754,
5119,河南财经政法大学,2024,江苏,本科批,历史类,（01）,,558,13908,
5122,河南工程学院,2024,江苏,本科批,历史类,（01）,,515,32328,
5122,河南工程学院,2024,江苏,本科批,历史类,（02）,,516,33212,
5125,周口师范学院,2024,江苏,本科批,历史类,（01）,,513,33212,
5125,周口师范学院,2024,江苏,本科批,历史类,（02）,,518,30977,
5131,洛阳理工学院,2024,江苏,本科批,历史类,（01）,,517,31897,
5132,河南科技大学,2024,江苏,本科批,历史类,（01）,,543,20776,
5133,洛阳师范学院,2024,江苏,本科批,历史类,（01）,,518,31428,
5133,洛阳师范学院,2024,江苏,本科批,历史类,（02）,,539,22877,
5134,平顶山学院,2024,江苏,本科批,历史类,（01）,,512,35123,
5134,平顶山学院,2024,江苏,本科批,历史类,（02）,,517,32754,
5141,河南大学,2024,江苏,本科批,历史类,（01）,,570,7859,
5141,河南大学,2024,江苏,本科批,历史类,（03）,,575,9798,
5141,河南大学,2024,江苏,本科批,历史类,（02）,,581,8108,
5151,河南理工大学,2024,江苏,本科批,历史类,（01）,,543,20359,
5153,河南师范大学,2024,江苏,本科批,历史类,（01）,,542,19983,
5153,河南师范大学,2024,江苏,本科批,历史类,（02）,,552,17142,
5162,安阳师范学院,2024,江苏,本科批,历史类,（01）,,517,31428,
5162,安阳师范学院,2024,江苏,本科批,历史类,（02）,,520,31428,
5172,郑州工程技术学院,2024,江苏,本科批,历史类,（01）,,512,35123,
5173,新乡学院,2024,江苏,本科批,历史类,,,504,35617,
5174,许昌学院,2024,江苏,本科批,历史类,（01）,,514,30462,
5181,南阳师范学院,2024,江苏,本科批,历史类,,,487,29083,
5181,南阳师范学院,2024,江苏,本科批,历史类,（04）,,516,33212,
5182,南阳理工学院,2024,江苏,本科批,历史类,,,511,34139,
5191,黄淮学院,2024,江苏,本科批,历史类,（01）,,512,33682,
5193,河南城建学院,2024,江苏,本科批,历史类,（01）,,508,37065,
5198,商丘师范学院,2024,江苏,本科批,历史类,（01）,,514,32328,
5198,商丘师范学院,2024,江苏,本科批,历史类,（03）,,513,34650,
5198,商丘师范学院,2024,江苏,本科批,历史类,（02）,,529,27265,
5201,武汉大学,2024,江苏,本科批,历史类,（02）,,635,445,
5201,武汉大学,2024,江苏,本科批,历史类,（03）,,634,553,
5202,华中科技大学,2024,江苏,本科批,历史类,（01）,,619,1260,
5203,华中师范大学,2024,江苏,本科批,历史类,（01）,,594,2937,
5203,华中师范大学,2024,江苏,本科批,历史类,（02）,,603,3510,
5204,华中农业大学,2024,江苏,本科批,历史类,（01）,,583,6638,
5205,中国地质大学（武汉）,2024,江苏,本科批,历史类,（01）,,589,5561,
5205,中国地质大学（武汉）,2024,江苏,本科批,历史类,（02）,,595,4943,
5206,中南财经政法大学,2024,江苏,本科批,历史类,（03）,,602,1057,
5207,武汉理工大学,2024,江苏,本科批,历史类,（01）,,587,5138,
5208,中南民族大学,2024,江苏,本科批,历史类,（01）,,556,12260,
5208,中南民族大学,2024,江苏,本科批,历史类,（02）,,560,14582,
5209,湖北大学,2024,江苏,本科批,历史类,（01）,,559,13262,
5209,湖北大学,2024,江苏,本科批,历史类,（02）,,521,30977,
5210,湖北美术学院,2024,江苏,本科批,历史类,（01）,,513,25449,
5211,湖北中医药大学,2024,江苏,本科批,历史类,（01）,,535,20359,
5212,武汉纺织大学,2024,江苏,本科批,历史类,（01）,,543,20359,
5213,武汉体育学院,2024,江苏,本科批,历史类,（01）,,512,34139,
5215,武汉工程大学,2024,江苏,本科批,历史类,（01）,,550,16794,
5216,武汉轻工大学,2024,江苏,本科批,历史类,（01）,,538,20776,
5220,湖北第二师范学院,2024,江苏,本科批,历史类,,,496,25449,
5221,湖北经济学院,2024,江苏,本科批,历史类,（01）,,535,21166,
5225,汉江师范学院,2024,江苏,本科批,历史类,（01）,,530,25037,
5243,长江大学,2024,江苏,本科批,历史类,（01）,,547,19125,
5251,三峡大学,2024,江苏,本科批,历史类,（01）,,534,20776,
5261,湖北师范大学,2024,江苏,本科批,历史类,（01）,,547,16794,
5261,湖北师范大学,2024,江苏,本科批,历史类,（02）,,549,18742,
5265,湖北理工学院,2024,江苏,本科批,历史类,（01）,,518,31897,
5271,湖北警官学院,2024,江苏,本科批,历史类,（01）,,542,21615,
5285,荆楚理工学院,2024,江苏,本科批,历史类,（01）,,513,32754,
5287,湖北科技学院,2024,江苏,本科批,历史类,（01）,,512,34139,
5290,湖北文理学院,2024,江苏,本科批,历史类,,,505,27265,
5295,湖北工程学院,2024,江苏,本科批,历史类,（01）,,513,33212,
5301,湖南大学,2024,江苏,本科批,历史类,（01）,,617,1122,
5302,中南大学,2024,江苏,本科批,历史类,（01）,,616,1260,
5303,湖南师范大学,2024,江苏,本科批,历史类,（01）,,585,3681,
5303,湖南师范大学,2024,江苏,本科批,历史类,（03）,,591,5138,
5303,湖南师范大学,2024,江苏,本科批,历史类,（02）,,594,4358,
5305,湖南农业大学,2024,江苏,本科批,历史类,（01）,,540,19543,
5306,湖南工商大学,2024,江苏,本科批,历史类,（01）,,534,18357,
5306,湖南工商大学,2024,江苏,本科批,历史类,（02）,,538,23304,
5307,长沙理工大学,2024,江苏,本科批,历史类,（01）,,546,14231,
5308,长沙学院,2024,江苏,本科批,历史类,（01）,,522,25449,
5308,长沙学院,2024,江苏,本科批,历史类,（03）,,516,33212,
5308,长沙学院,2024,江苏,本科批,历史类,（02）,,524,29546,
5310,湖南人文科技学院,2024,江苏,本科批,历史类,,,488,35123,
5310,湖南人文科技学院,2024,江苏,本科批,历史类,（03）,,512,35123,
5320,湖南财政经济学院,2024,江苏,本科批,历史类,（01）,,526,25910,
5321,湖南科技大学,2024,江苏,本科批,历史类,（01）,,546,18357,
5321,湖南科技大学,2024,江苏,本科批,历史类,（02）,,583,7575,
5322,湖南工程学院,2024,江苏,本科批,历史类,（01）,,510,35617,
5323,湘潭大学,2024,江苏,本科批,历史类,（01）,,572,4190,
5327,湖南工学院,2024,江苏,本科批,历史类,（01）,,510,35617,
5331,中南林业科技大学,2024,江苏,本科批,历史类,（01）,,540,21166,
5332,湖南工业大学,2024,江苏,本科批,历史类,,,533,22031,
5341,南华大学,2024,江苏,本科批,历史类,（01）,,546,18742,
5342,衡阳师范学院,2024,江苏,本科批,历史类,（01）,,516,22877,
5342,衡阳师范学院,2024,江苏,本科批,历史类,（02）,,549,18742,
5343,湖南文理学院,2024,江苏,本科批,历史类,（01）,,513,30977,
5351,湖南理工学院,2024,江苏,本科批,历史类,（01）,,514,27732,
5355,湖南城市学院,2024,江苏,本科批,历史类,（01）,,511,34650,
5361,吉首大学,2024,江苏,本科批,历史类,（01）,,531,24138,
5371,邵阳学院,2024,江苏,本科批,历史类,（01）,,516,32328,
5380,长沙师范学院,2024,江苏,本科批,历史类,（01）,,525,29083,
5381,湘南学院,2024,江苏,本科批,历史类,（01）,,512,33682,
5385,怀化学院,2024,江苏,本科批,历史类,,,515,29991,
5385,怀化学院,2024,江苏,本科批,历史类,（04）,,518,32328,
5391,湖南科技学院,2024,江苏,本科批,历史类,（01）,,512,31897,
5391,湖南科技学院,2024,江苏,本科批,历史类,（02）,,523,29991,
5393,湖南女子学院,2024,江苏,本科批,历史类,（01）,,508,35617,
5401,中山大学,2024,江苏,本科批,历史类,（01）,,628,553,
5401,中山大学,2024,江苏,本科批,历史类,（02）,,627,923,
5402,华南理工大学,2024,江苏,本科批,历史类,（01）,,616,1601,
5404,广东外语外贸大学,2024,江苏,本科批,历史类,（01）,,533,4190,
5404,广东外语外贸大学,2024,江苏,本科批,历史类,（02）,,573,10412,
5405,广东医科大学,2024,江苏,本科批,历史类,（01）,,508,30462,
5407,暨南大学,2024,江苏,本科批,历史类,（01）,,589,4190,
5412,广东金融学院,2024,江苏,本科批,历史类,（01）,,549,18357,
5413,华南师范大学,2024,江苏,本科批,历史类,（01）,,597,4028,
5414,广东财经大学,2024,江苏,本科批,历史类,（01）,,575,9484,
5418,哈尔滨工业大学（深圳）,2024,江苏,本科批,历史类,（01）,,622,1122,
5419,广州大学,2024,江苏,本科批,历史类,（01）,,565,8946,
5420,广州中医药大学,2024,江苏,本科批,历史类,（01）,,550,15274,
5421,汕头大学,2024,江苏,本科批,历史类,（01）,,556,9484,
5422,南方医科大学,2024,江苏,本科批,历史类,（01）,,555,14582,
5423,广州体育学院,2024,江苏,本科批,历史类,（01）,,510,36096,
5437,韶关学院,2024,江苏,本科批,历史类,（01）,,507,37499,
5437,韶关学院,2024,江苏,本科批,历史类,（02）,,509,36593,
5451,深圳大学,2024,江苏,本科批,历史类,（01）,,585,6398,
5461,北师香港浸会大学,2024,江苏,本科批,历史类,（01）,,551,12260,
5477,岭南师范学院,2024,江苏,本科批,历史类,（01）,,513,33682,
5477,岭南师范学院,2024,江苏,本科批,历史类,（02）,,524,29546,
5479,深圳技术大学,2024,江苏,本科批,历史类,（01）,,557,15274,
5504,南宁师范大学,2024,江苏,本科批,历史类,（01）,,526,27265,
5505,玉林师范学院,2024,江苏,本科批,历史类,,,501,33682,
5506,广西艺术学院,2024,江苏,本科批,历史类,（02）,,500,36096,
5510,桂林医科大学,2024,江苏,本科批,历史类,（01）,,527,28204,
5511,广西师范大学,2024,江苏,本科批,历史类,（01）,,541,17538,
5511,广西师范大学,2024,江苏,本科批,历史类,（02）,,549,18742,
5512,桂林理工大学,2024,江苏,本科批,历史类,（01）,,518,29083,
5517,右江民族医学院,2024,江苏,本科批,历史类,（01）,,520,31428,
5518,广西民族师范学院,2024,江苏,本科批,历史类,（01）,,504,38000,
5519,贺州学院,2024,江苏,本科批,历史类,（01）,,507,36593,
5521,桂林航天工业学院,2024,江苏,本科批,历史类,（01）,,521,30977,
5522,桂林旅游学院,2024,江苏,本科批,历史类,,,480,37499,
5527,广西科技师范学院,2024,江苏,本科批,历史类,（01）,,507,37065,
5531,广西科技大学,2024,江苏,本科批,历史类,（01）,,514,34139,
5532,广西民族大学,2024,江苏,本科批,历史类,,,506,23304,
5532,广西民族大学,2024,江苏,本科批,历史类,（03）,,533,25449,
5561,梧州学院,2024,江苏,本科批,历史类,（01）,,507,36096,
5561,梧州学院,2024,江苏,本科批,历史类,（02）,,510,36096,
5601,海南大学,2024,江苏,本科批,历史类,,,546,4751,
5601,海南大学,2024,江苏,本科批,历史类,（06）,,557,15653,
5602,海南师范大学,2024,江苏,本科批,历史类,,,496,20359,
5602,海南师范大学,2024,江苏,本科批,历史类,（05）,,547,19543,
5604,海南热带海洋学院,2024,江苏,本科批,历史类,,,482,34650,
5604,海南热带海洋学院,2024,江苏,本科批,历史类,（03）,,507,37065,
5619,琼台师范学院,2024,江苏,本科批,历史类,（01）,,511,34650,
5619,琼台师范学院,2024,江苏,本科批,历史类,（02）,,517,32754,
6101,四川大学,2024,江苏,本科批,历史类,（02）,,620,990,
6102,西南交通大学,2024,江苏,本科批,历史类,（01）,,583,6168,
6102,西南交通大学,2024,江苏,本科批,历史类,（02）,,592,4358,
6103,西南财经大学,2024,江苏,本科批,历史类,,,587,1426,
6105,西南民族大学,2024,江苏,本科批,历史类,（01）,,561,11302,
6106,成都理工大学,2024,江苏,本科批,历史类,,,549,10994,
6107,成都信息工程大学,2024,江苏,本科批,历史类,（01）,,543,18357,
6108,成都体育学院,2024,江苏,本科批,历史类,（01）,,513,34139,
6109,四川音乐学院,2024,江苏,本科批,历史类,（01）,,512,35123,
6110,西华大学,2024,江苏,本科批,历史类,（01）,,536,22877,
6110,西华大学,2024,江苏,本科批,历史类,（02）,,551,17923,
6112,电子科技大学,2024,江苏,本科批,历史类,（01）,,614,1801,
6114,成都大学,2024,江苏,本科批,历史类,,,537,20359,
6115,四川轻化工大学,2024,江苏,本科批,历史类,（01）,,531,25037,
6117,西昌学院,2024,江苏,本科批,历史类,（01）,,506,38000,
6118,内江师范学院,2024,江苏,本科批,历史类,（01）,,532,25910,
6118,内江师范学院,2024,江苏,本科批,历史类,（02）,,526,28647,
6120,四川警察学院,2024,江苏,本科批,历史类,（01）,,538,23304,
6129,成都师范学院,2024,江苏,本科批,历史类,（01）,,529,25037,
6129,成都师范学院,2024,江苏,本科批,历史类,（02）,,535,24575,
6131,西南科技大学,2024,江苏,本科批,历史类,（01）,,536,22031,
6140,四川师范大学,2024,江苏,本科批,历史类,（01）,,579,7329,
6140,四川师范大学,2024,江苏,本科批,历史类,（03）,,562,13908,
6140,四川师范大学,2024,江苏,本科批,历史类,（02）,,570,10994,
6141,西南石油大学,2024,江苏,本科批,历史类,（01）,,554,16794,
6144,绵阳师范学院,2024,江苏,本科批,历史类,（01）,,512,34139,
6151,乐山师范学院,2024,江苏,本科批,历史类,（01）,,510,34139,
6161,川北医学院,2024,江苏,本科批,历史类,（01）,,512,35123,
6181,宜宾学院,2024,江苏,本科批,历史类,（01）,,513,34650,
6187,攀枝花学院,2024,江苏,本科批,历史类,（01）,,520,31428,
6201,重庆大学,2024,江苏,本科批,历史类,,,618,1426,
6202,西南大学,2024,江苏,本科批,历史类,（01）,,588,3681,
6202,西南大学,2024,江苏,本科批,历史类,（02）,,596,4751,
6203,西南政法大学,2024,江苏,本科批,历史类,,,604,861,
6206,重庆工商大学,2024,江苏,本科批,历史类,（01）,,547,16407,
6207,重庆交通大学,2024,江苏,本科批,历史类,（01）,,545,19125,
6208,重庆理工大学,2024,江苏,本科批,历史类,（01）,,543,19983,
6209,重庆邮电大学,2024,江苏,本科批,历史类,（01）,,551,17923,
6210,重庆师范大学,2024,江苏,本科批,历史类,,,519,17538,
6210,重庆师范大学,2024,江苏,本科批,历史类,（03）,,564,13262,
6211,四川美术学院,2024,江苏,本科批,历史类,（01）,,502,21166,
6212,四川外国语大学,2024,江苏,本科批,历史类,,,530,15274,
6212,四川外国语大学,2024,江苏,本科批,历史类,（05）,,563,13578,
6213,重庆三峡学院,2024,江苏,本科批,历史类,（01）,,516,26371,
6214,长江师范学院,2024,江苏,本科批,历史类,（01）,,526,27732,
6214,长江师范学院,2024,江苏,本科批,历史类,（02）,,507,37499,
6221,重庆科技大学,2024,江苏,本科批,历史类,（01）,,533,25449,
6302,贵州中医药大学,2024,江苏,本科批,历史类,（01）,,529,27265,
6304,贵州财经大学,2024,江苏,本科批,历史类,,,519,26805,
6308,安顺学院,2024,江苏,本科批,历史类,（01）,,509,35123,
6310,黔南民族师范学院,2024,江苏,本科批,历史类,（01）,,506,37065,
6315,贵州工程应用技术学院,2024,江苏,本科批,历史类,（01）,,507,36593,
6316,贵州商学院,2024,江苏,本科批,历史类,,,485,37499,
6317,遵义师范学院,2024,江苏,本科批,历史类,（01）,,517,32754,
6317,遵义师范学院,2024,江苏,本科批,历史类,（02）,,517,32754,
6320,六盘水师范学院,2024,江苏,本科批,历史类,（01）,,507,36096,
6323,贵州警察学院,2024,江苏,本科批,历史类,（01）,,537,23736,
6324,贵阳康养职业大学,2024,江苏,本科批,历史类,（01）,,506,35617,
6401,云南大学,2024,江苏,本科批,历史类,,,580,4752,
6401,云南大学,2024,江苏,本科批,历史类,（03）,,591,5366,
6402,云南师范大学,2024,江苏,本科批,历史类,（01）,,547,18742,
6402,云南师范大学,2024,江苏,本科批,历史类,（03）,,554,16794,
6402,云南师范大学,2024,江苏,本科批,历史类,（02）,,555,14929,
6403,云南艺术学院,2024,江苏,本科批,历史类,（01）,,503,36593,
6404,昆明理工大学,2024,江苏,本科批,历史类,（01）,,544,20359,
6404,昆明理工大学,2024,江苏,本科批,历史类,（02）,,542,20776,
6405,云南农业大学,2024,江苏,本科批,历史类,,,521,22464,
6407,玉溪师范学院,2024,江苏,本科批,历史类,（01）,,520,31428,
6407,玉溪师范学院,2024,江苏,本科批,历史类,（02）,,515,33682,
6408,云南财经大学,2024,江苏,本科批,历史类,（01）,,535,19543,
6409,楚雄师范学院,2024,江苏,本科批,历史类,（01）,,505,38000,
6410,昆明学院,2024,江苏,本科批,历史类,（01）,,516,28647,
6411,大理大学,2024,江苏,本科批,历史类,（01）,,531,25910,
6411,大理大学,2024,江苏,本科批,历史类,（02）,,514,34139,
6413,红河学院,2024,江苏,本科批,历史类,（01）,,507,36593,
6414,云南民族大学,2024,江苏,本科批,历史类,（01）,,531,26371,
6414,云南民族大学,2024,江苏,本科批,历史类,（02）,,530,26805,
6417,曲靖师范学院,2024,江苏,本科批,历史类,（01）,,524,29546,
6419,普洱学院,2024,江苏,本科批,历史类,（01）,,504,38906,
6420,文山学院,2024,江苏,本科批,历史类,（01）,,511,35617,
6501,西藏大学,2024,江苏,本科批,历史类,（01）,,560,14582,
7101,西北大学,2024,江苏,本科批,历史类,（01）,,595,4190,
7102,西北工业大学,2024,江苏,本科批,历史类,（01）,,608,2516,
7103,陕西师范大学,2024,江苏,本科批,历史类,（01）,,591,4943,
7103,陕西师范大学,2024,江苏,本科批,历史类,（02）,,596,4751,
7104,西安交通大学,2024,江苏,本科批,历史类,（01）,,626,861,
7107,长安大学,2024,江苏,本科批,历史类,（01）,,585,6638,
7109,西北政法大学,2024,江苏,本科批,历史类,（01）,,601,2937,
7110,西安工程大学,2024,江苏,本科批,历史类,,,509,18357,
7111,西安财经大学,2024,江苏,本科批,历史类,（01）,,546,19125,
7113,西安石油大学,2024,江苏,本科批,历史类,（01）,,536,23736,
7114,西安医学院,2024,江苏,本科批,历史类,（01）,,526,28647,
7114,西安医学院,2024,江苏,本科批,历史类,（02）,,528,27732,
7115,西安工业大学,2024,江苏,本科批,历史类,（01）,,548,19125,
7117,西安外国语大学,2024,江苏,本科批,历史类,（02）,,551,12260,
7120,西安音乐学院,2024,江苏,本科批,历史类,（01）,,499,41176,
7122,西安文理学院,2024,江苏,本科批,历史类,,,515,31428,
7140,渭南师范学院,2024,江苏,本科批,历史类,,,492,32328,
7141,西北农林科技大学,2024,江苏,本科批,历史类,（01）,,599,3681,
7142,延安大学,2024,江苏,本科批,历史类,（01）,,535,22464,
7142,延安大学,2024,江苏,本科批,历史类,（02）,,542,19983,
7150,陕西学前师范学院,2024,江苏,本科批,历史类,（01）,,510,36096,
7151,陕西科技大学,2024,江苏,本科批,历史类,（01）,,542,21166,
7162,宝鸡文理学院,2024,江苏,本科批,历史类,（01）,,506,33682,
7165,咸阳师范学院,2024,江苏,本科批,历史类,（01）,,480,50085,
7166,商洛学院,2024,江苏,本科批,历史类,（01）,,516,33212,
7167,陕西理工大学,2024,江苏,本科批,历史类,（01）,,530,22464,
7167,陕西理工大学,2024,江苏,本科批,历史类,（03）,,538,23304,
7167,陕西理工大学,2024,江苏,本科批,历史类,（02）,,538,23304,
7201,兰州大学,2024,江苏,本科批,历史类,（01）,,606,2280,
7201,兰州大学,2024,江苏,本科批,历史类,（02）,,605,3225,
7202,兰州理工大学,2024,江苏,本科批,历史类,（01）,,531,23304,
7203,兰州财经大学,2024,江苏,本科批,历史类,（01）,,525,20776,
7204,兰州交通大学,2024,江苏,本科批,历史类,（01）,,537,19543,
7205,西北民族大学,2024,江苏,本科批,历史类,,,507,29546,
7205,西北民族大学,2024,江苏,本科批,历史类,（05）,,538,23304,
7206,甘肃农业大学,2024,江苏,本科批,历史类,（01）,,522,30462,
7207,甘肃政法大学,2024,江苏,本科批,历史类,（01）,,550,14929,
7207,甘肃政法大学,2024,江苏,本科批,历史类,（02）,,551,17142,
7211,陇东学院,2024,江苏,本科批,历史类,（01）,,509,36096,
7214,西北师范大学,2024,江苏,本科批,历史类,（01）,,542,18357,
7214,西北师范大学,2024,江苏,本科批,历史类,（02）,,556,16019,
7216,天水师范大学,2024,江苏,本科批,历史类,（01）,,504,36593,
7216,天水师范大学,2024,江苏,本科批,历史类,（02）,,511,35617,
7218,兰州城市学院,2024,江苏,本科批,历史类,（01）,,510,34650,
7218,兰州城市学院,2024,江苏,本科批,历史类,（03）,,511,35617,
7218,兰州城市学院,2024,江苏,本科批,历史类,（02）,,512,34650,
7219,兰州文理学院,2024,江苏,本科批,历史类,（01）,,514,34139,
7222,兰州石化职业技术大学,2024,江苏,本科批,历史类,（01）,,504,38906,
7302,青海民族大学,2024,江苏,本科批,历史类,（01）,,512,35123,
7302,青海民族大学,2024,江苏,本科批,历史类,（02）,,524,29546,
7303,青海师范大学,2024,江苏,本科批,历史类,（01）,,515,33212,
7304,青海职业技术大学,2024,江苏,本科批,历史类,（01）,,495,43078,
7401,北方民族大学,2024,江苏,本科批,历史类,（01）,,525,25449,
7402,宁夏大学,2024,江苏,本科批,历史类,,,559,9484,
7501,新疆大学,2024,江苏,本科批,历史类,（01）,,580,6168,
7501,新疆大学,2024,江苏,本科批,历史类,（02）,,580,8377,
7502,新疆师范大学,2024,江苏,本科批,历史类,（01）,,520,28647,
7503,新疆农业大学,2024,江苏,本科批,历史类,,,495,30977,
7505,新疆财经大学,2024,江苏,本科批,历史类,（01）,,510,27732,
7505,新疆财经大学,2024,江苏,本科批,历史类,（02）,,509,35617,
7507,昌吉学院,2024,江苏,本科批,历史类,（01）,,500,40717,
7508,新疆艺术学院,2024,江苏,本科批,历史类,（01）,,492,44492,
7511,石河子大学,2024,江苏,本科批,历史类,（01）,,560,13262,
7512,新疆科技学院,2024,江苏,本科批,历史类,（01）,,503,38906,
7513,新疆理工学院,2024,江苏,本科批,历史类,（01）,,502,38453,
7521,伊犁师范大学,2024,江苏,本科批,历史类,（01）,,505,37065,
7521,伊犁师范大学,2024,江苏,本科批,历史类,（03）,,500,40717,
7521,伊犁师范大学,2024,江苏,本科批,历史类,（02）,,512,35123,
7523,新疆和田学院,2024,江苏,本科批,历史类,（01）,,502,37499,
7523,新疆和田学院,2024,江苏,本科批,历史类,（02）,,502,39855,
7526,塔里木大学,2024,江苏,本科批,历史类,（01）,,503,39375,
7529,喀什大学,2024,江苏,本科批,历史类,（01）,,513,32754,
7529,喀什大学,2024,江苏,本科批,历史类,（02）,,515,33682,
7531,新疆政法学院,2024,江苏,本科批,历史类,（01）,,506,36593,
7531,新疆政法学院,2024,江苏,本科批,历史类,（02）,,504,38453,
8001,上海杉达学院,2024,江苏,本科批,历史类,（01）,,487,35123,
8002,上海建桥学院,2024,江苏,本科批,历史类,（01）,,480,45928,
8004,上海视觉艺术学院,2024,江苏,本科批,历史类,（01）,,495,43078,
8005,上海外国语大学贤达经济人文学院,2024,江苏,本科批,历史类,（01）,,478,47825,
8006,上海师范大学天华学院,2024,江苏,本科批,历史类,（01）,,478,48269,
8023,上海立达学院,2024,江苏,本科批,历史类,（01）,,478,36096,
8029,上海中侨职业技术大学,2024,江苏,本科批,历史类,（01）,,478,50966,
8030,浙江万里学院,2024,江苏,本科批,历史类,,,488,37499,
8031,浙江树人学院,2024,江苏,本科批,历史类,（01）,,483,44492,
8032,浙江越秀外国语学院,2024,江苏,本科批,历史类,（01）,,478,46894,
8033,宁波财经学院,2024,江苏,本科批,历史类,（01）,,482,45451,
8036,浙江工业大学之江学院,2024,江苏,本科批,历史类,（01）,,489,45928,
8037,浙江师范大学行知学院,2024,江苏,本科批,历史类,（01）,,485,46414,
8038,宁波大学科学技术学院,2024,江苏,本科批,历史类,（01）,,486,44945,
8042,浙江农林大学暨阳学院,2024,江苏,本科批,历史类,（01）,,492,43538,
8046,绍兴理工学院,2024,江苏,本科批,历史类,（01）,,480,43078,
8048,浙江工商大学杭州商学院,2024,江苏,本科批,历史类,（01）,,488,40293,
8051,浙江财经大学东方学院,2024,江苏,本科批,历史类,（01）,,485,44010,
8052,温州商学院,2024,江苏,本科批,历史类,（01）,,482,46894,
8054,上海财经大学浙江学院,2024,江苏,本科批,历史类,（01）,,491,39375,
8077,浙江广厦建设职业技术大学,2024,江苏,本科批,历史类,（01）,,478,47355,
8080,安徽三联学院,2024,江苏,本科批,历史类,（01）,,482,48269,
8081,安徽新华学院,2024,江苏,本科批,历史类,（01）,,482,48736,
8082,安徽文达信息工程学院,2024,江苏,本科批,历史类,（01）,,482,48269,
8083,安徽外国语学院,2024,江苏,本科批,历史类,（01）,,478,49648,
8084,蚌埠工商学院,2024,江苏,本科批,历史类,（01）,,488,42145,
8087,马鞍山学院,2024,江苏,本科批,历史类,（01）,,490,45451,
8088,合肥城市学院,2024,江苏,本科批,历史类,（01）,,483,47825,
8090,芜湖学院,2024,江苏,本科批,历史类,（01）,,507,37499,
8094,皖江工学院,2024,江苏,本科批,历史类,（01）,,483,46894,
8121,闽南理工学院,2024,江苏,本科批,历史类,（01）,,482,48736,
8124,厦门工学院,2024,江苏,本科批,历史类,（01）,,478,39855,
8125,阳光学院,2024,江苏,本科批,历史类,（01）,,479,50547,
8126,厦门大学嘉庚学院,2024,江苏,本科批,历史类,（01）,,495,37065,
8127,福州大学至诚学院,2024,江苏,本科批,历史类,（01）,,483,46414,
8128,集美大学诚毅学院,2024,江苏,本科批,历史类,（01）,,491,42145,
8130,福州外语外贸学院,2024,江苏,本科批,历史类,（01）,,484,48269,
8132,仰恩大学,2024,江苏,本科批,历史类,（01）,,487,46894,
8170,江西科技学院,2024,江苏,本科批,历史类,（01）,,478,50085,
8171,江西工程学院,2024,江苏,本科批,历史类,（01）,,479,50547,
8172,南昌理工学院,2024,江苏,本科批,历史类,（01）,,482,48736,
8173,江西应用科技学院,2024,江苏,本科批,历史类,（01）,,478,50547,
8175,南昌工学院,2024,江苏,本科批,历史类,,,478,48736,
8176,南昌大学科学技术学院,2024,江苏,本科批,历史类,（01）,,498,33212,
8177,南昌大学共青学院,2024,江苏,本科批,历史类,（01）,,487,43078,
8178,南昌交通学院,2024,江苏,本科批,历史类,（01）,,478,49648,
8180,南昌航空大学科技学院,2024,江苏,本科批,历史类,（01）,,485,43538,
8183,江西农业大学南昌商学院,2024,江苏,本科批,历史类,（01）,,482,40717,
8183,江西农业大学南昌商学院,2024,江苏,本科批,历史类,（02）,,478,50966,
8185,江西师范大学科学技术学院,2024,江苏,本科批,历史类,（01）,,486,44945,
8186,景德镇艺术职业大学,2024,江苏,本科批,历史类,（01）,,478,50547,
8187,南昌应用技术师范学院,2024,江苏,本科批,历史类,（01）,,483,48736,
8188,江西财经大学现代经济管理学院,2024,江苏,本科批,历史类,,,481,43538,
8210,齐鲁医药学院,2024,江苏,本科批,历史类,（01）,,483,42145,
8211,青岛滨海学院,2024,江苏,本科批,历史类,（01）,,478,49204,
8212,烟台南山学院,2024,江苏,本科批,历史类,（01）,,480,49204,
8213,潍坊科技学院,2024,江苏,本科批,历史类,（01）,,486,45451,
8214,山东英才学院,2024,江苏,本科批,历史类,（01）,,478,50547,
8215,青岛恒星科技学院,2024,江苏,本科批,历史类,（01）,,478,48269,
8216,青岛黄海学院,2024,江苏,本科批,历史类,（01）,,487,46414,
8217,山东现代学院,2024,江苏,本科批,历史类,（01）,,479,49648,
8218,山东协和学院,2024,江苏,本科批,历史类,（01）,,483,47825,
8219,烟台理工学院,2024,江苏,本科批,历史类,（01）,,483,47825,
8220,青岛城市学院,2024,江苏,本科批,历史类,,,479,47355,
8223,泰山科技学院,2024,江苏,本科批,历史类,（01）,,478,50085,
8225,青岛工学院,2024,江苏,本科批,历史类,（01）,,483,45451,
8226,青岛农业大学海都学院,2024,江苏,本科批,历史类,（01）,,483,47825,
8227,齐鲁理工学院,2024,江苏,本科批,历史类,（01）,,481,48736,
8228,山东财经大学东方学院,2024,江苏,本科批,历史类,（01）,,486,44010,
8230,烟台科技学院,2024,江苏,本科批,历史类,（01）,,481,48736,
8231,青岛电影学院,2024,江苏,本科批,历史类,（01）,,479,50547,
8260,北京城市学院,2024,江苏,本科批,历史类,（01）,,485,38453,
8262,首都师范大学科德学院,2024,江苏,本科批,历史类,（01）,,478,50966,
8263,北京金融科技学院,2024,江苏,本科批,历史类,（01）,,479,48736,
8264,北京邮电大学世纪学院,2024,江苏,本科批,历史类,（01）,,479,47825,
8265,北京工业大学耿丹学院,2024,江苏,本科批,历史类,（01）,,479,50547,
8290,天津天狮学院,2024,江苏,本科批,历史类,（01）,,478,50966,
8291,天津外国语大学滨海外事学院,2024,江苏,本科批,历史类,（01）,,478,46414,
8292,天津传媒学院,2024,江苏,本科批,历史类,（01）,,482,49204,
8293,天津商业大学宝德学院,2024,江苏,本科批,历史类,,,480,45451,
8294,天津医科大学临床医学院,2024,江苏,本科批,历史类,（01）,,480,49648,
8297,天津理工大学中环信息学院,2024,江苏,本科批,历史类,（01）,,478,50547,
8298,北京科技大学天津学院,2024,江苏,本科批,历史类,（01）,,483,48736,
8299,天津仁爱学院,2024,江苏,本科批,历史类,（01）,,478,48736,
8301,天津财经大学珠江学院,2024,江苏,本科批,历史类,（01）,,482,46894,
8313,河北科技学院,2024,江苏,本科批,历史类,（01）,,478,50547,
8314,河北外国语学院,2024,江苏,本科批,历史类,（02）,,480,50085,
8316,华北理工大学轻工学院,2024,江苏,本科批,历史类,（01）,,478,39855,
8318,河北经贸大学经济管理学院,2024,江苏,本科批,历史类,（01）,,481,49648,
8323,石家庄铁道大学四方学院,2024,江苏,本科批,历史类,（01）,,504,38906,
8324,河北地质大学华信学院,2024,江苏,本科批,历史类,（01）,,496,42608,
8326,保定理工学院,2024,江苏,本科批,历史类,（01）,,478,50547,
8327,燕京理工学院,2024,江苏,本科批,历史类,（01）,,478,46894,
8328,北京中医药大学东方学院,2024,江苏,本科批,历史类,（01）,,478,38906,
8329,沧州交通学院,2024,江苏,本科批,历史类,（01）,,478,49204,
8330,河北东方学院,2024,江苏,本科批,历史类,（01）,,500,40717,
8360,山西应用科技学院,2024,江苏,本科批,历史类,（01）,,478,49648,
8363,晋中信息学院,2024,江苏,本科批,历史类,（01）,,480,48736,
8363,晋中信息学院,2024,江苏,本科批,历史类,（02）,,491,44945,
8364,山西晋中理工学院,2024,江苏,本科批,历史类,（01）,,478,50966,
8366,山西工商学院,2024,江苏,本科批,历史类,（01）,,484,47825,
8379,运城职业技术大学,2024,江苏,本科批,历史类,（01）,,478,50966,
8406,大连科技学院,2024,江苏,本科批,历史类,（01）,,478,50547,
8407,沈阳城市建设学院,2024,江苏,本科批,历史类,（01）,,478,50966,
8408,大连医科大学中山学院,2024,江苏,本科批,历史类,（01）,,478,50547,
8411,大连财经学院,2024,江苏,本科批,历史类,（01）,,479,49204,
8412,沈阳城市学院,2024,江苏,本科批,历史类,（01）,,481,49648,
8417,辽宁师范大学海华学院,2024,江苏,本科批,历史类,（01）,,482,46894,
8440,吉林外国语大学,2024,江苏,本科批,历史类,,,478,39375,
8441,长春光华学院,2024,江苏,本科批,历史类,,,478,43078,
8442,长春工业大学人文信息学院,2024,江苏,本科批,历史类,（01）,,482,49204,
8443,长春电子科技学院,2024,江苏,本科批,历史类,（01）,,501,40293,
8444,长春财经学院,2024,江苏,本科批,历史类,（01）,,478,50966,
8445,吉林建筑科技学院,2024,江苏,本科批,历史类,（01）,,483,48736,
8447,长春科技学院,2024,江苏,本科批,历史类,（01）,,508,37065,
8449,吉林师范大学博达学院,2024,江苏,本科批,历史类,（01）,,479,48736,
8451,长春人文学院,2024,江苏,本科批,历史类,（02）,,478,50966,
8470,黑龙江东方学院,2024,江苏,本科批,历史类,（01）,,478,50966,
8472,黑龙江财经学院,2024,江苏,本科批,历史类,（01）,,478,50547,
8474,哈尔滨广厦学院,2024,江苏,本科批,历史类,（01）,,478,50966,
8475,哈尔滨华德学院,2024,江苏,本科批,历史类,（01）,,481,49648,
8501,黄河科技学院,2024,江苏,本科批,历史类,（01）,,482,48736,
8502,郑州科技学院,2024,江苏,本科批,历史类,（01）,,484,44945,
8504,郑州财经学院,2024,江苏,本科批,历史类,（01）,,503,38000,
8508,郑州工商学院,2024,江苏,本科批,历史类,（01）,,484,47825,
8509,郑州经贸学院,2024,江苏,本科批,历史类,（01）,,480,49204,
8510,郑州商学院,2024,江苏,本科批,历史类,（01）,,488,45451,
8518,郑州西亚斯学院,2024,江苏,本科批,历史类,（01）,,482,49204,
8550,武汉东湖学院,2024,江苏,本科批,历史类,（01）,,479,48736,
8551,汉口学院,2024,江苏,本科批,历史类,（01）,,478,50966,
8552,武昌首义学院,2024,江苏,本科批,历史类,（01）,,481,47355,
8553,武昌理工学院,2024,江苏,本科批,历史类,（01）,,482,46894,
8554,武汉生物工程学院,2024,江苏,本科批,历史类,（01）,,482,48736,
8555,武汉晴川学院,2024,江苏,本科批,历史类,（01）,,478,50966,
8556,湖北大学知行学院,2024,江苏,本科批,历史类,,,482,40293,
8557,武汉城市学院,2024,江苏,本科批,历史类,（01）,,479,48736,
8558,三峡大学科技学院,2024,江苏,本科批,历史类,（01）,,484,43538,
8559,湖北工业大学工程技术学院,2024,江苏,本科批,历史类,（01）,,478,50547,
8560,武汉工程大学邮电与信息工程学院,2024,江苏,本科批,历史类,（01）,,478,50966,
8561,武汉纺织大学外经贸学院,2024,江苏,本科批,历史类,（01）,,478,46894,
8562,武昌工学院,2024,江苏,本科批,历史类,（01）,,478,50547,
8563,武汉工商学院,2024,江苏,本科批,历史类,（01）,,479,48736,
8565,长江大学文理学院,2024,江苏,本科批,历史类,（01）,,490,44945,
8570,湖北经济学院法商学院,2024,江苏,本科批,历史类,（01）,,480,49648,
8571,武汉体育学院体育科技学院,2024,江苏,本科批,历史类,（01）,,478,34650,
8572,湖北文理学院理工学院,2024,江苏,本科批,历史类,（01）,,478,50547,
8573,文华学院,2024,江苏,本科批,历史类,（01）,,478,46894,
8574,武汉工程科技学院,2024,江苏,本科批,历史类,（01）,,479,50547,
8575,武汉华夏理工学院,2024,江苏,本科批,历史类,（01）,,478,48736,
8576,武汉传媒学院,2024,江苏,本科批,历史类,（01）,,482,47355,
8577,武汉设计工程学院,2024,江苏,本科批,历史类,（01）,,480,50085,
8601,长沙医学院,2024,江苏,本科批,历史类,（01）,,479,49648,
8602,湖南涉外经济学院,2024,江苏,本科批,历史类,（01）,,478,45928,
8604,湖南工业大学科技学院,2024,江苏,本科批,历史类,（01）,,483,45928,
8605,湖南科技大学潇湘学院,2024,江苏,本科批,历史类,（01）,,494,43538,
8606,南华大学船山学院,2024,江苏,本科批,历史类,（01）,,480,50085,
8607,湘潭理工学院,2024,江苏,本科批,历史类,（01）,,478,49648,
8609,常德学院,2024,江苏,本科批,历史类,（01）,,494,43538,
8610,岳阳学院,2024,江苏,本科批,历史类,（01）,,482,48269,
8613,张家界学院,2024,江苏,本科批,历史类,（01）,,482,47355,
8614,长沙理工大学城南学院,2024,江苏,本科批,历史类,（01）,,491,41642,
8620,中南林业科技大学涉外学院,2024,江苏,本科批,历史类,（01）,,485,47355,
8640,广东白云学院,2024,江苏,本科批,历史类,（01）,,481,49648,
8641,电子科技大学中山学院,2024,江苏,本科批,历史类,（01）,,478,40293,
8643,广州城市理工学院,2024,江苏,本科批,历史类,（01）,,479,49648,
8645,广州南方学院,2024,江苏,本科批,历史类,（01）,,519,31897,
8646,广东外语外贸大学南国商学院,2024,江苏,本科批,历史类,（01）,,479,44945,
8650,珠海科技学院,2024,江苏,本科批,历史类,（01）,,490,37499,
8652,东莞城市学院,2024,江苏,本科批,历史类,（01）,,481,49648,
8661,广州华立学院,2024,江苏,本科批,历史类,（01）,,478,50966,
8665,广州新华学院,2024,江苏,本科批,历史类,（01）,,481,42608,
8668,广东理工学院,2024,江苏,本科批,历史类,（01）,,479,50547,
8710,南宁学院,2024,江苏,本科批,历史类,（01）,,478,50966,
8714,桂林学院,2024,江苏,本科批,历史类,（01）,,478,38000,
8741,三亚学院,2024,江苏,本科批,历史类,,,478,42608,
8760,成都东软学院,2024,江苏,本科批,历史类,（01）,,479,50085,
8761,电子科技大学成都学院,2024,江苏,本科批,历史类,（01）,,483,47355,
8762,成都理工大学工程技术学院,2024,江苏,本科批,历史类,（01）,,481,49204,
8763,四川传媒学院,2024,江苏,本科批,历史类,（01）,,478,50966,
8764,成都银杏酒店管理学院,2024,江苏,本科批,历史类,（01）,,478,50966,
8765,成都文理学院,2024,江苏,本科批,历史类,（01）,,482,49204,
8766,四川工商学院,2024,江苏,本科批,历史类,（01）,,494,43538,
8767,成都外国语学院,2024,江苏,本科批,历史类,（01）,,478,47825,
8769,成都锦城学院,2024,江苏,本科批,历史类,（01）,,495,38000,
8770,西南财经大学天府学院,2024,江苏,本科批,历史类,,,484,46414,
8771,四川大学锦江学院,2024,江苏,本科批,历史类,（01）,,490,45451,
8772,四川文化艺术学院,2024,江苏,本科批,历史类,（01）,,478,50966,
8774,西南交通大学希望学院,2024,江苏,本科批,历史类,（01）,,483,39855,
8775,四川电影电视学院,2024,江苏,本科批,历史类,（01）,,482,49204,
8801,重庆城市科技学院,2024,江苏,本科批,历史类,（01）,,478,49204,
8801,重庆城市科技学院,2024,江苏,本科批,历史类,（02）,,487,46894,
8802,重庆外语外事学院,2024,江苏,本科批,历史类,（01）,,488,38906,
8803,重庆对外经贸学院,2024,江苏,本科批,历史类,（01）,,480,49204,
8804,重庆财经学院,2024,江苏,本科批,历史类,（01）,,490,42145,
8805,重庆工商大学派斯学院,2024,江苏,本科批,历史类,（01）,,484,47825,
8806,重庆移通学院,2024,江苏,本科批,历史类,,,478,48269,
8808,重庆人文科技学院,2024,江苏,本科批,历史类,（01）,,479,49648,
8841,贵阳人文科技学院,2024,江苏,本科批,历史类,（01）,,478,41176,
8849,贵阳信息科技学院,2024,江苏,本科批,历史类,（01）,,478,50547,
8870,滇池学院,2024,江苏,本科批,历史类,（01）,,478,49204,
8871,丽江文化旅游学院,2024,江苏,本科批,历史类,（01）,,478,42145,
8872,昆明城市学院,2024,江苏,本科批,历史类,（01）,,478,50085,
8873,昆明医科大学海源学院,2024,江苏,本科批,历史类,（01）,,479,41176,
8874,昆明传媒学院,2024,江苏,本科批,历史类,（01）,,479,50547,
8875,昆明文理学院,2024,江苏,本科批,历史类,（01）,,482,49204,
8876,昆明理工大学津桥学院,2024,江苏,本科批,历史类,（01）,,480,50085,
8901,西安培华学院,2024,江苏,本科批,历史类,（01）,,479,47355,
8902,西安欧亚学院,2024,江苏,本科批,历史类,（01）,,478,50547,
8903,西安外事学院,2024,江苏,本科批,历史类,（01）,,478,48736,
8904,西安翻译学院,2024,江苏,本科批,历史类,（01）,,478,44010,
8905,西京学院,2024,江苏,本科批,历史类,（01）,,496,42608,
8906,西安思源学院,2024,江苏,本科批,历史类,（01）,,478,49648,
8910,西安交通大学城市学院,2024,江苏,本科批,历史类,（01）,,482,45928,
8912,西安建筑科技大学华清学院,2024,江苏,本科批,历史类,（01）,,480,49204,
8913,西安财经大学行知学院,2024,江苏,本科批,历史类,（01）,,478,48736,
8914,西安工商学院,2024,江苏,本科批,历史类,（01）,,478,50966,
8916,西安明德理工学院,2024,江苏,本科批,历史类,（01）,,482,49204,
8918,西安科技大学高新学院,2024,江苏,本科批,历史类,（01）,,490,45451,
8940,兰州工商学院,2024,江苏,本科批,历史类,（01）,,480,44945,
8970,宁夏理工学院,2024,江苏,本科批,历史类,（01）,,478,43538,
8971,宁夏大学新华学院,2024,江苏,本科批,历史类,（01）,,479,50547,
8972,银川能源学院,2024,江苏,本科批,历史类,（01）,,479,50547,
9112,香港珠海学院,2024,江苏,本科批,历史类,（01）,,517,30462,
1108,南京师范大学,2024,江苏,本科提前批,历史类,,,583,2031,
1111,南京邮电大学,2024,江苏,本科提前批,历史类,（01）,,562,11624,
1131,江苏第二师范学院,2024,江苏,本科提前批,历史类,（01）,,543,8946,
1131,江苏第二师范学院,2024,江苏,本科提前批,历史类,（03）,,551,17923,
1131,江苏第二师范学院,2024,江苏,本科提前批,历史类,（02）,,554,16794,
1133,南京特殊教育师范学院,2024,江苏,本科提前批,历史类,（01）,,546,7859,
1301,南通大学,2024,江苏,本科提前批,历史类,（01）,,550,5365,
1341,淮阴师范学院,2024,江苏,本科提前批,历史类,（01）,,551,14582,
1341,淮阴师范学院,2024,江苏,本科提前批,历史类,（02）,,565,12898,
1362,盐城师范学院,2024,江苏,本科提前批,历史类,（01）,,554,3510,
1362,盐城师范学院,2024,江苏,本科提前批,历史类,（02）,,553,4358,
1381,扬州大学,2024,江苏,本科提前批,历史类,,,567,7092,
1381,扬州大学,2024,江苏,本科提前批,历史类,（03）,,578,8946,
1421,泰州学院,2024,江苏,本科提前批,历史类,（01）,,551,7329,
201,中国人民公安大学,2024,江苏,本科提前批,历史类,,,607,144,
202,中国刑事警察学院,2024,江苏,本科提前批,历史类,,,577,923,
2309,安徽师范大学,2024,江苏,本科提前批,历史类,（02）,,573,,
2510,江西师范大学,2024,江苏,本科提前批,历史类,（01）,,566,12572,
307,中国消防救援学院,2024,江苏,本科提前批,历史类,（02）,,627,923,
3119,对外经济贸易大学,2024,江苏,本科提前批,历史类,（01）,,606,1801,
3204,天津师范大学,2024,江苏,本科提前批,历史类,（01）,,571,10994,
4311,黑龙江大学,2024,江苏,本科提前批,历史类,,,534,19125,
6201,重庆大学,2024,江苏,本科提前批,历史类,（01）,,599,4190,
6421,云南警官学院,2024,江苏,本科提前批,历史类,（01）,,610,2516,
7117,西安外国语大学,2024,江苏,本科提前批,历史类,（01）,,548,15274,
7117,西安外国语大学,2024,江苏,艺术类本科批,历史类,,,514,34139,
,郑州美术学院,2024,江苏,艺术类本科提前批,历史类,,,460,56338,
1108,南京师范大学,2024,江苏,高校专项计划批次,历史类,（41）,,597,2937,
1108,南京师范大学,2024,江苏,高校专项计划批次,历史类,（42）,,599,3067,
6401,云南大学,2024,江苏,高校专项计划批次,历史类,（L政）,,578,8946,
7103,陕西师范大学,2024,江苏,高校专项计划批次,历史类,（L不限）,,575,8108,
6203,西南政法大学,2024,江苏,高校专项计划本科批,历史类,（L不限）,,610,1802,
1150,江苏海事职业技术学院,2024,江苏,专科批,物理类,,,446,170310,
1152,南京交通职业技术学院,2024,江苏,专科批,物理类,,,448,164623,
1153,南京科技职业学院,2024,江苏,专科批,物理类,,,445,173584,
1154,南京信息职业技术学院,2024,江苏,专科批,物理类,,,452,157611,
1155,南京铁道职业技术学院,2024,江苏,专科批,物理类,,,454,148964,
1156,江苏经贸职业技术学院,2024,江苏,专科批,物理类,,,447,171387,
1158,江苏卫生健康职业学院,2024,江苏,专科批,物理类,,,339,101147,
1159,南京机电职业技术学院,2024,江苏,专科批,物理类,（02）,,455,187958,
1160,南京旅游职业学院,2024,江苏,专科批,物理类,,,434,180999,
1161,江苏司法警官职业学院,2024,江苏,专科批,物理类,,,420,143833,
1171,江苏城市职业学院,2024,江苏,专科批,物理类,（02）,,433,202685,
1172,南京城市职业学院,2024,江苏,专科批,物理类,,,447,182987,
1210,江苏信息职业技术学院,2024,江苏,专科批,物理类,,,431,171387,
1211,无锡职业技术大学,2024,江苏,专科批,物理类,,,452,173584,
1212,无锡商业职业技术学院,2024,江苏,专科批,物理类,,,443,176812,
1213,无锡科技职业学院,2024,江苏,专科批,物理类,,,429,175746,
1214,无锡城市职业技术学院,2024,江苏,专科批,物理类,,,429,180999,
1215,无锡工艺职业技术学院,2024,江苏,专科批,物理类,,,426,190615,
1216,江阴职业技术学院,2024,江苏,专科批,物理类,,,414,188867,
1217,无锡师范高等专科学校,2024,江苏,专科批,物理类,,,399,170310,
1230,江苏建筑职业技术学院,2024,江苏,专科批,物理类,,,391,177856,
1231,徐州工业职业技术学院,2024,江苏,专科批,物理类,,,418,181983,
1232,徐州幼儿师范高等专科学校,2024,江苏,专科批,物理类,,,373,225310,
1233,徐州生物工程职业技术学院,2024,江苏,专科批,物理类,,,414,185002,
1234,江苏安全技术职业学院,2024,江苏,专科批,物理类,,,399,190615,
1250,常州信息职业技术学院,2024,江苏,专科批,物理类,,,447,163468,
1251,常州纺织服装职业技术学院,2024,江苏,专科批,物理类,,,408,188867,
1252,常州工程职业技术学院,2024,江苏,专科批,物理类,,,432,186046,
1253,常州工业职业技术学院,2024,江苏,专科批,物理类,,,410,181983,
1254,常州机电职业技术学院,2024,江苏,专科批,物理类,,,434,170310,
1255,江苏城乡建设职业学院,2024,江苏,专科批,物理类,,,388,186998,
1256,常州幼儿师范高等专科学校,2024,江苏,专科批,物理类,（02）,,395,212366,
1271,苏州工艺美术职业技术学院,2024,江苏,专科批,物理类,（01）,,435,208734,
1272,苏州农业职业技术学院,2024,江苏,专科批,物理类,,,437,189747,
1273,苏州工业职业技术学院,2024,江苏,专科批,物理类,,,446,174679,
1274,苏州经贸职业技术学院,2024,江苏,专科批,物理类,,,444,172470,
1275,苏州卫生职业技术学院,2024,江苏,专科批,物理类,,,439,126937,
1276,苏州工业园区服务外包职业学院,2024,江苏,专科批,物理类,,,433,184006,
1277,苏州信息职业技术学院,2024,江苏,专科批,物理类,,,437,176812,
1278,沙洲职业工学院,2024,江苏,专科批,物理类,（02）,,419,208072,
1279,苏州健雄职业技术学院,2024,江苏,专科批,物理类,,,390,181983,
1290,苏州幼儿师范高等专科学校,2024,江苏,专科批,物理类,,,418,180999,
1310,南通职业大学,2024,江苏,专科批,物理类,,,430,188867,
1311,江苏航运职业技术学院,2024,江苏,专科批,物理类,,,422,187958,
1312,江苏工程职业技术学院,2024,江苏,专科批,物理类,,,417,190615,
1313,南通科技职业学院,2024,江苏,专科批,物理类,,,418,188867,
1314,江苏商贸职业学院,2024,江苏,专科批,物理类,,,406,186046,
1315,南通师范高等专科学校,2024,江苏,专科批,物理类,,,362,185002,
1330,连云港师范学院,2024,江苏,专科批,物理类,（02）,,376,226303,
1330,连云港师范学院,2024,江苏,专科批,物理类,,,399,192364,
1331,连云港职业技术学院,2024,江苏,专科批,物理类,,,388,184006,
1332,江苏财会职业学院,2024,江苏,专科批,物理类,,,384,185002,
1350,江苏电子信息职业学院,2024,江苏,专科批,物理类,,,404,187958,
1351,江苏食品药品职业技术学院,2024,江苏,专科批,物理类,,,395,174679,
1352,江苏财经职业技术学院,2024,江苏,专科批,物理类,,,401,187958,
1353,江苏护理职业学院,2024,江苏,专科批,物理类,,,428,94704,
1370,盐城工业职业技术学院,2024,江苏,专科批,物理类,,,400,192364,
1371,江苏医药职业学院,2024,江苏,专科批,物理类,,,408,113931,
1372,盐城幼儿师范高等专科学校,2024,江苏,专科批,物理类,,,373,186046,
1373,盐城农业科技职业学院,2024,江苏,专科批,物理类,（02）,,363,230632,
1390,扬州职业技术大学,2024,江苏,专科批,物理类,,,425,173584,
1392,扬州工业职业技术学院,2024,江苏,专科批,物理类,,,425,188867,
1394,江苏旅游职业学院,2024,江苏,专科批,物理类,,,398,184006,
1410,镇江市高等专科学校,2024,江苏,专科批,物理类,,,410,174679,
1411,江苏农林职业技术学院,2024,江苏,专科批,物理类,,,403,172470,
1412,江苏航空职业技术学院,2024,江苏,专科批,物理类,（02）,,386,212890,
1427,宿迁幼儿师范高等专科学校,2024,江苏,专科批,物理类,（02）,,337,187958,
1431,泰州职业技术学院,2024,江苏,专科批,物理类,,,419,188867,
1431,泰州职业技术学院,2024,江苏,专科批,物理类,（04）,,467,182987,
1432,江苏农牧科技职业学院,2024,江苏,专科批,物理类,,,406,180999,
1950,钟山职业技术学院,2024,江苏,专科批,物理类,,,347,193256,
1951,正德职业技术学院,2024,江苏,专科批,物理类,,,334,196677,
1952,金肯职业技术学院,2024,江苏,专科批,物理类,（02）,,332,234743,
1954,南京视觉艺术职业学院,2024,江苏,专科批,物理类,（02）,,366,220739,
1957,无锡南洋职业技术学院,2024,江苏,专科批,物理类,（02）,,329,233054,
1958,江南影视艺术职业学院,2024,江苏,专科批,物理类,,,293,197472,
1959,太湖创意职业技术学院,2024,江苏,专科批,物理类,,,363,192364,
1962,九州职业技术学院,2024,江苏,专科批,物理类,,,292,223167,
1965,建东职业技术学院,2024,江苏,专科批,物理类,（02）,,307,238560,
1968,苏州工业园区职业技术学院,2024,江苏,专科批,物理类,（02）,,355,224233,
1970,苏州高博职业学院,2024,江苏,专科批,物理类,（02）,,330,235739,
1971,苏州百年职业学院,2024,江苏,专科批,物理类,（02）,,220,239404,
1973,昆山登云科技职业学院,2024,江苏,专科批,物理类,（02）,,269,237181,
1974,硅湖职业技术学院,2024,江苏,专科批,物理类,（02）,,247,230858,
1982,炎黄职业技术学院,2024,江苏,专科批,物理类,（02）,,220,240842,
1985,明达职业技术学院,2024,江苏,专科批,物理类,（02）,,220,231536,
1988,江海职业技术学院,2024,江苏,专科批,物理类,,,220,196677,
1989,扬州中瑞酒店职业学院,2024,江苏,专科批,物理类,（02）,,224,241249,
1991,金山职业技术学院,2024,江苏,专科批,物理类,（02）,,220,244776,
1996,宿迁职业技术学院,2024,江苏,专科批,物理类,（02）,,243,239708,
1997,宿迁泽达职业技术学院,2024,江苏,专科批,物理类,（02）,,222,209354,
2132,上海出版印刷高等专科学校,2024,江苏,专科批,物理类,（02）,,447,190615,
2134,上海旅游高等专科学校,2024,江苏,专科批,物理类,（02）,,428,190615,
2138,上海电子信息职业技术学院,2024,江苏,专科批,物理类,（02）,,449,198255,
2146,上海工艺美术职业学院,2024,江苏,专科批,物理类,（02）,,444,191482,
2149,上海科学技术职业学院,2024,江苏,专科批,物理类,（02）,,432,195804,
2150,上海农林职业技术学院,2024,江苏,专科批,物理类,（02）,,426,210610,
2154,上海交通职业技术学院,2024,江苏,专科批,物理类,（02）,,440,198255,
2155,上海城建职业学院,2024,江苏,专科批,物理类,（02）,,442,194115,
2166,上海行健职业学院,2024,江苏,专科批,物理类,（02）,,445,201286,
2167,上海民航职业技术学院,2024,江苏,专科批,物理类,,,439,193256,
2170,上海现代化工职业学院,2024,江苏,专科批,物理类,（01）,,398,221165,
2171,上海科创职业技术学院,2024,江苏,专科批,物理类,（01）,,425,187958,
2172,上海闵行职业技术学院,2024,江苏,专科批,物理类,（02）,,422,187958,
2173,上海建设管理职业技术学院,2024,江苏,专科批,物理类,（01）,,393,217528,
2174,上海浦东职业技术学院,2024,江苏,专科批,物理类,（02）,,422,212890,
2217,浙江经贸职业技术学院,2024,江苏,专科批,物理类,（02）,,447,189747,
2226,浙江邮电职业技术学院,2024,江苏,专科批,物理类,（01）,,442,195804,
2238,浙江国际海运职业技术学院,2024,江苏,专科批,物理类,（02）,,424,204093,
2247,浙江交通职业技术学院,2024,江苏,专科批,物理类,（01）,,429,204758,
2253,浙江金融职业学院,2024,江苏,专科批,物理类,（02）,,454,179916,
2260,浙江建设职业技术学院,2024,江苏,专科批,物理类,（02）,,433,205447,
2317,安徽电气工程职业技术学院,2024,江苏,专科批,物理类,（01）,,444,202018,
2323,安徽新闻出版职业技术学院,2024,江苏,专科批,物理类,（01）,,377,225966,
2329,安徽审计职业学院,2024,江苏,专科批,物理类,（02）,,447,198255,
2337,合肥通用职业技术学院,2024,江苏,专科批,物理类,（02）,,422,199034,
2344,安徽工业经济职业技术学院,2024,江苏,专科批,物理类,（02）,,423,210610,
2357,马鞍山职业技术学院,2024,江苏,专科批,物理类,（02）,,398,217053,
2363,安徽冶金科技职业学院,2024,江苏,专科批,物理类,（02）,,405,218956,
2379,安徽粮食工程职业学院,2024,江苏,专科批,物理类,（02）,,435,208734,
2384,安徽卫生健康职业学院,2024,江苏,专科批,物理类,（02）,,426,214001,
2385,滁州城市职业学院,2024,江苏,专科批,物理类,（02）,,402,224582,
2386,阜阳职业技术学院,2024,江苏,专科批,物理类,（02）,,444,201286,
2416,福建船政交通职业学院,2024,江苏,专科批,物理类,（01）,,381,208072,
2417,厦门海洋职业技术学院,2024,江苏,专科批,物理类,（01）,,401,209354,
2436,泉州经贸职业技术学院,2024,江苏,专科批,物理类,（02）,,371,231757,
2455,福州墨尔本理工职业学院,2024,江苏,专科批,物理类,（02）,,374,231076,
2502,华东交通大学,2024,江苏,专科批,物理类,（08）,,469,174679,
2511,江西水利电力大学,2024,江苏,专科批,物理类,,,432,209354,
2518,江西制造职业技术学院,2024,江苏,专科批,物理类,（01）,,395,187958,
2519,江西电力职业技术学院,2024,江苏,专科批,物理类,（02）,,450,195804,
2520,江西信息应用职业技术学院,2024,江苏,专科批,物理类,（02）,,435,208734,
2525,江西现代职业技术学院,2024,江苏,专科批,物理类,（02）,,399,222764,
2533,江西应用技术职业学院,2024,江苏,专科批,物理类,（02）,,431,211193,
2541,东华理工大学,2024,江苏,专科批,物理类,（03）,,443,203372,
2545,赣州师范高等专科学校,2024,江苏,专科批,物理类,（02）,,383,229005,
2562,江西财经职业学院,2024,江苏,专科批,物理类,（02）,,424,211779,
2563,江西职业技术大学,2024,江苏,专科批,物理类,（02）,,421,209984,
2564,江西建设职业技术学院,2024,江苏,专科批,物理类,（02）,,379,228459,
2565,江西交通职业技术学院,2024,江苏,专科批,物理类,（02）,,398,219875,
2567,九江职业大学,2024,江苏,专科批,物理类,（02）,,401,223880,
2569,江西机电职业技术学院,2024,江苏,专科批,物理类,（02）,,383,227869,
2576,江西工程职业学院,2024,江苏,专科批,物理类,（02）,,384,229556,
2578,吉安职业技术学院,2024,江苏,专科批,物理类,（02）,,373,231977,
2580,赣州职业技术学院,2024,江苏,专科批,物理类,（02）,,382,230366,
2584,江西婺源茶业职业学院,2024,江苏,专科批,物理类,（02）,,371,232410,
2593,江西工业工程职业技术学院,2024,江苏,专科批,物理类,（02）,,382,230632,
2597,江西农业工程职业学院,2024,江苏,专科批,物理类,（02）,,405,214537,
2616,山东交通职业学院,2024,江苏,专科批,物理类,（01）,,428,205447,
2618,山东胜利职业学院,2024,江苏,专科批,物理类,（02）,,377,229293,
2636,山东畜牧兽医职业学院,2024,江苏,专科批,物理类,（02）,,415,219435,
2639,东营职业学院,2024,江苏,专科批,物理类,（02）,,406,223167,
2640,青岛港湾职业技术学院,2024,江苏,专科批,物理类,（02）,,441,194963,
2644,聊城职业技术学院,2024,江苏,专科批,物理类,（02）,,414,219875,
2646,山东职业学院,2024,江苏,专科批,物理类,,,418,192364,
2647,日照职业技术学院,2024,江苏,专科批,物理类,（02）,,422,207482,
2658,济南工程职业技术学院,2024,江苏,专科批,物理类,（01）,,399,225310,
2659,山东水利职业学院,2024,江苏,专科批,物理类,（02）,,404,219435,
2665,枣庄科技职业学院,2024,江苏,专科批,物理类,（02）,,386,228459,
2685,滨州职业学院,2024,江苏,专科批,物理类,,,424,212890,
2686,威海职业学院,2024,江苏,专科批,物理类,,,423,212366,
2717,泰山职业技术学院,2024,江苏,专科批,物理类,,,422,205447,
2719,威海海洋职业学院,2024,江苏,专科批,物理类,（02）,,391,224582,
2756,山东化工职业学院,2024,江苏,专科批,物理类,（02）,,400,224582,
2758,潍坊工程职业学院,2024,江苏,专科批,物理类,,,423,200568,
2759,山东信息职业技术学院,2024,江苏,专科批,物理类,（02）,,445,195804,
306,中国民用航空飞行学院,2024,江苏,专科批,物理类,（07）,,478,171387,
3168,北京工业职业技术学院,2024,江苏,专科批,物理类,（02）,,457,192364,
3178,北京科技职业大学,2024,江苏,专科批,物理类,（01）,,448,196677,
3219,天津生物工程职业技术学院,2024,江苏,专科批,物理类,（01）,,426,214001,
3220,天津商务职业学院,2024,江苏,专科批,物理类,（02）,,362,216099,
3224,天津市职业大学,2024,江苏,专科批,物理类,（02）,,447,193256,
3226,天津交通职业学院,2024,江苏,专科批,物理类,（02）,,428,211779,
3227,天津轻工职业技术学院,2024,江苏,专科批,物理类,（01）,,448,199787,
3231,天津警察学院,2024,江苏,专科批,物理类,（02）,,444,202685,
3232,天津石油职业技术学院,2024,江苏,专科批,物理类,（02）,,412,220739,
3234,天津现代职业技术学院,2024,江苏,专科批,物理类,（02）,,437,207482,
3235,天津电子信息职业技术学院,2024,江苏,专科批,物理类,（01）,,441,204758,
3237,天津海运职业学院,2024,江苏,专科批,物理类,（02）,,413,218017,
3238,天津铁道职业技术学院,2024,江苏,专科批,物理类,（02）,,435,190615,
3239,天津城市职业学院,2024,江苏,专科批,物理类,（01）,,413,220321,
3241,天津国土资源和房屋职业学院,2024,江苏,专科批,物理类,（02）,,392,227869,
3243,天津工业职业学院,2024,江苏,专科批,物理类,（02）,,404,220321,
3244,天津城市建设管理职业技术学院,2024,江苏,专科批,物理类,（02）,,385,229847,
3309,石家庄邮电职业技术学院,2024,江苏,专科批,物理类,,,474,147674,
3323,秦皇岛职业技术学院,2024,江苏,专科批,物理类,（01）,,423,215586,
3324,河北能源职业技术学院,2024,江苏,专科批,物理类,（02）,,381,230858,
3329,河北交通职业技术学院,2024,江苏,专科批,物理类,（02）,,394,216596,
3330,河北对外经贸职业学院,2024,江苏,专科批,物理类,（02）,,375,231291,
3354,河北轨道运输职业技术学院,2024,江苏,专科批,物理类,（02）,,437,205447,
3355,廊坊职业技术学院,2024,江苏,专科批,物理类,（02）,,381,230366,
3360,石家庄铁路职业技术学院,2024,江苏,专科批,物理类,（02）,,428,204758,
3369,唐山幼儿师范高等专科学校,2024,江苏,专科批,物理类,（02）,,367,233820,
3376,河北化工医药职业技术学院,2024,江苏,专科批,物理类,（02）,,381,224582,
3379,河北科技工程职业技术大学,2024,江苏,专科批,物理类,（03）,,399,220739,
3381,秦皇岛工业职业技术学院,2024,江苏,专科批,物理类,（02）,,363,231977,
3425,山西职业技术学院,2024,江苏,专科批,物理类,（02）,,383,228459,
3435,临汾职业技术学院,2024,江苏,专科批,物理类,（02）,,374,232189,
3518,包头铁道职业技术学院,2024,江苏,专科批,物理类,（02）,,406,223167,
3522,扎兰屯职业学院,2024,江苏,专科批,物理类,（02）,,337,231291,
4155,渤海船舶职业学院,2024,江苏,专科批,物理类,,,411,216099,
4163,辽宁省交通高等专科学校,2024,江苏,专科批,物理类,（02）,,410,221165,
4218,吉林工业职业技术学院,2024,江苏,专科批,物理类,（02）,,411,221165,
4221,长春金融高等专科学校,2024,江苏,专科批,物理类,（02）,,400,195804,
4244,吉林司法警官职业学院,2024,江苏,专科批,物理类,（02）,,401,221580,
4245,吉林电子信息职业技术学院,2024,江苏,专科批,物理类,（02）,,399,225642,
4247,白城职业技术学院,2024,江苏,专科批,物理类,（02）,,384,230123,
4249,长春职业技术大学,2024,江苏,专科批,物理类,（02）,,374,232410,
4286,长春医学高等专科学校,2024,江苏,专科批,物理类,（02）,,423,215586,
4316,哈尔滨电力职业技术学院,2024,江苏,专科批,物理类,（01）,,429,204758,
4317,哈尔滨铁道职业技术学院,2024,江苏,专科批,物理类,（02）,,430,210610,
4320,黑龙江建筑职业技术学院,2024,江苏,专科批,物理类,,,363,234018,
4328,黑龙江交通职业技术学院,2024,江苏,专科批,物理类,（02）,,404,220739,
4334,大兴安岭职业学院,2024,江苏,专科批,物理类,（01）,,370,232859,
4334,大兴安岭职业学院,2024,江苏,专科批,物理类,（02）,,365,232410,
4338,黑龙江农业工程职业学院,2024,江苏,专科批,物理类,（02）,,398,199034,
5108,郑州电力高等专科学校,2024,江苏,专科批,物理类,（01）,,457,188867,
5115,河南职业技术学院,2024,江苏,专科批,物理类,（02）,,394,226303,
5121,济源职业技术学院,2024,江苏,专科批,物理类,（02）,,383,230366,
5135,周口职业技术学院,2024,江苏,专科批,物理类,（02）,,374,232410,
5138,濮阳石油化工职业技术学院,2024,江苏,专科批,物理类,（01）,,365,233820,
5139,河南地矿职业学院,2024,江苏,专科批,物理类,（02）,,373,227289,
5154,河南工业和信息化职业学院,2024,江苏,专科批,物理类,（01）,,390,228459,
5165,河南工业贸易职业学院,2024,江苏,专科批,物理类,（02）,,367,233820,
5166,河南交通职业技术学院,2024,江苏,专科批,物理类,,,409,211779,
5169,河南测绘职业学院,2024,江苏,专科批,物理类,（02）,,400,215586,
5189,永城职业学院,2024,江苏,专科批,物理类,（02）,,426,214001,
5194,信阳职业技术学院,2024,江苏,专科批,物理类,（02）,,383,228459,
5224,湖北国土资源职业学院,2024,江苏,专科批,物理类,（02）,,399,221580,
5225,汉江师范学院,2024,江苏,专科批,物理类,（04）,,424,203372,
5226,武汉职业技术大学,2024,江苏,专科批,物理类,（01）,,452,196677,
5227,武汉船舶职业技术学院,2024,江苏,专科批,物理类,,,409,211779,
5231,武汉工程职业技术学院,2024,江苏,专科批,物理类,（02）,,406,216596,
5232,湖北生态工程职业技术学院,2024,江苏,专科批,物理类,（02）,,385,227289,
5233,武汉航海职业技术学院,2024,江苏,专科批,物理类,（02）,,399,224582,
5234,湖北城市建设职业技术学院,2024,江苏,专科批,物理类,（02）,,384,228173,
5235,武汉民政职业学院,2024,江苏,专科批,物理类,（02）,,401,194963,
5236,武汉交通职业学院,2024,江苏,专科批,物理类,,,397,199034,
5237,湖北水利水电职业技术学院,2024,江苏,专科批,物理类,（02）,,397,221165,
5246,湖北交通职业技术学院,2024,江苏,专科批,物理类,,,387,211779,
5252,武汉铁路职业技术学院,2024,江苏,专科批,物理类,（02）,,432,171387,
5253,恩施职业技术学院,2024,江苏,专科批,物理类,（03）,,366,232654,
5254,湖北三峡职业技术学院,2024,江苏,专科批,物理类,（02）,,413,220321,
5259,长江工程职业技术学院,2024,江苏,专科批,物理类,（02）,,390,226632,
5266,三峡电力职业学院,2024,江苏,专科批,物理类,（02）,,434,199787,
5272,武汉城市职业学院,2024,江苏,专科批,物理类,（02）,,415,219435,
5273,武汉警官职业学院,2024,江苏,专科批,物理类,（02）,,413,206121,
5283,湖北铁道运输职业学院,2024,江苏,专科批,物理类,（02）,,404,187958,
5284,荆州理工职业学院,2024,江苏,专科批,物理类,（02）,,373,231977,
5286,咸宁职业技术学院,2024,江苏,专科批,物理类,（02）,,385,187958,
5288,武汉铁路桥梁职业学院,2024,江苏,专科批,物理类,（02）,,399,215586,
5291,襄阳职业技术学院,2024,江苏,专科批,物理类,（02）,,430,204758,
5298,仙桃职业学院,2024,江苏,专科批,物理类,（01）,,399,225642,
5299,随州职业技术学院,2024,江苏,专科批,物理类,（02）,,367,227289,
5311,长沙航空职业技术学院,2024,江苏,专科批,物理类,,,435,203372,
5312,长沙民政职业技术学院,2024,江苏,专科批,物理类,（02）,,456,141246,
5313,湖南大众传媒职业技术学院,2024,江苏,专科批,物理类,（02）,,428,194963,
5315,湖南商务职业技术学院,2024,江苏,专科批,物理类,（01）,,382,228173,
5317,湖南城建职业技术学院,2024,江苏,专科批,物理类,（02）,,391,228173,
5318,湖南邮电职业技术学院,2024,江苏,专科批,物理类,（02）,,428,212890,
5319,湖南工业职业技术学院,2024,江苏,专科批,物理类,（02）,,422,214001,
5333,湖南高速铁路职业技术学院,2024,江苏,专科批,物理类,（02）,,429,186046,
5353,湖南石油化工职业技术学院,2024,江苏,专科批,物理类,（02）,,402,224582,
5356,张家界航空工业职业技术学院,2024,江苏,专科批,物理类,,,421,210610,
5360,湖南安全技术职业学院,2024,江苏,专科批,物理类,（01）,,385,229847,
5362,湖南汽车工程职业大学,2024,江苏,专科批,物理类,,,407,161179,
5366,湖南铁路科技职业技术学院,2024,江苏,专科批,物理类,（02）,,429,208734,
5367,湖南国防工业职业技术学院,2024,江苏,专科批,物理类,,,415,216596,
5372,湖南体育职业学院,2024,江苏,专科批,物理类,（02）,,410,221580,
5378,湖南化工职业技术学院,2024,江苏,专科批,物理类,（02）,,400,220321,
5392,湖南交通职业技术学院,2024,江苏,专科批,物理类,（02）,,397,225966,
5394,湖南铁道职业技术学院,2024,江苏,专科批,物理类,（02）,,438,193256,
5395,湖南工程职业技术学院,2024,江苏,专科批,物理类,（02）,,383,212890,
5415,广州民航职业技术学院,2024,江苏,专科批,物理类,,,440,175746,
5416,广东轻工职业技术大学,2024,江苏,专科批,物理类,（02）,,432,210610,
5474,广州铁路职业技术学院,2024,江苏,专科批,物理类,（01）,,426,202018,
5475,江门职业技术学院,2024,江苏,专科批,物理类,（02）,,386,218017,
5483,广州科技贸易职业学院,2024,江苏,专科批,物理类,（01）,,380,217528,
5512,桂林理工大学,2024,江苏,专科批,物理类,（05）,,454,189747,
5521,桂林航天工业学院,2024,江苏,专科批,物理类,（03）,,434,205447,
5522,桂林旅游学院,2024,江苏,专科批,物理类,（07）,,414,214001,
5526,广西机电职业技术学院,2024,江苏,专科批,物理类,（02）,,367,233242,
5528,柳州铁道职业技术学院,2024,江苏,专科批,物理类,（02）,,416,212890,
5534,广西物流职业技术学院,2024,江苏,专科批,物理类,（02）,,330,238956,
5537,广西电力职业技术学院,2024,江苏,专科批,物理类,（02）,,425,213456,
5539,广西国际商务职业技术学院,2024,江苏,专科批,物理类,（02）,,359,235220,
5541,广西建设职业技术学院,2024,江苏,专科批,物理类,（02）,,372,232859,
5543,广西自然资源职业技术学院,2024,江苏,专科批,物理类,（02）,,335,235905,
5613,海南软件职业技术学院,2024,江苏,专科批,物理类,（02）,,377,231076,
5614,海南经贸职业技术学院,2024,江苏,专科批,物理类,（02）,,402,224582,
5631,海南职业技术学院,2024,江苏,专科批,物理类,（02）,,369,233054,
6125,四川交通职业技术学院,2024,江苏,专科批,物理类,（01）,,457,192364,
6126,四川建筑职业技术学院,2024,江苏,专科批,物理类,（02）,,419,187958,
6135,四川工程职业技术大学,2024,江苏,专科批,物理类,（02）,,438,199034,
6138,成都航空职业技术大学,2024,江苏,专科批,物理类,,,445,187958,
6146,四川航天职业技术学院,2024,江苏,专科批,物理类,（02）,,422,216099,
6152,泸州职业技术学院,2024,江苏,专科批,物理类,（01）,,370,231291,
6152,泸州职业技术学院,2024,江苏,专科批,物理类,（02）,,365,234210,
6153,四川铁道职业学院,2024,江苏,专科批,物理类,（01）,,436,204093,
6188,四川文化产业职业学院,2024,江苏,专科批,物理类,（02）,,380,187958,
6216,重庆三峡医药高等专科学校,2024,江苏,专科批,物理类,（02）,,442,202685,
6225,重庆城市管理职业学院,2024,江苏,专科批,物理类,（02）,,456,193256,
6228,重庆电子科技职业大学,2024,江苏,专科批,物理类,（02）,,426,204758,
6234,重庆工程职业技术学院,2024,江苏,专科批,物理类,,,419,199034,
6237,重庆水利电力职业技术学院,2024,江苏,专科批,物理类,（02）,,432,209354,
6239,重庆电力高等专科学校,2024,江苏,专科批,物理类,（02）,,441,195804,
6322,遵义职业技术学院,2024,江苏,专科批,物理类,（01）,,377,231536,
6504,西藏职业技术学院,2024,江苏,专科批,物理类,（02）,,335,238463,
6504,西藏职业技术学院,2024,江苏,专科批,物理类,（03）,,337,237439,
6504,西藏职业技术学院,2024,江苏,专科批,物理类,（04）,,329,239058,
7128,陕西航空职业技术学院,2024,江苏,专科批,物理类,（02）,,399,216596,
7129,陕西交通职业技术学院,2024,江苏,专科批,物理类,（02）,,413,193256,
7130,西安铁路职业技术学院,2024,江苏,专科批,物理类,,,426,208734,
7132,西安航空职业技术学院,2024,江苏,专科批,物理类,（01）,,428,212890,
7132,西安航空职业技术学院,2024,江苏,专科批,物理类,（02）,,423,211193,
7145,陕西能源职业技术学院,2024,江苏,专科批,物理类,（02）,,390,228459,
7146,陕西铁路工程职业技术学院,2024,江苏,专科批,物理类,（02）,,446,200568,
7152,陕西财经职业技术学院,2024,江苏,专科批,物理类,（02）,,429,212366,
7153,西安职业技术学院,2024,江苏,专科批,物理类,（02）,,397,226303,
7171,陕西邮电职业技术学院,2024,江苏,专科批,物理类,（02）,,393,221165,
7174,商洛职业技术学院,2024,江苏,专科批,物理类,（01）,,377,231757,
7175,延安职业技术学院,2024,江苏,专科批,物理类,,,409,220739,
7222,兰州石化职业技术大学,2024,江苏,专科批,物理类,（04）,,448,189747,
7223,兰州资源环境职业技术大学,2024,江苏,专科批,物理类,（02）,,414,216596,
7518,新疆职业大学,2024,江苏,专科批,物理类,（02）,,392,210610,
7523,新疆和田学院,2024,江苏,专科批,物理类,（06）,,365,231291,
7523,新疆和田学院,2024,江苏,专科批,物理类,（07）,,351,235392,
7532,喀什职业技术学院,2024,江苏,专科批,物理类,,,325,235905,
7532,喀什职业技术学院,2024,江苏,专科批,物理类,（05）,,317,240139,
8001,上海杉达学院,2024,江苏,专科批,物理类,（05）,,453,172470,
8002,上海建桥学院,2024,江苏,专科批,物理类,（05）,,426,212366,
8017,上海东海职业技术学院,2024,江苏,专科批,物理类,（02）,,375,226632,
8018,上海工商职业技术学院,2024,江苏,专科批,物理类,（02）,,384,228173,
8019,上海震旦职业学院,2024,江苏,专科批,物理类,（02）,,358,227593,
8020,上海民远职业技术学院,2024,江苏,专科批,物理类,（02）,,372,232859,
8022,上海思博职业技术学院,2024,江苏,专科批,物理类,（02）,,369,221580,
8023,上海立达学院,2024,江苏,专科批,物理类,（05）,,424,214537,
8024,上海济光职业技术学院,2024,江苏,专科批,物理类,（02）,,360,216099,
8025,上海工商外国语职业学院,2024,江苏,专科批,物理类,（02）,,379,209354,
8026,上海邦德职业技术学院,2024,江苏,专科批,物理类,（ZW不限）,,335,187958,
8029,上海中侨职业技术大学,2024,江苏,专科批,物理类,（04）,,409,217528,
8052,温州商学院,2024,江苏,专科批,物理类,（05）,,299,198255,
8106,安徽矿业职业技术学院,2024,江苏,专科批,物理类,（02）,,363,233242,
8113,合肥共达职业技术学院,2024,江苏,专科批,物理类,（02）,,376,227289,
8114,蚌埠经济技术职业学院,2024,江苏,专科批,物理类,（02）,,372,231076,
8115,宿州航空职业学院,2024,江苏,专科批,物理类,（01）,,355,232859,
8119,合肥科技职业学院,2024,江苏,专科批,物理类,（02）,,368,233242,
8152,厦门华天涉外职业技术学院,2024,江苏,专科批,物理类,（02）,,275,243098,
8153,厦门软件职业技术学院,2024,江苏,专科批,物理类,（01）,,365,234210,
8154,厦门南洋职业学院,2024,江苏,专科批,物理类,（02）,,338,238137,
8156,漳州科技职业学院,2024,江苏,专科批,物理类,（01）,,311,240226,
8157,武夷山职业学院,2024,江苏,专科批,物理类,（01）,,295,240316,
8158,泉州海洋职业学院,2024,江苏,专科批,物理类,（02）,,396,226632,
8168,泉州轻工职业学院,2024,江苏,专科批,物理类,（02）,,303,240226,
8170,江西科技学院,2024,江苏,专科批,物理类,（05）,,436,203372,
8172,南昌理工学院,2024,江苏,专科批,物理类,（04）,,403,220321,
8173,江西应用科技学院,2024,江苏,专科批,物理类,（05）,,355,234743,
8175,南昌工学院,2024,江苏,专科批,物理类,（06）,,375,223167,
8187,南昌应用技术师范学院,2024,江苏,专科批,物理类,（05）,,363,232410,
8190,潍坊环境工程职业学院,2024,江苏,专科批,物理类,（02）,,358,234018,
8196,江西航空职业技术学院,2024,江苏,专科批,物理类,,,359,216596,
8197,江西科技职业学院,2024,江苏,专科批,物理类,（02）,,321,239787,
8198,南昌职业大学,2024,江苏,专科批,物理类,（02）,,354,234210,
8201,赣西科技职业学院,2024,江苏,专科批,物理类,（01）,,364,234362,
8202,九江理工职业学院,2024,江苏,专科批,物理类,（02）,,363,234362,
8213,潍坊科技学院,2024,江苏,专科批,物理类,（05）,,427,201286,
8215,青岛恒星科技学院,2024,江苏,专科批,物理类,（05）,,309,215051,
8216,青岛黄海学院,2024,江苏,专科批,物理类,（04）,,309,210610,
8223,泰山科技学院,2024,江苏,专科批,物理类,（05）,,326,236791,
8224,烟台黄金职业学院,2024,江苏,专科批,物理类,（01）,,357,235560,
8226,青岛农业大学海都学院,2024,江苏,专科批,物理类,（06）,,389,227289,
8227,齐鲁理工学院,2024,江苏,专科批,物理类,（04）,,400,193256,
8243,山东文化产业职业学院,2024,江苏,专科批,物理类,（02）,,238,233635,
8244,曲阜远东职业技术学院,2024,江苏,专科批,物理类,（02）,,338,238137,
8246,山东力明科技职业学院,2024,江苏,专科批,物理类,（02）,,408,215586,
8249,山东工程职业技术大学,2024,江苏,专科批,物理类,（03）,,298,241591,
8250,青岛求实职业技术学院,2024,江苏,专科批,物理类,,,356,226303,
8252,山东外国语职业技术大学,2024,江苏,专科批,物理类,（02）,,370,233242,
8253,潍坊工商职业学院,2024,江苏,专科批,物理类,,,361,218493,
8256,山东海事职业学院,2024,江苏,专科批,物理类,（02）,,369,231076,
8259,日照航海工程职业学院,2024,江苏,专科批,物理类,（02）,,365,233635,
8286,北京培黎职业学院,2024,江苏,专科批,物理类,（02）,,441,203372,
8290,天津天狮学院,2024,江苏,专科批,物理类,,,358,230632,
8332,唐山海运职业学院,2024,江苏,专科批,物理类,（02）,,236,239240,
8348,石家庄城市经济职业学院,2024,江苏,专科批,物理类,（01）,,281,242707,
8349,石家庄理工职业学院,2024,江苏,专科批,物理类,（02）,,342,236348,
8350,石家庄科技信息职业学院,2024,江苏,专科批,物理类,（02）,,355,235392,
8351,石家庄医学高等专科学校,2024,江苏,专科批,物理类,（02）,,416,217053,
8358,渤海理工职业学院,2024,江苏,专科批,物理类,（02）,,228,244673,
8359,曹妃甸职业技术学院,2024,江苏,专科批,物理类,（02）,,263,242594,
8367,山西同文职业技术学院,2024,江苏,专科批,物理类,,,310,235905,
8416,大连东软信息学院,2024,江苏,专科批,物理类,（03）,,386,226632,
8452,长春东方职业学院,2024,江苏,专科批,物理类,（01）,,315,237181,
8465,长春信息技术职业学院,2024,江苏,专科批,物理类,（02）,,353,233820,
8469,长春健康职业学院,2024,江苏,专科批,物理类,（02）,,306,237568,
8482,哈尔滨北方航空职业技术学院,2024,江苏,专科批,物理类,（01）,,374,231076,
8531,郑州电力职业技术学院,2024,江苏,专科批,物理类,（02）,,407,218017,
8550,武汉东湖学院,2024,江苏,专科批,物理类,（05）,,364,231977,
8552,武昌首义学院,2024,江苏,专科批,物理类,（05）,,421,200568,
8554,武汉生物工程学院,2024,江苏,专科批,物理类,（04）,,423,215051,
8558,三峡大学科技学院,2024,江苏,专科批,物理类,（05）,,414,187958,
8561,武汉纺织大学外经贸学院,2024,江苏,专科批,物理类,（05）,,396,224947,
8574,武汉工程科技学院,2024,江苏,专科批,物理类,（05）,,375,204758,
8591,武汉外语外事职业学院,2024,江苏,专科批,物理类,（02）,,356,235560,
8592,武昌职业学院,2024,江苏,专科批,物理类,,,371,165768,
8593,武汉商贸职业学院,2024,江苏,专科批,物理类,（02）,,362,233440,
8596,武汉科技职业学院,2024,江苏,专科批,物理类,（02）,,366,232410,
8597,武汉光谷职业学院,2024,江苏,专科批,物理类,（02）,,342,234887,
8598,长江艺术工程职业学院,2024,江苏,专科批,物理类,（02）,,281,240558,
8621,湖南电子科技职业学院,2024,江苏,专科批,物理类,（01）,,349,236791,
8628,湖南外国语职业学院,2024,江苏,专科批,物理类,（02）,,299,239955,
8630,湖南三一工业职业技术学院,2024,江苏,专科批,物理类,（02）,,345,235220,
8658,珠海艺术职业学院,2024,江苏,专科批,物理类,（02）,,293,241939,
8666,广州华立科技职业学院,2024,江苏,专科批,物理类,（02）,,334,236791,
8709,广东酒店管理职业技术学院,2024,江苏,专科批,物理类,（02）,,226,243041,
8729,广西英华国际职业学院,2024,江苏,专科批,物理类,（01）,,307,240934,
8734,广西经济职业学院,2024,江苏,专科批,物理类,（02）,,324,239507,
8740,海口经济学院,2024,江苏,专科批,物理类,（05）,,229,240048,
8742,海南东方新丝路职业学院,2024,江苏,专科批,物理类,（02）,,242,240316,
8754,三亚航空旅游职业学院,2024,江苏,专科批,物理类,（02）,,303,239058,
8755,三亚理工职业学院,2024,江苏,专科批,物理类,（02）,,292,239058,
8759,三亚中瑞酒店管理职业学院,2024,江苏,专科批,物理类,（02）,,247,244158,
8770,西南财经大学天府学院,2024,江苏,专科批,物理类,（07）,,354,218017,
8777,天府新区航空旅游职业学院,2024,江苏,专科批,物理类,（02）,,341,237795,
8778,眉山药科职业学院,2024,江苏,专科批,物理类,（02）,,291,239787,
8779,德阳农业科技职业学院,2024,江苏,专科批,物理类,（02）,,325,238769,
8780,广元中核职业技术学院,2024,江苏,专科批,物理类,（02）,,358,230858,
8782,四川西南航空职业学院,2024,江苏,专科批,物理类,,,307,229847,
8784,遂宁职业学院,2024,江苏,专科批,物理类,（02）,,221,232189,
8785,四川国际标榜职业学院,2024,江苏,专科批,物理类,（02）,,315,240316,
8786,成都艺术职业大学,2024,江苏,专科批,物理类,（02）,,230,187958,
8787,资阳口腔职业学院,2024,江苏,专科批,物理类,（01）,,328,239138,
8789,南充电影工业职业学院,2024,江苏,专科批,物理类,（02）,,326,233635,
8790,绵阳飞行职业学院,2024,江苏,专科批,物理类,（02）,,223,241097,
8791,泸州医疗器械职业学院,2024,江苏,专科批,物理类,（02）,,352,235058,
8792,德阳城市轨道交通职业学院,2024,江苏,专科批,物理类,（01）,,310,238560,
8796,巴中职业技术学院,2024,江苏,专科批,物理类,（02）,,359,234018,
8797,天府新区信息职业学院,2024,江苏,专科批,物理类,（02）,,220,243568,
8798,四川华新现代职业学院,2024,江苏,专科批,物理类,（02）,,245,244776,
8799,资阳环境科技职业学院,2024,江苏,专科批,物理类,,,295,239621,
8807,重庆艺术工程职业学院,2024,江苏,专科批,物理类,（02）,,303,238769,
8810,重庆海联职业技术学院,2024,江苏,专科批,物理类,（02）,,234,237181,
8822,重庆电讯职业学院,2024,江苏,专科批,物理类,（02）,,384,230123,
8826,重庆科技职业学院,2024,江苏,专科批,物理类,（02）,,333,227289,
8827,重庆建筑科技职业学院,2024,江苏,专科批,物理类,（02）,,358,226632,
8829,重庆科创职业学院,2024,江苏,专科批,物理类,,,338,235905,
8838,重庆资源与环境保护职业学院,2024,江苏,专科批,物理类,（02）,,244,234542,
8842,重庆数字产业职业技术学院,2024,江苏,专科批,物理类,（02）,,266,236650,
8871,丽江文化旅游学院,2024,江苏,专科批,物理类,（05）,,251,242831,
8878,云南经济管理学院,2024,江苏,专科批,物理类,（05）,,310,232654,
8880,云南理工职业学院,2024,江苏,专科批,物理类,（02）,,304,236650,
8882,云南工商学院,2024,江苏,专科批,物理类,（01）,,292,241939,
8892,云南经贸外事职业学院,2024,江苏,专科批,物理类,（02）,,224,245610,
8903,西安外事学院,2024,江苏,专科批,物理类,（05）,,436,201286,
8909,西安交通工程学院,2024,江苏,专科批,物理类,（01）,,400,187958,
8914,西安工商学院,2024,江苏,专科批,物理类,（05）,,362,216099,
8919,陕西旅游烹饪职业学院,2024,江苏,专科批,物理类,（02）,,243,241013,
8931,西安高新科技职业学院,2024,江苏,专科批,物理类,（02）,,353,234542,
8932,西安汽车职业大学,2024,江苏,专科批,物理类,（02）,,354,231291,
8934,西安城市建设职业学院,2024,江苏,专科批,物理类,（02）,,326,237687,
8935,榆林能源科技职业学院,2024,江苏,专科批,物理类,（02）,,356,231977,
8936,西安海棠职业学院,2024,江苏,专科批,物理类,（02）,,360,235058,
8938,西安信息职业大学,2024,江苏,专科批,物理类,（02）,,378,207482,
8939,陕西电子信息职业技术学院,2024,江苏,专科批,物理类,（02）,,355,233054,
8943,兰州外语职业学院,2024,江苏,专科批,物理类,（02）,,276,239507,
8950,内蒙古北方职业技术学院,2024,江苏,专科批,物理类,（01）,,318,237568,
,苏州职业技术大学,2024,江苏,专科批,物理类,,,417,155088,
1110,南京工业大学,2024,江苏,地方专项计划本科批,物理类,（03）,,584,40816,
1110,南京工业大学,2024,江苏,地方专项计划本科批,物理类,（04）,,573,39109,
1401,江苏大学,2024,江苏,地方专项计划本科批,物理类,,,562,29206,
105,陆军工程大学,2024,江苏,本科批,物理类,（06）,,594,34819,
105,陆军工程大学,2024,江苏,本科批,物理类,（07）,,596,23501,
1101,南京大学,2024,江苏,本科批,物理类,（07）,,661,1540,
1101,南京大学,2024,江苏,本科批,物理类,,,647,596,
1102,东南大学,2024,江苏,本科批,物理类,（07）,,656,3228,
1102,东南大学,2024,江苏,本科批,物理类,,,646,1823,
1103,南京航空航天大学,2024,江苏,本科批,物理类,,,596,3476,
1104,南京理工大学,2024,江苏,本科批,物理类,,,601,3987,
1105,河海大学,2024,江苏,本科批,物理类,（09）,,623,14593,
1105,河海大学,2024,江苏,本科批,物理类,,,589,6950,
1106,南京信息工程大学,2024,江苏,本科批,物理类,,,595,24205,
1107,南京农业大学,2024,江苏,本科批,物理类,（03）,,603,22842,
1107,南京农业大学,2024,江苏,本科批,物理类,,,603,15117,
1108,南京师范大学,2024,江苏,本科批,物理类,,,581,21588,
1108,南京师范大学,2024,江苏,本科批,物理类,（26）,,619,17929,
1109,中国药科大学,2024,江苏,本科批,物理类,,,599,3987,
1110,南京工业大学,2024,江苏,本科批,物理类,（05）,,579,39949,
1110,南京工业大学,2024,江苏,本科批,物理类,,,531,32341,
1111,南京邮电大学,2024,江苏,本科批,物理类,,,598,8780,
1112,南京医科大学,2024,江苏,本科批,物理类,（04）,,571,41691,
1112,南京医科大学,2024,江苏,本科批,物理类,,,569,2297,
1113,南京中医药大学,2024,江苏,本科批,物理类,,,534,53203,
1114,南京工程学院,2024,江苏,本科批,物理类,,,528,71599,
1115,南京林业大学,2024,江苏,本科批,物理类,,,565,39949,
1116,南京财经大学,2024,江苏,本科批,物理类,,,546,36502,
1117,南京体育学院,2024,江苏,本科批,物理类,,,468,117794,
1117,南京体育学院,2024,江苏,本科批,物理类,（06）,,526,111412,
1117,南京体育学院,2024,江苏,本科批,物理类,（07）,,528,103671,
1118,南京艺术学院,2024,江苏,本科批,物理类,（02）,,534,84717,
1118,南京艺术学院,2024,江苏,本科批,物理类,（03）,,533,102418,
1119,南京审计大学,2024,江苏,本科批,物理类,,,553,36502,
1119,南京审计大学,2024,江苏,本科批,物理类,（09）,,572,52209,
1120,南京晓庄学院,2024,江苏,本科批,物理类,,,524,78655,
1120,南京晓庄学院,2024,江苏,本科批,物理类,（13）,,532,85999,
1120,南京晓庄学院,2024,江苏,本科批,物理类,（15）,,551,77480,
1120,南京晓庄学院,2024,江苏,本科批,物理类,（14）,,556,73918,
1128,金陵科技学院,2024,江苏,本科批,物理类,,,516,82303,
1128,金陵科技学院,2024,江苏,本科批,物理类,（11）,,534,101147,
1131,江苏第二师范学院,2024,江苏,本科批,物理类,,,463,69269,
1131,江苏第二师范学院,2024,江苏,本科批,物理类,（25）,,540,87181,
1131,江苏第二师范学院,2024,江苏,本科批,物理类,（24）,,554,76275,
1133,南京特殊教育师范学院,2024,江苏,本科批,物理类,（04）,,524,87181,
1133,南京特殊教育师范学院,2024,江苏,本科批,物理类,（05）,,513,94704,
1136,南京工业职业技术大学,2024,江苏,本科批,物理类,,,515,92180,
1201,江南大学,2024,江苏,本科批,物理类,,,585,17929,
1203,无锡学院,2024,江苏,本科批,物理类,（02）,,543,76275,
1203,无锡学院,2024,江苏,本科批,物理类,,,521,88414,
1221,中国矿业大学,2024,江苏,本科批,物理类,（02）,,602,27764,
1221,中国矿业大学,2024,江苏,本科批,物理类,,,575,14593,
1222,江苏师范大学,2024,江苏,本科批,物理类,,,526,44461,
1222,江苏师范大学,2024,江苏,本科批,物理类,（17）,,569,58417,
1222,江苏师范大学,2024,江苏,本科批,物理类,（16）,,568,60584,
1223,徐州医科大学,2024,江苏,本科批,物理类,,,522,89635,
1224,徐州工程学院,2024,江苏,本科批,物理类,（02）,,519,102418,
1224,徐州工程学院,2024,江苏,本科批,物理类,,,477,107572,
1242,常州大学,2024,江苏,本科批,物理类,,,524,70429,
1243,常州工学院,2024,江苏,本科批,物理类,,,507,99844,
1244,江苏理工学院,2024,江苏,本科批,物理类,,,481,85999,
1261,苏州大学,2024,江苏,本科批,物理类,,,595,14593,
1261,苏州大学,2024,江苏,本科批,物理类,（34）,,601,29982,
1262,苏州科技大学,2024,江苏,本科批,物理类,,,485,72744,
1262,苏州科技大学,2024,江苏,本科批,物理类,（12）,,557,64887,
1262,苏州科技大学,2024,江苏,本科批,物理类,（11）,,569,58418,
1263,苏州工学院,2024,江苏,本科批,物理类,,,529,85999,
1265,中国人民大学,2024,江苏,本科批,物理类,（04）,,664,727,
1265,中国人民大学,2024,江苏,本科批,物理类,（05）,,669,812,
1265,中国人民大学（苏州校区）,2024,江苏,本科批,物理类,（03）,,645,6275,
1267,苏州城市学院,2024,江苏,本科批,物理类,,,467,92180,
1301,南通大学,2024,江苏,本科批,物理类,,,517,60584,
1301,南通大学,2024,江苏,本科批,物理类,（31）,,558,67047,
1301,南通大学,2024,江苏,本科批,物理类,（30）,,563,65949,
131,海军军医大学,2024,江苏,本科批,物理类,,,595,6950,
1321,江苏海洋大学,2024,江苏,本科批,物理类,（03）,,541,81093,
1321,江苏海洋大学,2024,江苏,本科批,物理类,,,493,89635,
1321,江苏海洋大学,2024,江苏,本科批,物理类,（07）,,548,83547,
1341,淮阴师范学院,2024,江苏,本科批,物理类,,,468,92180,
1341,淮阴师范学院,2024,江苏,本科批,物理类,（17）,,527,103671,
1342,淮阴工学院,2024,江苏,本科批,物理类,,,491,113931,
1361,盐城工学院,2024,江苏,本科批,物理类,（02）,,507,99843,
1361,盐城工学院,2024,江苏,本科批,物理类,,,493,99843,
1362,盐城师范学院,2024,江苏,本科批,物理类,,,508,99843,
1362,盐城师范学院,2024,江苏,本科批,物理类,（18）,,524,110101,
1362,盐城师范学院,2024,江苏,本科批,物理类,（17）,,539,94704,
1381,扬州大学,2024,江苏,本科批,物理类,,,525,28485,
1381,扬州大学,2024,江苏,本科批,物理类,（41）,,555,75079,
1401,江苏大学,2024,江苏,本科批,物理类,,,526,42593,
1402,江苏科技大学,2024,江苏,本科批,物理类,,,513,55258,
1402,江苏科技大学,2024,江苏,本科批,物理类,（22）,,559,70429,
1421,泰州学院,2024,江苏,本科批,物理类,,,490,121728,
1426,宿迁学院,2024,江苏,本科批,物理类,（03）,,510,124308,
1426,宿迁学院,2024,江苏,本科批,物理类,（04）,,496,138641,
1426,宿迁学院,2024,江苏,本科批,物理类,（06）,,528,108842,
1426,宿迁学院,2024,江苏,本科批,物理类,（05）,,508,134800,
1802,东南大学成贤学院,2024,江苏,本科批,物理类,,,508,122990,
1803,南京航空航天大学金城学院,2024,江苏,本科批,物理类,,,500,137345,
1803,南京航空航天大学金城学院,2024,江苏,本科批,物理类,（13）,,507,136073,
1804,南京理工大学紫金学院,2024,江苏,本科批,物理类,,,508,124308,
1807,南京审计大学金审学院,2024,江苏,本科批,物理类,（02）,,505,130825,
1807,南京审计大学金审学院,2024,江苏,本科批,物理类,（03）,,495,150226,
1810,南京工业大学浦江学院,2024,江苏,本科批,物理类,,,483,141246,
1816,南京财经大学红山学院,2024,江苏,本科批,物理类,（02）,,497,138641,
1826,中国矿业大学徐海学院,2024,江苏,本科批,物理类,（02）,,500,143833,
1826,中国矿业大学徐海学院,2024,江苏,本科批,物理类,（03）,,471,163468,
1827,江苏师范大学科文学院,2024,江苏,本科批,物理类,,,490,145118,
1827,江苏师范大学科文学院,2024,江苏,本科批,物理类,（10）,,467,170310,
1827,江苏师范大学科文学院,2024,江苏,本科批,物理类,（11）,,498,147674,
1834,苏州大学应用技术学院,2024,江苏,本科批,物理类,,,482,139961,
1834,苏州大学应用技术学院,2024,江苏,本科批,物理类,（04）,,479,162352,
1835,苏州科技大学天平学院,2024,江苏,本科批,物理类,（03）,,500,90893,
1835,苏州科技大学天平学院,2024,江苏,本科批,物理类,（04）,,470,166885,
1837,江苏科技大学苏州理工学院,2024,江苏,本科批,物理类,（02）,,501,134800,
1837,江苏科技大学苏州理工学院,2024,江苏,本科批,物理类,（03）,,475,158766,
1838,南通大学杏林学院,2024,江苏,本科批,物理类,（03）,,491,145118,
1838,南通大学杏林学院,2024,江苏,本科批,物理类,（04）,,464,98546,
1844,扬州大学广陵学院,2024,江苏,本科批,物理类,（02）,,501,133496,
1844,扬州大学广陵学院,2024,江苏,本科批,物理类,（03）,,462,165768,
1844,扬州大学广陵学院,2024,江苏,本科批,物理类,（04）,,497,148964,
1845,江苏大学京江学院,2024,江苏,本科批,物理类,（03）,,497,143833,
1845,江苏大学京江学院,2024,江苏,本科批,物理类,（04）,,462,176812,
1845,江苏大学京江学院,2024,江苏,本科批,物理类,（05）,,496,150226,
1846,南京医科大学康达学院,2024,江苏,本科批,物理类,（04）,,497,143833,
1846,南京医科大学康达学院,2024,江苏,本科批,物理类,,,485,90893,
1846,南京医科大学康达学院,2024,江苏,本科批,物理类,（07）,,492,142526,
1847,南京师范大学泰州学院,2024,江苏,本科批,物理类,（03）,,501,132149,
1847,南京师范大学泰州学院,2024,江苏,本科批,物理类,（04）,,474,163468,
1848,南京理工大学泰州科技学院,2024,江苏,本科批,物理类,,,504,137345,
1848,南京理工大学泰州科技学院,2024,江苏,本科批,物理类,（04）,,475,170310,
1850,南京邮电大学通达学院,2024,江苏,本科批,物理类,（04）,,503,139961,
1850,南京邮电大学通达学院,2024,江苏,本科批,物理类,,,482,156374,
1855,常州大学怀德学院,2024,江苏,本科批,物理类,（02）,,492,148964,
1855,常州大学怀德学院,2024,江苏,本科批,物理类,（03）,,462,177856,
1858,南京师范大学中北学院,2024,江苏,本科批,物理类,,,490,138641,
1858,南京师范大学中北学院,2024,江苏,本科批,物理类,（05）,,464,170310,
1901,南京传媒学院,2024,江苏,本科批,物理类,,,465,146448,
1901,南京传媒学院,2024,江苏,本科批,物理类,（05）,,470,170310,
1911,三江学院,2024,江苏,本科批,物理类,（02）,,494,141246,
1911,三江学院,2024,江苏,本科批,物理类,（03）,,466,174679,
1915,无锡太湖学院,2024,江苏,本科批,物理类,,,470,128299,
1915,无锡太湖学院,2024,江苏,本科批,物理类,（07）,,502,142526,
1921,西交利物浦大学,2024,江苏,本科批,物理类,（03）,,554,76275,
1921,西交利物浦大学,2024,江苏,本科批,物理类,（04）,,559,65949,
1928,南通理工学院,2024,江苏,本科批,物理类,（02）,,490,151408,
1928,南通理工学院,2024,江苏,本科批,物理类,（03）,,462,166885,
201,中国人民公安大学,2024,江苏,本科批,物理类,（08）,,618,15117,
203,中国人民警察大学,2024,江苏,本科批,物理类,（08）,,560,69269,
203,中国人民警察大学,2024,江苏,本科批,物理类,（09）,,556,54263,
203,中国人民警察大学,2024,江苏,本科批,物理类,（10）,,559,70429,
2101,复旦大学,2024,江苏,本科批,物理类,,,672,143,
2102,同济大学,2024,江苏,本科批,物理类,,,653,1540,
2103,上海交通大学,2024,江苏,本科批,物理类,,,670,122,
2104,华东理工大学,2024,江苏,本科批,物理类,（02）,,622,15117,
2104,华东理工大学,2024,江苏,本科批,物理类,（03）,,624,7633,
2105,东华大学,2024,江苏,本科批,物理类,（02）,,595,28485,
2105,东华大学,2024,江苏,本科批,物理类,,,605,13036,
2106,华东师范大学,2024,江苏,本科批,物理类,（04）,,652,4228,
2106,华东师范大学,2024,江苏,本科批,物理类,（05）,,641,3476,
2107,华东政法大学,2024,江苏,本科批,物理类,（02）,,624,4499,
2109,上海外国语大学,2024,江苏,本科批,物理类,（03）,,610,13550,
2109,上海外国语大学,2024,江苏,本科批,物理类,（04）,,631,11629,
2110,上海财经大学,2024,江苏,本科批,物理类,（02）,,635,4499,
2110,上海财经大学,2024,江苏,本科批,物理类,,,643,6275,
2111,上海师范大学,2024,江苏,本科批,物理类,（03）,,566,56323,
2111,上海师范大学,2024,江苏,本科批,物理类,,,571,33187,
2112,上海大学,2024,江苏,本科批,物理类,,,606,13550,
2113,上海中医药大学,2024,江苏,本科批,物理类,,,591,8014,
2114,上海对外经贸大学,2024,江苏,本科批,物理类,,,586,21588,
2114,上海对外经贸大学,2024,江苏,本科批,物理类,（05）,,600,29206,
2115,上海理工大学,2024,江苏,本科批,物理类,,,592,28485,
2116,上海海洋大学,2024,江苏,本科批,物理类,（02）,,578,50217,
2116,上海海洋大学,2024,江苏,本科批,物理类,（03）,,590,36502,
2117,上海海事大学,2024,江苏,本科批,物理类,（03）,,594,27764,
2117,上海海事大学,2024,江苏,本科批,物理类,（04）,,592,30768,
2118,上海电力大学,2024,江苏,本科批,物理类,,,599,19075,
2119,上海体育大学,2024,江苏,本科批,物理类,（05）,,571,57398,
2119,上海体育大学,2024,江苏,本科批,物理类,,,579,44461,
2120,上海工程技术大学,2024,江苏,本科批,物理类,（02）,,559,70429,
2120,上海工程技术大学,2024,江苏,本科批,物理类,（03）,,562,47277,
2123,上海应用技术大学,2024,江苏,本科批,物理类,,,555,57398,
2124,上海第二工业大学,2024,江苏,本科批,物理类,（02）,,575,53203,
2124,上海第二工业大学,2024,江苏,本科批,物理类,（03）,,567,58417,
2125,上海政法学院,2024,江苏,本科批,物理类,,,547,22842,
2128,复旦大学上海医学院,2024,江苏,本科批,物理类,（02）,,660,256,
2135,上海健康医学院,2024,江苏,本科批,物理类,（01）,,539,94704,
2135,上海健康医学院,2024,江苏,本科批,物理类,,,535,82303,
2136,上海电机学院,2024,江苏,本科批,物理类,（02）,,554,76275,
2136,上海电机学院,2024,江苏,本科批,物理类,（03）,,569,50217,
2137,上海立信会计金融学院,2024,江苏,本科批,物理类,（02）,,551,41690,
2137,上海立信会计金融学院,2024,江苏,本科批,物理类,（03）,,564,52209,
2139,上海交通大学医学院,2024,江苏,本科批,物理类,,,659,122,
2141,上海商学院,2024,江苏,本科批,物理类,,,516,78655,
2141,上海商学院,2024,江苏,本科批,物理类,（05）,,544,83547,
2201,浙江大学,2024,江苏,本科批,物理类,（04）,,677,334,
2202,中国计量大学,2024,江苏,本科批,物理类,（01）,,588,35656,
2202,中国计量大学,2024,江苏,本科批,物理类,（02）,,579,35656,
2203,浙江理工大学,2024,江苏,本科批,物理类,（02）,,558,64886,
2203,浙江理工大学,2024,江苏,本科批,物理类,（03）,,553,58417,
2204,浙江工业大学,2024,江苏,本科批,物理类,（02）,,588,39949,
2204,浙江工业大学,2024,江苏,本科批,物理类,,,588,28485,
2205,中国美术学院,2024,江苏,本科批,物理类,（02）,,616,19693,
2206,浙江师范大学,2024,江苏,本科批,物理类,,,548,29982,
2206,浙江师范大学,2024,江苏,本科批,物理类,（05）,,589,31527,
2207,浙江工商大学,2024,江苏,本科批,物理类,,,559,30768,
2207,浙江工商大学,2024,江苏,本科批,物理类,（04）,,552,65949,
2208,杭州电子科技大学,2024,江苏,本科批,物理类,（01）,,572,39949,
2208,杭州电子科技大学,2024,江苏,本科批,物理类,,,606,19693,
2209,杭州师范大学,2024,江苏,本科批,物理类,（02）,,556,67047,
2209,杭州师范大学,2024,江苏,本科批,物理类,,,534,64886,
2211,浙江传媒学院,2024,江苏,本科批,物理类,,,532,79873,
2212,浙江科技大学,2024,江苏,本科批,物理类,,,532,73918,
2213,浙江财经大学,2024,江苏,本科批,物理类,,,546,40816,
2213,浙江财经大学,2024,江苏,本科批,物理类,（05）,,573,54263,
2214,浙江农林大学,2024,江苏,本科批,物理类,（03）,,555,65949,
2214,浙江农林大学,2024,江苏,本科批,物理类,,,539,62680,
2216,浙江中医药大学,2024,江苏,本科批,物理类,,,572,30768,
2221,宁波大学,2024,江苏,本科批,物理类,（03）,,582,46287,
2221,宁波大学,2024,江苏,本科批,物理类,（04）,,599,20314,
2222,宁波工程学院,2024,江苏,本科批,物理类,,,528,98546,
2223,绍兴文理学院,2024,江苏,本科批,物理类,（02）,,512,121728,
2228,温州大学,2024,江苏,本科批,物理类,（02）,,561,68148,
2228,温州大学,2024,江苏,本科批,物理类,,,547,71599,
2231,嘉兴大学,2024,江苏,本科批,物理类,（02）,,532,55258,
2240,浙江外国语学院,2024,江苏,本科批,物理类,,,536,88414,
2240,浙江外国语学院,2024,江苏,本科批,物理类,（05）,,558,71599,
2241,温州医科大学,2024,江苏,本科批,物理类,,,600,17342,
2242,浙江大学医学院,2024,江苏,本科批,物理类,（01）,,668,887,
2245,宁波诺丁汉大学,2024,江苏,本科批,物理类,（03）,,590,23501,
2245,宁波诺丁汉大学,2024,江苏,本科批,物理类,（04）,,594,10758,
2248,温州肯恩大学,2024,江苏,本科批,物理类,（02）,,552,73918,
2248,温州肯恩大学,2024,江苏,本科批,物理类,（03）,,552,77480,
2249,浙大城市学院,2024,江苏,本科批,物理类,（03）,,535,88414,
2249,浙大城市学院,2024,江苏,本科批,物理类,,,523,63762,
2250,浙大宁波理工学院,2024,江苏,本科批,物理类,（02）,,538,93432,
2250,浙大宁波理工学院,2024,江苏,本科批,物理类,（03）,,529,81093,
2251,浙江海洋大学,2024,江苏,本科批,物理类,（02）,,559,70429,
2251,浙江海洋大学,2024,江苏,本科批,物理类,,,536,73918,
2251,浙江海洋大学,2024,江苏,本科批,物理类,（05）,,565,63762,
2261,湖州师范学院,2024,江苏,本科批,物理类,（02）,,538,96022,
2261,湖州师范学院,2024,江苏,本科批,物理类,,,504,94704,
2268,丽水学院,2024,江苏,本科批,物理类,（03）,,523,115153,
2268,丽水学院,2024,江苏,本科批,物理类,,,509,60584,
2272,浙江水利水电学院,2024,江苏,本科批,物理类,（01）,,542,90893,
2272,浙江水利水电学院,2024,江苏,本科批,物理类,（02）,,535,84717,
2272,浙江水利水电学院,2024,江苏,本科批,物理类,（03）,,551,79873,
2275,湖州学院,2024,江苏,本科批,物理类,（02）,,526,107572,
2276,温州理工学院,2024,江苏,本科批,物理类,（01）,,528,102418,
2276,温州理工学院,2024,江苏,本科批,物理类,（02）,,520,106217,
2277,嘉兴南湖学院,2024,江苏,本科批,物理类,（02）,,532,92180,
2277,嘉兴南湖学院,2024,江苏,本科批,物理类,（03）,,512,102418,
2301,中国科学技术大学,2024,江苏,本科批,物理类,（01）,,674,298,
2302,合肥工业大学,2024,江苏,本科批,物理类,（03）,,601,19075,
2302,合肥工业大学,2024,江苏,本科批,物理类,（04）,,625,8379,
2303,安徽大学,2024,江苏,本科批,物理类,（02）,,595,30768,
2303,安徽大学,2024,江苏,本科批,物理类,,,587,17342,
2304,安徽医科大学,2024,江苏,本科批,物理类,（03）,,580,27034,
2305,安徽建筑大学,2024,江苏,本科批,物理类,（02）,,543,83547,
2305,安徽建筑大学,2024,江苏,本科批,物理类,（03）,,531,70429,
2305,安徽建筑大学,2024,江苏,本科批,物理类,（04）,,555,75079,
2306,安徽农业大学,2024,江苏,本科批,物理类,（02）,,536,51190,
2306,安徽农业大学,2024,江苏,本科批,物理类,（03）,,555,75079,
2307,安徽中医药大学,2024,江苏,本科批,物理类,（01）,,546,85999,
2307,安徽中医药大学,2024,江苏,本科批,物理类,（02）,,549,72743,
2308,安徽工程大学,2024,江苏,本科批,物理类,（01）,,534,61604,
2309,安徽师范大学,2024,江苏,本科批,物理类,（04）,,551,48269,
2309,安徽师范大学,2024,江苏,本科批,物理类,（05）,,549,46287,
2309,安徽师范大学,2024,江苏,本科批,物理类,（06）,,588,40816,
2310,安徽科技学院,2024,江苏,本科批,物理类,（01）,,528,106217,
2310,安徽科技学院,2024,江苏,本科批,物理类,（02）,,506,126937,
2310,安徽科技学院,2024,江苏,本科批,物理类,（03）,,529,93432,
2321,安徽财经大学,2024,江苏,本科批,物理类,,,548,50217,
2327,合肥大学,2024,江苏,本科批,物理类,（02）,,544,85999,
2327,合肥大学,2024,江苏,本科批,物理类,（03）,,548,77480,
2331,阜阳师范大学,2024,江苏,本科批,物理类,（03）,,534,94704,
2332,蚌埠医科大学,2024,江苏,本科批,物理类,（02）,,542,87181,
2341,安徽理工大学,2024,江苏,本科批,物理类,,,545,77480,
2342,宿州学院,2024,江苏,本科批,物理类,（03）,,497,143833,
2347,蚌埠学院,2024,江苏,本科批,物理类,（01）,,534,101147,
2348,池州学院,2024,江苏,本科批,物理类,（02）,,510,129567,
2349,皖南医学院,2024,江苏,本科批,物理类,（01）,,544,58417,
2351,淮北师范大学,2024,江苏,本科批,物理类,（04）,,541,82303,
2351,淮北师范大学,2024,江苏,本科批,物理类,（05）,,543,88414,
2351,淮北师范大学,2024,江苏,本科批,物理类,（06）,,523,90893,
2356,铜陵学院,2024,江苏,本科批,物理类,（02）,,494,152611,
2361,安徽工业大学,2024,江苏,本科批,物理类,（02）,,557,61604,
2361,安徽工业大学,2024,江苏,本科批,物理类,（03）,,553,55258,
2362,淮南师范学院,2024,江苏,本科批,物理类,（02）,,523,110101,
2362,淮南师范学院,2024,江苏,本科批,物理类,（03）,,516,106217,
2362,淮南师范学院,2024,江苏,本科批,物理类,（04）,,522,116477,
2367,巢湖学院,2024,江苏,本科批,物理类,,,505,136073,
2367,巢湖学院,2024,江苏,本科批,物理类,（04）,,492,155088,
2381,黄山学院,2024,江苏,本科批,物理类,,,494,132149,
2381,黄山学院,2024,江苏,本科批,物理类,（05）,,494,150226,
2381,黄山学院,2024,江苏,本科批,物理类,（06）,,512,129567,
2401,福州大学,2024,江苏,本科批,物理类,（02）,,591,32341,
2401,福州大学,2024,江苏,本科批,物理类,（03）,,599,17929,
2402,福建农林大学,2024,江苏,本科批,物理类,（02）,,510,128299,
2402,福建农林大学,2024,江苏,本科批,物理类,（03）,,539,76275,
2405,福建理工大学,2024,江苏,本科批,物理类,（01）,,532,94704,
2406,福建医科大学,2024,江苏,本科批,物理类,（01）,,550,71599,
2406,福建医科大学,2024,江苏,本科批,物理类,（02）,,542,90893,
2406,福建医科大学,2024,江苏,本科批,物理类,（03）,,539,63762,
2407,福建中医药大学,2024,江苏,本科批,物理类,（01）,,534,101147,
2407,福建中医药大学,2024,江苏,本科批,物理类,（02）,,584,44461,
2408,龙岩学院,2024,江苏,本科批,物理类,（01）,,512,129567,
2408,龙岩学院,2024,江苏,本科批,物理类,（02）,,496,147674,
2409,闽江学院,2024,江苏,本科批,物理类,（01）,,529,102418,
2410,三明学院,2024,江苏,本科批,物理类,（02）,,508,134800,
2410,三明学院,2024,江苏,本科批,物理类,（03）,,496,134800,
2411,厦门大学,2024,江苏,本科批,物理类,,,624,5322,
2412,集美大学,2024,江苏,本科批,物理类,（04）,,562,60584,
2412,集美大学,2024,江苏,本科批,物理类,（05）,,554,59522,
2412,集美大学,2024,江苏,本科批,物理类,（06）,,548,78655,
2412,集美大学,2024,江苏,本科批,物理类,（07）,,576,52209,
2413,厦门理工学院,2024,江苏,本科批,物理类,,,539,84717,
2421,莆田学院,2024,江苏,本科批,物理类,（02）,,499,146448,
2421,莆田学院,2024,江苏,本科批,物理类,（03）,,564,64886,
2422,华侨大学,2024,江苏,本科批,物理类,（03）,,550,76275,
2422,华侨大学,2024,江苏,本科批,物理类,,,552,47277,
2437,武夷学院,2024,江苏,本科批,物理类,（02）,,509,132149,
2437,武夷学院,2024,江苏,本科批,物理类,（03）,,501,119050,
2442,宁德师范学院,2024,江苏,本科批,物理类,（01）,,500,142526,
2443,泉州师范学院,2024,江苏,本科批,物理类,（01）,,526,111412,
2443,泉州师范学院,2024,江苏,本科批,物理类,（02）,,501,126937,
2443,泉州师范学院,2024,江苏,本科批,物理类,（03）,,540,93432,
2448,闽南师范大学,2024,江苏,本科批,物理类,（02）,,534,92180,
2448,闽南师范大学,2024,江苏,本科批,物理类,（03）,,518,108842,
2448,闽南师范大学,2024,江苏,本科批,物理类,（04）,,528,108842,
2501,江西财经大学,2024,江苏,本科批,物理类,,,569,34819,
2502,华东交通大学,2024,江苏,本科批,物理类,,,545,57398,
2502,华东交通大学,2024,江苏,本科批,物理类,（07）,,559,45389,
2504,江西中医药大学,2024,江苏,本科批,物理类,（03）,,540,75079,
2504,江西中医药大学,2024,江苏,本科批,物理类,,,557,45389,
2505,南昌大学,2024,江苏,本科批,物理类,（02）,,593,33980,
2505,南昌大学,2024,江苏,本科批,物理类,,,593,27034,
2505,南昌大学,2024,江苏,本科批,物理类,（05）,,621,16767,
2506,南昌航空大学,2024,江苏,本科批,物理类,,,553,70429,
2506,南昌航空大学,2024,江苏,本科批,物理类,（04）,,550,49218,
2507,江西科技师范大学,2024,江苏,本科批,物理类,（03）,,538,92180,
2507,江西科技师范大学,2024,江苏,本科批,物理类,（04）,,516,99843,
2508,江西农业大学,2024,江苏,本科批,物理类,（02）,,534,92180,
2508,江西农业大学,2024,江苏,本科批,物理类,（03）,,525,88414,
2508,江西农业大学,2024,江苏,本科批,物理类,（04）,,552,78655,
2510,江西师范大学,2024,江苏,本科批,物理类,（05）,,544,60584,
2510,江西师范大学,2024,江苏,本科批,物理类,（06）,,541,68148,
2510,江西师范大学,2024,江苏,本科批,物理类,（07）,,594,35656,
2511,江西水利电力大学,2024,江苏,本科批,物理类,（02）,,531,99843,
2511,江西水利电力大学,2024,江苏,本科批,物理类,,,477,101147,
2511,江西水利电力大学,2024,江苏,本科批,物理类,（05）,,530,106217,
2512,江西警察学院,2024,江苏,本科批,物理类,（02）,,540,93432,
2512,江西警察学院,2024,江苏,本科批,物理类,（03）,,528,108842,
2521,江西理工大学,2024,江苏,本科批,物理类,（02）,,543,84717,
2521,江西理工大学,2024,江苏,本科批,物理类,,,534,68148,
2522,赣南医科大学,2024,江苏,本科批,物理类,（01）,,529,99843,
2522,赣南医科大学,2024,江苏,本科批,物理类,（02）,,558,52209,
2522,赣南医科大学,2024,江苏,本科批,物理类,（03）,,555,75079,
2523,赣南师范大学,2024,江苏,本科批,物理类,,,534,92180,
2523,赣南师范大学,2024,江苏,本科批,物理类,（12）,,544,85999,
2527,新余学院,2024,江苏,本科批,物理类,,,496,121728,
2531,景德镇陶瓷大学,2024,江苏,本科批,物理类,,,534,99843,
2541,东华理工大学,2024,江苏,本科批,物理类,,,533,83547,
2542,萍乡学院,2024,江苏,本科批,物理类,（02）,,495,145118,
2543,南昌师范学院,2024,江苏,本科批,物理类,（03）,,509,125638,
2543,南昌师范学院,2024,江苏,本科批,物理类,（04）,,516,116477,
2551,宜春学院,2024,江苏,本科批,物理类,（04）,,510,124308,
2551,宜春学院,2024,江苏,本科批,物理类,（05）,,494,119050,
2551,宜春学院,2024,江苏,本科批,物理类,（06）,,538,89635,
2551,宜春学院,2024,江苏,本科批,物理类,（07）,,545,87181,
2561,九江学院,2024,江苏,本科批,物理类,（02）,,509,129567,
2561,九江学院,2024,江苏,本科批,物理类,（03）,,495,143833,
2571,上饶师范学院,2024,江苏,本科批,物理类,（03）,,513,122990,
2571,上饶师范学院,2024,江苏,本科批,物理类,（04）,,496,146448,
2571,上饶师范学院,2024,江苏,本科批,物理类,（05）,,509,133496,
2572,赣东学院,2024,江苏,本科批,物理类,,,510,128299,
2572,赣东学院,2024,江苏,本科批,物理类,（04）,,494,138641,
2573,赣南科技学院,2024,江苏,本科批,物理类,（02）,,510,126937,
2573,赣南科技学院,2024,江苏,本科批,物理类,（03）,,494,134800,
2574,南昌医学院,2024,江苏,本科批,物理类,,,558,43562,
2581,井冈山大学,2024,江苏,本科批,物理类,（02）,,506,101147,
2581,井冈山大学,2024,江苏,本科批,物理类,（03）,,495,102418,
2596,景德镇学院,2024,江苏,本科批,物理类,（02）,,527,110101,
2596,景德镇学院,2024,江苏,本科批,物理类,（03）,,519,120389,
2601,山东大学,2024,江苏,本科批,物理类,（02）,,637,7276,
2601,山东大学,2024,江苏,本科批,物理类,,,638,3987,
2601,山东大学,2024,江苏,本科批,物理类,（05）,,642,5059,
2601,山东大学,2024,江苏,本科批,物理类,（06）,,614,20990,
2602,济南大学,2024,江苏,本科批,物理类,（03）,,580,48269,
2602,济南大学,2024,江苏,本科批,物理类,（04）,,541,59522,
2605,山东中医药大学,2024,江苏,本科批,物理类,,,526,43562,
2606,山东财经大学,2024,江苏,本科批,物理类,,,553,39109,
2606,山东财经大学,2024,江苏,本科批,物理类,（04）,,565,61604,
2607,山东建筑大学,2024,江苏,本科批,物理类,,,534,72743,
2608,山东工艺美术学院,2024,江苏,本科批,物理类,,,507,132149,
2608,山东工艺美术学院,2024,江苏,本科批,物理类,（04）,,512,116477,
2609,山东交通学院,2024,江苏,本科批,物理类,（02）,,531,97313,
2609,山东交通学院,2024,江苏,本科批,物理类,（03）,,515,106217,
2610,齐鲁工业大学,2024,江苏,本科批,物理类,（02）,,528,77480,
2611,山东理工大学,2024,江苏,本科批,物理类,（02）,,549,78655,
2611,山东理工大学,2024,江苏,本科批,物理类,（03）,,543,73918,
2613,枣庄学院,2024,江苏,本科批,物理类,（01）,,496,145118,
2614,山东第二医科大学,2024,江苏,本科批,物理类,（01）,,540,93432,
2614,山东第二医科大学,2024,江苏,本科批,物理类,（02）,,535,85999,
2621,中国海洋大学,2024,江苏,本科批,物理类,（04）,,621,13550,
2621,中国海洋大学,2024,江苏,本科批,物理类,,,620,8379,
2622,青岛理工大学,2024,江苏,本科批,物理类,,,554,64886,
2622,青岛理工大学,2024,江苏,本科批,物理类,（04）,,556,52209,
2623,青岛科技大学,2024,江苏,本科批,物理类,（01）,,547,59522,
2624,青岛大学,2024,江苏,本科批,物理类,（02）,,579,45389,
2624,青岛大学,2024,江苏,本科批,物理类,（03）,,552,37357,
2631,山东农业大学,2024,江苏,本科批,物理类,（02）,,536,64886,
2633,山东科技大学,2024,江苏,本科批,物理类,,,538,47277,
2633,山东科技大学,2024,江苏,本科批,物理类,（05）,,584,44461,
2635,潍坊学院,2024,江苏,本科批,物理类,（03）,,512,129567,
2635,潍坊学院,2024,江苏,本科批,物理类,（04）,,505,124308,
2635,潍坊学院,2024,江苏,本科批,物理类,（05）,,494,152611,
2641,中国石油大学（华东）,2024,江苏,本科批,物理类,,,588,23501,
2641,中国石油大学（华东）,2024,江苏,本科批,物理类,（04）,,594,17342,
2642,聊城大学,2024,江苏,本科批,物理类,（03）,,541,92180,
2642,聊城大学,2024,江苏,本科批,物理类,（04）,,523,101147,
2643,青岛农业大学,2024,江苏,本科批,物理类,,,518,99843,
2645,临沂大学,2024,江苏,本科批,物理类,,,546,78655,
2645,临沂大学,2024,江苏,本科批,物理类,（04）,,531,89635,
2650,山东航空学院,2024,江苏,本科批,物理类,（02）,,528,108842,
2650,山东航空学院,2024,江苏,本科批,物理类,,,530,90893,
2651,烟台大学,2024,江苏,本科批,物理类,（03）,,542,89635,
2651,烟台大学,2024,江苏,本科批,物理类,（05）,,536,85999,
2652,山东工商学院,2024,江苏,本科批,物理类,,,525,84717,
2652,山东工商学院,2024,江苏,本科批,物理类,（05）,,522,106217,
2653,鲁东大学,2024,江苏,本科批,物理类,（02）,,533,102418,
2653,鲁东大学,2024,江苏,本科批,物理类,,,492,90893,
2661,山东大学（威海）,2024,江苏,本科批,物理类,（03）,,626,11188,
2661,山东大学（威海）,2024,江苏,本科批,物理类,（04）,,640,6950,
2662,哈尔滨工业大学（威海）,2024,江苏,本科批,物理类,,,632,4228,
2669,菏泽学院,2024,江苏,本科批,物理类,（02）,,530,106217,
2669,菏泽学院,2024,江苏,本科批,物理类,（03）,,490,153885,
2671,曲阜师范大学,2024,江苏,本科批,物理类,（02）,,542,88414,
2671,曲阜师范大学,2024,江苏,本科批,物理类,（03）,,547,76275,
2671,曲阜师范大学,2024,江苏,本科批,物理类,（04）,,571,57398,
2681,滨州医学院,2024,江苏,本科批,物理类,（01）,,535,72743,
2683,德州学院,2024,江苏,本科批,物理类,（02）,,508,134800,
2691,山东第一医科大学,2024,江苏,本科批,物理类,,,548,30768,
2695,济宁医学院,2024,江苏,本科批,物理类,（01）,,505,46287,
2701,山东女子学院,2024,江苏,本科批,物理类,（02）,,510,121728,
2701,山东女子学院,2024,江苏,本科批,物理类,（03）,,506,137345,
2702,济宁学院,2024,江苏,本科批,物理类,（02）,,521,117794,
2706,泰山学院,2024,江苏,本科批,物理类,,,502,111412,
2710,齐鲁师范学院,2024,江苏,本科批,物理类,（02）,,523,115153,
2711,山东师范大学,2024,江苏,本科批,物理类,,,544,76275,
2711,山东师范大学,2024,江苏,本科批,物理类,（07）,,555,69269,
2711,山东师范大学,2024,江苏,本科批,物理类,（08）,,590,39109,
2713,山东青年政治学院,2024,江苏,本科批,物理类,（01）,,526,111412,
2713,山东青年政治学院,2024,江苏,本科批,物理类,（02）,,523,115153,
2721,康复大学,2024,江苏,本科批,物理类,（01）,,566,47277,
2755,山东石油化工学院,2024,江苏,本科批,物理类,,,508,108842,
306,中国民用航空飞行学院,2024,江苏,本科批,物理类,（04）,,534,69269,
306,中国民用航空飞行学院,2024,江苏,本科批,物理类,（05）,,506,55258,
306,中国民用航空飞行学院,2024,江苏,本科批,物理类,（06）,,544,88414,
3101,北京大学,2024,江苏,本科批,物理类,（05）,,692,,
3103,清华大学,2024,江苏,本科批,物理类,（04）,,694,,
3103,清华大学,2024,江苏,本科批,物理类,（05）,,690,,
3104,北京师范大学,2024,江苏,本科批,物理类,（05）,,642,6950,
3104,北京师范大学,2024,江苏,本科批,物理类,（06）,,645,1669,
3105,北京交通大学,2024,江苏,本科批,物理类,（02）,,618,14097,
3105,北京交通大学,2024,江苏,本科批,物理类,,,611,5945,
3106,北京航空航天大学,2024,江苏,本科批,物理类,,,650,887,
3107,北京理工大学,2024,江苏,本科批,物理类,（04）,,633,10758,
3107,北京理工大学,2024,江苏,本科批,物理类,,,611,2137,
3108,北京科技大学,2024,江苏,本科批,物理类,（02）,,632,11188,
3108,北京科技大学,2024,江苏,本科批,物理类,,,635,6604,
3109,北京化工大学,2024,江苏,本科批,物理类,,,613,11629,
3110,中国农业大学,2024,江苏,本科批,物理类,（03）,,637,8014,
3110,中国农业大学,2024,江苏,本科批,物理类,（04）,,638,2662,
3111,中国地质大学（北京）,2024,江苏,本科批,物理类,（01）,,596,24904,
3111,中国地质大学（北京）,2024,江苏,本科批,物理类,（02）,,594,16227,
3112,中国政法大学,2024,江苏,本科批,物理类,（03）,,617,3228,
3113,北京邮电大学,2024,江苏,本科批,物理类,,,631,3228,
3114,北京林业大学,2024,江苏,本科批,物理类,,,592,20314,
3114,北京林业大学,2024,江苏,本科批,物理类,（11）,,613,20990,
3114,北京林业大学,2024,江苏,本科批,物理类,（10）,,598,32341,
3115,北京大学医学部,2024,江苏,本科批,物理类,（02）,,678,483,
3115,北京大学医学部,2024,江苏,本科批,物理类,,,680,166,
3116,北京外国语大学,2024,江苏,本科批,物理类,（05）,,620,5059,
3116,北京外国语大学,2024,江苏,本科批,物理类,（06）,,628,13036,
3117,北京语言大学,2024,江苏,本科批,物理类,（05）,,575,40816,
3117,北京语言大学,2024,江苏,本科批,物理类,,,542,40816,
3117,北京语言大学,2024,江苏,本科批,物理类,（08）,,583,45389,
3118,中国石油大学（北京）,2024,江苏,本科批,物理类,（03）,,600,21588,
3118,中国石油大学（北京）,2024,江苏,本科批,物理类,（04）,,606,16767,
3119,对外经济贸易大学,2024,江苏,本科批,物理类,（03）,,630,7276,
3119,对外经济贸易大学,2024,江苏,本科批,物理类,（04）,,634,9521,
3120,中央财经大学,2024,江苏,本科批,物理类,（02）,,632,5643,
3121,北京中医药大学,2024,江苏,本科批,物理类,（02）,,590,38211,
3121,北京中医药大学,2024,江苏,本科批,物理类,（03）,,593,9145,
3122,中国矿业大学（北京）,2024,江苏,本科批,物理类,（02）,,589,36502,
3122,中国矿业大学（北京）,2024,江苏,本科批,物理类,（03）,,594,16767,
3123,中国传媒大学,2024,江苏,本科批,物理类,,,594,18490,
3124,中央美术学院,2024,江苏,本科批,物理类,,,541,47277,
3124,中央美术学院,2024,江苏,本科批,物理类,（05）,,611,22842,
3127,北京体育大学,2024,江苏,本科批,物理类,,,532,39949,
3128,华北电力大学（北京）,2024,江苏,本科批,物理类,（02）,,602,22221,
3128,华北电力大学（北京）,2024,江苏,本科批,物理类,（03）,,631,6275,
3129,中央民族大学,2024,江苏,本科批,物理类,（02）,,614,15669,
3129,中央民族大学,2024,江苏,本科批,物理类,,,607,12577,
3130,北京协和医学院,2024,江苏,本科批,物理类,（01）,,596,33980,
3132,北京第二外国语学院,2024,江苏,本科批,物理类,（02）,,577,41690,
3133,首都师范大学,2024,江苏,本科批,物理类,（02）,,547,42593,
3133,首都师范大学,2024,江苏,本科批,物理类,（03）,,597,23501,
3134,北京工业大学,2024,江苏,本科批,物理类,（01）,,632,10322,
3135,首都医科大学,2024,江苏,本科批,物理类,,,581,3026,
3136,北京物资学院,2024,江苏,本科批,物理类,（02）,,555,73918,
3136,北京物资学院,2024,江苏,本科批,物理类,（03）,,553,77480,
3137,北京信息科技大学,2024,江苏,本科批,物理类,（01）,,591,38210,
3137,北京信息科技大学,2024,江苏,本科批,物理类,（02）,,591,33980,
3138,北京服装学院,2024,江苏,本科批,物理类,（01）,,529,103671,
3139,北京印刷学院,2024,江苏,本科批,物理类,（02）,,539,93432,
3141,北京石油化工学院,2024,江苏,本科批,物理类,（01）,,549,79873,
3141,北京石油化工学院,2024,江苏,本科批,物理类,（02）,,535,90893,
3142,北京工商大学,2024,江苏,本科批,物理类,（02）,,569,51190,
3142,北京工商大学,2024,江苏,本科批,物理类,,,546,59522,
3144,北京联合大学,2024,江苏,本科批,物理类,（02）,,561,47277,
3145,北京建筑大学,2024,江苏,本科批,物理类,（01）,,549,58417,
3145,北京建筑大学,2024,江苏,本科批,物理类,（02）,,571,42593,
3148,北京电影学院,2024,江苏,本科批,物理类,,,549,24205,
3148,北京电影学院,2024,江苏,本科批,物理类,（11）,,614,20990,
3153,华北科技学院,2024,江苏,本科批,物理类,（02）,,514,121728,
3153,华北科技学院,2024,江苏,本科批,物理类,,,508,101147,
3154,首都经济贸易大学,2024,江苏,本科批,物理类,（02）,,569,53203,
3154,首都经济贸易大学,2024,江苏,本科批,物理类,（03）,,579,49218,
3156,中国科学院大学,2024,江苏,本科批,物理类,（02）,,674,298,
3169,中国劳动关系学院,2024,江苏,本科批,物理类,（02）,,539,77480,
3169,中国劳动关系学院,2024,江苏,本科批,物理类,（03）,,533,98546,
3176,民政职业大学,2024,江苏,本科批,物理类,（02）,,521,117794,
3201,南开大学,2024,江苏,本科批,物理类,（03）,,650,4770,
3201,南开大学,2024,江苏,本科批,物理类,（04）,,653,2842,
3202,天津大学,2024,江苏,本科批,物理类,,,649,3746,
3203,天津医科大学,2024,江苏,本科批,物理类,（01）,,600,25605,
3203,天津医科大学,2024,江苏,本科批,物理类,,,599,5059,
3204,天津师范大学,2024,江苏,本科批,物理类,（06）,,546,76275,
3204,天津师范大学,2024,江苏,本科批,物理类,（07）,,545,60584,
3204,天津师范大学,2024,江苏,本科批,物理类,（08）,,568,54263,
3205,中国民航大学,2024,江苏,本科批,物理类,（03）,,574,53203,
3205,中国民航大学,2024,江苏,本科批,物理类,（04）,,578,31527,
3206,天津工业大学,2024,江苏,本科批,物理类,（03）,,583,45389,
3206,天津工业大学,2024,江苏,本科批,物理类,,,576,32341,
3207,天津商业大学,2024,江苏,本科批,物理类,,,542,83547,
3207,天津商业大学,2024,江苏,本科批,物理类,（04）,,531,97313,
3208,天津科技大学,2024,江苏,本科批,物理类,（02）,,552,75079,
3208,天津科技大学,2024,江苏,本科批,物理类,,,534,50217,
3209,天津财经大学,2024,江苏,本科批,物理类,,,558,43562,
3209,天津财经大学,2024,江苏,本科批,物理类,（04）,,565,61604,
3210,天津城建大学,2024,江苏,本科批,物理类,（03）,,540,92180,
3210,天津城建大学,2024,江苏,本科批,物理类,,,479,81093,
3210,天津城建大学,2024,江苏,本科批,物理类,（06）,,547,84717,
3211,天津外国语大学,2024,江苏,本科批,物理类,,,539,75079,
3211,天津外国语大学,2024,江苏,本科批,物理类,（06）,,559,70429,
3211,天津外国语大学,2024,江苏,本科批,物理类,（07）,,542,84717,
3212,天津中医药大学,2024,江苏,本科批,物理类,,,555,23501,
3213,天津农学院,2024,江苏,本科批,物理类,,,519,106217,
3213,天津农学院,2024,江苏,本科批,物理类,（06）,,518,121728,
3214,天津理工大学,2024,江苏,本科批,物理类,（01）,,540,83547,
3214,天津理工大学,2024,江苏,本科批,物理类,（02）,,545,57398,
3217,天津体育学院,2024,江苏,本科批,物理类,（02）,,511,124308,
3218,天津职业技术师范大学,2024,江苏,本科批,物理类,（02）,,544,88414,
3218,天津职业技术师范大学,2024,江苏,本科批,物理类,（03）,,538,82303,
3301,石家庄铁道大学,2024,江苏,本科批,物理类,,,548,50217,
3301,石家庄铁道大学,2024,江苏,本科批,物理类,（04）,,560,41690,
3302,河北科技师范学院,2024,江苏,本科批,物理类,,,505,133496,
3302,河北科技师范学院,2024,江苏,本科批,物理类,（04）,,490,156374,
3303,河北建筑工程学院,2024,江苏,本科批,物理类,（01）,,523,115153,
3303,河北建筑工程学院,2024,江苏,本科批,物理类,（02）,,500,130825,
3304,河北科技大学,2024,江苏,本科批,物理类,（01）,,524,113931,
3304,河北科技大学,2024,江苏,本科批,物理类,,,502,84717,
3305,河北地质大学,2024,江苏,本科批,物理类,（02）,,533,97313,
3305,河北地质大学,2024,江苏,本科批,物理类,（03）,,525,96022,
3307,河北工业大学,2024,江苏,本科批,物理类,（02）,,586,39109,
3307,河北工业大学,2024,江苏,本科批,物理类,,,587,20314,
3310,河北经贸大学,2024,江苏,本科批,物理类,,,532,76275,
3310,河北经贸大学,2024,江苏,本科批,物理类,（05）,,537,93432,
3311,华北电力大学（保定）,2024,江苏,本科批,物理类,（02）,,595,26287,
3311,华北电力大学（保定）,2024,江苏,本科批,物理类,（03）,,603,13550,
3312,河北大学,2024,江苏,本科批,物理类,（02）,,532,60584,
3312,河北大学,2024,江苏,本科批,物理类,（03）,,563,52209,
3313,河北医科大学,2024,江苏,本科批,物理类,（01）,,555,54263,
3313,河北医科大学,2024,江苏,本科批,物理类,（02）,,538,87181,
3313,河北医科大学,2024,江苏,本科批,物理类,（03）,,561,68148,
3314,河北师范大学,2024,江苏,本科批,物理类,（02）,,539,94704,
3314,河北师范大学,2024,江苏,本科批,物理类,（03）,,545,73918,
3315,河北金融学院,2024,江苏,本科批,物理类,（02）,,517,115153,
3318,防灾科技学院,2024,江苏,本科批,物理类,（02）,,526,88414,
3318,防灾科技学院,2024,江苏,本科批,物理类,（03）,,517,104892,
3320,河北环境工程学院,2024,江苏,本科批,物理类,（02）,,508,134800,
3320,河北环境工程学院,2024,江苏,本科批,物理类,（03）,,493,150226,
3321,燕山大学,2024,江苏,本科批,物理类,（02）,,559,59522,
3321,燕山大学,2024,江苏,本科批,物理类,,,548,39949,
3322,东北大学秦皇岛分校,2024,江苏,本科批,物理类,（02）,,619,17342,
3322,东北大学秦皇岛分校,2024,江苏,本科批,物理类,,,623,10322,
3326,河北水利电力学院,2024,江苏,本科批,物理类,（01）,,508,134800,
3326,河北水利电力学院,2024,江苏,本科批,物理类,（02）,,497,148964,
3332,华北理工大学,2024,江苏,本科批,物理类,（02）,,543,87181,
3332,华北理工大学,2024,江苏,本科批,物理类,,,534,72743,
3332,华北理工大学,2024,江苏,本科批,物理类,（05）,,580,46287,
3333,衡水学院,2024,江苏,本科批,物理类,（03）,,508,133496,
3333,衡水学院,2024,江苏,本科批,物理类,,,462,150226,
3333,衡水学院,2024,江苏,本科批,物理类,（06）,,507,136073,
3341,北华航天工业学院,2024,江苏,本科批,物理类,（02）,,517,111412,
3341,北华航天工业学院,2024,江苏,本科批,物理类,（03）,,498,85999,
3344,邯郸学院,2024,江苏,本科批,物理类,（02）,,499,145118,
3348,河北中医药大学,2024,江苏,本科批,物理类,（01）,,546,77480,
3348,河北中医药大学,2024,江苏,本科批,物理类,（02）,,555,75079,
3349,河北北方学院,2024,江苏,本科批,物理类,（01）,,528,97313,
3350,张家口学院,2024,江苏,本科批,物理类,（02）,,508,117794,
3351,河北工程大学,2024,江苏,本科批,物理类,（01）,,534,96022,
3351,河北工程大学,2024,江苏,本科批,物理类,,,529,73918,
3353,承德医学院,2024,江苏,本科批,物理类,（01）,,586,42593,
3362,邢台学院,2024,江苏,本科批,物理类,（02）,,508,133496,
3362,邢台学院,2024,江苏,本科批,物理类,（03）,,505,138641,
3365,沧州师范学院,2024,江苏,本科批,物理类,（02）,,503,130825,
3378,河北石油职业技术大学,2024,江苏,本科批,物理类,（01）,,515,124308,
3379,河北科技工程职业技术大学,2024,江苏,本科批,物理类,（02）,,518,120389,
3380,河北工业职业技术大学,2024,江苏,本科批,物理类,（01）,,519,116477,
3380,河北工业职业技术大学,2024,江苏,本科批,物理类,（02）,,494,133496,
3401,山西大学,2024,江苏,本科批,物理类,（02）,,589,32341,
3402,中北大学,2024,江苏,本科批,物理类,（02）,,544,67047,
3402,中北大学,2024,江苏,本科批,物理类,（03）,,566,33980,
3403,山西财经大学,2024,江苏,本科批,物理类,,,540,61604,
3403,山西财经大学,2024,江苏,本科批,物理类,（06）,,546,73918,
3404,太原科技大学,2024,江苏,本科批,物理类,（02）,,548,78655,
3404,太原科技大学,2024,江苏,本科批,物理类,（03）,,535,72743,
3405,太原理工大学,2024,江苏,本科批,物理类,（02）,,593,36502,
3405,太原理工大学,2024,江苏,本科批,物理类,（03）,,595,20990,
3406,太原工业学院,2024,江苏,本科批,物理类,（02）,,509,132149,
3406,太原工业学院,2024,江苏,本科批,物理类,（03）,,496,124308,
3407,山西医科大学,2024,江苏,本科批,物理类,（01）,,581,42593,
3407,山西医科大学,2024,江苏,本科批,物理类,（02）,,558,71599,
3408,山西中医药大学,2024,江苏,本科批,物理类,（02）,,533,96022,
3408,山西中医药大学,2024,江苏,本科批,物理类,（03）,,565,57398,
3410,山西农业大学,2024,江苏,本科批,物理类,（04）,,535,99843,
3410,山西农业大学,2024,江苏,本科批,物理类,（05）,,515,89635,
3410,山西农业大学,2024,江苏,本科批,物理类,,,506,120389,
3412,山西传媒学院,2024,江苏,本科批,物理类,（02）,,504,136073,
3412,山西传媒学院,2024,江苏,本科批,物理类,（03）,,498,147674,
3413,忻州师范学院,2024,江苏,本科批,物理类,（01）,,508,125638,
3413,忻州师范学院,2024,江苏,本科批,物理类,（02）,,491,148964,
3413,忻州师范学院,2024,江苏,本科批,物理类,（03）,,507,136073,
3415,山西师范大学,2024,江苏,本科批,物理类,（04）,,541,92180,
3415,山西师范大学,2024,江苏,本科批,物理类,（05）,,464,103671,
3415,山西师范大学,2024,江苏,本科批,物理类,（06）,,550,81093,
3416,太原师范学院,2024,江苏,本科批,物理类,,,514,111412,
3416,太原师范学院,2024,江苏,本科批,物理类,（09）,,513,128299,
3417,山西大同大学,2024,江苏,本科批,物理类,（03）,,570,58417,
3418,运城学院,2024,江苏,本科批,物理类,（03）,,506,136073,
3418,运城学院,2024,江苏,本科批,物理类,（04）,,493,143833,
3418,运城学院,2024,江苏,本科批,物理类,（05）,,506,137345,
3429,山西工程科技职业大学,2024,江苏,本科批,物理类,（02）,,508,132149,
3431,吕梁学院,2024,江苏,本科批,物理类,（05）,,508,133496,
3431,吕梁学院,2024,江苏,本科批,物理类,（06）,,484,158766,
3431,吕梁学院,2024,江苏,本科批,物理类,（08）,,507,136073,
3431,吕梁学院,2024,江苏,本科批,物理类,（07）,,506,137345,
3432,晋中学院,2024,江苏,本科批,物理类,（02）,,506,136073,
3432,晋中学院,2024,江苏,本科批,物理类,（03）,,491,152611,
3433,山西工程技术学院,2024,江苏,本科批,物理类,（02）,,509,133496,
3433,山西工程技术学院,2024,江苏,本科批,物理类,（03）,,492,146448,
3433,山西工程技术学院,2024,江苏,本科批,物理类,（04）,,512,129567,
3434,山西科技学院,2024,江苏,本科批,物理类,（02）,,516,124308,
3434,山西科技学院,2024,江苏,本科批,物理类,（03）,,517,122990,
3439,山西工学院,2024,江苏,本科批,物理类,（01）,,508,130825,
3501,内蒙古大学,2024,江苏,本科批,物理类,（01）,,576,52209,
3501,内蒙古大学,2024,江苏,本科批,物理类,（02）,,580,38210,
3503,内蒙古农业大学,2024,江苏,本科批,物理类,（01）,,504,116477,
3503,内蒙古农业大学,2024,江苏,本科批,物理类,（02）,,512,129567,
3504,内蒙古工业大学,2024,江苏,本科批,物理类,,,509,119050,
3506,内蒙古民族大学,2024,江苏,本科批,物理类,（02）,,515,125638,
3506,内蒙古民族大学,2024,江苏,本科批,物理类,（03）,,497,148964,
3506,内蒙古民族大学,2024,江苏,本科批,物理类,（04）,,495,151408,
3506,内蒙古民族大学,2024,江苏,本科批,物理类,（05）,,512,129567,
3507,内蒙古财经大学,2024,江苏,本科批,物理类,（02）,,523,115153,
3511,内蒙古科技大学,2024,江苏,本科批,物理类,（03）,,513,126937,
3511,内蒙古科技大学,2024,江苏,本科批,物理类,（04）,,491,107572,
3511,内蒙古科技大学,2024,江苏,本科批,物理类,（05）,,511,130825,
3515,赤峰学院,2024,江苏,本科批,物理类,（01）,,497,148964,
3515,赤峰学院,2024,江苏,本科批,物理类,（02）,,501,143833,
3516,内蒙古医科大学,2024,江苏,本科批,物理类,（01）,,532,51190,
4101,东北大学,2024,江苏,本科批,物理类,（02）,,617,17342,
4101,东北大学,2024,江苏,本科批,物理类,（03）,,639,5945,
4102,辽宁大学,2024,江苏,本科批,物理类,,,575,32341,
4103,中国医科大学,2024,江苏,本科批,物理类,,,556,9144,
4104,沈阳药科大学,2024,江苏,本科批,物理类,,,519,27764,
4105,沈阳农业大学,2024,江苏,本科批,物理类,,,528,78655,
4107,沈阳化工大学,2024,江苏,本科批,物理类,（01）,,539,90893,
4107,沈阳化工大学,2024,江苏,本科批,物理类,（02）,,522,84717,
4108,沈阳工业大学,2024,江苏,本科批,物理类,,,529,76275,
4109,沈阳理工大学,2024,江苏,本科批,物理类,（02）,,549,77480,
4109,沈阳理工大学,2024,江苏,本科批,物理类,,,514,54263,
4110,沈阳航空航天大学,2024,江苏,本科批,物理类,,,558,48269,
4111,沈阳建筑大学,2024,江苏,本科批,物理类,,,526,93432,
4112,鞍山师范学院,2024,江苏,本科批,物理类,（02）,,505,134800,
4113,沈阳医学院,2024,江苏,本科批,物理类,,,539,51190,
4113,沈阳医学院,2024,江苏,本科批,物理类,（05）,,563,65949,
4114,辽宁中医药大学,2024,江苏,本科批,物理类,,,527,96022,
4115,辽宁工业大学,2024,江苏,本科批,物理类,,,528,85999,
4116,沈阳体育学院,2024,江苏,本科批,物理类,（01）,,500,139961,
4117,沈阳师范大学,2024,江苏,本科批,物理类,,,528,97313,
4120,沈阳大学,2024,江苏,本科批,物理类,,,526,90893,
4120,沈阳大学,2024,江苏,本科批,物理类,（06）,,529,107572,
4122,沈阳工程学院,2024,江苏,本科批,物理类,（01）,,557,43562,
4126,辽宁师范大学,2024,江苏,本科批,物理类,（02）,,523,115153,
4131,大连理工大学,2024,江苏,本科批,物理类,,,637,3987,
4131,大连理工大学（盘锦校区）,2024,江苏,本科批,物理类,（01）,,631,11629,
4132,大连海事大学,2024,江苏,本科批,物理类,,,587,22221,
4133,东北财经大学,2024,江苏,本科批,物理类,,,581,34819,
4134,大连医科大学,2024,江苏,本科批,物理类,,,619,13036,
4135,大连外国语大学,2024,江苏,本科批,物理类,,,536,61604,
4135,大连外国语大学,2024,江苏,本科批,物理类,（07）,,555,75079,
4135,大连外国语大学,2024,江苏,本科批,物理类,（08）,,556,73918,
4136,大连大学,2024,江苏,本科批,物理类,（02）,,536,94704,
4136,大连大学,2024,江苏,本科批,物理类,（03）,,533,88414,
4137,大连海洋大学,2024,江苏,本科批,物理类,,,525,101147,
4138,大连工业大学,2024,江苏,本科批,物理类,（01）,,538,96022,
4138,大连工业大学,2024,江苏,本科批,物理类,,,526,69269,
4139,大连交通大学,2024,江苏,本科批,物理类,（02）,,560,67047,
4139,大连交通大学,2024,江苏,本科批,物理类,（03）,,553,57398,
4140,大连民族大学,2024,江苏,本科批,物理类,（02）,,537,97313,
4140,大连民族大学,2024,江苏,本科批,物理类,（03）,,540,92180,
4141,锦州医科大学,2024,江苏,本科批,物理类,,,536,47277,
4141,锦州医科大学,2024,江苏,本科批,物理类,（03）,,509,133496,
4152,渤海大学,2024,江苏,本科批,物理类,（03）,,528,108842,
4152,渤海大学,2024,江苏,本科批,物理类,,,516,87181,
4161,辽宁工程技术大学,2024,江苏,本科批,物理类,（01）,,544,88414,
4161,辽宁工程技术大学,2024,江苏,本科批,物理类,（02）,,540,82303,
4171,辽宁科技大学,2024,江苏,本科批,物理类,,,496,85999,
4181,辽宁石油化工大学,2024,江苏,本科批,物理类,（01）,,531,83547,
4192,辽宁科技学院,2024,江苏,本科批,物理类,（01）,,496,132149,
4201,吉林大学,2024,江苏,本科批,物理类,,,626,5643,
4202,东北师范大学,2024,江苏,本科批,物理类,,,581,45389,
4203,吉林农业大学,2024,江苏,本科批,物理类,（01）,,535,97313,
4203,吉林农业大学,2024,江苏,本科批,物理类,（02）,,515,111412,
4203,吉林农业大学,2024,江苏,本科批,物理类,,,486,119050,
4204,长春大学,2024,江苏,本科批,物理类,,,541,85999,
4205,长春工业大学,2024,江苏,本科批,物理类,（01）,,542,85999,
4205,长春工业大学,2024,江苏,本科批,物理类,（02）,,522,84717,
4206,吉林财经大学,2024,江苏,本科批,物理类,,,548,59522,
4206,吉林财经大学,2024,江苏,本科批,物理类,（05）,,545,78655,
4207,长春师范大学,2024,江苏,本科批,物理类,（03）,,526,98546,
4208,长春理工大学,2024,江苏,本科批,物理类,（01）,,545,71599,
4208,长春理工大学,2024,江苏,本科批,物理类,,,547,32341,
4208,长春理工大学,2024,江苏,本科批,物理类,（04）,,559,70429,
4209,长春工程学院,2024,江苏,本科批,物理类,,,442,133496,
4209,长春工程学院,2024,江苏,本科批,物理类,（04）,,488,81093,
4210,吉林建筑大学,2024,江苏,本科批,物理类,,,475,110101,
4212,吉林工程技术师范学院,2024,江苏,本科批,物理类,,,476,168025,
4214,长春中医药大学,2024,江苏,本科批,物理类,（01）,,560,60584,
4215,吉林师范大学,2024,江苏,本科批,物理类,（05）,,527,110101,
4215,吉林师范大学,2024,江苏,本科批,物理类,（06）,,524,111412,
4220,吉林警察学院,2024,江苏,本科批,物理类,（02）,,523,107572,
4220,吉林警察学院,2024,江苏,本科批,物理类,（03）,,511,130825,
4222,长春汽车职业技术大学,2024,江苏,本科批,物理类,（01）,,515,113931,
4225,吉林农业科技学院,2024,江苏,本科批,物理类,（02）,,507,136073,
4225,吉林农业科技学院,2024,江苏,本科批,物理类,,,507,124308,
4228,吉林医药学院,2024,江苏,本科批,物理类,（02）,,514,126937,
4228,吉林医药学院,2024,江苏,本科批,物理类,（03）,,516,98546,
4228,吉林医药学院,2024,江苏,本科批,物理类,,,489,81093,
4231,东北电力大学,2024,江苏,本科批,物理类,,,534,73918,
4232,北华大学,2024,江苏,本科批,物理类,（03）,,524,104892,
4232,北华大学,2024,江苏,本科批,物理类,（04）,,516,99843,
4232,北华大学,2024,江苏,本科批,物理类,（05）,,572,53203,
4233,通化师范学院,2024,江苏,本科批,物理类,（02）,,507,136073,
4233,通化师范学院,2024,江苏,本科批,物理类,,,480,150226,
4233,通化师范学院,2024,江苏,本科批,物理类,（05）,,516,124308,
4235,吉林化工大学,2024,江苏,本科批,物理类,（01）,,510,119050,
4235,吉林化工大学,2024,江苏,本科批,物理类,（02）,,491,121728,
4237,吉林工商学院,2024,江苏,本科批,物理类,（02）,,509,129567,
4237,吉林工商学院,2024,江苏,本科批,物理类,（03）,,493,151408,
4241,白城师范学院,2024,江苏,本科批,物理类,,,488,137345,
4241,白城师范学院,2024,江苏,本科批,物理类,（06）,,488,152611,
4241,白城师范学院,2024,江苏,本科批,物理类,（07）,,513,128299,
4301,哈尔滨工业大学,2024,江苏,本科批,物理类,,,626,7276,
4302,哈尔滨工程大学,2024,江苏,本科批,物理类,,,588,7633,
4303,东北林业大学,2024,江苏,本科批,物理类,（02）,,585,39109,
4303,东北林业大学,2024,江苏,本科批,物理类,,,573,32341,
4304,东北农业大学,2024,江苏,本科批,物理类,（02）,,587,39109,
4304,东北农业大学,2024,江苏,本科批,物理类,（03）,,590,34819,
4305,黑龙江中医药大学,2024,江苏,本科批,物理类,（01）,,538,84717,
4305,黑龙江中医药大学,2024,江苏,本科批,物理类,（02）,,582,35656,
4306,黑龙江工程学院,2024,江苏,本科批,物理类,（02）,,509,129567,
4306,黑龙江工程学院,2024,江苏,本科批,物理类,（03）,,500,133496,
4306,黑龙江工程学院,2024,江苏,本科批,物理类,（04）,,523,115153,
4307,哈尔滨商业大学,2024,江苏,本科批,物理类,（02）,,528,88414,
4307,哈尔滨商业大学,2024,江苏,本科批,物理类,（03）,,516,113931,
4308,哈尔滨理工大学,2024,江苏,本科批,物理类,（01）,,546,78655,
4308,哈尔滨理工大学,2024,江苏,本科批,物理类,,,542,48269,
4309,哈尔滨医科大学,2024,江苏,本科批,物理类,（03）,,595,34819,
4309,哈尔滨医科大学,2024,江苏,本科批,物理类,,,559,15117,
4309,哈尔滨医科大学,2024,江苏,本科批,物理类,（08）,,576,52209,
4310,黑龙江科技大学,2024,江苏,本科批,物理类,（03）,,531,93432,
4310,黑龙江科技大学,2024,江苏,本科批,物理类,（04）,,524,84717,
4311,黑龙江大学,2024,江苏,本科批,物理类,（06）,,556,70429,
4311,黑龙江大学,2024,江苏,本科批,物理类,（07）,,544,64886,
4312,哈尔滨师范大学,2024,江苏,本科批,物理类,（04）,,526,102418,
4312,哈尔滨师范大学,2024,江苏,本科批,物理类,,,501,92180,
4312,哈尔滨师范大学,2024,江苏,本科批,物理类,（07）,,540,89635,
4314,牡丹江师范学院,2024,江苏,本科批,物理类,（02）,,491,150226,
4314,牡丹江师范学院,2024,江苏,本科批,物理类,（03）,,508,134800,
4315,哈尔滨金融学院,2024,江苏,本科批,物理类,,,514,98546,
4315,哈尔滨金融学院,2024,江苏,本科批,物理类,（04）,,513,128299,
4321,东北石油大学,2024,江苏,本科批,物理类,（01）,,539,93432,
4321,东北石油大学,2024,江苏,本科批,物理类,（02）,,536,79873,
4323,哈尔滨学院,2024,江苏,本科批,物理类,（03）,,509,132149,
4323,哈尔滨学院,2024,江苏,本科批,物理类,（04）,,491,142526,
4323,哈尔滨学院,2024,江苏,本科批,物理类,（05）,,522,116477,
4324,大庆师范学院,2024,江苏,本科批,物理类,（02）,,489,156374,
4331,齐齐哈尔医学院,2024,江苏,本科批,物理类,（01）,,537,75079,
4331,齐齐哈尔医学院,2024,江苏,本科批,物理类,,,543,79873,
4332,齐齐哈尔大学,2024,江苏,本科批,物理类,（02）,,499,94704,
4332,齐齐哈尔大学,2024,江苏,本科批,物理类,（03）,,516,124308,
4341,黑龙江工业学院,2024,江苏,本科批,物理类,（01）,,489,142526,
4351,佳木斯大学,2024,江苏,本科批,物理类,（01）,,510,126937,
4351,佳木斯大学,2024,江苏,本科批,物理类,,,509,54263,
4352,黑龙江八一农垦大学,2024,江苏,本科批,物理类,（01）,,518,120389,
4352,黑龙江八一农垦大学,2024,江苏,本科批,物理类,,,493,108842,
4371,延边大学,2024,江苏,本科批,物理类,（02）,,577,51190,
4371,延边大学,2024,江苏,本科批,物理类,（03）,,585,33980,
4381,牡丹江医科大学,2024,江苏,本科批,物理类,,,520,60584,
5101,郑州大学,2024,江苏,本科批,物理类,（02）,,594,30768,
5101,郑州大学,2024,江苏,本科批,物理类,（03）,,603,19693,
5102,华北水利水电大学,2024,江苏,本科批,物理类,（01）,,549,60584,
5103,中原工学院,2024,江苏,本科批,物理类,（01）,,517,101147,
5103,中原工学院,2024,江苏,本科批,物理类,,,493,138641,
5103,中原工学院,2024,江苏,本科批,物理类,（04）,,486,162352,
5104,河南工业大学,2024,江苏,本科批,物理类,（02）,,540,75079,
5104,河南工业大学,2024,江苏,本科批,物理类,,,521,70429,
5105,郑州航空工业管理学院,2024,江苏,本科批,物理类,（02）,,508,110101,
5105,郑州航空工业管理学院,2024,江苏,本科批,物理类,,,510,85999,
5106,郑州轻工业大学,2024,江苏,本科批,物理类,,,526,63762,
5110,河南科技学院,2024,江苏,本科批,物理类,（02）,,511,126937,
5110,河南科技学院,2024,江苏,本科批,物理类,（03）,,504,137345,
5114,河南中医药大学,2024,江苏,本科批,物理类,（03）,,544,88414,
5114,河南中医药大学,2024,江苏,本科批,物理类,（04）,,565,52209,
5114,河南中医药大学,2024,江苏,本科批,物理类,（05）,,557,72743,
5117,河南农业大学,2024,江苏,本科批,物理类,（02）,,542,90893,
5117,河南农业大学,2024,江苏,本科批,物理类,,,507,52209,
5118,信阳师范大学,2024,江苏,本科批,物理类,,,491,111412,
5118,信阳师范大学,2024,江苏,本科批,物理类,（04）,,482,166885,
5119,河南财经政法大学,2024,江苏,本科批,物理类,（02）,,554,65949,
5119,河南财经政法大学,2024,江苏,本科批,物理类,,,553,71599,
5122,河南工程学院,2024,江苏,本科批,物理类,,,510,117794,
5122,河南工程学院,2024,江苏,本科批,物理类,（05）,,496,136073,
5122,河南工程学院,2024,江苏,本科批,物理类,（06）,,516,124308,
5125,周口师范学院,2024,江苏,本科批,物理类,（03）,,492,146448,
5125,周口师范学院,2024,江苏,本科批,物理类,（04）,,512,129567,
5131,洛阳理工学院,2024,江苏,本科批,物理类,（02）,,496,119050,
5132,河南科技大学,2024,江苏,本科批,物理类,,,545,76275,
5133,洛阳师范学院,2024,江苏,本科批,物理类,（03）,,463,165768,
5134,平顶山学院,2024,江苏,本科批,物理类,（03）,,511,126937,
5134,平顶山学院,2024,江苏,本科批,物理类,（04）,,507,136073,
5141,河南大学,2024,江苏,本科批,物理类,（04）,,586,42593,
5141,河南大学,2024,江苏,本科批,物理类,,,582,35656,
5141,河南大学,2024,江苏,本科批,物理类,（07）,,593,36502,
5151,河南理工大学,2024,江苏,本科批,物理类,（02）,,540,85999,
5151,河南理工大学,2024,江苏,本科批,物理类,,,533,79873,
5153,河南师范大学,2024,江苏,本科批,物理类,（03）,,509,120389,
5161,安阳工学院,2024,江苏,本科批,物理类,,,479,150226,
5162,安阳师范学院,2024,江苏,本科批,物理类,（03）,,489,142526,
5171,河南工学院,2024,江苏,本科批,物理类,（01）,,507,136073,
5171,河南工学院,2024,江苏,本科批,物理类,（02）,,514,126937,
5172,郑州工程技术学院,2024,江苏,本科批,物理类,（02）,,511,126937,
5172,郑州工程技术学院,2024,江苏,本科批,物理类,（03）,,496,134800,
5173,新乡学院,2024,江苏,本科批,物理类,,,486,151408,
5174,许昌学院,2024,江苏,本科批,物理类,（02）,,511,130825,
5174,许昌学院,2024,江苏,本科批,物理类,（03）,,505,133496,
5174,许昌学院,2024,江苏,本科批,物理类,（04）,,528,108842,
5181,南阳师范学院,2024,江苏,本科批,物理类,,,479,115153,
5181,南阳师范学院,2024,江苏,本科批,物理类,（10）,,520,119050,
5182,南阳理工学院,2024,江苏,本科批,物理类,,,506,117794,
5191,黄淮学院,2024,江苏,本科批,物理类,（02）,,507,136073,
5191,黄淮学院,2024,江苏,本科批,物理类,,,489,150226,
5191,黄淮学院,2024,江苏,本科批,物理类,（05）,,507,136073,
5192,河南医药大学,2024,江苏,本科批,物理类,（01）,,574,50217,
5193,河南城建学院,2024,江苏,本科批,物理类,（02）,,507,136073,
5193,河南城建学院,2024,江苏,本科批,物理类,,,490,152611,
5198,商丘师范学院,2024,江苏,本科批,物理类,（04）,,509,132149,
5198,商丘师范学院,2024,江苏,本科批,物理类,（05）,,494,117794,
5201,武汉大学,2024,江苏,本科批,物理类,（04）,,650,3746,
5201,武汉大学,2024,江苏,本科批,物理类,,,622,1823,
5202,华中科技大学,2024,江苏,本科批,物理类,,,644,1669,
5203,华中师范大学,2024,江苏,本科批,物理类,（03）,,593,21588,
5203,华中师范大学,2024,江苏,本科批,物理类,（04）,,609,20990,
5203,华中师范大学,2024,江苏,本科批,物理类,（05）,,618,18490,
5204,华中农业大学,2024,江苏,本科批,物理类,（02）,,590,34819,
5204,华中农业大学,2024,江苏,本科批,物理类,（03）,,593,16227,
5204,华中农业大学,2024,江苏,本科批,物理类,（05）,,613,21588,
5204,华中农业大学,2024,江苏,本科批,物理类,（04）,,600,30768,
5205,中国地质大学（武汉）,2024,江苏,本科批,物理类,（03）,,588,39109,
5205,中国地质大学（武汉）,2024,江苏,本科批,物理类,（04）,,596,19693,
5206,中南财经政法大学,2024,江苏,本科批,物理类,（06）,,595,9940,
5206,中南财经政法大学,2024,江苏,本科批,物理类,（07）,,606,23501,
5207,武汉理工大学,2024,江苏,本科批,物理类,,,596,8014,
5208,中南民族大学,2024,江苏,本科批,物理类,（03）,,541,85999,
5208,中南民族大学,2024,江苏,本科批,物理类,,,538,61604,
5209,湖北大学,2024,江苏,本科批,物理类,（03）,,516,124308,
5209,湖北大学,2024,江苏,本科批,物理类,,,491,47277,
5211,湖北中医药大学,2024,江苏,本科批,物理类,（03）,,547,78655,
5211,湖北中医药大学,2024,江苏,本科批,物理类,（04）,,529,59522,
5212,武汉纺织大学,2024,江苏,本科批,物理类,（02）,,531,89635,
5213,武汉体育学院,2024,江苏,本科批,物理类,（02）,,522,103671,
5213,武汉体育学院,2024,江苏,本科批,物理类,（03）,,468,181983,
5215,武汉工程大学,2024,江苏,本科批,物理类,,,545,45389,
5216,武汉轻工大学,2024,江苏,本科批,物理类,（02）,,542,69269,
5217,武汉科技大学,2024,江苏,本科批,物理类,（01）,,585,42593,
5218,江汉大学,2024,江苏,本科批,物理类,（01）,,566,61604,
5219,湖北工业大学,2024,江苏,本科批,物理类,（01）,,521,87181,
5219,湖北工业大学,2024,江苏,本科批,物理类,,,541,42593,
5220,湖北第二师范学院,2024,江苏,本科批,物理类,,,464,113931,
5220,湖北第二师范学院,2024,江苏,本科批,物理类,（05）,,508,134800,
5221,湖北经济学院,2024,江苏,本科批,物理类,,,517,85999,
5221,湖北经济学院,2024,江苏,本科批,物理类,（04）,,531,101147,
5225,汉江师范学院,2024,江苏,本科批,物理类,（03）,,521,116477,
5243,长江大学,2024,江苏,本科批,物理类,（03）,,542,82303,
5243,长江大学,2024,江苏,本科批,物理类,,,489,62680,
5251,三峡大学,2024,江苏,本科批,物理类,（02）,,555,68148,
5251,三峡大学,2024,江苏,本科批,物理类,,,546,33980,
5255,湖北汽车工业学院,2024,江苏,本科批,物理类,（01）,,522,108842,
5255,湖北汽车工业学院,2024,江苏,本科批,物理类,,,501,117794,
5256,湖北医药学院,2024,江苏,本科批,物理类,（01）,,539,57398,
5261,湖北师范大学,2024,江苏,本科批,物理类,,,527,96022,
5265,湖北理工学院,2024,江苏,本科批,物理类,（02）,,518,121728,
5265,湖北理工学院,2024,江苏,本科批,物理类,（03）,,509,115153,
5271,湖北警官学院,2024,江苏,本科批,物理类,（02）,,549,82303,
5271,湖北警官学院,2024,江苏,本科批,物理类,（03）,,527,107572,
5285,荆楚理工学院,2024,江苏,本科批,物理类,,,475,128299,
5287,湖北科技学院,2024,江苏,本科批,物理类,,,466,85999,
5290,湖北文理学院,2024,江苏,本科批,物理类,（03）,,515,116477,
5295,湖北工程学院,2024,江苏,本科批,物理类,（02）,,510,110101,
5295,湖北工程学院,2024,江苏,本科批,物理类,（03）,,497,111412,
5301,湖南大学,2024,江苏,本科批,物理类,,,554,6275,
5301,湖南大学,2024,江苏,本科批,物理类,（05）,,639,5945,
5302,中南大学,2024,江苏,本科批,物理类,,,623,5322,
5303,湖南师范大学,2024,江苏,本科批,物理类,（04）,,591,31527,
5303,湖南师范大学,2024,江苏,本科批,物理类,（05）,,599,27034,
5303,湖南师范大学,2024,江苏,本科批,物理类,（06）,,597,26287,
5304,湖南中医药大学,2024,江苏,本科批,物理类,（01）,,542,82303,
5304,湖南中医药大学,2024,江苏,本科批,物理类,（02）,,566,41690,
5305,湖南农业大学,2024,江苏,本科批,物理类,（02）,,538,90893,
5305,湖南农业大学,2024,江苏,本科批,物理类,（03）,,529,96022,
5306,湖南工商大学,2024,江苏,本科批,物理类,（03）,,539,76275,
5306,湖南工商大学,2024,江苏,本科批,物理类,（04）,,540,83547,
5306,湖南工商大学,2024,江苏,本科批,物理类,（05）,,537,97313,
5307,长沙理工大学,2024,江苏,本科批,物理类,（02）,,575,48269,
5307,长沙理工大学,2024,江苏,本科批,物理类,,,524,30768,
5308,长沙学院,2024,江苏,本科批,物理类,（04）,,520,113931,
5308,长沙学院,2024,江苏,本科批,物理类,（05）,,497,111412,
5308,长沙学院,2024,江苏,本科批,物理类,（06）,,513,128299,
5308,长沙学院,2024,江苏,本科批,物理类,（07）,,524,113931,
5310,湖南人文科技学院,2024,江苏,本科批,物理类,,,493,132149,
5310,湖南人文科技学院,2024,江苏,本科批,物理类,（06）,,492,150226,
5320,湖南财政经济学院,2024,江苏,本科批,物理类,（02）,,525,107572,
5320,湖南财政经济学院,2024,江苏,本科批,物理类,（03）,,529,107572,
5321,湖南科技大学,2024,江苏,本科批,物理类,（03）,,541,85999,
5321,湖南科技大学,2024,江苏,本科批,物理类,（04）,,534,63762,
5321,湖南科技大学,2024,江苏,本科批,物理类,（06）,,556,73918,
5321,湖南科技大学,2024,江苏,本科批,物理类,（05）,,552,78655,
5322,湖南工程学院,2024,江苏,本科批,物理类,（02）,,510,130825,
5322,湖南工程学院,2024,江苏,本科批,物理类,,,497,106217,
5323,湘潭大学,2024,江苏,本科批,物理类,（02）,,577,39949,
5323,湘潭大学,2024,江苏,本科批,物理类,,,577,33187,
5327,湖南工学院,2024,江苏,本科批,物理类,（02）,,513,112671,
5327,湖南工学院,2024,江苏,本科批,物理类,（03）,,500,119050,
5331,中南林业科技大学,2024,江苏,本科批,物理类,（02）,,543,81093,
5331,中南林业科技大学,2024,江苏,本科批,物理类,（03）,,531,81093,
5332,湖南工业大学,2024,江苏,本科批,物理类,,,539,84717,
5341,南华大学,2024,江苏,本科批,物理类,（02）,,537,79873,
5341,南华大学,2024,江苏,本科批,物理类,（03）,,541,51190,
5342,衡阳师范学院,2024,江苏,本科批,物理类,（03）,,507,129567,
5342,衡阳师范学院,2024,江苏,本科批,物理类,（04）,,493,117794,
5342,衡阳师范学院,2024,江苏,本科批,物理类,（05）,,531,87181,
5343,湖南文理学院,2024,江苏,本科批,物理类,（02）,,494,152611,
5343,湖南文理学院,2024,江苏,本科批,物理类,,,487,133496,
5348,湖南医药学院,2024,江苏,本科批,物理类,,,529,46287,
5349,湖南第一师范学院,2024,江苏,本科批,物理类,（01）,,524,101147,
5351,湖南理工学院,2024,江苏,本科批,物理类,,,504,115153,
5355,湖南城市学院,2024,江苏,本科批,物理类,（02）,,509,132149,
5355,湖南城市学院,2024,江苏,本科批,物理类,（03）,,494,132149,
5361,吉首大学,2024,江苏,本科批,物理类,（02）,,532,97313,
5371,邵阳学院,2024,江苏,本科批,物理类,,,483,85999,
5380,长沙师范学院,2024,江苏,本科批,物理类,（02）,,515,124308,
5380,长沙师范学院,2024,江苏,本科批,物理类,（03）,,503,132149,
5381,湘南学院,2024,江苏,本科批,物理类,（02）,,507,124308,
5381,湘南学院,2024,江苏,本科批,物理类,,,496,69269,
5385,怀化学院,2024,江苏,本科批,物理类,,,491,125638,
5391,湖南科技学院,2024,江苏,本科批,物理类,（03）,,491,137345,
5393,湖南女子学院,2024,江苏,本科批,物理类,（02）,,507,134800,
5393,湖南女子学院,2024,江苏,本科批,物理类,（03）,,498,141246,
5401,中山大学,2024,江苏,本科批,物理类,（03）,,646,5322,
5401,中山大学,2024,江苏,本科批,物理类,,,647,1405,
5402,华南理工大学,2024,江苏,本科批,物理类,,,642,3987,
5403,华南农业大学,2024,江苏,本科批,物理类,（01）,,584,42593,
5403,华南农业大学,2024,江苏,本科批,物理类,（02）,,589,33187,
5403,华南农业大学,2024,江苏,本科批,物理类,（03）,,589,39949,
5404,广东外语外贸大学,2024,江苏,本科批,物理类,（03）,,518,31527,
5404,广东外语外贸大学,2024,江苏,本科批,物理类,（04）,,564,63762,
5405,广东医科大学,2024,江苏,本科批,物理类,（02）,,584,36502,
5406,广东药科大学,2024,江苏,本科批,物理类,（01）,,558,62680,
5407,暨南大学,2024,江苏,本科批,物理类,（02）,,588,27764,
5407,暨南大学,2024,江苏,本科批,物理类,,,598,13550,
5408,广州美术学院,2024,江苏,本科批,物理类,（01）,,571,53203,
5408,广州美术学院,2024,江苏,本科批,物理类,（02）,,601,29982,
5412,广东金融学院,2024,江苏,本科批,物理类,（02）,,558,68148,
5412,广东金融学院,2024,江苏,本科批,物理类,（03）,,561,68148,
5413,华南师范大学,2024,江苏,本科批,物理类,（02）,,610,19693,
5414,广东财经大学,2024,江苏,本科批,物理类,（02）,,556,70429,
5418,哈尔滨工业大学（深圳）,2024,江苏,本科批,物理类,（02）,,661,1669,
5419,广州大学,2024,江苏,本科批,物理类,（02）,,568,60584,
5419,广州大学,2024,江苏,本科批,物理类,（03）,,572,44461,
5420,广州中医药大学,2024,江苏,本科批,物理类,（02）,,575,25605,
5421,汕头大学,2024,江苏,本科批,物理类,（02）,,564,50217,
5421,汕头大学,2024,江苏,本科批,物理类,,,560,29982,
5422,南方医科大学,2024,江苏,本科批,物理类,（02）,,522,68148,
5422,南方医科大学,2024,江苏,本科批,物理类,（03）,,569,3228,
5427,东莞理工学院,2024,江苏,本科批,物理类,（01）,,529,89635,
5431,广东海洋大学,2024,江苏,本科批,物理类,（01）,,542,90893,
5431,广东海洋大学,2024,江苏,本科批,物理类,,,520,92180,
5437,韶关学院,2024,江苏,本科批,物理类,（03）,,508,134800,
5438,广东以色列理工学院,2024,江苏,本科批,物理类,（01）,,582,33187,
5441,广东石油化工学院,2024,江苏,本科批,物理类,（01）,,488,121728,
5451,深圳大学,2024,江苏,本科批,物理类,,,611,12125,
5451,深圳大学,2024,江苏,本科批,物理类,（04）,,622,10758,
5461,北师香港浸会大学,2024,江苏,本科批,物理类,（02）,,552,76275,
5461,北师香港浸会大学,2024,江苏,本科批,物理类,（03）,,561,60584,
5477,岭南师范学院,2024,江苏,本科批,物理类,,,514,110101,
5477,岭南师范学院,2024,江苏,本科批,物理类,（08）,,474,175746,
5478,广东工业大学,2024,江苏,本科批,物理类,（01）,,600,28485,
5479,深圳技术大学,2024,江苏,本科批,物理类,（02）,,590,32341,
5480,深圳北理莫斯科大学,2024,江苏,本科批,物理类,（04）,,550,81093,
5480,深圳北理莫斯科大学,2024,江苏,本科批,物理类,（05）,,566,62680,
5501,广西大学,2024,江苏,本科批,物理类,（01）,,589,28485,
5502,广西中医药大学,2024,江苏,本科批,物理类,,,533,49218,
5504,南宁师范大学,2024,江苏,本科批,物理类,（02）,,528,108842,
5504,南宁师范大学,2024,江苏,本科批,物理类,,,513,88414,
5505,玉林师范学院,2024,江苏,本科批,物理类,,,489,156374,
5505,玉林师范学院,2024,江苏,本科批,物理类,（07）,,488,159982,
5505,玉林师范学院,2024,江苏,本科批,物理类,（08）,,503,141246,
5507,北部湾大学,2024,江苏,本科批,物理类,（01）,,480,169209,
5507,北部湾大学,2024,江苏,本科批,物理类,,,480,128299,
5508,广西医科大学,2024,江苏,本科批,物理类,（01）,,549,82303,
5510,桂林医科大学,2024,江苏,本科批,物理类,（02）,,524,81093,
5511,广西师范大学,2024,江苏,本科批,物理类,（03）,,526,89635,
5511,广西师范大学,2024,江苏,本科批,物理类,（04）,,553,77480,
5512,桂林理工大学,2024,江苏,本科批,物理类,,,522,88414,
5513,桂林电子科技大学,2024,江苏,本科批,物理类,（02）,,564,56323,
5513,桂林电子科技大学,2024,江苏,本科批,物理类,（04）,,568,40816,
5517,右江民族医学院,2024,江苏,本科批,物理类,（02）,,499,146448,
5517,右江民族医学院,2024,江苏,本科批,物理类,（03）,,491,111412,
5517,右江民族医学院,2024,江苏,本科批,物理类,（04）,,544,88414,
5518,广西民族师范学院,2024,江苏,本科批,物理类,（02）,,508,134800,
5518,广西民族师范学院,2024,江苏,本科批,物理类,（03）,,486,156374,
5519,贺州学院,2024,江苏,本科批,物理类,（02）,,505,137345,
5519,贺州学院,2024,江苏,本科批,物理类,（03）,,492,151408,
5521,桂林航天工业学院,2024,江苏,本科批,物理类,（02）,,557,72743,
5522,桂林旅游学院,2024,江苏,本科批,物理类,,,470,134800,
5522,桂林旅游学院,2024,江苏,本科批,物理类,（05）,,481,159982,
5522,桂林旅游学院,2024,江苏,本科批,物理类,（06）,,509,133496,
5527,广西科技师范学院,2024,江苏,本科批,物理类,（02）,,507,133496,
5527,广西科技师范学院,2024,江苏,本科批,物理类,（03）,,495,143833,
5531,广西科技大学,2024,江苏,本科批,物理类,（02）,,526,111412,
5531,广西科技大学,2024,江苏,本科批,物理类,,,501,103671,
5531,广西科技大学,2024,江苏,本科批,物理类,（07）,,567,61604,
5532,广西民族大学,2024,江苏,本科批,物理类,,,526,102418,
5561,梧州学院,2024,江苏,本科批,物理类,（03）,,507,136073,
5561,梧州学院,2024,江苏,本科批,物理类,（04）,,500,141246,
5601,海南大学,2024,江苏,本科批,物理类,（07）,,590,39109,
5601,海南大学,2024,江苏,本科批,物理类,,,586,29982,
5602,海南师范大学,2024,江苏,本科批,物理类,,,515,102418,
5602,海南师范大学,2024,江苏,本科批,物理类,（10）,,533,102418,
5602,海南师范大学,2024,江苏,本科批,物理类,（11）,,545,87181,
5603,海南医科大学,2024,江苏,本科批,物理类,,,509,40816,
5604,海南热带海洋学院,2024,江苏,本科批,物理类,,,465,128299,
5604,海南热带海洋学院,2024,江苏,本科批,物理类,（07）,,490,137345,
5619,琼台师范学院,2024,江苏,本科批,物理类,（03）,,489,156374,
5621,海南比勒费尔德应用科学大学,2024,江苏,本科批,物理类,（01）,,462,187958,
6101,四川大学,2024,江苏,本科批,物理类,,,634,8779,
6102,西南交通大学,2024,江苏,本科批,物理类,,,578,12577,
6103,西南财经大学,2024,江苏,本科批,物理类,,,581,11629,
6103,西南财经大学,2024,江苏,本科批,物理类,（05）,,624,13036,
6105,西南民族大学,2024,江苏,本科批,物理类,（02）,,537,85999,
6105,西南民族大学,2024,江苏,本科批,物理类,（03）,,541,82303,
6106,成都理工大学,2024,江苏,本科批,物理类,,,542,44461,
6106,成都理工大学,2024,江苏,本科批,物理类,（07）,,584,38210,
6106,成都理工大学,2024,江苏,本科批,物理类,（08）,,580,48269,
6107,成都信息工程大学,2024,江苏,本科批,物理类,（02）,,581,39109,
6108,成都体育学院,2024,江苏,本科批,物理类,（02）,,535,99843,
6108,成都体育学院,2024,江苏,本科批,物理类,（03）,,545,73918,
6109,四川音乐学院,2024,江苏,本科批,物理类,（02）,,529,107572,
6110,西华大学,2024,江苏,本科批,物理类,（03）,,534,88414,
6111,成都中医药大学,2024,江苏,本科批,物理类,,,583,17929,
6112,电子科技大学,2024,江苏,本科批,物理类,,,646,2662,
6113,四川农业大学,2024,江苏,本科批,物理类,（01）,,590,37357,
6113,四川农业大学,2024,江苏,本科批,物理类,（02）,,588,37357,
6114,成都大学,2024,江苏,本科批,物理类,（04）,,535,99843,
6114,成都大学,2024,江苏,本科批,物理类,,,541,58417,
6115,四川轻化工大学,2024,江苏,本科批,物理类,（02）,,542,72743,
6116,成都医学院,2024,江苏,本科批,物理类,（01）,,537,96022,
6117,西昌学院,2024,江苏,本科批,物理类,,,480,155088,
6118,内江师范学院,2024,江苏,本科批,物理类,（03）,,513,128299,
6118,内江师范学院,2024,江苏,本科批,物理类,（04）,,516,124308,
6120,四川警察学院,2024,江苏,本科批,物理类,（02）,,556,73918,
6129,成都师范学院,2024,江苏,本科批,物理类,（03）,,523,101147,
6129,成都师范学院,2024,江苏,本科批,物理类,（04）,,543,89635,
6131,西南科技大学,2024,江苏,本科批,物理类,（02）,,537,97313,
6131,西南科技大学,2024,江苏,本科批,物理类,（03）,,541,70429,
6140,四川师范大学,2024,江苏,本科批,物理类,（04）,,565,52209,
6140,四川师范大学,2024,江苏,本科批,物理类,（05）,,570,57398,
6141,西南石油大学,2024,江苏,本科批,物理类,（02）,,588,34819,
6142,西华师范大学,2024,江苏,本科批,物理类,（01）,,514,115153,
6143,西南医科大学,2024,江苏,本科批,物理类,,,550,40816,
6144,绵阳师范学院,2024,江苏,本科批,物理类,（02）,,479,170310,
6144,绵阳师范学院,2024,江苏,本科批,物理类,（03）,,522,116477,
6150,成都工业学院,2024,江苏,本科批,物理类,（01）,,521,113931,
6151,乐山师范学院,2024,江苏,本科批,物理类,（02）,,494,120389,
6151,乐山师范学院,2024,江苏,本科批,物理类,（03）,,492,155088,
6161,川北医学院,2024,江苏,本科批,物理类,,,526,47277,
6181,宜宾学院,2024,江苏,本科批,物理类,（02）,,500,145118,
6187,攀枝花学院,2024,江苏,本科批,物理类,（02）,,509,133496,
6201,重庆大学,2024,江苏,本科批,物理类,,,637,5643,
6202,西南大学,2024,江苏,本科批,物理类,（03）,,588,25605,
6202,西南大学,2024,江苏,本科批,物理类,（04）,,595,19075,
6202,西南大学,2024,江苏,本科批,物理类,（05）,,613,20990,
6202,西南大学,2024,江苏,本科批,物理类,（07）,,608,24904,
6202,西南大学,2024,江苏,本科批,物理类,（06）,,594,33980,
6203,西南政法大学,2024,江苏,本科批,物理类,,,611,10758,
6205,重庆医科大学,2024,江苏,本科批,物理类,,,518,21588,
6206,重庆工商大学,2024,江苏,本科批,物理类,（02）,,551,65949,
6206,重庆工商大学,2024,江苏,本科批,物理类,（03）,,550,71599,
6207,重庆交通大学,2024,江苏,本科批,物理类,（03）,,518,71599,
6207,重庆交通大学,2024,江苏,本科批,物理类,（04）,,542,67047,
6208,重庆理工大学,2024,江苏,本科批,物理类,（02）,,560,64886,
6208,重庆理工大学,2024,江苏,本科批,物理类,（03）,,562,57398,
6209,重庆邮电大学,2024,江苏,本科批,物理类,（02）,,586,36502,
6210,重庆师范大学,2024,江苏,本科批,物理类,（04）,,542,68148,
6210,重庆师范大学,2024,江苏,本科批,物理类,（05）,,551,65949,
6210,重庆师范大学,2024,江苏,本科批,物理类,（06）,,572,56323,
6211,四川美术学院,2024,江苏,本科批,物理类,（02）,,505,120389,
6211,四川美术学院,2024,江苏,本科批,物理类,（03）,,563,65949,
6212,四川外国语大学,2024,江苏,本科批,物理类,,,527,87181,
6212,四川外国语大学,2024,江苏,本科批,物理类,（10）,,528,108842,
6213,重庆三峡学院,2024,江苏,本科批,物理类,（02）,,519,115153,
6213,重庆三峡学院,2024,江苏,本科批,物理类,（03）,,504,112671,
6214,长江师范学院,2024,江苏,本科批,物理类,（03）,,510,116477,
6214,长江师范学院,2024,江苏,本科批,物理类,（04）,,498,141246,
6214,长江师范学院,2024,江苏,本科批,物理类,（05）,,516,124308,
6215,重庆文理学院,2024,江苏,本科批,物理类,（01）,,522,112671,
6215,重庆文理学院,2024,江苏,本科批,物理类,（02）,,514,110101,
6221,重庆科技大学,2024,江苏,本科批,物理类,（02）,,537,93432,
6221,重庆科技大学,2024,江苏,本科批,物理类,（03）,,532,88414,
6301,贵州大学,2024,江苏,本科批,物理类,,,566,43562,
6302,贵州中医药大学,2024,江苏,本科批,物理类,（02）,,533,102418,
6302,贵州中医药大学,2024,江苏,本科批,物理类,,,516,61604,
6303,贵州医科大学,2024,江苏,本科批,物理类,,,537,39949,
6304,贵州财经大学,2024,江苏,本科批,物理类,,,497,90893,
6305,贵州民族大学,2024,江苏,本科批,物理类,（01）,,499,129567,
6308,安顺学院,2024,江苏,本科批,物理类,（02）,,492,148964,
6308,安顺学院,2024,江苏,本科批,物理类,（03）,,510,132149,
6309,贵阳学院,2024,江苏,本科批,物理类,（01）,,491,152611,
6310,黔南民族师范学院,2024,江苏,本科批,物理类,（02）,,509,133496,
6310,黔南民族师范学院,2024,江苏,本科批,物理类,（03）,,480,151408,
6314,遵义医科大学,2024,江苏,本科批,物理类,,,579,36502,
6315,贵州工程应用技术学院,2024,江苏,本科批,物理类,（02）,,507,136073,
6315,贵州工程应用技术学院,2024,江苏,本科批,物理类,（03）,,485,163468,
6316,贵州商学院,2024,江苏,本科批,物理类,,,481,137345,
6317,遵义师范学院,2024,江苏,本科批,物理类,（03）,,528,108842,
6319,贵州理工学院,2024,江苏,本科批,物理类,（01）,,513,128299,
6319,贵州理工学院,2024,江苏,本科批,物理类,（02）,,501,117794,
6320,六盘水师范学院,2024,江苏,本科批,物理类,（02）,,489,152611,
6323,贵州警察学院,2024,江苏,本科批,物理类,（02）,,531,98546,
6323,贵州警察学院,2024,江苏,本科批,物理类,（03）,,529,107572,
6324,贵阳康养职业大学,2024,江苏,本科批,物理类,（02）,,502,142526,
6324,贵阳康养职业大学,2024,江苏,本科批,物理类,（03）,,503,141246,
6401,云南大学,2024,江苏,本科批,物理类,,,582,33188,
6401,云南大学,2024,江苏,本科批,物理类,（06）,,592,16768,
6401,云南大学,2024,江苏,本科批,物理类,（07）,,604,23502,
6402,云南师范大学,2024,江苏,本科批,物理类,,,538,78655,
6404,昆明理工大学,2024,江苏,本科批,物理类,（03）,,537,87181,
6404,昆明理工大学,2024,江苏,本科批,物理类,（04）,,547,58417,
6404,昆明理工大学,2024,江苏,本科批,物理类,（05）,,557,67047,
6404,昆明理工大学,2024,江苏,本科批,物理类,（06）,,545,87181,
6405,云南农业大学,2024,江苏,本科批,物理类,,,519,89635,
6406,昆明医科大学,2024,江苏,本科批,物理类,,,531,46287,
6407,玉溪师范学院,2024,江苏,本科批,物理类,（03）,,511,130825,
6407,玉溪师范学院,2024,江苏,本科批,物理类,（04）,,482,159982,
6408,云南财经大学,2024,江苏,本科批,物理类,（02）,,529,73918,
6408,云南财经大学,2024,江苏,本科批,物理类,（03）,,527,101147,
6409,楚雄师范学院,2024,江苏,本科批,物理类,（02）,,510,132149,
6409,楚雄师范学院,2024,江苏,本科批,物理类,（03）,,493,153885,
6410,昆明学院,2024,江苏,本科批,物理类,（02）,,510,124308,
6410,昆明学院,2024,江苏,本科批,物理类,（03）,,495,136073,
6410,昆明学院,2024,江苏,本科批,物理类,,,518,67047,
6411,大理大学,2024,江苏,本科批,物理类,,,514,99843,
6413,红河学院,2024,江苏,本科批,物理类,（02）,,507,136073,
6413,红河学院,2024,江苏,本科批,物理类,（03）,,487,157611,
6414,云南民族大学,2024,江苏,本科批,物理类,（03）,,510,122990,
6415,西南林业大学,2024,江苏,本科批,物理类,（01）,,536,89635,
6415,西南林业大学,2024,江苏,本科批,物理类,,,519,89635,
6415,西南林业大学,2024,江苏,本科批,物理类,（04）,,532,103671,
6417,曲靖师范学院,2024,江苏,本科批,物理类,（02）,,490,156374,
6419,普洱学院,2024,江苏,本科批,物理类,（02）,,493,153885,
6420,文山学院,2024,江苏,本科批,物理类,（02）,,506,137345,
6501,西藏大学,2024,江苏,本科批,物理类,（02）,,563,65949,
6501,西藏大学,2024,江苏,本科批,物理类,,,551,72743,
7101,西北大学,2024,江苏,本科批,物理类,（02）,,603,24904,
7101,西北大学,2024,江苏,本科批,物理类,,,584,25605,
7101,西北大学,2024,江苏,本科批,物理类,（06）,,601,29982,
7102,西北工业大学,2024,江苏,本科批,物理类,,,636,3026,
7103,陕西师范大学,2024,江苏,本科批,物理类,（03）,,592,34819,
7103,陕西师范大学,2024,江苏,本科批,物理类,（04）,,601,22221,
7103,陕西师范大学,2024,江苏,本科批,物理类,（06）,,606,26287,
7103,陕西师范大学,2024,江苏,本科批,物理类,（05）,,594,35656,
7104,西安交通大学,2024,江苏,本科批,物理类,（02）,,650,4770,
7104,西安交通大学,2024,江苏,本科批,物理类,,,629,1172,
7105,西安电子科技大学,2024,江苏,本科批,物理类,,,626,9940,
7107,长安大学,2024,江苏,本科批,物理类,（02）,,590,33980,
7107,长安大学,2024,江苏,本科批,物理类,,,586,17929,
7108,西安建筑科技大学,2024,江苏,本科批,物理类,,,549,65949,
7109,西北政法大学,2024,江苏,本科批,物理类,（02）,,616,17342,
7110,西安工程大学,2024,江苏,本科批,物理类,（03）,,540,90893,
7110,西安工程大学,2024,江苏,本科批,物理类,（04）,,528,70429,
7111,西安财经大学,2024,江苏,本科批,物理类,,,545,50217,
7111,西安财经大学,2024,江苏,本科批,物理类,（04）,,559,68148,
7112,西安理工大学,2024,江苏,本科批,物理类,（01）,,570,52209,
7112,西安理工大学,2024,江苏,本科批,物理类,（02）,,574,39949,
7113,西安石油大学,2024,江苏,本科批,物理类,（02）,,545,82303,
7113,西安石油大学,2024,江苏,本科批,物理类,（03）,,535,55258,
7114,西安医学院,2024,江苏,本科批,物理类,（03）,,565,63762,
7114,西安医学院,2024,江苏,本科批,物理类,（04）,,593,36502,
7115,西安工业大学,2024,江苏,本科批,物理类,（02）,,567,55258,
7115,西安工业大学,2024,江苏,本科批,物理类,,,552,41690,
7116,西安邮电大学,2024,江苏,本科批,物理类,（02）,,572,43562,
7116,西安邮电大学,2024,江苏,本科批,物理类,（04）,,592,32341,
7117,西安外国语大学,2024,江苏,本科批,物理类,（04）,,548,53203,
7118,西安科技大学,2024,江苏,本科批,物理类,（01）,,560,63762,
7118,西安科技大学,2024,江苏,本科批,物理类,（02）,,557,50217,
7118,西安科技大学,2024,江苏,本科批,物理类,（03）,,568,60584,
7122,西安文理学院,2024,江苏,本科批,物理类,（03）,,491,141246,
7131,西安航空学院,2024,江苏,本科批,物理类,,,502,111412,
7138,陕西中医药大学,2024,江苏,本科批,物理类,,,557,46287,
7140,渭南师范学院,2024,江苏,本科批,物理类,（03）,,517,119050,
7140,渭南师范学院,2024,江苏,本科批,物理类,（04）,,491,130825,
7141,西北农林科技大学,2024,江苏,本科批,物理类,（02）,,606,21588,
7141,西北农林科技大学,2024,江苏,本科批,物理类,,,589,12577,
7141,西北农林科技大学,2024,江苏,本科批,物理类,（05）,,623,15669,
7141,西北农林科技大学,2024,江苏,本科批,物理类,（07）,,616,19693,
7141,西北农林科技大学,2024,江苏,本科批,物理类,（06）,,611,22842,
7142,延安大学,2024,江苏,本科批,物理类,,,534,93432,
7142,延安大学,2024,江苏,本科批,物理类,（05）,,530,88414,
7150,陕西学前师范学院,2024,江苏,本科批,物理类,（02）,,512,129567,
7150,陕西学前师范学院,2024,江苏,本科批,物理类,（03）,,491,138641,
7150,陕西学前师范学院,2024,江苏,本科批,物理类,（04）,,517,122990,
7151,陕西科技大学,2024,江苏,本科批,物理类,（02）,,557,72743,
7151,陕西科技大学,2024,江苏,本科批,物理类,,,541,57398,
7162,宝鸡文理学院,2024,江苏,本科批,物理类,（02）,,495,142526,
7165,咸阳师范学院,2024,江苏,本科批,物理类,（02）,,511,130825,
7166,商洛学院,2024,江苏,本科批,物理类,,,496,139961,
7167,陕西理工大学,2024,江苏,本科批,物理类,（04）,,532,93432,
7167,陕西理工大学,2024,江苏,本科批,物理类,,,501,87181,
7167,陕西理工大学,2024,江苏,本科批,物理类,（08）,,549,82303,
7167,陕西理工大学,2024,江苏,本科批,物理类,（07）,,522,116477,
7201,兰州大学,2024,江苏,本科批,物理类,（03）,,631,11629,
7201,兰州大学,2024,江苏,本科批,物理类,,,629,9144,
7202,兰州理工大学,2024,江苏,本科批,物理类,（02）,,534,94704,
7202,兰州理工大学,2024,江苏,本科批,物理类,（03）,,493,71599,
7203,兰州财经大学,2024,江苏,本科批,物理类,（02）,,527,96022,
7203,兰州财经大学,2024,江苏,本科批,物理类,（03）,,536,98546,
7204,兰州交通大学,2024,江苏,本科批,物理类,（02）,,545,65949,
7204,兰州交通大学,2024,江苏,本科批,物理类,（03）,,547,32341,
7205,西北民族大学,2024,江苏,本科批,物理类,,,523,115153,
7205,西北民族大学,2024,江苏,本科批,物理类,（08）,,493,106217,
7206,甘肃农业大学,2024,江苏,本科批,物理类,（02）,,530,106217,
7206,甘肃农业大学,2024,江苏,本科批,物理类,（03）,,510,132149,
7207,甘肃政法大学,2024,江苏,本科批,物理类,,,551,73918,
7207,甘肃政法大学,2024,江苏,本科批,物理类,（05）,,542,83547,
7211,陇东学院,2024,江苏,本科批,物理类,（02）,,508,134800,
7211,陇东学院,2024,江苏,本科批,物理类,（03）,,491,147674,
7214,西北师范大学,2024,江苏,本科批,物理类,（03）,,542,82303,
7214,西北师范大学,2024,江苏,本科批,物理类,（04）,,532,89635,
7214,西北师范大学,2024,江苏,本科批,物理类,（05）,,553,77480,
7216,天水师范大学,2024,江苏,本科批,物理类,（03）,,474,161179,
7217,兰州工业学院,2024,江苏,本科批,物理类,（01）,,493,141246,
7218,兰州城市学院,2024,江苏,本科批,物理类,（04）,,509,130825,
7218,兰州城市学院,2024,江苏,本科批,物理类,（05）,,490,156374,
7218,兰州城市学院,2024,江苏,本科批,物理类,（07）,,507,136073,
7218,兰州城市学院,2024,江苏,本科批,物理类,（06）,,507,136073,
7219,兰州文理学院,2024,江苏,本科批,物理类,（02）,,499,143833,
7220,甘肃医学院,2024,江苏,本科批,物理类,,,522,71599,
7222,兰州石化职业技术大学,2024,江苏,本科批,物理类,（03）,,496,147674,
7223,兰州资源环境职业技术大学,2024,江苏,本科批,物理类,（01）,,510,132149,
7224,甘肃中医药大学,2024,江苏,本科批,物理类,,,510,48269,
7301,青海大学,2024,江苏,本科批,物理类,（01）,,588,36502,
7301,青海大学,2024,江苏,本科批,物理类,（02）,,595,34819,
7302,青海民族大学,2024,江苏,本科批,物理类,（03）,,495,151408,
7302,青海民族大学,2024,江苏,本科批,物理类,（05）,,487,161179,
7302,青海民族大学,2024,江苏,本科批,物理类,（04）,,515,108842,
7303,青海师范大学,2024,江苏,本科批,物理类,（02）,,522,116477,
7303,青海师范大学,2024,江苏,本科批,物理类,（03）,,519,120389,
7304,青海职业技术大学,2024,江苏,本科批,物理类,（02）,,498,143833,
7305,青海理工学院,2024,江苏,本科批,物理类,（01）,,504,139961,
7305,青海理工学院,2024,江苏,本科批,物理类,（02）,,490,153885,
7401,北方民族大学,2024,江苏,本科批,物理类,（02）,,518,119050,
7401,北方民族大学,2024,江苏,本科批,物理类,,,513,102418,
7402,宁夏大学,2024,江苏,本科批,物理类,,,586,32341,
7403,宁夏医科大学,2024,江苏,本科批,物理类,（01）,,538,36502,
7403,宁夏医科大学,2024,江苏,本科批,物理类,（02）,,532,103671,
7501,新疆大学,2024,江苏,本科批,物理类,（03）,,573,42593,
7501,新疆大学,2024,江苏,本科批,物理类,,,568,37357,
7501,新疆大学,2024,江苏,本科批,物理类,（07）,,571,42593,
7501,新疆大学,2024,江苏,本科批,物理类,（06）,,567,61604,
7502,新疆师范大学,2024,江苏,本科批,物理类,（02）,,505,116477,
7502,新疆师范大学,2024,江苏,本科批,物理类,（03）,,500,112671,
7502,新疆师范大学,2024,江苏,本科批,物理类,（04）,,525,96022,
7503,新疆农业大学,2024,江苏,本科批,物理类,,,484,122990,
7504,中国石油大学（北京）克拉玛依校区,2024,江苏,本科批,物理类,（01）,,573,50217,
7504,中国石油大学（北京）克拉玛依校区,2024,江苏,本科批,物理类,（02）,,578,39949,
7505,新疆财经大学,2024,江苏,本科批,物理类,,,506,98546,
7505,新疆财经大学,2024,江苏,本科批,物理类,（05）,,500,132149,
7505,新疆财经大学,2024,江苏,本科批,物理类,（06）,,520,111412,
7507,昌吉学院,2024,江苏,本科批,物理类,（02）,,499,146448,
7507,昌吉学院,2024,江苏,本科批,物理类,（03）,,482,161179,
7508,新疆艺术学院,2024,江苏,本科批,物理类,（02）,,501,143833,
7509,新疆工程学院,2024,江苏,本科批,物理类,（01）,,484,151408,
7511,石河子大学,2024,江苏,本科批,物理类,（02）,,563,53203,
7511,石河子大学,2024,江苏,本科批,物理类,,,566,51190,
7512,新疆科技学院,2024,江苏,本科批,物理类,（02）,,502,138641,
7512,新疆科技学院,2024,江苏,本科批,物理类,（03）,,483,153885,
7512,新疆科技学院,2024,江苏,本科批,物理类,（04）,,489,158766,
7512,新疆科技学院,2024,江苏,本科批,物理类,（06）,,501,143833,
7512,新疆科技学院,2024,江苏,本科批,物理类,（05）,,508,134800,
7513,新疆理工学院,2024,江苏,本科批,物理类,（02）,,502,137345,
7513,新疆理工学院,2024,江苏,本科批,物理类,（03）,,484,143833,
7521,伊犁师范大学,2024,江苏,本科批,物理类,（04）,,503,138641,
7521,伊犁师范大学,2024,江苏,本科批,物理类,（05）,,484,156374,
7521,伊犁师范大学,2024,江苏,本科批,物理类,（06）,,506,136073,
7523,新疆和田学院,2024,江苏,本科批,物理类,（04）,,505,138641,
7523,新疆和田学院,2024,江苏,本科批,物理类,（05）,,484,159982,
7526,塔里木大学,2024,江苏,本科批,物理类,（02）,,490,150226,
7527,新疆医科大学,2024,江苏,本科批,物理类,（01）,,532,99843,
7527,新疆医科大学,2024,江苏,本科批,物理类,（02）,,535,49218,
7529,喀什大学,2024,江苏,本科批,物理类,（03）,,507,121728,
7529,喀什大学,2024,江苏,本科批,物理类,（04）,,490,151408,
7531,新疆政法学院,2024,江苏,本科批,物理类,（03）,,504,134800,
7531,新疆政法学院,2024,江苏,本科批,物理类,（04）,,486,161179,
7531,新疆政法学院,2024,江苏,本科批,物理类,（05）,,503,141246,
8001,上海杉达学院,2024,江苏,本科批,物理类,（03）,,492,145118,
8001,上海杉达学院,2024,江苏,本科批,物理类,（04）,,462,158766,
8002,上海建桥学院,2024,江苏,本科批,物理类,（03）,,493,145118,
8002,上海建桥学院,2024,江苏,本科批,物理类,（04）,,467,156374,
8003,上海兴伟学院,2024,江苏,本科批,物理类,（02）,,465,185002,
8004,上海视觉艺术学院,2024,江苏,本科批,物理类,（02）,,505,138641,
8005,上海外国语大学贤达经济人文学院,2024,江苏,本科批,物理类,,,476,162352,
8006,上海师范大学天华学院,2024,江苏,本科批,物理类,,,473,171387,
8006,上海师范大学天华学院,2024,江苏,本科批,物理类,（04）,,462,165768,
8023,上海立达学院,2024,江苏,本科批,物理类,（03）,,468,162352,
8023,上海立达学院,2024,江苏,本科批,物理类,（04）,,462,186046,
8029,上海中侨职业技术大学,2024,江苏,本科批,物理类,（03）,,480,153885,
8030,浙江万里学院,2024,江苏,本科批,物理类,,,489,124308,
8030,浙江万里学院,2024,江苏,本科批,物理类,（06）,,487,148964,
8031,浙江树人学院,2024,江苏,本科批,物理类,（02）,,483,145118,
8031,浙江树人学院,2024,江苏,本科批,物理类,（03）,,462,174679,
8032,浙江越秀外国语学院,2024,江苏,本科批,物理类,（02）,,476,158766,
8032,浙江越秀外国语学院,2024,江苏,本科批,物理类,（03）,,465,185002,
8033,宁波财经学院,2024,江苏,本科批,物理类,（02）,,482,147674,
8033,宁波财经学院,2024,江苏,本科批,物理类,（03）,,462,163468,
8036,浙江工业大学之江学院,2024,江苏,本科批,物理类,（02）,,492,148964,
8036,浙江工业大学之江学院,2024,江苏,本科批,物理类,（03）,,466,163468,
8037,浙江师范大学行知学院,2024,江苏,本科批,物理类,（02）,,473,157611,
8037,浙江师范大学行知学院,2024,江苏,本科批,物理类,（03）,,504,139961,
8038,宁波大学科学技术学院,2024,江苏,本科批,物理类,（02）,,491,147674,
8038,宁波大学科学技术学院,2024,江苏,本科批,物理类,（03）,,462,148964,
8039,杭州电子科技大学信息工程学院,2024,江苏,本科批,物理类,（01）,,506,137345,
8039,杭州电子科技大学信息工程学院,2024,江苏,本科批,物理类,（02）,,482,157611,
8040,浙江理工大学科技与艺术学院,2024,江苏,本科批,物理类,（01）,,490,148964,
8040,浙江理工大学科技与艺术学院,2024,江苏,本科批,物理类,（02）,,463,170310,
8042,浙江农林大学暨阳学院,2024,江苏,本科批,物理类,（02）,,462,179916,
8042,浙江农林大学暨阳学院,2024,江苏,本科批,物理类,（03）,,492,155088,
8043,温州医科大学仁济学院,2024,江苏,本科批,物理类,,,490,150226,
8046,绍兴理工学院,2024,江苏,本科批,物理类,（02）,,487,145118,
8046,绍兴理工学院,2024,江苏,本科批,物理类,（03）,,464,179916,
8048,浙江工商大学杭州商学院,2024,江苏,本科批,物理类,（02）,,492,133496,
8048,浙江工商大学杭州商学院,2024,江苏,本科批,物理类,（03）,,479,165768,
8050,中国计量大学现代科技学院,2024,江苏,本科批,物理类,（01）,,536,98546,
8050,中国计量大学现代科技学院,2024,江苏,本科批,物理类,（02）,,515,108842,
8051,浙江财经大学东方学院,2024,江苏,本科批,物理类,（02）,,490,151408,
8051,浙江财经大学东方学院,2024,江苏,本科批,物理类,（03）,,474,175746,
8052,温州商学院,2024,江苏,本科批,物理类,（03）,,486,148964,
8052,温州商学院,2024,江苏,本科批,物理类,（04）,,463,186046,
8054,上海财经大学浙江学院,2024,江苏,本科批,物理类,（02）,,495,146448,
8054,上海财经大学浙江学院,2024,江苏,本科批,物理类,（03）,,480,168025,
8077,浙江广厦建设职业技术大学,2024,江苏,本科批,物理类,（02）,,491,128299,
8080,安徽三联学院,2024,江苏,本科批,物理类,（02）,,490,152611,
8080,安徽三联学院,2024,江苏,本科批,物理类,（03）,,464,179916,
8081,安徽新华学院,2024,江苏,本科批,物理类,（02）,,482,159982,
8081,安徽新华学院,2024,江苏,本科批,物理类,（03）,,462,185002,
8082,安徽文达信息工程学院,2024,江苏,本科批,物理类,（02）,,489,157611,
8083,安徽外国语学院,2024,江苏,本科批,物理类,（02）,,481,159982,
8084,蚌埠工商学院,2024,江苏,本科批,物理类,（02）,,497,143833,
8084,蚌埠工商学院,2024,江苏,本科批,物理类,（03）,,480,169209,
8086,安徽信息工程学院,2024,江苏,本科批,物理类,（01）,,475,165768,
8087,马鞍山学院,2024,江苏,本科批,物理类,（02）,,498,147674,
8087,马鞍山学院,2024,江苏,本科批,物理类,（03）,,479,159982,
8088,合肥城市学院,2024,江苏,本科批,物理类,（02）,,484,158766,
8088,合肥城市学院,2024,江苏,本科批,物理类,（03）,,462,168025,
8090,芜湖学院,2024,江苏,本科批,物理类,（02）,,476,173584,
8091,安徽医科大学临床医学院,2024,江苏,本科批,物理类,（01）,,501,143833,
8094,皖江工学院,2024,江苏,本科批,物理类,,,481,155088,
8094,皖江工学院,2024,江苏,本科批,物理类,（04）,,462,139961,
8120,厦门华厦学院,2024,江苏,本科批,物理类,（01）,,479,158766,
8120,厦门华厦学院,2024,江苏,本科批,物理类,（02）,,462,180999,
8121,闽南理工学院,2024,江苏,本科批,物理类,（02）,,487,153885,
8121,闽南理工学院,2024,江苏,本科批,物理类,（03）,,464,186046,
8122,闽南科技学院,2024,江苏,本科批,物理类,（01）,,486,162352,
8122,闽南科技学院,2024,江苏,本科批,物理类,（02）,,465,178869,
8124,厦门工学院,2024,江苏,本科批,物理类,（02）,,477,161179,
8124,厦门工学院,2024,江苏,本科批,物理类,（03）,,462,170310,
8125,阳光学院,2024,江苏,本科批,物理类,,,474,162352,
8125,阳光学院,2024,江苏,本科批,物理类,（04）,,462,179916,
8126,厦门大学嘉庚学院,2024,江苏,本科批,物理类,,,492,128299,
8126,厦门大学嘉庚学院,2024,江苏,本科批,物理类,（04）,,462,162352,
8127,福州大学至诚学院,2024,江苏,本科批,物理类,（02）,,481,166885,
8127,福州大学至诚学院,2024,江苏,本科批,物理类,（03）,,462,161179,
8128,集美大学诚毅学院,2024,江苏,本科批,物理类,（02）,,489,155088,
8128,集美大学诚毅学院,2024,江苏,本科批,物理类,（03）,,464,171387,
8130,福州外语外贸学院,2024,江苏,本科批,物理类,（02）,,486,162352,
8130,福州外语外贸学院,2024,江苏,本科批,物理类,（03）,,467,182987,
8132,仰恩大学,2024,江苏,本科批,物理类,（02）,,494,152611,
8133,泉州信息工程学院,2024,江苏,本科批,物理类,（01）,,462,184006,
8170,江西科技学院,2024,江苏,本科批,物理类,（03）,,482,166885,
8170,江西科技学院,2024,江苏,本科批,物理类,（04）,,462,179916,
8171,江西工程学院,2024,江苏,本科批,物理类,（02）,,476,172470,
8172,南昌理工学院,2024,江苏,本科批,物理类,（02）,,492,150226,
8172,南昌理工学院,2024,江苏,本科批,物理类,（03）,,462,175746,
8173,江西应用科技学院,2024,江苏,本科批,物理类,（03）,,480,168025,
8174,江西服装学院,2024,江苏,本科批,物理类,（02）,,478,171387,
8174,江西服装学院,2024,江苏,本科批,物理类,（03）,,462,185002,
8175,南昌工学院,2024,江苏,本科批,物理类,（04）,,479,168025,
8175,南昌工学院,2024,江苏,本科批,物理类,（05）,,462,177856,
8176,南昌大学科学技术学院,2024,江苏,本科批,物理类,（02）,,492,153885,
8176,南昌大学科学技术学院,2024,江苏,本科批,物理类,（03）,,481,158766,
8177,南昌大学共青学院,2024,江苏,本科批,物理类,（02）,,488,159982,
8177,南昌大学共青学院,2024,江苏,本科批,物理类,（03）,,478,171387,
8178,南昌交通学院,2024,江苏,本科批,物理类,（02）,,489,158766,
8178,南昌交通学院,2024,江苏,本科批,物理类,（03）,,464,168025,
8180,南昌航空大学科技学院,2024,江苏,本科批,物理类,（02）,,493,142526,
8180,南昌航空大学科技学院,2024,江苏,本科批,物理类,（03）,,471,163468,
8183,江西农业大学南昌商学院,2024,江苏,本科批,物理类,（03）,,489,153885,
8183,江西农业大学南昌商学院,2024,江苏,本科批,物理类,（04）,,482,161179,
8183,江西农业大学南昌商学院,2024,江苏,本科批,物理类,（05）,,493,153885,
8185,江西师范大学科学技术学院,2024,江苏,本科批,物理类,（02）,,490,153885,
8185,江西师范大学科学技术学院,2024,江苏,本科批,物理类,（03）,,472,177856,
8186,景德镇艺术职业大学,2024,江苏,本科批,物理类,（02）,,493,138641,
8187,南昌应用技术师范学院,2024,江苏,本科批,物理类,（03）,,497,148964,
8187,南昌应用技术师范学院,2024,江苏,本科批,物理类,（04）,,468,176812,
8188,江西财经大学现代经济管理学院,2024,江苏,本科批,物理类,,,489,147674,
8188,江西财经大学现代经济管理学院,2024,江苏,本科批,物理类,（06）,,485,163468,
8210,齐鲁医药学院,2024,江苏,本科批,物理类,（02）,,494,146448,
8210,齐鲁医药学院,2024,江苏,本科批,物理类,（03）,,481,168025,
8211,青岛滨海学院,2024,江苏,本科批,物理类,（02）,,481,159982,
8211,青岛滨海学院,2024,江苏,本科批,物理类,（03）,,462,170310,
8212,烟台南山学院,2024,江苏,本科批,物理类,（02）,,469,171387,
8213,潍坊科技学院,2024,江苏,本科批,物理类,（03）,,490,156374,
8213,潍坊科技学院,2024,江苏,本科批,物理类,（04）,,477,168025,
8214,山东英才学院,2024,江苏,本科批,物理类,（02）,,462,182987,
8215,青岛恒星科技学院,2024,江苏,本科批,物理类,（03）,,479,170310,
8215,青岛恒星科技学院,2024,江苏,本科批,物理类,（04）,,462,180999,
8216,青岛黄海学院,2024,江苏,本科批,物理类,（02）,,487,139961,
8216,青岛黄海学院,2024,江苏,本科批,物理类,（03）,,462,178869,
8217,山东现代学院,2024,江苏,本科批,物理类,（02）,,479,170310,
8217,山东现代学院,2024,江苏,本科批,物理类,（03）,,462,180999,
8218,山东协和学院,2024,江苏,本科批,物理类,（02）,,490,155088,
8218,山东协和学院,2024,江苏,本科批,物理类,（03）,,467,157611,
8219,烟台理工学院,2024,江苏,本科批,物理类,（02）,,500,145118,
8219,烟台理工学院,2024,江苏,本科批,物理类,（03）,,480,161179,
8220,青岛城市学院,2024,江苏,本科批,物理类,,,480,141246,
8223,泰山科技学院,2024,江苏,本科批,物理类,（03）,,489,158766,
8223,泰山科技学院,2024,江苏,本科批,物理类,（04）,,462,178869,
8225,青岛工学院,2024,江苏,本科批,物理类,（02）,,482,155088,
8225,青岛工学院,2024,江苏,本科批,物理类,（03）,,462,178869,
8226,青岛农业大学海都学院,2024,江苏,本科批,物理类,（03）,,492,153885,
8226,青岛农业大学海都学院,2024,江苏,本科批,物理类,（04）,,469,169209,
8226,青岛农业大学海都学院,2024,江苏,本科批,物理类,（05）,,490,157611,
8227,齐鲁理工学院,2024,江苏,本科批,物理类,（02）,,481,158766,
8227,齐鲁理工学院,2024,江苏,本科批,物理类,（03）,,462,175746,
8228,山东财经大学东方学院,2024,江苏,本科批,物理类,（02）,,493,148964,
8228,山东财经大学东方学院,2024,江苏,本科批,物理类,（03）,,477,172470,
8230,烟台科技学院,2024,江苏,本科批,物理类,（02）,,465,185002,
8231,青岛电影学院,2024,江苏,本科批,物理类,（02）,,526,111412,
8249,山东工程职业技术大学,2024,江苏,本科批,物理类,（02）,,492,150226,
8260,北京城市学院,2024,江苏,本科批,物理类,（02）,,487,145118,
8260,北京城市学院,2024,江苏,本科批,物理类,（03）,,465,159982,
8260,北京城市学院,2024,江苏,本科批,物理类,（04）,,506,137345,
8262,首都师范大学科德学院,2024,江苏,本科批,物理类,（02）,,466,182987,
8262,首都师范大学科德学院,2024,江苏,本科批,物理类,（03）,,466,184006,
8263,北京金融科技学院,2024,江苏,本科批,物理类,（02）,,463,168025,
8263,北京金融科技学院,2024,江苏,本科批,物理类,（03）,,463,186998,
8264,北京邮电大学世纪学院,2024,江苏,本科批,物理类,（02）,,470,178869,
8264,北京邮电大学世纪学院,2024,江苏,本科批,物理类,（03）,,462,179916,
8265,北京工业大学耿丹学院,2024,江苏,本科批,物理类,（02）,,467,180999,
8265,北京工业大学耿丹学院,2024,江苏,本科批,物理类,（03）,,467,182987,
8266,北京第二外国语学院中瑞酒店管理学院,2024,江苏,本科批,物理类,（02）,,466,175746,
8290,天津天狮学院,2024,江苏,本科批,物理类,（03）,,486,156374,
8290,天津天狮学院,2024,江苏,本科批,物理类,（04）,,465,174679,
8291,天津外国语大学滨海外事学院,2024,江苏,本科批,物理类,（02）,,488,152611,
8293,天津商业大学宝德学院,2024,江苏,本科批,物理类,,,481,141246,
8294,天津医科大学临床医学院,2024,江苏,本科批,物理类,（02）,,489,156374,
8297,天津理工大学中环信息学院,2024,江苏,本科批,物理类,（02）,,491,156374,
8297,天津理工大学中环信息学院,2024,江苏,本科批,物理类,（03）,,463,155088,
8298,北京科技大学天津学院,2024,江苏,本科批,物理类,（02）,,489,158766,
8298,北京科技大学天津学院,2024,江苏,本科批,物理类,（03）,,462,187958,
8299,天津仁爱学院,2024,江苏,本科批,物理类,（02）,,473,173584,
8299,天津仁爱学院,2024,江苏,本科批,物理类,（03）,,462,180999,
8301,天津财经大学珠江学院,2024,江苏,本科批,物理类,（02）,,489,156374,
8301,天津财经大学珠江学院,2024,江苏,本科批,物理类,（03）,,467,182987,
8313,河北科技学院,2024,江苏,本科批,物理类,（02）,,480,159982,
8313,河北科技学院,2024,江苏,本科批,物理类,（03）,,463,172470,
8314,河北外国语学院,2024,江苏,本科批,物理类,,,478,163468,
8316,华北理工大学轻工学院,2024,江苏,本科批,物理类,,,487,161179,
8316,华北理工大学轻工学院,2024,江苏,本科批,物理类,（04）,,462,186998,
8318,河北经贸大学经济管理学院,2024,江苏,本科批,物理类,（02）,,489,158766,
8320,河北工程大学科信学院,2024,江苏,本科批,物理类,（01）,,496,150226,
8320,河北工程大学科信学院,2024,江苏,本科批,物理类,（02）,,482,151408,
8323,石家庄铁道大学四方学院,2024,江苏,本科批,物理类,（02）,,498,147674,
8323,石家庄铁道大学四方学院,2024,江苏,本科批,物理类,（03）,,487,143833,
8324,河北地质大学华信学院,2024,江苏,本科批,物理类,（02）,,484,158766,
8324,河北地质大学华信学院,2024,江苏,本科批,物理类,,,464,176812,
8326,保定理工学院,2024,江苏,本科批,物理类,（02）,,478,159982,
8326,保定理工学院,2024,江苏,本科批,物理类,（03）,,462,186046,
8327,燕京理工学院,2024,江苏,本科批,物理类,（02）,,484,161179,
8327,燕京理工学院,2024,江苏,本科批,物理类,（03）,,474,157611,
8328,北京中医药大学东方学院,2024,江苏,本科批,物理类,（02）,,486,159982,
8329,沧州交通学院,2024,江苏,本科批,物理类,（02）,,476,159982,
8329,沧州交通学院,2024,江苏,本科批,物理类,（03）,,462,177856,
8330,河北东方学院,2024,江苏,本科批,物理类,（02）,,473,169209,
8360,山西应用科技学院,2024,江苏,本科批,物理类,（02）,,487,157611,
8363,晋中信息学院,2024,江苏,本科批,物理类,（03）,,479,162352,
8364,山西晋中理工学院,2024,江苏,本科批,物理类,（02）,,468,177856,
8366,山西工商学院,2024,江苏,本科批,物理类,（02）,,490,157611,
8366,山西工商学院,2024,江苏,本科批,物理类,（03）,,469,180999,
8379,运城职业技术大学,2024,江苏,本科批,物理类,（02）,,498,139961,
8401,辽宁对外经贸学院,2024,江苏,本科批,物理类,（02）,,469,165768,
8402,大连理工大学城市学院,2024,江苏,本科批,物理类,（02）,,476,159982,
8402,大连理工大学城市学院,2024,江苏,本科批,物理类,（03）,,462,176812,
8404,沈阳工学院,2024,江苏,本科批,物理类,（01）,,481,158766,
8404,沈阳工学院,2024,江苏,本科批,物理类,（02）,,462,173584,
8405,大连工业大学艺术与信息工程学院,2024,江苏,本科批,物理类,（01）,,480,165768,
8405,大连工业大学艺术与信息工程学院,2024,江苏,本科批,物理类,（02）,,465,181983,
8406,大连科技学院,2024,江苏,本科批,物理类,（02）,,486,162352,
8406,大连科技学院,2024,江苏,本科批,物理类,（03）,,462,175746,
8407,沈阳城市建设学院,2024,江苏,本科批,物理类,（02）,,471,175746,
8407,沈阳城市建设学院,2024,江苏,本科批,物理类,（03）,,463,181983,
8408,大连医科大学中山学院,2024,江苏,本科批,物理类,（02）,,470,158766,
8408,大连医科大学中山学院,2024,江苏,本科批,物理类,（03）,,462,185002,
8411,大连财经学院,2024,江苏,本科批,物理类,（02）,,487,158766,
8412,沈阳城市学院,2024,江苏,本科批,物理类,（02）,,470,168025,
8412,沈阳城市学院,2024,江苏,本科批,物理类,（03）,,463,181983,
8416,大连东软信息学院,2024,江苏,本科批,物理类,（01）,,474,163468,
8416,大连东软信息学院,2024,江苏,本科批,物理类,（02）,,462,182987,
8417,辽宁师范大学海华学院,2024,江苏,本科批,物理类,（02）,,479,156374,
8417,辽宁师范大学海华学院,2024,江苏,本科批,物理类,（03）,,473,176812,
8440,吉林外国语大学,2024,江苏,本科批,物理类,,,465,147674,
8440,吉林外国语大学,2024,江苏,本科批,物理类,（05）,,466,178869,
8441,长春光华学院,2024,江苏,本科批,物理类,,,475,161179,
8441,长春光华学院,2024,江苏,本科批,物理类,（05）,,462,182987,
8442,长春工业大学人文信息学院,2024,江苏,本科批,物理类,（02）,,471,163468,
8442,长春工业大学人文信息学院,2024,江苏,本科批,物理类,（03）,,463,175746,
8443,长春电子科技学院,2024,江苏,本科批,物理类,（02）,,462,172470,
8444,长春财经学院,2024,江苏,本科批,物理类,,,468,162352,
8444,长春财经学院,2024,江苏,本科批,物理类,（04）,,462,178869,
8445,吉林建筑科技学院,2024,江苏,本科批,物理类,（02）,,469,176812,
8445,吉林建筑科技学院,2024,江苏,本科批,物理类,（03）,,462,169209,
8446,长春建筑学院,2024,江苏,本科批,物理类,（01）,,468,176812,
8446,长春建筑学院,2024,江苏,本科批,物理类,（02）,,462,180999,
8447,长春科技学院,2024,江苏,本科批,物理类,（02）,,468,180999,
8447,长春科技学院,2024,江苏,本科批,物理类,（03）,,462,175746,
8448,吉林动画学院,2024,江苏,本科批,物理类,（01）,,475,174679,
8448,吉林动画学院,2024,江苏,本科批,物理类,（02）,,462,178869,
8449,吉林师范大学博达学院,2024,江苏,本科批,物理类,（03）,,468,180999,
8449,吉林师范大学博达学院,2024,江苏,本科批,物理类,（04）,,462,182987,
8450,长春大学旅游学院,2024,江苏,本科批,物理类,（02）,,468,163468,
8450,长春大学旅游学院,2024,江苏,本科批,物理类,（03）,,462,178869,
8451,长春人文学院,2024,江苏,本科批,物理类,,,471,169209,
8451,长春人文学院,2024,江苏,本科批,物理类,（05）,,463,182987,
8470,黑龙江东方学院,2024,江苏,本科批,物理类,（02）,,462,186046,
8472,黑龙江财经学院,2024,江苏,本科批,物理类,（02）,,476,159982,
8472,黑龙江财经学院,2024,江苏,本科批,物理类,（03）,,462,181983,
8473,哈尔滨石油学院,2024,江苏,本科批,物理类,（02）,,469,180999,
8474,哈尔滨广厦学院,2024,江苏,本科批,物理类,（02）,,467,182987,
8475,哈尔滨华德学院,2024,江苏,本科批,物理类,（02）,,454,172470,
8483,黑龙江工商学院,2024,江苏,本科批,物理类,（01）,,462,187958,
8501,黄河科技学院,2024,江苏,本科批,物理类,（02）,,489,157611,
8501,黄河科技学院,2024,江苏,本科批,物理类,（03）,,469,174679,
8502,郑州科技学院,2024,江苏,本科批,物理类,（02）,,488,156374,
8502,郑州科技学院,2024,江苏,本科批,物理类,（03）,,494,152611,
8504,郑州财经学院,2024,江苏,本科批,物理类,（02）,,506,133496,
8504,郑州财经学院,2024,江苏,本科批,物理类,（03）,,490,142526,
8505,商丘工学院,2024,江苏,本科批,物理类,（01）,,473,171387,
8508,郑州工商学院,2024,江苏,本科批,物理类,（02）,,492,150226,
8508,郑州工商学院,2024,江苏,本科批,物理类,（03）,,470,172470,
8510,郑州商学院,2024,江苏,本科批,物理类,（02）,,495,148964,
8510,郑州商学院,2024,江苏,本科批,物理类,（03）,,489,158766,
8518,郑州西亚斯学院,2024,江苏,本科批,物理类,（02）,,467,174679,
8550,武汉东湖学院,2024,江苏,本科批,物理类,（03）,,479,157611,
8550,武汉东湖学院,2024,江苏,本科批,物理类,（04）,,462,175746,
8552,武昌首义学院,2024,江苏,本科批,物理类,（03）,,484,147674,
8552,武昌首义学院,2024,江苏,本科批,物理类,（04）,,467,159982,
8553,武昌理工学院,2024,江苏,本科批,物理类,（02）,,479,170310,
8553,武昌理工学院,2024,江苏,本科批,物理类,（03）,,464,170310,
8554,武汉生物工程学院,2024,江苏,本科批,物理类,（03）,,463,171387,
8555,武汉晴川学院,2024,江苏,本科批,物理类,（02）,,482,157611,
8555,武汉晴川学院,2024,江苏,本科批,物理类,（03）,,463,175746,
8556,湖北大学知行学院,2024,江苏,本科批,物理类,,,484,151408,
8557,武汉城市学院,2024,江苏,本科批,物理类,（02）,,488,145118,
8557,武汉城市学院,2024,江苏,本科批,物理类,（03）,,464,178869,
8558,三峡大学科技学院,2024,江苏,本科批,物理类,（03）,,492,152611,
8558,三峡大学科技学院,2024,江苏,本科批,物理类,（04）,,465,162352,
8559,湖北工业大学工程技术学院,2024,江苏,本科批,物理类,（02）,,462,182987,
8560,武汉工程大学邮电与信息工程学院,2024,江苏,本科批,物理类,（02）,,489,158766,
8560,武汉工程大学邮电与信息工程学院,2024,江苏,本科批,物理类,（03）,,462,171387,
8561,武汉纺织大学外经贸学院,2024,江苏,本科批,物理类,（03）,,482,157611,
8561,武汉纺织大学外经贸学院,2024,江苏,本科批,物理类,（04）,,462,172470,
8562,武昌工学院,2024,江苏,本科批,物理类,（02）,,478,155088,
8562,武昌工学院,2024,江苏,本科批,物理类,（03）,,462,166885,
8563,武汉工商学院,2024,江苏,本科批,物理类,（02）,,487,151408,
8563,武汉工商学院,2024,江苏,本科批,物理类,（03）,,468,177856,
8565,长江大学文理学院,2024,江苏,本科批,物理类,（02）,,504,139961,
8565,长江大学文理学院,2024,江苏,本科批,物理类,（03）,,468,165768,
8568,湖北医药学院药护学院,2024,江苏,本科批,物理类,（01）,,486,162352,
8570,湖北经济学院法商学院,2024,江苏,本科批,物理类,（02）,,487,159982,
8571,武汉体育学院体育科技学院,2024,江苏,本科批,物理类,（02）,,478,168025,
8572,湖北文理学院理工学院,2024,江苏,本科批,物理类,（02）,,487,159982,
8572,湖北文理学院理工学院,2024,江苏,本科批,物理类,（03）,,466,173584,
8573,文华学院,2024,江苏,本科批,物理类,（02）,,462,178869,
8574,武汉工程科技学院,2024,江苏,本科批,物理类,（03）,,481,168025,
8574,武汉工程科技学院,2024,江苏,本科批,物理类,（04）,,462,172470,
8575,武汉华夏理工学院,2024,江苏,本科批,物理类,（02）,,479,161179,
8575,武汉华夏理工学院,2024,江苏,本科批,物理类,（03）,,463,177856,
8576,武汉传媒学院,2024,江苏,本科批,物理类,（02）,,487,157611,
8576,武汉传媒学院,2024,江苏,本科批,物理类,（03）,,483,165768,
8577,武汉设计工程学院,2024,江苏,本科批,物理类,（02）,,462,182987,
8601,长沙医学院,2024,江苏,本科批,物理类,（02）,,480,164623,
8601,长沙医学院,2024,江苏,本科批,物理类,（03）,,471,168025,
8602,湖南涉外经济学院,2024,江苏,本科批,物理类,（02）,,474,165768,
8602,湖南涉外经济学院,2024,江苏,本科批,物理类,（03）,,463,165768,
8604,湖南工业大学科技学院,2024,江苏,本科批,物理类,（02）,,473,168025,
8605,湖南科技大学潇湘学院,2024,江苏,本科批,物理类,（02）,,486,155088,
8606,南华大学船山学院,2024,江苏,本科批,物理类,（02）,,475,168025,
8607,湘潭理工学院,2024,江苏,本科批,物理类,（02）,,487,161179,
8608,湖南农业大学东方科技学院,2024,江苏,本科批,物理类,（01）,,472,177856,
8609,常德学院,2024,江苏,本科批,物理类,（02）,,491,155088,
8610,岳阳学院,2024,江苏,本科批,物理类,（02）,,473,166885,
8612,湖南工程学院应用技术学院,2024,江苏,本科批,物理类,（01）,,489,157611,
8614,长沙理工大学城南学院,2024,江苏,本科批,物理类,（02）,,495,142526,
8614,长沙理工大学城南学院,2024,江苏,本科批,物理类,（03）,,478,162352,
8620,中南林业科技大学涉外学院,2024,江苏,本科批,物理类,（02）,,490,155088,
8620,中南林业科技大学涉外学院,2024,江苏,本科批,物理类,（03）,,479,170310,
8640,广东白云学院,2024,江苏,本科批,物理类,（02）,,470,179916,
8640,广东白云学院,2024,江苏,本科批,物理类,（03）,,462,187958,
8641,电子科技大学中山学院,2024,江苏,本科批,物理类,,,464,171387,
8642,广东东软学院,2024,江苏,本科批,物理类,,,463,176812,
8643,广州城市理工学院,2024,江苏,本科批,物理类,（02）,,473,161179,
8643,广州城市理工学院,2024,江苏,本科批,物理类,（03）,,467,172470,
8644,广州软件学院,2024,江苏,本科批,物理类,（01）,,462,164623,
8645,广州南方学院,2024,江苏,本科批,物理类,（02）,,479,153885,
8645,广州南方学院,2024,江苏,本科批,物理类,（03）,,468,165768,
8646,广东外语外贸大学南国商学院,2024,江苏,本科批,物理类,（02）,,479,170310,
8646,广东外语外贸大学南国商学院,2024,江苏,本科批,物理类,（03）,,470,179916,
8650,珠海科技学院,2024,江苏,本科批,物理类,（02）,,503,124308,
8650,珠海科技学院,2024,江苏,本科批,物理类,（03）,,504,124308,
8651,广州工商学院,2024,江苏,本科批,物理类,（02）,,469,180999,
8651,广州工商学院,2024,江苏,本科批,物理类,,,465,178869,
8652,东莞城市学院,2024,江苏,本科批,物理类,（02）,,462,176812,
8659,华南农业大学珠江学院,2024,江苏,本科批,物理类,（02）,,472,170310,
8659,华南农业大学珠江学院,2024,江苏,本科批,物理类,（03）,,463,186998,
8661,广州华立学院,2024,江苏,本科批,物理类,（02）,,476,173584,
8661,广州华立学院,2024,江苏,本科批,物理类,,,465,173584,
8665,广州新华学院,2024,江苏,本科批,物理类,（02）,,474,161179,
8665,广州新华学院,2024,江苏,本科批,物理类,（03）,,470,177856,
8668,广东理工学院,2024,江苏,本科批,物理类,（02）,,466,182987,
8710,南宁学院,2024,江苏,本科批,物理类,（02）,,476,172470,
8710,南宁学院,2024,江苏,本科批,物理类,（03）,,465,169209,
8713,柳州工学院,2024,江苏,本科批,物理类,（01）,,481,165768,
8713,柳州工学院,2024,江苏,本科批,物理类,（02）,,462,180999,
8713,柳州工学院,2024,江苏,本科批,物理类,（03）,,483,165768,
8714,桂林学院,2024,江苏,本科批,物理类,（02）,,478,161179,
8714,桂林学院,2024,江苏,本科批,物理类,（03）,,462,181983,
8715,广西中医药大学赛恩斯新医药学院,2024,江苏,本科批,物理类,（01）,,462,186998,
8716,桂林信息科技学院,2024,江苏,本科批,物理类,（02）,,472,176812,
8716,桂林信息科技学院,2024,江苏,本科批,物理类,（03）,,462,171387,
8718,广西外国语学院,2024,江苏,本科批,物理类,（02）,,472,166885,
8740,海口经济学院,2024,江苏,本科批,物理类,（03）,,466,169209,
8740,海口经济学院,2024,江苏,本科批,物理类,（04）,,462,179916,
8741,三亚学院,2024,江苏,本科批,物理类,,,467,166885,
8741,三亚学院,2024,江苏,本科批,物理类,（06）,,462,179916,
8757,海南科技职业大学,2024,江苏,本科批,物理类,（04）,,484,163468,
8760,成都东软学院,2024,江苏,本科批,物理类,（02）,,489,158766,
8760,成都东软学院,2024,江苏,本科批,物理类,（03）,,466,173584,
8761,电子科技大学成都学院,2024,江苏,本科批,物理类,（02）,,476,156374,
8762,成都理工大学工程技术学院,2024,江苏,本科批,物理类,（02）,,466,169209,
8763,四川传媒学院,2024,江苏,本科批,物理类,（02）,,484,164623,
8764,成都银杏酒店管理学院,2024,江苏,本科批,物理类,（02）,,484,161179,
8765,成都文理学院,2024,江苏,本科批,物理类,（02）,,493,153885,
8766,四川工商学院,2024,江苏,本科批,物理类,（02）,,483,165768,
8766,四川工商学院,2024,江苏,本科批,物理类,（03）,,470,179916,
8767,成都外国语学院,2024,江苏,本科批,物理类,（02）,,483,139961,
8769,成都锦城学院,2024,江苏,本科批,物理类,（02）,,493,146448,
8769,成都锦城学院,2024,江苏,本科批,物理类,（03）,,487,153885,
8770,西南财经大学天府学院,2024,江苏,本科批,物理类,,,489,155088,
8770,西南财经大学天府学院,2024,江苏,本科批,物理类,（06）,,468,181983,
8771,四川大学锦江学院,2024,江苏,本科批,物理类,（02）,,491,152611,
8771,四川大学锦江学院,2024,江苏,本科批,物理类,（03）,,478,158766,
8772,四川文化艺术学院,2024,江苏,本科批,物理类,（03）,,481,168025,
8774,西南交通大学希望学院,2024,江苏,本科批,物理类,（02）,,496,150226,
8774,西南交通大学希望学院,2024,江苏,本科批,物理类,（03）,,469,172470,
8775,四川电影电视学院,2024,江苏,本科批,物理类,（02）,,491,156374,
8781,吉利学院,2024,江苏,本科批,物理类,（02）,,480,169209,
8781,吉利学院,2024,江苏,本科批,物理类,（03）,,470,177856,
8801,重庆城市科技学院,2024,江苏,本科批,物理类,（03）,,485,156374,
8801,重庆城市科技学院,2024,江苏,本科批,物理类,（04）,,464,171387,
8802,重庆外语外事学院,2024,江苏,本科批,物理类,（02）,,486,158766,
8803,重庆对外经贸学院,2024,江苏,本科批,物理类,,,487,156374,
8803,重庆对外经贸学院,2024,江苏,本科批,物理类,（04）,,472,169209,
8804,重庆财经学院,2024,江苏,本科批,物理类,（02）,,497,138641,
8804,重庆财经学院,2024,江苏,本科批,物理类,（03）,,495,151408,
8805,重庆工商大学派斯学院,2024,江苏,本科批,物理类,（02）,,465,184006,
8806,重庆移通学院,2024,江苏,本科批,物理类,（03）,,495,150226,
8806,重庆移通学院,2024,江苏,本科批,物理类,,,462,158766,
8808,重庆人文科技学院,2024,江苏,本科批,物理类,（02）,,480,165768,
8841,贵阳人文科技学院,2024,江苏,本科批,物理类,（02）,,463,184006,
8848,茅台学院,2024,江苏,本科批,物理类,（01）,,498,147674,
8848,茅台学院,2024,江苏,本科批,物理类,（02）,,484,156374,
8870,滇池学院,2024,江苏,本科批,物理类,（02）,,475,172470,
8870,滇池学院,2024,江苏,本科批,物理类,（03）,,462,185002,
8871,丽江文化旅游学院,2024,江苏,本科批,物理类,（03）,,473,165768,
8871,丽江文化旅游学院,2024,江苏,本科批,物理类,（04）,,462,186998,
8872,昆明城市学院,2024,江苏,本科批,物理类,（03）,,478,168025,
8872,昆明城市学院,2024,江苏,本科批,物理类,（04）,,469,180999,
8873,昆明医科大学海源学院,2024,江苏,本科批,物理类,（02）,,481,168025,
8874,昆明传媒学院,2024,江苏,本科批,物理类,（02）,,478,171387,
8875,昆明文理学院,2024,江苏,本科批,物理类,（02）,,477,171387,
8875,昆明文理学院,2024,江苏,本科批,物理类,（03）,,473,159982,
8876,昆明理工大学津桥学院,2024,江苏,本科批,物理类,（02）,,483,161179,
8876,昆明理工大学津桥学院,2024,江苏,本科批,物理类,（03）,,463,165768,
8878,云南经济管理学院,2024,江苏,本科批,物理类,（03）,,481,168025,
8878,云南经济管理学院,2024,江苏,本科批,物理类,（04）,,463,186998,
8901,西安培华学院,2024,江苏,本科批,物理类,,,478,165768,
8901,西安培华学院,2024,江苏,本科批,物理类,（06）,,462,173584,
8902,西安欧亚学院,2024,江苏,本科批,物理类,（02）,,477,163468,
8902,西安欧亚学院,2024,江苏,本科批,物理类,,,462,182987,
8903,西安外事学院,2024,江苏,本科批,物理类,（03）,,486,162352,
8903,西安外事学院,2024,江苏,本科批,物理类,（04）,,467,179916,
8904,西安翻译学院,2024,江苏,本科批,物理类,（02）,,480,169209,
8904,西安翻译学院,2024,江苏,本科批,物理类,（03）,,462,172470,
8905,西京学院,2024,江苏,本科批,物理类,（02）,,507,136073,
8905,西京学院,2024,江苏,本科批,物理类,（03）,,475,168025,
8906,西安思源学院,2024,江苏,本科批,物理类,（02）,,486,161179,
8906,西安思源学院,2024,江苏,本科批,物理类,（03）,,462,181983,
8907,陕西国际商贸学院,2024,江苏,本科批,物理类,（02）,,479,170310,
8907,陕西国际商贸学院,2024,江苏,本科批,物理类,（03）,,468,181983,
8910,西安交通大学城市学院,2024,江苏,本科批,物理类,（02）,,492,150226,
8910,西安交通大学城市学院,2024,江苏,本科批,物理类,（03）,,466,162352,
8911,西北大学现代学院,2024,江苏,本科批,物理类,（01）,,480,146448,
8912,西安建筑科技大学华清学院,2024,江苏,本科批,物理类,（02）,,479,170310,
8912,西安建筑科技大学华清学院,2024,江苏,本科批,物理类,（03）,,466,176812,
8913,西安财经大学行知学院,2024,江苏,本科批,物理类,（02）,,483,165768,
8913,西安财经大学行知学院,2024,江苏,本科批,物理类,（03）,,482,166885,
8914,西安工商学院,2024,江苏,本科批,物理类,（03）,,478,162352,
8914,西安工商学院,2024,江苏,本科批,物理类,（04）,,466,175746,
8915,延安大学西安创新学院,2024,江苏,本科批,物理类,（01）,,468,181983,
8916,西安明德理工学院,2024,江苏,本科批,物理类,（02）,,488,159982,
8916,西安明德理工学院,2024,江苏,本科批,物理类,（03）,,462,175746,
8918,西安科技大学高新学院,2024,江苏,本科批,物理类,（02）,,486,162352,
8918,西安科技大学高新学院,2024,江苏,本科批,物理类,,,462,168025,
8940,兰州工商学院,2024,江苏,本科批,物理类,（02）,,477,162352,
8941,兰州博文科技学院,2024,江苏,本科批,物理类,（01）,,476,173584,
8941,兰州博文科技学院,2024,江苏,本科批,物理类,（02）,,462,180999,
8942,兰州信息科技学院,2024,江苏,本科批,物理类,（01）,,462,185002,
8970,宁夏理工学院,2024,江苏,本科批,物理类,（02）,,471,176812,
8970,宁夏理工学院,2024,江苏,本科批,物理类,（03）,,462,165768,
8971,宁夏大学新华学院,2024,江苏,本科批,物理类,（02）,,475,174679,
8971,宁夏大学新华学院,2024,江苏,本科批,物理类,（03）,,463,173584,
8972,银川能源学院,2024,江苏,本科批,物理类,（02）,,475,174679,
8972,银川能源学院,2024,江苏,本科批,物理类,（03）,,462,187958,
9112,香港珠海学院,2024,江苏,本科批,物理类,（02）,,501,132149,
,安徽大学纽约石溪学院,2024,江苏,本科批,物理类,,,587,39949,
105,陆军工程大学,2024,江苏,本科提前批,物理类,,,608,8379,
1106,南京信息工程大学,2024,江苏,本科提前批,物理类,（04）,,589,39949,
1106,南京信息工程大学,2024,江苏,本科提前批,物理类,,,560,27034,
1108,南京师范大学,2024,江苏,本科提前批,物理类,,,594,20314,
1108,南京师范大学,2024,江苏,本科提前批,物理类,（14）,,597,16767,
1108,南京师范大学,2024,江苏,本科提前批,物理类,（15）,,628,13036,
1111,南京邮电大学,2024,江苏,本科提前批,物理类,（03）,,592,26288,
1111,南京邮电大学,2024,江苏,本科提前批,物理类,（04）,,592,29983,
1112,南京医科大学,2024,江苏,本科提前批,物理类,,,572,5945,
1131,江苏第二师范学院,2024,江苏,本科提前批,物理类,（12）,,556,35656,
1131,江苏第二师范学院,2024,江苏,本科提前批,物理类,（13）,,538,64886,
1131,江苏第二师范学院,2024,江苏,本科提前批,物理类,（15）,,564,64886,
1131,江苏第二师范学院,2024,江苏,本科提前批,物理类,（14）,,553,77480,
1133,南京特殊教育师范学院,2024,江苏,本科提前批,物理类,（03）,,554,33980,
1243,常州工学院,2024,江苏,本科提前批,物理类,,,459,121728,
1301,南通大学,2024,江苏,本科提前批,物理类,（08）,,565,31527,
1301,南通大学,2024,江苏,本科提前批,物理类,,,527,32341,
132,中国人民解放军陆军军医大学,2024,江苏,本科提前批,物理类,,,604,6275,
1341,淮阴师范学院,2024,江苏,本科提前批,物理类,（08）,,568,52209,
1341,淮阴师范学院,2024,江苏,本科提前批,物理类,（09）,,566,58417,
1341,淮阴师范学院,2024,江苏,本科提前批,物理类,（10）,,551,79873,
1362,盐城师范学院,2024,江苏,本科提前批,物理类,（07）,,566,26287,
1362,盐城师范学院,2024,江苏,本科提前批,物理类,（08）,,550,36502,
1362,盐城师范学院,2024,江苏,本科提前批,物理类,（09）,,555,34819,
1381,扬州大学,2024,江苏,本科提前批,物理类,,,558,22221,
1401,江苏大学,2024,江苏,本科提前批,物理类,（14）,,561,33187,
1421,泰州学院,2024,江苏,本科提前批,物理类,（04）,,560,41690,
201,中国人民公安大学,2024,江苏,本科提前批,物理类,,,638,662,
202,中国刑事警察学院,2024,江苏,本科提前批,物理类,,,628,5059,
202,中国刑事警察学院,2024,江苏,本科提前批,物理类,（06）,,612,21588,
2412,集美大学,2024,江苏,本科提前批,物理类,,,558,67047,
306,中国民用航空飞行学院,2024,江苏,本科提前批,物理类,（03）,,540,93432,
307,中国消防救援学院,2024,江苏,本科提前批,物理类,（03）,,590,27764,
4132,大连海事大学,2024,江苏,本科提前批,物理类,（03）,,585,42593,
4311,黑龙江大学,2024,江苏,本科提前批,物理类,（05）,,529,98546,
5402,华南理工大学,2024,江苏,本科提前批,物理类,（W化）,,610,22221,
5411,广州航海学院,2024,江苏,本科提前批,物理类,（01）,,538,88414,
6421,云南警官学院,2024,江苏,本科提前批,物理类,（02）,,574,54263,
7117,西安外国语大学,2024,江苏,本科提前批,物理类,（03）,,545,81093,
5501,广西大学,2024,江苏,高校专项计划批,物理类,（W化）,,579,40816,
1107,南京农业大学,2024,江苏,高校专项计划批次,物理类,不限,,565,38210,
1108,南京师范大学,2024,江苏,高校专项计划批次,物理类,（47）,,609,24205,
1108,南京师范大学,2024,江苏,高校专项计划批次,物理类,（48）,,601,16227,
2401,福州大学,2024,江苏,高校专项计划批次,物理类,（W化）,,592,33980,
3105,北京交通大学,2024,江苏,高校专项计划批次,物理类,（W化学）,,611,12577,
3122,中国矿业大学（北京）,2024,江苏,高校专项计划批次,物理类,（W不限）,,558,71599,
4303,东北林业大学,2024,江苏,高校专项计划批次,物理类,（W化）,,530,106217,
4311,黑龙江大学,2024,江苏,高校专项计划批次,物理类,（W化）,,550,81093,
6102,西南交通大学,2024,江苏,高校专项计划批次,物理类,（W化）,,580,31527,
6201,重庆大学,2024,江苏,高校专项计划批次,物理类,（12）,,622,16227,
6401,云南大学,2024,江苏,高校专项计划批次,物理类,（W化）,,578,50217,
7103,陕西师范大学,2024,江苏,高校专项计划批次,物理类,（W化）,,587,41690,
6203,西南政法大学,2024,江苏,高校专项计划本科批,物理类,（W不限）,,591,12126,
,皖西学院,2024,江苏,艺术类本科批,艺术类,,,437,,
8026,上海邦德职业技术学院,2024,江苏,专科批,艺术类（历史）,（ZL艺术类）,,388,,
306,中国民用航空飞行学院,2024,江苏,本科提前批,艺术类（历史）,（L艺术类）,,508,,
5332,湖南工业大学,2024,江苏,本科提前批,艺术类（历史）,（L艺术类）,,477,,
1410,镇江市高等专科学校,2024,江苏,艺术类专科批,艺术类（历史）,（L艺术类）,,412,,
2154,上海交通职业技术学院,2024,江苏,艺术类专科批,艺术类（历史）,（L艺术类）,,434,,
2172,上海闵行职业技术学院,2024,江苏,艺术类专科批,艺术类（历史）,（L艺术类）,,342,,
8024,上海济光职业技术学院,2024,江苏,艺术类专科批,艺术类（历史）,（L艺术类）,,305,,
8772,四川文化艺术学院,2024,江苏,艺术类专科批,艺术类（历史）,（L艺术类）,,421,,
8786,成都艺术职业大学,2024,江苏,艺术类专科批,艺术类（历史）,（L艺术类）,,355,,
1107,南京农业大学,2024,江苏,艺术类本科批,艺术类（历史）,L艺术,,544,,
1108,南京师范大学,2024,江苏,艺术类本科批,艺术类（历史）,（L艺术类）,,523,,
1111,南京邮电大学,2024,江苏,艺术类本科批,艺术类（历史）,（08）,,550,1022,
1116,南京财经大学,2024,江苏,艺术类本科批,艺术类（历史）,（L艺术类）,,520,,
1131,江苏第二师范学院,2024,江苏,艺术类本科批,艺术类（历史）,（L艺术类）,,423,368,
1213,无锡科技职业学院,2024,江苏,艺术类本科批,艺术类（历史）,（05）,,431,,
1261,苏州大学,2024,江苏,艺术类本科批,艺术类（历史）,（L艺术类）,,522,,
1301,南通大学,2024,江苏,艺术类本科批,艺术类（历史）,（L艺术类）,,413,172,
1835,苏州科技大学天平学院,2024,江苏,艺术类本科批,艺术类（历史）,,,449,947,
1844,扬州大学广陵学院,2024,江苏,艺术类本科批,艺术类（历史）,（05）,,465,12705,
1858,南京师范大学中北学院,2024,江苏,艺术类本科批,艺术类（历史）,（L艺术类）,,422,,
1901,南京传媒学院,2024,江苏,艺术类本科批,艺术类（历史）,（L艺术类）,,428,,
2401,福州大学,2024,江苏,艺术类本科批,艺术类（历史）,（L艺术类）,,554,,
2405,福建理工大学,2024,江苏,艺术类本科批,艺术类（历史）,（L艺术类）,,501,,
2504,江西中医药大学,2024,江苏,艺术类本科批,艺术类（历史）,（L艺术类）,,464,,
2523,赣南师范大学,2024,江苏,艺术类本科批,艺术类（历史）,,,424,,
4108,沈阳工业大学,2024,江苏,艺术类本科批,艺术类（历史）,（L艺术类）,,492,,
4311,黑龙江大学,2024,江苏,艺术类本科批,艺术类（历史）,（L艺术类）,,493,,
4312,哈尔滨师范大学,2024,江苏,艺术类本科批,艺术类（历史）,（L艺术类）,,500,,
4323,哈尔滨学院,2024,江苏,艺术类本科批,艺术类（历史）,（L艺术类）,,479,,
5191,黄淮学院,2024,江苏,艺术类本科批,艺术类（历史）,（L艺术类）,,486,,
5215,武汉工程大学,2024,江苏,艺术类本科批,艺术类（历史）,（L不限）,,512,,
5361,吉首大学,2024,江苏,艺术类本科批,艺术类（历史）,（L艺术类）,,463,,
5519,贺州学院,2024,江苏,艺术类本科批,艺术类（历史）,（L艺术类）,,180,,
5619,琼台师范学院,2024,江苏,艺术类本科批,艺术类（历史）,(L艺术类）,,479,,
6103,西南财经大学,2024,江苏,艺术类本科批,艺术类（历史）,（L艺术类）,,559,,
6109,四川音乐学院,2024,江苏,艺术类本科批,艺术类（历史）,（L艺术类）,,498,,
6110,西华大学,2024,江苏,艺术类本科批,艺术类（历史）,（L艺术类）,,506,,
6401,云南大学,2024,江苏,艺术类本科批,艺术类（历史）,（L艺术类）,,512,,
6404,昆明理工大学,2024,江苏,艺术类本科批,艺术类（历史）,（L艺术类）,,504,,
7203,兰州财经大学,2024,江苏,艺术类本科批,艺术类（历史）,（L艺术类）,,483,,
8124,厦门工学院,2024,江苏,艺术类本科批,艺术类（历史）,（L艺术类）,,452,,
8127,福州大学至诚学院,2024,江苏,艺术类本科批,艺术类（历史）,（L艺术类）,,454,,
8130,福州外语外贸学院,2024,江苏,艺术类本科批,艺术类（历史）,（L艺术类）,,447,,
8173,江西应用科技学院,2024,江苏,艺术类本科批,艺术类（历史）,（L艺术类）,,443,,
8186,景德镇艺术职业大学,2024,江苏,艺术类本科批,艺术类（历史）,（L艺术类）,,445,,
8293,天津商业大学宝德学院,2024,江苏,艺术类本科批,艺术类（历史）,（L艺术类）,,450,474,
8401,辽宁对外经贸学院,2024,江苏,艺术类本科批,艺术类（历史）,（L艺术类）,,445,16841,
8443,长春电子科技学院,2024,江苏,艺术类本科批,艺术类（历史）,（L艺术类）,,444,,
8445,吉林建筑科技学院,2024,江苏,艺术类本科批,艺术类（历史）,（L艺术类）,,443,,
8741,三亚学院,2024,江苏,艺术类本科批,艺术类（历史）,（L艺术类）,,432,,
8763,四川传媒学院,2024,江苏,艺术类本科批,艺术类（历史）,（L艺术类）,,408,,
8770,西南财经大学天府学院,2024,江苏,艺术类本科批,艺术类（历史）,（L艺术类）,,457,,
8772,四川文化艺术学院,2024,江苏,艺术类本科批,艺术类（历史）,（L艺术类）,,411,70,
8872,昆明城市学院,2024,江苏,艺术类本科批,艺术类（历史）,（L艺术类）,,440,,
1243,常州工学院,2024,江苏,艺术类本科提前批,艺术类（历史）,,,446,139,
5421,汕头大学,2024,江苏,艺术类本科提前批,艺术类（历史）,（L艺术类）,,513,,
5504,南宁师范大学,2024,江苏,艺术类本科提前批,艺术类（历史）,,,453,,
8120,厦门华厦学院,2024,江苏,艺术类本科提前批,艺术类（历史）,（L艺术类）,,411,,
8188,江西财经大学现代经济管理学院,2024,江苏,艺术类本科提前批,艺术类（历史）,（07）,,461,,
8575,武汉华夏理工学院,2024,江苏,艺术类本科提前批,艺术类（历史）,（L艺术类）,,454,,
8714,桂林学院,2024,江苏,艺术类本科提前批,艺术类（历史）,（L艺术类）,,454,,
8775,四川电影电视学院,2024,江苏,艺术类本科提前批,艺术类（历史）,（L艺术类）,,456,,
8786,成都艺术职业大学,2024,江苏,艺术类本科提前批,艺术类（历史）,（L艺术类）,,438,,
306,中国民用航空飞行学院,2024,江苏,本科提前批,艺术类（物理）,（W艺术类）,,538,,
5332,湖南工业大学,2024,江苏,本科提前批,艺术类（物理）,（W艺术类）,,464,,
1410,镇江市高等专科学校,2024,江苏,艺术类专科批,艺术类（物理）,（W艺术类）,,369,,
2172,上海闵行职业技术学院,2024,江苏,艺术类专科批,艺术类（物理）,（W艺术类）,,336,,
8024,上海济光职业技术学院,2024,江苏,艺术类专科批,艺术类（物理）,（W艺术类）,,420,,
1107,南京农业大学,2024,江苏,艺术类本科批,艺术类（物理）,W艺术,,567,,
1108,南京师范大学,2024,江苏,艺术类本科批,艺术类（物理）,（W艺术类）,,565,,
1116,南京财经大学,2024,江苏,艺术类本科批,艺术类（物理）,（W艺术类）,,520,,
1131,江苏第二师范学院,2024,江苏,艺术类本科批,艺术类（物理）,（W艺术类）,,481,4,
1213,无锡科技职业学院,2024,江苏,艺术类本科批,艺术类（物理）,（06）,,417,,
1261,苏州大学,2024,江苏,艺术类本科批,艺术类（物理）,（W艺术类）,,535,,
1301,南通大学,2024,江苏,艺术类本科批,艺术类（物理）,（W艺术类）,,493,17,
1835,苏州科技大学天平学院,2024,江苏,艺术类本科批,艺术类（物理）,,,448,73,
1844,扬州大学广陵学院,2024,江苏,艺术类本科批,艺术类（物理）,（06）,,475,1442,
1858,南京师范大学中北学院,2024,江苏,艺术类本科批,艺术类（物理）,（W艺术类）,,423,,
1901,南京传媒学院,2024,江苏,艺术类本科批,艺术类（物理）,（W艺术类）,,430,,
2401,福州大学,2024,江苏,艺术类本科批,艺术类（物理）,（W艺术类）,,566,,
2405,福建理工大学,2024,江苏,艺术类本科批,艺术类（物理）,（W艺术类）,,504,,
2504,江西中医药大学,2024,江苏,艺术类本科批,艺术类（物理）,（W艺术类）,,459,,
2523,赣南师范大学,2024,江苏,艺术类本科批,艺术类（物理）,,,424,,
4312,哈尔滨师范大学,2024,江苏,艺术类本科批,艺术类（物理）,（W艺术类）,,512,,
4323,哈尔滨学院,2024,江苏,艺术类本科批,艺术类（物理）,（W艺术类）,,485,,
5215,武汉工程大学,2024,江苏,艺术类本科批,艺术类（物理）,（W不限）,,512,,
6109,四川音乐学院,2024,江苏,艺术类本科批,艺术类（物理）,（W艺术类）,,506,,
6110,西华大学,2024,江苏,艺术类本科批,艺术类（物理）,（W艺术类）,,525,,
6401,云南大学,2024,江苏,艺术类本科批,艺术类（物理）,（W艺术类）,,548,,
6404,昆明理工大学,2024,江苏,艺术类本科批,艺术类（物理）,（W艺术类）,,504,,
8130,福州外语外贸学院,2024,江苏,艺术类本科批,艺术类（物理）,（W艺术类）,,447,,
8173,江西应用科技学院,2024,江苏,艺术类本科批,艺术类（物理）,（W艺术类）,,460,,
8293,天津商业大学宝德学院,2024,江苏,艺术类本科批,艺术类（物理）,（W艺术类）,,466,1725,
8401,辽宁对外经贸学院,2024,江苏,艺术类本科批,艺术类（物理）,（W艺术类）,,459,1879,
8443,长春电子科技学院,2024,江苏,艺术类本科批,艺术类（物理）,（W艺术类）,,444,,
8763,四川传媒学院,2024,江苏,艺术类本科批,艺术类（物理）,（W艺术类）,,451,,
8770,西南财经大学天府学院,2024,江苏,艺术类本科批,艺术类（物理）,（W艺术类）,,459,,
8772,四川文化艺术学院,2024,江苏,艺术类本科批,艺术类（物理）,（W艺术类）,,408,32,
1243,常州工学院,2024,江苏,艺术类本科提前批,艺术类（物理）,,,456,886,
5421,汕头大学,2024,江苏,艺术类本科提前批,艺术类（物理）,（W艺术类）,,513,,
8188,江西财经大学现代经济管理学院,2024,江苏,艺术类本科提前批,艺术类（物理）,（08）,,471,178869,
8714,桂林学院,2024,江苏,艺术类本科提前批,艺术类（物理）,（W艺术类）,,463,,
3302,河北科技师范学院,2023,江苏,体育本科提前批,体育类,（体育类）,,496,,
1410,镇江市高等专科学校,2023,江苏,专科批,体育类（历史）,（L体育类）,,422,,
1131,江苏第二师范学院,2023,江苏,体育类本科批,体育类（历史）,（L体育类）,,499,572,
1402,江苏科技大学,2023,江苏,体育类本科批,体育类（历史）,（L体育类）,,488,,
2523,赣南师范大学,2023,江苏,体育类本科批,体育类（历史）,（L体育类）,,493,,
4116,沈阳体育学院,2023,江苏,体育类本科批,体育类（历史）,（L体育类）,,499,,
6401,云南大学,2023,江苏,体育类本科批,体育类（历史）,（L体育类）,,532,,
5391,湖南科技学院,2023,江苏,本科提前批（第2小批）,体育类（历史）,体育类,,473,,
1131,江苏第二师范学院,2023,江苏,体育类本科批,体育类（物理）,（W体育类）,,523,364,
1402,江苏科技大学,2023,江苏,体育类本科批,体育类（物理）,（W体育类）,,514,,
2523,赣南师范大学,2023,江苏,体育类本科批,体育类（物理）,（W体育类）,,505,,
4116,沈阳体育学院,2023,江苏,体育类本科批,体育类（物理）,（W体育类）,,501,,
6401,云南大学,2023,江苏,体育类本科批,体育类（物理）,（W体育类）,,556,,
1136,南京工业职业技术大学,2023,江苏,专科批,历史类,（03）,,235,,
1150,江苏海事职业技术学院,2023,江苏,专科批,历史类,,,380,51298,
1152,南京交通职业技术学院,2023,江苏,专科批,历史类,,,416,,
1153,南京科技职业学院,2023,江苏,专科批,历史类,,,421,,
1154,南京信息职业技术学院,2023,江苏,专科批,历史类,,,408,49839,
1155,南京铁道职业技术学院,2023,江苏,专科批,历史类,,,454,42722,
1156,江苏经贸职业技术学院,2023,江苏,专科批,历史类,,,420,,
1158,江苏卫生健康职业学院,2023,江苏,专科批,历史类,,,334,42722,
1159,南京机电职业技术学院,2023,江苏,专科批,历史类,（01）,,443,,
1160,南京旅游职业学院,2023,江苏,专科批,历史类,,,398,,
1171,江苏城市职业学院,2023,江苏,专科批,历史类,（01）,,360,,
1172,南京城市职业学院,2023,江苏,专科批,历史类,（01）,,391,,
1210,江苏信息职业技术学院,2023,江苏,专科批,历史类,,,412,,
1211,无锡职业技术大学,2023,江苏,专科批,历史类,,,402,,
1212,无锡商业职业技术学院,2023,江苏,专科批,历史类,,,419,,
1213,无锡科技职业学院,2023,江苏,专科批,历史类,,,359,,
1214,无锡城市职业技术学院,2023,江苏,专科批,历史类,,,245,,
1215,无锡工艺职业技术学院,2023,江苏,专科批,历史类,,,376,,
1216,江阴职业技术学院,2023,江苏,专科批,历史类,,,307,,
1230,江苏建筑职业技术学院,2023,江苏,专科批,历史类,（01）,,329,,
1231,徐州工业职业技术学院,2023,江苏,专科批,历史类,,,378,,
1232,徐州幼儿师范高等专科学校,2023,江苏,专科批,历史类,,,287,,
1233,徐州生物工程职业技术学院,2023,江苏,专科批,历史类,,,324,,
1234,江苏安全技术职业学院,2023,江苏,专科批,历史类,,,321,,
1250,常州信息职业技术学院,2023,江苏,专科批,历史类,,,425,,
1251,常州纺织服装职业技术学院,2023,江苏,专科批,历史类,,,304,,
1252,常州工程职业技术学院,2023,江苏,专科批,历史类,（01）,,364,,
1253,常州工业职业技术学院,2023,江苏,专科批,历史类,,,358,,
1254,常州机电职业技术学院,2023,江苏,专科批,历史类,,,334,,
1255,江苏城乡建设职业学院,2023,江苏,专科批,历史类,,,363,,
1256,常州幼儿师范高等专科学校,2023,江苏,专科批,历史类,（01）,,439,,
1272,苏州农业职业技术学院,2023,江苏,专科批,历史类,,,423,,
1273,苏州工业职业技术学院,2023,江苏,专科批,历史类,,,410,,
1274,苏州经贸职业技术学院,2023,江苏,专科批,历史类,,,378,,
1275,苏州卫生职业技术学院,2023,江苏,专科批,历史类,,,350,44720,
1276,苏州工业园区服务外包职业学院,2023,江苏,专科批,历史类,,,320,,
1277,苏州信息职业技术学院,2023,江苏,专科批,历史类,,,355,,
1278,沙洲职业工学院,2023,江苏,专科批,历史类,（01）,,378,,
1279,苏州健雄职业技术学院,2023,江苏,专科批,历史类,,,248,,
1290,苏州幼儿师范高等专科学校,2023,江苏,专科批,历史类,,,343,,
1310,南通职业大学,2023,江苏,专科批,历史类,（01）,,309,,
1311,江苏航运职业技术学院,2023,江苏,专科批,历史类,,,317,,
1312,江苏工程职业技术学院,2023,江苏,专科批,历史类,（01）,,267,,
1313,南通科技职业学院,2023,江苏,专科批,历史类,,,345,,
1314,江苏商贸职业学院,2023,江苏,专科批,历史类,,,302,,
1315,南通师范高等专科学校,2023,江苏,专科批,历史类,,,252,,
1330,连云港师范学院,2023,江苏,专科批,历史类,,,220,,
1331,连云港职业技术学院,2023,江苏,专科批,历史类,,,330,,
1332,江苏财会职业学院,2023,江苏,专科批,历史类,,,222,,
1350,江苏电子信息职业学院,2023,江苏,专科批,历史类,,,300,,
1351,江苏食品药品职业技术学院,2023,江苏,专科批,历史类,,,325,,
1352,江苏财经职业技术学院,2023,江苏,专科批,历史类,,,223,,
1352,江苏财经职业技术学院,2023,江苏,专科批,历史类,（03）,,242,,
1353,江苏护理职业学院,2023,江苏,专科批,历史类,,,362,43234,
1370,盐城工业职业技术学院,2023,江苏,专科批,历史类,,,304,,
1371,江苏医药职业学院,2023,江苏,专科批,历史类,,,410,42722,
1372,盐城幼儿师范高等专科学校,2023,江苏,专科批,历史类,,,231,,
1390,扬州职业技术大学,2023,江苏,专科批,历史类,,,288,,
1392,扬州工业职业技术学院,2023,江苏,专科批,历史类,,,317,,
1392,扬州工业职业技术学院,2023,江苏,专科批,历史类,（03）,,238,,
1394,江苏旅游职业学院,2023,江苏,专科批,历史类,（01）,,344,,
1410,镇江市高等专科学校,2023,江苏,专科批,历史类,,,329,,
1411,江苏农林职业技术学院,2023,江苏,专科批,历史类,,,319,,
1412,江苏航空职业技术学院,2023,江苏,专科批,历史类,（01）,,317,,
1431,泰州职业技术学院,2023,江苏,专科批,历史类,,,379,,
1432,江苏农牧科技职业学院,2023,江苏,专科批,历史类,（01）,,230,,
1950,钟山职业技术学院,2023,江苏,专科批,历史类,,,243,,
1951,正德职业技术学院,2023,江苏,专科批,历史类,（01）,,220,,
1952,金肯职业技术学院,2023,江苏,专科批,历史类,（01）,,220,,
1954,南京视觉艺术职业学院,2023,江苏,专科批,历史类,（01）,,244,,
1957,无锡南洋职业技术学院,2023,江苏,专科批,历史类,（01）,,224,,
1958,江南影视艺术职业学院,2023,江苏,专科批,历史类,,,222,,
1959,太湖创意职业技术学院,2023,江苏,专科批,历史类,,,221,,
1962,九州职业技术学院,2023,江苏,专科批,历史类,（01）,,232,,
1965,建东职业技术学院,2023,江苏,专科批,历史类,（01）,,223,,
1968,苏州工业园区职业技术学院,2023,江苏,专科批,历史类,,,225,,
1969,苏州托普信息职业技术学院,2023,江苏,专科批,历史类,（01）,,240,,
1971,苏州百年职业学院,2023,江苏,专科批,历史类,（01）,,252,,
1973,昆山登云科技职业学院,2023,江苏,专科批,历史类,（01）,,235,,
1974,硅湖职业技术学院,2023,江苏,专科批,历史类,（01）,,220,,
1982,炎黄职业技术学院,2023,江苏,专科批,历史类,（01）,,224,,
1985,明达职业技术学院,2023,江苏,专科批,历史类,（01）,,243,,
1988,江海职业技术学院,2023,江苏,专科批,历史类,,,228,,
1989,扬州中瑞酒店职业学院,2023,江苏,专科批,历史类,（01）,,237,,
1991,金山职业技术学院,2023,江苏,专科批,历史类,（01）,,254,,
1996,宿迁职业技术学院,2023,江苏,专科批,历史类,（01）,,222,,
1997,宿迁泽达职业技术学院,2023,江苏,专科批,历史类,（01）,,226,,
2132,上海出版印刷高等专科学校,2023,江苏,专科批,历史类,（01）,,429,,
2134,上海旅游高等专科学校,2023,江苏,专科批,历史类,（01）,,322,,
2138,上海电子信息职业技术学院,2023,江苏,专科批,历史类,（01）,,358,,
2146,上海工艺美术职业学院,2023,江苏,专科批,历史类,（01）,,439,,
2149,上海科学技术职业学院,2023,江苏,专科批,历史类,（01）,,401,,
2150,上海农林职业技术学院,2023,江苏,专科批,历史类,（01）,,413,,
2154,上海交通职业技术学院,2023,江苏,专科批,历史类,（01）,,418,,
2155,上海城建职业学院,2023,江苏,专科批,历史类,（01）,,428,,
2166,上海行健职业学院,2023,江苏,专科批,历史类,（01）,,383,,
2167,上海民航职业技术学院,2023,江苏,专科批,历史类,（01）,,452,,
2170,上海现代化工职业学院,2023,江苏,专科批,历史类,（01）,,341,,
2217,浙江经贸职业技术学院,2023,江苏,专科批,历史类,（01）,,438,,
2226,浙江邮电职业技术学院,2023,江苏,专科批,历史类,（01）,,444,,
2238,浙江国际海运职业技术学院,2023,江苏,专科批,历史类,（01）,,439,,
2247,浙江交通职业技术学院,2023,江苏,专科批,历史类,（01）,,262,,
2253,浙江金融职业学院,2023,江苏,专科批,历史类,（01）,,464,,
2260,浙江建设职业技术学院,2023,江苏,专科批,历史类,（01）,,438,,
2315,安徽中医药高等专科学校,2023,江苏,专科批,历史类,（01）,,404,,
2323,安徽新闻出版职业技术学院,2023,江苏,专科批,历史类,（01）,,325,,
2328,安徽商贸职业技术学院,2023,江苏,专科批,历史类,（01）,,335,,
2329,安徽审计职业学院,2023,江苏,专科批,历史类,（01）,,444,,
2334,淮南联合大学,2023,江苏,专科批,历史类,（01）,,302,,
2337,合肥通用职业技术学院,2023,江苏,专科批,历史类,（01）,,335,,
2339,滁州职业技术学院,2023,江苏,专科批,历史类,（01）,,331,,
2344,安徽工业经济职业技术学院,2023,江苏,专科批,历史类,（01）,,391,,
2357,马鞍山职业技术学院,2023,江苏,专科批,历史类,（01）,,317,,
2363,安徽冶金科技职业学院,2023,江苏,专科批,历史类,（01）,,315,,
2371,铜陵职业技术学院,2023,江苏,专科批,历史类,（01）,,317,,
2376,淮南职业技术学院,2023,江苏,专科批,历史类,（01）,,306,,
2379,安徽粮食工程职业学院,2023,江苏,专科批,历史类,（01）,,410,,
2384,安徽卫生健康职业学院,2023,江苏,专科批,历史类,（01）,,330,,
2385,滁州城市职业学院,2023,江苏,专科批,历史类,（01）,,306,,
2391,宣城职业技术学院,2023,江苏,专科批,历史类,（01）,,312,,
2436,泉州经贸职业技术学院,2023,江苏,专科批,历史类,（01）,,270,,
2455,福州墨尔本理工职业学院,2023,江苏,专科批,历史类,（01）,,306,,
2519,江西电力职业技术学院,2023,江苏,专科批,历史类,（01）,,450,,
2520,江西信息应用职业技术学院,2023,江苏,专科批,历史类,（01）,,346,,
2525,江西现代职业技术学院,2023,江苏,专科批,历史类,（01）,,303,,
2533,江西应用技术职业学院,2023,江苏,专科批,历史类,（01）,,290,,
2545,赣州师范高等专科学校,2023,江苏,专科批,历史类,（01）,,344,,
2562,江西财经职业学院,2023,江苏,专科批,历史类,（01）,,439,,
2563,江西职业技术大学,2023,江苏,专科批,历史类,（01）,,323,,
2564,江西建设职业技术学院,2023,江苏,专科批,历史类,（01）,,286,,
2565,江西交通职业技术学院,2023,江苏,专科批,历史类,（01）,,344,,
2567,九江职业大学,2023,江苏,专科批,历史类,（01）,,347,,
2569,江西机电职业技术学院,2023,江苏,专科批,历史类,（01）,,267,,
2576,江西工程职业学院,2023,江苏,专科批,历史类,（01）,,266,,
2578,吉安职业技术学院,2023,江苏,专科批,历史类,（01）,,262,,
2580,赣州职业技术学院,2023,江苏,专科批,历史类,（01）,,299,,
2583,抚州医药学院,2023,江苏,专科批,历史类,（01）,,252,,
2584,江西婺源茶业职业学院,2023,江苏,专科批,历史类,（01）,,258,,
2593,江西工业工程职业技术学院,2023,江苏,专科批,历史类,（01）,,286,,
2594,江西工业贸易职业技术学院,2023,江苏,专科批,历史类,（01）,,247,,
2597,江西农业工程职业学院,2023,江苏,专科批,历史类,（01）,,360,,
2618,山东胜利职业学院,2023,江苏,专科批,历史类,（01）,,298,,
2636,山东畜牧兽医职业学院,2023,江苏,专科批,历史类,（01）,,447,,
2639,东营职业学院,2023,江苏,专科批,历史类,（01）,,369,,
2640,青岛港湾职业技术学院,2023,江苏,专科批,历史类,（01）,,343,,
2644,聊城职业技术学院,2023,江苏,专科批,历史类,（01）,,284,,
2646,山东职业学院,2023,江苏,专科批,历史类,（01）,,291,,
2647,日照职业技术学院,2023,江苏,专科批,历史类,（01）,,422,,
2658,济南工程职业技术学院,2023,江苏,专科批,历史类,（01）,,227,,
2659,山东水利职业学院,2023,江苏,专科批,历史类,（01）,,339,,
2665,枣庄科技职业学院,2023,江苏,专科批,历史类,（01）,,301,,
2670,菏泽家政职业学院,2023,江苏,专科批,历史类,（01）,,238,,
2685,滨州职业学院,2023,江苏,专科批,历史类,（01）,,297,,
2719,威海海洋职业学院,2023,江苏,专科批,历史类,（01）,,335,,
2756,山东化工职业学院,2023,江苏,专科批,历史类,（01）,,327,,
2759,山东信息职业技术学院,2023,江苏,专科批,历史类,,,285,,
3168,北京工业职业技术学院,2023,江苏,专科批,历史类,（01）,,469,,
3176,民政职业大学,2023,江苏,专科批,历史类,（01）,,441,,
3205,中国民航大学,2023,江苏,专科批,历史类,（03）,,296,,
3219,天津生物工程职业技术学院,2023,江苏,专科批,历史类,（01）,,301,,
3220,天津商务职业学院,2023,江苏,专科批,历史类,（01）,,264,,
3224,天津市职业大学,2023,江苏,专科批,历史类,（01）,,421,,
3226,天津交通职业学院,2023,江苏,专科批,历史类,（01）,,382,,
3231,天津警察学院,2023,江苏,专科批,历史类,（01）,,401,,
3232,天津石油职业技术学院,2023,江苏,专科批,历史类,（01）,,347,,
3234,天津现代职业技术学院,2023,江苏,专科批,历史类,（01）,,421,,
3237,天津海运职业学院,2023,江苏,专科批,历史类,（01）,,292,,
3238,天津铁道职业技术学院,2023,江苏,专科批,历史类,（01）,,443,,
3241,天津国土资源和房屋职业学院,2023,江苏,专科批,历史类,（01）,,295,,
3243,天津工业职业学院,2023,江苏,专科批,历史类,（01）,,317,,
3244,天津城市建设管理职业技术学院,2023,江苏,专科批,历史类,（01）,,365,,
3309,石家庄邮电职业技术学院,2023,江苏,专科批,历史类,,,468,36849,
3324,河北能源职业技术学院,2023,江苏,专科批,历史类,（01）,,330,,
3329,河北交通职业技术学院,2023,江苏,专科批,历史类,（01）,,307,,
3330,河北对外经贸职业学院,2023,江苏,专科批,历史类,（01）,,272,,
3354,河北轨道运输职业技术学院,2023,江苏,专科批,历史类,（01）,,347,,
3355,廊坊职业技术学院,2023,江苏,专科批,历史类,（01）,,320,,
3360,石家庄铁路职业技术学院,2023,江苏,专科批,历史类,（01）,,395,,
3376,河北化工医药职业技术学院,2023,江苏,专科批,历史类,（01）,,336,,
3379,河北科技工程职业技术大学,2023,江苏,专科批,历史类,（01）,,287,,
3380,河北工业职业技术大学,2023,江苏,专科批,历史类,（01）,,410,,
3425,山西职业技术学院,2023,江苏,专科批,历史类,（01）,,317,,
3435,临汾职业技术学院,2023,江苏,专科批,历史类,（01）,,307,,
3438,太原幼儿师范高等专科学校,2023,江苏,专科批,历史类,（01）,,346,,
3517,满洲里俄语职业学院,2023,江苏,专科批,历史类,（01）,,222,,
3519,赤峰工业职业技术学院,2023,江苏,专科批,历史类,（01）,,291,,
4124,辽宁经济职业技术学院,2023,江苏,专科批,历史类,（01）,,314,53767,
4213,吉林体育学院,2023,江苏,专科批,历史类,（01）,,407,,
4217,吉林交通职业技术学院,2023,江苏,专科批,历史类,（01）,,301,,
4218,吉林工业职业技术学院,2023,江苏,专科批,历史类,（01）,,435,,
4221,长春金融高等专科学校,2023,江苏,专科批,历史类,（01）,,330,,
4244,吉林司法警官职业学院,2023,江苏,专科批,历史类,（01）,,319,,
4245,吉林电子信息职业技术学院,2023,江苏,专科批,历史类,（01）,,326,,
4248,长春师范高等专科学校,2023,江苏,专科批,历史类,（01）,,300,,
4286,长春医学高等专科学校,2023,江苏,专科批,历史类,（01）,,416,,
4317,哈尔滨铁道职业技术学院,2023,江苏,专科批,历史类,（01）,,368,,
4320,黑龙江建筑职业技术学院,2023,江苏,专科批,历史类,（01）,,316,,
4328,黑龙江交通职业技术学院,2023,江苏,专科批,历史类,（01）,,314,,
4334,大兴安岭职业学院,2023,江苏,专科批,历史类,（01）,,309,,
4338,黑龙江农业工程职业学院,2023,江苏,专科批,历史类,（01）,,249,,
4344,黑龙江艺术职业学院,2023,江苏,专科批,历史类,（01）,,339,,
5116,郑州铁路职业技术学院,2023,江苏,专科批,历史类,（01）,,447,,
5121,济源职业技术学院,2023,江苏,专科批,历史类,（01）,,321,,
5165,河南工业贸易职业学院,2023,江苏,专科批,历史类,（01）,,282,,
5169,河南测绘职业学院,2023,江苏,专科批,历史类,（01）,,301,,
5189,永城职业学院,2023,江苏,专科批,历史类,（01）,,334,,
5194,信阳职业技术学院,2023,江苏,专科批,历史类,（01）,,292,,
5224,湖北国土资源职业学院,2023,江苏,专科批,历史类,（01）,,313,,
5225,汉江师范学院,2023,江苏,专科批,历史类,（02）,,391,,
5226,武汉职业技术大学,2023,江苏,专科批,历史类,（01）,,441,,
5227,武汉船舶职业技术学院,2023,江苏,专科批,历史类,,,330,,
5231,武汉工程职业技术学院,2023,江苏,专科批,历史类,（01）,,288,,
5232,湖北生态工程职业技术学院,2023,江苏,专科批,历史类,（01）,,302,,
5233,武汉航海职业技术学院,2023,江苏,专科批,历史类,（01）,,284,,
5234,湖北城市建设职业技术学院,2023,江苏,专科批,历史类,（01）,,311,,
5236,武汉交通职业学院,2023,江苏,专科批,历史类,,,360,,
5237,湖北水利水电职业技术学院,2023,江苏,专科批,历史类,（01）,,326,,
5246,湖北交通职业技术学院,2023,江苏,专科批,历史类,,,267,,
5252,武汉铁路职业技术学院,2023,江苏,专科批,历史类,（01）,,428,,
5253,恩施职业技术学院,2023,江苏,专科批,历史类,,,233,,
5254,湖北三峡职业技术学院,2023,江苏,专科批,历史类,（01）,,258,,
5259,长江工程职业技术学院,2023,江苏,专科批,历史类,（01）,,364,,
5266,三峡电力职业学院,2023,江苏,专科批,历史类,（01）,,385,,
5272,武汉城市职业学院,2023,江苏,专科批,历史类,（01）,,325,,
5273,武汉警官职业学院,2023,江苏,专科批,历史类,（01）,,345,,
5283,湖北铁道运输职业学院,2023,江苏,专科批,历史类,（01）,,328,,
5284,荆州理工职业学院,2023,江苏,专科批,历史类,（01）,,290,,
5286,咸宁职业技术学院,2023,江苏,专科批,历史类,（01）,,347,,
5288,武汉铁路桥梁职业学院,2023,江苏,专科批,历史类,（01）,,315,,
5291,襄阳职业技术学院,2023,江苏,专科批,历史类,（01）,,373,,
5299,随州职业技术学院,2023,江苏,专科批,历史类,（01）,,251,,
5311,长沙航空职业技术学院,2023,江苏,专科批,历史类,（01）,,409,,
5312,长沙民政职业技术学院,2023,江苏,专科批,历史类,（01）,,295,52756,
5313,湖南大众传媒职业技术学院,2023,江苏,专科批,历史类,（01）,,361,,
5315,湖南商务职业技术学院,2023,江苏,专科批,历史类,（01）,,342,,
5317,湖南城建职业技术学院,2023,江苏,专科批,历史类,（01）,,245,,
5318,湖南邮电职业技术学院,2023,江苏,专科批,历史类,（01）,,361,,
5319,湖南工业职业技术学院,2023,江苏,专科批,历史类,（01）,,300,,
5333,湖南高速铁路职业技术学院,2023,江苏,专科批,历史类,（01）,,400,,
5353,湖南石油化工职业技术学院,2023,江苏,专科批,历史类,（01）,,312,,
5356,张家界航空工业职业技术学院,2023,江苏,专科批,历史类,,,300,,
5360,湖南安全技术职业学院,2023,江苏,专科批,历史类,（01）,,261,,
5366,湖南铁路科技职业技术学院,2023,江苏,专科批,历史类,（01）,,409,,
5367,湖南国防工业职业技术学院,2023,江苏,专科批,历史类,,,294,,
5372,湖南体育职业学院,2023,江苏,专科批,历史类,（01）,,373,,
5378,湖南化工职业技术学院,2023,江苏,专科批,历史类,（01）,,316,,
5382,长沙职业技术学院,2023,江苏,专科批,历史类,（01）,,335,,
5392,湖南交通职业技术学院,2023,江苏,专科批,历史类,（01）,,258,,
5394,湖南铁道职业技术学院,2023,江苏,专科批,历史类,（01）,,408,,
5395,湖南工程职业技术学院,2023,江苏,专科批,历史类,（01）,,323,,
5415,广州民航职业技术学院,2023,江苏,专科批,历史类,（01）,,436,,
5483,广州科技贸易职业学院,2023,江苏,专科批,历史类,（01）,,432,,
5512,桂林理工大学,2023,江苏,专科批,历史类,（02）,,435,,
5521,桂林航天工业学院,2023,江苏,专科批,历史类,（02）,,364,,
5526,广西机电职业技术学院,2023,江苏,专科批,历史类,（01）,,239,,
5528,柳州铁道职业技术学院,2023,江苏,专科批,历史类,（01）,,266,,
5537,广西电力职业技术学院,2023,江苏,专科批,历史类,（01）,,436,,
5541,广西建设职业技术学院,2023,江苏,专科批,历史类,（01）,,288,,
5613,海南软件职业技术学院,2023,江苏,专科批,历史类,（01）,,282,,
5614,海南经贸职业技术学院,2023,江苏,专科批,历史类,（01）,,296,53767,
5631,海南职业技术学院,2023,江苏,专科批,历史类,（01）,,289,,
6125,四川交通职业技术学院,2023,江苏,专科批,历史类,（01）,,462,,
6126,四川建筑职业技术学院,2023,江苏,专科批,历史类,（01）,,266,53767,
6135,四川工程职业技术大学,2023,江苏,专科批,历史类,（01）,,377,,
6146,四川航天职业技术学院,2023,江苏,专科批,历史类,（01）,,357,,
6189,资阳环境科技职业学院,2023,江苏,专科批,历史类,（01）,,246,,
6216,重庆三峡医药高等专科学校,2023,江苏,专科批,历史类,（01）,,401,,
6225,重庆城市管理职业学院,2023,江苏,专科批,历史类,（01）,,461,,
6228,重庆电子科技职业大学,2023,江苏,专科批,历史类,（01）,,421,,
6237,重庆水利电力职业技术学院,2023,江苏,专科批,历史类,（01）,,389,,
6239,重庆电力高等专科学校,2023,江苏,专科批,历史类,（01）,,434,,
6322,遵义职业技术学院,2023,江苏,专科批,历史类,（01）,,284,,
6433,云南工商学院,2023,江苏,专科批,历史类,（01）,,275,,
6504,西藏职业技术学院,2023,江苏,专科批,历史类,（01）,,319,,
7128,陕西航空职业技术学院,2023,江苏,专科批,历史类,（01）,,294,,
7129,陕西交通职业技术学院,2023,江苏,专科批,历史类,（01）,,311,,
7130,西安铁路职业技术学院,2023,江苏,专科批,历史类,（01）,,335,,
7145,陕西能源职业技术学院,2023,江苏,专科批,历史类,（01）,,305,,
7146,陕西铁路工程职业技术学院,2023,江苏,专科批,历史类,（01）,,434,,
7152,陕西财经职业技术学院,2023,江苏,专科批,历史类,（01）,,432,,
7153,西安职业技术学院,2023,江苏,专科批,历史类,（01）,,416,,
7171,陕西邮电职业技术学院,2023,江苏,专科批,历史类,（01）,,315,,
7173,陕西工商职业学院,2023,江苏,专科批,历史类,（01）,,291,,
7213,甘肃工业职业技术大学,2023,江苏,专科批,历史类,（01）,,314,,
7222,兰州石化职业技术大学,2023,江苏,专科批,历史类,（01）,,280,,
7518,新疆职业大学,2023,江苏,专科批,历史类,（01）,,291,,
8001,上海杉达学院,2023,江苏,专科批,历史类,（02）,,349,,
8002,上海建桥学院,2023,江苏,专科批,历史类,（02）,,374,,
8017,上海东海职业技术学院,2023,江苏,专科批,历史类,（01）,,277,,
8018,上海工商职业技术学院,2023,江苏,专科批,历史类,（01）,,320,,
8019,上海震旦职业学院,2023,江苏,专科批,历史类,（01）,,239,,
8020,上海民远职业技术学院,2023,江苏,专科批,历史类,（01）,,243,,
8022,上海思博职业技术学院,2023,江苏,专科批,历史类,（01）,,226,,
8023,上海立达学院,2023,江苏,专科批,历史类,（02）,,344,,
8024,上海济光职业技术学院,2023,江苏,专科批,历史类,（01）,,274,93195,
8025,上海工商外国语职业学院,2023,江苏,专科批,历史类,（01）,,289,,
8026,上海邦德职业技术学院,2023,江苏,专科批,历史类,（01）,,258,53767,
8029,上海中侨职业技术大学,2023,江苏,专科批,历史类,（02）,,323,,
8052,温州商学院,2023,江苏,专科批,历史类,（02）,,452,,
8072,绍兴职业技术学院,2023,江苏,专科批,历史类,（01）,,333,,
8106,安徽矿业职业技术学院,2023,江苏,专科批,历史类,（01）,,274,,
8113,合肥共达职业技术学院,2023,江苏,专科批,历史类,（01）,,278,,
8114,蚌埠经济技术职业学院,2023,江苏,专科批,历史类,（01）,,252,,
8119,合肥科技职业学院,2023,江苏,专科批,历史类,（01）,,270,,
8152,厦门华天涉外职业技术学院,2023,江苏,专科批,历史类,（01）,,300,,
8154,厦门南洋职业学院,2023,江苏,专科批,历史类,（01）,,264,,
8155,厦门东海职业技术学院,2023,江苏,专科批,历史类,（01）,,304,,
8157,武夷山职业学院,2023,江苏,专科批,历史类,（01）,,225,,
8158,泉州海洋职业学院,2023,江苏,专科批,历史类,（01）,,268,,
8168,泉州轻工职业学院,2023,江苏,专科批,历史类,（01）,,300,,
8170,江西科技学院,2023,江苏,专科批,历史类,（02）,,410,,
8173,江西应用科技学院,2023,江苏,专科批,历史类,（02）,,249,,
8175,南昌工学院,2023,江苏,专科批,历史类,（02）,,354,,
8187,南昌应用技术师范学院,2023,江苏,专科批,历史类,（02）,,428,,
8190,潍坊环境工程职业学院,2023,江苏,专科批,历史类,（01）,,256,,
8195,景德镇陶瓷职业技术学院,2023,江苏,专科批,历史类,（01）,,311,,
8197,江西科技职业学院,2023,江苏,专科批,历史类,（01）,,289,,
8198,南昌职业大学,2023,江苏,专科批,历史类,（01）,,278,,
8202,九江理工职业学院,2023,江苏,专科批,历史类,（01）,,272,,
8215,青岛恒星科技学院,2023,江苏,专科批,历史类,（02）,,357,,
8216,青岛黄海学院,2023,江苏,专科批,历史类,（02）,,276,,
8223,泰山科技学院,2023,江苏,专科批,历史类,（02）,,246,,
8226,青岛农业大学海都学院,2023,江苏,专科批,历史类,（02）,,318,,
8227,齐鲁理工学院,2023,江苏,专科批,历史类,（02）,,377,,
8244,曲阜远东职业技术学院,2023,江苏,专科批,历史类,（01）,,302,,
8246,山东力明科技职业学院,2023,江苏,专科批,历史类,（01）,,401,,
8247,山东圣翰财贸职业学院,2023,江苏,专科批,历史类,（01）,,258,,
8249,山东工程职业技术大学,2023,江苏,专科批,历史类,（01）,,248,,
8250,青岛求实职业技术学院,2023,江苏,专科批,历史类,（01）,,233,,
8252,山东外国语职业技术大学,2023,江苏,专科批,历史类,（01）,,296,,
8253,潍坊工商职业学院,2023,江苏,专科批,历史类,（01）,,266,,
8256,山东海事职业学院,2023,江苏,专科批,历史类,（01）,,284,,
8259,日照航海工程职业学院,2023,江苏,专科批,历史类,（01）,,241,,
8286,北京培黎职业学院,2023,江苏,专科批,历史类,（01）,,389,,
8287,北京艺术传媒职业学院,2023,江苏,专科批,历史类,（01）,,305,,
8290,天津天狮学院,2023,江苏,专科批,历史类,（02）,,361,53767,
8326,保定理工学院,2023,江苏,专科批,历史类,（02）,,271,,
8350,石家庄科技信息职业学院,2023,江苏,专科批,历史类,（01）,,221,,
8351,石家庄医学高等专科学校,2023,江苏,专科批,历史类,（01）,,324,,
8367,山西同文职业技术学院,2023,江苏,专科批,历史类,（01）,,283,,
8416,大连东软信息学院,2023,江苏,专科批,历史类,（02）,,329,,
8531,郑州电力职业技术学院,2023,江苏,专科批,历史类,（01）,,223,,
8550,武汉东湖学院,2023,江苏,专科批,历史类,（02）,,268,,
8552,武昌首义学院,2023,江苏,专科批,历史类,（02）,,340,,
8554,武汉生物工程学院,2023,江苏,专科批,历史类,（02）,,410,,
8561,武汉纺织大学外经贸学院,2023,江苏,专科批,历史类,（02）,,241,,
8574,武汉工程科技学院,2023,江苏,专科批,历史类,（02）,,373,,
8591,武汉外语外事职业学院,2023,江苏,专科批,历史类,（01）,,310,,
8592,武昌职业学院,2023,江苏,专科批,历史类,,,305,,
8593,武汉商贸职业学院,2023,江苏,专科批,历史类,（01）,,279,,
8596,武汉科技职业学院,2023,江苏,专科批,历史类,（01）,,306,,
8628,湖南外国语职业学院,2023,江苏,专科批,历史类,（01）,,251,,
8658,珠海艺术职业学院,2023,江苏,专科批,历史类,（01）,,312,,
8666,广州华立科技职业学院,2023,江苏,专科批,历史类,（01）,,225,,
8709,广东酒店管理职业技术学院,2023,江苏,专科批,历史类,（01）,,294,,
8734,广西经济职业学院,2023,江苏,专科批,历史类,（01）,,262,,
8740,海口经济学院,2023,江苏,专科批,历史类,（03）,,269,,
8754,三亚航空旅游职业学院,2023,江苏,专科批,历史类,（01）,,250,,
8755,三亚理工职业学院,2023,江苏,专科批,历史类,（历史）,,266,53767,
8756,三亚城市职业学院,2023,江苏,专科批,历史类,（01）,,294,,
8757,海南科技职业大学,2023,江苏,专科批,历史类,（02）,,239,,
8759,三亚中瑞酒店管理职业学院,2023,江苏,专科批,历史类,（01）,,280,,
8764,成都银杏酒店管理学院,2023,江苏,专科批,历史类,（02）,,286,,
8770,西南财经大学天府学院,2023,江苏,专科批,历史类,（02）,,318,,
8777,天府新区航空旅游职业学院,2023,江苏,专科批,历史类,（01）,,289,,
8778,眉山药科职业学院,2023,江苏,专科批,历史类,（01）,,247,,
8779,德阳农业科技职业学院,2023,江苏,专科批,历史类,（01）,,288,,
8780,广元中核职业技术学院,2023,江苏,专科批,历史类,（01）,,286,,
8782,四川西南航空职业学院,2023,江苏,专科批,历史类,,,232,,
8785,四川国际标榜职业学院,2023,江苏,专科批,历史类,（01）,,298,,
8790,绵阳飞行职业学院,2023,江苏,专科批,历史类,（01）,,299,,
8795,民办四川天一学院,2023,江苏,专科批,历史类,（01）,,274,,
8796,巴中职业技术学院,2023,江苏,专科批,历史类,（01）,,276,,
8798,四川华新现代职业学院,2023,江苏,专科批,历史类,（01）,,306,,
8822,重庆电讯职业学院,2023,江苏,专科批,历史类,（01）,,292,,
8827,重庆建筑科技职业学院,2023,江苏,专科批,历史类,（01）,,272,,
8878,云南经济管理学院,2023,江苏,专科批,历史类,（02）,,278,,
8903,西安外事学院,2023,江苏,专科批,历史类,（02）,,354,,
8909,西安交通工程学院,2023,江苏,专科批,历史类,（01）,,365,,
8914,西安工商学院,2023,江苏,专科批,历史类,（02）,,250,,
8931,西安高新科技职业学院,2023,江苏,专科批,历史类,（01）,,269,,
8932,西安汽车职业大学,2023,江苏,专科批,历史类,（01）,,306,,
8934,西安城市建设职业学院,2023,江苏,专科批,历史类,（01）,,268,,
8936,西安海棠职业学院,2023,江苏,专科批,历史类,（01）,,254,,
8938,西安信息职业大学,2023,江苏,专科批,历史类,（01）,,279,,
8939,陕西电子信息职业技术学院,2023,江苏,专科批,历史类,（01）,,254,,
,苏州职业技术大学,2023,江苏,专科批,历史类,,,423,,
1111,南京邮电大学,2023,江苏,地方专项计划批,历史类,（01）,,569,9083,
1101,南京大学,2023,江苏,本科批,历史类,（03）,,640,163,
1102,东南大学,2023,江苏,本科批,历史类,（02）,,629,959,
1103,南京航空航天大学,2023,江苏,本科批,历史类,,,603,1507,
1104,南京理工大学,2023,江苏,本科批,历史类,（01）,,602,3786,
1104,南京理工大学,2023,江苏,本科批,历史类,（02）,,600,4244,
1105,河海大学,2023,江苏,本科批,历史类,,,592,3786,
1105,河海大学,2023,江苏,本科批,历史类,（03）,,600,3940,
1106,南京信息工程大学,2023,江苏,本科批,历史类,,,554,5587,
1106,南京信息工程大学,2023,江苏,本科批,历史类,（04）,,583,7783,
1107,南京农业大学,2023,江苏,本科批,历史类,（01）,,588,4597,
1108,南京师范大学,2023,江苏,本科批,历史类,,,573,1242,
1108,南京师范大学,2023,江苏,本科批,历史类,（10）,,608,3062,
1108,南京师范大学,2023,江苏,本科批,历史类,（11）,,608,3062,
1109,中国药科大学,2023,江苏,本科批,历史类,（01）,,587,6431,
1110,南京工业大学,2023,江苏,本科批,历史类,（02）,,554,12539,
1111,南京邮电大学,2023,江苏,本科批,历史类,（02）,,568,8255,
1112,南京医科大学,2023,江苏,本科批,历史类,（01）,,562,9601,
1113,南京中医药大学,2023,江苏,本科批,历史类,,,528,14179,
1114,南京工程学院,2023,江苏,本科批,历史类,,,516,19571,
1115,南京林业大学,2023,江苏,本科批,历史类,,,562,7315,
1116,南京财经大学,2023,江苏,本科批,历史类,,,540,9336,
1117,南京体育学院,2023,江苏,本科批,历史类,,,477,35365,
1117,南京体育学院,2023,江苏,本科批,历史类,（03）,,509,36368,
1118,南京艺术学院,2023,江苏,本科批,历史类,（01）,,509,29035,
1119,南京审计大学,2023,江苏,本科批,历史类,,,567,5997,
1120,南京晓庄学院,2023,江苏,本科批,历史类,,,522,12539,
1120,南京晓庄学院,2023,江苏,本科批,历史类,（06）,,556,15508,
1120,南京晓庄学院,2023,江苏,本科批,历史类,（07）,,565,12848,
1128,金陵科技学院,2023,江苏,本科批,历史类,,,522,21583,
1131,江苏第二师范学院,2023,江苏,本科批,历史类,,,511,16579,
1131,江苏第二师范学院,2023,江苏,本科批,历史类,（06）,,548,18775,
1131,江苏第二师范学院,2023,江苏,本科批,历史类,（07）,,554,16579,
1133,南京特殊教育师范学院,2023,江苏,本科批,历史类,（02）,,527,24115,
1136,南京工业职业技术大学,2023,江苏,本科批,历史类,,,506,35365,
1201,江南大学,2023,江苏,本科批,历史类,,,582,4091,
1201,江南大学,2023,江苏,本科批,历史类,（03）,,598,4597,
1203,无锡学院,2023,江苏,本科批,历史类,（01）,,530,22444,
1221,中国矿业大学,2023,江苏,本科批,历史类,（01）,,589,5381,
1222,江苏师范大学,2023,江苏,本科批,历史类,,,526,10432,
1222,江苏师范大学,2023,江苏,本科批,历史类,（05）,,562,12848,
1222,江苏师范大学,2023,江苏,本科批,历史类,（06）,,575,9862,
1223,徐州医科大学,2023,江苏,本科批,历史类,,,523,19953,
1224,徐州工程学院,2023,江苏,本科批,历史类,（01）,,515,25823,
1242,常州大学,2023,江苏,本科批,历史类,（01）,,548,16959,
1242,常州大学,2023,江苏,本科批,历史类,（02）,,546,19571,
1243,常州工学院,2023,江苏,本科批,历史类,,,477,27627,
1244,江苏理工学院,2023,江苏,本科批,历史类,,,510,22444,
1261,苏州大学,2023,江苏,本科批,历史类,,,579,2329,
1261,苏州大学,2023,江苏,本科批,历史类,（08）,,605,3489,
1261,苏州大学,2023,江苏,本科批,历史类,（07）,,586,7093,
1262,苏州科技大学,2023,江苏,本科批,历史类,,,525,13841,
1262,苏州科技大学,2023,江苏,本科批,历史类,（03）,,549,16225,
1262,苏州科技大学,2023,江苏,本科批,历史类,（04）,,559,14823,
1263,苏州工学院,2023,江苏,本科批,历史类,,,494,21164,
1265,中国人民大学,2023,江苏,本科批,历史类,（02）,,652,116,
1265,中国人民大学,2023,江苏,本科批,历史类,（03）,,650,163,
1267,苏州城市学院,2023,江苏,本科批,历史类,,,487,22444,
1301,南通大学,2023,江苏,本科批,历史类,,,523,11595,
1301,南通大学,2023,江苏,本科批,历史类,（05）,,565,12848,
1321,江苏海洋大学,2023,江苏,本科批,历史类,（01）,,527,22878,
1321,江苏海洋大学,2023,江苏,本科批,历史类,（02）,,540,22035,
1341,淮阴师范学院,2023,江苏,本科批,历史类,（03）,,523,19571,
1341,淮阴师范学院,2023,江苏,本科批,历史类,（04）,,534,23711,
1341,淮阴师范学院,2023,江苏,本科批,历史类,（05）,,537,23286,
1342,淮阴工学院,2023,江苏,本科批,历史类,（01）,,512,31465,
1342,淮阴工学院,2023,江苏,本科批,历史类,（02）,,511,35365,
1361,盐城工学院,2023,江苏,本科批,历史类,（01）,,514,29035,
1362,盐城师范学院,2023,江苏,本科批,历史类,,,504,22878,
1362,盐城师范学院,2023,江苏,本科批,历史类,（05）,,527,26284,
1362,盐城师范学院,2023,江苏,本科批,历史类,（06）,,535,24115,
1381,扬州大学,2023,江苏,本科批,历史类,,,518,4402,
1381,扬州大学,2023,江苏,本科批,历史类,（11）,,580,8529,
1401,江苏大学,2023,江苏,本科批,历史类,,,493,9601,
1401,江苏大学,2023,江苏,本科批,历史类,（05）,,571,11035,
1402,江苏科技大学,2023,江苏,本科批,历史类,,,502,19167,
1402,江苏科技大学,2023,江苏,本科批,历史类,（06）,,544,20328,
1421,泰州学院,2023,江苏,本科批,历史类,（02）,,512,28083,
1426,宿迁学院,2023,江苏,本科批,历史类,（01）,,511,29035,
1426,宿迁学院,2023,江苏,本科批,历史类,（02）,,524,29035,
1802,东南大学成贤学院,2023,江苏,本科批,历史类,,,500,33397,
1803,南京航空航天大学金城学院,2023,江苏,本科批,历史类,,,489,43234,
1803,南京航空航天大学金城学院,2023,江苏,本科批,历史类,（03）,,500,40744,
1804,南京理工大学紫金学院,2023,江苏,本科批,历史类,,,502,34879,
1807,南京审计大学金审学院,2023,江苏,本科批,历史类,（01）,,502,34879,
1810,南京工业大学浦江学院,2023,江苏,本科批,历史类,,,476,43234,
1816,南京财经大学红山学院,2023,江苏,本科批,历史类,（01）,,486,38236,
1826,中国矿业大学徐海学院,2023,江苏,本科批,历史类,（01）,,487,43234,
1827,江苏师范大学科文学院,2023,江苏,本科批,历史类,（01）,,483,41709,
1827,江苏师范大学科文学院,2023,江苏,本科批,历史类,（02）,,491,45241,
1834,苏州大学应用技术学院,2023,江苏,本科批,历史类,（01）,,484,45758,
1835,苏州科技大学天平学院,2023,江苏,本科批,历史类,（01）,,499,38236,
1835,苏州科技大学天平学院,2023,江苏,本科批,历史类,（02）,,500,40744,
1837,江苏科技大学苏州理工学院,2023,江苏,本科批,历史类,（01）,,487,44720,
1838,南通大学杏林学院,2023,江苏,本科批,历史类,（01）,,483,39762,
1844,扬州大学广陵学院,2023,江苏,本科批,历史类,（01）,,501,36849,
1845,江苏大学京江学院,2023,江苏,本科批,历史类,（01）,,486,43727,
1846,南京医科大学康达学院,2023,江苏,本科批,历史类,（01）,,485,40744,
1847,南京师范大学泰州学院,2023,江苏,本科批,历史类,（01）,,503,33397,
1848,南京理工大学泰州科技学院,2023,江苏,本科批,历史类,（01）,,486,46781,
1850,南京邮电大学通达学院,2023,江苏,本科批,历史类,（01）,,484,46285,
1855,常州大学怀德学院,2023,江苏,本科批,历史类,（01）,,481,48842,
1858,南京师范大学中北学院,2023,江苏,本科批,历史类,（01）,,500,36849,
1858,南京师范大学中北学院,2023,江苏,本科批,历史类,（02）,,477,52277,
1901,南京传媒学院,2023,江苏,本科批,历史类,（01）,,486,44267,
1911,三江学院,2023,江苏,本科批,历史类,（01）,,482,41709,
1915,无锡太湖学院,2023,江苏,本科批,历史类,（01）,,485,40744,
1921,西交利物浦大学,2023,江苏,本科批,历史类,（01）,,543,20767,
1921,西交利物浦大学,2023,江苏,本科批,历史类,（02）,,569,11595,
1928,南通理工学院,2023,江苏,本科批,历史类,（01）,,480,49839,
2101,复旦大学,2023,江苏,本科批,历史类,（03）,,653,116,
2102,同济大学,2023,江苏,本科批,历史类,（01）,,635,630,
2102,同济大学,2023,江苏,本科批,历史类,（02）,,638,504,
2103,上海交通大学,2023,江苏,本科批,历史类,（01）,,660,,
2104,华东理工大学,2023,江苏,本科批,历史类,（01）,,591,2568,
2105,东华大学,2023,江苏,本科批,历史类,（01）,,591,4402,
2106,华东师范大学,2023,江苏,本科批,历史类,（01）,,627,472,
2106,华东师范大学,2023,江苏,本科批,历史类,（02）,,630,899,
2106,华东师范大学,2023,江苏,本科批,历史类,（03）,,633,630,
2107,华东政法大学,2023,江苏,本科批,历史类,（01）,,626,504,
2109,上海外国语大学,2023,江苏,本科批,历史类,（01）,,611,1604,
2109,上海外国语大学,2023,江苏,本科批,历史类,（02）,,621,1165,
2110,上海财经大学,2023,江苏,本科批,历史类,（01）,,626,740,
2111,上海师范大学,2023,江苏,本科批,历史类,,,571,5587,
2112,上海大学,2023,江苏,本科批,历史类,（01）,,601,3347,
2114,上海对外经贸大学,2023,江苏,本科批,历史类,,,576,5804,
2115,上海理工大学,2023,江苏,本科批,历史类,,,563,11035,
2116,上海海洋大学,2023,江苏,本科批,历史类,（01）,,578,7783,
2117,上海海事大学,2023,江苏,本科批,历史类,（01）,,581,5034,
2118,上海电力大学,2023,江苏,本科批,历史类,（01）,,567,10736,
2119,上海体育大学,2023,江苏,本科批,历史类,,,563,12848,
2120,上海工程技术大学,2023,江苏,本科批,历史类,（01）,,547,15859,
2124,上海第二工业大学,2023,江苏,本科批,历史类,（01）,,542,20767,
2125,上海政法学院,2023,江苏,本科批,历史类,（01）,,591,4244,
2128,复旦大学上海医学院,2023,江苏,本科批,历史类,（01）,,610,2793,
2136,上海电机学院,2023,江苏,本科批,历史类,（01）,,533,23711,
2137,上海立信会计金融学院,2023,江苏,本科批,历史类,（01）,,570,7315,
2141,上海商学院,2023,江苏,本科批,历史类,,,517,19571,
2201,浙江大学,2023,江苏,本科批,历史类,（01）,,639,224,
2202,中国计量大学,2023,江苏,本科批,历史类,（01）,,569,10152,
2203,浙江理工大学,2023,江苏,本科批,历史类,（01）,,560,13841,
2204,浙江工业大学,2023,江苏,本科批,历史类,（01）,,586,7093,
2205,中国美术学院,2023,江苏,本科批,历史类,（01）,,583,7093,
2206,浙江师范大学,2023,江苏,本科批,历史类,,,554,7783,
2207,浙江工商大学,2023,江苏,本科批,历史类,（01）,,563,5381,
2209,杭州师范大学,2023,江苏,本科批,历史类,（01）,,561,11595,
2211,浙江传媒学院,2023,江苏,本科批,历史类,,,545,5804,
2212,浙江科技大学,2023,江苏,本科批,历史类,（01）,,531,24115,
2213,浙江财经大学,2023,江苏,本科批,历史类,,,543,8255,
2214,浙江农林大学,2023,江苏,本科批,历史类,（01）,,550,14519,
2216,浙江中医药大学,2023,江苏,本科批,历史类,（01）,,554,14519,
2216,浙江中医药大学,2023,江苏,本科批,历史类,（02）,,561,14179,
2223,绍兴文理学院,2023,江苏,本科批,历史类,（01）,,487,47263,
2228,温州大学,2023,江苏,本科批,历史类,（01）,,551,14519,
2231,嘉兴大学,2023,江苏,本科批,历史类,（01）,,532,22035,
2240,浙江外国语学院,2023,江苏,本科批,历史类,,,528,17338,
2245,宁波诺丁汉大学,2023,江苏,本科批,历史类,（01）,,572,8255,
2245,宁波诺丁汉大学,2023,江苏,本科批,历史类,（02）,,583,7783,
2248,温州肯恩大学,2023,江苏,本科批,历史类,（01）,,541,20767,
2249,浙大城市学院,2023,江苏,本科批,历史类,（01）,,544,18395,
2250,浙大宁波理工学院,2023,江苏,本科批,历史类,（01）,,512,32914,
2251,浙江海洋大学,2023,江苏,本科批,历史类,（01）,,537,21164,
2261,湖州师范学院,2023,江苏,本科批,历史类,（01）,,535,22035,
2268,丽水学院,2023,江苏,本科批,历史类,（01）,,510,29522,
2268,丽水学院,2023,江苏,本科批,历史类,（02）,,533,24971,
2275,湖州学院,2023,江苏,本科批,历史类,（01）,,516,30452,
2277,嘉兴南湖学院,2023,江苏,本科批,历史类,（01）,,529,26738,
2303,安徽大学,2023,江苏,本科批,历史类,（01）,,590,4802,
2305,安徽建筑大学,2023,江苏,本科批,历史类,（01）,,541,19953,
2306,安徽农业大学,2023,江苏,本科批,历史类,（01）,,547,16579,
2306,安徽农业大学,2023,江苏,本科批,历史类,（02）,,540,19571,
2307,安徽中医药大学,2023,江苏,本科批,历史类,（01）,,547,19167,
2307,安徽中医药大学,2023,江苏,本科批,历史类,（02）,,564,13155,
2309,安徽师范大学,2023,江苏,本科批,历史类,（02）,,547,8811,
2309,安徽师范大学,2023,江苏,本科批,历史类,（03）,,578,9083,
2321,安徽财经大学,2023,江苏,本科批,历史类,,,550,13510,
2327,合肥大学,2023,江苏,本科批,历史类,（01）,,522,24971,
2331,阜阳师范大学,2023,江苏,本科批,历史类,,,515,30948,
2332,蚌埠医科大学,2023,江苏,本科批,历史类,（01）,,542,21164,
2332,蚌埠医科大学,2023,江苏,本科批,历史类,（02）,,502,39762,
2342,宿州学院,2023,江苏,本科批,历史类,（01）,,526,28083,
2343,安庆师范大学,2023,江苏,本科批,历史类,（01）,,525,27626,
2348,池州学院,2023,江苏,本科批,历史类,（01）,,510,34879,
2351,淮北师范大学,2023,江苏,本科批,历史类,（01）,,534,20767,
2351,淮北师范大学,2023,江苏,本科批,历史类,（04）,,543,20767,
2351,淮北师范大学,2023,江苏,本科批,历史类,（02）,,542,20328,
2351,淮北师范大学,2023,江苏,本科批,历史类,（03）,,554,16225,
2356,铜陵学院,2023,江苏,本科批,历史类,（01）,,523,29522,
2361,安徽工业大学,2023,江苏,本科批,历史类,（01）,,543,19571,
2362,淮南师范学院,2023,江苏,本科批,历史类,（01）,,521,25377,
2362,淮南师范学院,2023,江苏,本科批,历史类,（02）,,542,21164,
2372,滁州学院,2023,江苏,本科批,历史类,（01）,,511,25377,
2381,黄山学院,2023,江苏,本科批,历史类,,,480,38236,
2381,黄山学院,2023,江苏,本科批,历史类,（03）,,505,37763,
2383,合肥工业大学,2023,江苏,本科批,历史类,（01）,,591,5587,
2383,合肥工业大学,2023,江苏,本科批,历史类,（02）,,593,5587,
2401,福州大学,2023,江苏,本科批,历史类,（01）,,592,4402,
2402,福建农林大学,2023,江苏,本科批,历史类,,,532,17663,
2410,三明学院,2023,江苏,本科批,历史类,（01）,,507,36368,
2411,厦门大学,2023,江苏,本科批,历史类,,,603,538,
2412,集美大学,2023,江苏,本科批,历史类,（01）,,551,16225,
2413,厦门理工学院,2023,江苏,本科批,历史类,（01）,,534,22444,
2421,莆田学院,2023,江苏,本科批,历史类,（01）,,510,31465,
2422,华侨大学,2023,江苏,本科批,历史类,（01）,,552,13510,
2422,华侨大学,2023,江苏,本科批,历史类,（02）,,560,14519,
2437,武夷学院,2023,江苏,本科批,历史类,（01）,,506,33878,
2501,江西财经大学,2023,江苏,本科批,历史类,,,563,3062,
2502,华东交通大学,2023,江苏,本科批,历史类,,,540,11035,
2504,江西中医药大学,2023,江苏,本科批,历史类,（01）,,534,21583,
2505,南昌大学,2023,江苏,本科批,历史类,（01）,,587,5381,
2506,南昌航空大学,2023,江苏,本科批,历史类,（01）,,536,19167,
2507,江西科技师范大学,2023,江苏,本科批,历史类,（01）,,538,19953,
2507,江西科技师范大学,2023,江苏,本科批,历史类,（02）,,520,25823,
2507,江西科技师范大学,2023,江苏,本科批,历史类,（03）,,545,19953,
2508,江西农业大学,2023,江苏,本科批,历史类,（01）,,535,23711,
2508,江西农业大学,2023,江苏,本科批,历史类,（03）,,538,22878,
2508,江西农业大学,2023,江苏,本科批,历史类,（02）,,520,25823,
2510,江西师范大学,2023,江苏,本科批,历史类,（02）,,542,10432,
2510,江西师范大学,2023,江苏,本科批,历史类,（03）,,568,11915,
2510,江西师范大学,2023,江苏,本科批,历史类,（05）,,571,11035,
2510,江西师范大学,2023,江苏,本科批,历史类,（04）,,567,12207,
2511,江西水利电力大学,2023,江苏,本科批,历史类,（01）,,509,35365,
2512,江西警察学院,2023,江苏,本科批,历史类,（01）,,534,24523,
2521,江西理工大学,2023,江苏,本科批,历史类,（01）,,529,21583,
2522,赣南医科大学,2023,江苏,本科批,历史类,（01）,,511,27182,
2523,赣南师范大学,2023,江苏,本科批,历史类,（01）,,529,22035,
2523,赣南师范大学,2023,江苏,本科批,历史类,（02）,,527,26738,
2523,赣南师范大学,2023,江苏,本科批,历史类,（03）,,531,24115,
2527,新余学院,2023,江苏,本科批,历史类,（01）,,509,34382,
2531,景德镇陶瓷大学,2023,江苏,本科批,历史类,（01）,,532,18395,
2541,东华理工大学,2023,江苏,本科批,历史类,（01）,,529,26738,
2542,萍乡学院,2023,江苏,本科批,历史类,（01）,,512,34382,
2543,南昌师范学院,2023,江苏,本科批,历史类,（01）,,514,30452,
2543,南昌师范学院,2023,江苏,本科批,历史类,（02）,,534,24523,
2543,南昌师范学院,2023,江苏,本科批,历史类,（03）,,508,36849,
2551,宜春学院,2023,江苏,本科批,历史类,（01）,,505,31465,
2551,宜春学院,2023,江苏,本科批,历史类,（02）,,517,31465,
2561,九江学院,2023,江苏,本科批,历史类,（01）,,505,36849,
2571,上饶师范学院,2023,江苏,本科批,历史类,（01）,,515,29035,
2571,上饶师范学院,2023,江苏,本科批,历史类,（02）,,524,29035,
2572,赣东学院,2023,江苏,本科批,历史类,（01）,,504,37290,
2573,赣南科技学院,2023,江苏,本科批,历史类,（01）,,505,35865,
2574,南昌医学院,2023,江苏,本科批,历史类,,,543,13155,
2581,井冈山大学,2023,江苏,本科批,历史类,（01）,,519,28557,
2596,景德镇学院,2023,江苏,本科批,历史类,（01）,,513,33397,
2601,山东大学,2023,江苏,本科批,历史类,,,605,1024,
2601,山东大学,2023,江苏,本科批,历史类,（03）,,623,1407,
2602,济南大学,2023,江苏,本科批,历史类,（01）,,543,15174,
2602,济南大学,2023,江苏,本科批,历史类,（02）,,566,12539,
2606,山东财经大学,2023,江苏,本科批,历史类,（01）,,557,9336,
2608,山东工艺美术学院,2023,江苏,本科批,历史类,,,496,38236,
2609,山东交通学院,2023,江苏,本科批,历史类,（01）,,526,28083,
2610,齐鲁工业大学,2023,江苏,本科批,历史类,（01）,,528,23286,
2611,山东理工大学,2023,江苏,本科批,历史类,（01）,,539,22444,
2621,中国海洋大学,2023,江苏,本科批,历史类,（01）,,604,2447,
2621,中国海洋大学,2023,江苏,本科批,历史类,（02）,,607,3204,
2622,青岛理工大学,2023,江苏,本科批,历史类,（01）,,542,17663,
2624,青岛大学,2023,江苏,本科批,历史类,（01）,,554,12848,
2631,山东农业大学,2023,江苏,本科批,历史类,（01）,,545,19167,
2635,潍坊学院,2023,江苏,本科批,历史类,（01）,,518,26284,
2635,潍坊学院,2023,江苏,本科批,历史类,（02）,,526,28083,
2642,聊城大学,2023,江苏,本科批,历史类,（01）,,538,21583,
2643,青岛农业大学,2023,江苏,本科批,历史类,（01）,,541,21583,
2643,青岛农业大学,2023,江苏,本科批,历史类,（03）,,532,22035,
2645,临沂大学,2023,江苏,本科批,历史类,（01）,,533,24523,
2650,山东航空学院,2023,江苏,本科批,历史类,（01）,,520,30948,
2651,烟台大学,2023,江苏,本科批,历史类,（01）,,536,22035,
2652,山东工商学院,2023,江苏,本科批,历史类,（01）,,522,22878,
2652,山东工商学院,2023,江苏,本科批,历史类,（02）,,515,33397,
2653,鲁东大学,2023,江苏,本科批,历史类,（01）,,530,21164,
2661,山东大学（威海）,2023,江苏,本科批,历史类,（01）,,615,1811,
2661,山东大学（威海）,2023,江苏,本科批,历史类,（02）,,622,1507,
2662,哈尔滨工业大学（威海）,2023,江苏,本科批,历史类,（01）,,614,2329,
2669,菏泽学院,2023,江苏,本科批,历史类,（01）,,520,30948,
2669,菏泽学院,2023,江苏,本科批,历史类,（02）,,506,37763,
2671,曲阜师范大学,2023,江苏,本科批,历史类,（01）,,540,14519,
2683,德州学院,2023,江苏,本科批,历史类,（01）,,530,26284,
2691,山东第一医科大学,2023,江苏,本科批,历史类,（01）,,516,31921,
2701,山东女子学院,2023,江苏,本科批,历史类,（01）,,506,36849,
2702,济宁学院,2023,江苏,本科批,历史类,（01）,,510,35865,
2710,齐鲁师范学院,2023,江苏,本科批,历史类,（01）,,531,25823,
2711,山东师范大学,2023,江苏,本科批,历史类,,,526,5587,
2711,山东师范大学,2023,江苏,本科批,历史类,（03）,,576,9601,
2755,山东石油化工学院,2023,江苏,本科批,历史类,（01）,,517,31921,
306,中国民用航空飞行学院,2023,江苏,本科批,历史类,（02）,,524,22444,
306,中国民用航空飞行学院,2023,江苏,本科批,历史类,（03）,,544,20328,
3101,北京大学,2023,江苏,本科批,历史类,（03）,,663,,
3103,清华大学,2023,江苏,本科批,历史类,（01）,,673,,
3104,北京师范大学,2023,江苏,本科批,历史类,,,625,586,
3105,北京交通大学,2023,江苏,本科批,历史类,（01）,,581,3204,
3106,北京航空航天大学,2023,江苏,本科批,历史类,（01）,,629,959,
3107,北京理工大学,2023,江苏,本科批,历史类,（01）,,623,1407,
3108,北京科技大学,2023,江苏,本科批,历史类,（01）,,597,4244,
3109,北京化工大学,2023,江苏,本科批,历史类,（01）,,586,4091,
3110,中国农业大学,2023,江苏,本科批,历史类,,,596,1322,
3112,中国政法大学,2023,江苏,本科批,历史类,（01）,,625,266,
3112,中国政法大学,2023,江苏,本科批,历史类,（02）,,624,1242,
3114,北京林业大学,2023,江苏,本科批,历史类,（01）,,587,2229,
3115,北京大学医学部,2023,江苏,本科批,历史类,（01）,,652,131,
3116,北京外国语大学,2023,江苏,本科批,历史类,（02）,,616,899,
3116,北京外国语大学,2023,江苏,本科批,历史类,（03）,,622,1407,
3117,北京语言大学,2023,江苏,本科批,历史类,（02）,,585,5997,
3117,北京语言大学,2023,江苏,本科批,历史类,（03）,,585,7315,
3118,中国石油大学（北京）,2023,江苏,本科批,历史类,（01）,,591,5997,
3118,中国石油大学（北京）,2023,江苏,本科批,历史类,（02）,,596,5034,
3119,对外经济贸易大学,2023,江苏,本科批,历史类,（02）,,624,899,
3120,中央财经大学,2023,江苏,本科批,历史类,（01）,,621,959,
3121,北京中医药大学,2023,江苏,本科批,历史类,（01）,,589,5587,
3122,中国矿业大学（北京）,2023,江苏,本科批,历史类,（01）,,585,7093,
3123,中国传媒大学,2023,江苏,本科批,历史类,,,613,1604,
3127,北京体育大学,2023,江苏,本科批,历史类,,,540,6199,
3127,北京体育大学,2023,江苏,本科批,历史类,（04）,,589,6431,
3128,华北电力大学（北京）,2023,江苏,本科批,历史类,（01）,,589,4091,
3129,中央民族大学,2023,江苏,本科批,历史类,（01）,,610,2113,
3132,北京第二外国语学院,2023,江苏,本科批,历史类,（01）,,571,6199,
3133,首都师范大学,2023,江苏,本科批,历史类,（01）,,579,6431,
3136,北京物资学院,2023,江苏,本科批,历史类,（01）,,542,12539,
3139,北京印刷学院,2023,江苏,本科批,历史类,（01）,,559,14823,
3142,北京工商大学,2023,江苏,本科批,历史类,（01）,,553,15174,
3144,北京联合大学,2023,江苏,本科批,历史类,（01）,,545,19571,
3148,北京电影学院,2023,江苏,本科批,历史类,（01）,,598,4597,
3153,华北科技学院,2023,江苏,本科批,历史类,（01）,,509,23711,
3154,首都经济贸易大学,2023,江苏,本科批,历史类,（01）,,584,7315,
3169,中国劳动关系学院,2023,江苏,本科批,历史类,（01）,,539,18775,
3201,南开大学,2023,江苏,本科批,历史类,（02）,,633,630,
3204,天津师范大学,2023,江苏,本科批,历史类,（02）,,559,10432,
3204,天津师范大学,2023,江苏,本科批,历史类,（03）,,575,9862,
3204,天津师范大学,2023,江苏,本科批,历史类,（04）,,572,10152,
3205,中国民航大学,2023,江苏,本科批,历史类,（01）,,556,10432,
3205,中国民航大学,2023,江苏,本科批,历史类,（02）,,571,11035,
3206,天津工业大学,2023,江苏,本科批,历史类,（01）,,574,9336,
3207,天津商业大学,2023,江苏,本科批,历史类,（01）,,543,19571,
3208,天津科技大学,2023,江苏,本科批,历史类,（01）,,543,18775,
3208,天津科技大学,2023,江苏,本科批,历史类,（02）,,538,19953,
3209,天津财经大学,2023,江苏,本科批,历史类,（01）,,560,9336,
3211,天津外国语大学,2023,江苏,本科批,历史类,,,545,12207,
3211,天津外国语大学,2023,江苏,本科批,历史类,（03）,,553,16225,
3212,天津中医药大学,2023,江苏,本科批,历史类,（01）,,556,11035,
3212,天津中医药大学,2023,江苏,本科批,历史类,（03）,,579,7783,
3213,天津农学院,2023,江苏,本科批,历史类,（01）,,509,34879,
3217,天津体育学院,2023,江苏,本科批,历史类,（01）,,508,35365,
3218,天津职业技术师范大学,2023,江苏,本科批,历史类,（01）,,522,26738,
3301,石家庄铁道大学,2023,江苏,本科批,历史类,（01）,,533,,
3302,河北科技师范学院,2023,江苏,本科批,历史类,（01）,,521,29996,
3305,河北地质大学,2023,江苏,本科批,历史类,（01）,,521,28083,
3307,河北工业大学,2023,江苏,本科批,历史类,（01）,,585,6864,
3310,河北经贸大学,2023,江苏,本科批,历史类,,,526,19167,
3311,华北电力大学（保定）,2023,江苏,本科批,历史类,（01）,,580,7093,
3312,河北大学,2023,江苏,本科批,历史类,（01）,,548,13155,
3312,河北大学,2023,江苏,本科批,历史类,（02）,,568,11915,
3314,河北师范大学,2023,江苏,本科批,历史类,（01）,,535,19571,
3314,河北师范大学,2023,江苏,本科批,历史类,（02）,,574,10152,
3315,河北金融学院,2023,江苏,本科批,历史类,（01）,,513,31921,
3318,防灾科技学院,2023,江苏,本科批,历史类,（01）,,511,26284,
3320,河北环境工程学院,2023,江苏,本科批,历史类,（01）,,501,38236,
3320,河北环境工程学院,2023,江苏,本科批,历史类,（02）,,505,38236,
3321,燕山大学,2023,江苏,本科批,历史类,（01）,,548,17338,
3322,东北大学秦皇岛分校,2023,江苏,本科批,历史类,（01）,,597,3639,
3332,华北理工大学,2023,江苏,本科批,历史类,（01）,,540,21164,
3332,华北理工大学,2023,江苏,本科批,历史类,（02）,,477,52277,
3332,华北理工大学,2023,江苏,本科批,历史类,（03）,,546,18775,
3333,衡水学院,2023,江苏,本科批,历史类,（01）,,501,39269,
3333,衡水学院,2023,江苏,本科批,历史类,（02）,,510,35865,
3341,北华航天工业学院,2023,江苏,本科批,历史类,（01）,,508,34382,
3344,邯郸学院,2023,江苏,本科批,历史类,（01）,,501,40236,
3350,张家口学院,2023,江苏,本科批,历史类,（01）,,509,34382,
3362,邢台学院,2023,江苏,本科批,历史类,（01）,,503,38764,
3365,沧州师范学院,2023,江苏,本科批,历史类,（01）,,508,33878,
3401,山西大学,2023,江苏,本科批,历史类,（01）,,580,7315,
3401,山西大学,2023,江苏,本科批,历史类,（02）,,571,11035,
3402,中北大学,2023,江苏,本科批,历史类,（01）,,536,23711,
3403,山西财经大学,2023,江苏,本科批,历史类,,,538,17663,
3404,太原科技大学,2023,江苏,本科批,历史类,（01）,,530,25377,
3405,太原理工大学,2023,江苏,本科批,历史类,（01）,,583,7783,
3406,太原工业学院,2023,江苏,本科批,历史类,（01）,,503,36368,
3408,山西中医药大学,2023,江苏,本科批,历史类,（01）,,550,15174,
3408,山西中医药大学,2023,江苏,本科批,历史类,（03）,,556,15859,
3410,山西农业大学,2023,江苏,本科批,历史类,（01）,,514,29996,
3410,山西农业大学,2023,江苏,本科批,历史类,（02）,,476,52756,
3410,山西农业大学,2023,江苏,本科批,历史类,（03）,,525,27626,
3412,山西传媒学院,2023,江苏,本科批,历史类,（01）,,502,37290,
3415,山西师范大学,2023,江苏,本科批,历史类,（01）,,536,21583,
3415,山西师范大学,2023,江苏,本科批,历史类,（02）,,537,22878,
3415,山西师范大学,2023,江苏,本科批,历史类,（03）,,560,14519,
3416,太原师范学院,2023,江苏,本科批,历史类,（01）,,523,27182,
3416,太原师范学院,2023,江苏,本科批,历史类,（02）,,521,30452,
3416,太原师范学院,2023,江苏,本科批,历史类,（03）,,520,29522,
3417,山西大同大学,2023,江苏,本科批,历史类,（01）,,518,31465,
3418,运城学院,2023,江苏,本科批,历史类,（01）,,513,33397,
3418,运城学院,2023,江苏,本科批,历史类,（02）,,512,34879,
3429,山西工程科技职业大学,2023,江苏,本科批,历史类,（01）,,506,37763,
3431,吕梁学院,2023,江苏,本科批,历史类,（01）,,504,32407,
3431,吕梁学院,2023,江苏,本科批,历史类,（02）,,516,32914,
3432,晋中学院,2023,江苏,本科批,历史类,（01）,,500,39269,
3433,山西工程技术学院,2023,江苏,本科批,历史类,（01）,,504,38764,
3506,内蒙古民族大学,2023,江苏,本科批,历史类,（01）,,503,39269,
3507,内蒙古财经大学,2023,江苏,本科批,历史类,（01）,,506,37763,
3511,内蒙古科技大学,2023,江苏,本科批,历史类,（01）,,513,32914,
3511,内蒙古科技大学,2023,江苏,本科批,历史类,（02）,,513,34382,
4101,东北大学,2023,江苏,本科批,历史类,（01）,,599,3062,
4102,辽宁大学,2023,江苏,本科批,历史类,,,540,4244,
4104,沈阳药科大学,2023,江苏,本科批,历史类,（01）,,557,15508,
4104,沈阳药科大学,2023,江苏,本科批,历史类,（02）,,494,43727,
4104,沈阳药科大学,2023,江苏,本科批,历史类,（03）,,540,22035,
4108,沈阳工业大学,2023,江苏,本科批,历史类,（01）,,532,23286,
4109,沈阳理工大学,2023,江苏,本科批,历史类,（01）,,528,26738,
4112,鞍山师范学院,2023,江苏,本科批,历史类,（01）,,498,37290,
4113,沈阳医学院,2023,江苏,本科批,历史类,（01）,,540,22035,
4113,沈阳医学院,2023,江苏,本科批,历史类,（02）,,497,42221,
4113,沈阳医学院,2023,江苏,本科批,历史类,（03）,,542,21164,
4114,辽宁中医药大学,2023,江苏,本科批,历史类,,,509,20767,
4117,沈阳师范大学,2023,江苏,本科批,历史类,,,510,24115,
4126,辽宁师范大学,2023,江苏,本科批,历史类,（01）,,521,30452,
4131,大连理工大学,2023,江苏,本科批,历史类,（01）,,600,3062,
4132,大连海事大学,2023,江苏,本科批,历史类,（01）,,591,4244,
4133,东北财经大学,2023,江苏,本科批,历史类,,,566,5381,
4135,大连外国语大学,2023,江苏,本科批,历史类,,,529,10152,
4136,大连大学,2023,江苏,本科批,历史类,（01）,,529,25823,
4139,大连交通大学,2023,江苏,本科批,历史类,（01）,,535,23711,
4140,大连民族大学,2023,江苏,本科批,历史类,（01）,,507,37290,
4152,渤海大学,2023,江苏,本科批,历史类,（01）,,522,29996,
4161,辽宁工程技术大学,2023,江苏,本科批,历史类,（01）,,510,35865,
4201,吉林大学,2023,江苏,本科批,历史类,（02）,,617,899,
4201,吉林大学,2023,江苏,本科批,历史类,（04）,,622,1322,
4201,吉林大学,2023,江苏,本科批,历史类,（03）,,616,1906,
4202,东北师范大学,2023,江苏,本科批,历史类,,,583,4402,
4203,吉林农业大学,2023,江苏,本科批,历史类,（01）,,520,30452,
4204,长春大学,2023,江苏,本科批,历史类,,,490,30452,
4206,吉林财经大学,2023,江苏,本科批,历史类,,,533,21583,
4207,长春师范大学,2023,江苏,本科批,历史类,,,506,31465,
4210,吉林建筑大学,2023,江苏,本科批,历史类,（01）,,509,34879,
4210,吉林建筑大学,2023,江苏,本科批,历史类,（02）,,513,34382,
4212,吉林工程技术师范学院,2023,江苏,本科批,历史类,（01）,,505,38236,
4215,吉林师范大学,2023,江苏,本科批,历史类,,,513,24115,
4215,吉林师范大学,2023,江苏,本科批,历史类,（03）,,553,16959,
4215,吉林师范大学,2023,江苏,本科批,历史类,（04）,,528,27182,
4220,吉林警察学院,2023,江苏,本科批,历史类,（01）,,525,28557,
4225,吉林农业科技学院,2023,江苏,本科批,历史类,（01）,,502,39762,
4228,吉林医药学院,2023,江苏,本科批,历史类,（01）,,501,38764,
4231,东北电力大学,2023,江苏,本科批,历史类,（01）,,515,33397,
4232,北华大学,2023,江苏,本科批,历史类,（01）,,527,25377,
4232,北华大学,2023,江苏,本科批,历史类,（02）,,534,24523,
4233,通化师范学院,2023,江苏,本科批,历史类,（01）,,504,37290,
4235,吉林化工大学,2023,江苏,本科批,历史类,（01）,,503,39269,
4235,吉林化工大学,2023,江苏,本科批,历史类,（02）,,513,34382,
4237,吉林工商学院,2023,江苏,本科批,历史类,（01）,,504,36368,
4241,白城师范学院,2023,江苏,本科批,历史类,,,501,32914,
4241,白城师范学院,2023,江苏,本科批,历史类,（03）,,511,35365,
4241,白城师范学院,2023,江苏,本科批,历史类,（04）,,507,37290,
4301,哈尔滨工业大学,2023,江苏,本科批,历史类,（01）,,615,1811,
4301,哈尔滨工业大学,2023,江苏,本科批,历史类,（02）,,616,1811,
4302,哈尔滨工程大学,2023,江苏,本科批,历史类,（01）,,586,6628,
4303,东北林业大学,2023,江苏,本科批,历史类,（01）,,580,6864,
4304,东北农业大学,2023,江苏,本科批,历史类,（01）,,582,7315,
4306,黑龙江工程学院,2023,江苏,本科批,历史类,（01）,,506,36849,
4307,哈尔滨商业大学,2023,江苏,本科批,历史类,（01）,,521,28083,
4309,哈尔滨医科大学,2023,江苏,本科批,历史类,（01）,,529,26738,
4309,哈尔滨医科大学,2023,江苏,本科批,历史类,（02）,,502,39762,
4310,黑龙江科技大学,2023,江苏,本科批,历史类,（01）,,509,32407,
4311,黑龙江大学,2023,江苏,本科批,历史类,（02）,,550,14823,
4311,黑龙江大学,2023,江苏,本科批,历史类,（03）,,546,19571,
4311,黑龙江大学,2023,江苏,本科批,历史类,（04）,,552,12539,
4312,哈尔滨师范大学,2023,江苏,本科批,历史类,（01）,,516,28557,
4314,牡丹江师范学院,2023,江苏,本科批,历史类,（01）,,503,38236,
4314,牡丹江师范学院,2023,江苏,本科批,历史类,（02）,,508,36849,
4315,哈尔滨金融学院,2023,江苏,本科批,历史类,（01）,,511,30452,
4323,哈尔滨学院,2023,江苏,本科批,历史类,（01）,,506,36368,
4331,齐齐哈尔医学院,2023,江苏,本科批,历史类,（01）,,518,31921,
4332,齐齐哈尔大学,2023,江苏,本科批,历史类,（01）,,504,36368,
4332,齐齐哈尔大学,2023,江苏,本科批,历史类,（02）,,518,31921,
4371,延边大学,2023,江苏,本科批,历史类,（01）,,554,7541,
5101,郑州大学,2023,江苏,本科批,历史类,（01）,,585,4244,
5103,中原工学院,2023,江苏,本科批,历史类,（01）,,505,35865,
5104,河南工业大学,2023,江苏,本科批,历史类,（01）,,536,21583,
5105,郑州航空工业管理学院,2023,江苏,本科批,历史类,（01）,,518,29035,
5106,郑州轻工业大学,2023,江苏,本科批,历史类,（01）,,527,24115,
5110,河南科技学院,2023,江苏,本科批,历史类,（01）,,513,33878,
5114,河南中医药大学,2023,江苏,本科批,历史类,（01）,,557,13841,
5117,河南农业大学,2023,江苏,本科批,历史类,（01）,,528,25823,
5118,信阳师范大学,2023,江苏,本科批,历史类,,,502,35865,
5119,河南财经政法大学,2023,江苏,本科批,历史类,,,534,15508,
5119,河南财经政法大学,2023,江苏,本科批,历史类,（03）,,521,30452,
5122,河南工程学院,2023,江苏,本科批,历史类,（01）,,509,35865,
5125,周口师范学院,2023,江苏,本科批,历史类,（01）,,508,35365,
5125,周口师范学院,2023,江苏,本科批,历史类,（03）,,517,30452,
5125,周口师范学院,2023,江苏,本科批,历史类,（02）,,514,33878,
5131,洛阳理工学院,2023,江苏,本科批,历史类,（01）,,510,34382,
5132,河南科技大学,2023,江苏,本科批,历史类,,,526,19953,
5133,洛阳师范学院,2023,江苏,本科批,历史类,（01）,,511,23711,
5134,平顶山学院,2023,江苏,本科批,历史类,（01）,,502,38764,
5141,河南大学,2023,江苏,本科批,历史类,（01）,,563,8529,
5141,河南大学,2023,江苏,本科批,历史类,（02）,,571,11035,
5141,河南大学,2023,江苏,本科批,历史类,（03）,,580,8529,
5141,河南大学,2023,江苏,本科批,历史类,（04）,,586,7093,
5151,河南理工大学,2023,江苏,本科批,历史类,（01）,,539,21164,
5153,河南师范大学,2023,江苏,本科批,历史类,（01）,,538,19571,
5153,河南师范大学,2023,江苏,本科批,历史类,（02）,,552,15174,
5161,安阳工学院,2023,江苏,本科批,历史类,（01）,,506,37763,
5162,安阳师范学院,2023,江苏,本科批,历史类,（01）,,510,32914,
5172,郑州工程技术学院,2023,江苏,本科批,历史类,（01）,,505,37290,
5172,郑州工程技术学院,2023,江苏,本科批,历史类,（02）,,501,40236,
5173,新乡学院,2023,江苏,本科批,历史类,（01）,,505,38236,
5173,新乡学院,2023,江苏,本科批,历史类,,,501,38236,
5174,许昌学院,2023,江苏,本科批,历史类,（01）,,509,32407,
5181,南阳师范学院,2023,江苏,本科批,历史类,（01）,,511,31921,
5181,南阳师范学院,2023,江苏,本科批,历史类,（02）,,517,32407,
5181,南阳师范学院,2023,江苏,本科批,历史类,（03）,,506,37763,
5182,南阳理工学院,2023,江苏,本科批,历史类,,,507,35865,
5182,南阳理工学院,2023,江苏,本科批,历史类,（03）,,507,37290,
5191,黄淮学院,2023,江苏,本科批,历史类,（01）,,510,32914,
5193,河南城建学院,2023,江苏,本科批,历史类,（01）,,505,38236,
5198,商丘师范学院,2023,江苏,本科批,历史类,（01）,,509,28083,
5198,商丘师范学院,2023,江苏,本科批,历史类,（02）,,535,24115,
5201,武汉大学,2023,江苏,本科批,历史类,（02）,,634,389,
5202,华中科技大学,2023,江苏,本科批,历史类,（01）,,622,1024,
5203,华中师范大学,2023,江苏,本科批,历史类,（01）,,592,2447,
5203,华中师范大学,2023,江苏,本科批,历史类,（02）,,606,3347,
5204,华中农业大学,2023,江苏,本科批,历史类,（01）,,583,6628,
5205,中国地质大学（武汉）,2023,江苏,本科批,历史类,（01）,,590,5997,
5205,中国地质大学（武汉）,2023,江苏,本科批,历史类,（02）,,595,5198,
5206,中南财经政法大学,2023,江苏,本科批,历史类,,,598,1165,
5207,武汉理工大学,2023,江苏,本科批,历史类,（01）,,585,6864,
5208,中南民族大学,2023,江苏,本科批,历史类,（01）,,550,13841,
5208,中南民族大学,2023,江苏,本科批,历史类,（02）,,557,15508,
5209,湖北大学,2023,江苏,本科批,历史类,（01）,,559,13841,
5209,湖北大学,2023,江苏,本科批,历史类,（02）,,545,19953,
5211,湖北中医药大学,2023,江苏,本科批,历史类,（01）,,529,21583,
5211,湖北中医药大学,2023,江苏,本科批,历史类,（02）,,558,11035,
5212,武汉纺织大学,2023,江苏,本科批,历史类,（01）,,538,22035,
5213,武汉体育学院,2023,江苏,本科批,历史类,（01）,,507,35365,
5215,武汉工程大学,2023,江苏,本科批,历史类,（01）,,545,19167,
5216,武汉轻工大学,2023,江苏,本科批,历史类,（01）,,533,24115,
5220,湖北第二师范学院,2023,江苏,本科批,历史类,,,505,28083,
5221,湖北经济学院,2023,江苏,本科批,历史类,（01）,,529,23286,
5225,汉江师范学院,2023,江苏,本科批,历史类,（01）,,523,25377,
5243,长江大学,2023,江苏,本科批,历史类,（01）,,541,19167,
5251,三峡大学,2023,江苏,本科批,历史类,（01）,,532,,
5261,湖北师范大学,2023,江苏,本科批,历史类,（01）,,539,19953,
5261,湖北师范大学,2023,江苏,本科批,历史类,（02）,,547,19167,
5265,湖北理工学院,2023,江苏,本科批,历史类,（01）,,516,31921,
5271,湖北警官学院,2023,江苏,本科批,历史类,（01）,,537,23286,
5285,荆楚理工学院,2023,江苏,本科批,历史类,（01）,,508,35865,
5287,湖北科技学院,2023,江苏,本科批,历史类,（01）,,506,36849,
5290,湖北文理学院,2023,江苏,本科批,历史类,（01）,,523,28557,
5295,湖北工程学院,2023,江苏,本科批,历史类,（01）,,507,36368,
5301,湖南大学,2023,江苏,本科批,历史类,（01）,,620,1322,
5302,中南大学,2023,江苏,本科批,历史类,（01）,,618,1322,
5303,湖南师范大学,2023,江苏,本科批,历史类,（01）,,587,3940,
5303,湖南师范大学,2023,江苏,本科批,历史类,（02）,,592,5034,
5303,湖南师范大学,2023,江苏,本科批,历史类,（03）,,601,3639,
5305,湖南农业大学,2023,江苏,本科批,历史类,（01）,,532,21583,
5305,湖南农业大学,2023,江苏,本科批,历史类,（02）,,538,22878,
5306,湖南工商大学,2023,江苏,本科批,历史类,（01）,,533,19953,
5306,湖南工商大学,2023,江苏,本科批,历史类,（02）,,531,25823,
5307,长沙理工大学,2023,江苏,本科批,历史类,（01）,,544,14823,
5308,长沙学院,2023,江苏,本科批,历史类,（01）,,515,,
5308,长沙学院,2023,江苏,本科批,历史类,（02）,,519,,
5310,湖南人文科技学院,2023,江苏,本科批,历史类,,,481,,
5320,湖南财政经济学院,2023,江苏,本科批,历史类,（01）,,523,26284,
5321,湖南科技大学,2023,江苏,本科批,历史类,（01）,,539,15859,
5321,湖南科技大学,2023,江苏,本科批,历史类,（02）,,556,15859,
5322,湖南工程学院,2023,江苏,本科批,历史类,（01）,,504,38236,
5323,湘潭大学,2023,江苏,本科批,历史类,（01）,,568,6431,
5327,湖南工学院,2023,江苏,本科批,历史类,（01）,,504,37290,
5331,中南林业科技大学,2023,江苏,本科批,历史类,（01）,,531,22035,
5332,湖南工业大学,2023,江苏,本科批,历史类,（01）,,533,19953,
5341,南华大学,2023,江苏,本科批,历史类,,,540,20328,
5342,衡阳师范学院,2023,江苏,本科批,历史类,（01）,,512,28557,
5342,衡阳师范学院,2023,江苏,本科批,历史类,（02）,,541,21583,
5343,湖南文理学院,2023,江苏,本科批,历史类,（01）,,507,31921,
5349,湖南第一师范学院,2023,江苏,本科批,历史类,（01）,,535,16959,
5349,湖南第一师范学院,2023,江苏,本科批,历史类,（02）,,547,19167,
5351,湖南理工学院,2023,江苏,本科批,历史类,（01）,,506,31921,
5355,湖南城市学院,2023,江苏,本科批,历史类,（01）,,507,33878,
5361,吉首大学,2023,江苏,本科批,历史类,（01）,,522,24523,
5371,邵阳学院,2023,江苏,本科批,历史类,（01）,,508,34382,
5380,长沙师范学院,2023,江苏,本科批,历史类,（01）,,521,30452,
5381,湘南学院,2023,江苏,本科批,历史类,（01）,,507,30948,
5385,怀化学院,2023,江苏,本科批,历史类,（01）,,509,34382,
5385,怀化学院,2023,江苏,本科批,历史类,（02）,,516,32914,
5391,湖南科技学院,2023,江苏,本科批,历史类,（01）,,506,35365,
5391,湖南科技学院,2023,江苏,本科批,历史类,（02）,,520,30948,
5393,湖南女子学院,2023,江苏,本科批,历史类,（01）,,501,37763,
5401,中山大学,2023,江苏,本科批,历史类,（01）,,631,687,
5401,中山大学,2023,江苏,本科批,历史类,（02）,,628,899,
5402,华南理工大学,2023,江苏,本科批,历史类,（01）,,615,1604,
5404,广东外语外贸大学,2023,江苏,本科批,历史类,（01）,,568,6199,
5404,广东外语外贸大学,2023,江苏,本科批,历史类,（02）,,574,10152,
5407,暨南大学,2023,江苏,本科批,历史类,（01）,,594,2928,
5408,广州美术学院,2023,江苏,本科批,历史类,（01）,,549,11293,
5412,广东金融学院,2023,江苏,本科批,历史类,（01）,,541,20767,
5413,华南师范大学,2023,江苏,本科批,历史类,（01）,,594,4402,
5414,广东财经大学,2023,江苏,本科批,历史类,（01）,,573,9083,
5418,哈尔滨工业大学（深圳）,2023,江苏,本科批,历史类,（01）,,625,1242,
5419,广州大学,2023,江苏,本科批,历史类,（01）,,550,12539,
5420,广州中医药大学,2023,江苏,本科批,历史类,（01）,,579,5804,
5421,汕头大学,2023,江苏,本科批,历史类,（01）,,545,10736,
5422,南方医科大学,2023,江苏,本科批,历史类,（01）,,557,7315,
5437,韶关学院,2023,江苏,本科批,历史类,（01）,,505,38236,
5451,深圳大学,2023,江苏,本科批,历史类,（01）,,592,5034,
5461,北师香港浸会大学,2023,江苏,本科批,历史类,（01）,,550,11915,
5477,岭南师范学院,2023,江苏,本科批,历史类,,,502,27626,
5477,岭南师范学院,2023,江苏,本科批,历史类,（05）,,520,30948,
5479,深圳技术大学,2023,江苏,本科批,历史类,（01）,,555,12848,
5502,广西中医药大学,2023,江苏,本科批,历史类,,,544,16225,
5502,广西中医药大学,2023,江苏,本科批,历史类,（03）,,547,19167,
5504,南宁师范大学,2023,江苏,本科批,历史类,（01）,,524,24971,
5504,南宁师范大学,2023,江苏,本科批,历史类,（02）,,525,28557,
5505,玉林师范学院,2023,江苏,本科批,历史类,,,504,37290,
5506,广西艺术学院,2023,江苏,本科批,历史类,（01）,,495,39762,
5507,北部湾大学,2023,江苏,本科批,历史类,（01）,,508,36849,
5510,桂林医科大学,2023,江苏,本科批,历史类,（01）,,534,24523,
5511,广西师范大学,2023,江苏,本科批,历史类,（01）,,523,19167,
5511,广西师范大学,2023,江苏,本科批,历史类,（02）,,539,21164,
5512,桂林理工大学,2023,江苏,本科批,历史类,（01）,,508,33397,
5517,右江民族医学院,2023,江苏,本科批,历史类,（01）,,519,31465,
5518,广西民族师范学院,2023,江苏,本科批,历史类,（01）,,495,42221,
5519,贺州学院,2023,江苏,本科批,历史类,（01）,,498,39762,
5521,桂林航天工业学院,2023,江苏,本科批,历史类,（01）,,517,32407,
5522,桂林旅游学院,2023,江苏,本科批,历史类,,,478,38236,
5522,桂林旅游学院,2023,江苏,本科批,历史类,（03）,,507,37290,
5527,广西科技师范学院,2023,江苏,本科批,历史类,（01）,,501,39762,
5527,广西科技师范学院,2023,江苏,本科批,历史类,（02）,,519,31465,
5531,广西科技大学,2023,江苏,本科批,历史类,（01）,,507,37290,
5532,广西民族大学,2023,江苏,本科批,历史类,,,492,26738,
5532,广西民族大学,2023,江苏,本科批,历史类,（04）,,543,20767,
5561,梧州学院,2023,江苏,本科批,历史类,（01）,,505,33397,
5561,梧州学院,2023,江苏,本科批,历史类,（02）,,499,41193,
5561,梧州学院,2023,江苏,本科批,历史类,（03）,,508,36849,
5601,海南大学,2023,江苏,本科批,历史类,,,543,5587,
5601,海南大学,2023,江苏,本科批,历史类,（03）,,565,12848,
5601,海南大学,2023,江苏,本科批,历史类,（04）,,587,6864,
5602,海南师范大学,2023,江苏,本科批,历史类,,,518,19571,
5603,海南医科大学,2023,江苏,本科批,历史类,（01）,,517,32407,
5604,海南热带海洋学院,2023,江苏,本科批,历史类,（01）,,474,36368,
5604,海南热带海洋学院,2023,江苏,本科批,历史类,（04）,,517,32407,
5619,琼台师范学院,2023,江苏,本科批,历史类,（01）,,500,35865,
5619,琼台师范学院,2023,江苏,本科批,历史类,（02）,,515,33397,
6101,四川大学,2023,江苏,本科批,历史类,,,604,899,
6102,西南交通大学,2023,江苏,本科批,历史类,（01）,,586,5997,
6102,西南交通大学,2023,江苏,本科批,历史类,（02）,,594,5034,
6103,西南财经大学,2023,江苏,本科批,历史类,,,592,1906,
6105,西南民族大学,2023,江苏,本科批,历史类,（01）,,551,12848,
6106,成都理工大学,2023,江苏,本科批,历史类,,,543,8811,
6107,成都信息工程大学,2023,江苏,本科批,历史类,（01）,,538,20328,
6108,成都体育学院,2023,江苏,本科批,历史类,（01）,,508,35865,
6109,四川音乐学院,2023,江苏,本科批,历史类,（01）,,504,32407,
6110,西华大学,2023,江苏,本科批,历史类,,,533,23711,
6110,西华大学,2023,江苏,本科批,历史类,（03）,,546,19571,
6112,电子科技大学,2023,江苏,本科批,历史类,（01）,,614,2229,
6114,成都大学,2023,江苏,本科批,历史类,,,527,22035,
6115,四川轻化工大学,2023,江苏,本科批,历史类,（01）,,521,26738,
6117,西昌学院,2023,江苏,本科批,历史类,（01）,,500,40744,
6118,内江师范学院,2023,江苏,本科批,历史类,（01）,,523,29522,
6118,内江师范学院,2023,江苏,本科批,历史类,（02）,,515,33397,
6120,四川警察学院,2023,江苏,本科批,历史类,（01）,,533,24971,
6129,成都师范学院,2023,江苏,本科批,历史类,（01）,,530,25377,
6129,成都师范学院,2023,江苏,本科批,历史类,（02）,,533,24971,
6131,西南科技大学,2023,江苏,本科批,历史类,（01）,,532,23286,
6140,四川师范大学,2023,江苏,本科批,历史类,,,557,11293,
6140,四川师范大学,2023,江苏,本科批,历史类,（03）,,579,8811,
6144,绵阳师范学院,2023,江苏,本科批,历史类,（01）,,510,34879,
6151,乐山师范学院,2023,江苏,本科批,历史类,（01）,,505,35365,
6161,川北医学院,2023,江苏,本科批,历史类,（01）,,525,28557,
6181,宜宾学院,2023,江苏,本科批,历史类,（01）,,508,36368,
6187,攀枝花学院,2023,江苏,本科批,历史类,（01）,,516,32914,
6201,重庆大学,2023,江苏,本科批,历史类,（01）,,620,1507,
6202,西南大学,2023,江苏,本科批,历史类,（01）,,593,4091,
6202,西南大学,2023,江苏,本科批,历史类,（02）,,595,5198,
6203,西南政法大学,2023,江苏,本科批,历史类,,,614,1165,
6205,重庆医科大学,2023,江苏,本科批,历史类,（01）,,565,12848,
6206,重庆工商大学,2023,江苏,本科批,历史类,（01）,,542,18395,
6207,重庆交通大学,2023,江苏,本科批,历史类,（01）,,545,19571,
6208,重庆理工大学,2023,江苏,本科批,历史类,（01）,,538,21583,
6209,重庆邮电大学,2023,江苏,本科批,历史类,（01）,,550,18060,
6210,重庆师范大学,2023,江苏,本科批,历史类,（01）,,547,13841,
6210,重庆师范大学,2023,江苏,本科批,历史类,（02）,,572,10736,
6210,重庆师范大学,2023,江苏,本科批,历史类,（03）,,566,12539,
6211,四川美术学院,2023,江苏,本科批,历史类,（01）,,549,15174,
6212,四川外国语大学,2023,江苏,本科批,历史类,,,537,10152,
6212,四川外国语大学,2023,江苏,本科批,历史类,（05）,,570,11293,
6213,重庆三峡学院,2023,江苏,本科批,历史类,（01）,,512,28083,
6214,长江师范学院,2023,江苏,本科批,历史类,（01）,,517,26738,
6215,重庆文理学院,2023,江苏,本科批,历史类,（01）,,517,32407,
6221,重庆科技大学,2023,江苏,本科批,历史类,（01）,,516,31465,
6301,贵州大学,2023,江苏,本科批,历史类,（01）,,588,6628,
6302,贵州中医药大学,2023,江苏,本科批,历史类,（01）,,520,30948,
6304,贵州财经大学,2023,江苏,本科批,历史类,,,510,25823,
6308,安顺学院,2023,江苏,本科批,历史类,（01）,,502,38236,
6308,安顺学院,2023,江苏,本科批,历史类,（02）,,512,34879,
6310,黔南民族师范学院,2023,江苏,本科批,历史类,（01）,,500,38764,
6315,贵州工程应用技术学院,2023,江苏,本科批,历史类,（01）,,503,38764,
6316,贵州商学院,2023,江苏,本科批,历史类,,,478,39269,
6317,遵义师范学院,2023,江苏,本科批,历史类,（01）,,515,33397,
6320,六盘水师范学院,2023,江苏,本科批,历史类,（01）,,504,38764,
6323,贵州警察学院,2023,江苏,本科批,历史类,（01）,,530,26284,
6324,贵阳康养职业大学,2023,江苏,本科批,历史类,（02）,,499,41193,
6401,云南大学,2023,江苏,本科批,历史类,（01）,,584,5588,
6401,云南大学,2023,江苏,本科批,历史类,（02）,,591,5805,
6402,云南师范大学,2023,江苏,本科批,历史类,（01）,,542,19167,
6402,云南师范大学,2023,江苏,本科批,历史类,（02）,,548,18775,
6403,云南艺术学院,2023,江苏,本科批,历史类,（01）,,493,42221,
6404,昆明理工大学,2023,江苏,本科批,历史类,（01）,,539,22035,
6405,云南农业大学,2023,江苏,本科批,历史类,,,510,28557,
6405,云南农业大学,2023,江苏,本科批,历史类,（03）,,527,27626,
6407,玉溪师范学院,2023,江苏,本科批,历史类,（01）,,508,36368,
6408,云南财经大学,2023,江苏,本科批,历史类,（01）,,528,18395,
6409,楚雄师范学院,2023,江苏,本科批,历史类,（01）,,503,38764,
6410,昆明学院,2023,江苏,本科批,历史类,（01）,,503,38236,
6410,昆明学院,2023,江苏,本科批,历史类,（02）,,529,26738,
6411,大理大学,2023,江苏,本科批,历史类,,,526,27626,
6411,大理大学,2023,江苏,本科批,历史类,（03）,,528,27182,
6411,大理大学,2023,江苏,本科批,历史类,（04）,,519,31465,
6413,红河学院,2023,江苏,本科批,历史类,（01）,,501,37290,
6414,云南民族大学,2023,江苏,本科批,历史类,（01）,,520,28557,
6417,曲靖师范学院,2023,江苏,本科批,历史类,（01）,,519,31465,
6419,普洱学院,2023,江苏,本科批,历史类,（01）,,501,40236,
6420,文山学院,2023,江苏,本科批,历史类,（01）,,507,37290,
6421,云南警官学院,2023,江苏,本科批,历史类,（02）,,533,24971,
7101,西北大学,2023,江苏,本科批,历史类,,,591,2447,
7101,西北大学,2023,江苏,本科批,历史类,（03）,,592,5804,
7102,西北工业大学,2023,江苏,本科批,历史类,（01）,,609,2928,
7103,陕西师范大学,2023,江苏,本科批,历史类,（01）,,594,3347,
7103,陕西师范大学,2023,江苏,本科批,历史类,（02）,,597,4802,
7104,西安交通大学,2023,江苏,本科批,历史类,（01）,,627,1080,
7107,长安大学,2023,江苏,本科批,历史类,（01）,,588,5997,
7109,西北政法大学,2023,江苏,本科批,历史类,（01）,,600,3347,
7110,西安工程大学,2023,江苏,本科批,历史类,（01）,,539,20767,
7111,西安财经大学,2023,江苏,本科批,历史类,（01）,,540,21164,
7113,西安石油大学,2023,江苏,本科批,历史类,（01）,,533,22035,
7114,西安医学院,2023,江苏,本科批,历史类,（01）,,522,26284,
7115,西安工业大学,2023,江苏,本科批,历史类,（01）,,539,21583,
7116,西安邮电大学,2023,江苏,本科批,历史类,（01）,,541,19571,
7117,西安外国语大学,2023,江苏,本科批,历史类,（02）,,547,11915,
7122,西安文理学院,2023,江苏,本科批,历史类,（01）,,512,32407,
7122,西安文理学院,2023,江苏,本科批,历史类,（02）,,521,30452,
7140,渭南师范学院,2023,江苏,本科批,历史类,（01）,,495,43234,
7141,西北农林科技大学,2023,江苏,本科批,历史类,（01）,,598,4597,
7142,延安大学,2023,江苏,本科批,历史类,（01）,,531,21583,
7142,延安大学,2023,江苏,本科批,历史类,（02）,,540,22035,
7150,陕西学前师范学院,2023,江苏,本科批,历史类,（01）,,503,38236,
7150,陕西学前师范学院,2023,江苏,本科批,历史类,（02）,,505,38236,
7151,陕西科技大学,2023,江苏,本科批,历史类,（01）,,534,24115,
7162,宝鸡文理学院,2023,江苏,本科批,历史类,（01）,,514,31465,
7165,咸阳师范学院,2023,江苏,本科批,历史类,（01）,,498,41709,
7166,商洛学院,2023,江苏,本科批,历史类,（01）,,509,36368,
7167,陕西理工大学,2023,江苏,本科批,历史类,（01）,,518,30452,
7167,陕西理工大学,2023,江苏,本科批,历史类,（02）,,532,25377,
7167,陕西理工大学,2023,江苏,本科批,历史类,（03）,,531,24115,
7167,陕西理工大学,2023,江苏,本科批,历史类,（04）,,524,26738,
7201,兰州大学,2023,江苏,本科批,历史类,（01）,,603,2793,
7201,兰州大学,2023,江苏,本科批,历史类,（04）,,610,2793,
7201,兰州大学,2023,江苏,本科批,历史类,（03）,,608,2928,
7201,兰州大学,2023,江苏,本科批,历史类,（02）,,599,4402,
7202,兰州理工大学,2023,江苏,本科批,历史类,,,507,21583,
7203,兰州财经大学,2023,江苏,本科批,历史类,（01）,,516,24115,
7204,兰州交通大学,2023,江苏,本科批,历史类,（01）,,530,24971,
7205,西北民族大学,2023,江苏,本科批,历史类,（01）,,519,25823,
7205,西北民族大学,2023,江苏,本科批,历史类,（02）,,511,34382,
7206,甘肃农业大学,2023,江苏,本科批,历史类,（01）,,519,31465,
7207,甘肃政法大学,2023,江苏,本科批,历史类,（01）,,544,14519,
7207,甘肃政法大学,2023,江苏,本科批,历史类,（02）,,543,20328,
7211,陇东学院,2023,江苏,本科批,历史类,（01）,,501,38236,
7214,西北师范大学,2023,江苏,本科批,历史类,（01）,,542,13841,
7214,西北师范大学,2023,江苏,本科批,历史类,（02）,,558,15174,
7216,天水师范大学,2023,江苏,本科批,历史类,（01）,,508,33397,
7218,兰州城市学院,2023,江苏,本科批,历史类,（01）,,504,36368,
7218,兰州城市学院,2023,江苏,本科批,历史类,（02）,,503,39269,
7219,兰州文理学院,2023,江苏,本科批,历史类,（01）,,505,31921,
7302,青海民族大学,2023,江苏,本科批,历史类,（01）,,512,33878,
7303,青海师范大学,2023,江苏,本科批,历史类,（01）,,477,39269,
7401,北方民族大学,2023,江苏,本科批,历史类,（01）,,518,29996,
7401,北方民族大学,2023,江苏,本科批,历史类,（02）,,508,36849,
7402,宁夏大学,2023,江苏,本科批,历史类,（01）,,579,8255,
7501,新疆大学,2023,江苏,本科批,历史类,（01）,,575,7783,
7501,新疆大学,2023,江苏,本科批,历史类,（02）,,578,9083,
7502,新疆师范大学,2023,江苏,本科批,历史类,（01）,,516,27182,
7502,新疆师范大学,2023,江苏,本科批,历史类,（02）,,519,31465,
7503,新疆农业大学,2023,江苏,本科批,历史类,,,475,36368,
7503,新疆农业大学,2023,江苏,本科批,历史类,（03）,,497,42221,
7505,新疆财经大学,2023,江苏,本科批,历史类,（01）,,499,29522,
7507,昌吉学院,2023,江苏,本科批,历史类,（01）,,474,47750,
7512,新疆科技学院,2023,江苏,本科批,历史类,（01）,,493,42221,
7512,新疆科技学院,2023,江苏,本科批,历史类,（03）,,493,44267,
7512,新疆科技学院,2023,江苏,本科批,历史类,（02）,,499,41193,
7513,新疆理工学院,2023,江苏,本科批,历史类,（01）,,483,44267,
7521,伊犁师范大学,2023,江苏,本科批,历史类,（01）,,496,39269,
7521,伊犁师范大学,2023,江苏,本科批,历史类,（02）,,505,38236,
7526,塔里木大学,2023,江苏,本科批,历史类,（01）,,488,46781,
7529,喀什大学,2023,江苏,本科批,历史类,（01）,,504,38764,
7529,喀什大学,2023,江苏,本科批,历史类,（02）,,504,38764,
7529,喀什大学,2023,江苏,本科批,历史类,（03）,,510,35865,
7531,新疆政法学院,2023,江苏,本科批,历史类,（01）,,493,41193,
7531,新疆政法学院,2023,江苏,本科批,历史类,（02）,,494,43727,
8001,上海杉达学院,2023,江苏,本科批,历史类,（01）,,481,40236,
8002,上海建桥学院,2023,江苏,本科批,历史类,（01）,,477,43234,
8003,上海兴伟学院,2023,江苏,本科批,历史类,（01）,,474,53767,
8004,上海视觉艺术学院,2023,江苏,本科批,历史类,（01）,,498,41709,
8005,上海外国语大学贤达经济人文学院,2023,江苏,本科批,历史类,（01）,,474,48282,
8006,上海师范大学天华学院,2023,江苏,本科批,历史类,（01）,,474,45241,
8023,上海立达学院,2023,江苏,本科批,历史类,（01）,,477,52277,
8029,上海中侨职业技术大学,2023,江苏,本科批,历史类,（01）,,474,52756,
8030,浙江万里学院,2023,江苏,本科批,历史类,,,491,35365,
8031,浙江树人学院,2023,江苏,本科批,历史类,（01）,,478,44720,
8032,浙江越秀外国语学院,2023,江苏,本科批,历史类,,,474,51298,
8033,宁波财经学院,2023,江苏,本科批,历史类,（01）,,477,50300,
8036,浙江工业大学之江学院,2023,江苏,本科批,历史类,（01）,,481,42722,
8037,浙江师范大学行知学院,2023,江苏,本科批,历史类,（01）,,481,49839,
8038,宁波大学科学技术学院,2023,江苏,本科批,历史类,（01）,,481,49342,
8042,浙江农林大学暨阳学院,2023,江苏,本科批,历史类,（01）,,484,47750,
8046,绍兴理工学院,2023,江苏,本科批,历史类,（01）,,481,47750,
8048,浙江工商大学杭州商学院,2023,江苏,本科批,历史类,（01）,,481,46285,
8051,浙江财经大学东方学院,2023,江苏,本科批,历史类,（01）,,480,49839,
8052,温州商学院,2023,江苏,本科批,历史类,（01）,,477,51746,
8054,上海财经大学浙江学院,2023,江苏,本科批,历史类,（01）,,486,40744,
8077,浙江广厦建设职业技术大学,2023,江苏,本科批,历史类,（01）,,475,51298,
8080,安徽三联学院,2023,江苏,本科批,历史类,（01）,,477,52277,
8081,安徽新华学院,2023,江苏,本科批,历史类,（01）,,477,49839,
8082,安徽文达信息工程学院,2023,江苏,本科批,历史类,（01）,,478,51298,
8083,安徽外国语学院,2023,江苏,本科批,历史类,（01）,,474,41709,
8084,蚌埠工商学院,2023,江苏,本科批,历史类,（01）,,481,49342,
8087,马鞍山学院,2023,江苏,本科批,历史类,（01）,,483,49342,
8088,合肥城市学院,2023,江苏,本科批,历史类,（01）,,480,50300,
8090,芜湖学院,2023,江苏,本科批,历史类,（01）,,501,39762,
8094,皖江工学院,2023,江苏,本科批,历史类,（01）,,480,50300,
8094,皖江工学院,2023,江苏,本科批,历史类,（02）,,478,51746,
8120,厦门华厦学院,2023,江苏,本科批,历史类,（01）,,477,48842,
8121,闽南理工学院,2023,江苏,本科批,历史类,（01）,,475,52756,
8124,厦门工学院,2023,江苏,本科批,历史类,（01）,,475,46285,
8125,阳光学院,2023,江苏,本科批,历史类,（01）,,474,52277,
8126,厦门大学嘉庚学院,2023,江苏,本科批,历史类,（01）,,493,37763,
8127,福州大学至诚学院,2023,江苏,本科批,历史类,（01）,,480,47750,
8128,集美大学诚毅学院,2023,江苏,本科批,历史类,（01）,,489,43727,
8130,福州外语外贸学院,2023,江苏,本科批,历史类,（01）,,478,51746,
8132,仰恩大学,2023,江苏,本科批,历史类,（01）,,482,49839,
8170,江西科技学院,2023,江苏,本科批,历史类,（01）,,475,50300,
8172,南昌理工学院,2023,江苏,本科批,历史类,（01）,,478,51298,
8173,江西应用科技学院,2023,江苏,本科批,历史类,（01）,,477,52277,
8175,南昌工学院,2023,江苏,本科批,历史类,（01）,,477,51298,
8176,南昌大学科学技术学院,2023,江苏,本科批,历史类,（01）,,482,48282,
8177,南昌大学共青学院,2023,江苏,本科批,历史类,（01）,,481,50300,
8178,南昌交通学院,2023,江苏,本科批,历史类,（01）,,476,51298,
8180,南昌航空大学科技学院,2023,江苏,本科批,历史类,（01）,,479,50816,
8183,江西农业大学南昌商学院,2023,江苏,本科批,历史类,（01）,,477,50816,
8185,江西师范大学科学技术学院,2023,江苏,本科批,历史类,（01）,,479,48842,
8186,景德镇艺术职业大学,2023,江苏,本科批,历史类,（01）,,476,51746,
8187,南昌应用技术师范学院,2023,江苏,本科批,历史类,（01）,,474,53261,
8188,江西财经大学现代经济管理学院,2023,江苏,本科批,历史类,（01）,,478,49839,
8210,齐鲁医药学院,2023,江苏,本科批,历史类,（01）,,479,49839,
8211,青岛滨海学院,2023,江苏,本科批,历史类,（01）,,474,52277,
8212,烟台南山学院,2023,江苏,本科批,历史类,（01）,,476,50816,
8213,潍坊科技学院,2023,江苏,本科批,历史类,（01）,,479,50816,
8214,山东英才学院,2023,江苏,本科批,历史类,（01）,,474,52756,
8215,青岛恒星科技学院,2023,江苏,本科批,历史类,（01）,,474,52277,
8216,青岛黄海学院,2023,江苏,本科批,历史类,（01）,,476,52277,
8217,山东现代学院,2023,江苏,本科批,历史类,（01）,,475,51298,
8218,山东协和学院,2023,江苏,本科批,历史类,（01）,,478,50816,
8219,烟台理工学院,2023,江苏,本科批,历史类,（01）,,478,50816,
8220,青岛城市学院,2023,江苏,本科批,历史类,（01）,,476,51746,
8223,泰山科技学院,2023,江苏,本科批,历史类,（01）,,475,51298,
8225,青岛工学院,2023,江苏,本科批,历史类,（01）,,478,49342,
8226,青岛农业大学海都学院,2023,江苏,本科批,历史类,（01）,,479,51298,
8227,齐鲁理工学院,2023,江苏,本科批,历史类,（01）,,476,51746,
8228,山东财经大学东方学院,2023,江苏,本科批,历史类,（01）,,479,49342,
8230,烟台科技学院,2023,江苏,本科批,历史类,（01）,,477,51746,
8260,北京城市学院,2023,江苏,本科批,历史类,（01）,,485,43234,
8262,首都师范大学科德学院,2023,江苏,本科批,历史类,（01）,,475,53261,
8263,北京金融科技学院,2023,江苏,本科批,历史类,（01）,,475,52756,
8264,北京邮电大学世纪学院,2023,江苏,本科批,历史类,（01）,,474,51298,
8265,北京工业大学耿丹学院,2023,江苏,本科批,历史类,（01）,,474,52277,
8290,天津天狮学院,2023,江苏,本科批,历史类,（01）,,474,53261,
8291,天津外国语大学滨海外事学院,2023,江苏,本科批,历史类,（01）,,474,42221,
8292,天津传媒学院,2023,江苏,本科批,历史类,（01）,,478,51746,
8293,天津商业大学宝德学院,2023,江苏,本科批,历史类,（01）,,475,52756,
8294,天津医科大学临床医学院,2023,江苏,本科批,历史类,（01）,,475,52756,
8297,天津理工大学中环信息学院,2023,江苏,本科批,历史类,（01）,,474,52756,
8298,北京科技大学天津学院,2023,江苏,本科批,历史类,（01）,,478,51298,
8299,天津仁爱学院,2023,江苏,本科批,历史类,（01）,,474,53261,
8301,天津财经大学珠江学院,2023,江苏,本科批,历史类,（01）,,477,51746,
8313,河北科技学院,2023,江苏,本科批,历史类,（01）,,474,53767,
8314,河北外国语学院,2023,江苏,本科批,历史类,（01）,,474,52756,
8316,华北理工大学轻工学院,2023,江苏,本科批,历史类,（01）,,474,53767,
8318,河北经贸大学经济管理学院,2023,江苏,本科批,历史类,（01）,,477,52277,
8323,石家庄铁道大学四方学院,2023,江苏,本科批,历史类,（01）,,498,41709,
8324,河北地质大学华信学院,2023,江苏,本科批,历史类,（01）,,474,52756,
8326,保定理工学院,2023,江苏,本科批,历史类,（01）,,474,53767,
8328,北京中医药大学东方学院,2023,江苏,本科批,历史类,（01）,,474,52756,
8329,沧州交通学院,2023,江苏,本科批,历史类,（01）,,475,52756,
8330,河北东方学院,2023,江苏,本科批,历史类,（01）,,486,47750,
8360,山西应用科技学院,2023,江苏,本科批,历史类,（01）,,474,53261,
8363,晋中信息学院,2023,江苏,本科批,历史类,（01）,,475,51298,
8364,山西晋中理工学院,2023,江苏,本科批,历史类,（01）,,474,53767,
8365,山西科技学院,2023,江苏,本科批,历史类,（01）,,505,38236,
8366,山西工商学院,2023,江苏,本科批,历史类,（01）,,477,52277,
8379,运城职业技术大学,2023,江苏,本科批,历史类,（01）,,474,53767,
8401,辽宁对外经贸学院,2023,江苏,本科批,历史类,（01）,,474,47263,
8402,大连理工大学城市学院,2023,江苏,本科批,历史类,（01）,,474,46285,
8404,沈阳工学院,2023,江苏,本科批,历史类,（01）,,474,53767,
8406,大连科技学院,2023,江苏,本科批,历史类,（01）,,474,53261,
8407,沈阳城市建设学院,2023,江苏,本科批,历史类,（01）,,474,52277,
8408,大连医科大学中山学院,2023,江苏,本科批,历史类,（01）,,474,52277,
8411,大连财经学院,2023,江苏,本科批,历史类,（01）,,474,51746,
8412,沈阳城市学院,2023,江苏,本科批,历史类,（01）,,475,53261,
8416,大连东软信息学院,2023,江苏,本科批,历史类,（01）,,474,53767,
8417,辽宁师范大学海华学院,2023,江苏,本科批,历史类,（01）,,477,51746,
8440,吉林外国语大学,2023,江苏,本科批,历史类,,,474,40236,
8441,长春光华学院,2023,江苏,本科批,历史类,（01）,,474,52756,
8442,长春工业大学人文信息学院,2023,江苏,本科批,历史类,（01）,,475,51298,
8443,长春电子科技学院,2023,江苏,本科批,历史类,（01）,,474,53767,
8444,长春财经学院,2023,江苏,本科批,历史类,（01）,,474,52277,
8445,吉林建筑科技学院,2023,江苏,本科批,历史类,（01）,,474,53767,
8447,长春科技学院,2023,江苏,本科批,历史类,（01）,,474,52756,
8448,吉林动画学院,2023,江苏,本科批,历史类,（01）,,474,53767,
8449,吉林师范大学博达学院,2023,江苏,本科批,历史类,（01）,,474,52756,
8450,长春大学旅游学院,2023,江苏,本科批,历史类,（01）,,474,53767,
8451,长春人文学院,2023,江苏,本科批,历史类,（01）,,474,53261,
8470,黑龙江东方学院,2023,江苏,本科批,历史类,（01）,,474,52756,
8472,黑龙江财经学院,2023,江苏,本科批,历史类,（01）,,474,53767,
8475,哈尔滨华德学院,2023,江苏,本科批,历史类,（01）,,476,52756,
8483,黑龙江工商学院,2023,江苏,本科批,历史类,（01）,,475,53261,
8501,黄河科技学院,2023,江苏,本科批,历史类,（01）,,476,52277,
8504,郑州财经学院,2023,江苏,本科批,历史类,（01）,,496,40744,
8508,郑州工商学院,2023,江苏,本科批,历史类,（01）,,477,51746,
8509,郑州经贸学院,2023,江苏,本科批,历史类,（01）,,476,52277,
8510,郑州商学院,2023,江苏,本科批,历史类,（01）,,479,49342,
8518,郑州西亚斯学院,2023,江苏,本科批,历史类,（01）,,476,51746,
8550,武汉东湖学院,2023,江苏,本科批,历史类,（01）,,475,51298,
8552,武昌首义学院,2023,江苏,本科批,历史类,（01）,,478,44720,
8553,武昌理工学院,2023,江苏,本科批,历史类,（01）,,477,51298,
8554,武汉生物工程学院,2023,江苏,本科批,历史类,（01）,,479,49839,
8555,武汉晴川学院,2023,江苏,本科批,历史类,（01）,,475,52756,
8556,湖北大学知行学院,2023,江苏,本科批,历史类,（01）,,480,48282,
8557,武汉城市学院,2023,江苏,本科批,历史类,（01）,,475,51746,
8558,三峡大学科技学院,2023,江苏,本科批,历史类,（01）,,477,51746,
8559,湖北工业大学工程技术学院,2023,江苏,本科批,历史类,（01）,,474,53261,
8560,武汉工程大学邮电与信息工程学院,2023,江苏,本科批,历史类,（01）,,474,53767,
8561,武汉纺织大学外经贸学院,2023,江苏,本科批,历史类,（01）,,474,52756,
8562,武昌工学院,2023,江苏,本科批,历史类,（01）,,475,52756,
8563,武汉工商学院,2023,江苏,本科批,历史类,（01）,,475,53261,
8565,长江大学文理学院,2023,江苏,本科批,历史类,（01）,,482,49839,
8570,湖北经济学院法商学院,2023,江苏,本科批,历史类,（01）,,477,51298,
8571,武汉体育学院体育科技学院,2023,江苏,本科批,历史类,（01）,,476,52756,
8572,湖北文理学院理工学院,2023,江苏,本科批,历史类,（01）,,475,50816,
8573,文华学院,2023,江苏,本科批,历史类,（01）,,478,47750,
8574,武汉工程科技学院,2023,江苏,本科批,历史类,（01）,,475,52277,
8575,武汉华夏理工学院,2023,江苏,本科批,历史类,（01）,,474,53261,
8576,武汉传媒学院,2023,江苏,本科批,历史类,（01）,,480,48842,
8577,武汉设计工程学院,2023,江苏,本科批,历史类,（01）,,474,52756,
8601,长沙医学院,2023,江苏,本科批,历史类,（01）,,476,52756,
8602,湖南涉外经济学院,2023,江苏,本科批,历史类,（01）,,474,49342,
8603,湘潭大学兴湘学院,2023,江苏,本科批,历史类,（01）,,497,41193,
8604,湖南工业大学科技学院,2023,江苏,本科批,历史类,（01）,,478,50300,
8605,湖南科技大学潇湘学院,2023,江苏,本科批,历史类,（01）,,485,48282,
8606,南华大学船山学院,2023,江苏,本科批,历史类,（01）,,479,49839,
8607,湘潭理工学院,2023,江苏,本科批,历史类,（01）,,476,51298,
8609,常德学院,2023,江苏,本科批,历史类,（01）,,479,51298,
8610,岳阳学院,2023,江苏,本科批,历史类,,,478,43727,
8613,张家界学院,2023,江苏,本科批,历史类,（01）,,474,52756,
8614,长沙理工大学城南学院,2023,江苏,本科批,历史类,（01）,,482,47750,
8640,广东白云学院,2023,江苏,本科批,历史类,（01）,,474,52277,
8641,电子科技大学中山学院,2023,江苏,本科批,历史类,（01）,,474,52756,
8642,广东东软学院,2023,江苏,本科批,历史类,（01）,,476,52756,
8643,广州城市理工学院,2023,江苏,本科批,历史类,（01）,,474,47750,
8644,广州软件学院,2023,江苏,本科批,历史类,（01）,,474,53767,
8645,广州南方学院,2023,江苏,本科批,历史类,（01）,,474,52277,
8650,珠海科技学院,2023,江苏,本科批,历史类,（01）,,479,34382,
8652,东莞城市学院,2023,江苏,本科批,历史类,（01）,,476,52756,
8659,华南农业大学珠江学院,2023,江苏,本科批,历史类,（01）,,474,53767,
8661,广州华立学院,2023,江苏,本科批,历史类,（01）,,477,52277,
8665,广州新华学院,2023,江苏,本科批,历史类,（01）,,474,48282,
8668,广东理工学院,2023,江苏,本科批,历史类,（01）,,474,53261,
8710,南宁学院,2023,江苏,本科批,历史类,（01）,,474,53767,
8713,柳州工学院,2023,江苏,本科批,历史类,（01）,,474,53767,
8714,桂林学院,2023,江苏,本科批,历史类,（01）,,474,53767,
8715,广西中医药大学赛恩斯新医药学院,2023,江苏,本科批,历史类,（01）,,476,52756,
8715,广西中医药大学赛恩斯新医药学院,2023,江苏,本科批,历史类,（02）,,474,53767,
8718,广西外国语学院,2023,江苏,本科批,历史类,（01）,,474,53767,
8741,三亚学院,2023,江苏,本科批,历史类,,,474,52756,
8757,海南科技职业大学,2023,江苏,本科批,历史类,（01）,,475,53261,
8760,成都东软学院,2023,江苏,本科批,历史类,（01）,,476,52756,
8761,电子科技大学成都学院,2023,江苏,本科批,历史类,（01）,,480,,
8762,成都理工大学工程技术学院,2023,江苏,本科批,历史类,（01）,,477,51298,
8764,成都银杏酒店管理学院,2023,江苏,本科批,历史类,（01）,,475,52756,
8767,成都外国语学院,2023,江苏,本科批,历史类,（01）,,476,47750,
8769,成都锦城学院,2023,江苏,本科批,历史类,（01）,,493,42221,
8770,西南财经大学天府学院,2023,江苏,本科批,历史类,（01）,,478,50816,
8771,四川大学锦江学院,2023,江苏,本科批,历史类,（01）,,478,50300,
8774,西南交通大学希望学院,2023,江苏,本科批,历史类,（01）,,478,50816,
8781,吉利学院,2023,江苏,本科批,历史类,（01）,,477,52277,
8802,重庆外语外事学院,2023,江苏,本科批,历史类,（01）,,490,38236,
8803,重庆对外经贸学院,2023,江苏,本科批,历史类,（01）,,477,50300,
8803,重庆对外经贸学院,2023,江苏,本科批,历史类,（02）,,483,49342,
8804,重庆财经学院,2023,江苏,本科批,历史类,（01）,,482,46285,
8805,重庆工商大学派斯学院,2023,江苏,本科批,历史类,（01）,,481,50300,
8806,重庆移通学院,2023,江苏,本科批,历史类,（01）,,474,51298,
8808,重庆人文科技学院,2023,江苏,本科批,历史类,（01）,,477,51746,
8841,贵阳人文科技学院,2023,江苏,本科批,历史类,（01）,,474,52756,
8870,滇池学院,2023,江苏,本科批,历史类,（01）,,474,52277,
8871,丽江文化旅游学院,2023,江苏,本科批,历史类,（01）,,474,50300,
8873,昆明医科大学海源学院,2023,江苏,本科批,历史类,（01）,,474,53261,
8874,昆明传媒学院,2023,江苏,本科批,历史类,（01）,,474,53767,
8875,昆明文理学院,2023,江苏,本科批,历史类,（01）,,474,53261,
8876,昆明理工大学津桥学院,2023,江苏,本科批,历史类,（01）,,475,52756,
8878,云南经济管理学院,2023,江苏,本科批,历史类,（01）,,474,53767,
8901,西安培华学院,2023,江苏,本科批,历史类,（01）,,479,51298,
8902,西安欧亚学院,2023,江苏,本科批,历史类,（01）,,474,51746,
8903,西安外事学院,2023,江苏,本科批,历史类,（01）,,475,49839,
8905,西京学院,2023,江苏,本科批,历史类,（01）,,479,49839,
8906,西安思源学院,2023,江苏,本科批,历史类,（01）,,474,53261,
8907,陕西国际商贸学院,2023,江苏,本科批,历史类,（01）,,474,52277,
8910,西安交通大学城市学院,2023,江苏,本科批,历史类,（01）,,477,49839,
8911,西北大学现代学院,2023,江苏,本科批,历史类,（01）,,474,53767,
8912,西安建筑科技大学华清学院,2023,江苏,本科批,历史类,（01）,,479,49342,
8913,西安财经大学行知学院,2023,江苏,本科批,历史类,（01）,,475,52756,
8914,西安工商学院,2023,江苏,本科批,历史类,（01）,,475,53261,
8916,西安明德理工学院,2023,江苏,本科批,历史类,（01）,,474,53767,
8918,西安科技大学高新学院,2023,江苏,本科批,历史类,（01）,,475,53261,
8940,兰州工商学院,2023,江苏,本科批,历史类,（01）,,474,53767,
8941,兰州博文科技学院,2023,江苏,本科批,历史类,（01）,,474,52756,
8942,兰州信息科技学院,2023,江苏,本科批,历史类,（01）,,474,53767,
8970,宁夏理工学院,2023,江苏,本科批,历史类,（01）,,474,52756,
8971,宁夏大学新华学院,2023,江苏,本科批,历史类,（01）,,477,51746,
9112,香港珠海学院,2023,江苏,本科批,历史类,（01）,,511,31465,
1131,江苏第二师范学院,2023,江苏,本科提前批,历史类,（01）,,536,13155,
1131,江苏第二师范学院,2023,江苏,本科提前批,历史类,（02）,,531,25823,
1131,江苏第二师范学院,2023,江苏,本科提前批,历史类,（03）,,533,24971,
201,中国人民公安大学,2023,江苏,本科提前批,历史类,,,616,104,
202,中国刑事警察学院,2023,江苏,本科提前批,历史类,,,588,1407,
3119,对外经济贸易大学,2023,江苏,本科提前批,历史类,（01）,,618,1507,
6421,云南警官学院,2023,江苏,本科提前批,历史类,（01）,,607,3204,
7117,西安外国语大学,2023,江苏,本科提前批,历史类,,,550,18060,
,中央音乐学院,2023,江苏,本科提前批艺术类第1小批,历史类,,,336,,
7117,西安外国语大学,2023,江苏,艺术类本科批,历史类,,,548,18775,
6401,云南大学,2023,江苏,高校专项计划本科批,历史类,（L不限）,,580,8529,
1136,南京工业职业技术大学,2023,江苏,专科批,物理类,（06）,,435,,
1150,江苏海事职业技术学院,2023,江苏,专科批,物理类,,,421,167463,
1152,南京交通职业技术学院,2023,江苏,专科批,物理类,,,434,167463,
1153,南京科技职业学院,2023,江苏,专科批,物理类,,,430,170594,
1154,南京信息职业技术学院,2023,江苏,专科批,物理类,,,419,142974,
1155,南京铁道职业技术学院,2023,江苏,专科批,物理类,,,443,150469,
1156,江苏经贸职业技术学院,2023,江苏,专科批,物理类,,,429,169034,
1158,江苏卫生健康职业学院,2023,江苏,专科批,物理类,,,291,135454,
1159,南京机电职业技术学院,2023,江苏,专科批,物理类,（02）,,435,169837,
1160,南京旅游职业学院,2023,江苏,专科批,物理类,,,419,,
1171,江苏城市职业学院,2023,江苏,专科批,物理类,（02）,,416,,
1172,南京城市职业学院,2023,江苏,专科批,物理类,（02）,,431,,
1210,江苏信息职业技术学院,2023,江苏,专科批,物理类,,,417,171362,
1211,无锡职业技术大学,2023,江苏,专科批,物理类,,,425,165041,
1212,无锡商业职业技术学院,2023,江苏,专科批,物理类,,,427,171362,
1213,无锡科技职业学院,2023,江苏,专科批,物理类,,,409,172069,
1214,无锡城市职业技术学院,2023,江苏,专科批,物理类,,,415,166664,
1215,无锡工艺职业技术学院,2023,江苏,专科批,物理类,,,407,,
1216,江阴职业技术学院,2023,江苏,专科批,物理类,,,397,,
1230,江苏建筑职业技术学院,2023,江苏,专科批,物理类,,,421,172775,
1231,徐州工业职业技术学院,2023,江苏,专科批,物理类,,,410,173523,
1232,徐州幼儿师范高等专科学校,2023,江苏,专科批,物理类,,,377,170594,
1233,徐州生物工程职业技术学院,2023,江苏,专科批,物理类,,,405,,
1234,江苏安全技术职业学院,2023,江苏,专科批,物理类,,,396,,
1250,常州信息职业技术学院,2023,江苏,专科批,物理类,,,424,168261,
1251,常州纺织服装职业技术学院,2023,江苏,专科批,物理类,,,396,,
1252,常州工程职业技术学院,2023,江苏,专科批,物理类,（02）,,418,,
1253,常州工业职业技术学院,2023,江苏,专科批,物理类,,,393,172069,
1254,常州机电职业技术学院,2023,江苏,专科批,物理类,,,421,172069,
1255,江苏城乡建设职业学院,2023,江苏,专科批,物理类,,,394,,
1256,常州幼儿师范高等专科学校,2023,江苏,专科批,物理类,（02）,,445,,
1272,苏州农业职业技术学院,2023,江苏,专科批,物理类,,,420,,
1273,苏州工业职业技术学院,2023,江苏,专科批,物理类,,,425,171362,
1274,苏州经贸职业技术学院,2023,江苏,专科批,物理类,,,424,171362,
1275,苏州卫生职业技术学院,2023,江苏,专科批,物理类,,,387,85961,
1276,苏州工业园区服务外包职业学院,2023,江苏,专科批,物理类,,,414,172775,
1277,苏州信息职业技术学院,2023,江苏,专科批,物理类,,,411,168261,
1278,沙洲职业工学院,2023,江苏,专科批,物理类,（02）,,397,,
1279,苏州健雄职业技术学院,2023,江苏,专科批,物理类,,,391,173523,
1290,苏州幼儿师范高等专科学校,2023,江苏,专科批,物理类,,,402,163419,
1310,南通职业大学,2023,江苏,专科批,物理类,（02）,,416,,
1311,江苏航运职业技术学院,2023,江苏,专科批,物理类,,,413,,
1312,江苏工程职业技术学院,2023,江苏,专科批,物理类,,,408,,
1313,南通科技职业学院,2023,江苏,专科批,物理类,,,408,172775,
1314,江苏商贸职业学院,2023,江苏,专科批,物理类,,,399,,
1315,南通师范高等专科学校,2023,江苏,专科批,物理类,,,407,168261,
1330,连云港师范学院,2023,江苏,专科批,物理类,,,365,171362,
1331,连云港职业技术学院,2023,江苏,专科批,物理类,,,377,,
1332,江苏财会职业学院,2023,江苏,专科批,物理类,,,365,172775,
1350,江苏电子信息职业学院,2023,江苏,专科批,物理类,,,397,,
1351,江苏食品药品职业技术学院,2023,江苏,专科批,物理类,,,381,171362,
1352,江苏财经职业技术学院,2023,江苏,专科批,物理类,,,388,,
1352,江苏财经职业技术学院,2023,江苏,专科批,物理类,（06）,,398,,
1353,江苏护理职业学院,2023,江苏,专科批,物理类,,,410,141124,
1370,盐城工业职业技术学院,2023,江苏,专科批,物理类,,,376,,
1371,江苏医药职业学院,2023,江苏,专科批,物理类,,,401,142059,
1372,盐城幼儿师范高等专科学校,2023,江苏,专科批,物理类,,,358,172069,
1390,扬州职业技术大学,2023,江苏,专科批,物理类,,,396,169837,
1392,扬州工业职业技术学院,2023,江苏,专科批,物理类,,,414,173523,
1394,江苏旅游职业学院,2023,江苏,专科批,物理类,,,395,173523,
1410,镇江市高等专科学校,2023,江苏,专科批,物理类,,,397,169837,
1411,江苏农林职业技术学院,2023,江苏,专科批,物理类,,,421,169837,
1412,江苏航空职业技术学院,2023,江苏,专科批,物理类,（02）,,366,,
1431,泰州职业技术学院,2023,江苏,专科批,物理类,,,409,172775,
1432,江苏农牧科技职业学院,2023,江苏,专科批,物理类,,,399,172069,
1950,钟山职业技术学院,2023,江苏,专科批,物理类,,,304,,
1951,正德职业技术学院,2023,江苏,专科批,物理类,（02）,,297,,
1952,金肯职业技术学院,2023,江苏,专科批,物理类,（02）,,319,,
1954,南京视觉艺术职业学院,2023,江苏,专科批,物理类,（02）,,370,,
1957,无锡南洋职业技术学院,2023,江苏,专科批,物理类,（02）,,223,,
1958,江南影视艺术职业学院,2023,江苏,专科批,物理类,,,221,,
1959,太湖创意职业技术学院,2023,江苏,专科批,物理类,,,232,,
1962,九州职业技术学院,2023,江苏,专科批,物理类,（02）,,227,,
1965,建东职业技术学院,2023,江苏,专科批,物理类,（02）,,222,,
1968,苏州工业园区职业技术学院,2023,江苏,专科批,物理类,,,314,,
1969,苏州托普信息职业技术学院,2023,江苏,专科批,物理类,（02）,,221,,
1971,苏州百年职业学院,2023,江苏,专科批,物理类,（02）,,238,,
1973,昆山登云科技职业学院,2023,江苏,专科批,物理类,（02）,,223,,
1974,硅湖职业技术学院,2023,江苏,专科批,物理类,（02）,,226,,
1982,炎黄职业技术学院,2023,江苏,专科批,物理类,（02）,,220,,
1985,明达职业技术学院,2023,江苏,专科批,物理类,（02）,,226,,
1988,江海职业技术学院,2023,江苏,专科批,物理类,,,226,,
1989,扬州中瑞酒店职业学院,2023,江苏,专科批,物理类,（02）,,269,,
1991,金山职业技术学院,2023,江苏,专科批,物理类,（02）,,226,,
1996,宿迁职业技术学院,2023,江苏,专科批,物理类,（02）,,225,,
1997,宿迁泽达职业技术学院,2023,江苏,专科批,物理类,（02）,,243,,
2132,上海出版印刷高等专科学校,2023,江苏,专科批,物理类,（02）,,426,171362,
2134,上海旅游高等专科学校,2023,江苏,专科批,物理类,（02）,,390,,
2138,上海电子信息职业技术学院,2023,江苏,专科批,物理类,（02）,,432,,
2146,上海工艺美术职业学院,2023,江苏,专科批,物理类,（02）,,425,,
2149,上海科学技术职业学院,2023,江苏,专科批,物理类,（02）,,413,173523,
2150,上海农林职业技术学院,2023,江苏,专科批,物理类,（02）,,411,,
2154,上海交通职业技术学院,2023,江苏,专科批,物理类,（02）,,418,,
2155,上海城建职业学院,2023,江苏,专科批,物理类,（02）,,426,,
2166,上海行健职业学院,2023,江苏,专科批,物理类,（02）,,424,,
2167,上海民航职业技术学院,2023,江苏,专科批,物理类,（02）,,428,,
2170,上海现代化工职业学院,2023,江苏,专科批,物理类,（02）,,436,,
2217,浙江经贸职业技术学院,2023,江苏,专科批,物理类,（02）,,425,,
2226,浙江邮电职业技术学院,2023,江苏,专科批,物理类,（02）,,419,,
2238,浙江国际海运职业技术学院,2023,江苏,专科批,物理类,（02）,,406,,
2247,浙江交通职业技术学院,2023,江苏,专科批,物理类,（02）,,404,,
2253,浙江金融职业学院,2023,江苏,专科批,物理类,（02）,,437,,
2260,浙江建设职业技术学院,2023,江苏,专科批,物理类,（02）,,429,,
2314,安徽第二医学院,2023,江苏,专科批,物理类,（01）,,397,,
2314,安徽第二医学院,2023,江苏,专科批,物理类,（02）,,393,,
2315,安徽中医药高等专科学校,2023,江苏,专科批,物理类,（02）,,408,,
2317,安徽电气工程职业技术学院,2023,江苏,专科批,物理类,（01）,,418,,
2328,安徽商贸职业技术学院,2023,江苏,专科批,物理类,（02）,,378,,
2329,安徽审计职业学院,2023,江苏,专科批,物理类,（02）,,419,,
2334,淮南联合大学,2023,江苏,专科批,物理类,（02）,,393,,
2337,合肥通用职业技术学院,2023,江苏,专科批,物理类,（02）,,382,,
2339,滁州职业技术学院,2023,江苏,专科批,物理类,（02）,,367,,
2344,安徽工业经济职业技术学院,2023,江苏,专科批,物理类,（02）,,396,,
2357,马鞍山职业技术学院,2023,江苏,专科批,物理类,（02）,,378,,
2363,安徽冶金科技职业学院,2023,江苏,专科批,物理类,（02）,,364,,
2365,合肥幼儿师范高等专科学校,2023,江苏,专科批,物理类,（01）,,375,,
2371,铜陵职业技术学院,2023,江苏,专科批,物理类,（02）,,363,,
2376,淮南职业技术学院,2023,江苏,专科批,物理类,（02）,,360,,
2379,安徽粮食工程职业学院,2023,江苏,专科批,物理类,（02）,,426,,
2382,合肥职业技术学院,2023,江苏,专科批,物理类,（01）,,408,,
2384,安徽卫生健康职业学院,2023,江苏,专科批,物理类,（02）,,377,,
2417,厦门海洋职业技术学院,2023,江苏,专科批,物理类,（01）,,404,,
2436,泉州经贸职业技术学院,2023,江苏,专科批,物理类,（02）,,353,,
2455,福州墨尔本理工职业学院,2023,江苏,专科批,物理类,（02）,,360,,
2502,华东交通大学,2023,江苏,专科批,物理类,（09）,,451,107386,
2518,江西制造职业技术学院,2023,江苏,专科批,物理类,（01）,,373,,
2519,江西电力职业技术学院,2023,江苏,专科批,物理类,（02）,,423,,
2520,江西信息应用职业技术学院,2023,江苏,专科批,物理类,（02）,,407,,
2525,江西现代职业技术学院,2023,江苏,专科批,物理类,（02）,,364,,
2533,江西应用技术职业学院,2023,江苏,专科批,物理类,（02）,,398,,
2545,赣州师范高等专科学校,2023,江苏,专科批,物理类,（02）,,375,,
2562,江西财经职业学院,2023,江苏,专科批,物理类,（02）,,401,,
2563,江西职业技术大学,2023,江苏,专科批,物理类,（02）,,398,,
2564,江西建设职业技术学院,2023,江苏,专科批,物理类,（02）,,356,,
2565,江西交通职业技术学院,2023,江苏,专科批,物理类,（02）,,371,,
2569,江西机电职业技术学院,2023,江苏,专科批,物理类,（02）,,359,,
2576,江西工程职业学院,2023,江苏,专科批,物理类,（02）,,358,,
2578,吉安职业技术学院,2023,江苏,专科批,物理类,（02）,,341,,
2584,江西婺源茶业职业学院,2023,江苏,专科批,物理类,（02）,,355,,
2593,江西工业工程职业技术学院,2023,江苏,专科批,物理类,（02）,,366,,
2594,江西工业贸易职业技术学院,2023,江苏,专科批,物理类,（02）,,363,,
2597,江西农业工程职业学院,2023,江苏,专科批,物理类,（02）,,393,,
2618,山东胜利职业学院,2023,江苏,专科批,物理类,（02）,,352,,
2636,山东畜牧兽医职业学院,2023,江苏,专科批,物理类,（02）,,433,,
2639,东营职业学院,2023,江苏,专科批,物理类,（02）,,383,,
2640,青岛港湾职业技术学院,2023,江苏,专科批,物理类,（02）,,411,,
2644,聊城职业技术学院,2023,江苏,专科批,物理类,（02）,,401,,
2646,山东职业学院,2023,江苏,专科批,物理类,,,370,,
2647,日照职业技术学院,2023,江苏,专科批,物理类,（02）,,404,,
2658,济南工程职业技术学院,2023,江苏,专科批,物理类,（02）,,389,,
2659,山东水利职业学院,2023,江苏,专科批,物理类,（02）,,392,,
2665,枣庄科技职业学院,2023,江苏,专科批,物理类,（02）,,361,,
2685,滨州职业学院,2023,江苏,专科批,物理类,（02）,,398,,
2719,威海海洋职业学院,2023,江苏,专科批,物理类,（02）,,379,,
2756,山东化工职业学院,2023,江苏,专科批,物理类,（02）,,381,,
2758,潍坊工程职业学院,2023,江苏,专科批,物理类,（01）,,416,,
2759,山东信息职业技术学院,2023,江苏,专科批,物理类,,,361,,
306,中国民用航空飞行学院,2023,江苏,专科批,物理类,（08）,,456,167463,
3168,北京工业职业技术学院,2023,江苏,专科批,物理类,（02）,,440,,
3176,民政职业大学,2023,江苏,专科批,物理类,（02）,,416,,
3205,中国民航大学,2023,江苏,专科批,物理类,（06）,,284,,
3220,天津商务职业学院,2023,江苏,专科批,物理类,（02）,,396,,
3224,天津市职业大学,2023,江苏,专科批,物理类,（02）,,431,,
3226,天津交通职业学院,2023,江苏,专科批,物理类,（02）,,409,,
3227,天津轻工职业技术学院,2023,江苏,专科批,物理类,（01）,,414,,
3231,天津警察学院,2023,江苏,专科批,物理类,（02）,,414,,
3232,天津石油职业技术学院,2023,江苏,专科批,物理类,（02）,,400,,
3234,天津现代职业技术学院,2023,江苏,专科批,物理类,（02）,,413,,
3235,天津电子信息职业技术学院,2023,江苏,专科批,物理类,（01）,,422,,
3237,天津海运职业学院,2023,江苏,专科批,物理类,（02）,,383,,
3238,天津铁道职业技术学院,2023,江苏,专科批,物理类,（02）,,422,,
3239,天津城市职业学院,2023,江苏,专科批,物理类,（01）,,399,,
3241,天津国土资源和房屋职业学院,2023,江苏,专科批,物理类,（02）,,387,,
3243,天津工业职业学院,2023,江苏,专科批,物理类,（02）,,388,,
3244,天津城市建设管理职业技术学院,2023,江苏,专科批,物理类,（02）,,373,,
3309,石家庄邮电职业技术学院,2023,江苏,专科批,物理类,,,452,138274,
3323,秦皇岛职业技术学院,2023,江苏,专科批,物理类,（01）,,376,,
3329,河北交通职业技术学院,2023,江苏,专科批,物理类,（02）,,384,,
3330,河北对外经贸职业学院,2023,江苏,专科批,物理类,（02）,,318,,
3354,河北轨道运输职业技术学院,2023,江苏,专科批,物理类,（02）,,395,,
3355,廊坊职业技术学院,2023,江苏,专科批,物理类,（02）,,368,,
3360,石家庄铁路职业技术学院,2023,江苏,专科批,物理类,（02）,,415,,
3376,河北化工医药职业技术学院,2023,江苏,专科批,物理类,（02）,,362,,
3379,河北科技工程职业技术大学,2023,江苏,专科批,物理类,（03）,,390,,
3380,河北工业职业技术大学,2023,江苏,专科批,物理类,（04）,,390,,
3425,山西职业技术学院,2023,江苏,专科批,物理类,（02）,,369,,
3435,临汾职业技术学院,2023,江苏,专科批,物理类,（02）,,357,,
3518,包头铁道职业技术学院,2023,江苏,专科批,物理类,（01）,,373,,
3519,赤峰工业职业技术学院,2023,江苏,专科批,物理类,（02）,,279,,
4155,渤海船舶职业学院,2023,江苏,专科批,物理类,,,378,,
4218,吉林工业职业技术学院,2023,江苏,专科批,物理类,（02）,,407,,
4221,长春金融高等专科学校,2023,江苏,专科批,物理类,（02）,,380,,
4244,吉林司法警官职业学院,2023,江苏,专科批,物理类,（02）,,382,,
4245,吉林电子信息职业技术学院,2023,江苏,专科批,物理类,（02）,,387,,
4247,白城职业技术学院,2023,江苏,专科批,物理类,（01）,,355,,
4286,长春医学高等专科学校,2023,江苏,专科批,物理类,（02）,,398,,
4316,哈尔滨电力职业技术学院,2023,江苏,专科批,物理类,（01）,,404,,
4317,哈尔滨铁道职业技术学院,2023,江苏,专科批,物理类,（02）,,403,,
4320,黑龙江建筑职业技术学院,2023,江苏,专科批,物理类,（02）,,357,,
4328,黑龙江交通职业技术学院,2023,江苏,专科批,物理类,（02）,,374,,
4334,大兴安岭职业学院,2023,江苏,专科批,物理类,（02）,,349,,
4334,大兴安岭职业学院,2023,江苏,专科批,物理类,（03）,,312,,
4338,黑龙江农业工程职业学院,2023,江苏,专科批,物理类,（02）,,347,,
5108,郑州电力高等专科学校,2023,江苏,专科批,物理类,（01）,,437,,
5116,郑州铁路职业技术学院,2023,江苏,专科批,物理类,（02）,,435,,
5121,济源职业技术学院,2023,江苏,专科批,物理类,（02）,,368,,
5135,周口职业技术学院,2023,江苏,专科批,物理类,（02）,,338,,
5166,河南交通职业技术学院,2023,江苏,专科批,物理类,（01）,,431,,
5169,河南测绘职业学院,2023,江苏,专科批,物理类,（02）,,368,,
5189,永城职业学院,2023,江苏,专科批,物理类,（02）,,404,,
5194,信阳职业技术学院,2023,江苏,专科批,物理类,（02）,,355,,
5224,湖北国土资源职业学院,2023,江苏,专科批,物理类,（02）,,398,,
5225,汉江师范学院,2023,江苏,专科批,物理类,（05）,,405,,
5227,武汉船舶职业技术学院,2023,江苏,专科批,物理类,,,397,,
5231,武汉工程职业技术学院,2023,江苏,专科批,物理类,（02）,,386,,
5232,湖北生态工程职业技术学院,2023,江苏,专科批,物理类,（02）,,373,,
5233,武汉航海职业技术学院,2023,江苏,专科批,物理类,（02）,,380,,
5234,湖北城市建设职业技术学院,2023,江苏,专科批,物理类,（02）,,373,,
5236,武汉交通职业学院,2023,江苏,专科批,物理类,,,385,,
5237,湖北水利水电职业技术学院,2023,江苏,专科批,物理类,（02）,,385,,
5246,湖北交通职业技术学院,2023,江苏,专科批,物理类,,,370,,
5252,武汉铁路职业技术学院,2023,江苏,专科批,物理类,（02）,,430,167463,
5253,恩施职业技术学院,2023,江苏,专科批,物理类,（03）,,339,,
5259,长江工程职业技术学院,2023,江苏,专科批,物理类,（02）,,371,,
5266,三峡电力职业学院,2023,江苏,专科批,物理类,（02）,,413,,
5272,武汉城市职业学院,2023,江苏,专科批,物理类,（02）,,386,,
5273,武汉警官职业学院,2023,江苏,专科批,物理类,（02）,,395,,
5283,湖北铁道运输职业学院,2023,江苏,专科批,物理类,（02）,,388,,
5284,荆州理工职业学院,2023,江苏,专科批,物理类,（02）,,345,,
5286,咸宁职业技术学院,2023,江苏,专科批,物理类,（02）,,351,,
5288,武汉铁路桥梁职业学院,2023,江苏,专科批,物理类,（02）,,377,,
5291,襄阳职业技术学院,2023,江苏,专科批,物理类,（02）,,404,,
5298,仙桃职业学院,2023,江苏,专科批,物理类,（01）,,386,,
5311,长沙航空职业技术学院,2023,江苏,专科批,物理类,（02）,,422,,
5312,长沙民政职业技术学院,2023,江苏,专科批,物理类,（02）,,421,154931,
5313,湖南大众传媒职业技术学院,2023,江苏,专科批,物理类,（02）,,411,,
5317,湖南城建职业技术学院,2023,江苏,专科批,物理类,（02）,,371,,
5318,湖南邮电职业技术学院,2023,江苏,专科批,物理类,（02）,,403,,
5319,湖南工业职业技术学院,2023,江苏,专科批,物理类,（02）,,388,,
5333,湖南高速铁路职业技术学院,2023,江苏,专科批,物理类,（02）,,400,,
5353,湖南石油化工职业技术学院,2023,江苏,专科批,物理类,（02）,,379,,
5356,张家界航空工业职业技术学院,2023,江苏,专科批,物理类,,,396,,
5360,湖南安全技术职业学院,2023,江苏,专科批,物理类,（02）,,383,,
5366,湖南铁路科技职业技术学院,2023,江苏,专科批,物理类,（02）,,397,,
5367,湖南国防工业职业技术学院,2023,江苏,专科批,物理类,,,374,,
5372,湖南体育职业学院,2023,江苏,专科批,物理类,（02）,,405,,
5378,湖南化工职业技术学院,2023,江苏,专科批,物理类,（02）,,388,,
5392,湖南交通职业技术学院,2023,江苏,专科批,物理类,（02）,,377,,
5394,湖南铁道职业技术学院,2023,江苏,专科批,物理类,（02）,,400,,
5395,湖南工程职业技术学院,2023,江苏,专科批,物理类,（02）,,366,,
5415,广州民航职业技术学院,2023,江苏,专科批,物理类,,,416,168261,
5474,广州铁路职业技术学院,2023,江苏,专科批,物理类,（01）,,405,,
5475,江门职业技术学院,2023,江苏,专科批,物理类,（02）,,369,,
5483,广州科技贸易职业学院,2023,江苏,专科批,物理类,（02）,,374,,
5512,桂林理工大学,2023,江苏,专科批,物理类,（08）,,434,,
5521,桂林航天工业学院,2023,江苏,专科批,物理类,（04）,,431,,
5526,广西机电职业技术学院,2023,江苏,专科批,物理类,（02）,,341,,
5528,柳州铁道职业技术学院,2023,江苏,专科批,物理类,（02）,,381,,
5537,广西电力职业技术学院,2023,江苏,专科批,物理类,（02）,,370,,
5541,广西建设职业技术学院,2023,江苏,专科批,物理类,（02）,,329,,
5613,海南软件职业技术学院,2023,江苏,专科批,物理类,（02）,,356,,
5614,海南经贸职业技术学院,2023,江苏,专科批,物理类,（02）,,326,173523,
5631,海南职业技术学院,2023,江苏,专科批,物理类,（02）,,345,,
6125,四川交通职业技术学院,2023,江苏,专科批,物理类,（02）,,441,,
6126,四川建筑职业技术学院,2023,江苏,专科批,物理类,（02）,,407,173523,
6135,四川工程职业技术大学,2023,江苏,专科批,物理类,（02）,,405,,
6138,成都航空职业技术大学,2023,江苏,专科批,物理类,（01）,,442,173523,
6146,四川航天职业技术学院,2023,江苏,专科批,物理类,（02）,,404,,
6152,泸州职业技术学院,2023,江苏,专科批,物理类,（01）,,310,,
6188,四川文化产业职业学院,2023,江苏,专科批,物理类,（01）,,364,,
6189,资阳环境科技职业学院,2023,江苏,专科批,物理类,（02）,,273,,
6216,重庆三峡医药高等专科学校,2023,江苏,专科批,物理类,（02）,,430,,
6225,重庆城市管理职业学院,2023,江苏,专科批,物理类,（02）,,442,,
6228,重庆电子科技职业大学,2023,江苏,专科批,物理类,（02）,,405,,
6234,重庆工程职业技术学院,2023,江苏,专科批,物理类,（01）,,415,,
6237,重庆水利电力职业技术学院,2023,江苏,专科批,物理类,（02）,,415,,
6239,重庆电力高等专科学校,2023,江苏,专科批,物理类,（02）,,406,,
6322,遵义职业技术学院,2023,江苏,专科批,物理类,（02）,,356,,
6433,云南工商学院,2023,江苏,专科批,物理类,（02）,,232,,
6504,西藏职业技术学院,2023,江苏,专科批,物理类,（02）,,312,,
7128,陕西航空职业技术学院,2023,江苏,专科批,物理类,（02）,,378,,
7129,陕西交通职业技术学院,2023,江苏,专科批,物理类,（02）,,394,,
7130,西安铁路职业技术学院,2023,江苏,专科批,物理类,（02）,,409,,
7132,西安航空职业技术学院,2023,江苏,专科批,物理类,（01）,,425,,
7145,陕西能源职业技术学院,2023,江苏,专科批,物理类,（02）,,385,,
7146,陕西铁路工程职业技术学院,2023,江苏,专科批,物理类,（02）,,410,,
7152,陕西财经职业技术学院,2023,江苏,专科批,物理类,（02）,,396,,
7153,西安职业技术学院,2023,江苏,专科批,物理类,（02）,,387,,
7171,陕西邮电职业技术学院,2023,江苏,专科批,物理类,（02）,,379,,
7174,商洛职业技术学院,2023,江苏,专科批,物理类,（01）,,338,,
7213,甘肃工业职业技术大学,2023,江苏,专科批,物理类,（02）,,363,,
7222,兰州石化职业技术大学,2023,江苏,专科批,物理类,（04）,,449,172775,
7518,新疆职业大学,2023,江苏,专科批,物理类,（02）,,390,,
8001,上海杉达学院,2023,江苏,专科批,物理类,（04）,,431,169034,
8002,上海建桥学院,2023,江苏,专科批,物理类,（04）,,403,,
8017,上海东海职业技术学院,2023,江苏,专科批,物理类,（02）,,345,,
8018,上海工商职业技术学院,2023,江苏,专科批,物理类,（02）,,378,,
8019,上海震旦职业学院,2023,江苏,专科批,物理类,（02）,,349,,
8022,上海思博职业技术学院,2023,江苏,专科批,物理类,（02）,,351,,
8023,上海立达学院,2023,江苏,专科批,物理类,（04）,,406,,
8024,上海济光职业技术学院,2023,江苏,专科批,物理类,（02）,,343,208035,
8025,上海工商外国语职业学院,2023,江苏,专科批,物理类,（02）,,399,,
8029,上海中侨职业技术大学,2023,江苏,专科批,物理类,（04）,,397,,
8052,温州商学院,2023,江苏,专科批,物理类,（04）,,429,,
8072,绍兴职业技术学院,2023,江苏,专科批,物理类,（02）,,396,,
8106,安徽矿业职业技术学院,2023,江苏,专科批,物理类,（02）,,351,,
8113,合肥共达职业技术学院,2023,江苏,专科批,物理类,（02）,,348,,
8114,蚌埠经济技术职业学院,2023,江苏,专科批,物理类,（02）,,342,,
8115,宿州航空职业学院,2023,江苏,专科批,物理类,（02）,,320,,
8119,合肥科技职业学院,2023,江苏,专科批,物理类,（02）,,336,,
8149,泉州纺织服装职业学院,2023,江苏,专科批,物理类,（02）,,308,,
8150,泉州华光职业学院,2023,江苏,专科批,物理类,（01）,,297,,
8152,厦门华天涉外职业技术学院,2023,江苏,专科批,物理类,（02）,,300,,
8153,厦门软件职业技术学院,2023,江苏,专科批,物理类,（01）,,375,,
8154,厦门南洋职业学院,2023,江苏,专科批,物理类,（02）,,262,,
8155,厦门东海职业技术学院,2023,江苏,专科批,物理类,（02）,,331,,
8156,漳州科技职业学院,2023,江苏,专科批,物理类,（02）,,315,,
8157,武夷山职业学院,2023,江苏,专科批,物理类,（02）,,255,,
8158,泉州海洋职业学院,2023,江苏,专科批,物理类,（02）,,336,,
8168,泉州轻工职业学院,2023,江苏,专科批,物理类,（02）,,272,,
8170,江西科技学院,2023,江苏,专科批,物理类,（04）,,421,,
8172,南昌理工学院,2023,江苏,专科批,物理类,（03）,,396,,
8173,江西应用科技学院,2023,江苏,专科批,物理类,（04）,,307,,
8175,南昌工学院,2023,江苏,专科批,物理类,（04）,,354,,
8187,南昌应用技术师范学院,2023,江苏,专科批,物理类,（04）,,331,,
8190,潍坊环境工程职业学院,2023,江苏,专科批,物理类,（02）,,255,,
8196,江西航空职业技术学院,2023,江苏,专科批,物理类,（01）,,323,,
8197,江西科技职业学院,2023,江苏,专科批,物理类,（02）,,310,,
8198,南昌职业大学,2023,江苏,专科批,物理类,（02）,,295,,
8201,赣西科技职业学院,2023,江苏,专科批,物理类,（02）,,364,,
8202,九江理工职业学院,2023,江苏,专科批,物理类,（02）,,284,,
8208,江西洪州职业学院,2023,江苏,专科批,物理类,（01）,,339,,
8213,潍坊科技学院,2023,江苏,专科批,物理类,（03）,,413,,
8215,青岛恒星科技学院,2023,江苏,专科批,物理类,（04）,,397,,
8223,泰山科技学院,2023,江苏,专科批,物理类,（04）,,289,,
8226,青岛农业大学海都学院,2023,江苏,专科批,物理类,（05）,,381,,
8227,齐鲁理工学院,2023,江苏,专科批,物理类,（04）,,448,173523,
8244,曲阜远东职业技术学院,2023,江苏,专科批,物理类,（02）,,236,,
8246,山东力明科技职业学院,2023,江苏,专科批,物理类,（02）,,400,,
8249,山东工程职业技术大学,2023,江苏,专科批,物理类,（03）,,395,,
8250,青岛求实职业技术学院,2023,江苏,专科批,物理类,（02）,,359,,
8252,山东外国语职业技术大学,2023,江苏,专科批,物理类,（02）,,352,,
8253,潍坊工商职业学院,2023,江苏,专科批,物理类,（02）,,334,,
8256,山东海事职业学院,2023,江苏,专科批,物理类,（02）,,353,,
8259,日照航海工程职业学院,2023,江苏,专科批,物理类,（02）,,327,,
8286,北京培黎职业学院,2023,江苏,专科批,物理类,（02）,,384,,
8290,天津天狮学院,2023,江苏,专科批,物理类,（04）,,365,173523,
8326,保定理工学院,2023,江苏,专科批,物理类,（05）,,269,170594,
8348,石家庄城市经济职业学院,2023,江苏,专科批,物理类,（02）,,230,,
8349,石家庄理工职业学院,2023,江苏,专科批,物理类,（02）,,320,,
8350,石家庄科技信息职业学院,2023,江苏,专科批,物理类,（02）,,355,,
8351,石家庄医学高等专科学校,2023,江苏,专科批,物理类,（02）,,398,,
8358,渤海理工职业学院,2023,江苏,专科批,物理类,（02）,,353,,
8367,山西同文职业技术学院,2023,江苏,专科批,物理类,（02）,,270,173523,
8416,大连东软信息学院,2023,江苏,专科批,物理类,（04）,,384,,
8465,长春信息技术职业学院,2023,江苏,专科批,物理类,（02）,,360,,
8469,长春健康职业学院,2023,江苏,专科批,物理类,（02）,,276,,
8482,哈尔滨北方航空职业技术学院,2023,江苏,专科批,物理类,（02）,,354,,
8531,郑州电力职业技术学院,2023,江苏,专科批,物理类,（02）,,387,,
8550,武汉东湖学院,2023,江苏,专科批,物理类,（04）,,352,,
8552,武昌首义学院,2023,江苏,专科批,物理类,（04）,,412,,
8554,武汉生物工程学院,2023,江苏,专科批,物理类,（05）,,412,,
8558,三峡大学科技学院,2023,江苏,专科批,物理类,（03）,,409,,
8561,武汉纺织大学外经贸学院,2023,江苏,专科批,物理类,（04）,,393,,
8574,武汉工程科技学院,2023,江苏,专科批,物理类,（04）,,366,,
8591,武汉外语外事职业学院,2023,江苏,专科批,物理类,（02）,,404,,
8592,武昌职业学院,2023,江苏,专科批,物理类,,,367,,
8593,武汉商贸职业学院,2023,江苏,专科批,物理类,（02）,,330,,
8596,武汉科技职业学院,2023,江苏,专科批,物理类,（02）,,393,,
8598,长江艺术工程职业学院,2023,江苏,专科批,物理类,（02）,,285,,
8628,湖南外国语职业学院,2023,江苏,专科批,物理类,（02）,,264,,
8630,湖南三一工业职业技术学院,2023,江苏,专科批,物理类,（02）,,266,,
8666,广州华立科技职业学院,2023,江苏,专科批,物理类,（02）,,258,,
8709,广东酒店管理职业技术学院,2023,江苏,专科批,物理类,（02）,,236,,
8729,广西英华国际职业学院,2023,江苏,专科批,物理类,（01）,,299,,
8734,广西经济职业学院,2023,江苏,专科批,物理类,（02）,,363,,
8740,海口经济学院,2023,江苏,专科批,物理类,（05）,,245,,
8754,三亚航空旅游职业学院,2023,江苏,专科批,物理类,（02）,,295,,
8755,三亚理工职业学院,2023,江苏,专科批,物理类,（物理）,,305,173523,
8759,三亚中瑞酒店管理职业学院,2023,江苏,专科批,物理类,（02）,,243,,
8764,成都银杏酒店管理学院,2023,江苏,专科批,物理类,（04）,,293,,
8770,西南财经大学天府学院,2023,江苏,专科批,物理类,（04）,,404,,
8777,天府新区航空旅游职业学院,2023,江苏,专科批,物理类,（02）,,338,,
8778,眉山药科职业学院,2023,江苏,专科批,物理类,（02）,,269,,
8779,德阳农业科技职业学院,2023,江苏,专科批,物理类,（02）,,300,,
8780,广元中核职业技术学院,2023,江苏,专科批,物理类,（02）,,361,,
8782,四川西南航空职业学院,2023,江苏,专科批,物理类,,,286,,
8783,四川希望汽车职业学院,2023,江苏,专科批,物理类,（02）,,297,,
8785,四川国际标榜职业学院,2023,江苏,专科批,物理类,（02）,,309,,
8790,绵阳飞行职业学院,2023,江苏,专科批,物理类,（02）,,255,,
8791,泸州医疗器械职业学院,2023,江苏,专科批,物理类,（02）,,327,,
8792,德阳城市轨道交通职业学院,2023,江苏,专科批,物理类,（02）,,241,,
8793,四川电子机械职业技术学院,2023,江苏,专科批,物理类,（02）,,274,,
8795,民办四川天一学院,2023,江苏,专科批,物理类,（02）,,301,,
8796,巴中职业技术学院,2023,江苏,专科批,物理类,（02）,,316,,
8798,四川华新现代职业学院,2023,江苏,专科批,物理类,（02）,,344,,
8822,重庆电讯职业学院,2023,江苏,专科批,物理类,（02）,,341,,
8827,重庆建筑科技职业学院,2023,江苏,专科批,物理类,（02）,,357,,
8829,重庆科创职业学院,2023,江苏,专科批,物理类,,,322,,
8871,丽江文化旅游学院,2023,江苏,专科批,物理类,（04）,,291,,
8878,云南经济管理学院,2023,江苏,专科批,物理类,（04）,,269,,
8880,云南理工职业学院,2023,江苏,专科批,物理类,（02）,,237,,
8903,西安外事学院,2023,江苏,专科批,物理类,（04）,,411,,
8914,西安工商学院,2023,江苏,专科批,物理类,（04）,,334,,
8931,西安高新科技职业学院,2023,江苏,专科批,物理类,（02）,,281,,
8932,西安汽车职业大学,2023,江苏,专科批,物理类,（02）,,326,,
8934,西安城市建设职业学院,2023,江苏,专科批,物理类,（02）,,304,,
8935,榆林能源科技职业学院,2023,江苏,专科批,物理类,（02）,,321,,
8936,西安海棠职业学院,2023,江苏,专科批,物理类,（02）,,326,,
8938,西安信息职业大学,2023,江苏,专科批,物理类,（02）,,357,,
8939,陕西电子信息职业技术学院,2023,江苏,专科批,物理类,（02）,,298,,
8943,兰州外语职业学院,2023,江苏,专科批,物理类,（02）,,341,,
8950,内蒙古北方职业技术学院,2023,江苏,专科批,物理类,（01）,,259,,
,苏州职业技术大学,2023,江苏,专科批,物理类,,,416,164240,
1111,南京邮电大学,2023,江苏,地方专项计划批,物理类,（03）,,622,17334,
1111,南京邮电大学,2023,江苏,地方专项计划批,物理类,（04）,,591,28267,
1111,南京邮电大学,2023,江苏,地方专项计划批,物理类,（05）,,601,31865,
105,陆军工程大学,2023,江苏,本科批,物理类,（04）,,566,18502,
1101,南京大学,2023,江苏,本科批,物理类,,,651,762,
1101,南京大学,2023,江苏,本科批,物理类,（11）,,664,2019,
1102,东南大学,2023,江苏,本科批,物理类,（05）,,660,1847,
1102,东南大学,2023,江苏,本科批,物理类,（06）,,647,5893,
1103,南京航空航天大学,2023,江苏,本科批,物理类,,,603,4113,
1104,南京理工大学,2023,江苏,本科批,物理类,,,601,4396,
1105,河海大学,2023,江苏,本科批,物理类,,,594,7265,
1105,河海大学,2023,江苏,本科批,物理类,（11）,,630,13100,
1106,南京信息工程大学,2023,江苏,本科批,物理类,,,578,11117,
1106,南京信息工程大学,2023,江苏,本科批,物理类,（16）,,570,57928,
1107,南京农业大学,2023,江苏,本科批,物理类,,,601,20291,
1107,南京农业大学,2023,江苏,本科批,物理类,（05）,,606,15132,
1108,南京师范大学,2023,江苏,本科批,物理类,,,583,6589,
1108,南京师范大学,2023,江苏,本科批,物理类,（25）,,611,24194,
1108,南京师范大学,2023,江苏,本科批,物理类,（28）,,628,14616,
1109,中国药科大学,2023,江苏,本科批,物理类,,,623,4642,
1110,南京工业大学,2023,江苏,本科批,物理类,,,547,29715,
1110,南京工业大学,2023,江苏,本科批,物理类,（09）,,561,45409,
1110,南京工业大学,2023,江苏,本科批,物理类,（10）,,584,39518,
1111,南京邮电大学,2023,江苏,本科批,物理类,,,591,10153,
1112,南京医科大学,2023,江苏,本科批,物理类,（04）,,568,49755,
1112,南京医科大学,2023,江苏,本科批,物理类,（05）,,555,37931,
1112,南京医科大学,2023,江苏,本科批,物理类,,,603,1847,
1113,南京中医药大学,2023,江苏,本科批,物理类,,,543,50594,
1114,南京工程学院,2023,江苏,本科批,物理类,,,506,23567,
1114,南京工程学院,2023,江苏,本科批,物理类,（07）,,546,78998,
1115,南京林业大学,2023,江苏,本科批,物理类,,,583,29715,
1116,南京财经大学,2023,江苏,本科批,物理类,,,551,40321,
1117,南京体育学院,2023,江苏,本科批,物理类,（04）,,460,164240,
1117,南京体育学院,2023,江苏,本科批,物理类,（05）,,506,121516,
1117,南京体育学院,2023,江苏,本科批,物理类,（07）,,504,123513,
1117,南京体育学院,2023,江苏,本科批,物理类,（06）,,514,106375,
1118,南京艺术学院,2023,江苏,本科批,物理类,（02）,,517,82962,
1119,南京审计大学,2023,江苏,本科批,物理类,,,559,31865,
1120,南京晓庄学院,2023,江苏,本科批,物理类,,,522,48831,
1120,南京晓庄学院,2023,江苏,本科批,物理类,（14）,,539,83977,
1120,南京晓庄学院,2023,江苏,本科批,物理类,（16）,,548,71147,
1120,南京晓庄学院,2023,江苏,本科批,物理类,（15）,,539,82962,
1120,南京晓庄学院,2023,江苏,本科批,物理类,（17）,,557,70200,
1128,金陵科技学院,2023,江苏,本科批,物理类,,,489,75102,
1128,金陵科技学院,2023,江苏,本科批,物理类,（08）,,518,99220,
1131,江苏第二师范学院,2023,江苏,本科批,物理类,,,486,66451,
1131,江苏第二师范学院,2023,江苏,本科批,物理类,（15）,,529,91098,
1131,江苏第二师范学院,2023,江苏,本科批,物理类,（17）,,553,74111,
1131,江苏第二师范学院,2023,江苏,本科批,物理类,（16）,,539,82962,
1131,江苏第二师范学院,2023,江苏,本科批,物理类,（18）,,552,75102,
1133,南京特殊教育师范学院,2023,江苏,本科批,物理类,（03）,,512,87985,
1133,南京特殊教育师范学院,2023,江苏,本科批,物理类,（04）,,515,101268,
1136,南京工业职业技术大学,2023,江苏,本科批,物理类,,,498,107386,
1201,江南大学,2023,江苏,本科批,物理类,,,587,14616,
1201,江南大学,2023,江苏,本科批,物理类,（08）,,625,16212,
1201,江南大学,2023,江苏,本科批,物理类,（09）,,601,31865,
1203,无锡学院,2023,江苏,本科批,物理类,（02）,,530,85961,
1203,无锡学院,2023,江苏,本科批,物理类,（03）,,518,105372,
1221,中国矿业大学,2023,江苏,本科批,物理类,,,588,14096,
1221,中国矿业大学,2023,江苏,本科批,物理类,（05）,,608,26857,
1221,中国矿业大学,2023,江苏,本科批,物理类,（06）,,613,23567,
1222,江苏师范大学,2023,江苏,本科批,物理类,,,514,45409,
1222,江苏师范大学,2023,江苏,本科批,物理类,（11）,,556,71147,
1222,江苏师范大学,2023,江苏,本科批,物理类,（13）,,567,57928,
1222,江苏师范大学,2023,江苏,本科批,物理类,（12）,,562,65451,
1222,江苏师范大学,2023,江苏,本科批,物理类,（14）,,564,63653,
1223,徐州医科大学,2023,江苏,本科批,物理类,,,518,79956,
1223,徐州医科大学,2023,江苏,本科批,物理类,（06）,,527,80934,
1224,徐州工程学院,2023,江苏,本科批,物理类,,,462,94093,
1224,徐州工程学院,2023,江苏,本科批,物理类,（06）,,496,124505,
1242,常州大学,2023,江苏,本科批,物理类,,,542,56968,
1242,常州大学,2023,江苏,本科批,物理类,（06）,,535,80934,
1243,常州工学院,2023,江苏,本科批,物理类,,,478,91099,
1243,常州工学院,2023,江苏,本科批,物理类,（10）,,509,112372,
1244,江苏理工学院,2023,江苏,本科批,物理类,,,459,83977,
1261,苏州大学,2023,江苏,本科批,物理类,,,592,9243,
1261,苏州大学,2023,江苏,本科批,物理类,（32）,,604,29715,
1262,苏州科技大学,2023,江苏,本科批,物理类,,,530,50594,
1262,苏州科技大学,2023,江苏,本科批,物理类,（10）,,544,73152,
1262,苏州科技大学,2023,江苏,本科批,物理类,（12）,,552,66451,
1262,苏州科技大学,2023,江苏,本科批,物理类,（11）,,547,75102,
1262,苏州科技大学,2023,江苏,本科批,物理类,（13）,,574,54145,
1263,苏州工学院,2023,江苏,本科批,物理类,,,457,75102,
1265,中国人民大学,2023,江苏,本科批,物理类,（04）,,667,272,
1265,中国人民大学（苏州校区）,2023,江苏,本科批,物理类,（03）,,649,5238,
1267,苏州城市学院,2023,江苏,本科批,物理类,,,485,86936,
1301,南通大学,2023,江苏,本科批,物理类,,,527,38767,
1301,南通大学,2023,江苏,本科批,物理类,（22）,,553,68330,
1301,南通大学,2023,江苏,本科批,物理类,（23）,,558,69273,
131,海军军医大学,2023,江苏,本科批,物理类,（04）,,595,36406,
131,海军军医大学,2023,江苏,本科批,物理类,（05）,,610,13586,
131,海军军医大学,2023,江苏,本科批,物理类,（06）,,623,8447,
1321,江苏海洋大学,2023,江苏,本科批,物理类,,,489,83977,
1321,江苏海洋大学,2023,江苏,本科批,物理类,（06）,,510,110348,
1321,江苏海洋大学,2023,江苏,本科批,物理类,（07）,,533,94093,
1341,淮阴师范学院,2023,江苏,本科批,物理类,,,491,91098,
1341,淮阴师范学院,2023,江苏,本科批,物理类,（12）,,526,101268,
1341,淮阴师范学院,2023,江苏,本科批,物理类,（14）,,507,113412,
1341,淮阴师范学院,2023,江苏,本科批,物理类,（13）,,511,108391,
1342,淮阴工学院,2023,江苏,本科批,物理类,,,465,101268,
1342,淮阴工学院,2023,江苏,本科批,物理类,（06）,,497,125541,
1342,淮阴工学院,2023,江苏,本科批,物理类,（07）,,501,121516,
1361,盐城工学院,2023,江苏,本科批,物理类,,,463,97144,
1361,盐城工学院,2023,江苏,本科批,物理类,（04）,,483,130481,
1362,盐城师范学院,2023,江苏,本科批,物理类,,,481,103298,
1362,盐城师范学院,2023,江苏,本科批,物理类,（11）,,520,98179,
1362,盐城师范学院,2023,江苏,本科批,物理类,（13）,,494,121516,
1362,盐城师范学院,2023,江苏,本科批,物理类,（12）,,513,108391,
1362,盐城师范学院,2023,江苏,本科批,物理类,（14）,,511,116463,
1381,扬州大学,2023,江苏,本科批,物理类,,,519,21589,
1401,江苏大学,2023,江苏,本科批,物理类,,,506,28267,
1402,江苏科技大学,2023,江苏,本科批,物理类,,,496,53220,
1402,江苏科技大学,2023,江苏,本科批,物理类,（18）,,545,79956,
1402,江苏科技大学,2023,江苏,本科批,物理类,（19）,,557,70200,
1421,泰州学院,2023,江苏,本科批,物理类,（04）,,495,83977,
1421,泰州学院,2023,江苏,本科批,物理类,,,485,137354,
1426,宿迁学院,2023,江苏,本科批,物理类,（03）,,494,116463,
1426,宿迁学院,2023,江苏,本科批,物理类,（04）,,480,135454,
1426,宿迁学院,2023,江苏,本科批,物理类,（05）,,497,130481,
1426,宿迁学院,2023,江苏,本科批,物理类,（06）,,528,99220,
1802,东南大学成贤学院,2023,江苏,本科批,物理类,,,490,116463,
1802,东南大学成贤学院,2023,江苏,本科批,物理类,（06）,,485,142059,
1803,南京航空航天大学金城学院,2023,江苏,本科批,物理类,,,480,137354,
1803,南京航空航天大学金城学院,2023,江苏,本科批,物理类,（11）,,469,156709,
1803,南京航空航天大学金城学院,2023,江苏,本科批,物理类,（12）,,482,144814,
1804,南京理工大学紫金学院,2023,江苏,本科批,物理类,,,494,112371,
1804,南京理工大学紫金学院,2023,江苏,本科批,物理类,（09）,,493,134436,
1807,南京审计大学金审学院,2023,江苏,本科批,物理类,（02）,,488,113412,
1810,南京工业大学浦江学院,2023,江苏,本科批,物理类,,,462,135454,
1810,南京工业大学浦江学院,2023,江苏,本科批,物理类,（09）,,483,143882,
1810,南京工业大学浦江学院,2023,江苏,本科批,物理类,（10）,,482,142974,
1816,南京财经大学红山学院,2023,江苏,本科批,物理类,（02）,,466,136409,
1826,中国矿业大学徐海学院,2023,江苏,本科批,物理类,（02）,,470,143882,
1827,江苏师范大学科文学院,2023,江苏,本科批,物理类,（03）,,469,140150,
1827,江苏师范大学科文学院,2023,江苏,本科批,物理类,（04）,,473,151397,
1827,江苏师范大学科文学院,2023,江苏,本科批,物理类,（05）,,473,153184,
1834,苏州大学应用技术学院,2023,江苏,本科批,物理类,,,468,138274,
1834,苏州大学应用技术学院,2023,江苏,本科批,物理类,（05）,,455,168261,
1835,苏州科技大学天平学院,2023,江苏,本科批,物理类,（03）,,480,129552,
1835,苏州科技大学天平学院,2023,江苏,本科批,物理类,（04）,,470,155785,
1835,苏州科技大学天平学院,2023,江苏,本科批,物理类,（06）,,482,144814,
1835,苏州科技大学天平学院,2023,江苏,本科批,物理类,（05）,,476,150469,
1837,江苏科技大学苏州理工学院,2023,江苏,本科批,物理类,（02）,,478,141124,
1837,江苏科技大学苏州理工学院,2023,江苏,本科批,物理类,（03）,,479,147716,
1838,南通大学杏林学院,2023,江苏,本科批,物理类,（02）,,466,103298,
1838,南通大学杏林学院,2023,江苏,本科批,物理类,（03）,,463,131452,
1838,南通大学杏林学院,2023,江苏,本科批,物理类,（04）,,532,87985,
1844,扬州大学广陵学院,2023,江苏,本科批,物理类,（02）,,478,118484,
1844,扬州大学广陵学院,2023,江苏,本科批,物理类,（03）,,477,149565,
1844,扬州大学广陵学院,2023,江苏,本科批,物理类,（04）,,478,146747,
1845,江苏大学京江学院,2023,江苏,本科批,物理类,（02）,,472,128535,
1845,江苏大学京江学院,2023,江苏,本科批,物理类,（03）,,477,149565,
1846,南京医科大学康达学院,2023,江苏,本科批,物理类,（03）,,481,125541,
1846,南京医科大学康达学院,2023,江苏,本科批,物理类,（04）,,467,142974,
1846,南京医科大学康达学院,2023,江苏,本科批,物理类,（05）,,524,76116,
1847,南京师范大学泰州学院,2023,江苏,本科批,物理类,（02）,,472,134436,
1847,南京师范大学泰州学院,2023,江苏,本科批,物理类,（03）,,471,151397,
1848,南京理工大学泰州科技学院,2023,江苏,本科批,物理类,,,478,131452,
1848,南京理工大学泰州科技学院,2023,江苏,本科批,物理类,（07）,,483,143882,
1848,南京理工大学泰州科技学院,2023,江苏,本科批,物理类,（08）,,481,145762,
1850,南京邮电大学通达学院,2023,江苏,本科批,物理类,,,485,135454,
1850,南京邮电大学通达学院,2023,江苏,本科批,物理类,（04）,,485,142059,
1855,常州大学怀德学院,2023,江苏,本科批,物理类,（02）,,468,145762,
1858,南京师范大学中北学院,2023,江苏,本科批,物理类,,,474,127538,
1858,南京师范大学中北学院,2023,江苏,本科批,物理类,（05）,,468,155785,
1858,南京师范大学中北学院,2023,江苏,本科批,物理类,（06）,,473,153184,
1901,南京传媒学院,2023,江苏,本科批,物理类,（02）,,462,144814,
1911,三江学院,2023,江苏,本科批,物理类,（02）,,467,147716,
1911,三江学院,2023,江苏,本科批,物理类,（03）,,465,159348,
1915,无锡太湖学院,2023,江苏,本科批,物理类,,,453,125541,
1915,无锡太湖学院,2023,江苏,本科批,物理类,（04）,,472,154057,
1915,无锡太湖学院,2023,江苏,本科批,物理类,（05）,,478,148669,
1921,西交利物浦大学,2023,江苏,本科批,物理类,（03）,,554,73152,
1921,西交利物浦大学,2023,江苏,本科批,物理类,（04）,,570,57928,
1921,西交利物浦大学,2023,江苏,本科批,物理类,（05）,,553,74111,
1928,南通理工学院,2023,江苏,本科批,物理类,（02）,,461,145762,
1928,南通理工学院,2023,江苏,本科批,物理类,（03）,,459,160211,
201,中国人民公安大学,2023,江苏,本科批,物理类,（07）,,624,16747,
203,中国人民警察大学,2023,江苏,本科批,物理类,（08）,,554,68330,
2101,复旦大学,2023,江苏,本科批,物理类,（04）,,678,142,
2101,复旦大学,2023,江苏,本科批,物理类,（05）,,676,624,
2102,同济大学,2023,江苏,本科批,物理类,,,653,1412,
2102,同济大学,2023,江苏,本科批,物理类,（05）,,658,3165,
2102,同济大学,2023,江苏,本科批,物理类,（06）,,660,2183,
2103,上海交通大学,2023,江苏,本科批,物理类,,,670,209,
2104,华东理工大学,2023,江苏,本科批,物理类,,,615,7655,
2104,华东理工大学,2023,江苏,本科批,物理类,（04）,,637,10153,
2104,华东理工大学,2023,江苏,本科批,物理类,（05）,,630,12571,
2105,东华大学,2023,江苏,本科批,物理类,（02）,,616,11592,
2105,东华大学,2023,江苏,本科批,物理类,（03）,,611,13586,
2106,华东师范大学,2023,江苏,本科批,物理类,（04）,,652,3165,
2106,华东师范大学,2023,江苏,本科批,物理类,（05）,,658,3165,
2106,华东师范大学,2023,江苏,本科批,物理类,（07）,,653,3165,
2106,华东师范大学,2023,江苏,本科批,物理类,（06）,,651,3869,
2107,华东政法大学,2023,江苏,本科批,物理类,（02）,,636,4642,
2109,上海外国语大学,2023,江苏,本科批,物理类,（03）,,625,9656,
2110,上海财经大学,2023,江苏,本科批,物理类,（02）,,640,4396,
2111,上海师范大学,2023,江苏,本科批,物理类,,,567,34106,
2111,上海师范大学,2023,江苏,本科批,物理类,（05）,,604,29715,
2112,上海大学,2023,江苏,本科批,物理类,,,613,8030,
2113,上海中医药大学,2023,江苏,本科批,物理类,（01）,,637,6253,
2113,上海中医药大学,2023,江苏,本科批,物理类,（02）,,594,37178,
2114,上海对外经贸大学,2023,江苏,本科批,物理类,,,584,20291,
2115,上海理工大学,2023,江苏,本科批,物理类,,,594,28267,
2116,上海海洋大学,2023,江苏,本科批,物理类,,,578,34853,
2117,上海海事大学,2023,江苏,本科批,物理类,（03）,,595,31134,
2117,上海海事大学,2023,江苏,本科批,物理类,（04）,,598,29715,
2118,上海电力大学,2023,江苏,本科批,物理类,,,608,17334,
2119,上海体育大学,2023,江苏,本科批,物理类,（03）,,571,49755,
2120,上海工程技术大学,2023,江苏,本科批,物理类,（02）,,566,48831,
2120,上海工程技术大学,2023,江苏,本科批,物理类,（03）,,552,71147,
2123,上海应用技术大学,2023,江苏,本科批,物理类,（01）,,564,50594,
2123,上海应用技术大学,2023,江苏,本科批,物理类,（02）,,576,46257,
2124,上海第二工业大学,2023,江苏,本科批,物理类,（02）,,564,53220,
2124,上海第二工业大学,2023,江苏,本科批,物理类,（03）,,560,67391,
2125,上海政法学院,2023,江苏,本科批,物理类,（02）,,592,21589,
2128,复旦大学上海医学院,2023,江苏,本科批,物理类,（02）,,673,175,
2135,上海健康医学院,2023,江苏,本科批,物理类,,,524,87985,
2135,上海健康医学院,2023,江苏,本科批,物理类,（04）,,532,87985,
2136,上海电机学院,2023,江苏,本科批,物理类,（02）,,572,48831,
2137,上海立信会计金融学院,2023,江苏,本科批,物理类,（02）,,568,31865,
2137,上海立信会计金融学院,2023,江苏,本科批,物理类,（03）,,586,40321,
2139,上海交通大学医学院,2023,江苏,本科批,物理类,,,665,142,
2141,上海商学院,2023,江苏,本科批,物理类,,,503,70200,
2201,浙江大学,2023,江苏,本科批,物理类,（04）,,676,375,
2201,浙江大学,2023,江苏,本科批,物理类,（05）,,677,557,
2202,中国计量大学,2023,江苏,本科批,物理类,（02）,,585,38767,
2202,中国计量大学,2023,江苏,本科批,物理类,（03）,,578,44515,
2202,中国计量大学,2023,江苏,本科批,物理类,（04）,,579,48831,
2203,浙江理工大学,2023,江苏,本科批,物理类,（02）,,585,31134,
2203,浙江理工大学,2023,江苏,本科批,物理类,（03）,,534,78998,
2203,浙江理工大学,2023,江苏,本科批,物理类,（04）,,585,44515,
2204,浙江工业大学,2023,江苏,本科批,物理类,,,597,26857,
2204,浙江工业大学,2023,江苏,本科批,物理类,（04）,,588,38767,
2204,浙江工业大学,2023,江苏,本科批,物理类,（05）,,590,40321,
2205,中国美术学院,2023,江苏,本科批,物理类,（02）,,615,22199,
2206,浙江师范大学,2023,江苏,本科批,物理类,,,544,24840,
2206,浙江师范大学,2023,江苏,本科批,物理类,（05）,,605,28961,
2207,浙江工商大学,2023,江苏,本科批,物理类,（02）,,526,29715,
2208,杭州电子科技大学,2023,江苏,本科批,物理类,,,599,20902,
2209,杭州师范大学,2023,江苏,本科批,物理类,,,478,47954,
2209,杭州师范大学,2023,江苏,本科批,物理类,（04）,,525,102240,
2209,杭州师范大学,2023,江苏,本科批,物理类,（05）,,547,78998,
2211,浙江传媒学院,2023,江苏,本科批,物理类,,,485,46257,
2212,浙江科技大学,2023,江苏,本科批,物理类,,,513,75102,
2212,浙江科技大学,2023,江苏,本科批,物理类,（04）,,530,97144,
2213,浙江财经大学,2023,江苏,本科批,物理类,,,555,39518,
2214,浙江农林大学,2023,江苏,本科批,物理类,（02）,,492,51455,
2214,浙江农林大学,2023,江苏,本科批,物理类,（03）,,542,46257,
2214,浙江农林大学,2023,江苏,本科批,物理类,,,535,53220,
2216,浙江中医药大学,2023,江苏,本科批,物理类,（03）,,578,50594,
2216,浙江中医药大学,2023,江苏,本科批,物理类,（04）,,579,37931,
2216,浙江中医药大学,2023,江苏,本科批,物理类,（05）,,584,17907,
2221,宁波大学,2023,江苏,本科批,物理类,（01）,,602,27544,
2221,宁波大学,2023,江苏,本科批,物理类,（02）,,603,21589,
2222,宁波工程学院,2023,江苏,本科批,物理类,,,517,86936,
2222,宁波工程学院,2023,江苏,本科批,物理类,（04）,,516,107386,
2223,绍兴文理学院,2023,江苏,本科批,物理类,（02）,,496,116463,
2228,温州大学,2023,江苏,本科批,物理类,,,539,67391,
2231,嘉兴大学,2023,江苏,本科批,物理类,（02）,,534,82962,
2231,嘉兴大学,2023,江苏,本科批,物理类,（03）,,512,106375,
2231,嘉兴大学,2023,江苏,本科批,物理类,（04）,,539,60724,
2240,浙江外国语学院,2023,江苏,本科批,物理类,,,517,76116,
2241,温州医科大学,2023,江苏,本科批,物理类,,,600,12571,
2242,浙江大学医学院,2023,江苏,本科批,物理类,（01）,,670,1048,
2245,宁波诺丁汉大学,2023,江苏,本科批,物理类,,,599,15132,
2248,温州肯恩大学,2023,江苏,本科批,物理类,（02）,,545,77082,
2249,浙大城市学院,2023,江苏,本科批,物理类,（02）,,542,71147,
2250,浙大宁波理工学院,2023,江苏,本科批,物理类,（02）,,531,86936,
2251,浙江海洋大学,2023,江苏,本科批,物理类,,,533,74111,
2251,浙江海洋大学,2023,江苏,本科批,物理类,（06）,,535,86936,
2251,浙江海洋大学,2023,江苏,本科批,物理类,（07）,,542,79956,
2261,湖州师范学院,2023,江苏,本科批,物理类,,,528,80934,
2261,湖州师范学院,2023,江苏,本科批,物理类,（04）,,569,52349,
2268,丽水学院,2023,江苏,本科批,物理类,,,512,101268,
2268,丽水学院,2023,江苏,本科批,物理类,（05）,,506,121516,
2268,丽水学院,2023,江苏,本科批,物理类,（06）,,482,90080,
2272,浙江水利水电学院,2023,江苏,本科批,物理类,（01）,,536,80934,
2272,浙江水利水电学院,2023,江苏,本科批,物理类,（02）,,544,82962,
2275,湖州学院,2023,江苏,本科批,物理类,（02）,,515,105372,
2276,温州理工学院,2023,江苏,本科批,物理类,（01）,,520,98179,
2277,嘉兴南湖学院,2023,江苏,本科批,物理类,（02）,,516,93121,
2277,嘉兴南湖学院,2023,江苏,本科批,物理类,（03）,,492,135454,
2301,中国科学技术大学,2023,江苏,本科批,物理类,（01）,,674,430,
2301,中国科学技术大学,2023,江苏,本科批,物理类,（02）,,673,557,
2303,安徽大学,2023,江苏,本科批,物理类,（02）,,612,16747,
2304,安徽医科大学,2023,江苏,本科批,物理类,（01）,,584,42008,
2304,安徽医科大学,2023,江苏,本科批,物理类,（02）,,594,31865,
2305,安徽建筑大学,2023,江苏,本科批,物理类,（02）,,534,70200,
2305,安徽建筑大学,2023,江苏,本科批,物理类,（03）,,534,87985,
2305,安徽建筑大学,2023,江苏,本科批,物理类,（04）,,539,87985,
2305,安徽建筑大学,2023,江苏,本科批,物理类,（05）,,546,80934,
2306,安徽农业大学,2023,江苏,本科批,物理类,,,541,57928,
2306,安徽农业大学,2023,江苏,本科批,物理类,（07）,,550,77082,
2306,安徽农业大学,2023,江苏,本科批,物理类,（08）,,447,62692,
2306,安徽农业大学,2023,江苏,本科批,物理类,（09）,,528,99220,
2307,安徽中医药大学,2023,江苏,本科批,物理类,（03）,,535,78998,
2307,安徽中医药大学,2023,江苏,本科批,物理类,（04）,,576,46257,
2308,安徽工程大学,2023,江苏,本科批,物理类,（01）,,534,86936,
2308,安徽工程大学,2023,江苏,本科批,物理类,（02）,,528,86936,
2309,安徽师范大学,2023,江苏,本科批,物理类,（04）,,546,54145,
2309,安徽师范大学,2023,江苏,本科批,物理类,（05）,,567,54145,
2309,安徽师范大学,2023,江苏,本科批,物理类,（07）,,590,38767,
2309,安徽师范大学,2023,江苏,本科批,物理类,（06）,,558,45409,
2310,安徽科技学院,2023,江苏,本科批,物理类,（01）,,516,100233,
2310,安徽科技学院,2023,江苏,本科批,物理类,（02）,,500,112371,
2310,安徽科技学院,2023,江苏,本科批,物理类,（04）,,510,117453,
2310,安徽科技学院,2023,江苏,本科批,物理类,（03）,,505,111339,
2321,安徽财经大学,2023,江苏,本科批,物理类,,,518,51455,
2327,合肥大学,2023,江苏,本科批,物理类,（02）,,541,80934,
2327,合肥大学,2023,江苏,本科批,物理类,（03）,,521,105372,
2327,合肥大学,2023,江苏,本科批,物理类,（04）,,526,95097,
2331,阜阳师范大学,2023,江苏,本科批,物理类,（03）,,523,102240,
2332,蚌埠医科大学,2023,江苏,本科批,物理类,（03）,,547,79956,
2332,蚌埠医科大学,2023,江苏,本科批,物理类,（04）,,555,72167,
2332,蚌埠医科大学,2023,江苏,本科批,物理类,（05）,,586,41158,
2341,安徽理工大学,2023,江苏,本科批,物理类,,,540,66451,
2341,安徽理工大学,2023,江苏,本科批,物理类,（04）,,541,76116,
2341,安徽理工大学,2023,江苏,本科批,物理类,（05）,,572,56020,
2341,安徽理工大学,2023,江苏,本科批,物理类,（06）,,591,39518,
2342,宿州学院,2023,江苏,本科批,物理类,（02）,,494,130481,
2342,宿州学院,2023,江苏,本科批,物理类,（03）,,489,138274,
2342,宿州学院,2023,江苏,本科批,物理类,（05）,,516,111339,
2342,宿州学院,2023,江苏,本科批,物理类,（04）,,499,128535,
2347,蚌埠学院,2023,江苏,本科批,物理类,（01）,,529,98179,
2348,池州学院,2023,江苏,本科批,物理类,（02）,,499,119495,
2349,皖南医学院,2023,江苏,本科批,物理类,（01）,,535,86936,
2349,皖南医学院,2023,江苏,本科批,物理类,（02）,,541,40321,
2351,淮北师范大学,2023,江苏,本科批,物理类,（05）,,540,73152,
2351,淮北师范大学,2023,江苏,本科批,物理类,（06）,,539,64500,
2351,淮北师范大学,2023,江苏,本科批,物理类,（07）,,534,86936,
2356,铜陵学院,2023,江苏,本科批,物理类,（02）,,500,127538,
2361,安徽工业大学,2023,江苏,本科批,物理类,（02）,,555,55137,
2361,安徽工业大学,2023,江苏,本科批,物理类,（03）,,551,73152,
2361,安徽工业大学,2023,江苏,本科批,物理类,（04）,,544,81926,
2362,淮南师范学院,2023,江苏,本科批,物理类,（03）,,514,100233,
2362,淮南师范学院,2023,江苏,本科批,物理类,（04）,,523,104327,
2362,淮南师范学院,2023,江苏,本科批,物理类,（05）,,510,117453,
2381,黄山学院,2023,江苏,本科批,物理类,,,472,133441,
2381,黄山学院,2023,江苏,本科批,物理类,（06）,,489,138274,
2383,合肥工业大学,2023,江苏,本科批,物理类,（03）,,612,11117,
2383,合肥工业大学,2023,江苏,本科批,物理类,（04）,,620,19102,
2383,合肥工业大学（宣城校区）,2023,江苏,本科批,物理类,（02）,,601,22856,
2401,福州大学,2023,江苏,本科批,物理类,（02）,,606,16212,
2401,福州大学,2023,江苏,本科批,物理类,（03）,,597,32621,
2402,福建农林大学,2023,江苏,本科批,物理类,,,537,73152,
2405,福建理工大学,2023,江苏,本科批,物理类,（01）,,529,79956,
2406,福建医科大学,2023,江苏,本科批,物理类,（01）,,540,71147,
2406,福建医科大学,2023,江苏,本科批,物理类,（02）,,517,71147,
2406,福建医科大学,2023,江苏,本科批,物理类,（03）,,589,13586,
2407,福建中医药大学,2023,江苏,本科批,物理类,（01）,,584,42827,
2407,福建中医药大学,2023,江苏,本科批,物理类,（02）,,526,93121,
2407,福建中医药大学,2023,江苏,本科批,物理类,（03）,,596,34853,
2408,龙岩学院,2023,江苏,本科批,物理类,（01）,,488,110348,
2409,闽江学院,2023,江苏,本科批,物理类,（01）,,521,102240,
2410,三明学院,2023,江苏,本科批,物理类,（02）,,495,112371,
2411,厦门大学,2023,江苏,本科批,物理类,,,625,3869,
2411,厦门大学,2023,江苏,本科批,物理类,（07）,,648,5542,
2412,集美大学,2023,江苏,本科批,物理类,,,566,50594,
2412,集美大学,2023,江苏,本科批,物理类,（06）,,553,68330,
2412,集美大学,2023,江苏,本科批,物理类,（08）,,568,59798,
2412,集美大学,2023,江苏,本科批,物理类,（07）,,552,74111,
2413,厦门理工学院,2023,江苏,本科批,物理类,,,541,75102,
2421,莆田学院,2023,江苏,本科批,物理类,（02）,,477,149565,
2421,莆田学院,2023,江苏,本科批,物理类,（03）,,556,71147,
2422,华侨大学,2023,江苏,本科批,物理类,（03）,,554,46257,
2437,武夷学院,2023,江苏,本科批,物理类,（02）,,495,116463,
2437,武夷学院,2023,江苏,本科批,物理类,（03）,,508,119495,
2437,武夷学院,2023,江苏,本科批,物理类,（04）,,499,128535,
2443,泉州师范学院,2023,江苏,本科批,物理类,（01）,,486,107386,
2443,泉州师范学院,2023,江苏,本科批,物理类,（02）,,477,95097,
2443,泉州师范学院,2023,江苏,本科批,物理类,（03）,,501,126588,
2443,泉州师范学院,2023,江苏,本科批,物理类,（04）,,533,94093,
2448,闽南师范大学,2023,江苏,本科批,物理类,（01）,,508,103298,
2448,闽南师范大学,2023,江苏,本科批,物理类,（02）,,517,109392,
2501,江西财经大学,2023,江苏,本科批,物理类,,,549,27544,
2502,华东交通大学,2023,江苏,本科批,物理类,,,540,47954,
2502,华东交通大学,2023,江苏,本科批,物理类,（08）,,552,66451,
2504,江西中医药大学,2023,江苏,本科批,物理类,（02）,,534,80934,
2504,江西中医药大学,2023,江苏,本科批,物理类,（03）,,545,81926,
2504,江西中医药大学,2023,江苏,本科批,物理类,（04）,,567,58807,
2505,南昌大学,2023,江苏,本科批,物理类,（02）,,597,22199,
2505,南昌大学,2023,江苏,本科批,物理类,（03）,,595,35650,
2505,南昌大学,2023,江苏,本科批,物理类,,,609,16747,
2506,南昌航空大学,2023,江苏,本科批,物理类,（02）,,556,57928,
2506,南昌航空大学,2023,江苏,本科批,物理类,（03）,,534,78084,
2507,江西科技师范大学,2023,江苏,本科批,物理类,（04）,,524,65451,
2507,江西科技师范大学,2023,江苏,本科批,物理类,（05）,,507,102240,
2507,江西科技师范大学,2023,江苏,本科批,物理类,（06）,,519,96123,
2508,江西农业大学,2023,江苏,本科批,物理类,（04）,,530,86936,
2508,江西农业大学,2023,江苏,本科批,物理类,（05）,,518,98179,
2508,江西农业大学,2023,江苏,本科批,物理类,（07）,,544,82962,
2508,江西农业大学,2023,江苏,本科批,物理类,（06）,,530,83977,
2510,江西师范大学,2023,江苏,本科批,物理类,（06）,,511,34853,
2510,江西师范大学,2023,江苏,本科批,物理类,（07）,,572,56020,
2510,江西师范大学,2023,江苏,本科批,物理类,（09）,,590,40321,
2510,江西师范大学,2023,江苏,本科批,物理类,（08）,,550,58807,
2510,江西师范大学,2023,江苏,本科批,物理类,（10）,,575,53220,
2511,江西水利电力大学,2023,江苏,本科批,物理类,,,511,91098,
2512,江西警察学院,2023,江苏,本科批,物理类,（02）,,522,100233,
2521,江西理工大学,2023,江苏,本科批,物理类,,,499,66451,
2521,江西理工大学,2023,江苏,本科批,物理类,（04）,,522,92078,
2521,江西理工大学,2023,江苏,本科批,物理类,（05）,,543,83977,
2522,赣南医科大学,2023,江苏,本科批,物理类,（02）,,513,111339,
2522,赣南医科大学,2023,江苏,本科批,物理类,（03）,,518,101268,
2522,赣南医科大学,2023,江苏,本科批,物理类,（04）,,501,59798,
2523,赣南师范大学,2023,江苏,本科批,物理类,（04）,,523,86936,
2523,赣南师范大学,2023,江苏,本科批,物理类,（05）,,505,104327,
2523,赣南师范大学,2023,江苏,本科批,物理类,（07）,,521,96123,
2523,赣南师范大学,2023,江苏,本科批,物理类,（06）,,513,105372,
2527,新余学院,2023,江苏,本科批,物理类,（03）,,493,122563,
2531,景德镇陶瓷大学,2023,江苏,本科批,物理类,（02）,,526,90080,
2531,景德镇陶瓷大学,2023,江苏,本科批,物理类,（03）,,514,102240,
2531,景德镇陶瓷大学,2023,江苏,本科批,物理类,（04）,,534,93121,
2541,东华理工大学,2023,江苏,本科批,物理类,,,531,84967,
2542,萍乡学院,2023,江苏,本科批,物理类,（02）,,505,122563,
2542,萍乡学院,2023,江苏,本科批,物理类,（03）,,479,136409,
2543,南昌师范学院,2023,江苏,本科批,物理类,（04）,,479,103298,
2543,南昌师范学院,2023,江苏,本科批,物理类,（05）,,532,93121,
2551,宜春学院,2023,江苏,本科批,物理类,（03）,,493,102240,
2551,宜春学院,2023,江苏,本科批,物理类,（04）,,481,120486,
2551,宜春学院,2023,江苏,本科批,物理类,（05）,,472,84967,
2561,九江学院,2023,江苏,本科批,物理类,（02）,,495,120486,
2561,九江学院,2023,江苏,本科批,物理类,（03）,,524,103298,
2571,上饶师范学院,2023,江苏,本科批,物理类,（03）,,457,105372,
2571,上饶师范学院,2023,江苏,本科批,物理类,（04）,,512,115419,
2571,上饶师范学院,2023,江苏,本科批,物理类,（05）,,523,104327,
2572,赣东学院,2023,江苏,本科批,物理类,（02）,,491,118484,
2573,赣南科技学院,2023,江苏,本科批,物理类,（02）,,490,121516,
2573,赣南科技学院,2023,江苏,本科批,物理类,（03）,,481,145762,
2574,南昌医学院,2023,江苏,本科批,物理类,,,537,55137,
2574,南昌医学院,2023,江苏,本科批,物理类,（09）,,580,48831,
2581,井冈山大学,2023,江苏,本科批,物理类,（02）,,511,110348,
2581,井冈山大学,2023,江苏,本科批,物理类,（03）,,516,111339,
2581,井冈山大学,2023,江苏,本科批,物理类,（04）,,548,49755,
2596,景德镇学院,2023,江苏,本科批,物理类,（02）,,509,113412,
2601,山东大学,2023,江苏,本科批,物理类,,,622,4396,
2601,山东大学,2023,江苏,本科批,物理类,（06）,,639,7655,
2601,山东大学,2023,江苏,本科批,物理类,（07）,,640,6898,
2601,山东大学,2023,江苏,本科批,物理类,（08）,,651,2577,
2602,济南大学,2023,江苏,本科批,物理类,,,525,36406,
2602,济南大学,2023,江苏,本科批,物理类,（07）,,532,93121,
2602,济南大学,2023,江苏,本科批,物理类,（08）,,550,77082,
2602,济南大学,2023,江苏,本科批,物理类,（09）,,575,53220,
2605,山东中医药大学,2023,江苏,本科批,物理类,（01）,,560,44515,
2605,山东中医药大学,2023,江苏,本科批,物理类,（02）,,546,79956,
2605,山东中医药大学,2023,江苏,本科批,物理类,（03）,,574,47113,
2606,山东财经大学,2023,江苏,本科批,物理类,（02）,,548,45409,
2607,山东建筑大学,2023,江苏,本科批,物理类,,,527,70200,
2607,山东建筑大学,2023,江苏,本科批,物理类,（03）,,546,80934,
2607,山东建筑大学,2023,江苏,本科批,物理类,（04）,,522,105372,
2608,山东工艺美术学院,2023,江苏,本科批,物理类,（03）,,487,125541,
2609,山东交通学院,2023,江苏,本科批,物理类,（02）,,522,94093,
2609,山东交通学院,2023,江苏,本科批,物理类,（03）,,529,91098,
2610,齐鲁工业大学,2023,江苏,本科批,物理类,（02）,,545,71147,
2611,山东理工大学,2023,江苏,本科批,物理类,（02）,,550,49755,
2611,山东理工大学,2023,江苏,本科批,物理类,（03）,,544,81926,
2611,山东理工大学,2023,江苏,本科批,物理类,（04）,,537,78084,
2613,枣庄学院,2023,江苏,本科批,物理类,（01）,,533,94093,
2613,枣庄学院,2023,江苏,本科批,物理类,（02）,,493,134436,
2613,枣庄学院,2023,江苏,本科批,物理类,（03）,,495,124505,
2614,山东第二医科大学,2023,江苏,本科批,物理类,（01）,,527,92078,
2614,山东第二医科大学,2023,江苏,本科批,物理类,（02）,,526,91098,
2614,山东第二医科大学,2023,江苏,本科批,物理类,（03）,,582,37931,
2621,中国海洋大学,2023,江苏,本科批,物理类,,,620,9243,
2621,中国海洋大学,2023,江苏,本科批,物理类,（10）,,629,13100,
2622,青岛理工大学,2023,江苏,本科批,物理类,,,549,49755,
2622,青岛理工大学,2023,江苏,本科批,物理类,（04）,,550,77082,
2622,青岛理工大学,2023,江苏,本科批,物理类,（05）,,551,70200,
2623,青岛科技大学,2023,江苏,本科批,物理类,（01）,,572,52349,
2623,青岛科技大学,2023,江苏,本科批,物理类,（02）,,540,77082,
2623,青岛科技大学,2023,江苏,本科批,物理类,（03）,,554,69273,
2624,青岛大学,2023,江苏,本科批,物理类,（02）,,588,37178,
2624,青岛大学,2023,江苏,本科批,物理类,（03）,,538,63653,
2631,山东农业大学,2023,江苏,本科批,物理类,（02）,,542,67391,
2631,山东农业大学,2023,江苏,本科批,物理类,（03）,,538,79956,
2633,山东科技大学,2023,江苏,本科批,物理类,,,531,50594,
2633,山东科技大学,2023,江苏,本科批,物理类,（03）,,536,74111,
2633,山东科技大学,2023,江苏,本科批,物理类,（04）,,583,46257,
2635,潍坊学院,2023,江苏,本科批,物理类,（03）,,495,119495,
2635,潍坊学院,2023,江苏,本科批,物理类,（04）,,498,125541,
2635,潍坊学院,2023,江苏,本科批,物理类,（05）,,497,130481,
2635,潍坊学院,2023,江苏,本科批,物理类,（06）,,520,107386,
2641,中国石油大学（华东）,2023,江苏,本科批,物理类,（01）,,609,16212,
2641,中国石油大学（华东）,2023,江苏,本科批,物理类,（02）,,603,26857,
2641,中国石油大学（华东）,2023,江苏,本科批,物理类,（03）,,611,24840,
2642,聊城大学,2023,江苏,本科批,物理类,（02）,,535,89031,
2642,聊城大学,2023,江苏,本科批,物理类,（03）,,500,110348,
2643,青岛农业大学,2023,江苏,本科批,物理类,（04）,,502,83977,
2643,青岛农业大学,2023,江苏,本科批,物理类,（05）,,543,83977,
2643,青岛农业大学,2023,江苏,本科批,物理类,（06）,,536,86936,
2645,临沂大学,2023,江苏,本科批,物理类,,,498,83977,
2645,临沂大学,2023,江苏,本科批,物理类,（04）,,530,94093,
2650,山东航空学院,2023,江苏,本科批,物理类,（02）,,513,103298,
2651,烟台大学,2023,江苏,本科批,物理类,（03）,,522,85961,
2651,烟台大学,2023,江苏,本科批,物理类,（05）,,535,85961,
2651,烟台大学,2023,江苏,本科批,物理类,（06）,,543,82962,
2652,山东工商学院,2023,江苏,本科批,物理类,（03）,,487,98179,
2653,鲁东大学,2023,江苏,本科批,物理类,（02）,,539,75102,
2661,山东大学（威海）,2023,江苏,本科批,物理类,,,637,7265,
2662,哈尔滨工业大学（威海）,2023,江苏,本科批,物理类,,,629,4396,
2669,菏泽学院,2023,江苏,本科批,物理类,（03）,,526,100233,
2669,菏泽学院,2023,江苏,本科批,物理类,（04）,,516,111339,
2669,菏泽学院,2023,江苏,本科批,物理类,（05）,,493,134436,
2671,曲阜师范大学,2023,江苏,本科批,物理类,（02）,,530,85961,
2671,曲阜师范大学,2023,江苏,本科批,物理类,（03）,,572,56020,
2671,曲阜师范大学,2023,江苏,本科批,物理类,（04）,,570,57928,
2681,滨州医学院,2023,江苏,本科批,物理类,（01）,,527,100233,
2681,滨州医学院,2023,江苏,本科批,物理类,（02）,,526,71147,
2681,滨州医学院,2023,江苏,本科批,物理类,（03）,,574,49755,
2683,德州学院,2023,江苏,本科批,物理类,（02）,,505,122563,
2691,山东第一医科大学,2023,江苏,本科批,物理类,（02）,,552,75102,
2691,山东第一医科大学,2023,江苏,本科批,物理类,（03）,,553,50594,
2695,济宁医学院,2023,江苏,本科批,物理类,（01）,,541,75102,
2695,济宁医学院,2023,江苏,本科批,物理类,（02）,,533,93121,
2695,济宁医学院,2023,江苏,本科批,物理类,（03）,,565,52349,
2701,山东女子学院,2023,江苏,本科批,物理类,（02）,,494,122563,
2702,济宁学院,2023,江苏,本科批,物理类,（02）,,511,116463,
2706,泰山学院,2023,江苏,本科批,物理类,,,516,108391,
2706,泰山学院,2023,江苏,本科批,物理类,（03）,,491,134436,
2706,泰山学院,2023,江苏,本科批,物理类,（04）,,511,116463,
2710,齐鲁师范学院,2023,江苏,本科批,物理类,（02）,,519,108391,
2711,山东师范大学,2023,江苏,本科批,物理类,,,544,45409,
2711,山东师范大学,2023,江苏,本科批,物理类,（06）,,584,45409,
2711,山东师范大学,2023,江苏,本科批,物理类,（08）,,588,42008,
2711,山东师范大学,2023,江苏,本科批,物理类,（07）,,553,56020,
2713,山东青年政治学院,2023,江苏,本科批,物理类,（01）,,514,112371,
2755,山东石油化工学院,2023,江苏,本科批,物理类,（02）,,502,116463,
306,中国民用航空飞行学院,2023,江苏,本科批,物理类,（05）,,542,64500,
306,中国民用航空飞行学院,2023,江苏,本科批,物理类,（06）,,558,61773,
306,中国民用航空飞行学院,2023,江苏,本科批,物理类,（07）,,540,86936,
3101,北京大学,2023,江苏,本科批,物理类,（05）,,691,,
3103,清华大学,2023,江苏,本科批,物理类,（03）,,690,,
3103,清华大学,2023,江苏,本科批,物理类,（04）,,694,,
3104,北京师范大学,2023,江苏,本科批,物理类,（04）,,651,3625,
3104,北京师范大学,2023,江苏,本科批,物理类,（05）,,647,3398,
3105,北京交通大学,2023,江苏,本科批,物理类,,,615,6589,
3106,北京航空航天大学,2023,江苏,本科批,物理类,,,649,1162,
3107,北京理工大学,2023,江苏,本科批,物理类,,,635,1847,
3108,北京科技大学,2023,江苏,本科批,物理类,,,635,8828,
3108,北京科技大学,2023,江苏,本科批,物理类,（04）,,634,11592,
3109,北京化工大学,2023,江苏,本科批,物理类,（02）,,616,19694,
3109,北京化工大学,2023,江苏,本科批,物理类,（03）,,616,11592,
3110,中国农业大学,2023,江苏,本科批,物理类,（03）,,640,6898,
3110,中国农业大学,2023,江苏,本科批,物理类,（04）,,637,9243,
3110,中国农业大学,2023,江苏,本科批,物理类,（05）,,642,4919,
3111,中国地质大学（北京）,2023,江苏,本科批,物理类,（01）,,599,16212,
3111,中国地质大学（北京）,2023,江苏,本科批,物理类,（02）,,591,22856,
3111,中国地质大学（北京）,2023,江苏,本科批,物理类,（03）,,623,17334,
3112,中国政法大学,2023,江苏,本科批,物理类,（03）,,640,2019,
3113,北京邮电大学,2023,江苏,本科批,物理类,,,634,3869,
3114,北京林业大学,2023,江苏,本科批,物理类,（02）,,597,19694,
3114,北京林业大学,2023,江苏,本科批,物理类,（04）,,620,19102,
3114,北京林业大学,2023,江苏,本科批,物理类,（03）,,598,16747,
3115,北京大学医学部,2023,江苏,本科批,物理类,（02）,,680,375,
3115,北京大学医学部,2023,江苏,本科批,物理类,,,682,175,
3116,北京外国语大学,2023,江苏,本科批,物理类,（05）,,628,11117,
3117,北京语言大学,2023,江苏,本科批,物理类,（05）,,586,32621,
3118,中国石油大学（北京）,2023,江苏,本科批,物理类,（03）,,606,17334,
3118,中国石油大学（北京）,2023,江苏,本科批,物理类,（04）,,610,25495,
3119,对外经济贸易大学,2023,江苏,本科批,物理类,（04）,,638,6589,
3120,中央财经大学,2023,江苏,本科批,物理类,（02）,,638,5238,
3121,北京中医药大学,2023,江苏,本科批,物理类,（02）,,591,19694,
3121,北京中医药大学,2023,江苏,本科批,物理类,（03）,,622,624,
3122,中国矿业大学（北京）,2023,江苏,本科批,物理类,（02）,,599,16212,
3123,中国传媒大学,2023,江苏,本科批,物理类,,,593,9243,
3127,北京体育大学,2023,江苏,本科批,物理类,,,559,31865,
3127,北京体育大学,2023,江苏,本科批,物理类,（08）,,579,49755,
3127,北京体育大学,2023,江苏,本科批,物理类,（09）,,604,14616,
3128,华北电力大学（北京）,2023,江苏,本科批,物理类,（02）,,610,9656,
3128,华北电力大学（北京）,2023,江苏,本科批,物理类,（03）,,623,16212,
3129,中央民族大学,2023,江苏,本科批,物理类,,,609,13100,
3129,中央民族大学,2023,江苏,本科批,物理类,（05）,,630,13586,
3130,北京协和医学院,2023,江苏,本科批,物理类,（01）,,597,34853,
3132,北京第二外国语学院,2023,江苏,本科批,物理类,（02）,,573,39518,
3133,首都师范大学,2023,江苏,本科批,物理类,（02）,,595,22199,
3134,北京工业大学,2023,江苏,本科批,物理类,（01）,,633,10611,
3135,首都医科大学,2023,江苏,本科批,物理类,,,582,3869,
3136,北京物资学院,2023,江苏,本科批,物理类,（02）,,553,74111,
3137,北京信息科技大学,2023,江苏,本科批,物理类,（01）,,592,34106,
3138,北京服装学院,2023,江苏,本科批,物理类,（01）,,470,78084,
3139,北京印刷学院,2023,江苏,本科批,物理类,（02）,,518,78084,
3141,北京石油化工学院,2023,江苏,本科批,物理类,（01）,,541,77082,
3141,北京石油化工学院,2023,江苏,本科批,物理类,（02）,,532,92078,
3142,北京工商大学,2023,江苏,本科批,物理类,,,543,42008,
3142,北京工商大学,2023,江苏,本科批,物理类,（04）,,545,81926,
3144,北京联合大学,2023,江苏,本科批,物理类,（02）,,557,61773,
3145,北京建筑大学,2023,江苏,本科批,物理类,（01）,,578,37178,
3148,北京电影学院,2023,江苏,本科批,物理类,（02）,,628,14616,
3153,华北科技学院,2023,江苏,本科批,物理类,,,504,83977,
3154,首都经济贸易大学,2023,江苏,本科批,物理类,,,573,43656,
3156,中国科学院大学,2023,江苏,本科批,物理类,（05）,,675,493,
3156,中国科学院大学,2023,江苏,本科批,物理类,（06）,,674,762,
3169,中国劳动关系学院,2023,江苏,本科批,物理类,（02）,,531,67391,
3201,南开大学,2023,江苏,本科批,物理类,（03）,,654,3165,
3201,南开大学,2023,江苏,本科批,物理类,（04）,,653,4396,
3202,天津大学,2023,江苏,本科批,物理类,,,650,4113,
3202,天津大学,2023,江苏,本科批,物理类,（03）,,647,6253,
3203,天津医科大学,2023,江苏,本科批,物理类,（01）,,601,24194,
3203,天津医科大学,2023,江苏,本科批,物理类,（02）,,637,9243,
3203,天津医科大学,2023,江苏,本科批,物理类,,,600,6589,
3204,天津师范大学,2023,江苏,本科批,物理类,（05）,,532,47954,
3204,天津师范大学,2023,江苏,本科批,物理类,（06）,,563,64500,
3204,天津师范大学,2023,江苏,本科批,物理类,（08）,,565,53220,
3204,天津师范大学,2023,江苏,本科批,物理类,（07）,,545,78084,
3205,中国民航大学,2023,江苏,本科批,物理类,（04）,,550,35650,
3205,中国民航大学,2023,江苏,本科批,物理类,（05）,,570,54145,
3207,天津商业大学,2023,江苏,本科批,物理类,,,535,78084,
3209,天津财经大学,2023,江苏,本科批,物理类,（02）,,558,46257,
3212,天津中医药大学,2023,江苏,本科批,物理类,,,564,54145,
3212,天津中医药大学,2023,江苏,本科批,物理类,（06）,,538,61773,
3212,天津中医药大学,2023,江苏,本科批,物理类,（10）,,603,30376,
3213,天津农学院,2023,江苏,本科批,物理类,（02）,,509,108391,
3213,天津农学院,2023,江苏,本科批,物理类,（03）,,511,85961,
3217,天津体育学院,2023,江苏,本科批,物理类,（02）,,495,95097,
3218,天津职业技术师范大学,2023,江苏,本科批,物理类,（02）,,528,65451,
3301,石家庄铁道大学,2023,江苏,本科批,物理类,,,540,,
3301,石家庄铁道大学,2023,江苏,本科批,物理类,（04）,,559,,
3302,河北科技师范学院,2023,江苏,本科批,物理类,,,479,118484,
3303,河北建筑工程学院,2023,江苏,本科批,物理类,（01）,,506,112371,
3304,河北科技大学,2023,江苏,本科批,物理类,,,487,87985,
3304,河北科技大学,2023,江苏,本科批,物理类,（03）,,510,117453,
3304,河北科技大学,2023,江苏,本科批,物理类,（04）,,540,86936,
3305,河北地质大学,2023,江苏,本科批,物理类,（02）,,525,96123,
3305,河北地质大学,2023,江苏,本科批,物理类,（03）,,548,78998,
3307,河北工业大学,2023,江苏,本科批,物理类,,,586,18502,
3307,河北工业大学,2023,江苏,本科批,物理类,（04）,,607,27544,
3310,河北经贸大学,2023,江苏,本科批,物理类,,,512,84967,
3311,华北电力大学（保定）,2023,江苏,本科批,物理类,（02）,,605,8030,
3311,华北电力大学（保定）,2023,江苏,本科批,物理类,（03）,,602,31134,
3312,河北大学,2023,江苏,本科批,物理类,（03）,,564,54145,
3312,河北大学,2023,江苏,本科批,物理类,（04）,,575,53220,
3313,河北医科大学,2023,江苏,本科批,物理类,（01）,,542,84967,
3313,河北医科大学,2023,江苏,本科批,物理类,（02）,,540,79956,
3313,河北医科大学,2023,江苏,本科批,物理类,（03）,,561,64500,
3313,河北医科大学,2023,江苏,本科批,物理类,（04）,,613,14096,
3318,防灾科技学院,2023,江苏,本科批,物理类,,,507,76116,
3318,防灾科技学院,2023,江苏,本科批,物理类,（04）,,519,99220,
3321,燕山大学,2023,江苏,本科批,物理类,（02）,,574,41158,
3321,燕山大学,2023,江苏,本科批,物理类,（04）,,551,57928,
3322,东北大学秦皇岛分校,2023,江苏,本科批,物理类,,,624,11117,
3326,河北水利电力学院,2023,江苏,本科批,物理类,（01）,,488,136409,
3332,华北理工大学,2023,江苏,本科批,物理类,,,533,66451,
3332,华北理工大学,2023,江苏,本科批,物理类,（06）,,542,42827,
3341,北华航天工业学院,2023,江苏,本科批,物理类,（02）,,504,89031,
3344,邯郸学院,2023,江苏,本科批,物理类,（02）,,485,140150,
3348,河北中医药大学,2023,江苏,本科批,物理类,（01）,,558,55137,
3348,河北中医药大学,2023,江苏,本科批,物理类,（02）,,550,77082,
3348,河北中医药大学,2023,江苏,本科批,物理类,（03）,,574,54145,
3349,河北北方学院,2023,江苏,本科批,物理类,（01）,,519,108391,
3349,河北北方学院,2023,江苏,本科批,物理类,（02）,,573,54145,
3350,张家口学院,2023,江苏,本科批,物理类,（02）,,479,125541,
3351,河北工程大学,2023,江苏,本科批,物理类,,,522,70200,
3351,河北工程大学,2023,江苏,本科批,物理类,（03）,,522,96123,
3353,承德医学院,2023,江苏,本科批,物理类,（01）,,591,39518,
3362,邢台学院,2023,江苏,本科批,物理类,（02）,,488,128535,
3365,沧州师范学院,2023,江苏,本科批,物理类,（02）,,505,115419,
3378,河北石油职业技术大学,2023,江苏,本科批,物理类,（01）,,494,133441,
3379,河北科技工程职业技术大学,2023,江苏,本科批,物理类,（02）,,502,122563,
3380,河北工业职业技术大学,2023,江苏,本科批,物理类,（02）,,500,124505,
3380,河北工业职业技术大学,2023,江苏,本科批,物理类,（03）,,493,134436,
3401,山西大学,2023,江苏,本科批,物理类,,,570,22856,
3402,中北大学,2023,江苏,本科批,物理类,,,541,42827,
3402,中北大学,2023,江苏,本科批,物理类,（04）,,533,92078,
3403,山西财经大学,2023,江苏,本科批,物理类,,,520,65451,
3404,太原科技大学,2023,江苏,本科批,物理类,（02）,,541,70200,
3405,太原理工大学,2023,江苏,本科批,物理类,（02）,,598,23567,
3405,太原理工大学,2023,江苏,本科批,物理类,（03）,,595,24194,
3405,太原理工大学,2023,江苏,本科批,物理类,（04）,,602,28961,
3406,太原工业学院,2023,江苏,本科批,物理类,（02）,,494,118484,
3406,太原工业学院,2023,江苏,本科批,物理类,（03）,,480,140150,
3407,山西医科大学,2023,江苏,本科批,物理类,（01）,,570,47113,
3408,山西中医药大学,2023,江苏,本科批,物理类,（04）,,512,60724,
3408,山西中医药大学,2023,江苏,本科批,物理类,（05）,,518,95097,
3408,山西中医药大学,2023,江苏,本科批,物理类,（06）,,568,59798,
3410,山西农业大学,2023,江苏,本科批,物理类,（05）,,533,89031,
3410,山西农业大学,2023,江苏,本科批,物理类,（06）,,479,101268,
3410,山西农业大学,2023,江苏,本科批,物理类,（09）,,531,96123,
3410,山西农业大学,2023,江苏,本科批,物理类,（07）,,528,99220,
3410,山西农业大学,2023,江苏,本科批,物理类,（08）,,503,89031,
3410,山西农业大学,2023,江苏,本科批,物理类,（10）,,526,99220,
3412,山西传媒学院,2023,江苏,本科批,物理类,（02）,,470,124505,
3413,忻州师范学院,2023,江苏,本科批,物理类,（01）,,490,114462,
3413,忻州师范学院,2023,江苏,本科批,物理类,（02）,,477,148669,
3413,忻州师范学院,2023,江苏,本科批,物理类,（03）,,484,142974,
3413,忻州师范学院,2023,江苏,本科批,物理类,（05）,,481,145762,
3413,忻州师范学院,2023,江苏,本科批,物理类,（04）,,528,99220,
3415,山西师范大学,2023,江苏,本科批,物理类,（04）,,528,85961,
3415,山西师范大学,2023,江苏,本科批,物理类,（06）,,534,91098,
3415,山西师范大学,2023,江苏,本科批,物理类,（05）,,529,93121,
3415,山西师范大学,2023,江苏,本科批,物理类,（07）,,540,86936,
3416,太原师范学院,2023,江苏,本科批,物理类,（04）,,521,101268,
3416,太原师范学院,2023,江苏,本科批,物理类,（05）,,518,109392,
3416,太原师范学院,2023,江苏,本科批,物理类,（07）,,454,169034,
3416,太原师范学院,2023,江苏,本科批,物理类,（06）,,530,97144,
3417,山西大同大学,2023,江苏,本科批,物理类,（02）,,562,65451,
3418,运城学院,2023,江苏,本科批,物理类,（03）,,487,135454,
3418,运城学院,2023,江苏,本科批,物理类,（04）,,476,146747,
3429,山西工程科技职业大学,2023,江苏,本科批,物理类,（02）,,484,141124,
3431,吕梁学院,2023,江苏,本科批,物理类,（03）,,489,132433,
3431,吕梁学院,2023,江苏,本科批,物理类,（04）,,486,141124,
3431,吕梁学院,2023,江苏,本科批,物理类,（05）,,495,132433,
3432,晋中学院,2023,江苏,本科批,物理类,（02）,,473,135454,
3433,山西工程技术学院,2023,江苏,本科批,物理类,（02）,,490,126588,
3433,山西工程技术学院,2023,江苏,本科批,物理类,（03）,,494,133441,
3501,内蒙古大学,2023,江苏,本科批,物理类,（01）,,596,31134,
3501,内蒙古大学,2023,江苏,本科批,物理类,（02）,,579,46257,
3501,内蒙古大学,2023,江苏,本科批,物理类,（03）,,592,35650,
3503,内蒙古农业大学,2023,江苏,本科批,物理类,（01）,,512,113412,
3503,内蒙古农业大学,2023,江苏,本科批,物理类,（02）,,455,168261,
3506,内蒙古民族大学,2023,江苏,本科批,物理类,（02）,,480,146747,
3506,内蒙古民族大学,2023,江苏,本科批,物理类,（03）,,499,128535,
3506,内蒙古民族大学,2023,江苏,本科批,物理类,（04）,,483,141124,
3507,内蒙古财经大学,2023,江苏,本科批,物理类,（02）,,519,108391,
3511,内蒙古科技大学,2023,江苏,本科批,物理类,（03）,,480,108391,
3511,内蒙古科技大学,2023,江苏,本科批,物理类,（04）,,493,134436,
3515,赤峰学院,2023,江苏,本科批,物理类,（01）,,468,150469,
3516,内蒙古医科大学,2023,江苏,本科批,物理类,（01）,,500,127538,
3516,内蒙古医科大学,2023,江苏,本科批,物理类,（02）,,567,56968,
4101,东北大学,2023,江苏,本科批,物理类,（02）,,638,7655,
4101,东北大学,2023,江苏,本科批,物理类,（03）,,634,11592,
4102,辽宁大学,2023,江苏,本科批,物理类,,,579,22856,
4103,中国医科大学,2023,江苏,本科批,物理类,,,555,10612,
4104,沈阳药科大学,2023,江苏,本科批,物理类,（04）,,567,60724,
4104,沈阳药科大学,2023,江苏,本科批,物理类,（05）,,577,23567,
4105,沈阳农业大学,2023,江苏,本科批,物理类,,,535,82962,
4105,沈阳农业大学,2023,江苏,本科批,物理类,（03）,,530,97144,
4107,沈阳化工大学,2023,江苏,本科批,物理类,（01）,,532,74111,
4107,沈阳化工大学,2023,江苏,本科批,物理类,（02）,,524,97144,
4107,沈阳化工大学,2023,江苏,本科批,物理类,（03）,,521,98179,
4108,沈阳工业大学,2023,江苏,本科批,物理类,,,531,53220,
4108,沈阳工业大学,2023,江苏,本科批,物理类,（04）,,528,97144,
4109,沈阳理工大学,2023,江苏,本科批,物理类,,,515,44515,
4109,沈阳理工大学,2023,江苏,本科批,物理类,（06）,,535,92078,
4110,沈阳航空航天大学,2023,江苏,本科批,物理类,（01）,,564,49755,
4110,沈阳航空航天大学,2023,江苏,本科批,物理类,（02）,,602,28961,
4111,沈阳建筑大学,2023,江苏,本科批,物理类,,,530,76116,
4111,沈阳建筑大学,2023,江苏,本科批,物理类,（03）,,553,51455,
4112,鞍山师范学院,2023,江苏,本科批,物理类,（02）,,480,136409,
4113,沈阳医学院,2023,江苏,本科批,物理类,,,534,61773,
4113,沈阳医学院,2023,江苏,本科批,物理类,（06）,,527,90080,
4114,辽宁中医药大学,2023,江苏,本科批,物理类,,,486,87985,
4114,辽宁中医药大学,2023,江苏,本科批,物理类,（10）,,531,96123,
4115,辽宁工业大学,2023,江苏,本科批,物理类,,,522,87985,
4115,辽宁工业大学,2023,江苏,本科批,物理类,（03）,,511,112371,
4116,沈阳体育学院,2023,江苏,本科批,物理类,（01）,,500,123513,
4117,沈阳师范大学,2023,江苏,本科批,物理类,,,496,78998,
4117,沈阳师范大学,2023,江苏,本科批,物理类,（07）,,558,69273,
4120,沈阳大学,2023,江苏,本科批,物理类,,,515,101268,
4120,沈阳大学,2023,江苏,本科批,物理类,（03）,,513,112371,
4120,沈阳大学,2023,江苏,本科批,物理类,（04）,,512,111339,
4122,沈阳工程学院,2023,江苏,本科批,物理类,（01）,,559,42827,
4126,辽宁师范大学,2023,江苏,本科批,物理类,（02）,,523,104327,
4131,大连理工大学,2023,江苏,本科批,物理类,,,639,5238,
4131,大连理工大学,2023,江苏,本科批,物理类,（04）,,637,9656,
4131,大连理工大学（盘锦校区）,2023,江苏,本科批,物理类,（02）,,633,11592,
4131,大连理工大学（盘锦校区）,2023,江苏,本科批,物理类,（03）,,621,18502,
4132,大连海事大学,2023,江苏,本科批,物理类,,,587,20291,
4133,东北财经大学,2023,江苏,本科批,物理类,,,574,27544,
4134,大连医科大学,2023,江苏,本科批,物理类,（01）,,629,11592,
4135,大连外国语大学,2023,江苏,本科批,物理类,,,489,53220,
4135,大连外国语大学,2023,江苏,本科批,物理类,（07）,,562,65451,
4136,大连大学,2023,江苏,本科批,物理类,（02）,,527,89031,
4136,大连大学,2023,江苏,本科批,物理类,（03）,,537,90080,
4137,大连海洋大学,2023,江苏,本科批,物理类,（01）,,526,98179,
4138,大连工业大学,2023,江苏,本科批,物理类,,,532,78084,
4138,大连工业大学,2023,江苏,本科批,物理类,（09）,,537,90080,
4139,大连交通大学,2023,江苏,本科批,物理类,,,547,63653,
4139,大连交通大学,2023,江苏,本科批,物理类,（04）,,545,75102,
4140,大连民族大学,2023,江苏,本科批,物理类,（02）,,530,95097,
4141,锦州医科大学,2023,江苏,本科批,物理类,（01）,,528,98179,
4141,锦州医科大学,2023,江苏,本科批,物理类,（02）,,574,48831,
4141,锦州医科大学,2023,江苏,本科批,物理类,（03）,,490,137354,
4152,渤海大学,2023,江苏,本科批,物理类,,,493,91098,
4161,辽宁工程技术大学,2023,江苏,本科批,物理类,（02）,,533,77082,
4171,辽宁科技大学,2023,江苏,本科批,物理类,,,499,89031,
4181,辽宁石油化工大学,2023,江苏,本科批,物理类,（01）,,528,96123,
4181,辽宁石油化工大学,2023,江苏,本科批,物理类,（02）,,518,100233,
4181,辽宁石油化工大学,2023,江苏,本科批,物理类,（03）,,525,102240,
4192,辽宁科技学院,2023,江苏,本科批,物理类,（01）,,495,123513,
4201,吉林大学,2023,江苏,本科批,物理类,（06）,,639,6898,
4201,吉林大学,2023,江苏,本科批,物理类,,,594,7655,
4202,东北师范大学,2023,江苏,本科批,物理类,,,583,35650,
4203,吉林农业大学,2023,江苏,本科批,物理类,（02）,,524,97144,
4203,吉林农业大学,2023,江苏,本科批,物理类,（03）,,522,105372,
4203,吉林农业大学,2023,江苏,本科批,物理类,,,490,93121,
4204,长春大学,2023,江苏,本科批,物理类,,,509,90080,
4205,长春工业大学,2023,江苏,本科批,物理类,（01）,,529,67391,
4205,长春工业大学,2023,江苏,本科批,物理类,（02）,,518,104327,
4205,长春工业大学,2023,江苏,本科批,物理类,（03）,,528,85961,
4206,吉林财经大学,2023,江苏,本科批,物理类,,,536,72167,
4207,长春师范大学,2023,江苏,本科批,物理类,（04）,,519,94093,
4207,长春师范大学,2023,江苏,本科批,物理类,（05）,,522,105372,
4207,长春师范大学,2023,江苏,本科批,物理类,（06）,,543,83977,
4208,长春理工大学,2023,江苏,本科批,物理类,,,528,36406,
4208,长春理工大学,2023,江苏,本科批,物理类,（04）,,537,69273,
4208,长春理工大学,2023,江苏,本科批,物理类,（05）,,546,80934,
4209,长春工程学院,2023,江苏,本科批,物理类,（02）,,493,77082,
4209,长春工程学院,2023,江苏,本科批,物理类,（04）,,488,139208,
4210,吉林建筑大学,2023,江苏,本科批,物理类,,,505,103298,
4210,吉林建筑大学,2023,江苏,本科批,物理类,（08）,,521,106375,
4212,吉林工程技术师范学院,2023,江苏,本科批,物理类,,,475,139208,
4214,长春中医药大学,2023,江苏,本科批,物理类,（01）,,550,68330,
4215,吉林师范大学,2023,江苏,本科批,物理类,（05）,,517,103298,
4220,吉林警察学院,2023,江苏,本科批,物理类,（02）,,503,113412,
4225,吉林农业科技学院,2023,江苏,本科批,物理类,（02）,,494,133441,
4225,吉林农业科技学院,2023,江苏,本科批,物理类,,,500,122563,
4228,吉林医药学院,2023,江苏,本科批,物理类,（02）,,503,89031,
4228,吉林医药学院,2023,江苏,本科批,物理类,（03）,,453,108391,
4228,吉林医药学院,2023,江苏,本科批,物理类,,,450,102240,
4231,东北电力大学,2023,江苏,本科批,物理类,,,522,27544,
4231,东北电力大学,2023,江苏,本科批,物理类,（05）,,533,90080,
4232,北华大学,2023,江苏,本科批,物理类,（03）,,515,90080,
4232,北华大学,2023,江苏,本科批,物理类,（04）,,521,106375,
4232,北华大学,2023,江苏,本科批,物理类,（05）,,570,53220,
4233,通化师范学院,2023,江苏,本科批,物理类,,,477,120486,
4233,通化师范学院,2023,江苏,本科批,物理类,（05）,,463,161813,
4233,通化师范学院,2023,江苏,本科批,物理类,（06）,,518,109392,
4235,吉林化工大学,2023,江苏,本科批,物理类,（03）,,489,131452,
4235,吉林化工大学,2023,江苏,本科批,物理类,（04）,,489,133441,
4235,吉林化工大学,2023,江苏,本科批,物理类,（05）,,494,121516,
4237,吉林工商学院,2023,江苏,本科批,物理类,,,473,128535,
4241,白城师范学院,2023,江苏,本科批,物理类,,,457,141124,
4241,白城师范学院,2023,江苏,本科批,物理类,（08）,,511,116463,
4241,白城师范学院,2023,江苏,本科批,物理类,（07）,,488,138274,
4301,哈尔滨工业大学,2023,江苏,本科批,物理类,,,639,2019,
4301,哈尔滨工业大学,2023,江苏,本科批,物理类,（07）,,632,12571,
4302,哈尔滨工程大学,2023,江苏,本科批,物理类,,,587,8828,
4303,东北林业大学,2023,江苏,本科批,物理类,,,577,28961,
4303,东北林业大学,2023,江苏,本科批,物理类,（04）,,593,36406,
4304,东北农业大学,2023,江苏,本科批,物理类,（02）,,589,37931,
4304,东北农业大学,2023,江苏,本科批,物理类,（03）,,591,37178,
4304,东北农业大学,2023,江苏,本科批,物理类,（04）,,584,42827,
4305,黑龙江中医药大学,2023,江苏,本科批,物理类,（01）,,559,47113,
4305,黑龙江中医药大学,2023,江苏,本科批,物理类,,,536,65451,
4306,黑龙江工程学院,2023,江苏,本科批,物理类,（02）,,493,115419,
4306,黑龙江工程学院,2023,江苏,本科批,物理类,（03）,,490,137354,
4307,哈尔滨商业大学,2023,江苏,本科批,物理类,（02）,,513,95097,
4307,哈尔滨商业大学,2023,江苏,本科批,物理类,（03）,,495,132433,
4307,哈尔滨商业大学,2023,江苏,本科批,物理类,（04）,,513,105372,
4308,哈尔滨理工大学,2023,江苏,本科批,物理类,,,537,54145,
4308,哈尔滨理工大学,2023,江苏,本科批,物理类,（03）,,547,65451,
4308,哈尔滨理工大学,2023,江苏,本科批,物理类,（04）,,532,95097,
4309,哈尔滨医科大学,2023,江苏,本科批,物理类,（03）,,561,66451,
4309,哈尔滨医科大学,2023,江苏,本科批,物理类,（04）,,477,82962,
4309,哈尔滨医科大学,2023,江苏,本科批,物理类,,,550,14616,
4310,黑龙江科技大学,2023,江苏,本科批,物理类,（02）,,517,82962,
4311,黑龙江大学,2023,江苏,本科批,物理类,（06）,,544,64500,
4311,黑龙江大学,2023,江苏,本科批,物理类,（07）,,531,89031,
4312,哈尔滨师范大学,2023,江苏,本科批,物理类,（02）,,506,105372,
4312,哈尔滨师范大学,2023,江苏,本科批,物理类,（04）,,520,100233,
4312,哈尔滨师范大学,2023,江苏,本科批,物理类,（03）,,549,78084,
4314,牡丹江师范学院,2023,江苏,本科批,物理类,（03）,,487,131452,
4314,牡丹江师范学院,2023,江苏,本科批,物理类,（04）,,477,149565,
4314,牡丹江师范学院,2023,江苏,本科批,物理类,（05）,,481,139208,
4315,哈尔滨金融学院,2023,江苏,本科批,物理类,（02）,,497,128535,
4321,东北石油大学,2023,江苏,本科批,物理类,（01）,,534,74111,
4321,东北石油大学,2023,江苏,本科批,物理类,（02）,,535,92078,
4323,哈尔滨学院,2023,江苏,本科批,物理类,（02）,,491,122563,
4323,哈尔滨学院,2023,江苏,本科批,物理类,（03）,,495,132433,
4324,大庆师范学院,2023,江苏,本科批,物理类,（01）,,484,142974,
4324,大庆师范学院,2023,江苏,本科批,物理类,（02）,,483,142974,
4331,齐齐哈尔医学院,2023,江苏,本科批,物理类,（02）,,559,58807,
4332,齐齐哈尔大学,2023,江苏,本科批,物理类,（03）,,513,98179,
4332,齐齐哈尔大学,2023,江苏,本科批,物理类,（04）,,477,135454,
4332,齐齐哈尔大学,2023,江苏,本科批,物理类,（05）,,528,99220,
4341,黑龙江工业学院,2023,江苏,本科批,物理类,（01）,,488,129552,
4351,佳木斯大学,2023,江苏,本科批,物理类,（01）,,492,134436,
4351,佳木斯大学,2023,江苏,本科批,物理类,（02）,,535,54145,
4352,黑龙江八一农垦大学,2023,江苏,本科批,物理类,（01）,,495,93121,
4352,黑龙江八一农垦大学,2023,江苏,本科批,物理类,（02）,,477,143882,
4352,黑龙江八一农垦大学,2023,江苏,本科批,物理类,（03）,,497,117453,
4371,延边大学,2023,江苏,本科批,物理类,,,582,33366,
4371,延边大学,2023,江苏,本科批,物理类,（04）,,580,48831,
4371,延边大学,2023,江苏,本科批,物理类,（05）,,603,28267,
4381,牡丹江医科大学,2023,江苏,本科批,物理类,（01）,,483,125541,
4381,牡丹江医科大学,2023,江苏,本科批,物理类,（02）,,549,60724,
4381,牡丹江医科大学,2023,江苏,本科批,物理类,（03）,,554,69273,
5101,郑州大学,2023,江苏,本科批,物理类,,,592,22199,
5101,郑州大学,2023,江苏,本科批,物理类,（04）,,596,17334,
5102,华北水利水电大学,2023,江苏,本科批,物理类,（01）,,547,70200,
5102,华北水利水电大学,2023,江苏,本科批,物理类,（02）,,545,64500,
5103,中原工学院,2023,江苏,本科批,物理类,,,490,114462,
5103,中原工学院,2023,江苏,本科批,物理类,（04）,,482,144814,
5104,河南工业大学,2023,江苏,本科批,物理类,,,522,72167,
5105,郑州航空工业管理学院,2023,江苏,本科批,物理类,（02）,,494,97144,
5105,郑州航空工业管理学院,2023,江苏,本科批,物理类,,,489,109392,
5106,郑州轻工业大学,2023,江苏,本科批,物理类,,,523,65451,
5106,郑州轻工业大学,2023,江苏,本科批,物理类,（05）,,518,104327,
5106,郑州轻工业大学,2023,江苏,本科批,物理类,（06）,,544,70200,
5110,河南科技学院,2023,江苏,本科批,物理类,（02）,,497,128535,
5110,河南科技学院,2023,江苏,本科批,物理类,（03）,,492,135454,
5114,河南中医药大学,2023,江苏,本科批,物理类,（02）,,534,93121,
5114,河南中医药大学,2023,江苏,本科批,物理类,（03）,,569,56020,
5117,河南农业大学,2023,江苏,本科批,物理类,（02）,,528,74111,
5117,河南农业大学,2023,江苏,本科批,物理类,（03）,,532,95097,
5117,河南农业大学,2023,江苏,本科批,物理类,,,528,57928,
5118,信阳师范大学,2023,江苏,本科批,物理类,（03）,,507,120486,
5118,信阳师范大学,2023,江苏,本科批,物理类,（04）,,478,148669,
5119,河南财经政法大学,2023,江苏,本科批,物理类,,,539,62692,
5119,河南财经政法大学,2023,江苏,本科批,物理类,（06）,,504,123513,
5122,河南工程学院,2023,江苏,本科批,物理类,,,499,113412,
5122,河南工程学院,2023,江苏,本科批,物理类,（04）,,472,150469,
5122,河南工程学院,2023,江苏,本科批,物理类,（05）,,504,123513,
5125,周口师范学院,2023,江苏,本科批,物理类,（04）,,482,109392,
5125,周口师范学院,2023,江苏,本科批,物理类,（05）,,477,118484,
5125,周口师范学院,2023,江苏,本科批,物理类,（06）,,488,139208,
5131,洛阳理工学院,2023,江苏,本科批,物理类,（02）,,501,108391,
5131,洛阳理工学院,2023,江苏,本科批,物理类,（03）,,479,141124,
5132,河南科技大学,2023,江苏,本科批,物理类,（03）,,548,66451,
5132,河南科技大学,2023,江苏,本科批,物理类,（04）,,544,80934,
5132,河南科技大学,2023,江苏,本科批,物理类,（07）,,546,80934,
5132,河南科技大学,2023,江苏,本科批,物理类,,,529,95097,
5133,洛阳师范学院,2023,江苏,本科批,物理类,（02）,,539,87985,
5133,洛阳师范学院,2023,江苏,本科批,物理类,（03）,,517,110348,
5134,平顶山学院,2023,江苏,本科批,物理类,（02）,,490,133441,
5141,河南大学,2023,江苏,本科批,物理类,（05）,,552,35650,
5141,河南大学,2023,江苏,本科批,物理类,（06）,,583,46257,
5141,河南大学,2023,江苏,本科批,物理类,（08）,,590,40321,
5141,河南大学,2023,江苏,本科批,物理类,（07）,,587,42008,
5151,河南理工大学,2023,江苏,本科批,物理类,（02）,,540,68330,
5151,河南理工大学,2023,江苏,本科批,物理类,（03）,,532,83977,
5151,河南理工大学,2023,江苏,本科批,物理类,（04）,,538,81926,
5153,河南师范大学,2023,江苏,本科批,物理类,（03）,,557,66451,
5153,河南师范大学,2023,江苏,本科批,物理类,（04）,,563,64500,
5153,河南师范大学,2023,江苏,本科批,物理类,（05）,,520,105372,
5161,安阳工学院,2023,江苏,本科批,物理类,,,470,137354,
5162,安阳师范学院,2023,江苏,本科批,物理类,（02）,,504,105372,
5162,安阳师范学院,2023,江苏,本科批,物理类,（03）,,516,111339,
5162,安阳师范学院,2023,江苏,本科批,物理类,（04）,,499,128535,
5171,河南工学院,2023,江苏,本科批,物理类,,,501,125541,
5171,河南工学院,2023,江苏,本科批,物理类,（03）,,490,137354,
5172,郑州工程技术学院,2023,江苏,本科批,物理类,（03）,,502,117453,
5172,郑州工程技术学院,2023,江苏,本科批,物理类,（04）,,495,132433,
5172,郑州工程技术学院,2023,江苏,本科批,物理类,（06）,,490,137354,
5172,郑州工程技术学院,2023,江苏,本科批,物理类,（05）,,484,142974,
5173,新乡学院,2023,江苏,本科批,物理类,,,461,134436,
5173,新乡学院,2023,江苏,本科批,物理类,（06）,,485,139208,
5173,新乡学院,2023,江苏,本科批,物理类,（07）,,488,139208,
5174,许昌学院,2023,江苏,本科批,物理类,（02）,,497,126588,
5174,许昌学院,2023,江苏,本科批,物理类,（03）,,522,105372,
5181,南阳师范学院,2023,江苏,本科批,物理类,（04）,,472,112371,
5181,南阳师范学院,2023,江苏,本科批,物理类,,,464,145762,
5181,南阳师范学院,2023,江苏,本科批,物理类,（08）,,512,115419,
5181,南阳师范学院,2023,江苏,本科批,物理类,（07）,,489,135454,
5182,南阳理工学院,2023,江苏,本科批,物理类,,,499,115419,
5182,南阳理工学院,2023,江苏,本科批,物理类,（11）,,495,132433,
5182,南阳理工学院,2023,江苏,本科批,物理类,（10）,,495,132433,
5191,黄淮学院,2023,江苏,本科批,物理类,,,482,127538,
5191,黄淮学院,2023,江苏,本科批,物理类,（04）,,474,152315,
5191,黄淮学院,2023,江苏,本科批,物理类,（05）,,505,122563,
5192,河南医药大学,2023,江苏,本科批,物理类,（01）,,583,43656,
5193,河南城建学院,2023,江苏,本科批,物理类,（02）,,483,134436,
5193,河南城建学院,2023,江苏,本科批,物理类,（03）,,492,135454,
5198,商丘师范学院,2023,江苏,本科批,物理类,（03）,,492,100233,
5198,商丘师范学院,2023,江苏,本科批,物理类,（04）,,496,125541,
5198,商丘师范学院,2023,江苏,本科批,物理类,（05）,,473,136409,
5201,武汉大学,2023,江苏,本科批,物理类,,,639,2371,
5201,武汉大学,2023,江苏,本科批,物理类,（05）,,653,2577,
5201,武汉大学,2023,江苏,本科批,物理类,（06）,,650,5238,
5202,华中科技大学,2023,江苏,本科批,物理类,（02）,,656,1547,
5202,华中科技大学,2023,江苏,本科批,物理类,（03）,,657,1162,
5203,华中师范大学,2023,江苏,本科批,物理类,（03）,,594,11117,
5203,华中师范大学,2023,江苏,本科批,物理类,（04）,,619,19694,
5203,华中师范大学,2023,江苏,本科批,物理类,（05）,,618,20291,
5203,华中师范大学,2023,江苏,本科批,物理类,（06）,,628,14616,
5204,华中农业大学,2023,江苏,本科批,物理类,（02）,,595,22199,
5204,华中农业大学,2023,江苏,本科批,物理类,（03）,,591,34853,
5204,华中农业大学,2023,江苏,本科批,物理类,（05）,,608,26857,
5204,华中农业大学,2023,江苏,本科批,物理类,（04）,,593,17907,
5205,中国地质大学（武汉）,2023,江苏,本科批,物理类,（03）,,595,21589,
5205,中国地质大学（武汉）,2023,江苏,本科批,物理类,（04）,,595,31134,
5206,中南财经政法大学,2023,江苏,本科批,物理类,,,585,8030,
5207,武汉理工大学,2023,江苏,本科批,物理类,,,610,8447,
5207,武汉理工大学,2023,江苏,本科批,物理类,（05）,,610,22856,
5207,武汉理工大学,2023,江苏,本科批,物理类,（06）,,602,31134,
5208,中南民族大学,2023,江苏,本科批,物理类,（03）,,544,59798,
5208,中南民族大学,2023,江苏,本科批,物理类,（04）,,551,76116,
5209,湖北大学,2023,江苏,本科批,物理类,（03）,,570,52349,
5211,湖北中医药大学,2023,江苏,本科批,物理类,（03）,,539,82962,
5211,湖北中医药大学,2023,江苏,本科批,物理类,（04）,,540,60724,
5211,湖北中医药大学,2023,江苏,本科批,物理类,（05）,,585,27544,
5212,武汉纺织大学,2023,江苏,本科批,物理类,（02）,,541,78084,
5212,武汉纺织大学,2023,江苏,本科批,物理类,（03）,,520,100233,
5213,武汉体育学院,2023,江苏,本科批,物理类,（02）,,509,110348,
5213,武汉体育学院,2023,江苏,本科批,物理类,（03）,,506,121516,
5215,武汉工程大学,2023,江苏,本科批,物理类,（02）,,589,39518,
5215,武汉工程大学,2023,江苏,本科批,物理类,,,532,48831,
5216,武汉轻工大学,2023,江苏,本科批,物理类,（02）,,555,62692,
5216,武汉轻工大学,2023,江苏,本科批,物理类,（03）,,544,75102,
5217,武汉科技大学,2023,江苏,本科批,物理类,（01）,,588,38767,
5218,江汉大学,2023,江苏,本科批,物理类,（01）,,564,63653,
5219,湖北工业大学,2023,江苏,本科批,物理类,,,539,47113,
5220,湖北第二师范学院,2023,江苏,本科批,物理类,,,498,114462,
5221,湖北经济学院,2023,江苏,本科批,物理类,（02）,,481,76116,
5225,汉江师范学院,2023,江苏,本科批,物理类,（03）,,531,89031,
5225,汉江师范学院,2023,江苏,本科批,物理类,（04）,,515,112371,
5243,长江大学,2023,江苏,本科批,物理类,（02）,,548,47113,
5243,长江大学,2023,江苏,本科批,物理类,（03）,,563,64500,
5243,长江大学,2023,江苏,本科批,物理类,（04）,,541,85961,
5251,三峡大学,2023,江苏,本科批,物理类,（02）,,578,,
5251,三峡大学,2023,江苏,本科批,物理类,（04）,,534,,
5251,三峡大学,2023,江苏,本科批,物理类,（05）,,561,,
5255,湖北汽车工业学院,2023,江苏,本科批,物理类,,,492,104327,
5256,湖北医药学院,2023,江苏,本科批,物理类,（01）,,566,54145,
5261,湖北师范大学,2023,江苏,本科批,物理类,,,522,93121,
5261,湖北师范大学,2023,江苏,本科批,物理类,（05）,,533,92078,
5261,湖北师范大学,2023,江苏,本科批,物理类,（06）,,539,87985,
5265,湖北理工学院,2023,江苏,本科批,物理类,（02）,,504,110348,
5271,湖北警官学院,2023,江苏,本科批,物理类,（02）,,523,104327,
5285,荆楚理工学院,2023,江苏,本科批,物理类,,,473,119495,
5287,湖北科技学院,2023,江苏,本科批,物理类,（02）,,531,89031,
5287,湖北科技学院,2023,江苏,本科批,物理类,（03）,,552,72167,
5290,湖北文理学院,2023,江苏,本科批,物理类,（02）,,515,109392,
5295,湖北工程学院,2023,江苏,本科批,物理类,（02）,,510,105372,
5295,湖北工程学院,2023,江苏,本科批,物理类,（03）,,484,134436,
5295,湖北工程学院,2023,江苏,本科批,物理类,（04）,,503,114462,
5301,湖南大学,2023,江苏,本科批,物理类,（04）,,638,6253,
5301,湖南大学,2023,江苏,本科批,物理类,（06）,,638,9243,
5301,湖南大学,2023,江苏,本科批,物理类,（07）,,637,10153,
5302,中南大学,2023,江苏,本科批,物理类,,,632,5238,
5302,中南大学,2023,江苏,本科批,物理类,（04）,,641,7265,
5303,湖南师范大学,2023,江苏,本科批,物理类,（04）,,591,26160,
5303,湖南师范大学,2023,江苏,本科批,物理类,（05）,,599,27544,
5303,湖南师范大学,2023,江苏,本科批,物理类,（07）,,598,27544,
5303,湖南师范大学,2023,江苏,本科批,物理类,（06）,,597,31865,
5304,湖南中医药大学,2023,江苏,本科批,物理类,（01）,,554,40321,
5304,湖南中医药大学,2023,江苏,本科批,物理类,（02）,,553,37178,
5304,湖南中医药大学,2023,江苏,本科批,物理类,（03）,,568,56968,
5305,湖南农业大学,2023,江苏,本科批,物理类,（03）,,542,70200,
5305,湖南农业大学,2023,江苏,本科批,物理类,（04）,,531,93121,
5305,湖南农业大学,2023,江苏,本科批,物理类,（05）,,537,84967,
5306,湖南工商大学,2023,江苏,本科批,物理类,（03）,,529,56020,
5306,湖南工商大学,2023,江苏,本科批,物理类,（04）,,530,97144,
5307,长沙理工大学,2023,江苏,本科批,物理类,（02）,,578,22199,
5308,长沙学院,2023,江苏,本科批,物理类,,,505,,
5308,长沙学院,2023,江苏,本科批,物理类,（05）,,508,,
5308,长沙学院,2023,江苏,本科批,物理类,（06）,,520,,
5310,湖南人文科技学院,2023,江苏,本科批,物理类,,,481,,
5310,湖南人文科技学院,2023,江苏,本科批,物理类,（06）,,480,,
5310,湖南人文科技学院,2023,江苏,本科批,物理类,（07）,,479,,
5320,湖南财政经济学院,2023,江苏,本科批,物理类,（02）,,520,97144,
5321,湖南科技大学,2023,江苏,本科批,物理类,（03）,,530,55137,
5321,湖南科技大学,2023,江苏,本科批,物理类,（05）,,551,76116,
5321,湖南科技大学,2023,江苏,本科批,物理类,（04）,,541,79956,
5321,湖南科技大学,2023,江苏,本科批,物理类,（06）,,551,76116,
5322,湖南工程学院,2023,江苏,本科批,物理类,,,485,109392,
5322,湖南工程学院,2023,江苏,本科批,物理类,（04）,,494,133441,
5323,湘潭大学,2023,江苏,本科批,物理类,（02）,,592,26160,
5327,湖南工学院,2023,江苏,本科批,物理类,（02）,,494,115419,
5327,湖南工学院,2023,江苏,本科批,物理类,（03）,,478,147716,
5331,中南林业科技大学,2023,江苏,本科批,物理类,（02）,,537,77082,
5331,中南林业科技大学,2023,江苏,本科批,物理类,（03）,,536,81926,
5332,湖南工业大学,2023,江苏,本科批,物理类,,,525,76116,
5332,湖南工业大学,2023,江苏,本科批,物理类,（05）,,516,107386,
5332,湖南工业大学,2023,江苏,本科批,物理类,（06）,,532,91098,
5341,南华大学,2023,江苏,本科批,物理类,,,536,52349,
5341,南华大学,2023,江苏,本科批,物理类,（06）,,544,71147,
5342,衡阳师范学院,2023,江苏,本科批,物理类,（03）,,502,103298,
5342,衡阳师范学院,2023,江苏,本科批,物理类,（04）,,489,106375,
5342,衡阳师范学院,2023,江苏,本科批,物理类,（05）,,521,96123,
5343,湖南文理学院,2023,江苏,本科批,物理类,（02）,,493,109392,
5343,湖南文理学院,2023,江苏,本科批,物理类,（03）,,486,124505,
5343,湖南文理学院,2023,江苏,本科批,物理类,（05）,,518,109392,
5343,湖南文理学院,2023,江苏,本科批,物理类,（04）,,498,121516,
5348,湖南医药学院,2023,江苏,本科批,物理类,（01）,,524,103298,
5348,湖南医药学院,2023,江苏,本科批,物理类,,,531,34106,
5349,湖南第一师范学院,2023,江苏,本科批,物理类,（03）,,528,87985,
5351,湖南理工学院,2023,江苏,本科批,物理类,（02）,,523,92078,
5351,湖南理工学院,2023,江苏,本科批,物理类,（03）,,478,148669,
5355,湖南城市学院,2023,江苏,本科批,物理类,（02）,,488,121516,
5361,吉首大学,2023,江苏,本科批,物理类,（02）,,530,84967,
5361,吉首大学,2023,江苏,本科批,物理类,（03）,,533,94093,
5361,吉首大学,2023,江苏,本科批,物理类,（04）,,532,95097,
5371,邵阳学院,2023,江苏,本科批,物理类,,,486,85016,
5371,邵阳学院,2023,江苏,本科批,物理类,（04）,,513,114462,
5371,邵阳学院,2023,江苏,本科批,物理类,（05）,,480,116463,
5380,长沙师范学院,2023,江苏,本科批,物理类,（02）,,501,118484,
5380,长沙师范学院,2023,江苏,本科批,物理类,（03）,,483,143882,
5381,湘南学院,2023,江苏,本科批,物理类,（02）,,491,124505,
5381,湘南学院,2023,江苏,本科批,物理类,（03）,,474,67391,
5381,湘南学院,2023,江苏,本科批,物理类,（04）,,546,75102,
5385,怀化学院,2023,江苏,本科批,物理类,,,494,102240,
5385,怀化学院,2023,江苏,本科批,物理类,（07）,,486,139208,
5391,湖南科技学院,2023,江苏,本科批,物理类,（03）,,491,124505,
5391,湖南科技学院,2023,江苏,本科批,物理类,（04）,,522,105372,
5393,湖南女子学院,2023,江苏,本科批,物理类,（02）,,480,131452,
5401,中山大学,2023,江苏,本科批,物理类,（03）,,653,3869,
5401,中山大学,2023,江苏,本科批,物理类,（04）,,648,4919,
5401,中山大学,2023,江苏,本科批,物理类,（05）,,647,1691,
5402,华南理工大学,2023,江苏,本科批,物理类,（05）,,650,3625,
5402,华南理工大学,2023,江苏,本科批,物理类,（06）,,641,7655,
5402,华南理工大学,2023,江苏,本科批,物理类,（07）,,647,6253,
5403,华南农业大学,2023,江苏,本科批,物理类,（01）,,554,29715,
5404,广东外语外贸大学,2023,江苏,本科批,物理类,（03）,,543,39518,
5405,广东医科大学,2023,江苏,本科批,物理类,（01）,,595,34106,
5406,广东药科大学,2023,江苏,本科批,物理类,（01）,,565,47954,
5407,暨南大学,2023,江苏,本科批,物理类,,,603,11592,
5407,暨南大学,2023,江苏,本科批,物理类,（04）,,598,34106,
5407,暨南大学,2023,江苏,本科批,物理类,（05）,,632,12571,
5408,广州美术学院,2023,江苏,本科批,物理类,（02）,,588,33366,
5411,广州航海学院,2023,江苏,本科批,物理类,（01）,,509,116463,
5412,广东金融学院,2023,江苏,本科批,物理类,（02）,,546,77082,
5413,华南师范大学,2023,江苏,本科批,物理类,（02）,,616,19102,
5413,华南师范大学,2023,江苏,本科批,物理类,（03）,,630,13586,
5414,广东财经大学,2023,江苏,本科批,物理类,（02）,,572,53220,
5418,哈尔滨工业大学（深圳）,2023,江苏,本科批,物理类,（02）,,661,2371,
5419,广州大学,2023,江苏,本科批,物理类,（02）,,571,52349,
5420,广州中医药大学,2023,江苏,本科批,物理类,（02）,,586,32621,
5420,广州中医药大学,2023,江苏,本科批,物理类,,,601,14096,
5421,汕头大学,2023,江苏,本科批,物理类,（02）,,564,47113,
5421,汕头大学,2023,江苏,本科批,物理类,（03）,,544,41158,
5422,南方医科大学,2023,江苏,本科批,物理类,（02）,,612,8030,
5427,东莞理工学院,2023,江苏,本科批,物理类,（01）,,528,91098,
5431,广东海洋大学,2023,江苏,本科批,物理类,,,515,83977,
5431,广东海洋大学,2023,江苏,本科批,物理类,（04）,,528,98179,
5431,广东海洋大学,2023,江苏,本科批,物理类,（07）,,510,106375,
5437,韶关学院,2023,江苏,本科批,物理类,（02）,,507,120486,
5438,广东以色列理工学院,2023,江苏,本科批,物理类,（01）,,560,61773,
5438,广东以色列理工学院,2023,江苏,本科批,物理类,（02）,,561,66451,
5441,广东石油化工学院,2023,江苏,本科批,物理类,,,503,101268,
5451,深圳大学,2023,江苏,本科批,物理类,（02）,,623,12049,
5451,深圳大学,2023,江苏,本科批,物理类,（03）,,634,11592,
5461,北师香港浸会大学,2023,江苏,本科批,物理类,（02）,,551,69273,
5477,岭南师范学院,2023,江苏,本科批,物理类,,,496,107386,
5478,广东工业大学,2023,江苏,本科批,物理类,（01）,,602,31134,
5479,深圳技术大学,2023,江苏,本科批,物理类,（02）,,586,29715,
5480,深圳北理莫斯科大学,2023,江苏,本科批,物理类,（05）,,544,77082,
5501,广西大学,2023,江苏,本科批,物理类,（01）,,584,31865,
5502,广西中医药大学,2023,江苏,本科批,物理类,,,536,46257,
5502,广西中医药大学,2023,江苏,本科批,物理类,（06）,,535,80934,
5502,广西中医药大学,2023,江苏,本科批,物理类,（09）,,560,67391,
5504,南宁师范大学,2023,江苏,本科批,物理类,,,513,104327,
5504,南宁师范大学,2023,江苏,本科批,物理类,（05）,,498,116463,
5505,玉林师范学院,2023,江苏,本科批,物理类,（03）,,488,137354,
5505,玉林师范学院,2023,江苏,本科批,物理类,（04）,,479,141124,
5505,玉林师范学院,2023,江苏,本科批,物理类,（05）,,484,141124,
5505,玉林师范学院,2023,江苏,本科批,物理类,（06）,,480,146747,
5507,北部湾大学,2023,江苏,本科批,物理类,,,465,108391,
5507,北部湾大学,2023,江苏,本科批,物理类,（07）,,503,121516,
5508,广西医科大学,2023,江苏,本科批,物理类,（01）,,523,93121,
5510,桂林医科大学,2023,江苏,本科批,物理类,（02）,,533,94093,
5510,桂林医科大学,2023,江苏,本科批,物理类,（03）,,577,48831,
5511,广西师范大学,2023,江苏,本科批,物理类,（03）,,548,74111,
5511,广西师范大学,2023,江苏,本科批,物理类,（04）,,528,82962,
5511,广西师范大学,2023,江苏,本科批,物理类,（06）,,554,71147,
5511,广西师范大学,2023,江苏,本科批,物理类,（05）,,525,91098,
5512,桂林理工大学,2023,江苏,本科批,物理类,,,519,75102,
5512,桂林理工大学,2023,江苏,本科批,物理类,（07）,,515,112371,
5513,桂林电子科技大学,2023,江苏,本科批,物理类,（02）,,573,40321,
5513,桂林电子科技大学,2023,江苏,本科批,物理类,（04）,,551,66451,
5513,桂林电子科技大学,2023,江苏,本科批,物理类,（05）,,541,78084,
5517,右江民族医学院,2023,江苏,本科批,物理类,（02）,,522,99220,
5517,右江民族医学院,2023,江苏,本科批,物理类,（03）,,489,108391,
5517,右江民族医学院,2023,江苏,本科批,物理类,（04）,,515,99220,
5517,右江民族医学院,2023,江苏,本科批,物理类,（05）,,549,76116,
5518,广西民族师范学院,2023,江苏,本科批,物理类,（02）,,486,136409,
5518,广西民族师范学院,2023,江苏,本科批,物理类,（03）,,489,138274,
5518,广西民族师范学院,2023,江苏,本科批,物理类,（04）,,482,144814,
5518,广西民族师范学院,2023,江苏,本科批,物理类,（05）,,504,123513,
5519,贺州学院,2023,江苏,本科批,物理类,（02）,,477,144814,
5521,桂林航天工业学院,2023,江苏,本科批,物理类,（03）,,559,65451,
5522,桂林旅游学院,2023,江苏,本科批,物理类,,,453,125541,
5522,桂林旅游学院,2023,江苏,本科批,物理类,（06）,,486,141124,
5527,广西科技师范学院,2023,江苏,本科批,物理类,（03）,,484,133441,
5527,广西科技师范学院,2023,江苏,本科批,物理类,（04）,,492,134436,
5531,广西科技大学,2023,江苏,本科批,物理类,,,487,101268,
5531,广西科技大学,2023,江苏,本科批,物理类,（04）,,499,128535,
5531,广西科技大学,2023,江苏,本科批,物理类,（05）,,506,121516,
5531,广西科技大学,2023,江苏,本科批,物理类,（06）,,553,74111,
5532,广西民族大学,2023,江苏,本科批,物理类,,,508,101268,
5561,梧州学院,2023,江苏,本科批,物理类,,,483,127538,
5561,梧州学院,2023,江苏,本科批,物理类,（06）,,466,159348,
5601,海南大学,2023,江苏,本科批,物理类,,,582,25495,
5601,海南大学,2023,江苏,本科批,物理类,（07）,,593,34106,
5601,海南大学,2023,江苏,本科批,物理类,（08）,,596,34853,
5602,海南师范大学,2023,江苏,本科批,物理类,,,476,68330,
5602,海南师范大学,2023,江苏,本科批,物理类,（06）,,522,105372,
5603,海南医科大学,2023,江苏,本科批,物理类,,,486,48831,
5603,海南医科大学,2023,江苏,本科批,物理类,（13）,,520,107386,
5604,海南热带海洋学院,2023,江苏,本科批,物理类,,,471,124505,
5604,海南热带海洋学院,2023,江苏,本科批,物理类,（09）,,485,131452,
5619,琼台师范学院,2023,江苏,本科批,物理类,（03）,,489,125541,
5619,琼台师范学院,2023,江苏,本科批,物理类,（04）,,485,142059,
5621,海南比勒费尔德应用科学大学,2023,江苏,本科批,物理类,（01）,,453,169034,
6101,四川大学,2023,江苏,本科批,物理类,,,636,4642,
6102,西南交通大学,2023,江苏,本科批,物理类,,,591,10611,
6102,西南交通大学,2023,江苏,本科批,物理类,（06）,,593,21589,
6103,西南财经大学,2023,江苏,本科批,物理类,,,593,10153,
6105,西南民族大学,2023,江苏,本科批,物理类,（02）,,537,74111,
6106,成都理工大学,2023,江苏,本科批,物理类,,,584,33366,
6106,成都理工大学,2023,江苏,本科批,物理类,（05）,,588,42008,
6106,成都理工大学,2023,江苏,本科批,物理类,（06）,,587,42827,
6107,成都信息工程大学,2023,江苏,本科批,物理类,（02）,,583,37178,
6108,成都体育学院,2023,江苏,本科批,物理类,（02）,,532,87985,
6108,成都体育学院,2023,江苏,本科批,物理类,（03）,,526,101268,
6109,四川音乐学院,2023,江苏,本科批,物理类,（02）,,513,103298,
6110,西华大学,2023,江苏,本科批,物理类,（04）,,542,78998,
6110,西华大学,2023,江苏,本科批,物理类,（05）,,532,95097,
6110,西华大学,2023,江苏,本科批,物理类,（06）,,539,84967,
6111,成都中医药大学,2023,江苏,本科批,物理类,（01）,,594,22856,
6112,电子科技大学,2023,江苏,本科批,物理类,,,647,2577,
6113,四川农业大学,2023,江苏,本科批,物理类,（01）,,590,36406,
6113,四川农业大学,2023,江苏,本科批,物理类,（02）,,590,38767,
6113,四川农业大学,2023,江苏,本科批,物理类,（03）,,588,42008,
6114,成都大学,2023,江苏,本科批,物理类,,,532,56020,
6114,成都大学,2023,江苏,本科批,物理类,（05）,,543,83977,
6114,成都大学,2023,江苏,本科批,物理类,（06）,,554,73152,
6115,四川轻化工大学,2023,江苏,本科批,物理类,（02）,,554,72167,
6115,四川轻化工大学,2023,江苏,本科批,物理类,（03）,,535,92078,
6115,四川轻化工大学,2023,江苏,本科批,物理类,（04）,,530,97144,
6116,成都医学院,2023,江苏,本科批,物理类,（01）,,532,91098,
6117,西昌学院,2023,江苏,本科批,物理类,（02）,,489,137354,
6118,内江师范学院,2023,江苏,本科批,物理类,,,485,108391,
6120,四川警察学院,2023,江苏,本科批,物理类,（02）,,537,90080,
6129,成都师范学院,2023,江苏,本科批,物理类,（03）,,507,113412,
6129,成都师范学院,2023,江苏,本科批,物理类,（04）,,534,93121,
6131,西南科技大学,2023,江苏,本科批,物理类,（02）,,551,68330,
6131,西南科技大学,2023,江苏,本科批,物理类,（03）,,540,86936,
6131,西南科技大学,2023,江苏,本科批,物理类,（04）,,542,84967,
6140,四川师范大学,2023,江苏,本科批,物理类,,,557,43656,
6140,四川师范大学,2023,江苏,本科批,物理类,（06）,,578,50594,
6140,四川师范大学,2023,江苏,本科批,物理类,（07）,,582,47113,
6141,西南石油大学,2023,江苏,本科批,物理类,（01）,,591,35650,
6141,西南石油大学,2023,江苏,本科批,物理类,（02）,,586,42827,
6142,西华师范大学,2023,江苏,本科批,物理类,（01）,,500,110348,
6142,西华师范大学,2023,江苏,本科批,物理类,（02）,,517,110348,
6143,西南医科大学,2023,江苏,本科批,物理类,（01）,,512,99220,
6143,西南医科大学,2023,江苏,本科批,物理类,（02）,,568,46257,
6144,绵阳师范学院,2023,江苏,本科批,物理类,（02）,,506,114462,
6144,绵阳师范学院,2023,江苏,本科批,物理类,（03）,,505,122563,
6150,成都工业学院,2023,江苏,本科批,物理类,（01）,,509,100233,
6151,乐山师范学院,2023,江苏,本科批,物理类,（02）,,498,91098,
6151,乐山师范学院,2023,江苏,本科批,物理类,（03）,,471,154931,
6161,川北医学院,2023,江苏,本科批,物理类,（02）,,500,127538,
6161,川北医学院,2023,江苏,本科批,物理类,,,580,45409,
6181,宜宾学院,2023,江苏,本科批,物理类,（02）,,498,126588,
6187,攀枝花学院,2023,江苏,本科批,物理类,（02）,,500,127538,
6201,重庆大学,2023,江苏,本科批,物理类,,,637,6898,
6201,重庆大学,2023,江苏,本科批,物理类,（04）,,636,10611,
6202,西南大学,2023,江苏,本科批,物理类,（03）,,568,15651,
6202,西南大学,2023,江苏,本科批,物理类,（04）,,591,31865,
6202,西南大学,2023,江苏,本科批,物理类,（06）,,607,27544,
6202,西南大学,2023,江苏,本科批,物理类,（05）,,594,22199,
6203,西南政法大学,2023,江苏,本科批,物理类,,,615,10153,
6205,重庆医科大学,2023,江苏,本科批,物理类,,,590,7265,
6205,重庆医科大学,2023,江苏,本科批,物理类,（05）,,593,37931,
6206,重庆工商大学,2023,江苏,本科批,物理类,（02）,,532,78084,
6207,重庆交通大学,2023,江苏,本科批,物理类,（02）,,507,56020,
6207,重庆交通大学,2023,江苏,本科批,物理类,（03）,,547,68330,
6208,重庆理工大学,2023,江苏,本科批,物理类,（02）,,555,58807,
6209,重庆邮电大学,2023,江苏,本科批,物理类,（02）,,600,26160,
6210,重庆师范大学,2023,江苏,本科批,物理类,（04）,,518,78084,
6210,重庆师范大学,2023,江苏,本科批,物理类,（05）,,560,67391,
6210,重庆师范大学,2023,江苏,本科批,物理类,（07）,,568,59798,
6210,重庆师范大学,2023,江苏,本科批,物理类,（06）,,575,53220,
6210,重庆师范大学,2023,江苏,本科批,物理类,（08）,,578,50594,
6211,四川美术学院,2023,江苏,本科批,物理类,（02）,,585,43656,
6212,四川外国语大学,2023,江苏,本科批,物理类,,,517,44515,
6212,四川外国语大学,2023,江苏,本科批,物理类,（10）,,568,59798,
6213,重庆三峡学院,2023,江苏,本科批,物理类,（02）,,496,103298,
6213,重庆三峡学院,2023,江苏,本科批,物理类,（03）,,536,91098,
6214,长江师范学院,2023,江苏,本科批,物理类,（02）,,458,123513,
6215,重庆文理学院,2023,江苏,本科批,物理类,（02）,,519,98179,
6215,重庆文理学院,2023,江苏,本科批,物理类,（03）,,511,116463,
6215,重庆文理学院,2023,江苏,本科批,物理类,（04）,,512,114462,
6215,重庆文理学院,2023,江苏,本科批,物理类,（05）,,511,116463,
6221,重庆科技大学,2023,江苏,本科批,物理类,（02）,,490,103298,
6301,贵州大学,2023,江苏,本科批,物理类,,,578,28961,
6302,贵州中医药大学,2023,江苏,本科批,物理类,（02）,,562,65451,
6302,贵州中医药大学,2023,江苏,本科批,物理类,（03）,,534,93121,
6302,贵州中医药大学,2023,江苏,本科批,物理类,,,523,69273,
6303,贵州医科大学,2023,江苏,本科批,物理类,,,554,38767,
6304,贵州财经大学,2023,江苏,本科批,物理类,,,504,99220,
6305,贵州民族大学,2023,江苏,本科批,物理类,（01）,,515,112371,
6308,安顺学院,2023,江苏,本科批,物理类,（03）,,489,128535,
6308,安顺学院,2023,江苏,本科批,物理类,（04）,,505,122563,
6308,安顺学院,2023,江苏,本科批,物理类,（05）,,481,145762,
6309,贵阳学院,2023,江苏,本科批,物理类,（01）,,492,131452,
6309,贵阳学院,2023,江苏,本科批,物理类,（02）,,489,136409,
6310,黔南民族师范学院,2023,江苏,本科批,物理类,（02）,,491,132433,
6310,黔南民族师范学院,2023,江苏,本科批,物理类,（03）,,489,138274,
6314,遵义医科大学,2023,江苏,本科批,物理类,（01）,,589,35650,
6315,贵州工程应用技术学院,2023,江苏,本科批,物理类,（02）,,480,134436,
6316,贵州商学院,2023,江苏,本科批,物理类,,,468,138274,
6317,遵义师范学院,2023,江苏,本科批,物理类,（02）,,482,120486,
6319,贵州理工学院,2023,江苏,本科批,物理类,（01）,,499,119495,
6319,贵州理工学院,2023,江苏,本科批,物理类,（02）,,494,130481,
6319,贵州理工学院,2023,江苏,本科批,物理类,（03）,,482,144814,
6320,六盘水师范学院,2023,江苏,本科批,物理类,（02）,,499,121516,
6320,六盘水师范学院,2023,江苏,本科批,物理类,（03）,,499,128535,
6320,六盘水师范学院,2023,江苏,本科批,物理类,（04）,,475,151397,
6323,贵州警察学院,2023,江苏,本科批,物理类,（02）,,513,114462,
6323,贵州警察学院,2023,江苏,本科批,物理类,（03）,,520,92078,
6324,贵阳康养职业大学,2023,江苏,本科批,物理类,,,480,126588,
6324,贵阳康养职业大学,2023,江苏,本科批,物理类,（05）,,497,126588,
6401,云南大学,2023,江苏,本科批,物理类,（03）,,595,26161,
6401,云南大学,2023,江苏,本科批,物理类,（04）,,591,38768,
6401,云南大学,2023,江苏,本科批,物理类,（05）,,597,29716,
6401,云南大学,2023,江苏,本科批,物理类,（06）,,620,18503,
6402,云南师范大学,2023,江苏,本科批,物理类,（03）,,547,66451,
6402,云南师范大学,2023,江苏,本科批,物理类,,,551,71147,
6404,昆明理工大学,2023,江苏,本科批,物理类,（02）,,561,52349,
6404,昆明理工大学,2023,江苏,本科批,物理类,（03）,,542,76116,
6404,昆明理工大学,2023,江苏,本科批,物理类,（04）,,587,42827,
6404,昆明理工大学,2023,江苏,本科批,物理类,（05）,,528,92078,
6405,云南农业大学,2023,江苏,本科批,物理类,,,499,79956,
6405,云南农业大学,2023,江苏,本科批,物理类,（06）,,513,114462,
6405,云南农业大学,2023,江苏,本科批,物理类,（07）,,533,69273,
6406,昆明医科大学,2023,江苏,本科批,物理类,（01）,,531,96123,
6406,昆明医科大学,2023,江苏,本科批,物理类,（02）,,526,100233,
6406,昆明医科大学,2023,江苏,本科批,物理类,（03）,,569,48831,
6406,昆明医科大学,2023,江苏,本科批,物理类,（04）,,595,33366,
6407,玉溪师范学院,2023,江苏,本科批,物理类,,,488,119495,
6408,云南财经大学,2023,江苏,本科批,物理类,（02）,,511,76116,
6409,楚雄师范学院,2023,江苏,本科批,物理类,（02）,,471,152315,
6409,楚雄师范学院,2023,江苏,本科批,物理类,（03）,,468,157548,
6410,昆明学院,2023,江苏,本科批,物理类,（03）,,495,118484,
6410,昆明学院,2023,江苏,本科批,物理类,（04）,,494,128535,
6410,昆明学院,2023,江苏,本科批,物理类,（05）,,482,137354,
6410,昆明学院,2023,江苏,本科批,物理类,（06）,,551,76116,
6411,大理大学,2023,江苏,本科批,物理类,（05）,,525,99220,
6411,大理大学,2023,江苏,本科批,物理类,（06）,,513,114462,
6411,大理大学,2023,江苏,本科批,物理类,,,477,56968,
6413,红河学院,2023,江苏,本科批,物理类,（02）,,487,128535,
6413,红河学院,2023,江苏,本科批,物理类,（03）,,478,148669,
6413,红河学院,2023,江苏,本科批,物理类,（04）,,481,143882,
6414,云南民族大学,2023,江苏,本科批,物理类,（02）,,526,100233,
6415,西南林业大学,2023,江苏,本科批,物理类,,,525,92078,
6415,西南林业大学,2023,江苏,本科批,物理类,（03）,,522,99220,
6415,西南林业大学,2023,江苏,本科批,物理类,（04）,,523,96123,
6415,西南林业大学,2023,江苏,本科批,物理类,（05）,,504,123513,
6415,西南林业大学,2023,江苏,本科批,物理类,（08）,,524,103298,
6415,西南林业大学,2023,江苏,本科批,物理类,（06）,,523,104327,
6415,西南林业大学,2023,江苏,本科批,物理类,（07）,,530,97144,
6417,曲靖师范学院,2023,江苏,本科批,物理类,（02）,,486,141124,
6417,曲靖师范学院,2023,江苏,本科批,物理类,（03）,,483,143882,
6419,普洱学院,2023,江苏,本科批,物理类,（02）,,507,120486,
6420,文山学院,2023,江苏,本科批,物理类,（02）,,479,147716,
6421,云南警官学院,2023,江苏,本科批,物理类,（04）,,523,104327,
7101,西北大学,2023,江苏,本科批,物理类,,,588,29715,
7101,西北大学,2023,江苏,本科批,物理类,（06）,,604,26160,
7101,西北大学,2023,江苏,本科批,物理类,（08）,,605,28961,
7101,西北大学,2023,江苏,本科批,物理类,（07）,,605,28961,
7102,西北工业大学,2023,江苏,本科批,物理类,,,635,3625,
7102,西北工业大学,2023,江苏,本科批,物理类,（04）,,648,5238,
7103,陕西师范大学,2023,江苏,本科批,物理类,（03）,,590,25495,
7103,陕西师范大学,2023,江苏,本科批,物理类,（04）,,617,20902,
7103,陕西师范大学,2023,江苏,本科批,物理类,（05）,,619,19694,
7103,陕西师范大学,2023,江苏,本科批,物理类,（07）,,623,17334,
7103,陕西师范大学,2023,江苏,本科批,物理类,（06）,,607,27544,
7104,西安交通大学,2023,江苏,本科批,物理类,,,633,1547,
7104,西安交通大学,2023,江苏,本科批,物理类,（04）,,654,3398,
7104,西安交通大学,2023,江苏,本科批,物理类,（05）,,646,4396,
7105,西安电子科技大学,2023,江苏,本科批,物理类,（01）,,643,5238,
7107,长安大学,2023,江苏,本科批,物理类,,,594,22199,
7107,长安大学,2023,江苏,本科批,物理类,（04）,,609,24194,
7107,长安大学,2023,江苏,本科批,物理类,（05）,,610,25495,
7108,西安建筑科技大学,2023,江苏,本科批,物理类,,,545,48831,
7109,西北政法大学,2023,江苏,本科批,物理类,（02）,,620,16747,
7110,西安工程大学,2023,江苏,本科批,物理类,（03）,,544,65451,
7110,西安工程大学,2023,江苏,本科批,物理类,（04）,,515,101268,
7110,西安工程大学,2023,江苏,本科批,物理类,（05）,,528,92078,
7111,西安财经大学,2023,江苏,本科批,物理类,,,544,61773,
7112,西安理工大学,2023,江苏,本科批,物理类,（01）,,576,38767,
7113,西安石油大学,2023,江苏,本科批,物理类,（02）,,546,47113,
7113,西安石油大学,2023,江苏,本科批,物理类,（03）,,536,87985,
7114,西安医学院,2023,江苏,本科批,物理类,（02）,,592,38767,
7115,西安工业大学,2023,江苏,本科批,物理类,（02）,,578,40321,
7115,西安工业大学,2023,江苏,本科批,物理类,（03）,,570,57928,
7116,西安邮电大学,2023,江苏,本科批,物理类,（03）,,595,31865,
7117,西安外国语大学,2023,江苏,本科批,物理类,（04）,,554,47113,
7118,西安科技大学,2023,江苏,本科批,物理类,,,528,55137,
7118,西安科技大学,2023,江苏,本科批,物理类,（03）,,564,60724,
7122,西安文理学院,2023,江苏,本科批,物理类,（03）,,521,104327,
7122,西安文理学院,2023,江苏,本科批,物理类,（04）,,506,115419,
7131,西安航空学院,2023,江苏,本科批,物理类,,,506,92078,
7138,陕西中医药大学,2023,江苏,本科批,物理类,（01）,,561,63653,
7138,陕西中医药大学,2023,江苏,本科批,物理类,（02）,,577,50594,
7140,渭南师范学院,2023,江苏,本科批,物理类,（02）,,515,106375,
7141,西北农林科技大学,2023,江苏,本科批,物理类,,,606,13586,
7141,西北农林科技大学,2023,江苏,本科批,物理类,（04）,,614,22856,
7141,西北农林科技大学,2023,江苏,本科批,物理类,（07）,,618,20291,
7142,延安大学,2023,江苏,本科批,物理类,（03）,,525,84967,
7142,延安大学,2023,江苏,本科批,物理类,（04）,,524,102240,
7150,陕西学前师范学院,2023,江苏,本科批,物理类,（03）,,506,120486,
7150,陕西学前师范学院,2023,江苏,本科批,物理类,（04）,,492,135454,
7150,陕西学前师范学院,2023,江苏,本科批,物理类,（05）,,487,140150,
7151,陕西科技大学,2023,江苏,本科批,物理类,,,541,56020,
7162,宝鸡文理学院,2023,江苏,本科批,物理类,（02）,,488,113412,
7165,咸阳师范学院,2023,江苏,本科批,物理类,（02）,,493,134436,
7166,商洛学院,2023,江苏,本科批,物理类,,,482,130481,
7167,陕西理工大学,2023,江苏,本科批,物理类,（05）,,493,81926,
7167,陕西理工大学,2023,江苏,本科批,物理类,,,475,82962,
7167,陕西理工大学,2023,江苏,本科批,物理类,（09）,,543,83977,
7167,陕西理工大学,2023,江苏,本科批,物理类,（08）,,527,100233,
7201,兰州大学,2023,江苏,本科批,物理类,（05）,,632,10153,
7201,兰州大学,2023,江苏,本科批,物理类,（06）,,632,10611,
7201,兰州大学,2023,江苏,本科批,物理类,（07）,,632,12571,
7201,兰州大学,2023,江苏,本科批,物理类,（08）,,631,13100,
7202,兰州理工大学,2023,江苏,本科批,物理类,,,537,76116,
7202,兰州理工大学,2023,江苏,本科批,物理类,（07）,,534,93121,
7202,兰州理工大学,2023,江苏,本科批,物理类,（08）,,535,92078,
7203,兰州财经大学,2023,江苏,本科批,物理类,（02）,,519,94093,
7204,兰州交通大学,2023,江苏,本科批,物理类,（02）,,549,45409,
7204,兰州交通大学,2023,江苏,本科批,物理类,（03）,,530,77082,
7204,兰州交通大学,2023,江苏,本科批,物理类,（04）,,544,82962,
7205,西北民族大学,2023,江苏,本科批,物理类,（03）,,512,105372,
7205,西北民族大学,2023,江苏,本科批,物理类,（04）,,506,121516,
7205,西北民族大学,2023,江苏,本科批,物理类,（05）,,506,121516,
7206,甘肃农业大学,2023,江苏,本科批,物理类,（02）,,516,111339,
7206,甘肃农业大学,2023,江苏,本科批,物理类,（03）,,502,125541,
7207,甘肃政法大学,2023,江苏,本科批,物理类,（03）,,539,80934,
7211,陇东学院,2023,江苏,本科批,物理类,（02）,,481,134436,
7211,陇东学院,2023,江苏,本科批,物理类,（03）,,485,142059,
7211,陇东学院,2023,江苏,本科批,物理类,（04）,,487,140150,
7214,西北师范大学,2023,江苏,本科批,物理类,（03）,,535,75102,
7214,西北师范大学,2023,江苏,本科批,物理类,（04）,,530,97144,
7214,西北师范大学,2023,江苏,本科批,物理类,（06）,,553,74111,
7214,西北师范大学,2023,江苏,本科批,物理类,（05）,,530,97144,
7214,西北师范大学,2023,江苏,本科批,物理类,（07）,,529,98179,
7216,天水师范大学,2023,江苏,本科批,物理类,（02）,,488,138274,
7216,天水师范大学,2023,江苏,本科批,物理类,（03）,,499,128535,
7217,兰州工业学院,2023,江苏,本科批,物理类,（01）,,487,135454,
7217,兰州工业学院,2023,江苏,本科批,物理类,（02）,,483,143882,
7218,兰州城市学院,2023,江苏,本科批,物理类,（03）,,487,128535,
7218,兰州城市学院,2023,江苏,本科批,物理类,（04）,,481,145762,
7218,兰州城市学院,2023,江苏,本科批,物理类,（05）,,485,142059,
7219,兰州文理学院,2023,江苏,本科批,物理类,（02）,,498,124505,
7220,甘肃医学院,2023,江苏,本科批,物理类,（01）,,506,99220,
7220,甘肃医学院,2023,江苏,本科批,物理类,（02）,,561,65451,
7222,兰州石化职业技术大学,2023,江苏,本科批,物理类,（02）,,487,138274,
7222,兰州石化职业技术大学,2023,江苏,本科批,物理类,（03）,,480,142059,
7223,兰州资源环境职业技术大学,2023,江苏,本科批,物理类,（01）,,487,136409,
7224,甘肃中医药大学,2023,江苏,本科批,物理类,（01）,,496,120486,
7224,甘肃中医药大学,2023,江苏,本科批,物理类,（02）,,504,110348,
7224,甘肃中医药大学,2023,江苏,本科批,物理类,（03）,,511,67391,
7224,甘肃中医药大学,2023,江苏,本科批,物理类,（04）,,554,73152,
7301,青海大学,2023,江苏,本科批,物理类,（01）,,590,31134,
7301,青海大学,2023,江苏,本科批,物理类,（02）,,590,40321,
7301,青海大学,2023,江苏,本科批,物理类,（03）,,606,28267,
7302,青海民族大学,2023,江苏,本科批,物理类,（02）,,506,111339,
7302,青海民族大学,2023,江苏,本科批,物理类,（03）,,510,117453,
7302,青海民族大学,2023,江苏,本科批,物理类,,,464,125541,
7303,青海师范大学,2023,江苏,本科批,物理类,（02）,,511,116463,
7303,青海师范大学,2023,江苏,本科批,物理类,（03）,,497,130481,
7401,北方民族大学,2023,江苏,本科批,物理类,,,504,103298,
7401,北方民族大学,2023,江苏,本科批,物理类,（06）,,528,99220,
7401,北方民族大学,2023,江苏,本科批,物理类,（07）,,517,110348,
7402,宁夏大学,2023,江苏,本科批,物理类,,,574,36406,
7402,宁夏大学,2023,江苏,本科批,物理类,（04）,,590,40321,
7403,宁夏医科大学,2023,江苏,本科批,物理类,（01）,,530,93121,
7403,宁夏医科大学,2023,江苏,本科批,物理类,（02）,,567,42008,
7501,新疆大学,2023,江苏,本科批,物理类,（03）,,516,33366,
7501,新疆大学,2023,江苏,本科批,物理类,（04）,,568,55137,
7501,新疆大学,2023,江苏,本科批,物理类,（06）,,568,44515,
7501,新疆大学,2023,江苏,本科批,物理类,（05）,,565,62692,
7502,新疆师范大学,2023,江苏,本科批,物理类,,,476,93121,
7502,新疆师范大学,2023,江苏,本科批,物理类,（05）,,481,134436,
7502,新疆师范大学,2023,江苏,本科批,物理类,（07）,,498,121516,
7502,新疆师范大学,2023,江苏,本科批,物理类,（06）,,524,103298,
7502,新疆师范大学,2023,江苏,本科批,物理类,（08）,,503,124505,
7503,新疆农业大学,2023,江苏,本科批,物理类,,,475,123513,
7503,新疆农业大学,2023,江苏,本科批,物理类,（07）,,490,130481,
7504,中国石油大学（北京）克拉玛依校区,2023,江苏,本科批,物理类,（01）,,570,42827,
7505,新疆财经大学,2023,江苏,本科批,物理类,（02）,,479,101268,
7507,昌吉学院,2023,江苏,本科批,物理类,（02）,,472,144814,
7509,新疆工程学院,2023,江苏,本科批,物理类,（01）,,480,131452,
7509,新疆工程学院,2023,江苏,本科批,物理类,（02）,,471,152315,
7511,石河子大学,2023,江苏,本科批,物理类,（01）,,559,56020,
7511,石河子大学,2023,江苏,本科批,物理类,（02）,,553,60724,
7511,石河子大学,2023,江苏,本科批,物理类,（03）,,505,41158,
7512,新疆科技学院,2023,江苏,本科批,物理类,（04）,,468,151397,
7512,新疆科技学院,2023,江苏,本科批,物理类,（05）,,467,154931,
7512,新疆科技学院,2023,江苏,本科批,物理类,（06）,,465,160211,
7512,新疆科技学院,2023,江苏,本科批,物理类,（08）,,463,161813,
7512,新疆科技学院,2023,江苏,本科批,物理类,（07）,,484,142974,
7513,新疆理工学院,2023,江苏,本科批,物理类,（02）,,470,142974,
7513,新疆理工学院,2023,江苏,本科批,物理类,（03）,,475,151397,
7521,伊犁师范大学,2023,江苏,本科批,物理类,（03）,,467,138274,
7521,伊犁师范大学,2023,江苏,本科批,物理类,（04）,,474,152315,
7521,伊犁师范大学,2023,江苏,本科批,物理类,（06）,,466,148669,
7521,伊犁师范大学,2023,江苏,本科批,物理类,（05）,,476,148669,
7521,伊犁师范大学,2023,江苏,本科批,物理类,（07）,,468,157548,
7526,塔里木大学,2023,江苏,本科批,物理类,（02）,,467,147716,
7526,塔里木大学,2023,江苏,本科批,物理类,（03）,,484,142974,
7527,新疆医科大学,2023,江苏,本科批,物理类,（01）,,497,50594,
7527,新疆医科大学,2023,江苏,本科批,物理类,（02）,,574,37178,
7527,新疆医科大学,2023,江苏,本科批,物理类,（03）,,522,87985,
7529,喀什大学,2023,江苏,本科批,物理类,（04）,,484,139208,
7529,喀什大学,2023,江苏,本科批,物理类,（05）,,488,139208,
7529,喀什大学,2023,江苏,本科批,物理类,（06）,,489,138274,
7529,喀什大学,2023,江苏,本科批,物理类,（07）,,491,136409,
7531,新疆政法学院,2023,江苏,本科批,物理类,（03）,,475,142974,
7531,新疆政法学院,2023,江苏,本科批,物理类,（04）,,477,149565,
8001,上海杉达学院,2023,江苏,本科批,物理类,（03）,,466,127538,
8002,上海建桥学院,2023,江苏,本科批,物理类,（03）,,462,123513,
8003,上海兴伟学院,2023,江苏,本科批,物理类,（02）,,451,171362,
8004,上海视觉艺术学院,2023,江苏,本科批,物理类,（02）,,501,126588,
8005,上海外国语大学贤达经济人文学院,2023,江苏,本科批,物理类,（02）,,458,149565,
8006,上海师范大学天华学院,2023,江苏,本科批,物理类,（02）,,456,138274,
8023,上海立达学院,2023,江苏,本科批,物理类,（03）,,453,167463,
8029,上海中侨职业技术大学,2023,江苏,本科批,物理类,（03）,,461,144814,
8030,浙江万里学院,2023,江苏,本科批,物理类,,,452,124505,
8030,浙江万里学院,2023,江苏,本科批,物理类,（06）,,470,155785,
8030,浙江万里学院,2023,江苏,本科批,物理类,（07）,,475,139208,
8031,浙江树人学院,2023,江苏,本科批,物理类,（02）,,460,143882,
8031,浙江树人学院,2023,江苏,本科批,物理类,（03）,,459,162620,
8032,浙江越秀外国语学院,2023,江苏,本科批,物理类,,,454,160211,
8033,宁波财经学院,2023,江苏,本科批,物理类,（02）,,459,161010,
8036,浙江工业大学之江学院,2023,江苏,本科批,物理类,（02）,,465,152315,
8037,浙江师范大学行知学院,2023,江苏,本科批,物理类,（02）,,477,133441,
8037,浙江师范大学行知学院,2023,江苏,本科批,物理类,（03）,,465,159348,
8037,浙江师范大学行知学院,2023,江苏,本科批,物理类,（04）,,477,147716,
8038,宁波大学科学技术学院,2023,江苏,本科批,物理类,（02）,,462,144814,
8038,宁波大学科学技术学院,2023,江苏,本科批,物理类,（03）,,463,161813,
8038,宁波大学科学技术学院,2023,江苏,本科批,物理类,（04）,,476,150469,
8039,杭州电子科技大学信息工程学院,2023,江苏,本科批,物理类,（01）,,478,138274,
8040,浙江理工大学科技与艺术学院,2023,江苏,本科批,物理类,（01）,,461,159348,
8040,浙江理工大学科技与艺术学院,2023,江苏,本科批,物理类,（02）,,460,163419,
8042,浙江农林大学暨阳学院,2023,江苏,本科批,物理类,（02）,,461,161010,
8043,温州医科大学仁济学院,2023,江苏,本科批,物理类,（01）,,461,152315,
8046,绍兴理工学院,2023,江苏,本科批,物理类,（02）,,461,141124,
8048,浙江工商大学杭州商学院,2023,江苏,本科批,物理类,（02）,,460,144814,
8050,中国计量大学现代科技学院,2023,江苏,本科批,物理类,（01）,,518,100233,
8051,浙江财经大学东方学院,2023,江苏,本科批,物理类,（02）,,461,143882,
8052,温州商学院,2023,江苏,本科批,物理类,（03）,,459,159348,
8054,上海财经大学浙江学院,2023,江苏,本科批,物理类,（02）,,471,134436,
8077,浙江广厦建设职业技术大学,2023,江苏,本科批,物理类,（02）,,459,162620,
8080,安徽三联学院,2023,江苏,本科批,物理类,,,461,154931,
8081,安徽新华学院,2023,江苏,本科批,物理类,（02）,,460,159348,
8082,安徽文达信息工程学院,2023,江苏,本科批,物理类,（02）,,461,163419,
8083,安徽外国语学院,2023,江苏,本科批,物理类,（02）,,459,156709,
8084,蚌埠工商学院,2023,江苏,本科批,物理类,（02）,,467,154931,
8086,安徽信息工程学院,2023,江苏,本科批,物理类,（01）,,477,143882,
8087,马鞍山学院,2023,江苏,本科批,物理类,（02）,,475,149565,
8088,合肥城市学院,2023,江苏,本科批,物理类,（02）,,464,150469,
8088,合肥城市学院,2023,江苏,本科批,物理类,（03）,,463,161813,
8091,安徽医科大学临床医学院,2023,江苏,本科批,物理类,（01）,,485,142059,
8094,皖江工学院,2023,江苏,本科批,物理类,（03）,,462,152315,
8094,皖江工学院,2023,江苏,本科批,物理类,（04）,,461,162620,
8094,皖江工学院,2023,江苏,本科批,物理类,（05）,,465,160211,
8120,厦门华厦学院,2023,江苏,本科批,物理类,（02）,,459,156709,
8121,闽南理工学院,2023,江苏,本科批,物理类,（02）,,458,164240,
8122,闽南科技学院,2023,江苏,本科批,物理类,（01）,,458,165876,
8124,厦门工学院,2023,江苏,本科批,物理类,（02）,,458,153184,
8125,阳光学院,2023,江苏,本科批,物理类,,,454,165876,
8126,厦门大学嘉庚学院,2023,江苏,本科批,物理类,,,461,133441,
8127,福州大学至诚学院,2023,江苏,本科批,物理类,（02）,,459,157548,
8127,福州大学至诚学院,2023,江苏,本科批,物理类,（03）,,459,163419,
8128,集美大学诚毅学院,2023,江苏,本科批,物理类,（02）,,465,125541,
8130,福州外语外贸学院,2023,江苏,本科批,物理类,（02）,,456,163419,
8132,仰恩大学,2023,江苏,本科批,物理类,（02）,,471,154931,
8133,泉州信息工程学院,2023,江苏,本科批,物理类,（01）,,459,157548,
8170,江西科技学院,2023,江苏,本科批,物理类,（03）,,457,165876,
8172,南昌理工学院,2023,江苏,本科批,物理类,（02）,,463,152315,
8173,江西应用科技学院,2023,江苏,本科批,物理类,（03）,,457,165876,
8174,江西服装学院,2023,江苏,本科批,物理类,（02）,,457,166664,
8175,南昌工学院,2023,江苏,本科批,物理类,（03）,,458,153184,
8176,南昌大学科学技术学院,2023,江苏,本科批,物理类,（02）,,467,153184,
8177,南昌大学共青学院,2023,江苏,本科批,物理类,（02）,,463,161010,
8177,南昌大学共青学院,2023,江苏,本科批,物理类,（03）,,450,172069,
8178,南昌交通学院,2023,江苏,本科批,物理类,（02）,,460,152315,
8178,南昌交通学院,2023,江苏,本科批,物理类,（03）,,464,161010,
8180,南昌航空大学科技学院,2023,江苏,本科批,物理类,（02）,,466,150469,
8183,江西农业大学南昌商学院,2023,江苏,本科批,物理类,（02）,,460,161010,
8185,江西师范大学科学技术学院,2023,江苏,本科批,物理类,（02）,,465,154057,
8186,景德镇艺术职业大学,2023,江苏,本科批,物理类,（02）,,459,162620,
8187,南昌应用技术师范学院,2023,江苏,本科批,物理类,（03）,,460,154057,
8188,江西财经大学现代经济管理学院,2023,江苏,本科批,物理类,（02）,,460,152315,
8210,齐鲁医药学院,2023,江苏,本科批,物理类,（02）,,467,153184,
8211,青岛滨海学院,2023,江苏,本科批,物理类,（02）,,460,158486,
8212,烟台南山学院,2023,江苏,本科批,物理类,（03）,,466,152315,
8212,烟台南山学院,2023,江苏,本科批,物理类,（04）,,458,165876,
8213,潍坊科技学院,2023,江苏,本科批,物理类,（02）,,469,153184,
8214,山东英才学院,2023,江苏,本科批,物理类,（02）,,453,165041,
8215,青岛恒星科技学院,2023,江苏,本科批,物理类,（03）,,459,158486,
8216,青岛黄海学院,2023,江苏,本科批,物理类,（03）,,461,160211,
8217,山东现代学院,2023,江苏,本科批,物理类,（02）,,460,163419,
8218,山东协和学院,2023,江苏,本科批,物理类,（02）,,462,157548,
8219,烟台理工学院,2023,江苏,本科批,物理类,（02）,,472,152315,
8220,青岛城市学院,2023,江苏,本科批,物理类,,,458,152315,
8223,泰山科技学院,2023,江苏,本科批,物理类,（03）,,459,164240,
8225,青岛工学院,2023,江苏,本科批,物理类,（02）,,460,156709,
8226,青岛农业大学海都学院,2023,江苏,本科批,物理类,（03）,,464,149565,
8226,青岛农业大学海都学院,2023,江苏,本科批,物理类,（04）,,474,152315,
8227,齐鲁理工学院,2023,江苏,本科批,物理类,（03）,,460,161010,
8228,山东财经大学东方学院,2023,江苏,本科批,物理类,（02）,,465,153184,
8230,烟台科技学院,2023,江苏,本科批,物理类,（02）,,480,146747,
8249,山东工程职业技术大学,2023,江苏,本科批,物理类,（02）,,463,154931,
8260,北京城市学院,2023,江苏,本科批,物理类,（02）,,456,121516,
8260,北京城市学院,2023,江苏,本科批,物理类,（03）,,478,148669,
8262,首都师范大学科德学院,2023,江苏,本科批,物理类,（02）,,451,171362,
8263,北京金融科技学院,2023,江苏,本科批,物理类,（02）,,452,165876,
8264,北京邮电大学世纪学院,2023,江苏,本科批,物理类,（02）,,455,165041,
8265,北京工业大学耿丹学院,2023,江苏,本科批,物理类,（02）,,453,161813,
8266,北京第二外国语学院中瑞酒店管理学院,2023,江苏,本科批,物理类,（02）,,451,170594,
8290,天津天狮学院,2023,江苏,本科批,物理类,（03）,,459,161010,
8291,天津外国语大学滨海外事学院,2023,江苏,本科批,物理类,（02）,,458,136409,
8293,天津商业大学宝德学院,2023,江苏,本科批,物理类,（02）,,457,165041,
8294,天津医科大学临床医学院,2023,江苏,本科批,物理类,（02）,,459,161813,
8297,天津理工大学中环信息学院,2023,江苏,本科批,物理类,（02）,,462,151397,
8298,北京科技大学天津学院,2023,江苏,本科批,物理类,（02）,,460,148669,
8299,天津仁爱学院,2023,江苏,本科批,物理类,（02）,,456,163419,
8301,天津财经大学珠江学院,2023,江苏,本科批,物理类,（02）,,459,163419,
8313,河北科技学院,2023,江苏,本科批,物理类,（02）,,458,165041,
8314,河北外国语学院,2023,江苏,本科批,物理类,（02）,,454,167463,
8316,华北理工大学轻工学院,2023,江苏,本科批,物理类,（02）,,458,165041,
8318,河北经贸大学经济管理学院,2023,江苏,本科批,物理类,（02）,,458,165876,
8320,河北工程大学科信学院,2023,江苏,本科批,物理类,（02）,,471,139208,
8320,河北工程大学科信学院,2023,江苏,本科批,物理类,（03）,,475,151397,
8320,河北工程大学科信学院,2023,江苏,本科批,物理类,（04）,,476,150469,
8323,石家庄铁道大学四方学院,2023,江苏,本科批,物理类,（02）,,477,134436,
8323,石家庄铁道大学四方学院,2023,江苏,本科批,物理类,（03）,,476,150469,
8324,河北地质大学华信学院,2023,江苏,本科批,物理类,（02）,,458,156709,
8326,保定理工学院,2023,江苏,本科批,物理类,,,452,156709,
8328,北京中医药大学东方学院,2023,江苏,本科批,物理类,（02）,,459,157548,
8329,沧州交通学院,2023,江苏,本科批,物理类,（02）,,460,156709,
8330,河北东方学院,2023,江苏,本科批,物理类,（02）,,464,159348,
8360,山西应用科技学院,2023,江苏,本科批,物理类,（02）,,459,160211,
8363,晋中信息学院,2023,江苏,本科批,物理类,（02）,,474,151397,
8364,山西晋中理工学院,2023,江苏,本科批,物理类,（02）,,465,159348,
8365,山西科技学院,2023,江苏,本科批,物理类,（02）,,493,127538,
8365,山西科技学院,2023,江苏,本科批,物理类,（03）,,505,122563,
8366,山西工商学院,2023,江苏,本科批,物理类,（02）,,461,163419,
8379,运城职业技术大学,2023,江苏,本科批,物理类,（02）,,463,158486,
8401,辽宁对外经贸学院,2023,江苏,本科批,物理类,（02）,,451,157548,
8402,大连理工大学城市学院,2023,江苏,本科批,物理类,（02）,,455,149565,
8404,沈阳工学院,2023,江苏,本科批,物理类,（02）,,457,164240,
8405,大连工业大学艺术与信息工程学院,2023,江苏,本科批,物理类,（02）,,454,167463,
8406,大连科技学院,2023,江苏,本科批,物理类,（02）,,454,165876,
8407,沈阳城市建设学院,2023,江苏,本科批,物理类,（02）,,454,164240,
8408,大连医科大学中山学院,2023,江苏,本科批,物理类,（02）,,455,159348,
8411,大连财经学院,2023,江苏,本科批,物理类,（02）,,457,156709,
8412,沈阳城市学院,2023,江苏,本科批,物理类,（02）,,452,167463,
8416,大连东软信息学院,2023,江苏,本科批,物理类,（03）,,456,163419,
8417,辽宁师范大学海华学院,2023,江苏,本科批,物理类,（02）,,460,162620,
8440,吉林外国语大学,2023,江苏,本科批,物理类,,,450,146747,
8441,长春光华学院,2023,江苏,本科批,物理类,（02）,,453,166664,
8442,长春工业大学人文信息学院,2023,江苏,本科批,物理类,（02）,,453,106375,
8443,长春电子科技学院,2023,江苏,本科批,物理类,（02）,,454,166664,
8444,长春财经学院,2023,江苏,本科批,物理类,,,451,167463,
8445,吉林建筑科技学院,2023,江苏,本科批,物理类,（03）,,452,165876,
8445,吉林建筑科技学院,2023,江苏,本科批,物理类,（04）,,456,167463,
8446,长春建筑学院,2023,江苏,本科批,物理类,（02）,,453,166664,
8447,长春科技学院,2023,江苏,本科批,物理类,（02）,,454,165876,
8448,吉林动画学院,2023,江苏,本科批,物理类,（02）,,455,167463,
8449,吉林师范大学博达学院,2023,江苏,本科批,物理类,（02）,,452,166664,
8450,长春大学旅游学院,2023,江苏,本科批,物理类,（02）,,452,167463,
8451,长春人文学院,2023,江苏,本科批,物理类,（02）,,453,165041,
8451,长春人文学院,2023,江苏,本科批,物理类,（03）,,462,162620,
8470,黑龙江东方学院,2023,江苏,本科批,物理类,（02）,,457,166664,
8472,黑龙江财经学院,2023,江苏,本科批,物理类,（02）,,452,166664,
8473,哈尔滨石油学院,2023,江苏,本科批,物理类,（02）,,454,169034,
8474,哈尔滨广厦学院,2023,江苏,本科批,物理类,（02）,,454,165876,
8475,哈尔滨华德学院,2023,江苏,本科批,物理类,,,453,168261,
8483,黑龙江工商学院,2023,江苏,本科批,物理类,（02）,,455,163419,
8501,黄河科技学院,2023,江苏,本科批,物理类,（02）,,460,163419,
8504,郑州财经学院,2023,江苏,本科批,物理类,（02）,,470,144814,
8505,商丘工学院,2023,江苏,本科批,物理类,（01）,,464,160211,
8508,郑州工商学院,2023,江苏,本科批,物理类,（02）,,465,156709,
8510,郑州商学院,2023,江苏,本科批,物理类,（02）,,464,158486,
8510,郑州商学院,2023,江苏,本科批,物理类,（03）,,474,152315,
8518,郑州西亚斯学院,2023,江苏,本科批,物理类,（02）,,457,157548,
8550,武汉东湖学院,2023,江苏,本科批,物理类,（03）,,460,154057,
8552,武昌首义学院,2023,江苏,本科批,物理类,（03）,,460,153184,
8553,武昌理工学院,2023,江苏,本科批,物理类,（02）,,459,160211,
8554,武汉生物工程学院,2023,江苏,本科批,物理类,（03）,,463,156709,
8554,武汉生物工程学院,2023,江苏,本科批,物理类,（04）,,466,144814,
8555,武汉晴川学院,2023,江苏,本科批,物理类,（02）,,459,160211,
8556,湖北大学知行学院,2023,江苏,本科批,物理类,（02）,,464,142059,
8556,湖北大学知行学院,2023,江苏,本科批,物理类,（03）,,467,158486,
8556,湖北大学知行学院,2023,江苏,本科批,物理类,（04）,,473,153184,
8557,武汉城市学院,2023,江苏,本科批,物理类,（02）,,461,140150,
8557,武汉城市学院,2023,江苏,本科批,物理类,（03）,,459,165041,
8558,三峡大学科技学院,2023,江苏,本科批,物理类,（02）,,468,145762,
8559,湖北工业大学工程技术学院,2023,江苏,本科批,物理类,（02）,,460,161813,
8560,武汉工程大学邮电与信息工程学院,2023,江苏,本科批,物理类,（02）,,466,151397,
8560,武汉工程大学邮电与信息工程学院,2023,江苏,本科批,物理类,（03）,,461,156709,
8561,武汉纺织大学外经贸学院,2023,江苏,本科批,物理类,（03）,,458,165041,
8562,武昌工学院,2023,江苏,本科批,物理类,（02）,,467,154931,
8563,武汉工商学院,2023,江苏,本科批,物理类,（02）,,460,154057,
8565,长江大学文理学院,2023,江苏,本科批,物理类,（02）,,468,154057,
8568,湖北医药学院药护学院,2023,江苏,本科批,物理类,（01）,,458,165876,
8570,湖北经济学院法商学院,2023,江苏,本科批,物理类,（02）,,458,163419,
8571,武汉体育学院体育科技学院,2023,江苏,本科批,物理类,（02）,,455,166664,
8572,湖北文理学院理工学院,2023,江苏,本科批,物理类,（02）,,462,159348,
8573,文华学院,2023,江苏,本科批,物理类,（02）,,459,144814,
8574,武汉工程科技学院,2023,江苏,本科批,物理类,（03）,,461,160211,
8575,武汉华夏理工学院,2023,江苏,本科批,物理类,（02）,,459,161010,
8576,武汉传媒学院,2023,江苏,本科批,物理类,,,466,148669,
8577,武汉设计工程学院,2023,江苏,本科批,物理类,（02）,,459,159348,
8601,长沙医学院,2023,江苏,本科批,物理类,（02）,,460,164240,
8602,湖南涉外经济学院,2023,江苏,本科批,物理类,（02）,,453,158486,
8603,湘潭大学兴湘学院,2023,江苏,本科批,物理类,（02）,,479,146747,
8603,湘潭大学兴湘学院,2023,江苏,本科批,物理类,（03）,,474,152315,
8604,湖南工业大学科技学院,2023,江苏,本科批,物理类,（02）,,470,150469,
8604,湖南工业大学科技学院,2023,江苏,本科批,物理类,（03）,,467,158486,
8605,湖南科技大学潇湘学院,2023,江苏,本科批,物理类,（02）,,479,140150,
8606,南华大学船山学院,2023,江苏,本科批,物理类,（02）,,472,151397,
8607,湘潭理工学院,2023,江苏,本科批,物理类,（02）,,461,139208,
8608,湖南农业大学东方科技学院,2023,江苏,本科批,物理类,（01）,,470,155785,
8609,常德学院,2023,江苏,本科批,物理类,（02）,,476,146747,
8610,岳阳学院,2023,江苏,本科批,物理类,（03）,,466,157548,
8612,湖南工程学院应用技术学院,2023,江苏,本科批,物理类,（01）,,459,159348,
8614,长沙理工大学城南学院,2023,江苏,本科批,物理类,（02）,,473,142974,
8640,广东白云学院,2023,江苏,本科批,物理类,（02）,,454,161813,
8641,电子科技大学中山学院,2023,江苏,本科批,物理类,（02）,,453,158486,
8641,电子科技大学中山学院,2023,江苏,本科批,物理类,（03）,,452,170594,
8642,广东东软学院,2023,江苏,本科批,物理类,（02）,,455,166664,
8643,广州城市理工学院,2023,江苏,本科批,物理类,（02）,,454,165041,
8643,广州城市理工学院,2023,江苏,本科批,物理类,（03）,,452,166664,
8644,广州软件学院,2023,江苏,本科批,物理类,,,471,148669,
8645,广州南方学院,2023,江苏,本科批,物理类,,,457,160211,
8646,广东外语外贸大学南国商学院,2023,江苏,本科批,物理类,（02）,,452,168261,
8650,珠海科技学院,2023,江苏,本科批,物理类,（02）,,475,129552,
8651,广州工商学院,2023,江苏,本科批,物理类,,,452,169837,
8652,东莞城市学院,2023,江苏,本科批,物理类,（02）,,453,166664,
8652,东莞城市学院,2023,江苏,本科批,物理类,（03）,,457,166664,
8659,华南农业大学珠江学院,2023,江苏,本科批,物理类,（02）,,454,169034,
8661,广州华立学院,2023,江苏,本科批,物理类,（02）,,463,158486,
8665,广州新华学院,2023,江苏,本科批,物理类,（02）,,454,155785,
8668,广东理工学院,2023,江苏,本科批,物理类,（02）,,458,161813,
8710,南宁学院,2023,江苏,本科批,物理类,（02）,,458,161813,
8713,柳州工学院,2023,江苏,本科批,物理类,（02）,,455,166664,
8713,柳州工学院,2023,江苏,本科批,物理类,（03）,,455,168261,
8714,桂林学院,2023,江苏,本科批,物理类,（02）,,457,162620,
8715,广西中医药大学赛恩斯新医药学院,2023,江苏,本科批,物理类,（03）,,455,168261,
8715,广西中医药大学赛恩斯新医药学院,2023,江苏,本科批,物理类,（04）,,457,166664,
8716,桂林信息科技学院,2023,江苏,本科批,物理类,（02）,,452,165041,
8718,广西外国语学院,2023,江苏,本科批,物理类,（02）,,454,159348,
8740,海口经济学院,2023,江苏,本科批,物理类,（04）,,452,167463,
8741,三亚学院,2023,江苏,本科批,物理类,,,452,167463,
8757,海南科技职业大学,2023,江苏,本科批,物理类,（04）,,452,166664,
8760,成都东软学院,2023,江苏,本科批,物理类,（02）,,464,160211,
8761,电子科技大学成都学院,2023,江苏,本科批,物理类,（02）,,478,,
8762,成都理工大学工程技术学院,2023,江苏,本科批,物理类,（02）,,466,154057,
8764,成都银杏酒店管理学院,2023,江苏,本科批,物理类,（03）,,458,165876,
8767,成都外国语学院,2023,江苏,本科批,物理类,（02）,,457,136409,
8769,成都锦城学院,2023,江苏,本科批,物理类,（02）,,468,135454,
8770,西南财经大学天府学院,2023,江苏,本科批,物理类,（03）,,460,161813,
8771,四川大学锦江学院,2023,江苏,本科批,物理类,（02）,,462,158486,
8774,西南交通大学希望学院,2023,江苏,本科批,物理类,（02）,,469,149565,
8774,西南交通大学希望学院,2023,江苏,本科批,物理类,（03）,,462,162620,
8781,吉利学院,2023,江苏,本科批,物理类,（02）,,459,165041,
8802,重庆外语外事学院,2023,江苏,本科批,物理类,（02）,,458,122563,
8803,重庆对外经贸学院,2023,江苏,本科批,物理类,（03）,,460,141124,
8803,重庆对外经贸学院,2023,江苏,本科批,物理类,（04）,,472,154057,
8804,重庆财经学院,2023,江苏,本科批,物理类,,,472,135454,
8805,重庆工商大学派斯学院,2023,江苏,本科批,物理类,（02）,,463,159348,
8806,重庆移通学院,2023,江苏,本科批,物理类,,,453,154057,
8808,重庆人文科技学院,2023,江苏,本科批,物理类,（02）,,476,149565,
8841,贵阳人文科技学院,2023,江苏,本科批,物理类,（02）,,459,162620,
8848,茅台学院,2023,江苏,本科批,物理类,（01）,,480,132433,
8849,贵阳信息科技学院,2023,江苏,本科批,物理类,（01）,,459,163419,
8870,滇池学院,2023,江苏,本科批,物理类,（02）,,456,163419,
8871,丽江文化旅游学院,2023,江苏,本科批,物理类,（03）,,453,165876,
8875,昆明文理学院,2023,江苏,本科批,物理类,（02）,,456,165876,
8876,昆明理工大学津桥学院,2023,江苏,本科批,物理类,（02）,,455,151397,
8876,昆明理工大学津桥学院,2023,江苏,本科批,物理类,（03）,,457,166664,
8878,云南经济管理学院,2023,江苏,本科批,物理类,（03）,,457,165041,
8901,西安培华学院,2023,江苏,本科批,物理类,（02）,,470,153184,
8902,西安欧亚学院,2023,江苏,本科批,物理类,,,454,160211,
8903,西安外事学院,2023,江苏,本科批,物理类,（03）,,455,163419,
8905,西京学院,2023,江苏,本科批,物理类,（02）,,475,144814,
8906,西安思源学院,2023,江苏,本科批,物理类,（02）,,458,162620,
8907,陕西国际商贸学院,2023,江苏,本科批,物理类,（03）,,455,166664,
8910,西安交通大学城市学院,2023,江苏,本科批,物理类,（02）,,461,156709,
8911,西北大学现代学院,2023,江苏,本科批,物理类,（02）,,469,156709,
8912,西安建筑科技大学华清学院,2023,江苏,本科批,物理类,（02）,,462,156709,
8913,西安财经大学行知学院,2023,江苏,本科批,物理类,（02）,,459,164240,
8914,西安工商学院,2023,江苏,本科批,物理类,（03）,,458,161813,
8915,延安大学西安创新学院,2023,江苏,本科批,物理类,（01）,,458,163419,
8916,西安明德理工学院,2023,江苏,本科批,物理类,（02）,,459,165041,
8918,西安科技大学高新学院,2023,江苏,本科批,物理类,（02）,,467,153184,
8940,兰州工商学院,2023,江苏,本科批,物理类,（02）,,454,165876,
8941,兰州博文科技学院,2023,江苏,本科批,物理类,（02）,,454,160211,
8942,兰州信息科技学院,2023,江苏,本科批,物理类,（02）,,458,165041,
8970,宁夏理工学院,2023,江苏,本科批,物理类,（03）,,454,165876,
8970,宁夏理工学院,2023,江苏,本科批,物理类,（04）,,457,165041,
8971,宁夏大学新华学院,2023,江苏,本科批,物理类,（02）,,462,161010,
8972,银川能源学院,2023,江苏,本科批,物理类,（02）,,456,166664,
9112,香港珠海学院,2023,江苏,本科批,物理类,（02）,,483,135454,
,安徽大学纽约石溪学院,2023,江苏,本科批,物理类,,,585,41158,
105,陆军工程大学,2023,江苏,本科提前批,物理类,,,594,9243,
1115,南京林业大学,2023,江苏,本科提前批,物理类,（03）,,575,31865,
1115,南京林业大学,2023,江苏,本科提前批,物理类,（04）,,577,37931,
1115,南京林业大学,2023,江苏,本科提前批,物理类,（05）,,575,47954,
1131,江苏第二师范学院,2023,江苏,本科提前批,物理类,（08）,,531,47113,
1131,江苏第二师范学院,2023,江苏,本科提前批,物理类,（09）,,526,101268,
1131,江苏第二师范学院,2023,江苏,本科提前批,物理类,（11）,,532,95097,
1131,江苏第二师范学院,2023,江苏,本科提前批,物理类,（10）,,561,66451,
1131,江苏第二师范学院,2023,江苏,本科提前批,物理类,（12）,,534,93121,
132,中国人民解放军陆军军医大学,2023,江苏,本科提前批,物理类,,,611,8030,
201,中国人民公安大学,2023,江苏,本科提前批,物理类,,,646,1162,
202,中国刑事警察学院,2023,江苏,本科提前批,物理类,,,629,2754,
202,中国刑事警察学院,2023,江苏,本科提前批,物理类,（05）,,616,21589,
2117,上海海事大学,2023,江苏,本科提前批,物理类,（02）,,564,54145,
307,中国消防救援学院,2023,江苏,本科提前批,物理类,（01）,,607,27544,
307,中国消防救援学院,2023,江苏,本科提前批,物理类,（02）,,567,34106,
4132,大连海事大学,2023,江苏,本科提前批,物理类,（02）,,607,24840,
6421,云南警官学院,2023,江苏,本科提前批,物理类,（03）,,551,76116,
,中央音乐学院,2023,江苏,本科提前批艺术类第1小批,物理类,,,336,,
2401,福州大学,2023,江苏,高校专项计划,物理类,（W不限）,,599,28961,
2401,福州大学,2023,江苏,高校专项计划,物理类,（W化学）,,572,56020,
3105,北京交通大学,2023,江苏,高校专项计划,物理类,（W不限）,,619,12049,
5501,广西大学,2023,江苏,高校专项计划批,物理类,（W不限）,,592,33366,
3114,北京林业大学,2023,江苏,高校专项计划本科批,物理类,（02）,,594,29715,
6401,云南大学,2023,江苏,高校专项计划本科批,物理类,（W化或生）,,550,77082,
8026,上海邦德职业技术学院,2023,江苏,专科批,艺术类,（艺术类）,,167,,
2342,宿州学院,2023,江苏,本科批,艺术类,,,189,,
1410,镇江市高等专科学校,2023,江苏,专科批,艺术类（历史）,（L艺术类）,,411,,
5182,南阳理工学院,2023,江苏,本科批,艺术类（历史）,（艺术类）,,473,,
8293,天津商业大学宝德学院,2023,江苏,本科提前批艺术类第2小批,艺术类（历史）,（L艺术类）,,438,1608,
3302,河北科技师范学院,2023,江苏,本科提前批（第2小批）,艺术类（历史）,艺术类,,472,,
5391,湖南科技学院,2023,江苏,本科提前批（第2小批）,艺术类（历史）,艺术类,,177,,
8087,马鞍山学院,2023,江苏,本科提前批（第2小批）,艺术类（历史）,艺术类,,445,,
8290,天津天狮学院,2023,江苏,本科提前批（第2小批）,艺术类（历史）,艺术类,,435,,
2154,上海交通职业技术学院,2023,江苏,艺术类专科批,艺术类（历史）,（L艺术类）,,423,,
8024,上海济光职业技术学院,2023,江苏,艺术类专科批,艺术类（历史）,（L艺术类）,,372,,
1111,南京邮电大学,2023,江苏,艺术类本科批,艺术类（历史）,（09）,,542,,
1131,江苏第二师范学院,2023,江苏,艺术类本科批,艺术类（历史）,（L艺术类）,,180,342,
1858,南京师范大学中北学院,2023,江苏,艺术类本科批,艺术类（历史）,（L艺术类）,,177,,
2401,福州大学,2023,江苏,艺术类本科批,艺术类（历史）,（L艺术类）,,547,,
2523,赣南师范大学,2023,江苏,艺术类本科批,艺术类（历史）,（L艺术类）,,184,,
5215,武汉工程大学,2023,江苏,艺术类本科批,艺术类（历史）,（L不限）,,319,,
6401,云南大学,2023,江苏,艺术类本科批,艺术类（历史）,（L艺术类）,,214,,
8130,福州外语外贸学院,2023,江苏,艺术类本科批,艺术类（历史）,（L艺术类）,,431,,
8445,吉林建筑科技学院,2023,江苏,艺术类本科批,艺术类（历史）,（L艺术类）,,427,,
8571,武汉体育学院体育科技学院,2023,江苏,艺术类本科批,艺术类（历史）,（L不限）,,480,,
8714,桂林学院,2023,江苏,艺术类本科批,艺术类（历史）,（L艺术类）,,438,,
,昆明城市学院,2023,江苏,艺术类本科批,艺术类（历史）,,,336,,
1410,镇江市高等专科学校,2023,江苏,专科批,艺术类（物理）,（W艺术类）,,438,,
5182,南阳理工学院,2023,江苏,本科批,艺术类（物理）,（艺术类）,,502,,
8293,天津商业大学宝德学院,2023,江苏,本科提前批艺术类第2小批,艺术类（物理）,（W艺术类）,,480,1503,
3302,河北科技师范学院,2023,江苏,本科提前批（第2小批）,艺术类（物理）,艺术类,,499,,
5391,湖南科技学院,2023,江苏,本科提前批（第2小批）,艺术类（物理）,艺术类,,492,,
8087,马鞍山学院,2023,江苏,本科提前批（第2小批）,艺术类（物理）,艺术类,,485,,
8024,上海济光职业技术学院,2023,江苏,艺术类专科批,艺术类（物理）,（W艺术类）,,420,,
1131,江苏第二师范学院,2023,江苏,艺术类本科批,艺术类（物理）,（W艺术类）,,179,31,
1858,南京师范大学中北学院,2023,江苏,艺术类本科批,艺术类（物理）,（W艺术类）,,180,,
2401,福州大学,2023,江苏,艺术类本科批,艺术类（物理）,（W艺术类）,,567,,
5215,武汉工程大学,2023,江苏,艺术类本科批,艺术类（物理）,（W不限）,,319,,
6401,云南大学,2023,江苏,艺术类本科批,艺术类（物理）,（W艺术类）,,555,,
8130,福州外语外贸学院,2023,江苏,艺术类本科批,艺术类（物理）,（W艺术类）,,431,,
8571,武汉体育学院体育科技学院,2023,江苏,艺术类本科批,艺术类（物理）,（W不限）,,480,,
8714,桂林学院,2023,江苏,艺术类本科批,艺术类（物理）,（W艺术类）,,470,,
,昆明城市学院,2023,江苏,艺术类本科批,艺术类（物理）,,,349,,
