school_id,school_name,year,province,batch,subject,major_group,major,score,rank,plan
1001,清华大学,2023,河北,本科批,物理类,,,688,9284,64
1001,清华大学,2024,河北,本科批,物理类,,,686,9521,68
1001,清华大学,2023,河北,本科批,历史类,,,682,3504,20
1001,清华大学,2024,河北,本科批,历史类,,,691,3129,67
1002,北京大学,2023,河北,本科批,物理类,,,681,10140,87
1002,北京大学,2024,河北,本科批,物理类,,,682,10013,44
1002,北京大学,2023,河北,本科批,历史类,,,686,3332,179
1002,北京大学,2024,河北,本科批,历史类,,,689,3208,74
1003,复旦大学,2023,河北,本科批,物理类,,,665,12406,63
1003,复旦大学,2024,河北,本科批,物理类,,,664,12563,63
1003,复旦大学,2023,河北,本科批,历史类,,,664,4397,58
1003,复旦大学,2024,河北,本科批,历史类,,,662,4509,57
1004,上海交通大学,2023,河北,本科批,物理类,,,654,14251,102
1004,上海交通大学,2024,河北,本科批,物理类,,,660,13213,121
1004,上海交通大学,2023,河北,本科批,历史类,,,659,4683,167
1004,上海交通大学,2024,河北,本科批,历史类,,,658,4742,50
1005,浙江大学,2023,河北,本科批,物理类,,,652,14615,117
1005,浙江大学,2024,河北,本科批,物理类,,,662,12884,129
1005,浙江大学,2023,河北,本科批,历史类,,,658,4742,89
1005,浙江大学,2024,河北,本科批,历史类,,,654,4987,182
1006,南京大学,2023,河北,本科批,物理类,,,655,14072,130
1006,南京大学,2024,河北,本科批,物理类,,,649,15178,27
1006,南京大学,2023,河北,本科批,历史类,,,651,5180,41
1006,南京大学,2024,河北,本科批,历史类,,,646,5517,161
1007,中国科学技术大学,2023,河北,本科批,物理类,,,649,15178,98
1007,中国科学技术大学,2024,河北,本科批,物理类,,,647,15565,133
1007,中国科学技术大学,2023,河北,本科批,历史类,,,652,5115,158
1007,中国科学技术大学,2024,河北,本科批,历史类,,,650,5245,151
1008,华中科技大学,2023,河北,本科批,物理类,,,631,19043,74
1008,华中科技大学,2024,河北,本科批,物理类,,,632,18804,20
1008,华中科技大学,2023,河北,本科批,历史类,,,628,6921,169
1008,华中科技大学,2024,河北,本科批,历史类,,,635,6337,148
1009,武汉大学,2023,河北,本科批,物理类,,,625,20539,78
1009,武汉大学,2024,河北,本科批,物理类,,,637,17656,39
1009,武汉大学,2023,河北,本科批,历史类,,,629,6835,170
1009,武汉大学,2024,河北,本科批,历史类,,,633,6499,102
1010,中山大学,2023,河北,本科批,物理类,,,622,21330,127
1010,中山大学,2024,河北,本科批,物理类,,,626,20281,103
1010,中山大学,2023,河北,本科批,历史类,,,629,6835,24
1010,中山大学,2024,河北,本科批,历史类,,,625,7188,63
1011,西安交通大学,2023,河北,本科批,物理类,,,620,21875,171
1011,西安交通大学,2024,河北,本科批,物理类,,,630,19284,102
1011,西安交通大学,2023,河北,本科批,历史类,,,620,7656,98
1011,西安交通大学,2024,河北,本科批,历史类,,,627,7009,41
1012,北京航空航天大学,2023,河北,本科批,物理类,,,621,21601,122
1012,北京航空航天大学,2024,河北,本科批,物理类,,,624,20799,141
1012,北京航空航天大学,2023,河北,本科批,历史类,,,618,7851,47
1012,北京航空航天大学,2024,河北,本科批,历史类,,,625,7188,176
1013,同济大学,2023,河北,本科批,物理类,,,625,20539,36
1013,同济大学,2024,河北,本科批,物理类,,,623,21063,69
1013,同济大学,2023,河北,本科批,历史类,,,623,7372,165
1013,同济大学,2024,河北,本科批,历史类,,,623,7372,127
1014,北京理工大学,2023,河北,本科批,物理类,,,616,23006,65
1014,北京理工大学,2024,河北,本科批,物理类,,,624,20799,90
1014,北京理工大学,2023,河北,本科批,历史类,,,619,7753,168
1014,北京理工大学,2024,河北,本科批,历史类,,,625,7188,65
1015,哈尔滨工业大学,2023,河北,本科批,物理类,,,616,23006,105
1015,哈尔滨工业大学,2024,河北,本科批,物理类,,,616,23006,117
1015,哈尔滨工业大学,2023,河北,本科批,历史类,,,614,8257,166
1015,哈尔滨工业大学,2024,河北,本科批,历史类,,,610,8684,13
1016,天津大学,2023,河北,本科批,物理类,,,618,22433,107
1016,天津大学,2024,河北,本科批,物理类,,,609,25127,137
1016,天津大学,2023,河北,本科批,历史类,,,616,8052,154
1016,天津大学,2024,河北,本科批,历史类,,,609,8794,61
1017,东南大学,2023,河北,本科批,物理类,,,612,24195,100
1017,东南大学,2024,河北,本科批,物理类,,,615,23297,37
1017,东南大学,2023,河北,本科批,历史类,,,612,8468,121
1017,东南大学,2024,河北,本科批,历史类,,,609,8794,57
1018,厦门大学,2023,河北,本科批,物理类,,,611,24502,81
1018,厦门大学,2024,河北,本科批,物理类,,,607,25769,13
1018,厦门大学,2023,河北,本科批,历史类,,,613,8362,119
1018,厦门大学,2024,河北,本科批,历史类,,,610,8684,34
1019,华南理工大学,2023,河北,本科批,物理类,,,605,26426,167
1019,华南理工大学,2024,河北,本科批,物理类,,,611,24502,186
1019,华南理工大学,2023,河北,本科批,历史类,,,607,9019,193
1019,华南理工大学,2024,河北,本科批,历史类,,,604,9366,72
1020,北京师范大学,2023,河北,本科批,物理类,,,602,27445,48
1020,北京师范大学,2024,河北,本科批,物理类,,,608,25446,200
1020,北京师范大学,2023,河北,本科批,历史类,,,608,8906,12
1020,北京师范大学,2024,河北,本科批,历史类,,,605,9249,64
1021,电子科技大学,2023,河北,本科批,物理类,,,603,27101,180
1021,电子科技大学,2024,河北,本科批,物理类,,,600,28145,187
1021,电子科技大学,2023,河北,本科批,历史类,,,602,9605,91
1021,电子科技大学,2024,河北,本科批,历史类,,,605,9249,16
1022,中南大学,2023,河北,本科批,物理类,,,595,29976,184
1022,中南大学,2024,河北,本科批,物理类,,,594,30356,173
1022,中南大学,2023,河北,本科批,历史类,,,596,10360,140
1022,中南大学,2024,河北,本科批,历史类,,,594,10624,128
1023,山东大学,2023,河北,本科批,物理类,,,595,29976,132
1023,山东大学,2024,河北,本科批,物理类,,,593,30741,72
1023,山东大学,2023,河北,本科批,历史类,,,598,10102,86
1023,山东大学,2024,河北,本科批,历史类,,,603,9485,59
1024,大连理工大学,2023,河北,本科批,物理类,,,593,30741,90
1024,大连理工大学,2024,河北,本科批,物理类,,,590,31926,93
1024,大连理工大学,2023,河北,本科批,历史类,,,596,10360,58
1024,大连理工大学,2024,河北,本科批,历史类,,,594,10624,130
1025,重庆大学,2023,河北,本科批,物理类,,,593,30741,57
1025,重庆大学,2024,河北,本科批,物理类,,,597,29230,151
1025,重庆大学,2023,河北,本科批,历史类,,,594,10624,132
1025,重庆大学,2024,河北,本科批,历史类,,,597,10230,129
1026,吉林大学,2023,河北,本科批,物理类,,,585,34002,152
1026,吉林大学,2024,河北,本科批,物理类,,,583,34870,125
1026,吉林大学,2023,河北,本科批,历史类,,,583,12204,37
1026,吉林大学,2024,河北,本科批,历史类,,,594,10624,167
1027,湖南大学,2023,河北,本科批,物理类,,,589,32331,64
1027,湖南大学,2024,河北,本科批,物理类,,,592,31131,143
1027,湖南大学,2023,河北,本科批,历史类,,,587,11604,128
1027,湖南大学,2024,河北,本科批,历史类,,,591,11034,55
1028,中国农业大学,2023,河北,本科批,物理类,,,580,36214,122
1028,中国农业大学,2024,河北,本科批,物理类,,,583,34870,58
1028,中国农业大学,2023,河北,本科批,历史类,,,589,11315,11
1028,中国农业大学,2024,河北,本科批,历史类,,,589,11315,92
1029,华东师范大学,2023,河北,本科批,物理类,,,588,32741,176
1029,华东师范大学,2024,河北,本科批,物理类,,,587,33156,102
1029,华东师范大学,2023,河北,本科批,历史类,,,578,12998,11
1029,华东师范大学,2024,河北,本科批,历史类,,,580,12674,155
1030,西北工业大学,2023,河北,本科批,物理类,,,576,38086,149
1030,西北工业大学,2024,河北,本科批,物理类,,,586,33576,83
1030,西北工业大学,2023,河北,本科批,历史类,,,585,11900,170
1030,西北工业大学,2024,河北,本科批,历史类,,,586,11751,153
2001,苏州大学,2023,河北,本科批,物理类,,,575,38569,41
2001,苏州大学,2024,河北,本科批,物理类,,,571,40563,75
2001,苏州大学,2023,河北,本科批,历史类,,,570,14377,128
2001,苏州大学,2024,河北,本科批,历史类,,,575,13499,126
2002,武汉理工大学,2023,河北,本科批,物理类,,,567,42661,15
2002,武汉理工大学,2024,河北,本科批,物理类,,,577,37609,143
2002,武汉理工大学,2023,河北,本科批,历史类,,,565,15312,197
2002,武汉理工大学,2024,河北,本科批,历史类,,,572,14019,198
2003,西南交通大学,2023,河北,本科批,物理类,,,567,42661,163
2003,西南交通大学,2024,河北,本科批,物理类,,,563,44866,11
2003,西南交通大学,2023,河北,本科批,历史类,,,564,15506,23
2003,西南交通大学,2024,河北,本科批,历史类,,,570,14377,90
2004,暨南大学,2023,河北,本科批,物理类,,,563,44866,169
2004,暨南大学,2024,河北,本科批,物理类,,,561,46012,83
2004,暨南大学,2023,河北,本科批,历史类,,,568,14744,78
2004,暨南大学,2024,河北,本科批,历史类,,,568,14744,53
2005,郑州大学,2023,河北,本科批,物理类,,,559,47186,123
2005,郑州大学,2024,河北,本科批,物理类,,,559,47186,64
2005,郑州大学,2023,河北,本科批,历史类,,,566,15120,71
2005,郑州大学,2024,河北,本科批,历史类,,,562,15902,199
2006,南京师范大学,2023,河北,本科批,物理类,,,562,45435,134
2006,南京师范大学,2024,河北,本科批,物理类,,,561,46012,131
2006,南京师范大学,2023,河北,本科批,历史类,,,554,17589,60
2006,南京师范大学,2024,河北,本科批,历史类,,,553,17812,42
2007,合肥工业大学,2023,河北,本科批,物理类,,,560,46595,59
2007,合肥工业大学,2024,河北,本科批,物理类,,,556,49004,70
2007,合肥工业大学,2023,河北,本科批,历史类,,,562,15902,97
2007,合肥工业大学,2024,河北,本科批,历史类,,,554,17589,155
2008,华中师范大学,2023,河北,本科批,物理类,,,558,47784,15
2008,华中师范大学,2024,河北,本科批,物理类,,,557,48390,91
2008,华中师范大学,2023,河北,本科批,历史类,,,554,17589,119
2008,华中师范大学,2024,河北,本科批,历史类,,,550,18498,78
2009,上海大学,2023,河北,本科批,物理类,,,557,48390,102
2009,上海大学,2024,河北,本科批,物理类,,,556,49004,117
2009,上海大学,2023,河北,本科批,历史类,,,556,17151,71
2009,上海大学,2024,河北,本科批,历史类,,,559,16515,190
2010,西北大学,2023,河北,本科批,物理类,,,550,52853,85
2010,西北大学,2024,河北,本科批,物理类,,,546,55586,140
2010,西北大学,2023,河北,本科批,历史类,,,545,19702,85
2010,西北大学,2024,河北,本科批,历史类,,,547,19211,126
3001,深圳大学,2023,河北,本科批,物理类,,,544,57005,190
3001,深圳大学,2024,河北,本科批,物理类,,,535,63852,96
3001,深圳大学,2023,河北,本科批,历史类,,,542,20461,161
3001,深圳大学,2024,河北,本科批,历史类,,,538,21519,76
3002,浙江工业大学,2023,河北,本科批,物理类,,,538,61483,179
3002,浙江工业大学,2024,河北,本科批,物理类,,,530,68005,39
3002,浙江工业大学,2023,河北,本科批,历史类,,,541,20720,199
3002,浙江工业大学,2024,河北,本科批,历史类,,,533,22918,95
3003,江苏大学,2023,河北,本科批,物理类,,,528,69741,100
3003,江苏大学,2024,河北,本科批,物理类,,,530,68005,32
3003,江苏大学,2023,河北,本科批,历史类,,,529,24103,39
3003,江苏大学,2024,河北,本科批,历史类,,,530,23801,113
3004,河南大学,2023,河北,本科批,物理类,,,527,70625,116
3004,河南大学,2024,河北,本科批,物理类,,,520,77139,45
3004,河南大学,2023,河北,本科批,历史类,,,524,25671,162
3004,河南大学,2024,河北,本科批,历史类,,,525,25349,168
3005,扬州大学,2023,河北,本科批,物理类,,,522,75219,68
3005,扬州大学,2024,河北,本科批,物理类,,,522,75219,115
3005,扬州大学,2023,河北,本科批,历史类,,,526,25032,200
3005,扬州大学,2024,河北,本科批,历史类,,,523,25997,184
3006,青岛大学,2023,河北,本科批,物理类,,,519,78117,190
3006,青岛大学,2024,河北,本科批,物理类,,,525,72428,59
3006,青岛大学,2023,河北,本科批,历史类,,,516,28394,192
3006,青岛大学,2024,河北,本科批,历史类,,,516,28394,71
4001,中原工学院,2023,河北,本科批,物理类,,,501,98009,41
4001,中原工学院,2024,河北,本科批,物理类,,,496,104383,180
4001,中原工学院,2023,河北,本科批,历史类,,,503,33449,50
4001,中原工学院,2024,河北,本科批,历史类,,,502,33873,144
4002,广东技术师范大学,2023,河北,本科批,物理类,,,501,98009,86
4002,广东技术师范大学,2024,河北,本科批,物理类,,,501,98009,121
4002,广东技术师范大学,2023,河北,本科批,历史类,,,501,34303,41
4002,广东技术师范大学,2024,河北,本科批,历史类,,,496,36534,55
4003,成都工业学院,2023,河北,本科批,物理类,,,488,115456,95
4003,成都工业学院,2024,河北,本科批,物理类,,,490,112583,84
4003,成都工业学院,2023,河北,本科批,历史类,,,487,40922,137
4003,成都工业学院,2024,河北,本科批,历史类,,,489,39903,58
5001,黄河科技学院,2023,河北,本科批,物理类,,,457,170644,175
5001,黄河科技学院,2024,河北,本科批,物理类,,,465,154278,102
5001,黄河科技学院,2023,河北,本科批,历史类,,,464,54682,45
5001,黄河科技学院,2024,河北,本科批,历史类,,,463,55375,141
5002,广州南方学院,2023,河北,本科批,物理类,,,459,166396,188
5002,广州南方学院,2024,河北,本科批,物理类,,,457,170644,175
5002,广州南方学院,2023,河北,本科批,历史类,,,452,63610,150
5002,广州南方学院,2024,河北,本科批,历史类,,,452,63610,114
6001,河南职业技术学院,2023,河北,本科批,物理类,,,377,467684,44
6001,河南职业技术学院,2024,河北,本科批,物理类,,,379,456044,136
6001,河南职业技术学院,2023,河北,本科批,历史类,,,378,161639,144
6001,河南职业技术学院,2024,河北,本科批,历史类,,,382,153693,168
6002,成都航空职业技术学院,2023,河北,本科批,物理类,,,374,485705,139
6002,成都航空职业技术学院,2024,河北,本科批,物理类,,,369,517296,54
6002,成都航空职业技术学院,2023,河北,本科批,历史类,,,374,169996,145
6002,成都航空职业技术学院,2024,河北,本科批,历史类,,,372,174336,149
1294,山东信息职业技术学院,2025,河北,专科提前批,历史类,,,481,49775,
1589,威海职业学院,2025,河北,专科提前批,历史类,,,459,70974,
2313,江西航空职业技术学院,2025,河北,专科提前批,历史类,,,443,74361,
769,湖南汽车工程职业大学,2025,河北,专科提前批,历史类,,,440,40662,
100,北京交通大学,2025,河北,本科批,历史类,,,607,4558,
1000,兰州石化职业技术大学,2025,河北,本科批,历史类,,,531,24485,
1001,兰州文理学院,2025,河北,本科批,历史类,,,540,22095,
1005,廊坊师范学院,2025,河北,本科批,历史类,,,521,18763,
1006,廊坊师范学院,2025,河北,本科批,历史类,,,503,39505,
1010,乐山师范学院,2025,河北,本科批,历史类,,,526,32409,
1011,丽水学院,2025,河北,本科批,历史类,,,531,14990,
1013,辽东学院,2025,河北,本科批,历史类,,,535,23511,
1014,辽宁大学,2025,河北,本科批,历史类,,,602,1976,
1017,辽宁工程技术大学,2025,河北,本科批,历史类,,,550,9033,
1019,辽宁工业大学,2025,河北,本科批,历史类,,,554,9033,
1025,辽宁科技大学,2025,河北,本科批,历史类,,,545,7696,
1033,辽宁师范大学,2025,河北,本科批,历史类,,,576,5546,
1042,辽宁中医药大学,2025,河北,本科批,历史类,,,552,4942,
1045,聊城大学,2025,河北,本科批,历史类,,,512,9299,
1047,临沂大学,2025,河北,本科批,历史类,,,548,13269,
1049,岭南师范学院,2025,河北,本科批,历史类,,,536,14639,
1055,龙岩学院,2025,河北,本科批,历史类,,,524,22095,
1056,陇东学院,2025,河北,本科批,历史类,,,531,24485,
1058,鲁东大学,2025,河北,本科批,历史类,,,543,10728,
1059,鲁迅美术学院,2025,河北,本科批,历史类,,,559,18763,
106,北京科技大学,2025,河北,本科批,历史类,,,619,1789,
1062,洛阳理工学院,2025,河北,本科批,历史类,,,542,16100,
1063,洛阳师范学院,2025,河北,本科批,历史类,,,534,21243,
1066,吕梁学院,2025,河北,本科批,历史类,,,522,21668,
1072,绵阳师范学院,2025,河北,本科批,历史类,,,553,15706,
1074,民政职业大学,2025,河北,本科批,历史类,,,545,22095,
1076,闽江学院,2025,河北,本科批,历史类,,,542,11284,
1078,闽南师范大学,2025,河北,本科批,历史类,,,537,12601,
1080,牡丹江师范学院,2025,河北,本科批,历史类,,,527,19607,
1082,南昌大学,2025,河北,本科批,历史类,,,602,2181,
1083,南昌航空大学,2025,河北,本科批,历史类,,,550,10447,
1085,南昌师范学院,2025,河北,本科批,历史类,,,533,30800,
1086,南昌医学院,2025,河北,本科批,历史类,,,550,22582,
1089,南方医科大学,2025,河北,本科批,历史类,,,586,2651,
1090,南华大学,2025,河北,本科批,历史类,,,564,5759,
1091,南京财经大学,2025,河北,本科批,历史类,,,601,3051,
1093,南京大学,2025,河北,本科批,历史类,,,659,167,
1095,南京工程学院,2025,河北,本科批,历史类,,,561,7950,
1096,南京工业大学,2025,河北,本科批,历史类,,,603,3836,
1098,南京工业职业技术大学,2025,河北,本科批,历史类,,,562,15706,
1099,南京航空航天大学,2025,河北,本科批,历史类,,,617,1523,
1105,南京理工大学,2025,河北,本科批,历史类,,,618,2777,
1107,南京林业大学,2025,河北,本科批,历史类,,,601,3363,
111,北京理工大学,2025,河北,本科批,历史类,,,639,639,
1110,南京农业大学,2025,河北,本科批,历史类,,,611,2071,
1112,南京审计大学,2025,河北,本科批,历史类,,,608,1789,
1113,南京师范大学,2025,河北,本科批,历史类,,,614,1200,
1115,南京特殊教育师范学院,2025,河北,本科批,历史类,,,546,13600,
1117,南京晓庄学院,2025,河北,本科批,历史类,,,551,11592,
1118,南京信息工程大学,2025,河北,本科批,历史类,,,605,2651,
1123,南京艺术学院,2025,河北,本科批,历史类,,,581,11023,
1124,南京艺术学院,2025,河北,本科批,历史类,,,571,11284,
1129,南开大学,2025,河北,本科批,历史类,,,647,266,
113,北京联合大学,2025,河北,本科批,历史类,,,558,5546,
1130,南宁师范大学,2025,河北,本科批,历史类,,,578,11905,
1131,南通大学,2025,河北,本科批,历史类,,,579,4350,
1136,南阳理工学院,2025,河北,本科批,历史类,,,536,16482,
1138,南阳师范学院,2025,河北,本科批,历史类,,,538,23040,
1140,内江师范学院,2025,河北,本科批,历史类,,,546,15706,
1141,内蒙古财经大学,2025,河北,本科批,历史类,,,403,83390,
1142,内蒙古财经大学,2025,河北,本科批,历史类,,,554,10728,
1143,内蒙古大学,2025,河北,本科批,历史类,,,431,75054,
1144,内蒙古大学,2025,河北,本科批,历史类,,,600,2528,
1146,内蒙古工业大学,2025,河北,本科批,历史类,,,550,22582,
1149,内蒙古科技大学包头师范学院,2025,河北,本科批,历史类,,,537,16482,
115,北京林业大学,2025,河北,本科批,历史类,,,613,1611,
1150,内蒙古科技大学,2025,河北,本科批,历史类,,,548,12935,
1153,内蒙古民族大学,2025,河北,本科批,历史类,,,550,15706,
1158,内蒙古师范大学,2025,河北,本科批,历史类,,,403,100926,
1159,内蒙古师范大学,2025,河北,本科批,历史类,,,538,9573,
1161,内蒙古艺术学院,2025,河北,本科批,历史类,,,517,39505,
1162,内蒙古艺术学院,2025,河北,本科批,历史类,,,512,38958,
1163,宁波大学,2025,河北,本科批,历史类,,,578,2410,
1164,宁波工程学院,2025,河北,本科批,历史类,,,550,12264,
1165,宁波诺丁汉大学,2025,河北,本科批,历史类,,,554,10128,
1166,宁夏大学,2025,河北,本科批,历史类,,,581,3836,
117,北京农学院,2025,河北,本科批,历史类,,,551,7696,
1170,宁夏师范大学,2025,河北,本科批,历史类,,,540,15333,
1177,攀枝花学院,2025,河北,本科批,历史类,,,531,31846,
1181,平顶山学院,2025,河北,本科批,历史类,,,517,28223,
1184,萍乡学院,2025,河北,本科批,历史类,,,531,28710,
1185,莆田学院,2025,河北,本科批,历史类,,,508,44877,
1190,普洱学院,2025,河北,本科批,历史类,,,525,35052,
1192,齐鲁工业大学,2025,河北,本科批,历史类,,,565,11905,
1194,齐齐哈尔大学,2025,河北,本科批,历史类,,,557,19202,
1196,齐齐哈尔医学院,2025,河北,本科批,历史类,,,529,23511,
120,北京师范大学,2025,河北,本科批,历史类,,,650,378,
1200,黔南民族师范学院,2025,河北,本科批,历史类,,,524,23040,
1208,青岛大学,2025,河北,本科批,历史类,,,583,3836,
121,北京师范大学,2025,河北,本科批,历史类,,,626,1884,
1212,青岛科技大学,2025,河北,本科批,历史类,,,562,12264,
1213,青岛理工大学,2025,河北,本科批,历史类,,,565,4942,
1217,青海大学,2025,河北,本科批,历史类,,,591,5338,
1220,青海民族大学,2025,河北,本科批,历史类,,,372,143983,
1221,青海民族大学,2025,河北,本科批,历史类,,,548,16810,
1222,青海师范大学,2025,河北,本科批,历史类,,,549,13600,
1224,青海职业技术大学,2025,河北,本科批,历史类,,,514,41275,
1225,清华大学,2025,河北,本科批,历史类,,,679,35,
1228,琼台师范学院,2025,河北,本科批,历史类,,,477,24485,
1229,曲阜师范大学,2025,河北,本科批,历史类,,,563,6004,
1231,曲靖师范学院,2025,河北,本科批,历史类,,,526,21243,
1235,泉州师范学院,2025,河北,本科批,历史类,,,537,16100,
1241,三明学院,2025,河北,本科批,历史类,,,524,32409,
1243,三峡大学,2025,河北,本科批,历史类,,,550,7696,
1246,山东财经大学,2025,河北,本科批,历史类,,,584,3363,
125,北京石油化工学院,2025,河北,本科批,历史类,,,553,10728,
1250,山东大学,2025,河北,本科批,历史类,,,631,512,
1252,山东大学威海分校,2025,河北,本科批,历史类,,,624,1075,
1255,山东第一医科大学,2025,河北,本科批,历史类,,,553,16810,
1257,山东工商学院,2025,河北,本科批,历史类,,,508,8746,
126,北京体育大学,2025,河北,本科批,历史类,,,540,2651,
1260,山东工艺美术学院,2025,河北,本科批,历史类,,,523,32409,
1264,山东建筑大学,2025,河北,本科批,历史类,,,568,15333,
1265,山东交通学院,2025,河北,本科批,历史类,,,555,13953,
1270,山东科技大学,2025,河北,本科批,历史类,,,560,18388,
1274,山东理工大学,2025,河北,本科批,历史类,,,569,7696,
1278,山东农业大学,2025,河北,本科批,历史类,,,565,8190,
1279,山东农业工程学院,2025,河北,本科批,历史类,,,543,13953,
1280,山东女子学院,2025,河北,本科批,历史类,,,531,20836,
1281,山东青年政治学院,2025,河北,本科批,历史类,,,537,23983,
1285,山东师范大学,2025,河北,本科批,历史类,,,553,3521,
129,北京外国语大学,2025,河北,本科批,历史类,,,632,779,
1298,山东艺术学院,2025,河北,本科批,历史类,,,542,26359,
1299,山东政法学院,2025,河北,本科批,历史类,,,549,4745,
1302,山西财经大学,2025,河北,本科批,历史类,,,547,4008,
1303,山西传媒学院,2025,河北,本科批,历史类,,,513,22095,
1304,山西大同大学,2025,河北,本科批,历史类,,,572,13953,
1305,山西大学,2025,河北,本科批,历史类,,,584,3215,
1308,山西工程科技职业大学,2025,河北,本科批,历史类,,,525,26772,
131,北京外国语大学,2025,河北,本科批,历史类,,,616,3051,
1310,山西工学院,2025,河北,本科批,历史类,,,537,21668,
1318,山西农业大学,2025,河北,本科批,历史类,,,551,14639,
132,北京舞蹈学院,2025,河北,本科批,历史类,,,571,14284,
1320,山西师范大学,2025,河北,本科批,历史类,,,559,4942,
1326,山西医科大学,2025,河北,本科批,历史类,,,557,14639,
133,北京物资学院,2025,河北,本科批,历史类,,,583,4745,
1330,山西中医药大学,2025,河北,本科批,历史类,,,551,8746,
1338,陕西科技大学,2025,河北,本科批,历史类,,,577,12264,
1339,陕西理工大学,2025,河北,本科批,历史类,,,547,8451,
1344,陕西师范大学,2025,河北,本科批,历史类,,,611,1447,
1347,陕西学前师范学院,2025,河北,本科批,历史类,,,513,16100,
1352,汕头大学,2025,河北,本科批,历史类,,,573,4558,
1354,商洛学院,2025,河北,本科批,历史类,,,539,20836,
1356,商丘师范学院,2025,河北,本科批,历史类,,,531,14990,
1358,上海财经大学,2025,河北,本科批,历史类,,,630,378,
1362,上海大学,2025,河北,本科批,历史类,,,619,1523,
1363,上海第二工业大学,2025,河北,本科批,历史类,,,572,10728,
1368,上海对外经贸大学,2025,河北,本科批,历史类,,,598,3660,
137,北京信息科技大学,2025,河北,本科批,历史类,,,599,6241,
1370,上海工程技术大学,2025,河北,本科批,历史类,,,584,8451,
1373,上海海事大学,2025,河北,本科批,历史类,,,607,2777,
1374,上海海洋大学,2025,河北,本科批,历史类,,,597,4745,
1377,上海交通大学,2025,河北,本科批,历史类,,,660,76,
138,北京信息科技大学,2025,河北,本科批,历史类,,,594,6445,
1385,上海理工大学,2025,河北,本科批,历史类,,,601,5338,
1387,上海立信会计金融学院,2025,河北,本科批,历史类,,,599,2651,
1392,上海商学院,2025,河北,本科批,历史类,,,562,9855,
1393,上海师范大学,2025,河北,本科批,历史类,,,604,5123,
1394,上海体育大学,2025,河北,本科批,历史类,,,602,5546,
1395,上海外国语大学,2025,河北,本科批,历史类,,,622,1976,
14,安徽工业大学,2025,河北,本科批,历史类,,,564,7453,
140,北京印刷学院,2025,河北,本科批,历史类,,,570,5759,
1400,上海应用技术大学,2025,河北,本科批,历史类,,,558,9855,
1401,上海政法学院,2025,河北,本科批,历史类,,,584,2295,
1402,上饶师范学院,2025,河北,本科批,历史类,,,529,19979,
1406,韶关学院,2025,河北,本科批,历史类,,,523,36127,
1407,邵阳学院,2025,河北,本科批,历史类,,,547,18763,
1408,绍兴理工学院,2025,河北,本科批,历史类,,,540,24943,
1409,绍兴文理学院,2025,河北,本科批,历史类,,,506,23983,
1411,深圳大学,2025,河北,本科批,历史类,,,615,1789,
1412,深圳技术大学,2025,河北,本科批,历史类,,,590,6701,
1416,沈阳大学,2025,河北,本科批,历史类,,,550,11023,
142,北京邮电大学,2025,河北,本科批,历史类,,,623,833,
1422,沈阳化工大学,2025,河北,本科批,历史类,,,553,15333,
1423,沈阳建筑大学,2025,河北,本科批,历史类,,,572,13953,
1425,沈阳理工大学,2025,河北,本科批,历史类,,,554,8190,
1429,沈阳师范大学,2025,河北,本科批,历史类,,,533,14639,
1430,沈阳体育学院,2025,河北,本科批,历史类,,,538,23511,
1433,沈阳医学院,2025,河北,本科批,历史类,,,551,22095,
1436,石河子大学,2025,河北,本科批,历史类,,,576,5546,
1439,石家庄铁道大学,2025,河北,本科批,历史类,,,569,5759,
144,北京语言大学,2025,河北,本科批,历史类,,,544,2651,
1440,石家庄铁道大学,2025,河北,本科批,历史类,,,570,8190,
1442,石家庄铁道大学,2025,河北,本科批,历史类,,,554,20836,
1445,石家庄学院,2025,河北,本科批,历史类,,,530,18388,
1451,首都经济贸易大学,2025,河北,本科批,历史类,,,606,2410,
1452,首都师范大学,2025,河北,本科批,历史类,,,608,2071,
1453,首都体育学院,2025,河北,本科批,历史类,,,567,6241,
1460,四川大学,2025,河北,本科批,历史类,,,629,512,
1461,四川大学,2025,河北,本科批,历史类,,,611,3836,
1468,四川美术学院,2025,河北,本科批,历史类,,,547,14284,
147,北京中医药大学,2025,河北,本科批,历史类,,,618,1075,
1470,四川农业大学,2025,河北,本科批,历史类,,,581,3521,
1471,四川轻化工大学,2025,河北,本科批,历史类,,,563,10447,
1472,四川师范大学,2025,河北,本科批,历史类,,,572,4170,
1474,四川外国语大学,2025,河北,本科批,历史类,,,553,4350,
1476,四川文理学院,2025,河北,本科批,历史类,,,535,26772,
1478,四川音乐学院,2025,河北,本科批,历史类,,,544,20836,
1485,苏州大学,2025,河北,本科批,历史类,,,622,1075,
149,北师香港浸会大学,2025,河北,本科批,历史类,,,554,14284,
1492,苏州科技大学,2025,河北,本科批,历史类,,,580,7696,
1494,宿州学院,2025,河北,本科批,历史类,,,553,21243,
1496,绥化学院,2025,河北,本科批,历史类,,,520,25427,
1498,塔里木大学,2025,河北,本科批,历史类,,,529,22095,
1503,太原工业学院,2025,河北,本科批,历史类,,,535,18763,
1505,太原理工大学,2025,河北,本科批,历史类,,,605,2528,
1506,太原师范学院,2025,河北,本科批,历史类,,,530,13269,
1507,太原学院,2025,河北,本科批,历史类,,,533,22095,
1508,太原学院,2025,河北,本科批,历史类,,,474,66870,
1510,泰山学院,2025,河北,本科批,历史类,,,523,16810,
1512,唐山工业职业技术大学,2025,河北,本科批,历史类,,,515,31846,
1514,唐山师范学院,2025,河北,本科批,历史类,,,517,19202,
1517,唐山师范学院,2025,河北,本科批,历史类,,,525,35052,
1518,唐山学院,2025,河北,本科批,历史类,,,520,23040,
1523,天津财经大学,2025,河北,本科批,历史类,,,591,2295,
1524,天津城建大学,2025,河北,本科批,历史类,,,510,11905,
1527,天津大学,2025,河北,本科批,历史类,,,617,1976,
153,亳州学院,2025,河北,本科批,历史类,,,530,30800,
1530,天津工业大学,2025,河北,本科批,历史类,,,578,2906,
1539,天津科技大学,2025,河北,本科批,历史类,,,575,4170,
1541,天津理工大学,2025,河北,本科批,历史类,,,565,7453,
1542,天津美术学院,2025,河北,本科批,历史类,,,554,15333,
1543,天津农学院,2025,河北,本科批,历史类,,,554,9033,
1546,天津商业大学,2025,河北,本科批,历史类,,,565,4942,
1548,天津师范大学,2025,河北,本科批,历史类,,,590,3051,
1549,天津师范大学,2025,河北,本科批,历史类,,,555,20401,
1553,天津体育学院,2025,河北,本科批,历史类,,,563,16100,
1556,天津外国语大学,2025,河北,本科批,历史类,,,575,3521,
1558,天津医科大学,2025,河北,本科批,历史类,,,607,4558,
1563,天津职业技术师范大学,2025,河北,本科批,历史类,,,556,10728,
1564,天津中德应用技术大学,2025,河北,本科批,历史类,,,546,13953,
1565,天津中医药大学,2025,河北,本科批,历史类,,,590,6004,
1568,天水师范大学,2025,河北,本科批,历史类,,,558,17998,
1571,通化师范学院,2025,河北,本科批,历史类,,,543,25909,
1575,同济大学,2025,河北,本科批,历史类,,,647,345,
158,渤海大学,2025,河北,本科批,历史类,,,538,17998,
159,沧州师范学院,2025,河北,本科批,历史类,,,520,21668,
1591,潍坊学院,2025,河北,本科批,历史类,,,547,13953,
1593,渭南师范学院,2025,河北,本科批,历史类,,,535,22582,
1594,温州大学,2025,河北,本科批,历史类,,,608,4350,
1595,温州肯恩大学,2025,河北,本科批,历史类,,,505,18388,
1598,文山学院,2025,河北,本科批,历史类,,,537,28710,
160,沧州师范学院,2025,河北,本科批,历史类,,,515,40662,
1605,无锡学院,2025,河北,本科批,历史类,,,580,11284,
1606,梧州学院,2025,河北,本科批,历史类,,,539,27769,
1607,五邑大学,2025,河北,本科批,历史类,,,596,6980,
1611,武汉大学,2025,河北,本科批,历史类,,,652,181,
1612,武汉大学,2025,河北,本科批,历史类,,,630,1523,
1615,武汉纺织大学,2025,河北,本科批,历史类,,,574,11023,
1616,武汉工程大学,2025,河北,本科批,历史类,,,590,4745,
1622,武汉科技大学,2025,河北,本科批,历史类,,,595,4558,
1623,武汉理工大学,2025,河北,本科批,历史类,,,606,2410,
1626,武汉轻工大学,2025,河北,本科批,历史类,,,523,9033,
1628,武汉商学院,2025,河北,本科批,历史类,,,550,14990,
1629,武汉体育学院,2025,河北,本科批,历史类,,,547,21243,
1634,武夷学院,2025,河北,本科批,历史类,,,526,23511,
1635,西安财经大学,2025,河北,本科批,历史类,,,583,4350,
1637,西安电子科技大学,2025,河北,本科批,历史类,,,613,2777,
1640,西安工程大学,2025,河北,本科批,历史类,,,549,23040,
1641,西安工业大学,2025,河北,本科批,历史类,,,573,6004,
1645,西安建筑科技大学,2025,河北,本科批,历史类,,,575,6004,
1646,西安交通大学,2025,河北,本科批,历史类,,,637,475,
1652,西安美术学院,2025,河北,本科批,历史类,,,541,24943,
1653,西安石油大学,2025,河北,本科批,历史类,,,568,6241,
1656,西安外国语大学,2025,河北,本科批,历史类,,,593,4170,
1657,西安文理学院,2025,河北,本科批,历史类,,,546,14639,
1658,西安医学院,2025,河北,本科批,历史类,,,521,22095,
1661,西安邮电大学,2025,河北,本科批,历史类,,,530,32409,
1663,西北大学,2025,河北,本科批,历史类,,,596,1523,
1665,西北工业大学,2025,河北,本科批,历史类,,,622,1523,
1666,西北民族大学,2025,河北,本科批,历史类,,,533,11023,
1668,西北农林科技大学,2025,河北,本科批,历史类,,,613,1789,
1669,西北师范大学,2025,河北,本科批,历史类,,,546,7696,
1670,西北师范大学,2025,河北,本科批,历史类,,,547,23983,
1671,西北政法大学,2025,河北,本科批,历史类,,,607,1262,
1672,西藏大学,2025,河北,本科批,历史类,,,556,11592,
1673,西藏民族大学,2025,河北,本科批,历史类,,,550,11592,
1674,西藏农牧学院,2025,河北,本科批,历史类,,,515,38388,
1677,西昌学院,2025,河北,本科批,历史类,,,525,28223,
1678,西华大学,2025,河北,本科批,历史类,,,561,7696,
1679,西华师范大学,2025,河北,本科批,历史类,,,558,17629,
1680,西交利物浦大学,2025,河北,本科批,历史类,,,563,15333,
1681,西南财经大学,2025,河北,本科批,历史类,,,597,931,
1683,西南大学,2025,河北,本科批,历史类,,,609,1349,
1686,西南大学,2025,河北,本科批,历史类,,,607,4558,
1688,西南交通大学,2025,河北,本科批,历史类,,,618,1884,
1690,西南科技大学,2025,河北,本科批,历史类,,,557,7696,
1692,西南民族大学,2025,河北,本科批,历史类,,,551,4008,
1694,西南石油大学,2025,河北,本科批,历史类,,,587,3363,
1695,西南石油大学,2025,河北,本科批,历史类,,,571,14284,
1696,西南医科大学,2025,河北,本科批,历史类,,,586,9573,
1697,西南政法大学,2025,河北,本科批,历史类,,,617,639,
1700,厦门大学,2025,河北,本科批,历史类,,,640,309,
1702,厦门大学,2025,河北,本科批,历史类,,,615,2410,
1703,厦门理工学院,2025,河北,本科批,历史类,,,553,18388,
1707,咸阳师范学院,2025,河北,本科批,历史类,,,499,16100,
1713,香港珠海学院,2025,河北,本科批,历史类,,,478,56862,
1714,湘南学院,2025,河北,本科批,历史类,,,534,14639,
1715,湘潭大学,2025,河北,本科批,历史类,,,597,1611,
1719,新疆财经大学,2025,河北,本科批,历史类,,,538,14639,
172,昌吉学院,2025,河北,本科批,历史类,,,515,28223,
1720,新疆大学,2025,河北,本科批,历史类,,,585,3660,
1721,新疆第二医学院,2025,河北,本科批,历史类,,,516,40076,
1724,新疆和田学院,2025,河北,本科批,历史类,,,515,35052,
1726,新疆交通职业技术大学,2025,河北,本科批,历史类,,,518,38958,
1727,新疆警察学院,2025,河北,本科批,历史类,,,559,18763,
1728,新疆科技学院,2025,河北,本科批,历史类,,,517,31846,
1729,新疆理工学院,2025,河北,本科批,历史类,,,517,26359,
173,长安大学,2025,河北,本科批,历史类,,,609,2651,
1730,新疆农业大学,2025,河北,本科批,历史类,,,373,143213,
1731,新疆农业大学,2025,河北,本科批,历史类,,,524,15706,
1732,新疆农业职业技术大学,2025,河北,本科批,历史类,,,513,41275,
1735,新疆师范大学,2025,河北,本科批,历史类,,,363,129129,
1736,新疆师范大学,2025,河北,本科批,历史类,,,537,11905,
1744,新疆艺术学院,2025,河北,本科批,历史类,,,511,40662,
1746,新疆政法学院,2025,河北,本科批,历史类,,,524,22582,
1748,新乡学院,2025,河北,本科批,历史类,,,531,28710,
1751,新余学院,2025,河北,本科批,历史类,,,532,19607,
1752,信阳农林学院,2025,河北,本科批,历史类,,,523,32409,
1753,信阳师范大学,2025,河北,本科批,历史类,,,549,23040,
1757,邢台学院,2025,河北,本科批,历史类,,,520,20836,
1758,邢台学院,2025,河北,本科批,历史类,,,512,42421,
1759,邢台医学院,2025,河北,本科批,历史类,,,518,38958,
176,长春大学,2025,河北,本科批,历史类,,,534,12264,
1760,徐州工程学院,2025,河北,本科批,历史类,,,558,13269,
1763,许昌学院,2025,河北,本科批,历史类,,,533,16100,
1766,烟台大学,2025,河北,本科批,历史类,,,558,7453,
1767,烟台大学,2025,河北,本科批,历史类,,,511,43048,
177,长春工程学院,2025,河北,本科批,历史类,,,538,17629,
1771,延安大学,2025,河北,本科批,历史类,,,575,6004,
1774,延边大学,2025,河北,本科批,历史类,,,594,3051,
1778,盐城师范学院,2025,河北,本科批,历史类,,,535,29738,
178,长春工程学院,2025,河北,本科批,历史类,,,457,78537,
1781,燕山大学,2025,河北,本科批,历史类,,,579,6004,
1783,燕山大学,2025,河北,本科批,历史类,,,569,5123,
1784,燕山大学,2025,河北,本科批,历史类,,,565,16482,
1785,扬州大学,2025,河北,本科批,历史类,,,593,3215,
179,长春工业大学,2025,河北,本科批,历史类,,,551,9573,
1791,伊犁师范大学,2025,河北,本科批,历史类,,,518,23040,
1792,伊犁师范大学,2025,河北,本科批,历史类,,,379,138201,
1794,宜宾学院,2025,河北,本科批,历史类,,,546,16810,
1796,宜春学院,2025,河北,本科批,历史类,,,533,17629,
1797,营口理工学院,2025,河北,本科批,历史类,,,533,29242,
180,长春工业大学,2025,河北,本科批,历史类,,,402,107005,
1802,榆林学院,2025,河北,本科批,历史类,,,527,22582,
1804,玉林师范学院,2025,河北,本科批,历史类,,,538,28223,
1805,玉溪师范学院,2025,河北,本科批,历史类,,,536,22582,
1806,云南财经大学,2025,河北,本科批,历史类,,,560,7453,
1808,云南大学,2025,河北,本科批,历史类,,,601,2777,
1810,云南警官学院,2025,河北,本科批,历史类,,,573,13600,
1812,云南民族大学,2025,河北,本科批,历史类,,,537,17236,
1814,云南农业大学,2025,河北,本科批,历史类,,,528,20401,
1815,云南师范大学,2025,河北,本科批,历史类,,,535,10447,
1819,云南艺术学院,2025,河北,本科批,历史类,,,518,23983,
182,长春理工大学,2025,河北,本科批,历史类,,,547,9033,
1820,云南中医药大学,2025,河北,本科批,历史类,,,550,6445,
1823,运城学院,2025,河北,本科批,历史类,,,523,29738,
1832,张家口学院,2025,河北,本科批,历史类,,,515,26772,
1836,肇庆学院,2025,河北,本科批,历史类,,,520,23511,
1838,浙大城市学院,2025,河北,本科批,历史类,,,573,10447,
184,长春师范大学,2025,河北,本科批,历史类,,,516,9299,
1842,浙江财经大学,2025,河北,本科批,历史类,,,579,2906,
1843,浙江传媒学院,2025,河北,本科批,历史类,,,579,6241,
1844,浙江传媒学院,2025,河北,本科批,历史类,,,576,7950,
1846,浙江大学,2025,河北,本科批,历史类,,,657,96,
1851,浙江工商大学,2025,河北,本科批,历史类,,,593,4170,
1856,浙江机电职业技术大学,2025,河北,本科批,历史类,,,529,30243,
1863,浙江科技大学,2025,河北,本科批,历史类,,,560,7950,
1864,浙江理工大学,2025,河北,本科批,历史类,,,592,5759,
1866,浙江农林大学,2025,河北,本科批,历史类,,,583,5123,
1868,浙江师范大学,2025,河北,本科批,历史类,,,557,4350,
1871,浙江外国语学院,2025,河北,本科批,历史类,,,550,12601,
1872,浙江万里学院,2025,河北,本科批,历史类,,,515,17998,
1873,浙江药科职业大学,2025,河北,本科批,历史类,,,534,30243,
1875,浙江中医药大学,2025,河北,本科批,历史类,,,590,7950,
1877,郑州大学,2025,河北,本科批,历史类,,,613,1611,
1879,郑州工程技术学院,2025,河北,本科批,历史类,,,532,31323,
1880,郑州航空工业管理学院,2025,河北,本科批,历史类,,,547,12264,
1883,郑州轻工业大学,2025,河北,本科批,历史类,,,561,8451,
1884,郑州师范学院,2025,河北,本科批,历史类,,,556,19979,
1887,中北大学,2025,河北,本科批,历史类,,,566,13269,
1888,中国传媒大学,2025,河北,本科批,历史类,,,605,1005,
1889,中国传媒大学,2025,河北,本科批,历史类,,,620,2295,
189,长春中医药大学,2025,河北,本科批,历史类,,,580,5338,
1891,中国地质大学(北京),2025,河北,本科批,历史类,,,615,1523,
1893,中国地质大学(武汉),2025,河北,本科批,历史类,,,610,1789,
1895,中国海洋大学,2025,河北,本科批,历史类,,,621,1447,
1897,中国计量大学,2025,河北,本科批,历史类,,,606,3836,
190,长江大学,2025,河北,本科批,历史类,,,551,5546,
1901,中国矿业大学(徐州),2025,河北,本科批,历史类,,,610,2295,
1902,中国矿业大学(北京),2025,河北,本科批,历史类,,,614,3215,
1905,中国劳动关系学院,2025,河北,本科批,历史类,,,562,7453,
1907,中国美术学院,2025,河北,本科批,历史类,,,598,5123,
1909,中国民航大学,2025,河北,本科批,历史类,,,601,2651,
1910,中国民用航空飞行学院,2025,河北,本科批,历史类,,,571,14284,
1912,中国农业大学,2025,河北,本科批,历史类,,,615,779,
1914,中国人民大学,2025,河北,本科批,历史类,,,661,43,
1916,中国人民大学,2025,河北,本科批,历史类,,,632,779,
192,长江师范学院,2025,河北,本科批,历史类,,,563,17236,
1921,中国社会科学院大学,2025,河北,本科批,历史类,,,628,833,
1923,中国石油大学(北京),2025,河北,本科批,历史类,,,618,2777,
1925,中国石油大学(北京)克拉玛依校区,2025,河北,本科批,历史类,,,593,4942,
1928,中国石油大学(华东),2025,河北,本科批,历史类,,,608,2071,
1929,中国戏曲学院,2025,河北,本科批,历史类,,,555,11592,
1934,中国药科大学,2025,河北,本科批,历史类,,,611,3215,
1938,中国政法大学,2025,河北,本科批,历史类,,,628,167,
1940,中华女子学院,2025,河北,本科批,历史类,,,556,7696,
1942,中南财经政法大学,2025,河北,本科批,历史类,,,595,679,
1943,中南大学,2025,河北,本科批,历史类,,,627,722,
1945,中南林业科技大学,2025,河北,本科批,历史类,,,553,6241,
1946,中南民族大学,2025,河北,本科批,历史类,,,593,3836,
1947,中山大学,2025,河北,本科批,历史类,,,643,345,
1949,中央财经大学,2025,河北,本科批,历史类,,,617,475,
1951,中央美术学院,2025,河北,本科批,历史类,,,550,4745,
1952,中央民族大学,2025,河北,本科批,历史类,,,624,1075,
1956,中央戏剧学院,2025,河北,本科批,历史类,,,610,4008,
1958,中原工学院,2025,河北,本科批,历史类,,,541,16100,
1959,周口师范学院,2025,河北,本科批,历史类,,,531,14990,
1964,遵义师范学院,2025,河北,本科批,历史类,,,565,16482,
1969,北京第二外国语学院中瑞酒店管理学院,2025,河北,本科批,历史类,,,478,61531,
197,长沙理工大学,2025,河北,本科批,历史类,,,587,3521,
1970,北京工业大学耿丹学院,2025,河北,本科批,历史类,,,478,49149,
1971,北京科技大学天津学院,2025,河北,本科批,历史类,,,509,22582,
1972,北京邮电大学世纪学院,2025,河北,本科批,历史类,,,508,36684,
1973,北京中医药大学东方学院,2025,河北,本科批,历史类,,,480,48511,
1974,长春大学旅游学院,2025,河北,本科批,历史类,,,477,51070,
1975,长春工业大学人文信息学院,2025,河北,本科批,历史类,,,478,46711,
1976,长江大学文理学院,2025,河北,本科批,历史类,,,509,42421,
1977,常州大学怀德学院,2025,河北,本科批,历史类,,,508,38388,
1978,成都理工大学工程技术学院,2025,河北,本科批,历史类,,,518,35601,
1979,重庆工商大学派斯学院,2025,河北,本科批,历史类,,,518,35052,
1980,大连工业大学艺术与信息工程学院,2025,河北,本科批,历史类,,,488,49149,
1981,大连理工大学城市学院,2025,河北,本科批,历史类,,,496,41828,
1982,大连医科大学中山学院,2025,河北,本科批,历史类,,,479,63585,
1983,电子科技大学成都学院,2025,河北,本科批,历史类,,,514,33434,
1984,东南大学成贤学院,2025,河北,本科批,历史类,,,524,23511,
1985,福州大学至诚学院,2025,河北,本科批,历史类,,,496,32927,
1986,赣南师范大学科技学院,2025,河北,本科批,历史类,,,519,31323,
1987,广东外语外贸大学南国商学院,2025,河北,本科批,历史类,,,501,47300,
1988,广西民族大学相思湖学院,2025,河北,本科批,历史类,,,477,44239,
1991,杭州电子科技大学信息工程学院,2025,河北,本科批,历史类,,,514,41275,
1992,河北地质大学华信学院,2025,河北,本科批,历史类,,,483,43048,
1993,河北工程大学科信学院,2025,河北,本科批,历史类,,,509,37257,
1994,河北经贸大学经济管理学院,2025,河北,本科批,历史类,,,508,31323,
1995,河北农业大学现代科技学院,2025,河北,本科批,历史类,,,509,38388,
1996,河北医科大学临床学院,2025,河北,本科批,历史类,,,512,42421,
1997,黑龙江工程学院昆仑旅游学院,2025,河北,本科批,历史类,,,478,53596,
1998,湖北大学知行学院,2025,河北,本科批,历史类,,,509,24943,
1999,湖北大学知行学院,2025,河北,本科批,历史类,,,506,46082,
2000,湖北工程学院新技术学院,2025,河北,本科批,历史类,,,510,31323,
2001,湖北工业大学工程技术学院,2025,河北,本科批,历史类,,,504,41275,
2002,湖北经济学院法商学院,2025,河北,本科批,历史类,,,528,30243,
2003,湖北师范大学文理学院,2025,河北,本科批,历史类,,,514,35052,
2005,湖南科技大学潇湘学院,2025,河北,本科批,历史类,,,523,28710,
2006,湖南农业大学东方科技学院,2025,河北,本科批,历史类,,,510,43673,
2007,华北理工大学轻工学院,2025,河北,本科批,历史类,,,483,47300,
2008,华南农业大学珠江学院,2025,河北,本科批,历史类,,,478,51705,
2009,吉林师范大学博达学院,2025,河北,本科批,历史类,,,477,45438,
201,长沙学院,2025,河北,本科批,历史类,,,546,11905,
2010,集美大学诚毅学院,2025,河北,本科批,历史类,,,515,23040,
2011,江苏科技大学苏州理工学院,2025,河北,本科批,历史类,,,520,25909,
2012,江苏师范大学科文学院,2025,河北,本科批,历史类,,,510,31323,
2013,江西财经大学现代经济管理学院,2025,河北,本科批,历史类,,,509,27280,
2014,江西农业大学南昌商学院,2025,河北,本科批,历史类,,,508,39505,
2015,江西农业大学南昌商学院,2025,河北,本科批,历史类,,,502,48511,
2016,江西师范大学科学技术学院,2025,河北,本科批,历史类,,,522,33954,
2018,昆明理工大学津桥学院,2025,河北,本科批,历史类,,,498,35052,
2019,昆明医科大学海源学院,2025,河北,本科批,历史类,,,503,43048,
2020,辽宁师范大学海华学院,2025,河北,本科批,历史类,,,489,43673,
2022,聊城大学东昌学院,2025,河北,本科批,历史类,,,511,40076,
2023,南昌大学共青学院,2025,河北,本科批,历史类,,,504,35601,
2024,南昌大学科学技术学院,2025,河北,本科批,历史类,,,509,27280,
2026,南华大学船山学院,2025,河北,本科批,历史类,,,510,43673,
2027,南京财经大学红山学院,2025,河北,本科批,历史类,,,513,24485,
2028,南京工业大学浦江学院,2025,河北,本科批,历史类,,,514,33954,
203,长治学院,2025,河北,本科批,历史类,,,524,20401,
2030,南京审计大学金审学院,2025,河北,本科批,历史类,,,524,18388,
2034,内蒙古大学创业学院,2025,河北,本科批,历史类,,,508,33954,
2035,宁波大学科学技术学院,2025,河北,本科批,历史类,,,504,22095,
2036,宁夏大学新华学院,2025,河北,本科批,历史类,,,494,38958,
2037,青岛农业大学海都学院,2025,河北,本科批,历史类,,,508,40076,
2038,三峡大学科技学院,2025,河北,本科批,历史类,,,514,30243,
2039,山东财经大学东方学院,2025,河北,本科批,历史类,,,514,33434,
204,长治医学院,2025,河北,本科批,历史类,,,530,28710,
2040,陕西科技大学镐京学院,2025,河北,本科批,历史类,,,478,43048,
2041,上海财经大学浙江学院,2025,河北,本科批,历史类,,,522,17236,
2042,上海师范大学天华学院,2025,河北,本科批,历史类,,,477,64897,
2043,上海外国语大学贤达经济人文学院,2025,河北,本科批,历史类,,,479,31323,
2044,石家庄铁道大学四方学院,2025,河北,本科批,历史类,,,511,31846,
2045,首都师范大学科德学院,2025,河北,本科批,历史类,,,478,47300,
2046,四川大学锦江学院,2025,河北,本科批,历史类,,,514,31846,
2047,苏州大学应用技术学院,2025,河北,本科批,历史类,,,518,22095,
2048,天津财经大学珠江学院,2025,河北,本科批,历史类,,,513,31323,
2049,天津理工大学中环信息学院,2025,河北,本科批,历史类,,,509,34483,
2050,天津商业大学宝德学院,2025,河北,本科批,历史类,,,509,31323,
2051,天津商业大学宝德学院,2025,河北,本科批,历史类,,,487,56213,
2052,天津外国语大学滨海外事学院,2025,河北,本科批,历史类,,,510,35052,
2053,天津医科大学临床医学院,2025,河北,本科批,历史类,,,511,26772,
2054,温州医科大学仁济学院,2025,河北,本科批,历史类,,,505,46711,
2055,武汉纺织大学外经贸学院,2025,河北,本科批,历史类,,,496,39505,
2056,武汉工程大学邮电与信息工程学院,2025,河北,本科批,历史类,,,504,38958,
2057,武汉体育学院体育科技学院,2025,河北,本科批,历史类,,,507,45438,
2058,西安财经大学行知学院,2025,河北,本科批,历史类,,,514,39505,
2059,西安建筑科技大学华清学院,2025,河北,本科批,历史类,,,512,36127,
2060,西安交通大学城市学院,2025,河北,本科批,历史类,,,509,34483,
2061,西安科技大学高新学院,2025,河北,本科批,历史类,,,483,47901,
2062,西北大学现代学院,2025,河北,本科批,历史类,,,478,64257,
2063,西北大学现代学院,2025,河北,本科批,历史类,,,484,58171,
2064,西南财经大学天府学院,2025,河北,本科批,历史类,,,531,29242,
2065,西南交通大学希望学院,2025,河北,本科批,历史类,,,534,27769,
2066,厦门大学嘉庚学院,2025,河北,本科批,历史类,,,517,22095,
2067,延安大学西安创新学院,2025,河北,本科批,历史类,,,497,43048,
2068,浙江工商大学杭州商学院,2025,河北,本科批,历史类,,,511,24943,
2072,浙江师范大学行知学院,2025,河北,本科批,历史类,,,522,36684,
2074,中国矿业大学徐海学院,2025,河北,本科批,历史类,,,511,34483,
2075,中南林业科技大学涉外学院,2025,河北,本科批,历史类,,,511,30243,
2079,安徽外国语学院,2025,河北,本科批,历史类,,,498,43048,
2081,安阳学院,2025,河北,本科批,历史类,,,507,38958,
2088,保定理工学院,2025,河北,本科批,历史类,,,477,60848,
2090,北海艺术设计学院,2025,河北,本科批,历史类,,,479,53596,
2092,北京城市学院,2025,河北,本科批,历史类,,,525,23040,
2094,北京金融科技学院,2025,河北,本科批,历史类,,,478,60189,
21,安徽建筑大学,2025,河北,本科批,历史类,,,548,4745,
2105,沧州交通学院,2025,河北,本科批,历史类,,,477,46711,
2107,长春财经学院,2025,河北,本科批,历史类,,,477,44239,
2108,长春电子科技学院,2025,河北,本科批,历史类,,,481,51070,
2110,长春光华学院,2025,河北,本科批,历史类,,,477,41275,
2111,长春建筑学院,2025,河北,本科批,历史类,,,479,55552,
2113,长春科技学院,2025,河北,本科批,历史类,,,477,50419,
2114,长春人文学院,2025,河北,本科批,历史类,,,481,36684,
2115,长春人文学院,2025,河北,本科批,历史类,,,477,64897,
212,朝阳师范学院,2025,河北,本科批,历史类,,,524,22095,
2127,常德学院,2025,河北,本科批,历史类,,,491,36684,
213,成都大学,2025,河北,本科批,历史类,,,576,4942,
2130,成都东软学院,2025,河北,本科批,历史类,,,506,41828,
2131,成都锦城学院,2025,河北,本科批,历史类,,,509,30243,
2132,成都锦城学院,2025,河北,本科批,历史类,,,496,52355,
2133,成都外国语学院,2025,河北,本科批,历史类,,,482,29242,
2134,成都文理学院,2025,河北,本科批,历史类,,,497,38388,
2135,成都艺术职业大学,2025,河北,本科批,历史类,,,502,48511,
2136,成都银杏酒店管理学院,2025,河北,本科批,历史类,,,499,41828,
2138,重庆财经学院,2025,河北,本科批,历史类,,,519,26772,
2139,重庆城市科技学院,2025,河北,本科批,历史类,,,511,34483,
2143,重庆对外经贸学院,2025,河北,本科批,历史类,,,510,35601,
2146,重庆机电职业技术大学,2025,河北,本科批,历史类,,,504,43048,
2158,重庆人文科技学院,2025,河北,本科批,历史类,,,503,31323,
2159,重庆人文科技学院,2025,河北,本科批,历史类,,,494,53596,
2161,重庆外语外事学院,2025,河北,本科批,历史类,,,503,35052,
2164,重庆移通学院,2025,河北,本科批,历史类,,,498,43048,
2169,大连财经学院,2025,河北,本科批,历史类,,,497,36127,
2170,大连东软信息学院,2025,河北,本科批,历史类,,,477,58171,
2173,大连科技学院,2025,河北,本科批,历史类,,,477,52355,
2175,大连艺术学院,2025,河北,本科批,历史类,,,477,62894,
2182,滇池学院,2025,河北,本科批,历史类,,,477,41828,
2183,东莞城市学院,2025,河北,本科批,历史类,,,478,54857,
2184,福州理工学院,2025,河北,本科批,历史类,,,490,54207,
2185,福州外语外贸学院,2025,河北,本科批,历史类,,,493,53596,
219,成都理工大学,2025,河北,本科批,历史类,,,577,4170,
2190,广东白云学院,2025,河北,本科批,历史类,,,478,52965,
2194,广东工商职业技术大学,2025,河北,本科批,历史类,,,493,54207,
2196,广东科技学院,2025,河北,本科批,历史类,,,481,60189,
220,成都师范学院,2025,河北,本科批,历史类,,,569,14990,
2202,广西城市职业大学,2025,河北,本科批,历史类,,,478,62894,
2206,广西外国语学院,2025,河北,本科批,历史类,,,477,52355,
221,成都体育学院,2025,河北,本科批,历史类,,,543,16100,
2211,广州城市理工学院,2025,河北,本科批,历史类,,,479,52965,
2212,广州工商学院,2025,河北,本科批,历史类,,,477,58171,
2218,广州南方学院,2025,河北,本科批,历史类,,,477,56862,
222,成都信息工程大学,2025,河北,本科批,历史类,,,569,6241,
2221,广州商学院,2025,河北,本科批,历史类,,,497,43048,
2223,广州新华学院,2025,河北,本科批,历史类,,,487,38958,
2226,贵阳信息科技学院,2025,河北,本科批,历史类,,,501,49149,
2232,贵州黔南经济学院,2025,河北,本科批,历史类,,,508,44877,
224,成都中医药大学,2025,河北,本科批,历史类,,,549,9299,
2240,桂林信息科技学院,2025,河北,本科批,历史类,,,477,59535,
2241,桂林学院,2025,河北,本科批,历史类,,,483,42421,
2245,哈尔滨广厦学院,2025,河北,本科批,历史类,,,480,52965,
2246,哈尔滨华德学院,2025,河北,本科批,历史类,,,477,60848,
2247,哈尔滨剑桥学院,2025,河北,本科批,历史类,,,477,56213,
2248,哈尔滨石油学院,2025,河北,本科批,历史类,,,477,53596,
2249,哈尔滨信息工程学院,2025,河北,本科批,历史类,,,490,56213,
2252,海口经济学院,2025,河北,本科批,历史类,,,477,55552,
2257,海南科技职业大学,2025,河北,本科批,历史类,,,480,56213,
2259,汉口学院,2025,河北,本科批,历史类,,,480,37257,
226,承德医学院,2025,河北,本科批,历史类,,,532,13953,
2260,合肥城市学院,2025,河北,本科批,历史类,,,491,55552,
2264,河北传媒学院,2025,河北,本科批,历史类,,,477,44239,
2265,河北东方学院,2025,河北,本科批,历史类,,,477,51070,
2266,河北工程技术学院,2025,河北,本科批,历史类,,,478,46711,
2267,河北科技学院,2025,河北,本科批,历史类,,,477,58171,
2268,河北美术学院,2025,河北,本科批,历史类,,,477,61531,
2269,河北外国语学院,2025,河北,本科批,历史类,,,477,43673,
2270,河南开封科技传媒学院,2025,河北,本科批,历史类,,,507,43048,
2272,黑龙江财经学院,2025,河北,本科批,历史类,,,478,43048,
2273,黑龙江东方学院,2025,河北,本科批,历史类,,,486,48511,
2274,黑龙江工商学院,2025,河北,本科批,历史类,,,479,52355,
2276,黑龙江外国语学院,2025,河北,本科批,历史类,,,477,51070,
2282,湖北商贸学院,2025,河北,本科批,历史类,,,495,40662,
229,池州学院,2025,河北,本科批,历史类,,,527,22095,
2292,湖南涉外经济学院,2025,河北,本科批,历史类,,,477,44877,
2296,黄河科技学院,2025,河北,本科批,历史类,,,509,44239,
2298,吉利学院,2025,河北,本科批,历史类,,,491,47300,
2300,吉林动画学院,2025,河北,本科批,历史类,,,477,56862,
2303,吉林外国语大学,2025,河北,本科批,历史类,,,479,33954,
2309,江西服装学院,2025,河北,本科批,历史类,,,482,57521,
231,赤峰学院,2025,河北,本科批,历史类,,,526,28223,
2310,江西工程学院,2025,河北,本科批,历史类,,,514,41275,
2315,江西科技学院,2025,河北,本科批,历史类,,,493,43673,
232,赤峰学院,2025,河北,本科批,历史类,,,398,122735,
2320,江西应用科技学院,2025,河北,本科批,历史类,,,487,58171,
2325,晋中信息学院,2025,河北,本科批,历史类,,,506,40076,
2326,荆州学院,2025,河北,本科批,历史类,,,500,44239,
2330,昆明城市学院,2025,河北,本科批,历史类,,,485,44239,
2331,昆明传媒学院,2025,河北,本科批,历史类,,,482,51070,
2333,昆明文理学院,2025,河北,本科批,历史类,,,494,41275,
2336,兰州博文科技学院,2025,河北,本科批,历史类,,,494,44239,
2337,兰州工商学院,2025,河北,本科批,历史类,,,496,46711,
2341,丽江文化旅游学院,2025,河北,本科批,历史类,,,477,51070,
2342,辽宁传媒学院,2025,河北,本科批,历史类,,,478,51070,
2343,辽宁对外经贸学院,2025,河北,本科批,历史类,,,477,47300,
2345,辽宁何氏医学院,2025,河北,本科批,历史类,,,477,64897,
2346,辽宁理工学院,2025,河北,本科批,历史类,,,493,47901,
2349,柳州工学院,2025,河北,本科批,历史类,,,477,53596,
2356,绵阳城市学院,2025,河北,本科批,历史类,,,506,43048,
2364,南昌工学院,2025,河北,本科批,历史类,,,504,47300,
2365,南昌交通学院,2025,河北,本科批,历史类,,,501,41275,
2366,南昌理工学院,2025,河北,本科批,历史类,,,492,36684,
2367,南昌应用技术师范学院,2025,河北,本科批,历史类,,,516,36127,
237,重庆大学,2025,河北,本科批,历史类,,,636,1075,
2372,南京传媒学院,2025,河北,本科批,历史类,,,486,41828,
2374,南宁理工学院,2025,河北,本科批,历史类,,,478,52355,
2375,南宁学院,2025,河北,本科批,历史类,,,486,44877,
2376,南通理工学院,2025,河北,本科批,历史类,,,488,54857,
238,重庆大学,2025,河北,本科批,历史类,,,608,4350,
2380,内蒙古鸿德文理学院,2025,河北,本科批,历史类,,,500,39505,
2384,宁波财经学院,2025,河北,本科批,历史类,,,486,37257,
2385,宁夏理工学院,2025,河北,本科批,历史类,,,477,49149,
2387,齐鲁理工学院,2025,河北,本科批,历史类,,,507,45438,
2388,齐鲁医药学院,2025,河北,本科批,历史类,,,508,40076,
2389,齐齐哈尔工程学院,2025,河北,本科批,历史类,,,484,60189,
2392,青岛滨海学院,2025,河北,本科批,历史类,,,492,46082,
2393,青岛城市学院,2025,河北,本科批,历史类,,,483,36684,
2394,青岛电影学院,2025,河北,本科批,历史类,,,477,62196,
2395,青岛工学院,2025,河北,本科批,历史类,,,498,36127,
2397,青岛恒星科技学院,2025,河北,本科批,历史类,,,481,44877,
2398,青岛黄海学院,2025,河北,本科批,历史类,,,490,44239,
2406,泉州信息工程学院,2025,河北,本科批,历史类,,,484,49149,
2407,泉州职业技术大学,2025,河北,本科批,历史类,,,487,56862,
241,重庆第二师范学院,2025,河北,本科批,历史类,,,563,17236,
2410,三江学院,2025,河北,本科批,历史类,,,498,40076,
2415,三亚学院,2025,河北,本科批,历史类,,,477,51705,
2419,山东华宇工学院,2025,河北,本科批,历史类,,,496,46082,
2422,山东外国语职业技术大学,2025,河北,本科批,历史类,,,490,41828,
2425,山东现代学院,2025,河北,本科批,历史类,,,493,41275,
2426,山东协和学院,2025,河北,本科批,历史类,,,505,40076,
2428,山东英才学院,2025,河北,本科批,历史类,,,477,60189,
2429,山西工商学院,2025,河北,本科批,历史类,,,508,40662,
2430,山西晋中理工学院,2025,河北,本科批,历史类,,,507,44239,
2434,山西应用科技学院,2025,河北,本科批,历史类,,,506,39505,
2436,陕西服装工程学院,2025,河北,本科批,历史类,,,477,52355,
2437,陕西国际商贸学院,2025,河北,本科批,历史类,,,499,47901,
2447,上海建桥学院,2025,河北,本科批,历史类,,,486,52355,
2448,上海立达学院,2025,河北,本科批,历史类,,,484,58842,
245,重庆工商大学,2025,河北,本科批,历史类,,,502,4745,
2450,上海杉达学院,2025,河北,本科批,历史类,,,495,31323,
2451,上海视觉艺术学院,2025,河北,本科批,历史类,,,512,42421,
2454,上海中侨职业技术大学,2025,河北,本科批,历史类,,,479,52965,
2457,沈阳城市建设学院,2025,河北,本科批,历史类,,,487,52355,
2458,沈阳城市学院,2025,河北,本科批,历史类,,,477,49149,
2459,沈阳工学院,2025,河北,本科批,历史类,,,477,49775,
2460,沈阳科技学院,2025,河北,本科批,历史类,,,489,52355,
2475,四川传媒学院,2025,河北,本科批,历史类,,,492,38388,
2476,四川电影电视学院,2025,河北,本科批,历史类,,,505,39505,
2478,四川工商学院,2025,河北,本科批,历史类,,,507,40076,
2479,四川工业科技学院,2025,河北,本科批,历史类,,,512,42421,
2486,四川文化艺术学院,2025,河北,本科批,历史类,,,496,45438,
2499,泰山科技学院,2025,河北,本科批,历史类,,,479,46082,
2505,天津传媒学院,2025,河北,本科批,历史类,,,477,47300,
2506,天津仁爱学院,2025,河北,本科批,历史类,,,486,39505,
2507,天津天狮学院,2025,河北,本科批,历史类,,,495,41275,
2515,温州商学院,2025,河北,本科批,历史类,,,483,45438,
2516,文华学院,2025,河北,本科批,历史类,,,502,35601,
2518,无锡太湖学院,2025,河北,本科批,历史类,,,499,40076,
252,重庆交通大学,2025,河北,本科批,历史类,,,580,5759,
2520,武昌工学院,2025,河北,本科批,历史类,,,493,43673,
2521,武昌理工学院,2025,河北,本科批,历史类,,,495,42421,
2522,武昌首义学院,2025,河北,本科批,历史类,,,499,25909,
2525,武汉城市学院,2025,河北,本科批,历史类,,,505,36684,
2526,武汉传媒学院,2025,河北,本科批,历史类,,,508,40076,
2527,武汉东湖学院,2025,河北,本科批,历史类,,,504,35052,
2528,武汉工程科技学院,2025,河北,本科批,历史类,,,506,46082,
253,重庆科技大学,2025,河北,本科批,历史类,,,568,10447,
2531,武汉华夏理工学院,2025,河北,本科批,历史类,,,497,41275,
2532,武汉晴川学院,2025,河北,本科批,历史类,,,495,48511,
2535,武汉生物工程学院,2025,河北,本科批,历史类,,,505,38958,
2537,武汉文理学院,2025,河北,本科批,历史类,,,500,28223,
2539,武汉学院,2025,河北,本科批,历史类,,,509,25427,
254,重庆理工大学,2025,河北,本科批,历史类,,,561,6004,
2542,西安翻译学院,2025,河北,本科批,历史类,,,477,46711,
2544,西安工商学院,2025,河北,本科批,历史类,,,484,47300,
2546,西安交通工程学院,2025,河北,本科批,历史类,,,501,46082,
2547,西安明德理工学院,2025,河北,本科批,历史类,,,492,45438,
2548,西安欧亚学院,2025,河北,本科批,历史类,,,487,42421,
2549,西安培华学院,2025,河北,本科批,历史类,,,481,31846,
2550,西安汽车职业大学,2025,河北,本科批,历史类,,,485,53596,
2551,西安思源学院,2025,河北,本科批,历史类,,,477,41275,
2552,西安外事学院,2025,河北,本科批,历史类,,,485,47300,
2553,西安信息职业大学,2025,河北,本科批,历史类,,,485,56213,
2555,西京学院,2025,河北,本科批,历史类,,,494,41275,
2558,厦门工学院,2025,河北,本科批,历史类,,,484,46711,
256,重庆三峡学院,2025,河北,本科批,历史类,,,543,14284,
2565,湘潭理工学院,2025,河北,本科批,历史类,,,497,48511,
2570,新疆天山职业技术大学,2025,河北,本科批,历史类,,,488,43673,
2574,信阳学院,2025,河北,本科批,历史类,,,531,31323,
2579,烟台科技学院,2025,河北,本科批,历史类,,,506,38388,
2580,烟台理工学院,2025,河北,本科批,历史类,,,504,35601,
2581,烟台南山学院,2025,河北,本科批,历史类,,,498,44239,
2583,燕京理工学院,2025,河北,本科批,历史类,,,477,46082,
2585,阳光学院,2025,河北,本科批,历史类,,,477,47300,
2586,仰恩大学,2025,河北,本科批,历史类,,,495,52965,
2587,银川科技学院,2025,河北,本科批,历史类,,,477,52965,
2588,银川能源学院,2025,河北,本科批,历史类,,,478,58171,
259,重庆师范大学,2025,河北,本科批,历史类,,,573,4745,
2592,岳阳学院,2025,河北,本科批,历史类,,,496,40076,
2596,云南经济管理学院,2025,河北,本科批,历史类,,,483,50419,
26,安徽农业大学,2025,河北,本科批,历史类,,,568,9573,
2605,运城职业技术大学,2025,河北,本科批,历史类,,,506,32927,
2607,张家界学院,2025,河北,本科批,历史类,,,492,40662,
261,重庆文理学院,2025,河北,本科批,历史类,,,541,26772,
2610,浙江广厦建设职业技术大学,2025,河北,本科批,历史类,,,477,46711,
2611,浙江树人学院,2025,河北,本科批,历史类,,,497,51705,
2612,浙江越秀外国语学院,2025,河北,本科批,历史类,,,478,53596,
2613,郑州财经学院,2025,河北,本科批,历史类,,,511,32927,
2615,郑州工商学院,2025,河北,本科批,历史类,,,508,38958,
2616,郑州工业应用技术学院,2025,河北,本科批,历史类,,,506,46082,
2617,郑州经贸学院,2025,河北,本科批,历史类,,,510,38958,
2618,郑州科技学院,2025,河北,本科批,历史类,,,508,38958,
262,重庆文理学院,2025,河北,本科批,历史类,,,518,38958,
2621,郑州商学院,2025,河北,本科批,历史类,,,508,36127,
2622,郑州升达经贸管理学院,2025,河北,本科批,历史类,,,508,37257,
2624,郑州西亚斯学院,2025,河北,本科批,历史类,,,512,38958,
2627,中原科技学院,2025,河北,本科批,历史类,,,509,33954,
2629,珠海科技学院,2025,河北,本科批,历史类,,,509,30243,
266,重庆邮电大学,2025,河北,本科批,历史类,,,592,4170,
267,重庆中医药学院,2025,河北,本科批,历史类,,,574,7696,
269,滁州学院,2025,河北,本科批,历史类,,,530,15706,
271,楚雄师范学院,2025,河北,本科批,历史类,,,515,40662,
275,大理大学,2025,河北,本科批,历史类,,,552,11284,
276,大连大学,2025,河北,本科批,历史类,,,527,6004,
278,大连工业大学,2025,河北,本科批,历史类,,,545,12935,
279,大连海事大学,2025,河北,本科批,历史类,,,614,1697,
281,大连海洋大学,2025,河北,本科批,历史类,,,601,5759,
283,大连交通大学,2025,河北,本科批,历史类,,,565,9573,
285,大连理工大学,2025,河北,本科批,历史类,,,617,1884,
288,大连民族大学,2025,河北,本科批,历史类,,,554,7453,
290,大连外国语大学,2025,河北,本科批,历史类,,,570,8190,
291,大连医科大学,2025,河北,本科批,历史类,,,609,4170,
294,大庆师范学院,2025,河北,本科批,历史类,,,525,27769,
30,安徽师范大学,2025,河北,本科批,历史类,,,557,6004,
300,德州学院,2025,河北,本科批,历史类,,,563,17236,
302,滇西科技师范学院,2025,河北,本科批,历史类,,,537,28710,
303,滇西应用技术大学,2025,河北,本科批,历史类,,,500,16482,
304,电子科技大学,2025,河北,本科批,历史类,,,623,1200,
308,东北财经大学,2025,河北,本科批,历史类,,,572,1447,
310,东北大学秦皇岛分校,2025,河北,本科批,历史类,,,615,1447,
311,东北大学,2025,河北,本科批,历史类,,,620,2071,
314,东北电力大学,2025,河北,本科批,历史类,,,554,14284,
316,东北林业大学,2025,河北,本科批,历史类,,,603,2651,
317,东北农业大学,2025,河北,本科批,历史类,,,585,2777,
318,东北师范大学,2025,河北,本科批,历史类,,,586,1523,
322,东北石油大学,2025,河北,本科批,历史类,,,559,7950,
324,东华大学,2025,河北,本科批,历史类,,,617,2295,
325,东华理工大学,2025,河北,本科批,历史类,,,551,12264,
328,东南大学,2025,河北,本科批,历史类,,,631,833,
329,东莞理工学院,2025,河北,本科批,历史类,,,554,14284,
333,对外经济贸易大学,2025,河北,本科批,历史类,,,636,435,
336,鄂尔多斯应用技术学院,2025,河北,本科批,历史类,,,523,36127,
341,防灾科技学院,2025,河北,本科批,历史类,,,546,14990,
342,福建技术师范学院,2025,河北,本科批,历史类,,,520,19202,
343,福建江夏学院,2025,河北,本科批,历史类,,,540,13269,
345,福建农林大学,2025,河北,本科批,历史类,,,516,8190,
346,福建商学院,2025,河北,本科批,历史类,,,532,16100,
347,福建商学院,2025,河北,本科批,历史类,,,418,107005,
348,福建师范大学,2025,河北,本科批,历史类,,,539,14284,
350,福建医科大学,2025,河北,本科批,历史类,,,564,16810,
352,福州大学,2025,河北,本科批,历史类,,,609,3363,
360,阜阳师范大学,2025,河北,本科批,历史类,,,553,11284,
364,复旦大学,2025,河北,本科批,历史类,,,667,43,
372,甘肃林业职业技术大学,2025,河北,本科批,历史类,,,512,42421,
373,甘肃民族师范学院,2025,河北,本科批,历史类,,,522,36684,
379,甘肃政法大学,2025,河北,本科批,历史类,,,552,6445,
380,甘肃中医药大学,2025,河北,本科批,历史类,,,552,4350,
381,赣东学院,2025,河北,本科批,历史类,,,539,24943,
382,赣南科技学院,2025,河北,本科批,历史类,,,521,22095,
383,赣南师范大学,2025,河北,本科批,历史类,,,539,9573,
387,广东财经大学,2025,河北,本科批,历史类,,,613,3521,
392,广东工业大学,2025,河北,本科批,历史类,,,583,5759,
394,广东技术师范大学,2025,河北,本科批,历史类,,,565,16482,
397,广东金融学院,2025,河北,本科批,历史类,,,586,8746,
40,安徽中医药大学,2025,河北,本科批,历史类,,,590,8451,
41,安康学院,2025,河北,本科批,历史类,,,530,20836,
410,广东外语外贸大学,2025,河北,本科批,历史类,,,592,2651,
416,广西财经学院,2025,河北,本科批,历史类,,,532,15706,
421,广西警察学院,2025,河北,本科批,历史类,,,534,30243,
422,广西科技大学,2025,河北,本科批,历史类,,,555,17236,
423,广西科技师范学院,2025,河北,本科批,历史类,,,541,25427,
424,广西民族大学,2025,河北,本科批,历史类,,,503,10128,
425,广西民族大学,2025,河北,本科批,历史类,,,539,27769,
426,广西民族师范学院,2025,河北,本科批,历史类,,,518,33954,
428,广西师范大学,2025,河北,本科批,历史类,,,494,8451,
43,安庆师范大学,2025,河北,本科批,历史类,,,548,12601,
432,广西艺术学院,2025,河北,本科批,历史类,,,514,34483,
434,广西中医药大学,2025,河北,本科批,历史类,,,601,5759,
437,广州大学,2025,河北,本科批,历史类,,,590,4170,
446,广州中医药大学,2025,河北,本科批,历史类,,,598,1349,
447,贵阳康养职业大学,2025,河北,本科批,历史类,,,518,23511,
448,贵州财经大学,2025,河北,本科批,历史类,,,544,6701,
45,安顺学院,2025,河北,本科批,历史类,,,521,30800,
450,贵州大学,2025,河北,本科批,历史类,,,565,3051,
452,贵州工程应用技术学院,2025,河北,本科批,历史类,,,541,26772,
46,安阳工学院,2025,河北,本科批,历史类,,,530,30800,
460,贵州民族大学,2025,河北,本科批,历史类,,,577,12264,
461,贵州民族大学,2025,河北,本科批,历史类,,,537,28710,
463,贵州商学院,2025,河北,本科批,历史类,,,530,23983,
465,贵州师范大学,2025,河北,本科批,历史类,,,518,12264,
466,贵州师范学院,2025,河北,本科批,历史类,,,542,26359,
47,安阳师范学院,2025,河北,本科批,历史类,,,534,13953,
470,贵州中医药大学,2025,河北,本科批,历史类,,,552,8190,
471,桂林电子科技大学,2025,河北,本科批,历史类,,,550,7696,
472,桂林航天工业学院,2025,河北,本科批,历史类,,,529,21668,
473,桂林理工大学,2025,河北,本科批,历史类,,,551,13953,
474,桂林旅游学院,2025,河北,本科批,历史类,,,481,59535,
475,桂林师范学院,2025,河北,本科批,历史类,,,528,33434,
476,桂林医科大学,2025,河北,本科批,历史类,,,511,43048,
480,哈尔滨工程大学,2025,河北,本科批,历史类,,,613,2071,
482,哈尔滨工业大学,2025,河北,本科批,历史类,,,637,1005,
484,哈尔滨工业大学(深圳),2025,河北,本科批,历史类,,,622,876,
485,哈尔滨工业大学(威海),2025,河北,本科批,历史类,,,629,1611,
487,哈尔滨金融学院,2025,河北,本科批,历史类,,,540,24943,
491,哈尔滨商业大学,2025,河北,本科批,历史类,,,552,5546,
492,哈尔滨师范大学,2025,河北,本科批,历史类,,,546,8190,
493,哈尔滨体育学院,2025,河北,本科批,历史类,,,526,28710,
495,哈尔滨学院,2025,河北,本科批,历史类,,,536,15706,
496,哈尔滨医科大学,2025,河北,本科批,历史类,,,579,11592,
498,哈尔滨音乐学院,2025,河北,本科批,历史类,,,520,37811,
5,安徽财经大学,2025,河北,本科批,历史类,,,557,4170,
50,鞍山师范学院,2025,河北,本科批,历史类,,,529,28710,
500,哈尔滨职业技术大学,2025,河北,本科批,历史类,,,519,38388,
504,海南大学,2025,河北,本科批,历史类,,,561,2071,
506,海南热带海洋学院,2025,河北,本科批,历史类,,,479,20836,
508,海南师范大学,2025,河北,本科批,历史类,,,551,6980,
509,海南师范大学,2025,河北,本科批,历史类,,,502,25427,
515,邯郸学院,2025,河北,本科批,历史类,,,518,23511,
519,韩山师范学院,2025,河北,本科批,历史类,,,539,25909,
520,汉江师范学院,2025,河北,本科批,历史类,,,542,26359,
522,杭州电子科技大学,2025,河北,本科批,历史类,,,592,4008,
523,杭州师范大学,2025,河北,本科批,历史类,,,578,9855,
527,合肥大学,2025,河北,本科批,历史类,,,535,9573,
528,合肥工业大学,2025,河北,本科批,历史类,,,609,4170,
53,白城师范学院,2025,河北,本科批,历史类,,,525,23983,
530,合肥工业大学,2025,河北,本科批,历史类,,,606,4745,
533,合肥师范学院,2025,河北,本科批,历史类,,,539,15706,
537,河北北方学院,2025,河北,本科批,历史类,,,511,17236,
539,河北大学,2025,河北,本科批,历史类,,,520,4170,
540,河北大学,2025,河北,本科批,历史类,,,502,23511,
541,河北大学,2025,河北,本科批,历史类,,,563,7228,
542,河北大学,2025,河北,本科批,历史类,,,551,16482,
545,河北大学,2025,河北,本科批,历史类,,,562,17629,
546,河北地质大学,2025,河北,本科批,历史类,,,534,11284,
547,河北地质大学,2025,河北,本科批,历史类,,,555,17629,
550,河北工程大学,2025,河北,本科批,历史类,,,563,8746,
552,河北工程大学,2025,河北,本科批,历史类,,,557,8451,
554,河北工业大学,2025,河北,本科批,历史类,,,600,2651,
557,河北工业大学,2025,河北,本科批,历史类,,,589,8746,
558,河北工业大学,2025,河北,本科批,历史类,,,603,2181,
561,河北工业职业技术大学,2025,河北,本科批,历史类,,,516,31323,
567,河北环境工程学院,2025,河北,本科批,历史类,,,517,32927,
57,百色学院,2025,河北,本科批,历史类,,,516,30800,
570,河北建筑工程学院,2025,河北,本科批,历史类,,,516,33434,
572,河北金融学院,2025,河北,本科批,历史类,,,477,64257,
573,河北金融学院,2025,河北,本科批,历史类,,,532,12935,
574,河北经贸大学,2025,河北,本科批,历史类,,,524,7453,
575,河北经贸大学,2025,河北,本科批,历史类,,,554,7453,
576,河北经贸大学,2025,河北,本科批,历史类,,,563,17236,
578,河北经贸大学,2025,河北,本科批,历史类,,,548,23511,
579,河北科技大学,2025,河北,本科批,历史类,,,554,9033,
580,河北科技大学,2025,河北,本科批,历史类,,,552,11023,
582,河北科技大学,2025,河北,本科批,历史类,,,546,24485,
583,河北科技工程职业技术大学,2025,河北,本科批,历史类,,,512,34483,
584,河北科技师范学院,2025,河北,本科批,历史类,,,525,13953,
587,河北民族师范学院,2025,河北,本科批,历史类,,,520,21243,
588,河北民族师范学院,2025,河北,本科批,历史类,,,510,43673,
591,河北农业大学,2025,河北,本科批,历史类,,,551,9573,
592,河北农业大学,2025,河北,本科批,历史类,,,552,10728,
595,河北农业大学,2025,河北,本科批,历史类,,,545,24943,
600,河北师范大学,2025,河北,本科批,历史类,,,514,7453,
601,河北师范大学,2025,河北,本科批,历史类,,,559,6980,
604,河北师范大学,2025,河北,本科批,历史类,,,557,19607,
606,河北石油职业技术大学,2025,河北,本科批,历史类,,,516,33434,
607,河北水利电力学院,2025,河北,本科批,历史类,,,519,26359,
609,河北体育学院,2025,河北,本科批,历史类,,,516,37257,
610,河北医科大学,2025,河北,本科批,历史类,,,567,15706,
611,河北医科大学,2025,河北,本科批,历史类,,,535,29738,
617,河北中医药大学,2025,河北,本科批,历史类,,,554,3836,
618,河北中医药大学,2025,河北,本科批,历史类,,,570,8746,
622,河池学院,2025,河北,本科批,历史类,,,517,35601,
623,河海大学,2025,河北,本科批,历史类,,,612,1697,
625,河南财经政法大学,2025,河北,本科批,历史类,,,570,4170,
626,河南财政金融学院,2025,河北,本科批,历史类,,,545,13269,
628,河南城建学院,2025,河北,本科批,历史类,,,517,23983,
629,河南大学,2025,河北,本科批,历史类,,,582,3051,
631,河南工程学院,2025,河北,本科批,历史类,,,546,14639,
633,河南工业大学,2025,河北,本科批,历史类,,,569,6241,
64,宝鸡文理学院,2025,河北,本科批,历史类,,,533,14284,
641,河南科技大学,2025,河北,本科批,历史类,,,550,10447,
642,河南科技学院,2025,河北,本科批,历史类,,,530,27769,
643,河南理工大学,2025,河北,本科批,历史类,,,562,7453,
644,河南牧业经济学院,2025,河北,本科批,历史类,,,521,19202,
645,河南农业大学,2025,河北,本科批,历史类,,,551,7950,
648,河南师范大学,2025,河北,本科批,历史类,,,552,7228,
649,河南师范大学,2025,河北,本科批,历史类,,,544,25427,
657,河南中医药大学,2025,河北,本科批,历史类,,,555,17236,
658,河西学院,2025,河北,本科批,历史类,,,517,23040,
661,菏泽学院,2025,河北,本科批,历史类,,,543,24485,
668,黑河学院,2025,河北,本科批,历史类,,,516,29738,
669,黑河学院,2025,河北,本科批,历史类,,,361,136545,
67,保定学院,2025,河北,本科批,历史类,,,519,20836,
670,黑龙江八一农垦大学,2025,河北,本科批,历史类,,,548,15706,
672,黑龙江大学,2025,河北,本科批,历史类,,,554,8746,
673,黑龙江工程学院,2025,河北,本科批,历史类,,,536,21243,
674,黑龙江工业学院,2025,河北,本科批,历史类,,,521,28223,
678,黑龙江科技大学,2025,河北,本科批,历史类,,,549,11592,
68,保定学院,2025,河北,本科批,历史类,,,515,40662,
693,黑龙江中医药大学,2025,河北,本科批,历史类,,,564,4745,
695,衡水学院,2025,河北,本科批,历史类,,,514,25909,
701,衡阳师范学院,2025,河北,本科批,历史类,,,541,12935,
703,红河学院,2025,河北,本科批,历史类,,,522,31846,
704,呼和浩特民族学院,2025,河北,本科批,历史类,,,533,23983,
707,呼伦贝尔学院,2025,河北,本科批,历史类,,,527,27280,
708,呼伦贝尔学院,2025,河北,本科批,历史类,,,366,148854,
712,湖北大学,2025,河北,本科批,历史类,,,599,3215,
713,湖北第二师范学院,2025,河北,本科批,历史类,,,551,14639,
716,湖北工业大学,2025,河北,本科批,历史类,,,589,6701,
72,北方工业大学,2025,河北,本科批,历史类,,,589,3051,
722,湖北经济学院,2025,河北,本科批,历史类,,,510,7950,
725,湖北理工学院,2025,河北,本科批,历史类,,,546,20836,
727,湖北民族大学,2025,河北,本科批,历史类,,,548,12264,
728,湖北汽车工业学院,2025,河北,本科批,历史类,,,527,33954,
733,湖北师范大学,2025,河北,本科批,历史类,,,566,7228,
737,湖北文理学院,2025,河北,本科批,历史类,,,521,37257,
74,北方民族大学,2025,河北,本科批,历史类,,,548,12601,
741,湖北中医药大学,2025,河北,本科批,历史类,,,557,4745,
745,湖南财政经济学院,2025,河北,本科批,历史类,,,546,12601,
747,湖南城市学院,2025,河北,本科批,历史类,,,539,19607,
748,湖南大学,2025,河北,本科批,历史类,,,629,594,
753,湖南工程学院,2025,河北,本科批,历史类,,,537,23040,
755,湖南工商大学,2025,河北,本科批,历史类,,,566,4350,
757,湖南工业大学,2025,河北,本科批,历史类,,,554,6241,
76,北华大学,2025,河北,本科批,历史类,,,553,8451,
763,湖南科技大学,2025,河北,本科批,历史类,,,558,5759,
764,湖南科技学院,2025,河北,本科批,历史类,,,522,19607,
765,湖南理工学院,2025,河北,本科批,历史类,,,542,14639,
766,湖南农业大学,2025,河北,本科批,历史类,,,554,8190,
767,湖南女子学院,2025,河北,本科批,历史类,,,528,23040,
77,北华航天工业学院,2025,河北,本科批,历史类,,,538,16482,
770,湖南人文科技学院,2025,河北,本科批,历史类,,,550,18763,
772,湖南师范大学,2025,河北,本科批,历史类,,,596,1697,
773,湖南师范大学,2025,河北,本科批,历史类,,,600,5338,
779,湖南文理学院,2025,河北,本科批,历史类,,,543,15706,
783,湖南中医药大学,2025,河北,本科批,历史类,,,554,3521,
784,湖州师范学院,2025,河北,本科批,历史类,,,546,21668,
785,湖州学院,2025,河北,本科批,历史类,,,547,16482,
787,华北电力大学(保定),2025,河北,本科批,历史类,,,608,2295,
789,华北电力大学(北京),2025,河北,本科批,历史类,,,618,1447,
79,北京大学,2025,河北,本科批,历史类,,,671,43,
792,华北科技学院,2025,河北,本科批,历史类,,,543,12601,
793,华北理工大学,2025,河北,本科批,历史类,,,548,12601,
796,华北理工大学,2025,河北,本科批,历史类,,,544,25427,
797,华北理工大学,2025,河北,本科批,历史类,,,553,11284,
798,华北水利水电大学,2025,河北,本科批,历史类,,,563,9033,
799,华东交通大学,2025,河北,本科批,历史类,,,574,6241,
8,安徽大学,2025,河北,本科批,历史类,,,612,1884,
800,华东理工大学,2025,河北,本科批,历史类,,,611,1611,
802,华东师范大学,2025,河北,本科批,历史类,,,635,378,
807,华东政法大学,2025,河北,本科批,历史类,,,616,679,
808,华南理工大学,2025,河北,本科批,历史类,,,622,679,
81,北京大学医学部,2025,河北,本科批,历史类,,,666,86,
812,华南师范大学,2025,河北,本科批,历史类,,,602,2071,
813,华侨大学,2025,河北,本科批,历史类,,,566,4008,
814,华中科技大学,2025,河北,本科批,历史类,,,626,679,
817,华中农业大学,2025,河北,本科批,历史类,,,594,2071,
820,华中师范大学,2025,河北,本科批,历史类,,,616,1075,
822,怀化学院,2025,河北,本科批,历史类,,,530,18763,
824,淮北师范大学,2025,河北,本科批,历史类,,,548,11023,
83,北京第二外国语学院,2025,河北,本科批,历史类,,,599,3521,
830,淮阴师范学院,2025,河北,本科批,历史类,,,522,13953,
831,黄冈师范学院,2025,河北,本科批,历史类,,,529,14284,
833,黄淮学院,2025,河北,本科批,历史类,,,533,21243,
834,黄山学院,2025,河北,本科批,历史类,,,524,35601,
839,惠州学院,2025,河北,本科批,历史类,,,540,27280,
84,北京电影学院,2025,河北,本科批,历史类,,,597,3521,
842,吉林财经大学,2025,河北,本科批,历史类,,,547,5338,
843,吉林大学,2025,河北,本科批,历史类,,,623,309,
846,吉林工程技术师范学院,2025,河北,本科批,历史类,,,520,25427,
848,吉林工商学院,2025,河北,本科批,历史类,,,523,17236,
851,吉林建筑大学,2025,河北,本科批,历史类,,,510,21668,
853,吉林警察学院,2025,河北,本科批,历史类,,,517,13600,
854,吉林农业大学,2025,河北,本科批,历史类,,,558,15333,
855,吉林农业科技学院,2025,河北,本科批,历史类,,,516,29242,
856,吉林师范大学,2025,河北,本科批,历史类,,,526,8746,
857,吉林师范大学,2025,河北,本科批,历史类,,,543,25909,
860,吉林体育学院,2025,河北,本科批,历史类,,,517,39505,
862,吉林医药学院,2025,河北,本科批,历史类,,,534,25909,
864,吉林艺术学院,2025,河北,本科批,历史类,,,512,36684,
865,吉首大学,2025,河北,本科批,历史类,,,551,10728,
867,集美大学,2025,河北,本科批,历史类,,,572,3660,
868,集宁师范学院,2025,河北,本科批,历史类,,,526,34483,
869,济南大学,2025,河北,本科批,历史类,,,565,4745,
87,北京服装学院,2025,河北,本科批,历史类,,,574,12264,
873,济宁学院,2025,河北,本科批,历史类,,,554,20836,
877,暨南大学,2025,河北,本科批,历史类,,,609,1447,
88,北京工商大学,2025,河北,本科批,历史类,,,602,5546,
880,佳木斯大学,2025,河北,本科批,历史类,,,556,19979,
882,嘉兴大学,2025,河北,本科批,历史类,,,562,7228,
883,嘉兴南湖学院,2025,河北,本科批,历史类,,,555,18388,
889,江南大学,2025,河北,本科批,历史类,,,615,1884,
896,江苏大学,2025,河北,本科批,历史类,,,608,2651,
897,江苏第二师范学院,2025,河北,本科批,历史类,,,551,14990,
902,江苏海洋大学,2025,河北,本科批,历史类,,,558,12601,
909,江苏科技大学,2025,河北,本科批,历史类,,,565,4942,
910,江苏理工学院,2025,河北,本科批,历史类,,,570,13953,
914,江苏师范大学,2025,河北,本科批,历史类,,,589,4008,
919,江西财经大学,2025,河北,本科批,历史类,,,589,2651,
92,北京航空航天大学,2025,河北,本科批,历史类,,,650,409,
922,江西飞行学院,2025,河北,本科批,历史类,,,525,22582,
930,江西科技师范大学,2025,河北,本科批,历史类,,,543,10128,
931,江西理工大学,2025,河北,本科批,历史类,,,554,8746,
932,江西农业大学,2025,河北,本科批,历史类,,,562,13600,
936,江西师范大学,2025,河北,本科批,历史类,,,510,5759,
937,江西师范大学,2025,河北,本科批,历史类,,,551,22095,
939,江西水利电力大学,2025,河北,本科批,历史类,,,546,11905,
95,北京化工大学,2025,河北,本科批,历史类,,,618,1697,
954,江西中医药大学,2025,河北,本科批,历史类,,,547,5546,
957,金华职业技术大学,2025,河北,本科批,历史类,,,525,23983,
958,金陵科技学院,2025,河北,本科批,历史类,,,566,14284,
962,晋中学院,2025,河北,本科批,历史类,,,536,28223,
963,荆楚理工学院,2025,河北,本科批,历史类,,,536,29242,
967,井冈山大学,2025,河北,本科批,历史类,,,546,11905,
968,景德镇陶瓷大学,2025,河北,本科批,历史类,,,551,8746,
969,景德镇学院,2025,河北,本科批,历史类,,,525,27280,
970,九江学院,2025,河北,本科批,历史类,,,515,16810,
973,喀什大学,2025,河北,本科批,历史类,,,520,20401,
98,北京交通大学,2025,河北,本科批,历史类,,,617,1262,
982,昆明理工大学,2025,河北,本科批,历史类,,,562,6980,
983,昆明学院,2025,河北,本科批,历史类,,,529,16810,
989,兰州财经大学,2025,河北,本科批,历史类,,,542,9573,
990,兰州财经大学,2025,河北,本科批,历史类,,,369,120421,
991,兰州城市学院,2025,河北,本科批,历史类,,,534,28223,
992,兰州大学,2025,河北,本科批,历史类,,,625,1125,
997,兰州交通大学,2025,河北,本科批,历史类,,,560,9033,
998,兰州交通大学,2025,河北,本科批,历史类,,,389,129959,
999,兰州理工大学,2025,河北,本科批,历史类,,,546,8746,
1372,上海海关学院,2025,河北,本科提前批A段,历史类,,,635,876,
1474,四川外国语大学,2025,河北,本科提前批A段,历史类,,,576,6445,
1548,天津师范大学,2025,河北,本科提前批A段,历史类,,,602,5546,
1888,中国传媒大学,2025,河北,本科提前批A段,历史类,,,611,3660,
1895,中国海洋大学,2025,河北,本科提前批A段,历史类,,,615,2906,
1917,中国人民公安大学,2025,河北,本科提前批A段,历史类,,,611,86,
1930,中国消防救援学院,2025,河北,本科提前批A段,历史类,,,587,5759,
1931,中国刑事警察学院,2025,河北,本科提前批A段,历史类,,,605,4942,
1932,中国刑事警察学院,2025,河北,本科提前批A段,历史类,,,617,512,
30,安徽师范大学,2025,河北,本科提前批A段,历史类,,,582,10728,
820,华中师范大学,2025,河北,本科提前批A段,历史类,,,608,4350,
843,吉林大学,2025,河北,本科提前批A段,历史类,,,630,1523,
1077,闽南师范大学,2025,河北,本科提前批B段,历史类,,,584,10128,
1094,南京大学,2025,河北,本科提前批B段,历史类,,,649,378,
1114,南京师范大学,2025,河北,本科提前批B段,历史类,,,622,2295,
1128,南开大学,2025,河北,本科提前批B段,历史类,,,643,679,
116,北京林业大学,2025,河北,本科提前批B段,历史类,,,619,2651,
122,北京师范大学,2025,河北,本科提前批B段,历史类,,,646,475,
1226,清华大学,2025,河北,本科提前批B段,历史类,,,670,50,
123,北京师范大学,2025,河北,本科提前批B段,历史类,,,648,475,
124,北京师范大学,2025,河北,本科提前批B段,历史类,,,622,2295,
1251,山东大学,2025,河北,本科提前批B段,历史类,,,631,1447,
1253,山东大学威海分校,2025,河北,本科提前批B段,历史类,,,625,1075,
127,北京体育大学,2025,河北,本科提前批B段,历史类,,,612,2906,
130,北京外国语大学,2025,河北,本科提前批B段,历史类,,,608,1075,
1342,陕西师范大学,2025,河北,本科提前批B段,历史类,,,624,931,
1343,陕西师范大学,2025,河北,本科提前批B段,历史类,,,611,1447,
1345,陕西师范大学,2025,河北,本科提前批B段,历史类,,,618,2410,
1396,上海外国语大学,2025,河北,本科提前批B段,历史类,,,623,2181,
1441,石家庄铁道大学,2025,河北,本科提前批B段,历史类,,,569,9033,
1446,石家庄学院,2025,河北,本科提前批B段,历史类,,,589,8746,
145,北京语言大学,2025,河北,本科提前批B段,历史类,,,611,3836,
1462,四川大学,2025,河北,本科提前批B段,历史类,,,629,1611,
1486,苏州大学,2025,河北,本科提前批B段,历史类,,,615,3215,
1515,唐山师范学院,2025,河北,本科提前批B段,历史类,,,584,1447,
1550,天津师范大学,2025,河北,本科提前批B段,历史类,,,581,11023,
161,沧州师范学院,2025,河北,本科提前批B段,历史类,,,590,3836,
1613,武汉大学,2025,河北,本科提前批B段,历史类,,,652,345,
1647,西安交通大学,2025,河北,本科提前批B段,历史类,,,642,722,
1682,西南财经大学,2025,河北,本科提前批B段,历史类,,,616,1789,
1684,西南大学,2025,河北,本科提前批B段,历史类,,,624,1075,
1687,西南大学,2025,河北,本科提前批B段,历史类,,,626,1884,
1689,西南交通大学,2025,河北,本科提前批B段,历史类,,,616,2906,
1701,厦门大学,2025,河北,本科提前批B段,历史类,,,639,876,
1782,燕山大学,2025,河北,本科提前批B段,历史类,,,581,6004,
1786,扬州大学,2025,河北,本科提前批B段,历史类,,,598,3836,
1841,浙江财经大学,2025,河北,本科提前批B段,历史类,,,610,3051,
1847,浙江大学,2025,河北,本科提前批B段,历史类,,,649,198,
1890,中国传媒大学,2025,河北,本科提前批B段,历史类,,,621,1976,
1906,中国劳动关系学院,2025,河北,本科提前批B段,历史类,,,559,12264,
1915,中国人民大学,2025,河北,本科提前批B段,历史类,,,656,198,
1922,中国社会科学院大学,2025,河北,本科提前批B段,历史类,,,628,1447,
1939,中国政法大学,2025,河北,本科提前批B段,历史类,,,649,435,
1941,中南财经政法大学,2025,河北,本科提前批B段,历史类,,,616,2528,
1944,中南大学,2025,河北,本科提前批B段,历史类,,,631,1447,
1948,中山大学,2025,河北,本科提前批B段,历史类,,,631,722,
1950,中央财经大学,2025,河北,本科提前批B段,历史类,,,630,639,
1953,中央民族大学,2025,河北,本科提前批B段,历史类,,,604,5123,
282,大连海洋大学,2025,河北,本科提前批B段,历史类,,,616,3051,
289,大连民族大学,2025,河北,本科提前批B段,历史类,,,582,10728,
309,东北财经大学,2025,河北,本科提前批B段,历史类,,,624,2071,
319,东北师范大学,2025,河北,本科提前批B段,历史类,,,634,1005,
320,东北师范大学,2025,河北,本科提前批B段,历史类,,,610,2528,
321,东北师范大学,2025,河北,本科提前批B段,历史类,,,618,2777,
323,东华大学,2025,河北,本科提前批B段,历史类,,,616,2528,
334,对外经济贸易大学,2025,河北,本科提前批B段,历史类,,,629,1075,
363,复旦大学,2025,河北,本科提前批B段,历史类,,,663,129,
516,邯郸学院,2025,河北,本科提前批B段,历史类,,,576,2410,
543,河北大学,2025,河北,本科提前批B段,历史类,,,568,7228,
548,河北地质大学,2025,河北,本科提前批B段,历史类,,,546,15706,
551,河北工程大学,2025,河北,本科提前批B段,历史类,,,558,11284,
556,河北工业大学,2025,河北,本科提前批B段,历史类,,,600,2410,
577,河北经贸大学,2025,河北,本科提前批B段,历史类,,,553,7228,
581,河北科技大学,2025,河北,本科提前批B段,历史类,,,544,11592,
589,河北民族师范学院,2025,河北,本科提前批B段,历史类,,,577,8451,
593,河北农业大学,2025,河北,本科提前批B段,历史类,,,560,11905,
602,河北师范大学,2025,河北,本科提前批B段,历史类,,,594,1447,
603,河北师范大学,2025,河北,本科提前批B段,历史类,,,565,6980,
605,河北师范大学,2025,河北,本科提前批B段,历史类,,,589,1884,
612,河北医科大学,2025,河北,本科提前批B段,历史类,,,503,47901,
619,河北中医药大学,2025,河北,本科提前批B段,历史类,,,561,12601,
620,河北中医药大学,2025,河北,本科提前批B段,历史类,,,563,6241,
696,衡水学院,2025,河北,本科提前批B段,历史类,,,592,2777,
749,湖南大学,2025,河北,本科提前批B段,历史类,,,626,1884,
794,华北理工大学,2025,河北,本科提前批B段,历史类,,,548,11592,
80,北京大学,2025,河北,本科提前批B段,历史类,,,668,35,
801,华东理工大学,2025,河北,本科提前批B段,历史类,,,607,2906,
803,华东师范大学,2025,河北,本科提前批B段,历史类,,,643,594,
805,华东师范大学,2025,河北,本科提前批B段,历史类,,,621,2410,
806,华东政法大学,2025,河北,本科提前批B段,历史类,,,611,3051,
818,华中师范大学,2025,河北,本科提前批B段,历史类,,,631,345,
819,华中师范大学,2025,河北,本科提前批B段,历史类,,,623,833,
821,华中师范大学,2025,河北,本科提前批B段,历史类,,,619,2410,
844,吉林大学,2025,河北,本科提前批B段,历史类,,,631,1447,
878,暨南大学,2025,河北,本科提前批B段,历史类,,,621,2410,
147,北京中医药大学,2025,河北,本科提前批C段,历史类,,,555,20401,
1895,中国海洋大学,2025,河北,本科提前批C段,历史类,,,614,3051,
450,贵州大学,2025,河北,本科提前批C段,历史类,,,595,5338,
802,华东师范大学,2025,河北,本科提前批C段,历史类,,,620,1611,
820,华中师范大学,2025,河北,本科提前批C段,历史类,,,608,2906,
843,吉林大学,2025,河北,本科提前批C段,历史类,,,617,1884,
1,阿克苏工业职业技术学院,2025,河北,高职专科,历史类,,,345,143213,
10,安徽电子信息职业技术学院,2025,河北,高职专科,历史类,,,403,99444,
1000,兰州石化职业技术大学,2025,河北,高职专科,历史类,,,449,69602,
1002,兰州职业技术学院,2025,河北,高职专科,历史类,,,391,98741,
1003,兰州资源环境职业技术大学,2025,河北,高职专科,历史类,,,442,72956,
1007,廊坊卫生职业学院,2025,河北,高职专科,历史类,,,427,61531,
1008,廊坊燕京职业技术学院,2025,河北,高职专科,历史类,,,347,67553,
1009,廊坊职业技术学院,2025,河北,高职专科,历史类,,,380,80573,
101,北京交通运输职业学院,2025,河北,高职专科,历史类,,,458,46082,
1012,连云港职业技术学院,2025,河北,高职专科,历史类,,,414,110112,
1016,辽宁地质工程职业学院,2025,河北,高职专科,历史类,,,397,95040,
102,北京交通职业技术学院,2025,河北,高职专科,历史类,,,443,67553,
1021,辽宁机电职业技术学院,2025,河北,高职专科,历史类,,,416,84133,
1022,辽宁建筑职业学院,2025,河北,高职专科,历史类,,,402,98741,
1023,辽宁金融职业学院,2025,河北,高职专科,历史类,,,437,46711,
1024,辽宁经济职业技术学院,2025,河北,高职专科,历史类,,,442,68218,
1028,辽宁民族师范高等专科学校,2025,河北,高职专科,历史类,,,391,85550,
1029,辽宁轻工职业学院,2025,河北,高职专科,历史类,,,392,71648,
103,北京京北职业技术学院,2025,河北,高职专科,历史类,,,432,60189,
1030,辽宁生态工程职业学院,2025,河北,高职专科,历史类,,,410,76435,
1031,辽宁省交通高等专科学校,2025,河北,高职专科,历史类,,,427,55552,
1034,辽宁师范高等专科学校,2025,河北,高职专科,历史类,,,406,116363,
1039,辽宁现代服务职业技术学院,2025,河北,高职专科,历史类,,,409,78537,
104,北京经济管理职业学院,2025,河北,高职专科,历史类,,,443,52965,
1040,辽宁冶金职业技术学院,2025,河北,高职专科,历史类,,,410,103981,
1041,辽宁医药职业学院,2025,河北,高职专科,历史类,,,445,46082,
1046,临汾职业技术学院,2025,河北,高职专科,历史类,,,448,77131,
1050,柳州铁道职业技术学院,2025,河北,高职专科,历史类,,,468,68218,
1051,六安职业技术学院,2025,河北,高职专科,历史类,,,391,93574,
1053,六盘水幼儿师范高等专科学校,2025,河北,高职专科,历史类,,,339,166276,
1054,六盘水职业技术学院,2025,河北,高职专科,历史类,,,377,97238,
1060,潞安职业技术学院,2025,河北,高职专科,历史类,,,384,123521,
1061,罗定职业技术学院,2025,河北,高职专科,历史类,,,378,107774,
1064,洛阳职业技术学院,2025,河北,高职专科,历史类,,,461,60848,
1067,吕梁职业技术学院,2025,河北,高职专科,历史类,,,385,110870,
1068,马鞍山职业技术学院,2025,河北,高职专科,历史类,,,409,95761,
1069,满洲里俄语职业学院,2025,河北,高职专科,历史类,,,366,140681,
1070,茂名职业技术学院,2025,河北,高职专科,历史类,,,389,102415,
1071,湄洲湾职业技术学院,2025,河北,高职专科,历史类,,,388,114830,
1073,绵阳职业技术学院,2025,河北,高职专科,历史类,,,441,89865,
1074,民政职业大学,2025,河北,高职专科,历史类,,,444,52965,
1075,闽江师范高等专科学校,2025,河北,高职专科,历史类,,,414,76435,
1079,牡丹江大学,2025,河北,高职专科,历史类,,,397,91317,
108,北京科技职业大学,2025,河北,高职专科,历史类,,,470,44877,
1084,南昌健康职业技术学院,2025,河北,高职专科,历史类,,,443,86240,
1087,南充文化旅游职业学院,2025,河北,高职专科,历史类,,,400,104714,
1092,南京城市职业学院,2025,河北,高职专科,历史类,,,456,60848,
110,北京劳动保障职业学院,2025,河北,高职专科,历史类,,,406,75757,
1101,南京机电职业技术学院,2025,河北,高职专科,历史类,,,476,40076,
1104,南京科技职业学院,2025,河北,高职专科,历史类,,,444,69602,
1109,南京旅游职业学院,2025,河北,高职专科,历史类,,,434,49149,
1120,南京信息职业技术学院,2025,河北,高职专科,历史类,,,482,47901,
1132,南通科技职业学院,2025,河北,高职专科,历史类,,,414,68218,
1133,南通师范高等专科学校,2025,河北,高职专科,历史类,,,244,69602,
1134,南通职业大学,2025,河北,高职专科,历史类,,,471,56213,
1135,南阳科技职业学院,2025,河北,高职专科,历史类,,,400,93574,
1137,南阳农业职业学院,2025,河北,高职专科,历史类,,,417,72956,
1139,南阳医学高等专科学校,2025,河北,高职专科,历史类,,,463,47901,
1145,内蒙古电子信息职业技术学院,2025,河北,高职专科,历史类,,,450,83390,
1147,内蒙古化工职业学院,2025,河北,高职专科,历史类,,,383,96493,
1148,内蒙古交通职业技术学院,2025,河北,高职专科,历史类,,,354,101689,
1154,内蒙古民族幼儿师范高等专科学校,2025,河北,高职专科,历史类,,,353,124278,
1155,内蒙古农业大学,2025,河北,高职专科,历史类,,,483,60848,
1157,内蒙古商贸职业学院,2025,河北,高职专科,历史类,,,389,85550,
1167,宁夏工商职业技术学院,2025,河北,高职专科,历史类,,,382,122735,
1169,宁夏警官职业学院,2025,河北,高职专科,历史类,,,424,100926,
1172,宁夏卫生健康职业技术学院,2025,河北,高职专科,历史类,,,419,106213,
1175,宁夏幼儿师范高等专科学校,2025,河北,高职专科,历史类,,,363,81315,
1178,盘锦职业技术学院,2025,河北,高职专科,历史类,,,417,69602,
1179,培黎职业学院,2025,河北,高职专科,历史类,,,357,129129,
118,北京农业职业学院,2025,河北,高职专科,历史类,,,473,67553,
1180,平顶山工业职业技术学院,2025,河北,高职专科,历史类,,,435,92814,
1182,平凉职业技术学院,2025,河北,高职专科,历史类,,,375,89129,
1183,萍乡卫生职业学院,2025,河北,高职专科,历史类,,,426,88381,
1188,濮阳医学高等专科学校,2025,河北,高职专科,历史类,,,468,70974,
1189,濮阳职业技术学院,2025,河北,高职专科,历史类,,,386,94308,
119,北京青年政治学院,2025,河北,高职专科,历史类,,,468,43673,
1191,七台河职业学院,2025,河北,高职专科,历史类,,,370,97977,
1195,齐齐哈尔高等师范专科学校,2025,河北,高职专科,历史类,,,385,91317,
1198,黔东南理工职业学院,2025,河北,高职专科,历史类,,,391,128342,
1199,黔东南民族职业技术学院,2025,河北,高职专科,历史类,,,419,64897,
12,安徽工贸职业技术学院,2025,河北,高职专科,历史类,,,384,95040,
1202,黔南民族幼儿师范高等专科学校,2025,河北,高职专科,历史类,,,345,86954,
1203,黔南民族职业技术学院,2025,河北,高职专科,历史类,,,377,123521,
1204,黔西南民族职业技术学院,2025,河北,高职专科,历史类,,,354,109310,
1205,钦州幼儿师范高等专科学校,2025,河北,高职专科,历史类,,,312,158541,
1206,秦皇岛工业职业技术学院,2025,河北,高职专科,历史类,,,380,128342,
1207,秦皇岛职业技术学院,2025,河北,高职专科,历史类,,,350,69602,
1209,青岛港湾职业技术学院,2025,河北,高职专科,历史类,,,442,64897,
1210,青岛工程职业学院,2025,河北,高职专科,历史类,,,431,60848,
1211,青岛酒店管理职业技术学院,2025,河北,高职专科,历史类,,,415,76435,
1216,青岛职业技术学院,2025,河北,高职专科,历史类,,,390,56862,
1218,青海建筑职业技术学院,2025,河北,高职专科,历史类,,,385,118767,
1227,庆阳职业技术学院,2025,河北,高职专科,历史类,,,372,109310,
1230,曲靖健康医学院,2025,河北,高职专科,历史类,,,335,82709,
1234,泉州经贸职业技术学院,2025,河北,高职专科,历史类,,,404,110870,
1237,日照职业技术学院,2025,河北,高职专科,历史类,,,453,57521,
1238,汝州职业技术学院,2025,河北,高职专科,历史类,,,411,96493,
1239,三门峡社会管理职业学院,2025,河北,高职专科,历史类,,,385,72311,
1240,三门峡职业技术学院,2025,河北,高职专科,历史类,,,439,80573,
1242,三明医学科技职业学院,2025,河北,高职专科,历史类,,,371,97238,
1244,三峡电力职业学院,2025,河北,高职专科,历史类,,,454,69602,
1245,三峡旅游职业技术学院,2025,河北,高职专科,历史类,,,390,86240,
1247,山东城市服务职业学院,2025,河北,高职专科,历史类,,,438,92029,
1248,山东城市建设职业学院,2025,河北,高职专科,历史类,,,416,78537,
1249,山东传媒职业学院,2025,河北,高职专科,历史类,,,438,72311,
1256,山东电子职业技术学院,2025,河北,高职专科,历史类,,,402,71648,
1258,山东工业职业学院,2025,河北,高职专科,历史类,,,386,92029,
1263,山东化工职业学院,2025,河北,高职专科,历史类,,,396,87656,
1269,山东经贸职业学院,2025,河北,高职专科,历史类,,,438,68889,
1271,山东科技职业学院,2025,河北,高职专科,历史类,,,464,55552,
1272,山东劳动职业技术学院,2025,河北,高职专科,历史类,,,408,84133,
1275,山东理工职业学院,2025,河北,高职专科,历史类,,,460,76435,
1276,山东旅游职业学院,2025,河北,高职专科,历史类,,,419,106213,
1277,山东铝业职业学院,2025,河北,高职专科,历史类,,,382,96493,
128,北京体育职业学院,2025,河北,高职专科,历史类,,,414,93574,
1282,山东轻工职业学院,2025,河北,高职专科,历史类,,,426,66870,
1283,山东商务职业学院,2025,河北,高职专科,历史类,,,405,69602,
1284,山东商业职业技术学院,2025,河北,高职专科,历史类,,,465,51705,
1287,山东水利职业学院,2025,河北,高职专科,历史类,,,438,65519,
1288,山东司法警官职业学院,2025,河北,高职专科,历史类,,,451,75054,
1289,山东特殊教育职业学院,2025,河北,高职专科,历史类,,,440,90617,
1291,山东外贸职业学院,2025,河北,高职专科,历史类,,,404,75757,
1292,山东文化艺术职业学院,2025,河北,高职专科,历史类,,,447,82709,
1293,山东信息职业技术学院,2025,河北,高职专科,历史类,,,362,72311,
1295,山东畜牧兽医职业学院,2025,河北,高职专科,历史类,,,434,66186,
1296,山东药品食品职业学院,2025,河北,高职专科,历史类,,,434,65519,
13,安徽工商职业学院,2025,河北,高职专科,历史类,,,424,72311,
1300,山东职业学院,2025,河北,高职专科,历史类,,,443,37257,
1308,山西工程科技职业大学,2025,河北,高职专科,历史类,,,412,77855,
1309,山西工程职业学院,2025,河北,高职专科,历史类,,,436,93574,
1311,山西管理职业学院,2025,河北,高职专科,历史类,,,395,101689,
1312,山西国际商务职业学院,2025,河北,高职专科,历史类,,,427,72311,
1313,山西机电职业技术学院,2025,河北,高职专科,历史类,,,439,88381,
1314,山西金融职业学院,2025,河北,高职专科,历史类,,,387,113290,
1315,山西经贸职业学院,2025,河北,高职专科,历史类,,,428,80573,
1316,山西林业职业技术学院,2025,河北,高职专科,历史类,,,405,100182,
1319,山西省财政税务专科学校,2025,河北,高职专科,历史类,,,422,56213,
1321,山西水利职业技术学院,2025,河北,高职专科,历史类,,,401,105478,
1322,山西铁道职业技术学院,2025,河北,高职专科,历史类,,,452,63585,
1323,山西通用航空职业技术学院,2025,河北,高职专科,历史类,,,452,81999,
1324,山西卫生健康职业学院,2025,河北,高职专科,历史类,,,471,49149,
1325,山西药科职业学院,2025,河北,高职专科,历史类,,,449,79917,
1328,山西运城农业职业技术学院,2025,河北,高职专科,历史类,,,392,87656,
1329,山西职业技术学院,2025,河北,高职专科,历史类,,,434,62894,
1331,陕西财经职业技术学院,2025,河北,高职专科,历史类,,,395,68218,
1332,陕西工商职业学院,2025,河北,高职专科,历史类,,,377,85550,
1333,陕西工业职业技术学院,2025,河北,高职专科,历史类,,,503,47901,
1334,陕西国防工业职业技术学院,2025,河北,高职专科,历史类,,,466,52355,
1335,陕西航空职业技术学院,2025,河北,高职专科,历史类,,,408,84857,
1336,陕西机电职业技术学院,2025,河北,高职专科,历史类,,,432,66870,
1337,陕西交通职业技术学院,2025,河北,高职专科,历史类,,,419,58842,
1340,陕西能源职业技术学院,2025,河北,高职专科,历史类,,,439,49775,
1341,陕西青年职业学院,2025,河北,高职专科,历史类,,,419,67553,
1346,陕西铁路工程职业技术学院,2025,河北,高职专科,历史类,,,470,46082,
1348,陕西艺术职业学院,2025,河北,高职专科,历史类,,,387,125074,
1349,陕西邮电职业技术学院,2025,河北,高职专科,历史类,,,409,75757,
1350,陕西职业技术学院,2025,河北,高职专科,历史类,,,403,95761,
1353,汕头职业技术学院,2025,河北,高职专科,历史类,,,380,135757,
1355,商洛职业技术学院,2025,河北,高职专科,历史类,,,383,73651,
1360,上海城建职业学院,2025,河北,高职专科,历史类,,,444,67553,
1361,上海出版印刷高等专科学校,2025,河北,高职专科,历史类,,,390,69602,
1371,上海工艺美术职业学院,2025,河北,高职专科,历史类,,,478,49149,
1382,上海交通职业技术学院,2025,河北,高职专科,历史类,,,419,65519,
1383,上海科创职业技术学院,2025,河北,高职专科,历史类,,,428,87656,
1384,上海科学技术职业学院,2025,河北,高职专科,历史类,,,426,68889,
1388,上海旅游高等专科学校,2025,河北,高职专科,历史类,,,421,86954,
1389,上海民航职业技术学院,2025,河北,高职专科,历史类,,,442,68218,
139,北京信息职业技术学院,2025,河北,高职专科,历史类,,,467,54207,
1390,上海闵行职业技术学院,2025,河北,高职专科,历史类,,,429,97977,
1398,上海行健职业学院,2025,河北,高职专科,历史类,,,404,89129,
1403,上饶卫生健康职业学院,2025,河北,高职专科,历史类,,,434,90617,
1404,上饶幼儿师范高等专科学校,2025,河北,高职专科,历史类,,,369,117145,
1405,上饶职业技术学院,2025,河北,高职专科,历史类,,,385,99444,
1415,神木职业技术学院,2025,河北,高职专科,历史类,,,380,81315,
1417,沈阳工程学院,2025,河北,高职专科,历史类,,,446,20401,
1435,沈阳职业技术学院,2025,河北,高职专科,历史类,,,442,74361,
1438,石河子工程职业技术学院,2025,河北,高职专科,历史类,,,346,113290,
1443,石家庄铁路职业技术学院,2025,河北,高职专科,历史类,,,440,37257,
1444,石家庄信息工程职业学院,2025,河北,高职专科,历史类,,,435,50419,
1447,石家庄邮电职业技术学院,2025,河北,高职专科,历史类,,,500,38958,
1448,石家庄幼儿师范高等专科学校,2025,河北,高职专科,历史类,,,406,64897,
1449,石家庄职业技术学院,2025,河北,高职专科,历史类,,,259,44239,
1450,石嘴山工贸职业技术学院,2025,河北,高职专科,历史类,,,385,133274,
1455,首钢工学院,2025,河北,高职专科,历史类,,,471,56862,
1456,双河职业技术学院,2025,河北,高职专科,历史类,,,324,146480,
1457,朔州师范高等专科学校,2025,河北,高职专科,历史类,,,415,96493,
1458,朔州陶瓷职业技术学院,2025,河北,高职专科,历史类,,,406,116363,
1459,朔州职业技术学院,2025,河北,高职专科,历史类,,,433,93574,
146,北京政法职业学院,2025,河北,高职专科,历史类,,,444,49149,
1463,四川工程职业技术大学,2025,河北,高职专科,历史类,,,458,53596,
1464,四川航天职业技术学院,2025,河北,高职专科,历史类,,,460,76435,
1465,四川建筑职业技术学院,2025,河北,高职专科,历史类,,,451,82709,
1466,四川交通职业技术学院,2025,河北,高职专科,历史类,,,503,47901,
1473,四川水利职业技术学院,2025,河北,高职专科,历史类,,,450,67553,
1475,四川文化产业职业学院,2025,河北,高职专科,历史类,,,431,73651,
1480,四川职业技术学院,2025,河北,高职专科,历史类,,,412,95040,
1482,四平职业大学,2025,河北,高职专科,历史类,,,377,138201,
1483,松原职业技术学院,2025,河北,高职专科,历史类,,,320,85550,
1484,苏州百年职业学院,2025,河北,高职专科,历史类,,,200,233156,
1488,苏州工业园区服务外包职业学院,2025,河北,高职专科,历史类,,,465,68218,
1491,苏州经贸职业技术学院,2025,河北,高职专科,历史类,,,495,49149,
1493,苏州职业技术大学,2025,河北,高职专科,历史类,,,417,49775,
1495,宿州职业技术学院,2025,河北,高职专科,历史类,,,419,105478,
1497,塔城职业技术学院,2025,河北,高职专科,历史类,,,393,97238,
15,安徽工业经济职业技术学院,2025,河北,高职专科,历史类,,,397,87656,
1500,塔里木职业技术学院,2025,河北,高职专科,历史类,,,363,71648,
1502,太原城市职业技术学院,2025,河北,高职专科,历史类,,,401,104714,
1509,太原幼儿师范高等专科学校,2025,河北,高职专科,历史类,,,381,108538,
151,滨州职业学院,2025,河北,高职专科,历史类,,,442,73651,
1512,唐山工业职业技术大学,2025,河北,高职专科,历史类,,,406,46711,
1513,唐山科技职业技术学院,2025,河北,高职专科,历史类,,,400,84133,
1519,唐山幼儿师范高等专科学校,2025,河北,高职专科,历史类,,,391,79917,
1520,唐山职业技术学院,2025,河北,高职专科,历史类,,,411,56213,
1521,天津滨海职业学院,2025,河北,高职专科,历史类,,,452,49775,
1522,天津渤海职业技术学院,2025,河北,高职专科,历史类,,,441,54207,
1525,天津城市建设管理职业技术学院,2025,河北,高职专科,历史类,,,410,71648,
1526,天津城市职业学院,2025,河北,高职专科,历史类,,,405,57521,
1529,天津电子信息职业技术学院,2025,河北,高职专科,历史类,,,475,47300,
1532,天津工业职业学院,2025,河北,高职专科,历史类,,,408,66186,
1534,天津国土资源和房屋职业学院,2025,河北,高职专科,历史类,,,430,68218,
1535,天津海运职业学院,2025,河北,高职专科,历史类,,,428,57521,
1536,天津机电职业技术学院,2025,河北,高职专科,历史类,,,456,54207,
1537,天津交通职业学院,2025,河北,高职专科,历史类,,,421,55552,
1538,天津警察学院,2025,河北,高职专科,历史类,,,453,74361,
154,亳州职业技术学院,2025,河北,高职专科,历史类,,,464,73651,
1544,天津轻工职业技术学院,2025,河北,高职专科,历史类,,,474,52355,
1545,天津商务职业学院,2025,河北,高职专科,历史类,,,401,52965,
1547,天津生物工程职业技术学院,2025,河北,高职专科,历史类,,,429,53596,
155,博尔塔拉职业技术学院,2025,河北,高职专科,历史类,,,323,110112,
1551,天津石油职业技术学院,2025,河北,高职专科,历史类,,,404,75757,
1552,天津市职业大学,2025,河北,高职专科,历史类,,,496,37257,
1555,天津铁道职业技术学院,2025,河北,高职专科,历史类,,,463,49149,
1557,天津现代职业技术学院,2025,河北,高职专科,历史类,,,470,46082,
1561,天津艺术职业学院,2025,河北,高职专科,历史类,,,421,87656,
1564,天津中德应用技术大学,2025,河北,高职专科,历史类,,,482,61531,
1567,天门职业学院,2025,河北,高职专科,历史类,,,387,97977,
1569,铁岭师范高等专科学校,2025,河北,高职专科,历史类,,,394,105478,
1570,铁门关职业技术学院,2025,河北,高职专科,历史类,,,342,128342,
1572,通化医药健康职业学院,2025,河北,高职专科,历史类,,,395,80573,
1573,通辽职业学院,2025,河北,高职专科,历史类,,,423,103213,
1577,铜川职业技术学院,2025,河北,高职专科,历史类,,,400,96493,
1578,铜陵职业技术学院,2025,河北,高职专科,历史类,,,423,76435,
1579,铜仁幼儿师范高等专科学校,2025,河北,高职专科,历史类,,,372,143983,
1580,铜仁职业技术大学,2025,河北,高职专科,历史类,,,428,84857,
1581,图木舒克职业技术学院,2025,河北,高职专科,历史类,,,323,142323,
1582,吐鲁番职业技术学院,2025,河北,高职专科,历史类,,,317,138201,
1584,皖北卫生职业学院,2025,河北,高职专科,历史类,,,427,81315,
1586,皖西卫生职业学院,2025,河北,高职专科,历史类,,,432,95040,
1587,威海海洋职业学院,2025,河北,高职专科,历史类,,,440,70974,
1588,威海职业学院,2025,河北,高职专科,历史类,,,421,68218,
1592,潍坊职业学院,2025,河北,高职专科,历史类,,,432,96493,
1599,乌海职业技术学院,2025,河北,高职专科,历史类,,,344,107005,
16,安徽工业职业技术学院,2025,河北,高职专科,历史类,,,396,103213,
1600,乌兰察布医学高等专科学校,2025,河北,高职专科,历史类,,,449,80573,
1601,乌兰察布职业学院,2025,河北,高职专科,历史类,,,351,118767,
1602,乌鲁木齐职业大学,2025,河北,高职专科,历史类,,,394,104714,
1603,乌鲁木齐职业技术学院,2025,河北,高职专科,历史类,,,348,129959,
1604,无锡城市职业技术学院,2025,河北,高职专科,历史类,,,461,52355,
1608,武汉城市职业学院,2025,河北,高职专科,历史类,,,457,63585,
1609,武汉船舶职业技术学院,2025,河北,高职专科,历史类,,,429,56862,
1614,武汉电力职业技术学院,2025,河北,高职专科,历史类,,,482,31846,
1617,武汉工程职业技术学院,2025,河北,高职专科,历史类,,,440,59535,
1619,武汉交通职业学院,2025,河北,高职专科,历史类,,,440,72311,
162,沧州医学高等专科学校,2025,河北,高职专科,历史类,,,433,52355,
1621,武汉警官职业学院,2025,河北,高职专科,历史类,,,441,64257,
1625,武汉民政职业学院,2025,河北,高职专科,历史类,,,431,49775,
1627,武汉软件工程职业学院,2025,河北,高职专科,历史类,,,469,52965,
163,沧州幼儿师范高等专科学校,2025,河北,高职专科,历史类,,,376,90617,
1630,武汉铁路桥梁职业学院,2025,河北,高职专科,历史类,,,419,65519,
1631,武汉铁路职业技术学院,2025,河北,高职专科,历史类,,,465,32927,
1633,武汉职业技术大学,2025,河北,高职专科,历史类,,,464,49149,
164,沧州职业技术学院,2025,河北,高职专科,历史类,,,338,72956,
1643,西安航空职业技术学院,2025,河北,高职专科,历史类,,,461,65519,
165,沧州职业技术学院,2025,河北,高职专科,历史类,,,449,83390,
1655,西安铁路职业技术学院,2025,河北,高职专科,历史类,,,480,54857,
166,沧州职业技术学院,2025,河北,高职专科,历史类,,,392,93574,
1662,西安职业技术学院,2025,河北,高职专科,历史类,,,372,62196,
167,沧州职业技术学院,2025,河北,高职专科,历史类,,,444,87656,
1675,西藏职业技术学院,2025,河北,高职专科,历史类,,,340,169364,
1676,西昌民族幼儿师范高等专科学校,2025,河北,高职专科,历史类,,,373,128342,
168,沧州职业技术学院,2025,河北,高职专科,历史类,,,389,129959,
169,沧州职业技术学院,2025,河北,高职专科,历史类,,,388,79202,
1698,锡林郭勒职业学院,2025,河北,高职专科,历史类,,,348,102415,
1699,厦门城市职业学院,2025,河北,高职专科,历史类,,,427,75757,
17,安徽广播影视职业技术学院,2025,河北,高职专科,历史类,,,440,90617,
170,沧州职业技术学院,2025,河北,高职专科,历史类,,,358,155314,
1705,仙桃职业学院,2025,河北,高职专科,历史类,,,415,91317,
1706,咸宁职业技术学院,2025,河北,高职专科,历史类,,,391,79202,
1708,咸阳职业技术学院,2025,河北,高职专科,历史类,,,463,68889,
171,沧州职业技术学院,2025,河北,高职专科,历史类,,,450,83390,
1716,襄阳汽车职业技术学院,2025,河北,高职专科,历史类,,,383,80573,
1718,忻州职业技术学院,2025,河北,高职专科,历史类,,,395,79917,
1724,新疆和田学院,2025,河北,高职专科,历史类,,,367,112514,
1725,新疆建设职业技术学院,2025,河北,高职专科,历史类,,,359,112514,
1726,新疆交通职业技术大学,2025,河北,高职专科,历史类,,,362,92029,
1727,新疆警察学院,2025,河北,高职专科,历史类,,,430,92029,
1732,新疆农业职业技术大学,2025,河北,高职专科,历史类,,,377,97977,
1734,新疆生产建设兵团兴新职业技术学院,2025,河北,高职专科,历史类,,,389,54207,
1737,新疆师范高等专科学校,2025,河北,高职专科,历史类,,,361,81999,
1738,新疆石河子职业技术学院,2025,河北,高职专科,历史类,,,346,104714,
1739,新疆司法警官职业学院,2025,河北,高职专科,历史类,,,407,69602,
1745,新疆应用职业技术学院,2025,河北,高职专科,历史类,,,346,146480,
1747,新疆职业大学,2025,河北,高职专科,历史类,,,344,97238,
1749,新乡职业技术学院,2025,河北,高职专科,历史类,,,407,90617,
175,长白山职业技术学院,2025,河北,高职专科,历史类,,,423,103213,
1750,新星职业技术学院,2025,河北,高职专科,历史类,,,329,139046,
1754,信阳职业技术学院,2025,河北,高职专科,历史类,,,389,77855,
1755,兴安职业技术大学,2025,河北,高职专科,历史类,,,359,102415,
1759,邢台医学院,2025,河北,高职专科,历史类,,,432,62196,
1761,徐州工业职业技术学院,2025,河北,高职专科,历史类,,,430,73651,
1762,徐州生物工程职业技术学院,2025,河北,高职专科,历史类,,,441,56213,
1764,宣城职业技术学院,2025,河北,高职专科,历史类,,,408,114830,
1765,宣化科技职业学院,2025,河北,高职专科,历史类,,,359,83390,
1768,烟台工程职业技术学院,2025,河北,高职专科,历史类,,,387,120421,
1769,烟台汽车工程职业学院,2025,河北,高职专科,历史类,,,392,84133,
1770,烟台文化旅游职业学院,2025,河北,高职专科,历史类,,,400,84133,
1772,延安职业技术学院,2025,河北,高职专科,历史类,,,385,86954,
1775,延边职业技术学院,2025,河北,高职专科,历史类,,,367,98741,
1777,盐城工业职业技术学院,2025,河北,高职专科,历史类,,,443,88381,
1779,盐城幼儿师范高等专科学校,2025,河北,高职专科,历史类,,,362,45438,
1787,扬州工业职业技术学院,2025,河北,高职专科,历史类,,,417,107774,
1788,阳泉师范高等专科学校,2025,河北,高职专科,历史类,,,399,101689,
1789,阳泉职业技术学院,2025,河北,高职专科,历史类,,,397,92029,
1790,伊春职业学院,2025,河北,高职专科,历史类,,,328,66870,
1793,伊犁职业技术学院,2025,河北,高职专科,历史类,,,344,79917,
1798,营口职业技术学院,2025,河北,高职专科,历史类,,,415,73651,
1799,永城职业学院,2025,河北,高职专科,历史类,,,417,107774,
18,安徽国防科技职业学院,2025,河北,高职专科,历史类,,,392,85550,
1800,永州职业技术学院,2025,河北,高职专科,历史类,,,438,70974,
1803,榆林职业技术学院,2025,河北,高职专科,历史类,,,402,72956,
1807,云南财经职业学院,2025,河北,高职专科,历史类,,,388,101689,
181,长春金融高等专科学校,2025,河北,高职专科,历史类,,,388,68889,
1811,云南林业职业技术学院,2025,河北,高职专科,历史类,,,412,79917,
1813,云南能源职业技术学院,2025,河北,高职专科,历史类,,,417,100182,
1816,云南特殊教育职业学院,2025,河北,高职专科,历史类,,,375,126708,
1821,运城护理职业学院,2025,河北,高职专科,历史类,,,465,59535,
1822,运城师范高等专科学校,2025,河北,高职专科,历史类,,,433,93574,
1824,运城幼儿师范高等专科学校,2025,河北,高职专科,历史类,,,397,92814,
1825,枣庄科技职业学院,2025,河北,高职专科,历史类,,,355,103981,
1827,枣庄职业学院,2025,河北,高职专科,历史类,,,355,56862,
1828,扎兰屯职业学院,2025,河北,高职专科,历史类,,,362,97238,
1829,湛江幼儿师范专科学校,2025,河北,高职专科,历史类,,,369,138201,
183,长春汽车职业技术大学,2025,河北,高职专科,历史类,,,363,92814,
1830,张家界航空工业职业技术学院,2025,河北,高职专科,历史类,,,397,72311,
1832,张家口学院,2025,河北,高职专科,历史类,,,478,47901,
1833,张家口职业技术学院,2025,河北,高职专科,历史类,,,350,76435,
1834,漳州职业技术学院,2025,河北,高职专科,历史类,,,427,74361,
1835,昭通卫生职业学院,2025,河北,高职专科,历史类,,,382,74361,
1840,浙江安防职业技术学院,2025,河北,高职专科,历史类,,,429,97977,
185,长春师范高等专科学校,2025,河北,高职专科,历史类,,,226,84133,
1852,浙江工商职业技术学院,2025,河北,高职专科,历史类,,,467,60848,
1856,浙江机电职业技术大学,2025,河北,高职专科,历史类,,,468,25427,
1857,浙江建设职业技术学院,2025,河北,高职专科,历史类,,,449,51705,
186,长春医学高等专科学校,2025,河北,高职专科,历史类,,,487,46711,
1860,浙江金融职业学院,2025,河北,高职专科,历史类,,,501,42421,
1861,浙江经济职业技术学院,2025,河北,高职专科,历史类,,,464,45438,
1862,浙江经贸职业技术学院,2025,河北,高职专科,历史类,,,464,45438,
1865,浙江旅游职业学院,2025,河北,高职专科,历史类,,,457,58842,
1867,浙江商业职业技术学院,2025,河北,高职专科,历史类,,,446,47300,
187,长春职业技术大学,2025,河北,高职专科,历史类,,,420,68889,
1876,郑州财税金融职业学院,2025,河北,高职专科,历史类,,,459,76435,
1882,郑州旅游职业学院,2025,河北,高职专科,历史类,,,400,101689,
1885,郑州幼儿师范高等专科学校,2025,河北,高职专科,历史类,,,428,99444,
1886,郑州职业技术学院,2025,河北,高职专科,历史类,,,411,82709,
19,安徽国际商务职业学院,2025,河北,高职专科,历史类,,,396,89129,
191,长江工程职业技术学院,2025,河北,高职专科,历史类,,,411,80573,
193,长江职业学院,2025,河北,高职专科,历史类,,,442,74361,
194,长沙航空职业技术学院,2025,河北,高职专科,历史类,,,473,47901,
196,长沙环境保护职业技术学院,2025,河北,高职专科,历史类,,,401,95040,
1960,周口职业技术学院,2025,河北,高职专科,历史类,,,407,81999,
1961,珠海城市职业技术学院,2025,河北,高职专科,历史类,,,412,91317,
1962,驻马店职业技术学院,2025,河北,高职专科,历史类,,,396,95040,
1963,淄博师范高等专科学校,2025,河北,高职专科,历史类,,,456,66186,
1967,遵义职业技术学院,2025,河北,高职专科,历史类,,,373,116363,
1973,北京中医药大学东方学院,2025,河北,高职专科,历史类,,,419,106213,
1976,长江大学文理学院,2025,河北,高职专科,历史类,,,387,125905,
198,长沙民政职业技术学院,2025,河北,高职专科,历史类,,,471,40076,
199,长沙商贸旅游职业技术学院,2025,河北,高职专科,历史类,,,412,111658,
2000,湖北工程学院新技术学院,2025,河北,高职专科,历史类,,,379,103213,
2003,湖北师范大学文理学院,2025,河北,高职专科,历史类,,,341,75054,
2007,华北理工大学轻工学院,2025,河北,高职专科,历史类,,,342,122735,
202,长沙职业技术学院,2025,河北,高职专科,历史类,,,434,95040,
2037,青岛农业大学海都学院,2025,河北,高职专科,历史类,,,217,86954,
2038,三峡大学科技学院,2025,河北,高职专科,历史类,,,423,97238,
205,长治职业技术学院,2025,河北,高职专科,历史类,,,398,87656,
2055,武汉纺织大学外经贸学院,2025,河北,高职专科,历史类,,,364,93574,
206,常德职业技术学院,2025,河北,高职专科,历史类,,,452,77855,
2077,安徽矿业职业技术学院,2025,河北,高职专科,历史类,,,361,145627,
2078,安徽绿海商务职业学院,2025,河北,高职专科,历史类,,,310,145627,
2082,巴中职业技术学院,2025,河北,高职专科,历史类,,,202,182979,
2083,白银希望职业技术学院,2025,河北,高职专科,历史类,,,201,214808,
2085,蚌埠经济技术职业学院,2025,河北,高职专科,历史类,,,271,209671,
2086,宝鸡三和职业学院,2025,河北,高职专科,历史类,,,342,148089,
2087,宝鸡中北职业学院,2025,河北,高职专科,历史类,,,219,143983,
2088,保定理工学院,2025,河北,高职专科,历史类,,,307,160913,
2089,北海康养职业学院,2025,河北,高职专科,历史类,,,229,182366,
209,常州工业职业技术学院,2025,河北,高职专科,历史类,,,409,100926,
2091,北京北大方正软件职业技术学院,2025,河北,高职专科,历史类,,,281,183650,
2093,北京汇佳职业学院,2025,河北,高职专科,历史类,,,273,134968,
2095,北京经济技术职业学院,2025,河北,高职专科,历史类,,,311,163236,
2096,北京经贸职业学院,2025,河北,高职专科,历史类,,,313,150503,
2097,北京科技经营管理学院,2025,河北,高职专科,历史类,,,261,157773,
2098,北京科技职业学院,2025,河北,高职专科,历史类,,,307,86240,
2099,北京培黎职业学院,2025,河北,高职专科,历史类,,,280,148089,
2100,北京网络职业学院,2025,河北,高职专科,历史类,,,314,126708,
2101,北京艺术传媒职业学院,2025,河北,高职专科,历史类,,,234,214347,
2102,滨州科技职业学院,2025,河北,高职专科,历史类,,,309,142323,
2103,渤海理工职业学院,2025,河北,高职专科,历史类,,,247,125905,
2104,沧州航空职业学院,2025,河北,高职专科,历史类,,,262,181094,
2106,曹妃甸职业技术学院,2025,河北,高职专科,历史类,,,235,130790,
2109,长春东方职业学院,2025,河北,高职专科,历史类,,,200,224360,
2112,长春健康职业学院,2025,河北,高职专科,历史类,,,200,188063,
2113,长春科技学院,2025,河北,高职专科,历史类,,,292,166276,
2116,长春数字科技职业学院,2025,河北,高职专科,历史类,,,200,218353,
2117,长春信息技术职业学院,2025,河北,高职专科,历史类,,,200,184260,
2118,长春早期教育职业学院,2025,河北,高职专科,历史类,,,200,231363,
2119,长江艺术工程职业学院,2025,河北,高职专科,历史类,,,219,191610,
212,朝阳师范学院,2025,河北,高职专科,历史类,,,439,60189,
2120,长沙轨道交通职业学院,2025,河北,高职专科,历史类,,,353,137371,
2121,长沙科技职业学院,2025,河北,高职专科,历史类,,,201,234284,
2122,长沙南方职业学院,2025,河北,高职专科,历史类,,,221,230703,
2123,长沙文创艺术职业学院,2025,河北,高职专科,历史类,,,214,231667,
2126,长垣烹饪职业技术学院,2025,河北,高职专科,历史类,,,340,153699,
2128,郴州思科职业学院,2025,河北,高职专科,历史类,,,203,195536,
2129,郴州智能科技职业学院,2025,河北,高职专科,历史类,,,206,198247,
2134,成都文理学院,2025,河北,高职专科,历史类,,,232,182366,
2135,成都艺术职业大学,2025,河北,高职专科,历史类,,,200,215266,
2137,重庆安防职业学院,2025,河北,高职专科,历史类,,,200,233451,
214,成都纺织高等专科学校,2025,河北,高职专科,历史类,,,457,52965,
2140,重庆传媒职业学院,2025,河北,高职专科,历史类,,,205,135757,
2141,重庆电信职业学院,2025,河北,高职专科,历史类,,,202,135757,
2142,重庆电讯职业学院,2025,河北,高职专科,历史类,,,203,212014,
2144,重庆公共运输职业学院,2025,河北,高职专科,历史类,,,261,129129,
2145,重庆海联职业技术学院,2025,河北,高职专科,历史类,,,200,120421,
2148,重庆建筑科技职业学院,2025,河北,高职专科,历史类,,,277,128342,
2149,重庆健康职业学院,2025,河北,高职专科,历史类,,,201,200810,
215,成都工贸职业技术学院,2025,河北,高职专科,历史类,,,449,84133,
2152,重庆经贸职业学院,2025,河北,高职专科,历史类,,,207,147250,
2153,重庆科创职业学院,2025,河北,高职专科,历史类,,,317,122735,
2154,重庆科技职业学院,2025,河北,高职专科,历史类,,,201,155314,
2155,重庆理工职业学院,2025,河北,高职专科,历史类,,,208,221862,
2156,重庆能源职业学院,2025,河北,高职专科,历史类,,,202,160143,
2157,重庆轻工职业学院,2025,河北,高职专科,历史类,,,233,171570,
2160,重庆数字产业职业技术学院,2025,河北,高职专科,历史类,,,227,216611,
2162,重庆现代制造职业学院,2025,河北,高职专科,历史类,,,200,156957,
2163,重庆信息技术职业学院,2025,河北,高职专科,历史类,,,265,143983,
2165,重庆艺术工程职业学院,2025,河北,高职专科,历史类,,,208,176443,
2166,重庆应用技术职业学院,2025,河北,高职专科,历史类,,,201,230046,
2167,重庆智能工程职业学院,2025,河北,高职专科,历史类,,,200,191021,
2168,重庆资源与环境保护职业学院,2025,河北,高职专科,历史类,,,203,207248,
217,成都航空职业技术大学,2025,河北,高职专科,历史类,,,454,67553,
2170,大连东软信息学院,2025,河北,高职专科,历史类,,,200,234284,
2171,大连枫叶职业技术学院,2025,河北,高职专科,历史类,,,200,154514,
2172,大连航运职业技术学院,2025,河北,高职专科,历史类,,,343,142323,
2174,大连汽车职业技术学院,2025,河北,高职专科,历史类,,,216,155314,
2175,大连艺术学院,2025,河北,高职专科,历史类,,,203,223533,
2176,大连装备制造职业技术学院,2025,河北,高职专科,历史类,,,362,105478,
2177,德阳城市轨道交通职业学院,2025,河北,高职专科,历史类,,,203,223939,
2178,德阳科贸职业学院,2025,河北,高职专科,历史类,,,200,198786,
2179,德阳农业科技职业学院,2025,河北,高职专科,历史类,,,200,225554,
2180,德州工程职业学院,2025,河北,高职专科,历史类,,,236,164763,
2181,德州科技职业学院,2025,河北,高职专科,历史类,,,375,116363,
2188,赣西科技职业学院,2025,河北,高职专科,历史类,,,290,174352,
2189,共青科技职业学院,2025,河北,高职专科,历史类,,,236,218353,
2191,广东碧桂园职业学院,2025,河北,高职专科,历史类,,,200,229705,
2192,广东创新科技职业学院,2025,河北,高职专科,历史类,,,208,228570,
2195,广东酒店管理职业技术学院,2025,河北,高职专科,历史类,,,200,222298,
2197,广东岭南职业技术学院,2025,河北,高职专科,历史类,,,241,188063,
2198,广东南方职业学院,2025,河北,高职专科,历史类,,,200,179163,
2199,广东文理职业学院,2025,河北,高职专科,历史类,,,202,199806,
2200,广东亚视演艺职业学院,2025,河北,高职专科,历史类,,,202,188685,
2201,广东肇庆航空职业学院,2025,河北,高职专科,历史类,,,209,223119,
2203,广西经济职业学院,2025,河北,高职专科,历史类,,,206,175771,
2205,广西理工职业技术学院,2025,河北,高职专科,历史类,,,237,201309,
2209,广元中核职业技术学院,2025,河北,高职专科,历史类,,,411,95040,
2210,广州城建职业学院,2025,河北,高职专科,历史类,,,212,144787,
2213,广州华立科技职业学院,2025,河北,高职专科,历史类,,,209,129959,
2215,广州华南商贸职业学院,2025,河北,高职专科,历史类,,,214,229705,
2216,广州华商职业学院,2025,河北,高职专科,历史类,,,207,185533,
2217,广州华夏职业学院,2025,河北,高职专科,历史类,,,204,199290,
2219,广州南洋理工职业学院,2025,河北,高职专科,历史类,,,257,163236,
2222,广州涉外经济职业技术学院,2025,河北,高职专科,历史类,,,200,228570,
2224,广州珠江职业技术学院,2025,河北,高职专科,历史类,,,201,227385,
2225,硅湖职业技术学院,2025,河北,高职专科,历史类,,,256,216611,
2227,贵州城市职业学院,2025,河北,高职专科,历史类,,,200,213875,
2228,贵州工程职业学院,2025,河北,高职专科,历史类,,,289,173665,
2229,贵州工贸职业学院,2025,河北,高职专科,历史类,,,211,191610,
2230,贵州工商职业学院,2025,河北,高职专科,历史类,,,200,198786,
2231,贵州民用航空职业学院,2025,河北,高职专科,历史类,,,202,213875,
2234,贵州盛华职业学院,2025,河北,高职专科,历史类,,,302,170096,
2235,贵州铜仁数据职业学院,2025,河北,高职专科,历史类,,,201,185533,
2236,贵州应用技术职业学院,2025,河北,高职专科,历史类,,,202,189875,
2237,桂林山水职业学院,2025,河北,高职专科,历史类,,,204,235042,
2238,桂林生命与健康职业技术学院,2025,河北,高职专科,历史类,,,227,205774,
2239,桂林信息工程职业学院,2025,河北,高职专科,历史类,,,200,217068,
2242,哈尔滨北方航空职业技术学院,2025,河北,高职专科,历史类,,,201,188063,
2243,哈尔滨城市职业学院,2025,河北,高职专科,历史类,,,249,211522,
2244,哈尔滨传媒职业学院,2025,河北,高职专科,历史类,,,200,232264,
225,承德护理职业学院,2025,河北,高职专科,历史类,,,406,64897,
2250,哈尔滨应用职业技术学院,2025,河北,高职专科,历史类,,,200,223119,
2252,海口经济学院,2025,河北,高职专科,历史类,,,200,217504,
2254,海南东方新丝路职业学院,2025,河北,高职专科,历史类,,,200,225183,
2255,海南工商职业学院,2025,河北,高职专科,历史类,,,201,211522,
2256,海南健康管理职业技术学院,2025,河北,高职专科,历史类,,,227,216611,
2257,海南科技职业大学,2025,河北,高职专科,历史类,,,228,208712,
2258,邯郸应用技术职业学院,2025,河北,高职专科,历史类,,,299,148854,
2259,汉口学院,2025,河北,高职专科,历史类,,,311,115568,
2261,合肥共达职业技术学院,2025,河北,高职专科,历史类,,,348,114047,
2262,合肥科技职业学院,2025,河北,高职专科,历史类,,,360,115568,
2263,和君职业学院,2025,河北,高职专科,历史类,,,280,198247,
2267,河北科技学院,2025,河北,高职专科,历史类,,,291,156127,
2268,河北美术学院,2025,河北,高职专科,历史类,,,200,236029,
2269,河北外国语学院,2025,河北,高职专科,历史类,,,246,118767,
2271,鹤壁汽车工程职业学院,2025,河北,高职专科,历史类,,,200,186176,
2275,黑龙江三江美术职业学院,2025,河北,高职专科,历史类,,,200,234284,
2277,衡阳科技职业学院,2025,河北,高职专科,历史类,,,214,184260,
2278,衡阳理工职业学院,2025,河北,高职专科,历史类,,,200,229705,
2279,湖北恩施学院,2025,河北,高职专科,历史类,,,238,145627,
228,承德应用技术职业学院,2025,河北,高职专科,历史类,,,385,90617,
2280,湖北健康职业学院,2025,河北,高职专科,历史类,,,291,181094,
2281,湖北三峡航空学院,2025,河北,高职专科,历史类,,,229,180467,
2282,湖北商贸学院,2025,河北,高职专科,历史类,,,297,123521,
2283,湖北孝感美珈职业学院,2025,河北,高职专科,历史类,,,208,194461,
2284,湖南电子科技职业学院,2025,河北,高职专科,历史类,,,200,191610,
2285,湖南都市职业学院,2025,河北,高职专科,历史类,,,203,232558,
2286,湖南高尔夫旅游职业学院,2025,河北,高职专科,历史类,,,200,202812,
2287,湖南工商职业学院,2025,河北,高职专科,历史类,,,201,182979,
2288,湖南吉利汽车职业技术学院,2025,河北,高职专科,历史类,,,332,134968,
2289,湖南交通工程学院,2025,河北,高职专科,历史类,,,282,147250,
2290,湖南软件职业技术大学,2025,河北,高职专科,历史类,,,202,123521,
2291,湖南三一工业职业技术学院,2025,河北,高职专科,历史类,,,318,150503,
2293,湖南外国语职业学院,2025,河北,高职专科,历史类,,,201,214347,
2295,黄冈科技职业学院,2025,河北,高职专科,历史类,,,266,154514,
2297,黄山健康职业学院,2025,河北,高职专科,历史类,,,339,144787,
2299,吉林城市职业技术学院,2025,河北,高职专科,历史类,,,200,207738,
230,赤峰工业职业技术学院,2025,河北,高职专科,历史类,,,374,102415,
2302,吉林科技职业技术学院,2025,河北,高职专科,历史类,,,200,218353,
2304,吉林职业技术学院,2025,河北,高职专科,历史类,,,200,221862,
2305,建东职业技术学院,2025,河北,高职专科,历史类,,,204,216611,
2306,江海职业技术学院,2025,河北,高职专科,历史类,,,209,193853,
2307,江南影视艺术职业学院,2025,河北,高职专科,历史类,,,235,225554,
2308,江西枫林涉外经贸职业学院,2025,河北,高职专科,历史类,,,212,158541,
2311,江西工商职业技术学院,2025,河北,高职专科,历史类,,,218,151294,
2312,江西航空职业技术学院,2025,河北,高职专科,历史类,,,302,73651,
2314,江西洪州职业学院,2025,河北,高职专科,历史类,,,203,204314,
2315,江西科技学院,2025,河北,高职专科,历史类,,,316,150503,
2316,江西科技职业学院,2025,河北,高职专科,历史类,,,263,144787,
2317,江西软件职业技术大学,2025,河北,高职专科,历史类,,,205,181749,
2318,江西泰豪动漫职业学院,2025,河北,高职专科,历史类,,,209,216171,
2319,江西新能源科技职业学院,2025,河北,高职专科,历史类,,,311,162510,
2320,江西应用科技学院,2025,河北,高职专科,历史类,,,254,217504,
2321,江西樟树中医药职业学院,2025,河北,高职专科,历史类,,,345,138201,
2322,江阳城建职业学院,2025,河北,高职专科,历史类,,,200,232849,
2323,金肯职业技术学院,2025,河北,高职专科,历史类,,,200,223939,
2324,金山职业技术学院,2025,河北,高职专科,历史类,,,200,188063,
2326,荆州学院,2025,河北,高职专科,历史类,,,275,149702,
2327,景德镇陶瓷职业技术学院,2025,河北,高职专科,历史类,,,217,220162,
2328,景德镇艺术职业大学,2025,河北,高职专科,历史类,,,202,196653,
2329,九州职业技术学院,2025,河北,高职专科,历史类,,,253,183650,
233,赤峰应用技术职业学院,2025,河北,高职专科,历史类,,,369,98741,
2330,昆明城市学院,2025,河北,高职专科,历史类,,,203,223119,
2331,昆明传媒学院,2025,河北,高职专科,历史类,,,222,125905,
2332,昆明卫生职业学院,2025,河北,高职专科,历史类,,,437,92814,
2334,昆明艺术职业学院,2025,河北,高职专科,历史类,,,203,235775,
2335,昆山登云科技职业学院,2025,河北,高职专科,历史类,,,207,209671,
2338,兰州科技职业学院,2025,河北,高职专科,历史类,,,276,163236,
2339,兰州外语职业学院,2025,河北,高职专科,历史类,,,200,223119,
234,重庆财经职业学院,2025,河北,高职专科,历史类,,,443,59535,
2341,丽江文化旅游学院,2025,河北,高职专科,历史类,,,209,186176,
2342,辽宁传媒学院,2025,河北,高职专科,历史类,,,201,234808,
2344,辽宁广告职业学院,2025,河北,高职专科,历史类,,,202,206311,
2347,辽宁理工职业大学,2025,河北,高职专科,历史类,,,203,235775,
2348,林州建筑职业技术学院,2025,河北,高职专科,历史类,,,207,185533,
235,重庆城市管理职业学院,2025,河北,高职专科,历史类,,,462,75054,
2350,泸州医疗器械职业学院,2025,河北,高职专科,历史类,,,248,117945,
2351,洛阳科技职业学院,2025,河北,高职专科,历史类,,,288,182979,
2352,漯河食品工程职业大学,2025,河北,高职专科,历史类,,,244,215727,
2354,眉山药科职业学院,2025,河北,高职专科,历史类,,,200,222677,
2355,梅河口康美职业技术学院,2025,河北,高职专科,历史类,,,375,100926,
2357,绵阳飞行职业学院,2025,河北,高职专科,历史类,,,200,232264,
2358,民办合肥滨湖职业技术学院,2025,河北,高职专科,历史类,,,302,147250,
2359,民办合肥财经职业学院,2025,河北,高职专科,历史类,,,353,133274,
236,重庆城市职业学院,2025,河北,高职专科,历史类,,,434,81999,
2360,民办合肥经济技术职业学院,2025,河北,高职专科,历史类,,,375,112514,
2361,民办四川天一学院,2025,河北,高职专科,历史类,,,202,172954,
2362,民办万博科技职业学院,2025,河北,高职专科,历史类,,,334,163236,
2363,明达职业技术学院,2025,河北,高职专科,历史类,,,200,230703,
2364,南昌工学院,2025,河北,高职专科,历史类,,,300,113290,
2366,南昌理工学院,2025,河北,高职专科,历史类,,,205,132507,
2367,南昌应用技术师范学院,2025,河北,高职专科,历史类,,,389,129959,
2369,南昌职业大学,2025,河北,高职专科,历史类,,,203,223119,
2370,南充电影工业职业学院,2025,河北,高职专科,历史类,,,200,215266,
2371,南充科技职业学院,2025,河北,高职专科,历史类,,,204,192722,
2373,南京视觉艺术职业学院,2025,河北,高职专科,历史类,,,200,232264,
2377,南阳职业学院,2025,河北,高职专科,历史类,,,291,108538,
2378,内蒙古北方职业技术学院,2025,河北,高职专科,历史类,,,365,95761,
2379,内蒙古丰州职业学院,2025,河北,高职专科,历史类,,,322,146480,
2381,内蒙古科技职业学院,2025,河北,高职专科,历史类,,,357,139046,
2382,内蒙古美术职业学院,2025,河北,高职专科,历史类,,,330,155314,
2383,内蒙古能源职业学院,2025,河北,高职专科,历史类,,,366,143983,
2386,攀枝花攀西职业学院,2025,河北,高职专科,历史类,,,208,212494,
2387,齐鲁理工学院,2025,河北,高职专科,历史类,,,371,142323,
2388,齐鲁医药学院,2025,河北,高职专科,历史类,,,386,77855,
2391,齐齐哈尔立德健康职业学院,2025,河北,高职专科,历史类,,,200,234558,
2396,青岛航空科技职业学院,2025,河北,高职专科,历史类,,,255,164763,
2397,青岛恒星科技学院,2025,河北,高职专科,历史类,,,215,176443,
2398,青岛黄海学院,2025,河北,高职专科,历史类,,,256,167086,
2399,青岛求实职业技术学院,2025,河北,高职专科,历史类,,,319,107774,
2400,曲阜远东职业技术学院,2025,河北,高职专科,历史类,,,343,137371,
2401,泉州纺织服装职业学院,2025,河北,高职专科,历史类,,,207,210140,
2402,泉州工程职业技术学院,2025,河北,高职专科,历史类,,,309,160143,
2403,泉州海洋职业学院,2025,河北,高职专科,历史类,,,205,142323,
2404,泉州华光职业学院,2025,河北,高职专科,历史类,,,279,205309,
2405,泉州轻工职业学院,2025,河北,高职专科,历史类,,,267,209214,
2408,日照航海工程职业学院,2025,河北,高职专科,历史类,,,338,114830,
2409,日照康养职业学院,2025,河北,高职专科,历史类,,,236,225183,
2411,三亚城市职业学院,2025,河北,高职专科,历史类,,,201,189315,
2412,三亚航空旅游职业学院,2025,河北,高职专科,历史类,,,200,176443,
2413,三亚护理职业学院,2025,河北,高职专科,历史类,,,200,212948,
2414,三亚理工职业学院,2025,河北,高职专科,历史类,,,213,170096,
2416,三亚中瑞酒店管理职业学院,2025,河北,高职专科,历史类,,,201,151294,
2417,山东工程职业技术大学,2025,河北,高职专科,历史类,,,213,212948,
2418,山东海事职业学院,2025,河北,高职专科,历史类,,,337,122735,
242,重庆电力高等专科学校,2025,河北,高职专科,历史类,,,475,50419,
2420,山东力明科技职业学院,2025,河北,高职专科,历史类,,,246,97238,
2421,山东圣翰财贸职业学院,2025,河北,高职专科,历史类,,,200,156957,
2422,山东外国语职业技术大学,2025,河北,高职专科,历史类,,,308,144787,
2423,山东外事职业大学,2025,河北,高职专科,历史类,,,220,151294,
2424,山东文化产业职业学院,2025,河北,高职专科,历史类,,,237,195013,
2425,山东现代学院,2025,河北,高职专科,历史类,,,378,101689,
2427,山东艺术设计职业学院,2025,河北,高职专科,历史类,,,234,203341,
2428,山东英才学院,2025,河北,高职专科,历史类,,,201,160143,
243,重庆电子科技职业大学,2025,河北,高职专科,历史类,,,466,62196,
2431,山西老区职业技术学院,2025,河北,高职专科,历史类,,,403,104714,
2432,山西同文职业技术学院,2025,河北,高职专科,历史类,,,328,105478,
2433,山西信息职业技术学院,2025,河北,高职专科,历史类,,,260,201309,
2435,陕西电子信息职业技术学院,2025,河北,高职专科,历史类,,,265,81999,
2436,陕西服装工程学院,2025,河北,高职专科,历史类,,,314,157773,
2437,陕西国际商贸学院,2025,河北,高职专科,历史类,,,352,148854,
2438,陕西旅游烹饪职业学院,2025,河北,高职专科,历史类,,,200,138201,
244,重庆工程职业技术学院,2025,河北,高职专科,历史类,,,465,66186,
2441,上海邦德职业技术学院,2025,河北,高职专科,历史类,,,213,223119,
2442,上海电影艺术职业学院,2025,河北,高职专科,历史类,,,204,227792,
2443,上海东海职业技术学院,2025,河北,高职专科,历史类,,,200,223119,
2444,上海工商外国语职业学院,2025,河北,高职专科,历史类,,,322,150503,
2445,上海工商职业技术学院,2025,河北,高职专科,历史类,,,208,214808,
2446,上海济光职业技术学院,2025,河北,高职专科,历史类,,,217,170874,
2448,上海立达学院,2025,河北,高职专科,历史类,,,388,130790,
2449,上海民远职业技术学院,2025,河北,高职专科,历史类,,,201,233451,
2452,上海思博职业技术学院,2025,河北,高职专科,历史类,,,238,196083,
2453,上海震旦职业学院,2025,河北,高职专科,历史类,,,205,213875,
2454,上海中侨职业技术大学,2025,河北,高职专科,历史类,,,205,199290,
2455,绍兴职业技术学院,2025,河北,高职专科,历史类,,,397,123521,
2456,沈阳北软信息职业技术学院,2025,河北,高职专科,历史类,,,200,194461,
2457,沈阳城市建设学院,2025,河北,高职专科,历史类,,,242,222677,
2459,沈阳工学院,2025,河北,高职专科,历史类,,,362,105478,
246,重庆工商职业学院,2025,河北,高职专科,历史类,,,421,67553,
2461,石家庄财经职业学院,2025,河北,高职专科,历史类,,,282,129959,
2462,石家庄城市经济职业学院,2025,河北,高职专科,历史类,,,285,143213,
2463,石家庄工程职业学院,2025,河北,高职专科,历史类,,,301,145627,
2464,石家庄工商职业学院,2025,河北,高职专科,历史类,,,349,107005,
2465,石家庄金融职业学院,2025,河北,高职专科,历史类,,,273,177797,
2466,石家庄经济职业学院,2025,河北,高职专科,历史类,,,200,177797,
2467,石家庄科技信息职业学院,2025,河北,高职专科,历史类,,,262,113290,
2468,石家庄科技职业学院,2025,河北,高职专科,历史类,,,296,111658,
2469,石家庄理工职业学院,2025,河北,高职专科,历史类,,,239,100926,
247,重庆工信职业学院,2025,河北,高职专科,历史类,,,430,77855,
2470,石家庄农林职业学院,2025,河北,高职专科,历史类,,,233,193279,
2471,石家庄人民医学高等专科学校,2025,河北,高职专科,历史类,,,284,92029,
2472,石家庄医学高等专科学校,2025,河北,高职专科,历史类,,,303,103981,
2473,四川长江职业学院,2025,河北,高职专科,历史类,,,200,205309,
2474,四川城市职业学院,2025,河北,高职专科,历史类,,,204,218804,
2475,四川传媒学院,2025,河北,高职专科,历史类,,,382,135757,
2476,四川电影电视学院,2025,河北,高职专科,历史类,,,289,137371,
2477,四川电子机械职业技术学院,2025,河北,高职专科,历史类,,,211,208712,
2478,四川工商学院,2025,河北,高职专科,历史类,,,217,150503,
2479,四川工业科技学院,2025,河北,高职专科,历史类,,,340,169364,
248,重庆工业职业技术大学,2025,河北,高职专科,历史类,,,422,70271,
2480,四川国际标榜职业学院,2025,河北,高职专科,历史类,,,200,215727,
2481,四川华新现代职业学院,2025,河北,高职专科,历史类,,,201,173665,
2482,四川科技职业学院,2025,河北,高职专科,历史类,,,200,176443,
2483,四川汽车职业技术学院,2025,河北,高职专科,历史类,,,204,222298,
2484,四川托普信息技术职业学院,2025,河北,高职专科,历史类,,,206,206311,
2485,四川文化传媒职业学院,2025,河北,高职专科,历史类,,,202,181094,
2486,四川文化艺术学院,2025,河北,高职专科,历史类,,,253,167871,
2487,四川文轩职业学院,2025,河北,高职专科,历史类,,,200,165560,
2488,四川西南航空职业学院,2025,河北,高职专科,历史类,,,215,159351,
2489,四川希望汽车职业学院,2025,河北,高职专科,历史类,,,202,233451,
249,重庆航天职业技术学院,2025,河北,高职专科,历史类,,,473,67553,
2490,四川现代职业学院,2025,河北,高职专科,历史类,,,209,168612,
2491,四川应用技术职业学院,2025,河北,高职专科,历史类,,,200,225917,
2492,苏州高博职业学院,2025,河北,高职专科,历史类,,,204,230046,
2493,宿迁泽达职业技术学院,2025,河北,高职专科,历史类,,,200,236271,
2494,宿迁职业技术学院,2025,河北,高职专科,历史类,,,200,210140,
2495,宿州航空职业学院,2025,河北,高职专科,历史类,,,242,201821,
2496,遂宁工程职业学院,2025,河北,高职专科,历史类,,,207,219741,
2497,遂宁职业学院,2025,河北,高职专科,历史类,,,201,217955,
2498,太湖创意职业技术学院,2025,河北,高职专科,历史类,,,384,134129,
2499,泰山科技学院,2025,河北,高职专科,历史类,,,201,213409,
2500,唐山海运职业学院,2025,河北,高职专科,历史类,,,214,171570,
2501,天府新区航空旅游职业学院,2025,河北,高职专科,历史类,,,200,223533,
2502,天府新区通用航空职业学院,2025,河北,高职专科,历史类,,,201,212948,
2503,天府新区信息职业学院,2025,河北,高职专科,历史类,,,200,221451,
2504,天津滨海汽车工程职业学院,2025,河北,高职专科,历史类,,,202,164763,
2507,天津天狮学院,2025,河北,高职专科,历史类,,,270,188685,
2509,潍坊工商职业学院,2025,河北,高职专科,历史类,,,221,110112,
2510,潍坊环境工程职业学院,2025,河北,高职专科,历史类,,,302,122735,
2513,潍坊理工学院,2025,河北,高职专科,历史类,,,291,149702,
2514,潍坊食品科技职业学院,2025,河北,高职专科,历史类,,,269,203831,
2515,温州商学院,2025,河北,高职专科,历史类,,,418,87656,
2516,文华学院,2025,河北,高职专科,历史类,,,316,140681,
2517,无锡南洋职业技术学院,2025,河北,高职专科,历史类,,,208,206311,
2519,梧州医学高等专科学校,2025,河北,高职专科,历史类,,,354,113290,
2521,武昌理工学院,2025,河北,高职专科,历史类,,,301,125905,
2522,武昌首义学院,2025,河北,高职专科,历史类,,,307,139883,
2523,武昌职业学院,2025,河北,高职专科,历史类,,,273,152071,
2526,武汉传媒学院,2025,河北,高职专科,历史类,,,359,137371,
2527,武汉东湖学院,2025,河北,高职专科,历史类,,,278,148854,
2528,武汉工程科技学院,2025,河北,高职专科,历史类,,,253,151294,
2529,武汉工商学院,2025,河北,高职专科,历史类,,,379,135757,
2530,武汉光谷职业学院,2025,河北,高职专科,历史类,,,347,133274,
2533,武汉商贸职业学院,2025,河北,高职专科,历史类,,,236,107005,
2535,武汉生物工程学院,2025,河北,高职专科,历史类,,,367,109310,
2536,武汉外语外事职业学院,2025,河北,高职专科,历史类,,,373,102415,
2537,武汉文理学院,2025,河北,高职专科,历史类,,,369,107774,
2538,武汉信息传播职业技术学院,2025,河北,高职专科,历史类,,,351,152892,
2540,武夷山职业学院,2025,河北,高职专科,历史类,,,228,228175,
2541,西安城市建设职业学院,2025,河北,高职专科,历史类,,,202,183650,
2542,西安翻译学院,2025,河北,高职专科,历史类,,,209,101689,
2543,西安高新科技职业学院,2025,河北,高职专科,历史类,,,369,98741,
2544,西安工商学院,2025,河北,高职专科,历史类,,,331,135757,
2545,西安海棠职业学院,2025,河北,高职专科,历史类,,,363,107005,
2546,西安交通工程学院,2025,河北,高职专科,历史类,,,367,109310,
2547,西安明德理工学院,2025,河北,高职专科,历史类,,,296,150503,
2548,西安欧亚学院,2025,河北,高职专科,历史类,,,307,121153,
255,重庆青年职业技术学院,2025,河北,高职专科,历史类,,,452,76435,
2550,西安汽车职业大学,2025,河北,高职专科,历史类,,,207,183650,
2551,西安思源学院,2025,河北,高职专科,历史类,,,228,110112,
2552,西安外事学院,2025,河北,高职专科,历史类,,,203,100182,
2553,西安信息职业大学,2025,河北,高职专科,历史类,,,205,152892,
2554,西安医学高等专科学校,2025,河北,高职专科,历史类,,,442,71648,
2556,厦门安防科技职业学院,2025,河北,高职专科,历史类,,,326,152892,
2557,厦门东海职业技术学院,2025,河北,高职专科,历史类,,,249,176443,
2559,厦门华天涉外职业技术学院,2025,河北,高职专科,历史类,,,202,223119,
2561,厦门南洋职业学院,2025,河北,高职专科,历史类,,,229,217955,
2563,厦门兴才职业技术学院,2025,河北,高职专科,历史类,,,218,220162,
2566,潇湘职业学院,2025,河北,高职专科,历史类,,,200,219273,
2567,新疆科技职业技术学院,2025,河北,高职专科,历史类,,,246,202329,
2568,新疆科信职业技术学院,2025,河北,高职专科,历史类,,,293,182366,
2569,新疆能源职业技术学院,2025,河北,高职专科,历史类,,,280,141519,
2570,新疆天山职业技术大学,2025,河北,高职专科,历史类,,,301,143983,
2571,新疆现代职业技术学院,2025,河北,高职专科,历史类,,,248,201821,
2572,信阳航空职业学院,2025,河北,高职专科,历史类,,,203,234284,
2573,信阳涉外职业技术学院,2025,河北,高职专科,历史类,,,307,159351,
2575,邢台新能源职业学院,2025,河北,高职专科,历史类,,,282,147250,
2576,邢台应用技术职业学院,2025,河北,高职专科,历史类,,,260,173665,
2577,烟台城市科技职业学院,2025,河北,高职专科,历史类,,,310,139046,
2578,烟台黄金职业学院,2025,河北,高职专科,历史类,,,245,173665,
2579,烟台科技学院,2025,河北,高职专科,历史类,,,310,189315,
258,重庆商务职业学院,2025,河北,高职专科,历史类,,,439,64897,
2581,烟台南山学院,2025,河北,高职专科,历史类,,,327,151294,
2582,炎黄职业技术学院,2025,河北,高职专科,历史类,,,201,230398,
2583,燕京理工学院,2025,河北,高职专科,历史类,,,309,125905,
2584,扬州中瑞酒店职业学院,2025,河北,高职专科,历史类,,,201,226670,
2587,银川科技学院,2025,河北,高职专科,历史类,,,240,147250,
2589,榆林能源科技职业学院,2025,河北,高职专科,历史类,,,318,129959,
2591,岳阳现代服务职业学院,2025,河北,高职专科,历史类,,,216,225183,
2593,云南城市建设职业学院,2025,河北,高职专科,历史类,,,201,221451,
2594,云南工程职业学院,2025,河北,高职专科,历史类,,,202,200810,
2595,云南工商学院,2025,河北,高职专科,历史类,,,200,233451,
2596,云南经济管理学院,2025,河北,高职专科,历史类,,,209,126708,
2597,云南经贸外事职业学院,2025,河北,高职专科,历史类,,,212,212948,
2598,云南科技信息职业学院,2025,河北,高职专科,历史类,,,299,182366,
2599,云南理工职业学院,2025,河北,高职专科,历史类,,,201,207738,
260,重庆水利电力职业技术学院,2025,河北,高职专科,历史类,,,473,63585,
2600,云南三鑫职业技术学院,2025,河北,高职专科,历史类,,,207,221451,
2601,云南商务职业学院,2025,河北,高职专科,历史类,,,202,204314,
2602,云南外事外语职业学院,2025,河北,高职专科,历史类,,,203,206311,
2603,云南新兴职业学院,2025,河北,高职专科,历史类,,,212,193279,
2604,云南医药健康职业学院,2025,河北,高职专科,历史类,,,224,116363,
2607,张家界学院,2025,河北,高职专科,历史类,,,210,212014,
2608,漳州科技职业学院,2025,河北,高职专科,历史类,,,221,201309,
2609,漳州理工职业学院,2025,河北,高职专科,历史类,,,276,169364,
2620,郑州商贸旅游职业学院,2025,河北,高职专科,历史类,,,371,144787,
2623,郑州食品工程职业学院,2025,河北,高职专科,历史类,,,200,228570,
2625,郑州信息工程职业学院,2025,河北,高职专科,历史类,,,339,156957,
2626,郑州医药健康职业学院,2025,河北,高职专科,历史类,,,353,117945,
2628,株洲科技职业学院,2025,河北,高职专科,历史类,,,204,219273,
2630,珠海艺术职业学院,2025,河北,高职专科,历史类,,,207,233156,
2631,资阳环境科技职业学院,2025,河北,高职专科,历史类,,,201,231020,
2633,自贡职业技术学院,2025,河北,高职专科,历史类,,,200,221031,
265,重庆医药高等专科学校,2025,河北,高职专科,历史类,,,480,39505,
268,滁州城市职业学院,2025,河北,高职专科,历史类,,,419,97977,
270,滁州职业技术学院,2025,河北,高职专科,历史类,,,437,92814,
272,楚雄医药高等专科学校,2025,河北,高职专科,历史类,,,449,84133,
274,川南幼儿师范高等专科学校,2025,河北,高职专科,历史类,,,398,122735,
28,安徽商贸职业技术学院,2025,河北,高职专科,历史类,,,446,61531,
29,安徽审计职业学院,2025,河北,高职专科,历史类,,,440,76435,
293,大连职业技术学院,2025,河北,高职专科,历史类,,,427,58842,
295,大庆医学高等专科学校,2025,河北,高职专科,历史类,,,418,52355,
296,大庆职业学院,2025,河北,高职专科,历史类,,,389,94308,
297,大同师范高等专科学校,2025,河北,高职专科,历史类,,,435,64257,
298,大兴安岭职业学院,2025,河北,高职专科,历史类,,,370,102415,
299,德宏职业学院,2025,河北,高职专科,历史类,,,414,110112,
3,阿拉善职业技术学院,2025,河北,高职专科,历史类,,,349,134129,
301,德州职业技术学院,2025,河北,高职专科,历史类,,,388,116363,
307,定西职业技术学院,2025,河北,高职专科,历史类,,,383,92029,
31,安徽水利水电职业技术学院,2025,河北,高职专科,历史类,,,413,110870,
32,安徽卫生健康职业学院,2025,河北,高职专科,历史类,,,436,93574,
33,安徽新闻出版职业技术学院,2025,河北,高职专科,历史类,,,405,81315,
330,东莞职业技术学院,2025,河北,高职专科,历史类,,,395,72311,
331,东营科技职业学院,2025,河北,高职专科,历史类,,,381,79202,
332,东营职业学院,2025,河北,高职专科,历史类,,,475,66186,
335,鄂尔多斯生态环境职业学院,2025,河北,高职专科,历史类,,,367,112514,
337,鄂尔多斯职业学院,2025,河北,高职专科,历史类,,,349,116363,
338,鄂州职业大学,2025,河北,高职专科,历史类,,,391,85550,
339,恩施职业技术学院,2025,河北,高职专科,历史类,,,363,101689,
34,安徽冶金科技职业学院,2025,河北,高职专科,历史类,,,392,80573,
349,福建水利电力职业技术学院,2025,河北,高职专科,历史类,,,397,123521,
354,福州墨尔本理工职业学院,2025,河北,高职专科,历史类,,,330,122735,
355,抚顺职业技术学院,2025,河北,高职专科,历史类,,,396,84133,
356,抚州医药学院,2025,河北,高职专科,历史类,,,442,68218,
357,抚州幼儿师范高等专科学校,2025,河北,高职专科,历史类,,,413,98741,
358,抚州职业技术学院,2025,河北,高职专科,历史类,,,409,85550,
359,阜新高等专科学校,2025,河北,高职专科,历史类,,,392,79917,
361,阜阳职业技术学院,2025,河北,高职专科,历史类,,,403,81315,
367,甘肃财贸职业学院,2025,河北,高职专科,历史类,,,394,91317,
368,甘肃钢铁职业技术学院,2025,河北,高职专科,历史类,,,367,84857,
369,甘肃工业职业技术大学,2025,河北,高职专科,历史类,,,403,118767,
370,甘肃建筑职业技术学院,2025,河北,高职专科,历史类,,,377,138201,
371,甘肃交通职业技术学院,2025,河北,高职专科,历史类,,,430,97238,
372,甘肃林业职业技术大学,2025,河北,高职专科,历史类,,,395,83390,
375,甘肃农业职业技术学院,2025,河北,高职专科,历史类,,,391,126708,
376,甘肃畜牧工程职业技术学院,2025,河北,高职专科,历史类,,,362,94308,
378,甘肃有色冶金职业技术学院,2025,河北,高职专科,历史类,,,353,124278,
38,安徽职业技术大学,2025,河北,高职专科,历史类,,,439,75757,
384,赣南卫生健康职业学院,2025,河北,高职专科,历史类,,,432,96493,
386,赣州职业技术学院,2025,河北,高职专科,历史类,,,383,88381,
388,广东财贸职业学院,2025,河北,高职专科,历史类,,,384,117945,
39,安徽中澳科技职业学院,2025,河北,高职专科,历史类,,,406,99444,
390,广东工程职业技术学院,2025,河北,高职专科,历史类,,,440,90617,
391,广东工贸职业技术学院,2025,河北,高职专科,历史类,,,431,97238,
395,广东江门中医药职业学院,2025,河北,高职专科,历史类,,,457,71648,
396,广东交通职业技术学院,2025,河北,高职专科,历史类,,,411,112514,
398,广东科贸职业学院,2025,河北,高职专科,历史类,,,409,95761,
399,广东科学技术职业学院,2025,河北,高职专科,历史类,,,415,75757,
4,阿勒泰职业技术学院,2025,河北,高职专科,历史类,,,334,112514,
400,广东理工职业学院,2025,河北,高职专科,历史类,,,413,104714,
402,广东南华工商职业学院,2025,河北,高职专科,历史类,,,371,119579,
403,广东农工商职业技术学院,2025,河北,高职专科,历史类,,,222,127497,
404,广东女子职业技术学院,2025,河北,高职专科,历史类,,,405,110870,
405,广东轻工职业技术大学,2025,河北,高职专科,历史类,,,456,64897,
406,广东生态工程职业学院,2025,河北,高职专科,历史类,,,391,79917,
407,广东省外语艺术职业学院,2025,河北,高职专科,历史类,,,378,139046,
409,广东食品药品职业学院,2025,河北,高职专科,历史类,,,415,86240,
414,广东艺术职业学院,2025,河北,高职专科,历史类,,,375,133274,
415,广西安全工程职业技术学院,2025,河北,高职专科,历史类,,,372,105478,
418,广西电力职业技术学院,2025,河北,高职专科,历史类,,,429,68889,
419,广西国际商务职业技术学院,2025,河北,高职专科,历史类,,,374,109310,
42,安康职业技术学院,2025,河北,高职专科,历史类,,,387,92029,
420,广西建设职业技术学院,2025,河北,高职专科,历史类,,,398,117145,
427,广西生态工程职业技术学院,2025,河北,高职专科,历史类,,,381,111658,
429,广西体育高等专科学校,2025,河北,高职专科,历史类,,,417,107774,
430,广西物流职业技术学院,2025,河北,高职专科,历史类,,,375,141519,
433,广西幼儿师范高等专科学校,2025,河北,高职专科,历史类,,,353,110112,
435,广西自然资源职业技术学院,2025,河北,高职专科,历史类,,,360,117145,
436,广州城市职业学院,2025,河北,高职专科,历史类,,,423,71648,
439,广州科技贸易职业学院,2025,河北,高职专科,历史类,,,416,108538,
44,安庆职业技术学院,2025,河北,高职专科,历史类,,,387,117145,
441,广州民航职业技术学院,2025,河北,高职专科,历史类,,,367,55552,
444,广州卫生职业技术学院,2025,河北,高职专科,历史类,,,425,62196,
449,贵州传媒职业学院,2025,河北,高职专科,历史类,,,376,117945,
451,贵州电子信息职业技术学院,2025,河北,高职专科,历史类,,,352,113290,
454,贵州机电职业技术学院,2025,河北,高职专科,历史类,,,400,89129,
455,贵州健康职业学院,2025,河北,高职专科,历史类,,,427,100182,
462,贵州轻工职业大学,2025,河北,高职专科,历史类,,,441,76435,
464,贵州生态能源职业学院,2025,河北,高职专科,历史类,,,385,117145,
469,贵州职业技术学院,2025,河北,高职专科,历史类,,,434,93574,
473,桂林理工大学,2025,河北,高职专科,历史类,,,442,56213,
474,桂林旅游学院,2025,河北,高职专科,历史类,,,391,103981,
475,桂林师范学院,2025,河北,高职专科,历史类,,,276,66870,
48,安阳幼儿师范高等专科学校,2025,河北,高职专科,历史类,,,407,95040,
488,哈尔滨科学技术职业学院,2025,河北,高职专科,历史类,,,382,76435,
49,安阳职业技术学院,2025,河北,高职专科,历史类,,,400,86240,
494,哈尔滨铁道职业技术学院,2025,河北,高职专科,历史类,,,454,62894,
499,哈尔滨幼儿师范高等专科学校,2025,河北,高职专科,历史类,,,360,108538,
501,哈密职业技术学院,2025,河北,高职专科,历史类,,,381,135757,
505,海南经贸职业技术学院,2025,河北,高职专科,历史类,,,432,86954,
507,海南软件职业技术学院,2025,河北,高职专科,历史类,,,394,112514,
51,鞍山职业技术学院,2025,河北,高职专科,历史类,,,448,70271,
510,海南外国语职业学院,2025,河北,高职专科,历史类,,,387,121977,
511,海南卫生健康职业学院,2025,河北,高职专科,历史类,,,387,97977,
513,海南职业技术学院,2025,河北,高职专科,历史类,,,373,102415,
514,邯郸科技职业学院,2025,河北,高职专科,历史类,,,412,72311,
517,邯郸幼儿师范高等专科学校,2025,河北,高职专科,历史类,,,391,85550,
518,邯郸职业技术学院,2025,河北,高职专科,历史类,,,394,77131,
52,巴音郭楞职业技术学院,2025,河北,高职专科,历史类,,,337,118767,
520,汉江师范学院,2025,河北,高职专科,历史类,,,416,70974,
521,汉中职业技术学院,2025,河北,高职专科,历史类,,,366,76435,
526,杭州职业技术大学,2025,河北,高职专科,历史类,,,491,38958,
534,合肥通用职业技术学院,2025,河北,高职专科,历史类,,,400,103213,
535,合肥幼儿师范高等专科学校,2025,河北,高职专科,历史类,,,423,68218,
536,和田职业技术学院,2025,河北,高职专科,历史类,,,344,75757,
54,白城医学高等专科学校,2025,河北,高职专科,历史类,,,511,43048,
549,河北对外经贸职业学院,2025,河北,高职专科,历史类,,,323,65519,
55,白城职业技术学院,2025,河北,高职专科,历史类,,,373,143213,
56,白银矿冶职业技术学院,2025,河北,高职专科,历史类,,,371,126708,
561,河北工业职业技术大学,2025,河北,高职专科,历史类,,,366,77855,
562,河北工业职业技术大学,2025,河北,高职专科,历史类,,,419,54207,
563,河北工艺美术职业学院,2025,河北,高职专科,历史类,,,408,95040,
565,河北轨道运输职业技术学院,2025,河北,高职专科,历史类,,,424,44877,
566,河北化工医药职业技术学院,2025,河北,高职专科,历史类,,,410,59535,
568,河北机电职业技术学院,2025,河北,高职专科,历史类,,,363,70271,
569,河北建材职业技术学院,2025,河北,高职专科,历史类,,,396,84133,
571,河北交通职业技术学院,2025,河北,高职专科,历史类,,,418,64897,
58,百色职业学院,2025,河北,高职专科,历史类,,,363,140681,
583,河北科技工程职业技术大学,2025,河北,高职专科,历史类,,,430,51070,
585,河北劳动关系职业学院,2025,河北,高职专科,历史类,,,388,71648,
586,河北旅游职业学院,2025,河北,高职专科,历史类,,,319,78537,
590,河北能源职业技术学院,2025,河北,高职专科,历史类,,,394,79202,
596,河北女子职业技术学院,2025,河北,高职专科,历史类,,,397,79917,
597,河北青年管理干部学院,2025,河北,高职专科,历史类,,,346,84133,
598,河北软件职业技术学院,2025,河北,高职专科,历史类,,,378,69602,
599,河北软件职业技术学院,2025,河北,高职专科,历史类,,,414,89865,
6,安徽财贸职业学院,2025,河北,高职专科,历史类,,,419,106213,
608,河北司法警官职业学院,2025,河北,高职专科,历史类,,,410,79917,
61,包头钢铁职业技术学院,2025,河北,高职专科,历史类,,,421,104714,
614,河北艺术职业学院,2025,河北,高职专科,历史类,,,395,99444,
615,河北正定师范高等专科学校,2025,河北,高职专科,历史类,,,420,72956,
616,河北政法职业学院,2025,河北,高职专科,历史类,,,391,61531,
62,包头铁道职业技术学院,2025,河北,高职专科,历史类,,,473,57521,
621,河北资源环境职业技术学院,2025,河北,高职专科,历史类,,,392,91317,
627,河南测绘职业学院,2025,河北,高职专科,历史类,,,393,117945,
63,包头职业技术学院,2025,河北,高职专科,历史类,,,396,95761,
630,河南地矿职业学院,2025,河北,高职专科,历史类,,,392,104714,
634,河南工业和信息化职业学院,2025,河北,高职专科,历史类,,,393,91317,
635,河南工业贸易职业学院,2025,河北,高职专科,历史类,,,440,90617,
636,河南工业职业技术学院,2025,河北,高职专科,历史类,,,423,103213,
637,河南护理职业学院,2025,河北,高职专科,历史类,,,442,72311,
638,河南检察职业学院,2025,河北,高职专科,历史类,,,455,78537,
640,河南经贸职业学院,2025,河北,高职专科,历史类,,,431,54207,
646,河南农业职业学院,2025,河北,高职专科,历史类,,,394,110870,
65,宝鸡职业技术学院,2025,河北,高职专科,历史类,,,410,58842,
650,河南水利与环境职业学院,2025,河北,高职专科,历史类,,,390,104714,
651,河南司法警官职业学院,2025,河北,高职专科,历史类,,,451,82709,
652,河南推拿职业学院,2025,河北,高职专科,历史类,,,463,74361,
653,河南医学高等专科学校,2025,河北,高职专科,历史类,,,469,70271,
656,河南应用技术职业学院,2025,河北,高职专科,历史类,,,410,88381,
659,河源职业技术学院,2025,河北,高职专科,历史类,,,376,139046,
66,保定电力职业技术学院,2025,河北,高职专科,历史类,,,475,52965,
660,菏泽家政职业学院,2025,河北,高职专科,历史类,,,420,97977,
662,菏泽医学专科学校,2025,河北,高职专科,历史类,,,477,44877,
663,菏泽职业学院,2025,河北,高职专科,历史类,,,438,86954,
665,鹤壁能源化工职业学院,2025,河北,高职专科,历史类,,,382,108538,
666,鹤壁职业技术学院,2025,河北,高职专科,历史类,,,359,88381,
667,鹤岗师范高等专科学校,2025,河北,高职专科,历史类,,,377,102415,
671,黑龙江冰雪体育职业学院,2025,河北,高职专科,历史类,,,427,100182,
675,黑龙江护理高等专科学校,2025,河北,高职专科,历史类,,,431,58842,
676,黑龙江建筑职业技术学院,2025,河北,高职专科,历史类,,,413,110870,
677,黑龙江交通职业技术学院,2025,河北,高职专科,历史类,,,448,59535,
679,黑龙江林业职业技术学院,2025,河北,高职专科,历史类,,,369,125074,
680,黑龙江旅游职业技术学院,2025,河北,高职专科,历史类,,,381,100926,
681,黑龙江民族职业学院,2025,河北,高职专科,历史类,,,384,77131,
682,黑龙江能源职业学院,2025,河北,高职专科,历史类,,,376,133274,
683,黑龙江农垦职业学院,2025,河北,高职专科,历史类,,,361,84133,
684,黑龙江农业工程职业学院,2025,河北,高职专科,历史类,,,433,95761,
685,黑龙江农业经济职业学院,2025,河北,高职专科,历史类,,,360,84857,
686,黑龙江农业职业技术学院,2025,河北,高职专科,历史类,,,386,82709,
687,黑龙江商业职业学院,2025,河北,高职专科,历史类,,,375,125905,
688,黑龙江生态工程职业学院,2025,河北,高职专科,历史类,,,381,107005,
69,保定幼儿师范高等专科学校,2025,河北,高职专科,历史类,,,353,82709,
690,黑龙江艺术职业学院,2025,河北,高职专科,历史类,,,373,128342,
691,黑龙江幼儿师范高等专科学校,2025,河北,高职专科,历史类,,,383,110870,
692,黑龙江职业学院,2025,河北,高职专科,历史类,,,404,49775,
694,衡水健康科技职业学院,2025,河北,高职专科,历史类,,,388,91317,
697,衡水职业技术学院,2025,河北,高职专科,历史类,,,392,81315,
698,衡水职业技术学院,2025,河北,高职专科,历史类,,,392,92814,
699,衡水职业技术学院,2025,河北,高职专科,历史类,,,400,91317,
7,安徽城市管理职业学院,2025,河北,高职专科,历史类,,,414,95040,
70,保定职业技术学院,2025,河北,高职专科,历史类,,,376,69602,
700,衡水职业技术学院,2025,河北,高职专科,历史类,,,323,91317,
702,红河卫生职业学院,2025,河北,高职专科,历史类,,,461,75757,
706,呼和浩特职业技术大学,2025,河北,高职专科,历史类,,,422,75054,
709,呼伦贝尔职业技术学院,2025,河北,高职专科,历史类,,,362,102415,
710,湖北财税职业学院,2025,河北,高职专科,历史类,,,440,66186,
711,湖北城市建设职业技术学院,2025,河北,高职专科,历史类,,,399,96493,
715,湖北工程职业学院,2025,河北,高职专科,历史类,,,430,91317,
717,湖北工业职业技术学院,2025,河北,高职专科,历史类,,,268,83390,
718,湖北国土资源职业学院,2025,河北,高职专科,历史类,,,426,79917,
719,湖北黄冈应急管理职业技术学院,2025,河北,高职专科,历史类,,,398,86240,
720,湖北交通职业技术学院,2025,河北,高职专科,历史类,,,443,77855,
724,湖北科技职业学院,2025,河北,高职专科,历史类,,,418,82709,
729,湖北轻工职业技术学院,2025,河北,高职专科,历史类,,,404,96493,
730,湖北三峡职业技术学院,2025,河北,高职专科,历史类,,,411,46082,
731,湖北生态工程职业技术学院,2025,河北,高职专科,历史类,,,397,79202,
732,湖北生物科技职业学院,2025,河北,高职专科,历史类,,,405,79917,
734,湖北水利水电职业技术学院,2025,河北,高职专科,历史类,,,447,72956,
736,湖北铁道运输职业学院,2025,河北,高职专科,历史类,,,447,66186,
740,湖北职业技术学院,2025,河北,高职专科,历史类,,,449,54207,
742,湖北中医药高等专科学校,2025,河北,高职专科,历史类,,,452,46711,
744,湖南财经工业职业技术学院,2025,河北,高职专科,历史类,,,448,74361,
746,湖南城建职业技术学院,2025,河北,高职专科,历史类,,,404,117945,
75,北海职业学院,2025,河北,高职专科,历史类,,,362,102415,
750,湖南大众传媒职业技术学院,2025,河北,高职专科,历史类,,,455,67553,
752,湖南高速铁路职业技术学院,2025,河北,高职专科,历史类,,,487,51070,
754,湖南工程职业技术学院,2025,河北,高职专科,历史类,,,410,69602,
758,湖南工业职业技术学院,2025,河北,高职专科,历史类,,,425,95040,
761,湖南化工职业技术学院,2025,河北,高职专科,历史类,,,417,91317,
762,湖南交通职业技术学院,2025,河北,高职专科,历史类,,,453,76435,
768,湖南汽车工程职业大学,2025,河北,高职专科,历史类,,,456,75054,
771,湖南商务职业技术学院,2025,河北,高职专科,历史类,,,420,100926,
774,湖南石油化工职业技术学院,2025,河北,高职专科,历史类,,,459,77131,
775,湖南水利水电职业技术学院,2025,河北,高职专科,历史类,,,450,77131,
776,湖南司法警官职业学院,2025,河北,高职专科,历史类,,,445,86954,
778,湖南铁道职业技术学院,2025,河北,高职专科,历史类,,,474,49149,
78,北京财贸职业学院,2025,河北,高职专科,历史类,,,453,47901,
780,湖南现代物流职业技术学院,2025,河北,高职专科,历史类,,,403,107774,
782,湖南邮电职业技术学院,2025,河北,高职专科,历史类,,,433,68889,
823,怀化职业技术学院,2025,河北,高职专科,历史类,,,421,75757,
825,淮北职业技术学院,2025,河北,高职专科,历史类,,,412,69602,
826,淮南联合大学,2025,河北,高职专科,历史类,,,431,78537,
828,淮南职业技术学院,2025,河北,高职专科,历史类,,,393,98741,
832,黄河水利职业技术大学,2025,河北,高职专科,历史类,,,481,52355,
835,徽商职业学院,2025,河北,高职专科,历史类,,,379,89865,
837,惠州工程职业学院,2025,河北,高职专科,历史类,,,380,106213,
838,惠州卫生职业技术学院,2025,河北,高职专科,历史类,,,372,113290,
840,吉安幼儿师范高等专科学校,2025,河北,高职专科,历史类,,,384,134129,
841,吉安职业技术学院,2025,河北,高职专科,历史类,,,284,84133,
845,吉林电子信息职业技术学院,2025,河北,高职专科,历史类,,,399,107774,
847,吉林工程职业学院,2025,河北,高职专科,历史类,,,386,80573,
849,吉林工业职业技术学院,2025,河北,高职专科,历史类,,,404,92029,
852,吉林交通职业技术学院,2025,河北,高职专科,历史类,,,409,89865,
858,吉林水利电力职业学院,2025,河北,高职专科,历史类,,,443,77131,
859,吉林司法警官职业学院,2025,河北,高职专科,历史类,,,428,88381,
870,济南护理职业学院,2025,河北,高职专科,历史类,,,469,60189,
871,济南幼儿师范高等专科学校,2025,河北,高职专科,历史类,,,431,97238,
872,济南职业学院,2025,河北,高职专科,历史类,,,423,69602,
875,济宁职业技术学院,2025,河北,高职专科,历史类,,,429,98741,
876,济源职业技术学院,2025,河北,高职专科,历史类,,,390,91317,
879,冀中职业学院,2025,河北,高职专科,历史类,,,392,69602,
881,佳木斯职业学院,2025,河北,高职专科,历史类,,,360,153699,
886,江汉艺术职业学院,2025,河北,高职专科,历史类,,,391,85550,
887,江门职业技术学院,2025,河北,高职专科,历史类,,,386,113290,
890,江苏安全技术职业学院,2025,河北,高职专科,历史类,,,395,81315,
891,江苏财会职业学院,2025,河北,高职专科,历史类,,,455,62894,
892,江苏财经职业技术学院,2025,河北,高职专科,历史类,,,428,64257,
893,江苏城市职业学院,2025,河北,高职专科,历史类,,,466,48511,
894,江苏城乡建设职业学院,2025,河北,高职专科,历史类,,,405,103213,
898,江苏电子信息职业学院,2025,河北,高职专科,历史类,,,447,85550,
899,江苏工程职业技术学院,2025,河北,高职专科,历史类,,,448,64257,
9,安徽第二医学院,2025,河北,高职专科,历史类,,,472,58842,
90,北京工业职业技术学院,2025,河北,高职专科,历史类,,,468,49775,
900,江苏海事职业技术学院,2025,河北,高职专科,历史类,,,476,60848,
903,江苏航空职业技术学院,2025,河北,高职专科,历史类,,,430,70974,
904,江苏航运职业技术学院,2025,河北,高职专科,历史类,,,446,51070,
905,江苏护理职业学院,2025,河北,高职专科,历史类,,,454,56862,
907,江苏经贸职业技术学院,2025,河北,高职专科,历史类,,,490,44877,
911,江苏旅游职业学院,2025,河北,高职专科,历史类,,,427,68889,
912,江苏农牧科技职业学院,2025,河北,高职专科,历史类,,,442,46711,
913,江苏商贸职业学院,2025,河北,高职专科,历史类,,,261,53596,
915,江苏食品药品职业技术学院,2025,河北,高职专科,历史类,,,446,86240,
916,江苏信息职业技术学院,2025,河北,高职专科,历史类,,,459,70271,
920,江西财经职业学院,2025,河北,高职专科,历史类,,,423,81315,
921,江西电力职业技术学院,2025,河北,高职专科,历史类,,,457,68218,
923,江西工程职业学院,2025,河北,高职专科,历史类,,,395,100926,
924,江西工业工程职业技术学院,2025,河北,高职专科,历史类,,,388,97977,
925,江西工业贸易职业技术学院,2025,河北,高职专科,历史类,,,372,109310,
926,江西环境工程职业学院,2025,河北,高职专科,历史类,,,417,91317,
927,江西机电职业技术学院,2025,河北,高职专科,历史类,,,388,102415,
928,江西建设职业技术学院,2025,河北,高职专科,历史类,,,393,89129,
929,江西交通职业技术学院,2025,河北,高职专科,历史类,,,409,84857,
933,江西农业工程职业学院,2025,河北,高职专科,历史类,,,390,81315,
934,江西青年职业学院,2025,河北,高职专科,历史类,,,394,109310,
935,江西生物科技职业学院,2025,河北,高职专科,历史类,,,420,74361,
938,江西师范高等专科学校,2025,河北,高职专科,历史类,,,466,66186,
941,江西水利职业学院,2025,河北,高职专科,历史类,,,431,91317,
942,江西司法警官职业学院,2025,河北,高职专科,历史类,,,434,90617,
944,江西外语外贸职业学院,2025,河北,高职专科,历史类,,,406,100182,
945,江西婺源茶业职业学院,2025,河北,高职专科,历史类,,,375,117945,
946,江西现代职业技术学院,2025,河北,高职专科,历史类,,,403,104714,
947,江西信息应用职业技术学院,2025,河北,高职专科,历史类,,,454,77131,
949,江西医学高等专科学校,2025,河北,高职专科,历史类,,,465,72956,
950,江西艺术职业学院,2025,河北,高职专科,历史类,,,378,130790,
951,江西应用工程职业学院,2025,河北,高职专科,历史类,,,403,89865,
952,江西应用技术职业学院,2025,河北,高职专科,历史类,,,441,89865,
953,江西职业技术大学,2025,河北,高职专科,历史类,,,454,60848,
955,焦作大学,2025,河北,高职专科,历史类,,,432,72311,
956,焦作师范高等专科学校,2025,河北,高职专科,历史类,,,488,57521,
959,锦州师范高等专科学校,2025,河北,高职专科,历史类,,,390,70271,
964,荆门职业学院,2025,河北,高职专科,历史类,,,397,78537,
965,荆州理工职业学院,2025,河北,高职专科,历史类,,,396,81315,
966,荆州职业技术学院,2025,河北,高职专科,历史类,,,393,92029,
971,九江职业大学,2025,河北,高职专科,历史类,,,417,73651,
972,酒泉职业技术大学,2025,河北,高职专科,历史类,,,407,115568,
974,喀什理工职业技术学院,2025,河北,高职专科,历史类,,,337,131644,
975,喀什职业技术学院,2025,河北,高职专科,历史类,,,340,105478,
976,开封大学,2025,河北,高职专科,历史类,,,479,63585,
979,可克达拉职业技术学院,2025,河北,高职专科,历史类,,,326,126708,
980,克拉玛依职业技术学院,2025,河北,高职专科,历史类,,,387,91317,
986,昆玉职业技术学院,2025,河北,高职专科,历史类,,,327,60189,
987,莱芜职业技术学院,2025,河北,高职专科,历史类,,,456,66186,
988,兰考三农职业学院,2025,河北,高职专科,历史类,,,386,107005,
996,兰州航空职业技术学院,2025,河北,高职专科,历史类,,,404,90617,
1294,山东信息职业技术学院,2025,河北,专科提前批,物理类,,,446,197758,
157,渤海船舶职业学院,2025,河北,专科提前批,物理类,,,420,244173,
1589,威海职业学院,2025,河北,专科提前批,物理类,,,442,235189,
188,长春职业技术大学,2025,河北,专科提前批,物理类,,,427,251580,
2313,江西航空职业技术学院,2025,河北,专科提前批,物理类,,,447,199215,
769,湖南汽车工程职业大学,2025,河北,专科提前批,物理类,,,440,109287,
940,江西水利电力大学,2025,河北,专科提前批,物理类,,,427,253975,
100,北京交通大学,2025,河北,本科批,物理类,,,596,30194,
1000,兰州石化职业技术大学,2025,河北,本科批,物理类,,,497,75607,
1001,兰州文理学院,2025,河北,本科批,物理类,,,509,93962,
1003,兰州资源环境职业技术大学,2025,河北,本科批,物理类,,,514,123731,
1005,廊坊师范学院,2025,河北,本科批,物理类,,,504,91027,
1006,廊坊师范学院,2025,河北,本科批,物理类,,,493,152124,
1010,乐山师范学院,2025,河北,本科批,物理类,,,516,133592,
1011,丽水学院,2025,河北,本科批,物理类,,,527,92489,
1013,辽东学院,2025,河北,本科批,物理类,,,501,118812,
1014,辽宁大学,2025,河北,本科批,物理类,,,576,17521,
1017,辽宁工程技术大学,2025,河北,本科批,物理类,,,520,52384,
1019,辽宁工业大学,2025,河北,本科批,物理类,,,538,93962,
1025,辽宁科技大学,2025,河北,本科批,物理类,,,537,47025,
1027,辽宁科技学院,2025,河北,本科批,物理类,,,509,68977,
1033,辽宁师范大学,2025,河北,本科批,物理类,,,500,45972,
1036,辽宁石油化工大学,2025,河北,本科批,物理类,,,545,70324,
1042,辽宁中医药大学,2025,河北,本科批,物理类,,,529,39881,
1045,聊城大学,2025,河北,本科批,物理类,,,545,81112,
1047,临沂大学,2025,河北,本科批,物理类,,,553,58000,
1049,岭南师范学院,2025,河北,本科批,物理类,,,532,98476,
1052,六盘水师范学院,2025,河北,本科批,物理类,,,501,120435,
1055,龙岩学院,2025,河北,本科批,物理类,,,504,117158,
1056,陇东学院,2025,河北,本科批,物理类,,,504,103048,
1058,鲁东大学,2025,河北,本科批,物理类,,,515,92489,
1059,鲁迅美术学院,2025,河北,本科批,物理类,,,531,109287,
106,北京科技大学,2025,河北,本科批,物理类,,,628,10271,
1062,洛阳理工学院,2025,河北,本科批,物理类,,,516,110872,
1063,洛阳师范学院,2025,河北,本科批,物理类,,,525,112447,
1066,吕梁学院,2025,河北,本科批,物理类,,,505,103048,
1072,绵阳师范学院,2025,河北,本科批,物理类,,,518,106095,
1074,民政职业大学,2025,河北,本科批,物理类,,,521,109287,
1076,闽江学院,2025,河北,本科批,物理类,,,553,76985,
1078,闽南师范大学,2025,河北,本科批,物理类,,,520,98476,
108,北京科技职业大学,2025,河北,本科批,物理类,,,565,61528,
1080,牡丹江师范学院,2025,河北,本科批,物理类,,,502,101526,
1081,牡丹江医科大学,2025,河北,本科批,物理类,,,531,65166,
1082,南昌大学,2025,河北,本科批,物理类,,,586,18114,
1083,南昌航空大学,2025,河北,本科批,物理类,,,552,55712,
1085,南昌师范学院,2025,河北,本科批,物理类,,,515,135284,
1086,南昌医学院,2025,河北,本科批,物理类,,,525,48060,
1089,南方医科大学,2025,河北,本科批,物理类,,,604,24100,
1090,南华大学,2025,河北,本科批,物理类,,,531,50224,
1091,南京财经大学,2025,河北,本科批,物理类,,,574,25574,
1093,南京大学,2025,河北,本科批,物理类,,,674,206,
1095,南京工程学院,2025,河北,本科批,物理类,,,576,49142,
1096,南京工业大学,2025,河北,本科批,物理类,,,580,30194,
1098,南京工业职业技术大学,2025,河北,本科批,物理类,,,561,63946,
1099,南京航空航天大学,2025,河北,本科批,物理类,,,613,2914,
11,安徽工程大学,2025,河北,本科批,物理类,,,534,101526,
1105,南京理工大学,2025,河北,本科批,物理类,,,635,4467,
1107,南京林业大学,2025,河北,本科批,物理类,,,585,32692,
111,北京理工大学,2025,河北,本科批,物理类,,,620,14098,
1110,南京农业大学,2025,河北,本科批,物理类,,,592,18720,
1112,南京审计大学,2025,河北,本科批,物理类,,,600,13587,
1113,南京师范大学,2025,河北,本科批,物理类,,,599,20009,
1115,南京特殊教育师范学院,2025,河北,本科批,物理类,,,521,50224,
1116,南京体育学院,2025,河北,本科批,物理类,,,530,110872,
1117,南京晓庄学院,2025,河北,本科批,物理类,,,550,60306,
1118,南京信息工程大学,2025,河北,本科批,物理类,,,601,18720,
1122,南京医科大学,2025,河北,本科批,物理类,,,600,6838,
1123,南京艺术学院,2025,河北,本科批,物理类,,,574,51275,
1125,南京邮电大学,2025,河北,本科批,物理类,,,626,7879,
1127,南京中医药大学,2025,河北,本科批,物理类,,,616,10271,
1129,南开大学,2025,河北,本科批,物理类,,,646,3513,
113,北京联合大学,2025,河北,本科批,物理类,,,526,32692,
1130,南宁师范大学,2025,河北,本科批,物理类,,,553,76985,
1131,南通大学,2025,河北,本科批,物理类,,,566,54583,
1136,南阳理工学院,2025,河北,本科批,物理类,,,520,92489,
1138,南阳师范学院,2025,河北,本科批,物理类,,,516,122069,
114,北京联合大学,2025,河北,本科批,物理类,,,553,76985,
1140,内江师范学院,2025,河北,本科批,物理类,,,526,83898,
1142,内蒙古财经大学,2025,河北,本科批,物理类,,,536,101526,
1144,内蒙古大学,2025,河北,本科批,物理类,,,580,25574,
1146,内蒙古工业大学,2025,河北,本科批,物理类,,,528,114051,
1149,内蒙古科技大学包头师范学院,2025,河北,本科批,物理类,,,513,138592,
115,北京林业大学,2025,河北,本科批,物理类,,,598,14636,
1150,内蒙古科技大学,2025,河北,本科批,物理类,,,522,72914,
1151,内蒙古科技大学包头医学院,2025,河北,本科批,物理类,,,510,79754,
1152,内蒙古民族大学,2025,河北,本科批,物理类,,,382,306526,
1153,内蒙古民族大学,2025,河北,本科批,物理类,,,514,136965,
1155,内蒙古农业大学,2025,河北,本科批,物理类,,,522,68977,
1156,内蒙古农业大学,2025,河北,本科批,物理类,,,356,287262,
1158,内蒙古师范大学,2025,河北,本科批,物理类,,,367,279445,
1159,内蒙古师范大学,2025,河北,本科批,物理类,,,532,86664,
1160,内蒙古医科大学,2025,河北,本科批,物理类,,,517,61528,
1163,宁波大学,2025,河北,本科批,物理类,,,577,16339,
1164,宁波工程学院,2025,河北,本科批,物理类,,,531,95459,
1165,宁波诺丁汉大学,2025,河北,本科批,物理类,,,535,63946,
1166,宁夏大学,2025,河北,本科批,物理类,,,572,51275,
117,北京农学院,2025,河北,本科批,物理类,,,506,48060,
1170,宁夏师范大学,2025,河北,本科批,物理类,,,518,104591,
1173,宁夏医科大学,2025,河北,本科批,物理类,,,526,117158,
1177,攀枝花学院,2025,河北,本科批,物理类,,,521,117158,
1181,平顶山学院,2025,河北,本科批,物理类,,,505,112447,
1184,萍乡学院,2025,河北,本科批,物理类,,,509,145351,
1185,莆田学院,2025,河北,本科批,物理类,,,490,177231,
1190,普洱学院,2025,河北,本科批,物理类,,,508,147056,
1192,齐鲁工业大学,2025,河北,本科批,物理类,,,561,66470,
1193,齐鲁师范学院,2025,河北,本科批,物理类,,,489,117158,
1194,齐齐哈尔大学,2025,河北,本科批,物理类,,,517,65166,
1196,齐齐哈尔医学院,2025,河北,本科批,物理类,,,500,103048,
1197,齐齐哈尔医学院,2025,河北,本科批,物理类,,,398,261102,
120,北京师范大学,2025,河北,本科批,物理类,,,641,4724,
1208,青岛大学,2025,河北,本科批,物理类,,,586,28597,
1212,青岛科技大学,2025,河北,本科批,物理类,,,574,51275,
1213,青岛理工大学,2025,河北,本科批,物理类,,,518,30194,
1214,青岛农业大学,2025,河北,本科批,物理类,,,500,78313,
1217,青海大学,2025,河北,本科批,物理类,,,567,30194,
1219,青海理工学院,2025,河北,本科批,物理类,,,510,142016,
1220,青海民族大学,2025,河北,本科批,物理类,,,401,282414,
1221,青海民族大学,2025,河北,本科批,物理类,,,522,67726,
1222,青海师范大学,2025,河北,本科批,物理类,,,525,98476,
1224,青海职业技术大学,2025,河北,本科批,物理类,,,498,125369,
1225,清华大学,2025,河北,本科批,物理类,,,688,68,
1228,琼台师范学院,2025,河北,本科批,物理类,,,469,107712,
1229,曲阜师范大学,2025,河北,本科批,物理类,,,538,56852,
1231,曲靖师范学院,2025,河北,本科批,物理类,,,505,86664,
1232,衢州学院,2025,河北,本科批,物理类,,,513,138592,
1235,泉州师范学院,2025,河北,本科批,物理类,,,517,118812,
1241,三明学院,2025,河北,本科批,物理类,,,491,133592,
1243,三峡大学,2025,河北,本科批,物理类,,,549,38007,
1246,山东财经大学,2025,河北,本科批,物理类,,,561,18114,
125,北京石油化工学院,2025,河北,本科批,物理类,,,569,56852,
1250,山东大学,2025,河北,本科批,物理类,,,631,2081,
1252,山东大学威海分校,2025,河北,本科批,物理类,,,626,11148,
1254,山东第二医科大学,2025,河北,本科批,物理类,,,546,27821,
1255,山东第一医科大学,2025,河北,本科批,物理类,,,547,85258,
1257,山东工商学院,2025,河北,本科批,物理类,,,492,54583,
1259,山东工艺美术学院,2025,河北,本科批,物理类,,,504,145351,
126,北京体育大学,2025,河北,本科批,物理类,,,506,20009,
1261,山东管理学院,2025,河北,本科批,物理类,,,536,93962,
1262,山东航空学院,2025,河北,本科批,物理类,,,516,66470,
1264,山东建筑大学,2025,河北,本科批,物理类,,,520,72914,
1265,山东交通学院,2025,河北,本科批,物理类,,,526,93962,
1270,山东科技大学,2025,河北,本科批,物理类,,,529,49142,
1274,山东理工大学,2025,河北,本科批,物理类,,,561,51275,
1278,山东农业大学,2025,河北,本科批,物理类,,,552,68977,
1279,山东农业工程学院,2025,河北,本科批,物理类,,,522,76985,
1280,山东女子学院,2025,河北,本科批,物理类,,,516,110872,
1281,山东青年政治学院,2025,河北,本科批,物理类,,,544,89552,
1285,山东师范大学,2025,河北,本科批,物理类,,,518,24100,
1286,山东石油化工学院,2025,河北,本科批,物理类,,,525,74291,
129,北京外国语大学,2025,河北,本科批,物理类,,,615,6838,
1299,山东政法学院,2025,河北,本科批,物理类,,,527,30194,
1301,山东中医药大学,2025,河北,本科批,物理类,,,573,40924,
1302,山西财经大学,2025,河北,本科批,物理类,,,535,25574,
1303,山西传媒学院,2025,河北,本科批,物理类,,,503,96962,
1304,山西大同大学,2025,河北,本科批,物理类,,,524,79754,
1305,山西大学,2025,河北,本科批,物理类,,,581,29374,
1306,山西电子科技学院,2025,河北,本科批,物理类,,,528,101526,
1307,山西工程技术学院,2025,河北,本科批,物理类,,,511,128615,
1308,山西工程科技职业大学,2025,河北,本科批,物理类,,,499,114051,
131,北京外国语大学,2025,河北,本科批,物理类,,,584,40924,
1310,山西工学院,2025,河北,本科批,物理类,,,523,96962,
1317,山西能源学院,2025,河北,本科批,物理类,,,509,75607,
1318,山西农业大学,2025,河北,本科批,物理类,,,525,85258,
1320,山西师范大学,2025,河北,本科批,物理类,,,528,72914,
1326,山西医科大学,2025,河北,本科批,物理类,,,534,65166,
1327,山西医药学院,2025,河北,本科批,物理类,,,524,72914,
133,北京物资学院,2025,河北,本科批,物理类,,,576,36180,
1330,山西中医药大学,2025,河北,本科批,物理类,,,536,58000,
1338,陕西科技大学,2025,河北,本科批,物理类,,,573,52384,
1339,陕西理工大学,2025,河北,本科批,物理类,,,536,34450,
1344,陕西师范大学,2025,河北,本科批,物理类,,,608,19367,
1347,陕西学前师范学院,2025,河北,本科批,物理类,,,511,112447,
1351,陕西中医药大学,2025,河北,本科批,物理类,,,565,39881,
1352,汕头大学,2025,河北,本科批,物理类,,,556,32692,
1354,商洛学院,2025,河北,本科批,物理类,,,514,136965,
1356,商丘师范学院,2025,河北,本科批,物理类,,,514,125369,
1358,上海财经大学,2025,河北,本科批,物理类,,,625,4006,
136,北京协和医学院,2025,河北,本科批,物理类,,,619,4252,
1362,上海大学,2025,河北,本科批,物理类,,,618,15171,
1363,上海第二工业大学,2025,河北,本科批,物理类,,,561,66470,
1364,上海电机学院,2025,河北,本科批,物理类,,,566,41921,
1366,上海电力大学,2025,河北,本科批,物理类,,,599,27821,
1368,上海对外经贸大学,2025,河北,本科批,物理类,,,563,18720,
137,北京信息科技大学,2025,河北,本科批,物理类,,,586,19367,
1370,上海工程技术大学,2025,河北,本科批,物理类,,,551,44928,
1373,上海海事大学,2025,河北,本科批,物理类,,,587,29374,
1374,上海海洋大学,2025,河北,本科批,物理类,,,574,22695,
1376,上海健康医学院,2025,河北,本科批,物理类,,,540,85258,
1377,上海交通大学,2025,河北,本科批,物理类,,,680,82,
1379,上海交通大学医学院,2025,河北,本科批,物理类,,,662,233,
1381,上海交通大学,2025,河北,本科批,物理类,,,669,788,
1385,上海理工大学,2025,河北,本科批,物理类,,,600,20009,
1387,上海立信会计金融学院,2025,河北,本科批,物理类,,,560,24100,
1392,上海商学院,2025,河北,本科批,物理类,,,542,59117,
1394,上海体育大学,2025,河北,本科批,物理类,,,575,30996,
1395,上海外国语大学,2025,河北,本科批,物理类,,,613,18114,
14,安徽工业大学,2025,河北,本科批,物理类,,,550,44928,
140,北京印刷学院,2025,河北,本科批,物理类,,,566,53452,
1400,上海应用技术大学,2025,河北,本科批,物理类,,,544,41921,
1401,上海政法学院,2025,河北,本科批,物理类,,,552,20009,
1402,上饶师范学院,2025,河北,本科批,物理类,,,513,136965,
1406,韶关学院,2025,河北,本科批,物理类,,,508,112447,
1407,邵阳学院,2025,河北,本科批,物理类,,,508,140302,
1408,绍兴理工学院,2025,河北,本科批,物理类,,,526,117158,
1409,绍兴文理学院,2025,河北,本科批,物理类,,,525,118812,
1410,深圳北理莫斯科大学,2025,河北,本科批,物理类,,,555,71632,
1411,深圳大学,2025,河北,本科批,物理类,,,619,12592,
1412,深圳技术大学,2025,河北,本科批,物理类,,,595,11635,
1416,沈阳大学,2025,河北,本科批,物理类,,,537,99987,
1417,沈阳工程学院,2025,河北,本科批,物理类,,,553,24100,
1418,沈阳工业大学,2025,河北,本科批,物理类,,,532,45972,
142,北京邮电大学,2025,河北,本科批,物理类,,,616,1236,
1420,沈阳航空航天大学,2025,河北,本科批,物理类,,,564,62725,
1422,沈阳化工大学,2025,河北,本科批,物理类,,,534,55712,
1423,沈阳建筑大学,2025,河北,本科批,物理类,,,501,38007,
1425,沈阳理工大学,2025,河北,本科批,物理类,,,564,39881,
1427,沈阳农业大学,2025,河北,本科批,物理类,,,529,53452,
1429,沈阳师范大学,2025,河北,本科批,物理类,,,516,85258,
1430,沈阳体育学院,2025,河北,本科批,物理类,,,512,122069,
1431,沈阳药科大学,2025,河北,本科批,物理类,,,557,18720,
1433,沈阳医学院,2025,河北,本科批,物理类,,,534,40924,
1436,石河子大学,2025,河北,本科批,物理类,,,562,40924,
1439,石家庄铁道大学,2025,河北,本科批,物理类,,,557,48060,
144,北京语言大学,2025,河北,本科批,物理类,,,529,24100,
1440,石家庄铁道大学,2025,河北,本科批,物理类,,,562,65166,
1442,石家庄铁道大学,2025,河北,本科批,物理类,,,549,82490,
1445,石家庄学院,2025,河北,本科批,物理类,,,520,67726,
1451,首都经济贸易大学,2025,河北,本科批,物理类,,,597,14636,
1452,首都师范大学,2025,河北,本科批,物理类,,,596,21354,
1453,首都体育学院,2025,河北,本科批,物理类,,,543,74291,
1454,首都医科大学,2025,河北,本科批,物理类,,,590,35284,
1460,四川大学,2025,河北,本科批,物理类,,,632,8622,
1463,四川工程职业技术大学,2025,河北,本科批,物理类,,,510,112447,
1467,四川旅游学院,2025,河北,本科批,物理类,,,495,88117,
1468,四川美术学院,2025,河北,本科批,物理类,,,536,72914,
147,北京中医药大学,2025,河北,本科批,物理类,,,603,14636,
1470,四川农业大学,2025,河北,本科批,物理类,,,561,27821,
1471,四川轻化工大学,2025,河北,本科批,物理类,,,538,59117,
1472,四川师范大学,2025,河北,本科批,物理类,,,539,28597,
1474,四川外国语大学,2025,河北,本科批,物理类,,,531,41921,
1476,四川文理学院,2025,河北,本科批,物理类,,,514,136965,
1478,四川音乐学院,2025,河北,本科批,物理类,,,537,99987,
1485,苏州大学,2025,河北,本科批,物理类,,,624,12091,
1487,苏州工学院,2025,河北,本科批,物理类,,,537,88117,
149,北师香港浸会大学,2025,河北,本科批,物理类,,,544,61528,
1492,苏州科技大学,2025,河北,本科批,物理类,,,541,66470,
1494,宿州学院,2025,河北,本科批,物理类,,,513,131912,
1496,绥化学院,2025,河北,本科批,物理类,,,504,120435,
1498,塔里木大学,2025,河北,本科批,物理类,,,502,138592,
150,滨州医学院,2025,河北,本科批,物理类,,,526,82490,
1501,台州学院,2025,河北,本科批,物理类,,,526,59117,
1503,太原工业学院,2025,河北,本科批,物理类,,,522,83898,
1504,太原科技大学,2025,河北,本科批,物理类,,,555,50224,
1505,太原理工大学,2025,河北,本科批,物理类,,,590,19367,
1506,太原师范学院,2025,河北,本科批,物理类,,,494,82490,
1507,太原学院,2025,河北,本科批,物理类,,,511,61528,
1508,太原学院,2025,河北,本科批,物理类,,,459,224230,
1510,泰山学院,2025,河北,本科批,物理类,,,504,92489,
1512,唐山工业职业技术大学,2025,河北,本科批,物理类,,,500,125369,
1514,唐山师范学院,2025,河北,本科批,物理类,,,508,72914,
1516,唐山师范学院,2025,河北,本科批,物理类,,,495,169008,
1517,唐山师范学院,2025,河北,本科批,物理类,,,520,127001,
1518,唐山学院,2025,河北,本科批,物理类,,,507,88117,
1523,天津财经大学,2025,河北,本科批,物理类,,,564,17521,
1524,天津城建大学,2025,河北,本科批,物理类,,,503,47025,
1527,天津大学,2025,河北,本科批,物理类,,,640,2505,
153,亳州学院,2025,河北,本科批,物理类,,,514,131912,
1530,天津工业大学,2025,河北,本科批,物理类,,,590,14636,
1539,天津科技大学,2025,河北,本科批,物理类,,,566,29374,
1541,天津理工大学,2025,河北,本科批,物理类,,,548,27821,
1542,天津美术学院,2025,河北,本科批,物理类,,,553,76985,
1543,天津农学院,2025,河北,本科批,物理类,,,530,56852,
1546,天津商业大学,2025,河北,本科批,物理类,,,555,34450,
1548,天津师范大学,2025,河北,本科批,物理类,,,567,22695,
1553,天津体育学院,2025,河北,本科批,物理类,,,492,79754,
1556,天津外国语大学,2025,河北,本科批,物理类,,,541,27073,
1558,天津医科大学,2025,河北,本科批,物理类,,,606,10271,
1563,天津职业技术师范大学,2025,河北,本科批,物理类,,,533,43929,
1564,天津中德应用技术大学,2025,河北,本科批,物理类,,,538,98476,
1565,天津中医药大学,2025,河北,本科批,物理类,,,560,42923,
1568,天水师范大学,2025,河北,本科批,物理类,,,527,115590,
1571,通化师范学院,2025,河北,本科批,物理类,,,513,138592,
1575,同济大学,2025,河北,本科批,物理类,,,650,733,
158,渤海大学,2025,河北,本科批,物理类,,,518,54583,
1585,皖南医学院,2025,河北,本科批,物理类,,,544,43929,
159,沧州师范学院,2025,河北,本科批,物理类,,,501,86664,
1591,潍坊学院,2025,河北,本科批,物理类,,,525,74291,
1593,渭南师范学院,2025,河北,本科批,物理类,,,518,117158,
1594,温州大学,2025,河北,本科批,物理类,,,565,52384,
1595,温州肯恩大学,2025,河北,本科批,物理类,,,514,85258,
1596,温州理工学院,2025,河北,本科批,物理类,,,537,99987,
1597,温州医科大学,2025,河北,本科批,物理类,,,567,59117,
160,沧州师范学院,2025,河北,本科批,物理类,,,499,162246,
1602,乌鲁木齐职业大学,2025,河北,本科批,物理类,,,497,165687,
1605,无锡学院,2025,河北,本科批,物理类,,,561,66470,
1606,梧州学院,2025,河北,本科批,物理类,,,519,122069,
1607,五邑大学,2025,河北,本科批,物理类,,,565,61528,
1611,武汉大学,2025,河北,本科批,物理类,,,652,2366,
1615,武汉纺织大学,2025,河北,本科批,物理类,,,546,75607,
1616,武汉工程大学,2025,河北,本科批,物理类,,,586,33539,
1622,武汉科技大学,2025,河北,本科批,物理类,,,583,37123,
1623,武汉理工大学,2025,河北,本科批,物理类,,,600,16339,
1626,武汉轻工大学,2025,河北,本科批,物理类,,,519,78313,
1628,武汉商学院,2025,河北,本科批,物理类,,,529,63946,
1629,武汉体育学院,2025,河北,本科批,物理类,,,533,106095,
1634,武夷学院,2025,河北,本科批,物理类,,,500,110872,
1635,西安财经大学,2025,河北,本科批,物理类,,,534,41921,
1637,西安电子科技大学,2025,河北,本科批,物理类,,,600,10271,
1639,西安工程大学,2025,河北,本科批,物理类,,,549,38007,
1641,西安工业大学,2025,河北,本科批,物理类,,,586,35284,
1642,西安航空学院,2025,河北,本科批,物理类,,,514,60306,
1645,西安建筑科技大学,2025,河北,本科批,物理类,,,536,31807,
1646,西安交通大学,2025,河北,本科批,物理类,,,661,267,
1648,西安交通大学,2025,河北,本科批,物理类,,,610,5573,
1649,西安科技大学,2025,河北,本科批,物理类,,,573,52384,
1650,西安理工大学,2025,河北,本科批,物理类,,,583,36180,
1653,西安石油大学,2025,河北,本科批,物理类,,,572,53452,
1654,西安体育学院,2025,河北,本科批,物理类,,,517,131912,
1656,西安外国语大学,2025,河北,本科批,物理类,,,565,35284,
1657,西安文理学院,2025,河北,本科批,物理类,,,551,79754,
1658,西安医学院,2025,河北,本科批,物理类,,,527,112447,
1660,西安邮电大学,2025,河北,本科批,物理类,,,567,16934,
1661,西安邮电大学,2025,河北,本科批,物理类,,,564,62725,
1663,西北大学,2025,河北,本科批,物理类,,,600,18114,
1665,西北工业大学,2025,河北,本科批,物理类,,,626,868,
1666,西北民族大学,2025,河北,本科批,物理类,,,529,112447,
1668,西北农林科技大学,2025,河北,本科批,物理类,,,604,13077,
1669,西北师范大学,2025,河北,本科批,物理类,,,534,52384,
1670,西北师范大学,2025,河北,本科批,物理类,,,528,114051,
1671,西北政法大学,2025,河北,本科批,物理类,,,600,13077,
1672,西藏大学,2025,河北,本科批,物理类,,,548,60306,
1673,西藏民族大学,2025,河北,本科批,物理类,,,515,89552,
1674,西藏农牧学院,2025,河北,本科批,物理类,,,494,128615,
1677,西昌学院,2025,河北,本科批,物理类,,,487,173920,
1678,西华大学,2025,河北,本科批,物理类,,,557,59117,
1679,西华师范大学,2025,河北,本科批,物理类,,,539,96962,
1680,西交利物浦大学,2025,河北,本科批,物理类,,,569,54583,
1681,西南财经大学,2025,河北,本科批,物理类,,,574,5846,
1683,西南大学,2025,河北,本科批,物理类,,,593,12091,
1686,西南大学,2025,河北,本科批,物理类,,,603,24833,
1688,西南交通大学,2025,河北,本科批,物理类,,,570,5573,
1690,西南科技大学,2025,河北,本科批,物理类,,,526,58000,
1691,西南林业大学,2025,河北,本科批,物理类,,,520,70324,
1692,西南民族大学,2025,河北,本科批,物理类,,,542,34450,
1694,西南石油大学,2025,河北,本科批,物理类,,,572,27073,
1696,西南医科大学,2025,河北,本科批,物理类,,,543,35284,
1697,西南政法大学,2025,河北,本科批,物理类,,,606,7522,
1700,厦门大学,2025,河北,本科批,物理类,,,642,4252,
1702,厦门大学,2025,河北,本科批,物理类,,,609,20009,
1703,厦门理工学院,2025,河北,本科批,物理类,,,541,93962,
1704,厦门医学院,2025,河北,本科批,物理类,,,529,112447,
1707,咸阳师范学院,2025,河北,本科批,物理类,,,479,106095,
1713,香港珠海学院,2025,河北,本科批,物理类,,,485,173920,
1714,湘南学院,2025,河北,本科批,物理类,,,507,81112,
1715,湘潭大学,2025,河北,本科批,物理类,,,581,24100,
1717,忻州师范学院,2025,河北,本科批,物理类,,,504,82490,
1719,新疆财经大学,2025,河北,本科批,物理类,,,505,72914,
172,昌吉学院,2025,河北,本科批,物理类,,,496,135284,
1720,新疆大学,2025,河北,本科批,物理类,,,564,40924,
1721,新疆第二医学院,2025,河北,本科批,物理类,,,519,128615,
1722,新疆工程学院,2025,河北,本科批,物理类,,,495,112447,
1723,新疆工业学院,2025,河北,本科批,物理类,,,494,162246,
1724,新疆和田学院,2025,河北,本科批,物理类,,,497,163962,
1726,新疆交通职业技术大学,2025,河北,本科批,物理类,,,498,157169,
1727,新疆警察学院,2025,河北,本科批,物理类,,,529,112447,
1728,新疆科技学院,2025,河北,本科批,物理类,,,497,130251,
1729,新疆理工学院,2025,河北,本科批,物理类,,,493,112447,
173,长安大学,2025,河北,本科批,物理类,,,594,15171,
1730,新疆农业大学,2025,河北,本科批,物理类,,,359,277415,
1731,新疆农业大学,2025,河北,本科批,物理类,,,503,82490,
1732,新疆农业职业技术大学,2025,河北,本科批,物理类,,,494,147056,
1735,新疆师范大学,2025,河北,本科批,物理类,,,408,284335,
1736,新疆师范大学,2025,河北,本科批,物理类,,,509,59117,
1742,新疆医科大学,2025,河北,本科批,物理类,,,518,81112,
1744,新疆艺术学院,2025,河北,本科批,物理类,,,496,167370,
1746,新疆政法学院,2025,河北,本科批,物理类,,,499,109287,
1748,新乡学院,2025,河北,本科批,物理类,,,502,157169,
1751,新余学院,2025,河北,本科批,物理类,,,518,72914,
1752,信阳农林学院,2025,河北,本科批,物理类,,,513,112447,
1753,信阳师范大学,2025,河北,本科批,物理类,,,535,103048,
1757,邢台学院,2025,河北,本科批,物理类,,,506,89552,
1758,邢台学院,2025,河北,本科批,物理类,,,499,162246,
1759,邢台医学院,2025,河北,本科批,物理类,,,502,157169,
176,长春大学,2025,河北,本科批,物理类,,,532,56852,
1760,徐州工程学院,2025,河北,本科批,物理类,,,534,103048,
1763,许昌学院,2025,河北,本科批,物理类,,,520,127001,
1766,烟台大学,2025,河北,本科批,物理类,,,541,76985,
1767,烟台大学,2025,河北,本科批,物理类,,,531,109287,
177,长春工程学院,2025,河北,本科批,物理类,,,507,93962,
1771,延安大学,2025,河北,本科批,物理类,,,540,70324,
1774,延边大学,2025,河北,本科批,物理类,,,571,31807,
1776,盐城工学院,2025,河北,本科批,物理类,,,525,91027,
1778,盐城师范学院,2025,河北,本科批,物理类,,,524,104591,
178,长春工程学院,2025,河北,本科批,物理类,,,508,147056,
1780,燕山大学,2025,河北,本科批,物理类,,,526,91027,
1781,燕山大学,2025,河北,本科批,物理类,,,561,21354,
1783,燕山大学,2025,河北,本科批,物理类,,,553,36180,
1784,燕山大学,2025,河北,本科批,物理类,,,570,55712,
1785,扬州大学,2025,河北,本科批,物理类,,,583,41921,
179,长春工业大学,2025,河北,本科批,物理类,,,522,52384,
1791,伊犁师范大学,2025,河北,本科批,物理类,,,497,104591,
1794,宜宾学院,2025,河北,本科批,物理类,,,523,115590,
1796,宜春学院,2025,河北,本科批,物理类,,,523,89552,
1797,营口理工学院,2025,河北,本科批,物理类,,,519,127001,
180,长春工业大学,2025,河北,本科批,物理类,,,447,217182,
1801,右江民族医学院,2025,河北,本科批,物理类,,,506,145351,
1802,榆林学院,2025,河北,本科批,物理类,,,521,125369,
1804,玉林师范学院,2025,河北,本科批,物理类,,,516,133592,
1805,玉溪师范学院,2025,河北,本科批,物理类,,,510,123731,
1806,云南财经大学,2025,河北,本科批,物理类,,,515,51275,
1808,云南大学,2025,河北,本科批,物理类,,,585,20009,
1810,云南警官学院,2025,河北,本科批,物理类,,,550,81112,
1812,云南民族大学,2025,河北,本科批,物理类,,,538,98476,
1814,云南农业大学,2025,河北,本科批,物理类,,,524,88117,
1815,云南师范大学,2025,河北,本科批,物理类,,,545,49142,
182,长春理工大学,2025,河北,本科批,物理类,,,559,39881,
1820,云南中医药大学,2025,河北,本科批,物理类,,,525,50224,
1823,运城学院,2025,河北,本科批,物理类,,,517,92489,
1826,枣庄学院,2025,河北,本科批,物理类,,,506,103048,
183,长春汽车职业技术大学,2025,河北,本科批,物理类,,,500,142016,
1832,张家口学院,2025,河北,本科批,物理类,,,501,101526,
1836,肇庆学院,2025,河北,本科批,物理类,,,514,106095,
1837,肇庆医学院,2025,河北,本科批,物理类,,,533,78313,
1838,浙大城市学院,2025,河北,本科批,物理类,,,548,59117,
1839,浙大宁波理工学院,2025,河北,本科批,物理类,,,548,83898,
184,长春师范大学,2025,河北,本科批,物理类,,,504,86664,
1842,浙江财经大学,2025,河北,本科批,物理类,,,548,21354,
1843,浙江传媒学院,2025,河北,本科批,物理类,,,546,35284,
1844,浙江传媒学院,2025,河北,本科批,物理类,,,546,40924,
1845,浙江大学,2025,河北,本科批,物理类,,,650,3294,
1846,浙江大学,2025,河北,本科批,物理类,,,679,159,
1848,浙江大学医学院,2025,河北,本科批,物理类,,,660,681,
1850,浙江大学医学院,2025,河北,本科批,物理类,,,638,6503,
1851,浙江工商大学,2025,河北,本科批,物理类,,,560,36180,
1854,浙江工业大学,2025,河北,本科批,物理类,,,546,15171,
1855,浙江海洋大学,2025,河北,本科批,物理类,,,554,75607,
1856,浙江机电职业技术大学,2025,河北,本科批,物理类,,,527,76985,
1863,浙江科技大学,2025,河北,本科批,物理类,,,548,62725,
1864,浙江理工大学,2025,河北,本科批,物理类,,,550,27821,
1866,浙江农林大学,2025,河北,本科批,物理类,,,559,52384,
1868,浙江师范大学,2025,河北,本科批,物理类,,,471,42923,
1869,浙江水利水电学院,2025,河北,本科批,物理类,,,522,123731,
187,长春职业技术大学,2025,河北,本科批,物理类,,,505,133592,
1871,浙江外国语学院,2025,河北,本科批,物理类,,,526,95459,
1872,浙江万里学院,2025,河北,本科批,物理类,,,504,107712,
1873,浙江药科职业大学,2025,河北,本科批,物理类,,,513,103048,
1875,浙江中医药大学,2025,河北,本科批,物理类,,,541,11148,
1877,郑州大学,2025,河北,本科批,物理类,,,598,13077,
1879,郑州工程技术学院,2025,河北,本科批,物理类,,,509,125369,
1880,郑州航空工业管理学院,2025,河北,本科批,物理类,,,502,65166,
1883,郑州轻工业大学,2025,河北,本科批,物理类,,,523,32692,
1887,中北大学,2025,河北,本科批,物理类,,,551,43929,
1888,中国传媒大学,2025,河北,本科批,物理类,,,616,14098,
1889,中国传媒大学,2025,河北,本科批,物理类,,,617,15775,
189,长春中医药大学,2025,河北,本科批,物理类,,,521,28597,
1891,中国地质大学(北京),2025,河北,本科批,物理类,,,605,11635,
1893,中国地质大学(武汉),2025,河北,本科批,物理类,,,600,24100,
1895,中国海洋大学,2025,河北,本科批,物理类,,,618,9827,
1897,中国计量大学,2025,河北,本科批,物理类,,,584,33539,
1899,中国科学技术大学,2025,河北,本科批,物理类,,,675,361,
190,长江大学,2025,河北,本科批,物理类,,,542,54583,
1900,中国科学院大学,2025,河北,本科批,物理类,,,681,146,
1901,中国矿业大学(徐州),2025,河北,本科批,物理类,,,607,15171,
1902,中国矿业大学(北京),2025,河北,本科批,物理类,,,598,24833,
1905,中国劳动关系学院,2025,河北,本科批,物理类,,,546,47025,
1907,中国美术学院,2025,河北,本科批,物理类,,,578,47025,
1909,中国民航大学,2025,河北,本科批,物理类,,,598,28597,
1910,中国民用航空飞行学院,2025,河北,本科批,物理类,,,549,40924,
1912,中国农业大学,2025,河北,本科批,物理类,,,599,18114,
1914,中国人民大学,2025,河北,本科批,物理类,,,681,233,
1916,中国人民大学,2025,河北,本科批,物理类,,,629,7522,
192,长江师范学院,2025,河北,本科批,物理类,,,534,104591,
1920,中国人民警察大学,2025,河北,本科批,物理类,,,559,68977,
1921,中国社会科学院大学,2025,河北,本科批,物理类,,,628,7522,
1923,中国石油大学(北京),2025,河北,本科批,物理类,,,612,14098,
1925,中国石油大学(北京)克拉玛依校区,2025,河北,本科批,物理类,,,569,40924,
1928,中国石油大学(华东),2025,河北,本科批,物理类,,,600,15171,
1934,中国药科大学,2025,河北,本科批,物理类,,,600,4995,
1936,中国医科大学,2025,河北,本科批,物理类,,,544,2914,
1938,中国政法大学,2025,河北,本科批,物理类,,,627,2081,
1940,中华女子学院,2025,河北,本科批,物理类,,,556,65166,
1942,中南财经政法大学,2025,河北,本科批,物理类,,,571,9012,
1943,中南大学,2025,河北,本科批,物理类,,,599,2914,
1945,中南林业科技大学,2025,河北,本科批,物理类,,,524,44928,
1946,中南民族大学,2025,河北,本科批,物理类,,,577,44928,
1947,中山大学,2025,河北,本科批,物理类,,,641,3513,
1949,中央财经大学,2025,河北,本科批,物理类,,,618,5846,
1951,中央美术学院,2025,河北,本科批,物理类,,,568,32692,
1952,中央民族大学,2025,河北,本科批,物理类,,,622,9827,
1958,中原工学院,2025,河北,本科批,物理类,,,525,118812,
1959,周口师范学院,2025,河北,本科批,物理类,,,512,101526,
1964,遵义师范学院,2025,河北,本科批,物理类,,,529,112447,
1965,遵义医科大学,2025,河北,本科批,物理类,,,530,31807,
1968,安徽医科大学临床医学院,2025,河北,本科批,物理类,,,539,96962,
1969,北京第二外国语学院中瑞酒店管理学院,2025,河北,本科批,物理类,,,459,197758,
197,长沙理工大学,2025,河北,本科批,物理类,,,560,27821,
1970,北京工业大学耿丹学院,2025,河北,本科批,物理类,,,460,173920,
1971,北京科技大学天津学院,2025,河北,本科批,物理类,,,487,99987,
1972,北京邮电大学世纪学院,2025,河北,本科批,物理类,,,493,147056,
1973,北京中医药大学东方学院,2025,河北,本科批,物理类,,,476,183545,
1974,长春大学旅游学院,2025,河北,本科批,物理类,,,459,183545,
1975,长春工业大学人文信息学院,2025,河北,本科批,物理类,,,460,167370,
1976,长江大学文理学院,2025,河北,本科批,物理类,,,494,170629,
1977,常州大学怀德学院,2025,河北,本科批,物理类,,,503,140302,
1978,成都理工大学工程技术学院,2025,河北,本科批,物理类,,,492,143731,
1979,重庆工商大学派斯学院,2025,河北,本科批,物理类,,,500,145351,
1980,大连工业大学艺术与信息工程学院,2025,河北,本科批,物理类,,,465,186805,
1981,大连理工大学城市学院,2025,河北,本科批,物理类,,,466,152124,
1982,大连医科大学中山学院,2025,河北,本科批,物理类,,,466,196199,
1983,电子科技大学成都学院,2025,河北,本科批,物理类,,,518,98476,
1984,东南大学成贤学院,2025,河北,本科批,物理类,,,500,160507,
1985,福州大学至诚学院,2025,河北,本科批,物理类,,,473,155469,
1986,赣南师范大学科技学院,2025,河北,本科批,物理类,,,500,150409,
1987,广东外语外贸大学南国商学院,2025,河北,本科批,物理类,,,489,178836,
1988,广西民族大学相思湖学院,2025,河北,本科批,物理类,,,481,169008,
1989,广西中医药大学赛恩斯新医药学院,2025,河北,本科批,物理类,,,517,122069,
1990,贵州中医药大学时珍学院,2025,河北,本科批,物理类,,,502,136965,
1991,杭州电子科技大学信息工程学院,2025,河北,本科批,物理类,,,505,152124,
1992,河北地质大学华信学院,2025,河北,本科批,物理类,,,473,158849,
1993,河北工程大学科信学院,2025,河北,本科批,物理类,,,495,135284,
1994,河北经贸大学经济管理学院,2025,河北,本科批,物理类,,,496,117158,
1995,河北农业大学现代科技学院,2025,河北,本科批,物理类,,,494,136965,
1996,河北医科大学临床学院,2025,河北,本科批,物理类,,,524,101526,
1997,黑龙江工程学院昆仑旅游学院,2025,河北,本科批,物理类,,,460,215723,
1998,湖北大学知行学院,2025,河北,本科批,物理类,,,495,131912,
2000,湖北工程学院新技术学院,2025,河北,本科批,物理类,,,494,148725,
2001,湖北工业大学工程技术学院,2025,河北,本科批,物理类,,,500,152124,
2002,湖北经济学院法商学院,2025,河北,本科批,物理类,,,500,147056,
2003,湖北师范大学文理学院,2025,河北,本科批,物理类,,,500,153782,
2004,湖北医药学院药护学院,2025,河北,本科批,物理类,,,526,103048,
2005,湖南科技大学潇湘学院,2025,河北,本科批,物理类,,,505,152124,
2006,湖南农业大学东方科技学院,2025,河北,本科批,物理类,,,496,160507,
2007,华北理工大学轻工学院,2025,河北,本科批,物理类,,,467,157169,
2008,华南农业大学珠江学院,2025,河北,本科批,物理类,,,463,172221,
2009,吉林师范大学博达学院,2025,河北,本科批,物理类,,,477,177231,
201,长沙学院,2025,河北,本科批,物理类,,,513,71632,
2010,集美大学诚毅学院,2025,河北,本科批,物理类,,,494,123731,
2011,江苏科技大学苏州理工学院,2025,河北,本科批,物理类,,,499,150409,
2012,江苏师范大学科文学院,2025,河北,本科批,物理类,,,493,117158,
2013,江西财经大学现代经济管理学院,2025,河北,本科批,物理类,,,496,95459,
2014,江西农业大学南昌商学院,2025,河北,本科批,物理类,,,494,118812,
2015,江西农业大学南昌商学院,2025,河北,本科批,物理类,,,497,165687,
2016,江西师范大学科学技术学院,2025,河北,本科批,物理类,,,495,140302,
2017,锦州医科大学医疗学院,2025,河北,本科批,物理类,,,475,186805,
2018,昆明理工大学津桥学院,2025,河北,本科批,物理类,,,479,133592,
2019,昆明医科大学海源学院,2025,河北,本科批,物理类,,,487,103048,
2020,辽宁师范大学海华学院,2025,河北,本科批,物理类,,,467,172221,
2021,辽宁中医药大学杏林学院,2025,河北,本科批,物理类,,,481,181967,
2022,聊城大学东昌学院,2025,河北,本科批,物理类,,,493,172221,
2023,南昌大学共青学院,2025,河北,本科批,物理类,,,492,165687,
2024,南昌大学科学技术学院,2025,河北,本科批,物理类,,,495,122069,
2025,南昌航空大学科技学院,2025,河北,本科批,物理类,,,502,120435,
2026,南华大学船山学院,2025,河北,本科批,物理类,,,493,150409,
2027,南京财经大学红山学院,2025,河北,本科批,物理类,,,497,109287,
2028,南京工业大学浦江学院,2025,河北,本科批,物理类,,,501,153782,
2029,南京理工大学泰州科技学院,2025,河北,本科批,物理类,,,491,175569,
203,长治学院,2025,河北,本科批,物理类,,,525,75607,
2030,南京审计大学金审学院,2025,河北,本科批,物理类,,,507,95459,
2032,南京邮电大学通达学院,2025,河北,本科批,物理类,,,520,103048,
2033,南宁师范大学师园学院,2025,河北,本科批,物理类,,,497,165687,
2034,内蒙古大学创业学院,2025,河北,本科批,物理类,,,491,155469,
2035,宁波大学科学技术学院,2025,河北,本科批,物理类,,,484,118812,
2036,宁夏大学新华学院,2025,河北,本科批,物理类,,,476,167370,
2037,青岛农业大学海都学院,2025,河北,本科批,物理类,,,492,153782,
2038,三峡大学科技学院,2025,河北,本科批,物理类,,,504,101526,
2039,山东财经大学东方学院,2025,河北,本科批,物理类,,,497,122069,
204,长治医学院,2025,河北,本科批,物理类,,,534,67726,
2040,陕西科技大学镐京学院,2025,河北,本科批,物理类,,,460,170629,
2041,上海财经大学浙江学院,2025,河北,本科批,物理类,,,532,96962,
2042,上海师范大学天华学院,2025,河北,本科批,物理类,,,502,157169,
2043,上海外国语大学贤达经济人文学院,2025,河北,本科批,物理类,,,461,118812,
2044,石家庄铁道大学四方学院,2025,河北,本科批,物理类,,,496,128615,
2045,首都师范大学科德学院,2025,河北,本科批,物理类,,,461,180401,
2046,四川大学锦江学院,2025,河北,本科批,物理类,,,498,128615,
2047,苏州大学应用技术学院,2025,河北,本科批,物理类,,,511,93962,
2048,天津财经大学珠江学院,2025,河北,本科批,物理类,,,496,131912,
2049,天津理工大学中环信息学院,2025,河北,本科批,物理类,,,501,158849,
2050,天津商业大学宝德学院,2025,河北,本科批,物理类,,,495,133592,
2051,天津商业大学宝德学院,2025,河北,本科批,物理类,,,481,183545,
2052,天津外国语大学滨海外事学院,2025,河北,本科批,物理类,,,496,127001,
2053,天津医科大学临床医学院,2025,河北,本科批,物理类,,,496,120435,
2054,温州医科大学仁济学院,2025,河北,本科批,物理类,,,505,96962,
2055,武汉纺织大学外经贸学院,2025,河北,本科批,物理类,,,491,175569,
2056,武汉工程大学邮电与信息工程学院,2025,河北,本科批,物理类,,,496,142016,
2057,武汉体育学院体育科技学院,2025,河北,本科批,物理类,,,492,170629,
2059,西安建筑科技大学华清学院,2025,河北,本科批,物理类,,,487,172221,
2060,西安交通大学城市学院,2025,河北,本科批,物理类,,,492,136965,
2061,西安科技大学高新学院,2025,河北,本科批,物理类,,,477,186805,
2062,西北大学现代学院,2025,河北,本科批,物理类,,,486,162246,
2063,西北大学现代学院,2025,河北,本科批,物理类,,,481,191536,
2064,西南财经大学天府学院,2025,河北,本科批,物理类,,,513,125369,
2065,西南交通大学希望学院,2025,河北,本科批,物理类,,,491,120435,
2066,厦门大学嘉庚学院,2025,河北,本科批,物理类,,,496,125369,
2067,延安大学西安创新学院,2025,河北,本科批,物理类,,,468,165687,
2068,浙江工商大学杭州商学院,2025,河北,本科批,物理类,,,492,130251,
2069,浙江工业大学之江学院,2025,河北,本科批,物理类,,,503,131912,
207,常州大学,2025,河北,本科批,物理类,,,584,38007,
2070,浙江理工大学科技与艺术学院,2025,河北,本科批,物理类,,,489,157169,
2071,浙江农林大学暨阳学院,2025,河北,本科批,物理类,,,492,173920,
2072,浙江师范大学行知学院,2025,河北,本科批,物理类,,,489,140302,
2073,中国计量大学现代科技学院,2025,河北,本科批,物理类,,,486,162246,
2074,中国矿业大学徐海学院,2025,河北,本科批,物理类,,,511,142016,
2075,中南林业科技大学涉外学院,2025,河北,本科批,物理类,,,493,142016,
2076,遵义医科大学医学与科技学院,2025,河北,本科批,物理类,,,540,95459,
2079,安徽外国语学院,2025,河北,本科批,物理类,,,466,173920,
208,常州工学院,2025,河北,本科批,物理类,,,536,60306,
2080,安徽新华学院,2025,河北,本科批,物理类,,,483,183545,
2081,安阳学院,2025,河北,本科批,物理类,,,494,152124,
2084,蚌埠工商学院,2025,河北,本科批,物理类,,,493,155469,
2088,保定理工学院,2025,河北,本科批,物理类,,,459,205382,
2090,北海艺术设计学院,2025,河北,本科批,物理类,,,467,196199,
2092,北京城市学院,2025,河北,本科批,物理类,,,505,152124,
2094,北京金融科技学院,2025,河北,本科批,物理类,,,459,202340,
21,安徽建筑大学,2025,河北,本科批,物理类,,,530,59117,
2105,沧州交通学院,2025,河北,本科批,物理类,,,469,157169,
2107,长春财经学院,2025,河北,本科批,物理类,,,459,167370,
2108,长春电子科技学院,2025,河北,本科批,物理类,,,459,186805,
211,巢湖学院,2025,河北,本科批,物理类,,,519,117158,
2110,长春光华学院,2025,河北,本科批,物理类,,,462,206836,
2111,长春建筑学院,2025,河北,本科批,物理类,,,460,212828,
2113,长春科技学院,2025,河北,本科批,物理类,,,459,194622,
2114,长春人文学院,2025,河北,本科批,物理类,,,468,163962,
212,朝阳师范学院,2025,河北,本科批,物理类,,,505,101526,
2124,长沙医学院,2025,河北,本科批,物理类,,,519,128615,
2127,常德学院,2025,河北,本科批,物理类,,,483,157169,
213,成都大学,2025,河北,本科批,物理类,,,516,44928,
2130,成都东软学院,2025,河北,本科批,物理类,,,497,160507,
2131,成都锦城学院,2025,河北,本科批,物理类,,,493,128615,
2132,成都锦城学院,2025,河北,本科批,物理类,,,485,185132,
2133,成都外国语学院,2025,河北,本科批,物理类,,,493,112447,
2134,成都文理学院,2025,河北,本科批,物理类,,,467,162246,
2135,成都艺术职业大学,2025,河北,本科批,物理类,,,489,178836,
2136,成都银杏酒店管理学院,2025,河北,本科批,物理类,,,483,160507,
2138,重庆财经学院,2025,河北,本科批,物理类,,,477,109287,
2139,重庆城市科技学院,2025,河北,本科批,物理类,,,488,138592,
2143,重庆对外经贸学院,2025,河北,本科批,物理类,,,492,158849,
2146,重庆机电职业技术大学,2025,河北,本科批,物理类,,,496,160507,
2158,重庆人文科技学院,2025,河北,本科批,物理类,,,494,170629,
216,成都工业学院,2025,河北,本科批,物理类,,,539,52384,
2161,重庆外语外事学院,2025,河北,本科批,物理类,,,480,153782,
2164,重庆移通学院,2025,河北,本科批,物理类,,,495,162246,
2169,大连财经学院,2025,河北,本科批,物理类,,,474,142016,
2170,大连东软信息学院,2025,河北,本科批,物理类,,,459,181967,
2173,大连科技学院,2025,河北,本科批,物理类,,,470,185132,
2175,大连艺术学院,2025,河北,本科批,物理类,,,459,200789,
2182,滇池学院,2025,河北,本科批,物理类,,,462,162246,
2183,东莞城市学院,2025,河北,本科批,物理类,,,466,194622,
2184,福州理工学院,2025,河北,本科批,物理类,,,461,191536,
2185,福州外语外贸学院,2025,河北,本科批,物理类,,,482,186805,
219,成都理工大学,2025,河北,本科批,物理类,,,560,24100,
2190,广东白云学院,2025,河北,本科批,物理类,,,481,191536,
2193,广东东软学院,2025,河北,本科批,物理类,,,464,217182,
2194,广东工商职业技术大学,2025,河北,本科批,物理类,,,460,215723,
2196,广东科技学院,2025,河北,本科批,物理类,,,464,191536,
220,成都师范学院,2025,河北,本科批,物理类,,,538,95459,
2202,广西城市职业大学,2025,河北,本科批,物理类,,,459,203868,
2206,广西外国语学院,2025,河北,本科批,物理类,,,459,185132,
221,成都体育学院,2025,河北,本科批,物理类,,,543,91027,
2211,广州城市理工学院,2025,河北,本科批,物理类,,,463,157169,
2212,广州工商学院,2025,河北,本科批,物理类,,,460,221488,
2214,广州华立学院,2025,河北,本科批,物理类,,,460,180401,
2218,广州南方学院,2025,河北,本科批,物理类,,,461,193088,
222,成都信息工程大学,2025,河北,本科批,物理类,,,550,42923,
2220,广州软件学院,2025,河北,本科批,物理类,,,492,147056,
2221,广州商学院,2025,河北,本科批,物理类,,,465,169008,
2223,广州新华学院,2025,河北,本科批,物理类,,,459,180401,
2226,贵阳信息科技学院,2025,河北,本科批,物理类,,,492,173920,
223,成都医学院,2025,河北,本科批,物理类,,,534,91027,
2232,贵州黔南经济学院,2025,河北,本科批,物理类,,,487,173920,
2233,贵州黔南科技学院,2025,河北,本科批,物理类,,,494,170629,
224,成都中医药大学,2025,河北,本科批,物理类,,,598,24833,
2240,桂林信息科技学院,2025,河北,本科批,物理类,,,459,203868,
2241,桂林学院,2025,河北,本科批,物理类,,,463,170629,
2245,哈尔滨广厦学院,2025,河北,本科批,物理类,,,459,199215,
2246,哈尔滨华德学院,2025,河北,本科批,物理类,,,459,209841,
2247,哈尔滨剑桥学院,2025,河北,本科批,物理类,,,459,200789,
2248,哈尔滨石油学院,2025,河北,本科批,物理类,,,459,188387,
2249,哈尔滨信息工程学院,2025,河北,本科批,物理类,,,475,200789,
2251,哈尔滨远东理工学院,2025,河北,本科批,物理类,,,459,220074,
2252,海口经济学院,2025,河北,本科批,物理类,,,460,206836,
2257,海南科技职业大学,2025,河北,本科批,物理类,,,460,199215,
2259,汉口学院,2025,河北,本科批,物理类,,,492,173920,
226,承德医学院,2025,河北,本科批,物理类,,,523,75607,
2260,合肥城市学院,2025,河北,本科批,物理类,,,479,194622,
2264,河北传媒学院,2025,河北,本科批,物理类,,,459,165687,
2265,河北东方学院,2025,河北,本科批,物理类,,,459,180401,
2266,河北工程技术学院,2025,河北,本科批,物理类,,,461,162246,
2267,河北科技学院,2025,河北,本科批,物理类,,,459,200789,
2268,河北美术学院,2025,河北,本科批,物理类,,,459,218647,
2269,河北外国语学院,2025,河北,本科批,物理类,,,459,165687,
2270,河南开封科技传媒学院,2025,河北,本科批,物理类,,,492,167370,
2272,黑龙江财经学院,2025,河北,本科批,物理类,,,460,172221,
2273,黑龙江东方学院,2025,河北,本科批,物理类,,,459,193088,
2274,黑龙江工商学院,2025,河北,本科批,物理类,,,478,196199,
2276,黑龙江外国语学院,2025,河北,本科批,物理类,,,459,217182,
2279,湖北恩施学院,2025,河北,本科批,物理类,,,494,170629,
2281,湖北三峡航空学院,2025,河北,本科批,物理类,,,494,165687,
2282,湖北商贸学院,2025,河北,本科批,物理类,,,498,163962,
229,池州学院,2025,河北,本科批,物理类,,,523,98476,
2290,湖南软件职业技术大学,2025,河北,本科批,物理类,,,477,183545,
2292,湖南涉外经济学院,2025,河北,本科批,物理类,,,459,170629,
2296,黄河科技学院,2025,河北,本科批,物理类,,,495,169008,
2298,吉利学院,2025,河北,本科批,物理类,,,490,177231,
2300,吉林动画学院,2025,河北,本科批,物理类,,,469,185132,
2301,吉林建筑科技学院,2025,河北,本科批,物理类,,,461,178836,
2303,吉林外国语大学,2025,河北,本科批,物理类,,,460,142016,
2309,江西服装学院,2025,河北,本科批,物理类,,,464,193088,
231,赤峰学院,2025,河北,本科批,物理类,,,506,140302,
2310,江西工程学院,2025,河北,本科批,物理类,,,496,160507,
2315,江西科技学院,2025,河北,本科批,物理类,,,487,170629,
2320,江西应用科技学院,2025,河北,本科批,物理类,,,459,197758,
2325,晋中信息学院,2025,河北,本科批,物理类,,,494,163962,
2326,荆州学院,2025,河北,本科批,物理类,,,487,163962,
2328,景德镇艺术职业大学,2025,河北,本科批,物理类,,,494,163962,
2330,昆明城市学院,2025,河北,本科批,物理类,,,462,181967,
2331,昆明传媒学院,2025,河北,本科批,物理类,,,463,188387,
2333,昆明文理学院,2025,河北,本科批,物理类,,,484,173920,
2336,兰州博文科技学院,2025,河北,本科批,物理类,,,480,193088,
2337,兰州工商学院,2025,河北,本科批,物理类,,,462,163962,
2340,兰州信息科技学院,2025,河北,本科批,物理类,,,473,172221,
2341,丽江文化旅游学院,2025,河北,本科批,物理类,,,459,172221,
2342,辽宁传媒学院,2025,河北,本科批,物理类,,,461,217182,
2343,辽宁对外经贸学院,2025,河北,本科批,物理类,,,459,152124,
2345,辽宁何氏医学院,2025,河北,本科批,物理类,,,469,209841,
2346,辽宁理工学院,2025,河北,本科批,物理类,,,459,185132,
2347,辽宁理工职业大学,2025,河北,本科批,物理类,,,459,196199,
2349,柳州工学院,2025,河北,本科批,物理类,,,460,202340,
2352,漯河食品工程职业大学,2025,河北,本科批,物理类,,,491,172221,
2353,茅台学院,2025,河北,本科批,物理类,,,500,160507,
2356,绵阳城市学院,2025,河北,本科批,物理类,,,497,162246,
2364,南昌工学院,2025,河北,本科批,物理类,,,478,153782,
2365,南昌交通学院,2025,河北,本科批,物理类,,,489,157169,
2366,南昌理工学院,2025,河北,本科批,物理类,,,484,177231,
2367,南昌应用技术师范学院,2025,河北,本科批,物理类,,,496,163962,
237,重庆大学,2025,河北,本科批,物理类,,,625,11635,
2372,南京传媒学院,2025,河北,本科批,物理类,,,502,155469,
2374,南宁理工学院,2025,河北,本科批,物理类,,,459,196199,
2375,南宁学院,2025,河北,本科批,物理类,,,459,194622,
2376,南通理工学院,2025,河北,本科批,物理类,,,483,188387,
2380,内蒙古鸿德文理学院,2025,河北,本科批,物理类,,,481,165687,
2384,宁波财经学院,2025,河北,本科批,物理类,,,473,155469,
2385,宁夏理工学院,2025,河北,本科批,物理类,,,459,169008,
2387,齐鲁理工学院,2025,河北,本科批,物理类,,,498,163962,
2388,齐鲁医药学院,2025,河北,本科批,物理类,,,499,86664,
2389,齐齐哈尔工程学院,2025,河北,本科批,物理类,,,459,224230,
239,重庆大学,2025,河北,本科批,物理类,,,607,22009,
2392,青岛滨海学院,2025,河北,本科批,物理类,,,485,165687,
2393,青岛城市学院,2025,河北,本科批,物理类,,,479,170629,
2394,青岛电影学院,2025,河北,本科批,物理类,,,464,217182,
2395,青岛工学院,2025,河北,本科批,物理类,,,478,142016,
2397,青岛恒星科技学院,2025,河北,本科批,物理类,,,466,205382,
2398,青岛黄海学院,2025,河北,本科批,物理类,,,487,160507,
24,安徽科技学院,2025,河北,本科批,物理类,,,525,109287,
2406,泉州信息工程学院,2025,河北,本科批,物理类,,,469,209841,
2407,泉州职业技术大学,2025,河北,本科批,物理类,,,472,183545,
241,重庆第二师范学院,2025,河北,本科批,物理类,,,515,98476,
2410,三江学院,2025,河北,本科批,物理类,,,468,162246,
2415,三亚学院,2025,河北,本科批,物理类,,,459,183545,
2417,山东工程职业技术大学,2025,河北,本科批,物理类,,,480,165687,
2419,山东华宇工学院,2025,河北,本科批,物理类,,,482,189932,
2422,山东外国语职业技术大学,2025,河北,本科批,物理类,,,482,163962,
2425,山东现代学院,2025,河北,本科批,物理类,,,501,158849,
2426,山东协和学院,2025,河北,本科批,物理类,,,494,152124,
2428,山东英才学院,2025,河北,本科批,物理类,,,475,200789,
2429,山西工商学院,2025,河北,本科批,物理类,,,490,158849,
243,重庆电子科技职业大学,2025,河北,本科批,物理类,,,529,95459,
2430,山西晋中理工学院,2025,河北,本科批,物理类,,,496,162246,
2434,山西应用科技学院,2025,河北,本科批,物理类,,,491,155469,
2436,陕西服装工程学院,2025,河北,本科批,物理类,,,460,197758,
2437,陕西国际商贸学院,2025,河北,本科批,物理类,,,467,183545,
2439,商丘工学院,2025,河北,本科批,物理类,,,490,175569,
2447,上海建桥学院,2025,河北,本科批,物理类,,,464,191536,
2448,上海立达学院,2025,河北,本科批,物理类,,,461,173920,
245,重庆工商大学,2025,河北,本科批,物理类,,,518,34450,
2450,上海杉达学院,2025,河北,本科批,物理类,,,479,130251,
2454,上海中侨职业技术大学,2025,河北,本科批,物理类,,,459,199215,
2457,沈阳城市建设学院,2025,河北,本科批,物理类,,,467,186805,
2458,沈阳城市学院,2025,河北,本科批,物理类,,,459,188387,
2459,沈阳工学院,2025,河北,本科批,物理类,,,459,175569,
2460,沈阳科技学院,2025,河北,本科批,物理类,,,461,189932,
2475,四川传媒学院,2025,河北,本科批,物理类,,,490,127001,
2476,四川电影电视学院,2025,河北,本科批,物理类,,,482,172221,
2478,四川工商学院,2025,河北,本科批,物理类,,,494,157169,
2479,四川工业科技学院,2025,河北,本科批,物理类,,,497,165687,
2486,四川文化艺术学院,2025,河北,本科批,物理类,,,486,183545,
2499,泰山科技学院,2025,河北,本科批,物理类,,,472,175569,
25,安徽理工大学,2025,河北,本科批,物理类,,,537,51275,
2505,天津传媒学院,2025,河北,本科批,物理类,,,479,194622,
2506,天津仁爱学院,2025,河北,本科批,物理类,,,460,163962,
2507,天津天狮学院,2025,河北,本科批,物理类,,,483,173920,
2508,皖江工学院,2025,河北,本科批,物理类,,,462,170629,
2511,潍坊科技学院,2025,河北,本科批,物理类,,,496,167370,
2515,温州商学院,2025,河北,本科批,物理类,,,462,158849,
2516,文华学院,2025,河北,本科批,物理类,,,475,169008,
2518,无锡太湖学院,2025,河北,本科批,物理类,,,483,152124,
252,重庆交通大学,2025,河北,本科批,物理类,,,552,41921,
2520,武昌工学院,2025,河北,本科批,物理类,,,491,175569,
2521,武昌理工学院,2025,河北,本科批,物理类,,,463,162246,
2522,武昌首义学院,2025,河北,本科批,物理类,,,486,127001,
2525,武汉城市学院,2025,河北,本科批,物理类,,,489,143731,
2527,武汉东湖学院,2025,河北,本科批,物理类,,,516,133592,
2528,武汉工程科技学院,2025,河北,本科批,物理类,,,501,158849,
253,重庆科技大学,2025,河北,本科批,物理类,,,522,55712,
2531,武汉华夏理工学院,2025,河北,本科批,物理类,,,494,170629,
2532,武汉晴川学院,2025,河北,本科批,物理类,,,497,155469,
2534,武汉设计工程学院,2025,河北,本科批,物理类,,,492,162246,
2535,武汉生物工程学院,2025,河北,本科批,物理类,,,495,143731,
2537,武汉文理学院,2025,河北,本科批,物理类,,,488,130251,
2539,武汉学院,2025,河北,本科批,物理类,,,494,115590,
254,重庆理工大学,2025,河北,本科批,物理类,,,572,34450,
2542,西安翻译学院,2025,河北,本科批,物理类,,,462,180401,
2544,西安工商学院,2025,河北,本科批,物理类,,,468,191536,
2546,西安交通工程学院,2025,河北,本科批,物理类,,,494,170629,
2547,西安明德理工学院,2025,河北,本科批,物理类,,,488,180401,
2548,西安欧亚学院,2025,河北,本科批,物理类,,,462,172221,
2549,西安培华学院,2025,河北,本科批,物理类,,,469,142016,
2550,西安汽车职业大学,2025,河北,本科批,物理类,,,477,165687,
2551,西安思源学院,2025,河北,本科批,物理类,,,461,158849,
2552,西安外事学院,2025,河北,本科批,物理类,,,485,162246,
2553,西安信息职业大学,2025,河北,本科批,物理类,,,480,167370,
2555,西京学院,2025,河北,本科批,物理类,,,493,128615,
2558,厦门工学院,2025,河北,本科批,物理类,,,459,191536,
256,重庆三峡学院,2025,河北,本科批,物理类,,,523,48060,
2560,厦门华厦学院,2025,河北,本科批,物理类,,,475,177231,
2565,湘潭理工学院,2025,河北,本科批,物理类,,,487,173920,
2570,新疆天山职业技术大学,2025,河北,本科批,物理类,,,480,170629,
2574,信阳学院,2025,河北,本科批,物理类,,,498,152124,
2579,烟台科技学院,2025,河北,本科批,物理类,,,492,173920,
2580,烟台理工学院,2025,河北,本科批,物理类,,,489,178836,
2581,烟台南山学院,2025,河北,本科批,物理类,,,492,172221,
2583,燕京理工学院,2025,河北,本科批,物理类,,,459,158849,
2585,阳光学院,2025,河北,本科批,物理类,,,460,199215,
2586,仰恩大学,2025,河北,本科批,物理类,,,485,185132,
2587,银川科技学院,2025,河北,本科批,物理类,,,459,194622,
2588,银川能源学院,2025,河北,本科批,物理类,,,461,186805,
259,重庆师范大学,2025,河北,本科批,物理类,,,532,58000,
2590,豫北医学院,2025,河北,本科批,物理类,,,506,150409,
2592,岳阳学院,2025,河北,本科批,物理类,,,477,140302,
2596,云南经济管理学院,2025,河北,本科批,物理类,,,469,181967,
26,安徽农业大学,2025,河北,本科批,物理类,,,540,59117,
2605,运城职业技术大学,2025,河北,本科批,物理类,,,490,157169,
2607,张家界学院,2025,河北,本科批,物理类,,,475,200789,
261,重庆文理学院,2025,河北,本科批,物理类,,,518,86664,
2610,浙江广厦建设职业技术大学,2025,河北,本科批,物理类,,,459,197758,
2611,浙江树人学院,2025,河北,本科批,物理类,,,480,155469,
2612,浙江越秀外国语学院,2025,河北,本科批,物理类,,,459,172221,
2613,郑州财经学院,2025,河北,本科批,物理类,,,497,138592,
2615,郑州工商学院,2025,河北,本科批,物理类,,,494,155469,
2616,郑州工业应用技术学院,2025,河北,本科批,物理类,,,490,177231,
2617,郑州经贸学院,2025,河北,本科批,物理类,,,493,165687,
2618,郑州科技学院,2025,河北,本科批,物理类,,,496,152124,
2621,郑州商学院,2025,河北,本科批,物理类,,,493,142016,
2622,郑州升达经贸管理学院,2025,河北,本科批,物理类,,,492,145351,
2624,郑州西亚斯学院,2025,河北,本科批,物理类,,,461,155469,
2629,珠海科技学院,2025,河北,本科批,物理类,,,525,82490,
264,重庆医科大学,2025,河北,本科批,物理类,,,548,5573,
266,重庆邮电大学,2025,河北,本科批,物理类,,,610,20009,
267,重庆中医药学院,2025,河北,本科批,物理类,,,544,50224,
271,楚雄师范学院,2025,河北,本科批,物理类,,,503,155469,
273,川北医学院,2025,河北,本科批,物理类,,,575,50224,
275,大理大学,2025,河北,本科批,物理类,,,532,67726,
276,大连大学,2025,河北,本科批,物理类,,,499,38007,
278,大连工业大学,2025,河北,本科批,物理类,,,531,48060,
279,大连海事大学,2025,河北,本科批,物理类,,,603,14098,
281,大连海洋大学,2025,河北,本科批,物理类,,,534,51275,
283,大连交通大学,2025,河北,本科批,物理类,,,548,83898,
285,大连理工大学,2025,河北,本科批,物理类,,,646,4252,
287,大连理工大学,2025,河北,本科批,物理类,,,616,16339,
288,大连民族大学,2025,河北,本科批,物理类,,,541,50224,
290,大连外国语大学,2025,河北,本科批,物理类,,,556,49142,
291,大连医科大学,2025,河北,本科批,物理类,,,589,36180,
294,大庆师范学院,2025,河北,本科批,物理类,,,512,127001,
30,安徽师范大学,2025,河北,本科批,物理类,,,480,36180,
300,德州学院,2025,河北,本科批,物理类,,,530,110872,
303,滇西应用技术大学,2025,河北,本科批,物理类,,,511,103048,
304,电子科技大学,2025,河北,本科批,物理类,,,652,868,
306,电子科技大学,2025,河北,本科批,物理类,,,605,2699,
308,东北财经大学,2025,河北,本科批,物理类,,,569,14098,
310,东北大学秦皇岛分校,2025,河北,本科批,物理类,,,607,14636,
311,东北大学,2025,河北,本科批,物理类,,,617,13587,
313,东北大学,2025,河北,本科批,物理类,,,602,22009,
314,东北电力大学,2025,河北,本科批,物理类,,,563,32692,
316,东北林业大学,2025,河北,本科批,物理类,,,584,20009,
317,东北农业大学,2025,河北,本科批,物理类,,,562,30194,
318,东北师范大学,2025,河北,本科批,物理类,,,557,14098,
322,东北石油大学,2025,河北,本科批,物理类,,,561,66470,
324,东华大学,2025,河北,本科批,物理类,,,607,8236,
325,东华理工大学,2025,河北,本科批,物理类,,,527,86664,
328,东南大学,2025,河北,本科批,物理类,,,658,868,
329,东莞理工学院,2025,河北,本科批,物理类,,,552,78313,
333,对外经济贸易大学,2025,河北,本科批,物理类,,,629,6181,
336,鄂尔多斯应用技术学院,2025,河北,本科批,物理类,,,524,120435,
341,防灾科技学院,2025,河北,本科批,物理类,,,530,75607,
342,福建技术师范学院,2025,河北,本科批,物理类,,,507,112447,
343,福建江夏学院,2025,河北,本科批,物理类,,,518,54583,
344,福建理工大学,2025,河北,本科批,物理类,,,529,70324,
345,福建农林大学,2025,河北,本科批,物理类,,,503,66470,
346,福建商学院,2025,河北,本科批,物理类,,,512,75607,
347,福建商学院,2025,河北,本科批,物理类,,,444,244173,
348,福建师范大学,2025,河北,本科批,物理类,,,557,45972,
35,安徽医科大学,2025,河北,本科批,物理类,,,546,86664,
350,福建医科大学,2025,河北,本科批,物理类,,,531,66470,
351,福建中医药大学,2025,河北,本科批,物理类,,,549,41921,
352,福州大学,2025,河北,本科批,物理类,,,584,16934,
360,阜阳师范大学,2025,河北,本科批,物理类,,,531,75607,
364,复旦大学,2025,河北,本科批,物理类,,,680,121,
365,复旦大学医学院,2025,河北,本科批,物理类,,,660,233,
372,甘肃林业职业技术大学,2025,河北,本科批,物理类,,,494,153782,
373,甘肃民族师范学院,2025,河北,本科批,物理类,,,503,155469,
374,甘肃农业大学,2025,河北,本科批,物理类,,,520,76985,
377,甘肃医学院,2025,河北,本科批,物理类,,,524,70324,
379,甘肃政法大学,2025,河北,本科批,物理类,,,554,47025,
380,甘肃中医药大学,2025,河北,本科批,物理类,,,516,30194,
381,赣东学院,2025,河北,本科批,物理类,,,517,110872,
382,赣南科技学院,2025,河北,本科批,物理类,,,518,130251,
383,赣南师范大学,2025,河北,本科批,物理类,,,530,63946,
385,赣南医科大学,2025,河北,本科批,物理类,,,533,49142,
387,广东财经大学,2025,河北,本科批,物理类,,,579,42923,
392,广东工业大学,2025,河北,本科批,物理类,,,557,37123,
393,广东海洋大学,2025,河北,本科批,物理类,,,549,82490,
394,广东技术师范大学,2025,河北,本科批,物理类,,,559,68977,
397,广东金融学院,2025,河北,本科批,物理类,,,561,48060,
40,安徽中医药大学,2025,河北,本科批,物理类,,,541,37123,
405,广东轻工职业技术大学,2025,河北,本科批,物理类,,,512,98476,
408,广东石油化工学院,2025,河北,本科批,物理类,,,524,68977,
41,安康学院,2025,河北,本科批,物理类,,,517,104591,
410,广东外语外贸大学,2025,河北,本科批,物理类,,,560,24833,
411,广东药科大学,2025,河北,本科批,物理类,,,545,50224,
412,广东医科大学,2025,河北,本科批,物理类,,,534,20698,
413,广东以色列理工学院,2025,河北,本科批,物理类,,,557,30996,
416,广西财经学院,2025,河北,本科批,物理类,,,504,89552,
417,广西大学,2025,河北,本科批,物理类,,,585,30996,
421,广西警察学院,2025,河北,本科批,物理类,,,511,142016,
422,广西科技大学,2025,河北,本科批,物理类,,,529,112447,
423,广西科技师范学院,2025,河北,本科批,物理类,,,521,125369,
424,广西民族大学,2025,河北,本科批,物理类,,,475,106095,
425,广西民族大学,2025,河北,本科批,物理类,,,508,147056,
426,广西民族师范学院,2025,河北,本科批,物理类,,,504,127001,
428,广西师范大学,2025,河北,本科批,物理类,,,519,59117,
43,安庆师范大学,2025,河北,本科批,物理类,,,532,107712,
431,广西医科大学,2025,河北,本科批,物理类,,,526,117158,
432,广西艺术学院,2025,河北,本科批,物理类,,,490,177231,
434,广西中医药大学,2025,河北,本科批,物理类,,,560,28597,
437,广州大学,2025,河北,本科批,物理类,,,581,22695,
445,广州医科大学,2025,河北,本科批,物理类,,,563,12592,
446,广州中医药大学,2025,河北,本科批,物理类,,,558,9436,
447,贵阳康养职业大学,2025,河北,本科批,物理类,,,519,114051,
448,贵州财经大学,2025,河北,本科批,物理类,,,502,59117,
45,安顺学院,2025,河北,本科批,物理类,,,508,106095,
450,贵州大学,2025,河北,本科批,物理类,,,544,29374,
452,贵州工程应用技术学院,2025,河北,本科批,物理类,,,503,104591,
459,贵州理工学院,2025,河北,本科批,物理类,,,513,138592,
46,安阳工学院,2025,河北,本科批,物理类,,,502,157169,
460,贵州民族大学,2025,河北,本科批,物理类,,,520,127001,
463,贵州商学院,2025,河北,本科批,物理类,,,516,118812,
465,贵州师范大学,2025,河北,本科批,物理类,,,492,93962,
466,贵州师范学院,2025,河北,本科批,物理类,,,535,103048,
468,贵州医科大学,2025,河北,本科批,物理类,,,524,120435,
47,安阳师范学院,2025,河北,本科批,物理类,,,515,135284,
470,贵州中医药大学,2025,河北,本科批,物理类,,,517,50224,
471,桂林电子科技大学,2025,河北,本科批,物理类,,,549,41921,
472,桂林航天工业学院,2025,河北,本科批,物理类,,,516,96962,
473,桂林理工大学,2025,河北,本科批,物理类,,,530,93962,
474,桂林旅游学院,2025,河北,本科批,物理类,,,475,189932,
476,桂林医科大学,2025,河北,本科批,物理类,,,499,53452,
480,哈尔滨工程大学,2025,河北,本科批,物理类,,,557,4006,
482,哈尔滨工业大学,2025,河北,本科批,物理类,,,622,7186,
484,哈尔滨工业大学(深圳),2025,河北,本科批,物理类,,,639,1013,
485,哈尔滨工业大学(威海),2025,河北,本科批,物理类,,,625,2699,
487,哈尔滨金融学院,2025,河北,本科批,物理类,,,529,62725,
489,哈尔滨理工大学,2025,河北,本科批,物理类,,,554,38943,
491,哈尔滨商业大学,2025,河北,本科批,物理类,,,519,48060,
492,哈尔滨师范大学,2025,河北,本科批,物理类,,,519,38007,
493,哈尔滨体育学院,2025,河北,本科批,物理类,,,508,147056,
495,哈尔滨学院,2025,河北,本科批,物理类,,,518,88117,
496,哈尔滨医科大学,2025,河北,本科批,物理类,,,574,51275,
5,安徽财经大学,2025,河北,本科批,物理类,,,536,29374,
50,鞍山师范学院,2025,河北,本科批,物理类,,,510,120435,
500,哈尔滨职业技术大学,2025,河北,本科批,物理类,,,506,143731,
502,海军军医大学,2025,河北,本科批,物理类,,,600,10271,
503,海南比勒费尔德应用科学大学,2025,河北,本科批,物理类,,,459,212828,
504,海南大学,2025,河北,本科批,物理类,,,544,27073,
506,海南热带海洋学院,2025,河北,本科批,物理类,,,485,122069,
508,海南师范大学,2025,河北,本科批,物理类,,,487,58000,
509,海南师范大学,2025,河北,本科批,物理类,,,497,128615,
512,海南医科大学,2025,河北,本科批,物理类,,,561,66470,
515,邯郸学院,2025,河北,本科批,物理类,,,506,103048,
519,韩山师范学院,2025,河北,本科批,物理类,,,512,130251,
520,汉江师范学院,2025,河北,本科批,物理类,,,520,117158,
522,杭州电子科技大学,2025,河北,本科批,物理类,,,588,20698,
523,杭州师范大学,2025,河北,本科批,物理类,,,551,26287,
525,杭州医学院,2025,河北,本科批,物理类,,,535,38007,
527,合肥大学,2025,河北,本科批,物理类,,,532,68977,
528,合肥工业大学,2025,河北,本科批,物理类,,,580,12592,
53,白城师范学院,2025,河北,本科批,物理类,,,507,115590,
530,合肥工业大学,2025,河北,本科批,物理类,,,600,27073,
532,合肥理工学院,2025,河北,本科批,物理类,,,536,101526,
533,合肥师范学院,2025,河北,本科批,物理类,,,522,112447,
537,河北北方学院,2025,河北,本科批,物理类,,,499,88117,
539,河北大学,2025,河北,本科批,物理类,,,506,29374,
540,河北大学,2025,河北,本科批,物理类,,,496,115590,
541,河北大学,2025,河北,本科批,物理类,,,553,71632,
542,河北大学,2025,河北,本科批,物理类,,,524,93962,
545,河北大学,2025,河北,本科批,物理类,,,553,76985,
546,河北地质大学,2025,河北,本科批,物理类,,,526,56852,
547,河北地质大学,2025,河北,本科批,物理类,,,538,81112,
550,河北工程大学,2025,河北,本科批,物理类,,,540,72914,
552,河北工程大学,2025,河北,本科批,物理类,,,538,41921,
554,河北工业大学,2025,河北,本科批,物理类,,,594,18720,
555,河北工业大学,2025,河北,本科批,物理类,,,554,56852,
557,河北工业大学,2025,河北,本科批,物理类,,,585,39881,
558,河北工业大学,2025,河北,本科批,物理类,,,588,15171,
561,河北工业职业技术大学,2025,河北,本科批,物理类,,,499,120435,
567,河北环境工程学院,2025,河北,本科批,物理类,,,502,128615,
57,百色学院,2025,河北,本科批,物理类,,,500,160507,
570,河北建筑工程学院,2025,河北,本科批,物理类,,,500,107712,
572,河北金融学院,2025,河北,本科批,物理类,,,459,224230,
573,河北金融学院,2025,河北,本科批,物理类,,,517,63946,
574,河北经贸大学,2025,河北,本科批,物理类,,,510,43929,
575,河北经贸大学,2025,河北,本科批,物理类,,,533,49142,
576,河北经贸大学,2025,河北,本科批,物理类,,,516,81112,
578,河北经贸大学,2025,河北,本科批,物理类,,,531,109287,
579,河北科技大学,2025,河北,本科批,物理类,,,516,65166,
580,河北科技大学,2025,河北,本科批,物理类,,,535,41921,
582,河北科技大学,2025,河北,本科批,物理类,,,536,101526,
583,河北科技工程职业技术大学,2025,河北,本科批,物理类,,,497,127001,
584,河北科技师范学院,2025,河北,本科批,物理类,,,506,71632,
587,河北民族师范学院,2025,河北,本科批,物理类,,,506,74291,
588,河北民族师范学院,2025,河北,本科批,物理类,,,506,150409,
59,蚌埠学院,2025,河北,本科批,物理类,,,530,88117,
591,河北农业大学,2025,河北,本科批,物理类,,,530,53452,
592,河北农业大学,2025,河北,本科批,物理类,,,528,47025,
594,河北农业大学,2025,河北,本科批,物理类,,,524,56852,
595,河北农业大学,2025,河北,本科批,物理类,,,533,106095,
60,蚌埠医科大学,2025,河北,本科批,物理类,,,535,39881,
600,河北师范大学,2025,河北,本科批,物理类,,,517,36180,
601,河北师范大学,2025,河北,本科批,物理类,,,550,42923,
604,河北师范大学,2025,河北,本科批,物理类,,,546,86664,
606,河北石油职业技术大学,2025,河北,本科批,物理类,,,499,128615,
607,河北水利电力学院,2025,河北,本科批,物理类,,,501,106095,
609,河北体育学院,2025,河北,本科批,物理类,,,498,153782,
610,河北医科大学,2025,河北,本科批,物理类,,,553,76985,
611,河北医科大学,2025,河北,本科批,物理类,,,563,41921,
617,河北中医药大学,2025,河北,本科批,物理类,,,531,27821,
618,河北中医药大学,2025,河北,本科批,物理类,,,553,50224,
622,河池学院,2025,河北,本科批,物理类,,,511,142016,
623,河海大学,2025,河北,本科批,物理类,,,606,12091,
625,河南财经政法大学,2025,河北,本科批,物理类,,,542,28597,
626,河南财政金融学院,2025,河北,本科批,物理类,,,499,67726,
628,河南城建学院,2025,河北,本科批,物理类,,,498,136965,
629,河南大学,2025,河北,本科批,物理类,,,538,22695,
631,河南工程学院,2025,河北,本科批,物理类,,,520,107712,
632,河南工学院,2025,河北,本科批,物理类,,,537,74291,
633,河南工业大学,2025,河北,本科批,物理类,,,550,30996,
64,宝鸡文理学院,2025,河北,本科批,物理类,,,535,103048,
641,河南科技大学,2025,河北,本科批,物理类,,,538,63946,
642,河南科技学院,2025,河北,本科批,物理类,,,522,95459,
643,河南理工大学,2025,河北,本科批,物理类,,,529,44928,
644,河南牧业经济学院,2025,河北,本科批,物理类,,,509,130251,
645,河南农业大学,2025,河北,本科批,物理类,,,532,92489,
648,河南师范大学,2025,河北,本科批,物理类,,,527,115590,
655,河南医药大学,2025,河北,本科批,物理类,,,553,49142,
657,河南中医药大学,2025,河北,本科批,物理类,,,535,93962,
658,河西学院,2025,河北,本科批,物理类,,,503,152124,
661,菏泽学院,2025,河北,本科批,物理类,,,513,115590,
664,贺州学院,2025,河北,本科批,物理类,,,508,147056,
668,黑河学院,2025,河北,本科批,物理类,,,503,138592,
67,保定学院,2025,河北,本科批,物理类,,,515,89552,
670,黑龙江八一农垦大学,2025,河北,本科批,物理类,,,519,76985,
672,黑龙江大学,2025,河北,本科批,物理类,,,551,70324,
673,黑龙江工程学院,2025,河北,本科批,物理类,,,517,89552,
674,黑龙江工业学院,2025,河北,本科批,物理类,,,505,152124,
678,黑龙江科技大学,2025,河北,本科批,物理类,,,525,99987,
68,保定学院,2025,河北,本科批,物理类,,,510,143731,
693,黑龙江中医药大学,2025,河北,本科批,物理类,,,530,16934,
695,衡水学院,2025,河北,本科批,物理类,,,498,115590,
701,衡阳师范学院,2025,河北,本科批,物理类,,,524,70324,
703,红河学院,2025,河北,本科批,物理类,,,500,148725,
704,呼和浩特民族学院,2025,河北,本科批,物理类,,,500,136965,
705,呼和浩特民族学院,2025,河北,本科批,物理类,,,353,325037,
707,呼伦贝尔学院,2025,河北,本科批,物理类,,,500,155469,
71,北部湾大学,2025,河北,本科批,物理类,,,515,68977,
712,湖北大学,2025,河北,本科批,物理类,,,557,71632,
713,湖北第二师范学院,2025,河北,本科批,物理类,,,529,112447,
714,湖北工程学院,2025,河北,本科批,物理类,,,506,103048,
716,湖北工业大学,2025,河北,本科批,物理类,,,552,44928,
72,北方工业大学,2025,河北,本科批,物理类,,,550,15775,
722,湖北经济学院,2025,河北,本科批,物理类,,,493,49142,
723,湖北科技学院,2025,河北,本科批,物理类,,,528,65166,
725,湖北理工学院,2025,河北,本科批,物理类,,,516,66470,
727,湖北民族大学,2025,河北,本科批,物理类,,,524,59117,
728,湖北汽车工业学院,2025,河北,本科批,物理类,,,511,98476,
733,湖北师范大学,2025,河北,本科批,物理类,,,557,44928,
737,湖北文理学院,2025,河北,本科批,物理类,,,501,72914,
738,湖北医药学院,2025,河北,本科批,物理类,,,546,42923,
74,北方民族大学,2025,河北,本科批,物理类,,,524,81112,
741,湖北中医药大学,2025,河北,本科批,物理类,,,539,34450,
745,湖南财政经济学院,2025,河北,本科批,物理类,,,508,63946,
747,湖南城市学院,2025,河北,本科批,物理类,,,507,112447,
748,湖南大学,2025,河北,本科批,物理类,,,630,6181,
751,湖南第一师范学院,2025,河北,本科批,物理类,,,553,54583,
753,湖南工程学院,2025,河北,本科批,物理类,,,489,109287,
755,湖南工商大学,2025,河北,本科批,物理类,,,524,47025,
756,湖南工学院,2025,河北,本科批,物理类,,,534,62725,
757,湖南工业大学,2025,河北,本科批,物理类,,,480,42923,
76,北华大学,2025,河北,本科批,物理类,,,524,59117,
763,湖南科技大学,2025,河北,本科批,物理类,,,531,48060,
764,湖南科技学院,2025,河北,本科批,物理类,,,512,140302,
765,湖南理工学院,2025,河北,本科批,物理类,,,521,115590,
766,湖南农业大学,2025,河北,本科批,物理类,,,530,50224,
767,湖南女子学院,2025,河北,本科批,物理类,,,508,127001,
77,北华航天工业学院,2025,河北,本科批,物理类,,,526,68977,
770,湖南人文科技学院,2025,河北,本科批,物理类,,,547,85258,
772,湖南师范大学,2025,河北,本科批,物理类,,,596,15171,
773,湖南师范大学,2025,河北,本科批,物理类,,,593,32692,
779,湖南文理学院,2025,河北,本科批,物理类,,,501,158849,
781,湖南医药学院,2025,河北,本科批,物理类,,,544,89552,
783,湖南中医药大学,2025,河北,本科批,物理类,,,533,16934,
784,湖州师范学院,2025,河北,本科批,物理类,,,525,118812,
785,湖州学院,2025,河北,本科批,物理类,,,521,71632,
787,华北电力大学(保定),2025,河北,本科批,物理类,,,609,13587,
789,华北电力大学(北京),2025,河北,本科批,物理类,,,616,11148,
79,北京大学,2025,河北,本科批,物理类,,,688,82,
792,华北科技学院,2025,河北,本科批,物理类,,,524,114051,
793,华北理工大学,2025,河北,本科批,物理类,,,533,52384,
796,华北理工大学,2025,河北,本科批,物理类,,,532,107712,
797,华北理工大学,2025,河北,本科批,物理类,,,534,50224,
798,华北水利水电大学,2025,河北,本科批,物理类,,,513,47025,
799,华东交通大学,2025,河北,本科批,物理类,,,545,38007,
8,安徽大学,2025,河北,本科批,物理类,,,605,17521,
800,华东理工大学,2025,河北,本科批,物理类,,,622,13077,
802,华东师范大学,2025,河北,本科批,物理类,,,646,4252,
807,华东政法大学,2025,河北,本科批,物理类,,,631,9012,
808,华南理工大学,2025,河北,本科批,物理类,,,638,4724,
81,北京大学医学部,2025,河北,本科批,物理类,,,677,361,
810,华南农业大学,2025,河北,本科批,物理类,,,548,20009,
812,华南师范大学,2025,河北,本科批,物理类,,,599,24833,
813,华侨大学,2025,河北,本科批,物理类,,,544,30996,
814,华中科技大学,2025,河北,本科批,物理类,,,627,622,
817,华中农业大学,2025,河北,本科批,物理类,,,588,15775,
820,华中师范大学,2025,河北,本科批,物理类,,,599,13587,
822,怀化学院,2025,河北,本科批,物理类,,,515,79754,
824,淮北师范大学,2025,河北,本科批,物理类,,,529,81112,
827,淮南师范学院,2025,河北,本科批,物理类,,,516,110872,
829,淮阴工学院,2025,河北,本科批,物理类,,,515,110872,
83,北京第二外国语学院,2025,河北,本科批,物理类,,,577,30194,
830,淮阴师范学院,2025,河北,本科批,物理类,,,521,96962,
831,黄冈师范学院,2025,河北,本科批,物理类,,,519,128615,
833,黄淮学院,2025,河北,本科批,物理类,,,509,145351,
834,黄山学院,2025,河北,本科批,物理类,,,510,143731,
839,惠州学院,2025,河北,本科批,物理类,,,519,128615,
84,北京电影学院,2025,河北,本科批,物理类,,,606,22695,
842,吉林财经大学,2025,河北,本科批,物理类,,,498,42923,
843,吉林大学,2025,河北,本科批,物理类,,,620,5846,
846,吉林工程技术师范学院,2025,河北,本科批,物理类,,,502,125369,
848,吉林工商学院,2025,河北,本科批,物理类,,,501,83898,
850,吉林化工大学,2025,河北,本科批,物理类,,,525,75607,
851,吉林建筑大学,2025,河北,本科批,物理类,,,509,67726,
853,吉林警察学院,2025,河北,本科批,物理类,,,513,63946,
854,吉林农业大学,2025,河北,本科批,物理类,,,525,83898,
855,吉林农业科技学院,2025,河北,本科批,物理类,,,518,130251,
856,吉林师范大学,2025,河北,本科批,物理类,,,547,83898,
860,吉林体育学院,2025,河北,本科批,物理类,,,496,153782,
861,吉林铁道职业技术大学,2025,河北,本科批,物理类,,,529,91027,
862,吉林医药学院,2025,河北,本科批,物理类,,,527,115590,
864,吉林艺术学院,2025,河北,本科批,物理类,,,505,152124,
865,吉首大学,2025,河北,本科批,物理类,,,537,81112,
867,集美大学,2025,河北,本科批,物理类,,,545,33539,
868,集宁师范学院,2025,河北,本科批,物理类,,,507,136965,
869,济南大学,2025,河北,本科批,物理类,,,548,37123,
87,北京服装学院,2025,河北,本科批,物理类,,,538,71632,
873,济宁学院,2025,河北,本科批,物理类,,,519,128615,
874,济宁医学院,2025,河北,本科批,物理类,,,522,40924,
877,暨南大学,2025,河北,本科批,物理类,,,598,15171,
88,北京工商大学,2025,河北,本科批,物理类,,,591,24100,
880,佳木斯大学,2025,河北,本科批,物理类,,,538,91027,
882,嘉兴大学,2025,河北,本科批,物理类,,,545,58000,
883,嘉兴南湖学院,2025,河北,本科批,物理类,,,536,86664,
885,江汉大学,2025,河北,本科批,物理类,,,580,42923,
889,江南大学,2025,河北,本科批,物理类,,,590,14636,
89,北京工业大学,2025,河北,本科批,物理类,,,589,12091,
896,江苏大学,2025,河北,本科批,物理类,,,591,33539,
897,江苏第二师范学院,2025,河北,本科批,物理类,,,554,71632,
902,江苏海洋大学,2025,河北,本科批,物理类,,,529,49142,
909,江苏科技大学,2025,河北,本科批,物理类,,,570,45972,
910,江苏理工学院,2025,河北,本科批,物理类,,,546,63946,
914,江苏师范大学,2025,河北,本科批,物理类,,,555,35284,
919,江西财经大学,2025,河北,本科批,物理类,,,526,18114,
92,北京航空航天大学,2025,河北,本科批,物理类,,,669,267,
922,江西飞行学院,2025,河北,本科批,物理类,,,515,98476,
93,北京航空航天大学,2025,河北,本科批,物理类,,,647,2224,
930,江西科技师范大学,2025,河北,本科批,物理类,,,519,51275,
931,江西理工大学,2025,河北,本科批,物理类,,,542,78313,
932,江西农业大学,2025,河北,本科批,物理类,,,527,56852,
936,江西师范大学,2025,河北,本科批,物理类,,,488,38943,
939,江西水利电力大学,2025,河北,本科批,物理类,,,525,85258,
95,北京化工大学,2025,河北,本科批,物理类,,,595,8622,
953,江西职业技术大学,2025,河北,本科批,物理类,,,503,112447,
954,江西中医药大学,2025,河北,本科批,物理类,,,530,19367,
957,金华职业技术大学,2025,河北,本科批,物理类,,,521,79754,
958,金陵科技学院,2025,河北,本科批,物理类,,,537,76985,
960,锦州医科大学,2025,河北,本科批,物理类,,,527,28597,
962,晋中学院,2025,河北,本科批,物理类,,,525,117158,
963,荆楚理工学院,2025,河北,本科批,物理类,,,516,133592,
967,井冈山大学,2025,河北,本科批,物理类,,,513,65166,
968,景德镇陶瓷大学,2025,河北,本科批,物理类,,,537,91027,
969,景德镇学院,2025,河北,本科批,物理类,,,514,131912,
97,北京建筑大学,2025,河北,本科批,物理类,,,578,30194,
970,九江学院,2025,河北,本科批,物理类,,,514,67726,
973,喀什大学,2025,河北,本科批,物理类,,,495,104591,
977,凯里学院,2025,河北,本科批,物理类,,,519,118812,
978,康复大学,2025,河北,本科批,物理类,,,583,24100,
98,北京交通大学,2025,河北,本科批,物理类,,,625,11635,
981,空军军医大学,2025,河北,本科批,物理类,,,613,8236,
982,昆明理工大学,2025,河北,本科批,物理类,,,503,54583,
983,昆明学院,2025,河北,本科批,物理类,,,511,95459,
984,昆明医科大学,2025,河北,本科批,物理类,,,545,22009,
989,兰州财经大学,2025,河北,本科批,物理类,,,519,62725,
991,兰州城市学院,2025,河北,本科批,物理类,,,511,107712,
992,兰州大学,2025,河北,本科批,物理类,,,617,11635,
994,兰州工业学院,2025,河北,本科批,物理类,,,515,93962,
995,兰州工业学院,2025,河北,本科批,物理类,,,348,327623,
997,兰州交通大学,2025,河北,本科批,物理类,,,556,48060,
998,兰州交通大学,2025,河北,本科批,物理类,,,404,287262,
999,兰州理工大学,2025,河北,本科批,物理类,,,527,59117,
1318,山西农业大学,2025,河北,本科提前批A段,物理类,,,537,99987,
1372,上海海关学院,2025,河北,本科提前批A段,物理类,,,637,5573,
1474,四川外国语大学,2025,河北,本科提前批A段,物理类,,,545,47025,
1888,中国传媒大学,2025,河北,本科提前批A段,物理类,,,579,45972,
1917,中国人民公安大学,2025,河北,本科提前批A段,物理类,,,638,1570,
1918,中国人民公安大学,2025,河北,本科提前批A段,物理类,,,626,7522,
1930,中国消防救援学院,2025,河北,本科提前批A段,物理类,,,575,32692,
1931,中国刑事警察学院,2025,河北,本科提前批A段,物理类,,,617,15775,
1932,中国刑事警察学院,2025,河北,本科提前批A段,物理类,,,629,2366,
506,海南热带海洋学院,2025,河北,本科提前批A段,物理类,,,512,140302,
820,华中师范大学,2025,河北,本科提前批A段,物理类,,,594,31807,
1015,辽宁大学,2025,河北,本科提前批B段,物理类,,,611,19367,
1018,辽宁工程技术大学,2025,河北,本科提前批B段,物理类,,,562,65166,
1026,辽宁科技大学,2025,河北,本科提前批B段,物理类,,,583,41921,
1037,辽宁石油化工大学,2025,河北,本科提前批B段,物理类,,,583,41921,
107,北京科技大学,2025,河北,本科提前批B段,物理类,,,608,11148,
1094,南京大学,2025,河北,本科提前批B段,物理类,,,659,1816,
1097,南京工业大学,2025,河北,本科提前批B段,物理类,,,590,19367,
1100,南京航空航天大学,2025,河北,本科提前批B段,物理类,,,632,6181,
1106,南京理工大学,2025,河北,本科提前批B段,物理类,,,607,20009,
1108,南京林业大学,2025,河北,本科提前批B段,物理类,,,605,23383,
1111,南京农业大学,2025,河北,本科提前批B段,物理类,,,599,27821,
1114,南京师范大学,2025,河北,本科提前批B段,物理类,,,594,31807,
1119,南京信息工程大学,2025,河北,本科提前批B段,物理类,,,587,38007,
112,北京理工大学,2025,河北,本科提前批B段,物理类,,,653,1345,
1126,南京邮电大学,2025,河北,本科提前批B段,物理类,,,615,16934,
1128,南开大学,2025,河北,本科提前批B段,物理类,,,644,4724,
116,北京林业大学,2025,河北,本科提前批B段,物理类,,,606,18114,
122,北京师范大学,2025,河北,本科提前批B段,物理类,,,647,4006,
1226,清华大学,2025,河北,本科提前批B段,物理类,,,678,121,
123,北京师范大学,2025,河北,本科提前批B段,物理类,,,644,4006,
124,北京师范大学,2025,河北,本科提前批B段,物理类,,,626,11148,
1251,山东大学,2025,河北,本科提前批B段,物理类,,,639,6181,
1253,山东大学威海分校,2025,河北,本科提前批B段,物理类,,,631,9012,
127,北京体育大学,2025,河北,本科提前批B段,物理类,,,585,25574,
1273,山东理工大学,2025,河北,本科提前批B段,物理类,,,563,27073,
130,北京外国语大学,2025,河北,本科提前批B段,物理类,,,618,15171,
134,北京物资学院,2025,河北,本科提前批B段,物理类,,,576,45972,
1342,陕西师范大学,2025,河北,本科提前批B段,物理类,,,627,9012,
1343,陕西师范大学,2025,河北,本科提前批B段,物理类,,,597,9827,
1345,陕西师范大学,2025,河北,本科提前批B段,物理类,,,605,18114,
1359,上海财经大学,2025,河北,本科提前批B段,物理类,,,620,14098,
1365,上海电机学院,2025,河北,本科提前批B段,物理类,,,555,74291,
1369,上海对外经贸大学,2025,河北,本科提前批B段,物理类,,,593,32692,
1378,上海交通大学,2025,河北,本科提前批B段,物理类,,,668,330,
1380,上海交通大学医学院,2025,河北,本科提前批B段,物理类,,,638,1447,
1386,上海理工大学,2025,河北,本科提前批B段,物理类,,,604,24100,
1396,上海外国语大学,2025,河北,本科提前批B段,物理类,,,611,19367,
141,北京印刷学院,2025,河北,本科提前批B段,物理类,,,562,65166,
1419,沈阳工业大学,2025,河北,本科提前批B段,物理类,,,612,18720,
1421,沈阳航空航天大学,2025,河北,本科提前批B段,物理类,,,613,18114,
1424,沈阳建筑大学,2025,河北,本科提前批B段,物理类,,,597,29374,
1426,沈阳理工大学,2025,河北,本科提前批B段,物理类,,,601,26287,
1428,沈阳农业大学,2025,河北,本科提前批B段,物理类,,,540,95459,
143,北京邮电大学,2025,河北,本科提前批B段,物理类,,,633,4724,
1432,沈阳药科大学,2025,河北,本科提前批B段,物理类,,,587,28597,
1437,石河子大学,2025,河北,本科提前批B段,物理类,,,572,53452,
1441,石家庄铁道大学,2025,河北,本科提前批B段,物理类,,,558,29374,
1446,石家庄学院,2025,河北,本科提前批B段,物理类,,,582,40924,
145,北京语言大学,2025,河北,本科提前批B段,物理类,,,593,27073,
1462,四川大学,2025,河北,本科提前批B段,物理类,,,613,10703,
148,北京中医药大学,2025,河北,本科提前批B段,物理类,,,622,13077,
1486,苏州大学,2025,河北,本科提前批B段,物理类,,,601,26287,
1499,塔里木大学,2025,河北,本科提前批B段,物理类,,,520,127001,
1515,唐山师范学院,2025,河北,本科提前批B段,物理类,,,572,14636,
1528,天津大学,2025,河北,本科提前批B段,物理类,,,642,5268,
1531,天津工业大学,2025,河北,本科提前批B段,物理类,,,591,34450,
1540,天津科技大学,2025,河北,本科提前批B段,物理类,,,602,17521,
1559,天津医科大学,2025,河北,本科提前批B段,物理类,,,590,35284,
1566,天津中医药大学,2025,河北,本科提前批B段,物理类,,,568,58000,
1574,同济大学,2025,河北,本科提前批B段,物理类,,,634,4467,
161,沧州师范学院,2025,河北,本科提前批B段,物理类,,,574,24833,
1613,武汉大学,2025,河北,本科提前批B段,物理类,,,635,1816,
1624,武汉理工大学,2025,河北,本科提前批B段,物理类,,,598,8236,
1638,西安电子科技大学,2025,河北,本科提前批B段,物理类,,,629,4252,
1647,西安交通大学,2025,河北,本科提前批B段,物理类,,,642,5268,
1664,西北工业大学,2025,河北,本科提前批B段,物理类,,,641,3754,
1667,西北农林科技大学,2025,河北,本科提前批B段,物理类,,,602,18720,
1682,西南财经大学,2025,河北,本科提前批B段,物理类,,,609,14098,
1684,西南大学,2025,河北,本科提前批B段,物理类,,,627,8236,
1685,西南大学,2025,河北,本科提前批B段,物理类,,,588,15171,
1687,西南大学,2025,河北,本科提前批B段,物理类,,,620,14098,
1689,西南交通大学,2025,河北,本科提前批B段,物理类,,,579,8622,
1693,西南民族大学,2025,河北,本科提前批B段,物理类,,,554,36180,
1701,厦门大学,2025,河北,本科提前批B段,物理类,,,630,9436,
174,长安大学,2025,河北,本科提前批B段,物理类,,,593,32692,
1782,燕山大学,2025,河北,本科提前批B段,物理类,,,567,21354,
1786,扬州大学,2025,河北,本科提前批B段,物理类,,,575,38943,
1841,浙江财经大学,2025,河北,本科提前批B段,物理类,,,572,25574,
1847,浙江大学,2025,河北,本科提前批B段,物理类,,,654,361,
1849,浙江大学医学院,2025,河北,本科提前批B段,物理类,,,647,1570,
1853,浙江工业大学,2025,河北,本科提前批B段,物理类,,,603,16934,
1890,中国传媒大学,2025,河北,本科提前批B段,物理类,,,619,13587,
1892,中国地质大学(北京),2025,河北,本科提前批B段,物理类,,,616,16339,
1894,中国地质大学(武汉),2025,河北,本科提前批B段,物理类,,,598,11635,
1896,中国海洋大学,2025,河北,本科提前批B段,物理类,,,613,6838,
1898,中国科学技术大学,2025,河北,本科提前批B段,物理类,,,667,622,
1903,中国矿业大学(北京),2025,河北,本科提前批B段,物理类,,,606,9827,
1904,中国矿业大学(徐州),2025,河北,本科提前批B段,物理类,,,596,29374,
1906,中国劳动关系学院,2025,河北,本科提前批B段,物理类,,,533,55712,
1908,中国民航大学,2025,河北,本科提前批B段,物理类,,,596,27073,
1911,中国民用航空飞行学院,2025,河北,本科提前批B段,物理类,,,579,45972,
1913,中国农业大学,2025,河北,本科提前批B段,物理类,,,632,8622,
1915,中国人民大学,2025,河北,本科提前批B段,物理类,,,664,1236,
1919,中国人民警察大学,2025,河北,本科提前批B段,物理类,,,576,41921,
1924,中国石油大学(北京),2025,河北,本科提前批B段,物理类,,,617,14098,
1926,中国石油大学(北京)克拉玛依校区,2025,河北,本科提前批B段,物理类,,,573,36180,
1927,中国石油大学(华东),2025,河北,本科提前批B段,物理类,,,601,26287,
1933,中国药科大学,2025,河北,本科提前批B段,物理类,,,606,11635,
1935,中国医科大学,2025,河北,本科提前批B段,物理类,,,605,23383,
1939,中国政法大学,2025,河北,本科提前批B段,物理类,,,639,6181,
1941,中南财经政法大学,2025,河北,本科提前批B段,物理类,,,582,26287,
1944,中南大学,2025,河北,本科提前批B段,物理类,,,630,9436,
1948,中山大学,2025,河北,本科提前批B段,物理类,,,625,11635,
1950,中央财经大学,2025,河北,本科提前批B段,物理类,,,631,9012,
1953,中央民族大学,2025,河北,本科提前批B段,物理类,,,628,9827,
227,承德医学院,2025,河北,本科提前批B段,物理类,,,540,66470,
240,重庆大学,2025,河北,本科提前批B段,物理类,,,602,5268,
277,大连大学,2025,河北,本科提前批B段,物理类,,,603,24833,
280,大连海事大学,2025,河北,本科提前批B段,物理类,,,570,36180,
284,大连交通大学,2025,河北,本科提前批B段,物理类,,,601,24100,
286,大连理工大学,2025,河北,本科提前批B段,物理类,,,615,7186,
289,大连民族大学,2025,河北,本科提前批B段,物理类,,,575,38943,
292,大连医科大学,2025,河北,本科提前批B段,物理类,,,564,62725,
305,电子科技大学,2025,河北,本科提前批B段,物理类,,,649,2081,
312,东北大学,2025,河北,本科提前批B段,物理类,,,615,6503,
315,东北林业大学,2025,河北,本科提前批B段,物理类,,,574,30996,
319,东北师范大学,2025,河北,本科提前批B段,物理类,,,621,8622,
320,东北师范大学,2025,河北,本科提前批B段,物理类,,,616,16339,
321,东北师范大学,2025,河北,本科提前批B段,物理类,,,606,22695,
323,东华大学,2025,河北,本科提前批B段,物理类,,,603,17521,
327,东南大学,2025,河北,本科提前批B段,物理类,,,641,4006,
334,对外经济贸易大学,2025,河北,本科提前批B段,物理类,,,632,8622,
340,防灾科技学院,2025,河北,本科提前批B段,物理类,,,550,81112,
353,福州大学,2025,河北,本科提前批B段,物理类,,,588,18114,
363,复旦大学,2025,河北,本科提前批B段,物理类,,,666,443,
366,复旦大学医学院,2025,河北,本科提前批B段,物理类,,,647,4006,
481,哈尔滨工程大学,2025,河北,本科提前批B段,物理类,,,623,7522,
483,哈尔滨工业大学,2025,河北,本科提前批B段,物理类,,,652,2914,
486,哈尔滨工业大学(威海),2025,河北,本科提前批B段,物理类,,,639,6181,
490,哈尔滨理工大学,2025,河北,本科提前批B段,物理类,,,588,23383,
516,邯郸学院,2025,河北,本科提前批B段,物理类,,,576,42923,
524,杭州师范大学,2025,河北,本科提前批B段,物理类,,,574,43929,
529,合肥工业大学,2025,河北,本科提前批B段,物理类,,,581,43929,
531,合肥工业大学,2025,河北,本科提前批B段,物理类,,,580,14098,
538,河北北方学院,2025,河北,本科提前批B段,物理类,,,533,48060,
543,河北大学,2025,河北,本科提前批B段,物理类,,,554,71632,
544,河北大学,2025,河北,本科提前批B段,物理类,,,546,42923,
548,河北地质大学,2025,河北,本科提前批B段,物理类,,,541,65166,
551,河北工程大学,2025,河北,本科提前批B段,物理类,,,545,88117,
553,河北工程大学,2025,河北,本科提前批B段,物理类,,,546,34450,
556,河北工业大学,2025,河北,本科提前批B段,物理类,,,595,19367,
577,河北经贸大学,2025,河北,本科提前批B段,物理类,,,538,49142,
581,河北科技大学,2025,河北,本科提前批B段,物理类,,,537,45972,
589,河北民族师范学院,2025,河北,本科提前批B段,物理类,,,559,38007,
593,河北农业大学,2025,河北,本科提前批B段,物理类,,,530,50224,
602,河北师范大学,2025,河北,本科提前批B段,物理类,,,582,10703,
603,河北师范大学,2025,河北,本科提前批B段,物理类,,,557,42923,
605,河北师范大学,2025,河北,本科提前批B段,物理类,,,564,21354,
612,河北医科大学,2025,河北,本科提前批B段,物理类,,,559,37123,
613,河北医科大学,2025,河北,本科提前批B段,物理类,,,551,15171,
619,河北中医药大学,2025,河北,本科提前批B段,物理类,,,566,60306,
620,河北中医药大学,2025,河北,本科提前批B段,物理类,,,540,34450,
624,河海大学,2025,河北,本科提前批B段,物理类,,,583,15171,
696,衡水学院,2025,河北,本科提前批B段,物理类,,,582,24100,
73,北方民族大学,2025,河北,本科提前批B段,物理类,,,566,30194,
749,湖南大学,2025,河北,本科提前批B段,物理类,,,610,8236,
788,华北电力大学(保定),2025,河北,本科提前批B段,物理类,,,617,14098,
790,华北电力大学(北京),2025,河北,本科提前批B段,物理类,,,639,3294,
791,华北科技学院,2025,河北,本科提前批B段,物理类,,,569,56852,
794,华北理工大学,2025,河北,本科提前批B段,物理类,,,569,55712,
795,华北理工大学,2025,河北,本科提前批B段,物理类,,,545,36180,
80,北京大学,2025,河北,本科提前批B段,物理类,,,677,330,
801,华东理工大学,2025,河北,本科提前批B段,物理类,,,612,7879,
803,华东师范大学,2025,河北,本科提前批B段,物理类,,,646,3754,
804,华东师范大学,2025,河北,本科提前批B段,物理类,,,622,9436,
805,华东师范大学,2025,河北,本科提前批B段,物理类,,,611,13587,
806,华东政法大学,2025,河北,本科提前批B段,物理类,,,597,29374,
809,华南理工大学,2025,河北,本科提前批B段,物理类,,,623,6181,
811,华南农业大学,2025,河北,本科提前批B段,物理类,,,555,54583,
815,华中科技大学,2025,河北,本科提前批B段,物理类,,,635,4467,
816,华中农业大学,2025,河北,本科提前批B段,物理类,,,583,14636,
818,华中师范大学,2025,河北,本科提前批B段,物理类,,,629,4006,
819,华中师范大学,2025,河北,本科提前批B段,物理类,,,609,10271,
82,北京大学医学部,2025,河北,本科提前批B段,物理类,,,675,443,
821,华中师范大学,2025,河北,本科提前批B段,物理类,,,616,16339,
844,吉林大学,2025,河北,本科提前批B段,物理类,,,623,12592,
866,集美大学,2025,河北,本科提前批B段,物理类,,,594,31807,
878,暨南大学,2025,河北,本科提前批B段,物理类,,,605,23383,
888,江南大学,2025,河北,本科提前批B段,物理类,,,583,41921,
895,江苏大学,2025,河北,本科提前批B段,物理类,,,586,38943,
908,江苏科技大学,2025,河北,本科提前批B段,物理类,,,577,42923,
94,北京航空航天大学,2025,河北,本科提前批B段,物理类,,,665,1013,
96,北京化工大学,2025,河北,本科提前批B段,物理类,,,617,14098,
99,北京交通大学,2025,河北,本科提前批B段,物理类,,,615,16934,
993,兰州大学,2025,河北,本科提前批B段,物理类,,,604,13587,
115,北京林业大学,2025,河北,本科提前批C段,物理类,,,592,33539,
1358,上海财经大学,2025,河北,本科提前批C段,物理类,,,598,28597,
147,北京中医药大学,2025,河北,本科提前批C段,物理类,,,608,13077,
1891,中国地质大学(北京),2025,河北,本科提前批C段,物理类,,,585,18720,
1895,中国海洋大学,2025,河北,本科提前批C段,物理类,,,606,12592,
1928,中国石油大学(华东),2025,河北,本科提前批C段,物理类,,,595,16934,
316,东北林业大学,2025,河北,本科提前批C段,物理类,,,586,22009,
450,贵州大学,2025,河北,本科提前批C段,物理类,,,580,20698,
485,哈尔滨工业大学(威海),2025,河北,本科提前批C段,物理类,,,639,6181,
802,华东师范大学,2025,河北,本科提前批C段,物理类,,,576,16934,
820,华中师范大学,2025,河北,本科提前批C段,物理类,,,565,45972,
843,吉林大学,2025,河北,本科提前批C段,物理类,,,555,27073,
889,江南大学,2025,河北,本科提前批C段,物理类,,,602,21354,
1,阿克苏工业职业技术学院,2025,河北,高职专科,物理类,,,336,308740,
10,安徽电子信息职业技术学院,2025,河北,高职专科,物理类,,,404,263340,
1000,兰州石化职业技术大学,2025,河北,高职专科,物理类,,,417,206836,
1002,兰州职业技术学院,2025,河北,高职专科,物理类,,,380,245391,
1003,兰州资源环境职业技术大学,2025,河北,高职专科,物理类,,,443,212828,
1007,廊坊卫生职业学院,2025,河北,高职专科,物理类,,,409,205382,
1008,廊坊燕京职业技术学院,2025,河北,高职专科,物理类,,,359,209841,
1009,廊坊职业技术学院,2025,河北,高职专科,物理类,,,353,211317,
101,北京交通运输职业学院,2025,河北,高职专科,物理类,,,448,188387,
1012,连云港职业技术学院,2025,河北,高职专科,物理类,,,454,229804,
1016,辽宁地质工程职业学院,2025,河北,高职专科,物理类,,,391,253975,
102,北京交通职业技术学院,2025,河北,高职专科,物理类,,,443,194622,
1020,辽宁轨道交通职业学院,2025,河北,高职专科,物理类,,,452,193088,
1021,辽宁机电职业技术学院,2025,河北,高职专科,物理类,,,405,224230,
1022,辽宁建筑职业学院,2025,河北,高职专科,物理类,,,377,242920,
1023,辽宁金融职业学院,2025,河北,高职专科,物理类,,,407,214306,
1024,辽宁经济职业技术学院,2025,河北,高职专科,物理类,,,420,199215,
1028,辽宁民族师范高等专科学校,2025,河北,高职专科,物理类,,,380,268973,
1029,辽宁轻工职业学院,2025,河北,高职专科,物理类,,,382,211317,
103,北京京北职业技术学院,2025,河北,高职专科,物理类,,,425,211317,
1030,辽宁生态工程职业学院,2025,河北,高职专科,物理类,,,387,239067,
1031,辽宁省交通高等专科学校,2025,河北,高职专科,物理类,,,408,196199,
1034,辽宁师范高等专科学校,2025,河北,高职专科,物理类,,,393,297943,
1035,辽宁石化职业技术学院,2025,河北,高职专科,物理类,,,424,239067,
1038,辽宁铁道职业技术学院,2025,河北,高职专科,物理类,,,454,175569,
1039,辽宁现代服务职业技术学院,2025,河北,高职专科,物理类,,,376,258796,
104,北京经济管理职业学院,2025,河北,高职专科,物理类,,,425,191536,
1040,辽宁冶金职业技术学院,2025,河北,高职专科,物理类,,,415,257615,
1041,辽宁医药职业学院,2025,河北,高职专科,物理类,,,443,203868,
1043,辽宁装备制造职业技术学院,2025,河北,高职专科,物理类,,,411,228462,
1044,辽源职业技术学院,2025,河北,高职专科,物理类,,,244,304225,
1046,临汾职业技术学院,2025,河北,高职专科,物理类,,,437,252764,
1048,临沂科技职业学院,2025,河北,高职专科,物理类,,,409,247903,
1050,柳州铁道职业技术学院,2025,河北,高职专科,物理类,,,451,217182,
1051,六安职业技术学院,2025,河北,高职专科,物理类,,,386,233839,
1053,六盘水幼儿师范高等专科学校,2025,河北,高职专科,物理类,,,353,325037,
1054,六盘水职业技术学院,2025,河北,高职专科,物理类,,,368,278461,
1057,泸州职业技术学院,2025,河北,高职专科,物理类,,,397,294532,
1060,潞安职业技术学院,2025,河北,高职专科,物理类,,,375,283376,
1061,罗定职业技术学院,2025,河北,高职专科,物理类,,,414,278461,
1064,洛阳职业技术学院,2025,河北,高职专科,物理类,,,447,215723,
1065,漯河医学高等专科学校,2025,河北,高职专科,物理类,,,427,178836,
1067,吕梁职业技术学院,2025,河北,高职专科,物理类,,,369,262216,
1068,马鞍山职业技术学院,2025,河北,高职专科,物理类,,,411,258796,
1069,满洲里俄语职业学院,2025,河北,高职专科,物理类,,,307,298777,
1070,茂名职业技术学院,2025,河北,高职专科,物理类,,,394,267857,
1071,湄洲湾职业技术学院,2025,河北,高职专科,物理类,,,412,264546,
1073,绵阳职业技术学院,2025,河北,高职专科,物理类,,,455,229804,
1074,民政职业大学,2025,河北,高职专科,物理类,,,423,178836,
1075,闽江师范高等专科学校,2025,河北,高职专科,物理类,,,396,246657,
1079,牡丹江大学,2025,河北,高职专科,物理类,,,382,246657,
108,北京科技职业大学,2025,河北,高职专科,物理类,,,484,150409,
1084,南昌健康职业技术学院,2025,河北,高职专科,物理类,,,431,258796,
1087,南充文化旅游职业学院,2025,河北,高职专科,物理类,,,386,291853,
1092,南京城市职业学院,2025,河北,高职专科,物理类,,,465,191536,
110,北京劳动保障职业学院,2025,河北,高职专科,物理类,,,436,224230,
1101,南京机电职业技术学院,2025,河北,高职专科,物理类,,,465,158849,
1104,南京科技职业学院,2025,河北,高职专科,物理类,,,414,209841,
1109,南京旅游职业学院,2025,河北,高职专科,物理类,,,430,212828,
1120,南京信息职业技术学院,2025,河北,高职专科,物理类,,,485,165687,
1132,南通科技职业学院,2025,河北,高职专科,物理类,,,432,225599,
1133,南通师范高等专科学校,2025,河北,高职专科,物理类,,,445,229804,
1134,南通职业大学,2025,河北,高职专科,物理类,,,456,200789,
1135,南阳科技职业学院,2025,河北,高职专科,物理类,,,392,252764,
1137,南阳农业职业学院,2025,河北,高职专科,物理类,,,405,227077,
1139,南阳医学高等专科学校,2025,河北,高职专科,物理类,,,444,167370,
1145,内蒙古电子信息职业技术学院,2025,河北,高职专科,物理类,,,413,227077,
1147,内蒙古化工职业学院,2025,河北,高职专科,物理类,,,391,256401,
1148,内蒙古交通职业技术学院,2025,河北,高职专科,物理类,,,351,263340,
1155,内蒙古农业大学,2025,河北,高职专科,物理类,,,483,188387,
1157,内蒙古商贸职业学院,2025,河北,高职专科,物理类,,,331,264546,
1167,宁夏工商职业技术学院,2025,河北,高职专科,物理类,,,388,261102,
1172,宁夏卫生健康职业技术学院,2025,河北,高职专科,物理类,,,379,291853,
1178,盘锦职业技术学院,2025,河北,高职专科,物理类,,,390,241650,
1179,培黎职业学院,2025,河北,高职专科,物理类,,,313,290945,
118,北京农业职业学院,2025,河北,高职专科,物理类,,,442,158849,
1180,平顶山工业职业技术学院,2025,河北,高职专科,物理类,,,419,265644,
1182,平凉职业技术学院,2025,河北,高职专科,物理类,,,358,277415,
1183,萍乡卫生职业学院,2025,河北,高职专科,物理类,,,414,252764,
1186,濮阳科技职业学院,2025,河北,高职专科,物理类,,,401,258796,
1187,濮阳石油化工职业技术学院,2025,河北,高职专科,物理类,,,391,275349,
1188,濮阳医学高等专科学校,2025,河北,高职专科,物理类,,,420,225599,
1189,濮阳职业技术学院,2025,河北,高职专科,物理类,,,383,253975,
119,北京青年政治学院,2025,河北,高职专科,物理类,,,456,157169,
1191,七台河职业学院,2025,河北,高职专科,物理类,,,353,255217,
1195,齐齐哈尔高等师范专科学校,2025,河北,高职专科,物理类,,,370,275349,
1198,黔东南理工职业学院,2025,河北,高职专科,物理类,,,333,312305,
1199,黔东南民族职业技术学院,2025,河北,高职专科,物理类,,,416,218647,
12,安徽工贸职业技术学院,2025,河北,高职专科,物理类,,,375,246657,
1201,黔南民族医学高等专科学校,2025,河北,高职专科,物理类,,,404,206836,
1202,黔南民族幼儿师范高等专科学校,2025,河北,高职专科,物理类,,,326,290057,
1203,黔南民族职业技术学院,2025,河北,高职专科,物理类,,,358,282414,
1204,黔西南民族职业技术学院,2025,河北,高职专科,物理类,,,358,297095,
1205,钦州幼儿师范高等专科学校,2025,河北,高职专科,物理类,,,232,352332,
1206,秦皇岛工业职业技术学院,2025,河北,高职专科,物理类,,,392,277415,
1207,秦皇岛职业技术学院,2025,河北,高职专科,物理类,,,348,217182,
1209,青岛港湾职业技术学院,2025,河北,高职专科,物理类,,,439,212828,
1210,青岛工程职业学院,2025,河北,高职专科,物理类,,,444,199215,
1211,青岛酒店管理职业技术学院,2025,河北,高职专科,物理类,,,403,232534,
1216,青岛职业技术学院,2025,河北,高职专科,物理类,,,451,194622,
1218,青海建筑职业技术学院,2025,河北,高职专科,物理类,,,381,298777,
1223,青海卫生职业技术学院,2025,河北,高职专科,物理类,,,402,231162,
1227,庆阳职业技术学院,2025,河北,高职专科,物理类,,,348,279445,
1230,曲靖健康医学院,2025,河北,高职专科,物理类,,,371,272245,
1234,泉州经贸职业技术学院,2025,河北,高职专科,物理类,,,405,276393,
1236,日喀则职业技术学院,2025,河北,高职专科,物理类,,,337,321080,
1237,日照职业技术学院,2025,河北,高职专科,物理类,,,433,189932,
1238,汝州职业技术学院,2025,河北,高职专科,物理类,,,406,284335,
1239,三门峡社会管理职业学院,2025,河北,高职专科,物理类,,,373,214306,
1240,三门峡职业技术学院,2025,河北,高职专科,物理类,,,420,244173,
1242,三明医学科技职业学院,2025,河北,高职专科,物理类,,,351,217182,
1244,三峡电力职业学院,2025,河北,高职专科,物理类,,,425,222850,
1245,三峡旅游职业技术学院,2025,河北,高职专科,物理类,,,375,249128,
1247,山东城市服务职业学院,2025,河北,高职专科,物理类,,,399,270096,
1248,山东城市建设职业学院,2025,河北,高职专科,物理类,,,407,253975,
1256,山东电子职业技术学院,2025,河北,高职专科,物理类,,,392,200789,
1258,山东工业职业学院,2025,河北,高职专科,物理类,,,388,240357,
1263,山东化工职业学院,2025,河北,高职专科,物理类,,,385,253975,
1267,山东交通职业学院,2025,河北,高职专科,物理类,,,426,222850,
1269,山东经贸职业学院,2025,河北,高职专科,物理类,,,423,225599,
1271,山东科技职业学院,2025,河北,高职专科,物理类,,,452,202340,
1272,山东劳动职业技术学院,2025,河北,高职专科,物理类,,,398,241650,
1275,山东理工职业学院,2025,河北,高职专科,物理类,,,471,200789,
1276,山东旅游职业学院,2025,河北,高职专科,物理类,,,403,289151,
1277,山东铝业职业学院,2025,河北,高职专科,物理类,,,371,279445,
128,北京体育职业学院,2025,河北,高职专科,物理类,,,408,272245,
1282,山东轻工职业学院,2025,河北,高职专科,物理类,,,394,218647,
1283,山东商务职业学院,2025,河北,高职专科,物理类,,,394,239067,
1284,山东商业职业技术学院,2025,河北,高职专科,物理类,,,437,196199,
1287,山东水利职业学院,2025,河北,高职专科,物理类,,,416,212828,
1291,山东外贸职业学院,2025,河北,高职专科,物理类,,,399,228462,
1292,山东文化艺术职业学院,2025,河北,高职专科,物理类,,,396,258796,
1293,山东信息职业技术学院,2025,河北,高职专科,物理类,,,296,205382,
1295,山东畜牧兽医职业学院,2025,河北,高职专科,物理类,,,433,215723,
1296,山东药品食品职业学院,2025,河北,高职专科,物理类,,,431,212828,
1300,山东职业学院,2025,河北,高职专科,物理类,,,449,167370,
1308,山西工程科技职业大学,2025,河北,高职专科,物理类,,,405,253975,
1309,山西工程职业学院,2025,河北,高职专科,物理类,,,430,214306,
1311,山西管理职业学院,2025,河北,高职专科,物理类,,,391,261102,
1312,山西国际商务职业学院,2025,河北,高职专科,物理类,,,399,246657,
1313,山西机电职业技术学院,2025,河北,高职专科,物理类,,,435,231162,
1314,山西金融职业学院,2025,河北,高职专科,物理类,,,369,249128,
1315,山西经贸职业学院,2025,河北,高职专科,物理类,,,414,241650,
1316,山西林业职业技术学院,2025,河北,高职专科,物理类,,,377,242920,
1319,山西省财政税务专科学校,2025,河北,高职专科,物理类,,,405,189932,
1321,山西水利职业技术学院,2025,河北,高职专科,物理类,,,416,255217,
1322,山西铁道职业技术学院,2025,河北,高职专科,物理类,,,442,208299,
1323,山西通用航空职业技术学院,2025,河北,高职专科,物理类,,,447,233839,
1324,山西卫生健康职业学院,2025,河北,高职专科,物理类,,,466,175569,
1325,山西药科职业学院,2025,河北,高职专科,物理类,,,446,233839,
1328,山西运城农业职业技术学院,2025,河北,高职专科,物理类,,,381,252764,
1329,山西职业技术学院,2025,河北,高职专科,物理类,,,437,212828,
1331,陕西财经职业技术学院,2025,河北,高职专科,物理类,,,395,218647,
1332,陕西工商职业学院,2025,河北,高职专科,物理类,,,386,237730,
1333,陕西工业职业技术学院,2025,河北,高职专科,物理类,,,491,175569,
1334,陕西国防工业职业技术学院,2025,河北,高职专科,物理类,,,444,180401,
1335,陕西航空职业技术学院,2025,河北,高职专科,物理类,,,442,225599,
1336,陕西机电职业技术学院,2025,河北,高职专科,物理类,,,424,212828,
1337,陕西交通职业技术学院,2025,河北,高职专科,物理类,,,429,197758,
1340,陕西能源职业技术学院,2025,河北,高职专科,物理类,,,435,220074,
1341,陕西青年职业学院,2025,河北,高职专科,物理类,,,420,222850,
1346,陕西铁路工程职业技术学院,2025,河北,高职专科,物理类,,,452,181967,
1349,陕西邮电职业技术学院,2025,河北,高职专科,物理类,,,430,221488,
1350,陕西职业技术学院,2025,河北,高职专科,物理类,,,419,222850,
1353,汕头职业技术学院,2025,河北,高职专科,物理类,,,379,264546,
1355,商洛职业技术学院,2025,河北,高职专科,物理类,,,357,228462,
1357,商丘医学高等专科学校,2025,河北,高职专科,物理类,,,453,180401,
1360,上海城建职业学院,2025,河北,高职专科,物理类,,,430,188387,
1361,上海出版印刷高等专科学校,2025,河北,高职专科,物理类,,,430,228462,
1367,上海电子信息职业技术学院,2025,河北,高职专科,物理类,,,454,205382,
1371,上海工艺美术职业学院,2025,河北,高职专科,物理类,,,492,172221,
1375,上海建设管理职业技术学院,2025,河北,高职专科,物理类,,,402,262216,
1382,上海交通职业技术学院,2025,河北,高职专科,物理类,,,416,232534,
1383,上海科创职业技术学院,2025,河北,高职专科,物理类,,,410,211317,
1384,上海科学技术职业学院,2025,河北,高职专科,物理类,,,429,157169,
1388,上海旅游高等专科学校,2025,河北,高职专科,物理类,,,427,220074,
1389,上海民航职业技术学院,2025,河北,高职专科,物理类,,,437,200789,
139,北京信息职业技术学院,2025,河北,高职专科,物理类,,,465,185132,
1390,上海闵行职业技术学院,2025,河北,高职专科,物理类,,,435,232534,
1398,上海行健职业学院,2025,河北,高职专科,物理类,,,435,233839,
1403,上饶卫生健康职业学院,2025,河北,高职专科,物理类,,,413,279445,
1404,上饶幼儿师范高等专科学校,2025,河北,高职专科,物理类,,,370,286270,
1405,上饶职业技术学院,2025,河北,高职专科,物理类,,,402,259929,
1413,深圳信息职业技术大学,2025,河北,高职专科,物理类,,,498,163962,
1414,深圳职业技术大学,2025,河北,高职专科,物理类,,,494,125369,
1415,神木职业技术学院,2025,河北,高职专科,物理类,,,389,250364,
1417,沈阳工程学院,2025,河北,高职专科,物理类,,,443,189932,
1435,沈阳职业技术学院,2025,河北,高职专科,物理类,,,418,203868,
1436,石河子大学,2025,河北,高职专科,物理类,,,461,165687,
1438,石河子工程职业技术学院,2025,河北,高职专科,物理类,,,316,286270,
1443,石家庄铁路职业技术学院,2025,河北,高职专科,物理类,,,437,136965,
1444,石家庄信息工程职业学院,2025,河北,高职专科,物理类,,,427,180401,
1447,石家庄邮电职业技术学院,2025,河北,高职专科,物理类,,,481,140302,
1448,石家庄幼儿师范高等专科学校,2025,河北,高职专科,物理类,,,392,221488,
1449,石家庄职业技术学院,2025,河北,高职专科,物理类,,,207,167370,
1450,石嘴山工贸职业技术学院,2025,河北,高职专科,物理类,,,342,284335,
1455,首钢工学院,2025,河北,高职专科,物理类,,,475,160507,
1456,双河职业技术学院,2025,河北,高职专科,物理类,,,295,316929,
1457,朔州师范高等专科学校,2025,河北,高职专科,物理类,,,395,291853,
1458,朔州陶瓷职业技术学院,2025,河北,高职专科,物理类,,,396,295438,
1459,朔州职业技术学院,2025,河北,高职专科,物理类,,,417,267857,
146,北京政法职业学院,2025,河北,高职专科,物理类,,,425,218647,
1463,四川工程职业技术大学,2025,河北,高职专科,物理类,,,406,177231,
1464,四川航天职业技术学院,2025,河北,高职专科,物理类,,,453,232534,
1465,四川建筑职业技术学院,2025,河北,高职专科,物理类,,,427,250364,
1466,四川交通职业技术学院,2025,河北,高职专科,物理类,,,496,167370,
1473,四川水利职业技术学院,2025,河北,高职专科,物理类,,,436,239067,
1475,四川文化产业职业学院,2025,河北,高职专科,物理类,,,430,249128,
1480,四川职业技术学院,2025,河北,高职专科,物理类,,,411,264546,
1481,四川中医药高等专科学校,2025,河北,高职专科,物理类,,,445,169008,
1482,四平职业大学,2025,河北,高职专科,物理类,,,365,301252,
1483,松原职业技术学院,2025,河北,高职专科,物理类,,,326,245391,
1484,苏州百年职业学院,2025,河北,高职专科,物理类,,,211,330559,
1488,苏州工业园区服务外包职业学院,2025,河北,高职专科,物理类,,,454,217182,
1489,苏州工业职业技术学院,2025,河北,高职专科,物理类,,,472,188387,
1491,苏州经贸职业技术学院,2025,河北,高职专科,物理类,,,472,180401,
1493,苏州职业技术大学,2025,河北,高职专科,物理类,,,476,169008,
1495,宿州职业技术学院,2025,河北,高职专科,物理类,,,421,252764,
1497,塔城职业技术学院,2025,河北,高职专科,物理类,,,339,286270,
15,安徽工业经济职业技术学院,2025,河北,高职专科,物理类,,,387,236491,
1500,塔里木职业技术学院,2025,河北,高职专科,物理类,,,347,217182,
1502,太原城市职业技术学院,2025,河北,高职专科,物理类,,,398,245391,
1509,太原幼儿师范高等专科学校,2025,河北,高职专科,物理类,,,368,277415,
151,滨州职业学院,2025,河北,高职专科,物理类,,,419,241650,
1512,唐山工业职业技术大学,2025,河北,高职专科,物理类,,,414,185132,
1513,唐山科技职业技术学院,2025,河北,高职专科,物理类,,,400,233839,
1519,唐山幼儿师范高等专科学校,2025,河北,高职专科,物理类,,,370,258796,
1520,唐山职业技术学院,2025,河北,高职专科,物理类,,,394,193088,
1521,天津滨海职业学院,2025,河北,高职专科,物理类,,,435,177231,
1522,天津渤海职业技术学院,2025,河北,高职专科,物理类,,,434,186805,
1525,天津城市建设管理职业技术学院,2025,河北,高职专科,物理类,,,405,228462,
1526,天津城市职业学院,2025,河北,高职专科,物理类,,,401,209841,
1529,天津电子信息职业技术学院,2025,河北,高职专科,物理类,,,464,173920,
1532,天津工业职业学院,2025,河北,高职专科,物理类,,,422,222850,
1534,天津国土资源和房屋职业学院,2025,河北,高职专科,物理类,,,408,227077,
1535,天津海运职业学院,2025,河北,高职专科,物理类,,,424,212828,
1536,天津机电职业技术学院,2025,河北,高职专科,物理类,,,451,189932,
1537,天津交通职业学院,2025,河北,高职专科,物理类,,,418,193088,
1538,天津警察学院,2025,河北,高职专科,物理类,,,445,206836,
154,亳州职业技术学院,2025,河北,高职专科,物理类,,,430,235189,
1544,天津轻工职业技术学院,2025,河北,高职专科,物理类,,,462,178836,
1545,天津商务职业学院,2025,河北,高职专科,物理类,,,357,196199,
1547,天津生物工程职业技术学院,2025,河北,高职专科,物理类,,,432,225599,
155,博尔塔拉职业技术学院,2025,河北,高职专科,物理类,,,322,295438,
1551,天津石油职业技术学院,2025,河北,高职专科,物理类,,,410,233839,
1552,天津市职业大学,2025,河北,高职专科,物理类,,,473,160507,
1555,天津铁道职业技术学院,2025,河北,高职专科,物理类,,,449,165687,
1557,天津现代职业技术学院,2025,河北,高职专科,物理类,,,456,170629,
156,渤海船舶职业学院,2025,河北,高职专科,物理类,,,430,240357,
1560,天津医学高等专科学校,2025,河北,高职专科,物理类,,,439,158849,
1564,天津中德应用技术大学,2025,河北,高职专科,物理类,,,494,167370,
1567,天门职业学院,2025,河北,高职专科,物理类,,,368,270096,
1569,铁岭师范高等专科学校,2025,河北,高职专科,物理类,,,379,240357,
1570,铁门关职业技术学院,2025,河北,高职专科,物理类,,,351,268973,
1572,通化医药健康职业学院,2025,河北,高职专科,物理类,,,285,244173,
1573,通辽职业学院,2025,河北,高职专科,物理类,,,409,283376,
1576,桐城师范高等专科学校,2025,河北,高职专科,物理类,,,415,277415,
1577,铜川职业技术学院,2025,河北,高职专科,物理类,,,399,272245,
1578,铜陵职业技术学院,2025,河北,高职专科,物理类,,,349,193088,
1579,铜仁幼儿师范高等专科学校,2025,河北,高职专科,物理类,,,362,319901,
1580,铜仁职业技术大学,2025,河北,高职专科,物理类,,,437,245391,
1581,图木舒克职业技术学院,2025,河北,高职专科,物理类,,,326,307275,
1582,吐鲁番职业技术学院,2025,河北,高职专科,物理类,,,323,293648,
1584,皖北卫生职业学院,2025,河北,高职专科,物理类,,,412,245391,
1586,皖西卫生职业学院,2025,河北,高职专科,物理类,,,427,264546,
1587,威海海洋职业学院,2025,河北,高职专科,物理类,,,429,231162,
1588,威海职业学院,2025,河北,高职专科,物理类,,,409,208299,
1592,潍坊职业学院,2025,河北,高职专科,物理类,,,457,227077,
1599,乌海职业技术学院,2025,河北,高职专科,物理类,,,398,293648,
16,安徽工业职业技术学院,2025,河北,高职专科,物理类,,,383,257615,
1600,乌兰察布医学高等专科学校,2025,河北,高职专科,物理类,,,420,244173,
1601,乌兰察布职业学院,2025,河北,高职专科,物理类,,,346,281438,
1602,乌鲁木齐职业大学,2025,河北,高职专科,物理类,,,318,280425,
1603,乌鲁木齐职业技术学院,2025,河北,高职专科,物理类,,,379,300429,
1604,无锡城市职业技术学院,2025,河北,高职专科,物理类,,,428,188387,
1608,武汉城市职业学院,2025,河北,高职专科,物理类,,,463,194622,
1609,武汉船舶职业技术学院,2025,河北,高职专科,物理类,,,423,186805,
1614,武汉电力职业技术学院,2025,河北,高职专科,物理类,,,467,169008,
1617,武汉工程职业技术学院,2025,河北,高职专科,物理类,,,422,196199,
1619,武汉交通职业学院,2025,河北,高职专科,物理类,,,425,224230,
162,沧州医学高等专科学校,2025,河北,高职专科,物理类,,,418,185132,
1621,武汉警官职业学院,2025,河北,高职专科,物理类,,,433,206836,
1625,武汉民政职业学院,2025,河北,高职专科,物理类,,,416,232534,
1627,武汉软件工程职业学院,2025,河北,高职专科,物理类,,,454,180401,
163,沧州幼儿师范高等专科学校,2025,河北,高职专科,物理类,,,307,270096,
1630,武汉铁路桥梁职业学院,2025,河北,高职专科,物理类,,,420,232534,
1631,武汉铁路职业技术学院,2025,河北,高职专科,物理类,,,437,155469,
1633,武汉职业技术大学,2025,河北,高职专科,物理类,,,457,178836,
1636,西安电力高等专科学校,2025,河北,高职专科,物理类,,,484,118812,
164,沧州职业技术学院,2025,河北,高职专科,物理类,,,356,227077,
1643,西安航空职业技术学院,2025,河北,高职专科,物理类,,,457,205382,
165,沧州职业技术学院,2025,河北,高职专科,物理类,,,417,251580,
1655,西安铁路职业技术学院,2025,河北,高职专科,物理类,,,465,191536,
166,沧州职业技术学院,2025,河北,高职专科,物理类,,,395,261102,
1662,西安职业技术学院,2025,河北,高职专科,物理类,,,366,227077,
167,沧州职业技术学院,2025,河北,高职专科,物理类,,,423,253975,
1675,西藏职业技术学院,2025,河北,高职专科,物理类,,,336,333371,
1676,西昌民族幼儿师范高等专科学校,2025,河北,高职专科,物理类,,,370,289151,
168,沧州职业技术学院,2025,河北,高职专科,物理类,,,381,259929,
169,沧州职业技术学院,2025,河北,高职专科,物理类,,,397,282414,
1698,锡林郭勒职业学院,2025,河北,高职专科,物理类,,,302,271169,
1699,厦门城市职业学院,2025,河北,高职专科,物理类,,,408,235189,
17,安徽广播影视职业技术学院,2025,河北,高职专科,物理类,,,420,268973,
170,沧州职业技术学院,2025,河北,高职专科,物理类,,,377,310139,
1705,仙桃职业学院,2025,河北,高职专科,物理类,,,400,256401,
1706,咸宁职业技术学院,2025,河北,高职专科,物理类,,,379,241650,
1708,咸阳职业技术学院,2025,河北,高职专科,物理类,,,434,225599,
171,沧州职业技术学院,2025,河北,高职专科,物理类,,,396,247903,
1716,襄阳汽车职业技术学院,2025,河北,高职专科,物理类,,,380,249128,
1718,忻州职业技术学院,2025,河北,高职专科,物理类,,,365,233839,
1724,新疆和田学院,2025,河北,高职专科,物理类,,,337,315565,
1725,新疆建设职业技术学院,2025,河北,高职专科,物理类,,,336,310867,
1726,新疆交通职业技术大学,2025,河北,高职专科,物理类,,,315,264546,
1727,新疆警察学院,2025,河北,高职专科,物理类,,,410,270096,
1732,新疆农业职业技术大学,2025,河北,高职专科,物理类,,,321,225599,
1733,新疆轻工职业技术学院,2025,河北,高职专科,物理类,,,341,253975,
1734,新疆生产建设兵团兴新职业技术学院,2025,河北,高职专科,物理类,,,369,194622,
1737,新疆师范高等专科学校,2025,河北,高职专科,物理类,,,253,296285,
1738,新疆石河子职业技术学院,2025,河北,高职专科,物理类,,,271,273302,
1739,新疆司法警官职业学院,2025,河北,高职专科,物理类,,,400,250364,
1741,新疆铁道职业技术学院,2025,河北,高职专科,物理类,,,452,228462,
1745,新疆应用职业技术学院,2025,河北,高职专科,物理类,,,308,306526,
1747,新疆职业大学,2025,河北,高职专科,物理类,,,323,244173,
1749,新乡职业技术学院,2025,河北,高职专科,物理类,,,402,268973,
175,长白山职业技术学院,2025,河北,高职专科,物理类,,,309,271169,
1750,新星职业技术学院,2025,河北,高职专科,物理类,,,310,241650,
1752,信阳农林学院,2025,河北,高职专科,物理类,,,400,291853,
1754,信阳职业技术学院,2025,河北,高职专科,物理类,,,390,236491,
1755,兴安职业技术大学,2025,河北,高职专科,物理类,,,286,282414,
1759,邢台医学院,2025,河北,高职专科,物理类,,,415,222850,
1761,徐州工业职业技术学院,2025,河北,高职专科,物理类,,,430,222850,
1762,徐州生物工程职业技术学院,2025,河北,高职专科,物理类,,,417,194622,
1764,宣城职业技术学院,2025,河北,高职专科,物理类,,,423,263340,
1765,宣化科技职业学院,2025,河北,高职专科,物理类,,,367,240357,
1768,烟台工程职业技术学院,2025,河北,高职专科,物理类,,,382,249128,
1769,烟台汽车工程职业学院,2025,河北,高职专科,物理类,,,391,263340,
1770,烟台文化旅游职业学院,2025,河北,高职专科,物理类,,,367,239067,
1772,延安职业技术学院,2025,河北,高职专科,物理类,,,359,209841,
1775,延边职业技术学院,2025,河北,高职专科,物理类,,,220,264546,
1777,盐城工业职业技术学院,2025,河北,高职专科,物理类,,,398,253975,
1779,盐城幼儿师范高等专科学校,2025,河北,高职专科,物理类,,,359,202340,
1789,阳泉职业技术学院,2025,河北,高职专科,物理类,,,391,252764,
1790,伊春职业学院,2025,河北,高职专科,物理类,,,331,218647,
1793,伊犁职业技术学院,2025,河北,高职专科,物理类,,,306,263340,
1795,宜宾职业技术学院,2025,河北,高职专科,物理类,,,425,266798,
1798,营口职业技术学院,2025,河北,高职专科,物理类,,,391,232534,
1799,永城职业学院,2025,河北,高职专科,物理类,,,422,270096,
18,安徽国防科技职业学院,2025,河北,高职专科,物理类,,,400,258796,
1800,永州职业技术学院,2025,河北,高职专科,物理类,,,428,249128,
1803,榆林职业技术学院,2025,河北,高职专科,物理类,,,410,246657,
1807,云南财经职业学院,2025,河北,高职专科,物理类,,,366,278461,
1809,云南国土资源职业学院,2025,河北,高职专科,物理类,,,380,308000,
181,长春金融高等专科学校,2025,河北,高职专科,物理类,,,390,205382,
1811,云南林业职业技术学院,2025,河北,高职专科,物理类,,,414,272245,
1813,云南能源职业技术学院,2025,河北,高职专科,物理类,,,403,265644,
1816,云南特殊教育职业学院,2025,河北,高职专科,物理类,,,379,290945,
1821,运城护理职业学院,2025,河北,高职专科,物理类,,,456,193088,
1822,运城师范高等专科学校,2025,河北,高职专科,物理类,,,411,279445,
1824,运城幼儿师范高等专科学校,2025,河北,高职专科,物理类,,,381,307275,
1825,枣庄科技职业学院,2025,河北,高职专科,物理类,,,370,271169,
1827,枣庄职业学院,2025,河北,高职专科,物理类,,,372,188387,
1828,扎兰屯职业学院,2025,河北,高职专科,物理类,,,218,266798,
1829,湛江幼儿师范专科学校,2025,河北,高职专科,物理类,,,378,285293,
1830,张家界航空工业职业技术学院,2025,河北,高职专科,物理类,,,443,218647,
1832,张家口学院,2025,河北,高职专科,物理类,,,476,175569,
1833,张家口职业技术学院,2025,河北,高职专科,物理类,,,210,245391,
1834,漳州职业技术学院,2025,河北,高职专科,物理类,,,448,209841,
1835,昭通卫生职业学院,2025,河北,高职专科,物理类,,,346,241650,
1840,浙江安防职业技术学院,2025,河北,高职专科,物理类,,,428,229804,
185,长春师范高等专科学校,2025,河北,高职专科,物理类,,,215,264546,
1852,浙江工商职业技术学院,2025,河北,高职专科,物理类,,,455,209841,
1856,浙江机电职业技术大学,2025,河北,高职专科,物理类,,,482,152124,
1857,浙江建设职业技术学院,2025,河北,高职专科,物理类,,,441,203868,
186,长春医学高等专科学校,2025,河北,高职专科,物理类,,,473,170629,
1860,浙江金融职业学院,2025,河北,高职专科,物理类,,,485,162246,
1861,浙江经济职业技术学院,2025,河北,高职专科,物理类,,,446,183545,
1862,浙江经贸职业技术学院,2025,河北,高职专科,物理类,,,467,160507,
1865,浙江旅游职业学院,2025,河北,高职专科,物理类,,,440,236491,
1867,浙江商业职业技术学院,2025,河北,高职专科,物理类,,,430,188387,
187,长春职业技术大学,2025,河北,高职专科,物理类,,,419,191536,
1876,郑州财税金融职业学院,2025,河北,高职专科,物理类,,,443,239067,
1878,郑州电力高等专科学校,2025,河北,高职专科,物理类,,,466,191536,
1885,郑州幼儿师范高等专科学校,2025,河北,高职专科,物理类,,,411,281438,
1886,郑州职业技术学院,2025,河北,高职专科,物理类,,,420,247903,
19,安徽国际商务职业学院,2025,河北,高职专科,物理类,,,403,242920,
191,长江工程职业技术学院,2025,河北,高职专科,物理类,,,396,240357,
1910,中国民用航空飞行学院,2025,河北,高职专科,物理类,,,495,169008,
193,长江职业学院,2025,河北,高职专科,物理类,,,441,224230,
194,长沙航空职业技术学院,2025,河北,高职专科,物理类,,,474,152124,
196,长沙环境保护职业技术学院,2025,河北,高职专科,物理类,,,403,279445,
1960,周口职业技术学院,2025,河北,高职专科,物理类,,,416,239067,
1961,珠海城市职业技术学院,2025,河北,高职专科,物理类,,,422,232534,
1962,驻马店职业技术学院,2025,河北,高职专科,物理类,,,376,275349,
1963,淄博师范高等专科学校,2025,河北,高职专科,物理类,,,443,245391,
1966,遵义医药高等专科学校,2025,河北,高职专科,物理类,,,440,214306,
1967,遵义职业技术学院,2025,河北,高职专科,物理类,,,362,291853,
1973,北京中医药大学东方学院,2025,河北,高职专科,物理类,,,405,287262,
1976,长江大学文理学院,2025,河北,高职专科,物理类,,,396,294532,
198,长沙民政职业技术学院,2025,河北,高职专科,物理类,,,456,157169,
199,长沙商贸旅游职业技术学院,2025,河北,高职专科,物理类,,,448,239067,
2,阿克苏职业技术学院,2025,河北,高职专科,物理类,,,305,300429,
2000,湖北工程学院新技术学院,2025,河北,高职专科,物理类,,,369,276393,
2003,湖北师范大学文理学院,2025,河北,高职专科,物理类,,,368,277415,
2007,华北理工大学轻工学院,2025,河北,高职专科,物理类,,,327,292792,
202,长沙职业技术学院,2025,河北,高职专科,物理类,,,465,183545,
2037,青岛农业大学海都学院,2025,河北,高职专科,物理类,,,286,283376,
2038,三峡大学科技学院,2025,河北,高职专科,物理类,,,402,262216,
205,长治职业技术学院,2025,河北,高职专科,物理类,,,382,257615,
2055,武汉纺织大学外经贸学院,2025,河北,高职专科,物理类,,,348,256401,
206,常德职业技术学院,2025,河北,高职专科,物理类,,,421,246657,
2077,安徽矿业职业技术学院,2025,河北,高职专科,物理类,,,364,301252,
2078,安徽绿海商务职业学院,2025,河北,高职专科,物理类,,,210,307275,
2082,巴中职业技术学院,2025,河北,高职专科,物理类,,,207,285293,
2083,白银希望职业技术学院,2025,河北,高职专科,物理类,,,208,321080,
2085,蚌埠经济技术职业学院,2025,河北,高职专科,物理类,,,263,354663,
2086,宝鸡三和职业学院,2025,河北,高职专科,物理类,,,222,315565,
2087,宝鸡中北职业学院,2025,河北,高职专科,物理类,,,215,341275,
2088,保定理工学院,2025,河北,高职专科,物理类,,,278,300429,
2089,北海康养职业学院,2025,河北,高职专科,物理类,,,244,318152,
209,常州工业职业技术学院,2025,河北,高职专科,物理类,,,445,240357,
2091,北京北大方正软件职业技术学院,2025,河北,高职专科,物理类,,,211,336795,
2093,北京汇佳职业学院,2025,河北,高职专科,物理类,,,247,292792,
2095,北京经济技术职业学院,2025,河北,高职专科,物理类,,,265,306526,
2096,北京经贸职业学院,2025,河北,高职专科,物理类,,,333,309445,
2097,北京科技经营管理学院,2025,河北,高职专科,物理类,,,305,314276,
2098,北京科技职业学院,2025,河北,高职专科,物理类,,,343,258796,
2099,北京培黎职业学院,2025,河北,高职专科,物理类,,,234,295438,
210,常州信息职业技术学院,2025,河北,高职专科,物理类,,,489,167370,
2100,北京网络职业学院,2025,河北,高职专科,物理类,,,344,264546,
2101,北京艺术传媒职业学院,2025,河北,高职专科,物理类,,,208,350127,
2102,滨州科技职业学院,2025,河北,高职专科,物理类,,,215,314276,
2103,渤海理工职业学院,2025,河北,高职专科,物理类,,,204,302031,
2104,沧州航空职业学院,2025,河北,高职专科,物理类,,,201,344185,
2106,曹妃甸职业技术学院,2025,河北,高职专科,物理类,,,201,314942,
2109,长春东方职业学院,2025,河北,高职专科,物理类,,,212,319901,
2112,长春健康职业学院,2025,河北,高职专科,物理类,,,203,331988,
2113,长春科技学院,2025,河北,高职专科,物理类,,,221,308000,
2116,长春数字科技职业学院,2025,河北,高职专科,物理类,,,217,336365,
2117,长春信息技术职业学院,2025,河北,高职专科,物理类,,,209,331050,
2118,长春早期教育职业学院,2025,河北,高职专科,物理类,,,234,348625,
2119,长江艺术工程职业学院,2025,河北,高职专科,物理类,,,218,310867,
212,朝阳师范学院,2025,河北,高职专科,物理类,,,406,231162,
2120,长沙轨道交通职业学院,2025,河北,高职专科,物理类,,,205,298777,
2121,长沙科技职业学院,2025,河北,高职专科,物理类,,,210,347080,
2122,长沙南方职业学院,2025,河北,高职专科,物理类,,,369,315565,
2123,长沙文创艺术职业学院,2025,河北,高职专科,物理类,,,313,342278,
2125,长沙医药健康职业学院,2025,河北,高职专科,物理类,,,295,325037,
2126,长垣烹饪职业技术学院,2025,河北,高职专科,物理类,,,322,315565,
2128,郴州思科职业学院,2025,河北,高职专科,物理类,,,228,342935,
2129,郴州智能科技职业学院,2025,河北,高职专科,物理类,,,229,353534,
2134,成都文理学院,2025,河北,高职专科,物理类,,,218,312305,
2135,成都艺术职业大学,2025,河北,高职专科,物理类,,,217,354991,
2137,重庆安防职业学院,2025,河北,高职专科,物理类,,,206,345410,
214,成都纺织高等专科学校,2025,河北,高职专科,物理类,,,442,175569,
2140,重庆传媒职业学院,2025,河北,高职专科,物理类,,,274,294532,
2141,重庆电信职业学院,2025,河北,高职专科,物理类,,,211,318152,
2142,重庆电讯职业学院,2025,河北,高职专科,物理类,,,225,319901,
2144,重庆公共运输职业学院,2025,河北,高职专科,物理类,,,221,291853,
2145,重庆海联职业技术学院,2025,河北,高职专科,物理类,,,216,330559,
2148,重庆建筑科技职业学院,2025,河北,高职专科,物理类,,,224,290945,
2149,重庆健康职业学院,2025,河北,高职专科,物理类,,,200,337613,
215,成都工贸职业技术学院,2025,河北,高职专科,物理类,,,449,237730,
2150,重庆交通职业学院,2025,河北,高职专科,物理类,,,402,290057,
2152,重庆经贸职业学院,2025,河北,高职专科,物理类,,,236,326104,
2153,重庆科创职业学院,2025,河北,高职专科,物理类,,,361,271169,
2154,重庆科技职业学院,2025,河北,高职专科,物理类,,,216,304983,
2155,重庆理工职业学院,2025,河北,高职专科,物理类,,,255,337613,
2156,重庆能源职业学院,2025,河北,高职专科,物理类,,,211,318756,
2157,重庆轻工职业学院,2025,河北,高职专科,物理类,,,204,307275,
2160,重庆数字产业职业技术学院,2025,河北,高职专科,物理类,,,204,351263,
2162,重庆现代制造职业学院,2025,河北,高职专科,物理类,,,257,321658,
2163,重庆信息技术职业学院,2025,河北,高职专科,物理类,,,268,298777,
2165,重庆艺术工程职业学院,2025,河北,高职专科,物理类,,,216,312978,
2166,重庆应用技术职业学院,2025,河北,高职专科,物理类,,,226,327623,
2167,重庆智能工程职业学院,2025,河北,高职专科,物理类,,,206,329605,
2168,重庆资源与环境保护职业学院,2025,河北,高职专科,物理类,,,200,309445,
217,成都航空职业技术大学,2025,河北,高职专科,物理类,,,450,173920,
2170,大连东软信息学院,2025,河北,高职专科,物理类,,,251,291853,
2171,大连枫叶职业技术学院,2025,河北,高职专科,物理类,,,219,324467,
2172,大连航运职业技术学院,2025,河北,高职专科,物理类,,,351,294532,
2174,大连汽车职业技术学院,2025,河北,高职专科,物理类,,,242,298777,
2175,大连艺术学院,2025,河北,高职专科,物理类,,,212,334702,
2176,大连装备制造职业技术学院,2025,河北,高职专科,物理类,,,394,259929,
2177,德阳城市轨道交通职业学院,2025,河北,高职专科,物理类,,,229,326104,
2178,德阳科贸职业学院,2025,河北,高职专科,物理类,,,240,338382,
2179,德阳农业科技职业学院,2025,河北,高职专科,物理类,,,202,334702,
2180,德州工程职业学院,2025,河北,高职专科,物理类,,,278,302738,
2181,德州科技职业学院,2025,河北,高职专科,物理类,,,322,298777,
2186,阜阳科技职业学院,2025,河北,高职专科,物理类,,,363,304983,
2188,赣西科技职业学院,2025,河北,高职专科,物理类,,,215,310139,
2189,共青科技职业学院,2025,河北,高职专科,物理类,,,286,313639,
2191,广东碧桂园职业学院,2025,河北,高职专科,物理类,,,205,361210,
2192,广东创新科技职业学院,2025,河北,高职专科,物理类,,,203,340256,
2195,广东酒店管理职业技术学院,2025,河北,高职专科,物理类,,,235,355194,
2197,广东岭南职业技术学院,2025,河北,高职专科,物理类,,,237,327623,
2198,广东南方职业学院,2025,河北,高职专科,物理类,,,215,334261,
2199,广东文理职业学院,2025,河北,高职专科,物理类,,,203,265644,
22,安徽交通职业技术学院,2025,河北,高职专科,物理类,,,431,250364,
2200,广东亚视演艺职业学院,2025,河北,高职专科,物理类,,,236,335946,
2201,广东肇庆航空职业学院,2025,河北,高职专科,物理类,,,244,331539,
2203,广西经济职业学院,2025,河北,高职专科,物理类,,,204,314942,
2205,广西理工职业技术学院,2025,河北,高职专科,物理类,,,211,330559,
2207,广西演艺职业学院,2025,河北,高职专科,物理类,,,207,350365,
2209,广元中核职业技术学院,2025,河北,高职专科,物理类,,,439,245391,
2210,广州城建职业学院,2025,河北,高职专科,物理类,,,339,303438,
2213,广州华立科技职业学院,2025,河北,高职专科,物理类,,,200,284335,
2216,广州华商职业学院,2025,河北,高职专科,物理类,,,231,342604,
2217,广州华夏职业学院,2025,河北,高职专科,物理类,,,256,342604,
2219,广州南洋理工职业学院,2025,河北,高职专科,物理类,,,257,282414,
2222,广州涉外经济职业技术学院,2025,河北,高职专科,物理类,,,207,351033,
2224,广州珠江职业技术学院,2025,河北,高职专科,物理类,,,279,337613,
2225,硅湖职业技术学院,2025,河北,高职专科,物理类,,,202,276393,
2227,贵州城市职业学院,2025,河北,高职专科,物理类,,,221,342278,
2228,贵州工程职业学院,2025,河北,高职专科,物理类,,,262,316929,
2229,贵州工贸职业学院,2025,河北,高职专科,物理类,,,221,330092,
2230,贵州工商职业学院,2025,河北,高职专科,物理类,,,206,329119,
2231,贵州民用航空职业学院,2025,河北,高职专科,物理类,,,215,315565,
2234,贵州盛华职业学院,2025,河北,高职专科,物理类,,,240,329605,
2235,贵州铜仁数据职业学院,2025,河北,高职专科,物理类,,,200,328606,
2236,贵州应用技术职业学院,2025,河北,高职专科,物理类,,,229,329119,
2237,桂林山水职业学院,2025,河北,高职专科,物理类,,,222,357947,
2238,桂林生命与健康职业技术学院,2025,河北,高职专科,物理类,,,223,329605,
2239,桂林信息工程职业学院,2025,河北,高职专科,物理类,,,265,338382,
2242,哈尔滨北方航空职业技术学院,2025,河北,高职专科,物理类,,,203,330559,
2243,哈尔滨城市职业学院,2025,河北,高职专科,物理类,,,221,360112,
2244,哈尔滨传媒职业学院,2025,河北,高职专科,物理类,,,227,332915,
225,承德护理职业学院,2025,河北,高职专科,物理类,,,386,217182,
2250,哈尔滨应用职业技术学院,2025,河北,高职专科,物理类,,,215,325559,
2252,海口经济学院,2025,河北,高职专科,物理类,,,201,305728,
2254,海南东方新丝路职业学院,2025,河北,高职专科,物理类,,,200,313639,
2255,海南工商职业学院,2025,河北,高职专科,物理类,,,218,312978,
2256,海南健康管理职业技术学院,2025,河北,高职专科,物理类,,,231,349167,
2257,海南科技职业大学,2025,河北,高职专科,物理类,,,218,322236,
2258,邯郸应用技术职业学院,2025,河北,高职专科,物理类,,,201,356614,
2259,汉口学院,2025,河北,高职专科,物理类,,,289,287262,
2261,合肥共达职业技术学院,2025,河北,高职专科,物理类,,,360,293648,
2262,合肥科技职业学院,2025,河北,高职专科,物理类,,,263,304983,
2263,和君职业学院,2025,河北,高职专科,物理类,,,212,340256,
2267,河北科技学院,2025,河北,高职专科,物理类,,,200,316253,
2268,河北美术学院,2025,河北,高职专科,物理类,,,214,356143,
2269,河北外国语学院,2025,河北,高职专科,物理类,,,203,295438,
2271,鹤壁汽车工程职业学院,2025,河北,高职专科,物理类,,,215,327623,
2275,黑龙江三江美术职业学院,2025,河北,高职专科,物理类,,,206,353534,
2277,衡阳科技职业学院,2025,河北,高职专科,物理类,,,214,360112,
2278,衡阳理工职业学院,2025,河北,高职专科,物理类,,,211,316929,
2279,湖北恩施学院,2025,河北,高职专科,物理类,,,268,279445,
228,承德应用技术职业学院,2025,河北,高职专科,物理类,,,362,240357,
2280,湖北健康职业学院,2025,河北,高职专科,物理类,,,288,319329,
2281,湖北三峡航空学院,2025,河北,高职专科,物理类,,,225,310867,
2282,湖北商贸学院,2025,河北,高职专科,物理类,,,328,302031,
2283,湖北孝感美珈职业学院,2025,河北,高职专科,物理类,,,213,328093,
2284,湖南电子科技职业学院,2025,河北,高职专科,物理类,,,243,315565,
2285,湖南都市职业学院,2025,河北,高职专科,物理类,,,370,314942,
2286,湖南高尔夫旅游职业学院,2025,河北,高职专科,物理类,,,224,316253,
2287,湖南工商职业学院,2025,河北,高职专科,物理类,,,276,349673,
2288,湖南吉利汽车职业技术学院,2025,河北,高职专科,物理类,,,313,297095,
2289,湖南交通工程学院,2025,河北,高职专科,物理类,,,232,335946,
2290,湖南软件职业技术大学,2025,河北,高职专科,物理类,,,203,320481,
2291,湖南三一工业职业技术学院,2025,河北,高职专科,物理类,,,279,286270,
2293,湖南外国语职业学院,2025,河北,高职专科,物理类,,,224,314942,
2295,黄冈科技职业学院,2025,河北,高职专科,物理类,,,263,323896,
2297,黄山健康职业学院,2025,河北,高职专科,物理类,,,233,331988,
2299,吉林城市职业技术学院,2025,河北,高职专科,物理类,,,243,329605,
230,赤峰工业职业技术学院,2025,河北,高职专科,物理类,,,352,273302,
2302,吉林科技职业技术学院,2025,河北,高职专科,物理类,,,215,328606,
2304,吉林职业技术学院,2025,河北,高职专科,物理类,,,204,324467,
2305,建东职业技术学院,2025,河北,高职专科,物理类,,,239,341275,
2306,江海职业技术学院,2025,河北,高职专科,物理类,,,200,338000,
2307,江南影视艺术职业学院,2025,河北,高职专科,物理类,,,201,361425,
2308,江西枫林涉外经贸职业学院,2025,河北,高职专科,物理类,,,218,319329,
2311,江西工商职业技术学院,2025,河北,高职专科,物理类,,,216,290945,
2312,江西航空职业技术学院,2025,河北,高职专科,物理类,,,360,211317,
2314,江西洪州职业学院,2025,河北,高职专科,物理类,,,220,304225,
2315,江西科技学院,2025,河北,高职专科,物理类,,,307,290057,
2316,江西科技职业学院,2025,河北,高职专科,物理类,,,241,304225,
2317,江西软件职业技术大学,2025,河北,高职专科,物理类,,,212,285293,
2318,江西泰豪动漫职业学院,2025,河北,高职专科,物理类,,,235,341596,
2319,江西新能源科技职业学院,2025,河北,高职专科,物理类,,,279,309445,
2320,江西应用科技学院,2025,河北,高职专科,物理类,,,264,341933,
2321,江西樟树中医药职业学院,2025,河北,高职专科,物理类,,,272,305728,
2322,江阳城建职业学院,2025,河北,高职专科,物理类,,,200,352957,
2323,金肯职业技术学院,2025,河北,高职专科,物理类,,,211,353168,
2324,金山职业技术学院,2025,河北,高职专科,物理类,,,205,330092,
2326,荆州学院,2025,河北,高职专科,物理类,,,262,306526,
2327,景德镇陶瓷职业技术学院,2025,河北,高职专科,物理类,,,201,339885,
2328,景德镇艺术职业大学,2025,河北,高职专科,物理类,,,310,325037,
2329,九州职业技术学院,2025,河北,高职专科,物理类,,,238,348373,
233,赤峰应用技术职业学院,2025,河北,高职专科,物理类,,,324,246657,
2330,昆明城市学院,2025,河北,高职专科,物理类,,,205,351263,
2331,昆明传媒学院,2025,河北,高职专科,物理类,,,250,356767,
2332,昆明卫生职业学院,2025,河北,高职专科,物理类,,,444,244173,
2335,昆山登云科技职业学院,2025,河北,高职专科,物理类,,,259,352332,
2338,兰州科技职业学院,2025,河北,高职专科,物理类,,,210,323896,
2339,兰州外语职业学院,2025,河北,高职专科,物理类,,,217,339885,
234,重庆财经职业学院,2025,河北,高职专科,物理类,,,436,206836,
2341,丽江文化旅游学院,2025,河北,高职专科,物理类,,,205,345106,
2342,辽宁传媒学院,2025,河北,高职专科,物理类,,,205,344820,
2344,辽宁广告职业学院,2025,河北,高职专科,物理类,,,230,334261,
2347,辽宁理工职业大学,2025,河北,高职专科,物理类,,,200,349167,
2348,林州建筑职业技术学院,2025,河北,高职专科,物理类,,,212,325037,
235,重庆城市管理职业学院,2025,河北,高职专科,物理类,,,399,196199,
2350,泸州医疗器械职业学院,2025,河北,高职专科,物理类,,,334,312305,
2351,洛阳科技职业学院,2025,河北,高职专科,物理类,,,230,322812,
2352,漯河食品工程职业大学,2025,河北,高职专科,物理类,,,263,351685,
2354,眉山药科职业学院,2025,河北,高职专科,物理类,,,265,332447,
2355,梅河口康美职业技术学院,2025,河北,高职专科,物理类,,,238,308000,
2357,绵阳飞行职业学院,2025,河北,高职专科,物理类,,,208,332915,
2358,民办合肥滨湖职业技术学院,2025,河北,高职专科,物理类,,,260,314942,
2359,民办合肥财经职业学院,2025,河北,高职专科,物理类,,,339,308000,
236,重庆城市职业学院,2025,河北,高职专科,物理类,,,393,239067,
2360,民办合肥经济技术职业学院,2025,河北,高职专科,物理类,,,308,276393,
2361,民办四川天一学院,2025,河北,高职专科,物理类,,,209,339518,
2362,民办万博科技职业学院,2025,河北,高职专科,物理类,,,255,331050,
2363,明达职业技术学院,2025,河北,高职专科,物理类,,,201,342935,
2364,南昌工学院,2025,河北,高职专科,物理类,,,239,293648,
2366,南昌理工学院,2025,河北,高职专科,物理类,,,217,285293,
2367,南昌应用技术师范学院,2025,河北,高职专科,物理类,,,340,301252,
2368,南昌影视传播职业学院,2025,河北,高职专科,物理类,,,289,349167,
2369,南昌职业大学,2025,河北,高职专科,物理类,,,289,328606,
2370,南充电影工业职业学院,2025,河北,高职专科,物理类,,,201,339885,
2371,南充科技职业学院,2025,河北,高职专科,物理类,,,200,340256,
2373,南京视觉艺术职业学院,2025,河北,高职专科,物理类,,,204,313639,
2377,南阳职业学院,2025,河北,高职专科,物理类,,,203,295438,
2378,内蒙古北方职业技术学院,2025,河北,高职专科,物理类,,,206,276393,
2379,内蒙古丰州职业学院,2025,河北,高职专科,物理类,,,269,312305,
2381,内蒙古科技职业学院,2025,河北,高职专科,物理类,,,324,328606,
2382,内蒙古美术职业学院,2025,河北,高职专科,物理类,,,282,334702,
2383,内蒙古能源职业学院,2025,河北,高职专科,物理类,,,360,305728,
2386,攀枝花攀西职业学院,2025,河北,高职专科,物理类,,,201,344185,
2387,齐鲁理工学院,2025,河北,高职专科,物理类,,,374,304983,
2388,齐鲁医药学院,2025,河北,高职专科,物理类,,,394,231162,
2390,齐齐哈尔理工职业学院,2025,河北,高职专科,物理类,,,200,361477,
2391,齐齐哈尔立德健康职业学院,2025,河北,高职专科,物理类,,,204,360204,
2396,青岛航空科技职业学院,2025,河北,高职专科,物理类,,,267,312305,
2397,青岛恒星科技学院,2025,河北,高职专科,物理类,,,210,333820,
2398,青岛黄海学院,2025,河北,高职专科,物理类,,,226,304983,
2399,青岛求实职业技术学院,2025,河北,高职专科,物理类,,,340,284335,
2400,曲阜远东职业技术学院,2025,河北,高职专科,物理类,,,205,325037,
2401,泉州纺织服装职业学院,2025,河北,高职专科,物理类,,,262,323896,
2402,泉州工程职业技术学院,2025,河北,高职专科,物理类,,,309,283376,
2403,泉州海洋职业学院,2025,河北,高职专科,物理类,,,216,251580,
2404,泉州华光职业学院,2025,河北,高职专科,物理类,,,250,337194,
2405,泉州轻工职业学院,2025,河北,高职专科,物理类,,,234,358846,
2408,日照航海工程职业学院,2025,河北,高职专科,物理类,,,289,289151,
2409,日照康养职业学院,2025,河北,高职专科,物理类,,,204,350791,
2411,三亚城市职业学院,2025,河北,高职专科,物理类,,,214,321658,
2412,三亚航空旅游职业学院,2025,河北,高职专科,物理类,,,200,331539,
2413,三亚护理职业学院,2025,河北,高职专科,物理类,,,240,250364,
2414,三亚理工职业学院,2025,河北,高职专科,物理类,,,254,303438,
2416,三亚中瑞酒店管理职业学院,2025,河北,高职专科,物理类,,,206,347872,
2417,山东工程职业技术大学,2025,河北,高职专科,物理类,,,202,334702,
2418,山东海事职业学院,2025,河北,高职专科,物理类,,,329,285293,
242,重庆电力高等专科学校,2025,河北,高职专科,物理类,,,462,167370,
2420,山东力明科技职业学院,2025,河北,高职专科,物理类,,,218,240357,
2421,山东圣翰财贸职业学院,2025,河北,高职专科,物理类,,,220,296285,
2422,山东外国语职业技术大学,2025,河北,高职专科,物理类,,,354,304225,
2423,山东外事职业大学,2025,河北,高职专科,物理类,,,200,319901,
2424,山东文化产业职业学院,2025,河北,高职专科,物理类,,,200,328093,
2425,山东现代学院,2025,河北,高职专科,物理类,,,365,263340,
2427,山东艺术设计职业学院,2025,河北,高职专科,物理类,,,220,341933,
2428,山东英才学院,2025,河北,高职专科,物理类,,,214,329119,
243,重庆电子科技职业大学,2025,河北,高职专科,物理类,,,455,217182,
2431,山西老区职业技术学院,2025,河北,高职专科,物理类,,,431,259929,
2432,山西同文职业技术学院,2025,河北,高职专科,物理类,,,312,290057,
2433,山西信息职业技术学院,2025,河北,高职专科,物理类,,,219,352542,
2435,陕西电子信息职业技术学院,2025,河北,高职专科,物理类,,,313,279445,
2437,陕西国际商贸学院,2025,河北,高职专科,物理类,,,251,301252,
2438,陕西旅游烹饪职业学院,2025,河北,高职专科,物理类,,,233,304983,
244,重庆工程职业技术学院,2025,河北,高职专科,物理类,,,408,188387,
2441,上海邦德职业技术学院,2025,河北,高职专科,物理类,,,222,333371,
2442,上海电影艺术职业学院,2025,河北,高职专科,物理类,,,215,318152,
2443,上海东海职业技术学院,2025,河北,高职专科,物理类,,,239,300429,
2444,上海工商外国语职业学院,2025,河北,高职专科,物理类,,,268,319901,
2445,上海工商职业技术学院,2025,河北,高职专科,物理类,,,202,335108,
2446,上海济光职业技术学院,2025,河北,高职专科,物理类,,,252,310139,
2448,上海立达学院,2025,河北,高职专科,物理类,,,386,303438,
2449,上海民远职业技术学院,2025,河北,高职专科,物理类,,,211,352542,
2452,上海思博职业技术学院,2025,河北,高职专科,物理类,,,284,327130,
2453,上海震旦职业学院,2025,河北,高职专科,物理类,,,200,325559,
2454,上海中侨职业技术大学,2025,河北,高职专科,物理类,,,298,345106,
2456,沈阳北软信息职业技术学院,2025,河北,高职专科,物理类,,,363,305728,
2457,沈阳城市建设学院,2025,河北,高职专科,物理类,,,317,297095,
2459,沈阳工学院,2025,河北,高职专科,物理类,,,391,272245,
246,重庆工商职业学院,2025,河北,高职专科,物理类,,,411,208299,
2461,石家庄财经职业学院,2025,河北,高职专科,物理类,,,200,295438,
2462,石家庄城市经济职业学院,2025,河北,高职专科,物理类,,,208,294532,
2463,石家庄工程职业学院,2025,河北,高职专科,物理类,,,200,297943,
2464,石家庄工商职业学院,2025,河北,高职专科,物理类,,,321,288231,
2465,石家庄金融职业学院,2025,河北,高职专科,物理类,,,200,358962,
2466,石家庄经济职业学院,2025,河北,高职专科,物理类,,,205,310139,
2467,石家庄科技信息职业学院,2025,河北,高职专科,物理类,,,210,277415,
2468,石家庄科技职业学院,2025,河北,高职专科,物理类,,,203,299558,
2469,石家庄理工职业学院,2025,河北,高职专科,物理类,,,200,281438,
247,重庆工信职业学院,2025,河北,高职专科,物理类,,,431,232534,
2470,石家庄农林职业学院,2025,河北,高职专科,物理类,,,200,327130,
2471,石家庄人民医学高等专科学校,2025,河北,高职专科,物理类,,,250,263340,
2472,石家庄医学高等专科学校,2025,河北,高职专科,物理类,,,202,267857,
2473,四川长江职业学院,2025,河北,高职专科,物理类,,,211,320481,
2474,四川城市职业学院,2025,河北,高职专科,物理类,,,231,337613,
2475,四川传媒学院,2025,河北,高职专科,物理类,,,382,306526,
2476,四川电影电视学院,2025,河北,高职专科,物理类,,,227,293648,
2477,四川电子机械职业技术学院,2025,河北,高职专科,物理类,,,231,326104,
2478,四川工商学院,2025,河北,高职专科,物理类,,,342,322236,
2479,四川工业科技学院,2025,河北,高职专科,物理类,,,419,265644,
248,重庆工业职业技术大学,2025,河北,高职专科,物理类,,,436,193088,
2480,四川国际标榜职业学院,2025,河北,高职专科,物理类,,,239,339518,
2481,四川华新现代职业学院,2025,河北,高职专科,物理类,,,217,328606,
2482,四川科技职业学院,2025,河北,高职专科,物理类,,,218,328606,
2483,四川汽车职业技术学院,2025,河北,高职专科,物理类,,,202,333371,
2484,四川托普信息技术职业学院,2025,河北,高职专科,物理类,,,237,335532,
2485,四川文化传媒职业学院,2025,河北,高职专科,物理类,,,223,325559,
2486,四川文化艺术学院,2025,河北,高职专科,物理类,,,304,326104,
2487,四川文轩职业学院,2025,河北,高职专科,物理类,,,202,316253,
2488,四川西南航空职业学院,2025,河北,高职专科,物理类,,,200,322812,
2489,四川希望汽车职业学院,2025,河北,高职专科,物理类,,,236,340256,
249,重庆航天职业技术学院,2025,河北,高职专科,物理类,,,468,211317,
2490,四川现代职业学院,2025,河北,高职专科,物理类,,,299,302031,
2491,四川应用技术职业学院,2025,河北,高职专科,物理类,,,208,335532,
2492,苏州高博职业学院,2025,河北,高职专科,物理类,,,232,342604,
2493,宿迁泽达职业技术学院,2025,河北,高职专科,物理类,,,281,342935,
2494,宿迁职业技术学院,2025,河北,高职专科,物理类,,,233,341275,
2495,宿州航空职业学院,2025,河北,高职专科,物理类,,,234,324467,
2496,遂宁工程职业学院,2025,河北,高职专科,物理类,,,238,339518,
2497,遂宁职业学院,2025,河北,高职专科,物理类,,,240,343230,
2498,太湖创意职业技术学院,2025,河北,高职专科,物理类,,,410,282414,
2499,泰山科技学院,2025,河北,高职专科,物理类,,,208,342604,
2500,唐山海运职业学院,2025,河北,高职专科,物理类,,,201,330092,
2501,天府新区航空旅游职业学院,2025,河北,高职专科,物理类,,,205,349673,
2502,天府新区通用航空职业学院,2025,河北,高职专科,物理类,,,202,331988,
2503,天府新区信息职业学院,2025,河北,高职专科,物理类,,,212,339518,
2504,天津滨海汽车工程职业学院,2025,河北,高职专科,物理类,,,203,314276,
2507,天津天狮学院,2025,河北,高职专科,物理类,,,201,349167,
2509,潍坊工商职业学院,2025,河北,高职专科,物理类,,,215,267857,
251,重庆化工职业学院,2025,河北,高职专科,物理类,,,435,245391,
2510,潍坊环境工程职业学院,2025,河北,高职专科,物理类,,,221,289151,
2513,潍坊理工学院,2025,河北,高职专科,物理类,,,325,304225,
2514,潍坊食品科技职业学院,2025,河北,高职专科,物理类,,,219,323896,
2515,温州商学院,2025,河北,高职专科,物理类,,,324,323896,
2516,文华学院,2025,河北,高职专科,物理类,,,276,280425,
2517,无锡南洋职业技术学院,2025,河北,高职专科,物理类,,,233,351263,
2519,梧州医学高等专科学校,2025,河北,高职专科,物理类,,,308,295438,
2521,武昌理工学院,2025,河北,高职专科,物理类,,,315,281438,
2522,武昌首义学院,2025,河北,高职专科,物理类,,,314,280425,
2523,武昌职业学院,2025,河北,高职专科,物理类,,,261,304983,
2526,武汉传媒学院,2025,河北,高职专科,物理类,,,328,316929,
2527,武汉东湖学院,2025,河北,高职专科,物理类,,,304,299558,
2528,武汉工程科技学院,2025,河北,高职专科,物理类,,,298,297943,
2529,武汉工商学院,2025,河北,高职专科,物理类,,,381,290057,
2530,武汉光谷职业学院,2025,河北,高职专科,物理类,,,334,282414,
2533,武汉商贸职业学院,2025,河北,高职专科,物理类,,,304,281438,
2534,武汉设计工程学院,2025,河北,高职专科,物理类,,,323,299558,
2535,武汉生物工程学院,2025,河北,高职专科,物理类,,,329,262216,
2536,武汉外语外事职业学院,2025,河北,高职专科,物理类,,,343,281438,
2537,武汉文理学院,2025,河北,高职专科,物理类,,,304,281438,
2538,武汉信息传播职业技术学院,2025,河北,高职专科,物理类,,,338,295438,
2540,武夷山职业学院,2025,河北,高职专科,物理类,,,241,341596,
2541,西安城市建设职业学院,2025,河北,高职专科,物理类,,,205,318756,
2542,西安翻译学院,2025,河北,高职专科,物理类,,,280,274318,
2543,西安高新科技职业学院,2025,河北,高职专科,物理类,,,331,276393,
2544,西安工商学院,2025,河北,高职专科,物理类,,,313,304983,
2545,西安海棠职业学院,2025,河北,高职专科,物理类,,,308,282414,
2546,西安交通工程学院,2025,河北,高职专科,物理类,,,378,272245,
2547,西安明德理工学院,2025,河北,高职专科,物理类,,,383,284335,
2548,西安欧亚学院,2025,河北,高职专科,物理类,,,270,284335,
255,重庆青年职业技术学院,2025,河北,高职专科,物理类,,,431,240357,
2550,西安汽车职业大学,2025,河北,高职专科,物理类,,,239,298777,
2551,西安思源学院,2025,河北,高职专科,物理类,,,203,285293,
2552,西安外事学院,2025,河北,高职专科,物理类,,,260,294532,
2553,西安信息职业大学,2025,河北,高职专科,物理类,,,223,294532,
2554,西安医学高等专科学校,2025,河北,高职专科,物理类,,,424,232534,
2556,厦门安防科技职业学院,2025,河北,高职专科,物理类,,,255,303438,
2557,厦门东海职业技术学院,2025,河北,高职专科,物理类,,,219,341275,
2559,厦门华天涉外职业技术学院,2025,河北,高职专科,物理类,,,254,355686,
2561,厦门南洋职业学院,2025,河北,高职专科,物理类,,,315,304983,
2562,厦门软件职业技术学院,2025,河北,高职专科,物理类,,,345,329119,
2563,厦门兴才职业技术学院,2025,河北,高职专科,物理类,,,201,338000,
2564,厦门演艺职业学院,2025,河北,高职专科,物理类,,,213,360751,
2566,潇湘职业学院,2025,河北,高职专科,物理类,,,347,328093,
2567,新疆科技职业技术学院,2025,河北,高职专科,物理类,,,206,347872,
2568,新疆科信职业技术学院,2025,河北,高职专科,物理类,,,216,351909,
2569,新疆能源职业技术学院,2025,河北,高职专科,物理类,,,215,308000,
257,重庆三峡医药高等专科学校,2025,河北,高职专科,物理类,,,460,175569,
2570,新疆天山职业技术大学,2025,河北,高职专科,物理类,,,307,314276,
2571,新疆现代职业技术学院,2025,河北,高职专科,物理类,,,222,320481,
2572,信阳航空职业学院,2025,河北,高职专科,物理类,,,235,344487,
2573,信阳涉外职业技术学院,2025,河北,高职专科,物理类,,,230,333371,
2575,邢台新能源职业学院,2025,河北,高职专科,物理类,,,202,303438,
2576,邢台应用技术职业学院,2025,河北,高职专科,物理类,,,200,340616,
2577,烟台城市科技职业学院,2025,河北,高职专科,物理类,,,237,288231,
2578,烟台黄金职业学院,2025,河北,高职专科,物理类,,,207,308740,
2579,烟台科技学院,2025,河北,高职专科,物理类,,,364,313639,
258,重庆商务职业学院,2025,河北,高职专科,物理类,,,421,218647,
2581,烟台南山学院,2025,河北,高职专科,物理类,,,254,285293,
2582,炎黄职业技术学院,2025,河北,高职专科,物理类,,,279,350127,
2583,燕京理工学院,2025,河北,高职专科,物理类,,,202,329119,
2584,扬州中瑞酒店职业学院,2025,河北,高职专科,物理类,,,205,338756,
2587,银川科技学院,2025,河北,高职专科,物理类,,,259,314942,
2589,榆林能源科技职业学院,2025,河北,高职专科,物理类,,,227,310139,
2591,岳阳现代服务职业学院,2025,河北,高职专科,物理类,,,295,347580,
2593,云南城市建设职业学院,2025,河北,高职专科,物理类,,,203,323896,
2594,云南工程职业学院,2025,河北,高职专科,物理类,,,305,331050,
2595,云南工商学院,2025,河北,高职专科,物理类,,,226,337194,
2596,云南经济管理学院,2025,河北,高职专科,物理类,,,256,278461,
2597,云南经贸外事职业学院,2025,河北,高职专科,物理类,,,228,352130,
2598,云南科技信息职业学院,2025,河北,高职专科,物理类,,,275,314942,
2599,云南理工职业学院,2025,河北,高职专科,物理类,,,200,331050,
260,重庆水利电力职业技术学院,2025,河北,高职专科,物理类,,,454,209841,
2600,云南三鑫职业技术学院,2025,河北,高职专科,物理类,,,221,315565,
2601,云南商务职业学院,2025,河北,高职专科,物理类,,,201,344820,
2602,云南外事外语职业学院,2025,河北,高职专科,物理类,,,242,341275,
2603,云南新兴职业学院,2025,河北,高职专科,物理类,,,245,329119,
2604,云南医药健康职业学院,2025,河北,高职专科,物理类,,,225,282414,
2607,张家界学院,2025,河北,高职专科,物理类,,,240,326104,
2608,漳州科技职业学院,2025,河北,高职专科,物理类,,,205,327130,
2609,漳州理工职业学院,2025,河北,高职专科,物理类,,,249,297095,
2614,郑州城市职业学院,2025,河北,高职专科,物理类,,,237,316253,
2616,郑州工业应用技术学院,2025,河北,高职专科,物理类,,,351,326104,
2618,郑州科技学院,2025,河北,高职专科,物理类,,,350,302031,
2620,郑州商贸旅游职业学院,2025,河北,高职专科,物理类,,,345,329119,
2623,郑州食品工程职业学院,2025,河北,高职专科,物理类,,,217,313639,
2625,郑州信息工程职业学院,2025,河北,高职专科,物理类,,,288,326104,
2626,郑州医药健康职业学院,2025,河北,高职专科,物理类,,,339,291853,
2628,株洲科技职业学院,2025,河北,高职专科,物理类,,,217,328606,
263,重庆五一职业技术学院,2025,河北,高职专科,物理类,,,421,244173,
2630,珠海艺术职业学院,2025,河北,高职专科,物理类,,,238,358345,
2631,资阳环境科技职业学院,2025,河北,高职专科,物理类,,,209,326104,
2632,资阳口腔职业学院,2025,河北,高职专科,物理类,,,251,356278,
2633,自贡职业技术学院,2025,河北,高职专科,物理类,,,202,348625,
265,重庆医药高等专科学校,2025,河北,高职专科,物理类,,,472,142016,
268,滁州城市职业学院,2025,河北,高职专科,物理类,,,411,265644,
27,安徽汽车职业技术学院,2025,河北,高职专科,物理类,,,400,239067,
270,滁州职业技术学院,2025,河北,高职专科,物理类,,,423,268973,
272,楚雄医药高等专科学校,2025,河北,高职专科,物理类,,,408,227077,
28,安徽商贸职业技术学院,2025,河北,高职专科,物理类,,,427,208299,
29,安徽审计职业学院,2025,河北,高职专科,物理类,,,426,235189,
293,大连职业技术学院,2025,河北,高职专科,物理类,,,432,202340,
295,大庆医学高等专科学校,2025,河北,高职专科,物理类,,,355,186805,
296,大庆职业学院,2025,河北,高职专科,物理类,,,384,221488,
297,大同师范高等专科学校,2025,河北,高职专科,物理类,,,408,244173,
298,大兴安岭职业学院,2025,河北,高职专科,物理类,,,338,267857,
299,德宏职业学院,2025,河北,高职专科,物理类,,,458,225599,
3,阿拉善职业技术学院,2025,河北,高职专科,物理类,,,260,298777,
301,德州职业技术学院,2025,河北,高职专科,物理类,,,374,268973,
307,定西职业技术学院,2025,河北,高职专科,物理类,,,375,272245,
31,安徽水利水电职业技术学院,2025,河北,高职专科,物理类,,,454,231162,
32,安徽卫生健康职业学院,2025,河北,高职专科,物理类,,,418,263340,
33,安徽新闻出版职业技术学院,2025,河北,高职专科,物理类,,,400,235189,
330,东莞职业技术学院,2025,河北,高职专科,物理类,,,325,227077,
331,东营科技职业学院,2025,河北,高职专科,物理类,,,386,231162,
332,东营职业学院,2025,河北,高职专科,物理类,,,451,235189,
335,鄂尔多斯生态环境职业学院,2025,河北,高职专科,物理类,,,303,264546,
337,鄂尔多斯职业学院,2025,河北,高职专科,物理类,,,304,268973,
338,鄂州职业大学,2025,河北,高职专科,物理类,,,388,251580,
339,恩施职业技术学院,2025,河北,高职专科,物理类,,,360,278461,
34,安徽冶金科技职业学院,2025,河北,高职专科,物理类,,,396,237730,
349,福建水利电力职业技术学院,2025,河北,高职专科,物理类,,,412,244173,
354,福州墨尔本理工职业学院,2025,河北,高职专科,物理类,,,270,318756,
355,抚顺职业技术学院,2025,河北,高职专科,物理类,,,389,251580,
356,抚州医药学院,2025,河北,高职专科,物理类,,,436,220074,
359,阜新高等专科学校,2025,河北,高职专科,物理类,,,372,245391,
361,阜阳职业技术学院,2025,河北,高职专科,物理类,,,398,258796,
367,甘肃财贸职业学院,2025,河北,高职专科,物理类,,,367,252764,
368,甘肃钢铁职业技术学院,2025,河北,高职专科,物理类,,,362,237730,
369,甘肃工业职业技术大学,2025,河北,高职专科,物理类,,,390,220074,
37,安徽邮电职业技术学院,2025,河北,高职专科,物理类,,,434,256401,
370,甘肃建筑职业技术学院,2025,河北,高职专科,物理类,,,347,294532,
371,甘肃交通职业技术学院,2025,河北,高职专科,物理类,,,410,231162,
372,甘肃林业职业技术大学,2025,河北,高职专科,物理类,,,366,239067,
375,甘肃农业职业技术学院,2025,河北,高职专科,物理类,,,392,288231,
376,甘肃畜牧工程职业技术学院,2025,河北,高职专科,物理类,,,260,266798,
378,甘肃有色冶金职业技术学院,2025,河北,高职专科,物理类,,,258,279445,
38,安徽职业技术大学,2025,河北,高职专科,物理类,,,433,181967,
384,赣南卫生健康职业学院,2025,河北,高职专科,物理类,,,413,279445,
386,赣州职业技术学院,2025,河北,高职专科,物理类,,,220,258796,
388,广东财贸职业学院,2025,河北,高职专科,物理类,,,397,264546,
39,安徽中澳科技职业学院,2025,河北,高职专科,物理类,,,387,247903,
390,广东工程职业技术学院,2025,河北,高职专科,物理类,,,423,268973,
391,广东工贸职业技术学院,2025,河北,高职专科,物理类,,,433,257615,
395,广东江门中医药职业学院,2025,河北,高职专科,物理类,,,379,233839,
396,广东交通职业技术学院,2025,河北,高职专科,物理类,,,442,246657,
398,广东科贸职业学院,2025,河北,高职专科,物理类,,,437,244173,
399,广东科学技术职业学院,2025,河北,高职专科,物理类,,,436,183545,
4,阿勒泰职业技术学院,2025,河北,高职专科,物理类,,,306,267857,
400,广东理工职业学院,2025,河北,高职专科,物理类,,,381,235189,
401,广东茂名健康职业学院,2025,河北,高职专科,物理类,,,378,288231,
402,广东南华工商职业学院,2025,河北,高职专科,物理类,,,253,268973,
403,广东农工商职业技术学院,2025,河北,高职专科,物理类,,,311,331988,
404,广东女子职业技术学院,2025,河北,高职专科,物理类,,,412,268973,
405,广东轻工职业技术大学,2025,河北,高职专科,物理类,,,456,191536,
406,广东生态工程职业学院,2025,河北,高职专科,物理类,,,389,224230,
407,广东省外语艺术职业学院,2025,河北,高职专科,物理类,,,363,319329,
409,广东食品药品职业学院,2025,河北,高职专科,物理类,,,395,231162,
415,广西安全工程职业技术学院,2025,河北,高职专科,物理类,,,358,296285,
418,广西电力职业技术学院,2025,河北,高职专科,物理类,,,444,228462,
419,广西国际商务职业技术学院,2025,河北,高职专科,物理类,,,353,274318,
42,安康职业技术学院,2025,河北,高职专科,物理类,,,357,245391,
420,广西建设职业技术学院,2025,河北,高职专科,物理类,,,383,279445,
427,广西生态工程职业技术学院,2025,河北,高职专科,物理类,,,267,270096,
429,广西体育高等专科学校,2025,河北,高职专科,物理类,,,406,286270,
430,广西物流职业技术学院,2025,河北,高职专科,物理类,,,391,299558,
433,广西幼儿师范高等专科学校,2025,河北,高职专科,物理类,,,364,306526,
435,广西自然资源职业技术学院,2025,河北,高职专科,物理类,,,318,282414,
436,广州城市职业学院,2025,河北,高职专科,物理类,,,373,225599,
439,广州科技贸易职业学院,2025,河北,高职专科,物理类,,,398,264546,
441,广州民航职业技术学院,2025,河北,高职专科,物理类,,,402,135284,
443,广州铁路职业技术学院,2025,河北,高职专科,物理类,,,458,214306,
444,广州卫生职业技术学院,2025,河北,高职专科,物理类,,,388,186805,
449,贵州传媒职业学院,2025,河北,高职专科,物理类,,,375,285293,
451,贵州电子信息职业技术学院,2025,河北,高职专科,物理类,,,333,265644,
453,贵州工业职业技术学院,2025,河北,高职专科,物理类,,,403,262216,
454,贵州机电职业技术学院,2025,河北,高职专科,物理类,,,423,240357,
455,贵州健康职业学院,2025,河北,高职专科,物理类,,,408,284335,
456,贵州交通职业大学,2025,河北,高职专科,物理类,,,392,237730,
457,贵州经贸职业技术学院,2025,河北,高职专科,物理类,,,375,311624,
462,贵州轻工职业大学,2025,河北,高职专科,物理类,,,408,240357,
464,贵州生态能源职业学院,2025,河北,高职专科,物理类,,,375,276393,
469,贵州职业技术学院,2025,河北,高职专科,物理类,,,351,242920,
473,桂林理工大学,2025,河北,高职专科,物理类,,,436,186805,
474,桂林旅游学院,2025,河北,高职专科,物理类,,,378,282414,
475,桂林师范学院,2025,河北,高职专科,物理类,,,332,232534,
479,哈尔滨电力职业技术学院,2025,河北,高职专科,物理类,,,446,208299,
488,哈尔滨科学技术职业学院,2025,河北,高职专科,物理类,,,329,235189,
49,安阳职业技术学院,2025,河北,高职专科,物理类,,,399,257615,
494,哈尔滨铁道职业技术学院,2025,河北,高职专科,物理类,,,451,193088,
499,哈尔滨幼儿师范高等专科学校,2025,河北,高职专科,物理类,,,237,256401,
500,哈尔滨职业技术大学,2025,河北,高职专科,物理类,,,456,217182,
501,哈密职业技术学院,2025,河北,高职专科,物理类,,,345,286270,
505,海南经贸职业技术学院,2025,河北,高职专科,物理类,,,418,261102,
507,海南软件职业技术学院,2025,河北,高职专科,物理类,,,412,262216,
51,鞍山职业技术学院,2025,河北,高职专科,物理类,,,402,180401,
510,海南外国语职业学院,2025,河北,高职专科,物理类,,,370,312305,
511,海南卫生健康职业学院,2025,河北,高职专科,物理类,,,374,236491,
513,海南职业技术学院,2025,河北,高职专科,物理类,,,349,257615,
514,邯郸科技职业学院,2025,河北,高职专科,物理类,,,403,236491,
517,邯郸幼儿师范高等专科学校,2025,河北,高职专科,物理类,,,385,255217,
518,邯郸职业技术学院,2025,河北,高职专科,物理类,,,382,222850,
52,巴音郭楞职业技术学院,2025,河北,高职专科,物理类,,,296,302031,
520,汉江师范学院,2025,河北,高职专科,物理类,,,440,241650,
521,汉中职业技术学院,2025,河北,高职专科,物理类,,,294,205382,
526,杭州职业技术大学,2025,河北,高职专科,物理类,,,482,167370,
534,合肥通用职业技术学院,2025,河北,高职专科,物理类,,,391,259929,
535,合肥幼儿师范高等专科学校,2025,河北,高职专科,物理类,,,398,235189,
536,和田职业技术学院,2025,河北,高职专科,物理类,,,328,300429,
54,白城医学高等专科学校,2025,河北,高职专科,物理类,,,482,165687,
549,河北对外经贸职业学院,2025,河北,高职专科,物理类,,,333,214306,
55,白城职业技术学院,2025,河北,高职专科,物理类,,,362,319901,
56,白银矿冶职业技术学院,2025,河北,高职专科,物理类,,,357,278461,
561,河北工业职业技术大学,2025,河北,高职专科,物理类,,,356,205382,
562,河北工业职业技术大学,2025,河北,高职专科,物理类,,,417,183545,
563,河北工艺美术职业学院,2025,河北,高职专科,物理类,,,396,275349,
565,河北轨道运输职业技术学院,2025,河北,高职专科,物理类,,,437,142016,
566,河北化工医药职业技术学院,2025,河北,高职专科,物理类,,,406,206836,
568,河北机电职业技术学院,2025,河北,高职专科,物理类,,,315,232534,
569,河北建材职业技术学院,2025,河北,高职专科,物理类,,,383,235189,
571,河北交通职业技术学院,2025,河北,高职专科,物理类,,,415,222850,
58,百色职业学院,2025,河北,高职专科,物理类,,,360,263340,
583,河北科技工程职业技术大学,2025,河北,高职专科,物理类,,,404,189932,
585,河北劳动关系职业学院,2025,河北,高职专科,物理类,,,357,249128,
586,河北旅游职业学院,2025,河北,高职专科,物理类,,,227,235189,
590,河北能源职业技术学院,2025,河北,高职专科,物理类,,,380,208299,
596,河北女子职业技术学院,2025,河北,高职专科,物理类,,,385,255217,
597,河北青年管理干部学院,2025,河北,高职专科,物理类,,,293,253975,
598,河北软件职业技术学院,2025,河北,高职专科,物理类,,,377,220074,
599,河北软件职业技术学院,2025,河北,高职专科,物理类,,,405,245391,
6,安徽财贸职业学院,2025,河北,高职专科,物理类,,,414,265644,
606,河北石油职业技术大学,2025,河北,高职专科,物理类,,,451,208299,
608,河北司法警官职业学院,2025,河北,高职专科,物理类,,,396,246657,
61,包头钢铁职业技术学院,2025,河北,高职专科,物理类,,,427,264546,
614,河北艺术职业学院,2025,河北,高职专科,物理类,,,376,270096,
615,河北正定师范高等专科学校,2025,河北,高职专科,物理类,,,400,228462,
616,河北政法职业学院,2025,河北,高职专科,物理类,,,383,221488,
62,包头铁道职业技术学院,2025,河北,高职专科,物理类,,,459,199215,
621,河北资源环境职业技术学院,2025,河北,高职专科,物理类,,,378,259929,
627,河南测绘职业学院,2025,河北,高职专科,物理类,,,395,268973,
63,包头职业技术学院,2025,河北,高职专科,物理类,,,399,256401,
630,河南地矿职业学院,2025,河北,高职专科,物理类,,,389,271169,
634,河南工业和信息化职业学院,2025,河北,高职专科,物理类,,,387,252764,
635,河南工业贸易职业学院,2025,河北,高职专科,物理类,,,428,263340,
636,河南工业职业技术学院,2025,河北,高职专科,物理类,,,417,240357,
637,河南护理职业学院,2025,河北,高职专科,物理类,,,410,236491,
640,河南经贸职业学院,2025,河北,高职专科,物理类,,,431,200789,
646,河南农业职业学院,2025,河北,高职专科,物理类,,,392,280425,
647,河南轻工职业学院,2025,河北,高职专科,物理类,,,405,259929,
65,宝鸡职业技术学院,2025,河北,高职专科,物理类,,,331,186805,
650,河南水利与环境职业学院,2025,河北,高职专科,物理类,,,364,261102,
651,河南司法警官职业学院,2025,河北,高职专科,物理类,,,434,256401,
652,河南推拿职业学院,2025,河北,高职专科,物理类,,,454,231162,
653,河南医学高等专科学校,2025,河北,高职专科,物理类,,,455,229804,
656,河南应用技术职业学院,2025,河北,高职专科,物理类,,,399,247903,
659,河源职业技术学院,2025,河北,高职专科,物理类,,,411,274318,
66,保定电力职业技术学院,2025,河北,高职专科,物理类,,,452,131912,
660,菏泽家政职业学院,2025,河北,高职专科,物理类,,,415,275349,
662,菏泽医学专科学校,2025,河北,高职专科,物理类,,,469,183545,
663,菏泽职业学院,2025,河北,高职专科,物理类,,,385,252764,
665,鹤壁能源化工职业学院,2025,河北,高职专科,物理类,,,392,270096,
666,鹤壁职业技术学院,2025,河北,高职专科,物理类,,,383,264546,
667,鹤岗师范高等专科学校,2025,河北,高职专科,物理类,,,321,287262,
671,黑龙江冰雪体育职业学院,2025,河北,高职专科,物理类,,,402,290057,
675,黑龙江护理高等专科学校,2025,河北,高职专科,物理类,,,414,202340,
676,黑龙江建筑职业技术学院,2025,河北,高职专科,物理类,,,407,246657,
677,黑龙江交通职业技术学院,2025,河北,高职专科,物理类,,,432,215723,
679,黑龙江林业职业技术学院,2025,河北,高职专科,物理类,,,361,262216,
680,黑龙江旅游职业技术学院,2025,河北,高职专科,物理类,,,333,259929,
681,黑龙江民族职业学院,2025,河北,高职专科,物理类,,,372,233839,
682,黑龙江能源职业学院,2025,河北,高职专科,物理类,,,364,264546,
683,黑龙江农垦职业学院,2025,河北,高职专科,物理类,,,350,244173,
684,黑龙江农业工程职业学院,2025,河北,高职专科,物理类,,,437,239067,
685,黑龙江农业经济职业学院,2025,河北,高职专科,物理类,,,362,253975,
686,黑龙江农业职业技术学院,2025,河北,高职专科,物理类,,,356,251580,
687,黑龙江商业职业学院,2025,河北,高职专科,物理类,,,350,282414,
688,黑龙江生态工程职业学院,2025,河北,高职专科,物理类,,,255,281438,
689,黑龙江司法警官职业学院,2025,河北,高职专科,物理类,,,393,257615,
69,保定幼儿师范高等专科学校,2025,河北,高职专科,物理类,,,362,259929,
690,黑龙江艺术职业学院,2025,河北,高职专科,物理类,,,363,294532,
691,黑龙江幼儿师范高等专科学校,2025,河北,高职专科,物理类,,,332,305728,
692,黑龙江职业学院,2025,河北,高职专科,物理类,,,348,200789,
694,衡水健康科技职业学院,2025,河北,高职专科,物理类,,,368,261102,
697,衡水职业技术学院,2025,河北,高职专科,物理类,,,388,245391,
698,衡水职业技术学院,2025,河北,高职专科,物理类,,,390,256401,
699,衡水职业技术学院,2025,河北,高职专科,物理类,,,387,256401,
7,安徽城市管理职业学院,2025,河北,高职专科,物理类,,,410,245391,
70,保定职业技术学院,2025,河北,高职专科,物理类,,,367,225599,
700,衡水职业技术学院,2025,河北,高职专科,物理类,,,254,245391,
702,红河卫生职业学院,2025,河北,高职专科,物理类,,,417,231162,
706,呼和浩特职业技术大学,2025,河北,高职专科,物理类,,,426,231162,
709,呼伦贝尔职业技术学院,2025,河北,高职专科,物理类,,,278,274318,
710,湖北财税职业学院,2025,河北,高职专科,物理类,,,419,209841,
711,湖北城市建设职业技术学院,2025,河北,高职专科,物理类,,,402,272245,
715,湖北工程职业学院,2025,河北,高职专科,物理类,,,444,236491,
717,湖北工业职业技术学院,2025,河北,高职专科,物理类,,,356,232534,
718,湖北国土资源职业学院,2025,河北,高职专科,物理类,,,404,245391,
719,湖北黄冈应急管理职业技术学院,2025,河北,高职专科,物理类,,,400,252764,
720,湖北交通职业技术学院,2025,河北,高职专科,物理类,,,436,225599,
724,湖北科技职业学院,2025,河北,高职专科,物理类,,,399,232534,
729,湖北轻工职业技术学院,2025,河北,高职专科,物理类,,,413,236491,
730,湖北三峡职业技术学院,2025,河北,高职专科,物理类,,,418,153782,
731,湖北生态工程职业技术学院,2025,河北,高职专科,物理类,,,386,233839,
732,湖北生物科技职业学院,2025,河北,高职专科,物理类,,,336,245391,
734,湖北水利水电职业技术学院,2025,河北,高职专科,物理类,,,438,231162,
736,湖北铁道运输职业学院,2025,河北,高职专科,物理类,,,444,227077,
740,湖北职业技术学院,2025,河北,高职专科,物理类,,,376,183545,
742,湖北中医药高等专科学校,2025,河北,高职专科,物理类,,,353,112447,
743,湖南安全技术职业学院,2025,河北,高职专科,物理类,,,435,255217,
744,湖南财经工业职业技术学院,2025,河北,高职专科,物理类,,,435,246657,
746,湖南城建职业技术学院,2025,河北,高职专科,物理类,,,401,290945,
750,湖南大众传媒职业技术学院,2025,河北,高职专科,物理类,,,447,200789,
752,湖南高速铁路职业技术学院,2025,河北,高职专科,物理类,,,466,202340,
754,湖南工程职业技术学院,2025,河北,高职专科,物理类,,,423,235189,
758,湖南工业职业技术学院,2025,河北,高职专科,物理类,,,460,194622,
761,湖南化工职业技术学院,2025,河北,高职专科,物理类,,,441,217182,
762,湖南交通职业技术学院,2025,河北,高职专科,物理类,,,463,218647,
768,湖南汽车工程职业大学,2025,河北,高职专科,物理类,,,443,236491,
771,湖南商务职业技术学院,2025,河北,高职专科,物理类,,,415,259929,
774,湖南石油化工职业技术学院,2025,河北,高职专科,物理类,,,442,246657,
775,湖南水利水电职业技术学院,2025,河北,高职专科,物理类,,,450,228462,
776,湖南司法警官职业学院,2025,河北,高职专科,物理类,,,415,275349,
778,湖南铁道职业技术学院,2025,河北,高职专科,物理类,,,441,194622,
78,北京财贸职业学院,2025,河北,高职专科,物理类,,,450,172221,
780,湖南现代物流职业技术学院,2025,河北,高职专科,物理类,,,402,276393,
782,湖南邮电职业技术学院,2025,河北,高职专科,物理类,,,441,242920,
786,湖州职业技术学院,2025,河北,高职专科,物理类,,,462,206836,
823,怀化职业技术学院,2025,河北,高职专科,物理类,,,411,232534,
825,淮北职业技术学院,2025,河北,高职专科,物理类,,,418,242920,
826,淮南联合大学,2025,河北,高职专科,物理类,,,378,244173,
828,淮南职业技术学院,2025,河北,高职专科,物理类,,,385,278461,
832,黄河水利职业技术大学,2025,河北,高职专科,物理类,,,471,169008,
835,徽商职业学院,2025,河北,高职专科,物理类,,,381,251580,
836,惠州城市职业学院,2025,河北,高职专科,物理类,,,373,312978,
837,惠州工程职业学院,2025,河北,高职专科,物理类,,,357,252764,
838,惠州卫生职业技术学院,2025,河北,高职专科,物理类,,,396,221488,
840,吉安幼儿师范高等专科学校,2025,河北,高职专科,物理类,,,383,299558,
841,吉安职业技术学院,2025,河北,高职专科,物理类,,,350,257615,
845,吉林电子信息职业技术学院,2025,河北,高职专科,物理类,,,403,240357,
847,吉林工程职业学院,2025,河北,高职专科,物理类,,,351,250364,
849,吉林工业职业技术学院,2025,河北,高职专科,物理类,,,408,257615,
852,吉林交通职业技术学院,2025,河北,高职专科,物理类,,,368,236491,
858,吉林水利电力职业学院,2025,河北,高职专科,物理类,,,433,245391,
859,吉林司法警官职业学院,2025,河北,高职专科,物理类,,,402,276393,
861,吉林铁道职业技术大学,2025,河北,高职专科,物理类,,,464,177231,
870,济南护理职业学院,2025,河北,高职专科,物理类,,,450,217182,
872,济南职业学院,2025,河北,高职专科,物理类,,,449,225599,
875,济宁职业技术学院,2025,河北,高职专科,物理类,,,436,253975,
876,济源职业技术学院,2025,河北,高职专科,物理类,,,389,261102,
879,冀中职业学院,2025,河北,高职专科,物理类,,,384,235189,
881,佳木斯职业学院,2025,河北,高职专科,物理类,,,377,301252,
886,江汉艺术职业学院,2025,河北,高职专科,物理类,,,417,259929,
887,江门职业技术学院,2025,河北,高职专科,物理类,,,403,270096,
890,江苏安全技术职业学院,2025,河北,高职专科,物理类,,,318,209841,
891,江苏财会职业学院,2025,河北,高职专科,物理类,,,430,233839,
892,江苏财经职业技术学院,2025,河北,高职专科,物理类,,,427,225599,
893,江苏城市职业学院,2025,河北,高职专科,物理类,,,460,189932,
894,江苏城乡建设职业学院,2025,河北,高职专科,物理类,,,397,255217,
898,江苏电子信息职业学院,2025,河北,高职专科,物理类,,,452,214306,
899,江苏工程职业技术学院,2025,河北,高职专科,物理类,,,363,214306,
9,安徽第二医学院,2025,河北,高职专科,物理类,,,442,197758,
90,北京工业职业技术学院,2025,河北,高职专科,物理类,,,457,172221,
900,江苏海事职业技术学院,2025,河北,高职专科,物理类,,,458,173920,
903,江苏航空职业技术学院,2025,河北,高职专科,物理类,,,429,205382,
904,江苏航运职业技术学院,2025,河北,高职专科,物理类,,,447,181967,
905,江苏护理职业学院,2025,河北,高职专科,物理类,,,438,197758,
906,江苏建筑职业技术学院,2025,河北,高职专科,物理类,,,361,245391,
907,江苏经贸职业技术学院,2025,河北,高职专科,物理类,,,474,180401,
911,江苏旅游职业学院,2025,河北,高职专科,物理类,,,421,231162,
912,江苏农牧科技职业学院,2025,河北,高职专科,物理类,,,424,178836,
913,江苏商贸职业学院,2025,河北,高职专科,物理类,,,365,224230,
915,江苏食品药品职业技术学院,2025,河北,高职专科,物理类,,,426,255217,
916,江苏信息职业技术学院,2025,河北,高职专科,物理类,,,462,200789,
918,江苏医药职业学院,2025,河北,高职专科,物理类,,,449,222850,
920,江西财经职业学院,2025,河北,高职专科,物理类,,,413,250364,
921,江西电力职业技术学院,2025,河北,高职专科,物理类,,,455,200789,
923,江西工程职业学院,2025,河北,高职专科,物理类,,,428,249128,
924,江西工业工程职业技术学院,2025,河北,高职专科,物理类,,,415,253975,
925,江西工业贸易职业技术学院,2025,河北,高职专科,物理类,,,382,286270,
926,江西环境工程职业学院,2025,河北,高职专科,物理类,,,420,247903,
927,江西机电职业技术学院,2025,河北,高职专科,物理类,,,391,242920,
928,江西建设职业技术学院,2025,河北,高职专科,物理类,,,387,258796,
929,江西交通职业技术学院,2025,河北,高职专科,物理类,,,412,235189,
933,江西农业工程职业学院,2025,河北,高职专科,物理类,,,390,255217,
934,江西青年职业学院,2025,河北,高职专科,物理类,,,346,240357,
935,江西生物科技职业学院,2025,河北,高职专科,物理类,,,435,172221,
938,江西师范高等专科学校,2025,河北,高职专科,物理类,,,453,232534,
941,江西水利职业学院,2025,河北,高职专科,物理类,,,427,259929,
942,江西司法警官职业学院,2025,河北,高职专科,物理类,,,425,264546,
945,江西婺源茶业职业学院,2025,河北,高职专科,物理类,,,361,289151,
946,江西现代职业技术学院,2025,河北,高职专科,物理类,,,429,256401,
947,江西信息应用职业技术学院,2025,河北,高职专科,物理类,,,447,240357,
949,江西医学高等专科学校,2025,河北,高职专科,物理类,,,420,209841,
951,江西应用工程职业学院,2025,河北,高职专科,物理类,,,414,228462,
952,江西应用技术职业学院,2025,河北,高职专科,物理类,,,464,217182,
953,江西职业技术大学,2025,河北,高职专科,物理类,,,427,196199,
955,焦作大学,2025,河北,高职专科,物理类,,,436,231162,
959,锦州师范高等专科学校,2025,河北,高职专科,物理类,,,372,237730,
961,晋城职业技术学院,2025,河北,高职专科,物理类,,,430,261102,
964,荆门职业学院,2025,河北,高职专科,物理类,,,393,246657,
965,荆州理工职业学院,2025,河北,高职专科,物理类,,,346,251580,
966,荆州职业技术学院,2025,河北,高职专科,物理类,,,395,239067,
971,九江职业大学,2025,河北,高职专科,物理类,,,403,232534,
972,酒泉职业技术大学,2025,河北,高职专科,物理类,,,438,214306,
974,喀什理工职业技术学院,2025,河北,高职专科,物理类,,,340,304225,
975,喀什职业技术学院,2025,河北,高职专科,物理类,,,292,288231,
976,开封大学,2025,河北,高职专科,物理类,,,494,165687,
979,可克达拉职业技术学院,2025,河北,高职专科,物理类,,,265,301252,
980,克拉玛依职业技术学院,2025,河北,高职专科,物理类,,,345,261102,
986,昆玉职业技术学院,2025,河北,高职专科,物理类,,,326,203868,
987,莱芜职业技术学院,2025,河北,高职专科,物理类,,,424,229804,
988,兰考三农职业学院,2025,河北,高职专科,物理类,,,377,270096,
996,兰州航空职业技术学院,2025,河北,高职专科,物理类,,,426,245391,
,河北科技师范学院,2023,河北,本科提前批B段,体育类（历史）,,,555,,
,河北科技师范学院,2023,河北,本科提前批B段,体育类（物理）,,,554,,
,七台河职业学院,2023,河北,专科批,历史类,,,297,112756,
,三亚学院,2023,河北,本科批,历史类,,,430,55494,
,中国人民公安大学,2023,河北,本科提前批,历史类,,,565,381,
,上海外国语大学,2023,河北,本科提前批B段,历史类,,,608,1999,
,中央音乐学院,2023,河北,本科提前批艺术类A段,历史类,,,322,,
,七台河职业学院,2023,河北,专科批,物理类,,,375,237495,
,华南理工大学,2023,河北,国家专项计划本科批,物理类,,,610,4593,
,三亚学院,2023,河北,本科批,物理类,,,439,167931,
,中国人民公安大学,2023,河北,本科提前批,物理类,,,590,1360,
,上海交通大学,2023,河北,本科提前批B段,物理类,,,660,608,
,中央音乐学院,2023,河北,本科提前批艺术类A段,物理类,,,322,,
,华南理工大学,2023,河北,高校专项计划本科批,物理类,,,572,31495,
,上海邦德职业技术学院,2023,河北,专科批,艺术类,,,363,,
,河北科技师范学院,2023,河北,本科提前批B段,艺术类,,,465,,
