school_id,school_name,year,province,batch,subject,major_group,major,score,rank,plan
1096,安徽中医药高等专科学校,2025,海南,专科批,综合,（01）,,411,25123,
1209,黎明职业大学,2025,海南,专科批,综合,（01）,,487,38358,
1252,厦门城市职业学院,2025,海南,专科批,综合,（02）,,477,42296,
1252,厦门城市职业学院,2025,海南,专科批,综合,（03）,,473,44164,
1296,江西医学高等专科学校,2025,海南,专科批,综合,（01）,,490,30886,
1296,江西医学高等专科学校,2025,海南,专科批,综合,（02）,,476,40093,
1319,江西应用技术职业学院,2025,海南,专科批,综合,（01）,,493,26729,
1322,江西机电职业技术学院,2025,海南,专科批,综合,（01）,,483,39196,
1329,宜春职业技术学院,2025,海南,专科批,综合,（01）,,492,31207,
1348,抚州医药学院,2025,海南,专科批,综合,（01）,,522,26730,
1351,江西制造职业技术学院,2025,海南,专科批,综合,（01）,,480,40608,
1355,江西航空职业技术学院,2025,海南,专科批,综合,（02）,,440,38625,
1447,烟台南山学院,2025,海南,专科批,综合,（04）,,390,55635,
1519,枣庄职业学院,2025,海南,专科批,综合,,,335,40093,
1601,濮阳职业技术学院,2025,海南,专科批,综合,（01）,,443,51647,
1603,郑州电力高等专科学校,2025,海南,专科批,综合,（01）,,501,35239,
1619,鹤壁职业技术学院,2025,海南,专科批,综合,（01）,,246,64125,
1659,安阳职业技术学院,2025,海南,专科批,综合,（01）,,441,46219,
1695,郑州卫生健康职业学院,2025,海南,专科批,综合,（01）,,403,58753,
1753,汉江师范学院,2025,海南,专科批,综合,（01）,,504,32958,
1782,湖北职业技术学院,2025,海南,专科批,综合,（01）,,487,34959,
1841,江汉艺术职业学院,2025,海南,专科批,综合,（06）,,454,47483,
2053,广东水利电力职业技术学院,2025,海南,专科批,综合,（01）,,472,45188,
2053,广东水利电力职业技术学院,2025,海南,专科批,综合,（03）,,443,52071,
2053,广东水利电力职业技术学院,2025,海南,专科批,综合,（02）,,475,40608,
2071,广州职业技术大学,2025,海南,专科批,综合,（01）,,530,28948,
2071,广州职业技术大学,2025,海南,专科批,综合,（02）,,484,41975,
214,河北交通职业技术学院,2025,海南,专科批,综合,（01）,,466,46724,
2211,广西体育高等专科学校,2025,海南,专科批,综合,（02）,,454,41975,
2219,广西水利电力职业技术学院,2025,海南,专科批,综合,（01）,,476,43610,
223,廊坊职业技术学院,2025,海南,专科批,综合,（01）,,410,58122,
2303,重庆工业职业技术大学,2025,海南,专科批,综合,,,393,34670,
2303,重庆工业职业技术大学,2025,海南,专科批,综合,（02）,,506,35824,
2314,重庆工程职业技术学院,2025,海南,专科批,综合,（02）,,389,31207,
2326,重庆三峡医药高等专科学校,2025,海南,专科批,综合,（01）,,510,30886,
2329,重庆财经职业学院,2025,海南,专科批,综合,（01）,,482,32369,
2353,重庆五一职业技术学院,2025,海南,专科批,综合,（01）,,456,47233,
262,河北轨道运输职业技术学院,2025,海南,专科批,综合,（01）,,498,38086,
2679,西藏职业技术学院,2025,海南,专科批,综合,（04）,,280,67109,
2679,西藏职业技术学院,2025,海南,专科批,综合,（05）,,379,62164,
2679,西藏职业技术学院,2025,海南,专科批,综合,（02）,,352,64586,
2679,西藏职业技术学院,2025,海南,专科批,综合,（01）,,415,57318,
2679,西藏职业技术学院,2025,海南,专科批,综合,（03）,,338,65366,
323,临汾职业技术学院,2025,海南,专科批,综合,（01）,,433,43610,
367,太原幼儿师范高等专科学校,2025,海南,专科批,综合,（01）,,377,55079,
577,长春金融高等专科学校,2025,海南,专科批,综合,（01）,,433,34959,
6002,海南热带海洋学院,2025,海南,专科批,综合,（13）,,443,42296,
6009,海南政法职业学院,2025,海南,专科批,综合,,,426,45728,
6010,海南外国语职业学院,2025,海南,专科批,综合,,,420,46724,
6011,琼台师范学院,2025,海南,专科批,综合,（17）,,467,35239,
6012,海南经贸职业技术学院,2025,海南,专科批,综合,,,468,30610,
6021,海南卫生健康职业学院,2025,海南,专科批,综合,,,442,45188,
6026,三亚护理职业学院,2025,海南,专科批,综合,,,246,64899,
657,黑龙江农业工程职业学院,2025,海南,专科批,综合,（01）,,441,47729,
720,上海旅游高等专科学校,2025,海南,专科批,综合,（01）,,472,40354,
727,上海东海职业技术学院,2025,海南,专科批,综合,（01）,,394,56161,
728,上海工商职业技术学院,2025,海南,专科批,综合,（01）,,418,50363,
752,上海农林职业技术学院,2025,海南,专科批,综合,（01）,,470,36949,
810,江苏建筑职业技术学院,2025,海南,专科批,综合,（01）,,468,44416,
816,连云港职业技术学院,2025,海南,专科批,综合,（01）,,501,37236,
817,镇江市高等专科学校,2025,海南,专科批,综合,（01）,,468,43610,
13,北京邮电大学,2025,海南,国家专项计划批,综合,（01）,,703,1641,
1748,华中师范大学,2025,海南,国家专项计划批,综合,（12）,,655,4681,
2385,西南民族大学,2025,海南,国家专项计划批,综合,（07）,,603,11462,
447,沈阳建筑大学,2025,海南,国家专项计划批,综合,（01）,,598,12558,
5,北京工业大学,2025,海南,国家专项计划批,综合,（01）,,629,7578,
6001,海南大学,2025,海南,国家专项计划批,综合,（06）,,595,5768,
6001,海南大学,2025,海南,国家专项计划批,综合,（08）,,525,5904,
6001,海南大学,2025,海南,国家专项计划批,综合,（12）,,607,10923,
6001,海南大学,2025,海南,国家专项计划批,综合,（11）,,667,3660,
6001,海南大学,2025,海南,国家专项计划批,综合,（10）,,631,7322,
6001,海南大学,2025,海南,国家专项计划批,综合,（07）,,600,9132,
6001,海南大学,2025,海南,国家专项计划批,综合,（09）,,610,10420,
6003,海南师范大学,2025,海南,国家专项计划批,综合,,,599,10420,
6003,海南师范大学,2025,海南,国家专项计划批,综合,（10）,,598,10621,
6003,海南师范大学,2025,海南,国家专项计划批,综合,（12）,,599,12365,
6003,海南师范大学,2025,海南,国家专项计划批,综合,（13）,,606,11126,
6003,海南师范大学,2025,海南,国家专项计划批,综合,（11）,,610,10420,
6004,海南医科大学,2025,海南,国家专项计划批,综合,（03）,,592,12911,
6004,海南医科大学,2025,海南,国家专项计划批,综合,,,553,10923,
6004,海南医科大学,2025,海南,国家专项计划批,综合,（04）,,562,20421,
705,华东理工大学,2025,海南,国家专项计划批,综合,（01）,,640,5572,
717,上海财经大学,2025,海南,国家专项计划批,综合,（01）,,668,3587,
779,南京理工大学,2025,海南,国家专项计划批,综合,（02）,,627,7840,
779,南京理工大学,2025,海南,国家专项计划批,综合,（01）,,617,9286,
8,北京科技大学,2025,海南,国家专项计划批,综合,（01）,,616,9485,
6001,海南大学,2025,海南,地方专项计划批,综合,（13）,,621,2336,
6001,海南大学,2025,海南,地方专项计划批,综合,（15）,,544,4768,
6001,海南大学,2025,海南,地方专项计划批,综合,（19）,,656,4584,
6001,海南大学,2025,海南,地方专项计划批,综合,（18）,,673,3221,
6001,海南大学,2025,海南,地方专项计划批,综合,（17）,,679,2839,
6001,海南大学,2025,海南,地方专项计划批,综合,（14）,,623,4314,
6001,海南大学,2025,海南,地方专项计划批,综合,（16）,,619,8984,
6003,海南师范大学,2025,海南,地方专项计划批,综合,,,620,6129,
6003,海南师范大学,2025,海南,地方专项计划批,综合,（16）,,602,9286,
6003,海南师范大学,2025,海南,地方专项计划批,综合,（20）,,614,9773,
6003,海南师范大学,2025,海南,地方专项计划批,综合,（19）,,632,7178,
6003,海南师范大学,2025,海南,地方专项计划批,综合,（21）,,631,7322,
6003,海南师范大学,2025,海南,地方专项计划批,综合,（18）,,640,6238,
6003,海南师范大学,2025,海南,地方专项计划批,综合,（15）,,615,9627,
6003,海南师范大学,2025,海南,地方专项计划批,综合,（17）,,581,16028,
6004,海南医科大学,2025,海南,地方专项计划批,综合,,,602,8400,
6004,海南医科大学,2025,海南,地方专项计划批,综合,（07）,,597,12182,
10,北京化工大学,2025,海南,本科批,综合,,,673,2186,
100,中国民航大学,2025,海南,本科批,综合,（02）,,629,2713,
100,中国民航大学,2025,海南,本科批,综合,（05）,,652,4963,
100,中国民航大学,2025,海南,本科批,综合,（04）,,628,3746,
100,中国民航大学,2025,海南,本科批,综合,（03）,,649,4681,
102,天津农学院,2025,海南,本科批,综合,（01）,,561,17584,
102,天津农学院,2025,海南,本科批,综合,（02）,,527,28111,
102,天津农学院,2025,海南,本科批,综合,（03）,,575,17339,
1026,温州医科大学仁济学院,2025,海南,本科批,综合,（01）,,546,24546,
1026,温州医科大学仁济学院,2025,海南,本科批,综合,（02）,,537,26985,
1026,温州医科大学仁济学院,2025,海南,本科批,综合,（03）,,540,21656,
105,天津师范大学,2025,海南,本科批,综合,（02）,,614,6697,
105,天津师范大学,2025,海南,本科批,综合,,,619,5269,
106,天津职业技术师范大学,2025,海南,本科批,综合,（01）,,570,14931,
106,天津职业技术师范大学,2025,海南,本科批,综合,（02）,,539,16685,
1067,安徽农业大学,2025,海南,本科批,综合,（01）,,620,8143,
1067,安徽农业大学,2025,海南,本科批,综合,（02）,,550,16877,
1068,安徽医科大学,2025,海南,本科批,综合,（01）,,591,7578,
1068,安徽医科大学,2025,海南,本科批,综合,（03）,,595,3508,
1068,安徽医科大学,2025,海南,本科批,综合,（02）,,596,12911,
1072,安徽师范大学,2025,海南,本科批,综合,（03）,,586,11462,
1072,安徽师范大学,2025,海南,本科批,综合,（04）,,558,17339,
1074,安庆师范大学,2025,海南,本科批,综合,（01）,,575,17339,
1074,安庆师范大学,2025,海南,本科批,综合,（02）,,537,26985,
1079,安徽财经大学,2025,海南,本科批,综合,（01）,,579,5768,
1079,安徽财经大学,2025,海南,本科批,综合,（03）,,571,12182,
1079,安徽财经大学,2025,海南,本科批,综合,（02）,,591,11828,
1089,合肥大学,2025,海南,本科批,综合,（01）,,586,13340,
1091,蚌埠学院,2025,海南,本科批,综合,（01）,,539,26163,
11,北京工商大学,2025,海南,本科批,综合,（01）,,661,4151,
11,北京工商大学,2025,海南,本科批,综合,（03）,,627,7322,
11,北京工商大学,2025,海南,本科批,综合,（02）,,630,6934,
1137,合肥城市学院,2025,海南,本科批,综合,（02）,,497,36658,
1137,合肥城市学院,2025,海南,本科批,综合,（01）,,513,33773,
1204,三明学院,2025,海南,本科批,综合,（01）,,571,17094,
1204,三明学院,2025,海南,本科批,综合,（03）,,542,21656,
1204,三明学院,2025,海南,本科批,综合,（02）,,572,16028,
1232,厦门工学院,2025,海南,本科批,综合,（01）,,509,30610,
1281,东华理工大学,2025,海南,本科批,综合,（01）,,584,11126,
1281,东华理工大学,2025,海南,本科批,综合,（02）,,580,8280,
1282,南昌航空大学,2025,海南,本科批,综合,（01）,,599,11640,
1282,南昌航空大学,2025,海南,本科批,综合,（02）,,605,7322,
1283,江西理工大学,2025,海南,本科批,综合,（02）,,606,6010,
1283,江西理工大学,2025,海南,本科批,综合,,,570,10420,
1283,江西理工大学,2025,海南,本科批,综合,（03）,,586,10621,
1285,江西农业大学,2025,海南,本科批,综合,（01）,,573,13725,
1285,江西农业大学,2025,海南,本科批,综合,（03）,,546,21885,
1285,江西农业大学,2025,海南,本科批,综合,（02）,,574,17094,
1285,江西农业大学,2025,海南,本科批,综合,,,590,12558,
1290,宜春学院,2025,海南,本科批,综合,（06）,,569,15154,
1290,宜春学院,2025,海南,本科批,综合,（08）,,538,25123,
1290,宜春学院,2025,海南,本科批,综合,（07）,,582,15806,
1290,宜春学院,2025,海南,本科批,综合,（09）,,568,19005,
1291,赣南师范大学,2025,海南,本科批,综合,（06）,,572,11462,
1291,赣南师范大学,2025,海南,本科批,综合,（09）,,623,8400,
1291,赣南师范大学,2025,海南,本科批,综合,（08）,,612,9627,
1291,赣南师范大学,2025,海南,本科批,综合,（07）,,569,17339,
13,北京邮电大学,2025,海南,本科批,综合,,,622,347,
1300,江西水利电力大学,2025,海南,本科批,综合,（01）,,590,11641,
1300,江西水利电力大学,2025,海南,本科批,综合,,,490,11463,
1303,新余学院,2025,海南,本科批,综合,（02）,,567,17772,
1303,新余学院,2025,海南,本科批,综合,（03）,,541,20161,
1303,新余学院,2025,海南,本科批,综合,（04）,,581,16028,
1305,九江学院,2025,海南,本科批,综合,（04）,,565,18255,
1305,九江学院,2025,海南,本科批,综合,（06）,,549,23195,
1305,九江学院,2025,海南,本科批,综合,（05）,,555,22214,
132,天津外国语大学滨海外事学院,2025,海南,本科批,综合,（01）,,534,25123,
1336,南昌交通学院,2025,海南,本科批,综合,（01）,,539,24810,
1336,南昌交通学院,2025,海南,本科批,综合,（02）,,489,34670,
1339,赣南科技学院,2025,海南,本科批,综合,（03）,,561,19738,
1339,赣南科技学院,2025,海南,本科批,综合,（05）,,530,24810,
1339,赣南科技学院,2025,海南,本科批,综合,（04）,,567,19243,
134,天津商业大学宝德学院,2025,海南,本科批,综合,（04）,,540,23980,
1342,南昌医学院,2025,海南,本科批,综合,,,566,14726,
1342,南昌医学院,2025,海南,本科批,综合,（03）,,596,12558,
1342,南昌医学院,2025,海南,本科批,综合,（02）,,577,16685,
1395,山东大学,2025,海南,本科批,综合,（01）,,692,1076,
1395,山东大学,2025,海南,本科批,综合,（03）,,715,1225,
1395,山东大学,2025,海南,本科批,综合,（02）,,699,948,
1396,中国海洋大学,2025,海南,本科批,综合,,,675,1292,
1397,山东科技大学,2025,海南,本科批,综合,（01）,,555,11462,
1398,中国石油大学（华东）,2025,海南,本科批,综合,（02）,,653,2962,
1399,青岛科技大学,2025,海南,本科批,综合,（01）,,595,12911,
1399,青岛科技大学,2025,海南,本科批,综合,（02）,,562,13911,
1400,济南大学,2025,海南,本科批,综合,（02）,,575,13725,
1400,济南大学,2025,海南,本科批,综合,（04）,,556,19005,
1400,济南大学,2025,海南,本科批,综合,（03）,,605,11264,
1401,青岛理工大学,2025,海南,本科批,综合,（01）,,586,9627,
1401,青岛理工大学,2025,海南,本科批,综合,（03）,,566,10091,
1401,青岛理工大学,2025,海南,本科批,综合,（02）,,593,9773,
1404,山东理工大学,2025,海南,本科批,综合,（01）,,578,14726,
1404,山东理工大学,2025,海南,本科批,综合,（02）,,557,9938,
1405,山东农业大学,2025,海南,本科批,综合,（01）,,537,25123,
1406,青岛农业大学,2025,海南,本科批,综合,（01）,,526,27812,
1407,山东第二医科大学,2025,海南,本科批,综合,（01）,,559,21189,
1407,山东第二医科大学,2025,海南,本科批,综合,（02）,,569,18735,
1407,山东第二医科大学,2025,海南,本科批,综合,（03）,,550,14522,
1408,山东第一医科大学,2025,海南,本科批,综合,,,575,11462,
1408,山东第一医科大学,2025,海南,本科批,综合,（02）,,576,17094,
1409,滨州医学院,2025,海南,本科批,综合,（01）,,554,22467,
1409,滨州医学院,2025,海南,本科批,综合,（02）,,550,21189,
1414,山东师范大学,2025,海南,本科批,综合,,,562,5904,
1414,山东师范大学,2025,海南,本科批,综合,（04）,,574,13725,
1414,山东师范大学,2025,海南,本科批,综合,（03）,,606,11126,
1415,曲阜师范大学,2025,海南,本科批,综合,（03）,,570,15806,
1416,聊城大学,2025,海南,本科批,综合,（02）,,561,15806,
1416,聊城大学,2025,海南,本科批,综合,（04）,,610,10420,
1416,聊城大学,2025,海南,本科批,综合,（03）,,540,22952,
1417,德州学院,2025,海南,本科批,综合,（01）,,567,19243,
1417,德州学院,2025,海南,本科批,综合,（02）,,564,19954,
1418,山东航空学院,2025,海南,本科批,综合,（01）,,571,18255,
1419,鲁东大学,2025,海南,本科批,综合,（01）,,586,13340,
1419,鲁东大学,2025,海南,本科批,综合,,,487,25879,
1421,泰山学院,2025,海南,本科批,综合,（01）,,557,21656,
1424,山东财经大学,2025,海南,本科批,综合,（01）,,483,9485,
1424,山东财经大学,2025,海南,本科批,综合,（03）,,624,7972,
1424,山东财经大学,2025,海南,本科批,综合,（02）,,613,9773,
1427,齐鲁医药学院,2025,海南,本科批,综合,（01）,,540,23760,
1427,齐鲁医药学院,2025,海南,本科批,综合,（02）,,542,25618,
1427,齐鲁医药学院,2025,海南,本科批,综合,（03）,,495,31207,
1430,枣庄学院,2025,海南,本科批,综合,（01）,,557,21656,
1432,青岛大学,2025,海南,本科批,综合,（02）,,564,7840,
1432,青岛大学,2025,海南,本科批,综合,（04）,,567,9627,
1432,青岛大学,2025,海南,本科批,综合,（03）,,572,8546,
1436,山东交通学院,2025,海南,本科批,综合,（02）,,547,22214,
1436,山东交通学院,2025,海南,本科批,综合,,,485,23459,
1437,山东工商学院,2025,海南,本科批,综合,（01）,,565,14110,
1437,山东工商学院,2025,海南,本科批,综合,（02）,,541,22684,
1447,烟台南山学院,2025,海南,本科批,综合,（01）,,531,27274,
1447,烟台南山学院,2025,海南,本科批,综合,（03）,,480,36658,
1447,烟台南山学院,2025,海南,本科批,综合,（02）,,526,29537,
15,北京建筑大学,2025,海南,本科批,综合,（01）,,628,6934,
15,北京建筑大学,2025,海南,本科批,综合,（02）,,579,13911,
155,河北工程大学,2025,海南,本科批,综合,（02）,,593,10765,
155,河北工程大学,2025,海南,本科批,综合,（04）,,533,12365,
155,河北工程大学,2025,海南,本科批,综合,（03）,,590,12558,
1558,山东大学（威海）,2025,海南,本科批,综合,（02）,,691,1935,
1560,华北水利水电大学,2025,海南,本科批,综合,（02）,,575,11640,
1560,华北水利水电大学,2025,海南,本科批,综合,（01）,,602,11828,
1562,河南理工大学,2025,海南,本科批,综合,（01）,,571,14358,
1562,河南理工大学,2025,海南,本科批,综合,（03）,,605,11264,
1562,河南理工大学,2025,海南,本科批,综合,（04）,,560,13725,
1562,河南理工大学,2025,海南,本科批,综合,（02）,,583,13725,
1566,中原工学院,2025,海南,本科批,综合,（01）,,565,16877,
1566,中原工学院,2025,海南,本科批,综合,（03）,,555,22214,
1566,中原工学院,2025,海南,本科批,综合,（04）,,525,29206,
1566,中原工学院,2025,海南,本科批,综合,（02）,,556,21885,
1568,河南科技学院,2025,海南,本科批,综合,（02）,,554,22467,
1568,河南科技学院,2025,海南,本科批,综合,（04）,,523,30093,
1568,河南科技学院,2025,海南,本科批,综合,（03）,,552,22214,
1572,河南大学,2025,海南,本科批,综合,,,607,6238,
1572,河南大学,2025,海南,本科批,综合,（03）,,650,5164,
1572,河南大学,2025,海南,本科批,综合,（04）,,647,5469,
1573,河南师范大学,2025,海南,本科批,综合,（01）,,538,20421,
1573,河南师范大学,2025,海南,本科批,综合,（04）,,605,11264,
1573,河南师范大学,2025,海南,本科批,综合,（03）,,591,13518,
1573,河南师范大学,2025,海南,本科批,综合,（02）,,525,30362,
1577,许昌学院,2025,海南,本科批,综合,（02）,,558,21454,
1577,许昌学院,2025,海南,本科批,综合,（03）,,547,23459,
1581,河南财经政法大学,2025,海南,本科批,综合,（01）,,611,6010,
1581,河南财经政法大学,2025,海南,本科批,综合,（03）,,600,12182,
1581,河南财经政法大学,2025,海南,本科批,综合,（02）,,583,15584,
1588,平顶山学院,2025,海南,本科批,综合,（01）,,558,20915,
1588,平顶山学院,2025,海南,本科批,综合,（02）,,516,32369,
1588,平顶山学院,2025,海南,本科批,综合,（03）,,563,20161,
1589,郑州工程技术学院,2025,海南,本科批,综合,（01）,,552,22952,
1589,郑州工程技术学院,2025,海南,本科批,综合,（02）,,523,30886,
159,河北科技大学,2025,海南,本科批,综合,（01）,,577,12911,
159,河北科技大学,2025,海南,本科批,综合,（03）,,544,19005,
159,河北科技大学,2025,海南,本科批,综合,（02）,,584,15369,
1593,信阳农林学院,2025,海南,本科批,综合,（01）,,516,30886,
1594,河南工学院,2025,海南,本科批,综合,（01）,,563,17094,
1594,河南工学院,2025,海南,本科批,综合,（02）,,540,22467,
1595,安阳工学院,2025,海南,本科批,综合,（01）,,517,28948,
1596,河南工程学院,2025,海南,本科批,综合,（01）,,572,15584,
1596,河南工程学院,2025,海南,本科批,综合,（04）,,526,30093,
1596,河南工程学院,2025,海南,本科批,综合,（03）,,528,23760,
1596,河南工程学院,2025,海南,本科批,综合,（02）,,561,20674,
16,北京石油化工学院,2025,海南,本科批,综合,（01）,,576,17094,
160,河北建筑工程学院,2025,海南,本科批,综合,（01）,,555,22214,
160,河北建筑工程学院,2025,海南,本科批,综合,（03）,,520,26985,
160,河北建筑工程学院,2025,海南,本科批,综合,（02）,,551,23195,
163,河北医科大学,2025,海南,本科批,综合,（03）,,632,6238,
163,河北医科大学,2025,海南,本科批,综合,（01）,,542,23459,
163,河北医科大学,2025,海南,本科批,综合,（02）,,561,20674,
164,河北北方学院,2025,海南,本科批,综合,（01）,,592,13725,
164,河北北方学院,2025,海南,本科批,综合,（02）,,531,26163,
165,承德医学院,2025,海南,本科批,综合,（01）,,588,14522,
166,河北师范大学,2025,海南,本科批,综合,（01）,,635,6820,
166,河北师范大学,2025,海南,本科批,综合,（03）,,649,5269,
166,河北师范大学,2025,海南,本科批,综合,（04）,,604,11462,
166,河北师范大学,2025,海南,本科批,综合,（02）,,579,11828,
170,廊坊师范学院,2025,海南,本科批,综合,（02）,,553,21189,
1738,武汉科技大学,2025,海南,本科批,综合,（01）,,618,8280,
1738,武汉科技大学,2025,海南,本科批,综合,（03）,,604,8697,
1738,武汉科技大学,2025,海南,本科批,综合,（02）,,619,7972,
1741,中国地质大学（武汉）,2025,海南,本科批,综合,（03）,,672,3030,
1741,中国地质大学（武汉）,2025,海南,本科批,综合,（04）,,644,2904,
1743,武汉轻工大学,2025,海南,本科批,综合,（01）,,594,8984,
1744,武汉理工大学,2025,海南,本科批,综合,,,659,2903,
1744,武汉理工大学,2025,海南,本科批,综合,（04）,,678,1610,
1748,华中师范大学,2025,海南,本科批,综合,（13）,,668,2597,
1748,华中师范大学,2025,海南,本科批,综合,（16）,,726,925,
1748,华中师范大学,2025,海南,本科批,综合,（17）,,692,2130,
1748,华中师范大学,2025,海南,本科批,综合,,,671,1103,
1748,华中师范大学,2025,海南,本科批,综合,（14）,,677,2962,
1749,湖北大学,2025,海南,本科批,综合,（01）,,610,8546,
1749,湖北大学,2025,海南,本科批,综合,（03）,,590,12010,
1749,湖北大学,2025,海南,本科批,综合,（02）,,620,7972,
1750,湖北师范大学,2025,海南,本科批,综合,（02）,,620,8697,
1750,湖北师范大学,2025,海南,本科批,综合,（03）,,574,15154,
1752,湖北民族大学,2025,海南,本科批,综合,（01）,,611,9132,
1752,湖北民族大学,2025,海南,本科批,综合,（03）,,603,11640,
1752,湖北民族大学,2025,海南,本科批,综合,（02）,,494,28948,
1754,湖北文理学院,2025,海南,本科批,综合,（01）,,509,26729,
1759,湖北汽车工业学院,2025,海南,本科批,综合,（01）,,566,18735,
176,石家庄铁道大学,2025,海南,本科批,综合,（01）,,604,11462,
176,石家庄铁道大学,2025,海南,本科批,综合,（02）,,591,11264,
1762,湖北理工学院,2025,海南,本科批,综合,（01）,,573,17772,
1762,湖北理工学院,2025,海南,本科批,综合,（03）,,528,27812,
1762,湖北理工学院,2025,海南,本科批,综合,（02）,,572,18018,
1764,湖北医药学院,2025,海南,本科批,综合,（01）,,556,15154,
177,燕山大学,2025,海南,本科批,综合,（01）,,597,11828,
177,燕山大学,2025,海南,本科批,综合,（02）,,604,5904,
1776,武汉商学院,2025,海南,本科批,综合,（01）,,541,22684,
178,河北科技师范学院,2025,海南,本科批,综合,（01）,,520,29804,
1817,武汉工程大学邮电与信息工程学院,2025,海南,本科批,综合,（01）,,536,26163,
1817,武汉工程大学邮电与信息工程学院,2025,海南,本科批,综合,（02）,,480,40943,
1820,武汉工商学院,2025,海南,本科批,综合,（01）,,534,26985,
1820,武汉工商学院,2025,海南,本科批,综合,（03）,,495,34959,
1820,武汉工商学院,2025,海南,本科批,综合,（02）,,529,28948,
1839,武汉华夏理工学院,2025,海南,本科批,综合,（02）,,531,27274,
1839,武汉华夏理工学院,2025,海南,本科批,综合,（03）,,486,31468,
1850,湖北第二师范学院,2025,海南,本科批,综合,（01）,,574,17584,
1850,湖北第二师范学院,2025,海南,本科批,综合,（03）,,565,19738,
1850,湖北第二师范学院,2025,海南,本科批,综合,（02）,,574,17584,
186,河北金融学院,2025,海南,本科批,综合,,,548,16877,
186,河北金融学院,2025,海南,本科批,综合,（02）,,558,21189,
1875,湘潭大学,2025,海南,本科批,综合,（01）,,619,3448,
1875,湘潭大学,2025,海南,本科批,综合,（02）,,601,4406,
1878,中南大学,2025,海南,本科批,综合,（02）,,690,1386,
1878,中南大学,2025,海南,本科批,综合,,,720,255,
1878,中南大学,2025,海南,本科批,综合,（03）,,706,900,
188,北华航天工业学院,2025,海南,本科批,综合,（01）,,562,18735,
188,北华航天工业学院,2025,海南,本科批,综合,（02）,,540,16448,
1880,长沙理工大学,2025,海南,本科批,综合,（01）,,623,5269,
1880,长沙理工大学,2025,海南,本科批,综合,（03）,,610,3448,
1880,长沙理工大学,2025,海南,本科批,综合,（02）,,619,7322,
1882,中南林业科技大学,2025,海南,本科批,综合,（01）,,574,11126,
1882,中南林业科技大学,2025,海南,本科批,综合,（03）,,548,10923,
1882,中南林业科技大学,2025,海南,本科批,综合,（02）,,581,14358,
1886,湘南学院,2025,海南,本科批,综合,（03）,,567,10923,
1886,湘南学院,2025,海南,本科批,综合,（04）,,563,20161,
1886,湘南学院,2025,海南,本科批,综合,（06）,,572,18018,
1886,湘南学院,2025,海南,本科批,综合,,,539,17772,
1889,怀化学院,2025,海南,本科批,综合,（02）,,562,18735,
1889,怀化学院,2025,海南,本科批,综合,（05）,,585,15154,
1889,怀化学院,2025,海南,本科批,综合,（03）,,529,25356,
1889,怀化学院,2025,海南,本科批,综合,（04）,,547,24344,
189,防灾科技学院,2025,海南,本科批,综合,（01）,,583,15584,
189,防灾科技学院,2025,海南,本科批,综合,（02）,,556,18735,
1891,湖南科技学院,2025,海南,本科批,综合,（05）,,562,19954,
1891,湖南科技学院,2025,海南,本科批,综合,（07）,,529,25356,
1891,湖南科技学院,2025,海南,本科批,综合,（06）,,558,21454,
1892,湖南人文科技学院,2025,海南,本科批,综合,,,532,19243,
1892,湖南人文科技学院,2025,海南,本科批,综合,（04）,,519,31766,
1892,湖南人文科技学院,2025,海南,本科批,综合,（03）,,554,22467,
1894,南华大学,2025,海南,本科批,综合,（01）,,600,8143,
1894,南华大学,2025,海南,本科批,综合,（02）,,545,24810,
1894,南华大学,2025,海南,本科批,综合,（03）,,567,6820,
1900,长沙学院,2025,海南,本科批,综合,（02）,,573,16877,
1900,长沙学院,2025,海南,本科批,综合,（04）,,597,12734,
1900,长沙学院,2025,海南,本科批,综合,,,555,16877,
1906,湖南工业大学,2025,海南,本科批,综合,（01）,,588,9938,
1906,湖南工业大学,2025,海南,本科批,综合,（03）,,563,15806,
1906,湖南工业大学,2025,海南,本科批,综合,（02）,,600,12182,
1976,湖南汽车工程职业大学,2025,海南,本科批,综合,（01）,,555,20915,
20,北京林业大学,2025,海南,本科批,综合,（01）,,662,2657,
20,北京林业大学,2025,海南,本科批,综合,（02）,,646,3221,
20,北京林业大学,2025,海南,本科批,综合,（03）,,669,3508,
2030,华南农业大学,2025,海南,本科批,综合,（01）,,644,5768,
2030,华南农业大学,2025,海南,本科批,综合,（02）,,648,5356,
2030,华南农业大学,2025,海南,本科批,综合,（03）,,587,3356,
2032,广州医科大学,2025,海南,本科批,综合,（01）,,642,5469,
2032,广州医科大学,2025,海南,本科批,综合,（02）,,636,6697,
2032,广州医科大学,2025,海南,本科批,综合,,,605,2336,
2035,广东药科大学,2025,海南,本科批,综合,（01）,,628,7724,
2035,广东药科大学,2025,海南,本科批,综合,（02）,,578,16685,
2035,广东药科大学,2025,海南,本科批,综合,（03）,,561,12558,
2039,韩山师范学院,2025,海南,本科批,综合,（01）,,569,17584,
2039,韩山师范学院,2025,海南,本科批,综合,（02）,,544,23459,
2041,肇庆学院,2025,海南,本科批,综合,（02）,,575,13911,
2041,肇庆学院,2025,海南,本科批,综合,（04）,,575,17339,
2041,肇庆学院,2025,海南,本科批,综合,,,537,20421,
2047,深圳大学,2025,海南,本科批,综合,（02）,,679,1854,
2047,深圳大学,2025,海南,本科批,综合,（04）,,698,1057,
2047,深圳大学,2025,海南,本科批,综合,（03）,,696,1890,
2047,深圳大学,2025,海南,本科批,综合,（05）,,711,1320,
2057,广东警官学院,2025,海南,本科批,综合,（01）,,636,6697,
206,河北传媒学院,2025,海南,本科批,综合,（06）,,542,24810,
206,河北传媒学院,2025,海南,本科批,综合,（07）,,484,30362,
2062,五邑大学,2025,海南,本科批,综合,（02）,,572,12558,
2065,广东石油化工学院,2025,海南,本科批,综合,（02）,,584,15369,
2065,广东石油化工学院,2025,海南,本科批,综合,（03）,,559,11640,
2067,广东工业大学,2025,海南,本科批,综合,（02）,,629,4856,
2067,广东工业大学,2025,海南,本科批,综合,,,622,3157,
2067,广东工业大学,2025,海南,本科批,综合,（03）,,598,12558,
2069,佛山大学,2025,海南,本科批,综合,（01）,,597,11462,
2069,佛山大学,2025,海南,本科批,综合,（02）,,585,15154,
2069,佛山大学,2025,海南,本科批,综合,（03）,,561,13911,
2074,南方医科大学,2025,海南,本科批,综合,（02）,,633,410,
2080,广东东软学院,2025,海南,本科批,综合,（01）,,505,33499,
2086,广州软件学院,2025,海南,本科批,综合,（02）,,519,30886,
2086,广州软件学院,2025,海南,本科批,综合,,,481,38086,
2132,肇庆医学院,2025,海南,本科批,综合,（01）,,561,20674,
2132,肇庆医学院,2025,海南,本科批,综合,（02）,,556,18255,
2194,广西大学,2025,海南,本科批,综合,（01）,,603,3448,
2195,广西科技大学,2025,海南,本科批,综合,（01）,,590,14110,
2195,广西科技大学,2025,海南,本科批,综合,（03）,,570,18478,
2195,广西科技大学,2025,海南,本科批,综合,（04）,,549,23760,
2195,广西科技大学,2025,海南,本科批,综合,,,505,14358,
2196,桂林电子科技大学,2025,海南,本科批,综合,（02）,,573,9627,
2196,桂林电子科技大学,2025,海南,本科批,综合,（03）,,629,4963,
2197,桂林理工大学,2025,海南,本科批,综合,（01）,,574,13911,
2197,桂林理工大学,2025,海南,本科批,综合,,,515,17339,
2198,广西医科大学,2025,海南,本科批,综合,（01）,,569,3824,
2199,右江民族医学院,2025,海南,本科批,综合,（01）,,561,20161,
2199,右江民族医学院,2025,海南,本科批,综合,（02）,,532,22684,
2199,右江民族医学院,2025,海南,本科批,综合,（03）,,565,19738,
2202,广西师范大学,2025,海南,本科批,综合,（03）,,559,6697,
2202,广西师范大学,2025,海南,本科批,综合,（05）,,599,12365,
2202,广西师范大学,2025,海南,本科批,综合,（04）,,562,19243,
2209,百色学院,2025,海南,本科批,综合,（02）,,561,19005,
2209,百色学院,2025,海南,本科批,综合,（06）,,575,17339,
2209,百色学院,2025,海南,本科批,综合,（05）,,578,16685,
2209,百色学院,2025,海南,本科批,综合,（04）,,527,26446,
2209,百色学院,2025,海南,本科批,综合,（03）,,560,20915,
2218,北部湾大学,2025,海南,本科批,综合,（02）,,580,16238,
2218,北部湾大学,2025,海南,本科批,综合,,,519,15369,
2222,桂林航天工业学院,2025,海南,本科批,综合,（02）,,565,16877,
2222,桂林航天工业学院,2025,海南,本科批,综合,（04）,,564,16877,
2222,桂林航天工业学院,2025,海南,本科批,综合,（03）,,586,14931,
2224,贺州学院,2025,海南,本科批,综合,（02）,,562,20421,
2224,贺州学院,2025,海南,本科批,综合,（03）,,549,22952,
2239,桂林学院,2025,海南,本科批,综合,（03）,,537,23760,
2241,广西中医药大学赛恩斯新医药学院,2025,海南,本科批,综合,（01）,,553,22467,
2241,广西中医药大学赛恩斯新医药学院,2025,海南,本科批,综合,（02）,,522,30093,
2289,重庆医科大学,2025,海南,本科批,综合,（01）,,623,8400,
2289,重庆医科大学,2025,海南,本科批,综合,,,610,2657,
2291,重庆师范大学,2025,海南,本科批,综合,,,592,10923,
2291,重庆师范大学,2025,海南,本科批,综合,（05）,,672,3289,
2291,重庆师范大学,2025,海南,本科批,综合,（04）,,660,4238,
2291,重庆师范大学,2025,海南,本科批,综合,（03）,,608,10765,
2291,重庆师范大学,2025,海南,本科批,综合,（02）,,595,13116,
2295,四川外国语大学,2025,海南,本科批,综合,,,584,7579,
2299,重庆科技大学,2025,海南,本科批,综合,（01）,,587,14726,
2299,重庆科技大学,2025,海南,本科批,综合,（03）,,580,13911,
2299,重庆科技大学,2025,海南,本科批,综合,（02）,,590,14110,
23,北京中医药大学,2025,海南,本科批,综合,（01）,,672,2336,
23,北京中医药大学,2025,海南,本科批,综合,（02）,,687,333,
2300,重庆理工大学,2025,海南,本科批,综合,（01）,,618,8143,
2300,重庆理工大学,2025,海南,本科批,综合,（02）,,628,6820,
2301,重庆工商大学,2025,海南,本科批,综合,（01）,,604,6821,
2301,重庆工商大学,2025,海南,本科批,综合,（03）,,590,12183,
2301,重庆工商大学,2025,海南,本科批,综合,（02）,,601,10421,
2301,重庆工商大学,2025,海南,本科批,综合,（04）,,608,10622,
2307,重庆工程学院,2025,海南,本科批,综合,（01）,,549,23760,
2307,重庆工程学院,2025,海南,本科批,综合,（02）,,505,34386,
2316,重庆人文科技学院,2025,海南,本科批,综合,（01）,,548,21656,
2316,重庆人文科技学院,2025,海南,本科批,综合,（04）,,552,22952,
2316,重庆人文科技学院,2025,海南,本科批,综合,（03）,,551,23195,
2316,重庆人文科技学院,2025,海南,本科批,综合,（02）,,505,34386,
2319,重庆财经学院,2025,海南,本科批,综合,（01）,,550,22214,
2319,重庆财经学院,2025,海南,本科批,综合,（03）,,511,28663,
2319,重庆财经学院,2025,海南,本科批,综合,（02）,,550,23459,
2321,重庆移通学院,2025,海南,本科批,综合,（01）,,547,23760,
2321,重庆移通学院,2025,海南,本科批,综合,,,482,30362,
2344,重庆第二师范学院,2025,海南,本科批,综合,（02）,,569,17584,
2362,西南石油大学,2025,海南,本科批,综合,（02）,,638,3984,
2362,西南石油大学,2025,海南,本科批,综合,（03）,,613,5164,
2368,中国民用航空飞行学院,2025,海南,本科批,综合,（03）,,602,7049,
2368,中国民用航空飞行学院,2025,海南,本科批,综合,（05）,,594,7972,
2368,中国民用航空飞行学院,2025,海南,本科批,综合,（04）,,597,11828,
237,石家庄铁道大学四方学院,2025,海南,本科批,综合,（01）,,561,20674,
237,石家庄铁道大学四方学院,2025,海南,本科批,综合,（03）,,514,32369,
237,石家庄铁道大学四方学院,2025,海南,本科批,综合,（02）,,549,23760,
2371,西南医科大学,2025,海南,本科批,综合,（01）,,606,9938,
2371,西南医科大学,2025,海南,本科批,综合,（02）,,598,9485,
2372,成都中医药大学,2025,海南,本科批,综合,,,596,4151,
2372,成都中医药大学,2025,海南,本科批,综合,（02）,,575,15154,
2373,川北医学院,2025,海南,本科批,综合,（01）,,590,14110,
2373,川北医学院,2025,海南,本科批,综合,（02）,,587,14726,
2374,四川师范大学,2025,海南,本科批,综合,（02）,,629,4483,
2374,四川师范大学,2025,海南,本科批,综合,（10）,,640,6238,
2374,四川师范大学,2025,海南,本科批,综合,（07）,,645,5269,
2374,四川师范大学,2025,海南,本科批,综合,（08）,,650,5164,
2374,四川师范大学,2025,海南,本科批,综合,（06）,,622,8546,
2374,四川师范大学,2025,海南,本科批,综合,（05）,,572,16685,
2374,四川师范大学,2025,海南,本科批,综合,（04）,,611,6129,
2374,四川师范大学,2025,海南,本科批,综合,（09）,,626,7972,
2374,四川师范大学,2025,海南,本科批,综合,（03）,,610,10420,
2375,西华师范大学,2025,海南,本科批,综合,（01）,,584,15369,
2375,西华师范大学,2025,海南,本科批,综合,（02）,,547,24344,
2376,绵阳师范学院,2025,海南,本科批,综合,（01）,,567,12911,
2376,绵阳师范学院,2025,海南,本科批,综合,（02）,,547,22214,
2378,宜宾学院,2025,海南,本科批,综合,（01）,,566,19005,
2378,宜宾学院,2025,海南,本科批,综合,（03）,,547,21885,
2378,宜宾学院,2025,海南,本科批,综合,（02）,,574,16238,
2379,四川文理学院,2025,海南,本科批,综合,（02）,,565,19005,
2379,四川文理学院,2025,海南,本科批,综合,（03）,,578,16685,
2384,四川音乐学院,2025,海南,本科批,综合,（02）,,568,19005,
2385,西南民族大学,2025,海南,本科批,综合,,,573,8822,
2385,西南民族大学,2025,海南,本科批,综合,（09）,,557,13518,
2388,攀枝花学院,2025,海南,本科批,综合,（01）,,569,18735,
2388,攀枝花学院,2025,海南,本科批,综合,（02）,,519,30610,
2389,四川旅游学院,2025,海南,本科批,综合,（01）,,561,20674,
2389,四川旅游学院,2025,海南,本科批,综合,,,480,32958,
2391,四川民族学院,2025,海南,本科批,综合,（01）,,559,20161,
2397,成都东软学院,2025,海南,本科批,综合,（02）,,540,25618,
2397,成都东软学院,2025,海南,本科批,综合,（03）,,500,33499,
2425,成都银杏酒店管理学院,2025,海南,本科批,综合,（01）,,535,25879,
2425,成都银杏酒店管理学院,2025,海南,本科批,综合,（02）,,525,30362,
2435,成都锦城学院,2025,海南,本科批,综合,（04）,,547,22952,
2435,成都锦城学院,2025,海南,本科批,综合,（05）,,547,24344,
2441,西南财经大学天府学院,2025,海南,本科批,综合,（01）,,544,25123,
2441,西南财经大学天府学院,2025,海南,本科批,综合,（03）,,486,41492,
2441,西南财经大学天府学院,2025,海南,本科批,综合,（02）,,538,26729,
2454,成都师范学院,2025,海南,本科批,综合,（02）,,609,9773,
2454,成都师范学院,2025,海南,本科批,综合,（05）,,606,11126,
2454,成都师范学院,2025,海南,本科批,综合,（04）,,566,16028,
2454,成都师范学院,2025,海南,本科批,综合,（03）,,571,18255,
2500,贵州大学,2025,海南,本科批,综合,（01）,,622,5904,
2500,贵州大学,2025,海南,本科批,综合,（02）,,600,5051,
2502,遵义医科大学,2025,海南,本科批,综合,（01）,,572,18018,
2502,遵义医科大学,2025,海南,本科批,综合,,,557,6580,
2502,遵义医科大学,2025,海南,本科批,综合,（03）,,591,11640,
2508,安顺学院,2025,海南,本科批,综合,（01）,,561,18255,
2508,安顺学院,2025,海南,本科批,综合,（03）,,580,16238,
2508,安顺学院,2025,海南,本科批,综合,（02）,,527,26729,
2510,凯里学院,2025,海南,本科批,综合,（02）,,560,20674,
2510,凯里学院,2025,海南,本科批,综合,（03）,,505,36110,
2512,贵州财经大学,2025,海南,本科批,综合,（01）,,592,13725,
2512,贵州财经大学,2025,海南,本科批,综合,,,540,12911,
2515,六盘水师范学院,2025,海南,本科批,综合,（01）,,559,20915,
2515,六盘水师范学院,2025,海南,本科批,综合,（02）,,525,30362,
2515,六盘水师范学院,2025,海南,本科批,综合,（03）,,565,19738,
2548,贵州理工学院,2025,海南,本科批,综合,（01）,,563,20161,
2548,贵州理工学院,2025,海南,本科批,综合,（02）,,534,22684,
2548,贵州理工学院,2025,海南,本科批,综合,（03）,,572,18018,
2582,昆明理工大学,2025,海南,本科批,综合,（01）,,596,12911,
2582,昆明理工大学,2025,海南,本科批,综合,（04）,,582,15806,
2582,昆明理工大学,2025,海南,本科批,综合,（05）,,615,9627,
2582,昆明理工大学,2025,海南,本科批,综合,（03）,,565,9132,
2582,昆明理工大学,2025,海南,本科批,综合,（02）,,610,8400,
2583,云南农业大学,2025,海南,本科批,综合,,,558,13116,
2585,昆明医科大学,2025,海南,本科批,综合,（01）,,584,8280,
2586,大理大学,2025,海南,本科批,综合,（01）,,580,13519,
2586,大理大学,2025,海南,本科批,综合,（03）,,618,8985,
2586,大理大学,2025,海南,本科批,综合,,,548,15370,
2587,云南中医药大学,2025,海南,本科批,综合,（01）,,602,4768,
2587,云南中医药大学,2025,海南,本科批,综合,（02）,,576,17094,
2587,云南中医药大学,2025,海南,本科批,综合,（03）,,548,20915,
2596,云南民族大学,2025,海南,本科批,综合,（04）,,574,17584,
2596,云南民族大学,2025,海南,本科批,综合,（05）,,615,9627,
2596,云南民族大学,2025,海南,本科批,综合,（03）,,615,8546,
2596,云南民族大学,2025,海南,本科批,综合,（02）,,560,20915,
2597,玉溪师范学院,2025,海南,本科批,综合,（01）,,553,21454,
2597,玉溪师范学院,2025,海南,本科批,综合,（02）,,520,31766,
2600,昆明学院,2025,海南,本科批,综合,（03）,,553,20421,
2600,昆明学院,2025,海南,本科批,综合,（06）,,596,12911,
2600,昆明学院,2025,海南,本科批,综合,（05）,,521,30362,
2600,昆明学院,2025,海南,本科批,综合,（04）,,534,26985,
2601,文山学院,2025,海南,本科批,综合,（02）,,518,32369,
2617,滇池学院,2025,海南,本科批,综合,（03）,,531,25618,
2617,滇池学院,2025,海南,本科批,综合,（06）,,540,25123,
2617,滇池学院,2025,海南,本科批,综合,（05）,,484,34959,
2617,滇池学院,2025,海南,本科批,综合,（04）,,529,29206,
2620,昆明医科大学海源学院,2025,海南,本科批,综合,（01）,,538,25618,
2620,昆明医科大学海源学院,2025,海南,本科批,综合,（02）,,496,26729,
2620,昆明医科大学海源学院,2025,海南,本科批,综合,（03）,,541,24344,
2681,西安交通大学,2025,海南,本科批,综合,,,669,158,
2695,延安大学,2025,海南,本科批,综合,（01）,,576,12734,
2695,延安大学,2025,海南,本科批,综合,（03）,,540,24344,
2695,延安大学,2025,海南,本科批,综合,（02）,,580,16238,
2696,陕西理工大学,2025,海南,本科批,综合,（01）,,563,19444,
2696,陕西理工大学,2025,海南,本科批,综合,（03）,,601,12010,
2696,陕西理工大学,2025,海南,本科批,综合,（02）,,585,15154,
2697,宝鸡文理学院,2025,海南,本科批,综合,（03）,,559,21189,
2697,宝鸡文理学院,2025,海南,本科批,综合,（04）,,529,26985,
2698,咸阳师范学院,2025,海南,本科批,综合,（03）,,571,17339,
2698,咸阳师范学院,2025,海南,本科批,综合,（05）,,574,17584,
2698,咸阳师范学院,2025,海南,本科批,综合,（04）,,556,21885,
2699,渭南师范学院,2025,海南,本科批,综合,（03）,,574,17584,
2699,渭南师范学院,2025,海南,本科批,综合,（04）,,581,16028,
27,北京外国语大学,2025,海南,本科批,综合,（02）,,699,305,
27,北京外国语大学,2025,海南,本科批,综合,（05）,,773,247,
27,北京外国语大学,2025,海南,本科批,综合,（04）,,691,2186,
27,北京外国语大学,2025,海南,本科批,综合,（03）,,679,2839,
2701,西北政法大学,2025,海南,本科批,综合,（01）,,667,1809,
2707,西安文理学院,2025,海南,本科批,综合,（02）,,565,16028,
2707,西安文理学院,2025,海南,本科批,综合,（01）,,543,23980,
2721,西京学院,2025,海南,本科批,综合,（02）,,522,27538,
2721,西京学院,2025,海南,本科批,综合,（04）,,483,36949,
2721,西京学院,2025,海南,本科批,综合,（03）,,517,31468,
2739,西安建筑科技大学华清学院,2025,海南,本科批,综合,（01）,,497,36373,
2750,西安明德理工学院,2025,海南,本科批,综合,（01）,,520,28663,
2750,西安明德理工学院,2025,海南,本科批,综合,（02）,,527,29804,
2785,兰州大学,2025,海南,本科批,综合,（01）,,670,2657,
2785,兰州大学,2025,海南,本科批,综合,（03）,,688,2130,
2785,兰州大学,2025,海南,本科批,综合,（02）,,680,2130,
2790,西北师范大学,2025,海南,本科批,综合,（01）,,535,15584,
2790,西北师范大学,2025,海南,本科批,综合,（03）,,633,7049,
2790,西北师范大学,2025,海南,本科批,综合,（04）,,638,6465,
2790,西北师范大学,2025,海南,本科批,综合,（02）,,490,19005,
2790,西北师范大学,2025,海南,本科批,综合,（05）,,586,14931,
2793,天水师范大学,2025,海南,本科批,综合,（01）,,589,14358,
2793,天水师范大学,2025,海南,本科批,综合,（04）,,595,13116,
2793,天水师范大学,2025,海南,本科批,综合,（05）,,589,14358,
2793,天水师范大学,2025,海南,本科批,综合,（03）,,522,31207,
2793,天水师范大学,2025,海南,本科批,综合,（02）,,526,27538,
2795,兰州财经大学,2025,海南,本科批,综合,（01）,,569,12182,
2795,兰州财经大学,2025,海南,本科批,综合,（03）,,556,21189,
2795,兰州财经大学,2025,海南,本科批,综合,（02）,,550,16028,
2798,甘肃政法大学,2025,海南,本科批,综合,（01）,,542,6697,
2798,甘肃政法大学,2025,海南,本科批,综合,（03）,,612,10091,
2798,甘肃政法大学,2025,海南,本科批,综合,（02）,,555,13340,
2839,青海大学,2025,海南,本科批,综合,（01）,,624,8280,
2839,青海大学,2025,海南,本科批,综合,（03）,,597,12558,
2839,青海大学,2025,海南,本科批,综合,（02）,,606,7443,
2852,宁夏大学,2025,海南,本科批,综合,（01）,,552,11828,
2852,宁夏大学,2025,海南,本科批,综合,（02）,,632,7178,
2854,宁夏师范大学,2025,海南,本科批,综合,（02）,,602,11828,
2854,宁夏师范大学,2025,海南,本科批,综合,（03）,,540,26163,
2855,北方民族大学,2025,海南,本科批,综合,（01）,,549,11828,
2855,北方民族大学,2025,海南,本科批,综合,（04）,,609,10621,
2855,北方民族大学,2025,海南,本科批,综合,（03）,,593,13518,
2855,北方民族大学,2025,海南,本科批,综合,（02）,,520,19243,
2874,新疆大学,2025,海南,本科批,综合,（01）,,582,11264,
2874,新疆大学,2025,海南,本科批,综合,（02）,,552,15806,
2877,石河子大学,2025,海南,本科批,综合,（01）,,573,10765,
2877,石河子大学,2025,海南,本科批,综合,（03）,,560,16028,
2877,石河子大学,2025,海南,本科批,综合,（02）,,570,11828,
2880,喀什大学,2025,海南,本科批,综合,（02）,,565,19738,
2880,喀什大学,2025,海南,本科批,综合,（01）,,510,34670,
291,中北大学,2025,海南,本科批,综合,（01）,,571,16028,
291,中北大学,2025,海南,本科批,综合,（03）,,586,6580,
291,中北大学,2025,海南,本科批,综合,（02）,,575,11462,
293,山西农业大学,2025,海南,本科批,综合,（01）,,569,15806,
293,山西农业大学,2025,海南,本科批,综合,（03）,,519,27812,
293,山西农业大学,2025,海南,本科批,综合,（02）,,527,27274,
2938,中国石油大学（北京）克拉玛依校区,2025,海南,本科批,综合,（01）,,623,6465,
294,山西医科大学,2025,海南,本科批,综合,（01）,,568,16877,
294,山西医科大学,2025,海南,本科批,综合,,,554,3221,
294,山西医科大学,2025,海南,本科批,综合,（03）,,545,20161,
294,山西医科大学,2025,海南,本科批,综合,（02）,,588,14522,
294,山西医科大学,2025,海南,本科批,综合,（04）,,584,15369,
295,长治医学院,2025,海南,本科批,综合,（01）,,602,11828,
295,长治医学院,2025,海南,本科批,综合,,,528,12734,
295,长治医学院,2025,海南,本科批,综合,（03）,,560,19243,
296,山西师范大学,2025,海南,本科批,综合,（01）,,577,13340,
296,山西师范大学,2025,海南,本科批,综合,（04）,,603,11640,
296,山西师范大学,2025,海南,本科批,综合,（03）,,632,7178,
296,山西师范大学,2025,海南,本科批,综合,（02）,,537,21454,
297,太原师范学院,2025,海南,本科批,综合,（01）,,543,19444,
297,太原师范学院,2025,海南,本科批,综合,（03）,,577,16877,
297,太原师范学院,2025,海南,本科批,综合,（02）,,543,24344,
297,太原师范学院,2025,海南,本科批,综合,（04）,,581,15154,
30,中国传媒大学,2025,海南,本科批,综合,,,686,1610,
301,运城学院,2025,海南,本科批,综合,（01）,,549,22952,
301,运城学院,2025,海南,本科批,综合,（02）,,522,28111,
302,忻州师范学院,2025,海南,本科批,综合,（06）,,556,19243,
302,忻州师范学院,2025,海南,本科批,综合,（11）,,570,17772,
302,忻州师范学院,2025,海南,本科批,综合,（12）,,562,17339,
302,忻州师范学院,2025,海南,本科批,综合,（10）,,578,16685,
302,忻州师范学院,2025,海南,本科批,综合,（09）,,492,39778,
302,忻州师范学院,2025,海南,本科批,综合,（08）,,520,16448,
302,忻州师范学院,2025,海南,本科批,综合,（07）,,551,23195,
305,吕梁学院,2025,海南,本科批,综合,（01）,,587,14726,
305,吕梁学院,2025,海南,本科批,综合,（04）,,564,19954,
305,吕梁学院,2025,海南,本科批,综合,（02）,,527,28663,
305,吕梁学院,2025,海南,本科批,综合,（03）,,560,20915,
306,太原学院,2025,海南,本科批,综合,（01）,,557,21189,
306,太原学院,2025,海南,本科批,综合,（03）,,520,31766,
306,太原学院,2025,海南,本科批,综合,（02）,,552,22952,
306,太原学院,2025,海南,本科批,综合,（04）,,557,21656,
31,中央财经大学,2025,海南,本科批,综合,（01）,,699,1253,
31,中央财经大学,2025,海南,本科批,综合,（02）,,701,318,
32,对外经济贸易大学,2025,海南,本科批,综合,（02）,,702,1056,
32,对外经济贸易大学,2025,海南,本科批,综合,（03）,,700,1454,
33,北京物资学院,2025,海南,本科批,综合,（01）,,596,11462,
33,北京物资学院,2025,海南,本科批,综合,（02）,,603,11462,
333,山西科技学院,2025,海南,本科批,综合,（01）,,560,19738,
333,山西科技学院,2025,海南,本科批,综合,（03）,,555,22214,
333,山西科技学院,2025,海南,本科批,综合,（02）,,569,18735,
34,首都经济贸易大学,2025,海南,本科批,综合,（01）,,649,4062,
351,太原工业学院,2025,海南,本科批,综合,（02）,,557,21454,
351,太原工业学院,2025,海南,本科批,综合,（04）,,522,24810,
351,太原工业学院,2025,海南,本科批,综合,（03）,,549,23760,
365,山西工程技术学院,2025,海南,本科批,综合,（02）,,521,28111,
365,山西工程技术学院,2025,海南,本科批,综合,（01）,,549,22684,
365,山西工程技术学院,2025,海南,本科批,综合,（03）,,576,17094,
378,内蒙古大学,2025,海南,本科批,综合,,,595,6238,
378,内蒙古大学,2025,海南,本科批,综合,（04）,,607,8697,
378,内蒙古大学,2025,海南,本科批,综合,（02）,,580,16238,
380,内蒙古工业大学,2025,海南,本科批,综合,（02）,,516,31468,
380,内蒙古工业大学,2025,海南,本科批,综合,（01）,,550,23459,
386,内蒙古财经大学,2025,海南,本科批,综合,（01）,,597,12734,
386,内蒙古财经大学,2025,海南,本科批,综合,（02）,,567,19243,
39,北京体育大学,2025,海南,本科批,综合,,,516,3660,
39,北京体育大学,2025,海南,本科批,综合,（05）,,661,4151,
42,中央美术学院,2025,海南,本科批,综合,（01）,,676,3029,
438,沈阳理工大学,2025,海南,本科批,综合,（01）,,570,12558,
442,辽宁石油化工大学,2025,海南,本科批,综合,,,530,13911,
443,沈阳化工大学,2025,海南,本科批,综合,（01）,,543,18018,
445,大连海事大学,2025,海南,本科批,综合,（03）,,659,3984,
445,大连海事大学,2025,海南,本科批,综合,（02）,,515,9938,
447,沈阳建筑大学,2025,海南,本科批,综合,（03）,,525,18735,
447,沈阳建筑大学,2025,海南,本科批,综合,,,550,17772,
449,沈阳农业大学,2025,海南,本科批,综合,（01）,,533,26163,
453,大连医科大学,2025,海南,本科批,综合,,,629,1562,
454,辽宁中医药大学,2025,海南,本科批,综合,（01）,,569,18478,
454,辽宁中医药大学,2025,海南,本科批,综合,（02）,,513,27274,
457,辽宁师范大学,2025,海南,本科批,综合,（01）,,570,18478,
458,沈阳师范大学,2025,海南,本科批,综合,（01）,,569,17772,
460,鞍山师范学院,2025,海南,本科批,综合,（01）,,553,22214,
462,大连外国语大学,2025,海南,本科批,综合,（01）,,584,11828,
462,大连外国语大学,2025,海南,本科批,综合,（02）,,603,11640,
47,中央民族大学,2025,海南,本科批,综合,（05）,,684,1682,
47,中央民族大学,2025,海南,本科批,综合,（07）,,688,2336,
47,中央民族大学,2025,海南,本科批,综合,,,629,2483,
474,沈阳大学,2025,海南,本科批,综合,（01）,,528,27812,
5,北京工业大学,2025,海南,本科批,综合,（02）,,690,1853,
506,大连科技学院,2025,海南,本科批,综合,（01）,,495,32958,
519,大连东软信息学院,2025,海南,本科批,综合,（01）,,471,43089,
551,吉林大学,2025,海南,本科批,综合,（01）,,707,1225,
551,吉林大学,2025,海南,本科批,综合,（05）,,695,1641,
551,吉林大学,2025,海南,本科批,综合,（04）,,693,1528,
551,吉林大学,2025,海南,本科批,综合,,,679,1136,
551,吉林大学,2025,海南,本科批,综合,（02）,,673,2274,
552,延边大学,2025,海南,本科批,综合,,,581,9627,
552,延边大学,2025,海南,本科批,综合,（03）,,617,9286,
552,延边大学,2025,海南,本科批,综合,（04）,,616,9485,
553,长春理工大学,2025,海南,本科批,综合,（01）,,559,14931,
553,长春理工大学,2025,海南,本科批,综合,,,570,7049,
554,东北电力大学,2025,海南,本科批,综合,,,616,3898,
555,长春工业大学,2025,海南,本科批,综合,（01）,,559,14110,
555,长春工业大学,2025,海南,本科批,综合,（03）,,540,18255,
555,长春工业大学,2025,海南,本科批,综合,（02）,,563,20161,
556,吉林建筑大学,2025,海南,本科批,综合,（01）,,553,18478,
556,吉林建筑大学,2025,海南,本科批,综合,（02）,,520,28111,
559,长春中医药大学,2025,海南,本科批,综合,（01）,,612,6010,
559,长春中医药大学,2025,海南,本科批,综合,（02）,,538,22467,
560,东北师范大学,2025,海南,本科批,综合,（07）,,679,2839,
560,东北师范大学,2025,海南,本科批,综合,（08）,,688,1935,
561,北华大学,2025,海南,本科批,综合,（01）,,551,17339,
561,北华大学,2025,海南,本科批,综合,（04）,,598,12558,
561,北华大学,2025,海南,本科批,综合,,,507,23760,
561,北华大学,2025,海南,本科批,综合,（03）,,565,19738,
564,吉林工程技术师范学院,2025,海南,本科批,综合,（01）,,568,19005,
564,吉林工程技术师范学院,2025,海南,本科批,综合,（02）,,516,32958,
565,长春师范大学,2025,海南,本科批,综合,（02）,,608,10621,
565,长春师范大学,2025,海南,本科批,综合,（01）,,554,19243,
57,中国石油大学（北京）,2025,海南,本科批,综合,（01）,,668,2035,
571,吉林外国语大学,2025,海南,本科批,综合,（01）,,530,24344,
571,吉林外国语大学,2025,海南,本科批,综合,（02）,,486,36373,
574,长春汽车职业技术大学,2025,海南,本科批,综合,（01）,,561,16028,
575,长春工程学院,2025,海南,本科批,综合,（02）,,522,14358,
575,长春工程学院,2025,海南,本科批,综合,（01）,,549,23760,
579,长春大学,2025,海南,本科批,综合,（01）,,582,15806,
579,长春大学,2025,海南,本科批,综合,,,491,19444,
58,中国地质大学（北京）,2025,海南,本科批,综合,（02）,,663,3746,
58,中国地质大学（北京）,2025,海南,本科批,综合,（03）,,643,3092,
588,长春光华学院,2025,海南,本科批,综合,（01）,,510,33773,
588,长春光华学院,2025,海南,本科批,综合,（02）,,482,39505,
59,北京联合大学,2025,海南,本科批,综合,（01）,,592,12365,
593,长春建筑学院,2025,海南,本科批,综合,（01）,,493,33499,
593,长春建筑学院,2025,海南,本科批,综合,（03）,,482,34386,
593,长春建筑学院,2025,海南,本科批,综合,（02）,,483,38086,
594,长春科技学院,2025,海南,本科批,综合,（02）,,497,38086,
594,长春科技学院,2025,海南,本科批,综合,（04）,,479,43089,
594,长春科技学院,2025,海南,本科批,综合,（03）,,519,32070,
594,长春科技学院,2025,海南,本科批,综合,（05）,,521,31468,
595,吉林动画学院,2025,海南,本科批,综合,（02）,,501,32369,
595,吉林动画学院,2025,海南,本科批,综合,（03）,,481,39778,
597,长春大学旅游学院,2025,海南,本科批,综合,（01）,,485,36949,
597,长春大学旅游学院,2025,海南,本科批,综合,（03）,,489,36949,
597,长春大学旅游学院,2025,海南,本科批,综合,（02）,,492,38358,
598,长春人文学院,2025,海南,本科批,综合,（01）,,508,30611,
598,长春人文学院,2025,海南,本科批,综合,（02）,,483,35825,
599,吉林医药学院,2025,海南,本科批,综合,,,509,25123,
599,吉林医药学院,2025,海南,本科批,综合,（01）,,515,26163,
6001,海南大学,2025,海南,本科批,综合,,,542,3157,
6001,海南大学,2025,海南,本科批,综合,（23）,,621,8697,
6001,海南大学,2025,海南,本科批,综合,（26）,,649,5164,
6001,海南大学,2025,海南,本科批,综合,（25）,,656,4238,
6001,海南大学,2025,海南,本科批,综合,（27）,,559,21189,
6001,海南大学,2025,海南,本科批,综合,（24）,,668,3587,
6001,海南大学,2025,海南,本科批,综合,（21）,,619,7724,
6002,海南热带海洋学院,2025,海南,本科批,综合,,,495,17772,
6002,海南热带海洋学院,2025,海南,本科批,综合,（11）,,578,16685,
6002,海南热带海洋学院,2025,海南,本科批,综合,（09）,,564,19738,
6003,海南师范大学,2025,海南,本科批,综合,,,562,9286,
6003,海南师范大学,2025,海南,本科批,综合,（28）,,595,13116,
6003,海南师范大学,2025,海南,本科批,综合,（27）,,620,8822,
6003,海南师范大学,2025,海南,本科批,综合,（29）,,607,9485,
6003,海南师范大学,2025,海南,本科批,综合,（26）,,630,7443,
6003,海南师范大学,2025,海南,本科批,综合,（25）,,567,17584,
6003,海南师范大学,2025,海南,本科批,综合,（23）,,587,14726,
6004,海南医科大学,2025,海南,本科批,综合,,,580,9938,
6004,海南医科大学,2025,海南,本科批,综合,（10）,,565,17584,
6011,琼台师范学院,2025,海南,本科批,综合,,,511,13518,
6011,琼台师范学院,2025,海南,本科批,综合,（15）,,586,14931,
6011,琼台师范学院,2025,海南,本科批,综合,（14）,,537,22214,
6011,琼台师范学院,2025,海南,本科批,综合,（13）,,565,19738,
620,黑龙江大学,2025,海南,本科批,综合,（02）,,544,11462,
620,黑龙江大学,2025,海南,本科批,综合,（04）,,606,10923,
620,黑龙江大学,2025,海南,本科批,综合,（03）,,528,26163,
622,哈尔滨理工大学,2025,海南,本科批,综合,（01）,,588,8143,
624,黑龙江科技大学,2025,海南,本科批,综合,（01）,,544,17584,
624,黑龙江科技大学,2025,海南,本科批,综合,（02）,,548,15369,
625,东北石油大学,2025,海南,本科批,综合,,,545,11264,
625,东北石油大学,2025,海南,本科批,综合,（01）,,557,13518,
626,佳木斯大学,2025,海南,本科批,综合,（02）,,544,25123,
626,佳木斯大学,2025,海南,本科批,综合,（01）,,518,32369,
629,东北林业大学,2025,海南,本科批,综合,（01）,,603,5356,
629,东北林业大学,2025,海南,本科批,综合,,,566,6129,
630,哈尔滨医科大学,2025,海南,本科批,综合,（02）,,554,6129,
630,哈尔滨医科大学,2025,海南,本科批,综合,（80）,,641,6129,
631,黑龙江中医药大学,2025,海南,本科批,综合,（01）,,606,9286,
631,黑龙江中医药大学,2025,海南,本科批,综合,（02）,,519,27538,
631,黑龙江中医药大学,2025,海南,本科批,综合,（04）,,603,11640,
631,黑龙江中医药大学,2025,海南,本科批,综合,（03）,,574,17584,
632,牡丹江医科大学,2025,海南,本科批,综合,（02）,,549,23195,
632,牡丹江医科大学,2025,海南,本科批,综合,（01）,,552,17772,
633,哈尔滨师范大学,2025,海南,本科批,综合,（02）,,574,16238,
633,哈尔滨师范大学,2025,海南,本科批,综合,（04）,,610,10420,
633,哈尔滨师范大学,2025,海南,本科批,综合,（03）,,529,29206,
634,齐齐哈尔大学,2025,海南,本科批,综合,（01）,,567,19243,
634,齐齐哈尔大学,2025,海南,本科批,综合,（03）,,588,14522,
634,齐齐哈尔大学,2025,海南,本科批,综合,（02）,,531,22214,
636,哈尔滨学院,2025,海南,本科批,综合,（01）,,555,16877,
636,哈尔滨学院,2025,海南,本科批,综合,（03）,,572,18018,
636,哈尔滨学院,2025,海南,本科批,综合,（02）,,516,28663,
640,哈尔滨商业大学,2025,海南,本科批,综合,（01）,,555,18255,
640,哈尔滨商业大学,2025,海南,本科批,综合,（02）,,535,26446,
65,中国劳动关系学院,2025,海南,本科批,综合,（01）,,589,8546,
65,中国劳动关系学院,2025,海南,本科批,综合,（02）,,576,14110,
683,黑河学院,2025,海南,本科批,综合,（01）,,552,21656,
683,黑河学院,2025,海南,本科批,综合,（02）,,517,32070,
705,华东理工大学,2025,海南,本科批,综合,（02）,,675,2774,
705,华东理工大学,2025,海南,本科批,综合,（03）,,695,1610,
706,上海理工大学,2025,海南,本科批,综合,（01）,,644,5663,
706,上海理工大学,2025,海南,本科批,综合,（02）,,641,4768,
707,上海海事大学,2025,海南,本科批,综合,（02）,,641,2483,
707,上海海事大学,2025,海南,本科批,综合,（03）,,631,6580,
711,上海健康医学院,2025,海南,本科批,综合,（01）,,581,16028,
711,上海健康医学院,2025,海南,本科批,综合,,,558,18478,
712,上海海洋大学,2025,海南,本科批,综合,（01）,,625,6820,
712,上海海洋大学,2025,海南,本科批,综合,（02）,,613,8280,
714,华东师范大学,2025,海南,本科批,综合,（04）,,729,746,
714,华东师范大学,2025,海南,本科批,综合,（05）,,732,397,
715,上海师范大学,2025,海南,本科批,综合,（02）,,642,4681,
715,上海师范大学,2025,海南,本科批,综合,（04）,,637,6580,
715,上海师范大学,2025,海南,本科批,综合,（03）,,597,8984,
717,上海财经大学,2025,海南,本科批,综合,（02）,,702,620,
717,上海财经大学,2025,海南,本科批,综合,（03）,,716,873,
718,上海对外经贸大学,2025,海南,本科批,综合,（01）,,647,5051,
722,上海体育大学,2025,海南,本科批,综合,（05）,,637,6580,
722,上海体育大学,2025,海南,本科批,综合,,,610,8822,
730,上海立信会计金融学院,2025,海南,本科批,综合,（02）,,624,4062,
730,上海立信会计金融学院,2025,海南,本科批,综合,（04）,,597,11462,
730,上海立信会计金融学院,2025,海南,本科批,综合,（03）,,610,7578,
733,上海杉达学院,2025,海南,本科批,综合,（01）,,530,27274,
733,上海杉达学院,2025,海南,本科批,综合,（02）,,488,10621,
734,上海政法学院,2025,海南,本科批,综合,（01）,,636,2483,
735,上海第二工业大学,2025,海南,本科批,综合,（02）,,614,8984,
735,上海第二工业大学,2025,海南,本科批,综合,（01）,,599,10420,
736,上海商学院,2025,海南,本科批,综合,（01）,,587,14358,
736,上海商学院,2025,海南,本科批,综合,（02）,,576,17094,
779,南京理工大学,2025,海南,本科批,综合,（03）,,682,2657,
779,南京理工大学,2025,海南,本科批,综合,（05）,,697,1454,
779,南京理工大学,2025,海南,本科批,综合,（04）,,670,3221,
780,江苏科技大学,2025,海南,本科批,综合,（02）,,571,8984,
782,南京工业大学,2025,海南,本科批,综合,（02）,,603,4963,
782,南京工业大学,2025,海南,本科批,综合,（01）,,629,7578,
783,常州大学,2025,海南,本科批,综合,（01）,,608,9938,
783,常州大学,2025,海南,本科批,综合,（03）,,574,12558,
783,常州大学,2025,海南,本科批,综合,（02）,,617,9286,
784,南京邮电大学,2025,海南,本科批,综合,（01）,,666,2036,
786,江南大学,2025,海南,本科批,综合,（03）,,678,2714,
786,江南大学,2025,海南,本科批,综合,（04）,,649,5165,
788,江苏大学,2025,海南,本科批,综合,（01）,,630,5051,
788,江苏大学,2025,海南,本科批,综合,（03）,,619,4768,
788,江苏大学,2025,海南,本科批,综合,（02）,,632,6934,
789,南京信息工程大学,2025,海南,本科批,综合,（01）,,662,2597,
798,南京师范大学,2025,海南,本科批,综合,（01）,,654,4768,
799,江苏师范大学,2025,海南,本科批,综合,（01）,,620,4314,
799,江苏师范大学,2025,海南,本科批,综合,（02）,,649,5269,
8,北京科技大学,2025,海南,本科批,综合,（02）,,685,2483,
8,北京科技大学,2025,海南,本科批,综合,（04）,,705,1454,
8,北京科技大学,2025,海南,本科批,综合,（03）,,706,1528,
806,苏州科技大学,2025,海南,本科批,综合,,,589,10420,
806,苏州科技大学,2025,海南,本科批,综合,（02）,,599,12182,
807,苏州工学院,2025,海南,本科批,综合,（01）,,593,11640,
807,苏州工学院,2025,海南,本科批,综合,（03）,,580,13911,
807,苏州工学院,2025,海南,本科批,综合,（02）,,583,15369,
814,金陵科技学院,2025,海南,本科批,综合,（01）,,586,12365,
814,金陵科技学院,2025,海南,本科批,综合,（02）,,567,11126,
819,徐州工程学院,2025,海南,本科批,综合,（01）,,581,14726,
819,徐州工程学院,2025,海南,本科批,综合,（03）,,567,19243,
819,徐州工程学院,2025,海南,本科批,综合,（02）,,574,16448,
822,扬州大学,2025,海南,本科批,综合,（01）,,646,3157,
822,扬州大学,2025,海南,本科批,综合,（03）,,598,7443,
822,扬州大学,2025,海南,本科批,综合,（02）,,625,8143,
824,南京工程学院,2025,海南,本科批,综合,（01）,,616,9485,
824,南京工程学院,2025,海南,本科批,综合,（02）,,616,8143,
835,南京特殊教育师范学院,2025,海南,本科批,综合,（01）,,595,8697,
835,南京特殊教育师范学院,2025,海南,本科批,综合,（02）,,537,23459,
895,南京师范大学泰州学院,2025,海南,本科批,综合,（01）,,553,19954,
93,北京大学医学部,2025,海南,本科批,综合,（01）,,815,105,
944,西交利物浦大学,2025,海南,本科批,综合,（01）,,616,9485,
944,西交利物浦大学,2025,海南,本科批,综合,（03）,,613,9938,
944,西交利物浦大学,2025,海南,本科批,综合,（02）,,604,11462,
952,浙江工业大学,2025,海南,本科批,综合,（02）,,649,4584,
952,浙江工业大学,2025,海南,本科批,综合,（01）,,637,6580,
953,浙江理工大学,2025,海南,本科批,综合,（01）,,641,6129,
953,浙江理工大学,2025,海南,本科批,综合,（03）,,628,5051,
953,浙江理工大学,2025,海南,本科批,综合,（02）,,616,9485,
954,浙江海洋大学,2025,海南,本科批,综合,（01）,,572,13725,
955,浙江农林大学,2025,海南,本科批,综合,（01）,,650,4584,
955,浙江农林大学,2025,海南,本科批,综合,（03）,,573,15806,
955,浙江农林大学,2025,海南,本科批,综合,（02）,,623,8400,
956,温州医科大学,2025,海南,本科批,综合,（01）,,682,2035,
957,浙江中医药大学,2025,海南,本科批,综合,,,648,3824,
958,浙江师范大学,2025,海南,本科批,综合,（01）,,629,7322,
958,浙江师范大学,2025,海南,本科批,综合,（02）,,614,4238,
963,温州大学,2025,海南,本科批,综合,（01）,,660,3898,
965,浙江工商大学,2025,海南,本科批,综合,（02）,,621,4062,
965,浙江工商大学,2025,海南,本科批,综合,（04）,,604,11462,
965,浙江工商大学,2025,海南,本科批,综合,（03）,,641,6129,
966,嘉兴大学,2025,海南,本科批,综合,（01）,,602,9286,
968,中国计量大学,2025,海南,本科批,综合,（02）,,645,4856,
968,中国计量大学,2025,海南,本科批,综合,（01）,,645,3356,
971,浙江万里学院,2025,海南,本科批,综合,（01）,,554,19954,
971,浙江万里学院,2025,海南,本科批,综合,（03）,,517,25618,
971,浙江万里学院,2025,海南,本科批,综合,（02）,,547,20421,
977,衢州学院,2025,海南,本科批,综合,（01）,,578,13518,
978,宁波大学,2025,海南,本科批,综合,（02）,,658,3508,
978,宁波大学,2025,海南,本科批,综合,（03）,,618,7178,
979,浙江传媒学院,2025,海南,本科批,综合,,,603,3660,
99,天津工业大学,2025,海南,本科批,综合,（02）,,626,6010,
99,天津工业大学,2025,海南,本科批,综合,（04）,,616,7322,
99,天津工业大学,2025,海南,本科批,综合,（03）,,616,5663,
1748,华中师范大学,2025,海南,本科提前批,综合,,,713,455,
1748,华中师范大学,2025,海南,本科提前批,综合,（09）,,731,809,
1748,华中师范大学,2025,海南,本科提前批,综合,（06）,,741,620,
1748,华中师范大学,2025,海南,本科提前批,综合,（03）,,698,1192,
2218,北部湾大学,2025,海南,本科提前批,综合,（01）,,534,23195,
2599,云南警官学院,2025,海南,本科提前批,综合,（01）,,568,6934,
35,中国消防救援学院,2025,海南,本科提前批,综合,（01）,,582,1993,
37,中国人民公安大学,2025,海南,本科提前批,综合,（01）,,666,445,
37,中国人民公安大学,2025,海南,本科提前批,综合,（02）,,509,410,
464,中国刑事警察学院,2025,海南,本科提前批,综合,（01）,,516,5051,
464,中国刑事警察学院,2025,海南,本科提前批,综合,（02）,,602,1489,
6002,海南热带海洋学院,2025,海南,本科提前批,综合,（01）,,500,37504,
6003,海南师范大学,2025,海南,本科提前批,综合,（02）,,555,14522,
6004,海南医科大学,2025,海南,本科提前批,综合,（01）,,558,21454,
6004,海南医科大学,2025,海南,本科提前批,综合,（02）,,491,40093,
6011,琼台师范学院,2025,海南,本科提前批,综合,（02）,,554,22467,
620,黑龙江大学,2025,海南,本科提前批,综合,（01）,,611,10262,
707,上海海事大学,2025,海南,本科提前批,综合,（01）,,578,8984,
714,华东师范大学,2025,海南,本科提前批,综合,,,692,318,
714,华东师范大学,2025,海南,本科提前批,综合,（03）,,738,168,
976,浙江警察学院,2025,海南,本科提前批,综合,（01）,,600,7178,
13,北京邮电大学,2025,海南,本科预科班批,综合,（03）,,664,3898,
2385,西南民族大学,2025,海南,本科预科班批,综合,,,552,22952,
2855,北方民族大学,2025,海南,本科预科班批,综合,（05）,,547,24344,
6002,海南热带海洋学院,2025,海南,本科预科班批,综合,（12）,,526,30093,
6003,海南师范大学,2025,海南,本科预科班批,综合,（30）,,552,22952,
6004,海南医科大学,2025,海南,本科预科班批,综合,（12）,,527,29804,
6011,琼台师范学院,2025,海南,本科预科班批,综合,（16）,,535,27538,
713,上海中医药大学,2025,海南,本科预科班批,综合,（01）,,515,11462,
1748,华中师范大学,2025,海南,高校专项计划批,综合,（不限）,,623,8400,
23,北京中医药大学,2025,海南,高校专项计划批,综合,（不限）,,644,5768,
714,华东师范大学,2025,海南,高校专项计划批,综合,（不限）,,675,3092,
714,华东师范大学,2025,海南,高校专项计划批,综合,（物化）,,595,13116,
100801,浙江纺织服装职业技术学院,2024,海南,专科批,综合,,,485,41238,
109001,安徽中医药高等专科学校,2024,海南,专科批,综合,,,491,23151,
114201,安徽审计职业学院,2024,海南,专科批,综合,,,469,40419,
11701,天津医学高等专科学校,2024,海南,专科批,综合,,,492,39297,
121301,厦门海洋职业技术学院,2024,海南,专科批,综合,,,473,41507,
12401,天津现代职业技术学院,2024,海南,专科批,综合,,,475,42765,
124602,厦门城市职业学院,2024,海南,专科批,综合,,,462,44105,
124603,厦门城市职业学院,2024,海南,专科批,综合,,,462,46579,
12501,天津公安警官职业学院,2024,海南,专科批,综合,,,472,,
125301,厦门软件职业技术学院,2024,海南,专科批,综合,,,454,48918,
125703,厦门东海职业技术学院,2024,海南,专科批,综合,,,414,56618,
128901,江西医学高等专科学校,2024,海南,专科批,综合,,,483,34493,
128902,江西医学高等专科学校,2024,海南,专科批,综合,,,460,43844,
130402,江西电力职业技术学院,2024,海南,专科批,综合,,,534,27473,
130901,江西信息应用职业技术学院,2024,海南,专科批,综合,,,466,46079,
132201,宜春职业技术学院,2024,海南,专科批,综合,,,511,24716,
134101,江西中医药高等专科学校,2024,海南,专科批,综合,,,499,35056,
134401,江西制造职业技术学院,2024,海南,专科批,综合,,,464,43308,
137101,江西婺源茶业职业学院,2024,海南,专科批,综合,,,456,48440,
143302,山东职业学院,2024,海南,专科批,综合,,,488,40419,
143704,烟台南山学院,2024,海南,专科批,综合,,,385,56919,
148701,山东旅游职业学院,2024,海南,专科批,综合,,,435,52953,
150901,枣庄职业学院,2024,海南,专科批,综合,,,458,,
150980,枣庄职业学院,2024,海南,专科批,综合,,,332,,
156802,河南职业技术学院,2024,海南,专科批,综合,,,482,42014,
158601,濮阳职业技术学院,2024,海南,专科批,综合,,,403,58219,
159201,黄河水利职业技术学院,2024,海南,专科批,综合,,,554,22142,
160401,鹤壁职业技术学院,2024,海南,专科批,综合,,,452,47550,
163601,河南工业贸易职业学院,2024,海南,专科批,综合,,,424,54970,
168001,郑州卫生健康职业学院,2024,海南,专科批,综合,,,458,47550,
173201,汉江师范学院,2024,海南,专科批,综合,,,547,22142,
175701,武汉城市职业学院,2024,海南,专科批,综合,,,460,47550,
176002,湖北中医药高等专科学校,2024,海南,专科批,综合,,,553,22416,
177701,湖北三峡职业技术学院,2024,海南,专科批,综合,,,442,25810,
178201,武汉警官职业学院,2024,海南,专科批,综合,,,465,29380,
182005,江汉艺术职业学院,2024,海南,专科批,综合,,,479,42765,
182101,武汉民政职业学院,2024,海南,专科批,综合,,,467,33109,
182401,黄冈科技职业学院,2024,海南,专科批,综合,,,429,52770,
182480,黄冈科技职业学院,2024,海南,专科批,综合,,,359,62581,
187402,湖南工业职业技术学院,2024,海南,专科批,综合,,,487,40700,
190601,长沙商贸旅游职业技术学院,2024,海南,专科批,综合,,,487,40700,
192101,湖南邮电职业技术学院,2024,海南,专科批,综合,,,470,45091,
192201,湘潭医卫职业技术学院,2024,海南,专科批,综合,,,468,45588,
19402,邢台医学院,2024,海南,专科批,综合,,,525,29966,
195901,湖南安全技术职业学院,2024,海南,专科批,综合,,,460,47550,
197301,湖南幼儿师范高等专科学校,2024,海南,专科批,综合,,,462,47079,
202203,广东交通职业技术学院,2024,海南,专科批,综合,,,505,35622,
202301,广东水利电力职业技术学院,2024,海南,专科批,综合,,,397,58992,
202302,广东水利电力职业技术学院,2024,海南,专科批,综合,,,459,40965,
202303,广东水利电力职业技术学院,2024,海南,专科批,综合,,,337,64061,
20301,秦皇岛职业技术学院,2024,海南,专科批,综合,,,442,51520,
208001,广东省外语艺术职业学院,2024,海南,专科批,综合,,,437,52526,
209201,茂名职业技术学院,2024,海南,专科批,综合,,,498,37077,
211101,广州铁路职业技术学院,2024,海南,专科批,综合,,,537,26650,
211102,广州铁路职业技术学院,2024,海南,专科批,综合,,,527,29380,
211401,中山职业技术学院,2024,海南,专科批,综合,,,467,45840,
213002,惠州卫生职业技术学院,2024,海南,专科批,综合,,,518,31962,
213602,广东茂名健康职业学院,2024,海南,专科批,综合,,,468,45588,
213603,广东茂名健康职业学院,2024,海南,专科批,综合,,,429,54039,
213801,广东茂名幼儿师范专科学校,2024,海南,专科批,综合,,,503,26380,
219880,广西国际商务职业技术学院,2024,海南,专科批,综合,,,439,52114,
221701,广西电力职业技术学院,2024,海南,专科批,综合,,,457,36510,
224002,广西物流职业技术学院,2024,海南,专科批,综合,,,459,47782,
224601,桂林信息工程职业学院,2024,海南,专科批,综合,,,284,65336,
225204,崇左幼儿师范高等专科学校,2024,海南,专科批,综合,,,473,36510,
227001,重庆工业职业技术学院,2024,海南,专科批,综合,,,503,32517,
227002,重庆工业职业技术学院,2024,海南,专科批,综合,,,502,33109,
227301,重庆机电职业技术大学,2024,海南,专科批,综合,,,429,54039,
227502,重庆电子科技职业大学,2024,海南,专科批,综合,,,492,39297,
228102,重庆工程职业技术学院,2024,海南,专科批,综合,,,442,40700,
229102,重庆工商职业学院,2024,海南,专科批,综合,,,494,30534,
229180,重庆工商职业学院,2024,海南,专科批,综合,,,402,58343,
229401,重庆医药高等专科学校,2024,海南,专科批,综合,,,553,19373,
229402,重庆医药高等专科学校,2024,海南,专科批,综合,,,551,22908,
229601,重庆财经职业学院,2024,海南,专科批,综合,,,473,35899,
230101,重庆商务职业学院,2024,海南,专科批,综合,,,481,39563,
230201,重庆交通职业学院,2024,海南,专科批,综合,,,425,54748,
231001,重庆经贸职业学院,2024,海南,专科批,综合,,,414,56618,
236002,成都航空职业技术学院,2024,海南,专科批,综合,,,509,34493,
237101,绵阳职业技术学院,2024,海南,专科批,综合,,,463,46819,
237102,绵阳职业技术学院,2024,海南,专科批,综合,,,446,50691,
237201,四川交通职业技术学院,2024,海南,专科批,综合,,,484,41507,
237301,四川工商职业技术学院,2024,海南,专科批,综合,,,255,65918,
237401,四川工程职业技术大学,2024,海南,专科批,综合,,,508,20885,
237402,四川工程职业技术大学,2024,海南,专科批,综合,,,507,35056,
237501,四川建筑职业技术学院,2024,海南,专科批,综合,,,467,45588,
237502,四川建筑职业技术学院,2024,海南,专科批,综合,,,469,45332,
238101,宜宾职业技术学院,2024,海南,专科批,综合,,,470,45091,
242201,四川卫生康复职业学院,2024,海南,专科批,综合,,,464,46579,
248001,黔南民族医学高等专科学校,2024,海南,专科批,综合,,,477,43308,
248601,安顺职业技术学院,2024,海南,专科批,综合,,,445,50861,
250401,遵义医药高等专科学校,2024,海南,专科批,综合,,,497,33405,
256602,昆明冶金高等专科学校,2024,海南,专科批,综合,,,455,48682,
256603,昆明冶金高等专科学校,2024,海南,专科批,综合,,,410,57213,
256801,云南国土资源职业学院,2024,海南,专科批,综合,,,439,52114,
26201,河北轨道运输职业技术学院,2024,海南,专科批,综合,,,482,39563,
269601,西安交通工程学院,2024,海南,专科批,综合,,,462,47079,
271301,西安铁路职业技术学院,2024,海南,专科批,综合,,,496,38160,
272301,陕西工商职业学院,2024,海南,专科批,综合,,,446,50691,
284205,新疆和田学院,2024,海南,专科批,综合,,,478,43056,
32201,临汾职业技术学院,2024,海南,专科批,综合,,,439,45332,
32301,山西职业技术学院,2024,海南,专科批,综合,,,454,42765,
57401,长春金融高等专科学校,2024,海南,专科批,综合,,,455,37924,
600213,海南热带海洋学院,2024,海南,专科批,综合,,,445,47782,
600580,海南职业技术学院,2024,海南,专科批,综合,,,435,52953,
600780,三亚城市职业学院,2024,海南,专科批,综合,,,255,65918,
600781,三亚城市职业学院,2024,海南,专科批,综合,,,255,65918,
600881,海南软件职业技术学院,2024,海南,专科批,综合,,,523,30534,
601080,海南外国语职业学院,2024,海南,专科批,综合,,,459,47782,
601081,海南外国语职业学院,2024,海南,专科批,综合,,,467,45840,
601115,琼台师范学院,2024,海南,专科批,综合,,,437,29380,
601981,三亚中瑞酒店管理职业学院,2024,海南,专科批,综合,,,255,65918,
602192,海南卫生健康职业学院,2024,海南,专科批,综合,,,489,40101,
610001,重庆城市管理职业学院,2024,海南,专科批,综合,,,517,32234,
64501,黑龙江职业学院,2024,海南,专科批,综合,,,442,46579,
67501,哈尔滨城市职业学院,2024,海南,专科批,综合,,,382,60712,
67801,黑龙江生态工程职业学院,2024,海南,专科批,综合,,,415,56459,
69101,哈尔滨幼儿师范高等专科学校,2024,海南,专科批,综合,,,270,65791,
71701,上海旅游高等专科学校,2024,海南,专科批,综合,,,446,46328,
74901,上海农林职业技术学院,2024,海南,专科批,综合,,,462,,
80701,江苏建筑职业技术学院,2024,海南,专科批,综合,,,473,39563,
81301,连云港职业技术学院,2024,海南,专科批,综合,,,478,34786,
81401,镇江市高等专科学校,2024,海南,专科批,综合,,,476,42014,
85801,太湖创意职业技术学院,2024,海南,专科批,综合,,,308,65128,
87501,南京信息职业技术学院,2024,海南,专科批,综合,,,526,,
88901,江苏财经职业技术学院,2024,海南,专科批,综合,,,522,30842,
92501,江苏商贸职业学院,2024,海南,专科批,综合,,,472,32234,
126201,泉州海洋职业学院,2024,海南,专科提前批,综合,,,448,50242,
176201,武汉船舶职业技术学院,2024,海南,专科提前批,综合,,,485,,
600411,海南医科大学,2024,海南,专科提前批,综合,,,255,65918,
600480,海南医科大学,2024,海南,专科提前批,综合,,,255,65918,
600481,海南医科大学,2024,海南,专科提前批,综合,,,255,65918,
600482,海南医科大学,2024,海南,专科提前批,综合,,,430,53854,
600483,海南医科大学,2024,海南,专科提前批,综合,,,452,49374,
600484,海南医科大学,2024,海南,专科提前批,综合,,,255,65918,
600485,海南医科大学,2024,海南,专科提前批,综合,,,455,48682,
600486,海南医科大学,2024,海南,专科提前批,综合,,,306,65177,
600487,海南医科大学,2024,海南,专科提前批,综合,,,475,43844,
600488,海南医科大学,2024,海南,专科提前批,综合,,,459,47782,
600489,海南医科大学,2024,海南,专科提前批,综合,,,454,48918,
600490,海南医科大学,2024,海南,专科提前批,综合,,,446,50691,
600491,海南医科大学,2024,海南,专科提前批,综合,,,380,60908,
600492,海南医科大学,2024,海南,专科提前批,综合,,,457,48227,
600493,海南医科大学,2024,海南,专科提前批,综合,,,465,46328,
600494,海南医科大学,2024,海南,专科提前批,综合,,,452,49374,
600495,海南医科大学,2024,海南,专科提前批,综合,,,448,50242,
602159,海南卫生健康职业学院,2024,海南,专科提前批,综合,,,506,35366,
602160,海南卫生健康职业学院,2024,海南,专科提前批,综合,,,255,65918,
602161,海南卫生健康职业学院,2024,海南,专科提前批,综合,,,255,65918,
602162,海南卫生健康职业学院,2024,海南,专科提前批,综合,,,478,43056,
602163,海南卫生健康职业学院,2024,海南,专科提前批,综合,,,497,37924,
602164,海南卫生健康职业学院,2024,海南,专科提前批,综合,,,454,48918,
602165,海南卫生健康职业学院,2024,海南,专科提前批,综合,,,411,57082,
602166,海南卫生健康职业学院,2024,海南,专科提前批,综合,,,432,53524,
602167,海南卫生健康职业学院,2024,海南,专科提前批,综合,,,407,57659,
602168,海南卫生健康职业学院,2024,海南,专科提前批,综合,,,501,36812,
602169,海南卫生健康职业学院,2024,海南,专科提前批,综合,,,459,47782,
602170,海南卫生健康职业学院,2024,海南,专科提前批,综合,,,255,65918,
602171,海南卫生健康职业学院,2024,海南,专科提前批,综合,,,471,44843,
602172,海南卫生健康职业学院,2024,海南,专科提前批,综合,,,255,65918,
602173,海南卫生健康职业学院,2024,海南,专科提前批,综合,,,457,48227,
602174,海南卫生健康职业学院,2024,海南,专科提前批,综合,,,465,46328,
602175,海南卫生健康职业学院,2024,海南,专科提前批,综合,,,455,48682,
602176,海南卫生健康职业学院,2024,海南,专科提前批,综合,,,436,52770,
602179,海南卫生健康职业学院,2024,海南,专科提前批,综合,,,255,65918,
602180,海南卫生健康职业学院,2024,海南,专科提前批,综合,,,490,39844,
602181,海南卫生健康职业学院,2024,海南,专科提前批,综合,,,504,35899,
602182,海南卫生健康职业学院,2024,海南,专科提前批,综合,,,517,32234,
602183,海南卫生健康职业学院,2024,海南,专科提前批,综合,,,492,39297,
602184,海南卫生健康职业学院,2024,海南,专科提前批,综合,,,539,26094,
602185,海南卫生健康职业学院,2024,海南,专科提前批,综合,,,530,28572,
602186,海南卫生健康职业学院,2024,海南,专科提前批,综合,,,488,40419,
602187,海南卫生健康职业学院,2024,海南,专科提前批,综合,,,502,36510,
602188,海南卫生健康职业学院,2024,海南,专科提前批,综合,,,466,46079,
602189,海南卫生健康职业学院,2024,海南,专科提前批,综合,,,505,35622,
602190,海南卫生健康职业学院,2024,海南,专科提前批,综合,,,482,42014,
602191,海南卫生健康职业学院,2024,海南,专科提前批,综合,,,481,42257,
83902,江苏海事职业技术学院,2024,海南,专科提前批,综合,,,534,,
181301,武汉交通职业学院,2024,海南,专科提前批(面试),综合,,,459,,
188801,长沙航空职业技术学院,2024,海南,专科提前批(面试),综合,,,478,18906,
236001,成都航空职业技术学院,2024,海南,专科提前批(面试),综合,,,513,33405,
83901,江苏海事职业技术学院,2024,海南,专科提前批(面试),综合,,,462,,
97601,浙江交通职业技术学院,2024,海南,专科提前批(面试),综合,,,446,47998,
105701,合肥工业大学,2024,海南,国家专项,综合,,,642,5905,
118201,厦门大学,2024,海南,国家专项,综合,,,669,3468,
118601,福建农林大学,2024,海南,国家专项,综合,,,565,19373,
119501,闽南师范大学,2024,海南,国家专项,综合,,,617,9159,
1301,北京邮电大学,2024,海南,国家专项,综合,,,683,2567,
138601,中国海洋大学,2024,海南,国家专项,综合,,,654,4713,
138801,中国石油大学(华东),2024,海南,国家专项,综合,,,632,6586,
154301,山东大学威海分校,2024,海南,国家专项,综合,,,662,3996,
171501,武汉大学,2024,海南,国家专项,综合,,,691,2145,
171502,武汉大学,2024,海南,国家专项,综合,,,692,2093,
171601,华中科技大学,2024,海南,国家专项,综合,,,717,1159,
172002,中国地质大学(武汉),2024,海南,国家专项,综合,,,654,4713,
172302,武汉理工大学,2024,海南,国家专项,综合,,,661,4080,
172712,华中师范大学,2024,海南,国家专项,综合,,,684,2517,
173704,中南民族大学,2024,海南,国家专项,综合,,,618,9022,
173705,中南民族大学,2024,海南,国家专项,综合,,,593,13321,
1801,中国农业大学,2024,海南,国家专项,综合,,,670,3396,
18303,中国人民警察大学,2024,海南,国家专项,综合,,,566,19137,
185401,湖南大学,2024,海南,国家专项,综合,,,655,4593,
185501,中南大学,2024,海南,国家专项,综合,,,672,3261,
199601,中山大学,2024,海南,国家专项,综合,,,656,4510,
199701,暨南大学,2024,海南,国家专项,综合,,,632,7099,
199902,华南理工大学,2024,海南,国家专项,综合,,,675,3055,
225302,重庆大学,2024,海南,国家专项,综合,,,569,18472,
225303,重庆大学,2024,海南,国家专项,综合,,,653,4781,
232301,西南大学,2024,海南,国家专项,综合,,,588,14321,
232501,四川大学,2024,海南,国家专项,综合,,,656,4510,
232601,西南交通大学,2024,海南,国家专项,综合,,,622,5793,
232701,电子科技大学,2024,海南,国家专项,综合,,,710,1375,
235106,西南民族大学,2024,海南,国家专项,综合,,,609,9795,
264201,西安交通大学,2024,海南,国家专项,综合,,,678,2871,
264202,西安交通大学,2024,海南,国家专项,综合,,,682,2624,
264501,西安电子科技大学,2024,海南,国家专项,综合,,,648,2805,
265201,长安大学,2024,海南,国家专项,综合,,,640,5168,
265301,西北农林科技大学,2024,海南,国家专项,综合,,,654,4713,
265511,陕西师范大学,2024,海南,国家专项,综合,,,658,4330,
265512,陕西师范大学,2024,海南,国家专项,综合,,,676,3001,
2701,北京外国语大学,2024,海南,国家专项,综合,,,658,4330,
275704,西北民族大学,2024,海南,国家专项,综合,,,588,14321,
275705,西北民族大学,2024,海南,国家专项,综合,,,571,17978,
2902,北京语言大学,2024,海南,国家专项,综合,,,606,10952,
3002,中国传媒大学,2024,海南,国家专项,综合,,,654,4713,
3003,中国传媒大学,2024,海南,国家专项,综合,,,650,5072,
301,清华大学,2024,海南,国家专项,综合,,,740,626,
302,清华大学,2024,海南,国家专项,综合,,,765,311,
3201,对外经济贸易大学,2024,海南,国家专项,综合,,,668,3539,
43101,辽宁大学,2024,海南,国家专项,综合,,,633,6368,
43201,大连理工大学,2024,海南,国家专项,综合,,,677,2924,
43301,沈阳工业大学,2024,海南,国家专项,综合,,,623,8295,
43601,东北大学,2024,海南,国家专项,综合,,,650,,
44401,沈阳建筑大学,2024,海南,国家专项,综合,,,569,18472,
46001,东北财经大学,2024,海南,国家专项,综合,,,607,10761,
4901,华北电力大学(北京),2024,海南,国家专项,综合,,,644,5701,
501,北京工业大学,2024,海南,国家专项,综合,,,629,7486,
55706,东北师范大学,2024,海南,国家专项,综合,,,625,8008,
600106,海南大学,2024,海南,国家专项,综合,,,661,2406,
600107,海南大学,2024,海南,国家专项,综合,,,605,7880,
600108,海南大学,2024,海南,国家专项,综合,,,590,5279,
600109,海南大学,2024,海南,国家专项,综合,,,604,11285,
600110,海南大学,2024,海南,国家专项,综合,,,662,3996,
600111,海南大学,2024,海南,国家专项,综合,,,668,3539,
600112,海南大学,2024,海南,国家专项,综合,,,640,6127,
600312,海南师范大学,2024,海南,国家专项,综合,,,574,17335,
600313,海南师范大学,2024,海南,国家专项,综合,,,621,8571,
600314,海南师范大学,2024,海南,国家专项,综合,,,619,8868,
600402,海南医科大学,2024,海南,国家专项,综合,,,573,17552,
600403,海南医科大学,2024,海南,国家专项,综合,,,578,9643,
600460,海南医科大学,2024,海南,国家专项,综合,,,551,16442,
601,北京航空航天大学,2024,海南,国家专项,综合,,,732,780,
69903,复旦大学,2024,海南,国家专项,综合,,,730,822,
70101,上海交通大学,2024,海南,国家专项,综合,,,721,1038,
702,北京理工大学,2024,海南,国家专项,综合,,,687,1471,
70201,华东理工大学,2024,海南,国家专项,综合,,,666,3261,
71401,上海财经大学,2024,海南,国家专项,综合,,,677,2924,
71602,上海海关学院,2024,海南,国家专项,综合,,,619,8436,
71603,上海海关学院,2024,海南,国家专项,综合,,,619,8868,
71801,华东政法大学,2024,海南,国家专项,综合,,,642,5905,
76901,复旦大学医学院,2024,海南,国家专项,综合,,,657,4421,
77301,苏州大学,2024,海南,国家专项,综合,,,658,4330,
77302,苏州大学,2024,海南,国家专项,综合,,,662,3996,
77303,苏州大学,2024,海南,国家专项,综合,,,650,5072,
77401,东南大学,2024,海南,国家专项,综合,,,688,2294,
78201,河海大学,2024,海南,国家专项,综合,,,638,6368,
78302,江南大学,2024,海南,国家专项,综合,,,634,6830,
78801,南通大学,2024,海南,国家专项,综合,,,580,15994,
79001,南京农业大学,2024,海南,国家专项,综合,,,601,11844,
801,北京科技大学,2024,海南,国家专项,综合,,,667,3616,
94401,浙江大学,2024,海南,国家专项,综合,,,733,761,
95101,浙江中医药大学,2024,海南,国家专项,综合,,,603,10110,
9601,南开大学,2024,海南,国家专项,综合,,,688,2294,
9701,天津大学,2024,海南,国家专项,综合,,,676,3001,
97201,宁波大学,2024,海南,国家专项,综合,,,590,13900,
600113,海南大学,2024,海南,地方专项,综合,,,654,1821,
600114,海南大学,2024,海南,地方专项,综合,,,619,8163,
600115,海南大学,2024,海南,地方专项,综合,,,593,4256,
600116,海南大学,2024,海南,地方专项,综合,,,612,9934,
600117,海南大学,2024,海南,地方专项,综合,,,669,3468,
600118,海南大学,2024,海南,地方专项,综合,,,683,2567,
600119,海南大学,2024,海南,地方专项,综合,,,649,5168,
600316,海南师范大学,2024,海南,地方专项,综合,,,612,9934,
600318,海南师范大学,2024,海南,地方专项,综合,,,578,16442,
600319,海南师范大学,2024,海南,地方专项,综合,,,637,6498,
600320,海南师范大学,2024,海南,地方专项,综合,,,634,6830,
600321,海南师范大学,2024,海南,地方专项,综合,,,635,6726,
600404,海南医科大学,2024,海南,地方专项,综合,,,612,9934,
600405,海南医科大学,2024,海南,地方专项,综合,,,602,11475,
600406,海南医科大学,2024,海南,地方专项,综合,,,584,5905,
600461,海南医科大学,2024,海南,地方专项,综合,,,578,14092,
600462,海南医科大学,2024,海南,地方专项,综合,,,574,16225,
10001,中国民航大学,2024,海南,本科批,综合,,,638,4330,
10002,中国民航大学,2024,海南,本科批,综合,,,652,4593,
10003,中国民航大学,2024,海南,本科批,综合,,,624,3691,
10004,中国民航大学,2024,海南,本科批,综合,,,643,5793,
1001,北京化工大学,2024,海南,本科批,综合,,,669,3261,
100201,宁波财经学院,2024,海南,本科批,综合,,,518,30842,
10101,天津理工大学,2024,海南,本科批,综合,,,608,10596,
10102,天津理工大学,2024,海南,本科批,综合,,,585,9934,
102,北京大学,2024,海南,本科批,综合,,,838,8,
10201,天津农学院,2024,海南,本科批,综合,,,569,15994,
10202,天津农学院,2024,海南,本科批,综合,,,483,24716,
10203,天津农学院,2024,海南,本科批,综合,,,574,17335,
102701,嘉兴南湖学院,2024,海南,本科批,综合,,,599,11656,
102702,嘉兴南湖学院,2024,海南,本科批,综合,,,582,15113,
103,北京大学,2024,海南,本科批,综合,,,849,10,
10301,天津医科大学,2024,海南,本科批,综合,,,678,2871,
10302,天津医科大学,2024,海南,本科批,综合,,,672,3261,
10303,天津医科大学,2024,海南,本科批,综合,,,662,914,
10401,天津中医药大学,2024,海南,本科批,综合,,,610,10279,
10402,天津中医药大学,2024,海南,本科批,综合,,,641,5279,
105001,宁波诺丁汉大学,2024,海南,本科批,综合,,,618,9022,
105002,宁波诺丁汉大学,2024,海南,本科批,综合,,,624,8163,
10502,天津师范大学,2024,海南,本科批,综合,,,645,1821,
10503,天津师范大学,2024,海南,本科批,综合,,,638,5279,
105301,浙江大学医学院,2024,海南,本科批,综合,,,769,275,
105501,安徽大学,2024,海南,本科批,综合,,,670,1696,
105502,安徽大学,2024,海南,本科批,综合,,,664,3261,
105601,中国科学技术大学,2024,海南,本科批,综合,,,806,86,
105702,合肥工业大学,2024,海南,本科批,综合,,,659,3845,
105703,合肥工业大学,2024,海南,本科批,综合,,,650,2871,
105901,安徽理工大学,2024,海南,本科批,综合,,,589,8008,
10601,天津职业技术师范大学,2024,海南,本科批,综合,,,583,13128,
10602,天津职业技术师范大学,2024,海南,本科批,综合,,,527,11285,
106101,安徽农业大学,2024,海南,本科批,综合,,,607,10110,
106102,安徽农业大学,2024,海南,本科批,综合,,,486,19373,
106201,安徽医科大学,2024,海南,本科批,综合,,,588,9643,
106301,蚌埠医科大学,2024,海南,本科批,综合,,,585,14905,
106603,安徽师范大学,2024,海南,本科批,综合,,,602,11138,
106604,安徽师范大学,2024,海南,本科批,综合,,,521,19137,
106801,安庆师范大学,2024,海南,本科批,综合,,,588,13501,
106902,淮北师范大学,2024,海南,本科批,综合,,,596,8571,
106903,淮北师范大学,2024,海南,本科批,综合,,,582,11844,
106904,淮北师范大学,2024,海南,本科批,综合,,,599,9795,
106905,淮北师范大学,2024,海南,本科批,综合,,,479,22908,
106906,淮北师范大学,2024,海南,本科批,综合,,,607,9314,
10702,天津外国语大学,2024,海南,本科批,综合,,,604,8717,
10703,天津外国语大学,2024,海南,本科批,综合,,,610,10279,
10704,天津外国语大学,2024,海南,本科批,综合,,,614,9643,
10705,天津外国语大学,2024,海南,本科批,综合,,,613,8436,
107301,安徽财经大学,2024,海南,本科批,综合,,,607,8163,
107302,安徽财经大学,2024,海南,本科批,综合,,,601,8436,
107303,安徽财经大学,2024,海南,本科批,综合,,,609,10437,
10780,天津外国语大学,2024,海南,本科批,综合,,,584,10952,
107901,安徽建筑大学,2024,海南,本科批,综合,,,610,10279,
107902,安徽建筑大学,2024,海南,本科批,综合,,,585,14905,
107903,安徽建筑大学,2024,海南,本科批,综合,,,579,10761,
1080,北京化工大学,2024,海南,本科批,综合,,,678,2406,
10801,天津商业大学,2024,海南,本科批,综合,,,601,9159,
108301,合肥大学,2024,海南,本科批,综合,,,589,12722,
108501,蚌埠学院,2024,海南,本科批,综合,,,527,28572,
10902,天津财经大学,2024,海南,本科批,综合,,,630,5701,
10903,天津财经大学,2024,海南,本科批,综合,,,622,6019,
10904,天津财经大学,2024,海南,本科批,综合,,,638,6368,
1101,北京工商大学,2024,海南,本科批,综合,,,665,3764,
1102,北京工商大学,2024,海南,本科批,综合,,,654,3691,
1103,北京工商大学,2024,海南,本科批,综合,,,654,4713,
11301,河北工业大学,2024,海南,本科批,综合,,,641,4330,
113101,合肥城市学院,2024,海南,本科批,综合,,,525,29966,
113102,合肥城市学院,2024,海南,本科批,综合,,,518,31962,
11401,天津城建大学,2024,海南,本科批,综合,,,591,12898,
11402,天津城建大学,2024,海南,本科批,综合,,,490,13501,
11501,天津天狮学院,2024,海南,本科批,综合,,,516,32517,
11502,天津天狮学院,2024,海南,本科批,综合,,,492,37370,
118001,合肥工业大学,2024,海南,本科批,综合,,,660,4172,
118002,合肥工业大学,2024,海南,本科批,综合,,,646,5489,
118003,合肥工业大学,2024,海南,本科批,综合,,,654,3845,
118004,合肥工业大学,2024,海南,本科批,综合,,,647,5370,
118202,厦门大学,2024,海南,本科批,综合,,,751,221,
118203,厦门大学,2024,海南,本科批,综合,,,717,521,
118280,厦门大学,2024,海南,本科批,综合,,,591,4080,
118281,厦门大学,2024,海南,本科批,综合,,,749,369,
118301,华侨大学,2024,海南,本科批,综合,,,627,4884,
118302,华侨大学,2024,海南,本科批,综合,,,619,5489,
118402,福州大学,2024,海南,本科批,综合,,,662,2567,
118403,福州大学,2024,海南,本科批,综合,,,659,4256,
118501,福建理工大学,2024,海南,本科批,综合,,,593,12377,
118502,福建理工大学,2024,海南,本科批,综合,,,543,24716,
118602,福建农林大学,2024,海南,本科批,综合,,,571,17552,
118603,福建农林大学,2024,海南,本科批,综合,,,601,11844,
118604,福建农林大学,2024,海南,本科批,综合,,,491,12004,
118702,集美大学,2024,海南,本科批,综合,,,635,6231,
118703,集美大学,2024,海南,本科批,综合,,,589,9643,
118704,集美大学,2024,海南,本科批,综合,,,489,31653,
119001,福建师范大学,2024,海南,本科批,综合,,,588,5610,
119101,闽江学院,2024,海南,本科批,综合,,,586,12898,
119102,闽江学院,2024,海南,本科批,综合,,,588,14092,
119103,闽江学院,2024,海南,本科批,综合,,,523,21396,
119201,武夷学院,2024,海南,本科批,综合,,,577,15113,
119202,武夷学院,2024,海南,本科批,综合,,,508,13666,
119402,泉州师范学院,2024,海南,本科批,综合,,,594,12004,
119403,泉州师范学院,2024,海南,本科批,综合,,,501,25810,
119404,泉州师范学院,2024,海南,本科批,综合,,,556,21627,
119405,泉州师范学院,2024,海南,本科批,综合,,,603,10952,
119480,泉州师范学院,2024,海南,本科批,综合,,,538,26380,
119502,闽南师范大学,2024,海南,本科批,综合,,,588,14092,
119503,闽南师范大学,2024,海南,本科批,综合,,,497,37924,
119701,厦门理工学院,2024,海南,本科批,综合,,,601,11844,
119702,厦门理工学院,2024,海南,本科批,综合,,,589,13321,
119801,三明学院,2024,海南,本科批,综合,,,573,17335,
119802,三明学院,2024,海南,本科批,综合,,,569,16442,
119803,三明学院,2024,海南,本科批,综合,,,522,16442,
120501,莆田学院,2024,海南,本科批,综合,,,555,21888,
120502,莆田学院,2024,海南,本科批,综合,,,542,20113,
120801,仰恩大学,2024,海南,本科批,综合,,,558,21127,
121501,厦门医学院,2024,海南,本科批,综合,,,580,15994,
121502,厦门医学院,2024,海南,本科批,综合,,,593,11656,
121503,厦门医学院,2024,海南,本科批,综合,,,585,12898,
121904,厦门华厦学院,2024,海南,本科批,综合,,,516,31393,
121905,厦门华厦学院,2024,海南,本科批,综合,,,510,34198,
121906,厦门华厦学院,2024,海南,本科批,综合,,,500,31110,
122001,闽南理工学院,2024,海南,本科批,综合,,,519,26380,
122002,闽南理工学院,2024,海南,本科批,综合,,,508,31962,
122301,泉州职业技术大学,2024,海南,本科批,综合,,,523,29966,
122401,闽南科技学院,2024,海南,本科批,综合,,,538,26380,
122601,厦门工学院,2024,海南,本科批,综合,,,508,32517,
122602,厦门工学院,2024,海南,本科批,综合,,,487,37632,
122802,厦门大学嘉庚学院,2024,海南,本科批,综合,,,561,16225,
122803,厦门大学嘉庚学院,2024,海南,本科批,综合,,,526,18472,
123002,集美大学诚毅学院,2024,海南,本科批,综合,,,556,21627,
123003,集美大学诚毅学院,2024,海南,本科批,综合,,,540,24716,
123004,集美大学诚毅学院,2024,海南,本科批,综合,,,538,23968,
123202,福州外语外贸学院,2024,海南,本科批,综合,,,519,22908,
123203,福州外语外贸学院,2024,海南,本科批,综合,,,514,32818,
123204,福州外语外贸学院,2024,海南,本科批,综合,,,517,31962,
123601,泉州信息工程学院,2024,海南,本科批,综合,,,516,32234,
123602,泉州信息工程学院,2024,海南,本科批,综合,,,509,34198,
123603,泉州信息工程学院,2024,海南,本科批,综合,,,485,31653,
127201,南昌大学,2024,海南,本科批,综合,,,660,2871,
127202,南昌大学,2024,海南,本科批,综合,,,642,3055,
127203,南昌大学,2024,海南,本科批,综合,,,650,5072,
127280,南昌大学,2024,海南,本科批,综合,,,648,5279,
127301,华东交通大学,2024,海南,本科批,综合,,,610,6498,
127302,华东交通大学,2024,海南,本科批,综合,,,612,8163,
127303,华东交通大学,2024,海南,本科批,综合,,,594,5905,
127380,华东交通大学,2024,海南,本科批,综合,,,577,16644,
127401,东华理工大学,2024,海南,本科批,综合,,,613,8008,
127402,东华理工大学,2024,海南,本科批,综合,,,493,11656,
127501,南昌航空大学,2024,海南,本科批,综合,,,609,9934,
127502,南昌航空大学,2024,海南,本科批,综合,,,586,8008,
127602,江西理工大学,2024,海南,本科批,综合,,,618,7486,
127603,江西理工大学,2024,海南,本科批,综合,,,608,9159,
127604,江西理工大学,2024,海南,本科批,综合,,,573,6830,
127680,江西理工大学,2024,海南,本科批,综合,,,605,11138,
127681,江西理工大学,2024,海南,本科批,综合,,,583,15317,
127702,景德镇陶瓷大学,2024,海南,本科批,综合,,,567,16442,
127801,江西农业大学,2024,海南,本科批,综合,,,598,12377,
127802,江西农业大学,2024,海南,本科批,综合,,,479,20364,
127901,江西中医药大学,2024,海南,本科批,综合,,,593,12551,
127902,江西中医药大学,2024,海南,本科批,综合,,,595,10437,
127903,江西中医药大学,2024,海南,本科批,综合,,,602,11656,
127904,江西中医药大学,2024,海南,本科批,综合,,,616,7486,
128001,赣南医科大学,2024,海南,本科批,综合,,,593,13321,
128002,赣南医科大学,2024,海南,本科批,综合,,,555,5489,
128102,江西师范大学,2024,海南,本科批,综合,,,630,2691,
128103,江西师范大学,2024,海南,本科批,综合,,,589,13128,
128104,江西师范大学,2024,海南,本科批,综合,,,485,6586,
128105,江西师范大学,2024,海南,本科批,综合,,,661,4080,
128106,江西师范大学,2024,海南,本科批,综合,,,661,4080,
128204,上饶师范学院,2024,海南,本科批,综合,,,588,13900,
128205,上饶师范学院,2024,海南,本科批,综合,,,585,14905,
128206,上饶师范学院,2024,海南,本科批,综合,,,562,10437,
128307,宜春学院,2024,海南,本科批,综合,,,579,13501,
128308,宜春学院,2024,海南,本科批,综合,,,572,17764,
128309,宜春学院,2024,海南,本科批,综合,,,485,25271,
128310,宜春学院,2024,海南,本科批,综合,,,569,18472,
128311,宜春学院,2024,海南,本科批,综合,,,488,40419,
128406,赣南师范大学,2024,海南,本科批,综合,,,604,10437,
128407,赣南师范大学,2024,海南,本科批,综合,,,480,12722,
128408,赣南师范大学,2024,海南,本科批,综合,,,623,8163,
128409,赣南师范大学,2024,海南,本科批,综合,,,625,8008,
128505,井冈山大学,2024,海南,本科批,综合,,,597,9795,
128506,井冈山大学,2024,海南,本科批,综合,,,585,14905,
128507,井冈山大学,2024,海南,本科批,综合,,,480,12898,
128508,井冈山大学,2024,海南,本科批,综合,,,614,9643,
128602,江西财经大学,2024,海南,本科批,综合,,,634,2464,
128603,江西财经大学,2024,海南,本科批,综合,,,654,4172,
128604,江西财经大学,2024,海南,本科批,综合,,,606,4330,
128680,江西财经大学,2024,海南,本科批,综合,,,605,11138,
128681,江西财经大学,2024,海南,本科批,综合,,,586,14706,
128806,江西科技学院,2024,海南,本科批,综合,,,520,26922,
128807,江西科技学院,2024,海南,本科批,综合,,,523,24505,
128808,江西科技学院,2024,海南,本科批,综合,,,522,30842,
129002,景德镇学院,2024,海南,本科批,综合,,,568,17335,
129003,景德镇学院,2024,海南,本科批,综合,,,514,27473,
129004,景德镇学院,2024,海南,本科批,综合,,,484,41507,
129005,景德镇学院,2024,海南,本科批,综合,,,584,15113,
129102,萍乡学院,2024,海南,本科批,综合,,,572,16888,
129103,萍乡学院,2024,海南,本科批,综合,,,574,17335,
129104,萍乡学院,2024,海南,本科批,综合,,,515,24716,
129105,萍乡学院,2024,海南,本科批,综合,,,578,16442,
129201,江西科技师范大学,2024,海南,本科批,综合,,,600,10952,
129202,江西科技师范大学,2024,海南,本科批,综合,,,494,12722,
129203,江西科技师范大学,2024,海南,本科批,综合,,,632,7099,
129204,江西科技师范大学,2024,海南,本科批,综合,,,606,9643,
129301,南昌工程学院,2024,海南,本科批,综合,,,585,13128,
129302,南昌工程学院,2024,海南,本科批,综合,,,538,17335,
129602,新余学院,2024,海南,本科批,综合,,,583,15317,
129603,新余学院,2024,海南,本科批,综合,,,571,17978,
129604,新余学院,2024,海南,本科批,综合,,,572,14506,
129605,新余学院,2024,海南,本科批,综合,,,588,14321,
129803,九江学院,2024,海南,本科批,综合,,,573,17335,
129804,九江学院,2024,海南,本科批,综合,,,570,18200,
129805,九江学院,2024,海南,本科批,综合,,,543,24997,
129901,江西工程学院,2024,海南,本科批,综合,,,538,26380,
129902,江西工程学院,2024,海南,本科批,综合,,,539,25500,
130005,南昌理工学院,2024,海南,本科批,综合,,,532,26650,
130006,南昌理工学院,2024,海南,本科批,综合,,,521,31110,
130007,南昌理工学院,2024,海南,本科批,综合,,,531,28298,
130008,南昌理工学院,2024,海南,本科批,综合,,,486,33659,
1302,北京邮电大学,2024,海南,本科批,综合,,,724,649,
130801,江西应用科技学院,2024,海南,本科批,综合,,,531,28298,
130802,江西应用科技学院,2024,海南,本科批,综合,,,484,41507,
131602,江西服装学院,2024,海南,本科批,综合,,,513,33405,
131804,南昌职业大学,2024,海南,本科批,综合,,,524,30268,
131805,南昌职业大学,2024,海南,本科批,综合,,,527,29380,
131903,南昌工学院,2024,海南,本科批,综合,,,529,27726,
131904,南昌工学院,2024,海南,本科批,综合,,,527,29380,
131905,南昌工学院,2024,海南,本科批,综合,,,534,26094,
131906,南昌工学院,2024,海南,本科批,综合,,,531,28298,
13201,天津外国语大学滨海外事学院,2024,海南,本科批,综合,,,547,22908,
132701,南昌大学科学技术学院,2024,海南,本科批,综合,,,554,22142,
132702,南昌大学科学技术学院,2024,海南,本科批,综合,,,542,25271,
132703,南昌大学科学技术学院,2024,海南,本科批,综合,,,534,27473,
132802,南昌大学共青学院,2024,海南,本科批,综合,,,547,23968,
132803,南昌大学共青学院,2024,海南,本科批,综合,,,529,26094,
132901,南昌交通学院,2024,海南,本科批,综合,,,535,26094,
132902,南昌交通学院,2024,海南,本科批,综合,,,531,28298,
132903,南昌交通学院,2024,海南,本科批,综合,,,520,24505,
133002,赣东学院,2024,海南,本科批,综合,,,575,17087,
133003,赣东学院,2024,海南,本科批,综合,,,567,18906,
133004,赣东学院,2024,海南,本科批,综合,,,547,21627,
133102,南昌航空大学科技学院,2024,海南,本科批,综合,,,545,24505,
133103,南昌航空大学科技学院,2024,海南,本科批,综合,,,538,19373,
133203,赣南科技学院,2024,海南,本科批,综合,,,561,18658,
133204,赣南科技学院,2024,海南,本科批,综合,,,563,19861,
133205,赣南科技学院,2024,海南,本科批,综合,,,484,21396,
133303,景德镇艺术职业大学,2024,海南,本科批,综合,,,539,26094,
133304,景德镇艺术职业大学,2024,海南,本科批,综合,,,537,26650,
133401,江西农业大学南昌商学院,2024,海南,本科批,综合,,,548,21127,
133402,江西农业大学南昌商学院,2024,海南,本科批,综合,,,550,23151,
133501,南昌医学院,2024,海南,本科批,综合,,,531,19597,
133502,南昌医学院,2024,海南,本科批,综合,,,577,16225,
133503,南昌医学院,2024,海南,本科批,综合,,,587,14321,
133580,南昌医学院,2024,海南,本科批,综合,,,570,11475,
133602,江西师范大学科学技术学院,2024,海南,本科批,综合,,,548,23705,
133603,江西师范大学科学技术学院,2024,海南,本科批,综合,,,540,25810,
133604,江西师范大学科学技术学院,2024,海南,本科批,综合,,,543,23968,
133901,江西财经大学现代经济管理学院,2024,海南,本科批,综合,,,548,23705,
133902,江西财经大学现代经济管理学院,2024,海南,本科批,综合,,,544,24716,
133903,江西财经大学现代经济管理学院,2024,海南,本科批,综合,,,497,37924,
134005,豫章师范学院,2024,海南,本科批,综合,,,567,17087,
13404,天津商业大学宝德学院,2024,海南,本科批,综合,,,537,21627,
136103,南昌师范学院,2024,海南,本科批,综合,,,574,17335,
136104,南昌师范学院,2024,海南,本科批,综合,,,586,10952,
136105,南昌师范学院,2024,海南,本科批,综合,,,589,14092,
1380,北京邮电大学,2024,海南,本科批,综合,,,757,359,
138501,山东大学,2024,海南,本科批,综合,,,708,510,
138502,山东大学,2024,海南,本科批,综合,,,705,1067,
138503,山东大学,2024,海南,本科批,综合,,,714,914,
138602,中国海洋大学,2024,海南,本科批,综合,,,690,1696,
138603,中国海洋大学,2024,海南,本科批,综合,,,672,1913,
138680,中国海洋大学,2024,海南,本科批,综合,,,666,3691,
138681,中国海洋大学,2024,海南,本科批,综合,,,664,3845,
138682,中国海洋大学,2024,海南,本科批,综合,,,659,4256,
138701,山东科技大学,2024,海南,本科批,综合,,,496,11138,
138802,中国石油大学(华东),2024,海南,本科批,综合,,,663,2344,
138901,青岛科技大学,2024,海南,本科批,综合,,,600,11475,
138902,青岛科技大学,2024,海南,本科批,综合,,,531,9934,
139002,济南大学,2024,海南,本科批,综合,,,593,11138,
139003,济南大学,2024,海南,本科批,综合,,,608,10596,
139004,济南大学,2024,海南,本科批,综合,,,488,12898,
139101,青岛理工大学,2024,海南,本科批,综合,,,602,9022,
139102,青岛理工大学,2024,海南,本科批,综合,,,606,9467,
139103,青岛理工大学,2024,海南,本科批,综合,,,563,7623,
139201,山东建筑大学,2024,海南,本科批,综合,,,596,9314,
139202,山东建筑大学,2024,海南,本科批,综合,,,515,15994,
139280,山东建筑大学,2024,海南,本科批,综合,,,497,37924,
139301,齐鲁工业大学,2024,海南,本科批,综合,,,482,18200,
139401,山东理工大学,2024,海南,本科批,综合,,,612,8163,
139402,山东理工大学,2024,海南,本科批,综合,,,538,16644,
139501,山东农业大学,2024,海南,本科批,综合,,,538,25271,
139601,青岛农业大学,2024,海南,本科批,综合,,,480,31393,
139701,山东第二医科大学,2024,海南,本科批,综合,,,581,15788,
139702,山东第二医科大学,2024,海南,本科批,综合,,,571,7329,
139801,山东第一医科大学,2024,海南,本科批,综合,,,576,16888,
139802,山东第一医科大学,2024,海南,本科批,综合,,,585,14905,
139803,山东第一医科大学,2024,海南,本科批,综合,,,499,28875,
139880,山东第一医科大学,2024,海南,本科批,综合,,,483,41779,
139881,山东第一医科大学,2024,海南,本科批,综合,,,563,19861,
139901,滨州医学院,2024,海南,本科批,综合,,,581,15788,
139902,滨州医学院,2024,海南,本科批,综合,,,497,36812,
140001,山东中医药大学,2024,海南,本科批,综合,,,586,14706,
140002,山东中医药大学,2024,海南,本科批,综合,,,481,15788,
1402,北京印刷学院,2024,海南,本科批,综合,,,621,8008,
140201,济宁医学院,2024,海南,本科批,综合,,,482,14092,
1403,北京印刷学院,2024,海南,本科批,综合,,,565,18906,
140402,山东师范大学,2024,海南,本科批,综合,,,627,4080,
140403,山东师范大学,2024,海南,本科批,综合,,,615,9314,
140404,山东师范大学,2024,海南,本科批,综合,,,487,24228,
140405,山东师范大学,2024,海南,本科批,综合,,,691,2145,
140503,曲阜师范大学,2024,海南,本科批,综合,,,584,14506,
140602,聊城大学,2024,海南,本科批,综合,,,590,13666,
140603,聊城大学,2024,海南,本科批,综合,,,541,23968,
140604,聊城大学,2024,海南,本科批,综合,,,614,9643,
140701,德州学院,2024,海南,本科批,综合,,,566,19137,
140702,德州学院,2024,海南,本科批,综合,,,561,20364,
140801,山东航空学院,2024,海南,本科批,综合,,,570,18200,
140901,鲁东大学,2024,海南,本科批,综合,,,583,13666,
140902,鲁东大学,2024,海南,本科批,综合,,,478,38727,
141101,泰山学院,2024,海南,本科批,综合,,,558,21127,
141301,菏泽学院,2024,海南,本科批,综合,,,573,16888,
141302,菏泽学院,2024,海南,本科批,综合,,,546,24228,
141401,山东财经大学,2024,海南,本科批,综合,,,628,4593,
141402,山东财经大学,2024,海南,本科批,综合,,,619,7623,
141403,山东财经大学,2024,海南,本科批,综合,,,628,7623,
141701,齐鲁医药学院,2024,海南,本科批,综合,,,526,26380,
141702,齐鲁医药学院,2024,海南,本科批,综合,,,557,21127,
141703,齐鲁医药学院,2024,海南,本科批,综合,,,483,25500,
142001,枣庄学院,2024,海南,本科批,综合,,,555,21888,
14201,天津理工大学中环信息学院,2024,海南,本科批,综合,,,537,23420,
14202,天津理工大学中环信息学院,2024,海南,本科批,综合,,,538,26380,
14203,天津理工大学中环信息学院,2024,海南,本科批,综合,,,547,20885,
142202,青岛大学,2024,海南,本科批,综合,,,638,5489,
142203,青岛大学,2024,海南,本科批,综合,,,619,6965,
142204,青岛大学,2024,海南,本科批,综合,,,493,13501,
142302,烟台大学,2024,海南,本科批,综合,,,598,5905,
142303,烟台大学,2024,海南,本科批,综合,,,594,13128,
142304,烟台大学,2024,海南,本科批,综合,,,560,10952,
142401,潍坊学院,2024,海南,本科批,综合,,,568,18200,
142402,潍坊学院,2024,海南,本科批,综合,,,520,29380,
142602,山东交通学院,2024,海南,本科批,综合,,,580,13900,
142603,山东交通学院,2024,海南,本科批,综合,,,550,16644,
142701,山东工商学院,2024,海南,本科批,综合,,,576,12898,
142702,山东工商学院,2024,海南,本科批,综合,,,483,20113,
14305,北京科技大学天津学院,2024,海南,本科批,综合,,,546,24228,
14306,北京科技大学天津学院,2024,海南,本科批,综合,,,529,27215,
14307,北京科技大学天津学院,2024,海南,本科批,综合,,,521,25810,
143701,烟台南山学院,2024,海南,本科批,综合,,,528,28031,
143702,烟台南山学院,2024,海南,本科批,综合,,,526,29707,
143703,烟台南山学院,2024,海南,本科批,综合,,,488,26922,
145301,山东英才学院,2024,海南,本科批,综合,,,506,35366,
145302,山东英才学院,2024,海南,本科批,综合,,,495,38461,
145303,山东英才学院,2024,海南,本科批,综合,,,487,40700,
145304,山东英才学院,2024,海南,本科批,综合,,,506,35366,
146601,青岛黄海学院,2024,海南,本科批,综合,,,519,31653,
146602,青岛黄海学院,2024,海南,本科批,综合,,,510,26380,
146603,青岛黄海学院,2024,海南,本科批,综合,,,520,31393,
147001,山东协和学院,2024,海南,本科批,综合,,,531,28298,
147002,山东协和学院,2024,海南,本科批,综合,,,512,26922,
147003,山东协和学院,2024,海南,本科批,综合,,,531,28298,
147301,烟台理工学院,2024,海南,本科批,综合,,,528,29098,
147302,烟台理工学院,2024,海南,本科批,综合,,,484,35056,
147401,青岛城市学院,2024,海南,本科批,综合,,,517,31110,
147402,青岛城市学院,2024,海南,本科批,综合,,,511,33933,
147403,青岛城市学院,2024,海南,本科批,综合,,,510,30842,
14802,天津仁爱学院,2024,海南,本科批,综合,,,499,33933,
14803,天津仁爱学院,2024,海南,本科批,综合,,,494,34493,
14804,天津仁爱学院,2024,海南,本科批,综合,,,497,31653,
14805,天津仁爱学院,2024,海南,本科批,综合,,,514,33109,
14901,天津财经大学珠江学院,2024,海南,本科批,综合,,,539,26094,
149301,青岛工学院,2024,海南,本科批,综合,,,519,31110,
149302,青岛工学院,2024,海南,本科批,综合,,,521,31110,
149303,青岛工学院,2024,海南,本科批,综合,,,499,28572,
149801,聊城大学东昌学院,2024,海南,本科批,综合,,,553,22416,
149901,烟台科技学院,2024,海南,本科批,综合,,,530,28572,
149902,烟台科技学院,2024,海南,本科批,综合,,,518,30534,
1501,北京建筑大学,2024,海南,本科批,综合,,,642,5701,
1502,北京建筑大学,2024,海南,本科批,综合,,,591,9022,
15401,河北大学,2024,海南,本科批,综合,,,599,7329,
15402,河北大学,2024,海南,本科批,综合,,,570,10437,
154101,北京交通大学,2024,海南,本科批,综合,,,661,4080,
154201,哈尔滨工业大学(威海),2024,海南,本科批,综合,,,723,887,
154280,哈尔滨工业大学(威海),2024,海南,本科批,综合,,,704,1104,
154302,山东大学威海分校,2024,海南,本科批,综合,,,691,2093,
154303,山东大学威海分校,2024,海南,本科批,综合,,,697,1821,
154501,华北水利水电大学,2024,海南,本科批,综合,,,616,9314,
154502,华北水利水电大学,2024,海南,本科批,综合,,,563,10279,
154601,郑州大学,2024,海南,本科批,综合,,,681,2093,
154602,郑州大学,2024,海南,本科批,综合,,,657,4256,
154603,郑州大学,2024,海南,本科批,综合,,,654,2691,
154604,郑州大学,2024,海南,本科批,综合,,,665,3539,
154701,河南理工大学,2024,海南,本科批,综合,,,600,9467,
154702,河南理工大学,2024,海南,本科批,综合,,,607,8571,
154703,河南理工大学,2024,海南,本科批,综合,,,612,9934,
154704,河南理工大学,2024,海南,本科批,综合,,,513,9643,
154802,郑州轻工业大学,2024,海南,本科批,综合,,,603,9159,
154803,郑州轻工业大学,2024,海南,本科批,综合,,,562,12377,
154902,河南工业大学,2024,海南,本科批,综合,,,595,9934,
154903,河南工业大学,2024,海南,本科批,综合,,,606,9467,
154904,河南工业大学,2024,海南,本科批,综合,,,570,8295,
154980,河南工业大学,2024,海南,本科批,综合,,,586,14706,
154981,河南工业大学,2024,海南,本科批,综合,,,543,24997,
154982,河南工业大学,2024,海南,本科批,综合,,,533,27726,
155001,河南科技大学,2024,海南,本科批,综合,,,577,14092,
155002,河南科技大学,2024,海南,本科批,综合,,,522,13128,
15502,河北工程大学,2024,海南,本科批,综合,,,608,9314,
15503,河北工程大学,2024,海南,本科批,综合,,,600,12004,
15504,河北工程大学,2024,海南,本科批,综合,,,549,9934,
155101,中原工学院,2024,海南,本科批,综合,,,563,19861,
155102,中原工学院,2024,海南,本科批,综合,,,571,17978,
155103,中原工学院,2024,海南,本科批,综合,,,561,20364,
155104,中原工学院,2024,海南,本科批,综合,,,546,17978,
155201,河南农业大学,2024,海南,本科批,综合,,,585,14706,
155202,河南农业大学,2024,海南,本科批,综合,,,585,14905,
155203,河南农业大学,2024,海南,本科批,综合,,,535,22416,
155280,河南农业大学,2024,海南,本科批,综合,,,491,39563,
155281,河南农业大学,2024,海南,本科批,综合,,,581,15788,
155302,河南科技学院,2024,海南,本科批,综合,,,564,19597,
155303,河南科技学院,2024,海南,本科批,综合,,,557,21396,
155304,河南科技学院,2024,海南,本科批,综合,,,479,42524,
155501,河南中医药大学,2024,海南,本科批,综合,,,579,16225,
155502,河南中医药大学,2024,海南,本科批,综合,,,593,10952,
155601,新乡医学院,2024,海南,本科批,综合,,,480,37632,
155701,河南大学,2024,海南,本科批,综合,,,633,4256,
155702,河南大学,2024,海南,本科批,综合,,,574,9795,
155703,河南大学,2024,海南,本科批,综合,,,665,3764,
155704,河南大学,2024,海南,本科批,综合,,,656,4510,
155780,河南大学,2024,海南,本科批,综合,,,614,9643,
155801,河南师范大学,2024,海南,本科批,综合,,,598,9022,
155802,河南师范大学,2024,海南,本科批,综合,,,483,41779,
155803,河南师范大学,2024,海南,本科批,综合,,,599,11475,
155901,信阳师范大学,2024,海南,本科批,综合,,,571,15570,
155902,信阳师范大学,2024,海南,本科批,综合,,,488,40419,
15601,河北地质大学,2024,海南,本科批,综合,,,594,10952,
15602,河北地质大学,2024,海南,本科批,综合,,,589,14092,
15603,河北地质大学,2024,海南,本科批,综合,,,485,21888,
156202,许昌学院,2024,海南,本科批,综合,,,564,19597,
156203,许昌学院,2024,海南,本科批,综合,,,542,25271,
156303,南阳师范学院,2024,海南,本科批,综合,,,583,15317,
156304,南阳师范学院,2024,海南,本科批,综合,,,564,19597,
156305,南阳师范学院,2024,海南,本科批,综合,,,524,27473,
156306,南阳师范学院,2024,海南,本科批,综合,,,583,15317,
156401,洛阳师范学院,2024,海南,本科批,综合,,,577,15113,
156402,洛阳师范学院,2024,海南,本科批,综合,,,535,22416,
156601,河南财经政法大学,2024,海南,本科批,综合,,,616,6586,
156602,河南财经政法大学,2024,海南,本科批,综合,,,592,13501,
156701,郑州航空工业管理学院,2024,海南,本科批,综合,,,570,18200,
156702,郑州航空工业管理学院,2024,海南,本科批,综合,,,575,13321,
156703,郑州航空工业管理学院,2024,海南,本科批,综合,,,540,17978,
15701,华北电力大学(保定),2024,海南,本科批,综合,,,659,3539,
15702,华北电力大学(保定),2024,海南,本科批,综合,,,688,2294,
157202,黄淮学院,2024,海南,本科批,综合,,,570,16225,
157203,黄淮学院,2024,海南,本科批,综合,,,502,36510,
157204,黄淮学院,2024,海南,本科批,综合,,,579,16225,
157301,平顶山学院,2024,海南,本科批,综合,,,561,20113,
157302,平顶山学院,2024,海南,本科批,综合,,,477,43056,
157401,郑州工程技术学院,2024,海南,本科批,综合,,,560,19861,
157402,郑州工程技术学院,2024,海南,本科批,综合,,,515,31110,
157601,洛阳理工学院,2024,海南,本科批,综合,,,570,18200,
157602,洛阳理工学院,2024,海南,本科批,综合,,,559,18200,
157701,新乡学院,2024,海南,本科批,综合,,,558,21127,
157702,新乡学院,2024,海南,本科批,综合,,,535,23151,
157801,信阳农林学院,2024,海南,本科批,综合,,,513,26650,
157901,河南工学院,2024,海南,本科批,综合,,,572,16225,
157902,河南工学院,2024,海南,本科批,综合,,,532,20885,
158001,安阳工学院,2024,海南,本科批,综合,,,477,28031,
15801,华北理工大学,2024,海南,本科批,综合,,,592,13321,
15802,华北理工大学,2024,海南,本科批,综合,,,594,12377,
15803,华北理工大学,2024,海南,本科批,综合,,,545,15994,
15804,华北理工大学,2024,海南,本科批,综合,,,625,8008,
158101,河南工程学院,2024,海南,本科批,综合,,,565,18906,
158102,河南工程学院,2024,海南,本科批,综合,,,567,18906,
158103,河南工程学院,2024,海南,本科批,综合,,,485,23420,
158104,河南工程学院,2024,海南,本科批,综合,,,500,37077,
158301,河南财政金融学院,2024,海南,本科批,综合,,,581,14321,
158302,河南财政金融学院,2024,海南,本科批,综合,,,539,22661,
158401,南阳理工学院,2024,海南,本科批,综合,,,562,20113,
158402,南阳理工学院,2024,海南,本科批,综合,,,510,22661,
158403,南阳理工学院,2024,海南,本科批,综合,,,483,41779,
158480,南阳理工学院,2024,海南,本科批,综合,,,547,23968,
158501,河南城建学院,2024,海南,本科批,综合,,,557,21127,
158502,河南城建学院,2024,海南,本科批,综合,,,560,20621,
158503,河南城建学院,2024,海南,本科批,综合,,,484,23705,
15880,华北理工大学,2024,海南,本科批,综合,,,509,26922,
158901,黄河科技学院,2024,海南,本科批,综合,,,535,27215,
158902,黄河科技学院,2024,海南,本科批,综合,,,503,24505,
158903,黄河科技学院,2024,海南,本科批,综合,,,532,28031,
15901,河北科技大学,2024,海南,本科批,综合,,,593,12898,
15902,河北科技大学,2024,海南,本科批,综合,,,589,14092,
15903,河北科技大学,2024,海南,本科批,综合,,,503,33659,
159102,郑州师范学院,2024,海南,本科批,综合,,,608,10596,
159103,郑州师范学院,2024,海南,本科批,综合,,,611,10110,
159901,郑州工业应用技术学院,2024,海南,本科批,综合,,,533,27726,
159902,郑州工业应用技术学院,2024,海南,本科批,综合,,,518,30268,
16001,河北建筑工程学院,2024,海南,本科批,综合,,,564,19597,
16002,河北建筑工程学院,2024,海南,本科批,综合,,,572,17764,
16003,河北建筑工程学院,2024,海南,本科批,综合,,,490,24716,
1601,北京石油化工学院,2024,海南,本科批,综合,,,584,15113,
160701,郑州财经学院,2024,海南,本科批,综合,,,550,18472,
160702,郑州财经学院,2024,海南,本科批,综合,,,548,23705,
160703,郑州财经学院,2024,海南,本科批,综合,,,546,21396,
161001,商丘工学院,2024,海南,本科批,综合,,,473,43844,
161101,河南开封科技传媒学院,2024,海南,本科批,综合,,,538,26380,
161201,中原科技学院,2024,海南,本科批,综合,,,547,23968,
161301,信阳学院,2024,海南,本科批,综合,,,552,20364,
161302,信阳学院,2024,海南,本科批,综合,,,527,23151,
161401,安阳学院,2024,海南,本科批,综合,,,544,24716,
161701,郑州工商学院,2024,海南,本科批,综合,,,543,23968,
161702,郑州工商学院,2024,海南,本科批,综合,,,486,32234,
161801,郑州经贸学院,2024,海南,本科批,综合,,,536,26922,
16201,河北农业大学,2024,海南,本科批,综合,,,510,33109,
16301,河北医科大学,2024,海南,本科批,综合,,,512,14506,
16302,河北医科大学,2024,海南,本科批,综合,,,612,9934,
16303,河北医科大学,2024,海南,本科批,综合,,,499,10279,
163701,商丘学院,2024,海南,本科批,综合,,,541,25500,
163702,商丘学院,2024,海南,本科批,综合,,,525,27726,
16401,河北北方学院,2024,海南,本科批,综合,,,521,18200,
16501,承德医学院,2024,海南,本科批,综合,,,591,13666,
16601,河北师范大学,2024,海南,本科批,综合,,,646,5489,
16602,河北师范大学,2024,海南,本科批,综合,,,581,14092,
16603,河北师范大学,2024,海南,本科批,综合,,,655,4593,
16604,河北师范大学,2024,海南,本科批,综合,,,606,10952,
16702,保定学院,2024,海南,本科批,综合,,,569,18472,
16703,保定学院,2024,海南,本科批,综合,,,570,13128,
16704,保定学院,2024,海南,本科批,综合,,,584,15113,
16705,保定学院,2024,海南,本科批,综合,,,564,19597,
16901,唐山师范学院,2024,海南,本科批,综合,,,556,21627,
16902,唐山师范学院,2024,海南,本科批,综合,,,483,41779,
16903,唐山师范学院,2024,海南,本科批,综合,,,561,20364,
17002,廊坊师范学院,2024,海南,本科批,综合,,,565,16225,
17003,廊坊师范学院,2024,海南,本科批,综合,,,541,25500,
17101,衡水学院,2024,海南,本科批,综合,,,560,20621,
17102,衡水学院,2024,海南,本科批,综合,,,536,22661,
17103,衡水学院,2024,海南,本科批,综合,,,563,19861,
171503,武汉大学,2024,海南,本科批,综合,,,793,131,
171504,武汉大学,2024,海南,本科批,综合,,,744,566,
171505,武汉大学,2024,海南,本科批,综合,,,738,131,
171580,武汉大学,2024,海南,本科批,综合,,,729,840,
171602,华中科技大学,2024,海南,本科批,综合,,,749,495,
171680,华中科技大学,2024,海南,本科批,综合,,,753,440,
171681,华中科技大学,2024,海南,本科批,综合,,,686,2406,
171701,武汉科技大学,2024,海南,本科批,综合,,,613,5701,
171801,长江大学,2024,海南,本科批,综合,,,609,8008,
171802,长江大学,2024,海南,本科批,综合,,,526,17087,
171803,长江大学,2024,海南,本科批,综合,,,621,8571,
171880,长江大学,2024,海南,本科批,综合,,,495,38461,
171901,武汉工程大学,2024,海南,本科批,综合,,,635,6127,
172003,中国地质大学(武汉),2024,海南,本科批,综合,,,681,1965,
172004,中国地质大学(武汉),2024,海南,本科批,综合,,,652,2294,
172102,武汉纺织大学,2024,海南,本科批,综合,,,562,10110,
172201,武汉轻工大学,2024,海南,本科批,综合,,,600,7099,
172303,武汉理工大学,2024,海南,本科批,综合,,,670,2406,
172304,武汉理工大学,2024,海南,本科批,综合,,,673,1592,
172380,武汉理工大学,2024,海南,本科批,综合,,,664,3845,
172401,湖北工业大学,2024,海南,本科批,综合,,,618,8868,
172402,湖北工业大学,2024,海南,本科批,综合,,,642,5905,
172501,华中农业大学,2024,海南,本科批,综合,,,676,3001,
172502,华中农业大学,2024,海南,本科批,综合,,,674,3136,
172503,华中农业大学,2024,海南,本科批,综合,,,662,2093,
172601,湖北中医药大学,2024,海南,本科批,综合,,,591,12377,
172602,湖北中医药大学,2024,海南,本科批,综合,,,603,11475,
172603,湖北中医药大学,2024,海南,本科批,综合,,,584,7329,
172713,华中师范大学,2024,海南,本科批,综合,,,691,1821,
172714,华中师范大学,2024,海南,本科批,综合,,,699,1777,
172715,华中师范大学,2024,海南,本科批,综合,,,668,2193,
172716,华中师范大学,2024,海南,本科批,综合,,,730,822,
172717,华中师范大学,2024,海南,本科批,综合,,,719,1104,
172801,湖北大学,2024,海南,本科批,综合,,,621,7099,
172802,湖北大学,2024,海南,本科批,综合,,,642,5905,
172803,湖北大学,2024,海南,本科批,综合,,,587,8571,
172902,湖北师范大学,2024,海南,本科批,综合,,,625,7623,
172903,湖北师范大学,2024,海南,本科批,综合,,,578,11138,
173001,黄冈师范学院,2024,海南,本科批,综合,,,566,19137,
173002,黄冈师范学院,2024,海南,本科批,综合,,,529,28572,
17301,邯郸学院,2024,海南,本科批,综合,,,570,17764,
17302,邯郸学院,2024,海南,本科批,综合,,,514,33109,
173102,湖北民族大学,2024,海南,本科批,综合,,,628,7623,
173103,湖北民族大学,2024,海南,本科批,综合,,,583,13900,
173104,湖北民族大学,2024,海南,本科批,综合,,,612,9934,
173301,湖北文理学院,2024,海南,本科批,综合,,,479,35622,
173302,湖北文理学院,2024,海南,本科批,综合,,,565,18658,
173402,中南财经政法大学,2024,海南,本科批,综合,,,679,1011,
173403,中南财经政法大学,2024,海南,本科批,综合,,,678,2344,
173404,中南财经政法大学,2024,海南,本科批,综合,,,676,2517,
173502,武汉体育学院,2024,海南,本科批,综合,,,579,14092,
173503,武汉体育学院,2024,海南,本科批,综合,,,574,17335,
173706,中南民族大学,2024,海南,本科批,综合,,,627,6830,
173707,中南民族大学,2024,海南,本科批,综合,,,618,9022,
173708,中南民族大学,2024,海南,本科批,综合,,,604,8008,
173780,中南民族大学,2024,海南,本科批,综合,,,628,7623,
173801,湖北汽车工业学院,2024,海南,本科批,综合,,,564,17978,
17401,邢台学院,2024,海南,本科批,综合,,,563,19861,
17402,邢台学院,2024,海南,本科批,综合,,,569,18472,
174101,湖北理工学院,2024,海南,本科批,综合,,,573,17552,
174102,湖北理工学院,2024,海南,本科批,综合,,,579,16225,
174103,湖北理工学院,2024,海南,本科批,综合,,,492,24505,
174201,湖北科技学院,2024,海南,本科批,综合,,,583,15317,
174202,湖北科技学院,2024,海南,本科批,综合,,,554,17552,
174301,湖北医药学院,2024,海南,本科批,综合,,,580,9467,
174601,江汉大学,2024,海南,本科批,综合,,,589,9159,
174801,三峡大学,2024,海南,本科批,综合,,,592,12722,
174802,三峡大学,2024,海南,本科批,综合,,,627,7735,
174803,三峡大学,2024,海南,本科批,综合,,,553,5489,
174880,三峡大学,2024,海南,本科批,综合,,,614,9643,
174901,湖北警官学院,2024,海南,本科批,综合,,,598,12377,
174902,湖北警官学院,2024,海南,本科批,综合,,,577,16225,
17501,沧州师范学院,2024,海南,本科批,综合,,,575,17087,
175201,荆楚理工学院,2024,海南,本科批,综合,,,487,35899,
175401,湖北经济学院,2024,海南,本科批,综合,,,592,11285,
175502,武汉商学院,2024,海南,本科批,综合,,,535,22416,
175801,武汉东湖学院,2024,海南,本科批,综合,,,534,22661,
175802,武汉东湖学院,2024,海南,本科批,综合,,,532,25810,
175803,武汉东湖学院,2024,海南,本科批,综合,,,536,26922,
175804,武汉东湖学院,2024,海南,本科批,综合,,,541,20621,
175902,汉口学院,2024,海南,本科批,综合,,,525,29966,
175903,汉口学院,2024,海南,本科批,综合,,,513,33405,
17601,石家庄铁道大学,2024,海南,本科批,综合,,,598,12377,
17602,石家庄铁道大学,2024,海南,本科批,综合,,,585,11475,
176302,武昌首义学院,2024,海南,本科批,综合,,,538,24505,
176303,武昌首义学院,2024,海南,本科批,综合,,,527,27726,
176402,武昌理工学院,2024,海南,本科批,综合,,,544,24716,
176403,武昌理工学院,2024,海南,本科批,综合,,,525,29966,
176404,武昌理工学院,2024,海南,本科批,综合,,,483,35366,
176701,武汉生物工程学院,2024,海南,本科批,综合,,,535,24505,
176702,武汉生物工程学院,2024,海南,本科批,综合,,,535,26922,
176703,武汉生物工程学院,2024,海南,本科批,综合,,,532,28031,
176704,武汉生物工程学院,2024,海南,本科批,综合,,,513,21888,
17701,燕山大学,2024,海南,本科批,综合,,,616,8163,
17702,燕山大学,2024,海南,本科批,综合,,,589,9314,
17801,河北科技师范学院,2024,海南,本科批,综合,,,558,20885,
17802,河北科技师范学院,2024,海南,本科批,综合,,,559,20621,
17803,河北科技师范学院,2024,海南,本科批,综合,,,518,26650,
179001,武汉晴川学院,2024,海南,本科批,综合,,,532,28031,
179002,武汉晴川学院,2024,海南,本科批,综合,,,521,29098,
179101,湖北大学知行学院,2024,海南,本科批,综合,,,546,22142,
179102,湖北大学知行学院,2024,海南,本科批,综合,,,539,26094,
179103,湖北大学知行学院,2024,海南,本科批,综合,,,533,22142,
179201,武汉城市学院,2024,海南,本科批,综合,,,534,21888,
179202,武汉城市学院,2024,海南,本科批,综合,,,538,24505,
179203,武汉城市学院,2024,海南,本科批,综合,,,542,25271,
179204,武汉城市学院,2024,海南,本科批,综合,,,522,19597,
179302,三峡大学科技学院,2024,海南,本科批,综合,,,546,24228,
179303,三峡大学科技学院,2024,海南,本科批,综合,,,528,24505,
179401,武汉文理学院,2024,海南,本科批,综合,,,558,18472,
179402,武汉文理学院,2024,海南,本科批,综合,,,554,16888,
179403,武汉文理学院,2024,海南,本科批,综合,,,553,22416,
179501,湖北工业大学工程技术学院,2024,海南,本科批,综合,,,529,28875,
179502,湖北工业大学工程技术学院,2024,海南,本科批,综合,,,524,28298,
179601,武汉工程大学邮电与信息工程学院,2024,海南,本科批,综合,,,529,28031,
179602,武汉工程大学邮电与信息工程学院,2024,海南,本科批,综合,,,483,36510,
179701,武汉纺织大学外经贸学院,2024,海南,本科批,综合,,,533,21627,
179702,武汉纺织大学外经贸学院,2024,海南,本科批,综合,,,538,26380,
179703,武汉纺织大学外经贸学院,2024,海南,本科批,综合,,,512,33659,
179901,武汉工商学院,2024,海南,本科批,综合,,,527,23705,
179902,武汉工商学院,2024,海南,本科批,综合,,,530,28298,
179903,武汉工商学院,2024,海南,本科批,综合,,,483,34493,
180001,荆州学院,2024,海南,本科批,综合,,,532,28031,
180002,荆州学院,2024,海南,本科批,综合,,,526,29707,
180003,荆州学院,2024,海南,本科批,综合,,,509,29966,
180103,长江大学文理学院,2024,海南,本科批,综合,,,547,17978,
180104,长江大学文理学院,2024,海南,本科批,综合,,,555,21888,
180105,长江大学文理学院,2024,海南,本科批,综合,,,570,17764,
1802,中国农业大学,2024,海南,本科批,综合,,,700,840,
180201,湖北商贸学院,2024,海南,本科批,综合,,,530,23968,
180202,湖北商贸学院,2024,海南,本科批,综合,,,526,29707,
180401,湖北医药学院药护学院,2024,海南,本科批,综合,,,558,20621,
180501,湖北恩施学院,2024,海南,本科批,综合,,,528,29098,
180502,湖北恩施学院,2024,海南,本科批,综合,,,532,23705,
180601,湖北经济学院法商学院,2024,海南,本科批,综合,,,533,27215,
180801,湖北师范大学文理学院,2024,海南,本科批,综合,,,543,22416,
180802,湖北师范大学文理学院,2024,海南,本科批,综合,,,524,25271,
180902,湖北文理学院理工学院,2024,海南,本科批,综合,,,543,24997,
180903,湖北文理学院理工学院,2024,海南,本科批,综合,,,519,21627,
181101,文华学院,2024,海南,本科批,综合,,,526,28572,
181102,文华学院,2024,海南,本科批,综合,,,521,28572,
181601,武汉学院,2024,海南,本科批,综合,,,538,26380,
181602,武汉学院,2024,海南,本科批,综合,,,525,29380,
181702,武汉工程科技学院,2024,海南,本科批,综合,,,523,30268,
181703,武汉工程科技学院,2024,海南,本科批,综合,,,515,31962,
181802,武汉华夏理工学院,2024,海南,本科批,综合,,,526,28875,
181803,武汉华夏理工学院,2024,海南,本科批,综合,,,489,31110,
18201,华北科技学院,2024,海南,本科批,综合,,,561,20364,
18202,华北科技学院,2024,海南,本科批,综合,,,524,21396,
182901,湖北第二师范学院,2024,海南,本科批,综合,,,579,16225,
182902,湖北第二师范学院,2024,海南,本科批,综合,,,539,22908,
18304,中国人民警察大学,2024,海南,本科批,综合,,,618,9022,
18305,中国人民警察大学,2024,海南,本科批,综合,,,611,10110,
185201,湘潭大学,2024,海南,本科批,综合,,,638,2406,
185202,湘潭大学,2024,海南,本科批,综合,,,611,4510,
185301,吉首大学,2024,海南,本科批,综合,,,596,12377,
185302,吉首大学,2024,海南,本科批,综合,,,559,12722,
185303,吉首大学,2024,海南,本科批,综合,,,571,15317,
185304,吉首大学,2024,海南,本科批,综合,,,615,9467,
185402,湖南大学,2024,海南,本科批,综合,,,710,1067,
185403,湖南大学,2024,海南,本科批,综合,,,709,1271,
185404,湖南大学,2024,海南,本科批,综合,,,707,914,
185405,湖南大学,2024,海南,本科批,综合,,,720,1067,
185480,湖南大学,2024,海南,本科批,综合,,,615,9467,
185502,中南大学,2024,海南,本科批,综合,,,721,579,
185503,中南大学,2024,海南,本科批,综合,,,699,687,
185504,中南大学,2024,海南,本科批,综合,,,706,266,
185580,中南大学,2024,海南,本科批,综合,,,674,1549,
185602,湖南科技大学,2024,海南,本科批,综合,,,610,6127,
185603,湖南科技大学,2024,海南,本科批,综合,,,611,8436,
185604,湖南科技大学,2024,海南,本科批,综合,,,568,6586,
185701,长沙理工大学,2024,海南,本科批,综合,,,637,4330,
185702,长沙理工大学,2024,海南,本科批,综合,,,628,6231,
185703,长沙理工大学,2024,海南,本科批,综合,,,616,4781,
185801,湖南农业大学,2024,海南,本科批,综合,,,599,9159,
185802,湖南农业大学,2024,海南,本科批,综合,,,603,11475,
185803,湖南农业大学,2024,海南,本科批,综合,,,593,7880,
185804,湖南农业大学,2024,海南,本科批,综合,,,635,6726,
185902,中南林业科技大学,2024,海南,本科批,综合,,,599,6231,
185903,中南林业科技大学,2024,海南,本科批,综合,,,603,10761,
185904,中南林业科技大学,2024,海南,本科批,综合,,,482,11656,
185905,中南林业科技大学,2024,海南,本科批,综合,,,621,8571,
186001,湖南中医药大学,2024,海南,本科批,综合,,,600,10596,
186002,湖南中医药大学,2024,海南,本科批,综合,,,606,10952,
186003,湖南中医药大学,2024,海南,本科批,综合,,,483,2193,
18601,河北金融学院,2024,海南,本科批,综合,,,564,16644,
18602,河北金融学院,2024,海南,本科批,综合,,,558,20621,
186101,湖南师范大学,2024,海南,本科批,综合,,,664,1663,
186102,湖南师范大学,2024,海南,本科批,综合,,,666,2344,
186103,湖南师范大学,2024,海南,本科批,综合,,,712,1304,
186180,湖南师范大学,2024,海南,本科批,综合,,,663,3920,
186181,湖南师范大学,2024,海南,本科批,综合,,,682,2624,
186201,湖南理工学院,2024,海南,本科批,综合,,,591,12377,
186202,湖南理工学院,2024,海南,本科批,综合,,,564,12377,
186303,湘南学院,2024,海南,本科批,综合,,,575,15113,
186304,湘南学院,2024,海南,本科批,综合,,,577,16644,
186305,湘南学院,2024,海南,本科批,综合,,,498,18200,
186380,湘南学院,2024,海南,本科批,综合,,,527,19373,
186404,衡阳师范学院,2024,海南,本科批,综合,,,584,7486,
186405,衡阳师范学院,2024,海南,本科批,综合,,,583,7486,
186406,衡阳师范学院,2024,海南,本科批,综合,,,583,10279,
186407,衡阳师范学院,2024,海南,本科批,综合,,,628,7623,
186408,衡阳师范学院,2024,海南,本科批,综合,,,598,12377,
186409,衡阳师范学院,2024,海南,本科批,综合,,,594,10110,
186502,邵阳学院,2024,海南,本科批,综合,,,580,15788,
186503,邵阳学院,2024,海南,本科批,综合,,,568,18658,
186504,邵阳学院,2024,海南,本科批,综合,,,577,16644,
186505,邵阳学院,2024,海南,本科批,综合,,,517,10437,
186506,邵阳学院,2024,海南,本科批,综合,,,570,18200,
186507,邵阳学院,2024,海南,本科批,综合,,,588,14321,
186508,邵阳学院,2024,海南,本科批,综合,,,611,10110,
186602,怀化学院,2024,海南,本科批,综合,,,574,14706,
186603,怀化学院,2024,海南,本科批,综合,,,485,25271,
186604,怀化学院,2024,海南,本科批,综合,,,586,14706,
186605,怀化学院,2024,海南,本科批,综合,,,594,13128,
186702,湖南文理学院,2024,海南,本科批,综合,,,594,10952,
186703,湖南文理学院,2024,海南,本科批,综合,,,555,16225,
186704,湖南文理学院,2024,海南,本科批,综合,,,611,10110,
186805,湖南科技学院,2024,海南,本科批,综合,,,564,19597,
186806,湖南科技学院,2024,海南,本科批,综合,,,554,14905,
186902,湖南人文科技学院,2024,海南,本科批,综合,,,566,17552,
186903,湖南人文科技学院,2024,海南,本科批,综合,,,555,21888,
186904,湖南人文科技学院,2024,海南,本科批,综合,,,573,14905,
186980,湖南人文科技学院,2024,海南,本科批,综合,,,519,31653,
187002,湖南工商大学,2024,海南,本科批,综合,,,608,10279,
187003,湖南工商大学,2024,海南,本科批,综合,,,611,10110,
187004,湖南工商大学,2024,海南,本科批,综合,,,597,11475,
187101,南华大学,2024,海南,本科批,综合,,,606,7735,
187102,南华大学,2024,海南,本科批,综合,,,608,10596,
187103,南华大学,2024,海南,本科批,综合,,,605,11138,
187104,南华大学,2024,海南,本科批,综合,,,562,7228,
187201,长沙医学院,2024,海南,本科批,综合,,,495,22661,
187702,长沙学院,2024,海南,本科批,综合,,,574,15570,
187703,长沙学院,2024,海南,本科批,综合,,,546,14092,
187704,长沙学院,2024,海南,本科批,综合,,,598,12377,
187801,湖南工程学院,2024,海南,本科批,综合,,,567,18658,
187802,湖南工程学院,2024,海南,本科批,综合,,,502,20885,
187903,湖南城市学院,2024,海南,本科批,综合,,,568,17087,
187904,湖南城市学院,2024,海南,本科批,综合,,,560,20621,
187905,湖南城市学院,2024,海南,本科批,综合,,,498,23151,
188001,湖南工学院,2024,海南,本科批,综合,,,576,15994,
188002,湖南工学院,2024,海南,本科批,综合,,,581,13900,
188003,湖南工学院,2024,海南,本科批,综合,,,543,16644,
18801,北华航天工业学院,2024,海南,本科批,综合,,,560,17764,
18802,北华航天工业学院,2024,海南,本科批,综合,,,492,21127,
188101,湖南财政经济学院,2024,海南,本科批,综合,,,586,12004,
188102,湖南财政经济学院,2024,海南,本科批,综合,,,576,16888,
188103,湖南财政经济学院,2024,海南,本科批,综合,,,570,18200,
188201,湖南警察学院,2024,海南,本科批,综合,,,591,11138,
188202,湖南警察学院,2024,海南,本科批,综合,,,580,15570,
188203,湖南警察学院,2024,海南,本科批,综合,,,589,14092,
188301,湖南工业大学,2024,海南,本科批,综合,,,605,8295,
188302,湖南工业大学,2024,海南,本科批,综合,,,607,10761,
188303,湖南工业大学,2024,海南,本科批,综合,,,561,8436,
188401,湖南女子学院,2024,海南,本科批,综合,,,562,17087,
188701,湖南第一师范学院,2024,海南,本科批,综合,,,574,12898,
188901,湖南医药学院,2024,海南,本科批,综合,,,577,16644,
188902,湖南医药学院,2024,海南,本科批,综合,,,583,15317,
188903,湖南医药学院,2024,海南,本科批,综合,,,524,16225,
18901,防灾科技学院,2024,海南,本科批,综合,,,582,15570,
18902,防灾科技学院,2024,海南,本科批,综合,,,557,20113,
189301,湖南涉外经济学院,2024,海南,本科批,综合,,,510,29966,
189302,湖南涉外经济学院,2024,海南,本科批,综合,,,518,31962,
189303,湖南涉外经济学院,2024,海南,本科批,综合,,,521,28031,
190702,湖南工业大学科技学院,2024,海南,本科批,综合,,,549,23420,
190703,湖南工业大学科技学院,2024,海南,本科批,综合,,,535,25500,
190801,湖南科技大学潇湘学院,2024,海南,本科批,综合,,,555,21888,
190802,湖南科技大学潇湘学院,2024,海南,本科批,综合,,,534,23420,
190901,南华大学船山学院,2024,海南,本科批,综合,,,545,24505,
190902,南华大学船山学院,2024,海南,本科批,综合,,,515,32818,
191001,湘潭理工学院,2024,海南,本科批,综合,,,530,25810,
191201,湖南农业大学东方科技学院,2024,海南,本科批,综合,,,554,22142,
191202,湖南农业大学东方科技学院,2024,海南,本科批,综合,,,538,22142,
191301,中南林业科技大学涉外学院,2024,海南,本科批,综合,,,540,25810,
191401,湖南文理学院芙蓉学院,2024,海南,本科批,综合,,,550,23151,
191402,湖南文理学院芙蓉学院,2024,海南,本科批,综合,,,529,26380,
191501,湖南理工学院南湖学院,2024,海南,本科批,综合,,,546,24228,
191502,湖南理工学院南湖学院,2024,海南,本科批,综合,,,527,29380,
191604,衡阳师范学院南岳学院,2024,海南,本科批,综合,,,551,17335,
191605,衡阳师范学院南岳学院,2024,海南,本科批,综合,,,564,16888,
191606,衡阳师范学院南岳学院,2024,海南,本科批,综合,,,557,21396,
191607,衡阳师范学院南岳学院,2024,海南,本科批,综合,,,558,21127,
191608,衡阳师范学院南岳学院,2024,海南,本科批,综合,,,559,20885,
191609,衡阳师范学院南岳学院,2024,海南,本科批,综合,,,562,20113,
191701,湖南工程学院应用技术学院,2024,海南,本科批,综合,,,541,25271,
191702,湖南工程学院应用技术学院,2024,海南,本科批,综合,,,549,23420,
19201,河北经贸大学,2024,海南,本科批,综合,,,589,9314,
19202,河北经贸大学,2024,海南,本科批,综合,,,570,15317,
193901,长沙理工大学城南学院,2024,海南,本科批,综合,,,555,19861,
193902,长沙理工大学城南学院,2024,海南,本科批,综合,,,549,23420,
193903,长沙理工大学城南学院,2024,海南,本科批,综合,,,545,17978,
194302,长沙师范学院,2024,海南,本科批,综合,,,585,14905,
199602,中山大学,2024,海南,本科批,综合,,,754,141,
199603,中山大学,2024,海南,本科批,综合,,,739,649,
199604,中山大学,2024,海南,本科批,综合,,,734,390,
199605,中山大学,2024,海南,本科批,综合,,,757,390,
199702,暨南大学,2024,海南,本科批,综合,,,684,1375,
199703,暨南大学,2024,海南,本科批,综合,,,681,2406,
199704,暨南大学,2024,海南,本科批,综合,,,677,2464,
199780,暨南大学,2024,海南,本科批,综合,,,691,1696,
199801,汕头大学,2024,海南,本科批,综合,,,645,4593,
199802,汕头大学,2024,海南,本科批,综合,,,627,5701,
199903,华南理工大学,2024,海南,本科批,综合,,,731,566,
199904,华南理工大学,2024,海南,本科批,综合,,,733,761,
199905,华南理工大学,2024,海南,本科批,综合,,,718,469,
200001,华南农业大学,2024,海南,本科批,综合,,,648,5279,
200002,华南农业大学,2024,海南,本科批,综合,,,488,5072,
2001,北京林业大学,2024,海南,本科批,综合,,,627,2924,
200103,广东海洋大学,2024,海南,本科批,综合,,,598,12377,
200180,广东海洋大学,2024,海南,本科批,综合,,,570,15570,
200181,广东海洋大学,2024,海南,本科批,综合,,,588,12377,
200182,广东海洋大学,2024,海南,本科批,综合,,,590,13900,
200183,广东海洋大学,2024,海南,本科批,综合,,,545,17335,
2002,北京林业大学,2024,海南,本科批,综合,,,649,3136,
200201,广州医科大学,2024,海南,本科批,综合,,,654,4080,
200202,广州医科大学,2024,海南,本科批,综合,,,641,6019,
200203,广州医科大学,2024,海南,本科批,综合,,,632,5610,
2003,北京林业大学,2024,海南,本科批,综合,,,669,3468,
200301,广东医科大学,2024,海南,本科批,综合,,,616,5370,
200401,广州中医药大学,2024,海南,本科批,综合,,,636,6586,
200402,广州中医药大学,2024,海南,本科批,综合,,,639,985,
200403,广州中医药大学,2024,海南,本科批,综合,,,641,6019,
200501,广东药科大学,2024,海南,本科批,综合,,,587,14506,
200502,广东药科大学,2024,海南,本科批,综合,,,564,8163,
200603,华南师范大学,2024,海南,本科批,综合,,,703,957,
200604,华南师范大学,2024,海南,本科批,综合,,,690,1913,
200605,华南师范大学,2024,海南,本科批,综合,,,659,2517,
200606,华南师范大学,2024,海南,本科批,综合,,,715,1207,
200607,华南师范大学,2024,海南,本科批,综合,,,709,1401,
200608,华南师范大学,2024,海南,本科批,综合,,,714,1246,
200701,韶关学院,2024,海南,本科批,综合,,,564,19137,
200702,韶关学院,2024,海南,本科批,综合,,,535,26094,
200801,惠州学院,2024,海南,本科批,综合,,,559,20364,
200901,韩山师范学院,2024,海南,本科批,综合,,,579,12377,
200902,韩山师范学院,2024,海南,本科批,综合,,,526,25810,
201,中国人民大学,2024,海南,本科批,综合,,,808,59,
201002,岭南师范学院,2024,海南,本科批,综合,,,573,17552,
201003,岭南师范学院,2024,海南,本科批,综合,,,571,17978,
201004,岭南师范学院,2024,海南,本科批,综合,,,522,16442,
201005,岭南师范学院,2024,海南,本科批,综合,,,520,31393,
201102,肇庆学院,2024,海南,本科批,综合,,,571,17978,
201103,肇庆学院,2024,海南,本科批,综合,,,484,41238,
201201,嘉应学院,2024,海南,本科批,综合,,,578,14905,
201202,嘉应学院,2024,海南,本科批,综合,,,568,18658,
201203,嘉应学院,2024,海南,本科批,综合,,,539,26094,
201305,广州体育学院,2024,海南,本科批,综合,,,485,41238,
201603,广东技术师范大学,2024,海南,本科批,综合,,,621,8571,
201604,广东技术师范大学,2024,海南,本科批,综合,,,601,11138,
201702,深圳大学,2024,海南,本科批,综合,,,685,1737,
201703,深圳大学,2024,海南,本科批,综合,,,701,1696,
201704,深圳大学,2024,海南,本科批,综合,,,691,1304,
201801,广东财经大学,2024,海南,本科批,综合,,,634,5370,
201802,广东财经大学,2024,海南,本科批,综合,,,642,5905,
201901,广东白云学院,2024,海南,本科批,综合,,,514,23968,
201902,广东白云学院,2024,海南,本科批,综合,,,539,26094,
201903,广东白云学院,2024,海南,本科批,综合,,,523,21396,
202,中国人民大学,2024,海南,本科批,综合,,,812,71,
202503,广州大学,2024,海南,本科批,综合,,,650,3468,
202504,广州大学,2024,海南,本科批,综合,,,650,5072,
202505,广州大学,2024,海南,本科批,综合,,,627,3845,
202701,广东警官学院,2024,海南,本科批,综合,,,624,8163,
203203,五邑大学,2024,海南,本科批,综合,,,564,12004,
203301,广东金融学院,2024,海南,本科批,综合,,,624,8163,
203302,广东金融学院,2024,海南,本科批,综合,,,612,9934,
203402,电子科技大学中山学院,2024,海南,本科批,综合,,,502,29380,
203503,广东石油化工学院,2024,海南,本科批,综合,,,584,15113,
203504,广东石油化工学院,2024,海南,本科批,综合,,,581,15788,
203505,广东石油化工学院,2024,海南,本科批,综合,,,561,12722,
203601,东莞理工学院,2024,海南,本科批,综合,,,570,12722,
203702,广东工业大学,2024,海南,本科批,综合,,,635,5905,
203703,广东工业大学,2024,海南,本科批,综合,,,624,3195,
203780,广东工业大学,2024,海南,本科批,综合,,,610,10279,
203781,广东工业大学,2024,海南,本科批,综合,,,580,3996,
203782,广东工业大学,2024,海南,本科批,综合,,,627,7735,
203783,广东工业大学,2024,海南,本科批,综合,,,577,3539,
203802,广东外语外贸大学,2024,海南,本科批,综合,,,626,5610,
203803,广东外语外贸大学,2024,海南,本科批,综合,,,634,6830,
203901,佛山大学,2024,海南,本科批,综合,,,584,15113,
203902,佛山大学,2024,海南,本科批,综合,,,585,14905,
203903,佛山大学,2024,海南,本科批,综合,,,546,15317,
203904,佛山大学,2024,海南,本科批,综合,,,587,14506,
204201,广东培正学院,2024,海南,本科批,综合,,,509,28572,
204202,广东培正学院,2024,海南,本科批,综合,,,486,40965,
204401,南方医科大学,2024,海南,本科批,综合,,,664,536,
205001,广东东软学院,2024,海南,本科批,综合,,,507,33659,
205501,广州城市理工学院,2024,海南,本科批,综合,,,515,26922,
205502,广州城市理工学院,2024,海南,本科批,综合,,,527,29098,
205503,广州城市理工学院,2024,海南,本科批,综合,,,516,29098,
205602,广州软件学院,2024,海南,本科批,综合,,,522,28298,
205603,广州软件学院,2024,海南,本科批,综合,,,473,37077,
205701,广州南方学院,2024,海南,本科批,综合,,,532,23151,
205702,广州南方学院,2024,海南,本科批,综合,,,541,25500,
205703,广州南方学院,2024,海南,本科批,综合,,,518,22908,
205803,广东外语外贸大学南国商学院,2024,海南,本科批,综合,,,514,30534,
205804,广东外语外贸大学南国商学院,2024,海南,本科批,综合,,,535,27215,
205901,广州华商学院,2024,海南,本科批,综合,,,514,32517,
206002,湛江科技学院,2024,海南,本科批,综合,,,501,34786,
206003,湛江科技学院,2024,海南,本科批,综合,,,496,38160,
206004,湛江科技学院,2024,海南,本科批,综合,,,495,32818,
20605,河北传媒学院,2024,海南,本科批,综合,,,539,23968,
20606,河北传媒学院,2024,海南,本科批,综合,,,513,32234,
206105,华南农业大学珠江学院,2024,海南,本科批,综合,,,518,31962,
206106,华南农业大学珠江学院,2024,海南,本科批,综合,,,502,36510,
206107,华南农业大学珠江学院,2024,海南,本科批,综合,,,511,33659,
206203,广州理工学院,2024,海南,本科批,综合,,,520,29707,
206204,广州理工学院,2024,海南,本科批,综合,,,519,31653,
206205,广州理工学院,2024,海南,本科批,综合,,,525,27726,
208202,广州华立学院,2024,海南,本科批,综合,,,512,33659,
208203,广州华立学院,2024,海南,本科批,综合,,,500,37077,
208204,广州华立学院,2024,海南,本科批,综合,,,521,30842,
208301,广州应用科技学院,2024,海南,本科批,综合,,,516,28875,
208302,广州应用科技学院,2024,海南,本科批,综合,,,511,31653,
208303,广州应用科技学院,2024,海南,本科批,综合,,,504,33109,
208401,广州商学院,2024,海南,本科批,综合,,,505,35056,
208480,广州商学院,2024,海南,本科批,综合,,,499,37370,
208602,珠海科技学院,2024,海南,本科批,综合,,,549,20621,
208603,珠海科技学院,2024,海南,本科批,综合,,,540,18472,
208604,珠海科技学院,2024,海南,本科批,综合,,,546,24228,
209401,广州工商学院,2024,海南,本科批,综合,,,504,35899,
209402,广州工商学院,2024,海南,本科批,综合,,,483,41779,
209701,广州科技职业技术大学,2024,海南,本科批,综合,,,507,33933,
209702,广州科技职业技术大学,2024,海南,本科批,综合,,,517,32234,
209901,广东科技学院,2024,海南,本科批,综合,,,511,33933,
209902,广东科技学院,2024,海南,本科批,综合,,,507,34493,
210003,广东理工学院,2024,海南,本科批,综合,,,513,33405,
210004,广东理工学院,2024,海南,本科批,综合,,,505,33659,
210005,广东理工学院,2024,海南,本科批,综合,,,509,31393,
210101,广东工商职业技术大学,2024,海南,本科批,综合,,,506,35366,
210102,广东工商职业技术大学,2024,海南,本科批,综合,,,501,35366,
210103,广东工商职业技术大学,2024,海南,本科批,综合,,,497,37924,
210304,东莞城市学院,2024,海南,本科批,综合,,,509,34493,
210305,东莞城市学院,2024,海南,本科批,综合,,,483,41779,
210306,东莞城市学院,2024,海南,本科批,综合,,,514,33109,
210401,广州新华学院,2024,海南,本科批,综合,,,531,23151,
210402,广州新华学院,2024,海南,本科批,综合,,,532,28031,
210403,广州新华学院,2024,海南,本科批,综合,,,538,26380,
210404,广州新华学院,2024,海南,本科批,综合,,,518,22908,
210405,广州新华学院,2024,海南,本科批,综合,,,534,27215,
215501,北京师范大学-香港浸会大学联合国际学院,2024,海南,本科批,综合,,,601,10279,
216001,哈尔滨工业大学(深圳),2024,海南,本科批,综合,,,771,251,
216301,广西大学,2024,海南,本科批,综合,,,616,3845,
216401,广西科技大学,2024,海南,本科批,综合,,,595,12898,
216402,广西科技大学,2024,海南,本科批,综合,,,559,14905,
216403,广西科技大学,2024,海南,本科批,综合,,,582,15570,
216404,广西科技大学,2024,海南,本科批,综合,,,538,26380,
216480,广西科技大学,2024,海南,本科批,综合,,,515,31653,
216502,桂林电子科技大学,2024,海南,本科批,综合,,,620,8163,
216503,桂林电子科技大学,2024,海南,本科批,综合,,,626,4781,
216601,桂林理工大学,2024,海南,本科批,综合,,,586,13666,
216602,桂林理工大学,2024,海南,本科批,综合,,,531,13501,
216603,桂林理工大学,2024,海南,本科批,综合,,,604,11285,
216680,桂林理工大学,2024,海南,本科批,综合,,,550,23151,
216701,广西医科大学,2024,海南,本科批,综合,,,639,1471,
216780,广西医科大学,2024,海南,本科批,综合,,,543,9934,
216801,右江民族医学院,2024,海南,本科批,综合,,,567,17978,
216802,右江民族医学院,2024,海南,本科批,综合,,,486,40419,
216803,右江民族医学院,2024,海南,本科批,综合,,,579,16225,
216901,广西中医药大学,2024,海南,本科批,综合,,,586,14706,
216902,广西中医药大学,2024,海南,本科批,综合,,,599,7623,
216980,广西中医药大学,2024,海南,本科批,综合,,,548,19861,
216981,广西中医药大学,2024,海南,本科批,综合,,,483,41779,
217001,桂林医学院,2024,海南,本科批,综合,,,576,15788,
217002,桂林医学院,2024,海南,本科批,综合,,,590,7486,
217003,桂林医学院,2024,海南,本科批,综合,,,598,12377,
217102,广西师范大学,2024,海南,本科批,综合,,,629,6498,
217103,广西师范大学,2024,海南,本科批,综合,,,607,10761,
217104,广西师范大学,2024,海南,本科批,综合,,,566,14092,
217105,广西师范大学,2024,海南,本科批,综合,,,660,4172,
217106,广西师范大学,2024,海南,本科批,综合,,,642,5279,
217107,广西师范大学,2024,海南,本科批,综合,,,641,6019,
217201,南宁师范大学,2024,海南,本科批,综合,,,592,12722,
217202,南宁师范大学,2024,海南,本科批,综合,,,599,12200,
217203,南宁师范大学,2024,海南,本科批,综合,,,597,11138,
217204,南宁师范大学,2024,海南,本科批,综合,,,583,15317,
217205,南宁师范大学,2024,海南,本科批,综合,,,633,6965,
217206,南宁师范大学,2024,海南,本科批,综合,,,626,7880,
217280,南宁师范大学,2024,海南,本科批,综合,,,567,18906,
217305,广西民族师范学院,2024,海南,本科批,综合,,,582,13900,
217306,广西民族师范学院,2024,海南,本科批,综合,,,484,30842,
217307,广西民族师范学院,2024,海南,本科批,综合,,,597,12551,
217308,广西民族师范学院,2024,海南,本科批,综合,,,588,14321,
217402,河池学院,2024,海南,本科批,综合,,,566,19137,
217403,河池学院,2024,海南,本科批,综合,,,556,20113,
217502,玉林师范学院,2024,海南,本科批,综合,,,564,18906,
217503,玉林师范学院,2024,海南,本科批,综合,,,567,18906,
217504,玉林师范学院,2024,海南,本科批,综合,,,500,17978,
217580,玉林师范学院,2024,海南,本科批,综合,,,562,20113,
217702,广西民族大学,2024,海南,本科批,综合,,,614,5610,
217703,广西民族大学,2024,海南,本科批,综合,,,589,13321,
217704,广西民族大学,2024,海南,本科批,综合,,,486,40965,
217705,广西民族大学,2024,海南,本科批,综合,,,624,8163,
217706,广西民族大学,2024,海南,本科批,综合,,,600,12004,
217802,百色学院,2024,海南,本科批,综合,,,570,15788,
217803,百色学院,2024,海南,本科批,综合,,,567,18906,
217804,百色学院,2024,海南,本科批,综合,,,483,25500,
217805,百色学院,2024,海南,本科批,综合,,,583,15317,
217806,百色学院,2024,海南,本科批,综合,,,581,15788,
218102,梧州学院,2024,海南,本科批,综合,,,571,14321,
218103,梧州学院,2024,海南,本科批,综合,,,575,17087,
218104,梧州学院,2024,海南,本科批,综合,,,551,15113,
218105,梧州学院,2024,海南,本科批,综合,,,584,15113,
218305,广西科技师范学院,2024,海南,本科批,综合,,,582,12200,
218306,广西科技师范学院,2024,海南,本科批,综合,,,485,32234,
218501,广西财经学院,2024,海南,本科批,综合,,,591,12551,
218603,南宁学院,2024,海南,本科批,综合,,,535,27215,
218604,南宁学院,2024,海南,本科批,综合,,,526,27726,
218605,南宁学院,2024,海南,本科批,综合,,,513,27726,
218702,北部湾大学,2024,海南,本科批,综合,,,593,13128,
218703,北部湾大学,2024,海南,本科批,综合,,,543,24997,
218704,北部湾大学,2024,海南,本科批,综合,,,556,17978,
218780,北部湾大学,2024,海南,本科批,综合,,,466,41507,
218781,北部湾大学,2024,海南,本科批,综合,,,507,35056,
219102,桂林航天工业学院,2024,海南,本科批,综合,,,571,16644,
219103,桂林航天工业学院,2024,海南,本科批,综合,,,580,15994,
219104,桂林航天工业学院,2024,海南,本科批,综合,,,549,18200,
219201,桂林旅游学院,2024,海南,本科批,综合,,,560,20364,
219302,贺州学院,2024,海南,本科批,综合,,,539,23151,
220405,北海艺术设计学院,2024,海南,本科批,综合,,,521,31110,
220601,柳州工学院,2024,海南,本科批,综合,,,541,21396,
220602,柳州工学院,2024,海南,本科批,综合,,,550,20364,
220701,广西民族大学相思湖学院,2024,海南,本科批,综合,,,546,22416,
220702,广西民族大学相思湖学院,2024,海南,本科批,综合,,,543,24716,
220703,广西民族大学相思湖学院,2024,海南,本科批,综合,,,487,40700,
220804,桂林学院,2024,海南,本科批,综合,,,544,22142,
220805,桂林学院,2024,海南,本科批,综合,,,497,34493,
221001,广西中医药大学赛恩斯新医药学院,2024,海南,本科批,综合,,,528,22142,
221103,桂林信息科技学院,2024,海南,本科批,综合,,,515,31110,
221104,桂林信息科技学院,2024,海南,本科批,综合,,,526,29707,
221105,桂林信息科技学院,2024,海南,本科批,综合,,,486,29966,
221203,南宁理工学院,2024,海南,本科批,综合,,,522,29707,
221204,南宁理工学院,2024,海南,本科批,综合,,,520,31393,
221205,南宁理工学院,2024,海南,本科批,综合,,,512,31962,
221604,广西外国语学院,2024,海南,本科批,综合,,,516,30268,
221605,广西外国语学院,2024,海南,本科批,综合,,,516,30268,
221606,广西外国语学院,2024,海南,本科批,综合,,,513,32234,
221901,广西城市职业大学,2024,海南,本科批,综合,,,511,33933,
221902,广西城市职业大学,2024,海南,本科批,综合,,,515,32818,
225304,重庆大学,2024,海南,本科批,综合,,,716,1181,
225305,重庆大学,2024,海南,本科批,综合,,,709,1011,
225401,重庆邮电大学,2024,海南,本科批,综合,,,635,4080,
225502,重庆交通大学,2024,海南,本科批,综合,,,624,7880,
225503,重庆交通大学,2024,海南,本科批,综合,,,620,8717,
225504,重庆交通大学,2024,海南,本科批,综合,,,592,9467,
225601,重庆医科大学,2024,海南,本科批,综合,,,683,865,
225680,重庆医科大学,2024,海南,本科批,综合,,,594,4884,
225713,西南大学,2024,海南,本科批,综合,,,677,1696,
225714,西南大学,2024,海南,本科批,综合,,,662,1696,
225715,西南大学,2024,海南,本科批,综合,,,678,2871,
225801,重庆师范大学,2024,海南,本科批,综合,,,619,7099,
225802,重庆师范大学,2024,海南,本科批,综合,,,611,8163,
225803,重庆师范大学,2024,海南,本科批,综合,,,627,3468,
225804,重庆师范大学,2024,海南,本科批,综合,,,671,3324,
225805,重庆师范大学,2024,海南,本科批,综合,,,662,3996,
225880,重庆师范大学,2024,海南,本科批,综合,,,604,11285,
225903,重庆文理学院,2024,海南,本科批,综合,,,581,15570,
225904,重庆文理学院,2024,海南,本科批,综合,,,587,14506,
225905,重庆文理学院,2024,海南,本科批,综合,,,488,16225,
225906,重庆文理学院,2024,海南,本科批,综合,,,579,16225,
226003,重庆三峡学院,2024,海南,本科批,综合,,,588,12377,
226004,重庆三峡学院,2024,海南,本科批,综合,,,480,23151,
226102,长江师范学院,2024,海南,本科批,综合,,,525,23705,
226202,四川外国语大学,2024,海南,本科批,综合,,,617,8571,
226280,四川外国语大学,2024,海南,本科批,综合,,,583,15317,
226281,四川外国语大学,2024,海南,本科批,综合,,,569,18472,
226302,西南政法大学,2024,海南,本科批,综合,,,681,1696,
226601,重庆科技大学,2024,海南,本科批,综合,,,581,14706,
226602,重庆科技大学,2024,海南,本科批,综合,,,602,11656,
226603,重庆科技大学,2024,海南,本科批,综合,,,584,11285,
226701,重庆理工大学,2024,海南,本科批,综合,,,623,6498,
226702,重庆理工大学,2024,海南,本科批,综合,,,623,7735,
226801,重庆工商大学,2024,海南,本科批,综合,,,619,7880,
226802,重庆工商大学,2024,海南,本科批,综合,,,613,8008,
226803,重庆工商大学,2024,海南,本科批,综合,,,557,12722,
226804,重庆工商大学,2024,海南,本科批,综合,,,606,10952,
227401,重庆工程学院,2024,海南,本科批,综合,,,543,24716,
227402,重庆工程学院,2024,海南,本科批,综合,,,493,26094,
227604,重庆城市科技学院,2024,海南,本科批,综合,,,540,24716,
227605,重庆城市科技学院,2024,海南,本科批,综合,,,547,23968,
227606,重庆城市科技学院,2024,海南,本科批,综合,,,528,27726,
228301,重庆人文科技学院,2024,海南,本科批,综合,,,551,21396,
228302,重庆人文科技学院,2024,海南,本科批,综合,,,485,38727,
228303,重庆人文科技学院,2024,海南,本科批,综合,,,553,22416,
228304,重庆人文科技学院,2024,海南,本科批,综合,,,553,22416,
228401,重庆外语外事学院,2024,海南,本科批,综合,,,539,20885,
228502,重庆对外经贸学院,2024,海南,本科批,综合,,,544,24716,
228503,重庆对外经贸学院,2024,海南,本科批,综合,,,527,27726,
228601,重庆财经学院,2024,海南,本科批,综合,,,550,19861,
228602,重庆财经学院,2024,海南,本科批,综合,,,549,23420,
228603,重庆财经学院,2024,海南,本科批,综合,,,514,33109,
228701,重庆工商大学派斯学院,2024,海南,本科批,综合,,,549,23420,
228702,重庆工商大学派斯学院,2024,海南,本科批,综合,,,483,41779,
228801,重庆移通学院,2024,海南,本科批,综合,,,540,25810,
228802,重庆移通学院,2024,海南,本科批,综合,,,508,31653,
228880,重庆移通学院,2024,海南,本科批,综合,,,495,38160,
22901,河北外国语学院,2024,海南,本科批,综合,,,542,25271,
22902,河北外国语学院,2024,海南,本科批,综合,,,527,29380,
2301,北京中医药大学,2024,海南,本科批,综合,,,672,2691,
2302,北京中医药大学,2024,海南,本科批,综合,,,556,566,
23101,华北理工大学轻工学院,2024,海南,本科批,综合,,,517,32234,
23102,华北理工大学轻工学院,2024,海南,本科批,综合,,,529,28875,
231102,重庆第二师范学院,2024,海南,本科批,综合,,,569,17978,
232302,西南大学,2024,海南,本科批,综合,,,657,3920,
232303,西南大学,2024,海南,本科批,综合,,,660,4172,
232304,西南大学,2024,海南,本科批,综合,,,614,5905,
232502,四川大学,2024,海南,本科批,综合,,,722,687,
232503,四川大学,2024,海南,本科批,综合,,,682,2624,
232504,四川大学,2024,海南,本科批,综合,,,709,957,
232505,四川大学,2024,海南,本科批,综合,,,706,1507,
232580,四川大学,2024,海南,本科批,综合,,,752,149,
232602,西南交通大学,2024,海南,本科批,综合,,,699,1549,
232702,电子科技大学,2024,海南,本科批,综合,,,740,432,
232802,西南石油大学,2024,海南,本科批,综合,,,642,5168,
232803,西南石油大学,2024,海南,本科批,综合,,,622,5279,
232901,成都理工大学,2024,海南,本科批,综合,,,629,7329,
232902,成都理工大学,2024,海南,本科批,综合,,,617,6830,
232903,成都理工大学,2024,海南,本科批,综合,,,649,5168,
232904,成都理工大学,2024,海南,本科批,综合,,,599,12200,
232905,成都理工大学,2024,海南,本科批,综合,,,615,9467,
233001,西南科技大学,2024,海南,本科批,综合,,,613,9314,
233002,西南科技大学,2024,海南,本科批,综合,,,565,8868,
233003,西南科技大学,2024,海南,本科批,综合,,,615,9467,
233101,成都信息工程大学,2024,海南,本科批,综合,,,619,8868,
233102,成都信息工程大学,2024,海南,本科批,综合,,,616,9314,
233103,成都信息工程大学,2024,海南,本科批,综合,,,623,6830,
233201,四川轻化工大学,2024,海南,本科批,综合,,,617,9159,
233202,四川轻化工大学,2024,海南,本科批,综合,,,587,14506,
233302,西华大学,2024,海南,本科批,综合,,,617,9022,
233303,西华大学,2024,海南,本科批,综合,,,593,12551,
233403,中国民用航空飞行学院,2024,海南,本科批,综合,,,582,15570,
233404,中国民用航空飞行学院,2024,海南,本科批,综合,,,605,11138,
233405,中国民用航空飞行学院,2024,海南,本科批,综合,,,577,9643,
233501,四川农业大学,2024,海南,本科批,综合,,,652,4330,
233502,四川农业大学,2024,海南,本科批,综合,,,638,5370,
233503,四川农业大学,2024,海南,本科批,综合,,,646,5489,
233504,四川农业大学,2024,海南,本科批,综合,,,547,5610,
233601,西昌学院,2024,海南,本科批,综合,,,564,19597,
233701,西南医科大学,2024,海南,本科批,综合,,,607,10761,
233702,西南医科大学,2024,海南,本科批,综合,,,594,4593,
233801,成都中医药大学,2024,海南,本科批,综合,,,625,7329,
233802,成都中医药大学,2024,海南,本科批,综合,,,483,4256,
233901,川北医学院,2024,海南,本科批,综合,,,591,13128,
234002,四川师范大学,2024,海南,本科批,综合,,,624,4781,
234003,四川师范大学,2024,海南,本科批,综合,,,614,8571,
234004,四川师范大学,2024,海南,本科批,综合,,,578,9467,
234005,四川师范大学,2024,海南,本科批,综合,,,537,21396,
234006,四川师范大学,2024,海南,本科批,综合,,,627,7735,
234007,四川师范大学,2024,海南,本科批,综合,,,636,5279,
234008,四川师范大学,2024,海南,本科批,综合,,,654,4713,
234009,四川师范大学,2024,海南,本科批,综合,,,639,6231,
23401,河北医科大学临床学院,2024,海南,本科批,综合,,,565,19373,
234010,四川师范大学,2024,海南,本科批,综合,,,646,5489,
23402,河北医科大学临床学院,2024,海南,本科批,综合,,,580,11844,
234101,西华师范大学,2024,海南,本科批,综合,,,549,23420,
234201,绵阳师范学院,2024,海南,本科批,综合,,,589,12200,
234202,绵阳师范学院,2024,海南,本科批,综合,,,552,21627,
234304,内江师范学院,2024,海南,本科批,综合,,,587,10437,
234305,内江师范学院,2024,海南,本科批,综合,,,563,18200,
234401,宜宾学院,2024,海南,本科批,综合,,,576,16644,
234402,宜宾学院,2024,海南,本科批,综合,,,580,15570,
234403,宜宾学院,2024,海南,本科批,综合,,,554,16442,
234502,四川文理学院,2024,海南,本科批,综合,,,570,17552,
234503,四川文理学院,2024,海南,本科批,综合,,,570,18200,
234601,阿坝师范学院,2024,海南,本科批,综合,,,577,11844,
234602,阿坝师范学院,2024,海南,本科批,综合,,,572,13501,
234603,阿坝师范学院,2024,海南,本科批,综合,,,607,10761,
234604,阿坝师范学院,2024,海南,本科批,综合,,,583,15317,
234605,阿坝师范学院,2024,海南,本科批,综合,,,578,16442,
234701,乐山师范学院,2024,海南,本科批,综合,,,563,19861,
234801,西南财经大学,2024,海南,本科批,综合,,,692,1271,
234802,西南财经大学,2024,海南,本科批,综合,,,698,1549,
234803,西南财经大学,2024,海南,本科批,综合,,,692,1737,
23501,河北工程大学科信学院,2024,海南,本科批,综合,,,543,24997,
23502,河北工程大学科信学院,2024,海南,本科批,综合,,,544,19597,
235107,西南民族大学,2024,海南,本科批,综合,,,609,6019,
235108,西南民族大学,2024,海南,本科批,综合,,,486,9795,
235180,西南民族大学,2024,海南,本科批,综合,,,543,24997,
235181,西南民族大学,2024,海南,本科批,综合,,,538,26380,
235201,成都大学,2024,海南,本科批,综合,,,629,5701,
235202,成都大学,2024,海南,本科批,综合,,,603,11475,
235203,成都大学,2024,海南,本科批,综合,,,617,7099,
235204,成都大学,2024,海南,本科批,综合,,,622,8436,
235301,成都工业学院,2024,海南,本科批,综合,,,584,14706,
235302,成都工业学院,2024,海南,本科批,综合,,,545,19373,
235380,成都工业学院,2024,海南,本科批,综合,,,572,17764,
235381,成都工业学院,2024,海南,本科批,综合,,,569,16225,
235401,攀枝花学院,2024,海南,本科批,综合,,,559,20885,
235402,攀枝花学院,2024,海南,本科批,综合,,,507,33659,
235501,四川旅游学院,2024,海南,本科批,综合,,,566,19137,
235502,四川旅游学院,2024,海南,本科批,综合,,,498,37632,
235580,四川旅游学院,2024,海南,本科批,综合,,,492,39297,
235701,四川民族学院,2024,海南,本科批,综合,,,576,16888,
236302,成都东软学院,2024,海南,本科批,综合,,,536,26922,
236303,成都东软学院,2024,海南,本科批,综合,,,528,27215,
23701,石家庄铁道大学四方学院,2024,海南,本科批,综合,,,557,21396,
23702,石家庄铁道大学四方学院,2024,海南,本科批,综合,,,549,23420,
23703,石家庄铁道大学四方学院,2024,海南,本科批,综合,,,488,29098,
237701,吉利学院,2024,海南,本科批,综合,,,518,28298,
237702,吉利学院,2024,海南,本科批,综合,,,525,29966,
237703,吉利学院,2024,海南,本科批,综合,,,522,27726,
238801,电子科技大学成都学院,2024,海南,本科批,综合,,,545,20364,
238802,电子科技大学成都学院,2024,海南,本科批,综合,,,552,22661,
238803,电子科技大学成都学院,2024,海南,本科批,综合,,,555,18200,
238901,成都理工大学工程技术学院,2024,海南,本科批,综合,,,540,25810,
238902,成都理工大学工程技术学院,2024,海南,本科批,综合,,,529,27215,
239008,四川传媒学院,2024,海南,本科批,综合,,,591,13666,
239101,成都银杏酒店管理学院,2024,海南,本科批,综合,,,533,25810,
239102,成都银杏酒店管理学院,2024,海南,本科批,综合,,,529,28875,
239205,成都文理学院,2024,海南,本科批,综合,,,560,14706,
239206,成都文理学院,2024,海南,本科批,综合,,,553,22416,
239303,四川工商学院,2024,海南,本科批,综合,,,557,21396,
239304,四川工商学院,2024,海南,本科批,综合,,,527,27473,
239403,成都外国语学院,2024,海南,本科批,综合,,,537,26380,
239501,成都医学院,2024,海南,本科批,综合,,,595,12898,
2401,北京师范大学,2024,海南,本科批,综合,,,739,153,
240104,成都锦城学院,2024,海南,本科批,综合,,,549,21627,
240105,成都锦城学院,2024,海南,本科批,综合,,,547,23968,
2402,北京师范大学,2024,海南,本科批,综合,,,755,259,
240701,西南财经大学天府学院,2024,海南,本科批,综合,,,539,22142,
240702,西南财经大学天府学院,2024,海南,本科批,综合,,,536,26922,
240703,西南财经大学天府学院,2024,海南,本科批,综合,,,491,39563,
240803,四川大学锦江学院,2024,海南,本科批,综合,,,540,22661,
240804,四川大学锦江学院,2024,海南,本科批,综合,,,545,24505,
240805,四川大学锦江学院,2024,海南,本科批,综合,,,541,20621,
241001,绵阳城市学院,2024,海南,本科批,综合,,,536,26922,
241002,绵阳城市学院,2024,海南,本科批,综合,,,540,25810,
241003,绵阳城市学院,2024,海南,本科批,综合,,,513,33405,
242002,成都师范学院,2024,海南,本科批,综合,,,598,10596,
242003,成都师范学院,2024,海南,本科批,综合,,,604,11285,
242004,成都师范学院,2024,海南,本科批,综合,,,613,9795,
24401,保定理工学院,2024,海南,本科批,综合,,,526,29707,
24402,保定理工学院,2024,海南,本科批,综合,,,518,31962,
24403,保定理工学院,2024,海南,本科批,综合,,,500,29098,
24502,燕京理工学院,2024,海南,本科批,综合,,,539,24228,
24503,燕京理工学院,2024,海南,本科批,综合,,,536,26922,
24504,燕京理工学院,2024,海南,本科批,综合,,,511,30268,
246001,电子科技大学,2024,海南,本科批,综合,,,666,3691,
24601,北京中医药大学东方学院,2024,海南,本科批,综合,,,542,25271,
24602,北京中医药大学东方学院,2024,海南,本科批,综合,,,548,23705,
24603,北京中医药大学东方学院,2024,海南,本科批,综合,,,529,17087,
24604,北京中医药大学东方学院,2024,海南,本科批,综合,,,556,21627,
246401,贵州大学,2024,海南,本科批,综合,,,636,5279,
246402,贵州大学,2024,海南,本科批,综合,,,605,4330,
246501,贵州医科大学,2024,海南,本科批,综合,,,617,9159,
246502,贵州医科大学,2024,海南,本科批,综合,,,632,4421,
246580,贵州医科大学,2024,海南,本科批,综合,,,526,29707,
246601,遵义医科大学,2024,海南,本科批,综合,,,586,14706,
246602,遵义医科大学,2024,海南,本科批,综合,,,506,20113,
246603,遵义医科大学,2024,海南,本科批,综合,,,605,10110,
246680,遵义医科大学,2024,海南,本科批,综合,,,497,26094,
246701,贵州中医药大学,2024,海南,本科批,综合,,,548,13321,
246901,遵义师范学院,2024,海南,本科批,综合,,,622,8436,
246902,遵义师范学院,2024,海南,本科批,综合,,,610,10279,
247101,兴义民族师范学院,2024,海南,本科批,综合,,,576,16888,
247102,兴义民族师范学院,2024,海南,本科批,综合,,,505,35622,
247201,安顺学院,2024,海南,本科批,综合,,,568,15570,
247202,安顺学院,2024,海南,本科批,综合,,,518,29380,
247203,安顺学院,2024,海南,本科批,综合,,,584,15113,
247301,贵州工程应用技术学院,2024,海南,本科批,综合,,,561,20113,
247302,贵州工程应用技术学院,2024,海南,本科批,综合,,,506,33405,
247402,凯里学院,2024,海南,本科批,综合,,,557,21396,
247403,凯里学院,2024,海南,本科批,综合,,,514,33109,
247501,黔南民族师范学院,2024,海南,本科批,综合,,,574,16644,
247502,黔南民族师范学院,2024,海南,本科批,综合,,,585,14905,
247601,贵州财经大学,2024,海南,本科批,综合,,,590,12200,
247680,贵州财经大学,2024,海南,本科批,综合,,,487,22142,
247802,贵阳学院,2024,海南,本科批,综合,,,566,19137,
247803,贵阳学院,2024,海南,本科批,综合,,,566,14706,
247804,贵阳学院,2024,海南,本科批,综合,,,598,12377,
247901,六盘水师范学院,2024,海南,本科批,综合,,,564,18906,
247902,六盘水师范学院,2024,海南,本科批,综合,,,484,41507,
247903,六盘水师范学院,2024,海南,本科批,综合,,,589,14092,
249601,贵州黔南经济学院,2024,海南,本科批,综合,,,538,24716,
249602,贵州黔南经济学院,2024,海南,本科批,综合,,,543,24997,
249802,贵阳信息科技学院,2024,海南,本科批,综合,,,536,26922,
249803,贵阳信息科技学院,2024,海南,本科批,综合,,,520,29380,
250001,遵义医科大学医学与科技学院,2024,海南,本科批,综合,,,545,24505,
250801,贵州师范学院,2024,海南,本科批,综合,,,563,19861,
250802,贵州师范学院,2024,海南,本科批,综合,,,564,19597,
251201,贵州理工学院,2024,海南,本科批,综合,,,574,17335,
251202,贵州理工学院,2024,海南,本科批,综合,,,501,32517,
251203,贵州理工学院,2024,海南,本科批,综合,,,569,18472,
25201,沧州交通学院,2024,海南,本科批,综合,,,530,26922,
25202,沧州交通学院,2024,海南,本科批,综合,,,506,35056,
25203,沧州交通学院,2024,海南,本科批,综合,,,493,28572,
254301,贵阳康养职业大学,2024,海南,本科批,综合,,,564,19597,
254302,贵阳康养职业大学,2024,海南,本科批,综合,,,537,23705,
254502,云南大学,2024,海南,本科批,综合,,,641,5072,
254503,云南大学,2024,海南,本科批,综合,,,658,4172,
254504,云南大学,2024,海南,本科批,综合,,,631,4713,
254505,云南大学,2024,海南,本科批,综合,,,659,4080,
254506,云南大学,2024,海南,本科批,综合,,,666,3001,
254507,云南大学,2024,海南,本科批,综合,,,689,2193,
254508,云南大学,2024,海南,本科批,综合,,,664,3845,
254580,云南大学,2024,海南,本科批,综合,,,577,16644,
254601,昆明理工大学,2024,海南,本科批,综合,,,615,8571,
254602,昆明理工大学,2024,海南,本科批,综合,,,583,6586,
254603,昆明理工大学,2024,海南,本科批,综合,,,596,12722,
254604,昆明理工大学,2024,海南,本科批,综合,,,618,8571,
254701,云南农业大学,2024,海南,本科批,综合,,,588,9159,
254702,云南农业大学,2024,海南,本科批,综合,,,598,12377,
254703,云南农业大学,2024,海南,本科批,综合,,,585,9022,
254801,西南林业大学,2024,海南,本科批,综合,,,588,9934,
254802,西南林业大学,2024,海南,本科批,综合,,,600,9022,
254803,西南林业大学,2024,海南,本科批,综合,,,620,8717,
254901,昆明医科大学,2024,海南,本科批,综合,,,482,985,
255001,大理大学,2024,海南,本科批,综合,,,600,10110,
255002,大理大学,2024,海南,本科批,综合,,,489,15570,
255003,大理大学,2024,海南,本科批,综合,,,616,9314,
25501,河北东方学院,2024,海南,本科批,综合,,,532,28031,
25502,河北东方学院,2024,海南,本科批,综合,,,483,41779,
25503,河北东方学院,2024,海南,本科批,综合,,,546,24228,
255101,云南中医药大学,2024,海南,本科批,综合,,,585,14905,
255102,云南中医药大学,2024,海南,本科批,综合,,,586,14706,
255103,云南中医药大学,2024,海南,本科批,综合,,,487,12377,
255201,云南师范大学,2024,海南,本科批,综合,,,606,7486,
255202,云南师范大学,2024,海南,本科批,综合,,,507,23151,
255203,云南师范大学,2024,海南,本科批,综合,,,605,11138,
255204,云南师范大学,2024,海南,本科批,综合,,,615,8163,
255301,昭通学院,2024,海南,本科批,综合,,,577,16644,
255302,昭通学院,2024,海南,本科批,综合,,,516,32517,
255402,曲靖师范学院,2024,海南,本科批,综合,,,561,17335,
255403,曲靖师范学院,2024,海南,本科批,综合,,,569,18472,
255404,曲靖师范学院,2024,海南,本科批,综合,,,573,12200,
255405,曲靖师范学院,2024,海南,本科批,综合,,,590,13900,
255406,曲靖师范学院,2024,海南,本科批,综合,,,585,14905,
255501,普洱学院,2024,海南,本科批,综合,,,554,22142,
255502,普洱学院,2024,海南,本科批,综合,,,495,38461,
255701,红河学院,2024,海南,本科批,综合,,,558,20364,
255702,红河学院,2024,海南,本科批,综合,,,489,26380,
255801,云南财经大学,2024,海南,本科批,综合,,,593,8436,
255802,云南财经大学,2024,海南,本科批,综合,,,584,15113,
255880,云南财经大学,2024,海南,本科批,综合,,,552,22661,
256001,云南民族大学,2024,海南,本科批,综合,,,597,12551,
256002,云南民族大学,2024,海南,本科批,综合,,,501,16225,
256003,云南民族大学,2024,海南,本科批,综合,,,601,10952,
256004,云南民族大学,2024,海南,本科批,综合,,,585,14905,
256005,云南民族大学,2024,海南,本科批,综合,,,624,8163,
256101,玉溪师范学院,2024,海南,本科批,综合,,,580,14706,
256102,玉溪师范学院,2024,海南,本科批,综合,,,479,42765,
256103,玉溪师范学院,2024,海南,本科批,综合,,,588,14321,
256201,楚雄师范学院,2024,海南,本科批,综合,,,564,16225,
256202,楚雄师范学院,2024,海南,本科批,综合,,,549,12898,
256203,楚雄师范学院,2024,海南,本科批,综合,,,560,16644,
256204,楚雄师范学院,2024,海南,本科批,综合,,,581,15788,
256404,昆明学院,2024,海南,本科批,综合,,,576,15113,
256405,昆明学院,2024,海南,本科批,综合,,,498,25271,
256406,昆明学院,2024,海南,本科批,综合,,,573,16442,
256407,昆明学院,2024,海南,本科批,综合,,,598,12377,
256502,文山学院,2024,海南,本科批,综合,,,523,30534,
257501,云南经济管理学院,2024,海南,本科批,综合,,,530,26094,
257502,云南经济管理学院,2024,海南,本科批,综合,,,526,29707,
257503,云南经济管理学院,2024,海南,本科批,综合,,,517,29098,
257504,云南经济管理学院,2024,海南,本科批,综合,,,520,31393,
258103,滇池学院,2024,海南,本科批,综合,,,527,29380,
258104,滇池学院,2024,海南,本科批,综合,,,518,31962,
258105,滇池学院,2024,海南,本科批,综合,,,514,29380,
258106,滇池学院,2024,海南,本科批,综合,,,552,22661,
258202,丽江文化旅游学院,2024,海南,本科批,综合,,,519,30268,
258203,丽江文化旅游学院,2024,海南,本科批,综合,,,524,30268,
258204,丽江文化旅游学院,2024,海南,本科批,综合,,,517,30268,
258301,昆明城市学院,2024,海南,本科批,综合,,,527,25500,
258302,昆明城市学院,2024,海南,本科批,综合,,,529,28875,
258303,昆明城市学院,2024,海南,本科批,综合,,,474,43844,
258401,昆明医科大学海源学院,2024,海南,本科批,综合,,,527,21627,
258402,昆明医科大学海源学院,2024,海南,本科批,综合,,,488,22661,
258403,昆明医科大学海源学院,2024,海南,本科批,综合,,,538,26380,
258601,昆明文理学院,2024,海南,本科批,综合,,,534,22908,
258602,昆明文理学院,2024,海南,本科批,综合,,,525,29966,
258603,昆明文理学院,2024,海南,本科批,综合,,,530,22661,
258701,昆明理工大学津桥学院,2024,海南,本科批,综合,,,524,26650,
258702,昆明理工大学津桥学院,2024,海南,本科批,综合,,,528,29098,
258703,昆明理工大学津桥学院,2024,海南,本科批,综合,,,524,24716,
262201,滇西应用技术大学,2024,海南,本科批,综合,,,562,19597,
264101,西北大学,2024,海南,本科批,综合,,,665,3324,
264102,西北大学,2024,海南,本科批,综合,,,661,3691,
264103,西北大学,2024,海南,本科批,综合,,,640,4713,
264104,西北大学,2024,海南,本科批,综合,,,670,2805,
264180,西北大学,2024,海南,本科批,综合,,,662,3996,
264203,西安交通大学,2024,海南,本科批,综合,,,774,164,
264280,西安交通大学,2024,海南,本科批,综合,,,754,432,
264281,西安交通大学,2024,海南,本科批,综合,,,674,3136,
264301,西北工业大学,2024,海南,本科批,综合,,,733,275,
264401,西安理工大学,2024,海南,本科批,综合,,,622,6586,
264502,西安电子科技大学,2024,海南,本科批,综合,,,722,599,
264601,西安工业大学,2024,海南,本科批,综合,,,603,10279,
264602,西安工业大学,2024,海南,本科批,综合,,,627,7735,
264603,西安工业大学,2024,海南,本科批,综合,,,589,12200,
264604,西安工业大学,2024,海南,本科批,综合,,,637,6498,
264680,西安工业大学,2024,海南,本科批,综合,,,591,13321,
264702,西安建筑科技大学,2024,海南,本科批,综合,,,621,8571,
264703,西安建筑科技大学,2024,海南,本科批,综合,,,600,7880,
264780,西安建筑科技大学,2024,海南,本科批,综合,,,596,12722,
264802,西安科技大学,2024,海南,本科批,综合,,,604,10952,
264803,西安科技大学,2024,海南,本科批,综合,,,611,10110,
264804,西安科技大学,2024,海南,本科批,综合,,,594,8868,
264901,西安石油大学,2024,海南,本科批,综合,,,630,6586,
264902,西安石油大学,2024,海南,本科批,综合,,,598,9022,
265001,陕西科技大学,2024,海南,本科批,综合,,,604,9159,
265080,陕西科技大学,2024,海南,本科批,综合,,,607,10110,
265101,西安工程大学,2024,海南,本科批,综合,,,607,10761,
265202,长安大学,2024,海南,本科批,综合,,,657,4421,
265203,长安大学,2024,海南,本科批,综合,,,665,3764,
265204,长安大学,2024,海南,本科批,综合,,,645,3764,
265280,长安大学,2024,海南,本科批,综合,,,597,5905,
265302,西北农林科技大学,2024,海南,本科批,综合,,,674,3136,
265303,西北农林科技大学,2024,海南,本科批,综合,,,657,3396,
265304,西北农林科技大学,2024,海南,本科批,综合,,,664,3845,
265401,陕西中医药大学,2024,海南,本科批,综合,,,584,5610,
265513,陕西师范大学,2024,海南,本科批,综合,,,663,3920,
265601,延安大学,2024,海南,本科批,综合,,,593,13321,
265602,延安大学,2024,海南,本科批,综合,,,580,15994,
265603,延安大学,2024,海南,本科批,综合,,,514,33109,
265604,延安大学,2024,海南,本科批,综合,,,599,12200,
265701,陕西理工大学,2024,海南,本科批,综合,,,590,13900,
265702,陕西理工大学,2024,海南,本科批,综合,,,584,15113,
265703,陕西理工大学,2024,海南,本科批,综合,,,611,10110,
265803,宝鸡文理学院,2024,海南,本科批,综合,,,557,20885,
265804,宝鸡文理学院,2024,海南,本科批,综合,,,522,28031,
265903,咸阳师范学院,2024,海南,本科批,综合,,,574,17087,
265904,咸阳师范学院,2024,海南,本科批,综合,,,562,20113,
265905,咸阳师范学院,2024,海南,本科批,综合,,,576,16888,
266003,渭南师范学院,2024,海南,本科批,综合,,,570,18200,
266004,渭南师范学院,2024,海南,本科批,综合,,,576,16888,
266102,西安外国语大学,2024,海南,本科批,综合,,,613,5279,
266103,西安外国语大学,2024,海南,本科批,综合,,,605,9795,
266201,西北政法大学,2024,海南,本科批,综合,,,668,1737,
266801,西安文理学院,2024,海南,本科批,综合,,,521,22142,
266802,西安文理学院,2024,海南,本科批,综合,,,585,13900,
267001,商洛学院,2024,海南,本科批,综合,,,581,15788,
267002,商洛学院,2024,海南,本科批,综合,,,563,16644,
267003,商洛学院,2024,海南,本科批,综合,,,480,29966,
267202,西安培华学院,2024,海南,本科批,综合,,,530,28572,
267203,西安培华学院,2024,海南,本科批,综合,,,523,29098,
267204,西安培华学院,2024,海南,本科批,综合,,,507,30268,
267280,西安培华学院,2024,海南,本科批,综合,,,514,33109,
267301,西安财经大学,2024,海南,本科批,综合,,,619,7486,
267401,西安邮电大学,2024,海南,本科批,综合,,,619,8008,
267402,西安邮电大学,2024,海南,本科批,综合,,,637,4330,
267701,西安医学院,2024,海南,本科批,综合,,,566,19137,
267702,西安医学院,2024,海南,本科批,综合,,,586,14706,
267703,西安医学院,2024,海南,本科批,综合,,,613,9795,
267901,西安欧亚学院,2024,海南,本科批,综合,,,519,28875,
267902,西安欧亚学院,2024,海南,本科批,综合,,,516,32517,
267903,西安欧亚学院,2024,海南,本科批,综合,,,485,35366,
267980,西安欧亚学院,2024,海南,本科批,综合,,,490,39844,
268003,西安外事学院,2024,海南,本科批,综合,,,521,22661,
268004,西安外事学院,2024,海南,本科批,综合,,,488,34493,
268005,西安外事学院,2024,海南,本科批,综合,,,527,29380,
268102,西安翻译学院,2024,海南,本科批,综合,,,515,29380,
268103,西安翻译学院,2024,海南,本科批,综合,,,527,29380,
268104,西安翻译学院,2024,海南,本科批,综合,,,489,40101,
268202,西京学院,2024,海南,本科批,综合,,,483,39297,
268203,西京学院,2024,海南,本科批,综合,,,483,41779,
268204,西京学院,2024,海南,本科批,综合,,,459,42014,
268205,西京学院,2024,海南,本科批,综合,,,484,41238,
268802,西安思源学院,2024,海南,本科批,综合,,,549,18658,
268803,西安思源学院,2024,海南,本科批,综合,,,561,20364,
268804,西安思源学院,2024,海南,本科批,综合,,,539,15994,
268805,西安思源学院,2024,海南,本科批,综合,,,558,21127,
269001,陕西国际商贸学院,2024,海南,本科批,综合,,,520,31393,
269002,陕西国际商贸学院,2024,海南,本科批,综合,,,526,29707,
269003,陕西国际商贸学院,2024,海南,本科批,综合,,,513,29380,
269801,西安交通大学城市学院,2024,海南,本科批,综合,,,477,31653,
270001,西安建筑科技大学华清学院,2024,海南,本科批,综合,,,483,36510,
270101,西安财经大学行知学院,2024,海南,本科批,综合,,,523,29966,
270102,西安财经大学行知学院,2024,海南,本科批,综合,,,522,30842,
2702,北京外国语大学,2024,海南,本科批,综合,,,698,311,
2703,北京外国语大学,2024,海南,本科批,综合,,,703,251,
270301,西安工商学院,2024,海南,本科批,综合,,,518,31962,
270302,西安工商学院,2024,海南,本科批,综合,,,505,35622,
270303,西安工商学院,2024,海南,本科批,综合,,,514,33109,
271101,西安明德理工学院,2024,海南,本科批,综合,,,517,31110,
271102,西安明德理工学院,2024,海南,本科批,综合,,,510,34198,
271103,西安明德理工学院,2024,海南,本科批,综合,,,512,31653,
274601,兰州大学,2024,海南,本科批,综合,,,700,1737,
274602,兰州大学,2024,海南,本科批,综合,,,684,2052,
274603,兰州大学,2024,海南,本科批,综合,,,684,2243,
274604,兰州大学,2024,海南,本科批,综合,,,710,1375,
274701,兰州理工大学,2024,海南,本科批,综合,,,596,12722,
274702,兰州理工大学,2024,海南,本科批,综合,,,564,13666,
274801,兰州交通大学,2024,海南,本科批,综合,,,597,9022,
274901,甘肃农业大学,2024,海南,本科批,综合,,,476,43308,
275101,西北师范大学,2024,海南,本科批,综合,,,599,4884,
275102,西北师范大学,2024,海南,本科批,综合,,,588,14321,
275103,西北师范大学,2024,海南,本科批,综合,,,573,11285,
275104,西北师范大学,2024,海南,本科批,综合,,,645,5610,
275105,西北师范大学,2024,海南,本科批,综合,,,630,5610,
275106,西北师范大学,2024,海南,本科批,综合,,,601,11844,
275201,兰州城市学院,2024,海南,本科批,综合,,,557,21396,
275202,兰州城市学院,2024,海南,本科批,综合,,,517,32234,
275203,兰州城市学院,2024,海南,本科批,综合,,,548,23705,
275204,兰州城市学院,2024,海南,本科批,综合,,,561,20364,
275205,兰州城市学院,2024,海南,本科批,综合,,,576,16888,
275301,陇东学院,2024,海南,本科批,综合,,,568,18200,
275302,陇东学院,2024,海南,本科批,综合,,,560,16442,
275303,陇东学院,2024,海南,本科批,综合,,,568,18658,
275401,天水师范学院,2024,海南,本科批,综合,,,567,18906,
275402,天水师范学院,2024,海南,本科批,综合,,,496,38160,
275403,天水师范学院,2024,海南,本科批,综合,,,519,31653,
275404,天水师范学院,2024,海南,本科批,综合,,,571,17087,
275405,天水师范学院,2024,海南,本科批,综合,,,568,18658,
275406,天水师范学院,2024,海南,本科批,综合,,,575,17087,
275601,兰州财经大学,2024,海南,本科批,综合,,,582,11656,
275602,兰州财经大学,2024,海南,本科批,综合,,,582,13321,
275603,兰州财经大学,2024,海南,本科批,综合,,,552,19373,
275706,西北民族大学,2024,海南,本科批,综合,,,576,14506,
275707,西北民族大学,2024,海南,本科批,综合,,,574,17335,
275708,西北民族大学,2024,海南,本科批,综合,,,575,17087,
275709,西北民族大学,2024,海南,本科批,综合,,,573,11475,
275710,西北民族大学,2024,海南,本科批,综合,,,607,10761,
275711,西北民族大学,2024,海南,本科批,综合,,,594,12722,
275780,西北民族大学,2024,海南,本科批,综合,,,594,12898,
275781,西北民族大学,2024,海南,本科批,综合,,,562,14905,
275901,甘肃政法大学,2024,海南,本科批,综合,,,616,6127,
275902,甘肃政法大学,2024,海南,本科批,综合,,,617,8868,
275903,甘肃政法大学,2024,海南,本科批,综合,,,624,8163,
276001,甘肃民族师范学院,2024,海南,本科批,综合,,,559,20885,
276101,兰州文理学院,2024,海南,本科批,综合,,,574,17335,
276102,兰州文理学院,2024,海南,本科批,综合,,,539,26094,
277301,兰州工商学院,2024,海南,本科批,综合,,,523,29098,
277302,兰州工商学院,2024,海南,本科批,综合,,,521,31110,
277401,兰州博文科技学院,2024,海南,本科批,综合,,,513,33405,
277402,兰州博文科技学院,2024,海南,本科批,综合,,,521,28875,
277501,兰州信息科技学院,2024,海南,本科批,综合,,,522,30842,
27901,河北石油职业技术大学,2024,海南,本科批,综合,,,557,21396,
27902,河北石油职业技术大学,2024,海南,本科批,综合,,,554,22142,
279601,兰州石化职业技术大学,2024,海南,本科批,综合,,,560,20621,
279602,兰州石化职业技术大学,2024,海南,本科批,综合,,,526,29707,
280001,青海大学,2024,海南,本科批,综合,,,631,5610,
280002,青海大学,2024,海南,本科批,综合,,,591,8008,
280003,青海大学,2024,海南,本科批,综合,,,581,12004,
28001,河北科技工程职业技术大学,2024,海南,本科批,综合,,,557,21396,
28002,河北科技工程职业技术大学,2024,海南,本科批,综合,,,566,19137,
28003,河北科技工程职业技术大学,2024,海南,本科批,综合,,,514,33109,
2801,北京第二外国语学院,2024,海南,本科批,综合,,,610,4781,
280102,青海师范大学,2024,海南,本科批,综合,,,577,10952,
280103,青海师范大学,2024,海南,本科批,综合,,,572,9022,
280104,青海师范大学,2024,海南,本科批,综合,,,613,9795,
280105,青海师范大学,2024,海南,本科批,综合,,,588,14321,
280201,青海民族大学,2024,海南,本科批,综合,,,571,14905,
280202,青海民族大学,2024,海南,本科批,综合,,,565,13321,
280203,青海民族大学,2024,海南,本科批,综合,,,580,13128,
280204,青海民族大学,2024,海南,本科批,综合,,,563,19861,
280205,青海民族大学,2024,海南,本科批,综合,,,522,30842,
281201,宁夏大学,2024,海南,本科批,综合,,,637,4884,
281202,宁夏大学,2024,海南,本科批,综合,,,643,5793,
281402,宁夏师范大学,2024,海南,本科批,综合,,,601,11844,
281501,北方民族大学,2024,海南,本科批,综合,,,582,11475,
281502,北方民族大学,2024,海南,本科批,综合,,,589,14092,
281503,北方民族大学,2024,海南,本科批,综合,,,476,17552,
281504,北方民族大学,2024,海南,本科批,综合,,,603,11475,
28201,东北大学秦皇岛分校,2024,海南,本科批,综合,,,667,3324,
28202,东北大学秦皇岛分校,2024,海南,本科批,综合,,,666,3616,
28203,东北大学秦皇岛分校,2024,海南,本科批,综合,,,677,2517,
283401,新疆大学,2024,海南,本科批,综合,,,625,7099,
283402,新疆大学,2024,海南,本科批,综合,,,584,8436,
283501,塔里木大学,2024,海南,本科批,综合,,,570,18200,
283502,塔里木大学,2024,海南,本科批,综合,,,483,29707,
283601,新疆农业大学,2024,海南,本科批,综合,,,564,19137,
283602,新疆农业大学,2024,海南,本科批,综合,,,555,21888,
283603,新疆农业大学,2024,海南,本科批,综合,,,539,17552,
283680,新疆农业大学,2024,海南,本科批,综合,,,561,18472,
283701,石河子大学,2024,海南,本科批,综合,,,603,8436,
283702,石河子大学,2024,海南,本科批,综合,,,593,12377,
283703,石河子大学,2024,海南,本科批,综合,,,534,15788,
283801,新疆医科大学,2024,海南,本科批,综合,,,605,11138,
283802,新疆医科大学,2024,海南,本科批,综合,,,478,4510,
284101,伊犁师范大学,2024,海南,本科批,综合,,,499,37370,
284201,新疆和田学院,2024,海南,本科批,综合,,,551,22908,
284202,新疆和田学院,2024,海南,本科批,综合,,,533,24716,
284203,新疆和田学院,2024,海南,本科批,综合,,,557,21396,
284301,新疆财经大学,2024,海南,本科批,综合,,,547,15317,
284501,新疆工程学院,2024,海南,本科批,综合,,,427,29966,
284701,昌吉学院,2024,海南,本科批,综合,,,543,24997,
284702,昌吉学院,2024,海南,本科批,综合,,,517,27726,
286001,新疆理工学院,2024,海南,本科批,综合,,,555,20364,
286401,新疆政法学院,2024,海南,本科批,综合,,,569,17978,
286402,新疆政法学院,2024,海南,本科批,综合,,,531,28298,
286601,新疆天山职业技术大学,2024,海南,本科批,综合,,,530,26380,
286602,新疆天山职业技术大学,2024,海南,本科批,综合,,,534,27473,
28801,山西大学,2024,海南,本科批,综合,,,647,3691,
28802,山西大学,2024,海南,本科批,综合,,,629,4172,
28803,山西大学,2024,海南,本科批,综合,,,631,6498,
28901,太原科技大学,2024,海南,本科批,综合,,,604,11285,
28902,太原科技大学,2024,海南,本科批,综合,,,570,12377,
289501,中国石油大学(北京)克拉玛依校区,2024,海南,本科批,综合,,,612,9934,
29001,中北大学,2024,海南,本科批,综合,,,594,11656,
29002,中北大学,2024,海南,本科批,综合,,,599,11285,
29003,中北大学,2024,海南,本科批,综合,,,548,8717,
2903,北京语言大学,2024,海南,本科批,综合,,,645,3468,
2904,北京语言大学,2024,海南,本科批,综合,,,626,7880,
290403,海军军医大学,2024,海南,本科批,综合,,,573,1471,
2905,北京语言大学,2024,海南,本科批,综合,,,643,5072,
290503,陆军工程大学,2024,海南,本科批,综合,,,614,,
290504,陆军工程大学,2024,海南,本科批,综合,,,614,,
29103,太原理工大学,2024,海南,本科批,综合,,,626,3468,
29180,太原理工大学,2024,海南,本科批,综合,,,671,3324,
29181,太原理工大学,2024,海南,本科批,综合,,,631,7228,
29201,山西农业大学,2024,海南,本科批,综合,,,500,20113,
29202,山西农业大学,2024,海南,本科批,综合,,,479,15317,
29203,山西农业大学,2024,海南,本科批,综合,,,577,15113,
29301,山西医科大学,2024,海南,本科批,综合,,,587,14506,
29302,山西医科大学,2024,海南,本科批,综合,,,521,17764,
29303,山西医科大学,2024,海南,本科批,综合,,,621,8571,
29304,山西医科大学,2024,海南,本科批,综合,,,578,7099,
29380,山西医科大学,2024,海南,本科批,综合,,,566,9934,
29381,山西医科大学,2024,海南,本科批,综合,,,586,14706,
29382,山西医科大学,2024,海南,本科批,综合,,,588,6586,
29401,长治医学院,2024,海南,本科批,综合,,,478,17087,
29402,长治医学院,2024,海南,本科批,综合,,,580,15994,
29403,长治医学院,2024,海南,本科批,综合,,,642,5905,
29501,山西师范大学,2024,海南,本科批,综合,,,583,15317,
29502,山西师范大学,2024,海南,本科批,综合,,,477,36239,
29503,山西师范大学,2024,海南,本科批,综合,,,633,6965,
29504,山西师范大学,2024,海南,本科批,综合,,,611,8571,
29601,太原师范学院,2024,海南,本科批,综合,,,585,11844,
29602,太原师范学院,2024,海南,本科批,综合,,,478,13900,
29603,太原师范学院,2024,海南,本科批,综合,,,585,14905,
29604,太原师范学院,2024,海南,本科批,综合,,,591,13128,
29701,山西大同大学,2024,海南,本科批,综合,,,563,19861,
29702,山西大同大学,2024,海南,本科批,综合,,,534,27473,
29703,山西大同大学,2024,海南,本科批,综合,,,577,16644,
29704,山西大同大学,2024,海南,本科批,综合,,,572,17764,
29801,晋中学院,2024,海南,本科批,综合,,,559,19597,
29802,晋中学院,2024,海南,本科批,综合,,,566,19137,
30002,运城学院,2024,海南,本科批,综合,,,559,20885,
30003,运城学院,2024,海南,本科批,综合,,,543,23151,
3004,中国传媒大学,2024,海南,本科批,综合,,,691,1375,
3005,中国传媒大学,2024,海南,本科批,综合,,,683,1507,
30105,忻州师范学院,2024,海南,本科批,综合,,,567,15994,
30106,忻州师范学院,2024,海南,本科批,综合,,,546,14321,
30107,忻州师范学院,2024,海南,本科批,综合,,,581,15788,
30108,忻州师范学院,2024,海南,本科批,综合,,,581,14321,
30109,忻州师范学院,2024,海南,本科批,综合,,,577,16644,
30201,山西财经大学,2024,海南,本科批,综合,,,591,10761,
30202,山西财经大学,2024,海南,本科批,综合,,,589,10761,
30203,山西财经大学,2024,海南,本科批,综合,,,594,9022,
30204,山西财经大学,2024,海南,本科批,综合,,,596,11475,
303,清华大学,2024,海南,本科批,综合,,,858,14,
30301,山西中医药大学,2024,海南,本科批,综合,,,578,16442,
30302,山西中医药大学,2024,海南,本科批,综合,,,580,15994,
30303,山西中医药大学,2024,海南,本科批,综合,,,479,21627,
30304,山西中医药大学,2024,海南,本科批,综合,,,585,14905,
30305,山西中医药大学,2024,海南,本科批,综合,,,594,12722,
304,清华大学,2024,海南,本科批,综合,,,882,6,
30401,吕梁学院,2024,海南,本科批,综合,,,576,16888,
30402,吕梁学院,2024,海南,本科批,综合,,,521,31110,
30403,吕梁学院,2024,海南,本科批,综合,,,562,20113,
30404,吕梁学院,2024,海南,本科批,综合,,,562,20113,
305,清华大学,2024,海南,本科批,综合,,,851,18,
30501,太原学院,2024,海南,本科批,综合,,,556,21627,
30502,太原学院,2024,海南,本科批,综合,,,572,17764,
30503,太原学院,2024,海南,本科批,综合,,,493,32818,
306,清华大学,2024,海南,本科批,综合,,,831,36,
3080,中国传媒大学,2024,海南,本科批,综合,,,603,9022,
3101,中央财经大学,2024,海南,本科批,综合,,,716,780,
3102,中央财经大学,2024,海南,本科批,综合,,,716,319,
3202,对外经济贸易大学,2024,海南,本科批,综合,,,714,469,
3203,对外经济贸易大学,2024,海南,本科批,综合,,,707,1401,
32701,山西工学院,2024,海南,本科批,综合,,,563,19861,
32702,山西工学院,2024,海南,本科批,综合,,,546,22661,
33001,山西晋中理工学院,2024,海南,本科批,综合,,,543,24997,
33002,山西晋中理工学院,2024,海南,本科批,综合,,,500,37077,
3301,北京物资学院,2024,海南,本科批,综合,,,606,9159,
3302,北京物资学院,2024,海南,本科批,综合,,,592,12722,
33201,山西科技学院,2024,海南,本科批,综合,,,561,16442,
33202,山西科技学院,2024,海南,本科批,综合,,,570,18200,
33203,山西科技学院,2024,海南,本科批,综合,,,551,22908,
3401,首都经济贸易大学,2024,海南,本科批,综合,,,654,4330,
35002,太原工业学院,2024,海南,本科批,综合,,,560,20621,
35003,太原工业学院,2024,海南,本科批,综合,,,568,18658,
35004,太原工业学院,2024,海南,本科批,综合,,,533,23420,
36003,山西传媒学院,2024,海南,本科批,综合,,,559,17552,
36401,山西工程技术学院,2024,海南,本科批,综合,,,560,19861,
36402,山西工程技术学院,2024,海南,本科批,综合,,,477,21627,
36403,山西工程技术学院,2024,海南,本科批,综合,,,576,16888,
3703,中国人民公安大学,2024,海南,本科批,综合,,,699,1777,
37501,内蒙古大学,2024,海南,本科批,综合,,,632,5279,
37502,内蒙古大学,2024,海南,本科批,综合,,,604,9314,
37503,内蒙古大学,2024,海南,本科批,综合,,,539,8163,
37504,内蒙古大学,2024,海南,本科批,综合,,,623,7880,
37601,内蒙古科技大学,2024,海南,本科批,综合,,,566,17335,
37602,内蒙古科技大学,2024,海南,本科批,综合,,,483,24997,
37603,内蒙古科技大学,2024,海南,本科批,综合,,,573,17552,
37701,内蒙古工业大学,2024,海南,本科批,综合,,,553,22416,
37702,内蒙古工业大学,2024,海南,本科批,综合,,,562,20113,
37703,内蒙古工业大学,2024,海南,本科批,综合,,,478,28031,
37801,内蒙古农业大学,2024,海南,本科批,综合,,,475,35622,
37901,内蒙古医科大学,2024,海南,本科批,综合,,,580,15317,
37902,内蒙古医科大学,2024,海南,本科批,综合,,,491,14905,
38001,内蒙古师范大学,2024,海南,本科批,综合,,,574,17335,
38002,内蒙古师范大学,2024,海南,本科批,综合,,,559,20364,
38003,内蒙古师范大学,2024,海南,本科批,综合,,,557,21396,
38101,内蒙古民族大学,2024,海南,本科批,综合,,,584,15113,
38102,内蒙古民族大学,2024,海南,本科批,综合,,,476,29380,
38103,内蒙古民族大学,2024,海南,本科批,综合,,,513,33405,
38104,内蒙古民族大学,2024,海南,本科批,综合,,,575,17087,
3902,北京体育大学,2024,海南,本科批,综合,,,653,3396,
3903,北京体育大学,2024,海南,本科批,综合,,,648,3055,
3904,北京体育大学,2024,海南,本科批,综合,,,645,4713,
3905,北京体育大学,2024,海南,本科批,综合,,,655,4593,
3980,北京体育大学,2024,海南,本科批,综合,,,533,23151,
401,北京交通大学,2024,海南,本科批,综合,,,709,1038,
43102,辽宁大学,2024,海南,本科批,综合,,,654,3920,
43202,大连理工大学,2024,海南,本科批,综合,,,739,649,
43302,沈阳工业大学,2024,海南,本科批,综合,,,576,7880,
43501,沈阳理工大学,2024,海南,本科批,综合,,,554,12722,
43602,东北大学,2024,海南,本科批,综合,,,685,2464,
43603,东北大学,2024,海南,本科批,综合,,,700,1471,
43701,辽宁科技大学,2024,海南,本科批,综合,,,581,15317,
43702,辽宁科技大学,2024,海南,本科批,综合,,,513,14506,
43901,辽宁石油化工大学,2024,海南,本科批,综合,,,478,17978,
44001,沈阳化工大学,2024,海南,本科批,综合,,,517,13321,
44101,大连交通大学,2024,海南,本科批,综合,,,580,13501,
44202,大连海事大学,2024,海南,本科批,综合,,,661,3920,
44203,大连海事大学,2024,海南,本科批,综合,,,646,3845,
44402,沈阳建筑大学,2024,海南,本科批,综合,,,589,11138,
44403,沈阳建筑大学,2024,海南,本科批,综合,,,554,12004,
44601,沈阳农业大学,2024,海南,本科批,综合,,,489,17087,
44701,大连海洋大学,2024,海南,本科批,综合,,,542,22908,
44780,大连海洋大学,2024,海南,本科批,综合,,,518,29380,
44801,中国医科大学,2024,海南,本科批,综合,,,688,2294,
44901,锦州医科大学,2024,海南,本科批,综合,,,483,24997,
45001,大连医科大学,2024,海南,本科批,综合,,,642,4884,
45080,大连医科大学,2024,海南,本科批,综合,,,710,1375,
45101,辽宁中医药大学,2024,海南,本科批,综合,,,575,17087,
45102,辽宁中医药大学,2024,海南,本科批,综合,,,553,16225,
45201,沈阳药科大学,2024,海南,本科批,综合,,,488,6498,
45401,辽宁师范大学,2024,海南,本科批,综合,,,581,15788,
45501,沈阳师范大学,2024,海南,本科批,综合,,,567,18472,
45601,渤海大学,2024,海南,本科批,综合,,,580,15994,
45602,渤海大学,2024,海南,本科批,综合,,,554,22142,
45701,鞍山师范学院,2024,海南,本科批,综合,,,558,19861,
45901,大连外国语大学,2024,海南,本科批,综合,,,589,9159,
45902,大连外国语大学,2024,海南,本科批,综合,,,595,12898,
46002,东北财经大学,2024,海南,本科批,综合,,,626,5489,
46003,东北财经大学,2024,海南,本科批,综合,,,626,7228,
46901,辽宁对外经贸学院,2024,海南,本科批,综合,,,492,36812,
46902,辽宁对外经贸学院,2024,海南,本科批,综合,,,490,39844,
4705,中央民族大学,2024,海南,本科批,综合,,,696,1038,
4706,中央民族大学,2024,海南,本科批,综合,,,678,1737,
47101,沈阳大学,2024,海南,本科批,综合,,,486,40965,
47601,大连大学,2024,海南,本科批,综合,,,592,9643,
47602,大连大学,2024,海南,本科批,综合,,,582,15113,
47603,大连大学,2024,海南,本科批,综合,,,485,26380,
47680,大连大学,2024,海南,本科批,综合,,,558,17978,
4780,中央民族大学,2024,海南,本科批,综合,,,637,6498,
480,北京交通大学,2024,海南,本科批,综合,,,738,666,
48001,沈阳工程学院,2024,海南,本科批,综合,,,582,10952,
4801,中国政法大学,2024,海南,本科批,综合,,,703,687,
48201,大连民族大学,2024,海南,本科批,综合,,,568,14905,
48202,大连民族大学,2024,海南,本科批,综合,,,578,16442,
48203,大连民族大学,2024,海南,本科批,综合,,,604,11285,
4902,华北电力大学(北京),2024,海南,本科批,综合,,,660,2052,
4903,华北电力大学(北京),2024,海南,本科批,综合,,,679,1207,
4904,华北电力大学(北京),2024,海南,本科批,综合,,,664,3001,
502,北京工业大学,2024,海南,本科批,综合,,,688,2294,
50201,大连工业大学艺术与信息工程学院,2024,海南,本科批,综合,,,500,35622,
50301,大连科技学院,2024,海南,本科批,综合,,,502,34786,
50901,大连财经学院,2024,海南,本科批,综合,,,516,22416,
50902,大连财经学院,2024,海南,本科批,综合,,,506,30842,
51301,辽宁中医药大学杏林学院,2024,海南,本科批,综合,,,520,30268,
51601,大连东软信息学院,2024,海南,本科批,综合,,,467,43844,
51701,辽宁财贸学院,2024,海南,本科批,综合,,,493,37077,
54601,大连理工大学,2024,海南,本科批,综合,,,682,2624,
54602,大连理工大学,2024,海南,本科批,综合,,,670,3396,
54801,吉林大学,2024,海南,本科批,综合,,,723,666,
54802,吉林大学,2024,海南,本科批,综合,,,686,2052,
54803,吉林大学,2024,海南,本科批,综合,,,626,1471,
54804,吉林大学,2024,海南,本科批,综合,,,700,1549,
54805,吉林大学,2024,海南,本科批,综合,,,719,914,
54880,吉林大学,2024,海南,本科批,综合,,,704,1375,
54881,吉林大学,2024,海南,本科批,综合,,,710,1159,
54901,延边大学,2024,海南,本科批,综合,,,621,5370,
54902,延边大学,2024,海南,本科批,综合,,,568,9643,
54903,延边大学,2024,海南,本科批,综合,,,625,8008,
54904,延边大学,2024,海南,本科批,综合,,,620,8717,
54980,延边大学,2024,海南,本科批,综合,,,585,14905,
54981,延边大学,2024,海南,本科批,综合,,,543,21888,
55001,长春理工大学,2024,海南,本科批,综合,,,585,11656,
55002,长春理工大学,2024,海南,本科批,综合,,,556,7735,
5501,北京信息科技大学,2024,海南,本科批,综合,,,637,6019,
5502,北京信息科技大学,2024,海南,本科批,综合,,,629,7486,
5503,北京信息科技大学,2024,海南,本科批,综合,,,630,6231,
55101,东北电力大学,2024,海南,本科批,综合,,,638,5072,
55201,长春工业大学,2024,海南,本科批,综合,,,584,15113,
55202,长春工业大学,2024,海南,本科批,综合,,,585,14905,
55203,长春工业大学,2024,海南,本科批,综合,,,489,18906,
55301,吉林建筑大学,2024,海南,本科批,综合,,,579,16225,
55302,吉林建筑大学,2024,海南,本科批,综合,,,478,24505,
55601,长春中医药大学,2024,海南,本科批,综合,,,481,23151,
55707,东北师范大学,2024,海南,本科批,综合,,,690,1471,
55708,东北师范大学,2024,海南,本科批,综合,,,687,2145,
55801,北华大学,2024,海南,本科批,综合,,,591,12200,
55802,北华大学,2024,海南,本科批,综合,,,491,14506,
55803,北华大学,2024,海南,本科批,综合,,,576,16888,
55804,北华大学,2024,海南,本科批,综合,,,603,11475,
55880,北华大学,2024,海南,本科批,综合,,,532,28031,
55881,北华大学,2024,海南,本科批,综合,,,477,43308,
55901,通化师范学院,2024,海南,本科批,综合,,,562,17552,
55902,通化师范学院,2024,海南,本科批,综合,,,483,32234,
55903,通化师范学院,2024,海南,本科批,综合,,,573,17552,
55904,通化师范学院,2024,海南,本科批,综合,,,578,16442,
56001,吉林师范大学,2024,海南,本科批,综合,,,576,11285,
56002,吉林师范大学,2024,海南,本科批,综合,,,497,8717,
56003,吉林师范大学,2024,海南,本科批,综合,,,622,8436,
56004,吉林师范大学,2024,海南,本科批,综合,,,618,9022,
5601,中国矿业大学(北京),2024,海南,本科批,综合,,,676,3001,
5602,中国矿业大学(北京),2024,海南,本科批,综合,,,667,3616,
5603,中国矿业大学(北京),2024,海南,本科批,综合,,,659,2344,
56101,吉林工程技术师范学院,2024,海南,本科批,综合,,,562,20113,
56102,吉林工程技术师范学院,2024,海南,本科批,综合,,,487,40700,
56201,长春师范大学,2024,海南,本科批,综合,,,576,12200,
56202,长春师范大学,2024,海南,本科批,综合,,,615,9467,
56301,白城师范学院,2024,海南,本科批,综合,,,561,19373,
56302,白城师范学院,2024,海南,本科批,综合,,,483,28298,
56401,吉林财经大学,2024,海南,本科批,综合,,,594,9314,
56402,吉林财经大学,2024,海南,本科批,综合,,,597,12551,
56403,吉林财经大学,2024,海南,本科批,综合,,,583,13128,
56801,吉林外国语大学,2024,海南,本科批,综合,,,517,25810,
56802,吉林外国语大学,2024,海南,本科批,综合,,,488,36812,
57001,吉林工商学院,2024,海南,本科批,综合,,,560,17335,
57002,吉林工商学院,2024,海南,本科批,综合,,,478,29707,
5701,中国石油大学(北京),2024,海南,本科批,综合,,,670,2691,
57101,长春汽车职业技术大学,2024,海南,本科批,综合,,,559,18200,
57201,长春工程学院,2024,海南,本科批,综合,,,567,18200,
57202,长春工程学院,2024,海南,本科批,综合,,,475,18658,
57301,吉林农业科技学院,2024,海南,本科批,综合,,,556,21627,
57302,吉林农业科技学院,2024,海南,本科批,综合,,,544,16888,
57303,吉林农业科技学院,2024,海南,本科批,综合,,,566,19137,
57601,长春大学,2024,海南,本科批,综合,,,585,14092,
57602,长春大学,2024,海南,本科批,综合,,,592,13501,
57603,长春大学,2024,海南,本科批,综合,,,555,19137,
5802,中国地质大学(北京),2024,海南,本科批,综合,,,667,3616,
5803,中国地质大学(北京),2024,海南,本科批,综合,,,635,3001,
58501,长春光华学院,2024,海南,本科批,综合,,,513,28031,
58502,长春光华学院,2024,海南,本科批,综合,,,483,37077,
58601,长春工业大学人文信息学院,2024,海南,本科批,综合,,,499,34198,
58602,长春工业大学人文信息学院,2024,海南,本科批,综合,,,494,34786,
58701,长春电子科技学院,2024,海南,本科批,综合,,,416,35899,
58702,长春电子科技学院,2024,海南,本科批,综合,,,469,36510,
58801,长春财经学院,2024,海南,本科批,综合,,,510,33109,
58802,长春财经学院,2024,海南,本科批,综合,,,496,37370,
58901,吉林建筑科技学院,2024,海南,本科批,综合,,,502,34786,
58902,吉林建筑科技学院,2024,海南,本科批,综合,,,501,36812,
58903,吉林建筑科技学院,2024,海南,本科批,综合,,,483,34786,
59001,长春建筑学院,2024,海南,本科批,综合,,,501,35899,
59002,长春建筑学院,2024,海南,本科批,综合,,,518,31962,
59003,长春建筑学院,2024,海南,本科批,综合,,,491,34786,
5901,北京联合大学,2024,海南,本科批,综合,,,592,13501,
59102,长春科技学院,2024,海南,本科批,综合,,,509,34198,
59103,长春科技学院,2024,海南,本科批,综合,,,503,36239,
59104,长春科技学院,2024,海南,本科批,综合,,,484,36812,
59105,长春科技学院,2024,海南,本科批,综合,,,520,31393,
59106,长春科技学院,2024,海南,本科批,综合,,,511,33933,
59203,吉林动画学院,2024,海南,本科批,综合,,,488,37370,
59204,吉林动画学院,2024,海南,本科批,综合,,,498,35056,
59301,吉林师范大学博达学院,2024,海南,本科批,综合,,,518,24997,
59302,吉林师范大学博达学院,2024,海南,本科批,综合,,,508,24997,
59303,吉林师范大学博达学院,2024,海南,本科批,综合,,,529,28875,
59401,长春大学旅游学院,2024,海南,本科批,综合,,,503,33659,
59402,长春大学旅游学院,2024,海南,本科批,综合,,,506,35366,
59501,长春人文学院,2024,海南,本科批,综合,,,513,31110,
59502,长春人文学院,2024,海南,本科批,综合,,,483,38461,
59601,吉林医药学院,2024,海南,本科批,综合,,,560,20621,
59602,吉林医药学院,2024,海南,本科批,综合,,,537,23705,
59603,吉林医药学院,2024,海南,本科批,综合,,,543,23151,
59680,吉林医药学院,2024,海南,本科批,综合,,,508,34786,
600120,海南大学,2024,海南,本科批,综合,,,639,1821,
600121,海南大学,2024,海南,本科批,综合,,,630,5370,
600122,海南大学,2024,海南,本科批,综合,,,557,4713,
600123,海南大学,2024,海南,本科批,综合,,,622,8436,
600124,海南大学,2024,海南,本科批,综合,,,667,3616,
600125,海南大学,2024,海南,本科批,综合,,,637,5905,
600126,海南大学,2024,海南,本科批,综合,,,645,4256,
600184,海南大学,2024,海南,本科批,综合,,,575,17087,
600185,海南大学,2024,海南,本科批,综合,,,500,37077,
600186,海南大学,2024,海南,本科批,综合,,,559,20885,
600207,海南热带海洋学院,2024,海南,本科批,综合,,,562,17764,
600208,海南热带海洋学院,2024,海南,本科批,综合,,,494,22661,
600209,海南热带海洋学院,2024,海南,本科批,综合,,,560,20364,
600210,海南热带海洋学院,2024,海南,本科批,综合,,,570,17335,
600211,海南热带海洋学院,2024,海南,本科批,综合,,,573,17552,
600280,海南热带海洋学院,2024,海南,本科批,综合,,,552,22661,
600281,海南热带海洋学院,2024,海南,本科批,综合,,,524,23151,
600322,海南师范大学,2024,海南,本科批,综合,,,601,8163,
600323,海南师范大学,2024,海南,本科批,综合,,,603,11475,
600324,海南师范大学,2024,海南,本科批,综合,,,587,7486,
600325,海南师范大学,2024,海南,本科批,综合,,,583,10437,
600326,海南师范大学,2024,海南,本科批,综合,,,638,6368,
600327,海南师范大学,2024,海南,本科批,综合,,,628,7623,
600328,海南师范大学,2024,海南,本科批,综合,,,607,10761,
600329,海南师范大学,2024,海南,本科批,综合,,,618,9022,
600382,海南师范大学,2024,海南,本科批,综合,,,536,26922,
600383,海南师范大学,2024,海南,本科批,综合,,,547,23968,
600385,海南师范大学,2024,海南,本科批,综合,,,588,14321,
600386,海南师范大学,2024,海南,本科批,综合,,,567,18906,
6004,北京城市学院,2024,海南,本科批,综合,,,539,23420,
600407,海南医科大学,2024,海南,本科批,综合,,,583,14321,
600408,海南医科大学,2024,海南,本科批,综合,,,587,14321,
600409,海南医科大学,2024,海南,本科批,综合,,,550,6127,
600463,海南医科大学,2024,海南,本科批,综合,,,483,41779,
600464,海南医科大学,2024,海南,本科批,综合,,,483,38160,
600465,海南医科大学,2024,海南,本科批,综合,,,505,31110,
600466,海南医科大学,2024,海南,本科批,综合,,,525,16225,
6005,北京城市学院,2024,海南,本科批,综合,,,543,24997,
6006,北京城市学院,2024,海南,本科批,综合,,,515,21396,
600608,海口经济学院,2024,海南,本科批,综合,,,483,40419,
600609,海口经济学院,2024,海南,本科批,综合,,,484,39844,
600610,海口经济学院,2024,海南,本科批,综合,,,484,39844,
601110,琼台师范学院,2024,海南,本科批,综合,,,564,17552,
601111,琼台师范学院,2024,海南,本科批,综合,,,557,21396,
601112,琼台师范学院,2024,海南,本科批,综合,,,507,22908,
601113,琼台师范学院,2024,海南,本科批,综合,,,579,16225,
601180,琼台师范学院,2024,海南,本科批,综合,,,583,15317,
601407,三亚学院,2024,海南,本科批,综合,,,495,24716,
601408,三亚学院,2024,海南,本科批,综合,,,484,40700,
601409,三亚学院,2024,海南,本科批,综合,,,495,38461,
601410,三亚学院,2024,海南,本科批,综合,,,483,35622,
601411,三亚学院,2024,海南,本科批,综合,,,485,41238,
601480,三亚学院,2024,海南,本科批,综合,,,483,40101,
601481,三亚学院,2024,海南,本科批,综合,,,483,41779,
601482,三亚学院,2024,海南,本科批,综合,,,483,41779,
601604,海南科技职业大学,2024,海南,本科批,综合,,,483,40700,
601605,海南科技职业大学,2024,海南,本科批,综合,,,483,39015,
602,北京航空航天大学,2024,海南,本科批,综合,,,781,192,
602201,海南比勒费尔德应用科学大学,2024,海南,本科批,综合,,,483,37924,
603,北京航空航天大学,2024,海南,本科批,综合,,,738,666,
61702,黑龙江大学,2024,海南,本科批,综合,,,590,11656,
61703,黑龙江大学,2024,海南,本科批,综合,,,483,22661,
61704,黑龙江大学,2024,海南,本科批,综合,,,616,6965,
61801,哈尔滨工业大学,2024,海南,本科批,综合,,,790,144,
61901,哈尔滨理工大学,2024,海南,本科批,综合,,,584,6830,
62001,哈尔滨工程大学,2024,海南,本科批,综合,,,685,1821,
62101,黑龙江科技大学,2024,海南,本科批,综合,,,578,14321,
62102,黑龙江科技大学,2024,海南,本科批,综合,,,554,15788,
62201,东北石油大学,2024,海南,本科批,综合,,,591,13666,
62202,东北石油大学,2024,海南,本科批,综合,,,593,12551,
62203,东北石油大学,2024,海南,本科批,综合,,,552,11844,
62301,佳木斯大学,2024,海南,本科批,综合,,,503,36239,
62501,东北农业大学,2024,海南,本科批,综合,,,624,7486,
62502,东北农业大学,2024,海南,本科批,综合,,,564,15788,
62601,东北林业大学,2024,海南,本科批,综合,,,632,3764,
62602,东北林业大学,2024,海南,本科批,综合,,,593,7880,
62702,哈尔滨医科大学,2024,海南,本科批,综合,,,640,1207,
62780,哈尔滨医科大学,2024,海南,本科批,综合,,,604,8163,
62781,哈尔滨医科大学,2024,海南,本科批,综合,,,484,38160,
62782,哈尔滨医科大学,2024,海南,本科批,综合,,,686,2406,
62783,哈尔滨医科大学,2024,海南,本科批,综合,,,581,11475,
62801,黑龙江中医药大学,2024,海南,本科批,综合,,,477,42524,
62802,黑龙江中医药大学,2024,海南,本科批,综合,,,588,14321,
62803,黑龙江中医药大学,2024,海南,本科批,综合,,,596,6498,
62901,牡丹江医科大学,2024,海南,本科批,综合,,,536,21888,
62902,牡丹江医科大学,2024,海南,本科批,综合,,,520,21127,
63002,哈尔滨师范大学,2024,海南,本科批,综合,,,569,17335,
63003,哈尔滨师范大学,2024,海南,本科批,综合,,,531,28298,
63004,哈尔滨师范大学,2024,海南,本科批,综合,,,620,8717,
63101,齐齐哈尔大学,2024,海南,本科批,综合,,,589,14092,
63102,齐齐哈尔大学,2024,海南,本科批,综合,,,518,25500,
63103,齐齐哈尔大学,2024,海南,本科批,综合,,,582,15570,
63301,哈尔滨学院,2024,海南,本科批,综合,,,563,16644,
63302,哈尔滨学院,2024,海南,本科批,综合,,,477,39844,
63303,哈尔滨学院,2024,海南,本科批,综合,,,581,15788,
63701,哈尔滨商业大学,2024,海南,本科批,综合,,,574,13128,
63702,哈尔滨商业大学,2024,海南,本科批,综合,,,488,21888,
63901,哈尔滨金融学院,2024,海南,本科批,综合,,,563,19861,
63902,哈尔滨金融学院,2024,海南,本科批,综合,,,553,21888,
63903,哈尔滨金融学院,2024,海南,本科批,综合,,,553,22416,
64201,齐齐哈尔医学院,2024,海南,本科批,综合,,,553,18906,
64202,齐齐哈尔医学院,2024,海南,本科批,综合,,,567,15317,
64203,齐齐哈尔医学院,2024,海南,本科批,综合,,,572,17764,
64204,齐齐哈尔医学院,2024,海南,本科批,综合,,,590,10596,
64280,齐齐哈尔医学院,2024,海南,本科批,综合,,,553,14905,
64701,黑龙江工程学院,2024,海南,本科批,综合,,,560,20621,
64702,黑龙江工程学院,2024,海南,本科批,综合,,,492,29707,
64703,黑龙江工程学院,2024,海南,本科批,综合,,,559,20885,
6501,中国劳动关系学院,2024,海南,本科批,综合,,,589,10279,
6502,中国劳动关系学院,2024,海南,本科批,综合,,,569,16888,
66301,黑龙江外国语学院,2024,海南,本科批,综合,,,501,36812,
66501,哈尔滨石油学院,2024,海南,本科批,综合,,,516,30534,
66502,哈尔滨石油学院,2024,海南,本科批,综合,,,513,32234,
66601,黑龙江工商学院,2024,海南,本科批,综合,,,516,32517,
67201,哈尔滨华德学院,2024,海南,本科批,综合,,,499,35366,
67202,哈尔滨华德学院,2024,海南,本科批,综合,,,469,37077,
680,北京航空航天大学,2024,海南,本科批,综合,,,728,865,
68001,黑河学院,2024,海南,本科批,综合,,,559,20113,
68002,黑河学院,2024,海南,本科批,综合,,,503,29098,
69904,复旦大学,2024,海南,本科批,综合,,,827,42,
69905,复旦大学,2024,海南,本科批,综合,,,826,45,
70002,同济大学,2024,海南,本科批,综合,,,754,432,
70003,同济大学,2024,海南,本科批,综合,,,759,369,
70080,同济大学,2024,海南,本科批,综合,,,742,599,
70102,上海交通大学,2024,海南,本科批,综合,,,819,51,
70202,华东理工大学,2024,海南,本科批,综合,,,691,2145,
70203,华东理工大学,2024,海南,本科批,综合,,,693,1618,
703,北京理工大学,2024,海南,本科批,综合,,,682,2624,
70301,上海理工大学,2024,海南,本科批,综合,,,656,4510,
70302,上海理工大学,2024,海南,本科批,综合,,,638,5168,
704,北京理工大学,2024,海南,本科批,综合,,,778,144,
70401,上海海事大学,2024,海南,本科批,综合,,,659,3261,
70402,上海海事大学,2024,海南,本科批,综合,,,630,4713,
70501,东华大学,2024,海南,本科批,综合,,,678,2464,
70502,东华大学,2024,海南,本科批,综合,,,671,2344,
70601,上海电力大学,2024,海南,本科批,综合,,,664,2871,
70801,上海健康医学院,2024,海南,本科批,综合,,,584,15113,
70802,上海健康医学院,2024,海南,本科批,综合,,,518,24228,
70901,上海海洋大学,2024,海南,本科批,综合,,,615,7880,
70902,上海海洋大学,2024,海南,本科批,综合,,,600,10761,
71104,华东师范大学,2024,海南,本科批,综合,,,740,626,
71105,华东师范大学,2024,海南,本科批,综合,,,719,702,
71202,上海师范大学,2024,海南,本科批,综合,,,628,5701,
71203,上海师范大学,2024,海南,本科批,综合,,,629,6586,
71301,上海外国语大学,2024,海南,本科批,综合,,,695,1471,
71402,上海财经大学,2024,海南,本科批,综合,,,720,378,
71403,上海财经大学,2024,海南,本科批,综合,,,713,1104,
71501,上海对外经贸大学,2024,海南,本科批,综合,,,652,4330,
71604,上海海关学院,2024,海南,本科批,综合,,,626,6019,
71605,上海海关学院,2024,海南,本科批,综合,,,626,7880,
71802,华东政法大学,2024,海南,本科批,综合,,,696,840,
71904,上海体育大学,2024,海南,本科批,综合,,,632,7099,
71905,上海体育大学,2024,海南,本科批,综合,,,574,17335,
72601,上海工程技术大学,2024,海南,本科批,综合,,,610,8571,
72602,上海工程技术大学,2024,海南,本科批,综合,,,619,7486,
72603,上海工程技术大学,2024,海南,本科批,综合,,,593,11844,
72702,上海立信会计金融学院,2024,海南,本科批,综合,,,626,4974,
72703,上海立信会计金融学院,2024,海南,本科批,综合,,,616,7623,
72704,上海立信会计金融学院,2024,海南,本科批,综合,,,596,7623,
72801,上海电机学院,2024,海南,本科批,综合,,,585,14905,
73001,上海杉达学院,2024,海南,本科批,综合,,,506,32517,
73002,上海杉达学院,2024,海南,本科批,综合,,,521,31110,
7305,首都师范大学科德学院,2024,海南,本科批,综合,,,483,41779,
7306,首都师范大学科德学院,2024,海南,本科批,综合,,,483,41779,
73101,上海政法学院,2024,海南,本科批,综合,,,643,3001,
73201,上海第二工业大学,2024,海南,本科批,综合,,,605,11138,
73202,上海第二工业大学,2024,海南,本科批,综合,,,607,9314,
73301,上海商学院,2024,海南,本科批,综合,,,590,12200,
73302,上海商学院,2024,海南,本科批,综合,,,572,17764,
7404,北京金融科技学院,2024,海南,本科批,综合,,,483,30268,
7405,北京金融科技学院,2024,海南,本科批,综合,,,483,40419,
7406,北京金融科技学院,2024,海南,本科批,综合,,,490,39844,
74303,上海立达学院,2024,海南,本科批,综合,,,485,41238,
74304,上海立达学院,2024,海南,本科批,综合,,,502,36510,
74601,上海建桥学院,2024,海南,本科批,综合,,,514,29380,
74602,上海建桥学院,2024,海南,本科批,综合,,,510,34198,
74603,上海建桥学院,2024,海南,本科批,综合,,,506,27215,
75201,上海中侨职业技术大学,2024,海南,本科批,综合,,,502,28875,
75202,上海中侨职业技术大学,2024,海南,本科批,综合,,,501,34198,
75501,上海外国语大学贤达经济人文学院,2024,海南,本科批,综合,,,499,34198,
75502,上海外国语大学贤达经济人文学院,2024,海南,本科批,综合,,,491,38461,
75701,上海师范大学天华学院,2024,海南,本科批,综合,,,498,36812,
75702,上海师范大学天华学院,2024,海南,本科批,综合,,,472,39015,
76902,复旦大学医学院,2024,海南,本科批,综合,,,820,53,
76903,复旦大学医学院,2024,海南,本科批,综合,,,688,2294,
77001,上海交通大学医学院,2024,海南,本科批,综合,,,808,80,
7702,北京邮电大学世纪学院,2024,海南,本科批,综合,,,507,35056,
7703,北京邮电大学世纪学院,2024,海南,本科批,综合,,,490,39844,
7704,北京邮电大学世纪学院,2024,海南,本科批,综合,,,496,34786,
77201,南京大学,2024,海南,本科批,综合,,,791,82,
77304,苏州大学,2024,海南,本科批,综合,,,674,2243,
77305,苏州大学,2024,海南,本科批,综合,,,679,687,
77306,苏州大学,2024,海南,本科批,综合,,,694,2000,
77307,苏州大学,2024,海南,本科批,综合,,,703,1471,
77402,东南大学,2024,海南,本科批,综合,,,753,300,
77502,南京航空航天大学,2024,海南,本科批,综合,,,700,1737,
77503,南京航空航天大学,2024,海南,本科批,综合,,,673,2924,
77602,南京理工大学,2024,海南,本科批,综合,,,682,2624,
77603,南京理工大学,2024,海南,本科批,综合,,,676,2924,
77604,南京理工大学,2024,海南,本科批,综合,,,686,2406,
77605,南京理工大学,2024,海南,本科批,综合,,,664,3845,
77702,江苏科技大学,2024,海南,本科批,综合,,,613,9795,
77703,江苏科技大学,2024,海南,本科批,综合,,,616,7735,
77704,江苏科技大学,2024,海南,本科批,综合,,,607,10761,
77780,江苏科技大学,2024,海南,本科批,综合,,,578,10279,
77901,南京工业大学,2024,海南,本科批,综合,,,603,8295,
77902,南京工业大学,2024,海南,本科批,综合,,,596,6726,
78001,常州大学,2024,海南,本科批,综合,,,615,8436,
78002,常州大学,2024,海南,本科批,综合,,,622,8436,
78003,常州大学,2024,海南,本科批,综合,,,577,9159,
7802,北京工业大学耿丹学院,2024,海南,本科批,综合,,,498,32517,
7803,北京工业大学耿丹学院,2024,海南,本科批,综合,,,499,33405,
7804,北京工业大学耿丹学院,2024,海南,本科批,综合,,,489,35622,
78101,南京邮电大学,2024,海南,本科批,综合,,,669,2145,
78202,河海大学,2024,海南,本科批,综合,,,674,3136,
78203,河海大学,2024,海南,本科批,综合,,,661,1913,
78303,江南大学,2024,海南,本科批,综合,,,686,1913,
78304,江南大学,2024,海南,本科批,综合,,,663,3920,
78401,南京林业大学,2024,海南,本科批,综合,,,629,6127,
78402,南京林业大学,2024,海南,本科批,综合,,,634,6830,
78403,南京林业大学,2024,海南,本科批,综合,,,628,5701,
78404,南京林业大学,2024,海南,本科批,综合,,,646,5489,
78501,江苏大学,2024,海南,本科批,综合,,,634,5701,
78502,江苏大学,2024,海南,本科批,综合,,,642,5905,
78503,江苏大学,2024,海南,本科批,综合,,,631,4713,
78601,南京信息工程大学,2024,海南,本科批,综合,,,667,2924,
78802,南通大学,2024,海南,本科批,综合,,,601,11844,
78803,南通大学,2024,海南,本科批,综合,,,616,9314,
78804,南通大学,2024,海南,本科批,综合,,,599,9643,
78901,盐城工学院,2024,海南,本科批,综合,,,546,22908,
79002,南京农业大学,2024,海南,本科批,综合,,,626,4974,
79101,南京医科大学,2024,海南,本科批,综合,,,641,6019,
79102,南京医科大学,2024,海南,本科批,综合,,,643,549,
79401,中国药科大学,2024,海南,本科批,综合,,,675,1181,
79501,南京师范大学,2024,海南,本科批,综合,,,643,5793,
79601,江苏师范大学,2024,海南,本科批,综合,,,622,5701,
79602,江苏师范大学,2024,海南,本科批,综合,,,659,4256,
79801,盐城师范学院,2024,海南,本科批,综合,,,568,18200,
79802,盐城师范学院,2024,海南,本科批,综合,,,564,19597,
79901,南京财经大学,2024,海南,本科批,综合,,,644,5701,
802,北京科技大学,2024,海南,本科批,综合,,,696,1913,
80202,南京艺术学院,2024,海南,本科批,综合,,,656,4510,
803,北京科技大学,2024,海南,本科批,综合,,,706,1507,
80301,苏州科技大学,2024,海南,本科批,综合,,,611,8717,
80302,苏州科技大学,2024,海南,本科批,综合,,,605,10952,
80380,苏州科技大学,2024,海南,本科批,综合,,,587,14506,
80381,苏州科技大学,2024,海南,本科批,综合,,,565,19373,
804,北京科技大学,2024,海南,本科批,综合,,,699,1507,
80401,常熟理工学院,2024,海南,本科批,综合,,,597,12004,
80402,常熟理工学院,2024,海南,本科批,综合,,,586,13666,
80403,常熟理工学院,2024,海南,本科批,综合,,,578,14321,
81101,金陵科技学院,2024,海南,本科批,综合,,,585,13900,
81102,金陵科技学院,2024,海南,本科批,综合,,,568,16888,
81201,淮阴工学院,2024,海南,本科批,综合,,,578,16442,
81202,淮阴工学院,2024,海南,本科批,综合,,,578,16442,
81203,淮阴工学院,2024,海南,本科批,综合,,,504,35899,
81204,淮阴工学院,2024,海南,本科批,综合,,,584,15113,
81601,徐州工程学院,2024,海南,本科批,综合,,,584,13501,
81602,徐州工程学院,2024,海南,本科批,综合,,,588,14092,
81603,徐州工程学院,2024,海南,本科批,综合,,,514,33109,
81901,扬州大学,2024,海南,本科批,综合,,,648,3996,
81902,扬州大学,2024,海南,本科批,综合,,,637,6498,
81903,扬州大学,2024,海南,本科批,综合,,,597,6965,
82101,南京工程学院,2024,海南,本科批,综合,,,613,9795,
82102,南京工程学院,2024,海南,本科批,综合,,,610,9795,
82201,南京审计大学,2024,海南,本科批,综合,,,654,2624,
82202,南京审计大学,2024,海南,本科批,综合,,,615,5370,
82280,南京审计大学,2024,海南,本科批,综合,,,650,5072,
82602,江苏理工学院,2024,海南,本科批,综合,,,587,13501,
82603,江苏理工学院,2024,海南,本科批,综合,,,590,12551,
82680,江苏理工学院,2024,海南,本科批,综合,,,483,41779,
82801,江苏海洋大学,2024,海南,本科批,综合,,,609,10437,
82802,江苏海洋大学,2024,海南,本科批,综合,,,572,15788,
83201,南京特殊教育师范学院,2024,海南,本科批,综合,,,574,10110,
83202,南京特殊教育师范学院,2024,海南,本科批,综合,,,524,21396,
8501,北京第二外国语学院中瑞酒店管理学院,2024,海南,本科批,综合,,,483,35899,
87901,无锡太湖学院,2024,海南,本科批,综合,,,534,27473,
88202,南京航空航天大学金城学院,2024,海南,本科批,综合,,,538,26380,
88203,南京航空航天大学金城学院,2024,海南,本科批,综合,,,498,37632,
89101,南京理工大学泰州科技学院,2024,海南,本科批,综合,,,483,41779,
89201,南京师范大学泰州学院,2024,海南,本科批,综合,,,553,20113,
90001,无锡学院,2024,海南,本科批,综合,,,620,8717,
90002,无锡学院,2024,海南,本科批,综合,,,610,7880,
901,北方工业大学,2024,海南,本科批,综合,,,623,8295,
902,北方工业大学,2024,海南,本科批,综合,,,618,4713,
90501,扬州大学广陵学院,2024,海南,本科批,综合,,,544,23420,
90502,扬州大学广陵学院,2024,海南,本科批,综合,,,504,27215,
90701,南京邮电大学通达学院,2024,海南,本科批,综合,,,493,25271,
91001,常州大学怀德学院,2024,海南,本科批,综合,,,533,27215,
91002,常州大学怀德学院,2024,海南,本科批,综合,,,529,27473,
91201,南京审计大学金审学院,2024,海南,本科批,综合,,,573,15788,
91202,南京审计大学金审学院,2024,海南,本科批,综合,,,553,22416,
91203,南京审计大学金审学院,2024,海南,本科批,综合,,,563,19373,
9301,北京大学医学部,2024,海南,本科批,综合,,,836,23,
93801,西交利物浦大学,2024,海南,本科批,综合,,,590,12377,
93802,西交利物浦大学,2024,海南,本科批,综合,,,616,9314,
93803,西交利物浦大学,2024,海南,本科批,综合,,,590,10279,
94402,浙江大学,2024,海南,本科批,综合,,,800,104,
94403,浙江大学,2024,海南,本科批,综合,,,814,65,
94501,杭州电子科技大学,2024,海南,本科批,综合,,,654,4713,
94502,杭州电子科技大学,2024,海南,本科批,综合,,,666,3691,
94503,杭州电子科技大学,2024,海南,本科批,综合,,,670,3324,
94601,浙江工业大学,2024,海南,本科批,综合,,,649,5168,
94602,浙江工业大学,2024,海南,本科批,综合,,,635,5610,
94701,浙江理工大学,2024,海南,本科批,综合,,,642,5610,
94702,浙江理工大学,2024,海南,本科批,综合,,,629,6726,
94801,浙江海洋大学,2024,海南,本科批,综合,,,555,14092,
94901,浙江农林大学,2024,海南,本科批,综合,,,632,6231,
94902,浙江农林大学,2024,海南,本科批,综合,,,544,9314,
95001,温州医科大学,2024,海南,本科批,综合,,,663,3616,
9501,北京邮电大学,2024,海南,本科批,综合,,,685,2052,
95102,浙江中医药大学,2024,海南,本科批,综合,,,638,6368,
95103,浙江中医药大学,2024,海南,本科批,综合,,,600,3764,
95201,浙江师范大学,2024,海南,本科批,综合,,,628,7623,
95202,浙江师范大学,2024,海南,本科批,综合,,,618,4510,
95701,温州大学,2024,海南,本科批,综合,,,663,3261,
9580,北京邮电大学,2024,海南,本科批,综合,,,649,4421,
95902,浙江工商大学,2024,海南,本科批,综合,,,629,3616,
95903,浙江工商大学,2024,海南,本科批,综合,,,619,8868,
96001,嘉兴大学,2024,海南,本科批,综合,,,606,9314,
9602,南开大学,2024,海南,本科批,综合,,,762,300,
9603,南开大学,2024,海南,本科批,综合,,,750,413,
96201,中国计量大学,2024,海南,本科批,综合,,,644,5610,
96202,中国计量大学,2024,海南,本科批,综合,,,639,5370,
96501,浙江万里学院,2024,海南,本科批,综合,,,552,20364,
96502,浙江万里学院,2024,海南,本科批,综合,,,551,21888,
96503,浙江万里学院,2024,海南,本科批,综合,,,490,24997,
96901,浙江财经大学,2024,海南,本科批,综合,,,641,4884,
96902,浙江财经大学,2024,海南,本科批,综合,,,645,4713,
9702,天津大学,2024,海南,本科批,综合,,,735,725,
97101,衢州学院,2024,海南,本科批,综合,,,576,13900,
97202,宁波大学,2024,海南,本科批,综合,,,650,4421,
97203,宁波大学,2024,海南,本科批,综合,,,588,9934,
97301,浙江传媒学院,2024,海南,本科批,综合,,,614,6019,
97302,浙江传媒学院,2024,海南,本科批,综合,,,597,7228,
97380,浙江传媒学院,2024,海南,本科批,综合,,,609,10437,
97381,浙江传媒学院,2024,海南,本科批,综合,,,526,29707,
97382,浙江传媒学院,2024,海南,本科批,综合,,,622,8008,
9803,天津科技大学,2024,海南,本科批,综合,,,606,9934,
9804,天津科技大学,2024,海南,本科批,综合,,,627,7735,
9805,天津科技大学,2024,海南,本科批,综合,,,611,8436,
9880,天津科技大学,2024,海南,本科批,综合,,,599,9159,
9881,天津科技大学,2024,海南,本科批,综合,,,562,18200,
9882,天津科技大学,2024,海南,本科批,综合,,,573,10596,
9883,天津科技大学,2024,海南,本科批,综合,,,601,10437,
9884,天津科技大学,2024,海南,本科批,综合,,,529,19137,
9902,天津工业大学,2024,海南,本科批,综合,,,646,4781,
9903,天津工业大学,2024,海南,本科批,综合,,,650,4713,
9904,天津工业大学,2024,海南,本科批,综合,,,628,5610,
118701,集美大学,2024,海南,本科提前批,综合,,,584,14321,
128101,江西师范大学,2024,海南,本科提前批,综合,,,623,8295,
142601,山东交通学院,2024,海南,本科提前批,综合,,,527,24505,
172301,武汉理工大学,2024,海南,本科提前批,综合,,,651,4974,
172701,华中师范大学,2024,海南,本科提前批,综合,,,696,1913,
172702,华中师范大学,2024,海南,本科提前批,综合,,,751,469,
172703,华中师范大学,2024,海南,本科提前批,综合,,,686,1159,
172704,华中师范大学,2024,海南,本科提前批,综合,,,671,2567,
172705,华中师范大学,2024,海南,本科提前批,综合,,,714,612,
172706,华中师范大学,2024,海南,本科提前批,综合,,,746,536,
172707,华中师范大学,2024,海南,本科提前批,综合,,,702,1663,
172708,华中师范大学,2024,海南,本科提前批,综合,,,753,401,
172709,华中师范大学,2024,海南,本科提前批,综合,,,726,914,
173401,中南财经政法大学,2024,海南,本科提前批,综合,,,568,5610,
202601,广州航海学院,2024,海南,本科提前批,综合,,,548,7486,
212501,南方科技大学,2024,海南,本科提前批,综合,,,727,887,
216101,北京师范大学,2024,海南,本科提前批,综合,,,704,1401,
216102,北京师范大学,2024,海南,本科提前批,综合,,,689,1913,
216103,北京师范大学,2024,海南,本科提前批,综合,,,714,1246,
218701,北部湾大学,2024,海南,本科提前批,综合,,,532,23420,
225501,重庆交通大学,2024,海南,本科提前批,综合,,,585,12551,
225701,西南大学,2024,海南,本科提前批,综合,,,722,761,
225702,西南大学,2024,海南,本科提前批,综合,,,671,3324,
225703,西南大学,2024,海南,本科提前批,综合,,,666,2464,
225704,西南大学,2024,海南,本科提前批,综合,,,744,566,
225705,西南大学,2024,海南,本科提前批,综合,,,731,800,
225706,西南大学,2024,海南,本科提前批,综合,,,711,1336,
225707,西南大学,2024,海南,本科提前批,综合,,,755,413,
226201,四川外国语大学,2024,海南,本科提前批,综合,,,574,8868,
226301,西南政法大学,2024,海南,本科提前批,综合,,,630,7329,
233401,中国民用航空飞行学院,2024,海南,本科提前批,综合,,,590,13900,
265501,陕西师范大学,2024,海南,本科提前批,综合,,,794,128,
265502,陕西师范大学,2024,海南,本科提前批,综合,,,682,2624,
265503,陕西师范大学,2024,海南,本科提前批,综合,,,678,2691,
265504,陕西师范大学,2024,海南,本科提前批,综合,,,704,413,
265505,陕西师范大学,2024,海南,本科提前批,综合,,,677,2924,
265506,陕西师范大学,2024,海南,本科提前批,综合,,,742,599,
265507,陕西师范大学,2024,海南,本科提前批,综合,,,750,275,
265508,陕西师范大学,2024,海南,本科提前批,综合,,,746,536,
266101,西安外国语大学,2024,海南,本科提前批,综合,,,595,6965,
2901,北京语言大学,2024,海南,本科提前批,综合,,,651,3195,
3001,中国传媒大学,2024,海南,本科提前批,综合,,,674,3136,
44201,大连海事大学,2024,海南,本科提前批,综合,,,630,5905,
55701,东北师范大学,2024,海南,本科提前批,综合,,,722,957,
55702,东北师范大学,2024,海南,本科提前批,综合,,,728,566,
55703,东北师范大学,2024,海南,本科提前批,综合,,,693,2052,
55704,东北师范大学,2024,海南,本科提前批,综合,,,696,1913,
600201,海南热带海洋学院,2024,海南,本科提前批,综合,,,535,27215,
600401,海南医科大学,2024,海南,本科提前批,综合,,,488,31393,
61701,黑龙江大学,2024,海南,本科提前批,综合,,,588,14321,
70001,同济大学,2024,海南,本科提前批,综合,,,734,737,
71101,华东师范大学,2024,海南,本科提前批,综合,,,692,887,
71102,华东师范大学,2024,海南,本科提前批,综合,,,705,1549,
71103,华东师范大学,2024,海南,本科提前批,综合,,,715,104,
71601,上海海关学院,2024,海南,本科提前批,综合,,,692,1336,
77501,南京航空航天大学,2024,海南,本科提前批,综合,,,551,22908,
810601,香港城市大学,2024,海南,本科提前批,综合,,,708,1442,
129401,江西警察学院,2024,海南,本科提前批(面试),综合,,,562,20113,
159601,郑州警察学院,2024,海南,本科提前批(面试),综合,,,603,,
159602,郑州警察学院,2024,海南,本科提前批(面试),综合,,,577,,
1701,北京电子科技学院,2024,海南,本科提前批(面试),综合,,,702,,
19301,中央司法警官学院,2024,海南,本科提前批(面试),综合,,,618,7099,
19302,中央司法警官学院,2024,海南,本科提前批(面试),综合,,,628,7623,
19303,中央司法警官学院,2024,海南,本科提前批(面试),综合,,,603,11475,
256301,云南警官学院,2024,海南,本科提前批(面试),综合,,,553,22416,
285501,新疆警察学院,2024,海南,本科提前批(面试),综合,,,540,25810,
289901,战略支援部队航天工程大学,2024,海南,本科提前批(面试),综合,,,628,,
290201,海军大连舰艇学院,2024,海南,本科提前批(面试),综合,,,617,,
290401,海军军医大学,2024,海南,本科提前批(面试),综合,,,691,2145,
290402,海军军医大学,2024,海南,本科提前批(面试),综合,,,619,957,
290501,陆军工程大学,2024,海南,本科提前批(面试),综合,,,610,,
290502,陆军工程大学,2024,海南,本科提前批(面试),综合,,,610,,
290603,武警海警学院,2024,海南,本科提前批(面试),综合,,,649,5168,
291001,海军航空大学,2024,海南,本科提前批(面试),综合,,,655,4593,
291002,海军航空大学,2024,海南,本科提前批(面试),综合,,,568,18658,
291401,国防科技大学,2024,海南,本科提前批(面试),综合,,,738,666,
291402,国防科技大学,2024,海南,本科提前批(面试),综合,,,698,1821,
291403,国防科技大学,2024,海南,本科提前批(面试),综合,,,586,14706,
291501,陆军特种作战学院,2024,海南,本科提前批(面试),综合,,,604,11285,
291801,武警警官学院,2024,海南,本科提前批(面试),综合,,,626,,
291802,武警警官学院,2024,海南,本科提前批(面试),综合,,,609,,
291803,武警警官学院,2024,海南,本科提前批(面试),综合,,,605,,
291804,武警警官学院,2024,海南,本科提前批(面试),综合,,,585,,
291901,陆军边海防学院,2024,海南,本科提前批(面试),综合,,,601,11844,
292001,空军工程大学,2024,海南,本科提前批(面试),综合,,,589,2294,
292201,火箭军工程大学,2024,海南,本科提前批(面试),综合,,,635,6726,
292202,火箭军工程大学,2024,海南,本科提前批(面试),综合,,,568,18658,
292301,武警工程大学,2024,海南,本科提前批(面试),综合,,,601,,
3501,中国消防救援学院,2024,海南,本科提前批(面试),综合,,,651,1821,
3502,中国消防救援学院,2024,海南,本科提前批(面试),综合,,,684,2517,
3701,中国人民公安大学,2024,海南,本科提前批(面试),综合,,,643,649,
3702,中国人民公安大学,2024,海南,本科提前批(面试),综合,,,638,164,
46101,中国刑事警察学院,2024,海南,本科提前批(面试),综合,,,622,2744,
46102,中国刑事警察学院,2024,海南,本科提前批(面试),综合,,,496,3396,
600301,海南师范大学,2024,海南,本科提前批(面试),综合,,,545,22908,
601101,琼台师范学院,2024,海南,本科提前批(面试),综合,,,517,32234,
82701,南京警察学院,2024,海南,本科提前批(面试),综合,,,620,6368,
82702,南京警察学院,2024,海南,本科提前批(面试),综合,,,581,5905,
97001,浙江警察学院,2024,海南,本科提前批(面试),综合,,,577,16644,
1303,北京邮电大学,2024,海南,本科民族班、预科班,综合,,,666,3691,
138604,中国海洋大学,2024,海南,本科民族班、预科班,综合,,,627,7735,
172005,中国地质大学(武汉),2024,海南,本科民族班、预科班,综合,,,609,10437,
172504,华中农业大学,2024,海南,本科民族班、预科班,综合,,,595,12898,
172718,华中师范大学,2024,海南,本科民族班、预科班,综合,,,611,10110,
173405,中南财经政法大学,2024,海南,本科民族班、预科班,综合,,,652,4884,
173709,中南民族大学,2024,海南,本科民族班、预科班,综合,,,558,21127,
199606,中山大学,2024,海南,本科民族班、预科班,综合,,,714,1246,
199607,中山大学,2024,海南,本科民族班、预科班,综合,,,694,2000,
201605,广东技术师范大学,2024,海南,本科民族班、预科班,综合,,,531,23151,
201606,广东技术师范大学,2024,海南,本科民族班、预科班,综合,,,533,24997,
225716,西南大学,2024,海南,本科民族班、预科班,综合,,,597,12551,
233304,西华大学,2024,海南,本科民族班、预科班,综合,,,430,53854,
235109,西南民族大学,2024,海南,本科民族班、预科班,综合,,,555,21888,
265514,陕西师范大学,2024,海南,本科民族班、预科班,综合,,,601,11844,
275712,西北民族大学,2024,海南,本科民族班、预科班,综合,,,543,24997,
281505,北方民族大学,2024,海南,本科民族班、预科班,综合,,,545,24505,
43604,东北大学,2024,海南,本科民族班、预科班,综合,,,605,11138,
600127,海南大学,2024,海南,本科民族班、预科班,综合,,,564,19597,
600212,海南热带海洋学院,2024,海南,本科民族班、预科班,综合,,,531,28298,
600330,海南师范大学,2024,海南,本科民族班、预科班,综合,,,558,21127,
600410,海南医科大学,2024,海南,本科民族班、预科班,综合,,,539,26094,
601114,琼台师范学院,2024,海南,本科民族班、预科班,综合,,,535,27215,
62002,哈尔滨工程大学,2024,海南,本科民族班、预科班,综合,,,606,10952,
71001,上海中医药大学,2024,海南,本科民族班、预科班,综合,,,483,41779,
,海南体育职业技术学院,2023,海南,专科批,体育类,,,352,,
,湖南科技学院,2023,海南,本科提前批,体育类,,,451,,
,三亚理工职业学院,2023,海南,专科批,综合,,,358,53655,
,海南医科大学,2023,海南,专科提前批,综合,,,403,54938,
,海南医科大学,2023,海南,国家专项计划本科批,综合,,,566,3373,
,海南医科大学,2023,海南,地方专项计划本科批,综合,,,582,10740,
,三峡大学,2023,海南,本科批,综合,,,563,5119,
,中国刑事警察学院,2023,海南,本科提前批,综合,,,563,2843,
,湖南科技学院,2023,海南,本科提前批,艺术类,,,185,,
