school_id,school_name,year,province,batch,subject,major_group,major,score,rank,plan
1116,黎明职业大学,2025,福建,专科批,历史类,,,373,26689,
2305,北京中医药大学东方学院,2025,福建,专科批,历史类,,,402,36924,
2497,广东轻工职业技术大学,2025,福建,专科批,历史类,,,447,25562,
2517,广西农业职业技术大学,2025,福建,专科批,历史类,,,357,46919,
2520,广西外国语学院,2025,福建,专科批,历史类,,,248,38106,
2545,桂林理工大学,2025,福建,专科批,历史类,,,392,31127,
2549,桂林师范学院,2025,福建,专科批,历史类,,,287,35686,
2629,海口经济学院,2025,福建,专科批,历史类,,,263,34528,
2669,河北科技工程职业技术大学,2025,福建,专科批,历史类,,,367,44819,
2734,湖北工程学院新技术学院,2025,福建,专科批,历史类,,,346,47337,
2751,湖北师范大学文理学院,2025,福建,专科批,历史类,,,272,34528,
2776,湖南汽车工程职业大学,2025,福建,专科批,历史类,,,418,33099,
2895,江西科技学院,2025,福建,专科批,历史类,,,362,41274,
2902,江西软件职业技术大学,2025,福建,专科批,历史类,,,340,46081,
2907,江西应用科技学院,2025,福建,专科批,历史类,,,314,54362,
2908,江西职业技术大学,2025,福建,专科批,历史类,,,421,28570,
2916,景德镇艺术职业大学,2025,福建,专科批,历史类,,,293,51484,
2947,兰州石化职业技术大学,2025,福建,专科批,历史类,,,397,28068,
3004,南昌工学院,2025,福建,专科批,历史类,,,286,36430,
3020,南昌应用技术师范学院,2025,福建,专科批,历史类,,,407,35686,
3021,南昌职业大学,2025,福建,专科批,历史类,,,311,54718,
3136,三峡大学科技学院,2025,福建,专科批,历史类,,,364,41497,
3226,上海中侨职业技术大学,2025,福建,专科批,历史类,,,329,43718,
3280,四川大学锦江学院,2025,福建,专科批,历史类,,,244,41057,
3282,四川工程职业技术大学,2025,福建,专科批,历史类,,,400,26445,
3307,泰山科技学院,2025,福建,专科批,历史类,,,278,57219,
3367,文华学院,2025,福建,专科批,历史类,,,331,31901,
3378,武昌理工学院,2025,福建,专科批,历史类,,,329,39507,
3379,武昌首义学院,2025,福建,专科批,历史类,,,317,49534,
3388,武汉纺织大学外经贸学院,2025,福建,专科批,历史类,,,337,50796,
3405,武汉生物工程学院,2025,福建,专科批,历史类,,,374,35453,
3411,武汉职业技术大学,2025,福建,专科批,历史类,,,427,26689,
3454,西安信息职业大学,2025,福建,专科批,历史类,,,235,39969,
3514,新疆和田学院,2025,福建,专科批,历史类,,,438,28331,
3561,云南经济管理学院,2025,福建,专科批,历史类,,,276,48364,
7001,福建船政交通职业学院,2025,福建,专科批,历史类,,,400,25789,
7003,福建电力职业技术学院,2025,福建,专科批,历史类,,,433,26689,
7004,福建华南女子职业学院,2025,福建,专科批,历史类,,,265,44394,
7005,福建林业职业技术学院,2025,福建,专科批,历史类,,,380,29489,
7006,福建农业职业技术学院,2025,福建,专科批,历史类,,,372,24376,
7009,福建水利电力职业技术学院,2025,福建,专科批,历史类,,,379,28331,
7012,福建卫生职业技术学院,2025,福建,专科批,历史类,,,391,20340,
7016,福建信息职业技术学院,2025,福建,专科批,历史类,,,378,24878,
7017,福建艺术职业学院,2025,福建,专科批,历史类,,,275,36924,
7019,福建幼儿师范高等专科学校,2025,福建,专科批,历史类,,,375,26445,
7020,福州科技职业技术学院,2025,福建,专科批,历史类,,,240,40383,
7021,福州黎明职业技术学院,2025,福建,专科批,历史类,,,235,45427,
7022,福州墨尔本理工职业学院,2025,福建,专科批,历史类,,,236,51484,
7023,福州软件职业技术学院,2025,福建,专科批,历史类,,,289,37907,
7024,福州英华职业学院,2025,福建,专科批,历史类,,,238,43500,
7025,福州职业技术学院,2025,福建,专科批,历史类,,,407,27847,
7027,湄洲湾职业技术学院,2025,福建,专科批,历史类,,,380,29489,
7028,闽北职业技术学院,2025,福建,专科批,历史类,,,297,35915,
7030,闽江师范高等专科学校,2025,福建,专科批,历史类,,,361,29489,
7031,闽西职业技术学院,2025,福建,专科批,历史类,,,352,33811,
7032,宁德职业技术学院,2025,福建,专科批,历史类,,,346,33553,
7033,泉州纺织服装职业学院,2025,福建,专科批,历史类,,,236,44598,
7034,泉州工程职业技术学院,2025,福建,专科批,历史类,,,237,46919,
7035,泉州工艺美术职业学院,2025,福建,专科批,历史类,,,373,36182,
7036,泉州海洋职业学院,2025,福建,专科批,历史类,,,308,40806,
7037,泉州华光职业学院,2025,福建,专科批,历史类,,,244,44394,
7038,泉州经贸职业技术学院,2025,福建,专科批,历史类,,,362,33099,
7039,泉州轻工职业学院,2025,福建,专科批,历史类,,,236,47551,
7041,泉州医学高等专科学校,2025,福建,专科批,历史类,,,410,33339,
7045,泉州幼儿师范高等专科学校,2025,福建,专科批,历史类,,,361,31901,
7046,三明医学科技职业学院,2025,福建,专科批,历史类,,,365,30651,
7048,武夷山职业学院,2025,福建,专科批,历史类,,,235,46919,
7050,厦门安防科技职业学院,2025,福建,专科批,历史类,,,311,43308,
7051,厦门城市职业学院,2025,福建,专科批,历史类,,,397,29489,
7052,厦门东海职业技术学院,2025,福建,专科批,历史类,,,235,39030,
7053,厦门海洋职业技术学院,2025,福建,专科批,历史类,,,388,27399,
7054,厦门华天涉外职业技术学院,2025,福建,专科批,历史类,,,235,54481,
7055,厦门南洋职业学院,2025,福建,专科批,历史类,,,242,41984,
7056,厦门软件职业技术学院,2025,福建,专科批,历史类,,,315,41497,
7057,厦门兴才职业技术学院,2025,福建,专科批,历史类,,,275,46919,
7058,厦门演艺职业学院,2025,福建,专科批,历史类,,,235,54608,
7059,漳州城市职业学院,2025,福建,专科批,历史类,,,394,31901,
7060,漳州科技职业学院,2025,福建,专科批,历史类,,,235,53111,
7062,漳州理工职业学院,2025,福建,专科批,历史类,,,337,42863,
7065,漳州卫生职业学院,2025,福建,专科批,历史类,,,392,23022,
7066,漳州职业技术学院,2025,福建,专科批,历史类,,,406,24118,
8067,安徽第二医学院,2025,福建,专科批,历史类,,,424,31399,
8069,安徽警官职业学院,2025,福建,专科批,历史类,,,419,32860,
8070,安阳职业技术学院,2025,福建,专科批,历史类,,,272,24631,
8071,巴中职业技术学院,2025,福建,专科批,历史类,,,237,56371,
8072,蚌埠经济技术职业学院,2025,福建,专科批,历史类,,,380,40806,
8073,宝鸡职业技术学院,2025,福建,专科批,历史类,,,392,29044,
8076,北京农业职业学院,2025,福建,专科批,历史类,,,398,34967,
8077,北京培黎职业学院,2025,福建,专科批,历史类,,,343,44819,
8081,长春健康职业学院,2025,福建,专科批,历史类,,,291,56285,
8082,长春金融高等专科学校,2025,福建,专科批,历史类,,,334,33811,
8083,长春医学高等专科学校,2025,福建,专科批,历史类,,,443,27174,
8084,长春早期教育职业学院,2025,福建,专科批,历史类,,,237,59769,
8085,常德职业技术学院,2025,福建,专科批,历史类,,,393,32626,
8087,长沙航空职业技术学院,2025,福建,专科批,历史类,,,428,30422,
8088,长沙环境保护职业技术学院,2025,福建,专科批,历史类,,,359,42863,
8089,长沙民政职业技术学院,2025,福建,专科批,历史类,,,429,17282,
8090,长沙卫生职业学院,2025,福建,专科批,历史类,,,428,20545,
8091,常州工程职业技术学院,2025,福建,专科批,历史类,,,428,29489,
8093,成都航空职业技术大学,2025,福建,专科批,历史类,,,446,26445,
8094,重庆财经职业学院,2025,福建,专科批,历史类,,,419,19668,
8095,重庆城市管理职业学院,2025,福建,专科批,历史类,,,419,31399,
8096,重庆电力高等专科学校,2025,福建,专科批,历史类,,,425,30651,
8097,重庆电子科技职业大学,2025,福建,专科批,历史类,,,431,28570,
8099,重庆工贸职业技术学院,2025,福建,专科批,历史类,,,399,33553,
8100,重庆工商职业学院,2025,福建,专科批,历史类,,,420,27847,
8101,重庆工信职业学院,2025,福建,专科批,历史类,,,400,37433,
8102,重庆海联职业技术学院,2025,福建,专科批,历史类,,,258,46081,
8104,重庆建筑科技职业学院,2025,福建,专科批,历史类,,,287,48364,
8106,重庆科技职业学院,2025,福建,专科批,历史类,,,247,50442,
8107,重庆轻工职业学院,2025,福建,专科批,历史类,,,282,44819,
8109,重庆水利电力职业技术学院,2025,福建,专科批,历史类,,,418,30906,
8110,重庆信息技术职业学院,2025,福建,专科批,历史类,,,250,52489,
8111,重庆艺术工程职业学院,2025,福建,专科批,历史类,,,297,35453,
8112,重庆医药高等专科学校,2025,福建,专科批,历史类,,,446,21425,
8113,重庆幼儿师范高等专科学校,2025,福建,专科批,历史类,,,350,48364,
8114,重庆智能工程职业学院,2025,福建,专科批,历史类,,,240,48564,
8115,楚雄医药高等专科学校,2025,福建,专科批,历史类,,,383,41274,
8116,大连职业技术学院,2025,福建,专科批,历史类,,,344,49534,
8117,大庆医学高等专科学校,2025,福建,专科批,历史类,,,299,36430,
8118,德阳城市轨道交通职业学院,2025,福建,专科批,历史类,,,288,55080,
8119,德阳农业科技职业学院,2025,福建,专科批,历史类,,,380,41984,
8120,东莞职业技术学院,2025,福建,专科批,历史类,,,404,34032,
8121,鄂州职业大学,2025,福建,专科批,历史类,,,354,41497,
8122,恩施职业技术学院,2025,福建,专科批,历史类,,,236,45427,
8123,抚州医药学院,2025,福建,专科批,历史类,,,382,36430,
8124,抚州幼儿师范高等专科学校,2025,福建,专科批,历史类,,,370,38336,
8125,抚州职业技术学院,2025,福建,专科批,历史类,,,355,42211,
8126,赣南卫生健康职业学院,2025,福建,专科批,历史类,,,402,28570,
8127,甘肃建筑职业技术学院,2025,福建,专科批,历史类,,,315,54251,
8128,赣西科技职业学院,2025,福建,专科批,历史类,,,399,37686,
8129,赣州职业技术学院,2025,福建,专科批,历史类,,,375,33339,
8130,广东工贸职业技术学院,2025,福建,专科批,历史类,,,422,32148,
8131,广东环境保护工程职业学院,2025,福建,专科批,历史类,,,384,39507,
8133,广东交通职业技术学院,2025,福建,专科批,历史类,,,356,33811,
8134,广东科学技术职业学院,2025,福建,专科批,历史类,,,405,30906,
8135,广东岭南职业技术学院,2025,福建,专科批,历史类,,,299,53979,
8136,广东茂名幼儿师范专科学校,2025,福建,专科批,历史类,,,245,59530,
8137,广东女子职业技术学院,2025,福建,专科批,历史类,,,354,41274,
8138,广东生态工程职业学院,2025,福建,专科批,历史类,,,372,31127,
8139,广东食品药品职业学院,2025,福建,专科批,历史类,,,409,35206,
8141,广西电力职业技术学院,2025,福建,专科批,历史类,,,379,32148,
8142,广西工业职业技术学院,2025,福建,专科批,历史类,,,360,40158,
8143,广西国际商务职业技术学院,2025,福建,专科批,历史类,,,305,48564,
8144,广西建设职业技术学院,2025,福建,专科批,历史类,,,371,43940,
8145,广西交通职业技术学院,2025,福建,专科批,历史类,,,341,35206,
8147,广西物流职业技术学院,2025,福建,专科批,历史类,,,339,48564,
8149,广西幼儿师范高等专科学校,2025,福建,专科批,历史类,,,344,44394,
8150,广西自然资源职业技术学院,2025,福建,专科批,历史类,,,325,39030,
8151,广元中核职业技术学院,2025,福建,专科批,历史类,,,326,34032,
8152,广州城市职业学院,2025,福建,专科批,历史类,,,422,27847,
8153,广州华立科技职业学院,2025,福建,专科批,历史类,,,290,44394,
8154,广州华南商贸职业学院,2025,福建,专科批,历史类,,,307,52489,
8155,广州康大职业技术学院,2025,福建,专科批,历史类,,,343,44394,
8156,广州科技贸易职业学院,2025,福建,专科批,历史类,,,396,37157,
8157,广州民航职业技术学院,2025,福建,专科批,历史类,,,427,20965,
8159,广州卫生职业技术学院,2025,福建,专科批,历史类,,,396,23453,
8160,广州幼儿师范高等专科学校,2025,福建,专科批,历史类,,,358,46698,
8161,广州职业技术大学,2025,福建,专科批,历史类,,,425,31399,
8163,桂林信息工程职业学院,2025,福建,专科批,历史类,,,317,53979,
8164,贵州传媒职业学院,2025,福建,专科批,历史类,,,414,34032,
8165,贵州电子信息职业技术学院,2025,福建,专科批,历史类,,,342,49904,
8166,贵州工贸职业学院,2025,福建,专科批,历史类,,,294,53979,
8168,贵州机电职业技术学院,2025,福建,专科批,历史类,,,393,32860,
8170,贵州民用航空职业学院,2025,福建,专科批,历史类,,,313,54481,
8171,贵州水利水电职业技术学院,2025,福建,专科批,历史类,,,341,50093,
8172,贵州铜仁数据职业学院,2025,福建,专科批,历史类,,,266,58641,
8173,贵州应用技术职业学院,2025,福建,专科批,历史类,,,266,54251,
8174,哈尔滨传媒职业学院,2025,福建,专科批,历史类,,,237,59769,
8175,哈尔滨铁道职业技术学院,2025,福建,专科批,历史类,,,387,37433,
8176,海南东方新丝路职业学院,2025,福建,专科批,历史类,,,312,54608,
8178,海南软件职业技术学院,2025,福建,专科批,历史类,,,392,39257,
8179,海南外国语职业学院,2025,福建,专科批,历史类,,,366,39969,
8181,海南职业技术学院,2025,福建,专科批,历史类,,,332,40806,
8182,汉江师范学院,2025,福建,专科批,历史类,,,349,28331,
8184,河北轨道运输职业技术学院,2025,福建,专科批,历史类,,,404,31656,
8186,河北交通职业技术学院,2025,福建,专科批,历史类,,,346,39257,
8187,河北能源职业技术学院,2025,福建,专科批,历史类,,,242,59615,
8189,和君职业学院,2025,福建,专科批,历史类,,,382,41497,
8190,河南测绘职业学院,2025,福建,专科批,历史类,,,360,44168,
8191,河南地矿职业学院,2025,福建,专科批,历史类,,,342,43940,
8194,河南推拿职业学院,2025,福建,专科批,历史类,,,429,30422,
8195,河南医学高等专科学校,2025,福建,专科批,历史类,,,403,36668,
8197,黑龙江建筑职业技术学院,2025,福建,专科批,历史类,,,332,51644,
8198,黑龙江交通职业技术学院,2025,福建,专科批,历史类,,,399,34748,
8199,黑龙江林业职业技术学院,2025,福建,专科批,历史类,,,304,50944,
8200,黑龙江农垦职业学院,2025,福建,专科批,历史类,,,330,47135,
8201,黑龙江生态工程职业学院,2025,福建,专科批,历史类,,,315,53111,
8202,红河卫生职业学院,2025,福建,专科批,历史类,,,291,56860,
8203,湖北财税职业学院,2025,福建,专科批,历史类,,,400,33099,
8204,湖北城市建设职业技术学院,2025,福建,专科批,历史类,,,346,37686,
8205,湖北国土资源职业学院,2025,福建,专科批,历史类,,,387,37157,
8206,湖北交通职业技术学院,2025,福建,专科批,历史类,,,406,35915,
8207,湖北科技职业学院,2025,福建,专科批,历史类,,,377,42650,
8208,湖北轻工职业技术学院,2025,福建,专科批,历史类,,,380,41984,
8209,湖北三峡职业技术学院,2025,福建,专科批,历史类,,,348,48776,
8210,湖北生态工程职业技术学院,2025,福建,专科批,历史类,,,351,43940,
8211,湖北生物科技职业学院,2025,福建,专科批,历史类,,,347,42211,
8212,湖北水利水电职业技术学院,2025,福建,专科批,历史类,,,387,36668,
8213,湖北铁道运输职业学院,2025,福建,专科批,历史类,,,400,30651,
8215,湖北幼儿师范高等专科学校,2025,福建,专科批,历史类,,,343,49155,
8216,湖北职业技术学院,2025,福建,专科批,历史类,,,387,25117,
8217,湖北中医药高等专科学校,2025,福建,专科批,历史类,,,421,26042,
8218,湖南安全技术职业学院,2025,福建,专科批,历史类,,,375,36430,
8219,湖南财经工业职业技术学院,2025,福建,专科批,历史类,,,358,35686,
8220,湖南城建职业技术学院,2025,福建,专科批,历史类,,,372,43718,
8221,湖南大众传媒职业技术学院,2025,福建,专科批,历史类,,,405,26445,
8223,湖南都市职业学院,2025,福建,专科批,历史类,,,306,55314,
8224,湖南高尔夫旅游职业学院,2025,福建,专科批,历史类,,,300,55967,
8225,湖南高速铁路职业技术学院,2025,福建,专科批,历史类,,,363,21425,
8226,湖南工程职业技术学院,2025,福建,专科批,历史类,,,358,34032,
8227,湖南工业职业技术学院,2025,福建,专科批,历史类,,,430,30214,
8230,湖南化工职业技术学院,2025,福建,专科批,历史类,,,385,40806,
8231,湖南环境生物职业技术学院,2025,福建,专科批,历史类,,,391,34528,
8232,湖南机电职业技术学院,2025,福建,专科批,历史类,,,353,47773,
8233,湖南交通职业技术学院,2025,福建,专科批,历史类,,,386,38106,
8234,湖南科技职业学院,2025,福建,专科批,历史类,,,367,44819,
8235,湖南商务职业技术学院,2025,福建,专科批,历史类,,,373,36924,
8236,湖南石油化工职业技术学院,2025,福建,专科批,历史类,,,403,30651,
8237,湖南司法警官职业学院,2025,福建,专科批,历史类,,,382,34967,
8238,湖南体育职业学院,2025,福建,专科批,历史类,,,363,45642,
8239,湖南铁道职业技术学院,2025,福建,专科批,历史类,,,408,18365,
8240,湖南外国语职业学院,2025,福建,专科批,历史类,,,352,47971,
8241,湖南信息职业技术学院,2025,福建,专科批,历史类,,,370,39030,
8242,湖南邮电职业技术学院,2025,福建,专科批,历史类,,,393,39030,
8243,湖南有色金属职业技术学院,2025,福建,专科批,历史类,,,412,34528,
8245,吉安幼儿师范高等专科学校,2025,福建,专科批,历史类,,,332,51644,
8246,吉安职业技术学院,2025,福建,专科批,历史类,,,361,38536,
8247,吉林司法警官职业学院,2025,福建,专科批,历史类,,,382,41497,
8250,江海职业技术学院,2025,福建,专科批,历史类,,,292,56747,
8252,江门职业技术学院,2025,福建,专科批,历史类,,,363,30651,
8253,江苏电子信息职业学院,2025,福建,专科批,历史类,,,397,38106,
8254,江苏海事职业技术学院,2025,福建,专科批,历史类,,,457,23893,
8255,江苏护理职业学院,2025,福建,专科批,历史类,,,412,27174,
8256,江苏旅游职业学院,2025,福建,专科批,历史类,,,384,34275,
8257,江苏农牧科技职业学院,2025,福建,专科批,历史类,,,398,23022,
8258,江苏商贸职业学院,2025,福建,专科批,历史类,,,394,26042,
8259,江苏食品药品职业技术学院,2025,福建,专科批,历史类,,,396,38336,
8262,江西财经职业学院,2025,福建,专科批,历史类,,,392,31127,
8263,江西传媒职业学院,2025,福建,专科批,历史类,,,356,39737,
8264,江西电力职业技术学院,2025,福建,专科批,历史类,,,436,26445,
8265,江西工程职业学院,2025,福建,专科批,历史类,,,351,40383,
8266,江西工商职业技术学院,2025,福建,专科批,历史类,,,283,46278,
8267,江西工业工程职业技术学院,2025,福建,专科批,历史类,,,367,41057,
8268,江西工业贸易职业技术学院,2025,福建,专科批,历史类,,,330,37907,
8269,江西工业职业技术学院,2025,福建,专科批,历史类,,,353,36668,
8270,江西航空职业技术学院,2025,福建,专科批,历史类,,,316,35206,
8271,江西洪州职业学院,2025,福建,专科批,历史类,,,358,45427,
8272,江西环境工程职业学院,2025,福建,专科批,历史类,,,347,43308,
8273,江西机电职业技术学院,2025,福建,专科批,历史类,,,376,37157,
8274,江西建设职业技术学院,2025,福建,专科批,历史类,,,364,39030,
8275,江西交通职业技术学院,2025,福建,专科批,历史类,,,402,32626,
8276,江西科技职业学院,2025,福建,专科批,历史类,,,345,47551,
8277,江西旅游商贸职业学院,2025,福建,专科批,历史类,,,354,39737,
8278,江西农业工程职业学院,2025,福建,专科批,历史类,,,369,29729,
8279,江西生物科技职业学院,2025,福建,专科批,历史类,,,396,34275,
8280,江西师范高等专科学校,2025,福建,专科批,历史类,,,381,30422,
8281,江西水利职业学院,2025,福建,专科批,历史类,,,398,36924,
8282,江西司法警官职业学院,2025,福建,专科批,历史类,,,384,31399,
8285,江西外语外贸职业学院,2025,福建,专科批,历史类,,,347,37433,
8286,江西婺源茶业职业学院,2025,福建,专科批,历史类,,,348,45224,
8287,江西现代职业技术学院,2025,福建,专科批,历史类,,,373,40383,
8288,江西信息应用职业技术学院,2025,福建,专科批,历史类,,,353,47773,
8290,江西医学高等专科学校,2025,福建,专科批,历史类,,,385,35686,
8291,江西应用技术职业学院,2025,福建,专科批,历史类,,,402,28570,
8292,江西樟树中医药职业学院,2025,福建,专科批,历史类,,,356,41057,
8294,焦作大学,2025,福建,专科批,历史类,,,396,38336,
8295,金华职业技术大学,2025,福建,专科批,历史类,,,447,20115,
8296,景德镇陶瓷职业技术学院,2025,福建,专科批,历史类,,,254,48985,
8297,荆门职业学院,2025,福建,专科批,历史类,,,353,38772,
8298,荆州理工职业学院,2025,福建,专科批,历史类,,,324,36924,
8300,九江职业大学,2025,福建,专科批,历史类,,,361,33099,
8301,酒泉职业技术大学,2025,福建,专科批,历史类,,,362,45868,
8302,喀什职业技术学院,2025,福建,专科批,历史类,,,270,46919,
8303,开封大学,2025,福建,专科批,历史类,,,414,34032,
8304,昆明卫生职业学院,2025,福建,专科批,历史类,,,400,32148,
8307,廊坊卫生职业学院,2025,福建,专科批,历史类,,,388,34528,
8309,丽水职业技术学院,2025,福建,专科批,历史类,,,382,35453,
8310,连云港职业技术学院,2025,福建,专科批,历史类,,,400,37433,
8311,辽宁机电职业技术学院,2025,福建,专科批,历史类,,,356,47135,
8314,临汾职业技术学院,2025,福建,专科批,历史类,,,375,42863,
8315,六盘水幼儿师范高等专科学校,2025,福建,专科批,历史类,,,235,56186,
8316,柳州铁道职业技术学院,2025,福建,专科批,历史类,,,413,34032,
8317,泸州医疗器械职业学院,2025,福建,专科批,历史类,,,331,49706,
8320,漯河职业技术学院,2025,福建,专科批,历史类,,,289,48564,
8321,茂名职业技术学院,2025,福建,专科批,历史类,,,375,33099,
8322,眉山药科职业学院,2025,福建,专科批,历史类,,,318,53855,
8324,民办四川天一学院,2025,福建,专科批,历史类,,,241,52143,
8325,南昌健康职业技术学院,2025,福建,专科批,历史类,,,389,36430,
8327,南京科技职业学院,2025,福建,专科批,历史类,,,403,29268,
8328,南京旅游职业学院,2025,福建,专科批,历史类,,,380,33099,
8329,南京铁道职业技术学院,2025,福建,专科批,历史类,,,459,22150,
8330,南京信息职业技术学院,2025,福建,专科批,历史类,,,446,24878,
8331,南通师范高等专科学校,2025,福建,专科批,历史类,,,397,35915,
8332,宁波城市职业技术学院,2025,福建,专科批,历史类,,,418,30422,
8333,宁波幼儿师范高等专科学校,2025,福建,专科批,历史类,,,399,25789,
8334,盘锦职业技术学院,2025,福建,专科批,历史类,,,344,49534,
8336,萍乡卫生职业学院,2025,福建,专科批,历史类,,,391,28815,
8338,黔东南民族职业技术学院,2025,福建,专科批,历史类,,,383,29729,
8340,黔西南民族职业技术学院,2025,福建,专科批,历史类,,,307,44168,
8341,钦州幼儿师范高等专科学校,2025,福建,专科批,历史类,,,286,53111,
8342,青岛港湾职业技术学院,2025,福建,专科批,历史类,,,388,32860,
8344,青岛酒店管理职业技术学院,2025,福建,专科批,历史类,,,345,49350,
8345,曲靖健康医学院,2025,福建,专科批,历史类,,,426,31127,
8347,日照航海工程职业学院,2025,福建,专科批,历史类,,,290,56960,
8348,三峡电力职业学院,2025,福建,专科批,历史类,,,412,34528,
8349,三亚航空旅游职业学院,2025,福建,专科批,历史类,,,261,45868,
8350,三亚护理职业学院,2025,福建,专科批,历史类,,,235,52489,
8351,三亚理工职业学院,2025,福建,专科批,历史类,,,337,48364,
8352,三亚中瑞酒店管理职业学院,2025,福建,专科批,历史类,,,366,45027,
8353,山东传媒职业学院,2025,福建,专科批,历史类,,,333,34967,
8354,山东工程职业技术大学,2025,福建,专科批,历史类,,,274,58157,
8355,山东化工职业学院,2025,福建,专科批,历史类,,,386,40590,
8357,山东力明科技职业学院,2025,福建,专科批,历史类,,,278,39969,
8359,山东水利职业学院,2025,福建,专科批,历史类,,,371,25789,
8360,山东司法警官职业学院,2025,福建,专科批,历史类,,,396,37433,
8362,山东信息职业技术学院,2025,福建,专科批,历史类,,,347,39257,
8363,山东畜牧兽医职业学院,2025,福建,专科批,历史类,,,434,29268,
8364,山东药品食品职业学院,2025,福建,专科批,历史类,,,326,33553,
8365,山东职业学院,2025,福建,专科批,历史类,,,336,27847,
8367,陕西机电职业技术学院,2025,福建,专科批,历史类,,,389,38772,
8368,陕西交通职业技术学院,2025,福建,专科批,历史类,,,384,37433,
8369,陕西旅游烹饪职业学院,2025,福建,专科批,历史类,,,266,45027,
8370,陕西铁路工程职业技术学院,2025,福建,专科批,历史类,,,430,29729,
8372,陕西职业技术学院,2025,福建,专科批,历史类,,,361,46081,
8373,上海邦德职业技术学院,2025,福建,专科批,历史类,,,291,51961,
8374,上海城建职业学院,2025,福建,专科批,历史类,,,426,26042,
8375,上海出版印刷高等专科学校,2025,福建,专科批,历史类,,,387,17700,
8378,上海东海职业技术学院,2025,福建,专科批,历史类,,,307,55207,
8379,上海工商外国语职业学院,2025,福建,专科批,历史类,,,289,57044,
8380,上海工商职业技术学院,2025,福建,专科批,历史类,,,349,48564,
8381,上海工艺美术职业学院,2025,福建,专科批,历史类,,,438,25117,
8382,上海济光职业技术学院,2025,福建,专科批,历史类,,,343,43308,
8384,上海交通职业技术学院,2025,福建,专科批,历史类,,,393,32387,
8385,上海科学技术职业学院,2025,福建,专科批,历史类,,,394,27621,
8386,上海旅游高等专科学校,2025,福建,专科批,历史类,,,420,29729,
8387,上海民航职业技术学院,2025,福建,专科批,历史类,,,415,30422,
8388,上海民远职业技术学院,2025,福建,专科批,历史类,,,370,44168,
8389,上海南湖职业技术学院,2025,福建,专科批,历史类,,,400,32626,
8390,上海农林职业技术学院,2025,福建,专科批,历史类,,,393,27174,
8391,上海浦东职业技术学院,2025,福建,专科批,历史类,,,422,30651,
8392,上海思博职业技术学院,2025,福建,专科批,历史类,,,365,45224,
8393,上海行健职业学院,2025,福建,专科批,历史类,,,391,39507,
8394,上海震旦职业学院,2025,福建,专科批,历史类,,,236,58044,
8395,商洛职业技术学院,2025,福建,专科批,历史类,,,396,38336,
8397,上饶卫生健康职业学院,2025,福建,专科批,历史类,,,396,37907,
8398,上饶幼儿师范高等专科学校,2025,福建,专科批,历史类,,,400,37433,
8399,上饶职业技术学院,2025,福建,专科批,历史类,,,306,44168,
8400,绍兴职业技术学院,2025,福建,专科批,历史类,,,380,41984,
8403,石家庄科技信息职业学院,2025,福建,专科批,历史类,,,294,48564,
8404,石家庄人民医学高等专科学校,2025,福建,专科批,历史类,,,372,34528,
8405,石家庄铁路职业技术学院,2025,福建,专科批,历史类,,,419,31656,
8406,石家庄医学高等专科学校,2025,福建,专科批,历史类,,,300,36924,
8407,石家庄邮电职业技术学院,2025,福建,专科批,历史类,,,430,17086,
8408,四川长江职业学院,2025,福建,专科批,历史类,,,267,40806,
8409,四川城市职业学院,2025,福建,专科批,历史类,,,255,56567,
8412,四川航天职业技术学院,2025,福建,专科批,历史类,,,427,30906,
8414,四川交通职业技术学院,2025,福建,专科批,历史类,,,405,36182,
8415,四川科技职业学院,2025,福建,专科批,历史类,,,304,55547,
8417,四川司法警官职业学院,2025,福建,专科批,历史类,,,446,26445,
8422,四川文化传媒职业学院,2025,福建,专科批,历史类,,,303,50093,
8423,四川文轩职业学院,2025,福建,专科批,历史类,,,319,43092,
8424,四川西南航空职业学院,2025,福建,专科批,历史类,,,288,43940,
8426,四川现代职业学院,2025,福建,专科批,历史类,,,304,55547,
8427,四川应用技术职业学院,2025,福建,专科批,历史类,,,265,58689,
8429,四川职业技术学院,2025,福建,专科批,历史类,,,348,39257,
8431,宿迁职业技术学院,2025,福建,专科批,历史类,,,318,53855,
8432,苏州百年职业学院,2025,福建,专科批,历史类,,,241,57550,
8434,苏州工业园区服务外包职业学院,2025,福建,专科批,历史类,,,407,35686,
8437,苏州卫生职业技术学院,2025,福建,专科批,历史类,,,438,26235,
8438,苏州职业技术大学,2025,福建,专科批,历史类,,,277,29970,
8439,遂宁职业学院,2025,福建,专科批,历史类,,,319,53713,
8441,太原幼儿师范高等专科学校,2025,福建,专科批,历史类,,,300,55547,
8442,台州科技职业学院,2025,福建,专科批,历史类,,,385,39030,
8443,唐山幼儿师范高等专科学校,2025,福建,专科批,历史类,,,249,37686,
8444,天府新区航空旅游职业学院,2025,福建,专科批,历史类,,,286,39030,
8445,天府新区信息职业学院,2025,福建,专科批,历史类,,,246,54103,
8446,天津城市建设管理职业技术学院,2025,福建,专科批,历史类,,,389,36182,
8447,天津城市职业学院,2025,福建,专科批,历史类,,,374,43308,
8450,天津国土资源和房屋职业学院,2025,福建,专科批,历史类,,,359,43940,
8451,天津海运职业学院,2025,福建,专科批,历史类,,,384,35915,
8452,天津交通职业学院,2025,福建,专科批,历史类,,,391,39507,
8455,天津生物工程职业技术学院,2025,福建,专科批,历史类,,,340,50275,
8456,天津市职业大学,2025,福建,专科批,历史类,,,442,25789,
8458,天津铁道职业技术学院,2025,福建,专科批,历史类,,,409,29268,
8459,天津现代职业技术学院,2025,福建,专科批,历史类,,,350,33099,
8462,铜仁职业技术大学,2025,福建,专科批,历史类,,,376,22150,
8463,吐鲁番职业技术学院,2025,福建,专科批,历史类,,,298,48985,
8468,武昌职业学院,2025,福建,专科批,历史类,,,332,51644,
8469,武汉城市职业学院,2025,福建,专科批,历史类,,,412,26937,
8470,武汉船舶职业技术学院,2025,福建,专科批,历史类,,,421,29044,
8471,武汉工程职业技术学院,2025,福建,专科批,历史类,,,389,31901,
8472,武汉交通职业学院,2025,福建,专科批,历史类,,,344,32860,
8473,武汉警官职业学院,2025,福建,专科批,历史类,,,386,30651,
8474,武汉软件工程职业学院,2025,福建,专科批,历史类,,,438,28331,
8475,武汉铁路桥梁职业学院,2025,福建,专科批,历史类,,,368,34275,
8476,武汉铁路职业技术学院,2025,福建,专科批,历史类,,,403,22150,
8477,武汉信息传播职业技术学院,2025,福建,专科批,历史类,,,301,55863,
8479,西安海棠职业学院,2025,福建,专科批,历史类,,,267,46488,
8480,西安航空职业技术学院,2025,福建,专科批,历史类,,,419,31901,
8481,西安汽车职业大学,2025,福建,专科批,历史类,,,284,42432,
8482,西安铁路职业技术学院,2025,福建,专科批,历史类,,,398,33811,
8484,咸宁职业技术学院,2025,福建,专科批,历史类,,,353,42211,
8485,仙桃职业学院,2025,福建,专科批,历史类,,,357,35206,
8486,湘潭医卫职业技术学院,2025,福建,专科批,历史类,,,396,26689,
8487,襄阳汽车职业技术学院,2025,福建,专科批,历史类,,,377,38772,
8489,新疆生产建设兵团兴新职业技术学院,2025,福建,专科批,历史类,,,315,26689,
8490,新疆司法警官职业学院,2025,福建,专科批,历史类,,,372,28815,
8491,信阳职业技术学院,2025,福建,专科批,历史类,,,246,34528,
8492,邢台医学院,2025,福建,专科批,历史类,,,398,33099,
8494,盐城幼儿师范高等专科学校,2025,福建,专科批,历史类,,,353,31656,
8496,烟台黄金职业学院,2025,福建,专科批,历史类,,,330,51961,
8499,宜春幼儿师范高等专科学校,2025,福建,专科批,历史类,,,321,44168,
8500,宜春职业技术学院,2025,福建,专科批,历史类,,,346,37686,
8501,义乌工商职业技术学院,2025,福建,专科批,历史类,,,419,30906,
8502,益阳医学高等专科学校,2025,福建,专科批,历史类,,,431,22810,
8503,益阳职业技术学院,2025,福建,专科批,历史类,,,328,47773,
8505,岳阳职业技术学院,2025,福建,专科批,历史类,,,314,31127,
8506,云南国土资源职业学院,2025,福建,专科批,历史类,,,367,41274,
8507,云南经贸外事职业学院,2025,福建,专科批,历史类,,,289,57044,
8508,云南理工职业学院,2025,福建,专科批,历史类,,,278,57044,
8509,云南林业职业技术学院,2025,福建,专科批,历史类,,,363,42211,
8510,云南三鑫职业技术学院,2025,福建,专科批,历史类,,,322,53254,
8512,云南医药健康职业学院,2025,福建,专科批,历史类,,,360,36430,
8513,枣庄科技职业学院,2025,福建,专科批,历史类,,,280,48776,
8514,枣庄职业学院,2025,福建,专科批,历史类,,,319,28068,
8516,浙江工商职业技术学院,2025,福建,专科批,历史类,,,428,28331,
8517,浙江机电职业技术大学,2025,福建,专科批,历史类,,,442,26445,
8518,浙江建设职业技术学院,2025,福建,专科批,历史类,,,398,26042,
8521,浙江经济职业技术学院,2025,福建,专科批,历史类,,,441,26042,
8522,浙江经贸职业技术学院,2025,福建,专科批,历史类,,,443,24118,
8523,浙江旅游职业学院,2025,福建,专科批,历史类,,,424,28815,
8524,浙江农业商贸职业学院,2025,福建,专科批,历史类,,,385,40806,
8527,镇江市高等专科学校,2025,福建,专科批,历史类,,,385,36924,
8528,周口职业技术学院,2025,福建,专科批,历史类,,,314,48364,
8529,珠海艺术职业学院,2025,福建,专科批,历史类,,,274,58157,
8530,自贡职业技术学院,2025,福建,专科批,历史类,,,336,50944,
8531,资阳环境科技职业学院,2025,福建,专科批,历史类,,,303,49904,
1004,福建江夏学院,2025,福建,本科批,历史类,（999）,,476,7829,
1013,福建警察学院,2025,福建,本科批,历史类,（999）,,532,9285,
1056,福建商学院,2025,福建,本科批,历史类,（999）,,453,15677,
1100,福州大学至诚学院,2025,福建,本科批,历史类,（999）,,476,17924,
1103,福州外语外贸学院,2025,福建,本科批,历史类,（999）,,454,20756,
1105,华侨大学,2025,福建,本科批,历史类,（999）,,481,4785,
1105,华侨大学,2025,福建,本科批,历史类,（700）,,561,5243,
1114,集美大学诚毅学院,2025,福建,本科批,历史类,（999）,,482,14911,
1119,龙岩学院,2025,福建,本科批,历史类,（999）,,486,13247,
1127,闽南理工学院,2025,福建,本科批,历史类,（999）,,451,22150,
1156,三明学院,2025,福建,本科批,历史类,（999）,,477,11895,
1175,厦门工学院,2025,福建,本科批,历史类,（999）,,449,23671,
1189,仰恩大学,2025,福建,本科批,历史类,（999）,,462,19228,
2192,安徽财经大学,2025,福建,本科批,历史类,（999）,,530,4695,
2202,安徽农业大学,2025,福建,本科批,历史类,（999）,,538,7662,
2203,安徽师范大学,2025,福建,本科批,历史类,（999）,,522,6070,
2203,安徽师范大学,2025,福建,本科批,历史类,（900）,,561,5349,
2210,安徽中医药大学,2025,福建,本科批,历史类,（999）,,577,3694,
2211,安康学院,2025,福建,本科批,历史类,（999）,,483,18114,
2213,安庆师范大学,2025,福建,本科批,历史类,（999）,,506,13640,
2214,鞍山师范学院,2025,福建,本科批,历史类,（999）,,503,14221,
2214,鞍山师范学院,2025,福建,本科批,历史类,（700）,,495,15677,
2215,安顺学院,2025,福建,本科批,历史类,（999）,,466,21897,
2215,安顺学院,2025,福建,本科批,历史类,（700）,,483,18114,
2217,安阳工学院,2025,福建,本科批,历史类,（999）,,484,17924,
2221,百色学院,2025,福建,本科批,历史类,（999）,,484,17086,
2221,百色学院,2025,福建,本科批,历史类,（900）,,482,18365,
2222,蚌埠工商学院,2025,福建,本科批,历史类,（999）,,467,20545,
2227,宝鸡文理学院,2025,福建,本科批,历史类,（999）,,482,13459,
2229,北部湾大学,2025,福建,本科批,历史类,（999）,,487,14035,
2232,北方民族大学,2025,福建,本科批,历史类,（999）,,498,13247,
2232,北方民族大学,2025,福建,本科批,历史类,（700）,,525,10316,
2235,北华大学,2025,福建,本科批,历史类,（999）,,476,17924,
2238,北华航天工业学院,2025,福建,本科批,历史类,（999）,,488,12894,
2241,北京大学医学部,2025,福建,本科批,历史类,（999）,,660,38,
2249,北京工商大学,2025,福建,本科批,历史类,（999）,,585,2932,
2256,北京化工大学,2025,福建,本科批,历史类,（999）,,590,2495,
2270,北京科技大学,2025,福建,本科批,历史类,（999）,,598,1573,
2275,北京联合大学,2025,福建,本科批,历史类,（999）,,537,8243,
2280,北京林业大学,2025,福建,本科批,历史类,（999）,,583,2167,
2280,北京林业大学,2025,福建,本科批,历史类,（900）,,588,2672,
2280,北京林业大学,2025,福建,本科批,历史类,（600）,,582,3204,
2286,北京石油化工学院,2025,福建,本科批,历史类,（999）,,524,10480,
2287,北京体育大学,2025,福建,本科批,历史类,（999）,,516,2932,
2287,北京体育大学,2025,福建,本科批,历史类,（700）,,588,2672,
2289,北京外国语大学,2025,福建,本科批,历史类,（999）,,607,629,
2289,北京外国语大学,2025,福建,本科批,历史类,（700）,,583,1435,
2293,北京物资学院,2025,福建,本科批,历史类,（999）,,533,8521,
2304,北京中医药大学,2025,福建,本科批,历史类,（999）,,591,1435,
2307,滨州医学院,2025,福建,本科批,历史类,（999）,,484,16064,
2320,长春大学,2025,福建,本科批,历史类,（999）,,450,15873,
2321,长春大学旅游学院,2025,福建,本科批,历史类,（999）,,436,27847,
2325,长春工业大学,2025,福建,本科批,历史类,（999）,,476,13835,
2328,长春光华学院,2025,福建,本科批,历史类,（999）,,453,24878,
2333,长春理工大学,2025,福建,本科批,历史类,（999）,,470,11536,
2335,长春人文学院,2025,福建,本科批,历史类,（999）,,458,23454,
2336,长春师范大学,2025,福建,本科批,历史类,（999）,,525,10316,
2345,长沙理工大学,2025,福建,本科批,历史类,（999）,,552,5592,
2347,长沙学院,2025,福建,本科批,历史类,（999）,,515,8243,
2347,长沙学院,2025,福建,本科批,历史类,（700）,,517,10666,
2349,长治学院,2025,福建,本科批,历史类,（999）,,484,16866,
2349,长治学院,2025,福建,本科批,历史类,（700）,,492,16258,
2351,常州大学,2025,福建,本科批,历史类,（999）,,537,6992,
2351,常州大学,2025,福建,本科批,历史类,（700）,,549,6843,
2358,成都东软学院,2025,福建,本科批,历史类,（999）,,455,23893,
2360,成都锦城学院,2025,福建,本科批,历史类,（999）,,468,19889,
2363,成都师范学院,2025,福建,本科批,历史类,（999）,,518,11536,
2371,成都银杏酒店管理学院,2025,福建,本科批,历史类,（999）,,452,23893,
2372,成都中医药大学,2025,福建,本科批,历史类,（999）,,520,7662,
2375,池州学院,2025,福建,本科批,历史类,（999）,,486,16669,
2376,重庆财经学院,2025,福建,本科批,历史类,（999）,,483,16866,
2382,重庆第二师范学院,2025,福建,本科批,历史类,（999）,,500,11895,
2384,重庆工程学院,2025,福建,本科批,历史类,（999）,,465,21665,
2385,重庆工商大学,2025,福建,本科批,历史类,（999）,,482,5350,
2385,重庆工商大学,2025,福建,本科批,历史类,（600）,,520,11008,
2389,重庆科技大学,2025,福建,本科批,历史类,（999）,,525,9118,
2390,重庆理工大学,2025,福建,本科批,历史类,（999）,,526,9285,
2391,重庆人文科技学院,2025,福建,本科批,历史类,（999）,,463,21425,
2391,重庆人文科技学院,2025,福建,本科批,历史类,（600）,,453,24878,
2393,重庆师范大学,2025,福建,本科批,历史类,（999）,,552,6461,
2393,重庆师范大学,2025,福建,本科批,历史类,（900）,,566,4785,
2393,重庆师范大学,2025,福建,本科批,历史类,（700）,,571,4296,
2400,重庆移通学院,2025,福建,本科批,历史类,（999）,,461,19889,
2403,重庆中医药学院,2025,福建,本科批,历史类,（999）,,553,5853,
2405,川北医学院,2025,福建,本科批,历史类,（999）,,492,16258,
2406,大理大学,2025,福建,本科批,历史类,（999）,,507,10667,
2406,大理大学,2025,福建,本科批,历史类,（600）,,498,14912,
2412,大连海事大学,2025,福建,本科批,历史类,（999）,,580,2018,
2427,大连外国语大学,2025,福建,本科批,历史类,（999）,,525,7113,
2433,德州学院,2025,福建,本科批,历史类,（999）,,478,19228,
2434,滇池学院,2025,福建,本科批,历史类,（999）,,441,25117,
2447,东北电力大学,2025,福建,本科批,历史类,（999）,,488,15488,
2447,东北电力大学,2025,福建,本科批,历史类,（700）,,525,10316,
2452,东北林业大学,2025,福建,本科批,历史类,（999）,,569,3204,
2452,东北林业大学,2025,福建,本科批,历史类,（700）,,577,3105,
2455,东北师范大学,2025,福建,本科批,历史类,（999）,,581,3105,
2455,东北师范大学,2025,福建,本科批,历史类,（700）,,595,1946,
2461,东南大学成贤学院,2025,福建,本科批,历史类,（999）,,480,12736,
2465,对外经济贸易大学,2025,福建,本科批,历史类,（999）,,615,304,
2466,防灾科技学院,2025,福建,本科批,历史类,（999）,,482,14390,
2467,佛山大学,2025,福建,本科批,历史类,（999）,,523,10666,
2474,赣南科技学院,2025,福建,本科批,历史类,（999）,,490,14561,
2475,赣南师范大学,2025,福建,本科批,历史类,（999）,,521,6070,
2475,赣南师范大学,2025,福建,本科批,历史类,（700）,,541,7113,
2481,甘肃政法大学,2025,福建,本科批,历史类,（999）,,555,4198,
2487,广东工业大学,2025,福建,本科批,历史类,（999）,,559,4695,
2518,广西师范大学,2025,福建,本科批,历史类,（999）,,492,8809,
2524,广西中医药大学赛恩斯新医药学院,2025,福建,本科批,历史类,（999）,,514,11895,
2544,桂林航天工业学院,2025,福建,本科批,历史类,（999）,,486,16465,
2545,桂林理工大学,2025,福建,本科批,历史类,（999）,,490,14732,
2551,桂林学院,2025,福建,本科批,历史类,（999）,,450,23671,
2561,贵州财经大学,2025,福建,本科批,历史类,（999）,,528,9424,
2562,贵州大学,2025,福建,本科批,历史类,（999）,,577,3319,
2562,贵州大学,2025,福建,本科批,历史类,（700）,,578,3597,
2572,贵州黔南科技学院,2025,福建,本科批,历史类,（999）,,456,24118,
2614,哈尔滨商业大学,2025,福建,本科批,历史类,（999）,,484,15488,
2615,哈尔滨师范大学,2025,福建,本科批,历史类,（999）,,505,10480,
2617,哈尔滨学院,2025,福建,本科批,历史类,（999）,,485,14390,
2631,海南大学,2025,福建,本科批,历史类,（999）,,530,2495,
2631,海南大学,2025,福建,本科批,历史类,（900）,,546,7235,
2631,海南大学,2025,福建,本科批,历史类,（700）,,581,3105,
2635,海南热带海洋学院,2025,福建,本科批,历史类,（999）,,450,16465,
2635,海南热带海洋学院,2025,福建,本科批,历史类,（700）,,490,16064,
2638,海南师范大学,2025,福建,本科批,历史类,（999）,,469,8378,
2638,海南师范大学,2025,福建,本科批,历史类,（900）,,556,5970,
2638,海南师范大学,2025,福建,本科批,历史类,（700）,,544,5127,
2644,韩山师范学院,2025,福建,本科批,历史类,（999）,,463,19668,
2648,杭州师范大学,2025,福建,本科批,历史类,（999）,,553,6321,
2651,河北传媒学院,2025,福建,本科批,历史类,（999）,,458,21897,
2655,河北工程大学,2025,福建,本科批,历史类,（999）,,500,10480,
2661,河北环境工程学院,2025,福建,本科批,历史类,（999）,,481,18365,
2663,河北金融学院,2025,福建,本科批,历史类,（999）,,459,12576,
2669,河北科技工程职业技术大学,2025,福建,本科批,历史类,（999）,,475,19889,
2670,河北科技师范学院,2025,福建,本科批,历史类,（999）,,476,19014,
2677,河北医科大学,2025,福建,本科批,历史类,（600）,,498,15098,
2681,合肥城市学院,2025,福建,本科批,历史类,（999）,,452,25117,
2682,合肥大学,2025,福建,本科批,历史类,（999）,,512,9730,
2689,河南财经政法大学,2025,福建,本科批,历史类,（999）,,564,4101,
2694,河南大学,2025,福建,本科批,历史类,（999）,,537,4497,
2695,河南工程学院,2025,福建,本科批,历史类,（999）,,488,15488,
2702,河南科技学院,2025,福建,本科批,历史类,（999）,,484,17496,
2703,河南理工大学,2025,福建,本科批,历史类,（999）,,511,9875,
2707,河南师范大学,2025,福建,本科批,历史类,（999）,,523,8378,
2712,黑河学院,2025,福建,本科批,历史类,（999）,,474,19889,
2715,黑龙江大学,2025,福建,本科批,历史类,（999）,,509,8378,
2715,黑龙江大学,2025,福建,本科批,历史类,（700）,,521,11007,
2720,黑龙江科技大学,2025,福建,本科批,历史类,（999）,,476,15286,
2729,湖北大学,2025,福建,本科批,历史类,（999）,,577,3501,
2731,湖北第二师范学院,2025,福建,本科批,历史类,（999）,,527,9584,
2744,湖北理工学院,2025,福建,本科批,历史类,（999）,,502,13247,
2745,湖北美术学院,2025,福建,本科批,历史类,（999）,,501,13640,
2746,湖北民族大学,2025,福建,本科批,历史类,（999）,,499,12894,
2750,湖北师范大学,2025,福建,本科批,历史类,（999）,,535,6596,
2750,湖北师范大学,2025,福建,本科批,历史类,（900）,,551,6596,
2752,湖北文理学院,2025,福建,本科批,历史类,（999）,,498,15098,
2768,湖南工业大学,2025,福建,本科批,历史类,（999）,,506,12894,
2772,湖南科技学院,2025,福建,本科批,历史类,（999）,,497,15286,
2772,湖南科技学院,2025,福建,本科批,历史类,（700）,,507,13459,
2777,湖南人文科技学院,2025,福建,本科批,历史类,（999）,,452,14221,
2806,华东理工大学,2025,福建,本科批,历史类,（999）,,592,1573,
2807,华东师范大学,2025,福建,本科批,历史类,（999）,,621,321,
2826,华中师范大学,2025,福建,本科批,历史类,（999）,,614,810,
2826,华中师范大学,2025,福建,本科批,历史类,（700）,,614,986,
2829,怀化学院,2025,福建,本科批,历史类,（999）,,488,14035,
2829,怀化学院,2025,福建,本科批,历史类,（700）,,504,14035,
2831,淮阴师范学院,2025,福建,本科批,历史类,（999）,,501,12736,
2840,吉林大学,2025,福建,本科批,历史类,（999）,,603,503,
2840,吉林大学,2025,福建,本科批,历史类,（700）,,600,1504,
2845,吉林工程技术师范学院,2025,福建,本科批,历史类,（999）,,475,19668,
2847,吉林建筑大学,2025,福建,本科批,历史类,（999）,,453,15677,
2850,吉林农业大学,2025,福建,本科批,历史类,（999）,,490,16064,
2850,吉林农业大学,2025,福建,本科批,历史类,（700）,,517,11713,
2852,吉林师范大学,2025,福建,本科批,历史类,（999）,,504,9424,
2856,吉林外国语大学,2025,福建,本科批,历史类,（999）,,434,23671,
2860,济南大学,2025,福建,本科批,历史类,（999）,,523,8809,
2874,江南大学,2025,福建,本科批,历史类,（999）,,593,1632,
2876,江苏大学,2025,福建,本科批,历史类,（999）,,577,3204,
2878,江苏第二师范学院,2025,福建,本科批,历史类,（999）,,529,8965,
2880,江苏科技大学,2025,福建,本科批,历史类,（999）,,548,3501,
2884,江苏师范大学,2025,福建,本科批,历史类,（999）,,574,3319,
2889,江西飞行学院,2025,福建,本科批,历史类,（999）,,497,14911,
2896,江西理工大学,2025,福建,本科批,历史类,（999）,,517,6194,
2900,江西农业大学,2025,福建,本科批,历史类,（999）,,518,7972,
2900,江西农业大学,2025,福建,本科批,历史类,（600）,,491,16465,
2906,江西水利电力大学,2025,福建,本科批,历史类,（999）,,508,12234,
2910,金陵科技学院,2025,福建,本科批,历史类,（999）,,521,11007,
2920,九江学院,2025,福建,本科批,历史类,（999）,,496,14561,
2923,喀什大学,2025,福建,本科批,历史类,（999）,,479,16669,
2923,喀什大学,2025,福建,本科批,历史类,（700）,,482,18365,
2933,昆明理工大学,2025,福建,本科批,历史类,（999）,,536,6321,
2936,昆明学院,2025,福建,本科批,历史类,（999）,,485,17086,
2938,昆明医科大学海源学院,2025,福建,本科批,历史类,（999）,,464,21425,
2941,兰州财经大学,2025,福建,本科批,历史类,（999）,,495,10821,
2943,兰州大学,2025,福建,本科批,历史类,（999）,,593,1317,
2943,兰州大学,2025,福建,本科批,历史类,（700）,,598,1756,
2949,廊坊师范学院,2025,福建,本科批,历史类,（999）,,504,14035,
2949,廊坊师范学院,2025,福建,本科批,历史类,（700）,,496,15488,
2955,聊城大学,2025,福建,本科批,历史类,（999）,,534,8662,
2972,辽宁中医药大学,2025,福建,本科批,历史类,（999）,,561,5349,
2974,临沂大学,2025,福建,本科批,历史类,（999）,,516,9424,
2977,六盘水师范学院,2025,福建,本科批,历史类,（999）,,486,17496,
2981,鲁东大学,2025,福建,本科批,历史类,（999）,,494,11007,
2992,吕梁学院,2025,福建,本科批,历史类,（999）,,482,17282,
2992,吕梁学院,2025,福建,本科批,历史类,（900）,,478,19228,
2993,马鞍山学院,2025,福建,本科批,历史类,（999）,,457,23698,
2996,绵阳师范学院,2025,福建,本科批,历史类,（999）,,499,13073,
2998,牡丹江师范学院,2025,福建,本科批,历史类,（999）,,477,17282,
3008,南昌交通学院,2025,福建,本科批,历史类,（999）,,454,20545,
3019,南昌医学院,2025,福建,本科批,历史类,（999）,,503,14221,
3019,南昌医学院,2025,福建,本科批,历史类,（600）,,488,16258,
3024,南方医科大学,2025,福建,本科批,历史类,（999）,,576,2250,
3025,南华大学,2025,福建,本科批,历史类,（999）,,511,10480,
3028,南京财经大学红山学院,2025,福建,本科批,历史类,（999）,,475,17924,
3029,南京传媒学院,2025,福建,本科批,历史类,（999）,,473,12576,
3032,南京工程学院,2025,福建,本科批,历史类,（999）,,536,8243,
3034,南京工业大学,2025,福建,本科批,历史类,（999）,,559,5349,
3043,南京理工大学,2025,福建,本科批,历史类,（999）,,586,2421,
3043,南京理工大学,2025,福建,本科批,历史类,（700）,,595,2087,
3052,南京师范大学,2025,福建,本科批,历史类,（999）,,604,1225,
3053,南京特殊教育师范学院,2025,福建,本科批,历史类,（999）,,520,7972,
3056,南京信息工程大学,2025,福建,本科批,历史类,（999）,,550,6718,
3077,内蒙古大学,2025,福建,本科批,历史类,（999）,,580,3408,
3077,内蒙古大学,2025,福建,本科批,历史类,（700）,,568,4392,
3086,宁波大学,2025,福建,本科批,历史类,（999）,,542,2833,
3088,宁波大学科学技术学院,2025,福建,本科批,历史类,（999）,,482,16465,
3092,宁夏大学,2025,福建,本科批,历史类,（999）,,538,3808,
3096,宁夏理工学院,2025,福建,本科批,历史类,（999）,,443,25117,
3096,宁夏理工学院,2025,福建,本科批,历史类,（700）,,445,26689,
3097,宁夏师范大学,2025,福建,本科批,历史类,（700）,,513,12412,
3099,攀枝花学院,2025,福建,本科批,历史类,（999）,,484,17924,
3100,平顶山学院,2025,福建,本科批,历史类,（999）,,481,18606,
3105,齐鲁医药学院,2025,福建,本科批,历史类,（999）,,471,19889,
3106,齐齐哈尔大学,2025,福建,本科批,历史类,（999）,,483,18114,
3111,青岛大学,2025,福建,本科批,历史类,（999）,,523,4695,
3117,青岛科技大学,2025,福建,本科批,历史类,（999）,,524,10480,
3118,青岛理工大学,2025,福建,本科批,历史类,（999）,,512,8662,
3120,青岛农业大学,2025,福建,本科批,历史类,（999）,,522,10821,
3130,琼台师范学院,2025,福建,本科批,历史类,（999）,,493,15286,
3131,曲阜师范大学,2025,福建,本科批,历史类,（999）,,537,6843,
3131,曲阜师范大学,2025,福建,本科批,历史类,（700）,,538,6843,
3133,衢州学院,2025,福建,本科批,历史类,（999）,,491,14911,
3138,山东财经大学,2025,福建,本科批,历史类,（999）,,540,3889,
3139,山东大学,2025,福建,本科批,历史类,（999）,,606,629,
3141,山东大学（威海）,2025,福建,本科批,历史类,（999）,,604,1435,
3143,山东第一医科大学,2025,福建,本科批,历史类,（999）,,498,14732,
3144,山东工商学院,2025,福建,本科批,历史类,（999）,,492,8521,
3149,山东交通学院,2025,福建,本科批,历史类,（999）,,519,11356,
3150,山东科技大学,2025,福建,本科批,历史类,（999）,,539,8243,
3152,山东理工大学,2025,福建,本科批,历史类,（999）,,499,12233,
3154,山东女子学院,2025,福建,本科批,历史类,（999）,,479,14911,
3155,山东师范大学,2025,福建,本科批,历史类,（999）,,528,4695,
3155,山东师范大学,2025,福建,本科批,历史类,（900）,,590,2495,
3157,山东石油化工学院,2025,福建,本科批,历史类,（999）,,513,12078,
3175,陕西理工大学,2025,福建,本科批,历史类,（999）,,495,14732,
3176,山西农业大学,2025,福建,本科批,历史类,（999）,,493,16064,
3176,山西农业大学,2025,福建,本科批,历史类,（700）,,505,13459,
3177,山西师范大学,2025,福建,本科批,历史类,（999）,,515,8521,
3177,山西师范大学,2025,福建,本科批,历史类,（700）,,556,5970,
3181,山西医科大学,2025,福建,本科批,历史类,（999）,,483,17086,
3181,山西医科大学,2025,福建,本科批,历史类,（600）,,494,15873,
3184,上海财经大学,2025,福建,本科批,历史类,（999）,,617,245,
3193,上海对外经贸大学,2025,福建,本科批,历史类,（999）,,574,2250,
3198,上海海事大学,2025,福建,本科批,历史类,（999）,,587,2672,
3199,上海海洋大学,2025,福建,本科批,历史类,（999）,,580,3408,
3209,上海理工大学,2025,福建,本科批,历史类,（999）,,561,4198,
3211,上海立信会计金融学院,2025,福建,本科批,历史类,（999）,,550,3105,
3213,上海杉达学院,2025,福建,本科批,历史类,（999）,,481,13247,
3214,上海商学院,2025,福建,本科批,历史类,（999）,,538,6843,
3215,上海师范大学,2025,福建,本科批,历史类,（999）,,562,3597,
3225,上海政法学院,2025,福建,本科批,历史类,（999）,,592,2018,
3235,绍兴文理学院,2025,福建,本科批,历史类,（999）,,463,22579,
3249,沈阳理工大学,2025,福建,本科批,历史类,（999）,,507,11895,
3252,沈阳师范大学,2025,福建,本科批,历史类,（999）,,488,16669,
3259,深圳大学,2025,福建,本科批,历史类,（999）,,595,1363,
3261,深圳技术大学,2025,福建,本科批,历史类,（999）,,570,4392,
3263,石家庄铁道大学,2025,福建,本科批,历史类,（999）,,541,7972,
3264,石家庄铁道大学四方学院,2025,福建,本科批,历史类,（999）,,475,19889,
3266,首都经济贸易大学,2025,福建,本科批,历史类,（999）,,586,2592,
3285,四川警察学院,2025,福建,本科批,历史类,（999）,,541,7972,
3286,四川旅游学院,2025,福建,本科批,历史类,（999）,,504,13835,
3291,四川师范大学,2025,福建,本科批,历史类,（999）,,547,5349,
3291,四川师范大学,2025,福建,本科批,历史类,（900）,,563,5127,
3291,四川师范大学,2025,福建,本科批,历史类,（700）,,556,4497,
3292,四川外国语大学,2025,福建,本科批,历史类,（999）,,517,5476,
3296,四川文理学院,2025,福建,本科批,历史类,（999）,,488,16669,
3297,四川音乐学院,2025,福建,本科批,历史类,（999）,,501,14561,
3298,苏州城市学院,2025,福建,本科批,历史类,（999）,,528,9584,
3302,苏州工学院,2025,福建,本科批,历史类,（999）,,517,10821,
3303,苏州科技大学,2025,福建,本科批,历史类,（999）,,547,6194,
3309,太原工业学院,2025,福建,本科批,历史类,（999）,,480,17700,
3312,太原师范学院,2025,福建,本科批,历史类,（999）,,487,15488,
3312,太原师范学院,2025,福建,本科批,历史类,（700）,,506,13640,
3313,太原学院,2025,福建,本科批,历史类,（999）,,487,11188,
3315,台州学院,2025,福建,本科批,历史类,（999）,,504,12233,
3324,天津工业大学,2025,福建,本科批,历史类,（999）,,541,3808,
3330,天津美术学院,2025,福建,本科批,历史类,（999）,,509,7829,
3335,天津商业大学宝德学院,2025,福建,本科批,历史类,（999）,,461,23022,
3336,天津师范大学,2025,福建,本科批,历史类,（999）,,527,5243,
3336,天津师范大学,2025,福建,本科批,历史类,（700）,,570,4392,
3339,天津体育学院,2025,福建,本科批,历史类,（999）,,489,13073,
3342,天津外国语大学滨海外事学院,2025,福建,本科批,历史类,（999）,,456,23453,
3346,天津职业技术师范大学,2025,福建,本科批,历史类,（999）,,516,11895,
3357,铜陵学院,2025,福建,本科批,历史类,（999）,,488,17086,
3359,铜仁学院,2025,福建,本科批,历史类,（900）,,509,13073,
3365,渭南师范学院,2025,福建,本科批,历史类,（999）,,451,17496,
3368,文山学院,2025,福建,本科批,历史类,（999）,,479,19014,
3369,温州大学,2025,福建,本科批,历史类,（999）,,559,4497,
3373,温州商学院,2025,福建,本科批,历史类,（999）,,440,24376,
3391,武汉工程大学邮电与信息工程学院,2025,福建,本科批,历史类,（999）,,457,23671,
3393,武汉工商学院,2025,福建,本科批,历史类,（999）,,459,23453,
3394,武汉华夏理工学院,2025,福建,本科批,历史类,（999）,,453,24118,
3395,武汉科技大学,2025,福建,本科批,历史类,（999）,,554,5349,
3396,武汉理工大学,2025,福建,本科批,历史类,（999）,,587,1883,
3401,武汉轻工大学,2025,福建,本科批,历史类,（999）,,494,7113,
3403,武汉商学院,2025,福建,本科批,历史类,（999）,,509,12894,
3438,西安交通大学,2025,福建,本科批,历史类,（999）,,615,567,
3440,西安交通工程学院,2025,福建,本科批,历史类,（999）,,439,25117,
3445,西安美术学院,2025,福建,本科批,历史类,（999）,,501,12736,
3456,西安音乐学院,2025,福建,本科批,历史类,（999）,,497,15286,
3469,西北师范大学,2025,福建,本科批,历史类,（999）,,476,5243,
3470,西北政法大学,2025,福建,本科批,历史类,（999）,,579,1317,
3474,西华师范大学,2025,福建,本科批,历史类,（999）,,487,14035,
3475,西交利物浦大学,2025,福建,本科批,历史类,（999）,,551,6596,
3476,西京学院,2025,福建,本科批,历史类,（999）,,450,24878,
3476,西京学院,2025,福建,本科批,历史类,（700）,,450,25344,
3479,西南财经大学天府学院,2025,福建,本科批,历史类,（999）,,462,22810,
3492,西南民族大学,2025,福建,本科批,历史类,（999）,,546,5592,
3499,咸阳师范学院,2025,福建,本科批,历史类,（999）,,489,16866,
3506,湘南学院,2025,福建,本科批,历史类,（999）,,487,10821,
3507,湘潭大学,2025,福建,本科批,历史类,（999）,,571,2087,
3511,新疆大学,2025,福建,本科批,历史类,（999）,,564,4577,
3527,新余学院,2025,福建,本科批,历史类,（999）,,498,12576,
3528,忻州师范学院,2025,福建,本科批,历史类,（999）,,477,15488,
3528,忻州师范学院,2025,福建,本科批,历史类,（900）,,491,13459,
3528,忻州师范学院,2025,福建,本科批,历史类,（700）,,495,15677,
3530,徐州工程学院,2025,福建,本科批,历史类,（999）,,513,11188,
3532,延安大学,2025,福建,本科批,历史类,（999）,,505,9424,
3533,延边大学,2025,福建,本科批,历史类,（999）,,556,4101,
3533,延边大学,2025,福建,本科批,历史类,（900）,,570,4392,
3542,扬州大学,2025,福建,本科批,历史类,（999）,,570,3408,
3544,宜宾学院,2025,福建,本科批,历史类,（999）,,491,15098,
3545,宜春学院,2025,福建,本科批,历史类,（999）,,492,11895,
3547,右江民族医学院,2025,福建,本科批,历史类,（600）,,488,17086,
3549,玉林师范学院,2025,福建,本科批,历史类,（999）,,504,14035,
3550,玉溪师范学院,2025,福建,本科批,历史类,（999）,,486,16669,
3550,玉溪师范学院,2025,福建,本科批,历史类,（900）,,504,14035,
3554,运城职业技术大学,2025,福建,本科批,历史类,（999）,,495,14911,
3562,云南民族大学,2025,福建,本科批,历史类,（999）,,521,8090,
3564,云南农业大学,2025,福建,本科批,历史类,（999）,,491,15488,
3569,枣庄学院,2025,福建,本科批,历史类,（999）,,490,16669,
3571,肇庆学院,2025,福建,本科批,历史类,（999）,,508,13247,
3579,浙江传媒学院,2025,福建,本科批,历史类,（999）,,546,3105,
3586,浙江工商大学,2025,福建,本科批,历史类,（999）,,576,2338,
3588,浙江工商大学杭州商学院,2025,福建,本科批,历史类,（999）,,469,16669,
3589,浙江工业大学,2025,福建,本科批,历史类,（999）,,563,4392,
3591,浙江工业大学之江学院,2025,福建,本科批,历史类,（999）,,485,11356,
3593,浙江海洋大学,2025,福建,本科批,历史类,（999）,,522,8965,
3596,浙江科技大学,2025,福建,本科批,历史类,（999）,,526,8378,
3598,浙江理工大学,2025,福建,本科批,历史类,（999）,,562,5243,
3600,浙江农林大学,2025,福建,本科批,历史类,（999）,,553,6070,
3602,浙江师范大学,2025,福建,本科批,历史类,（999）,,518,3105,
3605,浙江树人学院,2025,福建,本科批,历史类,（999）,,445,18114,
3608,浙江外国语学院,2025,福建,本科批,历史类,（999）,,524,6843,
3610,浙江万里学院,2025,福建,本科批,历史类,（999）,,483,17282,
3614,浙江中医药大学,2025,福建,本科批,历史类,（999）,,545,7374,
3618,郑州工程技术学院,2025,福建,本科批,历史类,（999）,,478,18365,
3634,中北大学,2025,福建,本科批,历史类,（999）,,523,10666,
3639,中国传媒大学,2025,福建,本科批,历史类,（999）,,588,894,
3640,中国地质大学（北京）,2025,福建,本科批,历史类,（999）,,585,2932,
3641,中国地质大学（武汉）,2025,福建,本科批,历史类,（999）,,589,2422,
3646,中国海洋大学,2025,福建,本科批,历史类,（999）,,597,1573,
3660,中国劳动关系学院,2025,福建,本科批,历史类,（999）,,535,6461,
3662,中国民航大学,2025,福建,本科批,历史类,（999）,,557,3204,
3662,中国民航大学,2025,福建,本科批,历史类,（700）,,581,3319,
3663,中国民用航空飞行学院,2025,福建,本科批,历史类,（999）,,508,6321,
3663,中国民用航空飞行学院,2025,福建,本科批,历史类,（700）,,545,7374,
3679,中国石油大学（华东）,2025,福建,本科批,历史类,（999）,,589,2338,
3694,中华女子学院,2025,福建,本科批,历史类,（999）,,521,9424,
3699,中南大学,2025,福建,本科批,历史类,（999）,,609,810,
3704,中南林业科技大学,2025,福建,本科批,历史类,（999）,,538,6461,
3709,中央财经大学,2025,福建,本科批,历史类,（999）,,596,659,
3712,中央美术学院,2025,福建,本科批,历史类,（999）,,553,2592,
3713,中央民族大学,2025,福建,本科批,历史类,（999）,,601,1178,
3717,中央戏剧学院,2025,福建,本科批,历史类,（999）,,577,3408,
3719,中原工学院,2025,福建,本科批,历史类,（999）,,472,18810,
3724,遵义医科大学,2025,福建,本科批,历史类,（999）,,532,9285,
3724,遵义医科大学,2025,福建,本科批,历史类,（600）,,515,11713,
1119,龙岩学院,2025,福建,本科提前批,历史类,（999）,,464,10316,
2715,黑龙江大学,2025,福建,本科提前批,历史类,（999）,,553,6321,
2807,华东师范大学,2025,福建,本科提前批,历史类,（999）,,621,536,
2807,华东师范大学,2025,福建,本科提前批,历史类,（700）,,624,598,
2826,华中师范大学,2025,福建,本科提前批,历史类,（999）,,579,659,
2826,华中师范大学,2025,福建,本科提前批,历史类,（900）,,603,1573,
2826,华中师范大学,2025,福建,本科提前批,历史类,（700）,,624,598,
3438,西安交通大学,2025,福建,本科提前批,历史类,（700）,,617,851,
3492,西南民族大学,2025,福建,本科提前批,历史类,,,552,6461,
3595,浙江警察学院,2025,福建,本科提前批,历史类,（700）,,578,3597,
3671,中国人民公安大学,2025,福建,本科提前批,历史类,（700）,,597,215,
3681,中国消防救援学院,2025,福建,本科提前批,历史类,（700）,,584,3018,
3683,中国刑事警察学院,2025,福建,本科提前批,历史类,（700）,,566,321,
2807,华东师范大学,2025,福建,高校农村专项计划,历史类,（999）,,623,629,
2807,华东师范大学,2025,福建,高校农村专项计划,历史类,（700）,,623,629,
2826,华中师范大学,2025,福建,高校农村专项计划,历史类,（999）,,593,1756,
3052,南京师范大学,2025,福建,高校农村专项计划,历史类,（999）,,594,2167,
1116,黎明职业大学,2025,福建,专科批,物理类,,,384,118298,
2305,北京中医药大学东方学院,2025,福建,专科批,物理类,,,418,136525,
2497,广东轻工职业技术大学,2025,福建,专科批,物理类,,,458,90360,
2517,广西农业职业技术大学,2025,福建,专科批,物理类,,,373,152707,
2520,广西外国语学院,2025,福建,专科批,物理类,,,287,153255,
2545,桂林理工大学,2025,福建,专科批,物理类,,,344,113439,
2548,桂林旅游学院,2025,福建,专科批,物理类,,,393,146824,
2549,桂林师范学院,2025,福建,专科批,物理类,,,422,133731,
2629,海口经济学院,2025,福建,专科批,物理类,,,250,160965,
2634,海南科技职业大学,2025,福建,专科批,物理类,,,278,174279,
2669,河北科技工程职业技术大学,2025,福建,专科批,物理类,,,403,146212,
2732,湖北恩施学院,2025,福建,专科批,物理类,,,416,137918,
2734,湖北工程学院新技术学院,2025,福建,专科批,物理类,,,395,129373,
2751,湖北师范大学文理学院,2025,福建,专科批,物理类,,,375,137243,
2776,湖南汽车工程职业大学,2025,福建,专科批,物理类,,,403,146212,
2895,江西科技学院,2025,福建,专科批,物理类,,,314,139937,
2902,江西软件职业技术大学,2025,福建,专科批,物理类,,,316,160965,
2908,江西职业技术大学,2025,福建,专科批,物理类,,,430,99057,
2916,景德镇艺术职业大学,2025,福建,专科批,物理类,,,379,146212,
2947,兰州石化职业技术大学,2025,福建,专科批,物理类,,,339,105800,
3004,南昌工学院,2025,福建,专科批,物理类,,,360,140607,
3009,南昌理工学院,2025,福建,专科批,物理类,,,334,147435,
3020,南昌应用技术师范学院,2025,福建,专科批,物理类,,,331,135201,
3021,南昌职业大学,2025,福建,专科批,物理类,,,362,157943,
3115,青岛黄海学院,2025,福建,专科批,物理类,,,383,135848,
3136,三峡大学科技学院,2025,福建,专科批,物理类,,,408,134474,
3226,上海中侨职业技术大学,2025,福建,专科批,物理类,,,406,140607,
3240,沈阳工程学院,2025,福建,专科批,物理类,,,409,127804,
3280,四川大学锦江学院,2025,福建,专科批,物理类,,,260,145000,
3282,四川工程职业技术大学,2025,福建,专科批,物理类,,,299,91278,
3307,泰山科技学院,2025,福建,专科批,物理类,,,333,157457,
3367,文华学院,2025,福建,专科批,物理类,,,383,148073,
3373,温州商学院,2025,福建,专科批,物理类,,,401,147435,
3378,武昌理工学院,2025,福建,专科批,物理类,,,358,137243,
3379,武昌首义学院,2025,福建,专科批,物理类,,,383,143163,
3388,武汉纺织大学外经贸学院,2025,福建,专科批,物理类,,,420,135201,
3405,武汉生物工程学院,2025,福建,专科批,物理类,,,322,130836,
3411,武汉职业技术大学,2025,福建,专科批,物理类,,,458,99057,
3440,西安交通工程学院,2025,福建,专科批,物理类,,,416,137918,
3450,西安思源学院,2025,福建,专科批,物理类,,,352,155896,
3454,西安信息职业大学,2025,福建,专科批,物理类,,,362,127014,
3514,新疆和田学院,2025,福建,专科批,物理类,,,387,152707,
3561,云南经济管理学院,2025,福建,专科批,物理类,,,341,158449,
7001,福建船政交通职业学院,2025,福建,专科批,物理类,,,392,112582,
7003,福建电力职业技术学院,2025,福建,专科批,物理类,,,437,103242,
7004,福建华南女子职业学院,2025,福建,专科批,物理类,,,285,162400,
7005,福建林业职业技术学院,2025,福建,专科批,物理类,,,351,132293,
7006,福建农业职业技术学院,2025,福建,专科批,物理类,,,384,62571,
7009,福建水利电力职业技术学院,2025,福建,专科批,物理类,,,387,99902,
7011,福建体育职业技术学院,2025,福建,专科批,物理类,,,389,154324,
7012,福建卫生职业技术学院,2025,福建,专科批,物理类,,,366,28208,
7016,福建信息职业技术学院,2025,福建,专科批,物理类,,,368,116681,
7017,福建艺术职业学院,2025,福建,专科批,物理类,,,388,141895,
7019,福建幼儿师范高等专科学校,2025,福建,专科批,物理类,,,378,127804,
7020,福州科技职业技术学院,2025,福建,专科批,物理类,,,367,152707,
7021,福州黎明职业技术学院,2025,福建,专科批,物理类,,,305,158449,
7022,福州墨尔本理工职业学院,2025,福建,专科批,物理类,,,237,189479,
7023,福州软件职业技术学院,2025,福建,专科批,物理类,,,329,151594,
7024,福州英华职业学院,2025,福建,专科批,物理类,,,239,155896,
7025,福州职业技术学院,2025,福建,专科批,物理类,,,391,104965,
7026,集美工业职业学院,2025,福建,专科批,物理类,,,403,142501,
7027,湄洲湾职业技术学院,2025,福建,专科批,物理类,,,375,116681,
7028,闽北职业技术学院,2025,福建,专科批,物理类,,,359,147435,
7030,闽江师范高等专科学校,2025,福建,专科批,物理类,,,379,124699,
7031,闽西职业技术学院,2025,福建,专科批,物理类,,,348,123919,
7032,宁德职业技术学院,2025,福建,专科批,物理类,,,356,134474,
7033,泉州纺织服装职业学院,2025,福建,专科批,物理类,,,235,163357,
7034,泉州工程职业技术学院,2025,福建,专科批,物理类,,,235,160456,
7035,泉州工艺美术职业学院,2025,福建,专科批,物理类,,,359,151594,
7036,泉州海洋职业学院,2025,福建,专科批,物理类,,,340,156417,
7037,泉州华光职业学院,2025,福建,专科批,物理类,,,272,162875,
7038,泉州经贸职业技术学院,2025,福建,专科批,物理类,,,371,139272,
7039,泉州轻工职业学院,2025,福建,专科批,物理类,,,235,159482,
7041,泉州医学高等专科学校,2025,福建,专科批,物理类,,,366,69546,
7045,泉州幼儿师范高等专科学校,2025,福建,专科批,物理类,,,375,148649,
7046,三明医学科技职业学院,2025,福建,专科批,物理类,,,349,115833,
7048,武夷山职业学院,2025,福建,专科批,物理类,,,235,178164,
7050,厦门安防科技职业学院,2025,福建,专科批,物理类,,,257,157457,
7051,厦门城市职业学院,2025,福建,专科批,物理类,,,369,120746,
7052,厦门东海职业技术学院,2025,福建,专科批,物理类,,,261,153824,
7053,厦门海洋职业技术学院,2025,福建,专科批,物理类,,,380,126281,
7054,厦门华天涉外职业技术学院,2025,福建,专科批,物理类,,,262,161946,
7055,厦门南洋职业学院,2025,福建,专科批,物理类,,,236,161470,
7056,厦门软件职业技术学院,2025,福建,专科批,物理类,,,294,156961,
7057,厦门兴才职业技术学院,2025,福建,专科批,物理类,,,237,166815,
7058,厦门演艺职业学院,2025,福建,专科批,物理类,,,235,175273,
7059,漳州城市职业学院,2025,福建,专科批,物理类,,,389,135201,
7060,漳州科技职业学院,2025,福建,专科批,物理类,,,235,170456,
7062,漳州理工职业学院,2025,福建,专科批,物理类,,,320,158449,
7065,漳州卫生职业学院,2025,福建,专科批,物理类,,,377,86154,
7066,漳州职业技术学院,2025,福建,专科批,物理类,,,412,95545,
8067,安徽第二医学院,2025,福建,专科批,物理类,,,446,111729,
8069,安徽警官职业学院,2025,福建,专科批,物理类,,,439,120746,
8070,安阳职业技术学院,2025,福建,专科批,物理类,,,361,126281,
8071,巴中职业技术学院,2025,福建,专科批,物理类,,,272,151003,
8072,蚌埠经济技术职业学院,2025,福建,专科批,物理类,,,365,139937,
8073,宝鸡职业技术学院,2025,福建,专科批,物理类,,,385,146824,
8074,宝鸡中北职业学院,2025,福建,专科批,物理类,,,316,153824,
8076,北京农业职业学院,2025,福建,专科批,物理类,,,439,87828,
8077,北京培黎职业学院,2025,福建,专科批,物理类,,,361,157943,
8079,渤海船舶职业学院,2025,福建,专科批,物理类,,,402,137918,
8080,渤海理工职业学院,2025,福建,专科批,物理类,,,259,190267,
8081,长春健康职业学院,2025,福建,专科批,物理类,,,314,170456,
8083,长春医学高等专科学校,2025,福建,专科批,物理类,,,437,122336,
8084,长春早期教育职业学院,2025,福建,专科批,物理类,,,284,187676,
8085,常德职业技术学院,2025,福建,专科批,物理类,,,379,147435,
8086,长江艺术工程职业学院,2025,福建,专科批,物理类,,,250,160965,
8087,长沙航空职业技术学院,2025,福建,专科批,物理类,,,440,89467,
8088,长沙环境保护职业技术学院,2025,福建,专科批,物理类,,,382,145588,
8089,长沙民政职业技术学院,2025,福建,专科批,物理类,,,398,81945,
8090,长沙卫生职业学院,2025,福建,专科批,物理类,,,404,102421,
8091,常州工程职业技术学院,2025,福建,专科批,物理类,,,429,111729,
8092,郴州智能科技职业学院,2025,福建,专科批,物理类,,,286,179276,
8093,成都航空职业技术大学,2025,福建,专科批,物理类,,,425,93819,
8094,重庆财经职业学院,2025,福建,专科批,物理类,,,437,96446,
8095,重庆城市管理职业学院,2025,福建,专科批,物理类,,,403,109170,
8096,重庆电力高等专科学校,2025,福建,专科批,物理类,,,446,92111,
8097,重庆电子科技职业大学,2025,福建,专科批,物理类,,,402,115833,
8098,重庆工程职业技术学院,2025,福建,专科批,物理类,,,436,101574,
8099,重庆工贸职业技术学院,2025,福建,专科批,物理类,,,413,122336,
8100,重庆工商职业学院,2025,福建,专科批,物理类,,,413,128602,
8101,重庆工信职业学院,2025,福建,专科批,物理类,,,419,135848,
8102,重庆海联职业技术学院,2025,福建,专科批,物理类,,,370,146212,
8104,重庆建筑科技职业学院,2025,福建,专科批,物理类,,,357,148649,
8105,重庆交通职业学院,2025,福建,专科批,物理类,,,387,155374,
8106,重庆科技职业学院,2025,福建,专科批,物理类,,,370,154324,
8107,重庆轻工职业学院,2025,福建,专科批,物理类,,,296,154324,
8108,重庆三峡医药高等专科学校,2025,福建,专科批,物理类,,,439,88668,
8109,重庆水利电力职业技术学院,2025,福建,专科批,物理类,,,423,116681,
8110,重庆信息技术职业学院,2025,福建,专科批,物理类,,,315,155374,
8111,重庆艺术工程职业学院,2025,福建,专科批,物理类,,,348,151003,
8112,重庆医药高等专科学校,2025,福建,专科批,物理类,,,457,85345,
8113,重庆幼儿师范高等专科学校,2025,福建,专科批,物理类,,,362,167260,
8114,重庆智能工程职业学院,2025,福建,专科批,物理类,,,335,165564,
8115,楚雄医药高等专科学校,2025,福建,专科批,物理类,,,403,114226,
8116,大连职业技术学院,2025,福建,专科批,物理类,,,326,179276,
8117,大庆医学高等专科学校,2025,福建,专科批,物理类,,,361,139272,
8118,德阳城市轨道交通职业学院,2025,福建,专科批,物理类,,,360,157457,
8119,德阳农业科技职业学院,2025,福建,专科批,物理类,,,299,166815,
8120,东莞职业技术学院,2025,福建,专科批,物理类,,,424,116681,
8121,鄂州职业大学,2025,福建,专科批,物理类,,,321,141895,
8122,恩施职业技术学院,2025,福建,专科批,物理类,,,355,147435,
8123,抚州医药学院,2025,福建,专科批,物理类,,,425,119155,
8124,抚州幼儿师范高等专科学校,2025,福建,专科批,物理类,,,386,155896,
8125,抚州职业技术学院,2025,福建,专科批,物理类,,,396,145588,
8126,赣南卫生健康职业学院,2025,福建,专科批,物理类,,,393,129373,
8127,甘肃建筑职业技术学院,2025,福建,专科批,物理类,,,360,160456,
8128,赣西科技职业学院,2025,福建,专科批,物理类,,,398,149252,
8129,赣州职业技术学院,2025,福建,专科批,物理类,,,387,138543,
8130,广东工贸职业技术学院,2025,福建,专科批,物理类,,,415,138543,
8131,广东环境保护工程职业学院,2025,福建,专科批,物理类,,,380,133015,
8132,广东机电职业技术学院,2025,福建,专科批,物理类,,,410,137918,
8133,广东交通职业技术学院,2025,福建,专科批,物理类,,,410,124699,
8134,广东科学技术职业学院,2025,福建,专科批,物理类,,,419,95545,
8135,广东岭南职业技术学院,2025,福建,专科批,物理类,,,355,152707,
8136,广东茂名幼儿师范专科学校,2025,福建,专科批,物理类,,,367,165166,
8137,广东女子职业技术学院,2025,福建,专科批,物理类,,,384,145000,
8138,广东生态工程职业学院,2025,福建,专科批,物理类,,,400,108322,
8139,广东食品药品职业学院,2025,福建,专科批,物理类,,,401,135201,
8140,广东亚视演艺职业学院,2025,福建,专科批,物理类,,,249,190556,
8141,广西电力职业技术学院,2025,福建,专科批,物理类,,,410,124699,
8142,广西工业职业技术学院,2025,福建,专科批,物理类,,,376,133731,
8143,广西国际商务职业技术学院,2025,福建,专科批,物理类,,,351,143732,
8144,广西建设职业技术学院,2025,福建,专科批,物理类,,,382,157943,
8145,广西交通职业技术学院,2025,福建,专科批,物理类,,,393,140607,
8147,广西物流职业技术学院,2025,福建,专科批,物理类,,,379,155374,
8148,广西英华国际职业学院,2025,福建,专科批,物理类,,,330,178164,
8149,广西幼儿师范高等专科学校,2025,福建,专科批,物理类,,,389,151003,
8150,广西自然资源职业技术学院,2025,福建,专科批,物理类,,,363,138543,
8151,广元中核职业技术学院,2025,福建,专科批,物理类,,,408,134474,
8152,广州城市职业学院,2025,福建,专科批,物理类,,,386,117511,
8153,广州华立科技职业学院,2025,福建,专科批,物理类,,,330,128602,
8154,广州华南商贸职业学院,2025,福建,专科批,物理类,,,372,151003,
8155,广州康大职业技术学院,2025,福建,专科批,物理类,,,317,145000,
8156,广州科技贸易职业学院,2025,福建,专科批,物理类,,,410,136525,
8157,广州民航职业技术学院,2025,福建,专科批,物理类,,,435,81945,
8158,广州铁路职业技术学院,2025,福建,专科批,物理类,,,437,104060,
8159,广州卫生职业技术学院,2025,福建,专科批,物理类,,,374,99057,
8161,广州职业技术大学,2025,福建,专科批,物理类,,,374,133015,
8162,桂林生命与健康职业技术学院,2025,福建,专科批,物理类,,,309,159950,
8163,桂林信息工程职业学院,2025,福建,专科批,物理类,,,331,175585,
8164,贵州传媒职业学院,2025,福建,专科批,物理类,,,406,144375,
8165,贵州电子信息职业技术学院,2025,福建,专科批,物理类,,,359,143732,
8166,贵州工贸职业学院,2025,福建,专科批,物理类,,,302,161946,
8167,贵州航空职业技术学院,2025,福建,专科批,物理类,,,401,135848,
8168,贵州机电职业技术学院,2025,福建,专科批,物理类,,,403,131543,
8169,贵州交通职业大学,2025,福建,专科批,物理类,,,422,107492,
8170,贵州民用航空职业学院,2025,福建,专科批,物理类,,,253,176195,
8171,贵州水利水电职业技术学院,2025,福建,专科批,物理类,,,370,163813,
8172,贵州铜仁数据职业学院,2025,福建,专科批,物理类,,,276,173930,
8173,贵州应用技术职业学院,2025,福建,专科批,物理类,,,308,176494,
8174,哈尔滨传媒职业学院,2025,福建,专科批,物理类,,,290,186797,
8175,哈尔滨铁道职业技术学院,2025,福建,专科批,物理类,,,417,134474,
8176,海南东方新丝路职业学院,2025,福建,专科批,物理类,,,239,182758,
8177,海南工商职业学院,2025,福建,专科批,物理类,,,267,181828,
8178,海南软件职业技术学院,2025,福建,专科批,物理类,,,421,134474,
8179,海南外国语职业学院,2025,福建,专科批,物理类,,,367,140607,
8180,海南卫生健康职业学院,2025,福建,专科批,物理类,,,377,130836,
8181,海南职业技术学院,2025,福建,专科批,物理类,,,310,150432,
8182,汉江师范学院,2025,福建,专科批,物理类,,,362,125484,
8184,河北轨道运输职业技术学院,2025,福建,专科批,物理类,,,423,127804,
8185,河北化工医药职业技术学院,2025,福建,专科批,物理类,,,372,142501,
8186,河北交通职业技术学院,2025,福建,专科批,物理类,,,395,145000,
8187,河北能源职业技术学院,2025,福建,专科批,物理类,,,389,154324,
8188,鹤岗师范高等专科学校,2025,福建,专科批,物理类,,,369,164267,
8189,和君职业学院,2025,福建,专科批,物理类,,,329,164267,
8190,河南测绘职业学院,2025,福建,专科批,物理类,,,401,146212,
8191,河南地矿职业学院,2025,福建,专科批,物理类,,,383,144375,
8193,河南轻工职业学院,2025,福建,专科批,物理类,,,388,149825,
8194,河南推拿职业学院,2025,福建,专科批,物理类,,,434,124699,
8195,河南医学高等专科学校,2025,福建,专科批,物理类,,,392,152707,
8196,河源职业技术学院,2025,福建,专科批,物理类,,,403,136525,
8197,黑龙江建筑职业技术学院,2025,福建,专科批,物理类,,,378,139937,
8198,黑龙江交通职业技术学院,2025,福建,专科批,物理类,,,420,129373,
8199,黑龙江林业职业技术学院,2025,福建,专科批,物理类,,,332,162400,
8200,黑龙江农垦职业学院,2025,福建,专科批,物理类,,,376,159950,
8201,黑龙江生态工程职业学院,2025,福建,专科批,物理类,,,355,160456,
8202,红河卫生职业学院,2025,福建,专科批,物理类,,,364,147435,
8203,湖北财税职业学院,2025,福建,专科批,物理类,,,427,127804,
8204,湖北城市建设职业技术学院,2025,福建,专科批,物理类,,,379,142501,
8205,湖北国土资源职业学院,2025,福建,专科批,物理类,,,404,124699,
8206,湖北交通职业技术学院,2025,福建,专科批,物理类,,,405,145000,
8207,湖北科技职业学院,2025,福建,专科批,物理类,,,415,138543,
8208,湖北轻工职业技术学院,2025,福建,专科批,物理类,,,399,148649,
8209,湖北三峡职业技术学院,2025,福建,专科批,物理类,,,391,124699,
8210,湖北生态工程职业技术学院,2025,福建,专科批,物理类,,,356,135201,
8211,湖北生物科技职业学院,2025,福建,专科批,物理类,,,399,120746,
8212,湖北水利水电职业技术学院,2025,福建,专科批,物理类,,,417,131543,
8213,湖北铁道运输职业学院,2025,福建,专科批,物理类,,,406,119965,
8215,湖北幼儿师范高等专科学校,2025,福建,专科批,物理类,,,373,155374,
8216,湖北职业技术学院,2025,福建,专科批,物理类,,,395,122336,
8217,湖北中医药高等专科学校,2025,福建,专科批,物理类,,,398,104965,
8218,湖南安全技术职业学院,2025,福建,专科批,物理类,,,383,138543,
8219,湖南财经工业职业技术学院,2025,福建,专科批,物理类,,,398,133731,
8220,湖南城建职业技术学院,2025,福建,专科批,物理类,,,383,157457,
8221,湖南大众传媒职业技术学院,2025,福建,专科批,物理类,,,415,92964,
8222,湖南电气职业技术学院,2025,福建,专科批,物理类,,,387,146212,
8223,湖南都市职业学院,2025,福建,专科批,物理类,,,283,176494,
8224,湖南高尔夫旅游职业学院,2025,福建,专科批,物理类,,,331,177866,
8225,湖南高速铁路职业技术学院,2025,福建,专科批,物理类,,,423,87828,
8226,湖南工程职业技术学院,2025,福建,专科批,物理类,,,383,124699,
8227,湖南工业职业技术学院,2025,福建,专科批,物理类,,,434,123136,
8230,湖南化工职业技术学院,2025,福建,专科批,物理类,,,403,125484,
8231,湖南环境生物职业技术学院,2025,福建,专科批,物理类,,,386,137243,
8232,湖南机电职业技术学院,2025,福建,专科批,物理类,,,391,153255,
8233,湖南交通职业技术学院,2025,福建,专科批,物理类,,,416,137918,
8234,湖南科技职业学院,2025,福建,专科批,物理类,,,423,133015,
8235,湖南商务职业技术学院,2025,福建,专科批,物理类,,,375,140607,
8236,湖南石油化工职业技术学院,2025,福建,专科批,物理类,,,411,120746,
8237,湖南司法警官职业学院,2025,福建,专科批,物理类,,,398,140607,
8238,湖南体育职业学院,2025,福建,专科批,物理类,,,347,172924,
8239,湖南铁道职业技术学院,2025,福建,专科批,物理类,,,428,93819,
8240,湖南外国语职业学院,2025,福建,专科批,物理类,,,335,176786,
8241,湖南信息职业技术学院,2025,福建,专科批,物理类,,,431,123919,
8242,湖南邮电职业技术学院,2025,福建,专科批,物理类,,,416,137918,
8243,湖南有色金属职业技术学院,2025,福建,专科批,物理类,,,417,137243,
8244,黄冈科技职业学院,2025,福建,专科批,物理类,,,315,167662,
8246,吉安职业技术学院,2025,福建,专科批,物理类,,,383,137918,
8247,吉林司法警官职业学院,2025,福建,专科批,物理类,,,410,141895,
8248,吉林铁道职业技术大学,2025,福建,专科批,物理类,,,390,120746,
8249,建东职业技术学院,2025,福建,专科批,物理类,,,298,179811,
8250,江海职业技术学院,2025,福建,专科批,物理类,,,369,161470,
8252,江门职业技术学院,2025,福建,专科批,物理类,,,362,119965,
8253,江苏电子信息职业学院,2025,福建,专科批,物理类,,,441,110007,
8254,江苏海事职业技术学院,2025,福建,专科批,物理类,,,477,88668,
8255,江苏护理职业学院,2025,福建,专科批,物理类,,,407,119965,
8256,江苏旅游职业学院,2025,福建,专科批,物理类,,,406,127804,
8257,江苏农牧科技职业学院,2025,福建,专科批,物理类,,,416,107492,
8258,江苏商贸职业学院,2025,福建,专科批,物理类,,,436,103242,
8259,江苏食品药品职业技术学院,2025,福建,专科批,物理类,,,411,135201,
8261,江苏医药职业学院,2025,福建,专科批,物理类,,,413,130113,
8262,江西财经职业学院,2025,福建,专科批,物理类,,,416,123136,
8263,江西传媒职业学院,2025,福建,专科批,物理类,,,381,148649,
8264,江西电力职业技术学院,2025,福建,专科批,物理类,,,457,92111,
8265,江西工程职业学院,2025,福建,专科批,物理类,,,403,136525,
8266,江西工商职业技术学院,2025,福建,专科批,物理类,,,359,154841,
8267,江西工业工程职业技术学院,2025,福建,专科批,物理类,,,403,143732,
8268,江西工业贸易职业技术学院,2025,福建,专科批,物理类,,,373,136525,
8269,江西工业职业技术学院,2025,福建,专科批,物理类,,,380,141895,
8270,江西航空职业技术学院,2025,福建,专科批,物理类,,,359,141212,
8271,江西洪州职业学院,2025,福建,专科批,物理类,,,373,151594,
8272,江西环境工程职业学院,2025,福建,专科批,物理类,,,374,129373,
8273,江西机电职业技术学院,2025,福建,专科批,物理类,,,410,114226,
8274,江西建设职业技术学院,2025,福建,专科批,物理类,,,374,121526,
8275,江西交通职业技术学院,2025,福建,专科批,物理类,,,423,126281,
8276,江西科技职业学院,2025,福建,专科批,物理类,,,383,145588,
8277,江西旅游商贸职业学院,2025,福建,专科批,物理类,,,395,134474,
8278,江西农业工程职业学院,2025,福建,专科批,物理类,,,374,123136,
8279,江西生物科技职业学院,2025,福建,专科批,物理类,,,431,81079,
8280,江西师范高等专科学校,2025,福建,专科批,物理类,,,401,137243,
8281,江西水利职业学院,2025,福建,专科批,物理类,,,415,123136,
8282,江西司法警官职业学院,2025,福建,专科批,物理类,,,401,130836,
8283,江西泰豪动漫职业学院,2025,福建,专科批,物理类,,,286,165564,
8286,江西婺源茶业职业学院,2025,福建,专科批,物理类,,,378,155374,
8287,江西现代职业技术学院,2025,福建,专科批,物理类,,,410,133015,
8288,江西信息应用职业技术学院,2025,福建,专科批,物理类,,,396,150432,
8290,江西医学高等专科学校,2025,福建,专科批,物理类,,,380,141895,
8291,江西应用技术职业学院,2025,福建,专科批,物理类,,,365,85345,
8292,江西樟树中医药职业学院,2025,福建,专科批,物理类,,,400,147435,
8293,江西制造职业技术学院,2025,福建,专科批,物理类,,,408,127014,
8294,焦作大学,2025,福建,专科批,物理类,,,418,136525,
8295,金华职业技术大学,2025,福建,专科批,物理类,,,457,77780,
8296,景德镇陶瓷职业技术学院,2025,福建,专科批,物理类,,,310,176494,
8297,荆门职业学院,2025,福建,专科批,物理类,,,389,102421,
8298,荆州理工职业学院,2025,福建,专科批,物理类,,,378,143732,
8299,荆州职业技术学院,2025,福建,专科批,物理类,,,382,156961,
8300,九江职业大学,2025,福建,专科批,物理类,,,354,117511,
8301,酒泉职业技术大学,2025,福建,专科批,物理类,,,396,137918,
8302,喀什职业技术学院,2025,福建,专科批,物理类,,,356,130113,
8303,开封大学,2025,福建,专科批,物理类,,,431,107492,
8304,昆明卫生职业学院,2025,福建,专科批,物理类,,,414,129373,
8307,廊坊卫生职业学院,2025,福建,专科批,物理类,,,393,149252,
8308,廊坊职业技术学院,2025,福建,专科批,物理类,,,342,157943,
8309,丽水职业技术学院,2025,福建,专科批,物理类,,,431,123136,
8310,连云港职业技术学院,2025,福建,专科批,物理类,,,436,123136,
8311,辽宁机电职业技术学院,2025,福建,专科批,物理类,,,400,145000,
8313,辽宁铁道职业技术学院,2025,福建,专科批,物理类,,,412,125484,
8314,临汾职业技术学院,2025,福建,专科批,物理类,,,360,130836,
8316,柳州铁道职业技术学院,2025,福建,专科批,物理类,,,422,127804,
8317,泸州医疗器械职业学院,2025,福建,专科批,物理类,,,382,156417,
8318,泸州职业技术学院,2025,福建,专科批,物理类,,,422,133731,
8319,漯河医学高等专科学校,2025,福建,专科批,物理类,,,358,122336,
8320,漯河职业技术学院,2025,福建,专科批,物理类,,,362,145000,
8321,茂名职业技术学院,2025,福建,专科批,物理类,,,394,140607,
8322,眉山药科职业学院,2025,福建,专科批,物理类,,,329,172607,
8323,绵阳飞行职业学院,2025,福建,专科批,物理类,,,271,176786,
8324,民办四川天一学院,2025,福建,专科批,物理类,,,318,165564,
8325,南昌健康职业技术学院,2025,福建,专科批,物理类,,,391,140607,
8327,南京科技职业学院,2025,福建,专科批,物理类,,,436,102421,
8329,南京铁道职业技术学院,2025,福建,专科批,物理类,,,436,71202,
8330,南京信息职业技术学院,2025,福建,专科批,物理类,,,470,86939,
8331,南通师范高等专科学校,2025,福建,专科批,物理类,,,397,143732,
8332,宁波城市职业技术学院,2025,福建,专科批,物理类,,,434,111729,
8334,盘锦职业技术学院,2025,福建,专科批,物理类,,,378,159950,
8335,攀枝花攀西职业学院,2025,福建,专科批,物理类,,,355,167260,
8336,萍乡卫生职业学院,2025,福建,专科批,物理类,,,392,141895,
8337,濮阳石油化工职业技术学院,2025,福建,专科批,物理类,,,356,153255,
8338,黔东南民族职业技术学院,2025,福建,专科批,物理类,,,393,124699,
8340,黔西南民族职业技术学院,2025,福建,专科批,物理类,,,374,146824,
8341,钦州幼儿师范高等专科学校,2025,福建,专科批,物理类,,,250,167260,
8342,青岛港湾职业技术学院,2025,福建,专科批,物理类,,,405,101574,
8343,青岛航空科技职业学院,2025,福建,专科批,物理类,,,368,160965,
8344,青岛酒店管理职业技术学院,2025,福建,专科批,物理类,,,399,148649,
8345,曲靖健康医学院,2025,福建,专科批,物理类,,,422,133731,
8346,衢州职业技术学院,2025,福建,专科批,物理类,,,414,127804,
8347,日照航海工程职业学院,2025,福建,专科批,物理类,,,352,171175,
8348,三峡电力职业学院,2025,福建,专科批,物理类,,,435,123919,
8349,三亚航空旅游职业学院,2025,福建,专科批,物理类,,,246,145000,
8350,三亚护理职业学院,2025,福建,专科批,物理类,,,235,182546,
8351,三亚理工职业学院,2025,福建,专科批,物理类,,,367,165166,
8352,三亚中瑞酒店管理职业学院,2025,福建,专科批,物理类,,,262,161470,
8354,山东工程职业技术大学,2025,福建,专科批,物理类,,,322,180365,
8355,山东化工职业学院,2025,福建,专科批,物理类,,,386,155896,
8357,山东力明科技职业学院,2025,福建,专科批,物理类,,,392,133731,
8358,山东铝业职业学院,2025,福建,专科批,物理类,,,386,152153,
8359,山东水利职业学院,2025,福建,专科批,物理类,,,420,125484,
8362,山东信息职业技术学院,2025,福建,专科批,物理类,,,383,135201,
8363,山东畜牧兽医职业学院,2025,福建,专科批,物理类,,,430,127804,
8364,山东药品食品职业学院,2025,福建,专科批,物理类,,,382,108322,
8365,山东职业学院,2025,福建,专科批,物理类,,,394,110888,
8368,陕西交通职业技术学院,2025,福建,专科批,物理类,,,405,126281,
8369,陕西旅游烹饪职业学院,2025,福建,专科批,物理类,,,384,156961,
8370,陕西铁路工程职业技术学院,2025,福建,专科批,物理类,,,430,119965,
8372,陕西职业技术学院,2025,福建,专科批,物理类,,,400,148073,
8373,上海邦德职业技术学院,2025,福建,专科批,物理类,,,368,152707,
8374,上海城建职业学院,2025,福建,专科批,物理类,,,408,101574,
8375,上海出版印刷高等专科学校,2025,福建,专科批,物理类,,,422,114226,
8377,上海电子信息职业技术学院,2025,福建,专科批,物理类,,,452,91278,
8378,上海东海职业技术学院,2025,福建,专科批,物理类,,,391,153255,
8379,上海工商外国语职业学院,2025,福建,专科批,物理类,,,351,171538,
8380,上海工商职业技术学院,2025,福建,专科批,物理类,,,391,153255,
8381,上海工艺美术职业学院,2025,福建,专科批,物理类,,,431,97377,
8382,上海济光职业技术学院,2025,福建,专科批,物理类,,,402,141212,
8383,上海建设管理职业技术学院,2025,福建,专科批,物理类,,,376,137918,
8384,上海交通职业技术学院,2025,福建,专科批,物理类,,,412,132293,
8385,上海科学技术职业学院,2025,福建,专科批,物理类,,,417,109170,
8386,上海旅游高等专科学校,2025,福建,专科批,物理类,,,430,119965,
8387,上海民航职业技术学院,2025,福建,专科批,物理类,,,420,112582,
8388,上海民远职业技术学院,2025,福建,专科批,物理类,,,384,146212,
8389,上海南湖职业技术学院,2025,福建,专科批,物理类,,,407,124699,
8390,上海农林职业技术学院,2025,福建,专科批,物理类,,,417,120746,
8391,上海浦东职业技术学院,2025,福建,专科批,物理类,,,424,123919,
8392,上海思博职业技术学院,2025,福建,专科批,物理类,,,396,150432,
8393,上海行健职业学院,2025,福建,专科批,物理类,,,416,137918,
8394,上海震旦职业学院,2025,福建,专科批,物理类,,,377,148649,
8395,商洛职业技术学院,2025,福建,专科批,物理类,,,404,145588,
8396,商丘医学高等专科学校,2025,福建,专科批,物理类,,,407,124699,
8397,上饶卫生健康职业学院,2025,福建,专科批,物理类,,,391,150432,
8398,上饶幼儿师范高等专科学校,2025,福建,专科批,物理类,,,390,153824,
8399,上饶职业技术学院,2025,福建,专科批,物理类,,,350,139272,
8401,深圳信息职业技术大学,2025,福建,专科批,物理类,,,465,83635,
8402,深圳职业技术大学,2025,福建,专科批,物理类,,,478,62571,
8403,石家庄科技信息职业学院,2025,福建,专科批,物理类,,,373,148649,
8404,石家庄人民医学高等专科学校,2025,福建,专科批,物理类,,,379,125484,
8405,石家庄铁路职业技术学院,2025,福建,专科批,物理类,,,435,99057,
8406,石家庄医学高等专科学校,2025,福建,专科批,物理类,,,355,130836,
8407,石家庄邮电职业技术学院,2025,福建,专科批,物理类,,,438,77780,
8408,四川长江职业学院,2025,福建,专科批,物理类,,,348,141212,
8409,四川城市职业学院,2025,福建,专科批,物理类,,,344,162875,
8410,四川电子机械职业技术学院,2025,福建,专科批,物理类,,,297,162400,
8411,四川国际标榜职业学院,2025,福建,专科批,物理类,,,354,170456,
8412,四川航天职业技术学院,2025,福建,专科批,物理类,,,450,111729,
8413,四川建筑职业技术学院,2025,福建,专科批,物理类,,,410,139937,
8414,四川交通职业技术学院,2025,福建,专科批,物理类,,,430,127804,
8415,四川科技职业学院,2025,福建,专科批,物理类,,,355,157943,
8416,四川汽车职业技术学院,2025,福建,专科批,物理类,,,326,170830,
8417,四川司法警官职业学院,2025,福建,专科批,物理类,,,435,123919,
8418,四川铁道职业学院,2025,福建,专科批,物理类,,,428,119965,
8419,四川托普信息技术职业学院,2025,福建,专科批,物理类,,,350,167260,
8420,四川卫生康复职业学院,2025,福建,专科批,物理类,,,392,135848,
8421,四川文化产业职业学院,2025,福建,专科批,物理类,,,394,135848,
8422,四川文化传媒职业学院,2025,福建,专科批,物理类,,,257,166006,
8423,四川文轩职业学院,2025,福建,专科批,物理类,,,253,180109,
8424,四川西南航空职业学院,2025,福建,专科批,物理类,,,294,145000,
8425,四川希望汽车职业学院,2025,福建,专科批,物理类,,,269,180856,
8426,四川现代职业学院,2025,福建,专科批,物理类,,,339,160456,
8427,四川应用技术职业学院,2025,福建,专科批,物理类,,,277,176494,
8429,四川职业技术学院,2025,福建,专科批,物理类,,,352,148073,
8430,四川中医药高等专科学校,2025,福建,专科批,物理类,,,414,99902,
8431,宿迁职业技术学院,2025,福建,专科批,物理类,,,373,145588,
8432,苏州百年职业学院,2025,福建,专科批,物理类,,,282,170456,
8434,苏州工业园区服务外包职业学院,2025,福建,专科批,物理类,,,430,127804,
8435,苏州工业职业技术学院,2025,福建,专科批,物理类,,,428,105800,
8437,苏州卫生职业技术学院,2025,福建,专科批,物理类,,,430,116681,
8438,苏州职业技术大学,2025,福建,专科批,物理类,,,468,92964,
8439,遂宁职业学院,2025,福建,专科批,物理类,,,317,171538,
8441,太原幼儿师范高等专科学校,2025,福建,专科批,物理类,,,341,171892,
8443,唐山幼儿师范高等专科学校,2025,福建,专科批,物理类,,,364,145588,
8444,天府新区航空旅游职业学院,2025,福建,专科批,物理类,,,271,172607,
8445,天府新区信息职业学院,2025,福建,专科批,物理类,,,239,184172,
8446,天津城市建设管理职业技术学院,2025,福建,专科批,物理类,,,417,127014,
8447,天津城市职业学院,2025,福建,专科批,物理类,,,426,130836,
8448,天津电子信息职业技术学院,2025,福建,专科批,物理类,,,439,119155,
8450,天津国土资源和房屋职业学院,2025,福建,专科批,物理类,,,369,151594,
8451,天津海运职业学院,2025,福建,专科批,物理类,,,404,135848,
8452,天津交通职业学院,2025,福建,专科批,物理类,,,426,130836,
8453,天津轻工职业技术学院,2025,福建,专科批,物理类,,,439,120746,
8454,天津商务职业学院,2025,福建,专科批,物理类,,,327,130113,
8456,天津市职业大学,2025,福建,专科批,物理类,,,456,97377,
8458,天津铁道职业技术学院,2025,福建,专科批,物理类,,,383,115031,
8459,天津现代职业技术学院,2025,福建,专科批,物理类,,,364,119965,
8461,天津医学高等专科学校,2025,福建,专科批,物理类,,,359,136525,
8462,铜仁职业技术大学,2025,福建,专科批,物理类,,,394,97377,
8463,吐鲁番职业技术学院,2025,福建,专科批,物理类,,,341,158961,
8466,温州科技职业学院,2025,福建,专科批,物理类,,,412,112582,
8467,温州职业技术学院,2025,福建,专科批,物理类,,,429,123136,
8468,武昌职业学院,2025,福建,专科批,物理类,,,356,169664,
8469,武汉城市职业学院,2025,福建,专科批,物理类,,,433,94712,
8470,武汉船舶职业技术学院,2025,福建,专科批,物理类,,,440,114226,
8471,武汉工程职业技术学院,2025,福建,专科批,物理类,,,359,119965,
8472,武汉交通职业学院,2025,福建,专科批,物理类,,,369,133015,
8473,武汉警官职业学院,2025,福建,专科批,物理类,,,396,121526,
8474,武汉软件工程职业学院,2025,福建,专科批,物理类,,,461,93819,
8475,武汉铁路桥梁职业学院,2025,福建,专科批,物理类,,,404,133731,
8476,武汉铁路职业技术学院,2025,福建,专科批,物理类,,,422,87828,
8477,武汉信息传播职业技术学院,2025,福建,专科批,物理类,,,346,137918,
8478,梧州职业学院,2025,福建,专科批,物理类,,,351,153255,
8479,西安海棠职业学院,2025,福建,专科批,物理类,,,253,152153,
8480,西安航空职业技术学院,2025,福建,专科批,物理类,,,443,105800,
8481,西安汽车职业大学,2025,福建,专科批,物理类,,,392,146824,
8482,西安铁路职业技术学院,2025,福建,专科批,物理类,,,434,122336,
8483,西藏职业技术学院,2025,福建,专科批,物理类,,,374,159950,
8484,咸宁职业技术学院,2025,福建,专科批,物理类,,,372,157457,
8485,仙桃职业学院,2025,福建,专科批,物理类,,,386,140607,
8486,湘潭医卫职业技术学院,2025,福建,专科批,物理类,,,363,125484,
8487,襄阳汽车职业技术学院,2025,福建,专科批,物理类,,,376,137243,
8488,新疆科技职业技术学院,2025,福建,专科批,物理类,,,345,164267,
8489,新疆生产建设兵团兴新职业技术学院,2025,福建,专科批,物理类,,,396,105800,
8490,新疆司法警官职业学院,2025,福建,专科批,物理类,,,397,144375,
8491,信阳职业技术学院,2025,福建,专科批,物理类,,,343,134474,
8492,邢台医学院,2025,福建,专科批,物理类,,,402,129373,
8493,雅安职业技术学院,2025,福建,专科批,物理类,,,378,129373,
8494,盐城幼儿师范高等专科学校,2025,福建,专科批,物理类,,,384,136525,
8495,炎黄职业技术学院,2025,福建,专科批,物理类,,,384,156961,
8496,烟台黄金职业学院,2025,福建,专科批,物理类,,,350,171892,
8497,扬州中瑞酒店职业学院,2025,福建,专科批,物理类,,,284,187676,
8498,宜宾职业技术学院,2025,福建,专科批,物理类,,,404,145588,
8499,宜春幼儿师范高等专科学校,2025,福建,专科批,物理类,,,383,151003,
8500,宜春职业技术学院,2025,福建,专科批,物理类,,,404,133015,
8502,益阳医学高等专科学校,2025,福建,专科批,物理类,,,408,101574,
8503,益阳职业技术学院,2025,福建,专科批,物理类,,,393,138543,
8504,永州职业技术学院,2025,福建,专科批,物理类,,,399,124699,
8505,岳阳职业技术学院,2025,福建,专科批,物理类,,,329,128602,
8506,云南国土资源职业学院,2025,福建,专科批,物理类,,,388,145588,
8507,云南经贸外事职业学院,2025,福建,专科批,物理类,,,284,178735,
8508,云南理工职业学院,2025,福建,专科批,物理类,,,277,165564,
8509,云南林业职业技术学院,2025,福建,专科批,物理类,,,381,136525,
8510,云南三鑫职业技术学院,2025,福建,专科批,物理类,,,264,174593,
8511,云南商务职业学院,2025,福建,专科批,物理类,,,288,183388,
8512,云南医药健康职业学院,2025,福建,专科批,物理类,,,393,128602,
8513,枣庄科技职业学院,2025,福建,专科批,物理类,,,317,156961,
8514,枣庄职业学院,2025,福建,专科批,物理类,,,331,125484,
8515,张家界航空工业职业技术学院,2025,福建,专科批,物理类,,,397,127804,
8516,浙江工商职业技术学院,2025,福建,专科批,物理类,,,444,93819,
8517,浙江机电职业技术大学,2025,福建,专科批,物理类,,,465,76112,
8518,浙江建设职业技术学院,2025,福建,专科批,物理类,,,429,99902,
8520,浙江金融职业学院,2025,福建,专科批,物理类,,,471,90360,
8521,浙江经济职业技术学院,2025,福建,专科批,物理类,,,461,99902,
8522,浙江经贸职业技术学院,2025,福建,专科批,物理类,,,446,96446,
8523,浙江旅游职业学院,2025,福建,专科批,物理类,,,442,109170,
8524,浙江农业商贸职业学院,2025,福建,专科批,物理类,,,416,137918,
8525,浙江同济科技职业学院,2025,福建,专科批,物理类,,,447,101574,
8526,浙江邮电职业技术学院,2025,福建,专科批,物理类,,,456,105800,
8527,镇江市高等专科学校,2025,福建,专科批,物理类,,,386,137243,
8529,珠海艺术职业学院,2025,福建,专科批,物理类,,,322,180365,
8530,自贡职业技术学院,2025,福建,专科批,物理类,,,283,167662,
8531,资阳环境科技职业学院,2025,福建,专科批,物理类,,,353,158961,
8532,资阳口腔职业学院,2025,福建,专科批,物理类,,,335,149825,
8533,遵义医药高等专科学校,2025,福建,专科批,物理类,,,405,145000,
8306,兰州资源环境职业技术大学,2025,福建,专科提前批,物理类,（999）,,424,129373,
1004,福建江夏学院,2025,福建,本科批,物理类,（999）,,484,41729,
1004,福建江夏学院,2025,福建,本科批,物理类,（500）,,514,47532,
1013,福建警察学院,2025,福建,本科批,物理类,（999）,,521,41148,
1013,福建警察学院,2025,福建,本科批,物理类,（500）,,524,51599,
1056,福建商学院,2025,福建,本科批,物理类,（999）,,495,50184,
1056,福建商学院,2025,福建,本科批,物理类,（500）,,499,60283,
1100,福州大学至诚学院,2025,福建,本科批,物理类,（999）,,481,84464,
1100,福州大学至诚学院,2025,福建,本科批,物理类,（500）,,480,70339,
1103,福州外语外贸学院,2025,福建,本科批,物理类,（999）,,438,98212,
1103,福州外语外贸学院,2025,福建,本科批,物理类,（500）,,438,106608,
1105,华侨大学,2025,福建,本科批,物理类,（999）,,527,26218,
1105,华侨大学,2025,福建,本科批,物理类,（500）,,566,19899,
1114,集美大学诚毅学院,2025,福建,本科批,物理类,（999）,,482,69546,
1114,集美大学诚毅学院,2025,福建,本科批,物理类,（500）,,479,77780,
1116,黎明职业大学,2025,福建,本科批,物理类,（999）,,494,70339,
1119,龙岩学院,2025,福建,本科批,物理类,（999）,,492,55877,
1119,龙岩学院,2025,福建,本科批,物理类,（500）,,492,55133,
1127,闽南理工学院,2025,福建,本科批,物理类,（999）,,443,105800,
1127,闽南理工学院,2025,福建,本科批,物理类,（500）,,450,98212,
1156,三明学院,2025,福建,本科批,物理类,（999）,,486,64125,
1156,三明学院,2025,福建,本科批,物理类,（500）,,468,60283,
1175,厦门工学院,2025,福建,本科批,物理类,（999）,,432,99902,
1175,厦门工学院,2025,福建,本科批,物理类,（500）,,435,109170,
1189,仰恩大学,2025,福建,本科批,物理类,（999）,,466,87828,
1189,仰恩大学,2025,福建,本科批,物理类,（500）,,469,90360,
2192,安徽财经大学,2025,福建,本科批,物理类,（999）,,524,31880,
2192,安徽财经大学,2025,福建,本科批,物理类,（500）,,547,31329,
2202,安徽农业大学,2025,福建,本科批,物理类,（999）,,535,36213,
2202,安徽农业大学,2025,福建,本科批,物理类,（500）,,501,31880,
2203,安徽师范大学,2025,福建,本科批,物理类,（999）,,519,44918,
2203,安徽师范大学,2025,福建,本科批,物理类,（500）,,523,44918,
2207,安徽医科大学,2025,福建,本科批,物理类,（999）,,517,46183,
2207,安徽医科大学,2025,福建,本科批,物理类,（500）,,523,31880,
2210,安徽中医药大学,2025,福建,本科批,物理类,（999）,,496,47532,
2210,安徽中医药大学,2025,福建,本科批,物理类,（500）,,520,45540,
2211,安康学院,2025,福建,本科批,物理类,（500）,,487,80259,
2213,安庆师范大学,2025,福建,本科批,物理类,（500）,,492,76112,
2214,鞍山师范学院,2025,福建,本科批,物理类,（999）,,536,43666,
2214,鞍山师范学院,2025,福建,本科批,物理类,（500）,,493,71202,
2214,鞍山师范学院,2025,福建,本科批,物理类,（700）,,502,67989,
2215,安顺学院,2025,福建,本科批,物理类,（999）,,496,72818,
2215,安顺学院,2025,福建,本科批,物理类,（500）,,495,68791,
2217,安阳工学院,2025,福建,本科批,物理类,（999）,,470,94712,
2217,安阳工学院,2025,福建,本科批,物理类,（500）,,466,61799,
2221,百色学院,2025,福建,本科批,物理类,（999）,,493,75303,
2221,百色学院,2025,福建,本科批,物理类,（500）,,489,73670,
2222,蚌埠工商学院,2025,福建,本科批,物理类,（999）,,481,81079,
2223,蚌埠学院,2025,福建,本科批,物理类,（999）,,501,68791,
2223,蚌埠学院,2025,福建,本科批,物理类,（500）,,499,70339,
2227,宝鸡文理学院,2025,福建,本科批,物理类,（500）,,497,69546,
2229,北部湾大学,2025,福建,本科批,物理类,（999）,,510,61799,
2229,北部湾大学,2025,福建,本科批,物理类,（500）,,491,50881,
2235,北华大学,2025,福建,本科批,物理类,（999）,,487,67989,
2235,北华大学,2025,福建,本科批,物理类,（500）,,494,50184,
2235,北华大学,2025,福建,本科批,物理类,（516）,,547,36813,
2238,北华航天工业学院,2025,福建,本科批,物理类,（999）,,502,56618,
2238,北华航天工业学院,2025,福建,本科批,物理类,（500）,,521,41729,
2241,北京大学医学部,2025,福建,本科批,物理类,（999）,,670,458,
2241,北京大学医学部,2025,福建,本科批,物理类,（500）,,667,46,
2248,北京服装学院,2025,福建,本科批,物理类,（500）,,559,30293,
2249,北京工商大学,2025,福建,本科批,物理类,（500）,,561,24825,
2251,北京工业大学,2025,福建,本科批,物理类,（999）,,579,20738,
2251,北京工业大学,2025,福建,本科批,物理类,（500）,,620,6705,
2256,北京化工大学,2025,福建,本科批,物理类,（500）,,583,7421,
2260,北京建筑大学,2025,福建,本科批,物理类,（999）,,566,26736,
2260,北京建筑大学,2025,福建,本科批,物理类,（500）,,556,19062,
2270,北京科技大学,2025,福建,本科批,物理类,（999）,,620,6942,
2270,北京科技大学,2025,福建,本科批,物理类,（500）,,622,3702,
2275,北京联合大学,2025,福建,本科批,物理类,（500）,,573,19495,
2275,北京联合大学,2025,福建,本科批,物理类,（900）,,562,28701,
2280,北京林业大学,2025,福建,本科批,物理类,（999）,,589,10504,
2280,北京林业大学,2025,福建,本科批,物理类,（500）,,573,9599,
2280,北京林业大学,2025,福建,本科批,物理类,（900）,,593,15145,
2280,北京林业大学,2025,福建,本科批,物理类,（600）,,594,14801,
2286,北京石油化工学院,2025,福建,本科批,物理类,（500）,,553,32905,
2287,北京体育大学,2025,福建,本科批,物理类,（999）,,541,13078,
2287,北京体育大学,2025,福建,本科批,物理类,（500）,,593,14801,
2289,北京外国语大学,2025,福建,本科批,物理类,（999）,,613,6019,
2289,北京外国语大学,2025,福建,本科批,物理类,（500）,,619,6240,
2289,北京外国语大学,2025,福建,本科批,物理类,（700）,,609,9900,
2293,北京物资学院,2025,福建,本科批,物理类,（500）,,548,30799,
2298,北京邮电大学,2025,福建,本科批,物理类,（500）,,603,1271,
2304,北京中医药大学,2025,福建,本科批,物理类,（999）,,595,6705,
2304,北京中医药大学,2025,福建,本科批,物理类,（500）,,594,1453,
2307,滨州医学院,2025,福建,本科批,物理类,（500）,,514,48168,
2320,长春大学,2025,福建,本科批,物理类,（999）,,456,53007,
2320,长春大学,2025,福建,本科批,物理类,（500）,,474,48837,
2321,长春大学旅游学院,2025,福建,本科批,物理类,（999）,,433,113439,
2321,长春大学旅游学院,2025,福建,本科批,物理类,（500）,,452,108322,
2323,长春工程学院,2025,福建,本科批,物理类,（999）,,479,86154,
2323,长春工程学院,2025,福建,本科批,物理类,（500）,,460,49465,
2325,长春工业大学,2025,福建,本科批,物理类,（999）,,511,50881,
2325,长春工业大学,2025,福建,本科批,物理类,（500）,,496,31880,
2328,长春光华学院,2025,福建,本科批,物理类,（999）,,457,105800,
2328,长春光华学院,2025,福建,本科批,物理类,（500）,,448,105800,
2329,长春建筑学院,2025,福建,本科批,物理类,（999）,,434,118298,
2329,长春建筑学院,2025,福建,本科批,物理类,（500）,,441,95545,
2330,长春科技学院,2025,福建,本科批,物理类,（999）,,475,90360,
2330,长春科技学院,2025,福建,本科批,物理类,（500）,,453,104965,
2333,长春理工大学,2025,福建,本科批,物理类,（999）,,528,46854,
2333,长春理工大学,2025,福建,本科批,物理类,（500）,,504,15883,
2334,长春汽车职业技术大学,2025,福建,本科批,物理类,（999）,,498,61799,
2335,长春人文学院,2025,福建,本科批,物理类,（999）,,437,122336,
2335,长春人文学院,2025,福建,本科批,物理类,（500）,,469,95545,
2336,长春师范大学,2025,福建,本科批,物理类,（999）,,494,71202,
2336,长春师范大学,2025,福建,本科批,物理类,（500）,,517,43666,
2336,长春师范大学,2025,福建,本科批,物理类,（900）,,521,53711,
2337,长春中医药大学,2025,福建,本科批,物理类,（999）,,542,34510,
2337,长春中医药大学,2025,福建,本科批,物理类,（500）,,553,33405,
2345,长沙理工大学,2025,福建,本科批,物理类,（999）,,557,19899,
2345,长沙理工大学,2025,福建,本科批,物理类,（500）,,559,15507,
2347,长沙学院,2025,福建,本科批,物理类,（500）,,527,41729,
2349,长治学院,2025,福建,本科批,物理类,（999）,,490,76979,
2349,长治学院,2025,福建,本科批,物理类,（500）,,488,73670,
2350,长治医学院,2025,福建,本科批,物理类,（999）,,498,71202,
2350,长治医学院,2025,福建,本科批,物理类,（500）,,517,44918,
2350,长治医学院,2025,福建,本科批,物理类,（600）,,503,59514,
2351,常州大学,2025,福建,本科批,物理类,（999）,,545,37957,
2351,常州大学,2025,福建,本科批,物理类,（500）,,549,20313,
2353,常州工学院,2025,福建,本科批,物理类,（999）,,514,57330,
2353,常州工学院,2025,福建,本科批,物理类,（500）,,522,50185,
2354,承德医学院,2025,福建,本科批,物理类,（500）,,547,36813,
2354,承德医学院,2025,福建,本科批,物理类,（600）,,503,67246,
2358,成都东软学院,2025,福建,本科批,物理类,（999）,,472,91278,
2358,成都东软学院,2025,福建,本科批,物理类,（500）,,473,87828,
2360,成都锦城学院,2025,福建,本科批,物理类,（999）,,476,78616,
2360,成都锦城学院,2025,福建,本科批,物理类,（500）,,482,78616,
2363,成都师范学院,2025,福建,本科批,物理类,（999）,,518,55877,
2363,成都师范学院,2025,福建,本科批,物理类,（500）,,511,60283,
2371,成都银杏酒店管理学院,2025,福建,本科批,物理类,（999）,,459,102421,
2371,成都银杏酒店管理学院,2025,福建,本科批,物理类,（600）,,457,105800,
2372,成都中医药大学,2025,福建,本科批,物理类,（999）,,587,13078,
2372,成都中医药大学,2025,福建,本科批,物理类,（500）,,520,32381,
2375,池州学院,2025,福建,本科批,物理类,（500）,,504,64125,
2376,重庆财经学院,2025,福建,本科批,物理类,（999）,,504,66452,
2376,重庆财经学院,2025,福建,本科批,物理类,（500）,,484,72041,
2382,重庆第二师范学院,2025,福建,本科批,物理类,（999）,,502,67246,
2382,重庆第二师范学院,2025,福建,本科批,物理类,（500）,,519,54409,
2384,重庆工程学院,2025,福建,本科批,物理类,（999）,,490,77780,
2384,重庆工程学院,2025,福建,本科批,物理类,（500）,,489,72818,
2385,重庆工商大学,2025,福建,本科批,物理类,（999）,,529,28209,
2385,重庆工商大学,2025,福建,本科批,物理类,（500）,,543,32382,
2385,重庆工商大学,2025,福建,本科批,物理类,（600）,,522,52279,
2389,重庆科技大学,2025,福建,本科批,物理类,（999）,,525,46183,
2389,重庆科技大学,2025,福建,本科批,物理类,（500）,,536,35614,
2390,重庆理工大学,2025,福建,本科批,物理类,（999）,,554,28701,
2390,重庆理工大学,2025,福建,本科批,物理类,（500）,,562,19899,
2391,重庆人文科技学院,2025,福建,本科批,物理类,（999）,,474,91278,
2391,重庆人文科技学院,2025,福建,本科批,物理类,（500）,,483,82760,
2393,重庆师范大学,2025,福建,本科批,物理类,（999）,,539,41729,
2393,重庆师范大学,2025,福建,本科批,物理类,（500）,,537,43014,
2393,重庆师范大学,2025,福建,本科批,物理类,（900）,,563,28208,
2393,重庆师范大学,2025,福建,本科批,物理类,（700）,,570,24825,
2399,重庆医科大学,2025,福建,本科批,物理类,（500）,,562,7919,
2400,重庆移通学院,2025,福建,本科批,物理类,（999）,,476,88668,
2400,重庆移通学院,2025,福建,本科批,物理类,（500）,,476,81079,
2403,重庆中医药学院,2025,福建,本科批,物理类,（999）,,543,37957,
2405,川北医学院,2025,福建,本科批,物理类,（999）,,491,76979,
2405,川北医学院,2025,福建,本科批,物理类,（500）,,551,34510,
2405,川北医学院,2025,福建,本科批,物理类,（600）,,532,46183,
2406,大理大学,2025,福建,本科批,物理类,（999）,,515,57330,
2406,大理大学,2025,福建,本科批,物理类,（500）,,520,46855,
2406,大理大学,2025,福建,本科批,物理类,（600）,,511,60284,
2409,大连东软信息学院,2025,福建,本科批,物理类,（999）,,442,118298,
2409,大连东软信息学院,2025,福建,本科批,物理类,（500）,,463,97377,
2410,大连工业大学,2025,福建,本科批,物理类,（999）,,501,67990,
2410,大连工业大学,2025,福建,本科批,物理类,（500）,,525,48838,
2412,大连海事大学,2025,福建,本科批,物理类,（999）,,586,10843,
2412,大连海事大学,2025,福建,本科批,物理类,（500）,,567,11141,
2427,大连外国语大学,2025,福建,本科批,物理类,（999）,,531,31880,
2429,大连医科大学,2025,福建,本科批,物理类,（500）,,538,7186,
2433,德州学院,2025,福建,本科批,物理类,（500）,,494,74485,
2434,滇池学院,2025,福建,本科批,物理类,（999）,,452,101574,
2434,滇池学院,2025,福建,本科批,物理类,（500）,,460,89467,
2447,东北电力大学,2025,福建,本科批,物理类,（999）,,523,52278,
2447,东北电力大学,2025,福建,本科批,物理类,（500）,,512,12735,
2452,东北林业大学,2025,福建,本科批,物理类,（999）,,567,20313,
2452,东北林业大学,2025,福建,本科批,物理类,（500）,,549,12115,
2455,东北师范大学,2025,福建,本科批,物理类,（500）,,600,8194,
2456,东北石油大学,2025,福建,本科批,物理类,（500）,,523,32381,
2459,东华理工大学,2025,福建,本科批,物理类,（500）,,546,21588,
2461,东南大学成贤学院,2025,福建,本科批,物理类,（999）,,490,56618,
2461,东南大学成贤学院,2025,福建,本科批,物理类,（500）,,486,56618,
2465,对外经济贸易大学,2025,福建,本科批,物理类,（999）,,619,6483,
2465,对外经济贸易大学,2025,福建,本科批,物理类,（500）,,596,6483,
2466,防灾科技学院,2025,福建,本科批,物理类,（999）,,502,58785,
2466,防灾科技学院,2025,福建,本科批,物理类,（500）,,505,52278,
2467,佛山大学,2025,福建,本科批,物理类,（999）,,518,53007,
2467,佛山大学,2025,福建,本科批,物理类,（500）,,522,50881,
2474,赣南科技学院,2025,福建,本科批,物理类,（999）,,497,71202,
2474,赣南科技学院,2025,福建,本科批,物理类,（500）,,503,51599,
2475,赣南师范大学,2025,福建,本科批,物理类,（999）,,501,43014,
2475,赣南师范大学,2025,福建,本科批,物理类,（500）,,523,39235,
2475,赣南师范大学,2025,福建,本科批,物理类,（900）,,529,44918,
2481,甘肃政法大学,2025,福建,本科批,物理类,（999）,,533,29717,
2481,甘肃政法大学,2025,福建,本科批,物理类,（500）,,539,39235,
2485,广东东软学院,2025,福建,本科批,物理类,（500）,,462,99902,
2487,广东工业大学,2025,福建,本科批,物理类,（999）,,567,23443,
2487,广东工业大学,2025,福建,本科批,物理类,（500）,,574,12115,
2498,广东石油化工学院,2025,福建,本科批,物理类,（500）,,523,35614,
2501,广东药科大学,2025,福建,本科批,物理类,（500）,,529,36813,
2507,广西大学,2025,福建,本科批,物理类,（500）,,585,12115,
2508,广西科技大学,2025,福建,本科批,物理类,（999）,,516,57329,
2508,广西科技大学,2025,福建,本科批,物理类,（500）,,523,45540,
2508,广西科技大学,2025,福建,本科批,物理类,（516）,,517,56618,
2518,广西师范大学,2025,福建,本科批,物理类,（999）,,522,45540,
2518,广西师范大学,2025,福建,本科批,物理类,（500）,,478,36213,
2521,广西医科大学,2025,福建,本科批,物理类,（999）,,516,54409,
2521,广西医科大学,2025,福建,本科批,物理类,（500）,,444,11461,
2524,广西中医药大学赛恩斯新医药学院,2025,福建,本科批,物理类,（999）,,496,72818,
2524,广西中医药大学赛恩斯新医药学院,2025,福建,本科批,物理类,（500）,,483,76979,
2524,广西中医药大学赛恩斯新医药学院,2025,福建,本科批,物理类,（600）,,486,81079,
2533,广州软件学院,2025,福建,本科批,物理类,（500）,,481,80259,
2537,广州医科大学,2025,福建,本科批,物理类,（999）,,570,24825,
2537,广州医科大学,2025,福建,本科批,物理类,（500）,,554,8716,
2541,桂林电子科技大学,2025,福建,本科批,物理类,（999）,,546,28208,
2541,桂林电子科技大学,2025,福建,本科批,物理类,（500）,,562,13740,
2544,桂林航天工业学院,2025,福建,本科批,物理类,（999）,,492,63376,
2544,桂林航天工业学院,2025,福建,本科批,物理类,（500）,,517,50881,
2545,桂林理工大学,2025,福建,本科批,物理类,（999）,,516,57329,
2545,桂林理工大学,2025,福建,本科批,物理类,（500）,,513,44918,
2551,桂林学院,2025,福建,本科批,物理类,（999）,,452,88668,
2551,桂林学院,2025,福建,本科批,物理类,（500）,,465,92111,
2552,桂林医科大学,2025,福建,本科批,物理类,（500）,,485,35614,
2561,贵州财经大学,2025,福建,本科批,物理类,（999）,,471,46183,
2561,贵州财经大学,2025,福建,本科批,物理类,（500）,,544,38598,
2562,贵州大学,2025,福建,本科批,物理类,（999）,,569,23443,
2562,贵州大学,2025,福建,本科批,物理类,（500）,,549,14083,
2569,贵州理工学院,2025,福建,本科批,物理类,（999）,,506,64873,
2569,贵州理工学院,2025,福建,本科批,物理类,（500）,,515,46183,
2572,贵州黔南科技学院,2025,福建,本科批,物理类,（500）,,473,92111,
2613,哈尔滨理工大学,2025,福建,本科批,物理类,（500）,,555,21588,
2614,哈尔滨商业大学,2025,福建,本科批,物理类,（999）,,489,51599,
2614,哈尔滨商业大学,2025,福建,本科批,物理类,（500）,,487,53711,
2615,哈尔滨师范大学,2025,福建,本科批,物理类,（999）,,481,65653,
2615,哈尔滨师范大学,2025,福建,本科批,物理类,（500）,,510,52278,
2615,哈尔滨师范大学,2025,福建,本科批,物理类,（900）,,511,53007,
2617,哈尔滨学院,2025,福建,本科批,物理类,（999）,,482,81079,
2617,哈尔滨学院,2025,福建,本科批,物理类,（500）,,492,70339,
2618,哈尔滨医科大学,2025,福建,本科批,物理类,（500）,,609,9900,
2618,哈尔滨医科大学,2025,福建,本科批,物理类,（516）,,526,14083,
2631,海南大学,2025,福建,本科批,物理类,（999）,,548,19495,
2631,海南大学,2025,福建,本科批,物理类,（500）,,575,11461,
2631,海南大学,2025,福建,本科批,物理类,（516）,,582,19495,
2631,海南大学,2025,福建,本科批,物理类,（900）,,551,34510,
2635,海南热带海洋学院,2025,福建,本科批,物理类,（999）,,464,61013,
2635,海南热带海洋学院,2025,福建,本科批,物理类,（500）,,489,61799,
2638,海南师范大学,2025,福建,本科批,物理类,（999）,,522,30293,
2638,海南师范大学,2025,福建,本科批,物理类,（500）,,526,28701,
2638,海南师范大学,2025,福建,本科批,物理类,（516）,,465,86154,
2638,海南师范大学,2025,福建,本科批,物理类,（900）,,556,31880,
2638,海南师范大学,2025,福建,本科批,物理类,（700）,,567,26218,
2640,海南医科大学,2025,福建,本科批,物理类,（999）,,551,34510,
2640,海南医科大学,2025,福建,本科批,物理类,（500）,,457,40511,
2644,韩山师范学院,2025,福建,本科批,物理类,（500）,,507,62571,
2648,杭州师范大学,2025,福建,本科批,物理类,（999）,,564,25291,
2648,杭州师范大学,2025,福建,本科批,物理类,（500）,,521,19899,
2650,河北北方学院,2025,福建,本科批,物理类,（500）,,513,55877,
2651,河北传媒学院,2025,福建,本科批,物理类,（500）,,471,90360,
2655,河北工程大学,2025,福建,本科批,物理类,（999）,,498,62571,
2655,河北工程大学,2025,福建,本科批,物理类,（500）,,507,37957,
2661,河北环境工程学院,2025,福建,本科批,物理类,（500）,,487,76112,
2662,河北建筑工程学院,2025,福建,本科批,物理类,（999）,,478,76979,
2662,河北建筑工程学院,2025,福建,本科批,物理类,（500）,,485,73670,
2663,河北金融学院,2025,福建,本科批,物理类,（999）,,482,63376,
2663,河北金融学院,2025,福建,本科批,物理类,（500）,,498,71202,
2668,河北科技大学,2025,福建,本科批,物理类,（999）,,501,55877,
2668,河北科技大学,2025,福建,本科批,物理类,（500）,,524,33405,
2669,河北科技工程职业技术大学,2025,福建,本科批,物理类,（999）,,494,72041,
2669,河北科技工程职业技术大学,2025,福建,本科批,物理类,（500）,,488,78616,
2670,河北科技师范学院,2025,福建,本科批,物理类,（999）,,484,79451,
2673,河北师范大学,2025,福建,本科批,物理类,（999）,,475,90360,
2673,河北师范大学,2025,福建,本科批,物理类,（500）,,549,27225,
2677,河北医科大学,2025,福建,本科批,物理类,（500）,,529,40511,
2677,河北医科大学,2025,福建,本科批,物理类,（516）,,541,37957,
2677,河北医科大学,2025,福建,本科批,物理类,（600）,,501,68791,
2679,河北中医药大学,2025,福建,本科批,物理类,（999）,,533,43666,
2679,河北中医药大学,2025,福建,本科批,物理类,（500）,,509,50881,
2679,河北中医药大学,2025,福建,本科批,物理类,（600）,,511,61013,
2681,合肥城市学院,2025,福建,本科批,物理类,（999）,,457,103242,
2681,合肥城市学院,2025,福建,本科批,物理类,（500）,,462,95545,
2682,合肥大学,2025,福建,本科批,物理类,（999）,,527,44290,
2682,合肥大学,2025,福建,本科批,物理类,（500）,,525,44918,
2689,河南财经政法大学,2025,福建,本科批,物理类,（999）,,540,25776,
2689,河南财经政法大学,2025,福建,本科批,物理类,（500）,,534,37396,
2694,河南大学,2025,福建,本科批,物理类,（999）,,549,35614,
2694,河南大学,2025,福建,本科批,物理类,（500）,,576,20738,
2695,河南工程学院,2025,福建,本科批,物理类,（999）,,487,78616,
2695,河南工程学院,2025,福建,本科批,物理类,（500）,,489,67246,
2696,河南工学院,2025,福建,本科批,物理类,（500）,,509,59514,
2702,河南科技学院,2025,福建,本科批,物理类,（999）,,493,73670,
2702,河南科技学院,2025,福建,本科批,物理类,（500）,,484,66452,
2703,河南理工大学,2025,福建,本科批,物理类,（999）,,523,47532,
2703,河南理工大学,2025,福建,本科批,物理类,（500）,,523,27712,
2707,河南师范大学,2025,福建,本科批,物理类,（500）,,523,44918,
2711,贺州学院,2025,福建,本科批,物理类,（999）,,491,75303,
2711,贺州学院,2025,福建,本科批,物理类,（500）,,495,68791,
2712,黑河学院,2025,福建,本科批,物理类,（999）,,488,79451,
2712,黑河学院,2025,福建,本科批,物理类,（500）,,488,79451,
2713,黑龙江八一农垦大学,2025,福建,本科批,物理类,（999）,,480,86154,
2713,黑龙江八一农垦大学,2025,福建,本科批,物理类,（500）,,490,72818,
2715,黑龙江大学,2025,福建,本科批,物理类,（999）,,523,52278,
2715,黑龙江大学,2025,福建,本科批,物理类,（500）,,515,39897,
2720,黑龙江科技大学,2025,福建,本科批,物理类,（999）,,492,67989,
2720,黑龙江科技大学,2025,福建,本科批,物理类,（500）,,500,43666,
2722,黑龙江中医药大学,2025,福建,本科批,物理类,（999）,,510,56618,
2722,黑龙江中医药大学,2025,福建,本科批,物理类,（500）,,485,62571,
2722,黑龙江中医药大学,2025,福建,本科批,物理类,（600）,,513,56618,
2729,湖北大学,2025,福建,本科批,物理类,（999）,,582,19495,
2729,湖北大学,2025,福建,本科批,物理类,（500）,,566,24825,
2731,湖北第二师范学院,2025,福建,本科批,物理类,（500）,,521,53007,
2744,湖北理工学院,2025,福建,本科批,物理类,（500）,,507,42366,
2746,湖北民族大学,2025,福建,本科批,物理类,（500）,,509,57329,
2747,湖北汽车工业学院,2025,福建,本科批,物理类,（500）,,531,45540,
2750,湖北师范大学,2025,福建,本科批,物理类,（999）,,531,46183,
2750,湖北师范大学,2025,福建,本科批,物理类,（500）,,523,43014,
2750,湖北师范大学,2025,福建,本科批,物理类,（900）,,551,34510,
2752,湖北文理学院,2025,福建,本科批,物理类,（500）,,513,54409,
2754,湖北医药学院,2025,福建,本科批,物理类,（500）,,527,39897,
2768,湖南工业大学,2025,福建,本科批,物理类,（999）,,511,48837,
2768,湖南工业大学,2025,福建,本科批,物理类,（500）,,525,29717,
2772,湖南科技学院,2025,福建,本科批,物理类,（999）,,502,67989,
2772,湖南科技学院,2025,福建,本科批,物理类,（500）,,499,70339,
2776,湖南汽车工程职业大学,2025,福建,本科批,物理类,（999）,,499,67246,
2777,湖南人文科技学院,2025,福建,本科批,物理类,（999）,,485,67246,
2777,湖南人文科技学院,2025,福建,本科批,物理类,（500）,,494,73670,
2794,湖州师范学院,2025,福建,本科批,物理类,（999）,,524,51599,
2794,湖州师范学院,2025,福建,本科批,物理类,（500）,,503,57329,
2795,湖州学院,2025,福建,本科批,物理类,（500）,,520,52278,
2801,华北水利水电大学,2025,福建,本科批,物理类,（999）,,516,52278,
2801,华北水利水电大学,2025,福建,本科批,物理类,（500）,,504,27712,
2806,华东理工大学,2025,福建,本科批,物理类,（999）,,610,8716,
2806,华东理工大学,2025,福建,本科批,物理类,（500）,,612,6483,
2807,华东师范大学,2025,福建,本科批,物理类,（999）,,635,3545,
2807,华东师范大学,2025,福建,本科批,物理类,（500）,,635,2159,
2815,华南农业大学,2025,福建,本科批,物理类,（999）,,567,17424,
2815,华南农业大学,2025,福建,本科批,物理类,（500）,,546,12115,
2815,华南农业大学,2025,福建,本科批,物理类,（600）,,570,24825,
2826,华中师范大学,2025,福建,本科批,物理类,（999）,,596,8461,
2826,华中师范大学,2025,福建,本科批,物理类,（500）,,619,5813,
2829,怀化学院,2025,福建,本科批,物理类,（500）,,499,57329,
2829,怀化学院,2025,福建,本科批,物理类,（600）,,490,77780,
2831,淮阴师范学院,2025,福建,本科批,物理类,（500）,,505,65653,
2840,吉林大学,2025,福建,本科批,物理类,（999）,,616,6483,
2840,吉林大学,2025,福建,本科批,物理类,（500）,,606,2663,
2845,吉林工程技术师范学院,2025,福建,本科批,物理类,（500）,,498,67246,
2847,吉林建筑大学,2025,福建,本科批,物理类,（999）,,465,74485,
2847,吉林建筑大学,2025,福建,本科批,物理类,（500）,,469,59514,
2847,吉林建筑大学,2025,福建,本科批,物理类,（619）,,488,79451,
2850,吉林农业大学,2025,福建,本科批,物理类,（999）,,500,64125,
2850,吉林农业大学,2025,福建,本科批,物理类,（500）,,507,52278,
2850,吉林农业大学,2025,福建,本科批,物理类,（516）,,481,54409,
2852,吉林师范大学,2025,福建,本科批,物理类,（999）,,512,60283,
2852,吉林师范大学,2025,福建,本科批,物理类,（500）,,520,38598,
2856,吉林外国语大学,2025,福建,本科批,物理类,（999）,,441,104060,
2856,吉林外国语大学,2025,福建,本科批,物理类,（500）,,470,94712,
2858,吉林医药学院,2025,福建,本科批,物理类,（999）,,498,71202,
2858,吉林医药学院,2025,福建,本科批,物理类,（500）,,501,64125,
2858,吉林医药学院,2025,福建,本科批,物理类,（516）,,480,55877,
2860,济南大学,2025,福建,本科批,物理类,（999）,,541,37396,
2860,济南大学,2025,福建,本科批,物理类,（500）,,545,28701,
2863,济宁学院,2025,福建,本科批,物理类,（500）,,507,64125,
2866,佳木斯大学,2025,福建,本科批,物理类,（999）,,483,82760,
2866,佳木斯大学,2025,福建,本科批,物理类,（500）,,486,76112,
2867,嘉兴大学,2025,福建,本科批,物理类,（999）,,529,43666,
2867,嘉兴大学,2025,福建,本科批,物理类,（500）,,548,30293,
2867,嘉兴大学,2025,福建,本科批,物理类,（600）,,516,57329,
2874,江南大学,2025,福建,本科批,物理类,（999）,,585,12116,
2874,江南大学,2025,福建,本科批,物理类,（500）,,589,7422,
2876,江苏大学,2025,福建,本科批,物理类,（999）,,584,17831,
2876,江苏大学,2025,福建,本科批,物理类,（500）,,585,12436,
2878,江苏第二师范学院,2025,福建,本科批,物理类,（999）,,516,55133,
2878,江苏第二师范学院,2025,福建,本科批,物理类,（500）,,525,50184,
2880,江苏科技大学,2025,福建,本科批,物理类,（999）,,573,23443,
2880,江苏科技大学,2025,福建,本科批,物理类,（500）,,572,12735,
2884,江苏师范大学,2025,福建,本科批,物理类,（999）,,549,30293,
2884,江苏师范大学,2025,福建,本科批,物理类,（500）,,556,29212,
2884,江苏师范大学,2025,福建,本科批,物理类,（900）,,560,29212,
2889,江西飞行学院,2025,福建,本科批,物理类,（999）,,500,67246,
2889,江西飞行学院,2025,福建,本科批,物理类,（500）,,517,51599,
2896,江西理工大学,2025,福建,本科批,物理类,（999）,,525,42366,
2896,江西理工大学,2025,福建,本科批,物理类,（500）,,539,14083,
2896,江西理工大学,2025,福建,本科批,物理类,（900）,,558,30799,
2900,江西农业大学,2025,福建,本科批,物理类,（999）,,522,50881,
2900,江西农业大学,2025,福建,本科批,物理类,（500）,,524,41729,
2900,江西农业大学,2025,福建,本科批,物理类,（600）,,525,50881,
2906,江西水利电力大学,2025,福建,本科批,物理类,（999）,,512,59515,
2906,江西水利电力大学,2025,福建,本科批,物理类,（500）,,466,28702,
2906,江西水利电力大学,2025,福建,本科批,物理类,（600）,,508,62572,
2910,金陵科技学院,2025,福建,本科批,物理类,（999）,,533,36213,
2910,金陵科技学院,2025,福建,本科批,物理类,（500）,,539,41148,
2910,金陵科技学院,2025,福建,本科批,物理类,（600）,,523,52278,
2920,九江学院,2025,福建,本科批,物理类,（500）,,511,54409,
2923,喀什大学,2025,福建,本科批,物理类,（999）,,482,71202,
2923,喀什大学,2025,福建,本科批,物理类,（500）,,483,69546,
2923,喀什大学,2025,福建,本科批,物理类,（700）,,486,81079,
2924,凯里学院,2025,福建,本科批,物理类,（999）,,503,67246,
2924,凯里学院,2025,福建,本科批,物理类,（500）,,489,76979,
2933,昆明理工大学,2025,福建,本科批,物理类,（999）,,514,39235,
2933,昆明理工大学,2025,福建,本科批,物理类,（500）,,467,19899,
2933,昆明理工大学,2025,福建,本科批,物理类,（516）,,573,18650,
2933,昆明理工大学,2025,福建,本科批,物理类,（900）,,529,48168,
2936,昆明学院,2025,福建,本科批,物理类,（999）,,524,51599,
2936,昆明学院,2025,福建,本科批,物理类,（500）,,518,51599,
2936,昆明学院,2025,福建,本科批,物理类,（516）,,517,48837,
2936,昆明学院,2025,福建,本科批,物理类,（700）,,503,67246,
2937,昆明医科大学,2025,福建,本科批,物理类,（500）,,544,28701,
2938,昆明医科大学海源学院,2025,福建,本科批,物理类,（999）,,475,86154,
2938,昆明医科大学海源学院,2025,福建,本科批,物理类,（500）,,452,92964,
2938,昆明医科大学海源学院,2025,福建,本科批,物理类,（600）,,483,83635,
2941,兰州财经大学,2025,福建,本科批,物理类,（999）,,507,59514,
2941,兰州财经大学,2025,福建,本科批,物理类,（500）,,522,49465,
2943,兰州大学,2025,福建,本科批,物理类,（999）,,607,7919,
2943,兰州大学,2025,福建,本科批,物理类,（500）,,608,5221,
2949,廊坊师范学院,2025,福建,本科批,物理类,（500）,,497,70339,
2949,廊坊师范学院,2025,福建,本科批,物理类,（700）,,506,64873,
2955,聊城大学,2025,福建,本科批,物理类,（999）,,479,72818,
2955,聊城大学,2025,福建,本科批,物理类,（500）,,525,47532,
2966,辽宁科技学院,2025,福建,本科批,物理类,（500）,,507,61799,
2968,辽宁师范大学,2025,福建,本科批,物理类,（999）,,474,91278,
2968,辽宁师范大学,2025,福建,本科批,物理类,（500）,,557,31329,
2970,辽宁石油化工大学,2025,福建,本科批,物理类,（500）,,529,37957,
2972,辽宁中医药大学,2025,福建,本科批,物理类,（999）,,545,37957,
2972,辽宁中医药大学,2025,福建,本科批,物理类,（500）,,506,59514,
2974,临沂大学,2025,福建,本科批,物理类,（500）,,468,53007,
2977,六盘水师范学院,2025,福建,本科批,物理类,（999）,,492,76112,
2977,六盘水师范学院,2025,福建,本科批,物理类,（500）,,491,76979,
2981,鲁东大学,2025,福建,本科批,物理类,（999）,,488,76112,
2981,鲁东大学,2025,福建,本科批,物理类,（500）,,492,55877,
2992,吕梁学院,2025,福建,本科批,物理类,（999）,,487,79451,
2992,吕梁学院,2025,福建,本科批,物理类,（500）,,489,73670,
2992,吕梁学院,2025,福建,本科批,物理类,（516）,,481,85345,
2992,吕梁学院,2025,福建,本科批,物理类,（900）,,488,79451,
2993,马鞍山学院,2025,福建,本科批,物理类,（500）,,470,92972,
2994,茅台学院,2025,福建,本科批,物理类,（999）,,496,72818,
2994,茅台学院,2025,福建,本科批,物理类,（500）,,489,76112,
2996,绵阳师范学院,2025,福建,本科批,物理类,（999）,,513,59514,
2996,绵阳师范学院,2025,福建,本科批,物理类,（500）,,499,61013,
2998,牡丹江师范学院,2025,福建,本科批,物理类,（999）,,479,85345,
2998,牡丹江师范学院,2025,福建,本科批,物理类,（500）,,486,67989,
2999,牡丹江医科大学,2025,福建,本科批,物理类,（500）,,516,56618,
2999,牡丹江医科大学,2025,福建,本科批,物理类,（516）,,517,53007,
3005,南昌航空大学,2025,福建,本科批,物理类,（999）,,549,28701,
3005,南昌航空大学,2025,福建,本科批,物理类,（500）,,563,19062,
3008,南昌交通学院,2025,福建,本科批,物理类,（999）,,468,85345,
3008,南昌交通学院,2025,福建,本科批,物理类,（500）,,472,86939,
3019,南昌医学院,2025,福建,本科批,物理类,（999）,,508,63376,
3019,南昌医学院,2025,福建,本科批,物理类,（500）,,499,28208,
3019,南昌医学院,2025,福建,本科批,物理类,（600）,,505,44918,
3024,南方医科大学,2025,福建,本科批,物理类,（500）,,544,14450,
3025,南华大学,2025,福建,本科批,物理类,（999）,,522,31329,
3025,南华大学,2025,福建,本科批,物理类,（500）,,533,13403,
3028,南京财经大学红山学院,2025,福建,本科批,物理类,（999）,,480,80259,
3029,南京传媒学院,2025,福建,本科批,物理类,（999）,,511,59514,
3029,南京传媒学院,2025,福建,本科批,物理类,（500）,,507,58055,
3032,南京工程学院,2025,福建,本科批,物理类,（999）,,543,34510,
3032,南京工程学院,2025,福建,本科批,物理类,（500）,,494,11774,
3034,南京工业大学,2025,福建,本科批,物理类,（999）,,564,22059,
3034,南京工业大学,2025,福建,本科批,物理类,（500）,,555,14083,
3043,南京理工大学,2025,福建,本科批,物理类,（500）,,624,4805,
3052,南京师范大学,2025,福建,本科批,物理类,（500）,,599,8461,
3052,南京师范大学,2025,福建,本科批,物理类,（900）,,615,8194,
3053,南京特殊教育师范学院,2025,福建,本科批,物理类,（999）,,503,42366,
3053,南京特殊教育师范学院,2025,福建,本科批,物理类,（500）,,506,63376,
3054,南京体育学院,2025,福建,本科批,物理类,（500）,,510,61799,
3056,南京信息工程大学,2025,福建,本科批,物理类,（999）,,590,16253,
3056,南京信息工程大学,2025,福建,本科批,物理类,（500）,,573,11141,
3061,南京邮电大学,2025,福建,本科批,物理类,（500）,,604,7187,
3077,内蒙古大学,2025,福建,本科批,物理类,（500）,,569,20738,
3078,内蒙古工业大学,2025,福建,本科批,物理类,（999）,,484,82760,
3078,内蒙古工业大学,2025,福建,本科批,物理类,（500）,,486,67989,
3086,宁波大学,2025,福建,本科批,物理类,（999）,,570,24825,
3086,宁波大学,2025,福建,本科批,物理类,（500）,,578,12735,
3086,宁波大学,2025,福建,本科批,物理类,（900）,,567,26218,
3088,宁波大学科学技术学院,2025,福建,本科批,物理类,（999）,,472,91278,
3088,宁波大学科学技术学院,2025,福建,本科批,物理类,（500）,,477,73670,
3092,宁夏大学,2025,福建,本科批,物理类,（999）,,556,27712,
3092,宁夏大学,2025,福建,本科批,物理类,（500）,,536,17424,
3096,宁夏理工学院,2025,福建,本科批,物理类,（999）,,455,99057,
3096,宁夏理工学院,2025,福建,本科批,物理类,（500）,,456,98212,
3097,宁夏师范大学,2025,福建,本科批,物理类,（999）,,488,79451,
3097,宁夏师范大学,2025,福建,本科批,物理类,（500）,,489,75303,
3098,宁夏医科大学,2025,福建,本科批,物理类,（999）,,500,69546,
3098,宁夏医科大学,2025,福建,本科批,物理类,（500）,,518,22544,
3098,宁夏医科大学,2025,福建,本科批,物理类,（516）,,498,71202,
3099,攀枝花学院,2025,福建,本科批,物理类,（500）,,518,53007,
3100,平顶山学院,2025,福建,本科批,物理类,（999）,,486,78616,
3100,平顶山学院,2025,福建,本科批,物理类,（500）,,489,66452,
3105,齐鲁医药学院,2025,福建,本科批,物理类,（500）,,477,74485,
3106,齐齐哈尔大学,2025,福建,本科批,物理类,（500）,,475,67246,
3111,青岛大学,2025,福建,本科批,物理类,（999）,,562,28701,
3111,青岛大学,2025,福建,本科批,物理类,（500）,,544,18650,
3111,青岛大学,2025,福建,本科批,物理类,（600）,,539,41729,
3117,青岛科技大学,2025,福建,本科批,物理类,（999）,,544,38598,
3117,青岛科技大学,2025,福建,本科批,物理类,（500）,,516,30799,
3118,青岛理工大学,2025,福建,本科批,物理类,（999）,,507,45540,
3118,青岛理工大学,2025,福建,本科批,物理类,（500）,,506,22981,
3120,青岛农业大学,2025,福建,本科批,物理类,（500）,,476,64125,
3122,青海大学,2025,福建,本科批,物理类,（999）,,564,24364,
3122,青海大学,2025,福建,本科批,物理类,（500）,,561,13740,
3122,青海大学,2025,福建,本科批,物理类,（516）,,547,22059,
3130,琼台师范学院,2025,福建,本科批,物理类,（999）,,443,108322,
3130,琼台师范学院,2025,福建,本科批,物理类,（500）,,496,70339,
3131,曲阜师范大学,2025,福建,本科批,物理类,（999）,,510,55877,
3131,曲阜师范大学,2025,福建,本科批,物理类,（500）,,528,39897,
3131,曲阜师范大学,2025,福建,本科批,物理类,（900）,,538,42366,
3133,衢州学院,2025,福建,本科批,物理类,（999）,,507,64125,
3133,衢州学院,2025,福建,本科批,物理类,（500）,,526,46183,
3138,山东财经大学,2025,福建,本科批,物理类,（999）,,533,20313,
3138,山东财经大学,2025,福建,本科批,物理类,（500）,,558,26736,
3139,山东大学,2025,福建,本科批,物理类,（500）,,630,2277,
3139,山东大学,2025,福建,本科批,物理类,（516）,,643,2159,
3141,山东大学（威海）,2025,福建,本科批,物理类,（500）,,626,5412,
3142,山东第二医科大学,2025,福建,本科批,物理类,（999）,,517,56618,
3142,山东第二医科大学,2025,福建,本科批,物理类,（500）,,524,44290,
3143,山东第一医科大学,2025,福建,本科批,物理类,（999）,,524,51599,
3143,山东第一医科大学,2025,福建,本科批,物理类,（500）,,504,47532,
3144,山东工商学院,2025,福建,本科批,物理类,（999）,,498,45540,
3144,山东工商学院,2025,福建,本科批,物理类,（500）,,510,48837,
3145,山东工艺美术学院,2025,福建,本科批,物理类,（999）,,468,96446,
3145,山东工艺美术学院,2025,福建,本科批,物理类,（500）,,475,68791,
3146,山东航空学院,2025,福建,本科批,物理类,（500）,,477,52278,
3149,山东交通学院,2025,福建,本科批,物理类,（999）,,508,62571,
3149,山东交通学院,2025,福建,本科批,物理类,（500）,,515,52278,
3150,山东科技大学,2025,福建,本科批,物理类,（999）,,523,33956,
3150,山东科技大学,2025,福建,本科批,物理类,（500）,,543,19899,
3150,山东科技大学,2025,福建,本科批,物理类,（900）,,567,26218,
3152,山东理工大学,2025,福建,本科批,物理类,（500）,,536,27712,
3153,山东农业大学,2025,福建,本科批,物理类,（500）,,450,42366,
3154,山东女子学院,2025,福建,本科批,物理类,（999）,,488,67246,
3155,山东师范大学,2025,福建,本科批,物理类,（999）,,535,27712,
3155,山东师范大学,2025,福建,本科批,物理类,（500）,,546,15507,
3155,山东师范大学,2025,福建,本科批,物理类,（900）,,564,27712,
3157,山东石油化工学院,2025,福建,本科批,物理类,（500）,,515,51599,
3169,山西工程技术学院,2025,福建,本科批,物理类,（999）,,489,78616,
3169,山西工程技术学院,2025,福建,本科批,物理类,（500）,,490,64873,
3169,山西工程技术学院,2025,福建,本科批,物理类,（900）,,506,64873,
3175,陕西理工大学,2025,福建,本科批,物理类,（999）,,479,86939,
3175,陕西理工大学,2025,福建,本科批,物理类,（500）,,485,53711,
3175,陕西理工大学,2025,福建,本科批,物理类,（900）,,531,46854,
3175,陕西理工大学,2025,福建,本科批,物理类,（700）,,527,49465,
3176,山西农业大学,2025,福建,本科批,物理类,（500）,,481,64125,
3176,山西农业大学,2025,福建,本科批,物理类,（516）,,491,57329,
3177,山西师范大学,2025,福建,本科批,物理类,（999）,,508,58055,
3177,山西师范大学,2025,福建,本科批,物理类,（500）,,508,49465,
3177,山西师范大学,2025,福建,本科批,物理类,（900）,,520,48837,
3180,陕西学前师范学院,2025,福建,本科批,物理类,（500）,,493,74485,
3181,山西医科大学,2025,福建,本科批,物理类,（999）,,509,56618,
3181,山西医科大学,2025,福建,本科批,物理类,（500）,,514,55877,
3181,山西医科大学,2025,福建,本科批,物理类,（516）,,521,18234,
3181,山西医科大学,2025,福建,本科批,物理类,（600）,,502,67989,
3184,上海财经大学,2025,福建,本科批,物理类,（999）,,624,3113,
3184,上海财经大学,2025,福建,本科批,物理类,（500）,,629,4065,
3189,上海第二工业大学,2025,福建,本科批,物理类,（500）,,565,23443,
3193,上海对外经贸大学,2025,福建,本科批,物理类,（999）,,574,15145,
3198,上海海事大学,2025,福建,本科批,物理类,（999）,,587,15507,
3198,上海海事大学,2025,福建,本科批,物理类,（500）,,583,15883,
3199,上海海洋大学,2025,福建,本科批,物理类,（999）,,565,27225,
3199,上海海洋大学,2025,福建,本科批,物理类,（500）,,573,17024,
3201,上海健康医学院,2025,福建,本科批,物理类,（500）,,516,51599,
3209,上海理工大学,2025,福建,本科批,物理类,（500）,,588,13078,
3211,上海立信会计金融学院,2025,福建,本科批,物理类,（999）,,549,23443,
3211,上海立信会计金融学院,2025,福建,本科批,物理类,（500）,,555,28208,
3213,上海杉达学院,2025,福建,本科批,物理类,（999）,,501,68791,
3213,上海杉达学院,2025,福建,本科批,物理类,（500）,,497,57329,
3214,上海商学院,2025,福建,本科批,物理类,（999）,,537,41148,
3214,上海商学院,2025,福建,本科批,物理类,（500）,,553,33405,
3215,上海师范大学,2025,福建,本科批,物理类,（500）,,575,15145,
3225,上海政法学院,2025,福建,本科批,物理类,（999）,,590,14083,
3227,上海中医药大学,2025,福建,本科批,物理类,（500）,,575,3867,
3230,商丘工学院,2025,福建,本科批,物理类,（500）,,471,91278,
3235,绍兴文理学院,2025,福建,本科批,物理类,（500）,,530,43666,
3239,沈阳大学,2025,福建,本科批,物理类,（500）,,527,44918,
3242,沈阳航空航天大学,2025,福建,本科批,物理类,（500）,,571,10504,
3243,沈阳化工大学,2025,福建,本科批,物理类,（500）,,520,39897,
3246,沈阳建筑大学,2025,福建,本科批,物理类,（999）,,472,49465,
3246,沈阳建筑大学,2025,福建,本科批,物理类,（500）,,494,40511,
3249,沈阳理工大学,2025,福建,本科批,物理类,（500）,,505,25291,
3250,沈阳农业大学,2025,福建,本科批,物理类,（500）,,509,49465,
3259,深圳大学,2025,福建,本科批,物理类,（999）,,586,7671,
3259,深圳大学,2025,福建,本科批,物理类,（500）,,611,2413,
3261,深圳技术大学,2025,福建,本科批,物理类,（500）,,599,12115,
3262,石河子大学,2025,福建,本科批,物理类,（999）,,549,25291,
3262,石河子大学,2025,福建,本科批,物理类,（500）,,552,12735,
3263,石家庄铁道大学,2025,福建,本科批,物理类,（999）,,540,41148,
3263,石家庄铁道大学,2025,福建,本科批,物理类,（500）,,553,23889,
3264,石家庄铁道大学四方学院,2025,福建,本科批,物理类,（999）,,483,83635,
3264,石家庄铁道大学四方学院,2025,福建,本科批,物理类,（500）,,484,78616,
3266,首都经济贸易大学,2025,福建,本科批,物理类,（999）,,587,17424,
3266,首都经济贸易大学,2025,福建,本科批,物理类,（500）,,565,17831,
3269,首都医科大学,2025,福建,本科批,物理类,（500）,,627,2960,
3285,四川警察学院,2025,福建,本科批,物理类,（999）,,537,43014,
3286,四川旅游学院,2025,福建,本科批,物理类,（999）,,504,64873,
3286,四川旅游学院,2025,福建,本科批,物理类,（500）,,472,64873,
3291,四川师范大学,2025,福建,本科批,物理类,（999）,,545,21173,
3291,四川师范大学,2025,福建,本科批,物理类,（500）,,551,24825,
3292,四川外国语大学,2025,福建,本科批,物理类,（999）,,529,29718,
3296,四川文理学院,2025,福建,本科批,物理类,（999）,,494,67246,
3296,四川文理学院,2025,福建,本科批,物理类,（500）,,501,68791,
3298,苏州城市学院,2025,福建,本科批,物理类,（500）,,542,39235,
3302,苏州工学院,2025,福建,本科批,物理类,（500）,,524,40511,
3303,苏州科技大学,2025,福建,本科批,物理类,（999）,,529,43666,
3303,苏州科技大学,2025,福建,本科批,物理类,（500）,,531,24364,
3308,泰山学院,2025,福建,本科批,物理类,（500）,,491,72818,
3309,太原工业学院,2025,福建,本科批,物理类,（500）,,495,61013,
3312,太原师范学院,2025,福建,本科批,物理类,（500）,,495,67246,
3312,太原师范学院,2025,福建,本科批,物理类,（900）,,508,63376,
3313,太原学院,2025,福建,本科批,物理类,（999）,,490,73670,
3313,太原学院,2025,福建,本科批,物理类,（500）,,484,76979,
3313,太原学院,2025,福建,本科批,物理类,（600）,,483,83635,
3315,台州学院,2025,福建,本科批,物理类,（999）,,517,56618,
3315,台州学院,2025,福建,本科批,物理类,（500）,,524,44290,
3324,天津工业大学,2025,福建,本科批,物理类,（999）,,566,24364,
3324,天津工业大学,2025,福建,本科批,物理类,（500）,,575,13403,
3331,天津农学院,2025,福建,本科批,物理类,（500）,,499,54409,
3335,天津商业大学宝德学院,2025,福建,本科批,物理类,（999）,,478,85345,
3336,天津师范大学,2025,福建,本科批,物理类,（999）,,521,46854,
3336,天津师范大学,2025,福建,本科批,物理类,（500）,,544,23889,
3339,天津体育学院,2025,福建,本科批,物理类,（999）,,480,67246,
3342,天津外国语大学滨海外事学院,2025,福建,本科批,物理类,（999）,,476,89467,
3344,天津医科大学临床医学院,2025,福建,本科批,物理类,（500）,,489,78616,
3344,天津医科大学临床医学院,2025,福建,本科批,物理类,（516）,,524,47532,
3346,天津职业技术师范大学,2025,福建,本科批,物理类,（999）,,489,56618,
3346,天津职业技术师范大学,2025,福建,本科批,物理类,（500）,,499,54409,
3357,铜陵学院,2025,福建,本科批,物理类,（500）,,496,72818,
3359,铜仁学院,2025,福建,本科批,物理类,（500）,,469,72818,
3365,渭南师范学院,2025,福建,本科批,物理类,（500）,,493,73670,
3368,文山学院,2025,福建,本科批,物理类,（500）,,488,79451,
3369,温州大学,2025,福建,本科批,物理类,（999）,,548,34510,
3369,温州大学,2025,福建,本科批,物理类,（500）,,545,15883,
3372,温州理工学院,2025,福建,本科批,物理类,（500）,,531,39235,
3373,温州商学院,2025,福建,本科批,物理类,（999）,,458,93819,
3373,温州商学院,2025,福建,本科批,物理类,（500）,,472,92964,
3374,温州医科大学,2025,福建,本科批,物理类,（500）,,573,8716,
3376,温州医科大学仁济学院,2025,福建,本科批,物理类,（500）,,485,58785,
3391,武汉工程大学邮电与信息工程学院,2025,福建,本科批,物理类,（500）,,473,90360,
3393,武汉工商学院,2025,福建,本科批,物理类,（999）,,471,87828,
3393,武汉工商学院,2025,福建,本科批,物理类,（500）,,478,82760,
3394,武汉华夏理工学院,2025,福建,本科批,物理类,（999）,,471,92964,
3394,武汉华夏理工学院,2025,福建,本科批,物理类,（500）,,477,87828,
3395,武汉科技大学,2025,福建,本科批,物理类,（999）,,564,22981,
3395,武汉科技大学,2025,福建,本科批,物理类,（500）,,585,15507,
3396,武汉理工大学,2025,福建,本科批,物理类,（500）,,593,5008,
3401,武汉轻工大学,2025,福建,本科批,物理类,（999）,,504,66452,
3401,武汉轻工大学,2025,福建,本科批,物理类,（500）,,504,32381,
3419,五邑大学,2025,福建,本科批,物理类,（500）,,528,43666,
3434,西安建筑科技大学华清学院,2025,福建,本科批,物理类,（500）,,455,98212,
3438,西安交通大学,2025,福建,本科批,物理类,（999）,,642,2817,
3438,西安交通大学,2025,福建,本科批,物理类,（500）,,635,614,
3440,西安交通工程学院,2025,福建,本科批,物理类,（999）,,446,105800,
3440,西安交通工程学院,2025,福建,本科批,物理类,（500）,,460,93819,
3446,西安明德理工学院,2025,福建,本科批,物理类,（500）,,461,100752,
3469,西北师范大学,2025,福建,本科批,物理类,（999）,,530,47532,
3469,西北师范大学,2025,福建,本科批,物理类,（500）,,540,31880,
3469,西北师范大学,2025,福建,本科批,物理类,（900）,,537,39235,
3470,西北政法大学,2025,福建,本科批,物理类,（999）,,586,13078,
3474,西华师范大学,2025,福建,本科批,物理类,（500）,,522,51599,
3475,西交利物浦大学,2025,福建,本科批,物理类,（999）,,573,23443,
3475,西交利物浦大学,2025,福建,本科批,物理类,（500）,,574,22981,
3476,西京学院,2025,福建,本科批,物理类,（999）,,462,98212,
3476,西京学院,2025,福建,本科批,物理类,（500）,,472,86154,
3476,西京学院,2025,福建,本科批,物理类,（600）,,471,93819,
3479,西南财经大学天府学院,2025,福建,本科批,物理类,（999）,,471,93819,
3479,西南财经大学天府学院,2025,福建,本科批,物理类,（500）,,468,96446,
3491,西南林业大学,2025,福建,本科批,物理类,（999）,,520,54409,
3491,西南林业大学,2025,福建,本科批,物理类,（500）,,506,55133,
3492,西南民族大学,2025,福建,本科批,物理类,（999）,,532,43014,
3492,西南民族大学,2025,福建,本科批,物理类,（500）,,535,30293,
3493,西南石油大学,2025,福建,本科批,物理类,（500）,,586,15507,
3494,西南医科大学,2025,福建,本科批,物理类,（500）,,564,23443,
3499,咸阳师范学院,2025,福建,本科批,物理类,（999）,,497,72041,
3499,咸阳师范学院,2025,福建,本科批,物理类,（500）,,501,66452,
3506,湘南学院,2025,福建,本科批,物理类,（999）,,503,58785,
3506,湘南学院,2025,福建,本科批,物理类,（500）,,506,35614,
3507,湘潭大学,2025,福建,本科批,物理类,（999）,,573,16253,
3507,湘潭大学,2025,福建,本科批,物理类,（500）,,578,13740,
3511,新疆大学,2025,福建,本科批,物理类,（999）,,557,29212,
3511,新疆大学,2025,福建,本科批,物理类,（500）,,566,15145,
3511,新疆大学,2025,福建,本科批,物理类,（900）,,572,23889,
3527,新余学院,2025,福建,本科批,物理类,（500）,,508,52278,
3528,忻州师范学院,2025,福建,本科批,物理类,（999）,,486,76112,
3528,忻州师范学院,2025,福建,本科批,物理类,（500）,,489,71202,
3528,忻州师范学院,2025,福建,本科批,物理类,（516）,,482,83635,
3528,忻州师范学院,2025,福建,本科批,物理类,（900）,,490,74485,
3530,徐州工程学院,2025,福建,本科批,物理类,（500）,,542,38598,
3532,延安大学,2025,福建,本科批,物理类,（999）,,512,60283,
3532,延安大学,2025,福建,本科批,物理类,（500）,,513,56618,
3533,延边大学,2025,福建,本科批,物理类,（999）,,571,24364,
3533,延边大学,2025,福建,本科批,物理类,（500）,,569,16625,
3533,延边大学,2025,福建,本科批,物理类,（900）,,568,25776,
3537,燕山大学,2025,福建,本科批,物理类,（500）,,588,14450,
3542,扬州大学,2025,福建,本科批,物理类,（999）,,555,32381,
3542,扬州大学,2025,福建,本科批,物理类,（500）,,571,16253,
3544,宜宾学院,2025,福建,本科批,物理类,（500）,,515,57329,
3545,宜春学院,2025,福建,本科批,物理类,（999）,,503,55133,
3545,宜春学院,2025,福建,本科批,物理类,（500）,,497,61013,
3545,宜春学院,2025,福建,本科批,物理类,（516）,,503,58055,
3545,宜春学院,2025,福建,本科批,物理类,（600）,,498,69546,
3547,右江民族医学院,2025,福建,本科批,物理类,（999）,,489,77780,
3547,右江民族医学院,2025,福建,本科批,物理类,（500）,,511,55133,
3547,右江民族医学院,2025,福建,本科批,物理类,（600）,,500,69546,
3548,豫北医学院,2025,福建,本科批,物理类,（500）,,493,75303,
3548,豫北医学院,2025,福建,本科批,物理类,（516）,,525,50881,
3548,豫北医学院,2025,福建,本科批,物理类,（600）,,487,80259,
3549,玉林师范学院,2025,福建,本科批,物理类,（500）,,499,69546,
3549,玉林师范学院,2025,福建,本科批,物理类,（516）,,489,78616,
3550,玉溪师范学院,2025,福建,本科批,物理类,（500）,,493,72041,
3553,运城学院,2025,福建,本科批,物理类,（999）,,473,92111,
3553,运城学院,2025,福建,本科批,物理类,（500）,,486,73670,
3554,运城职业技术大学,2025,福建,本科批,物理类,（999）,,472,87828,
3562,云南民族大学,2025,福建,本科批,物理类,（500）,,534,44918,
3564,云南农业大学,2025,福建,本科批,物理类,（999）,,499,61013,
3564,云南农业大学,2025,福建,本科批,物理类,（500）,,475,44918,
3569,枣庄学院,2025,福建,本科批,物理类,（500）,,491,76979,
3571,肇庆学院,2025,福建,本科批,物理类,（500）,,517,53007,
3572,肇庆医学院,2025,福建,本科批,物理类,（500）,,510,50184,
3579,浙江传媒学院,2025,福建,本科批,物理类,（999）,,545,23889,
3579,浙江传媒学院,2025,福建,本科批,物理类,（500）,,519,19062,
3586,浙江工商大学,2025,福建,本科批,物理类,（999）,,566,19062,
3586,浙江工商大学,2025,福建,本科批,物理类,（500）,,554,27225,
3588,浙江工商大学杭州商学院,2025,福建,本科批,物理类,（999）,,475,72041,
3588,浙江工商大学杭州商学院,2025,福建,本科批,物理类,（500）,,478,84464,
3589,浙江工业大学,2025,福建,本科批,物理类,（999）,,585,18234,
3589,浙江工业大学,2025,福建,本科批,物理类,（500）,,583,11461,
3591,浙江工业大学之江学院,2025,福建,本科批,物理类,（999）,,480,86154,
3591,浙江工业大学之江学院,2025,福建,本科批,物理类,（500）,,479,79451,
3593,浙江海洋大学,2025,福建,本科批,物理类,（999）,,539,41729,
3593,浙江海洋大学,2025,福建,本科批,物理类,（500）,,514,36213,
3593,浙江海洋大学,2025,福建,本科批,物理类,（600）,,521,53711,
3596,浙江科技大学,2025,福建,本科批,物理类,（999）,,541,40511,
3596,浙江科技大学,2025,福建,本科批,物理类,（500）,,557,25291,
3598,浙江理工大学,2025,福建,本科批,物理类,（999）,,567,24364,
3598,浙江理工大学,2025,福建,本科批,物理类,（500）,,575,17024,
3599,浙江理工大学科技与艺术学院,2025,福建,本科批,物理类,（999）,,475,86939,
3599,浙江理工大学科技与艺术学院,2025,福建,本科批,物理类,（500）,,475,84464,
3600,浙江农林大学,2025,福建,本科批,物理类,（999）,,547,25291,
3600,浙江农林大学,2025,福建,本科批,物理类,（500）,,550,25291,
3602,浙江师范大学,2025,福建,本科批,物理类,（999）,,533,29717,
3602,浙江师范大学,2025,福建,本科批,物理类,（500）,,565,21173,
3602,浙江师范大学,2025,福建,本科批,物理类,（900）,,559,30293,
3605,浙江树人学院,2025,福建,本科批,物理类,（999）,,468,90360,
3605,浙江树人学院,2025,福建,本科批,物理类,（500）,,468,92111,
3605,浙江树人学院,2025,福建,本科批,物理类,（600）,,476,89467,
3606,浙江水利水电学院,2025,福建,本科批,物理类,（999）,,528,48837,
3606,浙江水利水电学院,2025,福建,本科批,物理类,（500）,,532,35614,
3608,浙江外国语学院,2025,福建,本科批,物理类,（999）,,516,41148,
3608,浙江外国语学院,2025,福建,本科批,物理类,（500）,,531,40511,
3610,浙江万里学院,2025,福建,本科批,物理类,（999）,,505,65653,
3610,浙江万里学院,2025,福建,本科批,物理类,（500）,,504,48837,
3614,浙江中医药大学,2025,福建,本科批,物理类,（500）,,544,13403,
3618,郑州工程技术学院,2025,福建,本科批,物理类,（500）,,486,79451,
3634,中北大学,2025,福建,本科批,物理类,（999）,,530,36213,
3634,中北大学,2025,福建,本科批,物理类,（500）,,566,12115,
3639,中国传媒大学,2025,福建,本科批,物理类,（999）,,601,9599,
3639,中国传媒大学,2025,福建,本科批,物理类,（500）,,574,5221,
3640,中国地质大学（北京）,2025,福建,本科批,物理类,（999）,,591,15883,
3640,中国地质大学（北京）,2025,福建,本科批,物理类,（500）,,592,10504,
3641,中国地质大学（武汉）,2025,福建,本科批,物理类,（500）,,573,9600,
3646,中国海洋大学,2025,福建,本科批,物理类,（999）,,612,6483,
3646,中国海洋大学,2025,福建,本科批,物理类,（500）,,599,5412,
3652,中国计量大学,2025,福建,本科批,物理类,（999）,,585,17024,
3652,中国计量大学,2025,福建,本科批,物理类,（500）,,590,15507,
3660,中国劳动关系学院,2025,福建,本科批,物理类,（999）,,537,26736,
3660,中国劳动关系学院,2025,福建,本科批,物理类,（500）,,535,43666,
3662,中国民航大学,2025,福建,本科批,物理类,（999）,,580,19062,
3662,中国民航大学,2025,福建,本科批,物理类,（500）,,586,10843,
3663,中国民用航空飞行学院,2025,福建,本科批,物理类,（999）,,538,28208,
3663,中国民用航空飞行学院,2025,福建,本科批,物理类,（500）,,559,21173,
3663,中国民用航空飞行学院,2025,福建,本科批,物理类,（700）,,539,41729,
3671,中国人民公安大学,2025,福建,本科批,物理类,（999）,,609,7670,
3677,中国石油大学（北京）,2025,福建,本科批,物理类,（500）,,604,7186,
3678,中国石油大学（北京）克拉玛依校区,2025,福建,本科批,物理类,（999）,,576,19495,
3678,中国石油大学（北京）克拉玛依校区,2025,福建,本科批,物理类,（500）,,577,14801,
3679,中国石油大学（华东）,2025,福建,本科批,物理类,（999）,,591,14450,
3679,中国石油大学（华东）,2025,福建,本科批,物理类,（500）,,600,8194,
3699,中南大学,2025,福建,本科批,物理类,（500）,,624,3113,
3699,中南大学,2025,福建,本科批,物理类,（516）,,620,1024,
3704,中南林业科技大学,2025,福建,本科批,物理类,（999）,,524,45540,
3704,中南林业科技大学,2025,福建,本科批,物理类,（500）,,524,37957,
3704,中南林业科技大学,2025,福建,本科批,物理类,（600）,,547,36813,
3709,中央财经大学,2025,福建,本科批,物理类,（999）,,606,3545,
3709,中央财经大学,2025,福建,本科批,物理类,（500）,,627,5008,
3712,中央美术学院,2025,福建,本科批,物理类,（999）,,571,11461,
3713,中央民族大学,2025,福建,本科批,物理类,（999）,,614,7421,
3713,中央民族大学,2025,福建,本科批,物理类,（500）,,584,6705,
3719,中原工学院,2025,福建,本科批,物理类,（999）,,499,65653,
3719,中原工学院,2025,福建,本科批,物理类,（500）,,488,55133,
3724,遵义医科大学,2025,福建,本科批,物理类,（999）,,533,45540,
3724,遵义医科大学,2025,福建,本科批,物理类,（500）,,517,42366,
3724,遵义医科大学,2025,福建,本科批,物理类,（600）,,507,50184,
1119,龙岩学院,2025,福建,本科提前批,物理类,（999）,,484,43014,
1119,龙岩学院,2025,福建,本科提前批,物理类,（500）,,473,66452,
2217,安阳工学院,2025,福建,本科提前批,物理类,（500）,,517,56618,
2229,北部湾大学,2025,福建,本科提前批,物理类,（500）,,508,59514,
2635,海南热带海洋学院,2025,福建,本科提前批,物理类,（500）,,497,72041,
2807,华东师范大学,2025,福建,本科提前批,物理类,（500）,,641,2277,
2826,华中师范大学,2025,福建,本科提前批,物理类,（999）,,624,4805,
2826,华中师范大学,2025,福建,本科提前批,物理类,（500）,,629,4244,
2826,华中师范大学,2025,福建,本科提前批,物理类,（900）,,628,5221,
3198,上海海事大学,2025,福建,本科提前批,物理类,（500）,,564,22544,
3595,浙江警察学院,2025,福建,本科提前批,物理类,（700）,,561,29212,
3671,中国人民公安大学,2025,福建,本科提前批,物理类,（500）,,631,1024,
3671,中国人民公安大学,2025,福建,本科提前批,物理类,（700）,,629,2817,
3681,中国消防救援学院,2025,福建,本科提前批,物理类,（500）,,538,12436,
3683,中国刑事警察学院,2025,福建,本科提前批,物理类,（500）,,530,3867,
2304,北京中医药大学,2025,福建,高校专项计划批,物理类,（W化）,,555,17024,
2256,北京化工大学,2025,福建,高校农村专项计划,物理类,（500）,,602,9900,
2280,北京林业大学,2025,福建,高校农村专项计划,物理类,（500）,,565,23443,
2611,哈尔滨工业大学（威海）,2025,福建,高校农村专项计划,物理类,（500）,,632,4442,
2715,黑龙江大学,2025,福建,高校农村专项计划,物理类,（500）,,555,32381,
2806,华东理工大学,2025,福建,高校农村专项计划,物理类,（500）,,607,7670,
2807,华东师范大学,2025,福建,高校农村专项计划,物理类,（500）,,620,5221,
2826,华中师范大学,2025,福建,高校农村专项计划,物理类,（999）,,602,12115,
2826,华中师范大学,2025,福建,高校农村专项计划,物理类,（500）,,602,12115,
3043,南京理工大学,2025,福建,高校农村专项计划,物理类,（999）,,590,13403,
3052,南京师范大学,2025,福建,高校农村专项计划,物理类,（999）,,613,8716,
3052,南京师范大学,2025,福建,高校农村专项计划,物理类,（500）,,589,16625,
3184,上海财经大学,2025,福建,高校农村专项计划,物理类,（999）,,617,6942,
,郑州美术学院,2025,福建,艺术类本科批,艺术类（历史）,,,475,,
1001,福建技术师范学院,2024,福建,本科批,历史类,,,,,
1002,福建江夏学院,2024,福建,本科批,历史类,,,,,
1003,福建江夏学院(国际课程项目),2024,福建,本科批,历史类,,,,,
1004,福建江夏学院(闽台合作),2024,福建,本科批,历史类,,,,,
1005,福建警察学院,2024,福建,本科批,历史类,,,,,
1027,福建理工大学,2024,福建,本科批,历史类,,,,,
1029,福建农林大学,2024,福建,本科批,历史类,,,,,
1065,福建农林大学(中外合作),2024,福建,本科批,历史类,,,,,
1066,福建农林大学金山学院,2024,福建,本科批,历史类,,,,,
1067,福建农林大学金山学院(中外合作),2024,福建,本科批,历史类,,,,,
1068,福建商学院,2024,福建,本科批,历史类,,,,,
1069,福建商学院(闽台合作),2024,福建,本科批,历史类,,,,,
1070,福建师范大学,2024,福建,本科批,历史类,,,,,
1089,福建师范大学(闽台合作),2024,福建,本科批,历史类,,,,,
1094,福建师范大学协和学院,2024,福建,本科批,历史类,,,,,
1095,福建师范大学协和学院(国际课程项目),2024,福建,本科批,历史类,,,,,
1097,福建医科大学,2024,福建,本科批,历史类,,,,,
1107,福建中医药大学,2024,福建,本科批,历史类,,,,,
1115,福建中医药大学(闽台合作),2024,福建,本科批,历史类,,,,,
1117,福州大学,2024,福建,本科批,历史类,,,,,
1122,福州大学(闽台合作),2024,福建,本科批,历史类,,,,,
1124,福州大学至诚学院,2024,福建,本科批,历史类,,,,,
1125,福州工商学院,2024,福建,本科批,历史类,,,,,
1126,福州理工学院,2024,福建,本科批,历史类,,,,,
1127,福州外语外贸学院,2024,福建,本科批,历史类,,,,,
1128,华侨大学,2024,福建,本科批,历史类,,,,,
1130,华侨大学(面向泉州),2024,福建,本科批,历史类,,,,,
1131,华侨大学(面向厦门),2024,福建,本科批,历史类,,,,,
1132,集美大学,2024,福建,本科批,历史类,,,,,
1141,集美大学(面向厦门),2024,福建,本科批,历史类,,,,,
1142,集美大学诚毅学院,2024,福建,本科批,历史类,,,,,
1143,龙岩学院,2024,福建,本科批,历史类,,,,,
1144,龙岩学院(面向龙岩),2024,福建,本科批,历史类,,,,,
1145,龙岩学院(闽台合作),2024,福建,本科批,历史类,,,,,
1146,闽江学院,2024,福建,本科批,历史类,,,,,
1147,闽江学院(国际课程项目),2024,福建,本科批,历史类,,,,,
1148,闽江学院(面向福州),2024,福建,本科批,历史类,,,,,
1149,闽江学院(闽台合作),2024,福建,本科批,历史类,,,,,
1150,闽江学院(新华都商学院),2024,福建,本科批,历史类,,,,,
1151,闽江学院(中外合作),2024,福建,本科批,历史类,,,,,
1152,闽南科技学院,2024,福建,本科批,历史类,,,,,
1153,闽南理工学院,2024,福建,本科批,历史类,,,,,
1154,闽南师范大学,2024,福建,本科批,历史类,,,,,
1163,闽南师范大学(闽台合作),2024,福建,本科批,历史类,,,,,
1164,闽南师范大学(中高计划),2024,福建,本科批,历史类,,,,,
1165,闽南师范大学(中美合作),2024,福建,本科批,历史类,,,,,
1166,宁德师范学院,2024,福建,本科批,历史类,,,,,
1167,宁德师范学院(面向宁德),2024,福建,本科批,历史类,,,,,
1168,宁德师范学院(闽台合作),2024,福建,本科批,历史类,,,,,
1169,莆田学院,2024,福建,本科批,历史类,,,,,
1175,莆田学院(面向莆田),2024,福建,本科批,历史类,,,,,
1178,莆田学院(中外合作),2024,福建,本科批,历史类,,,,,
1179,泉州师范学院,2024,福建,本科批,历史类,,,,,
1189,泉州师范学院(面向泉州),2024,福建,本科批,历史类,,,,,
1190,泉州师范学院(闽台合作),2024,福建,本科批,历史类,,,,,
1192,泉州信息工程学院,2024,福建,本科批,历史类,,,,,
1194,泉州职业技术大学,2024,福建,本科批,历史类,,,,,
1195,三明学院,2024,福建,本科批,历史类,,,,,
1204,三明学院(国际课程项目),2024,福建,本科批,历史类,,,,,
1205,三明学院(面向三明),2024,福建,本科批,历史类,,,,,
1206,三明学院(闽台合作),2024,福建,本科批,历史类,,,,,
1207,武夷学院,2024,福建,本科批,历史类,,,,,
1218,武夷学院(面向南平),2024,福建,本科批,历史类,,,,,
1219,武夷学院(闽台合作),2024,福建,本科批,历史类,,,,,
1220,厦门大学,2024,福建,本科批,历史类,,,,,
1221,厦门大学(马来西亚分校),2024,福建,本科批,历史类,,,,,
1222,厦门大学(面向厦门),2024,福建,本科批,历史类,,,,,
1223,厦门大学(面向漳州),2024,福建,本科批,历史类,,,,,
1225,厦门大学嘉庚学院,2024,福建,本科批,历史类,,,,,
1226,厦门工学院,2024,福建,本科批,历史类,,,,,
1227,厦门华厦学院,2024,福建,本科批,历史类,,,,,
1228,厦门理工学院,2024,福建,本科批,历史类,,,,,
1229,厦门理工学院(国际课程项目),2024,福建,本科批,历史类,,,,,
1230,厦门理工学院(面向厦门),2024,福建,本科批,历史类,,,,,
1231,厦门理工学院(闽台合作),2024,福建,本科批,历史类,,,,,
1232,厦门理工学院(闽台合作，面向厦门),2024,福建,本科批,历史类,,,,,
1234,厦门医学院,2024,福建,本科批,历史类,,,,,
1242,仰恩大学,2024,福建,本科批,历史类,,,,,
1243,阳光学院,2024,福建,本科批,历史类,,,,,
2245,安徽财经大学,2024,福建,本科批,历史类,,,,,
2247,安徽大学,2024,福建,本科批,历史类,,,,,
2251,安徽工业大学,2024,福建,本科批,历史类,,,,,
2256,安徽农业大学,2024,福建,本科批,历史类,,,,,
2257,安徽师范大学,2024,福建,本科批,历史类,,,,,
2258,安徽外国语学院,2024,福建,本科批,历史类,,,,,
2262,安徽医科大学(中外合作),2024,福建,本科批,历史类,,,,,
2266,安康学院,2024,福建,本科批,历史类,,,,,
2267,安庆师范大学,2024,福建,本科批,历史类,,,,,
2269,鞍山师范学院,2024,福建,本科批,历史类,,,,,
2270,安顺学院,2024,福建,本科批,历史类,,,,,
2271,安阳工学院,2024,福建,本科批,历史类,,,,,
2273,安阳师范学院,2024,福建,本科批,历史类,,,,,
2274,白城师范学院,2024,福建,本科批,历史类,,,,,
2275,白城师范学院(中外合作),2024,福建,本科批,历史类,,,,,
2276,百色学院,2024,福建,本科批,历史类,,,,,
2277,蚌埠工商学院,2024,福建,本科批,历史类,,,,,
2281,保定学院,2024,福建,本科批,历史类,,,,,
2282,宝鸡文理学院,2024,福建,本科批,历史类,,,,,
2283,北部湾大学,2024,福建,本科批,历史类,,,,,
2285,北方工业大学,2024,福建,本科批,历史类,,,,,
2287,北方民族大学,2024,福建,本科批,历史类,,,,,
2289,北海艺术设计学院,2024,福建,本科批,历史类,,,,,
2290,北华大学,2024,福建,本科批,历史类,,,,,
2292,北华航天工业学院,2024,福建,本科批,历史类,,,,,
2293,北京城市学院,2024,福建,本科批,历史类,,,,,
2294,北京大学,2024,福建,本科批,历史类,,,,,
2295,北京大学医学部,2024,福建,本科批,历史类,,,,,
2296,北京第二外国语学院,2024,福建,本科批,历史类,,,,,
2297,北京电影学院,2024,福建,本科批,历史类,,,,,
2298,北京电影学院(广播电视编导),2024,福建,本科批,历史类,,,,,
2303,北京工商大学,2024,福建,本科批,历史类,,,,,
2306,北京工业大学耿丹学院,2024,福建,本科批,历史类,,,,,
2307,北京航空航天大学,2024,福建,本科批,历史类,,,,,
2309,北京化工大学,2024,福建,本科批,历史类,,,,,
2312,北京交通大学,2024,福建,本科批,历史类,,,,,
2316,北京交通大学(威海校区),2024,福建,本科批,历史类,,,,,
2317,北京科技大学,2024,福建,本科批,历史类,,,,,
2318,北京科技大学天津学院,2024,福建,本科批,历史类,,,,,
2319,北京理工大学,2024,福建,本科批,历史类,,,,,
2320,北京联合大学,2024,福建,本科批,历史类,,,,,
2321,北京林业大学,2024,福建,本科批,历史类,,,,,
2323,北京师范大学,2024,福建,本科批,历史类,,,,,
2325,北京师范大学(珠海校区),2024,福建,本科批,历史类,,,,,
2326,北京师范大学-香港浸会大学联合国际学院,2024,福建,本科批,历史类,,,,,
2328,北京体育大学,2024,福建,本科批,历史类,,,,,
2329,北京体育大学(中外合作),2024,福建,本科批,历史类,,,,,
2330,北京外国语大学,2024,福建,本科批,历史类,,,,,
2333,北京物资学院,2024,福建,本科批,历史类,,,,,
2336,北京印刷学院,2024,福建,本科批,历史类,,,,,
2341,北京语言大学,2024,福建,本科批,历史类,,,,,
2342,北京中医药大学,2024,福建,本科批,历史类,,,,,
2343,北京中医药大学东方学院,2024,福建,本科批,历史类,,,,,
2344,滨州医学院,2024,福建,本科批,历史类,,,,,
2345,渤海大学,2024,福建,本科批,历史类,,,,,
2346,沧州交通学院,2024,福建,本科批,历史类,,,,,
2347,沧州师范学院,2024,福建,本科批,历史类,,,,,
2348,长安大学,2024,福建,本科批,历史类,,,,,
2351,长春财经学院,2024,福建,本科批,历史类,,,,,
2352,长春大学,2024,福建,本科批,历史类,,,,,
2353,长春大学(中外合作1),2024,福建,本科批,历史类,,,,,
2355,长春大学旅游学院,2024,福建,本科批,历史类,,,,,
2361,长春工业大学人文信息学院,2024,福建,本科批,历史类,,,,,
2362,长春光华学院,2024,福建,本科批,历史类,,,,,
2363,长春建筑学院,2024,福建,本科批,历史类,,,,,
2365,长春理工大学,2024,福建,本科批,历史类,,,,,
2369,长春人文学院,2024,福建,本科批,历史类,,,,,
2370,长春师范大学,2024,福建,本科批,历史类,,,,,
2372,长江大学,2024,福建,本科批,历史类,,,,,
2374,长江大学文理学院,2024,福建,本科批,历史类,,,,,
2375,长江师范学院,2024,福建,本科批,历史类,,,,,
2377,长沙理工大学,2024,福建,本科批,历史类,,,,,
2378,长沙理工大学城南学院,2024,福建,本科批,历史类,,,,,
2379,长沙师范学院,2024,福建,本科批,历史类,,,,,
2380,长沙学院,2024,福建,本科批,历史类,,,,,
2382,常熟理工学院,2024,福建,本科批,历史类,,,,,
2383,长治学院,2024,福建,本科批,历史类,,,,,
2385,常州大学,2024,福建,本科批,历史类,,,,,
2386,常州大学怀德学院,2024,福建,本科批,历史类,,,,,
2389,成都大学,2024,福建,本科批,历史类,,,,,
2391,成都大学(中英合作),2024,福建,本科批,历史类,,,,,
2392,成都东软学院,2024,福建,本科批,历史类,,,,,
2394,成都锦城学院,2024,福建,本科批,历史类,,,,,
2396,成都理工大学工程技术学院,2024,福建,本科批,历史类,,,,,
2397,成都师范学院,2024,福建,本科批,历史类,,,,,
2398,成都体育学院,2024,福建,本科批,历史类,,,,,
2399,成都外国语学院,2024,福建,本科批,历史类,,,,,
2400,成都信息工程大学,2024,福建,本科批,历史类,,,,,
2404,成都中医药大学(中外合作),2024,福建,本科批,历史类,,,,,
2405,池州学院,2024,福建,本科批,历史类,,,,,
2406,重庆财经学院,2024,福建,本科批,历史类,,,,,
2408,重庆大学,2024,福建,本科批,历史类,,,,,
2409,重庆大学(艺术学门类),2024,福建,本科批,历史类,,,,,
2411,重庆第二师范学院,2024,福建,本科批,历史类,,,,,
2412,重庆对外经贸学院,2024,福建,本科批,历史类,,,,,
2413,重庆工程学院,2024,福建,本科批,历史类,,,,,
2414,重庆工商大学,2024,福建,本科批,历史类,,,,,
2416,重庆科技大学,2024,福建,本科批,历史类,,,,,
2417,重庆理工大学,2024,福建,本科批,历史类,,,,,
2418,重庆人文科技学院,2024,福建,本科批,历史类,,,,,
2419,重庆三峡学院,2024,福建,本科批,历史类,,,,,
2420,重庆师范大学,2024,福建,本科批,历史类,,,,,
2421,重庆外语外事学院,2024,福建,本科批,历史类,,,,,
2422,重庆文理学院,2024,福建,本科批,历史类,,,,,
2427,重庆移通学院,2024,福建,本科批,历史类,,,,,
2430,楚雄师范学院,2024,福建,本科批,历史类,,,,,
2431,川北医学院,2024,福建,本科批,历史类,,,,,
2432,大理大学,2024,福建,本科批,历史类,,,,,
2433,大连财经学院,2024,福建,本科批,历史类,,,,,
2434,大连大学,2024,福建,本科批,历史类,,,,,
2438,大连海事大学,2024,福建,本科批,历史类,,,,,
2439,大连海事大学(中外合作),2024,福建,本科批,历史类,,,,,
2443,大连交通大学(中外合作),2024,福建,本科批,历史类,,,,,
2449,大连民族大学,2024,福建,本科批,历史类,,,,,
2450,大连外国语大学,2024,福建,本科批,历史类,,,,,
2454,大连医科大学中山学院,2024,福建,本科批,历史类,,,,,
2456,德州学院,2024,福建,本科批,历史类,,,,,
2457,滇池学院,2024,福建,本科批,历史类,,,,,
2458,滇西应用技术大学,2024,福建,本科批,历史类,,,,,
2459,电子科技大学,2024,福建,本科批,历史类,,,,,
2462,电子科技大学成都学院,2024,福建,本科批,历史类,,,,,
2463,电子科技大学中山学院,2024,福建,本科批,历史类,,,,,
2464,东北财经大学,2024,福建,本科批,历史类,,,,,
2465,东北财经大学(中外合作),2024,福建,本科批,历史类,,,,,
2466,东北大学,2024,福建,本科批,历史类,,,,,
2467,东北大学秦皇岛分校,2024,福建,本科批,历史类,,,,,
2469,东北电力大学,2024,福建,本科批,历史类,,,,,
2472,东北林业大学,2024,福建,本科批,历史类,,,,,
2474,东北农业大学,2024,福建,本科批,历史类,,,,,
2475,东北师范大学,2024,福建,本科批,历史类,,,,,
2478,东华大学,2024,福建,本科批,历史类,,,,,
2480,东华理工大学(中高计划),2024,福建,本科批,历史类,,,,,
2481,东南大学,2024,福建,本科批,历史类,,,,,
2482,东南大学成贤学院,2024,福建,本科批,历史类,,,,,
2483,东莞城市学院,2024,福建,本科批,历史类,,,,,
2485,对外经济贸易大学,2024,福建,本科批,历史类,,,,,
2486,防灾科技学院,2024,福建,本科批,历史类,,,,,
2487,佛山大学,2024,福建,本科批,历史类,,,,,
2488,复旦大学,2024,福建,本科批,历史类,,,,,
2492,阜阳理工学院,2024,福建,本科批,历史类,,,,,
2493,阜阳师范大学,2024,福建,本科批,历史类,,,,,
2494,赣东学院,2024,福建,本科批,历史类,,,,,
2495,赣南科技学院,2024,福建,本科批,历史类,,,,,
2496,赣南师范大学,2024,福建,本科批,历史类,,,,,
2497,赣南师范大学科技学院,2024,福建,本科批,历史类,,,,,
2500,甘肃农业大学,2024,福建,本科批,历史类,,,,,
2501,甘肃政法大学,2024,福建,本科批,历史类,,,,,
2503,广东财经大学,2024,福建,本科批,历史类,,,,,
2505,广东工商职业技术大学,2024,福建,本科批,历史类,,,,,
2506,广东工业大学,2024,福建,本科批,历史类,,,,,
2507,广东工业大学(国际班),2024,福建,本科批,历史类,,,,,
2510,广东技术师范大学,2024,福建,本科批,历史类,,,,,
2511,广东金融学院,2024,福建,本科批,历史类,,,,,
2512,广东警官学院,2024,福建,本科批,历史类,,,,,
2513,广东科技学院,2024,福建,本科批,历史类,,,,,
2514,广东理工学院,2024,福建,本科批,历史类,,,,,
2515,广东培正学院,2024,福建,本科批,历史类,,,,,
2516,广东石油化工学院,2024,福建,本科批,历史类,,,,,
2517,广东外语外贸大学,2024,福建,本科批,历史类,,,,,
2518,广东外语外贸大学南国商学院,2024,福建,本科批,历史类,,,,,
2520,广东医科大学,2024,福建,本科批,历史类,,,,,
2522,广西财经学院,2024,福建,本科批,历史类,,,,,
2526,广西科技师范学院,2024,福建,本科批,历史类,,,,,
2527,广西民族大学,2024,福建,本科批,历史类,,,,,
2528,广西民族大学相思湖学院,2024,福建,本科批,历史类,,,,,
2529,广西民族师范学院,2024,福建,本科批,历史类,,,,,
2530,广西农业职业技术大学,2024,福建,本科批,历史类,,,,,
2531,广西师范大学,2024,福建,本科批,历史类,,,,,
2533,广西外国语学院,2024,福建,本科批,历史类,,,,,
2538,广州城市理工学院,2024,福建,本科批,历史类,,,,,
2539,广州大学,2024,福建,本科批,历史类,,,,,
2540,广州工商学院,2024,福建,本科批,历史类,,,,,
2542,广州华立学院,2024,福建,本科批,历史类,,,,,
2544,广州南方学院,2024,福建,本科批,历史类,,,,,
2546,广州商学院,2024,福建,本科批,历史类,,,,,
2548,广州新华学院,2024,福建,本科批,历史类,,,,,
2550,广州应用科技学院,2024,福建,本科批,历史类,,,,,
2551,广州中医药大学,2024,福建,本科批,历史类,,,,,
2553,桂林电子科技大学(边防子女预科班),2024,福建,本科批,历史类,,,,,
2554,桂林航天工业学院,2024,福建,本科批,历史类,,,,,
2555,桂林理工大学,2024,福建,本科批,历史类,,,,,
2557,桂林旅游学院,2024,福建,本科批,历史类,,,,,
2558,桂林旅游学院(中外合作),2024,福建,本科批,历史类,,,,,
2559,桂林信息科技学院,2024,福建,本科批,历史类,,,,,
2560,桂林学院,2024,福建,本科批,历史类,,,,,
2562,贵阳人文科技学院,2024,福建,本科批,历史类,,,,,
2564,贵阳学院,2024,福建,本科批,历史类,,,,,
2565,贵州财经大学,2024,福建,本科批,历史类,,,,,
2567,贵州大学,2024,福建,本科批,历史类,,,,,
2571,贵州工程应用技术学院,2024,福建,本科批,历史类,,,,,
2572,贵州警察学院,2024,福建,本科批,历史类,,,,,
2574,贵州民族大学,2024,福建,本科批,历史类,,,,,
2575,贵州黔南经济学院,2024,福建,本科批,历史类,,,,,
2576,贵州黔南科技学院,2024,福建,本科批,历史类,,,,,
2577,贵州师范学院,2024,福建,本科批,历史类,,,,,
2590,哈尔滨工程大学,2024,福建,本科批,历史类,,,,,
2596,哈尔滨工业大学(深圳),2024,福建,本科批,历史类,,,,,
2600,哈尔滨金融学院,2024,福建,本科批,历史类,,,,,
2602,哈尔滨商业大学,2024,福建,本科批,历史类,,,,,
2603,哈尔滨师范大学,2024,福建,本科批,历史类,,,,,
2605,哈尔滨学院,2024,福建,本科批,历史类,,,,,
2608,哈尔滨音乐学院,2024,福建,本科批,历史类,,,,,
2615,海口经济学院,2024,福建,本科批,历史类,,,,,
2617,海南大学,2024,福建,本科批,历史类,,,,,
2619,海南大学(中外合作),2024,福建,本科批,历史类,,,,,
2620,海南热带海洋学院,2024,福建,本科批,历史类,,,,,
2621,海南热带海洋学院(中外合作),2024,福建,本科批,历史类,,,,,
2622,海南师范大学,2024,福建,本科批,历史类,,,,,
2624,海南师范大学(中外合作),2024,福建,本科批,历史类,,,,,
2627,邯郸学院,2024,福建,本科批,历史类,,,,,
2629,韩山师范学院,2024,福建,本科批,历史类,,,,,
2630,杭州电子科技大学,2024,福建,本科批,历史类,,,,,
2633,杭州师范大学,2024,福建,本科批,历史类,,,,,
2636,河北传媒学院,2024,福建,本科批,历史类,,,,,
2637,河北大学,2024,福建,本科批,历史类,,,,,
2638,河北地质大学,2024,福建,本科批,历史类,,,,,
2639,河北东方学院,2024,福建,本科批,历史类,,,,,
2640,河北工程大学,2024,福建,本科批,历史类,,,,,
2641,河北工程大学科信学院,2024,福建,本科批,历史类,,,,,
2644,河北环境工程学院,2024,福建,本科批,历史类,,,,,
2646,河北金融学院,2024,福建,本科批,历史类,,,,,
2647,河北金融学院(爱尔兰校区),2024,福建,本科批,历史类,,,,,
2648,河北经贸大学,2024,福建,本科批,历史类,,,,,
2651,河北科技工程职业技术大学,2024,福建,本科批,历史类,,,,,
2652,河北科技师范学院,2024,福建,本科批,历史类,,,,,
2654,河北师范大学,2024,福建,本科批,历史类,,,,,
2657,河北外国语学院,2024,福建,本科批,历史类,,,,,
2658,河北医科大学,2024,福建,本科批,历史类,,,,,
2659,河北医科大学临床学院,2024,福建,本科批,历史类,,,,,
2661,河池学院,2024,福建,本科批,历史类,,,,,
2662,合肥城市学院,2024,福建,本科批,历史类,,,,,
2663,合肥大学,2024,福建,本科批,历史类,,,,,
2666,合肥工业大学(宣城校区),2024,福建,本科批,历史类,,,,,
2667,合肥师范学院,2024,福建,本科批,历史类,,,,,
2668,河海大学,2024,福建,本科批,历史类,,,,,
2670,河南财经政法大学,2024,福建,本科批,历史类,,,,,
2672,河南财政金融学院,2024,福建,本科批,历史类,,,,,
2673,河南城建学院,2024,福建,本科批,历史类,,,,,
2674,河南大学,2024,福建,本科批,历史类,,,,,
2676,河南工程学院,2024,福建,本科批,历史类,,,,,
2678,河南工业大学,2024,福建,本科批,历史类,,,,,
2680,河南开封科技传媒学院,2024,福建,本科批,历史类,,,,,
2681,河南科技大学,2024,福建,本科批,历史类,,,,,
2682,河南科技学院,2024,福建,本科批,历史类,,,,,
2683,河南理工大学,2024,福建,本科批,历史类,,,,,
2685,河南农业大学,2024,福建,本科批,历史类,,,,,
2687,河南师范大学,2024,福建,本科批,历史类,,,,,
2688,河南中医药大学,2024,福建,本科批,历史类,,,,,
2689,菏泽学院,2024,福建,本科批,历史类,,,,,
2691,黑河学院,2024,福建,本科批,历史类,,,,,
2693,黑龙江财经学院,2024,福建,本科批,历史类,,,,,
2694,黑龙江大学,2024,福建,本科批,历史类,,,,,
2696,黑龙江工程学院,2024,福建,本科批,历史类,,,,,
2697,黑龙江工商学院,2024,福建,本科批,历史类,,,,,
2698,黑龙江科技大学,2024,福建,本科批,历史类,,,,,
2699,黑龙江外国语学院,2024,福建,本科批,历史类,,,,,
2701,衡水学院,2024,福建,本科批,历史类,,,,,
2703,衡阳师范学院,2024,福建,本科批,历史类,,,,,
2704,衡阳师范学院南岳学院,2024,福建,本科批,历史类,,,,,
2705,红河学院,2024,福建,本科批,历史类,,,,,
2706,湖北大学,2024,福建,本科批,历史类,,,,,
2707,湖北大学(中外合作),2024,福建,本科批,历史类,,,,,
2708,湖北大学知行学院,2024,福建,本科批,历史类,,,,,
2709,湖北第二师范学院,2024,福建,本科批,历史类,,,,,
2710,湖北恩施学院,2024,福建,本科批,历史类,,,,,
2711,湖北工程学院,2024,福建,本科批,历史类,,,,,
2712,湖北工程学院新技术学院,2024,福建,本科批,历史类,,,,,
2714,湖北工业大学工程技术学院,2024,福建,本科批,历史类,,,,,
2715,湖北警官学院,2024,福建,本科批,历史类,,,,,
2716,湖北经济学院,2024,福建,本科批,历史类,,,,,
2717,湖北经济学院法商学院,2024,福建,本科批,历史类,,,,,
2720,湖北理工学院,2024,福建,本科批,历史类,,,,,
2722,湖北美术学院,2024,福建,本科批,历史类,,,,,
2723,湖北民族大学,2024,福建,本科批,历史类,,,,,
2725,湖北商贸学院,2024,福建,本科批,历史类,,,,,
2726,湖北师范大学,2024,福建,本科批,历史类,,,,,
2728,湖北师范大学文理学院,2024,福建,本科批,历史类,,,,,
2729,湖北文理学院,2024,福建,本科批,历史类,,,,,
2730,湖北文理学院理工学院,2024,福建,本科批,历史类,,,,,
2733,湖北中医药大学,2024,福建,本科批,历史类,,,,,
2734,湖南财政经济学院,2024,福建,本科批,历史类,,,,,
2735,湖南城市学院,2024,福建,本科批,历史类,,,,,
2736,湖南大学,2024,福建,本科批,历史类,,,,,
2738,湖南大学(广播电视编导),2024,福建,本科批,历史类,,,,,
2740,湖南工程学院,2024,福建,本科批,历史类,,,,,
2742,湖南工程学院应用技术学院,2024,福建,本科批,历史类,,,,,
2743,湖南工商大学,2024,福建,本科批,历史类,,,,,
2744,湖南工学院,2024,福建,本科批,历史类,,,,,
2745,湖南工业大学,2024,福建,本科批,历史类,,,,,
2746,湖南工业大学科技学院,2024,福建,本科批,历史类,,,,,
2747,湖南交通工程学院,2024,福建,本科批,历史类,,,,,
2748,湖南警察学院,2024,福建,本科批,历史类,,,,,
2749,湖南科技大学,2024,福建,本科批,历史类,,,,,
2750,湖南科技大学潇湘学院,2024,福建,本科批,历史类,,,,,
2751,湖南科技学院,2024,福建,本科批,历史类,,,,,
2752,湖南理工学院,2024,福建,本科批,历史类,,,,,
2754,湖南理工学院南湖学院,2024,福建,本科批,历史类,,,,,
2755,湖南农业大学,2024,福建,本科批,历史类,,,,,
2756,湖南农业大学东方科技学院,2024,福建,本科批,历史类,,,,,
2757,湖南人文科技学院,2024,福建,本科批,历史类,,,,,
2758,湖南人文科技学院(中外合作),2024,福建,本科批,历史类,,,,,
2759,湖南涉外经济学院,2024,福建,本科批,历史类,,,,,
2760,湖南师范大学,2024,福建,本科批,历史类,,,,,
2762,湖南文理学院,2024,福建,本科批,历史类,,,,,
2763,湖南文理学院芙蓉学院,2024,福建,本科批,历史类,,,,,
2765,湖南中医药大学,2024,福建,本科批,历史类,,,,,
2766,湖南中医药大学湘杏学院,2024,福建,本科批,历史类,,,,,
2769,华北电力大学(保定),2024,福建,本科批,历史类,,,,,
2770,华北电力大学(北京),2024,福建,本科批,历史类,,,,,
2771,华北科技学院,2024,福建,本科批,历史类,,,,,
2772,华北理工大学,2024,福建,本科批,历史类,,,,,
2773,华北理工大学轻工学院,2024,福建,本科批,历史类,,,,,
2775,华东交通大学,2024,福建,本科批,历史类,,,,,
2776,华东交通大学(高收费),2024,福建,本科批,历史类,,,,,
2777,华东交通大学(中高计划),2024,福建,本科批,历史类,,,,,
2778,华东理工大学,2024,福建,本科批,历史类,,,,,
2779,华东师范大学,2024,福建,本科批,历史类,,,,,
2780,华东政法大学,2024,福建,本科批,历史类,,,,,
2782,华南理工大学,2024,福建,本科批,历史类,,,,,
2785,华南师范大学,2024,福建,本科批,历史类,,,,,
2786,华中科技大学,2024,福建,本科批,历史类,,,,,
2788,华中农业大学,2024,福建,本科批,历史类,,,,,
2789,华中师范大学,2024,福建,本科批,历史类,,,,,
2790,淮北师范大学,2024,福建,本科批,历史类,,,,,
2791,怀化学院,2024,福建,本科批,历史类,,,,,
2792,淮阴工学院,2024,福建,本科批,历史类,,,,,
2793,淮阴师范学院,2024,福建,本科批,历史类,,,,,
2795,黄河科技学院,2024,福建,本科批,历史类,,,,,
2796,黄淮学院,2024,福建,本科批,历史类,,,,,
2799,吉利学院,2024,福建,本科批,历史类,,,,,
2800,吉林财经大学,2024,福建,本科批,历史类,,,,,
2801,吉林大学,2024,福建,本科批,历史类,,,,,
2806,吉林工程技术师范学院,2024,福建,本科批,历史类,,,,,
2807,吉林工商学院,2024,福建,本科批,历史类,,,,,
2808,吉林建筑大学,2024,福建,本科批,历史类,,,,,
2810,吉林建筑科技学院,2024,福建,本科批,历史类,,,,,
2811,吉林农业大学,2024,福建,本科批,历史类,,,,,
2812,吉林农业科技学院,2024,福建,本科批,历史类,,,,,
2813,吉林师范大学,2024,福建,本科批,历史类,,,,,
2814,吉林师范大学博达学院,2024,福建,本科批,历史类,,,,,
2815,吉林外国语大学,2024,福建,本科批,历史类,,,,,
2819,济南大学,2024,福建,本科批,历史类,,,,,
2820,暨南大学,2024,福建,本科批,历史类,,,,,
2824,吉首大学,2024,福建,本科批,历史类,,,,,
2827,嘉兴南湖学院,2024,福建,本科批,历史类,,,,,
2828,嘉应学院,2024,福建,本科批,历史类,,,,,
2830,江南大学,2024,福建,本科批,历史类,,,,,
2832,江苏大学,2024,福建,本科批,历史类,,,,,
2833,江苏大学京江学院,2024,福建,本科批,历史类,,,,,
2835,江苏海洋大学,2024,福建,本科批,历史类,,,,,
2836,江苏科技大学,2024,福建,本科批,历史类,,,,,
2837,江苏科技大学苏州理工学院,2024,福建,本科批,历史类,,,,,
2838,江苏理工学院,2024,福建,本科批,历史类,,,,,
2840,江苏师范大学,2024,福建,本科批,历史类,,,,,
2841,江苏师范大学科文学院,2024,福建,本科批,历史类,,,,,
2842,江西财经大学,2024,福建,本科批,历史类,,,,,
2844,江西财经大学现代经济管理学院,2024,福建,本科批,历史类,,,,,
2845,江西飞行学院,2024,福建,本科批,历史类,,,,,
2846,江西服装学院,2024,福建,本科批,历史类,,,,,
2847,江西工程学院,2024,福建,本科批,历史类,,,,,
2848,江西警察学院,2024,福建,本科批,历史类,,,,,
2849,江西科技师范大学,2024,福建,本科批,历史类,,,,,
2850,江西科技学院,2024,福建,本科批,历史类,,,,,
2851,江西理工大学,2024,福建,本科批,历史类,,,,,
2854,江西农业大学,2024,福建,本科批,历史类,,,,,
2855,江西农业大学南昌商学院,2024,福建,本科批,历史类,,,,,
2856,江西软件职业技术大学,2024,福建,本科批,历史类,,,,,
2857,江西师范大学,2024,福建,本科批,历史类,,,,,
2859,江西师范大学科学技术学院,2024,福建,本科批,历史类,,,,,
2860,江西应用科技学院,2024,福建,本科批,历史类,,,,,
2861,江西中医药大学,2024,福建,本科批,历史类,,,,,
2862,金陵科技学院,2024,福建,本科批,历史类,,,,,
2865,荆楚理工学院,2024,福建,本科批,历史类,,,,,
2866,景德镇陶瓷大学,2024,福建,本科批,历史类,,,,,
2867,景德镇学院,2024,福建,本科批,历史类,,,,,
2868,景德镇艺术职业大学,2024,福建,本科批,历史类,,,,,
2869,井冈山大学,2024,福建,本科批,历史类,,,,,
2870,九江学院,2024,福建,本科批,历史类,,,,,
2871,喀什大学,2024,福建,本科批,历史类,,,,,
2881,昆明理工大学,2024,福建,本科批,历史类,,,,,
2883,昆明理工大学津桥学院,2024,福建,本科批,历史类,,,,,
2884,昆明文理学院,2024,福建,本科批,历史类,,,,,
2885,昆明学院,2024,福建,本科批,历史类,,,,,
2887,昆明医科大学海源学院,2024,福建,本科批,历史类,,,,,
2890,兰州财经大学,2024,福建,本科批,历史类,,,,,
2891,兰州城市学院,2024,福建,本科批,历史类,,,,,
2892,兰州大学,2024,福建,本科批,历史类,,,,,
2894,兰州工商学院,2024,福建,本科批,历史类,,,,,
2895,兰州交通大学,2024,福建,本科批,历史类,,,,,
2897,兰州石化职业技术大学,2024,福建,本科批,历史类,,,,,
2899,廊坊师范学院,2024,福建,本科批,历史类,,,,,
2900,乐山师范学院,2024,福建,本科批,历史类,,,,,
2901,丽江文化旅游学院,2024,福建,本科批,历史类,,,,,
2902,丽水学院,2024,福建,本科批,历史类,,,,,
2903,聊城大学,2024,福建,本科批,历史类,,,,,
2904,辽宁传媒学院,2024,福建,本科批,历史类,,,,,
2905,辽宁大学,2024,福建,本科批,历史类,,,,,
2906,辽宁大学(中高计划),2024,福建,本科批,历史类,,,,,
2909,辽宁对外经贸学院,2024,福建,本科批,历史类,,,,,
2910,辽宁工程技术大学,2024,福建,本科批,历史类,,,,,
2916,辽宁师范大学海华学院,2024,福建,本科批,历史类,,,,,
2920,临沂大学,2024,福建,本科批,历史类,,,,,
2921,岭南师范学院,2024,福建,本科批,历史类,,,,,
2922,六盘水师范学院,2024,福建,本科批,历史类,,,,,
2924,陇东学院,2024,福建,本科批,历史类,,,,,
2925,鲁东大学,2024,福建,本科批,历史类,,,,,
2937,洛阳理工学院,2024,福建,本科批,历史类,,,,,
2938,洛阳师范学院,2024,福建,本科批,历史类,,,,,
2939,吕梁学院,2024,福建,本科批,历史类,,,,,
2940,马鞍山学院,2024,福建,本科批,历史类,,,,,
2942,绵阳城市学院,2024,福建,本科批,历史类,,,,,
2943,绵阳师范学院,2024,福建,本科批,历史类,,,,,
2944,民政职业大学,2024,福建,本科批,历史类,,,,,
2945,牡丹江师范学院,2024,福建,本科批,历史类,,,,,
2947,南昌大学,2024,福建,本科批,历史类,,,,,
2949,南昌大学共青学院,2024,福建,本科批,历史类,,,,,
2950,南昌大学科学技术学院,2024,福建,本科批,历史类,,,,,
2951,南昌工程学院,2024,福建,本科批,历史类,,,,,
2953,南昌工学院,2024,福建,本科批,历史类,,,,,
2954,南昌航空大学,2024,福建,本科批,历史类,,,,,
2956,南昌航空大学科技学院,2024,福建,本科批,历史类,,,,,
2957,南昌交通学院,2024,福建,本科批,历史类,,,,,
2958,南昌理工学院,2024,福建,本科批,历史类,,,,,
2959,南昌师范学院,2024,福建,本科批,历史类,,,,,
2960,南昌医学院,2024,福建,本科批,历史类,,,,,
2961,南昌应用技术师范学院,2024,福建,本科批,历史类,,,,,
2962,南昌职业大学,2024,福建,本科批,历史类,,,,,
2964,南方医科大学,2024,福建,本科批,历史类,,,,,
2965,南华大学,2024,福建,本科批,历史类,,,,,
2966,南华大学船山学院,2024,福建,本科批,历史类,,,,,
2967,南京财经大学,2024,福建,本科批,历史类,,,,,
2968,南京财经大学红山学院,2024,福建,本科批,历史类,,,,,
2969,南京传媒学院,2024,福建,本科批,历史类,,,,,
2970,南京大学,2024,福建,本科批,历史类,,,,,
2972,南京工程学院,2024,福建,本科批,历史类,,,,,
2974,南京工业大学,2024,福建,本科批,历史类,,,,,
2976,南京工业大学浦江学院,2024,福建,本科批,历史类,,,,,
2977,南京工业职业技术大学,2024,福建,本科批,历史类,,,,,
2978,南京航空航天大学,2024,福建,本科批,历史类,,,,,
2979,南京航空航天大学金城学院,2024,福建,本科批,历史类,,,,,
2982,南京理工大学,2024,福建,本科批,历史类,,,,,
2984,南京理工大学紫金学院,2024,福建,本科批,历史类,,,,,
2985,南京林业大学,2024,福建,本科批,历史类,,,,,
2986,南京农业大学,2024,福建,本科批,历史类,,,,,
2987,南京审计大学,2024,福建,本科批,历史类,,,,,
2988,南京审计大学(中外合作),2024,福建,本科批,历史类,,,,,
2989,南京审计大学金审学院,2024,福建,本科批,历史类,,,,,
2990,南京师范大学,2024,福建,本科批,历史类,,,,,
2991,南京特殊教育师范学院,2024,福建,本科批,历史类,,,,,
2993,南京晓庄学院,2024,福建,本科批,历史类,,,,,
2997,南京医科大学康达学院,2024,福建,本科批,历史类,,,,,
2998,南京艺术学院,2024,福建,本科批,历史类,,,,,
3001,南开大学,2024,福建,本科批,历史类,,,,,
3002,南宁理工学院,2024,福建,本科批,历史类,,,,,
3003,南宁师范大学,2024,福建,本科批,历史类,,,,,
3005,南宁学院,2024,福建,本科批,历史类,,,,,
3006,南通大学,2024,福建,本科批,历史类,,,,,
3007,南通理工学院,2024,福建,本科批,历史类,,,,,
3008,南阳理工学院,2024,福建,本科批,历史类,,,,,
3010,南阳师范学院,2024,福建,本科批,历史类,,,,,
3011,内江师范学院,2024,福建,本科批,历史类,,,,,
3013,内蒙古科技大学,2024,福建,本科批,历史类,,,,,
3014,内蒙古民族大学,2024,福建,本科批,历史类,,,,,
3016,内蒙古师范大学,2024,福建,本科批,历史类,,,,,
3019,宁波财经学院,2024,福建,本科批,历史类,,,,,
3020,宁波大学,2024,福建,本科批,历史类,,,,,
3021,宁波大学(中外合作),2024,福建,本科批,历史类,,,,,
3022,宁波大学科学技术学院,2024,福建,本科批,历史类,,,,,
3023,宁波工程学院,2024,福建,本科批,历史类,,,,,
3025,宁波诺丁汉大学,2024,福建,本科批,历史类,,,,,
3026,宁夏大学,2024,福建,本科批,历史类,,,,,
3027,宁夏大学(高收费),2024,福建,本科批,历史类,,,,,
3030,宁夏理工学院,2024,福建,本科批,历史类,,,,,
3032,攀枝花学院,2024,福建,本科批,历史类,,,,,
3033,平顶山学院,2024,福建,本科批,历史类,,,,,
3034,萍乡学院,2024,福建,本科批,历史类,,,,,
3036,齐鲁工业大学,2024,福建,本科批,历史类,,,,,
3037,齐鲁理工学院,2024,福建,本科批,历史类,,,,,
3038,齐鲁医药学院,2024,福建,本科批,历史类,,,,,
3039,齐齐哈尔大学,2024,福建,本科批,历史类,,,,,
3040,齐齐哈尔医学院,2024,福建,本科批,历史类,,,,,
3043,青岛城市学院,2024,福建,本科批,历史类,,,,,
3044,青岛大学,2024,福建,本科批,历史类,,,,,
3045,青岛电影学院,2024,福建,本科批,历史类,,,,,
3046,青岛工学院,2024,福建,本科批,历史类,,,,,
3047,青岛恒星科技学院,2024,福建,本科批,历史类,,,,,
3051,青岛理工大学,2024,福建,本科批,历史类,,,,,
3052,青岛理工大学(中外合作),2024,福建,本科批,历史类,,,,,
3054,青岛农业大学海都学院,2024,福建,本科批,历史类,,,,,
3056,青海民族大学,2024,福建,本科批,历史类,,,,,
3058,青海师范大学,2024,福建,本科批,历史类,,,,,
3059,清华大学,2024,福建,本科批,历史类,,,,,
3060,琼台师范学院,2024,福建,本科批,历史类,,,,,
3061,曲阜师范大学,2024,福建,本科批,历史类,,,,,
3062,曲靖师范学院,2024,福建,本科批,历史类,,,,,
3063,衢州学院,2024,福建,本科批,历史类,,,,,
3064,三江学院,2024,福建,本科批,历史类,,,,,
3065,三峡大学,2024,福建,本科批,历史类,,,,,
3067,三峡大学科技学院,2024,福建,本科批,历史类,,,,,
3068,三亚学院,2024,福建,本科批,历史类,,,,,
3069,山东财经大学,2024,福建,本科批,历史类,,,,,
3070,山东大学,2024,福建,本科批,历史类,,,,,
3072,山东大学威海分校,2024,福建,本科批,历史类,,,,,
3074,山东第一医科大学,2024,福建,本科批,历史类,,,,,
3075,山东工商学院,2024,福建,本科批,历史类,,,,,
3078,山东建筑大学,2024,福建,本科批,历史类,,,,,
3080,山东交通学院,2024,福建,本科批,历史类,,,,,
3081,山东科技大学,2024,福建,本科批,历史类,,,,,
3084,山东农业大学,2024,福建,本科批,历史类,,,,,
3085,山东女子学院,2024,福建,本科批,历史类,,,,,
3086,山东师范大学,2024,福建,本科批,历史类,,,,,
3087,山东石油化工学院,2024,福建,本科批,历史类,,,,,
3088,山东外国语职业技术大学,2024,福建,本科批,历史类,,,,,
3089,山东协和学院,2024,福建,本科批,历史类,,,,,
3090,山东艺术学院,2024,福建,本科批,历史类,,,,,
3091,山东英才学院,2024,福建,本科批,历史类,,,,,
3092,山东中医药大学,2024,福建,本科批,历史类,,,,,
3093,汕头大学,2024,福建,本科批,历史类,,,,,
3094,山西财经大学,2024,福建,本科批,历史类,,,,,
3095,山西传媒学院,2024,福建,本科批,历史类,,,,,
3096,山西大同大学,2024,福建,本科批,历史类,,,,,
3097,山西大学,2024,福建,本科批,历史类,,,,,
3100,山西晋中理工学院,2024,福建,本科批,历史类,,,,,
3103,陕西理工大学,2024,福建,本科批,历史类,,,,,
3105,山西农业大学,2024,福建,本科批,历史类,,,,,
3106,山西师范大学,2024,福建,本科批,历史类,,,,,
3107,陕西师范大学,2024,福建,本科批,历史类,,,,,
3109,山西医科大学,2024,福建,本科批,历史类,,,,,
3111,山西中医药大学,2024,福建,本科批,历史类,,,,,
3112,上海财经大学,2024,福建,本科批,历史类,,,,,
3113,上海财经大学浙江学院,2024,福建,本科批,历史类,,,,,
3114,上海大学,2024,福建,本科批,历史类,,,,,
3115,上海大学,2024,福建,本科批,历史类,,,,,
3121,上海对外经贸大学,2024,福建,本科批,历史类,,,,,
3122,上海对外经贸大学(中外合作),2024,福建,本科批,历史类,,,,,
3124,上海海关学院,2024,福建,本科批,历史类,,,,,
3127,上海海事大学,2024,福建,本科批,历史类,,,,,
3128,上海海洋大学,2024,福建,本科批,历史类,,,,,
3131,上海建桥学院,2024,福建,本科批,历史类,,,,,
3132,上海交通大学,2024,福建,本科批,历史类,,,,,
3137,上海立达学院,2024,福建,本科批,历史类,,,,,
3138,上海理工大学,2024,福建,本科批,历史类,,,,,
3139,上海理工大学(中外合作),2024,福建,本科批,历史类,,,,,
3140,上海立信会计金融学院,2024,福建,本科批,历史类,,,,,
3142,上海杉达学院,2024,福建,本科批,历史类,,,,,
3143,上海商学院,2024,福建,本科批,历史类,,,,,
3144,上海师范大学,2024,福建,本科批,历史类,,,,,
3146,上海视觉艺术学院,2024,福建,本科批,历史类,,,,,
3147,上海外国语大学,2024,福建,本科批,历史类,,,,,
3148,上海外国语大学(中外合作办学),2024,福建,本科批,历史类,,,,,
3149,上海外国语大学贤达经济人文学院,2024,福建,本科批,历史类,,,,,
3153,上海政法学院,2024,福建,本科批,历史类,,,,,
3154,上海中侨职业技术大学,2024,福建,本科批,历史类,,,,,
3159,商丘师范学院,2024,福建,本科批,历史类,,,,,
3160,上饶师范学院,2024,福建,本科批,历史类,,,,,
3161,韶关学院,2024,福建,本科批,历史类,,,,,
3163,绍兴文理学院(中外合作),2024,福建,本科批,历史类,,,,,
3165,邵阳学院,2024,福建,本科批,历史类,,,,,
3166,沈阳城市建设学院,2024,福建,本科批,历史类,,,,,
3174,沈阳理工大学,2024,福建,本科批,历史类,,,,,
3179,沈阳师范大学,2024,福建,本科批,历史类,,,,,
3183,沈阳医学院,2024,福建,本科批,历史类,,,,,
3186,深圳大学,2024,福建,本科批,历史类,,,,,
3188,深圳技术大学,2024,福建,本科批,历史类,,,,,
3189,石河子大学,2024,福建,本科批,历史类,,,,,
3190,石家庄铁道大学,2024,福建,本科批,历史类,,,,,
3191,石家庄铁道大学四方学院,2024,福建,本科批,历史类,,,,,
3192,首都经济贸易大学,2024,福建,本科批,历史类,,,,,
3194,首都师范大学,2024,福建,本科批,历史类,,,,,
3197,四川传媒学院,2024,福建,本科批,历史类,,,,,
3198,四川大学,2024,福建,本科批,历史类,,,,,
3199,四川大学(广播电视编导),2024,福建,本科批,历史类,,,,,
3201,四川大学(美术学),2024,福建,本科批,历史类,,,,,
3204,四川大学锦江学院,2024,福建,本科批,历史类,,,,,
3205,四川电影电视学院,2024,福建,本科批,历史类,,,,,
3206,四川工商学院,2024,福建,本科批,历史类,,,,,
3207,四川工业科技学院,2024,福建,本科批,历史类,,,,,
3208,四川警察学院,2024,福建,本科批,历史类,,,,,
3209,四川旅游学院,2024,福建,本科批,历史类,,,,,
3211,四川美术学院,2024,福建,本科批,历史类,,,,,
3213,四川轻化工大学,2024,福建,本科批,历史类,,,,,
3214,四川师范大学,2024,福建,本科批,历史类,,,,,
3215,四川外国语大学,2024,福建,本科批,历史类,,,,,
3216,四川外国语大学(中外合作),2024,福建,本科批,历史类,,,,,
3217,四川文化艺术学院,2024,福建,本科批,历史类,,,,,
3218,四川文理学院,2024,福建,本科批,历史类,,,,,
3220,苏州城市学院,2024,福建,本科批,历史类,,,,,
3221,苏州大学,2024,福建,本科批,历史类,,,,,
3222,苏州科技大学,2024,福建,本科批,历史类,,,,,
3224,苏州科技大学天平学院,2024,福建,本科批,历史类,,,,,
3225,塔里木大学,2024,福建,本科批,历史类,,,,,
3226,泰山科技学院,2024,福建,本科批,历史类,,,,,
3228,太原工业学院,2024,福建,本科批,历史类,,,,,
3231,太原师范学院,2024,福建,本科批,历史类,,,,,
3232,太原学院,2024,福建,本科批,历史类,,,,,
3233,台州学院,2024,福建,本科批,历史类,,,,,
3234,天津财经大学,2024,福建,本科批,历史类,,,,,
3235,天津财经大学珠江学院,2024,福建,本科批,历史类,,,,,
3236,天津城建大学,2024,福建,本科批,历史类,,,,,
3237,天津城建大学,2024,福建,本科批,历史类,,,,,
3238,天津传媒学院,2024,福建,本科批,历史类,,,,,
3239,天津大学,2024,福建,本科批,历史类,,,,,
3241,天津工业大学,2024,福建,本科批,历史类,,,,,
3243,天津科技大学,2024,福建,本科批,历史类,,,,,
3244,天津科技大学,2024,福建,本科批,历史类,,,,,
3247,天津理工大学中环信息学院,2024,福建,本科批,历史类,,,,,
3248,天津美术学院,2024,福建,本科批,历史类,,,,,
3250,天津仁爱学院,2024,福建,本科批,历史类,,,,,
3251,天津商业大学,2024,福建,本科批,历史类,,,,,
3252,天津商业大学,2024,福建,本科批,历史类,,,,,
3253,天津商业大学宝德学院,2024,福建,本科批,历史类,,,,,
3254,天津师范大学,2024,福建,本科批,历史类,,,,,
3255,天津师范大学,2024,福建,本科批,历史类,,,,,
3256,天津体育学院,2024,福建,本科批,历史类,,,,,
3257,天津外国语大学,2024,福建,本科批,历史类,,,,,
3258,天津外国语大学滨海外事学院,2024,福建,本科批,历史类,,,,,
3260,天津医科大学临床医学院,2024,福建,本科批,历史类,,,,,
3262,天津职业技术师范大学,2024,福建,本科批,历史类,,,,,
3264,天津中德应用技术大学,2024,福建,本科批,历史类,,,,,
3265,天津中医药大学,2024,福建,本科批,历史类,,,,,
3267,通化师范学院,2024,福建,本科批,历史类,,,,,
3269,同济大学,2024,福建,本科批,历史类,,,,,
3278,潍坊学院,2024,福建,本科批,历史类,,,,,
3279,渭南师范学院,2024,福建,本科批,历史类,,,,,
3280,渭南师范学院,2024,福建,本科批,历史类,,,,,
3281,文华学院,2024,福建,本科批,历史类,,,,,
3282,文山学院,2024,福建,本科批,历史类,,,,,
3283,温州大学,2024,福建,本科批,历史类,,,,,
3285,温州肯恩大学,2024,福建,本科批,历史类,,,,,
3287,温州商学院,2024,福建,本科批,历史类,,,,,
3291,武昌理工学院,2024,福建,本科批,历史类,,,,,
3292,武昌首义学院,2024,福建,本科批,历史类,,,,,
3293,武汉城市学院,2024,福建,本科批,历史类,,,,,
3294,武汉传媒学院,2024,福建,本科批,历史类,,,,,
3295,武汉大学,2024,福建,本科批,历史类,,,,,
3296,武汉大学,2024,福建,本科批,历史类,,,,,
3298,武汉东湖学院,2024,福建,本科批,历史类,,,,,
3300,武汉纺织大学外经贸学院,2024,福建,本科批,历史类,,,,,
3303,武汉工程大学邮电与信息工程学院,2024,福建,本科批,历史类,,,,,
3304,武汉工程科技学院,2024,福建,本科批,历史类,,,,,
3305,武汉工商学院,2024,福建,本科批,历史类,,,,,
3306,武汉华夏理工学院,2024,福建,本科批,历史类,,,,,
3307,武汉科技大学,2024,福建,本科批,历史类,,,,,
3308,武汉理工大学,2024,福建,本科批,历史类,,,,,
3310,武汉晴川学院,2024,福建,本科批,历史类,,,,,
3311,武汉轻工大学,2024,福建,本科批,历史类,,,,,
3312,武汉商学院,2024,福建,本科批,历史类,,,,,
3314,武汉生物工程学院,2024,福建,本科批,历史类,,,,,
3315,武汉体育学院,2024,福建,本科批,历史类,,,,,
3316,武汉体育学院体育科技学院,2024,福建,本科批,历史类,,,,,
3317,武汉文理学院,2024,福建,本科批,历史类,,,,,
3318,武汉学院,2024,福建,本科批,历史类,,,,,
3320,芜湖学院,2024,福建,本科批,历史类,,,,,
3327,无锡太湖学院,2024,福建,本科批,历史类,,,,,
3328,无锡学院,2024,福建,本科批,历史类,,,,,
3330,梧州学院,2024,福建,本科批,历史类,,,,,
3331,西安财经大学,2024,福建,本科批,历史类,,,,,
3334,西安翻译学院,2024,福建,本科批,历史类,,,,,
3335,西安工程大学,2024,福建,本科批,历史类,,,,,
3337,西安工业大学,2024,福建,本科批,历史类,,,,,
3342,西安交通大学,2024,福建,本科批,历史类,,,,,
3345,西安交通大学城市学院,2024,福建,本科批,历史类,,,,,
3346,西安交通工程学院,2024,福建,本科批,历史类,,,,,
3348,西安科技大学高新学院,2024,福建,本科批,历史类,,,,,
3349,西安理工大学,2024,福建,本科批,历史类,,,,,
3351,西安美术学院,2024,福建,本科批,历史类,,,,,
3353,西安欧亚学院,2024,福建,本科批,历史类,,,,,
3354,西安培华学院,2024,福建,本科批,历史类,,,,,
3355,西安石油大学,2024,福建,本科批,历史类,,,,,
3356,西安思源学院,2024,福建,本科批,历史类,,,,,
3357,西安外国语大学,2024,福建,本科批,历史类,,,,,
3359,西安文理学院,2024,福建,本科批,历史类,,,,,
3360,西安信息职业大学,2024,福建,本科批,历史类,,,,,
3361,西安医学院,2024,福建,本科批,历史类,,,,,
3362,西安音乐学院,2024,福建,本科批,历史类,,,,,
3363,西安邮电大学,2024,福建,本科批,历史类,,,,,
3365,西北大学,2024,福建,本科批,历史类,,,,,
3366,西北工业大学,2024,福建,本科批,历史类,,,,,
3368,西北民族大学,2024,福建,本科批,历史类,,,,,
3369,西北农林科技大学,2024,福建,本科批,历史类,,,,,
3371,西北师范大学,2024,福建,本科批,历史类,,,,,
3372,西北政法大学,2024,福建,本科批,历史类,,,,,
3373,西藏大学,2024,福建,本科批,历史类,,,,,
3374,西昌学院,2024,福建,本科批,历史类,,,,,
3375,西华大学,2024,福建,本科批,历史类,,,,,
3376,西华大学(边防子女预科班),2024,福建,本科批,历史类,,,,,
3377,西华师范大学,2024,福建,本科批,历史类,,,,,
3378,西交利物浦大学,2024,福建,本科批,历史类,,,,,
3379,西京学院,2024,福建,本科批,历史类,,,,,
3380,西南财经大学,2024,福建,本科批,历史类,,,,,
3381,西南财经大学(中外合作),2024,福建,本科批,历史类,,,,,
3382,西南财经大学天府学院,2024,福建,本科批,历史类,,,,,
3383,西南大学,2024,福建,本科批,历史类,,,,,
3385,西南大学(中外合作),2024,福建,本科批,历史类,,,,,
3386,西南大学(荣昌校区),2024,福建,本科批,历史类,,,,,
3388,西南交通大学,2024,福建,本科批,历史类,,,,,
3391,西南交通大学希望学院,2024,福建,本科批,历史类,,,,,
3392,西南科技大学,2024,福建,本科批,历史类,,,,,
3394,西南民族大学,2024,福建,本科批,历史类,,,,,
3397,西南政法大学,2024,福建,本科批,历史类,,,,,
3398,西南政法大学(中外合作),2024,福建,本科批,历史类,,,,,
3399,咸阳师范学院,2024,福建,本科批,历史类,,,,,
3405,香港珠海学院,2024,福建,本科批,历史类,,,,,
3406,湘南学院,2024,福建,本科批,历史类,,,,,
3407,湘潭大学,2024,福建,本科批,历史类,,,,,
3408,湘潭理工学院,2024,福建,本科批,历史类,,,,,
3409,星海音乐学院,2024,福建,本科批,历史类,,,,,
3410,新疆财经大学,2024,福建,本科批,历史类,,,,,
3411,新疆大学,2024,福建,本科批,历史类,,,,,
3414,新疆和田学院,2024,福建,本科批,历史类,,,,,
3417,新疆理工学院,2024,福建,本科批,历史类,,,,,
3419,新疆农业大学(高收费),2024,福建,本科批,历史类,,,,,
3420,新疆师范大学,2024,福建,本科批,历史类,,,,,
3423,新疆政法学院,2024,福建,本科批,历史类,,,,,
3424,新乡学院,2024,福建,本科批,历史类,,,,,
3427,信阳师范大学,2024,福建,本科批,历史类,,,,,
3428,信阳学院,2024,福建,本科批,历史类,,,,,
3429,新余学院,2024,福建,本科批,历史类,,,,,
3430,忻州师范学院,2024,福建,本科批,历史类,,,,,
3431,邢台学院,2024,福建,本科批,历史类,,,,,
3432,徐州工程学院,2024,福建,本科批,历史类,,,,,
3434,延安大学,2024,福建,本科批,历史类,,,,,
3435,延边大学,2024,福建,本科批,历史类,,,,,
3440,烟台大学,2024,福建,本科批,历史类,,,,,
3441,烟台大学(边防子女预科班),2024,福建,本科批,历史类,,,,,
3442,烟台科技学院,2024,福建,本科批,历史类,,,,,
3443,烟台南山学院,2024,福建,本科批,历史类,,,,,
3444,扬州大学,2024,福建,本科批,历史类,,,,,
3445,扬州大学广陵学院,2024,福建,本科批,历史类,,,,,
3446,宜宾学院,2024,福建,本科批,历史类,,,,,
3447,宜春学院,2024,福建,本科批,历史类,,,,,
3448,伊犁师范大学,2024,福建,本科批,历史类,,,,,
3449,右江民族医学院,2024,福建,本科批,历史类,,,,,
3450,玉林师范学院,2024,福建,本科批,历史类,,,,,
3451,玉溪师范学院,2024,福建,本科批,历史类,,,,,
3453,运城学院,2024,福建,本科批,历史类,,,,,
3454,云南财经大学,2024,福建,本科批,历史类,,,,,
3455,云南大学,2024,福建,本科批,历史类,,,,,
3457,云南警官学院,2024,福建,本科批,历史类,,,,,
3458,云南经济管理学院,2024,福建,本科批,历史类,,,,,
3459,云南民族大学,2024,福建,本科批,历史类,,,,,
3460,云南农业大学,2024,福建,本科批,历史类,,,,,
3461,云南农业大学(中外合作),2024,福建,本科批,历史类,,,,,
3462,云南师范大学,2024,福建,本科批,历史类,,,,,
3463,云南艺术学院,2024,福建,本科批,历史类,,,,,
3465,湛江科技学院,2024,福建,本科批,历史类,,,,,
3471,浙大城市学院,2024,福建,本科批,历史类,,,,,
3473,浙江财经大学,2024,福建,本科批,历史类,,,,,
3475,浙江财经大学东方学院,2024,福建,本科批,历史类,,,,,
3476,浙江传媒学院,2024,福建,本科批,历史类,,,,,
3478,浙江传媒学院(中外合作),2024,福建,本科批,历史类,,,,,
3479,浙江大学,2024,福建,本科批,历史类,,,,,
3482,浙江工商大学,2024,福建,本科批,历史类,,,,,
3484,浙江工商大学杭州商学院,2024,福建,本科批,历史类,,,,,
3485,浙江工业大学,2024,福建,本科批,历史类,,,,,
3487,浙江工业大学之江学院,2024,福建,本科批,历史类,,,,,
3488,浙江广厦建设职业技术大学,2024,福建,本科批,历史类,,,,,
3489,浙江海洋大学,2024,福建,本科批,历史类,,,,,
3493,浙江科技大学,2024,福建,本科批,历史类,,,,,
3494,浙江理工大学,2024,福建,本科批,历史类,,,,,
3497,浙江农林大学,2024,福建,本科批,历史类,,,,,
3499,浙江师范大学,2024,福建,本科批,历史类,,,,,
3500,浙江师范大学(中外合作),2024,福建,本科批,历史类,,,,,
3501,浙江师范大学行知学院,2024,福建,本科批,历史类,,,,,
3502,浙江树人学院,2024,福建,本科批,历史类,,,,,
3505,浙江外国语学院,2024,福建,本科批,历史类,,,,,
3506,浙江外国语学院(中外合作),2024,福建,本科批,历史类,,,,,
3507,浙江万里学院,2024,福建,本科批,历史类,,,,,
3508,浙江万里学院(中外合作),2024,福建,本科批,历史类,,,,,
3510,浙江越秀外国语学院,2024,福建,本科批,历史类,,,,,
3511,浙江中医药大学,2024,福建,本科批,历史类,,,,,
3512,郑州财经学院,2024,福建,本科批,历史类,,,,,
3513,郑州大学,2024,福建,本科批,历史类,,,,,
3514,郑州工程技术学院,2024,福建,本科批,历史类,,,,,
3515,郑州工业应用技术学院,2024,福建,本科批,历史类,,,,,
3516,郑州航空工业管理学院,2024,福建,本科批,历史类,,,,,
3520,郑州经贸学院,2024,福建,本科批,历史类,,,,,
3521,郑州科技学院,2024,福建,本科批,历史类,,,,,
3523,郑州轻工业大学,2024,福建,本科批,历史类,,,,,
3525,郑州商学院,2024,福建,本科批,历史类,,,,,
3526,郑州升达经贸管理学院,2024,福建,本科批,历史类,,,,,
3527,郑州师范学院,2024,福建,本科批,历史类,,,,,
3529,中北大学,2024,福建,本科批,历史类,,,,,
3530,中国传媒大学,2024,福建,本科批,历史类,,,,,
3531,中国传媒大学(艺术学门类),2024,福建,本科批,历史类,,,,,
3532,中国传媒大学,2024,福建,本科批,历史类,,,,,
3535,中国地质大学(武汉),2024,福建,本科批,历史类,,,,,
3537,中国海洋大学,2024,福建,本科批,历史类,,,,,
3538,中国海洋大学(中外合作),2024,福建,本科批,历史类,,,,,
3543,中国矿业大学,2024,福建,本科批,历史类,,,,,
3547,中国劳动关系学院,2024,福建,本科批,历史类,,,,,
3548,中国美术学院,2024,福建,本科批,历史类,,,,,
3549,中国民航大学,2024,福建,本科批,历史类,,,,,
3550,中国民用航空飞行学院,2024,福建,本科批,历史类,,,,,
3552,中国农业大学,2024,福建,本科批,历史类,,,,,
3553,中国农业大学(中外合作),2024,福建,本科批,历史类,,,,,
3554,中国人民大学,2024,福建,本科批,历史类,,,,,
3555,中国人民大学(苏州校区),2024,福建,本科批,历史类,,,,,
3562,中国社会科学院大学,2024,福建,本科批,历史类,,,,,
3563,中国石油大学(北京),2024,福建,本科批,历史类,,,,,
3565,中国石油大学(华东),2024,福建,本科批,历史类,,,,,
3566,中国戏曲学院,2024,福建,本科批,历史类,,,,,
3571,中国药科大学,2024,福建,本科批,历史类,,,,,
3578,中国政法大学,2024,福建,本科批,历史类,,,,,
3579,中华女子学院,2024,福建,本科批,历史类,,,,,
3580,中南财经政法大学,2024,福建,本科批,历史类,,,,,
3583,中南财经政法大学(中外合作),2024,福建,本科批,历史类,,,,,
3584,中南大学,2024,福建,本科批,历史类,,,,,
3587,中南林业科技大学,2024,福建,本科批,历史类,,,,,
3588,中南林业科技大学涉外学院,2024,福建,本科批,历史类,,,,,
3589,中南民族大学,2024,福建,本科批,历史类,,,,,
3590,中山大学,2024,福建,本科批,历史类,,,,,
3592,中央财经大学,2024,福建,本科批,历史类,,,,,
3593,中央美术学院,2024,福建,本科批,历史类,,,,,
3594,中央美术学院(中外合作),2024,福建,本科批,历史类,,,,,
3595,中央民族大学,2024,福建,本科批,历史类,,,,,
3600,中央戏剧学院,2024,福建,本科批,历史类,,,,,
3603,周口师范学院,2024,福建,本科批,历史类,,,,,
3604,珠海科技学院,2024,福建,本科批,历史类,,,,,
3605,遵义师范学院,2024,福建,本科批,历史类,,,,,
3606,遵义医科大学,2024,福建,本科批,历史类,,,,,
2343,北京中医药大学东方学院,2024,福建,高职(专科)批,历史类,,,,,
2530,广西农业职业技术大学,2024,福建,高职(专科)批,历史类,,,,,
2554,桂林航天工业学院,2024,福建,高职(专科)批,历史类,,,,,
2555,桂林理工大学,2024,福建,高职(专科)批,历史类,,,,,
2615,海口经济学院,2024,福建,高职(专科)批,历史类,,,,,
2620,海南热带海洋学院,2024,福建,高职(专科)批,历史类,,,,,
2651,河北科技工程职业技术大学,2024,福建,高职(专科)批,历史类,,,,,
2710,湖北恩施学院,2024,福建,高职(专科)批,历史类,,,,,
2712,湖北工程学院新技术学院,2024,福建,高职(专科)批,历史类,,,,,
2728,湖北师范大学文理学院,2024,福建,高职(专科)批,历史类,,,,,
2850,江西科技学院,2024,福建,高职(专科)批,历史类,,,,,
2856,江西软件职业技术大学,2024,福建,高职(专科)批,历史类,,,,,
2860,江西应用科技学院,2024,福建,高职(专科)批,历史类,,,,,
2897,兰州石化职业技术大学,2024,福建,高职(专科)批,历史类,,,,,
2953,南昌工学院,2024,福建,高职(专科)批,历史类,,,,,
2958,南昌理工学院,2024,福建,高职(专科)批,历史类,,,,,
2961,南昌应用技术师范学院,2024,福建,高职(专科)批,历史类,,,,,
2962,南昌职业大学,2024,福建,高职(专科)批,历史类,,,,,
3048,青岛黄海学院,2024,福建,高职(专科)批,历史类,,,,,
3067,三峡大学科技学院,2024,福建,高职(专科)批,历史类,,,,,
3131,上海建桥学院,2024,福建,高职(专科)批,历史类,,,,,
3154,上海中侨职业技术大学,2024,福建,高职(专科)批,历史类,,,,,
3204,四川大学锦江学院,2024,福建,高职(专科)批,历史类,,,,,
3226,泰山科技学院,2024,福建,高职(专科)批,历史类,,,,,
3281,文华学院,2024,福建,高职(专科)批,历史类,,,,,
3287,温州商学院,2024,福建,高职(专科)批,历史类,,,,,
3291,武昌理工学院,2024,福建,高职(专科)批,历史类,,,,,
3292,武昌首义学院,2024,福建,高职(专科)批,历史类,,,,,
3300,武汉纺织大学外经贸学院,2024,福建,高职(专科)批,历史类,,,,,
3312,武汉商学院,2024,福建,高职(专科)批,历史类,,,,,
3314,武汉生物工程学院,2024,福建,高职(专科)批,历史类,,,,,
3346,西安交通工程学院,2024,福建,高职(专科)批,历史类,,,,,
3356,西安思源学院,2024,福建,高职(专科)批,历史类,,,,,
3360,西安信息职业大学,2024,福建,高职(专科)批,历史类,,,,,
3382,西南财经大学天府学院,2024,福建,高职(专科)批,历史类,,,,,
3414,新疆和田学院,2024,福建,高职(专科)批,历史类,,,,,
3458,云南经济管理学院,2024,福建,高职(专科)批,历史类,,,,,
7001,福建船政交通职业学院,2024,福建,高职(专科)批,历史类,,,,,
7002,福建船政交通职业学院,2024,福建,高职(专科)批,历史类,,,,,
7003,福建电力职业技术学院,2024,福建,高职(专科)批,历史类,,,,,
7004,福建华南女子职业学院,2024,福建,高职(专科)批,历史类,,,,,
7005,福建林业职业技术学院,2024,福建,高职(专科)批,历史类,,,,,
7007,福建林业职业技术学院,2024,福建,高职(专科)批,历史类,,,,,
7008,福建林业职业技术学院,2024,福建,高职(专科)批,历史类,,,,,
7009,福建林业职业技术学院,2024,福建,高职(专科)批,历史类,,,,,
7013,福建林业职业技术学院,2024,福建,高职(专科)批,历史类,,,,,
7015,福建林业职业技术学院,2024,福建,高职(专科)批,历史类,,,,,
7016,福建林业职业技术学院,2024,福建,高职(专科)批,历史类,,,,,
7021,福建林业职业技术学院,2024,福建,高职(专科)批,历史类,,,,,
7022,福建林业职业技术学院,2024,福建,高职(专科)批,历史类,,,,,
7023,福建农业职业技术学院,2024,福建,高职(专科)批,历史类,,,,,
7025,福建生物工程职业技术学院,2024,福建,高职(专科)批,历史类,,,,,
7026,福建水利电力职业技术学院,2024,福建,高职(专科)批,历史类,,,,,
7028,福建卫生职业技术学院,2024,福建,高职(专科)批,历史类,,,,,
7029,福建卫生职业技术学院,2024,福建,高职(专科)批,历史类,,,,,
7032,福建信息职业技术学院,2024,福建,高职(专科)批,历史类,,,,,
7033,福建艺术职业学院,2024,福建,高职(专科)批,历史类,,,,,
7034,福建幼儿师范高等专科学校,2024,福建,高职(专科)批,历史类,,,,,
7035,福建幼儿师范高等专科学校,2024,福建,高职(专科)批,历史类,,,,,
7036,福州科技职业技术学院,2024,福建,高职(专科)批,历史类,,,,,
7037,福州黎明职业技术学院,2024,福建,高职(专科)批,历史类,,,,,
7038,福州墨尔本理工职业学院,2024,福建,高职(专科)批,历史类,,,,,
7039,福州软件职业技术学院,2024,福建,高职(专科)批,历史类,,,,,
7040,福州英华职业学院,2024,福建,高职(专科)批,历史类,,,,,
7041,福州职业技术学院,2024,福建,高职(专科)批,历史类,,,,,
7042,黎明职业大学,2024,福建,高职(专科)批,历史类,,,,,
7045,湄洲湾职业技术学院,2024,福建,高职(专科)批,历史类,,,,,
7046,闽北职业技术学院,2024,福建,高职(专科)批,历史类,,,,,
7048,闽江师范高等专科学校,2024,福建,高职(专科)批,历史类,,,,,
7049,闽江师范高等专科学校,2024,福建,高职(专科)批,历史类,,,,,
7050,闽西职业技术学院,2024,福建,高职(专科)批,历史类,,,,,
7051,宁德职业技术学院,2024,福建,高职(专科)批,历史类,,,,,
7052,泉州纺织服装职业学院,2024,福建,高职(专科)批,历史类,,,,,
7053,泉州工程职业技术学院,2024,福建,高职(专科)批,历史类,,,,,
7054,泉州工艺美术职业学院,2024,福建,高职(专科)批,历史类,,,,,
7055,泉州海洋职业学院,2024,福建,高职(专科)批,历史类,,,,,
7056,泉州华光职业学院,2024,福建,高职(专科)批,历史类,,,,,
7057,泉州经贸职业技术学院,2024,福建,高职(专科)批,历史类,,,,,
7058,泉州轻工职业学院,2024,福建,高职(专科)批,历史类,,,,,
7059,泉州医学高等专科学校,2024,福建,高职(专科)批,历史类,,,,,
7063,泉州幼儿师范高等专科学校,2024,福建,高职(专科)批,历史类,,,,,
7064,泉州幼儿师范高等专科学校,2024,福建,高职(专科)批,历史类,,,,,
7065,泉州幼儿师范高等专科学校,2024,福建,高职(专科)批,历史类,,,,,
7066,三明医学科技职业学院,2024,福建,高职(专科)批,历史类,,,,,
7069,武夷山职业学院,2024,福建,高职(专科)批,历史类,,,,,
7070,武夷山职业学院,2024,福建,高职(专科)批,历史类,,,,,
7071,厦门安防科技职业学院,2024,福建,高职(专科)批,历史类,,,,,
7072,厦门城市职业学院,2024,福建,高职(专科)批,历史类,,,,,
7073,厦门东海职业技术学院,2024,福建,高职(专科)批,历史类,,,,,
7074,厦门海洋职业技术学院,2024,福建,高职(专科)批,历史类,,,,,
7075,厦门华天涉外职业技术学院,2024,福建,高职(专科)批,历史类,,,,,
7076,厦门南洋职业学院,2024,福建,高职(专科)批,历史类,,,,,
7077,厦门软件职业技术学院,2024,福建,高职(专科)批,历史类,,,,,
7078,厦门兴才职业技术学院,2024,福建,高职(专科)批,历史类,,,,,
7079,厦门演艺职业学院,2024,福建,高职(专科)批,历史类,,,,,
7080,漳州城市职业学院,2024,福建,高职(专科)批,历史类,,,,,
7081,漳州科技职业学院,2024,福建,高职(专科)批,历史类,,,,,
7082,漳州理工职业学院,2024,福建,高职(专科)批,历史类,,,,,
7083,漳州卫生职业学院,2024,福建,高职(专科)批,历史类,,,,,
7086,漳州职业技术学院,2024,福建,高职(专科)批,历史类,,,,,
8088,安徽警官职业学院,2024,福建,高职(专科)批,历史类,,,,,
8089,安徽医学高等专科学校,2024,福建,高职(专科)批,历史类,,,,,
8090,安阳职业技术学院,2024,福建,高职(专科)批,历史类,,,,,
8091,巴中职业技术学院,2024,福建,高职(专科)批,历史类,,,,,
8092,蚌埠经济技术职业学院,2024,福建,高职(专科)批,历史类,,,,,
8093,宝鸡职业技术学院,2024,福建,高职(专科)批,历史类,,,,,
8095,北京培黎职业学院,2024,福建,高职(专科)批,历史类,,,,,
8098,渤海理工职业学院,2024,福建,高职(专科)批,历史类,,,,,
8099,长春健康职业学院,2024,福建,高职(专科)批,历史类,,,,,
8100,长春金融高等专科学校,2024,福建,高职(专科)批,历史类,,,,,
8101,长春医学高等专科学校,2024,福建,高职(专科)批,历史类,,,,,
8102,常德职业技术学院,2024,福建,高职(专科)批,历史类,,,,,
8103,长江艺术工程职业学院,2024,福建,高职(专科)批,历史类,,,,,
8104,长沙航空职业技术学院,2024,福建,高职(专科)批,历史类,,,,,
8105,长沙环境保护职业技术学院,2024,福建,高职(专科)批,历史类,,,,,
8106,长沙民政职业技术学院,2024,福建,高职(专科)批,历史类,,,,,
8107,长沙卫生职业学院,2024,福建,高职(专科)批,历史类,,,,,
8108,常州工程职业技术学院,2024,福建,高职(专科)批,历史类,,,,,
8109,常州信息职业技术学院,2024,福建,高职(专科)批,历史类,,,,,
8111,重庆财经职业学院,2024,福建,高职(专科)批,历史类,,,,,
8113,重庆电力高等专科学校,2024,福建,高职(专科)批,历史类,,,,,
8114,重庆电子科技职业大学,2024,福建,高职(专科)批,历史类,,,,,
8116,重庆工贸职业技术学院,2024,福建,高职(专科)批,历史类,,,,,
8117,重庆工商职业学院,2024,福建,高职(专科)批,历史类,,,,,
8118,重庆海联职业技术学院,2024,福建,高职(专科)批,历史类,,,,,
8120,重庆建筑科技职业学院,2024,福建,高职(专科)批,历史类,,,,,
8122,重庆科技职业学院,2024,福建,高职(专科)批,历史类,,,,,
8124,重庆水利电力职业技术学院,2024,福建,高职(专科)批,历史类,,,,,
8125,重庆信息技术职业学院,2024,福建,高职(专科)批,历史类,,,,,
8126,重庆艺术工程职业学院,2024,福建,高职(专科)批,历史类,,,,,
8127,重庆医药高等专科学校,2024,福建,高职(专科)批,历史类,,,,,
8128,重庆幼儿师范高等专科学校,2024,福建,高职(专科)批,历史类,,,,,
8130,楚雄医药高等专科学校,2024,福建,高职(专科)批,历史类,,,,,
8131,大连职业技术学院,2024,福建,高职(专科)批,历史类,,,,,
8132,德阳城市轨道交通职业学院,2024,福建,高职(专科)批,历史类,,,,,
8133,德阳农业科技职业学院,2024,福建,高职(专科)批,历史类,,,,,
8134,东莞职业技术学院,2024,福建,高职(专科)批,历史类,,,,,
8135,鄂州职业大学,2024,福建,高职(专科)批,历史类,,,,,
8136,恩施职业技术学院,2024,福建,高职(专科)批,历史类,,,,,
8137,抚州幼儿师范高等专科学校,2024,福建,高职(专科)批,历史类,,,,,
8138,抚州职业技术学院,2024,福建,高职(专科)批,历史类,,,,,
8139,赣南卫生健康职业学院,2024,福建,高职(专科)批,历史类,,,,,
8140,赣西科技职业学院,2024,福建,高职(专科)批,历史类,,,,,
8141,赣州师范高等专科学校,2024,福建,高职(专科)批,历史类,,,,,
8142,赣州职业技术学院,2024,福建,高职(专科)批,历史类,,,,,
8143,广东工贸职业技术学院,2024,福建,高职(专科)批,历史类,,,,,
8144,广东环境保护工程职业学院,2024,福建,高职(专科)批,历史类,,,,,
8145,广东机电职业技术学院,2024,福建,高职(专科)批,历史类,,,,,
8146,广东交通职业技术学院,2024,福建,高职(专科)批,历史类,,,,,
8147,广东科学技术职业学院,2024,福建,高职(专科)批,历史类,,,,,
8148,广东岭南职业技术学院,2024,福建,高职(专科)批,历史类,,,,,
8149,广东女子职业技术学院,2024,福建,高职(专科)批,历史类,,,,,
8150,广东轻工职业技术大学,2024,福建,高职(专科)批,历史类,,,,,
8151,广东生态工程职业学院,2024,福建,高职(专科)批,历史类,,,,,
8152,广东食品药品职业学院,2024,福建,高职(专科)批,历史类,,,,,
8154,广东亚视演艺职业学院,2024,福建,高职(专科)批,历史类,,,,,
8155,广西电力职业技术学院,2024,福建,高职(专科)批,历史类,,,,,
8156,广西工业职业技术学院,2024,福建,高职(专科)批,历史类,,,,,
8157,广西国际商务职业技术学院,2024,福建,高职(专科)批,历史类,,,,,
8158,广西建设职业技术学院,2024,福建,高职(专科)批,历史类,,,,,
8159,广西交通职业技术学院,2024,福建,高职(专科)批,历史类,,,,,
8160,广西科技职业学院,2024,福建,高职(专科)批,历史类,,,,,
8161,广西物流职业技术学院,2024,福建,高职(专科)批,历史类,,,,,
8163,广西幼儿师范高等专科学校,2024,福建,高职(专科)批,历史类,,,,,
8164,广西自然资源职业技术学院,2024,福建,高职(专科)批,历史类,,,,,
8165,广元中核职业技术学院,2024,福建,高职(专科)批,历史类,,,,,
8166,广州城市职业学院,2024,福建,高职(专科)批,历史类,,,,,
8167,广州华立科技职业学院,2024,福建,高职(专科)批,历史类,,,,,
8168,广州华南商贸职业学院,2024,福建,高职(专科)批,历史类,,,,,
8169,广州康大职业技术学院,2024,福建,高职(专科)批,历史类,,,,,
8170,广州科技贸易职业学院,2024,福建,高职(专科)批,历史类,,,,,
8171,广州民航职业技术学院,2024,福建,高职(专科)批,历史类,,,,,
8173,广州卫生职业技术学院,2024,福建,高职(专科)批,历史类,,,,,
8174,广州幼儿师范高等专科学校,2024,福建,高职(专科)批,历史类,,,,,
8175,桂林生命与健康职业技术学院,2024,福建,高职(专科)批,历史类,,,,,
8176,桂林师范高等专科学校,2024,福建,高职(专科)批,历史类,,,,,
8177,桂林信息工程职业学院,2024,福建,高职(专科)批,历史类,,,,,
8178,贵州电子信息职业技术学院,2024,福建,高职(专科)批,历史类,,,,,
8180,贵州机电职业技术学院,2024,福建,高职(专科)批,历史类,,,,,
8183,贵州应用技术职业学院,2024,福建,高职(专科)批,历史类,,,,,
8184,哈尔滨铁道职业技术学院,2024,福建,高职(专科)批,历史类,,,,,
8186,海南工商职业学院,2024,福建,高职(专科)批,历史类,,,,,
8188,海南软件职业技术学院,2024,福建,高职(专科)批,历史类,,,,,
8189,海南外国语职业学院,2024,福建,高职(专科)批,历史类,,,,,
8190,海南卫生健康职业学院,2024,福建,高职(专科)批,历史类,,,,,
8191,海南职业技术学院,2024,福建,高职(专科)批,历史类,,,,,
8192,汉江师范学院,2024,福建,高职(专科)批,历史类,,,,,
8194,河北轨道运输职业技术学院,2024,福建,高职(专科)批,历史类,,,,,
8196,河北交通职业技术学院,2024,福建,高职(专科)批,历史类,,,,,
8197,河北能源职业技术学院,2024,福建,高职(专科)批,历史类,,,,,
8199,和君职业学院,2024,福建,高职(专科)批,历史类,,,,,
8200,河南测绘职业学院,2024,福建,高职(专科)批,历史类,,,,,
8201,河南地矿职业学院,2024,福建,高职(专科)批,历史类,,,,,
8203,河南经贸职业学院,2024,福建,高职(专科)批,历史类,,,,,
8204,河南推拿职业学院,2024,福建,高职(专科)批,历史类,,,,,
8205,河南医学高等专科学校,2024,福建,高职(专科)批,历史类,,,,,
8206,河源职业技术学院,2024,福建,高职(专科)批,历史类,,,,,
8208,黑龙江交通职业技术学院,2024,福建,高职(专科)批,历史类,,,,,
8209,黑龙江林业职业技术学院,2024,福建,高职(专科)批,历史类,,,,,
8210,黑龙江农垦职业学院,2024,福建,高职(专科)批,历史类,,,,,
8211,湖北财税职业学院,2024,福建,高职(专科)批,历史类,,,,,
8212,湖北城市建设职业技术学院,2024,福建,高职(专科)批,历史类,,,,,
8213,湖北国土资源职业学院,2024,福建,高职(专科)批,历史类,,,,,
8214,湖北交通职业技术学院,2024,福建,高职(专科)批,历史类,,,,,
8215,湖北科技职业学院,2024,福建,高职(专科)批,历史类,,,,,
8216,湖北轻工职业技术学院,2024,福建,高职(专科)批,历史类,,,,,
8217,湖北三峡职业技术学院,2024,福建,高职(专科)批,历史类,,,,,
8218,湖北生态工程职业技术学院,2024,福建,高职(专科)批,历史类,,,,,
8219,湖北生物科技职业学院,2024,福建,高职(专科)批,历史类,,,,,
8220,湖北水利水电职业技术学院,2024,福建,高职(专科)批,历史类,,,,,
8221,湖北铁道运输职业学院,2024,福建,高职(专科)批,历史类,,,,,
8223,湖北幼儿师范高等专科学校,2024,福建,高职(专科)批,历史类,,,,,
8224,湖北职业技术学院,2024,福建,高职(专科)批,历史类,,,,,
8225,湖北中医药高等专科学校,2024,福建,高职(专科)批,历史类,,,,,
8227,湖南财经工业职业技术学院,2024,福建,高职(专科)批,历史类,,,,,
8228,湖南城建职业技术学院,2024,福建,高职(专科)批,历史类,,,,,
8229,湖南大众传媒职业技术学院,2024,福建,高职(专科)批,历史类,,,,,
8231,湖南高速铁路职业技术学院,2024,福建,高职(专科)批,历史类,,,,,
8232,湖南工程职业技术学院,2024,福建,高职(专科)批,历史类,,,,,
8233,湖南工业职业技术学院,2024,福建,高职(专科)批,历史类,,,,,
8236,湖南化工职业技术学院,2024,福建,高职(专科)批,历史类,,,,,
8237,湖南环境生物职业技术学院,2024,福建,高职(专科)批,历史类,,,,,
8238,湖南交通职业技术学院,2024,福建,高职(专科)批,历史类,,,,,
8239,湖南科技职业学院,2024,福建,高职(专科)批,历史类,,,,,
8240,湖南汽车工程职业大学,2024,福建,高职(专科)批,历史类,,,,,
8241,湖南商务职业技术学院,2024,福建,高职(专科)批,历史类,,,,,
8242,湖南石油化工职业技术学院,2024,福建,高职(专科)批,历史类,,,,,
8243,湖南司法警官职业学院,2024,福建,高职(专科)批,历史类,,,,,
8245,湖南铁道职业技术学院,2024,福建,高职(专科)批,历史类,,,,,
8246,湖南铁路科技职业技术学院,2024,福建,高职(专科)批,历史类,,,,,
8247,湖南外国语职业学院,2024,福建,高职(专科)批,历史类,,,,,
8248,湖南信息职业技术学院,2024,福建,高职(专科)批,历史类,,,,,
8249,湖南邮电职业技术学院,2024,福建,高职(专科)批,历史类,,,,,
8250,湖南有色金属职业技术学院,2024,福建,高职(专科)批,历史类,,,,,
8251,黄冈科技职业学院,2024,福建,高职(专科)批,历史类,,,,,
8252,吉安职业技术学院,2024,福建,高职(专科)批,历史类,,,,,
8253,吉林司法警官职业学院,2024,福建,高职(专科)批,历史类,,,,,
8254,吉林铁道职业技术学院,2024,福建,高职(专科)批,历史类,,,,,
8255,江海职业技术学院,2024,福建,高职(专科)批,历史类,,,,,
8257,江门职业技术学院,2024,福建,高职(专科)批,历史类,,,,,
8258,江苏电子信息职业学院,2024,福建,高职(专科)批,历史类,,,,,
8259,江苏海事职业技术学院,2024,福建,高职(专科)批,历史类,,,,,
8260,江苏护理职业学院,2024,福建,高职(专科)批,历史类,,,,,
8261,江苏旅游职业学院,2024,福建,高职(专科)批,历史类,,,,,
8262,江苏农林职业技术学院,2024,福建,高职(专科)批,历史类,,,,,
8263,江苏农牧科技职业学院,2024,福建,高职(专科)批,历史类,,,,,
8264,江苏商贸职业学院,2024,福建,高职(专科)批,历史类,,,,,
8265,江苏食品药品职业技术学院,2024,福建,高职(专科)批,历史类,,,,,
8268,江西财经职业学院,2024,福建,高职(专科)批,历史类,,,,,
8269,江西传媒职业学院,2024,福建,高职(专科)批,历史类,,,,,
8270,江西电力职业技术学院,2024,福建,高职(专科)批,历史类,,,,,
8271,江西工程职业学院,2024,福建,高职(专科)批,历史类,,,,,
8272,江西工商职业技术学院,2024,福建,高职(专科)批,历史类,,,,,
8273,江西工业工程职业技术学院,2024,福建,高职(专科)批,历史类,,,,,
8274,江西工业贸易职业技术学院,2024,福建,高职(专科)批,历史类,,,,,
8275,江西工业职业技术学院,2024,福建,高职(专科)批,历史类,,,,,
8276,江西航空职业技术学院,2024,福建,高职(专科)批,历史类,,,,,
8278,江西环境工程职业学院,2024,福建,高职(专科)批,历史类,,,,,
8279,江西机电职业技术学院,2024,福建,高职(专科)批,历史类,,,,,
8280,江西建设职业技术学院,2024,福建,高职(专科)批,历史类,,,,,
8281,江西交通职业技术学院,2024,福建,高职(专科)批,历史类,,,,,
8282,江西科技职业学院,2024,福建,高职(专科)批,历史类,,,,,
8283,江西旅游商贸职业学院,2024,福建,高职(专科)批,历史类,,,,,
8284,江西农业工程职业学院,2024,福建,高职(专科)批,历史类,,,,,
8285,江西生物科技职业学院,2024,福建,高职(专科)批,历史类,,,,,
8286,江西师范高等专科学校,2024,福建,高职(专科)批,历史类,,,,,
8287,江西司法警官职业学院,2024,福建,高职(专科)批,历史类,,,,,
8288,江西泰豪动漫职业学院,2024,福建,高职(专科)批,历史类,,,,,
8290,江西外语外贸职业学院,2024,福建,高职(专科)批,历史类,,,,,
8291,江西婺源茶业职业学院,2024,福建,高职(专科)批,历史类,,,,,
8292,江西现代职业技术学院,2024,福建,高职(专科)批,历史类,,,,,
8293,江西信息应用职业技术学院,2024,福建,高职(专科)批,历史类,,,,,
8295,江西医学高等专科学校,2024,福建,高职(专科)批,历史类,,,,,
8296,江西应用技术职业学院,2024,福建,高职(专科)批,历史类,,,,,
8297,江西樟树中医药职业学院,2024,福建,高职(专科)批,历史类,,,,,
8298,江西职业技术大学,2024,福建,高职(专科)批,历史类,,,,,
8300,江西中医药高等专科学校,2024,福建,高职(专科)批,历史类,,,,,
8301,焦作大学,2024,福建,高职(专科)批,历史类,,,,,
8302,金华职业技术大学,2024,福建,高职(专科)批,历史类,,,,,
8303,景德镇陶瓷职业技术学院,2024,福建,高职(专科)批,历史类,,,,,
8304,荆门职业学院,2024,福建,高职(专科)批,历史类,,,,,
8305,荆州理工职业学院,2024,福建,高职(专科)批,历史类,,,,,
8306,荆州职业技术学院,2024,福建,高职(专科)批,历史类,,,,,
8307,九江理工职业学院,2024,福建,高职(专科)批,历史类,,,,,
8308,九江职业大学,2024,福建,高职(专科)批,历史类,,,,,
8309,酒泉职业技术学院,2024,福建,高职(专科)批,历史类,,,,,
8310,喀什职业技术学院,2024,福建,高职(专科)批,历史类,,,,,
8311,开封大学,2024,福建,高职(专科)批,历史类,,,,,
8312,昆明卫生职业学院,2024,福建,高职(专科)批,历史类,,,,,
8315,廊坊卫生职业学院,2024,福建,高职(专科)批,历史类,,,,,
8316,廊坊职业技术学院,2024,福建,高职(专科)批,历史类,,,,,
8317,丽水职业技术学院,2024,福建,高职(专科)批,历史类,,,,,
8318,连云港师范高等专科学校,2024,福建,高职(专科)批,历史类,,,,,
8319,连云港职业技术学院,2024,福建,高职(专科)批,历史类,,,,,
8320,辽宁机电职业技术学院,2024,福建,高职(专科)批,历史类,,,,,
8323,临汾职业技术学院,2024,福建,高职(专科)批,历史类,,,,,
8324,柳州铁道职业技术学院,2024,福建,高职(专科)批,历史类,,,,,
8325,泸州医疗器械职业学院,2024,福建,高职(专科)批,历史类,,,,,
8327,漯河职业技术学院,2024,福建,高职(专科)批,历史类,,,,,
8328,茂名职业技术学院,2024,福建,高职(专科)批,历史类,,,,,
8329,眉山药科职业学院,2024,福建,高职(专科)批,历史类,,,,,
8330,绵阳飞行职业学院,2024,福建,高职(专科)批,历史类,,,,,
8331,南充科技职业学院,2024,福建,高职(专科)批,历史类,,,,,
8332,南京科技职业学院,2024,福建,高职(专科)批,历史类,,,,,
8333,南京旅游职业学院,2024,福建,高职(专科)批,历史类,,,,,
8334,南京视觉艺术职业学院,2024,福建,高职(专科)批,历史类,,,,,
8335,南京铁道职业技术学院,2024,福建,高职(专科)批,历史类,,,,,
8336,南京信息职业技术学院,2024,福建,高职(专科)批,历史类,,,,,
8338,盘锦职业技术学院,2024,福建,高职(专科)批,历史类,,,,,
8339,萍乡卫生职业学院,2024,福建,高职(专科)批,历史类,,,,,
8340,黔东南民族职业技术学院,2024,福建,高职(专科)批,历史类,,,,,
8341,钦州幼儿师范高等专科学校,2024,福建,高职(专科)批,历史类,,,,,
8342,青岛港湾职业技术学院,2024,福建,高职(专科)批,历史类,,,,,
8344,青岛酒店管理职业技术学院,2024,福建,高职(专科)批,历史类,,,,,
8345,曲靖医学高等专科学校,2024,福建,高职(专科)批,历史类,,,,,
8346,衢州职业技术学院,2024,福建,高职(专科)批,历史类,,,,,
8347,三峡电力职业学院,2024,福建,高职(专科)批,历史类,,,,,
8348,三亚航空旅游职业学院,2024,福建,高职(专科)批,历史类,,,,,
8349,三亚理工职业学院,2024,福建,高职(专科)批,历史类,,,,,
8350,山东传媒职业学院,2024,福建,高职(专科)批,历史类,,,,,
8351,山东工程职业技术大学,2024,福建,高职(专科)批,历史类,,,,,
8352,山东化工职业学院,2024,福建,高职(专科)批,历史类,,,,,
8354,山东力明科技职业学院,2024,福建,高职(专科)批,历史类,,,,,
8355,山东铝业职业学院,2024,福建,高职(专科)批,历史类,,,,,
8356,山东水利职业学院,2024,福建,高职(专科)批,历史类,,,,,
8357,山东司法警官职业学院,2024,福建,高职(专科)批,历史类,,,,,
8359,山东信息职业技术学院,2024,福建,高职(专科)批,历史类,,,,,
8360,山东畜牧兽医职业学院,2024,福建,高职(专科)批,历史类,,,,,
8361,山东职业学院,2024,福建,高职(专科)批,历史类,,,,,
8362,汕尾职业技术学院,2024,福建,高职(专科)批,历史类,,,,,
8364,陕西机电职业技术学院,2024,福建,高职(专科)批,历史类,,,,,
8365,陕西交通职业技术学院,2024,福建,高职(专科)批,历史类,,,,,
8366,陕西旅游烹饪职业学院,2024,福建,高职(专科)批,历史类,,,,,
8367,陕西铁路工程职业技术学院,2024,福建,高职(专科)批,历史类,,,,,
8369,陕西职业技术学院,2024,福建,高职(专科)批,历史类,,,,,
8370,上海邦德职业技术学院,2024,福建,高职(专科)批,历史类,,,,,
8371,上海城建职业学院,2024,福建,高职(专科)批,历史类,,,,,
8372,上海出版印刷高等专科学校,2024,福建,高职(专科)批,历史类,,,,,
8374,上海电子信息职业技术学院,2024,福建,高职(专科)批,历史类,,,,,
8375,上海东海职业技术学院,2024,福建,高职(专科)批,历史类,,,,,
8376,上海工商外国语职业学院,2024,福建,高职(专科)批,历史类,,,,,
8377,上海工商职业技术学院,2024,福建,高职(专科)批,历史类,,,,,
8378,上海工艺美术职业学院,2024,福建,高职(专科)批,历史类,,,,,
8379,上海济光职业技术学院,2024,福建,高职(专科)批,历史类,,,,,
8380,上海交通职业技术学院,2024,福建,高职(专科)批,历史类,,,,,
8381,上海科学技术职业学院,2024,福建,高职(专科)批,历史类,,,,,
8382,上海旅游高等专科学校,2024,福建,高职(专科)批,历史类,,,,,
8383,上海民航职业技术学院,2024,福建,高职(专科)批,历史类,,,,,
8384,上海民远职业技术学院,2024,福建,高职(专科)批,历史类,,,,,
8385,上海南湖职业技术学院,2024,福建,高职(专科)批,历史类,,,,,
8386,上海农林职业技术学院,2024,福建,高职(专科)批,历史类,,,,,
8387,上海思博职业技术学院,2024,福建,高职(专科)批,历史类,,,,,
8388,上海行健职业学院,2024,福建,高职(专科)批,历史类,,,,,
8389,上海震旦职业学院,2024,福建,高职(专科)批,历史类,,,,,
8390,商洛职业技术学院,2024,福建,高职(专科)批,历史类,,,,,
8392,上饶卫生健康职业学院,2024,福建,高职(专科)批,历史类,,,,,
8393,上饶幼儿师范高等专科学校,2024,福建,高职(专科)批,历史类,,,,,
8395,绍兴职业技术学院,2024,福建,高职(专科)批,历史类,,,,,
8398,石家庄科技信息职业学院,2024,福建,高职(专科)批,历史类,,,,,
8399,石家庄人民医学高等专科学校,2024,福建,高职(专科)批,历史类,,,,,
8400,石家庄铁路职业技术学院,2024,福建,高职(专科)批,历史类,,,,,
8401,石家庄医学高等专科学校,2024,福建,高职(专科)批,历史类,,,,,
8402,石家庄邮电职业技术学院,2024,福建,高职(专科)批,历史类,,,,,
8403,四川长江职业学院,2024,福建,高职(专科)批,历史类,,,,,
8404,四川城市职业学院,2024,福建,高职(专科)批,历史类,,,,,
8406,四川工程职业技术大学,2024,福建,高职(专科)批,历史类,,,,,
8407,四川国际标榜职业学院,2024,福建,高职(专科)批,历史类,,,,,
8408,四川航天职业技术学院,2024,福建,高职(专科)批,历史类,,,,,
8409,四川华新现代职业学院,2024,福建,高职(专科)批,历史类,,,,,
8412,四川科技职业学院,2024,福建,高职(专科)批,历史类,,,,,
8413,四川汽车职业技术学院,2024,福建,高职(专科)批,历史类,,,,,
8414,四川司法警官职业学院,2024,福建,高职(专科)批,历史类,,,,,
8416,四川卫生康复职业学院,2024,福建,高职(专科)批,历史类,,,,,
8418,四川西南航空职业学院,2024,福建,高职(专科)批,历史类,,,,,
8419,四川现代职业学院,2024,福建,高职(专科)批,历史类,,,,,
8420,四川应用技术职业学院,2024,福建,高职(专科)批,历史类,,,,,
8449,天津铁道职业技术学院,2024,福建,高职(专科)批,历史类,,,,,
8450,天津现代职业技术学院,2024,福建,高职(专科)批,历史类,,,,,
8458,武昌职业学院,2024,福建,高职(专科)批,历史类,,,,,
8459,武汉城市职业学院,2024,福建,高职(专科)批,历史类,,,,,
8460,武汉船舶职业技术学院,2024,福建,高职(专科)批,历史类,,,,,
8461,武汉工程职业技术学院,2024,福建,高职(专科)批,历史类,,,,,
8462,武汉交通职业学院,2024,福建,高职(专科)批,历史类,,,,,
8463,武汉警官职业学院,2024,福建,高职(专科)批,历史类,,,,,
8464,武汉软件工程职业学院,2024,福建,高职(专科)批,历史类,,,,,
8465,武汉铁路桥梁职业学院,2024,福建,高职(专科)批,历史类,,,,,
8466,武汉铁路职业技术学院,2024,福建,高职(专科)批,历史类,,,,,
8467,武汉信息传播职业技术学院,2024,福建,高职(专科)批,历史类,,,,,
8468,武汉职业技术学院,2024,福建,高职(专科)批,历史类,,,,,
8469,梧州职业学院,2024,福建,高职(专科)批,历史类,,,,,
8470,西安海棠职业学院,2024,福建,高职(专科)批,历史类,,,,,
8471,西安航空职业技术学院,2024,福建,高职(专科)批,历史类,,,,,
8472,西安汽车职业大学,2024,福建,高职(专科)批,历史类,,,,,
8473,西安铁路职业技术学院,2024,福建,高职(专科)批,历史类,,,,,
8475,咸宁职业技术学院,2024,福建,高职(专科)批,历史类,,,,,
8476,仙桃职业学院,2024,福建,高职(专科)批,历史类,,,,,
8477,湘潭医卫职业技术学院,2024,福建,高职(专科)批,历史类,,,,,
8478,襄阳汽车职业技术学院,2024,福建,高职(专科)批,历史类,,,,,
8480,信阳职业技术学院,2024,福建,高职(专科)批,历史类,,,,,
8481,邢台医学院,2024,福建,高职(专科)批,历史类,,,,,
8482,雅安职业技术学院,2024,福建,高职(专科)批,历史类,,,,,
8483,炎黄职业技术学院,2024,福建,高职(专科)批,历史类,,,,,
8484,烟台黄金职业学院,2024,福建,高职(专科)批,历史类,,,,,
8485,扬州中瑞酒店职业学院,2024,福建,高职(专科)批,历史类,,,,,
8486,宜春幼儿师范高等专科学校,2024,福建,高职(专科)批,历史类,,,,,
8487,宜春职业技术学院,2024,福建,高职(专科)批,历史类,,,,,
8488,义乌工商职业技术学院,2024,福建,高职(专科)批,历史类,,,,,
8489,益阳医学高等专科学校,2024,福建,高职(专科)批,历史类,,,,,
8491,岳阳职业技术学院,2024,福建,高职(专科)批,历史类,,,,,
8492,云南国土资源职业学院,2024,福建,高职(专科)批,历史类,,,,,
8493,云南经贸外事职业学院,2024,福建,高职(专科)批,历史类,,,,,
8494,云南理工职业学院,2024,福建,高职(专科)批,历史类,,,,,
8495,云南林业职业技术学院,2024,福建,高职(专科)批,历史类,,,,,
8496,云南医药健康职业学院,2024,福建,高职(专科)批,历史类,,,,,
8497,枣庄科技职业学院,2024,福建,高职(专科)批,历史类,,,,,
8498,枣庄职业学院,2024,福建,高职(专科)批,历史类,,,,,
8500,浙江工商职业技术学院,2024,福建,高职(专科)批,历史类,,,,,
8501,浙江机电职业技术大学,2024,福建,高职(专科)批,历史类,,,,,
8502,浙江建设职业技术学院,2024,福建,高职(专科)批,历史类,,,,,
8503,浙江交通职业技术学院,2024,福建,高职(专科)批,历史类,,,,,
8505,浙江经济职业技术学院,2024,福建,高职(专科)批,历史类,,,,,
8506,浙江经贸职业技术学院,2024,福建,高职(专科)批,历史类,,,,,
8507,浙江旅游职业学院,2024,福建,高职(专科)批,历史类,,,,,
8508,浙江农业商贸职业学院,2024,福建,高职(专科)批,历史类,,,,,
8511,镇江市高等专科学校,2024,福建,高职(专科)批,历史类,,,,,
8512,周口职业技术学院,2024,福建,高职(专科)批,历史类,,,,,
8513,珠海艺术职业学院,2024,福建,高职(专科)批,历史类,,,,,
8514,资阳环境科技职业学院,2024,福建,高职(专科)批,历史类,,,,,
8517,遵义职业技术学院,2024,福建,高职(专科)批,历史类,,,,,
1001,福建技术师范学院,2024,福建,本科批,物理类,,,,,
1002,福建江夏学院,2024,福建,本科批,物理类,,,,,
1003,福建江夏学院(国际课程项目),2024,福建,本科批,物理类,,,,,
1004,福建江夏学院(闽台合作),2024,福建,本科批,物理类,,,,,
1005,福建警察学院,2024,福建,本科批,物理类,,,,,
1027,福建理工大学,2024,福建,本科批,物理类,,,,,
1028,福建理工大学(闽台合作),2024,福建,本科批,物理类,,,,,
1029,福建农林大学,2024,福建,本科批,物理类,,,,,
1030,福建农林大学(定向国有林场，龙岩市),2024,福建,本科批,物理类,,,,,
1031,福建农林大学(定向国有林场，宁德市),2024,福建,本科批,物理类,,,,,
1032,福建农林大学(定向国有林场，泉州市),2024,福建,本科批,物理类,,,,,
1033,福建农林大学(定向乡镇林业站，长汀县),2024,福建,本科批,物理类,,,,,
1034,福建农林大学(定向乡镇林业站，光泽县),2024,福建,本科批,物理类,,,,,
1035,福建农林大学(定向乡镇林业站，建宁县),2024,福建,本科批,物理类,,,,,
1036,福建农林大学(定向乡镇林业站，将乐县),2024,福建,本科批,物理类,,,,,
1037,福建农林大学(定向乡镇林业站，罗源县),2024,福建,本科批,物理类,,,,,
1038,福建农林大学(定向乡镇林业站，平和县),2024,福建,本科批,物理类,,,,,
1039,福建农林大学(定向乡镇林业站，寿宁县),2024,福建,本科批,物理类,,,,,
1040,福建农林大学(定向乡镇林业站，顺昌县),2024,福建,本科批,物理类,,,,,
1041,福建农林大学(定向乡镇林业站，泰宁县),2024,福建,本科批,物理类,,,,,
1042,福建农林大学(定向乡镇林业站，云霄县),2024,福建,本科批,物理类,,,,,
1043,福建农林大学(定向乡镇林业站，诏安县),2024,福建,本科批,物理类,,,,,
1044,福建农林大学(定向专业，长汀县),2024,福建,本科批,物理类,,,,,
1045,福建农林大学(定向专业，福清市),2024,福建,本科批,物理类,,,,,
1046,福建农林大学(定向专业，华安县),2024,福建,本科批,物理类,,,,,
1047,福建农林大学(定向专业，建宁县),2024,福建,本科批,物理类,,,,,
1048,福建农林大学(定向专业，连城县),2024,福建,本科批,物理类,,,,,
1049,福建农林大学(定向专业，罗源县),2024,福建,本科批,物理类,,,,,
1050,福建农林大学(定向专业，闽侯县),2024,福建,本科批,物理类,,,,,
1051,福建农林大学(定向专业，闽清县),2024,福建,本科批,物理类,,,,,
1052,福建农林大学(定向专业，宁化县),2024,福建,本科批,物理类,,,,,
1053,福建农林大学(定向专业，平潭),2024,福建,本科批,物理类,,,,,
1054,福建农林大学(定向专业，浦城县),2024,福建,本科批,物理类,,,,,
1055,福建农林大学(定向专业，上杭县),2024,福建,本科批,物理类,,,,,
1056,福建农林大学(定向专业，邵武市),2024,福建,本科批,物理类,,,,,
1057,福建农林大学(定向专业，泰宁县),2024,福建,本科批,物理类,,,,,
1058,福建农林大学(定向专业，新罗区),2024,福建,本科批,物理类,,,,,
1059,福建农林大学(定向专业，永定区),2024,福建,本科批,物理类,,,,,
1060,福建农林大学(定向专业，永泰县),2024,福建,本科批,物理类,,,,,
1061,福建农林大学(定向专业，尤溪县),2024,福建,本科批,物理类,,,,,
1062,福建农林大学(定向自然地保护站，建瓯市),2024,福建,本科批,物理类,,,,,
1063,福建农林大学(定向自然地保护站，顺昌县),2024,福建,本科批,物理类,,,,,
1064,福建农林大学(闽台合作),2024,福建,本科批,物理类,,,,,
1065,福建农林大学(中外合作),2024,福建,本科批,物理类,,,,,
1066,福建农林大学金山学院,2024,福建,本科批,物理类,,,,,
1067,福建农林大学金山学院(中外合作),2024,福建,本科批,物理类,,,,,
1068,福建商学院,2024,福建,本科批,物理类,,,,,
1069,福建商学院(闽台合作),2024,福建,本科批,物理类,,,,,
1070,福建师范大学,2024,福建,本科批,物理类,,,,,
1089,福建师范大学(闽台合作),2024,福建,本科批,物理类,,,,,
1091,福建师范大学(中日合作),2024,福建,本科批,物理类,,,,,
1093,福建师范大学(中英合作),2024,福建,本科批,物理类,,,,,
1094,福建师范大学协和学院,2024,福建,本科批,物理类,,,,,
1095,福建师范大学协和学院(国际课程项目),2024,福建,本科批,物理类,,,,,
1096,福建医科大学,2024,福建,本科批,物理类,,,,,
1097,福建医科大学,2024,福建,本科批,物理类,,,,,
1107,福建中医药大学,2024,福建,本科批,物理类,,,,,
1115,福建中医药大学(闽台合作),2024,福建,本科批,物理类,,,,,
1116,福建中医药大学(中外合作),2024,福建,本科批,物理类,,,,,
1117,福州大学,2024,福建,本科批,物理类,,,,,
1118,福州大学(地矿专业),2024,福建,本科批,物理类,,,,,
1119,福州大学(面向福州),2024,福建,本科批,物理类,,,,,
1120,福州大学(面向泉州),2024,福建,本科批,物理类,,,,,
1122,福州大学(闽台合作),2024,福建,本科批,物理类,,,,,
1123,福州大学(中外合作),2024,福建,本科批,物理类,,,,,
1124,福州大学至诚学院,2024,福建,本科批,物理类,,,,,
1125,福州工商学院,2024,福建,本科批,物理类,,,,,
1126,福州理工学院,2024,福建,本科批,物理类,,,,,
1127,福州外语外贸学院,2024,福建,本科批,物理类,,,,,
1128,华侨大学,2024,福建,本科批,物理类,,,,,
1129,华侨大学(临床医学),2024,福建,本科批,物理类,,,,,
1130,华侨大学(面向泉州),2024,福建,本科批,物理类,,,,,
1131,华侨大学(面向厦门),2024,福建,本科批,物理类,,,,,
1132,集美大学,2024,福建,本科批,物理类,,,,,
1141,集美大学(面向厦门),2024,福建,本科批,物理类,,,,,
1142,集美大学诚毅学院,2024,福建,本科批,物理类,,,,,
1143,龙岩学院,2024,福建,本科批,物理类,,,,,
1144,龙岩学院(面向龙岩),2024,福建,本科批,物理类,,,,,
1145,龙岩学院(闽台合作),2024,福建,本科批,物理类,,,,,
1146,闽江学院,2024,福建,本科批,物理类,,,,,
1147,闽江学院(国际课程项目),2024,福建,本科批,物理类,,,,,
1148,闽江学院(面向福州),2024,福建,本科批,物理类,,,,,
1149,闽江学院(闽台合作),2024,福建,本科批,物理类,,,,,
1150,闽江学院(新华都商学院),2024,福建,本科批,物理类,,,,,
1151,闽江学院(中外合作),2024,福建,本科批,物理类,,,,,
1152,闽南科技学院,2024,福建,本科批,物理类,,,,,
1153,闽南理工学院,2024,福建,本科批,物理类,,,,,
1154,闽南师范大学,2024,福建,本科批,物理类,,,,,
1163,闽南师范大学(闽台合作),2024,福建,本科批,物理类,,,,,
1164,闽南师范大学(中高计划),2024,福建,本科批,物理类,,,,,
1165,闽南师范大学(中美合作),2024,福建,本科批,物理类,,,,,
1166,宁德师范学院,2024,福建,本科批,物理类,,,,,
1167,宁德师范学院(面向宁德),2024,福建,本科批,物理类,,,,,
1168,宁德师范学院(闽台合作),2024,福建,本科批,物理类,,,,,
1169,莆田学院,2024,福建,本科批,物理类,,,,,
1174,莆田学院(临床及口腔),2024,福建,本科批,物理类,,,,,
1175,莆田学院(面向莆田),2024,福建,本科批,物理类,,,,,
1176,莆田学院(面向莆田，临床及口腔),2024,福建,本科批,物理类,,,,,
1177,莆田学院(闽台合作),2024,福建,本科批,物理类,,,,,
1178,莆田学院(中外合作),2024,福建,本科批,物理类,,,,,
1179,泉州师范学院,2024,福建,本科批,物理类,,,,,
1189,泉州师范学院(面向泉州),2024,福建,本科批,物理类,,,,,
1190,泉州师范学院(闽台合作),2024,福建,本科批,物理类,,,,,
1191,泉州师范学院(软件类),2024,福建,本科批,物理类,,,,,
1192,泉州信息工程学院,2024,福建,本科批,物理类,,,,,
1193,泉州信息工程学院(中外合作),2024,福建,本科批,物理类,,,,,
1194,泉州职业技术大学,2024,福建,本科批,物理类,,,,,
1195,三明学院,2024,福建,本科批,物理类,,,,,
1204,三明学院(国际课程项目),2024,福建,本科批,物理类,,,,,
1205,三明学院(面向三明),2024,福建,本科批,物理类,,,,,
1206,三明学院(闽台合作),2024,福建,本科批,物理类,,,,,
1207,武夷学院,2024,福建,本科批,物理类,,,,,
1218,武夷学院(面向南平),2024,福建,本科批,物理类,,,,,
1219,武夷学院(闽台合作),2024,福建,本科批,物理类,,,,,
1220,厦门大学,2024,福建,本科批,物理类,,,,,
1221,厦门大学(马来西亚分校),2024,福建,本科批,物理类,,,,,
1222,厦门大学(面向厦门),2024,福建,本科批,物理类,,,,,
1223,厦门大学(面向漳州),2024,福建,本科批,物理类,,,,,
1224,厦门大学(医学类),2024,福建,本科批,物理类,,,,,
1225,厦门大学嘉庚学院,2024,福建,本科批,物理类,,,,,
1226,厦门工学院,2024,福建,本科批,物理类,,,,,
1227,厦门华厦学院,2024,福建,本科批,物理类,,,,,
1228,厦门理工学院,2024,福建,本科批,物理类,,,,,
1229,厦门理工学院(国际课程项目),2024,福建,本科批,物理类,,,,,
1230,厦门理工学院(面向厦门),2024,福建,本科批,物理类,,,,,
1231,厦门理工学院(闽台合作),2024,福建,本科批,物理类,,,,,
1232,厦门理工学院(闽台合作，面向厦门),2024,福建,本科批,物理类,,,,,
1233,厦门理工学院(中外合作),2024,福建,本科批,物理类,,,,,
1234,厦门医学院,2024,福建,本科批,物理类,,,,,
1242,仰恩大学,2024,福建,本科批,物理类,,,,,
1243,阳光学院,2024,福建,本科批,物理类,,,,,
1244,阳光学院(中外合作),2024,福建,本科批,物理类,,,,,
2245,安徽财经大学,2024,福建,本科批,物理类,,,,,
2246,安徽财经大学(中外合作),2024,福建,本科批,物理类,,,,,
2247,安徽大学,2024,福建,本科批,物理类,,,,,
2248,安徽大学(中外合作),2024,福建,本科批,物理类,,,,,
2249,安徽工程大学,2024,福建,本科批,物理类,,,,,
2250,安徽工程大学(中外合作),2024,福建,本科批,物理类,,,,,
2251,安徽工业大学,2024,福建,本科批,物理类,,,,,
2252,安徽建筑大学,2024,福建,本科批,物理类,,,,,
2253,安徽科技学院,2024,福建,本科批,物理类,,,,,
2254,安徽理工大学,2024,福建,本科批,物理类,,,,,
2255,安徽理工大学(中外合作),2024,福建,本科批,物理类,,,,,
2256,安徽农业大学,2024,福建,本科批,物理类,,,,,
2257,安徽师范大学,2024,福建,本科批,物理类,,,,,
2258,安徽外国语学院,2024,福建,本科批,物理类,,,,,
2259,安徽新华学院,2024,福建,本科批,物理类,,,,,
2260,安徽信息工程学院,2024,福建,本科批,物理类,,,,,
2261,安徽医科大学,2024,福建,本科批,物理类,,,,,
2262,安徽医科大学(中外合作),2024,福建,本科批,物理类,,,,,
2263,安徽医科大学临床医学院,2024,福建,本科批,物理类,,,,,
2265,安徽中医药大学,2024,福建,本科批,物理类,,,,,
2266,安康学院,2024,福建,本科批,物理类,,,,,
2268,安庆师范大学(中外合作),2024,福建,本科批,物理类,,,,,
2269,鞍山师范学院,2024,福建,本科批,物理类,,,,,
2270,安顺学院,2024,福建,本科批,物理类,,,,,
2271,安阳工学院,2024,福建,本科批,物理类,,,,,
2272,安阳工学院(中外合作),2024,福建,本科批,物理类,,,,,
2273,安阳师范学院,2024,福建,本科批,物理类,,,,,
2274,白城师范学院,2024,福建,本科批,物理类,,,,,
2276,百色学院,2024,福建,本科批,物理类,,,,,
2277,蚌埠工商学院,2024,福建,本科批,物理类,,,,,
2278,蚌埠学院,2024,福建,本科批,物理类,,,,,
2279,蚌埠医科大学,2024,福建,本科批,物理类,,,,,
2280,保定理工学院,2024,福建,本科批,物理类,,,,,
2281,保定学院,2024,福建,本科批,物理类,,,,,
2282,宝鸡文理学院,2024,福建,本科批,物理类,,,,,
2283,北部湾大学,2024,福建,本科批,物理类,,,,,
2284,北部湾大学(中外合作),2024,福建,本科批,物理类,,,,,
2285,北方工业大学,2024,福建,本科批,物理类,,,,,
2286,北方工业大学(中外合作),2024,福建,本科批,物理类,,,,,
2287,北方民族大学,2024,福建,本科批,物理类,,,,,
2288,北方民族大学(中外合作),2024,福建,本科批,物理类,,,,,
2290,北华大学,2024,福建,本科批,物理类,,,,,
2291,北华大学(中外合作),2024,福建,本科批,物理类,,,,,
2292,北华航天工业学院,2024,福建,本科批,物理类,,,,,
2293,北京城市学院,2024,福建,本科批,物理类,,,,,
2294,北京大学,2024,福建,本科批,物理类,,,,,
2295,北京大学医学部,2024,福建,本科批,物理类,,,,,
2296,北京第二外国语学院,2024,福建,本科批,物理类,,,,,
2297,北京电影学院,2024,福建,本科批,物理类,,,,,
2299,北京电影学院(艺术学门类),2024,福建,本科批,物理类,,,,,
2302,北京服装学院,2024,福建,本科批,物理类,,,,,
2303,北京工商大学,2024,福建,本科批,物理类,,,,,
2304,北京工业大学,2024,福建,本科批,物理类,,,,,
2305,北京工业大学(中外合作),2024,福建,本科批,物理类,,,,,
2306,北京工业大学耿丹学院,2024,福建,本科批,物理类,,,,,
2307,北京航空航天大学,2024,福建,本科批,物理类,,,,,
2308,北京航空航天大学(中外合作),2024,福建,本科批,物理类,,,,,
2309,北京化工大学,2024,福建,本科批,物理类,,,,,
2310,北京化工大学(中外合作),2024,福建,本科批,物理类,,,,,
2311,北京建筑大学,2024,福建,本科批,物理类,,,,,
2312,北京交通大学,2024,福建,本科批,物理类,,,,,
2313,北京交通大学(詹天佑试点班1),2024,福建,本科批,物理类,,,,,
2314,北京交通大学(詹天佑试点班2),2024,福建,本科批,物理类,,,,,
2315,北京交通大学(中外合作),2024,福建,本科批,物理类,,,,,
2316,北京交通大学(威海校区),2024,福建,本科批,物理类,,,,,
2317,北京科技大学,2024,福建,本科批,物理类,,,,,
2318,北京科技大学天津学院,2024,福建,本科批,物理类,,,,,
2319,北京理工大学,2024,福建,本科批,物理类,,,,,
2320,北京联合大学,2024,福建,本科批,物理类,,,,,
2321,北京林业大学,2024,福建,本科批,物理类,,,,,
2322,北京林业大学(中外合作),2024,福建,本科批,物理类,,,,,
2323,北京师范大学,2024,福建,本科批,物理类,,,,,
2325,北京师范大学(珠海校区),2024,福建,本科批,物理类,,,,,
2326,北京师范大学-香港浸会大学联合国际学院,2024,福建,本科批,物理类,,,,,
2327,北京石油化工学院,2024,福建,本科批,物理类,,,,,
2328,北京体育大学,2024,福建,本科批,物理类,,,,,
2329,北京体育大学(中外合作),2024,福建,本科批,物理类,,,,,
2330,北京外国语大学,2024,福建,本科批,物理类,,,,,
2333,北京物资学院,2024,福建,本科批,物理类,,,,,
2334,北京协和医学院,2024,福建,本科批,物理类,,,,,
2335,北京信息科技大学,2024,福建,本科批,物理类,,,,,
2336,北京印刷学院,2024,福建,本科批,物理类,,,,,
2337,北京邮电大学,2024,福建,本科批,物理类,,,,,
2338,北京邮电大学(元班),2024,福建,本科批,物理类,,,,,
2339,北京邮电大学(宏福校区),2024,福建,本科批,物理类,,,,,
2340,北京邮电大学(宏福校区)(海南校区),2024,福建,本科批,物理类,,,,,
2341,北京语言大学,2024,福建,本科批,物理类,,,,,
2342,北京中医药大学,2024,福建,本科批,物理类,,,,,
2343,北京中医药大学东方学院,2024,福建,本科批,物理类,,,,,
2344,滨州医学院,2024,福建,本科批,物理类,,,,,
2345,渤海大学,2024,福建,本科批,物理类,,,,,
2346,沧州交通学院,2024,福建,本科批,物理类,,,,,
2347,沧州师范学院,2024,福建,本科批,物理类,,,,,
2348,长安大学,2024,福建,本科批,物理类,,,,,
2349,长安大学(中爱合作),2024,福建,本科批,物理类,,,,,
2350,长安大学(中法合作),2024,福建,本科批,物理类,,,,,
2351,长春财经学院,2024,福建,本科批,物理类,,,,,
2352,长春大学,2024,福建,本科批,物理类,,,,,
2353,长春大学(中外合作1),2024,福建,本科批,物理类,,,,,
2354,长春大学(中外合作2),2024,福建,本科批,物理类,,,,,
2355,长春大学旅游学院,2024,福建,本科批,物理类,,,,,
2356,长春电子科技学院,2024,福建,本科批,物理类,,,,,
2357,长春工程学院,2024,福建,本科批,物理类,,,,,
2358,长春工程学院(中外合作),2024,福建,本科批,物理类,,,,,
2359,长春工业大学,2024,福建,本科批,物理类,,,,,
2360,长春工业大学(中外合作),2024,福建,本科批,物理类,,,,,
2361,长春工业大学人文信息学院,2024,福建,本科批,物理类,,,,,
2362,长春光华学院,2024,福建,本科批,物理类,,,,,
2363,长春建筑学院,2024,福建,本科批,物理类,,,,,
2364,长春科技学院,2024,福建,本科批,物理类,,,,,
2365,长春理工大学,2024,福建,本科批,物理类,,,,,
2366,长春理工大学(中外合作1),2024,福建,本科批,物理类,,,,,
2367,长春理工大学(中外合作2),2024,福建,本科批,物理类,,,,,
2368,长春汽车职业技术大学,2024,福建,本科批,物理类,,,,,
2369,长春人文学院,2024,福建,本科批,物理类,,,,,
2370,长春师范大学,2024,福建,本科批,物理类,,,,,
2371,长春中医药大学,2024,福建,本科批,物理类,,,,,
2372,长江大学,2024,福建,本科批,物理类,,,,,
2373,长江大学(中外合作),2024,福建,本科批,物理类,,,,,
2374,长江大学文理学院,2024,福建,本科批,物理类,,,,,
2375,长江师范学院,2024,福建,本科批,物理类,,,,,
2376,长江师范学院(中外合作),2024,福建,本科批,物理类,,,,,
2377,长沙理工大学,2024,福建,本科批,物理类,,,,,
2378,长沙理工大学城南学院,2024,福建,本科批,物理类,,,,,
2379,长沙师范学院,2024,福建,本科批,物理类,,,,,
2380,长沙学院,2024,福建,本科批,物理类,,,,,
2381,长沙医学院,2024,福建,本科批,物理类,,,,,
2382,常熟理工学院,2024,福建,本科批,物理类,,,,,
2383,长治学院,2024,福建,本科批,物理类,,,,,
2384,长治医学院,2024,福建,本科批,物理类,,,,,
2385,常州大学,2024,福建,本科批,物理类,,,,,
2386,常州大学怀德学院,2024,福建,本科批,物理类,,,,,
2387,常州工学院,2024,福建,本科批,物理类,,,,,
2388,承德医学院,2024,福建,本科批,物理类,,,,,
2389,成都大学,2024,福建,本科批,物理类,,,,,
2390,成都大学(中韩合作),2024,福建,本科批,物理类,,,,,
2391,成都大学(中英合作),2024,福建,本科批,物理类,,,,,
2392,成都东软学院,2024,福建,本科批,物理类,,,,,
2393,成都工业学院,2024,福建,本科批,物理类,,,,,
2394,成都锦城学院,2024,福建,本科批,物理类,,,,,
2395,成都理工大学,2024,福建,本科批,物理类,,,,,
2396,成都理工大学工程技术学院,2024,福建,本科批,物理类,,,,,
2397,成都师范学院,2024,福建,本科批,物理类,,,,,
2398,成都体育学院,2024,福建,本科批,物理类,,,,,
2399,成都外国语学院,2024,福建,本科批,物理类,,,,,
2400,成都信息工程大学,2024,福建,本科批,物理类,,,,,
2402,成都医学院,2024,福建,本科批,物理类,,,,,
2403,成都中医药大学,2024,福建,本科批,物理类,,,,,
2404,成都中医药大学(中外合作),2024,福建,本科批,物理类,,,,,
2405,池州学院,2024,福建,本科批,物理类,,,,,
2406,重庆财经学院,2024,福建,本科批,物理类,,,,,
2408,重庆大学,2024,福建,本科批,物理类,,,,,
2410,重庆大学(中外合作),2024,福建,本科批,物理类,,,,,
2411,重庆第二师范学院,2024,福建,本科批,物理类,,,,,
2412,重庆对外经贸学院,2024,福建,本科批,物理类,,,,,
2413,重庆工程学院,2024,福建,本科批,物理类,,,,,
2414,重庆工商大学,2024,福建,本科批,物理类,,,,,
2415,重庆交通大学,2024,福建,本科批,物理类,,,,,
2416,重庆科技大学,2024,福建,本科批,物理类,,,,,
2417,重庆理工大学,2024,福建,本科批,物理类,,,,,
2418,重庆人文科技学院,2024,福建,本科批,物理类,,,,,
2419,重庆三峡学院,2024,福建,本科批,物理类,,,,,
2420,重庆师范大学,2024,福建,本科批,物理类,,,,,
2421,重庆外语外事学院,2024,福建,本科批,物理类,,,,,
2422,重庆文理学院,2024,福建,本科批,物理类,,,,,
2423,重庆文理学院(中外合作1),2024,福建,本科批,物理类,,,,,
2424,重庆文理学院(中外合作2),2024,福建,本科批,物理类,,,,,
2425,重庆医科大学,2024,福建,本科批,物理类,,,,,
2426,重庆医科大学(中外合作),2024,福建,本科批,物理类,,,,,
2427,重庆移通学院,2024,福建,本科批,物理类,,,,,
2428,重庆邮电大学,2024,福建,本科批,物理类,,,,,
2429,重庆中医药学院,2024,福建,本科批,物理类,,,,,
2430,楚雄师范学院,2024,福建,本科批,物理类,,,,,
2431,川北医学院,2024,福建,本科批,物理类,,,,,
2432,大理大学,2024,福建,本科批,物理类,,,,,
2433,大连财经学院,2024,福建,本科批,物理类,,,,,
2434,大连大学,2024,福建,本科批,物理类,,,,,
2435,大连东软信息学院,2024,福建,本科批,物理类,,,,,
2436,大连工业大学,2024,福建,本科批,物理类,,,,,
2437,大连工业大学(中外合作),2024,福建,本科批,物理类,,,,,
2438,大连海事大学,2024,福建,本科批,物理类,,,,,
2439,大连海事大学(中外合作),2024,福建,本科批,物理类,,,,,
2440,大连海洋大学,2024,福建,本科批,物理类,,,,,
2441,大连交通大学,2024,福建,本科批,物理类,,,,,
2442,大连交通大学(高收费),2024,福建,本科批,物理类,,,,,
2443,大连交通大学(中外合作),2024,福建,本科批,物理类,,,,,
2444,大连理工大学,2024,福建,本科批,物理类,,,,,
2445,大连理工大学(中外合作),2024,福建,本科批,物理类,,,,,
2446,大连理工大学(盘锦校区),2024,福建,本科批,物理类,,,,,
2447,大连理工大学(盘锦校区)(中外合作),2024,福建,本科批,物理类,,,,,
2448,大连理工大学城市学院,2024,福建,本科批,物理类,,,,,
2449,大连民族大学,2024,福建,本科批,物理类,,,,,
2450,大连外国语大学,2024,福建,本科批,物理类,,,,,
2451,大连医科大学,2024,福建,本科批,物理类,,,,,
2452,大连医科大学(临床医学5+3一体化),2024,福建,本科批,物理类,,,,,
2453,大连医科大学(临床医学),2024,福建,本科批,物理类,,,,,
2454,大连医科大学中山学院,2024,福建,本科批,物理类,,,,,
2456,德州学院,2024,福建,本科批,物理类,,,,,
2457,滇池学院,2024,福建,本科批,物理类,,,,,
2458,滇西应用技术大学,2024,福建,本科批,物理类,,,,,
2459,电子科技大学,2024,福建,本科批,物理类,,,,,
2460,电子科技大学(沙河校区),2024,福建,本科批,物理类,,,,,
2461,电子科技大学(沙河校区)(临床医学),2024,福建,本科批,物理类,,,,,
2462,电子科技大学成都学院,2024,福建,本科批,物理类,,,,,
2463,电子科技大学中山学院,2024,福建,本科批,物理类,,,,,
2464,东北财经大学,2024,福建,本科批,物理类,,,,,
2465,东北财经大学(中外合作),2024,福建,本科批,物理类,,,,,
2466,东北大学,2024,福建,本科批,物理类,,,,,
2467,东北大学秦皇岛分校,2024,福建,本科批,物理类,,,,,
2468,东北大学秦皇岛分校(中外合作),2024,福建,本科批,物理类,,,,,
2469,东北电力大学,2024,福建,本科批,物理类,,,,,
2470,东北电力大学(中美合作),2024,福建,本科批,物理类,,,,,
2471,东北电力大学(中英合作),2024,福建,本科批,物理类,,,,,
2472,东北林业大学,2024,福建,本科批,物理类,,,,,
2473,东北林业大学(中外合作),2024,福建,本科批,物理类,,,,,
2474,东北农业大学,2024,福建,本科批,物理类,,,,,
2475,东北师范大学,2024,福建,本科批,物理类,,,,,
2477,东北石油大学,2024,福建,本科批,物理类,,,,,
2478,东华大学,2024,福建,本科批,物理类,,,,,
2479,东华理工大学,2024,福建,本科批,物理类,,,,,
2480,东华理工大学(中高计划),2024,福建,本科批,物理类,,,,,
2481,东南大学,2024,福建,本科批,物理类,,,,,
2482,东南大学成贤学院,2024,福建,本科批,物理类,,,,,
2483,东莞城市学院,2024,福建,本科批,物理类,,,,,
2484,东莞理工学院(中外合作),2024,福建,本科批,物理类,,,,,
2485,对外经济贸易大学,2024,福建,本科批,物理类,,,,,
2486,防灾科技学院,2024,福建,本科批,物理类,,,,,
2487,佛山大学,2024,福建,本科批,物理类,,,,,
2488,复旦大学,2024,福建,本科批,物理类,,,,,
2489,复旦大学(相辉学堂),2024,福建,本科批,物理类,,,,,
2490,复旦大学医学院,2024,福建,本科批,物理类,,,,,
2491,复旦大学医学院,2024,福建,本科批,物理类,,,,,
2492,阜阳理工学院,2024,福建,本科批,物理类,,,,,
2493,阜阳师范大学,2024,福建,本科批,物理类,,,,,
2494,赣东学院,2024,福建,本科批,物理类,,,,,
2495,赣南科技学院,2024,福建,本科批,物理类,,,,,
2496,赣南师范大学,2024,福建,本科批,物理类,,,,,
2497,赣南师范大学科技学院,2024,福建,本科批,物理类,,,,,
2498,赣南医科大学,2024,福建,本科批,物理类,,,,,
2500,甘肃农业大学,2024,福建,本科批,物理类,,,,,
2501,甘肃政法大学,2024,福建,本科批,物理类,,,,,
2502,广东白云学院,2024,福建,本科批,物理类,,,,,
2503,广东财经大学,2024,福建,本科批,物理类,,,,,
2504,广东东软学院,2024,福建,本科批,物理类,,,,,
2505,广东工商职业技术大学,2024,福建,本科批,物理类,,,,,
2506,广东工业大学,2024,福建,本科批,物理类,,,,,
2507,广东工业大学(国际班),2024,福建,本科批,物理类,,,,,
2508,广东海洋大学,2024,福建,本科批,物理类,,,,,
2509,广东海洋大学(中外合作),2024,福建,本科批,物理类,,,,,
2510,广东技术师范大学,2024,福建,本科批,物理类,,,,,
2511,广东金融学院,2024,福建,本科批,物理类,,,,,
2512,广东警官学院,2024,福建,本科批,物理类,,,,,
2513,广东科技学院,2024,福建,本科批,物理类,,,,,
2514,广东理工学院,2024,福建,本科批,物理类,,,,,
2515,广东培正学院,2024,福建,本科批,物理类,,,,,
2516,广东石油化工学院,2024,福建,本科批,物理类,,,,,
2517,广东外语外贸大学,2024,福建,本科批,物理类,,,,,
2518,广东外语外贸大学南国商学院,2024,福建,本科批,物理类,,,,,
2519,广东药科大学,2024,福建,本科批,物理类,,,,,
2520,广东医科大学,2024,福建,本科批,物理类,,,,,
2521,广东以色列理工学院,2024,福建,本科批,物理类,,,,,
2522,广西财经学院,2024,福建,本科批,物理类,,,,,
2523,广西财经学院(中外合作),2024,福建,本科批,物理类,,,,,
2524,广西大学,2024,福建,本科批,物理类,,,,,
2525,广西科技大学,2024,福建,本科批,物理类,,,,,
2526,广西科技师范学院,2024,福建,本科批,物理类,,,,,
2527,广西民族大学,2024,福建,本科批,物理类,,,,,
2528,广西民族大学相思湖学院,2024,福建,本科批,物理类,,,,,
2529,广西民族师范学院,2024,福建,本科批,物理类,,,,,
2530,广西农业职业技术大学,2024,福建,本科批,物理类,,,,,
2531,广西师范大学,2024,福建,本科批,物理类,,,,,
2533,广西外国语学院,2024,福建,本科批,物理类,,,,,
2534,广西医科大学,2024,福建,本科批,物理类,,,,,
2536,广西中医药大学,2024,福建,本科批,物理类,,,,,
2537,广西中医药大学赛恩斯新医药学院,2024,福建,本科批,物理类,,,,,
2538,广州城市理工学院,2024,福建,本科批,物理类,,,,,
2539,广州大学,2024,福建,本科批,物理类,,,,,
2540,广州工商学院,2024,福建,本科批,物理类,,,,,
2542,广州华立学院,2024,福建,本科批,物理类,,,,,
2544,广州南方学院,2024,福建,本科批,物理类,,,,,
2545,广州软件学院,2024,福建,本科批,物理类,,,,,
2546,广州商学院,2024,福建,本科批,物理类,,,,,
2547,广州体育学院,2024,福建,本科批,物理类,,,,,
2548,广州新华学院,2024,福建,本科批,物理类,,,,,
2549,广州医科大学,2024,福建,本科批,物理类,,,,,
2550,广州应用科技学院,2024,福建,本科批,物理类,,,,,
2551,广州中医药大学,2024,福建,本科批,物理类,,,,,
2552,桂林电子科技大学,2024,福建,本科批,物理类,,,,,
2553,桂林电子科技大学(边防子女预科班),2024,福建,本科批,物理类,,,,,
2554,桂林航天工业学院,2024,福建,本科批,物理类,,,,,
2555,桂林理工大学,2024,福建,本科批,物理类,,,,,
2556,桂林理工大学(中外合作),2024,福建,本科批,物理类,,,,,
2557,桂林旅游学院,2024,福建,本科批,物理类,,,,,
2558,桂林旅游学院(中外合作),2024,福建,本科批,物理类,,,,,
2559,桂林信息科技学院,2024,福建,本科批,物理类,,,,,
2560,桂林学院,2024,福建,本科批,物理类,,,,,
2561,桂林医学院,2024,福建,本科批,物理类,,,,,
2562,贵阳人文科技学院,2024,福建,本科批,物理类,,,,,
2563,贵阳信息科技学院,2024,福建,本科批,物理类,,,,,
2564,贵阳学院,2024,福建,本科批,物理类,,,,,
2565,贵州财经大学,2024,福建,本科批,物理类,,,,,
2566,贵州财经大学(中外合作),2024,福建,本科批,物理类,,,,,
2567,贵州大学,2024,福建,本科批,物理类,,,,,
2568,贵州大学(中外合作1),2024,福建,本科批,物理类,,,,,
2569,贵州大学(中外合作2),2024,福建,本科批,物理类,,,,,
2570,贵州大学(中外合作3),2024,福建,本科批,物理类,,,,,
2571,贵州工程应用技术学院,2024,福建,本科批,物理类,,,,,
2572,贵州警察学院,2024,福建,本科批,物理类,,,,,
2573,贵州理工学院,2024,福建,本科批,物理类,,,,,
2574,贵州民族大学,2024,福建,本科批,物理类,,,,,
2575,贵州黔南经济学院,2024,福建,本科批,物理类,,,,,
2576,贵州黔南科技学院,2024,福建,本科批,物理类,,,,,
2578,贵州医科大学,2024,福建,本科批,物理类,,,,,
2579,贵州医科大学(中高计划1),2024,福建,本科批,物理类,,,,,
2580,贵州医科大学(中高计划2),2024,福建,本科批,物理类,,,,,
2581,贵州医科大学(中外合作),2024,福建,本科批,物理类,,,,,
2582,贵州医科大学神奇民族医药学院,2024,福建,本科批,物理类,,,,,
2583,贵州中医药大学,2024,福建,本科批,物理类,,,,,
2584,贵州中医药大学(中外合作),2024,福建,本科批,物理类,,,,,
2585,贵州中医药大学时珍学院,2024,福建,本科批,物理类,,,,,
2590,哈尔滨工程大学,2024,福建,本科批,物理类,,,,,
2591,哈尔滨工程大学(未来领军),2024,福建,本科批,物理类,,,,,
2592,哈尔滨工业大学,2024,福建,本科批,物理类,,,,,
2593,哈尔滨工业大学,2024,福建,本科批,物理类,,,,,
2594,哈尔滨工业大学,2024,福建,本科批,物理类,,,,,
2595,哈尔滨工业大学,2024,福建,本科批,物理类,,,,,
2596,哈尔滨工业大学(深圳),2024,福建,本科批,物理类,,,,,
2597,哈尔滨工业大学(威海),2024,福建,本科批,物理类,,,,,
2598,哈尔滨工业大学(威海)(中外合作),2024,福建,本科批,物理类,,,,,
2599,哈尔滨工业大学(威海)(卓越优才计划),2024,福建,本科批,物理类,,,,,
2600,哈尔滨金融学院,2024,福建,本科批,物理类,,,,,
2601,哈尔滨理工大学,2024,福建,本科批,物理类,,,,,
2602,哈尔滨商业大学,2024,福建,本科批,物理类,,,,,
2603,哈尔滨师范大学,2024,福建,本科批,物理类,,,,,
2605,哈尔滨学院,2024,福建,本科批,物理类,,,,,
2606,哈尔滨医科大学,2024,福建,本科批,物理类,,,,,
2607,哈尔滨医科大学(精神医学),2024,福建,本科批,物理类,,,,,
2609,哈尔滨远东理工学院,2024,福建,本科批,物理类,,,,,
2614,海军军医大学,2024,福建,本科批,物理类,,,,,
2615,海口经济学院,2024,福建,本科批,物理类,,,,,
2616,海南比勒费尔德应用科学大学,2024,福建,本科批,物理类,,,,,
2617,海南大学,2024,福建,本科批,物理类,,,,,
2618,海南大学,2024,福建,本科批,物理类,,,,,
2619,海南大学,2024,福建,本科批,物理类,,,,,
2620,海南热带海洋学院,2024,福建,本科批,物理类,,,,,
2621,海南热带海洋学院,2024,福建,本科批,物理类,,,,,
2622,海南师范大学,2024,福建,本科批,物理类,,,,,
2623,海南师范大学,2024,福建,本科批,物理类,,,,,
2624,海南师范大学,2024,福建,本科批,物理类,,,,,
2625,海南医科大学,2024,福建,本科批,物理类,,,,,
2626,海南医科大学,2024,福建,本科批,物理类,,,,,
2627,邯郸学院,2024,福建,本科批,物理类,,,,,
2629,韩山师范学院,2024,福建,本科批,物理类,,,,,
2630,杭州电子科技大学,2024,福建,本科批,物理类,,,,,
2631,杭州电子科技大学,2024,福建,本科批,物理类,,,,,
2632,杭州电子科技大学信息工程学院,2024,福建,本科批,物理类,,,,,
2633,杭州师范大学,2024,福建,本科批,物理类,,,,,
2634,杭州师范大学,2024,福建,本科批,物理类,,,,,
2635,河北北方学院,2024,福建,本科批,物理类,,,,,
2636,河北传媒学院,2024,福建,本科批,物理类,,,,,
2637,河北大学,2024,福建,本科批,物理类,,,,,
2638,河北地质大学,2024,福建,本科批,物理类,,,,,
2639,河北东方学院,2024,福建,本科批,物理类,,,,,
2640,河北工程大学,2024,福建,本科批,物理类,,,,,
2641,河北工程大学科信学院,2024,福建,本科批,物理类,,,,,
2642,河北工业大学,2024,福建,本科批,物理类,,,,,
2643,河北工业大学,2024,福建,本科批,物理类,,,,,
2644,河北环境工程学院,2024,福建,本科批,物理类,,,,,
2645,河北建筑工程学院,2024,福建,本科批,物理类,,,,,
2646,河北金融学院,2024,福建,本科批,物理类,,,,,
2647,河北金融学院(爱尔兰校区),2024,福建,本科批,物理类,,,,,
2648,河北经贸大学,2024,福建,本科批,物理类,,,,,
2649,河北科技大学,2024,福建,本科批,物理类,,,,,
2650,河北科技大学,2024,福建,本科批,物理类,,,,,
2651,河北科技工程职业技术大学,2024,福建,本科批,物理类,,,,,
2652,河北科技师范学院,2024,福建,本科批,物理类,,,,,
2654,河北师范大学,2024,福建,本科批,物理类,,,,,
2655,河北师范大学,2024,福建,本科批,物理类,,,,,
2656,河北石油职业技术大学,2024,福建,本科批,物理类,,,,,
2657,河北外国语学院,2024,福建,本科批,物理类,,,,,
2658,河北医科大学,2024,福建,本科批,物理类,,,,,
2659,河北医科大学临床学院,2024,福建,本科批,物理类,,,,,
2660,河北中医药大学,2024,福建,本科批,物理类,,,,,
2661,河池学院,2024,福建,本科批,物理类,,,,,
2662,合肥城市学院,2024,福建,本科批,物理类,,,,,
2663,合肥大学,2024,福建,本科批,物理类,,,,,
2664,合肥工业大学,2024,福建,本科批,物理类,,,,,
2665,合肥工业大学,2024,福建,本科批,物理类,,,,,
2666,合肥工业大学(宣城校区),2024,福建,本科批,物理类,,,,,
2667,合肥师范学院,2024,福建,本科批,物理类,,,,,
2668,河海大学,2024,福建,本科批,物理类,,,,,
2669,河海大学(中外合作),2024,福建,本科批,物理类,,,,,
2670,河南财经政法大学,2024,福建,本科批,物理类,,,,,
2671,河南财经政法大学(高收费),2024,福建,本科批,物理类,,,,,
2672,河南财政金融学院,2024,福建,本科批,物理类,,,,,
2673,河南城建学院,2024,福建,本科批,物理类,,,,,
2674,河南大学,2024,福建,本科批,物理类,,,,,
2675,河南大学(高收费),2024,福建,本科批,物理类,,,,,
2676,河南工程学院,2024,福建,本科批,物理类,,,,,
2677,河南工学院,2024,福建,本科批,物理类,,,,,
2678,河南工业大学,2024,福建,本科批,物理类,,,,,
2679,河南工业大学(中外合作),2024,福建,本科批,物理类,,,,,
2680,河南开封科技传媒学院,2024,福建,本科批,物理类,,,,,
2681,河南科技大学,2024,福建,本科批,物理类,,,,,
2682,河南科技学院,2024,福建,本科批,物理类,,,,,
2683,河南理工大学,2024,福建,本科批,物理类,,,,,
2684,河南理工大学(中外合作),2024,福建,本科批,物理类,,,,,
2685,河南农业大学,2024,福建,本科批,物理类,,,,,
2686,河南农业大学(中外合作),2024,福建,本科批,物理类,,,,,
2687,河南师范大学,2024,福建,本科批,物理类,,,,,
2688,河南中医药大学,2024,福建,本科批,物理类,,,,,
2689,菏泽学院,2024,福建,本科批,物理类,,,,,
2690,贺州学院,2024,福建,本科批,物理类,,,,,
2691,黑河学院,2024,福建,本科批,物理类,,,,,
2692,黑龙江八一农垦大学,2024,福建,本科批,物理类,,,,,
2693,黑龙江财经学院,2024,福建,本科批,物理类,,,,,
2694,黑龙江大学,2024,福建,本科批,物理类,,,,,
2695,黑龙江东方学院,2024,福建,本科批,物理类,,,,,
2696,黑龙江工程学院,2024,福建,本科批,物理类,,,,,
2697,黑龙江工商学院,2024,福建,本科批,物理类,,,,,
2698,黑龙江科技大学,2024,福建,本科批,物理类,,,,,
2700,黑龙江中医药大学,2024,福建,本科批,物理类,,,,,
2701,衡水学院,2024,福建,本科批,物理类,,,,,
2702,衡水学院(中外合作),2024,福建,本科批,物理类,,,,,
2703,衡阳师范学院,2024,福建,本科批,物理类,,,,,
2705,红河学院,2024,福建,本科批,物理类,,,,,
2706,湖北大学,2024,福建,本科批,物理类,,,,,
2707,湖北大学(中外合作),2024,福建,本科批,物理类,,,,,
2708,湖北大学知行学院,2024,福建,本科批,物理类,,,,,
2709,湖北第二师范学院,2024,福建,本科批,物理类,,,,,
2710,湖北恩施学院,2024,福建,本科批,物理类,,,,,
2711,湖北工程学院,2024,福建,本科批,物理类,,,,,
2712,湖北工程学院新技术学院,2024,福建,本科批,物理类,,,,,
2714,湖北工业大学工程技术学院,2024,福建,本科批,物理类,,,,,
2715,湖北警官学院,2024,福建,本科批,物理类,,,,,
2716,湖北经济学院,2024,福建,本科批,物理类,,,,,
2717,湖北经济学院法商学院,2024,福建,本科批,物理类,,,,,
2718,湖北科技学院,2024,福建,本科批,物理类,,,,,
2719,湖北科技学院(中外合作),2024,福建,本科批,物理类,,,,,
2720,湖北理工学院,2024,福建,本科批,物理类,,,,,
2721,湖北理工学院(中外合作),2024,福建,本科批,物理类,,,,,
2723,湖北民族大学,2024,福建,本科批,物理类,,,,,
2724,湖北汽车工业学院,2024,福建,本科批,物理类,,,,,
2725,湖北商贸学院,2024,福建,本科批,物理类,,,,,
2726,湖北师范大学,2024,福建,本科批,物理类,,,,,
2727,湖北师范大学(中外合作),2024,福建,本科批,物理类,,,,,
2728,湖北师范大学文理学院,2024,福建,本科批,物理类,,,,,
2729,湖北文理学院,2024,福建,本科批,物理类,,,,,
2730,湖北文理学院理工学院,2024,福建,本科批,物理类,,,,,
2731,湖北医药学院,2024,福建,本科批,物理类,,,,,
2732,湖北医药学院药护学院,2024,福建,本科批,物理类,,,,,
2733,湖北中医药大学,2024,福建,本科批,物理类,,,,,
2734,湖南财政经济学院,2024,福建,本科批,物理类,,,,,
2735,湖南城市学院,2024,福建,本科批,物理类,,,,,
2736,湖南大学,2024,福建,本科批,物理类,,,,,
2737,湖南大学(边防子女预科班),2024,福建,本科批,物理类,,,,,
2739,湖南第一师范学院,2024,福建,本科批,物理类,,,,,
2740,湖南工程学院,2024,福建,本科批,物理类,,,,,
2741,湖南工程学院(中外合作),2024,福建,本科批,物理类,,,,,
2743,湖南工商大学,2024,福建,本科批,物理类,,,,,
2744,湖南工学院,2024,福建,本科批,物理类,,,,,
2745,湖南工业大学,2024,福建,本科批,物理类,,,,,
2746,湖南工业大学科技学院,2024,福建,本科批,物理类,,,,,
2747,湖南交通工程学院,2024,福建,本科批,物理类,,,,,
2748,湖南警察学院,2024,福建,本科批,物理类,,,,,
2749,湖南科技大学,2024,福建,本科批,物理类,,,,,
2750,湖南科技大学潇湘学院,2024,福建,本科批,物理类,,,,,
2751,湖南科技学院,2024,福建,本科批,物理类,,,,,
2752,湖南理工学院,2024,福建,本科批,物理类,,,,,
2753,湖南理工学院(中外合作),2024,福建,本科批,物理类,,,,,
2754,湖南理工学院南湖学院,2024,福建,本科批,物理类,,,,,
2755,湖南农业大学,2024,福建,本科批,物理类,,,,,
2756,湖南农业大学东方科技学院,2024,福建,本科批,物理类,,,,,
2757,湖南人文科技学院,2024,福建,本科批,物理类,,,,,
2758,湖南人文科技学院(中外合作),2024,福建,本科批,物理类,,,,,
2759,湖南涉外经济学院,2024,福建,本科批,物理类,,,,,
2760,湖南师范大学,2024,福建,本科批,物理类,,,,,
2762,湖南文理学院,2024,福建,本科批,物理类,,,,,
2763,湖南文理学院芙蓉学院,2024,福建,本科批,物理类,,,,,
2764,湖南医药学院,2024,福建,本科批,物理类,,,,,
2765,湖南中医药大学,2024,福建,本科批,物理类,,,,,
2766,湖南中医药大学湘杏学院,2024,福建,本科批,物理类,,,,,
2767,湖州师范学院,2024,福建,本科批,物理类,,,,,
2768,湖州学院,2024,福建,本科批,物理类,,,,,
2769,华北电力大学(保定),2024,福建,本科批,物理类,,,,,
2770,华北电力大学(北京),2024,福建,本科批,物理类,,,,,
2771,华北科技学院,2024,福建,本科批,物理类,,,,,
2772,华北理工大学,2024,福建,本科批,物理类,,,,,
2773,华北理工大学轻工学院,2024,福建,本科批,物理类,,,,,
2774,华北水利水电大学,2024,福建,本科批,物理类,,,,,
2775,华东交通大学,2024,福建,本科批,物理类,,,,,
2776,华东交通大学(高收费),2024,福建,本科批,物理类,,,,,
2777,华东交通大学(中高计划),2024,福建,本科批,物理类,,,,,
2778,华东理工大学,2024,福建,本科批,物理类,,,,,
2779,华东师范大学,2024,福建,本科批,物理类,,,,,
2780,华东政法大学,2024,福建,本科批,物理类,,,,,
2782,华南理工大学,2024,福建,本科批,物理类,,,,,
2783,华南农业大学,2024,福建,本科批,物理类,,,,,
2784,华南农业大学(中外合作),2024,福建,本科批,物理类,,,,,
2785,华南师范大学,2024,福建,本科批,物理类,,,,,
2786,华中科技大学,2024,福建,本科批,物理类,,,,,
2787,华中科技大学(医学类),2024,福建,本科批,物理类,,,,,
2788,华中农业大学,2024,福建,本科批,物理类,,,,,
2789,华中师范大学,2024,福建,本科批,物理类,,,,,
2790,淮北师范大学,2024,福建,本科批,物理类,,,,,
2791,怀化学院,2024,福建,本科批,物理类,,,,,
2792,淮阴工学院,2024,福建,本科批,物理类,,,,,
2793,淮阴师范学院,2024,福建,本科批,物理类,,,,,
2795,黄河科技学院,2024,福建,本科批,物理类,,,,,
2796,黄淮学院,2024,福建,本科批,物理类,,,,,
2799,吉利学院,2024,福建,本科批,物理类,,,,,
2800,吉林财经大学,2024,福建,本科批,物理类,,,,,
2801,吉林大学,2024,福建,本科批,物理类,,,,,
2802,吉林大学(临床医学),2024,福建,本科批,物理类,,,,,
2803,吉林大学(唐敖庆班),2024,福建,本科批,物理类,,,,,
2804,吉林大学(中外合作),2024,福建,本科批,物理类,,,,,
2806,吉林工程技术师范学院,2024,福建,本科批,物理类,,,,,
2807,吉林工商学院,2024,福建,本科批,物理类,,,,,
2808,吉林建筑大学,2024,福建,本科批,物理类,,,,,
2809,吉林建筑大学(中外合作),2024,福建,本科批,物理类,,,,,
2810,吉林建筑科技学院,2024,福建,本科批,物理类,,,,,
2811,吉林农业大学,2024,福建,本科批,物理类,,,,,
2812,吉林农业科技学院,2024,福建,本科批,物理类,,,,,
2813,吉林师范大学,2024,福建,本科批,物理类,,,,,
2814,吉林师范大学博达学院,2024,福建,本科批,物理类,,,,,
2815,吉林外国语大学,2024,福建,本科批,物理类,,,,,
2817,吉林医药学院,2024,福建,本科批,物理类,,,,,
2818,吉林医药学院(中外合作),2024,福建,本科批,物理类,,,,,
2819,济南大学,2024,福建,本科批,物理类,,,,,
2820,暨南大学,2024,福建,本科批,物理类,,,,,
2821,暨南大学(中外合作),2024,福建,本科批,物理类,,,,,
2822,济宁学院,2024,福建,本科批,物理类,,,,,
2823,济宁医学院,2024,福建,本科批,物理类,,,,,
2824,吉首大学,2024,福建,本科批,物理类,,,,,
2825,佳木斯大学,2024,福建,本科批,物理类,,,,,
2826,嘉兴大学,2024,福建,本科批,物理类,,,,,
2827,嘉兴南湖学院,2024,福建,本科批,物理类,,,,,
2828,嘉应学院,2024,福建,本科批,物理类,,,,,
2829,江汉大学,2024,福建,本科批,物理类,,,,,
2830,江南大学,2024,福建,本科批,物理类,,,,,
2831,江南大学(中外合作),2024,福建,本科批,物理类,,,,,
2832,江苏大学,2024,福建,本科批,物理类,,,,,
2833,江苏大学京江学院,2024,福建,本科批,物理类,,,,,
2834,江苏第二师范学院,2024,福建,本科批,物理类,,,,,
2835,江苏海洋大学,2024,福建,本科批,物理类,,,,,
2836,江苏科技大学,2024,福建,本科批,物理类,,,,,
2837,江苏科技大学苏州理工学院,2024,福建,本科批,物理类,,,,,
2838,江苏理工学院,2024,福建,本科批,物理类,,,,,
2839,江苏理工学院(中外合作),2024,福建,本科批,物理类,,,,,
2840,江苏师范大学,2024,福建,本科批,物理类,,,,,
2841,江苏师范大学科文学院,2024,福建,本科批,物理类,,,,,
2842,江西财经大学,2024,福建,本科批,物理类,,,,,
2843,江西财经大学(中外合作),2024,福建,本科批,物理类,,,,,
2844,江西财经大学现代经济管理学院,2024,福建,本科批,物理类,,,,,
2845,江西飞行学院,2024,福建,本科批,物理类,,,,,
2846,江西服装学院,2024,福建,本科批,物理类,,,,,
2847,江西工程学院,2024,福建,本科批,物理类,,,,,
2848,江西警察学院,2024,福建,本科批,物理类,,,,,
2849,江西科技师范大学,2024,福建,本科批,物理类,,,,,
2850,江西科技学院,2024,福建,本科批,物理类,,,,,
2851,江西理工大学,2024,福建,本科批,物理类,,,,,
2852,江西理工大学(高收费),2024,福建,本科批,物理类,,,,,
2853,江西理工大学(中外合作),2024,福建,本科批,物理类,,,,,
2854,江西农业大学,2024,福建,本科批,物理类,,,,,
2855,江西农业大学南昌商学院,2024,福建,本科批,物理类,,,,,
2856,江西软件职业技术大学,2024,福建,本科批,物理类,,,,,
2857,江西师范大学,2024,福建,本科批,物理类,,,,,
2859,江西师范大学科学技术学院,2024,福建,本科批,物理类,,,,,
2860,江西应用科技学院,2024,福建,本科批,物理类,,,,,
2861,江西中医药大学,2024,福建,本科批,物理类,,,,,
2862,金陵科技学院,2024,福建,本科批,物理类,,,,,
2863,锦州医科大学,2024,福建,本科批,物理类,,,,,
2864,锦州医科大学医疗学院,2024,福建,本科批,物理类,,,,,
2865,荆楚理工学院,2024,福建,本科批,物理类,,,,,
2866,景德镇陶瓷大学,2024,福建,本科批,物理类,,,,,
2867,景德镇学院,2024,福建,本科批,物理类,,,,,
2868,景德镇艺术职业大学,2024,福建,本科批,物理类,,,,,
2869,井冈山大学,2024,福建,本科批,物理类,,,,,
2870,九江学院,2024,福建,本科批,物理类,,,,,
2871,喀什大学,2024,福建,本科批,物理类,,,,,
2872,凯里学院,2024,福建,本科批,物理类,,,,,
2873,凯里学院(中外合作),2024,福建,本科批,物理类,,,,,
2881,昆明理工大学,2024,福建,本科批,物理类,,,,,
2882,昆明理工大学(中外合作),2024,福建,本科批,物理类,,,,,
2883,昆明理工大学津桥学院,2024,福建,本科批,物理类,,,,,
2884,昆明文理学院,2024,福建,本科批,物理类,,,,,
2885,昆明学院,2024,福建,本科批,物理类,,,,,
2886,昆明医科大学,2024,福建,本科批,物理类,,,,,
2887,昆明医科大学海源学院,2024,福建,本科批,物理类,,,,,
2889,兰州博文科技学院,2024,福建,本科批,物理类,,,,,
2890,兰州财经大学,2024,福建,本科批,物理类,,,,,
2891,兰州城市学院,2024,福建,本科批,物理类,,,,,
2892,兰州大学,2024,福建,本科批,物理类,,,,,
2893,兰州大学(中外合作),2024,福建,本科批,物理类,,,,,
2894,兰州工商学院,2024,福建,本科批,物理类,,,,,
2895,兰州交通大学,2024,福建,本科批,物理类,,,,,
2896,兰州理工大学,2024,福建,本科批,物理类,,,,,
2897,兰州石化职业技术大学,2024,福建,本科批,物理类,,,,,
2898,兰州信息科技学院,2024,福建,本科批,物理类,,,,,
2899,廊坊师范学院,2024,福建,本科批,物理类,,,,,
2900,乐山师范学院,2024,福建,本科批,物理类,,,,,
2901,丽江文化旅游学院,2024,福建,本科批,物理类,,,,,
2902,丽水学院,2024,福建,本科批,物理类,,,,,
2903,聊城大学,2024,福建,本科批,物理类,,,,,
2904,辽宁传媒学院,2024,福建,本科批,物理类,,,,,
2905,辽宁大学,2024,福建,本科批,物理类,,,,,
2907,辽宁大学,2024,福建,本科批,物理类,,,,,
2908,辽宁大学,2024,福建,本科批,物理类,,,,,
2909,辽宁对外经贸学院,2024,福建,本科批,物理类,,,,,
2910,辽宁工程技术大学,2024,福建,本科批,物理类,,,,,
2911,辽宁何氏医学院,2024,福建,本科批,物理类,,,,,
2912,辽宁科技大学,2024,福建,本科批,物理类,,,,,
2913,辽宁科技大学,2024,福建,本科批,物理类,,,,,
2914,辽宁科技学院,2024,福建,本科批,物理类,,,,,
2915,辽宁师范大学,2024,福建,本科批,物理类,,,,,
2916,辽宁师范大学海华学院,2024,福建,本科批,物理类,,,,,
2917,辽宁石油化工大学,2024,福建,本科批,物理类,,,,,
2918,辽宁中医药大学,2024,福建,本科批,物理类,,,,,
2919,辽宁中医药大学杏林学院,2024,福建,本科批,物理类,,,,,
2920,临沂大学,2024,福建,本科批,物理类,,,,,
2921,岭南师范学院,2024,福建,本科批,物理类,,,,,
2922,六盘水师范学院,2024,福建,本科批,物理类,,,,,
2923,柳州工学院,2024,福建,本科批,物理类,,,,,
2924,陇东学院,2024,福建,本科批,物理类,,,,,
2925,鲁东大学,2024,福建,本科批,物理类,,,,,
2937,洛阳理工学院,2024,福建,本科批,物理类,,,,,
2938,洛阳师范学院,2024,福建,本科批,物理类,,,,,
2939,吕梁学院,2024,福建,本科批,物理类,,,,,
2940,马鞍山学院,2024,福建,本科批,物理类,,,,,
2941,茅台学院,2024,福建,本科批,物理类,,,,,
2942,绵阳城市学院,2024,福建,本科批,物理类,,,,,
2943,绵阳师范学院,2024,福建,本科批,物理类,,,,,
2944,民政职业大学,2024,福建,本科批,物理类,,,,,
2945,牡丹江师范学院,2024,福建,本科批,物理类,,,,,
2946,牡丹江医科大学,2024,福建,本科批,物理类,,,,,
2947,南昌大学,2024,福建,本科批,物理类,,,,,
2948,南昌大学(中外合作),2024,福建,本科批,物理类,,,,,
2949,南昌大学共青学院,2024,福建,本科批,物理类,,,,,
2950,南昌大学科学技术学院,2024,福建,本科批,物理类,,,,,
2951,南昌工程学院,2024,福建,本科批,物理类,,,,,
2952,南昌工程学院,2024,福建,本科批,物理类,,,,,
2953,南昌工学院,2024,福建,本科批,物理类,,,,,
2954,南昌航空大学,2024,福建,本科批,物理类,,,,,
2955,南昌航空大学,2024,福建,本科批,物理类,,,,,
2956,南昌航空大学科技学院,2024,福建,本科批,物理类,,,,,
2957,南昌交通学院,2024,福建,本科批,物理类,,,,,
2958,南昌理工学院,2024,福建,本科批,物理类,,,,,
2959,南昌师范学院,2024,福建,本科批,物理类,,,,,
2960,南昌医学院,2024,福建,本科批,物理类,,,,,
2961,南昌应用技术师范学院,2024,福建,本科批,物理类,,,,,
2962,南昌职业大学,2024,福建,本科批,物理类,,,,,
2964,南方医科大学,2024,福建,本科批,物理类,,,,,
2965,南华大学,2024,福建,本科批,物理类,,,,,
2966,南华大学船山学院,2024,福建,本科批,物理类,,,,,
2967,南京财经大学,2024,福建,本科批,物理类,,,,,
2968,南京财经大学红山学院,2024,福建,本科批,物理类,,,,,
2969,南京传媒学院,2024,福建,本科批,物理类,,,,,
2970,南京大学,2024,福建,本科批,物理类,,,,,
2971,南京大学(中外合作),2024,福建,本科批,物理类,,,,,
2972,南京工程学院,2024,福建,本科批,物理类,,,,,
2973,南京工程学院,2024,福建,本科批,物理类,,,,,
2974,南京工业大学,2024,福建,本科批,物理类,,,,,
2975,南京工业大学(中外合作),2024,福建,本科批,物理类,,,,,
2976,南京工业大学浦江学院,2024,福建,本科批,物理类,,,,,
2977,南京工业职业技术大学,2024,福建,本科批,物理类,,,,,
2978,南京航空航天大学,2024,福建,本科批,物理类,,,,,
2979,南京航空航天大学金城学院,2024,福建,本科批,物理类,,,,,
2982,南京理工大学,2024,福建,本科批,物理类,,,,,
2983,南京理工大学泰州科技学院,2024,福建,本科批,物理类,,,,,
2984,南京理工大学紫金学院,2024,福建,本科批,物理类,,,,,
2985,南京林业大学,2024,福建,本科批,物理类,,,,,
2986,南京农业大学,2024,福建,本科批,物理类,,,,,
2987,南京审计大学,2024,福建,本科批,物理类,,,,,
2988,南京审计大学(中外合作),2024,福建,本科批,物理类,,,,,
2989,南京审计大学金审学院,2024,福建,本科批,物理类,,,,,
2990,南京师范大学,2024,福建,本科批,物理类,,,,,
2991,南京特殊教育师范学院,2024,福建,本科批,物理类,,,,,
2992,南京体育学院,2024,福建,本科批,物理类,,,,,
2993,南京晓庄学院,2024,福建,本科批,物理类,,,,,
2994,南京信息工程大学,2024,福建,本科批,物理类,,,,,
2995,南京信息工程大学,2024,福建,本科批,物理类,,,,,
2996,南京医科大学,2024,福建,本科批,物理类,,,,,
2997,南京医科大学康达学院,2024,福建,本科批,物理类,,,,,
2998,南京艺术学院,2024,福建,本科批,物理类,,,,,
2999,南京邮电大学,2024,福建,本科批,物理类,,,,,
3000,南京邮电大学通达学院,2024,福建,本科批,物理类,,,,,
3001,南开大学,2024,福建,本科批,物理类,,,,,
3002,南宁理工学院,2024,福建,本科批,物理类,,,,,
3003,南宁师范大学,2024,福建,本科批,物理类,,,,,
3004,南宁师范大学,2024,福建,本科批,物理类,,,,,
3005,南宁学院,2024,福建,本科批,物理类,,,,,
3006,南通大学,2024,福建,本科批,物理类,,,,,
3007,南通理工学院,2024,福建,本科批,物理类,,,,,
3008,南阳理工学院,2024,福建,本科批,物理类,,,,,
3009,南阳理工学院,2024,福建,本科批,物理类,,,,,
3010,南阳师范学院,2024,福建,本科批,物理类,,,,,
3011,内江师范学院,2024,福建,本科批,物理类,,,,,
3012,内蒙古工业大学,2024,福建,本科批,物理类,,,,,
3013,内蒙古科技大学,2024,福建,本科批,物理类,,,,,
3014,内蒙古民族大学,2024,福建,本科批,物理类,,,,,
3015,内蒙古农业大学,2024,福建,本科批,物理类,,,,,
3017,内蒙古医科大学,2024,福建,本科批,物理类,,,,,
3019,宁波财经学院,2024,福建,本科批,物理类,,,,,
3020,宁波大学,2024,福建,本科批,物理类,,,,,
3021,宁波大学,2024,福建,本科批,物理类,,,,,
3022,宁波大学科学技术学院,2024,福建,本科批,物理类,,,,,
3023,宁波工程学院,2024,福建,本科批,物理类,,,,,
3024,宁波工程学院(中外合作),2024,福建,本科批,物理类,,,,,
3025,宁波诺丁汉大学,2024,福建,本科批,物理类,,,,,
3026,宁夏大学,2024,福建,本科批,物理类,,,,,
3028,宁夏大学(中外合作),2024,福建,本科批,物理类,,,,,
3029,宁夏大学新华学院,2024,福建,本科批,物理类,,,,,
3030,宁夏理工学院,2024,福建,本科批,物理类,,,,,
3031,宁夏医科大学,2024,福建,本科批,物理类,,,,,
3032,攀枝花学院,2024,福建,本科批,物理类,,,,,
3033,平顶山学院,2024,福建,本科批,物理类,,,,,
3034,萍乡学院,2024,福建,本科批,物理类,,,,,
3035,普洱学院,2024,福建,本科批,物理类,,,,,
3036,齐鲁工业大学,2024,福建,本科批,物理类,,,,,
3037,齐鲁理工学院,2024,福建,本科批,物理类,,,,,
3038,齐鲁医药学院,2024,福建,本科批,物理类,,,,,
3039,齐齐哈尔大学,2024,福建,本科批,物理类,,,,,
3040,齐齐哈尔医学院,2024,福建,本科批,物理类,,,,,
3041,黔南民族师范学院,2024,福建,本科批,物理类,,,,,
3042,青岛滨海学院,2024,福建,本科批,物理类,,,,,
3043,青岛城市学院,2024,福建,本科批,物理类,,,,,
3044,青岛大学,2024,福建,本科批,物理类,,,,,
3045,青岛电影学院,2024,福建,本科批,物理类,,,,,
3046,青岛工学院,2024,福建,本科批,物理类,,,,,
3047,青岛恒星科技学院,2024,福建,本科批,物理类,,,,,
3048,青岛黄海学院,2024,福建,本科批,物理类,,,,,
3049,青岛科技大学,2024,福建,本科批,物理类,,,,,
3050,青岛科技大学(中外合作),2024,福建,本科批,物理类,,,,,
3051,青岛理工大学,2024,福建,本科批,物理类,,,,,
3052,青岛理工大学(中外合作),2024,福建,本科批,物理类,,,,,
3053,青岛农业大学,2024,福建,本科批,物理类,,,,,
3054,青岛农业大学海都学院,2024,福建,本科批,物理类,,,,,
3055,青海大学,2024,福建,本科批,物理类,,,,,
3056,青海民族大学,2024,福建,本科批,物理类,,,,,
3057,青海民族大学(中外合作),2024,福建,本科批,物理类,,,,,
3058,青海师范大学,2024,福建,本科批,物理类,,,,,
3059,清华大学,2024,福建,本科批,物理类,,,,,
3060,琼台师范学院,2024,福建,本科批,物理类,,,,,
3061,曲阜师范大学,2024,福建,本科批,物理类,,,,,
3062,曲靖师范学院,2024,福建,本科批,物理类,,,,,
3063,衢州学院,2024,福建,本科批,物理类,,,,,
3064,三江学院,2024,福建,本科批,物理类,,,,,
3065,三峡大学,2024,福建,本科批,物理类,,,,,
3066,三峡大学(中外合作),2024,福建,本科批,物理类,,,,,
3067,三峡大学科技学院,2024,福建,本科批,物理类,,,,,
3068,三亚学院,2024,福建,本科批,物理类,,,,,
3069,山东财经大学,2024,福建,本科批,物理类,,,,,
3070,山东大学,2024,福建,本科批,物理类,,,,,
3071,山东大学(护理),2024,福建,本科批,物理类,,,,,
3072,山东大学威海分校,2024,福建,本科批,物理类,,,,,
3073,山东第二医科大学,2024,福建,本科批,物理类,,,,,
3074,山东第一医科大学,2024,福建,本科批,物理类,,,,,
3075,山东工商学院,2024,福建,本科批,物理类,,,,,
3076,山东工艺美术学院,2024,福建,本科批,物理类,,,,,
3077,山东航空学院,2024,福建,本科批,物理类,,,,,
3078,山东建筑大学,2024,福建,本科批,物理类,,,,,
3079,山东建筑大学(中外合作),2024,福建,本科批,物理类,,,,,
3080,山东交通学院,2024,福建,本科批,物理类,,,,,
3081,山东科技大学,2024,福建,本科批,物理类,,,,,
3082,山东科技大学(中外合作),2024,福建,本科批,物理类,,,,,
3083,山东理工大学,2024,福建,本科批,物理类,,,,,
3084,山东农业大学,2024,福建,本科批,物理类,,,,,
3085,山东女子学院,2024,福建,本科批,物理类,,,,,
3086,山东师范大学,2024,福建,本科批,物理类,,,,,
3087,山东石油化工学院,2024,福建,本科批,物理类,,,,,
3088,山东外国语职业技术大学,2024,福建,本科批,物理类,,,,,
3089,山东协和学院,2024,福建,本科批,物理类,,,,,
3091,山东英才学院,2024,福建,本科批,物理类,,,,,
3092,山东中医药大学,2024,福建,本科批,物理类,,,,,
3093,汕头大学,2024,福建,本科批,物理类,,,,,
3094,山西财经大学,2024,福建,本科批,物理类,,,,,
3095,山西传媒学院,2024,福建,本科批,物理类,,,,,
3096,山西大同大学,2024,福建,本科批,物理类,,,,,
3097,山西大学,2024,福建,本科批,物理类,,,,,
3098,山西工程技术学院,2024,福建,本科批,物理类,,,,,
3099,山西工学院,2024,福建,本科批,物理类,,,,,
3100,山西晋中理工学院,2024,福建,本科批,物理类,,,,,
3101,陕西科技大学,2024,福建,本科批,物理类,,,,,
3102,陕西科技大学(中外合作),2024,福建,本科批,物理类,,,,,
3103,陕西理工大学,2024,福建,本科批,物理类,,,,,
3104,陕西理工大学(中外合作),2024,福建,本科批,物理类,,,,,
3105,山西农业大学,2024,福建,本科批,物理类,,,,,
3106,山西师范大学,2024,福建,本科批,物理类,,,,,
3107,陕西师范大学,2024,福建,本科批,物理类,,,,,
3108,陕西学前师范学院,2024,福建,本科批,物理类,,,,,
3109,山西医科大学,2024,福建,本科批,物理类,,,,,
3110,陕西中医药大学,2024,福建,本科批,物理类,,,,,
3111,山西中医药大学,2024,福建,本科批,物理类,,,,,
3112,上海财经大学,2024,福建,本科批,物理类,,,,,
3113,上海财经大学浙江学院,2024,福建,本科批,物理类,,,,,
3114,上海大学,2024,福建,本科批,物理类,,,,,
3116,上海大学(中外合作),2024,福建,本科批,物理类,,,,,
3117,上海第二工业大学,2024,福建,本科批,物理类,,,,,
3118,上海电机学院,2024,福建,本科批,物理类,,,,,
3119,上海电力大学,2024,福建,本科批,物理类,,,,,
3120,上海电力大学(中外合作),2024,福建,本科批,物理类,,,,,
3121,上海对外经贸大学,2024,福建,本科批,物理类,,,,,
3122,上海对外经贸大学(中外合作),2024,福建,本科批,物理类,,,,,
3123,上海工程技术大学,2024,福建,本科批,物理类,,,,,
3124,上海海关学院,2024,福建,本科批,物理类,,,,,
3127,上海海事大学,2024,福建,本科批,物理类,,,,,
3128,上海海洋大学,2024,福建,本科批,物理类,,,,,
3129,上海海洋大学(中外合作),2024,福建,本科批,物理类,,,,,
3130,上海健康医学院,2024,福建,本科批,物理类,,,,,
3131,上海建桥学院,2024,福建,本科批,物理类,,,,,
3132,上海交通大学,2024,福建,本科批,物理类,,,,,
3133,上海交通大学(中外合作),2024,福建,本科批,物理类,,,,,
3134,上海交通大学医学院,2024,福建,本科批,物理类,,,,,
3135,上海交通大学医学院(本博连读),2024,福建,本科批,物理类,,,,,
3137,上海立达学院,2024,福建,本科批,物理类,,,,,
3138,上海理工大学,2024,福建,本科批,物理类,,,,,
3139,上海理工大学(中外合作),2024,福建,本科批,物理类,,,,,
3140,上海立信会计金融学院,2024,福建,本科批,物理类,,,,,
3142,上海杉达学院,2024,福建,本科批,物理类,,,,,
3143,上海商学院,2024,福建,本科批,物理类,,,,,
3144,上海师范大学,2024,福建,本科批,物理类,,,,,
3145,上海师范大学天华学院,2024,福建,本科批,物理类,,,,,
3146,上海视觉艺术学院,2024,福建,本科批,物理类,,,,,
3147,上海外国语大学,2024,福建,本科批,物理类,,,,,
3149,上海外国语大学贤达经济人文学院,2024,福建,本科批,物理类,,,,,
3152,上海应用技术大学,2024,福建,本科批,物理类,,,,,
3153,上海政法学院,2024,福建,本科批,物理类,,,,,
3154,上海中侨职业技术大学,2024,福建,本科批,物理类,,,,,
3155,上海中医药大学,2024,福建,本科批,物理类,,,,,
3156,上海中医药大学(中外合作),2024,福建,本科批,物理类,,,,,
3157,商洛学院,2024,福建,本科批,物理类,,,,,
3158,商丘工学院,2024,福建,本科批,物理类,,,,,
3159,商丘师范学院,2024,福建,本科批,物理类,,,,,
3160,上饶师范学院,2024,福建,本科批,物理类,,,,,
3161,韶关学院,2024,福建,本科批,物理类,,,,,
3162,绍兴文理学院,2024,福建,本科批,物理类,,,,,
3164,绍兴文理学院元培学院,2024,福建,本科批,物理类,,,,,
3165,邵阳学院,2024,福建,本科批,物理类,,,,,
3166,沈阳城市建设学院,2024,福建,本科批,物理类,,,,,
3167,沈阳大学,2024,福建,本科批,物理类,,,,,
3168,沈阳工程学院,2024,福建,本科批,物理类,,,,,
3169,沈阳工业大学,2024,福建,本科批,物理类,,,,,
3170,沈阳航空航天大学,2024,福建,本科批,物理类,,,,,
3171,沈阳化工大学,2024,福建,本科批,物理类,,,,,
3172,沈阳建筑大学,2024,福建,本科批,物理类,,,,,
3173,沈阳建筑大学(中外合作),2024,福建,本科批,物理类,,,,,
3174,沈阳理工大学,2024,福建,本科批,物理类,,,,,
3175,沈阳理工大学(中波合作),2024,福建,本科批,物理类,,,,,
3176,沈阳理工大学(中俄合作),2024,福建,本科批,物理类,,,,,
3177,沈阳农业大学,2024,福建,本科批,物理类,,,,,
3178,沈阳农业大学(中外合作),2024,福建,本科批,物理类,,,,,
3180,沈阳体育学院,2024,福建,本科批,物理类,,,,,
3182,沈阳药科大学,2024,福建,本科批,物理类,,,,,
3183,沈阳医学院,2024,福建,本科批,物理类,,,,,
3186,深圳大学,2024,福建,本科批,物理类,,,,,
3187,深圳大学(中外合作),2024,福建,本科批,物理类,,,,,
3188,深圳技术大学,2024,福建,本科批,物理类,,,,,
3189,石河子大学,2024,福建,本科批,物理类,,,,,
3190,石家庄铁道大学,2024,福建,本科批,物理类,,,,,
3191,石家庄铁道大学四方学院,2024,福建,本科批,物理类,,,,,
3192,首都经济贸易大学,2024,福建,本科批,物理类,,,,,
3193,首都经济贸易大学(中外合作),2024,福建,本科批,物理类,,,,,
3194,首都师范大学,2024,福建,本科批,物理类,,,,,
3196,首都医科大学,2024,福建,本科批,物理类,,,,,
3197,四川传媒学院,2024,福建,本科批,物理类,,,,,
3198,四川大学,2024,福建,本科批,物理类,,,,,
3199,四川大学(广播电视编导),2024,福建,本科批,物理类,,,,,
3200,四川大学(护理学),2024,福建,本科批,物理类,,,,,
3202,四川大学(医学类),2024,福建,本科批,物理类,,,,,
3203,四川大学(中外合作),2024,福建,本科批,物理类,,,,,
3204,四川大学锦江学院,2024,福建,本科批,物理类,,,,,
3205,四川电影电视学院,2024,福建,本科批,物理类,,,,,
3206,四川工商学院,2024,福建,本科批,物理类,,,,,
3207,四川工业科技学院,2024,福建,本科批,物理类,,,,,
3208,四川警察学院,2024,福建,本科批,物理类,,,,,
3209,四川旅游学院,2024,福建,本科批,物理类,,,,,
3210,四川旅游学院(中外合作),2024,福建,本科批,物理类,,,,,
3211,四川美术学院,2024,福建,本科批,物理类,,,,,
3212,四川农业大学,2024,福建,本科批,物理类,,,,,
3213,四川轻化工大学,2024,福建,本科批,物理类,,,,,
3214,四川师范大学,2024,福建,本科批,物理类,,,,,
3215,四川外国语大学,2024,福建,本科批,物理类,,,,,
3216,四川外国语大学(中外合作),2024,福建,本科批,物理类,,,,,
3218,四川文理学院,2024,福建,本科批,物理类,,,,,
3220,苏州城市学院,2024,福建,本科批,物理类,,,,,
3221,苏州大学,2024,福建,本科批,物理类,,,,,
3222,苏州科技大学,2024,福建,本科批,物理类,,,,,
3223,苏州科技大学(中外合作),2024,福建,本科批,物理类,,,,,
3224,苏州科技大学天平学院,2024,福建,本科批,物理类,,,,,
3225,塔里木大学,2024,福建,本科批,物理类,,,,,
3226,泰山科技学院,2024,福建,本科批,物理类,,,,,
3227,泰山学院,2024,福建,本科批,物理类,,,,,
3228,太原工业学院,2024,福建,本科批,物理类,,,,,
3229,太原科技大学,2024,福建,本科批,物理类,,,,,
3230,太原理工大学,2024,福建,本科批,物理类,,,,,
3231,太原师范学院,2024,福建,本科批,物理类,,,,,
3232,太原学院,2024,福建,本科批,物理类,,,,,
3233,台州学院,2024,福建,本科批,物理类,,,,,
3234,天津财经大学,2024,福建,本科批,物理类,,,,,
3235,天津财经大学珠江学院,2024,福建,本科批,物理类,,,,,
3236,天津城建大学,2024,福建,本科批,物理类,,,,,
3237,天津城建大学(中外合作),2024,福建,本科批,物理类,,,,,
3239,天津大学,2024,福建,本科批,物理类,,,,,
3240,天津大学(医学实验班),2024,福建,本科批,物理类,,,,,
3241,天津工业大学,2024,福建,本科批,物理类,,,,,
3242,天津工业大学(中外合作),2024,福建,本科批,物理类,,,,,
3243,天津科技大学,2024,福建,本科批,物理类,,,,,
3244,天津科技大学(中澳合作),2024,福建,本科批,物理类,,,,,
3245,天津科技大学(中日合作),2024,福建,本科批,物理类,,,,,
3246,天津理工大学,2024,福建,本科批,物理类,,,,,
3247,天津理工大学中环信息学院,2024,福建,本科批,物理类,,,,,
3249,天津农学院,2024,福建,本科批,物理类,,,,,
3250,天津仁爱学院,2024,福建,本科批,物理类,,,,,
3251,天津商业大学,2024,福建,本科批,物理类,,,,,
3253,天津商业大学宝德学院,2024,福建,本科批,物理类,,,,,
3254,天津师范大学,2024,福建,本科批,物理类,,,,,
3256,天津体育学院,2024,福建,本科批,物理类,,,,,
3257,天津外国语大学,2024,福建,本科批,物理类,,,,,
3258,天津外国语大学滨海外事学院,2024,福建,本科批,物理类,,,,,
3259,天津医科大学,2024,福建,本科批,物理类,,,,,
3260,天津医科大学临床医学院,2024,福建,本科批,物理类,,,,,
3262,天津职业技术师范大学,2024,福建,本科批,物理类,,,,,
3263,天津职业技术师范大学(中外合作),2024,福建,本科批,物理类,,,,,
3264,天津中德应用技术大学,2024,福建,本科批,物理类,,,,,
3265,天津中医药大学,2024,福建,本科批,物理类,,,,,
3266,天津中医药大学(中外合作),2024,福建,本科批,物理类,,,,,
3267,通化师范学院,2024,福建,本科批,物理类,,,,,
3268,通化师范学院(中外合作),2024,福建,本科批,物理类,,,,,
3269,同济大学,2024,福建,本科批,物理类,,,,,
3270,同济大学(技术科学试验班),2024,福建,本科批,物理类,,,,,
3271,同济大学(医学类),2024,福建,本科批,物理类,,,,,
3272,同济大学(中外合作),2024,福建,本科批,物理类,,,,,
3273,铜陵学院,2024,福建,本科批,物理类,,,,,
3274,铜仁学院,2024,福建,本科批,物理类,,,,,
3275,铜仁学院(中外合作),2024,福建,本科批,物理类,,,,,
3277,皖江工学院,2024,福建,本科批,物理类,,,,,
3278,潍坊学院,2024,福建,本科批,物理类,,,,,
3279,渭南师范学院,2024,福建,本科批,物理类,,,,,
3281,文华学院,2024,福建,本科批,物理类,,,,,
3282,文山学院,2024,福建,本科批,物理类,,,,,
3283,温州大学,2024,福建,本科批,物理类,,,,,
3284,温州大学(中外合作),2024,福建,本科批,物理类,,,,,
3285,温州肯恩大学,2024,福建,本科批,物理类,,,,,
3286,温州理工学院,2024,福建,本科批,物理类,,,,,
3287,温州商学院,2024,福建,本科批,物理类,,,,,
3288,温州医科大学,2024,福建,本科批,物理类,,,,,
3289,温州医科大学仁济学院,2024,福建,本科批,物理类,,,,,
3290,武昌工学院,2024,福建,本科批,物理类,,,,,
3291,武昌理工学院,2024,福建,本科批,物理类,,,,,
3292,武昌首义学院,2024,福建,本科批,物理类,,,,,
3293,武汉城市学院,2024,福建,本科批,物理类,,,,,
3294,武汉传媒学院,2024,福建,本科批,物理类,,,,,
3295,武汉大学,2024,福建,本科批,物理类,,,,,
3297,武汉大学(中外合作),2024,福建,本科批,物理类,,,,,
3298,武汉东湖学院,2024,福建,本科批,物理类,,,,,
3299,武汉纺织大学,2024,福建,本科批,物理类,,,,,
3300,武汉纺织大学外经贸学院,2024,福建,本科批,物理类,,,,,
3301,武汉工程大学,2024,福建,本科批,物理类,,,,,
3302,武汉工程大学(中外合作),2024,福建,本科批,物理类,,,,,
3303,武汉工程大学邮电与信息工程学院,2024,福建,本科批,物理类,,,,,
3304,武汉工程科技学院,2024,福建,本科批,物理类,,,,,
3305,武汉工商学院,2024,福建,本科批,物理类,,,,,
3306,武汉华夏理工学院,2024,福建,本科批,物理类,,,,,
3307,武汉科技大学,2024,福建,本科批,物理类,,,,,
3308,武汉理工大学,2024,福建,本科批,物理类,,,,,
3309,武汉理工大学(中外合作),2024,福建,本科批,物理类,,,,,
3310,武汉晴川学院,2024,福建,本科批,物理类,,,,,
3311,武汉轻工大学,2024,福建,本科批,物理类,,,,,
3313,武汉设计工程学院,2024,福建,本科批,物理类,,,,,
3314,武汉生物工程学院,2024,福建,本科批,物理类,,,,,
3315,武汉体育学院,2024,福建,本科批,物理类,,,,,
3316,武汉体育学院体育科技学院,2024,福建,本科批,物理类,,,,,
3317,武汉文理学院,2024,福建,本科批,物理类,,,,,
3318,武汉学院,2024,福建,本科批,物理类,,,,,
3320,芜湖学院,2024,福建,本科批,物理类,,,,,
3327,无锡太湖学院,2024,福建,本科批,物理类,,,,,
3328,无锡学院,2024,福建,本科批,物理类,,,,,
3329,五邑大学,2024,福建,本科批,物理类,,,,,
3330,梧州学院,2024,福建,本科批,物理类,,,,,
3331,西安财经大学,2024,福建,本科批,物理类,,,,,
3332,西安财经大学(中外合作),2024,福建,本科批,物理类,,,,,
3333,西安电子科技大学,2024,福建,本科批,物理类,,,,,
3334,西安翻译学院,2024,福建,本科批,物理类,,,,,
3335,西安工程大学,2024,福建,本科批,物理类,,,,,
3336,西安工商学院,2024,福建,本科批,物理类,,,,,
3337,西安工业大学,2024,福建,本科批,物理类,,,,,
3338,西安工业大学(中外合作),2024,福建,本科批,物理类,,,,,
3339,西安建筑科技大学,2024,福建,本科批,物理类,,,,,
3340,西安建筑科技大学(中外合作),2024,福建,本科批,物理类,,,,,
3341,西安建筑科技大学华清学院,2024,福建,本科批,物理类,,,,,
3342,西安交通大学,2024,福建,本科批,物理类,,,,,
3343,西安交通大学(医学类),2024,福建,本科批,物理类,,,,,
3344,西安交通大学(中外合作),2024,福建,本科批,物理类,,,,,
3345,西安交通大学城市学院,2024,福建,本科批,物理类,,,,,
3346,西安交通工程学院,2024,福建,本科批,物理类,,,,,
3347,西安科技大学,2024,福建,本科批,物理类,,,,,
3348,西安科技大学高新学院,2024,福建,本科批,物理类,,,,,
3349,西安理工大学,2024,福建,本科批,物理类,,,,,
3350,西安理工大学(中外合作),2024,福建,本科批,物理类,,,,,
3352,西安明德理工学院,2024,福建,本科批,物理类,,,,,
3353,西安欧亚学院,2024,福建,本科批,物理类,,,,,
3354,西安培华学院,2024,福建,本科批,物理类,,,,,
3355,西安石油大学,2024,福建,本科批,物理类,,,,,
3356,西安思源学院,2024,福建,本科批,物理类,,,,,
3357,西安外国语大学,2024,福建,本科批,物理类,,,,,
3359,西安文理学院,2024,福建,本科批,物理类,,,,,
3360,西安信息职业大学,2024,福建,本科批,物理类,,,,,
3361,西安医学院,2024,福建,本科批,物理类,,,,,
3363,西安邮电大学,2024,福建,本科批,物理类,,,,,
3364,西安邮电大学(中外合作),2024,福建,本科批,物理类,,,,,
3365,西北大学,2024,福建,本科批,物理类,,,,,
3366,西北工业大学,2024,福建,本科批,物理类,,,,,
3367,西北工业大学(中外合作),2024,福建,本科批,物理类,,,,,
3368,西北民族大学,2024,福建,本科批,物理类,,,,,
3369,西北农林科技大学,2024,福建,本科批,物理类,,,,,
3370,西北农林科技大学(中外合作),2024,福建,本科批,物理类,,,,,
3371,西北师范大学,2024,福建,本科批,物理类,,,,,
3372,西北政法大学,2024,福建,本科批,物理类,,,,,
3373,西藏大学,2024,福建,本科批,物理类,,,,,
3374,西昌学院,2024,福建,本科批,物理类,,,,,
3375,西华大学,2024,福建,本科批,物理类,,,,,
3376,西华大学(边防子女预科班),2024,福建,本科批,物理类,,,,,
3377,西华师范大学,2024,福建,本科批,物理类,,,,,
3378,西交利物浦大学,2024,福建,本科批,物理类,,,,,
3379,西京学院,2024,福建,本科批,物理类,,,,,
3380,西南财经大学,2024,福建,本科批,物理类,,,,,
3381,西南财经大学(中外合作),2024,福建,本科批,物理类,,,,,
3382,西南财经大学天府学院,2024,福建,本科批,物理类,,,,,
3383,西南大学,2024,福建,本科批,物理类,,,,,
3385,西南大学(中外合作),2024,福建,本科批,物理类,,,,,
3386,西南大学(荣昌校区),2024,福建,本科批,物理类,,,,,
3387,西南大学(荣昌校区)(中外合作),2024,福建,本科批,物理类,,,,,
3388,西南交通大学,2024,福建,本科批,物理类,,,,,
3389,西南交通大学(中美合作),2024,福建,本科批,物理类,,,,,
3390,西南交通大学(中英合作),2024,福建,本科批,物理类,,,,,
3391,西南交通大学希望学院,2024,福建,本科批,物理类,,,,,
3392,西南科技大学,2024,福建,本科批,物理类,,,,,
3393,西南林业大学,2024,福建,本科批,物理类,,,,,
3394,西南民族大学,2024,福建,本科批,物理类,,,,,
3395,西南石油大学,2024,福建,本科批,物理类,,,,,
3396,西南医科大学,2024,福建,本科批,物理类,,,,,
3397,西南政法大学,2024,福建,本科批,物理类,,,,,
3398,西南政法大学(中外合作),2024,福建,本科批,物理类,,,,,
3399,咸阳师范学院,2024,福建,本科批,物理类,,,,,
3401,香港城市大学(东莞),2024,福建,本科批,物理类,,,,,
3405,香港珠海学院,2024,福建,本科批,物理类,,,,,
3406,湘南学院,2024,福建,本科批,物理类,,,,,
3407,湘潭大学,2024,福建,本科批,物理类,,,,,
3408,湘潭理工学院,2024,福建,本科批,物理类,,,,,
3410,新疆财经大学,2024,福建,本科批,物理类,,,,,
3411,新疆大学,2024,福建,本科批,物理类,,,,,
3412,新疆第二医学院,2024,福建,本科批,物理类,,,,,
3413,新疆工程学院,2024,福建,本科批,物理类,,,,,
3414,新疆和田学院,2024,福建,本科批,物理类,,,,,
3416,新疆科技学院,2024,福建,本科批,物理类,,,,,
3417,新疆理工学院,2024,福建,本科批,物理类,,,,,
3418,新疆农业大学,2024,福建,本科批,物理类,,,,,
3419,新疆农业大学(高收费),2024,福建,本科批,物理类,,,,,
3420,新疆师范大学,2024,福建,本科批,物理类,,,,,
3421,新疆医科大学,2024,福建,本科批,物理类,,,,,
3423,新疆政法学院,2024,福建,本科批,物理类,,,,,
3424,新乡学院,2024,福建,本科批,物理类,,,,,
3425,新乡医学院,2024,福建,本科批,物理类,,,,,
3426,新乡医学院三全学院,2024,福建,本科批,物理类,,,,,
3427,信阳师范大学,2024,福建,本科批,物理类,,,,,
3428,信阳学院,2024,福建,本科批,物理类,,,,,
3429,新余学院,2024,福建,本科批,物理类,,,,,
3430,忻州师范学院,2024,福建,本科批,物理类,,,,,
3431,邢台学院,2024,福建,本科批,物理类,,,,,
3432,徐州工程学院,2024,福建,本科批,物理类,,,,,
3433,徐州医科大学,2024,福建,本科批,物理类,,,,,
3434,延安大学,2024,福建,本科批,物理类,,,,,
3435,延边大学,2024,福建,本科批,物理类,,,,,
3436,盐城工学院,2024,福建,本科批,物理类,,,,,
3437,盐城师范学院,2024,福建,本科批,物理类,,,,,
3439,燕山大学,2024,福建,本科批,物理类,,,,,
3440,烟台大学,2024,福建,本科批,物理类,,,,,
3441,烟台大学,2024,福建,本科批,物理类,,,,,
3442,烟台科技学院,2024,福建,本科批,物理类,,,,,
3443,烟台南山学院,2024,福建,本科批,物理类,,,,,
3444,扬州大学,2024,福建,本科批,物理类,,,,,
3445,扬州大学广陵学院,2024,福建,本科批,物理类,,,,,
3446,宜宾学院,2024,福建,本科批,物理类,,,,,
3447,宜春学院,2024,福建,本科批,物理类,,,,,
3448,伊犁师范大学,2024,福建,本科批,物理类,,,,,
3449,右江民族医学院,2024,福建,本科批,物理类,,,,,
3450,玉林师范学院,2024,福建,本科批,物理类,,,,,
3451,玉溪师范学院,2024,福建,本科批,物理类,,,,,
3452,豫章师范学院,2024,福建,本科批,物理类,,,,,
3453,运城学院,2024,福建,本科批,物理类,,,,,
3454,云南财经大学,2024,福建,本科批,物理类,,,,,
3455,云南大学,2024,福建,本科批,物理类,,,,,
3456,云南大学,2024,福建,本科批,物理类,,,,,
3457,云南警官学院,2024,福建,本科批,物理类,,,,,
3458,云南经济管理学院,2024,福建,本科批,物理类,,,,,
3459,云南民族大学,2024,福建,本科批,物理类,,,,,
3460,云南农业大学,2024,福建,本科批,物理类,,,,,
3461,云南农业大学,2024,福建,本科批,物理类,,,,,
3462,云南师范大学,2024,福建,本科批,物理类,,,,,
3464,枣庄学院,2024,福建,本科批,物理类,,,,,
3465,湛江科技学院,2024,福建,本科批,物理类,,,,,
3470,肇庆学院,2024,福建,本科批,物理类,,,,,
3471,浙大城市学院,2024,福建,本科批,物理类,,,,,
3472,浙大宁波理工学院,2024,福建,本科批,物理类,,,,,
3473,浙江财经大学,2024,福建,本科批,物理类,,,,,
3474,浙江财经大学(中外合作),2024,福建,本科批,物理类,,,,,
3475,浙江财经大学东方学院,2024,福建,本科批,物理类,,,,,
3476,浙江传媒学院,2024,福建,本科批,物理类,,,,,
3477,浙江传媒学院(高收费),2024,福建,本科批,物理类,,,,,
3478,浙江传媒学院(中外合作),2024,福建,本科批,物理类,,,,,
3479,浙江大学,2024,福建,本科批,物理类,,,,,
3480,浙江大学医学院,2024,福建,本科批,物理类,,,,,
3481,浙江大学医学院,2024,福建,本科批,物理类,,,,,
3482,浙江工商大学,2024,福建,本科批,物理类,,,,,
3483,浙江工商大学(中外合作),2024,福建,本科批,物理类,,,,,
3484,浙江工商大学杭州商学院,2024,福建,本科批,物理类,,,,,
3485,浙江工业大学,2024,福建,本科批,物理类,,,,,
3486,浙江工业大学(中外合作),2024,福建,本科批,物理类,,,,,
3487,浙江工业大学之江学院,2024,福建,本科批,物理类,,,,,
3488,浙江广厦建设职业技术大学,2024,福建,本科批,物理类,,,,,
3489,浙江海洋大学,2024,福建,本科批,物理类,,,,,
3490,浙江海洋大学,2024,福建,本科批,物理类,,,,,
3492,浙江科技大学,2024,福建,本科批,物理类,,,,,
3493,浙江科技大学,2024,福建,本科批,物理类,,,,,
3494,浙江理工大学,2024,福建,本科批,物理类,,,,,
3495,浙江理工大学(中外合作),2024,福建,本科批,物理类,,,,,
3496,浙江理工大学科技与艺术学院,2024,福建,本科批,物理类,,,,,
3497,浙江农林大学,2024,福建,本科批,物理类,,,,,
3498,浙江农林大学暨阳学院,2024,福建,本科批,物理类,,,,,
3499,浙江师范大学,2024,福建,本科批,物理类,,,,,
3500,浙江师范大学(中外合作),2024,福建,本科批,物理类,,,,,
3501,浙江师范大学行知学院,2024,福建,本科批,物理类,,,,,
3502,浙江树人学院,2024,福建,本科批,物理类,,,,,
3503,浙江水利水电学院,2024,福建,本科批,物理类,,,,,
3504,浙江水利水电学院(中外合作),2024,福建,本科批,物理类,,,,,
3505,浙江外国语学院,2024,福建,本科批,物理类,,,,,
3506,浙江外国语学院(中外合作),2024,福建,本科批,物理类,,,,,
3507,浙江万里学院,2024,福建,本科批,物理类,,,,,
3508,浙江万里学院(中外合作),2024,福建,本科批,物理类,,,,,
3510,浙江越秀外国语学院,2024,福建,本科批,物理类,,,,,
3511,浙江中医药大学,2024,福建,本科批,物理类,,,,,
3512,郑州财经学院,2024,福建,本科批,物理类,,,,,
3513,郑州大学,2024,福建,本科批,物理类,,,,,
3514,郑州工程技术学院,2024,福建,本科批,物理类,,,,,
3515,郑州工业应用技术学院,2024,福建,本科批,物理类,,,,,
3516,郑州航空工业管理学院,2024,福建,本科批,物理类,,,,,
3517,郑州航空工业管理学院(中外合作),2024,福建,本科批,物理类,,,,,
3520,郑州经贸学院,2024,福建,本科批,物理类,,,,,
3521,郑州科技学院,2024,福建,本科批,物理类,,,,,
3523,郑州轻工业大学,2024,福建,本科批,物理类,,,,,
3524,郑州轻工业大学(中外合作),2024,福建,本科批,物理类,,,,,
3525,郑州商学院,2024,福建,本科批,物理类,,,,,
3526,郑州升达经贸管理学院,2024,福建,本科批,物理类,,,,,
3528,郑州西亚斯学院,2024,福建,本科批,物理类,,,,,
3529,中北大学,2024,福建,本科批,物理类,,,,,
3530,中国传媒大学,2024,福建,本科批,物理类,,,,,
3533,中国传媒大学(中外合作2),2024,福建,本科批,物理类,,,,,
3534,中国地质大学(北京),2024,福建,本科批,物理类,,,,,
3535,中国地质大学(武汉),2024,福建,本科批,物理类,,,,,
3536,中国地质大学(武汉)(中外合作),2024,福建,本科批,物理类,,,,,
3537,中国海洋大学,2024,福建,本科批,物理类,,,,,
3538,中国海洋大学(中外合作),2024,福建,本科批,物理类,,,,,
3539,中国计量大学,2024,福建,本科批,物理类,,,,,
3540,中国计量大学现代科技学院,2024,福建,本科批,物理类,,,,,
3541,中国科学技术大学,2024,福建,本科批,物理类,,,,,
3542,中国科学院大学,2024,福建,本科批,物理类,,,,,
3543,中国矿业大学,2024,福建,本科批,物理类,,,,,
3544,中国矿业大学(中外合作1),2024,福建,本科批,物理类,,,,,
3545,中国矿业大学(中外合作2),2024,福建,本科批,物理类,,,,,
3546,中国矿业大学(北京),2024,福建,本科批,物理类,,,,,
3547,中国劳动关系学院,2024,福建,本科批,物理类,,,,,
3548,中国美术学院,2024,福建,本科批,物理类,,,,,
3549,中国民航大学,2024,福建,本科批,物理类,,,,,
3550,中国民用航空飞行学院,2024,福建,本科批,物理类,,,,,
3551,中国农业大学,2024,福建,本科批,物理类,,,,,
3552,中国农业大学(1+3模式),2024,福建,本科批,物理类,,,,,
3554,中国人民大学,2024,福建,本科批,物理类,,,,,
3555,中国人民大学(苏州校区),2024,福建,本科批,物理类,,,,,
3556,中国人民公安大学,2024,福建,本科批,物理类,,,,,
3559,中国人民警察大学,2024,福建,本科批,物理类,,,,,
3562,中国社会科学院大学,2024,福建,本科批,物理类,,,,,
3563,中国石油大学(北京),2024,福建,本科批,物理类,,,,,
3564,中国石油大学(北京)克拉玛依校区,2024,福建,本科批,物理类,,,,,
3565,中国石油大学(华东),2024,福建,本科批,物理类,,,,,
3571,中国药科大学,2024,福建,本科批,物理类,,,,,
3572,中国药科大学(中外合作),2024,福建,本科批,物理类,,,,,
3573,中国医科大学,2024,福建,本科批,物理类,,,,,
3574,中国医科大学(临床5+3),2024,福建,本科批,物理类,,,,,
3575,中国医科大学(试验班),2024,福建,本科批,物理类,,,,,
3576,中国医科大学(中外合作),2024,福建,本科批,物理类,,,,,
3578,中国政法大学,2024,福建,本科批,物理类,,,,,
3580,中南财经政法大学,2024,福建,本科批,物理类,,,,,
3583,中南财经政法大学(中外合作),2024,福建,本科批,物理类,,,,,
3584,中南大学,2024,福建,本科批,物理类,,,,,
3585,中南大学,2024,福建,本科批,物理类,,,,,
3586,中南大学(中外合作),2024,福建,本科批,物理类,,,,,
3587,中南林业科技大学,2024,福建,本科批,物理类,,,,,
3588,中南林业科技大学涉外学院,2024,福建,本科批,物理类,,,,,
3589,中南民族大学,2024,福建,本科批,物理类,,,,,
3590,中山大学,2024,福建,本科批,物理类,,,,,
3591,中山大学(医药类),2024,福建,本科批,物理类,,,,,
3592,中央财经大学,2024,福建,本科批,物理类,,,,,
3593,中央美术学院,2024,福建,本科批,物理类,,,,,
3594,中央美术学院(中外合作),2024,福建,本科批,物理类,,,,,
3595,中央民族大学,2024,福建,本科批,物理类,,,,,
3596,中央民族大学(中外合作1),2024,福建,本科批,物理类,,,,,
3597,中央民族大学(中外合作2),2024,福建,本科批,物理类,,,,,
3602,中原工学院,2024,福建,本科批,物理类,,,,,
3603,周口师范学院,2024,福建,本科批,物理类,,,,,
3604,珠海科技学院,2024,福建,本科批,物理类,,,,,
3606,遵义医科大学,2024,福建,本科批,物理类,,,,,
3607,遵义医科大学医学与科技学院,2024,福建,本科批,物理类,,,,,
2343,北京中医药大学东方学院,2024,福建,高职(专科)批,物理类,,,,,
2530,广西农业职业技术大学,2024,福建,高职(专科)批,物理类,,,,,
2554,桂林航天工业学院,2024,福建,高职(专科)批,物理类,,,,,
2555,桂林理工大学,2024,福建,高职(专科)批,物理类,,,,,
2557,桂林旅游学院,2024,福建,高职(专科)批,物理类,,,,,
2615,海口经济学院,2024,福建,高职(专科)批,物理类,,,,,
2620,海南热带海洋学院,2024,福建,高职(专科)批,物理类,,,,,
2710,湖北恩施学院,2024,福建,高职(专科)批,物理类,,,,,
2712,湖北工程学院新技术学院,2024,福建,高职(专科)批,物理类,,,,,
2728,湖北师范大学文理学院,2024,福建,高职(专科)批,物理类,,,,,
2775,华东交通大学,2024,福建,高职(专科)批,物理类,,,,,
2850,江西科技学院,2024,福建,高职(专科)批,物理类,,,,,
2856,江西软件职业技术大学,2024,福建,高职(专科)批,物理类,,,,,
2868,景德镇艺术职业大学,2024,福建,高职(专科)批,物理类,,,,,
2897,兰州石化职业技术大学,2024,福建,高职(专科)批,物理类,,,,,
2953,南昌工学院,2024,福建,高职(专科)批,物理类,,,,,
2961,南昌应用技术师范学院,2024,福建,高职(专科)批,物理类,,,,,
2962,南昌职业大学,2024,福建,高职(专科)批,物理类,,,,,
3048,青岛黄海学院,2024,福建,高职(专科)批,物理类,,,,,
3067,三峡大学科技学院,2024,福建,高职(专科)批,物理类,,,,,
3131,上海建桥学院,2024,福建,高职(专科)批,物理类,,,,,
3154,上海中侨职业技术大学,2024,福建,高职(专科)批,物理类,,,,,
3168,沈阳工程学院,2024,福建,高职(专科)批,物理类,,,,,
3204,四川大学锦江学院,2024,福建,高职(专科)批,物理类,,,,,
3226,泰山科技学院,2024,福建,高职(专科)批,物理类,,,,,
3281,文华学院,2024,福建,高职(专科)批,物理类,,,,,
3287,温州商学院,2024,福建,高职(专科)批,物理类,,,,,
3291,武昌理工学院,2024,福建,高职(专科)批,物理类,,,,,
3292,武昌首义学院,2024,福建,高职(专科)批,物理类,,,,,
3300,武汉纺织大学外经贸学院,2024,福建,高职(专科)批,物理类,,,,,
3312,武汉商学院,2024,福建,高职(专科)批,物理类,,,,,
3314,武汉生物工程学院,2024,福建,高职(专科)批,物理类,,,,,
3356,西安思源学院,2024,福建,高职(专科)批,物理类,,,,,
3360,西安信息职业大学,2024,福建,高职(专科)批,物理类,,,,,
3382,西南财经大学天府学院,2024,福建,高职(专科)批,物理类,,,,,
3414,新疆和田学院,2024,福建,高职(专科)批,物理类,,,,,
3458,云南经济管理学院,2024,福建,高职(专科)批,物理类,,,,,
7001,福建船政交通职业学院,2024,福建,高职(专科)批,物理类,,,,,
7002,福建船政交通职业学院,2024,福建,高职(专科)批,物理类,,,,,
7003,福建电力职业技术学院,2024,福建,高职(专科)批,物理类,,,,,
7004,福建华南女子职业学院,2024,福建,高职(专科)批,物理类,,,,,
7005,福建林业职业技术学院,2024,福建,高职(专科)批,物理类,,,,,
7006,福建林业职业技术学院,2024,福建,高职(专科)批,物理类,,,,,
7007,福建林业职业技术学院,2024,福建,高职(专科)批,物理类,,,,,
7010,福建林业职业技术学院,2024,福建,高职(专科)批,物理类,,,,,
7011,福建林业职业技术学院,2024,福建,高职(专科)批,物理类,,,,,
7012,福建林业职业技术学院,2024,福建,高职(专科)批,物理类,,,,,
7014,福建林业职业技术学院,2024,福建,高职(专科)批,物理类,,,,,
7015,福建林业职业技术学院,2024,福建,高职(专科)批,物理类,,,,,
7017,福建林业职业技术学院,2024,福建,高职(专科)批,物理类,,,,,
7018,福建林业职业技术学院,2024,福建,高职(专科)批,物理类,,,,,
7019,福建林业职业技术学院,2024,福建,高职(专科)批,物理类,,,,,
7020,福建林业职业技术学院,2024,福建,高职(专科)批,物理类,,,,,
7021,福建林业职业技术学院,2024,福建,高职(专科)批,物理类,,,,,
7022,福建林业职业技术学院,2024,福建,高职(专科)批,物理类,,,,,
7023,福建农业职业技术学院,2024,福建,高职(专科)批,物理类,,,,,
7024,福建农业职业技术学院,2024,福建,高职(专科)批,物理类,,,,,
7025,福建生物工程职业技术学院,2024,福建,高职(专科)批,物理类,,,,,
7026,福建水利电力职业技术学院,2024,福建,高职(专科)批,物理类,,,,,
7027,福建体育职业技术学院,2024,福建,高职(专科)批,物理类,,,,,
7028,福建卫生职业技术学院,2024,福建,高职(专科)批,物理类,,,,,
7029,福建卫生职业技术学院,2024,福建,高职(专科)批,物理类,,,,,
7030,福建卫生职业技术学院,2024,福建,高职(专科)批,物理类,,,,,
7031,福建卫生职业技术学院,2024,福建,高职(专科)批,物理类,,,,,
7032,福建信息职业技术学院,2024,福建,高职(专科)批,物理类,,,,,
7033,福建艺术职业学院,2024,福建,高职(专科)批,物理类,,,,,
7034,福建幼儿师范高等专科学校,2024,福建,高职(专科)批,物理类,,,,,
7036,福州科技职业技术学院,2024,福建,高职(专科)批,物理类,,,,,
7037,福州黎明职业技术学院,2024,福建,高职(专科)批,物理类,,,,,
7038,福州墨尔本理工职业学院,2024,福建,高职(专科)批,物理类,,,,,
7039,福州软件职业技术学院,2024,福建,高职(专科)批,物理类,,,,,
7040,福州英华职业学院,2024,福建,高职(专科)批,物理类,,,,,
7041,福州职业技术学院,2024,福建,高职(专科)批,物理类,,,,,
7042,黎明职业大学,2024,福建,高职(专科)批,物理类,,,,,
7043,黎明职业大学,2024,福建,高职(专科)批,物理类,,,,,
7044,黎明职业大学,2024,福建,高职(专科)批,物理类,,,,,
7045,湄洲湾职业技术学院,2024,福建,高职(专科)批,物理类,,,,,
7046,闽北职业技术学院,2024,福建,高职(专科)批,物理类,,,,,
7047,闽北职业技术学院,2024,福建,高职(专科)批,物理类,,,,,
7048,闽江师范高等专科学校,2024,福建,高职(专科)批,物理类,,,,,
7049,闽江师范高等专科学校,2024,福建,高职(专科)批,物理类,,,,,
7050,闽西职业技术学院,2024,福建,高职(专科)批,物理类,,,,,
7051,宁德职业技术学院,2024,福建,高职(专科)批,物理类,,,,,
7052,泉州纺织服装职业学院,2024,福建,高职(专科)批,物理类,,,,,
7053,泉州工程职业技术学院,2024,福建,高职(专科)批,物理类,,,,,
7054,泉州工艺美术职业学院,2024,福建,高职(专科)批,物理类,,,,,
7055,泉州海洋职业学院,2024,福建,高职(专科)批,物理类,,,,,
7056,泉州华光职业学院,2024,福建,高职(专科)批,物理类,,,,,
7057,泉州经贸职业技术学院,2024,福建,高职(专科)批,物理类,,,,,
7058,泉州轻工职业学院,2024,福建,高职(专科)批,物理类,,,,,
7059,泉州医学高等专科学校,2024,福建,高职(专科)批,物理类,,,,,
7060,泉州医学高等专科学校,2024,福建,高职(专科)批,物理类,,,,,
7061,泉州医学高等专科学校,2024,福建,高职(专科)批,物理类,,,,,
7062,泉州医学高等专科学校,2024,福建,高职(专科)批,物理类,,,,,
7063,泉州幼儿师范高等专科学校,2024,福建,高职(专科)批,物理类,,,,,
7064,泉州幼儿师范高等专科学校,2024,福建,高职(专科)批,物理类,,,,,
7065,泉州幼儿师范高等专科学校,2024,福建,高职(专科)批,物理类,,,,,
7066,三明医学科技职业学院,2024,福建,高职(专科)批,物理类,,,,,
7067,三明医学科技职业学院,2024,福建,高职(专科)批,物理类,,,,,
7068,三明医学科技职业学院,2024,福建,高职(专科)批,物理类,,,,,
7069,武夷山职业学院,2024,福建,高职(专科)批,物理类,,,,,
7070,武夷山职业学院,2024,福建,高职(专科)批,物理类,,,,,
7071,厦门安防科技职业学院,2024,福建,高职(专科)批,物理类,,,,,
7072,厦门城市职业学院,2024,福建,高职(专科)批,物理类,,,,,
7073,厦门东海职业技术学院,2024,福建,高职(专科)批,物理类,,,,,
7074,厦门海洋职业技术学院,2024,福建,高职(专科)批,物理类,,,,,
7075,厦门华天涉外职业技术学院,2024,福建,高职(专科)批,物理类,,,,,
7076,厦门南洋职业学院,2024,福建,高职(专科)批,物理类,,,,,
7077,厦门软件职业技术学院,2024,福建,高职(专科)批,物理类,,,,,
7078,厦门兴才职业技术学院,2024,福建,高职(专科)批,物理类,,,,,
7079,厦门演艺职业学院,2024,福建,高职(专科)批,物理类,,,,,
7080,漳州城市职业学院,2024,福建,高职(专科)批,物理类,,,,,
7081,漳州科技职业学院,2024,福建,高职(专科)批,物理类,,,,,
7082,漳州理工职业学院,2024,福建,高职(专科)批,物理类,,,,,
7083,漳州卫生职业学院,2024,福建,高职(专科)批,物理类,,,,,
7084,漳州卫生职业学院,2024,福建,高职(专科)批,物理类,,,,,
7085,漳州卫生职业学院,2024,福建,高职(专科)批,物理类,,,,,
7086,漳州职业技术学院,2024,福建,高职(专科)批,物理类,,,,,
8088,安徽警官职业学院,2024,福建,高职(专科)批,物理类,,,,,
8089,安徽医学高等专科学校,2024,福建,高职(专科)批,物理类,,,,,
8090,安阳职业技术学院,2024,福建,高职(专科)批,物理类,,,,,
8091,巴中职业技术学院,2024,福建,高职(专科)批,物理类,,,,,
8092,蚌埠经济技术职业学院,2024,福建,高职(专科)批,物理类,,,,,
8093,宝鸡职业技术学院,2024,福建,高职(专科)批,物理类,,,,,
8094,北京农业职业学院,2024,福建,高职(专科)批,物理类,,,,,
8095,北京培黎职业学院,2024,福建,高职(专科)批,物理类,,,,,
8097,渤海船舶职业学院,2024,福建,高职(专科)批,物理类,,,,,
8098,渤海理工职业学院,2024,福建,高职(专科)批,物理类,,,,,
8099,长春健康职业学院,2024,福建,高职(专科)批,物理类,,,,,
8101,长春医学高等专科学校,2024,福建,高职(专科)批,物理类,,,,,
8102,常德职业技术学院,2024,福建,高职(专科)批,物理类,,,,,
8103,长江艺术工程职业学院,2024,福建,高职(专科)批,物理类,,,,,
8104,长沙航空职业技术学院,2024,福建,高职(专科)批,物理类,,,,,
8105,长沙环境保护职业技术学院,2024,福建,高职(专科)批,物理类,,,,,
8106,长沙民政职业技术学院,2024,福建,高职(专科)批,物理类,,,,,
8107,长沙卫生职业学院,2024,福建,高职(专科)批,物理类,,,,,
8108,常州工程职业技术学院,2024,福建,高职(专科)批,物理类,,,,,
8109,常州信息职业技术学院,2024,福建,高职(专科)批,物理类,,,,,
8110,成都航空职业技术学院,2024,福建,高职(专科)批,物理类,,,,,
8111,重庆财经职业学院,2024,福建,高职(专科)批,物理类,,,,,
8112,重庆城市管理职业学院,2024,福建,高职(专科)批,物理类,,,,,
8113,重庆电力高等专科学校,2024,福建,高职(专科)批,物理类,,,,,
8114,重庆电子科技职业大学,2024,福建,高职(专科)批,物理类,,,,,
8115,重庆工程职业技术学院,2024,福建,高职(专科)批,物理类,,,,,
8116,重庆工贸职业技术学院,2024,福建,高职(专科)批,物理类,,,,,
8117,重庆工商职业学院,2024,福建,高职(专科)批,物理类,,,,,
8118,重庆海联职业技术学院,2024,福建,高职(专科)批,物理类,,,,,
8120,重庆建筑科技职业学院,2024,福建,高职(专科)批,物理类,,,,,
8121,重庆交通职业学院,2024,福建,高职(专科)批,物理类,,,,,
8122,重庆科技职业学院,2024,福建,高职(专科)批,物理类,,,,,
8123,重庆三峡医药高等专科学校,2024,福建,高职(专科)批,物理类,,,,,
8124,重庆水利电力职业技术学院,2024,福建,高职(专科)批,物理类,,,,,
8125,重庆信息技术职业学院,2024,福建,高职(专科)批,物理类,,,,,
8126,重庆艺术工程职业学院,2024,福建,高职(专科)批,物理类,,,,,
8127,重庆医药高等专科学校,2024,福建,高职(专科)批,物理类,,,,,
8128,重庆幼儿师范高等专科学校,2024,福建,高职(专科)批,物理类,,,,,
8129,重庆智能工程职业学院,2024,福建,高职(专科)批,物理类,,,,,
8130,楚雄医药高等专科学校,2024,福建,高职(专科)批,物理类,,,,,
8131,大连职业技术学院,2024,福建,高职(专科)批,物理类,,,,,
8132,德阳城市轨道交通职业学院,2024,福建,高职(专科)批,物理类,,,,,
8133,德阳农业科技职业学院,2024,福建,高职(专科)批,物理类,,,,,
8134,东莞职业技术学院,2024,福建,高职(专科)批,物理类,,,,,
8135,鄂州职业大学,2024,福建,高职(专科)批,物理类,,,,,
8136,恩施职业技术学院,2024,福建,高职(专科)批,物理类,,,,,
8137,抚州幼儿师范高等专科学校,2024,福建,高职(专科)批,物理类,,,,,
8138,抚州职业技术学院,2024,福建,高职(专科)批,物理类,,,,,
8139,赣南卫生健康职业学院,2024,福建,高职(专科)批,物理类,,,,,
8140,赣西科技职业学院,2024,福建,高职(专科)批,物理类,,,,,
8141,赣州师范高等专科学校,2024,福建,高职(专科)批,物理类,,,,,
8142,赣州职业技术学院,2024,福建,高职(专科)批,物理类,,,,,
8143,广东工贸职业技术学院,2024,福建,高职(专科)批,物理类,,,,,
8144,广东环境保护工程职业学院,2024,福建,高职(专科)批,物理类,,,,,
8146,广东交通职业技术学院,2024,福建,高职(专科)批,物理类,,,,,
8147,广东科学技术职业学院,2024,福建,高职(专科)批,物理类,,,,,
8148,广东岭南职业技术学院,2024,福建,高职(专科)批,物理类,,,,,
8149,广东女子职业技术学院,2024,福建,高职(专科)批,物理类,,,,,
8150,广东轻工职业技术大学,2024,福建,高职(专科)批,物理类,,,,,
8151,广东生态工程职业学院,2024,福建,高职(专科)批,物理类,,,,,
8152,广东食品药品职业学院,2024,福建,高职(专科)批,物理类,,,,,
8155,广西电力职业技术学院,2024,福建,高职(专科)批,物理类,,,,,
8156,广西工业职业技术学院,2024,福建,高职(专科)批,物理类,,,,,
8157,广西国际商务职业技术学院,2024,福建,高职(专科)批,物理类,,,,,
8158,广西建设职业技术学院,2024,福建,高职(专科)批,物理类,,,,,
8159,广西交通职业技术学院,2024,福建,高职(专科)批,物理类,,,,,
8160,广西科技职业学院,2024,福建,高职(专科)批,物理类,,,,,
8161,广西物流职业技术学院,2024,福建,高职(专科)批,物理类,,,,,
8162,广西英华国际职业学院,2024,福建,高职(专科)批,物理类,,,,,
8163,广西幼儿师范高等专科学校,2024,福建,高职(专科)批,物理类,,,,,
8164,广西自然资源职业技术学院,2024,福建,高职(专科)批,物理类,,,,,
8165,广元中核职业技术学院,2024,福建,高职(专科)批,物理类,,,,,
8166,广州城市职业学院,2024,福建,高职(专科)批,物理类,,,,,
8167,广州华立科技职业学院,2024,福建,高职(专科)批,物理类,,,,,
8168,广州华南商贸职业学院,2024,福建,高职(专科)批,物理类,,,,,
8169,广州康大职业技术学院,2024,福建,高职(专科)批,物理类,,,,,
8170,广州科技贸易职业学院,2024,福建,高职(专科)批,物理类,,,,,
8171,广州民航职业技术学院,2024,福建,高职(专科)批,物理类,,,,,
8172,广州铁路职业技术学院,2024,福建,高职(专科)批,物理类,,,,,
8173,广州卫生职业技术学院,2024,福建,高职(专科)批,物理类,,,,,
8175,桂林生命与健康职业技术学院,2024,福建,高职(专科)批,物理类,,,,,
8176,桂林师范高等专科学校,2024,福建,高职(专科)批,物理类,,,,,
8177,桂林信息工程职业学院,2024,福建,高职(专科)批,物理类,,,,,
8178,贵州电子信息职业技术学院,2024,福建,高职(专科)批,物理类,,,,,
8179,贵州航空职业技术学院,2024,福建,高职(专科)批,物理类,,,,,
8180,贵州机电职业技术学院,2024,福建,高职(专科)批,物理类,,,,,
8181,贵州交通职业大学,2024,福建,高职(专科)批,物理类,,,,,
8182,贵州水利水电职业技术学院,2024,福建,高职(专科)批,物理类,,,,,
8183,贵州应用技术职业学院,2024,福建,高职(专科)批,物理类,,,,,
8184,哈尔滨铁道职业技术学院,2024,福建,高职(专科)批,物理类,,,,,
8185,海南东方新丝路职业学院,2024,福建,高职(专科)批,物理类,,,,,
8186,海南工商职业学院,2024,福建,高职(专科)批,物理类,,,,,
8188,海南软件职业技术学院,2024,福建,高职(专科)批,物理类,,,,,
8189,海南外国语职业学院,2024,福建,高职(专科)批,物理类,,,,,
8190,海南卫生健康职业学院,2024,福建,高职(专科)批,物理类,,,,,
8191,海南职业技术学院,2024,福建,高职(专科)批,物理类,,,,,
8192,汉江师范学院,2024,福建,高职(专科)批,物理类,,,,,
8194,河北轨道运输职业技术学院,2024,福建,高职(专科)批,物理类,,,,,
8195,河北化工医药职业技术学院,2024,福建,高职(专科)批,物理类,,,,,
8196,河北交通职业技术学院,2024,福建,高职(专科)批,物理类,,,,,
8197,河北能源职业技术学院,2024,福建,高职(专科)批,物理类,,,,,
8198,鹤岗师范高等专科学校,2024,福建,高职(专科)批,物理类,,,,,
8199,和君职业学院,2024,福建,高职(专科)批,物理类,,,,,
8200,河南测绘职业学院,2024,福建,高职(专科)批,物理类,,,,,
8201,河南地矿职业学院,2024,福建,高职(专科)批,物理类,,,,,
8203,河南经贸职业学院,2024,福建,高职(专科)批,物理类,,,,,
8204,河南推拿职业学院,2024,福建,高职(专科)批,物理类,,,,,
8205,河南医学高等专科学校,2024,福建,高职(专科)批,物理类,,,,,
8206,河源职业技术学院,2024,福建,高职(专科)批,物理类,,,,,
8207,黑龙江建筑职业技术学院,2024,福建,高职(专科)批,物理类,,,,,
8208,黑龙江交通职业技术学院,2024,福建,高职(专科)批,物理类,,,,,
8209,黑龙江林业职业技术学院,2024,福建,高职(专科)批,物理类,,,,,
8210,黑龙江农垦职业学院,2024,福建,高职(专科)批,物理类,,,,,
8211,湖北财税职业学院,2024,福建,高职(专科)批,物理类,,,,,
8212,湖北城市建设职业技术学院,2024,福建,高职(专科)批,物理类,,,,,
8213,湖北国土资源职业学院,2024,福建,高职(专科)批,物理类,,,,,
8214,湖北交通职业技术学院,2024,福建,高职(专科)批,物理类,,,,,
8215,湖北科技职业学院,2024,福建,高职(专科)批,物理类,,,,,
8216,湖北轻工职业技术学院,2024,福建,高职(专科)批,物理类,,,,,
8217,湖北三峡职业技术学院,2024,福建,高职(专科)批,物理类,,,,,
8218,湖北生态工程职业技术学院,2024,福建,高职(专科)批,物理类,,,,,
8219,湖北生物科技职业学院,2024,福建,高职(专科)批,物理类,,,,,
8220,湖北水利水电职业技术学院,2024,福建,高职(专科)批,物理类,,,,,
8221,湖北铁道运输职业学院,2024,福建,高职(专科)批,物理类,,,,,
8223,湖北幼儿师范高等专科学校,2024,福建,高职(专科)批,物理类,,,,,
8224,湖北职业技术学院,2024,福建,高职(专科)批,物理类,,,,,
8225,湖北中医药高等专科学校,2024,福建,高职(专科)批,物理类,,,,,
8226,湖南安全技术职业学院,2024,福建,高职(专科)批,物理类,,,,,
8227,湖南财经工业职业技术学院,2024,福建,高职(专科)批,物理类,,,,,
8228,湖南城建职业技术学院,2024,福建,高职(专科)批,物理类,,,,,
8229,湖南大众传媒职业技术学院,2024,福建,高职(专科)批,物理类,,,,,
8231,湖南高速铁路职业技术学院,2024,福建,高职(专科)批,物理类,,,,,
8232,湖南工程职业技术学院,2024,福建,高职(专科)批,物理类,,,,,
8233,湖南工业职业技术学院,2024,福建,高职(专科)批,物理类,,,,,
8236,湖南化工职业技术学院,2024,福建,高职(专科)批,物理类,,,,,
8237,湖南环境生物职业技术学院,2024,福建,高职(专科)批,物理类,,,,,
8238,湖南交通职业技术学院,2024,福建,高职(专科)批,物理类,,,,,
8239,湖南科技职业学院,2024,福建,高职(专科)批,物理类,,,,,
8240,湖南汽车工程职业大学,2024,福建,高职(专科)批,物理类,,,,,
8241,湖南商务职业技术学院,2024,福建,高职(专科)批,物理类,,,,,
8242,湖南石油化工职业技术学院,2024,福建,高职(专科)批,物理类,,,,,
8243,湖南司法警官职业学院,2024,福建,高职(专科)批,物理类,,,,,
8245,湖南铁道职业技术学院,2024,福建,高职(专科)批,物理类,,,,,
8246,湖南铁路科技职业技术学院,2024,福建,高职(专科)批,物理类,,,,,
8247,湖南外国语职业学院,2024,福建,高职(专科)批,物理类,,,,,
8248,湖南信息职业技术学院,2024,福建,高职(专科)批,物理类,,,,,
8249,湖南邮电职业技术学院,2024,福建,高职(专科)批,物理类,,,,,
8250,湖南有色金属职业技术学院,2024,福建,高职(专科)批,物理类,,,,,
8251,黄冈科技职业学院,2024,福建,高职(专科)批,物理类,,,,,
8252,吉安职业技术学院,2024,福建,高职(专科)批,物理类,,,,,
8253,吉林司法警官职业学院,2024,福建,高职(专科)批,物理类,,,,,
8254,吉林铁道职业技术学院,2024,福建,高职(专科)批,物理类,,,,,
8255,江海职业技术学院,2024,福建,高职(专科)批,物理类,,,,,
8257,江门职业技术学院,2024,福建,高职(专科)批,物理类,,,,,
8258,江苏电子信息职业学院,2024,福建,高职(专科)批,物理类,,,,,
8259,江苏海事职业技术学院,2024,福建,高职(专科)批,物理类,,,,,
8260,江苏护理职业学院,2024,福建,高职(专科)批,物理类,,,,,
8261,江苏旅游职业学院,2024,福建,高职(专科)批,物理类,,,,,
8262,江苏农林职业技术学院,2024,福建,高职(专科)批,物理类,,,,,
8263,江苏农牧科技职业学院,2024,福建,高职(专科)批,物理类,,,,,
8264,江苏商贸职业学院,2024,福建,高职(专科)批,物理类,,,,,
8265,江苏食品药品职业技术学院,2024,福建,高职(专科)批,物理类,,,,,
8267,江苏医药职业学院,2024,福建,高职(专科)批,物理类,,,,,
8268,江西财经职业学院,2024,福建,高职(专科)批,物理类,,,,,
8269,江西传媒职业学院,2024,福建,高职(专科)批,物理类,,,,,
8270,江西电力职业技术学院,2024,福建,高职(专科)批,物理类,,,,,
8271,江西工程职业学院,2024,福建,高职(专科)批,物理类,,,,,
8272,江西工商职业技术学院,2024,福建,高职(专科)批,物理类,,,,,
8273,江西工业工程职业技术学院,2024,福建,高职(专科)批,物理类,,,,,
8274,江西工业贸易职业技术学院,2024,福建,高职(专科)批,物理类,,,,,
8275,江西工业职业技术学院,2024,福建,高职(专科)批,物理类,,,,,
8276,江西航空职业技术学院,2024,福建,高职(专科)批,物理类,,,,,
8278,江西环境工程职业学院,2024,福建,高职(专科)批,物理类,,,,,
8279,江西机电职业技术学院,2024,福建,高职(专科)批,物理类,,,,,
8280,江西建设职业技术学院,2024,福建,高职(专科)批,物理类,,,,,
8281,江西交通职业技术学院,2024,福建,高职(专科)批,物理类,,,,,
8282,江西科技职业学院,2024,福建,高职(专科)批,物理类,,,,,
8283,江西旅游商贸职业学院,2024,福建,高职(专科)批,物理类,,,,,
8284,江西农业工程职业学院,2024,福建,高职(专科)批,物理类,,,,,
8285,江西生物科技职业学院,2024,福建,高职(专科)批,物理类,,,,,
8286,江西师范高等专科学校,2024,福建,高职(专科)批,物理类,,,,,
8287,江西司法警官职业学院,2024,福建,高职(专科)批,物理类,,,,,
8288,江西泰豪动漫职业学院,2024,福建,高职(专科)批,物理类,,,,,
8291,江西婺源茶业职业学院,2024,福建,高职(专科)批,物理类,,,,,
8292,江西现代职业技术学院,2024,福建,高职(专科)批,物理类,,,,,
8293,江西信息应用职业技术学院,2024,福建,高职(专科)批,物理类,,,,,
8295,江西医学高等专科学校,2024,福建,高职(专科)批,物理类,,,,,
8296,江西应用技术职业学院,2024,福建,高职(专科)批,物理类,,,,,
8297,江西樟树中医药职业学院,2024,福建,高职(专科)批,物理类,,,,,
8298,江西职业技术大学,2024,福建,高职(专科)批,物理类,,,,,
8299,江西制造职业技术学院,2024,福建,高职(专科)批,物理类,,,,,
8300,江西中医药高等专科学校,2024,福建,高职(专科)批,物理类,,,,,
8301,焦作大学,2024,福建,高职(专科)批,物理类,,,,,
8302,金华职业技术大学,2024,福建,高职(专科)批,物理类,,,,,
8304,荆门职业学院,2024,福建,高职(专科)批,物理类,,,,,
8305,荆州理工职业学院,2024,福建,高职(专科)批,物理类,,,,,
8307,九江理工职业学院,2024,福建,高职(专科)批,物理类,,,,,
8308,九江职业大学,2024,福建,高职(专科)批,物理类,,,,,
8309,酒泉职业技术学院,2024,福建,高职(专科)批,物理类,,,,,
8310,喀什职业技术学院,2024,福建,高职(专科)批,物理类,,,,,
8311,开封大学,2024,福建,高职(专科)批,物理类,,,,,
8312,昆明卫生职业学院,2024,福建,高职(专科)批,物理类,,,,,
8315,廊坊卫生职业学院,2024,福建,高职(专科)批,物理类,,,,,
8316,廊坊职业技术学院,2024,福建,高职(专科)批,物理类,,,,,
8317,丽水职业技术学院,2024,福建,高职(专科)批,物理类,,,,,
8318,连云港师范高等专科学校,2024,福建,高职(专科)批,物理类,,,,,
8319,连云港职业技术学院,2024,福建,高职(专科)批,物理类,,,,,
8320,辽宁机电职业技术学院,2024,福建,高职(专科)批,物理类,,,,,
8322,辽宁铁道职业技术学院,2024,福建,高职(专科)批,物理类,,,,,
8323,临汾职业技术学院,2024,福建,高职(专科)批,物理类,,,,,
8324,柳州铁道职业技术学院,2024,福建,高职(专科)批,物理类,,,,,
8325,泸州医疗器械职业学院,2024,福建,高职(专科)批,物理类,,,,,
8326,漯河医学高等专科学校,2024,福建,高职(专科)批,物理类,,,,,
8327,漯河职业技术学院,2024,福建,高职(专科)批,物理类,,,,,
8329,眉山药科职业学院,2024,福建,高职(专科)批,物理类,,,,,
8330,绵阳飞行职业学院,2024,福建,高职(专科)批,物理类,,,,,
8331,南充科技职业学院,2024,福建,高职(专科)批,物理类,,,,,
8332,南京科技职业学院,2024,福建,高职(专科)批,物理类,,,,,
8333,南京旅游职业学院,2024,福建,高职(专科)批,物理类,,,,,
8335,南京铁道职业技术学院,2024,福建,高职(专科)批,物理类,,,,,
8336,南京信息职业技术学院,2024,福建,高职(专科)批,物理类,,,,,
8337,宁波城市职业技术学院,2024,福建,高职(专科)批,物理类,,,,,
8338,盘锦职业技术学院,2024,福建,高职(专科)批,物理类,,,,,
8339,萍乡卫生职业学院,2024,福建,高职(专科)批,物理类,,,,,
8340,黔东南民族职业技术学院,2024,福建,高职(专科)批,物理类,,,,,
8341,钦州幼儿师范高等专科学校,2024,福建,高职(专科)批,物理类,,,,,
8342,青岛港湾职业技术学院,2024,福建,高职(专科)批,物理类,,,,,
8343,青岛航空科技职业学院,2024,福建,高职(专科)批,物理类,,,,,
8344,青岛酒店管理职业技术学院,2024,福建,高职(专科)批,物理类,,,,,
8345,曲靖医学高等专科学校,2024,福建,高职(专科)批,物理类,,,,,
8346,衢州职业技术学院,2024,福建,高职(专科)批,物理类,,,,,
8347,三峡电力职业学院,2024,福建,高职(专科)批,物理类,,,,,
8348,三亚航空旅游职业学院,2024,福建,高职(专科)批,物理类,,,,,
8349,三亚理工职业学院,2024,福建,高职(专科)批,物理类,,,,,
8351,山东工程职业技术大学,2024,福建,高职(专科)批,物理类,,,,,
8352,山东化工职业学院,2024,福建,高职(专科)批,物理类,,,,,
8354,山东力明科技职业学院,2024,福建,高职(专科)批,物理类,,,,,
8355,山东铝业职业学院,2024,福建,高职(专科)批,物理类,,,,,
8356,山东水利职业学院,2024,福建,高职(专科)批,物理类,,,,,
8359,山东信息职业技术学院,2024,福建,高职(专科)批,物理类,,,,,
8360,山东畜牧兽医职业学院,2024,福建,高职(专科)批,物理类,,,,,
8361,山东职业学院,2024,福建,高职(专科)批,物理类,,,,,
8362,汕尾职业技术学院,2024,福建,高职(专科)批,物理类,,,,,
8365,陕西交通职业技术学院,2024,福建,高职(专科)批,物理类,,,,,
8366,陕西旅游烹饪职业学院,2024,福建,高职(专科)批,物理类,,,,,
8367,陕西铁路工程职业技术学院,2024,福建,高职(专科)批,物理类,,,,,
8369,陕西职业技术学院,2024,福建,高职(专科)批,物理类,,,,,
8370,上海邦德职业技术学院,2024,福建,高职(专科)批,物理类,,,,,
8371,上海城建职业学院,2024,福建,高职(专科)批,物理类,,,,,
8372,上海出版印刷高等专科学校,2024,福建,高职(专科)批,物理类,,,,,
8374,上海电子信息职业技术学院,2024,福建,高职(专科)批,物理类,,,,,
8375,上海东海职业技术学院,2024,福建,高职(专科)批,物理类,,,,,
8376,上海工商外国语职业学院,2024,福建,高职(专科)批,物理类,,,,,
8377,上海工商职业技术学院,2024,福建,高职(专科)批,物理类,,,,,
8378,上海工艺美术职业学院,2024,福建,高职(专科)批,物理类,,,,,
8379,上海济光职业技术学院,2024,福建,高职(专科)批,物理类,,,,,
8380,上海交通职业技术学院,2024,福建,高职(专科)批,物理类,,,,,
8381,上海科学技术职业学院,2024,福建,高职(专科)批,物理类,,,,,
8382,上海旅游高等专科学校,2024,福建,高职(专科)批,物理类,,,,,
8383,上海民航职业技术学院,2024,福建,高职(专科)批,物理类,,,,,
8384,上海民远职业技术学院,2024,福建,高职(专科)批,物理类,,,,,
8385,上海南湖职业技术学院,2024,福建,高职(专科)批,物理类,,,,,
8386,上海农林职业技术学院,2024,福建,高职(专科)批,物理类,,,,,
8387,上海思博职业技术学院,2024,福建,高职(专科)批,物理类,,,,,
8388,上海行健职业学院,2024,福建,高职(专科)批,物理类,,,,,
8389,上海震旦职业学院,2024,福建,高职(专科)批,物理类,,,,,
8390,商洛职业技术学院,2024,福建,高职(专科)批,物理类,,,,,
8391,商丘医学高等专科学校,2024,福建,高职(专科)批,物理类,,,,,
8392,上饶卫生健康职业学院,2024,福建,高职(专科)批,物理类,,,,,
8394,上饶职业技术学院,2024,福建,高职(专科)批,物理类,,,,,
8395,绍兴职业技术学院,2024,福建,高职(专科)批,物理类,,,,,
8396,深圳信息职业技术学院,2024,福建,高职(专科)批,物理类,,,,,
8397,深圳职业技术大学,2024,福建,高职(专科)批,物理类,,,,,
8398,石家庄科技信息职业学院,2024,福建,高职(专科)批,物理类,,,,,
8399,石家庄人民医学高等专科学校,2024,福建,高职(专科)批,物理类,,,,,
8400,石家庄铁路职业技术学院,2024,福建,高职(专科)批,物理类,,,,,
8401,石家庄医学高等专科学校,2024,福建,高职(专科)批,物理类,,,,,
8402,石家庄邮电职业技术学院,2024,福建,高职(专科)批,物理类,,,,,
8403,四川长江职业学院,2024,福建,高职(专科)批,物理类,,,,,
8404,四川城市职业学院,2024,福建,高职(专科)批,物理类,,,,,
8405,四川电子机械职业技术学院,2024,福建,高职(专科)批,物理类,,,,,
8406,四川工程职业技术大学,2024,福建,高职(专科)批,物理类,,,,,
8407,四川国际标榜职业学院,2024,福建,高职(专科)批,物理类,,,,,
8408,四川航天职业技术学院,2024,福建,高职(专科)批,物理类,,,,,
8409,四川华新现代职业学院,2024,福建,高职(专科)批,物理类,,,,,
8410,四川建筑职业技术学院,2024,福建,高职(专科)批,物理类,,,,,
8411,四川交通职业技术学院,2024,福建,高职(专科)批,物理类,,,,,
8412,四川科技职业学院,2024,福建,高职(专科)批,物理类,,,,,
8413,四川汽车职业技术学院,2024,福建,高职(专科)批,物理类,,,,,
8414,四川司法警官职业学院,2024,福建,高职(专科)批,物理类,,,,,
8415,四川铁道职业学院,2024,福建,高职(专科)批,物理类,,,,,
8416,四川卫生康复职业学院,2024,福建,高职(专科)批,物理类,,,,,
8417,四川文化产业职业学院,2024,福建,高职(专科)批,物理类,,,,,
8418,四川西南航空职业学院,2024,福建,高职(专科)批,物理类,,,,,
8419,四川现代职业学院,2024,福建,高职(专科)批,物理类,,,,,
8420,四川应用技术职业学院,2024,福建,高职(专科)批,物理类,,,,,
8422,四川中医药高等专科学校,2024,福建,高职(专科)批,物理类,,,,,
8423,宿迁职业技术学院,2024,福建,高职(专科)批,物理类,,,,,
8424,苏州百年职业学院,2024,福建,高职(专科)批,物理类,,,,,
8426,苏州工业园区服务外包职业学院,2024,福建,高职(专科)批,物理类,,,,,
8427,苏州工业职业技术学院,2024,福建,高职(专科)批,物理类,,,,,
8429,苏州卫生职业技术学院,2024,福建,高职(专科)批,物理类,,,,,
8430,苏州市职业大学,2024,福建,高职(专科)批,物理类,,,,,
8431,遂宁职业学院,2024,福建,高职(专科)批,物理类,,,,,
8434,台州科技职业学院,2024,福建,高职(专科)批,物理类,,,,,
8435,唐山幼儿师范高等专科学校,2024,福建,高职(专科)批,物理类,,,,,
8436,天府新区航空旅游职业学院,2024,福建,高职(专科)批,物理类,,,,,
8437,天府新区信息职业学院,2024,福建,高职(专科)批,物理类,,,,,
8438,天津城市职业学院,2024,福建,高职(专科)批,物理类,,,,,
8439,天津电子信息职业技术学院,2024,福建,高职(专科)批,物理类,,,,,
8440,天津公安警官职业学院,2024,福建,高职(专科)批,物理类,,,,,
8442,天津国土资源和房屋职业学院,2024,福建,高职(专科)批,物理类,,,,,
8443,天津海运职业学院,2024,福建,高职(专科)批,物理类,,,,,
8444,天津交通职业学院,2024,福建,高职(专科)批,物理类,,,,,
8445,天津轻工职业技术学院,2024,福建,高职(专科)批,物理类,,,,,
8447,天津职业大学,2024,福建,高职(专科)批,物理类,,,,,
8449,天津铁道职业技术学院,2024,福建,高职(专科)批,物理类,,,,,
8450,天津现代职业技术学院,2024,福建,高职(专科)批,物理类,,,,,
8452,天津医学高等专科学校,2024,福建,高职(专科)批,物理类,,,,,
8453,铜仁职业技术学院,2024,福建,高职(专科)批,物理类,,,,,
8456,温州科技职业学院,2024,福建,高职(专科)批,物理类,,,,,
8457,温州职业技术学院,2024,福建,高职(专科)批,物理类,,,,,
8458,武昌职业学院,2024,福建,高职(专科)批,物理类,,,,,
8459,武汉城市职业学院,2024,福建,高职(专科)批,物理类,,,,,
8460,武汉船舶职业技术学院,2024,福建,高职(专科)批,物理类,,,,,
8461,武汉工程职业技术学院,2024,福建,高职(专科)批,物理类,,,,,
8462,武汉交通职业学院,2024,福建,高职(专科)批,物理类,,,,,
8463,武汉警官职业学院,2024,福建,高职(专科)批,物理类,,,,,
8464,武汉软件工程职业学院,2024,福建,高职(专科)批,物理类,,,,,
8465,武汉铁路桥梁职业学院,2024,福建,高职(专科)批,物理类,,,,,
8466,武汉铁路职业技术学院,2024,福建,高职(专科)批,物理类,,,,,
8467,武汉信息传播职业技术学院,2024,福建,高职(专科)批,物理类,,,,,
8468,武汉职业技术学院,2024,福建,高职(专科)批,物理类,,,,,
8470,西安海棠职业学院,2024,福建,高职(专科)批,物理类,,,,,
8471,西安航空职业技术学院,2024,福建,高职(专科)批,物理类,,,,,
8472,西安汽车职业大学,2024,福建,高职(专科)批,物理类,,,,,
8473,西安铁路职业技术学院,2024,福建,高职(专科)批,物理类,,,,,
8474,西藏职业技术学院,2024,福建,高职(专科)批,物理类,,,,,
8475,咸宁职业技术学院,2024,福建,高职(专科)批,物理类,,,,,
8476,仙桃职业学院,2024,福建,高职(专科)批,物理类,,,,,
8477,湘潭医卫职业技术学院,2024,福建,高职(专科)批,物理类,,,,,
8478,襄阳汽车职业技术学院,2024,福建,高职(专科)批,物理类,,,,,
8479,新疆科技职业技术学院,2024,福建,高职(专科)批,物理类,,,,,
8480,信阳职业技术学院,2024,福建,高职(专科)批,物理类,,,,,
8481,邢台医学院,2024,福建,高职(专科)批,物理类,,,,,
8482,雅安职业技术学院,2024,福建,高职(专科)批,物理类,,,,,
8483,炎黄职业技术学院,2024,福建,高职(专科)批,物理类,,,,,
8484,烟台黄金职业学院,2024,福建,高职(专科)批,物理类,,,,,
8485,扬州中瑞酒店职业学院,2024,福建,高职(专科)批,物理类,,,,,
8486,宜春幼儿师范高等专科学校,2024,福建,高职(专科)批,物理类,,,,,
8487,宜春职业技术学院,2024,福建,高职(专科)批,物理类,,,,,
8489,益阳医学高等专科学校,2024,福建,高职(专科)批,物理类,,,,,
8490,永州职业技术学院,2024,福建,高职(专科)批,物理类,,,,,
8491,岳阳职业技术学院,2024,福建,高职(专科)批,物理类,,,,,
8492,云南国土资源职业学院,2024,福建,高职(专科)批,物理类,,,,,
8493,云南经贸外事职业学院,2024,福建,高职(专科)批,物理类,,,,,
8494,云南理工职业学院,2024,福建,高职(专科)批,物理类,,,,,
8495,云南林业职业技术学院,2024,福建,高职(专科)批,物理类,,,,,
8496,云南医药健康职业学院,2024,福建,高职(专科)批,物理类,,,,,
8497,枣庄科技职业学院,2024,福建,高职(专科)批,物理类,,,,,
8498,枣庄职业学院,2024,福建,高职(专科)批,物理类,,,,,
8499,张家界航空工业职业技术学院,2024,福建,高职(专科)批,物理类,,,,,
8500,浙江工商职业技术学院,2024,福建,高职(专科)批,物理类,,,,,
8501,浙江机电职业技术大学,2024,福建,高职(专科)批,物理类,,,,,
8502,浙江建设职业技术学院,2024,福建,高职(专科)批,物理类,,,,,
8503,浙江交通职业技术学院,2024,福建,高职(专科)批,物理类,,,,,
8504,浙江金融职业学院,2024,福建,高职(专科)批,物理类,,,,,
8505,浙江经济职业技术学院,2024,福建,高职(专科)批,物理类,,,,,
8506,浙江经贸职业技术学院,2024,福建,高职(专科)批,物理类,,,,,
8507,浙江旅游职业学院,2024,福建,高职(专科)批,物理类,,,,,
8508,浙江农业商贸职业学院,2024,福建,高职(专科)批,物理类,,,,,
8509,浙江同济科技职业学院,2024,福建,高职(专科)批,物理类,,,,,
8510,浙江邮电职业技术学院,2024,福建,高职(专科)批,物理类,,,,,
8511,镇江市高等专科学校,2024,福建,高职(专科)批,物理类,,,,,
8514,资阳环境科技职业学院,2024,福建,高职(专科)批,物理类,,,,,
8515,资阳口腔职业学院,2024,福建,高职(专科)批,物理类,,,,,
8516,遵义医药高等专科学校,2024,福建,高职(专科)批,物理类,,,,,
2342,北京中医药大学东方学院,2023,福建,专科批,历史类,,,396,39083,
2396,成都理工大学工程技术学院,2023,福建,专科批,历史类,,,418,33187,
2515,广西农业职业技术大学,2023,福建,专科批,历史类,,,368,46332,
2540,桂林理工大学,2023,福建,专科批,历史类,,,406,27842,
2593,海口经济学院,2023,福建,专科批,历史类,,,269,60775,
2598,海南热带海洋学院,2023,福建,专科批,历史类,,,335,38048,
2628,河北科技工程职业技术大学,2023,福建,专科批,历史类,,,396,36153,
2701,湖北师范大学文理学院,2023,福建,专科批,历史类,,,366,28633,
2742,华北理工大学,2023,福建,专科批,历史类,,,437,27073,
2815,江西科技学院,2023,福建,专科批,历史类,,,337,39641,
2822,江西软件职业技术大学,2023,福建,专科批,历史类,,,297,48521,
2825,江西应用科技学院,2023,福建,专科批,历史类,,,316,56486,
2860,兰州石化职业技术大学,2023,福建,专科批,历史类,,,384,40685,
2915,南昌工学院,2023,福建,专科批,历史类,,,342,31027,
2921,南昌理工学院,2023,福建,专科批,历史类,,,339,49860,
2924,南昌应用技术师范学院,2023,福建,专科批,历史类,,,360,32124,
2925,南昌职业大学,2023,福建,专科批,历史类,,,303,49636,
2982,宁波财经学院,2023,福建,专科批,历史类,,,433,29148,
3011,青岛黄海学院,2023,福建,专科批,历史类,,,327,34542,
3094,上海建桥学院,2023,福建,专科批,历史类,,,331,31027,
3100,上海立达学院,2023,福建,专科批,历史类,,,374,44281,
3116,上海中侨职业技术大学,2023,福建,专科批,历史类,,,323,27842,
3164,四川大学锦江学院,2023,福建,专科批,历史类,,,367,31580,
3185,泰山科技学院,2023,福建,专科批,历史类,,,290,37526,
3244,温州商学院,2023,福建,专科批,历史类,,,440,27351,
3248,武昌理工学院,2023,福建,专科批,历史类,,,300,45056,
3256,武汉纺织大学外经贸学院,2023,福建,专科批,历史类,,,389,40942,
3269,武汉商学院,2023,福建,专科批,历史类,,,413,31580,
3271,武汉生物工程学院,2023,福建,专科批,历史类,,,412,28633,
3313,西安思源学院,2023,福建,专科批,历史类,,,330,49210,
3315,西安外事学院,2023,福建,专科批,历史类,,,417,29942,
3317,西安信息职业大学,2023,福建,专科批,历史类,,,317,44281,
3337,西南财经大学天府学院,2023,福建,专科批,历史类,,,364,47324,
3404,豫章师范学院,2023,福建,专科批,历史类,,,432,26003,
3411,云南经济管理学院,2023,福建,专科批,历史类,,,333,33967,
7001,福建船政交通职业学院,2023,福建,专科批,历史类,,,373,27073,
7002,福建船政交通职业学院(闽台合作),2023,福建,专科批,历史类,,,413,34542,
7003,福建电力职业技术学院,2023,福建,专科批,历史类,,,398,28101,
7004,福建华南女子职业学院,2023,福建,专科批,历史类,,,238,43538,
7005,福建林业职业技术学院,2023,福建,专科批,历史类,,,381,29686,
7006,福建林业职业技术学院(定向专业),2023,福建,专科批,历史类,,,436,19803,
7007,福建农业职业技术学院,2023,福建,专科批,历史类,,,379,33720,
7009,福建生物工程职业技术学院,2023,福建,专科批,历史类,,,389,32124,
7010,福建水利电力职业技术学院,2023,福建,专科批,历史类,,,377,30474,
7012,福建卫生职业技术学院,2023,福建,专科批,历史类,,,384,27351,
7013,福建卫生职业技术学院(定向专业),2023,福建,专科批,历史类,,,422,9842,
7015,福建信息职业技术学院,2023,福建,专科批,历史类,,,391,27073,
7016,福建艺术职业学院,2023,福建,专科批,历史类,,,375,31316,
7017,福建幼儿师范高等专科学校,2023,福建,专科批,历史类,,,372,28365,
7018,福建幼儿师范高等专科学校(高本贯通),2023,福建,专科批,历史类,,,457,22889,
7020,福建幼儿师范高等专科学校(公费师范，龙岩),2023,福建,专科批,历史类,,,440,27351,
7021,福建幼儿师范高等专科学校(公费师范，南平),2023,福建,专科批,历史类,,,408,35856,
7022,福建幼儿师范高等专科学校(公费师范，宁德),2023,福建,专科批,历史类,,,410,35302,
7023,福建幼儿师范高等专科学校(公费师范，泉州),2023,福建,专科批,历史类,,,446,25757,
7024,福建幼儿师范高等专科学校(公费师范，三明),2023,福建,专科批,历史类,,,449,24977,
7025,福建幼儿师范高等专科学校(公费师范：漳州),2023,福建,专科批,历史类,,,443,26555,
7026,福州科技职业技术学院,2023,福建,专科批,历史类,,,238,46588,
7027,福州黎明职业技术学院,2023,福建,专科批,历史类,,,222,44809,
7028,福州墨尔本理工职业学院,2023,福建,专科批,历史类,,,339,29148,
7029,福州软件职业技术学院,2023,福建,专科批,历史类,,,221,43276,
7030,福州英华职业学院,2023,福建,专科批,历史类,,,328,39641,
7031,福州职业技术学院,2023,福建,专科批,历史类,,,388,27842,
7032,黎明职业大学,2023,福建,专科批,历史类,,,395,26285,
7034,黎明职业大学(中外合作),2023,福建,专科批,历史类,,,381,43019,
7035,湄洲湾职业技术学院,2023,福建,专科批,历史类,,,378,30755,
7036,闽北职业技术学院,2023,福建,专科批,历史类,,,355,34243,
7037,闽北职业技术学院(面向南平),2023,福建,专科批,历史类,,,339,52375,
7038,闽江师范高等专科学校,2023,福建,专科批,历史类,,,317,26808,
7039,闽江师范高等专科学校(高本贯通),2023,福建,专科批,历史类,,,466,20757,
7040,闽江师范高等专科学校(公费师范，福州市),2023,福建,专科批,历史类,,,449,24977,
7041,闽江师范高等专科学校(公费师师范，南平市),2023,福建,专科批,历史类,,,412,34801,
7042,闽江师范高等专科学校(公费师范，宁德市),2023,福建,专科批,历史类,,,421,32396,
7043,闽江师范高等专科学校(公费师范，泉州市),2023,福建,专科批,历史类,,,446,25757,
7044,闽江师范高等专科学校(公费师范，漳州市),2023,福建,专科批,历史类,,,453,23923,
7045,闽西职业技术学院,2023,福建,专科批,历史类,,,377,32683,
7046,宁德职业技术学院,2023,福建,专科批,历史类,,,374,31027,
7047,泉州纺织服装职业学院,2023,福建,专科批,历史类,,,221,52573,
7048,泉州工程职业技术学院,2023,福建,专科批,历史类,,,232,47568,
7049,泉州工艺美术职业学院,2023,福建,专科批,历史类,,,370,41218,
7050,泉州海洋职业学院,2023,福建,专科批,历史类,,,285,45812,
7051,泉州华光职业学院,2023,福建,专科批,历史类,,,283,43785,
7052,泉州经贸职业技术学院,2023,福建,专科批,历史类,,,367,33967,
7053,泉州轻工职业学院,2023,福建,专科批,历史类,,,222,49210,
7054,泉州医学高等专科学校,2023,福建,专科批,历史类,,,416,27073,
7056,泉州幼儿师范高等专科学校,2023,福建,专科批,历史类,,,333,29942,
7057,泉州幼儿师范高等专科学校(高本贯通),2023,福建,专科批,历史类,,,451,24459,
7058,泉州幼儿师范高等专科学校(公费师范”龙岩),2023,福建,专科批,历史类,,,426,31027,
7059,泉州幼儿师范高等专科学校(公费师范，南平),2023,福建,专科批,历史类,,,407,36153,
7060,泉州幼儿师范高等专科学校(公费师范，宁德),2023,福建,专科批,历史类,,,381,43019,
7061,泉州幼儿师范高等专科学校(公费师范，泉州),2023,福建,专科批,历史类,,,440,27351,
7062,泉州幼儿师范高等专科学校(公费师范，漳州),2023,福建,专科批,历史类,,,437,28101,
7063,泉州幼儿师范高等专科学校(面向泉州),2023,福建,专科批,历史类,,,334,53678,
7064,三明医学科技职业学院,2023,福建,专科批,历史类,,,368,32396,
7066,武夷山职业学院,2023,福建,专科批,历史类,,,222,53120,
7067,厦门安防科技职业学院,2023,福建,专科批,历史类,,,246,46077,
7068,厦门城市职业学院,2023,福建,专科批,历史类,,,402,26003,
7069,厦门东海职业技术学院,2023,福建,专科批,历史类,,,232,45056,
7070,厦门海洋职业技术学院,2023,福建,专科批,历史类,,,383,28365,
7071,厦门华天涉外职业技术学院,2023,福建,专科批,历史类,,,220,57665,
7072,厦门南洋职业学院,2023,福建,专科批,历史类,,,240,48027,
7073,厦门软件职业技术学院,2023,福建,专科批,历史类,,,318,43785,
7074,厦门兴才职业技术学院,2023,福建,专科批,历史类,,,272,49425,
7075,厦门演艺职业学院,2023,福建,专科批,历史类,,,222,59617,
7076,漳州城市职业学院,2023,福建,专科批,历史类,,,405,29422,
7077,漳州科技职业学院,2023,福建,专科批,历史类,,,220,48277,
7078,漳州理工职业学院,2023,福建,专科批,历史类,,,271,48734,
7079,漳州卫生职业学院,2023,福建,专科批,历史类,,,400,24459,
7080,漳州卫生职业学院(定向专业),2023,福建,专科批,历史类,,,414,7560,
7082,漳州职业技术学院,2023,福建,专科批,历史类,,,394,24693,
8083,安徽工商职业学院,2023,福建,专科批,历史类,,,342,37781,
8084,安徽国际商务职业学院,2023,福建,专科批,历史类,,,245,44281,
8085,安徽警官职业学院,2023,福建,专科批,历史类,,,416,33720,
8086,安徽审计职业学院,2023,福建,专科批,历史类,,,326,34801,
8087,安徽医学高等专科学校,2023,福建,专科批,历史类,,,374,24459,
8088,安庆医药高等专科学校,2023,福建,专科批,历史类,,,391,28633,
8089,巴中职业技术学院,2023,福建,专科批,历史类,,,232,49860,
8090,蚌埠经济技术职业学院,2023,福建,专科批,历史类,,,353,35856,
8091,宝鸡职业技术学院,2023,福建,专科批,历史类,,,397,33459,
8092,北京农业职业学院,2023,福建,专科批,历史类,,,438,27842,
8093,北京培黎职业学院,2023,福建,专科批,历史类,,,352,50075,
8094,北京社会管理职业学院,2023,福建,专科批,历史类,,,427,30206,
8097,渤海理工职业学院,2023,福建,专科批,历史类,,,423,31845,
8098,长春健康职业学院,2023,福建,专科批,历史类,,,288,46588,
8099,长春金融高等专科学校,2023,福建,专科批,历史类,,,347,42263,
8100,长春医学高等专科学校,2023,福建,专科批,历史类,,,426,25523,
8101,常德职业技术学院,2023,福建,专科批,历史类,,,376,37241,
8102,长江艺术工程职业学院,2023,福建,专科批,历史类,,,352,50075,
8103,长沙航空职业技术学院,2023,福建,专科批,历史类,,,420,32683,
8104,长沙环境保护职业技术学院,2023,福建,专科批,历史类,,,367,45313,
8105,长沙民政职业技术学院,2023,福建,专科批,历史类,,,416,24459,
8106,长沙卫生职业学院,2023,福建,专科批,历史类,,,391,17924,
8107,常州工程职业技术学院,2023,福建,专科批,历史类,,,395,35582,
8108,常州信息职业技术学院,2023,福建,专科批,历史类,,,416,32683,
8110,重庆财经职业学院,2023,福建,专科批,历史类,,,413,29686,
8111,重庆城市管理职业学院,2023,福建,专科批,历史类,,,452,24205,
8112,重庆电力高等专科学校,2023,福建,专科批,历史类,,,408,34542,
8113,重庆电子工程职业学院,2023,福建,专科批,历史类,,,408,27842,
8114,重庆工程职业技术学院,2023,福建,专科批,历史类,,,417,33459,
8115,重庆工贸职业技术学院,2023,福建,专科批,历史类,,,394,39641,
8116,重庆工商职业学院,2023,福建,专科批,历史类,,,402,32683,
8117,重庆海联职业技术学院,2023,福建,专科批,历史类,,,252,33967,
8118,重庆建筑科技职业学院,2023,福建,专科批,历史类,,,270,47568,
8119,重庆科技职业学院,2023,福建,专科批,历史类,,,251,50286,
8120,重庆三峡医药高等专科学校,2023,福建,专科批,历史类,,,418,29686,
8121,重庆水利电力职业技术学院,2023,福建,专科批,历史类,,,401,35856,
8122,重庆信息技术职业学院,2023,福建,专科批,历史类,,,229,56486,
8123,重庆艺术工程职业学院,2023,福建,专科批,历史类,,,251,55505,
8124,重庆医药高等专科学校,2023,福建,专科批,历史类,,,413,21495,
8125,重庆幼儿师范高等专科学校,2023,福建,专科批,历史类,,,397,38821,
8126,楚雄医药高等专科学校,2023,福建,专科批,历史类,,,402,34542,
8127,大连职业技术学院,2023,福建,专科批,历史类,,,372,45313,
8128,德阳城市轨道交通职业学院,2023,福建,专科批,历史类,,,282,49636,
8129,德阳农业科技职业学院,2023,福建,专科批,历史类,,,398,38563,
8131,鄂州职业大学,2023,福建,专科批,历史类,,,338,37526,
8132,恩施职业技术学院,2023,福建,专科批,历史类,,,303,47568,
8133,抚州幼儿师范高等专科学校,2023,福建,专科批,历史类,,,,,
8134,抚州职业技术学院,2023,福建,专科批,历史类,,,371,45056,
8135,赣南卫生健康职业学院,2023,福建,专科批,历史类,,,390,27593,
8136,赣西科技职业学院,2023,福建,专科批,历史类,,,383,42493,
8137,赣州师范高等专科学校,2023,福建,专科批,历史类,,,355,30474,
8138,赣州职业技术学院,2023,福建,专科批,历史类,,,353,35053,
8141,广东机电职业技术学院,2023,福建,专科批,历史类,,,388,41218,
8142,广东交通职业技术学院,2023,福建,专科批,历史类,,,380,31845,
8144,广东科学技术职业学院,2023,福建,专科批,历史类,,,368,27593,
8145,广东岭南职业技术学院,2023,福建,专科批,历史类,,,364,30206,
8146,广东食品药品职业学院,2023,福建,专科批,历史类,,,408,35856,
8147,广东亚视演艺职业学院,2023,福建,专科批,历史类,,,278,57155,
8148,广西电力职业技术学院,2023,福建,专科批,历史类,,,360,39083,
8149,广西工业职业技术学院,2023,福建,专科批,历史类,,,371,37241,
8150,广西国际商务职业技术学院,2023,福建,专科批,历史类,,,316,45580,
8151,广西建设职业技术学院,2023,福建,专科批,历史类,,,370,45812,
8152,广西科技职业学院,2023,福建,专科批,历史类,,,300,49425,
8153,广西卫生职业技术学院,2023,福建,专科批,历史类,,,389,40942,
8154,广西物流职业技术学院,2023,福建,专科批,历史类,,,296,58851,
8156,广西幼儿师范高等专科学校,2023,福建,专科批,历史类,,,320,32396,
8157,广西自然资源职业技术学院,2023,福建,专科批,历史类,,,333,51557,
8158,广元中核职业技术学院,2023,福建,专科批,历史类,,,302,58226,
8159,广州城市职业学院,2023,福建,专科批,历史类,,,423,28101,
8160,广州番禺职业技术学院,2023,福建,专科批,历史类,,,430,29942,
8161,广州华立科技职业学院,2023,福建,专科批,历史类,,,287,44545,
8162,广州华南商贸职业学院,2023,福建,专科批,历史类,,,258,48521,
8163,广州康大职业技术学院,2023,福建,专科批,历史类,,,344,43785,
8164,广州科技贸易职业学院,2023,福建,专科批,历史类,,,380,39898,
8165,广州民航职业技术学院,2023,福建,专科批,历史类,,,414,27351,
8167,广州卫生职业技术学院,2023,福建,专科批,历史类,,,301,18849,
8168,广州幼儿师范高等专科学校,2023,福建,专科批,历史类,,,392,40169,
8169,桂林生命与健康职业技术学院,2023,福建,专科批,历史类,,,363,45313,
8170,桂林师范高等专科学校,2023,福建,专科批,历史类,,,396,33459,
8171,贵州电子信息职业技术学院,2023,福建,专科批,历史类,,,328,48277,
8173,贵州水利水电职业技术学院,2023,福建,专科批,历史类,,,,,
8174,哈尔滨铁道职业技术学院,2023,福建,专科批,历史类,,,373,44281,
8175,海南工商职业学院tr.TI.1,2023,福建,专科批,历史类,,,257,46815,
8176,海南经贸职业技术学院,2023,福建,专科批,历史类,,,297,24459,
8177,海南软件职业技术学院,2023,福建,专科批,历史类,,,325,45313,
8179,海南外国语职业学院,2023,福建,专科批,历史类,,,306,36426,
8180,海南卫生健康职业学院,2023,福建,专科批,历史类,,,378,32124,
8181,海南政法职业学院,2023,福建,专科批,历史类,,,320,27593,
8182,海南职业技术学院,2023,福建,专科批,历史类,,,341,48027,
8183,杭州职业技术学院,2023,福建,专科批,历史类,,,450,24693,
8185,河北轨道运输职业技术学院,2023,福建,专科批,历史类,,,374,40439,
8187,河北交通职业技术学院,2023,福建,专科批,历史类,,,364,46588,
8188,河北能源职业技术学院,2023,福建,专科批,历史类,,,372,45313,
8189,合肥幼儿师范高等专科学校,2023,福建,专科批,历史类,,,349,33720,
8190,合肥职业技术学院,2023,福建,专科批,历史类,,,377,44011,
8191,鹤岗师范高等专科学校,2023,福建,专科批,历史类,,,243,61817,
8192,和君职业学院,2023,福建,专科批,历史类,,,,,
8193,河南测绘职业学院,2023,福建,专科批,历史类,,,332,52922,
8194,河南经贸职业学院,2023,福建,专科批,历史类,,,381,36981,
8196,河源职业技术学院,2023,福建,专科批,历史类,,,283,59928,
8197,黑龙江建筑职业技术学院,2023,福建,专科批,历史类,,,352,27593,
8198,黑龙江交通职业技术学院,2023,福建,专科批,历史类,,,373,44545,
8199,黑龙江林业职业技术学院,2023,福建,专科批,历史类,,,311,51754,
8200,黑龙江农垦职业学院,2023,福建,专科批,历史类,,,272,47324,
8201,湖北财税职业学院,2023,福建,专科批,历史类,,,384,36981,
8202,湖北城市建设职业技术学院,2023,福建,专科批,历史类,,,352,38048,
8203,湖北国土资源职业学院,2023,福建,专科批,历史类,,,363,45056,
8204,湖北交通职业技术学院,2023,福建,专科批,历史类,,,381,43019,
8205,湖北科技职业学院,2023,福建,专科批,历史类,,,383,42493,
8206,湖北轻工职业技术学院,2023,福建,专科批,历史类,,,374,44809,
8207,湖北三峡职业技术学院,2023,福建,专科批,历史类,,,338,32396,
8208,湖北生态工程职业技术学院,2023,福建,专科批,历史类,,,241,43276,
8209,湖北水利水电职业技术学院,2023,福建,专科批,历史类,,,371,40942,
8210,湖北铁道运输职业学院,2023,福建,专科批,历史类,,,402,33459,
8212,湖北幼儿师范高等专科学校,2023,福建,专科批,历史类,,,342,44545,
8213,湖北职业技术学院,2023,福建,专科批,历史类,,,383,24693,
8214,湖北中医药高等专科学校,2023,福建,专科批,历史类,,,363,26555,
8215,湖南安全技术职业学院,2023,福建,专科批,历史类,,,381,43019,
8216,湖南财经工业职业技术学院,2023,福建,专科批,历史类,,,364,41720,
8217,湖南城建职业技术学院,2023,福建,专科批,历史类,,,347,51109,
8218,湖南大众传媒职业技术学院,2023,福建,专科批,历史类,,,333,28633,
8220,湖南高速铁路职业技术学院,2023,福建,专科批,历史类,,,384,24693,
8221,湖南工程职业技术学院,2023,福建,专科批,历史类,,,364,31027,
8222,湖南工业职业技术学院,2023,福建,专科批,历史类,,,401,28886,
8224,湖南化工职业技术学院,2023,福建,专科批,历史类,,,345,43785,
8225,湖南环境生物职业技术学院,2023,福建,专科批,历史类,,,378,40439,
8226,湖南交通职业技术学院,2023,福建,专科批,历史类,,,377,42748,
8227,湖南科技职业学院,2023,福建,专科批,历史类,,,351,50286,
8228,湖南汽车工程职业学院,2023,福建,专科批,历史类,,,392,40169,
8229,湖南商务职业技术学院,2023,福建,专科批,历史类,,,321,44011,
8230,湖南石油化工职业技术学院,2023,福建,专科批,历史类,,,379,34801,
8231,湖南司法警官职业学院,2023,福建,专科批,历史类,,,365,46588,
8233,湖南铁道职业技术学院,2023,福建,专科批,历史类,,,374,28633,
8234,湖南铁路科技职业技术学院,2023,福建,专科批,历史类,,,395,27351,
8235,湖南外国语职业学院,2023,福建,专科批,历史类,,,237,54183,
8236,湖南信息职业技术学院,2023,福建,专科批,历史类,,,365,46815,
8237,湖南邮电职业技术学院,2023,福建,专科批,历史类,,,380,43276,
8238,湖南有色金属职业技术学院,2023,福建,专科批,历史类,,,375,44545,
8239,吉安职业技术学院,2023,福建,专科批,历史类,,,372,31580,
8240,吉林司法警官职业学院,2023,福建,专科批,历史类,,,397,38821,
8241,吉林铁道职业技术学院,2023,福建,专科批,历史类,,,381,31580,
8242,嘉兴职业技术学院,2023,福建,专科批,历史类,,,377,44011,
8243,江海职业技术学院,2023,福建,专科批,历史类,,,266,59690,
8245,江门职业技术学院,2023,福建,专科批,历史类,,,377,30474,
8247,江苏海事职业技术学院,2023,福建,专科批,历史类,,,452,24205,
8248,江苏护理职业学院,2023,福建,专科批,历史类,,,396,30206,
8249,江苏经贸职业技术学院,2023,福建,专科批,历史类,,,427,25523,
8250,江苏旅游职业学院,2023,福建,专科批,历史类,,,338,43538,
8251,江苏农林职业技术学院,2023,福建,专科批,历史类,,,415,33967,
8252,江苏农牧科技职业学院,2023,福建,专科批,历史类,,,393,25523,
8253,江苏商贸职业学院,2023,福建,专科批,历史类,,,364,29942,
8254,江苏食品药品职业技术学院,2023,福建,专科批,历史类,,,393,39083,
8256,江西财经职业学院,2023,福建,专科批,历史类,,,383,37781,
8257,江西传媒职业学院,2023,福建,专科批,历史类,,,374,36717,
8258,江西电力职业技术学院,2023,福建,专科批,历史类,,,407,36153,
8259,江西工程职业学院,2023,福建,专科批,历史类,,,359,42263,
8260,江西工商职业技术学院,2023,福建,专科批,历史类,,,303,46815,
8261,江西工业工程职业技术学院,2023,福建,专科批,历史类,,,321,43538,
8262,江西工业贸易职业技术学院,2023,福建,专科批,历史类,,,349,44545,
8263,江西工业职业技术学院,2023,福建,专科批,历史类,,,353,48952,
8264,江西航空职业技术学院,2023,福建,专科批,历史类,,,255,49636,
8265,江西洪州职业学院,2023,福建,专科批,历史类,,,370,45812,
8266,江西环境工程职业学院,2023,福建,专科批,历史类,,,371,44809,
8267,江西机电职业技术学院,2023,福建,专科批,历史类,,,346,44281,
8268,江西建设职业技术学院,2023,福建,专科批,历史类,,,365,43276,
8269,江西交通职业技术学院,2023,福建,专科批,历史类,,,381,37526,
8270,江西科技职业学院,2023,福建,专科批,历史类,,,325,55188,
8271,江西农业工程职业学院,2023,福建,专科批,历史类,,,323,31316,
8272,江西生物科技职业学院,2023,福建,专科批,历史类,,,368,38048,
8273,江西师范高等专科学校,2023,福建,专科批,历史类,,,418,31580,
8274,江西司法警官职业学院,2023,福建,专科批,历史类,,,376,37526,
8276,江西外语外贸职业学院,2023,福建,专科批,历史类,,,328,40942,
8277,江西婺源茶业职业学院,2023,福建,专科批,历史类,,,340,45056,
8278,江西现代职业技术学院,2023,福建,专科批,历史类,,,369,40439,
8279,江西信息应用职业技术学院,2023,福建,专科批,历史类,,,390,39372,
8281,江西医学高等专科学校,2023,福建,专科批,历史类,,,380,35053,
8282,江西应用技术职业学院,2023,福建,专科批,历史类,,,369,30474,
8284,江西中医药高等专科学校,2023,福建,专科批,历史类,,,390,37241,
8285,焦作大学,2023,福建,专科批,历史类,,,406,36426,
8286,金华职业技术学院,2023,福建,专科批,历史类,,,449,21003,
8287,金山职业技术学院,2023,福建,专科批,历史类,,,,,
8288,景德镇陶瓷职业技术学院,2023,福建,专科批,历史类,,,281,59857,
8289,荆门职业学院,2023,福建,专科批,历史类,,,395,37241,
8290,荆州理工职业学院,2023,福建,专科批,历史类,,,353,38048,
8291,荆州职业技术学院,2023,福建,专科批,历史类,,,346,43276,
8292,九江理工职业学院,2023,福建,专科批,历史类,,,294,56486,
8293,九江职业大学,2023,福建,专科批,历史类,,,396,30755,
8294,九江职业技术学院,2023,福建,专科批,历史类,,,386,28886,
8295,开封大学,2023,福建,专科批,历史类,,,419,32941,
8296,昆明卫生职业学院,2023,福建,专科批,历史类,,,353,26808,
8298,廊坊卫生职业学院,2023,福建,专科批,历史类,,,383,41454,
8299,廊坊职业技术学院,2023,福建,专科批,历史类,,,331,50506,
8300,丽水职业技术学院,2023,福建,专科批,历史类,,,386,34243,
8301,连云港师范高等专科学校,2023,福建,专科批,历史类,,,430,29942,
8302,连云港职业技术学院,2023,福建,专科批,历史类,,,393,39898,
8303,辽宁机电职业技术学院,2023,福建,专科批,历史类,,,349,47073,
8305,临汾职业技术学院,2023,福建,专科批,历史类,,,359,43538,
8306,泸州医疗器械职业学院,2023,福建,专科批,历史类,,,318,55940,
8308,漯河职业技术学院,2023,福建,专科批,历史类,,,303,46588,
8309,茂名职业技术学院,2023,福建,专科批,历史类,,,391,33967,
8310,眉山药科职业学院,2023,福建,专科批,历史类,,,,,
8311,绵阳飞行职业学院,2023,福建,专科批,历史类,,,330,47324,
8312,民办四川天一学院,2023,福建,专科批,历史类,,,250,56207,
8313,南充科技职业学院,2023,福建,专科批,历史类,,,262,60121,
8314,南京科技职业学院,2023,福建,专科批,历史类,,,395,34542,
8315,南京旅游职业学院,2023,福建,专科批,历史类,,,363,33967,
8317,南京铁道职业技术学院,2023,福建,专科批,历史类,,,405,25757,
8318,南京信息职业技术学院,2023,福建,专科批,历史类,,,389,26808,
8319,宁波城市职业技术学院,2023,福建,专科批,历史类,,,398,38048,
8320,盘锦职业技术学院,2023,福建,专科批,历史类,,,344,51754,
8321,萍乡卫生职业学院,2023,福建,专科批,历史类,,,391,32396,
8322,黔东南民族职业技术学院,2023,福建,专科批,历史类,,,391,40439,
8323,钦州幼儿师范高等专科学校,2023,福建,专科批,历史类,,,317,56344,
8324,青岛港湾职业技术学院,2023,福建,专科批,历史类,,,386,33187,
8325,青岛酒店管理职业技术学院,2023,福建,专科批,历史类,,,263,48952,
8326,曲靖医学高等专科学校,2023,福建,专科批,历史类,,,379,43538,
8327,衢州职业技术学院,2023,福建,专科批,历史类,,,361,39898,
8328,三峡电力职业学院,2023,福建,专科批,历史类,,,382,42748,
8329,三亚航空旅游职业学院,2023,福建,专科批,历史类,,,301,46815,
8330,三亚理工职业学院,2023,福建,专科批,历史类,,,242,61779,
8331,山东传媒职业学院,2023,福建,专科批,历史类,,,412,34801,
8332,山东工程职业技术大学,2023,福建,专科批,历史类,,,,,
8333,山东化工职业学院,2023,福建,专科批,历史类,,,375,44545,
8334,山东力明科技职业学院,2023,福建,专科批,历史类,,,318,29942,
8335,山东铝业职业学院,2023,福建,专科批,历史类,,,,,
8336,山东水利职业学院,2023,福建,专科批,历史类,,,319,46588,
8338,山东信息职业技术学院,2023,福建,专科批,历史类,,,299,34542,
8339,山东畜牧兽医职业学院,2023,福建,专科批,历史类,,,427,30755,
8340,山东职业学院,2023,福建,专科批,历史类,,,398,33459,
8342,陕西机电职业技术学院,2023,福建,专科批,历史类,,,377,33720,
8343,陕西交通职业技术学院,2023,福建,专科批,历史类,,,370,28101,
8344,陕西旅游烹饪职业学院,2023,福建,专科批,历史类,,,313,32683,
8345,陕西铁路工程职业技术学院,2023,福建,专科批,历史类,,,426,28365,
8347,上海邦德职业技术学院,2023,福建,专科批,历史类,,,259,48277,
8348,上海城建职业学院,2023,福建,专科批,历史类,,,356,28365,
8349,上海出版印刷高等专科学校,2023,福建,专科批,历史类,,,408,31845,
8351,上海电子信息职业技术学院,2023,福建,专科批,历史类,,,390,27842,
8352,上海东海职业技术学院,2023,福建,专科批,历史类,,,253,61486,
8353,上海工商外国语职业学院,2023,福建,专科批,历史类,,,247,38048,
8354,上海工商职业技术学院,2023,福建,专科批,历史类,,,320,55940,
8355,上海工艺美术职业学院,2023,福建,专科批,历史类,,,432,27073,
8356,上海济光职业技术学院,2023,福建,专科批,历史类,,,243,53120,
8357,上海科学技术职业学院,2023,福建,专科批,历史类,,,383,32941,
8358,上海旅游高等专科学校,2023,福建,专科批,历史类,,,391,32396,
8359,上海民航职业技术学院,2023,福建,专科批,历史类,,,371,40942,
8360,上海南湖职业技术学院,2023,福建,专科批,历史类,,,287,45056,
8361,上海农林职业技术学院,2023,福建,专科批,历史类,,,342,27073,
8362,上海思博职业技术学院,2023,福建,专科批,历史类,,,311,35302,
8363,上海行健职业学院,2023,福建,专科批,历史类,,,403,33967,
8364,上海震旦职业学院,2023,福建,专科批,历史类,,,231,56756,
8365,商洛职业技术学院,2023,福建,专科批,历史类,,,384,42263,
8367,上饶幼儿师范高等专科学校,2023,福建,专科批,历史类,,,412,33187,
8369,绍兴职业技术学院,2023,福建,专科批,历史类,,,345,51557,
8371,石家庄科技信息职业学院,2023,福建,专科批,历史类,,,288,49636,
8372,石家庄人民医学高等专科学校,2023,福建,专科批,历史类,,,355,31845,
8373,石家庄铁路职业技术学院,2023,福建,专科批,历史类,,,387,32941,
8374,石家庄医学高等专科学校,2023,福建,专科批,历史类,,,363,33720,
8375,石家庄邮电职业技术学院,2023,福建,专科批,历史类,,,346,17924,
8376,顺德职业技术学院,2023,福建,专科批,历史类,,,426,27593,
8377,四川电子机械职业技术学院,2023,福建,专科批,历史类,,,297,58752,
8378,四川工程职业技术学院,2023,福建,专科批,历史类,,,390,28365,
8379,四川国际标榜职业学院,2023,福建,专科批,历史类,,,339,52750,
8380,四川航天职业技术学院,2023,福建,专科批,历史类,,,409,35582,
8383,四川科技职业学院,2023,福建,专科批,历史类,,,349,50715,
8384,四川汽车职业技术学院,2023,福建,专科批,历史类,,,314,55025,
8385,四川司法警官职业学院,2023,福建,专科批,历史类,,,395,39372,
8386,四川托普信息技术职业学院,2023,福建,专科批,历史类,,,235,48277,
8387,四川卫生康复职业学院,2023,福建,专科批,历史类,,,416,33720,
8389,四川西南航空职业学院,2023,福建,专科批,历史类,,,261,44809,
8390,四川希望汽车职业学院,2023,福建,专科批,历史类,,,,,
8391,四川应用技术职业学院,2023,福建,专科批,历史类,,,317,51754,
8392,宿迁职业技术学院,2023,福建,专科批,历史类,,,326,52750,
8393,苏州百年职业学院,2023,福建,专科批,历史类,,,227,45056,
8395,苏州工业园区服务外包职业学院,2023,福建,专科批,历史类,,,362,47804,
8398,苏州卫生职业技术学院,2023,福建,专科批,历史类,,,430,26555,
8399,苏州职业大学,2023,福建,专科批,历史类,,,424,24977,
8400,太原幼儿师范高等专科学校,2023,福建,专科批,历史类,,,288,59536,
8402,唐山幼儿师范高等专科学校,2023,福建,专科批,历史类,,,363,39372,
8403,天府新区航空旅游职业学院,2023,福建,专科批,历史类,,,280,54016,
8404,天津滨海职业学院,2023,福建,专科批,历史类,,,374,44809,
8405,天津城市职业学院,2023,福建,专科批,历史类,,,356,49210,
8407,天津公安警官职业学院,2023,福建,专科批,历史类,,,373,39083,
8409,天津国土资源和房屋职业学院,2023,福建,专科批,历史类,,,360,48027,
8410,天津海运职业学院,2023,福建,专科批,历史类,,,328,36153,
8411,天津交通职业学院,2023,福建,专科批,历史类,,,361,48027,
8413,天津商务职业学院,2023,福建,专科批,历史类,,,355,40942,
8414,天津生物工程职业技术学院,2023,福建,专科批,历史类,,,383,42493,
8415,天津市职业大学,2023,福建,专科批,历史类,,,376,37526,
8417,天津铁道职业技术学院,2023,福建,专科批,历史类,,,392,40169,
8418,天津现代职业技术学院,2023,福建,专科批,历史类,,,382,35302,
8421,铜仁职业技术学院,2023,福建,专科批,历史类,,,359,35856,
8422,温州科技职业学院,2023,福建,专科批,历史类,,,402,29422,
8423,温州职业技术学院,2023,福建,专科批,历史类,,,419,26555,
8424,武昌职业学院,2023,福建,专科批,历史类,,,307,57665,
8425,武汉城市职业学院,2023,福建,专科批,历史类,,,383,27842,
8426,武汉船舶职业技术学院,2023,福建,专科批,历史类,,,369,35582,
8427,武汉工程职业技术学院,2023,福建,专科批,历史类,,,378,30474,
8428,武汉交通职业学院,2023,福建,专科批,历史类,,,380,33187,
8429,武汉警官职业学院,2023,福建,专科批,历史类,,,364,27073,
8430,武汉软件工程职业学院,2023,福建,专科批,历史类,,,409,35582,
8431,武汉铁路桥梁职业学院,2023,福建,专科批,历史类,,,343,40685,
8432,武汉铁路职业技术学院,2023,福建,专科批,历史类,,,230,26003,
8434,武汉职业技术学院,2023,福建,专科批,历史类,,,427,28633,
8435,无锡城市职业技术学院,2023,福建,专科批,历史类,,,389,29686,
8436,梧州职业学院,2023,福建,专科批,历史类,,,363,42493,
8437,西安海棠职业学院,2023,福建,专科批,历史类,,,284,47073,
8438,西安航空职业技术学院,2023,福建,专科批,历史类,,,390,38563,
8439,西安汽车职业大学,2023,福建,专科批,历史类,,,303,58126,
8440,西安铁路职业技术学院,2023,福建,专科批,历史类,,,385,39083,
8441,西藏职业技术学院,2023,福建,专科批,历史类,,,364,47324,
8442,咸宁职业技术学院,2023,福建,专科批,历史类,,,356,32941,
8443,仙桃职业学院,2023,福建,专科批,历史类,,,355,42263,
8444,湘潭医卫职业技术学院,2023,福建,专科批,历史类,,,374,24977,
8446,信阳职业技术学院,2023,福建,专科批,历史类,,,352,40439,
8447,邢台医学高等专科学校,2023,福建,专科批,历史类,,,376,36426,
8448,宣城职业技术学院,2023,福建,专科批,历史类,,,371,43019,
8449,雅安职业技术学院,2023,福建,专科批,历史类,,,384,42263,
8451,扬州中瑞酒店职业学院,2023,福建,专科批,历史类,,,311,50506,
8452,宜春幼儿师范高等专科学校,2023,福建,专科批,历史类,,,325,34243,
8453,宜春职业技术学院,2023,福建,专科批,历史类,,,403,32683,
8454,义乌工商职业技术学院,2023,福建,专科批,历史类,,,357,44545,
8455,益阳医学高等专科学校,2023,福建,专科批,历史类,,,410,24977,
8456,永城职业学院,2023,福建,专科批,历史类,,,361,48027,
8458,岳阳职业技术学院,2023,福建,专科批,历史类,,,376,34243,
8459,云南国土资源职业学院,2023,福建,专科批,历史类,,,358,45812,
8460,云南经贸外事职业学院,2023,福建,专科批,历史类,,,274,59110,
8461,云南理工职业学院,2023,福建,专科批,历史类,,,296,51557,
8462,云南林业职业技术学院,2023,福建,专科批,历史类,,,331,47568,
8463,云南医药健康职业学院,2023,福建,专科批,历史类,,,357,31580,
8464,枣庄科技职业学院,2023,福建,专科批,历史类,,,300,58460,
8465,枣庄职业学院,2023,福建,专科批,历史类,,,291,25757,
8467,浙江工商职业技术学院,2023,福建,专科批,历史类,,,416,31845,
8468,浙江机电职业技术学院,2023,福建,专科批,历史类,,,414,28886,
8469,浙江建设职业技术学院,2023,福建,专科批,历史类,,,402,28365,
8470,浙江金融职业学院,2023,福建,专科批,历史类,,,430,25523,
8471,浙江经济职业技术学院,2023,福建,专科批,历史类,,,414,32124,
8472,浙江经贸职业技术学院,2023,福建,专科批,历史类,,,389,24205,
8473,浙江旅游职业学院,2023,福建,专科批,历史类,,,383,28633,
8474,浙江农业商贸职业学院,2023,福建,专科批,历史类,,,378,38048,
8475,浙江商业职业技术学院,2023,福建,专科批,历史类,,,378,28365,
8476,浙江同济科技职业学院,2023,福建,专科批,历史类,,,268,26003,
8477,浙江邮电职业技术学院,2023,福建,专科批,历史类,,,430,28633,
8478,镇江市高等专科学校,2023,福建,专科批,历史类,,,366,36717,
8479,郑州铁路职业技术学院,2023,福建,专科批,历史类,,,421,32396,
8480,周口职业技术学院,2023,福建,专科批,历史类,,,281,42748,
8481,珠海艺术职业学院,2023,福建,专科批,历史类,,,372,45313,
8482,资阳环境科技职业学院,2023,福建,专科批,历史类,,,297,58752,
8483,资阳口腔职业学院,2023,福建,专科批,历史类,,,246,55940,
8485,遵义职业技术学院,2023,福建,专科批,历史类,,,378,37781,
1030,福建农林大学,2023,福建,地方农村专项计划,历史类,,,,,
1052,福建师范大学,2023,福建,地方农村专项计划,历史类,,,,,
1081,福建医科大学,2023,福建,地方农村专项计划,历史类,,,,,
1099,福州大学,2023,福建,地方农村专项计划,历史类,,,,,
1113,集美大学,2023,福建,地方农村专项计划,历史类,,,,,
1129,闽江学院,2023,福建,地方农村专项计划,历史类,,,,,
1142,闽南师范大学,2023,福建,地方农村专项计划,历史类,,,,,
1228,厦门理工学院,2023,福建,地方农村专项计划,历史类,,,,,
1001,福建技术师范学院,2023,福建,本科批,历史类,,,491,13920,
1002,福建江夏学院,2023,福建,本科批,历史类,,,514,8804,
1003,福建江夏学院(国际课程项目),2023,福建,本科批,历史类,,,467,19556,
1004,福建江夏学院(闽台合作),2023,福建,本科批,历史类,,,498,11333,
1006,福建警察学院,2023,福建,本科批,历史类,,,515,10628,
1028,福建理工大学,2023,福建,本科批,历史类,,,524,7411,
1030,福建农林大学,2023,福建,本科批,历史类,,,539,5011,
1047,福建农林大学(中外合作),2023,福建,本科批,历史类,,,515,10628,
1048,福建农林大学金山学院,2023,福建,本科批,历史类,,,473,18142,
1049,福建农林大学金山学院(中外合作),2023,福建,本科批,历史类,,,459,22414,
1050,福建商学院,2023,福建,本科批,历史类,,,490,15321,
1051,福建商学院(闽台合作),2023,福建,本科批,历史类,,,471,19556,
1052,福建师范大学,2023,福建,本科批,历史类,,,564,2575,
1078,福建师范大学协和学院,2023,福建,本科批,历史类,,,476,18392,
1079,福建师范大学协和学院(国际课程项目),2023,福建,本科批,历史类,,,465,21003,
1081,福建医科大学,2023,福建,本科批,历史类,,,526,8960,
1089,福建中医药大学,2023,福建,本科批,历史类,,,538,7282,
1097,福建中医药大学(闽台合作),2023,福建,本科批,历史类,,,490,15321,
1098,福建中医药大学(中外合作),2023,福建,本科批,历史类,,,479,17695,
1099,福州大学,2023,福建,本科批,历史类,,,588,1411,
1103,福州大学(闽台合作),2023,福建,本科批,历史类,,,557,5011,
1105,福州大学至诚学院,2023,福建,本科批,历史类,,,480,17453,
1106,福州工商学院,2023,福建,本科批,历史类,,,453,20037,
1107,福州理工学院,2023,福建,本科批,历史类,,,453,23923,
1108,福州外语外贸学院,2023,福建,本科批,历史类,,,461,17695,
1109,华侨大学,2023,福建,本科批,历史类,,,549,5896,
1111,华侨大学(面向泉州),2023,福建,本科批,历史类,,,535,7680,
1112,华侨大学(面向厦门),2023,福建,本科批,历史类,,,536,7560,
1113,集美大学,2023,福建,本科批,历史类,,,553,4135,
1123,集美大学(面向厦门),2023,福建,本科批,历史类,,,466,4701,
1124,集美大学(中高计划),2023,福建,本科批,历史类,,,469,13167,
1125,集美大学诚毅学院,2023,福建,本科批,历史类,,,486,16142,
1126,龙岩学院,2023,福建,本科批,历史类,,,501,10804,
1127,龙岩学院(面向龙岩),2023,福建,本科批,历史类,,,490,10628,
1128,龙岩学院(闽台合作),2023,福建,本科批,历史类,,,484,16563,
1129,闽江学院I,2023,福建,本科批,历史类,,,521,9659,
1135,闽江学院(国际课程项目),2023,福建,本科批,历史类,,,474,18849,
1136,闽江学院(面向福州),2023,福建,本科批,历史类,,,505,12406,
1137,闽江学院(闽台合作),2023,福建,本科批,历史类,,,494,14522,
1138,闽江学院(新华都商学院),2023,福建,本科批,历史类,,,523,9393,
1140,闽南科技学院,2023,福建,本科批,历史类,,,454,20757,
1141,闽南理工学院,2023,福建,本科批,历史类,,,450,23144,
1142,闽南师范大学,2023,福建,本科批,历史类,,,519,5671,
1153,闽南师范大学(闽台合作),2023,福建,本科批,历史类,,,500,12787,
1154,闽南师范大学(中高计划),2023,福建,本科批,历史类,,,458,22623,
1155,宁德师范学院,2023,福建,本科批,历史类,,,497,12969,
1156,宁德师范学院(面向宁德),2023,福建,本科批,历史类,,,486,13920,
1157,宁德师范学院(闽台合作),2023,福建,本科批,历史类,,,472,17231,
1158,莆田学院,2023,福建,本科批,历史类,,,502,12969,
1166,莆田学院(面向莆田),2023,福建,本科批,历史类,,,496,14098,
1169,莆田学院(中外合作),2023,福建,本科批,历史类,,,473,19108,
1170,泉州师范学院,2023,福建,本科批,历史类,,,506,9659,
1188,泉州师范学院(闽台合作),2023,福建,本科批,历史类,,,481,17231,
1190,泉州信息工程学院,2023,福建,本科批,历史类,,,455,23415,
1192,泉州职业技术大学,2023,福建,本科批,历史类,,,455,23415,
1193,三明学院,2023,福建,本科批,历史类,,,504,12033,
1204,三明学院(国际课程项目),2023,福建,本科批,历史类,,,471,19556,
1205,三明学院(面向三明),2023,福建,本科批,历史类,,,500,13358,
1206,三明学院(闽台合作),2023,福建,本科批,历史类,,,481,17001,
1207,武夷学院,2023,福建,本科批,历史类,,,499,13554,
1218,武夷学院(面向南平),2023,福建,本科批,历史类,,,481,17231,
1219,武夷学院(闽台合作),2023,福建,本科批,历史类,,,470,19803,
1220,厦门大学,2023,福建,本科批,历史类,,,616,360,
1221,厦门大学(马来西业分校),2023,福建,本科批,历史类,,,580,1570,
1222,厦门大学(面向厦门),2023,福建,本科批,历史类,,,608,1252,
1223,厦门大学(面向漳州),2023,福建,本科批,历史类,,,614,953,
1225,厦门大学嘉庚学院,2023,福建,本科批,历史类,,,480,12033,
1226,厦门工学院,2023,福建,本科批,历史类,,,459,19556,
1227,厦门华厦学院,2023,福建,本科批,历史类,,,461,21940,
1228,厦门理工学院,2023,福建,本科批,历史类,,,513,10975,
1229,厦门理工学院(国际课程项目),2023,福建,本科批,历史类,,,484,16563,
1230,厦门理工学院(面向厦门),2023,福建,本科批,历史类,,,507,12033,
1231,厦门理工学院(闽台合作),2023,福建,本科批,历史类,,,503,12787,
1232,厦门理工学院(闽台合作，面向厦门),2023,福建,本科批,历史类,,,498,13730,
1234,厦门医学院,2023,福建,本科批,历史类,,,504,11653,
1241,仰恩大学,2023,福建,本科批,历史类,,,461,19320,
1242,阳光学院,2023,福建,本科批,历史类,,,453,23923,
1243,阳光学院(中外合作),2023,福建,本科批,历史类,,,,,
2244,安徽财经大学,2023,福建,本科批,历史类,,,486,5444,
2246,安徽大学,2023,福建,本科批,历史类,,,583,2450,
2250,安徽工业大学,2023,福建,本科批,历史类,,,528,8666,
2251,安徽建筑大学,2023,福建,本科批,历史类,,,516,10456,
2255,安徽农业大学,2023,福建,本科批,历史类,,,532,6495,
2256,安徽师范大学,2023,福建,本科批,历史类,,,551,3326,
2257,安徽师范大学皖江学院,2023,福建,本科批,历史类,,,475,18610,
2258,安徽外国语学院,2023,福建,本科批,历史类,,,454,23672,
2262,安徽医科大学(中外合作),2023,福建,本科批,历史类,,,482,17001,
2265,安徽中医药大学,2023,福建,本科批,历史类,,,516,10456,
2266,安康学院,2023,福建,本科批,历史类,,,482,17001,
2267,安庆师范大学,2023,福建,本科批,历史类,,,503,12787,
2269,鞍山师范学院,2023,福建,本科批,历史类,,,500,13358,
2270,安顺学院,2023,福建,本科批,历史类,,,491,15121,
2271,安阳工学院,2023,福建,本科批,历史类,,,477,18142,
2273,安阳师范学院,2023,福建,本科批,历史类,,,496,14098,
2274,白城师范学院,2023,福建,本科批,历史类,,,477,18142,
2275,白城师范学院(中外合作),2023,福建,本科批,历史类,,,464,21265,
2276,百色学院,2023,福建,本科批,历史类,,,486,14289,
2277,蚌埠工商学院,2023,福建,本科批,历史类,,,470,19803,
2280,保定理工学院,2023,福建,本科批,历史类,,,480,17453,
2281,保定学院,2023,福建,本科批,历史类,,,495,12787,
2282,宝鸡文理学院,2023,福建,本科批,历史类,,,498,13730,
2283,北部湾大学,2023,福建,本科批,历史类,,,484,11502,
2285,北方工业大学,2023,福建,本科批,历史类,,,552,5556,
2287,北方民族大学,2023,福建,本科批,历史类,,,483,13358,
2289,北海艺术设计学院,2023,福建,本科批,历史类,,,453,23923,
2290,北华大学,2023,福建,本科批,历史类,,,476,13358,
2292,北华航天工业学院,2023,福建,本科批,历史类,,,482,14727,
2293,北京城市学院,2023,福建,本科批,历史类,,,467,20494,
2294,北京大学,2023,福建,本科批,历史类,,,667,40,
2295,北京大学医学部,2023,福建,本科批,历史类,,,658,86,
2296,北京第二外国语学院,2023,福建,本科批,历史类,,,563,4404,
2301,北京工商大学,2023,福建,本科批,历史类,,,579,3003,
2302,北京工商大学嘉华学院,2023,福建,本科批,历史类,,,,,
2305,北京工业大学耿丹学院,2023,福建,本科批,历史类,,,455,23415,
2306,北京航空航天大学,2023,福建,本科批,历史类,,,625,599,
2308,北京化工大学,2023,福建,本科批,历史类,,,584,2642,
2311,北京交通大学,2023,福建,本科批,历史类,,,601,1252,
2314,北京交通大学(威海校区),2023,福建,本科批,历史类,,,579,3003,
2316,北京科技大学天津学院,2023,福建,本科批,历史类,,,464,21265,
2317,北京理工大学1,2023,福建,本科批,历史类,,,613,1006,
2320,北京理工大学珠海学院,2023,福建,本科批,历史类,,,484,16563,
2321,北京联合大学,2023,福建,本科批,历史类,,,528,8666,
2322,北京林业大学,2023,福建,本科批,历史类,,,586,2505,
2324,北京师范大学,2023,福建,本科批,历史类,,,635,360,
2326,北京师范大学(珠海校区),2023,福建,本科批,历史类,,,630,464,
2327,北京师范大学-香港浸会大学联合国际学院,2023,福建,本科批,历史类,,,533,7920,
2329,北京体育大学,2023,福建,本科批,历史类,,,580,2103,
2330,北京体育大学(中外合作),2023,福建,本科批,历史类,,,469,20037,
2331,北京外国语大学,2023,福建,本科批,历史类,,,599,506,
2333,北京物资学院,2023,福建,本科批,历史类,,,533,7560,
2336,北京印刷学院,2023,福建,本科批,历史类,,,539,3587,
2340,北京语言大学,2023,福建,本科批,历史类,,,584,2166,
2341,北京中医药大学,2023,福建,本科批,历史类,,,586,2369,
2342,北京中医药大学东方学院,2023,福建,本科批,历史类,,,467,20494,
2344,滨州医学院,2023,福建,本科批,历史类,,,482,15524,
2345,渤海大学,2023,福建,本科批,历史类,,,509,11653,
2346,沧州交通学院,2023,福建,本科批,历史类,,,453,23923,
2347,沧州师范学院,2023,福建,本科批,历史类,,,487,13554,
2348,长安大学,2023,福建,本科批,历史类,,,587,2450,
2351,长春财经学院,2023,福建,本科批,历史类,,,,,
2352,长春大学,2023,福建,本科批,历史类,,,489,13920,
2353,长春大学(中外合作),2023,福建,本科批,历史类,,,463,21495,
2355,长春大学旅游学院,2023,福建,本科批,历史类,,,442,26285,
2361,长春工业大学人文信息学院,2023,福建,本科批,历史类,,,,,
2362,长春光华学院,2023,福建,本科批,历史类,,,449,16353,
2363,长春建筑学院,2023,福建,本科批,历史类,,,442,26285,
2365,长春理工大学,2023,福建,本科批,历史类,,,475,9260,
2368,长春人文学院,2023,福建,本科批,历史类,,,473,19108,
2369,长春师范大学,2023,福建,本科批,历史类,,,474,8486,
2371,长江大学,2023,福建,本科批,历史类,,,547,6141,
2373,长江大学文理学院,2023,福建,本科批,历史类,,,460,22180,
2374,长江师范学院,2023,福建,本科批,历史类,,,493,14289,
2376,长沙理工大学,2023,福建,本科批,历史类,,,545,4802,
2378,长沙理工大学城南学院,2023,福建,本科批,历史类,,,476,18392,
2379,长沙师范学院,2023,福建,本科批,历史类,,,501,13167,
2380,长沙学院,2023,福建,本科批,历史类,,,514,10804,
2382,常熟理工学院,2023,福建,本科批,历史类,,,502,12969,
2383,长治学院,2023,福建,本科批,历史类,,,486,16142,
2384,长治医学院,2023,福建,本科批,历史类,,,485,16353,
2385,常州大学,2023,福建,本科批,历史类,,,535,6019,
2386,常州大学怀德学院,2023,福建,本科批,历史类,,,462,21730,
2389,成都大学,2023,福建,本科批,历史类,,,547,6141,
2391,成都大学(中英合作),2023,福建,本科批,历史类,,,520,9842,
2392,成都东软学院,2023,福建,本科批,历史类,,,454,23672,
2394,成都锦城学院,2023,福建,本科批,历史类,,,471,19108,
2396,成都理工大学工程技术学院,2023,福建,本科批,历史类,,,463,21495,
2397,成都师范学院,2023,福建,本科批,历史类,,,497,12787,
2398,成都体育学院,2023,福建,本科批,历史类,,,489,13730,
2399,成都信息工程大学,2023,福建,本科批,历史类,,,520,9842,
2403,池州学院,2023,福建,本科批,历史类,,,488,14918,
2404,重庆财经学院,2023,福建,本科批,历史类,,,470,19803,
2405,重庆城市科技学院,2023,福建,本科批,历史类,,,461,21940,
2406,重庆大学,2023,福建,本科批,历史类,,,610,1158,
2408,重庆第二师范学院,2023,福建,本科批,历史类,,,508,9842,
2409,重庆对外经贸学院,2023,福建,本科批,历史类,,,469,20037,
2410,重庆工程学院,2023,福建,本科批,历史类,,,461,21940,
2411,重庆工商大学,2023,福建,本科批,历史类,,,517,8050,
2413,重庆科技学院,2023,福建,本科批,历史类,,,501,13167,
2414,重庆理工大学,2023,福建,本科批,历史类,,,521,8185,
2415,重庆人文科技学院,2023,福建,本科批,历史类,,,465,20249,
2416,重庆三峡学院,2023,福建,本科批,历史类,,,503,12787,
2417,重庆师范大学,2023,福建,本科批,历史类,,,556,3762,
2418,重庆外语外事学院,2023,福建,本科批,历史类,,,457,21495,
2419,重庆文理学院,2023,福建,本科批,历史类,,,480,17453,
2423,重庆移通学院,2023,福建,本科批,历史类,,,454,22414,
2425,楚雄师范学院,2023,福建,本科批,历史类,,,479,17695,
2426,川北医学院,2023,福建,本科批,历史类,,,476,18392,
2427,大理大学,2023,福建,本科批,历史类,,,503,12787,
2428,大连财经学院,2023,福建,本科批,历史类,,,446,23923,
2429,大连大学,2023,福建,本科批,历史类,,,502,10295,
2430,大连东软信息学院,2023,福建,本科批,历史类,,,441,27073,
2433,大连海事大学,2023,福建,本科批,历史类,,,583,1869,
2438,大连交通大学(中外合作),2023,福建,本科批,历史类,,,484,16563,
2442,大连理工大学城市学院,2023,福建,本科批,历史类,,,,,
2443,大连民族大学,2023,福建,本科批,历史类,,,515,9109,
2444,大连外国语大学,2023,福建,本科批,历史类,,,518,10158,
2446,大连医科大学中山学院,2023,福建,本科批,历史类,,,454,23672,
2448,德州学院,2023,福建,本科批,历史类,,,479,17695,
2449,滇西应用技术大学,2023,福建,本科批,历史类,,,487,14918,
2450,电子科技大学,2023,福建,本科批,历史类,,,599,1303,
2452,电子科技大学成都学院,2023,福建,本科批,历史类,,,464,21265,
2453,电子科技大学中山学院,2023,福建,本科批,历史类,,,453,23923,
2454,东北财经大学,2023,福建,本科批,历史类,,,574,3401,
2455,东北财经大学(中外合作),2023,福建,本科批,历史类,,,563,4404,
2456,东北大学,2023,福建,本科批,历史类,,,593,1869,
2457,东北大学秦皇岛分校,2023,福建,本科批,历史类,,,592,1869,
2459,东北电力大学,2023,福建,本科批,历史类,,,513,10804,
2461,东北林业大学,2023,福建,本科批,历史类,,,577,2913,
2463,东北农业大学,2023,福建,本科批,历史类,,,578,2913,
2464,东北师范大学,2023,福建,本科批,历史类,,,594,1994,
2467,东华大学,2023,福建,本科批,历史类,,,595,1350,
2468,东华理工大学,2023,福建,本科批,历史类,,,513,10975,
2469,东南大学,2023,福建,本科批,历史类,,,621,720,
2470,东南大学成贤学院,2023,福建,本科批,历史类,,,481,16563,
2471,东莞城市学院,2023,福建,本科批,历史类,,,468,20249,
2473,对外经济贸易大学,2023,福建,本科批,历史类,,,609,697,
2474,防灾科技学院,2023,福建,本科批,历史类,,,486,12033,
2476,复旦大学,2023,福建,本科批,历史类,,,658,86,
2478,阜阳师范大学,2023,福建,本科批,历史类,,,526,8960,
2479,阜阳师范大学信息工程学院,2023,福建,本科批,历史类,,,466,20757,
2480,赣东学院,2023,福建,本科批,历史类,,,490,15321,
2481,赣南科技学院,2023,福建,本科批,历史类,,,489,15524,
2482,赣南师范大学,2023,福建,本科批,历史类,,,536,7560,
2483,赣南师范大学科技学院,2023,福建,本科批,历史类,,,479,17695,
2486,甘肃农业大学,2023,福建,本科批,历史类,,,483,16797,
2487,甘肃政法大学,2023,福建,本科批,历史类,,,544,6495,
2488,广东白云学院,2023,福建,本科批,历史类,,,,,
2489,广东财经大学,2023,福建,本科批,历史类,,,579,3003,
2491,广东工业大学,2023,福建,本科批,历史类,,,548,5113,
2492,广东工业大学(国际班),2023,福建,本科批,历史类,,,552,5556,
2495,广东技术师范大学,2023,福建,本科批,历史类,,,515,10628,
2496,广东金融学院,2023,福建,本科批,历史类,,,536,7560,
2497,广东警官学院,2023,福建,本科批,历史类,,,532,8050,
2498,广东科技学院,2023,福建,本科批,历史类,,,,,
2499,广东理工学院,2023,福建,本科批,历史类,,,454,23672,
2500,广东培正学院,2023,福建,本科批,历史类,,,454,23672,
2501,广东石油化工学院,2023,福建,本科批,历史类,,,500,13358,
2502,广东外语外贸大学,2023,福建,本科批,历史类,,,577,3161,
2503,广东外语外贸大学南国商学院,2023,福建,本科批,历史类,,,464,21265,
2505,广东医科大学,2023,福建,本科批,历史类,,,519,9842,
2507,广西财经学院,2023,福建,本科批,历史类,,,496,13167,
2511,广西科技师范学院,2023,福建,本科批,历史类,,,488,15730,
2512,广西民族大学,2023,福建,本科批,历史类,,,509,8050,
2513,广西民族大学相思湖学院,2023,福建,本科批,历史类,,,460,22180,
2514,广西民族师范学院,2023,福建,本科批,历史类,,,476,18392,
2515,广西农业职业技术大学,2023,福建,本科批,历史类,,,476,18392,
2516,广西师范大学,2023,福建,本科批,历史类,,,540,5215,
2518,广西外国语学院,2023,福建,本科批,历史类,,,455,23415,
2521,广西中医药大学,2023,福建,本科批,历史类,,,533,7920,
2522,广西中医药大学赛恩斯新医药学院,2023,福建,本科批,历史类,,,473,19108,
2523,广州城市理工学院,2023,福建,本科批,历史类,,,453,23923,
2524,广州大学,2023,福建,本科批,历史类,,,573,3492,
2526,广州华立学院,2023,福建,本科批,历史类,,,,,
2527,广州理工学院,2023,福建,本科批,历史类,,,,,
2529,广州南方学院,2023,福建,本科批,历史类,,,453,23923,
2530,广州软件学院,2023,福建,本科批,历史类,,,446,25256,
2531,广州商学院,2023,福建,本科批,历史类,,,460,22180,
2533,广州新华学院,2023,福建,本科批,历史类,,,460,22180,
2534,广州医科大学,2023,福建,本科批,历史类,,,562,4517,
2535,广州应用科技学院,2023,福建,本科批,历史类,,,453,23923,
2536,广州中医药大学,2023,福建,本科批,历史类,,,558,4914,
2538,桂林电子科技大学(边防子女预科班),2023,福建,本科批,历史类,,,,,
2539,桂林航天工业学院,2023,福建,本科批,历史类,,,484,15730,
2540,桂林理工大学,2023,福建,本科批,历史类,,,489,15524,
2542,桂林旅游学院,2023,福建,本科批,历史类,,,486,15730,
2543,桂林旅游学院(中外合作),2023,福建,本科批,历史类,,,457,22889,
2544,桂林信息科技学院,2023,福建,本科批,历史类,,,444,25256,
2545,桂林学院,2023,福建,本科批,历史类,,,457,19556,
2547,贵阳人文科技学院,2023,福建,本科批,历史类,,,458,22623,
2550,贵州财经大学,2023,福建,本科批,历史类,,,531,8185,
2551,贵州财经大学(中外合作),2023,福建,本科批,历史类,,,458,22623,
2552,贵州大学,2023,福建,本科批,历史类,,,567,3003,
2554,贵州工程应用技术学院,2023,福建,本科批,历史类,,,484,16142,
2555,贵州警察学院,2023,福建,本科批,历史类,,,507,12033,
2557,贵州民族大学,2023,福建,本科批,历史类,,,494,14522,
2558,贵州黔南经济学院1,2023,福建,本科批,历史类,,,455,23415,
2559,贵州黔南科技学院,2023,福建,本科批,历史类,,,454,23672,
2560,贵州师范学院,2023,福建,本科批,历史类,,,498,13730,
2563,贵州医科大学神奇民族医药学院,2023,福建,本科批,历史类,,,482,17001,
2564,贵州中医药大学,2023,福建,本科批,历史类,,,528,8666,
2571,哈尔滨工程大学,2023,福建,本科批,历史类,,,581,2450,
2572,哈尔滨工业大学1,2023,福建,本科批,历史类,,,612,1051,
2575,哈尔滨工业大学(深圳),2023,福建,本科批,历史类,,,620,624,
2579,哈尔滨金融学院,2023,福建,本科批,历史类,,,476,18392,
2581,哈尔滨商业大学,2023,福建,本科批,历史类,,,485,8311,
2582,哈尔滨师范大学,2023,福建,本科批,历史类,,,494,13920,
2584,哈尔滨学院,2023,福建,本科批,历史类,,,483,16797,
2585,哈尔滨医科大学,2023,福建,本科批,历史类,,,465,21003,
2593,海口经济学院,2023,福建,本科批,历史类,,,,,
2595,海南大学,2023,福建,本科批,历史类,,,582,1940,
2597,海南大学(中外合作),2023,福建,本科批,历史类,,,516,6621,
2598,海南热带海洋学院,2023,福建,本科批,历史类,,,490,11148,
2599,海南热带海洋学院(中外合作),2023,福建,本科批,历史类,,,458,21940,
2600,海南师范大学,2023,福建,本科批,历史类,,,537,5215,
2602,海南师范大学(中外合作),2023,福建,本科批,历史类,,,493,14727,
2605,邯郸学院,2023,福建,本科批,历史类,,,496,14098,
2606,汉口学院,2023,福建,本科批,历史类,,,455,23415,
2607,韩山师范学院,2023,福建,本科批,历史类,,,524,9260,
2611,杭州师范大学,2023,福建,本科批,历史类,,,556,4517,
2614,河北传媒学院,2023,福建,本科批,历史类,,,460,22180,
2615,河北大学,2023,福建,本科批,历史类,,,556,4701,
2616,河北地质大学,2023,福建,本科批,历史类,,,494,13554,
2617,河北东方学院,2023,福建,本科批,历史类,,,458,22623,
2618,河北工程大学,2023,福建,本科批,历史类,,,512,9842,
2619,河北工程大学科信学院,2023,福建,本科批,历史类,,,468,20249,
2622,河北环境工程学院,2023,福建,本科批,历史类,,,477,18142,
2624,河北金融学院,2023,福建,本科批,历史类,,,479,17695,
2625,河北经贸大学,2023,福建,本科批,历史类,,,489,7801,
2628,河北科技工程职业技术大学,2023,福建,本科批,历史类,,,476,18392,
2629,河北科技师范学院,2023,福建,本科批,历史类,,,473,18849,
2631,河北师范大学,2023,福建,本科批,历史类,,,552,5556,
2633,河北石油职业技术大学,2023,福建,本科批,历史类,,,474,18849,
2634,河北外国语学院,2023,福建,本科批,历史类,,,441,23923,
2635,河北医科大学,2023,福建,本科批,历史类,,,513,10975,
2636,河北医科大学临床学院,2023,福建,本科批,历史类,,,486,16142,
2637,河北中医药大学,2023,福建,本科批,历史类,,,514,10158,
2638,河池学院,2023,福建,本科批,历史类,,,494,13554,
2639,合肥城市学院,2023,福建,本科批,历史类,,,454,23672,
2642,合肥工业大学(宣城校区),2023,福建,本科批,历史类,,,581,2839,
2644,合肥学院,2023,福建,本科批,历史类,,,497,13920,
2645,河海大学,2023,福建,本科批,历史类,,,591,1759,
2647,河南财经政法大学,2023,福建,本科批,历史类,,,547,6141,
2648,河南财经政法大学(中外合作),2023,福建,本科批,历史类,,,510,11502,
2649,河南财政金融学院,2023,福建,本科批,历史类,,,482,17001,
2650,河南城建学院,2023,福建,本科批,历史类,,,482,17001,
2651,河南大学,2023,福建,本科批,历史类,,,570,3762,
2652,河南大学(中外合作),2023,福建,本科批,历史类,,,553,5444,
2653,河南工程学院,2023,福建,本科批,历史类,,,483,15524,
2655,河南工业大学,2023,福建,本科批,历史类,,,526,7411,
2656,河南工业大学(中外合作),2023,福建,本科批,历史类,,,492,13554,
2657,河南开封科技传媒学院,2023,福建,本科批,历史类,,,453,23923,
2658,河南科技大学,2023,福建,本科批,历史类,,,506,12211,
2659,河南科技学院,2023,福建,本科批,历史类,,,493,14727,
2660,河南理工大学,2023,福建,本科批,历史类,,,511,7005,
2661,河南农业大学,2023,福建,本科批,历史类,,,501,10158,
2662,河南师范大学,2023,福建,本科批,历史类,,,532,5671,
2663,河南中医药大学,2023,福建,本科批,历史类,,,527,8804,
2664,菏泽学院,2023,福建,本科批,历史类,,,487,15934,
2666,黑河学院,2023,福建,本科批,历史类,,,477,15934,
2668,黑龙江大学,2023,福建,本科批,历史类,,,526,5556,
2670,黑龙江工程学院,2023,福建,本科批,历史类,,,478,17924,
2671,黑龙江工商学院,2023,福建,本科批,历史类,,,472,19320,
2672,黑龙江科技大学,2023,福建,本科批,历史类,,,485,16353,
2673,黑龙江外国语学院,2023,福建,本科批,历史类,,,,,
2675,衡水学院,2023,福建,本科批,历史类,,,485,16353,
2677,衡阳师范学院,2023,福建,本科批,历史类,,,494,14522,
2678,衡阳师范学院南岳学院,2023,福建,本科批,历史类,,,471,19556,
2679,红河学院,2023,福建,本科批,历史类,,,476,18392,
2680,湖北大学,2023,福建,本科批,历史类,,,563,4404,
2681,湖北大学(中外合作),2023,福建,本科批,历史类,,,530,8311,
2682,湖北大学知行学院,2023,福建,本科批,历史类,,,470,19803,
2683,湖北第二师范学院,2023,福建,本科批,历史类,,,531,8185,
2684,湖北恩施学院,2023,福建,本科批,历史类,,,460,22180,
2685,湖北工程学院,2023,福建,本科批,历史类,,,494,14522,
2686,湖北工程学院新技术学院,2023,福建,本科批,历史类,,,468,20249,
2688,湖北工业大学工程技术学院,2023,福建,本科批,历史类,,,453,23923,
2689,湖北警官学院,2023,福建,本科批,历史类,,,510,11502,
2690,湖北经济学院,2023,福建,本科批,历史类,,,515,10628,
2691,湖北经济学院法商学院,2023,福建,本科批,历史类,,,453,23923,
2693,湖北理工学院,2023,福建,本科批,历史类,,,484,16353,
2696,湖北民族大学,2023,福建,本科批,历史类,,,487,15934,
2698,湖北商贸学院,2023,福建,本科批,历史类,,,457,22889,
2699,湖北师范大学,2023,福建,本科批,历史类,,,509,10456,
2701,湖北师范大学文理学院,2023,福建,本科批,历史类,,,473,19108,
2702,湖北文理学院,2023,福建,本科批,历史类,,,508,10456,
2703,湖北文理学院理工学院,2023,福建,本科批,历史类,,,458,22623,
2706,湖北中医药大学,2023,福建,本科批,历史类,,,506,12211,
2707,湖南财政经济学院,2023,福建,本科批,历史类,,,508,11842,
2708,湖南城市学院,2023,福建,本科批,历史类,,,481,16353,
2709,湖南大学,2023,福建,本科批,历史类,,,611,1106,
2710,湖南大学(边防子女预科班),2023,福建,本科批,历史类,,,,,
2711,湖南第一师范学院,2023,福建,本科批,历史类,,,545,6371,
2712,湖南工程学院,2023,福建,本科批,历史类,,,502,12969,
2714,湖南工商大学,2023,福建,本科批,历史类,,,527,8804,
2715,湖南工学院,2023,福建,本科批,历史类,,,487,15934,
2716,湖南工业大学,2023,福建,本科批,历史类,,,524,9260,
2717,湖南工业大学科技学院,2023,福建,本科批,历史类,,,465,21003,
2718,湖南交通工程学院,2023,福建,本科批,历史类,,,,,
2719,湖南警察学院,2023,福建,本科批,历史类,,,506,12033,
2720,湖南科技大学,2023,福建,本科批,历史类,,,536,7560,
2721,湖南科技大学潇湘学院,2023,福建,本科批,历史类,,,472,19320,
2722,湖南科技学院,2023,福建,本科批,历史类,,,505,11842,
2723,湖南理工学院,2023,福建,本科批,历史类,,,492,14918,
2725,湖南理工学院南湖学院,2023,福建,本科批,历史类,,,473,19108,
2726,湖南农业大学,2023,福建,本科批,历史类,,,527,8804,
2727,湖南农业大学东方科技学院,2023,福建,本科批,历史类,,,468,20249,
2728,湖南人文科技学院,2023,福建,本科批,历史类,,,494,13167,
2729,湖南人文科技学院(中外合作),2023,福建,本科批,历史类,,,472,19320,
2730,湖南涉外经济学院,2023,福建,本科批,历史类,,,453,23923,
2731,湖南师范大学,2023,福建,本科批,历史类,,,585,1869,
2732,湖南文理学院,2023,福建,本科批,历史类,,,490,15321,
2733,湖南文理学院芙蓉学院,2023,福建,本科批,历史类,,,474,18849,
2734,湖南医药学院,2023,福建,本科批,历史类,,,506,12033,
2735,湖南中医药大学,2023,福建,本科批,历史类,,,527,3762,
2736,湖南中医药大学湘杏学院,2023,福建,本科批,历史类,,,495,14289,
2737,湖州师范学院,2023,福建,本科批,历史类,,,524,9260,
2738,湖州学院,2023,福建,本科批,历史类,,,497,13730,
2739,华北电力大学(保定),2023,福建,本科批,历史类,,,581,2369,
2740,华北电力大学(北京),2023,福建,本科批,历史类,,,586,1940,
2741,华北科技学院,2023,福建,本科批,历史类,,,483,16797,
2742,华北理工大学:,2023,福建,本科批,历史类,,,501,13167,
2743,华北理工大学翼唐学院,2023,福建,本科批,历史类,,,476,18392,
2744,华北理工大学轻工学院,2023,福建,本科批,历史类,,,453,23923,
2746,华东交通大学,2023,福建,本科批,历史类,,,539,7146,
2747,华东交通大学(高收费),2023,福建,本科批,历史类,,,531,8185,
2748,华东理工大学,2023,福建,本科批,历史类,,,596,1869,
2750,华东师范大学,2023,福建,本科批,历史类,,,617,316,
2751,华东政法大学,2023,福建,本科批,历史类,,,612,1051,
2752,华南理工大学,2023,福建,本科批,历史类,,,610,506,
2755,华南师范大学,2023,福建,本科批,历史类,,,591,2166,
2756,华中科技大学,2023,福建,本科批,历史类,,,613,624,
2757,华中农业大学,2023,福建,本科批,历史类,,,584,2642,
2758,华中师范大学,2023,福建,本科批,历史类,,,599,1719,
2759,淮北师范大学,2023,福建,本科批,历史类,,,514,8804,
2760,怀化学院,2023,福建,本科批,历史类,,,494,12969,
2761,淮阴工学院,2023,福建,本科批,历史类,,,494,14522,
2762,淮阴师范学院,2023,福建,本科批,历史类,,,487,15321,
2764,黄河科技学院,2023,福建,本科批,历史类,,,453,23923,
2765,黄淮学院,2023,福建,本科批,历史类,,,479,17001,
2769,吉利学院,2023,福建,本科批,历史类,,,,,
2770,吉林财经大学,2023,福建,本科批,历史类,,,494,14522,
2771,吉林大学,2023,福建,本科批,历史类,,,605,822,
2774,吉林工程技术师范学院,2023,福建,本科批,历史类,,,487,15934,
2775,吉林工商学院,2023,福建,本科批,历史类,,,477,16563,
2776,吉林建筑大学,2023,福建,本科批,历史类,,,486,16142,
2778,吉林建筑科技学院,2023,福建,本科批,历史类,,,441,26808,
2779,吉林农业大学,2023,福建,本科批,历史类,,,492,13358,
2780,吉林农业科技学院,2023,福建,本科批,历史类,,,475,18610,
2781,吉林师范大学,2023,福建,本科批,历史类,,,482,17001,
2782,吉林师范大学博达学院,2023,福建,本科批,历史类,,,454,23672,
2783,吉林外国语大学,2023,福建,本科批,历史类,,,443,21730,
2787,济南大学,2023,福建,本科批,历史类,,,538,5325,
2788,暨南大学,2023,福建,本科批,历史类,,,607,1303,
2792,吉首大学,2023,福建,本科批,历史类,,,506,12211,
2794,嘉兴南湖学院,2023,福建,本科批,历史类,,,506,12211,
2795,嘉兴学院,2023,福建,本科批,历史类,,,520,9260,
2796,嘉应学院,2023,福建,本科批,历史类,,,506,11333,
2798,江南大学,2023,福建,本科批,历史类,,,594,1759,
2799,江苏大学,2023,福建,本科批,历史类,,,574,3075,
2800,江苏大学京江学院,2023,福建,本科批,历史类,,,470,13167,
2802,江苏海洋大学,2023,福建,本科批,历史类,,,515,10628,
2803,江苏科技大学,2023,福建,本科批,历史类,,,534,7801,
2804,江苏科技大学苏州理工学院,2023,福建,本科批,历史类,,,475,18610,
2805,江苏理工学院1,2023,福建,本科批,历史类,,,494,14522,
2807,江苏师范大学,2023,福建,本科批,历史类,,,576,3075,
2808,江苏师范大学科文学院,2023,福建,本科批,历史类,,,473,19108,
2809,江西财经大学,2023,福建,本科批,历史类,,,569,3871,
2810,江西财经大学(中外合作),2023,福建,本科批,历史类,,,565,4234,
2811,江西财经大学现代经济管理学院,2023,福建,本科批,历史类,,,471,19556,
2812,江西服装学院,2023,福建,本科批,历史类,,,,,
2813,江西警察学院,2023,福建,本科批,历史类,,,511,11333,
2814,江西科技师范大学,2023,福建,本科批,历史类,,,523,6495,
2815,江西科技学院,2023,福建,本科批,历史类,,,455,23415,
2816,江西理工大学,2023,福建,本科批,历史类,,,528,8666,
2819,江西农业大学,2023,福建,本科批,历史类,,,512,8804,
2821,江西农业大学南昌商学院,2023,福建,本科批,历史类,,,466,20757,
2822,江西软件职业技术大学,2023,福建,本科批,历史类,,,,,
2823,江西师范大学,2023,福建,本科批,历史类,,,559,4802,
2824,江西师范大学科学技术学院,2023,福建,本科批,历史类,,,481,17231,
2825,江西应用科技学院,2023,福建,本科批,历史类,,,454,23672,
2826,江西中医药大学,2023,福建,本科批,历史类,,,508,11842,
2827,金陵科技学院,2023,福建,本科批,历史类,,,509,11653,
2830,荆楚理工学院,2023,福建,本科批,历史类,,,484,16563,
2831,景德镇陶瓷大学,2023,福建,本科批,历史类,,,511,11333,
2832,景德镇学院,2023,福建,本科批,历史类,,,494,14522,
2833,景德镇艺术职业大学,2023,福建,本科批,历史类,,,453,23923,
2834,井冈山大学,2023,福建,本科批,历史类,,,517,8804,
2835,九江学院,2023,福建,本科批,历史类,,,487,15730,
2836,喀什大学,2023,福建,本科批,历史类,,,481,17231,
2843,昆明城市学院,2023,福建,本科批,历史类,,,447,23415,
2844,昆明理工大学,2023,福建,本科批,历史类,,,530,8311,
2846,昆明理工大学津桥学院,2023,福建,本科批,历史类,,,453,23923,
2847,昆明文理学院,2023,福建,本科批,历史类,,,453,23923,
2848,昆明学院,2023,福建,本科批,历史类,,,491,15121,
2850,昆明医科大学海源学院,2023,福建,本科批,历史类,,,457,22889,
2852,兰州博文科技学院,2023,福建,本科批,历史类,,,,,
2853,兰州财经大学,2023,福建,本科批,历史类,,,484,11653,
2854,兰州城市学院,2023,福建,本科批,历史类,,,472,19320,
2855,兰州大学,2023,福建,本科批,历史类,,,595,1940,
2857,兰州工商学院,2023,福建,本科批,历史类,,,454,23672,
2858,兰州交通大学,2023,福建,本科批,历史类,,,462,8666,
2861,兰州信息科技学院,2023,福建,本科批,历史类,,,460,22180,
2862,廊坊师范学院,2023,福建,本科批,历史类,,,487,15121,
2863,乐山师范学院,2023,福建,本科批,历史类,,,485,16353,
2864,丽江文化旅游学院,2023,福建,本科批,历史类,,,453,23923,
2865,丽水学院,2023,福建,本科批,历史类,,,528,8666,
2866,聊城大学,2023,福建,本科批,历史类,,,531,7411,
2867,辽宁大学,2023,福建,本科批,历史类,,,585,2450,
2868,辽宁大学(中高计划),2023,福建,本科批,历史类,,,510,11502,
2870,辽宁对外经贸学院,2023,福建,本科批,历史类,,,441,26285,
2871,辽宁工程技术大学,2023,福建,本科批,历史类,,,480,17453,
2873,辽宁科技大学,2023,福建,本科批,历史类,,,486,16142,
2877,辽宁师范大学海华学院,2023,福建,本科批,历史类,,,452,21730,
2880,辽宁中医药大学,2023,福建,本科批,历史类,,,530,8311,
2881,辽宁中医药大学香林学院,2023,福建,本科批,历史类,,,463,21495,
2882,临沂大学,2023,福建,本科批,历史类,,,522,8804,
2884,岭南师范学院,2023,福建,本科批,历史类,,,531,8185,
2885,六盘水师范学院,2023,福建,本科批,历史类,,,489,15121,
2886,柳州工学院,2023,福建,本科批,历史类,,,454,23672,
2887,陇东学院,2023,福建,本科批,历史类,,,481,17231,
2888,鲁东大学,2023,福建,本科批,历史类,,,519,8804,
2900,洛阳理工学院,2023,福建,本科批,历史类,,,484,16563,
2901,洛阳师范学院,2023,福建,本科批,历史类,,,493,14727,
2902,吕梁学院,2023,福建,本科批,历史类,,,483,16797,
2903,马鞍山学院,2023,福建,本科批,历史类,,,453,23923,
2905,绵阳城市学院,2023,福建,本科批,历史类,,,455,21003,
2906,绵阳师范学院,2023,福建,本科批,历史类,,,491,12211,
2907,牡丹江师范学院,2023,福建,本科批,历史类,,,479,17695,
2909,南昌大学,2023,福建,本科批,历史类,,,588,1869,
2911,南昌大学共青学院,2023,福建,本科批,历史类,,,474,18849,
2912,南昌大学科学技术学院,2023,福建,本科批,历史类,,,474,18849,
2913,南昌工程学院,2023,福建,本科批,历史类,,,490,14289,
2915,南昌工学院,2023,福建,本科批,历史类,,,468,20249,
2916,南昌航空大学,2023,福建,本科批,历史类,,,528,8486,
2919,南昌航空大学科技学院,2023,福建,本科批,历史类,,,468,20249,
2920,南昌交通学院,2023,福建,本科批,历史类,,,454,23672,
2921,南昌理工学院,2023,福建,本科批,历史类,,,457,22889,
2922,南昌师范学院,2023,福建,本科批,历史类,,,505,12406,
2923,南昌医学院,2023,福建,本科批,历史类,,,500,13358,
2924,南昌应用技术师范学院,2023,福建,本科批,历史类,,,476,18392,
2925,南昌职业大学,2023,福建,本科批,历史类,,,446,24977,
2927,南方医科大学,2023,福建,本科批,历史类,,,551,2913,
2928,南华大学,2023,福建,本科批,历史类,,,511,8050,
2929,南华大学船山学院,2023,福建,本科批,历史类,,,468,20249,
2930,南京财经大学,2023,福建,本科批,历史类,,,566,4135,
2931,南京财经大学红山学院,2023,福建,本科批,历史类,,,470,19803,
2932,南京传媒学院,2023,福建,本科批,历史类,,,477,11502,
2933,南京大学,2023,福建,本科批,历史类,,,647,180,
2935,南京工程学院,2023,福建,本科批,历史类,,,521,9659,
2937,南京工业大学,2023,福建,本科批,历史类,,,564,4323,
2939,南京工业大学浦江学院,2023,福建,本科批,历史类,,,468,20249,
2940,南京工业职业技术大学,2023,福建,本科批,历史类,,,487,15934,
2941,南京航空航天大学,2023,福建,本科批,历史类,,,597,1811,
2942,南京航空航天大学金城学院,2023,福建,本科批,历史类,,,469,20037,
2945,南京理工大学,2023,福建,本科批,历史类,,,582,2763,
2947,南京理工大学紫金学院,2023,福建,本科批,历史类,,,485,16353,
2948,南京林业大学,2023,福建,本科批,历史类,,,579,3003,
2949,南京农业大学,2023,福建,本科批,历史类,,,581,2839,
2950,南京审计大学,2023,福建,本科批,历史类,,,576,3239,
2951,南京审计大学(中外合作),2023,福建,本科批,历史类,,,580,2913,
2952,南京审计大学金审学院,2023,福建,本科批,历史类,,,479,17695,
2953,南京师范大学,2023,福建,本科批,历史类,,,604,1462,
2954,南京特殊教育师范学院,2023,福建,本科批,历史类,,,507,12033,
2956,南京晓庄学院,2023,福建,本科批,历史类,,,505,12406,
2957,南京信息工程大学,2023,福建,本科批,历史类,,,576,3003,
2959,南京医科大学,2023,福建,本科批,历史类,,,569,3871,
2960,南京医科大学康达学院,2023,福建,本科批,历史类,,,473,19108,
2961,南京艺术学院,2023,福建,本科批,历史类,,,539,7146,
2963,南京邮电大学通达学院,2023,福建,本科批,历史类,,,473,18392,
2964,南开大学,2023,福建,本科批,历史类,,,628,506,
2965,南开大学(中外合作),2023,福建,本科批,历史类,,,603,1513,
2966,南宁理工学院,2023,福建,本科批,历史类,,,454,23672,
2967,南宁师范大学,2023,福建,本科批,历史类,,,529,7411,
2969,南宁学院,2023,福建,本科批,历史类,,,453,23923,
2970,南通大学,2023,福建,本科批,历史类,,,561,3965,
2971,南通理工学院,2023,福建,本科批,历史类,,,465,21003,
2972,南阳理工学院,2023,福建,本科批,历史类,,,483,16353,
2974,南阳师范学院,2023,福建,本科批,历史类,,,494,14522,
2975,内江师范学院,2023,福建,本科批,历史类,,,525,9109,
2977,内蒙古科技大学,2023,福建,本科批,历史类,,,476,17695,
2978,内蒙古民族大学,2023,福建,本科批,历史类,,,481,17231,
2982,宁波财经学院,2023,福建,本科批,历史类,,,454,23672,
2983,宁波大学,2023,福建,本科批,历史类,,,582,2450,
2984,宁波大学(中外合作),2023,福建,本科批,历史类,,,536,7560,
2985,宁波大学科学技术学院,2023,福建,本科批,历史类,,,473,18392,
2986,宁波工程学院,2023,福建,本科批,历史类,,,511,10003,
2988,宁波诺丁汉大学,2023,福建,本科批,历史类,,,561,4612,
2989,宁夏大学,2023,福建,本科批,历史类,,,554,3762,
2990,宁夏大学(高收费),2023,福建,本科批,历史类,,,537,7411,
2992,宁夏大学新华学院,2023,福建,本科批,历史类,,,472,19320,
2993,宁夏理工学院,2023,福建,本科批,历史类,,,454,23672,
2995,攀枝花学院,2023,福建,本科批,历史类,,,479,17695,
2996,平顶山学院,2023,福建,本科批,历史类,,,479,17231,
2997,萍乡学院,2023,福建,本科批,历史类,,,495,14289,
2999,齐鲁工业大学,2023,福建,本科批,历史类,,,512,11148,
3000,齐鲁理工学院,2023,福建,本科批,历史类,,,455,23415,
3001,齐鲁医药学院,2023,福建,本科批,历史类,,,463,20249,
3002,齐齐哈尔大学,2023,福建,本科批,历史类,,,509,11653,
3003,齐齐哈尔医学院,2023,福建,本科批,历史类,,,472,19320,
3006,青岛城市学院,2023,福建,本科批,历史类,,,,,
3007,青岛大学,2023,福建,本科批,历史类,,,527,6371,
3009,青岛工学院,2023,福建,本科批,历史类,,,453,23923,
3010,青岛恒星科技学院,2023,福建,本科批,历史类,,,,,
3011,青岛黄海学院,2023,福建,本科批,历史类,,,457,22889,
3014,青岛理工大学,2023,福建,本科批,历史类,,,519,8311,
3015,青岛理工大学(中外合作),2023,福建,本科批,历史类,,,517,10295,
3017,青岛农业大学海都学院,2023,福建,本科批,历史类,,,454,23672,
3019,青海民族大学,2023,福建,本科批,历史类,,,470,19803,
3021,青海师范大学,2023,福建,本科批,历史类,,,514,10804,
3022,清华大学,2023,福建,本科批,历史类,,,672,20,
3023,琼台师范学院,2023,福建,本科批,历史类,,,493,14727,
3024,曲阜师范大学,2023,福建,本科批,历史类,,,532,8050,
3025,曲靖师范学院,2023,福建,本科批,历史类,,,484,16563,
3026,衢州学院,2023,福建,本科批,历史类,,,493,13730,
3027,三江学院,2023,福建,本科批,历史类,,,468,20249,
3028,三峡大学,2023,福建,本科批,历史类,,,504,11502,
3030,三峡大学科技学院,2023,福建,本科批,历史类,,,460,22180,
3031,三亚学院,2023,福建,本科批,历史类,,,458,22623,
3032,山东财经大学,2023,福建,本科批,历史类,,,542,3762,
3033,山东大学,2023,福建,本科批,历史类,,,608,789,
3034,山东大学(护理),2023,福建,本科批,历史类,,,595,1940,
3035,山东大学威海分校,2023,福建,本科批,历史类,,,606,1158,
3037,山东第一医科大学,2023,福建,本科批,历史类,,,485,16353,
3038,山东工商学院,2023,福建,本科批,历史类,,,498,11333,
3040,山东建筑大学,2023,福建,本科批,历史类,,,505,9842,
3042,山东交通学院,2023,福建,本科批,历史类,,,511,11333,
3043,山东科技大学,2023,福建,本科批,历史类,,,545,5788,
3046,山东农业大学,2023,福建,本科批,历史类,,,504,10975,
3047,山东女子学院,2023,福建,本科批,历史类,,,482,17001,
3048,山东师范大学,2023,福建,本科批,历史类,,,555,3326,
3049,山东石油化工学院,2023,福建,本科批,历史类,,,501,12594,
3050,山东外国语职业技术大学,2023,福建,本科批,历史类,,,,,
3051,山东协和学院,2023,福建,本科批,历史类,,,457,22889,
3053,山东英才学院,2023,福建,本科批,历史类,,,,,
3054,山东中医药大学,2023,福建,本科批,历史类,,,508,10158,
3055,汕头大学,2023,福建,本科批,历史类,,,567,4056,
3056,山西财经大学,2023,福建,本科批,历史类,,,497,13920,
3057,山西传媒学院,2023,福建,本科批,历史类,,,459,22414,
3058,山西大同大学,2023,福建,本科批,历史类,,,503,12033,
3059,山西大学,2023,福建,本科批,历史类,,,564,3401,
3062,山西晋中理工学院,2023,福建,本科批,历史类,,,460,22180,
3063,陕西科技大学,2023,福建,本科批,历史类,,,522,9532,
3065,陕西理工大学,2023,福建,本科批,历史类,,,515,10628,
3067,山西农业大学,2023,福建,本科批,历史类,,,494,13920,
3068,山西师范大学,2023,福建,本科批,历史类,,,488,15730,
3069,陕西师范大学,2023,福建,本科批,历史类,,,596,1869,
3072,山西医科大学,2023,福建,本科批,历史类,,,500,12594,
3074,山西中医药大学,2023,福建,本科批,历史类,,,528,8666,
3075,上海财经大学,2023,福建,本科批,历史类,,,622,418,
3076,上海财经大学浙江学院,2023,福建,本科批,历史类,,,467,20494,
3077,上海大学,2023,福建,本科批,历史类,,,606,1350,
3080,上海电机学院,2023,福建,本科批,历史类,,,519,10003,
3081,上海电机学院(中外合作),2023,福建,本科批,历史类,,,502,12969,
3084,上海对外经贸大学,2023,福建,本科批,历史类,,,585,2450,
3085,上海对外经贸大学(中外合作),2023,福建,本科批,历史类,,,568,3965,
3086,上海工程技术大学,2023,福建,本科批,历史类,,,538,6371,
3087,上海海关学院,2023,福建,本科批,历史类,,,549,5896,
3090,上海海事大学,2023,福建,本科批,历史类,,,575,2701,
3091,上海海洋大学,2023,福建,本科批,历史类,,,574,3161,
3094,上海建桥学院,2023,福建,本科批,历史类,,,453,23923,
3095,上海交通大学,2023,福建,本科批,历史类,,,664,54,
3100,上海立达学院1,2023,福建,本科批,历史类,,,453,23923,
3101,上海理工大学,2023,福建,本科批,历史类,,,569,3871,
3102,上海理工大学(中外合作),2023,福建,本科批,历史类,,,538,7282,
3103,上海立信会计金融学院,2023,福建,本科批,历史类,,,546,4056,
3105,上海杉达学院,2023,福建,本科批,历史类,,,470,8666,
3106,上海商学院,2023,福建,本科批,历史类,,,529,6019,
3107,上海师范大学,2023,福建,本科批,历史类,,,562,4517,
3109,上海视觉艺术学院,2023,福建,本科批,历史类,,,512,11148,
3110,上海外国语大学,2023,福建,本科批,历史类,,,608,1252,
3111,上海外国语大学(中外合作),2023,福建,本科批,历史类,,,593,2049,
3112,上海外国语大学贤达经济人文学院,2023,福建,本科批,历史类,,,453,23923,
3116,上海中侨职业技术大学,2023,福建,本科批,历史类,,,,,
3119,商洛学院,2023,福建,本科批,历史类,,,477,18142,
3121,商丘师范学院,2023,福建,本科批,历史类,,,492,13358,
3122,上饶师范学院,2023,福建,本科批,历史类,,,504,12594,
3123,韶关学院,2023,福建,本科批,历史类,,,506,12211,
3125,绍兴文理学院(中外合作),2023,福建,本科批,历史类,,,454,23672,
3126,绍兴文理学院元培学院,2023,福建,本科批,历史类,,,480,17453,
3127,邵阳学院,2023,福建,本科批,历史类,,,485,16353,
3128,沈阳城市建设学院,2023,福建,本科批,历史类,,,,,
3129,沈阳大学,2023,福建,本科批,历史类,,,507,12033,
3138,沈阳农业大学,2023,福建,本科批,历史类,,,499,13554,
3140,沈阳师范大学,2023,福建,本科批,历史类,,,480,17453,
3142,沈阳药科大学,2023,福建,本科批,历史类,,,523,8666,
3143,沈阳医学院,2023,福建,本科批,历史类,,,499,13554,
3146,深圳大学,2023,福建,本科批,历史类,,,595,1462,
3148,深圳技术大学,2023,福建,本科批,历史类,,,552,5011,
3149,石河子大学,2023,福建,本科批,历史类,,,552,5113,
3150,石家庄铁道大学,2023,福建,本科批,历史类,,,510,11502,
3151,石家庄铁道大学四方学院,2023,福建,本科批,历史类,,,473,19108,
3152,首都经济贸易大学,2023,福建,本科批,历史类,,,584,2642,
3154,首都师范大学,2023,福建,本科批,历史类,,,585,2575,
3158,四川大学,2023,福建,本科批,历史类,,,611,1106,
3162,四川大学(美术学),2023,福建,本科批,历史类,,,590,2234,
3164,四川大学锦江学院,2023,福建,本科批,历史类,,,460,22180,
3166,四川工商学院,2023,福建,本科批,历史类,,,468,20249,
3167,四川警察学院,2023,福建,本科批,历史类,,,513,10975,
3168,四川旅游学院,2023,福建,本科批,历史类,,,483,16797,
3170,四川美术学院,2023,福建,本科批,历史类,,,546,6258,
3172,四川轻化工大学,2023,福建,本科批,历史类,,,501,13167,
3173,四川师范大学,2023,福建,本科批,历史类,,,555,4517,
3174,四川外国语大学,2023,福建,本科批,历史类,,,549,5896,
3175,四川外国语大学(中外合作),2023,福建,本科批,历史类,,,453,23923,
3176,四川外国语大学成都学院,2023,福建,本科批,历史类,,,458,22623,
3178,四川文理学院,2023,福建,本科批,历史类,,,485,15934,
3179,四川音乐学院,2023,福建,本科批,历史类,,,482,17001,
3180,苏州城市学院,2023,福建,本科批,历史类,,,512,9842,
3181,苏州大学,2023,福建,本科批,历史类,,,605,953,
3182,苏州科技大学,2023,福建,本科批,历史类,,,538,4914,
3183,苏州科技大学天平学院,2023,福建,本科批,历史类,,,468,20249,
3184,塔里木大学,2023,福建,本科批,历史类,,,476,18392,
3185,泰山科技学院,2023,福建,本科批,历史类,,,,,
3190,太原师范学院,2023,福建,本科批,历史类,,,499,13554,
3191,太原学院,2023,福建,本科批,历史类,,,483,15524,
3192,台州学院,2023,福建,本科批,历史类,,,493,12211,
3193,天津财经大学,2023,福建,本科批,历史类,,,549,4234,
3194,天津财经大学珠江学院,2023,福建,本科批,历史类,,,453,23923,
3199,天津工业大学,2023,福建,本科批,历史类,,,562,4517,
3201,天津科技大学,2023,福建,本科批,历史类,,,527,8804,
3202,天津科技大学(中澳合作),2023,福建,本科批,历史类,,,532,8050,
3206,天津理工大学中环信息学院,2023,福建,本科批,历史类,,,455,23415,
3209,天津仁爱学院,2023,福建,本科批,历史类,,,453,23923,
3210,天津商业大学,2023,福建,本科批,历史类,,,531,6621,
3211,天津商业大学(中外合作),2023,福建,本科批,历史类,,,516,10456,
3212,天津商业大学宝德学院,2023,福建,本科批,历史类,,,453,22623,
3213,天津师范大学,2023,福建,本科批,历史类,,,562,2450,
3214,天津体育学院,2023,福建,本科批,历史类,,,484,13730,
3215,天津外国语大学,2023,福建,本科批,历史类,,,536,7560,
3216,天津外国语大学滨海外事学院,2023,福建,本科批,历史类,,,455,18392,
3218,天津医科大学临床医学院,2023,福建,本科批,历史类,,,472,19320,
3220,天津职业技术师范大学,2023,福建,本科批,历史类,,,503,12406,
3222,天津中德应用技术大学,2023,福建,本科批,历史类,,,475,18610,
3223,天津中医药大学,2023,福建,本科批,历史类,,,543,5556,
3225,通化师范学院,2023,福建,本科批,历史类,,,479,17695,
3227,同济大学11,2023,福建,本科批,历史类,,,629,487,
3229,铜陵学院,2023,福建,本科批,历史类,,,492,14918,
3230,铜仁学院,2023,福建,本科批,历史类,,,499,13554,
3234,潍坊学院,2023,福建,本科批,历史类,,,505,12406,
3236,渭南师范学院,2023,福建,本科批,历史类,,,488,15524,
3237,渭南师范学院(中外合作),2023,福建,本科批,历史类,,,453,23923,
3238,文华学院,2023,福建,本科批,历史类,,,461,21940,
3239,文山学院,2023,福建,本科批,历史类,,,486,16142,
3240,温州大学,2023,福建,本科批,历史类,,,548,3003,
3242,温州肯恩大学,2023,福建,本科批,历史类,,,522,8311,
3244,温州商学院,2023,福建,本科批,历史类,,,455,23415,
3247,武昌工学院,2023,福建,本科批,历史类,,,,,
3248,武昌理工学院,2023,福建,本科批,历史类,,,455,23415,
3249,武昌首义学院,2023,福建,本科批,历史类,,,465,21003,
3250,武汉城市学院,2023,福建,本科批,历史类,,,454,23672,
3252,武汉大学,2023,福建,本科批,历史类,,,640,193,
3254,武汉东湖学院,2023,福建,本科批,历史类,,,453,23923,
3256,武汉纺织大学外经贸学院,2023,福建,本科批,历史类,,,455,23415,
3259,武汉工程大学邮电与信息工程学院,2023,福建,本科批,历史类,,,453,23144,
3260,武汉工程科技学院,2023,福建,本科批,历史类,,,453,23923,
3261,武汉工商学院,2023,福建,本科批,历史类,,,453,23923,
3262,武汉华夏理工学院,2023,福建,本科批,历史类,,,450,23415,
3263,武汉科技大学,2023,福建,本科批,历史类,,,546,5215,
3264,武汉理工大学,2023,福建,本科批,历史类,,,588,2103,
3267,武汉晴川学院,2023,福建,本科批,历史类,,,459,22414,
3268,武汉轻工大学,2023,福建,本科批,历史类,,,525,6880,
3269,武汉商学院,2023,福建,本科批,历史类,,,489,15524,
3271,武汉生物工程学院,2023,福建,本科批,历史类,,,462,21730,
3272,武汉体育学院,2023,福建,本科批,历史类,,,494,13358,
3273,武汉体育学院体育科技学院,2023,福建,本科批,历史类,,,,,
3274,武汉文理学院,2023,福建,本科批,历史类,,,466,20757,
3275,武汉学院,2023,福建,本科批,历史类,,,465,21003,
3283,无锡太湖学院,2023,福建,本科批,历史类,,,453,23923,
3284,无锡学院,2023,福建,本科批,历史类,,,514,10804,
3285,五邑大学,2023,福建,本科批,历史类,,,475,18610,
3286,梧州学院,2023,福建,本科批,历史类,,,494,14522,
3287,西安财经大学,2023,福建,本科批,历史类,,,535,7680,
3290,西安翻译学院,2023,福建,本科批,历史类,,,455,23415,
3291,西安工程大学,2023,福建,本科批,历史类,,,496,14098,
3293,西安工业大学,2023,福建,本科批,历史类,,,541,6880,
3298,西安交通大学,2023,福建,本科批,历史类,,,619,789,
3301,西安交通大学城市学院,2023,福建,本科批,历史类,,,460,22180,
3302,西安交通工程学院,2023,福建,本科批,历史类,,,448,23144,
3305,西安科技大学高新学院,2023,福建,本科批,历史类,,,460,22180,
3306,西安理工大学,2023,福建,本科批,历史类,,,531,8185,
3310,西安欧亚学院,2023,福建,本科批,历史类,,,,,
3311,西安培华学院,2023,福建,本科批,历史类,,,453,23923,
3312,西安石油大学,2023,福建,本科批,历史类,,,520,9842,
3313,西安思源学院,2023,福建,本科批,历史类,,,457,22889,
3314,西安外国语大学,2023,福建,本科批,历史类,,,548,6019,
3316,西安文理学院,2023,福建,本科批,历史类,,,516,10456,
3317,西安信息职业大学,2023,福建,本科批,历史类,,,,,
3318,西安医学院,2023,福建,本科批,历史类,,,499,13554,
3320,西安邮电大学,2023,福建,本科批,历史类,,,542,6019,
3322,西北大学,2023,福建,本科批,历史类,,,594,1663,
3323,西北工业大学,2023,福建,本科批,历史类,,,605,1350,
3325,西北民族大学,2023,福建,本科批,历史类,,,496,14098,
3326,西北农林科技大学,2023,福建,本科批,历史类,,,590,1869,
3328,西北师范大学,2023,福建,本科批,历史类,,,531,8185,
3329,西北政法大学,2023,福建,本科批,历史类,,,594,1994,
3330,西昌学院,2023,福建,本科批,历史类,,,479,17695,
3331,西华大学,2023,福建,本科批,历史类,,,522,9532,
3332,西华师范大学,2023,福建,本科批,历史类,,,491,13554,
3333,西交利物浦大学,2023,福建,本科批,历史类,,,544,6495,
3334,西京学院,2023,福建,本科批,历史类,,,453,23923,
3335,西南财经大学,2023,福建,本科批,历史类,,,604,1051,
3336,西南财经大学(中外合作),2023,福建,本科批,历史类,,,580,2505,
3337,西南财经大学天府学院,2023,福建,本科批,历史类,,,455,23415,
3338,西南大学,2023,福建,本科批,历史类,,,601,1303,
3340,西南大学(中外合作),2023,福建,本科批,历史类,,,589,2303,
3341,西南大学(荣昌校区),2023,福建,本科批,历史类,,,580,2701,
3342,西南交通大学,2023,福建,本科批,历史类,,,596,1570,
3345,西南交通大学希望学院,2023,福建,本科批,历史类,,,473,19108,
3346,西南科技大学,2023,福建,本科批,历史类,,,522,9532,
3348,西南民族大学,2023,福建,本科批,历史类,,,547,4517,
3351,西南政法大学,2023,福建,本科批,历史类,,,607,919,
3352,西南政法大学(中外合作),2023,福建,本科批,历史类,,,602,1570,
3353,咸阳师范学院,2023,福建,本科批,历史类,,,490,15321,
3358,香港珠海学院,2023,福建,本科批,历史类,,,464,21265,
3359,湘南学院,2023,福建,本科批,历史类,,,495,14289,
3360,湘潭大学,2023,福建,本科批,历史类,,,575,2505,
3361,湘潭大学兴湘学院,2023,福建,本科批,历史类,,,473,19108,
3362,湘潭理工学院,2023,福建,本科批,历史类,,,456,23144,
3363,星海音乐学院,2023,福建,本科批,历史类,,,536,7560,
3364,新疆财经大学,2023,福建,本科批,历史类,,,478,17924,
3365,新疆大学,2023,福建,本科批,历史类,,,569,3871,
3370,新疆农业大学,2023,福建,本科批,历史类,,,474,18849,
3371,新疆农业大学(高收费),2023,福建,本科批,历史类,,,453,23923,
3372,新疆师范大学,2023,福建,本科批,历史类,,,494,14522,
3375,新疆政法学院,2023,福建,本科批,历史类,,,475,18610,
3376,新乡学院,2023,福建,本科批,历史类,,,479,17695,
3379,信阳师范大学,2023,福建,本科批,历史类,,,486,16142,
3380,信阳学院,2023,福建,本科批,历史类,,,479,17695,
3381,新余学院,2023,福建,本科批,历史类,,,488,15730,
3382,忻州师范学院,2023,福建,本科批,历史类,,,483,16797,
3383,邢台学院,2023,福建,本科批,历史类,,,490,15321,
3384,徐州工程学院,2023,福建,本科批,历史类,,,508,11333,
3386,延安大学,2023,福建,本科批,历史类,,,498,13730,
3387,延边大学,2023,福建,本科批,历史类,,,570,3492,
3390,燕京理工学院,2023,福建,本科批,历史类,,,453,23923,
3392,烟台大学,2023,福建,本科批,历史类,,,554,5325,
3393,烟台大学(边防子女预科班),2023,福建,本科批,历史类,,,,,
3394,烟台科技学院,2023,福建,本科批,历史类,,,,,
3395,烟台南山学院,2023,福建,本科批,历史类,,,464,21265,
3396,扬州大学,2023,福建,本科批,历史类,,,577,2642,
3397,扬州大学广陵学院,2023,福建,本科批,历史类,,,487,15934,
3398,宜宾学院,2023,福建,本科批,历史类,,,488,15730,
3399,宜春学院,2023,福建,本科批,历史类,,,488,14918,
3400,伊犁师范大学,2023,福建,本科批,历史类,,,482,17001,
3401,右江民族医学院,2023,福建,本科批,历史类,,,501,13167,
3402,玉林师范学院,2023,福建,本科批,历史类,,,501,13167,
3403,玉溪师范学院,2023,福建,本科批,历史类,,,502,12969,
3405,运城学院,2023,福建,本科批,历史类,,,475,18610,
3406,云南财经大学1,2023,福建,本科批,历史类,,,504,7411,
3407,云南大学,2023,福建,本科批,历史类,,,585,2369,
3409,云南大学滇池学院,2023,福建,本科批,历史类,,,452,19320,
3410,云南警官学院,2023,福建,本科批,历史类,,,506,12211,
3411,云南经济管理学院,2023,福建,本科批,历史类,,,,,
3412,云南民族大学,2023,福建,本科批,历史类,,,505,12406,
3413,云南农业大学,2023,福建,本科批,历史类,,,497,13920,
3414,云南农业大学(中外合作),2023,福建,本科批,历史类,,,482,17001,
3415,云南师范大学,2023,福建,本科批,历史类,,,533,7920,
3419,湛江科技学院,2023,福建,本科批,历史类,,,453,23923,
3425,浙大城市学院,2023,福建,本科批,历史类,,,524,9260,
3427,浙大宁波理工学院(中外合作),2023,福建,本科批,历史类,,,472,19320,
3428,浙江财经大学,2023,福建,本科批,历史类,,,568,3161,
3429,浙江财经大学(中外合作),2023,福建,本科批,历史类,,,539,7146,
3430,浙江财经大学东方学院,2023,福建,本科批,历史类,,,456,23144,
3431,浙江传媒学院,2023,福建,本科批,历史类,,,561,4612,
3433,浙江传媒学院(中外合作),2023,福建,本科批,历史类,,,528,8666,
3434,浙江大学,2023,福建,本科批,历史类,,,646,193,
3437,浙江工商大学,2023,福建,本科批,历史类,,,546,2450,
3439,浙江工商大学杭州商学院,2023,福建,本科批,历史类,,,463,19320,
3440,浙江工业大学,2023,福建,本科批,历史类,,,580,2913,
3442,浙江工业大学之江学院,2023,福建,本科批,历史类,,,472,19320,
3443,浙江广厦建设职业技术大学,2023,福建,本科批,历史类,,,454,23672,
3444,浙江海洋大学,2023,福建,本科批,历史类,,,520,8185,
3448,浙江理工大学,2023,福建,本科批,历史类,,,560,4701,
3451,浙江农林大学,2023,福建,本科批,历史类,,,505,4802,
3453,浙江师范大学,2023,福建,本科批,历史类,,,564,2642,
3454,浙江师范大学行知学院,2023,福建,本科批,历史类,,,477,18142,
3455,浙江树人学院,2023,福建,本科批,历史类,,,454,22889,
3456,浙江水利水电学院,2023,福建,本科批,历史类,,,505,12406,
3458,浙江外国语学院,2023,福建,本科批,历史类,,,537,6258,
3459,浙江外国语学院(中外合作),2023,福建,本科批,历史类,,,478,12594,
3460,浙江万里学院,2023,福建,本科批,历史类,,,472,17453,
3461,浙江万里学院(中外合作),2023,福建,本科批,历史类,,,456,23144,
3463,浙江越秀外国语学院,2023,福建,本科批,历史类,,,453,23923,
3464,浙江中医药大学,2023,福建,本科批,历史类,,,518,9109,
3465,郑州财经学院,2023,福建,本科批,历史类,,,465,21003,
3466,郑州大学,2023,福建,本科批,历史类,,,587,1759,
3467,郑州工程技术学院,2023,福建,本科批,历史类,,,477,17231,
3468,郑州工业应用技术学院,2023,福建,本科批,历史类,,,453,23923,
3469,郑州航空工业管理学院,2023,福建,本科批,历史类,,,497,13920,
3473,郑州经贸学院,2023,福建,本科批,历史类,,,457,22889,
3474,郑州轻工业大学,2023,福建,本科批,历史类,,,505,9659,
3476,郑州商学院,2023,福建,本科批,历史类,,,458,22623,
3477,郑州升达经贸管理学院,2023,福建,本科批,历史类,,,455,23415,
3478,郑州师范学院,2023,福建,本科批,历史类,,,513,10975,
3479,郑州西亚斯学院,2023,福建,本科批,历史类,,,,,
3480,中北大学,2023,福建,本科批,历史类,,,518,10158,
3481,中国传媒大学,2023,福建,本科批,历史类,,,599,789,
3482,中国传媒大学(中外合作1),2023,福建,本科批,历史类,,,592,1994,
3485,中国地质大学(武汉),2023,福建,本科批,历史类,,,587,2103,
3487,中国海洋大学,2023,福建,本科批,历史类,,,599,1462,
3488,中国海洋大学(中外合作),2023,福建,本科批,历史类,,,599,1719,
3489,中国计量大学,2023,福建,本科批,历史类,,,566,3762,
3493,中国矿业大学,2023,福建,本科批,历史类,,,587,2450,
3496,中国劳动关系学院,2023,福建,本科批,历史类,,,536,6258,
3497,中国美术学院,2023,福建,本科批,历史类,,,588,2369,
3498,中国民航大学,2023,福建,本科批,历史类,,,555,3326,
3499,中国民用航空飞行学院,2023,福建,本科批,历史类,,,489,13167,
3501,中国农业大学(1+3模式),2023,福建,本科批,历史类,,,596,1869,
3502,中国农业大学(中外合作),2023,福建,本科批,历史类,,,583,2049,
3503,中国人民大学,2023,福建,本科批,历史类,,,653,125,
3504,中国人民大学(苏州校区),2023,福建,本科批,历史类,,,610,1158,
3511,中国社会科学院大学,2023,福建,本科批,历史类,,,603,1513,
3512,中国石油大学(北京),2023,福建,本科批,历史类,,,584,2642,
3515,中国戏曲学院,2023,福建,本科批,历史类,,,535,7680,
3519,中国药科大学,2023,福建,本科批,历史类,,,585,2575,
3524,中国政法大学,2023,福建,本科批,历史类,,,624,624,
3525,中华女子学院1,2023,福建,本科批,历史类,,,516,7560,
3527,中南财经政法大学,2023,福建,本科批,历史类,,,599,1719,
3530,中南大学,2023,福建,本科批,历史类,,,611,1106,
3533,中南林业科技大学,2023,福建,本科批,历史类,,,517,5788,
3534,中南民族大学,2023,福建,本科批,历史类,,,558,4914,
3535,中山大学,2023,福建,本科批,历史类,,,629,339,
3536,中央财经大学,2023,福建,本科批,历史类,,,612,599,
3537,中央美术学院,2023,福建,本科批,历史类,,,613,1006,
3538,中央民族大学,2023,福建,本科批,历史类,,,601,1610,
3543,中央戏剧学院,2023,福建,本科批,历史类,,,576,2642,
3545,中原工学院,2023,福建,本科批,历史类,,,501,12787,
3546,周口师范学院,2023,福建,本科批,历史类,,,480,17453,
3547,珠海科技学院,2023,福建,本科批,历史类,,,453,23923,
3548,遵义师范学院,2023,福建,本科批,历史类,,,517,10295,
3549,遵义医科大学,2023,福建,本科批,历史类,,,512,10804,
3550,遵义医科大学医学与科技学院,2023,福建,本科批,历史类,,,478,17924,
1007,福建警察学院(福州，男),2023,福建,本科提前批,历史类,,,,,
1008,福建警察学院(福州，女),2023,福建,本科提前批,历史类,,,,,
1009,福建警察学院(龙岩，男),2023,福建,本科提前批,历史类,,,,,
1010,福建警察学院(龙岩，女),2023,福建,本科提前批,历史类,,,,,
1011,福建警察学院(南平，男),2023,福建,本科提前批,历史类,,,,,
1012,福建警察学院(南平，女),2023,福建,本科提前批,历史类,,,,,
1013,福建警察学院(宁德，男),2023,福建,本科提前批,历史类,,,,,
1014,福建警察学院(宁德，女),2023,福建,本科提前批,历史类,,,,,
1016,福建警察学院(莆田，男),2023,福建,本科提前批,历史类,,,,,
1018,福建警察学院(泉州，男),2023,福建,本科提前批,历史类,,,,,
1019,福建警察学院(泉州，女),2023,福建,本科提前批,历史类,,,,,
1020,福建警察学院(三明，男),2023,福建,本科提前批,历史类,,,,,
1021,福建警察学院(三明，女),2023,福建,本科提前批,历史类,,,,,
1022,福建警察学院(司法专业，男),2023,福建,本科提前批,历史类,,,,,
1023,福建警察学院(司法专业，女),2023,福建,本科提前批,历史类,,,,,
1024,福建警察学院(厦门，男),2023,福建,本科提前批,历史类,,,,,
1025,福建警察学院(厦门，女),2023,福建,本科提前批,历史类,,,,,
1026,福建警察学院(漳州，男),2023,福建,本科提前批,历史类,,,,,
1052,福建师范大学,2023,福建,本科提前批,历史类,,,,,
1053,福建师范大学(复合型公费师范，福州),2023,福建,本科提前批,历史类,,,,,
1054,福建师范大学(复合型公费师范：龙岩),2023,福建,本科提前批,历史类,,,,,
1055,福建师范大学(复合型公费师范，南平),2023,福建,本科提前批,历史类,,,,,
1056,福建师范大学(复合型公费师范，宁德),2023,福建,本科提前批,历史类,,,,,
1057,福建师范大学(复合型公费师范，平潭),2023,福建,本科提前批,历史类,,,,,
1058,福建师范大学(复合型公费师范，莆田),2023,福建,本科提前批,历史类,,,,,
1059,福建师范大学(复合型公费师范，泉州),2023,福建,本科提前批,历史类,,,,,
1060,福建师范大学(复合型公费师范：三明),2023,福建,本科提前批,历史类,,,,,
1062,福建师范大学(复合型公费师范，漳州),2023,福建,本科提前批,历史类,,,,,
1063,福建师范大学(公费师范，福州),2023,福建,本科提前批,历史类,,,,,
1064,福建师范大学(公费师范，光泽县),2023,福建,本科提前批,历史类,,,,,
1065,福建师范大学(公费师范，龙岩),2023,福建,本科提前批,历史类,,,,,
1066,福建师范大学(公费师范，南平),2023,福建,本科提前批,历史类,,,,,
1067,福建师范大学(公费师范，宁德),2023,福建,本科提前批,历史类,,,,,
1068,福建师范大学(公费师范，平潭),2023,福建,本科提前批,历史类,,,,,
1069,福建师范大学(公费师范，莆田),2023,福建,本科提前批,历史类,,,,,
1070,福建师范大学(公费师范，泉州),2023,福建,本科提前批,历史类,,,,,
1071,福建师范大学(公费师范，三明),2023,福建,本科提前批,历史类,,,,,
1072,福建师范大学(公费师范，厦门),2023,福建,本科提前批,历史类,,,,,
1073,福建师范大学(公费师范，漳州),2023,福建,本科提前批,历史类,,,,,
1074,福建师范大学(中美合作),2023,福建,本科提前批,历史类,,,,,
1113,集美大学,2023,福建,本科提前批,历史类,,,,,
1114,集美大学(公费师范，龙岩),2023,福建,本科提前批,历史类,,,,,
1115,集美大学(公费师范，南平),2023,福建,本科提前批,历史类,,,,,
1116,集美大学(公费师范，宁德),2023,福建,本科提前批,历史类,,,,,
1117,集美大学(公费师范，平潭),2023,福建,本科提前批,历史类,,,,,
1118,集美大学(公费师范，泉州),2023,福建,本科提前批,历史类,,,,,
1119,集美大学(公费师范，三明),2023,福建,本科提前批,历史类,,,,,
1120,集美大学(公费师范，厦门),2023,福建,本科提前批,历史类,,,,,
1121,集美大学(公费师范，漳州),2023,福建,本科提前批,历史类,,,,,
1123,集美大学(面向厦门),2023,福建,本科提前批,历史类,,,,,
1126,龙岩学院,2023,福建,本科提前批,历史类,,,,,
1127,龙岩学院(面向龙岩),2023,福建,本科提前批,历史类,,,,,
1129,闽江学院,2023,福建,本科提前批,历史类,,,,,
1130,闽江学院(公费师范，福清),2023,福建,本科提前批,历史类,,,,,
1131,闽江学院(公费师范，罗源),2023,福建,本科提前批,历史类,,,,,
1132,闽江学院(公费师范，闽侯),2023,福建,本科提前批,历史类,,,,,
1133,闽江学院(公费师范，闽清),2023,福建,本科提前批,历史类,,,,,
1134,闽江学院(公费师范，永泰),2023,福建,本科提前批,历史类,,,,,
1142,闽南师范大学,2023,福建,本科提前批,历史类,,,,,
1144,闽南师范大学(公费师范，龙岩),2023,福建,本科提前批,历史类,,,,,
1145,闽南师范大学(公费师范，南平),2023,福建,本科提前批,历史类,,,,,
1146,闽南师范大学(公费师范，宁德),2023,福建,本科提前批,历史类,,,,,
1148,闽南师范大学(公费师范，莆田),2023,福建,本科提前批,历史类,,,,,
1149,闽南师范大学(公费师范，泉州),2023,福建,本科提前批,历史类,,,,,
1150,闽南师范大学(公费师范，三明),2023,福建,本科提前批,历史类,,,,,
1151,闽南师范大学(公费师范，厦门),2023,福建,本科提前批,历史类,,,,,
1152,闽南师范大学(公费师范，漳州),2023,福建,本科提前批,历史类,,,,,
1155,宁德师范学院,2023,福建,本科提前批,历史类,,,,,
1156,宁德师范学院(面向宁德),2023,福建,本科提前批,历史类,,,,,
1158,莆田学院,2023,福建,本科提前批,历史类,,,,,
1166,莆田学院(面向莆田),2023,福建,本科提前批,历史类,,,,,
1170,泉州师范学院,2023,福建,本科提前批,历史类,,,,,
1171,泉州师范学院(公费师范男生，福州),2023,福建,本科提前批,历史类,,,,,
1172,泉州师范学院(公费师范男生，龙岩),2023,福建,本科提前批,历史类,,,,,
1173,泉州师范学院(公费师范男生，南平),2023,福建,本科提前批,历史类,,,,,
1174,泉州师范学院(公费师范男生，宁德),2023,福建,本科提前批,历史类,,,,,
1176,泉州师范学院(公费师范男生，泉州),2023,福建,本科提前批,历史类,,,,,
1177,泉州师范学院(公费师范男生，漳州),2023,福建,本科提前批,历史类,,,,,
1178,泉州师范学院(公费师范，福州),2023,福建,本科提前批,历史类,,,,,
1181,泉州师范学院(公费师范，宁德),2023,福建,本科提前批,历史类,,,,,
1183,泉州师范学院(公费师范，泉州),2023,福建,本科提前批,历史类,,,,,
1187,泉州师范学院(面向泉州),2023,福建,本科提前批,历史类,,,,,
1193,三明学院,2023,福建,本科提前批,历史类,,,,,
1194,三明学院(公费师范，建宁),2023,福建,本科提前批,历史类,,,,,
1195,三明学院(公费师范，将乐),2023,福建,本科提前批,历史类,,,,,
1196,三明学院(公费师范，明溪),2023,福建,本科提前批,历史类,,,,,
1197,三明学院(公费师范，宁化),2023,福建,本科提前批,历史类,,,,,
1198,三明学院(公费师范，清流),2023,福建,本科提前批,历史类,,,,,
1199,三明学院(公费师范，三元),2023,福建,本科提前批,历史类,,,,,
1200,三明学院(公费师范，沙县),2023,福建,本科提前批,历史类,,,,,
1201,三明学院(公费师范，泰宁),2023,福建,本科提前批,历史类,,,,,
1203,三明学院(公费师范，尤溪),2023,福建,本科提前批,历史类,,,,,
1207,武夷学院,2023,福建,本科提前批,历史类,,,,,
1208,武夷学院(公费师范，光泽),2023,福建,本科提前批,历史类,,,,,
1209,武夷学院(公费师范，建瓯),2023,福建,本科提前批,历史类,,,,,
1210,武夷学院(公费师范：建阳),2023,福建,本科提前批,历史类,,,,,
1211,武夷学院(公费师范，浦城),2023,福建,本科提前批,历史类,,,,,
1212,武夷学院(公费师范，邵武),2023,福建,本科提前批,历史类,,,,,
1213,武夷学院(公费师范，顺昌),2023,福建,本科提前批,历史类,,,,,
1214,武夷学院(公费师范，松溪),2023,福建,本科提前批,历史类,,,,,
1215,武夷学院(公费师范，武夷山),2023,福建,本科提前批,历史类,,,,,
1216,武夷学院(公费师范，延平),2023,福建,本科提前批,历史类,,,,,
1217,武夷学院(公费师范，政和),2023,福建,本科提前批,历史类,,,,,
2294,北京大学,2023,福建,本科提前批,历史类,,,,,
2298,北京电子科技学院(男),2023,福建,本科提前批,历史类,,,,,
2299,北京电子科技学院(女),2023,福建,本科提前批,历史类,,,,,
2325,北京师范大学(其他类),2023,福建,本科提前批,历史类,,,,,
2331,北京外国语大学,2023,福建,本科提前批,历史类,,,,,
2340,北京语言大学,2023,福建,本科提前批,历史类,,,,,
2343,滨州学院,2023,福建,本科提前批,历史类,,,,,
2435,大连海洋大学,2023,福建,本科提前批,历史类,,,,,
2464,东北师范大学,2023,福建,本科提前批,历史类,,,,,
2465,东北师范大学,2023,福建,本科提前批,历史类,,,,,
2569,国际关系学院(男),2023,福建,本科提前批,历史类,,,,,
2570,国际关系学院(女),2023,福建,本科提前批,历史类,,,,,
2668,黑龙江大学,2023,福建,本科提前批,历史类,,,,,
2750,华东师范大学,2023,福建,本科提前批,历史类,,,,,
2758,华中师范大学,2023,福建,本科提前批,历史类,,,,,
2771,吉林大学,2023,福建,本科提前批,历史类,,,,,
2823,江西师范大学,2023,福建,本科提前批,历史类,,,,,
2851,昆山杜克大学,2023,福建,本科提前批,历史类,,,,,
2943,南京警察学院(男),2023,福建,本科提前批,历史类,,,,,
2944,南京警察学院(女),2023,福建,本科提前批,历史类,,,,,
3022,清华大学,2023,福建,本科提前批,历史类,,,,,
3033,山东大学,2023,福建,本科提前批,历史类,,,,,
3069,陕西师范大学,2023,福建,本科提前批,历史类,,,,,
3070,陕西师范大学,2023,福建,本科提前批,历史类,,,,,
3088,上海海关学院(男),2023,福建,本科提前批,历史类,,,,,
3089,上海海关学院(女),2023,福建,本科提前批,历史类,,,,,
3104,上海纽约大学,2023,福建,本科提前批,历史类,,,,,
3110,上海外国语大学,2023,福建,本科提前批,历史类,,,,,
3145,深圳北理莫斯科大学,2023,福建,本科提前批,历史类,,,,,
3158,四川大学,2023,福建,本科提前批,历史类,,,,,
3174,四川外国语大学,2023,福建,本科提前批,历史类,,,,,
3232,外交学院,2023,福建,本科提前批,历史类,,,,,
3252,武汉大学,2023,福建,本科提前批,历史类,,,,,
3298,西安交通大学,2023,福建,本科提前批,历史类,,,,,
3339,西南大学(其它类),2023,福建,本科提前批,历史类,,,,,
3354,香港城市大学,2023,福建,本科提前批,历史类,,,,,
3355,香港中文大学,2023,福建,本科提前批,历史类,,,,,
3356,香港中文大学(深圳),2023,福建,本科提前批,历史类,,,,,
3357,香港中文大学(深圳)(综合评价),2023,福建,本科提前批,历史类,,,,,
3368,新疆警察学院(男),2023,福建,本科提前批,历史类,,,,,
3434,浙江大学,2023,福建,本科提前批,历史类,,,,,
3471,郑州警察学院(男),2023,福建,本科提前批,历史类,,,,,
3472,郑州警察学院(女),2023,福建,本科提前批,历史类,,,,,
3481,中国传媒大学,2023,福建,本科提前批,历史类,,,,,
3498,中国民航大学,2023,福建,本科提前批,历史类,,,,,
3499,中国民用航空飞行学院,2023,福建,本科提前批,历史类,,,,,
3503,中国人民大学,2023,福建,本科提前批,历史类,,,,,
3504,中国人民大学(苏州校区),2023,福建,本科提前批,历史类,,,,,
3506,中国人民公安大学(男),2023,福建,本科提前批,历史类,,,,,
3507,中国人民公安大学(女),2023,福建,本科提前批,历史类,,,,,
3509,中国人民警察大学(男),2023,福建,本科提前批,历史类,,,,,
3516,中国消防救援学院(男),2023,福建,本科提前批,历史类,,,,,
3517,中国刑事警察学院(男),2023,福建,本科提前批,历史类,,,,,
3518,中国刑事警察学院(女),2023,福建,本科提前批,历史类,,,,,
3528,中南财经政法大学(男),2023,福建,本科提前批,历史类,,,,,
3529,中南财经政法大学(女),2023,福建,本科提前批,历史类,,,,,
3541,中央司法警官学院(男),2023,福建,本科提前批,历史类,,,,,
3542,中央司法警官学院(女),2023,福建,本科提前批,历史类,,,,,
1220,厦门大学,2023,福建,高校农村专项计划,历史类,,,,,
2294,北京大学,2023,福建,高校农村专项计划,历史类,,,,,
2326,北京师范大学(珠海校区),2023,福建,高校农村专项计划,历史类,,,,,
2340,北京语言大学,2023,福建,高校农村专项计划,历史类,,,,,
2464,东北师范大学,2023,福建,高校农村专项计划,历史类,,,,,
2469,东南大学,2023,福建,高校农村专项计划,历史类,,,,,
2473,对外经济贸易大学,2023,福建,高校农村专项计划,历史类,,,,,
2476,复旦大学,2023,福建,高校农村专项计划,历史类,,,,,
2552,贵州大学,2023,福建,高校农村专项计划,历史类,,,,,
2645,河海大学,2023,福建,高校农村专项计划,历史类,,,,,
2709,湖南大学,2023,福建,高校农村专项计划,历史类,,,,,
2750,华东师范大学,2023,福建,高校农村专项计划,历史类,,,,,
2758,华中师范大学,2023,福建,高校农村专项计划,历史类,,,,,
2771,吉林大学,2023,福建,高校农村专项计划,历史类,,,,,
2855,兰州大学,2023,福建,高校农村专项计划,历史类,,,,,
2953,南京师范大学,2023,福建,高校农村专项计划,历史类,,,,,
2964,南开大学,2023,福建,高校农村专项计划,历史类,,,,,
3022,清华大学,2023,福建,高校农村专项计划,历史类,,,,,
3033,山东大学,2023,福建,高校农村专项计划,历史类,,,,,
3069,陕西师范大学,2023,福建,高校农村专项计划,历史类,,,,,
3110,上海外国语大学,2023,福建,高校农村专项计划,历史类,,,,,
3158,四川大学,2023,福建,高校农村专项计划,历史类,,,,,
3181,苏州大学,2023,福建,高校农村专项计划,历史类,,,,,
3252,武汉大学,2023,福建,高校农村专项计划,历史类,,,,,
3322,西北大学1,2023,福建,高校农村专项计划,历史类,,,,,
3335,西南财经大学,2023,福建,高校农村专项计划,历史类,,,,,
3338,西南大学,2023,福建,高校农村专项计划,历史类,,,,,
3351,西南政法大学,2023,福建,高校农村专项计划,历史类,,,,,
3407,云南大学,2023,福建,高校农村专项计划,历史类,,,,,
3434,浙江大学,2023,福建,高校农村专项计划,历史类,,,,,
3481,中国传媒大学,2023,福建,高校农村专项计划,历史类,,,,,
3487,中国海洋大学,2023,福建,高校农村专项计划,历史类,,,,,
3503,中国人民大学,2023,福建,高校农村专项计划,历史类,,,,,
3524,中国政法大学,2023,福建,高校农村专项计划,历史类,,,,,
3527,中南财经政法大学,2023,福建,高校农村专项计划,历史类,,,,,
3530,中南大学,2023,福建,高校农村专项计划,历史类,,,,,
3535,中山大学,2023,福建,高校农村专项计划,历史类,,,,,
3536,中央财经大学,2023,福建,高校农村专项计划,历史类,,,,,
2342,北京中医药大学东方学院,2023,福建,专科批,物理类,,,408,116334,
2396,成都理工大学工程技术学院,2023,福建,专科批,物理类,,,407,110648,
2515,广西农业职业技术大学,2023,福建,专科批,物理类,,,405,118205,
2540,桂林理工大学,2023,福建,专科批,物理类,,,414,101885,
2593,海口经济学院,2023,福建,专科批,物理类,,,365,127977,
2598,海南热带海洋学院,2023,福建,专科批,物理类,,,376,115721,
2628,河北科技工程职业技术大学,2023,福建,专科批,物理类,,,410,114494,
2701,湖北师范大学文理学院,2023,福建,专科批,物理类,,,398,107960,
2742,华北理工大学,2023,福建,专科批,物理类,,,445,90816,
2746,华东交通大学,2023,福建,专科批,物理类,,,423,89386,
2815,江西科技学院,2023,福建,专科批,物理类,,,413,108635,
2822,江西软件职业技术大学,2023,福建,专科批,物理类,,,377,127417,
2860,兰州石化职业技术大学,2023,福建,专科批,物理类,,,399,75166,
2915,南昌工学院,2023,福建,专科批,物理类,,,380,115721,
2924,南昌应用技术师范学院,2023,福建,专科批,物理类,,,390,121168,
2925,南昌职业大学,2023,福建,专科批,物理类,,,365,128540,
3011,青岛黄海学院,2023,福建,专科批,物理类,,,380,105938,
3030,三峡大学科技学院,2023,福建,专科批,物理类,,,404,115721,
3094,上海建桥学院,2023,福建,专科批,物理类,,,380,109966,
3100,上海立达学院,2023,福建,专科批,物理类,,,390,124071,
3116,上海中侨职业技术大学,2023,福建,专科批,物理类,,,386,111922,
3130,沈阳工程学院,2023,福建,专科批,物理类,,,407,111922,
3164,四川大学锦江学院,2023,福建,专科批,物理类,,,400,112575,
3185,泰山科技学院,2023,福建,专科批,物理类,,,323,143184,
3244,温州商学院,2023,福建,专科批,物理类,,,418,107960,
3248,武昌理工学院,2023,福建,专科批,物理类,,,372,115088,
3256,武汉纺织大学外经贸学院,2023,福建,专科批,物理类,,,416,111257,
3269,武汉商学院,2023,福建,专科批,物理类,,,419,104590,
3271,武汉生物工程学院,2023,福建,专科批,物理类,,,400,108635,
3302,西安交通工程学院,2023,福建,专科批,物理类,,,404,118815,
3313,西安思源学院,2023,福建,专科批,物理类,,,407,116990,
3317,西安信息职业大学,2023,福建,专科批,物理类,,,385,116990,
3337,西南财经大学天府学院,2023,福建,专科批,物理类,,,398,122347,
3404,豫章师范学院,2023,福建,专科批,物理类,,,424,105938,
3411,云南经济管理学院,2023,福建,专科批,物理类,,,340,115721,
7001,福建船政交通职业学院,2023,福建,专科批,物理类,,,391,107330,
7002,福建船政交通职业学院(闽台合作),2023,福建,专科批,物理类,,,402,119960,
7003,福建电力职业技术学院,2023,福建,专科批,物理类,,,403,103938,
7004,福建华南女子职业学院,2023,福建,专科批,物理类,,,250,135044,
7005,福建林业职业技术学院,2023,福建,专科批,物理类,,,378,115088,
7006,福建林业职业技术学院(定向专业),2023,福建,专科批,物理类,,,417,62162,
7007,福建农业职业技术学院,2023,福建,专科批,物理类,,,380,124071,
7008,福建农业职业技术学院(定向专业),2023,福建,专科批,物理类,,,430,48455,
7009,福建生物工程职业技术学院,2023,福建,专科批,物理类,,,386,117594,
7010,福建水利电力职业技术学院,2023,福建,专科批,物理类,,,389,109966,
7011,福建体育职业技术学院,2023,福建,专科批,物理类,,,382,130546,
7012,福建卫生职业技术学院,2023,福建,专科批,物理类,,,380,102597,
7013,福建卫生职业技术学院(定向专业),2023,福建,专科批,物理类,,,415,57223,
7014,福建卫生职业技术学院(高本贯通),2023,福建,专科批,物理类,,,448,81212,
7015,福建信息职业技术学院,2023,福建,专科批,物理类,,,387,105938,
7016,福建艺术职业学院,2023,福建,专科批,物理类,,,377,126373,
7017,福建幼儿师范高等专科学校,2023,福建,专科批,物理类,,,380,110648,
7018,福建幼儿师范高等专科学校(高本贯通),2023,福建,专科批,物理类,,,449,88670,
7019,福建幼儿师范高等专科学校(公费师范，福州),2023,福建,专科批,物理类,,,498,56616,
7020,福建幼儿师范高等专科学校(公费师范，龙岩),2023,福建,专科批,物理类,,,452,86686,
7021,福建幼儿师范高等专科学校(公费师范，南平),2023,福建,专科批,物理类,,,422,107330,
7022,福建幼儿师范高等专科学校(公费师范，宁德),2023,福建,专科批,物理类,,,426,104590,
7023,福建幼儿师范高等专科学校(公费师范，泉州),2023,福建,专科批,物理类,,,461,80535,
7024,福建幼儿师范高等专科学校(公费师范，三明),2023,福建,专科批,物理类,,,463,79215,
7025,福建幼儿师范高等专科学校(公费师范，漳州),2023,福建,专科批,物理类,,,470,74446,
7026,福州科技职业技术学院,2023,福建,专科批,物理类,,,320,130035,
7027,福州黎明职业技术学院,2023,福建,专科批,物理类,,,222,135044,
7028,福州墨尔本理工职业学院,2023,福建,专科批,物理类,,,228,141981,
7029,福州软件职业技术学院,2023,福建,专科批,物理类,,,223,132099,
7030,福州英华职业学院,2023,福建,专科批,物理类,,,336,129033,
7031,福州职业技术学院,2023,福建,专科批,物理类,,,391,107960,
7032,黎明职业大学,2023,福建,专科批,物理类,,,384,107330,
7033,黎明职业大学(闽台合作),2023,福建,专科批,物理类,,,388,127977,
7034,黎明职业大学(中外合作),2023,福建,专科批,物理类,,,373,133581,
7035,湄洲湾职业技术学院,2023,福建,专科批,物理类,,,382,111922,
7036,闽北职业技术学院,2023,福建,专科批,物理类,,,372,121767,
7037,闽北职业技术学院(面向南平),2023,福建,专科批,物理类,,,351,139152,
7038,闽江师范高等专科学校,2023,福建,专科批,物理类,,,374,106639,
7039,闽江师范高等专科学校(高本贵通),2023,福建,专科批,物理类,,,457,83256,
7041,闽江师范高等专科学校(公费师范，南平市),2023,福建,专科批,物理类,,,422,107330,
7042,闽江师范高等专科学校(公费师范，宁德市),2023,福建,专科批,物理类,,,423,106639,
7043,闽江师范高等专科学校(公费师范，泉州市),2023,福建,专科批,物理类,,,487,63399,
7044,闽江师范高等专科学校(公费师范，漳州市),2023,福建,专科批,物理类,,,475,71151,
7045,闽西职业技术学院,2023,福建,专科批,物理类,,,382,115088,
7046,宁德职业技术学院,2023,福建,专科批,物理类,,,383,115721,
7047,泉州纺织服装职业学院,2023,福建,专科批,物理类,,,220,151533,
7048,泉州工程职业技术学院,2023,福建,专科批,物理类,,,230,131599,
7049,泉州工艺美术职业学院,2023,福建,专科批,物理类,,,371,131081,
7050,泉州海洋职业学院,2023,福建,专科批,物理类,,,295,139578,
7051,泉州华光职业学院,2023,福建,专科批,物理类,,,220,140394,
7052,泉州经贸职业技术学院,2023,福建,专科批,物理类,,,372,119960,
7053,泉州轻工职业学院,2023,福建,专科批,物理类,,,220,139578,
7054,泉州医学高等专科学校,2023,福建,专科批,物理类,,,393,88014,
7055,泉州医学高等专科学校(定向专业),2023,福建,专科批,物理类,,,406,56003,
7056,泉州幼儿师范高等专科学校,2023,福建,专科批,物理类,,,378,111922,
7057,泉州幼儿师范高等专科学校(高本贯通),2023,福建,专科批,物理类,,,442,93632,
7058,泉州幼儿师范高等专科学校(公费师范，龙岩),2023,福建,专科批,物理类,,,459,81882,
7059,泉州幼儿师范高等专科学校(公费师范，南平),2023,福建,专科批,物理类,,,420,108635,
7060,泉州幼儿师范高等专科学校(公费师范，宁德),2023,福建,专科批,物理类,,,420,108635,
7061,泉州幼儿师范高等专科学校(公费师范，泉州),2023,福建,专科批,物理类,,,468,75817,
7062,泉州幼儿师范高等专科学校(公费师范，漳州),2023,福建,专科批,物理类,,,467,76520,
7063,泉州幼儿师范高等专科学校(面向泉州),2023,福建,专科批,物理类,,,374,135044,
7064,三明医学科技职业学院,2023,福建,专科批,物理类,,,370,117594,
7065,三明医学科技职业学院(定向专业),2023,福建,专科批,物理类,,,436,64084,
7066,武夷山职业学院,2023,福建,专科批,物理类,,,221,155119,
7067,厦门安防科技职业学院,2023,福建,专科批,物理类,,,321,132099,
7068,厦门城市职业学院,2023,福建,专科批,物理类,,,403,101885,
7069,厦门东海职业技术学院,2023,福建,专科批,物理类,,,246,132099,
7070,厦门海洋职业技术学院,2023,福建,专科批,物理类,,,395,99846,
7071,厦门华天涉外职业技术学院,2023,福建,专科批,物理类,,,220,150339,
7072,厦门南洋职业学院,2023,福建,专科批,物理类,,,244,135510,
7073,厦门软件职业技术学院,2023,福建,专科批,物理类,,,283,132611,
7074,厦门兴才职业技术学院,2023,福建,专科批,物理类,,,222,137817,
7075,厦门演艺职业学院,2023,福建,专科批,物理类,,,220,163109,
7076,漳州城市职业学院,2023,福建,专科批,物理类,,,384,115721,
7077,漳州科技职业学院,2023,福建,专科批,物理类,,,297,136422,
7078,漳州理工职业学院,2023,福建,专科批,物理类,,,311,133581,
7079,漳州卫生职业学院,2023,福建,专科批,物理类,,,388,102597,
7080,漳州卫生职业学院(定向专业),2023,福建,专科批,物理类,,,406,45182,
7081,漳州卫生职业学院(高本贯通),2023,福建,专科批,物理类,,,441,94278,
7082,漳州职业技术学院,2023,福建,专科批,物理类,,,390,101885,
8083,安徽工商职业学院,2023,福建,专科批,物理类,,,385,100544,
8084,安徽国际商务职业学院,2023,福建,专科批,物理类,,,348,121767,
8085,安徽警官职业学院,2023,福建,专科批,物理类,,,422,107330,
8086,安徽审计职业学院,2023,福建,专科批,物理类,,,401,119409,
8088,安庆医药高等专科学校,2023,福建,专科批,物理类,,,385,115088,
8089,巴中职业技术学院,2023,福建,专科批,物理类,,,291,129538,
8090,蚌埠经济技术职业学院,2023,福建,专科批,物理类,,,384,114494,
8091,宝鸡职业技术学院,2023,福建,专科批,物理类,,,410,114494,
8092,北京农业职业学院,2023,福建,专科批,物理类,,,416,102597,
8093,北京培黎职业学院,2023,福建,专科批,物理类,,,383,116334,
8094,北京社会管理职业学院,2023,福建,专科批,物理类,,,415,111922,
8096,渤海船舶职业学院,2023,福建,专科批,物理类,,,390,124071,
8097,渤海理工职业学院,2023,福建,专科批,物理类,,,347,146147,
8098,长春健康职业学院,2023,福建,专科批,物理类,,,365,124658,
8100,长春医学高等专科学校,2023,福建,专科批,物理类,,,407,101225,
8101,常德职业技术学院,2023,福建,专科批,物理类,,,389,123547,
8102,长江艺术工程职业学院,2023,福建,专科批,物理类,,,343,147509,
8103,长沙航空职业技术学院,2023,福建,专科批,物理类,,,416,89386,
8104,长沙环境保护职业技术学院,2023,福建,专科批,物理类,,,383,127977,
8105,长沙民政职业技术学院,2023,福建,专科批,物理类,,,408,80535,
8106,长沙卫生职业学院,2023,福建,专科批,物理类,,,394,77214,
8107,常州工程职业技术学院,2023,福建,专科批,物理类,,,409,109302,
8108,常州信息职业技术学院,2023,福建,专科批,物理类,,,422,86686,
8109,成都航空职业技术学院,2023,福建,专科批,物理类,,,422,103938,
8110,重庆财经职业学院,2023,福建,专科批,物理类,,,421,103277,
8111,重庆城市管理职业学院,2023,福建,专科批,物理类,,,429,102597,
8112,重庆电力高等专科学校,2023,福建,专科批,物理类,,,417,105293,
8113,重庆电子工程职业学院,2023,福建,专科批,物理类,,,415,99143,
8114,重庆工程职业技术学院,2023,福建,专科批,物理类,,,394,107960,
8115,重庆工贸职业技术学院,2023,福建,专科批,物理类,,,412,110648,
8116,重庆工商职业学院,2023,福建,专科批,物理类,,,385,112575,
8117,重庆海联职业技术学院,2023,福建,专科批,物理类,,,265,143565,
8118,重庆建筑科技职业学院,2023,福建,专科批,物理类,,,239,144308,
8119,重庆科技职业学院,2023,福建,专科批,物理类,,,337,135948,
8120,重庆三峡医药高等专科学校,2023,福建,专科批,物理类,,,404,99143,
8121,重庆水利电力职业技术学院,2023,福建,专科批,物理类,,,408,115721,
8122,重庆信息技术职业学院,2023,福建,专科批,物理类,,,332,139152,
8123,重庆艺术工程职业学院,2023,福建,专科批,物理类,,,351,138271,
8124,重庆医药高等专科学校,2023,福建,专科批,物理类,,,401,84641,
8125,重庆幼儿师范高等专科学校,2023,福建,专科批,物理类,,,400,121168,
8126,楚雄医药高等专科学校,2023,福建,专科批,物理类,,,396,104590,
8127,大连职业技术学院,2023,福建,专科批,物理类,,,374,129538,
8128,德阳城市轨道交通职业学院,2023,福建,专科批,物理类,,,306,152388,
8129,德阳农业科技职业学院,2023,福建,专科批,物理类,,,414,112575,
8130,东莞职业技术学院,2023,福建,专科批,物理类,,,387,108635,
8131,鄂州职业大学,2023,福建,专科批,物理类,,,395,124071,
8132,恩施职业技术学院,2023,福建,专科批,物理类,,,381,131599,
8133,抚州幼儿师范高等专科学校,2023,福建,专科批,物理类,,,384,122347,
8134,抚州职业技术学院,2023,福建,专科批,物理类,,,384,120552,
8135,赣南卫生健康职业学院,2023,福建,专科批,物理类,,,391,109966,
8136,赣西科技职业学院,2023,福建,专科批,物理类,,,396,123547,
8137,赣州师范高等专科学校,2023,福建,专科批,物理类,,,390,107330,
8139,广东工贸职业技术学院,2023,福建,专科批,物理类,,,403,106639,
8140,广东环境保护工程职业学院,2023,福建,专科批,物理类,,,390,126910,
8141,广东机电职业技术学院,2023,福建,专科批,物理类,,,417,109966,
8142,广东交通职业技术学院,2023,福建,专科批,物理类,,,394,107960,
8144,广东科学技术职业学院,2023,福建,专科批,物理类,,,421,100544,
8145,广东岭南职业技术学院,2023,福建,专科批,物理类,,,370,119960,
8146,广东食品药品职业学院,2023,福建,专科批,物理类,,,412,111922,
8148,广西电力职业技术学院,2023,福建,专科批,物理类,,,395,118205,
8149,广西工业职业技术学院,2023,福建,专科批,物理类,,,384,126910,
8150,广西国际商务职业技术学院,2023,福建,专科批,物理类,,,373,127977,
8151,广西建设职业技术学院,2023,福建,专科批,物理类,,,384,130035,
8152,广西科技职业学院,2023,福建,专科批,物理类,,,357,142371,
8153,广西卫生职业技术学院,2023,福建,专科批,物理类,,,394,116990,
8154,广西物流职业技术学院,2023,福建,专科批,物理类,,,368,137817,
8155,广西英华国际职业学院,2023,福建,专科批,物理类,,,326,152625,
8156,广西幼儿师范高等专科学校,2023,福建,专科批,物理类,,,382,127417,
8157,广西自然资源职业技术学院,2023,福建,专科批,物理类,,,337,127977,
8158,广元中核职业技术学院,2023,福建,专科批,物理类,,,348,145784,
8159,广州城市职业学院,2023,福建,专科批,物理类,,,397,105293,
8160,广州番禺职业技术学院,2023,福建,专科批,物理类,,,421,107960,
8161,广州华立科技职业学院,2023,福建,专科批,物理类,,,328,126373,
8162,广州华南商贸职业学院,2023,福建,专科批,物理类,,,299,127417,
8163,广州康大职业技术学院,2023,福建,专科批,物理类,,,369,124658,
8164,广州科技贸易职业学院,2023,福建,专科批,物理类,,,380,115088,
8165,广州民航职业技术学院,2023,福建,专科批,物理类,,,412,77214,
8166,广州铁路职业技术学院,2023,福建,专科批,物理类,,,405,108635,
8167,广州卫生职业技术学院,2023,福建,专科批,物理类,,,376,96368,
8169,桂林生命与健康职业技术学院,2023,福建,专科批,物理类,,,366,133119,
8171,贵州电子信息职业技术学院,2023,福建,专科批,物理类,,,375,127417,
8172,贵州交通职业技术学院,2023,福建,专科批,物理类,,,396,111922,
8173,贵州水利水电职业技术学院,2023,福建,专科批,物理类,,,336,149755,
8174,哈尔滨铁道职业技术学院,2023,福建,专科批,物理类,,,394,123547,
8175,海南工商职业学院rr,2023,福建,专科批,物理类,,,291,138271,
8176,海南经贸职业技术学院,2023,福建,专科批,物理类,,,404,118815,
8177,海南软件职业技术学院,2023,福建,专科批,物理类,,,359,121767,
8179,海南外国语职业学院,2023,福建,专科批,物理类,,,332,130546,
8180,海南卫生健康职业学院,2023,福建,专科批,物理类,,,382,116334,
8181,海南政法职业学院,2023,福建,专科批,物理类,,,382,99846,
8182,海南职业技术学院,2023,福建,专科批,物理类,,,345,126910,
8183,杭州职业技术学院,2023,福建,专科批,物理类,,,417,97079,
8185,河北轨道运输职业技术学院,2023,福建,专科批,物理类,,,395,117594,
8186,河北化工医药职业技术学院,2023,福建,专科批,物理类,,,382,130035,
8187,河北交通职业技术学院,2023,福建,专科批,物理类,,,386,124658,
8188,河北能源职业技术学院,2023,福建,专科批,物理类,,,370,136874,
8191,鹤岗师范高等专科学校,2023,福建,专科批,物理类,,,321,153901,
8192,和君职业学院,2023,福建,专科批,物理类,,,240,144308,
8193,河南测绘职业学院,2023,福建,专科批,物理类,,,383,120552,
8194,河南经贸职业学院,2023,福建,专科批,物理类,,,383,128540,
8195,河南医学高等专科学校,2023,福建,专科批,物理类,,,403,119409,
8196,河源职业技术学院,2023,福建,专科批,物理类,,,379,132611,
8197,黑龙江建筑职业技术学院,2023,福建,专科批,物理类,,,380,118815,
8198,黑龙江交通职业技术学院,2023,福建,专科批,物理类,,,391,125248,
8199,黑龙江林业职业技术学院,2023,福建,专科批,物理类,,,356,133581,
8200,黑龙江农垦职业学院,2023,福建,专科批,物理类,,,384,129538,
8201,湖北财税职业学院,2023,福建,专科批,物理类,,,401,116990,
8202,湖北城市建设职业技术学院,2023,福建,专科批,物理类,,,386,118205,
8203,湖北国土资源职业学院,2023,福建,专科批,物理类,,,362,140394,
8204,湖北交通职业技术学院,2023,福建,专科批,物理类,,,390,126910,
8205,湖北科技职业学院,2023,福建,专科批,物理类,,,384,130035,
8206,湖北轻工职业技术学院,2023,福建,专科批,物理类,,,391,126373,
8207,湖北三峡职业技术学院,2023,福建,专科批,物理类,,,385,96368,
8208,湖北生态工程职业技术学院,2023,福建,专科批,物理类,,,380,120552,
8209,湖北水利水电职业技术学院,2023,福建,专科批,物理类,,,395,118815,
8210,湖北铁道运输职业学院,2023,福建,专科批,物理类,,,396,118205,
8212,湖北幼儿师范高等专科学校,2023,福建,专科批,物理类,,,380,132099,
8213,湖北职业技术学院,2023,福建,专科批,物理类,,,395,100544,
8214,湖北中医药高等专科学校,2023,福建,专科批,物理类,,,392,107960,
8215,湖南安全技术职业学院,2023,福建,专科批,物理类,,,378,133119,
8216,湖南财经工业职业技术学院,2023,福建,专科批,物理类,,,393,119409,
8217,湖南城建职业技术学院,2023,福建,专科批,物理类,,,393,125248,
8218,湖南大众传媒职业技术学院,2023,福建,专科批,物理类,,,389,104590,
8220,湖南高速铁路职业技术学院,2023,福建,专科批,物理类,,,399,105938,
8221,湖南工程职业技术学院,2023,福建,专科批,物理类,,,374,108635,
8222,湖南工业职业技术学院,2023,福建,专科批,物理类,,,398,121168,
8224,湖南化工职业技术学院,2023,福建,专科批,物理类,,,390,115721,
8225,湖南环境生物职业技术学院,2023,福建,专科批,物理类,,,384,101885,
8226,湖南交通职业技术学院,2023,福建,专科批,物理类,,,394,118815,
8227,湖南科技职业学院,2023,福建,专科批,物理类,,,395,124071,
8228,湖南汽车工程职业学院,2023,福建,专科批,物理类,,,407,116990,
8229,湖南商务职业技术学院,2023,福建,专科批,物理类,,,389,127417,
8230,湖南石油化工职业技术学院,2023,福建,专科批,物理类,,,407,105938,
8231,湖南司法警官职业学院,2023,福建,专科批,物理类,,,385,126910,
8233,湖南铁道职业技术学院,2023,福建,专科批,物理类,,,392,111922,
8234,湖南铁路科技职业技术学院,2023,福建,专科批,物理类,,,397,109302,
8235,湖南外国语职业学院,2023,福建,专科批,物理类,,,366,133581,
8236,湖南信息职业技术学院,2023,福建,专科批,物理类,,,398,105293,
8237,湖南邮电职业技术学院,2023,福建,专科批,物理类,,,400,121168,
8238,湖南有色金属职业技术学院,2023,福建,专科批,物理类,,,392,125823,
8239,吉安职业技术学院,2023,福建,专科批,物理类,,,378,122940,
8240,吉林司法警官职业学院,2023,福建,专科批,物理类,,,391,126373,
8241,吉林铁道职业技术学院,2023,福建,专科批,物理类,,,404,118205,
8243,江海职业技术学院,2023,福建,专科批,物理类,,,269,127417,
8245,江门职业技术学院,2023,福建,专科批,物理类,,,401,109302,
8246,江苏安全技术职业学院,2023,福建,专科批,物理类,,,394,122940,
8247,江苏海事职业技术学院,2023,福建,专科批,物理类,,,476,70505,
8248,江苏护理职业学院,2023,福建,专科批,物理类,,,397,113839,
8249,江苏经贸职业技术学院,2023,福建,专科批,物理类,,,417,107960,
8250,江苏旅游职业学院,2023,福建,专科批,物理类,,,381,122347,
8251,江苏农林职业技术学院,2023,福建,专科批,物理类,,,417,110648,
8252,江苏农牧科技职业学院,2023,福建,专科批,物理类,,,403,101885,
8253,江苏商贸职业学院,2023,福建,专科批,物理类,,,400,109302,
8254,江苏食品药品职业技术学院,2023,福建,专科批,物理类,,,382,121767,
8255,江苏医药职业学院,2023,福建,专科批,物理类,,,402,114494,
8256,江西财经职业学院,2023,福建,专科批,物理类,,,392,116334,
8257,江西传媒职业学院,2023,福建,专科批,物理类,,,390,124658,
8258,江西电力职业技术学院,2023,福建,专科批,物理类,,,425,100544,
8259,江西工程职业学院,2023,福建,专科批,物理类,,,382,122347,
8260,江西工商职业技术学院,2023,福建,专科批,物理类,,,315,127417,
8261,江西工业工程职业技术学院,2023,福建,专科批,物理类,,,384,127417,
8262,江西工业贸易职业技术学院,2023,福建,专科批,物理类,,,383,125823,
8263,江西工业职业技术学院,2023,福建,专科批,物理类,,,358,133581,
8264,江西航空职业技术学院,2023,福建,专科批,物理类,,,359,124071,
8266,江西环境工程职业学院,2023,福建,专科批,物理类,,,394,122347,
8267,江西机电职业技术学院,2023,福建,专科批,物理类,,,371,118205,
8268,江西建设职业技术学院,2023,福建,专科批,物理类,,,384,127417,
8269,江西交通职业技术学院,2023,福建,专科批,物理类,,,395,113221,
8270,江西科技职业学院,2023,福建,专科批,物理类,,,332,133119,
8271,江西农业工程职业学院,2023,福建,专科批,物理类,,,374,109302,
8272,江西生物科技职业学院,2023,福建,专科批,物理类,,,420,105938,
8273,江西师范高等专科学校,2023,福建,专科批,物理类,,,402,113221,
8274,江西司法警官职业学院,2023,福建,专科批,物理类,,,381,113839,
8277,江西婺源茶业职业学院,2023,福建,专科批,物理类,,,335,131081,
8278,江西现代职业技术学院,2023,福建,专科批,物理类,,,393,121168,
8279,江西信息应用职业技术学院,2023,福建,专科批,物理类,,,388,114494,
8281,江西医学高等专科学校,2023,福建,专科批,物理类,,,387,110648,
8282,江西应用技术职业学院,2023,福建,专科批,物理类,,,389,108635,
8283,江西制造职业技术学院,2023,福建,专科批,物理类,,,389,123547,
8285,焦作大学,2023,福建,专科批,物理类,,,410,115088,
8286,金华职业技术学院,2023,福建,专科批,物理类,,,430,81212,
8287,金山职业技术学院,2023,福建,专科批,物理类,,,336,149755,
8289,荆门职业学院,2023,福建,专科批,物理类,,,387,117594,
8290,荆州理工职业学院,2023,福建,专科批,物理类,,,381,125823,
8292,九江理工职业学院,2023,福建,专科批,物理类,,,310,129538,
8293,九江职业大学,2023,福建,专科批,物理类,,,383,112575,
8294,九江职业技术学院,2023,福建,专科批,物理类,,,411,107330,
8295,开封大学,2023,福建,专科批,物理类,,,412,101885,
8296,昆明卫生职业学院,2023,福建,专科批,物理类,,,369,105293,
8298,廊坊卫生职业学院,2023,福建,专科批,物理类,,,389,121168,
8299,廊坊职业技术学院,2023,福建,专科批,物理类,,,377,132099,
8300,丽水职业技术学院,2023,福建,专科批,物理类,,,402,119960,
8301,连云港师范高等专科学校,2023,福建,专科批,物理类,,,407,116990,
8302,连云港职业技术学院,2023,福建,专科批,物理类,,,402,119960,
8303,辽宁机电职业技术学院,2023,福建,专科批,物理类,,,374,126910,
8304,辽宁铁道职业技术学院,2023,福建,专科批,物理类,,,395,122347,
8305,临汾职业技术学院,2023,福建,专科批,物理类,,,384,117594,
8306,泸州医疗器械职业学院,2023,福建,专科批,物理类,,,339,138271,
8307,漯河医学高等专科学校,2023,福建,专科批,物理类,,,395,102597,
8308,漯河职业技术学院,2023,福建,专科批,物理类,,,373,135044,
8310,眉山药科职业学院,2023,福建,专科批,物理类,,,290,160128,
8311,绵阳飞行职业学院,2023,福建,专科批,物理类,,,256,125823,
8312,民办四川天一学院,2023,福建,专科批,物理类,,,267,157533,
8313,南充科技职业学院,2023,福建,专科批,物理类,,,301,137817,
8314,南京科技职业学院,2023,福建,专科批,物理类,,,408,97790,
8315,南京旅游职业学院,2023,福建,专科批,物理类,,,338,114494,
8317,南京铁道职业技术学院,2023,福建,专科批,物理类,,,410,81882,
8318,南京信息职业技术学院,2023,福建,专科批,物理类,,,415,85992,
8319,宁波城市职业技术学院,2023,福建,专科批,物理类,,,380,110648,
8320,盘锦职业技术学院,2023,福建,专科批,物理类,,,371,136422,
8321,萍乡卫生职业学院,2023,福建,专科批,物理类,,,393,121168,
8322,黔东南民族职业技术学院,2023,福建,专科批,物理类,,,393,97790,
8323,钦州幼儿师范高等专科学校,2023,福建,专科批,物理类,,,364,139578,
8324,青岛港湾职业技术学院,2023,福建,专科批,物理类,,,378,109302,
8325,青岛酒店管理职业技术学院,2023,福建,专科批,物理类,,,397,122940,
8326,曲靖医学高等专科学校,2023,福建,专科批,物理类,,,396,123547,
8327,衢州职业技术学院,2023,福建,专科批,物理类,,,383,130546,
8328,三峡电力职业学院,2023,福建,专科批,物理类,,,404,118815,
8329,三亚航空旅游职业学院,2023,福建,专科批,物理类,,,360,130035,
8330,三亚理工职业学院,2023,福建,专科批,物理类,,,375,134549,
8332,山东工程职业技术大学,2023,福建,专科批,物理类,,,301,145420,
8333,山东化工职业学院,2023,福建,专科批,物理类,,,420,108635,
8334,山东力明科技职业学院,2023,福建,专科批,物理类,,,356,109302,
8335,山东铝业职业学院,2023,福建,专科批,物理类,,,370,136874,
8336,山东水利职业学院,2023,福建,专科批,物理类,,,379,124658,
8338,山东信息职业技术学院,2023,福建,专科批,物理类,,,368,107960,
8339,山东畜牧兽医职业学院,2023,福建,专科批,物理类,,,419,109302,
8340,山东职业学院,2023,福建,专科批,物理类,,,389,115721,
8343,陕西交通职业技术学院,2023,福建,专科批,物理类,,,384,109302,
8344,陕西旅游烹饪职业学院,2023,福建,专科批,物理类,,,331,151244,
8345,陕西铁路工程职业技术学院,2023,福建,专科批,物理类,,,410,109966,
8347,上海邦德职业技术学院,2023,福建,专科批,物理类,,,380,118205,
8348,上海城建职业学院,2023,福建,专科批,物理类,,,399,107330,
8349,上海出版印刷高等专科学校,2023,福建,专科批,物理类,,,403,111922,
8351,上海电子信息职业技术学院,2023,福建,专科批,物理类,,,413,99846,
8352,上海东海职业技术学院,2023,福建,专科批,物理类,,,362,140394,
8353,上海工商外国语职业学院,2023,福建,专科批,物理类,,,345,132099,
8354,上海工商职业技术学院,2023,福建,专科批,物理类,,,343,122347,
8355,上海工艺美术职业学院,2023,福建,专科批,物理类,,,415,107330,
8356,上海济光职业技术学院,2023,福建,专科批,物理类,,,372,119960,
8357,上海科学技术职业学院,2023,福建,专科批,物理类,,,379,109302,
8358,上海旅游高等专科学校,2023,福建,专科批,物理类,,,405,118205,
8359,上海民航职业技术学院,2023,福建,专科批,物理类,,,398,114494,
8360,上海南湖职业技术学院,2023,福建,专科批,物理类,,,369,125823,
8361,上海农林职业技术学院,2023,福建,专科批,物理类,,,403,105293,
8362,上海思博职业技术学院,2023,福建,专科批,物理类,,,346,127977,
8363,上海行健职业学院,2023,福建,专科批,物理类,,,390,104590,
8364,上海震旦职业学院,2023,福建,专科批,物理类,,,323,139992,
8365,商洛职业技术学院,2023,福建,专科批,物理类,,,388,127977,
8366,商丘医学高等专科学校,2023,福建,专科批,物理类,,,408,105293,
8367,上饶幼儿师范高等专科学校,2023,福建,专科批,物理类,,,396,115721,
8369,绍兴职业技术学院,2023,福建,专科批,物理类,,,380,132099,
8370,深圳职业技术大学,2023,福建,专科批,物理类,,,448,72469,
8371,石家庄科技信息职业学院,2023,福建,专科批,物理类,,,312,131081,
8372,石家庄人民医学高等专科学校,2023,福建,专科批,物理类,,,392,105938,
8373,石家庄铁路职业技术学院,2023,福建,专科批,物理类,,,401,116990,
8374,石家庄医学高等专科学校,2023,福建,专科批,物理类,,,394,107960,
8375,石家庄邮电职业技术学院,2023,福建,专科批,物理类,,,398,81212,
8376,顺德职业技术学院,2023,福建,专科批,物理类,,,418,102597,
8377,四川电子机械职业技术学院,2023,福建,专科批,物理类,,,260,132099,
8378,四川工程职业技术学院,2023,福建,专科批,物理类,,,415,86686,
8379,四川国际标榜职业学院,2023,福建,专科批,物理类,,,276,161974,
8380,四川航天职业技术学院,2023,福建,专科批,物理类,,,408,116334,
8381,四川建筑职业技术学院,2023,福建,专科批,物理类,,,380,131599,
8382,四川交通职业技术学院,2023,福建,专科批,物理类,,,411,114494,
8383,四川科技职业学院,2023,福建,专科批,物理类,,,394,124658,
8384,四川汽车职业技术学院,2023,福建,专科批,物理类,,,298,152093,
8385,四川司法警官职业学院,2023,福建,专科批,物理类,,,402,119960,
8386,四川托普信息技术职业学院,2023,福建,专科批,物理类,,,270,150047,
8387,四川卫生康复职业学院,2023,福建,专科批,物理类,,,394,120552,
8388,四川文化产业职业学院,2023,福建,专科批,物理类,,,386,121168,
8389,四川西南航空职业学院,2023,福建,专科批,物理类,,,301,131599,
8390,四川希望汽车职业学院,2023,福建,专科批,物理类,,,321,133581,
8391,四川应用技术职业学院,2023,福建,专科批,物理类,,,275,157910,
8392,宿迁职业技术学院,2023,福建,专科批,物理类,,,373,129538,
8393,苏州百年职业学院,2023,福建,专科批,物理类,,,237,128540,
8395,苏州工业园区服务外包职业学院,2023,福建,专科批,物理类,,,406,117594,
8396,苏州工业职业技术学院,2023,福建,专科批,物理类,,,410,106639,
8398,苏州卫生职业技术学院,2023,福建,专科批,物理类,,,413,102597,
8399,苏州职业大学,2023,福建,专科批,物理类,,,413,105938,
8401,台州科技职业学院,2023,福建,专科批,物理类,,,383,130546,
8402,唐山幼儿师范高等专科学校,2023,福建,专科批,物理类,,,377,125823,
8403,天府新区航空旅游职业学院,2023,福建,专科批,物理类,,,248,135948,
8404,天津滨海职业学院,2023,福建,专科批,物理类,,,379,121767,
8405,天津城市职业学院,2023,福建,专科批,物理类,,,359,141584,
8406,天津电子信息职业技术学院,2023,福建,专科批,物理类,,,404,115721,
8407,天津公安警官职业学院,2023,福建,专科批,物理类,,,402,119960,
8409,天津国土资源和房屋职业学院,2023,福建,专科批,物理类,,,376,134049,
8410,天津海运职业学院,2023,福建,专科批,物理类,,,372,122940,
8411,天津交通职业学院,2023,福建,专科批,物理类,,,406,117594,
8412,天津轻工职业技术学院,2023,福建,专科批,物理类,,,402,119960,
8413,天津商务职业学院,2023,福建,专科批,物理类,,,382,115721,
8415,天津市职业大学,2023,福建,专科批,物理类,,,413,109966,
8417,天津铁道职业技术学院,2023,福建,专科批,物理类,,,410,115088,
8418,天津现代职业技术学院,2023,福建,专科批,物理类,,,397,117594,
8420,天津医学高等专科学校,2023,福建,专科批,物理类,,,385,121168,
8421,铜仁职业技术学院,2023,福建,专科批,物理类,,,367,104590,
8422,温州科技职业学院,2023,福建,专科批,物理类,,,392,115721,
8423,温州职业技术学院,2023,福建,专科批,物理类,,,410,101885,
8424,武昌职业学院,2023,福建,专科批,物理类,,,372,135948,
8425,武汉城市职业学院,2023,福建,专科批,物理类,,,413,107330,
8426,武汉船舶职业技术学院,2023,福建,专科批,物理类,,,397,113221,
8427,武汉工程职业技术学院,2023,福建,专科批,物理类,,,377,115088,
8428,武汉交通职业学院,2023,福建,专科批,物理类,,,390,113839,
8429,武汉警官职业学院,2023,福建,专科批,物理类,,,,,
8430,武汉软件工程职业学院,2023,福建,专科批,物理类,,,429,102597,
8431,武汉铁路桥梁职业学院,2023,福建,专科批,物理类,,,393,118205,
8432,武汉铁路职业技术学院,2023,福建,专科批,物理类,,,373,81212,
8433,武汉信息传播职业技术学院,2023,福建,专科批,物理类,,,364,118205,
8434,武汉职业技术学院,2023,福建,专科批,物理类,,,423,102597,
8435,无锡城市职业技术学院,2023,福建,专科批,物理类,,,402,102597,
8437,西安海棠职业学院,2023,福建,专科批,物理类,,,352,118815,
8438,西安航空职业技术学院,2023,福建,专科批,物理类,,,412,107330,
8439,西安汽车职业大学,2023,福建,专科批,物理类,,,284,124658,
8440,西安铁路职业技术学院,2023,福建,专科批,物理类,,,408,113221,
8441,西藏职业技术学院,2023,福建,专科批,物理类,,,348,131599,
8442,咸宁职业技术学院,2023,福建,专科批,物理类,,,366,123547,
8443,仙桃职业学院,2023,福建,专科批,物理类,,,393,121767,
8444,湘潭医卫职业技术学院,2023,福建,专科批,物理类,,,390,103277,
8445,襄阳汽车职业技术学院,2023,福建,专科批,物理类,,,380,127977,
8446,信阳职业技术学院,2023,福建,专科批,物理类,,,385,114494,
8447,邢台医学高等专科学校,2023,福建,专科批,物理类,,,384,121767,
8448,宣城职业技术学院,2023,福建,专科批,物理类,,,384,129033,
8449,雅安职业技术学院,2023,福建,专科批,物理类,,,397,122940,
8450,烟台黄金职业学院,2023,福建,专科批,物理类,,,300,158453,
8451,扬州中瑞酒店职业学院,2023,福建,专科批,物理类,,,,,
8452,宜春幼儿师范高等专科学校,2023,福建,专科批,物理类,,,399,121767,
8453,宜春职业技术学院,2023,福建,专科批,物理类,,,396,118815,
8454,义乌工商职业技术学院,2023,福建,专科批,物理类,,,383,113839,
8455,益阳医学高等专科学校,2023,福建,专科批,物理类,,,406,74446,
8456,永城职业学院,2023,福建,专科批,物理类,,,384,130035,
8457,永州职业技术学院,2023,福建,专科批,物理类,,,398,103938,
8458,岳阳职业技术学院,2023,福建,专科批,物理类,,,387,118205,
8459,云南国土资源职业学院,2023,福建,专科批,物理类,,,398,121168,
8460,云南经贸外事职业学院,2023,福建,专科批,物理类,,,323,138722,
8461,云南理工职业学院,2023,福建,专科批,物理类,,,255,129033,
8462,云南林业职业技术学院,2023,福建,专科批,物理类,,,374,106639,
8463,云南医药健康职业学院,2023,福建,专科批,物理类,,,382,108635,
8464,枣庄科技职业学院,2023,福建,专科批,物理类,,,387,128540,
8465,枣庄职业学院,2023,福建,专科批,物理类,,,352,105293,
8466,张家界航空工业职业技术学院,2023,福建,专科批,物理类,,,356,113839,
8467,浙江工商职业技术学院,2023,福建,专科批,物理类,,,409,109302,
8468,浙江机电职业技术学院,2023,福建,专科批,物理类,,,417,97079,
8469,浙江建设职业技术学院,2023,福建,专科批,物理类,,,404,107330,
8470,浙江金融职业学院,2023,福建,专科批,物理类,,,423,101885,
8471,浙江经济职业技术学院,2023,福建,专科批,物理类,,,412,107330,
8472,浙江经贸职业技术学院,2023,福建,专科批,物理类,,,400,107330,
8473,浙江旅游职业学院,2023,福建,专科批,物理类,,,400,105293,
8474,浙江农业商贸职业学院,2023,福建,专科批,物理类,,,382,121767,
8475,浙江商业职业技术学院,2023,福建,专科批,物理类,,,402,109302,
8476,浙江同济科技职业学院,2023,福建,专科批,物理类,,,397,107330,
8477,浙江邮电职业技术学院,2023,福建,专科批,物理类,,,404,110648,
8478,镇江市高等专科学校,2023,福建,专科批,物理类,,,403,107960,
8479,郑州铁路职业技术学院,2023,福建,专科批,物理类,,,414,112575,
8482,资阳环境科技职业学院,2023,福建,专科批,物理类,,,334,116990,
8483,资阳口腔职业学院,2023,福建,专科批,物理类,,,298,144308,
8484,遵义医药高等专科学校,2023,福建,专科批,物理类,,,407,116990,
8485,遵义职业技术学院,2023,福建,专科批,物理类,,,389,127417,
1028,福建理工大学,2023,福建,地方农村专项计划,物理类,,,,,
1030,福建农林大学,2023,福建,地方农村专项计划,物理类,,,,,
1052,福建师范大学,2023,福建,地方农村专项计划,物理类,,,,,
1081,福建医科大学,2023,福建,地方农村专项计划,物理类,,,,,
1089,福建中医药大学,2023,福建,地方农村专项计划,物理类,,,,,
1099,福州大学,2023,福建,地方农村专项计划,物理类,,,,,
1113,集美大学,2023,福建,地方农村专项计划,物理类,,,,,
1129,闽江学院,2023,福建,地方农村专项计划,物理类,,,,,
1142,闽南师范大学,2023,福建,地方农村专项计划,物理类,,,,,
1170,泉州师范学院,2023,福建,地方农村专项计划,物理类,,,,,
1228,厦门理工学院,2023,福建,地方农村专项计划,物理类,,,,,
1001,福建技术师范学院,2023,福建,本科批,物理类,,,478,62162,
1002,福建江夏学院,2023,福建,本科批,物理类,,,500,39382,
1003,福建江夏学院(国际课程项目),2023,福建,本科批,物理类,,,446,83958,
1004,福建江夏学院(闽台合作),2023,福建,本科批,物理类,,,477,52513,
1006,福建警察学院,2023,福建,本科批,物理类,,,504,53083,
1028,福建理工大学,2023,福建,本科批,物理类,,,536,27972,
1029,福建理工大学(闽台合作),2023,福建,本科批,物理类,,,506,51923,
1030,福建农林大学,2023,福建,本科批,物理类,,,523,23835,
1031,福建农林大学(定向专业，长汀县),2023,福建,本科批,物理类,,,550,29301,
1032,福建农林大学(定向专业，福清市),2023,福建,本科批,物理类,,,611,8691,
1033,福建农林大学(定向专业，建宁县),2023,福建,本科批,物理类,,,,,
1034,福建农林大学(定向专业，连城县),2023,福建,本科批,物理类,,,524,41989,
1035,福建农林大学(定向专业，罗源县),2023,福建,本科批,物理类,,,557,26338,
1036,福建农林大学(定向专业，闽清县),2023,福建,本科批,物理类,,,581,17227,
1037,福建农林大学(定向专业，上杭县),2023,福建,本科批,物理类,,,550,29301,
1038,福建农林大学(定向专业，邵武市),2023,福建,本科批,物理类,,,525,41449,
1039,福建农林大学(定向专业，寿宁县),2023,福建,本科批,物理类,,,520,44116,
1040,福建农林大学(定向专业，延平区),2023,福建,本科批,物理类,,,526,40930,
1041,福建农林大学(定向专业，永定区),2023,福建,本科批,物理类,,,546,31148,
1042,福建农林大学(定向专业：永泰县),2023,福建,本科批,物理类,,,553,25090,
1043,福建农林大学(定向专业，尤溪县),2023,福建,本科批,物理类,,,544,28850,
1044,福建农林大学(定向专业：漳平市),2023,福建,本科批,物理类,,,559,14602,
1045,福建农林大学(定向专业，漳浦县),2023,福建,本科批,物理类,,,583,16578,
1046,福建农林大学(定向专业，柘荣县),2023,福建,本科批,物理类,,,,,
1047,福建农林大学(中外合作),2023,福建,本科批,物理类,,,504,53083,
1048,福建农林大学金山学院,2023,福建,本科批,物理类,,,456,73813,
1049,福建农林大学金山学院(中外合作),2023,福建,本科批,物理类,,,451,87329,
1050,福建商学院,2023,福建,本科批,物理类,,,473,72469,
1051,福建商学院(闽台合作),2023,福建,本科批,物理类,,,461,80535,
1052,福建师范大学,2023,福建,本科批,物理类,,,542,14602,
1075,福建师范大学(中日合作),2023,福建,本科批,物理类,,,552,27162,
1077,福建师范大学(中英合作),2023,福建,本科批,物理类,,,540,30694,
1078,福建师范大学协和学院,2023,福建,本科批,物理类,,,454,85273,
1079,福建师范大学协和学院(国际课程项目),2023,福建,本科批,物理类,,,445,91506,
1080,福建医科大学(临床医学5十3一体化),2023,福建,本科批,物理类,,,626,5561,
1081,福建医科大学,2023,福建,本科批,物理类,,,526,40930,
1089,福建中医药大学,2023,福建,本科批,物理类,,,539,34443,
1097,福建中医药大学(闽台合作),2023,福建,本科批,物理类,,,491,60909,
1098,福建中医药大学(中外合作),2023,福建,本科批,物理类,,,490,61531,
1099,福州大学,2023,福建,本科批,物理类,,,590,7202,
1100,福州大学(地矿专业),2023,福建,本科批,物理类,,,559,23081,
1101,福州大学(面向泉州),2023,福建,本科批,物理类,,,587,15263,
1103,福州大学(闽台合作),2023,福建,本科批,物理类,,,572,17914,
1104,福州大学(中外合作),2023,福建,本科批,物理类,,,568,20091,
1105,福州大学至诚学院,2023,福建,本科批,物理类,,,466,77214,
1106,福州工商学院,2023,福建,本科批,物理类,,,423,92208,
1107,福州理工学院,2023,福建,本科批,物理类,,,431,101225,
1108,福州外语外贸学院,2023,福建,本科批,物理类,,,432,83256,
1109,华侨大学,2023,福建,本科批,物理类,,,545,31583,
1110,华侨大学(临床医学),2023,福建,本科批,物理类,,,567,22351,
1111,华侨大学(面向泉州),2023,福建,本科批,物理类,,,561,24689,
1112,华侨大学(面向厦门),2023,福建,本科批,物理类,,,552,28395,
1113,集美大学,2023,福建,本科批,物理类,,,489,21562,
1123,集美大学(面向厦门),2023,福建,本科批,物理类,,,457,22351,
1124,集美大学(中高计划),2023,福建,本科批,物理类,,,449,54247,
1125,集美大学诚毅学院,2023,福建,本科批,物理类,,,466,77214,
1126,龙岩学院,2023,福建,本科批,物理类,,,486,50756,
1127,龙岩学院(面向龙岩),2023,福建,本科批,物理类,,,470,53668,
1128,龙岩学院(闽台合作),2023,福建,本科批,物理类,,,468,75166,
1129,闽江学院,2023,福建,本科批,物理类,,,520,44116,
1135,闽江学院(国际课程项自),2023,福建,本科批,物理类,,,478,69184,
1136,闽江学院(面向福州),2023,福建,本科批,物理类,,,520,44116,
1137,闽江学院(闽台合作),2023,福建,本科批,物理类,,,488,62787,
1138,闽江学院(新华都商学院),2023,福建,本科批,物理类,,,521,43600,
1139,闽江学院(中外合作),2023,福建,本科批,物理类,,,431,101225,
1140,闽南科技学院,2023,福建,本科批,物理类,,,431,85992,
1141,闽南理工学院,2023,福建,本科批,物理类,,,426,90055,
1142,闽南师范大学,2023,福建,本科批,物理类,,,511,35395,
1153,闽南师范大学(闽台合作),2023,福建,本科批,物理类,,,492,57223,
1154,闽南师范大学(中高计划),2023,福建,本科批,物理类,,,436,95657,
1155,宁德师范学院,2023,福建,本科批,物理类,,,488,50756,
1156,宁德师范学院(面向宁德),2023,福建,本科批,物理类,,,478,54817,
1157,宁德师范学院(闽台合作),2023,福建,本科批,物理类,,,464,71825,
1158,莆田学院,2023,福建,本科批,物理类,,,492,60281,
1165,莆田学院(临床医学),2023,福建,本科批,物理类,,,525,41449,
1166,莆田学院(面向莆田),2023,福建,本科批,物理类,,,493,59642,
1167,莆田学院(面向莆田：临床医学),2023,福建,本科批,物理类,,,524,41989,
1168,莆田学院(闽台合作),2023,福建,本科批,物理类,,,484,65387,
1169,莆田学院(中外合作),2023,福建,本科批,物理类,,,456,83958,
1170,泉州师范学院,2023,福建,本科批,物理类,,,496,48455,
1187,泉州师范学院(面向泉州),2023,福建,本科批,物理类,,,495,58408,
1188,泉州师范学院(闽台合作),2023,福建,本科批,物理类,,,470,71151,
1189,泉州师范学院(软件类),2023,福建,本科批,物理类,,,507,51307,
1190,泉州信息工程学院,2023,福建,本科批,物理类,,,437,97079,
1191,泉州信息工程学院(中外合作),2023,福建,本科批,物理类,,,437,97079,
1192,泉州职业技术大学,2023,福建,本科批,物理类,,,431,101225,
1193,三明学院,2023,福建,本科批,物理类,,,484,64084,
1204,三明学院(国际课程项目),2023,福建,本科批,物理类,,,471,73813,
1205,三明学院(面向三明),2023,福建,本科批,物理类,,,479,68538,
1206,三明学院(闽台合作),2023,福建,本科批,物理类,,,465,76520,
1207,武夷学院,2023,福建,本科批,物理类,,,479,68538,
1218,武夷学院(面向南平),2023,福建,本科批,物理类,,,470,74446,
1219,武夷学院(闽台合作),2023,福建,本科批,物理类,,,460,81212,
1220,厦门大学,2023,福建,本科批,物理类,,,635,1693,
1221,厦门大学(马来西亚分校),2023,福建,本科批,物理类,,,569,16241,
1222,厦门大学(面向厦门),2023,福建,本科批,物理类,,,626,5561,
1223,厦门大学(面向漳州),2023,福建,本科批,物理类,,,638,3546,
1224,厦门大学(医学类),2023,福建,本科批,物理类,,,616,7608,
1225,厦门大学嘉庚学院,2023,福建,本科批,物理类,,,464,56616,
1226,厦门工学院,2023,福建,本科批,物理类,,,439,83958,
1227,厦门华厦学院,2023,福建,本科批,物理类,,,443,92955,
1228,厦门理工学院,2023,福建,本科批,物理类,,,524,41989,
1229,厦门理工学院(国际课程项目),2023,福建,本科批,物理类,,,507,51307,
1230,厦门理工学院(面向厦门),2023,福建,本科批,物理类,,,507,51307,
1231,厦门理工学院(闽台合作),2023,福建,本科批,物理类,,,501,54817,
1232,厦门理工学院(闽台合作，面向厦门),2023,福建,本科批,物理类,,,496,57790,
1233,厦门理工学院(中外合作),2023,福建,本科批,物理类,,,522,43036,
1234,厦门医学院,2023,福建,本科批,物理类,,,497,54817,
1241,仰恩大学,2023,福建,本科批,物理类,,,448,79868,
1242,阳光学院,2023,福建,本科批,物理类,,,431,101225,
2244,安徽财经大学,2023,福建,本科批,物理类,,,468,23444,
2245,安徽财经大学(中外合作),2023,福建,本科批,物理类,,,529,39382,
2246,安徽大学,2023,福建,本科批,物理类,,,590,10637,
2247,安徽大学(中外合作),2023,福建,本科批,物理类,,,560,17914,
2248,安徽工程大学,2023,福建,本科批,物理类,,,495,58408,
2249,安徽工程大学(中外合作),2023,福建,本科批,物理类,,,514,47320,
2250,安徽工业大学,2023,福建,本科批,物理类,,,537,35395,
2251,安徽建筑大学,2023,福建,本科批,物理类,,,523,42498,
2252,安徽科技学院,2023,福建,本科批,物理类,,,492,50756,
2253,安徽理工大学,2023,福建,本科批,物理类,,,514,47320,
2254,安徽理工大学(中外合作),2023,福建,本科批,物理类,,,516,46271,
2255,安徽农业大学,2023,福建,本科批,物理类,,,510,28395,
2256,安徽师范大学,2023,福建,本科批,物理类,,,524,40399,
2257,安徽师范大学皖江学院,2023,福建,本科批,物理类,,,466,77214,
2258,安徽外国语学院,2023,福建,本科批,物理类,,,435,98453,
2259,安徽新华学院,2023,福建,本科批,物理类,,,448,89386,
2260,安徽信息工程学院,2023,福建,本科批,物理类,,,455,84641,
2261,安徽医科大学,2023,福建,本科批,物理类,,,578,16578,
2262,安徽医科大学(中外合作),2023,福建,本科批,物理类,,,486,64084,
2263,安徽医科大学临床医学院,2023,福建,本科批,物理类,,,501,49539,
2265,安徽中医药大学,2023,福建,本科批,物理类,,,489,58408,
2266,安康学院,2023,福建,本科批,物理类,,,473,72469,
2268,安庆师范大学(中外合作),2023,福建,本科批,物理类,,,493,59642,
2269,鞍山师范学院,2023,福建,本科批,物理类,,,493,59027,
2270,安顺学院,2023,福建,本科批,物理类,,,482,66613,
2271,安阳工学院,2023,福建,本科批,物理类,,,476,70505,
2272,安阳工学院(中外合作),2023,福建,本科批,物理类,,,466,77214,
2273,安阳师范学院,2023,福建,本科批,物理类,,,502,54247,
2274,白城师范学院,2023,福建,本科批,物理类,,,469,75166,
2276,百色学院,2023,福建,本科批,物理类,,,479,62787,
2277,蚌埠工商学院,2023,福建,本科批,物理类,,,460,81212,
2278,蚌埠学院,2023,福建,本科批,物理类,,,483,65983,
2279,蚌埠医学院,2023,福建,本科批,物理类,,,567,22351,
2280,保定理工学院,2023,福建,本科批,物理类,,,440,95020,
2281,保定学院,2023,福建,本科批,物理类,,,470,60909,
2282,宝鸡文理学院,2023,福建,本科批,物理类,,,476,70505,
2283,北部湾大学,2023,福建,本科批,物理类,,,498,53668,
2284,北部湾大学(中外合作),2023,福建,本科批,物理类,,,434,81882,
2285,北方工业大学,2023,福建,本科批,物理类,,,570,21165,
2286,北方工业大学(中外合作),2023,福建,本科批,物理类,,,548,30239,
2287,北方民族大学,2023,福建,本科批,物理类,,,489,49539,
2288,北方民族大学(中外合作),2023,福建,本科批,物理类,,,496,57790,
2290,北华大学,2023,福建,本科批,物理类,,,488,44587,
2291,北华大学(中外合作),2023,福建,本科批,物理类,,,497,57223,
2292,北华航天工业学院,2023,福建,本科批,物理类,,,486,47857,
2293,北京城市学院,2023,福建,本科批,物理类,,,458,82559,
2294,北京大学,2023,福建,本科批,物理类,,,691,66,
2295,北京大学医学部,2023,福建,本科批,物理类,,,673,461,
2296,北京第二外国语学院,2023,福建,本科批,物理类,,,575,19335,
2300,北京服装学院,2023,福建,本科批,物理类,,,525,41449,
2301,北京工商大学,2023,福建,本科批,物理类,,,538,34921,
2302,北京工商大学嘉华学院,2023,福建,本科批,物理类,,,440,95020,
2303,北京工业大学,2023,福建,本科批,物理类,,,617,7406,
2304,北京工业大学(中外合作),2023,福建,本科批,物理类,,,589,14602,
2305,北京工业大学耿丹学院,2023,福建,本科批,物理类,,,459,81882,
2306,北京航空航天大学,2023,福建,本科批,物理类,,,666,777,
2307,北京航空航天大学(中外合作),2023,福建,本科批,物理类,,,639,3389,
2308,北京化工大学,2023,福建,本科批,物理类,,,604,9161,
2309,北京化工大学(中外合作),2023,福建,本科批,物理类,,,587,15263,
2310,北京建筑大学,2023,福建,本科批,物理类,,,560,13671,
2311,北京交通大学,2023,福建,本科批,物理类,,,625,4335,
2312,北京交通大学(本博直升),2023,福建,本科批,物理类,,,640,3267,
2313,北京交通大学(中外合作),2023,福建,本科批,物理类,,,603,10123,
2314,北京交通大学(威海校区),2023,福建,本科批,物理类,,,581,10895,
2315,北京科技大学,2023,福建,本科批,物理类,,,622,4662,
2316,北京科技大学天津学院,2023,福建,本科批,物理类,,,462,79868,
2317,北京理工大学,2023,福建,本科批,物理类,,,659,1259,
2318,北京理工大学(中外合作1),2023,福建,本科批,物理类,,,634,4173,
2319,北京理工大学(中外合作2),2023,福建,本科批,物理类,,,625,5760,
2320,北京理工大学珠海学院,2023,福建,本科批,物理类,,,489,62162,
2321,北京联合大学,2023,福建,本科批,物理类,,,516,46271,
2322,北京林业大学,2023,福建,本科批,物理类,,,583,16578,
2323,北京林业大学(中外合作),2023,福建,本科批,物理类,,,583,16578,
2324,北京师范大学,2023,福建,本科批,物理类,,,643,2875,
2326,北京师范大学(珠海校区),2023,福建,本科批,物理类,,,636,3881,
2327,北京师范大学-香港浸会大学联合国际学院,2023,福建,本科批,物理类,,,547,30694,
2328,北京石油化工学院,2023,福建,本科批,物理类,,,517,33456,
2329,北京体育大学,2023,福建,本科批,物理类,,,579,8477,
2330,北京体育大学(中外合作),2023,福建,本科批,物理类,,,528,39874,
2331,北京外国语大学,2023,福建,本科批,物理类,,,610,6137,
2333,北京物资学院,2023,福建,本科批,物理类,,,534,32023,
2334,北京协和医学院,2023,福建,本科批,物理类,,,620,6757,
2335,北京信息科技大学,2023,福建,本科批,物理类,,,574,19701,
2336,北京印刷学院,2023,福建,本科批,物理类,,,509,50143,
2337,北京邮电大学,2023,福建,本科批,物理类,,,640,2190,
2338,北京邮电大学(宏福校区),2023,福建,本科批,物理类,,,623,4662,
2339,北京邮电大学(宏福校区)(海南校区),2023,福建,本科批,物理类,,,601,9647,
2340,北京语言大学,2023,福建,本科批,物理类,,,581,8933,
2341,北京中医药大学,2023,福建,本科批,物理类,,,584,13380,
2342,北京中医药大学东方学院,2023,福建,本科批,物理类,,,473,72469,
2343,滨州学院,2023,福建,本科批,物理类,,,505,52513,
2344,滨州医学院,2023,福建,本科批,物理类,,,480,64725,
2345,渤海大学,2023,福建,本科批,物理类,,,510,49539,
2346,沧州交通学院,2023,福建,本科批,物理类,,,453,85992,
2347,沧州师范学院,2023,福建,本科批,物理类,,,480,60909,
2348,长安大学,2023,福建,本科批,物理类,,,593,13380,
2349,长安大学(中爱合作),2023,福建,本科批,物理类,,,558,25898,
2350,长安大学(中法合作),2023,福建,本科批,物理类,,,571,20822,
2351,长春财经学院,2023,福建,本科批,物理类,,,431,101225,
2352,长春大学,2023,福建,本科批,物理类,,,501,45742,
2353,长春大学(中外合作),2023,福建,本科批,物理类,,,476,65387,
2354,长春大学(中外合作2),2023,福建,本科批,物理类,,,476,69184,
2355,长春大学旅游学院,2023,福建,本科批,物理类,,,424,100544,
2356,长春电子科技学院,2023,福建,本科批,物理类,,,430,83958,
2357,长春工程学院,2023,福建,本科批,物理类,,,472,56003,
2358,长春工程学院(中外合作),2023,福建,本科批,物理类,,,468,65387,
2359,长春工业大学,2023,福建,本科批,物理类,,,493,36876,
2360,长春工业大学(中外合作),2023,福建,本科批,物理类,,,493,48455,
2361,长春工业大学人文信息学院,2023,福建,本科批,物理类,,,431,101225,
2362,长春光华学院,2023,福建,本科批,物理类,,,432,99846,
2363,长春建筑学院,2023,福建,本科批,物理类,,,423,95020,
2364,长春科技学院,2023,福建,本科批,物理类,,,452,86686,
2365,长春理工大学,2023,福建,本科批,物理类,,,524,17914,
2366,长春理工大学(中外合作1),2023,福建,本科批,物理类,,,482,66613,
2367,长春理工大学(中外合作2),2023,福建,本科批,物理类,,,514,44587,
2368,长春人文学院,2023,福建,本科批,物理类,,,443,92955,
2369,长春师范大学,2023,福建,本科批,物理类,,,498,49015,
2370,长春中医药大学,2023,福建,本科批,物理类,,,540,27972,
2371,长江大学,2023,福建,本科批,物理类,,,539,34443,
2372,长江大学(中外合作),2023,福建,本科批,物理类,,,509,50143,
2373,长江大学文理学院,2023,福建,本科批,物理类,,,457,83256,
2374,长江师范学院,2023,福建,本科批,物理类,,,468,49015,
2375,长江师范学院(中外合作),2023,福建,本科批,物理类,,,465,77902,
2376,长沙理工大学,2023,福建,本科批,物理类,,,570,10637,
2377,长沙理工大学(中外合作),2023,福建,本科批,物理类,,,566,16896,
2378,长沙理工大学城南学院,2023,福建,本科批,物理类,,,468,75817,
2379,长沙师范学院,2023,福建,本科批,物理类,,,497,57223,
2380,长沙学院,2023,福建,本科批,物理类,,,505,52513,
2381,长沙医学院,2023,福建,本科批,物理类,,,471,73813,
2382,常熟理工学院,2023,福建,本科批,物理类,,,515,46787,
2383,长治学院,2023,福建,本科批,物理类,,,476,70505,
2384,长治医学院,2023,福建,本科批,物理类,,,490,61531,
2385,常州大学,2023,福建,本科批,物理类,,,527,21165,
2386,常州大学怀德学院,2023,福建,本科批,物理类,,,459,81882,
2387,常州工学院,2023,福建,本科批,物理类,,,497,48455,
2388,承德医学院,2023,福建,本科批,物理类,,,500,55395,
2389,成都大学,2023,福建,本科批,物理类,,,548,30239,
2390,成都大学(中韩合作),2023,福建,本科批,物理类,,,522,43036,
2391,成都大学(中英合作),2023,福建,本科批,物理类,,,519,44587,
2392,成都东软学院,2023,福建,本科批,物理类,,,460,81212,
2393,成都工业学院,2023,福建,本科批,物理类,,,517,45742,
2394,成都锦城学院,2023,福建,本科批,物理类,,,460,75166,
2395,成都理工大学,2023,福建,本科批,物理类,,,570,16896,
2396,成都理工大学工程技术学院,2023,福建,本科批,物理类,,,459,81882,
2397,成都师范学院,2023,福建,本科批,物理类,,,502,46787,
2398,成都体育学院I,2023,福建,本科批,物理类,,,455,49015,
2399,成都信息工程大学,2023,福建,本科批,物理类,,,572,20452,
2401,成都医学院,2023,福建,本科批,物理类,,,508,50756,
2402,成都中医药大学,2023,福建,本科批,物理类,,,545,31583,
2403,池州学院,2023,福建,本科批,物理类,,,477,66613,
2404,重庆财经学院,2023,福建,本科批,物理类,,,469,75166,
2405,重庆城市科技学院,2023,福建,本科批,物理类,,,457,83256,
2406,重庆大学,2023,福建,本科批,物理类,,,629,5005,
2407,重庆大学(中外合作),2023,福建,本科批,物理类,,,619,6973,
2408,重庆第二师范学院,2023,福建,本科批,物理类,,,492,37840,
2409,重庆对外经贸学院,2023,福建,本科批,物理类,,,456,83958,
2410,重庆工程学院,2023,福建,本科批,物理类,,,472,73119,
2411,重庆工商大学,2023,福建,本科批,物理类,,,532,26338,
2412,重庆交通大学,2023,福建,本科批,物理类,,,550,21165,
2413,重庆科技学院,2023,福建,本科批,物理类,,,501,54817,
2414,重庆理工大学,2023,福建,本科批,物理类,,,560,19335,
2415,重庆人文科技学院,2023,福建,本科批,物理类,,,460,75817,
2416,重庆三峡学院,2023,福建,本科批,物理类,,,496,57790,
2417,重庆师范大学,2023,福建,本科批,物理类,,,515,19335,
2418,重庆外语外事学院,2023,福建,本科批,物理类,,,453,72469,
2419,重庆文理学院,2023,福建,本科批,物理类,,,499,56003,
2420,重庆文理学院(中外合作),2023,福建,本科批,物理类,,,454,85273,
2421,重庆医科大学,2023,福建,本科批,物理类,,,562,5760,
2422,重庆医科大学(中外合作),2023,福建,本科批,物理类,,,577,18602,
2423,重庆移通学院,2023,福建,本科批,物理类,,,457,77214,
2424,重庆邮电大学,2023,福建,本科批,物理类,,,585,12803,
2425,楚雄师范学院,2023,福建,本科批,物理类,,,466,77214,
2426,川北医学院,2023,福建,本科批,物理类,,,550,29301,
2427,大理大学,2023,福建,本科批,物理类,,,506,51923,
2428,大连财经学院,2023,福建,本科批,物理类,,,439,88014,
2429,大连大学,2023,福建,本科批,物理类,,,481,31583,
2430,大连东软信息学院,2023,福建,本科批,物理类,,,437,90055,
2431,大连工业大学,2023,福建,本科批,物理类,,,498,56003,
2432,大连工业大学(中外合作),2023,福建,本科批,物理类,,,510,49539,
2433,大连海事大学,2023,福建,本科批,物理类,,,593,10895,
2434,大连海事大学(中外合作),2023,福建,本科批,物理类,,,558,23835,
2435,大连海洋大学,2023,福建,本科批,物理类,,,493,59642,
2436,大连交通大学,2023,福建,本科批,物理类,,,505,52513,
2437,大连交通大学(高收费),2023,福建,本科批,物理类,,,516,46271,
2438,大连交通大学(中外合作),2023,福建,本科批,物理类,,,484,65387,
2439,大连理工大学,2023,福建,本科批,物理类,,,632,3389,
2440,大连理工大学(盘锦校区),2023,福建,本科批,物理类,,,607,9647,
2441,大连理工大学(盘锦校区)(中外合作),2023,福建,本科批,物理类,,,591,13965,
2442,大连理工大学城市学院,2023,福建,本科批,物理类,,,450,88014,
2443,大连民族大学,2023,福建,本科批,物理类,,,497,45182,
2444,大连外国语大学,2023,福建,本科批,物理类,,,454,85273,
2445,大连医科大学,2023,福建,本科批,物理类,,,534,36876,
2446,大连医科大学中山学院,2023,福建,本科批,物理类,,,452,86686,
2448,德州学院,2023,福建,本科批,物理类,,,473,72469,
2449,滇西应用技术大学,2023,福建,本科批,物理类,,,485,58408,
2450,电子科技大学,2023,福建,本科批,物理类,,,653,1515,
2451,电子科技大学(沙河校区),2023,福建,本科批,物理类,,,649,1899,
2452,电子科技大学成都学院,2023,福建,本科批,物理类,,,473,72469,
2453,电子科技大学中山学院,2023,福建,本科批,物理类,,,455,84641,
2454,东北财经大学,2023,福建,本科批,物理类,,,574,19701,
2455,东北财经大学(中外合作),2023,福建,本科批,物理类,,,540,33930,
2456,东北大学,2023,福建,本科批,物理类,,,619,4662,
2457,东北大学秦皇岛分校,2023,福建,本科批,物理类,,,605,6973,
2458,东北大学皇岛分校(中外合作),2023,福建,本科批,物理类,,,595,9412,
2459,东北电力大学,2023,福建,本科批,物理类,,,542,18957,
2460,东北电力大学(中外合作),2023,福建,本科批,物理类,,,520,34921,
2461,东北林业大学,2023,福建,本科批,物理类,,,576,11952,
2462,东北林业大学(中外合作),2023,福建,本科批,物理类,,,552,25505,
2463,东北农业大学,2023,福建,本科批,物理类,,,568,16578,
2464,东北师范大学,2023,福建,本科批,物理类,,,565,6973,
2466,东北石油大学,2023,福建,本科批,物理类,,,522,34443,
2467,东华大学,2023,福建,本科批,物理类,,,608,7202,
2468,东华理工大学,2023,福建,本科批,物理类,,,520,44116,
2469,东南大学,2023,福建,本科批,物理类,,,653,1109,
2470,东南大学成贤学院,2023,福建,本科批,物理类,,,477,57790,
2471,东莞城市学院,2023,福建,本科批,物理类,,,435,98453,
2472,东莞理工学院(中外合作),2023,福建,本科批,物理类,,,514,47320,
2473,对外经济贸易大学,2023,福建,本科批,物理类,,,629,3141,
2474,防灾科技学院,2023,福建,本科批,物理类,,,496,45182,
2475,佛山科学技术学院,2023,福建,本科批,物理类,,,485,50143,
2476,复旦大学,2023,福建,本科批,物理类,,,680,259,
2477,复旦大学医学院,2023,福建,本科批,物理类,,,656,1515,
2478,阜阳师范大学,2023,福建,本科批,物理类,,,515,46787,
2479,阜阳师范大学信急工程学院,2023,福建,本科批,物理类,,,477,69842,
2480,赣东学院.,2023,福建,本科批,物理类,,,490,61531,
2481,赣南科技学院,2023,福建,本科批,物理类,,,490,61531,
2482,赣南师范大学,2023,福建,本科批,物理类,,,519,44587,
2483,赣南师范大学科技学院,2023,福建,本科批,物理类,,,462,79868,
2484,赣南医学院,2023,福建,本科批,物理类,,,501,54817,
2486,甘肃农业大学,2023,福建,本科批,物理类,,,489,60281,
2487,甘肃政法大学,2023,福建,本科批,物理类,,,549,29795,
2488,广东白云学院,2023,福建,本科批,物理类,,,448,89386,
2489,广东财经大学,2023,福建,本科批,物理类,,,571,20822,
2490,广东东软学院,2023,福建,本科批,物理类,,,442,93632,
2491,广东工业大学,2023,福建,本科批,物理类,,,585,13097,
2492,广东工业大学(国际班),2023,福建,本科批,物理类,,,551,13380,
2493,广东海洋大学,2023,福建,本科批,物理类,,,511,49015,
2494,广东海洋大学(中外合作),2023,福建,本科批,物理类,,,489,62162,
2495,广东技术师范大学,2023,福建,本科批,物理类,,,526,37323,
2496,广东金融学院,2023,福建,本科批,物理类,,,542,32949,
2497,广东警官学院,2023,福建,本科批,物理类,,,530,38870,
2498,广东科技学院,2023,福建,本科批,物理类,,,441,94278,
2499,广东理工学院,2023,福建,本科批,物理类,,,444,92208,
2500,广东培正学院,2023,福建,本科批,物理类,,,440,95020,
2501,广东石油化工学院,2023,福建,本科批,物理类,,,500,55395,
2502,广东外语外贸大学,2023,福建,本科批,物理类,,,566,22703,
2503,广东外语外贸大学南国商学院,2023,福建,本科批,物理类,,,448,89386,
2504,广东药科大学,2023,福建,本科批,物理类,,,527,40399,
2505,广东医科大学,2023,福建,本科批,物理类,,,577,14932,
2506,广东以色列理工学院,2023,福建,本科批,物理类,,,540,33930,
2507,广西财经学院,2023,福建,本科批,物理类,,,492,56616,
2508,广西财经学院(中外合作),2023,福建,本科批,物理类,,,459,78571,
2509,广西大学,2023,福建,本科批,物理类,,,585,15929,
2510,广西科技大学,2023,福建,本科批,物理类,,,509,44587,
2511,广西科技师范学院,2023,福建,本科批,物理类,,,487,63399,
2512,广西民族大学,2023,福建,本科批,物理类,,,508,41989,
2513,广西民族大学相思湖学院,2023,福建,本科批,物理类,,,458,82559,
2514,广西民族师范学院,2023,福建,本科批,物理类,,,473,72469,
2515,广西农业职业技术大学,2023,福建,本科批,物理类,,,473,72469,
2516,广西师范大学,2023,福建,本科批,物理类,,,543,26338,
2518,广西外国语学院,2023,福建,本科批,物理类,,,431,101225,
2519,广西医科大学,2023,福建,本科批,物理类,,,495,52513,
2521,广西中医药大学,2023,福建,本科批,物理类,,,516,46271,
2522,广西中医药大学赛恩斯新医药学院,2023,福建,本科批,物理类,,,469,75166,
2523,广州城市理工学院,2023,福建,本科批,物理类,,,454,85273,
2524,广州大学,2023,福建,本科批,物理类,,,578,18252,
2525,广州航海学院,2023,福建,本科批,物理类,,,499,54247,
2526,广州华立学院,2023,福建,本科批,物理类,,,446,90816,
2527,广州理工学院,2023,福建,本科批,物理类,,,449,88670,
2529,广州南方学院,2023,福建,本科批,物理类,,,446,90816,
2530,广州软件学院,2023,福建,本科批,物理类,,,477,59027,
2531,广州商学院,2023,福建,本科批,物理类,,,433,99846,
2532,广州体育学院,2023,福建,本科批,物理类,,,492,60281,
2533,广州新华学院,2023,福建,本科批,物理类,,,451,87329,
2534,广州医科大学,2023,福建,本科批,物理类,,,559,25505,
2535,广州应用科技学院,2023,福建,本科批,物理类,,,441,94278,
2536,广州中医药大学,2023,福建,本科批,物理类,,,541,33456,
2537,桂林电子科技大学,2023,福建,本科批,物理类,,,573,15929,
2538,桂林电子科技大学(边防子女预科班),2023,福建,本科批,物理类,,,,,
2539,桂林航天工业学院,2023,福建,本科批,物理类,,,492,53083,
2540,桂林理工大学,2023,福建,本科批,物理类,,,500,55395,
2541,桂林理工大学(中外合作),2023,福建,本科批,物理类,,,500,55395,
2542,桂林旅游学院,2023,福建,本科批,物理类,,,473,58408,
2543,桂林旅游学院(中外合作),2023,福建,本科批,物理类,,,457,83256,
2544,桂林信息科技学院,2023,福建,本科批,物理类,,,434,90816,
2545,桂林学院,2023,福建,本科批,物理类,,,452,75817,
2546,桂林医学院,2023,福建,本科批,物理类,,,539,34443,
2547,贵阳人文科技学院,2023,福建,本科批,物理类,,,453,85992,
2548,贵阳信息科技学院,2023,福建,本科批,物理类,,,447,90055,
2549,贵阳学院,2023,福建,本科批,物理类,,,471,73813,
2550,贵州财经大学,2023,福建,本科批,物理类,,,521,43600,
2551,贵州财经大学(中外合作),2023,福建,本科批,物理类,,,478,69184,
2552,贵州大学,2023,福建,本科批,物理类,,,580,15588,
2553,贵州大学(中外合作),2023,福建,本科批,物理类,,,560,25090,
2554,贵州工程应用技术学院,2023,福建,本科批,物理类,,,478,67887,
2555,贵州警察学院,2023,福建,本科批,物理类,,,499,56003,
2556,贵州理工学院,2023,福建,本科批,物理类,,,494,59027,
2557,贵州民族大学,2023,福建,本科批,物理类,,,487,63399,
2558,贵州黔南经济学院,2023,福建,本科批,物理类,,,449,88670,
2559,贵州黔南科技学院,2023,福建,本科批,物理类,,,450,88014,
2560,贵州师范学院,2023,福建,本科批,物理类,,,485,64084,
2561,贵州医科大学,2023,福建,本科批,物理类,,,562,24264,
2562,贵州医科大学(中外合作),2023,福建,本科批,物理类,,,494,59027,
2563,贵州医科大学神奇民族医药学院,2023,福建,本科批,物理类,,,478,69184,
2564,贵州中医药大学,2023,福建,本科批,物理类,,,529,37840,
2565,贵州中医药大学(中外合作),2023,福建,本科批,物理类,,,484,65387,
2566,贵州中医药大学时珍学院,2023,福建,本科批,物理类,,,471,73813,
2571,哈尔滨工程大学,2023,福建,本科批,物理类,,,617,5760,
2572,哈尔滨工业大学,2023,福建,本科批,物理类,,,663,974,
2573,哈尔滨工业大学(中外合作1),2023,福建,本科批,物理类,,,630,4824,
2574,哈尔滨工业大学(中外合作2),2023,福建,本科批,物理类,,,617,7406,
2575,哈尔滨工业大学(深圳),2023,福建,本科批,物理类,,,660,903,
2576,哈尔滨工业大学(威海),2023,福建,本科批,物理类,,,642,3010,
2577,哈尔滨工业大学(威海)(中外合作),2023,福建,本科批,物理类,,,609,9161,
2578,哈尔滨工业大学(威海)(卓越优才计划),2023,福建,本科批,物理类,,,625,5760,
2579,哈尔滨金融学院,2023,福建,本科批,物理类,,,478,69184,
2580,哈尔滨理工大学,2023,福建,本科批,物理类,,,542,32949,
2581,哈尔滨商业大学,2023,福建,本科批,物理类,,,475,54247,
2582,哈尔滨师范大学,2023,福建,本科批,物理类,,,503,46271,
2584,哈尔滨学院,2023,福建,本科批,物理类,,,464,78571,
2585,哈尔滨医科大学,2023,福建,本科批,物理类,,,527,40399,
2587,哈尔滨远东理工学院,2023,福建,本科批,物理类,,,432,100544,
2592,海军军医大学,2023,福建,本科批,物理类,,,575,19335,
2593,海口经济学院,2023,福建,本科批,物理类,,,431,101225,
2594,海南比勒费尔德应用科学大学,2023,福建,本科批,物理类,,,485,64725,
2595,海南大学,2023,福建,本科批,物理类,,,586,12544,
2596,海南大学(高收费),2023,福建,本科批,物理类,,,591,13965,
2597,海南大学(中外合作),2023,福建,本科批,物理类,,,539,27972,
2598,海南热带海洋学院,2023,福建,本科批,物理类,,,489,55395,
2599,海南热带海洋学院(中外合作),2023,福建,本科批,物理类,,,455,84641,
2600,海南师范大学,2023,福建,本科批,物理类,,,503,19701,
2601,海南师范大学(高收费),2023,福建,本科批,物理类,,,532,37840,
2602,海南师范大学(中外合作),2023,福建,本科批,物理类,,,511,49015,
2603,海南医学院,2023,福建,本科批,物理类,,,496,57790,
2604,海南医学院(中外合作),2023,福建,本科批,物理类,,,441,72469,
2605,邯郸学院,2023,福建,本科批,物理类,,,464,78571,
2607,韩山师范学院,2023,福建,本科批,物理类,,,508,50756,
2608,杭州电子科技大学,2023,福建,本科批,物理类,,,593,9161,
2609,杭州电子科技大学(中外合作),2023,福建,本科批,物理类,,,590,13380,
2610,杭州电子科技大学信急工程学院,2023,福建,本科批,物理类,,,470,65387,
2611,杭州师范大学,2023,福建,本科批,物理类,,,563,17227,
2612,杭州师范大学(中外合作),2023,福建,本科批,物理类,,,520,44116,
2613,河北北方学院,2023,福建,本科批,物理类,,,491,60909,
2614,河北传媒学院,2023,福建,本科批,物理类,,,460,81212,
2615,河北大学,2023,福建,本科批,物理类,,,537,24689,
2616,河北地质大学,2023,福建,本科批,物理类,,,497,50143,
2617,河北东方学院,2023,福建,本科批,物理类,,,449,88670,
2618,河北工程大学,2023,福建,本科批,物理类,,,492,31148,
2619,河北工程大学科信学院,2023,福建,本科批,物理类,,,461,80535,
2620,河北工业大学,2023,福建,本科批,物理类,,,586,11952,
2621,河北工业大学(中外合作),2023,福建,本科批,物理类,,,563,22351,
2622,河北环境工程学院,2023,福建,本科批,物理类,,,484,65387,
2623,河北建筑工程学院,2023,福建,本科批,物理类,,,474,62787,
2624,河北金融学院,2023,福建,本科批,物理类,,,467,76520,
2625,河北经贸大学,2023,福建,本科批,物理类,,,481,27570,
2626,河北科技大学,2023,福建,本科批,物理类,,,517,36876,
2627,河北科技大学(中外合作),2023,福建,本科批,物理类,,,504,53083,
2628,河北科技工程职业技术大学,2023,福建,本科批,物理类,,,473,72469,
2629,河北科技师范学院,2023,福建,本科批,物理类,,,470,73119,
2631,河北师范大学,2023,福建,本科批,物理类,,,564,23444,
2632,河北师范大学(高收费),2023,福建,本科批,物理类,,,543,32480,
2633,河北石油职业技术大学,2023,福建,本科批,物理类,,,477,69842,
2634,河北外国语学院,2023,福建,本科批,物理类,,,432,97079,
2635,河北医科大学,2023,福建,本科批,物理类,,,520,44116,
2636,河北医科大学临床学院,2023,福建,本科批,物理类,,,483,65983,
2637,河北中医药大学,2023,福建,本科批,物理类,,,525,39382,
2638,河池学院,2023,福建,本科批,物理类,,,485,62162,
2639,合肥城市学院,2023,福建,本科批,物理类,,,454,85273,
2640,合肥工业大学,2023,福建,本科批,物理类,,,606,6318,
2641,合肥工业大学(中外合作),2023,福建,本科批,物理类,,,578,18252,
2642,合肥工业大学(宣城校区),2023,福建,本科批,物理类,,,597,12250,
2643,合肥师范学院,2023,福建,本科批,物理类,,,511,49015,
2644,合肥学院,2023,福建,本科批,物理类,,,495,51307,
2645,河海大学,2023,福建,本科批,物理类,,,601,5760,
2646,河海大学(中外合作),2023,福建,本科批,物理类,,,575,18957,
2647,河南财经政法大学,2023,福建,本科批,物理类,,,515,46787,
2648,河南财经政法大学(中外合作),2023,福建,本科批,物理类,,,521,43600,
2649,河南财政金融学院,2023,福建,本科批,物理类,,,480,67887,
2650,河南城建学院,2023,福建,本科批,物理类,,,473,61531,
2651,河南大学,2023,福建,本科批,物理类,,,576,18957,
2652,河南大学(中外合作),2023,福建,本科批,物理类,,,563,23835,
2653,河南工程学院,2023,福建,本科批,物理类,,,481,62162,
2654,河南工学院,2023,福建,本科批,物理类,,,489,57223,
2655,河南工业大学,2023,福建,本科批,物理类,,,515,28395,
2656,河南工业大学(中外合作),2023,福建,本科批,物理类,,,539,34443,
2657,河南开封科技传媒学院,2023,福建,本科批,物理类,,,457,83256,
2658,河南科技大学,2023,福建,本科批,物理类,,,530,38870,
2659,河南科技学院,2023,福建,本科批,物理类,,,490,61531,
2660,河南理工大学,2023,福建,本科批,物理类,,,523,25505,
2661,河南农业大学,2023,福建,本科批,物理类,,,517,43036,
2662,河南师范大学,2023,福建,本科批,物理类,,,547,28850,
2663,河南中医药大学,2023,福建,本科批,物理类,,,512,48455,
2664,菏泽学院,2023,福建,本科批,物理类,,,469,75166,
2665,贺州学院,2023,福建,本科批,物理类,,,473,70505,
2666,黑河学院,2023,福建,本科批,物理类,,,467,73813,
2667,黑龙江八一农垦大学,2023,福建,本科批,物理类,,,490,50756,
2668,黑龙江大学,2023,福建,本科批,物理类,,,521,30239,
2669,黑龙江东方学院,2023,福建,本科批,物理类,,,425,101225,
2670,黑龙江工程学院,2023,福建,本科批,物理类,,,476,70505,
2671,黑龙江工商学院,2023,福建,本科批,物理类,,,431,101225,
2672,黑龙江科技大学,2023,福建,本科批,物理类,,,495,58408,
2674,黑龙江中医药大学,2023,福建,本科批,物理类,,,511,49015,
2675,衡水学院,2023,福建,本科批,物理类,,,471,73813,
2676,衡水学院(中外合作),2023,福建,本科批,物理类,,,459,81882,
2677,衡阳师范学院,2023,福建,本科批,物理类,,,484,65387,
2679,红河学院,2023,福建,本科批,物理类,,,469,75166,
2680,湖北大学,2023,福建,本科批,物理类,,,563,23835,
2681,湖北大学(中外合作),2023,福建,本科批,物理类,,,539,34443,
2682,湖北大学知行学院,2023,福建,本科批,物理类,,,462,79868,
2683,湖北第二师范学院,2023,福建,本科批,物理类,,,523,41989,
2684,湖北恩施学院,2023,福建,本科批,物理类,,,496,57790,
2685,湖北工程学院1,2023,福建,本科批,物理类,,,511,45182,
2686,湖北工程学院新技术学院,2023,福建,本科批,物理类,,,460,81212,
2688,湖北工业大学工程技术学院,2023,福建,本科批,物理类,,,462,79868,
2689,湖北警官学院,2023,福建,本科批,物理类,,,504,53083,
2690,湖北经济学院,2023,福建,本科批,物理类,,,518,45182,
2691,湖北经济学院法商学院,2023,福建,本科批,物理类,,,450,88014,
2692,湖北科技学院,2023,福建,本科批,物理类,,,491,45742,
2693,湖北理工学院,2023,福建,本科批,物理类,,,521,42498,
2694,湖北理工学院(中外合作),2023,福建,本科批,物理类,,,480,67230,
2696,湖北民族大学,2023,福建,本科批,物理类,,,497,57223,
2697,湖北汽车工业学院,2023,福建,本科批,物理类,,,499,55395,
2698,湖北商贸学院,2023,福建,本科批,物理类,,,450,88014,
2699,湖北师范大学,2023,福建,本科批,物理类,,,518,39874,
2700,湖北师范大学(中外合作),2023,福建,本科批,物理类,,,502,54247,
2701,湖北师范大学文理学院,2023,福建,本科批,物理类,,,456,83958,
2702,湖北文理学院,2023,福建,本科批,物理类,,,513,46787,
2703,湖北文理学院理工学院,2023,福建,本科批,物理类,,,455,84641,
2704,湖北医药学院,2023,福建,本科批,物理类,,,531,38353,
2705,湖北医药学院药护学院,2023,福建,本科批,物理类,,,500,55395,
2706,湖北中医药大学,2023,福建,本科批,物理类,,,526,40930,
2707,湖南财政经济学院,2023,福建,本科批,物理类,,,506,51923,
2708,湖南城市学院,2023,福建,本科批,物理类,,,480,54247,
2709,湖南大学,2023,福建,本科批,物理类,,,628,5191,
2710,湖南大学(边防子女预科班),2023,福建,本科批,物理类,,,,,
2711,湖南第一师范学院,2023,福建,本科批,物理类,,,511,49015,
2712,湖南工程学院,2023,福建,本科批,物理类,,,471,49539,
2713,湖南工程学院(中外合作),2023,福建,本科批,物理类,,,492,56616,
2714,湖南工商大学,2023,福建,本科批,物理类,,,522,43036,
2715,湖南工学院,2023,福建,本科批,物理类,,,498,56616,
2716,湖南工业大学,2023,福建,本科批,物理类,,,529,39382,
2717,湖南工业大学科技学院,2023,福建,本科批,物理类,,,465,77902,
2718,湖南交通工程学院,2023,福建,本科批,物理类,,,432,100544,
2719,湖南警察学院,2023,福建,本科批,物理类,,,499,54247,
2720,湖南科技大学,2023,福建,本科批,物理类,,,536,35879,
2721,湖南科技大学潇湘学院,2023,福建,本科批,物理类,,,468,75817,
2722,湖南科技学院,2023,福建,本科批,物理类,,,466,73119,
2723,湖南理工学院,2023,福建,本科批,物理类,,,523,42498,
2724,湖南理工学院(中外合作),2023,福建,本科批,物理类,,,470,74446,
2725,湖南理工学院南湖学院,2023,福建,本科批,物理类,,,466,77214,
2726,湖南农业大学,2023,福建,本科批,物理类,,,518,45182,
2727,湖南农业大学东方科技学院,2023,福建,本科批,物理类,,,468,75817,
2728,湖南人文科技学院,2023,福建,本科批,物理类,,,484,53668,
2729,湖南人文科技学院(中外合作),2023,福建,本科批,物理类,,,469,75166,
2730,湖南涉外经济学院,2023,福建,本科批,物理类,,,431,101225,
2731,湖南师范大学,2023,福建,本科批,物理类,,,591,6973,
2732,湖南文理学院,2023,福建,本科批,物理类,,,486,64084,
2733,湖南文理学院芙蓉学院,2023,福建,本科批,物理类,,,464,78571,
2734,湖南医药学院,2023,福建,本科批,物理类,,,506,47320,
2735,湖南中医药大学,2023,福建,本科批,物理类,,,515,18957,
2736,湖南中医药大学湘查学院,2023,福建,本科批,物理类,,,,,
2737,湖州师范学院!,2023,福建,本科批,物理类,,,516,41449,
2738,湖州学院,2023,福建,本科批,物理类,,,506,47857,
2739,华北电力大学(保定),2023,福建,本科批,物理类,,,600,8025,
2740,华北电力大学(北京),2023,福建,本科批,物理类,,,616,3881,
2741,华北科技学院,2023,福建,本科批,物理类,,,486,64084,
2742,华北理工大学,2023,福建,本科批,物理类,,,501,36876,
2743,华北理工大学翼唐学院,2023,福建,本科批,物理类,,,479,68538,
2744,华北理工大学轻工学院,2023,福建,本科批,物理类,,,446,90816,
2745,华北水利水电大学,2023,福建,本科批,物理类,,,523,32480,
2746,华东交通大学,2023,福建,本科批,物理类,,,554,27570,
2747,华东交通大学(高收费),2023,福建,本科批,物理类,,,542,32949,
2748,华东理工大学,2023,福建,本科批,物理类,,,618,7202,
2749,华东理工大学(中外合作),2023,福建,本科批,物理类,,,588,14932,
2750,华东师范大学,2023,福建,本科批,物理类,,,647,1597,
2751,华东政法大学,2023,福建,本科批,物理类,,,614,8025,
2752,华南理工大学,2023,福建,本科批,物理类,,,641,1597,
2753,华南农业大学,2023,福建,本科批,物理类,,,575,12544,
2754,华南农业大学(中外合作),2023,福建,本科批,物理类,,,547,30694,
2755,华南师范大学,2023,福建,本科批,物理类,,,612,8477,
2756,华中科技大学,2023,福建,本科批,物理类,,,659,581,
2757,华中农业大学,2023,福建,本科批,物理类,,,588,14932,
2758,华中师范大学,2023,福建,本科批,物理类,,,620,6757,
2759,淮北师范大学,2023,福建,本科批,物理类,,,500,55395,
2760,怀化学院,2023,福建,本科批,物理类,,,489,55395,
2761,淮阴工学院,2023,福建,本科批,物理类,,,487,63399,
2762,淮阴师范学院,2023,福建,本科批,物理类,,,490,61531,
2764,黄河科技学院,2023,福建,本科批,物理类,,,459,81882,
2765,黄淮学院,2023,福建,本科批,物理类,,,472,62787,
2766,惠州学院,2023,福建,本科批,物理类,,,477,69842,
2769,吉利学院,2023,福建,本科批,物理类,,,443,92955,
2770,吉林财经大学,2023,福建,本科批,物理类,,,474,71825,
2771,吉林大学,2023,福建,本科批,物理类,,,627,3389,
2772,吉林大学(中外合作),2023,福建,本科批,物理类,,,593,13380,
2774,吉林工程技术师范学院,2023,福建,本科批,物理类,,,467,76520,
2775,吉林工商学院,2023,福建,本科批,物理类,,,461,67887,
2776,吉林建筑大学,2023,福建,本科批,物理类,,,489,62162,
2777,吉林建筑大学(中外合作),2023,福建,本科批,物理类,,,467,76520,
2778,吉林建筑科技学院,2023,福建,本科批,物理类,,,432,96368,
2779,吉林农业大学,2023,福建,本科批,物理类,,,488,51307,
2780,吉林农业科技学院,2023,福建,本科批,物理类,,,475,71151,
2781,吉林师范大学,2023,福建,本科批,物理类,,,464,78571,
2782,吉林师范大学博达学院,2023,福建,本科批,物理类,,,438,96368,
2783,吉林外国语大学,2023,福建,本科批,物理类,,,441,81882,
2785,吉林医药学院,2023,福建,本科批,物理类,,,467,76520,
2786,吉林医药学院(中外合作),2023,福建,本科批,物理类,,,461,80535,
2787,济南大学,2023,福建,本科批,物理类,,,521,28850,
2788,暨南大学,2023,福建,本科批,物理类,,,606,9871,
2789,暨南大学(中外合作),2023,福建,本科批,物理类,,,590,14310,
2790,济宁学院,2023,福建,本科批,物理类,,,493,59642,
2791,济宁医学院,2023,福建,本科批,物理类,,,525,41449,
2792,吉首大学,2023,福建,本科批,物理类,,,507,51307,
2793,佳木斯大学,2023,福建,本科批,物理类,,,473,62787,
2794,嘉兴南湖学院,2023,福建,本科批,物理类,,,511,49015,
2795,嘉兴学院,2023,福建,本科批,物理类,,,529,34443,
2796,嘉应学院,2023,福建,本科批,物理类,,,477,41449,
2797,江汉大学,2023,福建,本科批,物理类,,,536,35879,
2798,江南大学,2023,福建,本科批,物理类,,,608,7608,
2799,江苏大学,2023,福建,本科批,物理类,,,577,14932,
2800,江苏大学京江学院,2023,福建,本科批,物理类,,,464,62162,
2801,江苏第二师范学院,2023,福建,本科批,物理类,,,512,43036,
2802,江苏海洋大学,2023,福建,本科批,物理类,,,505,52513,
2803,江苏科技大学,2023,福建,本科批,物理类,,,564,23444,
2804,江苏科技大学苏州理工学院,2023,福建,本科批,物理类,,,464,78571,
2805,江苏理工学院,2023,福建,本科批,物理类,,,524,41989,
2806,江苏理工学院(中外合作),2023,福建,本科批,物理类,,,510,49539,
2807,江苏师范大学,2023,福建,本科批,物理类,,,557,23081,
2808,江苏师范大学科文学院,2023,福建,本科批,物理类,,,463,79215,
2809,江西财经大学,2023,福建,本科批,物理类,,,562,24264,
2810,江西财经大学(中外合作),2023,福建,本科批,物理类,,,557,26338,
2811,江西财经大学现代经济管理学院,2023,福建,本科批,物理类,,,463,79215,
2812,江西服装学院,2023,福建,本科批,物理类,,,440,95020,
2813,江西警察学院,2023,福建,本科批,物理类,,,507,51307,
2814,江西科技师范大学,2023,福建,本科批,物理类,,,470,39382,
2815,江西科技学院,2023,福建,本科批,物理类,,,449,88670,
2816,江西理工大学,2023,福建,本科批,物理类,,,544,32023,
2817,江西理工大学(高收费),2023,福建,本科批,物理类,,,543,32480,
2818,江西理工大学(中外合作),2023,福建,本科批,物理类,,,529,39382,
2819,江西农业大学,2023,福建,本科批,物理类,,,504,40399,
2820,江西农业大学(中外交流),2023,福建,本科批,物理类,,,457,83256,
2821,江西农业大学南昌商学院,2023,福建,本科批,物理类,,,460,81212,
2822,江西软件职业技术大学,2023,福建,本科批,物理类,,,431,101225,
2823,江西师范大学,2023,福建,本科批,物理类,,,515,46787,
2824,江西师范大学科学技术学院,2023,福建,本科批,物理类,,,469,75166,
2825,江西应用科技学院,2023,福建,本科批,物理类,,,448,89386,
2826,江西中医药大学,2023,福建,本科批,物理类,,,517,45742,
2827,金陵科技学院,2023,福建,本科批,物理类,,,520,44116,
2828,锦州医科大学,2023,福建,本科批,物理类,,,480,21981,
2829,锦州医科大学医疗学院,2023,福建,本科批,物理类,,,497,51923,
2830,荆楚理工学院,2023,福建,本科批,物理类,,,486,59642,
2831,景德镇陶瓷大学,2023,福建,本科批,物理类,,,512,48455,
2832,景德镇学院,2023,福建,本科批,物理类,,,483,65983,
2833,景德镇艺术职业大学,2023,福建,本科批,物理类,,,452,86686,
2834,井冈山大学,2023,福建,本科批,物理类,,,488,41989,
2835,九江学院,2023,福建,本科批,物理类,,,496,56616,
2836,喀什大学,2023,福建,本科批,物理类,,,473,72469,
2837,凯里学院,2023,福建,本科批,物理类,,,477,69842,
2838,凯里学院(中外合作),2023,福建,本科批,物理类,,,461,80535,
2843,昆明城市学院,2023,福建,本科批,物理类,,,446,79215,
2844,昆明理工大学,2023,福建,本科批,物理类,,,546,31148,
2845,昆明理工大学(中外合作),2023,福建,本科批,物理类,,,504,53083,
2846,昆明理工大学津桥学院,2023,福建,本科批,物理类,,,449,88670,
2847,昆明文理学院,2023,福建,本科批,物理类,,,445,91506,
2848,昆明学院,2023,福建,本科批,物理类,,,485,56616,
2849,昆明医科大学,2023,福建,本科批,物理类,,,525,39382,
2850,昆明医科大学海源学院,2023,福建,本科批,物理类,,,465,69842,
2852,兰州博文科技学院,2023,福建,本科批,物理类,,,442,93632,
2853,兰州财经大学,2023,福建,本科批,物理类,,,496,53083,
2854,兰州城市学院,2023,福建,本科批,物理类,,,467,76520,
2855,兰州大学,2023,福建,本科批,物理类,,,613,8244,
2856,兰州大学(中外合作),2023,福建,本科批,物理类,,,599,11703,
2857,兰州工商学院,2023,福建,本科批,物理类,,,436,97790,
2858,兰州交通大学,2023,福建,本科批,物理类,,,542,27162,
2859,兰州理工大学,2023,福建,本科批,物理类,,,514,33930,
2860,兰州石化职业技术大学,2023,福建,本科批,物理类,,,480,67887,
2861,兰州信息科技学院,2023,福建,本科批,物理类,,,447,90055,
2862,廊坊师范学院,2023,福建,本科批,物理类,,,479,60909,
2863,乐山师范学院,2023,福建,本科批,物理类,,,479,68538,
2864,丽江文化旅游学院,2023,福建,本科批,物理类,,,432,100544,
2865,丽水学院,2023,福建,本科批,物理类,,,499,47320,
2866,聊城大学,2023,福建,本科批,物理类,,,513,44116,
2867,辽宁大学,2023,福建,本科批,物理类,,,582,10895,
2869,辽宁大学(中外合作),2023,福建,本科批,物理类,,,567,19701,
2870,辽宁对外经贸学院,2023,福建,本科批,物理类,,,422,106639,
2871,辽宁工程技术大学,2023,福建,本科批,物理类,,,499,56003,
2872,辽宁何氏医学院,2023,福建,本科批,物理类,,,488,62787,
2873,辽宁科技大学,2023,福建,本科批,物理类,,,487,43600,
2874,辽宁科技大学(中外合作),2023,福建,本科批,物理类,,,463,79215,
2875,辽宁科技学院,2023,福建,本科批,物理类,,,482,66613,
2876,辽宁师范大学,2023,福建,本科批,物理类,,,546,31148,
2877,辽宁师范大学海华学院,2023,福建,本科批,物理类,,,447,85273,
2878,辽宁石油化工大学,2023,福建,本科批,物理类,,,504,51923,
2879,辽宁石油化工大学(中外合作),2023,福建,本科批,物理类,,,481,67230,
2880,辽宁中医药大学,2023,福建,本科批,物理类,,,496,55395,
2881,辽宁中医药大学查林学院,2023,福建,本科批,物理类,,,463,79215,
2882,临沂大学,2023,福建,本科批,物理类,,,512,46271,
2883,临沂大学(中外合作),2023,福建,本科批,物理类,,,441,91506,
2884,岭南师范学院,2023,福建,本科批,物理类,,,485,64725,
2885,六盘水师范学院,2023,福建,本科批,物理类,,,469,75166,
2886,柳州工学院,2023,福建,本科批,物理类,,,438,96368,
2887,陇东学院,2023,福建,本科批,物理类,,,470,74446,
2888,鲁东大学,2023,福建,本科批,物理类,,,490,47320,
2900,洛阳理工学院,2023,福建,本科批,物理类,,,496,57790,
2901,洛阳师范学院,2023,福建,本科批,物理类,,,507,51307,
2902,吕梁学院,2023,福建,本科批,物理类,,,470,74446,
2903,马鞍山学院,2023,福建,本科批,物理类,,,462,79868,
2904,茅台学院,2023,福建,本科批,物理类,,,472,70505,
2905,绵阳城市学院,2023,福建,本科批,物理类,,,453,84641,
2906,绵阳师范学院,2023,福建,本科批,物理类,,,495,56003,
2907,牡丹江师范学院,2023,福建,本科批,物理类,,,469,75166,
2908,牡丹江医学院,2023,福建,本科批,物理类,,,487,57223,
2909,南昌大学,2023,福建,本科批,物理类,,,590,9647,
2910,南昌大学(中外合作),2023,福建,本科批,物理类,,,581,17227,
2911,南昌大学共青学院,2023,福建,本科批,物理类,,,461,80535,
2912,南昌大学科学技术学院,2023,福建,本科批,物理类,,,466,77214,
2913,南昌工程学院,2023,福建,本科批,物理类,,,521,36876,
2914,南昌工程学院(中外合作),2023,福建,本科批,物理类,,,505,51923,
2915,南昌工学院,2023,福建,本科批,物理类,,,449,88670,
2916,南昌航空大学,2023,福建,本科批,物理类,,,551,21165,
2917,南昌航空大学(高收费),2023,福建,本科批,物理类,,,518,40399,
2918,南昌航空大学(中外合作),2023,福建,本科批,物理类,,,538,30694,
2919,南昌航空大学科技学院,2023,福建,本科批,物理类,,,463,79215,
2920,南昌交通学院,2023,福建,本科批,物理类,,,454,85273,
2921,南昌理工学院,2023,福建,本科批,物理类,,,455,84641,
2922,南昌师范学院,2023,福建,本科批,物理类,,,504,53083,
2923,南昌医学院,2023,福建,本科批,物理类,,,489,62162,
2924,南昌应用技术师范学院,2023,福建,本科批,物理类,,,456,83958,
2925,南昌职业大学,2023,福建,本科批,物理类,,,440,88014,
2927,南方医科大学,2023,福建,本科批,物理类,,,568,5561,
2928,南华大学,2023,福建,本科批,物理类,,,525,25090,
2929,南华大学船山学院,2023,福建,本科批,物理类,,,476,70505,
2930,南京财经大学,2023,福建,本科批,物理类,,,560,25090,
2931,南京财经大学红山学院,2023,福建,本科批,物理类,,,464,78571,
2932,南京传媒学院,2023,福建,本科批,物理类,,,486,50143,
2933,南京大学,2023,福建,本科批,物理类,,,672,505,
2934,南京大学(中外合作),2023,福建,本科批,物理类,,,646,2532,
2935,南京工程学院,2023,福建,本科批,物理类,,,535,36360,
2936,南京工程学院(中外合作),2023,福建,本科批,物理类,,,516,46271,
2937,南京工业大学,2023,福建,本科批,物理类,,,569,21562,
2938,南京工业大学(中外合作),2023,福建,本科批,物理类,,,549,29795,
2939,南京工业大学浦江学院,2023,福建,本科批,物理类,,,466,77214,
2940,南京工业职业技术大学,2023,福建,本科批,物理类,,,498,56616,
2941,南京航空航天大学,2023,福建,本科批,物理类,,,624,5963,
2942,南京航空航天大学金城学院,2023,福建,本科批,物理类,,,465,77902,
2945,南京理工大学,2023,福建,本科批,物理类,,,622,6318,
2946,南京理工大学泰州科技学院,2023,福建,本科批,物理类,,,467,76520,
2947,南京理工大学紫金学院,2023,福建,本科批,物理类,,,497,57223,
2948,南京林业大学,2023,福建,本科批,物理类,,,584,16241,
2949,南京农业大学,2023,福建,本科批,物理类,,,588,14932,
2950,南京审计大学,2023,福建,本科批,物理类,,,585,15929,
2951,南京审计大学(中外合作),2023,福建,本科批,物理类,,,566,22703,
2952,南京审计大学金审学院,2023,福建,本科批,物理类,,,475,71151,
2953,南京师范大学,2023,福建,本科批,物理类,,,600,11415,
2954,南京特殊教育师范学院,2023,福建,本科批,物理类,,,483,65983,
2955,南京体育学院,2023,福建,本科批,物理类,,,492,60281,
2956,南京晓庄学院,2023,福建,本科批,物理类,,,516,46271,
2957,南京信息工程大学,2023,福建,本科批,物理类,,,595,10637,
2958,南京信息工程大学(中外合作),2023,福建,本科批,物理类,,,576,17567,
2959,南京医科大学,2023,福建,本科批,物理类,,,569,21562,
2960,南京医科大学康达学院,2023,福建,本科批,物理类,,,465,77902,
2962,南京邮电大学,2023,福建,本科批,物理类,,,604,8691,
2963,南京邮电大学通达学院,2023,福建,本科批,物理类,,,479,62162,
2964,南开大学,2023,福建,本科批,物理类,,,651,1991,
2966,南宁理工学院,2023,福建,本科批,物理类,,,440,95020,
2967,南宁师范大学,2023,福建,本科批,物理类,,,517,44116,
2968,南宁师范大学(与港澳台合作),2023,福建,本科批,物理类,,,506,51923,
2969,南宁学院,2023,福建,本科批,物理类,,,434,99143,
2970,南通大学,2023,福建,本科批,物理类,,,551,25090,
2971,南通理工学院,2023,福建,本科批,物理类,,,442,93632,
2972,南阳理工学院,2023,福建,本科批,物理类,,,481,58408,
2973,南阳理工学院(中外合作),2023,福建,本科批,物理类,,,488,62787,
2974,南阳师范学院,2023,福建,本科批,物理类,,,481,67230,
2975,内江师范学院,2023,福建,本科批,物理类,,,523,42498,
2976,内蒙古工业大学,2023,福建,本科批,物理类,,,490,61531,
2977,内蒙古科技大学,2023,福建,本科批,物理类,,,474,62162,
2978,内蒙古民族大学,2023,福建,本科批,物理类,,,494,59027,
2979,内蒙古农业大学,2023,福建,本科批,物理类,,,468,60909,
2980,内蒙古师范大学,2023,福建,本科批,物理类,,,522,43036,
2981,内蒙古医科大学,2023,福建,本科批,物理类,,,521,43600,
2982,宁波财经学院,2023,福建,本科批,物理类,,,442,93632,
2983,宁波大学,2023,福建,本科批,物理类,,,586,13097,
2984,宁波大学(中外合作),2023,福建,本科批,物理类,,,567,22351,
2985,宁波大学科学技术学院,2023,福建,本科批,物理类,,,454,75817,
2986,宁波工程学院,2023,福建,本科批,物理类,,,515,44116,
2987,宁波工程学院(中外合作),2023,福建,本科批,物理类,,,480,64084,
2988,宁波诺丁汉大学,2023,福建,本科批,物理类,,,561,24689,
2989,宁夏大学,2023,福建,本科批,物理类,,,562,20452,
2991,宁夏大学(中外合作),2023,福建,本科批,物理类,,,517,45742,
2992,宁夏大学新华学院,2023,福建,本科批,物理类,,,455,84641,
2993,宁夏理工学院,2023,福建,本科批,物理类,,,445,91506,
2994,宁夏医科大学,2023,福建,本科批,物理类,,,494,57790,
2995,攀枝花学院,2023,福建,本科批,物理类,,,480,67887,
2996,平顶山学院,2023,福建,本科批,物理类,,,479,62787,
2997,萍乡学院,2023,福建,本科批,物理类,,,484,65387,
2998,普洱学院,2023,福建,本科批,物理类,,,471,73813,
2999,齐鲁工业大学,2023,福建,本科批,物理类,,,518,45182,
3000,齐鲁理工学院,2023,福建,本科批,物理类,,,446,90816,
3001,齐鲁医药学院,2023,福建,本科批,物理类,,,479,68538,
3002,齐齐哈尔大学,2023,福建,本科批,物理类,,,483,50143,
3003,齐齐哈尔医学院,2023,福建,本科批,物理类,,,481,59642,
3004,黔南民族师范学院,2023,福建,本科批,物理类,,,480,67887,
3005,青岛滨海学院,2023,福建,本科批,物理类,,,440,95020,
3006,青岛城市学院,2023,福建,本科批,物理类,,,441,94278,
3007,青岛大学,2023,福建,本科批,物理类,,,562,17227,
3009,青岛工学院,2023,福建,本科批,物理类,,,438,96368,
3010,青岛恒星科技学院,2023,福建,本科批,物理类,,,434,99143,
3011,青岛黄海学院,2023,福建,本科批,物理类,,,438,96368,
3012,青岛科技大学,2023,福建,本科批,物理类,,,531,27570,
3013,青岛科技大学(中外合作),2023,福建,本科批,物理类,,,514,44587,
3014,青岛理工大学,2023,福建,本科批,物理类,,,528,26338,
3015,青岛理工大学(中外合作),2023,福建,本科批,物理类,,,480,44116,
3016,青岛农业大学,2023,福建,本科批,物理类,,,496,56616,
3017,青岛农业大学海都学院,2023,福建,本科批,物理类,,,456,83958,
3018,青海大学,2023,福建,本科批,物理类,,,556,18252,
3019,青海民族大学,2023,福建,本科批,物理类,,,463,79215,
3020,青海民族大学(中外合作),2023,福建,本科批,物理类,,,451,87329,
3021,青海师范大学,2023,福建,本科批,物理类,,,501,54817,
3022,清华大学1,2023,福建,本科批,物理类,,,690,79,
3023,琼台师范学院,2023,福建,本科批,物理类,,,491,60909,
3024,曲阜师范大学,2023,福建,本科批,物理类,,,523,42498,
3025,曲靖师范学院,2023,福建,本科批,物理类,,,472,73119,
3026,衢州学院,2023,福建,本科批,物理类,,,500,49015,
3027,三江学院,2023,福建,本科批,物理类,,,453,85992,
3028,三峡大学,2023,福建,本科批,物理类,,,581,13380,
3029,三峡大学(中外合作),2023,福建,本科批,物理类,,,572,20452,
3030,三峡大学科技学院,2023,福建,本科批,物理类,,,461,80535,
3031,三亚学院,2023,福建,本科批,物理类,,,431,101225,
3032,山东财经大学,2023,福建,本科批,物理类,,,532,18252,
3033,山东大学,2023,福建,本科批,物理类,,,632,2190,
3034,山东大学(护理),2023,福建,本科批,物理类,,,585,15929,
3035,山东大学威海分校,2023,福建,本科批,物理类,,,626,4662,
3036,山东大学威海分校(中外合作),2023,福建,本科批,物理类,,,618,6318,
3037,山东第一医科大学,2023,福建,本科批,物理类,,,506,51923,
3038,山东工商学院,2023,福建,本科批,物理类,,,484,45182,
3040,山东建筑大学,2023,福建,本科批,物理类,,,504,41449,
3041,山东建筑大学(中外合作),2023,福建,本科批,物理类,,,477,69842,
3042,山东交通学院,2023,福建,本科批,物理类,,,492,54817,
3043,山东科技大学,2023,福建,本科批,物理类,,,550,20822,
3044,山东科技大学(中外合作),2023,福建,本科批,物理类,,,521,43600,
3045,山东理工大学,2023,福建,本科批,物理类,,,536,30694,
3046,山东农业大学,2023,福建,本科批,物理类,,,515,34921,
3047,山东女子学院,2023,福建,本科批,物理类,,,474,71825,
3048,山东师范大学,2023,福建,本科批,物理类,,,531,16578,
3049,山东石油化工学院,2023,福建,本科批,物理类,,,488,56003,
3050,山东外国语职业技术大学,2023,福建,本科批,物理类,,,431,101225,
3051,山东协和学院,2023,福建,本科批,物理类,,,458,82559,
3053,山东英才学院,2023,福建,本科批,物理类,,,,,
3054,山东中医药大学,2023,福建,本科批,物理类,,,530,34921,
3055,汕头大学,2023,福建,本科批,物理类,,,563,23835,
3056,山西财经大学,2023,福建,本科批,物理类,,,494,59027,
3057,山西传媒学院,2023,福建,本科批,物理类,,,481,67230,
3058,山西大同大学,2023,福建,本科批,物理类,,,496,56616,
3059,山西大学,2023,福建,本科批,物理类,,,566,13965,
3060,山西工程技术学院,2023,福建,本科批,物理类,,,475,65387,
3061,山西工学院,2023,福建,本科批,物理类,,,474,71825,
3062,山西晋中理工学院,2023,福建,本科批,物理类,,,464,78571,
3063,陕西科技大学,2023,福建,本科批,物理类,,,546,25898,
3064,陕西科技大学(中外合作),2023,福建,本科批,物理类,,,533,36876,
3065,陕西理工大学,2023,福建,本科批,物理类,,,514,47320,
3066,陕西理工大学(中外合作),2023,福建,本科批,物理类,,,488,62787,
3067,山西农业大学,2023,福建,本科批,物理类,,,486,58408,
3068,山西师范大学,2023,福建,本科批,物理类,,,483,65983,
3069,陕西师范大学,2023,福建,本科批,物理类,,,606,9871,
3071,陕西学前师范学院,2023,福建,本科批,物理类,,,472,73119,
3072,山西医科大学,2023,福建,本科批,物理类,,,503,53668,
3073,陕西中医药大学,2023,福建,本科批,物理类,,,525,41449,
3074,山西中医药大学,2023,福建,本科批,物理类,,,519,44587,
3075,上海财经大学,2023,福建,本科批,物理类,,,637,726,
3076,上海财经大学浙江学院,2023,福建,本科批,物理类,,,464,78571,
3077,上海大学,2023,福建,本科批,物理类,,,623,6137,
3078,上海大学(中外合作),2023,福建,本科批,物理类,,,596,11161,
3079,上海第二工业大学,2023,福建,本科批,物理类,,,549,29795,
3080,上海电机学院,2023,福建,本科批,物理类,,,535,36360,
3082,上海电力大学,2023,福建,本科批,物理类,,,594,13097,
3083,上海电力大学(中外合作),2023,福建,本科批,物理类,,,592,13671,
3084,上海对外经贸大学,2023,福建,本科批,物理类,,,585,13380,
3085,上海对外经贸大学(中外合作),2023,福建,本科批,物理类,,,568,19335,
3086,上海工程技术大学,2023,福建,本科批,物理类,,,540,18602,
3087,上海海关学院,2023,福建,本科批,物理类,,,582,16896,
3090,上海海事大学,2023,福建,本科批,物理类,,,572,14932,
3091,上海海洋大学,2023,福建,本科批,物理类,,,572,17567,
3092,上海海洋大学(中外合作),2023,福建,本科批,物理类,,,553,27972,
3093,上海健康医学院,2023,福建,本科批,物理类,,,498,50756,
3094,上海建桥学院,2023,福建,本科批,物理类,,,453,85992,
3095,上海交通大学,2023,福建,本科批,物理类,,,678,303,
3097,上海交通大学医学院(本博莲读),2023,福建,本科批,物理类,,,681,235,
3098,上海交通大学医学院(临床口腔),2023,福建,本科批,物理类,,,666,777,
3100,上海立达学院,2023,福建,本科批,物理类,,,431,101225,
3101,上海理工大学,2023,福建,本科批,物理类,,,585,15929,
3102,上海理工大学(中外合作),2023,福建,本科批,物理类,,,568,21981,
3103,上海立信会计金融学院,2023,福建,本科批,物理类,,,544,19335,
3105,上海杉达学院,2023,福建,本科批,物理类,,,447,59027,
3106,上海商学院,2023,福建,本科批,物理类,,,519,37840,
3107,上海师范大学,2023,福建,本科批,物理类,,,561,24689,
3108,上海师范大学天华学院,2023,福建,本科批,物理类,,,449,88670,
3109,上海视觉艺术学院,2023,福建,本科批,物理类,,,486,64084,
3110,上海外国语大学,2023,福建,本科批,物理类,,,615,7828,
3111,上海外国语大学(中外合作),2023,福建,本科批,物理类,,,612,8477,
3112,上海外国语大学贤达经济人文学院,2023,福建,本科批,物理类,,,441,94278,
3115,上海应用技术大学,2023,福建,本科批,物理类,,,550,22351,
3116,上海中侨职业技术大学,2023,福建,本科批,物理类,,,437,97079,
3117,上海中医药大学,2023,福建,本科批,物理类,,,621,4662,
3118,上海中医药大学(中外合作),2023,福建,本科批,物理类,,,573,20091,
3119,商洛学院,2023,福建,本科批,物理类,,,484,62787,
3120,商丘工学院,2023,福建,本科批,物理类,,,456,83958,
3121,商丘师范学院,2023,福建,本科批,物理类,,,473,62787,
3122,上饶师范学院,2023,福建,本科批,物理类,,,480,67887,
3123,韶关学院,2023,福建,本科批,物理类,,,504,53083,
3124,绍兴文理学院,2023,福建,本科批,物理类,,,496,50756,
3126,绍兴文理学院元培学院,2023,福建,本科批,物理类,,,460,81212,
3127,邵阳学院,2023,福建,本科批,物理类,,,480,67887,
3128,沈阳城市建设学院,2023,福建,本科批,物理类,,,434,99143,
3129,沈阳大学,2023,福建,本科批,物理类,,,513,45742,
3130,沈阳工程学院,2023,福建,本科批,物理类,,,522,43036,
3131,沈阳工业大学,2023,福建,本科批,物理类,,,523,42498,
3132,沈阳航空航天大学,2023,福建,本科批,物理类,,,531,27162,
3133,沈阳化工大学,2023,福建,本科批,物理类,,,500,43036,
3134,沈阳建筑大学,2023,福建,本科批,物理类,,,493,36876,
3135,沈阳建筑大学(中外合作),2023,福建,本科批,物理类,,,481,63399,
3136,沈阳理工大学,2023,福建,本科批,物理类,,,515,46787,
3137,沈阳理工大学(中外合作),2023,福建,本科批,物理类,,,487,63399,
3138,沈阳农业大学,2023,福建,本科批,物理类,,,503,52513,
3139,沈阳农业大学(中外合作),2023,福建,本科批,物理类,,,514,47320,
3141,沈阳体育学院,2023,福建,本科批,物理类,,,479,68538,
3142,沈阳药科大学,2023,福建,本科批,物理类,,,455,23081,
3143,沈阳医学院,2023,福建,本科批,物理类,,,490,61531,
3146,深圳大学1,2023,福建,本科批,物理类,,,618,4491,
3147,深圳大学(中外合作),2023,福建,本科批,物理类,,,584,14310,
3148,深圳技术大学,2023,福建,本科批,物理类,,,582,12803,
3149,石河子大学,2023,福建,本科批,物理类,,,552,21981,
3150,石家庄铁道大学,2023,福建,本科批,物理类,,,521,30239,
3151,石家庄铁道大学四方学院,2023,福建,本科批,物理类,,,465,77902,
3152,首都经济贸易大学,2023,福建,本科批,物理类,,,584,16241,
3153,首都经济贸易大学(中外合作),2023,福建,本科批,物理类,,,557,26338,
3154,首都师范大学,2023,福建,本科批,物理类,,,585,15929,
3156,首都医科大学,2023,福建,本科批,物理类,,,636,1597,
3158,四川大学,2023,福建,本科批,物理类,,,631,4662,
3159,四川大学(护理类),2023,福建,本科批,物理类,,,596,12544,
3160,四川大学(口腔医学专业),2023,福建,本科批,物理类,,,658,1332,
3161,四川大学(临床医学专业),2023,福建,本科批,物理类,,,655,1597,
3163,四川大学(中外合作),2023,福建,本科批,物理类,,,619,6973,
3164,四川大学锦江学院,2023,福建,本科批,物理类,,,455,84641,
3166,四川工商学院,2023,福建,本科批,物理类,,,457,83256,
3167,四川警察学院,2023,福建,本科批,物理类,,,512,48455,
3168,四川旅游学院,2023,福建,本科批,物理类,,,486,64084,
3169,四川旅游学院(中外合作),2023,福建,本科批,物理类,,,444,92208,
3170,四川美术学院,2023,福建,本科批,物理类,,,559,25505,
3171,四川农业大学,2023,福建,本科批,物理类,,,566,13965,
3172,四川轻化工大学,2023,福建,本科批,物理类,,,531,38353,
3173,四川师范大学,2023,福建,本科批,物理类,,,526,19701,
3174,四川外国语大学,2023,福建,本科批,物理类,,,540,33930,
3175,四川外国语大学(中外合作),2023,福建,本科批,物理类,,,518,45182,
3176,四川外国语大学成都学院,2023,福建,本科批,物理类,,,456,83958,
3178,四川文理学院,2023,福建,本科批,物理类,,,477,65983,
3180,苏州城市学院,2023,福建,本科批,物理类,,,521,43036,
3181,苏州大学,2023,福建,本科批,物理类,,,620,5005,
3182,苏州科技大学,2023,福建,本科批,物理类,,,547,25505,
3183,苏州科技大学天平学院,2023,福建,本科批,物理类,,,475,71151,
3184,塔里木大学,2023,福建,本科批,物理类,,,466,77214,
3185,泰山科技学院,2023,福建,本科批,物理类,,,432,100544,
3186,泰山学院,2023,福建,本科批,物理类,,,487,57790,
3187,太原工业学院,2023,福建,本科批,物理类,,,481,67230,
3188,太原科技大学,2023,福建,本科批,物理类,,,510,49539,
3189,太原理工大学,2023,福建,本科批,物理类,,,584,12250,
3190,太原师范学院,2023,福建,本科批,物理类,,,493,59642,
3191,太原学院,2023,福建,本科批,物理类,,,471,67230,
3192,台州学院,2023,福建,本科批,物理类,,,506,46787,
3193,天津财经大学,2023,福建,本科批,物理类,,,539,19335,
3194,天津财经大学珠江学院,2023,福建,本科批,物理类,,,452,86686,
3195,天津城建大学,2023,福建,本科批,物理类,,,506,51923,
3196,天津城建大学(中外合作),2023,福建,本科批,物理类,,,467,76520,
3198,天津大学,2023,福建,本科批,物理类,,,642,3010,
3199,天津工业大学,2023,福建,本科批,物理类,,,585,15929,
3200,天津工业大学(中外合作),2023,福建,本科批,物理类,,,551,28850,
3201,天津科技大学,2023,福建,本科批,物理类,,,531,38353,
3202,天津科技大学(中澳合作),2023,福建,本科批,物理类,,,541,33456,
3203,天津科技大学(中合作),2023,福建,本科批,物理类,,,542,32949,
3204,天津科技大学(中英合作),2023,福建,本科批,物理类,,,519,44587,
3205,天津理工大学,2023,福建,本科批,物理类,,,535,36360,
3206,天津理工大学中环信息学院,2023,福建,本科批,物理类,,,457,83256,
3208,天津农学院,2023,福建,本科批,物理类,,,489,58408,
3209,天津仁爱学院,2023,福建,本科批,物理类,,,439,95657,
3210,天津商业大学,2023,福建,本科批,物理类,,,511,39382,
3212,天津商业大学宝德学院,2023,福建,本科批,物理类,,,452,84641,
3213,天津师范大学,2023,福建,本科批,物理类,,,530,10895,
3214,天津体育学院,2023,福建,本科批,物理类,,,488,50756,
3215,天津外国语大学,2023,福建,本科批,物理类,,,520,44116,
3216,天津外国语大学滨海外事学院,2023,福建,本科批,物理类,,,464,70505,
3217,天津医科大学,2023,福建,本科批,物理类,,,576,18957,
3218,天津医科大学临床医学院,2023,福建,本科批,物理类,,,472,73119,
3220,天津职业技术师范大学,2023,福建,本科批,物理类,,,500,41989,
3221,天津职业技术师范大学(中外合作),2023,福建,本科批,物理类,,,478,69184,
3222,天津中德应用技术大学,2023,福建,本科批,物理类,,,499,52513,
3223,天津中医药大学,2023,福建,本科批,物理类,,,546,26338,
3224,天津中医药大学(中外合作),2023,福建,本科批,物理类,,,527,40399,
3225,通化师范学院,2023,福建,本科批,物理类,,,478,69184,
3226,通化师范学院(中外合作),2023,福建,本科批,物理类,,,458,82559,
3227,同济大学,2023,福建,本科批,物理类,,,652,618,
3228,同济大学(中外合作),2023,福建,本科批,物理类,,,642,3010,
3229,铜陵学院,2023,福建,本科批,物理类,,,495,58408,
3230,铜仁学院,2023,福建,本科批,物理类,,,471,73813,
3231,铜仁学院(中外合作),2023,福建,本科批,物理类,,,451,87329,
3233,皖江工学院,2023,福建,本科批,物理类,,,460,81212,
3234,潍坊学院,2023,福建,本科批,物理类,,,483,65983,
3235,潍坊医学院,2023,福建,本科批,物理类,,,488,62787,
3236,渭南师范学院,2023,福建,本科批,物理类,,,486,58408,
3238,文华学院,2023,福建,本科批,物理类,,,452,86686,
3239,文山学院,2023,福建,本科批,物理类,,,483,65983,
3240,温州大学,2023,福建,本科批,物理类,,,556,20091,
3241,温州大学(中外合作),2023,福建,本科批,物理类,,,517,45742,
3242,温州肯恩大学,2023,福建,本科批,物理类,,,531,28395,
3243,温州理工学院,2023,福建,本科批,物理类,,,514,43036,
3244,温州商学院,2023,福建,本科批,物理类,,,438,96368,
3245,温州医科大学,2023,福建,本科批,物理类,,,554,5760,
3246,温州医科大学仁济学院,2023,福建,本科批,物理类,,,466,33456,
3247,武昌工学院,2023,福建,本科批,物理类,,,447,90055,
3248,武昌理工学院,2023,福建,本科批,物理类,,,458,79868,
3249,武昌首义学院,2023,福建,本科批,物理类,,,465,77902,
3250,武汉城市学院,2023,福建,本科批,物理类,,,456,83958,
3252,武汉大学,2023,福建,本科批,物理类,,,656,841,
3253,武汉大学(中外合作),2023,福建,本科批,物理类,,,621,6534,
3254,武汉东湖学院,2023,福建,本科批,物理类,,,451,87329,
3255,武汉纺织大学,2023,福建,本科批,物理类,,,518,45182,
3256,武汉纺织大学外经贸学院,2023,福建,本科批,物理类,,,449,88670,
3257,武汉工程大学,2023,福建,本科批,物理类,,,560,25090,
3258,武汉工程大学(中外合作),2023,福建,本科批,物理类,,,527,40399,
3259,武汉工程大学邮电与信急工程学院,2023,福建,本科批,物理类,,,457,81882,
3260,武汉工程科技学院,2023,福建,本科批,物理类,,,452,86686,
3261,武汉工商学院,2023,福建,本科批,物理类,,,449,84641,
3262,武汉华夏理工学院,2023,福建,本科批,物理类,,,453,83256,
3263,武汉科技大学,2023,福建,本科批,物理类,,,577,15929,
3264,武汉理工大学,2023,福建,本科批,物理类,,,610,6137,
3265,武汉理工大学(本硕实验班),2023,福建,本科批,物理类,,,624,5963,
3266,武汉理工大学(中外合作),2023,福建,本科批,物理类,,,580,17567,
3267,武汉晴川学院,2023,福建,本科批,物理类,,,448,89386,
3268,武汉轻工大学,2023,福建,本科批,物理类,,,549,25505,
3270,武汉设计工程学院,2023,福建,本科批,物理类,,,444,92208,
3271,武汉生物工程学院,2023,福建,本科批,物理类,,,457,83256,
3272,武汉体育学院,2023,福建,本科批,物理类,,,492,46787,
3273,武汉体育学院体育科技学院,2023,福建,本科批,物理类,,,451,87329,
3274,武汉文理学院,2023,福建,本科批,物理类,,,454,85273,
3275,武汉学院,2023,福建,本科批,物理类,,,457,83256,
3283,无锡太湖学院,2023,福建,本科批,物理类,,,433,99846,
3284,无锡学院,2023,福建,本科批,物理类,,,523,42498,
3285,五邑大学,2023,福建,本科批,物理类,,,528,39874,
3286,梧州学院,2023,福建,本科批,物理类,,,481,67230,
3287,西安财经大学,2023,福建,本科批,物理类,,,537,35395,
3288,西安财经大学(中外合作),2023,福建,本科批,物理类,,,518,45182,
3289,西安电子科技大学,2023,福建,本科批,物理类,,,632,3010,
3290,西安翻译学院,2023,福建,本科批,物理类,,,440,95020,
3291,西安工程大学,2023,福建,本科批,物理类,,,544,29795,
3292,西安工商学院,2023,福建,本科批,物理类,,,436,97790,
3293,西安工业大学,2023,福建,本科批,物理类,,,548,30239,
3294,西安工业大学(中外合作),2023,福建,本科批,物理类,,,535,36360,
3295,西安建筑科技大学,2023,福建,本科批,物理类,,,557,26338,
3296,西安建筑科技大学(中外合作),2023,福建,本科批,物理类,,,524,41989,
3297,西安建筑科技大学华清学院,2023,福建,本科批,物理类,,,449,86686,
3298,西安交通大学,2023,福建,本科批,物理类,,,659,841,
3299,西安交通大学(医学类),2023,福建,本科批,物理类,,,647,2412,
3300,西安交通大学(中外合作),2023,福建,本科批,物理类,,,638,3546,
3301,西安交通大学城市学院,2023,福建,本科批,物理类,,,465,77902,
3302,西安交通工程学院,2023,福建,本科批,物理类,,,443,83256,
3303,西安科技大学,2023,福建,本科批,物理类,,,558,25898,
3304,西安科技大学(中外合作),2023,福建,本科批,物理类,,,520,44116,
3305,西安科技大学高新学院,2023,福建,本科批,物理类,,,450,88014,
3306,西安理工大学,2023,福建,本科批,物理类,,,569,21562,
3307,西安理工大学(中外合作),2023,福建,本科批,物理类,,,539,34443,
3309,西安明德理工学院,2023,福建,本科批,物理类,,,446,88670,
3310,西安欧亚学院,2023,福建,本科批,物理类,,,436,97790,
3311,西安培华学院,2023,福建,本科批,物理类,,,449,88670,
3312,西安石油大学,2023,福建,本科批,物理类,,,529,39382,
3313,西安思源学院,2023,福建,本科批,物理类,,,440,95020,
3314,西安外国语大学,2023,福建,本科批,物理类,,,548,30239,
3316,西安文理学院,2023,福建,本科批,物理类,,,506,51923,
3317,西安信息职业大学,2023,福建,本科批,物理类,,,436,97790,
3318,西安医学院,2023,福建,本科批,物理类,,,515,46787,
3320,西安邮电大学,2023,福建,本科批,物理类,,,578,14310,
3321,西安邮电大学(中外合作),2023,福建,本科批,物理类,,,564,23444,
3322,西北大学,2023,福建,本科批,物理类,,,592,11952,
3323,西北工业大学,2023,福建,本科批,物理类,,,646,1047,
3324,西北工业大学(中外合作),2023,福建,本科批,物理类,,,614,7828,
3325,西北民族大学,2023,福建,本科批,物理类,,,490,61531,
3326,西北农林科技大学,2023,福建,本科批,物理类,,,595,7406,
3327,西北农林科技大学(中外合作),2023,福建,本科批,物理类,,,566,21562,
3328,西北师范大学,2023,福建,本科批,物理类,,,489,62162,
3329,西北政法大学,2023,福建,本科批,物理类,,,605,10123,
3330,西昌学院,2023,福建,本科批,物理类,,,476,60909,
3331,西华大学,2023,福建,本科批,物理类,,,526,40930,
3332,西华师范大学,2023,福建,本科批,物理类,,,458,54247,
3333,西交利物浦大学,2023,福建,本科批,物理类,,,560,25090,
3334,西京学院,2023,福建,本科批,物理类,,,449,88670,
3335,西南财经大学,2023,福建,本科批,物理类,,,620,4173,
3336,西南财经大学(中外合作),2023,福建,本科批,物理类,,,584,12803,
3337,西南财经大学天府学院,2023,福建,本科批,物理类,,,457,83256,
3338,西南大学,2023,福建,本科批,物理类,,,599,5005,
3340,西南大学(中外合作),2023,福建,本科批,物理类,,,584,14602,
3341,西南大学(荣昌校区),2023,福建,本科批,物理类,,,585,14310,
3342,西南交通大学,2023,福建,本科批,物理类,,,615,5374,
3343,西南交通大学(中美合作),2023,福建,本科批,物理类,,,554,25090,
3344,西南交通大学(中英合作),2023,福建,本科批,物理类,,,552,21165,
3345,西南交通大学希望学院,2023,福建,本科批,物理类,,,464,77214,
3346,西南科技大学,2023,福建,本科批,物理类,,,524,41989,
3347,西南林业大学,2023,福建,本科批,物理类,,,511,49015,
3348,西南民族大学,2023,福建,本科批,物理类,,,529,23081,
3349,西南石油大学,2023,福建,本科批,物理类,,,580,16578,
3350,西南医科大学,2023,福建,本科批,物理类,,,573,18602,
3351,西南政法大学,2023,福建,本科批,物理类,,,615,5374,
3352,西南政法大学(中外合作),2023,福建,本科批,物理类,,,612,8477,
3353,咸阳师范学院,2023,福建,本科批,物理类,,,507,51307,
3358,香港珠海学院,2023,福建,本科批,物理类,,,475,71151,
3359,湘南学院,2023,福建,本科批,物理类,,,496,57790,
3360,湘潭大学,2023,福建,本科批,物理类,,,580,10895,
3361,湘潭大学兴湘学院,2023,福建,本科批,物理类,,,464,78571,
3362,湘潭理工学院,2023,福建,本科批,物理类,,,452,86686,
3364,新疆财经大学,2023,福建,本科批,物理类,,,470,74446,
3365,新疆大学,2023,福建,本科批,物理类,,,561,15263,
3366,新疆第二医学院,2023,福建,本科批,物理类,,,482,66613,
3367,新疆工程学院,2023,福建,本科批,物理类,,,465,72469,
3369,新疆理工学院,2023,福建,本科批,物理类,,,465,77902,
3370,新疆农业大学,2023,福建,本科批,物理类,,,466,77214,
3371,新疆农业大学(高收费),2023,福建,本科批,物理类,,,465,77902,
3372,新疆师范大学,2023,福建,本科批,物理类,,,483,65983,
3373,新疆医科大学,2023,福建,本科批,物理类,,,506,51923,
3375,新疆政法学院,2023,福建,本科批,物理类,,,467,76520,
3376,新乡学院,2023,福建,本科批,物理类,,,481,67230,
3377,新乡医学院,2023,福建,本科批,物理类,,,546,31148,
3378,新乡医学院三全学院,2023,福建,本科批,物理类,,,507,51307,
3379,信阳师范大学,2023,福建,本科批,物理类,,,487,63399,
3380,信阳学院,2023,福建,本科批,物理类,,,463,77902,
3381,新余学院,2023,福建,本科批,物理类,,,486,64084,
3382,忻州师范学院,2023,福建,本科批,物理类,,,471,73813,
3383,邢台学院,2023,福建,本科批,物理类,,,490,61531,
3384,徐州工程学院,2023,福建,本科批,物理类,,,521,42498,
3385,徐州医科大学,2023,福建,本科批,物理类,,,577,18602,
3386,延安大学,2023,福建,本科批,物理类,,,493,59642,
3387,延边大学,2023,福建,本科批,物理类,,,559,20822,
3388,盐城工学院,2023,福建,本科批,物理类,,,516,46271,
3389,盐城师范学院,2023,福建,本科批,物理类,,,480,67887,
3390,燕京理工学院,2023,福建,本科批,物理类,,,459,81882,
3391,燕山大学,2023,福建,本科批,物理类,,,519,18252,
3392,烟台大学,2023,福建,本科批,物理类,,,511,49015,
3393,烟台大学(边防子女预科班),2023,福建,本科批,物理类,,,,,
3394,烟台科技学院,2023,福建,本科批,物理类,,,458,82559,
3395,烟台南山学院,2023,福建,本科批,物理类,,,457,83256,
3396,扬州大学,2023,福建,本科批,物理类,,,565,16896,
3397,扬州大学广陵学院,2023,福建,本科批,物理类,,,464,78571,
3398,宜宾学院,2023,福建,本科批,物理类,,,510,49539,
3399,宜春学院1,2023,福建,本科批,物理类,,,487,54247,
3400,伊犁师范大学,2023,福建,本科批,物理类,,,470,74446,
3401,右江民族医学院,2023,福建,本科批,物理类,,,478,66613,
3402,玉林师范学院,2023,福建,本科批,物理类,,,483,63399,
3403,玉溪师范学院,2023,福建,本科批,物理类,,,500,55395,
3404,豫章师范学院,2023,福建,本科批,物理类,,,518,45182,
3405,运城学院,2023,福建,本科批,物理类,,,477,69842,
3406,云南财经大学,2023,福建,本科批,物理类,,,471,35879,
3407,云南大学,2023,福建,本科批,物理类,,,591,10895,
3408,云南大学(中外合作),2023,福建,本科批,物理类,,,559,25505,
3409,云南大学滇池学院,2023,福建,本科批,物理类,,,446,83958,
3410,云南警官学院,2023,福建,本科批,物理类,,,502,54247,
3411,云南经济管理学院,2023,福建,本科批,物理类,,,439,95657,
3412,云南民族大学,2023,福建,本科批,物理类,,,515,46271,
3413,云南农业大学,2023,福建,本科批,物理类,,,507,51307,
3414,云南农业大学(中外合作),2023,福建,本科批,物理类,,,476,70505,
3415,云南师范大学,2023,福建,本科批,物理类,,,549,29795,
3418,枣庄学院,2023,福建,本科批,物理类,,,481,67230,
3419,湛江科技学院,2023,福建,本科批,物理类,,,436,97790,
3424,肇庆学院,2023,福建,本科批,物理类,,,507,51307,
3425,浙大城市学院,2023,福建,本科批,物理类,,,512,48455,
3426,浙大宁波理工学院,2023,福建,本科批,物理类,,,518,45182,
3428,浙江财经大学,2023,福建,本科批,物理类,,,574,15929,
3429,浙江财经大学(中外合作),2023,福建,本科批,物理类,,,540,33930,
3430,浙江财经大学东方学院,2023,福建,本科批,物理类,,,451,87329,
3431,浙江传媒学院,2023,福建,本科批,物理类,,,546,31148,
3432,浙江传媒学院(高收费),2023,福建,本科批,物理类,,,529,39382,
3433,浙江传媒学院(中外合作),2023,福建,本科批,物理类,,,551,28850,
3434,浙江大学,2023,福建,本科批,物理类,,,676,366,
3435,浙江大学医学院,2023,福建,本科批,物理类,,,665,841,
3436,浙江大学医学院(中外合作),2023,福建,本科批,物理类,,,633,4335,
3437,浙江工商大学,2023,福建,本科批,物理类,,,553,12544,
3438,浙江工商大学(中外合作),2023,福建,本科批,物理类,,,539,31583,
3439,浙江工商大学杭州商学院,2023,福建,本科批,物理类,,,450,75817,
3440,浙江工业大学,2023,福建,本科批,物理类,,,586,15588,
3441,浙江工业大学(中外合作),2023,福建,本科批,物理类,,,562,24264,
3442,浙江工业大学之江学院,2023,福建,本科批,物理类,,,454,85273,
3443,浙江广厦建设职业技术大学,2023,福建,本科批,物理类,,,431,101225,
3444,浙江海洋大学,2023,福建,本科批,物理类,,,516,36876,
3445,浙江海洋大学(中外合作),2023,福建,本科批,物理类,,,489,62162,
3446,浙江科技学院,2023,福建,本科批,物理类,,,523,31583,
3447,浙江科技学院(中外合作),2023,福建,本科批,物理类,,,493,59642,
3448,浙江理工大学,2023,福建,本科批,物理类,,,570,21165,
3449,浙江理工大学(中外合作),2023,福建,本科批,物理类,,,506,51923,
3450,浙江理工大学科技与艺术学院,2023,福建,本科批,物理类,,,452,81882,
3451,浙江农林大学,2023,福建,本科批,物理类,,,547,21562,
3452,浙江农林大学暨阳学院,2023,福建,本科批,物理类,,,453,83958,
3453,浙江师范大学,2023,福建,本科批,物理类,,,565,16578,
3454,浙江师范大学行知学院,2023,福建,本科批,物理类,,,462,79868,
3455,浙江树人学院,2023,福建,本科批,物理类,,,441,84641,
3456,浙江水利水电学院,2023,福建,本科批,物理类,,,512,48455,
3457,浙江水利水电学院(中外合作),2023,福建,本科批,物理类,,,508,50756,
3458,浙江外国语学院,2023,福建,本科批,物理类,,,510,38870,
3460,浙江万里学院,2023,福建,本科批,物理类,,,494,53668,
3461,浙江万里学院(中外合作),2023,福建,本科批,物理类,,,470,74446,
3463,浙江越秀外国语学院,2023,福建,本科批,物理类,,,431,101225,
3464,浙江中医药大学,2023,福建,本科批,物理类,,,530,34443,
3465,郑州财经学院,2023,福建,本科批,物理类,,,456,83958,
3466,郑州大学,2023,福建,本科批,物理类,,,591,8477,
3467,郑州工程技术学院,2023,福建,本科批,物理类,,,474,59642,
3468,郑州工业应用技术学院,2023,福建,本科批,物理类,,,453,85992,
3469,郑州航空工业管理学院,2023,福建,本科批,物理类,,,460,81212,
3470,郑州航空工业管理学院(中外合作),2023,福建,本科批,物理类,,,471,73813,
3474,郑州轻工业大学1,2023,福建,本科批,物理类,,,523,28395,
3475,郑州轻工业大学(中外合作),2023,福建,本科批,物理类,,,464,48455,
3476,郑州商学院,2023,福建,本科批,物理类,,,454,85273,
3477,郑州升达经贸管理学院,2023,福建,本科批,物理类,,,454,85273,
3479,郑州西亚斯学院1,2023,福建,本科批,物理类,,,444,92208,
3480,中北大学,2023,福建,本科批,物理类,,,512,23444,
3481,中国传媒大学,2023,福建,本科批,物理类,,,612,6757,
3483,中国传媒大学(中外合作2),2023,福建,本科批,物理类,,,576,18957,
3484,中国地质大学(北京),2023,福建,本科批,物理类,,,589,6973,
3485,中国地质大学(武汉),2023,福建,本科批,物理类,,,598,9871,
3486,中国地质大学(武汉)(中外合作),2023,福建,本科批,物理类,,,596,12544,
3487,中国海洋大学,2023,福建,本科批,物理类,,,613,5760,
3488,中国海洋大学(中外合作),2023,福建,本科批,物理类,,,600,10123,
3489,中国计量大学,2023,福建,本科批,物理类,,,575,14602,
3490,中国计量大学现代科技学院,2023,福建,本科批,物理类,,,473,67230,
3491,中国科学技术大学,2023,福建,本科批,物理类,,,673,461,
3492,中国科学院大学,2023,福建,本科批,物理类,,,675,395,
3493,中国矿业大学,2023,福建,本科批,物理类,,,602,10895,
3494,中国矿业大学(中外合作),2023,福建,本科批,物理类,,,558,25898,
3495,中国矿业大学(北京),2023,福建,本科批,物理类,,,595,9412,
3496,中国劳动关系学院,2023,福建,本科批,物理类,,,522,33930,
3497,中国美术学院,2023,福建,本科批,物理类,,,592,13671,
3498,中国民航大学,2023,福建,本科批,物理类,,,557,17227,
3499,中国民用航空飞行学院,2023,福建,本科批,物理类,,,521,34443,
3500,中国农业大学,2023,福建,本科批,物理类,,,626,4022,
3501,中国农业大学(1+3模式),2023,福建,本科批,物理类,,,600,11415,
3503,中国人民大学,2023,福建,本科批,物理类,,,671,545,
3504,中国人民大学(苏州校区),2023,福建,本科批,物理类,,,642,3010,
3505,中国人民公安大学,2023,福建,本科批,物理类,,,617,7406,
3508,中国人民警察大学,2023,福建,本科批,物理类,,,518,45182,
3511,中国社会科学院大学,2023,福建,本科批,物理类,,,622,6318,
3512,中国石油大学(北京),2023,福建,本科批,物理类,,,599,8691,
3513,中国石油大学(北京)克拉玛依校区),2023,福建,本科批,物理类,,,553,27972,
3514,中国石油大学(华东),2023,福建,本科批,物理类,,,591,9412,
3519,中国药科大学,2023,福建,本科批,物理类,,,608,9412,
3520,中国药科大学(中外合作),2023,福建,本科批,物理类,,,578,18252,
3521,中国医科大学,2023,福建,本科批,物理类,,,563,20452,
3522,中国医科大学(中外合作),2023,福建,本科批,物理类,,,546,31148,
3524,中国政法大学,2023,福建,本科批,物理类,,,620,6757,
3526,仲恺农业工程学院,2023,福建,本科批,物理类,,,509,50143,
3527,中南财经政法大学,2023,福建,本科批,物理类,,,603,10637,
3530,中南大学,2023,福建,本科批,物理类,,,630,4824,
3531,中南大学(临床8年制),2023,福建,本科批,物理类,,,662,1047,
3532,中南大学(中外合作),2023,福建,本科批,物理类,,,615,7828,
3533,中南林业科技大学,2023,福建,本科批,物理类,,,510,30694,
3534,中南民族大学,2023,福建,本科批,物理类,,,544,32023,
3535,中山大学,2023,福建,本科批,物理类,,,651,1597,
3536,中央财经大学,2023,福建,本科批,物理类,,,631,3141,
3537,中央美术学院,2023,福建,本科批,物理类,,,560,25090,
3538,中央民族大学,2023,福建,本科批,物理类,,,611,8691,
3539,中央民族大学(中外合作1),2023,福建,本科批,物理类,,,585,15929,
3540,中央民族大学(中外合作2),2023,福建,本科批,物理类,,,587,15263,
3545,中原工学院,2023,福建,本科批,物理类,,,498,51923,
3546,周口师范学院,2023,福建,本科批,物理类,,,474,71825,
3547,珠海科技学院,2023,福建,本科批,物理类,,,457,83256,
3549,遵义医科大学,2023,福建,本科批,物理类,,,507,50143,
3550,遵义医科大学医学与科技学院,2023,福建,本科批,物理类,,,476,70505,
1007,福建警察学院(福州，男),2023,福建,本科提前批,物理类,,,,,
1008,福建警察学院(福州，女),2023,福建,本科提前批,物理类,,,,,
1009,福建警察学院(龙岩，男),2023,福建,本科提前批,物理类,,,,,
1010,福建警察学院(龙岩，女),2023,福建,本科提前批,物理类,,,,,
1011,福建警察学院(南平，男),2023,福建,本科提前批,物理类,,,,,
1012,福建警察学院(南平，女),2023,福建,本科提前批,物理类,,,,,
1013,福建警察学院(宁德，男),2023,福建,本科提前批,物理类,,,,,
1014,福建警察学院(宁德，女),2023,福建,本科提前批,物理类,,,,,
1015,福建警察学院(平潭，男),2023,福建,本科提前批,物理类,,,,,
1016,福建警察学院(莆田，男),2023,福建,本科提前批,物理类,,,,,
1017,福建警察学院(莆田，女),2023,福建,本科提前批,物理类,,,,,
1018,福建警察学院(泉州，男),2023,福建,本科提前批,物理类,,,,,
1019,福建警察学院(泉州，女),2023,福建,本科提前批,物理类,,,,,
1020,福建警察学院(三明，男),2023,福建,本科提前批,物理类,,,,,
1021,福建警察学院(三明，女),2023,福建,本科提前批,物理类,,,,,
1022,福建警察学院(司法专业，男),2023,福建,本科提前批,物理类,,,,,
1023,福建警察学院(司法专业，女),2023,福建,本科提前批,物理类,,,,,
1024,福建警察学院(厦门，男),2023,福建,本科提前批,物理类,,,,,
1025,福建警察学院(厦门，女),2023,福建,本科提前批,物理类,,,,,
1026,福建警察学院(漳州，男),2023,福建,本科提前批,物理类,,,,,
1027,福建警察学院(漳州，女),2023,福建,本科提前批,物理类,,,,,
1052,福建师范大学,2023,福建,本科提前批,物理类,,,,,
1053,福建师范大学(复合型公费师范，福州),2023,福建,本科提前批,物理类,,,,,
1054,福建师范大学(复合型公费师范，龙岩),2023,福建,本科提前批,物理类,,,,,
1055,福建师范大学(复合型公费师范，南平),2023,福建,本科提前批,物理类,,,,,
1056,福建师范大学(复合型公费师范，宁德),2023,福建,本科提前批,物理类,,,,,
1057,福建师范大学(复合型公费师范，平潭),2023,福建,本科提前批,物理类,,,,,
1058,福建师范大学(复合型公费师范，莆田),2023,福建,本科提前批,物理类,,,,,
1059,福建师范大学(复合型公费师范，泉州),2023,福建,本科提前批,物理类,,,,,
1060,福建师范大学(复合型公费师范，三明),2023,福建,本科提前批,物理类,,,,,
1061,福建师范大学(复合型公费师范，厦门),2023,福建,本科提前批,物理类,,,,,
1062,福建师范大学(复合型公费师范，漳州),2023,福建,本科提前批,物理类,,,,,
1063,福建师范大学(公费师范，福州),2023,福建,本科提前批,物理类,,,,,
1064,福建师范大学(公费师范，光泽县),2023,福建,本科提前批,物理类,,,,,
1065,福建师范大学(公费师范，龙岩),2023,福建,本科提前批,物理类,,,,,
1066,福建师范大学(公费师范，南平),2023,福建,本科提前批,物理类,,,,,
1067,福建师范大学(公费师范，宁德),2023,福建,本科提前批,物理类,,,,,
1068,福建师范大学(公费师范，平潭),2023,福建,本科提前批,物理类,,,,,
1069,福建师范大学(公费师范，莆田),2023,福建,本科提前批,物理类,,,,,
1070,福建师范大学(公费师范，泉州),2023,福建,本科提前批,物理类,,,,,
1071,福建师范大学(公费师范，三明),2023,福建,本科提前批,物理类,,,,,
1072,福建师范大学(公费师范，厦门),2023,福建,本科提前批,物理类,,,,,
1073,福建师范大学(公费师范，漳州),2023,福建,本科提前批,物理类,,,,,
1074,福建师范大学(中美合作),2023,福建,本科提前批,物理类,,,,,
1082,福建医科大学(定向专业，福州市),2023,福建,本科提前批,物理类,,,,,
1083,福建医科大学(定向专业，龙岩市),2023,福建,本科提前批,物理类,,,,,
1084,福建医科大学(定向专业，南平市),2023,福建,本科提前批,物理类,,,,,
1085,福建医科大学(定向专业，宁德市),2023,福建,本科提前批,物理类,,,,,
1086,福建医科大学(定向专业，平潭),2023,福建,本科提前批,物理类,,,,,
1087,福建医科大学(定向专业，三明市),2023,福建,本科提前批,物理类,,,,,
1088,福建医科大学(定向专业，漳州市),2023,福建,本科提前批,物理类,,,,,
1090,福建中医药大学(定向专业，福州市),2023,福建,本科提前批,物理类,,,,,
1091,福建中医药大学(定向专业，龙岩市),2023,福建,本科提前批,物理类,,,,,
1092,福建中医药大学(定向专业，南平市),2023,福建,本科提前批,物理类,,,,,
1093,福建中医药大学(定向专业，宁德市),2023,福建,本科提前批,物理类,,,,,
1094,福建中医药大学(定向专业，平潭),2023,福建,本科提前批,物理类,,,,,
1095,福建中医药大学(定向专业，三明市),2023,福建,本科提前批,物理类,,,,,
1096,福建中医药大学(定向专业，漳州市),2023,福建,本科提前批,物理类,,,,,
1113,集美大学,2023,福建,本科提前批,物理类,,,,,
1114,集美大学(公费师范，龙岩),2023,福建,本科提前批,物理类,,,,,
1115,集美大学(公费师范，南平),2023,福建,本科提前批,物理类,,,,,
1116,集美大学(公费师范，宁德),2023,福建,本科提前批,物理类,,,,,
1117,集美大学(公费师范，平潭),2023,福建,本科提前批,物理类,,,,,
1118,集美大学(公费师范，泉州),2023,福建,本科提前批,物理类,,,,,
1119,集美大学(公费师范，三明),2023,福建,本科提前批,物理类,,,,,
1120,集美大学(公费师范，厦门),2023,福建,本科提前批,物理类,,,,,
1121,集美大学(公费师范，漳州),2023,福建,本科提前批,物理类,,,,,
1122,集美大学(航海类),2023,福建,本科提前批,物理类,,,,,
1123,集美大学(面向厦门),2023,福建,本科提前批,物理类,,,,,
1126,龙岩学院,2023,福建,本科提前批,物理类,,,,,
1127,龙岩学院(面向龙岩),2023,福建,本科提前批,物理类,,,,,
1129,闽江学院,2023,福建,本科提前批,物理类,,,,,
1130,闽江学院公费师范，福清),2023,福建,本科提前批,物理类,,,,,
1131,闽江学院(公费师范，罗源),2023,福建,本科提前批,物理类,,,,,
1132,闽江学院(公费师范，闽侯),2023,福建,本科提前批,物理类,,,,,
1133,闽江学院(公费师范，闽清),2023,福建,本科提前批,物理类,,,,,
1134,闽江学院(公费师范，永泰),2023,福建,本科提前批,物理类,,,,,
1142,闽南师范大学,2023,福建,本科提前批,物理类,,,,,
1143,闽南师范大学(公费师范，福州),2023,福建,本科提前批,物理类,,,,,
1144,闽南师范大学(公费师范，龙岩),2023,福建,本科提前批,物理类,,,,,
1145,闽南师范大学(公费师范，南平),2023,福建,本科提前批,物理类,,,,,
1146,闽南师范大学(公费师范，宁德),2023,福建,本科提前批,物理类,,,,,
1147,闽南师范大学(公费师范，平潭),2023,福建,本科提前批,物理类,,,,,
1148,闽南师范大学(公费师范，莆田),2023,福建,本科提前批,物理类,,,,,
1149,闽南师范大学(公费师范，泉州),2023,福建,本科提前批,物理类,,,,,
1150,闽南师范大学(公费师范，三明),2023,福建,本科提前批,物理类,,,,,
1151,闽南师范大学(公费师范，厦门),2023,福建,本科提前批,物理类,,,,,
1152,闽南师范大学(公费师范，漳州),2023,福建,本科提前批,物理类,,,,,
1155,宁德师范学院,2023,福建,本科提前批,物理类,,,,,
1156,宁德师范学院(面向宁德),2023,福建,本科提前批,物理类,,,,,
1158,莆田学院,2023,福建,本科提前批,物理类,,,,,
1159,莆田学院(定向专业，龙岩市),2023,福建,本科提前批,物理类,,,,,
1160,莆田学院(定向专业，南平市),2023,福建,本科提前批,物理类,,,,,
1161,莆田学院(定向专业，宁德市),2023,福建,本科提前批,物理类,,,,,
1162,莆田学院(定问专业，平潭),2023,福建,本科提前批,物理类,,,,,
1163,莆田学院(定向专业，三明市),2023,福建,本科提前批,物理类,,,,,
1164,莆田学院(定向专业，漳州市),2023,福建,本科提前批,物理类,,,,,
1166,莆田学院(面向莆田),2023,福建,本科提前批,物理类,,,,,
1170,泉州师范学院,2023,福建,本科提前批,物理类,,,,,
1173,泉州师范学院(公费师范男生，南平),2023,福建,本科提前批,物理类,,,,,
1174,泉州师范学院(公费师范男生，宁德),2023,福建,本科提前批,物理类,,,,,
1175,泉州师范学院(公费师范男生，平潭),2023,福建,本科提前批,物理类,,,,,
1176,泉州师范学院(公费师范男生，泉州),2023,福建,本科提前批,物理类,,,,,
1177,泉州师范学院(公费师范男生，漳州),2023,福建,本科提前批,物理类,,,,,
1178,泉州师范学院(公费师范，福州),2023,福建,本科提前批,物理类,,,,,
1179,泉州师范学院(公费师范，龙岩),2023,福建,本科提前批,物理类,,,,,
1180,泉州师范学院(公费师范，南平),2023,福建,本科提前批,物理类,,,,,
1181,泉州师范学院(公费师范，宁德),2023,福建,本科提前批,物理类,,,,,
1182,泉州师范学院(公费师范，平潭),2023,福建,本科提前批,物理类,,,,,
1183,泉州师范学院(公费师范，泉州),2023,福建,本科提前批,物理类,,,,,
1184,泉州师范学院(公费师范，三明),2023,福建,本科提前批,物理类,,,,,
1185,泉州师范学院(公费师范，漳州),2023,福建,本科提前批,物理类,,,,,
1186,泉州师范学院(航海类),2023,福建,本科提前批,物理类,,,,,
1187,泉州师范学院(面问泉州),2023,福建,本科提前批,物理类,,,,,
1193,三明学院,2023,福建,本科提前批,物理类,,,,,
1194,三明学院(公费师范，建宁),2023,福建,本科提前批,物理类,,,,,
1195,三明学院(公费师范，将乐),2023,福建,本科提前批,物理类,,,,,
1196,三明学院(公费师范，明溪),2023,福建,本科提前批,物理类,,,,,
1197,三明学院(公费师范，宁化),2023,福建,本科提前批,物理类,,,,,
1198,三明学院(公费师范，清流),2023,福建,本科提前批,物理类,,,,,
1199,三明学院(公费师范，三元),2023,福建,本科提前批,物理类,,,,,
1200,三明学院(公费师范，沙县),2023,福建,本科提前批,物理类,,,,,
1201,三明学院(公费师范，泰宁),2023,福建,本科提前批,物理类,,,,,
1202,三明学院(公费师范，永安),2023,福建,本科提前批,物理类,,,,,
1203,三明学院(公费师范，尤溪),2023,福建,本科提前批,物理类,,,,,
1207,武夷学院,2023,福建,本科提前批,物理类,,,,,
1208,武夷学院(公费师范，光泽),2023,福建,本科提前批,物理类,,,,,
1209,武夷学院(公费师范，建瓯),2023,福建,本科提前批,物理类,,,,,
1210,武夷学院(公费师范，建阳),2023,福建,本科提前批,物理类,,,,,
1211,武夷学院(公费师范，浦城),2023,福建,本科提前批,物理类,,,,,
1212,武夷学院(公费师范，邵武),2023,福建,本科提前批,物理类,,,,,
1213,武夷学院(公费师范，顺昌),2023,福建,本科提前批,物理类,,,,,
1214,武夷学院(公费师范，松溪),2023,福建,本科提前批,物理类,,,,,
1215,武夷学院(公费师范，武夷山),2023,福建,本科提前批,物理类,,,,,
1216,武夷学院(公费师范，延平),2023,福建,本科提前批,物理类,,,,,
1217,武夷学院(公费师范：政和),2023,福建,本科提前批,物理类,,,,,
1235,厦门医学院(定向专业：龙岩市),2023,福建,本科提前批,物理类,,,,,
1236,厦门医学院(定向专业，南平市),2023,福建,本科提前批,物理类,,,,,
1237,厦门医学院(定向专业，宁德市),2023,福建,本科提前批,物理类,,,,,
1238,厦门医学院(定向专业，平潭),2023,福建,本科提前批,物理类,,,,,
1239,厦门医学院(定向专业，三明市),2023,福建,本科提前批,物理类,,,,,
1240,厦门医学院(定向专业，漳州市),2023,福建,本科提前批,物理类,,,,,
2283,北部湾大学,2023,福建,本科提前批,物理类,,,,,
2298,北京电子科技学院(男),2023,福建,本科提前批,物理类,,,,,
2299,北京电子科技学院(女),2023,福建,本科提前批,物理类,,,,,
2324,北京师范大学,2023,福建,本科提前批,物理类,,,,,
2331,北京外国语大学,2023,福建,本科提前批,物理类,,,,,
2340,北京语言大学,2023,福建,本科提前批,物理类,,,,,
2343,滨州学院,2023,福建,本科提前批,物理类,,,,,
2412,重庆交通大学,2023,福建,本科提前批,物理类,,,,,
2433,大连海事大学,2023,福建,本科提前批,物理类,,,,,
2435,大连海洋大学,2023,福建,本科提前批,物理类,,,,,
2464,东北师范大学,2023,福建,本科提前批,物理类,,,,,
2465,东北师范大学(公费师范),2023,福建,本科提前批,物理类,,,,,
2567,国防科技大学(男),2023,福建,本科提前批,物理类,,,,,
2568,国防科技大学(女),2023,福建,本科提前批,物理类,,,,,
2569,国际关系学院(男),2023,福建,本科提前批,物理类,,,,,
2570,国际关系学院(女),2023,福建,本科提前批,物理类,,,,,
2588,海军大连舰艇学院(男),2023,福建,本科提前批,物理类,,,,,
2589,海军工程大学(男),2023,福建,本科提前批,物理类,,,,,
2590,海军工程大学(女),2023,福建,本科提前批,物理类,,,,,
2591,海军航空大学,2023,福建,本科提前批,物理类,,,,,
2598,海南热带海洋学院,2023,福建,本科提前批,物理类,,,,,
2709,湖南大学,2023,福建,本科提前批,物理类,,,,,
2750,华东师范大学,2023,福建,本科提前批,物理类,,,,,
2751,华东政法大学,2023,福建,本科提前批,物理类,,,,,
2758,华中师范大学,2023,福建,本科提前批,物理类,,,,,
2767,火箭军工程大学(男),2023,福建,本科提前批,物理类,,,,,
2768,火箭军工程大学(女),2023,福建,本科提前批,物理类,,,,,
2771,吉林大学,2023,福建,本科提前批,物理类,,,,,
2839,空军工程大学(男),2023,福建,本科提前批,物理类,,,,,
2840,空军军医大学(男),2023,福建,本科提前批,物理类,,,,,
2841,空军军医大学(女),2023,福建,本科提前批,物理类,,,,,
2842,空军预警学院(男),2023,福建,本科提前批,物理类,,,,,
2844,昆明理工大学,2023,福建,本科提前批,物理类,,,,,
2851,昆山杜克大学,2023,福建,本科提前批,物理类,,,,,
2889,陆军步兵学院(男),2023,福建,本科提前批,物理类,,,,,
2890,陆军工程大学(男),2023,福建,本科提前批,物理类,,,,,
2891,陆军工程大学(女),2023,福建,本科提前批,物理类,,,,,
2892,陆军工程大学(人防系统),2023,福建,本科提前批,物理类,,,,,
2893,陆军军事交通学院(男),2023,福建,本科提前批,物理类,,,,,
2894,陆军军事交通学院(女),2023,福建,本科提前批,物理类,,,,,
2895,陆军军医大学(男),2023,福建,本科提前批,物理类,,,,,
2896,陆军军医大学(女),2023,福建,本科提前批,物理类,,,,,
2897,陆军特种作战学院(男),2023,福建,本科提前批,物理类,,,,,
2898,陆军装甲兵学院(男),2023,福建,本科提前批,物理类,,,,,
2926,南方科技大学,2023,福建,本科提前批,物理类,,,,,
2943,南京警察学院(男),2023,福建,本科提前批,物理类,,,,,
2944,南京警察学院(女),2023,福建,本科提前批,物理类,,,,,
2983,宁波大学,2023,福建,本科提前批,物理类,,,,,
3022,清华大学,2023,福建,本科提前批,物理类,,,,,
3042,山东交通学院,2023,福建,本科提前批,物理类,,,,,
3070,陕西师范大学,2023,福建,本科提前批,物理类,,,,,
3088,上海海关学院(男),2023,福建,本科提前批,物理类,,,,,
3089,上海海关学院(女),2023,福建,本科提前批,物理类,,,,,
3090,上海海事大学,2023,福建,本科提前批,物理类,,,,,
3099,上海科技大学,2023,福建,本科提前批,物理类,,,,,
3104,上海纽约大学,2023,福建,本科提前批,物理类,,,,,
3110,上海外国语大学,2023,福建,本科提前批,物理类,,,,,
3145,深圳北理莫斯科大学,2023,福建,本科提前批,物理类,,,,,
3174,四川外国语大学,2023,福建,本科提前批,物理类,,,,,
3232,外交学院,2023,福建,本科提前批,物理类,,,,,
3264,武汉理工大学,2023,福建,本科提前批,物理类,,,,,
3277,武警工程大学(男),2023,福建,本科提前批,物理类,,,,,
3278,武警工程大学(女),2023,福建,本科提前批,物理类,,,,,
3279,武警海警学院(男),2023,福建,本科提前批,物理类,,,,,
3280,武警海警学院(女),2023,福建,本科提前批,物理类,,,,,
3281,武警警官学院(男),2023,福建,本科提前批,物理类,,,,,
3282,武警特种警察学院(男),2023,福建,本科提前批,物理类,,,,,
3339,西南大学(其它类),2023,福建,本科提前批,物理类,,,,,
3354,香港城市大学,2023,福建,本科提前批,物理类,,,,,
3355,香港中文大学,2023,福建,本科提前批,物理类,,,,,
3356,香港中文大学(深圳),2023,福建,本科提前批,物理类,,,,,
3357,香港中文大学(深圳)(综合评价),2023,福建,本科提前批,物理类,,,,,
3368,新疆警察学院(男),2023,福建,本科提前批,物理类,,,,,
3420,战略支援部队航天工程大学(男),2023,福建,本科提前批,物理类,,,,,
3421,战略支援部队航天工程大学(女),2023,福建,本科提前批,物理类,,,,,
3422,战略支援部队信息工程大学(男),2023,福建,本科提前批,物理类,,,,,
3423,战略支援部队信息工程大学(女),2023,福建,本科提前批,物理类,,,,,
3444,浙江海洋大学,2023,福建,本科提前批,物理类,,,,,
3471,郑州警察学院(男),2023,福建,本科提前批,物理类,,,,,
3472,郑州警察学院(女),2023,福建,本科提前批,物理类,,,,,
3481,中国传媒大学,2023,福建,本科提前批,物理类,,,,,
3498,中国民航大学,2023,福建,本科提前批,物理类,,,,,
3499,中国民用航空飞行学院,2023,福建,本科提前批,物理类,,,,,
3503,中国人民大学,2023,福建,本科提前批,物理类,,,,,
3506,中国人民公安大学(男),2023,福建,本科提前批,物理类,,,,,
3507,中国人民公安大学(女),2023,福建,本科提前批,物理类,,,,,
3509,中国人民警察大学(男),2023,福建,本科提前批,物理类,,,,,
3510,中国人民警察大学(女),2023,福建,本科提前批,物理类,,,,,
3516,中国消防救援学院(男),2023,福建,本科提前批,物理类,,,,,
3517,中国刑事警察学院(男),2023,福建,本科提前批,物理类,,,,,
3518,中国刑事警察学院(女),2023,福建,本科提前批,物理类,,,,,
3528,中南财经政法大学(男),2023,福建,本科提前批,物理类,,,,,
3541,中央司法警官学院(男),2023,福建,本科提前批,物理类,,,,,
3542,中央司法警官学院(女),2023,福建,本科提前批,物理类,,,,,
1099,福州大学,2023,福建,高校农村专项计划,物理类,,,,,
1220,厦门大学,2023,福建,高校农村专项计划,物理类,,,,,
2294,北京大学,2023,福建,高校农村专项计划,物理类,,,,,
2306,北京航空航天大学,2023,福建,高校农村专项计划,物理类,,,,,
2308,北京化工大学,2023,福建,高校农村专项计划,物理类,,,,,
2311,北京交通大学,2023,福建,高校农村专项计划,物理类,,,,,
2315,北京科技大学,2023,福建,高校农村专项计划,物理类,,,,,
2317,北京理工大学,2023,福建,高校农村专项计划,物理类,,,,,
2322,北京林业大学,2023,福建,高校农村专项计划,物理类,,,,,
2326,北京师范大学(珠海校区),2023,福建,高校农村专项计划,物理类,,,,,
2337,北京邮电大学,2023,福建,高校农村专项计划,物理类,,,,,
2340,北京语言大学,2023,福建,高校农村专项计划,物理类,,,,,
2341,北京中医药大学,2023,福建,高校农村专项计划,物理类,,,,,
2348,长安大学,2023,福建,高校农村专项计划,物理类,,,,,
2406,重庆大学,2023,福建,高校农村专项计划,物理类,,,,,
2433,大连海事大学,2023,福建,高校农村专项计划,物理类,,,,,
2439,大连理工大学,2023,福建,高校农村专项计划,物理类,,,,,
2450,电子科技大学,2023,福建,高校农村专项计划,物理类,,,,,
2456,东北大学,2023,福建,高校农村专项计划,物理类,,,,,
2461,东北林业大学,2023,福建,高校农村专项计划,物理类,,,,,
2464,东北师范大学,2023,福建,高校农村专项计划,物理类,,,,,
2467,东华大学,2023,福建,高校农村专项计划,物理类,,,,,
2469,东南大学,2023,福建,高校农村专项计划,物理类,,,,,
2473,对外经济贸易大学,2023,福建,高校农村专项计划,物理类,,,,,
2476,复旦大学,2023,福建,高校农村专项计划,物理类,,,,,
2477,复旦大学医学院,2023,福建,高校农村专项计划,物理类,,,,,
2509,广西大学,2023,福建,高校农村专项计划,物理类,,,,,
2552,贵州大学,2023,福建,高校农村专项计划,物理类,,,,,
2572,哈尔滨工业大学,2023,福建,高校农村专项计划,物理类,,,,,
2575,哈尔滨工业大学(深圳市),2023,福建,高校农村专项计划,物理类,,,,,
2576,哈尔滨工业大学(威海),2023,福建,高校农村专项计划,物理类,,,,,
2642,合肥工业大学(宣城校区),2023,福建,高校农村专项计划,物理类,,,,,
2645,河海大学,2023,福建,高校农村专项计划,物理类,,,,,
2668,黑龙江大学,2023,福建,高校农村专项计划,物理类,,,,,
2709,湖南大学,2023,福建,高校农村专项计划,物理类,,,,,
2739,华北电力大学(保定),2023,福建,高校农村专项计划,物理类,,,,,
2740,华北电力大学(北京),2023,福建,高校农村专项计划,物理类,,,,,
2748,华东理工大学,2023,福建,高校农村专项计划,物理类,,,,,
2750,华东师范大学,2023,福建,高校农村专项计划,物理类,,,,,
2752,华南理工大学,2023,福建,高校农村专项计划,物理类,,,,,
2756,华中科技大学,2023,福建,高校农村专项计划,物理类,,,,,
2757,华中农业大学,2023,福建,高校农村专项计划,物理类,,,,,
2758,华中师范大学,2023,福建,高校农村专项计划,物理类,,,,,
2771,吉林大学,2023,福建,高校农村专项计划,物理类,,,,,
2798,江南大学,2023,福建,高校农村专项计划,物理类,,,,,
2855,兰州大学,2023,福建,高校农村专项计划,物理类,,,,,
2933,南京大学,2023,福建,高校农村专项计划,物理类,,,,,
2941,南京航空航天大学,2023,福建,高校农村专项计划,物理类,,,,,
2945,南京理工大学,2023,福建,高校农村专项计划,物理类,,,,,
2949,南京农业大学,2023,福建,高校农村专项计划,物理类,,,,,
2953,南京师范大学,2023,福建,高校农村专项计划,物理类,,,,,
2964,南开大学,2023,福建,高校农村专项计划,物理类,,,,,
3022,清华大学,2023,福建,高校农村专项计划,物理类,,,,,
3033,山东大学,2023,福建,高校农村专项计划,物理类,,,,,
3069,陕西师范大学,2023,福建,高校农村专项计划,物理类,,,,,
3075,上海财经大学,2023,福建,高校农村专项计划,物理类,,,,,
3077,上海大学,2023,福建,高校农村专项计划,物理类,,,,,
3095,上海交通大学,2023,福建,高校农村专项计划,物理类,,,,,
3096,上海交通大学医学院,2023,福建,高校农村专项计划,物理类,,,,,
3110,上海外国语大学,2023,福建,高校农村专项计划,物理类,,,,,
3158,四川大学,2023,福建,高校农村专项计划,物理类,,,,,
3181,苏州大学,2023,福建,高校农村专项计划,物理类,,,,,
3227,同济大学,2023,福建,高校农村专项计划,物理类,,,,,
3252,武汉大学,2023,福建,高校农村专项计划,物理类,,,,,
3264,武汉理工大学,2023,福建,高校农村专项计划,物理类,,,,,
3289,西安电子科技大学,2023,福建,高校农村专项计划,物理类,,,,,
3298,西安交通大学,2023,福建,高校农村专项计划,物理类,,,,,
3322,西北大学,2023,福建,高校农村专项计划,物理类,,,,,
3323,西北工业大学,2023,福建,高校农村专项计划,物理类,,,,,
3326,西北农林科技大学,2023,福建,高校农村专项计划,物理类,,,,,
3335,西南财经大学,2023,福建,高校农村专项计划,物理类,,,,,
3338,西南大学,2023,福建,高校农村专项计划,物理类,,,,,
3342,西南交通大学,2023,福建,高校农村专项计划,物理类,,,,,
3351,西南政法大学,2023,福建,高校农村专项计划,物理类,,,,,
3407,云南大学,2023,福建,高校农村专项计划,物理类,,,,,
3434,浙江大学,2023,福建,高校农村专项计划,物理类,,,,,
3481,中国传媒大学,2023,福建,高校农村专项计划,物理类,,,,,
3484,中国地质大学(北京),2023,福建,高校农村专项计划,物理类,,,,,
3485,中国地质大学(武汉),2023,福建,高校农村专项计划,物理类,,,,,
3487,中国海洋大学,2023,福建,高校农村专项计划,物理类,,,,,
3491,中国科学技术大学,2023,福建,高校农村专项计划,物理类,,,,,
3493,中国矿业大学,2023,福建,高校农村专项计划,物理类,,,,,
3500,中国农业大学,2023,福建,高校农村专项计划,物理类,,,,,
3503,中国人民大学,2023,福建,高校农村专项计划,物理类,,,,,
3512,中国石油大学(北京),2023,福建,高校农村专项计划,物理类,,,,,
3513,中国石油大学(北京)克拉玛依校区),2023,福建,高校农村专项计划,物理类,,,,,
3514,中国石油大学(华东),2023,福建,高校农村专项计划,物理类,,,,,
3519,中国药科大学,2023,福建,高校农村专项计划,物理类,,,,,
3524,中国政法大学,2023,福建,高校农村专项计划,物理类,,,,,
3527,中南财经政法大学,2023,福建,高校农村专项计划,物理类,,,,,
3530,中南大学,2023,福建,高校农村专项计划,物理类,,,,,
3535,中山大学,2023,福建,高校农村专项计划,物理类,,,,,
3536,中央财经大学,2023,福建,高校农村专项计划,物理类,,,,,
