school_id,school_name,year,province,batch,subject,major_group,major,score,rank,plan
1166,北京培黎职业学院,2025,重庆,专科批,历史类,,,418,41336,
1223,天津市职业大学,2025,重庆,专科批,历史类,,,469,22503,
1228,天津现代职业技术学院,2025,重庆,专科批,历史类,,,398,35576,
1229,天津轻工职业技术学院,2025,重庆,专科批,历史类,,,420,40752,
1234,天津交通职业学院,2025,重庆,专科批,历史类,,,416,41973,
1237,天津石油职业技术学院,2025,重庆,专科批,历史类,,,381,48709,
1238,天津国土资源和房屋职业学院,2025,重庆,专科批,历史类,,,383,40440,
1248,天津城市建设管理职业技术学院,2025,重庆,专科批,历史类,,,374,49804,
1249,天津海运职业学院,2025,重庆,专科批,历史类,,,440,34669,
1253,天津城市职业学院,2025,重庆,专科批,历史类,,,462,20074,
1272,天津铁道职业技术学院,2025,重庆,专科批,历史类,,,432,32576,
1274,天津生物工程职业技术学院,2025,重庆,专科批,历史类,,,369,18730,
1323,邯郸职业技术学院,2025,重庆,专科批,历史类,,,412,43150,
1324,石家庄铁路职业技术学院,2025,重庆,专科批,历史类,,,469,21660,
1326,河北建材职业技术学院,2025,重庆,专科批,历史类,,,356,57321,
1328,河北软件职业技术学院,2025,重庆,专科批,历史类,,,360,57575,
1329,秦皇岛职业技术学院,2025,重庆,专科批,历史类,,,351,46382,
1330,唐山职业技术学院,2025,重庆,专科批,历史类,,,403,31993,
1332,河北旅游职业学院,2025,重庆,专科批,历史类,,,367,50372,
1334,河北化工医药职业技术学院,2025,重庆,专科批,历史类,,,340,47272,
1337,石家庄邮电职业技术学院,2025,重庆,专科批,历史类,,,497,17973,
1341,河北能源职业技术学院,2025,重庆,专科批,历史类,,,357,58373,
1347,河北对外经贸职业学院,2025,重庆,专科批,历史类,,,343,41973,
1349,石家庄工商职业学院,2025,重庆,专科批,历史类,,,235,66347,
1350,河北交通职业技术学院,2025,重庆,专科批,历史类,,,377,53097,
1352,邢台医学院,2025,重庆,专科批,历史类,,,428,28184,
1377,石家庄科技信息职业学院,2025,重庆,专科批,历史类,,,180,45237,
1383,石家庄医学高等专科学校,2025,重庆,专科批,历史类,,,180,41037,
1384,河北司法警官职业学院,2025,重庆,专科批,历史类,,,434,32868,
1392,石家庄人民医学高等专科学校,2025,重庆,专科批,历史类,,,364,41973,
1440,临汾职业技术学院,2025,重庆,专科批,历史类,,,404,45237,
1454,运城护理职业学院,2025,重庆,专科批,历史类,,,405,24430,
1455,运城幼儿师范高等专科学校,2025,重庆,专科批,历史类,,,336,49804,
1464,太原幼儿师范高等专科学校,2025,重庆,专科批,历史类,,,348,60477,
1476,阳泉师范高等专科学校,2025,重庆,专科批,历史类,,,358,55229,
1485,山西卫生健康职业学院,2025,重庆,专科批,历史类,,,439,25876,
1545,满洲里俄语职业学院,2025,重庆,专科批,历史类,,,341,62004,
2132,大连财经学院,2025,重庆,专科批,历史类,,,336,40141,
2134,铁岭师范高等专科学校,2025,重庆,专科批,历史类,,,323,55782,
2135,辽宁省交通高等专科学校,2025,重庆,专科批,历史类,,,377,40440,
2137,大连职业技术学院,2025,重庆,专科批,历史类,,,350,53669,
2140,辽宁机电职业技术学院,2025,重庆,专科批,历史类,,,340,54687,
2142,辽宁广告职业学院,2025,重庆,专科批,历史类,,,180,68592,
2145,锦州师范高等专科学校,2025,重庆,专科批,历史类,,,360,47272,
2146,辽宁农业职业技术学院,2025,重庆,专科批,历史类,,,342,38984,
2149,抚顺职业技术学院,2025,重庆,专科批,历史类,,,342,54426,
2156,辽宁职业学院,2025,重庆,专科批,历史类,,,361,49804,
2171,沈阳职业技术学院,2025,重庆,专科批,历史类,,,354,53392,
2179,朝阳师范学院,2025,重庆,专科批,历史类,,,413,21940,
2188,沈阳北软信息职业技术学院,2025,重庆,专科批,历史类,,,326,64889,
2191,抚顺师范高等专科学校,2025,重庆,专科批,历史类,,,338,54168,
2192,营口职业技术学院,2025,重庆,专科批,历史类,,,370,34957,
2193,盘锦职业技术学院,2025,重庆,专科批,历史类,,,350,42272,
2196,辽宁何氏医学院,2025,重庆,专科批,历史类,,,331,64006,
2199,大连汽车职业技术学院,2025,重庆,专科批,历史类,,,260,64889,
2226,长春金融高等专科学校,2025,重庆,专科批,历史类,,,426,36211,
2227,长春医学高等专科学校,2025,重庆,专科批,历史类,,,461,19556,
2228,吉林交通职业技术学院,2025,重庆,专科批,历史类,,,336,59335,
2240,吉林电子信息职业技术学院,2025,重庆,专科批,历史类,,,407,44661,
2245,吉林司法警官职业学院,2025,重庆,专科批,历史类,,,418,41336,
2267,白城职业技术学院,2025,重庆,专科批,历史类,,,372,54426,
2268,长春健康职业学院,2025,重庆,专科批,历史类,,,343,61580,
2321,牡丹江大学,2025,重庆,专科批,历史类,,,341,51518,
2325,黑龙江农业工程职业学院,2025,重庆,专科批,历史类,,,344,35253,
2326,黑龙江农垦职业学院,2025,重庆,专科批,历史类,,,347,49528,
2327,哈尔滨铁道职业技术学院,2025,重庆,专科批,历史类,,,410,35919,
2336,黑龙江生态工程职业学院,2025,重庆,专科批,历史类,,,343,61580,
2341,黑龙江农业经济职业学院,2025,重庆,专科批,历史类,,,346,60903,
2342,黑龙江林业职业技术学院,2025,重庆,专科批,历史类,,,327,59576,
2347,黑龙江能源职业学院,2025,重庆,专科批,历史类,,,361,57321,
2351,齐齐哈尔高等师范专科学校,2025,重庆,专科批,历史类,,,335,48421,
2364,黑龙江交通职业技术学院,2025,重庆,专科批,历史类,,,390,37799,
2366,伊春职业学院,2025,重庆,专科批,历史类,,,406,38984,
2367,大庆职业学院,2025,重庆,专科批,历史类,,,354,34367,
2368,大兴安岭职业学院,2025,重庆,专科批,历史类,,,398,47272,
2371,大庆医学高等专科学校,2025,重庆,专科批,历史类,,,411,27581,
2373,黑龙江幼儿师范高等专科学校,2025,重庆,专科批,历史类,,,337,60253,
2374,哈尔滨科学技术职业学院,2025,重庆,专科批,历史类,,,340,52846,
2375,佳木斯职业学院,2025,重庆,专科批,历史类,,,324,65225,
2376,黑龙江护理高等专科学校,2025,重庆,专科批,历史类,,,391,34367,
2379,哈尔滨幼儿师范高等专科学校,2025,重庆,专科批,历史类,,,333,49804,
2388,哈尔滨北方航空职业技术学院,2025,重庆,专科批,历史类,,,313,66826,
3122,上海旅游高等专科学校,2025,重庆,专科批,历史类,,,426,29657,
3123,上海济光职业技术学院,2025,重庆,专科批,历史类,,,386,50698,
3128,上海工艺美术职业学院,2025,重庆,专科批,历史类,,,441,31706,
3152,上海城建职业学院,2025,重庆,专科批,历史类,,,424,28184,
3153,上海交通职业技术学院,2025,重庆,专科批,历史类,,,415,35253,
3160,上海出版印刷高等专科学校,2025,重庆,专科批,历史类,,,433,34367,
3173,上海邦德职业技术学院,2025,重庆,专科批,历史类,,,375,53392,
3176,上海民航职业技术学院,2025,重庆,专科批,历史类,,,419,36211,
3177,上海科学技术职业学院,2025,重庆,专科批,历史类,,,438,33442,
3243,江苏海事职业技术学院,2025,重庆,专科批,历史类,,,490,20354,
3253,江苏农牧科技职业学院,2025,重庆,专科批,历史类,,,431,19798,
3256,苏州百年职业学院,2025,重庆,专科批,历史类,,,180,73373,
3272,太湖创意职业技术学院,2025,重庆,专科批,历史类,,,282,63617,
3279,苏州高博职业学院,2025,重庆,专科批,历史类,,,291,69656,
3291,江苏城市职业学院,2025,重庆,专科批,历史类,,,419,28184,
3293,连云港职业技术学院,2025,重庆,专科批,历史类,,,434,36516,
3294,镇江市高等专科学校,2025,重庆,专科批,历史类,,,393,44340,
3296,苏州职业技术大学,2025,重庆,专科批,历史类,,,343,19798,
3315,浙江工贸职业技术学院,2025,重庆,专科批,历史类,,,434,20603,
3334,浙江机电职业技术大学,2025,重庆,专科批,历史类,,,436,35919,
3354,浙江商业职业技术学院,2025,重庆,专科批,历史类,,,425,22215,
3355,浙江经济职业技术学院,2025,重庆,专科批,历史类,,,443,29657,
3379,浙江工商职业技术学院,2025,重庆,专科批,历史类,,,427,34367,
3436,马鞍山师范高等专科学校,2025,重庆,专科批,历史类,,,373,53669,
3438,安徽新闻出版职业技术学院,2025,重庆,专科批,历史类,,,382,42554,
3462,安徽审计职业学院,2025,重庆,专科批,历史类,,,432,37168,
3472,合肥通用职业技术学院,2025,重庆,专科批,历史类,,,368,45825,
3479,宣城职业技术学院,2025,重庆,专科批,历史类,,,379,41037,
3515,黎明职业大学,2025,重庆,专科批,历史类,,,411,43442,
3517,漳州职业技术学院,2025,重庆,专科批,历史类,,,438,35253,
3523,泉州纺织服装职业学院,2025,重庆,专科批,历史类,,,283,68472,
3531,厦门华天涉外职业技术学院,2025,重庆,专科批,历史类,,,346,60903,
3541,泉州经贸职业技术学院,2025,重庆,专科批,历史类,,,357,52587,
3563,三明医学科技职业学院,2025,重庆,专科批,历史类,,,352,39557,
3564,泉州轻工职业学院,2025,重庆,专科批,历史类,,,180,61138,
3573,泉州海洋职业学院,2025,重庆,专科批,历史类,,,261,65381,
3583,厦门城市职业学院,2025,重庆,专科批,历史类,,,422,34367,
3593,福州墨尔本理工职业学院,2025,重庆,专科批,历史类,,,338,62662,
3598,福州软件职业技术学院,2025,重庆,专科批,历史类,,,180,73373,
3614,江西医学高等专科学校,2025,重庆,专科批,历史类,,,418,36860,
3631,九江职业大学,2025,重庆,专科批,历史类,,,397,38697,
3633,江西职业技术大学,2025,重庆,专科批,历史类,,,421,36211,
3636,南昌理工学院,2025,重庆,专科批,历史类,,,291,48981,
3637,江西司法警官职业学院,2025,重庆,专科批,历史类,,,408,38697,
3639,江西电力职业技术学院,2025,重庆,专科批,历史类,,,433,25005,
3641,江西机电职业技术学院,2025,重庆,专科批,历史类,,,363,19001,
3644,江西交通职业技术学院,2025,重庆,专科批,历史类,,,421,39838,
3646,江西财经职业学院,2025,重庆,专科批,历史类,,,403,38984,
3647,江西应用技术职业学院,2025,重庆,专科批,历史类,,,445,33174,
3648,江西现代职业技术学院,2025,重庆,专科批,历史类,,,386,43442,
3649,南昌工学院,2025,重庆,专科批,历史类,,,302,68472,
3650,南昌职业大学,2025,重庆,专科批,历史类,,,180,73373,
3652,江西科技职业学院,2025,重庆,专科批,历史类,,,313,63802,
3658,江西环境工程职业学院,2025,重庆,专科批,历史类,,,382,51006,
3659,宜春职业技术学院,2025,重庆,专科批,历史类,,,440,34669,
3661,江西建设职业技术学院,2025,重庆,专科批,历史类,,,362,54168,
3664,江西软件职业技术大学,2025,重庆,专科批,历史类,,,287,67146,
3670,抚州医药学院,2025,重庆,专科批,历史类,,,430,31993,
3673,江西信息应用职业技术学院,2025,重庆,专科批,历史类,,,432,37168,
3675,江西工程职业学院,2025,重庆,专科批,历史类,,,340,62215,
3682,江西新能源科技职业学院,2025,重庆,专科批,历史类,,,294,59335,
3683,江西水利职业学院,2025,重庆,专科批,历史类,,,336,47538,
3685,江西工商职业技术学院,2025,重庆,专科批,历史类,,,180,47272,
3686,江西洪州职业学院,2025,重庆,专科批,历史类,,,320,65861,
3690,江西航空职业技术学院,2025,重庆,专科批,历史类,,,330,59816,
3691,江西枫林涉外经贸职业学院,2025,重庆,专科批,历史类,,,180,70957,
3693,景德镇陶瓷职业技术学院,2025,重庆,专科批,历史类,,,180,63052,
3695,抚州职业技术学院,2025,重庆,专科批,历史类,,,389,44934,
3696,宜春幼儿师范高等专科学校,2025,重庆,专科批,历史类,,,324,47855,
3697,吉安职业技术学院,2025,重庆,专科批,历史类,,,342,35919,
3698,赣南卫生健康职业学院,2025,重庆,专科批,历史类,,,407,36516,
3721,山东水利职业学院,2025,重庆,专科批,历史类,,,364,45237,
3723,山东力明科技职业学院,2025,重庆,专科批,历史类,,,351,45530,
3724,青岛酒店管理职业技术学院,2025,重庆,专科批,历史类,,,378,52846,
3729,青岛求实职业技术学院,2025,重庆,专科批,历史类,,,278,65225,
3731,青岛黄海学院,2025,重庆,专科批,历史类,,,180,73373,
3733,山东畜牧兽医职业学院,2025,重庆,专科批,历史类,,,454,28475,
3736,曲阜远东职业技术学院,2025,重庆,专科批,历史类,,,180,48709,
3737,青岛港湾职业技术学院,2025,重庆,专科批,历史类,,,395,37799,
3747,日照职业技术学院,2025,重庆,专科批,历史类,,,436,29657,
3766,齐鲁理工学院,2025,重庆,专科批,历史类,,,368,55516,
3774,山东外国语职业技术大学,2025,重庆,专科批,历史类,,,180,48709,
3784,山东海事职业学院,2025,重庆,专科批,历史类,,,241,48160,
3798,菏泽家政职业学院,2025,重庆,专科批,历史类,,,385,51006,
4126,开封大学,2025,重庆,专科批,历史类,,,414,38086,
4133,焦作大学,2025,重庆,专科批,历史类,,,424,39557,
4135,焦作师范高等专科学校,2025,重庆,专科批,历史类,,,375,53669,
4139,鹤壁职业技术学院,2025,重庆,专科批,历史类,,,354,46956,
4150,漯河职业技术学院,2025,重庆,专科批,历史类,,,357,53669,
4151,三门峡职业技术学院,2025,重庆,专科批,历史类,,,377,49528,
4155,信阳职业技术学院,2025,重庆,专科批,历史类,,,368,41037,
4170,周口职业技术学院,2025,重庆,专科批,历史类,,,336,46382,
4182,开封文化艺术职业学院,2025,重庆,专科批,历史类,,,409,44040,
4186,郑州健康学院,2025,重庆,专科批,历史类,,,421,37799,
4188,安阳幼儿师范高等专科学校,2025,重庆,专科批,历史类,,,342,56302,
4189,河南医学高等专科学校,2025,重庆,专科批,历史类,,,426,38984,
4191,平顶山工业职业技术学院,2025,重庆,专科批,历史类,,,352,58625,
4193,济源职业技术学院,2025,重庆,专科批,历史类,,,361,46382,
4197,河南护理职业学院,2025,重庆,专科批,历史类,,,414,42554,
4239,鄂州职业大学,2025,重庆,专科批,历史类,,,387,41037,
4240,武汉职业技术大学,2025,重庆,专科批,历史类,,,437,27581,
4241,武汉船舶职业技术学院,2025,重庆,专科批,历史类,,,377,30235,
4243,黄冈职业技术学院,2025,重庆,专科批,历史类,,,377,21940,
4244,湖北职业技术学院,2025,重庆,专科批,历史类,,,397,23065,
4247,襄阳职业技术学院,2025,重庆,专科批,历史类,,,424,21111,
4248,恩施职业技术学院,2025,重庆,专科批,历史类,,,346,50698,
4250,武汉生物工程学院,2025,重庆,专科批,历史类,,,342,40752,
4251,湖北交通职业技术学院,2025,重庆,专科批,历史类,,,397,33759,
4252,仙桃职业学院,2025,重庆,专科批,历史类,,,358,41037,
4253,荆州职业技术学院,2025,重庆,专科批,历史类,,,381,44340,
4255,武汉软件工程职业学院,2025,重庆,专科批,历史类,,,446,32868,
4256,武汉电力职业技术学院,2025,重庆,专科批,历史类,,,456,29956,
4257,湖北水利水电职业技术学院,2025,重庆,专科批,历史类,,,408,40440,
4258,武汉商贸职业学院,2025,重庆,专科批,历史类,,,345,43442,
4259,武汉科技职业学院,2025,重庆,专科批,历史类,,,313,63427,
4261,武汉警官职业学院,2025,重庆,专科批,历史类,,,435,17460,
4262,随州职业技术学院,2025,重庆,专科批,历史类,,,341,42853,
4263,武汉交通职业学院,2025,重庆,专科批,历史类,,,386,23598,
4264,咸宁职业技术学院,2025,重庆,专科批,历史类,,,368,43752,
4265,长江工程职业技术学院,2025,重庆,专科批,历史类,,,405,37498,
4267,湖北生态工程职业技术学院,2025,重庆,专科批,历史类,,,386,47538,
4268,湖北生物科技职业学院,2025,重庆,专科批,历史类,,,374,39281,
4274,湖北开放职业学院,2025,重庆,专科批,历史类,,,332,63802,
4276,湖北三峡职业技术学院,2025,重庆,专科批,历史类,,,381,37498,
4278,湖北恩施学院,2025,重庆,专科批,历史类,,,400,45237,
4280,武汉铁路职业技术学院,2025,重庆,专科批,历史类,,,421,17015,
4282,江汉艺术职业学院,2025,重庆,专科批,历史类,,,355,43150,
4285,武汉城市职业学院,2025,重庆,专科批,历史类,,,382,51784,
4286,三峡大学科技学院,2025,重庆,专科批,历史类,,,423,37168,
4289,湖北国土资源职业学院,2025,重庆,专科批,历史类,,,414,39838,
4296,湖北城市建设职业技术学院,2025,重庆,专科批,历史类,,,359,46956,
4299,荆州理工职业学院,2025,重庆,专科批,历史类,,,356,47272,
4329,长沙航空职业技术学院,2025,重庆,专科批,历史类,,,449,31130,
4330,长沙民政职业技术学院,2025,重庆,专科批,历史类,,,395,18730,
4331,湖南工业职业技术学院,2025,重庆,专科批,历史类,,,403,45825,
4335,湖南铁道职业技术学院,2025,重庆,专科批,历史类,,,407,22779,
4336,永州职业技术学院,2025,重庆,专科批,历史类,,,378,37168,
4337,湘潭医卫职业技术学院,2025,重庆,专科批,历史类,,,424,34367,
4338,湖南商务职业技术学院,2025,重庆,专科批,历史类,,,368,44040,
4339,郴州职业技术学院,2025,重庆,专科批,历史类,,,381,26437,
4341,张家界航空工业职业技术学院,2025,重庆,专科批,历史类,,,423,37498,
4342,湖南工程职业技术学院,2025,重庆,专科批,历史类,,,396,38399,
4343,长沙环境保护职业技术学院,2025,重庆,专科批,历史类,,,395,48160,
4344,湖南机电职业技术学院,2025,重庆,专科批,历史类,,,376,53392,
4348,怀化职业技术学院,2025,重庆,专科批,历史类,,,365,35576,
4351,湖南民族职业学院,2025,重庆,专科批,历史类,,,359,49804,
4355,常德职业技术学院,2025,重庆,专科批,历史类,,,368,37799,
4356,湖南应用技术学院,2025,重庆,专科批,历史类,,,180,66997,
4360,湖南石油化工职业技术学院,2025,重庆,专科批,历史类,,,430,37799,
4363,湖南科技职业学院,2025,重庆,专科批,历史类,,,379,52587,
4364,岳阳职业技术学院,2025,重庆,专科批,历史类,,,383,33759,
4372,湖南大众传媒职业技术学院,2025,重庆,专科批,历史类,,,437,30824,
4373,湖南交通职业技术学院,2025,重庆,专科批,历史类,,,452,31130,
4377,湖南环境生物职业技术学院,2025,重庆,专科批,历史类,,,420,37168,
4378,湖南城建职业技术学院,2025,重庆,专科批,历史类,,,391,49253,
4380,湘西民族职业技术学院,2025,重庆,专科批,历史类,,,364,41680,
4383,湖南高速铁路职业技术学院,2025,重庆,专科批,历史类,,,471,22215,
4389,湖南司法警官职业学院,2025,重庆,专科批,历史类,,,438,34669,
4393,湖南外国语职业学院,2025,重庆,专科批,历史类,,,180,71040,
4396,湖南汽车工程职业大学,2025,重庆,专科批,历史类,,,411,40752,
4397,湖南安全技术职业学院,2025,重庆,专科批,历史类,,,406,44934,
4419,广东南华工商职业学院,2025,重庆,专科批,历史类,,,411,40141,
4421,广州民航职业技术学院,2025,重庆,专科批,历史类,,,366,17245,
4428,广东亚视演艺职业学院,2025,重庆,专科批,历史类,,,285,36516,
4430,珠海艺术职业学院,2025,重庆,专科批,历史类,,,304,68235,
4437,广东工贸职业技术学院,2025,重庆,专科批,历史类,,,440,34669,
4439,广东轻工职业技术大学,2025,重庆,专科批,历史类,,,444,31130,
4453,茂名职业技术学院,2025,重庆,专科批,历史类,,,378,52846,
4481,广东文理职业学院,2025,重庆,专科批,历史类,,,199,63802,
4483,广东科学技术职业学院,2025,重庆,专科批,历史类,,,434,34085,
4498,广州卫生职业技术学院,2025,重庆,专科批,历史类,,,431,19282,
4499,湛江幼儿师范专科学校,2025,重庆,专科批,历史类,,,352,52587,
4503,桂林理工大学,2025,重庆,专科批,历史类,,,428,29374,
4513,桂林旅游学院,2025,重庆,专科批,历史类,,,438,35253,
4517,南宁职业技术大学,2025,重庆,专科批,历史类,,,412,43150,
4523,广西工业职业技术学院,2025,重庆,专科批,历史类,,,377,49528,
4540,广西国际商务职业技术学院,2025,重庆,专科批,历史类,,,331,55516,
4551,柳州城市职业学院,2025,重庆,专科批,历史类,,,379,48981,
4553,广西电力职业技术学院,2025,重庆,专科批,历史类,,,408,36860,
4557,梧州职业学院,2025,重庆,专科批,历史类,,,336,55782,
4558,广西机电职业技术学院,2025,重庆,专科批,历史类,,,362,57053,
4560,广西卫生职业技术学院,2025,重庆,专科批,历史类,,,418,25005,
4564,广西幼儿师范高等专科学校,2025,重庆,专科批,历史类,,,351,37168,
4567,广西经济职业学院,2025,重庆,专科批,历史类,,,275,50066,
4571,广西理工职业技术学院,2025,重庆,专科批,历史类,,,285,70213,
4575,广西自然资源职业技术学院,2025,重庆,专科批,历史类,,,341,45825,
4576,钦州幼儿师范高等专科学校,2025,重庆,专科批,历史类,,,329,57841,
4579,梧州医学高等专科学校,2025,重庆,专科批,历史类,,,356,39281,
4580,桂林生命与健康职业技术学院,2025,重庆,专科批,历史类,,,313,56564,
4588,北海康养职业学院,2025,重庆,专科批,历史类,,,213,63617,
4605,海南职业技术学院,2025,重庆,专科批,历史类,,,359,51784,
4606,海口经济学院,2025,重庆,专科批,历史类,,,180,73373,
4607,三亚城市职业学院,2025,重庆,专科批,历史类,,,280,52329,
4608,海南软件职业技术学院,2025,重庆,专科批,历史类,,,396,47855,
4613,海南外国语职业学院,2025,重庆,专科批,历史类,,,376,34085,
4616,三亚航空旅游职业学院,2025,重庆,专科批,历史类,,,180,46956,
4617,三亚理工职业学院,2025,重庆,专科批,历史类,,,270,69031,
4620,海南科技职业大学,2025,重庆,专科批,历史类,,,180,72229,
4626,三亚中瑞酒店管理职业学院,2025,重庆,专科批,历史类,,,235,58862,
4627,海南健康管理职业技术学院,2025,重庆,专科批,历史类,,,263,71800,
4629,海南东方新丝路职业学院,2025,重庆,专科批,历史类,,,180,73373,
4631,三亚护理职业学院,2025,重庆,专科批,历史类,,,180,69460,
5028,重庆电子科技职业大学,2025,重庆,专科批,历史类,,,433,21660,
5030,重庆电力高等专科学校,2025,重庆,专科批,历史类,,,407,18730,
5031,重庆航天职业技术学院,2025,重庆,专科批,历史类,,,418,27885,
5032,重庆工业职业技术大学,2025,重庆,专科批,历史类,,,422,29044,
5033,重庆工程职业技术学院,2025,重庆,专科批,历史类,,,421,34957,
5034,重庆城市管理职业学院,2025,重庆,专科批,历史类,,,428,22215,
5037,重庆信息技术职业学院,2025,重庆,专科批,历史类,,,293,54687,
5038,重庆海联职业技术学院,2025,重庆,专科批,历史类,,,289,54168,
5039,重庆传媒职业学院,2025,重庆,专科批,历史类,,,267,60018,
5040,重庆工商职业学院,2025,重庆,专科批,历史类,,,411,35253,
5041,重庆建筑科技职业学院,2025,重庆,专科批,历史类,,,312,49804,
5042,重庆三峡职业学院,2025,重庆,专科批,历史类,,,389,26437,
5043,重庆工贸职业技术学院,2025,重庆,专科批,历史类,,,359,38399,
5046,重庆财经职业学院,2025,重庆,专科批,历史类,,,382,38399,
5047,重庆水利电力职业技术学院,2025,重庆,专科批,历史类,,,375,38984,
5050,重庆机电职业技术大学,2025,重庆,专科批,历史类,,,385,51006,
5054,重庆城市职业学院,2025,重庆,专科批,历史类,,,365,38984,
5056,重庆应用技术职业学院,2025,重庆,专科批,历史类,,,257,66026,
5058,重庆电讯职业学院,2025,重庆,专科批,历史类,,,261,62215,
5059,重庆三峡医药高等专科学校,2025,重庆,专科批,历史类,,,437,16786,
5060,重庆医药高等专科学校,2025,重庆,专科批,历史类,,,437,13442,
5061,重庆化工职业学院,2025,重庆,专科批,历史类,,,368,38984,
5062,重庆青年职业技术学院,2025,重庆,专科批,历史类,,,381,40440,
5064,重庆科创职业学院,2025,重庆,专科批,历史类,,,324,47855,
5065,重庆建筑工程职业学院,2025,重庆,专科批,历史类,,,386,35919,
5066,重庆能源职业学院,2025,重庆,专科批,历史类,,,180,58373,
5067,重庆商务职业学院,2025,重庆,专科批,历史类,,,396,35253,
5069,重庆交通职业学院,2025,重庆,专科批,历史类,,,316,45530,
5071,重庆旅游职业学院,2025,重庆,专科批,历史类,,,360,39557,
5072,重庆现代制造职业学院,2025,重庆,专科批,历史类,,,267,62662,
5073,重庆安防职业学院,2025,重庆,专科批,历史类,,,253,64006,
5077,重庆五一职业技术学院,2025,重庆,专科批,历史类,,,360,43752,
5078,重庆电信职业学院,2025,重庆,专科批,历史类,,,308,59576,
5079,重庆公共运输职业学院,2025,重庆,专科批,历史类,,,308,41336,
5080,重庆艺术工程职业学院,2025,重庆,专科批,历史类,,,180,66524,
5081,重庆轻工职业学院,2025,重庆,专科批,历史类,,,265,56025,
5082,重庆安全技术职业学院,2025,重庆,专科批,历史类,,,356,43752,
5083,重庆经贸职业学院,2025,重庆,专科批,历史类,,,278,57321,
5084,重庆文化艺术职业学院,2025,重庆,专科批,历史类,,,382,41680,
5085,重庆科技职业学院,2025,重庆,专科批,历史类,,,266,57321,
5086,重庆理工职业学院,2025,重庆,专科批,历史类,,,279,59110,
5087,重庆幼儿师范高等专科学校,2025,重庆,专科批,历史类,,,355,35253,
5088,重庆智能工程职业学院,2025,重庆,专科批,历史类,,,277,57321,
5089,重庆健康职业学院,2025,重庆,专科批,历史类,,,180,66189,
5090,重庆工信职业学院,2025,重庆,专科批,历史类,,,370,36516,
5091,重庆数字产业职业技术学院,2025,重庆,专科批,历史类,,,180,71439,
5093,重庆护理职业学院,2025,重庆,专科批,历史类,,,280,50066,
5099,重庆资源与环境保护职业学院,2025,重庆,专科批,历史类,,,180,66347,
5131,四川传媒学院,2025,重庆,专科批,历史类,,,401,46382,
5134,四川工商学院,2025,重庆,专科批,历史类,,,350,56564,
5135,成都外国语学院,2025,重庆,专科批,历史类,,,266,51006,
5140,成都纺织高等专科学校,2025,重庆,专科批,历史类,,,407,26996,
5141,民办四川天一学院,2025,重庆,专科批,历史类,,,273,63802,
5142,成都航空职业技术大学,2025,重庆,专科批,历史类,,,428,34669,
5143,四川交通职业技术学院,2025,重庆,专科批,历史类,,,428,25304,
5144,达州职业技术学院,2025,重庆,专科批,历史类,,,434,35919,
5145,四川机电职业技术学院,2025,重庆,专科批,历史类,,,399,46956,
5146,四川工程职业技术大学,2025,重庆,专科批,历史类,,,406,32265,
5148,绵阳职业技术学院,2025,重庆,专科批,历史类,,,391,49253,
5149,四川工商职业技术学院,2025,重庆,专科批,历史类,,,380,47855,
5150,四川建筑职业技术学院,2025,重庆,专科批,历史类,,,381,50372,
5152,四川国际标榜职业学院,2025,重庆,专科批,历史类,,,180,72508,
5153,成都农业科技职业学院,2025,重庆,专科批,历史类,,,411,28475,
5154,宜宾职业技术学院,2025,重庆,专科批,历史类,,,362,55229,
5156,四川托普信息技术职业学院,2025,重庆,专科批,历史类,,,280,65381,
5157,四川职业技术学院,2025,重庆,专科批,历史类,,,380,42272,
5159,泸州职业技术学院,2025,重庆,专科批,历史类,,,390,39838,
5160,乐山职业技术学院,2025,重庆,专科批,历史类,,,389,49804,
5161,成都职业技术学院,2025,重庆,专科批,历史类,,,433,32868,
5162,南充职业技术学院,2025,重庆,专科批,历史类,,,369,38697,
5163,四川水利职业技术学院,2025,重庆,专科批,历史类,,,419,40440,
5164,四川化工职业技术学院,2025,重庆,专科批,历史类,,,393,48709,
5165,四川航天职业技术学院,2025,重庆,专科批,历史类,,,403,41336,
5168,四川司法警官职业学院,2025,重庆,专科批,历史类,,,427,25876,
5175,四川商务职业学院,2025,重庆,专科批,历史类,,,374,49804,
5177,内江职业技术学院,2025,重庆,专科批,历史类,,,391,49253,
5178,四川现代职业学院,2025,重庆,专科批,历史类,,,180,59576,
5181,四川工业科技学院,2025,重庆,专科批,历史类,,,347,49804,
5183,广安职业技术学院,2025,重庆,专科批,历史类,,,360,45237,
5185,四川铁道职业学院,2025,重庆,专科批,历史类,,,490,19282,
5187,四川文化传媒职业学院,2025,重庆,专科批,历史类,,,271,68108,
5188,四川华新现代职业学院,2025,重庆,专科批,历史类,,,230,69867,
5191,四川大学锦江学院,2025,重庆,专科批,历史类,,,307,46382,
5193,四川科技职业学院,2025,重庆,专科批,历史类,,,323,43752,
5194,四川文化产业职业学院,2025,重庆,专科批,历史类,,,385,45825,
5196,四川财经职业学院,2025,重庆,专科批,历史类,,,380,52329,
5197,四川长江职业学院,2025,重庆,专科批,历史类,,,180,60698,
5198,四川城市职业学院,2025,重庆,专科批,历史类,,,213,67289,
5221,安顺职业技术学院,2025,重庆,专科批,历史类,,,414,42554,
5222,黔东南民族职业技术学院,2025,重庆,专科批,历史类,,,348,29044,
5223,遵义职业技术学院,2025,重庆,专科批,历史类,,,378,49528,
5225,铜仁职业技术大学,2025,重庆,专科批,历史类,,,397,31993,
5226,黔南民族职业技术学院,2025,重庆,专科批,历史类,,,362,56025,
5233,六盘水职业技术学院,2025,重庆,专科批,历史类,,,362,41973,
5235,贵州轻工职业大学,2025,重庆,专科批,历史类,,,404,42272,
5242,贵阳职业技术学院,2025,重庆,专科批,历史类,,,407,31412,
5243,贵州城市职业学院,2025,重庆,专科批,历史类,,,272,59816,
5245,遵义医药高等专科学校,2025,重庆,专科批,历史类,,,445,32868,
5246,毕节职业技术学院,2025,重庆,专科批,历史类,,,362,37168,
5247,贵州经贸职业技术学院,2025,重庆,专科批,历史类,,,359,56302,
5248,贵州工商职业学院,2025,重庆,专科批,历史类,,,319,58862,
5250,毕节工业职业技术学院,2025,重庆,专科批,历史类,,,347,53906,
5251,贵州机电职业技术学院,2025,重庆,专科批,历史类,,,395,43752,
5252,贵州航空职业技术学院,2025,重庆,专科批,历史类,,,356,51784,
5256,贵阳幼儿师范高等专科学校,2025,重庆,专科批,历史类,,,369,38697,
5258,铜仁幼儿师范高等专科学校,2025,重庆,专科批,历史类,,,357,39838,
5259,毕节医学高等专科学校,2025,重庆,专科批,历史类,,,431,21390,
5261,贵州农业职业学院,2025,重庆,专科批,历史类,,,435,36211,
5262,贵州工程职业学院,2025,重庆,专科批,历史类,,,355,46088,
5265,黔西南民族职业技术学院,2025,重庆,专科批,历史类,,,382,36211,
5266,黔南民族幼儿师范高等专科学校,2025,重庆,专科批,历史类,,,389,39557,
5267,贵州工贸职业学院,2025,重庆,专科批,历史类,,,270,65381,
5269,贵州健康职业学院,2025,重庆,专科批,历史类,,,423,39838,
5272,贵州职业技术学院,2025,重庆,专科批,历史类,,,377,42272,
5273,贵州盛华职业学院,2025,重庆,专科批,历史类,,,329,57321,
5274,毕节幼儿师范高等专科学校,2025,重庆,专科批,历史类,,,355,40440,
5276,六盘水幼儿师范高等专科学校,2025,重庆,专科批,历史类,,,352,59576,
5279,贵州护理职业技术学院,2025,重庆,专科批,历史类,,,416,41973,
5280,贵州财经职业学院,2025,重庆,专科批,历史类,,,361,47272,
5281,贵州民用航空职业学院,2025,重庆,专科批,历史类,,,335,61580,
5282,贵州铜仁数据职业学院,2025,重庆,专科批,历史类,,,327,62215,
5286,贵州生态能源职业学院,2025,重庆,专科批,历史类,,,353,52038,
5314,丽江文化旅游学院,2025,重庆,专科批,历史类,,,248,69776,
5317,德宏师范学院,2025,重庆,专科批,历史类,,,375,30511,
5320,昆明冶金高等专科学校,2025,重庆,专科批,历史类,,,412,43150,
5324,云南农业职业技术学院,2025,重庆,专科批,历史类,,,364,52587,
5325,云南司法警官职业学院,2025,重庆,专科批,历史类,,,425,38086,
5326,云南经济管理学院,2025,重庆,专科批,历史类,,,298,51006,
5329,云南新兴职业学院,2025,重庆,专科批,历史类,,,338,53906,
5338,西双版纳职业技术学院,2025,重庆,专科批,历史类,,,349,51006,
5342,云南工商学院,2025,重庆,专科批,历史类,,,337,62855,
5345,云南林业职业技术学院,2025,重庆,专科批,历史类,,,435,36211,
5346,楚雄医药高等专科学校,2025,重庆,专科批,历史类,,,418,41336,
5347,曲靖健康医学院,2025,重庆,专科批,历史类,,,421,40440,
5348,丽江师范学院,2025,重庆,专科批,历史类,,,432,22779,
5353,云南城市建设职业学院,2025,重庆,专科批,历史类,,,291,59110,
5361,昭通卫生职业学院,2025,重庆,专科批,历史类,,,399,34085,
5362,大理护理职业学院,2025,重庆,专科批,历史类,,,423,39838,
5373,保山中医药高等专科学校,2025,重庆,专科批,历史类,,,413,34669,
5375,德宏职业学院,2025,重庆,专科批,历史类,,,417,20863,
5381,昆明卫生职业学院,2025,重庆,专科批,历史类,,,300,41336,
5382,云南财经职业学院,2025,重庆,专科批,历史类,,,377,53097,
5390,云南医药健康职业学院,2025,重庆,专科批,历史类,,,329,44340,
5392,云南商务职业学院,2025,重庆,专科批,历史类,,,282,59335,
5394,云南理工职业学院,2025,重庆,专科批,历史类,,,279,59110,
5406,西藏职业技术学院,2025,重庆,专科批,历史类,,,319,55516,
5412,日喀则职业技术学院,2025,重庆,专科批,历史类,,,354,48160,
6138,陕西交通职业技术学院,2025,重庆,专科批,历史类,,,428,36860,
6140,西安航空职业技术学院,2025,重庆,专科批,历史类,,,429,35919,
6142,西安思源学院,2025,重庆,专科批,历史类,,,180,48421,
6143,陕西服装工程学院,2025,重庆,专科批,历史类,,,410,43752,
6145,陕西航空职业技术学院,2025,重庆,专科批,历史类,,,388,34669,
6147,陕西铁路工程职业技术学院,2025,重庆,专科批,历史类,,,497,17245,
6150,西安海棠职业学院,2025,重庆,专科批,历史类,,,340,50698,
6151,西安汽车职业大学,2025,重庆,专科批,历史类,,,180,67968,
6158,西安工商学院,2025,重庆,专科批,历史类,,,267,42272,
6160,西安城市建设职业学院,2025,重庆,专科批,历史类,,,180,66347,
6167,西安铁路职业技术学院,2025,重庆,专科批,历史类,,,444,33442,
6168,商洛职业技术学院,2025,重庆,专科批,历史类,,,417,41680,
6169,渭南职业技术学院,2025,重庆,专科批,历史类,,,406,38399,
6170,安康职业技术学院,2025,重庆,专科批,历史类,,,381,41973,
6171,西安职业技术学院,2025,重庆,专科批,历史类,,,385,51006,
6178,陕西工商职业学院,2025,重庆,专科批,历史类,,,366,48709,
6179,陕西能源职业技术学院,2025,重庆,专科批,历史类,,,333,40141,
6181,陕西财经职业技术学院,2025,重庆,专科批,历史类,,,409,44040,
6182,西安信息职业大学,2025,重庆,专科批,历史类,,,180,41973,
6183,西安医学高等专科学校,2025,重庆,专科批,历史类,,,408,35919,
6186,宝鸡职业技术学院,2025,重庆,专科批,历史类,,,403,35253,
6187,延安职业技术学院,2025,重庆,专科批,历史类,,,358,36860,
6188,陕西邮电职业技术学院,2025,重庆,专科批,历史类,,,377,48981,
6189,咸阳职业技术学院,2025,重庆,专科批,历史类,,,400,43150,
6190,铜川职业技术学院,2025,重庆,专科批,历史类,,,359,55782,
6191,陕西旅游烹饪职业学院,2025,重庆,专科批,历史类,,,283,69460,
6199,榆林能源科技职业学院,2025,重庆,专科批,历史类,,,364,53906,
6225,酒泉职业技术大学,2025,重庆,专科批,历史类,,,353,59335,
6228,甘肃建筑职业技术学院,2025,重庆,专科批,历史类,,,381,52038,
6230,兰州外语职业学院,2025,重庆,专科批,历史类,,,180,73031,
6231,甘肃交通职业技术学院,2025,重庆,专科批,历史类,,,381,35919,
6238,甘肃畜牧工程职业技术学院,2025,重庆,专科批,历史类,,,342,47272,
6240,甘肃有色冶金职业技术学院,2025,重庆,专科批,历史类,,,343,59110,
6253,兰州石化职业技术大学,2025,重庆,专科批,历史类,,,423,39838,
6307,青海农牧科技职业学院,2025,重庆,专科批,历史类,,,395,36211,
6513,乌鲁木齐职业大学,2025,重庆,专科批,历史类,,,355,42272,
6514,新疆农业职业技术大学,2025,重庆,专科批,历史类,,,251,52329,
6530,新疆石河子职业技术学院,2025,重庆,专科批,历史类,,,305,49804,
6532,新疆职业大学,2025,重庆,专科批,历史类,,,335,47272,
6533,巴音郭楞职业技术学院,2025,重庆,专科批,历史类,,,328,49528,
6534,新疆应用职业技术学院,2025,重庆,专科批,历史类,,,309,62215,
6536,新疆警察学院,2025,重庆,专科批,历史类,,,436,33174,
6538,新疆师范高等专科学校,2025,重庆,专科批,历史类,,,346,33442,
6540,新疆生产建设兵团兴新职业技术学院,2025,重庆,专科批,历史类,,,332,39281,
6543,新疆和田学院,2025,重庆,专科批,历史类,,,349,44340,
6546,吐鲁番职业技术学院,2025,重庆,专科批,历史类,,,304,51262,
6548,博尔塔拉职业技术学院,2025,重庆,专科批,历史类,,,290,54687,
6550,铁门关职业技术学院,2025,重庆,专科批,历史类,,,322,60903,
6551,石河子工程职业技术学院,2025,重庆,专科批,历史类,,,306,59576,
6552,喀什职业技术学院,2025,重庆,专科批,历史类,,,289,48160,
6555,阿勒泰职业技术学院,2025,重庆,专科批,历史类,,,389,49804,
6556,塔城职业技术学院,2025,重庆,专科批,历史类,,,305,45825,
6557,塔里木职业技术学院,2025,重庆,专科批,历史类,,,320,58122,
6558,阿克苏工业职业技术学院,2025,重庆,专科批,历史类,,,354,59110,
6559,新星职业技术学院,2025,重庆,专科批,历史类,,,340,59816,
6561,昆玉职业技术学院,2025,重庆,专科批,历史类,,,334,63427,
6563,喀什理工职业技术学院,2025,重庆,专科批,历史类,,,342,54973,
6564,可克达拉职业技术学院,2025,重庆,专科批,历史类,,,180,56564,
,三峡旅游职业技术学院,2025,重庆,专科批,历史类,,,367,44934,
2135,辽宁省交通高等专科学校,2025,重庆,专科提前批,历史类,,,387,44340,
3690,江西航空职业技术学院,2025,重庆,专科提前批,历史类,,,396,41680,
3787,山东信息职业技术学院,2025,重庆,专科提前批,历史类,,,393,45825,
3799,威海职业学院,2025,重庆,专科提前批,历史类,,,362,48421,
4189,河南医学高等专科学校,2025,重庆,专科提前批,历史类,,,415,39838,
1101,北京大学,2025,重庆,本科批,历史类,,,661,66,
1104,清华大学,2025,重庆,本科批,历史类,,,667,66,
1105,北京交通大学,2025,重庆,本科批,历史类,,,595,1576,
1106,北京航空航天大学,2025,重庆,本科批,历史类,,,626,372,
1107,北京理工大学,2025,重庆,本科批,历史类,,,615,669,
1108,北京科技大学,2025,重庆,本科批,历史类,,,592,1772,
1109,北方工业大学,2025,重庆,本科批,历史类,,,517,8116,
1110,北京化工大学,2025,重庆,本科批,历史类,,,580,2114,
1113,北京印刷学院,2025,重庆,本科批,历史类,,,541,5044,
1116,中国农业大学,2025,重庆,本科批,历史类,,,574,788,
1117,北京林业大学,2025,重庆,本科批,历史类,,,583,1576,
1118,北京中医药大学,2025,重庆,本科批,历史类,,,582,707,
1120,首都师范大学,2025,重庆,本科批,历史类,,,590,2192,
1121,首都体育学院,2025,重庆,本科批,历史类,,,522,12519,
1122,北京外国语大学,2025,重庆,本科批,历史类,,,604,499,
1123,北京第二外国语学院,2025,重庆,本科批,历史类,,,555,3697,
1124,北京语言大学,2025,重庆,本科批,历史类,,,504,2422,
1125,中国传媒大学,2025,重庆,本科批,历史类,,,584,901,
1126,中央财经大学,2025,重庆,本科批,历史类,,,603,393,
1127,对外经济贸易大学,2025,重庆,本科批,历史类,,,584,393,
1128,北京物资学院,2025,重庆,本科批,历史类,,,521,4503,
1132,北京体育大学,2025,重庆,本科批,历史类,,,508,2589,
1135,中央美术学院,2025,重庆,本科批,历史类,,,545,3907,
1136,中央戏剧学院,2025,重庆,本科批,历史类,,,574,3697,
1137,中国戏曲学院,2025,重庆,本科批,历史类,,,553,6633,
1138,北京电影学院,2025,重庆,本科批,历史类,,,570,1820,
1140,中央民族大学,2025,重庆,本科批,历史类,,,588,1091,
1141,中国政法大学,2025,重庆,本科批,历史类,,,614,156,
1142,华北电力大学（北京）,2025,重庆,本科批,历史类,,,587,2031,
1145,中国矿业大学（北京）,2025,重庆,本科批,历史类,,,583,2840,
1146,中国石油大学（北京）,2025,重庆,本科批,历史类,,,582,2943,
1147,中国地质大学（北京）,2025,重庆,本科批,历史类,,,580,2504,
1148,北京联合大学,2025,重庆,本科批,历史类,,,513,8640,
1149,北京城市学院,2025,重庆,本科批,历史类,,,504,16786,
1151,首都经济贸易大学,2025,重庆,本科批,历史类,,,569,3241,
1153,中华女子学院,2025,重庆,本科批,历史类,,,533,6310,
1168,中国劳动关系学院,2025,重庆,本科批,历史类,,,540,5175,
1188,中国社会科学院大学,2025,重庆,本科批,历史类,,,592,1038,
1199,民政职业大学,2025,重庆,本科批,历史类,,,517,9922,
1201,南开大学,2025,重庆,本科批,历史类,,,627,255,
1202,天津大学,2025,重庆,本科批,历史类,,,588,1820,
1203,天津科技大学,2025,重庆,本科批,历史类,,,535,8116,
1205,中国民航大学,2025,重庆,本科批,历史类,,,554,3349,
1208,天津中医药大学,2025,重庆,本科批,历史类,,,560,5621,
1209,天津外国语大学,2025,重庆,本科批,历史类,,,546,3804,
1210,天津商业大学,2025,重庆,本科批,历史类,,,516,6163,
1211,天津财经大学,2025,重庆,本科批,历史类,,,549,3042,
1212,天津体育学院,2025,重庆,本科批,历史类,,,507,16063,
1214,天津美术学院,2025,重庆,本科批,历史类,,,505,15318,
1215,河北工业大学,2025,重庆,本科批,历史类,,,570,3241,
1216,天津城建大学,2025,重庆,本科批,历史类,,,495,12075,
1219,北京科技大学天津学院,2025,重庆,本科批,历史类,,,497,17015,
1220,天津商业大学宝德学院,2025,重庆,本科批,历史类,,,464,17973,
1221,天津医科大学临床医学院,2025,重庆,本科批,历史类,,,529,10984,
1236,天津师范大学,2025,重庆,本科批,历史类,,,504,3697,
1239,天津外国语大学滨海外事学院,2025,重庆,本科批,历史类,,,447,22503,
1246,天津理工大学中环信息学院,2025,重庆,本科批,历史类,,,495,18486,
1250,天津仁爱学院,2025,重庆,本科批,历史类,,,441,24430,
1251,天津职业技术师范大学,2025,重庆,本科批,历史类,,,522,8463,
1252,天津财经大学珠江学院,2025,重庆,本科批,历史类,,,484,18730,
1301,河北工程大学,2025,重庆,本科批,历史类,,,540,8824,
1302,河北地质大学,2025,重庆,本科批,历史类,,,515,10338,
1303,华北电力大学（保定）,2025,重庆,本科批,历史类,,,564,3140,
1304,华北理工大学,2025,重庆,本科批,历史类,,,528,8824,
1307,邢台学院,2025,重庆,本科批,历史类,,,506,14156,
1308,石家庄铁道大学,2025,重庆,本科批,历史类,,,519,5044,
1309,燕山大学,2025,重庆,本科批,历史类,,,548,4503,
1310,华北科技学院,2025,重庆,本科批,历史类,,,508,9363,
1312,北华航天工业学院,2025,重庆,本科批,历史类,,,509,9922,
1314,东北大学秦皇岛分校,2025,重庆,本科批,历史类,,,590,1649,
1315,华北理工大学轻工学院,2025,重庆,本科批,历史类,,,457,29657,
1318,河北金融学院,2025,重庆,本科批,历史类,,,497,11865,
1319,防灾科技学院,2025,重庆,本科批,历史类,,,505,10766,
1339,河北外国语学院,2025,重庆,本科批,历史类,,,456,16786,
1342,河北环境工程学院,2025,重庆,本科批,历史类,,,501,17015,
1343,保定学院,2025,重庆,本科批,历史类,,,503,11622,
1358,河北医科大学,2025,重庆,本科批,历史类,,,534,9922,
1359,河北医科大学临床学院,2025,重庆,本科批,历史类,,,504,16786,
1361,衡水学院,2025,重庆,本科批,历史类,,,507,12962,
1366,石家庄铁道大学四方学院,2025,重庆,本科批,历史类,,,503,17015,
1369,河北大学,2025,重庆,本科批,历史类,,,535,4019,
1372,廊坊师范学院,2025,重庆,本科批,历史类,,,503,15318,
1378,河北地质大学华信学院,2025,重庆,本科批,历史类,,,474,18486,
1381,唐山师范学院,2025,重庆,本科批,历史类,,,504,14858,
1385,保定理工学院,2025,重庆,本科批,历史类,,,456,21940,
1386,河北经贸大学,2025,重庆,本科批,历史类,,,512,6163,
1388,唐山学院,2025,重庆,本科批,历史类,,,519,13219,
1390,河北东方学院,2025,重庆,本科批,历史类,,,471,18730,
1396,张家口学院,2025,重庆,本科批,历史类,,,502,17245,
1399,沧州师范学院,2025,重庆,本科批,历史类,,,500,16288,
1401,太原科技大学,2025,重庆,本科批,历史类,,,517,7239,
1403,太原理工大学,2025,重庆,本科批,历史类,,,565,3349,
1404,山西农业大学,2025,重庆,本科批,历史类,,,514,11865,
1405,山西医科大学,2025,重庆,本科批,历史类,,,519,9555,
1406,山西大同大学,2025,重庆,本科批,历史类,,,536,6774,
1407,忻州师范学院,2025,重庆,本科批,历史类,,,500,11622,
1408,山西财经大学,2025,重庆,本科批,历史类,,,523,2840,
1415,山西应用科技学院,2025,重庆,本科批,历史类,,,464,25005,
1425,山西大学,2025,重庆,本科批,历史类,,,571,3349,
1428,太原学院,2025,重庆,本科批,历史类,,,504,14604,
1430,山西晋中理工学院,2025,重庆,本科批,历史类,,,467,26729,
1433,山西师范大学,2025,重庆,本科批,历史类,,,508,5743,
1434,太原师范学院,2025,重庆,本科批,历史类,,,524,10984,
1439,长治医学院,2025,重庆,本科批,历史类,,,504,12962,
1448,吕梁学院,2025,重庆,本科批,历史类,,,503,14156,
1449,山西中医药大学,2025,重庆,本科批,历史类,,,566,3581,
1450,山西传媒学院,2025,重庆,本科批,历史类,,,501,15080,
1452,运城职业技术大学,2025,重庆,本科批,历史类,,,447,17973,
1453,晋中信息学院,2025,重庆,本科批,历史类,,,471,19001,
1501,内蒙古大学,2025,重庆,本科批,历史类,,,563,3042,
1502,内蒙古科技大学,2025,重庆,本科批,历史类,,,504,9922,
1505,内蒙古工业大学,2025,重庆,本科批,历史类,,,503,17015,
1509,内蒙古师范大学,2025,重庆,本科批,历史类,,,497,11865,
1513,内蒙古民族大学,2025,重庆,本科批,历史类,,,504,14376,
1514,内蒙古财经大学,2025,重庆,本科批,历史类,,,526,11622,
2104,沈阳理工大学,2025,重庆,本科批,历史类,,,507,7425,
2107,辽宁工程技术大学,2025,重庆,本科批,历史类,,,508,8640,
2110,大连交通大学,2025,重庆,本科批,历史类,,,535,9726,
2111,大连海事大学,2025,重庆,本科批,历史类,,,566,2261,
2121,东北财经大学,2025,重庆,本科批,历史类,,,540,2114,
2125,大连民族大学,2025,重庆,本科批,历史类,,,515,12962,
2129,渤海大学,2025,重庆,本科批,历史类,,,525,11419,
2132,大连财经学院,2025,重庆,本科批,历史类,,,477,19282,
2147,辽宁对外经贸学院,2025,重庆,本科批,历史类,,,441,20863,
2150,辽宁理工学院,2025,重庆,本科批,历史类,,,475,19282,
2151,沈阳城市学院,2025,重庆,本科批,历史类,,,442,32576,
2153,辽宁大学,2025,重庆,本科批,历史类,,,535,3042,
2154,鞍山师范学院,2025,重庆,本科批,历史类,,,522,12519,
2159,沈阳工学院,2025,重庆,本科批,历史类,,,448,32265,
2166,大连大学,2025,重庆,本科批,历史类,,,541,6469,
2189,沈阳医学院,2025,重庆,本科批,历史类,,,532,10338,
2190,辽宁师范大学,2025,重庆,本科批,历史类,,,496,18730,
2201,吉林大学,2025,重庆,本科批,历史类,,,598,288,
2202,延边大学,2025,重庆,本科批,历史类,,,546,3581,
2203,长春理工大学,2025,重庆,本科批,历史类,,,514,8116,
2204,东北电力大学,2025,重庆,本科批,历史类,,,532,10338,
2208,东北师范大学,2025,重庆,本科批,历史类,,,563,1820,
2211,长春师范大学,2025,重庆,本科批,历史类,,,507,7586,
2212,白城师范学院,2025,重庆,本科批,历史类,,,511,14376,
2213,吉林财经大学,2025,重庆,本科批,历史类,,,506,11622,
2214,吉林农业科技学院,2025,重庆,本科批,历史类,,,504,16786,
2215,长春大学,2025,重庆,本科批,历史类,,,512,10338,
2219,长春财经学院,2025,重庆,本科批,历史类,,,447,24696,
2233,吉林师范大学,2025,重庆,本科批,历史类,,,501,7936,
2235,长春工业大学人文信息学院,2025,重庆,本科批,历史类,,,443,24159,
2237,吉林师范大学博达学院,2025,重庆,本科批,历史类,,,441,25304,
2243,北华大学,2025,重庆,本科批,历史类,,,534,9023,
2244,吉林外国语大学,2025,重庆,本科批,历史类,,,480,18234,
2247,吉林工商学院,2025,重庆,本科批,历史类,,,504,12962,
2250,长春科技学院,2025,重庆,本科批,历史类,,,448,12075,
2301,黑龙江大学,2025,重庆,本科批,历史类,,,531,3140,
2303,哈尔滨工程大学,2025,重庆,本科批,历史类,,,577,3464,
2304,黑龙江科技大学,2025,重庆,本科批,历史类,,,503,10984,
2305,东北石油大学,2025,重庆,本科批,历史类,,,528,7586,
2306,齐齐哈尔大学,2025,重庆,本科批,历史类,,,511,15080,
2307,东北农业大学,2025,重庆,本科批,历史类,,,566,4253,
2308,东北林业大学,2025,重庆,本科批,历史类,,,564,3581,
2309,哈尔滨医科大学,2025,重庆,本科批,历史类,,,555,6310,
2311,黑龙江中医药大学,2025,重庆,本科批,历史类,,,578,2840,
2312,哈尔滨师范大学,2025,重庆,本科批,历史类,,,506,8116,
2313,哈尔滨商业大学,2025,重庆,本科批,历史类,,,512,9922,
2315,哈尔滨理工大学,2025,重庆,本科批,历史类,,,509,14858,
2316,哈尔滨学院,2025,重庆,本科批,历史类,,,504,12519,
2317,黑龙江工程学院,2025,重庆,本科批,历史类,,,503,16288,
2318,黑龙江财经学院,2025,重庆,本科批,历史类,,,438,24696,
2320,哈尔滨金融学院,2025,重庆,本科批,历史类,,,501,12316,
2344,牡丹江师范学院,2025,重庆,本科批,历史类,,,495,14858,
2350,绥化学院,2025,重庆,本科批,历史类,,,504,15814,
2352,齐齐哈尔医学院,2025,重庆,本科批,历史类,,,504,14156,
2354,黑龙江外国语学院,2025,重庆,本科批,历史类,,,440,34669,
3101,复旦大学,2025,重庆,本科批,历史类,,,651,66,
3102,同济大学,2025,重庆,本科批,历史类,,,630,330,
3105,上海理工大学,2025,重庆,本科批,历史类,,,531,4750,
3106,上海海事大学,2025,重庆,本科批,历史类,,,551,3241,
3107,东华大学,2025,重庆,本科批,历史类,,,593,1881,
3110,华东师范大学,2025,重庆,本科批,历史类,,,618,330,
3111,上海师范大学,2025,重庆,本科批,历史类,,,542,3349,
3112,上海外国语大学,2025,重庆,本科批,历史类,,,599,1038,
3113,上海财经大学,2025,重庆,本科批,历史类,,,619,347,
3114,上海对外经贸大学,2025,重庆,本科批,历史类,,,562,2943,
3115,华东政法大学,2025,重庆,本科批,历史类,,,579,707,
3119,上海大学,2025,重庆,本科批,历史类,,,581,1458,
3121,上海海关学院,2025,重庆,本科批,历史类,,,580,3140,
3124,上海建桥学院,2025,重庆,本科批,历史类,,,454,22503,
3125,上海兴伟学院,2025,重庆,本科批,历史类,,,438,31706,
3132,上海海洋大学,2025,重庆,本科批,历史类,,,563,5175,
3133,上海商学院,2025,重庆,本科批,历史类,,,543,5334,
3140,上海政法学院,2025,重庆,本科批,历史类,,,541,3042,
3141,上海视觉艺术学院,2025,重庆,本科批,历史类,,,468,26437,
3144,上海杉达学院,2025,重庆,本科批,历史类,,,502,17245,
3147,上海立信会计金融学院,2025,重庆,本科批,历史类,,,548,3697,
3156,上海师范大学天华学院,2025,重庆,本科批,历史类,,,451,31412,
3175,上海中侨职业技术大学,2025,重庆,本科批,历史类,,,445,19001,
3178,上海外国语大学贤达经济人文学院,2025,重庆,本科批,历史类,,,449,18234,
3201,南京大学,2025,重庆,本科批,历史类,,,641,117,
3202,苏州大学,2025,重庆,本科批,历史类,,,598,1038,
3203,东南大学,2025,重庆,本科批,历史类,,,610,863,
3206,江苏科技大学,2025,重庆,本科批,历史类,,,523,7760,
3208,南京工业大学,2025,重庆,本科批,历史类,,,550,6163,
3209,常州大学,2025,重庆,本科批,历史类,,,533,7936,
3211,河海大学,2025,重庆,本科批,历史类,,,582,1649,
3212,金陵科技学院,2025,重庆,本科批,历史类,,,516,9202,
3213,江南大学,2025,重庆,本科批,历史类,,,570,2114,
3215,江苏大学,2025,重庆,本科批,历史类,,,567,3349,
3219,中国药科大学,2025,重庆,本科批,历史类,,,579,3140,
3221,盐城师范学院,2025,重庆,本科批,历史类,,,502,9922,
3222,南京财经大学,2025,重庆,本科批,历史类,,,562,3464,
3223,南京艺术学院,2025,重庆,本科批,历史类,,,543,5743,
3224,淮阴工学院,2025,重庆,本科批,历史类,,,502,17245,
3226,南京审计大学,2025,重庆,本科批,历史类,,,571,1511,
3227,江苏海洋大学,2025,重庆,本科批,历史类,,,504,9363,
3228,南京工程学院,2025,重庆,本科批,历史类,,,515,13442,
3229,苏州科技大学,2025,重庆,本科批,历史类,,,544,5621,
3231,南通大学,2025,重庆,本科批,历史类,,,546,6774,
3232,徐州工程学院,2025,重庆,本科批,历史类,,,512,8298,
3233,南京传媒学院,2025,重庆,本科批,历史类,,,493,19556,
3240,南京特殊教育师范学院,2025,重庆,本科批,历史类,,,505,6469,
3242,无锡太湖学院,2025,重庆,本科批,历史类,,,472,21390,
3244,东南大学成贤学院,2025,重庆,本科批,历史类,,,496,18234,
3245,南京工业职业技术大学,2025,重庆,本科批,历史类,,,510,9726,
3248,中国矿业大学徐海学院,2025,重庆,本科批,历史类,,,498,17717,
3249,南京师范大学,2025,重庆,本科批,历史类,,,591,1346,
3251,扬州大学,2025,重庆,本科批,历史类,,,570,2840,
3257,无锡学院,2025,重庆,本科批,历史类,,,531,10541,
3259,南京审计大学金审学院,2025,重庆,本科批,历史类,,,494,15556,
3261,苏州工学院,2025,重庆,本科批,历史类,,,524,10338,
3265,江苏理工学院,2025,重庆,本科批,历史类,,,505,12751,
3268,南京工业大学浦江学院,2025,重庆,本科批,历史类,,,483,19798,
3270,江苏大学京江学院,2025,重庆,本科批,历史类,,,488,18730,
3275,西交利物浦大学,2025,重庆,本科批,历史类,,,549,6774,
3282,南京航空航天大学金城学院,2025,重庆,本科批,历史类,,,481,19798,
3284,南京晓庄学院,2025,重庆,本科批,历史类,,,511,7760,
3297,三江学院,2025,重庆,本科批,历史类,,,463,23598,
3301,浙江大学,2025,重庆,本科批,历史类,,,642,156,
3302,杭州电子科技大学,2025,重庆,本科批,历史类,,,557,5482,
3303,浙江工业大学,2025,重庆,本科批,历史类,,,554,5743,
3304,浙江理工大学,2025,重庆,本科批,历史类,,,557,6017,
3305,浙江农林大学,2025,重庆,本科批,历史类,,,538,6469,
3308,浙江工商大学,2025,重庆,本科批,历史类,,,560,1953,
3309,中国美术学院,2025,重庆,本科批,历史类,,,574,3804,
3310,中国计量大学,2025,重庆,本科批,历史类,,,574,3697,
3311,浙江万里学院,2025,重庆,本科批,历史类,,,501,9726,
3312,宁波大学,2025,重庆,本科批,历史类,,,529,2504,
3313,浙江传媒学院,2025,重庆,本科批,历史类,,,536,3907,
3320,绍兴文理学院,2025,重庆,本科批,历史类,,,498,18234,
3325,浙江师范大学,2025,重庆,本科批,历史类,,,518,2589,
3327,宁波诺丁汉大学,2025,重庆,本科批,历史类,,,541,8298,
3328,温州大学,2025,重庆,本科批,历史类,,,566,4019,
3331,丽水学院,2025,重庆,本科批,历史类,,,503,17015,
3332,宁波工程学院,2025,重庆,本科批,历史类,,,517,9555,
3344,嘉兴南湖学院,2025,重庆,本科批,历史类,,,547,6774,
3357,温州肯恩大学,2025,重庆,本科批,历史类,,,514,13219,
3359,浙江工商大学杭州商学院,2025,重庆,本科批,历史类,,,494,16063,
3361,浙江财经大学,2025,重庆,本科批,历史类,,,572,3464,
3362,温州商学院,2025,重庆,本科批,历史类,,,438,16786,
3403,安徽工业大学,2025,重庆,本科批,历史类,,,524,9726,
3405,安徽农业大学,2025,重庆,本科批,历史类,,,529,7425,
3406,淮北师范大学,2025,重庆,本科批,历史类,,,538,6928,
3407,安徽财经大学,2025,重庆,本科批,历史类,,,538,4142,
3423,安徽建筑大学,2025,重庆,本科批,历史类,,,514,8116,
3435,合肥城市学院,2025,重庆,本科批,历史类,,,450,31706,
3440,安徽师范大学,2025,重庆,本科批,历史类,,,517,4503,
3446,合肥大学,2025,重庆,本科批,历史类,,,522,8463,
3448,安徽大学,2025,重庆,本科批,历史类,,,568,2943,
3449,亳州学院,2025,重庆,本科批,历史类,,,504,14858,
3452,合肥工业大学（宣城校区）,2025,重庆,本科批,历史类,,,562,5334,
3453,阜阳师范大学,2025,重庆,本科批,历史类,,,524,7425,
3455,安庆师范大学,2025,重庆,本科批,历史类,,,512,14858,
3501,厦门大学,2025,重庆,本科批,历史类,,,585,270,
3502,华侨大学,2025,重庆,本科批,历史类,,,530,4019,
3503,福州大学,2025,重庆,本科批,历史类,,,575,2681,
3506,福建师范大学,2025,重庆,本科批,历史类,,,540,8824,
3508,莆田学院,2025,重庆,本科批,历史类,,,500,11865,
3509,仰恩大学,2025,重庆,本科批,历史类,,,481,22779,
3510,集美大学,2025,重庆,本科批,历史类,,,533,4253,
3511,厦门大学嘉庚学院,2025,重庆,本科批,历史类,,,497,17460,
3513,集美大学诚毅学院,2025,重庆,本科批,历史类,,,492,10766,
3514,武夷学院,2025,重庆,本科批,历史类,,,505,15080,
3529,福建农林大学,2025,重庆,本科批,历史类,,,527,11419,
3535,厦门理工学院,2025,重庆,本科批,历史类,,,532,9555,
3538,福建师范大学协和学院,2025,重庆,本科批,历史类,,,493,16786,
3540,福州外语外贸学院,2025,重庆,本科批,历史类,,,438,26437,
3542,福州理工学院,2025,重庆,本科批,历史类,,,439,30824,
3547,福州大学至诚学院,2025,重庆,本科批,历史类,,,493,19001,
3553,三明学院,2025,重庆,本科批,历史类,,,504,16516,
3554,福建江夏学院,2025,重庆,本科批,历史类,,,515,10766,
3562,厦门工学院,2025,重庆,本科批,历史类,,,462,22215,
3569,福建技术师范学院,2025,重庆,本科批,历史类,,,505,13219,
3577,龙岩学院,2025,重庆,本科批,历史类,,,502,17245,
3584,闽江学院,2025,重庆,本科批,历史类,,,519,10123,
3604,江西理工大学,2025,重庆,本科批,历史类,,,523,7586,
3605,景德镇陶瓷大学,2025,重庆,本科批,历史类,,,535,6774,
3606,江西农业大学,2025,重庆,本科批,历史类,,,529,10984,
3607,江西中医药大学,2025,重庆,本科批,历史类,,,520,3697,
3609,江西师范大学,2025,重庆,本科批,历史类,,,515,4019,
3610,上饶师范学院,2025,重庆,本科批,历史类,,,505,12316,
3611,赣南师范大学,2025,重庆,本科批,历史类,,,530,6310,
3612,井冈山大学,2025,重庆,本科批,历史类,,,508,7936,
3613,江西财经大学,2025,重庆,本科批,历史类,,,554,2192,
3615,江西科技师范大学,2025,重庆,本科批,历史类,,,474,7760,
3616,江西水利电力大学,2025,重庆,本科批,历史类,,,507,10123,
3617,南昌大学,2025,重庆,本科批,历史类,,,565,2589,
3618,宜春学院,2025,重庆,本科批,历史类,,,511,11865,
3619,九江学院,2025,重庆,本科批,历史类,,,504,15080,
3621,江西师范大学科学技术学院,2025,重庆,本科批,历史类,,,497,18486,
3622,南昌交通学院,2025,重庆,本科批,历史类,,,463,21390,
3623,赣南科技学院,2025,重庆,本科批,历史类,,,503,16516,
3626,南昌医学院,2025,重庆,本科批,历史类,,,535,9726,
3629,景德镇学院,2025,重庆,本科批,历史类,,,514,12519,
3630,萍乡学院,2025,重庆,本科批,历史类,,,504,16786,
3632,新余学院,2025,重庆,本科批,历史类,,,506,12519,
3635,江西科技学院,2025,重庆,本科批,历史类,,,463,25005,
3636,南昌理工学院,2025,重庆,本科批,历史类,,,472,21940,
3638,江西应用科技学院,2025,重庆,本科批,历史类,,,444,28475,
3649,南昌工学院,2025,重庆,本科批,历史类,,,448,23065,
3650,南昌职业大学,2025,重庆,本科批,历史类,,,444,31993,
3651,江西服装学院,2025,重庆,本科批,历史类,,,442,33442,
3657,江西工程学院,2025,重庆,本科批,历史类,,,498,18234,
3660,江西农业大学南昌商学院,2025,重庆,本科批,历史类,,,495,17460,
3668,南昌应用技术师范学院,2025,重庆,本科批,历史类,,,467,20863,
3672,江西警察学院,2025,重庆,本科批,历史类,,,547,7586,
3674,豫章师范学院,2025,重庆,本科批,历史类,,,488,16288,
3679,江西财经大学现代经济管理学院,2025,重庆,本科批,历史类,,,498,16063,
3699,南昌师范学院,2025,重庆,本科批,历史类,,,501,16786,
3701,山东大学,2025,重庆,本科批,历史类,,,608,559,
3702,中国海洋大学,2025,重庆,本科批,历史类,,,579,1179,
3705,青岛科技大学,2025,重庆,本科批,历史类,,,519,13219,
3706,山东建筑大学,2025,重庆,本科批,历史类,,,519,13219,
3709,临沂大学,2025,重庆,本科批,历史类,,,545,7936,
3710,泰山学院,2025,重庆,本科批,历史类,,,503,17015,
3711,山东财经大学,2025,重庆,本科批,历史类,,,526,3581,
3713,烟台大学,2025,重庆,本科批,历史类,,,539,6017,
3714,山东交通学院,2025,重庆,本科批,历史类,,,503,12519,
3715,山东工商学院,2025,重庆,本科批,历史类,,,503,6633,
3716,山东第一医科大学,2025,重庆,本科批,历史类,,,523,12316,
3717,潍坊学院,2025,重庆,本科批,历史类,,,509,14376,
3718,山东大学（威海）,2025,重庆,本科批,历史类,,,601,1091,
3728,青岛恒星科技学院,2025,重庆,本科批,历史类,,,442,34085,
3730,山东现代学院,2025,重庆,本科批,历史类,,,445,26437,
3731,青岛黄海学院,2025,重庆,本科批,历史类,,,455,25304,
3732,青岛理工大学,2025,重庆,本科批,历史类,,,526,6017,
3738,济南大学,2025,重庆,本科批,历史类,,,524,4750,
3739,山东理工大学,2025,重庆,本科批,历史类,,,526,11622,
3740,山东师范大学,2025,重庆,本科批,历史类,,,513,3140,
3742,山东农业大学,2025,重庆,本科批,历史类,,,522,11193,
3744,聊城大学,2025,重庆,本科批,历史类,,,541,8640,
3745,鲁东大学,2025,重庆,本科批,历史类,,,515,12962,
3746,济宁学院,2025,重庆,本科批,历史类,,,508,15814,
3748,青岛城市学院,2025,重庆,本科批,历史类,,,444,23065,
3751,山东财经大学东方学院,2025,重庆,本科批,历史类,,,481,20603,
3752,齐鲁工业大学,2025,重庆,本科批,历史类,,,508,11865,
3753,曲阜师范大学,2025,重庆,本科批,历史类,,,544,6928,
3754,山东航空学院,2025,重庆,本科批,历史类,,,515,14156,
3756,山东石油化工学院,2025,重庆,本科批,历史类,,,505,16516,
3761,青岛大学,2025,重庆,本科批,历史类,,,542,3907,
3763,青岛工学院,2025,重庆,本科批,历史类,,,465,24159,
3766,齐鲁理工学院,2025,重庆,本科批,历史类,,,452,31130,
3769,山东艺术学院,2025,重庆,本科批,历史类,,,502,17245,
3772,山东英才学院,2025,重庆,本科批,历史类,,,442,34085,
3780,山东协和学院,2025,重庆,本科批,历史类,,,474,21660,
3786,潍坊科技学院,2025,重庆,本科批,历史类,,,471,21111,
4102,郑州大学,2025,重庆,本科批,历史类,,,583,2114,
4103,河南理工大学,2025,重庆,本科批,历史类,,,528,6774,
4104,郑州轻工业大学,2025,重庆,本科批,历史类,,,513,8298,
4105,河南工业大学,2025,重庆,本科批,历史类,,,528,5482,
4106,河南科技大学,2025,重庆,本科批,历史类,,,532,8116,
4108,河南农业大学,2025,重庆,本科批,历史类,,,520,10766,
4109,河南中医药大学,2025,重庆,本科批,历史类,,,514,3349,
4111,许昌学院,2025,重庆,本科批,历史类,,,501,17460,
4112,南阳师范学院,2025,重庆,本科批,历史类,,,501,14156,
4113,商丘师范学院,2025,重庆,本科批,历史类,,,504,11419,
4114,郑州航空工业管理学院,2025,重庆,本科批,历史类,,,507,14604,
4115,安阳工学院,2025,重庆,本科批,历史类,,,506,16288,
4116,南阳理工学院,2025,重庆,本科批,历史类,,,504,14858,
4117,河南城建学院,2025,重庆,本科批,历史类,,,499,17973,
4119,郑州工商学院,2025,重庆,本科批,历史类,,,497,17015,
4125,郑州工程技术学院,2025,重庆,本科批,历史类,,,499,16516,
4127,洛阳理工学院,2025,重庆,本科批,历史类,,,508,10984,
4129,信阳农林学院,2025,重庆,本科批,历史类,,,501,17245,
4130,河南工学院,2025,重庆,本科批,历史类,,,503,17015,
4142,洛阳师范学院,2025,重庆,本科批,历史类,,,512,14858,
4143,郑州财经学院,2025,重庆,本科批,历史类,,,495,17717,
4146,平顶山学院,2025,重庆,本科批,历史类,,,502,17015,
4147,安阳师范学院,2025,重庆,本科批,历史类,,,509,10123,
4149,河南大学,2025,重庆,本科批,历史类,,,550,3042,
4152,郑州工业应用技术学院,2025,重庆,本科批,历史类,,,458,29374,
4158,黄淮学院,2025,重庆,本科批,历史类,,,500,17015,
4159,郑州师范学院,2025,重庆,本科批,历史类,,,510,15318,
4164,河南财经政法大学,2025,重庆,本科批,历史类,,,532,4019,
4165,河南财政金融学院,2025,重庆,本科批,历史类,,,504,10123,
4167,河南工程学院,2025,重庆,本科批,历史类,,,504,11193,
4168,河南科技学院,2025,重庆,本科批,历史类,,,500,11622,
4173,河南师范大学,2025,重庆,本科批,历史类,,,536,7083,
4174,郑州商学院,2025,重庆,本科批,历史类,,,494,18234,
4201,武汉大学,2025,重庆,本科批,历史类,,,630,137,
4202,武汉工程大学,2025,重庆,本科批,历史类,,,549,5044,
4203,中国地质大学（武汉）,2025,重庆,本科批,历史类,,,578,3140,
4205,武汉轻工大学,2025,重庆,本科批,历史类,,,545,7936,
4207,华中农业大学,2025,重庆,本科批,历史类,,,576,2943,
4208,华中师范大学,2025,重庆,本科批,历史类,,,587,939,
4209,湖北师范大学,2025,重庆,本科批,历史类,,,556,5482,
4210,湖北大学,2025,重庆,本科批,历史类,,,577,3464,
4211,湖北民族大学,2025,重庆,本科批,历史类,,,516,9202,
4212,湖北文理学院,2025,重庆,本科批,历史类,,,499,9726,
4213,武汉体育学院,2025,重庆,本科批,历史类,,,506,13219,
4215,中南民族大学,2025,重庆,本科批,历史类,,,538,3697,
4216,湖北汽车工业学院,2025,重庆,本科批,历史类,,,504,16786,
4218,湖北理工学院,2025,重庆,本科批,历史类,,,510,13908,
4220,湖北中医药大学,2025,重庆,本科批,历史类,,,557,2114,
4221,武汉科技大学,2025,重庆,本科批,历史类,,,555,5482,
4222,三峡大学,2025,重庆,本科批,历史类,,,527,8640,
4223,中南财经政法大学,2025,重庆,本科批,历史类,,,553,634,
4224,华中科技大学,2025,重庆,本科批,历史类,,,603,559,
4225,武汉理工大学,2025,重庆,本科批,历史类,,,577,2943,
4227,武昌理工学院,2025,重庆,本科批,历史类,,,469,26141,
4229,长江大学,2025,重庆,本科批,历史类,,,522,5044,
4231,湖北商贸学院,2025,重庆,本科批,历史类,,,468,21660,
4235,武汉纺织大学外经贸学院,2025,重庆,本科批,历史类,,,476,20603,
4236,武汉工商学院,2025,重庆,本科批,历史类,,,487,18486,
4250,武汉生物工程学院,2025,重庆,本科批,历史类,,,475,19556,
4266,江汉大学,2025,重庆,本科批,历史类,,,527,8640,
4270,湖北第二师范学院,2025,重庆,本科批,历史类,,,521,8824,
4275,武汉华夏理工学院,2025,重庆,本科批,历史类,,,474,22215,
4279,武汉城市学院,2025,重庆,本科批,历史类,,,473,18486,
4281,湖北工业大学工程技术学院,2025,重庆,本科批,历史类,,,478,20863,
4284,湖北经济学院,2025,重庆,本科批,历史类,,,509,7586,
4286,三峡大学科技学院,2025,重庆,本科批,历史类,,,506,16288,
4294,湖北大学知行学院,2025,重庆,本科批,历史类,,,487,15080,
4295,武汉商学院,2025,重庆,本科批,历史类,,,514,10541,
4301,湘潭大学,2025,重庆,本科批,历史类,,,558,2943,
4302,吉首大学,2025,重庆,本科批,历史类,,,513,14604,
4303,湖南大学,2025,重庆,本科批,历史类,,,589,559,
4304,湖南农业大学,2025,重庆,本科批,历史类,,,504,5621,
4305,中南林业科技大学,2025,重庆,本科批,历史类,,,516,6633,
4306,湖南中医药大学,2025,重庆,本科批,历史类,,,519,2422,
4307,湖南理工学院,2025,重庆,本科批,历史类,,,515,10984,
4308,衡阳师范学院,2025,重庆,本科批,历史类,,,507,11193,
4309,怀化学院,2025,重庆,本科批,历史类,,,509,14156,
4310,湖南文理学院,2025,重庆,本科批,历史类,,,505,12751,
4311,湖南科技学院,2025,重庆,本科批,历史类,,,505,13677,
4312,湖南工商大学,2025,重庆,本科批,历史类,,,535,5621,
4313,湖南工业大学,2025,重庆,本科批,历史类,,,513,11419,
4314,南华大学,2025,重庆,本科批,历史类,,,547,5044,
4315,中南大学,2025,重庆,本科批,历史类,,,601,749,
4316,湖南工程学院,2025,重庆,本科批,历史类,,,509,15318,
4317,邵阳学院,2025,重庆,本科批,历史类,,,508,13442,
4318,湖南城市学院,2025,重庆,本科批,历史类,,,505,14858,
4320,长沙理工大学,2025,重庆,本科批,历史类,,,547,3581,
4321,湖南科技大学,2025,重庆,本科批,历史类,,,539,4142,
4322,湘南学院,2025,重庆,本科批,历史类,,,517,6633,
4327,湖南财政经济学院,2025,重庆,本科批,历史类,,,511,8298,
4334,湖南涉外经济学院,2025,重庆,本科批,历史类,,,441,22779,
4349,湖南女子学院,2025,重庆,本科批,历史类,,,504,16063,
4356,湖南应用技术学院,2025,重庆,本科批,历史类,,,468,18730,
4357,衡阳师范学院南岳学院,2025,重庆,本科批,历史类,,,498,16786,
4361,中南林业科技大学涉外学院,2025,重庆,本科批,历史类,,,494,17973,
4362,常德学院,2025,重庆,本科批,历史类,,,477,23897,
4367,湖南师范大学,2025,重庆,本科批,历史类,,,564,1881,
4376,湖南科技大学潇湘学院,2025,重庆,本科批,历史类,,,504,15556,
4386,长沙学院,2025,重庆,本科批,历史类,,,514,8824,
4392,长沙师范学院,2025,重庆,本科批,历史类,,,518,13442,
4401,中山大学,2025,重庆,本科批,历史类,,,620,311,
4402,暨南大学,2025,重庆,本科批,历史类,,,573,1346,
4403,华南理工大学,2025,重庆,本科批,历史类,,,608,749,
4405,广东海洋大学,2025,重庆,本科批,历史类,,,525,4503,
4406,广州中医药大学,2025,重庆,本科批,历史类,,,570,3907,
4407,广州大学,2025,重庆,本科批,历史类,,,523,3241,
4409,五邑大学,2025,重庆,本科批,历史类,,,555,6310,
4410,广东金融学院,2025,重庆,本科批,历史类,,,534,6469,
4412,东莞理工学院,2025,重庆,本科批,历史类,,,519,11622,
4413,广东外语外贸大学,2025,重庆,本科批,历史类,,,552,3241,
4414,广东工业大学,2025,重庆,本科批,历史类,,,550,4019,
4418,广东培正学院,2025,重庆,本科批,历史类,,,442,29956,
4431,深圳大学,2025,重庆,本科批,历史类,,,583,1881,
4433,惠州学院,2025,重庆,本科批,历史类,,,506,16288,
4435,韶关学院,2025,重庆,本科批,历史类,,,506,16288,
4436,珠海科技学院,2025,重庆,本科批,历史类,,,484,17973,
4439,广东轻工职业技术大学,2025,重庆,本科批,历史类,,,509,15556,
4440,南方医科大学,2025,重庆,本科批,历史类,,,549,1407,
4443,广州商学院,2025,重庆,本科批,历史类,,,457,20863,
4447,华南师范大学,2025,重庆,本科批,历史类,,,572,2031,
4456,嘉应学院,2025,重庆,本科批,历史类,,,505,15814,
4461,广州城市理工学院,2025,重庆,本科批,历史类,,,447,21111,
4462,广州南方学院,2025,重庆,本科批,历史类,,,462,21940,
4464,广州华立学院,2025,重庆,本科批,历史类,,,441,27885,
4468,北师香港浸会大学,2025,重庆,本科批,历史类,,,538,8463,
4469,广东财经大学,2025,重庆,本科批,历史类,,,542,3464,
4470,广州软件学院,2025,重庆,本科批,历史类,,,456,25591,
4471,广东外语外贸大学南国商学院,2025,重庆,本科批,历史类,,,465,23343,
4472,华南农业大学珠江学院,2025,重庆,本科批,历史类,,,441,34085,
4474,肇庆学院,2025,重庆,本科批,历史类,,,514,12519,
4475,广东技术师范大学,2025,重庆,本科批,历史类,,,528,11193,
4479,湛江科技学院,2025,重庆,本科批,历史类,,,443,32868,
4485,广州新华学院,2025,重庆,本科批,历史类,,,451,20603,
4487,岭南师范学院,2025,重庆,本科批,历史类,,,511,9023,
4489,哈尔滨工业大学（深圳）,2025,重庆,本科批,历史类,,,606,447,
4490,佛山大学,2025,重庆,本科批,历史类,,,518,13442,
4492,广东工商职业技术大学,2025,重庆,本科批,历史类,,,442,31412,
4497,汕头大学,2025,重庆,本科批,历史类,,,550,3581,
4502,桂林电子科技大学,2025,重庆,本科批,历史类,,,516,7586,
4503,桂林理工大学,2025,重庆,本科批,历史类,,,510,12075,
4504,广西师范大学,2025,重庆,本科批,历史类,,,507,3804,
4505,河池学院,2025,重庆,本科批,历史类,,,505,14376,
4510,广西财经学院,2025,重庆,本科批,历史类,,,510,10766,
4511,广西科技师范学院,2025,重庆,本科批,历史类,,,503,13442,
4512,桂林航天工业学院,2025,重庆,本科批,历史类,,,505,16063,
4513,桂林旅游学院,2025,重庆,本科批,历史类,,,503,15814,
4514,南宁学院,2025,重庆,本科批,历史类,,,466,25304,
4517,南宁职业技术大学,2025,重庆,本科批,历史类,,,500,17717,
4525,贺州学院,2025,重庆,本科批,历史类,,,503,16516,
4527,广西大学,2025,重庆,本科批,历史类,,,577,3464,
4531,梧州学院,2025,重庆,本科批,历史类,,,503,12316,
4538,广西中医药大学,2025,重庆,本科批,历史类,,,572,1703,
4539,南宁师范大学,2025,重庆,本科批,历史类,,,524,6928,
4542,广西外国语学院,2025,重庆,本科批,历史类,,,443,25591,
4543,广西民族大学,2025,重庆,本科批,历史类,,,501,6310,
4544,北部湾大学,2025,重庆,本科批,历史类,,,509,11419,
4547,南宁理工学院,2025,重庆,本科批,历史类,,,443,26729,
4550,桂林信息科技学院,2025,重庆,本科批,历史类,,,443,32868,
4552,百色学院,2025,重庆,本科批,历史类,,,503,14376,
4556,南宁师范大学师园学院,2025,重庆,本科批,历史类,,,497,18234,
4566,右江民族医学院,2025,重庆,本科批,历史类,,,526,11622,
4602,海南大学,2025,重庆,本科批,历史类,,,513,2756,
4603,海南热带海洋学院,2025,重庆,本科批,历史类,,,497,13677,
4604,海南师范大学,2025,重庆,本科批,历史类,,,491,5334,
4606,海口经济学院,2025,重庆,本科批,历史类,,,438,34085,
4612,琼台师范学院,2025,重庆,本科批,历史类,,,472,13219,
4615,三亚学院,2025,重庆,本科批,历史类,,,438,23065,
4620,海南科技职业大学,2025,重庆,本科批,历史类,,,441,23343,
5001,重庆大学,2025,重庆,本科批,历史类,,,560,1038,
5002,重庆邮电大学,2025,重庆,本科批,历史类,,,510,3907,
5003,重庆交通大学,2025,重庆,本科批,历史类,,,523,5889,
5005,重庆医科大学,2025,重庆,本科批,历史类,,,532,8298,
5006,西南大学,2025,重庆,本科批,历史类,,,569,1953,
5007,重庆师范大学,2025,重庆,本科批,历史类,,,508,3349,
5008,重庆文理学院,2025,重庆,本科批,历史类,,,502,9726,
5009,重庆三峡学院,2025,重庆,本科批,历史类,,,505,9023,
5010,长江师范学院,2025,重庆,本科批,历史类,,,504,11419,
5011,四川外国语大学,2025,重庆,本科批,历史类,,,499,4375,
5012,西南政法大学,2025,重庆,本科批,历史类,,,556,830,
5013,四川美术学院,2025,重庆,本科批,历史类,,,506,13908,
5015,重庆理工大学,2025,重庆,本科批,历史类,,,518,5334,
5016,重庆工商大学,2025,重庆,本科批,历史类,,,488,6310,
5017,重庆中医药学院,2025,重庆,本科批,历史类,,,538,4750,
5019,重庆人文科技学院,2025,重庆,本科批,历史类,,,448,17717,
5020,重庆外语外事学院,2025,重庆,本科批,历史类,,,443,23065,
5021,重庆对外经贸学院,2025,重庆,本科批,历史类,,,449,20863,
5022,重庆财经学院,2025,重庆,本科批,历史类,,,465,17717,
5023,重庆工商大学派斯学院,2025,重庆,本科批,历史类,,,449,23897,
5026,重庆移通学院,2025,重庆,本科批,历史类,,,446,28475,
5027,重庆科技大学,2025,重庆,本科批,历史类,,,511,9023,
5029,重庆第二师范学院,2025,重庆,本科批,历史类,,,506,10123,
5045,重庆工程学院,2025,重庆,本科批,历史类,,,445,28475,
5050,重庆机电职业技术大学,2025,重庆,本科批,历史类,,,446,29374,
5057,重庆城市科技学院,2025,重庆,本科批,历史类,,,444,21390,
5102,西南交通大学,2025,重庆,本科批,历史类,,,577,2192,
5104,电子科技大学,2025,重庆,本科批,历史类,,,599,1300,
5105,西南石油大学,2025,重庆,本科批,历史类,,,539,3697,
5106,成都理工大学,2025,重庆,本科批,历史类,,,537,3581,
5107,西南科技大学,2025,重庆,本科批,历史类,,,519,5621,
5108,成都信息工程大学,2025,重庆,本科批,历史类,,,453,7239,
5109,四川轻化工大学,2025,重庆,本科批,历史类,,,526,6633,
5110,西华大学,2025,重庆,本科批,历史类,,,497,5482,
5111,中国民用航空飞行学院,2025,重庆,本科批,历史类,,,515,7586,
5112,四川农业大学,2025,重庆,本科批,历史类,,,536,3349,
5113,西南医科大学,2025,重庆,本科批,历史类,,,516,3241,
5114,成都中医药大学,2025,重庆,本科批,历史类,,,520,270,
5115,川北医学院,2025,重庆,本科批,历史类,,,512,12962,
5116,四川师范大学,2025,重庆,本科批,历史类,,,510,3697,
5117,西华师范大学,2025,重庆,本科批,历史类,,,523,5743,
5118,绵阳师范学院,2025,重庆,本科批,历史类,,,504,7425,
5119,内江师范学院,2025,重庆,本科批,历史类,,,519,9023,
5120,宜宾学院,2025,重庆,本科批,历史类,,,509,9922,
5121,乐山师范学院,2025,重庆,本科批,历史类,,,512,10984,
5122,西南财经大学,2025,重庆,本科批,历史类,,,556,939,
5123,成都体育学院,2025,重庆,本科批,历史类,,,487,6163,
5124,四川音乐学院,2025,重庆,本科批,历史类,,,499,16288,
5125,西南民族大学,2025,重庆,本科批,历史类,,,518,3464,
5126,攀枝花学院,2025,重庆,本科批,历史类,,,509,10541,
5127,四川大学,2025,重庆,本科批,历史类,,,591,477,
5129,西昌学院,2025,重庆,本科批,历史类,,,498,12962,
5130,成都理工大学工程技术学院,2025,重庆,本科批,历史类,,,480,18730,
5131,四川传媒学院,2025,重庆,本科批,历史类,,,487,18234,
5132,成都银杏酒店管理学院,2025,重庆,本科批,历史类,,,450,25591,
5133,成都文理学院,2025,重庆,本科批,历史类,,,475,24430,
5134,四川工商学院,2025,重庆,本科批,历史类,,,499,17015,
5135,成都外国语学院,2025,重庆,本科批,历史类,,,454,17973,
5136,电子科技大学成都学院,2025,重庆,本科批,历史类,,,478,18486,
5137,四川文理学院,2025,重庆,本科批,历史类,,,504,10123,
5138,成都工业学院,2025,重庆,本科批,历史类,,,509,13677,
5139,四川旅游学院,2025,重庆,本科批,历史类,,,505,15556,
5151,四川警察学院,2025,重庆,本科批,历史类,,,563,5175,
5167,成都东软学院,2025,重庆,本科批,历史类,,,477,19556,
5170,四川民族学院,2025,重庆,本科批,历史类,,,519,9202,
5176,吉利学院,2025,重庆,本科批,历史类,,,446,26996,
5179,阿坝师范学院,2025,重庆,本科批,历史类,,,508,12519,
5180,成都大学,2025,重庆,本科批,历史类,,,515,4253,
5181,四川工业科技学院,2025,重庆,本科批,历史类,,,461,23065,
5182,成都师范学院,2025,重庆,本科批,历史类,,,504,7083,
5184,成都锦城学院,2025,重庆,本科批,历史类,,,483,14156,
5190,西南财经大学天府学院,2025,重庆,本科批,历史类,,,473,19001,
5191,四川大学锦江学院,2025,重庆,本科批,历史类,,,490,17460,
5192,四川文化艺术学院,2025,重庆,本科批,历史类,,,459,18234,
5199,绵阳城市学院,2025,重庆,本科批,历史类,,,468,23065,
5201,贵州大学,2025,重庆,本科批,历史类,,,533,2840,
5203,遵义医科大学,2025,重庆,本科批,历史类,,,522,9023,
5204,贵州中医药大学,2025,重庆,本科批,历史类,,,541,3349,
5205,贵州师范大学,2025,重庆,本科批,历史类,,,537,9363,
5206,遵义师范学院,2025,重庆,本科批,历史类,,,525,11193,
5207,黔南民族师范学院,2025,重庆,本科批,历史类,,,505,16516,
5208,贵州财经大学,2025,重庆,本科批,历史类,,,522,6469,
5209,贵州民族大学,2025,重庆,本科批,历史类,,,519,13219,
5211,贵州黔南经济学院,2025,重庆,本科批,历史类,,,477,23897,
5215,贵阳学院,2025,重庆,本科批,历史类,,,515,12962,
5216,安顺学院,2025,重庆,本科批,历史类,,,505,13677,
5220,贵州警察学院,2025,重庆,本科批,历史类,,,543,8298,
5229,贵州医科大学神奇民族医药学院,2025,重庆,本科批,历史类,,,498,18234,
5231,贵阳信息科技学院,2025,重庆,本科批,历史类,,,465,27281,
5232,六盘水师范学院,2025,重庆,本科批,历史类,,,517,13677,
5236,铜仁学院,2025,重庆,本科批,历史类,,,505,13908,
5237,兴义民族师范学院,2025,重庆,本科批,历史类,,,513,12519,
5238,贵州工程应用技术学院,2025,重庆,本科批,历史类,,,509,15556,
5239,贵州商学院,2025,重庆,本科批,历史类,,,499,17973,
5241,凯里学院,2025,重庆,本科批,历史类,,,503,17015,
5244,贵州师范学院,2025,重庆,本科批,历史类,,,503,12962,
5253,贵阳康养职业大学,2025,重庆,本科批,历史类,,,505,7760,
5301,云南大学,2025,重庆,本科批,历史类,,,574,2589,
5302,昆明理工大学,2025,重庆,本科批,历史类,,,533,4904,
5303,云南农业大学,2025,重庆,本科批,历史类,,,500,9555,
5304,西南林业大学,2025,重庆,本科批,历史类,,,510,7936,
5305,大理大学,2025,重庆,本科批,历史类,,,512,7425,
5306,云南师范大学,2025,重庆,本科批,历史类,,,518,6633,
5307,曲靖师范学院,2025,重庆,本科批,历史类,,,505,10123,
5308,云南艺术学院,2025,重庆,本科批,历史类,,,501,14156,
5309,云南民族大学,2025,重庆,本科批,历史类,,,506,11193,
5310,玉溪师范学院,2025,重庆,本科批,历史类,,,514,12075,
5311,楚雄师范学院,2025,重庆,本科批,历史类,,,505,16063,
5312,昆明医科大学海源学院,2025,重庆,本科批,历史类,,,490,20354,
5313,滇池学院,2025,重庆,本科批,历史类,,,451,17973,
5314,丽江文化旅游学院,2025,重庆,本科批,历史类,,,445,24430,
5315,昆明城市学院,2025,重庆,本科批,历史类,,,483,19001,
5318,昆明学院,2025,重庆,本科批,历史类,,,504,10123,
5326,云南经济管理学院,2025,重庆,本科批,历史类,,,452,21940,
5327,昆明文理学院,2025,重庆,本科批,历史类,,,462,17973,
5330,云南财经大学,2025,重庆,本科批,历史类,,,500,6017,
5334,云南警官学院,2025,重庆,本科批,历史类,,,547,7586,
5336,保山学院,2025,重庆,本科批,历史类,,,516,13908,
5337,红河学院,2025,重庆,本科批,历史类,,,501,13442,
5339,昆明理工大学津桥学院,2025,重庆,本科批,历史类,,,447,22503,
5340,昭通学院,2025,重庆,本科批,历史类,,,507,14156,
5342,云南工商学院,2025,重庆,本科批,历史类,,,470,22215,
5349,滇西科技师范学院,2025,重庆,本科批,历史类,,,506,16288,
5352,云南中医药大学,2025,重庆,本科批,历史类,,,525,3140,
5372,滇西应用技术大学,2025,重庆,本科批,历史类,,,499,10984,
5401,西藏大学,2025,重庆,本科批,历史类,,,557,5334,
5402,西藏民族大学,2025,重庆,本科批,历史类,,,504,8463,
5407,西藏农牧大学,2025,重庆,本科批,历史类,,,498,16063,
6101,西安交通大学,2025,重庆,本科批,历史类,,,620,499,
6102,西北工业大学,2025,重庆,本科批,历史类,,,596,1300,
6104,西安电子科技大学,2025,重庆,本科批,历史类,,,579,3241,
6105,西安工业大学,2025,重庆,本科批,历史类,,,540,5621,
6106,西安建筑科技大学,2025,重庆,本科批,历史类,,,531,10338,
6108,西安石油大学,2025,重庆,本科批,历史类,,,521,9202,
6109,陕西科技大学,2025,重庆,本科批,历史类,,,507,16063,
6111,陕西师范大学,2025,重庆,本科批,历史类,,,560,1407,
6112,延安大学,2025,重庆,本科批,历史类,,,543,7425,
6113,渭南师范学院,2025,重庆,本科批,历史类,,,490,15556,
6114,西安外国语大学,2025,重庆,本科批,历史类,,,517,4503,
6115,西北政法大学,2025,重庆,本科批,历史类,,,562,2840,
6118,西安美术学院,2025,重庆,本科批,历史类,,,501,17460,
6119,西安培华学院,2025,重庆,本科批,历史类,,,457,20074,
6122,宝鸡文理学院,2025,重庆,本科批,历史类,,,509,15556,
6123,西北农林科技大学,2025,重庆,本科批,历史类,,,589,1703,
6124,长安大学,2025,重庆,本科批,历史类,,,560,2943,
6125,陕西理工大学,2025,重庆,本科批,历史类,,,504,5889,
6126,西安财经大学,2025,重庆,本科批,历史类,,,538,5175,
6129,西安文理学院,2025,重庆,本科批,历史类,,,509,11622,
6133,西安欧亚学院,2025,重庆,本科批,历史类,,,443,25876,
6134,西安翻译学院,2025,重庆,本科批,历史类,,,443,28747,
6135,西安外事学院,2025,重庆,本科批,历史类,,,456,25591,
6136,西京学院,2025,重庆,本科批,历史类,,,444,21111,
6142,西安思源学院,2025,重庆,本科批,历史类,,,474,23065,
6143,陕西服装工程学院,2025,重庆,本科批,历史类,,,449,30824,
6144,陕西国际商贸学院,2025,重庆,本科批,历史类,,,449,26437,
6148,陕西警察学院,2025,重庆,本科批,历史类,,,526,11419,
6151,西安汽车职业大学,2025,重庆,本科批,历史类,,,445,25591,
6152,陕西科技大学镐京学院,2025,重庆,本科批,历史类,,,440,33174,
6156,西安医学院,2025,重庆,本科批,历史类,,,517,13677,
6158,西安工商学院,2025,重庆,本科批,历史类,,,442,26141,
6159,咸阳师范学院,2025,重庆,本科批,历史类,,,499,12075,
6162,延安大学西安创新学院,2025,重庆,本科批,历史类,,,483,22215,
6164,西北大学,2025,重庆,本科批,历史类,,,575,1576,
6166,西安明德理工学院,2025,重庆,本科批,历史类,,,445,29374,
6174,榆林学院,2025,重庆,本科批,历史类,,,503,14376,
6175,安康学院,2025,重庆,本科批,历史类,,,514,13442,
6180,西安科技大学高新学院,2025,重庆,本科批,历史类,,,438,25005,
6184,商洛学院,2025,重庆,本科批,历史类,,,514,14376,
6193,陕西学前师范学院,2025,重庆,本科批,历史类,,,510,15318,
6194,西安交通工程学院,2025,重庆,本科批,历史类,,,443,26437,
6201,兰州大学,2025,重庆,本科批,历史类,,,585,1300,
6202,兰州理工大学,2025,重庆,本科批,历史类,,,543,7425,
6203,兰州交通大学,2025,重庆,本科批,历史类,,,519,7239,
6204,天水师范大学,2025,重庆,本科批,历史类,,,512,13442,
6205,河西学院,2025,重庆,本科批,历史类,,,501,16288,
6206,兰州财经大学,2025,重庆,本科批,历史类,,,507,7760,
6207,西北民族大学,2025,重庆,本科批,历史类,,,504,8116,
6208,甘肃政法大学,2025,重庆,本科批,历史类,,,537,4620,
6217,西北师范大学,2025,重庆,本科批,历史类,,,528,4620,
6218,陇南师范学院,2025,重庆,本科批,历史类,,,512,14858,
6219,陇东学院,2025,重庆,本科批,历史类,,,504,12962,
6222,甘肃中医药大学,2025,重庆,本科批,历史类,,,529,5044,
6225,酒泉职业技术大学,2025,重庆,本科批,历史类,,,500,17717,
6227,兰州文理学院,2025,重庆,本科批,历史类,,,505,16516,
6233,甘肃民族师范学院,2025,重庆,本科批,历史类,,,504,16786,
6253,兰州石化职业技术大学,2025,重庆,本科批,历史类,,,517,13677,
6302,青海民族大学,2025,重庆,本科批,历史类,,,504,11193,
6304,青海师范大学,2025,重庆,本科批,历史类,,,510,8298,
6401,宁夏大学,2025,重庆,本科批,历史类,,,561,3581,
6403,北方民族大学,2025,重庆,本科批,历史类,,,508,9023,
6404,宁夏师范大学,2025,重庆,本科批,历史类,,,507,16063,
6405,宁夏理工学院,2025,重庆,本科批,历史类,,,444,21390,
6412,银川科技学院,2025,重庆,本科批,历史类,,,464,23598,
6501,新疆大学,2025,重庆,本科批,历史类,,,552,4142,
6502,新疆农业大学,2025,重庆,本科批,历史类,,,499,15318,
6503,石河子大学,2025,重庆,本科批,历史类,,,542,4503,
6504,新疆师范大学,2025,重庆,本科批,历史类,,,500,8463,
6505,伊犁师范大学,2025,重庆,本科批,历史类,,,503,12316,
6506,新疆财经大学,2025,重庆,本科批,历史类,,,502,9922,
6507,新疆科技学院,2025,重庆,本科批,历史类,,,503,15556,
6508,新疆理工学院,2025,重庆,本科批,历史类,,,500,13442,
6510,新疆第二医学院,2025,重庆,本科批,历史类,,,503,17015,
6514,新疆农业职业技术大学,2025,重庆,本科批,历史类,,,496,18486,
6520,新疆天山职业技术大学,2025,重庆,本科批,历史类,,,450,20863,
6522,新疆政法学院,2025,重庆,本科批,历史类,,,500,9726,
6524,喀什大学,2025,重庆,本科批,历史类,,,502,11193,
6525,昌吉学院,2025,重庆,本科批,历史类,,,504,15080,
6527,新疆艺术学院,2025,重庆,本科批,历史类,,,500,17460,
6536,新疆警察学院,2025,重庆,本科批,历史类,,,525,11865,
6537,中国石油大学（北京）克拉玛依校区,2025,重庆,本科批,历史类,,,557,4750,
6543,新疆和田学院,2025,重庆,本科批,历史类,,,501,16516,
,上海财经大学浙江学院,2025,重庆,本科批,历史类,,,489,14156,
1130,中国人民公安大学,2025,重庆,本科提前批A段,历史类,,,610,207,
1144,中国消防救援学院,2025,重庆,本科提前批A段,历史类,,,587,2504,
2122,中国刑事警察学院,2025,重庆,本科提前批A段,历史类,,,447,634,
4223,中南财经政法大学,2025,重庆,本科提前批A段,历史类,,,571,4142,
5128,武警警官学院,2025,重庆,本科提前批A段,历史类,,,594,1953,
1125,中国传媒大学,2025,重庆,本科提前批B段,历史类,,,575,1407,
1126,中央财经大学,2025,重庆,本科提前批B段,历史类,,,587,1233,
1127,对外经济贸易大学,2025,重庆,本科提前批B段,历史类,,,591,1038,
1129,外交学院,2025,重庆,本科提前批B段,历史类,,,603,939,
1236,天津师范大学,2025,重庆,本科提前批B段,历史类,,,555,3804,
2201,吉林大学,2025,重庆,本科提前批B段,历史类,,,592,2114,
2208,东北师范大学,2025,重庆,本科提前批B段,历史类,,,610,985,
2301,黑龙江大学,2025,重庆,本科提前批B段,历史类,,,527,7760,
2307,东北农业大学,2025,重庆,本科提前批B段,历史类,,,571,4142,
3104,华东理工大学,2025,重庆,本科提前批B段,历史类,,,578,3349,
3110,华东师范大学,2025,重庆,本科提前批B段,历史类,,,611,167,
3249,南京师范大学,2025,重庆,本科提前批B段,历史类,,,583,2756,
3251,扬州大学,2025,重庆,本科提前批B段,历史类,,,562,3140,
3501,厦门大学,2025,重庆,本科提前批B段,历史类,,,624,477,
3701,山东大学,2025,重庆,本科提前批B段,历史类,,,592,1141,
3702,中国海洋大学,2025,重庆,本科提前批B段,历史类,,,588,1091,
3718,山东大学（威海）,2025,重庆,本科提前批B段,历史类,,,586,1141,
3740,山东师范大学,2025,重庆,本科提前批B段,历史类,,,520,5175,
4208,华中师范大学,2025,重庆,本科提前批B段,历史类,,,558,499,
4223,中南财经政法大学,2025,重庆,本科提前批B段,历史类,,,576,669,
4504,广西师范大学,2025,重庆,本科提前批B段,历史类,,,562,5334,
5003,重庆交通大学,2025,重庆,本科提前批B段,历史类,,,537,6017,
5006,西南大学,2025,重庆,本科提前批B段,历史类,,,564,749,
5007,重庆师范大学,2025,重庆,本科提前批B段,历史类,,,570,1091,
5011,四川外国语大学,2025,重庆,本科提前批B段,历史类,,,510,5044,
5015,重庆理工大学,2025,重庆,本科提前批B段,历史类,,,531,5044,
5122,西南财经大学,2025,重庆,本科提前批B段,历史类,,,578,1458,
5125,西南民族大学,2025,重庆,本科提前批B段,历史类,,,544,7760,
5201,贵州大学,2025,重庆,本科提前批B段,历史类,,,575,3697,
1166,北京培黎职业学院,2025,重庆,专科批,物理类,,,410,109455,
1223,天津市职业大学,2025,重庆,专科批,物理类,,,475,75574,
1224,天津医学高等专科学校,2025,重庆,专科批,物理类,,,353,77404,
1228,天津现代职业技术学院,2025,重庆,专科批,物理类,,,422,97772,
1229,天津轻工职业技术学院,2025,重庆,专科批,物理类,,,404,111757,
1230,天津电子信息职业技术学院,2025,重庆,专科批,物理类,,,417,98260,
1234,天津交通职业学院,2025,重庆,专科批,物理类,,,409,109842,
1237,天津石油职业技术学院,2025,重庆,专科批,物理类,,,376,115282,
1238,天津国土资源和房屋职业学院,2025,重庆,专科批,物理类,,,402,112465,
1248,天津城市建设管理职业技术学院,2025,重庆,专科批,物理类,,,406,110623,
1249,天津海运职业学院,2025,重庆,专科批,物理类,,,460,84831,
1253,天津城市职业学院,2025,重庆,专科批,物理类,,,389,105425,
1272,天津铁道职业技术学院,2025,重庆,专科批,物理类,,,391,96773,
1274,天津生物工程职业技术学院,2025,重庆,专科批,物理类,,,312,104066,
1275,天津滨海汽车工程职业学院,2025,重庆,专科批,物理类,,,253,138340,
1323,邯郸职业技术学院,2025,重庆,专科批,物理类,,,360,116566,
1324,石家庄铁路职业技术学院,2025,重庆,专科批,物理类,,,457,83738,
1328,河北软件职业技术学院,2025,重庆,专科批,物理类,,,395,114918,
1329,秦皇岛职业技术学院,2025,重庆,专科批,物理类,,,335,119690,
1330,唐山职业技术学院,2025,重庆,专科批,物理类,,,381,103653,
1332,河北旅游职业学院,2025,重庆,专科批,物理类,,,351,123916,
1334,河北化工医药职业技术学院,2025,重庆,专科批,物理类,,,354,112465,
1337,石家庄邮电职业技术学院,2025,重庆,专科批,物理类,,,489,53788,
1341,河北能源职业技术学院,2025,重庆,专科批,物理类,,,339,129189,
1347,河北对外经贸职业学院,2025,重庆,专科批,物理类,,,341,114918,
1349,石家庄工商职业学院,2025,重庆,专科批,物理类,,,264,132645,
1350,河北交通职业技术学院,2025,重庆,专科批,物理类,,,401,112843,
1352,邢台医学院,2025,重庆,专科批,物理类,,,411,89678,
1363,石家庄城市经济职业学院,2025,重庆,专科批,物理类,,,228,138022,
1364,河北机电职业技术学院,2025,重庆,专科批,物理类,,,357,119416,
1377,石家庄科技信息职业学院,2025,重庆,专科批,物理类,,,264,122703,
1383,石家庄医学高等专科学校,2025,重庆,专科批,物理类,,,180,113203,
1384,河北司法警官职业学院,2025,重庆,专科批,物理类,,,426,92301,
1392,石家庄人民医学高等专科学校,2025,重庆,专科批,物理类,,,372,107852,
1413,山西工程职业学院,2025,重庆,专科批,物理类,,,354,126004,
1440,临汾职业技术学院,2025,重庆,专科批,物理类,,,368,120512,
1454,运城护理职业学院,2025,重庆,专科批,物理类,,,379,102787,
1485,山西卫生健康职业学院,2025,重庆,专科批,物理类,,,385,95801,
1530,包头铁道职业技术学院,2025,重庆,专科批,物理类,,,416,107061,
1545,满洲里俄语职业学院,2025,重庆,专科批,物理类,,,180,139478,
2132,大连财经学院,2025,重庆,专科批,物理类,,,180,111757,
2134,铁岭师范高等专科学校,2025,重庆,专科批,物理类,,,180,120512,
2135,辽宁省交通高等专科学校,2025,重庆,专科批,物理类,,,335,110972,
2137,大连职业技术学院,2025,重庆,专科批,物理类,,,349,107852,
2140,辽宁机电职业技术学院,2025,重庆,专科批,物理类,,,351,101438,
2142,辽宁广告职业学院,2025,重庆,专科批,物理类,,,180,132498,
2145,锦州师范高等专科学校,2025,重庆,专科批,物理类,,,180,115614,
2146,辽宁农业职业技术学院,2025,重庆,专科批,物理类,,,284,115614,
2149,抚顺职业技术学院,2025,重庆,专科批,物理类,,,270,112125,
2156,辽宁职业学院,2025,重庆,专科批,物理类,,,362,120813,
2167,辽宁石化职业技术学院,2025,重庆,专科批,物理类,,,360,124405,
2171,沈阳职业技术学院,2025,重庆,专科批,物理类,,,303,116254,
2179,朝阳师范学院,2025,重庆,专科批,物理类,,,267,103653,
2184,大连航运职业技术学院,2025,重庆,专科批,物理类,,,180,129017,
2188,沈阳北软信息职业技术学院,2025,重庆,专科批,物理类,,,283,134938,
2191,抚顺师范高等专科学校,2025,重庆,专科批,物理类,,,298,125293,
2192,营口职业技术学院,2025,重庆,专科批,物理类,,,347,112125,
2193,盘锦职业技术学院,2025,重庆,专科批,物理类,,,350,117838,
2196,辽宁何氏医学院,2025,重庆,专科批,物理类,,,180,115614,
2198,辽宁铁道职业技术学院,2025,重庆,专科批,物理类,,,384,99645,
2199,大连汽车职业技术学院,2025,重庆,专科批,物理类,,,180,128832,
2226,长春金融高等专科学校,2025,重庆,专科批,物理类,,,355,110623,
2227,长春医学高等专科学校,2025,重庆,专科批,物理类,,,397,76786,
2228,吉林交通职业技术学院,2025,重庆,专科批,物理类,,,337,120244,
2229,辽源职业技术学院,2025,重庆,专科批,物理类,,,344,84250,
2240,吉林电子信息职业技术学院,2025,重庆,专科批,物理类,,,363,124163,
2245,吉林司法警官职业学院,2025,重庆,专科批,物理类,,,383,118751,
2260,梅河口康美职业技术学院,2025,重庆,专科批,物理类,,,180,120813,
2267,白城职业技术学院,2025,重庆,专科批,物理类,,,348,127491,
2268,长春健康职业学院,2025,重庆,专科批,物理类,,,319,132498,
2321,牡丹江大学,2025,重庆,专科批,物理类,,,317,109026,
2323,黑龙江建筑职业技术学院,2025,重庆,专科批,物理类,,,300,104066,
2325,黑龙江农业工程职业学院,2025,重庆,专科批,物理类,,,348,102787,
2326,黑龙江农垦职业学院,2025,重庆,专科批,物理类,,,264,119416,
2327,哈尔滨铁道职业技术学院,2025,重庆,专科批,物理类,,,399,103219,
2336,黑龙江生态工程职业学院,2025,重庆,专科批,物理类,,,326,131452,
2341,黑龙江农业经济职业学院,2025,重庆,专科批,物理类,,,341,128832,
2342,黑龙江林业职业技术学院,2025,重庆,专科批,物理类,,,329,126882,
2343,哈尔滨职业技术大学,2025,重庆,专科批,物理类,,,383,113525,
2347,黑龙江能源职业学院,2025,重庆,专科批,物理类,,,314,129017,
2351,齐齐哈尔高等师范专科学校,2025,重庆,专科批,物理类,,,302,123916,
2362,黑龙江司法警官职业学院,2025,重庆,专科批,物理类,,,375,117512,
2364,黑龙江交通职业技术学院,2025,重庆,专科批,物理类,,,378,111360,
2366,伊春职业学院,2025,重庆,专科批,物理类,,,357,111757,
2367,大庆职业学院,2025,重庆,专科批,物理类,,,310,108277,
2368,大兴安岭职业学院,2025,重庆,专科批,物理类,,,375,121108,
2371,大庆医学高等专科学校,2025,重庆,专科批,物理类,,,402,77404,
2373,黑龙江幼儿师范高等专科学校,2025,重庆,专科批,物理类,,,247,127491,
2374,哈尔滨科学技术职业学院,2025,重庆,专科批,物理类,,,322,121108,
2375,佳木斯职业学院,2025,重庆,专科批,物理类,,,330,130802,
2376,黑龙江护理高等专科学校,2025,重庆,专科批,物理类,,,378,101917,
2379,哈尔滨幼儿师范高等专科学校,2025,重庆,专科批,物理类,,,180,121108,
2388,哈尔滨北方航空职业技术学院,2025,重庆,专科批,物理类,,,180,138022,
3122,上海旅游高等专科学校,2025,重庆,专科批,物理类,,,414,96289,
3123,上海济光职业技术学院,2025,重庆,专科批,物理类,,,378,116882,
3128,上海工艺美术职业学院,2025,重庆,专科批,物理类,,,416,95317,
3149,上海电子信息职业技术学院,2025,重庆,专科批,物理类,,,425,87032,
3152,上海城建职业学院,2025,重庆,专科批,物理类,,,417,82102,
3153,上海交通职业技术学院,2025,重庆,专科批,物理类,,,410,99150,
3160,上海出版印刷高等专科学校,2025,重庆,专科批,物理类,,,413,102787,
3173,上海邦德职业技术学院,2025,重庆,专科批,物理类,,,356,125534,
3176,上海民航职业技术学院,2025,重庆,专科批,物理类,,,421,85348,
3177,上海科学技术职业学院,2025,重庆,专科批,物理类,,,442,70203,
3235,江苏建筑职业技术学院,2025,重庆,专科批,物理类,,,387,114243,
3238,江苏食品药品职业技术学院,2025,重庆,专科批,物理类,,,392,115930,
3243,江苏海事职业技术学院,2025,重庆,专科批,物理类,,,481,73860,
3253,江苏农牧科技职业学院,2025,重庆,专科批,物理类,,,410,78587,
3256,苏州百年职业学院,2025,重庆,专科批,物理类,,,325,123916,
3272,太湖创意职业技术学院,2025,重庆,专科批,物理类,,,320,131132,
3279,苏州高博职业学院,2025,重庆,专科批,物理类,,,302,124643,
3291,江苏城市职业学院,2025,重庆,专科批,物理类,,,403,106225,
3292,明达职业技术学院,2025,重庆,专科批,物理类,,,180,139478,
3293,连云港职业技术学院,2025,重庆,专科批,物理类,,,387,117512,
3294,镇江市高等专科学校,2025,重庆,专科批,物理类,,,388,112125,
3296,苏州职业技术大学,2025,重庆,专科批,物理类,,,409,83220,
3315,浙江工贸职业技术学院,2025,重庆,专科批,物理类,,,438,89678,
3334,浙江机电职业技术大学,2025,重庆,专科批,物理类,,,466,75574,
3354,浙江商业职业技术学院,2025,重庆,专科批,物理类,,,413,80338,
3355,浙江经济职业技术学院,2025,重庆,专科批,物理类,,,430,84831,
3379,浙江工商职业技术学院,2025,重庆,专科批,物理类,,,421,80338,
3415,安徽第二医学院,2025,重庆,专科批,物理类,,,436,92792,
3438,安徽新闻出版职业技术学院,2025,重庆,专科批,物理类,,,346,113525,
3462,安徽审计职业学院,2025,重庆,专科批,物理类,,,396,114578,
3464,合肥职业技术学院,2025,重庆,专科批,物理类,,,387,117512,
3472,合肥通用职业技术学院,2025,重庆,专科批,物理类,,,342,124855,
3479,宣城职业技术学院,2025,重庆,专科批,物理类,,,378,120244,
3515,黎明职业大学,2025,重庆,专科批,物理类,,,394,107852,
3517,漳州职业技术学院,2025,重庆,专科批,物理类,,,424,87578,
3523,泉州纺织服装职业学院,2025,重庆,专科批,物理类,,,180,139478,
3531,厦门华天涉外职业技术学院,2025,重庆,专科批,物理类,,,328,123183,
3541,泉州经贸职业技术学院,2025,重庆,专科批,物理类,,,353,123654,
3548,厦门兴才职业技术学院,2025,重庆,专科批,物理类,,,327,131286,
3550,厦门软件职业技术学院,2025,重庆,专科批,物理类,,,419,105820,
3551,厦门南洋职业学院,2025,重庆,专科批,物理类,,,329,130964,
3563,三明医学科技职业学院,2025,重庆,专科批,物理类,,,333,89678,
3564,泉州轻工职业学院,2025,重庆,专科批,物理类,,,284,136215,
3572,漳州科技职业学院,2025,重庆,专科批,物理类,,,180,139478,
3573,泉州海洋职业学院,2025,重庆,专科批,物理类,,,336,128832,
3582,武夷山职业学院,2025,重庆,专科批,物理类,,,180,139478,
3583,厦门城市职业学院,2025,重庆,专科批,物理类,,,398,106225,
3593,福州墨尔本理工职业学院,2025,重庆,专科批,物理类,,,180,136798,
3598,福州软件职业技术学院,2025,重庆,专科批,物理类,,,180,139478,
3614,江西医学高等专科学校,2025,重庆,专科批,物理类,,,412,102364,
3631,九江职业大学,2025,重庆,专科批,物理类,,,320,104987,
3633,江西职业技术大学,2025,重庆,专科批,物理类,,,404,91780,
3634,江西工业职业技术学院,2025,重庆,专科批,物理类,,,378,110249,
3636,南昌理工学院,2025,重庆,专科批,物理类,,,212,118146,
3637,江西司法警官职业学院,2025,重庆,专科批,物理类,,,396,110249,
3638,江西应用科技学院,2025,重庆,专科批,物理类,,,180,139478,
3639,江西电力职业技术学院,2025,重庆,专科批,物理类,,,448,72625,
3641,江西机电职业技术学院,2025,重庆,专科批,物理类,,,376,111360,
3644,江西交通职业技术学院,2025,重庆,专科批,物理类,,,374,115930,
3646,江西财经职业学院,2025,重庆,专科批,物理类,,,384,114243,
3647,江西应用技术职业学院,2025,重庆,专科批,物理类,,,485,71425,
3648,江西现代职业技术学院,2025,重庆,专科批,物理类,,,378,119987,
3649,南昌工学院,2025,重庆,专科批,物理类,,,317,124405,
3650,南昌职业大学,2025,重庆,专科批,物理类,,,180,132916,
3652,江西科技职业学院,2025,重庆,专科批,物理类,,,324,127087,
3658,江西环境工程职业学院,2025,重庆,专科批,物理类,,,349,118146,
3659,宜春职业技术学院,2025,重庆,专科批,物理类,,,370,109026,
3661,江西建设职业技术学院,2025,重庆,专科批,物理类,,,333,121108,
3664,江西软件职业技术大学,2025,重庆,专科批,物理类,,,180,139478,
3666,赣西科技职业学院,2025,重庆,专科批,物理类,,,329,130964,
3670,抚州医药学院,2025,重庆,专科批,物理类,,,409,107473,
3673,江西信息应用职业技术学院,2025,重庆,专科批,物理类,,,477,76161,
3675,江西工程职业学院,2025,重庆,专科批,物理类,,,378,120244,
3682,江西新能源科技职业学院,2025,重庆,专科批,物理类,,,241,127491,
3683,江西水利职业学院,2025,重庆,专科批,物理类,,,367,118751,
3685,江西工商职业技术学院,2025,重庆,专科批,物理类,,,180,130290,
3688,江西师范高等专科学校,2025,重庆,专科批,物理类,,,379,119987,
3690,江西航空职业技术学院,2025,重庆,专科批,物理类,,,330,129759,
3691,江西枫林涉外经贸职业学院,2025,重庆,专科批,物理类,,,339,129189,
3693,景德镇陶瓷职业技术学院,2025,重庆,专科批,物理类,,,180,139478,
3697,吉安职业技术学院,2025,重庆,专科批,物理类,,,342,109842,
3698,赣南卫生健康职业学院,2025,重庆,专科批,物理类,,,375,113525,
3721,山东水利职业学院,2025,重庆,专科批,物理类,,,376,109026,
3723,山东力明科技职业学院,2025,重庆,专科批,物理类,,,180,109455,
3724,青岛酒店管理职业技术学院,2025,重庆,专科批,物理类,,,355,126004,
3729,青岛求实职业技术学院,2025,重庆,专科批,物理类,,,180,127491,
3731,青岛黄海学院,2025,重庆,专科批,物理类,,,180,121418,
3733,山东畜牧兽医职业学院,2025,重庆,专科批,物理类,,,424,80338,
3736,曲阜远东职业技术学院,2025,重庆,专科批,物理类,,,180,139478,
3737,青岛港湾职业技术学院,2025,重庆,专科批,物理类,,,413,87032,
3747,日照职业技术学院,2025,重庆,专科批,物理类,,,354,97269,
3766,齐鲁理工学院,2025,重庆,专科批,物理类,,,180,137473,
3782,山东职业学院,2025,重庆,专科批,物理类,,,408,94799,
3783,山东铝业职业学院,2025,重庆,专科批,物理类,,,321,120512,
3784,山东海事职业学院,2025,重庆,专科批,物理类,,,180,128832,
4126,开封大学,2025,重庆,专科批,物理类,,,387,102787,
4131,濮阳职业技术学院,2025,重庆,专科批,物理类,,,295,135326,
4133,焦作大学,2025,重庆,专科批,物理类,,,411,109026,
4134,郑州电力高等专科学校,2025,重庆,专科批,物理类,,,464,83738,
4137,黄河水利职业技术大学,2025,重庆,专科批,物理类,,,419,78587,
4139,鹤壁职业技术学院,2025,重庆,专科批,物理类,,,347,120813,
4140,河南工业职业技术学院,2025,重庆,专科批,物理类,,,383,118751,
4150,漯河职业技术学院,2025,重庆,专科批,物理类,,,326,116566,
4151,三门峡职业技术学院,2025,重庆,专科批,物理类,,,365,121958,
4155,信阳职业技术学院,2025,重庆,专科批,物理类,,,344,112465,
4161,漯河医学高等专科学校,2025,重庆,专科批,物理类,,,347,80338,
4170,周口职业技术学院,2025,重庆,专科批,物理类,,,369,122703,
4179,商丘医学高等专科学校,2025,重庆,专科批,物理类,,,412,95801,
4186,郑州健康学院,2025,重庆,专科批,物理类,,,409,89678,
4189,河南医学高等专科学校,2025,重庆,专科批,物理类,,,402,112465,
4191,平顶山工业职业技术学院,2025,重庆,专科批,物理类,,,354,125087,
4193,济源职业技术学院,2025,重庆,专科批,物理类,,,371,119063,
4197,河南护理职业学院,2025,重庆,专科批,物理类,,,389,116882,
4239,鄂州职业大学,2025,重庆,专科批,物理类,,,263,112843,
4240,武汉职业技术大学,2025,重庆,专科批,物理类,,,437,74439,
4241,武汉船舶职业技术学院,2025,重庆,专科批,物理类,,,341,91780,
4243,黄冈职业技术学院,2025,重庆,专科批,物理类,,,372,93312,
4244,湖北职业技术学院,2025,重庆,专科批,物理类,,,389,83738,
4247,襄阳职业技术学院,2025,重庆,专科批,物理类,,,395,77404,
4248,恩施职业技术学院,2025,重庆,专科批,物理类,,,180,111757,
4250,武汉生物工程学院,2025,重庆,专科批,物理类,,,315,109026,
4251,湖北交通职业技术学院,2025,重庆,专科批,物理类,,,376,107061,
4252,仙桃职业学院,2025,重庆,专科批,物理类,,,341,113892,
4253,荆州职业技术学院,2025,重庆,专科批,物理类,,,358,118467,
4255,武汉软件工程职业学院,2025,重庆,专科批,物理类,,,478,72040,
4256,武汉电力职业技术学院,2025,重庆,专科批,物理类,,,463,83220,
4257,湖北水利水电职业技术学院,2025,重庆,专科批,物理类,,,415,104987,
4258,武汉商贸职业学院,2025,重庆,专科批,物理类,,,313,120244,
4259,武汉科技职业学院,2025,重庆,专科批,物理类,,,180,127299,
4261,武汉警官职业学院,2025,重庆,专科批,物理类,,,426,72625,
4262,随州职业技术学院,2025,重庆,专科批,物理类,,,324,114918,
4263,武汉交通职业学院,2025,重庆,专科批,物理类,,,376,104526,
4264,咸宁职业技术学院,2025,重庆,专科批,物理类,,,180,108668,
4265,长江工程职业技术学院,2025,重庆,专科批,物理类,,,379,105425,
4267,湖北生态工程职业技术学院,2025,重庆,专科批,物理类,,,370,112465,
4268,湖北生物科技职业学院,2025,重庆,专科批,物理类,,,336,109842,
4274,湖北开放职业学院,2025,重庆,专科批,物理类,,,300,134938,
4276,湖北三峡职业技术学院,2025,重庆,专科批,物理类,,,180,91780,
4278,湖北恩施学院,2025,重庆,专科批,物理类,,,323,114578,
4280,武汉铁路职业技术学院,2025,重庆,专科批,物理类,,,409,42282,
4285,武汉城市职业学院,2025,重庆,专科批,物理类,,,386,107473,
4286,三峡大学科技学院,2025,重庆,专科批,物理类,,,360,104987,
4289,湖北国土资源职业学院,2025,重庆,专科批,物理类,,,409,104987,
4290,湖北中医药高等专科学校,2025,重庆,专科批,物理类,,,460,42282,
4296,湖北城市建设职业技术学院,2025,重庆,专科批,物理类,,,293,100543,
4299,荆州理工职业学院,2025,重庆,专科批,物理类,,,339,112843,
4329,长沙航空职业技术学院,2025,重庆,专科批,物理类,,,427,84250,
4330,长沙民政职业技术学院,2025,重庆,专科批,物理类,,,385,73224,
4331,湖南工业职业技术学院,2025,重庆,专科批,物理类,,,405,106225,
4332,湖南信息职业技术学院,2025,重庆,专科批,物理类,,,419,97772,
4335,湖南铁道职业技术学院,2025,重庆,专科批,物理类,,,409,82102,
4336,永州职业技术学院,2025,重庆,专科批,物理类,,,315,79189,
4337,湘潭医卫职业技术学院,2025,重庆,专科批,物理类,,,387,113203,
4339,郴州职业技术学院,2025,重庆,专科批,物理类,,,371,107061,
4341,张家界航空工业职业技术学院,2025,重庆,专科批,物理类,,,406,107852,
4342,湖南工程职业技术学院,2025,重庆,专科批,物理类,,,389,111757,
4343,长沙环境保护职业技术学院,2025,重庆,专科批,物理类,,,375,121108,
4344,湖南机电职业技术学院,2025,重庆,专科批,物理类,,,346,127895,
4348,怀化职业技术学院,2025,重庆,专科批,物理类,,,362,101917,
4351,湖南民族职业学院,2025,重庆,专科批,物理类,,,328,121418,
4355,常德职业技术学院,2025,重庆,专科批,物理类,,,381,109026,
4356,湖南应用技术学院,2025,重庆,专科批,物理类,,,180,116254,
4360,湖南石油化工职业技术学院,2025,重庆,专科批,物理类,,,410,109455,
4363,湖南科技职业学院,2025,重庆,专科批,物理类,,,436,98260,
4364,岳阳职业技术学院,2025,重庆,专科批,物理类,,,180,96773,
4372,湖南大众传媒职业技术学院,2025,重庆,专科批,物理类,,,408,101438,
4373,湖南交通职业技术学院,2025,重庆,专科批,物理类,,,403,112125,
4377,湖南环境生物职业技术学院,2025,重庆,专科批,物理类,,,389,109455,
4378,湖南城建职业技术学院,2025,重庆,专科批,物理类,,,371,122227,
4380,湘西民族职业技术学院,2025,重庆,专科批,物理类,,,350,101438,
4383,湖南高速铁路职业技术学院,2025,重庆,专科批,物理类,,,465,73860,
4389,湖南司法警官职业学院,2025,重庆,专科批,物理类,,,401,112125,
4390,长沙商贸旅游职业技术学院,2025,重庆,专科批,物理类,,,379,119987,
4393,湖南外国语职业学院,2025,重庆,专科批,物理类,,,180,129572,
4396,湖南汽车工程职业大学,2025,重庆,专科批,物理类,,,383,104526,
4397,湖南安全技术职业学院,2025,重庆,专科批,物理类,,,363,124163,
4419,广东南华工商职业学院,2025,重庆,专科批,物理类,,,428,88104,
4421,广州民航职业技术学院,2025,重庆,专科批,物理类,,,396,73860,
4428,广东亚视演艺职业学院,2025,重庆,专科批,物理类,,,180,120512,
4430,珠海艺术职业学院,2025,重庆,专科批,物理类,,,264,137823,
4437,广东工贸职业技术学院,2025,重庆,专科批,物理类,,,420,104987,
4439,广东轻工职业技术大学,2025,重庆,专科批,物理类,,,414,75574,
4458,深圳职业技术大学,2025,重庆,专科批,物理类,,,478,70780,
4481,广东文理职业学院,2025,重庆,专科批,物理类,,,180,132498,
4483,广东科学技术职业学院,2025,重庆,专科批,物理类,,,412,82102,
4498,广州卫生职业技术学院,2025,重庆,专科批,物理类,,,417,68311,
4503,桂林理工大学,2025,重庆,专科批,物理类,,,430,76161,
4513,桂林旅游学院,2025,重庆,专科批,物理类,,,419,100092,
4517,南宁职业技术大学,2025,重庆,专科批,物理类,,,308,115282,
4523,广西工业职业技术学院,2025,重庆,专科批,物理类,,,371,113892,
4540,广西国际商务职业技术学院,2025,重庆,专科批,物理类,,,180,115282,
4551,柳州城市职业学院,2025,重庆,专科批,物理类,,,361,110623,
4553,广西电力职业技术学院,2025,重庆,专科批,物理类,,,397,100543,
4557,梧州职业学院,2025,重庆,专科批,物理类,,,310,123654,
4558,广西机电职业技术学院,2025,重庆,专科批,物理类,,,362,114578,
4560,广西卫生职业技术学院,2025,重庆,专科批,物理类,,,386,108668,
4564,广西幼儿师范高等专科学校,2025,重庆,专科批,物理类,,,344,124855,
4567,广西经济职业学院,2025,重庆,专科批,物理类,,,180,138376,
4571,广西理工职业技术学院,2025,重庆,专科批,物理类,,,309,133867,
4572,广西科技职业学院,2025,重庆,专科批,物理类,,,180,139478,
4575,广西自然资源职业技术学院,2025,重庆,专科批,物理类,,,289,117838,
4576,钦州幼儿师范高等专科学校,2025,重庆,专科批,物理类,,,180,129017,
4579,梧州医学高等专科学校,2025,重庆,专科批,物理类,,,344,119987,
4580,桂林生命与健康职业技术学院,2025,重庆,专科批,物理类,,,180,139478,
4588,北海康养职业学院,2025,重庆,专科批,物理类,,,180,139478,
4605,海南职业技术学院,2025,重庆,专科批,物理类,,,327,125754,
4606,海口经济学院,2025,重庆,专科批,物理类,,,180,138022,
4607,三亚城市职业学院,2025,重庆,专科批,物理类,,,180,118467,
4608,海南软件职业技术学院,2025,重庆,专科批,物理类,,,364,123916,
4609,海南工商职业学院,2025,重庆,专科批,物理类,,,180,139478,
4613,海南外国语职业学院,2025,重庆,专科批,物理类,,,346,115282,
4616,三亚航空旅游职业学院,2025,重庆,专科批,物理类,,,180,114918,
4617,三亚理工职业学院,2025,重庆,专科批,物理类,,,286,134704,
4620,海南科技职业大学,2025,重庆,专科批,物理类,,,180,134362,
4626,三亚中瑞酒店管理职业学院,2025,重庆,专科批,物理类,,,180,137403,
4627,海南健康管理职业技术学院,2025,重庆,专科批,物理类,,,197,139421,
4629,海南东方新丝路职业学院,2025,重庆,专科批,物理类,,,180,139478,
4631,三亚护理职业学院,2025,重庆,专科批,物理类,,,180,139478,
5028,重庆电子科技职业大学,2025,重庆,专科批,物理类,,,412,78003,
5030,重庆电力高等专科学校,2025,重庆,专科批,物理类,,,405,71425,
5031,重庆航天职业技术学院,2025,重庆,专科批,物理类,,,400,89161,
5032,重庆工业职业技术大学,2025,重庆,专科批,物理类,,,404,95317,
5033,重庆工程职业技术学院,2025,重庆,专科批,物理类,,,391,89678,
5034,重庆城市管理职业学院,2025,重庆,专科批,物理类,,,180,76786,
5037,重庆信息技术职业学院,2025,重庆,专科批,物理类,,,257,125754,
5038,重庆海联职业技术学院,2025,重庆,专科批,物理类,,,180,121418,
5039,重庆传媒职业学院,2025,重庆,专科批,物理类,,,180,128832,
5040,重庆工商职业学院,2025,重庆,专科批,物理类,,,383,97269,
5041,重庆建筑科技职业学院,2025,重庆,专科批,物理类,,,180,119690,
5042,重庆三峡职业学院,2025,重庆,专科批,物理类,,,363,97269,
5043,重庆工贸职业技术学院,2025,重庆,专科批,物理类,,,346,100988,
5046,重庆财经职业学院,2025,重庆,专科批,物理类,,,362,107061,
5047,重庆水利电力职业技术学院,2025,重庆,专科批,物理类,,,342,104066,
5050,重庆机电职业技术大学,2025,重庆,专科批,物理类,,,326,112843,
5054,重庆城市职业学院,2025,重庆,专科批,物理类,,,344,107473,
5056,重庆应用技术职业学院,2025,重庆,专科批,物理类,,,180,131775,
5058,重庆电讯职业学院,2025,重庆,专科批,物理类,,,180,129396,
5059,重庆三峡医药高等专科学校,2025,重庆,专科批,物理类,,,414,76161,
5060,重庆医药高等专科学校,2025,重庆,专科批,物理类,,,415,52572,
5061,重庆化工职业学院,2025,重庆,专科批,物理类,,,357,109455,
5062,重庆青年职业技术学院,2025,重庆,专科批,物理类,,,370,108668,
5064,重庆科创职业学院,2025,重庆,专科批,物理类,,,325,118751,
5065,重庆建筑工程职业学院,2025,重庆,专科批,物理类,,,373,101438,
5066,重庆能源职业学院,2025,重庆,专科批,物理类,,,180,129017,
5067,重庆商务职业学院,2025,重庆,专科批,物理类,,,374,106225,
5069,重庆交通职业学院,2025,重庆,专科批,物理类,,,308,117838,
5071,重庆旅游职业学院,2025,重庆,专科批,物理类,,,346,110972,
5072,重庆现代制造职业学院,2025,重庆,专科批,物理类,,,273,129017,
5073,重庆安防职业学院,2025,重庆,专科批,物理类,,,180,139478,
5077,重庆五一职业技术学院,2025,重庆,专科批,物理类,,,348,113892,
5078,重庆电信职业学院,2025,重庆,专科批,物理类,,,279,122932,
5079,重庆公共运输职业学院,2025,重庆,专科批,物理类,,,312,103653,
5080,重庆艺术工程职业学院,2025,重庆,专科批,物理类,,,180,133607,
5081,重庆轻工职业学院,2025,重庆,专科批,物理类,,,180,121418,
5082,重庆安全技术职业学院,2025,重庆,专科批,物理类,,,347,110623,
5083,重庆经贸职业学院,2025,重庆,专科批,物理类,,,180,126466,
5084,重庆文化艺术职业学院,2025,重庆,专科批,物理类,,,397,107473,
5085,重庆科技职业学院,2025,重庆,专科批,物理类,,,180,130802,
5086,重庆理工职业学院,2025,重庆,专科批,物理类,,,180,126466,
5087,重庆幼儿师范高等专科学校,2025,重庆,专科批,物理类,,,329,103219,
5088,重庆智能工程职业学院,2025,重庆,专科批,物理类,,,267,129955,
5089,重庆健康职业学院,2025,重庆,专科批,物理类,,,180,139292,
5090,重庆工信职业学院,2025,重庆,专科批,物理类,,,359,106632,
5091,重庆数字产业职业技术学院,2025,重庆,专科批,物理类,,,180,139440,
5093,重庆护理职业学院,2025,重庆,专科批,物理类,,,180,121418,
5099,重庆资源与环境保护职业学院,2025,重庆,专科批,物理类,,,180,131775,
5111,中国民用航空飞行学院,2025,重庆,专科批,物理类,,,492,67042,
5131,四川传媒学院,2025,重庆,专科批,物理类,,,338,129396,
5134,四川工商学院,2025,重庆,专科批,物理类,,,360,103653,
5135,成都外国语学院,2025,重庆,专科批,物理类,,,180,118146,
5140,成都纺织高等专科学校,2025,重庆,专科批,物理类,,,398,97269,
5141,民办四川天一学院,2025,重庆,专科批,物理类,,,180,133351,
5142,成都航空职业技术大学,2025,重庆,专科批,物理类,,,425,70780,
5143,四川交通职业技术学院,2025,重庆,专科批,物理类,,,381,94296,
5144,达州职业技术学院,2025,重庆,专科批,物理类,,,376,107061,
5145,四川机电职业技术学院,2025,重庆,专科批,物理类,,,417,106632,
5146,四川工程职业技术大学,2025,重庆,专科批,物理类,,,357,79745,
5147,四川电力职业技术学院,2025,重庆,专科批,物理类,,,416,74439,
5148,绵阳职业技术学院,2025,重庆,专科批,物理类,,,395,114918,
5149,四川工商职业技术学院,2025,重庆,专科批,物理类,,,367,120244,
5150,四川建筑职业技术学院,2025,重庆,专科批,物理类,,,350,117512,
5152,四川国际标榜职业学院,2025,重庆,专科批,物理类,,,180,139478,
5153,成都农业科技职业学院,2025,重庆,专科批,物理类,,,401,76786,
5154,宜宾职业技术学院,2025,重庆,专科批,物理类,,,357,119690,
5156,四川托普信息技术职业学院,2025,重庆,专科批,物理类,,,293,134938,
5157,四川职业技术学院,2025,重庆,专科批,物理类,,,358,116254,
5159,泸州职业技术学院,2025,重庆,专科批,物理类,,,372,113203,
5160,乐山职业技术学院,2025,重庆,专科批,物理类,,,402,112465,
5161,成都职业技术学院,2025,重庆,专科批,物理类,,,389,107061,
5162,南充职业技术学院,2025,重庆,专科批,物理类,,,365,111360,
5163,四川水利职业技术学院,2025,重庆,专科批,物理类,,,388,104526,
5164,四川化工职业技术学院,2025,重庆,专科批,物理类,,,363,124163,
5165,四川航天职业技术学院,2025,重庆,专科批,物理类,,,393,108277,
5168,四川司法警官职业学院,2025,重庆,专科批,物理类,,,403,100988,
5172,自贡职业技术学院,2025,重庆,专科批,物理类,,,180,139308,
5173,雅安职业技术学院,2025,重庆,专科批,物理类,,,398,108668,
5177,内江职业技术学院,2025,重庆,专科批,物理类,,,379,119987,
5178,四川现代职业学院,2025,重庆,专科批,物理类,,,180,130964,
5180,成都大学,2025,重庆,专科批,物理类,,,412,108668,
5181,四川工业科技学院,2025,重庆,专科批,物理类,,,400,113203,
5183,广安职业技术学院,2025,重庆,专科批,物理类,,,327,114578,
5185,四川铁道职业学院,2025,重庆,专科批,物理类,,,404,75574,
5187,四川文化传媒职业学院,2025,重庆,专科批,物理类,,,180,134002,
5188,四川华新现代职业学院,2025,重庆,专科批,物理类,,,180,136883,
5189,四川中医药高等专科学校,2025,重庆,专科批,物理类,,,453,80338,
5191,四川大学锦江学院,2025,重庆,专科批,物理类,,,362,113203,
5193,四川科技职业学院,2025,重庆,专科批,物理类,,,247,125087,
5194,四川文化产业职业学院,2025,重庆,专科批,物理类,,,370,122465,
5196,四川财经职业学院,2025,重庆,专科批,物理类,,,363,114918,
5197,四川长江职业学院,2025,重庆,专科批,物理类,,,180,130120,
5198,四川城市职业学院,2025,重庆,专科批,物理类,,,180,132054,
5217,黔南民族医学高等专科学校,2025,重庆,专科批,物理类,,,381,88620,
5218,贵州航天职业技术学院,2025,重庆,专科批,物理类,,,362,113525,
5219,贵州交通职业大学,2025,重庆,专科批,物理类,,,423,87032,
5221,安顺职业技术学院,2025,重庆,专科批,物理类,,,388,117216,
5222,黔东南民族职业技术学院,2025,重庆,专科批,物理类,,,370,93312,
5223,遵义职业技术学院,2025,重庆,专科批,物理类,,,358,110623,
5224,贵州工业职业技术学院,2025,重庆,专科批,物理类,,,363,111757,
5225,铜仁职业技术大学,2025,重庆,专科批,物理类,,,375,103653,
5226,黔南民族职业技术学院,2025,重庆,专科批,物理类,,,349,125087,
5228,贵州电子信息职业技术学院,2025,重庆,专科批,物理类,,,360,116566,
5233,六盘水职业技术学院,2025,重庆,专科批,物理类,,,324,113525,
5235,贵州轻工职业大学,2025,重庆,专科批,物理类,,,405,106632,
5242,贵阳职业技术学院,2025,重庆,专科批,物理类,,,364,100543,
5243,贵州城市职业学院,2025,重庆,专科批,物理类,,,180,136574,
5245,遵义医药高等专科学校,2025,重庆,专科批,物理类,,,403,78003,
5246,毕节职业技术学院,2025,重庆,专科批,物理类,,,337,107473,
5247,贵州经贸职业技术学院,2025,重庆,专科批,物理类,,,352,126004,
5248,贵州工商职业学院,2025,重庆,专科批,物理类,,,180,127895,
5250,毕节工业职业技术学院,2025,重庆,专科批,物理类,,,349,121108,
5251,贵州机电职业技术学院,2025,重庆,专科批,物理类,,,380,102364,
5252,贵州航空职业技术学院,2025,重庆,专科批,物理类,,,359,111360,
5256,贵阳幼儿师范高等专科学校,2025,重庆,专科批,物理类,,,344,114578,
5258,铜仁幼儿师范高等专科学校,2025,重庆,专科批,物理类,,,355,118146,
5259,毕节医学高等专科学校,2025,重庆,专科批,物理类,,,389,108668,
5261,贵州农业职业学院,2025,重庆,专科批,物理类,,,366,105820,
5262,贵州工程职业学院,2025,重庆,专科批,物理类,,,341,122932,
5265,黔西南民族职业技术学院,2025,重庆,专科批,物理类,,,306,115282,
5266,黔南民族幼儿师范高等专科学校,2025,重庆,专科批,物理类,,,300,111360,
5267,贵州工贸职业学院,2025,重庆,专科批,物理类,,,180,129955,
5269,贵州健康职业学院,2025,重庆,专科批,物理类,,,414,107852,
5272,贵州职业技术学院,2025,重庆,专科批,物理类,,,339,85897,
5273,贵州盛华职业学院,2025,重庆,专科批,物理类,,,307,125293,
5274,毕节幼儿师范高等专科学校,2025,重庆,专科批,物理类,,,349,112125,
5276,六盘水幼儿师范高等专科学校,2025,重庆,专科批,物理类,,,356,125754,
5279,贵州护理职业技术学院,2025,重庆,专科批,物理类,,,406,110972,
5280,贵州财经职业学院,2025,重庆,专科批,物理类,,,180,120244,
5281,贵州民用航空职业学院,2025,重庆,专科批,物理类,,,295,134938,
5282,贵州铜仁数据职业学院,2025,重庆,专科批,物理类,,,320,127299,
5283,贵州传媒职业学院,2025,重庆,专科批,物理类,,,354,117512,
5284,黔东南理工职业学院,2025,重庆,专科批,物理类,,,342,123654,
5286,贵州生态能源职业学院,2025,重庆,专科批,物理类,,,316,123916,
5314,丽江文化旅游学院,2025,重庆,专科批,物理类,,,180,135632,
5317,德宏师范学院,2025,重庆,专科批,物理类,,,304,114918,
5320,昆明冶金高等专科学校,2025,重庆,专科批,物理类,,,385,115930,
5321,云南国土资源职业学院,2025,重庆,专科批,物理类,,,352,126666,
5324,云南农业职业技术学院,2025,重庆,专科批,物理类,,,356,124163,
5325,云南司法警官职业学院,2025,重庆,专科批,物理类,,,399,109026,
5326,云南经济管理学院,2025,重庆,专科批,物理类,,,180,126240,
5329,云南新兴职业学院,2025,重庆,专科批,物理类,,,180,125534,
5331,云南机电职业技术学院,2025,重庆,专科批,物理类,,,392,115614,
5333,云南交通职业技术学院,2025,重庆,专科批,物理类,,,364,113525,
5335,玉溪农业职业技术学院,2025,重庆,专科批,物理类,,,297,103653,
5338,西双版纳职业技术学院,2025,重庆,专科批,物理类,,,348,127491,
5342,云南工商学院,2025,重庆,专科批,物理类,,,180,139478,
5345,云南林业职业技术学院,2025,重庆,专科批,物理类,,,389,109026,
5346,楚雄医药高等专科学校,2025,重庆,专科批,物理类,,,400,113203,
5347,曲靖健康医学院,2025,重庆,专科批,物理类,,,398,104987,
5348,丽江师范学院,2025,重庆,专科批,物理类,,,404,93312,
5350,云南经贸外事职业学院,2025,重庆,专科批,物理类,,,180,134002,
5353,云南城市建设职业学院,2025,重庆,专科批,物理类,,,180,137873,
5355,昆明工业职业技术学院,2025,重庆,专科批,物理类,,,333,127895,
5361,昭通卫生职业学院,2025,重庆,专科批,物理类,,,361,99150,
5362,大理护理职业学院,2025,重庆,专科批,物理类,,,389,108277,
5373,保山中医药高等专科学校,2025,重庆,专科批,物理类,,,355,109026,
5374,云南三鑫职业技术学院,2025,重庆,专科批,物理类,,,180,136649,
5375,德宏职业学院,2025,重庆,专科批,物理类,,,389,98260,
5379,大理农林职业技术学院,2025,重庆,专科批,物理类,,,360,124163,
5381,昆明卫生职业学院,2025,重庆,专科批,物理类,,,180,115930,
5382,云南财经职业学院,2025,重庆,专科批,物理类,,,363,124163,
5384,昆明铁道职业技术学院,2025,重庆,专科批,物理类,,,387,87578,
5390,云南医药健康职业学院,2025,重庆,专科批,物理类,,,355,117216,
5392,云南商务职业学院,2025,重庆,专科批,物理类,,,180,138022,
5394,云南理工职业学院,2025,重庆,专科批,物理类,,,180,126882,
5406,西藏职业技术学院,2025,重庆,专科批,物理类,,,329,127087,
5412,日喀则职业技术学院,2025,重庆,专科批,物理类,,,291,125293,
6138,陕西交通职业技术学院,2025,重庆,专科批,物理类,,,317,79189,
6140,西安航空职业技术学院,2025,重庆,专科批,物理类,,,430,100988,
6142,西安思源学院,2025,重庆,专科批,物理类,,,180,116254,
6145,陕西航空职业技术学院,2025,重庆,专科批,物理类,,,404,104066,
6147,陕西铁路工程职业技术学院,2025,重庆,专科批,物理类,,,467,80906,
6150,西安海棠职业学院,2025,重庆,专科批,物理类,,,291,119063,
6151,西安汽车职业大学,2025,重庆,专科批,物理类,,,307,129017,
6158,西安工商学院,2025,重庆,专科批,物理类,,,274,115614,
6160,西安城市建设职业学院,2025,重庆,专科批,物理类,,,180,128103,
6167,西安铁路职业技术学院,2025,重庆,专科批,物理类,,,450,91261,
6168,商洛职业技术学院,2025,重庆,专科批,物理类,,,391,116254,
6169,渭南职业技术学院,2025,重庆,专科批,物理类,,,371,109455,
6170,安康职业技术学院,2025,重庆,专科批,物理类,,,339,106225,
6171,西安职业技术学院,2025,重庆,专科批,物理类,,,378,120244,
6179,陕西能源职业技术学院,2025,重庆,专科批,物理类,,,346,107473,
6181,陕西财经职业技术学院,2025,重庆,专科批,物理类,,,390,116566,
6182,西安信息职业大学,2025,重庆,专科批,物理类,,,180,117512,
6183,西安医学高等专科学校,2025,重庆,专科批,物理类,,,336,108668,
6186,宝鸡职业技术学院,2025,重庆,专科批,物理类,,,369,88104,
6187,延安职业技术学院,2025,重庆,专科批,物理类,,,356,100092,
6188,陕西邮电职业技术学院,2025,重庆,专科批,物理类,,,368,98260,
6189,咸阳职业技术学院,2025,重庆,专科批,物理类,,,364,114918,
6190,铜川职业技术学院,2025,重庆,专科批,物理类,,,346,122465,
6191,陕西旅游烹饪职业学院,2025,重庆,专科批,物理类,,,263,137873,
6194,西安交通工程学院,2025,重庆,专科批,物理类,,,352,126666,
6196,汉中职业技术学院,2025,重庆,专科批,物理类,,,180,80338,
6199,榆林能源科技职业学院,2025,重庆,专科批,物理类,,,180,129572,
6211,兰州资源环境职业技术大学,2025,重庆,专科批,物理类,,,420,105425,
6225,酒泉职业技术大学,2025,重庆,专科批,物理类,,,375,115282,
6228,甘肃建筑职业技术学院,2025,重庆,专科批,物理类,,,336,128468,
6230,兰州外语职业学院,2025,重庆,专科批,物理类,,,180,139478,
6231,甘肃交通职业技术学院,2025,重庆,专科批,物理类,,,374,112465,
6238,甘肃畜牧工程职业技术学院,2025,重庆,专科批,物理类,,,311,122227,
6240,甘肃有色冶金职业技术学院,2025,重庆,专科批,物理类,,,343,126882,
6253,兰州石化职业技术大学,2025,重庆,专科批,物理类,,,340,89678,
6307,青海农牧科技职业学院,2025,重庆,专科批,物理类,,,364,97269,
6308,青海卫生职业技术学院,2025,重庆,专科批,物理类,,,180,103219,
6512,新疆工程学院,2025,重庆,专科批,物理类,,,180,139478,
6513,乌鲁木齐职业大学,2025,重庆,专科批,物理类,,,180,126466,
6514,新疆农业职业技术大学,2025,重庆,专科批,物理类,,,180,121418,
6516,新疆轻工职业技术学院,2025,重庆,专科批,物理类,,,300,119690,
6530,新疆石河子职业技术学院,2025,重庆,专科批,物理类,,,322,115282,
6532,新疆职业大学,2025,重庆,专科批,物理类,,,180,110249,
6533,巴音郭楞职业技术学院,2025,重庆,专科批,物理类,,,180,126004,
6534,新疆应用职业技术学院,2025,重庆,专科批,物理类,,,277,129396,
6536,新疆警察学院,2025,重庆,专科批,物理类,,,422,104066,
6538,新疆师范高等专科学校,2025,重庆,专科批,物理类,,,350,113203,
6540,新疆生产建设兵团兴新职业技术学院,2025,重庆,专科批,物理类,,,372,119063,
6543,新疆和田学院,2025,重庆,专科批,物理类,,,332,125293,
6545,阿克苏职业技术学院,2025,重庆,专科批,物理类,,,303,127895,
6546,吐鲁番职业技术学院,2025,重庆,专科批,物理类,,,180,126466,
6548,博尔塔拉职业技术学院,2025,重庆,专科批,物理类,,,180,110249,
6550,铁门关职业技术学院,2025,重庆,专科批,物理类,,,180,129017,
6551,石河子工程职业技术学院,2025,重庆,专科批,物理类,,,180,126666,
6552,喀什职业技术学院,2025,重庆,专科批,物理类,,,180,112465,
6553,克孜勒苏职业技术学院,2025,重庆,专科批,物理类,,,180,137924,
6555,阿勒泰职业技术学院,2025,重庆,专科批,物理类,,,298,103219,
6556,塔城职业技术学院,2025,重庆,专科批,物理类,,,180,107473,
6557,塔里木职业技术学院,2025,重庆,专科批,物理类,,,180,120244,
6558,阿克苏工业职业技术学院,2025,重庆,专科批,物理类,,,349,127299,
6559,新星职业技术学院,2025,重庆,专科批,物理类,,,310,128103,
6560,图木舒克职业技术学院,2025,重庆,专科批,物理类,,,253,132916,
6561,昆玉职业技术学院,2025,重庆,专科批,物理类,,,314,129572,
6563,喀什理工职业技术学院,2025,重庆,专科批,物理类,,,180,121958,
6564,可克达拉职业技术学院,2025,重庆,专科批,物理类,,,180,131286,
,三峡旅游职业技术学院,2025,重庆,专科批,物理类,,,361,117512,
1154,北京科技职业大学,2025,重庆,专科提前批,物理类,,,413,101438,
2135,辽宁省交通高等专科学校,2025,重庆,专科提前批,物理类,,,377,117838,
3616,江西水利电力大学,2025,重庆,专科提前批,物理类,,,382,114918,
3690,江西航空职业技术学院,2025,重庆,专科提前批,物理类,,,393,111757,
3787,山东信息职业技术学院,2025,重庆,专科提前批,物理类,,,338,120244,
3799,威海职业学院,2025,重庆,专科提前批,物理类,,,356,119690,
4156,河南交通职业技术学院,2025,重庆,专科提前批,物理类,,,379,114918,
4189,河南医学高等专科学校,2025,重庆,专科提前批,物理类,,,380,114243,
5166,四川邮电职业技术学院,2025,重庆,专科提前批,物理类,,,415,102364,
6211,兰州资源环境职业技术大学,2025,重庆,专科提前批,物理类,,,293,132348,
6406,宁夏职业技术大学,2025,重庆,专科提前批,物理类,,,202,107473,
,潍坊工程职业学院,2025,重庆,专科提前批,物理类,,,249,137592,
1101,北京大学,2025,重庆,本科批,物理类,,,693,159,
1102,北京大学医学部,2025,重庆,本科批,物理类,,,673,159,
1104,清华大学,2025,重庆,本科批,物理类,,,692,159,
1105,北京交通大学,2025,重庆,本科批,物理类,,,590,14988,
1106,北京航空航天大学,2025,重庆,本科批,物理类,,,643,217,
1107,北京理工大学,2025,重庆,本科批,物理类,,,618,6864,
1108,北京科技大学,2025,重庆,本科批,物理类,,,618,6864,
1109,北方工业大学,2025,重庆,本科批,物理类,,,533,10556,
1110,北京化工大学,2025,重庆,本科批,物理类,,,579,6407,
1112,北京邮电大学,2025,重庆,本科批,物理类,,,597,1381,
1113,北京印刷学院,2025,重庆,本科批,物理类,,,537,39422,
1114,北京石油化工学院,2025,重庆,本科批,物理类,,,543,36058,
1116,中国农业大学,2025,重庆,本科批,物理类,,,585,13949,
1117,北京林业大学,2025,重庆,本科批,物理类,,,579,12962,
1118,北京中医药大学,2025,重庆,本科批,物理类,,,584,7630,
1120,首都师范大学,2025,重庆,本科批,物理类,,,597,8639,
1121,首都体育学院,2025,重庆,本科批,物理类,,,519,50211,
1122,北京外国语大学,2025,重庆,本科批,物理类,,,603,5142,
1123,北京第二外国语学院,2025,重庆,本科批,物理类,,,560,19815,
1124,北京语言大学,2025,重庆,本科批,物理类,,,482,18260,
1125,中国传媒大学,2025,重庆,本科批,物理类,,,610,8129,
1126,中央财经大学,2025,重庆,本科批,物理类,,,600,2715,
1127,对外经济贸易大学,2025,重庆,本科批,物理类,,,597,4393,
1128,北京物资学院,2025,重庆,本科批,物理类,,,495,21842,
1132,北京体育大学,2025,重庆,本科批,物理类,,,520,13287,
1135,中央美术学院,2025,重庆,本科批,物理类,,,523,16401,
1140,中央民族大学,2025,重庆,本科批,物理类,,,593,7630,
1141,中国政法大学,2025,重庆,本科批,物理类,,,613,1454,
1142,华北电力大学（北京）,2025,重庆,本科批,物理类,,,593,11125,
1143,北京信息科技大学,2025,重庆,本科批,物理类,,,575,20633,
1145,中国矿业大学（北京）,2025,重庆,本科批,物理类,,,572,17853,
1146,中国石油大学（北京）,2025,重庆,本科批,物理类,,,596,10294,
1147,中国地质大学（北京）,2025,重庆,本科批,物理类,,,590,11716,
1148,北京联合大学,2025,重庆,本科批,物理类,,,527,45354,
1149,北京城市学院,2025,重庆,本科批,物理类,,,471,68964,
1151,首都经济贸易大学,2025,重庆,本科批,物理类,,,569,22294,
1152,北京工商大学,2025,重庆,本科批,物理类,,,549,27774,
1153,中华女子学院,2025,重庆,本科批,物理类,,,515,39422,
1154,北京科技职业大学,2025,重庆,本科批,物理类,,,513,53788,
1168,中国劳动关系学院,2025,重庆,本科批,物理类,,,520,30286,
1173,北京农学院,2025,重庆,本科批,物理类,,,521,39422,
1186,北京工业大学,2025,重庆,本科批,物理类,,,581,6202,
1188,中国社会科学院大学,2025,重庆,本科批,物理类,,,611,3902,
1190,北京协和医学院,2025,重庆,本科批,物理类,,,597,12651,
1198,北京建筑大学,2025,重庆,本科批,物理类,,,519,50211,
1199,民政职业大学,2025,重庆,本科批,物理类,,,498,38272,
1201,南开大学,2025,重庆,本科批,物理类,,,645,2108,
1202,天津大学,2025,重庆,本科批,物理类,,,626,5142,
1203,天津科技大学,2025,重庆,本科批,物理类,,,534,21842,
1204,天津工业大学,2025,重庆,本科批,物理类,,,568,23571,
1205,中国民航大学,2025,重庆,本科批,物理类,,,579,19056,
1206,天津理工大学,2025,重庆,本科批,物理类,,,534,25339,
1207,天津农学院,2025,重庆,本科批,物理类,,,500,58277,
1208,天津中医药大学,2025,重庆,本科批,物理类,,,539,38272,
1209,天津外国语大学,2025,重庆,本科批,物理类,,,479,29783,
1210,天津商业大学,2025,重庆,本科批,物理类,,,507,41158,
1211,天津财经大学,2025,重庆,本科批,物理类,,,531,20247,
1212,天津体育学院,2025,重庆,本科批,物理类,,,509,49565,
1215,河北工业大学,2025,重庆,本科批,物理类,,,591,14652,
1216,天津城建大学,2025,重庆,本科批,物理类,,,485,45961,
1217,天津中德应用技术大学,2025,重庆,本科批,物理类,,,518,50814,
1218,天津医科大学,2025,重庆,本科批,物理类,,,590,12008,
1219,北京科技大学天津学院,2025,重庆,本科批,物理类,,,478,72625,
1220,天津商业大学宝德学院,2025,重庆,本科批,物理类,,,453,71425,
1221,天津医科大学临床医学院,2025,重庆,本科批,物理类,,,479,75006,
1236,天津师范大学,2025,重庆,本科批,物理类,,,535,21842,
1239,天津外国语大学滨海外事学院,2025,重庆,本科批,物理类,,,472,79189,
1246,天津理工大学中环信息学院,2025,重庆,本科批,物理类,,,471,79745,
1250,天津仁爱学院,2025,重庆,本科批,物理类,,,425,93815,
1251,天津职业技术师范大学,2025,重庆,本科批,物理类,,,493,46560,
1252,天津财经大学珠江学院,2025,重庆,本科批,物理类,,,451,74439,
1301,河北工程大学,2025,重庆,本科批,物理类,,,504,53788,
1302,河北地质大学,2025,重庆,本科批,物理类,,,509,46560,
1303,华北电力大学（保定）,2025,重庆,本科批,物理类,,,586,9455,
1304,华北理工大学,2025,重庆,本科批,物理类,,,520,49565,
1305,河北师范大学,2025,重庆,本科批,物理类,,,490,45354,
1306,邯郸学院,2025,重庆,本科批,物理类,,,489,58277,
1307,邢台学院,2025,重庆,本科批,物理类,,,495,55069,
1308,石家庄铁道大学,2025,重庆,本科批,物理类,,,512,31257,
1309,燕山大学,2025,重庆,本科批,物理类,,,533,13602,
1310,华北科技学院,2025,重庆,本科批,物理类,,,493,66408,
1311,中国人民警察大学,2025,重庆,本科批,物理类,,,522,19441,
1312,北华航天工业学院,2025,重庆,本科批,物理类,,,506,50814,
1314,东北大学秦皇岛分校,2025,重庆,本科批,物理类,,,601,8369,
1315,华北理工大学轻工学院,2025,重庆,本科批,物理类,,,442,95317,
1316,河北工程大学科信学院,2025,重庆,本科批,物理类,,,483,72625,
1318,河北金融学院,2025,重庆,本科批,物理类,,,482,53788,
1319,防灾科技学院,2025,重庆,本科批,物理类,,,494,53184,
1339,河北外国语学院,2025,重庆,本科批,物理类,,,425,73224,
1342,河北环境工程学院,2025,重庆,本科批,物理类,,,486,70780,
1343,保定学院,2025,重庆,本科批,物理类,,,500,60202,
1344,河北北方学院,2025,重庆,本科批,物理类,,,520,33846,
1352,邢台医学院,2025,重庆,本科批,物理类,,,512,54412,
1353,河北农业大学,2025,重庆,本科批,物理类,,,492,53184,
1356,河北建筑工程学院,2025,重庆,本科批,物理类,,,484,67042,
1358,河北医科大学,2025,重庆,本科批,物理类,,,545,27774,
1359,河北医科大学临床学院,2025,重庆,本科批,物理类,,,513,53788,
1361,衡水学院,2025,重庆,本科批,物理类,,,490,62675,
1366,石家庄铁道大学四方学院,2025,重庆,本科批,物理类,,,481,73860,
1369,河北大学,2025,重庆,本科批,物理类,,,517,26280,
1370,河北科技大学,2025,重庆,本科批,物理类,,,509,30286,
1372,廊坊师范学院,2025,重庆,本科批,物理类,,,489,62675,
1373,河北工程技术学院,2025,重庆,本科批,物理类,,,425,97772,
1378,河北地质大学华信学院,2025,重庆,本科批,物理类,,,434,87032,
1381,唐山师范学院,2025,重庆,本科批,物理类,,,489,63323,
1385,保定理工学院,2025,重庆,本科批,物理类,,,466,82660,
1386,河北经贸大学,2025,重庆,本科批,物理类,,,499,38835,
1388,唐山学院,2025,重庆,本科批,物理类,,,510,55724,
1390,河北东方学院,2025,重庆,本科批,物理类,,,475,77404,
1391,承德医学院,2025,重庆,本科批,物理类,,,569,23142,
1395,河北中医药大学,2025,重庆,本科批,物理类,,,536,28271,
1399,沧州师范学院,2025,重庆,本科批,物理类,,,494,65772,
1401,太原科技大学,2025,重庆,本科批,物理类,,,525,46560,
1402,中北大学,2025,重庆,本科批,物理类,,,516,38272,
1403,太原理工大学,2025,重庆,本科批,物理类,,,565,16764,
1404,山西农业大学,2025,重庆,本科批,物理类,,,483,55724,
1405,山西医科大学,2025,重庆,本科批,物理类,,,484,39422,
1406,山西大同大学,2025,重庆,本科批,物理类,,,502,51989,
1407,忻州师范学院,2025,重庆,本科批,物理类,,,488,66408,
1408,山西财经大学,2025,重庆,本科批,物理类,,,501,22294,
1415,山西应用科技学院,2025,重庆,本科批,物理类,,,454,89161,
1423,山西工学院,2025,重庆,本科批,物理类,,,510,22723,
1425,山西大学,2025,重庆,本科批,物理类,,,578,8639,
1428,太原学院,2025,重庆,本科批,物理类,,,431,62078,
1430,山西晋中理工学院,2025,重庆,本科批,物理类,,,468,78003,
1433,山西师范大学,2025,重庆,本科批,物理类,,,496,57604,
1434,太原师范学院,2025,重庆,本科批,物理类,,,503,60202,
1439,长治医学院,2025,重庆,本科批,物理类,,,506,34938,
1445,晋中学院,2025,重庆,本科批,物理类,,,488,60834,
1446,太原工业学院,2025,重庆,本科批,物理类,,,492,47131,
1448,吕梁学院,2025,重庆,本科批,物理类,,,487,60834,
1449,山西中医药大学,2025,重庆,本科批,物理类,,,541,25811,
1450,山西传媒学院,2025,重庆,本科批,物理类,,,488,67042,
1451,山西电子科技学院,2025,重庆,本科批,物理类,,,492,61431,
1452,运城职业技术大学,2025,重庆,本科批,物理类,,,446,72040,
1453,晋中信息学院,2025,重庆,本科批,物理类,,,462,76786,
1465,山西工程技术学院,2025,重庆,本科批,物理类,,,481,67694,
1501,内蒙古大学,2025,重庆,本科批,物理类,,,544,22294,
1502,内蒙古科技大学,2025,重庆,本科批,物理类,,,495,64536,
1505,内蒙古工业大学,2025,重庆,本科批,物理类,,,497,63946,
1508,内蒙古农业大学,2025,重庆,本科批,物理类,,,500,62078,
1509,内蒙古师范大学,2025,重庆,本科批,物理类,,,489,68964,
1510,呼伦贝尔学院,2025,重庆,本科批,物理类,,,486,70780,
1513,内蒙古民族大学,2025,重庆,本科批,物理类,,,495,65119,
1514,内蒙古财经大学,2025,重庆,本科批,物理类,,,496,64536,
1515,内蒙古医科大学,2025,重庆,本科批,物理类,,,543,36058,
1556,内蒙古科技大学包头医学院,2025,重庆,本科批,物理类,,,494,44745,
2102,沈阳工业大学,2025,重庆,本科批,物理类,,,510,53788,
2104,沈阳理工大学,2025,重庆,本科批,物理类,,,506,36620,
2105,东北大学,2025,重庆,本科批,物理类,,,599,10294,
2106,辽宁科技大学,2025,重庆,本科批,物理类,,,495,33312,
2107,辽宁工程技术大学,2025,重庆,本科批,物理类,,,509,50814,
2108,辽宁石油化工大学,2025,重庆,本科批,物理类,,,532,35519,
2109,沈阳化工大学,2025,重庆,本科批,物理类,,,514,26800,
2110,大连交通大学,2025,重庆,本科批,物理类,,,530,43501,
2111,大连海事大学,2025,重庆,本科批,物理类,,,559,14293,
2113,沈阳建筑大学,2025,重庆,本科批,物理类,,,503,37736,
2115,沈阳农业大学,2025,重庆,本科批,物理类,,,518,28751,
2116,中国医科大学,2025,重庆,本科批,物理类,,,526,1889,
2117,锦州医科大学,2025,重庆,本科批,物理类,,,523,20247,
2118,大连医科大学,2025,重庆,本科批,物理类,,,557,5354,
2119,沈阳药科大学,2025,重庆,本科批,物理类,,,525,13287,
2121,东北财经大学,2025,重庆,本科批,物理类,,,524,16401,
2125,大连民族大学,2025,重庆,本科批,物理类,,,510,55724,
2126,辽宁科技学院,2025,重庆,本科批,物理类,,,505,50814,
2128,辽宁中医药大学,2025,重庆,本科批,物理类,,,521,48947,
2129,渤海大学,2025,重庆,本科批,物理类,,,464,53184,
2130,沈阳工程学院,2025,重庆,本科批,物理类,,,560,11716,
2132,大连财经学院,2025,重庆,本科批,物理类,,,451,71425,
2143,大连东软信息学院,2025,重庆,本科批,物理类,,,426,102787,
2147,辽宁对外经贸学院,2025,重庆,本科批,物理类,,,425,93312,
2148,沈阳大学,2025,重庆,本科批,物理类,,,483,50211,
2150,辽宁理工学院,2025,重庆,本科批,物理类,,,439,95317,
2151,沈阳城市学院,2025,重庆,本科批,物理类,,,425,98699,
2153,辽宁大学,2025,重庆,本科批,物理类,,,574,19056,
2154,鞍山师范学院,2025,重庆,本科批,物理类,,,521,48947,
2159,沈阳工学院,2025,重庆,本科批,物理类,,,429,96289,
2160,沈阳城市建设学院,2025,重庆,本科批,物理类,,,425,103219,
2161,锦州医科大学医疗学院,2025,重庆,本科批,物理类,,,521,37736,
2162,辽宁传媒学院,2025,重庆,本科批,物理类,,,425,103219,
2166,大连大学,2025,重庆,本科批,物理类,,,506,31257,
2177,大连理工大学,2025,重庆,本科批,物理类,,,607,1315,
2178,大连海洋大学,2025,重庆,本科批,物理类,,,503,44745,
2189,沈阳医学院,2025,重庆,本科批,物理类,,,508,18678,
2190,辽宁师范大学,2025,重庆,本科批,物理类,,,483,72625,
2194,大连医科大学中山学院,2025,重庆,本科批,物理类,,,466,73860,
2196,辽宁何氏医学院,2025,重庆,本科批,物理类,,,500,56995,
2201,吉林大学,2025,重庆,本科批,物理类,,,594,4748,
2202,延边大学,2025,重庆,本科批,物理类,,,558,15673,
2203,长春理工大学,2025,重庆,本科批,物理类,,,516,35519,
2204,东北电力大学,2025,重庆,本科批,物理类,,,529,9740,
2205,长春工业大学,2025,重庆,本科批,物理类,,,509,50211,
2206,吉林建筑大学,2025,重庆,本科批,物理类,,,503,60202,
2207,吉林农业大学,2025,重庆,本科批,物理类,,,530,39422,
2208,东北师范大学,2025,重庆,本科批,物理类,,,560,13949,
2209,通化师范学院,2025,重庆,本科批,物理类,,,496,64536,
2211,长春师范大学,2025,重庆,本科批,物理类,,,468,81501,
2212,白城师范学院,2025,重庆,本科批,物理类,,,491,67694,
2213,吉林财经大学,2025,重庆,本科批,物理类,,,496,50211,
2214,吉林农业科技学院,2025,重庆,本科批,物理类,,,491,44745,
2215,长春大学,2025,重庆,本科批,物理类,,,455,49565,
2216,长春工程学院,2025,重庆,本科批,物理类,,,489,64536,
2219,长春财经学院,2025,重庆,本科批,物理类,,,454,87578,
2221,长春建筑学院,2025,重庆,本科批,物理类,,,425,103219,
2225,长春汽车职业技术大学,2025,重庆,本科批,物理类,,,490,61431,
2233,吉林师范大学,2025,重庆,本科批,物理类,,,505,58929,
2234,长春大学旅游学院,2025,重庆,本科批,物理类,,,425,103219,
2235,长春工业大学人文信息学院,2025,重庆,本科批,物理类,,,425,97269,
2237,吉林师范大学博达学院,2025,重庆,本科批,物理类,,,425,83738,
2241,长春电子科技学院,2025,重庆,本科批,物理类,,,425,91780,
2242,长春中医药大学,2025,重庆,本科批,物理类,,,544,14293,
2243,北华大学,2025,重庆,本科批,物理类,,,430,28751,
2244,吉林外国语大学,2025,重庆,本科批,物理类,,,473,78587,
2246,吉林医药学院,2025,重庆,本科批,物理类,,,513,53788,
2247,吉林工商学院,2025,重庆,本科批,物理类,,,499,50211,
2250,长春科技学院,2025,重庆,本科批,物理类,,,425,62675,
2301,黑龙江大学,2025,重庆,本科批,物理类,,,519,26280,
2302,哈尔滨工业大学,2025,重庆,本科批,物理类,,,615,3012,
2303,哈尔滨工程大学,2025,重庆,本科批,物理类,,,591,4393,
2304,黑龙江科技大学,2025,重庆,本科批,物理类,,,495,56995,
2305,东北石油大学,2025,重庆,本科批,物理类,,,510,30770,
2306,齐齐哈尔大学,2025,重庆,本科批,物理类,,,488,41158,
2307,东北农业大学,2025,重庆,本科批,物理类,,,530,12651,
2308,东北林业大学,2025,重庆,本科批,物理类,,,561,22294,
2309,哈尔滨医科大学,2025,重庆,本科批,物理类,,,543,17853,
2311,黑龙江中医药大学,2025,重庆,本科批,物理类,,,529,12962,
2312,哈尔滨师范大学,2025,重庆,本科批,物理类,,,488,33846,
2313,哈尔滨商业大学,2025,重庆,本科批,物理类,,,499,48378,
2314,佳木斯大学,2025,重庆,本科批,物理类,,,506,56995,
2315,哈尔滨理工大学,2025,重庆,本科批,物理类,,,545,32260,
2316,哈尔滨学院,2025,重庆,本科批,物理类,,,489,49565,
2317,黑龙江工程学院,2025,重庆,本科批,物理类,,,485,48378,
2318,黑龙江财经学院,2025,重庆,本科批,物理类,,,425,76161,
2320,哈尔滨金融学院,2025,重庆,本科批,物理类,,,485,56995,
2324,齐齐哈尔工程学院,2025,重庆,本科批,物理类,,,438,97269,
2328,哈尔滨信息工程学院,2025,重庆,本科批,物理类,,,425,103219,
2340,牡丹江医科大学,2025,重庆,本科批,物理类,,,515,28271,
2343,哈尔滨职业技术大学,2025,重庆,本科批,物理类,,,484,71425,
2344,牡丹江师范学院,2025,重庆,本科批,物理类,,,485,66408,
2350,绥化学院,2025,重庆,本科批,物理类,,,487,68311,
2352,齐齐哈尔医学院,2025,重庆,本科批,物理类,,,495,47737,
2354,黑龙江外国语学院,2025,重庆,本科批,物理类,,,425,103219,
2363,黑龙江八一农垦大学,2025,重庆,本科批,物理类,,,504,41740,
3101,复旦大学,2025,重庆,本科批,物理类,,,676,159,
3102,同济大学,2025,重庆,本科批,物理类,,,651,602,
3103,上海交通大学,2025,重庆,本科批,物理类,,,676,159,
3104,华东理工大学,2025,重庆,本科批,物理类,,,605,10294,
3105,上海理工大学,2025,重庆,本科批,物理类,,,556,29255,
3106,上海海事大学,2025,重庆,本科批,物理类,,,550,18260,
3107,东华大学,2025,重庆,本科批,物理类,,,593,6632,
3108,上海电力大学,2025,重庆,本科批,物理类,,,561,22723,
3110,华东师范大学,2025,重庆,本科批,物理类,,,639,3012,
3111,上海师范大学,2025,重庆,本科批,物理类,,,553,30770,
3112,上海外国语大学,2025,重庆,本科批,物理类,,,612,8129,
3113,上海财经大学,2025,重庆,本科批,物理类,,,624,1619,
3114,上海对外经贸大学,2025,重庆,本科批,物理类,,,535,12962,
3115,华东政法大学,2025,重庆,本科批,物理类,,,571,6632,
3119,上海大学,2025,重庆,本科批,物理类,,,593,11125,
3120,上海健康医学院,2025,重庆,本科批,物理类,,,502,48378,
3121,上海海关学院,2025,重庆,本科批,物理类,,,596,12962,
3124,上海建桥学院,2025,重庆,本科批,物理类,,,437,87032,
3125,上海兴伟学院,2025,重庆,本科批,物理类,,,425,103219,
3130,上海第二工业大学,2025,重庆,本科批,物理类,,,517,37736,
3132,上海海洋大学,2025,重庆,本科批,物理类,,,559,21426,
3133,上海商学院,2025,重庆,本科批,物理类,,,518,44108,
3139,上海工程技术大学,2025,重庆,本科批,物理类,,,519,42889,
3140,上海政法学院,2025,重庆,本科批,物理类,,,512,21006,
3141,上海视觉艺术学院,2025,重庆,本科批,物理类,,,485,71425,
3144,上海杉达学院,2025,重庆,本科批,物理类,,,488,69571,
3145,上海电机学院,2025,重庆,本科批,物理类,,,518,46560,
3147,上海立信会计金融学院,2025,重庆,本科批,物理类,,,527,24004,
3151,上海交通大学医学院,2025,重庆,本科批,物理类,,,666,159,
3156,上海师范大学天华学院,2025,重庆,本科批,物理类,,,432,100092,
3159,上海应用技术大学,2025,重庆,本科批,物理类,,,517,34938,
3175,上海中侨职业技术大学,2025,重庆,本科批,物理类,,,425,79189,
3178,上海外国语大学贤达经济人文学院,2025,重庆,本科批,物理类,,,436,69571,
3179,复旦大学上海医学院,2025,重庆,本科批,物理类,,,662,159,
3201,南京大学,2025,重庆,本科批,物理类,,,643,276,
3202,苏州大学,2025,重庆,本科批,物理类,,,619,3012,
3203,东南大学,2025,重庆,本科批,物理类,,,654,844,
3204,南京航空航天大学,2025,重庆,本科批,物理类,,,607,2472,
3205,南京理工大学,2025,重庆,本科批,物理类,,,600,1803,
3206,江苏科技大学,2025,重庆,本科批,物理类,,,547,28751,
3208,南京工业大学,2025,重庆,本科批,物理类,,,533,13602,
3209,常州大学,2025,重庆,本科批,物理类,,,541,37188,
3210,南京邮电大学,2025,重庆,本科批,物理类,,,615,6407,
3211,河海大学,2025,重庆,本科批,物理类,,,603,10294,
3212,金陵科技学院,2025,重庆,本科批,物理类,,,516,45961,
3213,江南大学,2025,重庆,本科批,物理类,,,563,16058,
3214,南京林业大学,2025,重庆,本科批,物理类,,,565,24885,
3215,江苏大学,2025,重庆,本科批,物理类,,,574,17147,
3216,南京信息工程大学,2025,重庆,本科批,物理类,,,610,8639,
3217,南京农业大学,2025,重庆,本科批,物理类,,,575,16401,
3218,南京中医药大学,2025,重庆,本科批,物理类,,,625,5354,
3219,中国药科大学,2025,重庆,本科批,物理类,,,574,21006,
3221,盐城师范学院,2025,重庆,本科批,物理类,,,501,61431,
3222,南京财经大学,2025,重庆,本科批,物理类,,,540,21842,
3223,南京艺术学院,2025,重庆,本科批,物理类,,,554,30286,
3224,淮阴工学院,2025,重庆,本科批,物理类,,,487,60202,
3225,常州工学院,2025,重庆,本科批,物理类,,,507,47737,
3226,南京审计大学,2025,重庆,本科批,物理类,,,539,9189,
3227,江苏海洋大学,2025,重庆,本科批,物理类,,,504,29255,
3228,南京工程学院,2025,重庆,本科批,物理类,,,492,10294,
3229,苏州科技大学,2025,重庆,本科批,物理类,,,537,39422,
3230,陆军工程大学,2025,重庆,本科批,物理类,,,578,14652,
3231,南通大学,2025,重庆,本科批,物理类,,,531,20633,
3232,徐州工程学院,2025,重庆,本科批,物理类,,,507,55724,
3240,南京特殊教育师范学院,2025,重庆,本科批,物理类,,,495,38835,
3242,无锡太湖学院,2025,重庆,本科批,物理类,,,455,83220,
3244,东南大学成贤学院,2025,重庆,本科批,物理类,,,481,73860,
3245,南京工业职业技术大学,2025,重庆,本科批,物理类,,,523,36620,
3248,中国矿业大学徐海学院,2025,重庆,本科批,物理类,,,472,76786,
3249,南京师范大学,2025,重庆,本科批,物理类,,,597,8898,
3251,扬州大学,2025,重庆,本科批,物理类,,,546,34376,
3252,南京医科大学,2025,重庆,本科批,物理类,,,572,2224,
3257,无锡学院,2025,重庆,本科批,物理类,,,545,32260,
3258,南京邮电大学通达学院,2025,重庆,本科批,物理类,,,479,70203,
3259,南京审计大学金审学院,2025,重庆,本科批,物理类,,,472,60202,
3261,苏州工学院,2025,重庆,本科批,物理类,,,509,38272,
3264,盐城工学院,2025,重庆,本科批,物理类,,,519,47131,
3265,江苏理工学院,2025,重庆,本科批,物理类,,,516,51989,
3268,南京工业大学浦江学院,2025,重庆,本科批,物理类,,,476,76786,
3270,江苏大学京江学院,2025,重庆,本科批,物理类,,,448,62078,
3275,西交利物浦大学,2025,重庆,本科批,物理类,,,550,30286,
3282,南京航空航天大学金城学院,2025,重庆,本科批,物理类,,,484,60834,
3284,南京晓庄学院,2025,重庆,本科批,物理类,,,517,38272,
3297,三江学院,2025,重庆,本科批,物理类,,,436,78003,
3301,浙江大学,2025,重庆,本科批,物理类,,,676,159,
3302,杭州电子科技大学,2025,重庆,本科批,物理类,,,565,17853,
3303,浙江工业大学,2025,重庆,本科批,物理类,,,558,24004,
3304,浙江理工大学,2025,重庆,本科批,物理类,,,552,21426,
3305,浙江农林大学,2025,重庆,本科批,物理类,,,538,36620,
3306,杭州师范大学,2025,重庆,本科批,物理类,,,534,24004,
3308,浙江工商大学,2025,重庆,本科批,物理类,,,533,16058,
3310,中国计量大学,2025,重庆,本科批,物理类,,,558,20633,
3311,浙江万里学院,2025,重庆,本科批,物理类,,,495,56392,
3312,宁波大学,2025,重庆,本科批,物理类,,,552,13949,
3313,浙江传媒学院,2025,重庆,本科批,物理类,,,528,11716,
3319,嘉兴大学,2025,重庆,本科批,物理类,,,525,34938,
3320,绍兴文理学院,2025,重庆,本科批,物理类,,,480,74439,
3325,浙江师范大学,2025,重庆,本科批,物理类,,,562,26280,
3327,宁波诺丁汉大学,2025,重庆,本科批,物理类,,,551,26800,
3328,温州大学,2025,重庆,本科批,物理类,,,548,33312,
3331,丽水学院,2025,重庆,本科批,物理类,,,488,69571,
3332,宁波工程学院,2025,重庆,本科批,物理类,,,502,37188,
3335,浙江海洋大学,2025,重庆,本科批,物理类,,,523,33846,
3338,浙大宁波理工学院,2025,重庆,本科批,物理类,,,505,37188,
3343,温州理工学院,2025,重庆,本科批,物理类,,,512,54412,
3344,嘉兴南湖学院,2025,重庆,本科批,物理类,,,524,37736,
3349,湖州师范学院,2025,重庆,本科批,物理类,,,498,63323,
3350,湖州学院,2025,重庆,本科批,物理类,,,521,47131,
3352,温州医科大学,2025,重庆,本科批,物理类,,,589,2224,
3356,浙江工业大学之江学院,2025,重庆,本科批,物理类,,,475,77404,
3357,温州肯恩大学,2025,重庆,本科批,物理类,,,494,50211,
3358,浙江大学医学院,2025,重庆,本科批,物理类,,,663,561,
3359,浙江工商大学杭州商学院,2025,重庆,本科批,物理类,,,477,51989,
3361,浙江财经大学,2025,重庆,本科批,物理类,,,546,16401,
3362,温州商学院,2025,重庆,本科批,物理类,,,472,74439,
3365,衢州学院,2025,重庆,本科批,物理类,,,501,43501,
3401,中国科学技术大学,2025,重庆,本科批,物理类,,,673,217,
3403,安徽工业大学,2025,重庆,本科批,物理类,,,499,18260,
3404,安徽理工大学,2025,重庆,本科批,物理类,,,513,34938,
3405,安徽农业大学,2025,重庆,本科批,物理类,,,505,23571,
3406,淮北师范大学,2025,重庆,本科批,物理类,,,511,53788,
3407,安徽财经大学,2025,重庆,本科批,物理类,,,517,23142,
3408,安徽科技学院,2025,重庆,本科批,物理类,,,503,57604,
3414,蚌埠学院,2025,重庆,本科批,物理类,,,498,52572,
3422,安徽医科大学,2025,重庆,本科批,物理类,,,538,12651,
3423,安徽建筑大学,2025,重庆,本科批,物理类,,,489,40611,
3430,淮南师范学院,2025,重庆,本科批,物理类,,,493,65119,
3435,合肥城市学院,2025,重庆,本科批,物理类,,,425,103219,
3440,安徽师范大学,2025,重庆,本科批,物理类,,,519,39422,
3446,合肥大学,2025,重庆,本科批,物理类,,,509,55724,
3448,安徽大学,2025,重庆,本科批,物理类,,,553,8898,
3449,亳州学院,2025,重庆,本科批,物理类,,,496,55724,
3450,安徽医科大学临床医学院,2025,重庆,本科批,物理类,,,528,44745,
3452,合肥工业大学,2025,重庆,本科批,物理类,,,548,9455,
3453,阜阳师范大学,2025,重庆,本科批,物理类,,,502,60834,
3455,安庆师范大学,2025,重庆,本科批,物理类,,,492,47737,
3469,安徽新华学院,2025,重庆,本科批,物理类,,,426,96289,
3501,厦门大学,2025,重庆,本科批,物理类,,,628,2472,
3502,华侨大学,2025,重庆,本科批,物理类,,,507,27774,
3503,福州大学,2025,重庆,本科批,物理类,,,571,22294,
3504,福建理工大学,2025,重庆,本科批,物理类,,,512,38835,
3505,福建医科大学,2025,重庆,本科批,物理类,,,516,41740,
3506,福建师范大学,2025,重庆,本科批,物理类,,,520,30286,
3508,莆田学院,2025,重庆,本科批,物理类,,,485,71425,
3509,仰恩大学,2025,重庆,本科批,物理类,,,456,88104,
3510,集美大学,2025,重庆,本科批,物理类,,,528,26280,
3511,厦门大学嘉庚学院,2025,重庆,本科批,物理类,,,470,67042,
3513,集美大学诚毅学院,2025,重庆,本科批,物理类,,,472,72625,
3514,武夷学院,2025,重庆,本科批,物理类,,,497,63323,
3529,福建农林大学,2025,重庆,本科批,物理类,,,455,51374,
3535,厦门理工学院,2025,重庆,本科批,物理类,,,531,35519,
3538,福建师范大学协和学院,2025,重庆,本科批,物理类,,,468,70780,
3540,福州外语外贸学院,2025,重庆,本科批,物理类,,,425,88104,
3542,福州理工学院,2025,重庆,本科批,物理类,,,425,103219,
3543,福建中医药大学,2025,重庆,本科批,物理类,,,546,16058,
3547,福州大学至诚学院,2025,重庆,本科批,物理类,,,468,73860,
3553,三明学院,2025,重庆,本科批,物理类,,,488,66408,
3554,福建江夏学院,2025,重庆,本科批,物理类,,,503,52572,
3555,泉州师范学院,2025,重庆,本科批,物理类,,,495,62078,
3561,厦门华厦学院,2025,重庆,本科批,物理类,,,425,92301,
3562,厦门工学院,2025,重庆,本科批,物理类,,,425,93312,
3569,福建技术师范学院,2025,重庆,本科批,物理类,,,494,58277,
3571,泉州信息工程学院,2025,重庆,本科批,物理类,,,425,91780,
3576,闽南师范大学,2025,重庆,本科批,物理类,,,476,48378,
3577,龙岩学院,2025,重庆,本科批,物理类,,,487,70203,
3581,厦门医学院,2025,重庆,本科批,物理类,,,506,58277,
3584,闽江学院,2025,重庆,本科批,物理类,,,505,42889,
3601,华东交通大学,2025,重庆,本科批,物理类,,,507,36620,
3602,东华理工大学,2025,重庆,本科批,物理类,,,515,51989,
3603,南昌航空大学,2025,重庆,本科批,物理类,,,519,23571,
3604,江西理工大学,2025,重庆,本科批,物理类,,,505,41740,
3605,景德镇陶瓷大学,2025,重庆,本科批,物理类,,,509,56392,
3606,江西农业大学,2025,重庆,本科批,物理类,,,506,56392,
3607,江西中医药大学,2025,重庆,本科批,物理类,,,498,12327,
3608,赣南医科大学,2025,重庆,本科批,物理类,,,522,44108,
3609,江西师范大学,2025,重庆,本科批,物理类,,,526,27291,
3610,上饶师范学院,2025,重庆,本科批,物理类,,,484,72040,
3611,赣南师范大学,2025,重庆,本科批,物理类,,,501,53184,
3612,井冈山大学,2025,重庆,本科批,物理类,,,506,45961,
3613,江西财经大学,2025,重庆,本科批,物理类,,,489,14652,
3615,江西科技师范大学,2025,重庆,本科批,物理类,,,520,39422,
3616,江西水利电力大学,2025,重庆,本科批,物理类,,,504,53184,
3617,南昌大学,2025,重庆,本科批,物理类,,,562,19815,
3618,宜春学院,2025,重庆,本科批,物理类,,,527,45354,
3619,九江学院,2025,重庆,本科批,物理类,,,488,69571,
3620,南昌大学科学技术学院,2025,重庆,本科批,物理类,,,482,73224,
3621,江西师范大学科学技术学院,2025,重庆,本科批,物理类,,,483,72625,
3622,南昌交通学院,2025,重庆,本科批,物理类,,,472,74439,
3623,赣南科技学院,2025,重庆,本科批,物理类,,,489,68964,
3624,赣东学院,2025,重庆,本科批,物理类,,,488,60202,
3625,南昌航空大学科技学院,2025,重庆,本科批,物理类,,,480,65119,
3626,南昌医学院,2025,重庆,本科批,物理类,,,531,21426,
3629,景德镇学院,2025,重庆,本科批,物理类,,,497,56995,
3630,萍乡学院,2025,重庆,本科批,物理类,,,490,68311,
3632,新余学院,2025,重庆,本科批,物理类,,,489,52572,
3633,江西职业技术大学,2025,重庆,本科批,物理类,,,484,63323,
3635,江西科技学院,2025,重庆,本科批,物理类,,,438,92792,
3636,南昌理工学院,2025,重庆,本科批,物理类,,,425,76161,
3638,江西应用科技学院,2025,重庆,本科批,物理类,,,439,91780,
3649,南昌工学院,2025,重庆,本科批,物理类,,,425,103219,
3650,南昌职业大学,2025,重庆,本科批,物理类,,,437,86477,
3657,江西工程学院,2025,重庆,本科批,物理类,,,453,89678,
3660,江西农业大学南昌商学院,2025,重庆,本科批,物理类,,,472,72040,
3662,景德镇艺术职业大学,2025,重庆,本科批,物理类,,,459,81501,
3668,南昌应用技术师范学院,2025,重庆,本科批,物理类,,,477,73860,
3672,江西警察学院,2025,重庆,本科批,物理类,,,536,39989,
3674,豫章师范学院,2025,重庆,本科批,物理类,,,466,82660,
3679,江西财经大学现代经济管理学院,2025,重庆,本科批,物理类,,,477,67042,
3699,南昌师范学院,2025,重庆,本科批,物理类,,,479,59528,
3701,山东大学,2025,重庆,本科批,物理类,,,616,1701,
3702,中国海洋大学,2025,重庆,本科批,物理类,,,595,10294,
3703,中国石油大学（华东）,2025,重庆,本科批,物理类,,,585,13602,
3704,哈尔滨工业大学（威海）,2025,重庆,本科批,物理类,,,651,1381,
3705,青岛科技大学,2025,重庆,本科批,物理类,,,528,24885,
3706,山东建筑大学,2025,重庆,本科批,物理类,,,504,51374,
3707,青岛农业大学,2025,重庆,本科批,物理类,,,487,52572,
3709,临沂大学,2025,重庆,本科批,物理类,,,520,36620,
3710,泰山学院,2025,重庆,本科批,物理类,,,494,60202,
3711,山东财经大学,2025,重庆,本科批,物理类,,,522,22294,
3713,烟台大学,2025,重庆,本科批,物理类,,,505,56995,
3714,山东交通学院,2025,重庆,本科批,物理类,,,493,60834,
3715,山东工商学院,2025,重庆,本科批,物理类,,,501,46560,
3716,山东第一医科大学,2025,重庆,本科批,物理类,,,522,14652,
3717,潍坊学院,2025,重庆,本科批,物理类,,,492,56392,
3718,山东大学（威海）,2025,重庆,本科批,物理类,,,609,9189,
3728,青岛恒星科技学院,2025,重庆,本科批,物理类,,,425,103219,
3730,山东现代学院,2025,重庆,本科批,物理类,,,444,94296,
3731,青岛黄海学院,2025,重庆,本科批,物理类,,,425,78003,
3732,青岛理工大学,2025,重庆,本科批,物理类,,,508,34376,
3738,济南大学,2025,重庆,本科批,物理类,,,521,44108,
3739,山东理工大学,2025,重庆,本科批,物理类,,,525,46560,
3740,山东师范大学,2025,重庆,本科批,物理类,,,527,23571,
3742,山东农业大学,2025,重庆,本科批,物理类,,,507,57604,
3743,滨州医学院,2025,重庆,本科批,物理类,,,510,22294,
3744,聊城大学,2025,重庆,本科批,物理类,,,514,46560,
3745,鲁东大学,2025,重庆,本科批,物理类,,,502,60834,
3746,济宁学院,2025,重庆,本科批,物理类,,,494,65772,
3748,青岛城市学院,2025,重庆,本科批,物理类,,,425,80906,
3751,山东财经大学东方学院,2025,重庆,本科批,物理类,,,452,75006,
3752,齐鲁工业大学,2025,重庆,本科批,物理类,,,513,53788,
3753,曲阜师范大学,2025,重庆,本科批,物理类,,,505,47131,
3754,山东航空学院,2025,重庆,本科批,物理类,,,503,60202,
3755,枣庄学院,2025,重庆,本科批,物理类,,,486,70780,
3756,山东石油化工学院,2025,重庆,本科批,物理类,,,500,50211,
3757,山东第二医科大学,2025,重庆,本科批,物理类,,,528,17490,
3759,齐鲁医药学院,2025,重庆,本科批,物理类,,,474,41158,
3761,青岛大学,2025,重庆,本科批,物理类,,,539,31257,
3763,青岛工学院,2025,重庆,本科批,物理类,,,447,92792,
3764,济宁医学院,2025,重庆,本科批,物理类,,,498,20247,
3766,齐鲁理工学院,2025,重庆,本科批,物理类,,,473,78587,
3772,山东英才学院,2025,重庆,本科批,物理类,,,425,103219,
3778,山东工程职业技术大学,2025,重庆,本科批,物理类,,,426,102787,
3780,山东协和学院,2025,重庆,本科批,物理类,,,472,42282,
3781,山东科技大学,2025,重庆,本科批,物理类,,,533,31746,
3786,潍坊科技学院,2025,重庆,本科批,物理类,,,463,82102,
3796,山东中医药大学,2025,重庆,本科批,物理类,,,523,20247,
4101,华北水利水电大学,2025,重庆,本科批,物理类,,,476,50814,
4102,郑州大学,2025,重庆,本科批,物理类,,,565,13287,
4103,河南理工大学,2025,重庆,本科批,物理类,,,489,39422,
4104,郑州轻工业大学,2025,重庆,本科批,物理类,,,491,26280,
4105,河南工业大学,2025,重庆,本科批,物理类,,,508,36058,
4106,河南科技大学,2025,重庆,本科批,物理类,,,519,22294,
4107,中原工学院,2025,重庆,本科批,物理类,,,492,58929,
4108,河南农业大学,2025,重庆,本科批,物理类,,,525,27774,
4109,河南中医药大学,2025,重庆,本科批,物理类,,,514,28751,
4110,河南医药大学,2025,重庆,本科批,物理类,,,542,26800,
4112,南阳师范学院,2025,重庆,本科批,物理类,,,495,62675,
4113,商丘师范学院,2025,重庆,本科批,物理类,,,485,65772,
4114,郑州航空工业管理学院,2025,重庆,本科批,物理类,,,487,47737,
4115,安阳工学院,2025,重庆,本科批,物理类,,,484,72040,
4116,南阳理工学院,2025,重庆,本科批,物理类,,,500,60202,
4117,河南城建学院,2025,重庆,本科批,物理类,,,488,61431,
4119,郑州工商学院,2025,重庆,本科批,物理类,,,482,72040,
4121,豫北医学院,2025,重庆,本科批,物理类,,,492,67042,
4123,河南牧业经济学院,2025,重庆,本科批,物理类,,,489,68964,
4125,郑州工程技术学院,2025,重庆,本科批,物理类,,,512,54412,
4127,洛阳理工学院,2025,重庆,本科批,物理类,,,487,40611,
4129,信阳农林学院,2025,重庆,本科批,物理类,,,499,62675,
4130,河南工学院,2025,重庆,本科批,物理类,,,501,55069,
4142,洛阳师范学院,2025,重庆,本科批,物理类,,,491,67694,
4143,郑州财经学院,2025,重庆,本科批,物理类,,,473,70780,
4146,平顶山学院,2025,重庆,本科批,物理类,,,488,67042,
4147,安阳师范学院,2025,重庆,本科批,物理类,,,519,48947,
4149,河南大学,2025,重庆,本科批,物理类,,,558,27774,
4152,郑州工业应用技术学院,2025,重庆,本科批,物理类,,,467,82102,
4158,黄淮学院,2025,重庆,本科批,物理类,,,488,63946,
4159,郑州师范学院,2025,重庆,本科批,物理类,,,503,60202,
4164,河南财经政法大学,2025,重庆,本科批,物理类,,,515,26280,
4165,河南财政金融学院,2025,重庆,本科批,物理类,,,495,65119,
4167,河南工程学院,2025,重庆,本科批,物理类,,,494,65772,
4168,河南科技学院,2025,重庆,本科批,物理类,,,490,62675,
4169,信阳师范大学,2025,重庆,本科批,物理类,,,492,67042,
4173,河南师范大学,2025,重庆,本科批,物理类,,,495,39422,
4174,郑州商学院,2025,重庆,本科批,物理类,,,473,72040,
4177,周口师范学院,2025,重庆,本科批,物理类,,,501,58277,
4201,武汉大学,2025,重庆,本科批,物理类,,,656,1099,
4202,武汉工程大学,2025,重庆,本科批,物理类,,,558,15346,
4203,中国地质大学（武汉）,2025,重庆,本科批,物理类,,,544,7630,
4204,武汉纺织大学,2025,重庆,本科批,物理类,,,531,28271,
4205,武汉轻工大学,2025,重庆,本科批,物理类,,,521,22723,
4206,湖北工业大学,2025,重庆,本科批,物理类,,,507,19815,
4207,华中农业大学,2025,重庆,本科批,物理类,,,564,12651,
4208,华中师范大学,2025,重庆,本科批,物理类,,,585,12651,
4209,湖北师范大学,2025,重庆,本科批,物理类,,,531,32804,
4210,湖北大学,2025,重庆,本科批,物理类,,,571,22294,
4211,湖北民族大学,2025,重庆,本科批,物理类,,,489,24396,
4212,湖北文理学院,2025,重庆,本科批,物理类,,,487,29255,
4215,中南民族大学,2025,重庆,本科批,物理类,,,521,24004,
4216,湖北汽车工业学院,2025,重庆,本科批,物理类,,,502,60834,
4218,湖北理工学院,2025,重庆,本科批,物理类,,,515,30770,
4219,湖北医药学院,2025,重庆,本科批,物理类,,,545,21426,
4220,湖北中医药大学,2025,重庆,本科批,物理类,,,568,7866,
4221,武汉科技大学,2025,重庆,本科批,物理类,,,567,13602,
4222,三峡大学,2025,重庆,本科批,物理类,,,542,24396,
4223,中南财经政法大学,2025,重庆,本科批,物理类,,,533,6864,
4224,华中科技大学,2025,重庆,本科批,物理类,,,625,403,
4225,武汉理工大学,2025,重庆,本科批,物理类,,,589,12008,
4227,武昌理工学院,2025,重庆,本科批,物理类,,,483,71425,
4229,长江大学,2025,重庆,本科批,物理类,,,517,37188,
4231,湖北商贸学院,2025,重庆,本科批,物理类,,,461,85348,
4235,武汉纺织大学外经贸学院,2025,重庆,本科批,物理类,,,476,75574,
4236,武汉工商学院,2025,重庆,本科批,物理类,,,470,80338,
4240,武汉职业技术大学,2025,重庆,本科批,物理类,,,496,64536,
4246,荆楚理工学院,2025,重庆,本科批,物理类,,,502,22723,
4250,武汉生物工程学院,2025,重庆,本科批,物理类,,,480,66408,
4266,江汉大学,2025,重庆,本科批,物理类,,,561,18678,
4270,湖北第二师范学院,2025,重庆,本科批,物理类,,,521,48947,
4275,武汉华夏理工学院,2025,重庆,本科批,物理类,,,462,78587,
4278,湖北恩施学院,2025,重庆,本科批,物理类,,,518,49565,
4279,武汉城市学院,2025,重庆,本科批,物理类,,,461,76161,
4281,湖北工业大学工程技术学院,2025,重庆,本科批,物理类,,,476,72040,
4284,湖北经济学院,2025,重庆,本科批,物理类,,,505,52572,
4286,三峡大学科技学院,2025,重庆,本科批,物理类,,,479,46560,
4294,湖北大学知行学院,2025,重庆,本科批,物理类,,,473,67694,
4298,湖北科技学院,2025,重庆,本科批,物理类,,,515,26800,
4301,湘潭大学,2025,重庆,本科批,物理类,,,561,20633,
4302,吉首大学,2025,重庆,本科批,物理类,,,510,50814,
4303,湖南大学,2025,重庆,本科批,物理类,,,608,3585,
4304,湖南农业大学,2025,重庆,本科批,物理类,,,498,46560,
4305,中南林业科技大学,2025,重庆,本科批,物理类,,,507,35519,
4306,湖南中医药大学,2025,重庆,本科批,物理类,,,525,7362,
4307,湖南理工学院,2025,重庆,本科批,物理类,,,508,47131,
4308,衡阳师范学院,2025,重庆,本科批,物理类,,,499,41740,
4309,怀化学院,2025,重庆,本科批,物理类,,,501,45961,
4310,湖南文理学院,2025,重庆,本科批,物理类,,,494,64536,
4311,湖南科技学院,2025,重庆,本科批,物理类,,,499,62675,
4312,湖南工商大学,2025,重庆,本科批,物理类,,,525,31746,
4313,湖南工业大学,2025,重庆,本科批,物理类,,,501,30770,
4314,南华大学,2025,重庆,本科批,物理类,,,517,41158,
4315,中南大学,2025,重庆,本科批,物理类,,,594,1889,
4316,湖南工程学院,2025,重庆,本科批,物理类,,,504,56392,
4317,邵阳学院,2025,重庆,本科批,物理类,,,510,50814,
4318,湖南城市学院,2025,重庆,本科批,物理类,,,487,62078,
4320,长沙理工大学,2025,重庆,本科批,物理类,,,529,25339,
4321,湖南科技大学,2025,重庆,本科批,物理类,,,495,24396,
4322,湘南学院,2025,重庆,本科批,物理类,,,506,26800,
4326,湖南工学院,2025,重庆,本科批,物理类,,,487,41740,
4327,湖南财政经济学院,2025,重庆,本科批,物理类,,,472,40611,
4328,湖南医药学院,2025,重庆,本科批,物理类,,,549,32804,
4334,湖南涉外经济学院,2025,重庆,本科批,物理类,,,425,73224,
4353,湖南工程学院应用技术学院,2025,重庆,本科批,物理类,,,481,72040,
4356,湖南应用技术学院,2025,重庆,本科批,物理类,,,425,78003,
4361,中南林业科技大学涉外学院,2025,重庆,本科批,物理类,,,468,72625,
4362,常德学院,2025,重庆,本科批,物理类,,,447,76786,
4367,湖南师范大学,2025,重庆,本科批,物理类,,,566,13287,
4368,长沙医学院,2025,重庆,本科批,物理类,,,502,60834,
4371,湖南人文科技学院,2025,重庆,本科批,物理类,,,491,67694,
4376,湖南科技大学潇湘学院,2025,重庆,本科批,物理类,,,489,65772,
4386,长沙学院,2025,重庆,本科批,物理类,,,500,58929,
4387,湖南中医药大学湘杏学院,2025,重庆,本科批,物理类,,,517,49565,
4392,长沙师范学院,2025,重庆,本科批,物理类,,,498,50814,
4398,湖南第一师范学院,2025,重庆,本科批,物理类,,,531,35519,
4401,中山大学,2025,重庆,本科批,物理类,,,641,1803,
4402,暨南大学,2025,重庆,本科批,物理类,,,579,9740,
4403,华南理工大学,2025,重庆,本科批,物理类,,,630,2108,
4404,华南农业大学,2025,重庆,本科批,物理类,,,528,9189,
4405,广东海洋大学,2025,重庆,本科批,物理类,,,512,40611,
4406,广州中医药大学,2025,重庆,本科批,物理类,,,583,4748,
4407,广州大学,2025,重庆,本科批,物理类,,,571,12651,
4409,五邑大学,2025,重庆,本科批,物理类,,,529,44108,
4410,广东金融学院,2025,重庆,本科批,物理类,,,511,20633,
4411,广东石油化工学院,2025,重庆,本科批,物理类,,,506,58277,
4412,东莞理工学院,2025,重庆,本科批,物理类,,,524,39989,
4413,广东外语外贸大学,2025,重庆,本科批,物理类,,,528,13602,
4414,广东工业大学,2025,重庆,本科批,物理类,,,527,30286,
4417,广州航海学院,2025,重庆,本科批,物理类,,,525,46560,
4418,广东培正学院,2025,重庆,本科批,物理类,,,425,88104,
4429,广东东软学院,2025,重庆,本科批,物理类,,,427,102364,
4431,深圳大学,2025,重庆,本科批,物理类,,,577,7362,
4433,惠州学院,2025,重庆,本科批,物理类,,,487,43501,
4435,韶关学院,2025,重庆,本科批,物理类,,,514,53184,
4436,珠海科技学院,2025,重庆,本科批,物理类,,,481,71425,
4439,广东轻工职业技术大学,2025,重庆,本科批,物理类,,,486,70780,
4440,南方医科大学,2025,重庆,本科批,物理类,,,588,13949,
4443,广州商学院,2025,重庆,本科批,物理类,,,430,82102,
4447,华南师范大学,2025,重庆,本科批,物理类,,,574,12327,
4449,广州医科大学,2025,重庆,本科批,物理类,,,542,36620,
4450,广东医科大学,2025,重庆,本科批,物理类,,,495,9455,
4451,广东药科大学,2025,重庆,本科批,物理类,,,530,28271,
4456,嘉应学院,2025,重庆,本科批,物理类,,,488,65119,
4461,广州城市理工学院,2025,重庆,本科批,物理类,,,425,79745,
4462,广州南方学院,2025,重庆,本科批,物理类,,,453,69571,
4464,广州华立学院,2025,重庆,本科批,物理类,,,443,94296,
4468,北师香港浸会大学,2025,重庆,本科批,物理类,,,537,36058,
4469,广东财经大学,2025,重庆,本科批,物理类,,,550,30770,
4470,广州软件学院,2025,重庆,本科批,物理类,,,437,75574,
4471,广东外语外贸大学南国商学院,2025,重庆,本科批,物理类,,,454,89161,
4472,华南农业大学珠江学院,2025,重庆,本科批,物理类,,,425,92301,
4474,肇庆学院,2025,重庆,本科批,物理类,,,491,50211,
4475,广东技术师范大学,2025,重庆,本科批,物理类,,,530,43501,
4479,湛江科技学院,2025,重庆,本科批,物理类,,,441,91261,
4485,广州新华学院,2025,重庆,本科批,物理类,,,425,85897,
4487,岭南师范学院,2025,重庆,本科批,物理类,,,498,63323,
4488,广东以色列理工学院,2025,重庆,本科批,物理类,,,425,24396,
4489,哈尔滨工业大学（深圳）,2025,重庆,本科批,物理类,,,637,693,
4490,佛山大学,2025,重庆,本科批,物理类,,,507,57604,
4492,广东工商职业技术大学,2025,重庆,本科批,物理类,,,425,90739,
4497,汕头大学,2025,重庆,本科批,物理类,,,535,25339,
4501,广西科技大学,2025,重庆,本科批,物理类,,,516,51989,
4502,桂林电子科技大学,2025,重庆,本科批,物理类,,,505,45961,
4503,桂林理工大学,2025,重庆,本科批,物理类,,,511,27774,
4504,广西师范大学,2025,重庆,本科批,物理类,,,497,37736,
4505,河池学院,2025,重庆,本科批,物理类,,,487,70203,
4506,玉林师范学院,2025,重庆,本科批,物理类,,,498,63323,
4507,柳州工学院,2025,重庆,本科批,物理类,,,425,96773,
4510,广西财经学院,2025,重庆,本科批,物理类,,,483,50211,
4511,广西科技师范学院,2025,重庆,本科批,物理类,,,492,58929,
4512,桂林航天工业学院,2025,重庆,本科批,物理类,,,506,58277,
4513,桂林旅游学院,2025,重庆,本科批,物理类,,,489,67042,
4514,南宁学院,2025,重庆,本科批,物理类,,,425,94296,
4516,柳州职业技术大学,2025,重庆,本科批,物理类,,,485,70203,
4517,南宁职业技术大学,2025,重庆,本科批,物理类,,,483,71425,
4525,贺州学院,2025,重庆,本科批,物理类,,,492,64536,
4527,广西大学,2025,重庆,本科批,物理类,,,565,21842,
4531,梧州学院,2025,重庆,本科批,物理类,,,493,64536,
4534,广西中医药大学赛恩斯新医药学院,2025,重庆,本科批,物理类,,,505,58277,
4537,广西医科大学,2025,重庆,本科批,物理类,,,512,54412,
4538,广西中医药大学,2025,重庆,本科批,物理类,,,551,8129,
4539,南宁师范大学,2025,重庆,本科批,物理类,,,506,58277,
4542,广西外国语学院,2025,重庆,本科批,物理类,,,425,76161,
4543,广西民族大学,2025,重庆,本科批,物理类,,,477,45354,
4544,北部湾大学,2025,重庆,本科批,物理类,,,508,56995,
4547,南宁理工学院,2025,重庆,本科批,物理类,,,425,89161,
4550,桂林信息科技学院,2025,重庆,本科批,物理类,,,425,93815,
4552,百色学院,2025,重庆,本科批,物理类,,,491,67694,
4555,桂林医科大学,2025,重庆,本科批,物理类,,,492,21006,
4556,南宁师范大学师园学院,2025,重庆,本科批,物理类,,,486,70780,
4566,右江民族医学院,2025,重庆,本科批,物理类,,,499,58277,
4602,海南大学,2025,重庆,本科批,物理类,,,521,21842,
4603,海南热带海洋学院,2025,重庆,本科批,物理类,,,469,79189,
4604,海南师范大学,2025,重庆,本科批,物理类,,,503,33846,
4606,海口经济学院,2025,重庆,本科批,物理类,,,425,99150,
4612,琼台师范学院,2025,重庆,本科批,物理类,,,487,63323,
4614,海南医科大学,2025,重庆,本科批,物理类,,,545,27774,
4615,三亚学院,2025,重庆,本科批,物理类,,,425,100988,
4618,海南比勒费尔德应用科学大学,2025,重庆,本科批,物理类,,,425,103219,
4620,海南科技职业大学,2025,重庆,本科批,物理类,,,425,78587,
5001,重庆大学,2025,重庆,本科批,物理类,,,611,8639,
5002,重庆邮电大学,2025,重庆,本科批,物理类,,,548,18260,
5003,重庆交通大学,2025,重庆,本科批,物理类,,,509,25811,
5005,重庆医科大学,2025,重庆,本科批,物理类,,,541,33312,
5006,西南大学,2025,重庆,本科批,物理类,,,565,10026,
5007,重庆师范大学,2025,重庆,本科批,物理类,,,517,18260,
5008,重庆文理学院,2025,重庆,本科批,物理类,,,492,45354,
5009,重庆三峡学院,2025,重庆,本科批,物理类,,,490,47737,
5010,长江师范学院,2025,重庆,本科批,物理类,,,489,55724,
5011,四川外国语大学,2025,重庆,本科批,物理类,,,487,32260,
5012,西南政法大学,2025,重庆,本科批,物理类,,,540,10294,
5013,四川美术学院,2025,重庆,本科批,物理类,,,510,45354,
5014,中国人民解放军陆军军医大学,2025,重庆,本科批,物理类,,,585,5354,
5015,重庆理工大学,2025,重庆,本科批,物理类,,,518,33312,
5016,重庆工商大学,2025,重庆,本科批,物理类,,,465,32260,
5017,重庆中医药学院,2025,重庆,本科批,物理类,,,527,27291,
5019,重庆人文科技学院,2025,重庆,本科批,物理类,,,457,70780,
5020,重庆外语外事学院,2025,重庆,本科批,物理类,,,425,80906,
5021,重庆对外经贸学院,2025,重庆,本科批,物理类,,,439,75006,
5022,重庆财经学院,2025,重庆,本科批,物理类,,,425,70203,
5023,重庆工商大学派斯学院,2025,重庆,本科批,物理类,,,431,79745,
5026,重庆移通学院,2025,重庆,本科批,物理类,,,425,75574,
5027,重庆科技大学,2025,重庆,本科批,物理类,,,491,41740,
5028,重庆电子科技职业大学,2025,重庆,本科批,物理类,,,486,68311,
5029,重庆第二师范学院,2025,重庆,本科批,物理类,,,487,44108,
5045,重庆工程学院,2025,重庆,本科批,物理类,,,425,87032,
5050,重庆机电职业技术大学,2025,重庆,本科批,物理类,,,425,85897,
5057,重庆城市科技学院,2025,重庆,本科批,物理类,,,425,73860,
5101,成都医学院,2025,重庆,本科批,物理类,,,574,21006,
5102,西南交通大学,2025,重庆,本科批,物理类,,,536,4946,
5104,电子科技大学,2025,重庆,本科批,物理类,,,613,516,
5105,西南石油大学,2025,重庆,本科批,物理类,,,559,21426,
5106,成都理工大学,2025,重庆,本科批,物理类,,,529,13949,
5107,西南科技大学,2025,重庆,本科批,物理类,,,525,34376,
5108,成都信息工程大学,2025,重庆,本科批,物理类,,,536,25339,
5109,四川轻化工大学,2025,重庆,本科批,物理类,,,528,44745,
5110,西华大学,2025,重庆,本科批,物理类,,,510,43501,
5111,中国民用航空飞行学院,2025,重庆,本科批,物理类,,,522,25339,
5112,四川农业大学,2025,重庆,本科批,物理类,,,529,16058,
5113,西南医科大学,2025,重庆,本科批,物理类,,,508,19056,
5114,成都中医药大学,2025,重庆,本科批,物理类,,,521,2715,
5115,川北医学院,2025,重庆,本科批,物理类,,,528,41158,
5116,四川师范大学,2025,重庆,本科批,物理类,,,481,19441,
5117,西华师范大学,2025,重庆,本科批,物理类,,,509,38835,
5118,绵阳师范学院,2025,重庆,本科批,物理类,,,506,42889,
5119,内江师范学院,2025,重庆,本科批,物理类,,,505,49565,
5120,宜宾学院,2025,重庆,本科批,物理类,,,500,55724,
5121,乐山师范学院,2025,重庆,本科批,物理类,,,503,58929,
5122,西南财经大学,2025,重庆,本科批,物理类,,,555,4393,
5123,成都体育学院,2025,重庆,本科批,物理类,,,474,34376,
5124,四川音乐学院,2025,重庆,本科批,物理类,,,502,60202,
5125,西南民族大学,2025,重庆,本科批,物理类,,,517,24885,
5126,攀枝花学院,2025,重庆,本科批,物理类,,,504,27291,
5127,四川大学,2025,重庆,本科批,物理类,,,614,6202,
5129,西昌学院,2025,重庆,本科批,物理类,,,488,67042,
5130,成都理工大学工程技术学院,2025,重庆,本科批,物理类,,,476,68964,
5131,四川传媒学院,2025,重庆,本科批,物理类,,,476,65772,
5132,成都银杏酒店管理学院,2025,重庆,本科批,物理类,,,433,84831,
5133,成都文理学院,2025,重庆,本科批,物理类,,,485,71425,
5134,四川工商学院,2025,重庆,本科批,物理类,,,487,67042,
5135,成都外国语学院,2025,重庆,本科批,物理类,,,464,65772,
5136,电子科技大学成都学院,2025,重庆,本科批,物理类,,,471,71425,
5137,四川文理学院,2025,重庆,本科批,物理类,,,500,58277,
5138,成都工业学院,2025,重庆,本科批,物理类,,,514,47131,
5139,四川旅游学院,2025,重庆,本科批,物理类,,,495,63323,
5146,四川工程职业技术大学,2025,重庆,本科批,物理类,,,486,60202,
5151,四川警察学院,2025,重庆,本科批,物理类,,,563,25811,
5167,成都东软学院,2025,重庆,本科批,物理类,,,481,73224,
5170,四川民族学院,2025,重庆,本科批,物理类,,,498,52572,
5176,吉利学院,2025,重庆,本科批,物理类,,,425,103219,
5179,阿坝师范学院,2025,重庆,本科批,物理类,,,494,61431,
5180,成都大学,2025,重庆,本科批,物理类,,,491,25811,
5181,四川工业科技学院,2025,重庆,本科批,物理类,,,449,84250,
5182,成都师范学院,2025,重庆,本科批,物理类,,,519,50211,
5184,成都锦城学院,2025,重庆,本科批,物理类,,,473,64536,
5190,西南财经大学天府学院,2025,重庆,本科批,物理类,,,455,75006,
5191,四川大学锦江学院,2025,重庆,本科批,物理类,,,469,73224,
5192,四川文化艺术学院,2025,重庆,本科批,物理类,,,463,73224,
5199,绵阳城市学院,2025,重庆,本科批,物理类,,,462,76161,
5201,贵州大学,2025,重庆,本科批,物理类,,,523,17490,
5202,贵州医科大学,2025,重庆,本科批,物理类,,,486,10556,
5203,遵义医科大学,2025,重庆,本科批,物理类,,,547,33846,
5204,贵州中医药大学,2025,重庆,本科批,物理类,,,529,21842,
5205,贵州师范大学,2025,重庆,本科批,物理类,,,520,49565,
5206,遵义师范学院,2025,重庆,本科批,物理类,,,501,50814,
5207,黔南民族师范学院,2025,重庆,本科批,物理类,,,490,60202,
5208,贵州财经大学,2025,重庆,本科批,物理类,,,477,47131,
5209,贵州民族大学,2025,重庆,本科批,物理类,,,510,55724,
5210,贵州中医药大学时珍学院,2025,重庆,本科批,物理类,,,496,62078,
5211,贵州黔南经济学院,2025,重庆,本科批,物理类,,,439,96773,
5213,遵义医科大学医学与科技学院,2025,重庆,本科批,物理类,,,521,36058,
5215,贵阳学院,2025,重庆,本科批,物理类,,,511,53184,
5216,安顺学院,2025,重庆,本科批,物理类,,,498,59528,
5220,贵州警察学院,2025,重庆,本科批,物理类,,,540,27774,
5229,贵州医科大学神奇民族医药学院,2025,重庆,本科批,物理类,,,502,60834,
5230,贵州黔南科技学院,2025,重庆,本科批,物理类,,,466,82660,
5231,贵阳信息科技学院,2025,重庆,本科批,物理类,,,472,77404,
5232,六盘水师范学院,2025,重庆,本科批,物理类,,,490,54412,
5236,铜仁学院,2025,重庆,本科批,物理类,,,476,66408,
5237,兴义民族师范学院,2025,重庆,本科批,物理类,,,497,62078,
5238,贵州工程应用技术学院,2025,重庆,本科批,物理类,,,487,58277,
5239,贵州商学院,2025,重庆,本科批,物理类,,,488,63323,
5241,凯里学院,2025,重庆,本科批,物理类,,,487,70203,
5244,贵州师范学院,2025,重庆,本科批,物理类,,,500,62078,
5249,贵州理工学院,2025,重庆,本科批,物理类,,,493,66408,
5253,贵阳康养职业大学,2025,重庆,本科批,物理类,,,492,50211,
5270,茅台学院,2025,重庆,本科批,物理类,,,484,72040,
5301,云南大学,2025,重庆,本科批,物理类,,,570,13287,
5302,昆明理工大学,2025,重庆,本科批,物理类,,,505,29783,
5303,云南农业大学,2025,重庆,本科批,物理类,,,506,50211,
5304,西南林业大学,2025,重庆,本科批,物理类,,,508,39422,
5305,大理大学,2025,重庆,本科批,物理类,,,522,42282,
5306,云南师范大学,2025,重庆,本科批,物理类,,,488,45354,
5307,曲靖师范学院,2025,重庆,本科批,物理类,,,488,54412,
5309,云南民族大学,2025,重庆,本科批,物理类,,,510,55724,
5310,玉溪师范学院,2025,重庆,本科批,物理类,,,497,52572,
5311,楚雄师范学院,2025,重庆,本科批,物理类,,,491,67694,
5312,昆明医科大学海源学院,2025,重庆,本科批,物理类,,,480,41740,
5313,滇池学院,2025,重庆,本科批,物理类,,,425,86477,
5314,丽江文化旅游学院,2025,重庆,本科批,物理类,,,425,84831,
5315,昆明城市学院,2025,重庆,本科批,物理类,,,425,76161,
5318,昆明学院,2025,重庆,本科批,物理类,,,497,63946,
5319,文山学院,2025,重庆,本科批,物理类,,,492,67042,
5326,云南经济管理学院,2025,重庆,本科批,物理类,,,429,80338,
5327,昆明文理学院,2025,重庆,本科批,物理类,,,436,85897,
5330,云南财经大学,2025,重庆,本科批,物理类,,,484,31257,
5334,云南警官学院,2025,重庆,本科批,物理类,,,553,30770,
5336,保山学院,2025,重庆,本科批,物理类,,,492,63323,
5337,红河学院,2025,重庆,本科批,物理类,,,496,59528,
5339,昆明理工大学津桥学院,2025,重庆,本科批,物理类,,,425,80906,
5340,昭通学院,2025,重庆,本科批,物理类,,,492,52572,
5342,云南工商学院,2025,重庆,本科批,物理类,,,462,84831,
5349,滇西科技师范学院,2025,重庆,本科批,物理类,,,491,60202,
5351,昆明医科大学,2025,重庆,本科批,物理类,,,534,9189,
5352,云南中医药大学,2025,重庆,本科批,物理类,,,551,17853,
5359,普洱学院,2025,重庆,本科批,物理类,,,487,70203,
5372,滇西应用技术大学,2025,重庆,本科批,物理类,,,493,59528,
5401,西藏大学,2025,重庆,本科批,物理类,,,525,32260,
5402,西藏民族大学,2025,重庆,本科批,物理类,,,506,58277,
5403,西藏藏医药大学,2025,重庆,本科批,物理类,,,480,74439,
5407,西藏农牧大学,2025,重庆,本科批,物理类,,,485,56392,
6101,西安交通大学,2025,重庆,本科批,物理类,,,625,5354,
6102,西北工业大学,2025,重庆,本科批,物理类,,,618,693,
6103,西安理工大学,2025,重庆,本科批,物理类,,,558,22723,
6104,西安电子科技大学,2025,重庆,本科批,物理类,,,620,6407,
6105,西安工业大学,2025,重庆,本科批,物理类,,,561,26800,
6106,西安建筑科技大学,2025,重庆,本科批,物理类,,,512,30770,
6107,西安科技大学,2025,重庆,本科批,物理类,,,531,42889,
6108,西安石油大学,2025,重庆,本科批,物理类,,,531,30286,
6109,陕西科技大学,2025,重庆,本科批,物理类,,,539,38272,
6110,西安工程大学,2025,重庆,本科批,物理类,,,546,34376,
6111,陕西师范大学,2025,重庆,本科批,物理类,,,555,29783,
6112,延安大学,2025,重庆,本科批,物理类,,,510,44108,
6114,西安外国语大学,2025,重庆,本科批,物理类,,,502,27774,
6115,西北政法大学,2025,重庆,本科批,物理类,,,561,19441,
6119,西安培华学院,2025,重庆,本科批,物理类,,,424,76161,
6120,西安邮电大学,2025,重庆,本科批,物理类,,,550,14293,
6122,宝鸡文理学院,2025,重庆,本科批,物理类,,,490,63323,
6123,西北农林科技大学,2025,重庆,本科批,物理类,,,589,10859,
6124,长安大学,2025,重庆,本科批,物理类,,,575,10859,
6125,陕西理工大学,2025,重庆,本科批,物理类,,,516,51989,
6126,西安财经大学,2025,重庆,本科批,物理类,,,496,34938,
6129,西安文理学院,2025,重庆,本科批,物理类,,,513,44108,
6130,西安航空学院,2025,重庆,本科批,物理类,,,502,36058,
6133,西安欧亚学院,2025,重庆,本科批,物理类,,,425,90739,
6134,西安翻译学院,2025,重庆,本科批,物理类,,,425,85348,
6135,西安外事学院,2025,重庆,本科批,物理类,,,454,89161,
6136,西京学院,2025,重庆,本科批,物理类,,,450,78003,
6142,西安思源学院,2025,重庆,本科批,物理类,,,464,83738,
6143,陕西服装工程学院,2025,重庆,本科批,物理类,,,429,92792,
6144,陕西国际商贸学院,2025,重庆,本科批,物理类,,,425,72625,
6148,陕西警察学院,2025,重庆,本科批,物理类,,,522,41740,
6151,西安汽车职业大学,2025,重庆,本科批,物理类,,,425,82102,
6152,陕西科技大学镐京学院,2025,重庆,本科批,物理类,,,425,90201,
6156,西安医学院,2025,重庆,本科批,物理类,,,547,28271,
6158,西安工商学院,2025,重庆,本科批,物理类,,,452,90201,
6159,咸阳师范学院,2025,重庆,本科批,物理类,,,508,56995,
6161,西安建筑科技大学华清学院,2025,重庆,本科批,物理类,,,442,90739,
6162,延安大学西安创新学院,2025,重庆,本科批,物理类,,,437,97772,
6164,西北大学,2025,重庆,本科批,物理类,,,596,12962,
6166,西安明德理工学院,2025,重庆,本科批,物理类,,,457,87578,
6173,陕西中医药大学,2025,重庆,本科批,物理类,,,564,25339,
6174,榆林学院,2025,重庆,本科批,物理类,,,498,61431,
6175,安康学院,2025,重庆,本科批,物理类,,,496,52572,
6180,西安科技大学高新学院,2025,重庆,本科批,物理类,,,425,103219,
6182,西安信息职业大学,2025,重庆,本科批,物理类,,,449,75006,
6184,商洛学院,2025,重庆,本科批,物理类,,,484,56392,
6193,陕西学前师范学院,2025,重庆,本科批,物理类,,,488,57604,
6194,西安交通工程学院,2025,重庆,本科批,物理类,,,425,95317,
6201,兰州大学,2025,重庆,本科批,物理类,,,604,9189,
6202,兰州理工大学,2025,重庆,本科批,物理类,,,530,40611,
6203,兰州交通大学,2025,重庆,本科批,物理类,,,530,34938,
6204,天水师范大学,2025,重庆,本科批,物理类,,,492,60202,
6205,河西学院,2025,重庆,本科批,物理类,,,490,68311,
6206,兰州财经大学,2025,重庆,本科批,物理类,,,503,42282,
6207,西北民族大学,2025,重庆,本科批,物理类,,,499,50814,
6208,甘肃政法大学,2025,重庆,本科批,物理类,,,507,23142,
6211,兰州资源环境职业技术大学,2025,重庆,本科批,物理类,,,484,62078,
6215,兰州博文科技学院,2025,重庆,本科批,物理类,,,436,76786,
6216,甘肃农业大学,2025,重庆,本科批,物理类,,,502,55724,
6217,西北师范大学,2025,重庆,本科批,物理类,,,509,38835,
6218,陇南师范学院,2025,重庆,本科批,物理类,,,495,63946,
6219,陇东学院,2025,重庆,本科批,物理类,,,492,58929,
6220,兰州信息科技学院,2025,重庆,本科批,物理类,,,425,103219,
6221,兰州城市学院,2025,重庆,本科批,物理类,,,493,62675,
6222,甘肃中医药大学,2025,重庆,本科批,物理类,,,505,14988,
6223,甘肃林业职业技术大学,2025,重庆,本科批,物理类,,,484,70203,
6225,酒泉职业技术大学,2025,重庆,本科批,物理类,,,484,72040,
6227,兰州文理学院,2025,重庆,本科批,物理类,,,514,53184,
6229,甘肃医学院,2025,重庆,本科批,物理类,,,526,28751,
6233,甘肃民族师范学院,2025,重庆,本科批,物理类,,,499,62078,
6253,兰州石化职业技术大学,2025,重庆,本科批,物理类,,,505,45354,
6301,青海大学,2025,重庆,本科批,物理类,,,561,19056,
6302,青海民族大学,2025,重庆,本科批,物理类,,,506,29255,
6304,青海师范大学,2025,重庆,本科批,物理类,,,511,39989,
6313,青海理工学院,2025,重庆,本科批,物理类,,,496,63323,
6401,宁夏大学,2025,重庆,本科批,物理类,,,556,29255,
6402,宁夏医科大学,2025,重庆,本科批,物理类,,,502,12651,
6403,北方民族大学,2025,重庆,本科批,物理类,,,498,41158,
6404,宁夏师范大学,2025,重庆,本科批,物理类,,,499,62675,
6405,宁夏理工学院,2025,重庆,本科批,物理类,,,454,89161,
6408,宁夏大学新华学院,2025,重庆,本科批,物理类,,,441,88620,
6412,银川科技学院,2025,重庆,本科批,物理类,,,448,85897,
6501,新疆大学,2025,重庆,本科批,物理类,,,535,31257,
6502,新疆农业大学,2025,重庆,本科批,物理类,,,485,63946,
6503,石河子大学,2025,重庆,本科批,物理类,,,539,27774,
6504,新疆师范大学,2025,重庆,本科批,物理类,,,486,48378,
6505,伊犁师范大学,2025,重庆,本科批,物理类,,,486,55724,
6506,新疆财经大学,2025,重庆,本科批,物理类,,,487,44108,
6507,新疆科技学院,2025,重庆,本科批,物理类,,,479,64536,
6508,新疆理工学院,2025,重庆,本科批,物理类,,,478,60202,
6509,新疆工业学院,2025,重庆,本科批,物理类,,,483,72040,
6510,新疆第二医学院,2025,重庆,本科批,物理类,,,507,57604,
6512,新疆工程学院,2025,重庆,本科批,物理类,,,487,69571,
6513,乌鲁木齐职业大学,2025,重庆,本科批,物理类,,,481,72625,
6514,新疆农业职业技术大学,2025,重庆,本科批,物理类,,,477,71425,
6520,新疆天山职业技术大学,2025,重庆,本科批,物理类,,,446,76161,
6522,新疆政法学院,2025,重庆,本科批,物理类,,,483,45961,
6523,新疆医科大学,2025,重庆,本科批,物理类,,,542,36620,
6524,喀什大学,2025,重庆,本科批,物理类,,,483,51989,
6525,昌吉学院,2025,重庆,本科批,物理类,,,486,67042,
6526,塔里木大学,2025,重庆,本科批,物理类,,,489,68964,
6527,新疆艺术学院,2025,重庆,本科批,物理类,,,485,70780,
6536,新疆警察学院,2025,重庆,本科批,物理类,,,519,50211,
6537,中国石油大学（北京）克拉玛依校区,2025,重庆,本科批,物理类,,,557,28751,
6543,新疆和田学院,2025,重庆,本科批,物理类,,,481,60834,
,上海财经大学浙江学院,2025,重庆,本科批,物理类,,,489,60834,
1130,中国人民公安大学,2025,重庆,本科提前批A段,物理类,,,627,305,
1144,中国消防救援学院,2025,重庆,本科提前批A段,物理类,,,573,16058,
2122,中国刑事警察学院,2025,重庆,本科提前批A段,物理类,,,609,3447,
4223,中南财经政法大学,2025,重庆,本科提前批A段,物理类,,,519,50211,
5014,中国人民解放军陆军军医大学,2025,重庆,本科提前批A段,物理类,,,579,19056,
5128,武警警官学院,2025,重庆,本科提前批A段,物理类,,,565,13949,
1108,北京科技大学,2025,重庆,本科提前批B段,物理类,,,579,12651,
1110,北京化工大学,2025,重庆,本科提前批B段,物理类,,,598,9740,
1112,北京邮电大学,2025,重庆,本科提前批B段,物理类,,,621,3902,
1117,北京林业大学,2025,重庆,本科提前批B段,物理类,,,572,21842,
1118,北京中医药大学,2025,重庆,本科提前批B段,物理类,,,620,6407,
1125,中国传媒大学,2025,重庆,本科提前批B段,物理类,,,575,20633,
1126,中央财经大学,2025,重庆,本科提前批B段,物理类,,,563,11420,
1127,对外经济贸易大学,2025,重庆,本科提前批B段,物理类,,,600,4748,
1129,外交学院,2025,重庆,本科提前批B段,物理类,,,630,4393,
1140,中央民族大学,2025,重庆,本科提前批B段,物理类,,,603,7630,
1145,中国矿业大学（北京）,2025,重庆,本科提前批B段,物理类,,,528,17147,
1147,中国地质大学（北京）,2025,重庆,本科提前批B段,物理类,,,577,12651,
1152,北京工商大学,2025,重庆,本科提前批B段,物理类,,,570,22294,
1186,北京工业大学,2025,重庆,本科提前批B段,物理类,,,569,20633,
1198,北京建筑大学,2025,重庆,本科提前批B段,物理类,,,563,25811,
1204,天津工业大学,2025,重庆,本科提前批B段,物理类,,,548,33312,
1205,中国民航大学,2025,重庆,本科提前批B段,物理类,,,579,17853,
1236,天津师范大学,2025,重庆,本科提前批B段,物理类,,,524,24004,
2104,沈阳理工大学,2025,重庆,本科提前批B段,物理类,,,564,25339,
2108,辽宁石油化工大学,2025,重庆,本科提前批B段,物理类,,,570,22723,
2111,大连海事大学,2025,重庆,本科提前批B段,物理类,,,546,21006,
2113,沈阳建筑大学,2025,重庆,本科提前批B段,物理类,,,534,25339,
2115,沈阳农业大学,2025,重庆,本科提前批B段,物理类,,,534,41158,
2118,大连医科大学,2025,重庆,本科提前批B段,物理类,,,517,51374,
2166,大连大学,2025,重庆,本科提前批B段,物理类,,,566,24396,
2201,吉林大学,2025,重庆,本科提前批B段,物理类,,,601,11125,
2208,东北师范大学,2025,重庆,本科提前批B段,物理类,,,577,4748,
2301,黑龙江大学,2025,重庆,本科提前批B段,物理类,,,535,37188,
2307,东北农业大学,2025,重庆,本科提前批B段,物理类,,,571,22294,
2308,东北林业大学,2025,重庆,本科提前批B段,物理类,,,537,28271,
2315,哈尔滨理工大学,2025,重庆,本科提前批B段,物理类,,,561,15673,
3104,华东理工大学,2025,重庆,本科提前批B段,物理类,,,590,6864,
3110,华东师范大学,2025,重庆,本科提前批B段,物理类,,,615,1164,
3113,上海财经大学,2025,重庆,本科提前批B段,物理类,,,596,5983,
3114,上海对外经贸大学,2025,重庆,本科提前批B段,物理类,,,569,23142,
3132,上海海洋大学,2025,重庆,本科提前批B段,物理类,,,553,30770,
3205,南京理工大学,2025,重庆,本科提前批B段,物理类,,,571,9740,
3208,南京工业大学,2025,重庆,本科提前批B段,物理类,,,541,19441,
3210,南京邮电大学,2025,重庆,本科提前批B段,物理类,,,588,12652,
3213,江南大学,2025,重庆,本科提前批B段,物理类,,,587,15674,
3215,江苏大学,2025,重庆,本科提前批B段,物理类,,,558,21426,
3216,南京信息工程大学,2025,重庆,本科提前批B段,物理类,,,563,22723,
3249,南京师范大学,2025,重庆,本科提前批B段,物理类,,,576,20247,
3251,扬州大学,2025,重庆,本科提前批B段,物理类,,,547,33846,
3306,杭州师范大学,2025,重庆,本科提前批B段,物理类,,,536,31257,
3312,宁波大学,2025,重庆,本科提前批B段,物理类,,,539,38272,
3335,浙江海洋大学,2025,重庆,本科提前批B段,物理类,,,544,33312,
3501,厦门大学,2025,重庆,本科提前批B段,物理类,,,618,6864,
3510,集美大学,2025,重庆,本科提前批B段,物理类,,,534,41158,
3701,山东大学,2025,重庆,本科提前批B段,物理类,,,597,4946,
3702,中国海洋大学,2025,重庆,本科提前批B段,物理类,,,589,6202,
3703,中国石油大学（华东）,2025,重庆,本科提前批B段,物理类,,,582,10026,
3704,哈尔滨工业大学（威海）,2025,重庆,本科提前批B段,物理类,,,637,2871,
3718,山东大学（威海）,2025,重庆,本科提前批B段,物理类,,,593,13949,
3739,山东理工大学,2025,重庆,本科提前批B段,物理类,,,558,28271,
3740,山东师范大学,2025,重庆,本科提前批B段,物理类,,,538,24885,
4203,中国地质大学（武汉）,2025,重庆,本科提前批B段,物理类,,,558,8898,
4208,华中师范大学,2025,重庆,本科提前批B段,物理类,,,562,2871,
4223,中南财经政法大学,2025,重庆,本科提前批B段,物理类,,,558,8129,
4417,广州航海学院,2025,重庆,本科提前批B段,物理类,,,523,27774,
4489,哈尔滨工业大学（深圳）,2025,重庆,本科提前批B段,物理类,,,657,1164,
4527,广西大学,2025,重庆,本科提前批B段,物理类,,,560,12327,
4544,北部湾大学,2025,重庆,本科提前批B段,物理类,,,521,48378,
4603,海南热带海洋学院,2025,重庆,本科提前批B段,物理类,,,520,49565,
5003,重庆交通大学,2025,重庆,本科提前批B段,物理类,,,520,30286,
5005,重庆医科大学,2025,重庆,本科提前批B段,物理类,,,551,5983,
5006,西南大学,2025,重庆,本科提前批B段,物理类,,,562,3733,
5007,重庆师范大学,2025,重庆,本科提前批B段,物理类,,,565,9189,
5011,四川外国语大学,2025,重庆,本科提前批B段,物理类,,,498,31746,
5015,重庆理工大学,2025,重庆,本科提前批B段,物理类,,,521,29255,
5122,西南财经大学,2025,重庆,本科提前批B段,物理类,,,594,8369,
5125,西南民族大学,2025,重庆,本科提前批B段,物理类,,,541,27774,
5201,贵州大学,2025,重庆,本科提前批B段,物理类,,,567,19815,
6205,河西学院,2025,重庆,本科提前批B段,物理类,,,550,32260,
6403,北方民族大学,2025,重庆,本科提前批B段,物理类,,,534,38835,
6503,石河子大学,2025,重庆,本科提前批B段,物理类,,,551,31746,
6526,塔里木大学,2025,重庆,本科提前批B段,物理类,,,517,51374,
6537,中国石油大学（北京）克拉玛依校区,2025,重庆,本科提前批B段,物理类,,,554,30286,
1205,中国民航大学,2025,重庆,民航飞行技术批,物理类,,,551,31746,
5135,成都外国语学院,2024,重庆,专科批,体育类（历史）,,,76,,
5117,西华师范大学,2024,重庆,体育本科批,体育类（历史）,,,79,,
4264,咸宁职业技术学院,2024,重庆,体育类专科批,体育类（历史）,,,92,,
5192,四川文化艺术学院,2024,重庆,体育类专科批,体育类（历史）,,,73,3587,
4302,吉首大学,2024,重庆,体育类本科批,体育类（历史）,,,74,,
5114,成都中医药大学,2024,重庆,体育类本科批,体育类（历史）,,,77,,
5137,四川文理学院,2024,重庆,体育类本科批,体育类（历史）,,,76,,
5190,西南财经大学天府学院,2024,重庆,体育类本科批,体育类（历史）,,,73,,
5192,四川文化艺术学院,2024,重庆,体育类本科批,体育类（历史）,,,71,1692,
,成都艺术职业大学,2024,重庆,体育类本科批,体育类（历史）,,,71,,
5135,成都外国语学院,2024,重庆,本科批,体育类（历史）,,,71,,
5184,成都锦城学院,2024,重庆,本科批,体育类（历史）,,,74,,
5135,成都外国语学院,2024,重庆,专科批,体育类（物理）,,,76,,
5117,西华师范大学,2024,重庆,体育本科批,体育类（物理）,,,79,,
4264,咸宁职业技术学院,2024,重庆,体育类专科批,体育类（物理）,,,92,,
5192,四川文化艺术学院,2024,重庆,体育类专科批,体育类（物理）,,,73,3587,
4302,吉首大学,2024,重庆,体育类本科批,体育类（物理）,,,74,,
5114,成都中医药大学,2024,重庆,体育类本科批,体育类（物理）,,,77,,
5137,四川文理学院,2024,重庆,体育类本科批,体育类（物理）,,,76,,
5190,西南财经大学天府学院,2024,重庆,体育类本科批,体育类（物理）,,,73,,
5192,四川文化艺术学院,2024,重庆,体育类本科批,体育类（物理）,,,71,1692,
,成都艺术职业大学,2024,重庆,体育类本科批,体育类（物理）,,,71,,
5135,成都外国语学院,2024,重庆,本科批,体育类（物理）,,,71,,
5184,成都锦城学院,2024,重庆,本科批,体育类（物理）,,,74,,
1166,北京培黎职业学院,2024,重庆,专科批,历史类,,,411,34343,
1223,天津市职业大学,2024,重庆,专科批,历史类,,,440,27138,
1228,天津现代职业技术学院,2024,重庆,专科批,历史类,,,338,38343,
1234,天津交通职业学院,2024,重庆,专科批,历史类,,,406,38343,
1237,天津石油职业技术学院,2024,重庆,专科批,历史类,,,341,52053,
1238,天津国土资源和房屋职业学院,2024,重庆,专科批,历史类,,,328,50367,
1242,天津警察学院,2024,重庆,专科批,历史类,,,406,38343,
1248,天津城市建设管理职业技术学院,2024,重庆,专科批,历史类,,,343,54214,
1253,天津城市职业学院,2024,重庆,专科批,历史类,,,453,21659,
1272,天津铁道职业技术学院,2024,重庆,专科批,历史类,,,415,35989,
1274,天津生物工程职业技术学院,2024,重庆,专科批,历史类,,,344,51591,
1323,邯郸职业技术学院,2024,重庆,专科批,历史类,,,378,45850,
1324,石家庄铁路职业技术学院,2024,重庆,专科批,历史类,,,415,27138,
1326,河北建材职业技术学院,2024,重庆,专科批,历史类,,,304,60514,
1328,河北软件职业技术学院,2024,重庆,专科批,历史类,,,325,58303,
1329,秦皇岛职业技术学院,2024,重庆,专科批,历史类,,,314,58092,
1330,唐山职业技术学院,2024,重庆,专科批,历史类,,,369,30620,
1332,河北旅游职业学院,2024,重庆,专科批,历史类,,,279,55766,
1334,河北化工医药职业技术学院,2024,重庆,专科批,历史类,,,330,51346,
1337,石家庄邮电职业技术学院,2024,重庆,专科批,历史类,,,460,22390,
1341,河北能源职业技术学院,2024,重庆,专科批,历史类,,,318,59602,
1347,河北对外经贸职业学院,2024,重庆,专科批,历史类,,,292,39408,
1349,石家庄工商职业学院,2024,重庆,专科批,历史类,,,229,67739,
1350,河北交通职业技术学院,2024,重庆,专科批,历史类,,,322,55091,
1352,邢台医学院,2024,重庆,专科批,历史类,,,399,32995,
1377,石家庄科技信息职业学院,2024,重庆,专科批,历史类,,,271,42395,
1383,石家庄医学高等专科学校,2024,重庆,专科批,历史类,,,315,42149,
1384,河北司法警官职业学院,2024,重庆,专科批,历史类,,,413,35718,
1392,石家庄人民医学高等专科学校,2024,重庆,专科批,历史类,,,353,42149,
1440,临汾职业技术学院,2024,重庆,专科批,历史类,,,330,47089,
1454,运城护理职业学院,2024,重庆,专科批,历史类,,,368,27446,
1455,运城幼儿师范高等专科学校,2024,重庆,专科批,历史类,,,303,51591,
1464,太原幼儿师范高等专科学校,2024,重庆,专科批,历史类,,,294,63443,
1476,阳泉师范高等专科学校,2024,重庆,专科批,历史类,,,322,54214,
1485,山西卫生健康职业学院,2024,重庆,专科批,历史类,,,385,29528,
1545,满洲里俄语职业学院,2024,重庆,专科批,历史类,,,285,63691,
2132,大连财经学院,2024,重庆,专科批,历史类,,,236,56392,
2134,铁岭师范高等专科学校,2024,重庆,专科批,历史类,,,297,43772,
2135,辽宁省交通高等专科学校,2024,重庆,专科批,历史类,,,368,38072,
2137,大连职业技术学院,2024,重庆,专科批,历史类,,,295,59822,
2140,辽宁机电职业技术学院,2024,重庆,专科批,历史类,,,319,54675,
2142,辽宁广告职业学院,2024,重庆,专科批,历史类,,,180,59427,
2145,锦州师范高等专科学校,2024,重庆,专科批,历史类,,,333,50629,
2146,辽宁农业职业技术学院,2024,重庆,专科批,历史类,,,288,42395,
2149,抚顺职业技术学院,2024,重庆,专科批,历史类,,,283,61179,
2156,辽宁职业学院,2024,重庆,专科批,历史类,,,327,51346,
2171,沈阳职业技术学院,2024,重庆,专科批,历史类,,,298,57669,
2179,朝阳师范学院,2024,重庆,专科批,历史类,,,357,37278,
2184,大连航运职业技术学院,2024,重庆,专科批,历史类,,,265,63798,
2188,沈阳北软信息职业技术学院,2024,重庆,专科批,历史类,,,280,65054,
2191,抚顺师范高等专科学校,2024,重庆,专科批,历史类,,,275,59988,
2192,营口职业技术学院,2024,重庆,专科批,历史类,,,296,48379,
2193,盘锦职业技术学院,2024,重庆,专科批,历史类,,,275,63009,
2196,辽宁何氏医学院,2024,重庆,专科批,历史类,,,295,63300,
2199,大连汽车职业技术学院,2024,重庆,专科批,历史类,,,180,66240,
2226,长春金融高等专科学校,2024,重庆,专科批,历史类,,,363,40215,
2227,长春医学高等专科学校,2024,重庆,专科批,历史类,,,458,19768,
2240,吉林电子信息职业技术学院,2024,重庆,专科批,历史类,,,418,35176,
2245,吉林司法警官职业学院,2024,重庆,专科批,历史类,,,382,44819,
2267,白城职业技术学院,2024,重庆,专科批,历史类,,,320,59247,
2268,长春健康职业学院,2024,重庆,专科批,历史类,,,305,61799,
2321,牡丹江大学,2024,重庆,专科批,历史类,,,285,40777,
2323,黑龙江建筑职业技术学院,2024,重庆,专科批,历史类,,,299,59988,
2325,黑龙江农业工程职业学院,2024,重庆,专科批,历史类,,,309,37034,
2326,黑龙江农垦职业学院,2024,重庆,专科批,历史类,,,305,53269,
2327,哈尔滨铁道职业技术学院,2024,重庆,专科批,历史类,,,351,39137,
2336,黑龙江生态工程职业学院,2024,重庆,专科批,历史类,,,310,61017,
2341,黑龙江农业经济职业学院,2024,重庆,专科批,历史类,,,315,57883,
2342,黑龙江林业职业技术学院,2024,重庆,专科批,历史类,,,245,64515,
2343,哈尔滨职业技术大学,2024,重庆,专科批,历史类,,,340,40215,
2347,黑龙江能源职业学院,2024,重庆,专科批,历史类,,,303,62125,
2351,齐齐哈尔高等师范专科学校,2024,重庆,专科批,历史类,,,339,44025,
2364,黑龙江交通职业技术学院,2024,重庆,专科批,历史类,,,347,25342,
2367,大庆职业学院,2024,重庆,专科批,历史类,,,289,37278,
2368,大兴安岭职业学院,2024,重庆,专科批,历史类,,,303,52053,
2371,大庆医学高等专科学校,2024,重庆,专科批,历史类,,,361,25837,
2373,黑龙江幼儿师范高等专科学校,2024,重庆,专科批,历史类,,,311,56614,
2374,哈尔滨科学技术职业学院,2024,重庆,专科批,历史类,,,288,59988,
2375,佳木斯职业学院,2024,重庆,专科批,历史类,,,267,66158,
2376,黑龙江护理高等专科学校,2024,重庆,专科批,历史类,,,351,34092,
2379,哈尔滨幼儿师范高等专科学校,2024,重庆,专科批,历史类,,,291,45614,
2388,哈尔滨北方航空职业技术学院,2024,重庆,专科批,历史类,,,180,65510,
3122,上海旅游高等专科学校,2024,重庆,专科批,历史类,,,354,39653,
3123,上海济光职业技术学院,2024,重庆,专科批,历史类,,,314,60356,
3124,上海建桥学院,2024,重庆,专科批,历史类,,,315,54675,
3128,上海工艺美术职业学院,2024,重庆,专科批,历史类,,,405,35989,
3129,上海思博职业技术学院,2024,重庆,专科批,历史类,,,180,57449,
3137,上海工商外国语职业学院,2024,重庆,专科批,历史类,,,413,36494,
3149,上海电子信息职业技术学院,2024,重庆,专科批,历史类,,,365,38881,
3152,上海城建职业学院,2024,重庆,专科批,历史类,,,387,36494,
3160,上海出版印刷高等专科学校,2024,重庆,专科批,历史类,,,399,36494,
3161,上海震旦职业学院,2024,重庆,专科批,历史类,,,294,63443,
3173,上海邦德职业技术学院,2024,重庆,专科批,历史类,,,225,55766,
3175,上海中侨职业技术大学,2024,重庆,专科批,历史类,,,236,56392,
3176,上海民航职业技术学院,2024,重庆,专科批,历史类,,,398,36494,
3177,上海科学技术职业学院,2024,重庆,专科批,历史类,,,400,28449,
3238,江苏食品药品职业技术学院,2024,重庆,专科批,历史类,,,330,44025,
3253,江苏农牧科技职业学院,2024,重庆,专科批,历史类,,,385,21659,
3256,苏州百年职业学院,2024,重庆,专科批,历史类,,,180,66910,
3266,常州信息职业技术学院,2024,重庆,专科批,历史类,,,400,34918,
3272,太湖创意职业技术学院,2024,重庆,专科批,历史类,,,273,64177,
3274,江苏农林职业技术学院,2024,重庆,专科批,历史类,,,378,45850,
3278,江南影视艺术职业学院,2024,重庆,专科批,历史类,,,180,68070,
3291,江苏城市职业学院,2024,重庆,专科批,历史类,,,380,29821,
3293,连云港职业技术学院,2024,重庆,专科批,历史类,,,348,53269,
3294,镇江市高等专科学校,2024,重庆,专科批,历史类,,,359,46836,
3299,连云港师范学院,2024,重庆,专科批,历史类,,,404,34638,
3315,浙江工贸职业技术学院,2024,重庆,专科批,历史类,,,398,30620,
3354,浙江商业职业技术学院,2024,重庆,专科批,历史类,,,388,33796,
3355,浙江经济职业技术学院,2024,重庆,专科批,历史类,,,421,32756,
3379,浙江工商职业技术学院,2024,重庆,专科批,历史类,,,398,35176,
3436,马鞍山师范高等专科学校,2024,重庆,专科批,历史类,,,390,42684,
3438,安徽新闻出版职业技术学院,2024,重庆,专科批,历史类,,,350,34092,
3462,安徽审计职业学院,2024,重庆,专科批,历史类,,,399,40215,
3472,合肥通用职业技术学院,2024,重庆,专科批,历史类,,,326,46377,
3479,宣城职业技术学院,2024,重庆,专科批,历史类,,,349,47089,
3517,漳州职业技术学院,2024,重庆,专科批,历史类,,,404,37034,
3518,泉州华光职业学院,2024,重庆,专科批,历史类,,,272,65792,
3523,泉州纺织服装职业学院,2024,重庆,专科批,历史类,,,278,65166,
3531,厦门华天涉外职业技术学院,2024,重庆,专科批,历史类,,,265,64177,
3541,泉州经贸职业技术学院,2024,重庆,专科批,历史类,,,313,58695,
3551,厦门南洋职业学院,2024,重庆,专科批,历史类,,,287,64288,
3563,三明医学科技职业学院,2024,重庆,专科批,历史类,,,319,39932,
3564,泉州轻工职业学院,2024,重庆,专科批,历史类,,,305,53027,
3583,厦门城市职业学院,2024,重庆,专科批,历史类,,,393,35176,
3598,福州软件职业技术学院,2024,重庆,专科批,历史类,,,180,67513,
3614,江西医学高等专科学校,2024,重庆,专科批,历史类,,,386,34343,
3631,九江职业大学,2024,重庆,专科批,历史类,,,367,35455,
3633,江西职业技术大学,2024,重庆,专科批,历史类,,,386,35989,
3634,江西工业职业技术学院,2024,重庆,专科批,历史类,,,331,50629,
3636,南昌理工学院,2024,重庆,专科批,历史类,,,244,55313,
3637,江西司法警官职业学院,2024,重庆,专科批,历史类,,,377,37806,
3638,江西应用科技学院,2024,重庆,专科批,历史类,,,295,63163,
3639,江西电力职业技术学院,2024,重庆,专科批,历史类,,,392,28987,
3641,江西机电职业技术学院,2024,重庆,专科批,历史类,,,313,17286,
3644,江西交通职业技术学院,2024,重庆,专科批,历史类,,,378,45850,
3646,江西财经职业学院,2024,重庆,专科批,历史类,,,345,47862,
3647,江西应用技术职业学院,2024,重庆,专科批,历史类,,,419,34918,
3648,江西现代职业技术学院,2024,重庆,专科批,历史类,,,328,52287,
3649,南昌工学院,2024,重庆,专科批,历史类,,,319,59427,
3650,南昌职业大学,2024,重庆,专科批,历史类,,,227,45361,
3652,江西科技职业学院,2024,重庆,专科批,历史类,,,245,64399,
3655,江西工业贸易职业技术学院,2024,重庆,专科批,历史类,,,333,53269,
3658,江西环境工程职业学院,2024,重庆,专科批,历史类,,,348,53269,
3659,宜春职业技术学院,2024,重庆,专科批,历史类,,,366,38616,
3661,江西建设职业技术学院,2024,重庆,专科批,历史类,,,327,53269,
3664,江西软件职业技术大学,2024,重庆,专科批,历史类,,,180,68070,
3670,抚州医药学院,2024,重庆,专科批,历史类,,,404,35718,
3673,江西信息应用职业技术学院,2024,重庆,专科批,历史类,,,432,31412,
3675,江西工程职业学院,2024,重庆,专科批,历史类,,,312,60687,
3678,赣州师范高等专科学校,2024,重庆,专科批,历史类,,,303,34918,
3682,江西新能源科技职业学院,2024,重庆,专科批,历史类,,,272,61179,
3685,江西工商职业技术学院,2024,重庆,专科批,历史类,,,259,57449,
3688,江西师范高等专科学校,2024,重庆,专科批,历史类,,,418,35176,
3690,江西航空职业技术学院,2024,重庆,专科批,历史类,,,248,61488,
3691,江西枫林涉外经贸职业学院,2024,重庆,专科批,历史类,,,180,68070,
3695,抚州职业技术学院,2024,重庆,专科批,历史类,,,337,47340,
3696,宜春幼儿师范高等专科学校,2024,重庆,专科批,历史类,,,316,41050,
3697,吉安职业技术学院,2024,重庆,专科批,历史类,,,319,37034,
3698,赣南卫生健康职业学院,2024,重庆,专科批,历史类,,,363,36234,
3721,山东水利职业学院,2024,重庆,专科批,历史类,,,299,46377,
3723,山东力明科技职业学院,2024,重庆,专科批,历史类,,,308,44819,
3724,青岛酒店管理职业技术学院,2024,重庆,专科批,历史类,,,316,59988,
3729,青岛求实职业技术学院,2024,重庆,专科批,历史类,,,180,65698,
3731,青岛黄海学院,2024,重庆,专科批,历史类,,,371,46377,
3733,山东畜牧兽医职业学院,2024,重庆,专科批,历史类,,,427,31959,
3736,曲阜远东职业技术学院,2024,重庆,专科批,历史类,,,300,54865,
3737,青岛港湾职业技术学院,2024,重庆,专科批,历史类,,,330,52796,
3746,济宁学院,2024,重庆,专科批,历史类,,,412,36760,
3747,日照职业技术学院,2024,重庆,专科批,历史类,,,416,31959,
3766,齐鲁理工学院,2024,重庆,专科批,历史类,,,314,59247,
3782,山东职业学院,2024,重庆,专科批,历史类,,,414,36234,
3783,山东铝业职业学院,2024,重庆,专科批,历史类,,,299,60173,
3784,山东海事职业学院,2024,重庆,专科批,历史类,,,205,62310,
3786,潍坊科技学院,2024,重庆,专科批,历史类,,,267,65054,
3798,菏泽家政职业学院,2024,重庆,专科批,历史类,,,342,54675,
4126,开封大学,2024,重庆,专科批,历史类,,,381,38343,
4133,焦作大学,2024,重庆,专科批,历史类,,,409,37554,
4135,焦作师范高等专科学校,2024,重庆,专科批,历史类,,,348,53269,
4139,鹤壁职业技术学院,2024,重庆,专科批,历史类,,,303,52287,
4150,漯河职业技术学院,2024,重庆,专科批,历史类,,,316,56392,
4151,三门峡职业技术学院,2024,重庆,专科批,历史类,,,329,39653,
4155,信阳职业技术学院,2024,重庆,专科批,历史类,,,323,44532,
4170,周口职业技术学院,2024,重庆,专科批,历史类,,,250,47089,
4182,开封文化艺术职业学院,2024,重庆,专科批,历史类,,,376,46377,
4186,郑州健康学院,2024,重庆,专科批,历史类,,,381,35989,
4188,安阳幼儿师范高等专科学校,2024,重庆,专科批,历史类,,,305,56201,
4189,河南医学高等专科学校,2024,重庆,专科批,历史类,,,385,44025,
4191,平顶山工业职业技术学院,2024,重庆,专科批,历史类,,,312,59247,
4193,济源职业技术学院,2024,重庆,专科批,历史类,,,317,48134,
4197,河南护理职业学院,2024,重庆,专科批,历史类,,,378,45850,
4239,鄂州职业大学,2024,重庆,专科批,历史类,,,326,41050,
4240,武汉职业技术大学,2024,重庆,专科批,历史类,,,414,26594,
4241,武汉船舶职业技术学院,2024,重庆,专科批,历史类,,,328,34918,
4243,黄冈职业技术学院,2024,重庆,专科批,历史类,,,319,25601,
4244,湖北职业技术学院,2024,重庆,专科批,历史类,,,331,27698,
4247,襄阳职业技术学院,2024,重庆,专科批,历史类,,,412,22632,
4248,恩施职业技术学院,2024,重庆,专科批,历史类,,,315,52053,
4250,武汉生物工程学院,2024,重庆,专科批,历史类,,,310,36494,
4251,湖北交通职业技术学院,2024,重庆,专科批,历史类,,,351,33796,
4252,仙桃职业学院,2024,重庆,专科批,历史类,,,315,44025,
4253,荆州职业技术学院,2024,重庆,专科批,历史类,,,348,46836,
4255,武汉软件工程职业学院,2024,重庆,专科批,历史类,,,418,34638,
4256,武汉电力职业技术学院,2024,重庆,专科批,历史类,,,423,22863,
4257,湖北水利水电职业技术学院,2024,重庆,专科批,历史类,,,381,41619,
4258,武汉商贸职业学院,2024,重庆,专科批,历史类,,,293,61799,
4259,武汉科技职业学院,2024,重庆,专科批,历史类,,,290,61958,
4261,武汉警官职业学院,2024,重庆,专科批,历史类,,,401,20481,
4262,随州职业技术学院,2024,重庆,专科批,历史类,,,304,44532,
4263,武汉交通职业学院,2024,重庆,专科批,历史类,,,361,21912,
4264,咸宁职业技术学院,2024,重庆,专科批,历史类,,,325,33514,
4265,长江工程职业技术学院,2024,重庆,专科批,历史类,,,331,42149,
4267,湖北生态工程职业技术学院,2024,重庆,专科批,历史类,,,346,53027,
4268,湖北生物科技职业学院,2024,重庆,专科批,历史类,,,308,37278,
4274,湖北开放职业学院,2024,重庆,专科批,历史类,,,254,66969,
4276,湖北三峡职业技术学院,2024,重庆,专科批,历史类,,,332,22863,
4278,湖北恩施学院,2024,重庆,专科批,历史类,,,333,49116,
4280,武汉铁路职业技术学院,2024,重庆,专科批,历史类,,,371,17286,
4282,江汉艺术职业学院,2024,重庆,专科批,历史类,,,286,42952,
4285,武汉城市职业学院,2024,重庆,专科批,历史类,,,391,34343,
4286,三峡大学科技学院,2024,重庆,专科批,历史类,,,383,43514,
4289,湖北国土资源职业学院,2024,重庆,专科批,历史类,,,366,45361,
4296,湖北城市建设职业技术学院,2024,重庆,专科批,历史类,,,337,49672,
4299,荆州理工职业学院,2024,重庆,专科批,历史类,,,317,49672,
4330,长沙民政职业技术学院,2024,重庆,专科批,历史类,,,422,16802,
4331,湖南工业职业技术学院,2024,重庆,专科批,历史类,,,307,61488,
4332,湖南信息职业技术学院,2024,重庆,专科批,历史类,,,392,37034,
4335,湖南铁道职业技术学院,2024,重庆,专科批,历史类,,,412,26075,
4336,永州职业技术学院,2024,重庆,专科批,历史类,,,332,19527,
4337,湘潭医卫职业技术学院,2024,重庆,专科批,历史类,,,398,37554,
4338,湖南商务职业技术学院,2024,重庆,专科批,历史类,,,327,56614,
4339,郴州职业技术学院,2024,重庆,专科批,历史类,,,345,50629,
4341,张家界航空工业职业技术学院,2024,重庆,专科批,历史类,,,373,39137,
4342,湖南工程职业技术学院,2024,重庆,专科批,历史类,,,348,36760,
4343,长沙环境保护职业技术学院,2024,重庆,专科批,历史类,,,344,54214,
4348,怀化职业技术学院,2024,重庆,专科批,历史类,,,326,36494,
4351,湖南民族职业学院,2024,重庆,专科批,历史类,,,356,44025,
4355,常德职业技术学院,2024,重庆,专科批,历史类,,,329,39137,
4360,湖南石油化工职业技术学院,2024,重庆,专科批,历史类,,,408,37806,
4363,湖南科技职业学院,2024,重庆,专科批,历史类,,,332,56827,
4364,岳阳职业技术学院,2024,重庆,专科批,历史类,,,387,38616,
4365,长沙南方职业学院,2024,重庆,专科批,历史类,,,205,53027,
4372,湖南大众传媒职业技术学院,2024,重庆,专科批,历史类,,,419,31959,
4373,湖南交通职业技术学院,2024,重庆,专科批,历史类,,,369,48134,
4377,湖南环境生物职业技术学院,2024,重庆,专科批,历史类,,,389,37806,
4378,湖南城建职业技术学院,2024,重庆,专科批,历史类,,,367,48625,
4380,湘西民族职业技术学院,2024,重庆,专科批,历史类,,,327,44532,
4383,湖南高速铁路职业技术学院,2024,重庆,专科批,历史类,,,427,21912,
4389,湖南司法警官职业学院,2024,重庆,专科批,历史类,,,416,35455,
4393,湖南外国语职业学院,2024,重庆,专科批,历史类,,,180,67758,
4396,湖南汽车工程职业大学,2024,重庆,专科批,历史类,,,332,46601,
4419,广东南华工商职业学院,2024,重庆,专科批,历史类,,,350,19768,
4421,广州民航职业技术学院,2024,重庆,专科批,历史类,,,395,17286,
4428,广东亚视演艺职业学院,2024,重庆,专科批,历史类,,,180,53027,
4430,珠海艺术职业学院,2024,重庆,专科批,历史类,,,274,65603,
4437,广东工贸职业技术学院,2024,重庆,专科批,历史类,,,418,35176,
4439,广东轻工职业技术大学,2024,重庆,专科批,历史类,,,410,33796,
4453,茂名职业技术学院,2024,重庆,专科批,历史类,,,324,58491,
4481,广东文理职业学院,2024,重庆,专科批,历史类,,,180,57449,
4483,广东科学技术职业学院,2024,重庆,专科批,历史类,,,394,35176,
4498,广州卫生职业技术学院,2024,重庆,专科批,历史类,,,384,20001,
4499,湛江幼儿师范专科学校,2024,重庆,专科批,历史类,,,239,61179,
4503,桂林理工大学,2024,重庆,专科批,历史类,,,421,29269,
4513,桂林旅游学院,2024,重庆,专科批,历史类,,,420,32756,
4523,广西工业职业技术学院,2024,重庆,专科批,历史类,,,307,51096,
4540,广西国际商务职业技术学院,2024,重庆,专科批,历史类,,,264,61017,
4546,桂林山水职业学院,2024,重庆,专科批,历史类,,,180,62729,
4548,广西英华国际职业学院,2024,重庆,专科批,历史类,,,239,67513,
4551,柳州城市职业学院,2024,重庆,专科批,历史类,,,339,52287,
4553,广西电力职业技术学院,2024,重庆,专科批,历史类,,,379,39408,
4557,梧州职业学院,2024,重庆,专科批,历史类,,,312,50629,
4558,广西机电职业技术学院,2024,重庆,专科批,历史类,,,298,62876,
4560,广西卫生职业技术学院,2024,重庆,专科批,历史类,,,377,31693,
4564,广西幼儿师范高等专科学校,2024,重庆,专科批,历史类,,,321,38072,
4567,广西经济职业学院,2024,重庆,专科批,历史类,,,180,66517,
4571,广西理工职业技术学院,2024,重庆,专科批,历史类,,,180,68070,
4572,广西科技职业学院,2024,重庆,专科批,历史类,,,180,68070,
4575,广西自然资源职业技术学院,2024,重庆,专科批,历史类,,,319,49385,
4576,钦州幼儿师范高等专科学校,2024,重庆,专科批,历史类,,,273,65698,
4579,梧州医学高等专科学校,2024,重庆,专科批,历史类,,,306,51096,
4580,桂林生命与健康职业技术学院,2024,重庆,专科批,历史类,,,285,61179,
4603,海南热带海洋学院,2024,重庆,专科批,历史类,,,406,35455,
4605,海南职业技术学院,2024,重庆,专科批,历史类,,,302,54865,
4606,海口经济学院,2024,重庆,专科批,历史类,,,180,62876,
4607,三亚城市职业学院,2024,重庆,专科批,历史类,,,180,67114,
4608,海南软件职业技术学院,2024,重庆,专科批,历史类,,,320,58856,
4609,海南工商职业学院,2024,重庆,专科批,历史类,,,223,63691,
4611,海南经贸职业技术学院,2024,重庆,专科批,历史类,,,364,35718,
4613,海南外国语职业学院,2024,重庆,专科批,历史类,,,319,57230,
4616,三亚航空旅游职业学院,2024,重庆,专科批,历史类,,,180,59602,
4617,三亚理工职业学院,2024,重庆,专科批,历史类,,,264,63443,
4620,海南科技职业大学,2024,重庆,专科批,历史类,,,180,65166,
4626,三亚中瑞酒店管理职业学院,2024,重庆,专科批,历史类,,,180,58092,
4627,海南健康管理职业技术学院,2024,重庆,专科批,历史类,,,180,67652,
4628,海南卫生健康职业学院,2024,重庆,专科批,历史类,,,412,36760,
5030,重庆电力高等专科学校,2024,重庆,专科批,历史类,,,360,19768,
5031,重庆航天职业技术学院,2024,重庆,专科批,历史类,,,386,28449,
5032,重庆工业职业技术大学,2024,重庆,专科批,历史类,,,394,32756,
5033,重庆工程职业技术学院,2024,重庆,专科批,历史类,,,404,32756,
5034,重庆城市管理职业学院,2024,重庆,专科批,历史类,,,419,23818,
5036,重庆电子科技职业大学,2024,重庆,专科批,历史类,,,415,30867,
5037,重庆信息技术职业学院,2024,重庆,专科批,历史类,,,185,58303,
5038,重庆海联职业技术学院,2024,重庆,专科批,历史类,,,263,58303,
5039,重庆传媒职业学院,2024,重庆,专科批,历史类,,,279,55539,
5040,重庆工商职业学院,2024,重庆,专科批,历史类,,,359,34092,
5041,重庆建筑科技职业学院,2024,重庆,专科批,历史类,,,314,45361,
5042,重庆三峡职业学院,2024,重庆,专科批,历史类,,,357,35176,
5043,重庆工贸职业技术学院,2024,重庆,专科批,历史类,,,338,39408,
5046,重庆财经职业学院,2024,重庆,专科批,历史类,,,352,39408,
5047,重庆水利电力职业技术学院,2024,重庆,专科批,历史类,,,350,38616,
5050,重庆机电职业技术大学,2024,重庆,专科批,历史类,,,350,52796,
5054,重庆城市职业学院,2024,重庆,专科批,历史类,,,353,34638,
5056,重庆应用技术职业学院,2024,重庆,专科批,历史类,,,280,59822,
5058,重庆电讯职业学院,2024,重庆,专科批,历史类,,,195,60514,
5059,重庆三峡医药高等专科学校,2024,重庆,专科批,历史类,,,380,19266,
5060,重庆医药高等专科学校,2024,重庆,专科批,历史类,,,402,18334,
5061,重庆化工职业学院,2024,重庆,专科批,历史类,,,342,42684,
5062,重庆青年职业技术学院,2024,重庆,专科批,历史类,,,342,40485,
5064,重庆科创职业学院,2024,重庆,专科批,历史类,,,288,53972,
5065,重庆建筑工程职业学院,2024,重庆,专科批,历史类,,,351,33796,
5066,重庆能源职业学院,2024,重庆,专科批,历史类,,,221,57449,
5067,重庆商务职业学院,2024,重庆,专科批,历史类,,,355,37806,
5069,重庆交通职业学院,2024,重庆,专科批,历史类,,,302,47089,
5071,重庆旅游职业学院,2024,重庆,专科批,历史类,,,336,43772,
5072,重庆现代制造职业学院,2024,重庆,专科批,历史类,,,185,67477,
5077,重庆五一职业技术学院,2024,重庆,专科批,历史类,,,325,50865,
5078,重庆电信职业学院,2024,重庆,专科批,历史类,,,264,59247,
5079,重庆公共运输职业学院,2024,重庆,专科批,历史类,,,297,47606,
5080,重庆艺术工程职业学院,2024,重庆,专科批,历史类,,,181,59602,
5081,重庆轻工职业学院,2024,重庆,专科批,历史类,,,258,57669,
5082,重庆安全技术职业学院,2024,重庆,专科批,历史类,,,336,49672,
5083,重庆经贸职业学院,2024,重庆,专科批,历史类,,,199,46377,
5084,重庆文化艺术职业学院,2024,重庆,专科批,历史类,,,350,45074,
5085,重庆科技职业学院,2024,重庆,专科批,历史类,,,200,58491,
5086,重庆理工职业学院,2024,重庆,专科批,历史类,,,248,51837,
5087,重庆幼儿师范高等专科学校,2024,重庆,专科批,历史类,,,319,32995,
5088,重庆智能工程职业学院,2024,重庆,专科批,历史类,,,191,58695,
5089,重庆健康职业学院,2024,重庆,专科批,历史类,,,191,65954,
5090,重庆工信职业学院,2024,重庆,专科批,历史类,,,331,37806,
5091,重庆数字产业职业技术学院,2024,重庆,专科批,历史类,,,202,67678,
5093,重庆护理职业学院,2024,重庆,专科批,历史类,,,200,47340,
5099,重庆资源与环境保护职业学院,2024,重庆,专科批,历史类,,,180,54214,
5131,四川传媒学院,2024,重庆,专科批,历史类,,,180,62125,
5133,成都文理学院,2024,重庆,专科批,历史类,,,283,48134,
5135,成都外国语学院,2024,重庆,专科批,历史类,,,212,37034,
5136,电子科技大学成都学院,2024,重庆,专科批,历史类,,,231,50865,
5140,成都纺织高等专科学校,2024,重庆,专科批,历史类,,,356,34918,
5141,民办四川天一学院,2024,重庆,专科批,历史类,,,217,63009,
5143,四川交通职业技术学院,2024,重庆,专科批,历史类,,,406,38343,
5144,达州职业技术学院,2024,重庆,专科批,历史类,,,316,38881,
5145,四川机电职业技术学院,2024,重庆,专科批,历史类,,,363,49672,
5146,四川工程职业技术大学,2024,重庆,专科批,历史类,,,380,31959,
5148,绵阳职业技术学院,2024,重庆,专科批,历史类,,,344,54214,
5149,四川工商职业技术学院,2024,重庆,专科批,历史类,,,319,53027,
5150,四川建筑职业技术学院,2024,重庆,专科批,历史类,,,338,55539,
5152,四川国际标榜职业学院,2024,重庆,专科批,历史类,,,180,59050,
5153,成都农业科技职业学院,2024,重庆,专科批,历史类,,,400,30620,
5154,宜宾职业技术学院,2024,重庆,专科批,历史类,,,262,41896,
5156,四川托普信息技术职业学院,2024,重庆,专科批,历史类,,,222,64041,
5157,四川职业技术学院,2024,重庆,专科批,历史类,,,336,52546,
5159,泸州职业技术学院,2024,重庆,专科批,历史类,,,328,52287,
5160,乐山职业技术学院,2024,重庆,专科批,历史类,,,329,57449,
5161,成都职业技术学院,2024,重庆,专科批,历史类,,,410,35989,
5162,南充职业技术学院,2024,重庆,专科批,历史类,,,324,39408,
5164,四川化工职业技术学院,2024,重庆,专科批,历史类,,,296,63163,
5165,四川航天职业技术学院,2024,重庆,专科批,历史类,,,349,46601,
5168,四川司法警官职业学院,2024,重庆,专科批,历史类,,,387,39137,
5172,自贡职业技术学院,2024,重庆,专科批,历史类,,,247,64288,
5173,雅安职业技术学院,2024,重庆,专科批,历史类,,,350,37806,
5175,四川商务职业学院,2024,重庆,专科批,历史类,,,317,56827,
5177,内江职业技术学院,2024,重庆,专科批,历史类,,,346,53746,
5178,四川现代职业学院,2024,重庆,专科批,历史类,,,180,59247,
5183,广安职业技术学院,2024,重庆,专科批,历史类,,,316,52053,
5184,成都锦城学院,2024,重庆,专科批,历史类,,,332,35455,
5185,四川铁道职业学院,2024,重庆,专科批,历史类,,,474,20710,
5187,四川文化传媒职业学院,2024,重庆,专科批,历史类,,,262,65954,
5188,四川华新现代职业学院,2024,重庆,专科批,历史类,,,180,62876,
5189,四川中医药高等专科学校,2024,重庆,专科批,历史类,,,388,37806,
5190,西南财经大学天府学院,2024,重庆,专科批,历史类,,,214,57883,
5191,四川大学锦江学院,2024,重庆,专科批,历史类,,,243,54214,
5192,四川文化艺术学院,2024,重庆,专科批,历史类,,,180,68070,
5193,四川科技职业学院,2024,重庆,专科批,历史类,,,180,46377,
5194,四川文化产业职业学院,2024,重庆,专科批,历史类,,,336,43212,
5197,四川长江职业学院,2024,重庆,专科批,历史类,,,180,53746,
5198,四川城市职业学院,2024,重庆,专科批,历史类,,,245,64177,
5221,安顺职业技术学院,2024,重庆,专科批,历史类,,,371,47606,
5222,黔东南民族职业技术学院,2024,重庆,专科批,历史类,,,324,25601,
5223,遵义职业技术学院,2024,重庆,专科批,历史类,,,334,53538,
5225,铜仁职业技术大学,2024,重庆,专科批,历史类,,,330,34638,
5226,黔南民族职业技术学院,2024,重庆,专科批,历史类,,,317,57024,
5233,六盘水职业技术学院,2024,重庆,专科批,历史类,,,321,47340,
5235,贵州轻工职业大学,2024,重庆,专科批,历史类,,,369,47606,
5242,贵阳职业技术学院,2024,重庆,专科批,历史类,,,366,35718,
5243,贵州城市职业学院,2024,重庆,专科批,历史类,,,180,61179,
5245,遵义医药高等专科学校,2024,重庆,专科批,历史类,,,410,27138,
5246,毕节职业技术学院,2024,重庆,专科批,历史类,,,314,40777,
5247,贵州经贸职业技术学院,2024,重庆,专科批,历史类,,,294,63443,
5248,贵州工商职业学院,2024,重庆,专科批,历史类,,,264,66396,
5250,毕节工业职业技术学院,2024,重庆,专科批,历史类,,,299,55313,
5251,贵州机电职业技术学院,2024,重庆,专科批,历史类,,,339,37554,
5256,贵阳幼儿师范高等专科学校,2024,重庆,专科批,历史类,,,306,38072,
5258,铜仁幼儿师范高等专科学校,2024,重庆,专科批,历史类,,,289,41050,
5259,毕节医学高等专科学校,2024,重庆,专科批,历史类,,,406,34638,
5261,贵州农业职业学院,2024,重庆,专科批,历史类,,,409,37554,
5262,贵州工程职业学院,2024,重庆,专科批,历史类,,,279,55313,
5265,黔西南民族职业技术学院,2024,重庆,专科批,历史类,,,378,35718,
5266,黔南民族幼儿师范高等专科学校,2024,重庆,专科批,历史类,,,375,46601,
5267,贵州工贸职业学院,2024,重庆,专科批,历史类,,,193,66023,
5269,贵州健康职业学院,2024,重庆,专科批,历史类,,,383,44532,
5273,贵州盛华职业学院,2024,重庆,专科批,历史类,,,256,62729,
5274,毕节幼儿师范高等专科学校,2024,重庆,专科批,历史类,,,306,37034,
5276,六盘水幼儿师范高等专科学校,2024,重庆,专科批,历史类,,,299,62729,
5279,贵州护理职业技术学院,2024,重庆,专科批,历史类,,,377,46080,
5280,贵州财经职业学院,2024,重庆,专科批,历史类,,,326,55091,
5281,贵州民用航空职业学院,2024,重庆,专科批,历史类,,,244,67367,
5282,贵州铜仁数据职业学院,2024,重庆,专科批,历史类,,,210,55539,
5283,贵州传媒职业学院,2024,重庆,专科批,历史类,,,285,61488,
5314,丽江文化旅游学院,2024,重庆,专科批,历史类,,,180,63009,
5320,昆明冶金高等专科学校,2024,重庆,专科批,历史类,,,334,53027,
5324,云南农业职业技术学院,2024,重庆,专科批,历史类,,,286,59602,
5325,云南司法警官职业学院,2024,重庆,专科批,历史类,,,382,43514,
5326,云南经济管理学院,2024,重庆,专科批,历史类,,,236,49385,
5329,云南新兴职业学院,2024,重庆,专科批,历史类,,,180,56827,
5331,云南机电职业技术学院,2024,重庆,专科批,历史类,,,326,58092,
5335,玉溪农业职业技术学院,2024,重庆,专科批,历史类,,,180,68070,
5338,西双版纳职业技术学院,2024,重庆,专科批,历史类,,,303,49672,
5345,云南林业职业技术学院,2024,重庆,专科批,历史类,,,338,32995,
5346,楚雄医药高等专科学校,2024,重庆,专科批,历史类,,,390,42684,
5347,曲靖健康医学院,2024,重庆,专科批,历史类,,,336,38343,
5348,丽江师范学院,2024,重庆,专科批,历史类,,,396,33248,
5350,云南经贸外事职业学院,2024,重庆,专科批,历史类,,,180,65603,
5353,云南城市建设职业学院,2024,重庆,专科批,历史类,,,180,58092,
5361,昭通卫生职业学院,2024,重庆,专科批,历史类,,,315,40485,
5362,大理护理职业学院,2024,重庆,专科批,历史类,,,363,38343,
5365,云南交通运输职业学院,2024,重庆,专科批,历史类,,,336,49672,
5373,保山中医药高等专科学校,2024,重庆,专科批,历史类,,,378,37554,
5374,云南三鑫职业技术学院,2024,重庆,专科批,历史类,,,253,65792,
5375,德宏职业学院,2024,重庆,专科批,历史类,,,374,28221,
5381,昆明卫生职业学院,2024,重庆,专科批,历史类,,,207,39932,
5382,云南财经职业学院,2024,重庆,专科批,历史类,,,317,59822,
5390,云南医药健康职业学院,2024,重庆,专科批,历史类,,,269,42952,
5392,云南商务职业学院,2024,重庆,专科批,历史类,,,180,67477,
5394,云南理工职业学院,2024,重庆,专科批,历史类,,,180,64399,
5406,西藏职业技术学院,2024,重庆,专科批,历史类,,,284,47340,
6138,陕西交通职业技术学院,2024,重庆,专科批,历史类,,,316,34638,
6140,西安航空职业技术学院,2024,重庆,专科批,历史类,,,399,34918,
6142,西安思源学院,2024,重庆,专科批,历史类,,,283,34092,
6143,陕西服装工程学院,2024,重庆,专科批,历史类,,,381,45074,
6145,陕西航空职业技术学院,2024,重庆,专科批,历史类,,,329,45361,
6147,陕西铁路工程职业技术学院,2024,重庆,专科批,历史类,,,435,19266,
6148,陕西警察学院,2024,重庆,专科批,历史类,,,419,26876,
6150,西安海棠职业学院,2024,重庆,专科批,历史类,,,180,62440,
6151,西安汽车职业大学,2024,重庆,专科批,历史类,,,180,66396,
6158,西安工商学院,2024,重庆,专科批,历史类,,,180,59247,
6160,西安城市建设职业学院,2024,重庆,专科批,历史类,,,180,61017,
6168,商洛职业技术学院,2024,重庆,专科批,历史类,,,366,48870,
6169,渭南职业技术学院,2024,重庆,专科批,历史类,,,322,41050,
6170,安康职业技术学院,2024,重庆,专科批,历史类,,,287,45074,
6171,西安职业技术学院,2024,重庆,专科批,历史类,,,316,59988,
6178,陕西工商职业学院,2024,重庆,专科批,历史类,,,315,54675,
6179,陕西能源职业技术学院,2024,重庆,专科批,历史类,,,333,41329,
6181,陕西财经职业技术学院,2024,重庆,专科批,历史类,,,376,46377,
6182,西安信息职业大学,2024,重庆,专科批,历史类,,,180,34092,
6183,西安医学高等专科学校,2024,重庆,专科批,历史类,,,314,35176,
6186,宝鸡职业技术学院,2024,重庆,专科批,历史类,,,342,36760,
6187,延安职业技术学院,2024,重庆,专科批,历史类,,,318,40215,
6188,陕西邮电职业技术学院,2024,重庆,专科批,历史类,,,321,48870,
6189,咸阳职业技术学院,2024,重庆,专科批,历史类,,,281,46080,
6190,铜川职业技术学院,2024,重庆,专科批,历史类,,,310,61017,
6191,陕西旅游烹饪职业学院,2024,重庆,专科批,历史类,,,180,67401,
6199,榆林能源科技职业学院,2024,重庆,专科批,历史类,,,303,57669,
6231,甘肃交通职业技术学院,2024,重庆,专科批,历史类,,,337,46601,
6240,甘肃有色冶金职业技术学院,2024,重庆,专科批,历史类,,,289,63443,
6253,兰州石化职业技术大学,2024,重庆,专科批,历史类,,,379,45614,
6307,青海农牧科技职业学院,2024,重庆,专科批,历史类,,,369,38616,
6513,乌鲁木齐职业大学,2024,重庆,专科批,历史类,,,309,43772,
6516,新疆轻工职业技术学院,2024,重庆,专科批,历史类,,,358,50865,
6530,新疆石河子职业技术学院,2024,重庆,专科批,历史类,,,233,45850,
6532,新疆职业大学,2024,重庆,专科批,历史类,,,260,53746,
6533,巴音郭楞职业技术学院,2024,重庆,专科批,历史类,,,287,42149,
6534,新疆应用职业技术学院,2024,重庆,专科批,历史类,,,271,65419,
6536,新疆警察学院,2024,重庆,专科批,历史类,,,406,35455,
6538,新疆师范高等专科学校,2024,重庆,专科批,历史类,,,337,43212,
6540,新疆生产建设兵团兴新职业技术学院,2024,重庆,专科批,历史类,,,250,67147,
6543,新疆和田学院,2024,重庆,专科批,历史类,,,247,49902,
6545,阿克苏职业技术学院,2024,重庆,专科批,历史类,,,284,64630,
6550,铁门关职业技术学院,2024,重庆,专科批,历史类,,,241,65267,
6551,石河子工程职业技术学院,2024,重庆,专科批,历史类,,,265,55091,
6552,喀什职业技术学院,2024,重庆,专科批,历史类,,,232,46836,
6555,阿勒泰职业技术学院,2024,重庆,专科批,历史类,,,226,67786,
6557,塔里木职业技术学院,2024,重庆,专科批,历史类,,,268,58491,
6558,阿克苏工业职业技术学院,2024,重庆,专科批,历史类,,,262,65267,
6559,新星职业技术学院,2024,重庆,专科批,历史类,,,233,66578,
,三峡旅游职业技术学院,2024,重庆,专科批,历史类,,,330,54865,
1101,北京大学,2024,重庆,本科批,历史类,,,668,61,
1103,中国人民大学,2024,重庆,本科批,历史类,,,653,61,
1104,清华大学,2024,重庆,本科批,历史类,,,673,61,
1105,北京交通大学,2024,重庆,本科批,历史类,,,560,1487,
1106,北京航空航天大学,2024,重庆,本科批,历史类,,,622,636,
1107,北京理工大学,2024,重庆,本科批,历史类,,,612,741,
1108,北京科技大学,2024,重庆,本科批,历史类,,,582,1700,
1109,北方工业大学,2024,重庆,本科批,历史类,,,526,4730,
1110,北京化工大学,2024,重庆,本科批,历史类,,,577,2251,
1113,北京印刷学院,2024,重庆,本科批,历史类,,,540,4304,
1116,中国农业大学,2024,重庆,本科批,历史类,,,572,719,
1117,北京林业大学,2024,重庆,本科批,历史类,,,576,1487,
1118,北京中医药大学,2024,重庆,本科批,历史类,,,576,2321,
1120,首都师范大学,2024,重庆,本科批,历史类,,,572,1930,
1121,首都体育学院,2024,重庆,本科批,历史类,,,516,11743,
1122,北京外国语大学,2024,重庆,本科批,历史类,,,601,558,
1123,北京第二外国语学院,2024,重庆,本科批,历史类,,,520,3667,
1124,北京语言大学,2024,重庆,本科批,历史类,,,570,1808,
1125,中国传媒大学,2024,重庆,本科批,历史类,,,573,686,
1126,中央财经大学,2024,重庆,本科批,历史类,,,623,288,
1127,对外经济贸易大学,2024,重庆,本科批,历史类,,,580,438,
1128,北京物资学院,2024,重庆,本科批,历史类,,,502,4416,
1132,北京体育大学,2024,重庆,本科批,历史类,,,495,2251,
1135,中央美术学院,2024,重庆,本科批,历史类,,,528,4624,
1136,中央戏剧学院,2024,重庆,本科批,历史类,,,555,2677,
1137,中国戏曲学院,2024,重庆,本科批,历史类,,,543,5824,
1138,北京电影学院,2024,重庆,本科批,历史类,,,550,4194,
1140,中央民族大学,2024,重庆,本科批,历史类,,,582,977,
1141,中国政法大学,2024,重庆,本科批,历史类,,,616,166,
1142,华北电力大学（北京）,2024,重庆,本科批,历史类,,,576,2455,
1145,中国矿业大学（北京）,2024,重庆,本科批,历史类,,,583,2607,
1146,中国石油大学（北京）,2024,重庆,本科批,历史类,,,575,3293,
1147,中国地质大学（北京）,2024,重庆,本科批,历史类,,,575,2933,
1148,北京联合大学,2024,重庆,本科批,历史类,,,492,7997,
1149,北京城市学院,2024,重庆,本科批,历史类,,,482,18817,
1151,首都经济贸易大学,2024,重庆,本科批,历史类,,,569,3113,
1153,中华女子学院,2024,重庆,本科批,历史类,,,522,6363,
1168,中国劳动关系学院,2024,重庆,本科批,历史类,,,530,5570,
1188,中国社会科学院大学,2024,重庆,本科批,历史类,,,602,603,
1199,民政职业大学,2024,重庆,本科批,历史类,,,504,12879,
1201,南开大学,2024,重庆,本科批,历史类,,,633,273,
1202,天津大学,2024,重庆,本科批,历史类,,,581,1930,
1203,天津科技大学,2024,重庆,本科批,历史类,,,527,8158,
1205,中国民航大学,2024,重庆,本科批,历史类,,,545,3780,
1208,天津中医药大学,2024,重庆,本科批,历史类,,,555,5449,
1209,天津外国语大学,2024,重庆,本科批,历史类,,,506,4507,
1210,天津商业大学,2024,重庆,本科批,历史类,,,502,6648,
1211,天津财经大学,2024,重庆,本科批,历史类,,,541,2677,
1212,天津体育学院,2024,重庆,本科批,历史类,,,498,15290,
1214,天津美术学院,2024,重庆,本科批,历史类,,,489,14512,
1215,河北工业大学,2024,重庆,本科批,历史类,,,566,3113,
1216,天津城建大学,2024,重庆,本科批,历史类,,,482,10397,
1219,北京科技大学天津学院,2024,重庆,本科批,历史类,,,483,16132,
1220,天津商业大学宝德学院,2024,重庆,本科批,历史类,,,444,18574,
1221,天津医科大学临床医学院,2024,重庆,本科批,历史类,,,485,18107,
1236,天津师范大学,2024,重庆,本科批,历史类,,,463,3572,
1239,天津外国语大学滨海外事学院,2024,重庆,本科批,历史类,,,471,18334,
1246,天津理工大学中环信息学院,2024,重庆,本科批,历史类,,,478,19266,
1250,天津仁爱学院,2024,重庆,本科批,历史类,,,425,24078,
1251,天津职业技术师范大学,2024,重庆,本科批,历史类,,,505,10785,
1252,天津财经大学珠江学院,2024,重庆,本科批,历史类,,,447,18817,
1301,河北工程大学,2024,重庆,本科批,历史类,,,533,8681,
1302,河北地质大学,2024,重庆,本科批,历史类,,,503,10785,
1303,华北电力大学（保定）,2024,重庆,本科批,历史类,,,559,3204,
1304,华北理工大学,2024,重庆,本科批,历史类,,,510,8681,
1305,河北师范大学,2024,重庆,本科批,历史类,,,561,4624,
1307,邢台学院,2024,重庆,本科批,历史类,,,491,13878,
1308,石家庄铁道大学,2024,重庆,本科批,历史类,,,510,4953,
1309,燕山大学,2024,重庆,本科批,历史类,,,548,3983,
1310,华北科技学院,2024,重庆,本科批,历史类,,,495,10207,
1312,北华航天工业学院,2024,重庆,本科批,历史类,,,497,10042,
1314,东北大学秦皇岛分校,2024,重庆,本科批,历史类,,,590,1808,
1315,华北理工大学轻工学院,2024,重庆,本科批,历史类,,,440,29269,
1318,河北金融学院,2024,重庆,本科批,历史类,,,489,12268,
1319,防灾科技学院,2024,重庆,本科批,历史类,,,497,10589,
1339,河北外国语学院,2024,重庆,本科批,历史类,,,446,18107,
1342,河北环境工程学院,2024,重庆,本科批,历史类,,,490,16132,
1343,保定学院,2024,重庆,本科批,历史类,,,493,10984,
1358,河北医科大学,2024,重庆,本科批,历史类,,,546,6648,
1359,河北医科大学临床学院,2024,重庆,本科批,历史类,,,498,15290,
1361,衡水学院,2024,重庆,本科批,历史类,,,513,12268,
1366,石家庄铁道大学四方学院,2024,重庆,本科批,历史类,,,489,17286,
1369,河北大学,2024,重庆,本科批,历史类,,,531,3983,
1372,廊坊师范学院,2024,重庆,本科批,历史类,,,491,15076,
1378,河北地质大学华信学院,2024,重庆,本科批,历史类,,,474,18574,
1381,唐山师范学院,2024,重庆,本科批,历史类,,,492,14087,
1385,保定理工学院,2024,重庆,本科批,历史类,,,434,20963,
1386,河北经贸大学,2024,重庆,本科批,历史类,,,500,6081,
1388,唐山学院,2024,重庆,本科批,历史类,,,504,14087,
1390,河北东方学院,2024,重庆,本科批,历史类,,,458,17907,
1396,张家口学院,2024,重庆,本科批,历史类,,,490,15290,
1399,沧州师范学院,2024,重庆,本科批,历史类,,,501,14692,
1401,太原科技大学,2024,重庆,本科批,历史类,,,506,7698,
1403,太原理工大学,2024,重庆,本科批,历史类,,,564,3032,
1404,山西农业大学,2024,重庆,本科批,历史类,,,504,11930,
1405,山西医科大学,2024,重庆,本科批,历史类,,,508,10397,
1406,山西大同大学,2024,重庆,本科批,历史类,,,532,8846,
1407,忻州师范学院,2024,重庆,本科批,历史类,,,492,12683,
1408,山西财经大学,2024,重庆,本科批,历史类,,,509,2607,
1415,山西应用科技学院,2024,重庆,本科批,历史类,,,452,25342,
1425,山西大学,2024,重庆,本科批,历史类,,,562,2783,
1428,太原学院,2024,重庆,本科批,历史类,,,485,13275,
1430,山西晋中理工学院,2024,重庆,本科批,历史类,,,434,26075,
1433,山西师范大学,2024,重庆,本科批,历史类,,,514,5824,
1434,太原师范学院,2024,重庆,本科批,历史类,,,504,10207,
1439,长治医学院,2024,重庆,本科批,历史类,,,492,12268,
1445,晋中学院,2024,重庆,本科批,历史类,,,507,13481,
1448,吕梁学院,2024,重庆,本科批,历史类,,,493,14692,
1450,山西传媒学院,2024,重庆,本科批,历史类,,,488,14087,
1452,运城职业技术大学,2024,重庆,本科批,历史类,,,429,14692,
1453,晋中信息学院,2024,重庆,本科批,历史类,,,456,18818,
1501,内蒙古大学,2024,重庆,本科批,历史类,,,555,2251,
1502,内蒙古科技大学,2024,重庆,本科批,历史类,,,491,10984,
1509,内蒙古师范大学,2024,重庆,本科批,历史类,,,527,7997,
1513,内蒙古民族大学,2024,重庆,本科批,历史类,,,491,16802,
1514,内蒙古财经大学,2024,重庆,本科批,历史类,,,512,12459,
2104,沈阳理工大学,2024,重庆,本科批,历史类,,,509,8996,
2107,辽宁工程技术大学,2024,重庆,本科批,历史类,,,496,8505,
2110,大连交通大学,2024,重庆,本科批,历史类,,,527,8158,
2111,大连海事大学,2024,重庆,本科批,历史类,,,567,2455,
2121,东北财经大学,2024,重庆,本科批,历史类,,,502,1760,
2125,大连民族大学,2024,重庆,本科批,历史类,,,496,13481,
2129,渤海大学,2024,重庆,本科批,历史类,,,517,10397,
2132,大连财经学院,2024,重庆,本科批,历史类,,,458,17286,
2147,辽宁对外经贸学院,2024,重庆,本科批,历史类,,,428,27698,
2150,辽宁理工学院,2024,重庆,本科批,历史类,,,471,17907,
2151,沈阳城市学院,2024,重庆,本科批,历史类,,,423,32216,
2153,辽宁大学,2024,重庆,本科批,历史类,,,531,2933,
2154,鞍山师范学院,2024,重庆,本科批,历史类,,,522,10589,
2159,沈阳工学院,2024,重庆,本科批,历史类,,,433,31161,
2160,沈阳城市建设学院,2024,重庆,本科批,历史类,,,431,22390,
2166,大连大学,2024,重庆,本科批,历史类,,,541,6363,
2189,沈阳医学院,2024,重庆,本科批,历史类,,,525,10042,
2190,辽宁师范大学,2024,重庆,本科批,历史类,,,497,15495,
2201,吉林大学,2024,重庆,本科批,历史类,,,583,438,
2202,延边大学,2024,重庆,本科批,历史类,,,544,3780,
2203,长春理工大学,2024,重庆,本科批,历史类,,,507,7576,
2204,东北电力大学,2024,重庆,本科批,历史类,,,496,13878,
2208,东北师范大学,2024,重庆,本科批,历史类,,,568,1108,
2211,长春师范大学,2024,重庆,本科批,历史类,,,497,7264,
2212,白城师范学院,2024,重庆,本科批,历史类,,,504,13878,
2213,吉林财经大学,2024,重庆,本科批,历史类,,,492,11161,
2214,吉林农业科技学院,2024,重庆,本科批,历史类,,,495,15910,
2215,长春大学,2024,重庆,本科批,历史类,,,513,12268,
2219,长春财经学院,2024,重庆,本科批,历史类,,,434,23818,
2221,长春建筑学院,2024,重庆,本科批,历史类,,,426,32995,
2233,吉林师范大学,2024,重庆,本科批,历史类,,,489,7113,
2234,长春大学旅游学院,2024,重庆,本科批,历史类,,,423,30347,
2235,长春工业大学人文信息学院,2024,重庆,本科批,历史类,,,425,24831,
2237,吉林师范大学博达学院,2024,重庆,本科批,历史类,,,428,22154,
2243,北华大学,2024,重庆,本科批,历史类,,,508,8349,
2244,吉林外国语大学,2024,重庆,本科批,历史类,,,468,18574,
2247,吉林工商学院,2024,重庆,本科批,历史类,,,492,13089,
2250,长春科技学院,2024,重庆,本科批,历史类,,,428,32216,
2301,黑龙江大学,2024,重庆,本科批,历史类,,,523,3204,
2303,哈尔滨工程大学,2024,重庆,本科批,历史类,,,574,3385,
2304,黑龙江科技大学,2024,重庆,本科批,历史类,,,494,11930,
2305,东北石油大学,2024,重庆,本科批,历史类,,,520,8349,
2306,齐齐哈尔大学,2024,重庆,本科批,历史类,,,504,14087,
2307,东北农业大学,2024,重庆,本科批,历史类,,,560,4416,
2308,东北林业大学,2024,重庆,本科批,历史类,,,560,3572,
2309,哈尔滨医科大学,2024,重庆,本科批,历史类,,,549,6221,
2312,哈尔滨师范大学,2024,重庆,本科批,历史类,,,490,7843,
2313,哈尔滨商业大学,2024,重庆,本科批,历史类,,,498,9165,
2315,哈尔滨理工大学,2024,重庆,本科批,历史类,,,496,13878,
2316,哈尔滨学院,2024,重庆,本科批,历史类,,,491,12087,
2317,黑龙江工程学院,2024,重庆,本科批,历史类,,,491,15290,
2350,绥化学院,2024,重庆,本科批,历史类,,,494,15290,
2352,齐齐哈尔医学院,2024,重庆,本科批,历史类,,,493,13878,
3101,复旦大学,2024,重庆,本科批,历史类,,,659,61,
3102,同济大学,2024,重庆,本科批,历史类,,,631,413,
3105,上海理工大学,2024,重庆,本科批,历史类,,,509,4953,
3106,上海海事大学,2024,重庆,本科批,历史类,,,542,3482,
3107,东华大学,2024,重庆,本科批,历史类,,,578,2111,
3110,华东师范大学,2024,重庆,本科批,历史类,,,617,255,
3111,上海师范大学,2024,重庆,本科批,历史类,,,541,3572,
3112,上海外国语大学,2024,重庆,本科批,历史类,,,600,1016,
3113,上海财经大学,2024,重庆,本科批,历史类,,,618,273,
3114,上海对外经贸大学,2024,重庆,本科批,历史类,,,538,2861,
3115,华东政法大学,2024,重庆,本科批,历史类,,,578,558,
3119,上海大学,2024,重庆,本科批,历史类,,,578,1552,
3121,上海海关学院,2024,重庆,本科批,历史类,,,575,3293,
3124,上海建桥学院,2024,重庆,本科批,历史类,,,429,24078,
3132,上海海洋大学,2024,重庆,本科批,历史类,,,556,5313,
3133,上海商学院,2024,重庆,本科批,历史类,,,516,5449,
3140,上海政法学院,2024,重庆,本科批,历史类,,,526,3113,
3141,上海视觉艺术学院,2024,重庆,本科批,历史类,,,451,26339,
3144,上海杉达学院,2024,重庆,本科批,历史类,,,480,19266,
3147,上海立信会计金融学院,2024,重庆,本科批,历史类,,,528,4194,
3175,上海中侨职业技术大学,2024,重庆,本科批,历史类,,,425,19527,
3178,上海外国语大学贤达经济人文学院,2024,重庆,本科批,历史类,,,430,17047,
3179,复旦大学上海医学院,2024,重庆,本科批,历史类,,,604,1339,
3201,南京大学,2024,重庆,本科批,历史类,,,647,107,
3202,苏州大学,2024,重庆,本科批,历史类,,,588,773,
3203,东南大学,2024,重庆,本科批,历史类,,,609,719,
3206,江苏科技大学,2024,重庆,本科批,历史类,,,531,8349,
3207,中国矿业大学,2024,重庆,本科批,历史类,,,571,1992,
3208,南京工业大学,2024,重庆,本科批,历史类,,,540,6363,
3209,常州大学,2024,重庆,本科批,历史类,,,521,8681,
3211,河海大学,2024,重庆,本科批,历史类,,,579,1700,
3212,金陵科技学院,2024,重庆,本科批,历史类,,,505,8505,
3213,江南大学,2024,重庆,本科批,历史类,,,567,2047,
3215,江苏大学,2024,重庆,本科批,历史类,,,563,3293,
3219,中国药科大学,2024,重庆,本科批,历史类,,,571,3204,
3221,盐城师范学院,2024,重庆,本科批,历史类,,,490,9343,
3222,南京财经大学,2024,重庆,本科批,历史类,,,546,3482,
3223,南京艺术学院,2024,重庆,本科批,历史类,,,525,6081,
3224,淮阴工学院,2024,重庆,本科批,历史类,,,488,17503,
3226,南京审计大学,2024,重庆,本科批,历史类,,,566,1700,
3227,江苏海洋大学,2024,重庆,本科批,历史类,,,491,10984,
3228,南京工程学院,2024,重庆,本科批,历史类,,,504,13275,
3229,苏州科技大学,2024,重庆,本科批,历史类,,,530,5313,
3231,南通大学,2024,重庆,本科批,历史类,,,535,7265,
3232,徐州工程学院,2024,重庆,本科批,历史类,,,497,10589,
3233,南京传媒学院,2024,重庆,本科批,历史类,,,475,19768,
3240,南京特殊教育师范学院,2024,重庆,本科批,历史类,,,498,10984,
3242,无锡太湖学院,2024,重庆,本科批,历史类,,,437,22154,
3244,东南大学成贤学院,2024,重庆,本科批,历史类,,,483,17047,
3245,南京工业职业技术大学,2024,重庆,本科批,历史类,,,494,13089,
3248,中国矿业大学徐海学院,2024,重庆,本科批,历史类,,,483,17907,
3249,南京师范大学,2024,重庆,本科批,历史类,,,591,1062,
3251,扬州大学,2024,重庆,本科批,历史类,,,571,2395,
3257,无锡学院,2024,重庆,本科批,历史类,,,513,12268,
3259,南京审计大学金审学院,2024,重庆,本科批,历史类,,,481,14512,
3261,苏州工学院,2024,重庆,本科批,历史类,,,502,9838,
3265,江苏理工学院,2024,重庆,本科批,历史类,,,508,13275,
3268,南京工业大学浦江学院,2024,重庆,本科批,历史类,,,461,20249,
3270,江苏大学京江学院,2024,重庆,本科批,历史类,,,465,19266,
3275,西交利物浦大学,2024,重庆,本科批,历史类,,,535,6509,
3282,南京航空航天大学金城学院,2024,重庆,本科批,历史类,,,474,20710,
3284,南京晓庄学院,2024,重庆,本科批,历史类,,,498,7407,
3297,三江学院,2024,重庆,本科批,历史类,,,442,20963,
3301,浙江大学,2024,重庆,本科批,历史类,,,651,126,
3302,杭州电子科技大学,2024,重庆,本科批,历史类,,,545,5185,
3304,浙江理工大学,2024,重庆,本科批,历史类,,,546,6648,
3305,浙江农林大学,2024,重庆,本科批,历史类,,,531,6509,
3306,杭州师范大学,2024,重庆,本科批,历史类,,,524,8681,
3308,浙江工商大学,2024,重庆,本科批,历史类,,,552,1760,
3309,中国美术学院,2024,重庆,本科批,历史类,,,573,3482,
3311,浙江万里学院,2024,重庆,本科批,历史类,,,483,12459,
3312,宁波大学,2024,重庆,本科批,历史类,,,522,1700,
3313,浙江传媒学院,2024,重庆,本科批,历史类,,,529,3780,
3320,绍兴文理学院,2024,重庆,本科批,历史类,,,484,18334,
3325,浙江师范大学,2024,重庆,本科批,历史类,,,509,2111,
3327,宁波诺丁汉大学,2024,重庆,本科批,历史类,,,538,5941,
3328,温州大学,2024,重庆,本科批,历史类,,,556,4194,
3331,丽水学院,2024,重庆,本科批,历史类,,,490,17047,
3332,宁波工程学院,2024,重庆,本科批,历史类,,,497,14284,
3344,嘉兴南湖学院,2024,重庆,本科批,历史类,,,519,6221,
3350,湖州学院,2024,重庆,本科批,历史类,,,490,17047,
3357,温州肯恩大学,2024,重庆,本科批,历史类,,,499,12459,
3359,浙江工商大学杭州商学院,2024,重庆,本科批,历史类,,,476,16570,
3361,浙江财经大学,2024,重庆,本科批,历史类,,,565,3667,
3362,温州商学院,2024,重庆,本科批,历史类,,,495,15910,
3403,安徽工业大学,2024,重庆,本科批,历史类,,,514,10042,
3405,安徽农业大学,2024,重庆,本科批,历史类,,,524,9838,
3406,淮北师范大学,2024,重庆,本科批,历史类,,,539,6363,
3407,安徽财经大学,2024,重庆,本科批,历史类,,,534,4097,
3423,安徽建筑大学,2024,重庆,本科批,历史类,,,497,8505,
3440,安徽师范大学,2024,重庆,本科批,历史类,,,509,4194,
3446,合肥大学,2024,重庆,本科批,历史类,,,500,9504,
3448,安徽大学,2024,重庆,本科批,历史类,,,563,2861,
3449,亳州学院,2024,重庆,本科批,历史类,,,492,15290,
3452,合肥工业大学（宣城校区）,2024,重庆,本科批,历史类,,,564,4416,
3453,阜阳师范大学,2024,重庆,本科批,历史类,,,515,7113,
3455,安庆师范大学,2024,重庆,本科批,历史类,,,503,14284,
3501,厦门大学,2024,重庆,本科批,历史类,,,590,190,
3502,华侨大学,2024,重庆,本科批,历史类,,,516,3780,
3503,福州大学,2024,重庆,本科批,历史类,,,567,2251,
3506,福建师范大学,2024,重庆,本科批,历史类,,,526,9343,
3508,莆田学院,2024,重庆,本科批,历史类,,,488,12087,
3509,仰恩大学,2024,重庆,本科批,历史类,,,457,24831,
3510,集美大学,2024,重庆,本科批,历史类,,,525,4416,
3511,厦门大学嘉庚学院,2024,重庆,本科批,历史类,,,482,16802,
3513,集美大学诚毅学院,2024,重庆,本科批,历史类,,,478,14880,
3514,武夷学院,2024,重庆,本科批,历史类,,,490,15076,
3535,厦门理工学院,2024,重庆,本科批,历史类,,,516,10042,
3538,福建师范大学协和学院,2024,重庆,本科批,历史类,,,474,17503,
3540,福州外语外贸学院,2024,重庆,本科批,历史类,,,425,24078,
3547,福州大学至诚学院,2024,重庆,本科批,历史类,,,475,20249,
3553,三明学院,2024,重庆,本科批,历史类,,,492,11930,
3554,福建江夏学院,2024,重庆,本科批,历史类,,,499,12879,
3555,泉州师范学院,2024,重庆,本科批,历史类,,,502,12087,
3562,厦门工学院,2024,重庆,本科批,历史类,,,428,20710,
3569,福建技术师范学院,2024,重庆,本科批,历史类,,,491,12879,
3577,龙岩学院,2024,重庆,本科批,历史类,,,490,17047,
3584,闽江学院,2024,重庆,本科批,历史类,,,502,12087,
3604,江西理工大学,2024,重庆,本科批,历史类,,,515,7576,
3605,景德镇陶瓷大学,2024,重庆,本科批,历史类,,,530,6814,
3606,江西农业大学,2024,重庆,本科批,历史类,,,520,10984,
3607,江西中医药大学,2024,重庆,本科批,历史类,,,509,8349,
3608,赣南医科大学,2024,重庆,本科批,历史类,,,501,9672,
3609,江西师范大学,2024,重庆,本科批,历史类,,,483,4097,
3610,上饶师范学院,2024,重庆,本科批,历史类,,,484,11743,
3611,赣南师范大学,2024,重庆,本科批,历史类,,,523,5687,
3612,井冈山大学,2024,重庆,本科批,历史类,,,499,7843,
3613,江西财经大学,2024,重庆,本科批,历史类,,,526,1760,
3615,江西科技师范大学,2024,重庆,本科批,历史类,,,511,7997,
3616,江西水利电力大学,2024,重庆,本科批,历史类,,,493,11548,
3617,南昌大学,2024,重庆,本科批,历史类,,,557,2186,
3618,宜春学院,2024,重庆,本科批,历史类,,,514,12087,
3619,九江学院,2024,重庆,本科批,历史类,,,492,15290,
3621,江西师范大学科学技术学院,2024,重庆,本科批,历史类,,,488,17503,
3622,南昌交通学院,2024,重庆,本科批,历史类,,,442,22863,
3623,赣南科技学院,2024,重庆,本科批,历史类,,,491,16570,
3626,南昌医学院,2024,重庆,本科批,历史类,,,538,7843,
3629,景德镇学院,2024,重庆,本科批,历史类,,,507,11930,
3630,萍乡学院,2024,重庆,本科批,历史类,,,491,15076,
3632,新余学院,2024,重庆,本科批,历史类,,,492,11743,
3635,江西科技学院,2024,重庆,本科批,历史类,,,448,24590,
3636,南昌理工学院,2024,重庆,本科批,历史类,,,429,19768,
3638,江西应用科技学院,2024,重庆,本科批,历史类,,,430,28449,
3649,南昌工学院,2024,重庆,本科批,历史类,,,440,22390,
3650,南昌职业大学,2024,重庆,本科批,历史类,,,432,29269,
3651,江西服装学院,2024,重庆,本科批,历史类,,,429,30620,
3657,江西工程学院,2024,重庆,本科批,历史类,,,473,19034,
3660,江西农业大学南昌商学院,2024,重庆,本科批,历史类,,,469,18574,
3668,南昌应用技术师范学院,2024,重庆,本科批,历史类,,,459,20249,
3672,江西警察学院,2024,重庆,本科批,历史类,,,537,7997,
3679,江西财经大学现代经济管理学院,2024,重庆,本科批,历史类,,,482,16132,
3699,南昌师范学院,2024,重庆,本科批,历史类,,,511,12683,
3701,山东大学,2024,重庆,本科批,历史类,,,609,505,
3702,中国海洋大学,2024,重庆,本科批,历史类,,,573,977,
3706,山东建筑大学,2024,重庆,本科批,历史类,,,509,13089,
3709,临沂大学,2024,重庆,本科批,历史类,,,541,7407,
3710,泰山学院,2024,重庆,本科批,历史类,,,488,17503,
3711,山东财经大学,2024,重庆,本科批,历史类,,,522,3482,
3713,烟台大学,2024,重庆,本科批,历史类,,,537,5449,
3714,山东交通学院,2024,重庆,本科批,历史类,,,488,15290,
3715,山东工商学院,2024,重庆,本科批,历史类,,,487,5941,
3716,山东第一医科大学,2024,重庆,本科批,历史类,,,507,13481,
3717,潍坊学院,2024,重庆,本科批,历史类,,,502,12879,
3718,山东大学（威海）,2024,重庆,本科批,历史类,,,600,1062,
3728,青岛恒星科技学院,2024,重庆,本科批,历史类,,,431,25099,
3730,山东现代学院,2024,重庆,本科批,历史类,,,427,27446,
3731,青岛黄海学院,2024,重庆,本科批,历史类,,,440,25837,
3732,青岛理工大学,2024,重庆,本科批,历史类,,,502,6081,
3738,济南大学,2024,重庆,本科批,历史类,,,518,4507,
3739,山东理工大学,2024,重庆,本科批,历史类,,,519,7264,
3740,山东师范大学,2024,重庆,本科批,历史类,,,478,2783,
3742,山东农业大学,2024,重庆,本科批,历史类,,,513,5824,
3744,聊城大学,2024,重庆,本科批,历史类,,,538,7576,
3745,鲁东大学,2024,重庆,本科批,历史类,,,493,13089,
3746,济宁学院,2024,重庆,本科批,历史类,,,491,16802,
3748,青岛城市学院,2024,重庆,本科批,历史类,,,426,22863,
3751,山东财经大学东方学院,2024,重庆,本科批,历史类,,,443,21912,
3752,齐鲁工业大学,2024,重庆,本科批,历史类,,,500,10984,
3753,曲阜师范大学,2024,重庆,本科批,历史类,,,511,6648,
3754,山东航空学院,2024,重庆,本科批,历史类,,,504,14087,
3756,山东石油化工学院,2024,重庆,本科批,历史类,,,493,16343,
3759,齐鲁医药学院,2024,重庆,本科批,历史类,,,471,14692,
3761,青岛大学,2024,重庆,本科批,历史类,,,526,3780,
3763,青岛工学院,2024,重庆,本科批,历史类,,,445,26594,
3766,齐鲁理工学院,2024,重庆,本科批,历史类,,,428,32498,
3772,山东英才学院,2024,重庆,本科批,历史类,,,426,32995,
3780,山东协和学院,2024,重庆,本科批,历史类,,,459,20481,
3786,潍坊科技学院,2024,重庆,本科批,历史类,,,442,23350,
4102,郑州大学,2024,重庆,本科批,历史类,,,575,1760,
4103,河南理工大学,2024,重庆,本科批,历史类,,,510,7407,
4104,郑州轻工业大学,2024,重庆,本科批,历史类,,,508,8681,
4105,河南工业大学,2024,重庆,本科批,历史类,,,512,5824,
4106,河南科技大学,2024,重庆,本科批,历史类,,,534,8505,
4108,河南农业大学,2024,重庆,本科批,历史类,,,516,10589,
4109,河南中医药大学,2024,重庆,本科批,历史类,,,505,13878,
4111,许昌学院,2024,重庆,本科批,历史类,,,481,19034,
4112,南阳师范学院,2024,重庆,本科批,历史类,,,508,13275,
4113,商丘师范学院,2024,重庆,本科批,历史类,,,491,10984,
4114,郑州航空工业管理学院,2024,重庆,本科批,历史类,,,492,13481,
4115,安阳工学院,2024,重庆,本科批,历史类,,,490,17047,
4116,南阳理工学院,2024,重庆,本科批,历史类,,,493,14284,
4117,河南城建学院,2024,重庆,本科批,历史类,,,494,16132,
4119,郑州工商学院,2024,重庆,本科批,历史类,,,474,17047,
4123,河南牧业经济学院,2024,重庆,本科批,历史类,,,489,15693,
4125,郑州工程技术学院,2024,重庆,本科批,历史类,,,494,15076,
4127,洛阳理工学院,2024,重庆,本科批,历史类,,,494,12683,
4129,信阳农林学院,2024,重庆,本科批,历史类,,,489,17047,
4142,洛阳师范学院,2024,重庆,本科批,历史类,,,497,12683,
4143,郑州财经学院,2024,重庆,本科批,历史类,,,483,17503,
4146,平顶山学院,2024,重庆,本科批,历史类,,,489,16802,
4147,安阳师范学院,2024,重庆,本科批,历史类,,,503,11743,
4149,河南大学,2024,重庆,本科批,历史类,,,543,3385,
4152,郑州工业应用技术学院,2024,重庆,本科批,历史类,,,449,26876,
4158,黄淮学院,2024,重庆,本科批,历史类,,,485,16343,
4159,郑州师范学院,2024,重庆,本科批,历史类,,,499,15076,
4164,河南财经政法大学,2024,重庆,本科批,历史类,,,517,4194,
4165,河南财政金融学院,2024,重庆,本科批,历史类,,,491,9672,
4167,河南工程学院,2024,重庆,本科批,历史类,,,494,11161,
4168,河南科技学院,2024,重庆,本科批,历史类,,,515,10397,
4169,信阳师范大学,2024,重庆,本科批,历史类,,,497,15495,
4173,河南师范大学,2024,重庆,本科批,历史类,,,540,7576,
4174,郑州商学院,2024,重庆,本科批,历史类,,,472,17907,
4201,武汉大学,2024,重庆,本科批,历史类,,,637,159,
4202,武汉工程大学,2024,重庆,本科批,历史类,,,542,4833,
4203,中国地质大学（武汉）,2024,重庆,本科批,历史类,,,573,3113,
4205,武汉轻工大学,2024,重庆,本科批,历史类,,,535,8349,
4207,华中农业大学,2024,重庆,本科批,历史类,,,569,2933,
4208,华中师范大学,2024,重庆,本科批,历史类,,,582,741,
4209,湖北师范大学,2024,重庆,本科批,历史类,,,531,5941,
4210,湖北大学,2024,重庆,本科批,历史类,,,550,3385,
4211,湖北民族大学,2024,重庆,本科批,历史类,,,475,8846,
4212,湖北文理学院,2024,重庆,本科批,历史类,,,510,8996,
4213,武汉体育学院,2024,重庆,本科批,历史类,,,492,12683,
4215,中南民族大学,2024,重庆,本科批,历史类,,,526,3880,
4216,湖北汽车工业学院,2024,重庆,本科批,历史类,,,486,17503,
4218,湖北理工学院,2024,重庆,本科批,历史类,,,498,13275,
4220,湖北中医药大学,2024,重庆,本科批,历史类,,,523,10397,
4221,武汉科技大学,2024,重庆,本科批,历史类,,,550,5570,
4222,三峡大学,2024,重庆,本科批,历史类,,,533,8349,
4223,中南财经政法大学,2024,重庆,本科批,历史类,,,526,660,
4224,华中科技大学,2024,重庆,本科批,历史类,,,605,466,
4225,武汉理工大学,2024,重庆,本科批,历史类,,,571,3032,
4227,武昌理工学院,2024,重庆,本科批,历史类,,,450,26594,
4229,长江大学,2024,重庆,本科批,历史类,,,532,4624,
4231,湖北商贸学院,2024,重庆,本科批,历史类,,,444,23099,
4235,武汉纺织大学外经贸学院,2024,重庆,本科批,历史类,,,445,27944,
4236,武汉工商学院,2024,重庆,本科批,历史类,,,474,19034,
4250,武汉生物工程学院,2024,重庆,本科批,历史类,,,460,19527,
4266,江汉大学,2024,重庆,本科批,历史类,,,520,10984,
4270,湖北第二师范学院,2024,重庆,本科批,历史类,,,510,8681,
4275,武汉华夏理工学院,2024,重庆,本科批,历史类,,,460,23099,
4278,湖北恩施学院,2024,重庆,本科批,历史类,,,462,23571,
4279,武汉城市学院,2024,重庆,本科批,历史类,,,440,22154,
4281,湖北工业大学工程技术学院,2024,重庆,本科批,历史类,,,455,21912,
4284,湖北经济学院,2024,重庆,本科批,历史类,,,494,7698,
4286,三峡大学科技学院,2024,重庆,本科批,历史类,,,473,15495,
4294,湖北大学知行学院,2024,重庆,本科批,历史类,,,462,14512,
4295,武汉商学院,2024,重庆,本科批,历史类,,,500,12087,
4298,湖北科技学院,2024,重庆,本科批,历史类,,,499,13275,
4301,湘潭大学,2024,重庆,本科批,历史类,,,555,3113,
4302,吉首大学,2024,重庆,本科批,历史类,,,509,10984,
4303,湖南大学,2024,重庆,本科批,历史类,,,590,636,
4304,湖南农业大学,2024,重庆,本科批,历史类,,,496,5570,
4305,中南林业科技大学,2024,重庆,本科批,历史类,,,507,6648,
4306,湖南中医药大学,2024,重庆,本科批,历史类,,,505,5313,
4307,湖南理工学院,2024,重庆,本科批,历史类,,,484,10984,
4308,衡阳师范学院,2024,重庆,本科批,历史类,,,497,8996,
4309,怀化学院,2024,重庆,本科批,历史类,,,499,12268,
4310,湖南文理学院,2024,重庆,本科批,历史类,,,512,10042,
4311,湖南科技学院,2024,重庆,本科批,历史类,,,494,13677,
4312,湖南工商大学,2024,重庆,本科批,历史类,,,521,5687,
4313,湖南工业大学,2024,重庆,本科批,历史类,,,503,10589,
4314,南华大学,2024,重庆,本科批,历史类,,,538,4953,
4315,中南大学,2024,重庆,本科批,历史类,,,604,773,
4316,湖南工程学院,2024,重庆,本科批,历史类,,,498,14880,
4317,邵阳学院,2024,重庆,本科批,历史类,,,495,14512,
4318,湖南城市学院,2024,重庆,本科批,历史类,,,491,14087,
4320,长沙理工大学,2024,重庆,本科批,历史类,,,541,3572,
4321,湖南科技大学,2024,重庆,本科批,历史类,,,531,4194,
4322,湘南学院,2024,重庆,本科批,历史类,,,509,8996,
4323,长沙理工大学城南学院,2024,重庆,本科批,历史类,,,489,15910,
4324,南华大学船山学院,2024,重庆,本科批,历史类,,,484,18334,
4327,湖南财政经济学院,2024,重庆,本科批,历史类,,,509,8681,
4334,湖南涉外经济学院,2024,重庆,本科批,历史类,,,424,21912,
4349,湖南女子学院,2024,重庆,本科批,历史类,,,492,16343,
4356,湖南应用技术学院,2024,重庆,本科批,历史类,,,469,18817,
4357,衡阳师范学院南岳学院,2024,重庆,本科批,历史类,,,485,14512,
4361,中南林业科技大学涉外学院,2024,重庆,本科批,历史类,,,478,19266,
4362,常德学院,2024,重庆,本科批,历史类,,,475,16802,
4367,湖南师范大学,2024,重庆,本科批,历史类,,,560,1552,
4376,湖南科技大学潇湘学院,2024,重庆,本科批,历史类,,,483,15495,
4386,长沙学院,2024,重庆,本科批,历史类,,,498,8349,
4392,长沙师范学院,2024,重庆,本科批,历史类,,,510,12879,
4401,中山大学,2024,重庆,本科批,历史类,,,621,273,
4402,暨南大学,2024,重庆,本科批,历史类,,,576,1487,
4403,华南理工大学,2024,重庆,本科批,历史类,,,599,660,
4405,广东海洋大学,2024,重庆,本科批,历史类,,,525,4194,
4406,广州中医药大学,2024,重庆,本科批,历史类,,,515,1552,
4407,广州大学,2024,重庆,本科批,历史类,,,557,3572,
4409,五邑大学,2024,重庆,本科批,历史类,,,549,6221,
4410,广东金融学院,2024,重庆,本科批,历史类,,,526,7264,
4412,东莞理工学院,2024,重庆,本科批,历史类,,,510,12683,
4413,广东外语外贸大学,2024,重庆,本科批,历史类,,,525,3667,
4414,广东工业大学,2024,重庆,本科批,历史类,,,525,5570,
4418,广东培正学院,2024,重庆,本科批,历史类,,,424,29269,
4431,深圳大学,2024,重庆,本科批,历史类,,,580,1339,
4435,韶关学院,2024,重庆,本科批,历史类,,,496,15693,
4436,珠海科技学院,2024,重庆,本科批,历史类,,,458,18107,
4443,广州商学院,2024,重庆,本科批,历史类,,,425,20963,
4447,华南师范大学,2024,重庆,本科批,历史类,,,569,1760,
4450,广东医科大学,2024,重庆,本科批,历史类,,,522,10042,
4456,嘉应学院,2024,重庆,本科批,历史类,,,494,15910,
4461,广州城市理工学院,2024,重庆,本科批,历史类,,,447,20001,
4462,广州南方学院,2024,重庆,本科批,历史类,,,463,20481,
4464,广州华立学院,2024,重庆,本科批,历史类,,,431,30867,
4468,北师香港浸会大学,2024,重庆,本科批,历史类,,,526,8846,
4469,广东财经大学,2024,重庆,本科批,历史类,,,553,3572,
4470,广州软件学院,2024,重庆,本科批,历史类,,,436,25099,
4471,广东外语外贸大学南国商学院,2024,重庆,本科批,历史类,,,430,19527,
4472,华南农业大学珠江学院,2024,重庆,本科批,历史类,,,441,28449,
4479,湛江科技学院,2024,重庆,本科批,历史类,,,425,28449,
4485,广州新华学院,2024,重庆,本科批,历史类,,,441,18817,
4487,岭南师范学院,2024,重庆,本科批,历史类,,,502,10042,
4489,哈尔滨工业大学（深圳）,2024,重庆,本科批,历史类,,,613,438,
4490,佛山大学,2024,重庆,本科批,历史类,,,501,14692,
4497,汕头大学,2024,重庆,本科批,历史类,,,524,3780,
4502,桂林电子科技大学,2024,重庆,本科批,历史类,,,513,7576,
4503,桂林理工大学,2024,重庆,本科批,历史类,,,502,13275,
4504,广西师范大学,2024,重庆,本科批,历史类,,,505,3667,
4505,河池学院,2024,重庆,本科批,历史类,,,495,13677,
4510,广西财经学院,2024,重庆,本科批,历史类,,,494,12268,
4511,广西科技师范学院,2024,重庆,本科批,历史类,,,496,12879,
4512,桂林航天工业学院,2024,重庆,本科批,历史类,,,493,15910,
4513,桂林旅游学院,2024,重庆,本科批,历史类,,,489,16570,
4514,南宁学院,2024,重庆,本科批,历史类,,,436,24590,
4525,贺州学院,2024,重庆,本科批,历史类,,,494,15693,
4527,广西大学,2024,重庆,本科批,历史类,,,573,3482,
4531,梧州学院,2024,重庆,本科批,历史类,,,492,12683,
4539,南宁师范大学,2024,重庆,本科批,历史类,,,526,6962,
4542,广西外国语学院,2024,重庆,本科批,历史类,,,429,25601,
4543,广西民族大学,2024,重庆,本科批,历史类,,,488,6221,
4544,北部湾大学,2024,重庆,本科批,历史类,,,498,12087,
4547,南宁理工学院,2024,重庆,本科批,历史类,,,428,24333,
4550,桂林信息科技学院,2024,重庆,本科批,历史类,,,425,31693,
4552,百色学院,2024,重庆,本科批,历史类,,,492,13878,
4566,右江民族医学院,2024,重庆,本科批,历史类,,,517,11548,
4602,海南大学,2024,重庆,本科批,历史类,,,496,2320,
4603,海南热带海洋学院,2024,重庆,本科批,历史类,,,486,13878,
4604,海南师范大学,2024,重庆,本科批,历史类,,,451,5185,
4606,海口经济学院,2024,重庆,本科批,历史类,,,428,31959,
4612,琼台师范学院,2024,重庆,本科批,历史类,,,490,12087,
4614,海南医科大学,2024,重庆,本科批,历史类,,,504,14087,
4615,三亚学院,2024,重庆,本科批,历史类,,,431,24078,
4620,海南科技职业大学,2024,重庆,本科批,历史类,,,431,19768,
5001,重庆大学,2024,重庆,本科批,历史类,,,592,939,
5002,重庆邮电大学,2024,重庆,本科批,历史类,,,482,6363,
5003,重庆交通大学,2024,重庆,本科批,历史类,,,513,6509,
5005,重庆医科大学,2024,重庆,本科批,历史类,,,525,9838,
5006,西南大学,2024,重庆,本科批,历史类,,,563,1651,
5007,重庆师范大学,2024,重庆,本科批,历史类,,,469,3780,
5008,重庆文理学院,2024,重庆,本科批,历史类,,,483,8846,
5009,重庆三峡学院,2024,重庆,本科批,历史类,,,491,10397,
5010,长江师范学院,2024,重庆,本科批,历史类,,,493,10397,
5011,四川外国语大学,2024,重庆,本科批,历史类,,,486,4304,
5012,西南政法大学,2024,重庆,本科批,历史类,,,548,804,
5013,四川美术学院,2024,重庆,本科批,历史类,,,486,12879,
5015,重庆理工大学,2024,重庆,本科批,历史类,,,509,4953,
5016,重庆工商大学,2024,重庆,本科批,历史类,,,495,5941,
5017,重庆中医药学院,2024,重庆,本科批,历史类,,,517,11548,
5019,重庆人文科技学院,2024,重庆,本科批,历史类,,,445,18107,
5020,重庆外语外事学院,2024,重庆,本科批,历史类,,,428,22632,
5021,重庆对外经贸学院,2024,重庆,本科批,历史类,,,443,20249,
5022,重庆财经学院,2024,重庆,本科批,历史类,,,444,17907,
5023,重庆工商大学派斯学院,2024,重庆,本科批,历史类,,,430,23350,
5026,重庆移通学院,2024,重庆,本科批,历史类,,,428,27446,
5027,重庆科技大学,2024,重庆,本科批,历史类,,,497,9343,
5029,重庆第二师范学院,2024,重庆,本科批,历史类,,,476,9343,
5045,重庆工程学院,2024,重庆,本科批,历史类,,,430,25837,
5050,重庆机电职业技术大学,2024,重庆,本科批,历史类,,,429,30347,
5057,重庆城市科技学院,2024,重庆,本科批,历史类,,,435,21422,
5102,西南交通大学,2024,重庆,本科批,历史类,,,571,1930,
5104,电子科技大学,2024,重庆,本科批,历史类,,,596,1250,
5105,西南石油大学,2024,重庆,本科批,历史类,,,517,3780,
5106,成都理工大学,2024,重庆,本科批,历史类,,,520,3780,
5107,西南科技大学,2024,重庆,本科批,历史类,,,511,5824,
5108,成都信息工程大学,2024,重庆,本科批,历史类,,,512,6814,
5109,四川轻化工大学,2024,重庆,本科批,历史类,,,517,7113,
5110,西华大学,2024,重庆,本科批,历史类,,,527,5313,
5111,中国民用航空飞行学院,2024,重庆,本科批,历史类,,,499,9672,
5112,四川农业大学,2024,重庆,本科批,历史类,,,522,3482,
5113,西南医科大学,2024,重庆,本科批,历史类,,,504,6221,
5114,成都中医药大学,2024,重庆,本科批,历史类,,,516,5824,
5115,川北医学院,2024,重庆,本科批,历史类,,,502,12879,
5116,四川师范大学,2024,重庆,本科批,历史类,,,482,3667,
5117,西华师范大学,2024,重庆,本科批,历史类,,,512,5570,
5118,绵阳师范学院,2024,重庆,本科批,历史类,,,498,6962,
5119,内江师范学院,2024,重庆,本科批,历史类,,,506,8681,
5120,宜宾学院,2024,重庆,本科批,历史类,,,489,10589,
5121,乐山师范学院,2024,重庆,本科批,历史类,,,496,11161,
5122,西南财经大学,2024,重庆,本科批,历史类,,,555,804,
5123,成都体育学院,2024,重庆,本科批,历史类,,,474,13878,
5124,四川音乐学院,2024,重庆,本科批,历史类,,,470,15693,
5125,西南民族大学,2024,重庆,本科批,历史类,,,497,3780,
5126,攀枝花学院,2024,重庆,本科批,历史类,,,500,12087,
5127,四川大学,2024,重庆,本科批,历史类,,,590,413,
5129,西昌学院,2024,重庆,本科批,历史类,,,498,11930,
5130,成都理工大学工程技术学院,2024,重庆,本科批,历史类,,,468,19527,
5131,四川传媒学院,2024,重庆,本科批,历史类,,,465,17503,
5132,成都银杏酒店管理学院,2024,重庆,本科批,历史类,,,435,26876,
5133,成都文理学院,2024,重庆,本科批,历史类,,,486,17907,
5134,四川工商学院,2024,重庆,本科批,历史类,,,488,17286,
5135,成都外国语学院,2024,重庆,本科批,历史类,,,442,17503,
5136,电子科技大学成都学院,2024,重庆,本科批,历史类,,,469,18334,
5137,四川文理学院,2024,重庆,本科批,历史类,,,492,10397,
5138,成都工业学院,2024,重庆,本科批,历史类,,,499,13878,
5139,四川旅游学院,2024,重庆,本科批,历史类,,,492,16570,
5151,四川警察学院,2024,重庆,本科批,历史类,,,555,5449,
5167,成都东软学院,2024,重庆,本科批,历史类,,,463,19527,
5170,四川民族学院,2024,重庆,本科批,历史类,,,507,10785,
5176,吉利学院,2024,重庆,本科批,历史类,,,428,25343,
5179,阿坝师范学院,2024,重庆,本科批,历史类,,,498,12683,
5180,成都大学,2024,重庆,本科批,历史类,,,522,5824,
5181,四川工业科技学院,2024,重庆,本科批,历史类,,,442,22390,
5182,成都师范学院,2024,重庆,本科批,历史类,,,513,6648,
5184,成都锦城学院,2024,重庆,本科批,历史类,,,465,14284,
5190,西南财经大学天府学院,2024,重庆,本科批,历史类,,,458,21422,
5191,四川大学锦江学院,2024,重庆,本科批,历史类,,,474,17047,
5192,四川文化艺术学院,2024,重庆,本科批,历史类,,,435,17503,
5199,绵阳城市学院,2024,重庆,本科批,历史类,,,454,20481,
5201,贵州大学,2024,重庆,本科批,历史类,,,515,2933,
5203,遵义医科大学,2024,重庆,本科批,历史类,,,515,8505,
5204,贵州中医药大学,2024,重庆,本科批,历史类,,,535,8349,
5205,贵州师范大学,2024,重庆,本科批,历史类,,,528,9504,
5206,遵义师范学院,2024,重庆,本科批,历史类,,,515,10589,
5207,黔南民族师范学院,2024,重庆,本科批,历史类,,,493,15495,
5208,贵州财经大学,2024,重庆,本科批,历史类,,,515,6814,
5209,贵州民族大学,2024,重庆,本科批,历史类,,,509,13089,
5211,贵州黔南经济学院,2024,重庆,本科批,历史类,,,467,22390,
5215,贵阳学院,2024,重庆,本科批,历史类,,,509,12683,
5216,安顺学院,2024,重庆,本科批,历史类,,,491,13089,
5220,贵州警察学院,2024,重庆,本科批,历史类,,,523,10397,
5230,贵州黔南科技学院,2024,重庆,本科批,历史类,,,467,22154,
5231,贵阳信息科技学院,2024,重庆,本科批,历史类,,,441,28987,
5232,六盘水师范学院,2024,重庆,本科批,历史类,,,500,12683,
5236,铜仁学院,2024,重庆,本科批,历史类,,,503,13089,
5237,兴义民族师范学院,2024,重庆,本科批,历史类,,,503,12683,
5238,贵州工程应用技术学院,2024,重庆,本科批,历史类,,,510,12879,
5239,贵州商学院,2024,重庆,本科批,历史类,,,480,16802,
5244,贵州师范学院,2024,重庆,本科批,历史类,,,481,13275,
5253,贵阳康养职业大学,2024,重庆,本科批,历史类,,,498,15076,
5301,云南大学,2024,重庆,本科批,历史类,,,573,2112,
5302,昆明理工大学,2024,重庆,本科批,历史类,,,531,5313,
5303,云南农业大学,2024,重庆,本科批,历史类,,,494,8505,
5304,西南林业大学,2024,重庆,本科批,历史类,,,501,8349,
5305,大理大学,2024,重庆,本科批,历史类,,,500,7264,
5306,云南师范大学,2024,重庆,本科批,历史类,,,503,5941,
5307,曲靖师范学院,2024,重庆,本科批,历史类,,,493,9165,
5308,云南艺术学院,2024,重庆,本科批,历史类,,,482,10042,
5309,云南民族大学,2024,重庆,本科批,历史类,,,495,9672,
5310,玉溪师范学院,2024,重庆,本科批,历史类,,,501,14512,
5311,楚雄师范学院,2024,重庆,本科批,历史类,,,490,16570,
5312,昆明医科大学海源学院,2024,重庆,本科批,历史类,,,483,18574,
5313,滇池学院,2024,重庆,本科批,历史类,,,432,18574,
5314,丽江文化旅游学院,2024,重庆,本科批,历史类,,,428,24590,
5315,昆明城市学院,2024,重庆,本科批,历史类,,,468,22154,
5318,昆明学院,2024,重庆,本科批,历史类,,,490,10785,
5326,云南经济管理学院,2024,重庆,本科批,历史类,,,440,19768,
5327,昆明文理学院,2024,重庆,本科批,历史类,,,445,17503,
5330,云南财经大学,2024,重庆,本科批,历史类,,,488,6081,
5334,云南警官学院,2024,重庆,本科批,历史类,,,534,8505,
5336,保山学院,2024,重庆,本科批,历史类,,,508,13275,
5337,红河学院,2024,重庆,本科批,历史类,,,489,13677,
5339,昆明理工大学津桥学院,2024,重庆,本科批,历史类,,,428,22154,
5340,昭通学院,2024,重庆,本科批,历史类,,,494,13677,
5342,云南工商学院,2024,重庆,本科批,历史类,,,463,20963,
5349,滇西科技师范学院,2024,重庆,本科批,历史类,,,498,15290,
5352,云南中医药大学,2024,重庆,本科批,历史类,,,518,11352,
5372,滇西应用技术大学,2024,重庆,本科批,历史类,,,492,14087,
5401,西藏大学,2024,重庆,本科批,历史类,,,548,4304,
5402,西藏民族大学,2024,重庆,本科批,历史类,,,494,9165,
5407,西藏农牧大学,2024,重庆,本科批,历史类,,,492,16570,
6101,西安交通大学,2024,重庆,本科批,历史类,,,622,466,
6102,西北工业大学,2024,重庆,本科批,历史类,,,597,1384,
6104,西安电子科技大学,2024,重庆,本科批,历史类,,,574,3385,
6105,西安工业大学,2024,重庆,本科批,历史类,,,543,5449,
6106,西安建筑科技大学,2024,重庆,本科批,历史类,,,527,8349,
6107,西安科技大学,2024,重庆,本科批,历史类,,,523,4833,
6108,西安石油大学,2024,重庆,本科批,历史类,,,507,9343,
6109,陕西科技大学,2024,重庆,本科批,历史类,,,484,9504,
6110,西安工程大学,2024,重庆,本科批,历史类,,,481,19034,
6111,陕西师范大学,2024,重庆,本科批,历史类,,,549,6221,
6112,延安大学,2024,重庆,本科批,历史类,,,537,6648,
6113,渭南师范学院,2024,重庆,本科批,历史类,,,481,13275,
6114,西安外国语大学,2024,重庆,本科批,历史类,,,539,4097,
6115,西北政法大学,2024,重庆,本科批,历史类,,,557,2933,
6118,西安美术学院,2024,重庆,本科批,历史类,,,484,18334,
6119,西安培华学院,2024,重庆,本科批,历史类,,,430,20249,
6122,宝鸡文理学院,2024,重庆,本科批,历史类,,,502,14512,
6123,西北农林科技大学,2024,重庆,本科批,历史类,,,587,1552,
6124,长安大学,2024,重庆,本科批,历史类,,,576,2783,
6125,陕西理工大学,2024,重庆,本科批,历史类,,,511,5824,
6126,西安财经大学,2024,重庆,本科批,历史类,,,467,5063,
6129,西安文理学院,2024,重庆,本科批,历史类,,,496,11161,
6133,西安欧亚学院,2024,重庆,本科批,历史类,,,428,24590,
6134,西安翻译学院,2024,重庆,本科批,历史类,,,429,27446,
6135,西安外事学院,2024,重庆,本科批,历史类,,,444,24831,
6136,西京学院,2024,重庆,本科批,历史类,,,465,22863,
6142,西安思源学院,2024,重庆,本科批,历史类,,,449,18334,
6143,陕西服装工程学院,2024,重庆,本科批,历史类,,,442,24590,
6144,陕西国际商贸学院,2024,重庆,本科批,历史类,,,431,21659,
6152,陕西科技大学镐京学院,2024,重庆,本科批,历史类,,,429,18574,
6156,西安医学院,2024,重庆,本科批,历史类,,,497,15495,
6158,西安工商学院,2024,重庆,本科批,历史类,,,436,25099,
6159,咸阳师范学院,2024,重庆,本科批,历史类,,,483,11161,
6164,西北大学,2024,重庆,本科批,历史类,,,575,1250,
6166,西安明德理工学院,2024,重庆,本科批,历史类,,,441,27944,
6174,榆林学院,2024,重庆,本科批,历史类,,,491,14284,
6175,安康学院,2024,重庆,本科批,历史类,,,504,12683,
6180,西安科技大学高新学院,2024,重庆,本科批,历史类,,,455,23350,
6184,商洛学院,2024,重庆,本科批,历史类,,,506,12683,
6193,陕西学前师范学院,2024,重庆,本科批,历史类,,,503,14284,
6201,兰州大学,2024,重庆,本科批,历史类,,,586,1158,
6202,兰州理工大学,2024,重庆,本科批,历史类,,,540,7576,
6203,兰州交通大学,2024,重庆,本科批,历史类,,,497,6648,
6204,天水师范大学,2024,重庆,本科批,历史类,,,506,13677,
6205,河西学院,2024,重庆,本科批,历史类,,,490,14512,
6206,兰州财经大学,2024,重庆,本科批,历史类,,,496,7698,
6207,西北民族大学,2024,重庆,本科批,历史类,,,487,7997,
6208,甘肃政法大学,2024,重庆,本科批,历史类,,,527,4953,
6217,西北师范大学,2024,重庆,本科批,历史类,,,515,4624,
6219,陇东学院,2024,重庆,本科批,历史类,,,492,14512,
6221,兰州城市学院,2024,重庆,本科批,历史类,,,493,16343,
6222,甘肃中医药大学,2024,重庆,本科批,历史类,,,505,13878,
6227,兰州文理学院,2024,重庆,本科批,历史类,,,489,17286,
6233,甘肃民族师范学院,2024,重庆,本科批,历史类,,,488,17503,
6253,兰州石化职业技术大学,2024,重庆,本科批,历史类,,,493,16343,
6302,青海民族大学,2024,重庆,本科批,历史类,,,492,11161,
6304,青海师范大学,2024,重庆,本科批,历史类,,,500,7407,
6401,宁夏大学,2024,重庆,本科批,历史类,,,553,2783,
6403,北方民族大学,2024,重庆,本科批,历史类,,,492,9504,
6404,宁夏师范大学,2024,重庆,本科批,历史类,,,494,16132,
6405,宁夏理工学院,2024,重庆,本科批,历史类,,,428,19527,
6412,银川科技学院,2024,重庆,本科批,历史类,,,457,23571,
6501,新疆大学,2024,重庆,本科批,历史类,,,545,3572,
6502,新疆农业大学,2024,重庆,本科批,历史类,,,488,15495,
6503,石河子大学,2024,重庆,本科批,历史类,,,531,4194,
6504,新疆师范大学,2024,重庆,本科批,历史类,,,494,8158,
6505,伊犁师范大学,2024,重庆,本科批,历史类,,,490,12087,
6506,新疆财经大学,2024,重庆,本科批,历史类,,,490,11548,
6507,新疆科技学院,2024,重庆,本科批,历史类,,,493,16343,
6508,新疆理工学院,2024,重庆,本科批,历史类,,,485,14692,
6520,新疆天山职业技术大学,2024,重庆,本科批,历史类,,,450,24590,
6522,新疆政法学院,2024,重庆,本科批,历史类,,,489,12879,
6524,喀什大学,2024,重庆,本科批,历史类,,,490,12268,
6525,昌吉学院,2024,重庆,本科批,历史类,,,489,15495,
6527,新疆艺术学院,2024,重庆,本科批,历史类,,,487,17047,
6536,新疆警察学院,2024,重庆,本科批,历史类,,,511,12683,
6537,中国石油大学（北京）克拉玛依校区,2024,重庆,本科批,历史类,,,550,4624,
6543,新疆和田学院,2024,重庆,本科批,历史类,,,486,17907,
,上海财经大学浙江学院,2024,重庆,本科批,历史类,,,467,16802,
6111,陕西师范大学,2024,重庆,本科提前批,历史类,,,581,719,
1130,中国人民公安大学,2024,重庆,本科提前批A段,历史类,,,607,342,
1144,中国消防救援学院,2024,重庆,本科提前批A段,历史类,,,572,3572,
2122,中国刑事警察学院,2024,重庆,本科提前批A段,历史类,,,593,636,
5012,西南政法大学,2024,重庆,本科提前批A段,历史类,,,521,2934,
1101,北京大学,2024,重庆,本科提前批B段,历史类,,,658,61,
1103,中国人民大学,2024,重庆,本科提前批B段,历史类,,,650,91,
1104,清华大学,2024,重庆,本科提前批B段,历史类,,,658,61,
1120,首都师范大学,2024,重庆,本科提前批B段,历史类,,,592,1992,
1122,北京外国语大学,2024,重庆,本科提前批B段,历史类,,,609,1062,
1124,北京语言大学,2024,重庆,本科提前批B段,历史类,,,572,2395,
1125,中国传媒大学,2024,重庆,本科提前批B段,历史类,,,574,1552,
1126,中央财经大学,2024,重庆,本科提前批B段,历史类,,,601,839,
1127,对外经济贸易大学,2024,重庆,本科提前批B段,历史类,,,586,1158,
1129,外交学院,2024,重庆,本科提前批B段,历史类,,,596,882,
1132,北京体育大学,2024,重庆,本科提前批B段,历史类,,,573,2783,
1141,中国政法大学,2024,重庆,本科提前批B段,历史类,,,625,288,
1153,中华女子学院,2024,重庆,本科提前批B段,历史类,,,531,7843,
1201,南开大学,2024,重庆,本科提前批B段,历史类,,,631,413,
1208,天津中医药大学,2024,重庆,本科提前批B段,历史类,,,428,32498,
1236,天津师范大学,2024,重庆,本科提前批B段,历史类,,,565,3482,
2121,东北财经大学,2024,重庆,本科提前批B段,历史类,,,551,4624,
2153,辽宁大学,2024,重庆,本科提前批B段,历史类,,,579,2933,
2201,吉林大学,2024,重庆,本科提前批B段,历史类,,,592,1992,
2208,东北师范大学,2024,重庆,本科提前批B段,历史类,,,602,977,
2301,黑龙江大学,2024,重庆,本科提前批B段,历史类,,,516,5824,
2307,东北农业大学,2024,重庆,本科提前批B段,历史类,,,564,4097,
3101,复旦大学,2024,重庆,本科提前批B段,历史类,,,649,91,
3102,同济大学,2024,重庆,本科提前批B段,历史类,,,626,530,
3104,华东理工大学,2024,重庆,本科提前批B段,历史类,,,572,3572,
3107,东华大学,2024,重庆,本科提前批B段,历史类,,,563,3113,
3110,华东师范大学,2024,重庆,本科提前批B段,历史类,,,604,288,
3112,上海外国语大学,2024,重庆,本科提前批B段,历史类,,,587,2047,
3201,南京大学,2024,重庆,本科提前批B段,历史类,,,638,215,
3202,苏州大学,2024,重庆,本科提前批B段,历史类,,,575,3293,
3207,中国矿业大学,2024,重庆,本科提前批B段,历史类,,,581,2783,
3210,南京邮电大学,2024,重庆,本科提前批B段,历史类,,,545,6649,
3211,河海大学,2024,重庆,本科提前批B段,历史类,,,574,2455,
3249,南京师范大学,2024,重庆,本科提前批B段,历史类,,,587,1487,
3251,扬州大学,2024,重庆,本科提前批B段,历史类,,,570,2320,
3301,浙江大学,2024,重庆,本科提前批B段,历史类,,,642,159,
3361,浙江财经大学,2024,重庆,本科提前批B段,历史类,,,555,5449,
3501,厦门大学,2024,重庆,本科提前批B段,历史类,,,622,636,
3576,闽南师范大学,2024,重庆,本科提前批B段,历史类,,,555,5313,
3609,江西师范大学,2024,重庆,本科提前批B段,历史类,,,575,3293,
3701,山东大学,2024,重庆,本科提前批B段,历史类,,,600,1552,
3702,中国海洋大学,2024,重庆,本科提前批B段,历史类,,,590,2111,
3718,山东大学（威海）,2024,重庆,本科提前批B段,历史类,,,581,1062,
3740,山东师范大学,2024,重庆,本科提前批B段,历史类,,,522,4416,
4201,武汉大学,2024,重庆,本科提前批B段,历史类,,,600,342,
4208,华中师范大学,2024,重庆,本科提前批B段,历史类,,,594,530,
4215,中南民族大学,2024,重庆,本科提前批B段,历史类,,,552,3385,
4223,中南财经政法大学,2024,重庆,本科提前批B段,历史类,,,613,939,
4315,中南大学,2024,重庆,本科提前批B段,历史类,,,601,1206,
4401,中山大学,2024,重庆,本科提前批B段,历史类,,,590,2111,
4402,暨南大学,2024,重庆,本科提前批B段,历史类,,,575,1700,
4504,广西师范大学,2024,重庆,本科提前批B段,历史类,,,564,4416,
5001,重庆大学,2024,重庆,本科提前批B段,历史类,,,562,1437,
5002,重庆邮电大学,2024,重庆,本科提前批B段,历史类,,,551,5941,
5003,重庆交通大学,2024,重庆,本科提前批B段,历史类,,,526,6509,
5006,西南大学,2024,重庆,本科提前批B段,历史类,,,542,773,
5007,重庆师范大学,2024,重庆,本科提前批B段,历史类,,,562,1206,
5008,重庆文理学院,2024,重庆,本科提前批B段,历史类,,,574,2395,
5009,重庆三峡学院,2024,重庆,本科提前批B段,历史类,,,570,2320,
5010,长江师范学院,2024,重庆,本科提前批B段,历史类,,,573,1651,
5011,四川外国语大学,2024,重庆,本科提前批B段,历史类,,,484,4833,
5012,西南政法大学,2024,重庆,本科提前批B段,历史类,,,545,2111,
5015,重庆理工大学,2024,重庆,本科提前批B段,历史类,,,519,5449,
5016,重庆工商大学,2024,重庆,本科提前批B段,历史类,,,510,5185,
5029,重庆第二师范学院,2024,重庆,本科提前批B段,历史类,,,571,2047,
5102,西南交通大学,2024,重庆,本科提前批B段,历史类,,,576,2186,
5122,西南财经大学,2024,重庆,本科提前批B段,历史类,,,575,1552,
5125,西南民族大学,2024,重庆,本科提前批B段,历史类,,,533,5185,
5127,四川大学,2024,重庆,本科提前批B段,历史类,,,590,839,
6101,西安交通大学,2024,重庆,本科提前批B段,历史类,,,612,977,
6114,西安外国语大学,2024,重庆,本科提前批B段,历史类,,,521,7407,
6207,西北民族大学,2024,重庆,本科提前批B段,历史类,,,533,6814,
,北京师范大学,2024,重庆,本科提前批B段,历史类,,,622,134,
6114,西安外国语大学,2024,重庆,艺术类本科批,历史类,,,211,67926,
3249,南京师范大学,2024,重庆,高校专项计划批次,历史类,,,592,1992,
5001,重庆大学,2024,重庆,高校专项计划批次,历史类,,,549,6221,
5301,云南大学,2024,重庆,高校专项计划批次,历史类,,,560,4833,
6111,陕西师范大学,2024,重庆,高校专项计划批次,历史类,,,613,660,
5012,西南政法大学,2024,重庆,高校专项计划本科批,历史类,,,597,1652,
5122,西南财经大学,2024,重庆,高校专项计划本科批,历史类,,,569,3880,
1154,北京科技职业大学,2024,重庆,专科批,物理类,,,453,75077,
1166,北京培黎职业学院,2024,重庆,专科批,物理类,,,418,101060,
1223,天津市职业大学,2024,重庆,专科批,物理类,,,474,71325,
1224,天津医学高等专科学校,2024,重庆,专科批,物理类,,,417,74525,
1228,天津现代职业技术学院,2024,重庆,专科批,物理类,,,400,88140,
1229,天津轻工职业技术学院,2024,重庆,专科批,物理类,,,423,99101,
1230,天津电子信息职业技术学院,2024,重庆,专科批,物理类,,,421,98261,
1234,天津交通职业学院,2024,重庆,专科批,物理类,,,409,104432,
1237,天津石油职业技术学院,2024,重庆,专科批,物理类,,,388,110433,
1238,天津国土资源和房屋职业学院,2024,重庆,专科批,物理类,,,382,113077,
1242,天津警察学院,2024,重庆,专科批,物理类,,,433,94875,
1248,天津城市建设管理职业技术学院,2024,重庆,专科批,物理类,,,407,102903,
1253,天津城市职业学院,2024,重庆,专科批,物理类,,,415,100664,
1272,天津铁道职业技术学院,2024,重庆,专科批,物理类,,,417,101405,
1274,天津生物工程职业技术学院,2024,重庆,专科批,物理类,,,381,104056,
1275,天津滨海汽车工程职业学院,2024,重庆,专科批,物理类,,,323,125354,
1323,邯郸职业技术学院,2024,重庆,专科批,物理类,,,358,112238,
1324,石家庄铁路职业技术学院,2024,重庆,专科批,物理类,,,427,95764,
1328,河北软件职业技术学院,2024,重庆,专科批,物理类,,,407,105136,
1329,秦皇岛职业技术学院,2024,重庆,专科批,物理类,,,344,111038,
1330,唐山职业技术学院,2024,重庆,专科批,物理类,,,382,94448,
1332,河北旅游职业学院,2024,重庆,专科批,物理类,,,299,116755,
1334,河北化工医药职业技术学院,2024,重庆,专科批,物理类,,,318,113385,
1337,石家庄邮电职业技术学院,2024,重庆,专科批,物理类,,,472,59024,
1341,河北能源职业技术学院,2024,重庆,专科批,物理类,,,369,116488,
1347,河北对外经贸职业学院,2024,重庆,专科批,物理类,,,335,99101,
1349,石家庄工商职业学院,2024,重庆,专科批,物理类,,,355,119674,
1350,河北交通职业技术学院,2024,重庆,专科批,物理类,,,374,109163,
1352,邢台医学院,2024,重庆,专科批,物理类,,,381,97876,
1363,石家庄城市经济职业学院,2024,重庆,专科批,物理类,,,269,129032,
1364,河北机电职业技术学院,2024,重庆,专科批,物理类,,,358,113643,
1377,石家庄科技信息职业学院,2024,重庆,专科批,物理类,,,180,118806,
1383,石家庄医学高等专科学校,2024,重庆,专科批,物理类,,,366,96633,
1384,河北司法警官职业学院,2024,重庆,专科批,物理类,,,418,93560,
1392,石家庄人民医学高等专科学校,2024,重庆,专科批,物理类,,,357,98667,
1413,山西工程职业学院,2024,重庆,专科批,物理类,,,336,118575,
1440,临汾职业技术学院,2024,重庆,专科批,物理类,,,374,99911,
1454,运城护理职业学院,2024,重庆,专科批,物理类,,,375,96201,
1485,山西卫生健康职业学院,2024,重庆,专科批,物理类,,,399,88658,
1530,包头铁道职业技术学院,2024,重庆,专科批,物理类,,,413,102903,
2132,大连财经学院,2024,重庆,专科批,物理类,,,306,87647,
2134,铁岭师范高等专科学校,2024,重庆,专科批,物理类,,,341,111363,
2135,辽宁省交通高等专科学校,2024,重庆,专科批,物理类,,,369,97452,
2137,大连职业技术学院,2024,重庆,专科批,物理类,,,349,106177,
2140,辽宁机电职业技术学院,2024,重庆,专科批,物理类,,,327,98667,
2142,辽宁广告职业学院,2024,重庆,专科批,物理类,,,278,123655,
2145,锦州师范高等专科学校,2024,重庆,专科批,物理类,,,380,105136,
2146,辽宁农业职业技术学院,2024,重庆,专科批,物理类,,,353,89559,
2149,抚顺职业技术学院,2024,重庆,专科批,物理类,,,350,117672,
2156,辽宁职业学院,2024,重庆,专科批,物理类,,,351,108519,
2167,辽宁石化职业技术学院,2024,重庆,专科批,物理类,,,371,115242,
2171,沈阳职业技术学院,2024,重庆,专科批,物理类,,,344,109163,
2179,朝阳师范学院,2024,重庆,专科批,物理类,,,377,92303,
2184,大连航运职业技术学院,2024,重庆,专科批,物理类,,,266,121535,
2188,沈阳北软信息职业技术学院,2024,重庆,专科批,物理类,,,287,127916,
2191,抚顺师范高等专科学校,2024,重庆,专科批,物理类,,,300,126157,
2192,营口职业技术学院,2024,重庆,专科批,物理类,,,332,104789,
2193,盘锦职业技术学院,2024,重庆,专科批,物理类,,,343,116226,
2196,辽宁何氏医学院,2024,重庆,专科批,物理类,,,324,122827,
2198,辽宁铁道职业技术学院,2024,重庆,专科批,物理类,,,359,97876,
2199,大连汽车职业技术学院,2024,重庆,专科批,物理类,,,208,121151,
2226,长春金融高等专科学校,2024,重庆,专科批,物理类,,,367,106177,
2227,长春医学高等专科学校,2024,重庆,专科批,物理类,,,445,71325,
2229,辽源职业技术学院,2024,重庆,专科批,物理类,,,271,114491,
2240,吉林电子信息职业技术学院,2024,重庆,专科批,物理类,,,315,126391,
2245,吉林司法警官职业学院,2024,重庆,专科批,物理类,,,389,111038,
2260,梅河口康美职业技术学院,2024,重庆,专科批,物理类,,,345,112543,
2267,白城职业技术学院,2024,重庆,专科批,物理类,,,373,115505,
2268,长春健康职业学院,2024,重庆,专科批,物理类,,,341,122460,
2321,牡丹江大学,2024,重庆,专科批,物理类,,,349,98667,
2325,黑龙江农业工程职业学院,2024,重庆,专科批,物理类,,,368,109163,
2326,黑龙江农垦职业学院,2024,重庆,专科批,物理类,,,333,114730,
2327,哈尔滨铁道职业技术学院,2024,重庆,专科批,物理类,,,405,99911,
2336,黑龙江生态工程职业学院,2024,重庆,专科批,物理类,,,337,123193,
2341,黑龙江农业经济职业学院,2024,重庆,专科批,物理类,,,354,119458,
2342,黑龙江林业职业技术学院,2024,重庆,专科批,物理类,,,294,123655,
2343,哈尔滨职业技术大学,2024,重庆,专科批,物理类,,,377,98261,
2347,黑龙江能源职业学院,2024,重庆,专科批,物理类,,,319,122096,
2351,齐齐哈尔高等师范专科学校,2024,重庆,专科批,物理类,,,367,111363,
2362,黑龙江司法警官职业学院,2024,重庆,专科批,物理类,,,381,110433,
2364,黑龙江交通职业技术学院,2024,重庆,专科批,物理类,,,361,107852,
2367,大庆职业学院,2024,重庆,专科批,物理类,,,353,103287,
2368,大兴安岭职业学院,2024,重庆,专科批,物理类,,,355,110433,
2371,大庆医学高等专科学校,2024,重庆,专科批,物理类,,,363,94012,
2373,黑龙江幼儿师范高等专科学校,2024,重庆,专科批,物理类,,,335,113077,
2374,哈尔滨科学技术职业学院,2024,重庆,专科批,物理类,,,301,109793,
2375,佳木斯职业学院,2024,重庆,专科批,物理类,,,288,129304,
2376,黑龙江护理高等专科学校,2024,重庆,专科批,物理类,,,327,94448,
2379,哈尔滨幼儿师范高等专科学校,2024,重庆,专科批,物理类,,,356,116983,
2388,哈尔滨北方航空职业技术学院,2024,重庆,专科批,物理类,,,217,126391,
3122,上海旅游高等专科学校,2024,重庆,专科批,物理类,,,373,87647,
3123,上海济光职业技术学院,2024,重庆,专科批,物理类,,,254,129390,
3124,上海建桥学院,2024,重庆,专科批,物理类,,,355,109458,
3128,上海工艺美术职业学院,2024,重庆,专科批,物理类,,,427,87647,
3129,上海思博职业技术学院,2024,重庆,专科批,物理类,,,180,116488,
3137,上海工商外国语职业学院,2024,重庆,专科批,物理类,,,336,109793,
3149,上海电子信息职业技术学院,2024,重庆,专科批,物理类,,,405,99500,
3152,上海城建职业学院,2024,重庆,专科批,物理类,,,397,96633,
3160,上海出版印刷高等专科学校,2024,重庆,专科批,物理类,,,391,103684,
3161,上海震旦职业学院,2024,重庆,专科批,物理类,,,342,122274,
3173,上海邦德职业技术学院,2024,重庆,专科批,物理类,,,286,120728,
3175,上海中侨职业技术大学,2024,重庆,专科批,物理类,,,270,101060,
3176,上海民航职业技术学院,2024,重庆,专科批,物理类,,,410,95321,
3177,上海科学技术职业学院,2024,重庆,专科批,物理类,,,422,74525,
3235,江苏建筑职业技术学院,2024,重庆,专科批,物理类,,,371,110433,
3253,江苏农牧科技职业学院,2024,重庆,专科批,物理类,,,383,78134,
3256,苏州百年职业学院,2024,重庆,专科批,物理类,,,227,121151,
3266,常州信息职业技术学院,2024,重庆,专科批,物理类,,,450,70227,
3272,太湖创意职业技术学院,2024,重庆,专科批,物理类,,,275,127696,
3274,江苏农林职业技术学院,2024,重庆,专科批,物理类,,,398,108172,
3279,苏州高博职业学院,2024,重庆,专科批,物理类,,,281,120949,
3291,江苏城市职业学院,2024,重庆,专科批,物理类,,,371,104056,
3292,明达职业技术学院,2024,重庆,专科批,物理类,,,180,132325,
3293,连云港职业技术学院,2024,重庆,专科批,物理类,,,370,116226,
3294,镇江市高等专科学校,2024,重庆,专科批,物理类,,,371,112543,
3299,连云港师范学院,2024,重庆,专科批,物理类,,,380,97452,
3315,浙江工贸职业技术学院,2024,重庆,专科批,物理类,,,418,94012,
3334,浙江机电职业技术大学,2024,重庆,专科批,物理类,,,442,80226,
3354,浙江商业职业技术学院,2024,重庆,专科批,物理类,,,405,92723,
3355,浙江经济职业技术学院,2024,重庆,专科批,物理类,,,429,90880,
3379,浙江工商职业技术学院,2024,重庆,专科批,物理类,,,409,95321,
3415,安徽第二医学院,2024,重庆,专科批,物理类,,,415,94875,
3436,马鞍山师范高等专科学校,2024,重庆,专科批,物理类,,,369,116226,
3438,安徽新闻出版职业技术学院,2024,重庆,专科批,物理类,,,329,119674,
3462,安徽审计职业学院,2024,重庆,专科批,物理类,,,376,114730,
3464,合肥职业技术学院,2024,重庆,专科批,物理类,,,388,111363,
3472,合肥通用职业技术学院,2024,重庆,专科批,物理类,,,370,111363,
3479,宣城职业技术学院,2024,重庆,专科批,物理类,,,387,111668,
3517,漳州职业技术学院,2024,重庆,专科批,物理类,,,415,96201,
3518,泉州华光职业学院,2024,重庆,专科批,物理类,,,240,130166,
3523,泉州纺织服装职业学院,2024,重庆,专科批,物理类,,,242,131730,
3526,福建电力职业技术学院,2024,重庆,专科批,物理类,,,410,104056,
3531,厦门华天涉外职业技术学院,2024,重庆,专科批,物理类,,,297,125192,
3541,泉州经贸职业技术学院,2024,重庆,专科批,物理类,,,349,118575,
3548,厦门兴才职业技术学院,2024,重庆,专科批,物理类,,,313,126638,
3550,厦门软件职业技术学院,2024,重庆,专科批,物理类,,,356,119458,
3551,厦门南洋职业学院,2024,重庆,专科批,物理类,,,322,125481,
3563,三明医学科技职业学院,2024,重庆,专科批,物理类,,,349,95764,
3564,泉州轻工职业学院,2024,重庆,专科批,物理类,,,250,130928,
3572,漳州科技职业学院,2024,重庆,专科批,物理类,,,234,127696,
3582,武夷山职业学院,2024,重庆,专科批,物理类,,,180,132278,
3583,厦门城市职业学院,2024,重庆,专科批,物理类,,,384,103287,
3598,福州软件职业技术学院,2024,重庆,专科批,物理类,,,204,125481,
3614,江西医学高等专科学校,2024,重庆,专科批,物理类,,,412,98667,
3631,九江职业大学,2024,重庆,专科批,物理类,,,407,94448,
3633,江西职业技术大学,2024,重庆,专科批,物理类,,,412,98667,
3634,江西工业职业技术学院,2024,重庆,专科批,物理类,,,376,103684,
3636,南昌理工学院,2024,重庆,专科批,物理类,,,305,113077,
3637,江西司法警官职业学院,2024,重庆,专科批,物理类,,,385,102169,
3639,江西电力职业技术学院,2024,重庆,专科批,物理类,,,433,71888,
3641,江西机电职业技术学院,2024,重庆,专科批,物理类,,,358,108172,
3644,江西交通职业技术学院,2024,重庆,专科批,物理类,,,377,108851,
3646,江西财经职业学院,2024,重庆,专科批,物理类,,,377,111363,
3647,江西应用技术职业学院,2024,重庆,专科批,物理类,,,469,77595,
3648,江西现代职业技术学院,2024,重庆,专科批,物理类,,,360,114210,
3649,南昌工学院,2024,重庆,专科批,物理类,,,317,115742,
3650,南昌职业大学,2024,重庆,专科批,物理类,,,259,116983,
3652,江西科技职业学院,2024,重庆,专科批,物理类,,,348,113643,
3655,江西工业贸易职业技术学院,2024,重庆,专科批,物理类,,,354,119458,
3658,江西环境工程职业学院,2024,重庆,专科批,物理类,,,366,115505,
3659,宜春职业技术学院,2024,重庆,专科批,物理类,,,391,110120,
3661,江西建设职业技术学院,2024,重庆,专科批,物理类,,,347,103287,
3664,江西软件职业技术大学,2024,重庆,专科批,物理类,,,180,130365,
3666,赣西科技职业学院,2024,重庆,专科批,物理类,,,329,124428,
3673,江西信息应用职业技术学院,2024,重庆,专科批,物理类,,,397,108519,
3675,江西工程职业学院,2024,重庆,专科批,物理类,,,340,122623,
3678,赣州师范高等专科学校,2024,重庆,专科批,物理类,,,416,96633,
3682,江西新能源科技职业学院,2024,重庆,专科批,物理类,,,309,120093,
3685,江西工商职业技术学院,2024,重庆,专科批,物理类,,,180,122274,
3688,江西师范高等专科学校,2024,重庆,专科批,物理类,,,371,115988,
3690,江西航空职业技术学院,2024,重庆,专科批,物理类,,,324,124132,
3691,江西枫林涉外经贸职业学院,2024,重庆,专科批,物理类,,,310,121699,
3697,吉安职业技术学院,2024,重庆,专科批,物理类,,,350,102169,
3698,赣南卫生健康职业学院,2024,重庆,专科批,物理类,,,397,108519,
3721,山东水利职业学院,2024,重庆,专科批,物理类,,,358,105848,
3723,山东力明科技职业学院,2024,重庆,专科批,物理类,,,337,100664,
3729,青岛求实职业技术学院,2024,重庆,专科批,物理类,,,264,118129,
3731,青岛黄海学院,2024,重庆,专科批,物理类,,,230,104432,
3733,山东畜牧兽医职业学院,2024,重庆,专科批,物理类,,,423,81263,
3736,曲阜远东职业技术学院,2024,重庆,专科批,物理类,,,247,122460,
3737,青岛港湾职业技术学院,2024,重庆,专科批,物理类,,,411,102169,
3746,济宁学院,2024,重庆,专科批,物理类,,,426,97876,
3747,日照职业技术学院,2024,重庆,专科批,物理类,,,417,87150,
3766,齐鲁理工学院,2024,重庆,专科批,物理类,,,380,113643,
3774,山东外国语职业技术大学,2024,重庆,专科批,物理类,,,319,125891,
3782,山东职业学院,2024,重庆,专科批,物理类,,,407,97452,
3783,山东铝业职业学院,2024,重庆,专科批,物理类,,,364,113643,
3784,山东海事职业学院,2024,重庆,专科批,物理类,,,231,124278,
3786,潍坊科技学院,2024,重庆,专科批,物理类,,,313,118129,
4126,开封大学,2024,重庆,专科批,物理类,,,422,95764,
4133,焦作大学,2024,重庆,专科批,物理类,,,422,99500,
4137,黄河水利职业技术大学,2024,重庆,专科批,物理类,,,433,80226,
4139,鹤壁职业技术学院,2024,重庆,专科批,物理类,,,323,116226,
4140,河南工业职业技术学院,2024,重庆,专科批,物理类,,,390,110726,
4150,漯河职业技术学院,2024,重庆,专科批,物理类,,,337,110726,
4151,三门峡职业技术学院,2024,重庆,专科批,物理类,,,368,104432,
4155,信阳职业技术学院,2024,重庆,专科批,物理类,,,370,106177,
4161,漯河医学高等专科学校,2024,重庆,专科批,物理类,,,399,83863,
4170,周口职业技术学院,2024,重庆,专科批,物理类,,,383,112800,
4179,商丘医学高等专科学校,2024,重庆,专科批,物理类,,,412,90880,
4186,郑州健康学院,2024,重庆,专科批,物理类,,,385,95764,
4189,河南医学高等专科学校,2024,重庆,专科批,物理类,,,411,103684,
4191,平顶山工业职业技术学院,2024,重庆,专科批,物理类,,,322,124428,
4193,济源职业技术学院,2024,重庆,专科批,物理类,,,370,115008,
4197,河南护理职业学院,2024,重庆,专科批,物理类,,,393,109793,
4239,鄂州职业大学,2024,重庆,专科批,物理类,,,381,103684,
4240,武汉职业技术大学,2024,重庆,专科批,物理类,,,421,85258,
4241,武汉船舶职业技术学院,2024,重庆,专科批,物理类,,,358,99101,
4243,黄冈职业技术学院,2024,重庆,专科批,物理类,,,390,93140,
4244,湖北职业技术学院,2024,重庆,专科批,物理类,,,378,85744,
4247,襄阳职业技术学院,2024,重庆,专科批,物理类,,,406,82330,
4248,恩施职业技术学院,2024,重庆,专科批,物理类,,,354,106177,
4250,武汉生物工程学院,2024,重庆,专科批,物理类,,,336,104056,
4251,湖北交通职业技术学院,2024,重庆,专科批,物理类,,,372,105136,
4252,仙桃职业学院,2024,重庆,专科批,物理类,,,352,107852,
4253,荆州职业技术学院,2024,重庆,专科批,物理类,,,372,108851,
4255,武汉软件工程职业学院,2024,重庆,专科批,物理类,,,463,69093,
4256,武汉电力职业技术学院,2024,重庆,专科批,物理类,,,441,79696,
4257,湖北水利水电职业技术学院,2024,重庆,专科批,物理类,,,412,97452,
4258,武汉商贸职业学院,2024,重庆,专科批,物理类,,,355,117210,
4259,武汉科技职业学院,2024,重庆,专科批,物理类,,,335,119252,
4261,武汉警官职业学院,2024,重庆,专科批,物理类,,,420,74525,
4262,随州职业技术学院,2024,重庆,专科批,物理类,,,346,111363,
4263,武汉交通职业学院,2024,重庆,专科批,物理类,,,377,93560,
4264,咸宁职业技术学院,2024,重庆,专科批,物理类,,,367,108851,
4265,长江工程职业技术学院,2024,重庆,专科批,物理类,,,373,99101,
4267,湖北生态工程职业技术学院,2024,重庆,专科批,物理类,,,373,101787,
4268,湖北生物科技职业学院,2024,重庆,专科批,物理类,,,380,107852,
4274,湖北开放职业学院,2024,重庆,专科批,物理类,,,285,129531,
4276,湖北三峡职业技术学院,2024,重庆,专科批,物理类,,,364,74036,
4278,湖北恩施学院,2024,重庆,专科批,物理类,,,264,112543,
4280,武汉铁路职业技术学院,2024,重庆,专科批,物理类,,,395,52818,
4285,武汉城市职业学院,2024,重庆,专科批,物理类,,,410,99911,
4286,三峡大学科技学院,2024,重庆,专科批,物理类,,,312,101060,
4289,湖北国土资源职业学院,2024,重庆,专科批,物理类,,,392,97038,
4290,湖北中医药高等专科学校,2024,重庆,专科批,物理类,,,445,63080,
4296,湖北城市建设职业技术学院,2024,重庆,专科批,物理类,,,358,107171,
4299,荆州理工职业学院,2024,重庆,专科批,物理类,,,326,107171,
4330,长沙民政职业技术学院,2024,重庆,专科批,物理类,,,407,72424,
4331,湖南工业职业技术学院,2024,重庆,专科批,物理类,,,400,104789,
4332,湖南信息职业技术学院,2024,重庆,专科批,物理类,,,416,94875,
4335,湖南铁道职业技术学院,2024,重庆,专科批,物理类,,,413,97038,
4336,永州职业技术学院,2024,重庆,专科批,物理类,,,365,71325,
4337,湘潭医卫职业技术学院,2024,重庆,专科批,物理类,,,396,106517,
4339,郴州职业技术学院,2024,重庆,专科批,物理类,,,366,103287,
4341,张家界航空工业职业技术学院,2024,重庆,专科批,物理类,,,377,105136,
4342,湖南工程职业技术学院,2024,重庆,专科批,物理类,,,398,104789,
4343,长沙环境保护职业技术学院,2024,重庆,专科批,物理类,,,377,114491,
4348,怀化职业技术学院,2024,重庆,专科批,物理类,,,336,105848,
4351,湖南民族职业学院,2024,重庆,专科批,物理类,,,363,104056,
4355,常德职业技术学院,2024,重庆,专科批,物理类,,,375,103684,
4360,湖南石油化工职业技术学院,2024,重庆,专科批,物理类,,,412,103287,
4363,湖南科技职业学院,2024,重庆,专科批,物理类,,,430,96201,
4364,岳阳职业技术学院,2024,重庆,专科批,物理类,,,397,88140,
4365,长沙南方职业学院,2024,重庆,专科批,物理类,,,180,124278,
4372,湖南大众传媒职业技术学院,2024,重庆,专科批,物理类,,,402,98667,
4373,湖南交通职业技术学院,2024,重庆,专科批,物理类,,,402,106842,
4377,湖南环境生物职业技术学院,2024,重庆,专科批,物理类,,,378,102534,
4378,湖南城建职业技术学院,2024,重庆,专科批,物理类,,,392,110120,
4380,湘西民族职业技术学院,2024,重庆,专科批,物理类,,,369,108851,
4383,湖南高速铁路职业技术学院,2024,重庆,专科批,物理类,,,448,75575,
4389,湖南司法警官职业学院,2024,重庆,专科批,物理类,,,387,102903,
4390,长沙商贸旅游职业技术学院,2024,重庆,专科批,物理类,,,383,112800,
4393,湖南外国语职业学院,2024,重庆,专科批,物理类,,,320,121902,
4396,湖南汽车工程职业大学,2024,重庆,专科批,物理类,,,360,104056,
4397,湖南安全技术职业学院,2024,重庆,专科批,物理类,,,338,123006,
4419,广东南华工商职业学院,2024,重庆,专科批,物理类,,,429,90412,
4421,广州民航职业技术学院,2024,重庆,专科批,物理类,,,419,68047,
4428,广东亚视演艺职业学院,2024,重庆,专科批,物理类,,,225,130616,
4437,广东工贸职业技术学院,2024,重庆,专科批,物理类,,,422,98261,
4439,广东轻工职业技术大学,2024,重庆,专科批,物理类,,,408,80226,
4458,深圳职业技术大学,2024,重庆,专科批,物理类,,,460,71888,
4481,广东文理职业学院,2024,重庆,专科批,物理类,,,314,123492,
4483,广东科学技术职业学院,2024,重庆,专科批,物理类,,,432,88658,
4498,广州卫生职业技术学院,2024,重庆,专科批,物理类,,,401,56771,
4503,桂林理工大学,2024,重庆,专科批,物理类,,,426,83359,
4512,桂林航天工业学院,2024,重庆,专科批,物理类,,,394,95321,
4513,桂林旅游学院,2024,重庆,专科批,物理类,,,422,95321,
4523,广西工业职业技术学院,2024,重庆,专科批,物理类,,,377,112238,
4540,广西国际商务职业技术学院,2024,重庆,专科批,物理类,,,341,115008,
4548,广西英华国际职业学院,2024,重庆,专科批,物理类,,,241,131754,
4551,柳州城市职业学院,2024,重庆,专科批,物理类,,,354,110120,
4553,广西电力职业技术学院,2024,重庆,专科批,物理类,,,412,97038,
4557,梧州职业学院,2024,重庆,专科批,物理类,,,347,112238,
4558,广西机电职业技术学院,2024,重庆,专科批,物理类,,,345,115505,
4560,广西卫生职业技术学院,2024,重庆,专科批,物理类,,,386,106517,
4564,广西幼儿师范高等专科学校,2024,重庆,专科批,物理类,,,342,102534,
4567,广西经济职业学院,2024,重庆,专科批,物理类,,,245,131229,
4571,广西理工职业技术学院,2024,重庆,专科批,物理类,,,287,129390,
4572,广西科技职业学院,2024,重庆,专科批,物理类,,,236,131872,
4575,广西自然资源职业技术学院,2024,重庆,专科批,物理类,,,347,109793,
4576,钦州幼儿师范高等专科学校,2024,重庆,专科批,物理类,,,340,122623,
4579,梧州医学高等专科学校,2024,重庆,专科批,物理类,,,348,115505,
4580,桂林生命与健康职业技术学院,2024,重庆,专科批,物理类,,,261,126157,
4603,海南热带海洋学院,2024,重庆,专科批,物理类,,,407,100290,
4605,海南职业技术学院,2024,重庆,专科批,物理类,,,318,109793,
4606,海口经济学院,2024,重庆,专科批,物理类,,,180,127126,
4607,三亚城市职业学院,2024,重庆,专科批,物理类,,,301,106517,
4608,海南软件职业技术学院,2024,重庆,专科批,物理类,,,360,110726,
4609,海南工商职业学院,2024,重庆,专科批,物理类,,,180,127916,
4613,海南外国语职业学院,2024,重庆,专科批,物理类,,,343,115008,
4616,三亚航空旅游职业学院,2024,重庆,专科批,物理类,,,233,109163,
4617,三亚理工职业学院,2024,重庆,专科批,物理类,,,253,130551,
4620,海南科技职业大学,2024,重庆,专科批,物理类,,,180,119041,
4626,三亚中瑞酒店管理职业学院,2024,重庆,专科批,物理类,,,180,131021,
4627,海南健康管理职业技术学院,2024,重庆,专科批,物理类,,,252,125891,
4628,海南卫生健康职业学院,2024,重庆,专科批,物理类,,,401,96201,
5030,重庆电力高等专科学校,2024,重庆,专科批,物理类,,,401,71325,
5031,重庆航天职业技术学院,2024,重庆,专科批,物理类,,,399,90002,
5032,重庆工业职业技术大学,2024,重庆,专科批,物理类,,,404,95764,
5033,重庆工程职业技术学院,2024,重庆,专科批,物理类,,,377,94448,
5034,重庆城市管理职业学院,2024,重庆,专科批,物理类,,,420,81263,
5036,重庆电子科技职业大学,2024,重庆,专科批,物理类,,,417,83359,
5037,重庆信息技术职业学院,2024,重庆,专科批,物理类,,,190,119252,
5038,重庆海联职业技术学院,2024,重庆,专科批,物理类,,,285,115988,
5039,重庆传媒职业学院,2024,重庆,专科批,物理类,,,230,121699,
5040,重庆工商职业学院,2024,重庆,专科批,物理类,,,390,96633,
5041,重庆建筑科技职业学院,2024,重庆,专科批,物理类,,,332,108519,
5042,重庆三峡职业学院,2024,重庆,专科批,物理类,,,372,98261,
5043,重庆工贸职业技术学院,2024,重庆,专科批,物理类,,,373,96633,
5046,重庆财经职业学院,2024,重庆,专科批,物理类,,,370,104432,
5047,重庆水利电力职业技术学院,2024,重庆,专科批,物理类,,,371,96633,
5050,重庆机电职业技术大学,2024,重庆,专科批,物理类,,,215,118345,
5054,重庆城市职业学院,2024,重庆,专科批,物理类,,,380,102169,
5056,重庆应用技术职业学院,2024,重庆,专科批,物理类,,,314,119041,
5058,重庆电讯职业学院,2024,重庆,专科批,物理类,,,226,123655,
5059,重庆三峡医药高等专科学校,2024,重庆,专科批,物理类,,,348,93140,
5060,重庆医药高等专科学校,2024,重庆,专科批,物理类,,,348,68047,
5061,重庆化工职业学院,2024,重庆,专科批,物理类,,,372,104056,
5062,重庆青年职业技术学院,2024,重庆,专科批,物理类,,,367,104056,
5064,重庆科创职业学院,2024,重庆,专科批,物理类,,,332,116488,
5065,重庆建筑工程职业学院,2024,重庆,专科批,物理类,,,367,91375,
5066,重庆能源职业学院,2024,重庆,专科批,物理类,,,293,121902,
5067,重庆商务职业学院,2024,重庆,专科批,物理类,,,372,102169,
5069,重庆交通职业学院,2024,重庆,专科批,物理类,,,337,112800,
5071,重庆旅游职业学院,2024,重庆,专科批,物理类,,,371,106517,
5072,重庆现代制造职业学院,2024,重庆,专科批,物理类,,,182,130974,
5077,重庆五一职业技术学院,2024,重庆,专科批,物理类,,,352,113077,
5078,重庆电信职业学院,2024,重庆,专科批,物理类,,,313,116226,
5079,重庆公共运输职业学院,2024,重庆,专科批,物理类,,,321,108851,
5080,重庆艺术工程职业学院,2024,重庆,专科批,物理类,,,228,124428,
5081,重庆轻工职业学院,2024,重庆,专科批,物理类,,,262,120293,
5082,重庆安全技术职业学院,2024,重庆,专科批,物理类,,,370,106842,
5083,重庆经贸职业学院,2024,重庆,专科批,物理类,,,206,115742,
5084,重庆文化艺术职业学院,2024,重庆,专科批,物理类,,,368,109793,
5085,重庆科技职业学院,2024,重庆,专科批,物理类,,,188,124428,
5086,重庆理工职业学院,2024,重庆,专科批,物理类,,,308,110726,
5087,重庆幼儿师范高等专科学校,2024,重庆,专科批,物理类,,,340,89113,
5088,重庆智能工程职业学院,2024,重庆,专科批,物理类,,,276,121151,
5089,重庆健康职业学院,2024,重庆,专科批,物理类,,,182,131492,
5090,重庆工信职业学院,2024,重庆,专科批,物理类,,,361,104432,
5091,重庆数字产业职业技术学院,2024,重庆,专科批,物理类,,,215,120949,
5093,重庆护理职业学院,2024,重庆,专科批,物理类,,,223,109458,
5099,重庆资源与环境保护职业学院,2024,重庆,专科批,物理类,,,189,126521,
5111,中国民用航空飞行学院,2024,重庆,专科批,物理类,,,491,65810,
5131,四川传媒学院,2024,重庆,专科批,物理类,,,321,125481,
5133,成都文理学院,2024,重庆,专科批,物理类,,,278,123006,
5135,成都外国语学院,2024,重庆,专科批,物理类,,,370,98261,
5136,电子科技大学成都学院,2024,重庆,专科批,物理类,,,288,108172,
5140,成都纺织高等专科学校,2024,重庆,专科批,物理类,,,382,90002,
5141,民办四川天一学院,2024,重庆,专科批,物理类,,,249,117890,
5142,成都航空职业技术大学,2024,重庆,专科批,物理类,,,446,72424,
5143,四川交通职业技术学院,2024,重庆,专科批,物理类,,,395,99911,
5144,达州职业技术学院,2024,重庆,专科批,物理类,,,350,105848,
5145,四川机电职业技术学院,2024,重庆,专科批,物理类,,,414,102534,
5146,四川工程职业技术大学,2024,重庆,专科批,物理类,,,416,85258,
5147,四川电力职业技术学院,2024,重庆,专科批,物理类,,,425,74036,
5148,绵阳职业技术学院,2024,重庆,专科批,物理类,,,394,109458,
5149,四川工商职业技术学院,2024,重庆,专科批,物理类,,,376,113941,
5150,四川建筑职业技术学院,2024,重庆,专科批,物理类,,,378,108172,
5152,四川国际标榜职业学院,2024,重庆,专科批,物理类,,,218,126283,
5153,成都农业科技职业学院,2024,重庆,专科批,物理类,,,413,71325,
5154,宜宾职业技术学院,2024,重庆,专科批,物理类,,,388,98667,
5156,四川托普信息技术职业学院,2024,重庆,专科批,物理类,,,218,131965,
5157,四川职业技术学院,2024,重庆,专科批,物理类,,,359,107497,
5159,泸州职业技术学院,2024,重庆,专科批,物理类,,,364,112238,
5160,乐山职业技术学院,2024,重庆,专科批,物理类,,,404,106177,
5161,成都职业技术学院,2024,重庆,专科批,物理类,,,360,115988,
5162,南充职业技术学院,2024,重庆,专科批,物理类,,,365,102903,
5163,四川水利职业技术学院,2024,重庆,专科批,物理类,,,382,93140,
5164,四川化工职业技术学院,2024,重庆,专科批,物理类,,,401,107171,
5165,四川航天职业技术学院,2024,重庆,专科批,物理类,,,389,104056,
5168,四川司法警官职业学院,2024,重庆,专科批,物理类,,,403,101060,
5172,自贡职业技术学院,2024,重庆,专科批,物理类,,,180,131989,
5173,雅安职业技术学院,2024,重庆,专科批,物理类,,,407,102534,
5177,内江职业技术学院,2024,重庆,专科批,物理类,,,379,113941,
5178,四川现代职业学院,2024,重庆,专科批,物理类,,,231,126157,
5180,成都大学,2024,重庆,专科批,物理类,,,423,99101,
5183,广安职业技术学院,2024,重庆,专科批,物理类,,,362,102903,
5184,成都锦城学院,2024,重庆,专科批,物理类,,,323,97452,
5185,四川铁道职业学院,2024,重庆,专科批,物理类,,,404,90002,
5187,四川文化传媒职业学院,2024,重庆,专科批,物理类,,,236,123655,
5188,四川华新现代职业学院,2024,重庆,专科批,物理类,,,180,120728,
5189,四川中医药高等专科学校,2024,重庆,专科批,物理类,,,456,84329,
5190,西南财经大学天府学院,2024,重庆,专科批,物理类,,,311,114491,
5191,四川大学锦江学院,2024,重庆,专科批,物理类,,,352,106517,
5192,四川文化艺术学院,2024,重庆,专科批,物理类,,,356,119458,
5193,四川科技职业学院,2024,重庆,专科批,物理类,,,321,117890,
5194,四川文化产业职业学院,2024,重庆,专科批,物理类,,,374,115242,
5196,四川财经职业学院,2024,重庆,专科批,物理类,,,363,106842,
5197,四川长江职业学院,2024,重庆,专科批,物理类,,,217,113643,
5198,四川城市职业学院,2024,重庆,专科批,物理类,,,221,122460,
5217,黔南民族医学高等专科学校,2024,重庆,专科批,物理类,,,369,86642,
5218,贵州航天职业技术学院,2024,重庆,专科批,物理类,,,366,112543,
5219,贵州交通职业大学,2024,重庆,专科批,物理类,,,418,96633,
5221,安顺职业技术学院,2024,重庆,专科批,物理类,,,385,109793,
5222,黔东南民族职业技术学院,2024,重庆,专科批,物理类,,,365,92303,
5223,遵义职业技术学院,2024,重庆,专科批,物理类,,,358,105848,
5224,贵州工业职业技术学院,2024,重庆,专科批,物理类,,,352,110120,
5225,铜仁职业技术大学,2024,重庆,专科批,物理类,,,350,102903,
5226,黔南民族职业技术学院,2024,重庆,专科批,物理类,,,362,117210,
5228,贵州电子信息职业技术学院,2024,重庆,专科批,物理类,,,374,113077,
5233,六盘水职业技术学院,2024,重庆,专科批,物理类,,,360,110433,
5235,贵州轻工职业大学,2024,重庆,专科批,物理类,,,396,107171,
5242,贵阳职业技术学院,2024,重庆,专科批,物理类,,,362,103684,
5243,贵州城市职业学院,2024,重庆,专科批,物理类,,,248,125891,
5245,遵义医药高等专科学校,2024,重庆,专科批,物理类,,,411,83863,
5246,毕节职业技术学院,2024,重庆,专科批,物理类,,,358,102903,
5247,贵州经贸职业技术学院,2024,重庆,专科批,物理类,,,347,121151,
5248,贵州工商职业学院,2024,重庆,专科批,物理类,,,318,125635,
5250,毕节工业职业技术学院,2024,重庆,专科批,物理类,,,306,118129,
5251,贵州机电职业技术学院,2024,重庆,专科批,物理类,,,366,115505,
5252,贵州航空职业技术学院,2024,重庆,专科批,物理类,,,356,108172,
5256,贵阳幼儿师范高等专科学校,2024,重庆,专科批,物理类,,,354,91375,
5258,铜仁幼儿师范高等专科学校,2024,重庆,专科批,物理类,,,358,108519,
5259,毕节医学高等专科学校,2024,重庆,专科批,物理类,,,409,101787,
5261,贵州农业职业学院,2024,重庆,专科批,物理类,,,368,99101,
5262,贵州工程职业学院,2024,重庆,专科批,物理类,,,341,117890,
5265,黔西南民族职业技术学院,2024,重庆,专科批,物理类,,,395,105491,
5266,黔南民族幼儿师范高等专科学校,2024,重庆,专科批,物理类,,,352,120293,
5267,贵州工贸职业学院,2024,重庆,专科批,物理类,,,327,123348,
5269,贵州健康职业学院,2024,重庆,专科批,物理类,,,425,98261,
5273,贵州盛华职业学院,2024,重庆,专科批,物理类,,,344,115242,
5274,毕节幼儿师范高等专科学校,2024,重庆,专科批,物理类,,,310,101060,
5276,六盘水幼儿师范高等专科学校,2024,重庆,专科批,物理类,,,376,114730,
5279,贵州护理职业技术学院,2024,重庆,专科批,物理类,,,409,104432,
5280,贵州财经职业学院,2024,重庆,专科批,物理类,,,362,113385,
5281,贵州民用航空职业学院,2024,重庆,专科批,物理类,,,270,130551,
5282,贵州铜仁数据职业学院,2024,重庆,专科批,物理类,,,285,123801,
5283,贵州传媒职业学院,2024,重庆,专科批,物理类,,,351,119041,
5314,丽江文化旅游学院,2024,重庆,专科批,物理类,,,290,127245,
5320,昆明冶金高等专科学校,2024,重庆,专科批,物理类,,,380,113643,
5321,云南国土资源职业学院,2024,重庆,专科批,物理类,,,358,119041,
5324,云南农业职业技术学院,2024,重庆,专科批,物理类,,,356,118129,
5325,云南司法警官职业学院,2024,重庆,专科批,物理类,,,399,99911,
5326,云南经济管理学院,2024,重庆,专科批,物理类,,,180,105848,
5329,云南新兴职业学院,2024,重庆,专科批,物理类,,,247,113941,
5331,云南机电职业技术学院,2024,重庆,专科批,物理类,,,395,109163,
5333,云南交通职业技术学院,2024,重庆,专科批,物理类,,,354,109163,
5335,玉溪农业职业技术学院,2024,重庆,专科批,物理类,,,410,104056,
5338,西双版纳职业技术学院,2024,重庆,专科批,物理类,,,400,107497,
5342,云南工商学院,2024,重庆,专科批,物理类,,,229,132032,
5345,云南林业职业技术学院,2024,重庆,专科批,物理类,,,392,109793,
5346,楚雄医药高等专科学校,2024,重庆,专科批,物理类,,,403,106517,
5347,曲靖健康医学院,2024,重庆,专科批,物理类,,,417,88140,
5348,丽江师范学院,2024,重庆,专科批,物理类,,,383,95321,
5350,云南经贸外事职业学院,2024,重庆,专科批,物理类,,,239,127916,
5353,云南城市建设职业学院,2024,重庆,专科批,物理类,,,242,115008,
5361,昭通卫生职业学院,2024,重庆,专科批,物理类,,,350,97876,
5362,大理护理职业学院,2024,重庆,专科批,物理类,,,390,95321,
5365,云南交通运输职业学院,2024,重庆,专科批,物理类,,,376,113385,
5373,保山中医药高等专科学校,2024,重庆,专科批,物理类,,,395,104432,
5375,德宏职业学院,2024,重庆,专科批,物理类,,,390,92723,
5379,大理农林职业技术学院,2024,重庆,专科批,物理类,,,346,120728,
5381,昆明卫生职业学院,2024,重庆,专科批,物理类,,,421,99911,
5382,云南财经职业学院,2024,重庆,专科批,物理类,,,377,114491,
5384,昆明铁道职业技术学院,2024,重庆,专科批,物理类,,,383,97876,
5390,云南医药健康职业学院,2024,重庆,专科批,物理类,,,367,101787,
5392,云南商务职业学院,2024,重庆,专科批,物理类,,,231,123801,
5394,云南理工职业学院,2024,重庆,专科批,物理类,,,259,116226,
5406,西藏职业技术学院,2024,重庆,专科批,物理类,,,347,104789,
6138,陕西交通职业技术学院,2024,重庆,专科批,物理类,,,417,67512,
6140,西安航空职业技术学院,2024,重庆,专科批,物理类,,,403,104432,
6142,西安思源学院,2024,重庆,专科批,物理类,,,285,108851,
6145,陕西航空职业技术学院,2024,重庆,专科批,物理类,,,384,97452,
6147,陕西铁路工程职业技术学院,2024,重庆,专科批,物理类,,,431,88658,
6148,陕西警察学院,2024,重庆,专科批,物理类,,,483,70227,
6150,西安海棠职业学院,2024,重庆,专科批,物理类,,,293,112543,
6151,西安汽车职业大学,2024,重庆,专科批,物理类,,,294,125192,
6158,西安工商学院,2024,重庆,专科批,物理类,,,224,111953,
6160,西安城市建设职业学院,2024,重庆,专科批,物理类,,,260,123193,
6167,西安铁路职业技术学院,2024,重庆,专科批,物理类,,,425,95764,
6168,商洛职业技术学院,2024,重庆,专科批,物理类,,,387,111668,
6169,渭南职业技术学院,2024,重庆,专科批,物理类,,,346,104432,
6170,安康职业技术学院,2024,重庆,专科批,物理类,,,385,112238,
6171,西安职业技术学院,2024,重庆,专科批,物理类,,,365,117441,
6179,陕西能源职业技术学院,2024,重庆,专科批,物理类,,,357,100290,
6181,陕西财经职业技术学院,2024,重庆,专科批,物理类,,,422,99500,
6182,西安信息职业大学,2024,重庆,专科批,物理类,,,180,102903,
6183,西安医学高等专科学校,2024,重庆,专科批,物理类,,,353,84807,
6186,宝鸡职业技术学院,2024,重庆,专科批,物理类,,,352,96201,
6187,延安职业技术学院,2024,重庆,专科批,物理类,,,355,108172,
6188,陕西邮电职业技术学院,2024,重庆,专科批,物理类,,,373,95764,
6189,咸阳职业技术学院,2024,重庆,专科批,物理类,,,340,116755,
6190,铜川职业技术学院,2024,重庆,专科批,物理类,,,364,117672,
6191,陕西旅游烹饪职业学院,2024,重庆,专科批,物理类,,,271,130494,
6194,西安交通工程学院,2024,重庆,专科批,物理类,,,377,114491,
6196,汉中职业技术学院,2024,重庆,专科批,物理类,,,368,90002,
6199,榆林能源科技职业学院,2024,重庆,专科批,物理类,,,349,107497,
6211,兰州资源环境职业技术大学,2024,重庆,专科批,物理类,,,407,105136,
6231,甘肃交通职业技术学院,2024,重庆,专科批,物理类,,,352,113077,
6240,甘肃有色冶金职业技术学院,2024,重庆,专科批,物理类,,,309,124428,
6253,兰州石化职业技术大学,2024,重庆,专科批,物理类,,,419,96633,
6307,青海农牧科技职业学院,2024,重庆,专科批,物理类,,,337,95321,
6308,青海卫生职业技术学院,2024,重庆,专科批,物理类,,,375,94012,
6512,新疆工程学院,2024,重庆,专科批,物理类,,,418,98261,
6513,乌鲁木齐职业大学,2024,重庆,专科批,物理类,,,360,95764,
6516,新疆轻工职业技术学院,2024,重庆,专科批,物理类,,,352,105848,
6530,新疆石河子职业技术学院,2024,重庆,专科批,物理类,,,339,110726,
6532,新疆职业大学,2024,重庆,专科批,物理类,,,344,113643,
6533,巴音郭楞职业技术学院,2024,重庆,专科批,物理类,,,342,109458,
6534,新疆应用职业技术学院,2024,重庆,专科批,物理类,,,323,122274,
6536,新疆警察学院,2024,重庆,专科批,物理类,,,421,96633,
6538,新疆师范高等专科学校,2024,重庆,专科批,物理类,,,359,112800,
6543,新疆和田学院,2024,重庆,专科批,物理类,,,235,123193,
6545,阿克苏职业技术学院,2024,重庆,专科批,物理类,,,359,118575,
6550,铁门关职业技术学院,2024,重庆,专科批,物理类,,,349,119898,
6551,石河子工程职业技术学院,2024,重庆,专科批,物理类,,,347,100290,
6552,喀什职业技术学院,2024,重庆,专科批,物理类,,,326,110726,
6555,阿勒泰职业技术学院,2024,重庆,专科批,物理类,,,304,111038,
6557,塔里木职业技术学院,2024,重庆,专科批,物理类,,,357,113077,
6558,阿克苏工业职业技术学院,2024,重庆,专科批,物理类,,,329,123801,
6559,新星职业技术学院,2024,重庆,专科批,物理类,,,284,125039,
,三峡旅游职业技术学院,2024,重庆,专科批,物理类,,,363,103287,
4302,吉首大学,2024,重庆,本科二批,物理类,,,513,53362,
1101,北京大学,2024,重庆,本科批,物理类,,,699,161,
1102,北京大学医学部,2024,重庆,本科批,物理类,,,679,161,
1103,中国人民大学,2024,重庆,本科批,物理类,,,674,253,
1104,清华大学,2024,重庆,本科批,物理类,,,699,161,
1105,北京交通大学,2024,重庆,本科批,物理类,,,558,2365,
1106,北京航空航天大学,2024,重庆,本科批,物理类,,,652,161,
1107,北京理工大学,2024,重庆,本科批,物理类,,,626,6277,
1108,北京科技大学,2024,重庆,本科批,物理类,,,614,5910,
1109,北方工业大学,2024,重庆,本科批,物理类,,,544,9660,
1110,北京化工大学,2024,重庆,本科批,物理类,,,576,7882,
1112,北京邮电大学,2024,重庆,本科批,物理类,,,606,1233,
1113,北京印刷学院,2024,重庆,本科批,物理类,,,524,30664,
1114,北京石油化工学院,2024,重庆,本科批,物理类,,,540,38580,
1116,中国农业大学,2024,重庆,本科批,物理类,,,592,5910,
1117,北京林业大学,2024,重庆,本科批,物理类,,,576,12178,
1118,北京中医药大学,2024,重庆,本科批,物理类,,,588,13095,
1120,首都师范大学,2024,重庆,本科批,物理类,,,604,8388,
1121,首都体育学院,2024,重庆,本科批,物理类,,,518,50495,
1122,北京外国语大学,2024,重庆,本科批,物理类,,,620,4805,
1123,北京第二外国语学院,2024,重庆,本科批,物理类,,,568,21039,
1124,北京语言大学,2024,重庆,本科批,物理类,,,543,16151,
1125,中国传媒大学,2024,重庆,本科批,物理类,,,618,6722,
1126,中央财经大学,2024,重庆,本科批,物理类,,,611,1941,
1127,对外经济贸易大学,2024,重庆,本科批,物理类,,,608,3507,
1128,北京物资学院,2024,重庆,本科批,物理类,,,501,19519,
1130,中国人民公安大学,2024,重庆,本科批,物理类,,,608,10751,
1132,北京体育大学,2024,重庆,本科批,物理类,,,518,14392,
1135,中央美术学院,2024,重庆,本科批,物理类,,,555,16151,
1140,中央民族大学,2024,重庆,本科批,物理类,,,596,8388,
1141,中国政法大学,2024,重庆,本科批,物理类,,,624,1091,
1142,华北电力大学（北京）,2024,重庆,本科批,物理类,,,600,11309,
1143,北京信息科技大学,2024,重庆,本科批,物理类,,,582,19519,
1145,中国矿业大学（北京）,2024,重庆,本科批,物理类,,,590,15067,
1146,中国石油大学（北京）,2024,重庆,本科批,物理类,,,592,9926,
1147,中国地质大学（北京）,2024,重庆,本科批,物理类,,,588,11309,
1148,北京联合大学,2024,重庆,本科批,物理类,,,532,42744,
1149,北京城市学院,2024,重庆,本科批,物理类,,,485,64680,
1151,首都经济贸易大学,2024,重庆,本科批,物理类,,,570,13723,
1152,北京工商大学,2024,重庆,本科批,物理类,,,525,26509,
1153,中华女子学院,2024,重庆,本科批,物理类,,,518,39605,
1168,中国劳动关系学院,2024,重庆,本科批,物理类,,,515,29726,
1173,北京农学院,2024,重庆,本科批,物理类,,,522,35590,
1186,北京工业大学,2024,重庆,本科批,物理类,,,605,11578,
1188,中国社会科学院大学,2024,重庆,本科批,物理类,,,618,5711,
1190,北京协和医学院,2024,重庆,本科批,物理类,,,603,12178,
1198,北京建筑大学,2024,重庆,本科批,物理类,,,520,49340,
1199,民政职业大学,2024,重庆,本科批,物理类,,,497,59620,
1201,南开大学,2024,重庆,本科批,物理类,,,657,1489,
1202,天津大学,2024,重庆,本科批,物理类,,,640,3792,
1203,天津科技大学,2024,重庆,本科批,物理类,,,542,20676,
1204,天津工业大学,2024,重庆,本科批,物理类,,,573,23029,
1205,中国民航大学,2024,重庆,本科批,物理类,,,577,21426,
1206,天津理工大学,2024,重庆,本科批,物理类,,,538,23888,
1207,天津农学院,2024,重庆,本科批,物理类,,,499,55030,
1208,天津中医药大学,2024,重庆,本科批,物理类,,,546,35590,
1209,天津外国语大学,2024,重庆,本科批,物理类,,,520,25204,
1210,天津商业大学,2024,重庆,本科批,物理类,,,506,37610,
1211,天津财经大学,2024,重庆,本科批,物理类,,,540,17944,
1212,天津体育学院,2024,重庆,本科批,物理类,,,500,46574,
1215,河北工业大学,2024,重庆,本科批,物理类,,,579,11309,
1216,天津城建大学,2024,重庆,本科批,物理类,,,487,44926,
1217,天津中德应用技术大学,2024,重庆,本科批,物理类,,,514,52818,
1218,天津医科大学,2024,重庆,本科批,物理类,,,599,11037,
1219,北京科技大学天津学院,2024,重庆,本科批,物理类,,,464,71325,
1220,天津商业大学宝德学院,2024,重庆,本科批,物理类,,,454,70781,
1221,天津医科大学临床医学院,2024,重庆,本科批,物理类,,,505,57861,
1236,天津师范大学,2024,重庆,本科批,物理类,,,523,20262,
1239,天津外国语大学滨海外事学院,2024,重庆,本科批,物理类,,,480,71888,
1246,天津理工大学中环信息学院,2024,重庆,本科批,物理类,,,477,73527,
1250,天津仁爱学院,2024,重庆,本科批,物理类,,,428,90880,
1251,天津职业技术师范大学,2024,重庆,本科批,物理类,,,490,45443,
1252,天津财经大学珠江学院,2024,重庆,本科批,物理类,,,455,74036,
1301,河北工程大学,2024,重庆,本科批,物理类,,,507,52269,
1302,河北地质大学,2024,重庆,本科批,物理类,,,511,43311,
1303,华北电力大学（保定）,2024,重庆,本科批,物理类,,,586,9926,
1304,华北理工大学,2024,重庆,本科批,物理类,,,524,43311,
1305,河北师范大学,2024,重庆,本科批,物理类,,,553,29235,
1306,邯郸学院,2024,重庆,本科批,物理类,,,497,56771,
1307,邢台学院,2024,重庆,本科批,物理类,,,492,51095,
1308,石家庄铁道大学,2024,重庆,本科批,物理类,,,514,30664,
1309,燕山大学,2024,重庆,本科批,物理类,,,539,39077,
1310,华北科技学院,2024,重庆,本科批,物理类,,,496,63080,
1311,中国人民警察大学,2024,重庆,本科批,物理类,,,564,26935,
1312,北华航天工业学院,2024,重庆,本科批,物理类,,,494,48200,
1314,东北大学秦皇岛分校,2024,重庆,本科批,物理类,,,600,10182,
1315,华北理工大学轻工学院,2024,重庆,本科批,物理类,,,458,83359,
1316,河北工程大学科信学院,2024,重庆,本科批,物理类,,,475,74525,
1318,河北金融学院,2024,重庆,本科批,物理类,,,491,52269,
1319,防灾科技学院,2024,重庆,本科批,物理类,,,509,51095,
1339,河北外国语学院,2024,重庆,本科批,物理类,,,463,72972,
1342,河北环境工程学院,2024,重庆,本科批,物理类,,,490,66360,
1343,保定学院,2024,重庆,本科批,物理类,,,509,53362,
1344,河北北方学院,2024,重庆,本科批,物理类,,,526,27386,
1353,河北农业大学,2024,重庆,本科批,物理类,,,497,52269,
1356,河北建筑工程学院,2024,重庆,本科批,物理类,,,497,52818,
1358,河北医科大学,2024,重庆,本科批,物理类,,,511,19881,
1359,河北医科大学临床学院,2024,重庆,本科批,物理类,,,533,42243,
1361,衡水学院,2024,重庆,本科批,物理类,,,492,65241,
1366,石家庄铁道大学四方学院,2024,重庆,本科批,物理类,,,480,71888,
1369,河北大学,2024,重庆,本科批,物理类,,,521,25632,
1370,河北科技大学,2024,重庆,本科批,物理类,,,515,32617,
1372,廊坊师范学院,2024,重庆,本科批,物理类,,,490,56771,
1373,河北工程技术学院,2024,重庆,本科批,物理类,,,435,85744,
1378,河北地质大学华信学院,2024,重庆,本科批,物理类,,,445,75575,
1381,唐山师范学院,2024,重庆,本科批,物理类,,,487,60789,
1385,保定理工学院,2024,重庆,本科批,物理类,,,450,78134,
1386,河北经贸大学,2024,重庆,本科批,物理类,,,499,34042,
1388,唐山学院,2024,重庆,本科批,物理类,,,509,55624,
1390,河北东方学院,2024,重庆,本科批,物理类,,,474,75077,
1391,承德医学院,2024,重庆,本科批,物理类,,,578,21039,
1395,河北中医药大学,2024,重庆,本科批,物理类,,,544,36594,
1396,张家口学院,2024,重庆,本科批,物理类,,,488,61400,
1399,沧州师范学院,2024,重庆,本科批,物理类,,,499,61400,
1401,太原科技大学,2024,重庆,本科批,物理类,,,523,47654,
1402,中北大学,2024,重庆,本科批,物理类,,,512,35073,
1403,太原理工大学,2024,重庆,本科批,物理类,,,578,14043,
1404,山西农业大学,2024,重庆,本科批,物理类,,,526,46014,
1405,山西医科大学,2024,重庆,本科批,物理类,,,536,40667,
1406,山西大同大学,2024,重庆,本科批,物理类,,,505,57861,
1407,忻州师范学院,2024,重庆,本科批,物理类,,,489,61933,
1408,山西财经大学,2024,重庆,本科批,物理类,,,496,21845,
1415,山西应用科技学院,2024,重庆,本科批,物理类,,,457,83863,
1423,山西工学院,2024,重庆,本科批,物理类,,,508,20676,
1425,山西大学,2024,重庆,本科批,物理类,,,577,7635,
1428,太原学院,2024,重庆,本科批,物理类,,,488,52819,
1430,山西晋中理工学院,2024,重庆,本科批,物理类,,,466,75575,
1433,山西师范大学,2024,重庆,本科批,物理类,,,497,31150,
1434,太原师范学院,2024,重庆,本科批,物理类,,,503,59024,
1439,长治医学院,2024,重庆,本科批,物理类,,,510,42243,
1445,晋中学院,2024,重庆,本科批,物理类,,,487,60196,
1446,太原工业学院,2024,重庆,本科批,物理类,,,491,50495,
1448,吕梁学院,2024,重庆,本科批,物理类,,,489,62533,
1449,山西中医药大学,2024,重庆,本科批,物理类,,,525,46574,
1450,山西传媒学院,2024,重庆,本科批,物理类,,,490,64680,
1452,运城职业技术大学,2024,重庆,本科批,物理类,,,454,69093,
1453,晋中信息学院,2024,重庆,本科批,物理类,,,467,78649,
1465,山西工程技术学院,2024,重庆,本科批,物理类,,,496,60196,
1501,内蒙古大学,2024,重庆,本科批,物理类,,,550,20676,
1502,内蒙古科技大学,2024,重庆,本科批,物理类,,,496,63080,
1505,内蒙古工业大学,2024,重庆,本科批,物理类,,,500,60789,
1508,内蒙古农业大学,2024,重庆,本科批,物理类,,,502,59620,
1509,内蒙古师范大学,2024,重庆,本科批,物理类,,,490,66360,
1510,呼伦贝尔学院,2024,重庆,本科批,物理类,,,486,68562,
1513,内蒙古民族大学,2024,重庆,本科批,物理类,,,497,62533,
1514,内蒙古财经大学,2024,重庆,本科批,物理类,,,501,60196,
1515,内蒙古医科大学,2024,重庆,本科批,物理类,,,530,21426,
2102,沈阳工业大学,2024,重庆,本科批,物理类,,,508,52269,
2104,沈阳理工大学,2024,重庆,本科批,物理类,,,508,31150,
2105,东北大学,2024,重庆,本科批,物理类,,,606,11309,
2106,辽宁科技大学,2024,重庆,本科批,物理类,,,487,37057,
2107,辽宁工程技术大学,2024,重庆,本科批,物理类,,,515,52269,
2108,辽宁石油化工大学,2024,重庆,本科批,物理类,,,512,38580,
2109,沈阳化工大学,2024,重庆,本科批,物理类,,,525,27386,
2110,大连交通大学,2024,重庆,本科批,物理类,,,532,42744,
2111,大连海事大学,2024,重庆,本科批,物理类,,,572,14725,
2113,沈阳建筑大学,2024,重庆,本科批,物理类,,,508,29726,
2115,沈阳农业大学,2024,重庆,本科批,物理类,,,517,30664,
2116,中国医科大学,2024,重庆,本科批,物理类,,,536,1836,
2117,锦州医科大学,2024,重庆,本科批,物理类,,,533,15413,
2118,大连医科大学,2024,重庆,本科批,物理类,,,530,3373,
2119,沈阳药科大学,2024,重庆,本科批,物理类,,,530,10464,
2121,东北财经大学,2024,重庆,本科批,物理类,,,513,11309,
2125,大连民族大学,2024,重庆,本科批,物理类,,,510,55030,
2126,辽宁科技学院,2024,重庆,本科批,物理类,,,487,52818,
2128,辽宁中医药大学,2024,重庆,本科批,物理类,,,517,51095,
2129,渤海大学,2024,重庆,本科批,物理类,,,519,48782,
2130,沈阳工程学院,2024,重庆,本科批,物理类,,,562,12784,
2132,大连财经学院,2024,重庆,本科批,物理类,,,438,64147,
2143,大连东软信息学院,2024,重庆,本科批,物理类,,,430,96201,
2147,辽宁对外经贸学院,2024,重庆,本科批,物理类,,,431,73527,
2148,沈阳大学,2024,重庆,本科批,物理类,,,498,47654,
2150,辽宁理工学院,2024,重庆,本科批,物理类,,,448,85258,
2151,沈阳城市学院,2024,重庆,本科批,物理类,,,430,89559,
2153,辽宁大学,2024,重庆,本科批,物理类,,,593,15067,
2154,鞍山师范学院,2024,重庆,本科批,物理类,,,537,40118,
2159,沈阳工学院,2024,重庆,本科批,物理类,,,428,96201,
2160,沈阳城市建设学院,2024,重庆,本科批,物理类,,,436,93560,
2161,锦州医科大学医疗学院,2024,重庆,本科批,物理类,,,529,32101,
2166,大连大学,2024,重庆,本科批,物理类,,,509,32101,
2177,大连理工大学,2024,重庆,本科批,物理类,,,609,1162,
2178,大连海洋大学,2024,重庆,本科批,物理类,,,509,42243,
2189,沈阳医学院,2024,重庆,本科批,物理类,,,511,16864,
2190,辽宁师范大学,2024,重庆,本科批,物理类,,,490,66360,
2194,大连医科大学中山学院,2024,重庆,本科批,物理类,,,458,70227,
2196,辽宁何氏医学院,2024,重庆,本科批,物理类,,,516,47121,
2201,吉林大学,2024,重庆,本科批,物理类,,,604,3100,
2202,延边大学,2024,重庆,本科批,物理类,,,566,12784,
2203,长春理工大学,2024,重庆,本科批,物理类,,,522,32617,
2204,东北电力大学,2024,重庆,本科批,物理类,,,552,32617,
2205,长春工业大学,2024,重庆,本科批,物理类,,,516,23888,
2206,吉林建筑大学,2024,重庆,本科批,物理类,,,506,52818,
2207,吉林农业大学,2024,重庆,本科批,物理类,,,513,53362,
2208,东北师范大学,2024,重庆,本科批,物理类,,,510,8623,
2209,通化师范学院,2024,重庆,本科批,物理类,,,505,51692,
2211,长春师范大学,2024,重庆,本科批,物理类,,,526,46014,
2212,白城师范学院,2024,重庆,本科批,物理类,,,496,63080,
2213,吉林财经大学,2024,重庆,本科批,物理类,,,494,46574,
2214,吉林农业科技学院,2024,重庆,本科批,物理类,,,494,43311,
2215,长春大学,2024,重庆,本科批,物理类,,,504,47121,
2216,长春工程学院,2024,重庆,本科批,物理类,,,490,63080,
2219,长春财经学院,2024,重庆,本科批,物理类,,,453,80226,
2221,长春建筑学院,2024,重庆,本科批,物理类,,,430,94448,
2225,长春汽车职业技术大学,2024,重庆,本科批,物理类,,,490,60789,
2233,吉林师范大学,2024,重庆,本科批,物理类,,,503,59024,
2235,长春工业大学人文信息学院,2024,重庆,本科批,物理类,,,432,95321,
2237,吉林师范大学博达学院,2024,重庆,本科批,物理类,,,448,77075,
2241,长春电子科技学院,2024,重庆,本科批,物理类,,,432,82868,
2242,长春中医药大学,2024,重庆,本科批,物理类,,,545,14725,
2243,北华大学,2024,重庆,本科批,物理类,,,514,52818,
2244,吉林外国语大学,2024,重庆,本科批,物理类,,,468,78134,
2246,吉林医药学院,2024,重庆,本科批,物理类,,,523,47654,
2247,吉林工商学院,2024,重庆,本科批,物理类,,,502,52269,
2250,长春科技学院,2024,重庆,本科批,物理类,,,450,78134,
2301,黑龙江大学,2024,重庆,本科批,物理类,,,522,28781,
2302,哈尔滨工业大学,2024,重庆,本科批,物理类,,,618,2970,
2303,哈尔滨工程大学,2024,重庆,本科批,物理类,,,590,3373,
2304,黑龙江科技大学,2024,重庆,本科批,物理类,,,506,55624,
2305,东北石油大学,2024,重庆,本科批,物理类,,,518,23465,
2306,齐齐哈尔大学,2024,重庆,本科批,物理类,,,488,42744,
2307,东北农业大学,2024,重庆,本科批,物理类,,,557,22618,
2308,东北林业大学,2024,重庆,本科批,物理类,,,574,20262,
2309,哈尔滨医科大学,2024,重庆,本科批,物理类,,,554,14043,
2311,黑龙江中医药大学,2024,重庆,本科批,物理类,,,523,29235,
2312,哈尔滨师范大学,2024,重庆,本科批,物理类,,,485,32617,
2313,哈尔滨商业大学,2024,重庆,本科批,物理类,,,497,45443,
2314,佳木斯大学,2024,重庆,本科批,物理类,,,506,55030,
2315,哈尔滨理工大学,2024,重庆,本科批,物理类,,,550,31150,
2316,哈尔滨学院,2024,重庆,本科批,物理类,,,489,55030,
2317,黑龙江工程学院,2024,重庆,本科批,物理类,,,492,49916,
2318,黑龙江财经学院,2024,重庆,本科批,物理类,,,429,90412,
2324,齐齐哈尔工程学院,2024,重庆,本科批,物理类,,,428,97038,
2328,哈尔滨信息工程学院,2024,重庆,本科批,物理类,,,440,91858,
2340,牡丹江医科大学,2024,重庆,本科批,物理类,,,533,26935,
2350,绥化学院,2024,重庆,本科批,物理类,,,496,62533,
2352,齐齐哈尔医学院,2024,重庆,本科批,物理类,,,498,38580,
3101,复旦大学,2024,重庆,本科批,物理类,,,683,253,
3102,同济大学,2024,重庆,本科批,物理类,,,656,481,
3103,上海交通大学,2024,重庆,本科批,物理类,,,684,161,
3104,华东理工大学,2024,重庆,本科批,物理类,,,610,10182,
3105,上海理工大学,2024,重庆,本科批,物理类,,,559,29235,
3106,上海海事大学,2024,重庆,本科批,物理类,,,548,17944,
3107,东华大学,2024,重庆,本科批,物理类,,,597,6098,
3108,上海电力大学,2024,重庆,本科批,物理类,,,564,24357,
3110,华东师范大学,2024,重庆,本科批,物理类,,,644,2591,
3111,上海师范大学,2024,重庆,本科批,物理类,,,529,15799,
3112,上海外国语大学,2024,重庆,本科批,物理类,,,618,5711,
3113,上海财经大学,2024,重庆,本科批,物理类,,,630,1091,
3114,上海对外经贸大学,2024,重庆,本科批,物理类,,,549,10464,
3115,华东政法大学,2024,重庆,本科批,物理类,,,585,3941,
3119,上海大学,2024,重庆,本科批,物理类,,,598,10464,
3120,上海健康医学院,2024,重庆,本科批,物理类,,,519,44378,
3121,上海海关学院,2024,重庆,本科批,物理类,,,600,13094,
3124,上海建桥学院,2024,重庆,本科批,物理类,,,452,70781,
3130,上海第二工业大学,2024,重庆,本科批,物理类,,,534,41686,
3132,上海海洋大学,2024,重庆,本科批,物理类,,,560,26509,
3133,上海商学院,2024,重庆,本科批,物理类,,,518,44378,
3139,上海工程技术大学,2024,重庆,本科批,物理类,,,510,37610,
3140,上海政法学院,2024,重庆,本科批,物理类,,,489,16864,
3141,上海视觉艺术学院,2024,重庆,本科批,物理类,,,493,64680,
3144,上海杉达学院,2024,重庆,本科批,物理类,,,492,65241,
3145,上海电机学院,2024,重庆,本科批,物理类,,,517,47654,
3147,上海立信会计金融学院,2024,重庆,本科批,物理类,,,525,22618,
3151,上海交通大学医学院,2024,重庆,本科批,物理类,,,674,161,
3156,上海师范大学天华学院,2024,重庆,本科批,物理类,,,427,96633,
3159,上海应用技术大学,2024,重庆,本科批,物理类,,,523,35073,
3175,上海中侨职业技术大学,2024,重庆,本科批,物理类,,,442,71888,
3178,上海外国语大学贤达经济人文学院,2024,重庆,本科批,物理类,,,427,69093,
3179,复旦大学上海医学院,2024,重庆,本科批,物理类,,,664,177,
3201,南京大学,2024,重庆,本科批,物理类,,,677,409,
3202,苏州大学,2024,重庆,本科批,物理类,,,620,7635,
3203,东南大学,2024,重庆,本科批,物理类,,,655,820,
3204,南京航空航天大学,2024,重庆,本科批,物理类,,,603,3100,
3205,南京理工大学,2024,重庆,本科批,物理类,,,599,2482,
3206,江苏科技大学,2024,重庆,本科批,物理类,,,542,30207,
3207,中国矿业大学,2024,重庆,本科批,物理类,,,587,10464,
3208,南京工业大学,2024,重庆,本科批,物理类,,,552,22618,
3209,常州大学,2024,重庆,本科批,物理类,,,551,33093,
3210,南京邮电大学,2024,重庆,本科批,物理类,,,622,5911,
3211,河海大学,2024,重庆,本科批,物理类,,,615,8874,
3212,金陵科技学院,2024,重庆,本科批,物理类,,,518,42243,
3213,江南大学,2024,重庆,本科批,物理类,,,575,13723,
3214,南京林业大学,2024,重庆,本科批,物理类,,,570,24357,
3215,江苏大学,2024,重庆,本科批,物理类,,,582,19519,
3216,南京信息工程大学,2024,重庆,本科批,物理类,,,614,8140,
3217,南京农业大学,2024,重庆,本科批,物理类,,,582,17238,
3218,南京中医药大学,2024,重庆,本科批,物理类,,,559,4625,
3219,中国药科大学,2024,重庆,本科批,物理类,,,579,20676,
3221,盐城师范学院,2024,重庆,本科批,物理类,,,494,64147,
3222,南京财经大学,2024,重庆,本科批,物理类,,,548,20262,
3223,南京艺术学院,2024,重庆,本科批,物理类,,,559,29235,
3224,淮阴工学院,2024,重庆,本科批,物理类,,,489,57303,
3225,常州工学院,2024,重庆,本科批,物理类,,,508,50495,
3226,南京审计大学,2024,重庆,本科批,物理类,,,552,7167,
3227,江苏海洋大学,2024,重庆,本科批,物理类,,,501,37610,
3228,南京工程学院,2024,重庆,本科批,物理类,,,494,11309,
3229,苏州科技大学,2024,重庆,本科批,物理类,,,543,37057,
3230,陆军工程大学,2024,重庆,本科批,物理类,,,592,15067,
3231,南通大学,2024,重庆,本科批,物理类,,,535,40668,
3232,徐州工程学院,2024,重庆,本科批,物理类,,,500,58435,
3240,南京特殊教育师范学院,2024,重庆,本科批,物理类,,,501,41686,
3242,无锡太湖学院,2024,重庆,本科批,物理类,,,456,78649,
3244,东南大学成贤学院,2024,重庆,本科批,物理类,,,487,68047,
3245,南京工业职业技术大学,2024,重庆,本科批,物理类,,,521,42744,
3248,中国矿业大学徐海学院,2024,重庆,本科批,物理类,,,462,75077,
3249,南京师范大学,2024,重庆,本科批,物理类,,,589,9405,
3251,扬州大学,2024,重庆,本科批,物理类,,,565,26509,
3252,南京医科大学,2024,重庆,本科批,物理类,,,584,1941,
3257,无锡学院,2024,重庆,本科批,物理类,,,543,32101,
3258,南京邮电大学通达学院,2024,重庆,本科批,物理类,,,474,68047,
3259,南京审计大学金审学院,2024,重庆,本科批,物理类,,,476,61933,
3261,苏州工学院,2024,重庆,本科批,物理类,,,523,40667,
3264,盐城工学院,2024,重庆,本科批,物理类,,,512,50495,
3265,江苏理工学院,2024,重庆,本科批,物理类,,,507,38580,
3268,南京工业大学浦江学院,2024,重庆,本科批,物理类,,,474,75077,
3270,江苏大学京江学院,2024,重庆,本科批,物理类,,,430,59620,
3275,西交利物浦大学,2024,重庆,本科批,物理类,,,556,28281,
3282,南京航空航天大学金城学院,2024,重庆,本科批,物理类,,,472,76061,
3284,南京晓庄学院,2024,重庆,本科批,物理类,,,523,40118,
3297,三江学院,2024,重庆,本科批,物理类,,,434,74036,
3301,浙江大学,2024,重庆,本科批,物理类,,,682,161,
3302,杭州电子科技大学,2024,重庆,本科批,物理类,,,564,21039,
3303,浙江工业大学,2024,重庆,本科批,物理类,,,540,21039,
3304,浙江理工大学,2024,重庆,本科批,物理类,,,552,20262,
3305,浙江农林大学,2024,重庆,本科批,物理类,,,543,37057,
3306,杭州师范大学,2024,重庆,本科批,物理类,,,546,27386,
3308,浙江工商大学,2024,重庆,本科批,物理类,,,521,14725,
3310,中国计量大学,2024,重庆,本科批,物理类,,,573,21845,
3311,浙江万里学院,2024,重庆,本科批,物理类,,,491,56230,
3312,宁波大学,2024,重庆,本科批,物理类,,,590,16513,
3313,浙江传媒学院,2024,重庆,本科批,物理类,,,515,20676,
3319,嘉兴大学,2024,重庆,本科批,物理类,,,518,34042,
3320,绍兴文理学院,2024,重庆,本科批,物理类,,,484,69681,
3325,浙江师范大学,2024,重庆,本科批,物理类,,,548,13094,
3327,宁波诺丁汉大学,2024,重庆,本科批,物理类,,,566,21426,
3328,温州大学,2024,重庆,本科批,物理类,,,528,20262,
3331,丽水学院,2024,重庆,本科批,物理类,,,489,66929,
3332,宁波工程学院,2024,重庆,本科批,物理类,,,511,54463,
3335,浙江海洋大学,2024,重庆,本科批,物理类,,,513,37610,
3338,浙大宁波理工学院,2024,重庆,本科批,物理类,,,507,39605,
3343,温州理工学院,2024,重庆,本科批,物理类,,,524,41157,
3344,嘉兴南湖学院,2024,重庆,本科批,物理类,,,530,43859,
3349,湖州师范学院,2024,重庆,本科批,物理类,,,507,46574,
3350,湖州学院,2024,重庆,本科批,物理类,,,519,49916,
3352,温州医科大学,2024,重庆,本科批,物理类,,,601,1664,
3356,浙江工业大学之江学院,2024,重庆,本科批,物理类,,,473,75575,
3357,温州肯恩大学,2024,重庆,本科批,物理类,,,521,44378,
3358,浙江大学医学院,2024,重庆,本科批,物理类,,,673,409,
3359,浙江工商大学杭州商学院,2024,重庆,本科批,物理类,,,470,60196,
3361,浙江财经大学,2024,重庆,本科批,物理类,,,543,15413,
3362,温州商学院,2024,重庆,本科批,物理类,,,468,69681,
3365,衢州学院,2024,重庆,本科批,物理类,,,500,46014,
3401,中国科学技术大学,2024,重庆,本科批,物理类,,,680,310,
3403,安徽工业大学,2024,重庆,本科批,物理类,,,512,49340,
3404,安徽理工大学,2024,重庆,本科批,物理类,,,514,36594,
3405,安徽农业大学,2024,重庆,本科批,物理类,,,506,23029,
3406,淮北师范大学,2024,重庆,本科批,物理类,,,512,46574,
3407,安徽财经大学,2024,重庆,本科批,物理类,,,520,20262,
3408,安徽科技学院,2024,重庆,本科批,物理类,,,503,56771,
3414,蚌埠学院,2024,重庆,本科批,物理类,,,499,53904,
3422,安徽医科大学,2024,重庆,本科批,物理类,,,602,9660,
3423,安徽建筑大学,2024,重庆,本科批,物理类,,,508,41157,
3430,淮南师范学院,2024,重庆,本科批,物理类,,,488,59024,
3435,合肥城市学院,2024,重庆,本科批,物理类,,,431,81263,
3440,安徽师范大学,2024,重庆,本科批,物理类,,,508,32617,
3446,合肥大学,2024,重庆,本科批,物理类,,,511,53904,
3448,安徽大学,2024,重庆,本科批,物理类,,,612,9143,
3449,亳州学院,2024,重庆,本科批,物理类,,,495,57303,
3450,安徽医科大学临床医学院,2024,重庆,本科批,物理类,,,538,39605,
3452,合肥工业大学,2024,重庆,本科批,物理类,,,553,8388,
3453,阜阳师范大学,2024,重庆,本科批,物理类,,,509,55624,
3455,安庆师范大学,2024,重庆,本科批,物理类,,,483,47121,
3469,安徽新华学院,2024,重庆,本科批,物理类,,,427,90002,
3501,厦门大学,2024,重庆,本科批,物理类,,,638,1747,
3502,华侨大学,2024,重庆,本科批,物理类,,,535,20676,
3503,福州大学,2024,重庆,本科批,物理类,,,585,18320,
3504,福建理工大学,2024,重庆,本科批,物理类,,,512,44926,
3505,福建医科大学,2024,重庆,本科批,物理类,,,517,34528,
3506,福建师范大学,2024,重庆,本科批,物理类,,,518,31619,
3508,莆田学院,2024,重庆,本科批,物理类,,,482,70781,
3509,仰恩大学,2024,重庆,本科批,物理类,,,454,85258,
3510,集美大学,2024,重庆,本科批,物理类,,,531,26935,
3511,厦门大学嘉庚学院,2024,重庆,本科批,物理类,,,471,65241,
3513,集美大学诚毅学院,2024,重庆,本科批,物理类,,,459,71325,
3514,武夷学院,2024,重庆,本科批,物理类,,,499,55624,
3529,福建农林大学,2024,重庆,本科批,物理类,,,510,55030,
3535,厦门理工学院,2024,重庆,本科批,物理类,,,523,37610,
3538,福建师范大学协和学院,2024,重庆,本科批,物理类,,,456,64680,
3540,福州外语外贸学院,2024,重庆,本科批,物理类,,,428,79168,
3543,福建中医药大学,2024,重庆,本科批,物理类,,,551,12476,
3547,福州大学至诚学院,2024,重庆,本科批,物理类,,,459,71888,
3553,三明学院,2024,重庆,本科批,物理类,,,486,62533,
3554,福建江夏学院,2024,重庆,本科批,物理类,,,499,50495,
3555,泉州师范学院,2024,重庆,本科批,物理类,,,497,48200,
3561,厦门华厦学院,2024,重庆,本科批,物理类,,,436,82330,
3562,厦门工学院,2024,重庆,本科批,物理类,,,431,95764,
3569,福建技术师范学院,2024,重庆,本科批,物理类,,,498,53362,
3571,泉州信息工程学院,2024,重庆,本科批,物理类,,,431,93140,
3576,闽南师范大学,2024,重庆,本科批,物理类,,,483,43311,
3577,龙岩学院,2024,重庆,本科批,物理类,,,488,67512,
3581,厦门医学院,2024,重庆,本科批,物理类,,,504,58435,
3584,闽江学院,2024,重庆,本科批,物理类,,,529,44378,
3601,华东交通大学,2024,重庆,本科批,物理类,,,491,34042,
3602,东华理工大学,2024,重庆,本科批,物理类,,,516,51692,
3603,南昌航空大学,2024,重庆,本科批,物理类,,,517,24357,
3604,江西理工大学,2024,重庆,本科批,物理类,,,512,40667,
3605,景德镇陶瓷大学,2024,重庆,本科批,物理类,,,516,46014,
3606,江西农业大学,2024,重庆,本科批,物理类,,,494,46574,
3607,江西中医药大学,2024,重庆,本科批,物理类,,,494,45443,
3608,赣南医科大学,2024,重庆,本科批,物理类,,,498,18320,
3609,江西师范大学,2024,重庆,本科批,物理类,,,527,25632,
3610,上饶师范学院,2024,重庆,本科批,物理类,,,495,50495,
3611,赣南师范大学,2024,重庆,本科批,物理类,,,500,48782,
3612,井冈山大学,2024,重庆,本科批,物理类,,,506,40118,
3613,江西财经大学,2024,重庆,本科批,物理类,,,544,13723,
3615,江西科技师范大学,2024,重庆,本科批,物理类,,,530,34042,
3616,江西水利电力大学,2024,重庆,本科批,物理类,,,522,48200,
3617,南昌大学,2024,重庆,本科批,物理类,,,567,20262,
3618,宜春学院,2024,重庆,本科批,物理类,,,492,58435,
3619,九江学院,2024,重庆,本科批,物理类,,,488,58435,
3620,南昌大学科学技术学院,2024,重庆,本科批,物理类,,,476,74036,
3621,江西师范大学科学技术学院,2024,重庆,本科批,物理类,,,481,71325,
3622,南昌交通学院,2024,重庆,本科批,物理类,,,470,74525,
3623,赣南科技学院,2024,重庆,本科批,物理类,,,493,64680,
3624,赣东学院,2024,重庆,本科批,物理类,,,504,58435,
3625,南昌航空大学科技学院,2024,重庆,本科批,物理类,,,471,68047,
3626,南昌医学院,2024,重庆,本科批,物理类,,,547,20676,
3629,景德镇学院,2024,重庆,本科批,物理类,,,513,53362,
3630,萍乡学院,2024,重庆,本科批,物理类,,,490,66360,
3632,新余学院,2024,重庆,本科批,物理类,,,491,55030,
3635,江西科技学院,2024,重庆,本科批,物理类,,,437,91375,
3636,南昌理工学院,2024,重庆,本科批,物理类,,,459,82868,
3638,江西应用科技学院,2024,重庆,本科批,物理类,,,445,85258,
3649,南昌工学院,2024,重庆,本科批,物理类,,,434,90002,
3650,南昌职业大学,2024,重庆,本科批,物理类,,,438,87150,
3657,江西工程学院,2024,重庆,本科批,物理类,,,434,94448,
3660,江西农业大学南昌商学院,2024,重庆,本科批,物理类,,,469,68562,
3662,景德镇艺术职业大学,2024,重庆,本科批,物理类,,,446,81781,
3668,南昌应用技术师范学院,2024,重庆,本科批,物理类,,,474,71888,
3672,江西警察学院,2024,重庆,本科批,物理类,,,541,38068,
3679,江西财经大学现代经济管理学院,2024,重庆,本科批,物理类,,,458,64680,
3699,南昌师范学院,2024,重庆,本科批,物理类,,,524,47121,
3701,山东大学,2024,重庆,本科批,物理类,,,616,1664,
3702,中国海洋大学,2024,重庆,本科批,物理类,,,597,10182,
3703,中国石油大学（华东）,2024,重庆,本科批,物理类,,,587,15799,
3704,哈尔滨工业大学（威海）,2024,重庆,本科批,物理类,,,659,1319,
3705,青岛科技大学,2024,重庆,本科批,物理类,,,527,45443,
3706,山东建筑大学,2024,重庆,本科批,物理类,,,506,53904,
3707,青岛农业大学,2024,重庆,本科批,物理类,,,504,48782,
3709,临沂大学,2024,重庆,本科批,物理类,,,522,39605,
3710,泰山学院,2024,重庆,本科批,物理类,,,496,59620,
3711,山东财经大学,2024,重庆,本科批,物理类,,,521,18694,
3713,烟台大学,2024,重庆,本科批,物理类,,,512,49340,
3714,山东交通学院,2024,重庆,本科批,物理类,,,501,56230,
3715,山东工商学院,2024,重庆,本科批,物理类,,,497,42744,
3716,山东第一医科大学,2024,重庆,本科批,物理类,,,532,12178,
3717,潍坊学院,2024,重庆,本科批,物理类,,,494,56230,
3718,山东大学（威海）,2024,重庆,本科批,物理类,,,625,6497,
3728,青岛恒星科技学院,2024,重庆,本科批,物理类,,,430,96201,
3730,山东现代学院,2024,重庆,本科批,物理类,,,453,78134,
3731,青岛黄海学院,2024,重庆,本科批,物理类,,,446,84807,
3732,青岛理工大学,2024,重庆,本科批,物理类,,,506,34042,
3738,济南大学,2024,重庆,本科批,物理类,,,531,39077,
3739,山东理工大学,2024,重庆,本科批,物理类,,,518,48200,
3740,山东师范大学,2024,重庆,本科批,物理类,,,533,21039,
3742,山东农业大学,2024,重庆,本科批,物理类,,,517,36092,
3743,滨州医学院,2024,重庆,本科批,物理类,,,520,19881,
3744,聊城大学,2024,重庆,本科批,物理类,,,508,42744,
3745,鲁东大学,2024,重庆,本科批,物理类,,,503,59024,
3746,济宁学院,2024,重庆,本科批,物理类,,,489,66929,
3748,青岛城市学院,2024,重庆,本科批,物理类,,,446,82868,
3751,山东财经大学东方学院,2024,重庆,本科批,物理类,,,450,77075,
3752,齐鲁工业大学,2024,重庆,本科批,物理类,,,509,51095,
3753,曲阜师范大学,2024,重庆,本科批,物理类,,,535,35073,
3754,山东航空学院,2024,重庆,本科批,物理类,,,493,59620,
3755,枣庄学院,2024,重庆,本科批,物理类,,,487,68047,
3756,山东石油化工学院,2024,重庆,本科批,物理类,,,502,51692,
3757,山东第二医科大学,2024,重庆,本科批,物理类,,,543,14725,
3759,齐鲁医药学院,2024,重庆,本科批,物理类,,,476,36092,
3761,青岛大学,2024,重庆,本科批,物理类,,,514,29235,
3763,青岛工学院,2024,重庆,本科批,物理类,,,457,83863,
3764,济宁医学院,2024,重庆,本科批,物理类,,,524,18694,
3766,齐鲁理工学院,2024,重庆,本科批,物理类,,,474,75077,
3772,山东英才学院,2024,重庆,本科批,物理类,,,431,95764,
3778,山东工程职业技术大学,2024,重庆,本科批,物理类,,,432,95321,
3780,山东协和学院,2024,重庆,本科批,物理类,,,461,81781,
3781,山东科技大学,2024,重庆,本科批,物理类,,,543,30207,
3786,潍坊科技学院,2024,重庆,本科批,物理类,,,436,80226,
3796,山东中医药大学,2024,重庆,本科批,物理类,,,532,18320,
4101,华北水利水电大学,2024,重庆,本科批,物理类,,,507,44926,
4102,郑州大学,2024,重庆,本科批,物理类,,,567,11888,
4103,河南理工大学,2024,重庆,本科批,物理类,,,516,50495,
4104,郑州轻工业大学,2024,重庆,本科批,物理类,,,521,26084,
4105,河南工业大学,2024,重庆,本科批,物理类,,,511,32617,
4106,河南科技大学,2024,重庆,本科批,物理类,,,518,23029,
4107,中原工学院,2024,重庆,本科批,物理类,,,494,60789,
4108,河南农业大学,2024,重庆,本科批,物理类,,,536,29726,
4109,河南中医药大学,2024,重庆,本科批,物理类,,,509,55624,
4110,河南医药大学,2024,重庆,本科批,物理类,,,583,17944,
4112,南阳师范学院,2024,重庆,本科批,物理类,,,493,58435,
4113,商丘师范学院,2024,重庆,本科批,物理类,,,500,60789,
4114,郑州航空工业管理学院,2024,重庆,本科批,物理类,,,498,56230,
4115,安阳工学院,2024,重庆,本科批,物理类,,,483,70227,
4116,南阳理工学院,2024,重庆,本科批,物理类,,,498,55030,
4117,河南城建学院,2024,重庆,本科批,物理类,,,487,68047,
4119,郑州工商学院,2024,重庆,本科批,物理类,,,478,70227,
4121,豫北医学院,2024,重庆,本科批,物理类,,,500,60789,
4123,河南牧业经济学院,2024,重庆,本科批,物理类,,,495,60789,
4125,郑州工程技术学院,2024,重庆,本科批,物理类,,,494,53904,
4127,洛阳理工学院,2024,重庆,本科批,物理类,,,491,45443,
4129,信阳农林学院,2024,重庆,本科批,物理类,,,498,61933,
4130,河南工学院,2024,重庆,本科批,物理类,,,493,64680,
4142,洛阳师范学院,2024,重庆,本科批,物理类,,,498,61933,
4143,郑州财经学院,2024,重庆,本科批,物理类,,,460,66929,
4146,平顶山学院,2024,重庆,本科批,物理类,,,485,66929,
4147,安阳师范学院,2024,重庆,本科批,物理类,,,519,49916,
4149,河南大学,2024,重庆,本科批,物理类,,,564,25204,
4152,郑州工业应用技术学院,2024,重庆,本科批,物理类,,,469,77595,
4158,黄淮学院,2024,重庆,本科批,物理类,,,490,62533,
4159,郑州师范学院,2024,重庆,本科批,物理类,,,504,58435,
4164,河南财经政法大学,2024,重庆,本科批,物理类,,,519,25632,
4165,河南财政金融学院,2024,重庆,本科批,物理类,,,502,51095,
4167,河南工程学院,2024,重庆,本科批,物理类,,,492,61400,
4168,河南科技学院,2024,重庆,本科批,物理类,,,498,61933,
4169,信阳师范大学,2024,重庆,本科批,物理类,,,489,66929,
4173,河南师范大学,2024,重庆,本科批,物理类,,,504,39077,
4174,郑州商学院,2024,重庆,本科批,物理类,,,470,70227,
4177,周口师范学院,2024,重庆,本科批,物理类,,,493,62533,
4201,武汉大学,2024,重庆,本科批,物理类,,,667,761,
4202,武汉工程大学,2024,重庆,本科批,物理类,,,558,17238,
4203,中国地质大学（武汉）,2024,重庆,本科批,物理类,,,581,19881,
4204,武汉纺织大学,2024,重庆,本科批,物理类,,,529,29726,
4205,武汉轻工大学,2024,重庆,本科批,物理类,,,520,24357,
4206,湖北工业大学,2024,重庆,本科批,物理类,,,540,21039,
4207,华中农业大学,2024,重庆,本科批,物理类,,,573,13723,
4208,华中师范大学,2024,重庆,本科批,物理类,,,592,10464,
4209,湖北师范大学,2024,重庆,本科批,物理类,,,527,30664,
4210,湖北大学,2024,重庆,本科批,物理类,,,551,24785,
4211,湖北民族大学,2024,重庆,本科批,物理类,,,553,21426,
4212,湖北文理学院,2024,重庆,本科批,物理类,,,503,27831,
4213,武汉体育学院,2024,重庆,本科批,物理类,,,501,60196,
4215,中南民族大学,2024,重庆,本科批,物理类,,,518,23888,
4216,湖北汽车工业学院,2024,重庆,本科批,物理类,,,497,62533,
4218,湖北理工学院,2024,重庆,本科批,物理类,,,513,30207,
4219,湖北医药学院,2024,重庆,本科批,物理类,,,550,18694,
4220,湖北中医药大学,2024,重庆,本科批,物理类,,,543,20262,
4221,武汉科技大学,2024,重庆,本科批,物理类,,,557,30207,
4222,三峡大学,2024,重庆,本科批,物理类,,,570,24357,
4223,中南财经政法大学,2024,重庆,本科批,物理类,,,497,5711,
4224,华中科技大学,2024,重庆,本科批,物理类,,,636,376,
4225,武汉理工大学,2024,重庆,本科批,物理类,,,592,15799,
4227,武昌理工学院,2024,重庆,本科批,物理类,,,478,72424,
4229,长江大学,2024,重庆,本科批,物理类,,,541,33093,
4231,湖北商贸学院,2024,重庆,本科批,物理类,,,457,83863,
4235,武汉纺织大学外经贸学院,2024,重庆,本科批,物理类,,,483,70227,
4236,武汉工商学院,2024,重庆,本科批,物理类,,,452,75077,
4246,荆楚理工学院,2024,重庆,本科批,物理类,,,502,21426,
4250,武汉生物工程学院,2024,重庆,本科批,物理类,,,475,63080,
4266,江汉大学,2024,重庆,本科批,物理类,,,564,17588,
4270,湖北第二师范学院,2024,重庆,本科批,物理类,,,522,48200,
4275,武汉华夏理工学院,2024,重庆,本科批,物理类,,,457,78134,
4278,湖北恩施学院,2024,重庆,本科批,物理类,,,428,97038,
4279,武汉城市学院,2024,重庆,本科批,物理类,,,460,72424,
4281,湖北工业大学工程技术学院,2024,重庆,本科批,物理类,,,467,74525,
4284,湖北经济学院,2024,重庆,本科批,物理类,,,505,50495,
4286,三峡大学科技学院,2024,重庆,本科批,物理类,,,475,41686,
4294,湖北大学知行学院,2024,重庆,本科批,物理类,,,460,68562,
4298,湖北科技学院,2024,重庆,本科批,物理类,,,527,25204,
4301,湘潭大学,2024,重庆,本科批,物理类,,,567,19519,
4302,吉首大学,2024,重庆,本科批,物理类,,,504,31619,
4303,湖南大学,2024,重庆,本科批,物理类,,,613,3373,
4304,湖南农业大学,2024,重庆,本科批,物理类,,,503,44926,
4305,中南林业科技大学,2024,重庆,本科批,物理类,,,502,33093,
4306,湖南中医药大学,2024,重庆,本科批,物理类,,,513,27386,
4307,湖南理工学院,2024,重庆,本科批,物理类,,,526,43311,
4308,衡阳师范学院,2024,重庆,本科批,物理类,,,505,36594,
4309,怀化学院,2024,重庆,本科批,物理类,,,504,52269,
4310,湖南文理学院,2024,重庆,本科批,物理类,,,503,41686,
4311,湖南科技学院,2024,重庆,本科批,物理类,,,500,60789,
4312,湖南工商大学,2024,重庆,本科批,物理类,,,526,26084,
4313,湖南工业大学,2024,重庆,本科批,物理类,,,509,29726,
4314,南华大学,2024,重庆,本科批,物理类,,,544,36594,
4315,中南大学,2024,重庆,本科批,物理类,,,608,5910,
4316,湖南工程学院,2024,重庆,本科批,物理类,,,504,55624,
4317,邵阳学院,2024,重庆,本科批,物理类,,,509,49340,
4318,湖南城市学院,2024,重庆,本科批,物理类,,,498,59620,
4320,长沙理工大学,2024,重庆,本科批,物理类,,,556,24357,
4321,湖南科技大学,2024,重庆,本科批,物理类,,,530,22254,
4322,湘南学院,2024,重庆,本科批,物理类,,,508,51095,
4323,长沙理工大学城南学院,2024,重庆,本科批,物理类,,,482,70781,
4324,南华大学船山学院,2024,重庆,本科批,物理类,,,449,87647,
4326,湖南工学院,2024,重庆,本科批,物理类,,,507,52269,
4327,湖南财政经济学院,2024,重庆,本科批,物理类,,,509,43311,
4328,湖南医药学院,2024,重庆,本科批,物理类,,,526,22618,
4334,湖南涉外经济学院,2024,重庆,本科批,物理类,,,431,66929,
4353,湖南工程学院应用技术学院,2024,重庆,本科批,物理类,,,467,71325,
4356,湖南应用技术学院,2024,重庆,本科批,物理类,,,463,76558,
4361,中南林业科技大学涉外学院,2024,重庆,本科批,物理类,,,459,76558,
4362,常德学院,2024,重庆,本科批,物理类,,,487,68047,
4367,湖南师范大学,2024,重庆,本科批,物理类,,,571,11888,
4368,长沙医学院,2024,重庆,本科批,物理类,,,517,42243,
4371,湖南人文科技学院,2024,重庆,本科批,物理类,,,492,65241,
4375,湖南工业大学科技学院,2024,重庆,本科批,物理类,,,490,66360,
4376,湖南科技大学潇湘学院,2024,重庆,本科批,物理类,,,488,59024,
4386,长沙学院,2024,重庆,本科批,物理类,,,508,56230,
4387,湖南中医药大学湘杏学院,2024,重庆,本科批,物理类,,,505,43311,
4392,长沙师范学院,2024,重庆,本科批,物理类,,,501,49916,
4398,湖南第一师范学院,2024,重庆,本科批,物理类,,,533,34042,
4401,中山大学,2024,重庆,本科批,物理类,,,647,2723,
4402,暨南大学,2024,重庆,本科批,物理类,,,589,10751,
4403,华南理工大学,2024,重庆,本科批,物理类,,,637,1836,
4404,华南农业大学,2024,重庆,本科批,物理类,,,593,15413,
4405,广东海洋大学,2024,重庆,本科批,物理类,,,513,31150,
4406,广州中医药大学,2024,重庆,本科批,物理类,,,573,3100,
4407,广州大学,2024,重庆,本科批,物理类,,,573,13384,
4409,五邑大学,2024,重庆,本科批,物理类,,,537,40118,
4410,广东金融学院,2024,重庆,本科批,物理类,,,550,32101,
4411,广东石油化工学院,2024,重庆,本科批,物理类,,,502,57303,
4412,东莞理工学院,2024,重庆,本科批,物理类,,,538,38580,
4413,广东外语外贸大学,2024,重庆,本科批,物理类,,,470,18694,
4414,广东工业大学,2024,重庆,本科批,物理类,,,544,28281,
4418,广东培正学院,2024,重庆,本科批,物理类,,,437,86642,
4429,广东东软学院,2024,重庆,本科批,物理类,,,431,95764,
4431,深圳大学,2024,重庆,本科批,物理类,,,581,7389,
4433,惠州学院,2024,重庆,本科批,物理类,,,498,42744,
4435,韶关学院,2024,重庆,本科批,物理类,,,524,47121,
4436,珠海科技学院,2024,重庆,本科批,物理类,,,471,66360,
4440,南方医科大学,2024,重庆,本科批,物理类,,,577,617,
4443,广州商学院,2024,重庆,本科批,物理类,,,439,75575,
4447,华南师范大学,2024,重庆,本科批,物理类,,,590,16513,
4449,广州医科大学,2024,重庆,本科批,物理类,,,526,46014,
4450,广东医科大学,2024,重庆,本科批,物理类,,,564,7389,
4451,广东药科大学,2024,重庆,本科批,物理类,,,539,18694,
4456,嘉应学院,2024,重庆,本科批,物理类,,,491,64680,
4461,广州城市理工学院,2024,重庆,本科批,物理类,,,449,76558,
4462,广州南方学院,2024,重庆,本科批,物理类,,,490,66360,
4464,广州华立学院,2024,重庆,本科批,物理类,,,431,84807,
4468,北师香港浸会大学,2024,重庆,本科批,物理类,,,545,30664,
4469,广东财经大学,2024,重庆,本科批,物理类,,,560,28281,
4470,广州软件学院,2024,重庆,本科批,物理类,,,441,74036,
4471,广东外语外贸大学南国商学院,2024,重庆,本科批,物理类,,,452,86205,
4472,华南农业大学珠江学院,2024,重庆,本科批,物理类,,,432,95321,
4474,肇庆学院,2024,重庆,本科批,物理类,,,490,65241,
4479,湛江科技学院,2024,重庆,本科批,物理类,,,431,86205,
4485,广州新华学院,2024,重庆,本科批,物理类,,,432,82868,
4487,岭南师范学院,2024,重庆,本科批,物理类,,,495,52818,
4488,广东以色列理工学院,2024,重庆,本科批,物理类,,,538,26509,
4489,哈尔滨工业大学（深圳）,2024,重庆,本科批,物理类,,,669,714,
4490,佛山大学,2024,重庆,本科批,物理类,,,505,48782,
4497,汕头大学,2024,重庆,本科批,物理类,,,540,25632,
4501,广西科技大学,2024,重庆,本科批,物理类,,,519,49916,
4502,桂林电子科技大学,2024,重庆,本科批,物理类,,,512,39605,
4503,桂林理工大学,2024,重庆,本科批,物理类,,,508,55624,
4504,广西师范大学,2024,重庆,本科批,物理类,,,501,28781,
4505,河池学院,2024,重庆,本科批,物理类,,,493,64680,
4506,玉林师范学院,2024,重庆,本科批,物理类,,,499,61400,
4510,广西财经学院,2024,重庆,本科批,物理类,,,486,49340,
4511,广西科技师范学院,2024,重庆,本科批,物理类,,,494,51095,
4512,桂林航天工业学院,2024,重庆,本科批,物理类,,,503,59024,
4513,桂林旅游学院,2024,重庆,本科批,物理类,,,491,62533,
4514,南宁学院,2024,重庆,本科批,物理类,,,442,79696,
4525,贺州学院,2024,重庆,本科批,物理类,,,489,61400,
4527,广西大学,2024,重庆,本科批,物理类,,,572,21039,
4531,梧州学院,2024,重庆,本科批,物理类,,,495,52269,
4534,广西中医药大学赛恩斯新医药学院,2024,重庆,本科批,物理类,,,487,52818,
4537,广西医科大学,2024,重庆,本科批,物理类,,,498,61933,
4538,广西中医药大学,2024,重庆,本科批,物理类,,,538,9405,
4539,南宁师范大学,2024,重庆,本科批,物理类,,,527,45443,
4542,广西外国语学院,2024,重庆,本科批,物理类,,,438,70227,
4543,广西民族大学,2024,重庆,本科批,物理类,,,488,53904,
4544,北部湾大学,2024,重庆,本科批,物理类,,,475,48782,
4547,南宁理工学院,2024,重庆,本科批,物理类,,,428,85744,
4550,桂林信息科技学院,2024,重庆,本科批,物理类,,,433,87150,
4552,百色学院,2024,重庆,本科批,物理类,,,493,64680,
4555,桂林医科大学,2024,重庆,本科批,物理类,,,476,18694,
4566,右江民族医学院,2024,重庆,本科批,物理类,,,498,56230,
4602,海南大学,2024,重庆,本科批,物理类,,,528,21426,
4603,海南热带海洋学院,2024,重庆,本科批,物理类,,,491,49916,
4604,海南师范大学,2024,重庆,本科批,物理类,,,489,32101,
4606,海口经济学院,2024,重庆,本科批,物理类,,,427,91858,
4612,琼台师范学院,2024,重庆,本科批,物理类,,,493,61400,
4614,海南医科大学,2024,重庆,本科批,物理类,,,484,13723,
4615,三亚学院,2024,重庆,本科批,物理类,,,429,81781,
4618,海南比勒费尔德应用科学大学,2024,重庆,本科批,物理类,,,427,94875,
4620,海南科技职业大学,2024,重庆,本科批,物理类,,,431,71888,
5001,重庆大学,2024,重庆,本科批,物理类,,,619,7882,
5002,重庆邮电大学,2024,重庆,本科批,物理类,,,554,26084,
5003,重庆交通大学,2024,重庆,本科批,物理类,,,526,26084,
5005,重庆医科大学,2024,重庆,本科批,物理类,,,547,35073,
5006,西南大学,2024,重庆,本科批,物理类,,,570,8623,
5007,重庆师范大学,2024,重庆,本科批,物理类,,,518,20262,
5008,重庆文理学院,2024,重庆,本科批,物理类,,,487,40667,
5009,重庆三峡学院,2024,重庆,本科批,物理类,,,490,45443,
5010,长江师范学院,2024,重庆,本科批,物理类,,,492,46574,
5011,四川外国语大学,2024,重庆,本科批,物理类,,,486,25632,
5012,西南政法大学,2024,重庆,本科批,物理类,,,558,7167,
5013,四川美术学院,2024,重庆,本科批,物理类,,,507,41686,
5014,中国人民解放军陆军军医大学,2024,重庆,本科批,物理类,,,600,1091,
5015,重庆理工大学,2024,重庆,本科批,物理类,,,512,29726,
5016,重庆工商大学,2024,重庆,本科批,物理类,,,497,32101,
5017,重庆中医药学院,2024,重庆,本科批,物理类,,,530,43859,
5019,重庆人文科技学院,2024,重庆,本科批,物理类,,,469,67512,
5020,重庆外语外事学院,2024,重庆,本科批,物理类,,,435,74036,
5021,重庆对外经贸学院,2024,重庆,本科批,物理类,,,443,72424,
5022,重庆财经学院,2024,重庆,本科批,物理类,,,432,69093,
5023,重庆工商大学派斯学院,2024,重庆,本科批,物理类,,,447,76558,
5026,重庆移通学院,2024,重庆,本科批,物理类,,,439,75077,
5027,重庆科技大学,2024,重庆,本科批,物理类,,,489,41686,
5029,重庆第二师范学院,2024,重庆,本科批,物理类,,,472,37610,
5036,重庆电子科技职业大学,2024,重庆,本科批,物理类,,,483,69093,
5045,重庆工程学院,2024,重庆,本科批,物理类,,,438,79696,
5050,重庆机电职业技术大学,2024,重庆,本科批,物理类,,,432,80226,
5057,重庆城市科技学院,2024,重庆,本科批,物理类,,,434,71888,
5101,成都医学院,2024,重庆,本科批,物理类,,,584,18694,
5102,西南交通大学,2024,重庆,本科批,物理类,,,545,4805,
5104,电子科技大学,2024,重庆,本科批,物理类,,,617,617,
5105,西南石油大学,2024,重庆,本科批,物理类,,,564,20676,
5106,成都理工大学,2024,重庆,本科批,物理类,,,541,14392,
5107,西南科技大学,2024,重庆,本科批,物理类,,,539,35073,
5108,成都信息工程大学,2024,重庆,本科批,物理类,,,560,23888,
5109,四川轻化工大学,2024,重庆,本科批,物理类,,,532,42744,
5110,西华大学,2024,重庆,本科批,物理类,,,525,42243,
5111,中国民用航空飞行学院,2024,重庆,本科批,物理类,,,519,26935,
5112,四川农业大学,2024,重庆,本科批,物理类,,,538,15799,
5113,西南医科大学,2024,重庆,本科批,物理类,,,512,21845,
5114,成都中医药大学,2024,重庆,本科批,物理类,,,527,26084,
5115,川北医学院,2024,重庆,本科批,物理类,,,533,39077,
5116,四川师范大学,2024,重庆,本科批,物理类,,,511,17238,
5117,西华师范大学,2024,重庆,本科批,物理类,,,511,36092,
5118,绵阳师范学院,2024,重庆,本科批,物理类,,,506,42744,
5119,内江师范学院,2024,重庆,本科批,物理类,,,508,48200,
5120,宜宾学院,2024,重庆,本科批,物理类,,,517,51095,
5121,乐山师范学院,2024,重庆,本科批,物理类,,,510,47654,
5122,西南财经大学,2024,重庆,本科批,物理类,,,569,3100,
5123,成都体育学院,2024,重庆,本科批,物理类,,,475,51095,
5124,四川音乐学院,2024,重庆,本科批,物理类,,,472,59024,
5125,西南民族大学,2024,重庆,本科批,物理类,,,512,22254,
5126,攀枝花学院,2024,重庆,本科批,物理类,,,499,24357,
5127,四川大学,2024,重庆,本科批,物理类,,,610,3654,
5129,西昌学院,2024,重庆,本科批,物理类,,,493,64147,
5130,成都理工大学工程技术学院,2024,重庆,本科批,物理类,,,460,69093,
5131,四川传媒学院,2024,重庆,本科批,物理类,,,472,65241,
5132,成都银杏酒店管理学院,2024,重庆,本科批,物理类,,,440,87150,
5133,成都文理学院,2024,重庆,本科批,物理类,,,493,64680,
5134,四川工商学院,2024,重庆,本科批,物理类,,,479,66929,
5135,成都外国语学院,2024,重庆,本科批,物理类,,,471,63080,
5136,电子科技大学成都学院,2024,重庆,本科批,物理类,,,468,69093,
5137,四川文理学院,2024,重庆,本科批,物理类,,,502,56771,
5138,成都工业学院,2024,重庆,本科批,物理类,,,509,46574,
5139,四川旅游学院,2024,重庆,本科批,物理类,,,496,62533,
5146,四川工程职业技术大学,2024,重庆,本科批,物理类,,,486,63641,
5151,四川警察学院,2024,重庆,本科批,物理类,,,563,27386,
5167,成都东软学院,2024,重庆,本科批,物理类,,,472,67512,
5170,四川民族学院,2024,重庆,本科批,物理类,,,507,49916,
5176,吉利学院,2024,重庆,本科批,物理类,,,462,81263,
5179,阿坝师范学院,2024,重庆,本科批,物理类,,,502,55624,
5180,成都大学,2024,重庆,本科批,物理类,,,524,26084,
5181,四川工业科技学院,2024,重庆,本科批,物理类,,,463,80781,
5182,成都师范学院,2024,重庆,本科批,物理类,,,519,35073,
5184,成都锦城学院,2024,重庆,本科批,物理类,,,448,62533,
5190,西南财经大学天府学院,2024,重庆,本科批,物理类,,,457,71888,
5191,四川大学锦江学院,2024,重庆,本科批,物理类,,,464,70781,
5192,四川文化艺术学院,2024,重庆,本科批,物理类,,,478,68047,
5199,绵阳城市学院,2024,重庆,本科批,物理类,,,465,79696,
5201,贵州大学,2024,重庆,本科批,物理类,,,525,15799,
5202,贵州医科大学,2024,重庆,本科批,物理类,,,457,8874,
5203,遵义医科大学,2024,重庆,本科批,物理类,,,568,25204,
5204,贵州中医药大学,2024,重庆,本科批,物理类,,,534,41686,
5205,贵州师范大学,2024,重庆,本科批,物理类,,,526,46014,
5206,遵义师范学院,2024,重庆,本科批,物理类,,,506,49916,
5207,黔南民族师范学院,2024,重庆,本科批,物理类,,,499,59024,
5208,贵州财经大学,2024,重庆,本科批,物理类,,,469,46014,
5209,贵州民族大学,2024,重庆,本科批,物理类,,,514,52818,
5210,贵州中医药大学时珍学院,2024,重庆,本科批,物理类,,,506,56771,
5211,贵州黔南经济学院,2024,重庆,本科批,物理类,,,472,76061,
5213,遵义医科大学医学与科技学院,2024,重庆,本科批,物理类,,,538,28781,
5215,贵阳学院,2024,重庆,本科批,物理类,,,513,51692,
5216,安顺学院,2024,重庆,本科批,物理类,,,492,58435,
5220,贵州警察学院,2024,重庆,本科批,物理类,,,534,37057,
5229,贵州医科大学神奇民族医药学院,2024,重庆,本科批,物理类,,,539,31150,
5231,贵阳信息科技学院,2024,重庆,本科批,物理类,,,470,75575,
5232,六盘水师范学院,2024,重庆,本科批,物理类,,,491,54463,
5236,铜仁学院,2024,重庆,本科批,物理类,,,490,66360,
5237,兴义民族师范学院,2024,重庆,本科批,物理类,,,494,57861,
5238,贵州工程应用技术学院,2024,重庆,本科批,物理类,,,499,61400,
5239,贵州商学院,2024,重庆,本科批,物理类,,,481,61400,
5241,凯里学院,2024,重庆,本科批,物理类,,,490,66360,
5244,贵州师范学院,2024,重庆,本科批,物理类,,,505,57861,
5249,贵州理工学院,2024,重庆,本科批,物理类,,,506,57303,
5253,贵阳康养职业大学,2024,重庆,本科批,物理类,,,500,53362,
5270,茅台学院,2024,重庆,本科批,物理类,,,480,71888,
5301,云南大学,2024,重庆,本科批,物理类,,,560,12477,
5302,昆明理工大学,2024,重庆,本科批,物理类,,,505,27386,
5303,云南农业大学,2024,重庆,本科批,物理类,,,489,43859,
5304,西南林业大学,2024,重庆,本科批,物理类,,,510,36594,
5305,大理大学,2024,重庆,本科批,物理类,,,527,34042,
5306,云南师范大学,2024,重庆,本科批,物理类,,,508,56230,
5307,曲靖师范学院,2024,重庆,本科批,物理类,,,493,53362,
5309,云南民族大学,2024,重庆,本科批,物理类,,,513,53362,
5310,玉溪师范学院,2024,重庆,本科批,物理类,,,509,55624,
5311,楚雄师范学院,2024,重庆,本科批,物理类,,,506,57303,
5312,昆明医科大学海源学院,2024,重庆,本科批,物理类,,,487,34528,
5313,滇池学院,2024,重庆,本科批,物理类,,,440,78649,
5314,丽江文化旅游学院,2024,重庆,本科批,物理类,,,434,80226,
5315,昆明城市学院,2024,重庆,本科批,物理类,,,473,75575,
5318,昆明学院,2024,重庆,本科批,物理类,,,494,64147,
5319,文山学院,2024,重庆,本科批,物理类,,,498,61933,
5326,云南经济管理学院,2024,重庆,本科批,物理类,,,437,74525,
5327,昆明文理学院,2024,重庆,本科批,物理类,,,451,80226,
5330,云南财经大学,2024,重庆,本科批,物理类,,,487,30664,
5334,云南警官学院,2024,重庆,本科批,物理类,,,559,29235,
5336,保山学院,2024,重庆,本科批,物理类,,,489,60789,
5337,红河学院,2024,重庆,本科批,物理类,,,509,55030,
5339,昆明理工大学津桥学院,2024,重庆,本科批,物理类,,,439,75575,
5340,昭通学院,2024,重庆,本科批,物理类,,,497,56230,
5342,云南工商学院,2024,重庆,本科批,物理类,,,465,79696,
5349,滇西科技师范学院,2024,重庆,本科批,物理类,,,495,59620,
5351,昆明医科大学,2024,重庆,本科批,物理类,,,538,6497,
5352,云南中医药大学,2024,重庆,本科批,物理类,,,526,46014,
5359,普洱学院,2024,重庆,本科批,物理类,,,490,66360,
5372,滇西应用技术大学,2024,重庆,本科批,物理类,,,502,59620,
5401,西藏大学,2024,重庆,本科批,物理类,,,537,26935,
5402,西藏民族大学,2024,重庆,本科批,物理类,,,476,74036,
5407,西藏农牧大学,2024,重庆,本科批,物理类,,,486,55030,
6101,西安交通大学,2024,重庆,本科批,物理类,,,631,5332,
6102,西北工业大学,2024,重庆,本科批,物理类,,,623,6943,
6103,西安理工大学,2024,重庆,本科批,物理类,,,574,22618,
6104,西安电子科技大学,2024,重庆,本科批,物理类,,,631,5332,
6105,西安工业大学,2024,重庆,本科批,物理类,,,560,28781,
6106,西安建筑科技大学,2024,重庆,本科批,物理类,,,545,21426,
6107,西安科技大学,2024,重庆,本科批,物理类,,,547,26084,
6108,西安石油大学,2024,重庆,本科批,物理类,,,538,33580,
6109,陕西科技大学,2024,重庆,本科批,物理类,,,539,39077,
6110,西安工程大学,2024,重庆,本科批,物理类,,,552,32617,
6111,陕西师范大学,2024,重庆,本科批,物理类,,,566,26084,
6112,延安大学,2024,重庆,本科批,物理类,,,512,38068,
6114,西安外国语大学,2024,重庆,本科批,物理类,,,511,24357,
6115,西北政法大学,2024,重庆,本科批,物理类,,,565,16513,
6119,西安培华学院,2024,重庆,本科批,物理类,,,478,70781,
6120,西安邮电大学,2024,重庆,本科批,物理类,,,562,15799,
6122,宝鸡文理学院,2024,重庆,本科批,物理类,,,499,61400,
6123,西北农林科技大学,2024,重庆,本科批,物理类,,,588,11888,
6124,长安大学,2024,重庆,本科批,物理类,,,582,10464,
6125,陕西理工大学,2024,重庆,本科批,物理类,,,520,35590,
6126,西安财经大学,2024,重庆,本科批,物理类,,,507,33093,
6129,西安文理学院,2024,重庆,本科批,物理类,,,511,44378,
6130,西安航空学院,2024,重庆,本科批,物理类,,,508,56230,
6133,西安欧亚学院,2024,重庆,本科批,物理类,,,433,82868,
6134,西安翻译学院,2024,重庆,本科批,物理类,,,441,90412,
6135,西安外事学院,2024,重庆,本科批,物理类,,,457,83863,
6136,西京学院,2024,重庆,本科批,物理类,,,427,66929,
6142,西安思源学院,2024,重庆,本科批,物理类,,,462,78649,
6143,陕西服装工程学院,2024,重庆,本科批,物理类,,,462,81263,
6144,陕西国际商贸学院,2024,重庆,本科批,物理类,,,443,90412,
6152,陕西科技大学镐京学院,2024,重庆,本科批,物理类,,,438,75575,
6156,西安医学院,2024,重庆,本科批,物理类,,,553,32101,
6158,西安工商学院,2024,重庆,本科批,物理类,,,458,83359,
6159,咸阳师范学院,2024,重庆,本科批,物理类,,,519,49916,
6161,西安建筑科技大学华清学院,2024,重庆,本科批,物理类,,,435,76558,
6162,延安大学西安创新学院,2024,重庆,本科批,物理类,,,442,82330,
6164,西北大学,2024,重庆,本科批,物理类,,,602,11888,
6166,西安明德理工学院,2024,重庆,本科批,物理类,,,459,82868,
6173,陕西中医药大学,2024,重庆,本科批,物理类,,,550,20262,
6174,榆林学院,2024,重庆,本科批,物理类,,,488,61933,
6175,安康学院,2024,重庆,本科批,物理类,,,497,47654,
6180,西安科技大学高新学院,2024,重庆,本科批,物理类,,,445,89559,
6182,西安信息职业大学,2024,重庆,本科批,物理类,,,451,69681,
6184,商洛学院,2024,重庆,本科批,物理类,,,498,56771,
6193,陕西学前师范学院,2024,重庆,本科批,物理类,,,491,56230,
6201,兰州大学,2024,重庆,本科批,物理类,,,607,10751,
6202,兰州理工大学,2024,重庆,本科批,物理类,,,506,37057,
6203,兰州交通大学,2024,重庆,本科批,物理类,,,533,34042,
6204,天水师范大学,2024,重庆,本科批,物理类,,,497,61400,
6205,河西学院,2024,重庆,本科批,物理类,,,492,65241,
6206,兰州财经大学,2024,重庆,本科批,物理类,,,502,36594,
6207,西北民族大学,2024,重庆,本科批,物理类,,,500,45443,
6208,甘肃政法大学,2024,重庆,本科批,物理类,,,523,23029,
6211,兰州资源环境职业技术大学,2024,重庆,本科批,物理类,,,490,66360,
6215,兰州博文科技学院,2024,重庆,本科批,物理类,,,440,75077,
6216,甘肃农业大学,2024,重庆,本科批,物理类,,,502,54463,
6217,西北师范大学,2024,重庆,本科批,物理类,,,520,29726,
6219,陇东学院,2024,重庆,本科批,物理类,,,488,57303,
6220,兰州信息科技学院,2024,重庆,本科批,物理类,,,432,76558,
6221,兰州城市学院,2024,重庆,本科批,物理类,,,506,57303,
6222,甘肃中医药大学,2024,重庆,本科批,物理类,,,500,46014,
6227,兰州文理学院,2024,重庆,本科批,物理类,,,520,49340,
6229,甘肃医学院,2024,重庆,本科批,物理类,,,536,25632,
6233,甘肃民族师范学院,2024,重庆,本科批,物理类,,,499,59620,
6253,兰州石化职业技术大学,2024,重庆,本科批,物理类,,,504,52269,
6301,青海大学,2024,重庆,本科批,物理类,,,561,14043,
6302,青海民族大学,2024,重庆,本科批,物理类,,,504,55624,
6304,青海师范大学,2024,重庆,本科批,物理类,,,519,39077,
6401,宁夏大学,2024,重庆,本科批,物理类,,,558,20676,
6402,宁夏医科大学,2024,重庆,本科批,物理类,,,551,9143,
6403,北方民族大学,2024,重庆,本科批,物理类,,,498,40667,
6404,宁夏师范大学,2024,重庆,本科批,物理类,,,504,58435,
6405,宁夏理工学院,2024,重庆,本科批,物理类,,,440,72424,
6408,宁夏大学新华学院,2024,重庆,本科批,物理类,,,428,95321,
6412,银川科技学院,2024,重庆,本科批,物理类,,,468,78134,
6501,新疆大学,2024,重庆,本科批,物理类,,,543,30207,
6502,新疆农业大学,2024,重庆,本科批,物理类,,,485,62533,
6503,石河子大学,2024,重庆,本科批,物理类,,,538,27386,
6504,新疆师范大学,2024,重庆,本科批,物理类,,,488,40118,
6505,伊犁师范大学,2024,重庆,本科批,物理类,,,487,51095,
6506,新疆财经大学,2024,重庆,本科批,物理类,,,488,47121,
6507,新疆科技学院,2024,重庆,本科批,物理类,,,484,63641,
6508,新疆理工学院,2024,重庆,本科批,物理类,,,490,63641,
6510,新疆第二医学院,2024,重庆,本科批,物理类,,,518,26935,
6512,新疆工程学院,2024,重庆,本科批,物理类,,,490,66360,
6520,新疆天山职业技术大学,2024,重庆,本科批,物理类,,,434,75575,
6522,新疆政法学院,2024,重庆,本科批,物理类,,,483,52818,
6523,新疆医科大学,2024,重庆,本科批,物理类,,,508,15799,
6524,喀什大学,2024,重庆,本科批,物理类,,,484,50495,
6525,昌吉学院,2024,重庆,本科批,物理类,,,484,62533,
6526,塔里木大学,2024,重庆,本科批,物理类,,,490,66360,
6527,新疆艺术学院,2024,重庆,本科批,物理类,,,485,68047,
6536,新疆警察学院,2024,重庆,本科批,物理类,,,533,41157,
6537,中国石油大学（北京）克拉玛依校区,2024,重庆,本科批,物理类,,,565,26509,
6543,新疆和田学院,2024,重庆,本科批,物理类,,,492,65241,
,上海财经大学浙江学院,2024,重庆,本科批,物理类,,,479,55624,
4403,华南理工大学,2024,重庆,本科提前批,物理类,,,623,6943,
5014,中国人民解放军陆军军医大学,2024,重庆,本科提前批,物理类,,,605,11578,
6111,陕西师范大学,2024,重庆,本科提前批,物理类,,,565,3654,
1130,中国人民公安大学,2024,重庆,本科提前批A段,物理类,,,633,1091,
1144,中国消防救援学院,2024,重庆,本科提前批A段,物理类,,,556,11888,
2111,大连海事大学,2024,重庆,本科提前批A段,物理类,,,557,23888,
2122,中国刑事警察学院,2024,重庆,本科提前批A段,物理类,,,605,5160,
3230,陆军工程大学,2024,重庆,本科提前批A段,物理类,,,588,3654,
3510,集美大学,2024,重庆,本科提前批A段,物理类,,,521,44926,
4417,广州航海学院,2024,重庆,本科提前批A段,物理类,,,498,52269,
5012,西南政法大学,2024,重庆,本科提前批A段,物理类,,,531,28782,
1101,北京大学,2024,重庆,本科提前批B段,物理类,,,687,161,
1103,中国人民大学,2024,重庆,本科提前批B段,物理类,,,656,1020,
1104,清华大学,2024,重庆,本科提前批B段,物理类,,,685,161,
1105,北京交通大学,2024,重庆,本科提前批B段,物理类,,,594,11309,
1106,北京航空航天大学,2024,重庆,本科提前批B段,物理类,,,664,1020,
1107,北京理工大学,2024,重庆,本科提前批B段,物理类,,,650,1747,
1108,北京科技大学,2024,重庆,本科提前批B段,物理类,,,593,3507,
1110,北京化工大学,2024,重庆,本科提前批B段,物理类,,,601,12178,
1112,北京邮电大学,2024,重庆,本科提前批B段,物理类,,,625,6497,
1116,中国农业大学,2024,重庆,本科提前批B段,物理类,,,602,4079,
1117,北京林业大学,2024,重庆,本科提前批B段,物理类,,,582,12178,
1118,北京中医药大学,2024,重庆,本科提前批B段,物理类,,,599,13384,
1120,首都师范大学,2024,重庆,本科提前批B段,物理类,,,590,12476,
1122,北京外国语大学,2024,重庆,本科提前批B段,物理类,,,617,8388,
1124,北京语言大学,2024,重庆,本科提前批B段,物理类,,,557,18694,
1125,中国传媒大学,2024,重庆,本科提前批B段,物理类,,,559,29235,
1126,中央财经大学,2024,重庆,本科提前批B段,物理类,,,606,6277,
1127,对外经济贸易大学,2024,重庆,本科提前批B段,物理类,,,609,5332,
1129,外交学院,2024,重庆,本科提前批B段,物理类,,,607,4970,
1132,北京体育大学,2024,重庆,本科提前批B段,物理类,,,573,17238,
1140,中央民族大学,2024,重庆,本科提前批B段,物理类,,,618,7635,
1141,中国政法大学,2024,重庆,本科提前批B段,物理类,,,643,3373,
1142,华北电力大学（北京）,2024,重庆,本科提前批B段,物理类,,,613,9405,
1143,北京信息科技大学,2024,重庆,本科提前批B段,物理类,,,605,11578,
1145,中国矿业大学（北京）,2024,重庆,本科提前批B段,物理类,,,584,17238,
1147,中国地质大学（北京）,2024,重庆,本科提前批B段,物理类,,,596,14392,
1152,北京工商大学,2024,重庆,本科提前批B段,物理类,,,576,21845,
1186,北京工业大学,2024,重庆,本科提前批B段,物理类,,,583,14725,
1198,北京建筑大学,2024,重庆,本科提前批B段,物理类,,,557,21426,
1201,南开大学,2024,重庆,本科提前批B段,物理类,,,646,2970,
1202,天津大学,2024,重庆,本科提前批B段,物理类,,,620,5332,
1203,天津科技大学,2024,重庆,本科提前批B段,物理类,,,538,14043,
1204,天津工业大学,2024,重庆,本科提前批B段,物理类,,,549,34042,
1205,中国民航大学,2024,重庆,本科提前批B段,物理类,,,585,18320,
1208,天津中医药大学,2024,重庆,本科提前批B段,物理类,,,567,25632,
1236,天津师范大学,2024,重庆,本科提前批B段,物理类,,,530,18694,
1303,华北电力大学（保定）,2024,重庆,本科提前批B段,物理类,,,613,3373,
1310,华北科技学院,2024,重庆,本科提前批B段,物理类,,,548,34528,
1311,中国人民警察大学,2024,重庆,本科提前批B段,物理类,,,553,23888,
2102,沈阳工业大学,2024,重庆,本科提前批B段,物理类,,,530,28781,
2104,沈阳理工大学,2024,重庆,本科提前批B段,物理类,,,550,33580,
2105,东北大学,2024,重庆,本科提前批B段,物理类,,,598,6098,
2106,辽宁科技大学,2024,重庆,本科提前批B段,物理类,,,547,35073,
2107,辽宁工程技术大学,2024,重庆,本科提前批B段,物理类,,,517,34042,
2108,辽宁石油化工大学,2024,重庆,本科提前批B段,物理类,,,572,23465,
2110,大连交通大学,2024,重庆,本科提前批B段,物理类,,,568,25204,
2113,沈阳建筑大学,2024,重庆,本科提前批B段,物理类,,,541,24785,
2115,沈阳农业大学,2024,重庆,本科提前批B段,物理类,,,536,40667,
2118,大连医科大学,2024,重庆,本科提前批B段,物理类,,,547,35073,
2119,沈阳药科大学,2024,重庆,本科提前批B段,物理类,,,572,18320,
2121,东北财经大学,2024,重庆,本科提前批B段,物理类,,,545,15067,
2125,大连民族大学,2024,重庆,本科提前批B段,物理类,,,528,44926,
2153,辽宁大学,2024,重庆,本科提前批B段,物理类,,,604,11037,
2166,大连大学,2024,重庆,本科提前批B段,物理类,,,575,22254,
2177,大连理工大学,2024,重庆,本科提前批B段,物理类,,,618,8140,
2201,吉林大学,2024,重庆,本科提前批B段,物理类,,,597,14043,
2208,东北师范大学,2024,重庆,本科提前批B段,物理类,,,637,4248,
2301,黑龙江大学,2024,重庆,本科提前批B段,物理类,,,527,33093,
2302,哈尔滨工业大学,2024,重庆,本科提前批B段,物理类,,,635,1162,
2303,哈尔滨工程大学,2024,重庆,本科提前批B段,物理类,,,601,6722,
2307,东北农业大学,2024,重庆,本科提前批B段,物理类,,,578,16864,
2308,东北林业大学,2024,重庆,本科提前批B段,物理类,,,528,26935,
2315,哈尔滨理工大学,2024,重庆,本科提前批B段,物理类,,,551,14725,
3101,复旦大学,2024,重庆,本科提前批B段,物理类,,,680,345,
3102,同济大学,2024,重庆,本科提前批B段,物理类,,,637,2150,
3103,上海交通大学,2024,重庆,本科提前批B段,物理类,,,676,409,
3104,华东理工大学,2024,重庆,本科提前批B段,物理类,,,594,6497,
3106,上海海事大学,2024,重庆,本科提前批B段,物理类,,,556,25204,
3107,东华大学,2024,重庆,本科提前批B段,物理类,,,587,10182,
3110,华东师范大学,2024,重庆,本科提前批B段,物理类,,,639,1162,
3112,上海外国语大学,2024,重庆,本科提前批B段,物理类,,,598,10751,
3113,上海财经大学,2024,重庆,本科提前批B段,物理类,,,612,3373,
3114,上海对外经贸大学,2024,重庆,本科提前批B段,物理类,,,578,21039,
3119,上海大学,2024,重庆,本科提前批B段,物理类,,,616,8623,
3132,上海海洋大学,2024,重庆,本科提前批B段,物理类,,,561,28281,
3151,上海交通大学医学院,2024,重庆,本科提前批B段,物理类,,,673,617,
3179,复旦大学上海医学院,2024,重庆,本科提前批B段,物理类,,,645,3100,
3201,南京大学,2024,重庆,本科提前批B段,物理类,,,666,617,
3202,苏州大学,2024,重庆,本科提前批B段,物理类,,,607,11037,
3203,东南大学,2024,重庆,本科提前批B段,物理类,,,627,2150,
3204,南京航空航天大学,2024,重庆,本科提前批B段,物理类,,,619,4079,
3205,南京理工大学,2024,重庆,本科提前批B段,物理类,,,610,5525,
3206,江苏科技大学,2024,重庆,本科提前批B段,物理类,,,546,29235,
3207,中国矿业大学,2024,重庆,本科提前批B段,物理类,,,571,19109,
3208,南京工业大学,2024,重庆,本科提前批B段,物理类,,,570,19881,
3210,南京邮电大学,2024,重庆,本科提前批B段,物理类,,,603,11889,
3211,河海大学,2024,重庆,本科提前批B段,物理类,,,589,9926,
3213,江南大学,2024,重庆,本科提前批B段,物理类,,,583,19109,
3214,南京林业大学,2024,重庆,本科提前批B段,物理类,,,560,22618,
3215,江苏大学,2024,重庆,本科提前批B段,物理类,,,567,17944,
3216,南京信息工程大学,2024,重庆,本科提前批B段,物理类,,,557,21845,
3217,南京农业大学,2024,重庆,本科提前批B段,物理类,,,571,18320,
3219,中国药科大学,2024,重庆,本科提前批B段,物理类,,,573,23029,
3249,南京师范大学,2024,重庆,本科提前批B段,物理类,,,568,25204,
3251,扬州大学,2024,重庆,本科提前批B段,物理类,,,561,28281,
3301,浙江大学,2024,重庆,本科提前批B段,物理类,,,669,820,
3302,杭州电子科技大学,2024,重庆,本科提前批B段,物理类,,,573,10751,
3306,杭州师范大学,2024,重庆,本科提前批B段,物理类,,,549,25632,
3312,宁波大学,2024,重庆,本科提前批B段,物理类,,,562,27831,
3361,浙江财经大学,2024,重庆,本科提前批B段,物理类,,,566,26084,
3401,中国科学技术大学,2024,重庆,本科提前批B段,物理类,,,665,447,
3452,合肥工业大学,2024,重庆,本科提前批B段,物理类,,,570,10464,
3501,厦门大学,2024,重庆,本科提前批B段,物理类,,,644,2150,
3503,福州大学,2024,重庆,本科提前批B段,物理类,,,584,18694,
3506,福建师范大学,2024,重庆,本科提前批B段,物理类,,,529,44378,
3510,集美大学,2024,重庆,本科提前批B段,物理类,,,551,33093,
3701,山东大学,2024,重庆,本科提前批B段,物理类,,,627,3100,
3702,中国海洋大学,2024,重庆,本科提前批B段,物理类,,,592,5910,
3703,中国石油大学（华东）,2024,重庆,本科提前批B段,物理类,,,580,20262,
3704,哈尔滨工业大学（威海）,2024,重庆,本科提前批B段,物理类,,,635,4625,
3718,山东大学（威海）,2024,重庆,本科提前批B段,物理类,,,615,8874,
3739,山东理工大学,2024,重庆,本科提前批B段,物理类,,,558,29726,
3740,山东师范大学,2024,重庆,本科提前批B段,物理类,,,567,25632,
4201,武汉大学,2024,重庆,本科提前批B段,物理类,,,645,3100,
4203,中国地质大学（武汉）,2024,重庆,本科提前批B段,物理类,,,570,17238,
4207,华中农业大学,2024,重庆,本科提前批B段,物理类,,,575,11309,
4208,华中师范大学,2024,重庆,本科提前批B段,物理类,,,628,2845,
4215,中南民族大学,2024,重庆,本科提前批B段,物理类,,,544,35073,
4223,中南财经政法大学,2024,重庆,本科提前批B段,物理类,,,589,9405,
4224,华中科技大学,2024,重庆,本科提前批B段,物理类,,,626,2365,
4225,武汉理工大学,2024,重庆,本科提前批B段,物理类,,,596,14392,
4303,湖南大学,2024,重庆,本科提前批B段,物理类,,,603,7389,
4315,中南大学,2024,重庆,本科提前批B段,物理类,,,639,3941,
4401,中山大学,2024,重庆,本科提前批B段,物理类,,,630,2723,
4402,暨南大学,2024,重庆,本科提前批B段,物理类,,,595,7882,
4403,华南理工大学,2024,重庆,本科提前批B段,物理类,,,644,3219,
4489,哈尔滨工业大学（深圳）,2024,重庆,本科提前批B段,物理类,,,643,1091,
5001,重庆大学,2024,重庆,本科提前批B段,物理类,,,608,4248,
5002,重庆邮电大学,2024,重庆,本科提前批B段,物理类,,,558,15067,
5003,重庆交通大学,2024,重庆,本科提前批B段,物理类,,,525,30664,
5005,重庆医科大学,2024,重庆,本科提前批B段,物理类,,,573,4417,
5006,西南大学,2024,重庆,本科提前批B段,物理类,,,563,3373,
5007,重庆师范大学,2024,重庆,本科提前批B段,物理类,,,586,7167,
5008,重庆文理学院,2024,重庆,本科提前批B段,物理类,,,585,12784,
5009,重庆三峡学院,2024,重庆,本科提前批B段,物理类,,,585,12784,
5010,长江师范学院,2024,重庆,本科提前批B段,物理类,,,585,11037,
5011,四川外国语大学,2024,重庆,本科提前批B段,物理类,,,481,26935,
5012,西南政法大学,2024,重庆,本科提前批B段,物理类,,,553,13384,
5015,重庆理工大学,2024,重庆,本科提前批B段,物理类,,,520,27831,
5016,重庆工商大学,2024,重庆,本科提前批B段,物理类,,,514,35590,
5017,重庆中医药学院,2024,重庆,本科提前批B段,物理类,,,586,7882,
5029,重庆第二师范学院,2024,重庆,本科提前批B段,物理类,,,583,11578,
5102,西南交通大学,2024,重庆,本科提前批B段,物理类,,,591,6098,
5104,电子科技大学,2024,重庆,本科提前批B段,物理类,,,645,1401,
5111,中国民用航空飞行学院,2024,重庆,本科提前批B段,物理类,,,570,24357,
5122,西南财经大学,2024,重庆,本科提前批B段,物理类,,,597,9143,
5125,西南民族大学,2024,重庆,本科提前批B段,物理类,,,549,27386,
5127,四川大学,2024,重庆,本科提前批B段,物理类,,,596,5160,
6101,西安交通大学,2024,重庆,本科提前批B段,物理类,,,642,3507,
6102,西北工业大学,2024,重庆,本科提前批B段,物理类,,,632,2365,
6104,西安电子科技大学,2024,重庆,本科提前批B段,物理类,,,623,6943,
6114,西安外国语大学,2024,重庆,本科提前批B段,物理类,,,528,29235,
6123,西北农林科技大学,2024,重庆,本科提前批B段,物理类,,,581,11888,
6124,长安大学,2024,重庆,本科提前批B段,物理类,,,571,23888,
6201,兰州大学,2024,重庆,本科提前批B段,物理类,,,590,13384,
6205,河西学院,2024,重庆,本科提前批B段,物理类,,,540,38580,
6207,西北民族大学,2024,重庆,本科提前批B段,物理类,,,538,39605,
6403,北方民族大学,2024,重庆,本科提前批B段,物理类,,,535,31619,
6503,石河子大学,2024,重庆,本科提前批B段,物理类,,,566,26084,
6526,塔里木大学,2024,重庆,本科提前批B段,物理类,,,517,51095,
6537,中国石油大学（北京）克拉玛依校区,2024,重庆,本科提前批B段,物理类,,,563,21426,
,北京师范大学,2024,重庆,本科提前批B段,物理类,,,644,1572,
4527,广西大学,2024,重庆,高校专项计划批,物理类,,,591,14043,
1105,北京交通大学,2024,重庆,高校专项计划批次,物理类,,,611,9926,
2301,黑龙江大学,2024,重庆,高校专项计划批次,物理类,,,553,32101,
2308,东北林业大学,2024,重庆,高校专项计划批次,物理类,,,565,26509,
3217,南京农业大学,2024,重庆,高校专项计划批次,物理类,,,561,27386,
3249,南京师范大学,2024,重庆,高校专项计划批次,物理类,,,556,30664,
3249,南京师范大学,2024,重庆,高校专项计划批次,物理类,（W化）,,590,16513,
3503,福州大学,2024,重庆,高校专项计划批次,物理类,,,562,16513,
5001,重庆大学,2024,重庆,高校专项计划批次,物理类,,,603,7882,
5102,西南交通大学,2024,重庆,高校专项计划批次,物理类,,,576,6722,
5301,云南大学,2024,重庆,高校专项计划批次,物理类,,,580,20262,
6111,陕西师范大学,2024,重庆,高校专项计划批次,物理类,,,623,2970,
5012,西南政法大学,2024,重庆,高校专项计划本科批,物理类,,,589,16514,
5122,西南财经大学,2024,重庆,高校专项计划本科批,物理类,,,584,18694,
3173,上海邦德职业技术学院,2024,重庆,专科批,艺术类（历史）,,,154,,
5135,成都外国语学院,2024,重庆,专科批,艺术类（历史）,,,158,,
5135,成都外国语学院,2024,重庆,本科批,艺术类（历史）,,,192,,
5184,成都锦城学院,2024,重庆,本科批,艺术类（历史）,,,184,,
5111,中国民用航空飞行学院,2024,重庆,本科提前批,艺术类（历史）,,,202,,
5192,四川文化艺术学院,2024,重庆,艺术类专科批,艺术类（历史）,,,137,334,
,四川电影电视学院,2024,重庆,艺术类专科批,艺术类（历史）,,,125,,
1220,天津商业大学宝德学院,2024,重庆,艺术类本科批,艺术类（历史）,,,175,494,
3233,南京传媒学院,2024,重庆,艺术类本科批,艺术类（历史）,,,186,,
3503,福州大学,2024,重庆,艺术类本科批,艺术类（历史）,,,225,,
3540,福州外语外贸学院,2024,重庆,艺术类本科批,艺术类（历史）,,,184,,
3662,景德镇艺术职业大学,2024,重庆,艺术类本科批,艺术类（历史）,,,190,,
4142,洛阳师范学院,2024,重庆,艺术类本科批,艺术类（历史）,,,199,,
4158,黄淮学院,2024,重庆,艺术类本科批,艺术类（历史）,,,194,,
4525,贺州学院,2024,重庆,艺术类本科批,艺术类（历史）,,,220,,
4539,南宁师范大学,2024,重庆,艺术类本科批,艺术类（历史）,,,189,,
5110,西华大学,2024,重庆,艺术类本科批,艺术类（历史）,,,188,,
5124,四川音乐学院,2024,重庆,艺术类本科批,艺术类（历史）,,,181,,
5131,四川传媒学院,2024,重庆,艺术类本科批,艺术类（历史）,,,170,,
5137,四川文理学院,2024,重庆,艺术类本科批,艺术类（历史）,,,181,,
5190,西南财经大学天府学院,2024,重庆,艺术类本科批,艺术类（历史）,,,191,,
5192,四川文化艺术学院,2024,重庆,艺术类本科批,艺术类（历史）,,,164,63,
5301,云南大学,2024,重庆,艺术类本科批,艺术类（历史）,,,216,,
5304,西南林业大学,2024,重庆,艺术类本科批,艺术类（历史）,,,204,,
5315,昆明城市学院,2024,重庆,艺术类本科批,艺术类（历史）,,,164,,
,四川电影电视学院,2024,重庆,艺术类本科批,艺术类（历史）,,,142,,
3173,上海邦德职业技术学院,2024,重庆,专科批,艺术类（物理）,,,154,,
5135,成都外国语学院,2024,重庆,专科批,艺术类（物理）,,,158,,
5135,成都外国语学院,2024,重庆,本科批,艺术类（物理）,,,192,,
5184,成都锦城学院,2024,重庆,本科批,艺术类（物理）,,,184,,
5111,中国民用航空飞行学院,2024,重庆,本科提前批,艺术类（物理）,,,202,,
5192,四川文化艺术学院,2024,重庆,艺术类专科批,艺术类（物理）,,,137,334,
,四川电影电视学院,2024,重庆,艺术类专科批,艺术类（物理）,,,125,,
3233,南京传媒学院,2024,重庆,艺术类本科批,艺术类（物理）,,,186,,
3503,福州大学,2024,重庆,艺术类本科批,艺术类（物理）,,,225,,
3540,福州外语外贸学院,2024,重庆,艺术类本科批,艺术类（物理）,,,184,,
3662,景德镇艺术职业大学,2024,重庆,艺术类本科批,艺术类（物理）,,,190,,
4142,洛阳师范学院,2024,重庆,艺术类本科批,艺术类（物理）,,,199,,
4158,黄淮学院,2024,重庆,艺术类本科批,艺术类（物理）,,,194,,
4525,贺州学院,2024,重庆,艺术类本科批,艺术类（物理）,,,220,,
4539,南宁师范大学,2024,重庆,艺术类本科批,艺术类（物理）,,,189,,
5110,西华大学,2024,重庆,艺术类本科批,艺术类（物理）,,,188,,
5124,四川音乐学院,2024,重庆,艺术类本科批,艺术类（物理）,,,181,,
5131,四川传媒学院,2024,重庆,艺术类本科批,艺术类（物理）,,,170,,
5137,四川文理学院,2024,重庆,艺术类本科批,艺术类（物理）,,,181,,
5190,西南财经大学天府学院,2024,重庆,艺术类本科批,艺术类（物理）,,,191,,
5192,四川文化艺术学院,2024,重庆,艺术类本科批,艺术类（物理）,,,164,63,
5301,云南大学,2024,重庆,艺术类本科批,艺术类（物理）,,,216,,
5304,西南林业大学,2024,重庆,艺术类本科批,艺术类（物理）,,,204,,
5315,昆明城市学院,2024,重庆,艺术类本科批,艺术类（物理）,,,164,,
,四川电影电视学院,2024,重庆,艺术类本科批,艺术类（物理）,,,142,,
2123,沈阳体育学院,2023,重庆,体育类本科批,体育类（历史）,,,77,,
,武汉体育学院体育科技学院,2023,重庆,体育类本科批,体育类（历史）,,,74,,
2123,沈阳体育学院,2023,重庆,体育类本科批,体育类（物理）,,,77,,
,武汉体育学院体育科技学院,2023,重庆,体育类本科批,体育类（物理）,,,74,,
1166,北京培黎职业学院,2023,重庆,专科批,历史类,,,353,51227,
1168,中国劳动关系学院,2023,重庆,专科批,历史类,,,404,35802,
1199,民政职业大学,2023,重庆,专科批,历史类,,,392,39505,
1223,天津市职业大学,2023,重庆,专科批,历史类,,,381,30701,
1226,天津滨海职业学院,2023,重庆,专科批,历史类,,,348,41961,
1228,天津现代职业技术学院,2023,重庆,专科批,历史类,,,306,43866,
1234,天津交通职业学院,2023,重庆,专科批,历史类,,,368,46959,
1237,天津石油职业技术学院,2023,重庆,专科批,历史类,,,280,62762,
1238,天津国土资源和房屋职业学院,2023,重庆,专科批,历史类,,,293,61084,
1242,天津警察学院,2023,重庆,专科批,历史类,,,393,39215,
1248,天津城市建设管理职业技术学院,2023,重庆,专科批,历史类,,,327,55853,
1253,天津城市职业学院,2023,重庆,专科批,历史类,,,352,26801,
1272,天津铁道职业技术学院,2023,重庆,专科批,历史类,,,383,42281,
1274,天津生物工程职业技术学院,2023,重庆,专科批,历史类,,,300,59150,
1304,华北理工大学,2023,重庆,专科批,历史类,,,417,26523,
1315,华北理工大学轻工学院,2023,重庆,专科批,历史类,,,282,42281,
1323,邯郸职业技术学院,2023,重庆,专科批,历史类,,,319,51490,
1324,石家庄铁路职业技术学院,2023,重庆,专科批,历史类,,,362,44161,
1326,河北建材职业技术学院,2023,重庆,专科批,历史类,,,273,66461,
1328,河北软件职业技术学院,2023,重庆,专科批,历史类,,,328,57964,
1329,秦皇岛职业技术学院,2023,重庆,专科批,历史类,,,261,64251,
1330,唐山职业技术学院,2023,重庆,专科批,历史类,,,348,34600,
1332,河北旅游职业学院,2023,重庆,专科批,历史类,,,297,57964,
1334,河北化工医药职业技术学院,2023,重庆,专科批,历史类,,,326,48407,
1337,石家庄邮电职业技术学院,2023,重庆,专科批,历史类,,,398,26246,
1341,河北能源职业技术学院,2023,重庆,专科批,历史类,,,299,64075,
1347,河北对外经贸职业学院,2023,重庆,专科批,历史类,,,211,39806,
1350,河北交通职业技术学院,2023,重庆,专科批,历史类,,,285,61084,
1360,石家庄职业技术学院,2023,重庆,专科批,历史类,,,269,55077,
1363,石家庄城市经济职业学院,2023,重庆,专科批,历史类,,,303,63331,
1377,石家庄科技信息职业学院,2023,重庆,专科批,历史类,,,267,41961,
1379,沧州医学高等专科学校,2023,重庆,专科批,历史类,,,397,30119,
1383,石家庄医学高等专科学校,2023,重庆,专科批,历史类,,,289,48407,
1384,河北司法警官职业学院,2023,重庆,专科批,历史类,,,387,39806,
1392,石家庄人民医学高等专科学校,2023,重庆,专科批,历史类,,,307,50661,
1413,山西工程职业学院,2023,重庆,专科批,历史类,,,312,61517,
1440,临汾职业技术学院,2023,重庆,专科批,历史类,,,309,52107,
1454,运城护理职业学院,2023,重庆,专科批,历史类,,,343,32516,
1455,运城幼儿师范高等专科学校,2023,重庆,专科批,历史类,,,302,56127,
1464,太原幼儿师范高等专科学校,2023,重庆,专科批,历史类,,,297,64432,
1476,阳泉师范高等专科学校,2023,重庆,专科批,历史类,,,315,55077,
1485,山西卫生健康职业学院,2023,重庆,专科批,历史类,,,372,33995,
2132,大连财经学院,2023,重庆,专科批,历史类,,,347,52928,
2134,铁岭师范高等专科学校,2023,重庆,专科批,历史类,,,278,48940,
2135,辽宁省交通高等专科学校,2023,重庆,专科批,历史类,,,343,48940,
2137,大连职业技术学院,2023,重庆,专科批,历史类,,,295,63331,
2140,辽宁机电职业技术学院,2023,重庆,专科批,历史类,,,315,53476,
2145,锦州师范高等专科学校,2023,重庆,专科批,历史类,,,319,55853,
2146,辽宁农业职业技术学院,2023,重庆,专科批,历史类,,,298,46657,
2156,辽宁职业学院,2023,重庆,专科批,历史类,,,298,61517,
2171,沈阳职业技术学院,2023,重庆,专科批,历史类,,,224,66069,
2179,朝阳师范学院,2023,重庆,专科批,历史类,,,208,42281,
2184,大连航运职业技术学院,2023,重庆,专科批,历史类,,,269,68026,
2191,抚顺师范高等专科学校,2023,重庆,专科批,历史类,,,291,65211,
2192,营口职业技术学院,2023,重庆,专科批,历史类,,,280,57214,
2226,长春金融高等专科学校,2023,重庆,专科批,历史类,,,347,39806,
2227,长春医学高等专科学校,2023,重庆,专科批,历史类,,,422,22483,
2240,吉林电子信息职业技术学院,2023,重庆,专科批,历史类,,,408,34600,
2245,吉林司法警官职业学院,2023,重庆,专科批,历史类,,,357,50118,
2267,白城职业技术学院,2023,重庆,专科批,历史类,,,315,60870,
2268,长春健康职业学院,2023,重庆,专科批,历史类,,,332,56929,
2305,东北石油大学,2023,重庆,专科批,历史类,,,447,23317,
2321,牡丹江大学,2023,重庆,专科批,历史类,,,227,42281,
2323,黑龙江建筑职业技术学院,2023,重庆,专科批,历史类,,,286,61704,
2325,黑龙江农业工程职业学院,2023,重庆,专科批,历史类,,,274,58220,
2326,黑龙江农垦职业学院,2023,重庆,专科批,历史类,,,266,61317,
2327,哈尔滨铁道职业技术学院,2023,重庆,专科批,历史类,,,314,51809,
2336,黑龙江生态工程职业学院,2023,重庆,专科批,历史类,,,281,54822,
2341,黑龙江农业经济职业学院,2023,重庆,专科批,历史类,,,247,64747,
2342,黑龙江林业职业技术学院,2023,重庆,专科批,历史类,,,224,70583,
2343,哈尔滨职业技术大学,2023,重庆,专科批,历史类,,,263,50661,
2351,齐齐哈尔高等师范专科学校,2023,重庆,专科批,历史类,,,307,44447,
2364,黑龙江交通职业技术学院,2023,重庆,专科批,历史类,,,302,52654,
2367,大庆职业学院,2023,重庆,专科批,历史类,,,251,49503,
2368,大兴安岭职业学院,2023,重庆,专科批,历史类,,,304,55587,
2371,大庆医学高等专科学校,2023,重庆,专科批,历史类,,,333,49807,
2373,黑龙江幼儿师范高等专科学校,2023,重庆,专科批,历史类,,,267,58945,
2374,哈尔滨科学技术职业学院,2023,重庆,专科批,历史类,,,280,64251,
2376,黑龙江护理高等专科学校,2023,重庆,专科批,历史类,,,340,37341,
2379,哈尔滨幼儿师范高等专科学校,2023,重庆,专科批,历史类,,,269,63906,
2388,哈尔滨北方航空职业技术学院,2023,重庆,专科批,历史类,,,238,70109,
3122,上海旅游高等专科学校,2023,重庆,专科批,历史类,,,352,44753,
3123,上海济光职业技术学院,2023,重庆,专科批,历史类,,,311,61704,
3124,上海建桥学院,2023,重庆,专科批,历史类,,,331,55351,
3128,上海工艺美术职业学院,2023,重庆,专科批,历史类,,,383,36669,
3129,上海思博职业技术学院,2023,重庆,专科批,历史类,,,234,64251,
3137,上海工商外国语职业学院,2023,重庆,专科批,历史类,,,274,64251,
3138,上海工商职业技术学院,2023,重庆,专科批,历史类,,,321,59599,
3149,上海电子信息职业技术学院,2023,重庆,专科批,历史类,,,344,47531,
3152,上海城建职业学院,2023,重庆,专科批,历史类,,,369,43559,
3160,上海出版印刷高等专科学校,2023,重庆,专科批,历史类,,,371,40425,
3161,上海震旦职业学院,2023,重庆,专科批,历史类,,,301,63715,
3173,上海邦德职业技术学院,2023,重庆,专科批,历史类,,,215,57714,
3175,上海中侨职业技术大学,2023,重庆,专科批,历史类,,,266,60677,
3176,上海民航职业技术学院,2023,重庆,专科批,历史类,,,367,44161,
3177,上海科学技术职业学院,2023,重庆,专科批,历史类,,,358,36669,
3236,无锡职业技术大学,2023,重庆,专科批,历史类,,,387,27366,
3241,江苏经贸职业技术学院,2023,重庆,专科批,历史类,,,378,40742,
3253,江苏农牧科技职业学院,2023,重庆,专科批,历史类,,,365,23022,
3256,苏州百年职业学院,2023,重庆,专科批,历史类,,,241,69971,
3266,常州信息职业技术学院,2023,重庆,专科批,历史类,,,319,46017,
3274,江苏农林职业技术学院,2023,重庆,专科批,历史类,,,340,54822,
3291,江苏城市职业学院,2023,重庆,专科批,历史类,,,366,43559,
3293,连云港职业技术学院,2023,重庆,专科批,历史类,,,356,50392,
3294,镇江市高等专科学校,2023,重庆,专科批,历史类,,,347,38916,
3299,连云港师范学院,2023,重庆,专科批,历史类,,,388,38006,
3315,浙江工贸职业技术学院,2023,重庆,专科批,历史类,,,352,36374,
3354,浙江商业职业技术学院,2023,重庆,专科批,历史类,,,360,38916,
3355,浙江经济职业技术学院,2023,重庆,专科批,历史类,,,389,36374,
3379,浙江工商职业技术学院,2023,重庆,专科批,历史类,,,362,42594,
3436,马鞍山师范高等专科学校,2023,重庆,专科批,历史类,,,307,46657,
3438,安徽新闻出版职业技术学院,2023,重庆,专科批,历史类,,,272,50961,
3462,安徽审计职业学院,2023,重庆,专科批,历史类,,,373,45377,
3472,合肥通用职业技术学院,2023,重庆,专科批,历史类,,,306,62103,
3479,宣城职业技术学院,2023,重庆,专科批,历史类,,,304,59823,
3515,黎明职业大学,2023,重庆,专科批,历史类,,,304,57214,
3517,漳州职业技术学院,2023,重庆,专科批,历史类,,,359,46318,
3523,泉州纺织服装职业学院,2023,重庆,专科批,历史类,,,236,70178,
3541,泉州经贸职业技术学院,2023,重庆,专科批,历史类,,,238,57714,
3563,三明医学科技职业学院,2023,重庆,专科批,历史类,,,311,46017,
3565,厦门安防科技职业学院,2023,重庆,专科批,历史类,,,239,70072,
3583,厦门城市职业学院,2023,重庆,专科批,历史类,,,322,39505,
3590,漳州卫生职业学院,2023,重庆,专科批,历史类,,,378,29191,
3593,福州墨尔本理工职业学院,2023,重庆,专科批,历史类,,,298,62328,
3614,江西医学高等专科学校,2023,重庆,专科批,历史类,,,367,39215,
3631,九江职业大学,2023,重庆,专科批,历史类,,,361,37341,
3633,江西职业技术大学,2023,重庆,专科批,历史类,,,339,39505,
3634,江西工业职业技术学院,2023,重庆,专科批,历史类,,,309,61517,
3636,南昌理工学院,2023,重庆,专科批,历史类,,,270,60038,
3637,江西司法警官职业学院,2023,重庆,专科批,历史类,,,355,42896,
3639,江西电力职业技术学院,2023,重庆,专科批,历史类,,,359,39806,
3641,江西机电职业技术学院,2023,重庆,专科批,历史类,,,256,61704,
3644,江西交通职业技术学院,2023,重庆,专科批,历史类,,,332,54822,
3646,江西财经职业学院,2023,重庆,专科批,历史类,,,277,62535,
3647,江西应用技术职业学院,2023,重庆,专科批,历史类,,,341,50392,
3648,江西现代职业技术学院,2023,重庆,专科批,历史类,,,309,50961,
3649,南昌工学院,2023,重庆,专科批,历史类,,,281,50961,
3650,南昌职业大学,2023,重庆,专科批,历史类,,,304,63167,
3652,江西科技职业学院,2023,重庆,专科批,历史类,,,246,69732,
3655,江西工业贸易职业技术学院,2023,重庆,专科批,历史类,,,252,47830,
3658,江西环境工程职业学院,2023,重庆,专科批,历史类,,,336,55853,
3659,宜春职业技术学院,2023,重庆,专科批,历史类,,,344,48131,
3661,江西建设职业技术学院,2023,重庆,专科批,历史类,,,308,57214,
3670,抚州医药学院,2023,重庆,专科批,历史类,,,384,39215,
3673,江西信息应用职业技术学院,2023,重庆,专科批,历史类,,,395,38605,
3674,豫章师范学院,2023,重庆,专科批,历史类,,,391,38305,
3678,赣州师范高等专科学校,2023,重庆,专科批,历史类,,,274,39806,
3682,江西新能源科技职业学院,2023,重庆,专科批,历史类,,,283,66461,
3686,江西洪州职业学院,2023,重庆,专科批,历史类,,,295,64747,
3688,江西师范高等专科学校,2023,重庆,专科批,历史类,,,398,37664,
3696,宜春幼儿师范高等专科学校,2023,重庆,专科批,历史类,,,307,43559,
3697,吉安职业技术学院,2023,重庆,专科批,历史类,,,310,39806,
3698,赣南卫生健康职业学院,2023,重庆,专科批,历史类,,,349,51227,
3721,山东水利职业学院,2023,重庆,专科批,历史类,,,285,53476,
3723,山东力明科技职业学院,2023,重庆,专科批,历史类,,,238,48940,
3724,青岛酒店管理职业技术学院,2023,重庆,专科批,历史类,,,324,56645,
3729,青岛求实职业技术学院,2023,重庆,专科批,历史类,,,239,51227,
3731,青岛黄海学院,2023,重庆,专科批,历史类,,,350,52107,
3733,山东畜牧兽医职业学院,2023,重庆,专科批,历史类,,,377,37341,
3736,曲阜远东职业技术学院,2023,重庆,专科批,历史类,,,306,62762,
3737,青岛港湾职业技术学院,2023,重庆,专科批,历史类,,,281,55077,
3746,济宁学院,2023,重庆,专科批,历史类,,,402,36374,
3747,日照职业技术学院,2023,重庆,专科批,历史类,,,326,39215,
3766,齐鲁理工学院,2023,重庆,专科批,历史类,,,283,65810,
3782,山东职业学院,2023,重庆,专科批,历史类,,,343,53998,
3783,山东铝业职业学院,2023,重庆,专科批,历史类,,,253,69297,
3787,山东信息职业技术学院,2023,重庆,专科批,历史类,,,277,55853,
3798,菏泽家政职业学院,2023,重庆,专科批,历史类,,,302,63532,
4126,开封大学,2023,重庆,专科批,历史类,,,375,43226,
4133,焦作大学,2023,重庆,专科批,历史类,,,388,40742,
4135,焦作师范高等专科学校,2023,重庆,专科批,历史类,,,362,48673,
4139,鹤壁职业技术学院,2023,重庆,专科批,历史类,,,294,56645,
4150,漯河职业技术学院,2023,重庆,专科批,历史类,,,269,63532,
4151,三门峡职业技术学院,2023,重庆,专科批,历史类,,,329,41961,
4155,信阳职业技术学院,2023,重庆,专科批,历史类,,,267,48940,
4170,周口职业技术学院,2023,重庆,专科批,历史类,,,341,45050,
4182,开封文化艺术职业学院,2023,重庆,专科批,历史类,,,340,54822,
4186,郑州健康学院,2023,重庆,专科批,历史类,,,358,38916,
4188,安阳幼儿师范高等专科学校,2023,重庆,专科批,历史类,,,275,56379,
4191,平顶山工业职业技术学院,2023,重庆,专科批,历史类,,,272,67504,
4193,济源职业技术学院,2023,重庆,专科批,历史类,,,305,50118,
4197,河南护理职业学院,2023,重庆,专科批,历史类,,,351,51809,
4239,鄂州职业大学,2023,重庆,专科批,历史类,,,322,44161,
4240,武汉职业技术大学,2023,重庆,专科批,历史类,,,380,36669,
4241,武汉船舶职业技术学院,2023,重庆,专科批,历史类,,,317,45377,
4244,湖北职业技术学院,2023,重庆,专科批,历史类,,,316,35492,
4247,襄阳职业技术学院,2023,重庆,专科批,历史类,,,379,26801,
4248,恩施职业技术学院,2023,重庆,专科批,历史类,,,264,61517,
4250,武汉生物工程学院,2023,重庆,专科批,历史类,,,318,39806,
4251,湖北交通职业技术学院,2023,重庆,专科批,历史类,,,314,49807,
4252,仙桃职业学院,2023,重庆,专科批,历史类,,,294,47239,
4253,荆州职业技术学院,2023,重庆,专科批,历史类,,,330,52654,
4255,武汉软件工程职业学院,2023,重庆,专科批,历史类,,,382,37341,
4256,武汉电力职业技术学院,2023,重庆,专科批,历史类,,,383,35492,
4257,湖北水利水电职业技术学院,2023,重庆,专科批,历史类,,,356,49213,
4258,武汉商贸职业学院,2023,重庆,专科批,历史类,,,264,55351,
4259,武汉科技职业学院,2023,重庆,专科批,历史类,,,298,62535,
4261,武汉警官职业学院,2023,重庆,专科批,历史类,,,360,36081,
4262,随州职业技术学院,2023,重庆,专科批,历史类,,,303,46657,
4263,武汉交通职业学院,2023,重庆,专科批,历史类,,,311,40425,
4264,咸宁职业技术学院,2023,重庆,专科批,历史类,,,321,33995,
4265,长江工程职业技术学院,2023,重庆,专科批,历史类,,,363,42281,
4267,湖北生态工程职业技术学院,2023,重庆,专科批,历史类,,,327,55351,
4268,湖北生物科技职业学院,2023,重庆,专科批,历史类,,,405,35492,
4276,湖北三峡职业技术学院,2023,重庆,专科批,历史类,,,269,27366,
4278,湖北恩施学院,2023,重庆,专科批,历史类,,,346,46959,
4280,武汉铁路职业技术学院,2023,重庆,专科批,历史类,,,359,21453,
4282,江汉艺术职业学院,2023,重庆,专科批,历史类,,,341,46318,
4285,武汉城市职业学院,2023,重庆,专科批,历史类,,,357,35492,
4289,湖北国土资源职业学院,2023,重庆,专科批,历史类,,,269,58220,
4296,湖北城市建设职业技术学院,2023,重庆,专科批,历史类,,,323,49503,
4299,荆州理工职业学院,2023,重庆,专科批,历史类,,,315,54260,
4302,吉首大学,2023,重庆,专科批,历史类,,,452,20196,
4330,长沙民政职业技术学院,2023,重庆,专科批,历史类,,,386,22214,
4331,湖南工业职业技术学院,2023,重庆,专科批,历史类,,,319,50961,
4332,湖南信息职业技术学院,2023,重庆,专科批,历史类,,,327,45699,
4335,湖南铁道职业技术学院,2023,重庆,专科批,历史类,,,367,37664,
4336,永州职业技术学院,2023,重庆,专科批,历史类,,,257,26523,
4337,湘潭医卫职业技术学院,2023,重庆,专科批,历史类,,,373,42594,
4338,湖南商务职业技术学院,2023,重庆,专科批,历史类,,,298,60038,
4339,郴州职业技术学院,2023,重庆,专科批,历史类,,,324,55853,
4341,张家界航空工业职业技术学院,2023,重庆,专科批,历史类,,,352,50661,
4342,湖南工程职业技术学院,2023,重庆,专科批,历史类,,,347,41670,
4343,长沙环境保护职业技术学院,2023,重庆,专科批,历史类,,,310,61899,
4348,怀化职业技术学院,2023,重庆,专科批,历史类,,,247,61317,
4351,湖南民族职业学院,2023,重庆,专科批,历史类,,,328,46017,
4355,常德职业技术学院,2023,重庆,专科批,历史类,,,317,44161,
4360,湖南石油化工职业技术学院,2023,重庆,专科批,历史类,,,361,48940,
4363,湖南科技职业学院,2023,重庆,专科批,历史类,,,298,64251,
4364,岳阳职业技术学院,2023,重庆,专科批,历史类,,,357,43559,
4365,长沙南方职业学院,2023,重庆,专科批,历史类,,,220,70689,
4372,湖南大众传媒职业技术学院,2023,重庆,专科批,历史类,,,400,34284,
4373,湖南交通职业技术学院,2023,重庆,专科批,历史类,,,344,53747,
4377,湖南环境生物职业技术学院,2023,重庆,专科批,历史类,,,319,40425,
4378,湖南城建职业技术学院,2023,重庆,专科批,历史类,,,333,56645,
4380,湘西民族职业技术学院,2023,重庆,专科批,历史类,,,296,57214,
4383,湖南高速铁路职业技术学院,2023,重庆,专科批,历史类,,,406,30983,
4389,湖南司法警官职业学院,2023,重庆,专科批,历史类,,,382,41961,
4397,湖南安全技术职业学院,2023,重庆,专科批,历史类,,,260,68810,
4419,广东南华工商职业学院,2023,重庆,专科批,历史类,,,327,32816,
4421,广州民航职业技术学院,2023,重庆,专科批,历史类,,,345,16268,
4428,广东亚视演艺职业学院,2023,重庆,专科批,历史类,,,230,70386,
4430,珠海艺术职业学院,2023,重庆,专科批,历史类,,,289,56127,
4437,广东工贸职业技术学院,2023,重庆,专科批,历史类,,,379,43559,
4453,茂名职业技术学院,2023,重庆,专科批,历史类,,,315,60870,
4478,顺德职业技术大学,2023,重庆,专科批,历史类,,,345,38605,
4481,广东文理职业学院,2023,重庆,专科批,历史类,,,224,70583,
4483,广东科学技术职业学院,2023,重庆,专科批,历史类,,,338,42594,
4498,广州卫生职业技术学院,2023,重庆,专科批,历史类,,,332,20413,
4503,桂林理工大学,2023,重庆,专科批,历史类,,,400,33707,
4513,桂林旅游学院,2023,重庆,专科批,历史类,,,370,38916,
4523,广西工业职业技术学院,2023,重庆,专科批,历史类,,,302,50661,
4540,广西国际商务职业技术学院,2023,重庆,专科批,历史类,,,285,66213,
4551,柳州城市职业学院,2023,重庆,专科批,历史类,,,314,54822,
4553,广西电力职业技术学院,2023,重庆,专科批,历史类,,,368,46959,
4557,梧州职业学院,2023,重庆,专科批,历史类,,,239,56645,
4560,广西卫生职业技术学院,2023,重庆,专科批,历史类,,,356,50392,
4564,广西幼儿师范高等专科学校,2023,重庆,专科批,历史类,,,310,42281,
4575,广西自然资源职业技术学院,2023,重庆,专科批,历史类,,,280,66817,
4576,钦州幼儿师范高等专科学校,2023,重庆,专科批,历史类,,,295,64747,
4579,梧州医学高等专科学校,2023,重庆,专科批,历史类,,,229,53476,
4580,桂林生命与健康职业技术学院,2023,重庆,专科批,历史类,,,225,70558,
4603,海南热带海洋学院,2023,重庆,专科批,历史类,,,357,39806,
4605,海南职业技术学院,2023,重庆,专科批,历史类,,,260,58722,
4606,海口经济学院,2023,重庆,专科批,历史类,,,289,60440,
4607,三亚城市职业学院,2023,重庆,专科批,历史类,,,220,69366,
4608,海南软件职业技术学院,2023,重庆,专科批,历史类,,,291,61704,
4609,海南工商职业学院,2023,重庆,专科批,历史类,,,281,66686,
4610,海南政法职业学院,2023,重庆,专科批,历史类,,,353,35492,
4611,海南经贸职业技术学院,2023,重庆,专科批,历史类,,,286,48940,
4613,海南外国语职业学院,2023,重庆,专科批,历史类,,,204,44161,
4616,三亚航空旅游职业学院,2023,重庆,专科批,历史类,,,225,62328,
4617,三亚理工职业学院,2023,重庆,专科批,历史类,,,292,61317,
4628,海南卫生健康职业学院,2023,重庆,专科批,历史类,,,389,40425,
5030,重庆电力高等专科学校,2023,重庆,专科批,历史类,,,339,25945,
5031,重庆航天职业技术学院,2023,重庆,专科批,历史类,,,351,36374,
5032,重庆工业职业技术大学,2023,重庆,专科批,历史类,,,360,36081,
5033,重庆工程职业技术学院,2023,重庆,专科批,历史类,,,320,35171,
5034,重庆城市管理职业学院,2023,重庆,专科批,历史类,,,385,29191,
5036,重庆电子科技职业大学,2023,重庆,专科批,历史类,,,352,31291,
5037,重庆信息技术职业学院,2023,重庆,专科批,历史类,,,192,53476,
5038,重庆海联职业技术学院,2023,重庆,专科批,历史类,,,225,63906,
5039,重庆传媒职业学院,2023,重庆,专科批,历史类,,,253,59599,
5040,重庆工商职业学院,2023,重庆,专科批,历史类,,,327,37341,
5041,重庆建筑科技职业学院,2023,重庆,专科批,历史类,,,269,45050,
5042,重庆三峡职业学院,2023,重庆,专科批,历史类,,,317,39806,
5043,重庆工贸职业技术学院,2023,重庆,专科批,历史类,,,321,42281,
5046,重庆财经职业学院,2023,重庆,专科批,历史类,,,323,46017,
5047,重庆水利电力职业技术学院,2023,重庆,专科批,历史类,,,327,41043,
5050,重庆机电职业技术大学,2023,重庆,专科批,历史类,,,321,45377,
5054,重庆城市职业学院,2023,重庆,专科批,历史类,,,338,39505,
5056,重庆应用技术职业学院,2023,重庆,专科批,历史类,,,216,61704,
5058,重庆电讯职业学院,2023,重庆,专科批,历史类,,,201,61704,
5059,重庆三峡医药高等专科学校,2023,重庆,专科批,历史类,,,327,18989,
5060,重庆医药高等专科学校,2023,重庆,专科批,历史类,,,331,21195,
5061,重庆化工职业学院,2023,重庆,专科批,历史类,,,308,47531,
5062,重庆青年职业技术学院,2023,重庆,专科批,历史类,,,299,42281,
5064,重庆科创职业学院,2023,重庆,专科批,历史类,,,250,53199,
5065,重庆建筑工程职业学院,2023,重庆,专科批,历史类,,,327,36374,
5066,重庆能源职业学院,2023,重庆,专科批,历史类,,,248,60677,
5067,重庆商务职业学院,2023,重庆,专科批,历史类,,,328,43226,
5069,重庆交通职业学院,2023,重庆,专科批,历史类,,,273,48407,
5071,重庆旅游职业学院,2023,重庆,专科批,历史类,,,305,46318,
5077,重庆五一职业技术学院,2023,重庆,专科批,历史类,,,310,59150,
5078,重庆电信职业学院,2023,重庆,专科批,历史类,,,190,41961,
5079,重庆公共运输职业学院,2023,重庆,专科批,历史类,,,262,60870,
5080,重庆艺术工程职业学院,2023,重庆,专科批,历史类,,,220,57964,
5081,重庆轻工职业学院,2023,重庆,专科批,历史类,,,223,61317,
5082,重庆安全技术职业学院,2023,重庆,专科批,历史类,,,321,51490,
5083,重庆经贸职业学院,2023,重庆,专科批,历史类,,,187,51227,
5084,重庆文化艺术职业学院,2023,重庆,专科批,历史类,,,316,44753,
5085,重庆科技职业学院,2023,重庆,专科批,历史类,,,217,60677,
5086,重庆理工职业学院,2023,重庆,专科批,历史类,,,242,54260,
5087,重庆幼儿师范高等专科学校,2023,重庆,专科批,历史类,,,207,33118,
5088,重庆智能工程职业学院,2023,重庆,专科批,历史类,,,200,57714,
5089,重庆健康职业学院,2023,重庆,专科批,历史类,,,230,69869,
5090,重庆工信职业学院,2023,重庆,专科批,历史类,,,308,48407,
5093,重庆护理职业学院,2023,重庆,专科批,历史类,,,261,53476,
5099,重庆资源与环境保护职业学院,2023,重庆,专科批,历史类,,,226,57714,
5130,成都理工大学工程技术学院,2023,重庆,专科批,历史类,,,382,42594,
5135,成都外国语学院,2023,重庆,专科批,历史类,,,299,38305,
5136,电子科技大学成都学院,2023,重庆,专科批,历史类,,,264,45377,
5140,成都纺织高等专科学校,2023,重庆,专科批,历史类,,,301,31607,
5141,民办四川天一学院,2023,重庆,专科批,历史类,,,228,68026,
5143,四川交通职业技术学院,2023,重庆,专科批,历史类,,,371,35802,
5144,达州职业技术学院,2023,重庆,专科批,历史类,,,328,41670,
5145,四川机电职业技术学院,2023,重庆,专科批,历史类,,,321,59599,
5146,四川工程职业技术大学,2023,重庆,专科批,历史类,,,355,36374,
5148,绵阳职业技术学院,2023,重庆,专科批,历史类,,,341,54560,
5149,四川工商职业技术学院,2023,重庆,专科批,历史类,,,306,60440,
5150,四川建筑职业技术学院,2023,重庆,专科批,历史类,,,338,46657,
5152,四川国际标榜职业学院,2023,重庆,专科批,历史类,,,265,67178,
5153,成都农业科技职业学院,2023,重庆,专科批,历史类,,,365,30119,
5154,宜宾职业技术学院,2023,重庆,专科批,历史类,,,357,48131,
5156,四川托普信息技术职业学院,2023,重庆,专科批,历史类,,,267,68186,
5157,四川职业技术学院,2023,重庆,专科批,历史类,,,337,52107,
5159,泸州职业技术学院,2023,重庆,专科批,历史类,,,288,52928,
5160,乐山职业技术学院,2023,重庆,专科批,历史类,,,357,38916,
5161,成都职业技术学院,2023,重庆,专科批,历史类,,,364,37664,
5162,南充职业技术学院,2023,重庆,专科批,历史类,,,320,41670,
5163,四川水利职业技术学院,2023,重庆,专科批,历史类,,,331,41961,
5165,四川航天职业技术学院,2023,重庆,专科批,历史类,,,355,47830,
5168,四川司法警官职业学院,2023,重庆,专科批,历史类,,,362,48673,
5173,雅安职业技术学院,2023,重庆,专科批,历史类,,,353,41367,
5175,四川商务职业学院,2023,重庆,专科批,历史类,,,305,55351,
5177,内江职业技术学院,2023,重庆,专科批,历史类,,,342,54260,
5178,四川现代职业学院,2023,重庆,专科批,历史类,,,276,67287,
5181,四川工业科技学院,2023,重庆,专科批,历史类,,,308,41043,
5183,广安职业技术学院,2023,重庆,专科批,历史类,,,253,46017,
5184,成都锦城学院,2023,重庆,专科批,历史类,,,325,37664,
5185,四川铁道职业学院,2023,重庆,专科批,历史类,,,445,23806,
5187,四川文化传媒职业学院,2023,重庆,专科批,历史类,,,250,65810,
5188,四川华新现代职业学院,2023,重庆,专科批,历史类,,,256,64251,
5190,西南财经大学天府学院,2023,重庆,专科批,历史类,,,252,62103,
5191,四川大学锦江学院,2023,重庆,专科批,历史类,,,223,53476,
5192,四川文化艺术学院,2023,重庆,专科批,历史类,,,238,51227,
5193,四川科技职业学院,2023,重庆,专科批,历史类,,,264,61317,
5194,四川文化产业职业学院,2023,重庆,专科批,历史类,,,231,44447,
5197,四川长江职业学院,2023,重庆,专科批,历史类,,,304,63167,
5198,四川城市职业学院,2023,重庆,专科批,历史类,,,187,62535,
5222,黔东南民族职业技术学院,2023,重庆,专科批,历史类,,,216,24871,
5223,遵义职业技术学院,2023,重庆,专科批,历史类,,,319,50661,
5225,铜仁职业技术大学,2023,重庆,专科批,历史类,,,306,38006,
5226,黔南民族职业技术学院,2023,重庆,专科批,历史类,,,276,65810,
5233,六盘水职业技术学院,2023,重庆,专科批,历史类,,,312,49213,
5235,贵州轻工职业大学,2023,重庆,专科批,历史类,,,311,61084,
5242,贵阳职业技术学院,2023,重庆,专科批,历史类,,,329,36081,
5245,遵义医药高等专科学校,2023,重庆,专科批,历史类,,,400,26246,
5246,毕节职业技术学院,2023,重庆,专科批,历史类,,,316,47830,
5251,贵州机电职业技术学院,2023,重庆,专科批,历史类,,,311,60234,
5252,贵州航空职业技术学院,2023,重庆,专科批,历史类,,,282,55853,
5256,贵阳幼儿师范高等专科学校,2023,重庆,专科批,历史类,,,311,39505,
5258,铜仁幼儿师范高等专科学校,2023,重庆,专科批,历史类,,,331,41670,
5259,毕节医学高等专科学校,2023,重庆,专科批,历史类,,,342,36374,
5261,贵州农业职业学院,2023,重庆,专科批,历史类,,,315,44447,
5262,贵州工程职业学院,2023,重庆,专科批,历史类,,,200,51809,
5265,黔西南民族职业技术学院,2023,重庆,专科批,历史类,,,370,37664,
5266,黔南民族幼儿师范高等专科学校,2023,重庆,专科批,历史类,,,379,43559,
5269,贵州健康职业学院,2023,重庆,专科批,历史类,,,369,46657,
5274,毕节幼儿师范高等专科学校,2023,重庆,专科批,历史类,,,308,40425,
5276,六盘水幼儿师范高等专科学校,2023,重庆,专科批,历史类,,,308,62328,
5279,贵州护理职业技术学院,2023,重庆,专科批,历史类,,,371,46017,
5280,贵州财经职业学院,2023,重庆,专科批,历史类,,,302,58220,
5320,昆明冶金高等专科学校,2023,重庆,专科批,历史类,,,301,62959,
5321,云南国土资源职业学院,2023,重庆,专科批,历史类,,,325,58722,
5324,云南农业职业技术学院,2023,重庆,专科批,历史类,,,282,63532,
5325,云南司法警官职业学院,2023,重庆,专科批,历史类,,,363,46959,
5326,云南经济管理学院,2023,重庆,专科批,历史类,,,215,46959,
5329,云南新兴职业学院,2023,重庆,专科批,历史类,,,293,65044,
5331,云南机电职业技术学院,2023,重庆,专科批,历史类,,,313,61317,
5333,云南交通职业技术学院,2023,重庆,专科批,历史类,,,329,52654,
5335,玉溪农业职业技术学院,2023,重庆,专科批,历史类,,,305,49503,
5338,西双版纳职业技术学院,2023,重庆,专科批,历史类,,,279,49503,
5345,云南林业职业技术学院,2023,重庆,专科批,历史类,,,320,40107,
5346,楚雄医药高等专科学校,2023,重庆,专科批,历史类,,,372,45699,
5347,曲靖健康医学院,2023,重庆,专科批,历史类,,,369,41961,
5353,云南城市建设职业学院,2023,重庆,专科批,历史类,,,288,60440,
5362,大理护理职业学院,2023,重庆,专科批,历史类,,,360,49213,
5365,云南交通运输职业学院,2023,重庆,专科批,历史类,,,312,61517,
5373,保山中医药高等专科学校,2023,重庆,专科批,历史类,,,342,45699,
5375,德宏职业学院,2023,重庆,专科批,历史类,,,360,28892,
5379,大理农林职业技术学院,2023,重庆,专科批,历史类,,,318,60234,
5381,昆明卫生职业学院,2023,重庆,专科批,历史类,,,311,49807,
5382,云南财经职业学院,2023,重庆,专科批,历史类,,,317,60440,
5390,云南医药健康职业学院,2023,重庆,专科批,历史类,,,261,50392,
5394,云南理工职业学院,2023,重庆,专科批,历史类,,,223,69451,
5406,西藏职业技术学院,2023,重庆,专科批,历史类,,,310,56929,
6138,陕西交通职业技术学院,2023,重庆,专科批,历史类,,,376,40107,
6140,西安航空职业技术学院,2023,重庆,专科批,历史类,,,365,47830,
6142,西安思源学院,2023,重庆,专科批,历史类,,,308,47830,
6143,陕西服装工程学院,2023,重庆,专科批,历史类,,,379,43559,
6145,陕西航空职业技术学院,2023,重庆,专科批,历史类,,,313,50961,
6147,陕西铁路工程职业技术学院,2023,重庆,专科批,历史类,,,401,36374,
6148,陕西警察学院,2023,重庆,专科批,历史类,,,386,32516,
6150,西安海棠职业学院,2023,重庆,专科批,历史类,,,259,65507,
6151,西安汽车职业大学,2023,重庆,专科批,历史类,,,254,69236,
6158,西安工商学院,2023,重庆,专科批,历史类,,,228,70456,
6168,商洛职业技术学院,2023,重庆,专科批,历史类,,,348,52654,
6169,渭南职业技术学院,2023,重庆,专科批,历史类,,,328,42594,
6170,安康职业技术学院,2023,重庆,专科批,历史类,,,356,46017,
6171,西安职业技术学院,2023,重庆,专科批,历史类,,,338,55351,
6178,陕西工商职业学院,2023,重庆,专科批,历史类,,,301,61899,
6179,陕西能源职业技术学院,2023,重庆,专科批,历史类,,,323,45699,
6181,陕西财经职业技术学院,2023,重庆,专科批,历史类,,,366,47531,
6182,西安信息职业大学,2023,重庆,专科批,历史类,,,278,47531,
6183,西安医学高等专科学校,2023,重庆,专科批,历史类,,,260,35492,
6186,宝鸡职业技术学院,2023,重庆,专科批,历史类,,,312,40425,
6187,延安职业技术学院,2023,重庆,专科批,历史类,,,304,50961,
6188,陕西邮电职业技术学院,2023,重庆,专科批,历史类,,,309,57964,
6189,咸阳职业技术学院,2023,重庆,专科批,历史类,,,326,42281,
6190,铜川职业技术学院,2023,重庆,专科批,历史类,,,304,63167,
6194,西安交通工程学院,2023,重庆,专科批,历史类,,,224,70583,
6199,榆林能源科技职业学院,2023,重庆,专科批,历史类,,,304,63167,
6211,兰州资源环境职业技术大学,2023,重庆,专科批,历史类,,,366,47531,
6231,甘肃交通职业技术学院,2023,重庆,专科批,历史类,,,314,61084,
6307,青海农牧科技职业学院,2023,重庆,专科批,历史类,,,377,44161,
6513,乌鲁木齐职业大学,2023,重庆,专科批,历史类,,,296,48407,
6528,伊犁职业技术学院,2023,重庆,专科批,历史类,,,287,52107,
6530,新疆石河子职业技术学院,2023,重庆,专科批,历史类,,,252,59376,
6533,巴音郭楞职业技术学院,2023,重庆,专科批,历史类,,,271,57964,
6536,新疆警察学院,2023,重庆,专科批,历史类,,,387,41043,
6540,新疆生产建设兵团兴新职业技术学院,2023,重庆,专科批,历史类,,,282,41367,
6546,吐鲁番职业技术学院,2023,重庆,专科批,历史类,,,314,61084,
6547,新疆工业职业技术学院,2023,重庆,专科批,历史类,,,265,68382,
6548,博尔塔拉职业技术学院,2023,重庆,专科批,历史类,,,215,66069,
6550,铁门关职业技术学院,2023,重庆,专科批,历史类,,,239,66069,
6552,喀什职业技术学院,2023,重庆,专科批,历史类,,,228,68810,
6557,塔里木职业技术学院,2023,重庆,专科批,历史类,,,246,63167,
,三峡旅游职业技术学院,2023,重庆,专科批,历史类,,,296,59376,
1101,北京大学,2023,重庆,本科批,历史类,,,661,59,
1102,北京大学医学部,2023,重庆,本科批,历史类,,,653,59,
1103,中国人民大学,2023,重庆,本科批,历史类,,,644,59,
1104,清华大学,2023,重庆,本科批,历史类,,,667,59,
1106,北京航空航天大学,2023,重庆,本科批,历史类,,,612,578,
1107,北京理工大学,2023,重庆,本科批,历史类,,,604,819,
1108,北京科技大学,2023,重庆,本科批,历史类,,,565,1740,
1110,北京化工大学,2023,重庆,本科批,历史类,,,556,2280,
1113,北京印刷学院,2023,重庆,本科批,历史类,,,523,4424,
1116,中国农业大学,2023,重庆,本科批,历史类,,,568,762,
1117,北京林业大学,2023,重庆,本科批,历史类,,,567,1088,
1118,北京中医药大学,2023,重庆,本科批,历史类,,,551,2353,
1120,首都师范大学,2023,重庆,本科批,历史类,,,551,1584,
1121,首都体育学院,2023,重庆,本科批,历史类,,,490,12997,
1122,北京外国语大学,2023,重庆,本科批,历史类,,,596,444,
1123,北京第二外国语学院,2023,重庆,本科批,历史类,,,528,1871,
1124,北京语言大学,2023,重庆,本科批,历史类,,,547,1584,
1125,中国传媒大学,2023,重庆,本科批,历史类,,,585,561,
1126,中央财经大学,2023,重庆,本科批,历史类,,,607,256,
1127,对外经济贸易大学,2023,重庆,本科批,历史类,,,574,286,
1128,北京物资学院,2023,重庆,本科批,历史类,,,483,4633,
1132,北京体育大学,2023,重庆,本科批,历史类,,,466,2623,
1137,中国戏曲学院,2023,重庆,本科批,历史类,,,514,6981,
1138,北京电影学院,2023,重庆,本科批,历史类,,,562,2972,
1140,中央民族大学,2023,重庆,本科批,历史类,,,573,868,
1141,中国政法大学,2023,重庆,本科批,历史类,,,608,123,
1142,华北电力大学（北京）,2023,重庆,本科批,历史类,,,551,2095,
1146,中国石油大学（北京）,2023,重庆,本科批,历史类,,,570,2416,
1147,中国地质大学（北京）,2023,重庆,本科批,历史类,,,551,2623,
1148,北京联合大学,2023,重庆,本科批,历史类,,,470,12997,
1149,北京城市学院,2023,重庆,本科批,历史类,,,464,18989,
1151,首都经济贸易大学,2023,重庆,本科批,历史类,,,552,2153,
1152,北京工商大学,2023,重庆,本科批,历史类,,,522,5637,
1153,中华女子学院,2023,重庆,本科批,历史类,,,494,8674,
1168,中国劳动关系学院,2023,重庆,本科批,历史类,,,506,6131,
1201,南开大学,2023,重庆,本科批,历史类,,,615,286,
1202,天津大学,2023,重庆,本科批,历史类,,,585,723,
1203,天津科技大学,2023,重庆,本科批,历史类,,,508,7293,
1205,中国民航大学,2023,重庆,本科批,历史类,,,523,4331,
1208,天津中医药大学,2023,重庆,本科批,历史类,,,543,4735,
1209,天津外国语大学,2023,重庆,本科批,历史类,,,513,5167,
1210,天津商业大学,2023,重庆,本科批,历史类,,,479,7602,
1211,天津财经大学,2023,重庆,本科批,历史类,,,489,2623,
1212,天津体育学院,2023,重庆,本科批,历史类,,,478,15589,
1215,河北工业大学,2023,重庆,本科批,历史类,,,542,3537,
1219,北京科技大学天津学院,2023,重庆,本科批,历史类,,,459,17010,
1220,天津商业大学宝德学院,2023,重庆,本科批,历史类,,,442,18500,
1221,天津医科大学临床医学院,2023,重庆,本科批,历史类,,,465,16507,
1236,天津师范大学,2023,重庆,本科批,历史类,,,551,3913,
1239,天津外国语大学滨海外事学院,2023,重庆,本科批,历史类,,,448,19246,
1246,天津理工大学中环信息学院,2023,重庆,本科批,历史类,,,455,20926,
1250,天津仁爱学院,2023,重庆,本科批,历史类,,,416,21955,
1251,天津职业技术师范大学,2023,重庆,本科批,历史类,,,484,12193,
1252,天津财经大学珠江学院,2023,重庆,本科批,历史类,,,424,19246,
1301,河北工程大学,2023,重庆,本科批,历史类,,,489,13219,
1302,河北地质大学,2023,重庆,本科批,历史类,,,477,11835,
1303,华北电力大学（保定）,2023,重庆,本科批,历史类,,,543,3350,
1304,华北理工大学,2023,重庆,本科批,历史类,,,487,10009,
1305,河北师范大学,2023,重庆,本科批,历史类,,,448,4142,
1307,邢台学院,2023,重庆,本科批,历史类,,,468,14247,
1308,石家庄铁道大学,2023,重庆,本科批,历史类,,,499,6131,
1309,燕山大学,2023,重庆,本科批,历史类,,,522,4331,
1310,华北科技学院,2023,重庆,本科批,历史类,,,472,11117,
1312,北华航天工业学院,2023,重庆,本科批,历史类,,,471,14459,
1314,东北大学秦皇岛分校,2023,重庆,本科批,历史类,,,568,1584,
1315,华北理工大学轻工学院,2023,重庆,本科批,历史类,,,422,30436,
1318,河北金融学院,2023,重庆,本科批,历史类,,,468,17521,
1319,防灾科技学院,2023,重庆,本科批,历史类,,,480,11656,
1339,河北外国语学院,2023,重庆,本科批,历史类,,,432,18989,
1342,河北环境工程学院,2023,重庆,本科批,历史类,,,466,17521,
1343,保定学院,2023,重庆,本科批,历史类,,,470,11480,
1358,河北医科大学,2023,重庆,本科批,历史类,,,513,8848,
1361,衡水学院,2023,重庆,本科批,历史类,,,489,13219,
1366,石家庄铁道大学四方学院,2023,重庆,本科批,历史类,,,468,18023,
1369,河北大学,2023,重庆,本科批,历史类,,,507,4233,
1372,廊坊师范学院,2023,重庆,本科批,历史类,,,467,16772,
1373,河北工程技术学院,2023,重庆,本科批,历史类,,,410,26523,
1378,河北地质大学华信学院,2023,重庆,本科批,历史类,,,422,19962,
1381,唐山师范学院,2023,重庆,本科批,历史类,,,468,14691,
1385,保定理工学院,2023,重庆,本科批,历史类,,,417,19744,
1386,河北经贸大学,2023,重庆,本科批,历史类,,,473,6550,
1388,唐山学院,2023,重庆,本科批,历史类,,,475,16268,
1390,河北东方学院,2023,重庆,本科批,历史类,,,424,18271,
1395,河北中医药大学,2023,重庆,本科批,历史类,,,499,5637,
1396,张家口学院,2023,重庆,本科批,历史类,,,466,15589,
1399,沧州师范学院,2023,重庆,本科批,历史类,,,475,12997,
1401,太原科技大学,2023,重庆,本科批,历史类,,,483,8848,
1403,太原理工大学,2023,重庆,本科批,历史类,,,545,3265,
1404,山西农业大学,2023,重庆,本科批,历史类,,,480,12389,
1405,山西医科大学,2023,重庆,本科批,历史类,,,487,9148,
1406,山西大同大学,2023,重庆,本科批,历史类,,,508,9645,
1407,忻州师范学院,2023,重庆,本科批,历史类,,,477,13833,
1408,山西财经大学,2023,重庆,本科批,历史类,,,488,2972,
1425,山西大学,2023,重庆,本科批,历史类,,,538,2972,
1428,太原学院,2023,重庆,本科批,历史类,,,473,13425,
1430,山西晋中理工学院,2023,重庆,本科批,历史类,,,426,29191,
1433,山西师范大学,2023,重庆,本科批,历史类,,,467,6401,
1434,太原师范学院,2023,重庆,本科批,历史类,,,483,11313,
1439,长治医学院,2023,重庆,本科批,历史类,,,472,12389,
1445,晋中学院,2023,重庆,本科批,历史类,,,474,14691,
1448,吕梁学院,2023,重庆,本科批,历史类,,,470,16507,
1449,山西中医药大学,2023,重庆,本科批,历史类,,,509,5522,
1450,山西传媒学院,2023,重庆,本科批,历史类,,,468,14247,
1452,运城职业技术大学,2023,重庆,本科批,历史类,,,422,19962,
1453,晋中信息学院,2023,重庆,本科批,历史类,,,415,19744,
1501,内蒙古大学,2023,重庆,本科批,历史类,,,534,3265,
1502,内蒙古科技大学,2023,重庆,本科批,历史类,,,469,10729,
1509,内蒙古师范大学,2023,重庆,本科批,历史类,,,506,8674,
1513,内蒙古民族大学,2023,重庆,本科批,历史类,,,453,21705,
1514,内蒙古财经大学,2023,重庆,本科批,历史类,,,485,14035,
2104,沈阳理工大学,2023,重庆,本科批,历史类,,,476,10925,
2107,辽宁工程技术大学,2023,重庆,本科批,历史类,,,473,10009,
2110,大连交通大学,2023,重庆,本科批,历史类,,,504,9473,
2111,大连海事大学,2023,重庆,本科批,历史类,,,548,2491,
2112,大连工业大学,2023,重庆,本科批,历史类,,,463,19246,
2115,沈阳农业大学,2023,重庆,本科批,历史类,,,487,13620,
2118,大连医科大学,2023,重庆,本科批,历史类,,,502,10729,
2121,东北财经大学,2023,重庆,本科批,历史类,,,427,1812,
2125,大连民族大学,2023,重庆,本科批,历史类,,,477,13833,
2129,渤海大学,2023,重庆,本科批,历史类,,,491,11480,
2132,大连财经学院,2023,重庆,本科批,历史类,,,413,21955,
2143,大连东软信息学院,2023,重庆,本科批,历史类,,,408,34600,
2147,辽宁对外经贸学院,2023,重庆,本科批,历史类,,,408,26523,
2148,沈阳大学,2023,重庆,本科批,历史类,,,481,14894,
2150,辽宁理工学院,2023,重庆,本科批,历史类,,,418,23806,
2151,沈阳城市学院,2023,重庆,本科批,历史类,,,418,31607,
2153,辽宁大学,2023,重庆,本科批,历史类,,,460,2623,
2154,鞍山师范学院,2023,重庆,本科批,历史类,,,506,10009,
2159,沈阳工学院,2023,重庆,本科批,历史类,,,420,30983,
2160,沈阳城市建设学院,2023,重庆,本科批,历史类,,,417,30983,
2166,大连大学,2023,重庆,本科批,历史类,,,513,7449,
2178,大连海洋大学,2023,重庆,本科批,历史类,,,497,9645,
2189,沈阳医学院,2023,重庆,本科批,历史类,,,501,10925,
2190,辽宁师范大学,2023,重庆,本科批,历史类,,,471,17253,
2201,吉林大学,2023,重庆,本科批,历史类,,,584,489,
2202,延边大学,2023,重庆,本科批,历史类,,,517,4331,
2203,长春理工大学,2023,重庆,本科批,历史类,,,475,7899,
2204,东北电力大学,2023,重庆,本科批,历史类,,,480,13620,
2208,东北师范大学,2023,重庆,本科批,历史类,,,554,1384,
2211,长春师范大学,2023,重庆,本科批,历史类,,,505,7449,
2212,白城师范学院,2023,重庆,本科批,历史类,,,473,14459,
2213,吉林财经大学,2023,重庆,本科批,历史类,,,464,12389,
2214,吉林农业科技学院,2023,重庆,本科批,历史类,,,470,17521,
2215,长春大学,2023,重庆,本科批,历史类,,,491,12798,
2219,长春财经学院,2023,重庆,本科批,历史类,,,412,25392,
2233,吉林师范大学,2023,重庆,本科批,历史类,,,471,6827,
2234,长春大学旅游学院,2023,重庆,本科批,历史类,,,408,30701,
2235,长春工业大学人文信息学院,2023,重庆,本科批,历史类,,,410,24359,
2237,吉林师范大学博达学院,2023,重庆,本科批,历史类,,,420,21195,
2243,北华大学,2023,重庆,本科批,历史类,,,481,8993,
2244,吉林外国语大学,2023,重庆,本科批,历史类,,,461,17751,
2247,吉林工商学院,2023,重庆,本科批,历史类,,,469,14247,
2250,长春科技学院,2023,重庆,本科批,历史类,,,414,17751,
2301,黑龙江大学,2023,重庆,本科批,历史类,,,496,4233,
2303,哈尔滨工程大学,2023,重庆,本科批,历史类,,,539,4535,
2304,黑龙江科技大学,2023,重庆,本科批,历史类,,,471,13833,
2305,东北石油大学,2023,重庆,本科批,历史类,,,485,8216,
2306,齐齐哈尔大学,2023,重庆,本科批,历史类,,,473,9645,
2307,东北农业大学,2023,重庆,本科批,历史类,,,536,4954,
2308,东北林业大学,2023,重庆,本科批,历史类,,,543,4142,
2309,哈尔滨医科大学,2023,重庆,本科批,历史类,,,521,7602,
2311,黑龙江中医药大学,2023,重庆,本科批,历史类,,,538,4014,
2312,哈尔滨师范大学,2023,重庆,本科批,历史类,,,428,9148,
2313,哈尔滨商业大学,2023,重庆,本科批,历史类,,,467,12593,
2315,哈尔滨理工大学,2023,重庆,本科批,历史类,,,478,14894,
2316,哈尔滨学院,2023,重庆,本科批,历史类,,,466,14035,
2317,黑龙江工程学院,2023,重庆,本科批,历史类,,,467,15589,
2324,齐齐哈尔工程学院,2023,重庆,本科批,历史类,,,445,23806,
2350,绥化学院,2023,重庆,本科批,历史类,,,471,16772,
2352,齐齐哈尔医学院,2023,重庆,本科批,历史类,,,462,13219,
3101,复旦大学,2023,重庆,本科批,历史类,,,650,59,
3102,同济大学,2023,重庆,本科批,历史类,,,616,489,
3106,上海海事大学,2023,重庆,本科批,历史类,,,538,3722,
3107,东华大学,2023,重庆,本科批,历史类,,,573,1973,
3110,华东师范大学,2023,重庆,本科批,历史类,,,602,256,
3111,上海师范大学,2023,重庆,本科批,历史类,,,517,3193,
3112,上海外国语大学,2023,重庆,本科批,历史类,,,593,663,
3113,上海财经大学,2023,重庆,本科批,历史类,,,614,205,
3114,上海对外经贸大学,2023,重庆,本科批,历史类,,,540,2280,
3115,华东政法大学,2023,重庆,本科批,历史类,,,560,365,
3119,上海大学,2023,重庆,本科批,历史类,,,585,1119,
3121,上海海关学院,2023,重庆,本科批,历史类,,,568,2551,
3124,上海建桥学院,2023,重庆,本科批,历史类,,,431,22214,
3132,上海海洋大学,2023,重庆,本科批,历史类,,,536,5522,
3133,上海商学院,2023,重庆,本科批,历史类,,,486,8216,
3139,上海工程技术大学,2023,重庆,本科批,历史类,,,485,14035,
3140,上海政法学院,2023,重庆,本科批,历史类,,,533,3432,
3141,上海视觉艺术学院,2023,重庆,本科批,历史类,,,455,21195,
3144,上海杉达学院,2023,重庆,本科批,历史类,,,453,21705,
3145,上海电机学院,2023,重庆,本科批,历史类,,,471,12193,
3147,上海立信会计金融学院,2023,重庆,本科批,历史类,,,507,4331,
3151,上海交通大学医学院,2023,重庆,本科批,历史类,,,600,938,
3175,上海中侨职业技术大学,2023,重庆,本科批,历史类,,,407,24359,
3178,上海外国语大学贤达经济人文学院,2023,重庆,本科批,历史类,,,415,16268,
3179,复旦大学上海医学院,2023,重庆,本科批,历史类,,,612,578,
3201,南京大学,2023,重庆,本科批,历史类,,,639,82,
3202,苏州大学,2023,重庆,本科批,历史类,,,585,697,
3203,东南大学,2023,重庆,本科批,历史类,,,609,663,
3206,江苏科技大学,2023,重庆,本科批,历史类,,,509,8993,
3207,中国矿业大学,2023,重庆,本科批,历史类,,,553,2353,
3208,南京工业大学,2023,重庆,本科批,历史类,,,518,4535,
3209,常州大学,2023,重庆,本科批,历史类,,,499,9809,
3211,河海大学,2023,重庆,本科批,历史类,,,565,2416,
3212,金陵科技学院,2023,重庆,本科批,历史类,,,483,9309,
3213,江南大学,2023,重庆,本科批,历史类,,,548,1871,
3215,江苏大学,2023,重庆,本科批,历史类,,,536,3432,
3218,南京中医药大学,2023,重庆,本科批,历史类,,,554,3622,
3219,中国药科大学,2023,重庆,本科批,历史类,,,549,3722,
3221,盐城师范学院,2023,重庆,本科批,历史类,,,473,10009,
3222,南京财经大学,2023,重庆,本科批,历史类,,,525,3537,
3223,南京艺术学院,2023,重庆,本科批,历史类,,,504,4954,
3224,淮阴工学院,2023,重庆,本科批,历史类,,,471,17253,
3226,南京审计大学,2023,重庆,本科批,历史类,,,552,1431,
3227,江苏海洋大学,2023,重庆,本科批,历史类,,,474,11656,
3228,南京工程学院,2023,重庆,本科批,历史类,,,478,14247,
3229,苏州科技大学,2023,重庆,本科批,历史类,,,506,5392,
3231,南通大学,2023,重庆,本科批,历史类,,,519,7753,
3232,徐州工程学院,2023,重庆,本科批,历史类,,,470,12798,
3240,南京特殊教育师范学院,2023,重庆,本科批,历史类,,,476,11313,
3242,无锡太湖学院,2023,重庆,本科批,历史类,,,427,23022,
3244,东南大学成贤学院,2023,重庆,本科批,历史类,,,470,17521,
3245,南京工业职业技术大学,2023,重庆,本科批,历史类,,,471,15589,
3248,中国矿业大学徐海学院,2023,重庆,本科批,历史类,,,465,18023,
3249,南京师范大学,2023,重庆,本科批,历史类,,,579,1088,
3251,扬州大学,2023,重庆,本科批,历史类,,,550,2353,
3257,无锡学院,2023,重庆,本科批,历史类,,,487,13620,
3258,南京邮电大学通达学院,2023,重庆,本科批,历史类,,,465,18500,
3259,南京审计大学金审学院,2023,重庆,本科批,历史类,,,463,16772,
3261,苏州工学院,2023,重庆,本科批,历史类,,,475,12997,
3265,江苏理工学院,2023,重庆,本科批,历史类,,,466,13620,
3268,南京工业大学浦江学院,2023,重庆,本科批,历史类,,,451,19744,
3270,江苏大学京江学院,2023,重庆,本科批,历史类,,,458,19246,
3275,西交利物浦大学,2023,重庆,本科批,历史类,,,509,8674,
3282,南京航空航天大学金城学院,2023,重庆,本科批,历史类,,,461,19744,
3284,南京晓庄学院,2023,重庆,本科批,历史类,,,474,7753,
3297,三江学院,2023,重庆,本科批,历史类,,,451,21453,
3301,浙江大学,2023,重庆,本科批,历史类,,,640,123,
3302,杭州电子科技大学,2023,重庆,本科批,历史类,,,527,5058,
3304,浙江理工大学,2023,重庆,本科批,历史类,,,532,6009,
3305,浙江农林大学,2023,重庆,本科批,历史类,,,511,8674,
3306,杭州师范大学,2023,重庆,本科批,历史类,,,511,9148,
3308,浙江工商大学,2023,重庆,本科批,历史类,,,521,2901,
3309,中国美术学院,2023,重庆,本科批,历史类,,,569,2491,
3310,中国计量大学,2023,重庆,本科批,历史类,,,539,5167,
3311,浙江万里学院,2023,重庆,本科批,历史类,,,466,12798,
3312,宁波大学,2023,重庆,本科批,历史类,,,499,2825,
3313,浙江传媒学院,2023,重庆,本科批,历史类,,,517,3432,
3320,绍兴文理学院,2023,重庆,本科批,历史类,,,456,12389,
3325,浙江师范大学,2023,重庆,本科批,历史类,,,509,1740,
3327,宁波诺丁汉大学,2023,重庆,本科批,历史类,,,521,5889,
3328,温州大学,2023,重庆,本科批,历史类,,,503,4954,
3332,宁波工程学院,2023,重庆,本科批,历史类,,,475,16045,
3344,嘉兴南湖学院,2023,重庆,本科批,历史类,,,532,6009,
3349,湖州师范学院,2023,重庆,本科批,历史类,,,433,11480,
3357,温州肯恩大学,2023,重庆,本科批,历史类,,,470,13833,
3359,浙江工商大学杭州商学院,2023,重庆,本科批,历史类,,,454,17521,
3361,浙江财经大学,2023,重庆,本科批,历史类,,,534,3059,
3362,温州商学院,2023,重庆,本科批,历史类,,,449,20676,
3403,安徽工业大学,2023,重庆,本科批,历史类,,,494,10729,
3405,安徽农业大学,2023,重庆,本科批,历史类,,,497,10925,
3406,淮北师范大学,2023,重庆,本科批,历史类,,,500,7449,
3407,安徽财经大学,2023,重庆,本科批,历史类,,,509,4424,
3435,合肥城市学院,2023,重庆,本科批,历史类,,,424,25131,
3440,安徽师范大学,2023,重庆,本科批,历史类,,,487,3913,
3446,合肥大学,2023,重庆,本科批,历史类,,,467,12193,
3448,安徽大学,2023,重庆,本科批,历史类,,,540,2755,
3449,亳州学院,2023,重庆,本科批,历史类,,,465,16772,
3452,合肥工业大学（宣城校区）,2023,重庆,本科批,历史类,,,537,3722,
3453,阜阳师范大学,2023,重庆,本科批,历史类,,,479,7449,
3455,安庆师范大学,2023,重庆,本科批,历史类,,,480,15119,
3501,厦门大学,2023,重庆,本科批,历史类,,,580,226,
3502,华侨大学,2023,重庆,本科批,历史类,,,501,4142,
3503,福州大学,2023,重庆,本科批,历史类,,,546,2353,
3506,福建师范大学,2023,重庆,本科批,历史类,,,493,10729,
3508,莆田学院,2023,重庆,本科批,历史类,,,466,14035,
3509,仰恩大学,2023,重庆,本科批,历史类,,,433,27067,
3510,集美大学,2023,重庆,本科批,历史类,,,501,4840,
3511,厦门大学嘉庚学院,2023,重庆,本科批,历史类,,,463,16268,
3513,集美大学诚毅学院,2023,重庆,本科批,历史类,,,461,15589,
3514,武夷学院,2023,重庆,本科批,历史类,,,467,11656,
3529,福建农林大学,2023,重庆,本科批,历史类,,,515,8521,
3535,厦门理工学院,2023,重庆,本科批,历史类,,,481,10376,
3538,福建师范大学协和学院,2023,重庆,本科批,历史类,,,410,17253,
3540,福州外语外贸学院,2023,重庆,本科批,历史类,,,419,21453,
3547,福州大学至诚学院,2023,重庆,本科批,历史类,,,457,18989,
3553,三明学院,2023,重庆,本科批,历史类,,,466,12593,
3554,福建江夏学院,2023,重庆,本科批,历史类,,,471,13620,
3561,厦门华厦学院,2023,重庆,本科批,历史类,,,433,20926,
3562,厦门工学院,2023,重庆,本科批,历史类,,,420,21453,
3577,龙岩学院,2023,重庆,本科批,历史类,,,473,16772,
3584,闽江学院,2023,重庆,本科批,历史类,,,486,12193,
3603,南昌航空大学,2023,重庆,本科批,历史类,,,497,11656,
3604,江西理工大学,2023,重庆,本科批,历史类,,,488,8848,
3605,景德镇陶瓷大学,2023,重庆,本科批,历史类,,,485,8060,
3606,江西农业大学,2023,重庆,本科批,历史类,,,503,10561,
3607,江西中医药大学,2023,重庆,本科批,历史类,,,479,7293,
3608,赣南医科大学,2023,重庆,本科批,历史类,,,469,10925,
3609,江西师范大学,2023,重庆,本科批,历史类,,,492,4014,
3610,上饶师范学院,2023,重庆,本科批,历史类,,,468,12593,
3611,赣南师范大学,2023,重庆,本科批,历史类,,,483,6131,
3612,井冈山大学,2023,重庆,本科批,历史类,,,479,8216,
3613,江西财经大学,2023,重庆,本科批,历史类,,,495,1871,
3615,江西科技师范大学,2023,重庆,本科批,历史类,,,489,9148,
3616,江西水利电力大学,2023,重庆,本科批,历史类,,,470,15119,
3617,南昌大学,2023,重庆,本科批,历史类,,,541,1973,
3618,宜春学院,2023,重庆,本科批,历史类,,,490,11656,
3619,九江学院,2023,重庆,本科批,历史类,,,470,17010,
3621,江西师范大学科学技术学院,2023,重庆,本科批,历史类,,,465,18728,
3622,南昌交通学院,2023,重庆,本科批,历史类,,,415,24359,
3623,赣南科技学院,2023,重庆,本科批,历史类,,,468,15119,
3626,南昌医学院,2023,重庆,本科批,历史类,,,525,5281,
3629,景德镇学院,2023,重庆,本科批,历史类,,,487,13219,
3630,萍乡学院,2023,重庆,本科批,历史类,,,468,15589,
3632,新余学院,2023,重庆,本科批,历史类,,,469,12997,
3635,江西科技学院,2023,重庆,本科批,历史类,,,449,22761,
3636,南昌理工学院,2023,重庆,本科批,历史类,,,436,20676,
3638,江西应用科技学院,2023,重庆,本科批,历史类,,,428,28607,
3649,南昌工学院,2023,重庆,本科批,历史类,,,432,21453,
3650,南昌职业大学,2023,重庆,本科批,历史类,,,420,29461,
3651,江西服装学院,2023,重庆,本科批,历史类,,,421,30701,
3660,江西农业大学南昌商学院,2023,重庆,本科批,历史类,,,440,19246,
3668,南昌应用技术师范学院,2023,重庆,本科批,历史类,,,425,18023,
3672,江西警察学院,2023,重庆,本科批,历史类,,,499,11313,
3679,江西财经大学现代经济管理学院,2023,重庆,本科批,历史类,,,455,17521,
3699,南昌师范学院,2023,重庆,本科批,历史类,,,480,15119,
3701,山东大学,2023,重庆,本科批,历史类,,,591,561,
3702,中国海洋大学,2023,重庆,本科批,历史类,,,562,1307,
3706,山东建筑大学,2023,重庆,本科批,历史类,,,489,13219,
3707,青岛农业大学,2023,重庆,本科批,历史类,,,485,10561,
3709,临沂大学,2023,重庆,本科批,历史类,,,518,8060,
3711,山东财经大学,2023,重庆,本科批,历史类,,,489,4014,
3713,烟台大学,2023,重庆,本科批,历史类,,,512,6259,
3715,山东工商学院,2023,重庆,本科批,历史类,,,468,9148,
3716,山东第一医科大学,2023,重庆,本科批,历史类,,,482,14691,
3717,潍坊学院,2023,重庆,本科批,历史类,,,474,12997,
3718,山东大学（威海）,2023,重庆,本科批,历史类,,,587,1384,
3728,青岛恒星科技学院,2023,重庆,本科批,历史类,,,420,30983,
3730,山东现代学院,2023,重庆,本科批,历史类,,,442,20196,
3731,青岛黄海学院,2023,重庆,本科批,历史类,,,413,22214,
3732,青岛理工大学,2023,重庆,本科批,历史类,,,487,8369,
3738,济南大学,2023,重庆,本科批,历史类,,,486,4633,
3739,山东理工大学,2023,重庆,本科批,历史类,,,502,10729,
3740,山东师范大学,2023,重庆,本科批,历史类,,,513,2353,
3742,山东农业大学,2023,重庆,本科批,历史类,,,471,6131,
3743,滨州医学院,2023,重庆,本科批,历史类,,,480,15119,
3744,聊城大学,2023,重庆,本科批,历史类,,,515,8521,
3745,鲁东大学,2023,重庆,本科批,历史类,,,480,8521,
3748,青岛城市学院,2023,重庆,本科批,历史类,,,419,26246,
3751,山东财经大学东方学院,2023,重庆,本科批,历史类,,,431,23543,
3753,曲阜师范大学,2023,重庆,本科批,历史类,,,488,6550,
3754,山东航空学院,2023,重庆,本科批,历史类,,,476,14459,
3756,山东石油化工学院,2023,重庆,本科批,历史类,,,473,16772,
3759,齐鲁医药学院,2023,重庆,本科批,历史类,,,475,16268,
3761,青岛大学,2023,重庆,本科批,历史类,,,506,3537,
3763,青岛工学院,2023,重庆,本科批,历史类,,,426,27663,
3766,齐鲁理工学院,2023,重庆,本科批,历史类,,,449,22761,
3772,山东英才学院,2023,重庆,本科批,历史类,,,421,30701,
3780,山东协和学院,2023,重庆,本科批,历史类,,,446,20196,
3786,潍坊科技学院,2023,重庆,本科批,历史类,,,420,26801,
4102,郑州大学,2023,重庆,本科批,历史类,,,547,1973,
4103,河南理工大学,2023,重庆,本科批,历史类,,,495,8216,
4104,郑州轻工业大学,2023,重庆,本科批,历史类,,,485,11313,
4105,河南工业大学,2023,重庆,本科批,历史类,,,462,6259,
4108,河南农业大学,2023,重庆,本科批,历史类,,,492,12193,
4109,河南中医药大学,2023,重庆,本科批,历史类,,,478,4735,
4112,南阳师范学院,2023,重庆,本科批,历史类,,,485,14035,
4113,商丘师范学院,2023,重庆,本科批,历史类,,,467,12389,
4114,郑州航空工业管理学院,2023,重庆,本科批,历史类,,,470,14691,
4115,安阳工学院,2023,重庆,本科批,历史类,,,467,15367,
4116,南阳理工学院,2023,重庆,本科批,历史类,,,470,16268,
4117,河南城建学院,2023,重庆,本科批,历史类,,,473,16268,
4119,郑州工商学院,2023,重庆,本科批,历史类,,,448,18989,
4123,河南牧业经济学院,2023,重庆,本科批,历史类,,,467,17751,
4125,郑州工程技术学院,2023,重庆,本科批,历史类,,,475,16045,
4127,洛阳理工学院,2023,重庆,本科批,历史类,,,471,13833,
4129,信阳农林学院,2023,重庆,本科批,历史类,,,466,18271,
4142,洛阳师范学院,2023,重庆,本科批,历史类,,,480,13219,
4143,郑州财经学院,2023,重庆,本科批,历史类,,,454,18023,
4146,平顶山学院,2023,重庆,本科批,历史类,,,467,18271,
4147,安阳师范学院,2023,重庆,本科批,历史类,,,470,12997,
4149,河南大学,2023,重庆,本科批,历史类,,,494,3537,
4152,郑州工业应用技术学院,2023,重庆,本科批,历史类,,,431,18989,
4158,黄淮学院,2023,重庆,本科批,历史类,,,470,17521,
4159,郑州师范学院,2023,重庆,本科批,历史类,,,478,15589,
4164,河南财经政法大学,2023,重庆,本科批,历史类,,,494,4535,
4165,河南财政金融学院,2023,重庆,本科批,历史类,,,467,12193,
4167,河南工程学院,2023,重庆,本科批,历史类,,,467,12004,
4168,河南科技学院,2023,重庆,本科批,历史类,,,487,13219,
4169,信阳师范大学,2023,重庆,本科批,历史类,,,472,17010,
4173,河南师范大学,2023,重庆,本科批,历史类,,,519,7602,
4174,郑州商学院,2023,重庆,本科批,历史类,,,437,19962,
4201,武汉大学,2023,重庆,本科批,历史类,,,627,137,
4202,武汉工程大学,2023,重庆,本科批,历史类,,,513,5757,
4203,中国地质大学（武汉）,2023,重庆,本科批,历史类,,,556,3059,
4205,武汉轻工大学,2023,重庆,本科批,历史类,,,505,10191,
4207,华中农业大学,2023,重庆,本科批,历史类,,,551,2972,
4208,华中师范大学,2023,重庆,本科批,历史类,,,548,762,
4209,湖北师范大学,2023,重庆,本科批,历史类,,,513,6550,
4210,湖北大学,2023,重庆,本科批,历史类,,,533,3350,
4211,湖北民族大学,2023,重庆,本科批,历史类,,,484,6672,
4212,湖北文理学院,2023,重庆,本科批,历史类,,,482,10191,
4213,武汉体育学院,2023,重庆,本科批,历史类,,,480,13620,
4215,中南民族大学,2023,重庆,本科批,历史类,,,494,4142,
4218,湖北理工学院,2023,重庆,本科批,历史类,,,473,14691,
4220,湖北中医药大学,2023,重庆,本科批,历史类,,,488,6827,
4221,武汉科技大学,2023,重庆,本科批,历史类,,,530,5522,
4222,三峡大学,2023,重庆,本科批,历史类,,,456,6550,
4223,中南财经政法大学,2023,重庆,本科批,历史类,,,566,634,
4224,华中科技大学,2023,重庆,本科批,历史类,,,606,444,
4225,武汉理工大学,2023,重庆,本科批,历史类,,,551,2825,
4227,武昌理工学院,2023,重庆,本科批,历史类,,,451,22214,
4229,长江大学,2023,重庆,本科批,历史类,,,509,4424,
4231,湖北商贸学院,2023,重庆,本科批,历史类,,,422,30436,
4235,武汉纺织大学外经贸学院,2023,重庆,本科批,历史类,,,424,26801,
4236,武汉工商学院,2023,重庆,本科批,历史类,,,462,19471,
4246,荆楚理工学院,2023,重庆,本科批,历史类,,,469,17751,
4250,武汉生物工程学院,2023,重庆,本科批,历史类,,,451,20196,
4266,江汉大学,2023,重庆,本科批,历史类,,,493,12389,
4270,湖北第二师范学院,2023,重庆,本科批,历史类,,,483,8369,
4275,武汉华夏理工学院,2023,重庆,本科批,历史类,,,439,23543,
4278,湖北恩施学院,2023,重庆,本科批,历史类,,,471,17253,
4279,武汉城市学院,2023,重庆,本科批,历史类,,,442,18023,
4284,湖北经济学院,2023,重庆,本科批,历史类,,,488,8521,
4286,三峡大学科技学院,2023,重庆,本科批,历史类,,,462,16772,
4294,湖北大学知行学院,2023,重庆,本科批,历史类,,,451,13833,
4295,武汉商学院,2023,重庆,本科批,历史类,,,474,13833,
4298,湖北科技学院,2023,重庆,本科批,历史类,,,480,13425,
4301,湘潭大学,2023,重庆,本科批,历史类,,,527,3265,
4302,吉首大学,2023,重庆,本科批,历史类,,,489,6981,
4303,湖南大学,2023,重庆,本科批,历史类,,,580,634,
4304,湖南农业大学,2023,重庆,本科批,历史类,,,472,6401,
4305,中南林业科技大学,2023,重庆,本科批,历史类,,,468,6981,
4306,湖南中医药大学,2023,重庆,本科批,历史类,,,477,1266,
4307,湖南理工学院,2023,重庆,本科批,历史类,,,492,12593,
4308,衡阳师范学院,2023,重庆,本科批,历史类,,,479,8993,
4309,怀化学院,2023,重庆,本科批,历史类,,,467,12798,
4310,湖南文理学院,2023,重庆,本科批,历史类,,,496,11656,
4311,湖南科技学院,2023,重庆,本科批,历史类,,,467,18023,
4312,湖南工商大学,2023,重庆,本科批,历史类,,,494,6550,
4313,湖南工业大学,2023,重庆,本科批,历史类,,,420,6131,
4314,南华大学,2023,重庆,本科批,历史类,,,506,5522,
4315,中南大学,2023,重庆,本科批,历史类,,,593,868,
4316,湖南工程学院,2023,重庆,本科批,历史类,,,471,15830,
4317,邵阳学院,2023,重庆,本科批,历史类,,,469,12593,
4318,湖南城市学院,2023,重庆,本科批,历史类,,,465,14247,
4320,长沙理工大学,2023,重庆,本科批,历史类,,,519,4331,
4321,湖南科技大学,2023,重庆,本科批,历史类,,,513,4633,
4322,湘南学院,2023,重庆,本科批,历史类,,,491,11117,
4323,长沙理工大学城南学院,2023,重庆,本科批,历史类,,,462,18023,
4324,南华大学船山学院,2023,重庆,本科批,历史类,,,467,18271,
4327,湖南财政经济学院,2023,重庆,本科批,历史类,,,488,10191,
4328,湖南医药学院,2023,重庆,本科批,历史类,,,504,8993,
4334,湖南涉外经济学院,2023,重庆,本科批,历史类,,,408,19962,
4349,湖南女子学院,2023,重庆,本科批,历史类,,,471,16507,
4352,湘潭大学兴湘学院,2023,重庆,本科批,历史类,,,462,18023,
4356,湖南应用技术学院,2023,重庆,本科批,历史类,,,451,20413,
4357,衡阳师范学院南岳学院,2023,重庆,本科批,历史类,,,464,15119,
4362,常德学院,2023,重庆,本科批,历史类,,,439,18023,
4367,湖南师范大学,2023,重庆,本科批,历史类,,,536,1480,
4368,长沙医学院,2023,重庆,本科批,历史类,,,469,15830,
4376,湖南科技大学潇湘学院,2023,重庆,本科批,历史类,,,465,15830,
4386,长沙学院,2023,重庆,本科批,历史类,,,479,9645,
4387,湖南中医药大学湘杏学院,2023,重庆,本科批,历史类,,,482,12193,
4392,长沙师范学院,2023,重庆,本科批,历史类,,,487,13620,
4398,湖南第一师范学院,2023,重庆,本科批,历史类,,,516,5637,
4401,中山大学,2023,重庆,本科批,历史类,,,613,306,
4402,暨南大学,2023,重庆,本科批,历史类,,,555,1480,
4403,华南理工大学,2023,重庆,本科批,历史类,,,571,819,
4405,广东海洋大学,2023,重庆,本科批,历史类,,,496,4233,
4406,广州中医药大学,2023,重庆,本科批,历史类,,,550,3537,
4407,广州大学,2023,重庆,本科批,历史类,,,539,3722,
4409,五邑大学,2023,重庆,本科批,历史类,,,521,7602,
4410,广东金融学院,2023,重庆,本科批,历史类,,,502,8848,
4412,东莞理工学院,2023,重庆,本科批,历史类,,,488,13425,
4413,广东外语外贸大学,2023,重庆,本科批,历史类,,,510,2416,
4414,广东工业大学,2023,重庆,本科批,历史类,,,480,7132,
4418,广东培正学院,2023,重庆,本科批,历史类,,,419,28607,
4431,深圳大学,2023,重庆,本科批,历史类,,,563,1345,
4433,惠州学院,2023,重庆,本科批,历史类,,,473,16772,
4435,韶关学院,2023,重庆,本科批,历史类,,,470,17521,
4436,珠海科技学院,2023,重庆,本科批,历史类,,,440,17010,
4440,南方医科大学,2023,重庆,本科批,历史类,,,513,2901,
4443,广州商学院,2023,重庆,本科批,历史类,,,438,23317,
4447,华南师范大学,2023,重庆,本科批,历史类,,,550,1480,
4450,广东医科大学,2023,重庆,本科批,历史类,,,492,7293,
4456,嘉应学院,2023,重庆,本科批,历史类,,,471,16772,
4461,广州城市理工学院,2023,重庆,本科批,历史类,,,435,20196,
4462,广州南方学院,2023,重庆,本科批,历史类,,,446,18500,
4464,广州华立学院,2023,重庆,本科批,历史类,,,417,30983,
4468,北师香港浸会大学,2023,重庆,本科批,历史类,,,492,11313,
4469,广东财经大学,2023,重庆,本科批,历史类,,,527,4142,
4470,广州软件学院,2023,重庆,本科批,历史类,,,447,23022,
4471,广东外语外贸大学南国商学院,2023,重庆,本科批,历史类,,,439,21453,
4479,湛江科技学院,2023,重庆,本科批,历史类,,,408,27967,
4485,广州新华学院,2023,重庆,本科批,历史类,,,435,19962,
4487,岭南师范学院,2023,重庆,本科批,历史类,,,478,10376,
4489,哈尔滨工业大学（深圳）,2023,重庆,本科批,历史类,,,611,516,
4497,汕头大学,2023,重庆,本科批,历史类,,,488,3913,
4502,桂林电子科技大学,2023,重庆,本科批,历史类,,,489,8521,
4503,桂林理工大学,2023,重庆,本科批,历史类,,,477,15830,
4504,广西师范大学,2023,重庆,本科批,历史类,,,480,3913,
4505,河池学院,2023,重庆,本科批,历史类,,,473,13833,
4510,广西财经学院,2023,重庆,本科批,历史类,,,471,16772,
4511,广西科技师范学院,2023,重庆,本科批,历史类,,,471,15119,
4512,桂林航天工业学院,2023,重庆,本科批,历史类,,,468,17010,
4513,桂林旅游学院,2023,重庆,本科批,历史类,,,467,15119,
4514,南宁学院,2023,重庆,本科批,历史类,,,433,24359,
4525,贺州学院,2023,重庆,本科批,历史类,,,472,16045,
4527,广西大学,2023,重庆,本科批,历史类,,,553,3722,
4531,梧州学院,2023,重庆,本科批,历史类,,,466,14035,
4534,广西中医药大学赛恩斯新医药学院,2023,重庆,本科批,历史类,,,474,15589,
4538,广西中医药大学,2023,重庆,本科批,历史类,,,508,2226,
4539,南宁师范大学,2023,重庆,本科批,历史类,,,497,6401,
4542,广西外国语学院,2023,重庆,本科批,历史类,,,413,23022,
4543,广西民族大学,2023,重庆,本科批,历史类,,,451,6672,
4544,北部湾大学,2023,重庆,本科批,历史类,,,474,12798,
4547,南宁理工学院,2023,重庆,本科批,历史类,,,414,22761,
4550,桂林信息科技学院,2023,重庆,本科批,历史类,,,407,31920,
4552,百色学院,2023,重庆,本科批,历史类,,,466,14459,
4566,右江民族医学院,2023,重庆,本科批,历史类,,,496,11835,
4602,海南大学,2023,重庆,本科批,历史类,,,473,2226,
4603,海南热带海洋学院,2023,重庆,本科批,历史类,,,463,15119,
4604,海南师范大学,2023,重庆,本科批,历史类,,,483,5392,
4612,琼台师范学院,2023,重庆,本科批,历史类,,,467,12798,
4614,海南医科大学,2023,重庆,本科批,历史类,,,471,15830,
4615,三亚学院,2023,重庆,本科批,历史类,,,413,25131,
5001,重庆大学,2023,重庆,本科批,历史类,,,581,975,
5002,重庆邮电大学,2023,重庆,本科批,历史类,,,526,4142,
5003,重庆交通大学,2023,重庆,本科批,历史类,,,486,7132,
5005,重庆医科大学,2023,重庆,本科批,历史类,,,500,8216,
5006,西南大学,2023,重庆,本科批,历史类,,,540,1384,
5007,重庆师范大学,2023,重庆,本科批,历史类,,,499,3913,
5008,重庆文理学院,2023,重庆,本科批,历史类,,,468,8993,
5009,重庆三峡学院,2023,重庆,本科批,历史类,,,466,11656,
5010,长江师范学院,2023,重庆,本科批,历史类,,,471,11117,
5011,四川外国语大学,2023,重庆,本科批,历史类,,,456,4535,
5012,西南政法大学,2023,重庆,本科批,历史类,,,526,975,
5013,四川美术学院,2023,重庆,本科批,历史类,,,487,12193,
5015,重庆理工大学,2023,重庆,本科批,历史类,,,484,5757,
5016,重庆工商大学,2023,重庆,本科批,历史类,,,483,6981,
5017,重庆中医药学院,2023,重庆,本科批,历史类,,,492,9809,
5019,重庆人文科技学院,2023,重庆,本科批,历史类,,,421,19471,
5020,重庆外语外事学院,2023,重庆,本科批,历史类,,,408,23543,
5021,重庆对外经贸学院,2023,重庆,本科批,历史类,,,420,20676,
5022,重庆财经学院,2023,重庆,本科批,历史类,,,410,21705,
5023,重庆工商大学派斯学院,2023,重庆,本科批,历史类,,,408,24613,
5026,重庆移通学院,2023,重庆,本科批,历史类,,,407,26801,
5027,重庆科技大学,2023,重庆,本科批,历史类,,,465,10191,
5029,重庆第二师范学院,2023,重庆,本科批,历史类,,,461,9809,
5045,重庆工程学院,2023,重庆,本科批,历史类,,,411,25392,
5050,重庆机电职业技术大学,2023,重庆,本科批,历史类,,,409,29191,
5057,重庆城市科技学院,2023,重庆,本科批,历史类,,,407,25392,
5102,西南交通大学,2023,重庆,本科批,历史类,,,553,1923,
5104,电子科技大学,2023,重庆,本科批,历史类,,,579,1158,
5105,西南石油大学,2023,重庆,本科批,历史类,,,526,4014,
5106,成都理工大学,2023,重庆,本科批,历史类,,,497,4014,
5107,西南科技大学,2023,重庆,本科批,历史类,,,490,6550,
5108,成都信息工程大学,2023,重庆,本科批,历史类,,,490,7293,
5109,四川轻化工大学,2023,重庆,本科批,历史类,,,491,7753,
5110,西华大学,2023,重庆,本科批,历史类,,,456,5889,
5111,中国民用航空飞行学院,2023,重庆,本科批,历史类,,,473,11313,
5112,四川农业大学,2023,重庆,本科批,历史类,,,487,3622,
5113,西南医科大学,2023,重庆,本科批,历史类,,,473,7293,
5114,成都中医药大学,2023,重庆,本科批,历史类,,,486,5757,
5115,川北医学院,2023,重庆,本科批,历史类,,,478,9645,
5116,四川师范大学,2023,重庆,本科批,历史类,,,512,3432,
5117,西华师范大学,2023,重庆,本科批,历史类,,,459,5757,
5118,绵阳师范学院,2023,重庆,本科批,历史类,,,480,7449,
5119,内江师范学院,2023,重庆,本科批,历史类,,,480,9645,
5120,宜宾学院,2023,重庆,本科批,历史类,,,477,11835,
5121,乐山师范学院,2023,重庆,本科批,历史类,,,469,12004,
5122,西南财经大学,2023,重庆,本科批,历史类,,,541,841,
5123,成都体育学院,2023,重庆,本科批,历史类,,,434,8369,
5124,四川音乐学院,2023,重庆,本科批,历史类,,,470,11480,
5125,西南民族大学,2023,重庆,本科批,历史类,,,454,4331,
5126,攀枝花学院,2023,重庆,本科批,历史类,,,480,10729,
5127,四川大学,2023,重庆,本科批,历史类,,,577,365,
5129,西昌学院,2023,重庆,本科批,历史类,,,476,12798,
5130,成都理工大学工程技术学院,2023,重庆,本科批,历史类,,,453,19744,
5131,四川传媒学院,2023,重庆,本科批,历史类,,,461,17010,
5132,成都银杏酒店管理学院,2023,重庆,本科批,历史类,,,421,26246,
5134,四川工商学院,2023,重庆,本科批,历史类,,,467,18271,
5135,成都外国语学院,2023,重庆,本科批,历史类,,,414,17751,
5136,电子科技大学成都学院,2023,重庆,本科批,历史类,,,448,18989,
5137,四川文理学院,2023,重庆,本科批,历史类,,,472,11480,
5138,成都工业学院,2023,重庆,本科批,历史类,,,474,16507,
5139,四川旅游学院,2023,重庆,本科批,历史类,,,468,17521,
5151,四川警察学院,2023,重庆,本科批,历史类,,,531,6131,
5167,成都东软学院,2023,重庆,本科批,历史类,,,443,19246,
5170,四川民族学院,2023,重庆,本科批,历史类,,,482,12193,
5176,吉利学院,2023,重庆,本科批,历史类,,,408,25645,
5179,阿坝师范学院,2023,重庆,本科批,历史类,,,479,13219,
5180,成都大学,2023,重庆,本科批,历史类,,,474,6672,
5181,四川工业科技学院,2023,重庆,本科批,历史类,,,427,19744,
5182,成都师范学院,2023,重庆,本科批,历史类,,,489,7132,
5184,成都锦城学院,2023,重庆,本科批,历史类,,,456,16045,
5190,西南财经大学天府学院,2023,重庆,本科批,历史类,,,440,21955,
5191,四川大学锦江学院,2023,重庆,本科批,历史类,,,458,17521,
5192,四川文化艺术学院,2023,重庆,本科批,历史类,,,449,18271,
5199,绵阳城市学院,2023,重庆,本科批,历史类,,,423,22761,
5201,贵州大学,2023,重庆,本科批,历史类,,,492,3059,
5203,遵义医科大学,2023,重庆,本科批,历史类,,,511,4233,
5204,贵州中医药大学,2023,重庆,本科批,历史类,,,508,4424,
5205,贵州师范大学,2023,重庆,本科批,历史类,,,505,10191,
5206,遵义师范学院,2023,重庆,本科批,历史类,,,496,11835,
5207,黔南民族师范学院,2023,重庆,本科批,历史类,,,467,18271,
5208,贵州财经大学,2023,重庆,本科批,历史类,,,465,12193,
5209,贵州民族大学,2023,重庆,本科批,历史类,,,482,14691,
5211,贵州黔南经济学院,2023,重庆,本科批,历史类,,,450,22483,
5213,遵义医科大学医学与科技学院,2023,重庆,本科批,历史类,,,481,14894,
5215,贵阳学院,2023,重庆,本科批,历史类,,,475,16268,
5216,安顺学院,2023,重庆,本科批,历史类,,,467,16045,
5220,贵州警察学院,2023,重庆,本科批,历史类,,,493,12389,
5229,贵州医科大学神奇民族医药学院,2023,重庆,本科批,历史类,,,474,16507,
5230,贵州黔南科技学院,2023,重庆,本科批,历史类,,,443,24359,
5231,贵阳信息科技学院,2023,重庆,本科批,历史类,,,429,28299,
5232,六盘水师范学院,2023,重庆,本科批,历史类,,,474,12798,
5236,铜仁学院,2023,重庆,本科批,历史类,,,471,12798,
5237,兴义民族师范学院,2023,重庆,本科批,历史类,,,477,13425,
5238,贵州工程应用技术学院,2023,重庆,本科批,历史类,,,489,13219,
5239,贵州商学院,2023,重庆,本科批,历史类,,,484,14247,
5244,贵州师范学院,2023,重庆,本科批,历史类,,,475,13425,
5253,贵阳康养职业大学,2023,重庆,本科批,历史类,,,465,18728,
5301,云南大学,2023,重庆,本科批,历史类,,,539,1974,
5302,昆明理工大学,2023,重庆,本科批,历史类,,,513,8674,
5303,云南农业大学,2023,重庆,本科批,历史类,,,479,10191,
5304,西南林业大学,2023,重庆,本科批,历史类,,,489,9809,
5305,大理大学,2023,重庆,本科批,历史类,,,468,7602,
5306,云南师范大学,2023,重庆,本科批,历史类,,,478,4954,
5307,曲靖师范学院,2023,重庆,本科批,历史类,,,467,8993,
5309,云南民族大学,2023,重庆,本科批,历史类,,,471,8674,
5310,玉溪师范学院,2023,重庆,本科批,历史类,,,481,14894,
5311,楚雄师范学院,2023,重庆,本科批,历史类,,,484,14247,
5312,昆明医科大学海源学院,2023,重庆,本科批,历史类,,,471,14247,
5313,滇池学院,2023,重庆,本科批,历史类,,,415,18271,
5314,丽江文化旅游学院,2023,重庆,本科批,历史类,,,409,21195,
5315,昆明城市学院,2023,重庆,本科批,历史类,,,453,18728,
5318,昆明学院,2023,重庆,本科批,历史类,,,464,13425,
5326,云南经济管理学院,2023,重庆,本科批,历史类,,,426,19744,
5327,昆明文理学院,2023,重庆,本科批,历史类,,,429,18500,
5330,云南财经大学,2023,重庆,本科批,历史类,,,464,6981,
5334,云南警官学院,2023,重庆,本科批,历史类,,,497,11656,
5336,保山学院,2023,重庆,本科批,历史类,,,485,14035,
5337,红河学院,2023,重庆,本科批,历史类,,,466,15119,
5339,昆明理工大学津桥学院,2023,重庆,本科批,历史类,,,417,19962,
5340,昭通学院,2023,重庆,本科批,历史类,,,470,17521,
5342,云南工商学院,2023,重庆,本科批,历史类,,,430,19962,
5349,滇西科技师范学院,2023,重庆,本科批,历史类,,,473,16772,
5352,云南中医药大学,2023,重庆,本科批,历史类,,,493,4331,
5372,滇西应用技术大学,2023,重庆,本科批,历史类,,,469,13425,
5401,西藏大学,2023,重庆,本科批,历史类,,,499,6672,
5402,西藏民族大学,2023,重庆,本科批,历史类,,,478,15589,
5407,西藏农牧大学,2023,重庆,本科批,历史类,,,466,17751,
6101,西安交通大学,2023,重庆,本科批,历史类,,,606,634,
6102,西北工业大学,2023,重庆,本科批,历史类,,,580,1537,
6104,西安电子科技大学,2023,重庆,本科批,历史类,,,555,3537,
6105,西安工业大学,2023,重庆,本科批,历史类,,,517,6131,
6106,西安建筑科技大学,2023,重庆,本科批,历史类,,,516,8369,
6108,西安石油大学,2023,重庆,本科批,历史类,,,486,10009,
6109,陕西科技大学,2023,重庆,本科批,历史类,,,501,10009,
6111,陕西师范大学,2023,重庆,本科批,历史类,,,555,2901,
6112,延安大学,2023,重庆,本科批,历史类,,,516,6401,
6113,渭南师范学院,2023,重庆,本科批,历史类,,,463,14459,
6114,西安外国语大学,2023,重庆,本科批,历史类,,,519,4014,
6115,西北政法大学,2023,重庆,本科批,历史类,,,529,3059,
6119,西安培华学院,2023,重庆,本科批,历史类,,,429,18023,
6122,宝鸡文理学院,2023,重庆,本科批,历史类,,,474,16507,
6123,西北农林科技大学,2023,重庆,本科批,历史类,,,575,1871,
6124,长安大学,2023,重庆,本科批,历史类,,,558,2551,
6125,陕西理工大学,2023,重庆,本科批,历史类,,,486,10376,
6126,西安财经大学,2023,重庆,本科批,历史类,,,502,6259,
6129,西安文理学院,2023,重庆,本科批,历史类,,,469,14035,
6130,西安航空学院,2023,重庆,本科批,历史类,,,465,15589,
6133,西安欧亚学院,2023,重庆,本科批,历史类,,,410,25131,
6134,西安翻译学院,2023,重庆,本科批,历史类,,,411,26801,
6136,西京学院,2023,重庆,本科批,历史类,,,422,24871,
6142,西安思源学院,2023,重庆,本科批,历史类,,,434,19962,
6143,陕西服装工程学院,2023,重庆,本科批,历史类,,,418,25131,
6144,陕西国际商贸学院,2023,重庆,本科批,历史类,,,420,20413,
6152,陕西科技大学镐京学院,2023,重庆,本科批,历史类,,,408,24359,
6156,西安医学院,2023,重庆,本科批,历史类,,,472,10191,
6158,西安工商学院,2023,重庆,本科批,历史类,,,427,28892,
6159,咸阳师范学院,2023,重庆,本科批,历史类,,,472,12004,
6162,延安大学西安创新学院,2023,重庆,本科批,历史类,,,415,21195,
6164,西北大学,2023,重庆,本科批,历史类,,,552,1051,
6166,西安明德理工学院,2023,重庆,本科批,历史类,,,415,29461,
6174,榆林学院,2023,重庆,本科批,历史类,,,467,18023,
6175,安康学院,2023,重庆,本科批,历史类,,,478,14247,
6180,西安科技大学高新学院,2023,重庆,本科批,历史类,,,438,22483,
6182,西安信息职业大学,2023,重庆,本科批,历史类,,,408,34600,
6184,商洛学院,2023,重庆,本科批,历史类,,,469,13219,
6193,陕西学前师范学院,2023,重庆,本科批,历史类,,,480,15119,
6201,兰州大学,2023,重庆,本科批,历史类,,,569,1384,
6202,兰州理工大学,2023,重庆,本科批,历史类,,,487,8369,
6203,兰州交通大学,2023,重庆,本科批,历史类,,,479,12004,
6204,天水师范大学,2023,重庆,本科批,历史类,,,480,14247,
6205,河西学院,2023,重庆,本科批,历史类,,,470,15119,
6206,兰州财经大学,2023,重庆,本科批,历史类,,,470,9148,
6207,西北民族大学,2023,重庆,本科批,历史类,,,476,8369,
6208,甘肃政法大学,2023,重庆,本科批,历史类,,,499,4535,
6215,兰州博文科技学院,2023,重庆,本科批,历史类,,,408,30119,
6216,甘肃农业大学,2023,重庆,本科批,历史类,,,474,16507,
6217,西北师范大学,2023,重庆,本科批,历史类,,,451,4424,
6221,兰州城市学院,2023,重庆,本科批,历史类,,,469,16507,
6222,甘肃中医药大学,2023,重庆,本科批,历史类,,,480,10376,
6227,兰州文理学院,2023,重庆,本科批,历史类,,,469,13219,
6233,甘肃民族师范学院,2023,重庆,本科批,历史类,,,480,15119,
6302,青海民族大学,2023,重庆,本科批,历史类,,,467,15119,
6304,青海师范大学,2023,重庆,本科批,历史类,,,477,7602,
6401,宁夏大学,2023,重庆,本科批,历史类,,,529,2825,
6403,北方民族大学,2023,重庆,本科批,历史类,,,470,11117,
6405,宁夏理工学院,2023,重庆,本科批,历史类,,,427,18023,
6408,宁夏大学新华学院,2023,重庆,本科批,历史类,,,462,19471,
6501,新疆大学,2023,重庆,本科批,历史类,,,519,3722,
6502,新疆农业大学,2023,重庆,本科批,历史类,,,462,17253,
6503,石河子大学,2023,重庆,本科批,历史类,,,500,5757,
6504,新疆师范大学,2023,重庆,本科批,历史类,,,459,7753,
6505,伊犁师范大学,2023,重庆,本科批,历史类,,,467,14459,
6506,新疆财经大学,2023,重庆,本科批,历史类,,,466,11313,
6507,新疆科技学院,2023,重庆,本科批,历史类,,,465,16268,
6510,新疆第二医学院,2023,重庆,本科批,历史类,,,449,22761,
6520,新疆天山职业技术大学,2023,重庆,本科批,历史类,,,425,24871,
6522,新疆政法学院,2023,重庆,本科批,历史类,,,466,15367,
6524,喀什大学,2023,重庆,本科批,历史类,,,467,13833,
6527,新疆艺术学院,2023,重庆,本科批,历史类,,,464,18989,
6536,新疆警察学院,2023,重庆,本科批,历史类,,,478,15589,
6537,中国石油大学（北京）克拉玛依校区,2023,重庆,本科批,历史类,,,525,4954,
,上海财经大学浙江学院,2023,重庆,本科批,历史类,,,450,14691,
1130,中国人民公安大学,2023,重庆,本科提前批A段,历史类,,,581,723,
1144,中国消防救援学院,2023,重庆,本科提前批A段,历史类,,,518,8060,
2122,中国刑事警察学院,2023,重庆,本科提前批A段,历史类,,,539,578,
1101,北京大学,2023,重庆,本科提前批B段,历史类,,,653,60,
1103,中国人民大学,2023,重庆,本科提前批B段,历史类,,,644,99,
1104,清华大学,2023,重庆,本科提前批B段,历史类,,,658,60,
1120,首都师范大学,2023,重庆,本科提前批B段,历史类,,,580,1812,
1122,北京外国语大学,2023,重庆,本科提前批B段,历史类,,,591,,
1124,北京语言大学,2023,重庆,本科提前批B段,历史类,,,555,2353,
1126,中央财经大学,2023,重庆,本科提前批B段,历史类,,,593,634,
1127,对外经济贸易大学,2023,重庆,本科提前批B段,历史类,,,572,444,
1129,外交学院,2023,重庆,本科提前批B段,历史类,,,597,536,
1132,北京体育大学,2023,重庆,本科提前批B段,历史类,,,577,1973,
1136,中央戏剧学院,2023,重庆,本科提前批B段,历史类,,,545,1740,
1141,中国政法大学,2023,重庆,本科提前批B段,历史类,,,613,324,
1153,中华女子学院,2023,重庆,本科提前批B段,历史类,,,514,8521,
1201,南开大学,2023,重庆,本科提前批B段,历史类,,,618,444,
1208,天津中医药大学,2023,重庆,本科提前批B段,历史类,,,545,4535,
1236,天津师范大学,2023,重庆,本科提前批B段,历史类,,,547,3622,
2118,大连医科大学,2023,重庆,本科提前批B段,历史类,,,531,6131,
2121,东北财经大学,2023,重庆,本科提前批B段,历史类,,,550,2551,
2153,辽宁大学,2023,重庆,本科提前批B段,历史类,,,565,2755,
2201,吉林大学,2023,重庆,本科提前批B段,历史类,,,582,1682,
2208,东北师范大学,2023,重庆,本科提前批B段,历史类,,,592,901,
2301,黑龙江大学,2023,重庆,本科提前批B段,历史类,,,495,5392,
2307,东北农业大学,2023,重庆,本科提前批B段,历史类,,,543,2353,
3101,复旦大学,2023,重庆,本科提前批B段,历史类,,,645,75,
3102,同济大学,2023,重庆,本科提前批B段,历史类,,,616,489,
3104,华东理工大学,2023,重庆,本科提前批B段,历史类,,,553,3722,
3110,华东师范大学,2023,重庆,本科提前批B段,历史类,,,595,160,
3112,上海外国语大学,2023,重庆,本科提前批B段,历史类,,,575,1537,
3201,南京大学,2023,重庆,本科提前批B段,历史类,,,634,189,
3202,苏州大学,2023,重庆,本科提前批B段,历史类,,,550,1088,
3211,河海大学,2023,重庆,本科提前批B段,历史类,,,558,2623,
3249,南京师范大学,2023,重庆,本科提前批B段,历史类,,,562,1051,
3251,扬州大学,2023,重庆,本科提前批B段,历史类,,,547,3350,
3301,浙江大学,2023,重庆,本科提前批B段,历史类,,,635,123,
3306,杭州师范大学,2023,重庆,本科提前批B段,历史类,,,508,9645,
3361,浙江财经大学,2023,重庆,本科提前批B段,历史类,,,543,2679,
3501,厦门大学,2023,重庆,本科提前批B段,历史类,,,612,406,
3510,集美大学,2023,重庆,本科提前批B段,历史类,,,547,4331,
3576,闽南师范大学,2023,重庆,本科提前批B段,历史类,,,533,4735,
3609,江西师范大学,2023,重庆,本科提前批B段,历史类,,,557,3350,
3701,山东大学,2023,重庆,本科提前批B段,历史类,,,594,901,
3718,山东大学（威海）,2023,重庆,本科提前批B段,历史类,,,565,1266,
3740,山东师范大学,2023,重庆,本科提前批B段,历史类,,,523,3059,
4201,武汉大学,2023,重庆,本科提前批B段,历史类,,,634,205,
4208,华中师范大学,2023,重庆,本科提前批B段,历史类,,,591,365,
4215,中南民族大学,2023,重庆,本科提前批B段,历史类,,,538,2551,
4223,中南财经政法大学,2023,重庆,本科提前批B段,历史类,,,603,841,
4315,中南大学,2023,重庆,本科提前批B段,历史类,,,585,1384,
4401,中山大学,2023,重庆,本科提前批B段,历史类,,,600,634,
4402,暨南大学,2023,重庆,本科提前批B段,历史类,,,551,1537,
4504,广西师范大学,2023,重庆,本科提前批B段,历史类,,,536,5522,
5001,重庆大学,2023,重庆,本科提前批B段,历史类,,,600,938,
5002,重庆邮电大学,2023,重庆,本科提前批B段,历史类,,,533,5889,
5003,重庆交通大学,2023,重庆,本科提前批B段,历史类,,,499,6550,
5006,西南大学,2023,重庆,本科提前批B段,历史类,,,549,762,
5007,重庆师范大学,2023,重庆,本科提前批B段,历史类,,,545,1307,
5008,重庆文理学院,2023,重庆,本科提前批B段,历史类,,,552,2901,
5009,重庆三峡学院,2023,重庆,本科提前批B段,历史类,,,541,2972,
5010,长江师范学院,2023,重庆,本科提前批B段,历史类,,,543,2623,
5011,四川外国语大学,2023,重庆,本科提前批B段,历史类,,,474,4633,
5012,西南政法大学,2023,重庆,本科提前批B段,历史类,,,528,2226,
5015,重庆理工大学,2023,重庆,本科提前批B段,历史类,,,503,6009,
5016,重庆工商大学,2023,重庆,本科提前批B段,历史类,,,493,6550,
5017,重庆中医药学院,2023,重庆,本科提前批B段,历史类,,,540,2095,
5029,重庆第二师范学院,2023,重庆,本科提前批B段,历史类,,,541,2416,
5122,西南财经大学,2023,重庆,本科提前批B段,历史类,,,567,1191,
5125,西南民族大学,2023,重庆,本科提前批B段,历史类,,,516,7132,
5127,四川大学,2023,重庆,本科提前批B段,历史类,,,589,762,
6101,西安交通大学,2023,重庆,本科提前批B段,历史类,,,601,901,
6111,陕西师范大学,2023,重庆,本科提前批B段,历史类,,,569,561,
6114,西安外国语大学,2023,重庆,本科提前批B段,历史类,,,494,6550,
6207,西北民族大学,2023,重庆,本科提前批B段,历史类,,,510,6401,
,北京师范大学,2023,重庆,本科提前批B段,历史类,,,607,160,
,中央音乐学院,2023,重庆,艺术本科提前批,历史类,,,280,,
6114,西安外国语大学,2023,重庆,艺术类本科批,历史类,,,223,60,
5301,云南大学,2023,重庆,高校专项计划本科批,历史类,,,548,4233,
1166,北京培黎职业学院,2023,重庆,专科批,物理类,,,406,87297,
1168,中国劳动关系学院,2023,重庆,专科批,物理类,,,411,85033,
1199,民政职业大学,2023,重庆,专科批,物理类,,,408,86394,
1223,天津市职业大学,2023,重庆,专科批,物理类,,,410,70339,
1224,天津医学高等专科学校,2023,重庆,专科批,物理类,,,377,88707,
1226,天津滨海职业学院,2023,重庆,专科批,物理类,,,331,92467,
1228,天津现代职业技术学院,2023,重庆,专科批,物理类,,,355,86394,
1229,天津轻工职业技术学院,2023,重庆,专科批,物理类,,,402,89122,
1230,天津电子信息职业技术学院,2023,重庆,专科批,物理类,,,379,93658,
1234,天津交通职业学院,2023,重庆,专科批,物理类,,,384,96474,
1237,天津石油职业技术学院,2023,重庆,专科批,物理类,,,370,100745,
1238,天津国土资源和房屋职业学院,2023,重庆,专科批,物理类,,,352,98024,
1242,天津警察学院,2023,重庆,专科批,物理类,,,407,85491,
1248,天津城市建设管理职业技术学院,2023,重庆,专科批,物理类,,,366,94843,
1253,天津城市职业学院,2023,重庆,专科批,物理类,,,352,101685,
1272,天津铁道职业技术学院,2023,重庆,专科批,物理类,,,383,96852,
1274,天津生物工程职业技术学院,2023,重庆,专科批,物理类,,,284,93273,
1275,天津滨海汽车工程职业学院,2023,重庆,专科批,物理类,,,329,112105,
1304,华北理工大学,2023,重庆,专科批,物理类,,,426,69312,
1315,华北理工大学轻工学院,2023,重庆,专科批,物理类,,,342,84552,
1323,邯郸职业技术学院,2023,重庆,专科批,物理类,,,355,102030,
1324,石家庄铁路职业技术学院,2023,重庆,专科批,物理类,,,378,89972,
1328,河北软件职业技术学院,2023,重庆,专科批,物理类,,,380,98024,
1329,秦皇岛职业技术学院,2023,重庆,专科批,物理类,,,330,99430,
1330,唐山职业技术学院,2023,重庆,专科批,物理类,,,369,85491,
1332,河北旅游职业学院,2023,重庆,专科批,物理类,,,354,105360,
1334,河北化工医药职业技术学院,2023,重庆,专科批,物理类,,,362,97648,
1337,石家庄邮电职业技术学院,2023,重庆,专科批,物理类,,,410,60611,
1341,河北能源职业技术学院,2023,重庆,专科批,物理类,,,350,107262,
1347,河北对外经贸职业学院,2023,重庆,专科批,物理类,,,337,94843,
1349,石家庄工商职业学院,2023,重庆,专科批,物理类,,,288,116362,
1350,河北交通职业技术学院,2023,重庆,专科批,物理类,,,326,96852,
1360,石家庄职业技术学院,2023,重庆,专科批,物理类,,,345,85491,
1363,石家庄城市经济职业学院,2023,重庆,专科批,物理类,,,343,108991,
1364,河北机电职业技术学院,2023,重庆,专科批,物理类,,,331,105648,
1377,石家庄科技信息职业学院,2023,重庆,专科批,物理类,,,272,94004,
1379,沧州医学高等专科学校,2023,重庆,专科批,物理类,,,405,80737,
1383,石家庄医学高等专科学校,2023,重庆,专科批,物理类,,,356,97226,
1384,河北司法警官职业学院,2023,重庆,专科批,物理类,,,395,85934,
1392,石家庄人民医学高等专科学校,2023,重庆,专科批,物理类,,,344,93273,
1413,山西工程职业学院,2023,重庆,专科批,物理类,,,355,105938,
1440,临汾职业技术学院,2023,重庆,专科批,物理类,,,372,92467,
1454,运城护理职业学院,2023,重庆,专科批,物理类,,,374,86394,
1485,山西卫生健康职业学院,2023,重庆,专科批,物理类,,,377,85934,
1530,包头铁道职业技术学院,2023,重庆,专科批,物理类,,,386,95618,
2132,大连财经学院,2023,重庆,专科批,物理类,,,297,106732,
2134,铁岭师范高等专科学校,2023,重庆,专科批,物理类,,,330,98371,
2135,辽宁省交通高等专科学校,2023,重庆,专科批,物理类,,,323,89122,
2137,大连职业技术学院,2023,重庆,专科批,物理类,,,344,96474,
2140,辽宁机电职业技术学院,2023,重庆,专科批,物理类,,,347,87775,
2142,辽宁广告职业学院,2023,重庆,专科批,物理类,,,297,111685,
2145,锦州师范高等专科学校,2023,重庆,专科批,物理类,,,365,92861,
2146,辽宁农业职业技术学院,2023,重庆,专科批,物理类,,,298,85934,
2149,抚顺职业技术学院,2023,重庆,专科批,物理类,,,314,105360,
2156,辽宁职业学院,2023,重庆,专科批,物理类,,,339,102030,
2167,辽宁石化职业技术学院,2023,重庆,专科批,物理类,,,328,109912,
2171,沈阳职业技术学院,2023,重庆,专科批,物理类,,,326,104773,
2179,朝阳师范学院,2023,重庆,专科批,物理类,,,336,84552,
2184,大连航运职业技术学院,2023,重庆,专科批,物理类,,,252,113969,
2188,沈阳北软信息职业技术学院,2023,重庆,专科批,物理类,,,272,116601,
2191,抚顺师范高等专科学校,2023,重庆,专科批,物理类,,,364,100421,
2192,营口职业技术学院,2023,重庆,专科批,物理类,,,351,95618,
2193,盘锦职业技术学院,2023,重庆,专科批,物理类,,,333,109217,
2196,辽宁何氏医学院,2023,重庆,专科批,物理类,,,328,105360,
2198,辽宁铁道职业技术学院,2023,重庆,专科批,物理类,,,360,97226,
2199,大连汽车职业技术学院,2023,重庆,专科批,物理类,,,209,120781,
2226,长春金融高等专科学校,2023,重庆,专科批,物理类,,,345,86394,
2227,长春医学高等专科学校,2023,重庆,专科批,物理类,,,411,79327,
2229,辽源职业技术学院,2023,重庆,专科批,物理类,,,333,96474,
2240,吉林电子信息职业技术学院,2023,重庆,专科批,物理类,,,377,99098,
2245,吉林司法警官职业学院,2023,重庆,专科批,物理类,,,366,102696,
2260,梅河口康美职业技术学院,2023,重庆,专科批,物理类,,,297,106998,
2267,白城职业技术学院,2023,重庆,专科批,物理类,,,369,101685,
2268,长春健康职业学院,2023,重庆,专科批,物理类,,,322,113317,
2305,东北石油大学,2023,重庆,专科批,物理类,,,413,69810,
2321,牡丹江大学,2023,重庆,专科批,物理类,,,344,92056,
2323,黑龙江建筑职业技术学院,2023,重庆,专科批,物理类,,,302,96852,
2325,黑龙江农业工程职业学院,2023,重庆,专科批,物理类,,,312,106998,
2326,黑龙江农垦职业学院,2023,重庆,专科批,物理类,,,338,103321,
2327,哈尔滨铁道职业技术学院,2023,重庆,专科批,物理类,,,360,97648,
2336,黑龙江生态工程职业学院,2023,重庆,专科批,物理类,,,354,103321,
2341,黑龙江农业经济职业学院,2023,重庆,专科批,物理类,,,325,108029,
2342,黑龙江林业职业技术学院,2023,重庆,专科批,物理类,,,337,110408,
2343,哈尔滨职业技术大学,2023,重庆,专科批,物理类,,,339,101685,
2347,黑龙江能源职业学院,2023,重庆,专科批,物理类,,,335,110408,
2351,齐齐哈尔高等师范专科学校,2023,重庆,专科批,物理类,,,363,90838,
2362,黑龙江司法警官职业学院,2023,重庆,专科批,物理类,,,351,105360,
2364,黑龙江交通职业技术学院,2023,重庆,专科批,物理类,,,341,94004,
2367,大庆职业学院,2023,重庆,专科批,物理类,,,364,89534,
2368,大兴安岭职业学院,2023,重庆,专科批,物理类,,,312,87775,
2371,大庆医学高等专科学校,2023,重庆,专科批,物理类,,,382,84104,
2373,黑龙江幼儿师范高等专科学校,2023,重庆,专科批,物理类,,,349,98741,
2374,哈尔滨科学技术职业学院,2023,重庆,专科批,物理类,,,345,102363,
2376,黑龙江护理高等专科学校,2023,重庆,专科批,物理类,,,372,85934,
2379,哈尔滨幼儿师范高等专科学校,2023,重庆,专科批,物理类,,,341,104773,
3122,上海旅游高等专科学校,2023,重庆,专科批,物理类,,,371,88707,
3123,上海济光职业技术学院,2023,重庆,专科批,物理类,,,300,109217,
3124,上海建桥学院,2023,重庆,专科批,物理类,,,350,92861,
3128,上海工艺美术职业学院,2023,重庆,专科批,物理类,,,361,73362,
3129,上海思博职业技术学院,2023,重庆,专科批,物理类,,,311,110627,
3137,上海工商外国语职业学院,2023,重庆,专科批,物理类,,,300,108991,
3138,上海工商职业技术学院,2023,重庆,专科批,物理类,,,275,108029,
3146,上海东海职业技术学院,2023,重庆,专科批,物理类,,,325,112829,
3149,上海电子信息职业技术学院,2023,重庆,专科批,物理类,,,364,88242,
3152,上海城建职业学院,2023,重庆,专科批,物理类,,,367,86857,
3160,上海出版印刷高等专科学校,2023,重庆,专科批,物理类,,,379,87297,
3161,上海震旦职业学院,2023,重庆,专科批,物理类,,,295,115836,
3173,上海邦德职业技术学院,2023,重庆,专科批,物理类,,,346,108029,
3175,上海中侨职业技术大学,2023,重庆,专科批,物理类,,,289,94004,
3176,上海民航职业技术学院,2023,重庆,专科批,物理类,,,364,96852,
3177,上海科学技术职业学院,2023,重庆,专科批,物理类,,,401,74845,
3235,江苏建筑职业技术学院,2023,重庆,专科批,物理类,,,352,100105,
3236,无锡职业技术大学,2023,重庆,专科批,物理类,,,403,75372,
3241,江苏经贸职业技术学院,2023,重庆,专科批,物理类,,,369,96056,
3253,江苏农牧科技职业学院,2023,重庆,专科批,物理类,,,380,75863,
3256,苏州百年职业学院,2023,重庆,专科批,物理类,,,284,108991,
3266,常州信息职业技术学院,2023,重庆,专科批,物理类,,,405,82194,
3272,太湖创意职业技术学院,2023,重庆,专科批,物理类,,,300,113167,
3274,江苏农林职业技术学院,2023,重庆,专科批,物理类,,,380,98024,
3291,江苏城市职业学院,2023,重庆,专科批,物理类,,,364,86394,
3293,连云港职业技术学院,2023,重庆,专科批,物理类,,,369,101685,
3294,镇江市高等专科学校,2023,重庆,专科批,物理类,,,343,80262,
3299,连云港师范学院,2023,重庆,专科批,物理类,,,410,85491,
3315,浙江工贸职业技术学院,2023,重庆,专科批,物理类,,,398,84552,
3354,浙江商业职业技术学院,2023,重庆,专科批,物理类,,,383,87297,
3355,浙江经济职业技术学院,2023,重庆,专科批,物理类,,,405,86857,
3379,浙江工商职业技术学院,2023,重庆,专科批,物理类,,,340,87297,
3415,安徽第二医学院,2023,重庆,专科批,物理类,,,386,92861,
3436,马鞍山师范高等专科学校,2023,重庆,专科批,物理类,,,338,102030,
3462,安徽审计职业学院,2023,重庆,专科批,物理类,,,363,103635,
3464,合肥职业技术学院,2023,重庆,专科批,物理类,,,346,108285,
3472,合肥通用职业技术学院,2023,重庆,专科批,物理类,,,354,105938,
3479,宣城职业技术学院,2023,重庆,专科批,物理类,,,358,101685,
3515,黎明职业大学,2023,重庆,专科批,物理类,,,371,92861,
3517,漳州职业技术学院,2023,重庆,专科批,物理类,,,377,92467,
3531,厦门华天涉外职业技术学院,2023,重庆,专科批,物理类,,,273,116821,
3541,泉州经贸职业技术学院,2023,重庆,专科批,物理类,,,340,105360,
3548,厦门兴才职业技术学院,2023,重庆,专科批,物理类,,,262,119555,
3550,厦门软件职业技术学院,2023,重庆,专科批,物理类,,,338,104773,
3551,厦门南洋职业学院,2023,重庆,专科批,物理类,,,272,118997,
3557,厦门东海职业技术学院,2023,重庆,专科批,物理类,,,287,117827,
3563,三明医学科技职业学院,2023,重庆,专科批,物理类,,,350,86857,
3565,厦门安防科技职业学院,2023,重庆,专科批,物理类,,,273,118937,
3572,漳州科技职业学院,2023,重庆,专科批,物理类,,,285,117986,
3583,厦门城市职业学院,2023,重庆,专科批,物理类,,,346,89122,
3590,漳州卫生职业学院,2023,重庆,专科批,物理类,,,387,84104,
3593,福州墨尔本理工职业学院,2023,重庆,专科批,物理类,,,332,98024,
3598,福州软件职业技术学院,2023,重庆,专科批,物理类,,,250,115713,
3614,江西医学高等专科学校,2023,重庆,专科批,物理类,,,433,74375,
3631,九江职业大学,2023,重庆,专科批,物理类,,,376,88242,
3633,江西职业技术大学,2023,重庆,专科批,物理类,,,352,87297,
3634,江西工业职业技术学院,2023,重庆,专科批,物理类,,,351,100105,
3636,南昌理工学院,2023,重庆,专科批,物理类,,,303,97226,
3637,江西司法警官职业学院,2023,重庆,专科批,物理类,,,358,92861,
3639,江西电力职业技术学院,2023,重庆,专科批,物理类,,,390,87775,
3641,江西机电职业技术学院,2023,重庆,专科批,物理类,,,343,105938,
3644,江西交通职业技术学院,2023,重庆,专科批,物理类,,,364,101381,
3646,江西财经职业学院,2023,重庆,专科批,物理类,,,342,102696,
3647,江西应用技术职业学院,2023,重庆,专科批,物理类,,,382,87297,
3648,江西现代职业技术学院,2023,重庆,专科批,物理类,,,347,106189,
3649,南昌工学院,2023,重庆,专科批,物理类,,,314,92861,
3650,南昌职业大学,2023,重庆,专科批,物理类,,,264,109686,
3652,江西科技职业学院,2023,重庆,专科批,物理类,,,253,119930,
3655,江西工业贸易职业技术学院,2023,重庆,专科批,物理类,,,345,92467,
3658,江西环境工程职业学院,2023,重庆,专科批,物理类,,,322,105062,
3659,宜春职业技术学院,2023,重庆,专科批,物理类,,,368,98371,
3661,江西建设职业技术学院,2023,重庆,专科批,物理类,,,331,92056,
3664,江西软件职业技术大学,2023,重庆,专科批,物理类,,,331,111685,
3666,赣西科技职业学院,2023,重庆,专科批,物理类,,,336,110627,
3673,江西信息应用职业技术学院,2023,重庆,专科批,物理类,,,371,101069,
3674,豫章师范学院,2023,重庆,专科批,物理类,,,405,87775,
3675,江西工程职业学院,2023,重庆,专科批,物理类,,,314,89972,
3678,赣州师范高等专科学校,2023,重庆,专科批,物理类,,,407,85491,
3682,江西新能源科技职业学院,2023,重庆,专科批,物理类,,,271,116492,
3685,江西工商职业技术学院,2023,重庆,专科批,物理类,,,308,115468,
3688,江西师范高等专科学校,2023,重庆,专科批,物理类,,,397,91266,
3690,江西航空职业技术学院,2023,重庆,专科批,物理类,,,262,115836,
3691,江西枫林涉外经贸职业学院,2023,重庆,专科批,物理类,,,266,105938,
3695,抚州职业技术学院,2023,重庆,专科批,物理类,,,353,89534,
3697,吉安职业技术学院,2023,重庆,专科批,物理类,,,355,94426,
3698,赣南卫生健康职业学院,2023,重庆,专科批,物理类,,,383,96852,
3721,山东水利职业学院,2023,重庆,专科批,物理类,,,354,100421,
3723,山东力明科技职业学院,2023,重庆,专科批,物理类,,,300,93273,
3729,青岛求实职业技术学院,2023,重庆,专科批,物理类,,,291,106998,
3731,青岛黄海学院,2023,重庆,专科批,物理类,,,364,103321,
3733,山东畜牧兽医职业学院,2023,重庆,专科批,物理类,,,405,80262,
3736,曲阜远东职业技术学院,2023,重庆,专科批,物理类,,,313,114739,
3737,青岛港湾职业技术学院,2023,重庆,专科批,物理类,,,316,90838,
3746,济宁学院,2023,重庆,专科批,物理类,,,414,83657,
3747,日照职业技术学院,2023,重庆,专科批,物理类,,,387,91650,
3766,齐鲁理工学院,2023,重庆,专科批,物理类,,,355,101685,
3774,山东外国语职业技术大学,2023,重庆,专科批,物理类,,,306,115713,
3782,山东职业学院,2023,重庆,专科批,物理类,,,368,85934,
3783,山东铝业职业学院,2023,重庆,专科批,物理类,,,342,105360,
3784,山东海事职业学院,2023,重庆,专科批,物理类,,,221,117152,
3786,潍坊科技学院,2023,重庆,专科批,物理类,,,273,107767,
3787,山东信息职业技术学院,2023,重庆,专科批,物理类,,,331,77906,
4126,开封大学,2023,重庆,专科批,物理类,,,403,73862,
4133,焦作大学,2023,重庆,专科批,物理类,,,403,88707,
4137,黄河水利职业技术大学,2023,重庆,专科批,物理类,,,412,84552,
4140,河南工业职业技术学院,2023,重庆,专科批,物理类,,,362,103932,
4150,漯河职业技术学院,2023,重庆,专科批,物理类,,,344,103932,
4151,三门峡职业技术学院,2023,重庆,专科批,物理类,,,377,90380,
4155,信阳职业技术学院,2023,重庆,专科批,物理类,,,350,94426,
4161,漯河医学高等专科学校,2023,重庆,专科批,物理类,,,385,81218,
4170,周口职业技术学院,2023,重庆,专科批,物理类,,,360,104518,
4179,商丘医学高等专科学校,2023,重庆,专科批,物理类,,,393,85033,
4186,郑州健康学院,2023,重庆,专科批,物理类,,,368,89972,
4189,河南医学高等专科学校,2023,重庆,专科批,物理类,,,390,94004,
4193,济源职业技术学院,2023,重庆,专科批,物理类,,,365,100421,
4197,河南护理职业学院,2023,重庆,专科批,物理类,,,384,96474,
4239,鄂州职业大学,2023,重庆,专科批,物理类,,,357,90838,
4240,武汉职业技术大学,2023,重庆,专科批,物理类,,,402,85934,
4241,武汉船舶职业技术学院,2023,重庆,专科批,物理类,,,370,89122,
4244,湖北职业技术学院,2023,重庆,专科批,物理类,,,368,83657,
4247,襄阳职业技术学院,2023,重庆,专科批,物理类,,,390,80262,
4248,恩施职业技术学院,2023,重庆,专科批,物理类,,,325,99430,
4250,武汉生物工程学院,2023,重庆,专科批,物理类,,,334,89534,
4251,湖北交通职业技术学院,2023,重庆,专科批,物理类,,,341,98024,
4252,仙桃职业学院,2023,重庆,专科批,物理类,,,360,94843,
4253,荆州职业技术学院,2023,重庆,专科批,物理类,,,377,99098,
4255,武汉软件工程职业学院,2023,重庆,专科批,物理类,,,445,68303,
4256,武汉电力职业技术学院,2023,重庆,专科批,物理类,,,389,71858,
4257,湖北水利水电职业技术学院,2023,重庆,专科批,物理类,,,388,94004,
4258,武汉商贸职业学院,2023,重庆,专科批,物理类,,,333,102696,
4259,武汉科技职业学院,2023,重庆,专科批,物理类,,,327,106189,
4261,武汉警官职业学院,2023,重庆,专科批,物理类,,,402,70847,
4262,随州职业技术学院,2023,重庆,专科批,物理类,,,365,99098,
4263,武汉交通职业学院,2023,重庆,专科批,物理类,,,337,96474,
4264,咸宁职业技术学院,2023,重庆,专科批,物理类,,,363,99430,
4265,长江工程职业技术学院,2023,重庆,专科批,物理类,,,373,91266,
4267,湖北生态工程职业技术学院,2023,重庆,专科批,物理类,,,359,97648,
4268,湖北生物科技职业学院,2023,重庆,专科批,物理类,,,374,100105,
4274,湖北开放职业学院,2023,重庆,专科批,物理类,,,261,119612,
4276,湖北三峡职业技术学院,2023,重庆,专科批,物理类,,,350,78867,
4278,湖北恩施学院,2023,重庆,专科批,物理类,,,370,92861,
4280,武汉铁路职业技术学院,2023,重庆,专科批,物理类,,,370,65191,
4285,武汉城市职业学院,2023,重庆,专科批,物理类,,,379,86857,
4286,三峡大学科技学院,2023,重庆,专科批,物理类,,,386,92056,
4289,湖北国土资源职业学院,2023,重庆,专科批,物理类,,,361,98371,
4290,湖北中医药高等专科学校,2023,重庆,专科批,物理类,,,412,57512,
4296,湖北城市建设职业技术学院,2023,重庆,专科批,物理类,,,359,101685,
4299,荆州理工职业学院,2023,重庆,专科批,物理类,,,315,103321,
4302,吉首大学,2023,重庆,专科批,物理类,,,437,68303,
4330,长沙民政职业技术学院,2023,重庆,专科批,物理类,,,371,62682,
4331,湖南工业职业技术学院,2023,重庆,专科批,物理类,,,353,99098,
4332,湖南信息职业技术学院,2023,重庆,专科批,物理类,,,395,87297,
4335,湖南铁道职业技术学院,2023,重庆,专科批,物理类,,,351,94426,
4336,永州职业技术学院,2023,重庆,专科批,物理类,,,365,84104,
4337,湘潭医卫职业技术学院,2023,重庆,专科批,物理类,,,383,94004,
4339,郴州职业技术学院,2023,重庆,专科批,物理类,,,352,101685,
4341,张家界航空工业职业技术学院,2023,重庆,专科批,物理类,,,344,101381,
4342,湖南工程职业技术学院,2023,重庆,专科批,物理类,,,332,99772,
4343,长沙环境保护职业技术学院,2023,重庆,专科批,物理类,,,372,100745,
4348,怀化职业技术学院,2023,重庆,专科批,物理类,,,350,105938,
4351,湖南民族职业学院,2023,重庆,专科批,物理类,,,340,88242,
4355,常德职业技术学院,2023,重庆,专科批,物理类,,,366,93273,
4360,湖南石油化工职业技术学院,2023,重庆,专科批,物理类,,,371,101069,
4363,湖南科技职业学院,2023,重庆,专科批,物理类,,,406,87297,
4364,岳阳职业技术学院,2023,重庆,专科批,物理类,,,373,93273,
4372,湖南大众传媒职业技术学院,2023,重庆,专科批,物理类,,,373,95618,
4373,湖南交通职业技术学院,2023,重庆,专科批,物理类,,,376,99430,
4377,湖南环境生物职业技术学院,2023,重庆,专科批,物理类,,,380,91650,
4378,湖南城建职业技术学院,2023,重庆,专科批,物理类,,,375,99772,
4380,湘西民族职业技术学院,2023,重庆,专科批,物理类,,,353,90380,
4383,湖南高速铁路职业技术学院,2023,重庆,专科批,物理类,,,397,85033,
4389,湖南司法警官职业学院,2023,重庆,专科批,物理类,,,373,95232,
4390,长沙商贸旅游职业技术学院,2023,重庆,专科批,物理类,,,351,106998,
4393,湖南外国语职业学院,2023,重庆,专科批,物理类,,,253,114151,
4397,湖南安全技术职业学院,2023,重庆,专科批,物理类,,,356,105648,
4419,广东南华工商职业学院,2023,重庆,专科批,物理类,,,408,86394,
4421,广州民航职业技术学院,2023,重庆,专科批,物理类,,,377,77906,
4428,广东亚视演艺职业学院,2023,重庆,专科批,物理类,,,249,118859,
4437,广东工贸职业技术学院,2023,重庆,专科批,物理类,,,397,89972,
4453,茂名职业技术学院,2023,重庆,专科批,物理类,,,329,112105,
4458,深圳职业技术大学,2023,重庆,专科批,物理类,,,411,69810,
4478,顺德职业技术大学,2023,重庆,专科批,物理类,,,369,85033,
4480,中山职业技术学院,2023,重庆,专科批,物理类,,,354,105360,
4481,广东文理职业学院,2023,重庆,专科批,物理类,,,314,112105,
4483,广东科学技术职业学院,2023,重庆,专科批,物理类,,,395,85033,
4496,广东酒店管理职业技术学院,2023,重庆,专科批,物理类,,,233,116114,
4498,广州卫生职业技术学院,2023,重庆,专科批,物理类,,,338,67750,
4503,桂林理工大学,2023,重庆,专科批,物理类,,,408,79327,
4513,桂林旅游学院,2023,重庆,专科批,物理类,,,401,86394,
4523,广西工业职业技术学院,2023,重庆,专科批,物理类,,,350,103018,
4540,广西国际商务职业技术学院,2023,重庆,专科批,物理类,,,312,109217,
4546,桂林山水职业学院,2023,重庆,专科批,物理类,,,269,119208,
4551,柳州城市职业学院,2023,重庆,专科批,物理类,,,366,98741,
4553,广西电力职业技术学院,2023,重庆,专科批,物理类,,,408,86394,
4557,梧州职业学院,2023,重庆,专科批,物理类,,,366,100745,
4558,广西机电职业技术学院,2023,重庆,专科批,物理类,,,346,102696,
4560,广西卫生职业技术学院,2023,重庆,专科批,物理类,,,377,95618,
4564,广西幼儿师范高等专科学校,2023,重庆,专科批,物理类,,,343,90380,
4567,广西经济职业学院,2023,重庆,专科批,物理类,,,255,119857,
4571,广西理工职业技术学院,2023,重庆,专科批,物理类,,,271,119065,
4572,广西科技职业学院,2023,重庆,专科批,物理类,,,187,113807,
4575,广西自然资源职业技术学院,2023,重庆,专科批,物理类,,,313,107262,
4576,钦州幼儿师范高等专科学校,2023,重庆,专科批,物理类,,,346,108285,
4579,梧州医学高等专科学校,2023,重庆,专科批,物理类,,,327,105360,
4580,桂林生命与健康职业技术学院,2023,重庆,专科批,物理类,,,238,114453,
4603,海南热带海洋学院,2023,重庆,专科批,物理类,,,362,90380,
4605,海南职业技术学院,2023,重庆,专科批,物理类,,,353,102696,
4606,海口经济学院,2023,重庆,专科批,物理类,,,193,116224,
4607,三亚城市职业学院,2023,重庆,专科批,物理类,,,296,110843,
4608,海南软件职业技术学院,2023,重庆,专科批,物理类,,,352,98371,
4609,海南工商职业学院,2023,重庆,专科批,物理类,,,291,107262,
4610,海南政法职业学院,2023,重庆,专科批,物理类,,,371,79800,
4611,海南经贸职业技术学院,2023,重庆,专科批,物理类,,,359,89972,
4613,海南外国语职业学院,2023,重庆,专科批,物理类,,,331,94426,
4616,三亚航空旅游职业学院,2023,重庆,专科批,物理类,,,235,103018,
4617,三亚理工职业学院,2023,重庆,专科批,物理类,,,253,114151,
4626,三亚中瑞酒店管理职业学院,2023,重庆,专科批,物理类,,,263,119510,
4627,海南健康管理职业技术学院,2023,重庆,专科批,物理类,,,253,115031,
4628,海南卫生健康职业学院,2023,重庆,专科批,物理类,,,379,96056,
5030,重庆电力高等专科学校,2023,重庆,专科批,物理类,,,380,70847,
5031,重庆航天职业技术学院,2023,重庆,专科批,物理类,,,358,87297,
5032,重庆工业职业技术大学,2023,重庆,专科批,物理类,,,378,85491,
5033,重庆工程职业技术学院,2023,重庆,专科批,物理类,,,342,86857,
5034,重庆城市管理职业学院,2023,重庆,专科批,物理类,,,389,78394,
5036,重庆电子科技职业大学,2023,重庆,专科批,物理类,,,367,83657,
5037,重庆信息技术职业学院,2023,重庆,专科批,物理类,,,269,102696,
5038,重庆海联职业技术学院,2023,重庆,专科批,物理类,,,225,108505,
5039,重庆传媒职业学院,2023,重庆,专科批,物理类,,,278,107767,
5040,重庆工商职业学院,2023,重庆,专科批,物理类,,,357,86394,
5041,重庆建筑科技职业学院,2023,重庆,专科批,物理类,,,311,101381,
5042,重庆三峡职业学院,2023,重庆,专科批,物理类,,,355,86857,
5043,重庆工贸职业技术学院,2023,重庆,专科批,物理类,,,362,88242,
5046,重庆财经职业学院,2023,重庆,专科批,物理类,,,361,94426,
5047,重庆水利电力职业技术学院,2023,重庆,专科批,物理类,,,365,85934,
5050,重庆机电职业技术大学,2023,重庆,专科批,物理类,,,356,96056,
5054,重庆城市职业学院,2023,重庆,专科批,物理类,,,365,93658,
5056,重庆应用技术职业学院,2023,重庆,专科批,物理类,,,258,109686,
5058,重庆电讯职业学院,2023,重庆,专科批,物理类,,,261,113969,
5059,重庆三峡医药高等专科学校,2023,重庆,专科批,物理类,,,351,80262,
5060,重庆医药高等专科学校,2023,重庆,专科批,物理类,,,347,67750,
5061,重庆化工职业学院,2023,重庆,专科批,物理类,,,353,98371,
5062,重庆青年职业技术学院,2023,重庆,专科批,物理类,,,335,94426,
5064,重庆科创职业学院,2023,重庆,专科批,物理类,,,318,103018,
5065,重庆建筑工程职业学院,2023,重庆,专科批,物理类,,,361,82685,
5066,重庆能源职业学院,2023,重庆,专科批,物理类,,,295,108505,
5067,重庆商务职业学院,2023,重庆,专科批,物理类,,,355,94004,
5069,重庆交通职业学院,2023,重庆,专科批,物理类,,,315,104518,
5071,重庆旅游职业学院,2023,重庆,专科批,物理类,,,359,96056,
5077,重庆五一职业技术学院,2023,重庆,专科批,物理类,,,344,105360,
5078,重庆电信职业学院,2023,重庆,专科批,物理类,,,279,107767,
5079,重庆公共运输职业学院,2023,重庆,专科批,物理类,,,307,107510,
5080,重庆艺术工程职业学院,2023,重庆,专科批,物理类,,,227,111065,
5081,重庆轻工职业学院,2023,重庆,专科批,物理类,,,252,108285,
5082,重庆安全技术职业学院,2023,重庆,专科批,物理类,,,356,98741,
5083,重庆经贸职业学院,2023,重庆,专科批,物理类,,,264,104518,
5084,重庆文化艺术职业学院,2023,重庆,专科批,物理类,,,350,96056,
5085,重庆科技职业学院,2023,重庆,专科批,物理类,,,249,108029,
5086,重庆理工职业学院,2023,重庆,专科批,物理类,,,307,99098,
5087,重庆幼儿师范高等专科学校,2023,重庆,专科批,物理类,,,332,80737,
5088,重庆智能工程职业学院,2023,重庆,专科批,物理类,,,286,108505,
5089,重庆健康职业学院,2023,重庆,专科批,物理类,,,250,115190,
5090,重庆工信职业学院,2023,重庆,专科批,物理类,,,345,100421,
5093,重庆护理职业学院,2023,重庆,专科批,物理类,,,316,104226,
5099,重庆资源与环境保护职业学院,2023,重庆,专科批,物理类,,,241,109217,
5111,中国民用航空飞行学院,2023,重庆,专科批,物理类,,,438,71858,
5130,成都理工大学工程技术学院,2023,重庆,专科批,物理类,,,400,86394,
5132,成都银杏酒店管理学院,2023,重庆,专科批,物理类,,,288,111894,
5135,成都外国语学院,2023,重庆,专科批,物理类,,,362,79327,
5136,电子科技大学成都学院,2023,重庆,专科批,物理类,,,347,94426,
5140,成都纺织高等专科学校,2023,重庆,专科批,物理类,,,318,86394,
5141,民办四川天一学院,2023,重庆,专科批,物理类,,,230,112105,
5142,成都航空职业技术大学,2023,重庆,专科批,物理类,,,410,79327,
5143,四川交通职业技术学院,2023,重庆,专科批,物理类,,,371,69312,
5144,达州职业技术学院,2023,重庆,专科批,物理类,,,371,94843,
5145,四川机电职业技术学院,2023,重庆,专科批,物理类,,,395,92056,
5146,四川工程职业技术大学,2023,重庆,专科批,物理类,,,388,67233,
5147,四川电力职业技术学院,2023,重庆,专科批,物理类,,,403,78867,
5148,绵阳职业技术学院,2023,重庆,专科批,物理类,,,387,95232,
5149,四川工商职业技术学院,2023,重庆,专科批,物理类,,,360,99098,
5150,四川建筑职业技术学院,2023,重庆,专科批,物理类,,,372,97648,
5152,四川国际标榜职业学院,2023,重庆,专科批,物理类,,,310,111685,
5153,成都农业科技职业学院,2023,重庆,专科批,物理类,,,378,76886,
5154,宜宾职业技术学院,2023,重庆,专科批,物理类,,,375,94426,
5156,四川托普信息技术职业学院,2023,重庆,专科批,物理类,,,269,109217,
5157,四川职业技术学院,2023,重庆,专科批,物理类,,,360,99098,
5159,泸州职业技术学院,2023,重庆,专科批,物理类,,,342,102030,
5160,乐山职业技术学院,2023,重庆,专科批,物理类,,,388,94843,
5161,成都职业技术学院,2023,重庆,专科批,物理类,,,404,86394,
5162,南充职业技术学院,2023,重庆,专科批,物理类,,,357,88707,
5163,四川水利职业技术学院,2023,重庆,专科批,物理类,,,369,83187,
5164,四川化工职业技术学院,2023,重庆,专科批,物理类,,,385,96056,
5165,四川航天职业技术学院,2023,重庆,专科批,物理类,,,373,95232,
5168,四川司法警官职业学院,2023,重庆,专科批,物理类,,,357,96474,
5173,雅安职业技术学院,2023,重庆,专科批,物理类,,,376,94004,
5177,内江职业技术学院,2023,重庆,专科批,物理类,,,363,103635,
5178,四川现代职业学院,2023,重庆,专科批,物理类,,,247,114739,
5180,成都大学,2023,重庆,专科批,物理类,,,401,89534,
5181,四川工业科技学院,2023,重庆,专科批,物理类,,,317,101685,
5183,广安职业技术学院,2023,重庆,专科批,物理类,,,327,89534,
5184,成都锦城学院,2023,重庆,专科批,物理类,,,390,86394,
5185,四川铁道职业学院,2023,重庆,专科批,物理类,,,375,84104,
5187,四川文化传媒职业学院,2023,重庆,专科批,物理类,,,223,111290,
5188,四川华新现代职业学院,2023,重庆,专科批,物理类,,,253,108029,
5189,四川中医药高等专科学校,2023,重庆,专科批,物理类,,,418,70847,
5190,西南财经大学天府学院,2023,重庆,专科批,物理类,,,341,101381,
5191,四川大学锦江学院,2023,重庆,专科批,物理类,,,347,95618,
5192,四川文化艺术学院,2023,重庆,专科批,物理类,,,347,100421,
5193,四川科技职业学院,2023,重庆,专科批,物理类,,,312,110408,
5194,四川文化产业职业学院,2023,重庆,专科批,物理类,,,356,105648,
5196,四川财经职业学院,2023,重庆,专科批,物理类,,,266,93658,
5197,四川长江职业学院,2023,重庆,专科批,物理类,,,260,114453,
5198,四川城市职业学院,2023,重庆,专科批,物理类,,,288,111290,
5217,黔南民族医学高等专科学校,2023,重庆,专科批,物理类,,,309,98024,
5218,贵州航天职业技术学院,2023,重庆,专科批,物理类,,,337,106998,
5221,安顺职业技术学院,2023,重庆,专科批,物理类,,,378,94426,
5222,黔东南民族职业技术学院,2023,重庆,专科批,物理类,,,347,85934,
5223,遵义职业技术学院,2023,重庆,专科批,物理类,,,355,96852,
5225,铜仁职业技术大学,2023,重庆,专科批,物理类,,,351,88707,
5226,黔南民族职业技术学院,2023,重庆,专科批,物理类,,,358,105062,
5228,贵州电子信息职业技术学院,2023,重庆,专科批,物理类,,,350,85934,
5233,六盘水职业技术学院,2023,重庆,专科批,物理类,,,358,98024,
5235,贵州轻工职业大学,2023,重庆,专科批,物理类,,,357,103018,
5242,贵阳职业技术学院,2023,重庆,专科批,物理类,,,355,88707,
5243,贵州城市职业学院,2023,重庆,专科批,物理类,,,253,119314,
5245,遵义医药高等专科学校,2023,重庆,专科批,物理类,,,384,78394,
5246,毕节职业技术学院,2023,重庆,专科批,物理类,,,356,98371,
5247,贵州经贸职业技术学院,2023,重庆,专科批,物理类,,,342,108736,
5248,贵州工商职业学院,2023,重庆,专科批,物理类,,,255,119742,
5251,贵州机电职业技术学院,2023,重庆,专科批,物理类,,,351,103321,
5252,贵州航空职业技术学院,2023,重庆,专科批,物理类,,,343,105360,
5256,贵阳幼儿师范高等专科学校,2023,重庆,专科批,物理类,,,351,74845,
5258,铜仁幼儿师范高等专科学校,2023,重庆,专科批,物理类,,,351,91266,
5259,毕节医学高等专科学校,2023,重庆,专科批,物理类,,,398,69312,
5261,贵州农业职业学院,2023,重庆,专科批,物理类,,,360,93273,
5262,贵州工程职业学院,2023,重庆,专科批,物理类,,,308,101685,
5265,黔西南民族职业技术学院,2023,重庆,专科批,物理类,,,376,95232,
5266,黔南民族幼儿师范高等专科学校,2023,重庆,专科批,物理类,,,361,104226,
5267,贵州工贸职业学院,2023,重庆,专科批,物理类,,,303,111065,
5269,贵州健康职业学院,2023,重庆,专科批,物理类,,,382,97226,
5273,贵州盛华职业学院,2023,重庆,专科批,物理类,,,324,108991,
5274,毕节幼儿师范高等专科学校,2023,重庆,专科批,物理类,,,363,87775,
5276,六盘水幼儿师范高等专科学校,2023,重庆,专科批,物理类,,,310,115190,
5279,贵州护理职业技术学院,2023,重庆,专科批,物理类,,,386,95618,
5280,贵州财经职业学院,2023,重庆,专科批,物理类,,,353,93273,
5314,丽江文化旅游学院,2023,重庆,专科批,物理类,,,295,115031,
5320,昆明冶金高等专科学校,2023,重庆,专科批,物理类,,,364,95232,
5321,云南国土资源职业学院,2023,重庆,专科批,物理类,,,348,107767,
5324,云南农业职业技术学院,2023,重庆,专科批,物理类,,,350,105648,
5325,云南司法警官职业学院,2023,重庆,专科批,物理类,,,368,92056,
5326,云南经济管理学院,2023,重庆,专科批,物理类,,,345,89972,
5329,云南新兴职业学院,2023,重庆,专科批,物理类,,,314,108029,
5331,云南机电职业技术学院,2023,重庆,专科批,物理类,,,365,103018,
5333,云南交通职业技术学院,2023,重庆,专科批,物理类,,,360,100745,
5338,西双版纳职业技术学院,2023,重庆,专科批,物理类,,,328,95618,
5345,云南林业职业技术学院,2023,重庆,专科批,物理类,,,341,71379,
5346,楚雄医药高等专科学校,2023,重庆,专科批,物理类,,,388,94843,
5347,曲靖健康医学院,2023,重庆,专科批,物理类,,,372,92056,
5350,云南经贸外事职业学院,2023,重庆,专科批,物理类,,,224,119314,
5353,云南城市建设职业学院,2023,重庆,专科批,物理类,,,207,103018,
5362,大理护理职业学院,2023,重庆,专科批,物理类,,,375,99772,
5365,云南交通运输职业学院,2023,重庆,专科批,物理类,,,318,102696,
5373,保山中医药高等专科学校,2023,重庆,专科批,物理类,,,350,92467,
5375,德宏职业学院,2023,重庆,专科批,物理类,,,377,85491,
5381,昆明卫生职业学院,2023,重庆,专科批,物理类,,,366,91650,
5382,云南财经职业学院,2023,重庆,专科批,物理类,,,360,104518,
5384,昆明铁道职业技术学院,2023,重庆,专科批,物理类,,,313,94843,
5390,云南医药健康职业学院,2023,重庆,专科批,物理类,,,340,96474,
5392,云南商务职业学院,2023,重庆,专科批,物理类,,,240,117433,
5394,云南理工职业学院,2023,重庆,专科批,物理类,,,250,108991,
5406,西藏职业技术学院,2023,重庆,专科批,物理类,,,323,109463,
6138,陕西交通职业技术学院,2023,重庆,专科批,物理类,,,366,66202,
6140,西安航空职业技术学院,2023,重庆,专科批,物理类,,,366,88242,
6142,西安思源学院,2023,重庆,专科批,物理类,,,347,96852,
6145,陕西航空职业技术学院,2023,重庆,专科批,物理类,,,360,92056,
6147,陕西铁路工程职业技术学院,2023,重庆,专科批,物理类,,,386,85033,
6148,陕西警察学院,2023,重庆,专科批,物理类,,,440,70847,
6150,西安海棠职业学院,2023,重庆,专科批,物理类,,,331,106732,
6151,西安汽车职业大学,2023,重庆,专科批,物理类,,,240,112997,
6158,西安工商学院,2023,重庆,专科批,物理类,,,341,109463,
6160,西安城市建设职业学院,2023,重庆,专科批,物理类,,,226,113476,
6166,西安明德理工学院,2023,重庆,专科批,物理类,,,329,102363,
6167,西安铁路职业技术学院,2023,重庆,专科批,物理类,,,382,95618,
6168,商洛职业技术学院,2023,重庆,专科批,物理类,,,374,100105,
6169,渭南职业技术学院,2023,重庆,专科批,物理类,,,376,96056,
6170,安康职业技术学院,2023,重庆,专科批,物理类,,,383,95618,
6171,西安职业技术学院,2023,重庆,专科批,物理类,,,356,105648,
6179,陕西能源职业技术学院,2023,重庆,专科批,物理类,,,354,86394,
6181,陕西财经职业技术学院,2023,重庆,专科批,物理类,,,399,90380,
6182,西安信息职业大学,2023,重庆,专科批,物理类,,,268,97648,
6183,西安医学高等专科学校,2023,重庆,专科批,物理类,,,349,74375,
6186,宝鸡职业技术学院,2023,重庆,专科批,物理类,,,381,85934,
6187,延安职业技术学院,2023,重庆,专科批,物理类,,,340,92861,
6188,陕西邮电职业技术学院,2023,重庆,专科批,物理类,,,335,92056,
6189,咸阳职业技术学院,2023,重庆,专科批,物理类,,,360,98024,
6190,铜川职业技术学院,2023,重庆,专科批,物理类,,,339,109912,
6191,陕西旅游烹饪职业学院,2023,重庆,专科批,物理类,,,295,117051,
6196,汉中职业技术学院,2023,重庆,专科批,物理类,,,343,84552,
6199,榆林能源科技职业学院,2023,重庆,专科批,物理类,,,328,105938,
6211,兰州资源环境职业技术大学,2023,重庆,专科批,物理类,,,397,91266,
6231,甘肃交通职业技术学院,2023,重庆,专科批,物理类,,,347,108029,
6253,兰州石化职业技术大学,2023,重庆,专科批,物理类,,,386,89972,
6307,青海农牧科技职业学院,2023,重庆,专科批,物理类,,,391,93658,
6308,青海卫生职业技术学院,2023,重庆,专科批,物理类,,,358,85934,
6512,新疆工程学院,2023,重庆,专科批,物理类,,,391,92056,
6513,乌鲁木齐职业大学,2023,重庆,专科批,物理类,,,332,93273,
6516,新疆轻工职业技术学院,2023,重庆,专科批,物理类,,,305,104773,
6517,克拉玛依职业技术学院,2023,重庆,专科批,物理类,,,305,115836,
6528,伊犁职业技术学院,2023,重庆,专科批,物理类,,,321,98371,
6530,新疆石河子职业技术学院,2023,重庆,专科批,物理类,,,311,105648,
6533,巴音郭楞职业技术学院,2023,重庆,专科批,物理类,,,284,103321,
6536,新疆警察学院,2023,重庆,专科批,物理类,,,373,100421,
6540,新疆生产建设兵团兴新职业技术学院,2023,重庆,专科批,物理类,,,326,88707,
6545,阿克苏职业技术学院,2023,重庆,专科批,物理类,,,304,101069,
6546,吐鲁番职业技术学院,2023,重庆,专科批,物理类,,,342,109217,
6547,新疆工业职业技术学院,2023,重庆,专科批,物理类,,,326,111685,
6548,博尔塔拉职业技术学院,2023,重庆,专科批,物理类,,,319,101069,
6550,铁门关职业技术学院,2023,重庆,专科批,物理类,,,319,111290,
6552,喀什职业技术学院,2023,重庆,专科批,物理类,,,233,98741,
6557,塔里木职业技术学院,2023,重庆,专科批,物理类,,,317,108505,
,三峡旅游职业技术学院,2023,重庆,专科批,物理类,,,339,102363,
1101,北京大学,2023,重庆,本科批,物理类,,,689,145,
1102,北京大学医学部,2023,重庆,本科批,物理类,,,667,362,
1103,中国人民大学,2023,重庆,本科批,物理类,,,663,235,
1104,清华大学,2023,重庆,本科批,物理类,,,689,145,
1106,北京航空航天大学,2023,重庆,本科批,物理类,,,633,284,
1107,北京理工大学,2023,重庆,本科批,物理类,,,596,419,
1108,北京科技大学,2023,重庆,本科批,物理类,,,593,3266,
1109,北方工业大学,2023,重庆,本科批,物理类,,,462,9972,
1110,北京化工大学,2023,重庆,本科批,物理类,,,537,8793,
1112,北京邮电大学,2023,重庆,本科批,物理类,,,577,998,
1113,北京印刷学院,2023,重庆,本科批,物理类,,,494,27447,
1114,北京石油化工学院,2023,重庆,本科批,物理类,,,501,40207,
1116,中国农业大学,2023,重庆,本科批,物理类,,,562,3396,
1117,北京林业大学,2023,重庆,本科批,物理类,,,517,8175,
1118,北京中医药大学,2023,重庆,本科批,物理类,,,557,13261,
1120,首都师范大学,2023,重庆,本科批,物理类,,,569,8793,
1121,首都体育学院,2023,重庆,本科批,物理类,,,511,35580,
1122,北京外国语大学,2023,重庆,本科批,物理类,,,596,3142,
1123,北京第二外国语学院,2023,重庆,本科批,物理类,,,534,16142,
1124,北京语言大学,2023,重庆,本科批,物理类,,,556,9512,
1125,中国传媒大学,2023,重庆,本科批,物理类,,,563,3396,
1126,中央财经大学,2023,重庆,本科批,物理类,,,598,1343,
1127,对外经济贸易大学,2023,重庆,本科批,物理类,,,596,2711,
1128,北京物资学院,2023,重庆,本科批,物理类,,,457,18037,
1130,中国人民公安大学,2023,重庆,本科批,物理类,,,584,10187,
1132,北京体育大学,2023,重庆,本科批,物理类,,,470,13261,
1140,中央民族大学,2023,重庆,本科批,物理类,,,556,6997,
1141,中国政法大学,2023,重庆,本科批,物理类,,,609,1343,
1142,华北电力大学（北京）,2023,重庆,本科批,物理类,,,575,3142,
1143,北京信息科技大学,2023,重庆,本科批,物理类,,,552,11199,
1145,中国矿业大学（北京）,2023,重庆,本科批,物理类,,,551,7761,
1146,中国石油大学（北京）,2023,重庆,本科批,物理类,,,564,8574,
1147,中国地质大学（北京）,2023,重庆,本科批,物理类,,,561,5740,
1148,北京联合大学,2023,重庆,本科批,物理类,,,471,23650,
1149,北京城市学院,2023,重庆,本科批,物理类,,,447,67233,
1151,首都经济贸易大学,2023,重庆,本科批,物理类,,,530,10187,
1152,北京工商大学,2023,重庆,本科批,物理类,,,532,18673,
1153,中华女子学院,2023,重庆,本科批,物理类,,,477,32434,
1168,中国劳动关系学院,2023,重庆,本科批,物理类,,,473,29103,
1173,北京农学院,2023,重庆,本科批,物理类,,,495,30304,
1186,北京工业大学,2023,重庆,本科批,物理类,,,556,10917,
1190,北京协和医学院,2023,重庆,本科批,物理类,,,578,11724,
1198,北京建筑大学,2023,重庆,本科批,物理类,,,490,45449,
1201,南开大学,2023,重庆,本科批,物理类,,,642,958,
1202,天津大学,2023,重庆,本科批,物理类,,,622,1776,
1203,天津科技大学,2023,重庆,本科批,物理类,,,509,20383,
1204,天津工业大学,2023,重庆,本科批,物理类,,,540,10917,
1205,中国民航大学,2023,重庆,本科批,物理类,,,520,11445,
1206,天津理工大学,2023,重庆,本科批,物理类,,,498,15216,
1207,天津农学院,2023,重庆,本科批,物理类,,,460,50863,
1208,天津中医药大学,2023,重庆,本科批,物理类,,,506,37825,
1209,天津外国语大学,2023,重庆,本科批,物理类,,,444,23274,
1210,天津商业大学,2023,重庆,本科批,物理类,,,467,35119,
1211,天津财经大学,2023,重庆,本科批,物理类,,,468,16442,
1212,天津体育学院,2023,重庆,本科批,物理类,,,463,40207,
1215,河北工业大学,2023,重庆,本科批,物理类,,,508,8175,
1216,天津城建大学,2023,重庆,本科批,物理类,,,417,40207,
1217,天津中德应用技术大学,2023,重庆,本科批,物理类,,,473,53840,
1218,天津医科大学,2023,重庆,本科批,物理类,,,577,11983,
1219,北京科技大学天津学院,2023,重庆,本科批,物理类,,,444,64684,
1220,天津商业大学宝德学院,2023,重庆,本科批,物理类,,,436,65191,
1221,天津医科大学临床医学院,2023,重庆,本科批,物理类,,,454,55933,
1236,天津师范大学,2023,重庆,本科批,物理类,,,449,16747,
1239,天津外国语大学滨海外事学院,2023,重庆,本科批,物理类,,,421,62167,
1246,天津理工大学中环信息学院,2023,重庆,本科批,物理类,,,443,58535,
1250,天津仁爱学院,2023,重庆,本科批,物理类,,,414,66202,
1251,天津职业技术师范大学,2023,重庆,本科批,物理类,,,462,37366,
1252,天津财经大学珠江学院,2023,重庆,本科批,物理类,,,410,65687,
1301,河北工程大学,2023,重庆,本科批,物理类,,,474,29897,
1302,河北地质大学,2023,重庆,本科批,物理类,,,473,39688,
1303,华北电力大学（保定）,2023,重庆,本科批,物理类,,,559,4622,
1304,华北理工大学,2023,重庆,本科批,物理类,,,484,26287,
1305,河北师范大学,2023,重庆,本科批,物理类,,,530,25529,
1306,邯郸学院,2023,重庆,本科批,物理类,,,469,51853,
1307,邢台学院,2023,重庆,本科批,物理类,,,458,46426,
1308,石家庄铁道大学,2023,重庆,本科批,物理类,,,454,28266,
1309,燕山大学,2023,重庆,本科批,物理类,,,469,14664,
1310,华北科技学院,2023,重庆,本科批,物理类,,,455,39250,
1311,中国人民警察大学,2023,重庆,本科批,物理类,,,524,19711,
1312,北华航天工业学院,2023,重庆,本科批,物理类,,,464,28698,
1314,东北大学秦皇岛分校,2023,重庆,本科批,物理类,,,563,6241,
1315,华北理工大学轻工学院,2023,重庆,本科批,物理类,,,412,75863,
1316,河北工程大学科信学院,2023,重庆,本科批,物理类,,,445,60611,
1318,河北金融学院,2023,重庆,本科批,物理类,,,435,60060,
1319,防灾科技学院,2023,重庆,本科批,物理类,,,472,37366,
1339,河北外国语学院,2023,重庆,本科批,物理类,,,430,67750,
1342,河北环境工程学院,2023,重庆,本科批,物理类,,,452,60060,
1343,保定学院,2023,重庆,本科批,物理类,,,471,39250,
1344,河北北方学院,2023,重庆,本科批,物理类,,,500,40696,
1353,河北农业大学,2023,重庆,本科批,物理类,,,479,50863,
1356,河北建筑工程学院,2023,重庆,本科批,物理类,,,466,46881,
1358,河北医科大学,2023,重庆,本科批,物理类,,,517,32881,
1359,河北医科大学临床学院,2023,重庆,本科批,物理类,,,507,31143,
1361,衡水学院,2023,重庆,本科批,物理类,,,459,59594,
1366,石家庄铁道大学四方学院,2023,重庆,本科批,物理类,,,446,62682,
1367,华北理工大学冀唐学院,2023,重庆,本科批,物理类,,,508,34631,
1369,河北大学,2023,重庆,本科批,物理类,,,472,24024,
1370,河北科技大学,2023,重庆,本科批,物理类,,,485,35119,
1372,廊坊师范学院,2023,重庆,本科批,物理类,,,454,53840,
1373,河北工程技术学院,2023,重庆,本科批,物理类,,,411,75372,
1378,河北地质大学华信学院,2023,重庆,本科批,物理类,,,419,67233,
1381,唐山师范学院,2023,重庆,本科批,物理类,,,463,57006,
1385,保定理工学院,2023,重庆,本科批,物理类,,,411,67233,
1386,河北经贸大学,2023,重庆,本科批,物理类,,,464,31976,
1388,唐山学院,2023,重庆,本科批,物理类,,,470,54879,
1390,河北东方学院,2023,重庆,本科批,物理类,,,439,61147,
1391,承德医学院,2023,重庆,本科批,物理类,,,504,38768,
1395,河北中医药大学,2023,重庆,本科批,物理类,,,525,27447,
1396,张家口学院,2023,重庆,本科批,物理类,,,450,53840,
1399,沧州师范学院,2023,重庆,本科批,物理类,,,462,54879,
1401,太原科技大学,2023,重庆,本科批,物理类,,,475,29103,
1402,中北大学,2023,重庆,本科批,物理类,,,449,21776,
1403,太原理工大学,2023,重庆,本科批,物理类,,,529,10917,
1404,山西农业大学,2023,重庆,本科批,物理类,,,478,34631,
1405,山西医科大学,2023,重庆,本科批,物理类,,,512,32434,
1406,山西大同大学,2023,重庆,本科批,物理类,,,470,55409,
1407,忻州师范学院,2023,重庆,本科批,物理类,,,465,33296,
1408,山西财经大学,2023,重庆,本科批,物理类,,,476,25124,
1423,山西工学院,2023,重庆,本科批,物理类,,,460,43091,
1425,山西大学,2023,重庆,本科批,物理类,,,525,12238,
1428,太原学院,2023,重庆,本科批,物理类,,,446,50863,
1430,山西晋中理工学院,2023,重庆,本科批,物理类,,,430,75863,
1433,山西师范大学,2023,重庆,本科批,物理类,,,479,28698,
1434,太原师范学院,2023,重庆,本科批,物理类,,,485,46426,
1439,长治医学院,2023,重庆,本科批,物理类,,,462,42640,
1445,晋中学院,2023,重庆,本科批,物理类,,,462,51853,
1446,太原工业学院,2023,重庆,本科批,物理类,,,455,52878,
1448,吕梁学院,2023,重庆,本科批,物理类,,,453,57006,
1449,山西中医药大学,2023,重庆,本科批,物理类,,,488,24750,
1450,山西传媒学院,2023,重庆,本科批,物理类,,,447,62682,
1452,运城职业技术大学,2023,重庆,本科批,物理类,,,423,64684,
1453,晋中信息学院,2023,重庆,本科批,物理类,,,444,63674,
1465,山西工程技术学院,2023,重庆,本科批,物理类,,,452,50863,
1501,内蒙古大学,2023,重庆,本科批,物理类,,,523,14943,
1502,内蒙古科技大学,2023,重庆,本科批,物理类,,,455,33296,
1505,内蒙古工业大学,2023,重庆,本科批,物理类,,,459,41691,
1508,内蒙古农业大学,2023,重庆,本科批,物理类,,,461,38333,
1509,内蒙古师范大学,2023,重庆,本科批,物理类,,,476,52357,
1510,呼伦贝尔学院,2023,重庆,本科批,物理类,,,453,64187,
1513,内蒙古民族大学,2023,重庆,本科批,物理类,,,456,39688,
1514,内蒙古财经大学,2023,重庆,本科批,物理类,,,463,59053,
1515,内蒙古医科大学,2023,重庆,本科批,物理类,,,507,22148,
2101,大连理工大学,2023,重庆,本科批,物理类,,,592,2533,
2102,沈阳工业大学,2023,重庆,本科批,物理类,,,449,21776,
2104,沈阳理工大学,2023,重庆,本科批,物理类,,,441,24750,
2105,东北大学,2023,重庆,本科批,物理类,,,578,3673,
2106,辽宁科技大学,2023,重庆,本科批,物理类,,,447,37825,
2107,辽宁工程技术大学,2023,重庆,本科批,物理类,,,468,29493,
2108,辽宁石油化工大学,2023,重庆,本科批,物理类,,,477,36919,
2109,沈阳化工大学,2023,重庆,本科批,物理类,,,485,29103,
2110,大连交通大学,2023,重庆,本科批,物理类,,,485,29103,
2111,大连海事大学,2023,重庆,本科批,物理类,,,516,10917,
2112,大连工业大学,2023,重庆,本科批,物理类,,,462,59594,
2113,沈阳建筑大学,2023,重庆,本科批,物理类,,,456,25918,
2115,沈阳农业大学,2023,重庆,本科批,物理类,,,517,32881,
2116,中国医科大学,2023,重庆,本科批,物理类,,,504,1478,
2117,锦州医科大学,2023,重庆,本科批,物理类,,,507,37366,
2118,大连医科大学,2023,重庆,本科批,物理类,,,550,3539,
2119,沈阳药科大学,2023,重庆,本科批,物理类,,,471,30304,
2121,东北财经大学,2023,重庆,本科批,物理类,,,482,9265,
2125,大连民族大学,2023,重庆,本科批,物理类,,,473,44464,
2126,辽宁科技学院,2023,重庆,本科批,物理类,,,460,51380,
2128,辽宁中医药大学,2023,重庆,本科批,物理类,,,477,43561,
2129,渤海大学,2023,重庆,本科批,物理类,,,485,37366,
2130,沈阳工程学院,2023,重庆,本科批,物理类,,,516,16442,
2132,大连财经学院,2023,重庆,本科批,物理类,,,419,64187,
2143,大连东软信息学院,2023,重庆,本科批,物理类,,,422,73862,
2147,辽宁对外经贸学院,2023,重庆,本科批,物理类,,,408,72858,
2148,沈阳大学,2023,重庆,本科批,物理类,,,457,39688,
2150,辽宁理工学院,2023,重庆,本科批,物理类,,,412,84552,
2151,沈阳城市学院,2023,重庆,本科批,物理类,,,407,73362,
2153,辽宁大学,2023,重庆,本科批,物理类,,,565,12526,
2154,鞍山师范学院,2023,重庆,本科批,物理类,,,517,32881,
2159,沈阳工学院,2023,重庆,本科批,物理类,,,459,61147,
2160,沈阳城市建设学院,2023,重庆,本科批,物理类,,,415,79800,
2161,锦州医科大学医疗学院,2023,重庆,本科批,物理类,,,497,30719,
2166,大连大学,2023,重庆,本科批,物理类,,,478,31552,
2178,大连海洋大学,2023,重庆,本科批,物理类,,,480,35119,
2189,沈阳医学院,2023,重庆,本科批,物理类,,,501,36919,
2190,辽宁师范大学,2023,重庆,本科批,物理类,,,453,64187,
2194,大连医科大学中山学院,2023,重庆,本科批,物理类,,,437,62682,
2196,辽宁何氏医学院,2023,重庆,本科批,物理类,,,482,46881,
2201,吉林大学,2023,重庆,本科批,物理类,,,576,2609,
2202,延边大学,2023,重庆,本科批,物理类,,,516,17056,
2203,长春理工大学,2023,重庆,本科批,物理类,,,460,18673,
2204,东北电力大学,2023,重庆,本科批,物理类,,,507,9265,
2205,长春工业大学,2023,重庆,本科批,物理类,,,476,25529,
2206,吉林建筑大学,2023,重庆,本科批,物理类,,,470,44960,
2207,吉林农业大学,2023,重庆,本科批,物理类,,,481,41691,
2208,东北师范大学,2023,重庆,本科批,物理类,,,555,7570,
2209,通化师范学院,2023,重庆,本科批,物理类,,,464,48819,
2211,长春师范大学,2023,重庆,本科批,物理类,,,491,42640,
2212,白城师范学院,2023,重庆,本科批,物理类,,,455,57512,
2213,吉林财经大学,2023,重庆,本科批,物理类,,,447,42640,
2214,吉林农业科技学院,2023,重庆,本科批,物理类,,,452,56474,
2215,长春大学,2023,重庆,本科批,物理类,,,458,38333,
2216,长春工程学院,2023,重庆,本科批,物理类,,,451,36482,
2219,长春财经学院,2023,重庆,本科批,物理类,,,417,73362,
2221,长春建筑学院,2023,重庆,本科批,物理类,,,412,73862,
2233,吉林师范大学,2023,重庆,本科批,物理类,,,457,54879,
2235,长春工业大学人文信息学院,2023,重庆,本科批,物理类,,,413,67233,
2237,吉林师范大学博达学院,2023,重庆,本科批,物理类,,,414,67233,
2241,长春电子科技学院,2023,重庆,本科批,物理类,,,414,73862,
2242,长春中医药大学,2023,重庆,本科批,物理类,,,515,14943,
2243,北华大学,2023,重庆,本科批,物理类,,,472,33296,
2244,吉林外国语大学,2023,重庆,本科批,物理类,,,452,62682,
2246,吉林医药学院,2023,重庆,本科批,物理类,,,485,47855,
2247,吉林工商学院,2023,重庆,本科批,物理类,,,455,49850,
2250,长春科技学院,2023,重庆,本科批,物理类,,,431,49850,
2301,黑龙江大学,2023,重庆,本科批,物理类,,,521,30719,
2302,哈尔滨工业大学,2023,重庆,本科批,物理类,,,600,579,
2303,哈尔滨工程大学,2023,重庆,本科批,物理类,,,554,3786,
2304,黑龙江科技大学,2023,重庆,本科批,物理类,,,461,36919,
2305,东北石油大学,2023,重庆,本科批,物理类,,,454,10429,
2306,齐齐哈尔大学,2023,重庆,本科批,物理类,,,470,44960,
2307,东北农业大学,2023,重庆,本科批,物理类,,,531,13548,
2308,东北林业大学,2023,重庆,本科批,物理类,,,530,13831,
2309,哈尔滨医科大学,2023,重庆,本科批,物理类,,,525,29493,
2311,黑龙江中医药大学,2023,重庆,本科批,物理类,,,506,13831,
2312,哈尔滨师范大学,2023,重庆,本科批,物理类,,,436,34183,
2313,哈尔滨商业大学,2023,重庆,本科批,物理类,,,452,45449,
2314,佳木斯大学,2023,重庆,本科批,物理类,,,464,54392,
2315,哈尔滨理工大学,2023,重庆,本科批,物理类,,,443,17724,
2316,哈尔滨学院,2023,重庆,本科批,物理类,,,455,51380,
2317,黑龙江工程学院,2023,重庆,本科批,物理类,,,456,48349,
2324,齐齐哈尔工程学院,2023,重庆,本科批,物理类,,,424,68771,
2328,哈尔滨信息工程学院,2023,重庆,本科批,物理类,,,420,80737,
2340,牡丹江医科大学,2023,重庆,本科批,物理类,,,502,39688,
2350,绥化学院,2023,重庆,本科批,物理类,,,456,57006,
2352,齐齐哈尔医学院,2023,重庆,本科批,物理类,,,488,31976,
3101,复旦大学,2023,重庆,本科批,物理类,,,670,145,
3102,同济大学,2023,重庆,本科批,物理类,,,639,484,
3103,上海交通大学,2023,重庆,本科批,物理类,,,668,145,
3104,华东理工大学,2023,重庆,本科批,物理类,,,581,3539,
3105,上海理工大学,2023,重庆,本科批,物理类,,,451,12990,
3106,上海海事大学,2023,重庆,本科批,物理类,,,506,18673,
3107,东华大学,2023,重庆,本科批,物理类,,,573,6620,
3108,上海电力大学,2023,重庆,本科批,物理类,,,529,7956,
3110,华东师范大学,2023,重庆,本科批,物理类,,,627,1283,
3111,上海师范大学,2023,重庆,本科批,物理类,,,477,15216,
3112,上海外国语大学,2023,重庆,本科批,物理类,,,589,3786,
3113,上海财经大学,2023,重庆,本科批,物理类,,,624,513,
3114,上海对外经贸大学,2023,重庆,本科批,物理类,,,514,10917,
3115,华东政法大学,2023,重庆,本科批,物理类,,,546,3922,
3119,上海大学,2023,重庆,本科批,物理类,,,572,4456,
3120,上海健康医学院,2023,重庆,本科批,物理类,,,480,39250,
3121,上海海关学院,2023,重庆,本科批,物理类,,,549,20383,
3124,上海建桥学院,2023,重庆,本科批,物理类,,,418,66202,
3130,上海第二工业大学,2023,重庆,本科批,物理类,,,498,25529,
3132,上海海洋大学,2023,重庆,本科批,物理类,,,532,25918,
3133,上海商学院,2023,重庆,本科批,物理类,,,477,34631,
3139,上海工程技术大学,2023,重庆,本科批,物理类,,,494,23274,
3140,上海政法学院,2023,重庆,本科批,物理类,,,536,15520,
3141,上海视觉艺术学院,2023,重庆,本科批,物理类,,,449,66202,
3144,上海杉达学院,2023,重庆,本科批,物理类,,,437,72340,
3145,上海电机学院,2023,重庆,本科批,物理类,,,488,34631,
3147,上海立信会计金融学院,2023,重庆,本科批,物理类,,,480,22148,
3151,上海交通大学医学院,2023,重庆,本科批,物理类,,,671,145,
3159,上海应用技术大学,2023,重庆,本科批,物理类,,,489,29897,
3178,上海外国语大学贤达经济人文学院,2023,重庆,本科批,物理类,,,408,59594,
3179,复旦大学上海医学院,2023,重庆,本科批,物理类,,,678,145,
3201,南京大学,2023,重庆,本科批,物理类,,,641,395,
3202,苏州大学,2023,重庆,本科批,物理类,,,568,3786,
3203,东南大学,2023,重庆,本科批,物理类,,,628,958,
3204,南京航空航天大学,2023,重庆,本科批,物理类,,,576,3266,
3205,南京理工大学,2023,重庆,本科批,物理类,,,570,5388,
3206,江苏科技大学,2023,重庆,本科批,物理类,,,499,20383,
3207,中国矿业大学,2023,重庆,本科批,物理类,,,525,9265,
3208,南京工业大学,2023,重庆,本科批,物理类,,,516,16747,
3209,常州大学,2023,重庆,本科批,物理类,,,490,30304,
3210,南京邮电大学,2023,重庆,本科批,物理类,,,595,6806,
3211,河海大学,2023,重庆,本科批,物理类,,,570,4755,
3212,金陵科技学院,2023,重庆,本科批,物理类,,,482,34183,
3213,江南大学,2023,重庆,本科批,物理类,,,546,7376,
3214,南京林业大学,2023,重庆,本科批,物理类,,,533,16442,
3215,江苏大学,2023,重庆,本科批,物理类,,,529,7376,
3216,南京信息工程大学,2023,重庆,本科批,物理类,,,580,9972,
3217,南京农业大学,2023,重庆,本科批,物理类,,,553,9741,
3218,南京中医药大学,2023,重庆,本科批,物理类,,,504,19711,
3219,中国药科大学,2023,重庆,本科批,物理类,,,549,20383,
3222,南京财经大学,2023,重庆,本科批,物理类,,,509,18368,
3224,淮阴工学院,2023,重庆,本科批,物理类,,,456,52357,
3225,常州工学院,2023,重庆,本科批,物理类,,,464,44961,
3226,南京审计大学,2023,重庆,本科批,物理类,,,518,6997,
3227,江苏海洋大学,2023,重庆,本科批,物理类,,,467,36919,
3228,南京工程学院,2023,重庆,本科批,物理类,,,479,12990,
3229,苏州科技大学,2023,重庆,本科批,物理类,,,507,31552,
3230,陆军工程大学,2023,重庆,本科批,物理类,,,552,11445,
3231,南通大学,2023,重庆,本科批,物理类,,,528,22542,
3232,徐州工程学院,2023,重庆,本科批,物理类,,,466,55409,
3240,南京特殊教育师范学院,2023,重庆,本科批,物理类,,,474,38333,
3242,无锡太湖学院,2023,重庆,本科批,物理类,,,412,68771,
3244,东南大学成贤学院,2023,重庆,本科批,物理类,,,448,59053,
3245,南京工业职业技术大学,2023,重庆,本科批,物理类,,,472,48819,
3248,中国矿业大学徐海学院,2023,重庆,本科批,物理类,,,445,66202,
3249,南京师范大学,2023,重庆,本科批,物理类,,,561,9741,
3251,扬州大学,2023,重庆,本科批,物理类,,,513,11445,
3252,南京医科大学,2023,重庆,本科批,物理类,,,547,21046,
3257,无锡学院,2023,重庆,本科批,物理类,,,502,34183,
3258,南京邮电大学通达学院,2023,重庆,本科批,物理类,,,451,61147,
3259,南京审计大学金审学院,2023,重庆,本科批,物理类,,,446,58535,
3261,苏州工学院,2023,重庆,本科批,物理类,,,461,42153,
3264,盐城工学院,2023,重庆,本科批,物理类,,,469,52878,
3265,江苏理工学院,2023,重庆,本科批,物理类,,,502,39688,
3268,南京工业大学浦江学院,2023,重庆,本科批,物理类,,,444,62167,
3270,江苏大学京江学院,2023,重庆,本科批,物理类,,,448,59053,
3275,西交利物浦大学,2023,重庆,本科批,物理类,,,520,26664,
3282,南京航空航天大学金城学院,2023,重庆,本科批,物理类,,,445,64684,
3284,南京晓庄学院,2023,重庆,本科批,物理类,,,504,38768,
3297,三江学院,2023,重庆,本科批,物理类,,,440,69312,
3301,浙江大学,2023,重庆,本科批,物理类,,,669,145,
3302,杭州电子科技大学,2023,重庆,本科批,物理类,,,530,7570,
3303,浙江工业大学,2023,重庆,本科批,物理类,,,432,16442,
3304,浙江理工大学,2023,重庆,本科批,物理类,,,542,12526,
3305,浙江农林大学,2023,重庆,本科批,物理类,,,506,36007,
3306,杭州师范大学,2023,重庆,本科批,物理类,,,505,19023,
3308,浙江工商大学,2023,重庆,本科批,物理类,,,515,13831,
3310,中国计量大学,2023,重庆,本科批,物理类,,,532,18368,
3311,浙江万里学院,2023,重庆,本科批,物理类,,,467,55933,
3312,宁波大学,2023,重庆,本科批,物理类,,,472,15216,
3313,浙江传媒学院,2023,重庆,本科批,物理类,,,494,16747,
3319,嘉兴大学,2023,重庆,本科批,物理类,,,493,39688,
3320,绍兴文理学院,2023,重庆,本科批,物理类,,,429,44464,
3325,浙江师范大学,2023,重庆,本科批,物理类,,,515,15520,
3327,宁波诺丁汉大学,2023,重庆,本科批,物理类,,,533,16442,
3328,温州大学,2023,重庆,本科批,物理类,,,486,20706,
3332,宁波工程学院,2023,重庆,本科批,物理类,,,459,39250,
3335,浙江海洋大学,2023,重庆,本科批,物理类,,,463,39250,
3338,浙大宁波理工学院,2023,重庆,本科批,物理类,,,472,39688,
3343,温州理工学院,2023,重庆,本科批,物理类,,,480,44960,
3344,嘉兴南湖学院,2023,重庆,本科批,物理类,,,468,46426,
3349,湖州师范学院,2023,重庆,本科批,物理类,,,481,45960,
3350,湖州学院,2023,重庆,本科批,物理类,,,464,49850,
3352,温州医科大学,2023,重庆,本科批,物理类,,,571,998,
3356,浙江工业大学之江学院,2023,重庆,本科批,物理类,,,442,69810,
3357,温州肯恩大学,2023,重庆,本科批,物理类,,,488,40207,
3358,浙江大学医学院,2023,重庆,本科批,物理类,,,663,306,
3359,浙江工商大学杭州商学院,2023,重庆,本科批,物理类,,,435,61147,
3361,浙江财经大学,2023,重庆,本科批,物理类,,,528,13831,
3362,温州商学院,2023,重庆,本科批,物理类,,,448,55409,
3365,衢州学院,2023,重庆,本科批,物理类,,,462,51380,
3401,中国科学技术大学,2023,重庆,本科批,物理类,,,666,362,
3403,安徽工业大学,2023,重庆,本科批,物理类,,,477,28698,
3404,安徽理工大学,2023,重庆,本科批,物理类,,,475,22909,
3405,安徽农业大学,2023,重庆,本科批,物理类,,,503,27447,
3406,淮北师范大学,2023,重庆,本科批,物理类,,,478,51380,
3407,安徽财经大学,2023,重庆,本科批,物理类,,,486,19711,
3408,安徽科技学院,2023,重庆,本科批,物理类,,,462,41691,
3414,蚌埠学院,2023,重庆,本科批,物理类,,,463,54392,
3422,安徽医科大学,2023,重庆,本科批,物理类,,,576,9512,
3423,安徽建筑大学,2023,重庆,本科批,物理类,,,443,32434,
3430,淮南师范学院,2023,重庆,本科批,物理类,,,456,54392,
3435,合肥城市学院,2023,重庆,本科批,物理类,,,425,69312,
3440,安徽师范大学,2023,重庆,本科批,物理类,,,456,29897,
3446,合肥大学,2023,重庆,本科批,物理类,,,471,52357,
3448,安徽大学,2023,重庆,本科批,物理类,,,580,9972,
3449,亳州学院,2023,重庆,本科批,物理类,,,453,58030,
3450,安徽医科大学临床医学院,2023,重庆,本科批,物理类,,,506,37825,
3452,合肥工业大学,2023,重庆,本科批,物理类,,,515,5565,
3453,阜阳师范大学,2023,重庆,本科批,物理类,,,468,33738,
3455,安庆师范大学,2023,重庆,本科批,物理类,,,488,46426,
3501,厦门大学,2023,重庆,本科批,物理类,,,583,1554,
3502,华侨大学,2023,重庆,本科批,物理类,,,482,19358,
3503,福州大学,2023,重庆,本科批,物理类,,,562,9265,
3504,福建理工大学,2023,重庆,本科批,物理类,,,468,38333,
3505,福建医科大学,2023,重庆,本科批,物理类,,,485,31143,
3506,福建师范大学,2023,重庆,本科批,物理类,,,496,15839,
3508,莆田学院,2023,重庆,本科批,物理类,,,453,64187,
3509,仰恩大学,2023,重庆,本科批,物理类,,,419,70339,
3510,集美大学,2023,重庆,本科批,物理类,,,494,24024,
3511,厦门大学嘉庚学院,2023,重庆,本科批,物理类,,,425,60060,
3513,集美大学诚毅学院,2023,重庆,本科批,物理类,,,444,53840,
3514,武夷学院,2023,重庆,本科批,物理类,,,459,47855,
3529,福建农林大学,2023,重庆,本科批,物理类,,,473,36007,
3535,厦门理工学院,2023,重庆,本科批,物理类,,,484,35580,
3538,福建师范大学协和学院,2023,重庆,本科批,物理类,,,438,67233,
3540,福州外语外贸学院,2023,重庆,本科批,物理类,,,412,62682,
3543,福建中医药大学,2023,重庆,本科批,物理类,,,544,21046,
3547,福州大学至诚学院,2023,重庆,本科批,物理类,,,444,65191,
3553,三明学院,2023,重庆,本科批,物理类,,,449,52878,
3554,福建江夏学院,2023,重庆,本科批,物理类,,,456,54392,
3555,泉州师范学院,2023,重庆,本科批,物理类,,,457,51380,
3561,厦门华厦学院,2023,重庆,本科批,物理类,,,444,64187,
3562,厦门工学院,2023,重庆,本科批,物理类,,,429,67750,
3569,福建技术师范学院,2023,重庆,本科批,物理类,,,463,54392,
3571,泉州信息工程学院,2023,重庆,本科批,物理类,,,415,73862,
3576,闽南师范大学,2023,重庆,本科批,物理类,,,487,33296,
3577,龙岩学院,2023,重庆,本科批,物理类,,,456,52878,
3581,厦门医学院,2023,重庆,本科批,物理类,,,507,20383,
3584,闽江学院,2023,重庆,本科批,物理类,,,485,41180,
3601,华东交通大学,2023,重庆,本科批,物理类,,,470,21407,
3602,东华理工大学,2023,重庆,本科批,物理类,,,464,29897,
3603,南昌航空大学,2023,重庆,本科批,物理类,,,479,27447,
3604,江西理工大学,2023,重庆,本科批,物理类,,,475,30719,
3605,景德镇陶瓷大学,2023,重庆,本科批,物理类,,,483,39688,
3606,江西农业大学,2023,重庆,本科批,物理类,,,480,29103,
3607,江西中医药大学,2023,重庆,本科批,物理类,,,478,31976,
3608,赣南医科大学,2023,重庆,本科批,物理类,,,472,36919,
3609,江西师范大学,2023,重庆,本科批,物理类,,,460,17724,
3610,上饶师范学院,2023,重庆,本科批,物理类,,,451,51853,
3611,赣南师范大学,2023,重庆,本科批,物理类,,,460,27853,
3612,井冈山大学,2023,重庆,本科批,物理类,,,472,40207,
3613,江西财经大学,2023,重庆,本科批,物理类,,,479,13831,
3615,江西科技师范大学,2023,重庆,本科批,物理类,,,471,32434,
3616,江西水利电力大学,2023,重庆,本科批,物理类,,,456,43091,
3617,南昌大学,2023,重庆,本科批,物理类,,,527,9265,
3618,宜春学院,2023,重庆,本科批,物理类,,,465,42640,
3619,九江学院,2023,重庆,本科批,物理类,,,456,58030,
3620,南昌大学科学技术学院,2023,重庆,本科批,物理类,,,447,67233,
3621,江西师范大学科学技术学院,2023,重庆,本科批,物理类,,,451,65191,
3622,南昌交通学院,2023,重庆,本科批,物理类,,,411,68303,
3623,赣南科技学院,2023,重庆,本科批,物理类,,,453,54879,
3624,赣东学院,2023,重庆,本科批,物理类,,,456,56474,
3625,南昌航空大学科技学院,2023,重庆,本科批,物理类,,,449,64187,
3626,南昌医学院,2023,重庆,本科批,物理类,,,518,22542,
3629,景德镇学院,2023,重庆,本科批,物理类,,,459,49850,
3630,萍乡学院,2023,重庆,本科批,物理类,,,453,59053,
3632,新余学院,2023,重庆,本科批,物理类,,,457,43561,
3635,江西科技学院,2023,重庆,本科批,物理类,,,409,84552,
3636,南昌理工学院,2023,重庆,本科批,物理类,,,442,66704,
3638,江西应用科技学院,2023,重庆,本科批,物理类,,,416,76364,
3649,南昌工学院,2023,重庆,本科批,物理类,,,411,67233,
3650,南昌职业大学,2023,重庆,本科批,物理类,,,414,81218,
3651,江西服装学院,2023,重庆,本科批,物理类,,,429,76364,
3660,江西农业大学南昌商学院,2023,重庆,本科批,物理类,,,438,65191,
3662,景德镇艺术职业大学,2023,重庆,本科批,物理类,,,425,74375,
3668,南昌应用技术师范学院,2023,重庆,本科批,物理类,,,414,67750,
3672,江西警察学院,2023,重庆,本科批,物理类,,,496,37825,
3679,江西财经大学现代经济管理学院,2023,重庆,本科批,物理类,,,443,62167,
3699,南昌师范学院,2023,重庆,本科批,物理类,,,484,48349,
3701,山东大学,2023,重庆,本科批,物理类,,,598,1935,
3702,中国海洋大学,2023,重庆,本科批,物理类,,,555,4909,
3703,中国石油大学（华东）,2023,重庆,本科批,物理类,,,547,10187,
3704,哈尔滨工业大学（威海）,2023,重庆,本科批,物理类,,,629,1477,
3705,青岛科技大学,2023,重庆,本科批,物理类,,,490,26664,
3706,山东建筑大学,2023,重庆,本科批,物理类,,,454,33738,
3707,青岛农业大学,2023,重庆,本科批,物理类,,,474,41180,
3709,临沂大学,2023,重庆,本科批,物理类,,,484,42640,
3710,泰山学院,2023,重庆,本科批,物理类,,,461,59053,
3711,山东财经大学,2023,重庆,本科批,物理类,,,484,17392,
3713,烟台大学,2023,重庆,本科批,物理类,,,486,29897,
3714,山东交通学院,2023,重庆,本科批,物理类,,,462,39688,
3715,山东工商学院,2023,重庆,本科批,物理类,,,458,40696,
3716,山东第一医科大学,2023,重庆,本科批,物理类,,,488,46426,
3717,潍坊学院,2023,重庆,本科批,物理类,,,463,55409,
3718,山东大学（威海）,2023,重庆,本科批,物理类,,,586,3539,
3728,青岛恒星科技学院,2023,重庆,本科批,物理类,,,439,69810,
3730,山东现代学院,2023,重庆,本科批,物理类,,,435,64684,
3731,青岛黄海学院,2023,重庆,本科批,物理类,,,422,67750,
3732,青岛理工大学,2023,重庆,本科批,物理类,,,462,21046,
3738,济南大学,2023,重庆,本科批,物理类,,,475,19023,
3739,山东理工大学,2023,重庆,本科批,物理类,,,484,24024,
3740,山东师范大学,2023,重庆,本科批,物理类,,,506,14664,
3742,山东农业大学,2023,重庆,本科批,物理类,,,478,26287,
3743,滨州医学院,2023,重庆,本科批,物理类,,,547,21046,
3744,聊城大学,2023,重庆,本科批,物理类,,,471,44017,
3745,鲁东大学,2023,重庆,本科批,物理类,,,474,38333,
3748,青岛城市学院,2023,重庆,本科批,物理类,,,416,65687,
3751,山东财经大学东方学院,2023,重庆,本科批,物理类,,,414,69312,
3752,齐鲁工业大学,2023,重庆,本科批,物理类,,,475,34631,
3753,曲阜师范大学,2023,重庆,本科批,物理类,,,497,42153,
3754,山东航空学院,2023,重庆,本科批,物理类,,,460,52878,
3755,枣庄学院,2023,重庆,本科批,物理类,,,454,63674,
3756,山东石油化工学院,2023,重庆,本科批,物理类,,,458,54879,
3757,山东第二医科大学,2023,重庆,本科批,物理类,,,509,36482,
3759,齐鲁医药学院,2023,重庆,本科批,物理类,,,447,57512,
3761,青岛大学,2023,重庆,本科批,物理类,,,501,13261,
3763,青岛工学院,2023,重庆,本科批,物理类,,,421,71379,
3764,济宁医学院,2023,重庆,本科批,物理类,,,504,25124,
3766,齐鲁理工学院,2023,重庆,本科批,物理类,,,446,67750,
3772,山东英才学院,2023,重庆,本科批,物理类,,,412,83657,
3778,山东工程职业技术大学,2023,重庆,本科批,物理类,,,419,80737,
3780,山东协和学院,2023,重庆,本科批,物理类,,,447,61147,
3781,山东科技大学,2023,重庆,本科批,物理类,,,471,18673,
3786,潍坊科技学院,2023,重庆,本科批,物理类,,,445,68303,
3796,山东中医药大学,2023,重庆,本科批,物理类,,,496,19358,
4101,华北水利水电大学,2023,重庆,本科批,物理类,,,428,27050,
4102,郑州大学,2023,重庆,本科批,物理类,,,550,9265,
4103,河南理工大学,2023,重庆,本科批,物理类,,,477,24376,
4104,郑州轻工业大学,2023,重庆,本科批,物理类,,,457,29897,
4105,河南工业大学,2023,重庆,本科批,物理类,,,457,30719,
4106,河南科技大学,2023,重庆,本科批,物理类,,,483,24024,
4107,中原工学院,2023,重庆,本科批,物理类,,,451,58030,
4108,河南农业大学,2023,重庆,本科批,物理类,,,512,35119,
4109,河南中医药大学,2023,重庆,本科批,物理类,,,479,27853,
4110,河南医药大学,2023,重庆,本科批,物理类,,,553,18368,
4112,南阳师范学院,2023,重庆,本科批,物理类,,,461,46426,
4113,商丘师范学院,2023,重庆,本科批,物理类,,,455,49850,
4114,郑州航空工业管理学院,2023,重庆,本科批,物理类,,,455,47359,
4115,安阳工学院,2023,重庆,本科批,物理类,,,449,61656,
4116,南阳理工学院,2023,重庆,本科批,物理类,,,465,50863,
4117,河南城建学院,2023,重庆,本科批,物理类,,,454,57512,
4119,郑州工商学院,2023,重庆,本科批,物理类,,,442,65191,
4121,豫北医学院,2023,重庆,本科批,物理类,,,503,39250,
4123,河南牧业经济学院,2023,重庆,本科批,物理类,,,460,60611,
4125,郑州工程技术学院,2023,重庆,本科批,物理类,,,457,46881,
4127,洛阳理工学院,2023,重庆,本科批,物理类,,,456,48819,
4129,信阳农林学院,2023,重庆,本科批,物理类,,,461,60060,
4130,河南工学院,2023,重庆,本科批,物理类,,,455,54879,
4142,洛阳师范学院,2023,重庆,本科批,物理类,,,466,52357,
4143,郑州财经学院,2023,重庆,本科批,物理类,,,443,63674,
4146,平顶山学院,2023,重庆,本科批,物理类,,,451,62167,
4147,安阳师范学院,2023,重庆,本科批,物理类,,,480,50358,
4149,河南大学,2023,重庆,本科批,物理类,,,492,12990,
4152,郑州工业应用技术学院,2023,重庆,本科批,物理类,,,442,63193,
4158,黄淮学院,2023,重庆,本科批,物理类,,,453,62167,
4159,郑州师范学院,2023,重庆,本科批,物理类,,,474,53344,
4164,河南财经政法大学,2023,重庆,本科批,物理类,,,470,25529,
4165,河南财政金融学院,2023,重庆,本科批,物理类,,,463,56474,
4167,河南工程学院,2023,重庆,本科批,物理类,,,457,48819,
4168,河南科技学院,2023,重庆,本科批,物理类,,,467,57006,
4169,信阳师范大学,2023,重庆,本科批,物理类,,,461,60060,
4173,河南师范大学,2023,重庆,本科批,物理类,,,509,36482,
4174,郑州商学院,2023,重庆,本科批,物理类,,,434,66202,
4177,周口师范学院,2023,重庆,本科批,物理类,,,454,57006,
4201,武汉大学,2023,重庆,本科批,物理类,,,607,579,
4202,武汉工程大学,2023,重庆,本科批,物理类,,,525,18368,
4203,中国地质大学（武汉）,2023,重庆,本科批,物理类,,,550,6997,
4204,武汉纺织大学,2023,重庆,本科批,物理类,,,486,39688,
4205,武汉轻工大学,2023,重庆,本科批,物理类,,,496,27447,
4206,湖北工业大学,2023,重庆,本科批,物理类,,,504,22909,
4207,华中农业大学,2023,重庆,本科批,物理类,,,540,10917,
4208,华中师范大学,2023,重庆,本科批,物理类,,,556,2912,
4209,湖北师范大学,2023,重庆,本科批,物理类,,,518,27447,
4210,湖北大学,2023,重庆,本科批,物理类,,,524,17056,
4211,湖北民族大学,2023,重庆,本科批,物理类,,,516,33296,
4212,湖北文理学院,2023,重庆,本科批,物理类,,,455,45960,
4215,中南民族大学,2023,重庆,本科批,物理类,,,477,22148,
4216,湖北汽车工业学院,2023,重庆,本科批,物理类,,,463,46426,
4218,湖北理工学院,2023,重庆,本科批,物理类,,,479,39250,
4219,湖北医药学院,2023,重庆,本科批,物理类,,,521,13261,
4220,湖北中医药大学,2023,重庆,本科批,物理类,,,498,33296,
4221,武汉科技大学,2023,重庆,本科批,物理类,,,523,13261,
4222,三峡大学,2023,重庆,本科批,物理类,,,509,11199,
4223,中南财经政法大学,2023,重庆,本科批,物理类,,,559,4909,
4224,华中科技大学,2023,重庆,本科批,物理类,,,596,579,
4225,武汉理工大学,2023,重庆,本科批,物理类,,,561,5740,
4227,武昌理工学院,2023,重庆,本科批,物理类,,,446,67750,
4229,长江大学,2023,重庆,本科批,物理类,,,461,20706,
4231,湖北商贸学院,2023,重庆,本科批,物理类,,,411,85033,
4235,武汉纺织大学外经贸学院,2023,重庆,本科批,物理类,,,438,70339,
4236,武汉工商学院,2023,重庆,本科批,物理类,,,422,63193,
4246,荆楚理工学院,2023,重庆,本科批,物理类,,,468,56474,
4250,武汉生物工程学院,2023,重庆,本科批,物理类,,,443,58030,
4266,江汉大学,2023,重庆,本科批,物理类,,,524,29897,
4270,湖北第二师范学院,2023,重庆,本科批,物理类,,,485,47855,
4275,武汉华夏理工学院,2023,重庆,本科批,物理类,,,444,67233,
4278,湖北恩施学院,2023,重庆,本科批,物理类,,,492,44464,
4279,武汉城市学院,2023,重庆,本科批,物理类,,,435,65191,
4284,湖北经济学院,2023,重庆,本科批,物理类,,,453,32434,
4286,三峡大学科技学院,2023,重庆,本科批,物理类,,,451,61147,
4294,湖北大学知行学院,2023,重庆,本科批,物理类,,,422,58535,
4298,湖北科技学院,2023,重庆,本科批,物理类,,,491,24024,
4301,湘潭大学,2023,重庆,本科批,物理类,,,524,12747,
4302,吉首大学,2023,重庆,本科批,物理类,,,476,32434,
4303,湖南大学,2023,重庆,本科批,物理类,,,588,2711,
4304,湖南农业大学,2023,重庆,本科批,物理类,,,462,31976,
4305,中南林业科技大学,2023,重庆,本科批,物理类,,,466,25529,
4306,湖南中医药大学,2023,重庆,本科批,物理类,,,477,5898,
4307,湖南理工学院,2023,重庆,本科批,物理类,,,499,41180,
4308,衡阳师范学院,2023,重庆,本科批,物理类,,,465,32434,
4309,怀化学院,2023,重庆,本科批,物理类,,,469,52878,
4310,湖南文理学院,2023,重庆,本科批,物理类,,,472,43561,
4311,湖南科技学院,2023,重庆,本科批,物理类,,,468,56474,
4312,湖南工商大学,2023,重庆,本科批,物理类,,,490,27050,
4313,湖南工业大学,2023,重庆,本科批,物理类,,,476,28266,
4314,南华大学,2023,重庆,本科批,物理类,,,489,20706,
4315,中南大学,2023,重庆,本科批,物理类,,,582,2338,
4316,湖南工程学院,2023,重庆,本科批,物理类,,,463,44017,
4317,邵阳学院,2023,重庆,本科批,物理类,,,457,30719,
4318,湖南城市学院,2023,重庆,本科批,物理类,,,457,50863,
4320,长沙理工大学,2023,重庆,本科批,物理类,,,496,9013,
4321,湖南科技大学,2023,重庆,本科批,物理类,,,478,18037,
4322,湘南学院,2023,重庆,本科批,物理类,,,472,42153,
4323,长沙理工大学城南学院,2023,重庆,本科批,物理类,,,444,61147,
4324,南华大学船山学院,2023,重庆,本科批,物理类,,,446,67750,
4326,湖南工学院,2023,重庆,本科批,物理类,,,456,44464,
4327,湖南财政经济学院,2023,重庆,本科批,物理类,,,479,41180,
4328,湖南医药学院,2023,重庆,本科批,物理类,,,514,34183,
4334,湖南涉外经济学院,2023,重庆,本科批,物理类,,,410,66202,
4352,湘潭大学兴湘学院,2023,重庆,本科批,物理类,,,444,63193,
4353,湖南工程学院应用技术学院,2023,重庆,本科批,物理类,,,445,67750,
4356,湖南应用技术学院,2023,重庆,本科批,物理类,,,416,69312,
4362,常德学院,2023,重庆,本科批,物理类,,,463,59053,
4367,湖南师范大学,2023,重庆,本科批,物理类,,,540,9741,
4368,长沙医学院,2023,重庆,本科批,物理类,,,465,44464,
4371,湖南人文科技学院,2023,重庆,本科批,物理类,,,456,57512,
4375,湖南工业大学科技学院,2023,重庆,本科批,物理类,,,451,62682,
4376,湖南科技大学潇湘学院,2023,重庆,本科批,物理类,,,430,61656,
4386,长沙学院,2023,重庆,本科批,物理类,,,481,36007,
4387,湖南中医药大学湘杏学院,2023,重庆,本科批,物理类,,,499,39250,
4392,长沙师范学院,2023,重庆,本科批,物理类,,,468,44960,
4398,湖南第一师范学院,2023,重庆,本科批,物理类,,,493,26664,
4401,中山大学,2023,重庆,本科批,物理类,,,633,1107,
4402,暨南大学,2023,重庆,本科批,物理类,,,559,5898,
4403,华南理工大学,2023,重庆,本科批,物理类,,,614,958,
4404,华南农业大学,2023,重庆,本科批,物理类,,,529,12990,
4405,广东海洋大学,2023,重庆,本科批,物理类,,,455,25529,
4406,广州中医药大学,2023,重庆,本科批,物理类,,,526,17724,
4407,广州大学,2023,重庆,本科批,物理类,,,534,14664,
4409,五邑大学,2023,重庆,本科批,物理类,,,502,31143,
4410,广东金融学院,2023,重庆,本科批,物理类,,,511,28698,
4411,广东石油化工学院,2023,重庆,本科批,物理类,,,461,44464,
4412,东莞理工学院,2023,重庆,本科批,物理类,,,482,23650,
4413,广东外语外贸大学,2023,重庆,本科批,物理类,,,512,13831,
4414,广东工业大学,2023,重庆,本科批,物理类,,,495,18037,
4417,广州航海学院,2023,重庆,本科批,物理类,,,469,55409,
4418,广东培正学院,2023,重庆,本科批,物理类,,,418,73362,
4429,广东东软学院,2023,重庆,本科批,物理类,,,416,80737,
4431,深圳大学,2023,重庆,本科批,物理类,,,547,2912,
4433,惠州学院,2023,重庆,本科批,物理类,,,457,44017,
4435,韶关学院,2023,重庆,本科批,物理类,,,493,44017,
4436,珠海科技学院,2023,重庆,本科批,物理类,,,435,60611,
4440,南方医科大学,2023,重庆,本科批,物理类,,,553,19023,
4443,广州商学院,2023,重庆,本科批,物理类,,,427,67750,
4447,华南师范大学,2023,重庆,本科批,物理类,,,558,7570,
4449,广州医科大学,2023,重庆,本科批,物理类,,,546,5068,
4450,广东医科大学,2023,重庆,本科批,物理类,,,530,19711,
4451,广东药科大学,2023,重庆,本科批,物理类,,,500,20043,
4456,嘉应学院,2023,重庆,本科批,物理类,,,455,56474,
4461,广州城市理工学院,2023,重庆,本科批,物理类,,,424,68303,
4462,广州南方学院,2023,重庆,本科批,物理类,,,406,63193,
4464,广州华立学院,2023,重庆,本科批,物理类,,,414,69810,
4468,北师香港浸会大学,2023,重庆,本科批,物理类,,,507,27050,
4469,广东财经大学,2023,重庆,本科批,物理类,,,523,24750,
4470,广州软件学院,2023,重庆,本科批,物理类,,,442,66704,
4471,广东外语外贸大学南国商学院,2023,重庆,本科批,物理类,,,429,75863,
4474,肇庆学院,2023,重庆,本科批,物理类,,,456,62682,
4479,湛江科技学院,2023,重庆,本科批,物理类,,,412,72858,
4485,广州新华学院,2023,重庆,本科批,物理类,,,411,66202,
4487,岭南师范学院,2023,重庆,本科批,物理类,,,460,49850,
4488,广东以色列理工学院,2023,重庆,本科批,物理类,,,482,17056,
4489,哈尔滨工业大学（深圳）,2023,重庆,本科批,物理类,,,654,637,
4490,佛山大学,2023,重庆,本科批,物理类,,,478,48819,
4497,汕头大学,2023,重庆,本科批,物理类,,,515,22148,
4501,广西科技大学,2023,重庆,本科批,物理类,,,482,37825,
4502,桂林电子科技大学,2023,重庆,本科批,物理类,,,495,19711,
4503,桂林理工大学,2023,重庆,本科批,物理类,,,470,31552,
4504,广西师范大学,2023,重庆,本科批,物理类,,,419,25124,
4505,河池学院,2023,重庆,本科批,物理类,,,456,56474,
4506,玉林师范学院,2023,重庆,本科批,物理类,,,456,59594,
4507,柳州工学院,2023,重庆,本科批,物理类,,,411,78867,
4510,广西财经学院,2023,重庆,本科批,物理类,,,455,49850,
4511,广西科技师范学院,2023,重庆,本科批,物理类,,,456,49313,
4512,桂林航天工业学院,2023,重庆,本科批,物理类,,,460,45449,
4513,桂林旅游学院,2023,重庆,本科批,物理类,,,455,57006,
4514,南宁学院,2023,重庆,本科批,物理类,,,408,71858,
4525,贺州学院,2023,重庆,本科批,物理类,,,453,57512,
4527,广西大学,2023,重庆,本科批,物理类,,,532,13548,
4531,梧州学院,2023,重庆,本科批,物理类,,,448,53344,
4534,广西中医药大学赛恩斯新医药学院,2023,重庆,本科批,物理类,,,461,45449,
4537,广西医科大学,2023,重庆,本科批,物理类,,,514,28698,
4538,广西中医药大学,2023,重庆,本科批,物理类,,,515,9972,
4539,南宁师范大学,2023,重庆,本科批,物理类,,,456,29897,
4542,广西外国语学院,2023,重庆,本科批,物理类,,,413,73862,
4543,广西民族大学,2023,重庆,本科批,物理类,,,460,44017,
4544,北部湾大学,2023,重庆,本科批,物理类,,,445,40696,
4547,南宁理工学院,2023,重庆,本科批,物理类,,,411,73362,
4550,桂林信息科技学院,2023,重庆,本科批,物理类,,,412,75863,
4552,百色学院,2023,重庆,本科批,物理类,,,455,54392,
4555,桂林医科大学,2023,重庆,本科批,物理类,,,493,14108,
4566,右江民族医学院,2023,重庆,本科批,物理类,,,456,35580,
4602,海南大学,2023,重庆,本科批,物理类,,,503,11199,
4603,海南热带海洋学院,2023,重庆,本科批,物理类,,,468,46881,
4604,海南师范大学,2023,重庆,本科批,物理类,,,460,20706,
4606,海口经济学院,2023,重庆,本科批,物理类,,,410,84552,
4612,琼台师范学院,2023,重庆,本科批,物理类,,,466,51380,
4614,海南医科大学,2023,重庆,本科批,物理类,,,499,41180,
4615,三亚学院,2023,重庆,本科批,物理类,,,408,83657,
5001,重庆大学,2023,重庆,本科批,物理类,,,534,5388,
5002,重庆邮电大学,2023,重庆,本科批,物理类,,,520,14664,
5003,重庆交通大学,2023,重庆,本科批,物理类,,,492,21046,
5005,重庆医科大学,2023,重庆,本科批,物理类,,,512,19711,
5006,西南大学,2023,重庆,本科批,物理类,,,532,6997,
5007,重庆师范大学,2023,重庆,本科批,物理类,,,490,19023,
5008,重庆文理学院,2023,重庆,本科批,物理类,,,417,35119,
5009,重庆三峡学院,2023,重庆,本科批,物理类,,,448,42153,
5010,长江师范学院,2023,重庆,本科批,物理类,,,445,41691,
5011,四川外国语大学,2023,重庆,本科批,物理类,,,429,22909,
5012,西南政法大学,2023,重庆,本科批,物理类,,,524,6806,
5013,四川美术学院,2023,重庆,本科批,物理类,,,492,36007,
5014,中国人民解放军陆军军医大学,2023,重庆,本科批,物理类,,,576,9741,
5015,重庆理工大学,2023,重庆,本科批,物理类,,,471,23650,
5016,重庆工商大学,2023,重庆,本科批,物理类,,,470,29897,
5017,重庆中医药学院,2023,重庆,本科批,物理类,,,508,35580,
5019,重庆人文科技学院,2023,重庆,本科批,物理类,,,418,60611,
5020,重庆外语外事学院,2023,重庆,本科批,物理类,,,413,66704,
5021,重庆对外经贸学院,2023,重庆,本科批,物理类,,,416,68303,
5022,重庆财经学院,2023,重庆,本科批,物理类,,,419,65191,
5023,重庆工商大学派斯学院,2023,重庆,本科批,物理类,,,420,70339,
5026,重庆移通学院,2023,重庆,本科批,物理类,,,408,74845,
5027,重庆科技大学,2023,重庆,本科批,物理类,,,459,40696,
5029,重庆第二师范学院,2023,重庆,本科批,物理类,,,449,31976,
5045,重庆工程学院,2023,重庆,本科批,物理类,,,415,72340,
5050,重庆机电职业技术大学,2023,重庆,本科批,物理类,,,412,70339,
5057,重庆城市科技学院,2023,重庆,本科批,物理类,,,412,65687,
5101,成都医学院,2023,重庆,本科批,物理类,,,557,17724,
5102,西南交通大学,2023,重庆,本科批,物理类,,,514,5212,
5104,电子科技大学,2023,重庆,本科批,物理类,,,585,637,
5105,西南石油大学,2023,重庆,本科批,物理类,,,529,16442,
5106,成都理工大学,2023,重庆,本科批,物理类,,,505,10680,
5107,西南科技大学,2023,重庆,本科批,物理类,,,456,21407,
5108,成都信息工程大学,2023,重庆,本科批,物理类,,,503,16442,
5109,四川轻化工大学,2023,重庆,本科批,物理类,,,489,29493,
5110,西华大学,2023,重庆,本科批,物理类,,,404,25918,
5111,中国民用航空飞行学院,2023,重庆,本科批,物理类,,,490,30304,
5112,四川农业大学,2023,重庆,本科批,物理类,,,508,12747,
5113,西南医科大学,2023,重庆,本科批,物理类,,,457,20043,
5114,成都中医药大学,2023,重庆,本科批,物理类,,,453,23650,
5115,川北医学院,2023,重庆,本科批,物理类,,,495,27447,
5116,四川师范大学,2023,重庆,本科批,物理类,,,483,15520,
5117,西华师范大学,2023,重庆,本科批,物理类,,,457,24750,
5118,绵阳师范学院,2023,重庆,本科批,物理类,,,478,30304,
5119,内江师范学院,2023,重庆,本科批,物理类,,,467,46426,
5120,宜宾学院,2023,重庆,本科批,物理类,,,458,43091,
5121,乐山师范学院,2023,重庆,本科批,物理类,,,469,43091,
5122,西南财经大学,2023,重庆,本科批,物理类,,,535,2533,
5123,成都体育学院,2023,重庆,本科批,物理类,,,423,22148,
5124,四川音乐学院,2023,重庆,本科批,物理类,,,422,38768,
5125,西南民族大学,2023,重庆,本科批,物理类,,,478,21046,
5126,攀枝花学院,2023,重庆,本科批,物理类,,,451,42640,
5127,四川大学,2023,重庆,本科批,物理类,,,596,1776,
5129,西昌学院,2023,重庆,本科批,物理类,,,457,51853,
5130,成都理工大学工程技术学院,2023,重庆,本科批,物理类,,,446,63674,
5131,四川传媒学院,2023,重庆,本科批,物理类,,,422,64684,
5132,成都银杏酒店管理学院,2023,重庆,本科批,物理类,,,415,74845,
5134,四川工商学院,2023,重庆,本科批,物理类,,,451,60060,
5135,成都外国语学院,2023,重庆,本科批,物理类,,,440,59053,
5136,电子科技大学成都学院,2023,重庆,本科批,物理类,,,444,58535,
5137,四川文理学院,2023,重庆,本科批,物理类,,,467,52878,
5138,成都工业学院,2023,重庆,本科批,物理类,,,465,36482,
5139,四川旅游学院,2023,重庆,本科批,物理类,,,460,54392,
5151,四川警察学院,2023,重庆,本科批,物理类,,,528,28266,
5167,成都东软学院,2023,重庆,本科批,物理类,,,450,61147,
5170,四川民族学院,2023,重庆,本科批,物理类,,,471,47855,
5176,吉利学院,2023,重庆,本科批,物理类,,,411,75863,
5179,阿坝师范学院,2023,重庆,本科批,物理类,,,477,51853,
5180,成都大学,2023,重庆,本科批,物理类,,,468,22542,
5181,四川工业科技学院,2023,重庆,本科批,物理类,,,440,65687,
5182,成都师范学院,2023,重庆,本科批,物理类,,,477,30304,
5184,成都锦城学院,2023,重庆,本科批,物理类,,,443,50358,
5190,西南财经大学天府学院,2023,重庆,本科批,物理类,,,427,65191,
5191,四川大学锦江学院,2023,重庆,本科批,物理类,,,444,59053,
5192,四川文化艺术学院,2023,重庆,本科批,物理类,,,437,66202,
5199,绵阳城市学院,2023,重庆,本科批,物理类,,,437,66202,
5201,贵州大学,2023,重庆,本科批,物理类,,,487,10917,
5202,贵州医科大学,2023,重庆,本科批,物理类,,,556,18037,
5203,遵义医科大学,2023,重庆,本科批,物理类,,,514,31552,
5204,贵州中医药大学,2023,重庆,本科批,物理类,,,503,22542,
5205,贵州师范大学,2023,重庆,本科批,物理类,,,492,44464,
5206,遵义师范学院,2023,重庆,本科批,物理类,,,463,40207,
5207,黔南民族师范学院,2023,重庆,本科批,物理类,,,460,53840,
5208,贵州财经大学,2023,重庆,本科批,物理类,,,457,43561,
5209,贵州民族大学,2023,重庆,本科批,物理类,,,484,43091,
5210,贵州中医药大学时珍学院,2023,重庆,本科批,物理类,,,461,52878,
5211,贵州黔南经济学院,2023,重庆,本科批,物理类,,,441,66704,
5213,遵义医科大学医学与科技学院,2023,重庆,本科批,物理类,,,478,51380,
5215,贵阳学院,2023,重庆,本科批,物理类,,,465,53840,
5216,安顺学院,2023,重庆,本科批,物理类,,,460,52878,
5220,贵州警察学院,2023,重庆,本科批,物理类,,,496,42640,
5229,贵州医科大学神奇民族医药学院,2023,重庆,本科批,物理类,,,479,44464,
5230,贵州黔南科技学院,2023,重庆,本科批,物理类,,,444,68771,
5231,贵阳信息科技学院,2023,重庆,本科批,物理类,,,443,69312,
5232,六盘水师范学院,2023,重庆,本科批,物理类,,,458,56474,
5236,铜仁学院,2023,重庆,本科批,物理类,,,443,48819,
5237,兴义民族师范学院,2023,重庆,本科批,物理类,,,471,52878,
5238,贵州工程应用技术学院,2023,重庆,本科批,物理类,,,455,56474,
5239,贵州商学院,2023,重庆,本科批,物理类,,,454,47855,
5241,凯里学院,2023,重庆,本科批,物理类,,,451,64684,
5244,贵州师范学院,2023,重庆,本科批,物理类,,,473,52878,
5249,贵州理工学院,2023,重庆,本科批,物理类,,,479,50358,
5253,贵阳康养职业大学,2023,重庆,本科批,物理类,,,489,44464,
5270,茅台学院,2023,重庆,本科批,物理类,,,447,67233,
5301,云南大学,2023,重庆,本科批,物理类,,,496,10430,
5302,昆明理工大学,2023,重庆,本科批,物理类,,,464,18673,
5303,云南农业大学,2023,重庆,本科批,物理类,,,464,27447,
5304,西南林业大学,2023,重庆,本科批,物理类,,,469,28266,
5305,大理大学,2023,重庆,本科批,物理类,,,493,28698,
5306,云南师范大学,2023,重庆,本科批,物理类,,,491,27853,
5307,曲靖师范学院,2023,重庆,本科批,物理类,,,455,48349,
5309,云南民族大学,2023,重庆,本科批,物理类,,,482,37366,
5310,玉溪师范学院,2023,重庆,本科批,物理类,,,481,49850,
5311,楚雄师范学院,2023,重庆,本科批,物理类,,,455,57006,
5312,昆明医科大学海源学院,2023,重庆,本科批,物理类,,,463,52878,
5313,滇池学院,2023,重庆,本科批,物理类,,,411,66704,
5314,丽江文化旅游学院,2023,重庆,本科批,物理类,,,411,69312,
5315,昆明城市学院,2023,重庆,本科批,物理类,,,428,67233,
5318,昆明学院,2023,重庆,本科批,物理类,,,470,44960,
5319,文山学院,2023,重庆,本科批,物理类,,,466,57512,
5326,云南经济管理学院,2023,重庆,本科批,物理类,,,418,68303,
5327,昆明文理学院,2023,重庆,本科批,物理类,,,418,69312,
5330,云南财经大学,2023,重庆,本科批,物理类,,,453,29897,
5334,云南警官学院,2023,重庆,本科批,物理类,,,528,28266,
5336,保山学院,2023,重庆,本科批,物理类,,,463,58030,
5337,红河学院,2023,重庆,本科批,物理类,,,461,49850,
5339,昆明理工大学津桥学院,2023,重庆,本科批,物理类,,,412,48349,
5340,昭通学院,2023,重庆,本科批,物理类,,,469,52357,
5342,云南工商学院,2023,重庆,本科批,物理类,,,412,63193,
5349,滇西科技师范学院,2023,重庆,本科批,物理类,,,463,56474,
5351,昆明医科大学,2023,重庆,本科批,物理类,,,509,36482,
5352,云南中医药大学,2023,重庆,本科批,物理类,,,494,19023,
5359,普洱学院,2023,重庆,本科批,物理类,,,458,61656,
5372,滇西应用技术大学,2023,重庆,本科批,物理类,,,455,50358,
5401,西藏大学,2023,重庆,本科批,物理类,,,506,28698,
5402,西藏民族大学,2023,重庆,本科批,物理类,,,472,51380,
5407,西藏农牧大学,2023,重庆,本科批,物理类,,,450,52878,
6101,西安交通大学,2023,重庆,本科批,物理类,,,593,484,
6102,西北工业大学,2023,重庆,本科批,物理类,,,578,794,
6103,西安理工大学,2023,重庆,本科批,物理类,,,520,18037,
6104,西安电子科技大学,2023,重庆,本科批,物理类,,,621,3266,
6105,西安工业大学,2023,重庆,本科批,物理类,,,497,16747,
6106,西安建筑科技大学,2023,重庆,本科批,物理类,,,445,18037,
6107,西安科技大学,2023,重庆,本科批,物理类,,,480,16442,
6108,西安石油大学,2023,重庆,本科批,物理类,,,487,22542,
6109,陕西科技大学,2023,重庆,本科批,物理类,,,472,22542,
6110,西安工程大学,2023,重庆,本科批,物理类,,,492,30719,
6111,陕西师范大学,2023,重庆,本科批,物理类,,,544,18673,
6112,延安大学,2023,重庆,本科批,物理类,,,479,31976,
6114,西安外国语大学,2023,重庆,本科批,物理类,,,489,24750,
6115,西北政法大学,2023,重庆,本科批,物理类,,,544,14943,
6119,西安培华学院,2023,重庆,本科批,物理类,,,442,60611,
6120,西安邮电大学,2023,重庆,本科批,物理类,,,523,18368,
6122,宝鸡文理学院,2023,重庆,本科批,物理类,,,459,61147,
6123,西北农林科技大学,2023,重庆,本科批,物理类,,,552,6420,
6124,长安大学,2023,重庆,本科批,物理类,,,527,8363,
6125,陕西理工大学,2023,重庆,本科批,物理类,,,491,32881,
6126,西安财经大学,2023,重庆,本科批,物理类,,,476,33296,
6129,西安文理学院,2023,重庆,本科批,物理类,,,487,46881,
6130,西安航空学院,2023,重庆,本科批,物理类,,,470,47855,
6133,西安欧亚学院,2023,重庆,本科批,物理类,,,411,71379,
6134,西安翻译学院,2023,重庆,本科批,物理类,,,410,82194,
6136,西京学院,2023,重庆,本科批,物理类,,,441,64684,
6142,西安思源学院,2023,重庆,本科批,物理类,,,435,65687,
6143,陕西服装工程学院,2023,重庆,本科批,物理类,,,438,69810,
6144,陕西国际商贸学院,2023,重庆,本科批,物理类,,,412,63674,
6152,陕西科技大学镐京学院,2023,重庆,本科批,物理类,,,412,68303,
6156,西安医学院,2023,重庆,本科批,物理类,,,514,34183,
6158,西安工商学院,2023,重庆,本科批,物理类,,,411,78867,
6159,咸阳师范学院,2023,重庆,本科批,物理类,,,475,47359,
6161,西安建筑科技大学华清学院,2023,重庆,本科批,物理类,,,421,69810,
6162,延安大学西安创新学院,2023,重庆,本科批,物理类,,,411,70339,
6164,西北大学,2023,重庆,本科批,物理类,,,534,9013,
6166,西安明德理工学院,2023,重庆,本科批,物理类,,,412,73862,
6173,陕西中医药大学,2023,重庆,本科批,物理类,,,521,24376,
6174,榆林学院,2023,重庆,本科批,物理类,,,453,60060,
6175,安康学院,2023,重庆,本科批,物理类,,,496,42640,
6180,西安科技大学高新学院,2023,重庆,本科批,物理类,,,434,68771,
6182,西安信息职业大学,2023,重庆,本科批,物理类,,,420,70339,
6184,商洛学院,2023,重庆,本科批,物理类,,,466,42153,
6193,陕西学前师范学院,2023,重庆,本科批,物理类,,,473,48349,
6201,兰州大学,2023,重庆,本科批,物理类,,,572,6241,
6202,兰州理工大学,2023,重庆,本科批,物理类,,,456,25529,
6203,兰州交通大学,2023,重庆,本科批,物理类,,,487,22148,
6204,天水师范大学,2023,重庆,本科批,物理类,,,453,60611,
6205,河西学院,2023,重庆,本科批,物理类,,,452,54879,
6206,兰州财经大学,2023,重庆,本科批,物理类,,,472,36007,
6207,西北民族大学,2023,重庆,本科批,物理类,,,426,40696,
6208,甘肃政法大学,2023,重庆,本科批,物理类,,,508,22909,
6211,兰州资源环境职业技术大学,2023,重庆,本科批,物理类,,,455,62167,
6215,兰州博文科技学院,2023,重庆,本科批,物理类,,,426,68303,
6216,甘肃农业大学,2023,重庆,本科批,物理类,,,474,51380,
6217,西北师范大学,2023,重庆,本科批,物理类,,,485,22148,
6219,陇东学院,2023,重庆,本科批,物理类,,,453,58030,
6220,兰州信息科技学院,2023,重庆,本科批,物理类,,,415,68771,
6221,兰州城市学院,2023,重庆,本科批,物理类,,,454,61147,
6222,甘肃中医药大学,2023,重庆,本科批,物理类,,,417,36007,
6227,兰州文理学院,2023,重庆,本科批,物理类,,,472,43091,
6229,甘肃医学院,2023,重庆,本科批,物理类,,,513,31976,
6233,甘肃民族师范学院,2023,重庆,本科批,物理类,,,466,57512,
6253,兰州石化职业技术大学,2023,重庆,本科批,物理类,,,457,53840,
6301,青海大学,2023,重庆,本科批,物理类,,,524,10917,
6302,青海民族大学,2023,重庆,本科批,物理类,,,458,45449,
6304,青海师范大学,2023,重庆,本科批,物理类,,,481,34631,
6401,宁夏大学,2023,重庆,本科批,物理类,,,471,15216,
6402,宁夏医科大学,2023,重庆,本科批,物理类,,,536,22148,
6403,北方民族大学,2023,重庆,本科批,物理类,,,453,42640,
6404,宁夏师范大学,2023,重庆,本科批,物理类,,,464,58535,
6405,宁夏理工学院,2023,重庆,本科批,物理类,,,411,67750,
6408,宁夏大学新华学院,2023,重庆,本科批,物理类,,,452,64684,
6412,银川科技学院,2023,重庆,本科批,物理类,,,412,74845,
6501,新疆大学,2023,重庆,本科批,物理类,,,508,16442,
6502,新疆农业大学,2023,重庆,本科批,物理类,,,446,49850,
6503,石河子大学,2023,重庆,本科批,物理类,,,471,22148,
6504,新疆师范大学,2023,重庆,本科批,物理类,,,452,32881,
6505,伊犁师范大学,2023,重庆,本科批,物理类,,,450,49850,
6506,新疆财经大学,2023,重庆,本科批,物理类,,,449,48819,
6507,新疆科技学院,2023,重庆,本科批,物理类,,,449,60611,
6508,新疆理工学院,2023,重庆,本科批,物理类,,,453,58535,
6510,新疆第二医学院,2023,重庆,本科批,物理类,,,470,27853,
6512,新疆工程学院,2023,重庆,本科批,物理类,,,448,59594,
6520,新疆天山职业技术大学,2023,重庆,本科批,物理类,,,435,67233,
6522,新疆政法学院,2023,重庆,本科批,物理类,,,450,60611,
6523,新疆医科大学,2023,重庆,本科批,物理类,,,441,15216,
6524,喀什大学,2023,重庆,本科批,物理类,,,450,40696,
6526,塔里木大学,2023,重庆,本科批,物理类,,,451,53840,
6527,新疆艺术学院,2023,重庆,本科批,物理类,,,453,64187,
6536,新疆警察学院,2023,重庆,本科批,物理类,,,489,45960,
6537,中国石油大学（北京）克拉玛依校区,2023,重庆,本科批,物理类,,,518,19711,
,上海财经大学浙江学院,2023,重庆,本科批,物理类,,,459,57512,
1130,中国人民公安大学,2023,重庆,本科提前批A段,物理类,,,617,637,
1144,中国消防救援学院,2023,重庆,本科提前批A段,物理类,,,518,23274,
2111,大连海事大学,2023,重庆,本科提前批A段,物理类,,,523,27050,
2122,中国刑事警察学院,2023,重庆,本科提前批A段,物理类,,,546,5068,
3230,陆军工程大学,2023,重庆,本科提前批A段,物理类,,,470,3266,
5014,中国人民解放军陆军军医大学,2023,重庆,本科提前批A段,物理类,,,585,2017,
1101,北京大学,2023,重庆,本科提前批B段,物理类,,,674,152,
1103,中国人民大学,2023,重庆,本科提前批B段,物理类,,,637,747,
1104,清华大学,2023,重庆,本科提前批B段,物理类,,,676,152,
1106,北京航空航天大学,2023,重庆,本科提前批B段,物理类,,,646,1230,
1107,北京理工大学,2023,重庆,本科提前批B段,物理类,,,624,2017,
1108,北京科技大学,2023,重庆,本科提前批B段,物理类,,,567,2912,
1110,北京化工大学,2023,重庆,本科提前批B段,物理类,,,570,11983,
1112,北京邮电大学,2023,重庆,本科提前批B段,物理类,,,619,2156,
1116,中国农业大学,2023,重庆,本科提前批B段,物理类,,,587,4456,
1117,北京林业大学,2023,重庆,本科提前批B段,物理类,,,557,12526,
1120,首都师范大学,2023,重庆,本科提前批B段,物理类,,,571,13548,
1122,北京外国语大学,2023,重庆,本科提前批B段,物理类,,,599,,
1124,北京语言大学,2023,重庆,本科提前批B段,物理类,,,544,12747,
1125,中国传媒大学,2023,重庆,本科提前批B段,物理类,,,592,5898,
1126,中央财经大学,2023,重庆,本科提前批B段,物理类,,,598,1935,
1127,对外经济贸易大学,2023,重庆,本科提前批B段,物理类,,,592,3016,
1129,外交学院,2023,重庆,本科提前批B段,物理类,,,601,3786,
1132,北京体育大学,2023,重庆,本科提前批B段,物理类,,,555,18368,
1140,中央民族大学,2023,重庆,本科提前批B段,物理类,,,588,7570,
1141,中国政法大学,2023,重庆,本科提前批B段,物理类,,,602,2609,
1142,华北电力大学（北京）,2023,重庆,本科提前批B段,物理类,,,579,2533,
1143,北京信息科技大学,2023,重庆,本科提前批B段,物理类,,,578,11724,
1145,中国矿业大学（北京）,2023,重庆,本科提前批B段,物理类,,,557,17392,
1147,中国地质大学（北京）,2023,重庆,本科提前批B段,物理类,,,578,11724,
1152,北京工商大学,2023,重庆,本科提前批B段,物理类,,,548,18673,
1186,北京工业大学,2023,重庆,本科提前批B段,物理类,,,569,12990,
1198,北京建筑大学,2023,重庆,本科提前批B段,物理类,,,527,19711,
1201,南开大学,2023,重庆,本科提前批B段,物理类,,,620,3673,
1202,天津大学,2023,重庆,本科提前批B段,物理类,,,609,4755,
1203,天津科技大学,2023,重庆,本科提前批B段,物理类,,,525,13261,
1204,天津工业大学,2023,重庆,本科提前批B段,物理类,,,566,14943,
1205,中国民航大学,2023,重庆,本科提前批B段,物理类,,,544,13831,
1208,天津中医药大学,2023,重庆,本科提前批B段,物理类,,,550,20043,
1236,天津师范大学,2023,重庆,本科提前批B段,物理类,,,557,15520,
1303,华北电力大学（保定）,2023,重庆,本科提前批B段,物理类,,,580,3016,
1310,华北科技学院,2023,重庆,本科提前批B段,物理类,,,512,35119,
1311,中国人民警察大学,2023,重庆,本科提前批B段,物理类,,,528,22148,
2101,大连理工大学,2023,重庆,本科提前批B段,物理类,,,590,6241,
2102,沈阳工业大学,2023,重庆,本科提前批B段,物理类,,,498,29103,
2104,沈阳理工大学,2023,重庆,本科提前批B段,物理类,,,513,34631,
2105,东北大学,2023,重庆,本科提前批B段,物理类,,,572,3396,
2106,辽宁科技大学,2023,重庆,本科提前批B段,物理类,,,503,39250,
2107,辽宁工程技术大学,2023,重庆,本科提前批B段,物理类,,,486,39688,
2108,辽宁石油化工大学,2023,重庆,本科提前批B段,物理类,,,538,24376,
2110,大连交通大学,2023,重庆,本科提前批B段,物理类,,,529,27853,
2111,大连海事大学,2023,重庆,本科提前批B段,物理类,,,553,13261,
2113,沈阳建筑大学,2023,重庆,本科提前批B段,物理类,,,511,23650,
2115,沈阳农业大学,2023,重庆,本科提前批B段,物理类,,,509,36482,
2118,大连医科大学,2023,重庆,本科提前批B段,物理类,,,516,33296,
2119,沈阳药科大学,2023,重庆,本科提前批B段,物理类,,,531,16442,
2121,东北财经大学,2023,重庆,本科提前批B段,物理类,,,513,14366,
2125,大连民族大学,2023,重庆,本科提前批B段,物理类,,,498,41691,
2153,辽宁大学,2023,重庆,本科提前批B段,物理类,,,576,12238,
2166,大连大学,2023,重庆,本科提前批B段,物理类,,,533,26287,
2201,吉林大学,2023,重庆,本科提前批B段,物理类,,,567,4622,
2208,东北师范大学,2023,重庆,本科提前批B段,物理类,,,520,20706,
2301,黑龙江大学,2023,重庆,本科提前批B段,物理类,,,494,37366,
2302,哈尔滨工业大学,2023,重庆,本科提前批B段,物理类,,,613,2437,
2303,哈尔滨工程大学,2023,重庆,本科提前批B段,物理类,,,568,9265,
2307,东北农业大学,2023,重庆,本科提前批B段,物理类,,,540,20043,
2308,东北林业大学,2023,重庆,本科提前批B段,物理类,,,509,13831,
2315,哈尔滨理工大学,2023,重庆,本科提前批B段,物理类,,,545,19358,
3101,复旦大学,2023,重庆,本科提前批B段,物理类,,,670,284,
3102,同济大学,2023,重庆,本科提前批B段,物理类,,,637,1477,
3103,上海交通大学,2023,重庆,本科提前批B段,物理类,,,654,235,
3104,华东理工大学,2023,重庆,本科提前批B段,物理类,,,565,6420,
3107,东华大学,2023,重庆,本科提前批B段,物理类,,,584,8363,
3110,华东师范大学,2023,重庆,本科提前批B段,物理类,,,617,958,
3112,上海外国语大学,2023,重庆,本科提前批B段,物理类,,,576,8363,
3113,上海财经大学,2023,重庆,本科提前批B段,物理类,,,597,2338,
3114,上海对外经贸大学,2023,重庆,本科提前批B段,物理类,,,555,18368,
3119,上海大学,2023,重庆,本科提前批B段,物理类,,,589,9013,
3151,上海交通大学医学院,2023,重庆,本科提前批B段,物理类,,,666,395,
3179,复旦大学上海医学院,2023,重庆,本科提前批B段,物理类,,,661,452,
3201,南京大学,2023,重庆,本科提前批B段,物理类,,,645,1107,
3202,苏州大学,2023,重庆,本科提前批B段,物理类,,,588,9265,
3203,东南大学,2023,重庆,本科提前批B段,物理类,,,604,2437,
3204,南京航空航天大学,2023,重庆,本科提前批B段,物理类,,,586,4622,
3205,南京理工大学,2023,重庆,本科提前批B段,物理类,,,586,6241,
3206,江苏科技大学,2023,重庆,本科提前批B段,物理类,,,526,28698,
3207,中国矿业大学,2023,重庆,本科提前批B段,物理类,,,541,15839,
3208,南京工业大学,2023,重庆,本科提前批B段,物理类,,,526,29103,
3210,南京邮电大学,2023,重庆,本科提前批B段,物理类,,,535,23650,
3211,河海大学,2023,重庆,本科提前批B段,物理类,,,555,9512,
3213,江南大学,2023,重庆,本科提前批B段,物理类,,,560,11199,
3214,南京林业大学,2023,重庆,本科提前批B段,物理类,,,525,25529,
3215,江苏大学,2023,重庆,本科提前批B段,物理类,,,534,17392,
3216,南京信息工程大学,2023,重庆,本科提前批B段,物理类,,,525,22909,
3217,南京农业大学,2023,重庆,本科提前批B段,物理类,,,540,15520,
3219,中国药科大学,2023,重庆,本科提前批B段,物理类,,,540,22542,
3249,南京师范大学,2023,重庆,本科提前批B段,物理类,,,546,12990,
3251,扬州大学,2023,重庆,本科提前批B段,物理类,,,523,17724,
3301,浙江大学,2023,重庆,本科提前批B段,物理类,,,649,269,
3302,杭州电子科技大学,2023,重庆,本科提前批B段,物理类,,,541,10917,
3306,杭州师范大学,2023,重庆,本科提前批B段,物理类,,,540,23650,
3312,宁波大学,2023,重庆,本科提前批B段,物理类,,,532,26664,
3361,浙江财经大学,2023,重庆,本科提前批B段,物理类,,,541,19023,
3401,中国科学技术大学,2023,重庆,本科提前批B段,物理类,,,646,452,
3452,合肥工业大学,2023,重庆,本科提前批B段,物理类,,,534,10187,
3501,厦门大学,2023,重庆,本科提前批B段,物理类,,,625,1935,
3503,福州大学,2023,重庆,本科提前批B段,物理类,,,555,11724,
3506,福建师范大学,2023,重庆,本科提前批B段,物理类,,,531,27050,
3510,集美大学,2023,重庆,本科提前批B段,物理类,,,526,29103,
3701,山东大学,2023,重庆,本科提前批B段,物理类,,,608,3396,
3702,中国海洋大学,2023,重庆,本科提前批B段,物理类,,,577,6420,
3703,中国石油大学（华东）,2023,重庆,本科提前批B段,物理类,,,559,11724,
3704,哈尔滨工业大学（威海）,2023,重庆,本科提前批B段,物理类,,,602,3539,
3718,山东大学（威海）,2023,重庆,本科提前批B段,物理类,,,568,4456,
3739,山东理工大学,2023,重庆,本科提前批B段,物理类,,,527,28698,
3740,山东师范大学,2023,重庆,本科提前批B段,物理类,,,508,14664,
4201,武汉大学,2023,重庆,本科提前批B段,物理类,,,627,1343,
4203,中国地质大学（武汉）,2023,重庆,本科提前批B段,物理类,,,538,24376,
4207,华中农业大学,2023,重庆,本科提前批B段,物理类,,,555,11724,
4208,华中师范大学,2023,重庆,本科提前批B段,物理类,,,598,1776,
4215,中南民族大学,2023,重庆,本科提前批B段,物理类,,,507,34631,
4223,中南财经政法大学,2023,重庆,本科提前批B段,物理类,,,576,7761,
4224,华中科技大学,2023,重庆,本科提前批B段,物理类,,,604,3396,
4225,武汉理工大学,2023,重庆,本科提前批B段,物理类,,,555,6806,
4303,湖南大学,2023,重庆,本科提前批B段,物理类,,,582,4297,
4315,中南大学,2023,重庆,本科提前批B段,物理类,,,586,3786,
4401,中山大学,2023,重庆,本科提前批B段,物理类,,,601,3266,
4402,暨南大学,2023,重庆,本科提前批B段,物理类,,,570,8175,
4403,华南理工大学,2023,重庆,本科提前批B段,物理类,,,598,2093,
4489,哈尔滨工业大学（深圳）,2023,重庆,本科提前批B段,物理类,,,605,2338,
5001,重庆大学,2023,重庆,本科提前批B段,物理类,,,595,4622,
5002,重庆邮电大学,2023,重庆,本科提前批B段,物理类,,,528,14664,
5003,重庆交通大学,2023,重庆,本科提前批B段,物理类,,,508,19023,
5005,重庆医科大学,2023,重庆,本科提前批B段,物理类,,,546,3539,
5006,西南大学,2023,重庆,本科提前批B段,物理类,,,545,2912,
5007,重庆师范大学,2023,重庆,本科提前批B段,物理类,,,546,5898,
5008,重庆文理学院,2023,重庆,本科提前批B段,物理类,,,544,14108,
5009,重庆三峡学院,2023,重庆,本科提前批B段,物理类,,,544,14943,
5010,长江师范学院,2023,重庆,本科提前批B段,物理类,,,548,8363,
5011,四川外国语大学,2023,重庆,本科提前批B段,物理类,,,453,22148,
5012,西南政法大学,2023,重庆,本科提前批B段,物理类,,,525,12526,
5015,重庆理工大学,2023,重庆,本科提前批B段,物理类,,,500,24024,
5016,重庆工商大学,2023,重庆,本科提前批B段,物理类,,,480,19358,
5017,重庆中医药学院,2023,重庆,本科提前批B段,物理类,,,557,11199,
5029,重庆第二师范学院,2023,重庆,本科提前批B段,物理类,,,542,11724,
5102,西南交通大学,2023,重庆,本科提前批B段,物理类,,,571,4622,
5104,电子科技大学,2023,重庆,本科提前批B段,物理类,,,625,1620,
5111,中国民用航空飞行学院,2023,重庆,本科提前批B段,物理类,,,508,25529,
5122,西南财经大学,2023,重庆,本科提前批B段,物理类,,,569,7192,
5125,西南民族大学,2023,重庆,本科提前批B段,物理类,,,517,25918,
5127,四川大学,2023,重庆,本科提前批B段,物理类,,,597,5068,
6101,西安交通大学,2023,重庆,本科提前批B段,物理类,,,618,1173,
6102,西北工业大学,2023,重庆,本科提前批B段,物理类,,,617,1694,
6104,西安电子科技大学,2023,重庆,本科提前批B段,物理类,,,588,4044,
6111,陕西师范大学,2023,重庆,本科提前批B段,物理类,,,591,3016,
6114,西安外国语大学,2023,重庆,本科提前批B段,物理类,,,515,25918,
6123,西北农林科技大学,2023,重庆,本科提前批B段,物理类,,,564,8793,
6124,长安大学,2023,重庆,本科提前批B段,物理类,,,537,11445,
6201,兰州大学,2023,重庆,本科提前批B段,物理类,,,579,11445,
6207,西北民族大学,2023,重庆,本科提前批B段,物理类,,,506,37825,
6403,北方民族大学,2023,重庆,本科提前批B段,物理类,,,505,23274,
6503,石河子大学,2023,重庆,本科提前批B段,物理类,,,531,27050,
6526,塔里木大学,2023,重庆,本科提前批B段,物理类,,,486,47359,
6537,中国石油大学（北京）克拉玛依校区,2023,重庆,本科提前批B段,物理类,,,528,24376,
,北京交通大学,2023,重庆,本科提前批B段,物理类,,,580,11199,
,中央音乐学院,2023,重庆,艺术本科提前批,物理类,,,280,,
3503,福州大学,2023,重庆,高校专项计划,物理类,,,555,16142,
,北京交通大学,2023,重庆,高校专项计划,物理类,,,567,14664,
4527,广西大学,2023,重庆,高校专项计划批,物理类,,,560,14108,
5301,云南大学,2023,重庆,高校专项计划本科批,物理类,,,528,28266,
3173,上海邦德职业技术学院,2023,重庆,专科批,艺术类,,,212,,
4311,湖南科技学院,2023,重庆,本科批A段,艺术类,,,205,,
1220,天津商业大学宝德学院,2023,重庆,艺术本科批A段,艺术类（历史）,,,200,199,
3503,福州大学,2023,重庆,艺术类本科批,艺术类（历史）,,,223,,
3540,福州外语外贸学院,2023,重庆,艺术类本科批,艺术类（历史）,,,193,,
5301,云南大学,2023,重庆,艺术类本科批,艺术类（历史）,,,217,,
5304,西南林业大学,2023,重庆,艺术类本科批,艺术类（历史）,,,211,,
5315,昆明城市学院,2023,重庆,艺术类本科批,艺术类（历史）,,,251,,
,武汉体育学院体育科技学院,2023,重庆,艺术类本科批,艺术类（历史）,,,207,,
3503,福州大学,2023,重庆,艺术类本科批,艺术类（物理）,,,223,,
3540,福州外语外贸学院,2023,重庆,艺术类本科批,艺术类（物理）,,,193,,
5301,云南大学,2023,重庆,艺术类本科批,艺术类（物理）,,,217,,
5304,西南林业大学,2023,重庆,艺术类本科批,艺术类（物理）,,,211,,
5315,昆明城市学院,2023,重庆,艺术类本科批,艺术类（物理）,,,251,,
,武汉体育学院体育科技学院,2023,重庆,艺术类本科批,艺术类（物理）,,,207,,
