province,year,subject,score,rank
陕西,2023,理工,400,384906
陕西,2023,理工,405,361399
陕西,2023,理工,410,339329
陕西,2023,理工,415,318607
陕西,2023,理工,420,299150
陕西,2023,理工,425,280881
陕西,2023,理工,430,263728
陕西,2023,理工,435,247622
陕西,2023,理工,440,232500
陕西,2023,理工,445,218301
陕西,2023,理工,450,204970
陕西,2023,理工,455,192453
陕西,2023,理工,460,180699
陕西,2023,理工,465,169664
陕西,2023,理工,470,159302
陕西,2023,理工,475,149574
陕西,2023,理工,480,140440
陕西,2023,理工,485,131863
陕西,2023,理工,490,123811
陕西,2023,理工,495,116249
陕西,2023,理工,500,109150
陕西,2023,理工,505,102485
陕西,2023,理工,510,96226
陕西,2023,理工,515,90349
陕西,2023,理工,520,84832
陕西,2023,理工,525,79651
陕西,2023,理工,530,74787
陕西,2023,理工,535,70220
陕西,2023,理工,540,65931
陕西,2023,理工,545,61905
陕西,2023,理工,550,58124
陕西,2023,理工,555,54575
陕西,2023,理工,560,51242
陕西,2023,理工,565,48113
陕西,2023,理工,570,45174
陕西,2023,理工,575,42415
陕西,2023,理工,580,39825
陕西,2023,理工,585,37393
陕西,2023,理工,590,35110
陕西,2023,理工,595,32965
陕西,2023,理工,600,30951
陕西,2023,理工,605,29061
陕西,2023,理工,610,27287
陕西,2023,理工,615,25620
陕西,2023,理工,620,24056
陕西,2023,理工,625,22587
陕西,2023,理工,630,21207
陕西,2023,理工,635,19912
陕西,2023,理工,640,18696
陕西,2023,理工,645,17555
陕西,2023,理工,650,16482
陕西,2023,理工,655,15475
陕西,2023,理工,660,14530
陕西,2023,理工,665,13643
陕西,2023,理工,670,12809
陕西,2023,理工,675,12027
陕西,2023,理工,680,11293
陕西,2024,理工,400,384906
陕西,2024,理工,405,361399
陕西,2024,理工,410,339329
陕西,2024,理工,415,318607
陕西,2024,理工,420,299150
陕西,2024,理工,425,280881
陕西,2024,理工,430,263728
陕西,2024,理工,435,247622
陕西,2024,理工,440,232500
陕西,2024,理工,445,218301
陕西,2024,理工,450,204970
陕西,2024,理工,455,192453
陕西,2024,理工,460,180699
陕西,2024,理工,465,169664
陕西,2024,理工,470,159302
陕西,2024,理工,475,149574
陕西,2024,理工,480,140440
陕西,2024,理工,485,131863
陕西,2024,理工,490,123811
陕西,2024,理工,495,116249
陕西,2024,理工,500,109150
陕西,2024,理工,505,102485
陕西,2024,理工,510,96226
陕西,2024,理工,515,90349
陕西,2024,理工,520,84832
陕西,2024,理工,525,79651
陕西,2024,理工,530,74787
陕西,2024,理工,535,70220
陕西,2024,理工,540,65931
陕西,2024,理工,545,61905
陕西,2024,理工,550,58124
陕西,2024,理工,555,54575
陕西,2024,理工,560,51242
陕西,2024,理工,565,48113
陕西,2024,理工,570,45174
陕西,2024,理工,575,42415
陕西,2024,理工,580,39825
陕西,2024,理工,585,37393
陕西,2024,理工,590,35110
陕西,2024,理工,595,32965
陕西,2024,理工,600,30951
陕西,2024,理工,605,29061
陕西,2024,理工,610,27287
陕西,2024,理工,615,25620
陕西,2024,理工,620,24056
陕西,2024,理工,625,22587
陕西,2024,理工,630,21207
陕西,2024,理工,635,19912
陕西,2024,理工,640,18696
陕西,2024,理工,645,17555
陕西,2024,理工,650,16482
陕西,2024,理工,655,15475
陕西,2024,理工,660,14530
陕西,2024,理工,665,13643
陕西,2024,理工,670,12809
陕西,2024,理工,675,12027
陕西,2024,理工,680,11293
陕西,2023,文史,400,134716
陕西,2023,文史,405,126490
陕西,2023,文史,410,118764
陕西,2023,文史,415,111511
陕西,2023,文史,420,104702
陕西,2023,文史,425,98308
陕西,2023,文史,430,92303
陕西,2023,文史,435,86667
陕西,2023,文史,440,81374
陕西,2023,文史,445,76405
陕西,2023,文史,450,71738
陕西,2023,文史,455,67357
陕西,2023,文史,460,63244
陕西,2023,文史,465,59382
陕西,2023,文史,470,55755
陕西,2023,文史,475,52350
陕西,2023,文史,480,49153
陕西,2023,文史,485,46151
陕西,2023,文史,490,43333
陕西,2023,文史,495,40686
陕西,2023,文史,500,38202
陕西,2023,文史,505,35868
陕西,2023,文史,510,33678
陕西,2023,文史,515,31621
陕西,2023,文史,520,29690
陕西,2023,文史,525,27877
陕西,2023,文史,530,26174
陕西,2023,文史,535,24576
陕西,2023,文史,540,23075
陕西,2023,文史,545,21666
陕西,2023,文史,550,20342
陕西,2023,文史,555,19101
陕西,2023,文史,560,17934
陕西,2023,文史,565,16839
陕西,2023,文史,570,15810
陕西,2023,文史,575,14845
陕西,2023,文史,580,13938
陕西,2023,文史,585,13086
陕西,2023,文史,590,12288
陕西,2023,文史,595,11537
陕西,2023,文史,600,10833
陕西,2023,文史,605,10171
陕西,2023,文史,610,9550
陕西,2023,文史,615,8967
陕西,2023,文史,620,8419
陕西,2023,文史,625,7904
陕西,2023,文史,630,7422
陕西,2023,文史,635,6969
陕西,2023,文史,640,6543
陕西,2023,文史,645,6144
陕西,2023,文史,650,5768
陕西,2023,文史,655,5416
陕西,2023,文史,660,5085
陕西,2023,文史,665,4775
陕西,2023,文史,670,4483
陕西,2023,文史,675,4209
陕西,2023,文史,680,3952
陕西,2024,文史,400,134716
陕西,2024,文史,405,126490
陕西,2024,文史,410,118764
陕西,2024,文史,415,111511
陕西,2024,文史,420,104702
陕西,2024,文史,425,98308
陕西,2024,文史,430,92303
陕西,2024,文史,435,86667
陕西,2024,文史,440,81374
陕西,2024,文史,445,76405
陕西,2024,文史,450,71738
陕西,2024,文史,455,67357
陕西,2024,文史,460,63244
陕西,2024,文史,465,59382
陕西,2024,文史,470,55755
陕西,2024,文史,475,52350
陕西,2024,文史,480,49153
陕西,2024,文史,485,46151
陕西,2024,文史,490,43333
陕西,2024,文史,495,40686
陕西,2024,文史,500,38202
陕西,2024,文史,505,35868
陕西,2024,文史,510,33678
陕西,2024,文史,515,31621
陕西,2024,文史,520,29690
陕西,2024,文史,525,27877
陕西,2024,文史,530,26174
陕西,2024,文史,535,24576
陕西,2024,文史,540,23075
陕西,2024,文史,545,21666
陕西,2024,文史,550,20342
陕西,2024,文史,555,19101
陕西,2024,文史,560,17934
陕西,2024,文史,565,16839
陕西,2024,文史,570,15810
陕西,2024,文史,575,14845
陕西,2024,文史,580,13938
陕西,2024,文史,585,13086
陕西,2024,文史,590,12288
陕西,2024,文史,595,11537
陕西,2024,文史,600,10833
陕西,2024,文史,605,10171
陕西,2024,文史,610,9550
陕西,2024,文史,615,8967
陕西,2024,文史,620,8419
陕西,2024,文史,625,7904
陕西,2024,文史,630,7422
陕西,2024,文史,635,6969
陕西,2024,文史,640,6543
陕西,2024,文史,645,6144
陕西,2024,文史,650,5768
陕西,2024,文史,655,5416
陕西,2024,文史,660,5085
陕西,2024,文史,665,4775
陕西,2024,文史,670,4483
陕西,2024,文史,675,4209
陕西,2024,文史,680,3952
陕西,2025,物理类,710,11
陕西,2025,物理类,709,11
陕西,2025,物理类,708,14
陕西,2025,物理类,707,18
陕西,2025,物理类,706,21
陕西,2025,物理类,705,27
陕西,2025,物理类,704,31
陕西,2025,物理类,703,33
陕西,2025,物理类,702,36
陕西,2025,物理类,701,40
陕西,2025,物理类,700,52
陕西,2025,物理类,699,59
陕西,2025,物理类,698,72
陕西,2025,物理类,697,82
陕西,2025,物理类,696,92
陕西,2025,物理类,695,104
陕西,2025,物理类,694,119
陕西,2025,物理类,693,133
陕西,2025,物理类,692,149
陕西,2025,物理类,691,167
陕西,2025,物理类,690,193
陕西,2025,物理类,689,206
陕西,2025,物理类,688,228
陕西,2025,物理类,687,256
陕西,2025,物理类,686,282
陕西,2025,物理类,685,323
陕西,2025,物理类,684,360
陕西,2025,物理类,683,391
陕西,2025,物理类,682,429
陕西,2025,物理类,681,459
陕西,2025,物理类,680,496
陕西,2025,物理类,679,535
陕西,2025,物理类,678,583
陕西,2025,物理类,677,618
陕西,2025,物理类,676,671
陕西,2025,物理类,675,707
陕西,2025,物理类,674,770
陕西,2025,物理类,673,827
陕西,2025,物理类,672,881
陕西,2025,物理类,671,931
陕西,2025,物理类,670,992
陕西,2025,物理类,669,1042
陕西,2025,物理类,668,1102
陕西,2025,物理类,667,1164
陕西,2025,物理类,666,1239
陕西,2025,物理类,665,1310
陕西,2025,物理类,664,1378
陕西,2025,物理类,663,1455
陕西,2025,物理类,662,1543
陕西,2025,物理类,661,1625
陕西,2025,物理类,660,1704
陕西,2025,物理类,659,1793
陕西,2025,物理类,658,1873
陕西,2025,物理类,657,1953
陕西,2025,物理类,656,2050
陕西,2025,物理类,655,2144
陕西,2025,物理类,654,2245
陕西,2025,物理类,653,2350
陕西,2025,物理类,652,2447
陕西,2025,物理类,651,2550
陕西,2025,物理类,650,2629
陕西,2025,物理类,649,2737
陕西,2025,物理类,648,2829
陕西,2025,物理类,647,2945
陕西,2025,物理类,646,3047
陕西,2025,物理类,645,3161
陕西,2025,物理类,644,3291
陕西,2025,物理类,643,3417
陕西,2025,物理类,642,3537
陕西,2025,物理类,641,3671
陕西,2025,物理类,640,3788
陕西,2025,物理类,639,3888
陕西,2025,物理类,638,4018
陕西,2025,物理类,637,4146
陕西,2025,物理类,636,4292
陕西,2025,物理类,635,4441
陕西,2025,物理类,634,4596
陕西,2025,物理类,633,4739
陕西,2025,物理类,632,4911
陕西,2025,物理类,631,5048
陕西,2025,物理类,630,5221
陕西,2025,物理类,629,5368
陕西,2025,物理类,628,5535
陕西,2025,物理类,627,5693
陕西,2025,物理类,626,5884
陕西,2025,物理类,625,6061
陕西,2025,物理类,624,6231
陕西,2025,物理类,623,6401
陕西,2025,物理类,622,6598
陕西,2025,物理类,621,6789
陕西,2025,物理类,620,6979
陕西,2025,物理类,619,7169
陕西,2025,物理类,618,7364
陕西,2025,物理类,617,7561
陕西,2025,物理类,616,7774
陕西,2025,物理类,615,7990
陕西,2025,物理类,614,8172
陕西,2025,物理类,613,8390
陕西,2025,物理类,612,8582
陕西,2025,物理类,611,8808
陕西,2025,物理类,610,9032
陕西,2025,物理类,609,9237
陕西,2025,物理类,608,9493
陕西,2025,物理类,607,9716
陕西,2025,物理类,606,9951
陕西,2025,物理类,605,10181
陕西,2025,物理类,604,10415
陕西,2025,物理类,603,10642
陕西,2025,物理类,602,10911
陕西,2025,物理类,601,11142
陕西,2025,物理类,600,11374
陕西,2025,物理类,599,11645
陕西,2025,物理类,598,11885
陕西,2025,物理类,597,12142
陕西,2025,物理类,596,12397
陕西,2025,物理类,595,12658
陕西,2025,物理类,594,12910
陕西,2025,物理类,593,13171
陕西,2025,物理类,592,13439
陕西,2025,物理类,591,13730
陕西,2025,物理类,590,14019
陕西,2025,物理类,589,14320
陕西,2025,物理类,588,14626
陕西,2025,物理类,587,14902
陕西,2025,物理类,586,15224
陕西,2025,物理类,585,15555
陕西,2025,物理类,584,15853
陕西,2025,物理类,583,16183
陕西,2025,物理类,582,16494
陕西,2025,物理类,581,16812
陕西,2025,物理类,580,17129
陕西,2025,物理类,579,17416
陕西,2025,物理类,578,17763
陕西,2025,物理类,577,18095
陕西,2025,物理类,576,18382
陕西,2025,物理类,575,18684
陕西,2025,物理类,574,19029
陕西,2025,物理类,573,19377
陕西,2025,物理类,572,19675
陕西,2025,物理类,571,20009
陕西,2025,物理类,570,20329
陕西,2025,物理类,569,20686
陕西,2025,物理类,568,21047
陕西,2025,物理类,567,21416
陕西,2025,物理类,566,21787
陕西,2025,物理类,565,22118
陕西,2025,物理类,564,22482
陕西,2025,物理类,563,22852
陕西,2025,物理类,562,23214
陕西,2025,物理类,561,23609
陕西,2025,物理类,560,24000
陕西,2025,物理类,559,24395
陕西,2025,物理类,558,24796
陕西,2025,物理类,557,25187
陕西,2025,物理类,556,25577
陕西,2025,物理类,555,25972
陕西,2025,物理类,554,26369
陕西,2025,物理类,553,26787
陕西,2025,物理类,552,27204
陕西,2025,物理类,551,27611
陕西,2025,物理类,550,28048
陕西,2025,物理类,549,28495
陕西,2025,物理类,548,28953
陕西,2025,物理类,547,29370
陕西,2025,物理类,546,29812
陕西,2025,物理类,545,30254
陕西,2025,物理类,544,30700
陕西,2025,物理类,543,31136
陕西,2025,物理类,542,31570
陕西,2025,物理类,541,32070
陕西,2025,物理类,540,32551
陕西,2025,物理类,539,33033
陕西,2025,物理类,538,33514
陕西,2025,物理类,537,33976
陕西,2025,物理类,536,34510
陕西,2025,物理类,535,34997
陕西,2025,物理类,534,35484
陕西,2025,物理类,533,35966
陕西,2025,物理类,532,36488
陕西,2025,物理类,531,36982
陕西,2025,物理类,530,37511
陕西,2025,物理类,529,38045
陕西,2025,物理类,528,38579
陕西,2025,物理类,527,39159
陕西,2025,物理类,526,39698
陕西,2025,物理类,525,40194
陕西,2025,物理类,524,40718
陕西,2025,物理类,523,41276
陕西,2025,物理类,522,41804
陕西,2025,物理类,521,42400
陕西,2025,物理类,520,42965
陕西,2025,物理类,519,43500
陕西,2025,物理类,518,44059
陕西,2025,物理类,517,44695
陕西,2025,物理类,516,45275
陕西,2025,物理类,515,45834
陕西,2025,物理类,514,46445
陕西,2025,物理类,513,47051
陕西,2025,物理类,512,47613
陕西,2025,物理类,511,48210
陕西,2025,物理类,510,48772
陕西,2025,物理类,509,49362
陕西,2025,物理类,508,50026
陕西,2025,物理类,507,50683
陕西,2025,物理类,506,51323
陕西,2025,物理类,505,51936
陕西,2025,物理类,504,52584
陕西,2025,物理类,503,53232
陕西,2025,物理类,502,53865
陕西,2025,物理类,501,54497
陕西,2025,物理类,500,55138
陕西,2025,物理类,499,55774
陕西,2025,物理类,498,56448
陕西,2025,物理类,497,57104
陕西,2025,物理类,496,57780
陕西,2025,物理类,495,58484
陕西,2025,物理类,494,59202
陕西,2025,物理类,493,59883
陕西,2025,物理类,492,60573
陕西,2025,物理类,491,61243
陕西,2025,物理类,490,61922
陕西,2025,物理类,489,62615
陕西,2025,物理类,488,63327
陕西,2025,物理类,487,64042
陕西,2025,物理类,486,64720
陕西,2025,物理类,485,65426
陕西,2025,物理类,484,66080
陕西,2025,物理类,483,66776
陕西,2025,物理类,482,67495
陕西,2025,物理类,481,68188
陕西,2025,物理类,480,68882
陕西,2025,物理类,479,69569
陕西,2025,物理类,478,70268
陕西,2025,物理类,477,70989
陕西,2025,物理类,476,71748
陕西,2025,物理类,475,72478
陕西,2025,物理类,474,73190
陕西,2025,物理类,473,73886
陕西,2025,物理类,472,74634
陕西,2025,物理类,471,75362
陕西,2025,物理类,470,76071
陕西,2025,物理类,469,76852
陕西,2025,物理类,468,77567
陕西,2025,物理类,467,78272
陕西,2025,物理类,466,78989
陕西,2025,物理类,465,79699
陕西,2025,物理类,464,80448
陕西,2025,物理类,463,81123
陕西,2025,物理类,462,81872
陕西,2025,物理类,461,82644
陕西,2025,物理类,460,83389
陕西,2025,物理类,459,84115
陕西,2025,物理类,458,84818
陕西,2025,物理类,457,85576
陕西,2025,物理类,456,86326
陕西,2025,物理类,455,87056
陕西,2025,物理类,454,87803
陕西,2025,物理类,453,88542
陕西,2025,物理类,452,89266
陕西,2025,物理类,451,90020
陕西,2025,物理类,450,90744
陕西,2025,物理类,449,91511
陕西,2025,物理类,448,92231
陕西,2025,物理类,447,92962
陕西,2025,物理类,446,93661
陕西,2025,物理类,445,94344
陕西,2025,物理类,444,95089
陕西,2025,物理类,443,95819
陕西,2025,物理类,442,96517
陕西,2025,物理类,441,97252
陕西,2025,物理类,440,97982
陕西,2025,物理类,439,98706
陕西,2025,物理类,438,99435
陕西,2025,物理类,437,100179
陕西,2025,物理类,436,100879
陕西,2025,物理类,435,101605
陕西,2025,物理类,434,102255
陕西,2025,物理类,433,102976
陕西,2025,物理类,432,103644
陕西,2025,物理类,431,104340
陕西,2025,物理类,430,105021
陕西,2025,物理类,429,105751
陕西,2025,物理类,428,106431
陕西,2025,物理类,427,107147
陕西,2025,物理类,426,107869
陕西,2025,物理类,425,108578
陕西,2025,物理类,424,109313
陕西,2025,物理类,423,109953
陕西,2025,物理类,422,110654
陕西,2025,物理类,421,111366
陕西,2025,物理类,420,112074
陕西,2025,物理类,419,112759
陕西,2025,物理类,418,113425
陕西,2025,物理类,417,114087
陕西,2025,物理类,416,114721
陕西,2025,物理类,415,115397
陕西,2025,物理类,414,116086
陕西,2025,物理类,413,116780
陕西,2025,物理类,412,117435
陕西,2025,物理类,411,118056
陕西,2025,物理类,410,118712
陕西,2025,物理类,409,119385
陕西,2025,物理类,408,119984
陕西,2025,物理类,407,120584
陕西,2025,物理类,406,121215
陕西,2025,物理类,405,121855
陕西,2025,物理类,404,122450
陕西,2025,物理类,403,123058
陕西,2025,物理类,402,123699
陕西,2025,物理类,401,124311
陕西,2025,物理类,400,124904
陕西,2025,物理类,399,125535
陕西,2025,物理类,398,126063
陕西,2025,物理类,397,126649
陕西,2025,物理类,396,127259
陕西,2025,物理类,395,127832
陕西,2025,物理类,394,128434
陕西,2025,物理类,393,129025
陕西,2025,物理类,392,129572
陕西,2025,物理类,391,130125
陕西,2025,物理类,390,130743
陕西,2025,物理类,389,131277
陕西,2025,物理类,388,131847
陕西,2025,物理类,387,132385
陕西,2025,物理类,386,132891
陕西,2025,物理类,385,133426
陕西,2025,物理类,384,133915
陕西,2025,物理类,383,134372
陕西,2025,物理类,382,134897
陕西,2025,物理类,381,135416
陕西,2025,物理类,380,135908
陕西,2025,物理类,379,136423
陕西,2025,物理类,378,136883
陕西,2025,物理类,377,137383
陕西,2025,物理类,376,137906
陕西,2025,物理类,375,138371
陕西,2025,物理类,374,138833
陕西,2025,物理类,373,139293
陕西,2025,物理类,372,139810
陕西,2025,物理类,371,140245
陕西,2025,物理类,370,140686
陕西,2025,物理类,369,141126
陕西,2025,物理类,368,141541
陕西,2025,物理类,367,141949
陕西,2025,物理类,366,142368
陕西,2025,物理类,365,142761
陕西,2025,物理类,364,143204
陕西,2025,物理类,363,143603
陕西,2025,物理类,362,143997
陕西,2025,物理类,361,144412
陕西,2025,物理类,360,144787
陕西,2025,物理类,359,145168
陕西,2025,物理类,358,145568
陕西,2025,物理类,357,145887
陕西,2025,物理类,356,146259
陕西,2025,物理类,355,146650
陕西,2025,物理类,354,147021
陕西,2025,物理类,353,147339
陕西,2025,物理类,352,147740
陕西,2025,物理类,351,148079
陕西,2025,物理类,350,148418
陕西,2025,物理类,349,148747
陕西,2025,物理类,348,149096
陕西,2025,物理类,347,149429
陕西,2025,物理类,346,149738
陕西,2025,物理类,345,150081
陕西,2025,物理类,344,150391
陕西,2025,物理类,343,150698
陕西,2025,物理类,342,150997
陕西,2025,物理类,341,151310
陕西,2025,物理类,340,151594
陕西,2025,物理类,339,151885
陕西,2025,物理类,338,152175
陕西,2025,物理类,337,152428
陕西,2025,物理类,336,152707
陕西,2025,物理类,335,152976
陕西,2025,物理类,334,153269
陕西,2025,物理类,333,153549
陕西,2025,物理类,332,153822
陕西,2025,物理类,331,154059
陕西,2025,物理类,330,154311
陕西,2025,物理类,329,154551
陕西,2025,物理类,328,154782
陕西,2025,物理类,327,155038
陕西,2025,物理类,326,155280
陕西,2025,物理类,325,155527
陕西,2025,物理类,324,155753
陕西,2025,物理类,323,155969
陕西,2025,物理类,322,156188
陕西,2025,物理类,321,156411
陕西,2025,物理类,320,156637
陕西,2025,物理类,319,156877
陕西,2025,物理类,318,157086
陕西,2025,物理类,317,157300
陕西,2025,物理类,316,157536
陕西,2025,物理类,315,157736
陕西,2025,物理类,314,157930
陕西,2025,物理类,313,158140
陕西,2025,物理类,312,158304
陕西,2025,物理类,311,158488
陕西,2025,物理类,310,158693
陕西,2025,物理类,309,158867
陕西,2025,物理类,308,159068
陕西,2025,物理类,307,159269
陕西,2025,物理类,306,159440
陕西,2025,物理类,305,159634
陕西,2025,物理类,304,159797
陕西,2025,物理类,303,159960
陕西,2025,物理类,302,160147
陕西,2025,物理类,301,160308
陕西,2025,物理类,300,160465
陕西,2025,物理类,299,160624
陕西,2025,物理类,298,160788
陕西,2025,物理类,297,160934
陕西,2025,物理类,296,161115
陕西,2025,物理类,295,161273
陕西,2025,物理类,294,161408
陕西,2025,物理类,293,161555
陕西,2025,物理类,292,161711
陕西,2025,物理类,291,161859
陕西,2025,物理类,290,162019
陕西,2025,物理类,289,162162
陕西,2025,物理类,288,162330
陕西,2025,物理类,287,162469
陕西,2025,物理类,286,162594
陕西,2025,物理类,285,162721
陕西,2025,物理类,284,162863
陕西,2025,物理类,283,162995
陕西,2025,物理类,282,163126
陕西,2025,物理类,281,163253
陕西,2025,物理类,280,163362
陕西,2025,物理类,279,163464
陕西,2025,物理类,278,163587
陕西,2025,物理类,277,163727
陕西,2025,物理类,276,163856
陕西,2025,物理类,275,163978
陕西,2025,物理类,274,164109
陕西,2025,物理类,273,164224
陕西,2025,物理类,272,164346
陕西,2025,物理类,271,164473
陕西,2025,物理类,270,164583
陕西,2025,物理类,269,164680
陕西,2025,物理类,268,164790
陕西,2025,物理类,267,164897
陕西,2025,物理类,266,165014
陕西,2025,物理类,265,165132
陕西,2025,物理类,264,165244
陕西,2025,物理类,263,165352
陕西,2025,物理类,262,165463
陕西,2025,物理类,261,165543
陕西,2025,物理类,260,165659
陕西,2025,物理类,259,165744
陕西,2025,物理类,258,165811
陕西,2025,物理类,257,165907
陕西,2025,物理类,256,166017
陕西,2025,物理类,255,166107
陕西,2025,物理类,254,166197
陕西,2025,物理类,253,166279
陕西,2025,物理类,252,166356
陕西,2025,物理类,251,166452
陕西,2025,物理类,250,166521
陕西,2025,物理类,249,166596
陕西,2025,物理类,248,166682
陕西,2025,物理类,247,166775
陕西,2025,物理类,246,166848
陕西,2025,物理类,245,166933
陕西,2025,物理类,244,167008
陕西,2025,物理类,243,167077
陕西,2025,物理类,242,167149
陕西,2025,物理类,241,167218
陕西,2025,物理类,240,167290
陕西,2025,物理类,239,167349
陕西,2025,物理类,238,167420
陕西,2025,物理类,237,167479
陕西,2025,物理类,236,167536
陕西,2025,物理类,235,167595
陕西,2025,物理类,234,167672
陕西,2025,物理类,233,167732
陕西,2025,物理类,232,167789
陕西,2025,物理类,231,167837
陕西,2025,物理类,230,167886
陕西,2025,物理类,229,167939
陕西,2025,物理类,228,167982
陕西,2025,物理类,227,168027
陕西,2025,物理类,226,168073
陕西,2025,物理类,225,168129
陕西,2025,物理类,224,168165
陕西,2025,物理类,223,168203
陕西,2025,物理类,222,168252
陕西,2025,物理类,221,168295
陕西,2025,物理类,220,168335
陕西,2025,物理类,219,168377
陕西,2025,物理类,218,168412
陕西,2025,物理类,217,168445
陕西,2025,物理类,216,168477
陕西,2025,物理类,215,168508
陕西,2025,物理类,214,168535
陕西,2025,物理类,213,168564
陕西,2025,物理类,212,168584
陕西,2025,物理类,211,168607
陕西,2025,物理类,210,168634
陕西,2025,物理类,209,168665
陕西,2025,物理类,208,168682
陕西,2025,物理类,207,168712
陕西,2025,物理类,206,168736
陕西,2025,物理类,205,168762
陕西,2025,物理类,204,168778
陕西,2025,物理类,203,168800
陕西,2025,物理类,202,168821
陕西,2025,物理类,201,168840
陕西,2025,物理类,200,168847
陕西,2025,物理类,199,168857
陕西,2025,物理类,198,168865
陕西,2025,物理类,197,168876
陕西,2025,物理类,196,168885
陕西,2025,物理类,195,168898
陕西,2025,物理类,194,168909
陕西,2025,物理类,193,168921
陕西,2025,物理类,192,168927
陕西,2025,物理类,191,168939
陕西,2025,物理类,190,168948
陕西,2025,物理类,189,168954
陕西,2025,物理类,188,168966
陕西,2025,物理类,187,168976
陕西,2025,物理类,186,168982
陕西,2025,物理类,185,168990
陕西,2025,物理类,184,168996
陕西,2025,物理类,183,169006
陕西,2025,物理类,182,169008
陕西,2025,物理类,181,169013
陕西,2025,物理类,180,169018
陕西,2025,物理类,179,169026
陕西,2025,物理类,178,169033
陕西,2025,物理类,177,169039
陕西,2025,物理类,176,169046
陕西,2025,物理类,175,169049
陕西,2025,物理类,174,169050
陕西,2025,物理类,173,169052
陕西,2025,物理类,172,169056
陕西,2025,物理类,171,169058
陕西,2025,物理类,170,169060
陕西,2025,物理类,169,169065
陕西,2025,物理类,168,169069
陕西,2025,物理类,167,169073
陕西,2025,物理类,166,169078
陕西,2025,物理类,165,169079
陕西,2025,物理类,164,169084
陕西,2025,物理类,163,169085
陕西,2025,物理类,162,169087
陕西,2025,物理类,161,169090
陕西,2025,物理类,160,169093
陕西,2025,物理类,159,169094
陕西,2025,物理类,158,169097
陕西,2025,物理类,157,169103
陕西,2025,物理类,156,169108
陕西,2025,物理类,155,169109
陕西,2025,物理类,154,169112
陕西,2025,物理类,153,169113
陕西,2025,物理类,152,169119
陕西,2025,物理类,151,169123
陕西,2025,物理类,150,169124
陕西,2025,物理类,149,169127
陕西,2025,物理类,148,169130
陕西,2025,物理类,147,169133
陕西,2025,物理类,146,169136
陕西,2025,物理类,145,169136
陕西,2025,物理类,144,169139
陕西,2025,物理类,143,169141
陕西,2025,物理类,142,169143
陕西,2025,物理类,141,169147
陕西,2025,物理类,140,169149
陕西,2025,物理类,139,169151
陕西,2025,物理类,138,169153
陕西,2025,物理类,137,169155
陕西,2025,物理类,136,169156
陕西,2025,物理类,135,169158
陕西,2025,物理类,134,169158
陕西,2025,物理类,133,169159
陕西,2025,物理类,132,169159
陕西,2025,物理类,131,169162
陕西,2025,物理类,130,169167
陕西,2025,物理类,129,169167
陕西,2025,物理类,128,169167
陕西,2025,物理类,127,169168
陕西,2025,物理类,126,169169
陕西,2025,物理类,125,169172
陕西,2025,物理类,124,169173
陕西,2025,物理类,123,169175
陕西,2025,物理类,122,169175
陕西,2025,物理类,121,169175
陕西,2025,物理类,120,169176
陕西,2025,物理类,119,169179
陕西,2025,物理类,118,169180
陕西,2025,物理类,117,169180
陕西,2025,物理类,116,169180
陕西,2025,物理类,115,169182
陕西,2025,物理类,114,169182
陕西,2025,物理类,113,169182
陕西,2025,物理类,112,169184
陕西,2025,物理类,111,169184
陕西,2025,物理类,110,169188
陕西,2025,物理类,109,169190
陕西,2025,物理类,108,169191
陕西,2025,物理类,107,169191
陕西,2025,物理类,106,169194
陕西,2025,物理类,105,169194
陕西,2025,物理类,104,169194
陕西,2025,物理类,103,169194
陕西,2025,物理类,102,169195
陕西,2025,物理类,101,169196
陕西,2025,物理类,0,172468
陕西,2025,历史类,678,6
陕西,2025,历史类,677,7
陕西,2025,历史类,676,10
陕西,2025,历史类,675,12
陕西,2025,历史类,674,16
陕西,2025,历史类,673,18
陕西,2025,历史类,672,24
陕西,2025,历史类,671,25
陕西,2025,历史类,670,27
陕西,2025,历史类,669,30
陕西,2025,历史类,668,32
陕西,2025,历史类,667,40
陕西,2025,历史类,666,49
陕西,2025,历史类,665,52
陕西,2025,历史类,664,62
陕西,2025,历史类,663,78
陕西,2025,历史类,662,83
陕西,2025,历史类,661,91
陕西,2025,历史类,660,104
陕西,2025,历史类,659,117
陕西,2025,历史类,658,134
陕西,2025,历史类,657,147
陕西,2025,历史类,656,157
陕西,2025,历史类,655,166
陕西,2025,历史类,654,175
陕西,2025,历史类,653,187
陕西,2025,历史类,652,201
陕西,2025,历史类,651,212
陕西,2025,历史类,650,225
陕西,2025,历史类,649,242
陕西,2025,历史类,648,261
陕西,2025,历史类,647,280
陕西,2025,历史类,646,299
陕西,2025,历史类,645,314
陕西,2025,历史类,644,333
陕西,2025,历史类,643,348
陕西,2025,历史类,642,372
陕西,2025,历史类,641,385
陕西,2025,历史类,640,417
陕西,2025,历史类,639,435
陕西,2025,历史类,638,462
陕西,2025,历史类,637,494
陕西,2025,历史类,636,531
陕西,2025,历史类,635,560
陕西,2025,历史类,634,596
陕西,2025,历史类,633,626
陕西,2025,历史类,632,660
陕西,2025,历史类,631,689
陕西,2025,历史类,630,712
陕西,2025,历史类,629,740
陕西,2025,历史类,628,772
陕西,2025,历史类,627,811
陕西,2025,历史类,626,847
陕西,2025,历史类,625,890
陕西,2025,历史类,624,929
陕西,2025,历史类,623,966
陕西,2025,历史类,622,1009
陕西,2025,历史类,621,1043
陕西,2025,历史类,620,1084
陕西,2025,历史类,619,1129
陕西,2025,历史类,618,1163
陕西,2025,历史类,617,1213
陕西,2025,历史类,616,1265
陕西,2025,历史类,615,1315
陕西,2025,历史类,614,1355
陕西,2025,历史类,613,1387
陕西,2025,历史类,612,1441
陕西,2025,历史类,611,1495
陕西,2025,历史类,610,1559
陕西,2025,历史类,609,1616
陕西,2025,历史类,608,1680
陕西,2025,历史类,607,1716
陕西,2025,历史类,606,1768
陕西,2025,历史类,605,1812
陕西,2025,历史类,604,1880
陕西,2025,历史类,603,1938
陕西,2025,历史类,602,1996
陕西,2025,历史类,601,2060
陕西,2025,历史类,600,2134
陕西,2025,历史类,599,2211
陕西,2025,历史类,598,2268
陕西,2025,历史类,597,2323
陕西,2025,历史类,596,2401
陕西,2025,历史类,595,2490
陕西,2025,历史类,594,2551
陕西,2025,历史类,593,2617
陕西,2025,历史类,592,2702
陕西,2025,历史类,591,2786
陕西,2025,历史类,590,2873
陕西,2025,历史类,589,2963
陕西,2025,历史类,588,3043
陕西,2025,历史类,587,3118
陕西,2025,历史类,586,3215
陕西,2025,历史类,585,3310
陕西,2025,历史类,584,3383
陕西,2025,历史类,583,3485
陕西,2025,历史类,582,3573
陕西,2025,历史类,581,3668
陕西,2025,历史类,580,3768
陕西,2025,历史类,579,3869
陕西,2025,历史类,578,3966
陕西,2025,历史类,577,4062
陕西,2025,历史类,576,4184
陕西,2025,历史类,575,4298
陕西,2025,历史类,574,4392
陕西,2025,历史类,573,4503
陕西,2025,历史类,572,4617
陕西,2025,历史类,571,4730
陕西,2025,历史类,570,4844
陕西,2025,历史类,569,4948
陕西,2025,历史类,568,5076
陕西,2025,历史类,567,5184
陕西,2025,历史类,566,5294
陕西,2025,历史类,565,5424
陕西,2025,历史类,564,5547
陕西,2025,历史类,563,5652
陕西,2025,历史类,562,5777
陕西,2025,历史类,561,5919
陕西,2025,历史类,560,6065
陕西,2025,历史类,559,6214
陕西,2025,历史类,558,6357
陕西,2025,历史类,557,6513
陕西,2025,历史类,556,6663
陕西,2025,历史类,555,6803
陕西,2025,历史类,554,6937
陕西,2025,历史类,553,7055
陕西,2025,历史类,552,7205
陕西,2025,历史类,551,7350
陕西,2025,历史类,550,7487
陕西,2025,历史类,549,7625
陕西,2025,历史类,548,7767
陕西,2025,历史类,547,7923
陕西,2025,历史类,546,8084
陕西,2025,历史类,545,8257
陕西,2025,历史类,544,8410
陕西,2025,历史类,543,8573
陕西,2025,历史类,542,8733
陕西,2025,历史类,541,8894
陕西,2025,历史类,540,9074
陕西,2025,历史类,539,9251
陕西,2025,历史类,538,9419
陕西,2025,历史类,537,9587
陕西,2025,历史类,536,9768
陕西,2025,历史类,535,9929
陕西,2025,历史类,534,10108
陕西,2025,历史类,533,10297
陕西,2025,历史类,532,10463
陕西,2025,历史类,531,10671
陕西,2025,历史类,530,10835
陕西,2025,历史类,529,11027
陕西,2025,历史类,528,11229
陕西,2025,历史类,527,11417
陕西,2025,历史类,526,11638
陕西,2025,历史类,525,11823
陕西,2025,历史类,524,12009
陕西,2025,历史类,523,12213
陕西,2025,历史类,522,12390
陕西,2025,历史类,521,12584
陕西,2025,历史类,520,12807
陕西,2025,历史类,519,13008
陕西,2025,历史类,518,13217
陕西,2025,历史类,517,13424
陕西,2025,历史类,516,13636
陕西,2025,历史类,515,13830
陕西,2025,历史类,514,14056
陕西,2025,历史类,513,14253
陕西,2025,历史类,512,14462
陕西,2025,历史类,511,14683
陕西,2025,历史类,510,14911
陕西,2025,历史类,509,15119
陕西,2025,历史类,508,15341
陕西,2025,历史类,507,15560
陕西,2025,历史类,506,15835
陕西,2025,历史类,505,16038
陕西,2025,历史类,504,16277
陕西,2025,历史类,503,16521
陕西,2025,历史类,502,16760
陕西,2025,历史类,501,17006
陕西,2025,历史类,500,17255
陕西,2025,历史类,499,17471
陕西,2025,历史类,498,17737
陕西,2025,历史类,497,17994
陕西,2025,历史类,496,18217
陕西,2025,历史类,495,18479
陕西,2025,历史类,494,18738
陕西,2025,历史类,493,18981
陕西,2025,历史类,492,19238
陕西,2025,历史类,491,19484
陕西,2025,历史类,490,19747
陕西,2025,历史类,489,20002
陕西,2025,历史类,488,20262
陕西,2025,历史类,487,20539
陕西,2025,历史类,486,20820
陕西,2025,历史类,485,21124
陕西,2025,历史类,484,21377
陕西,2025,历史类,483,21628
陕西,2025,历史类,482,21898
陕西,2025,历史类,481,22180
陕西,2025,历史类,480,22432
陕西,2025,历史类,479,22730
陕西,2025,历史类,478,23028
陕西,2025,历史类,477,23332
陕西,2025,历史类,476,23594
陕西,2025,历史类,475,23891
陕西,2025,历史类,474,24165
陕西,2025,历史类,473,24478
陕西,2025,历史类,472,24766
陕西,2025,历史类,471,25064
陕西,2025,历史类,470,25400
陕西,2025,历史类,469,25701
陕西,2025,历史类,468,25991
陕西,2025,历史类,467,26271
陕西,2025,历史类,466,26580
陕西,2025,历史类,465,26892
陕西,2025,历史类,464,27201
陕西,2025,历史类,463,27475
陕西,2025,历史类,462,27773
陕西,2025,历史类,461,28056
陕西,2025,历史类,460,28325
陕西,2025,历史类,459,28589
陕西,2025,历史类,458,28868
陕西,2025,历史类,457,29166
陕西,2025,历史类,456,29479
陕西,2025,历史类,455,29781
陕西,2025,历史类,454,30092
陕西,2025,历史类,453,30386
陕西,2025,历史类,452,30696
陕西,2025,历史类,451,31023
陕西,2025,历史类,450,31353
陕西,2025,历史类,449,31672
陕西,2025,历史类,448,31964
陕西,2025,历史类,447,32296
陕西,2025,历史类,446,32584
陕西,2025,历史类,445,32857
陕西,2025,历史类,444,33174
陕西,2025,历史类,443,33486
陕西,2025,历史类,442,33763
陕西,2025,历史类,441,34073
陕西,2025,历史类,440,34394
陕西,2025,历史类,439,34706
陕西,2025,历史类,438,35024
陕西,2025,历史类,437,35322
陕西,2025,历史类,436,35640
陕西,2025,历史类,435,35968
陕西,2025,历史类,434,36298
陕西,2025,历史类,433,36625
陕西,2025,历史类,432,36942
陕西,2025,历史类,431,37242
陕西,2025,历史类,430,37556
陕西,2025,历史类,429,37881
陕西,2025,历史类,428,38199
陕西,2025,历史类,427,38484
陕西,2025,历史类,426,38756
陕西,2025,历史类,425,39063
陕西,2025,历史类,424,39379
陕西,2025,历史类,423,39716
陕西,2025,历史类,422,40031
陕西,2025,历史类,421,40350
陕西,2025,历史类,420,40655
陕西,2025,历史类,419,40989
陕西,2025,历史类,418,41294
陕西,2025,历史类,417,41598
陕西,2025,历史类,416,41922
陕西,2025,历史类,415,42210
陕西,2025,历史类,414,42525
陕西,2025,历史类,413,42832
陕西,2025,历史类,412,43126
陕西,2025,历史类,411,43416
陕西,2025,历史类,410,43717
陕西,2025,历史类,409,44028
陕西,2025,历史类,408,44329
陕西,2025,历史类,407,44622
陕西,2025,历史类,406,44918
陕西,2025,历史类,405,45239
陕西,2025,历史类,404,45536
陕西,2025,历史类,403,45835
陕西,2025,历史类,402,46130
陕西,2025,历史类,401,46430
陕西,2025,历史类,400,46717
陕西,2025,历史类,399,47030
陕西,2025,历史类,398,47367
陕西,2025,历史类,397,47646
陕西,2025,历史类,396,47936
陕西,2025,历史类,395,48232
陕西,2025,历史类,394,48506
陕西,2025,历史类,393,48806
陕西,2025,历史类,392,49113
陕西,2025,历史类,391,49396
陕西,2025,历史类,390,49684
陕西,2025,历史类,389,49969
陕西,2025,历史类,388,50267
陕西,2025,历史类,387,50540
陕西,2025,历史类,386,50830
陕西,2025,历史类,385,51107
陕西,2025,历史类,384,51390
陕西,2025,历史类,383,51689
陕西,2025,历史类,382,51949
陕西,2025,历史类,381,52239
陕西,2025,历史类,380,52481
陕西,2025,历史类,379,52746
陕西,2025,历史类,378,52988
陕西,2025,历史类,377,53256
陕西,2025,历史类,376,53539
陕西,2025,历史类,375,53788
陕西,2025,历史类,374,54070
陕西,2025,历史类,373,54331
陕西,2025,历史类,372,54570
陕西,2025,历史类,371,54799
陕西,2025,历史类,370,55074
陕西,2025,历史类,369,55298
陕西,2025,历史类,368,55533
陕西,2025,历史类,367,55783
陕西,2025,历史类,366,56025
陕西,2025,历史类,365,56239
陕西,2025,历史类,364,56487
陕西,2025,历史类,363,56728
陕西,2025,历史类,362,56966
陕西,2025,历史类,361,57185
陕西,2025,历史类,360,57443
陕西,2025,历史类,359,57659
陕西,2025,历史类,358,57892
陕西,2025,历史类,357,58147
陕西,2025,历史类,356,58378
陕西,2025,历史类,355,58624
陕西,2025,历史类,354,58836
陕西,2025,历史类,353,59043
陕西,2025,历史类,352,59267
陕西,2025,历史类,351,59499
陕西,2025,历史类,350,59688
陕西,2025,历史类,349,59928
陕西,2025,历史类,348,60128
陕西,2025,历史类,347,60333
陕西,2025,历史类,346,60556
陕西,2025,历史类,345,60754
陕西,2025,历史类,344,60955
陕西,2025,历史类,343,61171
陕西,2025,历史类,342,61358
陕西,2025,历史类,341,61558
陕西,2025,历史类,340,61727
陕西,2025,历史类,339,61902
陕西,2025,历史类,338,62082
陕西,2025,历史类,337,62288
陕西,2025,历史类,336,62463
陕西,2025,历史类,335,62662
陕西,2025,历史类,334,62835
陕西,2025,历史类,333,63020
陕西,2025,历史类,332,63200
陕西,2025,历史类,331,63361
陕西,2025,历史类,330,63533
陕西,2025,历史类,329,63705
陕西,2025,历史类,328,63876
陕西,2025,历史类,327,64039
陕西,2025,历史类,326,64225
陕西,2025,历史类,325,64374
陕西,2025,历史类,324,64542
陕西,2025,历史类,323,64716
陕西,2025,历史类,322,64868
陕西,2025,历史类,321,65045
陕西,2025,历史类,320,65200
陕西,2025,历史类,319,65347
陕西,2025,历史类,318,65520
陕西,2025,历史类,317,65676
陕西,2025,历史类,316,65806
陕西,2025,历史类,315,65932
陕西,2025,历史类,314,66070
陕西,2025,历史类,313,66222
陕西,2025,历史类,312,66380
陕西,2025,历史类,311,66525
陕西,2025,历史类,310,66671
陕西,2025,历史类,309,66809
陕西,2025,历史类,308,66932
陕西,2025,历史类,307,67057
陕西,2025,历史类,306,67191
陕西,2025,历史类,305,67331
陕西,2025,历史类,304,67464
陕西,2025,历史类,303,67587
陕西,2025,历史类,302,67692
陕西,2025,历史类,301,67796
陕西,2025,历史类,300,67896
陕西,2025,历史类,299,68006
陕西,2025,历史类,298,68137
陕西,2025,历史类,297,68263
陕西,2025,历史类,296,68374
陕西,2025,历史类,295,68475
陕西,2025,历史类,294,68578
陕西,2025,历史类,293,68702
陕西,2025,历史类,292,68790
陕西,2025,历史类,291,68901
陕西,2025,历史类,290,69007
陕西,2025,历史类,289,69088
陕西,2025,历史类,288,69169
陕西,2025,历史类,287,69258
陕西,2025,历史类,286,69349
陕西,2025,历史类,285,69440
陕西,2025,历史类,284,69538
陕西,2025,历史类,283,69622
陕西,2025,历史类,282,69698
陕西,2025,历史类,281,69776
陕西,2025,历史类,280,69861
陕西,2025,历史类,279,69938
陕西,2025,历史类,278,70042
陕西,2025,历史类,277,70117
陕西,2025,历史类,276,70184
陕西,2025,历史类,275,70276
陕西,2025,历史类,274,70343
陕西,2025,历史类,273,70414
陕西,2025,历史类,272,70485
陕西,2025,历史类,271,70547
陕西,2025,历史类,270,70611
陕西,2025,历史类,269,70685
陕西,2025,历史类,268,70753
陕西,2025,历史类,267,70834
陕西,2025,历史类,266,70883
陕西,2025,历史类,265,70944
陕西,2025,历史类,264,71002
陕西,2025,历史类,263,71047
陕西,2025,历史类,262,71095
陕西,2025,历史类,261,71154
陕西,2025,历史类,260,71201
陕西,2025,历史类,259,71251
陕西,2025,历史类,258,71311
陕西,2025,历史类,257,71364
陕西,2025,历史类,256,71422
陕西,2025,历史类,255,71474
陕西,2025,历史类,254,71536
陕西,2025,历史类,253,71593
陕西,2025,历史类,252,71632
陕西,2025,历史类,251,71673
陕西,2025,历史类,250,71715
陕西,2025,历史类,249,71749
陕西,2025,历史类,248,71795
陕西,2025,历史类,247,71849
陕西,2025,历史类,246,71884
陕西,2025,历史类,245,71929
陕西,2025,历史类,244,71979
陕西,2025,历史类,243,72021
陕西,2025,历史类,242,72049
陕西,2025,历史类,241,72076
陕西,2025,历史类,240,72111
陕西,2025,历史类,239,72153
陕西,2025,历史类,238,72180
陕西,2025,历史类,237,72224
陕西,2025,历史类,236,72255
陕西,2025,历史类,235,72282
陕西,2025,历史类,234,72313
陕西,2025,历史类,233,72339
陕西,2025,历史类,232,72366
陕西,2025,历史类,231,72395
陕西,2025,历史类,230,72413
陕西,2025,历史类,229,72432
陕西,2025,历史类,228,72456
陕西,2025,历史类,227,72479
陕西,2025,历史类,226,72489
陕西,2025,历史类,225,72501
陕西,2025,历史类,224,72514
陕西,2025,历史类,223,72533
陕西,2025,历史类,222,72551
陕西,2025,历史类,221,72571
陕西,2025,历史类,220,72588
陕西,2025,历史类,219,72602
陕西,2025,历史类,218,72620
陕西,2025,历史类,217,72635
陕西,2025,历史类,216,72652
陕西,2025,历史类,215,72664
陕西,2025,历史类,214,72678
陕西,2025,历史类,213,72682
陕西,2025,历史类,212,72692
陕西,2025,历史类,211,72707
陕西,2025,历史类,210,72720
陕西,2025,历史类,209,72733
陕西,2025,历史类,208,72748
陕西,2025,历史类,207,72759
陕西,2025,历史类,206,72770
陕西,2025,历史类,205,72776
陕西,2025,历史类,204,72789
陕西,2025,历史类,203,72799
陕西,2025,历史类,202,72803
陕西,2025,历史类,201,72813
陕西,2025,历史类,200,72820
陕西,2025,历史类,199,72830
陕西,2025,历史类,198,72844
陕西,2025,历史类,197,72848
陕西,2025,历史类,196,72852
陕西,2025,历史类,195,72857
陕西,2025,历史类,194,72861
陕西,2025,历史类,193,72870
陕西,2025,历史类,192,72876
陕西,2025,历史类,191,72883
陕西,2025,历史类,190,72883
陕西,2025,历史类,189,72885
陕西,2025,历史类,188,72894
陕西,2025,历史类,187,72902
陕西,2025,历史类,186,72908
陕西,2025,历史类,185,72912
陕西,2025,历史类,184,72917
陕西,2025,历史类,183,72922
陕西,2025,历史类,182,72928
陕西,2025,历史类,181,72933
陕西,2025,历史类,180,72937
陕西,2025,历史类,179,72943
陕西,2025,历史类,178,72945
陕西,2025,历史类,177,72951
陕西,2025,历史类,176,72954
陕西,2025,历史类,175,72957
陕西,2025,历史类,174,72960
陕西,2025,历史类,173,72961
陕西,2025,历史类,172,72962
陕西,2025,历史类,171,72966
陕西,2025,历史类,170,72969
陕西,2025,历史类,169,72972
陕西,2025,历史类,168,72972
陕西,2025,历史类,167,72975
陕西,2025,历史类,166,72976
陕西,2025,历史类,165,72978
陕西,2025,历史类,164,72981
陕西,2025,历史类,163,72983
陕西,2025,历史类,162,72984
陕西,2025,历史类,161,72987
陕西,2025,历史类,160,72989
陕西,2025,历史类,159,72993
陕西,2025,历史类,158,72995
陕西,2025,历史类,157,72998
陕西,2025,历史类,156,73001
陕西,2025,历史类,155,73003
陕西,2025,历史类,154,73003
陕西,2025,历史类,153,73003
陕西,2025,历史类,152,73003
陕西,2025,历史类,151,73005
陕西,2025,历史类,150,73006
陕西,2025,历史类,149,73011
陕西,2025,历史类,148,73013
陕西,2025,历史类,147,73014
陕西,2025,历史类,146,73015
陕西,2025,历史类,145,73016
陕西,2025,历史类,144,73017
陕西,2025,历史类,143,73018
陕西,2025,历史类,142,73019
陕西,2025,历史类,141,73021
陕西,2025,历史类,140,73024
陕西,2025,历史类,139,73024
陕西,2025,历史类,138,73025
陕西,2025,历史类,137,73025
陕西,2025,历史类,136,73028
陕西,2025,历史类,135,73029
陕西,2025,历史类,134,73029
陕西,2025,历史类,133,73029
陕西,2025,历史类,132,73030
陕西,2025,历史类,131,73030
陕西,2025,历史类,130,73031
陕西,2025,历史类,129,73031
陕西,2025,历史类,128,73032
陕西,2025,历史类,127,73033
陕西,2025,历史类,126,73033
陕西,2025,历史类,125,73033
陕西,2025,历史类,124,73033
陕西,2025,历史类,123,73034
陕西,2025,历史类,122,73035
陕西,2025,历史类,121,73038
陕西,2025,历史类,120,73038
陕西,2025,历史类,119,73038
陕西,2025,历史类,118,73038
陕西,2025,历史类,117,73038
陕西,2025,历史类,116,73038
陕西,2025,历史类,115,73039
陕西,2025,历史类,114,73039
陕西,2025,历史类,113,73039
陕西,2025,历史类,112,73039
陕西,2025,历史类,111,73039
陕西,2025,历史类,110,73041
陕西,2025,历史类,109,73041
陕西,2025,历史类,108,73041
陕西,2025,历史类,107,73042
陕西,2025,历史类,106,73042
陕西,2025,历史类,105,73042
陕西,2025,历史类,104,73042
陕西,2025,历史类,103,73042
陕西,2025,历史类,102,73042
陕西,2025,历史类,101,73043
陕西,2025,历史类,0,75641
陕西,2024,理科,712,12
陕西,2024,理科,711,14
陕西,2024,理科,710,14
陕西,2024,理科,709,17
陕西,2024,理科,708,21
陕西,2024,理科,707,22
陕西,2024,理科,706,27
陕西,2024,理科,705,31
陕西,2024,理科,704,33
陕西,2024,理科,703,37
陕西,2024,理科,702,43
陕西,2024,理科,701,49
陕西,2024,理科,700,58
陕西,2024,理科,699,69
陕西,2024,理科,698,78
陕西,2024,理科,697,94
陕西,2024,理科,696,103
陕西,2024,理科,695,114
陕西,2024,理科,694,124
陕西,2024,理科,693,133
陕西,2024,理科,692,138
陕西,2024,理科,691,148
陕西,2024,理科,690,159
陕西,2024,理科,689,173
陕西,2024,理科,688,195
陕西,2024,理科,687,209
陕西,2024,理科,686,229
陕西,2024,理科,685,252
陕西,2024,理科,684,270
陕西,2024,理科,683,294
陕西,2024,理科,682,313
陕西,2024,理科,681,336
陕西,2024,理科,680,364
陕西,2024,理科,679,398
陕西,2024,理科,678,426
陕西,2024,理科,677,467
陕西,2024,理科,676,499
陕西,2024,理科,675,536
陕西,2024,理科,674,592
陕西,2024,理科,673,628
陕西,2024,理科,672,665
陕西,2024,理科,671,700
陕西,2024,理科,670,743
陕西,2024,理科,669,798
陕西,2024,理科,668,852
陕西,2024,理科,667,905
陕西,2024,理科,666,957
陕西,2024,理科,665,1002
陕西,2024,理科,664,1062
陕西,2024,理科,663,1111
陕西,2024,理科,662,1181
陕西,2024,理科,661,1239
陕西,2024,理科,660,1298
陕西,2024,理科,659,1365
陕西,2024,理科,658,1422
陕西,2024,理科,657,1476
陕西,2024,理科,656,1533
陕西,2024,理科,655,1603
陕西,2024,理科,654,1674
陕西,2024,理科,653,1751
陕西,2024,理科,652,1825
陕西,2024,理科,651,1894
陕西,2024,理科,650,1973
陕西,2024,理科,649,2055
陕西,2024,理科,648,2134
陕西,2024,理科,647,2233
陕西,2024,理科,646,2311
陕西,2024,理科,645,2413
陕西,2024,理科,644,2508
陕西,2024,理科,643,2601
陕西,2024,理科,642,2713
陕西,2024,理科,641,2822
陕西,2024,理科,640,2929
陕西,2024,理科,639,3041
陕西,2024,理科,638,3136
陕西,2024,理科,637,3250
陕西,2024,理科,636,3372
陕西,2024,理科,635,3485
陕西,2024,理科,634,3605
陕西,2024,理科,633,3729
陕西,2024,理科,632,3847
陕西,2024,理科,631,3982
陕西,2024,理科,630,4119
陕西,2024,理科,629,4244
陕西,2024,理科,628,4391
陕西,2024,理科,627,4542
陕西,2024,理科,626,4677
陕西,2024,理科,625,4794
陕西,2024,理科,624,4934
陕西,2024,理科,623,5074
陕西,2024,理科,622,5192
陕西,2024,理科,621,5352
陕西,2024,理科,620,5510
陕西,2024,理科,619,5662
陕西,2024,理科,618,5836
陕西,2024,理科,617,5981
陕西,2024,理科,616,6134
陕西,2024,理科,615,6291
陕西,2024,理科,614,6463
陕西,2024,理科,613,6636
陕西,2024,理科,612,6799
陕西,2024,理科,611,6996
陕西,2024,理科,610,7176
陕西,2024,理科,609,7360
陕西,2024,理科,608,7584
陕西,2024,理科,607,7758
陕西,2024,理科,606,7941
陕西,2024,理科,605,8144
陕西,2024,理科,604,8356
陕西,2024,理科,603,8573
陕西,2024,理科,602,8791
陕西,2024,理科,601,8975
陕西,2024,理科,600,9198
陕西,2024,理科,599,9393
陕西,2024,理科,598,9618
陕西,2024,理科,597,9839
陕西,2024,理科,596,10036
陕西,2024,理科,595,10243
陕西,2024,理科,594,10469
陕西,2024,理科,593,10703
陕西,2024,理科,592,10909
陕西,2024,理科,591,11116
陕西,2024,理科,590,11359
陕西,2024,理科,589,11568
陕西,2024,理科,588,11799
陕西,2024,理科,587,12013
陕西,2024,理科,586,12230
陕西,2024,理科,585,12471
陕西,2024,理科,584,12731
陕西,2024,理科,583,12979
陕西,2024,理科,582,13209
陕西,2024,理科,581,13480
陕西,2024,理科,580,13704
陕西,2024,理科,579,13927
陕西,2024,理科,578,14185
陕西,2024,理科,577,14466
陕西,2024,理科,576,14713
陕西,2024,理科,575,15023
陕西,2024,理科,574,15305
陕西,2024,理科,573,15572
陕西,2024,理科,572,15844
陕西,2024,理科,571,16120
陕西,2024,理科,570,16379
陕西,2024,理科,569,16685
陕西,2024,理科,568,16995
陕西,2024,理科,567,17300
陕西,2024,理科,566,17611
陕西,2024,理科,565,17916
陕西,2024,理科,564,18217
陕西,2024,理科,563,18536
陕西,2024,理科,562,18836
陕西,2024,理科,561,19153
陕西,2024,理科,560,19496
陕西,2024,理科,559,19824
陕西,2024,理科,558,20165
陕西,2024,理科,557,20484
陕西,2024,理科,556,20796
陕西,2024,理科,555,21119
陕西,2024,理科,554,21439
陕西,2024,理科,553,21772
陕西,2024,理科,552,22105
陕西,2024,理科,551,22449
陕西,2024,理科,550,22801
陕西,2024,理科,549,23134
陕西,2024,理科,548,23517
陕西,2024,理科,547,23840
陕西,2024,理科,546,24185
陕西,2024,理科,545,24554
陕西,2024,理科,544,24881
陕西,2024,理科,543,25293
陕西,2024,理科,542,25652
陕西,2024,理科,541,26012
陕西,2024,理科,540,26393
陕西,2024,理科,539,26790
陕西,2024,理科,538,27192
陕西,2024,理科,537,27605
陕西,2024,理科,536,27995
陕西,2024,理科,535,28366
陕西,2024,理科,534,28777
陕西,2024,理科,533,29228
陕西,2024,理科,532,29684
陕西,2024,理科,531,30100
陕西,2024,理科,530,30522
陕西,2024,理科,529,30970
陕西,2024,理科,528,31436
陕西,2024,理科,527,31869
陕西,2024,理科,526,32295
陕西,2024,理科,525,32751
陕西,2024,理科,524,33235
陕西,2024,理科,523,33718
陕西,2024,理科,522,34201
陕西,2024,理科,521,34697
陕西,2024,理科,520,35164
陕西,2024,理科,519,35651
陕西,2024,理科,518,36149
陕西,2024,理科,517,36650
陕西,2024,理科,516,37171
陕西,2024,理科,515,37657
陕西,2024,理科,514,38168
陕西,2024,理科,513,38682
陕西,2024,理科,512,39177
陕西,2024,理科,511,39716
陕西,2024,理科,510,40223
陕西,2024,理科,509,40773
陕西,2024,理科,508,41277
陕西,2024,理科,507,41804
陕西,2024,理科,506,42363
陕西,2024,理科,505,42908
陕西,2024,理科,504,43446
陕西,2024,理科,503,44032
陕西,2024,理科,502,44619
陕西,2024,理科,501,45209
陕西,2024,理科,500,45763
陕西,2024,理科,499,46357
陕西,2024,理科,498,46934
陕西,2024,理科,497,47491
陕西,2024,理科,496,48100
陕西,2024,理科,495,48731
陕西,2024,理科,494,49302
陕西,2024,理科,493,49861
陕西,2024,理科,492,50492
陕西,2024,理科,491,51131
陕西,2024,理科,490,51717
陕西,2024,理科,489,52358
陕西,2024,理科,488,52963
陕西,2024,理科,487,53576
陕西,2024,理科,486,54185
陕西,2024,理科,485,54824
陕西,2024,理科,484,55410
陕西,2024,理科,483,56036
陕西,2024,理科,482,56695
陕西,2024,理科,481,57320
陕西,2024,理科,480,57928
陕西,2024,理科,479,58581
陕西,2024,理科,478,59266
陕西,2024,理科,477,59935
陕西,2024,理科,476,60653
陕西,2024,理科,475,61286
陕西,2024,理科,474,61957
陕西,2024,理科,473,62675
陕西,2024,理科,472,63377
陕西,2024,理科,471,64057
陕西,2024,理科,470,64759
陕西,2024,理科,469,65433
陕西,2024,理科,468,66149
陕西,2024,理科,467,66861
陕西,2024,理科,466,67555
陕西,2024,理科,465,68262
陕西,2024,理科,464,68969
陕西,2024,理科,463,69697
陕西,2024,理科,462,70401
陕西,2024,理科,461,71109
陕西,2024,理科,460,71841
陕西,2024,理科,459,72563
陕西,2024,理科,458,73268
陕西,2024,理科,457,73946
陕西,2024,理科,456,74597
陕西,2024,理科,455,75313
陕西,2024,理科,454,76049
陕西,2024,理科,453,76746
陕西,2024,理科,452,77438
陕西,2024,理科,451,78130
陕西,2024,理科,450,78829
陕西,2024,理科,449,79522
陕西,2024,理科,448,80254
陕西,2024,理科,447,80946
陕西,2024,理科,446,81647
陕西,2024,理科,445,82371
陕西,2024,理科,444,83123
陕西,2024,理科,443,83846
陕西,2024,理科,442,84560
陕西,2024,理科,441,85319
陕西,2024,理科,440,86074
陕西,2024,理科,439,86808
陕西,2024,理科,438,87460
陕西,2024,理科,437,88263
陕西,2024,理科,436,89002
陕西,2024,理科,435,89735
陕西,2024,理科,434,90505
陕西,2024,理科,433,91242
陕西,2024,理科,432,91900
陕西,2024,理科,431,92594
陕西,2024,理科,430,93343
陕西,2024,理科,429,94073
陕西,2024,理科,428,94788
陕西,2024,理科,427,95560
陕西,2024,理科,426,96291
陕西,2024,理科,425,97009
陕西,2024,理科,424,97709
陕西,2024,理科,423,98390
陕西,2024,理科,422,99076
陕西,2024,理科,421,99745
陕西,2024,理科,420,100484
陕西,2024,理科,419,101199
陕西,2024,理科,418,101882
陕西,2024,理科,417,102570
陕西,2024,理科,416,103278
陕西,2024,理科,415,104017
陕西,2024,理科,414,104735
陕西,2024,理科,413,105441
陕西,2024,理科,412,106146
陕西,2024,理科,411,106834
陕西,2024,理科,410,107537
陕西,2024,理科,409,108248
陕西,2024,理科,408,108945
陕西,2024,理科,407,109581
陕西,2024,理科,406,110311
陕西,2024,理科,405,110985
陕西,2024,理科,404,111637
陕西,2024,理科,403,112266
陕西,2024,理科,402,112938
陕西,2024,理科,401,113654
陕西,2024,理科,400,114341
陕西,2024,理科,399,115009
陕西,2024,理科,398,115689
陕西,2024,理科,397,116349
陕西,2024,理科,396,116972
陕西,2024,理科,395,117610
陕西,2024,理科,394,118268
陕西,2024,理科,393,118899
陕西,2024,理科,392,119587
陕西,2024,理科,391,120219
陕西,2024,理科,390,120858
陕西,2024,理科,389,121492
陕西,2024,理科,388,122096
陕西,2024,理科,387,122721
陕西,2024,理科,386,123362
陕西,2024,理科,385,123992
陕西,2024,理科,384,124646
陕西,2024,理科,383,125264
陕西,2024,理科,382,125854
陕西,2024,理科,381,126454
陕西,2024,理科,380,127045
陕西,2024,理科,379,127654
陕西,2024,理科,378,128222
陕西,2024,理科,377,128794
陕西,2024,理科,376,129367
陕西,2024,理科,375,129943
陕西,2024,理科,374,130536
陕西,2024,理科,373,131132
陕西,2024,理科,372,131737
陕西,2024,理科,371,132321
陕西,2024,理科,370,132899
陕西,2024,理科,369,133434
陕西,2024,理科,368,133976
陕西,2024,理科,367,134537
陕西,2024,理科,366,135096
陕西,2024,理科,365,135601
陕西,2024,理科,364,136110
陕西,2024,理科,363,136665
陕西,2024,理科,362,137211
陕西,2024,理科,361,137744
陕西,2024,理科,360,138262
陕西,2024,理科,359,138764
陕西,2024,理科,358,139307
陕西,2024,理科,357,139785
陕西,2024,理科,356,140286
陕西,2024,理科,355,140790
陕西,2024,理科,354,141305
陕西,2024,理科,353,141779
陕西,2024,理科,352,142293
陕西,2024,理科,351,142756
陕西,2024,理科,350,143226
陕西,2024,理科,349,143673
陕西,2024,理科,348,144121
陕西,2024,理科,347,144629
陕西,2024,理科,346,145087
陕西,2024,理科,345,145507
陕西,2024,理科,344,145936
陕西,2024,理科,343,146377
陕西,2024,理科,342,146795
陕西,2024,理科,341,147197
陕西,2024,理科,340,147615
陕西,2024,理科,339,147998
陕西,2024,理科,338,148401
陕西,2024,理科,337,148799
陕西,2024,理科,336,149176
陕西,2024,理科,335,149559
陕西,2024,理科,334,149938
陕西,2024,理科,333,150318
陕西,2024,理科,332,150684
陕西,2024,理科,331,151079
陕西,2024,理科,330,151466
陕西,2024,理科,329,151828
陕西,2024,理科,328,152203
陕西,2024,理科,327,152552
陕西,2024,理科,326,152912
陕西,2024,理科,325,153237
陕西,2024,理科,324,153554
陕西,2024,理科,323,153883
陕西,2024,理科,322,154205
陕西,2024,理科,321,154530
陕西,2024,理科,320,154856
陕西,2024,理科,319,155165
陕西,2024,理科,318,155413
陕西,2024,理科,317,155725
陕西,2024,理科,316,156029
陕西,2024,理科,315,156319
陕西,2024,理科,314,156606
陕西,2024,理科,313,156900
陕西,2024,理科,312,157180
陕西,2024,理科,311,157454
陕西,2024,理科,310,157711
陕西,2024,理科,309,157976
陕西,2024,理科,308,158243
陕西,2024,理科,307,158518
陕西,2024,理科,306,158762
陕西,2024,理科,305,159009
陕西,2024,理科,304,159264
陕西,2024,理科,303,159489
陕西,2024,理科,302,159719
陕西,2024,理科,301,159953
陕西,2024,理科,300,160183
陕西,2024,理科,299,160417
陕西,2024,理科,298,160681
陕西,2024,理科,297,160921
陕西,2024,理科,296,161139
陕西,2024,理科,295,161338
陕西,2024,理科,294,161566
陕西,2024,理科,293,161779
陕西,2024,理科,292,161987
陕西,2024,理科,291,162189
陕西,2024,理科,290,162369
陕西,2024,理科,289,162593
陕西,2024,理科,288,162806
陕西,2024,理科,287,162996
陕西,2024,理科,286,163198
陕西,2024,理科,285,163382
陕西,2024,理科,284,163562
陕西,2024,理科,283,163731
陕西,2024,理科,282,163904
陕西,2024,理科,281,164078
陕西,2024,理科,280,164254
陕西,2024,理科,279,164422
陕西,2024,理科,278,164567
陕西,2024,理科,277,164698
陕西,2024,理科,276,164849
陕西,2024,理科,275,165005
陕西,2024,理科,274,165158
陕西,2024,理科,273,165325
陕西,2024,理科,272,165460
陕西,2024,理科,271,165583
陕西,2024,理科,270,165723
陕西,2024,理科,269,165857
陕西,2024,理科,268,166000
陕西,2024,理科,267,166108
陕西,2024,理科,266,166241
陕西,2024,理科,265,166365
陕西,2024,理科,264,166480
陕西,2024,理科,263,166611
陕西,2024,理科,262,166730
陕西,2024,理科,261,166867
陕西,2024,理科,260,167014
陕西,2024,理科,259,167149
陕西,2024,理科,258,167257
陕西,2024,理科,257,167380
陕西,2024,理科,256,167476
陕西,2024,理科,255,167583
陕西,2024,理科,254,167674
陕西,2024,理科,253,167769
陕西,2024,理科,252,167856
陕西,2024,理科,251,167938
陕西,2024,理科,250,168029
陕西,2024,理科,249,168114
陕西,2024,理科,248,168211
陕西,2024,理科,247,168305
陕西,2024,理科,246,168381
陕西,2024,理科,245,168455
陕西,2024,理科,244,168521
陕西,2024,理科,243,168600
陕西,2024,理科,242,168695
陕西,2024,理科,241,168789
陕西,2024,理科,240,168873
陕西,2024,理科,239,168929
陕西,2024,理科,238,169015
陕西,2024,理科,237,169098
陕西,2024,理科,236,169185
陕西,2024,理科,235,169257
陕西,2024,理科,234,169323
陕西,2024,理科,233,169392
陕西,2024,理科,232,169473
陕西,2024,理科,231,169546
陕西,2024,理科,230,169613
陕西,2024,理科,229,169691
陕西,2024,理科,228,169755
陕西,2024,理科,227,169813
陕西,2024,理科,226,169885
陕西,2024,理科,225,169964
陕西,2024,理科,224,170031
陕西,2024,理科,223,170083
陕西,2024,理科,222,170133
陕西,2024,理科,221,170182
陕西,2024,理科,220,170239
陕西,2024,理科,219,170308
陕西,2024,理科,218,170354
陕西,2024,理科,217,170401
陕西,2024,理科,216,170445
陕西,2024,理科,215,170489
陕西,2024,理科,214,170537
陕西,2024,理科,213,170585
陕西,2024,理科,212,170635
陕西,2024,理科,211,170681
陕西,2024,理科,210,170732
陕西,2024,理科,209,170778
陕西,2024,理科,208,170826
陕西,2024,理科,207,170871
陕西,2024,理科,206,170904
陕西,2024,理科,205,170944
陕西,2024,理科,204,170979
陕西,2024,理科,203,171018
陕西,2024,理科,202,171052
陕西,2024,理科,201,171095
陕西,2024,理科,200,171132
陕西,2024,理科,199,171166
陕西,2024,理科,198,171198
陕西,2024,理科,197,171227
陕西,2024,理科,196,171257
陕西,2024,理科,195,171293
陕西,2024,理科,194,171322
陕西,2024,理科,193,171357
陕西,2024,理科,192,171394
陕西,2024,理科,191,171423
陕西,2024,理科,190,171457
陕西,2024,理科,189,171485
陕西,2024,理科,188,171513
陕西,2024,理科,187,171540
陕西,2024,理科,186,171578
陕西,2024,理科,185,171600
陕西,2024,理科,184,171628
陕西,2024,理科,183,171652
陕西,2024,理科,182,171671
陕西,2024,理科,181,171703
陕西,2024,理科,180,171723
陕西,2024,理科,179,171751
陕西,2024,理科,178,171765
陕西,2024,理科,177,171781
陕西,2024,理科,176,171802
陕西,2024,理科,175,171824
陕西,2024,理科,174,171842
陕西,2024,理科,173,171859
陕西,2024,理科,172,171884
陕西,2024,理科,171,171898
陕西,2024,理科,170,171920
陕西,2024,理科,169,171935
陕西,2024,理科,168,171946
陕西,2024,理科,167,171961
陕西,2024,理科,166,171979
陕西,2024,理科,165,171986
陕西,2024,理科,164,171996
陕西,2024,理科,163,172014
陕西,2024,理科,162,172024
陕西,2024,理科,161,172039
陕西,2024,理科,160,172050
陕西,2024,理科,159,172065
陕西,2024,理科,158,172077
陕西,2024,理科,157,172091
陕西,2024,理科,156,172097
陕西,2024,理科,155,172111
陕西,2024,理科,154,172121
陕西,2024,理科,153,172129
陕西,2024,理科,152,172137
陕西,2024,理科,151,172144
陕西,2024,理科,150,172150
陕西,2024,理科,149,172158
陕西,2024,理科,148,172167
陕西,2024,理科,147,172172
陕西,2024,理科,146,172178
陕西,2024,理科,145,172185
陕西,2024,理科,144,172194
陕西,2024,理科,143,172203
陕西,2024,理科,142,172205
陕西,2024,理科,141,172211
陕西,2024,理科,140,172219
陕西,2024,理科,139,172224
陕西,2024,理科,138,172229
陕西,2024,理科,137,172234
陕西,2024,理科,136,172236
陕西,2024,理科,135,172241
陕西,2024,理科,134,172249
陕西,2024,理科,133,172253
陕西,2024,理科,132,172254
陕西,2024,理科,131,172256
陕西,2024,理科,130,172262
陕西,2024,理科,129,172264
陕西,2024,理科,128,172270
陕西,2024,理科,127,172272
陕西,2024,理科,126,172275
陕西,2024,理科,125,172280
陕西,2024,理科,124,172285
陕西,2024,理科,123,172289
陕西,2024,理科,122,172296
陕西,2024,理科,121,172299
陕西,2024,理科,120,172300
陕西,2024,理科,119,172303
陕西,2024,理科,118,172306
陕西,2024,理科,117,172309
陕西,2024,理科,116,172314
陕西,2024,理科,115,172317
陕西,2024,理科,114,172320
陕西,2024,理科,113,172320
陕西,2024,理科,112,172324
陕西,2024,理科,111,172325
陕西,2024,理科,110,172325
陕西,2024,理科,109,172330
陕西,2024,理科,108,172332
陕西,2024,理科,107,172337
陕西,2024,理科,106,172339
陕西,2024,理科,105,172341
陕西,2024,理科,104,172345
陕西,2024,理科,103,172347
陕西,2024,理科,102,172350
陕西,2024,理科,101,172350
陕西,2024,理科,100,172350
陕西,2024,理科,0,174874
陕西,2024,文科,652,12
陕西,2024,文科,649,15
陕西,2024,文科,648,17
陕西,2024,文科,647,19
陕西,2024,文科,646,19
陕西,2024,文科,645,21
陕西,2024,文科,644,24
陕西,2024,文科,643,29
陕西,2024,文科,642,33
陕西,2024,文科,641,39
陕西,2024,文科,640,42
陕西,2024,文科,639,46
陕西,2024,文科,638,47
陕西,2024,文科,637,49
陕西,2024,文科,636,53
陕西,2024,文科,635,59
陕西,2024,文科,634,63
陕西,2024,文科,633,68
陕西,2024,文科,632,73
陕西,2024,文科,631,77
陕西,2024,文科,630,91
陕西,2024,文科,629,97
陕西,2024,文科,628,103
陕西,2024,文科,627,111
陕西,2024,文科,626,121
陕西,2024,文科,625,128
陕西,2024,文科,624,133
陕西,2024,文科,623,144
陕西,2024,文科,622,154
陕西,2024,文科,621,161
陕西,2024,文科,620,170
陕西,2024,文科,619,179
陕西,2024,文科,618,189
陕西,2024,文科,617,208
陕西,2024,文科,616,232
陕西,2024,文科,615,250
陕西,2024,文科,614,264
陕西,2024,文科,613,283
陕西,2024,文科,612,299
陕西,2024,文科,611,309
陕西,2024,文科,610,335
陕西,2024,文科,609,355
陕西,2024,文科,608,370
陕西,2024,文科,607,393
陕西,2024,文科,606,415
陕西,2024,文科,605,435
陕西,2024,文科,604,460
陕西,2024,文科,603,487
陕西,2024,文科,602,517
陕西,2024,文科,601,539
陕西,2024,文科,600,565
陕西,2024,文科,599,588
陕西,2024,文科,598,612
陕西,2024,文科,597,631
陕西,2024,文科,596,659
陕西,2024,文科,595,687
陕西,2024,文科,594,721
陕西,2024,文科,593,752
陕西,2024,文科,592,780
陕西,2024,文科,591,812
陕西,2024,文科,590,853
陕西,2024,文科,589,882
陕西,2024,文科,588,915
陕西,2024,文科,587,961
陕西,2024,文科,586,997
陕西,2024,文科,585,1041
陕西,2024,文科,584,1077
陕西,2024,文科,583,1113
陕西,2024,文科,582,1165
陕西,2024,文科,581,1207
陕西,2024,文科,580,1257
陕西,2024,文科,579,1301
陕西,2024,文科,578,1344
陕西,2024,文科,577,1385
陕西,2024,文科,576,1439
陕西,2024,文科,575,1488
陕西,2024,文科,574,1545
陕西,2024,文科,573,1599
陕西,2024,文科,572,1646
陕西,2024,文科,571,1694
陕西,2024,文科,570,1750
陕西,2024,文科,569,1804
陕西,2024,文科,568,1873
陕西,2024,文科,567,1944
陕西,2024,文科,566,2004
陕西,2024,文科,565,2066
陕西,2024,文科,564,2119
陕西,2024,文科,563,2186
陕西,2024,文科,562,2261
陕西,2024,文科,561,2328
陕西,2024,文科,560,2424
陕西,2024,文科,559,2500
陕西,2024,文科,558,2578
陕西,2024,文科,557,2653
陕西,2024,文科,556,2736
陕西,2024,文科,555,2828
陕西,2024,文科,554,2924
陕西,2024,文科,553,3018
陕西,2024,文科,552,3103
陕西,2024,文科,551,3203
陕西,2024,文科,550,3291
陕西,2024,文科,549,3387
陕西,2024,文科,548,3487
陕西,2024,文科,547,3589
陕西,2024,文科,546,3679
陕西,2024,文科,545,3777
陕西,2024,文科,544,3885
陕西,2024,文科,543,3985
陕西,2024,文科,542,4098
陕西,2024,文科,541,4229
陕西,2024,文科,540,4350
陕西,2024,文科,539,4465
陕西,2024,文科,538,4579
陕西,2024,文科,537,4708
陕西,2024,文科,536,4856
陕西,2024,文科,535,4971
陕西,2024,文科,534,5083
陕西,2024,文科,533,5211
陕西,2024,文科,532,5341
陕西,2024,文科,531,5466
陕西,2024,文科,530,5609
陕西,2024,文科,529,5751
陕西,2024,文科,528,5893
陕西,2024,文科,527,6027
陕西,2024,文科,526,6171
陕西,2024,文科,525,6335
陕西,2024,文科,524,6480
陕西,2024,文科,523,6618
陕西,2024,文科,522,6767
陕西,2024,文科,521,6950
陕西,2024,文科,520,7136
陕西,2024,文科,519,7319
陕西,2024,文科,518,7481
陕西,2024,文科,517,7643
陕西,2024,文科,516,7829
陕西,2024,文科,515,8001
陕西,2024,文科,514,8195
陕西,2024,文科,513,8406
陕西,2024,文科,512,8613
陕西,2024,文科,511,8810
陕西,2024,文科,510,9015
陕西,2024,文科,509,9207
陕西,2024,文科,508,9438
陕西,2024,文科,507,9648
陕西,2024,文科,506,9860
陕西,2024,文科,505,10083
陕西,2024,文科,504,10322
陕西,2024,文科,503,10538
陕西,2024,文科,502,10757
陕西,2024,文科,501,11001
陕西,2024,文科,500,11230
陕西,2024,文科,499,11455
陕西,2024,文科,498,11692
陕西,2024,文科,497,11926
陕西,2024,文科,496,12198
陕西,2024,文科,495,12455
陕西,2024,文科,494,12733
陕西,2024,文科,493,12966
陕西,2024,文科,492,13245
陕西,2024,文科,491,13489
陕西,2024,文科,490,13722
陕西,2024,文科,489,13994
陕西,2024,文科,488,14303
陕西,2024,文科,487,14607
陕西,2024,文科,486,14904
陕西,2024,文科,485,15169
陕西,2024,文科,484,15479
陕西,2024,文科,483,15767
陕西,2024,文科,482,16053
陕西,2024,文科,481,16358
陕西,2024,文科,480,16651
陕西,2024,文科,479,16946
陕西,2024,文科,478,17256
陕西,2024,文科,477,17555
陕西,2024,文科,476,17866
陕西,2024,文科,475,18188
陕西,2024,文科,474,18511
陕西,2024,文科,473,18838
陕西,2024,文科,472,19188
陕西,2024,文科,471,19540
陕西,2024,文科,470,19855
陕西,2024,文科,469,20193
陕西,2024,文科,468,20504
陕西,2024,文科,467,20835
陕西,2024,文科,466,21196
陕西,2024,文科,465,21568
陕西,2024,文科,464,21922
陕西,2024,文科,463,22249
陕西,2024,文科,462,22581
陕西,2024,文科,461,22911
陕西,2024,文科,460,23278
陕西,2024,文科,459,23628
陕西,2024,文科,458,23993
陕西,2024,文科,457,24335
陕西,2024,文科,456,24714
陕西,2024,文科,455,25040
陕西,2024,文科,454,25401
陕西,2024,文科,453,25779
陕西,2024,文科,452,26154
陕西,2024,文科,451,26508
陕西,2024,文科,450,26926
陕西,2024,文科,449,27298
陕西,2024,文科,448,27651
陕西,2024,文科,447,28024
陕西,2024,文科,446,28394
陕西,2024,文科,445,28759
陕西,2024,文科,444,29163
陕西,2024,文科,443,29547
陕西,2024,文科,442,29943
陕西,2024,文科,441,30317
陕西,2024,文科,440,30709
陕西,2024,文科,439,31100
陕西,2024,文科,438,31534
陕西,2024,文科,437,31930
陕西,2024,文科,436,32334
陕西,2024,文科,435,32780
陕西,2024,文科,434,33144
陕西,2024,文科,433,33527
陕西,2024,文科,432,33894
陕西,2024,文科,431,34306
陕西,2024,文科,430,34729
陕西,2024,文科,429,35135
陕西,2024,文科,428,35547
陕西,2024,文科,427,35956
陕西,2024,文科,426,36359
陕西,2024,文科,425,36707
陕西,2024,文科,424,37070
陕西,2024,文科,423,37466
陕西,2024,文科,422,37840
陕西,2024,文科,421,38231
陕西,2024,文科,420,38635
陕西,2024,文科,419,39069
陕西,2024,文科,418,39464
陕西,2024,文科,417,39844
陕西,2024,文科,416,40221
陕西,2024,文科,415,40665
陕西,2024,文科,414,41067
陕西,2024,文科,413,41495
陕西,2024,文科,412,41926
陕西,2024,文科,411,42320
陕西,2024,文科,410,42716
陕西,2024,文科,409,43147
陕西,2024,文科,408,43549
陕西,2024,文科,407,43941
陕西,2024,文科,406,44363
陕西,2024,文科,405,44780
陕西,2024,文科,404,45179
陕西,2024,文科,403,45613
陕西,2024,文科,402,46020
陕西,2024,文科,401,46414
陕西,2024,文科,400,46816
陕西,2024,文科,399,47142
陕西,2024,文科,398,47541
陕西,2024,文科,397,47954
陕西,2024,文科,396,48346
陕西,2024,文科,395,48759
陕西,2024,文科,394,49125
陕西,2024,文科,393,49523
陕西,2024,文科,392,49902
陕西,2024,文科,391,50306
陕西,2024,文科,390,50681
陕西,2024,文科,389,51069
陕西,2024,文科,388,51445
陕西,2024,文科,387,51824
陕西,2024,文科,386,52229
陕西,2024,文科,385,52631
陕西,2024,文科,384,53025
陕西,2024,文科,383,53413
陕西,2024,文科,382,53765
陕西,2024,文科,381,54110
陕西,2024,文科,380,54453
陕西,2024,文科,379,54830
陕西,2024,文科,378,55141
陕西,2024,文科,377,55518
陕西,2024,文科,376,55870
陕西,2024,文科,375,56245
陕西,2024,文科,374,56567
陕西,2024,文科,373,56947
陕西,2024,文科,372,57304
陕西,2024,文科,371,57660
陕西,2024,文科,370,58009
陕西,2024,文科,369,58337
陕西,2024,文科,368,58661
陕西,2024,文科,367,58993
陕西,2024,文科,366,59329
陕西,2024,文科,365,59654
陕西,2024,文科,364,59972
陕西,2024,文科,363,60274
陕西,2024,文科,362,60595
陕西,2024,文科,361,60907
陕西,2024,文科,360,61236
陕西,2024,文科,359,61576
陕西,2024,文科,358,61893
陕西,2024,文科,357,62189
陕西,2024,文科,356,62506
陕西,2024,文科,355,62815
陕西,2024,文科,354,63103
陕西,2024,文科,353,63394
陕西,2024,文科,352,63679
陕西,2024,文科,351,63954
陕西,2024,文科,350,64229
陕西,2024,文科,349,64528
陕西,2024,文科,348,64817
陕西,2024,文科,347,65099
陕西,2024,文科,346,65390
陕西,2024,文科,345,65693
陕西,2024,文科,344,65959
陕西,2024,文科,343,66207
陕西,2024,文科,342,66525
陕西,2024,文科,341,66780
陕西,2024,文科,340,67048
陕西,2024,文科,339,67322
陕西,2024,文科,338,67563
陕西,2024,文科,337,67840
陕西,2024,文科,336,68098
陕西,2024,文科,335,68323
陕西,2024,文科,334,68545
陕西,2024,文科,333,68804
陕西,2024,文科,332,69039
陕西,2024,文科,331,69268
陕西,2024,文科,330,69447
陕西,2024,文科,329,69706
陕西,2024,文科,328,69931
陕西,2024,文科,327,70191
陕西,2024,文科,326,70396
陕西,2024,文科,325,70614
陕西,2024,文科,324,70829
陕西,2024,文科,323,71025
陕西,2024,文科,322,71229
陕西,2024,文科,321,71416
陕西,2024,文科,320,71633
陕西,2024,文科,319,71823
陕西,2024,文科,318,72026
陕西,2024,文科,317,72200
陕西,2024,文科,316,72386
陕西,2024,文科,315,72599
陕西,2024,文科,314,72777
陕西,2024,文科,313,72963
陕西,2024,文科,312,73123
陕西,2024,文科,311,73277
陕西,2024,文科,310,73451
陕西,2024,文科,309,73623
陕西,2024,文科,308,73790
陕西,2024,文科,307,73923
陕西,2024,文科,306,74081
陕西,2024,文科,305,74223
陕西,2024,文科,304,74367
陕西,2024,文科,303,74525
陕西,2024,文科,302,74663
陕西,2024,文科,301,74780
陕西,2024,文科,300,74924
陕西,2024,文科,299,75053
陕西,2024,文科,298,75189
陕西,2024,文科,297,75335
陕西,2024,文科,296,75431
陕西,2024,文科,295,75561
陕西,2024,文科,294,75687
陕西,2024,文科,293,75798
陕西,2024,文科,292,75909
陕西,2024,文科,291,76027
陕西,2024,文科,290,76137
陕西,2024,文科,289,76257
陕西,2024,文科,288,76344
陕西,2024,文科,287,76436
陕西,2024,文科,286,76536
陕西,2024,文科,285,76643
陕西,2024,文科,284,76754
陕西,2024,文科,283,76848
陕西,2024,文科,282,76945
陕西,2024,文科,281,77045
陕西,2024,文科,280,77138
陕西,2024,文科,279,77236
陕西,2024,文科,278,77322
陕西,2024,文科,277,77410
陕西,2024,文科,276,77499
陕西,2024,文科,275,77598
陕西,2024,文科,274,77673
陕西,2024,文科,273,77746
陕西,2024,文科,272,77839
陕西,2024,文科,271,77917
陕西,2024,文科,270,77983
陕西,2024,文科,269,78040
陕西,2024,文科,268,78122
陕西,2024,文科,267,78186
陕西,2024,文科,266,78263
陕西,2024,文科,265,78339
陕西,2024,文科,264,78393
陕西,2024,文科,263,78458
陕西,2024,文科,262,78524
陕西,2024,文科,261,78581
陕西,2024,文科,260,78626
陕西,2024,文科,259,78679
陕西,2024,文科,258,78754
陕西,2024,文科,257,78826
陕西,2024,文科,256,78871
陕西,2024,文科,255,78926
陕西,2024,文科,254,78968
陕西,2024,文科,253,79030
陕西,2024,文科,252,79071
陕西,2024,文科,251,79120
陕西,2024,文科,250,79159
陕西,2024,文科,249,79211
陕西,2024,文科,248,79239
陕西,2024,文科,247,79275
陕西,2024,文科,246,79312
陕西,2024,文科,245,79346
陕西,2024,文科,244,79388
陕西,2024,文科,243,79420
陕西,2024,文科,242,79449
陕西,2024,文科,241,79488
陕西,2024,文科,240,79528
陕西,2024,文科,239,79556
陕西,2024,文科,238,79583
陕西,2024,文科,237,79614
陕西,2024,文科,236,79644
陕西,2024,文科,235,79670
陕西,2024,文科,234,79700
陕西,2024,文科,233,79722
陕西,2024,文科,232,79747
陕西,2024,文科,231,79776
陕西,2024,文科,230,79800
陕西,2024,文科,229,79823
陕西,2024,文科,228,79846
陕西,2024,文科,227,79880
陕西,2024,文科,226,79903
陕西,2024,文科,225,79922
陕西,2024,文科,224,79948
陕西,2024,文科,223,79965
陕西,2024,文科,222,79982
陕西,2024,文科,221,80004
陕西,2024,文科,220,80026
陕西,2024,文科,219,80049
陕西,2024,文科,218,80073
陕西,2024,文科,217,80086
陕西,2024,文科,216,80103
陕西,2024,文科,215,80117
陕西,2024,文科,214,80132
陕西,2024,文科,213,80147
陕西,2024,文科,212,80159
陕西,2024,文科,211,80178
陕西,2024,文科,210,80190
陕西,2024,文科,209,80203
陕西,2024,文科,208,80219
陕西,2024,文科,207,80230
陕西,2024,文科,206,80235
陕西,2024,文科,205,80239
陕西,2024,文科,204,80248
陕西,2024,文科,203,80255
陕西,2024,文科,202,80267
陕西,2024,文科,201,80276
陕西,2024,文科,200,80296
陕西,2024,文科,199,80308
陕西,2024,文科,198,80310
陕西,2024,文科,197,80317
陕西,2024,文科,196,80321
陕西,2024,文科,195,80332
陕西,2024,文科,194,80341
陕西,2024,文科,193,80349
陕西,2024,文科,192,80358
陕西,2024,文科,191,80366
陕西,2024,文科,190,80374
陕西,2024,文科,189,80379
陕西,2024,文科,188,80390
陕西,2024,文科,187,80399
陕西,2024,文科,186,80407
陕西,2024,文科,185,80411
陕西,2024,文科,184,80421
陕西,2024,文科,183,80426
陕西,2024,文科,182,80435
陕西,2024,文科,181,80442
陕西,2024,文科,180,80445
陕西,2024,文科,179,80453
陕西,2024,文科,178,80456
陕西,2024,文科,177,80458
陕西,2024,文科,176,80462
陕西,2024,文科,175,80463
陕西,2024,文科,174,80467
陕西,2024,文科,173,80469
陕西,2024,文科,172,80474
陕西,2024,文科,171,80478
陕西,2024,文科,170,80482
陕西,2024,文科,169,80483
陕西,2024,文科,168,80488
陕西,2024,文科,167,80489
陕西,2024,文科,166,80493
陕西,2024,文科,165,80493
陕西,2024,文科,164,80494
陕西,2024,文科,163,80498
陕西,2024,文科,162,80499
陕西,2024,文科,161,80502
陕西,2024,文科,160,80503
陕西,2024,文科,159,80506
陕西,2024,文科,158,80507
陕西,2024,文科,157,80511
陕西,2024,文科,156,80517
陕西,2024,文科,155,80518
陕西,2024,文科,154,80521
陕西,2024,文科,153,80524
陕西,2024,文科,152,80527
陕西,2024,文科,151,80528
陕西,2024,文科,150,80530
陕西,2024,文科,149,80532
陕西,2024,文科,148,80534
陕西,2024,文科,147,80538
陕西,2024,文科,146,80541
陕西,2024,文科,145,80542
陕西,2024,文科,144,80543
陕西,2024,文科,143,80545
陕西,2024,文科,142,80545
陕西,2024,文科,141,80546
陕西,2024,文科,140,80546
陕西,2024,文科,139,80547
陕西,2024,文科,138,80550
陕西,2024,文科,137,80550
陕西,2024,文科,136,80550
陕西,2024,文科,135,80550
陕西,2024,文科,134,80552
陕西,2024,文科,133,80553
陕西,2024,文科,132,80555
陕西,2024,文科,131,80556
陕西,2024,文科,130,80558
陕西,2024,文科,129,80561
陕西,2024,文科,128,80563
陕西,2024,文科,127,80564
陕西,2024,文科,126,80565
陕西,2024,文科,125,80567
陕西,2024,文科,124,80568
陕西,2024,文科,123,80568
陕西,2024,文科,122,80571
陕西,2024,文科,121,80572
陕西,2024,文科,120,80573
陕西,2024,文科,119,80574
陕西,2024,文科,118,80574
陕西,2024,文科,117,80575
陕西,2024,文科,116,80580
陕西,2024,文科,115,80581
陕西,2024,文科,114,80582
陕西,2024,文科,113,80583
陕西,2024,文科,112,80585
陕西,2024,文科,111,80586
陕西,2024,文科,110,80588
陕西,2024,文科,109,80589
陕西,2024,文科,108,80590
陕西,2024,文科,107,80591
陕西,2024,文科,106,80592
陕西,2024,文科,105,80593
陕西,2024,文科,104,80593
陕西,2024,文科,103,80593
陕西,2024,文科,102,80594
陕西,2024,文科,101,80594
陕西,2024,文科,100,80594
陕西,2024,文科,0,82240
陕西,2023,理科,710,12
陕西,2023,理科,709,13
陕西,2023,理科,708,15
陕西,2023,理科,707,16
陕西,2023,理科,706,21
陕西,2023,理科,705,27
陕西,2023,理科,704,34
陕西,2023,理科,703,40
陕西,2023,理科,702,44
陕西,2023,理科,701,47
陕西,2023,理科,700,54
陕西,2023,理科,699,62
陕西,2023,理科,698,70
陕西,2023,理科,697,80
陕西,2023,理科,696,89
陕西,2023,理科,695,100
陕西,2023,理科,694,111
陕西,2023,理科,693,122
陕西,2023,理科,692,135
陕西,2023,理科,691,151
陕西,2023,理科,690,163
陕西,2023,理科,689,174
陕西,2023,理科,688,186
陕西,2023,理科,687,202
陕西,2023,理科,686,216
陕西,2023,理科,685,240
陕西,2023,理科,684,255
陕西,2023,理科,683,271
陕西,2023,理科,682,286
陕西,2023,理科,681,312
陕西,2023,理科,680,330
陕西,2023,理科,679,356
陕西,2023,理科,678,378
陕西,2023,理科,677,408
陕西,2023,理科,676,431
陕西,2023,理科,675,459
陕西,2023,理科,674,483
陕西,2023,理科,673,511
陕西,2023,理科,672,540
陕西,2023,理科,671,572
陕西,2023,理科,670,601
陕西,2023,理科,669,623
陕西,2023,理科,668,658
陕西,2023,理科,667,689
陕西,2023,理科,666,720
陕西,2023,理科,665,754
陕西,2023,理科,664,789
陕西,2023,理科,663,825
陕西,2023,理科,662,861
陕西,2023,理科,661,898
陕西,2023,理科,660,934
陕西,2023,理科,659,976
陕西,2023,理科,658,1018
陕西,2023,理科,657,1052
陕西,2023,理科,656,1097
陕西,2023,理科,655,1145
陕西,2023,理科,654,1196
陕西,2023,理科,653,1241
陕西,2023,理科,652,1288
陕西,2023,理科,651,1325
陕西,2023,理科,650,1380
陕西,2023,理科,649,1423
陕西,2023,理科,648,1476
陕西,2023,理科,647,1524
陕西,2023,理科,646,1574
陕西,2023,理科,645,1623
陕西,2023,理科,644,1672
陕西,2023,理科,643,1729
陕西,2023,理科,642,1800
陕西,2023,理科,641,1865
陕西,2023,理科,640,1912
陕西,2023,理科,639,1977
陕西,2023,理科,638,2033
陕西,2023,理科,637,2093
陕西,2023,理科,636,2167
陕西,2023,理科,635,2249
陕西,2023,理科,634,2308
陕西,2023,理科,633,2387
陕西,2023,理科,632,2455
陕西,2023,理科,631,2539
陕西,2023,理科,630,2622
陕西,2023,理科,629,2710
陕西,2023,理科,628,2788
陕西,2023,理科,627,2865
陕西,2023,理科,626,2938
陕西,2023,理科,625,3022
陕西,2023,理科,624,3105
陕西,2023,理科,623,3191
陕西,2023,理科,622,3261
陕西,2023,理科,621,3352
陕西,2023,理科,620,3427
陕西,2023,理科,619,3532
陕西,2023,理科,618,3627
陕西,2023,理科,617,3720
陕西,2023,理科,616,3820
陕西,2023,理科,615,3936
陕西,2023,理科,614,4033
陕西,2023,理科,613,4137
陕西,2023,理科,612,4237
陕西,2023,理科,611,4342
陕西,2023,理科,610,4450
陕西,2023,理科,609,4545
陕西,2023,理科,608,4668
陕西,2023,理科,607,4804
陕西,2023,理科,606,4930
陕西,2023,理科,605,5048
陕西,2023,理科,604,5162
陕西,2023,理科,603,5287
陕西,2023,理科,602,5399
陕西,2023,理科,601,5531
陕西,2023,理科,600,5663
陕西,2023,理科,599,5798
陕西,2023,理科,598,5914
陕西,2023,理科,597,6046
陕西,2023,理科,596,6191
陕西,2023,理科,595,6330
陕西,2023,理科,594,6468
陕西,2023,理科,593,6611
陕西,2023,理科,592,6772
陕西,2023,理科,591,6933
陕西,2023,理科,590,7084
陕西,2023,理科,589,7226
陕西,2023,理科,588,7368
陕西,2023,理科,587,7541
陕西,2023,理科,586,7694
陕西,2023,理科,585,7846
陕西,2023,理科,584,8014
陕西,2023,理科,583,8198
陕西,2023,理科,582,8364
陕西,2023,理科,581,8546
陕西,2023,理科,580,8713
陕西,2023,理科,579,8898
陕西,2023,理科,578,9074
陕西,2023,理科,577,9280
陕西,2023,理科,576,9463
陕西,2023,理科,575,9642
陕西,2023,理科,574,9814
陕西,2023,理科,573,10000
陕西,2023,理科,572,10203
陕西,2023,理科,571,10399
陕西,2023,理科,570,10597
陕西,2023,理科,569,10787
陕西,2023,理科,568,11012
陕西,2023,理科,567,11220
陕西,2023,理科,566,11410
陕西,2023,理科,565,11601
陕西,2023,理科,564,11815
陕西,2023,理科,563,12064
陕西,2023,理科,562,12288
陕西,2023,理科,561,12516
陕西,2023,理科,560,12736
陕西,2023,理科,559,12983
陕西,2023,理科,558,13210
陕西,2023,理科,557,13421
陕西,2023,理科,556,13659
陕西,2023,理科,555,13881
陕西,2023,理科,554,14149
陕西,2023,理科,553,14398
陕西,2023,理科,552,14636
陕西,2023,理科,551,14863
陕西,2023,理科,550,15129
陕西,2023,理科,549,15378
陕西,2023,理科,548,15634
陕西,2023,理科,547,15893
陕西,2023,理科,546,16150
陕西,2023,理科,545,16403
陕西,2023,理科,544,16646
陕西,2023,理科,543,16939
陕西,2023,理科,542,17209
陕西,2023,理科,541,17479
陕西,2023,理科,540,17766
陕西,2023,理科,539,18050
陕西,2023,理科,538,18324
陕西,2023,理科,537,18625
陕西,2023,理科,536,18913
陕西,2023,理科,535,19191
陕西,2023,理科,534,19482
陕西,2023,理科,533,19789
陕西,2023,理科,532,20133
陕西,2023,理科,531,20476
陕西,2023,理科,530,20797
陕西,2023,理科,529,21126
陕西,2023,理科,528,21465
陕西,2023,理科,527,21773
陕西,2023,理科,526,22073
陕西,2023,理科,525,22389
陕西,2023,理科,524,22683
陕西,2023,理科,523,23035
陕西,2023,理科,522,23376
陕西,2023,理科,521,23717
陕西,2023,理科,520,24067
陕西,2023,理科,519,24396
陕西,2023,理科,518,24743
陕西,2023,理科,517,25099
陕西,2023,理科,516,25443
陕西,2023,理科,515,25798
陕西,2023,理科,514,26117
陕西,2023,理科,513,26522
陕西,2023,理科,512,26878
陕西,2023,理科,511,27241
陕西,2023,理科,510,27603
陕西,2023,理科,509,27964
陕西,2023,理科,508,28337
陕西,2023,理科,507,28689
陕西,2023,理科,506,29081
陕西,2023,理科,505,29433
陕西,2023,理科,504,29839
陕西,2023,理科,503,30249
陕西,2023,理科,502,30617
陕西,2023,理科,501,31048
陕西,2023,理科,500,31459
陕西,2023,理科,499,31911
陕西,2023,理科,498,32324
陕西,2023,理科,497,32761
陕西,2023,理科,496,33199
陕西,2023,理科,495,33616
陕西,2023,理科,494,34028
陕西,2023,理科,493,34453
陕西,2023,理科,492,34905
陕西,2023,理科,491,35351
陕西,2023,理科,490,35800
陕西,2023,理科,489,36249
陕西,2023,理科,488,36746
陕西,2023,理科,487,37236
陕西,2023,理科,486,37721
陕西,2023,理科,485,38212
陕西,2023,理科,484,38699
陕西,2023,理科,483,39202
陕西,2023,理科,482,39673
陕西,2023,理科,481,40148
陕西,2023,理科,480,40682
陕西,2023,理科,479,41189
陕西,2023,理科,478,41708
陕西,2023,理科,477,42219
陕西,2023,理科,476,42729
陕西,2023,理科,475,43205
陕西,2023,理科,474,43763
陕西,2023,理科,473,44265
陕西,2023,理科,472,44813
陕西,2023,理科,471,45365
陕西,2023,理科,470,45925
陕西,2023,理科,469,46489
陕西,2023,理科,468,47068
陕西,2023,理科,467,47632
陕西,2023,理科,466,48169
陕西,2023,理科,465,48735
陕西,2023,理科,464,49314
陕西,2023,理科,463,49906
陕西,2023,理科,462,50527
陕西,2023,理科,461,51136
陕西,2023,理科,460,51742
陕西,2023,理科,459,52348
陕西,2023,理科,458,52963
陕西,2023,理科,457,53547
陕西,2023,理科,456,54103
陕西,2023,理科,455,54744
陕西,2023,理科,454,55337
陕西,2023,理科,453,55968
陕西,2023,理科,452,56558
陕西,2023,理科,451,57192
陕西,2023,理科,450,57809
陕西,2023,理科,449,58424
陕西,2023,理科,448,59037
陕西,2023,理科,447,59693
陕西,2023,理科,446,60327
陕西,2023,理科,445,60936
陕西,2023,理科,444,61607
陕西,2023,理科,443,62218
陕西,2023,理科,442,62921
陕西,2023,理科,441,63605
陕西,2023,理科,440,64256
陕西,2023,理科,439,64932
陕西,2023,理科,438,65612
陕西,2023,理科,437,66276
陕西,2023,理科,436,66881
陕西,2023,理科,435,67552
陕西,2023,理科,434,68211
陕西,2023,理科,433,68912
陕西,2023,理科,432,69570
陕西,2023,理科,431,70234
陕西,2023,理科,430,70884
陕西,2023,理科,429,71588
陕西,2023,理科,428,72286
陕西,2023,理科,427,73007
陕西,2023,理科,426,73673
陕西,2023,理科,425,74337
陕西,2023,理科,424,75027
陕西,2023,理科,423,75693
陕西,2023,理科,422,76397
陕西,2023,理科,421,77103
陕西,2023,理科,420,77820
陕西,2023,理科,419,78493
陕西,2023,理科,418,79183
陕西,2023,理科,417,79888
陕西,2023,理科,416,80586
陕西,2023,理科,415,81307
陕西,2023,理科,414,81971
陕西,2023,理科,413,82647
陕西,2023,理科,412,83347
陕西,2023,理科,411,84007
陕西,2023,理科,410,84708
陕西,2023,理科,409,85435
陕西,2023,理科,408,86143
陕西,2023,理科,407,86880
陕西,2023,理科,406,87617
陕西,2023,理科,405,88315
陕西,2023,理科,404,89001
陕西,2023,理科,403,89729
陕西,2023,理科,402,90437
陕西,2023,理科,401,91136
陕西,2023,理科,400,91827
陕西,2023,理科,399,92543
陕西,2023,理科,398,93235
陕西,2023,理科,397,93938
陕西,2023,理科,396,94647
陕西,2023,理科,395,95282
陕西,2023,理科,394,96015
陕西,2023,理科,393,96712
陕西,2023,理科,392,97381
陕西,2023,理科,391,98081
陕西,2023,理科,390,98767
陕西,2023,理科,389,99411
陕西,2023,理科,388,100070
陕西,2023,理科,387,100800
陕西,2023,理科,386,101517
陕西,2023,理科,385,102192
陕西,2023,理科,384,102869
陕西,2023,理科,383,103567
陕西,2023,理科,382,104253
陕西,2023,理科,381,104974
陕西,2023,理科,380,105662
陕西,2023,理科,379,106351
陕西,2023,理科,378,107028
陕西,2023,理科,377,107669
陕西,2023,理科,376,108302
陕西,2023,理科,375,109005
陕西,2023,理科,374,109679
陕西,2023,理科,373,110350
陕西,2023,理科,372,111035
陕西,2023,理科,371,111693
陕西,2023,理科,370,112374
陕西,2023,理科,369,113007
陕西,2023,理科,368,113695
陕西,2023,理科,367,114334
陕西,2023,理科,366,114967
陕西,2023,理科,365,115584
陕西,2023,理科,364,116241
陕西,2023,理科,363,116866
陕西,2023,理科,362,117425
陕西,2023,理科,361,118021
陕西,2023,理科,360,118621
陕西,2023,理科,359,119253
陕西,2023,理科,358,119835
陕西,2023,理科,357,120450
陕西,2023,理科,356,121086
陕西,2023,理科,355,121709
陕西,2023,理科,354,122304
陕西,2023,理科,353,122917
陕西,2023,理科,352,123535
陕西,2023,理科,351,124091
陕西,2023,理科,350,124667
陕西,2023,理科,349,125243
陕西,2023,理科,348,125791
陕西,2023,理科,347,126336
陕西,2023,理科,346,126928
陕西,2023,理科,345,127501
陕西,2023,理科,344,128055
陕西,2023,理科,343,128634
陕西,2023,理科,342,129187
陕西,2023,理科,341,129732
陕西,2023,理科,340,130296
陕西,2023,理科,339,130813
陕西,2023,理科,338,131331
陕西,2023,理科,337,131851
陕西,2023,理科,336,132360
陕西,2023,理科,335,132873
陕西,2023,理科,334,133393
陕西,2023,理科,333,133891
陕西,2023,理科,332,134358
陕西,2023,理科,331,134882
陕西,2023,理科,330,135396
陕西,2023,理科,329,135859
陕西,2023,理科,328,136349
陕西,2023,理科,327,136784
陕西,2023,理科,326,137246
陕西,2023,理科,325,137669
陕西,2023,理科,324,138120
陕西,2023,理科,323,138576
陕西,2023,理科,322,138992
陕西,2023,理科,321,139444
陕西,2023,理科,320,139850
陕西,2023,理科,319,140267
陕西,2023,理科,318,140725
陕西,2023,理科,317,141163
陕西,2023,理科,316,141557
陕西,2023,理科,315,142024
陕西,2023,理科,314,142419
陕西,2023,理科,313,142810
陕西,2023,理科,312,143222
陕西,2023,理科,311,143582
陕西,2023,理科,310,143972
陕西,2023,理科,309,144367
陕西,2023,理科,308,144730
陕西,2023,理科,307,145094
陕西,2023,理科,306,145466
陕西,2023,理科,305,145848
陕西,2023,理科,304,146220
陕西,2023,理科,303,146557
陕西,2023,理科,302,146931
陕西,2023,理科,301,147267
陕西,2023,理科,300,147611
陕西,2023,理科,299,147961
陕西,2023,理科,298,148278
陕西,2023,理科,297,148608
陕西,2023,理科,296,148936
陕西,2023,理科,295,149240
陕西,2023,理科,294,149556
陕西,2023,理科,293,149829
陕西,2023,理科,292,150119
陕西,2023,理科,291,150433
陕西,2023,理科,290,150714
陕西,2023,理科,289,150999
陕西,2023,理科,288,151275
陕西,2023,理科,287,151562
陕西,2023,理科,286,151846
陕西,2023,理科,285,152075
陕西,2023,理科,284,152316
陕西,2023,理科,283,152578
陕西,2023,理科,282,152832
陕西,2023,理科,281,153094
陕西,2023,理科,280,153339
陕西,2023,理科,279,153592
陕西,2023,理科,278,153852
陕西,2023,理科,277,154093
陕西,2023,理科,276,154336
陕西,2023,理科,275,154534
陕西,2023,理科,274,154753
陕西,2023,理科,273,154985
陕西,2023,理科,272,155216
陕西,2023,理科,271,155438
陕西,2023,理科,270,155646
陕西,2023,理科,269,155864
陕西,2023,理科,268,156062
陕西,2023,理科,267,156252
陕西,2023,理科,266,156438
陕西,2023,理科,265,156633
陕西,2023,理科,264,156837
陕西,2023,理科,263,157010
陕西,2023,理科,262,157174
陕西,2023,理科,261,157336
陕西,2023,理科,260,157482
陕西,2023,理科,259,157663
陕西,2023,理科,258,157840
陕西,2023,理科,257,157998
陕西,2023,理科,256,158155
陕西,2023,理科,255,158290
陕西,2023,理科,254,158447
陕西,2023,理科,253,158592
陕西,2023,理科,252,158749
陕西,2023,理科,251,158890
陕西,2023,理科,250,159054
陕西,2023,理科,249,159192
陕西,2023,理科,248,159320
陕西,2023,理科,247,159447
陕西,2023,理科,246,159578
陕西,2023,理科,245,159698
陕西,2023,理科,244,159839
陕西,2023,理科,243,159969
陕西,2023,理科,242,160074
陕西,2023,理科,241,160184
陕西,2023,理科,240,160306
陕西,2023,理科,239,160422
陕西,2023,理科,238,160529
陕西,2023,理科,237,160627
陕西,2023,理科,236,160724
陕西,2023,理科,235,160832
陕西,2023,理科,234,160935
陕西,2023,理科,233,161046
陕西,2023,理科,232,161148
陕西,2023,理科,231,161235
陕西,2023,理科,230,161330
陕西,2023,理科,229,161406
陕西,2023,理科,228,161495
陕西,2023,理科,227,161578
陕西,2023,理科,226,161673
陕西,2023,理科,225,161740
陕西,2023,理科,224,161831
陕西,2023,理科,223,161910
陕西,2023,理科,222,161974
陕西,2023,理科,221,162054
陕西,2023,理科,220,162127
陕西,2023,理科,219,162192
陕西,2023,理科,218,162252
陕西,2023,理科,217,162324
陕西,2023,理科,216,162380
陕西,2023,理科,215,162437
陕西,2023,理科,214,162500
陕西,2023,理科,213,162563
陕西,2023,理科,212,162625
陕西,2023,理科,211,162684
陕西,2023,理科,210,162749
陕西,2023,理科,209,162806
陕西,2023,理科,208,162862
陕西,2023,理科,207,162908
陕西,2023,理科,206,162969
陕西,2023,理科,205,163030
陕西,2023,理科,204,163071
陕西,2023,理科,203,163119
陕西,2023,理科,202,163159
陕西,2023,理科,201,163190
陕西,2023,理科,200,163235
陕西,2023,理科,199,163278
陕西,2023,理科,198,163323
陕西,2023,理科,197,163357
陕西,2023,理科,196,163397
陕西,2023,理科,195,163430
陕西,2023,理科,194,163459
陕西,2023,理科,193,163491
陕西,2023,理科,192,163523
陕西,2023,理科,191,163559
陕西,2023,理科,190,163597
陕西,2023,理科,189,163626
陕西,2023,理科,188,163669
陕西,2023,理科,187,163688
陕西,2023,理科,186,163714
陕西,2023,理科,185,163748
陕西,2023,理科,184,163763
陕西,2023,理科,183,163788
陕西,2023,理科,182,163808
陕西,2023,理科,181,163835
陕西,2023,理科,180,163865
陕西,2023,理科,179,163889
陕西,2023,理科,178,163921
陕西,2023,理科,177,163945
陕西,2023,理科,176,163965
陕西,2023,理科,175,163995
陕西,2023,理科,174,164021
陕西,2023,理科,173,164043
陕西,2023,理科,172,164063
陕西,2023,理科,171,164075
陕西,2023,理科,170,164101
陕西,2023,理科,169,164123
陕西,2023,理科,168,164140
陕西,2023,理科,167,164158
陕西,2023,理科,166,164171
陕西,2023,理科,165,164188
陕西,2023,理科,164,164199
陕西,2023,理科,163,164211
陕西,2023,理科,162,164222
陕西,2023,理科,161,164231
陕西,2023,理科,160,164246
陕西,2023,理科,159,164255
陕西,2023,理科,158,164268
陕西,2023,理科,157,164276
陕西,2023,理科,156,164288
陕西,2023,理科,155,164297
陕西,2023,理科,154,164313
陕西,2023,理科,153,164324
陕西,2023,理科,152,164334
陕西,2023,理科,151,164342
陕西,2023,理科,150,164353
陕西,2023,理科,149,164365
陕西,2023,理科,148,164371
陕西,2023,理科,147,164376
陕西,2023,理科,146,164387
陕西,2023,理科,145,164397
陕西,2023,理科,144,164405
陕西,2023,理科,143,164411
陕西,2023,理科,142,164418
陕西,2023,理科,141,164425
陕西,2023,理科,140,164432
陕西,2023,理科,139,164434
陕西,2023,理科,138,164445
陕西,2023,理科,137,164454
陕西,2023,理科,136,164459
陕西,2023,理科,135,164462
陕西,2023,理科,134,164468
陕西,2023,理科,133,164474
陕西,2023,理科,132,164476
陕西,2023,理科,131,164479
陕西,2023,理科,130,164483
陕西,2023,理科,129,164485
陕西,2023,理科,128,164491
陕西,2023,理科,127,164495
陕西,2023,理科,126,164499
陕西,2023,理科,125,164506
陕西,2023,理科,124,164510
陕西,2023,理科,123,164516
陕西,2023,理科,122,164520
陕西,2023,理科,121,164522
陕西,2023,理科,120,164526
陕西,2023,理科,119,164533
陕西,2023,理科,118,164538
陕西,2023,理科,117,164542
陕西,2023,理科,116,164543
陕西,2023,理科,115,164545
陕西,2023,理科,114,164548
陕西,2023,理科,113,164552
陕西,2023,理科,112,164555
陕西,2023,理科,111,164560
陕西,2023,理科,110,164563
陕西,2023,理科,109,164567
陕西,2023,理科,108,164570
陕西,2023,理科,107,164571
陕西,2023,理科,106,164574
陕西,2023,理科,105,164576
陕西,2023,理科,104,164578
陕西,2023,理科,103,164580
陕西,2023,理科,102,164580
陕西,2023,理科,101,164581
陕西,2023,理科,0,166437
陕西,2023,文科,673,12
陕西,2023,文科,672,12
陕西,2023,文科,671,13
陕西,2023,文科,670,13
陕西,2023,文科,669,14
陕西,2023,文科,668,15
陕西,2023,文科,667,17
陕西,2023,文科,666,20
陕西,2023,文科,665,21
陕西,2023,文科,664,26
陕西,2023,文科,663,28
陕西,2023,文科,662,33
陕西,2023,文科,661,35
陕西,2023,文科,660,39
陕西,2023,文科,659,41
陕西,2023,文科,658,47
陕西,2023,文科,657,49
陕西,2023,文科,656,54
陕西,2023,文科,655,57
陕西,2023,文科,654,59
陕西,2023,文科,653,63
陕西,2023,文科,652,66
陕西,2023,文科,651,70
陕西,2023,文科,650,78
陕西,2023,文科,649,82
陕西,2023,文科,648,85
陕西,2023,文科,647,100
陕西,2023,文科,646,108
陕西,2023,文科,645,118
陕西,2023,文科,644,123
陕西,2023,文科,643,131
陕西,2023,文科,642,136
陕西,2023,文科,641,144
陕西,2023,文科,640,157
陕西,2023,文科,639,167
陕西,2023,文科,638,174
陕西,2023,文科,637,183
陕西,2023,文科,636,192
陕西,2023,文科,635,205
陕西,2023,文科,634,218
陕西,2023,文科,633,227
陕西,2023,文科,632,236
陕西,2023,文科,631,240
陕西,2023,文科,630,247
陕西,2023,文科,629,259
陕西,2023,文科,628,272
陕西,2023,文科,627,286
陕西,2023,文科,626,292
陕西,2023,文科,625,312
陕西,2023,文科,624,325
陕西,2023,文科,623,343
陕西,2023,文科,622,355
陕西,2023,文科,621,374
陕西,2023,文科,620,392
陕西,2023,文科,619,411
陕西,2023,文科,618,431
陕西,2023,文科,617,443
陕西,2023,文科,616,464
陕西,2023,文科,615,490
陕西,2023,文科,614,508
陕西,2023,文科,613,526
陕西,2023,文科,612,549
陕西,2023,文科,611,566
陕西,2023,文科,610,585
陕西,2023,文科,609,611
陕西,2023,文科,608,628
陕西,2023,文科,607,647
陕西,2023,文科,606,675
陕西,2023,文科,605,703
陕西,2023,文科,604,726
陕西,2023,文科,603,751
陕西,2023,文科,602,780
陕西,2023,文科,601,809
陕西,2023,文科,600,835
陕西,2023,文科,599,857
陕西,2023,文科,598,887
陕西,2023,文科,597,921
陕西,2023,文科,596,951
陕西,2023,文科,595,971
陕西,2023,文科,594,995
陕西,2023,文科,593,1031
陕西,2023,文科,592,1056
陕西,2023,文科,591,1089
陕西,2023,文科,590,1128
陕西,2023,文科,589,1161
陕西,2023,文科,588,1198
陕西,2023,文科,587,1226
陕西,2023,文科,586,1271
陕西,2023,文科,585,1308
陕西,2023,文科,584,1337
陕西,2023,文科,583,1381
陕西,2023,文科,582,1421
陕西,2023,文科,581,1456
陕西,2023,文科,580,1503
陕西,2023,文科,579,1548
陕西,2023,文科,578,1603
陕西,2023,文科,577,1655
陕西,2023,文科,576,1704
陕西,2023,文科,575,1743
陕西,2023,文科,574,1789
陕西,2023,文科,573,1854
陕西,2023,文科,572,1916
陕西,2023,文科,571,1963
陕西,2023,文科,570,2017
陕西,2023,文科,569,2063
陕西,2023,文科,568,2127
陕西,2023,文科,567,2182
陕西,2023,文科,566,2246
陕西,2023,文科,565,2314
陕西,2023,文科,564,2376
陕西,2023,文科,563,2435
陕西,2023,文科,562,2512
陕西,2023,文科,561,2575
陕西,2023,文科,560,2648
陕西,2023,文科,559,2729
陕西,2023,文科,558,2805
陕西,2023,文科,557,2885
陕西,2023,文科,556,2972
陕西,2023,文科,555,3051
陕西,2023,文科,554,3124
陕西,2023,文科,553,3204
陕西,2023,文科,552,3278
陕西,2023,文科,551,3366
陕西,2023,文科,550,3445
陕西,2023,文科,549,3535
陕西,2023,文科,548,3621
陕西,2023,文科,547,3719
陕西,2023,文科,546,3821
陕西,2023,文科,545,3938
陕西,2023,文科,544,4030
陕西,2023,文科,543,4130
陕西,2023,文科,542,4251
陕西,2023,文科,541,4368
陕西,2023,文科,540,4477
陕西,2023,文科,539,4598
陕西,2023,文科,538,4751
陕西,2023,文科,537,4867
陕西,2023,文科,536,4998
陕西,2023,文科,535,5099
陕西,2023,文科,534,5214
陕西,2023,文科,533,5332
陕西,2023,文科,532,5456
陕西,2023,文科,531,5593
陕西,2023,文科,530,5760
陕西,2023,文科,529,5889
陕西,2023,文科,528,6021
陕西,2023,文科,527,6153
陕西,2023,文科,526,6325
陕西,2023,文科,525,6485
陕西,2023,文科,524,6644
陕西,2023,文科,523,6822
陕西,2023,文科,522,6975
陕西,2023,文科,521,7162
陕西,2023,文科,520,7333
陕西,2023,文科,519,7532
陕西,2023,文科,518,7688
陕西,2023,文科,517,7848
陕西,2023,文科,516,8045
陕西,2023,文科,515,8249
陕西,2023,文科,514,8446
陕西,2023,文科,513,8635
陕西,2023,文科,512,8836
陕西,2023,文科,511,9021
陕西,2023,文科,510,9210
陕西,2023,文科,509,9438
陕西,2023,文科,508,9653
陕西,2023,文科,507,9872
陕西,2023,文科,506,10114
陕西,2023,文科,505,10343
陕西,2023,文科,504,10578
陕西,2023,文科,503,10834
陕西,2023,文科,502,11077
陕西,2023,文科,501,11322
陕西,2023,文科,500,11548
陕西,2023,文科,499,11823
陕西,2023,文科,498,12059
陕西,2023,文科,497,12331
陕西,2023,文科,496,12570
陕西,2023,文科,495,12859
陕西,2023,文科,494,13128
陕西,2023,文科,493,13374
陕西,2023,文科,492,13674
陕西,2023,文科,491,13951
陕西,2023,文科,490,14222
陕西,2023,文科,489,14516
陕西,2023,文科,488,14804
陕西,2023,文科,487,15108
陕西,2023,文科,486,15422
陕西,2023,文科,485,15721
陕西,2023,文科,484,16024
陕西,2023,文科,483,16337
陕西,2023,文科,482,16631
陕西,2023,文科,481,16964
陕西,2023,文科,480,17247
陕西,2023,文科,479,17575
陕西,2023,文科,478,17937
陕西,2023,文科,477,18279
陕西,2023,文科,476,18629
陕西,2023,文科,475,18966
陕西,2023,文科,474,19288
陕西,2023,文科,473,19653
陕西,2023,文科,472,20030
陕西,2023,文科,471,20367
陕西,2023,文科,470,20726
陕西,2023,文科,469,21048
陕西,2023,文科,468,21381
陕西,2023,文科,467,21770
陕西,2023,文科,466,22099
陕西,2023,文科,465,22457
陕西,2023,文科,464,22832
陕西,2023,文科,463,23242
陕西,2023,文科,462,23632
陕西,2023,文科,461,24038
陕西,2023,文科,460,24436
陕西,2023,文科,459,24854
陕西,2023,文科,458,25243
陕西,2023,文科,457,25592
陕西,2023,文科,456,26032
陕西,2023,文科,455,26444
陕西,2023,文科,454,26861
陕西,2023,文科,453,27262
陕西,2023,文科,452,27667
陕西,2023,文科,451,28071
陕西,2023,文科,450,28503
陕西,2023,文科,449,28946
陕西,2023,文科,448,29412
陕西,2023,文科,447,29816
陕西,2023,文科,446,30225
陕西,2023,文科,445,30653
陕西,2023,文科,444,31082
陕西,2023,文科,443,31512
陕西,2023,文科,442,31930
陕西,2023,文科,441,32372
陕西,2023,文科,440,32820
陕西,2023,文科,439,33256
陕西,2023,文科,438,33712
陕西,2023,文科,437,34142
陕西,2023,文科,436,34568
陕西,2023,文科,435,35031
陕西,2023,文科,434,35457
陕西,2023,文科,433,35935
陕西,2023,文科,432,36409
陕西,2023,文科,431,36856
陕西,2023,文科,430,37324
陕西,2023,文科,429,37749
陕西,2023,文科,428,38188
陕西,2023,文科,427,38654
陕西,2023,文科,426,39106
陕西,2023,文科,425,39568
陕西,2023,文科,424,40015
陕西,2023,文科,423,40528
陕西,2023,文科,422,40957
陕西,2023,文科,421,41411
陕西,2023,文科,420,41870
陕西,2023,文科,419,42343
陕西,2023,文科,418,42797
陕西,2023,文科,417,43258
陕西,2023,文科,416,43718
陕西,2023,文科,415,44207
陕西,2023,文科,414,44654
陕西,2023,文科,413,45127
陕西,2023,文科,412,45610
陕西,2023,文科,411,46066
陕西,2023,文科,410,46529
陕西,2023,文科,409,46953
陕西,2023,文科,408,47418
陕西,2023,文科,407,47864
陕西,2023,文科,406,48328
陕西,2023,文科,405,48782
陕西,2023,文科,404,49211
陕西,2023,文科,403,49658
陕西,2023,文科,402,50099
陕西,2023,文科,401,50526
陕西,2023,文科,400,50972
陕西,2023,文科,399,51430
陕西,2023,文科,398,51892
陕西,2023,文科,397,52366
陕西,2023,文科,396,52836
陕西,2023,文科,395,53287
陕西,2023,文科,394,53697
陕西,2023,文科,393,54151
陕西,2023,文科,392,54604
陕西,2023,文科,391,55053
陕西,2023,文科,390,55521
陕西,2023,文科,389,55947
陕西,2023,文科,388,56365
陕西,2023,文科,387,56791
陕西,2023,文科,386,57227
陕西,2023,文科,385,57640
陕西,2023,文科,384,58071
陕西,2023,文科,383,58489
陕西,2023,文科,382,58926
陕西,2023,文科,381,59350
陕西,2023,文科,380,59779
陕西,2023,文科,379,60180
陕西,2023,文科,378,60604
陕西,2023,文科,377,61029
陕西,2023,文科,376,61444
陕西,2023,文科,375,61820
陕西,2023,文科,374,62207
陕西,2023,文科,373,62603
陕西,2023,文科,372,62949
陕西,2023,文科,371,63312
陕西,2023,文科,370,63717
陕西,2023,文科,369,64078
陕西,2023,文科,368,64477
陕西,2023,文科,367,64880
陕西,2023,文科,366,65258
陕西,2023,文科,365,65616
陕西,2023,文科,364,65982
陕西,2023,文科,363,66376
陕西,2023,文科,362,66715
陕西,2023,文科,361,67058
陕西,2023,文科,360,67406
陕西,2023,文科,359,67777
陕西,2023,文科,358,68132
陕西,2023,文科,357,68481
陕西,2023,文科,356,68846
陕西,2023,文科,355,69178
陕西,2023,文科,354,69546
陕西,2023,文科,353,69866
陕西,2023,文科,352,70159
陕西,2023,文科,351,70474
陕西,2023,文科,350,70772
陕西,2023,文科,349,71076
陕西,2023,文科,348,71365
陕西,2023,文科,347,71671
陕西,2023,文科,346,71938
陕西,2023,文科,345,72205
陕西,2023,文科,344,72465
陕西,2023,文科,343,72752
陕西,2023,文科,342,73052
陕西,2023,文科,341,73329
陕西,2023,文科,340,73578
陕西,2023,文科,339,73845
陕西,2023,文科,338,74093
陕西,2023,文科,337,74352
陕西,2023,文科,336,74642
陕西,2023,文科,335,74874
陕西,2023,文科,334,75115
陕西,2023,文科,333,75337
陕西,2023,文科,332,75555
陕西,2023,文科,331,75780
陕西,2023,文科,330,76010
陕西,2023,文科,329,76237
陕西,2023,文科,328,76450
陕西,2023,文科,327,76670
陕西,2023,文科,326,76866
陕西,2023,文科,325,77054
陕西,2023,文科,324,77230
陕西,2023,文科,323,77427
陕西,2023,文科,322,77594
陕西,2023,文科,321,77762
陕西,2023,文科,320,77920
陕西,2023,文科,319,78095
陕西,2023,文科,318,78246
陕西,2023,文科,317,78408
陕西,2023,文科,316,78566
陕西,2023,文科,315,78710
陕西,2023,文科,314,78863
陕西,2023,文科,313,79001
陕西,2023,文科,312,79150
陕西,2023,文科,311,79299
陕西,2023,文科,310,79440
陕西,2023,文科,309,79559
陕西,2023,文科,308,79682
陕西,2023,文科,307,79812
陕西,2023,文科,306,79932
陕西,2023,文科,305,80077
陕西,2023,文科,304,80197
陕西,2023,文科,303,80313
陕西,2023,文科,302,80423
陕西,2023,文科,301,80534
陕西,2023,文科,300,80641
陕西,2023,文科,299,80743
陕西,2023,文科,298,80839
陕西,2023,文科,297,80945
陕西,2023,文科,296,81038
陕西,2023,文科,295,81132
陕西,2023,文科,294,81222
陕西,2023,文科,293,81298
陕西,2023,文科,292,81380
陕西,2023,文科,291,81457
陕西,2023,文科,290,81515
陕西,2023,文科,289,81602
陕西,2023,文科,288,81681
陕西,2023,文科,287,81759
陕西,2023,文科,286,81835
陕西,2023,文科,285,81906
陕西,2023,文科,284,81980
陕西,2023,文科,283,82030
陕西,2023,文科,282,82086
陕西,2023,文科,281,82145
陕西,2023,文科,280,82197
陕西,2023,文科,279,82262
陕西,2023,文科,278,82316
陕西,2023,文科,277,82384
陕西,2023,文科,276,82442
陕西,2023,文科,275,82503
陕西,2023,文科,274,82545
陕西,2023,文科,273,82585
陕西,2023,文科,272,82638
陕西,2023,文科,271,82684
陕西,2023,文科,270,82729
陕西,2023,文科,269,82780
陕西,2023,文科,268,82828
陕西,2023,文科,267,82875
陕西,2023,文科,266,82926
陕西,2023,文科,265,82967
陕西,2023,文科,264,83003
陕西,2023,文科,263,83048
陕西,2023,文科,262,83082
陕西,2023,文科,261,83121
陕西,2023,文科,260,83149
陕西,2023,文科,259,83164
陕西,2023,文科,258,83198
陕西,2023,文科,257,83220
陕西,2023,文科,256,83247
陕西,2023,文科,255,83283
陕西,2023,文科,254,83318
陕西,2023,文科,253,83365
陕西,2023,文科,252,83392
陕西,2023,文科,251,83424
陕西,2023,文科,250,83455
陕西,2023,文科,249,83481
陕西,2023,文科,248,83502
陕西,2023,文科,247,83534
陕西,2023,文科,246,83563
陕西,2023,文科,245,83587
陕西,2023,文科,244,83605
陕西,2023,文科,243,83619
陕西,2023,文科,242,83646
陕西,2023,文科,241,83666
陕西,2023,文科,240,83688
陕西,2023,文科,239,83705
陕西,2023,文科,238,83726
陕西,2023,文科,237,83749
陕西,2023,文科,236,83767
陕西,2023,文科,235,83787
陕西,2023,文科,234,83806
陕西,2023,文科,233,83825
陕西,2023,文科,232,83835
陕西,2023,文科,231,83846
陕西,2023,文科,230,83861
陕西,2023,文科,229,83877
陕西,2023,文科,228,83888
陕西,2023,文科,227,83908
陕西,2023,文科,226,83916
陕西,2023,文科,225,83925
陕西,2023,文科,224,83932
陕西,2023,文科,223,83943
陕西,2023,文科,222,83953
陕西,2023,文科,221,83961
陕西,2023,文科,220,83974
陕西,2023,文科,219,83989
陕西,2023,文科,218,84000
陕西,2023,文科,217,84010
陕西,2023,文科,216,84021
陕西,2023,文科,215,84027
陕西,2023,文科,214,84041
陕西,2023,文科,213,84049
陕西,2023,文科,212,84059
陕西,2023,文科,211,84067
陕西,2023,文科,210,84073
陕西,2023,文科,209,84077
陕西,2023,文科,208,84086
陕西,2023,文科,207,84097
陕西,2023,文科,206,84103
陕西,2023,文科,205,84109
陕西,2023,文科,204,84114
陕西,2023,文科,203,84125
陕西,2023,文科,202,84131
陕西,2023,文科,201,84138
陕西,2023,文科,200,84144
陕西,2023,文科,199,84153
陕西,2023,文科,198,84159
陕西,2023,文科,197,84165
陕西,2023,文科,196,84168
陕西,2023,文科,195,84176
陕西,2023,文科,194,84179
陕西,2023,文科,193,84180
陕西,2023,文科,192,84185
陕西,2023,文科,191,84191
陕西,2023,文科,190,84199
陕西,2023,文科,189,84203
陕西,2023,文科,188,84206
陕西,2023,文科,187,84211
陕西,2023,文科,186,84212
陕西,2023,文科,185,84216
陕西,2023,文科,184,84216
陕西,2023,文科,183,84217
陕西,2023,文科,182,84218
陕西,2023,文科,181,84219
陕西,2023,文科,180,84221
陕西,2023,文科,179,84226
陕西,2023,文科,178,84228
陕西,2023,文科,177,84229
陕西,2023,文科,176,84231
陕西,2023,文科,175,84233
陕西,2023,文科,174,84237
陕西,2023,文科,173,84243
陕西,2023,文科,172,84247
陕西,2023,文科,171,84249
陕西,2023,文科,170,84252
陕西,2023,文科,169,84254
陕西,2023,文科,168,84256
陕西,2023,文科,167,84257
陕西,2023,文科,166,84257
陕西,2023,文科,165,84259
陕西,2023,文科,164,84261
陕西,2023,文科,163,84264
陕西,2023,文科,162,84265
陕西,2023,文科,161,84267
陕西,2023,文科,160,84273
陕西,2023,文科,159,84274
陕西,2023,文科,158,84274
陕西,2023,文科,157,84276
陕西,2023,文科,156,84278
陕西,2023,文科,155,84279
陕西,2023,文科,154,84281
陕西,2023,文科,153,84282
陕西,2023,文科,152,84283
陕西,2023,文科,151,84285
陕西,2023,文科,150,84286
陕西,2023,文科,149,84287
陕西,2023,文科,148,84288
陕西,2023,文科,147,84291
陕西,2023,文科,146,84292
陕西,2023,文科,145,84293
陕西,2023,文科,144,84295
陕西,2023,文科,143,84296
陕西,2023,文科,142,84297
陕西,2023,文科,141,84298
陕西,2023,文科,140,84299
陕西,2023,文科,139,84302
陕西,2023,文科,138,84306
陕西,2023,文科,137,84308
陕西,2023,文科,136,84310
陕西,2023,文科,135,84311
陕西,2023,文科,134,84311
陕西,2023,文科,133,84313
陕西,2023,文科,132,84315
陕西,2023,文科,131,84317
陕西,2023,文科,130,84318
陕西,2023,文科,129,84320
陕西,2023,文科,128,84321
陕西,2023,文科,127,84321
陕西,2023,文科,126,84322
陕西,2023,文科,125,84324
陕西,2023,文科,124,84324
陕西,2023,文科,123,84324
陕西,2023,文科,122,84324
陕西,2023,文科,121,84325
陕西,2023,文科,120,84326
陕西,2023,文科,119,84327
陕西,2023,文科,118,84327
陕西,2023,文科,117,84327
陕西,2023,文科,116,84328
陕西,2023,文科,115,84328
陕西,2023,文科,114,84330
陕西,2023,文科,113,84331
陕西,2023,文科,112,84333
陕西,2023,文科,111,84333
陕西,2023,文科,110,84333
陕西,2023,文科,109,84334
陕西,2023,文科,108,84335
陕西,2023,文科,107,84336
陕西,2023,文科,106,84338
陕西,2023,文科,105,84338
陕西,2023,文科,104,84338
陕西,2023,文科,103,84339
陕西,2023,文科,0,85642
陕西,2023,理科（不含艺理、体育）,710,12
陕西,2023,理科（不含艺理、体育）,709,13
陕西,2023,理科（不含艺理、体育）,708,15
陕西,2023,理科（不含艺理、体育）,707,16
陕西,2023,理科（不含艺理、体育）,706,21
陕西,2023,理科（不含艺理、体育）,705,27
陕西,2023,理科（不含艺理、体育）,704,34
陕西,2023,理科（不含艺理、体育）,703,40
陕西,2023,理科（不含艺理、体育）,702,44
陕西,2023,理科（不含艺理、体育）,701,47
陕西,2023,理科（不含艺理、体育）,700,54
陕西,2023,理科（不含艺理、体育）,699,62
陕西,2023,理科（不含艺理、体育）,698,70
陕西,2023,理科（不含艺理、体育）,697,80
陕西,2023,理科（不含艺理、体育）,696,89
陕西,2023,理科（不含艺理、体育）,695,100
陕西,2023,理科（不含艺理、体育）,694,111
陕西,2023,理科（不含艺理、体育）,693,122
陕西,2023,理科（不含艺理、体育）,692,135
陕西,2023,理科（不含艺理、体育）,691,151
陕西,2023,理科（不含艺理、体育）,690,163
陕西,2023,理科（不含艺理、体育）,689,174
陕西,2023,理科（不含艺理、体育）,688,186
陕西,2023,理科（不含艺理、体育）,687,202
陕西,2023,理科（不含艺理、体育）,686,216
陕西,2023,理科（不含艺理、体育）,685,240
陕西,2023,理科（不含艺理、体育）,684,255
陕西,2023,理科（不含艺理、体育）,683,271
陕西,2023,理科（不含艺理、体育）,682,286
陕西,2023,理科（不含艺理、体育）,681,312
陕西,2023,理科（不含艺理、体育）,680,330
陕西,2023,理科（不含艺理、体育）,679,356
陕西,2023,理科（不含艺理、体育）,678,378
陕西,2023,理科（不含艺理、体育）,677,408
陕西,2023,理科（不含艺理、体育）,676,431
陕西,2023,理科（不含艺理、体育）,675,459
陕西,2023,理科（不含艺理、体育）,674,483
陕西,2023,理科（不含艺理、体育）,673,511
陕西,2023,理科（不含艺理、体育）,672,540
陕西,2023,理科（不含艺理、体育）,671,572
陕西,2023,理科（不含艺理、体育）,670,601
陕西,2023,理科（不含艺理、体育）,669,623
陕西,2023,理科（不含艺理、体育）,668,658
陕西,2023,理科（不含艺理、体育）,667,689
陕西,2023,理科（不含艺理、体育）,666,720
陕西,2023,理科（不含艺理、体育）,665,754
陕西,2023,理科（不含艺理、体育）,664,789
陕西,2023,理科（不含艺理、体育）,663,825
陕西,2023,理科（不含艺理、体育）,662,861
陕西,2023,理科（不含艺理、体育）,661,898
陕西,2023,理科（不含艺理、体育）,660,934
陕西,2023,理科（不含艺理、体育）,659,976
陕西,2023,理科（不含艺理、体育）,658,1018
陕西,2023,理科（不含艺理、体育）,657,1052
陕西,2023,理科（不含艺理、体育）,656,1097
陕西,2023,理科（不含艺理、体育）,655,1145
陕西,2023,理科（不含艺理、体育）,654,1196
陕西,2023,理科（不含艺理、体育）,653,1241
陕西,2023,理科（不含艺理、体育）,652,1288
陕西,2023,理科（不含艺理、体育）,651,1325
陕西,2023,理科（不含艺理、体育）,650,1380
陕西,2023,理科（不含艺理、体育）,649,1423
陕西,2023,理科（不含艺理、体育）,648,1476
陕西,2023,理科（不含艺理、体育）,647,1524
陕西,2023,理科（不含艺理、体育）,646,1574
陕西,2023,理科（不含艺理、体育）,645,1623
陕西,2023,理科（不含艺理、体育）,644,1672
陕西,2023,理科（不含艺理、体育）,643,1729
陕西,2023,理科（不含艺理、体育）,642,1800
陕西,2023,理科（不含艺理、体育）,641,1865
陕西,2023,理科（不含艺理、体育）,640,1912
陕西,2023,理科（不含艺理、体育）,639,1977
陕西,2023,理科（不含艺理、体育）,638,2033
陕西,2023,理科（不含艺理、体育）,637,2093
陕西,2023,理科（不含艺理、体育）,636,2167
陕西,2023,理科（不含艺理、体育）,635,2249
陕西,2023,理科（不含艺理、体育）,634,2308
陕西,2023,理科（不含艺理、体育）,633,2387
陕西,2023,理科（不含艺理、体育）,632,2455
陕西,2023,理科（不含艺理、体育）,631,2539
陕西,2023,理科（不含艺理、体育）,630,2622
陕西,2023,理科（不含艺理、体育）,629,2710
陕西,2023,理科（不含艺理、体育）,628,2788
陕西,2023,理科（不含艺理、体育）,627,2865
陕西,2023,理科（不含艺理、体育）,626,2937
陕西,2023,理科（不含艺理、体育）,625,3021
陕西,2023,理科（不含艺理、体育）,624,3104
陕西,2023,理科（不含艺理、体育）,623,3190
陕西,2023,理科（不含艺理、体育）,622,3260
陕西,2023,理科（不含艺理、体育）,621,3351
陕西,2023,理科（不含艺理、体育）,620,3426
陕西,2023,理科（不含艺理、体育）,619,3531
陕西,2023,理科（不含艺理、体育）,618,3626
陕西,2023,理科（不含艺理、体育）,617,3718
陕西,2023,理科（不含艺理、体育）,616,3818
陕西,2023,理科（不含艺理、体育）,615,3934
陕西,2023,理科（不含艺理、体育）,614,4030
陕西,2023,理科（不含艺理、体育）,613,4134
陕西,2023,理科（不含艺理、体育）,612,4234
陕西,2023,理科（不含艺理、体育）,611,4339
陕西,2023,理科（不含艺理、体育）,610,4447
陕西,2023,理科（不含艺理、体育）,609,4542
陕西,2023,理科（不含艺理、体育）,608,4665
陕西,2023,理科（不含艺理、体育）,607,4801
陕西,2023,理科（不含艺理、体育）,606,4926
陕西,2023,理科（不含艺理、体育）,605,5044
陕西,2023,理科（不含艺理、体育）,604,5158
陕西,2023,理科（不含艺理、体育）,603,5283
陕西,2023,理科（不含艺理、体育）,602,5395
陕西,2023,理科（不含艺理、体育）,601,5527
陕西,2023,理科（不含艺理、体育）,600,5659
陕西,2023,理科（不含艺理、体育）,599,5794
陕西,2023,理科（不含艺理、体育）,598,5910
陕西,2023,理科（不含艺理、体育）,597,6042
陕西,2023,理科（不含艺理、体育）,596,6187
陕西,2023,理科（不含艺理、体育）,595,6326
陕西,2023,理科（不含艺理、体育）,594,6464
陕西,2023,理科（不含艺理、体育）,593,6607
陕西,2023,理科（不含艺理、体育）,592,6768
陕西,2023,理科（不含艺理、体育）,591,6929
陕西,2023,理科（不含艺理、体育）,590,7080
陕西,2023,理科（不含艺理、体育）,589,7222
陕西,2023,理科（不含艺理、体育）,588,7364
陕西,2023,理科（不含艺理、体育）,587,7537
陕西,2023,理科（不含艺理、体育）,586,7690
陕西,2023,理科（不含艺理、体育）,585,7842
陕西,2023,理科（不含艺理、体育）,584,8010
陕西,2023,理科（不含艺理、体育）,583,8194
陕西,2023,理科（不含艺理、体育）,582,8360
陕西,2023,理科（不含艺理、体育）,581,8542
陕西,2023,理科（不含艺理、体育）,580,8709
陕西,2023,理科（不含艺理、体育）,579,8894
陕西,2023,理科（不含艺理、体育）,578,9070
陕西,2023,理科（不含艺理、体育）,577,9276
陕西,2023,理科（不含艺理、体育）,576,9459
陕西,2023,理科（不含艺理、体育）,575,9638
陕西,2023,理科（不含艺理、体育）,574,9810
陕西,2023,理科（不含艺理、体育）,573,9996
陕西,2023,理科（不含艺理、体育）,572,10199
陕西,2023,理科（不含艺理、体育）,571,10395
陕西,2023,理科（不含艺理、体育）,570,10593
陕西,2023,理科（不含艺理、体育）,569,10783
陕西,2023,理科（不含艺理、体育）,568,11008
陕西,2023,理科（不含艺理、体育）,567,11216
陕西,2023,理科（不含艺理、体育）,566,11406
陕西,2023,理科（不含艺理、体育）,565,11597
陕西,2023,理科（不含艺理、体育）,564,11811
陕西,2023,理科（不含艺理、体育）,563,12060
陕西,2023,理科（不含艺理、体育）,562,12284
陕西,2023,理科（不含艺理、体育）,561,12512
陕西,2023,理科（不含艺理、体育）,560,12732
陕西,2023,理科（不含艺理、体育）,559,12979
陕西,2023,理科（不含艺理、体育）,558,13206
陕西,2023,理科（不含艺理、体育）,557,13417
陕西,2023,理科（不含艺理、体育）,556,13655
陕西,2023,理科（不含艺理、体育）,555,13877
陕西,2023,理科（不含艺理、体育）,554,14145
陕西,2023,理科（不含艺理、体育）,553,14393
陕西,2023,理科（不含艺理、体育）,552,14631
陕西,2023,理科（不含艺理、体育）,551,14858
陕西,2023,理科（不含艺理、体育）,550,15124
陕西,2023,理科（不含艺理、体育）,549,15373
陕西,2023,理科（不含艺理、体育）,548,15629
陕西,2023,理科（不含艺理、体育）,547,15888
陕西,2023,理科（不含艺理、体育）,546,16145
陕西,2023,理科（不含艺理、体育）,545,16398
陕西,2023,理科（不含艺理、体育）,544,16640
陕西,2023,理科（不含艺理、体育）,543,16932
陕西,2023,理科（不含艺理、体育）,542,17202
陕西,2023,理科（不含艺理、体育）,541,17472
陕西,2023,理科（不含艺理、体育）,540,17759
陕西,2023,理科（不含艺理、体育）,539,18043
陕西,2023,理科（不含艺理、体育）,538,18317
陕西,2023,理科（不含艺理、体育）,537,18617
陕西,2023,理科（不含艺理、体育）,536,18904
陕西,2023,理科（不含艺理、体育）,535,19181
陕西,2023,理科（不含艺理、体育）,534,19472
陕西,2023,理科（不含艺理、体育）,533,19778
陕西,2023,理科（不含艺理、体育）,532,20121
陕西,2023,理科（不含艺理、体育）,531,20464
陕西,2023,理科（不含艺理、体育）,530,20785
陕西,2023,理科（不含艺理、体育）,529,21113
陕西,2023,理科（不含艺理、体育）,528,21450
陕西,2023,理科（不含艺理、体育）,527,21758
陕西,2023,理科（不含艺理、体育）,526,22058
陕西,2023,理科（不含艺理、体育）,525,22373
陕西,2023,理科（不含艺理、体育）,524,22667
陕西,2023,理科（不含艺理、体育）,523,23019
陕西,2023,理科（不含艺理、体育）,522,23359
陕西,2023,理科（不含艺理、体育）,521,23700
陕西,2023,理科（不含艺理、体育）,520,24050
陕西,2023,理科（不含艺理、体育）,519,24379
陕西,2023,理科（不含艺理、体育）,518,24726
陕西,2023,理科（不含艺理、体育）,517,25082
陕西,2023,理科（不含艺理、体育）,516,25426
陕西,2023,理科（不含艺理、体育）,515,25781
陕西,2023,理科（不含艺理、体育）,514,26098
陕西,2023,理科（不含艺理、体育）,513,26499
陕西,2023,理科（不含艺理、体育）,512,26854
陕西,2023,理科（不含艺理、体育）,511,27216
陕西,2023,理科（不含艺理、体育）,510,27577
陕西,2023,理科（不含艺理、体育）,509,27935
陕西,2023,理科（不含艺理、体育）,508,28306
陕西,2023,理科（不含艺理、体育）,507,28658
陕西,2023,理科（不含艺理、体育）,506,29050
陕西,2023,理科（不含艺理、体育）,505,29400
陕西,2023,理科（不含艺理、体育）,504,29806
陕西,2023,理科（不含艺理、体育）,503,30216
陕西,2023,理科（不含艺理、体育）,502,30584
陕西,2023,理科（不含艺理、体育）,501,31014
陕西,2023,理科（不含艺理、体育）,500,31425
陕西,2023,理科（不含艺理、体育）,499,31877
陕西,2023,理科（不含艺理、体育）,498,32289
陕西,2023,理科（不含艺理、体育）,497,32726
陕西,2023,理科（不含艺理、体育）,496,33162
陕西,2023,理科（不含艺理、体育）,495,33579
陕西,2023,理科（不含艺理、体育）,494,33989
陕西,2023,理科（不含艺理、体育）,493,34413
陕西,2023,理科（不含艺理、体育）,492,34862
陕西,2023,理科（不含艺理、体育）,491,35306
陕西,2023,理科（不含艺理、体育）,490,35754
陕西,2023,理科（不含艺理、体育）,489,36203
陕西,2023,理科（不含艺理、体育）,488,36696
陕西,2023,理科（不含艺理、体育）,487,37185
陕西,2023,理科（不含艺理、体育）,486,37665
陕西,2023,理科（不含艺理、体育）,485,38155
陕西,2023,理科（不含艺理、体育）,484,38642
陕西,2023,理科（不含艺理、体育）,483,39142
陕西,2023,理科（不含艺理、体育）,482,39609
陕西,2023,理科（不含艺理、体育）,481,40081
陕西,2023,理科（不含艺理、体育）,480,40613
陕西,2023,理科（不含艺理、体育）,479,41119
陕西,2023,理科（不含艺理、体育）,478,41638
陕西,2023,理科（不含艺理、体育）,477,42144
陕西,2023,理科（不含艺理、体育）,476,42648
陕西,2023,理科（不含艺理、体育）,475,43121
陕西,2023,理科（不含艺理、体育）,474,43676
陕西,2023,理科（不含艺理、体育）,473,44177
陕西,2023,理科（不含艺理、体育）,472,44724
陕西,2023,理科（不含艺理、体育）,471,45271
陕西,2023,理科（不含艺理、体育）,470,45828
陕西,2023,理科（不含艺理、体育）,469,46392
陕西,2023,理科（不含艺理、体育）,468,46967
陕西,2023,理科（不含艺理、体育）,467,47527
陕西,2023,理科（不含艺理、体育）,466,48060
陕西,2023,理科（不含艺理、体育）,465,48623
陕西,2023,理科（不含艺理、体育）,464,49196
陕西,2023,理科（不含艺理、体育）,463,49787
陕西,2023,理科（不含艺理、体育）,462,50406
陕西,2023,理科（不含艺理、体育）,461,51011
陕西,2023,理科（不含艺理、体育）,460,51611
陕西,2023,理科（不含艺理、体育）,459,52217
陕西,2023,理科（不含艺理、体育）,458,52827
陕西,2023,理科（不含艺理、体育）,457,53407
陕西,2023,理科（不含艺理、体育）,456,53962
陕西,2023,理科（不含艺理、体育）,455,54598
陕西,2023,理科（不含艺理、体育）,454,55185
陕西,2023,理科（不含艺理、体育）,453,55813
陕西,2023,理科（不含艺理、体育）,452,56395
陕西,2023,理科（不含艺理、体育）,451,57023
陕西,2023,理科（不含艺理、体育）,450,57633
陕西,2023,理科（不含艺理、体育）,449,58243
陕西,2023,理科（不含艺理、体育）,448,58853
陕西,2023,理科（不含艺理、体育）,447,59507
陕西,2023,理科（不含艺理、体育）,446,60132
陕西,2023,理科（不含艺理、体育）,445,60728
陕西,2023,理科（不含艺理、体育）,444,61394
陕西,2023,理科（不含艺理、体育）,443,62001
陕西,2023,理科（不含艺理、体育）,442,62696
陕西,2023,理科（不含艺理、体育）,441,63373
陕西,2023,理科（不含艺理、体育）,440,64019
陕西,2023,理科（不含艺理、体育）,439,64689
陕西,2023,理科（不含艺理、体育）,438,65363
陕西,2023,理科（不含艺理、体育）,437,66021
陕西,2023,理科（不含艺理、体育）,436,66614
陕西,2023,理科（不含艺理、体育）,435,67276
陕西,2023,理科（不含艺理、体育）,434,67925
陕西,2023,理科（不含艺理、体育）,433,68616
陕西,2023,理科（不含艺理、体育）,432,69264
陕西,2023,理科（不含艺理、体育）,431,69921
陕西,2023,理科（不含艺理、体育）,430,70564
陕西,2023,理科（不含艺理、体育）,429,71257
陕西,2023,理科（不含艺理、体育）,428,71945
陕西,2023,理科（不含艺理、体育）,427,72657
陕西,2023,理科（不含艺理、体育）,426,73311
陕西,2023,理科（不含艺理、体育）,425,73962
陕西,2023,理科（不含艺理、体育）,424,74638
陕西,2023,理科（不含艺理、体育）,423,75292
陕西,2023,理科（不含艺理、体育）,422,75987
陕西,2023,理科（不含艺理、体育）,421,76682
陕西,2023,理科（不含艺理、体育）,420,77386
陕西,2023,理科（不含艺理、体育）,419,78044
陕西,2023,理科（不含艺理、体育）,418,78722
陕西,2023,理科（不含艺理、体育）,417,79412
陕西,2023,理科（不含艺理、体育）,416,80092
陕西,2023,理科（不含艺理、体育）,415,80798
陕西,2023,理科（不含艺理、体育）,414,81440
陕西,2023,理科（不含艺理、体育）,413,82097
陕西,2023,理科（不含艺理、体育）,412,82769
陕西,2023,理科（不含艺理、体育）,411,83410
陕西,2023,理科（不含艺理、体育）,410,84092
陕西,2023,理科（不含艺理、体育）,409,84799
陕西,2023,理科（不含艺理、体育）,408,85491
陕西,2023,理科（不含艺理、体育）,407,86207
陕西,2023,理科（不含艺理、体育）,406,86933
陕西,2023,理科（不含艺理、体育）,405,87602
陕西,2023,理科（不含艺理、体育）,404,88270
陕西,2023,理科（不含艺理、体育）,403,88982
陕西,2023,理科（不含艺理、体育）,402,89661
陕西,2023,理科（不含艺理、体育）,401,90338
陕西,2023,理科（不含艺理、体育）,400,91003
陕西,2023,理科（不含艺理、体育）,399,91701
陕西,2023,理科（不含艺理、体育）,398,92377
陕西,2023,理科（不含艺理、体育）,397,93050
陕西,2023,理科（不含艺理、体育）,396,93733
陕西,2023,理科（不含艺理、体育）,395,94351
陕西,2023,理科（不含艺理、体育）,394,95051
陕西,2023,理科（不含艺理、体育）,393,95715
陕西,2023,理科（不含艺理、体育）,392,96355
陕西,2023,理科（不含艺理、体育）,391,97023
陕西,2023,理科（不含艺理、体育）,390,97680
陕西,2023,理科（不含艺理、体育）,389,98304
陕西,2023,理科（不含艺理、体育）,388,98939
陕西,2023,理科（不含艺理、体育）,387,99630
陕西,2023,理科（不含艺理、体育）,386,100326
陕西,2023,理科（不含艺理、体育）,385,100971
陕西,2023,理科（不含艺理、体育）,384,101621
陕西,2023,理科（不含艺理、体育）,383,102285
陕西,2023,理科（不含艺理、体育）,382,102938
陕西,2023,理科（不含艺理、体育）,381,103628
陕西,2023,理科（不含艺理、体育）,380,104282
陕西,2023,理科（不含艺理、体育）,379,104939
陕西,2023,理科（不含艺理、体育）,378,105582
陕西,2023,理科（不含艺理、体育）,377,106190
陕西,2023,理科（不含艺理、体育）,376,106776
陕西,2023,理科（不含艺理、体育）,375,107437
陕西,2023,理科（不含艺理、体育）,374,108068
陕西,2023,理科（不含艺理、体育）,373,108700
陕西,2023,理科（不含艺理、体育）,372,109326
陕西,2023,理科（不含艺理、体育）,371,109955
陕西,2023,理科（不含艺理、体育）,370,110602
陕西,2023,理科（不含艺理、体育）,369,111189
陕西,2023,理科（不含艺理、体育）,368,111835
陕西,2023,理科（不含艺理、体育）,367,112412
陕西,2023,理科（不含艺理、体育）,366,112996
陕西,2023,理科（不含艺理、体育）,365,113561
陕西,2023,理科（不含艺理、体育）,364,114166
陕西,2023,理科（不含艺理、体育）,363,114741
陕西,2023,理科（不含艺理、体育）,362,115268
陕西,2023,理科（不含艺理、体育）,361,115818
陕西,2023,理科（不含艺理、体育）,360,116379
陕西,2023,理科（不含艺理、体育）,359,116961
陕西,2023,理科（不含艺理、体育）,358,117497
陕西,2023,理科（不含艺理、体育）,357,118052
陕西,2023,理科（不含艺理、体育）,356,118610
陕西,2023,理科（不含艺理、体育）,355,119169
陕西,2023,理科（不含艺理、体育）,354,119706
陕西,2023,理科（不含艺理、体育）,353,120274
陕西,2023,理科（不含艺理、体育）,352,120838
陕西,2023,理科（不含艺理、体育）,351,121340
陕西,2023,理科（不含艺理、体育）,350,121855
陕西,2023,理科（不含艺理、体育）,349,122367
陕西,2023,理科（不含艺理、体育）,348,122867
陕西,2023,理科（不含艺理、体育）,347,123353
陕西,2023,理科（不含艺理、体育）,346,123880
陕西,2023,理科（不含艺理、体育）,345,124386
陕西,2023,理科（不含艺理、体育）,344,124887
陕西,2023,理科（不含艺理、体育）,343,125397
陕西,2023,理科（不含艺理、体育）,342,125884
陕西,2023,理科（不含艺理、体育）,341,126364
陕西,2023,理科（不含艺理、体育）,340,126855
陕西,2023,理科（不含艺理、体育）,339,127309
陕西,2023,理科（不含艺理、体育）,338,127763
陕西,2023,理科（不含艺理、体育）,337,128226
陕西,2023,理科（不含艺理、体育）,336,128670
陕西,2023,理科（不含艺理、体育）,335,129123
陕西,2023,理科（不含艺理、体育）,334,129582
陕西,2023,理科（不含艺理、体育）,333,130020
陕西,2023,理科（不含艺理、体育）,332,130427
陕西,2023,理科（不含艺理、体育）,331,130877
陕西,2023,理科（不含艺理、体育）,330,131333
陕西,2023,理科（不含艺理、体育）,329,131728
陕西,2023,理科（不含艺理、体育）,328,132149
陕西,2023,理科（不含艺理、体育）,327,132526
陕西,2023,理科（不含艺理、体育）,326,132925
陕西,2023,理科（不含艺理、体育）,325,133283
陕西,2023,理科（不含艺理、体育）,324,133672
陕西,2023,理科（不含艺理、体育）,323,134074
陕西,2023,理科（不含艺理、体育）,322,134436
陕西,2023,理科（不含艺理、体育）,321,134815
陕西,2023,理科（不含艺理、体育）,320,135159
陕西,2023,理科（不含艺理、体育）,319,135501
陕西,2023,理科（不含艺理、体育）,318,135890
陕西,2023,理科（不含艺理、体育）,317,136257
陕西,2023,理科（不含艺理、体育）,316,136586
陕西,2023,理科（不含艺理、体育）,315,136971
陕西,2023,理科（不含艺理、体育）,314,137302
陕西,2023,理科（不含艺理、体育）,313,137634
陕西,2023,理科（不含艺理、体育）,312,137969
陕西,2023,理科（不含艺理、体育）,311,138272
陕西,2023,理科（不含艺理、体育）,310,138587
陕西,2023,理科（不含艺理、体育）,309,138914
陕西,2023,理科（不含艺理、体育）,308,139225
陕西,2023,理科（不含艺理、体育）,307,139532
陕西,2023,理科（不含艺理、体育）,306,139842
陕西,2023,理科（不含艺理、体育）,305,140165
陕西,2023,理科（不含艺理、体育）,304,140462
陕西,2023,理科（不含艺理、体育）,303,140749
陕西,2023,理科（不含艺理、体育）,302,141059
陕西,2023,理科（不含艺理、体育）,301,141332
陕西,2023,理科（不含艺理、体育）,300,141607
陕西,2023,理科（不含艺理、体育）,299,141887
陕西,2023,理科（不含艺理、体育）,298,142145
陕西,2023,理科（不含艺理、体育）,297,142412
陕西,2023,理科（不含艺理、体育）,296,142675
陕西,2023,理科（不含艺理、体育）,295,142925
陕西,2023,理科（不含艺理、体育）,294,143170
陕西,2023,理科（不含艺理、体育）,293,143383
陕西,2023,理科（不含艺理、体育）,292,143615
陕西,2023,理科（不含艺理、体育）,291,143862
陕西,2023,理科（不含艺理、体育）,290,144082
陕西,2023,理科（不含艺理、体育）,289,144315
陕西,2023,理科（不含艺理、体育）,288,144530
陕西,2023,理科（不含艺理、体育）,287,144754
陕西,2023,理科（不含艺理、体育）,286,144980
陕西,2023,理科（不含艺理、体育）,285,145158
陕西,2023,理科（不含艺理、体育）,284,145349
陕西,2023,理科（不含艺理、体育）,283,145548
陕西,2023,理科（不含艺理、体育）,282,145746
陕西,2023,理科（不含艺理、体育）,281,145942
陕西,2023,理科（不含艺理、体育）,280,146131
陕西,2023,理科（不含艺理、体育）,279,146323
陕西,2023,理科（不含艺理、体育）,278,146529
陕西,2023,理科（不含艺理、体育）,277,146714
陕西,2023,理科（不含艺理、体育）,276,146906
陕西,2023,理科（不含艺理、体育）,275,147071
陕西,2023,理科（不含艺理、体育）,274,147228
陕西,2023,理科（不含艺理、体育）,273,147403
陕西,2023,理科（不含艺理、体育）,272,147596
陕西,2023,理科（不含艺理、体育）,271,147781
陕西,2023,理科（不含艺理、体育）,270,147941
陕西,2023,理科（不含艺理、体育）,269,148109
陕西,2023,理科（不含艺理、体育）,268,148256
陕西,2023,理科（不含艺理、体育）,267,148399
陕西,2023,理科（不含艺理、体育）,266,148543
陕西,2023,理科（不含艺理、体育）,265,148691
陕西,2023,理科（不含艺理、体育）,264,148845
陕西,2023,理科（不含艺理、体育）,263,148969
陕西,2023,理科（不含艺理、体育）,262,149093
陕西,2023,理科（不含艺理、体育）,261,149223
陕西,2023,理科（不含艺理、体育）,260,149333
陕西,2023,理科（不含艺理、体育）,259,149472
陕西,2023,理科（不含艺理、体育）,258,149607
陕西,2023,理科（不含艺理、体育）,257,149720
陕西,2023,理科（不含艺理、体育）,256,149845
陕西,2023,理科（不含艺理、体育）,255,149942
陕西,2023,理科（不含艺理、体育）,254,150062
陕西,2023,理科（不含艺理、体育）,253,150172
陕西,2023,理科（不含艺理、体育）,252,150284
陕西,2023,理科（不含艺理、体育）,251,150385
陕西,2023,理科（不含艺理、体育）,250,150509
陕西,2023,理科（不含艺理、体育）,249,150608
陕西,2023,理科（不含艺理、体育）,248,150698
陕西,2023,理科（不含艺理、体育）,247,150787
陕西,2023,理科（不含艺理、体育）,246,150878
陕西,2023,理科（不含艺理、体育）,245,150965
陕西,2023,理科（不含艺理、体育）,244,151073
陕西,2023,理科（不含艺理、体育）,243,151174
陕西,2023,理科（不含艺理、体育）,242,151247
陕西,2023,理科（不含艺理、体育）,241,151327
陕西,2023,理科（不含艺理、体育）,240,151417
陕西,2023,理科（不含艺理、体育）,239,151503
陕西,2023,理科（不含艺理、体育）,238,151577
陕西,2023,理科（不含艺理、体育）,237,151645
陕西,2023,理科（不含艺理、体育）,236,151715
陕西,2023,理科（不含艺理、体育）,235,151789
陕西,2023,理科（不含艺理、体育）,234,151865
陕西,2023,理科（不含艺理、体育）,233,151939
陕西,2023,理科（不含艺理、体育）,232,152018
陕西,2023,理科（不含艺理、体育）,231,152087
陕西,2023,理科（不含艺理、体育）,230,152154
陕西,2023,理科（不含艺理、体育）,229,152204
陕西,2023,理科（不含艺理、体育）,228,152271
陕西,2023,理科（不含艺理、体育）,227,152326
陕西,2023,理科（不含艺理、体育）,226,152395
陕西,2023,理科（不含艺理、体育）,225,152443
陕西,2023,理科（不含艺理、体育）,224,152512
陕西,2023,理科（不含艺理、体育）,223,152571
陕西,2023,理科（不含艺理、体育）,222,152619
陕西,2023,理科（不含艺理、体育）,221,152678
陕西,2023,理科（不含艺理、体育）,220,152730
陕西,2023,理科（不含艺理、体育）,219,152779
陕西,2023,理科（不含艺理、体育）,218,152824
陕西,2023,理科（不含艺理、体育）,217,152871
陕西,2023,理科（不含艺理、体育）,216,152916
陕西,2023,理科（不含艺理、体育）,215,152959
陕西,2023,理科（不含艺理、体育）,214,153008
陕西,2023,理科（不含艺理、体育）,213,153051
陕西,2023,理科（不含艺理、体育）,212,153093
陕西,2023,理科（不含艺理、体育）,211,153138
陕西,2023,理科（不含艺理、体育）,210,153182
陕西,2023,理科（不含艺理、体育）,209,153225
陕西,2023,理科（不含艺理、体育）,208,153262
陕西,2023,理科（不含艺理、体育）,207,153294
陕西,2023,理科（不含艺理、体育）,206,153341
陕西,2023,理科（不含艺理、体育）,205,153381
陕西,2023,理科（不含艺理、体育）,204,153408
陕西,2023,理科（不含艺理、体育）,203,153442
陕西,2023,理科（不含艺理、体育）,202,153471
陕西,2023,理科（不含艺理、体育）,201,153490
陕西,2023,理科（不含艺理、体育）,200,153523
陕西,2023,理科（不含艺理、体育）,199,153553
陕西,2023,理科（不含艺理、体育）,198,153588
陕西,2023,理科（不含艺理、体育）,197,153612
陕西,2023,理科（不含艺理、体育）,196,153641
陕西,2023,理科（不含艺理、体育）,195,153660
陕西,2023,理科（不含艺理、体育）,194,153682
陕西,2023,理科（不含艺理、体育）,193,153707
陕西,2023,理科（不含艺理、体育）,192,153730
陕西,2023,理科（不含艺理、体育）,191,153752
陕西,2023,理科（不含艺理、体育）,190,153780
陕西,2023,理科（不含艺理、体育）,189,153794
陕西,2023,理科（不含艺理、体育）,188,153825
陕西,2023,理科（不含艺理、体育）,187,153838
陕西,2023,理科（不含艺理、体育）,186,153853
陕西,2023,理科（不含艺理、体育）,185,153882
陕西,2023,理科（不含艺理、体育）,184,153895
陕西,2023,理科（不含艺理、体育）,183,153911
陕西,2023,理科（不含艺理、体育）,182,153927
陕西,2023,理科（不含艺理、体育）,181,153949
陕西,2023,理科（不含艺理、体育）,180,153972
陕西,2023,理科（不含艺理、体育）,179,153983
陕西,2023,理科（不含艺理、体育）,178,154004
陕西,2023,理科（不含艺理、体育）,177,154017
陕西,2023,理科（不含艺理、体育）,176,154032
陕西,2023,理科（不含艺理、体育）,175,154050
陕西,2023,理科（不含艺理、体育）,174,154072
陕西,2023,理科（不含艺理、体育）,173,154083
陕西,2023,理科（不含艺理、体育）,172,154098
陕西,2023,理科（不含艺理、体育）,171,154104
陕西,2023,理科（不含艺理、体育）,170,154124
陕西,2023,理科（不含艺理、体育）,169,154138
陕西,2023,理科（不含艺理、体育）,168,154151
陕西,2023,理科（不含艺理、体育）,167,154163
陕西,2023,理科（不含艺理、体育）,166,154170
陕西,2023,理科（不含艺理、体育）,165,154184
陕西,2023,理科（不含艺理、体育）,164,154193
陕西,2023,理科（不含艺理、体育）,163,154202
陕西,2023,理科（不含艺理、体育）,162,154208
陕西,2023,理科（不含艺理、体育）,161,154212
陕西,2023,理科（不含艺理、体育）,160,154221
陕西,2023,理科（不含艺理、体育）,159,154227
陕西,2023,理科（不含艺理、体育）,158,154236
陕西,2023,理科（不含艺理、体育）,157,154242
陕西,2023,理科（不含艺理、体育）,156,154249
陕西,2023,理科（不含艺理、体育）,155,154258
陕西,2023,理科（不含艺理、体育）,154,154273
陕西,2023,理科（不含艺理、体育）,153,154282
陕西,2023,理科（不含艺理、体育）,152,154288
陕西,2023,理科（不含艺理、体育）,151,154295
陕西,2023,理科（不含艺理、体育）,150,154303
陕西,2023,理科（不含艺理、体育）,149,154313
陕西,2023,理科（不含艺理、体育）,148,154317
陕西,2023,理科（不含艺理、体育）,147,154322
陕西,2023,理科（不含艺理、体育）,146,154330
陕西,2023,理科（不含艺理、体育）,145,154338
陕西,2023,理科（不含艺理、体育）,144,154345
陕西,2023,理科（不含艺理、体育）,143,154348
陕西,2023,理科（不含艺理、体育）,142,154352
陕西,2023,理科（不含艺理、体育）,141,154355
陕西,2023,理科（不含艺理、体育）,140,154361
陕西,2023,理科（不含艺理、体育）,139,154363
陕西,2023,理科（不含艺理、体育）,138,154368
陕西,2023,理科（不含艺理、体育）,137,154371
陕西,2023,理科（不含艺理、体育）,136,154373
陕西,2023,理科（不含艺理、体育）,135,154376
陕西,2023,理科（不含艺理、体育）,134,154379
陕西,2023,理科（不含艺理、体育）,133,154381
陕西,2023,理科（不含艺理、体育）,132,154383
陕西,2023,理科（不含艺理、体育）,131,154385
陕西,2023,理科（不含艺理、体育）,130,154388
陕西,2023,理科（不含艺理、体育）,129,154390
陕西,2023,理科（不含艺理、体育）,128,154392
陕西,2023,理科（不含艺理、体育）,127,154395
陕西,2023,理科（不含艺理、体育）,126,154399
陕西,2023,理科（不含艺理、体育）,125,154404
陕西,2023,理科（不含艺理、体育）,124,154407
陕西,2023,理科（不含艺理、体育）,123,154413
陕西,2023,理科（不含艺理、体育）,122,154417
陕西,2023,理科（不含艺理、体育）,121,154418
陕西,2023,理科（不含艺理、体育）,120,154420
陕西,2023,理科（不含艺理、体育）,119,154426
陕西,2023,理科（不含艺理、体育）,118,154428
陕西,2023,理科（不含艺理、体育）,117,154432
陕西,2023,理科（不含艺理、体育）,116,154433
陕西,2023,理科（不含艺理、体育）,115,154435
陕西,2023,理科（不含艺理、体育）,114,154438
陕西,2023,理科（不含艺理、体育）,113,154439
陕西,2023,理科（不含艺理、体育）,112,154440
陕西,2023,理科（不含艺理、体育）,111,154444
陕西,2023,理科（不含艺理、体育）,110,154446
陕西,2023,理科（不含艺理、体育）,109,154449
陕西,2023,理科（不含艺理、体育）,108,154451
陕西,2023,理科（不含艺理、体育）,107,154452
陕西,2023,理科（不含艺理、体育）,106,154455
陕西,2023,理科（不含艺理、体育）,105,154457
陕西,2023,理科（不含艺理、体育）,104,154458
陕西,2023,理科（不含艺理、体育）,103,154459
陕西,2023,理科（不含艺理、体育）,102,154459
陕西,2023,理科（不含艺理、体育）,101,154459
陕西,2023,理科（不含艺理、体育）,100,154459
陕西,2023,理科（不含艺理、体育）,0,155790
陕西,2023,文科（不含艺文）,673,12
陕西,2023,文科（不含艺文）,672,12
陕西,2023,文科（不含艺文）,671,13
陕西,2023,文科（不含艺文）,670,13
陕西,2023,文科（不含艺文）,669,14
陕西,2023,文科（不含艺文）,668,15
陕西,2023,文科（不含艺文）,667,17
陕西,2023,文科（不含艺文）,666,19
陕西,2023,文科（不含艺文）,665,20
陕西,2023,文科（不含艺文）,664,25
陕西,2023,文科（不含艺文）,663,27
陕西,2023,文科（不含艺文）,662,32
陕西,2023,文科（不含艺文）,661,34
陕西,2023,文科（不含艺文）,660,38
陕西,2023,文科（不含艺文）,659,40
陕西,2023,文科（不含艺文）,658,46
陕西,2023,文科（不含艺文）,657,48
陕西,2023,文科（不含艺文）,656,53
陕西,2023,文科（不含艺文）,655,56
陕西,2023,文科（不含艺文）,654,58
陕西,2023,文科（不含艺文）,653,62
陕西,2023,文科（不含艺文）,652,65
陕西,2023,文科（不含艺文）,651,69
陕西,2023,文科（不含艺文）,650,77
陕西,2023,文科（不含艺文）,649,81
陕西,2023,文科（不含艺文）,648,84
陕西,2023,文科（不含艺文）,647,98
陕西,2023,文科（不含艺文）,646,105
陕西,2023,文科（不含艺文）,645,115
陕西,2023,文科（不含艺文）,644,120
陕西,2023,文科（不含艺文）,643,128
陕西,2023,文科（不含艺文）,642,132
陕西,2023,文科（不含艺文）,641,140
陕西,2023,文科（不含艺文）,640,153
陕西,2023,文科（不含艺文）,639,163
陕西,2023,文科（不含艺文）,638,170
陕西,2023,文科（不含艺文）,637,179
陕西,2023,文科（不含艺文）,636,188
陕西,2023,文科（不含艺文）,635,201
陕西,2023,文科（不含艺文）,634,214
陕西,2023,文科（不含艺文）,633,223
陕西,2023,文科（不含艺文）,632,232
陕西,2023,文科（不含艺文）,631,236
陕西,2023,文科（不含艺文）,630,241
陕西,2023,文科（不含艺文）,629,252
陕西,2023,文科（不含艺文）,628,264
陕西,2023,文科（不含艺文）,627,277
陕西,2023,文科（不含艺文）,626,283
陕西,2023,文科（不含艺文）,625,303
陕西,2023,文科（不含艺文）,624,316
陕西,2023,文科（不含艺文）,623,334
陕西,2023,文科（不含艺文）,622,346
陕西,2023,文科（不含艺文）,621,365
陕西,2023,文科（不含艺文）,620,383
陕西,2023,文科（不含艺文）,619,402
陕西,2023,文科（不含艺文）,618,421
陕西,2023,文科（不含艺文）,617,433
陕西,2023,文科（不含艺文）,616,454
陕西,2023,文科（不含艺文）,615,479
陕西,2023,文科（不含艺文）,614,497
陕西,2023,文科（不含艺文）,613,514
陕西,2023,文科（不含艺文）,612,537
陕西,2023,文科（不含艺文）,611,554
陕西,2023,文科（不含艺文）,610,573
陕西,2023,文科（不含艺文）,609,598
陕西,2023,文科（不含艺文）,608,615
陕西,2023,文科（不含艺文）,607,633
陕西,2023,文科（不含艺文）,606,661
陕西,2023,文科（不含艺文）,605,689
陕西,2023,文科（不含艺文）,604,712
陕西,2023,文科（不含艺文）,603,736
陕西,2023,文科（不含艺文）,602,765
陕西,2023,文科（不含艺文）,601,794
陕西,2023,文科（不含艺文）,600,818
陕西,2023,文科（不含艺文）,599,840
陕西,2023,文科（不含艺文）,598,870
陕西,2023,文科（不含艺文）,597,904
陕西,2023,文科（不含艺文）,596,934
陕西,2023,文科（不含艺文）,595,953
陕西,2023,文科（不含艺文）,594,976
陕西,2023,文科（不含艺文）,593,1011
陕西,2023,文科（不含艺文）,592,1036
陕西,2023,文科（不含艺文）,591,1069
陕西,2023,文科（不含艺文）,590,1107
陕西,2023,文科（不含艺文）,589,1138
陕西,2023,文科（不含艺文）,588,1175
陕西,2023,文科（不含艺文）,587,1203
陕西,2023,文科（不含艺文）,586,1248
陕西,2023,文科（不含艺文）,585,1285
陕西,2023,文科（不含艺文）,584,1314
陕西,2023,文科（不含艺文）,583,1356
陕西,2023,文科（不含艺文）,582,1393
陕西,2023,文科（不含艺文）,581,1427
陕西,2023,文科（不含艺文）,580,1473
陕西,2023,文科（不含艺文）,579,1517
陕西,2023,文科（不含艺文）,578,1571
陕西,2023,文科（不含艺文）,577,1622
陕西,2023,文科（不含艺文）,576,1671
陕西,2023,文科（不含艺文）,575,1710
陕西,2023,文科（不含艺文）,574,1756
陕西,2023,文科（不含艺文）,573,1821
陕西,2023,文科（不含艺文）,572,1881
陕西,2023,文科（不含艺文）,571,1926
陕西,2023,文科（不含艺文）,570,1979
陕西,2023,文科（不含艺文）,569,2025
陕西,2023,文科（不含艺文）,568,2088
陕西,2023,文科（不含艺文）,567,2140
陕西,2023,文科（不含艺文）,566,2203
陕西,2023,文科（不含艺文）,565,2271
陕西,2023,文科（不含艺文）,564,2333
陕西,2023,文科（不含艺文）,563,2391
陕西,2023,文科（不含艺文）,562,2468
陕西,2023,文科（不含艺文）,561,2529
陕西,2023,文科（不含艺文）,560,2601
陕西,2023,文科（不含艺文）,559,2682
陕西,2023,文科（不含艺文）,558,2758
陕西,2023,文科（不含艺文）,557,2837
陕西,2023,文科（不含艺文）,556,2920
陕西,2023,文科（不含艺文）,555,2998
陕西,2023,文科（不含艺文）,554,3070
陕西,2023,文科（不含艺文）,553,3149
陕西,2023,文科（不含艺文）,552,3223
陕西,2023,文科（不含艺文）,551,3309
陕西,2023,文科（不含艺文）,550,3385
陕西,2023,文科（不含艺文）,549,3474
陕西,2023,文科（不含艺文）,548,3557
陕西,2023,文科（不含艺文）,547,3652
陕西,2023,文科（不含艺文）,546,3754
陕西,2023,文科（不含艺文）,545,3867
陕西,2023,文科（不含艺文）,544,3958
陕西,2023,文科（不含艺文）,543,4056
陕西,2023,文科（不含艺文）,542,4174
陕西,2023,文科（不含艺文）,541,4289
陕西,2023,文科（不含艺文）,540,4395
陕西,2023,文科（不含艺文）,539,4511
陕西,2023,文科（不含艺文）,538,4663
陕西,2023,文科（不含艺文）,537,4777
陕西,2023,文科（不含艺文）,536,4906
陕西,2023,文科（不含艺文）,535,5005
陕西,2023,文科（不含艺文）,534,5120
陕西,2023,文科（不含艺文）,533,5235
陕西,2023,文科（不含艺文）,532,5356
陕西,2023,文科（不含艺文）,531,5489
陕西,2023,文科（不含艺文）,530,5650
陕西,2023,文科（不含艺文）,529,5774
陕西,2023,文科（不含艺文）,528,5905
陕西,2023,文科（不含艺文）,527,6034
陕西,2023,文科（不含艺文）,526,6203
陕西,2023,文科（不含艺文）,525,6358
陕西,2023,文科（不含艺文）,524,6512
陕西,2023,文科（不含艺文）,523,6687
陕西,2023,文科（不含艺文）,522,6837
陕西,2023,文科（不含艺文）,521,7018
陕西,2023,文科（不含艺文）,520,7186
陕西,2023,文科（不含艺文）,519,7374
陕西,2023,文科（不含艺文）,518,7525
陕西,2023,文科（不含艺文）,517,7679
陕西,2023,文科（不含艺文）,516,7870
陕西,2023,文科（不含艺文）,515,8067
陕西,2023,文科（不含艺文）,514,8258
陕西,2023,文科（不含艺文）,513,8439
陕西,2023,文科（不含艺文）,512,8634
陕西,2023,文科（不含艺文）,511,8813
陕西,2023,文科（不含艺文）,510,8991
陕西,2023,文科（不含艺文）,509,9210
陕西,2023,文科（不含艺文）,508,9414
陕西,2023,文科（不含艺文）,507,9625
陕西,2023,文科（不含艺文）,506,9851
陕西,2023,文科（不含艺文）,505,10068
陕西,2023,文科（不含艺文）,504,10289
陕西,2023,文科（不含艺文）,503,10531
陕西,2023,文科（不含艺文）,502,10764
陕西,2023,文科（不含艺文）,501,10994
陕西,2023,文科（不含艺文）,500,11208
陕西,2023,文科（不含艺文）,499,11472
陕西,2023,文科（不含艺文）,498,11697
陕西,2023,文科（不含艺文）,497,11955
陕西,2023,文科（不含艺文）,496,12179
陕西,2023,文科（不含艺文）,495,12455
陕西,2023,文科（不含艺文）,494,12711
陕西,2023,文科（不含艺文）,493,12948
陕西,2023,文科（不含艺文）,492,13238
陕西,2023,文科（不含艺文）,491,13500
陕西,2023,文科（不含艺文）,490,13761
陕西,2023,文科（不含艺文）,489,14042
陕西,2023,文科（不含艺文）,488,14316
陕西,2023,文科（不含艺文）,487,14607
陕西,2023,文科（不含艺文）,486,14906
陕西,2023,文科（不含艺文）,485,15188
陕西,2023,文科（不含艺文）,484,15474
陕西,2023,文科（不含艺文）,483,15773
陕西,2023,文科（不含艺文）,482,16047
陕西,2023,文科（不含艺文）,481,16361
陕西,2023,文科（不含艺文）,480,16621
陕西,2023,文科（不含艺文）,479,16929
陕西,2023,文科（不含艺文）,478,17258
陕西,2023,文科（不含艺文）,477,17572
陕西,2023,文科（不含艺文）,476,17897
陕西,2023,文科（不含艺文）,475,18219
陕西,2023,文科（不含艺文）,474,18516
陕西,2023,文科（不含艺文）,473,18855
陕西,2023,文科（不含艺文）,472,19215
陕西,2023,文科（不含艺文）,471,19529
陕西,2023,文科（不含艺文）,470,19858
陕西,2023,文科（不含艺文）,469,20159
陕西,2023,文科（不含艺文）,468,20472
陕西,2023,文科（不含艺文）,467,20827
陕西,2023,文科（不含艺文）,466,21135
陕西,2023,文科（不含艺文）,465,21468
陕西,2023,文科（不含艺文）,464,21806
陕西,2023,文科（不含艺文）,463,22184
陕西,2023,文科（不含艺文）,462,22539
陕西,2023,文科（不含艺文）,461,22913
陕西,2023,文科（不含艺文）,460,23282
陕西,2023,文科（不含艺文）,459,23664
陕西,2023,文科（不含艺文）,458,24016
陕西,2023,文科（不含艺文）,457,24329
陕西,2023,文科（不含艺文）,456,24721
陕西,2023,文科（不含艺文）,455,25091
陕西,2023,文科（不含艺文）,454,25453
陕西,2023,文科（不含艺文）,453,25823
陕西,2023,文科（不含艺文）,452,26195
陕西,2023,文科（不含艺文）,451,26561
陕西,2023,文科（不含艺文）,450,26940
陕西,2023,文科（不含艺文）,449,27333
陕西,2023,文科（不含艺文）,448,27745
陕西,2023,文科（不含艺文）,447,28105
陕西,2023,文科（不含艺文）,446,28455
陕西,2023,文科（不含艺文）,445,28833
陕西,2023,文科（不含艺文）,444,29213
陕西,2023,文科（不含艺文）,443,29606
陕西,2023,文科（不含艺文）,442,29955
陕西,2023,文科（不含艺文）,441,30330
陕西,2023,文科（不含艺文）,440,30723
陕西,2023,文科（不含艺文）,439,31100
陕西,2023,文科（不含艺文）,438,31492
陕西,2023,文科（不含艺文）,437,31867
陕西,2023,文科（不含艺文）,436,32227
陕西,2023,文科（不含艺文）,435,32628
陕西,2023,文科（不含艺文）,434,32995
陕西,2023,文科（不含艺文）,433,33399
陕西,2023,文科（不含艺文）,432,33801
陕西,2023,文科（不含艺文）,431,34187
陕西,2023,文科（不含艺文）,430,34581
陕西,2023,文科（不含艺文）,429,34938
陕西,2023,文科（不含艺文）,428,35296
陕西,2023,文科（不含艺文）,427,35682
陕西,2023,文科（不含艺文）,426,36047
陕西,2023,文科（不含艺文）,425,36428
陕西,2023,文科（不含艺文）,424,36796
陕西,2023,文科（不含艺文）,423,37217
陕西,2023,文科（不含艺文）,422,37576
陕西,2023,文科（不含艺文）,421,37938
陕西,2023,文科（不含艺文）,420,38293
陕西,2023,文科（不含艺文）,419,38666
陕西,2023,文科（不含艺文）,418,39012
陕西,2023,文科（不含艺文）,417,39376
陕西,2023,文科（不含艺文）,416,39748
陕西,2023,文科（不含艺文）,415,40135
陕西,2023,文科（不含艺文）,414,40495
陕西,2023,文科（不含艺文）,413,40857
陕西,2023,文科（不含艺文）,412,41230
陕西,2023,文科（不含艺文）,411,41566
陕西,2023,文科（不含艺文）,410,41914
陕西,2023,文科（不含艺文）,409,42241
陕西,2023,文科（不含艺文）,408,42584
陕西,2023,文科（不含艺文）,407,42900
陕西,2023,文科（不含艺文）,406,43260
陕西,2023,文科（不含艺文）,405,43618
陕西,2023,文科（不含艺文）,404,43919
陕西,2023,文科（不含艺文）,403,44234
陕西,2023,文科（不含艺文）,402,44562
陕西,2023,文科（不含艺文）,401,44880
陕西,2023,文科（不含艺文）,400,45210
陕西,2023,文科（不含艺文）,399,45556
陕西,2023,文科（不含艺文）,398,45862
陕西,2023,文科（不含艺文）,397,46190
陕西,2023,文科（不含艺文）,396,46529
陕西,2023,文科（不含艺文）,395,46836
陕西,2023,文科（不含艺文）,394,47109
陕西,2023,文科（不含艺文）,393,47425
陕西,2023,文科（不含艺文）,392,47713
陕西,2023,文科（不含艺文）,391,48003
陕西,2023,文科（不含艺文）,390,48321
陕西,2023,文科（不含艺文）,389,48595
陕西,2023,文科（不含艺文）,388,48868
陕西,2023,文科（不含艺文）,387,49133
陕西,2023,文科（不含艺文）,386,49410
陕西,2023,文科（不含艺文）,385,49669
陕西,2023,文科（不含艺文）,384,49930
陕西,2023,文科（不含艺文）,383,50191
陕西,2023,文科（不含艺文）,382,50470
陕西,2023,文科（不含艺文）,381,50736
陕西,2023,文科（不含艺文）,380,50991
陕西,2023,文科（不含艺文）,379,51233
陕西,2023,文科（不含艺文）,378,51487
陕西,2023,文科（不含艺文）,377,51754
陕西,2023,文科（不含艺文）,376,51988
陕西,2023,文科（不含艺文）,375,52191
陕西,2023,文科（不含艺文）,374,52417
陕西,2023,文科（不含艺文）,373,52653
陕西,2023,文科（不含艺文）,372,52861
陕西,2023,文科（不含艺文）,371,53072
陕西,2023,文科（不含艺文）,370,53290
陕西,2023,文科（不含艺文）,369,53480
陕西,2023,文科（不含艺文）,368,53689
陕西,2023,文科（不含艺文）,367,53907
陕西,2023,文科（不含艺文）,366,54103
陕西,2023,文科（不含艺文）,365,54305
陕西,2023,文科（不含艺文）,364,54496
陕西,2023,文科（不含艺文）,363,54694
陕西,2023,文科（不含艺文）,362,54878
陕西,2023,文科（不含艺文）,361,55057
陕西,2023,文科（不含艺文）,360,55230
陕西,2023,文科（不含艺文）,359,55428
陕西,2023,文科（不含艺文）,358,55590
陕西,2023,文科（不含艺文）,357,55748
陕西,2023,文科（不含艺文）,356,55932
陕西,2023,文科（不含艺文）,355,56079
陕西,2023,文科（不含艺文）,354,56260
陕西,2023,文科（不含艺文）,353,56435
陕西,2023,文科（不含艺文）,352,56567
陕西,2023,文科（不含艺文）,351,56717
陕西,2023,文科（不含艺文）,350,56855
陕西,2023,文科（不含艺文）,349,56996
陕西,2023,文科（不含艺文）,348,57133
陕西,2023,文科（不含艺文）,347,57271
陕西,2023,文科（不含艺文）,346,57402
陕西,2023,文科（不含艺文）,345,57524
陕西,2023,文科（不含艺文）,344,57649
陕西,2023,文科（不含艺文）,343,57779
陕西,2023,文科（不含艺文）,342,57906
陕西,2023,文科（不含艺文）,341,58029
陕西,2023,文科（不含艺文）,340,58131
陕西,2023,文科（不含艺文）,339,58253
陕西,2023,文科（不含艺文）,338,58342
陕西,2023,文科（不含艺文）,337,58440
陕西,2023,文科（不含艺文）,336,58567
陕西,2023,文科（不含艺文）,335,58669
陕西,2023,文科（不含艺文）,334,58762
陕西,2023,文科（不含艺文）,333,58849
陕西,2023,文科（不含艺文）,332,58941
陕西,2023,文科（不含艺文）,331,59034
陕西,2023,文科（不含艺文）,330,59134
陕西,2023,文科（不含艺文）,329,59226
陕西,2023,文科（不含艺文）,328,59323
陕西,2023,文科（不含艺文）,327,59424
陕西,2023,文科（不含艺文）,326,59507
陕西,2023,文科（不含艺文）,325,59591
陕西,2023,文科（不含艺文）,324,59660
陕西,2023,文科（不含艺文）,323,59747
陕西,2023,文科（不含艺文）,322,59805
陕西,2023,文科（不含艺文）,321,59877
陕西,2023,文科（不含艺文）,320,59946
陕西,2023,文科（不含艺文）,319,60006
陕西,2023,文科（不含艺文）,318,60068
陕西,2023,文科（不含艺文）,317,60135
陕西,2023,文科（不含艺文）,316,60196
陕西,2023,文科（不含艺文）,315,60259
陕西,2023,文科（不含艺文）,314,60316
陕西,2023,文科（不含艺文）,313,60363
陕西,2023,文科（不含艺文）,312,60428
陕西,2023,文科（不含艺文）,311,60474
陕西,2023,文科（不含艺文）,310,60532
陕西,2023,文科（不含艺文）,309,60582
陕西,2023,文科（不含艺文）,308,60624
陕西,2023,文科（不含艺文）,307,60679
陕西,2023,文科（不含艺文）,306,60724
陕西,2023,文科（不含艺文）,305,60787
陕西,2023,文科（不含艺文）,304,60829
陕西,2023,文科（不含艺文）,303,60872
陕西,2023,文科（不含艺文）,302,60908
陕西,2023,文科（不含艺文）,301,60954
陕西,2023,文科（不含艺文）,300,60995
陕西,2023,文科（不含艺文）,299,61033
陕西,2023,文科（不含艺文）,298,61062
陕西,2023,文科（不含艺文）,297,61100
陕西,2023,文科（不含艺文）,296,61145
陕西,2023,文科（不含艺文）,295,61185
陕西,2023,文科（不含艺文）,294,61212
陕西,2023,文科（不含艺文）,293,61240
陕西,2023,文科（不含艺文）,292,61265
陕西,2023,文科（不含艺文）,291,61291
陕西,2023,文科（不含艺文）,290,61315
陕西,2023,文科（不含艺文）,289,61347
陕西,2023,文科（不含艺文）,288,61376
陕西,2023,文科（不含艺文）,287,61402
陕西,2023,文科（不含艺文）,286,61433
陕西,2023,文科（不含艺文）,285,61470
陕西,2023,文科（不含艺文）,284,61501
陕西,2023,文科（不含艺文）,283,61524
陕西,2023,文科（不含艺文）,282,61548
陕西,2023,文科（不含艺文）,281,61575
陕西,2023,文科（不含艺文）,280,61594
陕西,2023,文科（不含艺文）,279,61617
陕西,2023,文科（不含艺文）,278,61639
陕西,2023,文科（不含艺文）,277,61665
陕西,2023,文科（不含艺文）,276,61685
陕西,2023,文科（不含艺文）,275,61705
陕西,2023,文科（不含艺文）,274,61724
陕西,2023,文科（不含艺文）,273,61739
陕西,2023,文科（不含艺文）,272,61759
陕西,2023,文科（不含艺文）,271,61771
陕西,2023,文科（不含艺文）,270,61795
陕西,2023,文科（不含艺文）,269,61818
陕西,2023,文科（不含艺文）,268,61834
陕西,2023,文科（不含艺文）,267,61858
陕西,2023,文科（不含艺文）,266,61880
陕西,2023,文科（不含艺文）,265,61898
陕西,2023,文科（不含艺文）,264,61913
陕西,2023,文科（不含艺文）,263,61934
陕西,2023,文科（不含艺文）,262,61950
陕西,2023,文科（不含艺文）,261,61974
陕西,2023,文科（不含艺文）,260,61989
陕西,2023,文科（不含艺文）,259,61995
陕西,2023,文科（不含艺文）,258,62007
陕西,2023,文科（不含艺文）,257,62012
陕西,2023,文科（不含艺文）,256,62022
陕西,2023,文科（不含艺文）,255,62037
陕西,2023,文科（不含艺文）,254,62049
陕西,2023,文科（不含艺文）,253,62072
陕西,2023,文科（不含艺文）,252,62081
陕西,2023,文科（不含艺文）,251,62097
陕西,2023,文科（不含艺文）,250,62115
陕西,2023,文科（不含艺文）,249,62121
陕西,2023,文科（不含艺文）,248,62132
陕西,2023,文科（不含艺文）,247,62149
陕西,2023,文科（不含艺文）,246,62159
陕西,2023,文科（不含艺文）,245,62173
陕西,2023,文科（不含艺文）,244,62183
陕西,2023,文科（不含艺文）,243,62187
陕西,2023,文科（不含艺文）,242,62203
陕西,2023,文科（不含艺文）,241,62213
陕西,2023,文科（不含艺文）,240,62228
陕西,2023,文科（不含艺文）,239,62234
陕西,2023,文科（不含艺文）,238,62243
陕西,2023,文科（不含艺文）,237,62252
陕西,2023,文科（不含艺文）,236,62263
陕西,2023,文科（不含艺文）,235,62270
陕西,2023,文科（不含艺文）,234,62278
陕西,2023,文科（不含艺文）,233,62287
陕西,2023,文科（不含艺文）,232,62291
陕西,2023,文科（不含艺文）,231,62297
陕西,2023,文科（不含艺文）,230,62310
陕西,2023,文科（不含艺文）,229,62319
陕西,2023,文科（不含艺文）,228,62325
陕西,2023,文科（不含艺文）,227,62337
陕西,2023,文科（不含艺文）,226,62341
陕西,2023,文科（不含艺文）,225,62345
陕西,2023,文科（不含艺文）,224,62351
陕西,2023,文科（不含艺文）,223,62359
陕西,2023,文科（不含艺文）,222,62365
陕西,2023,文科（不含艺文）,221,62370
陕西,2023,文科（不含艺文）,220,62374
陕西,2023,文科（不含艺文）,219,62381
陕西,2023,文科（不含艺文）,218,62389
陕西,2023,文科（不含艺文）,217,62396
陕西,2023,文科（不含艺文）,216,62403
陕西,2023,文科（不含艺文）,215,62406
陕西,2023,文科（不含艺文）,214,62414
陕西,2023,文科（不含艺文）,213,62419
陕西,2023,文科（不含艺文）,212,62426
陕西,2023,文科（不含艺文）,211,62430
陕西,2023,文科（不含艺文）,210,62436
陕西,2023,文科（不含艺文）,209,62439
陕西,2023,文科（不含艺文）,208,62444
陕西,2023,文科（不含艺文）,207,62447
陕西,2023,文科（不含艺文）,206,62452
陕西,2023,文科（不含艺文）,205,62455
陕西,2023,文科（不含艺文）,204,62456
陕西,2023,文科（不含艺文）,203,62465
陕西,2023,文科（不含艺文）,202,62469
陕西,2023,文科（不含艺文）,201,62473
陕西,2023,文科（不含艺文）,200,62477
陕西,2023,文科（不含艺文）,199,62482
陕西,2023,文科（不含艺文）,198,62486
陕西,2023,文科（不含艺文）,197,62490
陕西,2023,文科（不含艺文）,196,62492
陕西,2023,文科（不含艺文）,195,62496
陕西,2023,文科（不含艺文）,194,62498
陕西,2023,文科（不含艺文）,193,62498
陕西,2023,文科（不含艺文）,192,62501
陕西,2023,文科（不含艺文）,191,62505
陕西,2023,文科（不含艺文）,190,62512
陕西,2023,文科（不含艺文）,189,62515
陕西,2023,文科（不含艺文）,188,62517
陕西,2023,文科（不含艺文）,187,62519
陕西,2023,文科（不含艺文）,186,62520
陕西,2023,文科（不含艺文）,185,62522
陕西,2023,文科（不含艺文）,184,62522
陕西,2023,文科（不含艺文）,183,62523
陕西,2023,文科（不含艺文）,182,62524
陕西,2023,文科（不含艺文）,181,62525
陕西,2023,文科（不含艺文）,180,62526
陕西,2023,文科（不含艺文）,179,62530
陕西,2023,文科（不含艺文）,178,62531
陕西,2023,文科（不含艺文）,177,62532
陕西,2023,文科（不含艺文）,176,62534
陕西,2023,文科（不含艺文）,175,62536
陕西,2023,文科（不含艺文）,174,62537
陕西,2023,文科（不含艺文）,173,62538
陕西,2023,文科（不含艺文）,172,62541
陕西,2023,文科（不含艺文）,171,62543
陕西,2023,文科（不含艺文）,170,62545
陕西,2023,文科（不含艺文）,169,62546
陕西,2023,文科（不含艺文）,168,62547
陕西,2023,文科（不含艺文）,167,62548
陕西,2023,文科（不含艺文）,166,62548
陕西,2023,文科（不含艺文）,165,62549
陕西,2023,文科（不含艺文）,164,62551
陕西,2023,文科（不含艺文）,163,62553
陕西,2023,文科（不含艺文）,162,62554
陕西,2023,文科（不含艺文）,161,62555
陕西,2023,文科（不含艺文）,160,62561
陕西,2023,文科（不含艺文）,159,62562
陕西,2023,文科（不含艺文）,158,62562
陕西,2023,文科（不含艺文）,157,62564
陕西,2023,文科（不含艺文）,156,62566
陕西,2023,文科（不含艺文）,155,62567
陕西,2023,文科（不含艺文）,154,62569
陕西,2023,文科（不含艺文）,153,62569
陕西,2023,文科（不含艺文）,152,62570
陕西,2023,文科（不含艺文）,151,62571
陕西,2023,文科（不含艺文）,150,62572
陕西,2023,文科（不含艺文）,149,62572
陕西,2023,文科（不含艺文）,148,62572
陕西,2023,文科（不含艺文）,147,62575
陕西,2023,文科（不含艺文）,146,62575
陕西,2023,文科（不含艺文）,145,62576
陕西,2023,文科（不含艺文）,144,62577
陕西,2023,文科（不含艺文）,143,62577
陕西,2023,文科（不含艺文）,142,62578
陕西,2023,文科（不含艺文）,141,62578
陕西,2023,文科（不含艺文）,140,62579
陕西,2023,文科（不含艺文）,139,62582
陕西,2023,文科（不含艺文）,138,62586
陕西,2023,文科（不含艺文）,137,62587
陕西,2023,文科（不含艺文）,136,62587
陕西,2023,文科（不含艺文）,135,62588
陕西,2023,文科（不含艺文）,134,62588
陕西,2023,文科（不含艺文）,133,62590
陕西,2023,文科（不含艺文）,132,62592
陕西,2023,文科（不含艺文）,131,62594
陕西,2023,文科（不含艺文）,130,62595
陕西,2023,文科（不含艺文）,129,62597
陕西,2023,文科（不含艺文）,128,62598
陕西,2023,文科（不含艺文）,127,62598
陕西,2023,文科（不含艺文）,126,62599
陕西,2023,文科（不含艺文）,125,62600
陕西,2023,文科（不含艺文）,124,62600
陕西,2023,文科（不含艺文）,123,62600
陕西,2023,文科（不含艺文）,122,62600
陕西,2023,文科（不含艺文）,121,62601
陕西,2023,文科（不含艺文）,120,62602
陕西,2023,文科（不含艺文）,119,62603
陕西,2023,文科（不含艺文）,118,62603
陕西,2023,文科（不含艺文）,117,62603
陕西,2023,文科（不含艺文）,116,62603
陕西,2023,文科（不含艺文）,115,62603
陕西,2023,文科（不含艺文）,114,62605
陕西,2023,文科（不含艺文）,113,62606
陕西,2023,文科（不含艺文）,112,62606
陕西,2023,文科（不含艺文）,111,62606
陕西,2023,文科（不含艺文）,110,62606
陕西,2023,文科（不含艺文）,109,62607
陕西,2023,文科（不含艺文）,108,62608
陕西,2023,文科（不含艺文）,107,62609
陕西,2023,文科（不含艺文）,106,62611
陕西,2023,文科（不含艺文）,105,62611
陕西,2023,文科（不含艺文）,104,62611
陕西,2023,文科（不含艺文）,103,62611
陕西,2023,文科（不含艺文）,102,62611
陕西,2023,文科（不含艺文）,0,63656
